object_id,mean_sex_ratio,timeperiod
09-173-00884,0.9833557360731384,2017
09-201-01009,0.8600611129301571,2017
09-133-00711,0.877271380547864,2017
09-194-00984,1.0117303352375078,2017
09-141-00744,0.8372800664112023,2017
09-166-00860,0.8760381444207428,2017
09-179-00918,0.969828334486556,2017
09-180-00922,0.8748092512263012,2017
09-165-00853,0.8521559984336861,2017
09-199-01001,0.8877071084710765,2017
09-199-01001,0.8877071084710765,2017
09-199-01001,0.8877071084710765,2017
09-199-01001,0.8877071084710765,2017
09-199-01001,0.8877071084710765,2017
09-199-01001,0.8877071084710765,2017
09-199-01001,0.8877071084710765,2017
09-199-01001,0.8877071084710765,2017
09-199-01001,0.8877071084710765,2017
09-199-01001,0.8877071084710765,2017
09-199-01001,0.8877071084710765,2017
09-199-01001,0.8877071084710765,2017
09-199-01001,0.8877071084710765,2017
09-199-01001,0.8877071084710765,2017
09-199-01001,0.8877071084710765,2017
09-165-00852,0.8522635710055172,2017
09-199-01001,0.8877071084710765,2017
09-178-00909,0.9626309253523688,2017
09-179-00916,0.9667214806658178,2017
09-176-00896,0.8924322230842516,2017
09-176-00896,0.8924322230842516,2017
09-172-00878,0.8867781470196274,2017
09-172-00878,0.8867781470196274,2017
09-172-00878,0.8867781470196274,2017
09-172-00878,0.8867781470196274,2017
09-166-00857,0.8749691466180325,2017
09-706-00913,0.9597746732807702,2017
09-141-00743,0.8384944689602383,2017
09-195-00989,0.9382376272537764,2017
09-186-00943,0.9532868285422964,2017
09-200-01004,0.8976328729210412,2017
09-164-00850,0.8486287190662423,2017
09-198-00998,0.9391655642987792,2017
09-175-00893,0.8875577781238424,2017
09-176-00901,0.894159355241217,2017
09-168-00864,0.8478157524782185,2017
09-155-00811,0.852215259075544,2017
09-185-00938,0.9454166925986864,2017
09-156-00815,0.892925783246733,2017
09-137-00731,0.8913536507495803,2017
09-189-00956,0.944981967574577,2017
09-184-00935,0.956511678714198,2017
09-195-00987,0.9385222403437268,2017
09-176-00896,0.8924322230842516,2017
09-173-00880,0.9848546436131448,2017
09-173-00880,0.9848546436131448,2017
09-158-00826,0.9205647321024276,2017
09-158-00826,0.9205647321024276,2017
09-167-00862,0.8874765572646997,2017
09-179-00917,0.9670217856171166,2017
09-157-00821,0.9006705531028514,2017
09-157-00821,0.9006705531028514,2017
09-157-00821,0.9006705531028514,2017
09-157-00821,0.9006705531028514,2017
09-194-00983,1.0102042518376475,2017
09-165-00851,0.8520682006095205,2017
09-192-00972,0.9628546279488552,2017
09-145-00763,0.8492897472305607,2017
09-158-00823,0.9220390187795364,2017
09-158-00823,0.9220390187795364,2017
09-158-00823,0.9220390187795364,2017
09-158-00823,0.9220390187795364,2017
09-187-00947,0.9258078891698488,2017
09-187-00947,0.9258078891698488,2017
09-187-00947,0.9258078891698488,2017
09-187-00947,0.9258078891698488,2017
09-180-00920,0.8733531324245027,2017
09-169-00870,0.8619669385344311,2017
09-148-00775,0.867960215593943,2017
09-158-00826,0.9205647321024276,2017
09-173-00880,0.9848546436131448,2017
09-158-00826,0.9205647321024276,2017
09-158-00826,0.9205647321024276,2017
09-173-00880,0.9848546436131448,2017
09-173-00880,0.9848546436131448,2017
09-173-00880,0.9848546436131448,2017
09-173-00880,0.9848546436131448,2017
09-173-00880,0.9848546436131448,2017
09-173-00880,0.9848546436131448,2017
09-173-00880,0.9848546436131448,2017
09-173-00880,0.9848546436131448,2017
09-173-00880,0.9848546436131448,2017
09-173-00880,0.9848546436131448,2017
09-173-00880,0.9848546436131448,2017
09-173-00880,0.9848546436131448,2017
09-173-00880,0.9848546436131448,2017
09-158-00826,0.9205647321024276,2017
09-158-00826,0.9205647321024276,2017
09-158-00826,0.9205647321024276,2017
09-158-00826,0.9205647321024276,2017
09-158-00826,0.9205647321024276,2017
09-158-00826,0.9205647321024276,2017
09-158-00826,0.9205647321024276,2017
09-158-00826,0.9205647321024276,2017
09-158-00826,0.9205647321024276,2017
09-158-00826,0.9205647321024276,2017
09-158-00826,0.9205647321024276,2017
09-157-00819,0.9006560175219422,2017
09-176-00896,0.8924322230842516,2017
09-177-00905,0.9452527544466826,2017
09-135-00720,0.8918764337637509,2017
09-136-00725,0.8910124095709484,2017
09-161-00840,0.8542532087488256,2017
09-132-00704,0.8743148494358366,2017
09-161-00838,0.8561791100426512,2017
09-159-00832,0.8577159076799769,2017
09-146-00769,0.8532590403399561,2017
09-147-00772,0.8607493101573878,2017
09-705-00741,0.8720743567545775,2017
09-140-00739,0.8549478562324659,2017
09-705-00740,0.8699723536137378,2017
09-144-00759,0.8579023255805478,2017
09-181-00924,0.8651707498971755,2017
09-152-00796,0.8536713677465522,2017
09-147-00773,0.8608765729695946,2017
09-161-00836,0.856349817751652,2017
09-704-00706,0.8620426809258097,2017
09-146-00763,0.8477481068154642,2017
09-136-00728,0.8899832085611067,2017
09-140-00738,0.8634075902528924,2017
09-135-00719,,2017
09-132-00703,0.874541258560763,2017
09-152-00793,0.8544030935439978,2017
09-187-00945,0.9258405716771688,2017
09-136-00726,0.8902671235023865,2017
09-195-00991,0.9374152742018236,2017
09-197-00996,0.8977952466329856,2017
09-200-01005,0.8975370765544374,2017
09-177-00902,0.8949912230585847,2017
09-185-00940,0.952252012319606,2017
09-190-00960,1.0024743005277228,2017
09-156-00814,0.8918268054708983,2017
09-191-00965,1.0037583101766054,2017
09-149-00781,0.8556270516148402,2017
09-188-00949,0.934152533154924,2017
09-195-00988,0.9378704995722428,2017
09-190-00962,1.0025910417096484,2017
09-158-00829,0.9607261721266392,2017
09-754-00721,0.8744310961928234,2017
09-155-00813,0.853912692959204,2017
09-138-00732,0.8712343545064265,2017
09-168-00866,0.847829280103453,2017
09-155-00809,0.8523883356153082,2017
09-155-00809,0.8523883356153082,2017
09-155-00809,0.8523883356153082,2017
09-155-00809,0.8523883356153082,2017
09-142-00750,0.8829669631519544,2017
09-184-00932,0.9567646815803617,2017
09-197-00996,0.8977952466329856,2017
09-197-00996,0.8977952466329856,2017
09-197-00996,0.8977952466329856,2017
09-150-00789,0.8677003664501213,2017
09-132-00705,0.8745390134843056,2017
09-132-00702,0.8745578335907912,2017
09-196-00994,0.9030649467164696,2017
09-196-00993,0.9033034558171446,2017
09-754-00722,0.8746713527679923,2017
09-134-00716,0.8993099693915493,2017
09-169-00869,0.86227948825264,2017
09-188-00951,0.936853300176837,2017
09-145-00761,0.8486437243943243,2017
09-160-00833,0.862980033321321,2017
09-199-01003,0.8879033266649822,2017
09-183-00929,0.9041708559279354,2017
09-141-00742,0.835558322168248,2017
09-158-00827,0.9213482824334468,2017
09-149-00783,0.8554681941512234,2017
09-190-00959,1.0025219610682374,2017
09-163-00844,0.8505320252734442,2017
09-134-00715,0.8998961443614575,2017
09-134-00715,0.8998961443614575,2017
09-137-00729,0.8925393506882073,2017
09-153-00802,0.8769211423886488,2017
09-142-00749,0.88277227450449,2017
09-184-00936,0.9561554163388284,2017
09-200-01006,0.8981245217251446,2017
09-201-01008,0.8601755559651599,2017
09-174-00887,0.891816845756874,2017
09-144-00760,0.857604087760758,2017
09-188-00948,0.927775942263378,2017
09-142-00746,0.8836056689651035,2017
09-136-00724,0.8903037518047204,2017
09-136-00724,0.8903037518047204,2017
09-136-00724,0.8903037518047204,2017
09-136-00724,0.8903037518047204,2017
09-135-00717,0.8920565893252814,2017
09-152-00794,0.8546177828256208,2017
09-147-00771,0.8606730838372147,2017
09-185-00939,0.9458791080775384,2017
09-198-00997,0.9422399578777158,2017
09-185-00937,0.9508961529855036,2017
09-190-00963,1.001605680576464,2017
09-163-00846,0.8504691809853387,2017
09-148-00777,0.8677110108300932,2017
09-162-00841,0.8498527371512418,2017
09-156-00818,0.8940570936522216,2017
09-134-00713,0.8990897930461307,2017
09-177-00906,0.9456958279175072,2017
09-155-00812,0.8531357543058938,2017
09-164-00848,0.8493403624757564,2017
09-149-00780,0.855274774025739,2017
09-172-00877,0.8870861434864102,2017
09-149-00779,0.8555640759953904,2017
09-133-00709,0.8762694749962312,2017
09-191-00964,1.004402449762587,2017
09-174-00886,0.8915510958980677,2017
09-183-00931,0.9061310236985456,2017
09-194-00985,1.0080821107355835,2017
09-191-00969,1.0040260603160986,2017
09-191-00969,1.0040260603160986,2017
09-191-00969,1.0040260603160986,2017
09-196-00992,0.9033146458088968,2017
09-194-00981,1.0113696204261464,2017
09-142-00745,0.8836005374077666,2017
09-193-00976,0.9239982005388726,2017
09-163-00847,0.8505457206890312,2017
09-174-00885,0.8924682028881931,2017
09-176-00899,0.8929801126099578,2017
09-155-00810,0.8521771895690082,2017
09-142-00747,0.8830458688561683,2017
09-177-00904,0.9448472671771068,2017
09-175-00888,0.886326732528484,2017
09-179-00915,0.9666812123686396,2017
09-166-00858,0.8760031915041075,2017
09-167-00861,0.8874377627591092,2017
09-189-00958,0.9433372548275366,2017
09-178-00907,0.96109696250026,2017
09-178-00907,0.96109696250026,2017
09-178-00907,0.96109696250026,2017
09-178-00907,0.96109696250026,2017
09-183-00930,0.905188250220975,2017
09-191-00969,1.0040260603160986,2017
09-706-00824,0.9587736024929556,2017
09-191-00969,1.0040260603160986,2017
09-191-00969,1.0040260603160986,2017
09-189-00957,0.944433515081438,2017
09-202-01010,0.8648966378249776,2017
09-172-00879,0.8872995465611204,2017
09-167-00863,0.8872720982499457,2017
09-188-00953,0.9344167145704682,2017
09-186-00942,0.9539549776931808,2017
09-133-00710,0.8772545625098707,2017
09-142-00751,0.8823130364175283,2017
09-194-00986,1.007981136142251,2017
09-165-00855,0.8525706217213735,2017
09-175-00895,0.8857252180724097,2017
09-169-00868,0.8641986128185954,2017
09-173-00881,0.9826819924185708,2017
09-153-00801,0.8769758572919598,2017
09-191-00969,1.0040260603160986,2017
09-191-00969,1.0040260603160986,2017
09-191-00969,1.0040260603160986,2017
09-191-00969,1.0040260603160986,2017
09-191-00969,1.0040260603160986,2017
09-191-00969,1.0040260603160986,2017
09-191-00969,1.0040260603160986,2017
09-191-00969,1.0040260603160986,2017
09-191-00969,1.0040260603160986,2017
09-191-00969,1.0040260603160986,2017
09-171-00875,0.8636891832299011,2017
09-160-00835,0.8626234826360873,2017
09-158-00828,0.9262183183515508,2017
09-704-00707,0.8623484995739891,2017
09-144-00758,0.8599944104800813,2017
09-147-00774,0.8608958758136481,2017
09-136-00723,0.8907053291631124,2017
09-143-00754,0.8679049189760095,2017
09-151-00791,0.8740786841094037,2017
09-143-00753,0.8682364285019075,2017
09-143-00756,0.8673148385979998,2017
09-143-00752,0.8670963004732256,2017
09-143-00755,0.8678706864469787,2017
09-151-00790,0.8783857630773201,2017
09-154-00806,0.8711688925699315,2017
09-154-00805,0.8712297699578977,2017
09-154-00807,0.8724046841995432,2017
09-154-00803,0.8710116152403303,2017
09-154-00808,0.8717075465387275,2017
09-154-00804,0.8711446643209042,2017
09-139-00737,0.8497428240068015,2017
09-137-00718,0.8925517334162972,2017
09-137-00718,0.8925517334162972,2017
09-137-00718,0.8925517334162972,2017
09-137-00718,0.8925517334162972,2017
09-202-01011,0.8649342138414924,2017
09-152-00795,0.8538794264813062,2017
09-182-00926,0.9107188553449732,2017
09-136-00727,0.8900431236634564,2017
09-136-00727,0.8900431236634564,2017
09-156-00816,0.8920140021125154,2017
09-165-00854,0.8523699293761163,2017
09-182-00927,0.9104412444828917,2017
09-151-00792,0.8762871440571659,2017
09-146-00766,0.8536195747656654,2017
09-159-00831,0.8571211926416823,2017
09-146-00765,0.8603682549215222,2017
09-139-00736,0.8486638582051367,2017
09-146-00770,0.8530713820198853,2017
09-139-00735,0.8487809636663335,2017
09-132-00701,0.8742421946964472,2017
09-161-00839,0.8561199422775987,2017
09-181-00923,0.8655690969991625,2017
09-135-00718,0.8919700090169427,2017
09-135-00718,0.8919700090169427,2017
09-135-00718,0.8919700090169427,2017
09-135-00718,0.8919700090169427,2017
09-159-00830,0.857574259258688,2017
09-146-00768,0.8522502255350336,2017
09-146-00767,0.8534917123878312,2017
09-161-00837,0.8582713770835898,2017
09-144-00757,0.8580239388107547,2017
09-136-00727,0.8900431236634564,2017
09-136-00727,0.8900431236634564,2017
09-148-00776,0.8672863048769525,2017
09-175-00892,0.8852468069235069,2017
09-163-00843,0.8505198486511408,2017
09-201-01007,0.860107882051515,2017
09-153-00800,0.8764009493419103,2017
09-166-00856,0.8754661546774107,2017
09-192-00974,0.9635031836179052,2017
09-195-00990,0.9377188503970244,2017
09-706-00912,0.9591700022847364,2017
09-179-06868,0.9599370530033058,2017
09-133-00708,0.8772666037054951,2017
09-134-00714,0.904337207372341,2017
09-134-00712,0.9003203557033853,2017
09-180-00919,0.8727668205634298,2017
09-170-00874,0.8524670104810419,2017
09-184-00933,0.9559435641608338,2017
09-187-00944,0.9260438251118712,2017
09-150-00788,0.8703568107450405,2017
09-150-00788,0.8703568107450405,2017
09-150-00788,0.8703568107450405,2017
09-150-00788,0.8703568107450405,2017
09-175-00890,0.8914483351869658,2017
09-706-00914,0.960717811028082,2017
09-137-00730,0.8923400983841129,2017
09-142-00748,0.8836115509682233,2017
09-150-00786,0.8694660471252414,2017
09-178-00908,0.9644323944352768,2017
09-170-00873,0.849060988743485,2017
09-163-00845,0.850412854665317,2017
09-163-00845,0.850412854665317,2017
09-199-01002,0.8877417926928834,2017
09-145-00762,0.8491797405390044,2017
09-145-00764,0.8486705300619619,2017
09-171-00876,0.8641154239374704,2017
09-192-00973,0.962836145260419,2017
09-168-00867,0.8478741781973739,2017
09-166-00859,0.8759941852500999,2017
09-138-00733,0.8716095450897243,2017
09-138-00734,0.871192987298042,2017
09-186-00941,0.9546712855588502,2017
09-191-00970,1.002203472725682,2017
09-175-00894,0.8858808270872867,2017
09-177-00903,0.9449188492067556,2017
09-150-00785,0.8699652490167867,2017
09-199-01000,0.8876398327851299,2017
09-157-00822,0.9005964416504747,2017
09-134-00715,0.8998961443614575,2017
09-134-00715,0.8998961443614575,2017
09-178-00910,0.9611902283400324,2017
09-178-00910,0.9611902283400324,2017
09-178-00910,0.9611902283400324,2017
09-178-00910,0.9611902283400324,2017
09-163-00845,0.850412854665317,2017
09-163-00845,0.850412854665317,2017
09-198-00999,0.9360828768836418,2017
09-162-00842,0.8498169116704796,2017
09-191-00966,0.9831674702142156,2017
09-188-00950,0.9340942134186236,2017
09-754-00778,0.8728784207130978,2017
09-160-00834,0.8625575925410149,2017
09-164-00849,0.8481984728273508,2017
09-153-00798,0.8849991934940493,2017
09-202-01012,0.8646260902706117,2017
09-173-00883,0.985564678952136,2017
09-187-00946,0.9254301699917062,2017
09-191-00968,1.0050460062002378,2017
09-191-00968,1.0050460062002378,2017
09-191-00968,1.0050460062002378,2017
09-191-00968,1.0050460062002378,2017
09-175-00889,0.8868644421980546,2017
09-175-00889,0.8868644421980546,2017
09-175-00889,0.8868644421980546,2017
09-175-00889,0.8868644421980546,2017
09-197-00995,0.8992599267024163,2017
09-173-00882,0.9839461699756192,2017
09-156-00817,0.8935361266881794,2017
09-158-00825,0.9220269002790256,2017
09-176-00897,0.8922477627186681,2017
09-176-00900,0.8928500929944397,2017
09-193-00977,0.923696394844387,2017
09-183-00928,0.9042926920742168,2017
09-153-00799,0.8770603850491728,2017
09-188-00954,0.9361297111680332,2017
09-192-00971,0.9640617036492178,2017
09-170-00872,0.8492560824243512,2017
09-149-00782,0.8554708637336157,2017
09-194-00982,1.0115378417797576,2017
09-150-00784,0.8713310967852281,2017
09-180-00921,0.8653624471173145,2017
09-176-00898,0.892779516231703,2017
09-176-00898,0.892779516231703,2017
09-176-00898,0.892779516231703,2017
09-176-00898,0.892779516231703,2017
09-153-00797,,2017
09-191-00967,1.0052578264567935,2017
09-168-00865,0.8481814561782326,2017
09-189-01020,0.9424841754643432,2017
09-157-00820,0.900339414043992,2017
09-193-00978,0.923297406928406,2017
09-182-00925,0.9088673750702384,2017
09-170-00871,0.8490354951547117,2017
09-193-00979,0.9237360502944332,2017
09-188-00952,0.9357416384543304,2017
09-184-00934,0.9567339028868976,2017
09-175-00891,0.8855050508027983,2017
09-150-00787,0.8692018007988904,2017
09-190-00961,1.00241559265424,2017
09-193-00975,0.9241989689105444,2017
09-193-00980,0.9232918898551687,2017
09-178-00911,0.96113992890102,2017
<<<<<<< HEAD
09-132-00701,0.8793308926765441,2026
09-132-00702,0.8797102053966852,2026
09-132-00703,0.8796802653965045,2026
09-132-00704,0.8793420510915718,2026
09-132-00705,0.8797089222975693,2026
09-133-00708,0.8829555010424411,2026
09-133-00709,0.8819592177066851,2026
09-133-00710,0.8829793180365918,2026
09-133-00711,0.8828954076571218,2026
09-134-00712,0.9048500257526728,2026
09-134-00713,0.9033871092334096,2026
09-134-00714,0.9086854718627784,2026
09-134-00715,0.9041830494048162,2026
09-134-00716,0.9034481066352992,2026
09-135-00717,0.8963087662742676,2026
09-135-00718,0.896224066370317,2026
09-135-00719,,2026
09-135-00720,0.8960726231390621,2026
09-136-00723,0.893943554212394,2026
09-136-00724,0.8934856174518161,2026
09-136-00725,0.8943419127224014,2026
09-136-00726,0.8934452969895372,2026
09-136-00727,0.8932373672652785,2026
09-136-00728,0.8931777925920221,2026
09-137-00718,0.8966399157463731,2026
09-137-00729,0.8966132366240857,2026
09-137-00730,0.8964097265337475,2026
09-137-00731,0.8954057240856048,2026
09-138-00732,0.8769728753846429,2026
09-138-00733,0.8774039863730851,2026
09-138-00734,0.8768827602051286,2026
09-139-00735,0.8544488160359178,2026
09-139-00736,0.854457840648071,2026
09-139-00737,0.8553443493009819,2026
09-140-00738,0.867678495730134,2026
09-140-00739,0.8593473169038259,2026
09-141-00742,0.8398753944105283,2026
09-141-00743,0.8432015909517497,2026
09-141-00744,0.8417766103762417,2026
09-142-00745,0.8923896708760213,2026
09-142-00746,0.892396938490343,2026
09-142-00747,0.8915441568312088,2026
09-142-00748,0.892344482191817,2026
09-142-00749,0.8914341050950467,2026
09-142-00750,0.8916681291755528,2026
09-142-00751,0.8905807507827996,2026
09-143-00752,0.8738614076547908,2026
09-143-00753,0.875163087492726,2026
09-143-00754,0.8747694719238062,2026
09-143-00755,0.8747609734893825,2026
09-143-00756,0.8741911516795192,2026
09-144-00757,0.8650869673106878,2026
09-144-00758,0.8669594728663685,2026
09-144-00759,0.8649821707735559,2026
09-144-00760,0.8645699997644041,2026
09-145-00761,0.8540237535614887,2026
09-145-00762,0.8546093781767383,2026
09-145-00763,0.8547525235740766,2026
09-145-00764,0.8540497610863984,2026
09-146-00763,0.8566172730516681,2026
09-146-00765,0.865879534025444,2026
09-146-00766,0.8591689652858439,2026
09-146-00767,0.858925271858068,2026
09-146-00768,0.8576841887295429,2026
09-146-00769,0.8586392087063998,2026
09-146-00770,0.8584898494867724,2026
09-147-00771,0.866539425686456,2026
09-147-00772,0.8665473939009378,2026
09-147-00773,0.8666760242091558,2026
09-147-00774,0.8666925961170493,2026
09-148-00775,0.8738485775283534,2026
09-148-00776,0.8731644996545905,2026
09-148-00777,0.8735592372802671,2026
09-149-00779,0.8596492635270669,2026
09-149-00780,0.8593583558805071,2026
09-149-00781,0.8597237857675637,2026
09-149-00782,0.8595632166457066,2026
09-149-00783,0.859486861051593,2026
09-150-00784,0.8746630173813612,2026
09-150-00785,0.8732781918705903,2026
09-150-00786,0.8728292805757066,2026
09-150-00787,0.872546181542708,2026
09-150-00788,0.8736976020597924,2026
09-150-00789,0.8709947362919527,2026
09-151-00790,0.8818259365708491,2026
09-151-00791,0.8772403241136155,2026
09-151-00792,0.8811092455847809,2026
09-152-00793,0.8570426606191961,2026
09-152-00794,0.8571768824144123,2026
09-152-00795,0.8564338069971419,2026
09-152-00796,0.856277405787745,2026
09-153-00797,,2026
09-153-00798,0.8985140346186284,2026
09-153-00799,0.8803810077954385,2026
09-153-00800,0.879734880316926,2026
09-153-00801,0.8802921055882199,2026
09-153-00802,0.8802094531630755,2026
09-154-00803,0.8743028308345242,2026
09-154-00804,0.8744301013403841,2026
09-154-00805,0.874510581426289,2026
09-154-00806,0.8744463111773084,2026
09-154-00807,0.8757219017419248,2026
09-154-00808,0.8750235574168399,2026
09-155-00809,0.8564282859266648,2026
09-155-00810,0.8562097870884886,2026
09-155-00811,0.8562461104862211,2026
09-155-00812,0.8572778259710399,2026
09-155-00813,0.858072818895714,2026
09-156-00814,0.8968897914004336,2026
09-156-00815,0.8981392059364004,2026
09-156-00816,0.8970930306276891,2026
09-156-00817,0.8988554567617001,2026
09-156-00818,0.8992509493133074,2026
09-157-00819,0.9039281235420172,2026
09-157-00820,0.9036109012725302,2026
09-157-00821,0.9039074270037212,2026
09-157-00822,0.9038160350325484,2026
09-158-00823,0.9268624309589824,2026
09-158-00825,0.9268540266722178,2026
09-158-00826,0.92488169830367,2026
09-158-00827,0.926121244873257,2026
09-158-00828,0.931483442827605,2026
09-158-00829,0.9657724855800872,2026
09-159-00830,0.8619176915951761,2026
09-159-00831,0.8613963460982688,2026
09-159-00832,0.8620383317257468,2026
09-160-00833,0.8674679278951607,2026
09-160-00834,0.8671129029565721,2026
09-160-00835,0.8670648508918599,2026
09-161-00836,0.8611060110060585,2026
09-161-00837,0.8632403822455088,2026
09-161-00838,0.8609543562113046,2026
09-161-00839,0.8608139470800693,2026
09-161-00840,0.8585654455284975,2026
09-162-00841,0.8535856429746504,2026
09-162-00842,0.8535674081227247,2026
09-163-00843,0.8543519731545565,2026
09-163-00844,0.8543691491611776,2026
09-163-00845,0.8541930598238489,2026
09-163-00846,0.8542826948508652,2026
09-163-00847,0.8543940311629588,2026
09-164-00848,0.8514692484495332,2026
09-164-00849,0.8505764114745953,2026
09-164-00850,0.8510019572479799,2026
09-165-00851,0.8568182043469994,2026
09-165-00852,0.8569844740699711,2026
09-165-00853,0.856864993218607,2026
09-165-00854,0.8570828170587929,2026
09-165-00855,0.8573160042479845,2026
09-166-00856,0.8810546195308298,2026
09-166-00857,0.8805199293217276,2026
09-166-00858,0.8815428312206064,2026
09-166-00859,0.8815244532545702,2026
09-166-00860,0.8816117117768371,2026
09-167-00861,0.8908062894008184,2026
09-167-00862,0.8908365078987737,2026
09-167-00863,0.8906608420661006,2026
09-168-00864,0.85220639624313,2026
09-168-00865,0.8526015421106375,2026
09-168-00866,0.8522489031158719,2026
09-168-00867,0.8522811181160568,2026
09-169-00868,0.8677345658093455,2026
09-169-00869,0.8660661286456721,2026
09-169-00870,0.865777475377971,2026
09-170-00871,0.8532932288334313,2026
09-170-00872,0.8534928944738917,2026
09-170-00873,0.8532151974746919,2026
09-170-00874,0.8565494323629047,2026
09-171-00875,0.8662672334368058,2026
09-171-00876,0.8667651406530056,2026
09-172-00877,0.8914643185490895,2026
09-172-00878,0.8911305830583195,2026
09-172-00879,0.8917869900875761,2026
09-173-00880,0.9914952817649806,2026
09-173-00881,0.989239844900068,2026
09-173-00882,0.9905402666330164,2026
09-173-00883,0.9922480656327284,2026
09-173-00884,0.989826926919609,2026
09-174-00885,0.8972388487207719,2026
09-174-00886,0.8958179572651626,2026
09-174-00887,0.8961831985574614,2026
09-175-00888,0.8899928298479476,2026
09-175-00889,0.8906069830216595,2026
09-175-00890,0.8955068888497681,2026
09-175-00891,0.8892456782690605,2026
09-175-00892,0.8889811566889004,2026
09-175-00893,0.8914051392004667,2026
09-175-00894,0.8897816234638685,2026
09-175-00895,0.88959916733889,2026
09-176-00896,0.8951784291874888,2026
09-176-00897,0.8950176670430747,2026
09-176-00898,0.8955843581254355,2026
09-176-00899,0.8957145649112179,2026
09-176-00900,0.8956261625318761,2026
09-176-00901,0.8969659194669807,2026
09-177-00902,0.8978779338770599,2026
09-177-00903,0.9480743987122876,2026
09-177-00904,0.947988697207345,2026
09-177-00905,0.9483752325019448,2026
09-177-00906,0.9488084894583028,2026
09-178-00907,0.9631931236058434,2026
09-178-00908,0.967006441012539,2026
09-178-00909,0.9649836011306694,2026
09-178-00910,0.9633384280917092,2026
09-178-00911,0.9633449690285968,2026
09-179-00915,0.9717143804026308,2026
09-179-00916,0.9717328200411282,2026
09-179-00917,0.9720756205355854,2026
09-179-00918,0.9752586499755608,2026
09-179-06868,0.9649190471824752,2026
09-180-00919,0.8759126369705125,2026
09-180-00920,0.8759084151452833,2026
09-180-00921,0.8681248396128021,2026
09-180-00922,0.8773825939911366,2026
09-181-00923,0.8680755712402175,2026
09-181-00924,0.8676050595126339,2026
09-182-00925,0.9103742992897252,2026
09-182-00926,0.9122219549824128,2026
09-182-00927,0.9122334986658516,2026
09-183-00928,0.9071049315803542,2026
09-183-00929,0.9070075878304052,2026
09-183-00930,0.9080041692556352,2026
09-183-00931,0.908855200210576,2026
09-184-00932,0.9574788571931896,2026
09-184-00933,0.9567987220616668,2026
09-184-00934,0.957468074177095,2026
09-184-00935,0.9571441051051824,2026
09-184-00936,0.956749639883128,2026
09-185-00937,0.9515773240040282,2026
09-185-00938,0.9464187650226756,2026
09-185-00939,0.9469698054143664,2026
09-185-00940,0.9532136666917308,2026
09-186-00941,0.9559707455271266,2026
09-186-00942,0.9557580996673332,2026
09-186-00943,0.9550239766152306,2026
09-187-00944,0.9284126893479446,2026
09-187-00945,0.9280629642286602,2026
09-187-00946,0.9276691250906712,2026
09-187-00947,0.9281405605774778,2026
09-188-00948,0.9307663199270276,2026
09-188-00949,0.9377666226826236,2026
09-188-00950,0.937719276389609,2026
09-188-00951,0.9406985193152554,2026
09-188-00952,0.9397087440978598,2026
09-188-00953,0.937978542144156,2026
09-188-00954,0.9398787171949012,2026
09-189-00956,0.9483896754064098,2026
09-189-00957,0.9477839763484694,2026
09-189-00958,0.9463055132062228,2026
09-189-01020,0.945964527828768,2026
09-190-00959,1.008664990946201,2026
09-190-00960,1.0084668650929265,2026
09-190-00961,1.008505056763817,2026
09-190-00962,1.0088631424426795,2026
09-190-00963,1.0077475664782196,2026
09-191-00964,1.0102452704275655,2026
09-191-00965,1.0094187298023407,2026
09-191-00966,0.9873441715977088,2026
09-191-00967,1.0111023918060835,2026
09-191-00968,1.0108891666670765,2026
09-191-00969,1.0098385728004224,2026
09-191-00970,1.0080729885709965,2026
09-192-00971,0.968304501731837,2026
09-192-00972,0.9667283815473028,2026
09-192-00973,0.9669941888125178,2026
09-192-00974,0.9677382841856148,2026
09-193-00975,0.9292951775852604,2026
09-193-00976,0.9289751234862708,2026
09-193-00977,0.928876948186834,2026
09-193-00978,0.9284030671971042,2026
09-193-00979,0.928933914702922,2026
09-193-00980,0.9284549702395668,2026
09-194-00981,1.0196085113207378,2026
09-194-00982,1.0198912969954024,2026
09-194-00983,1.0185345433792792,2026
09-194-00984,1.0200443457557646,2026
09-194-00985,1.016475449273654,2026
09-194-00986,1.0164800862119072,2026
09-195-00987,0.9441932687856406,2026
09-195-00988,0.943289506108896,2026
09-195-00989,0.9438929892330784,2026
09-195-00990,0.9433292398926578,2026
09-195-00991,0.9429166543503728,2026
09-196-00992,0.9076745161515904,2026
09-196-00993,0.9075156565051128,2026
09-196-00994,0.9071667726974596,2026
09-197-00995,0.903607790470188,2026
09-197-00996,0.902161587784465,2026
09-198-00997,0.9482831316170016,2026
09-198-00998,0.9446927490533736,2026
09-198-00999,0.9425828158885272,2026
09-199-01000,0.89256023490068,2026
09-199-01001,0.8925816948939537,2026
09-199-01002,0.8925080198027506,2026
09-199-01003,0.8927693382136365,2026
09-200-01004,0.8985548484344875,2026
09-200-01005,0.8986323856025351,2026
09-200-01006,0.8990499871998405,2026
09-201-01007,0.8666852460843092,2026
09-201-01008,0.8668633156321353,2026
09-201-01009,0.8667352479892168,2026
09-202-01010,0.8709118943161707,2026
09-202-01011,0.8709472196922449,2026
09-202-01012,0.8706392266650339,2026
09-704-00706,0.8677045766275441,2026
09-704-00707,0.8679301081833962,2026
09-705-00740,0.8743457499860805,2026
09-705-00741,0.8762453428054394,2026
09-706-00824,0.9637394364971432,2026
09-706-00912,0.96391688481949,2026
09-706-00913,0.9647655095239688,2026
09-706-00914,0.9658271477281264,2026
09-754-00721,0.8786006359983766,2026
09-754-00722,0.8790414286932824,2026
09-754-00778,0.8771775084912071,2026
=======
>>>>>>> origin/main
09-132-00701,0.8781986422655957,2024
09-132-00702,0.8785639189863219,2024
09-132-00703,0.8785380335290288,2024
09-132-00704,0.8782248695055731,2024
09-132-00705,0.8785587443090989,2024
09-133-00708,0.8816908249914895,2024
09-133-00709,0.8806930841516558,2024
09-133-00710,0.8817058268109798,2024
09-133-00711,0.8816446322676328,2024
09-134-00712,0.9038358546232244,2024
09-134-00713,0.902430357772664,2024
09-134-00714,0.9077170209502292,2024
09-134-00715,0.9032350146452154,2024
09-134-00716,0.9025282040684968,2024
09-135-00717,0.8953645755525289,2024
09-135-00718,0.8952795543631009,2024
09-135-00719,,2024
09-135-00720,0.8951410079911291,2024
09-136-00723,0.8932250677891893,2024
09-136-00724,0.8927798850150696,2024
09-136-00725,0.8936030257850558,2024
09-136-00726,0.8927404210601424,2024
09-136-00727,0.8925286624187511,2024
09-136-00728,0.8924696268771987,2024
09-137-00718,0.895732568431762,2024
09-137-00729,0.8957089167675457,2024
09-137-00730,0.8955054004006153,2024
09-137-00731,0.8945066684382862,2024
09-138-00732,0.8756964034563175,2024
09-138-00733,0.8761161659714141,2024
09-138-00734,0.8756173901881232,2024
09-139-00735,0.8531874290576327,2024
09-139-00736,0.8531681594515215,2024
09-139-00737,0.854103693100594,2024
09-140-00738,0.866730202860921,2024
09-140-00739,0.8583846585313518,2024
09-141-00742,0.8389083433190315,2024
09-141-00743,0.8421563197318535,2024
09-141-00744,0.8407797988915665,2024
09-142-00745,0.890435638729985,2024
09-142-00746,0.8904424410972567,2024
09-142-00747,0.8896551436974194,2024
09-142-00748,0.8904028920777607,2024
09-142-00749,0.8895084865152707,2024
09-142-00750,0.8897332024471016,2024
09-142-00751,0.8887446135090964,2024
09-143-00752,0.8723594526466873,2024
09-143-00753,0.8736234208835109,2024
09-143-00754,0.8732437905084232,2024
09-143-00755,0.8732296310426101,2024
09-143-00756,0.8726630699600145,2024
09-144-00757,0.8635173336159734,2024
09-144-00758,0.8654127020510864,2024
09-144-00759,0.8634088382889309,2024
09-144-00760,0.8630198788496788,2024
09-145-00761,0.8528277689885277,2024
09-145-00762,0.8534028959099291,2024
09-145-00763,0.8535401723366843,2024
09-145-00764,0.8528537672453416,2024
09-146-00763,0.854664770596439,2024
09-146-00765,0.8646574005414015,2024
09-146-00766,0.8579341180736446,2024
09-146-00767,0.857717173802444,2024
09-146-00768,0.856476505327049,2024
09-146-00769,0.8574460690075271,2024
09-146-00770,0.8572868431079642,2024
09-147-00771,0.8652358843727885,2024
09-147-00772,0.8652591924758055,2024
09-147-00773,0.8653883339254247,2024
09-147-00774,0.8654042634591299,2024
09-148-00775,0.8725410838682882,2024
09-148-00776,0.871860071706907,2024
09-148-00777,0.8722603851265903,2024
09-149-00779,0.8587415589886307,2024
09-149-00780,0.8584516526977651,2024
09-149-00781,0.8588142457956627,2024
09-149-00782,0.8586543758829576,2024
09-149-00783,0.8585950147001653,2024
09-150-00784,0.8739270694431669,2024
09-150-00785,0.8725445315067709,2024
09-150-00786,0.8720840307011942,2024
09-150-00787,0.8718053805619815,2024
09-150-00788,0.8729602812955256,2024
09-150-00789,0.8702651765088002,2024
09-151-00790,0.8810639648332216,2024
09-151-00791,0.8765368766594854,2024
09-151-00792,0.8800297505733352,2024
09-152-00793,0.8564551744510884,2024
09-152-00794,0.8566097944180291,2024
09-152-00795,0.8558673779684006,2024
09-152-00796,0.8556994431194492,2024
09-153-00797,,2024
09-153-00798,0.8954801548710947,2024
09-153-00799,0.8796437181264632,2024
09-153-00800,0.8789935150150504,2024
09-153-00801,0.8795558696317286,2024
09-153-00802,0.8794790387153462,2024
09-154-00803,0.8735715111349319,2024
09-154-00804,0.8737009892683442,2024
09-154-00805,0.8737826040783442,2024
09-154-00806,0.8737190312160826,2024
09-154-00807,0.8749819625529401,2024
09-154-00808,0.8742838950711093,2024
09-155-00809,0.8555311537628221,2024
09-155-00810,0.8553139032975962,2024
09-155-00811,0.8553515427419762,2024
09-155-00812,0.8563593414419415,2024
09-155-00813,0.8571493956041794,2024
09-156-00814,0.895766906308514,2024
09-156-00815,0.8969802524012722,2024
09-156-00816,0.8959666934298544,2024
09-156-00817,0.8976716350022912,2024
09-156-00818,0.8980959650146423,2024
09-157-00819,0.9032018399291788,2024
09-157-00820,0.9028833486220248,2024
09-157-00821,0.9031893459413765,2024
09-157-00822,0.903102423541822,2024
09-158-00823,0.9257901754940598,2024
09-158-00825,0.9257803695825038,2024
09-158-00826,0.9239336529291003,2024
09-158-00827,0.92506166813433,2024
09-158-00828,0.9303068006281904,2024
09-158-00829,0.9646521059594924,2024
09-159-00830,0.8609531685157947,2024
09-159-00831,0.8604475747759763,2024
09-159-00832,0.8610787911392116,2024
09-160-00833,0.8664711003844308,2024
09-160-00834,0.8661014257597472,2024
09-160-00835,0.8660787980400785,2024
09-161-00836,0.8600506941081077,2024
09-161-00837,0.8621354082916128,2024
09-161-00838,0.8598954444056298,2024
09-161-00839,0.8597734037044207,2024
09-161-00840,0.8576122029976369,2024
09-162-00841,0.8527574514098543,2024
09-162-00842,0.8527351320022318,2024
09-163-00843,0.8535028277129915,2024
09-163-00844,0.8535189479566513,2024
09-163-00845,0.8533558424559625,2024
09-163-00846,0.8534378906896428,2024
09-163-00847,0.8535413268741092,2024
09-164-00848,0.8510024621203112,2024
09-164-00849,0.8500477777532846,2024
09-164-00850,0.8504761294587108,2024
09-165-00851,0.8557639834068029,2024
09-165-00852,0.8559371383113029,2024
09-165-00853,0.85582027160172,2024
09-165-00854,0.8560379589902968,2024
09-165-00855,0.8562638614606249,2024
09-166-00856,0.8798136121084104,2024
09-166-00857,0.8792893180714965,2024
09-166-00858,0.8803127932724106,2024
09-166-00859,0.8802960923847906,2024
09-166-00860,0.8803739844405499,2024
09-167-00861,0.8900576899971879,2024
09-167-00862,0.8900898469505845,2024
09-167-00863,0.8899083576231896,2024
09-168-00864,0.8512323400717012,2024
09-168-00865,0.851620341751687,2024
09-168-00866,0.8512683365395635,2024
09-168-00867,0.8513033836714649,2024
09-169-00868,0.8669510148226689,2024
09-169-00869,0.8652238918161678,2024
09-169-00870,0.8649320989512613,2024
09-170-00871,0.8523475035843219,2024
09-170-00872,0.8525527803086512,2024
09-170-00873,0.8522916977033602,2024
09-170-00874,0.8556298327908016,2024
09-171-00875,0.8656947490914005,2024
09-171-00876,0.8661784650861358,2024
09-172-00877,0.8904928480799457,2024
09-172-00878,0.8901641033351172,2024
09-172-00879,0.8907892359146388,2024
09-173-00880,0.9900199889809714,2024
09-173-00881,0.9877823400441124,2024
09-173-00882,0.9890747110419392,2024
09-173-00883,0.9907626596689328,2024
09-173-00884,0.9883914870923488,2024
09-174-00885,0.8961689146084111,2024
09-174-00886,0.89486809745502,2024
09-174-00887,0.8952092737041866,2024
09-175-00888,0.8891834258968728,2024
09-175-00889,0.8897758011821535,2024
09-175-00890,0.8946087305197062,2024
09-175-00891,0.8884165225231868,2024
09-175-00892,0.8881525299749022,2024
09-175-00893,0.8905482691772321,2024
09-175-00894,0.8889082261622888,2024
09-175-00895,0.8887362402018995,2024
09-176-00896,0.8945700078441657,2024
09-176-00897,0.8944026678791696,2024
09-176-00898,0.8949617709580182,2024
09-176-00899,0.8951103853902196,2024
09-176-00900,0.8950122550495444,2024
09-176-00901,0.8963442561023306,2024
09-177-00902,0.8972374137185343,2024
09-177-00903,0.9473730756943513,2024
09-177-00904,0.9472910366583636,2024
09-177-00905,0.9476800728224828,2024
09-177-00906,0.9481182616860684,2024
09-178-00907,0.9627302532925656,2024
09-178-00908,0.9664353757108832,2024
09-178-00909,0.9644618339109718,2024
09-178-00910,0.962863230046245,2024
09-178-00911,0.962858284171578,2024
09-179-00915,0.9705966195952463,2024
09-179-00916,0.9706201065989676,2024
09-179-00917,0.9709534442619354,2024
09-179-00918,0.974050812134855,2024
09-179-06868,0.963814408091231,2024
09-180-00919,0.8752361737494609,2024
09-180-00920,0.8753416143726767,2024
09-180-00921,0.8675116663153041,2024
09-180-00922,0.8768082993247476,2024
09-181-00923,0.8675217243171824,2024
09-181-00924,0.8670662318109396,2024
09-182-00925,0.9100416529465254,2024
09-182-00926,0.9119004699553837,2024
09-182-00927,0.9118403504283964,2024
09-183-00928,0.9064822355482904,2024
09-183-00929,0.9063791093390792,2024
09-183-00930,0.9073819987686734,2024
09-183-00931,0.9082512481584424,2024
09-184-00932,0.9573248856470578,2024
09-184-00933,0.9566114376869624,2024
09-184-00934,0.9573070825956702,2024
09-184-00935,0.957007771464404,2024
09-184-00936,0.9566173953440876,2024
09-185-00937,0.951416249966996,2024
09-185-00938,0.9461991369056556,2024
09-185-00939,0.9467289527023636,2024
09-185-00940,0.9530024778711332,2024
09-186-00941,0.9556892503785872,2024
09-186-00942,0.9553614748929016,2024
09-186-00943,0.9546440459292512,2024
09-187-00944,0.9278890036944948,2024
09-187-00945,0.927575676278388,2024
09-187-00946,0.927175247206323,2024
09-187-00947,0.9276243616652609,2024
09-188-00948,0.9300938910013082,2024
09-188-00949,0.9369665580846672,2024
09-188-00950,0.9369166216376392,2024
09-188-00951,0.939845601445313,2024
09-188-00952,0.938819982747948,2024
09-188-00953,0.9371975354461588,2024
09-188-00954,0.939049933935268,2024
09-189-00956,0.9476342907616584,2024
09-189-00957,0.9470448873958398,2024
09-189-00958,0.9456389212850732,2024
09-189-01020,0.945182616209116,2024
09-190-00959,1.0073035161914403,2024
09-190-00960,1.007143947455359,2024
09-190-00961,1.0071594141893638,2024
09-190-00962,1.0074691854808338,2024
09-190-00963,1.0063887347147311,2024
09-191-00964,1.0089463808207944,2024
09-191-00965,1.0081645047317345,2024
09-191-00966,0.9864562078765808,2024
09-191-00967,1.009806015096753,2024
09-191-00968,1.0095927494384669,2024
09-191-00969,1.00855101857394,2024
09-191-00970,1.0067705326864145,2024
09-192-00971,0.9673635895714175,2024
09-192-00972,0.9658980840664104,2024
09-192-00973,0.9660752024954214,2024
09-192-00974,0.9668004619024312,2024
09-193-00975,0.9281657397696452,2024
09-193-00976,0.9278829273934504,2024
09-193-00977,0.9277288164612744,2024
09-193-00978,0.9272714427849644,2024
09-193-00979,0.9277808152846044,2024
09-193-00980,0.9273075978172216,2024
09-194-00981,1.017778952186202,2024
09-194-00982,1.0180349681052074,2024
09-194-00983,1.0166815288805813,2024
09-194-00984,1.0181974531965916,2024
09-194-00985,1.0146079751132888,2024
09-194-00986,1.0145920499496195,2024
09-195-00987,0.9429354719497868,2024
09-195-00988,0.9420938811550348,2024
09-195-00989,0.9426385316337016,2024
09-195-00990,0.9420854416404016,2024
09-195-00991,0.9416989257121676,2024
09-196-00992,0.9067057616996032,2024
09-196-00993,0.9065805463042084,2024
09-196-00994,0.9062563310394668,2024
09-197-00995,0.9026417491859008,2024
09-197-00996,0.9011934390363427,2024
09-198-00997,0.9469473182628796,2024
09-198-00998,0.9434841444795758,2024
09-198-00999,0.9411386947304042,2024
09-199-01000,0.8914656640715817,2024
09-199-01001,0.8914974108919366,2024
09-199-01002,0.8914483606663586,2024
09-199-01003,0.8916869214520998,2024
09-200-01004,0.89835162838095,2024
09-200-01005,0.8983869057788141,2024
09-200-01006,0.8988464772293354,2024
09-201-01007,0.8652252621335247,2024
09-201-01008,0.8653777303836727,2024
09-201-01009,0.8652525053916387,2024
09-202-01010,0.8695759784561288,2024
09-202-01011,0.8696116265696906,2024
09-202-01012,0.8693039339727283,2024
09-704-00706,0.866442907408839,2024
09-704-00707,0.8666922906443696,2024
09-705-00740,0.8733747651666811,2024
09-705-00741,0.8753218818233552,2024
09-706-00824,0.9626398016040364,2024
09-706-00912,0.9628656051472956,2024
09-706-00913,0.9636574630502563,2024
09-706-00914,0.964691103536211,2024
09-754-00721,0.8776780928513862,2024
09-754-00722,0.8780691730109105,2024
09-754-00778,0.8762272844124678,2024
09-168-00865,0.8486833406890972,2018
09-194-00985,1.00901023053509,2018
09-190-00961,1.003149688855002,2018
09-150-00787,0.8695930149705176,2018
09-175-00891,0.8859377572623696,2018
09-184-00934,0.9568344970138224,2018
09-188-00952,0.936150201902344,2018
09-193-00979,0.9243318816307972,2018
09-170-00871,0.8495085833269491,2018
09-182-00925,0.909052536664435,2018
09-193-00978,0.9238871987275248,2018
09-157-00820,0.9007017522976409,2018
09-193-00980,0.923868491851977,2018
09-189-01020,0.9428142416779632,2018
09-191-00967,1.0059284624795444,2018
09-153-00797,,2018
09-176-00898,0.8930975497414735,2018
09-176-00898,0.8930975497414735,2018
09-176-00898,0.8930975497414735,2018
09-176-00898,0.8930975497414735,2018
09-180-00921,0.8656712520898029,2018
09-150-00784,0.8717387484500199,2018
09-194-00982,1.012468663930577,2018
09-149-00782,0.8559290150336486,2018
09-170-00872,0.8497311564618578,2018
09-193-00975,0.9247883978227606,2018
09-191-00966,0.9839224553271158,2018
09-192-00971,0.9645499522948084,2018
09-153-00799,0.8774339788938479,2018
09-176-00900,0.8931799845177116,2018
09-176-00897,0.8925626310914496,2018
09-158-00825,0.9225593518631288,2018
09-156-00817,0.8941136614320754,2018
09-173-00882,0.9846705334873092,2018
09-197-00995,0.8997440431892951,2018
09-175-00889,0.8872868803881842,2018
09-175-00889,0.8872868803881842,2018
09-175-00889,0.8872868803881842,2018
09-175-00889,0.8872868803881842,2018
09-191-00968,1.0057144560804367,2018
09-191-00968,1.0057144560804367,2018
09-191-00968,1.0057144560804367,2018
09-191-00968,1.0057144560804367,2018
09-187-00946,0.925710500483168,2018
09-173-00883,0.9863068648843644,2018
09-202-01012,0.8653007758570685,2018
09-153-00798,0.8863495576822522,2018
09-164-00849,0.8484618758939436,2018
09-160-00834,0.8630739809994189,2018
09-754-00778,0.8733984292683104,2018
09-188-00950,0.9345214337837664,2018
09-183-00928,0.9046237455385162,2018
09-188-00954,0.9365956984302622,2018
09-193-00977,0.9242982527146985,2018
09-162-00842,0.8502429152404433,2018
09-170-00873,0.8495181042839771,2018
09-163-00845,0.8508556906669196,2018
09-178-00910,0.961448199307908,2018
09-178-00910,0.961448199307908,2018
09-178-00910,0.961448199307908,2018
09-178-00910,0.961448199307908,2018
09-134-00715,0.9004161424639852,2018
09-134-00715,0.9004161424639852,2018
09-157-00822,0.9009687445291495,2018
09-199-01000,0.8881771658800552,2018
09-150-00785,0.870353294910865,2018
09-177-00903,0.9452677256460116,2018
09-175-00894,0.886263796198314,2018
09-191-00970,1.002879072298826,2018
09-186-00941,0.9548709182204576,2018
09-138-00734,0.8718169163850951,2018
09-138-00733,0.872248738069477,2018
09-166-00859,0.8766134075891643,2018
09-168-00867,0.8483770950326317,2018
09-192-00973,0.9633377698373418,2018
09-171-00876,0.8644207668236525,2018
09-145-00764,0.8492630326107214,2018
09-145-00762,0.849782561725391,2018
09-199-01002,0.8882680499207697,2018
09-163-00845,0.8508556906669196,2018
09-198-00999,0.9368017951393794,2018
09-163-00845,0.8508556906669196,2018
09-178-00908,0.964718640799128,2018
09-150-00786,0.8698538154086461,2018
09-142-00748,0.8845758475814637,2018
09-137-00730,0.892793194710979,2018
09-706-00914,0.9612796631543564,2018
09-175-00890,0.8919314527019797,2018
09-150-00788,0.8707764088573331,2018
09-150-00788,0.8707764088573331,2018
09-150-00788,0.8707764088573331,2018
09-150-00788,0.8707764088573331,2018
09-187-00944,0.9263354810461262,2018
09-184-00933,0.9560634113686388,2018
09-170-00874,0.852816752769542,2018
09-180-00919,0.8733272187448206,2018
09-134-00712,0.9007783380939948,2018
09-134-00714,0.9048171862554394,2018
09-133-00708,0.8778948956915752,2018
09-179-06868,0.9605111280654752,2018
09-706-00912,0.9597185688308794,2018
09-195-00990,0.9383663157568816,2018
09-192-00974,0.9640018567376462,2018
09-166-00856,0.8760941150076796,2018
09-153-00800,0.8767647600447667,2018
09-201-01007,0.8608526879648103,2018
09-163-00845,0.8508556906669196,2018
09-178-00911,0.9614117165881152,2018
09-163-00843,0.850965684667764,2018
09-148-00776,0.867957774294806,2018
09-144-00757,0.8588083437811446,2018
09-161-00837,0.8588256125039658,2018
09-146-00767,0.8540901326348659,2018
09-146-00768,0.8528519898059069,2018
09-159-00830,0.8580619104686195,2018
09-135-00718,0.8924489191183933,2018
09-135-00718,0.8924489191183933,2018
09-135-00718,0.8924489191183933,2018
09-135-00718,0.8924489191183933,2018
09-181-00923,0.8658724769475763,2018
09-161-00839,0.8566619185434471,2018
09-132-00701,0.8747965654638308,2018
09-139-00735,0.8493962840473136,2018
09-146-00770,0.8536802109404659,2018
09-139-00736,0.8492925239612398,2018
09-146-00765,0.8610075643009746,2018
09-159-00831,0.8576079999932541,2018
09-146-00766,0.8542234099346754,2018
09-151-00792,0.8767799764883707,2018
09-182-00927,0.9106847175704664,2018
09-165-00854,0.8529137984243799,2018
09-156-00816,0.8925988977203443,2018
09-158-00828,0.9267683459340428,2018
09-136-00727,0.8904071881329352,2018
09-182-00926,0.9109704089751642,2018
09-136-00727,0.8904071881329352,2018
09-136-00727,0.8904071881329352,2018
09-137-00718,0.8930151672573796,2018
09-137-00718,0.8930151672573796,2018
09-137-00718,0.8930151672573796,2018
09-137-00718,0.8930151672573796,2018
09-139-00737,,2018
09-154-00804,0.8715172019022324,2018
09-154-00808,0.8720582667878745,2018
09-154-00803,0.8713782909911703,2018
09-154-00807,0.8727484932516743,2018
09-154-00805,0.871602009665684,2018
09-154-00806,0.8715403404541103,2018
09-151-00790,0.8787883206800926,2018
09-143-00755,0.8686348029402828,2018
09-143-00752,0.8678585831676139,2018
09-143-00756,0.8680778170658437,2018
09-143-00753,0.869001130576065,2018
09-151-00791,0.8744236971469873,2018
09-143-00754,0.8686658707950797,2018
09-136-00723,0.8910750683500038,2018
09-147-00774,0.8615393096611726,2018
09-144-00758,0.8607807486631016,2018
09-704-00707,0.8629890197051712,2018
09-152-00795,0.8541723825439188,2018
09-136-00727,0.8904071881329352,2018
09-175-00892,0.8856721018145683,2018
09-160-00835,0.8631242799479836,2018
09-183-00930,0.905538468595928,2018
09-191-00969,1.004708061571056,2018
09-191-00969,1.004708061571056,2018
09-191-00969,1.004708061571056,2018
09-191-00969,1.004708061571056,2018
09-191-00969,1.004708061571056,2018
09-191-00969,1.004708061571056,2018
09-191-00969,1.004708061571056,2018
09-191-00969,1.004708061571056,2018
09-153-00801,0.8773497635741997,2018
09-173-00881,0.9834088397182412,2018
09-169-00868,0.8646108250872633,2018
09-175-00895,0.886143167585316,2018
09-165-00855,0.8531171814870353,2018
09-194-00986,1.0089487525088092,2018
09-142-00751,0.8832389954799656,2018
09-133-00710,0.8778800535524106,2018
09-186-00942,0.9541869186982612,2018
09-188-00953,0.9348991919046864,2018
09-167-00863,0.8876541769714762,2018
09-172-00879,0.8877998928177929,2018
09-202-01010,0.8655711180209972,2018
09-189-00957,0.9448481530013364,2018
09-171-00875,0.8639816757381968,2018
09-191-00969,1.004708061571056,2018
09-706-00824,0.9593573550193284,2018
09-191-00969,1.004708061571056,2018
09-191-00969,1.004708061571056,2018
09-178-00907,0.9613548720077906,2018
09-178-00907,0.9613548720077906,2018
09-178-00907,0.9613548720077906,2018
09-178-00907,0.9613548720077906,2018
09-189-00958,0.943595818539496,2018
09-167-00861,0.887811960522888,2018
09-166-00858,0.8766285679545247,2018
09-179-00915,0.9672467497615084,2018
09-175-00888,0.8867869418641451,2018
09-177-00904,0.945199164249034,2018
09-142-00747,0.8839877677636345,2018
09-155-00810,0.8526262606570266,2018
09-176-00899,0.8933048905164988,2018
09-174-00885,0.8929366235303992,2018
09-163-00847,0.8509933455270579,2018
09-193-00976,0.9246574519584086,2018
09-142-00745,0.8845709534096395,2018
09-194-00981,1.01229679245468,2018
09-196-00992,0.9038059838209204,2018
09-191-00969,1.004708061571056,2018
09-191-00969,1.004708061571056,2018
09-191-00969,1.004708061571056,2018
09-191-00969,1.004708061571056,2018
09-191-00969,1.004708061571056,2018
09-202-01011,0.8656064150679141,2018
09-183-00931,0.9064386967938498,2018
09-157-00819,0.901026804585736,2018
09-133-00709,0.8768850965513538,2018
09-149-00779,0.8560180188400373,2018
09-172-00877,0.8875846252795377,2018
09-149-00780,0.8557338749233147,2018
09-164-00848,0.8496059194044185,2018
09-155-00812,0.8536121047870775,2018
09-177-00906,0.946053871983631,2018
09-134-00713,0.8995543680273974,2018
09-156-00818,0.8946293725218358,2018
09-162-00841,0.8502779194541726,2018
09-148-00777,0.8683658986007182,2018
09-163-00846,0.8509140385733729,2018
09-190-00963,1.0023467704201443,2018
09-185-00937,0.9508912917412818,2018
09-198-00997,0.9429725431797834,2018
09-185-00939,0.946013287514247,2018
09-147-00771,0.8613255967236826,2018
09-152-00794,0.8549193042941379,2018
09-135-00717,0.8925341057505923,2018
09-136-00724,0.8906677530433954,2018
09-136-00724,0.8906677530433954,2018
09-136-00724,0.8906677530433954,2018
09-136-00724,0.8906677530433954,2018
09-142-00746,0.8845763648971062,2018
09-132-00702,0.8751187118502296,2018
09-191-00964,1.0050509186315957,2018
09-174-00887,0.8922807249250951,2018
09-201-01008,0.8609228691415645,2018
09-200-01006,0.8982435897184208,2018
09-184-00936,0.9562166268963234,2018
09-142-00749,0.883729085992476,2018
09-153-00802,0.8772891832296357,2018
09-137-00729,0.8930022067883804,2018
09-134-00715,0.9004161424639852,2018
09-134-00715,0.9004161424639852,2018
09-163-00844,0.8509784472657442,2018
09-190-00959,1.0032375249970895,2018
09-149-00783,0.8559221579988956,2018
09-158-00827,0.9218873856500792,2018
09-141-00742,0.8359732714531999,2018
09-183-00929,0.9045016894415984,2018
09-199-01003,0.8884345775866934,2018
09-160-00833,0.8634821882983783,2018
09-145-00761,0.8492377462166113,2018
09-188-00951,0.9373017113254726,2018
09-169-00869,0.8626920440033116,2018
09-134-00716,0.8997670610761259,2018
09-754-00722,0.875158528900952,2018
09-196-00993,0.903780449130409,2018
09-196-00994,0.9035296313782134,2018
09-188-00948,0.928050441533331,2018
09-177-00905,0.9455907182580204,2018
09-144-00760,0.8583579230090501,2018
09-136-00726,0.8906311416463008,2018
09-197-00996,0.8982993068838481,2018
09-197-00996,0.8982993068838481,2018
09-184-00932,0.9568839637274242,2018
09-142-00750,0.8839241416245524,2018
09-155-00809,0.8528421962162425,2018
09-155-00809,0.8528421962162425,2018
09-155-00809,0.8528421962162425,2018
09-155-00809,0.8528421962162425,2018
09-168-00866,0.8483331294856358,2018
09-138-00732,0.8718621051522558,2018
09-155-00813,0.8543906626324059,2018
09-754-00721,0.8749215160701264,2018
09-158-00829,0.9612955995419596,2018
09-190-00962,1.0032869463578766,2018
09-195-00988,0.9385364083765316,2018
09-188-00949,0.934579606654752,2018
09-149-00781,0.8560874002466193,2018
09-191-00965,1.0044163363921907,2018
09-156-00814,0.8924076726125749,2018
09-190-00960,1.0031963310975778,2018
09-185-00940,0.9523820791862152,2018
09-177-00902,0.895317342176009,2018
09-200-01005,0.8976444074526215,2018
09-197-00996,0.8982993068838481,2018
09-132-00705,0.8751018967652693,2018
09-197-00996,0.8982993068838481,2018
09-187-00945,0.926137148533654,2018
09-152-00793,0.854691089269596,2018
09-132-00703,0.8751097795530781,2018
09-135-00719,,2018
09-140-00738,0.8638905474480186,2018
09-136-00728,0.8903521666853377,2018
09-146-00763,0.8487486398258977,2018
09-704-00706,0.8626421861247127,2018
09-161-00836,0.856891245372733,2018
09-147-00773,0.8615297493812606,2018
09-152-00796,0.853969538335244,2018
09-181-00924,0.8654670126938767,2018
09-144-00759,0.858688097488729,2018
09-705-00740,0.8704674850708064,2018
09-140-00739,0.8555413808602355,2018
09-705-00741,,2018
09-147-00772,0.8613956563164554,2018
09-146-00769,0.8538747525573561,2018
09-159-00832,0.858203437067357,2018
09-161-00838,0.8567271252112209,2018
09-132-00704,0.8748700415760977,2018
09-161-00840,0.8547724805085689,2018
09-136-00725,0.8913851305989561,2018
09-135-00720,0.892348808482424,2018
09-195-00991,0.9380659687664696,2018
09-174-00886,0.8920151726337957,2018
09-150-00789,0.86808018355586,2018
09-176-00896,0.8927499313402083,2018
09-158-00826,0.9211181128869428,2018
09-158-00826,0.9211181128869428,2018
09-158-00826,0.9211181128869428,2018
09-158-00826,0.9211181128869428,2018
09-158-00826,0.9211181128869428,2018
09-158-00826,0.9211181128869428,2018
09-158-00826,0.9211181128869428,2018
09-158-00826,0.9211181128869428,2018
09-158-00826,0.9211181128869428,2018
09-158-00826,0.9211181128869428,2018
09-173-00880,0.9855964806262022,2018
09-173-00880,0.9855964806262022,2018
09-173-00880,0.9855964806262022,2018
09-173-00880,0.9855964806262022,2018
09-173-00880,0.9855964806262022,2018
09-173-00880,0.9855964806262022,2018
09-173-00880,0.9855964806262022,2018
09-173-00880,0.9855964806262022,2018
09-173-00880,0.9855964806262022,2018
09-173-00880,0.9855964806262022,2018
09-173-00880,0.9855964806262022,2018
09-173-00880,0.9855964806262022,2018
09-173-00880,0.9855964806262022,2018
09-158-00826,0.9211181128869428,2018
09-173-00880,0.9855964806262022,2018
09-158-00826,0.9211181128869428,2018
09-158-00826,0.9211181128869428,2018
09-148-00775,0.8686222700091961,2018
09-169-00870,0.8624128354518474,2018
09-180-00920,0.8736443500812534,2018
09-187-00947,0.9260866764914216,2018
09-187-00947,0.9260866764914216,2018
09-187-00947,0.9260866764914216,2018
09-187-00947,0.9260866764914216,2018
09-158-00823,0.922576402545576,2018
09-158-00823,0.922576402545576,2018
09-158-00823,0.922576402545576,2018
09-158-00823,0.922576402545576,2018
09-145-00763,0.8499090993606527,2018
09-192-00972,0.9635283561556218,2018
09-165-00851,0.8526065953268315,2018
09-194-00983,1.01112560089616,2018
09-157-00821,0.9010407333197248,2018
09-157-00821,0.9010407333197248,2018
09-157-00821,0.9010407333197248,2018
09-157-00821,0.9010407333197248,2018
09-179-00917,0.96759213332979,2018
09-167-00862,0.8878499920058984,2018
09-158-00826,0.9211181128869428,2018
09-158-00826,0.9211181128869428,2018
09-158-00826,0.9211181128869428,2018
09-176-00896,0.8927499313402083,2018
09-173-00880,0.9855964806262022,2018
09-199-01001,0.888239778545668,2018
09-184-00935,0.9566151890823488,2018
09-189-00956,0.9453753291076514,2018
09-137-00731,0.8918164505135835,2018
09-156-00815,0.8935022397797913,2018
09-185-00938,0.9455532006151642,2018
09-155-00811,0.8526715302129366,2018
09-168-00864,0.848316832320242,2018
09-176-00901,0.8944907379831232,2018
09-175-00893,0.8879786011540892,2018
09-198-00998,0.9399087315664972,2018
09-164-00850,0.848907981597119,2018
09-200-01004,0.8977492022148854,2018
09-186-00943,0.953523012092372,2018
09-195-00989,0.9388846266788932,2018
09-141-00743,0.8390343461396004,2018
09-706-00913,0.960338553125362,2018
09-166-00857,0.8756071376639946,2018
09-172-00878,0.8872716299235223,2018
09-172-00878,0.8872716299235223,2018
09-172-00878,0.8872716299235223,2018
09-172-00878,0.8872716299235223,2018
09-176-00896,0.8927499313402083,2018
09-176-00896,0.8927499313402083,2018
09-179-00916,0.967286063577947,2018
09-173-00880,0.9855964806262022,2018
09-195-00987,0.9391735995572492,2018
09-165-00852,0.8528021757639855,2018
09-199-01001,0.888239778545668,2018
09-199-01001,0.888239778545668,2018
09-199-01001,0.888239778545668,2018
09-199-01001,0.888239778545668,2018
09-199-01001,0.888239778545668,2018
09-199-01001,0.888239778545668,2018
09-199-01001,0.888239778545668,2018
09-199-01001,0.888239778545668,2018
09-199-01001,0.888239778545668,2018
09-199-01001,0.888239778545668,2018
09-199-01001,0.888239778545668,2018
09-199-01001,0.888239778545668,2018
09-199-01001,0.888239778545668,2018
09-199-01001,0.888239778545668,2018
09-199-01001,0.888239778545668,2018
09-165-00853,0.8526934566073184,2018
09-180-00922,0.8750784000359929,2018
09-179-00918,0.9704260126637176,2018
09-166-00860,0.8766664978720531,2018
09-141-00744,0.8377866447845352,2018
09-194-00984,1.0126604192797246,2018
09-133-00711,0.8778903814642326,2018
09-201-01009,0.860805426716851,2018
09-178-00909,0.9628981193728776,2018
09-173-00884,0.984071860589904,2018
09-200-01005,0.8977572734536298,2019
09-168-00865,0.8491681937771683,2019
09-173-00884,0.9848646364369288,2019
09-178-00911,0.9616594728668244,2019
09-190-00961,1.0038431205488485,2019
09-150-00787,0.8699656324003809,2019
09-175-00891,0.8863545090343868,2019
09-184-00934,0.9569129528386136,2019
09-188-00952,0.9365081116716806,2019
09-193-00979,0.9249040886147034,2019
09-170-00871,0.8499925896548189,2019
09-182-00925,0.909222438618769,2019
09-193-00978,0.9244611746388646,2019
09-157-00820,0.9010548446452884,2019
09-193-00975,0.9253614177440308,2019
09-193-00980,0.9244328576093096,2019
09-191-00967,1.0065745287737666,2019
09-153-00797,,2019
09-176-00898,0.893407821389127,2019
09-176-00898,0.893407821389127,2019
09-176-00898,0.893407821389127,2019
09-176-00898,0.893407821389127,2019
09-180-00921,0.8659898597078124,2019
09-150-00784,0.8721086185775839,2019
09-194-00982,1.0133887065171172,2019
09-149-00782,0.8563876595373715,2019
09-189-01020,0.94315836673235,2019
09-192-00971,0.965019190843268,2019
09-188-00954,0.9369721913139488,2019
09-153-00799,0.8778046921130364,2019
09-176-00900,0.8934990401142222,2019
09-176-00897,0.8928624728219174,2019
09-158-00825,0.9230833282271208,2019
09-156-00817,0.8947014936562924,2019
09-173-00882,0.9854231331197014,2019
09-197-00995,0.900227844228113,2019
09-175-00889,0.8876952647717747,2019
09-175-00889,0.8876952647717747,2019
09-175-00889,0.8876952647717747,2019
09-175-00889,0.8876952647717747,2019
09-191-00968,1.0063576385256323,2019
09-191-00968,1.0063576385256323,2019
09-191-00968,1.0063576385256323,2019
09-191-00968,1.0063576385256323,2019
09-187-00946,0.9259562924938696,2019
09-173-00883,0.9870454780763444,2019
09-202-01012,0.8659732201565881,2019
09-153-00798,0.8875405181767678,2019
09-164-00849,0.8487234555448638,2019
09-160-00834,0.8635697481969258,2019
09-754-00778,0.8738773283028443,2019
09-188-00950,0.9349237817150025,2019
09-183-00928,0.9049366213808464,2019
09-170-00872,0.8502239525155696,2019
09-191-00966,0.984518615261176,2019
09-162-00842,0.8506609802317006,2019
09-198-00999,0.9375416454484004,2019
09-163-00845,0.8512779794161451,2019
09-163-00845,0.8512779794161451,2019
09-178-00910,0.961683533777734,2019
09-178-00910,0.961683533777734,2019
09-178-00910,0.961683533777734,2019
09-178-00910,0.961683533777734,2019
09-134-00715,0.9008767094265338,2019
09-134-00715,0.9008767094265338,2019
09-157-00822,0.9013291089174128,2019
09-199-01000,0.8887233085611209,2019
09-150-00785,0.8707253052559681,2019
09-177-00903,0.9456213179130264,2019
09-175-00894,0.8866847345852313,2019
09-191-00970,1.003507971536732,2019
09-186-00941,0.9550314013318107,2019
09-138-00734,0.8724495161413243,2019
09-138-00733,0.8729022967886095,2019
09-166-00859,0.8772283268542992,2019
09-168-00867,0.8488666229241582,2019
09-192-00973,0.9638064994917596,2019
09-171-00876,0.8647361492865716,2019
09-145-00764,0.8498610650846374,2019
09-145-00762,0.8503898673224042,2019
09-163-00845,0.8512779794161451,2019
09-193-00977,0.9248727060194608,2019
09-163-00845,0.8512779794161451,2019
09-201-01007,0.8615828556520788,2019
09-170-00873,0.8499845157664502,2019
09-150-00786,0.870238664398413,2019
09-142-00748,0.8855407922318965,2019
09-137-00730,0.8932435212998843,2019
09-706-00914,0.9618490221779138,2019
09-175-00890,0.8923794638822059,2019
09-150-00788,0.871129343302296,2019
09-150-00788,0.871129343302296,2019
09-150-00788,0.871129343302296,2019
09-150-00788,0.871129343302296,2019
09-187-00944,0.9265815573235512,2019
09-184-00933,0.9561527077826102,2019
09-170-00874,0.8532720678926398,2019
09-180-00919,0.8736093421168548,2019
09-134-00712,0.9012281329816826,2019
09-134-00714,0.9052555637350372,2019
09-133-00708,0.8785265024812234,2019
09-179-06868,0.9610648906728751,2019
09-706-00912,0.960272172596108,2019
09-195-00990,0.9389913003447076,2019
09-192-00974,0.9644708837050912,2019
09-166-00856,0.876715837576904,2019
09-153-00800,0.8771427812393994,2019
09-178-00908,0.965027548629758,2019
09-163-00843,0.8513922875992632,2019
09-175-00892,0.8860866478837913,2019
09-148-00776,0.8686018360149884,2019
09-144-00757,0.8595924575017162,2019
09-161-00837,0.8593525883669555,2019
09-146-00767,0.8546937773245874,2019
09-146-00768,0.8534583910979981,2019
09-159-00830,0.8585464738732205,2019
09-135-00718,0.8929237327538858,2019
09-135-00718,0.8929237327538858,2019
09-135-00718,0.8929237327538858,2019
09-135-00718,0.8929237327538858,2019
09-181-00923,0.8661550094727883,2019
09-161-00839,0.8571864341695108,2019
09-132-00701,0.8753593807685558,2019
09-139-00735,0.8500227626647509,2019
09-146-00770,0.854289369509841,2019
09-139-00736,0.8499283914368025,2019
09-146-00765,0.8616039736850855,2019
09-159-00831,0.8580792156207487,2019
09-146-00766,0.8548370672437365,2019
09-151-00792,0.8772467130743048,2019
09-182-00927,0.9108791174691212,2019
09-165-00854,0.8534380656632471,2019
09-156-00816,0.8931599520420308,2019
09-158-00828,0.9272929550575298,2019
09-136-00727,0.8907628351722474,2019
09-182-00926,0.9111972202335012,2019
09-136-00727,0.8907628351722474,2019
09-136-00727,0.8907628351722474,2019
09-137-00718,0.8934702768493099,2019
09-137-00718,0.8934702768493099,2019
09-137-00718,0.8934702768493099,2019
09-137-00718,0.8934702768493099,2019
09-139-00737,0.8510577697769273,2019
09-154-00804,0.8718844094741289,2019
09-154-00808,0.8724106126658417,2019
09-154-00803,0.8717425648140077,2019
09-154-00807,0.8731218916249542,2019
09-154-00805,0.8719707256540516,2019
09-154-00806,0.8719085094151902,2019
09-151-00790,0.8791723953922608,2019
09-143-00755,0.8694006145454831,2019
09-143-00752,0.8686135029712528,2019
09-143-00756,0.8688447171638114,2019
09-143-00753,0.8697753130681289,2019
09-151-00791,0.8747723117062551,2019
09-143-00754,0.869428297640075,2019
09-136-00723,0.8914330405049018,2019
09-147-00774,0.8621810134910175,2019
09-144-00758,0.8615428380497119,2019
09-704-00707,0.8636116724924032,2019
09-152-00795,0.8544590717325641,2019
09-136-00727,0.8907628351722474,2019
09-199-01002,0.8887951624865164,2019
09-160-00835,0.8636187762523952,2019
09-183-00930,0.9058290655049852,2019
09-191-00969,1.005348277050066,2019
09-191-00969,1.005348277050066,2019
09-191-00969,1.005348277050066,2019
09-191-00969,1.005348277050066,2019
09-191-00969,1.005348277050066,2019
09-191-00969,1.005348277050066,2019
09-191-00969,1.005348277050066,2019
09-191-00969,1.005348277050066,2019
09-153-00801,0.8777196355927578,2019
09-173-00881,0.9841377913093226,2019
09-169-00868,0.8650011315588445,2019
09-175-00895,0.8865598362207131,2019
09-165-00855,0.853646227665731,2019
09-194-00986,1.0098386972698858,2019
09-142-00751,0.8841639726417029,2019
09-133-00710,0.8785148329448177,2019
09-186-00942,0.9543942081671456,2019
09-188-00953,0.9352975578942296,2019
09-167-00863,0.8880282926310411,2019
09-172-00879,0.8882796608830794,2019
09-202-01010,0.8662413198790484,2019
09-189-00957,0.9452297830280888,2019
09-171-00875,0.8642603908196062,2019
09-191-00969,1.005348277050066,2019
09-706-00824,0.9599102291376636,2019
09-191-00969,1.005348277050066,2019
09-191-00969,1.005348277050066,2019
09-178-00907,0.9615863522867484,2019
09-178-00907,0.9615863522867484,2019
09-178-00907,0.9615863522867484,2019
09-178-00907,0.9615863522867484,2019
09-189-00958,0.9439648796469962,2019
09-167-00861,0.8881855419910454,2019
09-166-00858,0.8772393281973728,2019
09-179-00915,0.9678051256022449,2019
09-175-00888,0.8871677989970749,2019
09-177-00904,0.9455505394901416,2019
09-142-00747,0.8849264705467424,2019
09-155-00810,0.8530775377375441,2019
09-176-00899,0.8936327825794789,2019
09-174-00885,0.8934068837902334,2019
09-163-00847,0.8514227266353042,2019
09-193-00976,0.925236333063678,2019
09-142-00745,0.8855437025626428,2019
09-194-00981,1.01320964337323,2019
09-196-00992,0.9042723305413316,2019
09-191-00969,1.005348277050066,2019
09-191-00969,1.005348277050066,2019
09-191-00969,1.005348277050066,2019
09-191-00969,1.005348277050066,2019
09-191-00969,1.005348277050066,2019
09-194-00985,1.0098990483558583,2019
09-183-00931,0.906761935276779,2019
09-174-00886,0.8924776153756185,2019
09-142-00746,0.8855494594253788,2019
09-133-00709,0.8775233492729808,2019
09-149-00779,0.8564747020352506,2019
09-172-00877,0.8880714685476371,2019
09-149-00780,0.8561904837906448,2019
09-164-00848,0.8499129062305425,2019
09-155-00812,0.8540733701069433,2019
09-177-00906,0.9464000147241745,2019
09-134-00713,0.9000257536886295,2019
09-156-00818,0.8952010624128776,2019
09-162-00841,0.8506950183659271,2019
09-148-00777,0.8690192901479709,2019
09-163-00846,0.851340444971869,2019
09-190-00963,1.0030040222124337,2019
09-185-00937,0.9509660506592882,2019
09-198-00997,0.9436384958562474,2019
09-185-00939,0.9461336154250206,2019
09-147-00771,0.8619775763180393,2019
09-152-00794,0.8551921375117552,2019
09-135-00717,0.8930098501251083,2019
09-136-00724,0.891023632291281,2019
09-136-00724,0.891023632291281,2019
09-136-00724,0.891023632291281,2019
09-191-00964,1.0056901958451645,2019
09-136-00724,0.891023632291281,2019
09-188-00948,0.9283584865623862,2019
09-196-00994,0.9039854918291016,2019
09-177-00905,0.9459327031690292,2019
09-201-01008,0.8616678564026414,2019
09-200-01006,0.8983514293241421,2019
09-184-00936,0.9562922230136216,2019
09-142-00749,0.8846891705774569,2019
09-153-00802,0.8776545641599999,2019
09-137-00729,0.8934489576896322,2019
09-134-00715,0.9008767094265338,2019
09-134-00715,0.9008767094265338,2019
09-163-00844,0.8514068945020865,2019
09-190-00959,1.0039121436092984,2019
09-149-00783,0.8563761090724038,2019
09-158-00827,0.9224184321658684,2019
09-141-00742,0.8364545797646075,2019
09-183-00929,0.9048176180322792,2019
09-199-01003,0.8889764750750665,2019
09-160-00833,0.8639824030419988,2019
09-145-00761,0.8498362414287087,2019
09-188-00951,0.9377048459615172,2019
09-169-00869,0.8631182983718828,2019
09-134-00716,0.9002270453148347,2019
09-754-00722,0.8756110639945154,2019
09-196-00993,0.9042449182958172,2019
09-174-00887,0.8927390828920846,2019
09-150-00789,0.8684679567108219,2019
09-132-00702,0.8756931476481966,2019
09-132-00705,0.8756782500901994,2019
09-197-00996,0.8987814543370819,2019
09-197-00996,0.8987814543370819,2019
09-197-00996,0.8987814543370819,2019
09-184-00932,0.95696188230991,2019
09-142-00750,0.8848864341370692,2019
09-155-00809,0.8532920121855114,2019
09-155-00809,0.8532920121855114,2019
09-155-00809,0.8532920121855114,2019
09-155-00809,0.8532920121855114,2019
09-168-00866,0.8488251550058921,2019
09-138-00732,0.8724981802759322,2019
09-155-00813,0.8548319269434955,2019
09-754-00721,0.8754039165967771,2019
09-158-00829,0.9618557075018206,2019
09-190-00962,1.0039829127652315,2019
09-195-00988,0.939162097337054,2019
09-188-00949,0.9349813083725556,2019
09-149-00781,0.8565482599700994,2019
09-191-00965,1.0050491487346898,2019
09-156-00814,0.8929708594667701,2019
09-190-00960,1.0039126858400484,2019
09-185-00940,0.9524820843041972,2019
09-177-00902,0.8956462457714445,2019
09-197-00996,0.8987814543370819,2019
09-144-00760,0.8591388664179213,2019
09-195-00991,0.9386789500086916,2019
09-135-00720,0.8928184418799455,2019
09-136-00726,0.8909862299025934,2019
09-152-00793,0.8549773503412982,2019
09-132-00703,0.8756824609036911,2019
09-135-00719,,2019
09-140-00738,0.864359786995765,2019
09-136-00728,0.8907086536275491,2019
09-146-00763,0.8501494768310912,2019
09-704-00706,0.8632733142707839,2019
09-161-00836,0.8574211995871626,2019
09-147-00773,0.8621746704903536,2019
09-152-00796,0.8542621881089317,2019
09-181-00924,0.8657133894541664,2019
09-144-00759,0.8594765408066125,2019
09-705-00740,0.8709478484486711,2019
09-140-00739,0.8560911116932349,2019
09-705-00741,0.873059464262595,2019
09-147-00772,0.8620400846722449,2019
09-146-00769,0.8544801336320006,2019
09-159-00832,0.8586868785164551,2019
09-161-00838,0.8572617615755621,2019
09-132-00704,0.8754381354397542,2019
09-161-00840,0.8552570226358551,2019
09-136-00725,0.8917718129900107,2019
09-187-00945,0.9263995745163428,2019
09-202-01011,0.8662780184293081,2019
09-176-00896,0.8930635096086834,2019
09-176-00896,0.8930635096086834,2019
09-158-00826,0.9216586333766112,2019
09-158-00826,0.9216586333766112,2019
09-158-00826,0.9216586333766112,2019
09-158-00826,0.9216586333766112,2019
09-158-00826,0.9216586333766112,2019
09-158-00826,0.9216586333766112,2019
09-158-00826,0.9216586333766112,2019
09-158-00826,0.9216586333766112,2019
09-158-00826,0.9216586333766112,2019
09-158-00826,0.9216586333766112,2019
09-158-00826,0.9216586333766112,2019
09-173-00880,0.9863324788978162,2019
09-173-00880,0.9863324788978162,2019
09-173-00880,0.9863324788978162,2019
09-173-00880,0.9863324788978162,2019
09-173-00880,0.9863324788978162,2019
09-173-00880,0.9863324788978162,2019
09-173-00880,0.9863324788978162,2019
09-173-00880,0.9863324788978162,2019
09-173-00880,0.9863324788978162,2019
09-173-00880,0.9863324788978162,2019
09-173-00880,0.9863324788978162,2019
09-173-00880,0.9863324788978162,2019
09-158-00826,0.9216586333766112,2019
09-173-00880,0.9863324788978162,2019
09-158-00826,0.9216586333766112,2019
09-158-00826,0.9216586333766112,2019
09-157-00819,0.9013899891938378,2019
09-148-00775,0.8692789368682726,2019
09-169-00870,0.862803955093098,2019
09-180-00920,0.8739323741205193,2019
09-187-00947,0.9263413701670524,2019
09-187-00947,0.9263413701670524,2019
09-187-00947,0.9263413701670524,2019
09-187-00947,0.9263413701670524,2019
09-158-00823,0.9230983377010732,2019
09-158-00823,0.9230983377010732,2019
09-158-00823,0.9230983377010732,2019
09-158-00823,0.9230983377010732,2019
09-145-00763,0.8505189200966625,2019
09-192-00972,0.9639922561036997,2019
09-165-00851,0.8531359100948639,2019
09-194-00983,1.0120179405029677,2019
09-157-00821,0.901399409515701,2019
09-157-00821,0.901399409515701,2019
09-157-00821,0.901399409515701,2019
09-157-00821,0.901399409515701,2019
09-179-00917,0.9681496928613336,2019
09-167-00862,0.8882228678820154,2019
09-158-00826,0.9216586333766112,2019
09-158-00826,0.9216586333766112,2019
09-176-00896,0.8930635096086834,2019
09-173-00880,0.9863324788978162,2019
09-173-00880,0.9863324788978162,2019
09-179-00916,0.9678425150394068,2019
09-184-00935,0.9566908753043448,2019
09-189-00956,0.9457568753806386,2019
09-137-00731,0.892264100054756,2019
09-156-00815,0.8940795679404124,2019
09-185-00938,0.9456654081841686,2019
09-155-00811,0.8531236316586981,2019
09-168-00864,0.8488060510979205,2019
09-176-00901,0.8947943909957345,2019
09-175-00893,0.8883785479422279,2019
09-198-00998,0.9406272239459628,2019
09-164-00850,0.8491639283631872,2019
09-200-01004,0.89785156607559,2019
09-186-00943,0.953739082730266,2019
09-195-00989,0.9395143602949316,2019
09-141-00743,0.8395256660531734,2019
09-706-00913,0.9608907692079623,2019
09-166-00857,0.8762325794925007,2019
09-172-00878,0.8877438043639344,2019
09-172-00878,0.8877438043639344,2019
09-172-00878,0.8877438043639344,2019
09-172-00878,0.8877438043639344,2019
09-176-00896,0.8930635096086834,2019
09-195-00987,0.9398007716718216,2019
09-173-00880,0.9863324788978162,2019
09-178-00909,0.9631684114887163,2019
09-201-01009,0.8615487307716759,2019
09-199-01001,0.8887821868087254,2019
09-199-01001,0.8887821868087254,2019
09-199-01001,0.8887821868087254,2019
09-199-01001,0.8887821868087254,2019
09-199-01001,0.8887821868087254,2019
09-199-01001,0.8887821868087254,2019
09-199-01001,0.8887821868087254,2019
09-199-01001,0.8887821868087254,2019
09-199-01001,0.8887821868087254,2019
09-199-01001,0.8887821868087254,2019
09-199-01001,0.8887821868087254,2019
09-199-01001,0.8887821868087254,2019
09-199-01001,0.8887821868087254,2019
09-199-01001,0.8887821868087254,2019
09-199-01001,0.8887821868087254,2019
09-199-01001,0.8887821868087254,2019
09-165-00853,0.8532170103737691,2019
09-180-00922,0.8753536435362063,2019
09-179-00918,0.9710189250486168,2019
09-166-00860,0.8772796582475065,2019
09-141-00744,0.8383258863378957,2019
09-194-00984,1.0135819162832922,2019
09-133-00711,0.8785081566334475,2019
09-165-00852,0.853328385908598,2019
09-132-00701,0.8787647674710698,2025
09-132-00702,0.8791370621915036,2025
09-132-00703,0.8791091494627666,2025
09-132-00704,0.8787834602985723,2025
09-132-00705,0.879133833303334,2025
09-133-00708,0.8823231630169653,2025
09-133-00709,0.8813261509291705,2025
09-133-00710,0.8823425724237858,2025
09-133-00711,0.8822700199623774,2025
09-134-00712,0.9043429401879488,2025
09-134-00713,0.9029087335030368,2025
09-134-00714,0.9082012464065038,2025
09-134-00715,0.9037090320250158,2025
09-134-00716,0.902988155351898,2025
09-135-00717,0.8958366709133982,2025
09-135-00718,0.8957518103667089,2025
09-135-00719,,2025
09-135-00720,0.8956068155650956,2025
09-136-00723,0.8935843110007917,2025
09-136-00724,0.8931327512334428,2025
09-136-00725,0.8939724692537285,2025
09-136-00726,0.8930928590248398,2025
09-136-00727,0.8928830148420147,2025
09-136-00728,0.8928237097346104,2025
09-137-00718,0.8961862420890675,2025
09-137-00729,0.8961610766958157,2025
09-137-00730,0.8959575634671815,2025
09-137-00731,0.8949561962619456,2025
09-138-00732,0.8763346394204803,2025
09-138-00733,0.8767600761722496,2025
09-138-00734,0.8762500751966258,2025
09-139-00735,0.8538181225467754,2025
09-139-00736,0.8538130000497963,2025
09-139-00737,0.8547240212007879,2025
09-140-00738,0.8672043492955275,2025
09-140-00739,0.8588659877175889,2025
09-141-00742,0.8393918688647799,2025
09-141-00743,0.8426789553418016,2025
09-141-00744,0.8412782046339041,2025
09-142-00745,0.891412654803003,2025
09-142-00746,0.8914196897937998,2025
09-142-00747,0.8905996502643141,2025
09-142-00748,0.8913736871347888,2025
09-142-00749,0.8904712958051586,2025
09-142-00750,0.8907006658113272,2025
09-142-00751,0.8896626821459479,2025
09-143-00752,0.8731104301507391,2025
09-143-00753,0.8743932541881184,2025
09-143-00754,0.8740066312161148,2025
09-143-00755,0.8739953022659964,2025
09-143-00756,0.873427110819767,2025
09-144-00757,0.8643021504633306,2025
09-144-00758,0.8661860874587275,2025
09-144-00759,0.8641955045312433,2025
09-144-00760,0.8637949393070414,2025
09-145-00761,0.8534257612750082,2025
09-145-00762,0.8540061370433336,2025
09-145-00763,0.8541463479553805,2025
09-145-00764,0.8534517641658701,2025
09-146-00763,0.8556410218240535,2025
09-146-00765,0.8652684672834229,2025
09-146-00766,0.8585515416797442,2025
09-146-00767,0.8583212228302561,2025
09-146-00768,0.8570803470282958,2025
09-146-00769,0.8580426388569634,2025
09-146-00770,0.8578883462973682,2025
09-147-00771,0.8658876550296224,2025
09-147-00772,0.8659032931883717,2025
09-147-00773,0.8660321790672902,2025
09-147-00774,0.8660484297880895,2025
09-148-00775,0.8731948306983207,2025
09-148-00776,0.8725122856807489,2025
09-148-00777,0.8729098112034287,2025
09-149-00779,0.8591954112578488,2025
09-149-00780,0.8589050042891362,2025
09-149-00781,0.8592690157816132,2025
09-149-00782,0.859108796264332,2025
09-149-00783,0.8590409378758792,2025
09-150-00784,0.874295043412264,2025
09-150-00785,0.8729113616886807,2025
09-150-00786,0.8724566556384504,2025
09-150-00787,0.8721757810523447,2025
09-150-00788,0.873328941677659,2025
09-150-00789,0.8706299564003764,2025
09-151-00790,0.8814449507020353,2025
09-151-00791,0.8768886003865505,2025
09-151-00792,0.8805694980790582,2025
09-152-00793,0.8567489175351423,2025
09-152-00794,0.8568933384162207,2025
09-152-00795,0.8561505924827713,2025
09-152-00796,0.8559884244535971,2025
09-153-00797,,2025
09-153-00798,0.8969970947448616,2025
09-153-00799,0.8800123629609509,2025
09-153-00800,0.8793641976659883,2025
09-153-00801,0.8799239876099743,2025
09-153-00802,0.8798442459392108,2025
09-154-00803,0.873937170984728,2025
09-154-00804,0.8740655453043642,2025
09-154-00805,0.8741465927523165,2025
09-154-00806,0.8740826711966955,2025
09-154-00807,0.8753519321474325,2025
09-154-00808,0.8746537262439745,2025
09-155-00809,0.8559797198447434,2025
09-155-00810,0.8557618451930423,2025
09-155-00811,0.8557988266140987,2025
09-155-00812,0.8568185837064907,2025
09-155-00813,0.8576111072499467,2025
09-156-00814,0.8963283488544739,2025
09-156-00815,0.8975597291688362,2025
09-156-00816,0.8965298620287717,2025
09-156-00817,0.8982635458819958,2025
09-156-00818,0.898673457163975,2025
09-157-00819,0.903564981735598,2025
09-157-00820,0.9032471249472775,2025
09-157-00821,0.9035483864725488,2025
09-157-00822,0.9034592292871853,2025
09-158-00823,0.9263263032265212,2025
09-158-00825,0.9263171981273608,2025
09-158-00826,0.9244076756163851,2025
09-158-00827,0.9255914565037936,2025
09-158-00828,0.9308951217278976,2025
09-158-00829,0.9652122957697898,2025
09-159-00830,0.8614354300554854,2025
09-159-00831,0.8609219604371225,2025
09-159-00832,0.8615585614324792,2025
09-160-00833,0.8669695141397957,2025
09-160-00834,0.8666071643581597,2025
09-160-00835,0.8665718244659693,2025
09-161-00836,0.860578352557083,2025
09-161-00837,0.8626878952685608,2025
09-161-00838,0.8604249003084671,2025
09-161-00839,0.860293675392245,2025
09-161-00840,0.8580888242630672,2025
09-162-00841,0.8531715471922524,2025
09-162-00842,0.8531512700624783,2025
09-163-00843,0.853927400433774,2025
09-163-00844,0.8539440485589144,2025
09-163-00845,0.8537744511399057,2025
09-163-00846,0.853860292770254,2025
09-163-00847,0.853967679018534,2025
09-164-00848,0.8512358552849222,2025
09-164-00849,0.85031209461394,2025
09-164-00850,0.8507390433533454,2025
09-165-00851,0.856291093876901,2025
09-165-00852,0.856460806190637,2025
09-165-00853,0.8563426324101635,2025
09-165-00854,0.8565603880245448,2025
09-165-00855,0.8567899328543048,2025
09-166-00856,0.8804341158196201,2025
09-166-00857,0.8799046236966122,2025
09-166-00858,0.8809278122465085,2025
09-166-00859,0.8809102728196804,2025
09-166-00860,0.8809928481086936,2025
09-167-00861,0.8904319896990032,2025
09-167-00862,0.8904631774246791,2025
09-167-00863,0.8902845998446451,2025
09-168-00864,0.8517193681574156,2025
09-168-00865,0.8521109419311622,2025
09-168-00866,0.8517586198277176,2025
09-168-00867,0.8517922508937609,2025
09-169-00868,0.8673427903160073,2025
09-169-00869,0.8656450102309199,2025
09-169-00870,0.8653547871646161,2025
09-170-00871,0.8528203662088766,2025
09-170-00872,0.8530228373912715,2025
09-170-00873,0.852753447589026,2025
09-170-00874,0.8560896325768532,2025
09-171-00875,0.8659809912641031,2025
09-171-00876,0.8664718028695707,2025
09-172-00877,0.8909785833145175,2025
09-172-00878,0.8906473431967183,2025
09-172-00879,0.8912881130011074,2025
09-173-00880,0.990757635372976,2025
09-173-00881,0.98851109247209,2025
09-173-00882,0.989807488837478,2025
09-173-00883,0.9915053626508308,2025
09-173-00884,0.9891092070059788,2025
09-174-00885,0.8967038816645914,2025
09-174-00886,0.8953430273600913,2025
09-174-00887,0.8956962361308239,2025
09-175-00888,0.8895881278724102,2025
09-175-00889,0.8901913921019066,2025
09-175-00890,0.8950578096847371,2025
09-175-00891,0.8888311003961237,2025
09-175-00892,0.8885668433319014,2025
09-175-00893,0.8909767041888493,2025
09-175-00894,0.8893449248130787,2025
09-175-00895,0.8891677037703948,2025
09-176-00896,0.8948742185158273,2025
09-176-00897,0.8947101674611221,2025
09-176-00898,0.8952730645417268,2025
09-176-00899,0.8954124751507188,2025
09-176-00900,0.8953192087907103,2025
09-176-00901,0.8966550877846556,2025
09-177-00902,0.8975576737977972,2025
09-177-00903,0.9477237372033194,2025
09-177-00904,0.9476398669328542,2025
09-177-00905,0.948027652662214,2025
09-177-00906,0.9484633755721856,2025
09-178-00907,0.9629616884492044,2025
09-178-00908,0.9667209083617112,2025
09-178-00909,0.9647227175208206,2025
09-178-00910,0.9631008290689772,2025
09-178-00911,0.9631016266000876,2025
09-179-00915,0.9711554999989384,2025
09-179-00916,0.971176463320048,2025
09-179-00917,0.9715145323987604,2025
09-179-00918,0.9746547310552078,2025
09-179-06868,0.9643667276368532,2025
09-180-00919,0.8755744053599868,2025
09-180-00920,0.87562501475898,2025
09-180-00921,0.8678182529640531,2025
09-180-00922,0.877095446657942,2025
09-181-00923,0.8677986477787,2025
09-181-00924,0.8673356456617868,2025
09-182-00925,0.9102079761181252,2025
09-182-00926,0.9120612124688984,2025
09-182-00927,0.912036924547124,2025
09-183-00928,0.9067935835643224,2025
09-183-00929,0.9066933485847424,2025
09-183-00930,0.9076930840121544,2025
09-183-00931,0.9085532241845092,2025
09-184-00932,0.9574018714201236,2025
09-184-00933,0.9567050798743144,2025
09-184-00934,0.9573875783863826,2025
09-184-00935,0.9570759382847932,2025
09-184-00936,0.9566835176136076,2025
09-185-00937,0.951496786985512,2025
09-185-00938,0.9463089509641656,2025
09-185-00939,0.946849379058365,2025
09-185-00940,0.953108072281432,2025
09-186-00941,0.9558299979528568,2025
09-186-00942,0.9555597872801176,2025
09-186-00943,0.954834011272241,2025
09-187-00944,0.9281508465212196,2025
09-187-00945,0.927819320253524,2025
09-187-00946,0.927422186148497,2025
09-187-00947,0.9278824611213692,2025
09-188-00948,0.930430105464168,2025
09-188-00949,0.9373665903836454,2025
09-188-00950,0.937317949013624,2025
09-188-00951,0.9402720603802842,2025
09-188-00952,0.939264363422904,2025
09-188-00953,0.9375880387951576,2025
09-188-00954,0.9394643255650846,2025
09-189-00956,0.948011983084034,2025
09-189-00957,0.9474144318721548,2025
09-189-00958,0.945972217245648,2025
09-189-01020,0.945573572018942,2025
09-190-00959,1.0079842535688206,2025
09-190-00960,1.0078054062741428,2025
09-190-00961,1.0078322354765905,2025
09-190-00962,1.0081661639617567,2025
09-190-00963,1.0070681505964754,2025
09-191-00964,1.00959582562418,2025
09-191-00965,1.0087916172670377,2025
09-191-00966,0.9869001897371448,2025
09-191-00967,1.0104542034514183,2025
09-191-00968,1.0102409580527718,2025
09-191-00969,1.0091947956871814,2025
09-191-00970,1.0074217606287053,2025
09-192-00971,0.9678340456516272,2025
09-192-00972,0.9663132328068564,2025
09-192-00973,0.9665346956539697,2025
09-192-00974,0.9672693730440228,2025
09-193-00975,0.9287304586774529,2025
09-193-00976,0.9284290254398606,2025
09-193-00977,0.9283028823240542,2025
09-193-00978,0.9278372549910344,2025
09-193-00979,0.9283573649937632,2025
09-193-00980,0.927881284028394,2025
09-194-00981,1.01869373175347,2025
09-194-00982,1.0189631325503048,2025
09-194-00983,1.0176080361299302,2025
09-194-00984,1.019120899476178,2025
09-194-00985,1.0155417121934716,2025
09-194-00986,1.0155360680807637,2025
09-195-00987,0.9435643703677136,2025
09-195-00988,0.9426916936319656,2025
09-195-00989,0.94326576043339,2025
09-195-00990,0.9427073407665298,2025
09-195-00991,0.9423077900312702,2025
09-196-00992,0.9071901389255967,2025
09-196-00993,0.9070481014046604,2025
09-196-00994,0.9067115518684632,2025
09-197-00995,0.9031247698280443,2025
09-197-00996,0.901677513410404,2025
09-198-00997,0.9476152249399404,2025
09-198-00998,0.9440884467664749,2025
09-198-00999,0.9418607553094656,2025
09-199-01000,0.8920129494861309,2025
09-199-01001,0.8920395528929451,2025
09-199-01002,0.8919781902345545,2025
09-199-01003,0.8922281298328681,2025
09-200-01004,0.8984532384077187,2025
09-200-01005,0.8985096456906745,2025
09-200-01006,0.898948232214588,2025
09-201-01007,0.8659552541089169,2025
09-201-01008,0.8661205230079039,2025
09-201-01009,0.8659938766904278,2025
09-202-01010,0.8702439363861496,2025
09-202-01011,0.8702794231309677,2025
09-202-01012,0.8699715803188811,2025
09-704-00706,0.8670737420181917,2025
09-704-00707,0.867311199413883,2025
09-705-00740,0.8738602575763808,2025
09-705-00741,0.8757836123143974,2025
09-706-00824,0.9631896190505898,2025
09-706-00912,0.9633912449833926,2025
09-706-00913,0.9642114862871128,2025
09-706-00914,0.9652591256321688,2025
09-754-00721,0.8781393644248814,2025
09-754-00722,0.8785553008520964,2025
09-754-00778,0.8767023964518375,2025
09-132-00701,0.8765002666491736,2021
09-132-00702,0.876844489370777,2021
09-132-00703,0.8768246857278154,2021
09-132-00704,0.8765490971265747,2021
09-132-00705,0.8768334773263932,2021
09-133-00708,0.8797938109150624,2021
09-133-00709,0.8787938838191123,2021
09-133-00710,0.8797955899725617,2021
09-133-00711,0.8797684691833993,2021
09-134-00712,0.902314597929052,2021
09-134-00713,0.9009952305815456,2021
09-134-00714,0.9062643445814051,2021
09-134-00715,0.9018129625058142,2021
09-134-00716,0.9011483502182932,2021
09-135-00717,0.8939482894699208,2021
09-135-00718,0.8938627863522769,2021
09-135-00719,,2021
09-135-00720,0.8937435852692295,2021
09-136-00723,0.8921473381543823,2021
09-136-00724,0.8917212863599496,2021
09-136-00725,0.8924946953790374,2021
09-136-00726,0.8916831071660503,2021
09-136-00727,0.8914656051489601,2021
09-136-00728,0.8914073783049633,2021
09-137-00718,0.8943715474598454,2021
09-137-00729,0.8943524369827357,2021
09-137-00730,0.8941489112009171,2021
09-137-00731,0.8931580849673083,2021
09-138-00732,0.8737816955638296,2021
09-138-00733,0.8741844353689077,2021
09-138-00734,0.8737193351626154,2021
09-139-00735,0.8512953485902051,2021
09-139-00736,0.8512336376566976,2021
09-139-00737,0.8522427088000119,2021
09-140-00738,0.8653077635571015,2021
09-140-00739,0.8569406709726407,2021
09-141-00742,0.8374577666817864,2021
09-141-00743,0.8405884129020088,2021
09-141-00744,0.8392845816645539,2021
09-142-00745,0.8875045905109307,2021
09-142-00746,0.8875106950076275,2021
09-142-00747,0.8868216239967353,2021
09-142-00748,0.8874905069066761,2021
09-142-00749,0.8866200586456066,2021
09-142-00750,0.8868308123544248,2021
09-142-00751,0.8859904075985416,2021
09-143-00752,0.8701065201345322,2021
09-143-00753,0.8713139209696884,2021
09-143-00754,0.8709552683853488,2021
09-143-00755,0.8709326173724515,2021
09-143-00756,0.8703709473807576,2021
09-144-00757,0.861162883073902,2021
09-144-00758,0.8630925458281633,2021
09-144-00759,0.8610488395619937,2021
09-144-00760,0.8606946974775911,2021
09-145-00761,0.851033792129086,2021
09-145-00762,0.8515931725097152,2021
09-145-00763,0.8517216454805957,2021
09-145-00764,0.851059776483756,2021
09-146-00763,0.851736016913595,2021
09-146-00765,0.8628242003153378,2021
09-146-00766,0.856081847255346,2021
09-146-00767,0.8559050267190085,2021
09-146-00768,0.8546649802233085,2021
09-146-00769,0.855656359459218,2021
09-146-00770,0.8554823335397518,2021
09-147-00771,0.8632805724022874,2021
09-147-00772,0.8633268903381071,2021
09-147-00773,0.8634567984998283,2021
09-147-00774,0.8634717644722505,2021
09-148-00775,0.8705798433781907,2021
09-148-00776,0.8699034297853819,2021
09-148-00777,0.8703121068960754,2021
09-149-00779,0.8573800021809764,2021
09-149-00780,0.857091597923652,2021
09-149-00781,0.8574499358378113,2021
09-149-00782,0.8572911147388342,2021
09-149-00783,0.8572572451730238,2021
09-150-00784,0.8728231475358753,2021
09-150-00785,0.8714440409610419,2021
09-150-00786,0.8709661558894255,2021
09-150-00787,0.870694179090892,2021
09-150-00788,0.8718543001491253,2021
09-150-00789,0.8691708368340716,2021
09-151-00790,0.8799210072267802,2021
09-151-00791,0.8754817054782903,2021
09-151-00792,0.8784105080561668,2021
09-152-00793,0.8555739451989268,2021
09-152-00794,0.8557591624234542,2021
09-152-00795,0.8550177344252887,2021
09-152-00796,0.8548324991170057,2021
09-153-00797,,2021
09-153-00798,0.8909293352497936,2021
09-153-00799,0.8785377836230005,2021
09-153-00800,0.8778814670622368,2021
09-153-00801,0.8784515156969915,2021
09-153-00802,0.878383417043752,2021
09-154-00803,0.8724745315855437,2021
09-154-00804,0.8726073211602843,2021
09-154-00805,0.8726906380564269,2021
09-154-00806,0.8726281112742439,2021
09-154-00807,0.8738720537694631,2021
09-154-00808,0.8731744015525132,2021
09-155-00809,0.854185455517058,2021
09-155-00810,0.8539700776112576,2021
09-155-00811,0.8540096911256088,2021
09-155-00812,0.8549816146482939,2021
09-155-00813,0.8557642606668775,2021
09-156-00814,0.8940825786706349,2021
09-156-00815,0.8952418220985796,2021
09-156-00816,0.8942771876331023,2021
09-156-00817,0.8958959023631782,2021
09-156-00818,0.8963634885666443,2021
09-157-00819,0.9021124145099206,2021
09-157-00820,0.9017920196462668,2021
09-157-00821,0.902112224347859,2021
09-157-00822,0.902032006305733,2021
09-158-00823,0.9241817922966764,2021
09-158-00825,0.9241698839479326,2021
09-158-00826,0.922511584867246,2021
09-158-00827,0.9234723030259392,2021
09-158-00828,0.9285418373290688,2021
09-158-00829,0.9629715365286006,2021
09-159-00830,0.8595063838967227,2021
09-159-00831,0.8590244177925378,2021
09-159-00832,0.8596394802594086,2021
09-160-00833,0.8649758591183361,2021
09-160-00834,0.8645842099645098,2021
09-160-00835,0.8645997187624064,2021
09-161-00836,0.8584677187611817,2021
09-161-00837,0.8604779473607691,2021
09-161-00838,0.8583070766971176,2021
09-161-00839,0.8582125886409477,2021
09-161-00840,0.856182339201346,2021
09-162-00841,0.85151516406266,2021
09-162-00842,0.8514867178214924,2021
09-163-00843,0.852229109550644,2021
09-163-00844,0.8522436461498618,2021
09-163-00845,0.8521000164041331,2021
09-163-00846,0.8521706844478092,2021
09-163-00847,0.8522622704408348,2021
09-164-00848,0.8503022826264781,2021
09-164-00849,0.8492548271713185,2021
09-164-00850,0.8496873877748071,2021
09-165-00851,0.8541826519965086,2021
09-165-00852,0.8543661346733006,2021
09-165-00853,0.8542531891763894,2021
09-165-00854,0.8544706718875527,2021
09-165-00855,0.854685647279586,2021
09-166-00856,0.8779521009747815,2021
09-166-00857,0.8774434011961498,2021
09-166-00858,0.878467736350117,2021
09-166-00859,0.8784535510801209,2021
09-166-00860,0.8785173934361189,2021
09-167-00861,0.8889347908917422,2021
09-167-00862,0.8889698555283007,2021
09-167-00863,0.8887796309588233,2021
09-168-00864,0.849771255814558,2021
09-168-00865,0.8501485412132611,2021
09-168-00866,0.849797486675101,2021
09-168-00867,0.849836782004577,2021
09-169-00868,0.8657756883426541,2021
09-169-00869,0.8639605365719114,2021
09-169-00870,0.863664034311197,2021
09-170-00871,0.8509289157106578,2021
09-170-00872,0.8511426090607906,2021
09-170-00873,0.8509064480463627,2021
09-170-00874,0.8542504334326468,2021
09-171-00875,0.8648360225732926,2021
09-171-00876,0.8652984517358311,2021
09-172-00877,0.8890356423762301,2021
09-172-00878,0.8887143837503139,2021
09-172-00879,0.889292604655233,2021
09-173-00880,0.9878070498049576,2021
09-173-00881,0.9855960827601788,2021
09-173-00882,0.9868763776553242,2021
09-173-00883,0.9885345507232394,2021
09-173-00884,0.9862383273514588,2021
09-174-00885,0.8945640134398698,2021
09-174-00886,0.8934433077398063,2021
09-174-00887,0.8937483864242742,2021
09-175-00888,0.8879693199702609,2021
09-175-00889,0.8885290284228945,2021
09-175-00890,0.8932614930246136,2021
09-175-00891,0.8871727889043762,2021
09-175-00892,0.886909589903905,2021
09-175-00893,0.88926296414238,2021
09-175-00894,0.8875981302099194,2021
09-175-00895,0.8874418494964135,2021
09-176-00896,0.893657375829181,2021
09-176-00897,0.893480169133312,2021
09-176-00898,0.8940278902068924,2021
09-176-00899,0.8942041161087222,2021
09-176-00900,0.894091393826047,2021
09-176-00901,0.8954117610553555,2021
09-177-00902,0.8962766334807456,2021
09-177-00903,0.9463210911674468,2021
09-177-00904,0.946244545834891,2021
09-177-00905,0.9466373333032896,2021
09-177-00906,0.9470829200277168,2021
09-178-00907,0.9620359478226485,2021
09-178-00908,0.9655787777584,2021
09-178-00909,0.9636791830814256,2021
09-178-00910,0.9621504329780484,2021
09-178-00911,0.96212825688605,2021
09-179-00915,0.9689199783841702,2021
09-179-00916,0.9689510364357268,2021
09-179-00917,0.9692701798514604,2021
09-179-00918,0.9722390553737964,2021
09-179-06868,0.9621574494543644,2021
09-180-00919,0.8742214789178835,2021
09-180-00920,0.8744914132137668,2021
09-180-00921,0.8665919063690569,2021
09-180-00922,0.8759468573251642,2021
09-181-00923,0.8666909539326298,2021
09-181-00924,0.8662579902583981,2021
09-182-00925,0.9095426834317256,2021
09-182-00926,0.91141824241484,2021
09-182-00927,0.9112506280722136,2021
09-183-00928,0.9055481915001946,2021
09-183-00929,0.9054363916020904,2021
09-183-00930,0.9064487430382308,2021
09-183-00931,0.907345320080242,2021
09-184-00932,0.95709392832786,2021
09-184-00933,0.9563305111249056,2021
09-184-00934,0.9570655952235332,2021
09-184-00935,0.9568032710032366,2021
09-184-00936,0.9564190285355264,2021
09-185-00937,0.9511746389114476,2021
09-185-00938,0.9458696947301258,2021
09-185-00939,0.9463676736343596,2021
09-185-00940,0.9526856946402368,2021
09-186-00941,0.9552670076557784,2021
09-186-00942,0.9547665377312544,2021
09-186-00943,0.9540741499002822,2021
09-187-00944,0.9271034752143196,2021
09-187-00945,0.92684474435298,2021
09-187-00946,0.9264344303798008,2021
09-187-00947,0.9268500632969352,2021
09-188-00948,0.9290852476127291,2021
09-188-00949,0.9357664611877324,2021
09-188-00950,0.9357126395096842,2021
09-188-00951,0.9385662246403996,2021
09-188-00952,0.93748684072308,2021
09-188-00953,0.9360260253991632,2021
09-188-00954,0.937806759045818,2021
09-189-00956,0.9465012137945312,2021
09-189-00957,0.9459362539668954,2021
09-189-00958,0.9446390334033488,2021
09-189-01020,0.9440097487796378,2021
09-190-00959,1.0052613040592997,2021
09-190-00960,1.0051595709990078,2021
09-190-00961,1.005140950327684,2021
09-190-00962,1.0053782500380648,2021
09-190-00963,1.0043504870694993,2021
09-191-00964,1.0069980464106378,2021
09-191-00965,1.0062831671258252,2021
09-191-00966,0.9851242622948888,2021
09-191-00967,1.0078614500327572,2021
09-191-00968,1.0076481235955526,2021
09-191-00969,1.0066196872342164,2021
09-191-00970,1.0048168488595417,2021
09-192-00971,0.9659522213307886,2021
09-192-00972,0.964652637845072,2021
09-192-00973,0.9646967230197772,2021
09-192-00974,0.9653937284776558,2021
09-193-00975,0.9264715830462228,2021
09-193-00976,0.9262446332542196,2021
09-193-00977,0.9260066188729354,2021
09-193-00978,0.925574006166755,2021
09-193-00979,0.9260511661571283,2021
09-193-00980,0.9255865391837036,2021
09-194-00981,1.015034613484398,2021
09-194-00982,1.0152504747699154,2021
09-194-00983,1.0139020071325346,2021
09-194-00984,1.0154271143578324,2021
09-194-00985,1.0118067638727406,2021
09-194-00986,1.011759995556189,2021
09-195-00987,0.9410487766960062,2021
09-195-00988,0.9403004437242428,2021
09-195-00989,0.9407568452346362,2021
09-195-00990,0.9402197442620176,2021
09-195-00991,0.9398723327548592,2021
09-196-00992,0.9052526300216224,2021
09-196-00993,0.905177881002852,2021
09-196-00994,0.9048906685524776,2021
09-197-00995,0.9011926872594704,2021
09-197-00996,0.8997412159141596,2021
09-198-00997,0.9449435982316968,2021
09-198-00998,0.9416712376188788,2021
09-198-00999,0.9389725129932196,2021
09-199-01000,0.8898238078279341,2021
09-199-01001,0.8898709848889107,2021
09-199-01002,0.8898588719617708,2021
09-199-01003,0.8900632963097946,2021
09-200-01004,0.8980467983006435,2021
09-200-01005,0.8980186860432324,2021
09-200-01006,0.8985412122735779,2021
09-201-01007,0.8630352862073479,2021
09-201-01008,0.863149352510979,2021
09-201-01009,0.8630283914952717,2021
09-202-01010,0.8675721046660658,2021
09-202-01011,0.8676082368858592,2021
09-202-01012,0.8673009949342697,2021
09-704-00706,0.8645504035807815,2021
09-704-00707,0.8648355643358298,2021
09-705-00740,0.871918287937582,2021
09-705-00741,0.873936690350229,2021
09-706-00824,0.960990349264376,2021
09-706-00912,0.9612886856390036,2021
09-706-00913,0.9619953933396872,2021
09-706-00914,0.962987037248338,2021
09-754-00721,0.8762942781309006,2021
09-754-00722,0.8766107894873526,2021
09-754-00778,0.8748019482943586,2021
09-177-00902,0.8959491221243158,2020
09-185-00940,0.9525706586479412,2020
09-173-00884,0.9854838771695636,2020
09-141-00744,0.8387616717012073,2020
09-166-00860,0.8778966365227371,2020
09-179-00918,0.971643760092766,2020
09-180-00922,0.8756746611702116,2020
09-165-00853,0.8537226832063477,2020
09-199-01001,0.8893334457200861,2020
09-199-01001,0.8893334457200861,2020
09-199-01001,0.8893334457200861,2020
09-199-01001,0.8893334457200861,2020
09-199-01001,0.8893334457200861,2020
09-194-00984,1.01450132383494,2020
09-199-01001,0.8893334457200861,2020
09-199-01001,0.8893334457200861,2020
09-199-01001,0.8893334457200861,2020
09-199-01001,0.8893334457200861,2020
09-199-01001,0.8893334457200861,2020
09-199-01001,0.8893334457200861,2020
09-199-01001,0.8893334457200861,2020
09-199-01001,0.8893334457200861,2020
09-199-01001,0.8893334457200861,2020
09-199-01001,0.8893334457200861,2020
09-173-00880,0.987068132162622,2020
09-199-01001,0.8893334457200861,2020
09-133-00711,0.8791500811406074,2020
09-201-01009,0.8622845825745122,2020
09-165-00852,0.8538337272217601,2020
09-172-00878,0.8882315550781604,2020
09-172-00878,0.8882315550781604,2020
09-172-00878,0.8882315550781604,2020
09-166-00857,0.8768116847589157,2020
09-706-00913,0.9614373453760912,2020
09-141-00743,0.8400728143555413,2020
09-195-00989,0.9401184787140584,2020
09-186-00943,0.9538480228062974,2020
09-200-01004,0.897937451723369,2020
09-164-00850,0.8494197831263347,2020
09-198-00998,0.9409404077952872,2020
09-175-00893,0.8888525792331873,2020
09-176-00901,0.8950942431780967,2020
09-168-00864,0.849276106504707,2020
09-155-00811,0.8535555048340318,2020
09-185-00938,0.9457453369373848,2020
09-156-00815,0.8946649297517398,2020
09-137-00731,0.8927028603147205,2020
09-189-00956,0.9461137598915004,2020
09-184-00935,0.9567136727081632,2020
09-179-00916,0.9683905192489322,2020
09-195-00987,0.9404095110319588,2020
09-178-00909,0.9634104400132518,2020
09-173-00880,0.987068132162622,2020
09-173-00880,0.987068132162622,2020
09-173-00880,0.987068132162622,2020
09-173-00880,0.987068132162622,2020
09-167-00862,0.8885967002196427,2020
09-179-00917,0.968706226229352,2020
09-157-00821,0.9017477961414342,2020
09-157-00821,0.9017477961414342,2020
09-157-00821,0.9017477961414342,2020
09-157-00821,0.9017477961414342,2020
09-194-00983,1.0129951627998746,2020
09-165-00851,0.8536487972538369,2020
09-192-00972,0.9640838237676498,2020
09-145-00763,0.8511070590475448,2020
09-158-00823,0.923652132835908,2020
09-158-00823,0.923652132835908,2020
09-158-00823,0.923652132835908,2020
09-158-00823,0.923652132835908,2020
09-187-00947,0.9265833227983336,2020
09-187-00947,0.9265833227983336,2020
09-187-00947,0.9265833227983336,2020
09-187-00947,0.9265833227983336,2020
09-180-00920,0.8742017923657585,2020
09-169-00870,0.8632455260318636,2020
09-148-00775,0.869920482741026,2020
09-157-00819,0.9017454286739728,2020
09-174-00886,0.8929800480010309,2020
09-158-00826,0.9219646342301542,2020
09-172-00878,0.8882315550781604,2020
09-158-00826,0.9219646342301542,2020
09-158-00826,0.9219646342301542,2020
09-173-00880,0.987068132162622,2020
09-173-00880,0.987068132162622,2020
09-173-00880,0.987068132162622,2020
09-173-00880,0.987068132162622,2020
09-173-00880,0.987068132162622,2020
09-173-00880,0.987068132162622,2020
09-173-00880,0.987068132162622,2020
09-173-00880,0.987068132162622,2020
09-173-00880,0.987068132162622,2020
09-173-00880,0.987068132162622,2020
09-173-00880,0.987068132162622,2020
09-158-00826,0.9219646342301542,2020
09-158-00826,0.9219646342301542,2020
09-158-00826,0.9219646342301542,2020
09-158-00826,0.9219646342301542,2020
09-158-00826,0.9219646342301542,2020
09-158-00826,0.9219646342301542,2020
09-158-00826,0.9219646342301542,2020
09-158-00826,0.9219646342301542,2020
09-158-00826,0.9219646342301542,2020
09-158-00826,0.9219646342301542,2020
09-158-00826,0.9219646342301542,2020
09-158-00826,0.9219646342301542,2020
09-158-00826,0.9219646342301542,2020
09-176-00896,0.8933417325669651,2020
09-176-00896,0.8933417325669651,2020
09-176-00896,0.8933417325669651,2020
09-132-00704,0.8759874541246159,2020
09-161-00838,0.8577657509306621,2020
09-159-00832,0.8591539948411696,2020
09-146-00769,0.8550458128131958,2020
09-147-00772,0.8626815030806785,2020
09-705-00741,0.8734441365962203,2020
09-140-00739,0.8563690432422563,2020
09-705-00740,0.8714305405201153,2020
09-144-00759,0.8602617319489614,2020
09-181-00924,0.8659866704799027,2020
09-152-00796,0.8545370889358158,2020
09-147-00773,0.8628077497394487,2020
09-161-00836,0.8579320278434266,2020
09-704-00706,0.8639350869082943,2020
09-146-00763,0.8505353319057817,2020
09-136-00728,0.8910446557717421,2020
09-140-00738,0.8648316651856652,2020
09-135-00719,,2020
09-132-00703,0.8762540845563515,2020
09-152-00793,0.8552868168002766,2020
09-136-00726,0.8913235539659469,2020
09-132-00705,0.8762638590234463,2020
09-144-00760,0.8599273081490095,2020
09-161-00840,0.8556804322578312,2020
09-132-00702,0.8762768323420743,2020
09-136-00725,0.8921149936695062,2020
09-187-00945,0.9265652429333928,2020
09-190-00960,1.004440378342845,2020
09-156-00814,0.893510551672699,2020
09-191-00965,1.0056377478467828,2020
09-149-00781,0.8569893316601818,2020
09-188-00949,0.9353520735789168,2020
09-195-00988,0.9396546448418374,2020
09-190-00962,1.0046823145102732,2020
09-158-00829,0.96240676884101,2020
09-754-00721,0.8758078679289238,2020
09-155-00813,0.8553046436747318,2020
09-138-00732,0.8731497826790766,2020
09-168-00866,0.8492995492238815,2020
09-155-00809,0.8537336172319564,2020
09-155-00809,0.8537336172319564,2020
09-155-00809,0.8537336172319564,2020
09-155-00809,0.8537336172319564,2020
09-142-00750,0.8858710768618675,2020
09-184-00932,0.956995327963086,2020
09-197-00996,0.8992481120621113,2020
09-197-00996,0.8992481120621113,2020
09-197-00996,0.8992481120621113,2020
09-197-00996,0.8992481120621113,2020
09-195-00991,0.9392404948514252,2020
09-135-00720,0.8932725812111322,2020
09-183-00931,0.9070298642911252,2020
09-136-00724,0.8913613461166695,2020
09-136-00724,0.8913613461166695,2020
09-134-00716,0.9006898122566505,2020
09-169-00869,0.8635411315122901,2020
09-188-00951,0.9381404517480594,2020
09-145-00761,0.8504375336118938,2020
09-160-00833,0.8644746742579972,2020
09-199-01003,0.8895267221047525,2020
09-183-00929,0.9051130105499184,2020
09-141-00742,0.8370096378836067,2020
09-158-00827,0.9229372281597288,2020
09-149-00783,0.8568032877124335,2020
09-190-00959,1.004566212788769,2020
09-163-00844,0.8518062115355406,2020
09-134-00715,0.901322679973276,2020
09-134-00715,0.901322679973276,2020
09-137-00729,0.8938976334820233,2020
09-153-00802,0.8780167061580765,2020
09-142-00749,0.8856616106091232,2020
09-184-00936,0.95635062519813,2020
09-200-01006,0.8984277584740792,2020
09-201-01008,0.8624032022922383,2020
09-177-00905,0.9462973589421164,2020
09-150-00789,0.8687870417037213,2020
09-176-00896,0.8933417325669651,2020
09-754-00722,0.8761409338740911,2020
09-136-00724,0.8913613461166695,2020
09-196-00993,0.9047071497635156,2020
09-174-00887,0.893287267856669,2020
09-136-00724,0.8913613461166695,2020
09-135-00717,0.8934716590700074,2020
09-152-00794,0.8554719850803871,2020
09-147-00771,0.862628326161875,2020
09-185-00939,0.9462404199606184,2020
09-198-00997,0.944244329242431,2020
09-185-00937,0.9511396900745552,2020
09-190-00963,1.0036513162515144,2020
09-163-00846,0.8517350524545441,2020
09-148-00777,0.8696579672371366,2020
09-162-00841,0.8510940234553173,2020
09-156-00818,0.8957915041863165,2020
09-134-00713,0.9005272502602961,2020
09-177-00906,0.9467308266243832,2020
09-155-00812,0.8545128067477692,2020
09-164-00848,0.8500160107490851,2020
09-149-00780,0.8566337430411991,2020
09-172-00877,0.8885429798456167,2020
09-149-00779,0.8569246891610464,2020
09-133-00709,0.8781669466807374,2020
09-142-00746,0.8865387997774897,2020
09-191-00964,1.006354173369349,2020
09-188-00948,0.9287939754632252,2020
09-196-00994,0.9044303959961616,2020
09-200-01005,0.8979085875936363,2020
09-199-01002,0.8893321870649544,2020
09-145-00762,0.8509881091180154,2020
09-191-00969,1.0059585788672327,2020
09-191-00969,1.0059585788672327,2020
09-196-00992,0.904773787655405,2020
09-194-00981,1.0141146020108562,2020
09-142-00745,0.8865330079334924,2020
09-193-00976,0.925625566991817,2020
09-163-00847,0.8518237674676984,2020
09-174-00885,0.8940946729888497,2020
09-176-00899,0.8938777811239615,2020
09-155-00810,0.8535199035269897,2020
09-142-00747,0.8858813231514481,2020
09-177-00904,0.9458929096783736,2020
09-175-00888,0.8875487867359653,2020
09-179-00915,0.9683580217673676,2020
09-166-00858,0.8778496680034844,2020
09-167-00861,0.8885609012757743,2020
09-189-00958,0.9443252209936192,2020
09-178-00907,0.9617912529294042,2020
09-178-00907,0.9617912529294042,2020
09-178-00907,0.9617912529294042,2020
09-178-00907,0.9617912529294042,2020
09-183-00930,0.9061283353962256,2020
09-706-00824,0.960422035942022,2020
09-191-00969,1.0059585788672327,2020
09-160-00835,0.8641020719542525,2020
09-191-00969,1.0059585788672327,2020
09-191-00969,1.0059585788672327,2020
09-202-01010,0.8668997636390304,2020
09-172-00879,0.8888025474942536,2020
09-167-00863,0.8884015337682756,2020
09-188-00953,0.9355856037372824,2020
09-186-00942,0.954546922494272,2020
09-133-00710,0.8791654547550883,2020
09-142-00751,0.8850649394864545,2020
09-194-00986,1.0108312149923713,2020
09-165-00855,0.8541478443074073,2020
09-175-00895,0.8870245404222616,2020
09-169-00868,0.8653744289725294,2020
09-173-00881,0.984868183314803,2020
09-153-00801,0.8780796265465927,2020
09-191-00969,1.0059585788672327,2020
09-191-00969,1.0059585788672327,2020
09-191-00969,1.0059585788672327,2020
09-191-00969,1.0059585788672327,2020
09-191-00969,1.0059585788672327,2020
09-191-00969,1.0059585788672327,2020
09-191-00969,1.0059585788672327,2020
09-191-00969,1.0059585788672327,2020
09-191-00969,1.0059585788672327,2020
09-191-00969,1.0059585788672327,2020
09-191-00969,1.0059585788672327,2020
09-189-00957,0.94553811999357,2020
09-182-00926,0.911179059970576,2020
09-156-00816,0.8937042126683444,2020
09-144-00758,0.8623183320433481,2020
09-147-00774,0.8628291956335657,2020
09-136-00723,0.8917834824834876,2020
09-143-00754,0.8701935790533161,2020
09-151-00791,0.8751348916798646,2020
09-143-00753,0.8705444786865778,2020
09-143-00756,0.8696060080978517,2020
09-143-00752,0.8693479188855184,2020
09-143-00755,0.8701676533231993,2020
09-151-00790,0.87952769106931,2020
09-154-00806,0.8722583028516145,2020
09-154-00805,0.8723201602083499,2020
09-154-00807,0.8735134500567576,2020
09-154-00803,0.8721090567987049,2020
09-154-00808,0.8728228684889562,2020
09-154-00804,0.8722374485836719,2020
09-139-00737,0.8515852359149491,2020
09-137-00718,0.893912275743339,2020
09-137-00718,0.893912275743339,2020
09-137-00718,0.893912275743339,2020
09-137-00718,0.893912275743339,2020
09-202-01011,0.8669363345919515,2020
09-178-00911,0.961868484903148,2020
09-704-00707,0.8642039778766227,2020
09-158-00828,0.9280045189760792,2020
09-152-00795,0.8547279117996599,2020
09-136-00727,0.8911057493945646,2020
09-165-00854,0.8539366037439874,2020
09-182-00927,0.9110316915790988,2020
09-151-00792,0.8779307235475973,2020
09-146-00766,0.8554731010163104,2020
09-159-00831,0.8585454063030047,2020
09-146-00765,0.8622063409335562,2020
09-139-00736,0.8506013710408646,2020
09-146-00770,0.854873339794774,2020
09-139-00735,0.8506744490909963,2020
09-132-00701,0.8759416736131191,2020
09-161-00839,0.8576793426949918,2020
09-181-00923,0.8663979976958169,2020
09-135-00718,0.8933859244838053,2020
09-135-00718,0.8933859244838053,2020
09-135-00718,0.8933859244838053,2020
09-135-00718,0.8933859244838053,2020
09-159-00830,0.8590202765894566,2020
09-146-00768,0.8540608974418261,2020
09-146-00767,0.8553039942506303,2020
09-161-00837,0.8599373417190863,2020
09-144-00757,0.8603786237284212,2020
09-136-00727,0.8911057493945646,2020
09-136-00727,0.8911057493945646,2020
09-136-00727,0.8911057493945646,2020
09-168-00865,0.8496551724137932,2020
09-171-00875,0.8645504187784401,2020
09-175-00892,0.8864896694237628,2020
09-166-00856,0.8773272595250348,2020
09-192-00974,0.9649098784340628,2020
09-195-00990,0.939583519288176,2020
09-706-00912,0.9607376004833178,2020
09-179-06868,0.9615935306195798,2020
09-133-00708,0.8791638615271982,2020
09-134-00714,0.9058051664000571,2020
09-134-00712,0.9018607092899033,2020
09-180-00919,0.873800218141171,2020
09-170-00874,0.8538479047268479,2020
09-184-00933,0.9562259393140174,2020
09-187-00944,0.9268346091084796,2020
09-150-00788,0.8714680338704975,2020
09-150-00788,0.8714680338704975,2020
09-150-00788,0.8714680338704975,2020
09-150-00788,0.8714680338704975,2020
09-175-00890,0.8927959286769934,2020
09-706-00914,0.962421431673422,2020
09-137-00730,0.8936971997430314,2020
09-142-00748,0.8865258862748395,2020
09-150-00786,0.8705798472528399,2020
09-170-00873,0.8504446845348801,2020
09-198-00999,0.93824312871084,2020
09-153-00800,0.8775105511134922,2020
09-162-00842,0.8510646835408819,2020
09-201-01007,0.8622977994070663,2020
09-163-00845,0.851667454028719,2020
09-145-00764,0.8504645089724182,2020
09-171-00876,0.8649880890612804,2020
09-192-00973,0.9642115459041068,2020
09-168-00867,0.8493405596411849,2020
09-166-00859,0.8778364802780212,2020
09-138-00733,0.8735380595194651,2020
09-138-00734,0.8730910707409743,2020
09-186-00941,0.955086949769298,2020
09-191-00970,1.0041645994540165,2020
09-175-00894,0.887196176460947,2020
09-177-00903,0.9459698568143112,2020
09-150-00785,0.8710640128414513,2020
09-199-01000,0.8892820699399386,2020
09-157-00822,0.9016656726722638,2020
09-134-00715,0.901322679973276,2020
09-134-00715,0.901322679973276,2020
09-178-00910,0.9619037802591976,2020
09-178-00910,0.9619037802591976,2020
09-178-00910,0.9619037802591976,2020
09-178-00910,0.9619037802591976,2020
09-163-00845,0.851667454028719,2020
09-163-00845,0.851667454028719,2020
09-163-00845,0.851667454028719,2020
09-178-00908,0.9652812006611594,2020
09-148-00776,0.8692456642163641,2020
09-191-00966,0.9844486897714088,2020
09-149-00782,0.8568327168369563,2020
09-754-00778,0.8743024944994855,2020
09-160-00834,0.8640781321365543,2020
09-164-00849,0.848992335812562,2020
09-153-00798,0.8896586729084343,2020
09-202-01012,0.8666274299912814,2020
09-173-00883,0.9877941511611352,2020
09-187-00946,0.9261713691287192,2020
09-191-00968,1.0069923074328553,2020
09-191-00968,1.0069923074328553,2020
09-191-00968,1.0069923074328553,2020
09-191-00968,1.0069923074328553,2020
09-175-00889,0.8881136171360344,2020
09-175-00889,0.8881136171360344,2020
09-175-00889,0.8881136171360344,2020
09-175-00889,0.8881136171360344,2020
09-197-00995,0.9007087284966221,2020
09-173-00882,0.9861378960832832,2020
09-156-00817,0.8953132188791216,2020
09-158-00825,0.923641669973885,2020
09-176-00897,0.8931728140816874,2020
09-176-00900,0.8937669202661557,2020
09-193-00977,0.9254184632853986,2020
09-163-00843,0.8517928900765828,2020
09-188-00950,0.9352978553614948,2020
09-170-00872,0.8506586740151814,2020
09-183-00928,0.9052262268468798,2020
09-188-00954,0.93738551897286,2020
09-194-00982,1.0143250424012356,2020
09-150-00784,0.8724343866396974,2020
09-180-00921,0.8662782000738081,2020
09-176-00898,0.8937137376281805,2020
09-176-00898,0.8937137376281805,2020
09-176-00898,0.8937137376281805,2020
09-176-00898,0.8937137376281805,2020
09-153-00797,,2020
09-191-00967,1.0072030988742704,2020
09-189-01020,0.9436726531456344,2020
09-193-00980,0.9250160553066332,2020
09-157-00820,0.9014343043456184,2020
09-193-00978,0.9249921223115256,2020
09-182-00925,0.9093651516574602,2020
09-170-00871,0.8504503684606041,2020
09-193-00979,0.9254671469969934,2020
09-188-00952,0.9371036041144049,2020
09-184-00934,0.9569760702476752,2020
09-175-00891,0.8867480597885821,2020
09-150-00787,0.8703122632901467,2020
09-190-00961,1.0044271863803798,2020
09-193-00975,0.9258903586294795,2020
09-192-00971,0.9654734777337636,2020
09-153-00799,0.8781656300910686,2020
09-194-00985,1.010898295062603,2020
09-132-00701,0.8770663918546476,2022
09-132-00702,0.8774176325759586,2022
09-132-00703,0.8773958016615532,2022
09-132-00704,0.8771076879195742,2022
09-132-00705,0.8774085663206285,2022
09-133-00708,0.8804261489405382,2022
09-133-00709,0.8794269505966268,2022
09-133-00710,0.8804323355853677,2022
09-133-00711,0.8803938568781438,2022
09-134-00712,0.9028216834937762,2022
09-134-00713,0.9014736063119184,2022
09-134-00714,0.90674857003768,2022
09-134-00715,0.9022869798856146,2022
09-134-00716,0.9016083015016944,2022
09-135-00717,0.8944203848307901,2022
09-135-00718,0.8943350423558849,2022
09-135-00719,,2022
09-135-00720,0.894209392843196,2022
09-136-00723,0.8925065813659846,2022
09-136-00724,0.8920741525783229,2022
09-136-00725,0.8928641388477101,2022
09-136-00726,0.8920355451307477,2022
09-136-00727,0.8918199575722238,2022
09-136-00728,0.8917614611623751,2022
09-137-00718,0.8948252211171509,2022
09-137-00729,0.8948045969110057,2022
09-137-00730,0.8946010742674831,2022
09-137-00731,0.8936076127909677,2022
09-138-00732,0.8744199315279921,2022
09-138-00733,0.8748283455697432,2022
09-138-00734,0.8743520201711181,2022
09-139-00735,0.8519260420793475,2022
09-139-00736,0.8518784782549722,2022
09-139-00737,0.8528630369002058,2022
09-140-00738,0.865781909991708,2022
09-140-00739,0.8574220001588778,2022
09-141-00742,0.8379412922275348,2022
09-141-00743,0.8411110485119572,2022
09-141-00744,0.8397829874068915,2022
09-142-00745,0.8884816065839489,2022
09-142-00746,0.8884879437041706,2022
09-142-00747,0.88776613056363,2022
09-142-00748,0.8884613019637042,2022
09-142-00749,0.8875828679354945,2022
09-142-00750,0.8877982757186504,2022
09-142-00751,0.8869084762353934,2022
09-143-00752,0.8708574976385839,2022
09-143-00753,0.872083754274296,2022
09-143-00754,0.8717181090930401,2022
09-143-00755,0.8716982885958376,2022
09-143-00756,0.87113498824051,2022
09-144-00757,0.8619476999212592,2022
09-144-00758,0.8638659312358044,2022
09-144-00759,0.8618355058043061,2022
09-144-00760,0.8614697579349537,2022
09-145-00761,0.8516317844155665,2022
09-145-00762,0.8521964136431197,2022
09-145-00763,0.8523278210992918,2022
09-145-00764,0.8516577734042845,2022
09-146-00763,0.8527122681412096,2022
09-146-00765,0.863435267057359,2022
09-146-00766,0.8566992708614456,2022
09-146-00767,0.8565090757468203,2022
09-146-00768,0.8552688219245553,2022
09-146-00769,0.8562529293086544,2022
09-146-00770,0.856083836729156,2022
09-147-00771,0.863932343059121,2022
09-147-00772,0.8639709910506732,2022
09-147-00773,0.8641006436416938,2022
09-147-00774,0.8641159308012103,2022
09-148-00775,0.8712335902082232,2022
09-148-00776,0.8705556437592238,2022
09-148-00777,0.8709615329729138,2022
09-149-00779,0.8578338544501946,2022
09-149-00780,0.857544949515023,2022
09-149-00781,0.8579047058237618,2022
09-149-00782,0.8577455351202087,2022
09-149-00783,0.8577031683487376,2022
09-150-00784,0.8731911215049725,2022
09-150-00785,0.8718108711429516,2022
09-150-00786,0.8713387808266817,2022
09-150-00787,0.8710645795812552,2022
09-150-00788,0.8722229605312587,2022
09-150-00789,0.8695356167256478,2022
09-151-00790,0.880301993095594,2022
09-151-00791,0.8758334292053553,2022
09-151-00792,0.8789502555618895,2022
09-152-00793,0.8558676882829807,2022
09-152-00794,0.8560427064216458,2022
09-152-00795,0.8553009489396594,2022
09-152-00796,0.8551214804511535,2022
09-153-00797,,2022
09-153-00798,0.8924462751235605,2022
09-153-00799,0.8789064284574881,2022
09-153-00800,0.8782521497131747,2022
09-153-00801,0.8788196336752372,2022
09-153-00802,0.8787486242676167,2022
09-154-00803,0.8728401914353398,2022
09-154-00804,0.8729718771963043,2022
09-154-00805,0.8730546267303992,2022
09-154-00806,0.8729917512548567,2022
09-154-00807,0.8742420233639554,2022
09-154-00808,0.8735442327253785,2022
09-155-00809,0.8546340215989794,2022
09-155-00810,0.8544180195067038,2022
09-155-00811,0.8544569749977312,2022
09-155-00812,0.8554408569128431,2022
09-155-00813,0.8562259723126449,2022
09-156-00814,0.8946440212165946,2022
09-156-00815,0.8958212988661438,2022
09-156-00816,0.8948403562320196,2022
09-156-00817,0.8964878132428825,2022
09-156-00818,0.8969409807159769,2022
09-157-00819,0.90247555631634,2022
09-157-00820,0.9021557959715196,2022
09-157-00821,0.9024712648790316,2022
09-157-00822,0.902388812051096,2022
09-158-00823,0.9247179200291376,2022
09-158-00825,0.9247067124927896,2022
09-158-00826,0.9229856075545309,2022
09-158-00827,0.9240020913954028,2022
09-158-00828,0.929130158428776,2022
09-158-00829,0.963531726338898,2022
09-159-00830,0.8599886454364134,2022
09-159-00831,0.859498803453684,2022
09-159-00832,0.8601192505526762,2022
09-160-00833,0.865474272873701,2022
09-160-00834,0.8650899485629222,2022
09-160-00835,0.8650927451882972,2022
09-161-00836,0.8589953772101572,2022
09-161-00837,0.8610304343377171,2022
09-161-00838,0.8588365325999551,2022
09-161-00839,0.858732860328772,2022
09-161-00840,0.8566589604667763,2022
09-162-00841,0.8519292598450581,2022
09-162-00842,0.8519028558817389,2022
09-163-00843,0.8526536822714265,2022
09-163-00844,0.8526687467521249,2022
09-163-00845,0.8525186250880763,2022
09-163-00846,0.8525930865284204,2022
09-163-00847,0.8526886225852596,2022
09-164-00848,0.8505356757910891,2022
09-164-00849,0.8495191440319739,2022
09-164-00850,0.8499503016694417,2022
09-165-00851,0.8547097624666067,2022
09-165-00852,0.8548898025526347,2022
09-165-00853,0.8547755499848328,2022
09-165-00854,0.8549931009218007,2022
09-165-00855,0.8552117186732656,2022
09-166-00856,0.878572604685991,2022
09-166-00857,0.8780587068212653,2022
09-166-00858,0.8790827553242149,2022
09-166-00859,0.8790677315150107,2022
09-166-00860,0.8791362571042626,2022
09-167-00861,0.8893090905935574,2022
09-167-00862,0.8893431860023953,2022
09-167-00863,0.8891558731802788,2022
09-168-00864,0.8502582839002724,2022
09-168-00865,0.8506391413927363,2022
09-168-00866,0.8502877699632552,2022
09-168-00867,0.8503256492268729,2022
09-169-00868,0.8661674638359923,2022
09-169-00869,0.8643816549866635,2022
09-169-00870,0.8640867225245518,2022
09-170-00871,0.8514017783352125,2022
09-170-00872,0.8516126661434108,2022
09-170-00873,0.8513681979320286,2022
09-170-00874,0.8547102332186984,2022
09-171-00875,0.8651222647459952,2022
09-171-00876,0.865591789519266,2022
09-172-00877,0.889521377610802,2022
09-172-00878,0.889197623611915,2022
09-172-00879,0.8897914817417016,2022
09-173-00880,0.9885446961969624,2022
09-173-00881,0.9863248351881566,2022
09-173-00882,0.9876091554508626,2022
09-173-00883,0.9892772537051372,2022
09-173-00884,0.9869560472650888,2022
09-174-00885,0.8950989804960501,2022
09-174-00886,0.8939182376448775,2022
09-174-00887,0.8942353488509116,2022
09-175-00888,0.8883740219457982,2022
09-175-00889,0.8889446193426476,2022
09-175-00890,0.8937105721896444,2022
09-175-00891,0.8875873667773131,2022
09-175-00892,0.8873239032609042,2022
09-175-00893,0.8896913991539973,2022
09-175-00894,0.8880348288607092,2022
09-175-00895,0.8878733130649088,2022
09-176-00896,0.8939615865008426,2022
09-176-00897,0.8937876687152645,2022
09-176-00898,0.8943391837906011,2022
09-176-00899,0.8945062058692214,2022
09-176-00900,0.8943983475672128,2022
09-176-00901,0.8957225927376805,2022
09-177-00902,0.8965968935600085,2022
09-177-00903,0.9466717526764148,2022
09-177-00904,0.9465933761093818,2022
09-177-00905,0.9469849131430208,2022
09-177-00906,0.947428033913834,2022
09-178-00907,0.9622673829792874,2022
09-178-00908,0.9658643104092278,2022
09-178-00909,0.9639400666912744,2022
09-178-00910,0.9623880320007806,2022
09-178-00911,0.9623715993145596,2022
09-179-00915,0.9694788587878624,2022
09-179-00916,0.969507393156807,2022
09-179-00917,0.9698312679882856,2022
09-179-00918,0.9728429742941492,2022
09-179-06868,0.9627097689999866,2022
09-180-00919,0.8745597105284093,2022
09-180-00920,0.8747748136000701,2022
09-180-00921,0.866898493017806,2022
09-180-00922,0.8762340046583587,2022
09-181-00923,0.8669678773941474,2022
09-181-00924,0.8665274041092453,2022
09-182-00925,0.9097090066033257,2022
09-182-00926,0.9115789849283544,2022
09-182-00927,0.9114472021909412,2022
09-183-00928,0.9058595395162266,2022
09-183-00929,0.9057506308477532,2022
09-183-00930,0.9067598282817116,2022
09-183-00931,0.9076472961063088,2022
09-184-00932,0.957170914100926,2022
09-184-00933,0.9564241533122578,2022
09-184-00934,0.9571460910142456,2022
09-184-00935,0.9568714378236256,2022
09-184-00936,0.9564851508050468,2022
09-185-00937,0.9512551759299636,2022
09-185-00938,0.9459795087886358,2022
09-185-00939,0.9464880999903608,2022
09-185-00940,0.9527912890505356,2022
09-186-00941,0.955407755230048,2022
09-186-00942,0.95496485011847,2022
09-186-00943,0.9542641152432718,2022
09-187-00944,0.9273653180410446,2022
09-187-00945,0.927088388328116,2022
09-187-00946,0.926681369321975,2022
09-187-00947,0.9271081627530438,2022
09-188-00948,0.929421462075589,2022
09-188-00949,0.9361664934867108,2022
09-188-00950,0.9361139668856692,2022
09-188-00951,0.9389926835753708,2022
09-188-00952,0.937931221398036,2022
09-188-00953,0.9364165287481616,2022
09-188-00954,0.9382211506756346,2022
09-189-00956,0.9468789061169068,2022
09-189-00957,0.9463057984432102,2022
09-189-00958,0.9449723293639236,2022
09-189-01020,0.944400704589464,2022
09-190-00959,1.0059420414366798,2022
09-190-00960,1.0058210298177916,2022
09-190-00961,1.0058137716149105,2022
09-190-00962,1.0060752285189878,2022
09-190-00963,1.0050299029512433,2022
09-191-00964,1.0076474912140234,2022
09-191-00965,1.0069102796611282,2022
09-191-00966,0.985568244155453,2022
09-191-00967,1.0085096383874224,2022
09-191-00968,1.0082963322098573,2022
09-191-00969,1.0072634643474576,2022
09-191-00970,1.0054680768018325,2022
09-192-00971,0.9664226774109984,2022
09-192-00972,0.965067786585518,2022
09-192-00973,0.9651562161783253,2022
09-192-00974,0.9658626396192476,2022
09-193-00975,0.9270363019540302,2022
09-193-00976,0.9267907313006298,2022
09-193-00977,0.9265806847357152,2022
09-193-00978,0.9261398183728248,2022
09-193-00979,0.9266277158662872,2022
09-193-00980,0.9261602253948764,2022
09-194-00981,1.015949393051666,2022
09-194-00982,1.0161786392150127,2022
09-194-00983,1.0148285143818836,2022
09-194-00984,1.0163505606374188,2022
09-194-00985,1.0127405009529231,2022
09-194-00986,1.0127040136873324,2022
09-195-00987,0.9416776751139332,2022
09-195-00988,0.9408982562011736,2022
09-195-00989,0.9413840740343248,2022
09-195-00990,0.9408416433881456,2022
09-195-00991,0.940481197073962,2022
09-196-00992,0.905737007247616,2022
09-196-00993,0.9056454361033042,2022
09-196-00994,0.905345889381474,2022
09-197-00995,0.901675707901614,2022
09-197-00996,0.9002252902882206,2022
09-198-00997,0.9456115049087576,2022
09-198-00998,0.9422755399057778,2022
09-198-00999,0.9396945735722808,2022
09-199-01000,0.8903710932424833,2022
09-199-01001,0.8904131268899192,2022
09-199-01002,0.8903887015299667,2022
09-199-01003,0.890604504690563,2022
09-200-01004,0.8981484083274123,2022
09-200-01005,0.898141425955093,2022
09-200-01006,0.8986429672588304,2022
09-201-01007,0.8637652781827402,2022
09-201-01008,0.8638921451352104,2022
09-201-01009,0.8637697627940606,2022
09-202-01010,0.8682400625960867,2022
09-202-01011,0.8682760334471363,2022
09-202-01012,0.8679686412804225,2022
09-704-00706,0.8651812381901341,2022
09-704-00707,0.865454473105343,2022
09-705-00740,0.8724037803472816,2022
09-705-00741,0.8743984208412712,2022
09-706-00824,0.9615401667109296,2022
09-706-00912,0.9618143254751008,2022
09-706-00913,0.9625494165765436,2022
09-706-00914,0.9635550593442956,2022
09-754-00721,0.8767555497043957,2022
09-754-00722,0.8770969173285386,2022
09-754-00778,0.8752770603337283,2022
09-132-00701,0.8776325170601217,2023
09-132-00702,0.8779907757811403,2023
09-132-00703,0.877966917595291,2023
09-132-00704,0.8776662787125736,2023
09-132-00705,0.8779836553148636,2023
09-133-00708,0.881058486966014,2023
09-133-00709,0.8800600173741413,2023
09-133-00710,0.8810690811981737,2023
09-133-00711,0.8810192445728884,2023
09-134-00712,0.9033287690585003,2023
09-134-00713,0.9019519820422912,2023
09-134-00714,0.9072327954939544,2023
09-134-00715,0.902760997265415,2023
09-134-00716,0.9020682527850956,2023
09-135-00717,0.8948924801916596,2023
09-135-00718,0.8948072983594929,2023
09-135-00719,,2023
09-135-00720,0.8946752004171625,2023
09-136-00723,0.892865824577587,2023
09-136-00724,0.8924270187966962,2023
09-136-00725,0.893233582316383,2023
09-136-00726,0.8923879830954451,2023
09-136-00727,0.8921743099954874,2023
09-136-00728,0.8921155440197869,2023
09-137-00718,0.8952788947744564,2023
09-137-00729,0.8952567568392757,2023
09-137-00730,0.8950532373340492,2023
09-137-00731,0.8940571406146269,2023
09-138-00732,0.8750581674921549,2023
09-138-00733,0.8754722557705787,2023
09-138-00734,0.8749847051796207,2023
09-139-00735,0.8525567355684902,2023
09-139-00736,0.8525233188532468,2023
09-139-00737,0.8534833650004,2023
09-140-00738,0.8662560564263144,2023
09-140-00739,0.8579033293451148,2023
09-141-00742,0.8384248177732831,2023
09-141-00743,0.8416336841219053,2023
09-141-00744,0.8402813931492291,2023
09-142-00745,0.889458622656967,2023
09-142-00746,0.8894651924007138,2023
09-142-00747,0.8887106371305247,2023
09-142-00748,0.8894320970207323,2023
09-142-00749,0.8885456772253826,2023
09-142-00750,0.888765739082876,2023
09-142-00751,0.8878265448722449,2023
09-143-00752,0.8716084751426356,2023
09-143-00753,0.8728535875789035,2023
09-143-00754,0.8724809498007318,2023
09-143-00755,0.872463959819224,2023
09-143-00756,0.8718990291002623,2023
09-144-00757,0.8627325167686164,2023
09-144-00758,0.8646393166434454,2023
09-144-00759,0.8626221720466185,2023
09-144-00760,0.8622448183923164,2023
09-145-00761,0.852229776702047,2023
09-145-00762,0.8527996547765244,2023
09-145-00763,0.8529339967179882,2023
09-145-00764,0.852255770324813,2023
09-146-00763,0.8536885193688242,2023
09-146-00765,0.8640463337993803,2023
09-146-00766,0.8573166944675452,2023
09-146-00767,0.8571131247746322,2023
09-146-00768,0.8558726636258022,2023
09-146-00769,0.8568494991580907,2023
09-146-00770,0.85668533991856,2023
09-147-00771,0.8645841137159547,2023
09-147-00772,0.8646150917632394,2023
09-147-00773,0.8647444887835594,2023
09-147-00774,0.8647600971301701,2023
09-148-00775,0.8718873370382557,2023
09-148-00776,0.8712078577330654,2023
09-148-00777,0.8716109590497522,2023
09-149-00779,0.8582877067194127,2023
09-149-00780,0.8579983011063941,2023
09-149-00781,0.8583594758097122,2023
09-149-00782,0.8581999555015831,2023
09-149-00783,0.8581490915244514,2023
09-150-00784,0.8735590954740697,2023
09-150-00785,0.8721777013248613,2023
09-150-00786,0.8717114057639379,2023
09-150-00787,0.8714349800716183,2023
09-150-00788,0.8725916209133922,2023
09-150-00789,0.8699003966172241,2023
09-151-00790,0.8806829789644078,2023
09-151-00791,0.8761851529324204,2023
09-151-00792,0.8794900030676125,2023
09-152-00793,0.8561614313670346,2023
09-152-00794,0.8563262504198375,2023
09-152-00795,0.85558416345403,2023
09-152-00796,0.8554104617853013,2023
09-153-00797,,2023
09-153-00798,0.8939632149973273,2023
09-153-00799,0.8792750732919756,2023
09-153-00800,0.8786228323641125,2023
09-153-00801,0.8791877516534828,2023
09-153-00802,0.8791138314914815,2023
09-154-00803,0.8732058512851358,2023
09-154-00804,0.8733364332323242,2023
09-154-00805,0.8734186154043717,2023
09-154-00806,0.8733553912354697,2023
09-154-00807,0.8746119929584478,2023
09-154-00808,0.8739140638982439,2023
09-155-00809,0.8550825876809007,2023
09-155-00810,0.85486596140215,2023
09-155-00811,0.8549042588698538,2023
09-155-00812,0.8559000991773923,2023
09-155-00813,0.8566876839584121,2023
09-156-00814,0.8952054637625543,2023
09-156-00815,0.896400775633708,2023
09-156-00816,0.895403524830937,2023
09-156-00817,0.8970797241225869,2023
09-156-00818,0.8975184728653096,2023
09-157-00819,0.9028386981227592,2023
09-157-00820,0.9025195722967722,2023
09-157-00821,0.902830305410204,2023
09-157-00822,0.9027456177964592,2023
09-158-00823,0.9252540477615988,2023
09-158-00825,0.9252435410376468,2023
09-158-00826,0.9234596302418157,2023
09-158-00827,0.9245318797648664,2023
09-158-00828,0.9297184795284832,2023
09-158-00829,0.9640919161491952,2023
09-159-00830,0.8604709069761041,2023
09-159-00831,0.8599731891148302,2023
09-159-00832,0.860599020845944,2023
09-160-00833,0.865972686629066,2023
09-160-00834,0.8655956871613346,2023
09-160-00835,0.8655857716141878,2023
09-161-00836,0.8595230356591325,2023
09-161-00837,0.8615829213146651,2023
09-161-00838,0.8593659885027923,2023
09-161-00839,0.8592531320165964,2023
09-161-00840,0.8571355817322066,2023
09-162-00841,0.8523433556274562,2023
09-162-00842,0.8523189939419853,2023
09-163-00843,0.853078254992209,2023
09-163-00844,0.8530938473543881,2023
09-163-00845,0.8529372337720194,2023
09-163-00846,0.8530154886090316,2023
09-163-00847,0.8531149747296844,2023
09-164-00848,0.8507690689557001,2023
09-164-00849,0.8497834608926292,2023
09-164-00850,0.8502132155640763,2023
09-165-00851,0.8552368729367048,2023
09-165-00852,0.8554134704319688,2023
09-165-00853,0.8552979107932763,2023
09-165-00854,0.8555155299560487,2023
09-165-00855,0.8557377900669453,2023
09-166-00856,0.8791931083972007,2023
09-166-00857,0.878674012446381,2023
09-166-00858,0.8796977742983128,2023
09-166-00859,0.8796819119499005,2023
09-166-00860,0.8797551207724063,2023
09-167-00861,0.8896833902953727,2023
09-167-00862,0.8897165164764899,2023
09-167-00863,0.8895321154017342,2023
09-168-00864,0.8507453119859868,2023
09-168-00865,0.8511297415722117,2023
09-168-00866,0.8507780532514093,2023
09-168-00867,0.8508145164491688,2023
09-169-00868,0.8665592393293307,2023
09-169-00869,0.8648027734014156,2023
09-169-00870,0.8645094107379065,2023
09-170-00871,0.8518746409597672,2023
09-170-00872,0.8520827232260311,2023
09-170-00873,0.8518299478176944,2023
09-170-00874,0.85517003300475,2023
09-171-00875,0.8654085069186979,2023
09-171-00876,0.865885127302701,2023
09-172-00877,0.8900071128453738,2023
09-172-00878,0.8896808634735162,2023
09-172-00879,0.8902903588281703,2023
09-173-00880,0.9892823425889667,2023
09-173-00881,0.9870535876161346,2023
09-173-00882,0.988341933246401,2023
09-173-00883,0.990019956687035,2023
09-173-00884,0.9876737671787188,2023
09-174-00885,0.8956339475522306,2023
09-174-00886,0.8943931675499488,2023
09-174-00887,0.8947223112775491,2023
09-175-00888,0.8887787239213355,2023
09-175-00889,0.8893602102624005,2023
09-175-00890,0.8941596513546753,2023
09-175-00891,0.88800194465025,2023
09-175-00892,0.8877382166179032,2023
09-175-00893,0.8901198341656147,2023
09-175-00894,0.888471527511499,2023
09-175-00895,0.8883047766334041,2023
09-176-00896,0.8942657971725042,2023
09-176-00897,0.894095168297217,2023
09-176-00898,0.8946504773743097,2023
09-176-00899,0.8948082956297205,2023
09-176-00900,0.8947053013083787,2023
09-176-00901,0.8960334244200056,2023
09-177-00902,0.8969171536392714,2023
09-177-00903,0.947022414185383,2023
09-177-00904,0.9469422063838726,2023
09-177-00905,0.9473324929827518,2023
09-177-00906,0.9477731477999513,2023
09-178-00907,0.9624988181359264,2023
09-178-00908,0.9661498430600556,2023
09-178-00909,0.9642009503011232,2023
09-178-00910,0.9626256310235128,2023
09-178-00911,0.9626149417430688,2023
09-179-00915,0.9700377391915544,2023
09-179-00916,0.9700637498778876,2023
09-179-00917,0.9703923561251104,2023
09-179-00918,0.9734468932145022,2023
09-179-06868,0.9632620885456088,2023
09-180-00919,0.8748979421389351,2023
09-180-00920,0.8750582139863734,2023
09-180-00921,0.867205079666555,2023
09-180-00922,0.8765211519915531,2023
09-181-00923,0.8672448008556649,2023
09-181-00924,0.8667968179600924,2023
09-182-00925,0.9098753297749254,2023
09-182-00926,0.911739727441869,2023
09-182-00927,0.9116437763096688,2023
09-183-00928,0.9061708875322584,2023
09-183-00929,0.9060648700934164,2023
09-183-00930,0.9070709135251924,2023
09-183-00931,0.9079492721323756,2023
09-184-00932,0.9572478998739918,2023
09-184-00933,0.95651779549961,2023
09-184-00934,0.957226586804958,2023
09-184-00935,0.9569396046440148,2023
09-184-00936,0.9565512730745672,2023
09-185-00937,0.95133571294848,2023
09-185-00938,0.9460893228471458,2023
09-185-00939,0.9466085263463622,2023
09-185-00940,0.9528968834608345,2023
09-186-00941,0.9555485028043176,2023
09-186-00942,0.955163162505686,2023
09-186-00943,0.9544540805862616,2023
09-187-00944,0.9276271608677696,2023
09-187-00945,0.927332032303252,2023
09-187-00946,0.9269283082641492,2023
09-187-00947,0.9273662622091524,2023
09-188-00948,0.9297576765384488,2023
09-188-00949,0.936566525785689,2023
09-188-00950,0.936515294261654,2023
09-188-00951,0.939419142510342,2023
09-188-00952,0.938375602072992,2023
09-188-00953,0.9368070320971604,2023
09-188-00954,0.9386355423054512,2023
09-189-00956,0.9472565984392828,2023
09-189-00957,0.946675342919525,2023
09-189-00958,0.9453056253244984,2023
09-189-01020,0.94479166039929,2023
09-190-00959,1.00662277881406,2023
09-190-00960,1.0064824886365753,2023
09-190-00961,1.0064865929021372,2023
09-190-00962,1.0067722069999108,2023
09-190-00963,1.0057093188329873,2023
09-191-00964,1.008296936017409,2023
09-191-00965,1.0075373921964317,2023
09-191-00966,0.9860122260160168,2023
09-191-00967,1.0091578267420878,2023
09-191-00968,1.0089445408241622,2023
09-191-00969,1.0079072414606989,2023
09-191-00970,1.0061193047441237,2023
09-192-00971,0.966893133491208,2023
09-192-00972,0.9654829353259642,2023
09-192-00973,0.9656157093368734,2023
09-192-00974,0.9663315507608394,2023
09-193-00975,0.9276010208618376,2023
09-193-00976,0.92733682934704,2023
09-193-00977,0.9271547505984948,2023
09-193-00978,0.9267056305788948,2023
09-193-00979,0.927204265575446,2023
09-193-00980,0.9267339116060488,2023
09-194-00981,1.0168641726189338,2023
09-194-00982,1.01710680366011,2023
09-194-00983,1.0157550216312323,2023
09-194-00984,1.0172740069170052,2023
09-194-00985,1.013674238033106,2023
09-194-00986,1.013648031818476,2023
09-195-00987,0.94230657353186,2023
09-195-00988,0.941496068678104,2023
09-195-00989,0.9420113028340132,2023
09-195-00990,0.9414635425142736,2023
09-195-00991,0.9410900613930648,2023
09-196-00992,0.9062213844736096,2023
09-196-00993,0.9061129912037564,2023
09-196-00994,0.9058011102104704,2023
09-197-00995,0.9021587285437574,2023
09-197-00996,0.9007093646622817,2023
09-198-00997,0.9462794115858186,2023
09-198-00998,0.942879842192677,2023
09-198-00999,0.9404166341513426,2023
09-199-01000,0.8909183786570325,2023
09-199-01001,0.8909552688909278,2023
09-199-01002,0.8909185310981627,2023
09-199-01003,0.8911457130713313,2023
09-200-01004,0.8982500183541811,2023
09-200-01005,0.8982641658669535,2023
09-200-01006,0.898744722244083,2023
09-201-01007,0.8644952701581324,2023
09-201-01008,0.8646349377594416,2023
09-201-01009,0.8645111340928495,2023
09-202-01010,0.8689080205261077,2023
09-202-01011,0.8689438300084135,2023
09-202-01012,0.8686362876265753,2023
09-704-00706,0.8658120727994866,2023
09-704-00707,0.8660733818748564,2023
09-705-00740,0.8728892727569814,2023
09-705-00741,0.8748601513323132,2023
09-706-00824,0.962089984157483,2023
09-706-00912,0.962339965311198,2023
09-706-00913,0.9631034398134,2023
09-706-00914,0.9641230814402534,2023
09-754-00721,0.877216821277891,2023
09-754-00722,0.8775830451697245,2023
09-754-00778,0.875752172373098,2023
