{
  "type": "FeatureCollection",
  "features": [
    {
      "type": "Feature",
      "properties": {
        "object_id": "09-177-00905",
        "stcode11": "09",
        "dtcode11": "177",
        "sdtcode11": "00905",
        "stname": "UTTAR PRADESH",
        "dtname": "Ayodhya",
        "sdtname": "Faizabad",
        "st_area_sh": 0.0,
        "st_length_": 0.0,
        "remarks": "",
        "dist_lgd": 140,
        "state_lgd": 9,
        "subdt_lgd": 905,
        "ac_no": 275,
        "st_length(shape)": 180034.14134024037,
        "st_area(shape)": 614492202.0906429
      },
      "geometry": {
        "type": "Polygon",
        "coordinates": [
          [
            [
              82.22175337917606,
              26.809643864249736
            ],
            [
              82.22293377444255,
              26.807968839941303
            ],
            [
              82.22319025333763,
              26.808174920368025
            ],
            [
              82.22322843712709,
              26.808205599927817
            ],
            [
              82.22439833737613,
              26.809145594686182
            ],
            [
              82.22716613929295,
              26.811160783143663
            ],
            [
              82.22866573742093,
              26.812233744808285
            ],
            [
              82.22995824872311,
              26.812137979690387
            ],
            [
              82.23138637419211,
              26.8120331973402
            ],
            [
              82.23337263013366,
              26.811666145672795
            ],
            [
              82.23539383772629,
              26.811091512391553
            ],
            [
              82.23753039259466,
              26.810232386388392
            ],
            [
              82.23961158878369,
              26.80937337494036
            ],
            [
              82.24064703818415,
              26.80881290998736
            ],
            [
              82.24147125683034,
              26.808342893361772
            ],
            [
              82.2414713538484,
              26.808342817194166
            ],
            [
              82.24147866343988,
              26.80833864962223
            ],
            [
              82.24148213542846,
              26.80833440828778
            ],
            [
              82.24148914767754,
              26.80832893784809
            ],
            [
              82.24187222434901,
              26.807857876917986
            ],
            [
              82.24507002014795,
              26.803951291611163
            ],
            [
              82.2481213851657,
              26.79745550969445
            ],
            [
              82.24824166778559,
              26.797206646695624
            ],
            [
              82.25193481888672,
              26.790449055165777
            ],
            [
              82.25340513103814,
              26.78796561730705
            ],
            [
              82.25400217383383,
              26.786135293622678
            ],
            [
              82.25522575381098,
              26.785435751310214
            ],
            [
              82.25570848958004,
              26.7836261827158
            ],
            [
              82.25670009131314,
              26.782392431848734
            ],
            [
              82.25797548701418,
              26.78083378405051
            ],
            [
              82.25860803392489,
              26.779603156170612
            ],
            [
              82.25988752324866,
              26.778431254888474
            ],
            [
              82.2608137213409,
              26.777778328343434
            ],
            [
              82.26223538792301,
              26.776476181211056
            ],
            [
              82.2632333587115,
              26.775822572955605
            ],
            [
              82.26368026158218,
              26.775104355894666
            ],
            [
              82.2652548286122,
              26.773648809087348
            ],
            [
              82.26515280425045,
              26.768489557725676
            ],
            [
              82.26553051438636,
              26.76642357722903
            ],
            [
              82.26553052875941,
              26.766423494616784
            ],
            [
              82.26578767240782,
              26.765016941732792
            ],
            [
              82.2667084383875,
              26.763033353210115
            ],
            [
              82.26816313242938,
              26.760103192764923
            ],
            [
              82.26837699704402,
              26.759672391606276
            ],
            [
              82.27021553581689,
              26.755463274872064
            ],
            [
              82.27213653184799,
              26.750282706062283
            ],
            [
              82.2721421382337,
              26.750267589080213
            ],
            [
              82.27232413601196,
              26.749891720658137
            ],
            [
              82.2744351050644,
              26.745531907184873
            ],
            [
              82.27540083980891,
              26.744646118317586
            ],
            [
              82.27758909362021,
              26.742508597124075
            ],
            [
              82.28061253810058,
              26.7393021938638
            ],
            [
              82.2820561433386,
              26.737831953071346
            ],
            [
              82.28394213831128,
              26.736294387373853
            ],
            [
              82.28594819581669,
              26.735424735805683
            ],
            [
              82.28748147986948,
              26.7348480133445
            ],
            [
              82.28839622264519,
              26.734844057284324
            ],
            [
              82.28934642462012,
              26.734433974117586
            ],
            [
              82.2901409710142,
              26.733798207663003
            ],
            [
              82.29332311007605,
              26.732680951074542
            ],
            [
              82.2944240861866,
              26.7321671176378
            ],
            [
              82.29461007967122,
              26.732094973777286
            ],
            [
              82.29848575406503,
              26.730793031625492
            ],
            [
              82.29971236495797,
              26.730319802877762
            ],
            [
              82.3023314687458,
              26.729098239731016
            ],
            [
              82.30502587381238,
              26.72794890227239
            ],
            [
              82.3076849292742,
              26.72711534588065
            ],
            [
              82.31088698668083,
              26.725704371088305
            ],
            [
              82.31229915357885,
              26.72553350132251
            ],
            [
              82.31315867781237,
              26.72524055923435
            ],
            [
              82.31360618075767,
              26.72482109001274
            ],
            [
              82.31479753636896,
              26.72421235024569
            ],
            [
              82.31691388363498,
              26.722827832859913
            ],
            [
              82.31769351260546,
              26.721433702188637
            ],
            [
              82.31878995042719,
              26.719475710215853
            ],
            [
              82.32028831067667,
              26.71771626937451
            ],
            [
              82.32175182707297,
              26.71517617316185
            ],
            [
              82.32301397711514,
              26.713299364306735
            ],
            [
              82.32481397816233,
              26.71063304707805
            ],
            [
              82.32591500817179,
              26.70924797934364
            ],
            [
              82.32801117119169,
              26.70730376176324
            ],
            [
              82.3294085670915,
              26.7058420793522
            ],
            [
              82.33075565913198,
              26.704452578931832
            ],
            [
              82.33077984896595,
              26.704430397890402
            ],
            [
              82.33079325003335,
              26.70441811004099
            ],
            [
              82.33261033524063,
              26.70275188079068
            ],
            [
              82.33527423262181,
              26.70009923165216
            ],
            [
              82.33802328669869,
              26.69778945424774
            ],
            [
              82.34014924504,
              26.69558326306668
            ],
            [
              82.34381766192807,
              26.69241171898111
            ],
            [
              82.3459483076785,
              26.690485189790717
            ],
            [
              82.34948588135221,
              26.68739471674842
            ],
            [
              82.35091116904323,
              26.685749201621796
            ],
            [
              82.35152598321021,
              26.68503937230709
            ],
            [
              82.3525258287827,
              26.684114459066215
            ],
            [
              82.35882143609284,
              26.677201778766577
            ],
            [
              82.36298123683122,
              26.673027975941174
            ],
            [
              82.36408436440688,
              26.67183669284488
            ],
            [
              82.36434760671776,
              26.671552412173746
            ],
            [
              82.36804480562753,
              26.66851109132822
            ],
            [
              82.3701896393696,
              26.66678728638477
            ],
            [
              82.37275131835291,
              26.664512925325266
            ],
            [
              82.37603616629278,
              26.661597726950454
            ],
            [
              82.37892920863159,
              26.65933229893791
            ],
            [
              82.38138004179707,
              26.657482015075306
            ],
            [
              82.38512664625084,
              26.655378865275736
            ],
            [
              82.38933005031483,
              26.653474102118196
            ],
            [
              82.39216746537798,
              26.65224629805329
            ],
            [
              82.39574809979482,
              26.65094620765366
            ],
            [
              82.39953944394304,
              26.649298414786397
            ],
            [
              82.40372754879942,
              26.64809726366249
            ],
            [
              82.40466667544521,
              26.647830798731164
            ],
            [
              82.40813153768316,
              26.646859852040976
            ],
            [
              82.41195805536633,
              26.64621359022905
            ],
            [
              82.41408336512397,
              26.64606095335364
            ],
            [
              82.41410238066193,
              26.646059570744697
            ],
            [
              82.41411182105722,
              26.646058090180844
            ],
            [
              82.41707020325657,
              26.645593954947614
            ],
            [
              82.41952033932935,
              26.644194213675323
            ],
            [
              82.4233716235649,
              26.642929395075907
            ],
            [
              82.42368787186741,
              26.642775896279442
            ],
            [
              82.42432558139603,
              26.642468816168325
            ],
            [
              82.42542521542354,
              26.642193122003807
            ],
            [
              82.42652984408402,
              26.64192193968491
            ],
            [
              82.42904057062444,
              26.641465280687626
            ],
            [
              82.43056203015314,
              26.641211982997767
            ],
            [
              82.43120976128709,
              26.641134992792566
            ],
            [
              82.43185757865926,
              26.641062504642267
            ],
            [
              82.43376079882754,
              26.641174597970576
            ],
            [
              82.43425302439927,
              26.64123298637602
            ],
            [
              82.43475017992527,
              26.641286974627533
            ],
            [
              82.4357142698545,
              26.641196315974994
            ],
            [
              82.43667845859842,
              26.641105650826923
            ],
            [
              82.43903323041897,
              26.64051340288015
            ],
            [
              82.44061994716321,
              26.640169787274296
            ],
            [
              82.4422015372221,
              26.639826050994753
            ],
            [
              82.4436476703193,
              26.63962226303988
            ],
            [
              82.44509381329796,
              26.639413954081903
            ],
            [
              82.44642451198284,
              26.639422349784624
            ],
            [
              82.447755296906,
              26.63943523882516
            ],
            [
              82.44870441730933,
              26.63952948808325
            ],
            [
              82.44965857007487,
              26.63961923831187
            ],
            [
              82.45030152576476,
              26.639772332647805
            ],
            [
              82.45079376930279,
              26.64001128318514
            ],
            [
              82.45129102813506,
              26.640250155336428
            ],
            [
              82.45197433075762,
              26.640705629225522
            ],
            [
              82.45252213060438,
              26.64141381937724
            ],
            [
              82.45306502295475,
              26.642121989881907
            ],
            [
              82.4547536553646,
              26.6441382323391
            ],
            [
              82.45644244497963,
              26.64615454437955
            ],
            [
              82.4577290103329,
              26.647507561033038
            ],
            [
              82.45841873501139,
              26.647902853036012
            ],
            [
              82.45910565784455,
              26.648296532264094
            ],
            [
              82.46037683775197,
              26.64913965600601
            ],
            [
              82.46183942978182,
              26.650641521211927
            ],
            [
              82.46266909671021,
              26.65200838071577
            ],
            [
              82.46280486179408,
              26.652148145319202
            ],
            [
              82.4632267941948,
              26.6522833229836
            ],
            [
              82.46357338668929,
              26.65242299411817
            ],
            [
              82.46426152673965,
              26.652490257246445
            ],
            [
              82.46495458955776,
              26.652458214153327
            ],
            [
              82.46560737012193,
              26.652317917630175
            ],
            [
              82.46633547442264,
              26.65214599524403
            ],
            [
              82.46683750061412,
              26.652005764975147
            ],
            [
              82.46721923699916,
              26.65200546229428
            ],
            [
              82.4675658330869,
              26.652145124134403
            ],
            [
              82.46798778075902,
              26.652212605002994
            ],
            [
              82.46867590823294,
              26.652315897622312
            ],
            [
              82.46917827308927,
              26.65245549485356
            ],
            [
              82.46993173503384,
              26.652676110381243
            ],
            [
              82.47093129763701,
              26.652779269306162
            ],
            [
              82.4719256715711,
              26.652742446055015
            ],
            [
              82.47246799618623,
              26.652674397875984
            ],
            [
              82.47303487265636,
              26.65252393014319
            ],
            [
              82.47289948666156,
              26.65218221974972
            ],
            [
              82.47239133575647,
              26.651117588301467
            ],
            [
              82.47198388958802,
              26.650314562901702
            ],
            [
              82.47188307795189,
              26.649894966383222
            ],
            [
              82.4720434272301,
              26.649511255661317
            ],
            [
              82.47267607565043,
              26.64928967697738
            ],
            [
              82.47338909364426,
              26.649122279920963
            ],
            [
              82.47410194724638,
              26.64881041078002
            ],
            [
              82.47461396000887,
              26.648611417663957
            ],
            [
              82.47516104300004,
              26.648259029122176
            ],
            [
              82.47522098668065,
              26.647875427716354
            ],
            [
              82.47510019920755,
              26.64749192136959
            ],
            [
              82.47487370787329,
              26.646941513688645
            ],
            [
              82.47393795440136,
              26.645010725346918
            ],
            [
              82.47336444477116,
              26.64377919703055
            ],
            [
              82.47281625056397,
              26.642863435093087
            ],
            [
              82.47262996243192,
              26.642258867187078
            ],
            [
              82.47256946269417,
              26.642037823638688
            ],
            [
              82.47254920029464,
              26.641875367671265
            ],
            [
              82.47260926255284,
              26.64161812122892
            ],
            [
              82.47281487703991,
              26.641252453721204
            ],
            [
              82.4730404179566,
              26.640764897096645
            ],
            [
              82.4731004784182,
              26.640507648956035
            ],
            [
              82.47308015044162,
              26.6402684063806
            ],
            [
              82.47293424876811,
              26.639903039673413
            ],
            [
              82.47214000420799,
              26.63891077687421
            ],
            [
              82.47134563118875,
              26.63780116716363
            ],
            [
              82.4708781533048,
              26.637196795687736
            ],
            [
              82.47041054336849,
              26.63653825870697
            ],
            [
              82.47028497595974,
              26.63644349227292
            ],
            [
              82.47020438270572,
              26.63620436966156
            ],
            [
              82.47014391530732,
              26.635911132926797
            ],
            [
              82.47024411519072,
              26.635581612682127
            ],
            [
              82.47024396427379,
              26.63543723313054
            ],
            [
              82.47024381695006,
              26.63528825470414
            ],
            [
              82.46992201526247,
              26.634764995058248
            ],
            [
              82.46950967058076,
              26.634011687652656
            ],
            [
              82.46932859896556,
              26.63361017734605
            ],
            [
              82.46892140342705,
              26.633041819146115
            ],
            [
              82.46860948859748,
              26.632437288389628
            ],
            [
              82.46832782273844,
              26.631814715642943
            ],
            [
              82.46808126932895,
              26.631155999080647
            ],
            [
              82.46794007123427,
              26.63047925417279
            ],
            [
              82.46787423280877,
              26.62968949495863
            ],
            [
              82.467979170407,
              26.62903057823605
            ],
            [
              82.4680182596983,
              26.62771285625736
            ],
            [
              82.46829895717345,
              26.62712603007979
            ],
            [
              82.468710181656,
              26.626484911752865
            ],
            [
              82.46938294793856,
              26.626484523881437
            ],
            [
              82.470055705238,
              26.626389227930996
            ],
            [
              82.47086911894799,
              26.626370708057866
            ],
            [
              82.47166227025842,
              26.626189636830834
            ],
            [
              82.47244031460073,
              26.625931915798805
            ],
            [
              82.47207320907671,
              26.625178448170825
            ],
            [
              82.47153489184608,
              26.623982940301556
            ],
            [
              82.47102692329901,
              26.62290025073838
            ],
            [
              82.47074020800977,
              26.622259640343312
            ],
            [
              82.47069945503858,
              26.621654972239572
            ],
            [
              82.470719226958,
              26.621194653694193
            ],
            [
              82.47077921106279,
              26.620959934611662
            ],
            [
              82.47129107919649,
              26.62064369286693
            ],
            [
              82.47239039971197,
              26.6202774466616
            ],
            [
              82.47328887759113,
              26.62003759313686
            ],
            [
              82.47446860540938,
              26.619802123998646
            ],
            [
              82.47514138157344,
              26.61981973663765
            ],
            [
              82.47595472970639,
              26.61974242603858
            ],
            [
              82.47658721283672,
              26.619687833317002
            ],
            [
              82.47687336578055,
              26.61959741692559
            ],
            [
              82.47709909264852,
              26.61939410285791
            ],
            [
              82.47709838118281,
              26.618604411601403
            ],
            [
              82.47673078428035,
              26.617350117970386
            ],
            [
              82.47656955555146,
              26.616655295104444
            ],
            [
              82.47636299424008,
              26.61586572868886
            ],
            [
              82.47628218988197,
              26.615333239750406
            ],
            [
              82.47617592906535,
              26.61443531464947
            ],
            [
              82.47617522119289,
              26.6136455289073
            ],
            [
              82.47617943968147,
              26.612720383280895
            ],
            [
              82.4761989906153,
              26.61206151169862
            ],
            [
              82.47619854055935,
              26.61158320731477
            ],
            [
              82.47613811717838,
              26.611307988792113
            ],
            [
              82.4759516844176,
              26.610595072613254
            ],
            [
              82.47535840735954,
              26.609643311937823
            ],
            [
              82.47500156508767,
              26.609183233369727
            ],
            [
              82.47464472461242,
              26.608723152950848
            ],
            [
              82.47428300628516,
              26.608385002931513
            ],
            [
              82.47367027710796,
              26.608128157381767
            ],
            [
              82.47285682656704,
              26.607871532128975
            ],
            [
              82.47165192705624,
              26.607818159388568
            ],
            [
              82.47055249694631,
              26.60780091034673
            ],
            [
              82.46989978106087,
              26.60780135691352
            ],
            [
              82.46943284486103,
              26.607675270804954
            ],
            [
              82.46888038814781,
              26.60741837627382
            ],
            [
              82.4682275393117,
              26.607107421372906
            ],
            [
              82.46788091537617,
              26.60688655078698
            ],
            [
              82.46739366108123,
              26.60655744323276
            ],
            [
              82.46651954191931,
              26.60570055983335
            ],
            [
              82.4660471475558,
              26.60507811776847
            ],
            [
              82.46561983963636,
              26.604306716962768
            ],
            [
              82.46545386061626,
              26.6039051368539
            ],
            [
              82.46519243290228,
              26.60350367902929
            ],
            [
              82.46492591533391,
              26.602840474033055
            ],
            [
              82.4645790811926,
              26.602308202361176
            ],
            [
              82.46427260656039,
              26.602015049754844
            ],
            [
              82.46413205615102,
              26.60197900211639
            ],
            [
              82.46370040397889,
              26.60205604922089
            ],
            [
              82.46270164716454,
              26.60236805882088
            ],
            [
              82.4611357057579,
              26.60284282824882
            ],
            [
              82.46000138598066,
              26.603123288812213
            ],
            [
              82.45930882172753,
              26.603304201390277
            ],
            [
              82.45877681156851,
              26.603471464768766
            ],
            [
              82.45816446687023,
              26.60361625899147
            ],
            [
              82.45716569837778,
              26.60398690630654
            ],
            [
              82.45621212772053,
              26.60429880863382
            ],
            [
              82.45510799942168,
              26.60475524265497
            ],
            [
              82.45410921655618,
              26.605031053641163
            ],
            [
              82.45360212027323,
              26.605085527258375
            ],
            [
              82.45290946978186,
              26.605162584318645
            ],
            [
              82.45308978411724,
              26.60455775431617
            ],
            [
              82.45333535027825,
              26.603989055681566
            ],
            [
              82.45348035363646,
              26.603108973190757
            ],
            [
              82.45349985156973,
              26.602346270787244
            ],
            [
              82.45349944283625,
              26.601664900671814
            ],
            [
              82.4532328623858,
              26.600915872399945
            ],
            [
              82.45315199424729,
              26.600126228648552
            ],
            [
              82.4529457257867,
              26.599485509946234
            ],
            [
              82.45247836558207,
              26.598605809694575
            ],
            [
              82.45194582990858,
              26.597947200598895
            ],
            [
              82.4511924021,
              26.59736092931851
            ],
            [
              82.45059991016954,
              26.597140093733334
            ],
            [
              82.45035385981659,
              26.59690105678714
            ],
            [
              82.45013256343958,
              26.59638674564077
            ],
            [
              82.45011239715977,
              26.59620625427817
            ],
            [
              82.44997144340688,
              26.59558805239578
            ],
            [
              82.44997116043756,
              26.59515029630684
            ],
            [
              82.45001113636603,
              26.59491110981276
            ],
            [
              82.45009115559658,
              26.59447338567508
            ],
            [
              82.4504774644064,
              26.594030873151628
            ],
            [
              82.45084060656339,
              26.59385843010759
            ],
            [
              82.45121002974082,
              26.59368300423718
            ],
            [
              82.45194770738753,
              26.593335143101417
            ],
            [
              82.45268033919726,
              26.592964734397036
            ],
            [
              82.45331256810434,
              26.59267102929225
            ],
            [
              82.45406539943157,
              26.59237727363004
            ],
            [
              82.45483836559757,
              26.59230465575623
            ],
            [
              82.45585735786203,
              26.59241689329149
            ],
            [
              82.45673582756487,
              26.592488564020915
            ],
            [
              82.45738842217777,
              26.59247014790424
            ],
            [
              82.45805585606082,
              26.592199047640158
            ],
            [
              82.45840183859922,
              26.591815270122947
            ],
            [
              82.45862724836189,
              26.5911381678611
            ],
            [
              82.45854144038766,
              26.590474868702568
            ],
            [
              82.45842051457397,
              26.58985212531183
            ],
            [
              82.45813401038883,
              26.58928375604641
            ],
            [
              82.45782262736192,
              26.589004092988517
            ],
            [
              82.45766194480873,
              26.58890489706336
            ],
            [
              82.45761673260048,
              26.588873325357905
            ],
            [
              82.45755625891387,
              26.58853491504085
            ],
            [
              82.4574756521851,
              26.588097220340256
            ],
            [
              82.45744539692635,
              26.587871639356617
            ],
            [
              82.45743520104786,
              26.58770460220478
            ],
            [
              82.45745011218328,
              26.587524111610254
            ],
            [
              82.45747513385719,
              26.587379698686032
            ],
            [
              82.45752024725076,
              26.587253271958033
            ],
            [
              82.45756527260941,
              26.58715397811702
            ],
            [
              82.45767062343268,
              26.5869689422513
            ],
            [
              82.45786613366943,
              26.586738625047357
            ],
            [
              82.45800659694221,
              26.58657612262791
            ],
            [
              82.45820714942265,
              26.586336805750282
            ],
            [
              82.45837768469787,
              26.5861742923172
            ],
            [
              82.4586736400581,
              26.585912323872734
            ],
            [
              82.45893948029679,
              26.58566398016124
            ],
            [
              82.45919028094096,
              26.58541559574431
            ],
            [
              82.45943108692929,
              26.585189898616267
            ],
            [
              82.4596517697569,
              26.584955045400367
            ],
            [
              82.45980218007482,
              26.5848151006204
            ],
            [
              82.45998279265089,
              26.58466603776035
            ],
            [
              82.46009316236166,
              26.584571234760073
            ],
            [
              82.46033405099499,
              26.584476314393477
            ],
            [
              82.46040430823334,
              26.584449183945598
            ],
            [
              82.46052968340261,
              26.584426521678022
            ],
            [
              82.4607957482201,
              26.584390248383716
            ],
            [
              82.4611219579408,
              26.584353949370986
            ],
            [
              82.46117713605882,
              26.584340391363437
            ],
            [
              82.46214075796576,
              26.584254072198483
            ],
            [
              82.46273296063873,
              26.584204117914368
            ],
            [
              82.46311942934868,
              26.584163188370436
            ],
            [
              82.46348084224874,
              26.584154013383195
            ],
            [
              82.46385226327938,
              26.584149277672417
            ],
            [
              82.46408306742532,
              26.58410398836116
            ],
            [
              82.46434402801535,
              26.584031553221617
            ],
            [
              82.46468025844305,
              26.58386890798105
            ],
            [
              82.46506645406515,
              26.58353018723895
            ],
            [
              82.46526194633559,
              26.583236769627298
            ],
            [
              82.46530691599871,
              26.583024628779278
            ],
            [
              82.46529678659559,
              26.582898332205293
            ],
            [
              82.46520627055092,
              26.582641142649887
            ],
            [
              82.4649901861992,
              26.582244114654227
            ],
            [
              82.46460828003258,
              26.581693807340184
            ],
            [
              82.46440230082952,
              26.58146381613355
            ],
            [
              82.46425158777936,
              26.5813510416565
            ],
            [
              82.46407084943914,
              26.581288034659337
            ],
            [
              82.46376967486711,
              26.581175326688452
            ],
            [
              82.46349341327283,
              26.580981478680783
            ],
            [
              82.46331264438989,
              26.58076948388413
            ],
            [
              82.4631216589672,
              26.58042659412484
            ],
            [
              82.46301101257535,
              26.580228119038587
            ],
            [
              82.46286024293134,
              26.57988073438978
            ],
            [
              82.46276966041134,
              26.57964616833657
            ],
            [
              82.4627696002242,
              26.57947464919796
            ],
            [
              82.46283466520025,
              26.579312130845395
            ],
            [
              82.46295002415408,
              26.579190206982677
            ],
            [
              82.46311565013629,
              26.57914952871083
            ],
            [
              82.46327598324484,
              26.57884710120549
            ],
            [
              82.462949431266,
              26.578454656213136
            ],
            [
              82.46230152316394,
              26.57774205915807
            ],
            [
              82.4619048864233,
              26.577611443359622
            ],
            [
              82.46114706225973,
              26.57771117528887
            ],
            [
              82.46013351288758,
              26.57809983566689
            ],
            [
              82.45916024127784,
              26.578587828217024
            ],
            [
              82.45869360691192,
              26.578782121332907
            ],
            [
              82.45775443804534,
              26.57797042776716
            ],
            [
              82.45685028371184,
              26.5768697670098
            ],
            [
              82.45645322566132,
              26.576120841599668
            ],
            [
              82.45652789542439,
              26.575276965625548
            ],
            [
              82.45661747722114,
              26.574794113642692
            ],
            [
              82.4567079160107,
              26.57430663598436
            ],
            [
              82.45702804503522,
              26.572744958944835
            ],
            [
              82.45749905509487,
              26.571675152761074
            ],
            [
              82.45811004872695,
              26.569955503104065
            ],
            [
              82.45839590432846,
              26.569580751663906
            ],
            [
              82.45831008557442,
              26.568989427648088
            ],
            [
              82.4583081847393,
              26.568976329805412
            ],
            [
              82.45783369460621,
              26.569517836212167
            ],
            [
              82.45695559321263,
              26.56969439098913
            ],
            [
              82.45627808741861,
              26.569735361859024
            ],
            [
              82.4552795758443,
              26.569889423093446
            ],
            [
              82.45463220223986,
              26.570065752333875
            ],
            [
              82.45393975566603,
              26.570201490642063
            ],
            [
              82.453317479194,
              26.57017932208204
            ],
            [
              82.45270015693076,
              26.570143552853924
            ],
            [
              82.45214300921513,
              26.57000392661704
            ],
            [
              82.45185156788918,
              26.56958892511828
            ],
            [
              82.4515551157606,
              26.569020506696774
            ],
            [
              82.45126364928184,
              26.568429477067383
            ],
            [
              82.45102253517136,
              26.56798278473739
            ],
            [
              82.45064544307635,
              26.567030826378957
            ],
            [
              82.450424179937,
              26.566367511313608
            ],
            [
              82.45037869284428,
              26.56574476537921
            ],
            [
              82.4502678506197,
              26.56518530272172
            ],
            [
              82.45014676760086,
              26.56410674269548
            ],
            [
              82.45011116197627,
              26.563465998381073
            ],
            [
              82.44996507075824,
              26.56252734534254
            ],
            [
              82.44985931928636,
              26.56194526936271
            ],
            [
              82.44972337184453,
              26.56134067223953
            ],
            [
              82.4494571228724,
              26.560862454806614
            ],
            [
              82.44912554392126,
              26.560194698382354
            ],
            [
              82.4486531756089,
              26.559242745232822
            ],
            [
              82.44843209213265,
              26.558778073653162
            ],
            [
              82.44817588991866,
              26.55829528230993
            ],
            [
              82.44762919589799,
              26.558746842371516
            ],
            [
              82.4467114455627,
              26.559695034367657
            ],
            [
              82.44619995472141,
              26.5602277982371
            ],
            [
              82.44569345491979,
              26.560765081771383
            ],
            [
              82.44514671059348,
              26.56122564420895
            ],
            [
              82.44469537363852,
              26.56174936961539
            ],
            [
              82.44414862302399,
              26.562088070399824
            ],
            [
              82.44371729694035,
              26.56258922330331
            ],
            [
              82.44296478810833,
              26.563013715289053
            ],
            [
              82.44230760669757,
              26.563343460659713
            ],
            [
              82.44171552889047,
              26.563564953599936
            ],
            [
              82.44110852467655,
              26.563903658660386
            ],
            [
              82.44041610056061,
              26.564098016052828
            ],
            [
              82.4395579983602,
              26.56411192998959
            ],
            [
              82.43881522816413,
              26.56404458433448
            ],
            [
              82.4384036748982,
              26.56395901800567
            ],
            [
              82.4380474084464,
              26.563945616674005
            ],
            [
              82.43779613708502,
              26.56334556499893
            ],
            [
              82.43741938814642,
              26.562713896714712
            ],
            [
              82.43722104731822,
              26.56231476760476
            ],
            [
              82.4370225591663,
              26.56191533739945
            ],
            [
              82.43650015289597,
              26.561085162620987
            ],
            [
              82.4362038076669,
              26.560570878624883
            ],
            [
              82.4357317007643,
              26.55965944506829
            ],
            [
              82.43561100222438,
              26.55913157680969
            ],
            [
              82.43550018155935,
              26.558377955358342
            ],
            [
              82.4354044993035,
              26.557831946370943
            ],
            [
              82.43530382421129,
              26.55713252032222
            ],
            [
              82.43511247317431,
              26.55591864291006
            ],
            [
              82.43505176143414,
              26.554989036281096
            ],
            [
              82.43503650444737,
              26.554519675610358
            ],
            [
              82.43503646941308,
              26.55441142834039
            ],
            [
              82.43448964423837,
              26.55471395329302
            ],
            [
              82.43401810686765,
              26.554980450368745
            ],
            [
              82.43348632488069,
              26.55521983034666
            ],
            [
              82.4328792200555,
              26.555504339305863
            ],
            [
              82.43231741457512,
              26.555788879700685
            ],
            [
              82.43173547156101,
              26.556159169187534
            ],
            [
              82.43127394681244,
              26.556484271349603
            ],
            [
              82.43088736491475,
              26.55596098311836
            ],
            [
              82.43060604670376,
              26.555369935152424
            ],
            [
              82.4302644811816,
              26.554607379199368
            ],
            [
              82.42992798575087,
              26.553917031334265
            ],
            [
              82.42966677542921,
              26.55339813971104
            ],
            [
              82.42933024676083,
              26.552807117906887
            ],
            [
              82.42911926663656,
              26.552283677088404
            ],
            [
              82.42888825408149,
              26.55184607770806
            ],
            [
              82.42867228112088,
              26.551376793367012
            ],
            [
              82.4286218784469,
              26.550875876712393
            ],
            [
              82.4286718193868,
              26.55028014899278
            ],
            [
              82.42882701772518,
              26.549558076011547
            ],
            [
              82.42892717269284,
              26.549165465613115
            ],
            [
              82.42908237642112,
              26.5485291089739
            ],
            [
              82.4292026329899,
              26.548059668017476
            ],
            [
              82.42937296614417,
              26.547599289747076
            ],
            [
              82.42938795992458,
              26.547463952989563
            ],
            [
              82.4294331119457,
              26.547301476827702
            ],
            [
              82.42939791056297,
              26.547161584093317
            ],
            [
              82.42879066110902,
              26.546940706360097
            ],
            [
              82.42809810314411,
              26.54675591171728
            ],
            [
              82.42732039926328,
              26.546679487167733
            ],
            [
              82.42635203514993,
              26.54673394273829
            ],
            [
              82.42585702390254,
              26.546880355641726
            ],
            [
              82.42582977440668,
              26.54688841579942
            ],
            [
              82.42567970994014,
              26.546932799694556
            ],
            [
              82.42518392434495,
              26.547117651108184
            ],
            [
              82.4245409048747,
              26.54735739706869
            ],
            [
              82.42397904908866,
              26.547632896291883
            ],
            [
              82.42332678236086,
              26.547795564847853
            ],
            [
              82.42279498689918,
              26.548012286337894
            ],
            [
              82.4221277865781,
              26.548319390183153
            ],
            [
              82.42147059528592,
              26.548658067164276
            ],
            [
              82.42091384103237,
              26.549019284650296
            ],
            [
              82.420392135448,
              26.54950236979413
            ],
            [
              82.41976911157761,
              26.550169489385123
            ],
            [
              82.41941406773294,
              26.55054965693947
            ],
            [
              82.41890253197586,
              26.551159037606116
            ],
            [
              82.41835579573439,
              26.551858632687924
            ],
            [
              82.4181052286522,
              26.5524950688845
            ],
            [
              82.4178144080621,
              26.553176545964668
            ],
            [
              82.41772933940133,
              26.55385797479863
            ],
            [
              82.41759913309247,
              26.554521429763145
            ],
            [
              82.417343419562,
              26.55513522570394
            ],
            [
              82.41683677243671,
              26.555600222218516
            ],
            [
              82.41631005964294,
              26.556069665247723
            ],
            [
              82.4158385582048,
              26.55668356619769
            ],
            [
              82.41540218897912,
              26.55725231821067
            ],
            [
              82.41512140257076,
              26.55775328173388
            ],
            [
              82.41474023122603,
              26.558299475906747
            ],
            [
              82.41440898644815,
              26.558385329301533
            ],
            [
              82.41414305098809,
              26.558340222649772
            ],
            [
              82.4139221831075,
              26.55819141701683
            ],
            [
              82.4136109599807,
              26.557830450201365
            ],
            [
              82.41313405427782,
              26.55716264879302
            ],
            [
              82.41243111358483,
              26.555939887745517
            ],
            [
              82.41170311977689,
              26.554861531599418
            ],
            [
              82.41129154764631,
              26.5543155886289
            ],
            [
              82.41082959080812,
              26.55359365516638
            ],
            [
              82.410428049266,
              26.553047739104276
            ],
            [
              82.41002136576721,
              26.5523979756147
            ],
            [
              82.40977541782217,
              26.551951289907635
            ],
            [
              82.40949921821168,
              26.55150001165011
            ],
            [
              82.40919309571902,
              26.551206737004588
            ],
            [
              82.40829492506367,
              26.55123857061054
            ],
            [
              82.40782319365685,
              26.55123864936082
            ],
            [
              82.40697025407435,
              26.551261410604617
            ],
            [
              82.40626775894575,
              26.551306690399343
            ],
            [
              82.40560033763911,
              26.55132494116979
            ],
            [
              82.40469600184595,
              26.551377085867767
            ],
            [
              82.40379402323211,
              26.551429090720344
            ],
            [
              82.40327203288177,
              26.550806461300784
            ],
            [
              82.40295567767976,
              26.550215349796943
            ],
            [
              82.402739878094,
              26.549836248294145
            ],
            [
              82.40261430619366,
              26.549199995022395
            ],
            [
              82.40263416075807,
              26.548505042151742
            ],
            [
              82.40260895313288,
              26.54782806960182
            ],
            [
              82.4025686223699,
              26.547038387667257
            ],
            [
              82.4024375087626,
              26.544226938617758
            ],
            [
              82.40245244325422,
              26.543617681840047
            ],
            [
              82.40254764580972,
              26.543202447384818
            ],
            [
              82.40224154757158,
              26.542994965005516
            ],
            [
              82.40195047275827,
              26.542873152781738
            ],
            [
              82.40181999336156,
              26.542819051387696
            ],
            [
              82.40171463355516,
              26.542773945041095
            ],
            [
              82.40155402466382,
              26.542737872327027
            ],
            [
              82.4014988564273,
              26.542724278053313
            ],
            [
              82.40137341029111,
              26.54274689392206
            ],
            [
              82.40125806660863,
              26.54274691401289
            ],
            [
              82.40118781925175,
              26.542746979107232
            ],
            [
              82.4011175359622,
              26.5427559661453
            ],
            [
              82.40103725083031,
              26.542787547345245
            ],
            [
              82.40074125055432,
              26.542918542771666
            ],
            [
              82.40054056512322,
              26.543017818695958
            ],
            [
              82.40037002266146,
              26.543040390307045
            ],
            [
              82.40018438131642,
              26.543081033179
            ],
            [
              82.40011911242286,
              26.54309012627026
            ],
            [
              82.3999786985574,
              26.543094669199263
            ],
            [
              82.39983315710833,
              26.54310370362434
            ],
            [
              82.3996977217062,
              26.543117275351385
            ],
            [
              82.39955216139252,
              26.543103778362074
            ],
            [
              82.3993213365853,
              26.54308570067127
            ],
            [
              82.39917586340822,
              26.543076707230018
            ],
            [
              82.39911062415901,
              26.54307669517552
            ],
            [
              82.39900530208185,
              26.543076743393428
            ],
            [
              82.39887486041438,
              26.543067704948093
            ],
            [
              82.39880457712486,
              26.543076782771386
            ],
            [
              82.39873933787567,
              26.543076769109657
            ],
            [
              82.39866914172275,
              26.543090352090715
            ],
            [
              82.39854366055229,
              26.543121979809214
            ],
            [
              82.3984383564414,
              26.543144561847008
            ],
            [
              82.39840318110983,
              26.543144548185285
            ],
            [
              82.39830783033231,
              26.543185187805822
            ],
            [
              82.39815238765216,
              26.543243852844675
            ],
            [
              82.39804200626332,
              26.543284538236936
            ],
            [
              82.39792652693525,
              26.54332061077908
            ],
            [
              82.39779109243142,
              26.54333417926595
            ],
            [
              82.39767567957865,
              26.5433522247724
            ],
            [
              82.39754530618318,
              26.54337932798458
            ],
            [
              82.39747001388763,
              26.543388389710653
            ],
            [
              82.39734459829417,
              26.543401896310037
            ],
            [
              82.39724924661834,
              26.543415496128826
            ],
            [
              82.39717894715915,
              26.543429079873416
            ],
            [
              82.39710880041358,
              26.543429049335497
            ],
            [
              82.39704354409638,
              26.543433543229707
            ],
            [
              82.39697326260351,
              26.54344261861318
            ],
            [
              82.39681273815381,
              26.543411045629878
            ],
            [
              82.39662199707291,
              26.543365956392318
            ],
            [
              82.39647149512683,
              26.54333441312224
            ],
            [
              82.39629590503151,
              26.543284768075168
            ],
            [
              82.39611528886218,
              26.54323970530777
            ],
            [
              82.39607010270507,
              26.54322677167789
            ],
            [
              82.39600486974408,
              26.543208100927025
            ],
            [
              82.3958392329821,
              26.543149473640558
            ],
            [
              82.39577407997119,
              26.543126926159864
            ],
            [
              82.39570376344398,
              26.543117883700315
            ],
            [
              82.39561348904613,
              26.543113379346536
            ],
            [
              82.3954730266717,
              26.54315856833365
            ],
            [
              82.39530239797166,
              26.543203668099935
            ],
            [
              82.39514186004725,
              26.54325790110793
            ],
            [
              82.39496129598021,
              26.5433346059934
            ],
            [
              82.39488100815335,
              26.543366183819515
            ],
            [
              82.394725445099,
              26.543348143940673
            ],
            [
              82.39453978399102,
              26.54331207863986
            ],
            [
              82.39433909317,
              26.543276058330985
            ],
            [
              82.39404810998487,
              26.543212906638605
            ],
            [
              82.39386239767292,
              26.543163229393695
            ],
            [
              82.39354632723685,
              26.543109105634773
            ],
            [
              82.39326530007996,
              26.543009932654407
            ],
            [
              82.39311982510624,
              26.542973802956652
            ],
            [
              82.39305460292502,
              26.542969280917298
            ],
            [
              82.3928789831853,
              26.54298290811089
            ],
            [
              82.39261303604714,
              26.542978416609905
            ],
            [
              82.39237725433617,
              26.5430280947385
            ],
            [
              82.39208115883875,
              26.54307326607929
            ],
            [
              82.39204102390849,
              26.543059716045097
            ],
            [
              82.39191560831503,
              26.54304617967104
            ],
            [
              82.39179522059224,
              26.54302815179635
            ],
            [
              82.39173499304401,
              26.54302815179635
            ],
            [
              82.39163464943017,
              26.542955923742593
            ],
            [
              82.39152929321698,
              26.542883771988496
            ],
            [
              82.39147407826806,
              26.542748407164762
            ],
            [
              82.39144895867778,
              26.542685238305555
            ],
            [
              82.39143892269941,
              26.542500162766377
            ],
            [
              82.39140874289913,
              26.542288079901365
            ],
            [
              82.39140369975712,
              26.54221586906162
            ],
            [
              82.39136358369147,
              26.542116601283265
            ],
            [
              82.39130831843687,
              26.54199475678474
            ],
            [
              82.39124812502463,
              26.541823230313362
            ],
            [
              82.39118289116534,
              26.54168792611845
            ],
            [
              82.39112772562376,
              26.541647289181995
            ],
            [
              82.39101731009892,
              26.541588641810364
            ],
            [
              82.39062596802856,
              26.541647313291236
            ],
            [
              82.38989341616886,
              26.542053593607502
            ],
            [
              82.38959753716541,
              26.542206993686914
            ],
            [
              82.38959742038442,
              26.542207009759643
            ],
            [
              82.38959744104567,
              26.542207045119703
            ],
            [
              82.38952161425253,
              26.54224635826699
            ],
            [
              82.38930142459999,
              26.542360517321193
            ],
            [
              82.38884494928163,
              26.542793760236908
            ],
            [
              82.3882679532898,
              26.543055566894278
            ],
            [
              82.38760569100785,
              26.543312876644407
            ],
            [
              82.38725449195256,
              26.543782219701406
            ],
            [
              82.38701871832647,
              26.54433735564029
            ],
            [
              82.38685821363971,
              26.544969153307296
            ],
            [
              82.3867479014211,
              26.545551257621906
            ],
            [
              82.38651208557422,
              26.54611540713203
            ],
            [
              82.38601540435869,
              26.546467492391425
            ],
            [
              82.3854032348319,
              26.546562253793073
            ],
            [
              82.38488647986301,
              26.546521652335077
            ],
            [
              82.3844299084249,
              26.546440494378032
            ],
            [
              82.38400339641285,
              26.546386376987275
            ],
            [
              82.383817729915,
              26.546404377011427
            ],
            [
              82.38360700311564,
              26.54653082310346
            ],
            [
              82.38351170623704,
              26.546661673623493
            ],
            [
              82.38331098936492,
              26.547135521637465
            ],
            [
              82.38312037404815,
              26.547428862143946
            ],
            [
              82.38302504393188,
              26.547541687688486
            ],
            [
              82.38289455824695,
              26.547595819802456
            ],
            [
              82.38269386113775,
              26.547586824304023
            ],
            [
              82.38248810381855,
              26.54753716261484
            ],
            [
              82.38228243722921,
              26.547437926764434
            ],
            [
              82.38184083980859,
              26.547212325183548
            ],
            [
              82.38144948336516,
              26.547004720677926
            ],
            [
              82.38117348318066,
              26.54690094319596
            ],
            [
              82.38098282564304,
              26.54688746995642
            ],
            [
              82.38079718789126,
              26.546950622839955
            ],
            [
              82.38050615170553,
              26.547058971175097
            ],
            [
              82.3799892880405,
              26.54741548138058
            ],
            [
              82.37956791169691,
              26.54793442981113
            ],
            [
              82.379146369165,
              26.54854819994143
            ],
            [
              82.37873998929678,
              26.5490220361424
            ],
            [
              82.37838879293646,
              26.549346961663627
            ],
            [
              82.37810776038971,
              26.549405674176622
            ],
            [
              82.37786687175638,
              26.54939663783723
            ],
            [
              82.37765620963572,
              26.549319913702067
            ],
            [
              82.37723966263512,
              26.549121326873234
            ],
            [
              82.37668777725041,
              26.548805506208257
            ],
            [
              82.37606549898176,
              26.54865657328574
            ],
            [
              82.37564406694261,
              26.548688163307595
            ],
            [
              82.3753330028176,
              26.548764891883387
            ],
            [
              82.37466059136956,
              26.549040141023113
            ],
            [
              82.37406352072608,
              26.54934698737842
            ],
            [
              82.37362689188728,
              26.549446308364193
            ],
            [
              82.37345133323299,
              26.549414663103665
            ],
            [
              82.37308507392198,
              26.549198104178096
            ],
            [
              82.37255820482135,
              26.54863394170691
            ],
            [
              82.37230734219341,
              26.54814662197115
            ],
            [
              82.37204637890841,
              26.547627632713652
            ],
            [
              82.37185075458562,
              26.547343281001403
            ],
            [
              82.37158484787163,
              26.54696425277492
            ],
            [
              82.37146440086005,
              26.546882935213688
            ],
            [
              82.37124356531878,
              26.546846913615468
            ],
            [
              82.37104286641295,
              26.54686494169351
            ],
            [
              82.37086727901257,
              26.54691910305667
            ],
            [
              82.3704006060191,
              26.547221386606747
            ],
            [
              82.37001926758774,
              26.547690683936064
            ],
            [
              82.36988380433783,
              26.54809684802087
            ],
            [
              82.36986365871927,
              26.548665525306244
            ],
            [
              82.36984857690396,
              26.549220604660665
            ],
            [
              82.36993893125188,
              26.549825317136794
            ],
            [
              82.37015459698866,
              26.55039392236755
            ],
            [
              82.37033026523741,
              26.5510437872146
            ],
            [
              82.3704756890072,
              26.551662013380977
            ],
            [
              82.3704907196185,
              26.551869636776317
            ],
            [
              82.37041543810277,
              26.55205462165985
            ],
            [
              82.37034019790951,
              26.552203554990257
            ],
            [
              82.37001406364729,
              26.552699972313654
            ],
            [
              82.36961756614552,
              26.553119646609634
            ],
            [
              82.36911579417726,
              26.553498697882155
            ],
            [
              82.36864413194071,
              26.553710736712194
            ],
            [
              82.36847847900906,
              26.553733290147537
            ],
            [
              82.36791645344141,
              26.553679155306053
            ],
            [
              82.36751505473144,
              26.55357982432637
            ],
            [
              82.36714370556604,
              26.553485003635643
            ],
            [
              82.36683264503426,
              26.55337667262217
            ],
            [
              82.36655668527396,
              26.55331352006345
            ],
            [
              82.3663409045528,
              26.553263897014656
            ],
            [
              82.36625060679876,
              26.553263880943476
            ],
            [
              82.36618037022164,
              26.553336033398953
            ],
            [
              82.36618355025776,
              26.55341927814023
            ],
            [
              82.36618537114285,
              26.5534669219564
            ],
            [
              82.3662154260773,
              26.55359779991817
            ],
            [
              82.36639605931462,
              26.554229566654087
            ],
            [
              82.36651135358977,
              26.554834361995717
            ],
            [
              82.366355743823,
              26.555389353631007
            ],
            [
              82.36603463922805,
              26.555926427621216
            ],
            [
              82.36573849073002,
              26.55658976535186
            ],
            [
              82.36568326320467,
              26.55707711428881
            ],
            [
              82.36576347197975,
              26.557325322310252
            ],
            [
              82.36589397203772,
              26.557605143875797
            ],
            [
              82.36617993633537,
              26.55795720510394
            ],
            [
              82.3664609904417,
              26.558155750915635
            ],
            [
              82.36670187099018,
              26.558196350664577
            ],
            [
              82.36725378062938,
              26.558151317059323
            ],
            [
              82.36752978440715,
              26.55805205102259
            ],
            [
              82.36790122340409,
              26.55784447578591
            ],
            [
              82.36838793242165,
              26.55737516135808
            ],
            [
              82.36861357933957,
              26.55715216831267
            ],
            [
              82.36884460177613,
              26.556923862666384
            ],
            [
              82.36933136020104,
              26.556517726635843
            ],
            [
              82.36977798908558,
              26.556224397328318
            ],
            [
              82.37018948126611,
              26.55607552868319
            ],
            [
              82.37060093302242,
              26.55603941435143
            ],
            [
              82.3708919835812,
              26.556012385646575
            ],
            [
              82.37133858012638,
              26.55608913503434
            ],
            [
              82.37155943902383,
              26.55617481812709
            ],
            [
              82.37187550496834,
              26.556391494852043
            ],
            [
              82.37225689640032,
              26.556847313114183
            ],
            [
              82.37256303775756,
              26.55742943989336
            ],
            [
              82.37265328161268,
              26.557885250814177
            ],
            [
              82.37260315831476,
              26.558174056039032
            ],
            [
              82.37223171572457,
              26.55874712762174
            ],
            [
              82.37181019205728,
              26.559338338162696
            ],
            [
              82.3715442619871,
              26.55973543831725
            ],
            [
              82.37153922423498,
              26.559794098102902
            ],
            [
              82.37155924858098,
              26.559902410195757
            ],
            [
              82.3717600175554,
              26.560105472394753
            ],
            [
              82.3719005176591,
              26.560213800263565
            ],
            [
              82.37242242536448,
              26.56043949919891
            ],
            [
              82.37282382137947,
              26.56049366138128
            ],
            [
              82.3729944788256,
              26.560448493688945
            ],
            [
              82.37330559235794,
              26.560263524760394
            ],
            [
              82.37357660060444,
              26.560055891658102
            ],
            [
              82.37398809458156,
              26.559595609768163
            ],
            [
              82.37424406143694,
              26.559207485235653
            ],
            [
              82.37452500055889,
              26.558787805906316
            ],
            [
              82.37470565535578,
              26.558670474025714
            ],
            [
              82.37496166443199,
              26.55855770282242
            ],
            [
              82.37515232735947,
              26.55852152097318
            ],
            [
              82.37569425042764,
              26.55857115299549
            ],
            [
              82.37624627774615,
              26.558783323863153
            ],
            [
              82.37670293093096,
              26.55906306473159
            ],
            [
              82.37706920910658,
              26.559415082913038
            ],
            [
              82.37732515709735,
              26.560051394397796
            ],
            [
              82.37730508693727,
              26.56052975181141
            ],
            [
              82.37710444642192,
              26.56099907662467
            ],
            [
              82.37698897967023,
              26.56115699116222
            ],
            [
              82.37655237957753,
              26.561657945654748
            ],
            [
              82.37623124174493,
              26.562131763027008
            ],
            [
              82.37623126599945,
              26.562203958110718
            ],
            [
              82.37624626876301,
              26.56231685187544
            ],
            [
              82.37631660505312,
              26.562375473379067
            ],
            [
              82.376386769765,
              26.562452213685294
            ],
            [
              82.37653733908473,
              26.56249729461396
            ],
            [
              82.37674817727519,
              26.5625604983578
            ],
            [
              82.37729013627596,
              26.562605617811613
            ],
            [
              82.37781201164196,
              26.56268681735659
            ],
            [
              82.37787225985143,
              26.5627364853394
            ],
            [
              82.37790738218241,
              26.562804193335293
            ],
            [
              82.3778722041559,
              26.56335479066584
            ],
            [
              82.3777618622929,
              26.563982033839007
            ],
            [
              82.37779199807576,
              26.56454157066702
            ],
            [
              82.378027831889,
              26.56517340162456
            ],
            [
              82.37822355861972,
              26.56565179309883
            ],
            [
              82.37825875910411,
              26.565778082978998
            ],
            [
              82.37824366740735,
              26.565976688358113
            ],
            [
              82.37822857571058,
              26.56617520099397
            ],
            [
              82.37817843444635,
              26.566288069956308
            ],
            [
              82.37807304589387,
              26.566378327604514
            ],
            [
              82.37788734256507,
              26.566450488677702
            ],
            [
              82.37764653567844,
              26.56649111360962
            ],
            [
              82.3772149176423,
              26.566549809307297
            ],
            [
              82.37700915942476,
              26.566572427707623
            ],
            [
              82.3767682393504,
              26.566667130710886
            ],
            [
              82.37664786420405,
              26.56679798717273
            ],
            [
              82.37655247569725,
              26.566946951162002
            ],
            [
              82.37651229225798,
              26.56712745088697
            ],
            [
              82.37656252515035,
              26.567384659209605
            ],
            [
              82.37673316373184,
              26.567583297156297
            ],
            [
              82.37712959924988,
              26.567944235664644
            ],
            [
              82.3773404068976,
              26.568201491967965
            ],
            [
              82.37746582877925,
              26.568350416370194
            ],
            [
              82.37749598701998,
              26.568458757335105
            ],
            [
              82.37739559759201,
              26.568919015678745
            ],
            [
              82.37734543566656,
              26.56903639330825
            ],
            [
              82.37721496794795,
              26.56941994668408
            ],
            [
              82.37703934192001,
              26.56971332175998
            ],
            [
              82.37695904511003,
              26.569794551619896
            ],
            [
              82.37688373035661,
              26.569830642334644
            ],
            [
              82.37634176057603,
              26.5698847526752
            ],
            [
              82.37621628659208,
              26.56988030963131
            ],
            [
              82.37592011563618,
              26.569848658763735
            ],
            [
              82.37576963435137,
              26.569857744911285
            ],
            [
              82.3756792656304,
              26.569898293111443
            ],
            [
              82.37550365397551,
              26.570056289388287
            ],
            [
              82.37545846063186,
              26.57020973314815
            ],
            [
              82.37540828343505,
              26.57053918705185
            ],
            [
              82.37543837340381,
              26.570873124792406
            ],
            [
              82.37560397513148,
              26.571495812322762
            ],
            [
              82.37556386625235,
              26.57199681561787
            ],
            [
              82.37553369992682,
              26.572308123811695
            ],
            [
              82.3754886027029,
              26.57238486469663
            ],
            [
              82.37544340217278,
              26.572461607136997
            ],
            [
              82.37536309458301,
              26.57259700597152
            ],
            [
              82.37517233373916,
              26.572678160675167
            ],
            [
              82.37491137584404,
              26.5727684743496
            ],
            [
              82.3746705141602,
              26.57274140700877
            ],
            [
              82.3742338269309,
              26.572574388760547
            ],
            [
              82.37388758927094,
              26.57239836627293
            ],
            [
              82.37367182741443,
              26.572335233836515
            ],
            [
              82.37326526608653,
              26.572362268332853
            ],
            [
              82.3731857957266,
              26.57239132183272
            ],
            [
              82.37310466438171,
              26.57242098432209
            ],
            [
              82.37259772620226,
              26.572718817946114
            ],
            [
              82.37221638597427,
              26.572885717880624
            ],
            [
              82.37203067635724,
              26.572930925662252
            ],
            [
              82.37175464383337,
              26.572926367847096
            ],
            [
              82.37152871933606,
              26.57287221636176
            ],
            [
              82.37126775874601,
              26.57275485873075
            ],
            [
              82.37092147706862,
              26.572565310862696
            ],
            [
              82.37046981761847,
              26.57235767594778
            ],
            [
              82.37021387501761,
              26.57231712620783
            ],
            [
              82.36999812573752,
              26.572276428622953
            ],
            [
              82.36989768959717,
              26.572276476025134
            ],
            [
              82.36976222005909,
              26.572290020999283
            ],
            [
              82.3696167028645,
              26.572335078775208
            ],
            [
              82.36936570818426,
              26.572542674363277
            ],
            [
              82.36920504808893,
              26.57307970974533
            ],
            [
              82.36907453994614,
              26.573621256209407
            ],
            [
              82.3687834804042,
              26.5741040713588
            ],
            [
              82.36860272858925,
              26.574316212663465
            ],
            [
              82.36827153501534,
              26.574550861136505
            ],
            [
              82.3679502768085,
              26.57470424263739
            ],
            [
              82.36768933957467,
              26.574812568756013
            ],
            [
              82.3673229311433,
              26.574848637001203
            ],
            [
              82.36703182938055,
              26.574826089327992
            ],
            [
              82.36663030041487,
              26.574794444647328
            ],
            [
              82.36635433526463,
              26.574695149643553
            ],
            [
              82.36607823267217,
              26.574528167183853
            ],
            [
              82.36567181956626,
              26.574311557690503
            ],
            [
              82.36474842062448,
              26.5736255303905
            ],
            [
              82.36424647707801,
              26.573435926116993
            ],
            [
              82.3641159860032,
              26.5734313659117
            ],
            [
              82.36397044904571,
              26.573481016382342
            ],
            [
              82.36377974120245,
              26.573598393354853
            ],
            [
              82.36370446777153,
              26.573724695364547
            ],
            [
              82.36365930137737,
              26.573918783825135
            ],
            [
              82.36365927532623,
              26.574027030345093
            ],
            [
              82.36369439226732,
              26.57424823268596
            ],
            [
              82.36380974583128,
              26.57476261437033
            ],
            [
              82.3637946909654,
              26.57492056537474
            ],
            [
              82.36378465408873,
              26.57512819484072
            ],
            [
              82.3636691765573,
              26.575358291162647
            ],
            [
              82.36333286078963,
              26.57587276989405
            ],
            [
              82.36301660440229,
              26.576102858293023
            ],
            [
              82.36272546670692,
              26.576292378615484
            ],
            [
              82.36223360135962,
              26.576621770035334
            ],
            [
              82.3618019213397,
              26.57704148527432
            ],
            [
              82.36143548955219,
              26.57761453560587
            ],
            [
              82.36103392016231,
              26.578047680632622
            ],
            [
              82.36053704940225,
              26.57844933620672
            ],
            [
              82.35995981356022,
              26.578715537873425
            ],
            [
              82.35930225126384,
              26.578837268626703
            ],
            [
              82.3586146528976,
              26.578900410333468
            ],
            [
              82.35796724515717,
              26.578913829196942
            ],
            [
              82.35772632777773,
              26.578873218310907
            ],
            [
              82.35747036361731,
              26.57880993439071
            ],
            [
              82.35724453703635,
              26.57875575917537
            ],
            [
              82.35704369799335,
              26.578719693767333
            ],
            [
              82.3568279235604,
              26.5786835761281
            ],
            [
              82.35671748737433,
              26.57870160723245
            ],
            [
              82.35655686500829,
              26.57871055288937
            ],
            [
              82.35632105005966,
              26.578773693059205
            ],
            [
              82.35611017593662,
              26.578890994713763
            ],
            [
              82.3556584464179,
              26.579279079082838
            ],
            [
              82.35516146426673,
              26.579626459129745
            ],
            [
              82.35457921762207,
              26.579838546020298
            ],
            [
              82.35434330206216,
              26.579824891876587
            ],
            [
              82.354027086099,
              26.57983837891851
            ],
            [
              82.35349011903621,
              26.57970748191961
            ],
            [
              82.35318901093953,
              26.579653237235227
            ],
            [
              82.35294307287599,
              26.579590070235533
            ],
            [
              82.3526117741992,
              26.579589985077707
            ],
            [
              82.35235583159832,
              26.57962151033722
            ],
            [
              82.35201954188183,
              26.579616992957096
            ],
            [
              82.35181876841582,
              26.57963950273188
            ],
            [
              82.35150757223846,
              26.579576300376075
            ],
            [
              82.35128678520624,
              26.579490496600858
            ],
            [
              82.35118143078972,
              26.579341528034707
            ],
            [
              82.35116641365315,
              26.57918816961489
            ],
            [
              82.35120160605271,
              26.579061738662098
            ],
            [
              82.35128191543912,
              26.578908327647863
            ],
            [
              82.35155299914409,
              26.57865116769334
            ],
            [
              82.35216030429359,
              26.57833985183383
            ],
            [
              82.35274760755497,
              26.57814139964275
            ],
            [
              82.35315415900145,
              26.57799706968409
            ],
            [
              82.35342014476717,
              26.577834615915926
            ],
            [
              82.35352564201584,
              26.577748882337357
            ],
            [
              82.35358586507249,
              26.57765417162373
            ],
            [
              82.3536110044257,
              26.577509774369645
            ],
            [
              82.35363606562548,
              26.57733374098834
            ],
            [
              82.35361607990706,
              26.577193883301153
            ],
            [
              82.35351571024204,
              26.57712613962231
            ],
            [
              82.35334358315212,
              26.577013996358094
            ],
            [
              82.35316938814043,
              26.57690050328131
            ],
            [
              82.35246687055397,
              26.576611513875537
            ],
            [
              82.35186464358075,
              26.57643542287577
            ],
            [
              82.35129750120929,
              26.576309017003055
            ],
            [
              82.3509211232749,
              26.576254794007546
            ],
            [
              82.35065508900016,
              26.57625473776962
            ],
            [
              82.35044431459009,
              26.576272705787844
            ],
            [
              82.35027368229682,
              26.576304326761562
            ],
            [
              82.34974653382012,
              26.576674213334776
            ],
            [
              82.34930481602522,
              26.577161548356965
            ],
            [
              82.34889317741933,
              26.57757218893713
            ],
            [
              82.3484714453429,
              26.57787445832825
            ],
            [
              82.34828076175418,
              26.57790600896499
            ],
            [
              82.34796460507981,
              26.57790587238914
            ],
            [
              82.34771358524671,
              26.577860706740445
            ],
            [
              82.34750787014833,
              26.577743403227217
            ],
            [
              82.34722189327425,
              26.577495144632426
            ],
            [
              82.34691575012037,
              26.577152095638233
            ],
            [
              82.34669003043892,
              26.576777490660618
            ],
            [
              82.3466047336061,
              26.576578924893564
            ],
            [
              82.34656971368305,
              26.576217835235333
            ],
            [
              82.34653962820586,
              26.576073437777197
            ],
            [
              82.34652967397419,
              26.57588385764069
            ],
            [
              82.34655984838459,
              26.575464220910252
            ],
            [
              82.34657494367461,
              26.575252102620343
            ],
            [
              82.3466854337596,
              26.574900145141545
            ],
            [
              82.3468110047616,
              26.574462432867623
            ],
            [
              82.34694665486111,
              26.574110467338496
            ],
            [
              82.34700688959585,
              26.57393896481554
            ],
            [
              82.34700691205371,
              26.5738352261797
            ],
            [
              82.3470270459942,
              26.573641149628795
            ],
            [
              82.34695686960421,
              26.5733974760928
            ],
            [
              82.34682647734408,
              26.57317180910731
            ],
            [
              82.34657552668124,
              26.57296413512061
            ],
            [
              82.34637484933498,
              26.572891909859013
            ],
            [
              82.34595330500642,
              26.572806069742594
            ],
            [
              82.34545140278249,
              26.57290978038724
            ],
            [
              82.34504477767418,
              26.572999924357017
            ],
            [
              82.34452785202541,
              26.573248060934226
            ],
            [
              82.34392042829825,
              26.5736134293157
            ],
            [
              82.3435389667977,
              26.573947272129306
            ],
            [
              82.34348870785418,
              26.574005963203653
            ],
            [
              82.34345857566461,
              26.574118706349637
            ],
            [
              82.34345353072598,
              26.574249650710104
            ],
            [
              82.34345344987761,
              26.574366910400222
            ],
            [
              82.34349860728861,
              26.574452684270657
            ],
            [
              82.34376958499237,
              26.574836364929478
            ],
            [
              82.34395522543912,
              26.57500786610883
            ],
            [
              82.34409070126542,
              26.575215524339164
            ],
            [
              82.34413073378774,
              26.575328320926182
            ],
            [
              82.34416578155856,
              26.575680306011815
            ],
            [
              82.34412562417042,
              26.57589243073934
            ],
            [
              82.34391461170678,
              26.57643386990784
            ],
            [
              82.34366856584542,
              26.576939320887544
            ],
            [
              82.34328698307228,
              26.577422059386087
            ],
            [
              82.3428401619483,
              26.577900345886658
            ],
            [
              82.34245368874673,
              26.57810780686351
            ],
            [
              82.34227296298295,
              26.578130372368573
            ],
            [
              82.34172595095868,
              26.578179840040583
            ],
            [
              82.34108851272126,
              26.57808498186027
            ],
            [
              82.34053147998999,
              26.577962984386264
            ],
            [
              82.33986898324775,
              26.577868035243544
            ],
            [
              82.33930684988229,
              26.57784083574537
            ],
            [
              82.33861925870256,
              26.577948950820183
            ],
            [
              82.33797178538512,
              26.57812479526362
            ],
            [
              82.33729405411397,
              26.57836831734703
            ],
            [
              82.33678708808675,
              26.57859834369242
            ],
            [
              82.33676700984184,
              26.578629911804178
            ],
            [
              82.33676569740321,
              26.5786296233899
            ],
            [
              82.33676567584365,
              26.578629656328594
            ],
            [
              82.33661623929949,
              26.578596765045592
            ],
            [
              82.33661628421524,
              26.57905906822908
            ],
            [
              82.33661628870684,
              26.579103672646585
            ],
            [
              82.33666144971112,
              26.57921198014343
            ],
            [
              82.3367416638761,
              26.579351951855887
            ],
            [
              82.33689225385706,
              26.579442224919493
            ],
            [
              82.33701266673269,
              26.579460293663104
            ],
            [
              82.33722846092857,
              26.5794423622969
            ],
            [
              82.33759486486832,
              26.57938824602726
            ],
            [
              82.3379262219356,
              26.579252986974698
            ],
            [
              82.33816209168145,
              26.57920339283245
            ],
            [
              82.33844312871976,
              26.57921244288935
            ],
            [
              82.33859376271819,
              26.579244131338523
            ],
            [
              82.33871419984833,
              26.579329886292307
            ],
            [
              82.3387943906571,
              26.579645789946824
            ],
            [
              82.33871901930982,
              26.57993458611691
            ],
            [
              82.33873401219192,
              26.580115076625138
            ],
            [
              82.3388243063527,
              26.580291133045893
            ],
            [
              82.3389497012849,
              26.580462618023468
            ],
            [
              82.33918044344709,
              26.580855366234378
            ],
            [
              82.33916535534358,
              26.58113507811858
            ],
            [
              82.33902970165086,
              26.581311104050087
            ],
            [
              82.33893435895814,
              26.581459948746378
            ],
            [
              82.33845733916925,
              26.581960742965343
            ],
            [
              82.33821637238249,
              26.582272057818336
            ],
            [
              82.33817107842755,
              26.582389438635087
            ],
            [
              82.33814593997265,
              26.58252932693156
            ],
            [
              82.33816598228495,
              26.582700820607645
            ],
            [
              82.33824627639997,
              26.582822674054288
            ],
            [
              82.33838677470705,
              26.582881367810565
            ],
            [
              82.33880333877565,
              26.582917548393997
            ],
            [
              82.33914971118288,
              26.58288607625982
            ],
            [
              82.33963154684007,
              26.58277339878259
            ],
            [
              82.34052009025052,
              26.582534445909673
            ],
            [
              82.34087136386596,
              26.58248036564557
            ],
            [
              82.34136327323071,
              26.58240376729199
            ],
            [
              82.34205593629852,
              26.582408406672275
            ],
            [
              82.3423621333513,
              26.58244457294475
            ],
            [
              82.34281875779,
              26.582611656331927
            ],
            [
              82.34306472998954,
              26.582765149147093
            ],
            [
              82.34333569511689,
              26.583008947355864
            ],
            [
              82.34365682666127,
              26.583437675251933
            ],
            [
              82.34368684386652,
              26.583622721644943
            ],
            [
              82.34368176030031,
              26.583762586744342
            ],
            [
              82.34360639164797,
              26.58397919121592
            ],
            [
              82.34333530794301,
              26.58425445298304
            ],
            [
              82.34318467124963,
              26.584344624977383
            ],
            [
              82.34300907037453,
              26.584362700177515
            ],
            [
              82.34299555342446,
              26.58436302713777
            ],
            [
              82.34263762598769,
              26.584371655835632
            ],
            [
              82.34242685786583,
              26.584335445184667
            ],
            [
              82.34218586323131,
              26.584263174073495
            ],
            [
              82.34186971284515,
              26.584208947614048
            ],
            [
              82.3416940508846,
              26.584168349049353
            ],
            [
              82.34146313355096,
              26.58413216163106
            ],
            [
              82.3412573681469,
              26.58412309589613
            ],
            [
              82.3407253409199,
              26.584154586167205
            ],
            [
              82.34047439924022,
              26.58418610776004
            ],
            [
              82.3402635871009,
              26.584258231104755
            ],
            [
              82.34009285419633,
              26.584334905338594
            ],
            [
              82.34003761229792,
              26.584434224921463
            ],
            [
              82.34006264564998,
              26.58465981187491
            ],
            [
              82.34013790021625,
              26.58481328427095
            ],
            [
              82.34042390403978,
              26.585251095157176
            ],
            [
              82.3404890857968,
              26.585440675049966
            ],
            [
              82.34046387457836,
              26.585598589636923
            ],
            [
              82.3404136848051,
              26.58576101632397
            ],
            [
              82.34027812184222,
              26.58591441735406
            ],
            [
              82.33996680708724,
              26.586072279874458
            ],
            [
              82.33971086718134,
              26.586099275781617
            ],
            [
              82.33925912688282,
              26.586130758279193
            ],
            [
              82.33877220496454,
              26.586112642388358
            ],
            [
              82.33843597184188,
              26.586089978040043
            ],
            [
              82.33812470739258,
              26.58608993225024
            ],
            [
              82.33792896269556,
              26.586080804010557
            ],
            [
              82.33763283036718,
              26.586130375894218
            ],
            [
              82.33745718367797,
              26.586207028791083
            ],
            [
              82.33730645535647,
              26.586414636990767
            ],
            [
              82.33713576107944,
              26.586698874085055
            ],
            [
              82.33708545991512,
              26.58691096233576
            ],
            [
              82.33697986744504,
              26.58740280781876
            ],
            [
              82.33685427488348,
              26.587930724953296
            ],
            [
              82.33672851972686,
              26.588521916634242
            ],
            [
              82.33651260336012,
              26.588855752939065
            ],
            [
              82.33631175443564,
              26.589085902811856
            ],
            [
              82.33613599455872,
              26.58921221665944
            ],
            [
              82.33594524808794,
              26.589302427324206
            ],
            [
              82.33549350958604,
              26.589451154791867
            ],
            [
              82.33529770380358,
              26.589455635635197
            ],
            [
              82.33498150041683,
              26.589387878324604
            ],
            [
              82.33463022230981,
              26.58929305111866
            ],
            [
              82.33441937783114,
              26.58915309316536
            ],
            [
              82.3342789100668,
              26.588940904638243
            ],
            [
              82.33412345031869,
              26.588597889130796
            ],
            [
              82.334113461951,
              26.588372261738236
            ],
            [
              82.33414881425072,
              26.588020241759203
            ],
            [
              82.33432464060297,
              26.58749231379098
            ],
            [
              82.33441005601347,
              26.58708170235846
            ],
            [
              82.33443030044667,
              26.586842473296773
            ],
            [
              82.33447053419165,
              26.586400252602854
            ],
            [
              82.3343905050796,
              26.585709767725042
            ],
            [
              82.33435053274441,
              26.585366777882832
            ],
            [
              82.33428030155717,
              26.585091467376348
            ],
            [
              82.33425048108299,
              26.584405567310743
            ],
            [
              82.33423549359082,
              26.584225077138562
            ],
            [
              82.33429573820703,
              26.584008427341512
            ],
            [
              82.33436110591528,
              26.58381441623069
            ],
            [
              82.334506748874,
              26.583624912373164
            ],
            [
              82.33489841793114,
              26.5831151021954
            ],
            [
              82.33507921735679,
              26.582763119876454
            ],
            [
              82.33515450426243,
              26.582569145216574
            ],
            [
              82.33514473957528,
              26.58200047870213
            ],
            [
              82.33507449042176,
              26.58172967338148
            ],
            [
              82.33497928427303,
              26.581458870633863
            ],
            [
              82.33482889371805,
              26.580935431345594
            ],
            [
              82.33474861038279,
              26.58069172030599
            ],
            [
              82.33464338083209,
              26.58042088296892
            ],
            [
              82.33452798864057,
              26.580231311635576
            ],
            [
              82.33434737157293,
              26.58001015539502
            ],
            [
              82.33402625979144,
              26.57980240382933
            ],
            [
              82.33387568598016,
              26.579757283917562
            ],
            [
              82.3336648837223,
              26.579779735018445
            ],
            [
              82.33315290779076,
              26.579910500984898
            ],
            [
              82.33240495072229,
              26.58016295517415
            ],
            [
              82.33185270241823,
              26.580406516305526
            ],
            [
              82.33126040003225,
              26.58066354538619
            ],
            [
              82.3310044232954,
              26.5807492020696
            ],
            [
              82.33081873164473,
              26.580735593826425
            ],
            [
              82.33071827574145,
              26.58069046062507
            ],
            [
              82.33060297966968,
              26.58052801630118
            ],
            [
              82.33053276375381,
              26.58034742602251
            ],
            [
              82.33042243356894,
              26.580004468319498
            ],
            [
              82.33032720855554,
              26.57962082023771
            ],
            [
              82.33022205536165,
              26.57904768514616
            ],
            [
              82.33015693828334,
              26.578799423755026
            ],
            [
              82.33008680501248,
              26.578456418836772
            ],
            [
              82.32980087844405,
              26.57810889786176
            ],
            [
              82.3295549915845,
              26.577964394330536
            ],
            [
              82.32939442940555,
              26.57788759773305
            ],
            [
              82.32918861279754,
              26.57786950383629
            ],
            [
              82.32880212791791,
              26.577955075843747
            ],
            [
              82.32853605232066,
              26.578131006240053
            ],
            [
              82.32818961703131,
              26.578537036746006
            ],
            [
              82.32803885098056,
              26.57887100017682
            ],
            [
              82.32790824761635,
              26.579177809245703
            ],
            [
              82.3277124310541,
              26.57949809413073
            ],
            [
              82.32752662262239,
              26.57967853310751
            ],
            [
              82.32725046882597,
              26.579985386608556
            ],
            [
              82.32716508665315,
              26.580098119048422
            ],
            [
              82.3271197873083,
              26.58023802862157
            ],
            [
              82.32707958320779,
              26.58038246099749
            ],
            [
              82.32707447808201,
              26.5806892451294
            ],
            [
              82.32700913193332,
              26.58082917727798
            ],
            [
              82.32684353020564,
              26.580901346118946
            ],
            [
              82.3266276156355,
              26.580946395687132
            ],
            [
              82.32636670355451,
              26.58094171607928
            ],
            [
              82.32602543357808,
              26.580905580663426
            ],
            [
              82.32576936970466,
              26.58089190736615
            ],
            [
              82.3253829953178,
              26.580878235673975
            ],
            [
              82.32523233526823,
              26.58090079581295
            ],
            [
              82.32492620918235,
              26.580968334810738
            ],
            [
              82.32455974595376,
              26.581081002817104
            ],
            [
              82.32395727463877,
              26.581414763611942
            ],
            [
              82.32372636628827,
              26.58156809173563
            ],
            [
              82.32350035734929,
              26.58177110187876
            ],
            [
              82.32344515407846,
              26.58192899822937
            ],
            [
              82.32341486198877,
              26.582145659994563
            ],
            [
              82.3234649457608,
              26.582366740612162
            ],
            [
              82.32362037855945,
              26.582849742226067
            ],
            [
              82.32363034716418,
              26.582980553691193
            ],
            [
              82.3236452591979,
              26.583269381618535
            ],
            [
              82.32365019813534,
              26.583499591726067
            ],
            [
              82.32353456878859,
              26.583982381298277
            ],
            [
              82.32338386831485,
              26.584226026690143
            ],
            [
              82.32321312193551,
              26.58449222376481
            ],
            [
              82.32303715095452,
              26.584925325103548
            ],
            [
              82.32292662942847,
              26.58517352421006
            ],
            [
              82.32288146483093,
              26.58530441817388
            ],
            [
              82.32283613314677,
              26.58552102615523
            ],
            [
              82.32283609092593,
              26.585624763042464
            ],
            [
              82.32286616203008,
              26.585814319823196
            ],
            [
              82.32292632220465,
              26.58588203506572
            ],
            [
              82.32301669631549,
              26.585940748943642
            ],
            [
              82.32369912757221,
              26.586234304224945
            ],
            [
              82.32436663781208,
              26.58647823161245
            ],
            [
              82.32468783223855,
              26.586595690056395
            ],
            [
              82.32484834501014,
              26.58668601123207
            ],
            [
              82.32494367961797,
              26.58678079320138
            ],
            [
              82.3251142508258,
              26.587029054157945
            ],
            [
              82.32511913766095,
              26.58729531380102
            ],
            [
              82.32510409177826,
              26.587439739684793
            ],
            [
              82.32504874657363,
              26.587606651101968
            ],
            [
              82.32499846966381,
              26.587737528627546
            ],
            [
              82.3249131943905,
              26.587800687115976
            ],
            [
              82.32478764315144,
              26.587809631258697
            ],
            [
              82.32456683276304,
              26.587777958836377
            ],
            [
              82.32440121396736,
              26.58773277699859
            ],
            [
              82.32419047728655,
              26.587642463878637
            ],
            [
              82.32372872885746,
              26.587407625333697
            ],
            [
              82.32304624190517,
              26.58707792834654
            ],
            [
              82.32284048638263,
              26.587019268874517
            ],
            [
              82.32261965982455,
              26.587014632091016
            ],
            [
              82.32245901140732,
              26.58705067319674
            ],
            [
              82.32192185480002,
              26.587316686973168
            ],
            [
              82.32147991062973,
              26.587799433136496
            ],
            [
              82.32108817240231,
              26.588309207192705
            ],
            [
              82.3207064333223,
              26.588706173990783
            ],
            [
              82.32063608176081,
              26.58884157771868
            ],
            [
              82.32063107455143,
              26.58898143965566
            ],
            [
              82.32064100183366,
              26.58912135604676
            ],
            [
              82.32068613858341,
              26.589256796235745
            ],
            [
              82.32073622415209,
              26.58938315166667
            ],
            [
              82.32075626556606,
              26.589572671698697
            ],
            [
              82.32064575661647,
              26.589721545016648
            ],
            [
              82.32051516762527,
              26.58992460737678
            ],
            [
              82.32041972432128,
              26.590019273399047
            ],
            [
              82.32025395101539,
              26.59024492726742
            ],
            [
              82.32018863271445,
              26.590398281320795
            ],
            [
              82.32014340164159,
              26.590520161116597
            ],
            [
              82.32014341421798,
              26.59058784786999
            ],
            [
              82.32022864816878,
              26.59072324696221
            ],
            [
              82.3204896141487,
              26.59093090400556
            ],
            [
              82.32060497400087,
              26.591007642853807
            ],
            [
              82.32108673958943,
              26.59125157533275
            ],
            [
              82.32168386592846,
              26.591666966651513
            ],
            [
              82.322120340257,
              26.592118395972886
            ],
            [
              82.32217047074145,
              26.592258360743163
            ],
            [
              82.3222155832367,
              26.592470408971945
            ],
            [
              82.32221045385643,
              26.592709594140672
            ],
            [
              82.32217526684676,
              26.59282691204246
            ],
            [
              82.32198934522732,
              26.593287193749326
            ],
            [
              82.32187879136193,
              26.593422548681158
            ],
            [
              82.32174033582383,
              26.593619236897165
            ],
            [
              82.32160252437778,
              26.59381500984396
            ],
            [
              82.32124103691756,
              26.59416238273751
            ],
            [
              82.32065850910021,
              26.594527649845634
            ],
            [
              82.32010126885812,
              26.594676421932967
            ],
            [
              82.31975490543402,
              26.594626644900007
            ],
            [
              82.31934339079564,
              26.594527159047168
            ],
            [
              82.31887160998144,
              26.594337426318848
            ],
            [
              82.31837494044403,
              26.593827286307878
            ],
            [
              82.31797364773524,
              26.59328556791154
            ],
            [
              82.31767765374744,
              26.592947005966334
            ],
            [
              82.3175472543008,
              26.59273033331454
            ],
            [
              82.3170605380967,
              26.592215718257673
            ],
            [
              82.31665921304858,
              26.591917704797762
            ],
            [
              82.31638313830388,
              26.591750636598665
            ],
            [
              82.31616233240706,
              26.59164676067022
            ],
            [
              82.31589130529593,
              26.591587953323874
            ],
            [
              82.31562527641108,
              26.591556293193086
            ],
            [
              82.3152337807288,
              26.591583136788177
            ],
            [
              82.31505812685309,
              26.591610194855754
            ],
            [
              82.31477192090863,
              26.59170031687528
            ],
            [
              82.31437018443206,
              26.591939289978455
            ],
            [
              82.31411405318502,
              26.592180663608428
            ],
            [
              82.31385802075262,
              26.59242194435153
            ],
            [
              82.31344612612686,
              26.59294523713954
            ],
            [
              82.31296888714904,
              26.59348659808137
            ],
            [
              82.31259725142102,
              26.593856447623587
            ],
            [
              82.31237130356752,
              26.594059438386065
            ],
            [
              82.31223573162147,
              26.594136113284673
            ],
            [
              82.31203492671442,
              26.59415857120519
            ],
            [
              82.311814067817,
              26.59413589479427
            ],
            [
              82.31164840230892,
              26.594054650068934
            ],
            [
              82.31151798130271,
              26.593937203295116
            ],
            [
              82.31145784987422,
              26.593747630244028
            ],
            [
              82.31143792524122,
              26.593580638617592
            ],
            [
              82.31147313830205,
              26.593413755190117
            ],
            [
              82.31148831893204,
              26.59324219964379
            ],
            [
              82.31153359402234,
              26.593043714642974
            ],
            [
              82.31155388606632,
              26.592664611054023
            ],
            [
              82.31153394256869,
              26.592339715990516
            ],
            [
              82.31152908537794,
              26.592073456834715
            ],
            [
              82.31145895390371,
              26.591716931335107
            ],
            [
              82.31132353556957,
              26.591527271867385
            ],
            [
              82.31106271511673,
              26.591220274984632
            ],
            [
              82.31086710965856,
              26.591017157085737
            ],
            [
              82.31065124180084,
              26.590953849352342
            ],
            [
              82.31043544041844,
              26.590899642931284
            ],
            [
              82.31027987556743,
              26.59094019412429
            ],
            [
              82.30966733323982,
              26.591242223385663
            ],
            [
              82.30924051759717,
              26.59139096600536
            ],
            [
              82.30899454629596,
              26.591426962355374
            ],
            [
              82.30867332492006,
              26.59145385739154
            ],
            [
              82.30831693180579,
              26.591408618364262
            ],
            [
              82.30809106030908,
              26.591340762601366
            ],
            [
              82.30788034428953,
              26.5912007677904
            ],
            [
              82.3077147227989,
              26.591087881606878
            ],
            [
              82.30758439072592,
              26.59095249660201
            ],
            [
              82.30749407141228,
              26.590767412251978
            ],
            [
              82.30744401638634,
              26.59059139202283
            ],
            [
              82.30739902336703,
              26.590289029280996
            ],
            [
              82.30741440701625,
              26.58975199989513
            ],
            [
              82.30741956424433,
              26.589535345294312
            ],
            [
              82.3074501491848,
              26.5887546602673
            ],
            [
              82.30739002134958,
              26.588497398716164
            ],
            [
              82.30726476655455,
              26.588118228657333
            ],
            [
              82.30713940665665,
              26.58796925123299
            ],
            [
              82.30668791878475,
              26.587436609947787
            ],
            [
              82.30639193288177,
              26.587174726330723
            ],
            [
              82.30617622492417,
              26.58691736081351
            ],
            [
              82.30597565986731,
              26.586682580227237
            ],
            [
              82.30590543676495,
              26.58651108689181
            ],
            [
              82.3059256371807,
              26.58633954911643
            ],
            [
              82.30605628456237,
              26.58610495371776
            ],
            [
              82.30621200212701,
              26.58598319936067
            ],
            [
              82.30682940793358,
              26.585825588160343
            ],
            [
              82.30740679379421,
              26.585649802938963
            ],
            [
              82.3078436633815,
              26.585307052311144
            ],
            [
              82.30801940080056,
              26.585122186981067
            ],
            [
              82.30824549058791,
              26.58479284009483
            ],
            [
              82.30835600492739,
              26.584576286969654
            ],
            [
              82.30861730777555,
              26.584102493338012
            ],
            [
              82.30882833101896,
              26.583687468210172
            ],
            [
              82.30896907366777,
              26.58341225569097
            ],
            [
              82.30925554192032,
              26.58279866906168
            ],
            [
              82.30941123702702,
              26.582518913039852
            ],
            [
              82.30960726020182,
              26.582117352075105
            ],
            [
              82.30972786621524,
              26.581815028810755
            ],
            [
              82.309748018122,
              26.58160753197167
            ],
            [
              82.30975319241803,
              26.581386368748554
            ],
            [
              82.30973333336208,
              26.58102082030487
            ],
            [
              82.30970328920736,
              26.580898948070086
            ],
            [
              82.3095779670387,
              26.580650738894324
            ],
            [
              82.30946770243084,
              26.580420516632305
            ],
            [
              82.30924199622412,
              26.58015861214702
            ],
            [
              82.3090965517931,
              26.57997360434139
            ],
            [
              82.30892084042522,
              26.579901241302696
            ],
            [
              82.30867999760596,
              26.57986956588931
            ],
            [
              82.30849433200645,
              26.57987395632644
            ],
            [
              82.3078667258298,
              26.580239200740003
            ],
            [
              82.3073846880517,
              26.580599999753833
            ],
            [
              82.30696296226348,
              26.58078489889627
            ],
            [
              82.30669190910126,
              26.580829814347958
            ],
            [
              82.3060694853055,
              26.580834100310565
            ],
            [
              82.30574836813413,
              26.580775275359404
            ],
            [
              82.30532670522798,
              26.580738898077367
            ],
            [
              82.30470433982272,
              26.58070703490763
            ],
            [
              82.30380596974138,
              26.580661476713267
            ],
            [
              82.30309840002974,
              26.580584416812744
            ],
            [
              82.3024258349698,
              26.580547948689407
            ],
            [
              82.30192392286436,
              26.58057021968068
            ],
            [
              82.301552388646,
              26.580714454009122
            ],
            [
              82.30136662333345,
              26.580831678962653
            ],
            [
              82.30096481858496,
              26.58129180002513
            ],
            [
              82.30088926308305,
              26.58169342092361
            ],
            [
              82.30093427406865,
              26.581873934367135
            ],
            [
              82.30117482493543,
              26.582424588668548
            ],
            [
              82.30129019107581,
              26.582632300932733
            ],
            [
              82.30159596592041,
              26.583237176925792
            ],
            [
              82.30176143559576,
              26.58353961372406
            ],
            [
              82.30184658779984,
              26.58377876292581
            ],
            [
              82.30188161580773,
              26.583905161356867
            ],
            [
              82.30187155377823,
              26.583981916161644
            ],
            [
              82.30181622204832,
              26.584162337629596
            ],
            [
              82.30162533813525,
              26.584324702086846
            ],
            [
              82.3013793982751,
              26.584356178645645
            ],
            [
              82.30095281619444,
              26.584342394095824
            ],
            [
              82.30073197616163,
              26.584297169931727
            ],
            [
              82.30042081412024,
              26.584161674067794
            ],
            [
              82.30009982900125,
              26.583913295228495
            ],
            [
              82.2996634804368,
              26.583366983761866
            ],
            [
              82.29901646526018,
              26.58269877928557
            ],
            [
              82.29858505832813,
              26.582328505672297
            ],
            [
              82.2982890400858,
              26.582170343961195
            ],
            [
              82.29800294643076,
              26.582125061097408
            ],
            [
              82.29770688866256,
              26.582088844915813
            ],
            [
              82.29717475633267,
              26.582210408198396
            ],
            [
              82.29645688923293,
              26.582395020352507
            ],
            [
              82.29618578935828,
              26.582403866104766
            ],
            [
              82.29586465242396,
              26.582349528704967
            ],
            [
              82.29567397242852,
              26.582218603245543
            ],
            [
              82.29537300896055,
              26.581934055375683
            ],
            [
              82.29518245383092,
              26.581685779354537
            ],
            [
              82.29489172666563,
              26.58117567133186
            ],
            [
              82.29440017483039,
              26.580719634124325
            ],
            [
              82.29385339277479,
              26.580286108765236
            ],
            [
              82.2934169103614,
              26.580046671891942
            ],
            [
              82.29334162974395,
              26.580024045708168
            ],
            [
              82.2932010910127,
              26.58002398706196
            ],
            [
              82.29308542932662,
              26.580046017946778
            ],
            [
              82.29296522126685,
              26.58006891566606
            ],
            [
              82.2928296717787,
              26.580141068918746
            ],
            [
              82.29258358728976,
              26.58036207628299
            ],
            [
              82.29236753078585,
              26.580614648375267
            ],
            [
              82.29228695729476,
              26.58096658588301
            ],
            [
              82.29224163728865,
              26.58116966537851
            ],
            [
              82.29228667612207,
              26.58138632215352
            ],
            [
              82.29236186870462,
              26.581539725831302
            ],
            [
              82.29262763528139,
              26.581869306212244
            ],
            [
              82.29311419787359,
              26.58225322713262
            ],
            [
              82.29317436074311,
              26.58231644729153
            ],
            [
              82.29323454157893,
              26.582420223233242
            ],
            [
              82.29324949134188,
              26.582573680154045
            ],
            [
              82.29321419563607,
              26.582754173732773
            ],
            [
              82.29313375240068,
              26.58294369670517
            ],
            [
              82.2927870610915,
              26.583534682774296
            ],
            [
              82.29253565857611,
              26.58408960368297
            ],
            [
              82.2923548447774,
              26.58435122282743
            ],
            [
              82.29217392767245,
              26.584612845390843
            ],
            [
              82.29166653314881,
              26.585181163939666
            ],
            [
              82.29093355818263,
              26.585510173111878
            ],
            [
              82.29023056808234,
              26.585879849200662
            ],
            [
              82.28963798542199,
              26.586240459331844
            ],
            [
              82.28861888086816,
              26.58646097774694
            ],
            [
              82.28814197426696,
              26.586623179082455
            ],
            [
              82.28780049857633,
              26.58678542517438
            ],
            [
              82.28759439720235,
              26.587137259366287
            ],
            [
              82.28759429928603,
              26.587358437187294
            ],
            [
              82.28772954514362,
              26.587665375341857
            ],
            [
              82.28807068216938,
              26.587976939778383
            ],
            [
              82.28832134986291,
              26.588342613020174
            ],
            [
              82.28848154193594,
              26.58887523563028
            ],
            [
              82.28841114995025,
              26.589100842752075
            ],
            [
              82.28811488017966,
              26.58926307328289
            ],
            [
              82.28777344311659,
              26.589348618299613
            ],
            [
              82.28736685214429,
              26.589366416372062
            ],
            [
              82.28702565762632,
              26.589244392358964
            ],
            [
              82.28661446727976,
              26.58872968370818
            ],
            [
              82.28625358887729,
              26.587953242733516
            ],
            [
              82.28593296937261,
              26.58727618028583
            ],
            [
              82.285797623802,
              26.586991774320264
            ],
            [
              82.28561710195578,
              26.586765964620607
            ],
            [
              82.28538637326831,
              26.586603423680298
            ],
            [
              82.28477410402851,
              26.58641793465118
            ],
            [
              82.28461357957882,
              26.586336678824416
            ],
            [
              82.28425249276724,
              26.585984380256928
            ],
            [
              82.28400177297142,
              26.585677374132143
            ],
            [
              82.28386142108975,
              26.58539294732471
            ],
            [
              82.28368082109009,
              26.585207877282592
            ],
            [
              82.28345519393511,
              26.5850046097381
            ],
            [
              82.28329467397701,
              26.584900727688034
            ],
            [
              82.28290805614671,
              26.584981680068957
            ],
            [
              82.28247627282057,
              26.585184499392465
            ],
            [
              82.28208950676826,
              26.585473108876553
            ],
            [
              82.28149705077037,
              26.58577951867326
            ],
            [
              82.28104022510907,
              26.585801802303628
            ],
            [
              82.28058341741405,
              26.58584211028633
            ],
            [
              82.28029224917594,
              26.58594125504221
            ],
            [
              82.27983536242918,
              26.58610792121851
            ],
            [
              82.27971980404934,
              26.5861890599216
            ],
            [
              82.27951378981196,
              26.58649572567016
            ],
            [
              82.2794231740543,
              26.586843201912338
            ],
            [
              82.2795384827025,
              26.58694710067632
            ],
            [
              82.28004027443369,
              26.587109845172677
            ],
            [
              82.28087831905046,
              26.587399207334744
            ],
            [
              82.28119938591615,
              26.587579935105477
            ],
            [
              82.28131470803908,
              26.587747012605163
            ],
            [
              82.28135978100843,
              26.58788697308087
            ],
            [
              82.28126930987956,
              26.58807185161943
            ],
            [
              82.28097280115708,
              26.58845975465238
            ],
            [
              82.28048068338319,
              26.588743824400016
            ],
            [
              82.280455475758,
              26.58890623296836
            ],
            [
              82.28075124786194,
              26.589335177363107
            ],
            [
              82.28118239607919,
              26.5899085589856
            ],
            [
              82.28120739619354,
              26.590075571232337
            ],
            [
              82.28120725515802,
              26.590215453350716
            ],
            [
              82.28100122385268,
              26.59048156339853
            ],
            [
              82.28082050078382,
              26.59058526205216
            ],
            [
              82.28024827035458,
              26.590607383284116
            ],
            [
              82.279701123583,
              26.59062509119146
            ],
            [
              82.27938475670288,
              26.590728645924795
            ],
            [
              82.27910859122832,
              26.590832260008433
            ],
            [
              82.2788827421895,
              26.590872697960506
            ],
            [
              82.27906325864583,
              26.59109851401863
            ],
            [
              82.27968017127732,
              26.59167204907298
            ],
            [
              82.27972516699158,
              26.59191574637881
            ],
            [
              82.27981527430279,
              26.59215952188793
            ],
            [
              82.2797698366174,
              26.59244830818219
            ],
            [
              82.2792071822291,
              26.592980415259994
            ],
            [
              82.2786797588679,
              26.593481015298178
            ],
            [
              82.27832288784991,
              26.59404029073932
            ],
            [
              82.27814531966435,
              26.59429392430318
            ],
            [
              82.27796604288308,
              26.594549996034694
            ],
            [
              82.27735817269327,
              26.59512275631293
            ],
            [
              82.27685597222863,
              26.595411188119876
            ],
            [
              82.27627844623078,
              26.595640935228708
            ],
            [
              82.2757564424057,
              26.595658630308332
            ],
            [
              82.2756410205698,
              26.595599885268125
            ],
            [
              82.2754855850762,
              26.5953921868935
            ],
            [
              82.27537541658805,
              26.5951303993949
            ],
            [
              82.2752904557251,
              26.594620401884324
            ],
            [
              82.27525562444829,
              26.59432698779658
            ],
            [
              82.27512035792941,
              26.59402905534182
            ],
            [
              82.27496491614758,
              26.59375817565487
            ],
            [
              82.2747092340582,
              26.593442125381912
            ],
            [
              82.27399679368105,
              26.593085155111673
            ],
            [
              82.27312359619062,
              26.59280473018994
            ],
            [
              82.27250134217645,
              26.592565080921567
            ],
            [
              82.27196454669192,
              26.592230753380537
            ],
            [
              82.27141776822961,
              26.591909904056553
            ],
            [
              82.2712069372257,
              26.591824029195354
            ],
            [
              82.27099620862973,
              26.59173815266311
            ],
            [
              82.27059482878435,
              26.591539253768566
            ],
            [
              82.2699123795613,
              26.59129062504546
            ],
            [
              82.26949074090967,
              26.591308319191114
            ],
            [
              82.26909912485316,
              26.591380202684
            ],
            [
              82.26879786314448,
              26.591510924073003
            ],
            [
              82.26862208619961,
              26.59166870577631
            ],
            [
              82.26851148202856,
              26.591867202801108
            ],
            [
              82.26837564418119,
              26.59218745861552
            ],
            [
              82.26841044222036,
              26.59246275767952
            ],
            [
              82.26871115685499,
              26.592963935934932
            ],
            [
              82.26925778889189,
              26.59357356575918
            ],
            [
              82.26958858541042,
              26.594074764855193
            ],
            [
              82.26963860540208,
              26.594268822035698
            ],
            [
              82.26963855509639,
              26.594408700635935
            ],
            [
              82.26954296357039,
              26.594611671943692
            ],
            [
              82.26940728472482,
              26.59476951604372
            ],
            [
              82.26905077932116,
              26.59487758621533
            ],
            [
              82.26869429368047,
              26.59498114834693
            ],
            [
              82.2681219734197,
              26.595039368367967
            ],
            [
              82.26734390482288,
              26.595038761097918
            ],
            [
              82.26694240819653,
              26.594970812701646
            ],
            [
              82.26681192969814,
              26.59491651018433
            ],
            [
              82.26667665239951,
              26.5946682301874
            ],
            [
              82.2668177525778,
              26.594104194401286
            ],
            [
              82.26693860832286,
              26.593666626226142
            ],
            [
              82.26699923562141,
              26.593201788233813
            ],
            [
              82.26692919308039,
              26.593003237293818
            ],
            [
              82.26666335463834,
              26.592804391204552
            ],
            [
              82.266397432653,
              26.59262375602721
            ],
            [
              82.26578011757627,
              26.5925736391154
            ],
            [
              82.26541368758534,
              26.592532678022547
            ],
            [
              82.26476124927933,
              26.592468994386603
            ],
            [
              82.26404366514892,
              26.592188661136543
            ],
            [
              82.26341166082065,
              26.591768496954284
            ],
            [
              82.2629300766918,
              26.591488336302913
            ],
            [
              82.26253863490842,
              26.591352637684103
            ],
            [
              82.26219740894943,
              26.59126210410441
            ],
            [
              82.26185102755902,
              26.59124374321769
            ],
            [
              82.26161509762606,
              26.591315753671505
            ],
            [
              82.26142421730628,
              26.59146454760636
            ],
            [
              82.26130354661419,
              26.59162695231449
            ],
            [
              82.26100175040794,
              26.592226868684754
            ],
            [
              82.26083557106355,
              26.592768272385396
            ],
            [
              82.26079013427648,
              26.5930480403124
            ],
            [
              82.26076988624996,
              26.593237593637006
            ],
            [
              82.26076980809655,
              26.5933593563438
            ],
            [
              82.26086996306421,
              26.593549014382198
            ],
            [
              82.26114585455257,
              26.59376133574353
            ],
            [
              82.26137162004811,
              26.593910463874618
            ],
            [
              82.26196864397919,
              26.594181696641368
            ],
            [
              82.26252559765871,
              26.59442582478001
            ],
            [
              82.26261590080263,
              26.594516118892283
            ],
            [
              82.26286152715079,
              26.59476906219667
            ],
            [
              82.2629517530396,
              26.594918029164308
            ],
            [
              82.26302650275271,
              26.595477656642103
            ],
            [
              82.2630062080138,
              26.595698757299072
            ],
            [
              82.26290541883557,
              26.596172540687686
            ],
            [
              82.26281467641545,
              26.596492876025927
            ],
            [
              82.26264868212398,
              26.596889892356877
            ],
            [
              82.26242722944015,
              26.597480923701013
            ],
            [
              82.26211063169298,
              26.59785969565926
            ],
            [
              82.26171867517496,
              26.59825196890772
            ],
            [
              82.26142245840497,
              26.598328526133365
            ],
            [
              82.26103091511199,
              26.598337210005567
            ],
            [
              82.26057427989349,
              26.598097700038593
            ],
            [
              82.2601076643922,
              26.597849045400928
            ],
            [
              82.2598818890152,
              26.597785717349176
            ],
            [
              82.25951555334741,
              26.597659029813798
            ],
            [
              82.25919423405512,
              26.597658787232664
            ],
            [
              82.25901346786712,
              26.597744436019244
            ],
            [
              82.2587924167302,
              26.597888602924552
            ],
            [
              82.25864662375284,
              26.598145721273713
            ],
            [
              82.25871155308327,
              26.59844817490982
            ],
            [
              82.25878631537277,
              26.599043852976187
            ],
            [
              82.25880600105394,
              26.599373351634807
            ],
            [
              82.2587857341628,
              26.59954478874982
            ],
            [
              82.25870529991059,
              26.599698148816145
            ],
            [
              82.25853948079059,
              26.599864970065685
            ],
            [
              82.25828334505195,
              26.599986650217026
            ],
            [
              82.25793698432278,
              26.599959268820683
            ],
            [
              82.25770107055952,
              26.599918431659518
            ],
            [
              82.25742484579615,
              26.600026513836383
            ],
            [
              82.2572891903068,
              26.600175333394446
            ],
            [
              82.25708821382155,
              26.60035571809272
            ],
            [
              82.25635430191252,
              26.601325376356197
            ],
            [
              82.25594201831626,
              26.6019162000492
            ],
            [
              82.25565040271712,
              26.602326600830246
            ],
            [
              82.25557001427902,
              26.602448321737228
            ],
            [
              82.25552455503403,
              26.602687530227293
            ],
            [
              82.25552427475965,
              26.60297630119811
            ],
            [
              82.25563959059437,
              26.60309823988713
            ],
            [
              82.25599555521224,
              26.603572431991566
            ],
            [
              82.25634643895884,
              26.604060031620545
            ],
            [
              82.25646130563588,
              26.60463324308257
            ],
            [
              82.2561443530542,
              26.605309965902006
            ],
            [
              82.25602343532539,
              26.605729495638883
            ],
            [
              82.25602322422131,
              26.605941658659372
            ],
            [
              82.25603281643191,
              26.606325192820883
            ],
            [
              82.25604265298426,
              26.606532796652907
            ],
            [
              82.25597189897755,
              26.606965951929865
            ],
            [
              82.25593913741913,
              26.606995358080695
            ],
            [
              82.25581612392074,
              26.607105770029634
            ],
            [
              82.2556052264415,
              26.60717777773008
            ],
            [
              82.25517338921644,
              26.607240547994174
            ],
            [
              82.25474678737284,
              26.607195092726787
            ],
            [
              82.25399881233804,
              26.607176421155625
            ],
            [
              82.25376772881603,
              26.60727547835578
            ],
            [
              82.25347640067783,
              26.60745577635987
            ],
            [
              82.25333059422573,
              26.60762708409902
            ],
            [
              82.2532450395764,
              26.607821069300712
            ],
            [
              82.25324979256257,
              26.60804226417148
            ],
            [
              82.25325971894647,
              26.60820921862821
            ],
            [
              82.253460248969,
              26.608480110687204
            ],
            [
              82.25373615483042,
              26.608651886747587
            ],
            [
              82.25436358314064,
              26.608783291982704
            ],
            [
              82.25526717243378,
              26.60882464563067
            ],
            [
              82.25598019042761,
              26.60871239929155
            ],
            [
              82.25657781173838,
              26.60845117397115
            ],
            [
              82.25711547140222,
              26.608022885140503
            ],
            [
              82.2574067159971,
              26.607901346060906
            ],
            [
              82.25762264314362,
              26.607910560106394
            ],
            [
              82.25788869179146,
              26.607942317715654
            ],
            [
              82.25823495190929,
              26.608100565092556
            ],
            [
              82.2584355205594,
              26.60834441374607
            ],
            [
              82.25851058288623,
              26.608583632395554
            ],
            [
              82.25853556323766,
              26.608664935876988
            ],
            [
              82.25847510931398,
              26.608831800272867
            ],
            [
              82.25834432089681,
              26.609093480923686
            ],
            [
              82.2580529873687,
              26.609296317753245
            ],
            [
              82.25774146959448,
              26.609526205644478
            ],
            [
              82.25748503741177,
              26.60987347381337
            ],
            [
              82.25740461573596,
              26.610022324735425
            ],
            [
              82.25734875310172,
              26.610613440835788
            ],
            [
              82.25740324580515,
              26.611317461178384
            ],
            [
              82.2574226853479,
              26.611971865920733
            ],
            [
              82.25744205841534,
              26.61270296792463
            ],
            [
              82.25742140884189,
              26.613226350265926
            ],
            [
              82.2573857807594,
              26.6136956903989
            ],
            [
              82.2571843775744,
              26.614255148118453
            ],
            [
              82.25698345139477,
              26.614336209840875
            ],
            [
              82.25679764475974,
              26.614421743340124
            ],
            [
              82.25658674368722,
              26.614471220223802
            ],
            [
              82.25639596038549,
              26.61444398605512
            ],
            [
              82.25625050068311,
              26.614290387149765
            ],
            [
              82.2559847969884,
              26.613974272323496
            ],
            [
              82.2555836785528,
              26.613459535169646
            ],
            [
              82.25534782317999,
              26.613360022324088
            ],
            [
              82.2549712736674,
              26.61336874922782
            ],
            [
              82.25463465876076,
              26.613580599310442
            ],
            [
              82.2544536886552,
              26.613828650330547
            ],
            [
              82.25420727268792,
              26.614153327760963
            ],
            [
              82.25410652573049,
              26.614482623074334
            ],
            [
              82.25413105063606,
              26.614992662950936
            ],
            [
              82.25426604406707,
              26.615529806772365
            ],
            [
              82.25434093930727,
              26.61594955120062
            ],
            [
              82.25433070390291,
              26.616139049715308
            ],
            [
              82.25426531463505,
              26.61628786597881
            ],
            [
              82.25403914130442,
              26.61646823731414
            ],
            [
              82.25369270421845,
              26.616531062712728
            ],
            [
              82.25334624108137,
              26.61655793016334
            ],
            [
              82.25289426542425,
              26.616652249690574
            ],
            [
              82.25265826093114,
              26.616728751233218
            ],
            [
              82.25209036577142,
              26.61722017299866
            ],
            [
              82.2516130261823,
              26.617562692308773
            ],
            [
              82.25114080699026,
              26.61777896375924
            ],
            [
              82.25099524308328,
              26.61775171833179
            ],
            [
              82.25087493531055,
              26.617602719258603
            ],
            [
              82.2508752083984,
              26.617359014829027
            ],
            [
              82.25096599034437,
              26.616998046600294
            ],
            [
              82.25109687937285,
              26.616637144693602
            ],
            [
              82.25115752194274,
              26.61626713830343
            ],
            [
              82.2511679873158,
              26.615906125668314
            ],
            [
              82.25114334113768,
              26.615486487092966
            ],
            [
              82.25103308461465,
              26.615269751115367
            ],
            [
              82.2507874753345,
              26.614926577615304
            ],
            [
              82.25043140920702,
              26.614533675673467
            ],
            [
              82.24989481404678,
              26.61400514319521
            ],
            [
              82.24946866315746,
              26.61346775769524
            ],
            [
              82.2490475230708,
              26.612889745153055
            ],
            [
              82.24858108813086,
              26.612514791313362
            ],
            [
              82.24838033173286,
              26.61241531619662
            ],
            [
              82.24830005827907,
              26.61236561113319
            ],
            [
              82.24803935101393,
              26.612204186787263
            ],
            [
              82.2478898497911,
              26.61221285836208
            ],
            [
              82.24745318232475,
              26.612321565817428
            ],
            [
              82.24660991490293,
              26.61249826581009
            ],
            [
              82.24593212793621,
              26.612498873790592
            ],
            [
              82.2456454719358,
              26.61202072704673
            ],
            [
              82.24530340425538,
              26.6114118661467
            ],
            [
              82.24479596212105,
              26.611019646054455
            ],
            [
              82.24411835302078,
              26.61115110719934
            ],
            [
              82.243928036843,
              26.611652178696485
            ],
            [
              82.24407421070603,
              26.61219358685632
            ],
            [
              82.24446148879807,
              26.612865624389585
            ],
            [
              82.24460782525618,
              26.61351986687327
            ],
            [
              82.24509031129358,
              26.61401590117565
            ],
            [
              82.24540219468211,
              26.614647356310293
            ],
            [
              82.24477561707653,
              26.61562717821082
            ],
            [
              82.24366682382637,
              26.616300490993712
            ],
            [
              82.2424117093895,
              26.616418871321645
            ],
            [
              82.24194994568906,
              26.61655017687983
            ],
            [
              82.24146879005657,
              26.617308664607222
            ],
            [
              82.24101210992232,
              26.61754822670701
            ],
            [
              82.24028429937071,
              26.61774733496956
            ],
            [
              82.23886341432288,
              26.617703351156834
            ],
            [
              82.2379196505736,
              26.617834997363527
            ],
            [
              82.23685585124112,
              26.61839992966188
            ],
            [
              82.23637424195941,
              26.61879295002626
            ],
            [
              82.23637462823497,
              26.619226176921064
            ],
            [
              82.23671159168794,
              26.6197674416038
            ],
            [
              82.23748537532086,
              26.620443724722065
            ],
            [
              82.2392738590678,
              26.621480260372515
            ],
            [
              82.23949506830817,
              26.621827566119983
            ],
            [
              82.23990243811986,
              26.622431913686935
            ],
            [
              82.24000327670544,
              26.622892122047485
            ],
            [
              82.23949667808917,
              26.623411493802024
            ],
            [
              82.23881947412909,
              26.62406186379626
            ],
            [
              82.23856550243197,
              26.624619309717772
            ],
            [
              82.23831349175711,
              26.625172443724068
            ],
            [
              82.23785708381237,
              26.625759419663865
            ],
            [
              82.23737013135135,
              26.625845549313873
            ],
            [
              82.2365966791968,
              26.625607001190676
            ],
            [
              82.23560694685779,
              26.62495798189715
            ],
            [
              82.23509931967051,
              26.624434877315743
            ],
            [
              82.2344468337538,
              26.624742225137265
            ],
            [
              82.23416103025455,
              26.6251756671893
            ],
            [
              82.23418179301574,
              26.625848069287546
            ],
            [
              82.2342828651633,
              26.626502315373145
            ],
            [
              82.23384652288706,
              26.627021677146804
            ],
            [
              82.23363123174775,
              26.627653575190557
            ],
            [
              82.23372751677319,
              26.628587634879985
            ],
            [
              82.23331651866609,
              26.629436405641215
            ],
            [
              82.23298039244294,
              26.629720938960485
            ],
            [
              82.23235275302869,
              26.629721415956535
            ],
            [
              82.23140881231129,
              26.62984842531988
            ],
            [
              82.23075639197154,
              26.630196401857276
            ],
            [
              82.23061131135822,
              26.63071997713386
            ],
            [
              82.23015530136716,
              26.631762772997387
            ],
            [
              82.22986450772656,
              26.632286488046557
            ],
            [
              82.22930752530095,
              26.632697564359006
            ],
            [
              82.22863470871269,
              26.632765707954412
            ],
            [
              82.22812798612892,
              26.633172295382117
            ],
            [
              82.22790753865988,
              26.63380416423139
            ],
            [
              82.2274761712537,
              26.634300903063767
            ],
            [
              82.22752161702394,
              26.6345400906866
            ],
            [
              82.22790864807926,
              26.63499559135924
            ],
            [
              82.2278636999757,
              26.63534310576147
            ],
            [
              82.22735700344305,
              26.635821786092933
            ],
            [
              82.22650901627274,
              26.636607585203027
            ],
            [
              82.22609842869574,
              26.63790306762885
            ],
            [
              82.22545649079706,
              26.638792516198187
            ],
            [
              82.22484423682864,
              26.63929843361394
            ],
            [
              82.22360929675644,
              26.639705403282747
            ],
            [
              82.22285146630463,
              26.64026101121522
            ],
            [
              82.22203849456575,
              26.640952026728723
            ],
            [
              82.2216559577818,
              26.64101832665796
            ],
            [
              82.22128037305983,
              26.6410834197242
            ],
            [
              82.2204916109179,
              26.640605548329994
            ],
            [
              82.2202755741769,
              26.640569615636174
            ],
            [
              82.2199943799334,
              26.640587851373308
            ],
            [
              82.21989413962578,
              26.64081806576191
            ],
            [
              82.21972938680604,
              26.64199151021816
            ],
            [
              82.21955928811207,
              26.64273171173151
            ],
            [
              82.21989622461555,
              26.643336175965498
            ],
            [
              82.2202579016203,
              26.643448764877064
            ],
            [
              82.22072048099102,
              26.64409825563276
            ],
            [
              82.22069579888027,
              26.644639787905167
            ],
            [
              82.22040493337443,
              26.645204126013216
            ],
            [
              82.21997340337317,
              26.645619547767414
            ],
            [
              82.21944155041935,
              26.646120806977372
            ],
            [
              82.21896005163042,
              26.64683865218338
            ],
            [
              82.21813671243484,
              26.647186689371665
            ],
            [
              82.2173888281299,
              26.6476655231998
            ],
            [
              82.21700262262632,
              26.648297595294515
            ],
            [
              82.21693263667916,
              26.648730885353554
            ],
            [
              82.21726945460505,
              26.64914132039106
            ],
            [
              82.21787217205839,
              26.64924921793406
            ],
            [
              82.218549947347,
              26.648991524033455
            ],
            [
              82.21936855511596,
              26.64896844581294
            ],
            [
              82.21978061772667,
              26.649315646325185
            ],
            [
              82.21973566872482,
              26.649617999913577
            ],
            [
              82.21971146002623,
              26.650683046784444
            ],
            [
              82.22000325079684,
              26.651314630887985
            ],
            [
              82.22115877171309,
              26.65176965037936
            ],
            [
              82.22150074686704,
              26.652356104282227
            ],
            [
              82.22164718303812,
              26.65333523191592
            ],
            [
              82.22203441172282,
              26.653899063798516
            ],
            [
              82.22256211176509,
              26.654331886213324
            ],
            [
              82.22294923624523,
              26.654877693278078
            ],
            [
              82.22294961533426,
              26.655243224021763
            ],
            [
              82.22222655687051,
              26.655505438264207
            ],
            [
              82.22133280502801,
              26.65570459197417
            ],
            [
              82.22073070471725,
              26.65648575678534
            ],
            [
              82.21964187023613,
              26.657700404282796
            ],
            [
              82.21923089997676,
              26.65872502763704
            ],
            [
              82.21819200194396,
              26.659637332278745
            ],
            [
              82.21768456070795,
              26.659461695054944
            ],
            [
              82.21725204255989,
              26.658789525353345
            ],
            [
              82.2168648363331,
              26.658203152673583
            ],
            [
              82.21602072269827,
              26.65768466566237
            ],
            [
              82.21538753798373,
              26.657247336830622
            ],
            [
              82.2147846875797,
              26.657098878992525
            ],
            [
              82.21376037639048,
              26.65746499029336
            ],
            [
              82.21262546013189,
              26.657686810013388
            ],
            [
              82.21219376394231,
              26.657944314086325
            ],
            [
              82.211902988268,
              26.658576308395883
            ],
            [
              82.21154160860561,
              26.658969100631296
            ],
            [
              82.21088886397406,
              26.659163599989125
            ],
            [
              82.21033111708218,
              26.658902115082007
            ],
            [
              82.20895456030033,
              26.65833886105829
            ],
            [
              82.20885833905534,
              26.65828223235712
            ],
            [
              82.20769837507166,
              26.65759954830097
            ],
            [
              82.20743158890701,
              26.656755814266173
            ],
            [
              82.20716480723394,
              26.655912078008274
            ],
            [
              82.20653636292913,
              26.654910572258164
            ],
            [
              82.20641539938624,
              26.65430599026315
            ],
            [
              82.20663094025721,
              26.653719202755713
            ],
            [
              82.20745458577827,
              26.65373676279772
            ],
            [
              82.2082029264274,
              26.653849176065737
            ],
            [
              82.208272922256,
              26.653303058997
            ],
            [
              82.2081062551264,
              26.65210276732422
            ],
            [
              82.20839167684163,
              26.65091128100415
            ],
            [
              82.20873251922,
              26.65004004222212
            ],
            [
              82.20870717235593,
              26.649584282001083
            ],
            [
              82.20827007369824,
              26.649431163886174
            ],
            [
              82.20597550427307,
              26.650086757832998
            ],
            [
              82.20534766183955,
              26.650087127960923
            ],
            [
              82.20510624769177,
              26.649523226669146
            ],
            [
              82.20462360085594,
              26.64882854805161
            ],
            [
              82.20387525122366,
              26.64860779020297
            ],
            [
              82.20269011375079,
              26.64873929803494
            ],
            [
              82.20131435197798,
              26.6491552360301
            ],
            [
              82.20054083694134,
              26.64908792597516
            ],
            [
              82.20008372112417,
              26.648871615027616
            ],
            [
              82.19955094021064,
              26.648199418290297
            ],
            [
              82.19795382097543,
              26.64796110793232
            ],
            [
              82.19732614832347,
              26.64820062905409
            ],
            [
              82.19713069737551,
              26.64883246133417
            ],
            [
              82.1973772660564,
              26.649613049332043
            ],
            [
              82.19749821432794,
              26.650307943967952
            ],
            [
              82.19715692458854,
              26.650633018748533
            ],
            [
              82.19652911718933,
              26.650588293693172
            ],
            [
              82.19493680663584,
              26.64996172598865
            ],
            [
              82.19394201678176,
              26.64926728608773
            ],
            [
              82.19367560431627,
              26.64885223087596
            ],
            [
              82.19333831028327,
              26.647570807749116
            ],
            [
              82.19290571038854,
              26.64633448879888
            ],
            [
              82.19203165321035,
              26.646032576947324
            ],
            [
              82.19113804060673,
              26.646380439953074
            ],
            [
              82.19099775969197,
              26.6469671696357
            ],
            [
              82.1909478906173,
              26.647639628146134
            ],
            [
              82.19101850808009,
              26.64826681477864
            ],
            [
              82.19049145033323,
              26.64861461076089
            ],
            [
              82.18936158979307,
              26.648759498744727
            ],
            [
              82.1881515447323,
              26.649369247779063
            ],
            [
              82.18689621020819,
              26.64960893134086
            ],
            [
              82.18573606925641,
              26.64954179096196
            ],
            [
              82.18501565902609,
              26.64968309530384
            ],
            [
              82.18472164582349,
              26.649740763990163
            ],
            [
              82.18450596391703,
              26.65024181803684
            ],
            [
              82.18399911736576,
              26.650914384114795
            ],
            [
              82.18315535587053,
              26.65089219907975
            ],
            [
              82.18182448560744,
              26.650978402914404
            ],
            [
              82.18105119694624,
              26.651132154829753
            ],
            [
              82.18056937925537,
              26.65169649296405
            ],
            [
              82.18057454726322,
              26.652061957622262
            ],
            [
              82.18098676977405,
              26.65288762264727
            ],
            [
              82.18134870908685,
              26.653645662022036
            ],
            [
              82.18130392268006,
              26.654408344865033
            ],
            [
              82.18127904922817,
              26.654972394638282
            ],
            [
              82.18098795914351,
              26.655428327636074
            ],
            [
              82.18021464712608,
              26.655730955663195
            ],
            [
              82.17973246921082,
              26.65564542498715
            ],
            [
              82.17924009272214,
              26.65523495874017
            ],
            [
              82.17918963525094,
              26.65471149825047
            ],
            [
              82.17923961302178,
              26.654255701282622
            ],
            [
              82.17875737581767,
              26.653845185881124
            ],
            [
              82.17769217511335,
              26.65297469607847
            ],
            [
              82.17658181340472,
              26.652018383635
            ],
            [
              82.17597907888336,
              26.65169367409035
            ],
            [
              82.17527584713625,
              26.65149983400587
            ],
            [
              82.1747435773641,
              26.65163090013976
            ],
            [
              82.1741662489956,
              26.65206430600704
            ],
            [
              82.17372956356297,
              26.652696230108223
            ],
            [
              82.17303163367266,
              26.653044032668287
            ],
            [
              82.17259464640604,
              26.65291325317234
            ],
            [
              82.17199170706883,
              26.652367463209067
            ],
            [
              82.17136371102335,
              26.651911860809957
            ],
            [
              82.17097407575203,
              26.651952196873822
            ],
            [
              82.17092688006363,
              26.65195708312453
            ],
            [
              82.17073612730464,
              26.652196333325932
            ],
            [
              82.17073615605071,
              26.652412987220064
            ],
            [
              82.17088199035057,
              26.65278293998912
            ],
            [
              82.17104788492904,
              26.65317100726661
            ],
            [
              82.17123375803942,
              26.65333340782333
            ],
            [
              82.17174644094511,
              26.654452431763897
            ],
            [
              82.17232941612346,
              26.65540890766698
            ],
            [
              82.173123325612,
              26.656180291122823
            ],
            [
              82.17430896793807,
              26.657109555843782
            ],
            [
              82.17504755018827,
              26.657673409223715
            ],
            [
              82.17519828928957,
              26.657898914310813
            ],
            [
              82.17582184855583,
              26.659654204202145
            ],
            [
              82.17613888198589,
              26.66105749698535
            ],
            [
              82.1764457078594,
              26.661991577308708
            ],
            [
              82.17522532768132,
              26.66221311367441
            ],
            [
              82.17368348807372,
              26.66256112405765
            ],
            [
              82.17229237678768,
              26.66293167572884
            ],
            [
              82.17077061362838,
              26.66332931224476
            ],
            [
              82.16954527115665,
              26.663758328218428
            ],
            [
              82.16890230109375,
              26.66363222839289
            ],
            [
              82.16850046580251,
              26.663524032964926
            ],
            [
              82.16779728885261,
              26.66362350372291
            ],
            [
              82.16736541120336,
              26.663709383250545
            ],
            [
              82.16756152331138,
              26.66449907096421
            ],
            [
              82.16675800095096,
              26.66473399760695
            ],
            [
              82.16610508923279,
              26.66477474176677
            ],
            [
              82.16540680271132,
              26.664454532770435
            ],
            [
              82.16439709363704,
              26.664093836179934
            ],
            [
              82.16365876561004,
              26.664035331021104
            ],
            [
              82.16305096728546,
              26.66404454214568
            ],
            [
              82.16221216179562,
              26.66403569307595
            ],
            [
              82.16195600988732,
              26.664067362836107
            ],
            [
              82.16171508532136,
              26.66454132202379
            ],
            [
              82.16219246892798,
              26.66528575726134
            ],
            [
              82.16269021195217,
              26.666562710803277
            ],
            [
              82.16234377576453,
              26.66725330381027
            ],
            [
              82.1616909179453,
              26.66755582983596
            ],
            [
              82.16138459333172,
              26.66779058802767
            ],
            [
              82.1615707781575,
              26.66872009936973
            ],
            [
              82.16226961534626,
              26.67089959296613
            ],
            [
              82.16237524195233,
              26.67122899682508
            ],
            [
              82.1631189239384,
              26.672185484624837
            ],
            [
              82.16357637662378,
              26.67315106562316
            ],
            [
              82.16397361074408,
              26.674234075871432
            ],
            [
              82.16413952059389,
              26.674730376309146
            ],
            [
              82.16457179080696,
              26.675461351169854
            ],
            [
              82.16472263411283,
              26.675962178302214
            ],
            [
              82.16489350176471,
              26.676305117049402
            ],
            [
              82.16444160156608,
              26.676779135359606
            ],
            [
              82.16378883896826,
              26.677550917755912
            ],
            [
              82.16407062160826,
              26.678909179317078
            ],
            [
              82.16420144056814,
              26.679531939120327
            ],
            [
              82.16509599999605,
              26.680592170118175
            ],
            [
              82.16596034099612,
              26.6815486259419
            ],
            [
              82.16618156281292,
              26.68196820077425
            ],
            [
              82.1661466830271,
              26.682992610979593
            ],
            [
              82.16607177161724,
              26.684220150790708
            ],
            [
              82.16603190079167,
              26.685018877032324
            ],
            [
              82.16579118193992,
              26.68627803694635
            ],
            [
              82.16554018007314,
              26.686864684277364
            ],
            [
              82.16457590958252,
              26.687519381708587
            ],
            [
              82.16390286033064,
              26.687808304226735
            ],
            [
              82.16305401616752,
              26.68841330581274
            ],
            [
              82.16263218617473,
              26.688882667617747
            ],
            [
              82.16186886432159,
              26.689970444364285
            ],
            [
              82.16136163239308,
              26.690606865716
            ],
            [
              82.16108543727412,
              26.691044699088977
            ],
            [
              82.16089496568779,
              26.692186461104168
            ],
            [
              82.16136276337198,
              26.69400044669264
            ],
            [
              82.16160932666298,
              26.695160184601587
            ],
            [
              82.1620518646197,
              26.69668080872848
            ],
            [
              82.16031869912797,
              26.697218251224506
            ],
            [
              82.15915820423997,
              26.69753896290418
            ],
            [
              82.15785215891977,
              26.69816199330396
            ],
            [
              82.1571387285992,
              26.698428446606812
            ],
            [
              82.15728968060124,
              26.69920007520206
            ],
            [
              82.15551635682304,
              26.700039807613322
            ],
            [
              82.15374298723079,
              26.701028483606823
            ],
            [
              82.15118089502242,
              26.702459495605183
            ],
            [
              82.14944262799818,
              26.703366904172164
            ],
            [
              82.14865396556922,
              26.703872418889993
            ],
            [
              82.14774934141685,
              26.702920393275804
            ],
            [
              82.14617180275991,
              26.70344864494072
            ],
            [
              82.14435802514951,
              26.704053581140233
            ],
            [
              82.14366967399508,
              26.70422059664316
            ],
            [
              82.14279046408042,
              26.704604283015527
            ],
            [
              82.14243380057327,
              26.70536252996338
            ],
            [
              82.14282599065326,
              26.706720752989884
            ],
            [
              82.14172060830627,
              26.707226325045
            ],
            [
              82.14099212132325,
              26.70746109302763
            ],
            [
              82.14097718593334,
              26.708363634888528
            ],
            [
              82.14093706088453,
              26.709035992227992
            ],
            [
              82.14017337790867,
              26.709406132051363
            ],
            [
              82.14067598890341,
              26.710683217309327
            ],
            [
              82.14140484599233,
              26.712659640096522
            ],
            [
              82.14162607230072,
              26.71385550288137
            ],
            [
              82.14155582135055,
              26.7142662026522
            ],
            [
              82.1419629656851,
              26.71546651403067
            ],
            [
              82.14226476458624,
              26.7168789236767
            ],
            [
              82.14262177035152,
              26.71848542508616
            ],
            [
              82.14297380304338,
              26.72026338996771
            ],
            [
              82.14320009674829,
              26.721188463877304
            ],
            [
              82.14331064791872,
              26.72163972622565
            ],
            [
              82.14213476578821,
              26.7218474108064
            ],
            [
              82.14058207004044,
              26.722231166963596
            ],
            [
              82.13897396710423,
              26.722633040137673
            ],
            [
              82.13755688282838,
              26.722953491689076
            ],
            [
              82.13619004491964,
              26.723084470069438
            ],
            [
              82.13460206873738,
              26.7234546693279
            ],
            [
              82.13344124596432,
              26.723743552050724
            ],
            [
              82.13217988374464,
              26.723766212351507
            ],
            [
              82.13187322675442,
              26.722430455256596
            ],
            [
              82.1311294064278,
              26.71989431410442
            ],
            [
              82.13043577497609,
              26.71729054172809
            ],
            [
              82.13009904867839,
              26.716094674102116
            ],
            [
              82.12985781778694,
              26.714573926400558
            ],
            [
              82.1289783752086,
              26.713721047372893
            ],
            [
              82.12804374732575,
              26.713166009084212
            ],
            [
              82.1274105913573,
              26.712710233122927
            ],
            [
              82.12653123681389,
              26.71301253980933
            ],
            [
              82.12565193167782,
              26.71354959630843
            ],
            [
              82.12474240991054,
              26.71365340710855
            ],
            [
              82.12488309866045,
              26.71464164796547
            ],
            [
              82.12486804469289,
              26.715666020389328
            ],
            [
              82.1246218200668,
              26.71633839880148
            ],
            [
              82.12368714097998,
              26.717092095791173
            ],
            [
              82.12301379438573,
              26.71757945213258
            ],
            [
              82.12254636141752,
              26.71856773433388
            ],
            [
              82.12183784308495,
              26.71940699976972
            ],
            [
              82.12093831417688,
              26.720097490847433
            ],
            [
              82.12034534973255,
              26.720372716663373
            ],
            [
              82.12097344818596,
              26.72133845986559
            ],
            [
              82.12153623282998,
              26.722579466704737
            ],
            [
              82.12207897785666,
              26.72354065702715
            ],
            [
              82.12187284593998,
              26.724077683112228
            ],
            [
              82.12111403542625,
              26.724844796368686
            ],
            [
              82.12002851033859,
              26.725517194375836
            ],
            [
              82.11856603419143,
              26.726121848842876
            ],
            [
              82.11769160780565,
              26.726609132018694
            ],
            [
              82.1170734456176,
              26.72741239190495
            ],
            [
              82.11651045256441,
              26.728355498625536
            ],
            [
              82.11606313287545,
              26.728978248089756
            ],
            [
              82.11580180936605,
              26.729817607646805
            ],
            [
              82.1158016898901,
              26.730986306046425
            ],
            [
              82.11606282924487,
              26.732597445376285
            ],
            [
              82.11632412939808,
              26.73402789369848
            ],
            [
              82.11597221079226,
              26.73523728465917
            ],
            [
              82.11699730441413,
              26.736834895281586
            ],
            [
              82.1180577117081,
              26.73785484562903
            ],
            [
              82.11733397681293,
              26.73833760435236
            ],
            [
              82.11542899864168,
              26.739564991295943
            ],
            [
              82.11302140678072,
              26.74091856314226
            ],
            [
              82.11163410524975,
              26.741726257022826
            ],
            [
              82.11079468441397,
              26.742330810093886
            ],
            [
              82.10995014318111,
              26.742985080332794
            ],
            [
              82.10968875678961,
              26.743806394874802
            ],
            [
              82.10965332992973,
              26.745336178653666
            ],
            [
              82.10977888116881,
              26.74632442110761
            ],
            [
              82.10985411687048,
              26.746960711965738
            ],
            [
              82.1099243947701,
              26.74756994367625
            ],
            [
              82.10856228289806,
              26.74776837736554
            ],
            [
              82.10738603155997,
              26.747953268921744
            ],
            [
              82.10687336572228,
              26.747998311139572
            ],
            [
              82.10661698204862,
              26.748020878367758
            ],
            [
              82.10678766824081,
              26.749315990866837
            ],
            [
              82.1069936725967,
              26.749970387761763
            ],
            [
              82.10723876085399,
              26.750296274845482
            ],
            [
              82.10541380730317,
              26.753708625997174
            ],
            [
              82.10129116357984,
              26.75297669503576
            ],
            [
              82.10127026337645,
              26.7529729842638
            ],
            [
              82.10129590488792,
              26.753001586724274
            ],
            [
              82.10130182119238,
              26.753032549118295
            ],
            [
              82.10199383657488,
              26.756654523082855
            ],
            [
              82.10163389331862,
              26.758157275004237
            ],
            [
              82.10158102207424,
              26.75819643364786
            ],
            [
              82.10036629679088,
              26.759096115390264
            ],
            [
              82.09941467637613,
              26.76360262574072
            ],
            [
              82.09783093844538,
              26.768693699131102
            ],
            [
              82.0982232533912,
              26.776869352776696
            ],
            [
              82.09647860832845,
              26.78000367012298
            ],
            [
              82.09622384970714,
              26.78012227824766
            ],
            [
              82.09920547581444,
              26.78192596665822
            ],
            [
              82.09923606973805,
              26.783769170790674
            ],
            [
              82.10017438969672,
              26.786176271802432
            ],
            [
              82.10020411135622,
              26.78619567107605
            ],
            [
              82.10121237683785,
              26.78685372637904
            ],
            [
              82.10209905893905,
              26.786150515694995
            ],
            [
              82.1037287286286,
              26.783824247090152
            ],
            [
              82.10677929594236,
              26.782055031810742
            ],
            [
              82.111110874326,
              26.780153230844153
            ],
            [
              82.11354675323697,
              26.78000524999361
            ],
            [
              82.11948720710797,
              26.782229625077964
            ],
            [
              82.12387673491224,
              26.783783414013968
            ],
            [
              82.12956097668783,
              26.786010962045903
            ],
            [
              82.13103255995533,
              26.78956282263358
            ],
            [
              82.13262081371703,
              26.792421826170077
            ],
            [
              82.13401674626118,
              26.791481105023948
            ],
            [
              82.1349207856103,
              26.79941914632867
            ],
            [
              82.1352922515567,
              26.806212116038555
            ],
            [
              82.13529537679557,
              26.806269294933756
            ],
            [
              82.13747383358039,
              26.806182437362324
            ],
            [
              82.14173400128882,
              26.807622260330604
            ],
            [
              82.1495778729575,
              26.80843683206026
            ],
            [
              82.15698370363567,
              26.80614609027399
            ],
            [
              82.1631989009481,
              26.801797393341996
            ],
            [
              82.16918858968322,
              26.799295138011423
            ],
            [
              82.17415637740896,
              26.799226435724012
            ],
            [
              82.17444985341902,
              26.79922237205482
            ],
            [
              82.17756129596633,
              26.801022851108716
            ],
            [
              82.17980433533188,
              26.804563523400336
            ],
            [
              82.18322629942176,
              26.809470520612958
            ],
            [
              82.18672320815917,
              26.811265446840366
            ],
            [
              82.19280876599973,
              26.814291529213122
            ],
            [
              82.19292383210276,
              26.814426806163127
            ],
            [
              82.19726426607849,
              26.81952936868487
            ],
            [
              82.20544825967664,
              26.825060454772483
            ],
            [
              82.20573434434854,
              26.825253785229034
            ],
            [
              82.20560022228337,
              26.824477973902493
            ],
            [
              82.2053885315917,
              26.823810219620835
            ],
            [
              82.20525207839836,
              26.822925800605258
            ],
            [
              82.20523621504874,
              26.821851846676616
            ],
            [
              82.20542188783482,
              26.821134194366998
            ],
            [
              82.20634169980372,
              26.82029883893358
            ],
            [
              82.20693506669325,
              26.820194696653378
            ],
            [
              82.20814200178653,
              26.819963870906665
            ],
            [
              82.20942944569212,
              26.819778059234135
            ],
            [
              82.21130008127012,
              26.819276014977365
            ],
            [
              82.21260219915591,
              26.818611861705985
            ],
            [
              82.21395930831015,
              26.81751901493034
            ],
            [
              82.21570811257266,
              26.815582004755786
            ],
            [
              82.21665775489717,
              26.814426103053403
            ],
            [
              82.21801450292864,
              26.813089476349205
            ],
            [
              82.21945192865581,
              26.811919768136157
            ],
            [
              82.22085911619217,
              26.810686847686494
            ],
            [
              82.22175337917606,
              26.809643864249736
            ]
          ]
        ]
      }
    }
  ]
}