{
  "type": "FeatureCollection",
  "features": [
    {
      "type": "Feature",
      "properties": {
        "objectid": "09-190-00963",
        "stcode11": "09",
        "dtcode11": "190",
        "sdtcode11": "00963",
        "stname": "UTTAR PRADESH",
        "dtname": "Deoria",
        "sdtname": "Bhatpar Rani",
        "st_area_sh": 0.0,
        "st_length_": 0.0,
        "remarks": "",
        "dist_lgd": 137,
        "state_lgd": 9,
        "subdt_lgd": 963,
        "ac_no": 340,
        "st_length(shape)": 139911.67694591556,
        "st_area(shape)": 447757082.8095866
      },
      "geometry": {
        "type": "Polygon",
        "coordinates": [
          [
            [
              84.02102556298398,
              26.444005991339008
            ],
            [
              84.0216483964115,
              26.443364894628672
            ],
            [
              84.02260508871437,
              26.44221199902327
            ],
            [
              84.023381490038,
              26.441249308084902
            ],
            [
              84.02364824925321,
              26.440618823887487
            ],
            [
              84.02379297772694,
              26.440251942394287
            ],
            [
              84.02388287123912,
              26.439094499163378
            ],
            [
              84.02402008261055,
              26.438240277365594
            ],
            [
              84.02434664716579,
              26.437232116698873
            ],
            [
              84.0243910383139,
              26.436795885719135
            ],
            [
              84.02442039525737,
              26.436507389065905
            ],
            [
              84.02442005659249,
              26.434766151694152
            ],
            [
              84.02442360134461,
              26.434238443113507
            ],
            [
              84.02430533184925,
              26.433771350610414
            ],
            [
              84.02391791362002,
              26.433249030170057
            ],
            [
              84.02351781656888,
              26.432830196212244
            ],
            [
              84.02262551999718,
              26.432108711618536
            ],
            [
              84.02259011829014,
              26.4320800859661
            ],
            [
              84.02241737405767,
              26.43178327438936
            ],
            [
              84.02236377338129,
              26.43152954312627
            ],
            [
              84.02244770297827,
              26.431188459214567
            ],
            [
              84.02260558727936,
              26.43089402802224
            ],
            [
              84.02295532836891,
              26.430639155745975
            ],
            [
              84.02311109264592,
              26.430525642677512
            ],
            [
              84.02390409573435,
              26.429888077999397
            ],
            [
              84.02394722385112,
              26.429833122213534
            ],
            [
              84.02451015941212,
              26.42911579625699
            ],
            [
              84.02524395274354,
              26.428246931382276
            ],
            [
              84.02525015740719,
              26.428241181283965
            ],
            [
              84.02564130544148,
              26.42787872501179
            ],
            [
              84.02596763194315,
              26.427576331070753
            ],
            [
              84.02714719716633,
              26.426712223344623
            ],
            [
              84.02837681921207,
              26.425849143666024
            ],
            [
              84.03023102280687,
              26.42466071522652
            ],
            [
              84.03111570076666,
              26.42396185494269
            ],
            [
              84.03164067262541,
              26.42342005168927
            ],
            [
              84.03203688176802,
              26.423011134131396
            ],
            [
              84.03313742489057,
              26.421707761330428
            ],
            [
              84.0338131376473,
              26.42095041316031
            ],
            [
              84.03422185493189,
              26.420382568113546
            ],
            [
              84.03437937272034,
              26.420163721039508
            ],
            [
              84.03467529574122,
              26.419759363067634
            ],
            [
              84.03485839934558,
              26.419456415255507
            ],
            [
              84.03492149521452,
              26.41904136060181
            ],
            [
              84.0349374555822,
              26.418936366222976
            ],
            [
              84.03495478677895,
              26.418822365368015
            ],
            [
              84.03502360042465,
              26.418286985261847
            ],
            [
              84.03498809091977,
              26.41732540664841
            ],
            [
              84.03497035727777,
              26.417189228642727
            ],
            [
              84.0349390312272,
              26.416948688243817
            ],
            [
              84.03483317195747,
              26.416135801041744
            ],
            [
              84.03467638360104,
              26.41541079033448
            ],
            [
              84.03463200682599,
              26.41517577895031
            ],
            [
              84.03463087674537,
              26.41516979006051
            ],
            [
              84.03448226395635,
              26.414382765659063
            ],
            [
              84.0342283380733,
              26.413538452051434
            ],
            [
              84.03420866496857,
              26.41347129731497
            ],
            [
              84.03403023080705,
              26.41286220198936
            ],
            [
              84.03398680894118,
              26.41240569115147
            ],
            [
              84.03386811274603,
              26.411698072289642
            ],
            [
              84.03386654428756,
              26.411688716177363
            ],
            [
              84.03386076273038,
              26.411654250052074
            ],
            [
              84.03448645010556,
              26.411870228965117
            ],
            [
              84.03582276775255,
              26.412506936666784
            ],
            [
              84.03665121656545,
              26.41282635401131
            ],
            [
              84.03707686529653,
              26.413029152353765
            ],
            [
              84.03729159229384,
              26.41305615917331
            ],
            [
              84.0374862401479,
              26.41288877600454
            ],
            [
              84.03761528403679,
              26.41254410419642
            ],
            [
              84.03785090944086,
              26.412341481196698
            ],
            [
              84.0379704599338,
              26.41230774659852
            ],
            [
              84.0384614835597,
              26.41216918523336
            ],
            [
              84.03956285313232,
              26.412394997942535
            ],
            [
              84.04015339212536,
              26.412614736710196
            ],
            [
              84.04066238475188,
              26.412692943149292
            ],
            [
              84.04096804461214,
              26.412690250343648
            ],
            [
              84.04107106430725,
              26.412579607112875
            ],
            [
              84.04108464683432,
              26.4124400468296
            ],
            [
              84.0406732660449,
              26.412070649137274
            ],
            [
              84.03992809195718,
              26.41143269679958
            ],
            [
              84.03967654301638,
              26.410886165848122
            ],
            [
              84.03971856261211,
              26.410417891780753
            ],
            [
              84.0398876515997,
              26.410074046920386
            ],
            [
              84.04066684129398,
              26.409183468922357
            ],
            [
              84.04083805479725,
              26.408952441146536
            ],
            [
              84.04092415202904,
              26.408327192678442
            ],
            [
              84.04099459432035,
              26.407530201939817
            ],
            [
              84.04120188955534,
              26.407259322379694
            ],
            [
              84.0415277929505,
              26.407248023648837
            ],
            [
              84.04194738883322,
              26.407491281225674
            ],
            [
              84.04230207335176,
              26.40792265562924
            ],
            [
              84.04247277122205,
              26.408300603130183
            ],
            [
              84.04258563196109,
              26.408785616832002
            ],
            [
              84.042896584695,
              26.4093604390477
            ],
            [
              84.04314451612018,
              26.409460300164486
            ],
            [
              84.04362915182607,
              26.40951092422569
            ],
            [
              84.04406388791456,
              26.409357519276554
            ],
            [
              84.04501235614099,
              26.40850650461789
            ],
            [
              84.0453640393882,
              26.40827017897665
            ],
            [
              84.04596739284878,
              26.408183408062357
            ],
            [
              84.04672947323016,
              26.40815855797142
            ],
            [
              84.04716955159964,
              26.40799171963582
            ],
            [
              84.04729752739165,
              26.407687613703146
            ],
            [
              84.04745104318549,
              26.407167505978737
            ],
            [
              84.0478192302811,
              26.406872871846595
            ],
            [
              84.04835358414472,
              26.406938039885187
            ],
            [
              84.04897622443444,
              26.407077205337597
            ],
            [
              84.04935525329724,
              26.40714367426952
            ],
            [
              84.04951138408686,
              26.407110807904616
            ],
            [
              84.04945749864453,
              26.406866099665823
            ],
            [
              84.04901698459214,
              26.40646003602087
            ],
            [
              84.04894438095427,
              26.405966833082175
            ],
            [
              84.04923334293,
              26.405242011109316
            ],
            [
              84.04934584344464,
              26.404364682194533
            ],
            [
              84.04937169426353,
              26.40374269326627
            ],
            [
              84.04963968866225,
              26.403644471011543
            ],
            [
              84.05003373017007,
              26.403622447329735
            ],
            [
              84.0503470113372,
              26.403604935876693
            ],
            [
              84.05146056116676,
              26.40413765732421
            ],
            [
              84.05223381569196,
              26.404460354862024
            ],
            [
              84.05264058632734,
              26.404617606674883
            ],
            [
              84.05286634822959,
              26.404604217335976
            ],
            [
              84.05292830144148,
              26.404334832293177
            ],
            [
              84.05301058173163,
              26.40365987197697
            ],
            [
              84.05319326672105,
              26.403370420220117
            ],
            [
              84.05351931115175,
              26.403156099788745
            ],
            [
              84.05415370679528,
              26.403029332678134
            ],
            [
              84.0548893326899,
              26.402467075966367
            ],
            [
              84.05537695978566,
              26.402201947182387
            ],
            [
              84.05580275494214,
              26.402201695337503
            ],
            [
              84.0563700805699,
              26.402348709086432
            ],
            [
              84.05679087121193,
              26.40234835183726
            ],
            [
              84.05708618068348,
              26.402160456335274
            ],
            [
              84.05730060944012,
              26.40180398573092
            ],
            [
              84.05790260824126,
              26.401374291839034
            ],
            [
              84.05877971160659,
              26.401157766250886
            ],
            [
              84.05969944811696,
              26.40123533032029
            ],
            [
              84.0607860952004,
              26.40144713907194
            ],
            [
              84.06143503995828,
              26.401338681678396
            ],
            [
              84.0621523833402,
              26.401100805330476
            ],
            [
              84.06281408058187,
              26.40088433796691
            ],
            [
              84.0631288322911,
              26.40071938320517
            ],
            [
              84.0632281841649,
              26.400554515107444
            ],
            [
              84.06308835959427,
              26.400339622183278
            ],
            [
              84.06261901411284,
              26.400081870197102
            ],
            [
              84.06229408089817,
              26.39966017600172
            ],
            [
              84.0623659649855,
              26.39880003923799
            ],
            [
              84.06243564011558,
              26.398422540188513
            ],
            [
              84.06271625314909,
              26.398220796810765
            ],
            [
              84.06315627492471,
              26.39805390468024
            ],
            [
              84.0635960837996,
              26.397697541285396
            ],
            [
              84.06399218514436,
              26.397484633744142
            ],
            [
              84.06446496578346,
              26.397408631393144
            ],
            [
              84.06547054440406,
              26.396468415394036
            ],
            [
              84.0655810416756,
              26.39625866225779
            ],
            [
              84.06551708522062,
              26.395388411274645
            ],
            [
              84.0654804384486,
              26.394889740784436
            ],
            [
              84.06531965708074,
              26.394245510367835
            ],
            [
              84.06523940338991,
              26.39392393414995
            ],
            [
              84.06511691001606,
              26.393222203252787
            ],
            [
              84.06511915310931,
              26.393164219692647
            ],
            [
              84.06512689658709,
              26.39296411430671
            ],
            [
              84.06513138457022,
              26.392848080109534
            ],
            [
              84.06528785043147,
              26.392603182303034
            ],
            [
              84.06563443843442,
              26.392366696151967
            ],
            [
              84.06612750932081,
              26.39223109864161
            ],
            [
              84.06679455243673,
              26.39204765590259
            ],
            [
              84.0676410969127,
              26.39145151166013
            ],
            [
              84.06797596279947,
              26.39108395873654
            ],
            [
              84.0682029338341,
              26.390664965227007
            ],
            [
              84.06821764734013,
              26.390637805103147
            ],
            [
              84.06820619382027,
              26.38970377524229
            ],
            [
              84.06820342970414,
              26.38961329597396
            ],
            [
              84.06817054417823,
              26.388537066203543
            ],
            [
              84.06816233357652,
              26.38826835020278
            ],
            [
              84.07059145176663,
              26.387876042130657
            ],
            [
              84.07205790475558,
              26.38772111808983
            ],
            [
              84.07370559914126,
              26.38752928784807
            ],
            [
              84.07398945778789,
              26.386601298056284
            ],
            [
              84.07568477007021,
              26.38644660084758
            ],
            [
              84.07579701725989,
              26.38643635829425
            ],
            [
              84.0758067738622,
              26.386435468267198
            ],
            [
              84.07582397839651,
              26.386249488672416
            ],
            [
              84.07592381086899,
              26.385170240377484
            ],
            [
              84.07608673022723,
              26.38506530370107
            ],
            [
              84.0778670231354,
              26.38484023823403
            ],
            [
              84.0790663153622,
              26.384688608743026
            ],
            [
              84.07917746930218,
              26.384650279052625
            ],
            [
              84.07911161740198,
              26.383088088302348
            ],
            [
              84.07916630593814,
              26.38250727021012
            ],
            [
              84.0817768568662,
              26.38206433385415
            ],
            [
              84.08212274957309,
              26.382001286793855
            ],
            [
              84.083090089607,
              26.381824964401016
            ],
            [
              84.08400787138332,
              26.381776010142982
            ],
            [
              84.08412120822946,
              26.38187519739858
            ],
            [
              84.08414509173792,
              26.3818960977635
            ],
            [
              84.08435368234355,
              26.38236499614651
            ],
            [
              84.08443927831537,
              26.38274567576616
            ],
            [
              84.0845548250171,
              26.382763114736605
            ],
            [
              84.08537233504481,
              26.382886494371373
            ],
            [
              84.0861736538378,
              26.383087776059558
            ],
            [
              84.08705272002202,
              26.383583862779428
            ],
            [
              84.08727675626061,
              26.383779357138778
            ],
            [
              84.08743681178971,
              26.383919021286182
            ],
            [
              84.08771438402601,
              26.384161230357872
            ],
            [
              84.08810699990742,
              26.384881983164945
            ],
            [
              84.08815053855432,
              26.384993500335597
            ],
            [
              84.08840348707035,
              26.38564138032706
            ],
            [
              84.08875555120323,
              26.386780841709278
            ],
            [
              84.08884049499817,
              26.386769310822874
            ],
            [
              84.09118302188308,
              26.38645129964273
            ],
            [
              84.09199870204255,
              26.386386421810236
            ],
            [
              84.09333968913238,
              26.386279752856485
            ],
            [
              84.09357694318206,
              26.386260880392907
            ],
            [
              84.0948922815739,
              26.386138736401506
            ],
            [
              84.09590636993522,
              26.386052628845658
            ],
            [
              84.09592125142619,
              26.386051364616755
            ],
            [
              84.09592993184683,
              26.38604984367936
            ],
            [
              84.09758140544491,
              26.38576026166109
            ],
            [
              84.0977169630179,
              26.385743675353194
            ],
            [
              84.09811897976881,
              26.385694481336618
            ],
            [
              84.09863844675154,
              26.385551640643772
            ],
            [
              84.09900768218105,
              26.385207259787283
            ],
            [
              84.0992934569342,
              26.384595025691105
            ],
            [
              84.09991010995256,
              26.384571442009715
            ],
            [
              84.10115088637919,
              26.38482666634003
            ],
            [
              84.10198352942614,
              26.384978874255143
            ],
            [
              84.10198794015419,
              26.385065978069537
            ],
            [
              84.10201371820959,
              26.38557496097763
            ],
            [
              84.10233883018903,
              26.385632949153404
            ],
            [
              84.10252732638,
              26.38566656761981
            ],
            [
              84.1028967693204,
              26.38571465433824
            ],
            [
              84.10315076167879,
              26.385672430088366
            ],
            [
              84.10340475583378,
              26.385630206627766
            ],
            [
              84.10394182620281,
              26.385383946389652
            ],
            [
              84.1046168140191,
              26.38523070009614
            ],
            [
              84.10581632273986,
              26.385133175085883
            ],
            [
              84.1078365897964,
              26.38524884524817
            ],
            [
              84.10886226822151,
              26.38530756026246
            ],
            [
              84.11059503306464,
              26.385518513030707
            ],
            [
              84.11216433057717,
              26.38545547268425
            ],
            [
              84.11218043916686,
              26.385454981797153
            ],
            [
              84.11420944144122,
              26.385392995616716
            ],
            [
              84.11678908673022,
              26.385332301000755
            ],
            [
              84.11679043959305,
              26.385332269616143
            ],
            [
              84.1192115789468,
              26.38525474314624
            ],
            [
              84.12110183642552,
              26.38517551300053
            ],
            [
              84.12122364797804,
              26.385168061960034
            ],
            [
              84.12129191544805,
              26.385163886190387
            ],
            [
              84.12198972676076,
              26.38512120223528
            ],
            [
              84.12246900940588,
              26.384981974903873
            ],
            [
              84.1225917381383,
              26.384884567175195
            ],
            [
              84.12297247559677,
              26.384582381632402
            ],
            [
              84.12331714659487,
              26.384308819132354
            ],
            [
              84.12366718143353,
              26.38392789438919
            ],
            [
              84.12429036340737,
              26.38323667311711
            ],
            [
              84.12465594538868,
              26.383036507071594
            ],
            [
              84.12466328103126,
              26.383036034683474
            ],
            [
              84.12483391871443,
              26.383025058700568
            ],
            [
              84.12545910033809,
              26.38298484775704
            ],
            [
              84.12588502215704,
              26.382957450839847
            ],
            [
              84.12723715823785,
              26.38289164236235
            ],
            [
              84.12745963320448,
              26.382880812830372
            ],
            [
              84.12920958641223,
              26.382600159647115
            ],
            [
              84.1302248425834,
              26.382458128733578
            ],
            [
              84.13131843005071,
              26.38224480761429
            ],
            [
              84.1315257387604,
              26.38220436865329
            ],
            [
              84.13198635710887,
              26.38211451604798
            ],
            [
              84.13364084185983,
              26.381845426181886
            ],
            [
              84.13463962472531,
              26.381761679001524
            ],
            [
              84.13541943785042,
              26.38171853990511
            ],
            [
              84.13559757826282,
              26.38170868482635
            ],
            [
              84.13560431922072,
              26.38168942533149
            ],
            [
              84.13598016804741,
              26.380615599598112
            ],
            [
              84.13657033423961,
              26.379228925220282
            ],
            [
              84.13687781588324,
              26.3787433527549
            ],
            [
              84.13751869197324,
              26.377939639817335
            ],
            [
              84.1376512545631,
              26.377912074308195
            ],
            [
              84.13788742165131,
              26.377862962263553
            ],
            [
              84.13866650444608,
              26.377700949105567
            ],
            [
              84.14019165694893,
              26.37759610865652
            ],
            [
              84.14152201786726,
              26.37746931509186
            ],
            [
              84.14259084686704,
              26.377386908736945
            ],
            [
              84.14272658859467,
              26.37737462523962
            ],
            [
              84.14350169634432,
              26.377304474155615
            ],
            [
              84.1441017538861,
              26.37725016290878
            ],
            [
              84.14511917499712,
              26.377017839894382
            ],
            [
              84.14603536406045,
              26.376828601015838
            ],
            [
              84.14691174158702,
              26.376832547720813
            ],
            [
              84.14813118841553,
              26.376735058274285
            ],
            [
              84.14905049373456,
              26.376622553696112
            ],
            [
              84.15005879604713,
              26.376370999620452
            ],
            [
              84.15065802893552,
              26.37622149735883
            ],
            [
              84.15240851574256,
              26.37591349298867
            ],
            [
              84.15407439831782,
              26.37554810060374
            ],
            [
              84.1551427817532,
              26.375313751695543
            ],
            [
              84.15664850908638,
              26.374978269639595
            ],
            [
              84.15871044000576,
              26.37463126175476
            ],
            [
              84.16007510129661,
              26.37432903087988
            ],
            [
              84.16113318464895,
              26.374070328297737
            ],
            [
              84.16198150060268,
              26.37399242164144
            ],
            [
              84.1620094606659,
              26.37416889763526
            ],
            [
              84.16215071535443,
              26.375060449147654
            ],
            [
              84.16230614815308,
              26.375668049833905
            ],
            [
              84.16257881289297,
              26.375626019892778
            ],
            [
              84.16261387144355,
              26.375620615651215
            ],
            [
              84.16333639540971,
              26.375509242344606
            ],
            [
              84.1637841912058,
              26.37544021363264
            ],
            [
              84.16463515539299,
              26.375213586602936
            ],
            [
              84.16539233636283,
              26.375011930642277
            ],
            [
              84.16709849939544,
              26.37467128406162
            ],
            [
              84.16918241119156,
              26.37424335314288
            ],
            [
              84.17111751077262,
              26.373961323671185
            ],
            [
              84.17232844875875,
              26.373744964784194
            ],
            [
              84.17286804339373,
              26.37364855198975
            ],
            [
              84.17420610467069,
              26.373408816614027
            ],
            [
              84.17541587125372,
              26.373089842306335
            ],
            [
              84.17559970608669,
              26.37294459732181
            ],
            [
              84.17581468461226,
              26.37251913162027
            ],
            [
              84.17644156315353,
              26.371278478160516
            ],
            [
              84.17668141243608,
              26.370683199770927
            ],
            [
              84.17685347844052,
              26.369991845331793
            ],
            [
              84.17683783068661,
              26.36958705726255
            ],
            [
              84.17681351059693,
              26.36895795609323
            ],
            [
              84.1766576286406,
              26.36813411814378
            ],
            [
              84.17664043488605,
              26.368043246114084
            ],
            [
              84.17662925984392,
              26.36799489770627
            ],
            [
              84.17643199070585,
              26.367141372860512
            ],
            [
              84.17633631922978,
              26.366557260780755
            ],
            [
              84.17621578508161,
              26.365821357084073
            ],
            [
              84.17613546671203,
              26.365330978722778
            ],
            [
              84.17606342541949,
              26.364174650386154
            ],
            [
              84.1760061901595,
              26.361791521628902
            ],
            [
              84.17590488265333,
              26.36060303489985
            ],
            [
              84.17560120627321,
              26.359492004099316
            ],
            [
              84.17550939575622,
              26.3591561066625
            ],
            [
              84.17509184533743,
              26.358204992163216
            ],
            [
              84.17493197306466,
              26.35777776898485
            ],
            [
              84.17488533523006,
              26.357644254274188
            ],
            [
              84.1743654900566,
              26.35615603117013
            ],
            [
              84.17415978394135,
              26.3558132450313
            ],
            [
              84.17363398922578,
              26.354937057167735
            ],
            [
              84.17315254074252,
              26.354241101643797
            ],
            [
              84.17313089763239,
              26.354209817245994
            ],
            [
              84.1731289051691,
              26.354204878069485
            ],
            [
              84.17284281241236,
              26.353495844053207
            ],
            [
              84.17283316720115,
              26.352884460227987
            ],
            [
              84.17282410499656,
              26.352309964665217
            ],
            [
              84.17281917773721,
              26.351997606917088
            ],
            [
              84.17297159309484,
              26.35046675526688
            ],
            [
              84.17309707157035,
              26.349219586266326
            ],
            [
              84.17308673735134,
              26.34845575336477
            ],
            [
              84.17306843777067,
              26.34710319306399
            ],
            [
              84.17308310456431,
              26.346088427376667
            ],
            [
              84.17301221940359,
              26.34482385905911
            ],
            [
              84.17298183838065,
              26.344281883292318
            ],
            [
              84.17281499158798,
              26.342907134285312
            ],
            [
              84.17265551637055,
              26.339994156715694
            ],
            [
              84.17260885967131,
              26.339216362832776
            ],
            [
              84.17248807668982,
              26.3372028290752
            ],
            [
              84.17247841620721,
              26.336854225685272
            ],
            [
              84.17246828321083,
              26.336488577028717
            ],
            [
              84.17243322106698,
              26.335223394990642
            ],
            [
              84.1724294086169,
              26.335085840907134
            ],
            [
              84.1725423618824,
              26.334352718206386
            ],
            [
              84.17276647088455,
              26.33316614183629
            ],
            [
              84.17310508274606,
              26.332211904010983
            ],
            [
              84.17342396401065,
              26.33145126461914
            ],
            [
              84.17406120372041,
              26.330363064711005
            ],
            [
              84.17453534261219,
              26.329393450083057
            ],
            [
              84.17480584959874,
              26.328974716842804
            ],
            [
              84.17518699129907,
              26.328535608297216
            ],
            [
              84.17558048034297,
              26.328412536997554
            ],
            [
              84.17641602584665,
              26.32781546313483
            ],
            [
              84.17658557297506,
              26.327394463362875
            ],
            [
              84.17665576283977,
              26.327220173600153
            ],
            [
              84.1766586688897,
              26.327100451891344
            ],
            [
              84.17667863664185,
              26.326277747356087
            ],
            [
              84.17690431140751,
              26.325849102751057
            ],
            [
              84.17747746979644,
              26.32512955279645
            ],
            [
              84.1789137429851,
              26.323912702042573
            ],
            [
              84.17983137743774,
              26.323231503807413
            ],
            [
              84.18012706330337,
              26.323011755275015
            ],
            [
              84.18016442693097,
              26.3229665290054
            ],
            [
              84.1812823281998,
              26.321613401091806
            ],
            [
              84.18197371206664,
              26.320557800837957
            ],
            [
              84.18259648530703,
              26.319027151706017
            ],
            [
              84.18295854768903,
              26.318339515344086
            ],
            [
              84.18359624014965,
              26.317639250093364
            ],
            [
              84.18462206410184,
              26.316414262872524
            ],
            [
              84.18500106601515,
              26.315853273361665
            ],
            [
              84.18530392133509,
              26.31533589915333
            ],
            [
              84.18555152936675,
              26.31461893790866
            ],
            [
              84.18590378124755,
              26.313714552175824
            ],
            [
              84.18597354800575,
              26.312899357223085
            ],
            [
              84.1857884806842,
              26.311858100306647
            ],
            [
              84.18559622055214,
              26.311114453292653
            ],
            [
              84.1846319824009,
              26.30958870421653
            ],
            [
              84.1839426817272,
              26.308699948912736
            ],
            [
              84.18322052157869,
              26.308135365973865
            ],
            [
              84.18276769791198,
              26.30783621468089
            ],
            [
              84.18174249020407,
              26.30715891608681
            ],
            [
              84.1806991877314,
              26.306421085269967
            ],
            [
              84.17961351532006,
              26.30536661733778
            ],
            [
              84.17949338182049,
              26.305240246302326
            ],
            [
              84.17856897856221,
              26.304267836361287
            ],
            [
              84.1780051967882,
              26.303542776960164
            ],
            [
              84.17773893164643,
              26.303200339939245
            ],
            [
              84.17739338299427,
              26.30253824185854
            ],
            [
              84.17728931316863,
              26.30233883328304
            ],
            [
              84.1770654871358,
              26.30145470369358
            ],
            [
              84.17683548338876,
              26.30041255392413
            ],
            [
              84.17642494521908,
              26.299384894784772
            ],
            [
              84.17599014624854,
              26.29819516163827
            ],
            [
              84.1758897828717,
              26.29792053876243
            ],
            [
              84.17574904830774,
              26.297535443756363
            ],
            [
              84.17528404707902,
              26.295658567379
            ],
            [
              84.17525216407293,
              26.295515402893496
            ],
            [
              84.17497638128071,
              26.294277043052137
            ],
            [
              84.17478756618779,
              26.293429182369486
            ],
            [
              84.1745052975592,
              26.292273214123774
            ],
            [
              84.17443450492493,
              26.290652230716848
            ],
            [
              84.17453537584987,
              26.289382005599357
            ],
            [
              84.17459034735536,
              26.287321382799433
            ],
            [
              84.17478709906383,
              26.286224479803575
            ],
            [
              84.17488678421262,
              26.28562191702948
            ],
            [
              84.17535512358091,
              26.28488225129971
            ],
            [
              84.17591622657875,
              26.284031625329344
            ],
            [
              84.17609962932208,
              26.28348484496192
            ],
            [
              84.17609682118852,
              26.282361452298897
            ],
            [
              84.17600780802533,
              26.281457414969886
            ],
            [
              84.1759281436293,
              26.280648309618023
            ],
            [
              84.1757851093782,
              26.27911612983954
            ],
            [
              84.17578679641427,
              26.27863344381168
            ],
            [
              84.17597226528281,
              26.278207599233596
            ],
            [
              84.1760517464225,
              26.27802510981548
            ],
            [
              84.17640139678221,
              26.277431976144907
            ],
            [
              84.1765471493354,
              26.276992727878547
            ],
            [
              84.17650066960428,
              26.27643239900529
            ],
            [
              84.17616413195277,
              26.275451312322595
            ],
            [
              84.17555748437003,
              26.27467243027196
            ],
            [
              84.1753496438577,
              26.27416306107017
            ],
            [
              84.17520999625518,
              26.273524203764207
            ],
            [
              84.1752077100428,
              26.272585788170982
            ],
            [
              84.17522070597,
              26.272487360297156
            ],
            [
              84.17522304158976,
              26.272469664665564
            ],
            [
              84.17532414966993,
              26.27170384512024
            ],
            [
              84.17557368728282,
              26.27069820535768
            ],
            [
              84.17572895479147,
              26.269659127055604
            ],
            [
              84.17581111919893,
              26.26895245370118
            ],
            [
              84.17593630841692,
              26.268535358080012
            ],
            [
              84.17611486115604,
              26.268094273325325
            ],
            [
              84.17627692621646,
              26.267693918015308
            ],
            [
              84.17659982744196,
              26.2667573878223
            ],
            [
              84.17681323571244,
              26.26579614662324
            ],
            [
              84.17681263923109,
              26.265200628004088
            ],
            [
              84.1766185195864,
              26.264538143039974
            ],
            [
              84.17617857686253,
              26.263902401101834
            ],
            [
              84.17531681133238,
              26.263123012183243
            ],
            [
              84.17451133423792,
              26.262598742916754
            ],
            [
              84.17422325440778,
              26.26241123592155
            ],
            [
              84.1734997710409,
              26.26191426736946
            ],
            [
              84.17278411110179,
              26.261507676392345
            ],
            [
              84.17203401514459,
              26.2612243153697
            ],
            [
              84.17171315758638,
              26.26110310362454
            ],
            [
              84.17053270842098,
              26.26088133128738
            ],
            [
              84.1692229988727,
              26.260625421198
            ],
            [
              84.16820387186098,
              26.260560199739206
            ],
            [
              84.16696773613108,
              26.260393874380682
            ],
            [
              84.16690720764726,
              26.26038572893449
            ],
            [
              84.16579584341879,
              26.25999836240203
            ],
            [
              84.16426252523,
              26.259207805686017
            ],
            [
              84.16407619757207,
              26.259111738189855
            ],
            [
              84.1623753561592,
              26.25786455578346
            ],
            [
              84.16202895410756,
              26.25750130762597
            ],
            [
              84.16188010775656,
              26.257340615640615
            ],
            [
              84.16145854636002,
              26.256885502680696
            ],
            [
              84.16117185802025,
              26.255918909308992
            ],
            [
              84.16109064582699,
              26.2549383340644
            ],
            [
              84.16113248036979,
              26.254041396816376
            ],
            [
              84.16120262531874,
              26.25342021514484
            ],
            [
              84.16140586196524,
              26.2516467523707
            ],
            [
              84.16150311267957,
              26.2503223289938
            ],
            [
              84.16162114861298,
              26.249999639082205
            ],
            [
              84.1621466926986,
              26.24916209633739
            ],
            [
              84.16322753666527,
              26.247712749002805
            ],
            [
              84.16433163621805,
              26.246128689741518
            ],
            [
              84.16519824995581,
              26.24484634534078
            ],
            [
              84.16591659226434,
              26.24355235784509
            ],
            [
              84.16604052923081,
              26.243329100898258
            ],
            [
              84.1661372481425,
              26.2427914212525
            ],
            [
              84.1662313691264,
              26.242268179379135
            ],
            [
              84.16621739673047,
              26.2414627030979
            ],
            [
              84.16621053539835,
              26.24106715325608
            ],
            [
              84.16620843244223,
              26.240945886637725
            ],
            [
              84.16440641557557,
              26.241402050673283
            ],
            [
              84.16439952190407,
              26.241404316397556
            ],
            [
              84.16420341338936,
              26.241468743683193
            ],
            [
              84.16324782960754,
              26.24178267803532
            ],
            [
              84.16308517794725,
              26.241836111716648
            ],
            [
              84.16233790270007,
              26.243156714399806
            ],
            [
              84.16214155343683,
              26.244055011125102
            ],
            [
              84.16210127477613,
              26.244239279773907
            ],
            [
              84.16193561016638,
              26.244449060229122
            ],
            [
              84.16174607192964,
              26.2446890689868
            ],
            [
              84.16173995889412,
              26.24469681026087
            ],
            [
              84.16111093158274,
              26.24531387629035
            ],
            [
              84.15951826978797,
              26.24698258177043
            ],
            [
              84.15775849799412,
              26.24888648567009
            ],
            [
              84.15709148991253,
              26.24947346315806
            ],
            [
              84.15600097198853,
              26.250433116932978
            ],
            [
              84.1556936798894,
              26.251000849684747
            ],
            [
              84.15432505343493,
              26.253529371105465
            ],
            [
              84.15318432058486,
              26.254833907734675
            ],
            [
              84.1511629423123,
              26.257790223623957
            ],
            [
              84.14990666815041,
              26.257822035154827
            ],
            [
              84.14984507785789,
              26.257750413076305
            ],
            [
              84.14973009889142,
              26.25773577333532
            ],
            [
              84.14904201184167,
              26.25681983602666
            ],
            [
              84.14796449164152,
              26.25566608031298
            ],
            [
              84.1477331314384,
              26.25543425694255
            ],
            [
              84.14750055132316,
              26.255201213372924
            ],
            [
              84.1468818941634,
              26.255209460693134
            ],
            [
              84.1465496360859,
              26.255213890092783
            ],
            [
              84.14550797214031,
              26.255459345275586
            ],
            [
              84.14404309928797,
              26.25579037203333
            ],
            [
              84.14394835756818,
              26.255811780958165
            ],
            [
              84.14322966042513,
              26.25601065964304
            ],
            [
              84.1431574960634,
              26.25603062966735
            ],
            [
              84.14239707936191,
              26.25623203363158
            ],
            [
              84.14199318333544,
              26.256584897981092
            ],
            [
              84.14185620372938,
              26.256866384350975
            ],
            [
              84.14135372299033,
              26.257158634798365
            ],
            [
              84.13915698279456,
              26.25757952709621
            ],
            [
              84.13724516485071,
              26.258010579140894
            ],
            [
              84.13418890311635,
              26.258640523102375
            ],
            [
              84.13285507200607,
              26.258915425051963
            ],
            [
              84.13222263468984,
              26.259033434356663
            ],
            [
              84.13222174984931,
              26.259033598701468
            ],
            [
              84.1312565145681,
              26.257796253692945
            ],
            [
              84.13013373904057,
              26.256586485875484
            ],
            [
              84.12917042795068,
              26.255548513103612
            ],
            [
              84.12817766200095,
              26.256651964144396
            ],
            [
              84.1281211166471,
              26.25670027525012
            ],
            [
              84.12763592937561,
              26.257114808798597
            ],
            [
              84.12740668201006,
              26.257484657019603
            ],
            [
              84.12725889387445,
              26.258000497625094
            ],
            [
              84.12699736914243,
              26.25810820561362
            ],
            [
              84.12694551479095,
              26.258129563357276
            ],
            [
              84.1269070785749,
              26.258114997780957
            ],
            [
              84.12624162188379,
              26.25786283739609
            ],
            [
              84.12577688206481,
              26.257839994845508
            ],
            [
              84.12335850413223,
              26.258522368387684
            ],
            [
              84.12224465426537,
              26.258851915366286
            ],
            [
              84.12180048317143,
              26.258864640024495
            ],
            [
              84.1216888980401,
              26.25886783669688
            ],
            [
              84.12146455278105,
              26.258786331996625
            ],
            [
              84.12033854511512,
              26.258377251992158
            ],
            [
              84.12033514319516,
              26.25837601617661
            ],
            [
              84.12033163257902,
              26.25837255202604
            ],
            [
              84.12002255103585,
              26.2580674880485
            ],
            [
              84.11995618529927,
              26.25789446603139
            ],
            [
              84.11980631936044,
              26.257503750273255
            ],
            [
              84.11926018768514,
              26.256116850054745
            ],
            [
              84.11875896279088,
              26.254735360884002
            ],
            [
              84.11825753667405,
              26.253159881696288
            ],
            [
              84.11783533927027,
              26.251820578882395
            ],
            [
              84.11709757718195,
              26.25029448737431
            ],
            [
              84.11694162066546,
              26.25000145910086
            ],
            [
              84.11693980337364,
              26.24999808493608
            ],
            [
              84.11678613935779,
              26.24973785580794
            ],
            [
              84.11688161589942,
              26.249315713687633
            ],
            [
              84.1174223451066,
              26.248893491076725
            ],
            [
              84.1180535229848,
              26.248589135377937
            ],
            [
              84.11845521903714,
              26.248395432603097
            ],
            [
              84.11941224371662,
              26.248093000387666
            ],
            [
              84.11944852128109,
              26.248081534645237
            ],
            [
              84.11948873885633,
              26.248052148790574
            ],
            [
              84.1196653700991,
              26.247923090392575
            ],
            [
              84.11968287556903,
              26.247910297663623
            ],
            [
              84.11967344325853,
              26.24787742313141
            ],
            [
              84.1195995604197,
              26.247619914906302
            ],
            [
              84.11956310409052,
              26.247492857366844
            ],
            [
              84.11927627471523,
              26.246840846163735
            ],
            [
              84.1191746680701,
              26.246609873725163
            ],
            [
              84.11832424736366,
              26.244986791022555
            ],
            [
              84.11782128602597,
              26.243677445683158
            ],
            [
              84.11764042910815,
              26.242897875132517
            ],
            [
              84.11752995519281,
              26.241091147278652
            ],
            [
              84.11745986234614,
              26.240295138364104
            ],
            [
              84.1174439980982,
              26.24011498483759
            ],
            [
              84.11730886003845,
              26.24006512867139
            ],
            [
              84.1172843009969,
              26.240056068892546
            ],
            [
              84.11714655961941,
              26.240005253060225
            ],
            [
              84.11602379756665,
              26.240108367269922
            ],
            [
              84.11509089085585,
              26.240194037870552
            ],
            [
              84.1124882145596,
              26.240452995963086
            ],
            [
              84.11209668743626,
              26.24055656421296
            ],
            [
              84.11120011488381,
              26.24079372627824
            ],
            [
              84.10993801335067,
              26.24112756494042
            ],
            [
              84.10958781142537,
              26.24122019473214
            ],
            [
              84.10947572233914,
              26.241184980062645
            ],
            [
              84.1092502667624,
              26.2411141510466
            ],
            [
              84.10833848303724,
              26.241167969371237
            ],
            [
              84.10711498840004,
              26.24122641339752
            ],
            [
              84.1070763662327,
              26.241228257725634
            ],
            [
              84.10707362457445,
              26.240127456933255
            ],
            [
              84.10701716725548,
              26.238569937337278
            ],
            [
              84.10687470882448,
              26.2381232016288
            ],
            [
              84.10685934942974,
              26.238075031058035
            ],
            [
              84.10652692785885,
              26.237964572978527
            ],
            [
              84.10631044106192,
              26.23799062474112
            ],
            [
              84.10604526827152,
              26.23802253516099
            ],
            [
              84.1060182325747,
              26.23669117114535
            ],
            [
              84.10589490376766,
              26.236658833303487
            ],
            [
              84.10572003412122,
              26.23661298112426
            ],
            [
              84.10488488477459,
              26.23662032166413
            ],
            [
              84.10486444271199,
              26.23662050215602
            ],
            [
              84.10462930060154,
              26.23662256894898
            ],
            [
              84.1017986920733,
              26.236998543361604
            ],
            [
              84.0995342611259,
              26.23731195798374
            ],
            [
              84.09949472537194,
              26.23731742991644
            ],
            [
              84.09942140937001,
              26.237248280976623
            ],
            [
              84.09878624476859,
              26.235430954772568
            ],
            [
              84.09819141362512,
              26.233536504747526
            ],
            [
              84.09812338420865,
              26.233319836848416
            ],
            [
              84.09799981734804,
              26.233317339704815
            ],
            [
              84.09763342328976,
              26.233309935298944
            ],
            [
              84.09575172495906,
              26.233339265252503
            ],
            [
              84.09410557028573,
              26.233364903069827
            ],
            [
              84.09409030611243,
              26.23435357073515
            ],
            [
              84.09405265502392,
              26.23443961381944
            ],
            [
              84.09372030621658,
              26.234575136664812
            ],
            [
              84.09305785259346,
              26.23455856415704
            ],
            [
              84.09277548784515,
              26.234551499064303
            ],
            [
              84.09267808801047,
              26.2340794897842
            ],
            [
              84.0925969413942,
              26.233686241933665
            ],
            [
              84.09157815304735,
              26.233745638938817
            ],
            [
              84.09104403094909,
              26.233776775356866
            ],
            [
              84.09079276857088,
              26.23289756901863
            ],
            [
              84.09037227886445,
              26.23142617515008
            ],
            [
              84.09021695476196,
              26.231035064186965
            ],
            [
              84.09017264715719,
              26.230388643238406
            ],
            [
              84.09016926230518,
              26.23033928008628
            ],
            [
              84.08992489000522,
              26.23034174022658
            ],
            [
              84.08802248910045,
              26.230360875007396
            ],
            [
              84.08763763466307,
              26.23036474370416
            ],
            [
              84.08739759493768,
              26.229507935025364
            ],
            [
              84.08723343770096,
              26.228921980827874
            ],
            [
              84.08719138396928,
              26.22857811330001
            ],
            [
              84.08706309197026,
              26.227529073702833
            ],
            [
              84.0871400120131,
              26.226249450124367
            ],
            [
              84.0876287206805,
              26.22470299266971
            ],
            [
              84.08812896191951,
              26.223766133667052
            ],
            [
              84.0882530623794,
              26.223533713188836
            ],
            [
              84.08817115758502,
              26.2228729617981
            ],
            [
              84.08813645836054,
              26.22259301691238
            ],
            [
              84.08752022844868,
              26.222659308915016
            ],
            [
              84.08714848941443,
              26.222699299908793
            ],
            [
              84.08704413392452,
              26.222070124140696
            ],
            [
              84.08696480010853,
              26.221661322665703
            ],
            [
              84.08673387828325,
              26.220471375658402
            ],
            [
              84.08664066819107,
              26.219973582236936
            ],
            [
              84.0864116660656,
              26.21875057966081
            ],
            [
              84.08603562589775,
              26.218828842133906
            ],
            [
              84.08585863712555,
              26.218865676160508
            ],
            [
              84.08561585933515,
              26.218924258727327
            ],
            [
              84.08384090511476,
              26.219352541661312
            ],
            [
              84.08211417874696,
              26.219601685358995
            ],
            [
              84.08084330336843,
              26.219675792924225
            ],
            [
              84.08022086160638,
              26.219712084322477
            ],
            [
              84.08021386912019,
              26.220015401089167
            ],
            [
              84.08016108321578,
              26.222304806386937
            ],
            [
              84.07752267732741,
              26.222607533753724
            ],
            [
              84.0750034581143,
              26.222809439668243
            ],
            [
              84.07442547936557,
              26.222855756632207
            ],
            [
              84.07092031870393,
              26.223264083287493
            ],
            [
              84.06994235519346,
              26.223377993932417
            ],
            [
              84.06974532141399,
              26.223400943183155
            ],
            [
              84.06745313881254,
              26.22374514191374
            ],
            [
              84.06678320940962,
              26.223845733709968
            ],
            [
              84.06563443843442,
              26.22396488103671
            ],
            [
              84.064674704436,
              26.22406441616799
            ],
            [
              84.06427586592456,
              26.224105776630434
            ],
            [
              84.06345954706296,
              26.22414773502161
            ],
            [
              84.06325763273654,
              26.223823315606055
            ],
            [
              84.0631078431545,
              26.223377959280494
            ],
            [
              84.06295513494607,
              26.222923922114656
            ],
            [
              84.06236965077314,
              26.222339033141708
            ],
            [
              84.06236351168647,
              26.222337659139818
            ],
            [
              84.06214589031732,
              26.22228896627496
            ],
            [
              84.06208118466743,
              26.22227448807548
            ],
            [
              84.06199706013601,
              26.223432133140083
            ],
            [
              84.06109972581218,
              26.223474297268133
            ],
            [
              84.06107866930192,
              26.223475286056306
            ],
            [
              84.06029119085247,
              26.223512283006805
            ],
            [
              84.06012425332996,
              26.223520125617416
            ],
            [
              84.05992404310767,
              26.223570367631236
            ],
            [
              84.05952046238986,
              26.223671645362895
            ],
            [
              84.05852867111223,
              26.223920528383665
            ],
            [
              84.05820994525617,
              26.22403597434434
            ],
            [
              84.0576123535898,
              26.224252426649585
            ],
            [
              84.05656008503229,
              26.22463355901559
            ],
            [
              84.05654098864599,
              26.224678809113662
            ],
            [
              84.05653088709063,
              26.224702745273788
            ],
            [
              84.05650157416457,
              26.2247722046738
            ],
            [
              84.05685253336966,
              26.225722040118356
            ],
            [
              84.05696513359727,
              26.226026778028245
            ],
            [
              84.05674752390622,
              26.226091171126033
            ],
            [
              84.05638058007895,
              26.226199754821113
            ],
            [
              84.05567914226746,
              26.226486490683158
            ],
            [
              84.05561413927516,
              26.22651306317092
            ],
            [
              84.05505649389288,
              26.22674101417178
            ],
            [
              84.05470950164808,
              26.227410568245425
            ],
            [
              84.05427593336948,
              26.227744521891424
            ],
            [
              84.05321680527646,
              26.228073516328212
            ],
            [
              84.0526225813941,
              26.22825809396046
            ],
            [
              84.05260396470815,
              26.228263877367795
            ],
            [
              84.05249132675132,
              26.22829886306776
            ],
            [
              84.05167367119655,
              26.228840957149806
            ],
            [
              84.05120434098647,
              26.229152113294134
            ],
            [
              84.0502687950254,
              26.229358455960906
            ],
            [
              84.04798117856053,
              26.229627228850784
            ],
            [
              84.04664377574868,
              26.229812845129235
            ],
            [
              84.04664332299778,
              26.229812907176946
            ],
            [
              84.04659100601395,
              26.229820169176342
            ],
            [
              84.04656569867576,
              26.229823680915356
            ],
            [
              84.04575991256087,
              26.22984319531992
            ],
            [
              84.04536838543754,
              26.229758315654095
            ],
            [
              84.04490926727561,
              26.22965878297824
            ],
            [
              84.044344255708,
              26.229713459964252
            ],
            [
              84.04433264677958,
              26.2297145832705
            ],
            [
              84.04318257863706,
              26.229898419366798
            ],
            [
              84.04228130699735,
              26.22995294313557
            ],
            [
              84.04212557685635,
              26.229962363094504
            ],
            [
              84.04194034604137,
              26.230094996679973
            ],
            [
              84.041549932829,
              26.230374548807177
            ],
            [
              84.04094701505132,
              26.230734242734727
            ],
            [
              84.04058539643708,
              26.230949979104665
            ],
            [
              84.04046819234364,
              26.231019901335266
            ],
            [
              84.0401930365755,
              26.23110813061935
            ],
            [
              84.03823420799618,
              26.23173621720625
            ],
            [
              84.03813074273671,
              26.231798235671366
            ],
            [
              84.03809054043279,
              26.231822333137902
            ],
            [
              84.03784489072848,
              26.231969580193834
            ],
            [
              84.03769582429022,
              26.23205893284675
            ],
            [
              84.03760417906324,
              26.232216680760068
            ],
            [
              84.03751549737841,
              26.232369327766285
            ],
            [
              84.03742908214302,
              26.232518072103694
            ],
            [
              84.03750287874361,
              26.233552631799927
            ],
            [
              84.03775253673075,
              26.234753219058124
            ],
            [
              84.03817265633123,
              26.23653023121026
            ],
            [
              84.03823098484096,
              26.23699156463393
            ],
            [
              84.03645460319753,
              26.237201246169484
            ],
            [
              84.03621409634819,
              26.237229633204407
            ],
            [
              84.03311574225457,
              26.237900947897465
            ],
            [
              84.03065161132794,
              26.23861237799033
            ],
            [
              84.02726381286325,
              26.239647482124408
            ],
            [
              84.02682304818089,
              26.239669931018998
            ],
            [
              84.02629332513257,
              26.23964993884473
            ],
            [
              84.02583257293514,
              26.23936970882426
            ],
            [
              84.0257818720205,
              26.239338872836825
            ],
            [
              84.02577118206864,
              26.239332371252733
            ],
            [
              84.02575092505896,
              26.23930087292998
            ],
            [
              84.02554590974819,
              26.238982102204012
            ],
            [
              84.02536296514562,
              26.238697644399874
            ],
            [
              84.0253477638544,
              26.23867400683181
            ],
            [
              84.02522243180427,
              26.238261387232065
            ],
            [
              84.02512162555801,
              26.23792950961104
            ],
            [
              84.02465558228359,
              26.23776647722193
            ],
            [
              84.02301076071014,
              26.237732382317667
            ],
            [
              84.02166946729483,
              26.23795718337231
            ],
            [
              84.02033436327177,
              26.238723423653756
            ],
            [
              84.01968321584482,
              26.238953505296017
            ],
            [
              84.01927237943445,
              26.238940903348478
            ],
            [
              84.0192283763586,
              26.23893955210377
            ],
            [
              84.01918265929716,
              26.238907683028955
            ],
            [
              84.01866810520073,
              26.238548991767
            ],
            [
              84.01743320285776,
              26.236958015005225
            ],
            [
              84.01687972386173,
              26.236098162363295
            ],
            [
              84.01662974876929,
              26.235709812386407
            ],
            [
              84.01607028699351,
              26.234655174906234
            ],
            [
              84.0157422195568,
              26.234036728385355
            ],
            [
              84.01559897599823,
              26.23376669334999
            ],
            [
              84.01527559327575,
              26.233502842922913
            ],
            [
              84.01511935289165,
              26.23347281680885
            ],
            [
              84.01467451524779,
              26.233387328198155
            ],
            [
              84.0139214350872,
              26.23324259781032
            ],
            [
              84.01353846890852,
              26.23316899606229
            ],
            [
              84.01339977441856,
              26.233081893227293
            ],
            [
              84.0123126961438,
              26.232399179307453
            ],
            [
              84.01224021377845,
              26.232179300601285
            ],
            [
              84.01221986334401,
              26.232117564368878
            ],
            [
              84.01224737065633,
              26.232066073030243
            ],
            [
              84.01252287227587,
              26.231550346141145
            ],
            [
              84.01282745685275,
              26.230980172672098
            ],
            [
              84.0129658342374,
              26.23072113384873
            ],
            [
              84.01345382604921,
              26.229594875345335
            ],
            [
              84.01363025966258,
              26.229187670858195
            ],
            [
              84.01407533086841,
              26.22782106189936
            ],
            [
              84.01448457636239,
              26.226324984623876
            ],
            [
              84.01379948968572,
              26.226357476837368
            ],
            [
              84.01352619702344,
              26.226975512127982
            ],
            [
              84.01294741518082,
              26.227893464737466
            ],
            [
              84.01212552766279,
              26.22919705703473
            ],
            [
              84.01122615326491,
              26.230360738019584
            ],
            [
              84.01032648242304,
              26.231806459672704
            ],
            [
              84.00962277456884,
              26.232491849897663
            ],
            [
              84.0089167634342,
              26.23289746426553
            ],
            [
              84.00840891975295,
              26.23286089898263
            ],
            [
              84.00787371787972,
              26.232594250390896
            ],
            [
              84.00615596837656,
              26.231534545161068
            ],
            [
              84.00387035605311,
              26.23031638297071
            ],
            [
              84.00340287637252,
              26.230015866673998
            ],
            [
              84.00283507643422,
              26.229821351306043
            ],
            [
              84.00115645844319,
              26.22962584607099
            ],
            [
              83.99937750582143,
              26.22973029988735
            ],
            [
              83.99790752694501,
              26.229717431826888
            ],
            [
              83.99711874144685,
              26.229761248819955
            ],
            [
              83.9949877489467,
              26.23051677025078
            ],
            [
              83.99364761076482,
              26.23142945476924
            ],
            [
              83.99265837968574,
              26.23293763062486
            ],
            [
              83.99217409701777,
              26.234066290221634
            ],
            [
              83.99231024119064,
              26.235077133380152
            ],
            [
              83.99235589087844,
              26.235695344721222
            ],
            [
              83.99198112631831,
              26.23625077768314
            ],
            [
              83.99373575974872,
              26.236829053871425
            ],
            [
              83.99389336467374,
              26.23688099432929
            ],
            [
              83.99591626918394,
              26.238012065952915
            ],
            [
              83.99690438365714,
              26.24020452460844
            ],
            [
              83.99673287730309,
              26.243733859649808
            ],
            [
              83.99649340171969,
              26.24443812831491
            ],
            [
              83.99624481811763,
              26.24506698968245
            ],
            [
              83.99484122833397,
              26.24602058632598
            ],
            [
              83.99323452317635,
              26.246395412833913
            ],
            [
              83.99225648959732,
              26.246341551810783
            ],
            [
              83.98892394740406,
              26.24688585074438
            ],
            [
              83.98466046221725,
              26.24740809210497
            ],
            [
              83.98324446220792,
              26.24784245621444
            ],
            [
              83.98249946329169,
              26.2485786348943
            ],
            [
              83.98211989364309,
              26.249422818218946
            ],
            [
              83.98246325489751,
              26.250346661904764
            ],
            [
              83.98295512024481,
              26.25247858684648
            ],
            [
              83.98305628761379,
              26.25286578026725
            ],
            [
              83.98306312379312,
              26.2528919406754
            ],
            [
              83.98375679207572,
              26.25554670203383
            ],
            [
              83.98388782393633,
              26.256444760373938
            ],
            [
              83.98388489812343,
              26.2577570892552
            ],
            [
              83.98378394635012,
              26.25828995617279
            ],
            [
              83.9835743442415,
              26.2591038520606
            ],
            [
              83.98329396117671,
              26.25953519813416
            ],
            [
              83.98305121213244,
              26.259920490971272
            ],
            [
              83.98301825204635,
              26.259972799742336
            ],
            [
              83.9827792085526,
              26.260352178004045
            ],
            [
              83.98178320507462,
              26.261398306390856
            ],
            [
              83.98020888957289,
              26.26321461262668
            ],
            [
              83.98014205222078,
              26.26330212466815
            ],
            [
              83.97813642411013,
              26.265928044915487
            ],
            [
              83.97731138440372,
              26.267205436847455
            ],
            [
              83.97691804358185,
              26.26778539563109
            ],
            [
              83.97658983331303,
              26.268098690955828
            ],
            [
              83.97570746132855,
              26.26902244006343
            ],
            [
              83.97512113273925,
              26.269541144660582
            ],
            [
              83.97467346989383,
              26.270143642723344
            ],
            [
              83.97466914630236,
              26.270475101275228
            ],
            [
              83.97482134516599,
              26.271604283930888
            ],
            [
              83.97482147093015,
              26.271605044346124
            ],
            [
              83.97501510997616,
              26.27277331739854
            ],
            [
              83.97505776198584,
              26.273030611168632
            ],
            [
              83.97504651957007,
              26.273275174846738
            ],
            [
              83.97497906777035,
              26.274742538038378
            ],
            [
              83.9748807130265,
              26.27629595839665
            ],
            [
              83.97480071176223,
              26.277027030352336
            ],
            [
              83.97450147395796,
              26.27823764761597
            ],
            [
              83.97434720896914,
              26.278944107370197
            ],
            [
              83.97432898125373,
              26.279073211841283
            ],
            [
              83.97428704340467,
              26.279369826813838
            ],
            [
              83.97405572632071,
              26.2818412496688
            ],
            [
              83.97376764738885,
              26.28388532299727
            ],
            [
              83.97369020542486,
              26.28451244203746
            ],
            [
              83.97368556203315,
              26.284550191159862
            ],
            [
              83.97359915039102,
              26.285546515315804
            ],
            [
              83.97334696993458,
              26.286846283321026
            ],
            [
              83.9729656961819,
              26.28828753590046
            ],
            [
              83.97285068218113,
              26.288563011159024
            ],
            [
              83.972842626988,
              26.288582257966013
            ],
            [
              83.97235656296078,
              26.289959922213118
            ],
            [
              83.97190212142823,
              26.290939092606656
            ],
            [
              83.97130981185575,
              26.29166523031437
            ],
            [
              83.97066875161114,
              26.292317795987717
            ],
            [
              83.97012625362116,
              26.292835263286218
            ],
            [
              83.96923383308194,
              26.293441207394647
            ],
            [
              83.96867176978509,
              26.293800073003002
            ],
            [
              83.96822255375253,
              26.294010321231422
            ],
            [
              83.96785908101553,
              26.29413880007669
            ],
            [
              83.96760938709579,
              26.29414513993479
            ],
            [
              83.9670504202917,
              26.294132829076897
            ],
            [
              83.96613594790888,
              26.29403678887739
            ],
            [
              83.96394053901633,
              26.293403213916264
            ],
            [
              83.96072903762112,
              26.292238679375753
            ],
            [
              83.9582871831169,
              26.291929638024385
            ],
            [
              83.95684036370682,
              26.291727684710146
            ],
            [
              83.95647100790302,
              26.291670785862383
            ],
            [
              83.95630944500087,
              26.291674875608948
            ],
            [
              83.95569627564919,
              26.29180964709368
            ],
            [
              83.95489670767267,
              26.29209506690233
            ],
            [
              83.95393876491491,
              26.292490397023094
            ],
            [
              83.95292217025396,
              26.292887297086455
            ],
            [
              83.95252971966254,
              26.29302972226012
            ],
            [
              83.95219354942198,
              26.29309122396731
            ],
            [
              83.95192948155938,
              26.293111243183137
            ],
            [
              83.95167978943626,
              26.29311755813078
            ],
            [
              83.9514859608457,
              26.293029615950505
            ],
            [
              83.95091376455245,
              26.292490161852225
            ],
            [
              83.94988591400099,
              26.291111094873607
            ],
            [
              83.94875414004926,
              26.28969489629833
            ],
            [
              83.94755889293619,
              26.288498742892543
            ],
            [
              83.94710041078145,
              26.288039937665598
            ],
            [
              83.94575651764171,
              26.286894166265185
            ],
            [
              83.94560759044231,
              26.286831676244454
            ],
            [
              83.94508684425863,
              26.286655746040577
            ],
            [
              83.94495801416878,
              26.286612242874416
            ],
            [
              83.94469364716723,
              26.28661891739344
            ],
            [
              83.94371125675902,
              26.286696712117894
            ],
            [
              83.94254112294801,
              26.286885327602416
            ],
            [
              83.94091815019893,
              26.287164855825928
            ],
            [
              83.94051348611288,
              26.28738715301196
            ],
            [
              83.93977923194575,
              26.28788284867901
            ],
            [
              83.93863820534659,
              26.288835980148377
            ],
            [
              83.93748261705665,
              26.289965307098647
            ],
            [
              83.93746850632017,
              26.289987561025377
            ],
            [
              83.93697799114075,
              26.29076004210258
            ],
            [
              83.936279834875,
              26.29242126402106
            ],
            [
              83.93595235942807,
              26.293576918306606
            ],
            [
              83.93577833958784,
              26.294602002630153
            ],
            [
              83.93565494879702,
              26.295837810048162
            ],
            [
              83.93557817607791,
              26.297629210793506
            ],
            [
              83.93556265678306,
              26.299944553086046
            ],
            [
              83.93558071920847,
              26.300527274772104
            ],
            [
              83.93552277158443,
              26.301032412219495
            ],
            [
              83.93525722778983,
              26.301911193717157
            ],
            [
              83.93505495503562,
              26.302499461351914
            ],
            [
              83.93478776912067,
              26.302890616718333
            ],
            [
              83.93436023213086,
              26.303325556781708
            ],
            [
              83.93322554224771,
              26.30418912813697
            ],
            [
              83.9329109989476,
              26.304475473358043
            ],
            [
              83.93286065825743,
              26.304695913366196
            ],
            [
              83.9328545874427,
              26.30497449511726
            ],
            [
              83.93295297722084,
              26.305303355334644
            ],
            [
              83.93378222643264,
              26.305971751062668
            ],
            [
              83.93542082268118,
              26.307136689614197
            ],
            [
              83.93728924301365,
              26.30860075124753
            ],
            [
              83.9373073287953,
              26.30861220295901
            ],
            [
              83.93858720169969,
              26.309422657701596
            ],
            [
              83.93998365526673,
              26.30989113805176
            ],
            [
              83.94157365625165,
              26.31043431600881
            ],
            [
              83.94275428957167,
              26.310576785655865
            ],
            [
              83.9436205799159,
              26.31054168221404
            ],
            [
              83.94428038889882,
              26.310485283805335
            ],
            [
              83.94556208538327,
              26.31009510105311
            ],
            [
              83.94694001029929,
              26.30970376627048
            ],
            [
              83.94735008763323,
              26.309653659758805
            ],
            [
              83.94777897209596,
              26.30973557725878
            ],
            [
              83.9489661999485,
              26.31009001424251
            ],
            [
              83.94979294914886,
              26.31020171385247
            ],
            [
              83.95117471615933,
              26.310193290868323
            ],
            [
              83.9533615299712,
              26.310071655178536
            ],
            [
              83.95572776878639,
              26.30990578973359
            ],
            [
              83.95708988784497,
              26.309738722603594
            ],
            [
              83.95799899818385,
              26.309662705248417
            ],
            [
              83.9591746898715,
              26.309646179694806
            ],
            [
              83.96138279195901,
              26.30973607329883
            ],
            [
              83.96312082362465,
              26.309837763074437
            ],
            [
              83.96416751633917,
              26.309930561097165
            ],
            [
              83.96464896212748,
              26.309857896966207
            ],
            [
              83.96511221882795,
              26.30978799402443
            ],
            [
              83.9653875991749,
              26.309661668073105
            ],
            [
              83.96585539685913,
              26.30910637290569
            ],
            [
              83.96679584133344,
              26.30767747593362
            ],
            [
              83.96736148441671,
              26.30696060097702
            ],
            [
              83.96791864021715,
              26.30644278039325
            ],
            [
              83.96829228367982,
              26.30616820524122
            ],
            [
              83.96865671671586,
              26.306066111213536
            ],
            [
              83.96934752566091,
              26.30606181904271
            ],
            [
              83.96946105564481,
              26.306130691856932
            ],
            [
              83.9698720052429,
              26.30637992806139
            ],
            [
              83.97036718717025,
              26.306949182118792
            ],
            [
              83.97151903397699,
              26.30827330075113
            ],
            [
              83.97329242602716,
              26.31070567211962
            ],
            [
              83.97409969166732,
              26.31159975404796
            ],
            [
              83.97435605378142,
              26.311805325337968
            ],
            [
              83.97456378469933,
              26.311866292064447
            ],
            [
              83.97487227335439,
              26.311858448172497
            ],
            [
              83.97551673012913,
              26.311311881156886
            ],
            [
              83.97620303671796,
              26.310220820173814
            ],
            [
              83.97672474140406,
              26.30904110300342
            ],
            [
              83.9770757967289,
              26.308515151258735
            ],
            [
              83.97757872932051,
              26.308144514656668
            ],
            [
              83.97833894569767,
              26.308005825991664
            ],
            [
              83.9798242408497,
              26.308021014222867
            ],
            [
              83.98076260662243,
              26.308142867072423
            ],
            [
              83.98135018476832,
              26.308127900306744
            ],
            [
              83.98274453897255,
              26.308052628381567
            ],
            [
              83.98311260569389,
              26.308069747647448
            ],
            [
              83.98355993795933,
              26.308270438016297
            ],
            [
              83.98384662090918,
              26.308501720187934
            ],
            [
              83.98395609679622,
              26.308711021333693
            ],
            [
              83.98412765525256,
              26.309024735998307
            ],
            [
              83.98414012386871,
              26.309422098044518
            ],
            [
              83.9838780601475,
              26.309972205836477
            ],
            [
              83.98374992715031,
              26.310198602341007
            ],
            [
              83.98373792116654,
              26.31021981360325
            ],
            [
              83.98248501658527,
              26.312433345020533
            ],
            [
              83.98135387684411,
              26.314695120304354
            ],
            [
              83.98129190027603,
              26.31553171180093
            ],
            [
              83.98135534019973,
              26.316617037976208
            ],
            [
              83.98134518833871,
              26.31709152025054
            ],
            [
              83.98134340338622,
              26.317174016267746
            ],
            [
              83.98107965262894,
              26.31767124973646
            ],
            [
              83.98064085615536,
              26.31821259964715
            ],
            [
              83.97984823305431,
              26.318723206207384
            ],
            [
              83.97907865623186,
              26.319034383969463
            ],
            [
              83.97781342856153,
              26.31947751102274
            ],
            [
              83.97697927005667,
              26.31960473372199
            ],
            [
              83.97612264199164,
              26.319480777687073
            ],
            [
              83.9755103637687,
              26.319178174027115
            ],
            [
              83.97462858018076,
              26.31872342280548
            ],
            [
              83.9739797944247,
              26.317945762201838
            ],
            [
              83.97321376055773,
              26.316957886932965
            ],
            [
              83.97242631534597,
              26.31575837121663
            ],
            [
              83.97149084304675,
              26.31452295413847
            ],
            [
              83.97094583965547,
              26.314019875680902
            ],
            [
              83.97024339034095,
              26.313653293317202
            ],
            [
              83.96978530524159,
              26.313497297917465
            ],
            [
              83.96966374611564,
              26.313455925808913
            ],
            [
              83.96913490341632,
              26.313469356305443
            ],
            [
              83.96872606485915,
              26.313559326661537
            ],
            [
              83.96798421813124,
              26.31381674817139
            ],
            [
              83.96761055131239,
              26.314091321305174
            ],
            [
              83.96697101281383,
              26.3147968161957
            ],
            [
              83.96617462756836,
              26.31612920972985
            ],
            [
              83.96595840397781,
              26.31720838415575
            ],
            [
              83.9659537587895,
              26.317893071331724
            ],
            [
              83.96600093022337,
              26.318461796175647
            ],
            [
              83.9660969349744,
              26.318711195883026
            ],
            [
              83.96634119139172,
              26.31899658407501
            ],
            [
              83.96726878456761,
              26.319980482040016
            ],
            [
              83.96747664214793,
              26.320180944039617
            ],
            [
              83.9680722377577,
              26.32075534707513
            ],
            [
              83.96850687233659,
              26.321486571915454
            ],
            [
              83.96914337722441,
              26.323034517359197
            ],
            [
              83.96919745221125,
              26.32315082694994
            ],
            [
              83.96980455434152,
              26.324456695099446
            ],
            [
              83.97008578541593,
              26.325456893652788
            ],
            [
              83.97032626172252,
              26.326564216728396
            ],
            [
              83.97087862411266,
              26.327816629774176
            ],
            [
              83.97147946408704,
              26.328689367731435
            ],
            [
              83.97240136643558,
              26.329487787936515
            ],
            [
              83.97367754456926,
              26.33033019582826
            ],
            [
              83.97466342403398,
              26.330757827918738
            ],
            [
              83.97503411293768,
              26.330918624306193
            ],
            [
              83.97710696916758,
              26.331577793847895
            ],
            [
              83.97842370713464,
              26.331835965120035
            ],
            [
              83.9790910017788,
              26.331888174633995
            ],
            [
              83.97957353632525,
              26.33192594697248
            ],
            [
              83.98061751433102,
              26.331925868072116
            ],
            [
              83.98190679259646,
              26.331773788363083
            ],
            [
              83.98245803209245,
              26.331534411401474
            ],
            [
              83.98332459911778,
              26.331035164290927
            ],
            [
              83.98426263610716,
              26.330340683277324
            ],
            [
              83.98560719400022,
              26.329139981734844
            ],
            [
              83.98647498093776,
              26.328680433224974
            ],
            [
              83.9875794919189,
              26.328267839750573
            ],
            [
              83.98892499394135,
              26.328034675994846
            ],
            [
              83.98999926044355,
              26.328060353281412
            ],
            [
              83.99084995603447,
              26.328372793359076
            ],
            [
              83.99089082219336,
              26.328387803401657
            ],
            [
              83.99138266418447,
              26.328568458366345
            ],
            [
              83.9925693207085,
              26.32913278311262
            ],
            [
              83.99289038128599,
              26.329285462887743
            ],
            [
              83.99400477373527,
              26.329654670390134
            ],
            [
              83.99520075567025,
              26.329809697207786
            ],
            [
              83.99635131069964,
              26.32992603461356
            ],
            [
              83.99790827434333,
              26.32986276508823
            ],
            [
              83.99878833226761,
              26.330129447062532
            ],
            [
              84.0026780823636,
              26.33171242714615
            ],
            [
              84.00447510010572,
              26.332714785099267
            ],
            [
              84.0046552293882,
              26.332815248662897
            ],
            [
              84.0076283448565,
              26.334672498182904
            ],
            [
              84.00851544916584,
              26.335847650347958
            ],
            [
              84.00892373076755,
              26.33638851274981
            ],
            [
              84.00899782560882,
              26.337489735132827
            ],
            [
              84.0086160191552,
              26.338585991898615
            ],
            [
              84.00762315439077,
              26.339754038395938
            ],
            [
              84.00670334871012,
              26.342916838911577
            ],
            [
              84.00574985890125,
              26.344725816138737
            ],
            [
              84.00216043806259,
              26.347606477955317
            ],
            [
              84.00063605002605,
              26.349184727179797
            ],
            [
              84.00048395087542,
              26.350904053937978
            ],
            [
              84.00108830685586,
              26.35248404116377
            ],
            [
              84.00108705190938,
              26.353720593042603
            ],
            [
              84.00093417122446,
              26.356121355284955
            ],
            [
              84.00169341472616,
              26.358116750062337
            ],
            [
              84.00161748642343,
              26.358938036979264
            ],
            [
              84.00161613356059,
              26.36017458504639
            ],
            [
              84.00123423817374,
              26.36127540072471
            ],
            [
              84.00092683917511,
              26.362990034721918
            ],
            [
              84.00046861663351,
              26.3651919376155
            ],
            [
              84.00092341030565,
              26.366221289701603
            ],
            [
              84.00125968205586,
              26.367072920259822
            ],
            [
              84.00168278675804,
              26.368144438780824
            ],
            [
              84.00168080776946,
              26.369999196746026
            ],
            [
              84.0016788341708,
              26.37185404486531
            ],
            [
              84.00160178836381,
              26.37364106801312
            ],
            [
              84.00106528573006,
              26.374051256660422
            ],
            [
              83.99999827222547,
              26.373914960799222
            ],
            [
              83.99832476295344,
              26.373108796598785
            ],
            [
              83.99832471983433,
              26.373108749919275
            ],
            [
              83.99786712880837,
              26.372611875366925
            ],
            [
              83.99678012868702,
              26.372615552600426
            ],
            [
              83.99580805632817,
              26.372522437833286
            ],
            [
              83.99491892182627,
              26.37256870629488
            ],
            [
              83.9941359888522,
              26.372659550621705
            ],
            [
              83.99401853862037,
              26.372708479769074
            ],
            [
              83.99377404055622,
              26.372810395104477
            ],
            [
              83.99344490142937,
              26.37317284729161
            ],
            [
              83.99316524959322,
              26.373439634656812
            ],
            [
              83.99312402141327,
              26.373794641949143
            ],
            [
              83.99304379736681,
              26.374575630169883
            ],
            [
              83.99271597606851,
              26.375811292271667
            ],
            [
              83.9923314809572,
              26.37642762265419
            ],
            [
              83.99226710768397,
              26.376530843306206
            ],
            [
              83.99124666823359,
              26.378385355610646
            ],
            [
              83.9908893839906,
              26.379516505239106
            ],
            [
              83.99090015479084,
              26.380391589364365
            ],
            [
              83.99142614264422,
              26.382204144126494
            ],
            [
              83.99142505837766,
              26.382702207893615
            ],
            [
              83.99115861357284,
              26.383282488238663
            ],
            [
              83.99065435237291,
              26.383823659930574
            ],
            [
              83.99064012216049,
              26.383838929147934
            ],
            [
              83.98978978230244,
              26.384494459033103
            ],
            [
              83.9877076312043,
              26.385392734883098
            ],
            [
              83.98616486633199,
              26.386380008945014
            ],
            [
              83.9849383273043,
              26.387164890626728
            ],
            [
              83.98414684416532,
              26.387562281301115
            ],
            [
              83.98299907840492,
              26.38781784987846
            ],
            [
              83.98227945689544,
              26.38783617327104
            ],
            [
              83.98137332537001,
              26.387783795077084
            ],
            [
              83.98069767190212,
              26.387604833989684
            ],
            [
              83.98036202537936,
              26.387583198340717
            ],
            [
              83.97967578077424,
              26.387600659112874
            ],
            [
              83.97879159509124,
              26.387713688940906
            ],
            [
              83.97768023894761,
              26.388058917735318
            ],
            [
              83.97736406610358,
              26.38812731525342
            ],
            [
              83.97694566318357,
              26.3881379543809
            ],
            [
              83.97666539689978,
              26.38800918635049
            ],
            [
              83.97646120624243,
              26.387908753029365
            ],
            [
              83.9764600402292,
              26.387907402716195
            ],
            [
              83.97609606263902,
              26.387480452691978
            ],
            [
              83.97539038118612,
              26.38580813669638
            ],
            [
              83.97462494919037,
              26.384363762000962
            ],
            [
              83.97367634442004,
              26.382954214938692
            ],
            [
              83.97214835773244,
              26.381126852234765
            ],
            [
              83.97192083243726,
              26.380815665219238
            ],
            [
              83.97190222293787,
              26.38079699707805
            ],
            [
              83.96998426590734,
              26.378872788619724
            ],
            [
              83.96897611361345,
              26.378234360668287
            ],
            [
              83.96838516498859,
              26.378083375186005
            ],
            [
              83.96692258643351,
              26.37790923100106
            ],
            [
              83.96525814116269,
              26.377825814953376
            ],
            [
              83.96515010527504,
              26.37782040035249
            ],
            [
              83.96311673179851,
              26.377600333791808
            ],
            [
              83.96148771518419,
              26.37746044310233
            ],
            [
              83.96048415956962,
              26.377500948107013
            ],
            [
              83.95961864986133,
              26.377673847096894
            ],
            [
              83.95897628436461,
              26.37802206992154
            ],
            [
              83.95801522984274,
              26.378891478800888
            ],
            [
              83.95751382259047,
              26.379462556375973
            ],
            [
              83.95750451694245,
              26.379468771650703
            ],
            [
              83.95639271703108,
              26.38021188609236
            ],
            [
              83.95533299335501,
              26.380600920653478
            ],
            [
              83.95441958457751,
              26.380850353815717
            ],
            [
              83.95349912402497,
              26.380873624398568
            ],
            [
              83.9526470306555,
              26.38094042710503
            ],
            [
              83.95221613666146,
              26.381087118659888
            ],
            [
              83.95121355302402,
              26.38170101708201
            ],
            [
              83.9497120073485,
              26.38350454698919
            ],
            [
              83.94969295767459,
              26.38352600474854
            ],
            [
              83.94829146186385,
              26.38510571671361
            ],
            [
              83.94789918824053,
              26.385417399153486
            ],
            [
              83.94728694774683,
              26.385659186622625
            ],
            [
              83.94728734480218,
              26.385662028934288
            ],
            [
              83.94743603035477,
              26.3866816610805
            ],
            [
              83.94769208524502,
              26.387481600221008
            ],
            [
              83.94774296582273,
              26.387481543890697
            ],
            [
              83.94783814681865,
              26.38752661698739
            ],
            [
              83.94900161962182,
              26.38898820266054
            ],
            [
              83.94992942120685,
              26.39027843660057
            ],
            [
              83.9500847893268,
              26.390337078244226
            ],
            [
              83.9502601620298,
              26.390382056076653
            ],
            [
              83.95069119705933,
              26.390422508268284
            ],
            [
              83.95109196515197,
              26.390363622039597
            ],
            [
              83.9523145030834,
              26.390164364782123
            ],
            [
              83.95379742578476,
              26.389748375110962
            ],
            [
              83.95397273201246,
              26.38968956820413
            ],
            [
              83.95428841707128,
              26.38964432615914
            ],
            [
              83.95530071688684,
              26.38986484615765
            ],
            [
              83.95541094286715,
              26.38986481879779
            ],
            [
              83.95563643527483,
              26.389833078924298
            ],
            [
              83.95592212558634,
              26.389864496112196
            ],
            [
              83.95616263872385,
              26.3899049686027
            ],
            [
              83.95641823726999,
              26.389977076310437
            ],
            [
              83.95700448321426,
              26.390021866787734
            ],
            [
              83.95751573240877,
              26.390220177964213
            ],
            [
              83.95777131568352,
              26.390278666744578
            ],
            [
              83.957881582088,
              26.39031921231754
            ],
            [
              83.95829754608202,
              26.390305465643003
            ],
            [
              83.95856815996811,
              26.390377466880423
            ],
            [
              83.96043311370188,
              26.391698661821046
            ],
            [
              83.96054345736151,
              26.391712154047866
            ],
            [
              83.96073376096287,
              26.391698501687866
            ],
            [
              83.96095924169245,
              26.391653229047098
            ],
            [
              83.96116461632933,
              26.391526764742494
            ],
            [
              83.96128985764962,
              26.39152663035916
            ],
            [
              83.96151548210965,
              26.391652851647603
            ],
            [
              83.96276374329922,
              26.39243741826546
            ],
            [
              83.96293927141076,
              26.392523043883013
            ],
            [
              83.96319488343163,
              26.3926672736866
            ],
            [
              83.96373984639872,
              26.393201728198687
            ],
            [
              83.96348658976056,
              26.394235023081393
            ],
            [
              83.9629851465757,
              26.394806110888826
            ],
            [
              83.96070659590866,
              26.39601508891323
            ],
            [
              83.96059584710888,
              26.39607383305355
            ],
            [
              83.9580667509192,
              26.397521979112096
            ],
            [
              83.9566335876981,
              26.398297683734828
            ],
            [
              83.95511115978549,
              26.398894564274986
            ],
            [
              83.95506704531851,
              26.39909183510244
            ],
            [
              83.95511181286071,
              26.39945292705809
            ],
            [
              83.95501888214454,
              26.399696699134832
            ],
            [
              83.9547733950353,
              26.399883971839184
            ],
            [
              83.95454099278645,
              26.399950293643496
            ],
            [
              83.95418951705007,
              26.399959179193342
            ],
            [
              83.95337957982024,
              26.400081316610994
            ],
            [
              83.95331402166912,
              26.400128240267343
            ],
            [
              83.95331090721001,
              26.40056598668399
            ],
            [
              83.9532975816011,
              26.401256362357746
            ],
            [
              83.9532916931444,
              26.4015624283979
            ],
            [
              83.9532690169717,
              26.401910135846713
            ],
            [
              83.95315605112978,
              26.40204878999375
            ],
            [
              83.95279017539939,
              26.402133479150013
            ],
            [
              83.95248891818234,
              26.402141090823648
            ],
            [
              83.95230475456593,
              26.40214574392156
            ],
            [
              83.95215558571975,
              26.402194779660938
            ],
            [
              83.95213589285207,
              26.403176141806558
            ],
            [
              83.95211157186408,
              26.403412103738095
            ],
            [
              83.95208442657282,
              26.403675463631913
            ],
            [
              83.95208818422566,
              26.40379607882696
            ],
            [
              83.95197239677545,
              26.40384427063933
            ],
            [
              83.95183892688713,
              26.403862730684914
            ],
            [
              83.95145395477044,
              26.403872455940732
            ],
            [
              83.95126989086704,
              26.403877104945813
            ],
            [
              83.95123861602043,
              26.405024825767217
            ],
            [
              83.95111116933613,
              26.405203866862404
            ],
            [
              83.95091777014032,
              26.40545017091696
            ],
            [
              83.95050541108552,
              26.405656738865908
            ],
            [
              83.95030685017008,
              26.405737288969313
            ],
            [
              83.95115299220082,
              26.408160572626397
            ],
            [
              83.95203318307577,
              26.410094996890784
            ],
            [
              83.95290647039776,
              26.412849621367297
            ],
            [
              83.95490625227255,
              26.412512302977508
            ],
            [
              83.95517884784213,
              26.41265629862077
            ],
            [
              83.9558586299671,
              26.414042543363372
            ],
            [
              83.95850285873513,
              26.41341737879945
            ],
            [
              83.95805358880366,
              26.412205733371056
            ],
            [
              83.95828272118487,
              26.412033960160958
            ],
            [
              83.95863151006024,
              26.41193460331007
            ],
            [
              83.95943498930149,
              26.41191426995788
            ],
            [
              83.96091328208588,
              26.41204282466667
            ],
            [
              83.96180333825927,
              26.412112883040724
            ],
            [
              83.96249956763876,
              26.412167700040122
            ],
            [
              83.96250867925067,
              26.41216839999578
            ],
            [
              83.96316722699896,
              26.412332874973064
            ],
            [
              83.96498146275015,
              26.413026343702118
            ],
            [
              83.9654405063519,
              26.413241040024374
            ],
            [
              83.96560831074868,
              26.413251874753776
            ],
            [
              83.96605792832814,
              26.41316503437314
            ],
            [
              83.96635789825937,
              26.413112163225716
            ],
            [
              83.96684618921016,
              26.413190316227997
            ],
            [
              83.96811815873671,
              26.41368625508787
            ],
            [
              83.96984298157442,
              26.41440732880076
            ],
            [
              83.96989154539698,
              26.41443430874809
            ],
            [
              83.97262212112847,
              26.415951459031874
            ],
            [
              83.97339329605379,
              26.415433947753954
            ],
            [
              83.97341145010738,
              26.415445056619983
            ],
            [
              83.97578465625587,
              26.416897339361675
            ],
            [
              83.97859359562283,
              26.418628385700156
            ],
            [
              83.97893931675151,
              26.41893130109395
            ],
            [
              83.97939821123295,
              26.41933337478507
            ],
            [
              83.97966080855343,
              26.419245180187133
            ],
            [
              83.98022109318603,
              26.418881311894832
            ],
            [
              83.98044532525735,
              26.418739533182272
            ],
            [
              83.98064691439362,
              26.41861212993847
            ],
            [
              83.98064707339545,
              26.418612377725015
            ],
            [
              83.98252132020086,
              26.42153155992512
            ],
            [
              83.9846790851914,
              26.425200754914
            ],
            [
              83.98469844658071,
              26.425233656347334
            ],
            [
              83.99006812259827,
              26.42496101396326
            ],
            [
              83.98998619444774,
              26.425725171221224
            ],
            [
              83.986964093847,
              26.426058714296833
            ],
            [
              83.98504543882551,
              26.42631892616854
            ],
            [
              83.98480667830111,
              26.42671731065632
            ],
            [
              83.98468124384303,
              26.42699219167504
            ],
            [
              83.98443206106467,
              26.427058891268032
            ],
            [
              83.98321459142811,
              26.427240774846393
            ],
            [
              83.9816824715919,
              26.427536277230093
            ],
            [
              83.98126914415327,
              26.427712768710062
            ],
            [
              83.98120642378012,
              26.427850254369723
            ],
            [
              83.98134399627432,
              26.42849565423262
            ],
            [
              83.98210219413707,
              26.42969862333338
            ],
            [
              83.98212509668524,
              26.429894284123453
            ],
            [
              83.9820130830575,
              26.430063108266307
            ],
            [
              83.98188148435993,
              26.430141899753327
            ],
            [
              83.9812118576893,
              26.43015893900461
            ],
            [
              83.9809778905752,
              26.43017998105265
            ],
            [
              83.98096635081708,
              26.43034624833065
            ],
            [
              83.98134925321537,
              26.431332532089296
            ],
            [
              83.98143676978528,
              26.43145101321734
            ],
            [
              83.98164093169655,
              26.431551437600273
            ],
            [
              83.98199344139383,
              26.431572644298438
            ],
            [
              83.98227812199892,
              26.431565398965265
            ],
            [
              83.98241293397024,
              26.431592144836525
            ],
            [
              83.98250329101309,
              26.43180108402256
            ],
            [
              83.9827632688462,
              26.432634270930517
            ],
            [
              83.98291698496436,
              26.433296475259954
            ],
            [
              83.98323647438842,
              26.433386769047242
            ],
            [
              83.9837888825926,
              26.433470971861563
            ],
            [
              83.98444465095338,
              26.433570927129654
            ],
            [
              83.98781789042228,
              26.433238860144932
            ],
            [
              83.99005819082451,
              26.432835436090436
            ],
            [
              83.99126062356153,
              26.43223872633686
            ],
            [
              83.99130100463019,
              26.432362242113996
            ],
            [
              83.99175197686911,
              26.433741595998654
            ],
            [
              83.99357361024666,
              26.439313000622025
            ],
            [
              83.99560282003185,
              26.443124749078148
            ],
            [
              83.99640239339826,
              26.44550226899634
            ],
            [
              83.99660937062963,
              26.445683655357204
            ],
            [
              83.9978960177296,
              26.446811195092668
            ],
            [
              83.99943496206701,
              26.447001043079897
            ],
            [
              84.00000013982294,
              26.44707076009814
            ],
            [
              84.00004164468403,
              26.44707718889305
            ],
            [
              84.00013497604876,
              26.447091646240477
            ],
            [
              84.00031971907855,
              26.446924113824128
            ],
            [
              84.00042369907267,
              26.446731665390388
            ],
            [
              84.00051973616307,
              26.446553912124905
            ],
            [
              84.00079684756359,
              26.446302611833644
            ],
            [
              84.00101896679736,
              26.44623961515627
            ],
            [
              84.00124108603114,
              26.44617661603153
            ],
            [
              84.00201889501486,
              26.446134307740962
            ],
            [
              84.00250657061967,
              26.446072371856605
            ],
            [
              84.00290434283087,
              26.445805557750568
            ],
            [
              84.00351249958325,
              26.44496125067002
            ],
            [
              84.00400869121697,
              26.444570192261107
            ],
            [
              84.00468435995622,
              26.44421447287825
            ],
            [
              84.00507838798931,
              26.44409192132037
            ],
            [
              84.00558783785829,
              26.443962767733865
            ],
            [
              84.00637541512238,
              26.443929661718172
            ],
            [
              84.00763225342627,
              26.443965027082363
            ],
            [
              84.00793975393458,
              26.44402676462733
            ],
            [
              84.00840992676437,
              26.444121160905237
            ],
            [
              84.00888627281685,
              26.444253372349536
            ],
            [
              84.00920099757663,
              26.444340723383696
            ],
            [
              84.0099935577956,
              26.444635068743388
            ],
            [
              84.01037235219808,
              26.44477574586184
            ],
            [
              84.01044363800747,
              26.44480193931716
            ],
            [
              84.01106233379478,
              26.445029270204493
            ],
            [
              84.01181435035004,
              26.44540889935147
            ],
            [
              84.01227423657153,
              26.445641053311284
            ],
            [
              84.01291309774034,
              26.44593409638594
            ],
            [
              84.01350094268585,
              26.44606818783528
            ],
            [
              84.01462867960872,
              26.446223615037102
            ],
            [
              84.01477423992239,
              26.44624367611212
            ],
            [
              84.0152817215826,
              26.446385101685394
            ],
            [
              84.0156623683112,
              26.44658702784239
            ],
            [
              84.0159975998123,
              26.446995507057807
            ],
            [
              84.01600021211316,
              26.446998684861597
            ],
            [
              84.01635228522917,
              26.4474269468066
            ],
            [
              84.01657988328789,
              26.44753996466758
            ],
            [
              84.01683007397598,
              26.447554213643286
            ],
            [
              84.01690240811931,
              26.447520264144757
            ],
            [
              84.01722573065469,
              26.44736851032704
            ],
            [
              84.0176912726692,
              26.44719328677074
            ],
            [
              84.01816269325893,
              26.44698435297388
            ],
            [
              84.01863411205206,
              26.446775416385112
            ],
            [
              84.01959776180678,
              26.445938454947626
            ],
            [
              84.01991385110749,
              26.44551577021208
            ],
            [
              84.02026205697624,
              26.44505013178319
            ],
            [
              84.0207591271623,
              26.444370361044836
            ],
            [
              84.02102556298398,
              26.444005991339008
            ]
          ]
        ]
      }
    }
  ]
}