{
  "type": "FeatureCollection",
  "features": [
    {
      "type": "Feature",
      "properties": {
        "object_id": "09-135-00719",
        "stcode11": "09",
        "dtcode11": "135",
        "sdtcode11": "00719",
        "stname": "UTTAR PRADESH",
        "dtname": "Moradabad",
        "sdtname": "Moradabad",
        "st_area_sh": 0.0,
        "st_length_": 0.0,
        "remarks": "",
        "dist_lgd": 171,
        "state_lgd": 9,
        "subdt_lgd": 719,
        "ac_no": 29,
        "st_length(shape)": 321562.99641972844,
        "st_area(shape)": 1011553458.2590029
      },
      "geometry": {
        "type": "Polygon",
        "coordinates": [
          [
            [
              78.97105804162727,
              29.127116478624917
            ],
            [
              78.97106314315975,
              29.127114280635098
            ],
            [
              78.97139666965847,
              29.127159860075363
            ],
            [
              78.9714873015858,
              29.127161887780872
            ],
            [
              78.97157688068758,
              29.127139272270643
            ],
            [
              78.97172341477506,
              29.127076080647885
            ],
            [
              78.97209537209993,
              29.126866306907264
            ],
            [
              78.97240233092407,
              29.126740980303847
            ],
            [
              78.9726162889635,
              29.126762177130118
            ],
            [
              78.97270789376627,
              29.12677125318728
            ],
            [
              78.97285564327431,
              29.126902972064592
            ],
            [
              78.97286765464801,
              29.12691368189146
            ],
            [
              78.9733303867323,
              29.127411700949843
            ],
            [
              78.97402620378509,
              29.128915346055734
            ],
            [
              78.97456579662344,
              29.129838067930145
            ],
            [
              78.97534372059148,
              29.129206572231027
            ],
            [
              78.97618568276118,
              29.128617911257486
            ],
            [
              78.97736756743443,
              29.1277910301346
            ],
            [
              78.97859857827562,
              29.126865384863606
            ],
            [
              78.97904193100429,
              29.126614248899042
            ],
            [
              78.97906763180455,
              29.12659966880181
            ],
            [
              78.98012010877123,
              29.1258426002989
            ],
            [
              78.98158711242743,
              29.124999715787148
            ],
            [
              78.98198282480166,
              29.1247665166417
            ],
            [
              78.98369822341371,
              29.12354037419073
            ],
            [
              78.98291097583133,
              29.122852088378778
            ],
            [
              78.9815013367925,
              29.121649115052822
            ],
            [
              78.98049739580067,
              29.120700726941383
            ],
            [
              78.97971763926941,
              29.120032356073867
            ],
            [
              78.97836114007127,
              29.11880970830848
            ],
            [
              78.97720919534815,
              29.117502203242154
            ],
            [
              78.97539629808674,
              29.11851890079963
            ],
            [
              78.9722093171055,
              29.12042233665727
            ],
            [
              78.97050349094113,
              29.12126718370345
            ],
            [
              78.96979051516811,
              29.12164733365259
            ],
            [
              78.96939646198221,
              29.121817279882023
            ],
            [
              78.96923065993023,
              29.121837476374065
            ],
            [
              78.96923552161252,
              29.121253732119
            ],
            [
              78.96908956334516,
              29.121096906965036
            ],
            [
              78.96878886308359,
              29.120935788132254
            ],
            [
              78.968306271045,
              29.120859647234106
            ],
            [
              78.9679074163639,
              29.12070458563106
            ],
            [
              78.96759263141696,
              29.12043056023218
            ],
            [
              78.96731756907359,
              29.119911364065263
            ],
            [
              78.96721088784543,
              29.119575716146013
            ],
            [
              78.9671911204176,
              29.11923063726024
            ],
            [
              78.96722460242485,
              29.118832838111373
            ],
            [
              78.96713617496323,
              29.11857355376712
            ],
            [
              78.96705114493,
              29.1183574577371
            ],
            [
              78.96684131015773,
              29.118177032844997
            ],
            [
              78.96664539478078,
              29.11812930696134
            ],
            [
              78.96646484059521,
              29.118041907025443
            ],
            [
              78.96638309300604,
              29.117895481673678
            ],
            [
              78.96639154794948,
              29.117782720355475
            ],
            [
              78.96658945578973,
              29.117591632315616
            ],
            [
              78.96682426193028,
              29.117493616075617
            ],
            [
              78.96726999609281,
              29.117469998617167
            ],
            [
              78.96757257383331,
              29.117392305977457
            ],
            [
              78.96796617157335,
              29.117275423169268
            ],
            [
              78.96821282110261,
              29.117121119765812
            ],
            [
              78.96831207416172,
              29.11699574518615
            ],
            [
              78.96834416827188,
              29.116763814171513
            ],
            [
              78.9682636423915,
              29.11645811719682
            ],
            [
              78.96817421959653,
              29.116318241088543
            ],
            [
              78.96808413384491,
              29.116258000724113
            ],
            [
              78.96786568602566,
              29.11619684367868
            ],
            [
              78.96779073329331,
              29.11613670134311
            ],
            [
              78.96772362465002,
              29.116036742120052
            ],
            [
              78.967737959067,
              29.115681983370223
            ],
            [
              78.96773950776257,
              29.115496227315703
            ],
            [
              78.9675674597244,
              29.11530275628086
            ],
            [
              78.9672810229129,
              29.115247851222314
            ],
            [
              78.9670171203403,
              29.11520637889135
            ],
            [
              78.96676139603008,
              29.115085317636787
            ],
            [
              78.9666046480978,
              29.114872057643893
            ],
            [
              78.96653063679987,
              29.11469910510134
            ],
            [
              78.9665731962831,
              29.11457666433555
            ],
            [
              78.96687024579137,
              29.114260198705246
            ],
            [
              78.96700093000395,
              29.11398243689427
            ],
            [
              78.9670557281346,
              29.113743962336116
            ],
            [
              78.96701248503345,
              29.113498255109196
            ],
            [
              78.96678523641938,
              29.113141939150495
            ],
            [
              78.96669653586991,
              29.112916009633135
            ],
            [
              78.96664533818694,
              29.11272322360798
            ],
            [
              78.96667331891139,
              29.112534337813592
            ],
            [
              78.96686364856392,
              29.11234979726936
            ],
            [
              78.96705304396853,
              29.11226477830465
            ],
            [
              78.96758928519255,
              29.112248340051462
            ],
            [
              78.96905176672959,
              29.112503168390685
            ],
            [
              78.96951408558888,
              29.11274166701519
            ],
            [
              78.96996477665513,
              29.113023164797156
            ],
            [
              78.9702270263276,
              29.11325038668081
            ],
            [
              78.97037046212564,
              29.113257906059033
            ],
            [
              78.97061303959173,
              29.113140047727704
            ],
            [
              78.97078806734167,
              29.1129753823696
            ],
            [
              78.97099988559408,
              29.11291698673961
            ],
            [
              78.97122550466422,
              29.113031250049755
            ],
            [
              78.97140890830589,
              29.11321489232001
            ],
            [
              78.97146071414834,
              29.11334783561391
            ],
            [
              78.97142918418018,
              29.113500224222552
            ],
            [
              78.97127657478644,
              29.11370489879152
            ],
            [
              78.97100312581732,
              29.113895511388698
            ],
            [
              78.9708356052882,
              29.114073605039735
            ],
            [
              78.97084185037605,
              29.11422614325773
            ],
            [
              78.97109592178619,
              29.11454624110284
            ],
            [
              78.97134682304167,
              29.11478337883917
            ],
            [
              78.97141337742441,
              29.11496288125472
            ],
            [
              78.97132136568482,
              29.115121480008362
            ],
            [
              78.97109391674645,
              29.11523943730983
            ],
            [
              78.97088198530629,
              29.11531102813818
            ],
            [
              78.97066331739984,
              29.115276542179807
            ],
            [
              78.97049767614631,
              29.115215725941894
            ],
            [
              78.97033175192342,
              29.115201373392395
            ],
            [
              78.97023316541427,
              29.11524720532638
            ],
            [
              78.97023101215252,
              29.115505906312297
            ],
            [
              78.97034937597098,
              29.115805155825882
            ],
            [
              78.97038011542169,
              29.116200069989006
            ],
            [
              78.97033847311837,
              29.11666417026096
            ],
            [
              78.97040392886154,
              29.11696307972882
            ],
            [
              78.97045974568174,
              29.117053065689145
            ],
            [
              78.97061744223492,
              29.117153512850088
            ],
            [
              78.97104787629152,
              29.11714967364704
            ],
            [
              78.97168958422147,
              29.117153785957754
            ],
            [
              78.97187091814473,
              29.117135060816317
            ],
            [
              78.97197635879951,
              29.11716891203976
            ],
            [
              78.97203585242414,
              29.11726881993601
            ],
            [
              78.97194350471463,
              29.117480478698255
            ],
            [
              78.97187413321511,
              29.117652510716752
            ],
            [
              78.97190230438241,
              29.11790480729064
            ],
            [
              78.97196952711177,
              29.117991475922747
            ],
            [
              78.97220355800623,
              29.11798628534989
            ],
            [
              78.97259107055855,
              29.117696874790077
            ],
            [
              78.97319847092947,
              29.117282859065426
            ],
            [
              78.97333182942664,
              29.117134421995427
            ],
            [
              78.97333325864629,
              29.116961955119663
            ],
            [
              78.97323939727549,
              29.11645061531805
            ],
            [
              78.97320437196257,
              29.116118633678965
            ],
            [
              78.97332002107227,
              29.115827575273567
            ],
            [
              78.97337809086717,
              29.115658768100083
            ],
            [
              78.97331153468775,
              29.11547926768357
            ],
            [
              78.97304855917655,
              29.11533828366793
            ],
            [
              78.97291373642544,
              29.115198120367275
            ],
            [
              78.97296018381721,
              29.115059116037237
            ],
            [
              78.9733155510554,
              29.114995038006377
            ],
            [
              78.97357995039634,
              29.114976842217906
            ],
            [
              78.9736937238237,
              29.114924414627847
            ],
            [
              78.97370217337726,
              29.114811744230042
            ],
            [
              78.97337126726424,
              29.11465703923195
            ],
            [
              78.97315326141617,
              29.11454291977836
            ],
            [
              78.97305982944009,
              29.11443289692142
            ],
            [
              78.9730689931543,
              29.114233901148207
            ],
            [
              78.97319308642767,
              29.11384327631259
            ],
            [
              78.9733552898286,
              29.113399921825604
            ],
            [
              78.97344045460913,
              29.113135060179154
            ],
            [
              78.97338475187497,
              29.113018589275374
            ],
            [
              78.97326406591154,
              29.113011218996125
            ],
            [
              78.97293836823053,
              29.11313514807933
            ],
            [
              78.97253047739599,
              29.113165712997375
            ],
            [
              78.97224354740939,
              29.113170566339807
            ],
            [
              78.97198003290903,
              29.113082549244098
            ],
            [
              78.97183068170483,
              29.11288262868994
            ],
            [
              78.97184001430232,
              29.112663746344143
            ],
            [
              78.97207650658065,
              29.112373367243848
            ],
            [
              78.97235603355098,
              29.11235527066494
            ],
            [
              78.97262755563379,
              29.11238358571142
            ],
            [
              78.97275690405155,
              29.112264998841702
            ],
            [
              78.97271320999614,
              29.112072353651104
            ],
            [
              78.97239456319181,
              29.11134722623133
            ],
            [
              78.97242960018283,
              29.111224735955993
            ],
            [
              78.97264887355381,
              29.111173077164526
            ],
            [
              78.97297340971313,
              29.11118844271651
            ],
            [
              78.97319245670863,
              29.111176554780503
            ],
            [
              78.97335946968963,
              29.111071497136315
            ],
            [
              78.97341342879382,
              29.110932539815085
            ],
            [
              78.97332466536226,
              29.110713029371993
            ],
            [
              78.97313770259545,
              29.110492889801417
            ],
            [
              78.97276229214664,
              29.110245058868962
            ],
            [
              78.97245464970453,
              29.110017547803565
            ],
            [
              78.97240711804625,
              29.109834775716823
            ],
            [
              78.97256755805428,
              29.109603662069016
            ],
            [
              78.97288579522686,
              29.109459705620566
            ],
            [
              78.97308290805806,
              29.10936153015668
            ],
            [
              78.97330946496933,
              29.109349690670406
            ],
            [
              78.97354429895766,
              29.1092583550899
            ],
            [
              78.97371153022925,
              29.109126720356514
            ],
            [
              78.9737657624213,
              29.10895458774744
            ],
            [
              78.97378600775285,
              29.108337752928918
            ],
            [
              78.97375289585146,
              29.108228114296967
            ],
            [
              78.97337435387557,
              29.108358306823746
            ],
            [
              78.97306346941363,
              29.108522197852373
            ],
            [
              78.97292760192184,
              29.108521329014643
            ],
            [
              78.97263757184922,
              29.107995436735074
            ],
            [
              78.97234971839451,
              29.108112917947093
            ],
            [
              78.9722289884136,
              29.108098948203903
            ],
            [
              78.97201982378454,
              29.107838889617273
            ],
            [
              78.97132037394476,
              29.1066137627273
            ],
            [
              78.97116364936872,
              29.105946026351077
            ],
            [
              78.97120389569005,
              29.104732326072543
            ],
            [
              78.97116735402095,
              29.10413170927569
            ],
            [
              78.97108223685113,
              29.103474418680946
            ],
            [
              78.9706611452735,
              29.102824869296057
            ],
            [
              78.96977982431794,
              29.10167820123553
            ],
            [
              78.96953558227362,
              29.101547226335757
            ],
            [
              78.9692315582455,
              29.1017907988891
            ],
            [
              78.9689127299815,
              29.102007606304177
            ],
            [
              78.96867724291798,
              29.1021785739582
            ],
            [
              78.96773507996653,
              29.101097855090398
            ],
            [
              78.9680035432858,
              29.100588736262743
            ],
            [
              78.96828995314785,
              29.09974145726054
            ],
            [
              78.96837845427133,
              29.09953966778091
            ],
            [
              78.96834962643554,
              29.09938028912623
            ],
            [
              78.96823724719349,
              29.099266747706576
            ],
            [
              78.96789815742825,
              29.099198305840275
            ],
            [
              78.96717453661911,
              29.09906754285601
            ],
            [
              78.96659195310623,
              29.099229676310152
            ],
            [
              78.96584081330667,
              29.099682529005737
            ],
            [
              78.96551480391031,
              29.099859508330116
            ],
            [
              78.96521238517158,
              29.099910623354116
            ],
            [
              78.96510934571354,
              29.099591573384313
            ],
            [
              78.96464624082839,
              29.09900478689424
            ],
            [
              78.96425769341685,
              29.09852460923147
            ],
            [
              78.96379370728441,
              29.098044035290172
            ],
            [
              78.96325462558747,
              29.09750981697295
            ],
            [
              78.9626702571221,
              29.096988593018715
            ],
            [
              78.96203226911574,
              29.096553261100077
            ],
            [
              78.96153870235929,
              29.09600604171448
            ],
            [
              78.96125565129809,
              29.095553114759827
            ],
            [
              78.96106361574488,
              29.09504771120316
            ],
            [
              78.96085700861941,
              29.0944758586796
            ],
            [
              78.96016296573934,
              29.093535993743597
            ],
            [
              78.95956629484614,
              29.092669707310353
            ],
            [
              78.95887872522601,
              29.091855892206976
            ],
            [
              78.95853061457866,
              29.09106416503285
            ],
            [
              78.95827717288755,
              29.090691065166627
            ],
            [
              78.95794763580705,
              29.090383731740978
            ],
            [
              78.95739247965642,
              29.089968803078985
            ],
            [
              78.95716841467174,
              29.08968873217543
            ],
            [
              78.95717009092805,
              29.08948967913904
            ],
            [
              78.95773206619002,
              29.089082096887932
            ],
            [
              78.95703584130209,
              29.088407522384788
            ],
            [
              78.95746185744412,
              29.088012254296586
            ],
            [
              78.95717783260916,
              29.087678727072042
            ],
            [
              78.95721044414893,
              29.08738703322875
            ],
            [
              78.95671693398634,
              29.086839791036503
            ],
            [
              78.95607313657504,
              29.086198725694434
            ],
            [
              78.95542199543628,
              29.08555101105748
            ],
            [
              78.95497401189229,
              29.084964281148675
            ],
            [
              78.95481193874708,
              29.08449883211061
            ],
            [
              78.95478437124761,
              29.084180166159836
            ],
            [
              78.95454497112271,
              29.083926567737727
            ],
            [
              78.95430411572707,
              29.08384535396653
            ],
            [
              78.95385019521737,
              29.083975106302773
            ],
            [
              78.95333620436462,
              29.084064595125227
            ],
            [
              78.95297217557047,
              29.08426128624693
            ],
            [
              78.95263975130463,
              29.084298892936168
            ],
            [
              78.95234073268927,
              29.083951967880857
            ],
            [
              78.95199586675675,
              29.083684387990182
            ],
            [
              78.95173320924911,
              29.08351678417665
            ],
            [
              78.95167448458237,
              29.083317427173274
            ],
            [
              78.95182725028297,
              29.083106162120252
            ],
            [
              78.95197946082469,
              29.082947867309066
            ],
            [
              78.95192016842267,
              29.08282805795642
            ],
            [
              78.95158808282171,
              29.08282588885258
            ],
            [
              78.95131596425755,
              29.082863978088778
            ],
            [
              78.95107578798823,
              29.08270311970156
            ],
            [
              78.95092784893565,
              29.082357177659116
            ],
            [
              78.95052135408308,
              29.082221901183843
            ],
            [
              78.94997902407808,
              29.08208564320656
            ],
            [
              78.94960323723515,
              29.081897406177486
            ],
            [
              78.94940890738468,
              29.081670580626596
            ],
            [
              78.94903244680529,
              29.08156198363593
            ],
            [
              78.94879272598186,
              29.081348150175046
            ],
            [
              78.94873524009186,
              29.081015995651917
            ],
            [
              78.94856416403083,
              29.080729564890536
            ],
            [
              78.94845915366906,
              29.080649322871324
            ],
            [
              78.94835301771826,
              29.08070169412252
            ],
            [
              78.94821492779448,
              29.080966120291823
            ],
            [
              78.94803245929901,
              29.081124213245793
            ],
            [
              78.94795715083379,
              29.081097140212645
            ],
            [
              78.94776406515,
              29.080724320623915
            ],
            [
              78.94747974476932,
              29.080430638125716
            ],
            [
              78.9473757432156,
              29.080244178619477
            ],
            [
              78.94730472240924,
              29.079712960382764
            ],
            [
              78.94651625042312,
              29.07835436838708
            ],
            [
              78.94628454975852,
              29.078094112977915
            ],
            [
              78.9465127451969,
              29.07788334673772
            ],
            [
              78.94690793026005,
              29.077567451331984
            ],
            [
              78.94771196196521,
              29.07709512910409
            ],
            [
              78.9489408572739,
              29.07637335972292
            ],
            [
              78.9500782897136,
              29.075743917933206
            ],
            [
              78.95033968418991,
              29.07607071697737
            ],
            [
              78.95167782721353,
              29.07492510924103
            ],
            [
              78.95259064669625,
              29.074081912913716
            ],
            [
              78.95278452199916,
              29.0743618009218
            ],
            [
              78.95430261643885,
              29.073336764925617
            ],
            [
              78.95590321395086,
              29.072385204106926
            ],
            [
              78.95740590677498,
              29.07138661477238
            ],
            [
              78.95822409323405,
              29.07102037017376
            ],
            [
              78.95762965824761,
              29.069915209164495
            ],
            [
              78.95658141504089,
              29.068030883113572
            ],
            [
              78.95464394480578,
              29.06868174804099
            ],
            [
              78.95240220620076,
              29.06959584721411
            ],
            [
              78.9505308591571,
              29.070452670376138
            ],
            [
              78.94777240690574,
              29.071774749291436
            ],
            [
              78.94395910613534,
              29.0737731072901
            ],
            [
              78.9437360068396,
              29.073386881086833
            ],
            [
              78.94284143034369,
              29.073858680933544
            ],
            [
              78.94274489558664,
              29.073678956886155
            ],
            [
              78.94282462555965,
              29.073175210958038
            ],
            [
              78.94296531520787,
              29.072618890951812
            ],
            [
              78.9431932788809,
              29.07243461332611
            ],
            [
              78.94337302188781,
              29.072595088113278
            ],
            [
              78.94356823388388,
              29.072715706273357
            ],
            [
              78.94371884901767,
              29.072756566832563
            ],
            [
              78.94388539128146,
              29.072691305972434
            ],
            [
              78.94402313355722,
              29.072479946112633
            ],
            [
              78.94402483137311,
              29.072280888088034
            ],
            [
              78.94386033457324,
              29.072094025191472
            ],
            [
              78.94369606594545,
              29.071880676924327
            ],
            [
              78.94374382218257,
              29.071602367374005
            ],
            [
              78.9437910205659,
              29.07137712006158
            ],
            [
              78.94363408488577,
              29.071196998330088
            ],
            [
              78.94359039442361,
              29.07101093038928
            ],
            [
              78.94341121825369,
              29.07078419236302
            ],
            [
              78.94308063822912,
              29.0706095240112
            ],
            [
              78.94279556056864,
              29.07040857566215
            ],
            [
              78.94248248870898,
              29.06995539717368
            ],
            [
              78.94207808513437,
              29.06958126060971
            ],
            [
              78.94191415337482,
              29.069341332733952
            ],
            [
              78.94172064997441,
              29.069021562292967
            ],
            [
              78.94172269094672,
              29.06878272762857
            ],
            [
              78.94176175867842,
              29.068630382754495
            ],
            [
              78.94192896839049,
              29.068498772242375
            ],
            [
              78.94218310627593,
              29.068779165353696
            ],
            [
              78.94236419585742,
              29.06879355735171
            ],
            [
              78.94242630357954,
              29.06858169798676
            ],
            [
              78.94262366075253,
              29.068450285273723
            ],
            [
              78.94283670879855,
              29.068252708924007
            ],
            [
              78.94285331685153,
              29.06806703767302
            ],
            [
              78.94264490501065,
              29.06773397194128
            ],
            [
              78.94260235091735,
              29.067415196036787
            ],
            [
              78.942528409688,
              29.06722901919628
            ],
            [
              78.94222786663157,
              29.067081033666504
            ],
            [
              78.94203571339905,
              29.067043288783644
            ],
            [
              78.94192264155592,
              29.067029253010286
            ],
            [
              78.94184767265389,
              29.066975692337262
            ],
            [
              78.94181866964664,
              29.066829496644445
            ],
            [
              78.94188839328571,
              29.066617686634704
            ],
            [
              78.94195765519076,
              29.066472230857435
            ],
            [
              78.94209449555798,
              29.066353708886137
            ],
            [
              78.9422001679781,
              29.06635440534019
            ],
            [
              78.9423724576631,
              29.066494854987102
            ],
            [
              78.94254377537092,
              29.066761321382998
            ],
            [
              78.94274846010168,
              29.066663134260104
            ],
            [
              78.94281801306086,
              29.066471211695806
            ],
            [
              78.94295536187454,
              29.066293026281297
            ],
            [
              78.94324263861081,
              29.066235160867574
            ],
            [
              78.94336773081076,
              29.06617292667583
            ],
            [
              78.94336840993714,
              29.066093376058603
            ],
            [
              78.94322650397002,
              29.065913257656323
            ],
            [
              78.9432894498203,
              29.065615157110667
            ],
            [
              78.94341286037401,
              29.065297565782984
            ],
            [
              78.9434452626063,
              29.065045639666273
            ],
            [
              78.94357696640674,
              29.064648454807003
            ],
            [
              78.94354496931466,
              29.064412694252738
            ],
            [
              78.94350968798184,
              29.064133832959854
            ],
            [
              78.94360215786227,
              29.063908882620254
            ],
            [
              78.94373216205018,
              29.063710758133965
            ],
            [
              78.94381775173383,
              29.063399422139213
            ],
            [
              78.94395210556436,
              29.063131577657614
            ],
            [
              78.94415735803035,
              29.062953837178455
            ],
            [
              78.94435442055591,
              29.062855596961118
            ],
            [
              78.94464106577657,
              29.062870774206846
            ],
            [
              78.94498072058211,
              29.06285971693689
            ],
            [
              78.94526042092728,
              29.062808489301236
            ],
            [
              78.94548791208648,
              29.062677268671003
            ],
            [
              78.9456401522726,
              29.062525758087666
            ],
            [
              78.9457173696578,
              29.06232719201094
            ],
            [
              78.94598391956552,
              29.062043715881487
            ],
            [
              78.9462391264462,
              29.06175677382166
            ],
            [
              78.94633118399987,
              29.061591576363274
            ],
            [
              78.94633236887772,
              29.061452268808207
            ],
            [
              78.9462430772368,
              29.061292386787272
            ],
            [
              78.9460406535656,
              29.061138453338366
            ],
            [
              78.94581457725302,
              29.06110388013637
            ],
            [
              78.94571686300797,
              29.061063368306677
            ],
            [
              78.94559759368771,
              29.060883492386886
            ],
            [
              78.945630394772,
              29.0605718989386
            ],
            [
              78.94570361016261,
              29.06038989734317
            ],
            [
              78.9457135967336,
              29.060111332978288
            ],
            [
              78.94566285629311,
              29.05985894896365
            ],
            [
              78.94529940062411,
              29.05911351676511
            ],
            [
              78.94520039909325,
              29.05877117829538
            ],
            [
              78.94516619034893,
              29.058366296682333
            ],
            [
              78.945101054406,
              29.058040769349336
            ],
            [
              78.94483333758672,
              29.05756799406848
            ],
            [
              78.94466722561593,
              29.057132365214297
            ],
            [
              78.94437534501382,
              29.056851814
            ],
            [
              78.94400037923107,
              29.056577313973843
            ],
            [
              78.94356004124849,
              29.05688622529545
            ],
            [
              78.9433932941688,
              29.056977974035775
            ],
            [
              78.9427489541751,
              29.057318717337733
            ],
            [
              78.9418855411347,
              29.057684593651143
            ],
            [
              78.9406855850529,
              29.058137789962203
            ],
            [
              78.93971575758395,
              29.058589106776186
            ],
            [
              78.93752387637555,
              29.05942708633843
            ],
            [
              78.93534714615271,
              29.060258534649748
            ],
            [
              78.93429040937498,
              29.060719231084654
            ],
            [
              78.93415062433023,
              29.060306957156794
            ],
            [
              78.93404638292635,
              29.06014046175146
            ],
            [
              78.93391882305433,
              29.060053366726617
            ],
            [
              78.93374553444275,
              29.060019035796117
            ],
            [
              78.9335566537728,
              29.06005096000475
            ],
            [
              78.93339820532974,
              29.060049907014875
            ],
            [
              78.93321780565437,
              29.059969059187644
            ],
            [
              78.93289804943069,
              29.05985080692563
            ],
            [
              78.9327547816176,
              29.059843253808705
            ],
            [
              78.93250527724238,
              29.059901261010356
            ],
            [
              78.93228523132026,
              29.06003911170841
            ],
            [
              78.93214793011731,
              29.06021069161684
            ],
            [
              78.93206432571043,
              29.06027649276187
            ],
            [
              78.93197366863025,
              29.06028917965187
            ],
            [
              78.93187608464096,
              29.060222171622538
            ],
            [
              78.93175556666243,
              29.06020148012853
            ],
            [
              78.93156618024099,
              29.06027986687644
            ],
            [
              78.93144532000434,
              29.06029895099817
            ],
            [
              78.9312799428555,
              29.060218202304693
            ],
            [
              78.93118206242212,
              29.060197660788116
            ],
            [
              78.9310304357853,
              29.060276297240712
            ],
            [
              78.93085531191561,
              29.060019689105424
            ],
            [
              78.93056362714624,
              29.059719226036723
            ],
            [
              78.93023332380278,
              29.059517950217973
            ],
            [
              78.92990726410076,
              29.05969496007453
            ],
            [
              78.92938258958434,
              29.059280114338538
            ],
            [
              78.92839203618513,
              29.05863659092243
            ],
            [
              78.92779499069448,
              29.058304203010046
            ],
            [
              78.92779520988341,
              29.058303046350556
            ],
            [
              78.92787402537152,
              29.057886784716704
            ],
            [
              78.92805184688198,
              29.057396978281766
            ],
            [
              78.92826273358146,
              29.05700362817509
            ],
            [
              78.92844009156127,
              29.056566976106815
            ],
            [
              78.92845728262085,
              29.056328239014814
            ],
            [
              78.92837712325313,
              29.05599600306928
            ],
            [
              78.92814968958612,
              29.055685971655095
            ],
            [
              78.92800145588613,
              29.055373169686387
            ],
            [
              78.92794289920435,
              29.055160505330523
            ],
            [
              78.92799757336749,
              29.054941906279154
            ],
            [
              78.92829474055505,
              29.054618789905142
            ],
            [
              78.92942944301461,
              29.053860125645112
            ],
            [
              78.9302566530507,
              29.05331497800392
            ],
            [
              78.93083711743787,
              29.05294397636139
            ],
            [
              78.93140719819861,
              29.05247015684415
            ],
            [
              78.93189556640452,
              29.05184309301469
            ],
            [
              78.93216693936702,
              29.051436846847643
            ],
            [
              78.93233659339495,
              29.051020025854015
            ],
            [
              78.93264143219504,
              29.05066377093762
            ],
            [
              78.93304487457229,
              29.050255102181065
            ],
            [
              78.93373974030916,
              29.04973893290974
            ],
            [
              78.93403699642994,
              29.049402514388476
            ],
            [
              78.93437912519578,
              29.049099571787494
            ],
            [
              78.93510572930998,
              29.048845650667502
            ],
            [
              78.93539715087302,
              29.04873814837285
            ],
            [
              78.93553392117163,
              29.048626226217166
            ],
            [
              78.93586148195851,
              29.04827011538479
            ],
            [
              78.93622749243619,
              29.047821410153386
            ],
            [
              78.93643642260498,
              29.047225745204795
            ],
            [
              78.93636770238406,
              29.04688359423469
            ],
            [
              78.93622668215582,
              29.046604022720395
            ],
            [
              78.93605512100454,
              29.04637071905099
            ],
            [
              78.93580064265758,
              29.046136771666006
            ],
            [
              78.93544756342841,
              29.045955332811662
            ],
            [
              78.93523349579452,
              29.04583778227821
            ],
            [
              78.9350836011096,
              29.045717358064593
            ],
            [
              78.93499381090368,
              29.045630513162088
            ],
            [
              78.93491140574773,
              29.045570296632544
            ],
            [
              78.93480586537994,
              29.045556305841977
            ],
            [
              78.93464692106684,
              29.045615011390776
            ],
            [
              78.93431430815478,
              29.045685760045746
            ],
            [
              78.9339376292848,
              29.045616896985585
            ],
            [
              78.93338018332851,
              29.04550036229404
            ],
            [
              78.93247051244087,
              29.045116134103623
            ],
            [
              78.93182693871009,
              29.044936052096794
            ],
            [
              78.93131480916661,
              29.044826502264964
            ],
            [
              78.93061326176064,
              29.044801844839068
            ],
            [
              78.92992832600089,
              29.04460488914845
            ],
            [
              78.92942875400676,
              29.044346108233622
            ],
            [
              78.92901621798391,
              29.04405811561297
            ],
            [
              78.92861083973723,
              29.043823150666707
            ],
            [
              78.92837747359609,
              29.043755231141073
            ],
            [
              78.92799971225618,
              29.043812468323022
            ],
            [
              78.92747784138176,
              29.0439615890919
            ],
            [
              78.92733093539177,
              29.04393072562306
            ],
            [
              78.9271361303325,
              29.04377021407466
            ],
            [
              78.92694263681356,
              29.043470393207382
            ],
            [
              78.92779912743639,
              29.04301829163612
            ],
            [
              78.92870080691124,
              29.042586470016445
            ],
            [
              78.92854376073834,
              29.041991664661843
            ],
            [
              78.92808438565821,
              29.041006668709148
            ],
            [
              78.92821014800137,
              29.040864890053083
            ],
            [
              78.9286355182547,
              29.040535931939853
            ],
            [
              78.92924216943068,
              29.040181784117582
            ],
            [
              78.92953844818443,
              29.03994490265522
            ],
            [
              78.9296838602761,
              29.03971361335591
            ],
            [
              78.92965189642167,
              29.03947783821037
            ],
            [
              78.92955678190107,
              29.03913889419808
            ],
            [
              78.9295811352284,
              29.038939976008713
            ],
            [
              78.9297793754453,
              29.038702439036854
            ],
            [
              78.93041683075073,
              29.038282129712936
            ],
            [
              78.93065654887924,
              29.03804816791524
            ],
            [
              78.93075578666699,
              29.037909508714197
            ],
            [
              78.93066858181245,
              29.03752414798675
            ],
            [
              78.93043773814064,
              29.037177606652737
            ],
            [
              78.93012583678579,
              29.03659166405882
            ],
            [
              78.92986280108745,
              29.03603592737465
            ],
            [
              78.92966192970509,
              29.035709474257857
            ],
            [
              78.92949240323792,
              29.035243908854138
            ],
            [
              78.92936298026,
              29.034941123392656
            ],
            [
              78.9290370472204,
              29.034242341244948
            ],
            [
              78.9288359512592,
              29.033942465990908
            ],
            [
              78.92849191267507,
              29.034023119010616
            ],
            [
              78.92820161490447,
              29.033570035106848
            ],
            [
              78.92760469966953,
              29.03280298470438
            ],
            [
              78.9280377226708,
              29.03245427699122
            ],
            [
              78.92852132800905,
              29.031936702270002
            ],
            [
              78.92936489277325,
              29.031232437001343
            ],
            [
              78.93080472868029,
              29.030064405124634
            ],
            [
              78.9312760594385,
              29.029649488930755
            ],
            [
              78.93213237129658,
              29.028769487800176
            ],
            [
              78.93268170905911,
              29.028063150060497
            ],
            [
              78.93264113575101,
              29.02796672875639
            ],
            [
              78.93243138991194,
              29.027799428672864
            ],
            [
              78.93232706586303,
              29.027646120753378
            ],
            [
              78.93219443320461,
              29.027280341350252
            ],
            [
              78.9322192356896,
              29.027028350659357
            ],
            [
              78.93231158429745,
              29.026816681208548
            ],
            [
              78.93250264338195,
              29.02652601616046
            ],
            [
              78.93258742458185,
              29.026320895831926
            ],
            [
              78.93267999956512,
              29.026082647232865
            ],
            [
              78.93283576743539,
              29.025954258695226
            ],
            [
              78.93305495097482,
              29.025909338261254
            ],
            [
              78.93354477534979,
              29.025972266766054
            ],
            [
              78.93408042727901,
              29.025969227717827
            ],
            [
              78.93440587792328,
              29.025851957617682
            ],
            [
              78.9346866400771,
              29.02566802766175
            ],
            [
              78.93497616529655,
              29.025338234052175
            ],
            [
              78.935155981067,
              29.02504419114636
            ],
            [
              78.93518043500563,
              29.02483206911007
            ],
            [
              78.93509987858256,
              29.0245461962947
            ],
            [
              78.93492892199747,
              29.02424652381242
            ],
            [
              78.93451132935785,
              29.02367976524185
            ],
            [
              78.93427838093334,
              29.023130822034005
            ],
            [
              78.93399473967898,
              29.022777326953804
            ],
            [
              78.93383913709874,
              29.022451172822358
            ],
            [
              78.93381523831893,
              29.02216237601034
            ],
            [
              78.93400026341966,
              29.021699161842253
            ],
            [
              78.93437449707548,
              29.021170934139715
            ],
            [
              78.93477434080167,
              29.020732336288134
            ],
            [
              78.9351331072649,
              29.020243783141453
            ],
            [
              78.9352711567645,
              29.01997943378119
            ],
            [
              78.93531886539093,
              29.0196944100492
            ],
            [
              78.93529180723625,
              29.01933592918473
            ],
            [
              78.93515275970836,
              29.018830778020817
            ],
            [
              78.93478295025535,
              29.01797239015677
            ],
            [
              78.93453379801971,
              29.017562660283755
            ],
            [
              78.93406910042157,
              29.017201359739058
            ],
            [
              78.93367868990416,
              29.01699307631203
            ],
            [
              78.933392667216,
              29.01691812019309
            ],
            [
              78.93298497940071,
              29.01694858874888
            ],
            [
              78.93263692175398,
              29.017065707920818
            ],
            [
              78.93237507901837,
              29.01724646228143
            ],
            [
              78.93216897135618,
              29.017530338794394
            ],
            [
              78.93194671198523,
              29.017933635158574
            ],
            [
              78.931748852654,
              29.018131313384323
            ],
            [
              78.93151426390577,
              29.018222695170262
            ],
            [
              78.93139177143026,
              29.018230219912194
            ],
            [
              78.93122255398356,
              29.01816602903023
            ],
            [
              78.93102807141948,
              29.017972335954006
            ],
            [
              78.9306773403865,
              29.01752874098372
            ],
            [
              78.93046063260397,
              29.017288427306298
            ],
            [
              78.93010807260106,
              29.01705719565194
            ],
            [
              78.92973460610649,
              29.016844065838256
            ],
            [
              78.92949822521926,
              29.016696472294885
            ],
            [
              78.9293747814279,
              29.016572912697953
            ],
            [
              78.92933455936102,
              29.016436619038053
            ],
            [
              78.92936403578044,
              29.016295841219936
            ],
            [
              78.92945589390814,
              29.01614053817822
            ],
            [
              78.9296802391672,
              29.015942947267845
            ],
            [
              78.92991233059895,
              29.015705625259766
            ],
            [
              78.93003268957565,
              29.015522281333304
            ],
            [
              78.93008095156428,
              29.015174288259526
            ],
            [
              78.93003864810093,
              29.01483229185192
            ],
            [
              78.92995928464055,
              29.01462772333638
            ],
            [
              78.92980593772995,
              29.014477475313424
            ],
            [
              78.92967450072918,
              29.01441023485512
            ],
            [
              78.929478479351,
              29.014395634948414
            ],
            [
              78.92926348555406,
              29.014404100302155
            ],
            [
              78.92904140764279,
              29.01433964387475
            ],
            [
              78.92885414483865,
              29.0141923766951
            ],
            [
              78.92878199484997,
              29.01403432725418
            ],
            [
              78.92875098410808,
              29.013689106193862
            ],
            [
              78.92873893500514,
              29.013334018630676
            ],
            [
              78.92868134221567,
              29.013229139335614
            ],
            [
              78.92849826376414,
              29.01303221767407
            ],
            [
              78.92829986724037,
              29.01285838402673
            ],
            [
              78.92822171201401,
              29.01273173483705
            ],
            [
              78.92820054860425,
              29.012562384824815
            ],
            [
              78.92828888084445,
              29.012380476091955
            ],
            [
              78.92799067879766,
              29.011967195153684
            ],
            [
              78.92769517708663,
              29.01124200517668
            ],
            [
              78.92668264640405,
              29.01186889067876
            ],
            [
              78.92590123787099,
              29.01238118390863
            ],
            [
              78.9256284608417,
              29.01251199086582
            ],
            [
              78.92534796099592,
              29.01223475766213
            ],
            [
              78.92501166678785,
              29.011874197366186
            ],
            [
              78.92479446133866,
              29.011693633146454
            ],
            [
              78.92438880461425,
              29.01149182214555
            ],
            [
              78.92403693541578,
              29.0111843170707
            ],
            [
              78.92334627918432,
              29.010360220199736
            ],
            [
              78.92293559997914,
              29.00987311772363
            ],
            [
              78.92223693167364,
              29.009108724222422
            ],
            [
              78.92177332912182,
              29.008641152610487
            ],
            [
              78.92094293276138,
              29.007846076072827
            ],
            [
              78.92040489131354,
              29.007258562325923
            ],
            [
              78.91995816810588,
              29.00657871361589
            ],
            [
              78.91951247885915,
              29.005792817128203
            ],
            [
              78.91901399023325,
              29.00499996169468
            ],
            [
              78.91844641756877,
              29.004345875345162
            ],
            [
              78.9180487289009,
              29.00496686869836
            ],
            [
              78.91747130710765,
              29.0054407200815
            ],
            [
              78.91668263839045,
              29.00591314335649
            ],
            [
              78.9162270020986,
              29.00625508286844
            ],
            [
              78.91560559429742,
              29.00658261036164
            ],
            [
              78.91483470234141,
              29.006749904746204
            ],
            [
              78.91410288979522,
              29.006764932331954
            ],
            [
              78.91303362421418,
              29.006545305300047
            ],
            [
              78.9120873146394,
              29.00607442869383
            ],
            [
              78.9115172204039,
              29.005699049354696
            ],
            [
              78.91033270097194,
              29.00486823466221
            ],
            [
              78.90879597726992,
              29.003776337925764
            ],
            [
              78.90761057120075,
              29.003038348610776
            ],
            [
              78.90711550964768,
              29.002729827657085
            ],
            [
              78.9058846389437,
              29.002018097355723
            ],
            [
              78.90463108577879,
              29.001326183928732
            ],
            [
              78.90454165579732,
              29.001192843936632
            ],
            [
              78.90475488440472,
              29.000968714919725
            ],
            [
              78.90496752461563,
              29.000810946951912
            ],
            [
              78.90501406543218,
              29.000665245205134
            ],
            [
              78.90454287570948,
              29.000064102235058
            ],
            [
              78.904359743359,
              28.999726717291153
            ],
            [
              78.90447779366544,
              28.99941769932528
            ],
            [
              78.90476531384516,
              28.998998282930582
            ],
            [
              78.90464753213502,
              28.99832154624136
            ],
            [
              78.90456281202056,
              28.998233611780464
            ],
            [
              78.90393441891976,
              28.997642481014754
            ],
            [
              78.90356253615505,
              28.997297296332754
            ],
            [
              78.90317007208891,
              28.99694527720051
            ],
            [
              78.90261868077762,
              28.99640829189333
            ],
            [
              78.90250582632679,
              28.996248114255447
            ],
            [
              78.90299599655313,
              28.99578590432961
            ],
            [
              78.90395071795227,
              28.994856810296092
            ],
            [
              78.90404054229417,
              28.994732760220487
            ],
            [
              78.90401242502578,
              28.994504964356523
            ],
            [
              78.90391498566522,
              28.99435827470541
            ],
            [
              78.90406903056676,
              28.993963611071884
            ],
            [
              78.90434118057198,
              28.993512553849737
            ],
            [
              78.90508295363806,
              28.992278950305437
            ],
            [
              78.90582480126432,
              28.991058814766156
            ],
            [
              78.9066665622114,
              28.989856771915157
            ],
            [
              78.90717734428195,
              28.989074221379735
            ],
            [
              78.90782147406989,
              28.98826681798413
            ],
            [
              78.90850663440847,
              28.98755868991219
            ],
            [
              78.9092149101959,
              28.986947606792697
            ],
            [
              78.90960744073739,
              28.986638703858958
            ],
            [
              78.91000510425243,
              28.98638611820878
            ],
            [
              78.91051034731095,
              28.98694110836342
            ],
            [
              78.9114058140373,
              28.986429278375446
            ],
            [
              78.91224743844046,
              28.985874543213804
            ],
            [
              78.91317877309949,
              28.985313078664372
            ],
            [
              78.9140408180057,
              28.984722263785407
            ],
            [
              78.91452319444863,
              28.984449431972195
            ],
            [
              78.9155953211638,
              28.98542853480014
            ],
            [
              78.91608519314951,
              28.985848105252167
            ],
            [
              78.91685466486905,
              28.986567751306694
            ],
            [
              78.91744227265933,
              28.98612347304818
            ],
            [
              78.91892009203154,
              28.98513125870063
            ],
            [
              78.91995660773225,
              28.984459180636648
            ],
            [
              78.91974633009055,
              28.984028398176786
            ],
            [
              78.92025171328625,
              28.98356604561725
            ],
            [
              78.92123949628109,
              28.98272936217255
            ],
            [
              78.92077781163236,
              28.982508180021377
            ],
            [
              78.92106508567373,
              28.982309730348355
            ],
            [
              78.92176554342323,
              28.981903866777476
            ],
            [
              78.9229354041464,
              28.981213780164406
            ],
            [
              78.92280973612634,
              28.981015210133833
            ],
            [
              78.92259941356889,
              28.980588920076137
            ],
            [
              78.92365633360293,
              28.979745441769484
            ],
            [
              78.92376153261092,
              28.97987622401654
            ],
            [
              78.92497238166386,
              28.979012502067384
            ],
            [
              78.92575737896645,
              28.978507269328457
            ],
            [
              78.92574336884128,
              28.978493207371216
            ],
            [
              78.92486744226899,
              28.977613961897607
            ],
            [
              78.92378252713743,
              28.97645002018633
            ],
            [
              78.92268215379644,
              28.97530402334124
            ],
            [
              78.92126905714213,
              28.97379941507885
            ],
            [
              78.92029710336092,
              28.97270761069702
            ],
            [
              78.91958921474735,
              28.971974444311687
            ],
            [
              78.91892501839256,
              28.97125256929745
            ],
            [
              78.91827369759078,
              28.970501351292423
            ],
            [
              78.9178607330715,
              28.96997119265265
            ],
            [
              78.91731461397264,
              28.96919519634855
            ],
            [
              78.91671197107944,
              28.968398922095687
            ],
            [
              78.91620690319239,
              28.967555177798197
            ],
            [
              78.9159274184429,
              28.9668897862594
            ],
            [
              78.91573008013454,
              28.966188281956427
            ],
            [
              78.9156404992361,
              28.965263464837975
            ],
            [
              78.91561232717048,
              28.964825828338217
            ],
            [
              78.91542277725563,
              28.96392581568339
            ],
            [
              78.91561251312173,
              28.96385138068995
            ],
            [
              78.91659236129767,
              28.963574107392613
            ],
            [
              78.91703354100167,
              28.963389257067178
            ],
            [
              78.9171182718959,
              28.963032868103454
            ],
            [
              78.91758513173896,
              28.96272388590678
            ],
            [
              78.91789535593921,
              28.963008140067178
            ],
            [
              78.9183622481216,
              28.962766900323068
            ],
            [
              78.91857254103465,
              28.962940566681375
            ],
            [
              78.91860847005276,
              28.96292027461491
            ],
            [
              78.91951905542534,
              28.96213319669144
            ],
            [
              78.9197549916465,
              28.962354246339075
            ],
            [
              78.9208271542943,
              28.96173187865685
            ],
            [
              78.92162487174133,
              28.961251488863287
            ],
            [
              78.92249949036658,
              28.96066518332029
            ],
            [
              78.92356395624901,
              28.96034947388171
            ],
            [
              78.9241590119713,
              28.960399120640812
            ],
            [
              78.92548226002923,
              28.96091585030441
            ],
            [
              78.92560795859198,
              28.96090459269575
            ],
            [
              78.92618769444543,
              28.96016026736113
            ],
            [
              78.9262518682927,
              28.959887336198793
            ],
            [
              78.92630834806954,
              28.95925124831395
            ],
            [
              78.92645453810226,
              28.958883621074822
            ],
            [
              78.92679828742887,
              28.95847533120299
            ],
            [
              78.92729587234959,
              28.958019760071263
            ],
            [
              78.9274292910339,
              28.957742340678603
            ],
            [
              78.92747801385826,
              28.95729118919273
            ],
            [
              78.92748321869705,
              28.956822054141025
            ],
            [
              78.9273370259694,
              28.956540104882798
            ],
            [
              78.92724725732303,
              28.956458834109302
            ],
            [
              78.92693698820707,
              28.956287440255863
            ],
            [
              78.92639325862683,
              28.956138501066718
            ],
            [
              78.92614704208557,
              28.956021162748222
            ],
            [
              78.92596499759492,
              28.95581139232788
            ],
            [
              78.92588810809481,
              28.955687396042457
            ],
            [
              78.92588042210922,
              28.955479800656054
            ],
            [
              78.92603432328035,
              28.955220486819986
            ],
            [
              78.92635752993304,
              28.955028769006823
            ],
            [
              78.92651138529007,
              28.95497910631028
            ],
            [
              78.92765261221352,
              28.954879949055492
            ],
            [
              78.92864003408563,
              28.954776272832273
            ],
            [
              78.92878880587647,
              28.95469962173516
            ],
            [
              78.92940942405849,
              28.95473117762404
            ],
            [
              78.93008131268705,
              28.954510246898547
            ],
            [
              78.93175348616425,
              28.95399823526909
            ],
            [
              78.93270492871258,
              28.95371406877568
            ],
            [
              78.93374359318341,
              28.95340737522377
            ],
            [
              78.93317176160616,
              28.951970471802472
            ],
            [
              78.93243576380905,
              28.95082691975545
            ],
            [
              78.9320562902802,
              28.949845703609128
            ],
            [
              78.93148696230766,
              28.949090017093347
            ],
            [
              78.93131523766297,
              28.94888022713129
            ],
            [
              78.93130499327548,
              28.94876300085831
            ],
            [
              78.9313921909435,
              28.948670445391127
            ],
            [
              78.93150495556279,
              28.94869530733974
            ],
            [
              78.93174350857639,
              28.94893891135753
            ],
            [
              78.93192292010494,
              28.94913967632532
            ],
            [
              78.93211532037417,
              28.94957502406952
            ],
            [
              78.93230504007059,
              28.949692345323587
            ],
            [
              78.93242048975426,
              28.949708147614082
            ],
            [
              78.93273328942442,
              28.94960884224845
            ],
            [
              78.93292308278271,
              28.949414936637467
            ],
            [
              78.93303851360177,
              28.949238961702882
            ],
            [
              78.93300002079184,
              28.94898862568696
            ],
            [
              78.93287699202209,
              28.948787869859313
            ],
            [
              78.93258975032009,
              28.948485548021285
            ],
            [
              78.93247692641201,
              28.9482013459646
            ],
            [
              78.93253337384952,
              28.947673509194498
            ],
            [
              78.9326384848226,
              28.94749764764172
            ],
            [
              78.93298980155716,
              28.94717281012501
            ],
            [
              78.93318990757491,
              28.94684577211558
            ],
            [
              78.93325653472122,
              28.94666076300843
            ],
            [
              78.93334381233929,
              28.945880387162905
            ],
            [
              78.93346686177027,
              28.944975849328333
            ],
            [
              78.93363869241612,
              28.944506714304524
            ],
            [
              78.93367714839512,
              28.944373585647664
            ],
            [
              78.93384904282136,
              28.944139038655635
            ],
            [
              78.93404904373621,
              28.943981133710476
            ],
            [
              78.93457220189643,
              28.943814285726873
            ],
            [
              78.93482859365494,
              28.943703690863096
            ],
            [
              78.93499010804807,
              28.94353681963543
            ],
            [
              78.93510557390145,
              28.943234517847877
            ],
            [
              78.93521065702676,
              28.943024826869916
            ],
            [
              78.93538246072313,
              28.94284885680246
            ],
            [
              78.9355646228931,
              28.94260750091718
            ],
            [
              78.93564922802318,
              28.942354862047008
            ],
            [
              78.93558258470722,
              28.94215411380279
            ],
            [
              78.93535429135248,
              28.941845125911
            ],
            [
              78.93511580930578,
              28.94150902667605
            ],
            [
              78.93496452043554,
              28.94127443860942
            ],
            [
              78.93470810801577,
              28.94102402517338
            ],
            [
              78.93450815381331,
              28.94092258813823
            ],
            [
              78.93423123195731,
              28.940863910376752
            ],
            [
              78.93398506392508,
              28.940755655829683
            ],
            [
              78.93385934919263,
              28.94061355097803
            ],
            [
              78.93384147810838,
              28.940437604330118
            ],
            [
              78.9338875652757,
              28.940277390360134
            ],
            [
              78.93397478719821,
              28.94016915485368
            ],
            [
              78.93421322612575,
              28.940060916089678
            ],
            [
              78.9343927382656,
              28.94004285767938
            ],
            [
              78.934669641257,
              28.940042866326948
            ],
            [
              78.93504915071846,
              28.940036129896832
            ],
            [
              78.93522097597442,
              28.940027096366105
            ],
            [
              78.93534664399446,
              28.939968435392657
            ],
            [
              78.93539280302703,
              28.939860201135797
            ],
            [
              78.935326111202,
              28.939677419273593
            ],
            [
              78.9352210442464,
              28.939618784044875
            ],
            [
              78.93497482860342,
              28.939467720310674
            ],
            [
              78.93471583532384,
              28.93940907002654
            ],
            [
              78.93432606800019,
              28.9394090448699
            ],
            [
              78.93398248037032,
              28.939492473621474
            ],
            [
              78.93355428132215,
              28.93965940324817
            ],
            [
              78.93336452928634,
              28.93966840693751
            ],
            [
              78.93322090304548,
              28.939609788998826
            ],
            [
              78.93311581632689,
              28.939517233215508
            ],
            [
              78.93310810788344,
              28.939359410847086
            ],
            [
              78.9331645517277,
              28.939097692710508
            ],
            [
              78.93323124085775,
              28.93885639490999
            ],
            [
              78.93323118156894,
              28.938730067834264
            ],
            [
              78.93318248569405,
              28.938587924827935
            ],
            [
              78.93301325297595,
              28.938477431302243
            ],
            [
              78.93268760200736,
              28.938378179635684
            ],
            [
              78.93235424618861,
              28.93838714412877
            ],
            [
              78.93193631129085,
              28.938269858027198
            ],
            [
              78.93186968055129,
              28.938177374159363
            ],
            [
              78.93187736114696,
              28.938060083103423
            ],
            [
              78.93194405836186,
              28.93792705072212
            ],
            [
              78.93224914509699,
              28.937775898044418
            ],
            [
              78.93272612625833,
              28.937498462952465
            ],
            [
              78.93273632842502,
              28.937415015300008
            ],
            [
              78.93255427764619,
              28.937038308210354
            ],
            [
              78.93223899143935,
              28.936643568264458
            ],
            [
              78.93198257901958,
              28.93620145780296
            ],
            [
              78.93194923804779,
              28.93607967626834
            ],
            [
              78.93195433508873,
              28.935899205370063
            ],
            [
              78.93214412844702,
              28.93530376324994
            ],
            [
              78.93237240114048,
              28.9348503976389
            ],
            [
              78.93264928257231,
              28.934439892699782
            ],
            [
              78.93287752921462,
              28.93401356966005
            ],
            [
              78.93282107009901,
              28.933853406294617
            ],
            [
              78.93261089396695,
              28.93358495863053
            ],
            [
              78.93250580455344,
              28.933384225630462
            ],
            [
              78.93247752199503,
              28.93318345529065
            ],
            [
              78.93256213431164,
              28.933075199796054
            ],
            [
              78.932754512123,
              28.933050445738644
            ],
            [
              78.93309549014697,
              28.933183536268412
            ],
            [
              78.9333518648375,
              28.933242172779646
            ],
            [
              78.93375193044758,
              28.933242176710614
            ],
            [
              78.93399037296838,
              28.933192517720787
            ],
            [
              78.9341621649867,
              28.933016637878705
            ],
            [
              78.93426729033284,
              28.93284966531799
            ],
            [
              78.93426726068843,
              28.932513585651826
            ],
            [
              78.93419040712091,
              28.93233770229906
            ],
            [
              78.93401093360862,
              28.93217076009262
            ],
            [
              78.933744227394,
              28.932053476390358
            ],
            [
              78.93342891783097,
              28.932001597386908
            ],
            [
              78.93318268691667,
              28.93206018818095
            ],
            [
              78.9327724326146,
              28.9322880177176
            ],
            [
              78.93253396673761,
              28.93249773907041
            ],
            [
              78.93239036025965,
              28.932522542790217
            ],
            [
              78.93225711495018,
              28.932421087999053
            ],
            [
              78.93198279281862,
              28.932220325228027
            ],
            [
              78.9317725376348,
              28.9321188158933
            ],
            [
              78.9315443403998,
              28.93215268065246
            ],
            [
              78.93142894461502,
              28.932229283964123
            ],
            [
              78.93141090644413,
              28.932581193826866
            ],
            [
              78.93148783906335,
              28.933025594187367
            ],
            [
              78.93146728830462,
              28.93312483289771
            ],
            [
              78.93126727840661,
              28.93317666888462
            ],
            [
              78.93104940371255,
              28.93312479516051
            ],
            [
              78.93046737086692,
              28.932824802711885
            ],
            [
              78.93025962737264,
              28.932806731247716
            ],
            [
              78.93022116241048,
              28.93285634560926
            ],
            [
              78.9301724629423,
              28.933041293670076
            ],
            [
              78.93030578820182,
              28.933242033623802
            ],
            [
              78.9304288906334,
              28.933359374159263
            ],
            [
              78.93068781833597,
              28.933569110640452
            ],
            [
              78.93077241088965,
              28.933729279948544
            ],
            [
              78.93072626443347,
              28.933896186625013
            ],
            [
              78.93048773387775,
              28.934148806808604
            ],
            [
              78.93025954562593,
              28.93437436125911
            ],
            [
              78.93000052360028,
              28.934827702222428
            ],
            [
              78.92986722618852,
              28.934913442882245
            ],
            [
              78.92971598762392,
              28.93490436566524
            ],
            [
              78.92961846292343,
              28.93482991688899
            ],
            [
              78.92952361071087,
              28.934626958264147
            ],
            [
              78.9294570266837,
              28.934191611388773
            ],
            [
              78.92936218255603,
              28.93399983736054
            ],
            [
              78.92927757562931,
              28.933781087330406
            ],
            [
              78.92914426204786,
              28.93366376928566
            ],
            [
              78.9289827458581,
              28.933614102635982
            ],
            [
              78.92877244036862,
              28.933530647924982
            ],
            [
              78.9285442763713,
              28.933487777818144
            ],
            [
              78.92805705711065,
              28.933503587297327
            ],
            [
              78.92749558310861,
              28.933562167808095
            ],
            [
              78.92708786025904,
              28.933688424136946
            ],
            [
              78.9268313777707,
              28.933799007676832
            ],
            [
              78.92641089884405,
              28.933965878862583
            ],
            [
              78.92543134441723,
              28.934635684868955
            ],
            [
              78.92463131829993,
              28.935163403309666
            ],
            [
              78.92397481332063,
              28.935591971647735
            ],
            [
              78.92382097772652,
              28.935449851853267
            ],
            [
              78.92324144489235,
              28.935810637666226
            ],
            [
              78.92297473957606,
              28.936029413287194
            ],
            [
              78.92286967262042,
              28.935767802307893
            ],
            [
              78.92283121664144,
              28.935576036699338
            ],
            [
              78.92287994575403,
              28.935197109838786
            ],
            [
              78.92285183567216,
              28.934870011229552
            ],
            [
              78.92275437026045,
              28.934669231188963
            ],
            [
              78.9226313468806,
              28.934459478065566
            ],
            [
              78.92243136393203,
              28.934267727332255
            ],
            [
              78.922251945217,
              28.934024132059044
            ],
            [
              78.9221929950731,
              28.93378052363429
            ],
            [
              78.92217509164948,
              28.933514365164054
            ],
            [
              78.92229818509792,
              28.93302033534364
            ],
            [
              78.92231878526403,
              28.932844459140313
            ],
            [
              78.92223161993536,
              28.932609827873428
            ],
            [
              78.92187017379764,
              28.932183493375327
            ],
            [
              78.92169068860727,
              28.931924037100153
            ],
            [
              78.92159584717452,
              28.93167367811763
            ],
            [
              78.92165237007049,
              28.931405268049424
            ],
            [
              78.92174726001228,
              28.931170669690307
            ],
            [
              78.92198574565221,
              28.93085269727117
            ],
            [
              78.92223447298471,
              28.930627107639747
            ],
            [
              78.9223011693013,
              28.93048280323012
            ],
            [
              78.92229088987949,
              28.930358697220253
            ],
            [
              78.92221660729034,
              28.930164764231343
            ],
            [
              78.92188337004916,
              28.929778953910002
            ],
            [
              78.92176792575538,
              28.929621046738415
            ],
            [
              78.92171161755675,
              28.9291338738764
            ],
            [
              78.92172956679444,
              28.92895119417518
            ],
            [
              78.92167320559518,
              28.928709801991218
            ],
            [
              78.92144504159788,
              28.928416555965466
            ],
            [
              78.92135788525236,
              28.928265438950355
            ],
            [
              78.92129131380162,
              28.92798794773812
            ],
            [
              78.92131187893341,
              28.92755262880165
            ],
            [
              78.92138887623136,
              28.92711053931753
            ],
            [
              78.92140685331682,
              28.926900815714315
            ],
            [
              78.92131201637564,
              28.926614333324245
            ],
            [
              78.92108388920923,
              28.926221802338965
            ],
            [
              78.92102756843418,
              28.926012035266925
            ],
            [
              78.92095072744308,
              28.925585684641582
            ],
            [
              78.92095073103637,
              28.925166177376724
            ],
            [
              78.92107645475195,
              28.924956353131172
            ],
            [
              78.92139943323258,
              28.924974481001588
            ],
            [
              78.92173273335581,
              28.925039888652908
            ],
            [
              78.92201727921362,
              28.92509185762809
            ],
            [
              78.92219164041364,
              28.924992645822805
            ],
            [
              78.92238653979601,
              28.924568582158436
            ],
            [
              78.92253274240514,
              28.924160325304964
            ],
            [
              78.92275845579837,
              28.923727300338957
            ],
            [
              78.92289183226185,
              28.923535586364615
            ],
            [
              78.92297647422286,
              28.92343631881786
            ],
            [
              78.92324307443626,
              28.92322652330866
            ],
            [
              78.92347380492038,
              28.923091293926625
            ],
            [
              78.92363278606439,
              28.923034880745146
            ],
            [
              78.92375563606939,
              28.922972006760475
            ],
            [
              78.92377387725955,
              28.922962672174002
            ],
            [
              78.92379691724996,
              28.922649202717672
            ],
            [
              78.923581641382,
              28.922396564732168
            ],
            [
              78.92319969479118,
              28.922197994339278
            ],
            [
              78.92275865881761,
              28.922096478336194
            ],
            [
              78.92221264661823,
              28.922060260113337
            ],
            [
              78.92178190713447,
              28.921961010024887
            ],
            [
              78.92162813532074,
              28.921861789719973
            ],
            [
              78.92143331319352,
              28.921654208332033
            ],
            [
              78.92139224042208,
              28.921428682817318
            ],
            [
              78.92145378130728,
              28.92131358461964
            ],
            [
              78.92149434293728,
              28.921287335390918
            ],
            [
              78.92182306344921,
              28.921074595620176
            ],
            [
              78.92228452082414,
              28.920876105255825
            ],
            [
              78.92260506936192,
              28.920776865828277
            ],
            [
              78.92291269473601,
              28.920749872637256
            ],
            [
              78.92331263907356,
              28.92083112817542
            ],
            [
              78.92384840508876,
              28.9211108566466
            ],
            [
              78.92428940602805,
              28.92119211032938
            ],
            [
              78.92446631395191,
              28.92114700207679
            ],
            [
              78.92464064191427,
              28.920966561793705
            ],
            [
              78.92463045861221,
              28.92079515011397
            ],
            [
              78.92449713065774,
              28.920513175939845
            ],
            [
              78.92425870071332,
              28.920107189653212
            ],
            [
              78.92385886597027,
              28.91980939889823
            ],
            [
              78.92327181333883,
              28.91952061587274
            ],
            [
              78.92285134159876,
              28.91935588925461
            ],
            [
              78.92257193410434,
              28.91926563339014
            ],
            [
              78.9223667966227,
              28.91913031470893
            ],
            [
              78.92197720357217,
              28.91891372000317
            ],
            [
              78.92176180463503,
              28.91876027112285
            ],
            [
              78.92151318959195,
              28.91849631112275
            ],
            [
              78.92119537013599,
              28.91819860538103
            ],
            [
              78.92084418275881,
              28.917927810155124
            ],
            [
              78.92037251333576,
              28.91760073883383
            ],
            [
              78.92022899129942,
              28.917366087222234
            ],
            [
              78.92027005688433,
              28.91711351971538
            ],
            [
              78.92041364719262,
              28.916813512389925
            ],
            [
              78.92073156995481,
              28.916344434678933
            ],
            [
              78.92070094459014,
              28.916008324313342
            ],
            [
              78.92083433542669,
              28.91550307434553
            ],
            [
              78.92097016069764,
              28.91518504365559
            ],
            [
              78.92097023076623,
              28.914733901093655
            ],
            [
              78.92099081835592,
              28.91449934521961
            ],
            [
              78.92104210766706,
              28.914352733276637
            ],
            [
              78.92118574468772,
              28.91422645182886
            ],
            [
              78.9214318561261,
              28.914118188335745
            ],
            [
              78.92195739122859,
              28.914000985650407
            ],
            [
              78.92244955571486,
              28.913946815662918
            ],
            [
              78.9227290063284,
              28.913874711637746
            ],
            [
              78.92291368917103,
              28.91370103301578
            ],
            [
              78.92303674668685,
              28.913484493024725
            ],
            [
              78.92303675117844,
              28.913304073223163
            ],
            [
              78.92290346724143,
              28.913006325056333
            ],
            [
              78.92281120936342,
              28.912843893658156
            ],
            [
              78.922636918232,
              28.91262507933363
            ],
            [
              78.9225651608071,
              28.912417588760942
            ],
            [
              78.92250111721556,
              28.91206566629356
            ],
            [
              78.9224703813581,
              28.911801793841658
            ],
            [
              78.9223884388345,
              28.91160321967731
            ],
            [
              78.92226542084455,
              28.911359630131876
            ],
            [
              78.92202961487911,
              28.911134074368423
            ],
            [
              78.92175017235044,
              28.910906207787434
            ],
            [
              78.92158618040375,
              28.91072578192905
            ],
            [
              78.92154513458176,
              28.910581387700987
            ],
            [
              78.92148366556182,
              28.9104370396674
            ],
            [
              78.92146322170257,
              28.910164068749015
            ],
            [
              78.92153502314494,
              28.90976712923597
            ],
            [
              78.92162731965048,
              28.90950545985427
            ],
            [
              78.92181197374701,
              28.909250554193818
            ],
            [
              78.92196576442534,
              28.909070157697474
            ],
            [
              78.92218373344252,
              28.908961887250392
            ],
            [
              78.92247080356627,
              28.90893484773395
            ],
            [
              78.922901497236,
              28.909034189711218
            ],
            [
              78.92323209163361,
              28.90910636236984
            ],
            [
              78.92335519316688,
              28.909124425382654
            ],
            [
              78.92350900360815,
              28.90909740635423
            ],
            [
              78.92360126687603,
              28.90897105088081
            ],
            [
              78.92378846589976,
              28.90843425013457
            ],
            [
              78.92331420124384,
              28.90840942728423
            ],
            [
              78.92265555737582,
              28.907732630759817
            ],
            [
              78.92223515660264,
              28.907396552256852
            ],
            [
              78.92197888072683,
              28.90733331098592
            ],
            [
              78.92166868257775,
              28.907396406775227
            ],
            [
              78.92125848756449,
              28.90746854518575
            ],
            [
              78.9208764547354,
              28.90775274175674
            ],
            [
              78.92082779658973,
              28.907477562680146
            ],
            [
              78.92063049690893,
              28.907270049230295
            ],
            [
              78.92061006113455,
              28.906852683144447
            ],
            [
              78.92050760558142,
              28.90654596966304
            ],
            [
              78.9204152749399,
              28.906392519787726
            ],
            [
              78.9202512416707,
              28.90615790887995
            ],
            [
              78.92005396444779,
              28.90598422363055
            ],
            [
              78.91994116659082,
              28.905740606737485
            ],
            [
              78.91986941725078,
              28.90553311183316
            ],
            [
              78.91985927167796,
              28.905142858699396
            ],
            [
              78.91989007221412,
              28.904872156789857
            ],
            [
              78.91985934893307,
              28.90461955807799
            ],
            [
              78.91967482239731,
              28.904202274914237
            ],
            [
              78.91951090411244,
              28.903703719608647
            ],
            [
              78.91932378234382,
              28.903297695057457
            ],
            [
              78.91901627644566,
              28.902873622121287
            ],
            [
              78.91879846014209,
              28.90270217897085
            ],
            [
              78.91853187879333,
              28.90255552597769
            ],
            [
              78.9179577466306,
              28.902492240862284
            ],
            [
              78.91772960688779,
              28.90250124306061
            ],
            [
              78.9174629761317,
              28.90245607634902
            ],
            [
              78.91713493115289,
              28.902356771327344
            ],
            [
              78.91698116023747,
              28.902284589255405
            ],
            [
              78.91675298366373,
              28.902095102918626
            ],
            [
              78.91660956044211,
              28.901840180626664
            ],
            [
              78.91661981111783,
              28.901632689719914
            ],
            [
              78.91665064578993,
              28.901334940302778
            ],
            [
              78.91680452360485,
              28.90091764786395
            ],
            [
              78.916958339436,
              28.90071011736377
            ],
            [
              78.91719680710965,
              28.900448518728737
            ],
            [
              78.91750439116122,
              28.900193711931532
            ],
            [
              78.91788375779055,
              28.9000223603001
            ],
            [
              78.91809911001529,
              28.89991407412111
            ],
            [
              78.91831446942658,
              28.899697606021324
            ],
            [
              78.9184401248702,
              28.89948108163238
            ],
            [
              78.91850172234923,
              28.898964518300122
            ],
            [
              78.91855310418684,
              28.898484094713243
            ],
            [
              78.9186454420149,
              28.89790667810226
            ],
            [
              78.91860448961772,
              28.897525472847658
            ],
            [
              78.91834823170821,
              28.897092295799485
            ],
            [
              78.91823556680191,
              28.896882505209817
            ],
            [
              78.91812279858935,
              28.896756233958193
            ],
            [
              78.91771268442447,
              28.896632078940247
            ],
            [
              78.91805107440213,
              28.896296065943286
            ],
            [
              78.91820495760692,
              28.896032150243933
            ],
            [
              78.91850227301649,
              28.89580660835231
            ],
            [
              78.91871756235918,
              28.895752502794945
            ],
            [
              78.91916105612336,
              28.89568041129369
            ],
            [
              78.91974542369042,
              28.89565345561542
            ],
            [
              78.92028118880734,
              28.895680538702774
            ],
            [
              78.92060927780362,
              28.895617474327697
            ],
            [
              78.92082706715772,
              28.895527262302952
            ],
            [
              78.92112450204324,
              28.895263392624265
            ],
            [
              78.92153470244638,
              28.894622835705256
            ],
            [
              78.92190645315871,
              28.893634915200717
            ],
            [
              78.92196805423102,
              28.893463429262983
            ],
            [
              78.92225512165983,
              28.893192793629996
            ],
            [
              78.92255500086122,
              28.892958277150285
            ],
            [
              78.92284214464686,
              28.892414709109456
            ],
            [
              78.92299604671629,
              28.89179891582579
            ],
            [
              78.9232626675909,
              28.89137485175207
            ],
            [
              78.92347797310327,
              28.891293695053186
            ],
            [
              78.92383930605327,
              28.891275677700595
            ],
            [
              78.92441341485977,
              28.891384050755228
            ],
            [
              78.92486710540074,
              28.891575776167848
            ],
            [
              78.92489783317336,
              28.891239697255177
            ],
            [
              78.92516443787834,
              28.89094874966752
            ],
            [
              78.92545151788357,
              28.890759339378384
            ],
            [
              78.92566940066249,
              28.890741272382716
            ],
            [
              78.92616147082565,
              28.890903729725856
            ],
            [
              78.92645882037122,
              28.891068456685087
            ],
            [
              78.92701498802487,
              28.891312020714235
            ],
            [
              78.92738400516379,
              28.89150152122998
            ],
            [
              78.92788893111702,
              28.891828626059212
            ],
            [
              78.92801191227606,
              28.89195495993271
            ],
            [
              78.92826814682938,
              28.89234521782272
            ],
            [
              78.92835016570976,
              28.892642995386296
            ],
            [
              78.92851413070697,
              28.893114413107675
            ],
            [
              78.92864740296594,
              28.893303890671437
            ],
            [
              78.92887556067502,
              28.893423502167455
            ],
            [
              78.92923439990182,
              28.8934414869011
            ],
            [
              78.93003658916233,
              28.893450606285374
            ],
            [
              78.93060050209033,
              28.893486734611688
            ],
            [
              78.93110539839915,
              28.8935047751754
            ],
            [
              78.93173082526287,
              28.893486761352417
            ],
            [
              78.93193592232035,
              28.893441647345664
            ],
            [
              78.93228706657841,
              28.89325219284168
            ],
            [
              78.93256379799156,
              28.89298156295005
            ],
            [
              78.93263560662044,
              28.89269957374255
            ],
            [
              78.9326459255681,
              28.892311558713608
            ],
            [
              78.93263561201032,
              28.891984556864884
            ],
            [
              78.93255363804569,
              28.891740966099242
            ],
            [
              78.93229732444063,
              28.891407099382533
            ],
            [
              78.93186419094658,
              28.89108901135716
            ],
            [
              78.9313516373983,
              28.89080028210006
            ],
            [
              78.93106206636477,
              28.890554385640886
            ],
            [
              78.93090823975383,
              28.89028372669467
            ],
            [
              78.93086729094995,
              28.890067177164493
            ],
            [
              78.93091850031101,
              28.88962506714286
            ],
            [
              78.93110310140695,
              28.889261959296896
            ],
            [
              78.93127734672431,
              28.889036394045682
            ],
            [
              78.93158750624583,
              28.888790558691134
            ],
            [
              78.93185405166199,
              28.888637120319157
            ],
            [
              78.9320693724457,
              28.88852890484963
            ],
            [
              78.9323692803932,
              28.888420612187232
            ],
            [
              78.93277930472654,
              28.88842068612116
            ],
            [
              78.93319967405867,
              28.888501874167254
            ],
            [
              78.93348925587198,
              28.888601076037045
            ],
            [
              78.9338583592492,
              28.888792856139627
            ],
            [
              78.93436060642622,
              28.889189876659596
            ],
            [
              78.93459903637063,
              28.889507946120805
            ],
            [
              78.9347117938034,
              28.88973349776329
            ],
            [
              78.93466050718719,
              28.890259037930154
            ],
            [
              78.93457852603603,
              28.890586068808762
            ],
            [
              78.93486549734513,
              28.89089290810559
            ],
            [
              78.93524743495279,
              28.8912289818487
            ],
            [
              78.93564723017002,
              28.891499621814244
            ],
            [
              78.9358625159194,
              28.891589890821322
            ],
            [
              78.93623419117327,
              28.8916169309244
            ],
            [
              78.93680831974271,
              28.89151769418349
            ],
            [
              78.93737472908892,
              28.89131012916008
            ],
            [
              78.93776434369902,
              28.8910304288794
            ],
            [
              78.93807191158092,
              28.890660518670213
            ],
            [
              78.93830002976419,
              28.890225172077194
            ],
            [
              78.93823594215519,
              28.889765059270935
            ],
            [
              78.93808211823918,
              28.88945599078096
            ],
            [
              78.93756700000074,
              28.88886957484565
            ],
            [
              78.93733115810271,
              28.888443251689893
            ],
            [
              78.93738236297219,
              28.887998938750872
            ],
            [
              78.93745416531286,
              28.88772822201881
            ],
            [
              78.9374336262322,
              28.88754774800021
            ],
            [
              78.93716708261267,
              28.887349323276386
            ],
            [
              78.93690821509723,
              28.8873492548475
            ],
            [
              78.93646748544919,
              28.887601935700552
            ],
            [
              78.93625216017388,
              28.887662849834072
            ],
            [
              78.93604714935469,
              28.887662771966983
            ],
            [
              78.9359266502408,
              28.887610905369126
            ],
            [
              78.93578570996264,
              28.887525255384876
            ],
            [
              78.93569597185899,
              28.887360548760395
            ],
            [
              78.93569603384276,
              28.88707404527221
            ],
            [
              78.93579593638383,
              28.886758316188153
            ],
            [
              78.93582669469914,
              28.88654856999993
            ],
            [
              78.93585741798017,
              28.886379347050408
            ],
            [
              78.93586259586948,
              28.886237274659297
            ],
            [
              78.93581905812091,
              28.88615153938145
            ],
            [
              78.935683164578,
              28.88603649171746
            ],
            [
              78.93557553293223,
              28.886002680332385
            ],
            [
              78.93536026335249,
              28.885984654196207
            ],
            [
              78.93506039223591,
              28.886040970327045
            ],
            [
              78.93483491959117,
              28.886131244079536
            ],
            [
              78.93442736562488,
              28.886426680612406
            ],
            [
              78.93406346798474,
              28.886708654607556
            ],
            [
              78.93390706770052,
              28.886810113996045
            ],
            [
              78.93369687360213,
              28.886880043158673
            ],
            [
              78.93355846836968,
              28.886875545708232
            ],
            [
              78.93337147595847,
              28.886803340286725
            ],
            [
              78.93318434341005,
              28.88667483872209
            ],
            [
              78.93296395343319,
              28.88640410202074
            ],
            [
              78.93277941881256,
              28.886264250086292
            ],
            [
              78.93253596998066,
              28.88613115598611
            ],
            [
              78.93232830014824,
              28.88604093335926
            ],
            [
              78.93210536704082,
              28.885896606252828
            ],
            [
              78.93199264733727,
              28.885752190065617
            ],
            [
              78.9319438939702,
              28.8856191102537
            ],
            [
              78.93194395685225,
              28.88541832690323
            ],
            [
              78.93196449144133,
              28.885138651653293
            ],
            [
              78.93200292675908,
              28.884836450990182
            ],
            [
              78.93206186522485,
              28.884669524363687
            ],
            [
              78.93221816399947,
              28.884507098168335
            ],
            [
              78.9323488967211,
              28.884374022266858
            ],
            [
              78.93266927817221,
              28.884173265612112
            ],
            [
              78.9328307539378,
              28.884062765242234
            ],
            [
              78.93288715286627,
              28.883900405742597
            ],
            [
              78.93285380111473,
              28.883708659866013
            ],
            [
              78.93281535591552,
              28.88360040307864
            ],
            [
              78.93280512590107,
              28.883336473986528
            ],
            [
              78.93282569103286,
              28.88317405829158
            ],
            [
              78.9329358667075,
              28.88302067611998
            ],
            [
              78.9331254768095,
              28.882860486719345
            ],
            [
              78.93328697593127,
              28.882759062014426
            ],
            [
              78.93348944272158,
              28.882702651288295
            ],
            [
              78.93371757078627,
              28.882702611172977
            ],
            [
              78.93384573432618,
              28.88275902425889
            ],
            [
              78.93404815709904,
              28.88292594923655
            ],
            [
              78.93418909288567,
              28.883144723135974
            ],
            [
              78.93431214231664,
              28.883250792947063
            ],
            [
              78.9344120277897,
              28.883264293634383
            ],
            [
              78.93454021109254,
              28.88322141376521
            ],
            [
              78.93467087823713,
              28.88305908913259
            ],
            [
              78.9348221437512,
              28.882790642159854
            ],
            [
              78.93490408896973,
              28.882576376163495
            ],
            [
              78.93497336884109,
              28.88233277984626
            ],
            [
              78.93503231808666,
              28.88218840511155
            ],
            [
              78.93503232078162,
              28.881872559705833
            ],
            [
              78.93499385761609,
              28.881547748654235
            ],
            [
              78.93484269900154,
              28.881112445663664
            ],
            [
              78.93471707679556,
              28.88089368085572
            ],
            [
              78.93458124703304,
              28.88073572523414
            ],
            [
              78.9342174005969,
              28.88039518036862
            ],
            [
              78.93380479091215,
              28.88005678414877
            ],
            [
              78.93343573155242,
              28.87976580129716
            ],
            [
              78.93301290981952,
              28.87941615072773
            ],
            [
              78.9328719075576,
              28.879278604348027
            ],
            [
              78.93279507375301,
              28.879177058155438
            ],
            [
              78.93275660879087,
              28.87903496804627
            ],
            [
              78.93272332890453,
              28.87891995969544
            ],
            [
              78.93275665729992,
              28.87871463019356
            ],
            [
              78.93285403826997,
              28.87859508277561
            ],
            [
              78.93320000643534,
              28.87836057108645
            ],
            [
              78.9334357594002,
              28.878308689617306
            ],
            [
              78.93379965973527,
              28.878326698993696
            ],
            [
              78.93406360991854,
              28.87838759260921
            ],
            [
              78.93439168723674,
              28.87855003702679
            ],
            [
              78.93479141957185,
              28.878822977026314
            ],
            [
              78.9351604618636,
              28.87915227865116
            ],
            [
              78.9355884623841,
              28.879542575215055
            ],
            [
              78.93600107656039,
              28.879880876358783
            ],
            [
              78.93620094721956,
              28.880065843354103
            ],
            [
              78.93656488887713,
              28.880577830726388
            ],
            [
              78.93707487324372,
              28.88027563881766
            ],
            [
              78.93730805163696,
              28.88017184315614
            ],
            [
              78.93751310288032,
              28.87997113580065
            ],
            [
              78.93781039673037,
              28.879544768250568
            ],
            [
              78.9379077121234,
              28.87933500120175
            ],
            [
              78.93788722155178,
              28.879100433761046
            ],
            [
              78.93777187876759,
              28.87877566202396
            ],
            [
              78.93758994476973,
              28.878527462229044
            ],
            [
              78.93741571382543,
              28.87836512790114
            ],
            [
              78.9371286392101,
              28.87796357838992
            ],
            [
              78.93694409470801,
              28.877704175299822
            ],
            [
              78.93688002955692,
              28.877510208387612
            ],
            [
              78.93690310188666,
              28.877151604826864
            ],
            [
              78.9370210650565,
              28.87697562368168
            ],
            [
              78.93722856690398,
              28.876707178292726
            ],
            [
              78.93771036213695,
              28.876118468947354
            ],
            [
              78.93794358364933,
              28.87587485591272
            ],
            [
              78.9380691169221,
              28.875653815374093
            ],
            [
              78.93826386269251,
              28.875353836090635
            ],
            [
              78.93836130205308,
              28.875177900671382
            ],
            [
              78.93842530611875,
              28.87501402796298
            ],
            [
              78.93857394585723,
              28.874587677826526
            ],
            [
              78.93859960982657,
              28.874339570289038
            ],
            [
              78.93790511419559,
              28.87379825134936
            ],
            [
              78.93749249193445,
              28.873426029175018
            ],
            [
              78.93729780635113,
              28.873317742792107
            ],
            [
              78.93705688268352,
              28.87331779471069
            ],
            [
              78.9365341718843,
              28.873735058835702
            ],
            [
              78.9362675932305,
              28.873969648616995
            ],
            [
              78.93566286534752,
              28.87442753127265
            ],
            [
              78.93529892009667,
              28.874610218868416
            ],
            [
              78.93499395643077,
              28.87480200985875
            ],
            [
              78.93480177714709,
              28.874802016151865
            ],
            [
              78.9345941980445,
              28.874727562788593
            ],
            [
              78.9344250740226,
              28.874650799024494
            ],
            [
              78.93413550658231,
              28.874395917119326
            ],
            [
              78.93359992202677,
              28.873958323355684
            ],
            [
              78.9331515324443,
              28.87343503310687
            ],
            [
              78.93304392325639,
              28.873157614733664
            ],
            [
              78.93300800232313,
              28.872719953609483
            ],
            [
              78.93310281411146,
              28.87230498400795
            ],
            [
              78.93327458636686,
              28.871964332054283
            ],
            [
              78.9335102620766,
              28.871713954252765
            ],
            [
              78.93382547013,
              28.871553864629046
            ],
            [
              78.93399459774517,
              28.871447812767812
            ],
            [
              78.93433542575048,
              28.871384710863836
            ],
            [
              78.93470598260181,
              28.87131285968462
            ],
            [
              78.93494023987174,
              28.87126743632791
            ],
            [
              78.93536557509077,
              28.871127513667794
            ],
            [
              78.93599600736728,
              28.87091331329535
            ],
            [
              78.93620102537298,
              28.870775681712118
            ],
            [
              78.93652899399501,
              28.870486947906024
            ],
            [
              78.93683139566572,
              28.87025241162213
            ],
            [
              78.93697746891743,
              28.86994330709701
            ],
            [
              78.9370210291239,
              28.86975839366715
            ],
            [
              78.93692366791677,
              28.86932985782181
            ],
            [
              78.93663151063353,
              28.868989237022475
            ],
            [
              78.93635218129258,
              28.868732041764396
            ],
            [
              78.9362189539494,
              28.868465914669645
            ],
            [
              78.93628043913904,
              28.86823133606373
            ],
            [
              78.9365828066738,
              28.86789072031744
            ],
            [
              78.93684929459775,
              28.867665113377516
            ],
            [
              78.93726704623919,
              28.867265942375724
            ],
            [
              78.93756932573902,
              28.867020032683776
            ],
            [
              78.93780000412085,
              28.86682829262579
            ],
            [
              78.9379691182613,
              28.86662532527728
            ],
            [
              78.93795890621313,
              28.866370374911707
            ],
            [
              78.93787431276115,
              28.865910290964784
            ],
            [
              78.93785376559563,
              28.86580425930549
            ],
            [
              78.93779744212566,
              28.865716234379963
            ],
            [
              78.93773594076634,
              28.865673467633634
            ],
            [
              78.93748988771847,
              28.865702732985646
            ],
            [
              78.93684930358093,
              28.865804286053354
            ],
            [
              78.93589094220825,
              28.865930587070444
            ],
            [
              78.93508129872752,
              28.865912551157678
            ],
            [
              78.93426645759456,
              28.865747873988273
            ],
            [
              78.93354639501224,
              28.8653170220649
            ],
            [
              78.9332158922428,
              28.864920025162043
            ],
            [
              78.93317235359595,
              28.86455684669222
            ],
            [
              78.93325686440292,
              28.864261359765308
            ],
            [
              78.93350026472581,
              28.863898167193394
            ],
            [
              78.93382319829064,
              28.86363654033885
            ],
            [
              78.93432025320534,
              28.863280170390727
            ],
            [
              78.93501464014017,
              28.862939594276035
            ],
            [
              78.93645725812969,
              28.863338844830682
            ],
            [
              78.9370235336269,
              28.86349672777293
            ],
            [
              78.9375257969736,
              28.863808030677944
            ],
            [
              78.93797929168188,
              28.86417117793541
            ],
            [
              78.93815098488548,
              28.864335790732255
            ],
            [
              78.93830733396575,
              28.86435837333353
            ],
            [
              78.93849945665555,
              28.86436285602452
            ],
            [
              78.9389812680582,
              28.864423811319895
            ],
            [
              78.93951674930747,
              28.86471249667384
            ],
            [
              78.93963719991235,
              28.86475537867525
            ],
            [
              78.93980629339156,
              28.86504182099085
            ],
            [
              78.9402188348043,
              28.865298977391923
            ],
            [
              78.94050838158331,
              28.865298967951468
            ],
            [
              78.94076469878165,
              28.865201919859373
            ],
            [
              78.94099526397574,
              28.86501017408718
            ],
            [
              78.94118741271669,
              28.864841003377418
            ],
            [
              78.94139501517547,
              28.864520745278554
            ],
            [
              78.94141289344627,
              28.864024482327302
            ],
            [
              78.9414487128699,
              28.863598200390474
            ],
            [
              78.94147438222916,
              28.862957584287887
            ],
            [
              78.94148455115817,
              28.86275456768447
            ],
            [
              78.94166651120717,
              28.86235079827881
            ],
            [
              78.9418535808735,
              28.86216582177664
            ],
            [
              78.94223015913221,
              28.861974030280642
            ],
            [
              78.94254534742267,
              28.86189735386378
            ],
            [
              78.94281179941403,
              28.86177102906446
            ],
            [
              78.94312696165338,
              28.8615996423606
            ],
            [
              78.943406241587,
              28.861385290966485
            ],
            [
              78.94364708171132,
              28.86141686108693
            ],
            [
              78.94396230773103,
              28.861568021157957
            ],
            [
              78.94488473739062,
              28.862208563217383
            ],
            [
              78.94546650343662,
              28.862688975235738
            ],
            [
              78.94567915173235,
              28.8627904030118
            ],
            [
              78.94588409338127,
              28.862781391863887
            ],
            [
              78.9461019177697,
              28.862727265169063
            ],
            [
              78.9463197484463,
              28.862598689767278
            ],
            [
              78.9464170836023,
              28.86248133136467
            ],
            [
              78.94656313888771,
              28.862109133954828
            ],
            [
              78.94668347899977,
              28.86172347263785
            ],
            [
              78.94673209222971,
              28.861382815109593
            ],
            [
              78.94667314478077,
              28.860965535219364
            ],
            [
              78.94665114234449,
              28.860876334741207
            ],
            [
              78.94657578267531,
              28.860570829997563
            ],
            [
              78.94644250143324,
              28.860358802095526
            ],
            [
              78.94632721524293,
              28.860088121908458
            ],
            [
              78.94636299514069,
              28.859799364705886
            ],
            [
              78.94647318698502,
              28.85946782166679
            ],
            [
              78.9468010882334,
              28.859021177962067
            ],
            [
              78.94727245492425,
              28.85859253097337
            ],
            [
              78.9478054541284,
              28.85816621181361
            ],
            [
              78.94843051088624,
              28.85778945618651
            ],
            [
              78.9490121637445,
              28.857532245017293
            ],
            [
              78.94937338530339,
              28.857392411653446
            ],
            [
              78.94971412976541,
              28.857308920820742
            ],
            [
              78.95006513298794,
              28.857317915920923
            ],
            [
              78.9502599434371,
              28.85736072701662
            ],
            [
              78.95034445424407,
              28.85747799678793
            ],
            [
              78.95057511196461,
              28.857789223304763
            ],
            [
              78.95064691340696,
              28.858141125183245
            ],
            [
              78.95062392192557,
              28.85879075099083
            ],
            [
              78.9506598572319,
              28.859196786694998
            ],
            [
              78.95073162363994,
              28.859688507979147
            ],
            [
              78.95074452434574,
              28.859911846733123
            ],
            [
              78.95101104640571,
              28.86015765916358
            ],
            [
              78.9513133744146,
              28.860295242654715
            ],
            [
              78.95154906539568,
              28.860270380760106
            ],
            [
              78.95187706276378,
              28.860204955893984
            ],
            [
              78.9521793521451,
              28.86000192604739
            ],
            [
              78.95245868957089,
              28.859778574112294
            ],
            [
              78.95272511730778,
              28.859715311707568
            ],
            [
              78.95317353204307,
              28.85975812811008
            ],
            [
              78.95337852220102,
              28.85984161776277
            ],
            [
              78.95347590766266,
              28.859927247299147
            ],
            [
              78.95356047686013,
              28.860161872968998
            ],
            [
              78.9534887400965,
              28.860344591149506
            ],
            [
              78.95342732587378,
              28.860439359075638
            ],
            [
              78.95319673822182,
              28.8606739411057
            ],
            [
              78.95296867483577,
              28.860782197392215
            ],
            [
              78.9526048840952,
              28.860868018905087
            ],
            [
              78.95207189656912,
              28.860985372835135
            ],
            [
              78.95146469831916,
              28.861059880887876
            ],
            [
              78.9511264736315,
              28.861102774623692
            ],
            [
              78.95084713800235,
              28.86117722673394
            ],
            [
              78.95062941063198,
              28.86129453232398
            ],
            [
              78.95048334187184,
              28.861497575380888
            ],
            [
              78.95041161409132,
              28.861592273023376
            ],
            [
              78.95035016393601,
              28.861912584988445
            ],
            [
              78.95023998736303,
              28.8622554986929
            ],
            [
              78.95025285033962,
              28.862618656094508
            ],
            [
              78.95040410956544,
              28.862848677285438
            ],
            [
              78.95069621474639,
              28.863062932828733
            ],
            [
              78.95108317932637,
              28.86316888861227
            ],
            [
              78.95158030790293,
              28.86326584734289
            ],
            [
              78.9523797258608,
              28.863383027060944
            ],
            [
              78.95284100177604,
              28.863446189680424
            ],
            [
              78.953156165812,
              28.863446141690517
            ],
            [
              78.95333803602946,
              28.863394244907393
            ],
            [
              78.95353022788959,
              28.863328754349308
            ],
            [
              78.95367629215812,
              28.863200159236726
            ],
            [
              78.95374794358182,
              28.863040085607043
            ],
            [
              78.9538452320254,
              28.862507664696903
            ],
            [
              78.95388109187324,
              28.862133274765146
            ],
            [
              78.95397840996122,
              28.86177010386684
            ],
            [
              78.95410651421234,
              28.861510646977553
            ],
            [
              78.95432421642985,
              28.86128505608526
            ],
            [
              78.95449330362085,
              28.861093346358437
            ],
            [
              78.95472387869641,
              28.860921841313264
            ],
            [
              78.95509793987564,
              28.860815820300182
            ],
            [
              78.95532851135793,
              28.86071876330204
            ],
            [
              78.95578974505236,
              28.86061266576798
            ],
            [
              78.95616641763415,
              28.86051793576339
            ],
            [
              78.95657628566063,
              28.860389314358173
            ],
            [
              78.95695293937779,
              28.860197485754643
            ],
            [
              78.95731671664365,
              28.85987712287378
            ],
            [
              78.95775217497764,
              28.85941694724668
            ],
            [
              78.95862811502465,
              28.858378573839033
            ],
            [
              78.95869230324496,
              28.85830248326605
            ],
            [
              78.95904326783996,
              28.8578445028172
            ],
            [
              78.95934549883079,
              28.857373094191114
            ],
            [
              78.95944277110469,
              28.85714973818202
            ],
            [
              78.95948618129249,
              28.856195570346962
            ],
            [
              78.95946043557645,
              28.85594968482011
            ],
            [
              78.95958080712954,
              28.855629382807596
            ],
            [
              78.95992150757411,
              28.855288781629092
            ],
            [
              78.96049022020071,
              28.85496836507065
            ],
            [
              78.96118712690989,
              28.854835175019858
            ],
            [
              78.9614305227412,
              28.85484638198683
            ],
            [
              78.96174314095165,
              28.854986122000245
            ],
            [
              78.96207120928668,
              28.855358293769978
            ],
            [
              78.96243513477457,
              28.855764254759503
            ],
            [
              78.96266578620694,
              28.855967184306177
            ],
            [
              78.96283493358503,
              28.85612735537164
            ],
            [
              78.96308862680442,
              28.8561904271997
            ],
            [
              78.96345237981576,
              28.856181321066703
            ],
            [
              78.96369578103695,
              28.856030147656266
            ],
            [
              78.96385203759074,
              28.85583843610737
            ],
            [
              78.96397496125759,
              28.855497793127554
            ],
            [
              78.96410793258089,
              28.854814307902224
            ],
            [
              78.96425129292048,
              28.854033794285293
            ],
            [
              78.9645711820948,
              28.852653325332756
            ],
            [
              78.96464527244451,
              28.852023918300425
            ],
            [
              78.96463226843247,
              28.851360755614415
            ],
            [
              78.9646141557014,
              28.85059835536201
            ],
            [
              78.9645883722561,
              28.849969034245614
            ],
            [
              78.96471123932906,
              28.849434467606834
            ],
            [
              78.96466241319843,
              28.8490081746337
            ],
            [
              78.96471108841212,
              28.848813707247803
            ],
            [
              78.9648261626,
              28.848353946891432
            ],
            [
              78.96514125207578,
              28.84803361204177
            ],
            [
              78.96539484737883,
              28.847819235041854
            ],
            [
              78.96566120504711,
              28.84764775924681
            ],
            [
              78.9661838628457,
              28.847561923675126
            ],
            [
              78.96666804759732,
              28.847519022779807
            ],
            [
              78.96709081632957,
              28.8475730039578
            ],
            [
              78.96750334157268,
              28.84774436971861
            ],
            [
              78.96784156895527,
              28.848159325636214
            ],
            [
              78.96791603839398,
              28.848533706085284
            ],
            [
              78.96790332723272,
              28.848822437920866
            ],
            [
              78.9677956982819,
              28.84899164020297
            ],
            [
              78.96760105941097,
              28.849217309697977
            ],
            [
              78.96732192410612,
              28.84947223367441
            ],
            [
              78.96727322373961,
              28.849580477232024
            ],
            [
              78.96723751391043,
              28.849866951127833
            ],
            [
              78.9672605763587,
              28.850124098641157
            ],
            [
              78.96726064193574,
              28.85024145761605
            ],
            [
              78.96735803009231,
              28.85046470178606
            ],
            [
              78.96749130863945,
              28.850667639314107
            ],
            [
              78.96789118829827,
              28.8512337240447
            ],
            [
              78.96799640257761,
              28.851881067990483
            ],
            [
              78.9702353662867,
              28.8508881239959
            ],
            [
              78.9716288949392,
              28.850107291361045
            ],
            [
              78.97329392231829,
              28.849285826626755
            ],
            [
              78.97339630420956,
              28.849082755002094
            ],
            [
              78.97308872914108,
              28.84866103994893
            ],
            [
              78.97213030219143,
              28.847885360118127
            ],
            [
              78.97096945606214,
              28.847057852184207
            ],
            [
              78.9696650717269,
              28.846173940160718
            ],
            [
              78.96897326744849,
              28.845725261205455
            ],
            [
              78.96879633706678,
              28.84538689373735
            ],
            [
              78.96861181412426,
              28.845010245249355
            ],
            [
              78.96859874094193,
              28.844227606697107
            ],
            [
              78.96862168211764,
              28.843697524034486
            ],
            [
              78.9686805711761,
              28.84352828009217
            ],
            [
              78.96873420598847,
              28.843151605989878
            ],
            [
              78.96880330889168,
              28.842856081839802
            ],
            [
              78.96879551870155,
              28.842427483105535
            ],
            [
              78.96889273168665,
              28.84208235425397
            ],
            [
              78.96900518728549,
              28.841419164380422
            ],
            [
              78.96902548202438,
              28.840530468922072
            ],
            [
              78.96899968061278,
              28.84015153895134
            ],
            [
              78.96896123990516,
              28.839865040660364
            ],
            [
              78.96867414642519,
              28.839389161986954
            ],
            [
              78.96850246759459,
              28.839247130016407
            ],
            [
              78.96830774068879,
              28.838996757621583
            ],
            [
              78.96810530084795,
              28.838897620927835
            ],
            [
              78.96774150471745,
              28.83891801516091
            ],
            [
              78.96746484786445,
              28.83905339666388
            ],
            [
              78.96691415095088,
              28.83929712667711
            ],
            [
              78.96655818812965,
              28.83952726004586
            ],
            [
              78.9659050320697,
              28.839807092660237
            ],
            [
              78.96528758494064,
              28.83980044493881
            ],
            [
              78.96456772807254,
              28.839599851632215
            ],
            [
              78.96436531338452,
              28.839572870388118
            ],
            [
              78.96404757926852,
              28.8394014651987
            ],
            [
              78.96364270856996,
              28.83906546463096
            ],
            [
              78.96334295603103,
              28.83868659306437
            ],
            [
              78.96306361501198,
              28.838332515654482
            ],
            [
              78.96286115810314,
              28.83787459520748
            ],
            [
              78.9627456661986,
              28.83729043231186
            ],
            [
              78.96271485398435,
              28.836803272360996
            ],
            [
              78.96285565322705,
              28.836464843611978
            ],
            [
              78.96312461061976,
              28.836241489918468
            ],
            [
              78.9635292621294,
              28.83612867381565
            ],
            [
              78.96413633461525,
              28.835941248968116
            ],
            [
              78.96466406609856,
              28.835878005114775
            ],
            [
              78.96524812823843,
              28.835927534385043
            ],
            [
              78.96572978782577,
              28.836044707922333
            ],
            [
              78.9661524415737,
              28.836245393857233
            ],
            [
              78.96662128130363,
              28.83630169287154
            ],
            [
              78.96750507082959,
              28.836258617356822
            ],
            [
              78.9680404352979,
              28.8361163757254
            ],
            [
              78.96829657013824,
              28.8359561958786
            ],
            [
              78.9684579327161,
              28.835847850795822
            ],
            [
              78.96856282270362,
              28.83565607135774
            ],
            [
              78.96858841660436,
              28.835520812130767
            ],
            [
              78.96852945837566,
              28.835247840278296
            ],
            [
              78.96848068434728,
              28.835090004159465
            ],
            [
              78.96831155134224,
              28.834855381736197
            ],
            [
              78.9682474448686,
              28.834713308952157
            ],
            [
              78.96790672555943,
              28.834426968028044
            ],
            [
              78.9676505422101,
              28.834280354798853
            ],
            [
              78.96729435031844,
              28.834151892959362
            ],
            [
              78.96706641988311,
              28.834088807767852
            ],
            [
              78.96675123788083,
              28.833987381903412
            ],
            [
              78.96654121266572,
              28.833987402363917
            ],
            [
              78.9660852287258,
              28.833951357228223
            ],
            [
              78.96544481526819,
              28.83391769573145
            ],
            [
              78.96492994406647,
              28.83391326681415
            ],
            [
              78.9646148860317,
              28.833972019204285
            ],
            [
              78.96429725073041,
              28.833965289267972
            ],
            [
              78.96401290789181,
              28.83399920729269
            ],
            [
              78.96385918728211,
              28.83396538763587
            ],
            [
              78.96351844461674,
              28.83375798230639
            ],
            [
              78.96336469256596,
              28.83366547929232
            ],
            [
              78.96321102405851,
              28.83350081873455
            ],
            [
              78.96319539786414,
              28.832878330378456
            ],
            [
              78.96321835610786,
              28.832485863687904
            ],
            [
              78.96337706416406,
              28.83200983086479
            ],
            [
              78.96348977488445,
              28.83180453383717
            ],
            [
              78.96368436524634,
              28.83154512102506
            ],
            [
              78.96382265639274,
              28.831181917291246
            ],
            [
              78.96402487614635,
              28.830981141321878
            ],
            [
              78.96417600242154,
              28.83086383931689
            ],
            [
              78.96460378285481,
              28.83083442329386
            ],
            [
              78.96495213514895,
              28.830827598718646
            ],
            [
              78.96513914462813,
              28.83082752474375
            ],
            [
              78.96552843674306,
              28.830656013861653
            ],
            [
              78.96577952664472,
              28.8306130753037
            ],
            [
              78.96621742480303,
              28.830306268159475
            ],
            [
              78.9664044019429,
              28.83013473123537
            ],
            [
              78.9668935642595,
              28.829823392070132
            ],
            [
              78.96733142199359,
              28.829545829793915
            ],
            [
              78.96784115932348,
              28.82935170928877
            ],
            [
              78.96824841684573,
              28.82927273130653
            ],
            [
              78.96887851494895,
              28.82916657966032
            ],
            [
              78.96930109593335,
              28.82897244428232
            ],
            [
              78.96964177841157,
              28.828873135134234
            ],
            [
              78.96978773578064,
              28.82873773173125
            ],
            [
              78.96975925199959,
              28.827691090080464
            ],
            [
              78.96979737739858,
              28.82674830038781
            ],
            [
              78.96983388403339,
              28.826216098221444
            ],
            [
              78.96985091609119,
              28.82596780915586
            ],
            [
              78.969891836149,
              28.825766996371527
            ],
            [
              78.96999672703485,
              28.825410628100965
            ],
            [
              78.97008630074677,
              28.825130906309283
            ],
            [
              78.97028079409061,
              28.824817291092813
            ],
            [
              78.97099787336786,
              28.82442690006189
            ],
            [
              78.9715972041726,
              28.824097455802086
            ],
            [
              78.97227843707672,
              28.82401151580554
            ],
            [
              78.97242441870029,
              28.823997965711442
            ],
            [
              78.97273180063097,
              28.82386928026088
            ],
            [
              78.97292639368777,
              28.823668534260733
            ],
            [
              78.97316955236384,
              28.82329847089317
            ],
            [
              78.97341283231245,
              28.822926207258448
            ],
            [
              78.97359971063766,
              28.82267580662046
            ],
            [
              78.97386086167052,
              28.82233290567507
            ],
            [
              78.9743629228963,
              28.82253353462182
            ],
            [
              78.97468565973011,
              28.82267552329026
            ],
            [
              78.97483171591382,
              28.822804092949116
            ],
            [
              78.97510846259837,
              28.82301822005471
            ],
            [
              78.97530313740188,
              28.8230339550595
            ],
            [
              78.97564375340481,
              28.822889520800828
            ],
            [
              78.97585368339851,
              28.822747367935424
            ],
            [
              78.97608152310401,
              28.822503736109585
            ],
            [
              78.97622741669268,
              28.82214725671641
            ],
            [
              78.97626062561211,
              28.821933005042418
            ],
            [
              78.97687016577002,
              28.821801933110926
            ],
            [
              78.97743618255247,
              28.821670946801348
            ],
            [
              78.97782295758792,
              28.821609968025662
            ],
            [
              78.97842485038784,
              28.82156017064639
            ],
            [
              78.97891145520084,
              28.82150129319528
            ],
            [
              78.97956965260614,
              28.821390601859978
            ],
            [
              78.97998970213804,
              28.821309291351948
            ],
            [
              78.98049421935781,
              28.821135450104006
            ],
            [
              78.98104475726959,
              28.820860031391483
            ],
            [
              78.98150319900009,
              28.820654625800792
            ],
            [
              78.98167470984572,
              28.820625275365764
            ],
            [
              78.98180025120331,
              28.820704195370524
            ],
            [
              78.9819130490603,
              28.820965775162396
            ],
            [
              78.98203870270729,
              28.821234128344205
            ],
            [
              78.98211815420258,
              28.821385282269603
            ],
            [
              78.98224123866787,
              28.821624277920566
            ],
            [
              78.98200309079446,
              28.82175525799258
            ],
            [
              78.9815958970526,
              28.821944850689885
            ],
            [
              78.98105055319981,
              28.822373611694335
            ],
            [
              78.98078936084441,
              28.822533783323163
            ],
            [
              78.98059732978278,
              28.82280460766505
            ],
            [
              78.98051801123813,
              28.822903862000956
            ],
            [
              78.98029776409341,
              28.82290841888498
            ],
            [
              78.98013891320507,
              28.82287916588958
            ],
            [
              78.97992117774986,
              28.822958191221645
            ],
            [
              78.979798305287,
              28.823048458367044
            ],
            [
              78.97970607705341,
              28.823109393800937
            ],
            [
              78.97941153564143,
              28.823159045626703
            ],
            [
              78.97912731227879,
              28.823220042383753
            ],
            [
              78.97885577312796,
              28.82322014312286
            ],
            [
              78.97882259924285,
              28.823468322261743
            ],
            [
              78.97877662256826,
              28.823678092628466
            ],
            [
              78.97876647789377,
              28.82408861916808
            ],
            [
              78.9787537900887,
              28.82428934232179
            ],
            [
              78.97869762112893,
              28.824738267171792
            ],
            [
              78.97866440771794,
              28.825029263945336
            ],
            [
              78.9790230771631,
              28.825234372073854
            ],
            [
              78.97947640927629,
              28.82508313165605
            ],
            [
              78.97986055224798,
              28.824963447805573
            ],
            [
              78.9801218002989,
              28.824873146904924
            ],
            [
              78.98042919480598,
              28.82484374729027
            ],
            [
              78.98083644873499,
              28.824863853869864
            ],
            [
              78.98131283700823,
              28.824884032063675
            ],
            [
              78.981607340691,
              28.824814021057236
            ],
            [
              78.98169947909305,
              28.824624532748032
            ],
            [
              78.98157390180285,
              28.824473452782343
            ],
            [
              78.98131250642824,
              28.824074309611856
            ],
            [
              78.98113059309162,
              28.82387354197046
            ],
            [
              78.9811894426242,
              28.823794604692345
            ],
            [
              78.98156336636121,
              28.823663664962677
            ],
            [
              78.98200642264587,
              28.82363420912805
            ],
            [
              78.98234457995984,
              28.82367468561551
            ],
            [
              78.98278268473065,
              28.82383013627332
            ],
            [
              78.98303107070332,
              28.82380979968425
            ],
            [
              78.9832360276236,
              28.823879595722673
            ],
            [
              78.98359725636901,
              28.823938187715232
            ],
            [
              78.98372276359062,
              28.824059925286925
            ],
            [
              78.98367678422112,
              28.824258418091553
            ],
            [
              78.9833721430504,
              28.824689354317442
            ],
            [
              78.98323650462903,
              28.824978143661944
            ],
            [
              78.98305481497293,
              28.82525792961186
            ],
            [
              78.98311115461259,
              28.82540902732734
            ],
            [
              78.98322396863925,
              28.825618704852303
            ],
            [
              78.98343924810045,
              28.82587808914837
            ],
            [
              78.98369537934751,
              28.82585312694805
            ],
            [
              78.98429468499941,
              28.825663462666736
            ],
            [
              78.98462516171772,
              28.82570168595564
            ],
            [
              78.98496579119538,
              28.825593360104723
            ],
            [
              78.98507843903367,
              28.825581971335968
            ],
            [
              78.98520399835756,
              28.82567216537607
            ],
            [
              78.9853398460864,
              28.82584127938417
            ],
            [
              78.98558842968846,
              28.826102887194637
            ],
            [
              78.98613393703464,
              28.826062058286936
            ],
            [
              78.98649760829932,
              28.825962676319158
            ],
            [
              78.98679220361022,
              28.82588137803865
            ],
            [
              78.98692796510079,
              28.825831715706034
            ],
            [
              78.98705850737957,
              28.825847488061882
            ],
            [
              78.98711498266485,
              28.825906068715874
            ],
            [
              78.9871277629964,
              28.826036900166965
            ],
            [
              78.98714847185865,
              28.826357213019218
            ],
            [
              78.98725142777334,
              28.82740606929908
            ],
            [
              78.98732062410137,
              28.827615742801864
            ],
            [
              78.98738738689329,
              28.827906732319462
            ],
            [
              78.98744886759133,
              28.827951865330736
            ],
            [
              78.98758721533159,
              28.827942745707958
            ],
            [
              78.98827877796317,
              28.827791336873915
            ],
            [
              78.98893697626681,
              28.827581307217763
            ],
            [
              78.9896950555519,
              28.827380249642975
            ],
            [
              78.99056832131433,
              28.827111514082546
            ],
            [
              78.9914211944215,
              28.826840535674393
            ],
            [
              78.99225599881504,
              28.826486001639594
            ],
            [
              78.99298081168854,
              28.82617441467404
            ],
            [
              78.99391032186924,
              28.825734186915643
            ],
            [
              78.99462469811577,
              28.825334688128677
            ],
            [
              78.99541857257002,
              28.8249147782435
            ],
            [
              78.99728764867264,
              28.823725168265277
            ],
            [
              78.9963880910185,
              28.822769247306162
            ],
            [
              78.99573470319324,
              28.822234901388246
            ],
            [
              78.99530406342244,
              28.821786212873587
            ],
            [
              78.9947811990113,
              28.82115484670278
            ],
            [
              78.99448655519139,
              28.820845922087294
            ],
            [
              78.99438398734887,
              28.820706182654753
            ],
            [
              78.99450429691824,
              28.820570777287454
            ],
            [
              78.99493450819264,
              28.82039009616737
            ],
            [
              78.9949214691463,
              28.820020224206583
            ],
            [
              78.99503654872407,
              28.81968178103058
            ],
            [
              78.99520532779293,
              28.81914039401573
            ],
            [
              78.99539693484977,
              28.81840265635243
            ],
            [
              78.9957319453653,
              28.817428151081725
            ],
            [
              78.99590072982402,
              28.816988173625578
            ],
            [
              78.99618476813373,
              28.816548184865812
            ],
            [
              78.99645615996084,
              28.816268392041692
            ],
            [
              78.99681452128387,
              28.81598400979593
            ],
            [
              78.99710892255867,
              28.815652279900938
            ],
            [
              78.99745956825171,
              28.815343091030943
            ],
            [
              78.99778725120949,
              28.815002398904134
            ],
            [
              78.99802006039515,
              28.814639105976458
            ],
            [
              78.99770746643921,
              28.814413695224548
            ],
            [
              78.9971181518499,
              28.813994363104197
            ],
            [
              78.99681836427665,
              28.813730612307314
            ],
            [
              78.99638531163102,
              28.81339019432622
            ],
            [
              78.99595487757443,
              28.813061070132676
            ],
            [
              78.99588573334867,
              28.81301148905401
            ],
            [
              78.99546572693589,
              28.813040946319195
            ],
            [
              78.99543230960732,
              28.812860560679777
            ],
            [
              78.99534255443574,
              28.81272071686719
            ],
            [
              78.99488663607282,
              28.81251787220541
            ],
            [
              78.99452027704884,
              28.812427821044473
            ],
            [
              78.99391330697091,
              28.8123784356538
            ],
            [
              78.99329607274255,
              28.81234943078742
            ],
            [
              78.99316533912264,
              28.81207655717449
            ],
            [
              78.99302938359597,
              28.81167729800934
            ],
            [
              78.99290367515174,
              28.811298458210114
            ],
            [
              78.99179735855682,
              28.8115244833544
            ],
            [
              78.99166412312886,
              28.811432043232895
            ],
            [
              78.99143352829036,
              28.81113662422981
            ],
            [
              78.99128252508437,
              28.81128329838704
            ],
            [
              78.99050629623724,
              28.810924927712723
            ],
            [
              78.9896813589388,
              28.81038616273292
            ],
            [
              78.9891971175933,
              28.809969112015338
            ],
            [
              78.98857961027713,
              28.809310707158495
            ],
            [
              78.98855376844132,
              28.80894303917831
            ],
            [
              78.98834602404872,
              28.8082212939793
            ],
            [
              78.98951368479774,
              28.808078752711932
            ],
            [
              78.9914366337663,
              28.807320019127324
            ],
            [
              78.9919487058176,
              28.80704018813439
            ],
            [
              78.9923532980384,
              28.806945266094438
            ],
            [
              78.9923455159331,
              28.80680089296142
            ],
            [
              78.99217896738111,
              28.806555114270324
            ],
            [
              78.99217619158688,
              28.80630697511766
            ],
            [
              78.99268293123866,
              28.80561879730115
            ],
            [
              78.99328931561499,
              28.804580974902002
            ],
            [
              78.99327120557888,
              28.804323751863908
            ],
            [
              78.99272468044148,
              28.80219246669277
            ],
            [
              78.99247305694051,
              28.800949620717436
            ],
            [
              78.99211873534134,
              28.79920162225818
            ],
            [
              78.99273820188314,
              28.798716425312264
            ],
            [
              78.99338302157722,
              28.79791540362815
            ],
            [
              78.99391751378138,
              28.796507675811192
            ],
            [
              78.99418820671922,
              28.795255634049784
            ],
            [
              78.99436925857145,
              28.793961501359306
            ],
            [
              78.99437692569242,
              28.793906701987567
            ],
            [
              78.99287856634123,
              28.793038919011046
            ],
            [
              78.99214608544845,
              28.792869988710383
            ],
            [
              78.99071980511901,
              28.792832206831953
            ],
            [
              78.99023833777113,
              28.79272188495983
            ],
            [
              78.98898060833845,
              28.791709602822912
            ],
            [
              78.98810200298999,
              28.791105459923553
            ],
            [
              78.98700068282473,
              28.790587012705746
            ],
            [
              78.98611197232762,
              28.79007531615201
            ],
            [
              78.98519517420652,
              28.789829811353318
            ],
            [
              78.98357168223122,
              28.789753669092576
            ],
            [
              78.98181763540069,
              28.78952868238491
            ],
            [
              78.98042717359661,
              28.78927875886752
            ],
            [
              78.98033935788769,
              28.78741108412708
            ],
            [
              78.98029048414632,
              28.78682235762097
            ],
            [
              78.97926079564179,
              28.7860692921978
            ],
            [
              78.97844895308523,
              28.785483122382743
            ],
            [
              78.97804683392641,
              28.785284781658678
            ],
            [
              78.97680720464838,
              28.784105435366293
            ],
            [
              78.97632842236492,
              28.784306305624806
            ],
            [
              78.9758545763239,
              28.783769598092523
            ],
            [
              78.97506278865605,
              28.78222016868661
            ],
            [
              78.97409702067387,
              28.780655036272666
            ],
            [
              78.97422742640875,
              28.780063966265626
            ],
            [
              78.97448833489649,
              28.779587988352613
            ],
            [
              78.97494131756503,
              28.77909379826403
            ],
            [
              78.97616748558848,
              28.778489017735563
            ],
            [
              78.97768294886271,
              28.77782537408864
            ],
            [
              78.97809251685187,
              28.777608648703108
            ],
            [
              78.97915526425717,
              28.778255759088857
            ],
            [
              78.98063298211974,
              28.779360506628993
            ],
            [
              78.98123236412846,
              28.779946787228948
            ],
            [
              78.98176504263408,
              28.78017676199678
            ],
            [
              78.98260994139646,
              28.780257603848963
            ],
            [
              78.9837876372255,
              28.78010388412665
            ],
            [
              78.98416389209069,
              28.78000219783542
            ],
            [
              78.98415544882533,
              28.778222480362388
            ],
            [
              78.98417256712139,
              28.776384142170247
            ],
            [
              78.9840953982452,
              28.775524717125943
            ],
            [
              78.9856182771121,
              28.774606121215186
            ],
            [
              78.98725625531969,
              28.77358370184255
            ],
            [
              78.98772717285287,
              28.773306085012972
            ],
            [
              78.98911781881158,
              28.77420334295909
            ],
            [
              78.99094386112056,
              28.77538007764634
            ],
            [
              78.99164771989176,
              28.774985078627886
            ],
            [
              78.99293758026549,
              28.774185985634322
            ],
            [
              78.99296800889913,
              28.77371906590106
            ],
            [
              78.99406342084478,
              28.77294716487076
            ],
            [
              78.99530461408969,
              28.772125552876957
            ],
            [
              78.99599303980433,
              28.7717688578395
            ],
            [
              78.99618491725404,
              28.771554478965992
            ],
            [
              78.99619768860245,
              28.77145524895084
            ],
            [
              78.99566222531948,
              28.770708854634456
            ],
            [
              78.99670903122176,
              28.77027985428927
            ],
            [
              78.99842902112319,
              28.769690279882266
            ],
            [
              78.99856262935201,
              28.769654162105123
            ],
            [
              78.99960304014778,
              28.769008966951617
            ],
            [
              78.99960331772722,
              28.769008799228285
            ],
            [
              78.9996035512892,
              28.769008660639958
            ],
            [
              78.99960568209305,
              28.769007381060256
            ],
            [
              78.99960655166224,
              28.76900530932228
            ],
            [
              78.99960671695227,
              28.769004914030575
            ],
            [
              78.9996068193602,
              28.769004673863286
            ],
            [
              78.99982168469806,
              28.768495059713082
            ],
            [
              78.99982183202177,
              28.768494714028023
            ],
            [
              78.99982197395559,
              28.768494368342903
            ],
            [
              78.99982213026244,
              28.768493999822173
            ],
            [
              78.9998245260693,
              28.76848830979834
            ],
            [
              78.99981885141165,
              28.768484952164457
            ],
            [
              78.99981846423776,
              28.768484723020112
            ],
            [
              78.99981813186109,
              28.768484494663213
            ],
            [
              78.998652069215,
              28.767725835141952
            ],
            [
              78.99773153140738,
              28.76761315036534
            ],
            [
              78.9970683465556,
              28.767399185025162
            ],
            [
              78.99690186897051,
              28.767304516673537
            ],
            [
              78.99681478988013,
              28.76718503734592
            ],
            [
              78.99686844535374,
              28.766945854644774
            ],
            [
              78.99735463155181,
              28.766627589234187
            ],
            [
              78.99781288912772,
              28.7665845203464
            ],
            [
              78.99856301293265,
              28.766676697855424
            ],
            [
              79.00017063886345,
              28.765323850204254
            ],
            [
              79.00017072959328,
              28.765323776182854
            ],
            [
              79.00017125600606,
              28.76532333205459
            ],
            [
              79.00017134044768,
              28.765323261970504
            ],
            [
              79.00017182643624,
              28.765322853278008
            ],
            [
              79.00017219025393,
              28.765322410724686
            ],
            [
              79.00017222528822,
              28.76532236898922
            ],
            [
              79.00017242561255,
              28.76532212487614
            ],
            [
              79.00107961984493,
              28.764221225099938
            ],
            [
              78.99932362277194,
              28.762345181196526
            ],
            [
              78.99932346826171,
              28.762345012674984
            ],
            [
              78.99932274421958,
              28.76234382672417
            ],
            [
              78.99932269211732,
              28.76234370623914
            ],
            [
              78.99932259509926,
              28.762343466056517
            ],
            [
              78.99932253670876,
              28.76234332824685
            ],
            [
              78.99932234985918,
              28.762342872293612
            ],
            [
              78.99853045259688,
              28.760182963392303
            ],
            [
              78.99811616396089,
              28.759925625321593
            ],
            [
              78.99781905516382,
              28.75970698534944
            ],
            [
              78.997317178991,
              28.75944561171325
            ],
            [
              78.99705865103873,
              28.75934642137277
            ],
            [
              78.99677968731208,
              28.759484148302597
            ],
            [
              78.99646984130263,
              28.759335393130467
            ],
            [
              78.99512801608464,
              28.758463059724832
            ],
            [
              78.99507938039682,
              28.758429283277625
            ],
            [
              78.99433493304613,
              28.759171687698053
            ],
            [
              78.99390212114899,
              28.758813168612537
            ],
            [
              78.99229373524348,
              28.75734766493803
            ],
            [
              78.99207622796037,
              28.757465047333238
            ],
            [
              78.99149736257445,
              28.756653240232584
            ],
            [
              78.9907219323296,
              28.75707090584553
            ],
            [
              78.9906681753464,
              28.7570912003297
            ],
            [
              78.9900380790398,
              28.75625907284185
            ],
            [
              78.98928493959043,
              28.75507513393354
            ],
            [
              78.98893395343588,
              28.75447300761856
            ],
            [
              78.9881217802993,
              28.752912436360266
            ],
            [
              78.98776828155691,
              28.752479477844854
            ],
            [
              78.98713879520638,
              28.752777465870963
            ],
            [
              78.98705688232721,
              28.752779697804915
            ],
            [
              78.9860017409574,
              28.751604919779595
            ],
            [
              78.98447916931435,
              28.75244459924257
            ],
            [
              78.98422044732602,
              28.752117599670925
            ],
            [
              78.98346570258725,
              28.75272913039179
            ],
            [
              78.98322510590637,
              28.75285781625098
            ],
            [
              78.98276144855733,
              28.751964722140983
            ],
            [
              78.98222870357638,
              28.7513130037007
            ],
            [
              78.98125055860623,
              28.750399754962768
            ],
            [
              78.98095356030193,
              28.750021794351596
            ],
            [
              78.98022630760413,
              28.749286661991206
            ],
            [
              78.97958103695575,
              28.74879505976097
            ],
            [
              78.97898963827495,
              28.748332866179922
            ],
            [
              78.97873884481733,
              28.7484999059281
            ],
            [
              78.97787383008078,
              28.74879112813091
            ],
            [
              78.97775855017869,
              28.748346827780153
            ],
            [
              78.97752783676259,
              28.74765437836166
            ],
            [
              78.97705401677271,
              28.74684024166372
            ],
            [
              78.97624223889484,
              28.745647226668847
            ],
            [
              78.97564854591684,
              28.74583233293869
            ],
            [
              78.97537457861982,
              28.745730898369587
            ],
            [
              78.97510579639861,
              28.745568605059397
            ],
            [
              78.97410733872323,
              28.74489662625496
            ],
            [
              78.97380528110727,
              28.744580973890805
            ],
            [
              78.9731625913187,
              28.74382094426169
            ],
            [
              78.97233293606837,
              28.742720407708237
            ],
            [
              78.97182340355438,
              28.74197837387623
            ],
            [
              78.9711014068993,
              28.74123643795499
            ],
            [
              78.97095027523422,
              28.741004190094927
            ],
            [
              78.97073522843665,
              28.740674876041638
            ],
            [
              78.97150021217305,
              28.739943877663585
            ],
            [
              78.97117499778568,
              28.739524353212552
            ],
            [
              78.97085758167329,
              28.73903050510441
            ],
            [
              78.97035047191564,
              28.73787342730747
            ],
            [
              78.97140460357903,
              28.737140069937652
            ],
            [
              78.97285533335555,
              28.73615624235838
            ],
            [
              78.97249691633697,
              28.735651034877044
            ],
            [
              78.9720591484344,
              28.735116614288884
            ],
            [
              78.97166739942722,
              28.73483017936268
            ],
            [
              78.97128101426057,
              28.734801008782412
            ],
            [
              78.97034145103355,
              28.73377713697244
            ],
            [
              78.96950176968636,
              28.733005906354798
            ],
            [
              78.96874659555286,
              28.732295556148227
            ],
            [
              78.96837285507215,
              28.732022708622175
            ],
            [
              78.96760782192842,
              28.732462722365653
            ],
            [
              78.96694227989735,
              28.73174780523629
            ],
            [
              78.96633554158478,
              28.731093791287524
            ],
            [
              78.96614619019763,
              28.73100590537733
            ],
            [
              78.96603098036412,
              28.731010388293125
            ],
            [
              78.96573159523612,
              28.731130052376525
            ],
            [
              78.96541949176033,
              28.73131501894586
            ],
            [
              78.96536319434146,
              28.731278981632965
            ],
            [
              78.9651454373267,
              28.730629404357938
            ],
            [
              78.96486898888287,
              28.730243739154027
            ],
            [
              78.96460524980367,
              28.729731693166194
            ],
            [
              78.9650093551376,
              28.728980496321746
            ],
            [
              78.9653419015743,
              28.72848872370574
            ],
            [
              78.9660069576168,
              28.727333689193213
            ],
            [
              78.96621929419713,
              28.726959163229374
            ],
            [
              78.96652352483775,
              28.72606810227559
            ],
            [
              78.96660018975908,
              28.725781559836495
            ],
            [
              78.96675103486159,
              28.725407092120577
            ],
            [
              78.96666399260214,
              28.72510261834604
            ],
            [
              78.96633361200355,
              28.724247804256493
            ],
            [
              78.96607766491111,
              28.723787711795758
            ],
            [
              78.96531477784261,
              28.722650943666963
            ],
            [
              78.96435227164324,
              28.721288748138964
            ],
            [
              78.96438807130393,
              28.721162425380776
            ],
            [
              78.96474877363659,
              28.720860112775927
            ],
            [
              78.9654241153891,
              28.72037724900967
            ],
            [
              78.96552394965819,
              28.720244094913017
            ],
            [
              78.9655827704447,
              28.720151669231846
            ],
            [
              78.9655929285939,
              28.720043337730704
            ],
            [
              78.96552381940248,
              28.719959895983358
            ],
            [
              78.96552385443675,
              28.71990578962668
            ],
            [
              78.96557756740258,
              28.71982681225762
            ],
            [
              78.96566199825946,
              28.719756836289218
            ],
            [
              78.96578985906714,
              28.719556092352004
            ],
            [
              78.96642689216435,
              28.719012357121567
            ],
            [
              78.96669540489097,
              28.718585915154602
            ],
            [
              78.96677723512516,
              28.718265654163076
            ],
            [
              78.96678982411555,
              28.71760242186855
            ],
            [
              78.96676669070034,
              28.717194177622133
            ],
            [
              78.96670515790002,
              28.71672497519584
            ],
            [
              78.96640564071966,
              28.716452136663854
            ],
            [
              78.96499299501961,
              28.715595260991197
            ],
            [
              78.96470123928334,
              28.715315591316298
            ],
            [
              78.96457066736016,
              28.714993037934672
            ],
            [
              78.96424038288133,
              28.714106658025763
            ],
            [
              78.96425557608772,
              28.713831450689984
            ],
            [
              78.96424255231274,
              28.712847989902716
            ],
            [
              78.96405024367168,
              28.71119683491198
            ],
            [
              78.96402960308137,
              28.710515680129344
            ],
            [
              78.9639756260109,
              28.709541208627783
            ],
            [
              78.96393717632012,
              28.709349475014317
            ],
            [
              78.96357873414871,
              28.70854874211038
            ],
            [
              78.96310773756377,
              28.707549554083652
            ],
            [
              78.96252664974584,
              28.70630680707635
            ],
            [
              78.9628770960129,
              28.705882728249254
            ],
            [
              78.9624726412343,
              28.705163218630467
            ],
            [
              78.9619684492047,
              28.704504596106243
            ],
            [
              78.96101635986933,
              28.703099488349977
            ],
            [
              78.96046363186493,
              28.702251439291157
            ],
            [
              78.96007974311647,
              28.701662829108045
            ],
            [
              78.95997474173784,
              28.70158162699944
            ],
            [
              78.959928730029,
              28.701610948677118
            ],
            [
              78.95940182769068,
              28.70215236327639
            ],
            [
              78.95871121457833,
              28.702815691169384
            ],
            [
              78.95844259585049,
              28.703032299921606
            ],
            [
              78.95808188273806,
              28.702980425685187
            ],
            [
              78.95247851179595,
              28.70060596285314
            ],
            [
              78.94830811812375,
              28.698418366749905
            ],
            [
              78.94809575728885,
              28.69786120889432
            ],
            [
              78.94779124367892,
              28.69741459684113
            ],
            [
              78.94646336300909,
              28.696059000610575
            ],
            [
              78.9447721937569,
              28.694520781736284
            ],
            [
              78.94363643398025,
              28.695373521296425
            ],
            [
              78.94212199837871,
              28.69623300928099
            ],
            [
              78.94096824265198,
              28.696715743378302
            ],
            [
              78.9401061168974,
              28.696760836228037
            ],
            [
              78.938788551582,
              28.69691203731428
            ],
            [
              78.93588235341583,
              28.697433073236766
            ],
            [
              78.93376412058599,
              28.697737558219398
            ],
            [
              78.93316800215672,
              28.697836845649913
            ],
            [
              78.93227509113733,
              28.69800146508008
            ],
            [
              78.93152045599304,
              28.698269809892622
            ],
            [
              78.93048433465275,
              28.69850435189712
            ],
            [
              78.92939953091226,
              28.698775064037168
            ],
            [
              78.92874459708638,
              28.698842668091263
            ],
            [
              78.92797451271583,
              28.698621529328566
            ],
            [
              78.92706636537092,
              28.698368829697714
            ],
            [
              78.92680026102755,
              28.69855376438681
            ],
            [
              78.92604042823102,
              28.698639453936252
            ],
            [
              78.92583067879868,
              28.69879055932896
            ],
            [
              78.92551086777775,
              28.698594258672568
            ],
            [
              78.92507343225185,
              28.698384513373476
            ],
            [
              78.92393247572126,
              28.697811447006853
            ],
            [
              78.92265856044381,
              28.69678717991169
            ],
            [
              78.92073244042233,
              28.695471904783396
            ],
            [
              78.92020042397509,
              28.695004901139228
            ],
            [
              78.91922580489242,
              28.694100287029983
            ],
            [
              78.9185071212241,
              28.693391915208174
            ],
            [
              78.91747373435554,
              28.6926338112803
            ],
            [
              78.91681647119813,
              28.691790116309793
            ],
            [
              78.9164659270147,
              28.691925398014423
            ],
            [
              78.91613333566221,
              28.692268249994125
            ],
            [
              78.9156727604329,
              28.692509535054064
            ],
            [
              78.91533255406173,
              28.692604164791728
            ],
            [
              78.9147697451632,
              28.69257026461825
            ],
            [
              78.91447045705326,
              28.692457445203154
            ],
            [
              78.91282576573556,
              28.691530078715335
            ],
            [
              78.912700421109,
              28.69149620971476
            ],
            [
              78.91185117899221,
              28.69101105832549
            ],
            [
              78.91129100485243,
              28.690760542058676
            ],
            [
              78.90959020476204,
              28.689618886989997
            ],
            [
              78.90696343025999,
              28.688174654019267
            ],
            [
              78.9064467875805,
              28.687861044027393
            ],
            [
              78.90588410893768,
              28.6875315271433
            ],
            [
              78.90541091417526,
              28.687292314213487
            ],
            [
              78.90438530222548,
              28.686870293173403
            ],
            [
              78.90286860286945,
              28.686211214305718
            ],
            [
              78.90156422033081,
              28.685631166842107
            ],
            [
              78.90115491644634,
              28.685543063053345
            ],
            [
              78.90031060428385,
              28.68616768199475
            ],
            [
              78.90030957032295,
              28.686168577228553
            ],
            [
              78.90027966810206,
              28.686190698012126
            ],
            [
              78.89870336462863,
              28.68755496761846
            ],
            [
              78.89764904881059,
              28.68861265282106
            ],
            [
              78.89708089044453,
              28.689336553672973
            ],
            [
              78.89604435228597,
              28.690637749034472
            ],
            [
              78.89541732372605,
              28.69147669917963
            ],
            [
              78.89481080370412,
              28.69207880621889
            ],
            [
              78.8939124066733,
              28.69319733173381
            ],
            [
              78.89281582781608,
              28.69454893600782
            ],
            [
              78.89260221832298,
              28.694531793966615
            ],
            [
              78.89096774623995,
              28.69407108065984
            ],
            [
              78.8890134990686,
              28.693535769098105
            ],
            [
              78.88759643006408,
              28.693145039707726
            ],
            [
              78.88701840011136,
              28.69303435719708
            ],
            [
              78.8869954149182,
              28.693058894132633
            ],
            [
              78.88698745943803,
              28.693057370916907
            ],
            [
              78.88686711393605,
              28.693185844984033
            ],
            [
              78.88673373118435,
              28.693968584076462
            ],
            [
              78.88666180487618,
              28.694624912867116
            ],
            [
              78.88658220066726,
              28.69527907923981
            ],
            [
              78.8864084934408,
              28.69563376131199
            ],
            [
              78.88616002122983,
              28.69578372767709
            ],
            [
              78.88533856400478,
              28.69629093777387
            ],
            [
              78.88433803661101,
              28.696897314749965
            ],
            [
              78.88433028504842,
              28.696906273261973
            ],
            [
              78.88430709414106,
              28.69692032919648
            ],
            [
              78.88406903520085,
              28.697195447849616
            ],
            [
              78.88381301085333,
              28.6975946170597
            ],
            [
              78.88348003861516,
              28.698268928157724
            ],
            [
              78.88334686696754,
              28.69856211129646
            ],
            [
              78.88337991419021,
              28.699051614267724
            ],
            [
              78.88377839157889,
              28.700175089257574
            ],
            [
              78.88382768303686,
              28.70030929717885
            ],
            [
              78.883392333399,
              28.700210518747195
            ],
            [
              78.88259410840385,
              28.700153858663633
            ],
            [
              78.88221287956695,
              28.70018980269336
            ],
            [
              78.88217422865353,
              28.700192595196494
            ],
            [
              78.8812509437978,
              28.700259284310796
            ],
            [
              78.88077497863101,
              28.70039672666229
            ],
            [
              78.88032973584697,
              28.700610778010816
            ],
            [
              78.88031682525968,
              28.700625121049285
            ],
            [
              78.88029879158036,
              28.700633790064884
            ],
            [
              78.88012217291407,
              28.700830003373298
            ],
            [
              78.87987637858095,
              28.701199796751236
            ],
            [
              78.87979425369936,
              28.701529099627663
            ],
            [
              78.87979903902487,
              28.702129189241088
            ],
            [
              78.87999828715152,
              28.702792451094684
            ],
            [
              78.88014886725105,
              28.703408233720552
            ],
            [
              78.88022555103694,
              28.703613557350014
            ],
            [
              78.88066795694131,
              28.703888938908946
            ],
            [
              78.88116932287107,
              28.704074124645658
            ],
            [
              78.88219008032505,
              28.70427981571579
            ],
            [
              78.88367651633746,
              28.70441804385883
            ],
            [
              78.88524221340236,
              28.704533609676226
            ],
            [
              78.88571282640666,
              28.70473910837898
            ],
            [
              78.88609142497641,
              28.705032463278695
            ],
            [
              78.8863905567795,
              28.705325814992268
            ],
            [
              78.88683283871639,
              28.706000478895323
            ],
            [
              78.88734402323217,
              28.707193866064998
            ],
            [
              78.88792675137385,
              28.708495595015307
            ],
            [
              78.88805943703285,
              28.709314464621674
            ],
            [
              78.88816902431101,
              28.71033190506199
            ],
            [
              78.888173685669,
              28.71124094692736
            ],
            [
              78.88817372429659,
              28.711242358001005
            ],
            [
              78.8881864803736,
              28.711711837140204
            ],
            [
              78.88816932524664,
              28.711733979312918
            ],
            [
              78.88789464917885,
              28.7120884701009
            ],
            [
              78.88762826456112,
              28.712713164626646
            ],
            [
              78.8876064292115,
              28.712714812825723
            ],
            [
              78.88697318700481,
              28.712762621617188
            ],
            [
              78.88696534830564,
              28.71278388983347
            ],
            [
              78.88694224094156,
              28.712785634150038
            ],
            [
              78.88650670355587,
              28.713967464963794
            ],
            [
              78.88631172063018,
              28.714934996892172
            ],
            [
              78.88625522019207,
              28.71536581206704
            ],
            [
              78.88686676808466,
              28.715404461032797
            ],
            [
              78.8867438075869,
              28.715717886072472
            ],
            [
              78.88633406891779,
              28.716468957618723
            ],
            [
              78.88636208377825,
              28.716744091048938
            ],
            [
              78.88647187407567,
              28.717134428221485
            ],
            [
              78.88633861888474,
              28.717632845156768
            ],
            [
              78.88602865160267,
              28.718277862162786
            ],
            [
              78.88595189235829,
              28.718415437618255
            ],
            [
              78.88520685032289,
              28.71916627629474
            ],
            [
              78.8846683004286,
              28.7196081356254
            ],
            [
              78.88389913413621,
              28.720033753320887
            ],
            [
              78.88348444395332,
              28.72020950176288
            ],
            [
              78.88210486973047,
              28.7209037110114
            ],
            [
              78.88152378640407,
              28.721280229727856
            ],
            [
              78.88151956971213,
              28.721285920748162
            ],
            [
              78.88149283764591,
              28.7213032411743
            ],
            [
              78.88130951305598,
              28.721550626901905
            ],
            [
              78.88061008028423,
              28.721728699926498
            ],
            [
              78.88003688775929,
              28.721667551637264
            ],
            [
              78.88001370134349,
              28.72169139332955
            ],
            [
              78.8800059381028,
              28.72169056536182
            ],
            [
              78.87893044090866,
              28.72279636676901
            ],
            [
              78.87846014680629,
              28.722533031362282
            ],
            [
              78.87628020330968,
              28.722074232780447
            ],
            [
              78.87421725010749,
              28.72301163430959
            ],
            [
              78.87359773056505,
              28.723297796753748
            ],
            [
              78.87290213629446,
              28.723609372858533
            ],
            [
              78.87248979700264,
              28.72301862901227
            ],
            [
              78.87160140810242,
              28.722197916927456
            ],
            [
              78.87130948617781,
              28.721877726870474
            ],
            [
              78.87085890290939,
              28.721489929125532
            ],
            [
              78.86971202737939,
              28.720610704711298
            ],
            [
              78.86921779317471,
              28.719979384663887
            ],
            [
              78.8681293090365,
              28.718048955628156
            ],
            [
              78.86785497343021,
              28.717621865294845
            ],
            [
              78.86785264499701,
              28.71761824210561
            ],
            [
              78.86739227458354,
              28.71788682494791
            ],
            [
              78.8665327476551,
              28.71846013981376
            ],
            [
              78.86528945504737,
              28.718974967623154
            ],
            [
              78.8645857633628,
              28.718954932802358
            ],
            [
              78.86455247718825,
              28.71876091997159
            ],
            [
              78.86393559240457,
              28.7185085620498
            ],
            [
              78.86266895797249,
              28.718344387700576
            ],
            [
              78.86141487210661,
              28.717810256782183
            ],
            [
              78.85990492538656,
              28.71723778999122
            ],
            [
              78.85895802831357,
              28.716899789321772
            ],
            [
              78.85833103029641,
              28.716618081083446
            ],
            [
              78.85750671732708,
              28.71581305497374
            ],
            [
              78.85672333878861,
              28.714958427290686
            ],
            [
              78.85649824613124,
              28.71511409592048
            ],
            [
              78.85610181869804,
              28.715393994607165
            ],
            [
              78.85594810257989,
              28.715073660025652
            ],
            [
              78.85516520823337,
              28.715308513375295
            ],
            [
              78.85416499524992,
              28.715870485745228
            ],
            [
              78.85315203786755,
              28.716628796340387
            ],
            [
              78.85094946760557,
              28.71808653532168
            ],
            [
              78.85023060517253,
              28.718402616714386
            ],
            [
              78.84897434897692,
              28.718849545689945
            ],
            [
              78.848501112892,
              28.719275969249978
            ],
            [
              78.84769792470487,
              28.720090501900888
            ],
            [
              78.84671812144468,
              28.720877984730194
            ],
            [
              78.84609142076988,
              28.72160675072815
            ],
            [
              78.84544172591873,
              28.7222678510851
            ],
            [
              78.84521164581493,
              28.722811567811398
            ],
            [
              78.84463872637785,
              28.723941746044346
            ],
            [
              78.84387896903976,
              28.724767480636704
            ],
            [
              78.84278927666753,
              28.726087318829112
            ],
            [
              78.84278881223854,
              28.726089563149674
            ],
            [
              78.8426461409068,
              28.72677765506129
            ],
            [
              78.84349575672273,
              28.72679544880431
            ],
            [
              78.84396925691235,
              28.727038959197515
            ],
            [
              78.84407901936198,
              28.726233657250514
            ],
            [
              78.84424273193261,
              28.72596971762569
            ],
            [
              78.8447826266049,
              28.72564026796498
            ],
            [
              78.84501284774423,
              28.725552241974555
            ],
            [
              78.84556565120714,
              28.72566940013846
            ],
            [
              78.84608266219584,
              28.725854251117056
            ],
            [
              78.84611600226931,
              28.726095587129457
            ],
            [
              78.84644606935585,
              28.72614510632586
            ],
            [
              78.8467327675771,
              28.726271342712757
            ],
            [
              78.84697337234277,
              28.726532972669233
            ],
            [
              78.84701700800771,
              28.726853250089157
            ],
            [
              78.84690730035533,
              28.72776685826995
            ],
            [
              78.84705061128754,
              28.72800815993267
            ],
            [
              78.84771365779876,
              28.72872530909371
            ],
            [
              78.84854823222358,
              28.729492018209395
            ],
            [
              78.84904485235369,
              28.730150555067244
            ],
            [
              78.84904514071289,
              28.730782131147464
            ],
            [
              78.84893511595519,
              28.73103481234295
            ],
            [
              78.84872292041034,
              28.731366449823287
            ],
            [
              78.84829304330925,
              28.731745490142927
            ],
            [
              78.84775311719594,
              28.731930603713124
            ],
            [
              78.84715941523476,
              28.73182251521767
            ],
            [
              78.84648631298225,
              28.731649016320087
            ],
            [
              78.84624305638984,
              28.73141442102164
            ],
            [
              78.84589232625514,
              28.730832587875554
            ],
            [
              78.84524210139799,
              28.730347723658586
            ],
            [
              78.84466883880448,
              28.730280216374855
            ],
            [
              78.84442584182517,
              28.730532942108525
            ],
            [
              78.84227595416138,
              28.729649214668193
            ],
            [
              78.84217890287302,
              28.73032814238368
            ],
            [
              78.84201272802018,
              28.7309891426893
            ],
            [
              78.84238648377224,
              28.731241654024803
            ],
            [
              78.8428830446135,
              28.731591160971657
            ],
            [
              78.84301621176957,
              28.73189346696442
            ],
            [
              78.84309316325341,
              28.73260171278448
            ],
            [
              78.84384295558003,
              28.732639874089568
            ],
            [
              78.84509962320405,
              28.73302751310527
            ],
            [
              78.84644343729208,
              28.733532511138147
            ],
            [
              78.84714466489781,
              28.733647339004765
            ],
            [
              78.84864436633202,
              28.733870257173077
            ],
            [
              78.8511121093844,
              28.735453038979692
            ],
            [
              78.85284254040441,
              28.736686415199205
            ],
            [
              78.85339546244495,
              28.736965952090962
            ],
            [
              78.85383580761406,
              28.737268063734263
            ],
            [
              78.85504671415916,
              28.73810226129025
            ],
            [
              78.85546629207558,
              28.73773450297531
            ],
            [
              78.8559964930276,
              28.73875382979778
            ],
            [
              78.85655700044241,
              28.738821389107233
            ],
            [
              78.85682396896505,
              28.740666363148623
            ],
            [
              78.85688814011736,
              28.7412686738201
            ],
            [
              78.8564146255547,
              28.741210173991742
            ],
            [
              78.85564430043564,
              28.741169815927773
            ],
            [
              78.85534738387803,
              28.741278194846824
            ],
            [
              78.85474100309494,
              28.741715957138517
            ],
            [
              78.85458788705141,
              28.742794211157417
            ],
            [
              78.85450885327272,
              28.743522870821273
            ],
            [
              78.85359775136884,
              28.7435705387166
            ],
            [
              78.8523538883309,
              28.743764833151054
            ],
            [
              78.85161436284965,
              28.743959071302978
            ],
            [
              78.851471056409,
              28.744232050699026
            ],
            [
              78.85095449278127,
              28.74520442988754
            ],
            [
              78.85072183091933,
              28.74598040007605
            ],
            [
              78.85019448840652,
              28.74584519930992
            ],
            [
              78.84959836099407,
              28.746418367130385
            ],
            [
              78.84918111240925,
              28.74620417168768
            ],
            [
              78.84862847064309,
              28.746856237836234
            ],
            [
              78.84622612943495,
              28.745158286770064
            ],
            [
              78.84612728780424,
              28.745088426212035
            ],
            [
              78.84410239891554,
              28.743893399310274
            ],
            [
              78.84254852996803,
              28.742894514390116
            ],
            [
              78.84232835738345,
              28.742671272853705
            ],
            [
              78.84194169104414,
              28.742136684173982
            ],
            [
              78.84128112118817,
              28.741038332131676
            ],
            [
              78.84100722665465,
              28.741164733263336
            ],
            [
              78.8394845544003,
              28.74154398221153
            ],
            [
              78.8384506653735,
              28.741893845369994
            ],
            [
              78.8386582094418,
              28.742866036025763
            ],
            [
              78.83865834778236,
              28.743429922261594
            ],
            [
              78.83875839135894,
              28.744381796158866
            ],
            [
              78.83850515178875,
              28.745013442961753
            ],
            [
              78.83798823781808,
              28.745322579677815
            ],
            [
              78.83695419697601,
              28.745295714218237
            ],
            [
              78.83620427529198,
              28.74520781662427
            ],
            [
              78.8360941517196,
              28.744867256067806
            ],
            [
              78.83586108022588,
              28.74410038566598
            ],
            [
              78.83572015611738,
              28.743360506344658
            ],
            [
              78.83606048286275,
              28.743263484029402
            ],
            [
              78.83572003843807,
              28.742895843122927
            ],
            [
              78.83562011343913,
              28.742710882874835
            ],
            [
              78.83576347916858,
              28.742546218034768
            ],
            [
              78.83560724237772,
              28.742352319089346
            ],
            [
              78.83513367301784,
              28.742011768126925
            ],
            [
              78.8347267649402,
              28.74179751796544
            ],
            [
              78.83410990620767,
              28.741691597808643
            ],
            [
              78.83355967462143,
              28.74175938993492
            ],
            [
              78.83301957064165,
              28.74162413014617
            ],
            [
              78.83273288679345,
              28.741527124333984
            ],
            [
              78.83196248711423,
              28.741107730688196
            ],
            [
              78.83092587439549,
              28.740904827859122
            ],
            [
              78.83008900028355,
              28.74090494285539
            ],
            [
              78.82931863204536,
              28.74092534996386
            ],
            [
              78.82906272807203,
              28.741040491065597
            ],
            [
              78.82871205542953,
              28.741263788858838
            ],
            [
              78.82860203336679,
              28.741566065294435
            ],
            [
              78.82865586760511,
              28.742080367373124
            ],
            [
              78.8289094143991,
              28.74262400939121
            ],
            [
              78.82936249139077,
              28.74338177227446
            ],
            [
              78.8297925930707,
              28.74374045382068
            ],
            [
              78.83024309818568,
              28.743954666917297
            ],
            [
              78.83038636959205,
              28.744110235660397
            ],
            [
              78.83050937231066,
              28.74459523686253
            ],
            [
              78.83043013012279,
              28.745120760127904
            ],
            [
              78.82974666131192,
              28.744926943935024
            ],
            [
              78.82846947796345,
              28.744577465053016
            ],
            [
              78.82747901619243,
              28.74458662111105
            ],
            [
              78.82655503065077,
              28.7447513292043
            ],
            [
              78.82587171904504,
              28.745004091612675
            ],
            [
              78.82549799114076,
              28.745044723860392
            ],
            [
              78.82513201929066,
              28.74484845016489
            ],
            [
              78.82444852083538,
              28.744207922728677
            ],
            [
              78.82384440290848,
              28.743382459872752
            ],
            [
              78.82485787592383,
              28.742468747187342
            ],
            [
              78.82482444961211,
              28.741954502155256
            ],
            [
              78.82441748224565,
              28.741187618247498
            ],
            [
              78.82386466261308,
              28.74127562398064
            ],
            [
              78.82249796124826,
              28.741857699072995
            ],
            [
              78.82295108405398,
              28.74234266189973
            ],
            [
              78.82294081720858,
              28.742624574911467
            ],
            [
              78.8223445855916,
              28.74285696488104
            ],
            [
              78.82178409075321,
              28.742974343873712
            ],
            [
              78.82266453944466,
              28.74370281010077
            ],
            [
              78.82438463894057,
              28.744965840309323
            ],
            [
              78.8258283178404,
              28.746061937095682
            ],
            [
              78.82549816990552,
              28.746170289673962
            ],
            [
              78.8257721174396,
              28.74648152508025
            ],
            [
              78.82480210940929,
              28.747054605923445
            ],
            [
              78.82254469610092,
              28.74828864616399
            ],
            [
              78.8199443626109,
              28.749851995788454
            ],
            [
              78.81958860999546,
              28.750036167628643
            ],
            [
              78.81934036056668,
              28.750218841963225
            ],
            [
              78.81914065968914,
              28.750340708158337
            ],
            [
              78.81940941316427,
              28.750442188655338
            ],
            [
              78.82014658056788,
              28.750516589142073
            ],
            [
              78.82047679407978,
              28.7506112766561
            ],
            [
              78.82108856205963,
              28.75080744580151
            ],
            [
              78.82194859473962,
              28.75124725993763
            ],
            [
              78.82255016324773,
              28.751630696776893
            ],
            [
              78.82278820691654,
              28.75179989705008
            ],
            [
              78.82270385241644,
              28.752070531072697
            ],
            [
              78.82246577820489,
              28.75267282166461
            ],
            [
              78.82223554628578,
              28.753611164703152
            ],
            [
              78.82190796663426,
              28.75423608597047
            ],
            [
              78.8213244201274,
              28.75500079891021
            ],
            [
              78.82093538493066,
              28.7555872982778
            ],
            [
              78.82057448137539,
              28.75611513197634
            ],
            [
              78.81983994244229,
              28.756800869126945
            ],
            [
              78.819356188882,
              28.757267819664673
            ],
            [
              78.81897222377674,
              28.75745059002645
            ],
            [
              78.81875204939556,
              28.757411810917493
            ],
            [
              78.81874179782153,
              28.75741000591903
            ],
            [
              78.81852174740784,
              28.757328784105294
            ],
            [
              78.81733142755408,
              28.756753638046778
            ],
            [
              78.81618463107586,
              28.75627545818639
            ],
            [
              78.81478186235239,
              28.755883040842143
            ],
            [
              78.81368371413835,
              28.75561914303441
            ],
            [
              78.8120403667003,
              28.755357517390365
            ],
            [
              78.81124435964557,
              28.75540488062063
            ],
            [
              78.81096786808259,
              28.75545903868917
            ],
            [
              78.81061460559711,
              28.75549960465413
            ],
            [
              78.81019486867892,
              28.75547254886618
            ],
            [
              78.809851830818,
              28.755553720146608
            ],
            [
              78.80884589197296,
              28.755756686660707
            ],
            [
              78.80738420544492,
              28.75616047012182
            ],
            [
              78.80642435736046,
              28.756471699381635
            ],
            [
              78.80569733283474,
              28.75673559897223
            ],
            [
              78.80544391180489,
              28.756857411885623
            ],
            [
              78.80512139236338,
              28.75708746668042
            ],
            [
              78.80489357601402,
              28.75740323717441
            ],
            [
              78.80487362712653,
              28.757445171882846
            ],
            [
              78.80455560644798,
              28.7581136899279
            ],
            [
              78.80413571861281,
              28.758652781723413
            ],
            [
              78.80389766685916,
              28.758896395059296
            ],
            [
              78.80369801089736,
              28.758578349233236
            ],
            [
              78.80346774214732,
              28.75800312500659
            ],
            [
              78.80322974069932,
              28.757355766172722
            ],
            [
              78.80301468671524,
              28.757091798060117
            ],
            [
              78.80269984068289,
              28.757172982257057
            ],
            [
              78.80253858500454,
              28.757470720632497
            ],
            [
              78.80216482116765,
              28.75794211213373
            ],
            [
              78.801837115752,
              28.75810453584326
            ],
            [
              78.80116134729975,
              28.758436108656593
            ],
            [
              78.80087200174337,
              28.758591666853597
            ],
            [
              78.80028063989353,
              28.758889387795588
            ],
            [
              78.7999381733611,
              28.758920125881325
            ],
            [
              78.79990443084243,
              28.758923153856312
            ],
            [
              78.7995357505717,
              28.758963763363358
            ],
            [
              78.79928240140707,
              28.758808078144085
            ],
            [
              78.79900597542111,
              28.758638922302655
            ],
            [
              78.79863222416063,
              28.758483249199138
            ],
            [
              78.79825596929544,
              28.758435763725743
            ],
            [
              78.79797944179987,
              28.758449275880146
            ],
            [
              78.79768766719894,
              28.758489906834335
            ],
            [
              78.79700674062033,
              28.75855750692944
            ],
            [
              78.79663046958547,
              28.758543946750777
            ],
            [
              78.79635402922646,
              28.75846263683023
            ],
            [
              78.79611602418518,
              28.758259651951043
            ],
            [
              78.79585492076303,
              28.75800248239301
            ],
            [
              78.79561950286977,
              28.757833262244848
            ],
            [
              78.79552733661993,
              28.75758286430745
            ],
            [
              78.79540458632795,
              28.75722421218714
            ],
            [
              78.79502839524316,
              28.75604438726184
            ],
            [
              78.7947367473047,
              28.7554827159525
            ],
            [
              78.79438609262847,
              28.7550179869547
            ],
            [
              78.7939484424052,
              28.75456452168622
            ],
            [
              78.79344691567705,
              28.754120109652387
            ],
            [
              78.7931320822211,
              28.753964409335065
            ],
            [
              78.7928248736653,
              28.753795192880336
            ],
            [
              78.79217219640739,
              28.75364629335656
            ],
            [
              78.79181139256512,
              28.753531140948695
            ],
            [
              78.79146064895568,
              28.753483739853632
            ],
            [
              78.79073113340165,
              28.753585151142143
            ],
            [
              78.79017564397606,
              28.7538963140488
            ],
            [
              78.78969945063722,
              28.754559386120686
            ],
            [
              78.78950735040527,
              28.754848078384207
            ],
            [
              78.78907726220007,
              28.7553285502137
            ],
            [
              78.78881862375502,
              28.75588789991863
            ],
            [
              78.78871866192517,
              28.756320983694255
            ],
            [
              78.78893357577203,
              28.756713445069067
            ],
            [
              78.78919211180916,
              28.756869185388563
            ],
            [
              78.7896103009301,
              28.756962418097196
            ],
            [
              78.7896374731708,
              28.756968475735718
            ],
            [
              78.7902978804317,
              28.75700914506741
            ],
            [
              78.79066387024814,
              28.757009252958234
            ],
            [
              78.79110165881194,
              28.75706345665844
            ],
            [
              78.79173642815464,
              28.75709741467794
            ],
            [
              78.79245058611059,
              28.757368193262312
            ],
            [
              78.79293943581347,
              28.757747217209005
            ],
            [
              78.7932465230967,
              28.758015652821257
            ],
            [
              78.79348457305373,
              28.758245786177927
            ],
            [
              78.79368414726882,
              28.758462331275098
            ],
            [
              78.79384535264153,
              28.758739842689796
            ],
            [
              78.79399116717846,
              28.759348831142802
            ],
            [
              78.79406024043728,
              28.75966241971066
            ],
            [
              78.79402170360989,
              28.76024434114299
            ],
            [
              78.79370681086513,
              28.76086461664981
            ],
            [
              78.79360692808703,
              28.761248092195988
            ],
            [
              78.79362981177056,
              28.761870639152484
            ],
            [
              78.79369625116898,
              28.762551837249454
            ],
            [
              78.79358862131984,
              28.763154140614702
            ],
            [
              78.79344259478052,
              28.76378797565479
            ],
            [
              78.79316087232765,
              28.764356320964705
            ],
            [
              78.79278455907195,
              28.76490212515684
            ],
            [
              78.79258733664626,
              28.7652134267882
            ],
            [
              78.79254121085141,
              28.765429950344494
            ],
            [
              78.79268710893163,
              28.765741274812736
            ],
            [
              78.79287645582723,
              28.76595104719517
            ],
            [
              78.79315290696603,
              28.766086465252688
            ],
            [
              78.79377500377498,
              28.7660797860532
            ],
            [
              78.79440989708519,
              28.765998649730694
            ],
            [
              78.7946837736524,
              28.76599190989148
            ],
            [
              78.7953519333742,
              28.766161179022955
            ],
            [
              78.79565148469052,
              28.765910800274238
            ],
            [
              78.79598177635586,
              28.76548449615496
            ],
            [
              78.79642727066822,
              28.765058231242456
            ],
            [
              78.7968011117602,
              28.764830509160788
            ],
            [
              78.79727470717127,
              28.764661397726886
            ],
            [
              78.79768939106599,
              28.76460050922799
            ],
            [
              78.7979889199244,
              28.764566722167107
            ],
            [
              78.7983114438575,
              28.76458702700609
            ],
            [
              78.79868008280572,
              28.76462766817083
            ],
            [
              78.79899240097886,
              28.76475628502908
            ],
            [
              78.79959134730463,
              28.76503377262453
            ],
            [
              78.79990629933819,
              28.765094733317344
            ],
            [
              78.80015712693185,
              28.765243611000837
            ],
            [
              78.80024918807878,
              28.76558194195226
            ],
            [
              78.8002030919283,
              28.765947388671133
            ],
            [
              78.80005205728126,
              28.766488755121724
            ],
            [
              78.7996910252669,
              28.76708191475665
            ],
            [
              78.79896130399867,
              28.76743379326219
            ],
            [
              78.79860034744279,
              28.767512695275126
            ],
            [
              78.79824711011014,
              28.767406604339186
            ],
            [
              78.79788867782017,
              28.767332110370585
            ],
            [
              78.79758915075837,
              28.767257691156246
            ],
            [
              78.79721292733421,
              28.767129049032366
            ],
            [
              78.79681353815556,
              28.766953099177346
            ],
            [
              78.79652946930314,
              28.76685155913324
            ],
            [
              78.79643980036981,
              28.76716954274205
            ],
            [
              78.79633989064219,
              28.767438022632096
            ],
            [
              78.79608381329408,
              28.768013164156624
            ],
            [
              78.79587130783042,
              28.76834471100771
            ],
            [
              78.79564848521579,
              28.768527442288946
            ],
            [
              78.79526442578742,
              28.768809278311373
            ],
            [
              78.79452964969909,
              28.769154311353677
            ],
            [
              78.79349796693462,
              28.76928279979414
            ],
            [
              78.79313703373495,
              28.769336838847494
            ],
            [
              78.7924380501208,
              28.769553294791695
            ],
            [
              78.79207962501737,
              28.769627707644403
            ],
            [
              78.79173405480567,
              28.76967498329494
            ],
            [
              78.79135770831232,
              28.769580257163174
            ],
            [
              78.79080741204739,
              28.769201136807407
            ],
            [
              78.79040796717315,
              28.769180784832745
            ],
            [
              78.79001631967557,
              28.769214596385165
            ],
            [
              78.7896962652112,
              28.769431061244646
            ],
            [
              78.78924298879356,
              28.769936290369497
            ],
            [
              78.78886142308843,
              28.770430231703497
            ],
            [
              78.78866173299065,
              28.770651183129978
            ],
            [
              78.78843131781521,
              28.770874468787692
            ],
            [
              78.78813932761867,
              28.771104532847993
            ],
            [
              78.7878935368788,
              28.771314221220017
            ],
            [
              78.78770917832799,
              28.771584895994074
            ],
            [
              78.78761179286634,
              28.771880349136588
            ],
            [
              78.78757338629471,
              28.77215781463998
            ],
            [
              78.78751181756178,
              28.772462340245653
            ],
            [
              78.787327373671,
              28.77277354609628
            ],
            [
              78.7871276692002,
              28.773048688747355
            ],
            [
              78.78665400372053,
              28.773337343262018
            ],
            [
              78.78642349691695,
              28.773675707027905
            ],
            [
              78.7859855718092,
              28.77410868865429
            ],
            [
              78.78578836016331,
              28.774383849044085
            ],
            [
              78.78565010944108,
              28.774674769125422
            ],
            [
              78.78548087312977,
              28.775324365378026
            ],
            [
              78.7853528703883,
              28.775599590276574
            ],
            [
              78.78522224366789,
              28.77587699628406
            ],
            [
              78.78513765111421,
              28.776246909182248
            ],
            [
              78.78503770814898,
              28.77655811004318
            ],
            [
              78.7848609700067,
              28.776761164842757
            ],
            [
              78.78463821117242,
              28.77684906185553
            ],
            [
              78.78384711790233,
              28.776815081916777
            ],
            [
              78.78352967394216,
              28.77681496066106
            ],
            [
              78.7833221262806,
              28.777166789809716
            ],
            [
              78.78293795276619,
              28.7778051159182
            ],
            [
              78.78266129860816,
              28.778251693141815
            ],
            [
              78.78242310402236,
              28.778820062032832
            ],
            [
              78.78234103124304,
              28.77913359603069
            ],
            [
              78.78219505500937,
              28.779478646109595
            ],
            [
              78.78205654736897,
              28.780080874610125
            ],
            [
              78.78197955366431,
              28.78071465801303
            ],
            [
              78.78204086458075,
              28.78127641005433
            ],
            [
              78.782263475193,
              28.781862863334794
            ],
            [
              78.78282144037553,
              28.782641223793057
            ],
            [
              78.78308257074715,
              28.78278112371508
            ],
            [
              78.78328994503387,
              28.782607466981137
            ],
            [
              78.78358205021479,
              28.782018785791433
            ],
            [
              78.78384320843419,
              28.781890284691624
            ],
            [
              78.78420427638117,
              28.781815912078493
            ],
            [
              78.7844244399826,
              28.78162199237159
            ],
            [
              78.78450138697488,
              28.781310712136897
            ],
            [
              78.78468580391619,
              28.781046829807764
            ],
            [
              78.78495214361814,
              28.780877744655392
            ],
            [
              78.78519793076471,
              28.78075600229416
            ],
            [
              78.78529786474681,
              28.78046726910047
            ],
            [
              78.78512123619903,
              28.780169467204644
            ],
            [
              78.78497537584802,
              28.779939389277743
            ],
            [
              78.78474758734649,
              28.779668615713696
            ],
            [
              78.78468622522605,
              28.779398006003955
            ],
            [
              78.78493966512053,
              28.779398006003955
            ],
            [
              78.78524441768238,
              28.77924920126815
            ],
            [
              78.78612776793216,
              28.778971916032877
            ],
            [
              78.78651184532683,
              28.778789324296632
            ],
            [
              78.78671145008465,
              28.779026135884436
            ],
            [
              78.78676522683082,
              28.779317135928103
            ],
            [
              78.78654222095984,
              28.780196849639196
            ],
            [
              78.78635000574357,
              28.7808757920421
            ],
            [
              78.78628595137224,
              28.781146457755867
            ],
            [
              78.78622445091126,
              28.781464459212224
            ],
            [
              78.78633194601309,
              28.781775764182814
            ],
            [
              78.7866467300617,
              28.78213449097196
            ],
            [
              78.78711518890596,
              28.782531517854192
            ],
            [
              78.78730712564449,
              28.78275488201263
            ],
            [
              78.78756566168157,
              28.783086495393242
            ],
            [
              78.78766544833998,
              28.783612131162855
            ],
            [
              78.78790335187162,
              28.784266271274358
            ],
            [
              78.78801851678935,
              28.7845708457766
            ],
            [
              78.78801847636514,
              28.785001639902056
            ],
            [
              78.78784929215612,
              28.785549717706594
            ],
            [
              78.78764951941335,
              28.78614974134157
            ],
            [
              78.78745996410863,
              28.78648125732415
            ],
            [
              78.78718326144154,
              28.787049701038438
            ],
            [
              78.78666068628793,
              28.787832315885705
            ],
            [
              78.78637646023037,
              28.788062337823135
            ],
            [
              78.78602299831891,
              28.78835776397872
            ],
            [
              78.78567227177746,
              28.788256161314735
            ],
            [
              78.785073126924,
              28.78800118821646
            ],
            [
              78.78481978225092,
              28.787649256263393
            ],
            [
              78.78452799327698,
              28.78706723808833
            ],
            [
              78.78438466976834,
              28.78683259565919
            ],
            [
              78.78430792938856,
              28.78647393384278
            ],
            [
              78.78440788313361,
              28.78616264761973
            ],
            [
              78.78476125072197,
              28.786216866095142
            ],
            [
              78.78535019071381,
              28.78623729426403
            ],
            [
              78.78600311231345,
              28.785899026355686
            ],
            [
              78.78657676836906,
              28.78557656808266
            ],
            [
              78.78693787404528,
              28.785062407846546
            ],
            [
              78.78703013641484,
              28.78471731561674
            ],
            [
              78.78699186908206,
              28.78414886627435
            ],
            [
              78.78679237122375,
              28.783548750819932
            ],
            [
              78.7864545382016,
              28.78303442312061
            ],
            [
              78.78593993200288,
              28.782556166054096
            ],
            [
              78.78569414216138,
              28.782752367280906
            ],
            [
              78.78479782113718,
              28.783543882796028
            ],
            [
              78.78429070419298,
              28.78404455191547
            ],
            [
              78.78405512190804,
              28.784292637780077
            ],
            [
              78.78378621032942,
              28.784468486747805
            ],
            [
              78.78317153719797,
              28.784833812990854
            ],
            [
              78.78252881686669,
              28.785203599647986
            ],
            [
              78.78219073770613,
              28.78542678723731
            ],
            [
              78.78192956870696,
              28.78562974210479
            ],
            [
              78.78175533057613,
              28.78587333891419
            ],
            [
              78.78172451656523,
              28.786202664708796
            ],
            [
              78.78191385896925,
              28.786764377742802
            ],
            [
              78.78221322792758,
              28.787357645694772
            ],
            [
              78.78229763722491,
              28.787655479814
            ],
            [
              78.78251268132753,
              28.787953206011014
            ],
            [
              78.78275072858965,
              28.78817664988266
            ],
            [
              78.78319354682071,
              28.78865262402631
            ],
            [
              78.78360817861316,
              28.789275283023386
            ],
            [
              78.78401524569259,
              28.789809943641895
            ],
            [
              78.78424548120493,
              28.79035362208788
            ],
            [
              78.7843068747664,
              28.79068520500656
            ],
            [
              78.78405299379912,
              28.79052630702618
            ],
            [
              78.78401467795732,
              28.79050232595443
            ],
            [
              78.78377696576683,
              28.790353544935158
            ],
            [
              78.7833775217909,
              28.790177476007738
            ],
            [
              78.78259671333247,
              28.789744229640135
            ],
            [
              78.78197706892422,
              28.789403535690344
            ],
            [
              78.78165447671917,
              28.789288384947582
            ],
            [
              78.78129350219699,
              28.78923419326222
            ],
            [
              78.78100935878442,
              28.789051384882278
            ],
            [
              78.7804563496073,
              28.788699364361474
            ],
            [
              78.78014403772235,
              28.788523401286177
            ],
            [
              78.7798675838886,
              28.78830002822623
            ],
            [
              78.77960639243153,
              28.788144351347604
            ],
            [
              78.77932230112127,
              28.787988592358246
            ],
            [
              78.77904831765457,
              28.787778806813034
            ],
            [
              78.7786719522966,
              28.787744849330036
            ],
            [
              78.77841081384014,
              28.787880124942713
            ],
            [
              78.77814949212735,
              28.788076287810828
            ],
            [
              78.77794967087554,
              28.788401019912584
            ],
            [
              78.7777190490876,
              28.78901005333712
            ],
            [
              78.77774189144866,
              28.789544637375123
            ],
            [
              78.77797992074443,
              28.79009727875016
            ],
            [
              78.77817945004377,
              28.790733436306557
            ],
            [
              78.7782023031846,
              28.791150738779745
            ],
            [
              78.77811766841009,
              28.79146883018089
            ],
            [
              78.77785646257996,
              28.791631155254766
            ],
            [
              78.77761828416388,
              28.79192881735305
            ],
            [
              78.7774517311203,
              28.79217237504169
            ],
            [
              78.77713683388397,
              28.791962550678758
            ],
            [
              78.7763842172541,
              28.791373605819313
            ],
            [
              78.7757724169349,
              28.79095619874423
            ],
            [
              78.77549080407648,
              28.790665106788
            ],
            [
              78.77529883320196,
              28.7905094043115
            ],
            [
              78.77511457077087,
              28.790279301172333
            ],
            [
              78.77489192692099,
              28.789940885772204
            ],
            [
              78.77462314739469,
              28.789773865109108
            ],
            [
              78.77441062037154,
              28.789570778171896
            ],
            [
              78.77416486466599,
              28.78940154938367
            ],
            [
              78.7741565902839,
              28.789408083017854
            ],
            [
              78.7739420393564,
              28.789577459016567
            ],
            [
              78.77352713088284,
              28.790030746950805
            ],
            [
              78.77335806794638,
              28.790254016319263
            ],
            [
              78.7730992911608,
              28.790454681852292
            ],
            [
              78.77290721428506,
              28.79065760095381
            ],
            [
              78.7727995404185,
              28.790914718373163
            ],
            [
              78.77240016920611,
              28.79090110886524
            ],
            [
              78.77181892058971,
              28.79080614378395
            ],
            [
              78.77117364185649,
              28.790765334893994
            ],
            [
              78.77052836042837,
              28.790914061791433
            ],
            [
              78.77017745781714,
              28.791019934366187
            ],
            [
              78.7697396449988,
              28.79111459221873
            ],
            [
              78.76910451992325,
              28.79114143407637
            ],
            [
              78.76870510289676,
              28.79119539567597
            ],
            [
              78.76832104257011,
              28.791107346214947
            ],
            [
              78.76799328415386,
              28.79118844883899
            ],
            [
              78.76756309084575,
              28.791249232859652
            ],
            [
              78.76730191196512,
              28.791208524125967
            ],
            [
              78.76708685169282,
              28.7909783587611
            ],
            [
              78.76674381742518,
              28.790815887813356
            ],
            [
              78.76616014515415,
              28.790504387030953
            ],
            [
              78.7658145192469,
              28.79033052272188
            ],
            [
              78.76517966276762,
              28.789985246383857
            ],
            [
              78.76486467300482,
              28.790174552072582
            ],
            [
              78.76464949325661,
              28.79043844515804
            ],
            [
              78.76402964403248,
              28.79076074038953
            ],
            [
              78.76335610789367,
              28.791017696951936
            ],
            [
              78.76304877896362,
              28.791085194098176
            ],
            [
              78.76270310724233,
              28.791145975817244
            ],
            [
              78.7621065648082,
              28.79093605334184
            ],
            [
              78.76179935625241,
              28.790814102287136
            ],
            [
              78.76158414596146,
              28.790996747761138
            ],
            [
              78.76148415628384,
              28.79127418209624
            ],
            [
              78.76142258844921,
              28.79150872399494
            ],
            [
              78.76112292843675,
              28.7918401788527
            ],
            [
              78.76084635422875,
              28.791840055252628
            ],
            [
              78.76054162412478,
              28.791907658933933
            ],
            [
              78.76039575119738,
              28.79163015464365
            ],
            [
              78.7601960952356,
              28.791474374094626
            ],
            [
              78.75987359915028,
              28.79127802867581
            ],
            [
              78.75943593635058,
              28.790919217611414
            ],
            [
              78.75903909479405,
              28.790756679653583
            ],
            [
              78.75845792073785,
              28.79063461580942
            ],
            [
              78.75783570804617,
              28.790681778807347
            ],
            [
              78.75752325512573,
              28.790803419045474
            ],
            [
              78.75708536595062,
              28.790852834343003
            ],
            [
              78.75681654600017,
              28.79062948201891
            ],
            [
              78.75626368774,
              28.79021639960759
            ],
            [
              78.75612046394437,
              28.78994569681356
            ],
            [
              78.75612072535412,
              28.7895351719236
            ],
            [
              78.7557829417393,
              28.78915154368417
            ],
            [
              78.75553724532259,
              28.788813104941568
            ],
            [
              78.75528398688779,
              28.788481390890624
            ],
            [
              78.7549411682158,
              28.78794669590437
            ],
            [
              78.75461099243313,
              28.78771873484342
            ],
            [
              78.75393252095016,
              28.78763725083247
            ],
            [
              78.75330251537342,
              28.787684335669645
            ],
            [
              78.75261112970995,
              28.787893793104544
            ],
            [
              78.75226790410115,
              28.78807414480814
            ],
            [
              78.75167625658702,
              28.788405416911928
            ],
            [
              78.75117932024995,
              28.788748061865288
            ],
            [
              78.75094868678391,
              28.789086274869092
            ],
            [
              78.75081018992327,
              28.789329842347225
            ],
            [
              78.7503415541109,
              28.78958000035122
            ],
            [
              78.75021062375995,
              28.79003333629817
            ],
            [
              78.75003365295403,
              28.790572415917378
            ],
            [
              78.74995645533177,
              28.791147577904624
            ],
            [
              78.75010994776942,
              28.79147246576651
            ],
            [
              78.75058593898734,
              28.791950807114926
            ],
            [
              78.75096983222737,
              28.7923028938093
            ],
            [
              78.75189378722632,
              28.79300479791813
            ],
            [
              78.75237746532815,
              28.793465218385542
            ],
            [
              78.75252336879824,
              28.793686335150024
            ],
            [
              78.75195487985216,
              28.793699600267285
            ],
            [
              78.75146575795976,
              28.793780603256213
            ],
            [
              78.75111241462588,
              28.793712740997876
            ],
            [
              78.75035192426257,
              28.79363793910684
            ],
            [
              78.74859551126958,
              28.793310059357246
            ],
            [
              78.74826928717584,
              28.793102747829984
            ],
            [
              78.74812840528814,
              28.793055430838532
            ],
            [
              78.74766733598541,
              28.792780400794395
            ],
            [
              78.74743941722818,
              28.792724149104206
            ],
            [
              78.74695028365764,
              28.79254838806098
            ],
            [
              78.74640226102869,
              28.792462943200213
            ],
            [
              78.74599768407921,
              28.792469860036533
            ],
            [
              78.74562133399262,
              28.792598585850744
            ],
            [
              78.7449941024135,
              28.79279063194958
            ],
            [
              78.74425938381735,
              28.79314285121493
            ],
            [
              78.74389328979635,
              28.793348219729673
            ],
            [
              78.74338653936476,
              28.79374091893198
            ],
            [
              78.74336112422874,
              28.794061290950037
            ],
            [
              78.74383800208385,
              28.795191158653797
            ],
            [
              78.74305706965791,
              28.795356130912925
            ],
            [
              78.74266024516936,
              28.795552545012722
            ],
            [
              78.74233001818273,
              28.795751129927652
            ],
            [
              78.74202555128515,
              28.796170814150326
            ],
            [
              78.74182849055622,
              28.796428124225677
            ],
            [
              78.74139582418614,
              28.79680735266121
            ],
            [
              78.74139082955318,
              28.79681173119986
            ],
            [
              78.74098112142681,
              28.79688177204915
            ],
            [
              78.74038714368285,
              28.797127886082098
            ],
            [
              78.7396447714405,
              28.797430505348423
            ],
            [
              78.73875888075506,
              28.797872927049355
            ],
            [
              78.73787318410574,
              28.798367243837475
            ],
            [
              78.7377731540039,
              28.798202594378118
            ],
            [
              78.737545150805,
              28.797898199033494
            ],
            [
              78.73717357077255,
              28.797422390693715
            ],
            [
              78.73707612063224,
              28.797106646059955
            ],
            [
              78.73689165877515,
              28.79682019779114
            ],
            [
              78.73654837477586,
              28.796459414906384
            ],
            [
              78.7360128593906,
              28.79593178293151
            ],
            [
              78.73566703405733,
              28.795575562136648
            ],
            [
              78.73515468712158,
              28.79514494080497
            ],
            [
              78.73460651357564,
              28.794716511731217
            ],
            [
              78.73418392720136,
              28.79445724428453
            ],
            [
              78.73358460178652,
              28.79426800698988
            ],
            [
              78.7332543658167,
              28.794507197110416
            ],
            [
              78.73271932294529,
              28.79471037677289
            ],
            [
              78.73255026360206,
              28.794568376752643
            ],
            [
              78.73222741358052,
              28.794236903015314
            ],
            [
              78.73168945837094,
              28.793573891760566
            ],
            [
              78.73127693402618,
              28.793064271679636
            ],
            [
              78.73081582340095,
              28.79251180978082
            ],
            [
              78.72876660903269,
              28.790714696137726
            ],
            [
              78.72785731992907,
              28.789916398347497
            ],
            [
              78.72703301773954,
              28.790566301184274
            ],
            [
              78.72285017611243,
              28.79394647205843
            ],
            [
              78.72162650810039,
              28.79493023288999
            ],
            [
              78.72029721258397,
              28.793777984086557
            ],
            [
              78.71894732139305,
              28.792485810640375
            ],
            [
              78.71811497838338,
              28.791922086274333
            ],
            [
              78.71707061320373,
              28.79318096520071
            ],
            [
              78.71675038536453,
              28.792720922147392
            ],
            [
              78.71620761698163,
              28.79309545866551
            ],
            [
              78.71623593008279,
              28.79337737867538
            ],
            [
              78.71570837197429,
              28.793327847274185
            ],
            [
              78.71541133683905,
              28.79313170688248
            ],
            [
              78.7131583980391,
              28.794891599966512
            ],
            [
              78.71107696379656,
              28.79652959926748
            ],
            [
              78.70880337093159,
              28.798381870235676
            ],
            [
              78.7103070725638,
              28.800616980182916
            ],
            [
              78.70890393373439,
              28.801564616988326
            ],
            [
              78.70721657603396,
              28.80272203570896
            ],
            [
              78.70554709390933,
              28.803809432191777
            ],
            [
              78.70321690179158,
              28.805318755356616
            ],
            [
              78.70124228891441,
              28.8042498069418
            ],
            [
              78.70047137000893,
              28.803954432121042
            ],
            [
              78.69997712771938,
              28.80397031484512
            ],
            [
              78.69969287830561,
              28.80429288231733
            ],
            [
              78.699718573716,
              28.804692147741363
            ],
            [
              78.69902463504047,
              28.805325989352227
            ],
            [
              78.69876090135115,
              28.805538044382864
            ],
            [
              78.69834085541254,
              28.805159135816613
            ],
            [
              78.69790040693715,
              28.805723145174138
            ],
            [
              78.6976136736816,
              28.806043395348816
            ],
            [
              78.69734730613186,
              28.805831427933764
            ],
            [
              78.69624343385286,
              28.804557045867924
            ],
            [
              78.69436105010759,
              28.802951151025514
            ],
            [
              78.69327777889302,
              28.803591787079796
            ],
            [
              78.69084234734306,
              28.800930221930514
            ],
            [
              78.68843765614218,
              28.79835432096416
            ],
            [
              78.68693964803225,
              28.796919735095525
            ],
            [
              78.686494017176,
              28.796279061963475
            ],
            [
              78.68764636434437,
              28.795354313187822
            ],
            [
              78.68563883539858,
              28.794118175650212
            ],
            [
              78.68663238467921,
              28.793452730253307
            ],
            [
              78.6869729467832,
              28.79306251295847
            ],
            [
              78.68605871784382,
              28.791623432992782
            ],
            [
              78.68589493610293,
              28.7914407106775
            ],
            [
              78.68587189880746,
              28.791079783999116
            ],
            [
              78.68480792879505,
              28.790269727143777
            ],
            [
              78.68479644563075,
              28.790260985262165
            ],
            [
              78.68451993520316,
              28.79007825189904
            ],
            [
              78.68415626214185,
              28.789771467063602
            ],
            [
              78.68402320278365,
              28.78948950266263
            ],
            [
              78.68384393498555,
              28.789020370676088
            ],
            [
              78.68363909125301,
              28.788666199974475
            ],
            [
              78.6831577047535,
              28.788172207210888
            ],
            [
              78.68283255773977,
              28.78792405499575
            ],
            [
              78.68242290890223,
              28.78755636588831
            ],
            [
              78.68203880096485,
              28.787312770648544
            ],
            [
              78.6807330251392,
              28.786144230998797
            ],
            [
              78.68071881828298,
              28.78614364209517
            ],
            [
              78.67997007788357,
              28.786112629386064
            ],
            [
              78.6794272097877,
              28.786293103053104
            ],
            [
              78.6790712604412,
              28.786417074889343
            ],
            [
              78.67872560578785,
              28.786502801047625
            ],
            [
              78.67845938376522,
              28.786284011275395
            ],
            [
              78.67709721799424,
              28.785625274130634
            ],
            [
              78.67600131197518,
              28.78623645421105
            ],
            [
              78.67530750086043,
              28.78565668063871
            ],
            [
              78.67508466836432,
              28.785830344892204
            ],
            [
              78.67488961267509,
              28.7859741030575
            ],
            [
              78.67469292025542,
              28.786119067175203
            ],
            [
              78.67442660929957,
              28.78629943060867
            ],
            [
              78.67430112992571,
              28.786421267273763
            ],
            [
              78.67414242456447,
              28.78645736428723
            ],
            [
              78.67385306822831,
              28.78665129232385
            ],
            [
              78.67359689655706,
              28.786885839897778
            ],
            [
              78.67209887766734,
              28.788225590902787
            ],
            [
              78.67122561370158,
              28.789008223692157
            ],
            [
              78.67026268888725,
              28.7898517283412
            ],
            [
              78.6697351550333,
              28.790171950919643
            ],
            [
              78.66926661534067,
              28.790368137817865
            ],
            [
              78.66985285409844,
              28.791117046916508
            ],
            [
              78.66884646519745,
              28.79173047629331
            ],
            [
              78.6687798182882,
              28.79198538910003
            ],
            [
              78.66886678059761,
              28.7925831540657
            ],
            [
              78.66916879509444,
              28.793201229044232
            ],
            [
              78.66963480962279,
              28.793688529995627
            ],
            [
              78.67014683226677,
              28.79416676906863
            ],
            [
              78.67068958178503,
              28.794789406942623
            ],
            [
              78.67093793990992,
              28.795208965143438
            ],
            [
              78.6710889583873,
              28.79552253882492
            ],
            [
              78.67127836187674,
              28.795741342274553
            ],
            [
              78.67151909689814,
              28.79591059619735
            ],
            [
              78.67164962570219,
              28.796115796303074
            ],
            [
              78.67166494107947,
              28.796318846873824
            ],
            [
              78.67164693884116,
              28.796824129186206
            ],
            [
              78.67174685216204,
              28.79707904921811
            ],
            [
              78.67184411365615,
              28.797338440035023
            ],
            [
              78.67130118537317,
              28.79767449338636
            ],
            [
              78.67087343997423,
              28.79779170524546
            ],
            [
              78.66992587006305,
              28.79843899976248
            ],
            [
              78.66742375836623,
              28.799940886884443
            ],
            [
              78.66615602529457,
              28.8006286810491
            ],
            [
              78.66475766101088,
              28.80148785433533
            ],
            [
              78.66342837268103,
              28.802446255009983
            ],
            [
              78.66306979576231,
              28.80258612127288
            ],
            [
              78.66192546785449,
              28.801033958127388
            ],
            [
              78.66087590592093,
              28.79955859109898
            ],
            [
              78.6606045078056,
              28.799231439244743
            ],
            [
              78.65978238133567,
              28.799862851706244
            ],
            [
              78.65834809701707,
              28.800834730694213
            ],
            [
              78.65609912877068,
              28.802629783785125
            ],
            [
              78.65579696425517,
              28.802471821865268
            ],
            [
              78.65482667056062,
              28.80175650881061
            ],
            [
              78.65415554819498,
              28.802272890012745
            ],
            [
              78.65347709018678,
              28.801747175140857
            ],
            [
              78.65284477593976,
              28.80106587088107
            ],
            [
              78.65244790473878,
              28.80085822998835
            ],
            [
              78.6518922877524,
              28.800467875892398
            ],
            [
              78.65165689860527,
              28.800095624337672
            ],
            [
              78.65186454328486,
              28.79950464878536
            ],
            [
              78.65131657365649,
              28.79913911495685
            ],
            [
              78.65036127374233,
              28.799558364384488
            ],
            [
              78.6494108956976,
              28.800471708750397
            ],
            [
              78.64861406309114,
              28.801556437318908
            ],
            [
              78.64787384860209,
              28.802038923362726
            ],
            [
              78.64692589061873,
              28.803051483820475
            ],
            [
              78.6464775935627,
              28.80345509605064
            ],
            [
              78.6459114599993,
              28.803915019308143
            ],
            [
              78.64597546137003,
              28.804127103186815
            ],
            [
              78.64617249964108,
              28.804368554252623
            ],
            [
              78.6460520544261,
              28.804578251310776
            ],
            [
              78.64583422285116,
              28.80500224197384
            ],
            [
              78.64526803718545,
              28.80564720186628
            ],
            [
              78.64404736774983,
              28.80663462585265
            ],
            [
              78.6440332650982,
              28.80664603322352
            ],
            [
              78.64284812403207,
              28.805312639127045
            ],
            [
              78.64170394883786,
              28.803938502164257
            ],
            [
              78.64101484489518,
              28.804351057110058
            ],
            [
              78.64006770797201,
              28.803504913106256
            ],
            [
              78.63955826079795,
              28.803112250690237
            ],
            [
              78.63827054110953,
              28.80220726337293
            ],
            [
              78.63716965033896,
              28.801582060282826
            ],
            [
              78.63654728223877,
              28.80187055238035
            ],
            [
              78.63495503995722,
              28.800658599962738
            ],
            [
              78.63331805528632,
              28.801887291879805
            ],
            [
              78.63097646714087,
              28.8037766559643
            ],
            [
              78.62929312041815,
              28.80519920622504
            ],
            [
              78.62739463706639,
              28.806754774718897
            ],
            [
              78.62699239124511,
              28.80695993064608
            ],
            [
              78.6256728873653,
              28.808046561097292
            ],
            [
              78.6247556248152,
              28.808776917172008
            ],
            [
              78.62484246225878,
              28.809142425064945
            ],
            [
              78.62488039541827,
              28.80990033385196
            ],
            [
              78.62493146194721,
              28.81018676899399
            ],
            [
              78.62494923511512,
              28.810518398227217
            ],
            [
              78.62491566956454,
              28.81087929537299
            ],
            [
              78.6246593820106,
              28.81122424904475
            ],
            [
              78.62433389094213,
              28.811585020168536
            ],
            [
              78.62361881131471,
              28.812124728200473
            ],
            [
              78.62229181458711,
              28.813137626697284
            ],
            [
              78.62236866186642,
              28.81338036189098
            ],
            [
              78.62362117298558,
              28.8141087388129
            ],
            [
              78.62396595178154,
              28.814478846644274
            ],
            [
              78.62576525304112,
              28.816498555074237
            ],
            [
              78.62692229121191,
              28.81768326705848
            ],
            [
              78.62716025762562,
              28.817922427831643
            ],
            [
              78.62684531277857,
              28.817931371242643
            ],
            [
              78.62657376015302,
              28.817942520006486
            ],
            [
              78.62593834043007,
              28.81837526899952
            ],
            [
              78.62538226440456,
              28.818835195650287
            ],
            [
              78.62481335235196,
              28.819353694378584
            ],
            [
              78.62438806474366,
              28.819642266341678
            ],
            [
              78.62389163325977,
              28.820083627233835
            ],
            [
              78.62360557913057,
              28.820134440610584
            ],
            [
              78.61990737859924,
              28.822601320656958
            ],
            [
              78.61821662167378,
              28.82371024399609
            ],
            [
              78.61887727417474,
              28.824514406661315
            ],
            [
              78.62014047344918,
              28.825975512345465
            ],
            [
              78.62083476785754,
              28.827061906639447
            ],
            [
              78.62177323603824,
              28.828102353943088
            ],
            [
              78.62324445638636,
              28.829196339277555
            ],
            [
              78.62354711856854,
              28.82990304485807
            ],
            [
              78.62412492394242,
              28.831188854379054
            ],
            [
              78.62451904540026,
              28.83181831113341
            ],
            [
              78.62522565121962,
              28.83255177108007
            ],
            [
              78.62526043308911,
              28.832955602663777
            ],
            [
              78.62547608085958,
              28.833566926942183
            ],
            [
              78.62617994502067,
              28.834634112334747
            ],
            [
              78.62650760282561,
              28.834995159623208
            ],
            [
              78.62681986709983,
              28.835335904372876
            ],
            [
              78.62724736007219,
              28.83590677207033
            ],
            [
              78.62755711355521,
              28.836324238279822
            ],
            [
              78.62814861374561,
              28.836829756201997
            ],
            [
              78.6285812756241,
              28.83730136181335
            ],
            [
              78.6288525659416,
              28.83767594973727
            ],
            [
              78.62897304529255,
              28.837842302635742
            ],
            [
              78.62927265589768,
              28.837721267371894
            ],
            [
              78.6302070511169,
              28.839002846691923
            ],
            [
              78.63135390598558,
              28.84050106507403
            ],
            [
              78.63227295887806,
              28.841732983738307
            ],
            [
              78.63195003878792,
              28.84189306498789
            ],
            [
              78.6329408742581,
              28.843104683923926
            ],
            [
              78.6332816654325,
              28.842967217752634
            ],
            [
              78.63369676075561,
              28.84278692330594
            ],
            [
              78.63506540607472,
              28.841605531230133
            ],
            [
              78.63502440157524,
              28.841461136117946
            ],
            [
              78.63477611441725,
              28.841066311226452
            ],
            [
              78.63503246485325,
              28.840870171014696
            ],
            [
              78.6359319389641,
              28.840229957064395
            ],
            [
              78.63706459326481,
              28.83951076030565
            ],
            [
              78.63842016360496,
              28.838622540364454
            ],
            [
              78.63893272523809,
              28.838250600654604
            ],
            [
              78.63928883628132,
              28.837986809790106
            ],
            [
              78.63981939116958,
              28.837587697189367
            ],
            [
              78.64019344695895,
              28.837301408241522
            ],
            [
              78.64071841342786,
              28.837897088338767
            ],
            [
              78.6416785148372,
              28.83895298366375
            ],
            [
              78.64334553737454,
              28.840767092205468
            ],
            [
              78.64370137802489,
              28.841299526068195
            ],
            [
              78.64394213640252,
              28.84150942731983
            ],
            [
              78.64419839970192,
              28.841320058322662
            ],
            [
              78.64471084904565,
              28.840986335701686
            ],
            [
              78.64500794706294,
              28.841072105092202
            ],
            [
              78.64578404116277,
              28.84161826932732
            ],
            [
              78.6461144972198,
              28.841510118992563
            ],
            [
              78.64656781675657,
              28.841909502973454
            ],
            [
              78.64710563632056,
              28.842333713839736
            ],
            [
              78.64781753501354,
              28.842981282354053
            ],
            [
              78.6486012486236,
              28.843757451203814
            ],
            [
              78.64923116796209,
              28.844580914165185
            ],
            [
              78.64928837357768,
              28.844661326782663
            ],
            [
              78.65088275744287,
              28.846902477134545
            ],
            [
              78.65210163923106,
              28.848788516073103
            ],
            [
              78.65213367674735,
              28.848721027992145
            ],
            [
              78.65228367743347,
              28.848405047037673
            ],
            [
              78.65262201710547,
              28.84800363907086
            ],
            [
              78.65327043006072,
              28.847146670307993
            ],
            [
              78.653841862786,
              28.846684412212976
            ],
            [
              78.65423389027092,
              28.84652661075312
            ],
            [
              78.6546361351939,
              28.846425192291335
            ],
            [
              78.65514593540584,
              28.84647944628649
            ],
            [
              78.65563523965625,
              28.846599084149766
            ],
            [
              78.65596873830718,
              28.846806614958094
            ],
            [
              78.65604507893666,
              28.846854119980513
            ],
            [
              78.65612164414496,
              28.846880856201086
            ],
            [
              78.65688533161239,
              28.84714751695142
            ],
            [
              78.65755387221985,
              28.84752657408771
            ],
            [
              78.65783198075036,
              28.847735787667585
            ],
            [
              78.65825569181537,
              28.848054534811723
            ],
            [
              78.65856319412026,
              28.848162920688246
            ],
            [
              78.65890126339936,
              28.84834344580197
            ],
            [
              78.65956203896954,
              28.84908569931492
            ],
            [
              78.6597054585979,
              28.849566157017893
            ],
            [
              78.65972322368096,
              28.85013908364195
            ],
            [
              78.65965910193599,
              28.850531523874576
            ],
            [
              78.65958976187751,
              28.85083828318744
            ],
            [
              78.65948976411502,
              28.851302946988987
            ],
            [
              78.65940001523161,
              28.851686369933578
            ],
            [
              78.65926670075187,
              28.852024683076248
            ],
            [
              78.65912312481665,
              28.852290843606955
            ],
            [
              78.65888221462376,
              28.852717101094605
            ],
            [
              78.65842857618506,
              28.853235830729783
            ],
            [
              78.658026285448,
              28.85340721627166
            ],
            [
              78.65763430377714,
              28.85332810390912
            ],
            [
              78.6573755593309,
              28.853188217683687
            ],
            [
              78.65702711091704,
              28.85296487786283
            ],
            [
              78.65677105423015,
              28.852576814351664
            ],
            [
              78.65657392522927,
              28.85220006365007
            ],
            [
              78.65636135508693,
              28.851854906638017
            ],
            [
              78.65569016355106,
              28.851363049169727
            ],
            [
              78.6554392290579,
              28.851214148150532
            ],
            [
              78.65519584400639,
              28.85109905236183
            ],
            [
              78.65484994770624,
              28.851083127257226
            ],
            [
              78.65498050795132,
              28.851403482613513
            ],
            [
              78.65516738358158,
              28.851870462611718
            ],
            [
              78.65534403458723,
              28.85227198233036
            ],
            [
              78.65547462717167,
              28.852560705361586
            ],
            [
              78.65551037383177,
              28.853000557631077
            ],
            [
              78.65562306119597,
              28.853336716183744
            ],
            [
              78.65572524276291,
              28.85401789874134
            ],
            [
              78.65596589603764,
              28.854712712627116
            ],
            [
              78.65643214143302,
              28.855089521102215
            ],
            [
              78.6569905270271,
              28.855603899028345
            ],
            [
              78.65698263981889,
              28.856149832754607
            ],
            [
              78.65704921126967,
              28.856503937637324
            ],
            [
              78.65728231330613,
              28.85667542400699
            ],
            [
              78.65763582911651,
              28.856980040920405
            ],
            [
              78.65787655605305,
              28.857322952798985
            ],
            [
              78.65814801076228,
              28.85774258871668
            ],
            [
              78.65833508312356,
              28.85791405416113
            ],
            [
              78.65866037476603,
              28.858103547152513
            ],
            [
              78.65917279536365,
              28.858324680092704
            ],
            [
              78.65986186786529,
              28.858669966687092
            ],
            [
              78.66012067609189,
              28.85880535474
            ],
            [
              78.66016418509437,
              28.858807644197327
            ],
            [
              78.66102250828035,
              28.858979221177897
            ],
            [
              78.66149653757768,
              28.85900408888859
            ],
            [
              78.66196293478836,
              28.858954624891407
            ],
            [
              78.66241133604893,
              28.85886439361278
            ],
            [
              78.66276488330038,
              28.8586749869778
            ],
            [
              78.66302632898066,
              28.858478850860447
            ],
            [
              78.66333386182829,
              28.858248808199317
            ],
            [
              78.663659307981,
              28.857921817926737
            ],
            [
              78.66385670288321,
              28.857493268685058
            ],
            [
              78.66402338797913,
              28.856715133129565
            ],
            [
              78.66440580259221,
              28.85593219634593
            ],
            [
              78.66443871866086,
              28.85586480416691
            ],
            [
              78.66446848613441,
              28.855932717192157
            ],
            [
              78.66493803283849,
              28.8570039689206
            ],
            [
              78.66606251516505,
              28.858903384379357
            ],
            [
              78.66687960028963,
              28.86034490899385
            ],
            [
              78.66708956711423,
              28.86073284202448
            ],
            [
              78.66738172439744,
              28.86058628317772
            ],
            [
              78.66823226817309,
              28.861125511341175
            ],
            [
              78.66946725855098,
              28.861809127373125
            ],
            [
              78.66968495987015,
              28.862185841684656
            ],
            [
              78.6699257649602,
              28.862603182761642
            ],
            [
              78.67022548336314,
              28.86275209736724
            ],
            [
              78.67011782836117,
              28.863146828922876
            ],
            [
              78.67003320167152,
              28.863618220022623
            ],
            [
              78.66962575190979,
              28.863618227103096
            ],
            [
              78.6697050857258,
              28.86433999964801
            ],
            [
              78.66982288989382,
              28.864854330234174
            ],
            [
              78.6698893858861,
              28.86603396584717
            ],
            [
              78.6698944739439,
              28.866124227090907
            ],
            [
              78.66979118834746,
              28.866188804889987
            ],
            [
              78.66931009380042,
              28.866489598902092
            ],
            [
              78.66906449889333,
              28.86659595319437
            ],
            [
              78.66898727342328,
              28.86662939564185
            ],
            [
              78.66901022897204,
              28.8666683976565
            ],
            [
              78.66902729426751,
              28.866697392105223
            ],
            [
              78.66924085525156,
              28.867060227177895
            ],
            [
              78.66938687640102,
              28.86727451888139
            ],
            [
              78.66961742812036,
              28.86765803082476
            ],
            [
              78.66975060695451,
              28.86824455077668
            ],
            [
              78.67001690892722,
              28.869063316105542
            ],
            [
              78.67027044943302,
              28.87018893532456
            ],
            [
              78.67040359592781,
              28.870827345890376
            ],
            [
              78.6705726319148,
              28.871499518304777
            ],
            [
              78.67059558387031,
              28.872234841289686
            ],
            [
              78.67057227258869,
              28.87266116568142
            ],
            [
              78.67056734173609,
              28.872751343290986
            ],
            [
              78.67066898431388,
              28.87283093960797
            ],
            [
              78.6712386572395,
              28.873277044118485
            ],
            [
              78.67208411565231,
              28.874086850878886
            ],
            [
              78.67267857040166,
              28.874641888020992
            ],
            [
              78.67294506371553,
              28.87493959677737
            ],
            [
              78.673319230896,
              28.874802053123652
            ],
            [
              78.67344841761701,
              28.875023900199324
            ],
            [
              78.67378555085158,
              28.87559302871088
            ],
            [
              78.67449530975753,
              28.87660816879711
            ],
            [
              78.67536398962045,
              28.87769019720288
            ],
            [
              78.67542799099117,
              28.877769917167335
            ],
            [
              78.67548458215911,
              28.877691194627037
            ],
            [
              78.67563555212746,
              28.877481177625217
            ],
            [
              78.67593037561046,
              28.876687246136928
            ],
            [
              78.67705548136783,
              28.87582563514554
            ],
            [
              78.6780780498254,
              28.875435528354156
            ],
            [
              78.6791569121086,
              28.87530470396581
            ],
            [
              78.6801947510277,
              28.87539724467609
            ],
            [
              78.68075859927704,
              28.875239424650495
            ],
            [
              78.68096608225987,
              28.875397273781413
            ],
            [
              78.68194248988829,
              28.875997320906553
            ],
            [
              78.68229354700975,
              28.876220711144732
            ],
            [
              78.68254722405945,
              28.876374078185282
            ],
            [
              78.68309559074319,
              28.877066588096632
            ],
            [
              78.68352609486836,
              28.877587593823076
            ],
            [
              78.68448972306354,
              28.878383904996134
            ],
            [
              78.68521234943763,
              28.87909892505943
            ],
            [
              78.6864424655568,
              28.880337307657097
            ],
            [
              78.686972923427,
              28.88102296121506
            ],
            [
              78.68787760686818,
              28.88202899314082
            ],
            [
              78.68869261239286,
              28.88316355914632
            ],
            [
              78.68870801131345,
              28.883411688871057
            ],
            [
              78.68897457110265,
              28.883905659997467
            ],
            [
              78.68958195171064,
              28.884609439868
            ],
            [
              78.68984857887351,
              28.885166579097845
            ],
            [
              78.69048671420356,
              28.886066532376976
            ],
            [
              78.69075331531528,
              28.886222190251665
            ],
            [
              78.69143508720857,
              28.88704548124215
            ],
            [
              78.69165801941769,
              28.887410824315868
            ],
            [
              78.69090202242738,
              28.88787552833394
            ],
            [
              78.69014595087694,
              28.888110104272442
            ],
            [
              78.68910790714195,
              28.888617690685283
            ],
            [
              78.68715235921006,
              28.88953123898651
            ],
            [
              78.6864300759924,
              28.889967195681834
            ],
            [
              78.68635269960538,
              28.89001389917981
            ],
            [
              78.6864199627589,
              28.890082204384253
            ],
            [
              78.68768547878847,
              28.891367327224902
            ],
            [
              78.6888542633299,
              28.892537962337048
            ],
            [
              78.69017174779695,
              28.893776269629
            ],
            [
              78.69012816064105,
              28.893947725163432
            ],
            [
              78.691120069598,
              28.894883744334734
            ],
            [
              78.69180196725544,
              28.89552210065392
            ],
            [
              78.69154818420454,
              28.89568001176391
            ],
            [
              78.69271955499566,
              28.89652360204458
            ],
            [
              78.69326815524137,
              28.897019766380748
            ],
            [
              78.69295803614403,
              28.897412289119497
            ],
            [
              78.69322463096753,
              28.89786791824835
            ],
            [
              78.69358090370753,
              28.898325746667183
            ],
            [
              78.6947369833759,
              28.899408388728865
            ],
            [
              78.69535737338583,
              28.900044482939226
            ],
            [
              78.69614957787198,
              28.900826550985304
            ],
            [
              78.69621868526679,
              28.900894774364197
            ],
            [
              78.69629066277892,
              28.900963021291243
            ],
            [
              78.69678006764067,
              28.901427056737937
            ],
            [
              78.69738510634073,
              28.90220750297813
            ],
            [
              78.69815688134065,
              28.903560743740044
            ],
            [
              78.69889774980322,
              28.904812603800664
            ],
            [
              78.69947464338712,
              28.905477933975714
            ],
            [
              78.70041018036504,
              28.90455075992379
            ],
            [
              78.70120984086802,
              28.904081518239835
            ],
            [
              78.7021428472918,
              28.903533316685618
            ],
            [
              78.70310152576974,
              28.90331894092875
            ],
            [
              78.7032988883326,
              28.903515175630716
            ],
            [
              78.70378344319012,
              28.904184970718045
            ],
            [
              78.70473718991717,
              28.90521115866752
            ],
            [
              78.7050526171595,
              28.90565551432696
            ],
            [
              78.70538592357094,
              28.906084060717458
            ],
            [
              78.70557506026076,
              28.906372181259005
            ],
            [
              78.70562900499189,
              28.906454360277575
            ],
            [
              78.70566436357979,
              28.90650822119249
            ],
            [
              78.70573975199505,
              28.90662306372705
            ],
            [
              78.70587048920824,
              28.906814812894783
            ],
            [
              78.70694498388254,
              28.90870484524045
            ],
            [
              78.70730911238967,
              28.90956645235393
            ],
            [
              78.707496415618,
              28.91015966038037
            ],
            [
              78.70754144277329,
              28.91049068934218
            ],
            [
              78.70754519144297,
              28.910518244307575
            ],
            [
              78.70733748388129,
              28.910613013642266
            ],
            [
              78.70611483905039,
              28.911346291942312
            ],
            [
              78.7056766237868,
              28.911743296971583
            ],
            [
              78.70541524188688,
              28.912438126623574
            ],
            [
              78.70534357070025,
              28.913085442301163
            ],
            [
              78.70550266772696,
              28.914204288178468
            ],
            [
              78.70530199127901,
              28.914540685110666
            ],
            [
              78.70526182311109,
              28.914608018780424
            ],
            [
              78.70522513321994,
              28.914675380714424
            ],
            [
              78.70502343628581,
              28.91504568971369
            ],
            [
              78.70343409915593,
              28.91576543471785
            ],
            [
              78.70058091955782,
              28.917161951108895
            ],
            [
              78.69715864914244,
              28.91876602212799
            ],
            [
              78.69562810495124,
              28.91957362395066
            ],
            [
              78.69530771002538,
              28.919215029652644
            ],
            [
              78.69366184730451,
              28.920354187662163
            ],
            [
              78.69267217425431,
              28.91953091712573
            ],
            [
              78.6917953466718,
              28.91994373461468
            ],
            [
              78.69052892514044,
              28.920482903073374
            ],
            [
              78.68902655660814,
              28.921290396386002
            ],
            [
              78.68679610084311,
              28.922314498985866
            ],
            [
              78.68595566311444,
              28.922849383313665
            ],
            [
              78.68587823821841,
              28.922898657268398
            ],
            [
              78.68580069743972,
              28.92295897277777
            ],
            [
              78.68404254620668,
              28.924326495725012
            ],
            [
              78.68332201290715,
              28.924764016356164
            ],
            [
              78.68421428612271,
              28.925670789794736
            ],
            [
              78.68535259801308,
              28.9269023701093
            ],
            [
              78.6861961304379,
              28.9278881199397
            ],
            [
              78.68734995443658,
              28.92892792902721
            ],
            [
              78.6878729778495,
              28.929656547647742
            ],
            [
              78.68746532776346,
              28.929861771661145
            ],
            [
              78.68810629817659,
              28.930592637785747
            ],
            [
              78.68764254201284,
              28.930801404179178
            ],
            [
              78.68756526623716,
              28.930836190019896
            ],
            [
              78.68759409407294,
              28.930904083110477
            ],
            [
              78.68812174201295,
              28.93214676292929
            ],
            [
              78.6886576041479,
              28.932796363700927
            ],
            [
              78.68948576190667,
              28.933793329048495
            ],
            [
              78.68903456239394,
              28.93407529933908
            ],
            [
              78.69036278622022,
              28.935424071618947
            ],
            [
              78.69197814125572,
              28.93369176779348
            ],
            [
              78.69350893338189,
              28.93488714835367
            ],
            [
              78.69533193938521,
              28.93371865619689
            ],
            [
              78.69586785721572,
              28.93400052134181
            ],
            [
              78.69814199356145,
              28.93268990268599
            ],
            [
              78.69878304122966,
              28.932407890888964
            ],
            [
              78.69922146220745,
              28.9328048318019
            ],
            [
              78.69968822772738,
              28.933589696988776
            ],
            [
              78.7000935907027,
              28.935082894865893
            ],
            [
              78.70059067705843,
              28.934914997943284
            ],
            [
              78.70066796541055,
              28.93488889367033
            ],
            [
              78.70069926720662,
              28.934956803760738
            ],
            [
              78.70112956112601,
              28.935890338146983
            ],
            [
              78.70136308896393,
              28.936697780640493
            ],
            [
              78.70171184190667,
              28.9372503823642
            ],
            [
              78.70120160421517,
              28.93751888735774
            ],
            [
              78.69922469434584,
              28.938317564139428
            ],
            [
              78.70018650974079,
              28.94007681497218
            ],
            [
              78.69851220366306,
              28.940925054237052
            ],
            [
              78.69889942605957,
              28.94161529860829
            ],
            [
              78.69962791124597,
              28.943225693702782
            ],
            [
              78.70017160130031,
              28.943566273715074
            ],
            [
              78.70179466837249,
              28.942657100367125
            ],
            [
              78.7033152277893,
              28.94200046584227
            ],
            [
              78.70449495021764,
              28.943310865342198
            ],
            [
              78.70540805087302,
              28.944436299649233
            ],
            [
              78.70604412816279,
              28.94491438162602
            ],
            [
              78.70661917481043,
              28.945288681344373
            ],
            [
              78.7066955729321,
              28.94533840685882
            ],
            [
              78.7067722450399,
              28.94536180038771
            ],
            [
              78.70731622165682,
              28.94552777095206
            ],
            [
              78.70835452141166,
              28.94461408999769
            ],
            [
              78.70895207714541,
              28.945192263805716
            ],
            [
              78.7095805340266,
              28.945800324900958
            ],
            [
              78.71030912701085,
              28.94695504299871
            ],
            [
              78.71148657041331,
              28.948757094302646
            ],
            [
              78.7127256050066,
              28.95032219400047
            ],
            [
              78.71364141318423,
              28.9512491183632
            ],
            [
              78.71355171999637,
              28.951445402281113
            ],
            [
              78.71461884399375,
              28.952868473928554
            ],
            [
              78.71558094325628,
              28.954259981789715
            ],
            [
              78.71647901689362,
              28.955676269916857
            ],
            [
              78.7176867191481,
              28.95492267668675
            ],
            [
              78.71886876641639,
              28.95434038729669
            ],
            [
              78.71943543537569,
              28.953889121948798
            ],
            [
              78.72029947903341,
              28.953153663022213
            ],
            [
              78.72135062110357,
              28.95234580168458
            ],
            [
              78.7223761962224,
              28.951610242974333
            ],
            [
              78.72418387696696,
              28.950540615124293
            ],
            [
              78.72607337986085,
              28.949234092786522
            ],
            [
              78.72795272370718,
              28.94814179584844
            ],
            [
              78.72673904316447,
              28.94624295410524
            ],
            [
              78.7254588190188,
              28.94478845891843
            ],
            [
              78.72418129700547,
              28.943489541999554
            ],
            [
              78.72675982209533,
              28.940373791246962
            ],
            [
              78.72838741218494,
              28.938512433116838
            ],
            [
              78.72924865938721,
              28.937871584284082
            ],
            [
              78.731915894908,
              28.93899849509602
            ],
            [
              78.7337907049571,
              28.939676861898732
            ],
            [
              78.73425486266777,
              28.939811990244877
            ],
            [
              78.73815819529088,
              28.9410330759121
            ],
            [
              78.73890204256692,
              28.941438815163085
            ],
            [
              78.74132909822517,
              28.943747636860962
            ],
            [
              78.74447684977793,
              28.946281619630753
            ],
            [
              78.74511554655506,
              28.94647528663289
            ],
            [
              78.7456468111124,
              28.947192389153763
            ],
            [
              78.74577036988818,
              28.948155464959825
            ],
            [
              78.746345556673,
              28.949456680007895
            ],
            [
              78.74707373373727,
              28.949224026375948
            ],
            [
              78.74747102355312,
              28.948833671976708
            ],
            [
              78.74839717313634,
              28.949514429273115
            ],
            [
              78.74895514909863,
              28.948734067064763
            ],
            [
              78.74922457810688,
              28.94852669827947
            ],
            [
              78.74943752105003,
              28.94833960435497
            ],
            [
              78.74976076812692,
              28.94815923970633
            ],
            [
              78.75001216255747,
              28.948075945278237
            ],
            [
              78.75022500129607,
              28.94796099693953
            ],
            [
              78.7504917290702,
              28.94793850877525
            ],
            [
              78.75080970573134,
              28.947949972174197
            ],
            [
              78.75109951032685,
              28.947974874385764
            ],
            [
              78.75131756288734,
              28.94782843005272
            ],
            [
              78.75157406873187,
              28.9477653399997
            ],
            [
              78.75184343485802,
              28.94762562108853
            ],
            [
              78.75214614015931,
              28.947425014333383
            ],
            [
              78.75255914600108,
              28.94710719004809
            ],
            [
              78.75292854761894,
              28.946834405283326
            ],
            [
              78.75338264060518,
              28.946482704971093
            ],
            [
              78.75406228528789,
              28.946367990691837
            ],
            [
              78.7540906621694,
              28.946126651651852
            ],
            [
              78.75465023084472,
              28.945141204994023
            ],
            [
              78.75506333999274,
              28.944780471319923
            ],
            [
              78.75568175101414,
              28.943912268121178
            ],
            [
              78.75609987365972,
              28.94368468032006
            ],
            [
              78.7561698416406,
              28.943652251625608
            ],
            [
              78.75624091544755,
              28.943619311161875
            ],
            [
              78.75635114412283,
              28.943664445796994
            ],
            [
              78.7585816861261,
              28.94457885991546
            ],
            [
              78.75986100656664,
              28.945057584265403
            ],
            [
              78.76131989035096,
              28.945705447801675
            ],
            [
              78.7636888654345,
              28.946655967863304
            ],
            [
              78.76504261668619,
              28.947200036977463
            ],
            [
              78.76658868196887,
              28.9478479720118
            ],
            [
              78.76816306394592,
              28.948416903955447
            ],
            [
              78.76900650743754,
              28.94887276573077
            ],
            [
              78.77000440186923,
              28.9482482527799
            ],
            [
              78.77082790904974,
              28.947393672391495
            ],
            [
              78.77152071225476,
              28.94631797638978
            ],
            [
              78.77202364035477,
              28.94544965165319
            ],
            [
              78.77222898804217,
              28.944899352129337
            ],
            [
              78.77237784517297,
              28.944601729283875
            ],
            [
              78.77246533209849,
              28.943902471615335
            ],
            [
              78.77268865327811,
              28.94324165813336
            ],
            [
              78.77285044525068,
              28.94260558199796
            ],
            [
              78.77263015498683,
              28.94199197333672
            ],
            [
              78.77295342541991,
              28.941572566273674
            ],
            [
              78.77318941015008,
              28.94129522467645
            ],
            [
              78.77361015587636,
              28.94072465934148
            ],
            [
              78.77403097885772,
              28.9401563832452
            ],
            [
              78.77436963294008,
              28.93959251979747
            ],
            [
              78.7748853692194,
              28.93873105995494
            ],
            [
              78.77499197588742,
              28.938626174192162
            ],
            [
              78.77534683467917,
              28.938963498162515
            ],
            [
              78.77627480065587,
              28.939584071904655
            ],
            [
              78.77810015485531,
              28.940874747224175
            ],
            [
              78.7790717771582,
              28.941562922841584
            ],
            [
              78.78018959578198,
              28.942339112877267
            ],
            [
              78.78158943060778,
              28.943286759916194
            ],
            [
              78.78225102005159,
              28.943318558260987
            ],
            [
              78.78317664861191,
              28.943408922107345
            ],
            [
              78.78398698289712,
              28.94351288799303
            ],
            [
              78.78512030644269,
              28.94378605490669
            ],
            [
              78.78606394891942,
              28.943953177288062
            ],
            [
              78.78691800241286,
              28.94366913181104
            ],
            [
              78.78719753117984,
              28.943572149122197
            ],
            [
              78.78803616778634,
              28.943105366877194
            ],
            [
              78.7884336669097,
              28.942624977937857
            ],
            [
              78.78875682864661,
              28.942509988175264
            ],
            [
              78.78906718220425,
              28.94197778378353
            ],
            [
              78.78964182191508,
              28.941019184957824
            ],
            [
              78.79039308388552,
              28.941632837900396
            ],
            [
              78.79176219543024,
              28.94255339697307
            ],
            [
              78.79255699155598,
              28.94309705291061
            ],
            [
              78.79342616818721,
              28.943976880857008
            ],
            [
              78.7944823848404,
              28.945429694181566
            ],
            [
              78.79527495583919,
              28.944629022058752
            ],
            [
              78.79608534402328,
              28.9439028261511
            ],
            [
              78.7968830129613,
              28.943165345963266
            ],
            [
              78.79703336938029,
              28.943029147368556
            ],
            [
              78.79725490470915,
              28.942817945055147
            ],
            [
              78.79756261182992,
              28.942748107049628
            ],
            [
              78.79801901168982,
              28.94260604502276
            ],
            [
              78.79841661142446,
              28.942229407116173
            ],
            [
              78.79872687425222,
              28.942035460177785
            ],
            [
              78.79903713618168,
              28.94184151287635
            ],
            [
              78.79942702208298,
              28.941550528746337
            ],
            [
              78.7997654399084,
              28.94164528780086
            ],
            [
              78.80106291440248,
              28.94238298162785
            ],
            [
              78.80153475809875,
              28.942669507694024
            ],
            [
              78.8020655708035,
              28.94201993579112
            ],
            [
              78.80288867194551,
              28.94221621911638
            ],
            [
              78.80371430633662,
              28.942798277940476
            ],
            [
              78.80484767569628,
              28.943621622332383
            ],
            [
              78.80546567888251,
              28.944099814193258
            ],
            [
              78.80617335908693,
              28.945006601639225
            ],
            [
              78.80663497815863,
              28.945978749645114
            ],
            [
              78.80816591581191,
              28.94553223677438
            ],
            [
              78.80979098972043,
              28.94495650020865
            ],
            [
              78.80981478699063,
              28.944948069261315
            ],
            [
              78.81004813426718,
              28.945198418972375
            ],
            [
              78.81213043358731,
              28.943734537885014
            ],
            [
              78.81410235690853,
              28.942854870607075
            ],
            [
              78.81560248234757,
              28.943684883923048
            ],
            [
              78.81338177240505,
              28.944783383833766
            ],
            [
              78.81160982843915,
              28.94568340800904
            ],
            [
              78.81073536432413,
              28.946220265900532
            ],
            [
              78.81015321200256,
              28.946770566268622
            ],
            [
              78.80959674700655,
              28.947575811775042
            ],
            [
              78.80940185570903,
              28.948247975294603
            ],
            [
              78.80931211670712,
              28.948769108648428
            ],
            [
              78.80920182335316,
              28.949466008277998
            ],
            [
              78.80908897429222,
              28.949734502839
            ],
            [
              78.80878374472498,
              28.94989238565134
            ],
            [
              78.80835297559678,
              28.949795311316482
            ],
            [
              78.80735534976135,
              28.949305875085486
            ],
            [
              78.80660407072295,
              28.948561493891827
            ],
            [
              78.8063399462665,
              28.948293034021923
            ],
            [
              78.8057860576387,
              28.947864461617755
            ],
            [
              78.80546539501489,
              28.94857491769243
            ],
            [
              78.8052909421867,
              28.949741068062185
            ],
            [
              78.80519342736768,
              28.950742593805888
            ],
            [
              78.8051523923255,
              28.95156137883956
            ],
            [
              78.80529846198397,
              28.952702685697428
            ],
            [
              78.80531121536606,
              28.9540831748178
            ],
            [
              78.80620629042696,
              28.953979472643855
            ],
            [
              78.80603952088941,
              28.954466656822085
            ],
            [
              78.80540084118027,
              28.955274107817612
            ],
            [
              78.80476222614983,
              28.95573870511218
            ],
            [
              78.80448529980225,
              28.95544549077186
            ],
            [
              78.80404418926852,
              28.95567330268778
            ],
            [
              78.80429033663953,
              28.95599131527071
            ],
            [
              78.8048339584219,
              28.95699055537535
            ],
            [
              78.80549823023517,
              28.957768846343974
            ],
            [
              78.80632145175143,
              28.95863503914043
            ],
            [
              78.8066881557285,
              28.958817719170668
            ],
            [
              78.80683690865469,
              28.958892164071248
            ],
            [
              78.80783966297207,
              28.95835766698426
            ],
            [
              78.80857575868556,
              28.95789076037012
            ],
            [
              78.80897333057243,
              28.95741033310396
            ],
            [
              78.80915034898904,
              28.956918548887277
            ],
            [
              78.80962226185558,
              28.95641337020653
            ],
            [
              78.81029925201662,
              28.956205811646345
            ],
            [
              78.81124303013894,
              28.956654671915718
            ],
            [
              78.81170209799525,
              28.956977274933507
            ],
            [
              78.81233303063334,
              28.956485553113254
            ],
            [
              78.8125972476163,
              28.956758490884646
            ],
            [
              78.81299471889186,
              28.957146455027644
            ],
            [
              78.81354095387339,
              28.957717120125306
            ],
            [
              78.81393855899795,
              28.95828778207789
            ],
            [
              78.8142770675532,
              28.958858371717607
            ],
            [
              78.81399754866767,
              28.95913809973039
            ],
            [
              78.8131563114384,
              28.959929866838632
            ],
            [
              78.81224333385222,
              28.961017010745007
            ],
            [
              78.81166875343018,
              28.961977949831606
            ],
            [
              78.81079931269427,
              28.962956866038407
            ],
            [
              78.80988626593778,
              28.964177094892122
            ],
            [
              78.80970923404642,
              28.965147025769184
            ],
            [
              78.80872170976637,
              28.965350070785433
            ],
            [
              78.80845758980152,
              28.966139493863885
            ],
            [
              78.80860368281617,
              28.96729433570166
            ],
            [
              78.80870627670981,
              28.968083824116274
            ],
            [
              78.80870629557445,
              28.968765019935862
            ],
            [
              78.80898579290036,
              28.969207110869064
            ],
            [
              78.80995792275138,
              28.969633443891937
            ],
            [
              78.8106658922133,
              28.969931215639125
            ],
            [
              78.8113738347258,
              28.970373270940325
            ],
            [
              78.81191757328916,
              28.97016582210248
            ],
            [
              78.81230233609841,
              28.970643977844944
            ],
            [
              78.81274347088667,
              28.970210901942888
            ],
            [
              78.81315640486321,
              28.96930414185613
            ],
            [
              78.81362835905223,
              28.96838388264655
            ],
            [
              78.81383351899179,
              28.96783795214907
            ],
            [
              78.81415671216975,
              28.967429754964822
            ],
            [
              78.8141438563797,
              28.9667688133794
            ],
            [
              78.8143336802807,
              28.966626753649226
            ],
            [
              78.81483642692105,
              28.966626715138272
            ],
            [
              78.81602910664904,
              28.966847744187387
            ],
            [
              78.81738338880506,
              28.96719728789764
            ],
            [
              78.81725256625192,
              28.96615972085213
            ],
            [
              78.81818102001384,
              28.965744614099165
            ],
            [
              78.81867595939603,
              28.965841583098896
            ],
            [
              78.81932231880252,
              28.966073870086422
            ],
            [
              78.81977892078335,
              28.966475355197982
            ],
            [
              78.82037406094726,
              28.96740239117745
            ],
            [
              78.82094356498963,
              28.968406147097888
            ],
            [
              78.82150286776364,
              28.96939854779027
            ],
            [
              78.82214933227301,
              28.970368394372695
            ],
            [
              78.8224648448553,
              28.970645811366627
            ],
            [
              78.82326006678248,
              28.971496106886203
            ],
            [
              78.824124568581,
              28.97256067715299
            ],
            [
              78.82419638619301,
              28.972594479965544
            ],
            [
              78.82429136955957,
              28.972691520350878
            ],
            [
              78.82438627297607,
              28.97278617625188
            ],
            [
              78.82449653129575,
              28.97300946493868
            ],
            [
              78.82460428690902,
              28.973232827017075
            ],
            [
              78.82462486821048,
              28.97348094165948
            ],
            [
              78.82464282104144,
              28.973731327697173
            ],
            [
              78.82457877924652,
              28.97405380676933
            ],
            [
              78.82451473565496,
              28.9743763767843
            ],
            [
              78.82444543961397,
              28.974692217118946
            ],
            [
              78.82437885468846,
              28.975007984975043
            ],
            [
              78.82440191174688,
              28.975445595708624
            ],
            [
              78.82446100202795,
              28.975865136710244
            ],
            [
              78.82465863767864,
              28.97654850608623
            ],
            [
              78.8248176439755,
              28.976952278277853
            ],
            [
              78.82492805411044,
              28.977171074656237
            ],
            [
              78.82507420192233,
              28.97720487124754
            ],
            [
              78.82557696113906,
              28.977065002671125
            ],
            [
              78.8267800164086,
              28.976742250073812
            ],
            [
              78.8278137527218,
              28.976487276381775
            ],
            [
              78.82948613281154,
              28.976085616354908
            ],
            [
              78.83046336958492,
              28.97587338596245
            ],
            [
              78.83108409376817,
              28.975460549257512
            ],
            [
              78.83189964007862,
              28.974871749673255
            ],
            [
              78.83293830275286,
              28.973946772812166
            ],
            [
              78.83320515898609,
              28.974269280290414
            ],
            [
              78.83357216210217,
              28.975038391227024
            ],
            [
              78.8337185012552,
              28.975683425879
            ],
            [
              78.83348005064956,
              28.97651807120108
            ],
            [
              78.83305450702136,
              28.97751516266988
            ],
            [
              78.83197993329536,
              28.978785187089642
            ],
            [
              78.83088984566437,
              28.97949811463005
            ],
            [
              78.83022814033791,
              28.979854640996543
            ],
            [
              78.82993319468405,
              28.98017717485222
            ],
            [
              78.83011032269512,
              28.980993668214595
            ],
            [
              78.83044912679611,
              28.98214399869871
            ],
            [
              78.83052370403267,
              28.983366558346273
            ],
            [
              78.83077276464013,
              28.984570953888177
            ],
            [
              78.83069702228863,
              28.985465817622252
            ],
            [
              78.83068570261774,
              28.985599552721837
            ],
            [
              78.82924152605122,
              28.986364421036253
            ],
            [
              78.8281385754437,
              28.986984827776133
            ],
            [
              78.82844653499109,
              28.98784645192357
            ],
            [
              78.82850565940814,
              28.988595247964522
            ],
            [
              78.82843389030518,
              28.98928322898009
            ],
            [
              78.8285648440123,
              28.989955365272067
            ],
            [
              78.82844717369326,
              28.99175986600644
            ],
            [
              78.8285370663071,
              28.992265141658237
            ],
            [
              78.82866794635245,
              28.99261470400118
            ],
            [
              78.82890400384616,
              28.99286731608202
            ],
            [
              78.82947602766289,
              28.992542415075174
            ],
            [
              78.82972749306039,
              28.992400335731066
            ],
            [
              78.83005079942609,
              28.99307469582605
            ],
            [
              78.83027155501726,
              28.99343554407509
            ],
            [
              78.83077177379838,
              28.993372276742548
            ],
            [
              78.831113135403,
              28.993780570361746
            ],
            [
              78.83112851905223,
              28.9938076317375
            ],
            [
              78.83159289864678,
              28.993830083221663
            ],
            [
              78.83172369425046,
              28.99390225967369
            ],
            [
              78.83152369064065,
              28.994048935042866
            ],
            [
              78.83132097771194,
              28.99419549705915
            ],
            [
              78.83151858102333,
              28.99428117677347
            ],
            [
              78.83179816907908,
              28.994296963613543
            ],
            [
              78.83210096780518,
              28.994184129926246
            ],
            [
              78.83225738964897,
              28.994148053198
            ],
            [
              78.83241130788804,
              28.994111959171132
            ],
            [
              78.83258581371682,
              28.994048696966846
            ],
            [
              78.83275771173633,
              28.993985507796797
            ],
            [
              78.83317329304802,
              28.99379823596202
            ],
            [
              78.8333553932342,
              28.993703496356716
            ],
            [
              78.83353751408166,
              28.993606463896125
            ],
            [
              78.83375301722337,
              28.993518474351923
            ],
            [
              78.83396854192466,
              28.9934281927462
            ],
            [
              78.83448424855959,
              28.99364689927184
            ],
            [
              78.83409429528463,
              28.993859019338473
            ],
            [
              78.83359924271473,
              28.994071106755
            ],
            [
              78.83327088781712,
              28.99425159019208
            ],
            [
              78.8327628932189,
              28.994409589745835
            ],
            [
              78.832473041911,
              28.99453141110505
            ],
            [
              78.8318393182073,
              28.994831582287972
            ],
            [
              78.83104407831384,
              28.995188046368806
            ],
            [
              78.83043609583459,
              28.995510673050195
            ],
            [
              78.82999232718592,
              28.995943760895518
            ],
            [
              78.82952549698727,
              28.996555150706254
            ],
            [
              78.82895595521566,
              28.996990526083767
            ],
            [
              78.82861477596909,
              28.99730189427708
            ],
            [
              78.82796824498439,
              28.99722301184639
            ],
            [
              78.8274038298981,
              28.997060670849223
            ],
            [
              78.82571040767115,
              28.996659342143
            ],
            [
              78.82476115341886,
              28.996519562731745
            ],
            [
              78.82439421138825,
              28.996149662041674
            ],
            [
              78.82412980575907,
              28.99508284929703
            ],
            [
              78.82370897559119,
              28.99450318704426
            ],
            [
              78.82328557085171,
              28.994063385392774
            ],
            [
              78.82281099627697,
              28.993786005266557
            ],
            [
              78.82186164859988,
              28.993461227363795
            ],
            [
              78.82128185435595,
              28.993438723155393
            ],
            [
              78.82080977979267,
              28.993808697189166
            ],
            [
              78.82046718300457,
              28.9945744240844
            ],
            [
              78.82028006123595,
              28.995348811795935
            ],
            [
              78.82027568733882,
              28.995360797947768
            ],
            [
              78.81988641229194,
              28.99642747189621
            ],
            [
              78.81967606098837,
              28.997494371335392
            ],
            [
              78.81943757085685,
              28.998581592767334
            ],
            [
              78.81965064764898,
              28.99962593882808
            ],
            [
              78.81983876025937,
              29.00004045707946
            ],
            [
              78.81997581173069,
              29.000506570884674
            ],
            [
              78.82050312909067,
              29.001433971297644
            ],
            [
              78.82119456236488,
              29.0023298487379
            ],
            [
              78.82120967292624,
              29.00270330836791
            ],
            [
              78.82131995729705,
              29.003627633651224
            ],
            [
              78.82145295377319,
              29.0041264387996
            ],
            [
              78.82163642658513,
              29.004415978193634
            ],
            [
              78.82205057688057,
              29.004713721303276
            ],
            [
              78.82234447689545,
              29.005102058730415
            ],
            [
              78.82340551390843,
              29.005149448068458
            ],
            [
              78.82393865774137,
              29.005467765834467
            ],
            [
              78.8242935291095,
              29.005738942622067
            ],
            [
              78.82459558582715,
              29.00608177912337
            ],
            [
              78.82478873618967,
              29.006528589353557
            ],
            [
              78.82494582997329,
              29.00723710600818
            ],
            [
              78.82504463028148,
              29.007814210348307
            ],
            [
              78.82547195257396,
              29.009474428145356
            ],
            [
              78.82558931656752,
              29.01005166375611
            ],
            [
              78.82562902030644,
              29.01058249996321
            ],
            [
              78.82552613176537,
              29.01121706084114
            ],
            [
              78.8252595863492,
              29.012230364635816
            ],
            [
              78.82502791622733,
              29.013106336037193
            ],
            [
              78.82500508913765,
              29.013545047971974
            ],
            [
              78.82501372733739,
              29.014206638832718
            ],
            [
              78.82480672674988,
              29.014833833143204
            ],
            [
              78.82431365586343,
              29.015386975316343
            ],
            [
              78.82383955739583,
              29.0159074382414
            ],
            [
              78.82367387841305,
              29.016102746377047
            ],
            [
              78.82355452914271,
              29.016514533920507
            ],
            [
              78.82359038629559,
              29.01665888886989
            ],
            [
              78.82381851436033,
              29.016948746645497
            ],
            [
              78.82406951622711,
              29.017179834786273
            ],
            [
              78.82460966332597,
              29.01755713314878
            ],
            [
              78.8248365867499,
              29.017578412145543
            ],
            [
              78.82514202921789,
              29.017567541695794
            ],
            [
              78.82582008298421,
              29.017533278326077
            ],
            [
              78.82668443566237,
              29.01749377374725
            ],
            [
              78.82752711289106,
              29.017375461021413
            ],
            [
              78.82784383460574,
              29.017351561380266
            ],
            [
              78.8284041066619,
              29.017178840275392
            ],
            [
              78.82919680971304,
              29.0168309069858
            ],
            [
              78.83008676707173,
              29.01643134007956
            ],
            [
              78.83102564039264,
              29.015986293841564
            ],
            [
              78.83133971567047,
              29.015844399909096
            ],
            [
              78.83157094921113,
              29.015806853095565
            ],
            [
              78.8318930248849,
              29.015612675614854
            ],
            [
              78.83201883573706,
              29.01566281510935
            ],
            [
              78.83215169656756,
              29.015794767977177
            ],
            [
              78.83233650966592,
              29.015946805953412
            ],
            [
              78.83259400365726,
              29.016276188854736
            ],
            [
              78.83294249788524,
              29.016842079952237
            ],
            [
              78.83311055111531,
              29.017190518315076
            ],
            [
              78.83313798656239,
              29.017433071042706
            ],
            [
              78.83303204734263,
              29.01760911617168
            ],
            [
              78.8328742762293,
              29.017752150654147
            ],
            [
              78.83267274009363,
              29.01780302438388
            ],
            [
              78.83243337859625,
              29.017906141764094
            ],
            [
              78.83220342784985,
              29.018205758803603
            ],
            [
              78.83207325657528,
              29.018584656711713
            ],
            [
              78.83243663498918,
              29.01874459391709
            ],
            [
              78.8327410111569,
              29.0188580873526
            ],
            [
              78.83293520715837,
              29.018800562964547
            ],
            [
              78.83310585472303,
              29.0188738500144
            ],
            [
              78.83316385355101,
              29.019038071104468
            ],
            [
              78.83309464374828,
              29.0192668128828
            ],
            [
              78.8331453024421,
              29.01942438063909
            ],
            [
              78.83332568864272,
              29.019648431133312
            ],
            [
              78.83356943481695,
              29.01986634062873
            ],
            [
              78.83384294217659,
              29.02009106807781
            ],
            [
              78.8340718400975,
              29.020302269785354
            ],
            [
              78.83430067603463,
              29.02052016297618
            ],
            [
              78.83450306017994,
              29.020390557807623
            ],
            [
              78.83474785558644,
              29.020497197270437
            ],
            [
              78.83496974035995,
              29.020656008995818
            ],
            [
              78.83526913716604,
              29.02090053625109
            ],
            [
              78.83591182695461,
              29.02146855198356
            ],
            [
              78.83625118172286,
              29.02181162771505
            ],
            [
              78.83635570609606,
              29.02178617220263
            ],
            [
              78.83653651180992,
              29.02157785481778
            ],
            [
              78.83671635183484,
              29.021461282771835
            ],
            [
              78.83696880178589,
              29.021541759373715
            ],
            [
              78.8371906111009,
              29.02172018233547
            ],
            [
              78.83735228180089,
              29.02195059760948
            ],
            [
              78.83778948556147,
              29.02161306418276
            ],
            [
              78.83848451119847,
              29.021116530354476
            ],
            [
              78.83988917177393,
              29.02017635476733
            ],
            [
              78.84079677114653,
              29.019417270747482
            ],
            [
              78.84137395219129,
              29.01869548419316
            ],
            [
              78.84210403817555,
              29.017657923189862
            ],
            [
              78.84227886290624,
              29.01716173720022
            ],
            [
              78.84284317019467,
              29.01654361137128
            ],
            [
              78.84335841599389,
              29.015997173098885
            ],
            [
              78.84368696133433,
              29.01590128099603
            ],
            [
              78.8439849927012,
              29.015890322386642
            ],
            [
              78.84428217066852,
              29.015971019359124
            ],
            [
              78.84463772565462,
              29.016176703853755
            ],
            [
              78.84573882393602,
              29.017095019311657
            ],
            [
              78.84657779471586,
              29.01777568492223
            ],
            [
              78.84803321279982,
              29.019037144167857
            ],
            [
              78.84843670638107,
              29.018496399353005
            ],
            [
              78.84907339093195,
              29.01730240228971
            ],
            [
              78.85007248461453,
              29.015979923713356
            ],
            [
              78.8509488513613,
              29.015036497029108
            ],
            [
              78.85137832601716,
              29.014502433787715
            ],
            [
              78.8526818919872,
              29.01326726920331
            ],
            [
              78.85356913014554,
              29.01275618074462
            ],
            [
              78.8539129926599,
              29.01261454633302
            ],
            [
              78.8543019506015,
              29.012433908776217
            ],
            [
              78.85457088014644,
              29.012344167681103
            ],
            [
              78.85507151035597,
              29.012164327027115
            ],
            [
              78.85559027575442,
              29.012030444819658
            ],
            [
              78.85588884072061,
              29.01196052860898
            ],
            [
              78.85637340905285,
              29.011905046065845
            ],
            [
              78.85681286488982,
              29.011901671940674
            ],
            [
              78.85721444865277,
              29.0119568740288
            ],
            [
              78.85806495559744,
              29.012192180965215
            ],
            [
              78.85853302726782,
              29.01231999191916
            ],
            [
              78.85923064544272,
              29.01258032767017
            ],
            [
              78.85962975973695,
              29.012904167997405
            ],
            [
              78.85981734862952,
              29.013154365097723
            ],
            [
              78.85999341842519,
              29.013443802993685
            ],
            [
              78.86032158198167,
              29.013387197078604
            ],
            [
              78.86064282401883,
              29.01327820295229
            ],
            [
              78.86088871267505,
              29.013266841845976
            ],
            [
              78.8613574086745,
              29.01331600207145
            ],
            [
              78.86175091837967,
              29.013456289033897
            ],
            [
              78.86253281739288,
              29.013874501377877
            ],
            [
              78.86274726321749,
              29.014039729670813
            ],
            [
              78.86310218309467,
              29.014317324894524
            ],
            [
              78.86343907108915,
              29.01493540826995
            ],
            [
              78.8636913746148,
              29.015441518808228
            ],
            [
              78.86368927165871,
              29.015670750888376
            ],
            [
              78.86360454884934,
              29.015971442777516
            ],
            [
              78.86220072011378,
              29.016380657350826
            ],
            [
              78.8618604876915,
              29.016535443133982
            ],
            [
              78.86165819876761,
              29.01665848430773
            ],
            [
              78.8617729953761,
              29.01794302009889
            ],
            [
              78.86194874267662,
              29.01948344511605
            ],
            [
              78.86226208492917,
              29.020644999831642
            ],
            [
              78.86249482674118,
              29.02124923035688
            ],
            [
              78.86269253605374,
              29.022023517158775
            ],
            [
              78.86265994607355,
              29.022324576241203
            ],
            [
              78.86251302571053,
              29.022913004261746
            ],
            [
              78.86239524310206,
              29.023167627021934
            ],
            [
              78.86203740998839,
              29.023204410002567
            ],
            [
              78.86114367072236,
              29.02320457417373
            ],
            [
              78.8600555009945,
              29.023288503292104
            ],
            [
              78.8589111937479,
              29.023398240156084
            ],
            [
              78.85850878802651,
              29.023428098818442
            ],
            [
              78.85737706797369,
              29.023393915943586
            ],
            [
              78.85612185921373,
              29.023417690076535
            ],
            [
              78.85572643340205,
              29.023493514175197
            ],
            [
              78.85529305197302,
              29.023647619263343
            ],
            [
              78.85467185078438,
              29.02397068730627
            ],
            [
              78.85395768833688,
              29.024286489253043
            ],
            [
              78.85367333741344,
              29.024428545968092
            ],
            [
              78.85321054963359,
              29.024536605368553
            ],
            [
              78.8528520436818,
              29.024645407735942
            ],
            [
              78.85252991590576,
              29.024846131833694
            ],
            [
              78.85241908985086,
              29.025146627343553
            ],
            [
              78.85195967973645,
              29.026499086673613
            ],
            [
              78.85193008923099,
              29.02687871528426
            ],
            [
              78.85196379671538,
              29.02725888762014
            ],
            [
              78.85198858482735,
              29.027802700952687
            ],
            [
              78.85221618378436,
              29.028564100157052
            ],
            [
              78.85234715635615,
              29.028892537176656
            ],
            [
              78.8526746848037,
              29.029720095366905
            ],
            [
              78.8526743739866,
              29.030158959014248
            ],
            [
              78.85277605159867,
              29.03044126368666
            ],
            [
              78.8530640020714,
              29.030711887150453
            ],
            [
              78.85338978958391,
              29.03091724302996
            ],
            [
              78.85382022992871,
              29.031084022807324
            ],
            [
              78.85501883314771,
              29.031551064758396
            ],
            [
              78.85530053673597,
              29.031697165150824
            ],
            [
              78.85568624277624,
              29.03186362085149
            ],
            [
              78.85610837639962,
              29.03212868595566
            ],
            [
              78.85740935342501,
              29.03280606517955
            ],
            [
              78.85781748680465,
              29.03297267460794
            ],
            [
              78.85823284533414,
              29.033159043669453
            ],
            [
              78.8589183335578,
              29.03353724894114
            ],
            [
              78.85927348430201,
              29.033795229906904
            ],
            [
              78.85954646704548,
              29.03408534668323
            ],
            [
              78.86005710538558,
              29.03443609019902
            ],
            [
              78.86043827134043,
              29.03470075991442
            ],
            [
              78.86063055123542,
              29.034852814038963
            ],
            [
              78.86071781897202,
              29.035082672205455
            ],
            [
              78.86090865617264,
              29.035391818328605
            ],
            [
              78.86103929636779,
              29.035759563938477
            ],
            [
              78.86159013341855,
              29.03620884392087
            ],
            [
              78.86237366107736,
              29.036862796833383
            ],
            [
              78.86286115791741,
              29.037305114935748
            ],
            [
              78.86326994257566,
              29.03781231670816
            ],
            [
              78.86388267714274,
              29.03840611414761
            ],
            [
              78.86453985765516,
              29.03903303581519
            ],
            [
              78.86475672174451,
              29.039348958188132
            ],
            [
              78.86491034264125,
              29.03965783314128
            ],
            [
              78.86475890465067,
              29.03991881309932
            ],
            [
              78.86453340595477,
              29.04014645306839
            ],
            [
              78.8644333947176,
              29.04048625375843
            ],
            [
              78.86446008815624,
              29.041226581372797
            ],
            [
              78.86452282829231,
              29.041698512676252
            ],
            [
              78.8646162369122,
              29.042079096152744
            ],
            [
              78.86462944214688,
              29.042675239256205
            ],
            [
              78.86455186902882,
              29.043002089719064
            ],
            [
              78.86442321141551,
              29.04322390732918
            ],
            [
              78.8635691426507,
              29.04376147861156
            ],
            [
              78.8626564579153,
              29.04459330923633
            ],
            [
              78.86237767115676,
              29.044931929834238
            ],
            [
              78.86227046800738,
              29.045258660844695
            ],
            [
              78.8621273349416,
              29.04584058514085
            ],
            [
              78.86213233406615,
              29.046102576677576
            ],
            [
              78.86219729214265,
              29.046332273139083
            ],
            [
              78.8623590409961,
              29.046562653897006
            ],
            [
              78.8627634733168,
              29.046729222268876
            ],
            [
              78.86317340242871,
              29.046706006376454
            ],
            [
              78.8638230829068,
              29.046540309683607
            ],
            [
              78.86424972786953,
              29.046320695776764
            ],
            [
              78.86483259704669,
              29.046115203269867
            ],
            [
              78.86522934967002,
              29.045901882919054
            ],
            [
              78.86569136579706,
              29.045885536167795
            ],
            [
              78.86594362979683,
              29.046005191342854
            ],
            [
              78.86607681402083,
              29.046097789284058
            ],
            [
              78.86548128039482,
              29.046866430112757
            ],
            [
              78.86501415734539,
              29.047439556001287
            ],
            [
              78.86478888592326,
              29.047640981829762
            ],
            [
              78.86454877343435,
              29.04782268708445
            ],
            [
              78.8641865143213,
              29.047924887069335
            ],
            [
              78.8636286614282,
              29.047835786229125
            ],
            [
              78.86302696356267,
              29.04764820914652
            ],
            [
              78.86242508962737,
              29.047480150144555
            ],
            [
              78.86179726066857,
              29.04729889035083
            ],
            [
              78.8614483127914,
              29.0471784513509
            ],
            [
              78.86127249362565,
              29.046856311949572
            ],
            [
              78.86103840074745,
              29.04638307467115
            ],
            [
              78.86068622342684,
              29.0457977262291
            ],
            [
              78.86034376228433,
              29.045369546079563
            ],
            [
              78.86067345657001,
              29.045155760050577
            ],
            [
              78.86095760716911,
              29.04503990730015
            ],
            [
              78.86128656124302,
              29.04491777167911
            ],
            [
              78.86078661015985,
              29.044193794795135
            ],
            [
              78.8604614730276,
              29.04430935713188
            ],
            [
              78.86008810534771,
              29.044418067977524
            ],
            [
              78.85960155892523,
              29.044663459374036
            ],
            [
              78.85923450999506,
              29.044890083637238
            ],
            [
              78.85892876299825,
              29.044927230344722
            ],
            [
              78.85860979010548,
              29.044780875381072
            ],
            [
              78.8582723739016,
              29.04462128086728
            ],
            [
              78.85799106108048,
              29.044429365184655
            ],
            [
              78.85819413872518,
              29.044214681910933
            ],
            [
              78.85866206397017,
              29.043556519759456
            ],
            [
              78.85932894179605,
              29.042722963980616
            ],
            [
              78.85968232106255,
              29.042371770342395
            ],
            [
              78.86008142188201,
              29.041903028346113
            ],
            [
              78.86062610277813,
              29.041402596143172
            ],
            [
              78.86097780488997,
              29.041221687727937
            ],
            [
              78.86128444391389,
              29.041086376903834
            ],
            [
              78.8617253289705,
              29.04093882193999
            ],
            [
              78.86204754388311,
              29.04073148565034
            ],
            [
              78.86245919776039,
              29.04051827668728
            ],
            [
              78.8628880337141,
              29.04045578272372
            ],
            [
              78.86289716598725,
              29.040279039078378
            ],
            [
              78.86253375882727,
              29.040099653899908
            ],
            [
              78.86195524827589,
              29.039833590626277
            ],
            [
              78.86118276360686,
              29.039598872095066
            ],
            [
              78.86094519155358,
              29.039505434243836
            ],
            [
              78.86057251827143,
              29.03952900125222
            ],
            [
              78.86039080615745,
              29.03984860632995
            ],
            [
              78.86043109020802,
              29.040333579631593
            ],
            [
              78.86030850610437,
              29.040699524046868
            ],
            [
              78.8600627018898,
              29.041103822365013
            ],
            [
              78.85931689089652,
              29.042015464355707
            ],
            [
              78.85822222724748,
              29.04319317636482
            ],
            [
              78.85757589838374,
              29.043810745262892
            ],
            [
              78.85650648278407,
              29.044667638192138
            ],
            [
              78.85577590272645,
              29.045540044637765
            ],
            [
              78.85529722015596,
              29.046152290636257
            ],
            [
              78.85505514215316,
              29.046556603714
            ],
            [
              78.85499300029508,
              29.04682471585024
            ],
            [
              78.85427757122301,
              29.046936287348533
            ],
            [
              78.85337268296595,
              29.047299748710415
            ],
            [
              78.8526780588759,
              29.047664708756237
            ],
            [
              78.85181786899075,
              29.04805487781496
            ],
            [
              78.85103495757622,
              29.048221036983133
            ],
            [
              78.85020774125191,
              29.048294392673657
            ],
            [
              78.84931907656886,
              29.04852586927637
            ],
            [
              78.84824886326527,
              29.048874916911135
            ],
            [
              78.84797619762708,
              29.049110716131768
            ],
            [
              78.84800316415358,
              29.049441240296527
            ],
            [
              78.84778959238973,
              29.049783235146283
            ],
            [
              78.8478468249548,
              29.05010068578643
            ],
            [
              78.84808453894192,
              29.05039303723578
            ],
            [
              78.84818734214302,
              29.050644821674798
            ],
            [
              78.84792981401569,
              29.05086762332148
            ],
            [
              78.84794225298742,
              29.05114515564881
            ],
            [
              78.84827129779116,
              29.05131928292801
            ],
            [
              78.84731935128795,
              29.051880530916893
            ],
            [
              78.84591376185445,
              29.05274234964683
            ],
            [
              78.84634302540621,
              29.05344568990944
            ],
            [
              78.84651795523985,
              29.054028230007
            ],
            [
              78.84691897396245,
              29.054572799846436
            ],
            [
              78.84711288340137,
              29.054719560251
            ],
            [
              78.8473359530527,
              29.054972117038645
            ],
            [
              78.8479315423743,
              29.055570964678665
            ],
            [
              78.84848221682999,
              29.056143000951867
            ],
            [
              78.84951044377554,
              29.057075184108555
            ],
            [
              78.84998688864266,
              29.05755419886101
            ],
            [
              78.8502075166731,
              29.0580710671482
            ],
            [
              78.85072302388204,
              29.05919772135274
            ],
            [
              78.8510610230925,
              29.060006064620435
            ],
            [
              78.85149928417016,
              29.05974505302983
            ],
            [
              78.85196783015101,
              29.05945767662145
            ],
            [
              78.85273786960583,
              29.059066869113614
            ],
            [
              78.85332620862476,
              29.058820031810676
            ],
            [
              78.85365786662763,
              29.05870352616988
            ],
            [
              78.85436781507815,
              29.058312280780484
            ],
            [
              78.855108288282,
              29.057868363679688
            ],
            [
              78.85569661562283,
              29.057621518796292
            ],
            [
              78.8567704392556,
              29.056876134813663
            ],
            [
              78.85778319272039,
              29.05623598634707
            ],
            [
              78.85932390404396,
              29.055388227888358
            ],
            [
              78.86003284368641,
              29.05510253629586
            ],
            [
              78.86042525205703,
              29.05490065701899
            ],
            [
              78.86100119073176,
              29.054376260158012
            ],
            [
              78.860718135179,
              29.05411000597257
            ],
            [
              78.86112718304362,
              29.053742987751
            ],
            [
              78.86179699656385,
              29.052809734760515
            ],
            [
              78.86255473628579,
              29.052114857134576
            ],
            [
              78.86376605515763,
              29.051119347704883
            ],
            [
              78.8651866428631,
              29.050244279148956
            ],
            [
              78.865310375912,
              29.05004827621289
            ],
            [
              78.86584691717331,
              29.05043849436859
            ],
            [
              78.86636026213739,
              29.05051416511723
            ],
            [
              78.86710496999949,
              29.050532533282183
            ],
            [
              78.86773681712256,
              29.050687585122255
            ],
            [
              78.86857269410456,
              29.05092271583818
            ],
            [
              78.8691157553382,
              29.051011694647077
            ],
            [
              78.86962237192078,
              29.051002158009656
            ],
            [
              78.86990598892062,
              29.05094522165871
            ],
            [
              78.87054549418148,
              29.050661557965444
            ],
            [
              78.87106947160525,
              29.050383586924326
            ],
            [
              78.87165328760672,
              29.05008641996884
            ],
            [
              78.87199030495857,
              29.04989237135624
            ],
            [
              78.87252877580113,
              29.04966032533147
            ],
            [
              78.87369163864824,
              29.04916419970083
            ],
            [
              78.87467621735246,
              29.05043734390328
            ],
            [
              78.87538626641425,
              29.051274562789327
            ],
            [
              78.87440085317516,
              29.05218045377375
            ],
            [
              78.87439902420523,
              29.052381809877836
            ],
            [
              78.87448816313255,
              29.05265089633142
            ],
            [
              78.87474509477855,
              29.052948014278716
            ],
            [
              78.87504820162678,
              29.053191744935884
            ],
            [
              78.87516705143379,
              29.05355498636704
            ],
            [
              78.87517970240795,
              29.053850389811334
            ],
            [
              78.8752376742865,
              29.05418634779104
            ],
            [
              78.8758028376694,
              29.055841395028356
            ],
            [
              78.87622006020311,
              29.056971863214123
            ],
            [
              78.87643462999525,
              29.058570732193743
            ],
            [
              78.87581963077531,
              29.05903624730526
            ],
            [
              78.87371286673671,
              29.06068583086458
            ],
            [
              78.87249864630651,
              29.06156323635678
            ],
            [
              78.87365108240812,
              29.062443790923147
            ],
            [
              78.87361832084966,
              29.06268516236033
            ],
            [
              78.87146212341928,
              29.064723706044028
            ],
            [
              78.87056186328259,
              29.065554722189653
            ],
            [
              78.87120876257656,
              29.065715271288656
            ],
            [
              78.87178860083793,
              29.065759584721178
            ],
            [
              78.872231421764,
              29.0657626979753
            ],
            [
              78.87260046675071,
              29.06546998337097
            ],
            [
              78.87310832480502,
              29.065044060650532
            ],
            [
              78.87358831891584,
              29.064309156930268
            ],
            [
              78.87385127017251,
              29.063935222083202
            ],
            [
              78.87425268415387,
              29.06345474509205
            ],
            [
              78.87442502055124,
              29.062972752771316
            ],
            [
              78.87462682258823,
              29.062611768222308
            ],
            [
              78.87484348725162,
              29.062291121026274
            ],
            [
              78.87512007673097,
              29.062091696261106
            ],
            [
              78.87553341764432,
              29.061973792712365
            ],
            [
              78.87610056810064,
              29.061736165868364
            ],
            [
              78.87679254395725,
              29.061204099988498
            ],
            [
              78.87736153057001,
              29.060751733785214
            ],
            [
              78.8776825489267,
              29.06071374395127
            ],
            [
              78.87783416658034,
              29.060835604886353
            ],
            [
              78.87803036312997,
              29.061091961291236
            ],
            [
              78.87807262886409,
              29.0614815141998
            ],
            [
              78.87797629982123,
              29.062004371246825
            ],
            [
              78.87778937298701,
              29.06240579307532
            ],
            [
              78.87739893102857,
              29.06336946511336
            ],
            [
              78.87713392173153,
              29.063971703936133
            ],
            [
              78.87683676262883,
              29.06474813492768
            ],
            [
              78.87671156622427,
              29.06508280267035
            ],
            [
              78.87776893811093,
              29.064660711658895
            ],
            [
              78.87845849210954,
              29.06439707988077
            ],
            [
              78.87911638588429,
              29.064254022097586
            ],
            [
              78.87924218326172,
              29.063852173250712
            ],
            [
              78.87955552731091,
              29.062968431002318
            ],
            [
              78.87995909904558,
              29.062246445691077
            ],
            [
              78.88037631888432,
              29.061698973390207
            ],
            [
              78.88068212786493,
              29.061647397327427
            ],
            [
              78.88095602060181,
              29.061756728279214
            ],
            [
              78.88113798065082,
              29.061892179240274
            ],
            [
              78.88122774839884,
              29.062094169678307
            ],
            [
              78.88119572884887,
              29.062255075155697
            ],
            [
              78.88100818936361,
              29.062736968754784
            ],
            [
              78.88086717003367,
              29.06313862329198
            ],
            [
              78.88097228909159,
              29.063327339012517
            ],
            [
              78.88130599794826,
              29.063571268135018
            ],
            [
              78.88165625377253,
              29.063681036758496
            ],
            [
              78.88190055780055,
              29.063682739071456
            ],
            [
              78.88243386872011,
              29.063807255965592
            ],
            [
              78.88293734389413,
              29.063851089676863
            ],
            [
              78.88327226817142,
              29.063960748859973
            ],
            [
              78.88374407324011,
              29.06413854178175
            ],
            [
              78.88418545416675,
              29.06428926794067
            ],
            [
              78.88447349716596,
              29.06451948923839
            ],
            [
              78.88408297974902,
              29.06549664593168
            ],
            [
              78.8847506633637,
              29.065957633818346
            ],
            [
              78.88516134975544,
              29.066134997728074
            ],
            [
              78.88551187507423,
              29.066204523129073
            ],
            [
              78.88577286261375,
              29.066045300178825
            ],
            [
              78.88591204129564,
              29.065858375725337
            ],
            [
              78.88628345334311,
              29.06531057398192
            ],
            [
              78.88679465941848,
              29.064495284080692
            ],
            [
              78.8871219561007,
              29.063759372963855
            ],
            [
              78.88714152769579,
              29.063276216041206
            ],
            [
              78.8869937593231,
              29.062724897768224
            ],
            [
              78.88736286539526,
              29.06243214784134
            ],
            [
              78.88766867168093,
              29.06238056036716
            ],
            [
              78.88800369926446,
              29.062490301205727
            ],
            [
              78.88815462341871,
              29.062679237971036
            ],
            [
              78.88830456661266,
              29.062988968826048
            ],
            [
              78.88833127442436,
              29.063418738103255
            ],
            [
              78.88846166758282,
              29.064198152292185
            ],
            [
              78.88868339694775,
              29.065018433637743
            ],
            [
              78.88888665964542,
              29.0661876951393
            ],
            [
              78.88922472622953,
              29.06594843697672
            ],
            [
              78.88977508986815,
              29.06587168300828
            ],
            [
              78.89000344610494,
              29.06595382725413
            ],
            [
              78.89016995243611,
              29.066116015189817
            ],
            [
              78.89025949740194,
              29.06634485206256
            ],
            [
              78.89025516662397,
              29.066828021299226
            ],
            [
              78.89035920500862,
              29.067150902335303
            ],
            [
              78.89026173600364,
              29.06779455319629
            ],
            [
              78.89007446421637,
              29.068249601241277
            ],
            [
              78.88959635926258,
              29.068783197939926
            ],
            [
              78.88924198825605,
              29.069129761077672
            ],
            [
              78.88889012804071,
              29.069207888216287
            ],
            [
              78.88855494415033,
              29.06912500301879
            ],
            [
              78.88821905328582,
              29.069109294356416
            ],
            [
              78.88774383102579,
              29.06932074435539
            ],
            [
              78.88745227291888,
              29.069479757320572
            ],
            [
              78.88697839004693,
              29.069530179212443
            ],
            [
              78.88645857361955,
              29.06960713616724
            ],
            [
              78.88558884272777,
              29.06953391498065
            ],
            [
              78.88513031116574,
              29.069571056737693
            ],
            [
              78.88483826527359,
              29.069783769886115
            ],
            [
              78.88454585466548,
              29.070036808759607
            ],
            [
              78.88415906974855,
              29.070597877925923
            ],
            [
              78.88401889932655,
              29.070905590720937
            ],
            [
              78.88403183057507,
              29.071160750651398
            ],
            [
              78.88410613831704,
              29.071389391816176
            ],
            [
              78.88446814230856,
              29.071888576975127
            ],
            [
              78.8848441546286,
              29.072535510723533
            ],
            [
              78.88541581372935,
              29.073492488301937
            ],
            [
              78.88576056198255,
              29.07420629005624
            ],
            [
              78.88559018660746,
              29.074473556963433
            ],
            [
              78.88526476830252,
              29.075008197043832
            ],
            [
              78.88483001424773,
              29.07579705166186
            ],
            [
              78.8847184704389,
              29.076319793699493
            ],
            [
              78.88465407201281,
              29.076681739095577
            ],
            [
              78.88451268527191,
              29.077123712145895
            ],
            [
              78.88450978281521,
              29.07744584806115
            ],
            [
              78.88447208142107,
              29.078237551161475
            ],
            [
              78.8843159614112,
              29.078612238047693
            ],
            [
              78.8838408146097,
              29.07881029228022
            ],
            [
              78.88344156826312,
              29.079049109201
            ],
            [
              78.88267471064106,
              29.079419635353197
            ],
            [
              78.88212260337247,
              29.079670764024154
            ],
            [
              78.88181469143579,
              29.07995053871684
            ],
            [
              78.88150568535109,
              29.08035110322424
            ],
            [
              78.88133274528589,
              29.08090017298581
            ],
            [
              78.88132995601693,
              29.081208928202305
            ],
            [
              78.88144897201228,
              29.081558673808193
            ],
            [
              78.88164546680258,
              29.081774875363763
            ],
            [
              78.88211564232732,
              29.08214054083277
            ],
            [
              78.88305698601525,
              29.082751077902824
            ],
            [
              78.88407290963471,
              29.083550103988795
            ],
            [
              78.88480195087823,
              29.083998122252517
            ],
            [
              78.88522818800581,
              29.084135260874525
            ],
            [
              78.88602140938487,
              29.084234711755574
            ],
            [
              78.88683129630904,
              29.084186624712782
            ],
            [
              78.88767309498537,
              29.083977631792834
            ],
            [
              78.88807222814421,
              29.0837522796449
            ],
            [
              78.8884412901989,
              29.083459536847062
            ],
            [
              78.8887959459714,
              29.08308613309368
            ],
            [
              78.88934927405043,
              29.082687340098907
            ],
            [
              78.88979516631642,
              29.082354798935107
            ],
            [
              78.89041024368977,
              29.08187586724341
            ],
            [
              78.89099569282843,
              29.081302786747077
            ],
            [
              78.89130358859545,
              29.08102299374476
            ],
            [
              78.89183842575267,
              29.080986455122016
            ],
            [
              78.89208336578791,
              29.08092096630893
            ],
            [
              78.89226128341815,
              29.08151279625611
            ],
            [
              78.89281205758684,
              29.081409272972145
            ],
            [
              78.8933602086749,
              29.081587557861113
            ],
            [
              78.89403113071619,
              29.08169950782654
            ],
            [
              78.89473190287609,
              29.081892314272153
            ],
            [
              78.89524589822038,
              29.082472980630886
            ],
            [
              78.89563808560546,
              29.08301257292145
            ],
            [
              78.89593758212455,
              29.08368570294441
            ],
            [
              78.89616072543775,
              29.084344926255877
            ],
            [
              78.8963377097184,
              29.085044154764653
            ],
            [
              78.89648652013678,
              29.085474745849382
            ],
            [
              78.8965747589522,
              29.085864593618744
            ],
            [
              78.89653976418201,
              29.08636091630879
            ],
            [
              78.89644492903747,
              29.086722741645474
            ],
            [
              78.89622757536625,
              29.087110486329586
            ],
            [
              78.8958083046737,
              29.087886081220653
            ],
            [
              78.89546827527066,
              29.08834006712498
            ],
            [
              78.89526817015123,
              29.088513191919333
            ],
            [
              78.89471375421239,
              29.08903288012881
            ],
            [
              78.8946195110576,
              29.089327527206997
            ],
            [
              78.89461603457747,
              29.089716741027093
            ],
            [
              78.89453702505328,
              29.09001149290852
            ],
            [
              78.89430550495005,
              29.09027834122969
            ],
            [
              78.89405946986845,
              29.09046452823399
            ],
            [
              78.89333981691793,
              29.09067439424954
            ],
            [
              78.89294211028378,
              29.09073873783595
            ],
            [
              78.89207138585529,
              29.09075958333758
            ],
            [
              78.89155280640807,
              29.0906889127133
            ],
            [
              78.89080377944607,
              29.090764206948556
            ],
            [
              78.89008461697571,
              29.090906881747152
            ],
            [
              78.8895171027017,
              29.091184870683858
            ],
            [
              78.88904048805298,
              29.091530574270372
            ],
            [
              78.88888519179824,
              29.091824795020127
            ],
            [
              78.88888350476212,
              29.092012665373655
            ],
            [
              78.88895650904863,
              29.092389025972427
            ],
            [
              78.8891969116934,
              29.092820160167935
            ],
            [
              78.88925349387821,
              29.093317199772507
            ],
            [
              78.88910921366379,
              29.094081292095865
            ],
            [
              78.8890749079014,
              29.094497142220085
            ],
            [
              78.88865532729008,
              29.095299559256475
            ],
            [
              78.8884973899884,
              29.095875671862395
            ],
            [
              78.88849341314665,
              29.09631858377854
            ],
            [
              78.88864243377081,
              29.096735701976648
            ],
            [
              78.88886773124405,
              29.097153349107376
            ],
            [
              78.88915465584076,
              29.097517715058352
            ],
            [
              78.88950284733646,
              29.097869122729392
            ],
            [
              78.88998871822585,
              29.09818115677801
            ],
            [
              78.89035431368188,
              29.098291098108795
            ],
            [
              78.89081116269939,
              29.098441902252286
            ],
            [
              78.89105409320335,
              29.098604608123395
            ],
            [
              78.89111963159156,
              29.098639583973004
            ],
            [
              78.891920547041,
              29.099067002039224
            ],
            [
              78.89249634557852,
              29.099581001999635
            ],
            [
              78.89299637032356,
              29.10002738931119
            ],
            [
              78.89340646203055,
              29.100285181946802
            ],
            [
              78.89412089397266,
              29.100665957296112
            ],
            [
              78.89471410096208,
              29.100938481987868
            ],
            [
              78.89539974908584,
              29.101131081303798
            ],
            [
              78.89614644222473,
              29.101324188882835
            ],
            [
              78.89675726787186,
              29.10134177014416
            ],
            [
              78.89748994100408,
              29.10138703762012
            ],
            [
              78.8984982819442,
              29.10135372828865
            ],
            [
              78.89955326610885,
              29.101226701876307
            ],
            [
              78.90021156861704,
              29.10105671613966
            ],
            [
              78.90085381733276,
              29.100967176150267
            ],
            [
              78.90172604015115,
              29.100785268667043
            ],
            [
              78.9025367427456,
              29.100656550055078
            ],
            [
              78.90298172591655,
              29.100418006938433
            ],
            [
              78.90403822733569,
              29.100129934705734
            ],
            [
              78.90478765943786,
              29.100014258337954
            ],
            [
              78.90519992596614,
              29.100017070716433
            ],
            [
              78.90562692396678,
              29.10010054329907
            ],
            [
              78.9060840361907,
              29.10022445182415
            ],
            [
              78.90651057515221,
              29.100348150626374
            ],
            [
              78.9069208141829,
              29.1005925297735
            ],
            [
              78.90711843635887,
              29.100701288013017
            ],
            [
              78.90774105958062,
              29.10110813668586
            ],
            [
              78.90795320841305,
              29.101297551292117
            ],
            [
              78.90830147806219,
              29.101635444816246
            ],
            [
              78.90863273900972,
              29.102174571720706
            ],
            [
              78.90867499755734,
              29.102577559910415
            ],
            [
              78.90873178186307,
              29.103061114143202
            ],
            [
              78.9085290527647,
              29.103542903227996
            ],
            [
              78.90829729999781,
              29.103836616358947
            ],
            [
              78.90800627908341,
              29.10392866707954
            ],
            [
              78.90743958856453,
              29.104099214765093
            ],
            [
              78.90673452155927,
              29.104376321970932
            ],
            [
              78.90607773720393,
              29.104385319159654
            ],
            [
              78.90551211118864,
              29.10443507721764
            ],
            [
              78.9052526085643,
              29.104419927286717
            ],
            [
              78.9044279560318,
              29.10440091805247
            ],
            [
              78.90415299789301,
              29.104399041381917
            ],
            [
              78.9038303149581,
              29.104624948785297
            ],
            [
              78.90341519268554,
              29.104930873999685
            ],
            [
              78.90309049932105,
              29.105371587745214
            ],
            [
              78.90270690072839,
              29.105570223915482
            ],
            [
              78.90215233477093,
              29.106089921000404
            ],
            [
              78.90199647167923,
              29.10643784831703
            ],
            [
              78.90199278140005,
              29.106853902039486
            ],
            [
              78.90205119165645,
              29.107163061349528
            ],
            [
              78.9022922644444,
              29.10752708263157
            ],
            [
              78.90262458720063,
              29.107945433166847
            ],
            [
              78.90288134367512,
              29.108282709157645
            ],
            [
              78.90365713594099,
              29.108637002100433
            ],
            [
              78.90472312177292,
              29.109006742895698
            ],
            [
              78.90562218894691,
              29.109240984736484
            ],
            [
              78.90659751230876,
              29.10950268561118
            ],
            [
              78.90729751461247,
              29.109802739788606
            ],
            [
              78.90775419025513,
              29.109980343715993
            ],
            [
              78.90810212932423,
              29.110358463387776
            ],
            [
              78.90838902158156,
              29.11073625674592
            ],
            [
              78.9085976364417,
              29.11132824574601
            ],
            [
              78.90862430742246,
              29.11177135487429
            ],
            [
              78.90852818589045,
              29.112280712694822
            ],
            [
              78.90841506913156,
              29.11297783180518
            ],
            [
              78.90818174521122,
              29.113459495981534
            ],
            [
              78.90790427897618,
              29.11373941902389
            ],
            [
              78.90750532098882,
              29.11393805081391
            ],
            [
              78.90689312720751,
              29.11406814429255
            ],
            [
              78.90618906990866,
              29.114224371146697
            ],
            [
              78.90563766961422,
              29.114395105820567
            ],
            [
              78.90490232040074,
              29.11463167020817
            ],
            [
              78.90457915057894,
              29.11489789592436
            ],
            [
              78.90431665836134,
              29.11521823967833
            ],
            [
              78.90416055092791,
              29.115593014101346
            ],
            [
              78.9041561545729,
              29.11608952073379
            ],
            [
              78.90419864129261,
              29.11646565125175
            ],
            [
              78.9043495214294,
              29.116681405945847
            ],
            [
              78.90459072357476,
              29.11704542023662
            ],
            [
              78.90454326198503,
              29.117219589185506
            ],
            [
              78.90434215614239,
              29.11751349793131
            ],
            [
              78.90383453165005,
              29.11791272421533
            ],
            [
              78.90338843277154,
              29.118258662151863
            ],
            [
              78.90334012137556,
              29.118540141698805
            ],
            [
              78.90345995034626,
              29.118809389687986
            ],
            [
              78.90377874806755,
              29.11902629308973
            ],
            [
              78.90389878544737,
              29.11924861883726
            ],
            [
              78.90403790843374,
              29.119095238152745
            ],
            [
              78.90469560188417,
              29.11899231926739
            ],
            [
              78.90575072977924,
              29.11886525498478
            ],
            [
              78.90599573628984,
              29.118799841275674
            ],
            [
              78.90608807681285,
              29.118719913801648
            ],
            [
              78.90593588603403,
              29.118651791722023
            ],
            [
              78.90561684666594,
              29.11846174434815
            ],
            [
              78.90555676015322,
              29.118340545663642
            ],
            [
              78.90575642599644,
              29.118221027058787
            ],
            [
              78.90607687392291,
              29.1182635348736
            ],
            [
              78.90627548604233,
              29.11825141624391
            ],
            [
              78.90641398110634,
              29.118145044247065
            ],
            [
              78.90656867638815,
              29.117917899880993
            ],
            [
              78.90675310410924,
              29.11779836822849
            ],
            [
              78.90702739479978,
              29.117867319608028
            ],
            [
              78.90721075622062,
              29.117868568203576
            ],
            [
              78.90734902670579,
              29.117775573297177
            ],
            [
              78.90748848296712,
              29.11754832530784
            ],
            [
              78.90761222769416,
              29.117374674092478
            ],
            [
              78.90790316326859,
              29.117296188741815
            ],
            [
              78.90831618258508,
              29.117231912767362
            ],
            [
              78.90849859628331,
              29.117340471350538
            ],
            [
              78.90872529872165,
              29.117610442131085
            ],
            [
              78.90889237099147,
              29.117718986973404
            ],
            [
              78.9090907315826,
              29.117747186749455
            ],
            [
              78.90930491959074,
              29.117708317782764
            ],
            [
              78.90985514668543,
              29.117671824355135
            ],
            [
              78.91116907831552,
              29.117640509733285
            ],
            [
              78.91179675725569,
              29.117483744992626
            ],
            [
              78.91213244240599,
              29.11752625311205
            ],
            [
              78.91231462344058,
              29.117661747674696
            ],
            [
              78.91232726363494,
              29.11795711564387
            ],
            [
              78.91244817417723,
              29.11810548482004
            ],
            [
              78.91253980233621,
              29.11810610636963
            ],
            [
              78.91279884681974,
              29.1181884161407
            ],
            [
              78.91285801166097,
              29.118403541749753
            ],
            [
              78.91287064107557,
              29.118712380696618
            ],
            [
              78.91340435174541,
              29.11880993197061
            ],
            [
              78.9139530382294,
              29.118961285213402
            ],
            [
              78.91432061357229,
              29.118842982952877
            ],
            [
              78.91465864332551,
              29.118630543782867
            ],
            [
              78.91472181195799,
              29.118389395258113
            ],
            [
              78.91449875667966,
              29.117689913720568
            ],
            [
              78.91420809598968,
              29.116869186983926
            ],
            [
              78.91428619372387,
              29.116675151123836
            ],
            [
              78.9144404479329,
              29.11650839130701
            ],
            [
              78.91466336936222,
              29.116342095035677
            ],
            [
              78.91493192520798,
              29.1161962699903
            ],
            [
              78.91526937105625,
              29.116037529275072
            ],
            [
              78.91571313790827,
              29.115953280893457
            ],
            [
              78.9163317744068,
              29.115957458390543
            ],
            [
              78.91672030025876,
              29.11606739799774
            ],
            [
              78.91705474932722,
              29.11625093125495
            ],
            [
              78.91744982569426,
              29.11649517296975
            ],
            [
              78.9180718614178,
              29.116982523772336
            ],
            [
              78.91853332328431,
              29.11748894971705
            ],
            [
              78.91885863738464,
              29.117846817839112
            ],
            [
              78.91903128639574,
              29.118190185044266
            ],
            [
              78.91906543764789,
              29.11865349861999
            ],
            [
              78.91897896671695,
              29.118934725957303
            ],
            [
              78.918800571183,
              29.11924896727786
            ],
            [
              78.91857688888064,
              29.119502509296527
            ],
            [
              78.91816222385053,
              29.11975467184535
            ],
            [
              78.91767057679385,
              29.120073489792965
            ],
            [
              78.91651778316279,
              29.120877779985666
            ],
            [
              78.91568093330535,
              29.121368661847608
            ],
            [
              78.91552561638937,
              29.121656202200423
            ],
            [
              78.91555587524141,
              29.121753529380943
            ],
            [
              78.91559251123363,
              29.12187137784385
            ],
            [
              78.91614490326812,
              29.12161337089784
            ],
            [
              78.9166238256888,
              29.12141931416617
            ],
            [
              78.91665100601436,
              29.121408300065102
            ],
            [
              78.91718738737555,
              29.121190958296438
            ],
            [
              78.91838301627263,
              29.12071586662758
            ],
            [
              78.9208834121873,
              29.119909540257286
            ],
            [
              78.9234384086032,
              29.119085576758977
            ],
            [
              78.92503247176984,
              29.118465465000167
            ],
            [
              78.92602768922195,
              29.118203698242564
            ],
            [
              78.92650243986648,
              29.11807261410139
            ],
            [
              78.92699930433832,
              29.11812736618885
            ],
            [
              78.92702127174029,
              29.118129785679958
            ],
            [
              78.92796892070318,
              29.11984062791574
            ],
            [
              78.92939987137376,
              29.122185566246124
            ],
            [
              78.92974673785443,
              29.12271126121654
            ],
            [
              78.93021457416617,
              29.12345747622087
            ],
            [
              78.93054695710951,
              29.12394864318667
            ],
            [
              78.93126472359793,
              29.125010600022815
            ],
            [
              78.93452864887654,
              29.129485425248557
            ],
            [
              78.93464375540377,
              29.12964322711289
            ],
            [
              78.93465095270582,
              29.12964014874725
            ],
            [
              78.93630827703137,
              29.12893120096577
            ],
            [
              78.93692006207924,
              29.12865656266159
            ],
            [
              78.9381074875611,
              29.128123499852897
            ],
            [
              78.93849760702439,
              29.127948363773573
            ],
            [
              78.93912224516733,
              29.12767598595304
            ],
            [
              78.93976701455574,
              29.12739482489272
            ],
            [
              78.94024835074958,
              29.127210649220935
            ],
            [
              78.94123399575408,
              29.126778727632875
            ],
            [
              78.9428632773714,
              29.12616778702242
            ],
            [
              78.94286504795082,
              29.126167123931143
            ],
            [
              78.94286940028839,
              29.1261817072286
            ],
            [
              78.94321896710477,
              29.126976442019593
            ],
            [
              78.94335348622532,
              29.127282267029173
            ],
            [
              78.94354045617867,
              29.127389550045287
            ],
            [
              78.94369568056818,
              29.127478616615882
            ],
            [
              78.94374910337811,
              29.127509270652734
            ],
            [
              78.94585088176692,
              29.126126822102204
            ],
            [
              78.94782513621628,
              29.125042705764677
            ],
            [
              78.9480187878387,
              29.124924047952664
            ],
            [
              78.94878237289821,
              29.124582139293853
            ],
            [
              78.95030619499612,
              29.1235419091488
            ],
            [
              78.95083083268159,
              29.123183758714422
            ],
            [
              78.95483964907864,
              29.120854277879832
            ],
            [
              78.95644526098654,
              29.1198879723913
            ],
            [
              78.9571498420032,
              29.12053278316023
            ],
            [
              78.95720782555986,
              29.120600529660788
            ],
            [
              78.95728946804616,
              29.120676278368173
            ],
            [
              78.95768035197574,
              29.12115261014323
            ],
            [
              78.95792694221615,
              29.121440713772554
            ],
            [
              78.95797750209529,
              29.12151471263369
            ],
            [
              78.95880303767173,
              29.122722960264507
            ],
            [
              78.95966192140645,
              29.123979980214884
            ],
            [
              78.96019774940544,
              29.12501261678444
            ],
            [
              78.96070026787369,
              29.12574541431532
            ],
            [
              78.96122476182873,
              29.12648244961035
            ],
            [
              78.9628629134112,
              29.128746810683108
            ],
            [
              78.9631167791071,
              29.129097712292428
            ],
            [
              78.9636954953727,
              29.129866647314415
            ],
            [
              78.96372862973195,
              29.129910671838974
            ],
            [
              78.96417276758822,
              29.130500784934846
            ],
            [
              78.96420805700585,
              29.1304625038133
            ],
            [
              78.96451092669884,
              29.130133957276822
            ],
            [
              78.96497828959843,
              29.129803218035665
            ],
            [
              78.96547421443249,
              29.129452263905275
            ],
            [
              78.96557930833758,
              29.129377890176876
            ],
            [
              78.9660978590387,
              29.129171791960843
            ],
            [
              78.96676488329001,
              29.129006729313467
            ],
            [
              78.96709950842826,
              29.128923921282837
            ],
            [
              78.96854093615003,
              29.128379673085707
            ],
            [
              78.96882514244467,
              29.128255719995398
            ],
            [
              78.96999445789042,
              29.12774572797721
            ],
            [
              78.97061174871266,
              29.12737492532928
            ],
            [
              78.97077225519605,
              29.127239617769547
            ],
            [
              78.97077589606788,
              29.127238049123935
            ],
            [
              78.97105804162727,
              29.127116478624917
            ]
          ]
        ]
      }
    }
  ]
}