{
  "type": "FeatureCollection",
  "features": [
    {
      "type": "Feature",
      "properties": {
        "object_id": "09-176-00899",
        "stcode11": "09",
        "dtcode11": "176",
        "sdtcode11": "00899",
        "stname": "UTTAR PRADESH",
        "dtname": "Barabanki",
        "sdtname": "Sirauli Gauspur",
        "st_area_sh": 0.0,
        "st_length_": 0.0,
        "remarks": "",
        "dist_lgd": 129,
        "state_lgd": 9,
        "subdt_lgd": 899,
        "ac_no": 267,
        "st_length(shape)": 171098.42293717118,
        "st_area(shape)": 522557032.1640965
      },
      "geometry": {
        "type": "Polygon",
        "coordinates": [
          [
            [
              81.53671440660644,
              27.059535684284327
            ],
            [
              81.53747959156544,
              27.05879638539764
            ],
            [
              81.53850095538222,
              27.057900528866025
            ],
            [
              81.53930761825283,
              27.05704527710247
            ],
            [
              81.5402006280869,
              27.056208385318488
            ],
            [
              81.5405588762222,
              27.055607890078186
            ],
            [
              81.5407871489157,
              27.0549315479775
            ],
            [
              81.54078362302818,
              27.05464278436449
            ],
            [
              81.54064730458214,
              27.054047035260997
            ],
            [
              81.54031679372785,
              27.053395462907616
            ],
            [
              81.54020415217775,
              27.05297292684247
            ],
            [
              81.54026297296426,
              27.05251010684842
            ],
            [
              81.5404331282521,
              27.052354391168848
            ],
            [
              81.54107416064895,
              27.052020712613405
            ],
            [
              81.54193177775915,
              27.05181975105024
            ],
            [
              81.5425014479898,
              27.051804519171352
            ],
            [
              81.54307111732219,
              27.051789284090255
            ],
            [
              81.54440441842645,
              27.05179551076889
            ],
            [
              81.54628712915846,
              27.051892656670965
            ],
            [
              81.54863594335207,
              27.052293298324606
            ],
            [
              81.54937883212574,
              27.05237266709359
            ],
            [
              81.55012162028807,
              27.05245202780613
            ],
            [
              81.55216560286813,
              27.052547424273307
            ],
            [
              81.55386609393804,
              27.052684698207962
            ],
            [
              81.55507061435978,
              27.052711315984155
            ],
            [
              81.5556944296459,
              27.05272445406363
            ],
            [
              81.5562570058808,
              27.05300778483002
            ],
            [
              81.55703880428266,
              27.053635558763496
            ],
            [
              81.5578185733903,
              27.054090088314016
            ],
            [
              81.55841040236412,
              27.054122741901637
            ],
            [
              81.55941954190652,
              27.05399721082177
            ],
            [
              81.56066113130848,
              27.05354196407406
            ],
            [
              81.56187877072664,
              27.05289428892363
            ],
            [
              81.56298712200564,
              27.052093730108272
            ],
            [
              81.56398597943132,
              27.051140108346647
            ],
            [
              81.56483591055593,
              27.050322800047947
            ],
            [
              81.56538750758142,
              27.04972022917581
            ],
            [
              81.56585272710075,
              27.049513366308855
            ],
            [
              81.56586674441243,
              27.04950713390323
            ],
            [
              81.56631788643297,
              27.049306542263132
            ],
            [
              81.56687186129899,
              27.04889659808952
            ],
            [
              81.56740366574385,
              27.048429148136456
            ],
            [
              81.56799968625674,
              27.047941753861213
            ],
            [
              81.56885866700952,
              27.047856076654835
            ],
            [
              81.57031591675836,
              27.047456416040756
            ],
            [
              81.57164509459547,
              27.047135046383204
            ],
            [
              81.57322908225787,
              27.04656064497204
            ],
            [
              81.5746420926739,
              27.046065056997747
            ],
            [
              81.57636320457114,
              27.045277477198468
            ],
            [
              81.57805086410553,
              27.044393974898096
            ],
            [
              81.57982209840236,
              27.0433169561371
            ],
            [
              81.58090883621564,
              27.042535689059125
            ],
            [
              81.58146356207327,
              27.042183405287112
            ],
            [
              81.58276085510768,
              27.041053297874612
            ],
            [
              81.58386776189573,
              27.04015626512089
            ],
            [
              81.58434703196443,
              27.03980472839556
            ],
            [
              81.58505389290528,
              27.039585742194447
            ],
            [
              81.58582714383726,
              27.039520229719077
            ],
            [
              81.58709745237884,
              27.039661479394667
            ],
            [
              81.588051441651,
              27.040287370903027
            ],
            [
              81.58856521421315,
              27.04010892288437
            ],
            [
              81.58881974376403,
              27.039836669231658
            ],
            [
              81.58919805397461,
              27.03913951601141
            ],
            [
              81.58918277812322,
              27.037926360815074
            ],
            [
              81.58935320560057,
              27.036095020902696
            ],
            [
              81.58935113318724,
              27.034226905330172
            ],
            [
              81.58937255171853,
              27.032512603287252
            ],
            [
              81.58942788973665,
              27.031780191940836
            ],
            [
              81.59013290014806,
              27.032273840144068
            ],
            [
              81.59115688435054,
              27.033341965372216
            ],
            [
              81.59201040693965,
              27.03283256409924
            ],
            [
              81.5922820952108,
              27.032213506138
            ],
            [
              81.59250907702524,
              27.031460145711648
            ],
            [
              81.59385456557293,
              27.032447971676653
            ],
            [
              81.59611178843848,
              27.034119973361946
            ],
            [
              81.59775210585909,
              27.035470699124037
            ],
            [
              81.59936885238494,
              27.035800991042947
            ],
            [
              81.60089373539321,
              27.035669855216767
            ],
            [
              81.60269686437422,
              27.035439725230116
            ],
            [
              81.60411012542025,
              27.034982374807985
            ],
            [
              81.6053264847391,
              27.034257333048828
            ],
            [
              81.6062681670919,
              27.03392031201762
            ],
            [
              81.60695536660614,
              27.0338554811764
            ],
            [
              81.60812505844603,
              27.034536871275083
            ],
            [
              81.60951910812138,
              27.0359478072321
            ],
            [
              81.61078073714069,
              27.03709049064344
            ],
            [
              81.61112171157137,
              27.036855826762057
            ],
            [
              81.61148857904186,
              27.035272830925305
            ],
            [
              81.61187103138418,
              27.034074900240167
            ],
            [
              81.61226941534805,
              27.033281151039258
            ],
            [
              81.61266287474756,
              27.032102312914834
            ],
            [
              81.61308442087272,
              27.031443168275867
            ],
            [
              81.61318877636265,
              27.031191712763068
            ],
            [
              81.61346700436906,
              27.031092622102065
            ],
            [
              81.6140503236022,
              27.031317723054002
            ],
            [
              81.61491320573823,
              27.03153995410869
            ],
            [
              81.61609830727849,
              27.03173965969446
            ],
            [
              81.6168944230294,
              27.031789300371717
            ],
            [
              81.61876819193105,
              27.03203963429919
            ],
            [
              81.61901819487127,
              27.0314207496068
            ],
            [
              81.61934189829232,
              27.030666354822422
            ],
            [
              81.6194832077781,
              27.029952255820795
            ],
            [
              81.61955932562539,
              27.029181103850604
            ],
            [
              81.61965590260324,
              27.02833271261763
            ],
            [
              81.61981777093263,
              27.027541373068022
            ],
            [
              81.61959461683962,
              27.026908143772978
            ],
            [
              81.61938832142958,
              27.025908810726303
            ],
            [
              81.61933272110336,
              27.024927136207697
            ],
            [
              81.61940512980685,
              27.023867117349894
            ],
            [
              81.61971793307025,
              27.023112734247256
            ],
            [
              81.62009591988729,
              27.022415495601745
            ],
            [
              81.62018626525204,
              27.021913881605887
            ],
            [
              81.61989817823539,
              27.021242711783717
            ],
            [
              81.61945856339659,
              27.020496163197755
            ],
            [
              81.619021276991,
              27.019922857103936
            ],
            [
              81.61886194640233,
              27.019231146918383
            ],
            [
              81.61905093576841,
              27.018882481679967
            ],
            [
              81.62028252781958,
              27.018523177332575
            ],
            [
              81.62124859224579,
              27.01842654994137
            ],
            [
              81.62221475728332,
              27.018329908862444
            ],
            [
              81.62352477225879,
              27.01822006636393
            ],
            [
              81.62489495190042,
              27.01824255489085
            ],
            [
              81.62496541036138,
              27.018243711288047
            ],
            [
              81.62606614482513,
              27.01857906117488
            ],
            [
              81.62677891578227,
              27.018841294959532
            ],
            [
              81.62748831715875,
              27.018833958878496
            ],
            [
              81.62806663816563,
              27.018673919033965
            ],
            [
              81.62813024876921,
              27.018605854294748
            ],
            [
              81.62819388991551,
              27.01853775670313
            ],
            [
              81.62810193566808,
              27.018076535341553
            ],
            [
              81.62802730812585,
              27.017287626022412
            ],
            [
              81.62805912735155,
              27.016420583888884
            ],
            [
              81.6281151256314,
              27.01576516622269
            ],
            [
              81.62783952340052,
              27.015228724055323
            ],
            [
              81.62757732583036,
              27.014904016945668
            ],
            [
              81.62728549194063,
              27.01394408020512
            ],
            [
              81.6270153568566,
              27.01300312907609
            ],
            [
              81.6262262677279,
              27.0118172426057
            ],
            [
              81.62604560664279,
              27.011144964848427
            ],
            [
              81.62604089318249,
              27.010779078673497
            ],
            [
              81.62651248804539,
              27.010677872345294
            ],
            [
              81.62730524769037,
              27.01047710169305
            ],
            [
              81.62858617611526,
              27.009789796032393
            ],
            [
              81.6289650441796,
              27.008356507608994
            ],
            [
              81.6292751902264,
              27.00573392237954
            ],
            [
              81.62911837671713,
              27.00357834228526
            ],
            [
              81.62866013441258,
              27.001387362623042
            ],
            [
              81.6287377183104,
              27.00034573267532
            ],
            [
              81.62439711275647,
              27.000249875652447
            ],
            [
              81.62363136185883,
              26.99834103196287
            ],
            [
              81.62322341083716,
              26.997339251714042
            ],
            [
              81.62316796142792,
              26.99665785614332
            ],
            [
              81.622790234224,
              26.99565162328567
            ],
            [
              81.62255343831511,
              26.995191330177537
            ],
            [
              81.62186345043023,
              26.993336656091543
            ],
            [
              81.62116830621561,
              26.99214984496418
            ],
            [
              81.62037749771143,
              26.99015978373328
            ],
            [
              81.61989404329012,
              26.989203071384964
            ],
            [
              81.61937024103784,
              26.987907943110212
            ],
            [
              81.62171751012917,
              26.986121053274623
            ],
            [
              81.62075593458442,
              26.984661666611316
            ],
            [
              81.62109341456866,
              26.984287190376108
            ],
            [
              81.62041351656104,
              26.98345236294852
            ],
            [
              81.61981920464379,
              26.982585950076018
            ],
            [
              81.61916945589375,
              26.9815164026349
            ],
            [
              81.61856512416783,
              26.980627381145094
            ],
            [
              81.618182348432,
              26.979973055727747
            ],
            [
              81.61732625755948,
              26.979052513853357
            ],
            [
              81.61664631104284,
              26.978289827640186
            ],
            [
              81.61655570696328,
              26.978104799031392
            ],
            [
              81.61605203415989,
              26.97726997617783
            ],
            [
              81.6157952148033,
              26.97689986406664
            ],
            [
              81.6154478030453,
              26.976602014326243
            ],
            [
              81.61489879676108,
              26.976200430255318
            ],
            [
              81.61375059711438,
              26.975306856305266
            ],
            [
              81.61303543394364,
              26.9748599962189
            ],
            [
              81.61277857506121,
              26.974670509118504
            ],
            [
              81.61253187432798,
              26.974408756749856
            ],
            [
              81.61317151882774,
              26.974124496019126
            ],
            [
              81.61416879162522,
              26.9736462808507
            ],
            [
              81.61483359703776,
              26.973131852702483
            ],
            [
              81.61515095475964,
              26.972757313285637
            ],
            [
              81.61519633315622,
              26.972238395300824
            ],
            [
              81.6152467241521,
              26.971710416867765
            ],
            [
              81.61547844817288,
              26.97092980725638
            ],
            [
              81.6156749375733,
              26.970586842340133
            ],
            [
              81.61633975466395,
              26.970131144719698
            ],
            [
              81.6167326139888,
              26.969797192348295
            ],
            [
              81.61716072500208,
              26.96929189373366
            ],
            [
              81.61781542885926,
              26.968520257614948
            ],
            [
              81.61848031332354,
              26.967735092695012
            ],
            [
              81.61854575469367,
              26.967550110789325
            ],
            [
              81.6188411522001,
              26.967697033735966
            ],
            [
              81.61964360197209,
              26.96809614776631
            ],
            [
              81.62038388203813,
              26.968470745122247
            ],
            [
              81.62095298902516,
              26.969016796049274
            ],
            [
              81.62127529376929,
              26.96944542834745
            ],
            [
              81.6213558492941,
              26.969702628719993
            ],
            [
              81.62132060658888,
              26.969946315665318
            ],
            [
              81.62127018235535,
              26.970677358925805
            ],
            [
              81.6226148219951,
              26.972031142394705
            ],
            [
              81.62319870177696,
              26.972511304278576
            ],
            [
              81.62493118275243,
              26.973720695878345
            ],
            [
              81.62620032258586,
              26.97459161304087
            ],
            [
              81.62793285835856,
              26.975530160392644
            ],
            [
              81.62869340441746,
              26.974957046929582
            ],
            [
              81.63016901213746,
              26.973634877213737
            ],
            [
              81.63128710744235,
              26.97469980812373
            ],
            [
              81.63190158833436,
              26.974884819112706
            ],
            [
              81.63328158566372,
              26.97483510607058
            ],
            [
              81.63425363736128,
              26.97464097793597
            ],
            [
              81.6352105021407,
              26.97444691031114
            ],
            [
              81.63613716556021,
              26.974361068983132
            ],
            [
              81.63709410579811,
              26.973896179848712
            ],
            [
              81.63844377420683,
              26.97343123915771
            ],
            [
              81.63942584930635,
              26.972975449772957
            ],
            [
              81.64041279686799,
              26.97220816295309
            ],
            [
              81.64097187596148,
              26.97185614388625
            ],
            [
              81.64166686117429,
              26.971770297380328
            ],
            [
              81.64299131117805,
              26.971341521816992
            ],
            [
              81.64422016965581,
              26.971120195735175
            ],
            [
              81.64466838406682,
              26.971111097600026
            ],
            [
              81.64493024027718,
              26.971318682851233
            ],
            [
              81.6455546601295,
              26.970754537229546
            ],
            [
              81.64679832014819,
              26.969238095041465
            ],
            [
              81.64614344740775,
              26.96823644478127
            ],
            [
              81.6454330848339,
              26.966927882283212
            ],
            [
              81.64491424128197,
              26.9660028461917
            ],
            [
              81.64461697078814,
              26.965186167658068
            ],
            [
              81.64405775694739,
              26.96403550413554
            ],
            [
              81.64353888644601,
              26.96286235408144
            ],
            [
              81.64294956736512,
              26.96198244428861
            ],
            [
              81.64247606358224,
              26.96125152713746
            ],
            [
              81.64195726404776,
              26.960200169609703
            ],
            [
              81.64135785778454,
              26.959505311309766
            ],
            [
              81.64055197375326,
              26.958282467386024
            ],
            [
              81.63982668836593,
              26.95731681402506
            ],
            [
              81.63925251577905,
              26.95647754201293
            ],
            [
              81.63824520700317,
              26.955033679062982
            ],
            [
              81.63760565862316,
              26.95396875835722
            ],
            [
              81.63741422314455,
              26.953666384669802
            ],
            [
              81.63587339863325,
              26.9543885950627
            ],
            [
              81.63419160689428,
              26.95520546798892
            ],
            [
              81.63333560944656,
              26.955620674324276
            ],
            [
              81.63207678856084,
              26.956148709774002
            ],
            [
              81.63078763965281,
              26.956870737707053
            ],
            [
              81.63016331232699,
              26.957394200861227
            ],
            [
              81.6293173382812,
              26.95780937110553
            ],
            [
              81.62830509955104,
              26.958544962657182
            ],
            [
              81.62798791789896,
              26.958784127383147
            ],
            [
              81.62753464237964,
              26.95911359168537
            ],
            [
              81.6270462660889,
              26.959569356307902
            ],
            [
              81.6256915787927,
              26.96037713910677
            ],
            [
              81.62519302458978,
              26.960688495276777
            ],
            [
              81.62460387888372,
              26.96103139665946
            ],
            [
              81.62437225816919,
              26.96114428315235
            ],
            [
              81.62398447791891,
              26.961414961903017
            ],
            [
              81.62313841134667,
              26.96152325131645
            ],
            [
              81.62297227691803,
              26.961559345896227
            ],
            [
              81.6218945294441,
              26.961744385682685
            ],
            [
              81.62121981022409,
              26.96163156384546
            ],
            [
              81.62072125691951,
              26.96136074309437
            ],
            [
              81.62013202767012,
              26.960954620039963
            ],
            [
              81.61951270575706,
              26.960521412334323
            ],
            [
              81.61882274931321,
              26.959939273970182
            ],
            [
              81.61866050997965,
              26.959614977347332
            ],
            [
              81.61863532301571,
              26.959630099216128
            ],
            [
              81.6181581226654,
              26.959916605640878
            ],
            [
              81.61805735864,
              26.96014681335826
            ],
            [
              81.6177752876408,
              26.96059803311553
            ],
            [
              81.6175738458282,
              26.961049251865962
            ],
            [
              81.6171407249106,
              26.961793796244088
            ],
            [
              81.61674783414466,
              26.962195410881943
            ],
            [
              81.61641547006597,
              26.962421010077538
            ],
            [
              81.6158867064184,
              26.962899305748255
            ],
            [
              81.61536291404758,
              26.963485927748206
            ],
            [
              81.6148324184481,
              26.96402215071702
            ],
            [
              81.61458691067759,
              26.963907939611712
            ],
            [
              81.61390247438113,
              26.96358953689217
            ],
            [
              81.61325289810762,
              26.963156340121408
            ],
            [
              81.61253780859874,
              26.962565149377134
            ],
            [
              81.61150554372597,
              26.961910743800882
            ],
            [
              81.61148750735171,
              26.961896478160707
            ],
            [
              81.61073515033495,
              26.96130145035026
            ],
            [
              81.60960724542716,
              26.960498080353684
            ],
            [
              81.60884685657342,
              26.960028677348802
            ],
            [
              81.60806142538456,
              26.959581863121887
            ],
            [
              81.60748236865744,
              26.959189194139356
            ],
            [
              81.6066565608915,
              26.958728814354984
            ],
            [
              81.60615803543467,
              26.958408306365545
            ],
            [
              81.60566467529077,
              26.95796152975017
            ],
            [
              81.60548432681937,
              26.957620398992486
            ],
            [
              81.60548336023211,
              26.95761856937876
            ],
            [
              81.60541542244383,
              26.95740645489307
            ],
            [
              81.60474831375089,
              26.956896458160298
            ],
            [
              81.60399804621548,
              26.956485666861006
            ],
            [
              81.60281992009342,
              26.955727434328253
            ],
            [
              81.60255797315321,
              26.955916895652578
            ],
            [
              81.60244723872644,
              26.955840164391095
            ],
            [
              81.59974335104373,
              26.954887578757933
            ],
            [
              81.5987765562872,
              26.954548920148653
            ],
            [
              81.59831326904403,
              26.954918850292607
            ],
            [
              81.59677713373851,
              26.95596549203777
            ],
            [
              81.59581008296212,
              26.956678260900603
            ],
            [
              81.59537725399696,
              26.955879407615946
            ],
            [
              81.5958457820115,
              26.95502213501584
            ],
            [
              81.59588105795439,
              26.95481007329394
            ],
            [
              81.59560413609839,
              26.954886698760447
            ],
            [
              81.59544296037012,
              26.954868663214608
            ],
            [
              81.5952869014457,
              26.95476030174453
            ],
            [
              81.59626408072694,
              26.953754188356275
            ],
            [
              81.59684831713994,
              26.953068465961508
            ],
            [
              81.59698938408059,
              26.952924088702034
            ],
            [
              81.59715050141835,
              26.953018882617155
            ],
            [
              81.59731672208528,
              26.95289254276067
            ],
            [
              81.59748289603979,
              26.952689536617598
            ],
            [
              81.59764414273498,
              26.952405228270816
            ],
            [
              81.59773975582054,
              26.952373645350022
            ],
            [
              81.59814760263765,
              26.952689587064285
            ],
            [
              81.59870661256087,
              26.952418974629857
            ],
            [
              81.59843984256587,
              26.95200829512491
            ],
            [
              81.59876718506214,
              26.951823322624186
            ],
            [
              81.5996031078582,
              26.9513631898
            ],
            [
              81.60003621619941,
              26.951146710648594
            ],
            [
              81.60018230202755,
              26.951002278877823
            ],
            [
              81.59990042506445,
              26.950532922790128
            ],
            [
              81.59897937072553,
              26.94885406565289
            ],
            [
              81.60006707332941,
              26.948416556919177
            ],
            [
              81.60027854034055,
              26.948227059761106
            ],
            [
              81.60240873783165,
              26.94731588934967
            ],
            [
              81.60318419233103,
              26.946887329795672
            ],
            [
              81.6040050009724,
              26.946436241712043
            ],
            [
              81.6042312686262,
              26.946290160689973
            ],
            [
              81.60368796125412,
              26.945831473121984
            ],
            [
              81.60237899730757,
              26.9446805646679
            ],
            [
              81.60164904427398,
              26.944134418996324
            ],
            [
              81.60187565418587,
              26.943845667827517
            ],
            [
              81.60173974806654,
              26.943651616011074
            ],
            [
              81.60132202337458,
              26.942983700624335
            ],
            [
              81.6019061951089,
              26.942541558020302
            ],
            [
              81.60314487307105,
              26.941761069003174
            ],
            [
              81.60300903702027,
              26.941386564619233
            ],
            [
              81.60339678313458,
              26.941219625232065
            ],
            [
              81.60407657334436,
              26.940691741658984
            ],
            [
              81.60389040019666,
              26.94022242191682
            ],
            [
              81.60412199665672,
              26.940028391892405
            ],
            [
              81.60376469175243,
              26.939328886080816
            ],
            [
              81.60439913410839,
              26.93891388800331
            ],
            [
              81.60410712774213,
              26.938647612682416
            ],
            [
              81.60436904503796,
              26.938426521081563
            ],
            [
              81.60560779935685,
              26.937438437162587
            ],
            [
              81.60501880905936,
              26.93659448907529
            ],
            [
              81.60697251005502,
              26.9354124776703
            ],
            [
              81.60759181490009,
              26.935164377739127
            ],
            [
              81.6074005042873,
              26.934992866599934
            ],
            [
              81.60676116431644,
              26.934496373629358
            ],
            [
              81.6066605287501,
              26.93451891332662
            ],
            [
              81.60540173032227,
              26.935484416056912
            ],
            [
              81.60454067625781,
              26.936039345816088
            ],
            [
              81.60383062270441,
              26.936580780829086
            ],
            [
              81.60353364955297,
              26.936391221328687
            ],
            [
              81.60322647692976,
              26.936553573355052
            ],
            [
              81.6029999325949,
              26.936377541888614
            ],
            [
              81.60249134510858,
              26.936711458780696
            ],
            [
              81.60223468116052,
              26.936521853851197
            ],
            [
              81.60178662305637,
              26.936169832189112
            ],
            [
              81.60152481086345,
              26.936002800987325
            ],
            [
              81.60119253212471,
              26.936183236959884
            ],
            [
              81.60086027943709,
              26.935953032344536
            ],
            [
              81.60053297107679,
              26.93616963597874
            ],
            [
              81.60024105993196,
              26.93592587437238
            ],
            [
              81.59995899342434,
              26.936110852139763
            ],
            [
              81.59975774025797,
              26.935898708385093
            ],
            [
              81.59944564576531,
              26.935235317605066
            ],
            [
              81.59910341009994,
              26.934815563320914
            ],
            [
              81.59822536979178,
              26.933519881609445
            ],
            [
              81.59815222087653,
              26.93341193769466
            ],
            [
              81.5977845970246,
              26.933700742014942
            ],
            [
              81.59723067156588,
              26.93411572324018
            ],
            [
              81.59651574105884,
              26.93450816084083
            ],
            [
              81.59568989107204,
              26.93498638598415
            ],
            [
              81.59498614908183,
              26.934882535907462
            ],
            [
              81.59495488321835,
              26.934877922108193
            ],
            [
              81.59475340098159,
              26.935044792400294
            ],
            [
              81.59408367729291,
              26.935550105263637
            ],
            [
              81.59375121529783,
              26.935960622096026
            ],
            [
              81.59312679185224,
              26.936569717807885
            ],
            [
              81.59317962896064,
              26.936584159639242
            ],
            [
              81.59365538931151,
              26.93671420330998
            ],
            [
              81.59405804566289,
              26.937192648941817
            ],
            [
              81.59413844398252,
              26.93763041907014
            ],
            [
              81.59414851589348,
              26.93781086204833
            ],
            [
              81.59407293344208,
              26.938144773094017
            ],
            [
              81.59363480980667,
              26.938465076039858
            ],
            [
              81.5925621324242,
              26.93905600322404
            ],
            [
              81.5918924734142,
              26.939430400830396
            ],
            [
              81.59144429134253,
              26.93962881164544
            ],
            [
              81.59139382129493,
              26.939872469146515
            ],
            [
              81.59155487036078,
              26.940053039071966
            ],
            [
              81.59149954042745,
              26.94009818431104
            ],
            [
              81.59088012059802,
              26.940382254625316
            ],
            [
              81.59104605739729,
              26.94103215407174
            ],
            [
              81.59106109070359,
              26.941329937711288
            ],
            [
              81.59036612974528,
              26.941871337708392
            ],
            [
              81.59000874758591,
              26.94146964662277
            ],
            [
              81.58939941314217,
              26.941830459939954
            ],
            [
              81.58898666871016,
              26.941446791990636
            ],
            [
              81.5885636188052,
              26.941613685394685
            ],
            [
              81.5877881140002,
              26.942015055640226
            ],
            [
              81.58711833012434,
              26.94243907308305
            ],
            [
              81.58654928691774,
              26.94270965662754
            ],
            [
              81.58577882794968,
              26.942966640962933
            ],
            [
              81.58564808714326,
              26.94247927714639
            ],
            [
              81.58552222598541,
              26.942429618671525
            ],
            [
              81.58539627858933,
              26.94261005396866
            ],
            [
              81.58481720030267,
              26.94276784602699
            ],
            [
              81.58480650585922,
              26.942753055032913
            ],
            [
              81.58355410343619,
              26.94102109068647
            ],
            [
              81.5829199808805,
              26.940240213151025
            ],
            [
              81.58228085830194,
              26.939427759674995
            ],
            [
              81.581792789235,
              26.938719133368814
            ],
            [
              81.58167709341294,
              26.938407743723747
            ],
            [
              81.58153626093261,
              26.938046692012414
            ],
            [
              81.58140550844804,
              26.9376631080891
            ],
            [
              81.58068069467623,
              26.937058161092637
            ],
            [
              81.58006167100382,
              26.936439827735004
            ],
            [
              81.57997605976061,
              26.9363766152969
            ],
            [
              81.5799208061841,
              26.936132919007548
            ],
            [
              81.57970939756345,
              26.93611472669571
            ],
            [
              81.57970922598524,
              26.936412573777247
            ],
            [
              81.57831932383155,
              26.93723797231432
            ],
            [
              81.57764434140519,
              26.937878491952482
            ],
            [
              81.5765919336088,
              26.938406137233244
            ],
            [
              81.57539841575264,
              26.938870472103222
            ],
            [
              81.575187155354,
              26.93847785427917
            ],
            [
              81.57457843805285,
              26.93737650424184
            ],
            [
              81.57387866931116,
              26.937083000325167
            ],
            [
              81.57383341128882,
              26.936965601748003
            ],
            [
              81.57357172486006,
              26.93673987310447
            ],
            [
              81.57307864678711,
              26.936085412849526
            ],
            [
              81.5722533878918,
              26.935069781037505
            ],
            [
              81.57110106138468,
              26.93390508698265
            ],
            [
              81.5703864902037,
              26.93321890666062
            ],
            [
              81.56997874130298,
              26.933015681682978
            ],
            [
              81.56970693804747,
              26.932907255154745
            ],
            [
              81.56952567239618,
              26.932871099340513
            ],
            [
              81.56939282414207,
              26.93280448115124
            ],
            [
              81.56935455770761,
              26.932785292004432
            ],
            [
              81.56923371274232,
              26.932807824835713
            ],
            [
              81.56914306644197,
              26.932825828672797
            ],
            [
              81.56905753874209,
              26.93288441320288
            ],
            [
              81.56903218469151,
              26.93310556692674
            ],
            [
              81.56898178291586,
              26.93325894582708
            ],
            [
              81.56886597390604,
              26.933340170174883
            ],
            [
              81.5685990709604,
              26.933452869771497
            ],
            [
              81.56830190287452,
              26.933705418330728
            ],
            [
              81.56775291725158,
              26.93412934609264
            ],
            [
              81.56744064309586,
              26.93430528176057
            ],
            [
              81.5670529329142,
              26.934386273902927
            ],
            [
              81.56637322624772,
              26.934467232350546
            ],
            [
              81.5657438396102,
              26.934611392190053
            ],
            [
              81.56528554700003,
              26.934823250854905
            ],
            [
              81.56506892096421,
              26.935012753727023
            ],
            [
              81.56499333042798,
              26.935211242792004
            ],
            [
              81.56497812105192,
              26.93538274639128
            ],
            [
              81.56503836926139,
              26.935824960316776
            ],
            [
              81.56452622893813,
              26.93619464038385
            ],
            [
              81.56309575796793,
              26.93726354588749
            ],
            [
              81.56176615073609,
              26.938039108808084
            ],
            [
              81.56020486080601,
              26.93890024410624
            ],
            [
              81.55953991435794,
              26.939522657838566
            ],
            [
              81.55874416781465,
              26.93996903827141
            ],
            [
              81.55842694933166,
              26.93988770337873
            ],
            [
              81.55757567792064,
              26.940622816903403
            ],
            [
              81.5573038090881,
              26.940451217166846
            ],
            [
              81.55695676923263,
              26.939972682055302
            ],
            [
              81.55668010878634,
              26.939561933173106
            ],
            [
              81.55578966364241,
              26.938374684931226
            ],
            [
              81.55507558743321,
              26.938724096978216
            ],
            [
              81.55503420025144,
              26.938744348630397
            ],
            [
              81.55501911394454,
              26.938627015850322
            ],
            [
              81.55496396008105,
              26.938220877330004
            ],
            [
              81.55520617013615,
              26.93740869680754
            ],
            [
              81.55479867725529,
              26.93686704793783
            ],
            [
              81.55339502908113,
              26.935286903727082
            ],
            [
              81.5531485044177,
              26.93499802178056
            ],
            [
              81.55260021229415,
              26.934239611850494
            ],
            [
              81.55228345285023,
              26.933526442397255
            ],
            [
              81.55192129165354,
              26.932957676258358
            ],
            [
              81.55107620873653,
              26.931982482770103
            ],
            [
              81.55059653891757,
              26.93159881975325
            ],
            [
              81.5505362161479,
              26.931355072293385
            ],
            [
              81.54973147477367,
              26.93028064864357
            ],
            [
              81.54867496257478,
              26.92914747774717
            ],
            [
              81.5482020301204,
              26.928709503293184
            ],
            [
              81.54746235282387,
              26.928163103257745
            ],
            [
              81.54541407360183,
              26.92718270476699
            ],
            [
              81.5438086889677,
              26.926346947114222
            ],
            [
              81.54338061658197,
              26.92659034738258
            ],
            [
              81.54246391188566,
              26.927257730350682
            ],
            [
              81.54130029086048,
              26.928114417998017
            ],
            [
              81.54021332487514,
              26.92749554624005
            ],
            [
              81.53936792215788,
              26.927097963937353
            ],
            [
              81.53848210513428,
              26.926749954329757
            ],
            [
              81.53792288141206,
              26.927282079975868
            ],
            [
              81.53721865343329,
              26.926627269293988
            ],
            [
              81.53625783696495,
              26.925651927362953
            ],
            [
              81.53627808139818,
              26.925444431782736
            ],
            [
              81.53621316733911,
              26.92487125096147
            ],
            [
              81.53635461516545,
              26.92425762761271
            ],
            [
              81.53666740225917,
              26.92328767080682
            ],
            [
              81.53747367166771,
              26.922317942745234
            ],
            [
              81.53899006918981,
              26.920798146280102
            ],
            [
              81.54036534138076,
              26.91949032413911
            ],
            [
              81.5413225026042,
              26.918629040643292
            ],
            [
              81.5412069406311,
              26.918276983163384
            ],
            [
              81.54112131142162,
              26.918276903064804
            ],
            [
              81.54100057964405,
              26.91824076338689
            ],
            [
              81.5402610838072,
              26.917617561780464
            ],
            [
              81.54004975244166,
              26.91745949183257
            ],
            [
              81.53992390835184,
              26.91744132934963
            ],
            [
              81.53940096668559,
              26.916705503232247
            ],
            [
              81.5391747843718,
              26.916254139822698
            ],
            [
              81.53935616410912,
              26.916033114063772
            ],
            [
              81.53951746560153,
              26.915712816303078
            ],
            [
              81.53916077963652,
              26.915423538994666
            ],
            [
              81.53878801831948,
              26.91512122373836
            ],
            [
              81.53777185844312,
              26.914218034674782
            ],
            [
              81.53740932085232,
              26.913725733311615
            ],
            [
              81.53717345739469,
              26.91340544181902
            ],
            [
              81.53732477770599,
              26.913040014193115
            ],
            [
              81.53663567915324,
              26.912349192367312
            ],
            [
              81.53552416939768,
              26.91122481698032
            ],
            [
              81.53484996670895,
              26.910804756275382
            ],
            [
              81.53439128422994,
              26.91158962167184
            ],
            [
              81.53399314909939,
              26.912243632082262
            ],
            [
              81.53329301025178,
              26.912762139031063
            ],
            [
              81.53308658009445,
              26.912820689122807
            ],
            [
              81.53156075744839,
              26.913645456864714
            ],
            [
              81.53117289814638,
              26.913879885909505
            ],
            [
              81.53026642795611,
              26.914348631998518
            ],
            [
              81.52936000357991,
              26.91482178730394
            ],
            [
              81.52860455456194,
              26.915195837614547
            ],
            [
              81.52791470771254,
              26.91546610363996
            ],
            [
              81.52616762192716,
              26.915934168697184
            ],
            [
              81.52561875398354,
              26.916109840377853
            ],
            [
              81.52471740329206,
              26.916402460097895
            ],
            [
              81.52452613400177,
              26.91645202590311
            ],
            [
              81.52372539821539,
              26.916771795311284
            ],
            [
              81.5228592749578,
              26.91715470535777
            ],
            [
              81.52182688521918,
              26.917645855959794
            ],
            [
              81.52122257325621,
              26.91789356829721
            ],
            [
              81.52105636336908,
              26.91792955830153
            ],
            [
              81.52100590410126,
              26.918150674862638
            ],
            [
              81.52097552577328,
              26.918267993700944
            ],
            [
              81.52074330139088,
              26.919030397373984
            ],
            [
              81.52059695055972,
              26.919472517616896
            ],
            [
              81.520113668615,
              26.91945862226399
            ],
            [
              81.5194647013992,
              26.919038531328766
            ],
            [
              81.51828744215138,
              26.918297561284152
            ],
            [
              81.51745711585954,
              26.91794043732175
            ],
            [
              81.51681816485919,
              26.91760150192296
            ],
            [
              81.51539933425845,
              26.916869366235954
            ],
            [
              81.51390482059496,
              26.91627253078165
            ],
            [
              81.51390415584164,
              26.916271466252798
            ],
            [
              81.51358321743503,
              26.915757791859953
            ],
            [
              81.51322627994173,
              26.915229604081972
            ],
            [
              81.51307588759013,
              26.91463378925578
            ],
            [
              81.51309148324178,
              26.914146415948256
            ],
            [
              81.51309172668522,
              26.9138756829739
            ],
            [
              81.51308705275079,
              26.91352823575154
            ],
            [
              81.51324375037738,
              26.912869526768123
            ],
            [
              81.51334043155983,
              26.911754967603947
            ],
            [
              81.51310975138138,
              26.910910978762317
            ],
            [
              81.51246695379498,
              26.909398767609595
            ],
            [
              81.51174387466999,
              26.90762017562447
            ],
            [
              81.51157825767096,
              26.907173336344048
            ],
            [
              81.51085975276735,
              26.905886700931518
            ],
            [
              81.51019123371944,
              26.905006186247274
            ],
            [
              81.50956723787193,
              26.904847717323868
            ],
            [
              81.5088982822428,
              26.90442749270115
            ],
            [
              81.50855125676034,
              26.904106771079622
            ],
            [
              81.50804309417715,
              26.90396198506708
            ],
            [
              81.50800274814279,
              26.90396650880666
            ],
            [
              81.50780639887958,
              26.90407907512242
            ],
            [
              81.5075245704255,
              26.903988653258313
            ],
            [
              81.5069759162809,
              26.90404236132609
            ],
            [
              81.50654316457086,
              26.903978755827303
            ],
            [
              81.50641225667776,
              26.903947100063995
            ],
            [
              81.50620104927972,
              26.903802495693785
            ],
            [
              81.50584479540436,
              26.90363152888526
            ],
            [
              81.50584402195489,
              26.90363115717969
            ],
            [
              81.50586663794047,
              26.903601615394944
            ],
            [
              81.50588925392607,
              26.903572072801378
            ],
            [
              81.50615113439098,
              26.90338276225563
            ],
            [
              81.50692679101125,
              26.902846455154343
            ],
            [
              81.5066855134074,
              26.902561946651392
            ],
            [
              81.50631890105848,
              26.90175840567225
            ],
            [
              81.50616432165933,
              26.900463212764468
            ],
            [
              81.50591324613069,
              26.899880849255933
            ],
            [
              81.50573262906305,
              26.899325666356088
            ],
            [
              81.50577325177848,
              26.89899175338256
            ],
            [
              81.50600034767895,
              26.89840526930227
            ],
            [
              81.5062124075782,
              26.897796312056943
            ],
            [
              81.5062177570457,
              26.897462369726778
            ],
            [
              81.50617281702698,
              26.897132862297678
            ],
            [
              81.50618804796264,
              26.896956943979436
            ],
            [
              81.5064300918294,
              26.896523931038924
            ],
            [
              81.5067981612457,
              26.895937562327376
            ],
            [
              81.50688923244921,
              26.89543226595211
            ],
            [
              81.50682947112664,
              26.894822970615174
            ],
            [
              81.50671436909097,
              26.89425879230965
            ],
            [
              81.50669963133039,
              26.893848186257717
            ],
            [
              81.5067755668197,
              26.893415014787426
            ],
            [
              81.5063779410339,
              26.893482350835907
            ],
            [
              81.50520459933902,
              26.89416275528693
            ],
            [
              81.50415200379477,
              26.894798145313228
            ],
            [
              81.5032558193145,
              26.895162949400003
            ],
            [
              81.50266215238763,
              26.8949547953047
            ],
            [
              81.5024558300281,
              26.89490050528488
            ],
            [
              81.5016359969571,
              26.894425979037464
            ],
            [
              81.50111316758029,
              26.893888489354406
            ],
            [
              81.50085176681573,
              26.89359046273229
            ],
            [
              81.50049525332727,
              26.89286356718862
            ],
            [
              81.4999777069426,
              26.892105020704054
            ],
            [
              81.49964114503658,
              26.891477494293323
            ],
            [
              81.4994960491519,
              26.890732766087375
            ],
            [
              81.49973779028645,
              26.89059311533205
            ],
            [
              81.49985370619572,
              26.89040814627654
            ],
            [
              81.49980377244233,
              26.89009679236593
            ],
            [
              81.4997992620013,
              26.8895959020439
            ],
            [
              81.50040381830607,
              26.88900526707113
            ],
            [
              81.50044672903056,
              26.888863099231628
            ],
            [
              81.49831967474461,
              26.889048405715254
            ],
            [
              81.4982168535772,
              26.88904938637551
            ],
            [
              81.48857139802983,
              26.889141028397795
            ],
            [
              81.48662886219483,
              26.887837924766046
            ],
            [
              81.4846864296661,
              26.88653484135957
            ],
            [
              81.48375690601068,
              26.88461224987812
            ],
            [
              81.48333824078263,
              26.883746230265857
            ],
            [
              81.48282746769524,
              26.88268970100468
            ],
            [
              81.48391078831716,
              26.87841006624436
            ],
            [
              81.48992824577432,
              26.869611080810056
            ],
            [
              81.49184913400761,
              26.866802048906564
            ],
            [
              81.49279664373164,
              26.8622652286889
            ],
            [
              81.49144841083071,
              26.852005303975318
            ],
            [
              81.49120907268959,
              26.85018386383123
            ],
            [
              81.49085184593875,
              26.847465134084427
            ],
            [
              81.49081056835145,
              26.847150972922787
            ],
            [
              81.4908069211914,
              26.84712321411833
            ],
            [
              81.4864802368294,
              26.84758056428004
            ],
            [
              81.48536420225977,
              26.84769851423004
            ],
            [
              81.47992153632875,
              26.848273624672505
            ],
            [
              81.47227178789805,
              26.849081521202184
            ],
            [
              81.46462204485728,
              26.849889133855008
            ],
            [
              81.45860151965344,
              26.85304737488901
            ],
            [
              81.45604696520863,
              26.854387288869773
            ],
            [
              81.45592243804899,
              26.854708375192963
            ],
            [
              81.4547027226242,
              26.85785305804571
            ],
            [
              81.452126387627,
              26.859099775035922
            ],
            [
              81.44760914094884,
              26.857551657820668
            ],
            [
              81.44450662316387,
              26.856488309714706
            ],
            [
              81.44024971364493,
              26.857863849086105
            ],
            [
              81.43954587912826,
              26.85872374704251
            ],
            [
              81.43823258889526,
              26.860328195228043
            ],
            [
              81.43545003304823,
              26.86744674172652
            ],
            [
              81.43063348298875,
              26.865932217032565
            ],
            [
              81.42573877500797,
              26.866365943394715
            ],
            [
              81.42531115896645,
              26.866506067231526
            ],
            [
              81.42488359323055,
              26.866650600733678
            ],
            [
              81.42445592239177,
              26.8667951356538
            ],
            [
              81.42402322907225,
              26.866930704086723
            ],
            [
              81.42359053575268,
              26.86704816187204
            ],
            [
              81.42315287205469,
              26.867161066275177
            ],
            [
              81.42269506273814,
              26.86728757423761
            ],
            [
              81.42224227320739,
              26.867441154741098
            ],
            [
              81.42179952594317,
              26.867603745359876
            ],
            [
              81.42136190266937,
              26.867775389327626
            ],
            [
              81.4209342210508,
              26.86795604333063
            ],
            [
              81.42092924887574,
              26.86796059335343
            ],
            [
              81.4211004803453,
              26.868474970727885
            ],
            [
              81.42153341710828,
              26.868980177686318
            ],
            [
              81.42070352110944,
              26.869738587694215
            ],
            [
              81.42022563175132,
              26.870095283911162
            ],
            [
              81.41943077543849,
              26.870497131244953
            ],
            [
              81.42017561175969,
              26.870898489947166
            ],
            [
              81.42063878042524,
              26.871521099152112
            ],
            [
              81.42098613828435,
              26.871954178253418
            ],
            [
              81.42107199656427,
              26.87279807514628
            ],
            [
              81.4215000231359,
              26.873348464376125
            ],
            [
              81.42216440634026,
              26.873794943048757
            ],
            [
              81.42266271530306,
              26.874331822361302
            ],
            [
              81.4228793637968,
              26.87495444791792
            ],
            [
              81.4233576367355,
              26.875504834663545
            ],
            [
              81.42426894165865,
              26.876546902244545
            ],
            [
              81.42513488884642,
              26.877692795701694
            ],
            [
              81.42587992728856,
              26.878270174302877
            ],
            [
              81.42664520926563,
              26.878987376279564
            ],
            [
              81.42722345571235,
              26.87818397370422
            ],
            [
              81.42808389083757,
              26.877885838355034
            ],
            [
              81.4285972717342,
              26.878183444064746
            ],
            [
              81.42886420342596,
              26.87855334096387
            ],
            [
              81.4291109400918,
              26.878941347639557
            ],
            [
              81.42932748707585,
              26.87932484828878
            ],
            [
              81.42952906004244,
              26.879861734992986
            ],
            [
              81.4295745534234,
              26.880367129045627
            ],
            [
              81.42934362710656,
              26.881513499780027
            ],
            [
              81.42911244117663,
              26.882129522007258
            ],
            [
              81.42888125165341,
              26.88274554087694
            ],
            [
              81.42821756913497,
              26.884009377329278
            ],
            [
              81.42725755126895,
              26.886568357606635
            ],
            [
              81.42780699503271,
              26.88862133297377
            ],
            [
              81.42783760422768,
              26.88937948382503
            ],
            [
              81.42767173659868,
              26.889898469115014
            ],
            [
              81.42725929669555,
              26.8903905490834
            ],
            [
              81.42651449540864,
              26.89042240814098
            ],
            [
              81.42636316072432,
              26.889813269255555
            ],
            [
              81.42603041037003,
              26.88851822620582
            ],
            [
              81.42540115129327,
              26.888085240208056
            ],
            [
              81.42487286824436,
              26.888414822099516
            ],
            [
              81.42465679377412,
              26.889055698975106
            ],
            [
              81.42492377038164,
              26.889646783952326
            ],
            [
              81.425185726305,
              26.890210793806897
            ],
            [
              81.4253017347408,
              26.890824389118308
            ],
            [
              81.42536745638527,
              26.89143356982174
            ],
            [
              81.42522171461192,
              26.89205643285612
            ],
            [
              81.42478911741212,
              26.89247174267296
            ],
            [
              81.42376283981072,
              26.893320458397273
            ],
            [
              81.42283703518058,
              26.894078807647634
            ],
            [
              81.42282221118178,
              26.894674557897645
            ],
            [
              81.42337100995513,
              26.8950895272144
            ],
            [
              81.4240152870668,
              26.89529687831042
            ],
            [
              81.42470986085122,
              26.895463595631703
            ],
            [
              81.42527365520162,
              26.895670935626168
            ],
            [
              81.42541335760136,
              26.89595866766731
            ],
            [
              81.4255255823332,
              26.896189803087577
            ],
            [
              81.42564159705717,
              26.89681249729523
            ],
            [
              81.42610479536712,
              26.89729065066808
            ],
            [
              81.42646751082435,
              26.897868174284344
            ],
            [
              81.42648787024194,
              26.898463786783072
            ],
            [
              81.42653848222338,
              26.899014354648372
            ],
            [
              81.42617127069813,
              26.89956503679303
            ],
            [
              81.42587431910626,
              26.899580939793978
            ],
            [
              81.42557734505647,
              26.899596808344647
            ],
            [
              81.42482745930506,
              26.89970086794449
            ],
            [
              81.4241682468035,
              26.899980883789965
            ],
            [
              81.4235039785835,
              26.90001264080451
            ],
            [
              81.42301057172718,
              26.899656376274628
            ],
            [
              81.42254229793588,
              26.899191679735235
            ],
            [
              81.42199855218597,
              26.898853426679754
            ],
            [
              81.4216007808731,
              26.898348193018712
            ],
            [
              81.42136893018984,
              26.897662285167446
            ],
            [
              81.42093594042628,
              26.8972157437599
            ],
            [
              81.42032183503005,
              26.897157217621118
            ],
            [
              81.41959202303198,
              26.897112329989262
            ],
            [
              81.41909900155291,
              26.8975005893891
            ],
            [
              81.41897839823447,
              26.898091775986998
            ],
            [
              81.41901393019718,
              26.89883636194712
            ],
            [
              81.4192458716103,
              26.899923818717205
            ],
            [
              81.41888370682035,
              26.900442906174003
            ],
            [
              81.41823444226222,
              26.90057847831183
            ],
            [
              81.41755491256389,
              26.90047484170661
            ],
            [
              81.41696102375313,
              26.90054721333884
            ],
            [
              81.41624635465581,
              26.900592538614468
            ],
            [
              81.41566006559236,
              26.900899761117365
            ],
            [
              81.41561730758146,
              26.90092216572968
            ],
            [
              81.41503839458481,
              26.90063807536516
            ],
            [
              81.41487212540888,
              26.900074020636946
            ],
            [
              81.41520416519579,
              26.899536920736868
            ],
            [
              81.41545051019615,
              26.898837416225778
            ],
            [
              81.41576740528566,
              26.898395045323337
            ],
            [
              81.41618000239396,
              26.898020392977234
            ],
            [
              81.41712592659152,
              26.897203345392427
            ],
            [
              81.41717609660182,
              26.896639270305727
            ],
            [
              81.41631531742185,
              26.896517682146683
            ],
            [
              81.41576677377002,
              26.896535860814122
            ],
            [
              81.41518789311273,
              26.8961796053458
            ],
            [
              81.41505178666908,
              26.895525278366456
            ],
            [
              81.41495596607268,
              26.894943212260955
            ],
            [
              81.41424124038146,
              26.894898254850222
            ],
            [
              81.41306366492665,
              26.895318208892824
            ],
            [
              81.4117400305932,
              26.895449427336782
            ],
            [
              81.4110957651596,
              26.895287164381898
            ],
            [
              81.4099681836453,
              26.894574435343905
            ],
            [
              81.40892115136761,
              26.893875226171385
            ],
            [
              81.40852343125871,
              26.893442122102375
            ],
            [
              81.40879002608222,
              26.892864434050214
            ],
            [
              81.40967041997641,
              26.891925655121725
            ],
            [
              81.41053074730381,
              26.89103641571145
            ],
            [
              81.41061108633458,
              26.89047234508254
            ],
            [
              81.41004738361234,
              26.890039261617773
            ],
            [
              81.40940315321308,
              26.890098083877106
            ],
            [
              81.40841681021764,
              26.8901953621858
            ],
            [
              81.40743046722218,
              26.89029263320011
            ],
            [
              81.406101824781,
              26.890338077961133
            ],
            [
              81.40544002243645,
              26.89041940770957
            ],
            [
              81.40477828027905,
              26.89050077104914
            ],
            [
              81.4034848940178,
              26.890785357203445
            ],
            [
              81.40149707500765,
              26.891318180373798
            ],
            [
              81.39944380115261,
              26.891765328349347
            ],
            [
              81.39823599828681,
              26.891882806799593
            ],
            [
              81.39745595878627,
              26.89192807866886
            ],
            [
              81.3968418857294,
              26.891720626850823
            ],
            [
              81.39664554455102,
              26.891228797034607
            ],
            [
              81.39645919623183,
              26.890592548095157
            ],
            [
              81.39596594298746,
              26.890100689332566
            ],
            [
              81.39485359779866,
              26.88944654987409
            ],
            [
              81.39418917417014,
              26.889162312070948
            ],
            [
              81.39382673629235,
              26.888584800831552
            ],
            [
              81.39341399275862,
              26.888214762101825
            ],
            [
              81.39274978742071,
              26.88837729800767
            ],
            [
              81.39223648108423,
              26.888733940221304
            ],
            [
              81.39152187307234,
              26.88905889893978
            ],
            [
              81.39087770286018,
              26.889225937931556
            ],
            [
              81.39017821079958,
              26.88926660000859
            ],
            [
              81.38973037727426,
              26.88956446177532
            ],
            [
              81.38925225255754,
              26.88997970864582
            ],
            [
              81.38875403432456,
              26.890246021094992
            ],
            [
              81.38820544216368,
              26.889772185149226
            ],
            [
              81.38794370992083,
              26.88932550919879
            ],
            [
              81.3872139778728,
              26.889488048314007
            ],
            [
              81.38730964485732,
              26.889993372879378
            ],
            [
              81.38742548081659,
              26.89071087781819
            ],
            [
              81.38812527021952,
              26.892357974250213
            ],
            [
              81.38890548129832,
              26.8938019233227
            ],
            [
              81.38923771062971,
              26.894541966176657
            ],
            [
              81.38930322925496,
              26.895092415360768
            ],
            [
              81.3883420759184,
              26.89588221927482
            ],
            [
              81.38721478994985,
              26.896595342233173
            ],
            [
              81.38617295622265,
              26.89742574030176
            ],
            [
              81.38581568814932,
              26.89791766971636
            ],
            [
              81.38545843444905,
              26.89840952809152
            ],
            [
              81.38474386236976,
              26.90011982917453
            ],
            [
              81.38433112512429,
              26.900593682601176
            ],
            [
              81.38373725787311,
              26.900819357787114
            ],
            [
              81.38338487124503,
              26.900268861207945
            ],
            [
              81.38320363164488,
              26.899673190133527
            ],
            [
              81.38263997204174,
              26.899510744983516
            ],
            [
              81.38153275084336,
              26.900386270731044
            ],
            [
              81.38091114092127,
              26.90112185634391
            ],
            [
              81.38028960016943,
              26.90185739470704
            ],
            [
              81.37868402509248,
              26.903626412325956
            ],
            [
              81.37763716798621,
              26.90442967164945
            ],
            [
              81.37642918276244,
              26.905070425622167
            ],
            [
              81.37571445796955,
              26.90493511121747
            ],
            [
              81.37571446605439,
              26.904267247761055
            ],
            [
              81.37629320837111,
              26.90389271903722
            ],
            [
              81.3764945980814,
              26.90332862609115
            ],
            [
              81.37606170264092,
              26.90297214611371
            ],
            [
              81.37546778688073,
              26.902705877286184
            ],
            [
              81.37480339738816,
              26.902511834006358
            ],
            [
              81.37418937104368,
              26.902809628803897
            ],
            [
              81.37366087958563,
              26.903062365314046
            ],
            [
              81.37306192068343,
              26.903360206725214
            ],
            [
              81.37238236762886,
              26.903346653057074
            ],
            [
              81.36972992466586,
              26.902719294844896
            ],
            [
              81.36855214170023,
              26.902439515704522
            ],
            [
              81.36812434869059,
              26.90188890685782
            ],
            [
              81.36761106660859,
              26.900923244022117
            ],
            [
              81.36726370425788,
              26.900878095123222
            ],
            [
              81.36693150187592,
              26.901144268923208
            ],
            [
              81.36603558419529,
              26.90164967032414
            ],
            [
              81.36535610570093,
              26.902069253989573
            ],
            [
              81.36411280321173,
              26.902633276321513
            ],
            [
              81.36345838861206,
              26.90287686872796
            ],
            [
              81.36280406204733,
              26.903120450995807
            ],
            [
              81.36224030901941,
              26.903490480152108
            ],
            [
              81.36224024613735,
              26.903950768242936
            ],
            [
              81.36265301482389,
              26.904384037093276
            ],
            [
              81.36335258324128,
              26.9048173002757
            ],
            [
              81.36384583468906,
              26.905097082336514
            ],
            [
              81.36485739608948,
              26.90578309963882
            ],
            [
              81.36537079495245,
              26.90617117782623
            ],
            [
              81.36589927383409,
              26.906645076353904
            ],
            [
              81.36633207495146,
              26.906956447933005
            ],
            [
              81.36762571723254,
              26.90713705372563
            ],
            [
              81.36823976872985,
              26.907434892399213
            ],
            [
              81.36835553462053,
              26.908012482693834
            ],
            [
              81.36782186527317,
              26.908490835369754
            ],
            [
              81.36725813110989,
              26.90871186228001
            ],
            [
              81.36593430902849,
              26.908937470774752
            ],
            [
              81.36515416801831,
              26.9088606843125
            ],
            [
              81.36470621411871,
              26.90850412086802
            ],
            [
              81.36414248444702,
              26.908165660997536
            ],
            [
              81.36381016977566,
              26.908671025364008
            ],
            [
              81.36425807965779,
              26.909830769126557
            ],
            [
              81.36427309409945,
              26.91048066516734
            ],
            [
              81.36336194997473,
              26.91138762576936
            ],
            [
              81.36410683929657,
              26.91162679681193
            ],
            [
              81.36611528721889,
              26.91174430907231
            ],
            [
              81.36796768430165,
              26.912308452890493
            ],
            [
              81.36929152794261,
              26.912592846317164
            ],
            [
              81.37008684329457,
              26.912619929804162
            ],
            [
              81.3707663541283,
              26.913513432111674
            ],
            [
              81.37133009457979,
              26.913811326053743
            ],
            [
              81.3720599272391,
              26.913973738614125
            ],
            [
              81.37333858382463,
              26.914136227838295
            ],
            [
              81.37365318821018,
              26.914240028126976
            ],
            [
              81.37396769917093,
              26.914343820310044
            ],
            [
              81.37424968123692,
              26.91480412102292
            ],
            [
              81.37363546804286,
              26.91525083477823
            ],
            [
              81.37300628083136,
              26.915593796678486
            ],
            [
              81.37239219699471,
              26.91576977727533
            ],
            [
              81.37181323099747,
              26.91595022799098
            ],
            [
              81.37065547686943,
              26.916753478125358
            ],
            [
              81.36992549868302,
              26.917732711292395
            ],
            [
              81.36933138619176,
              26.918806636893454
            ],
            [
              81.3686971486517,
              26.918657720642802
            ],
            [
              81.36743872841458,
              26.918359793836654
            ],
            [
              81.36619526333031,
              26.918477054786695
            ],
            [
              81.36550064822339,
              26.91838675018514
            ],
            [
              81.36356268930476,
              26.91738933136639
            ],
            [
              81.36301401629555,
              26.917195249244966
            ],
            [
              81.3623696062332,
              26.917195133901917
            ],
            [
              81.36038120870802,
              26.91719497690722
            ],
            [
              81.35910267159844,
              26.917149682326635
            ],
            [
              81.35829221963392,
              26.91692852215245
            ],
            [
              81.35756236182176,
              26.916973526060648
            ],
            [
              81.3571142893446,
              26.91720813322211
            ],
            [
              81.35684243758004,
              26.91736375569013
            ],
            [
              81.35657054000141,
              26.917519404376243
            ],
            [
              81.3561627336085,
              26.917884932040117
            ],
            [
              81.35616272821862,
              26.917893940756816
            ],
            [
              81.35607708373774,
              26.91808340799138
            ],
            [
              81.35582537040526,
              26.918421849337253
            ],
            [
              81.35544277433249,
              26.91880536012829
            ],
            [
              81.35513063941566,
              26.91900836080141
            ],
            [
              81.35466241593002,
              26.919143667948294
            ],
            [
              81.35429990259372,
              26.919306100869242
            ],
            [
              81.35410354614397,
              26.919585871849947
            ],
            [
              81.3539423758056,
              26.920000933037414
            ],
            [
              81.35392202177789,
              26.921029866817918
            ],
            [
              81.35387155622186,
              26.921679675144603
            ],
            [
              81.35384631535901,
              26.922176024292973
            ],
            [
              81.35378087219225,
              26.922356487992253
            ],
            [
              81.35347877055882,
              26.922568589938606
            ],
            [
              81.35299542124041,
              26.922681317117835
            ],
            [
              81.35275378610709,
              26.92279407622258
            ],
            [
              81.35270845172798,
              26.92287977422018
            ],
            [
              81.35270336367017,
              26.92313252506519
            ],
            [
              81.35280905136169,
              26.923434882935094
            ],
            [
              81.35349359635428,
              26.924057680774197
            ],
            [
              81.35359420407283,
              26.9242878271723
            ],
            [
              81.35361432723353,
              26.92449090368255
            ],
            [
              81.35356387784717,
              26.924874489958125
            ],
            [
              81.3534076877687,
              26.9255062679356
            ],
            [
              81.35311058525983,
              26.926137971893088
            ],
            [
              81.35282860768542,
              26.92661170729325
            ],
            [
              81.35259188274344,
              26.926886949351776
            ],
            [
              81.35214380936792,
              26.92721181108563
            ],
            [
              81.35156982183396,
              26.927491422301745
            ],
            [
              81.35131304739316,
              26.92760872101567
            ],
            [
              81.3511921152913,
              26.92778920085319
            ],
            [
              81.3511770640187,
              26.927983295987634
            ],
            [
              81.35126251087021,
              26.9282630302341
            ],
            [
              81.35137824981142,
              26.928411965843512
            ],
            [
              81.35217873137458,
              26.92875955384971
            ],
            [
              81.35313516226769,
              26.929179428384984
            ],
            [
              81.35360330490496,
              26.92946377208423
            ],
            [
              81.35431805485068,
              26.930059551850604
            ],
            [
              81.354670396563,
              26.930294238321437
            ],
            [
              81.3548869112077,
              26.930352952310546
            ],
            [
              81.35507827212618,
              26.930294309601578
            ],
            [
              81.35527964207353,
              26.930136391164453
            ],
            [
              81.3553803872343,
              26.92984310467038
            ],
            [
              81.35537032430649,
              26.929622015829672
            ],
            [
              81.35525971115229,
              26.929224836670702
            ],
            [
              81.35508859826037,
              26.928895376301202
            ],
            [
              81.35454498905436,
              26.928344823625274
            ],
            [
              81.35439392925451,
              26.928096636063493
            ],
            [
              81.35436876834171,
              26.92791162032258
            ],
            [
              81.35437391478999,
              26.927722023824742
            ],
            [
              81.35449974091352,
              26.927577626116022
            ],
            [
              81.35459538903338,
              26.927555106656367
            ],
            [
              81.35484715267154,
              26.92757316178989
            ],
            [
              81.35556696821715,
              26.927857631277767
            ],
            [
              81.35671972411897,
              26.928557177813296
            ],
            [
              81.35730877729856,
              26.9288595876197
            ],
            [
              81.35781716895212,
              26.92891835281295
            ],
            [
              81.358345819412,
              26.928886852212777
            ],
            [
              81.35874356916527,
              26.928746997963454
            ],
            [
              81.35891978538635,
              26.928625141641085
            ],
            [
              81.35913130809304,
              26.9282867709472
            ],
            [
              81.35945357690458,
              26.927546734641435
            ],
            [
              81.35984625836306,
              26.927298538115398
            ],
            [
              81.36008796087002,
              26.927248921811195
            ],
            [
              81.36047559559324,
              26.927294105014155
            ],
            [
              81.36081791120866,
              26.92740697083645
            ],
            [
              81.36104442589912,
              26.927546853978484
            ],
            [
              81.36162837664789,
              26.92816515199954
            ],
            [
              81.36186999830649,
              26.928345718246398
            ],
            [
              81.36218716917878,
              26.928408882325694
            ],
            [
              81.36252438505836,
              26.92839088419083
            ],
            [
              81.36303799772035,
              26.92828715218256
            ],
            [
              81.3635313174401,
              26.92789007324334
            ],
            [
              81.36380821144832,
              26.92781339498559
            ],
            [
              81.36399449239387,
              26.927835956041402
            ],
            [
              81.36405994903534,
              26.92797134791082
            ],
            [
              81.3640548852321,
              26.928129322239638
            ],
            [
              81.36395927663808,
              26.928354911138996
            ],
            [
              81.36382831664271,
              26.928526386721078
            ],
            [
              81.3637377278345,
              26.9287610339337
            ],
            [
              81.3637376568676,
              26.929067885035234
            ],
            [
              81.36377280794468,
              26.92947398764289
            ],
            [
              81.36398933336916,
              26.929789899033192
            ],
            [
              81.36419069523168,
              26.929898189201257
            ],
            [
              81.36445240322004,
              26.929934342764952
            ],
            [
              81.36462861764448,
              26.929898249269
            ],
            [
              81.36470420009586,
              26.929812562209353
            ],
            [
              81.36474445989194,
              26.92961852388332
            ],
            [
              81.36490559878932,
              26.92903182810384
            ],
            [
              81.36501644281054,
              26.928792685140262
            ],
            [
              81.36512213229865,
              26.928693404968882
            ],
            [
              81.36528321460214,
              26.928661856251157
            ],
            [
              81.36557021286069,
              26.928770226792444
            ],
            [
              81.36585211767155,
              26.9290906236419
            ],
            [
              81.36613899286094,
              26.929424582934022
            ],
            [
              81.3661842823243,
              26.929686273230022
            ],
            [
              81.36618934163596,
              26.930182632002065
            ],
            [
              81.36607848683498,
              26.9311889926302
            ],
            [
              81.36597272009172,
              26.931613139684885
            ],
            [
              81.36523753257501,
              26.932700577808692
            ],
            [
              81.36474916526741,
              26.933481224850542
            ],
            [
              81.36450747982842,
              26.93384670720598
            ],
            [
              81.36445713464666,
              26.934094883716497
            ],
            [
              81.36449729832302,
              26.934261933761828
            ],
            [
              81.36458794911495,
              26.93437467488348
            ],
            [
              81.36472385792925,
              26.934442439793155
            ],
            [
              81.36532297313832,
              26.934532750763598
            ],
            [
              81.36597745600992,
              26.93455528885182
            ],
            [
              81.3661688375896,
              26.934555372142317
            ],
            [
              81.36632998636841,
              26.934510215073455
            ],
            [
              81.36645578105093,
              26.93441094474022
            ],
            [
              81.36652125116716,
              26.934252999231568
            ],
            [
              81.36673275770416,
              26.9339236280314
            ],
            [
              81.36694424986814,
              26.933526508069207
            ],
            [
              81.36714748292137,
              26.93346129100247
            ],
            [
              81.36714816025112,
              26.933461054743525
            ],
            [
              81.36735205087116,
              26.93339564382638
            ],
            [
              81.36780515481223,
              26.93341376609961
            ],
            [
              81.36810221060871,
              26.9335310538492
            ],
            [
              81.36823306370458,
              26.933652912879904
            ],
            [
              81.36821299444283,
              26.933788311381548
            ],
            [
              81.36803674588238,
              26.934068104110015
            ],
            [
              81.36717569361456,
              26.935200675372162
            ],
            [
              81.36669229668546,
              26.935615785622634
            ],
            [
              81.36615356263653,
              26.935940644638908
            ],
            [
              81.36567525107024,
              26.93614372739852
            ],
            [
              81.365212083303,
              26.93631514629035
            ],
            [
              81.36498554795128,
              26.936450496747472
            ],
            [
              81.36487467877723,
              26.936630989665247
            ],
            [
              81.36481922757136,
              26.937574170678687
            ],
            [
              81.36478902082163,
              26.93803442786696
            ],
            [
              81.36463791610599,
              26.938449589350054
            ],
            [
              81.36447681134464,
              26.93886023977726
            ],
            [
              81.36442639429761,
              26.93923472292238
            ],
            [
              81.36453206042957,
              26.939559682027248
            ],
            [
              81.36483913872962,
              26.939929682995515
            ],
            [
              81.3652218003794,
              26.94013733131223
            ],
            [
              81.36540305165767,
              26.940290743091804
            ],
            [
              81.36557922116634,
              26.940362937834582
            ],
            [
              81.36575548589646,
              26.94053891583001
            ],
            [
              81.36576551199335,
              26.940678830733365
            ],
            [
              81.36564469128257,
              26.94085931928479
            ],
            [
              81.36542819909576,
              26.94099467389674
            ],
            [
              81.36486422687891,
              26.941102986138795
            ],
            [
              81.36422484199228,
              26.94116157517752
            ],
            [
              81.36373642527734,
              26.94123824836361
            ],
            [
              81.36298118017694,
              26.941490880388947
            ],
            [
              81.3624776618838,
              26.941603623091517
            ],
            [
              81.3620949454368,
              26.941581107233485
            ],
            [
              81.36171227570217,
              26.941477236002914
            ],
            [
              81.3613447856992,
              26.941201975097236
            ],
            [
              81.36100753029378,
              26.94070555591527
            ],
            [
              81.36093706734121,
              26.94009633279042
            ],
            [
              81.36089693959748,
              26.93961802360941
            ],
            [
              81.36061506802423,
              26.938444734643166
            ],
            [
              81.36033827642397,
              26.938047528895734
            ],
            [
              81.35994055272178,
              26.9377542333444
            ],
            [
              81.35942192386723,
              26.937519527160667
            ],
            [
              81.3588781871005,
              26.937505840649827
            ],
            [
              81.35860134519453,
              26.937541969350896
            ],
            [
              81.35811791143452,
              26.937957053363533
            ],
            [
              81.35797690108774,
              26.938263924291274
            ],
            [
              81.35792142023747,
              26.938503040764395
            ],
            [
              81.35798682836993,
              26.93896780288317
            ],
            [
              81.3581075727239,
              26.93942813606769
            ],
            [
              81.35806729226658,
              26.93971694580088
            ],
            [
              81.35795652909373,
              26.93987031490757
            ],
            [
              81.35782054571928,
              26.940005698736048
            ],
            [
              81.3577953560604,
              26.940105012994387
            ],
            [
              81.35781544239013,
              26.940132049034517
            ],
            [
              81.35791615072,
              26.94015011576864
            ],
            [
              81.35804706939288,
              26.940163693045548
            ],
            [
              81.35837433014248,
              26.940294619105803
            ],
            [
              81.35946180996419,
              26.94094000560928
            ],
            [
              81.36024209200986,
              26.941621504600416
            ],
            [
              81.36105767335464,
              26.94263693324961
            ],
            [
              81.36152082405388,
              26.943155885901454
            ],
            [
              81.36203931905943,
              26.94348986520117
            ],
            [
              81.36231629301774,
              26.94377868374818
            ],
            [
              81.36246217313168,
              26.94426609479967
            ],
            [
              81.36241184322124,
              26.944563908334864
            ],
            [
              81.36234636322354,
              26.944721850610534
            ],
            [
              81.36219027016315,
              26.94486623837832
            ],
            [
              81.36196365126811,
              26.94493843099164
            ],
            [
              81.36167665929779,
              26.944938342904045
            ],
            [
              81.36123861022249,
              26.94497890483264
            ],
            [
              81.36088609333872,
              26.945209010138228
            ],
            [
              81.36082057920507,
              26.945421097135167
            ],
            [
              81.36088600081224,
              26.94588594684776
            ],
            [
              81.3610873707596,
              26.94602135628403
            ],
            [
              81.36141469618788,
              26.945985246316162
            ],
            [
              81.3618024440988,
              26.94575970630038
            ],
            [
              81.3621297300012,
              26.945701073205655
            ],
            [
              81.36237646936199,
              26.945782311813094
            ],
            [
              81.36267854314762,
              26.94595380093341
            ],
            [
              81.36276915710864,
              26.946233570679162
            ],
            [
              81.36271873287514,
              26.94660814224141
            ],
            [
              81.3626180505964,
              26.946887914366872
            ],
            [
              81.36239142900642,
              26.947045782116465
            ],
            [
              81.36215473191218,
              26.94706833131653
            ],
            [
              81.36180225096102,
              26.9469690712399
            ],
            [
              81.36144483825893,
              26.946707239276027
            ],
            [
              81.36106720178483,
              26.946653054229476
            ],
            [
              81.36093120763061,
              26.94671168362584
            ],
            [
              81.36088085705894,
              26.946865175345206
            ],
            [
              81.36090601617508,
              26.946991537174032
            ],
            [
              81.36106204994668,
              26.947126878817254
            ],
            [
              81.36127861938863,
              26.94740666166674
            ],
            [
              81.36136923065472,
              26.947600759069026
            ],
            [
              81.36134399967334,
              26.947772231809346
            ],
            [
              81.36127847925144,
              26.94790756130421
            ],
            [
              81.36111741401596,
              26.94803847676869
            ],
            [
              81.360941075624,
              26.948151232140983
            ],
            [
              81.36063900543162,
              26.948313611274063
            ],
            [
              81.36035196944383,
              26.948548295785425
            ],
            [
              81.36022600497972,
              26.948728730096388
            ],
            [
              81.36018570925103,
              26.948873124742654
            ],
            [
              81.36020075603204,
              26.949184526318124
            ],
            [
              81.36030142483604,
              26.94954105888119
            ],
            [
              81.36086029282545,
              26.949983343789604
            ],
            [
              81.36131346773345,
              26.950678324877458
            ],
            [
              81.36150973525,
              26.950958098910228
            ],
            [
              81.36157010383371,
              26.951477039673893
            ],
            [
              81.36153477129697,
              26.952081749142128
            ],
            [
              81.36152468501297,
              26.952487864946846
            ],
            [
              81.36157504726273,
              26.95266833699079
            ],
            [
              81.36172099834356,
              26.952781150989157
            ],
            [
              81.36193255698285,
              26.952880527659094
            ],
            [
              81.36248640608478,
              26.952903123736107
            ],
            [
              81.36292958813355,
              26.952812874726067
            ],
            [
              81.36340790419143,
              26.952812958003044
            ],
            [
              81.36388626067348,
              26.953006998850267
            ],
            [
              81.36427399510966,
              26.953291359328034
            ],
            [
              81.36450556282361,
              26.953562089777606
            ],
            [
              81.36466159479856,
              26.953999857188837
            ],
            [
              81.36466160378173,
              26.954437508394964
            ],
            [
              81.3646615319165,
              26.954839125237736
            ],
            [
              81.36473207302251,
              26.955082848346972
            ],
            [
              81.36492334410941,
              26.955240767873512
            ],
            [
              81.36516503763325,
              26.955299524120523
            ],
            [
              81.36550243856577,
              26.95526340991911
            ],
            [
              81.365829749621,
              26.955109996899363
            ],
            [
              81.36618226291152,
              26.955105556083684
            ],
            [
              81.36640885216215,
              26.95520930105167
            ],
            [
              81.36685700189449,
              26.955615480050756
            ],
            [
              81.36721952601053,
              26.955786983834244
            ],
            [
              81.36787413644291,
              26.955877260889384
            ],
            [
              81.36815619127246,
              26.956044222605293
            ],
            [
              81.36824678996213,
              26.956292458343253
            ],
            [
              81.36823160484057,
              26.956585735282935
            ],
            [
              81.36823668840674,
              26.956960281243298
            ],
            [
              81.3683726196789,
              26.95732127877484
            ],
            [
              81.36843809428672,
              26.957655220098957
            ],
            [
              81.36842793523917,
              26.957853770982595
            ],
            [
              81.36806537519051,
              26.95840883482795
            ],
            [
              81.36756174730287,
              26.958990864199535
            ],
            [
              81.36735530906066,
              26.959261628194312
            ],
            [
              81.36724444437822,
              26.960069405193043
            ],
            [
              81.36725949385415,
              26.96040782781936
            ],
            [
              81.36737023906069,
              26.960489044614523
            ],
            [
              81.3675717168059,
              26.960480031293834
            ],
            [
              81.36778324220754,
              26.96038525726812
            ],
            [
              81.36808536899377,
              26.95996116002118
            ],
            [
              81.36831201214332,
              26.959888958616155
            ],
            [
              81.36852854385602,
              26.959925039307215
            ],
            [
              81.36875011332089,
              26.960037831626874
            ],
            [
              81.36913278036054,
              26.960362761176228
            ],
            [
              81.36958103429743,
              26.960719291196213
            ],
            [
              81.36987559726899,
              26.961084789323245
            ],
            [
              81.3701701997664,
              26.961450375139652
            ],
            [
              81.37038669913977,
              26.961757258965157
            ],
            [
              81.37046224386191,
              26.96196931321442
            ],
            [
              81.3704521575779,
              26.962231013632827
            ],
            [
              81.37037158229018,
              26.962425123129997
            ],
            [
              81.3702607777948,
              26.962546874859232
            ],
            [
              81.36938449369303,
              26.962952993773854
            ],
            [
              81.36915781281427,
              26.963088349072173
            ],
            [
              81.3688808424492,
              26.963268905819504
            ],
            [
              81.36868945008972,
              26.963499000997754
            ],
            [
              81.3684225642121,
              26.963711092000924
            ],
            [
              81.36815066124356,
              26.963905118080465
            ],
            [
              81.36805993319649,
              26.964081112156833
            ],
            [
              81.3680851830425,
              26.964243504361605
            ],
            [
              81.36823619523167,
              26.96432924211176
            ],
            [
              81.36847788785717,
              26.964329254121633
            ],
            [
              81.36880524831973,
              26.964216466099373
            ],
            [
              81.36925849958456,
              26.964162330306632
            ],
            [
              81.36954050141348,
              26.964275147206834
            ],
            [
              81.36999377423784,
              26.964478302212104
            ],
            [
              81.37062322914734,
              26.96470391284808
            ],
            [
              81.3713937249463,
              26.96486192377284
            ],
            [
              81.37211893757014,
              26.96500626171329
            ],
            [
              81.37247646256164,
              26.965186804977396
            ],
            [
              81.37258725268393,
              26.965299639266345
            ],
            [
              81.37258721585302,
              26.96547557992186
            ],
            [
              81.37250163066095,
              26.965633515303534
            ],
            [
              81.37230023915403,
              26.9657644253835
            ],
            [
              81.37199801624804,
              26.965868175747236
            ],
            [
              81.37149438297052,
              26.966035180301088
            ],
            [
              81.37117713574142,
              26.966125364274497
            ],
            [
              81.37075409032802,
              26.96647734761483
            ],
            [
              81.37052747502625,
              26.96667594619808
            ],
            [
              81.37021019366118,
              26.966829278614018
            ],
            [
              81.36998354242678,
              26.96699625612208
            ],
            [
              81.3699332026349,
              26.967131636985222
            ],
            [
              81.36991803997118,
              26.96738887707023
            ],
            [
              81.37001370785401,
              26.96787624603682
            ],
            [
              81.37021014335551,
              26.968214650008996
            ],
            [
              81.37070369394229,
              26.96872456587163
            ],
            [
              81.37100579377908,
              26.96897729479633
            ],
            [
              81.37115686076547,
              26.96936986720481
            ],
            [
              81.37119214658982,
              26.96978504934943
            ],
            [
              81.3710964032485,
              26.970037751875306
            ],
            [
              81.37104603920211,
              26.97012349482139
            ],
            [
              81.37094035240892,
              26.97015962187194
            ],
            [
              81.37068851061736,
              26.9701234860146
            ],
            [
              81.37030070790918,
              26.969942926646794
            ],
            [
              81.36980219323216,
              26.969505213189368
            ],
            [
              81.3692834170539,
              26.968778669047424
            ],
            [
              81.36907190872026,
              26.968620747684326
            ],
            [
              81.36889068169651,
              26.968530493652793
            ],
            [
              81.36864392526775,
              26.968489896968844
            ],
            [
              81.36768197422724,
              26.968530436808148
            ],
            [
              81.36702224070277,
              26.9685890283992
            ],
            [
              81.36679560743471,
              26.968710863935613
            ],
            [
              81.36670994408921,
              26.968805645366647
            ],
            [
              81.36665457283341,
              26.969130522399315
            ],
            [
              81.3666545144429,
              26.969428351075685
            ],
            [
              81.36677033243588,
              26.96972168188078
            ],
            [
              81.36701707628822,
              26.96997894326993
            ],
            [
              81.36774726827365,
              26.97035352315358
            ],
            [
              81.36817535772737,
              26.970682927191802
            ],
            [
              81.36854295103657,
              26.97114770710152
            ],
            [
              81.36878974070301,
              26.971427579209788
            ],
            [
              81.3690818386974,
              26.972072813812872
            ],
            [
              81.36935880996074,
              26.972713675849924
            ],
            [
              81.36948976456625,
              26.972916694740842
            ],
            [
              81.36962567338051,
              26.97297084874164
            ],
            [
              81.36984225360227,
              26.972858013333056
            ],
            [
              81.36990270393267,
              26.97261435190412
            ],
            [
              81.36989263920823,
              26.971847256369692
            ],
            [
              81.36997827740089,
              26.97150428303962
            ],
            [
              81.37015454482595,
              26.97137341165694
            ],
            [
              81.37036608639727,
              26.971382508169672
            ],
            [
              81.37074890615054,
              26.971481757945085
            ],
            [
              81.37103590890065,
              26.97167578664799
            ],
            [
              81.3713834500161,
              26.972059383688922
            ],
            [
              81.37191723794108,
              26.97246553074492
            ],
            [
              81.37201296870596,
              26.972646058846866
            ],
            [
              81.37202302265061,
              26.973562068919275
            ],
            [
              81.37210856382521,
              26.97401330537745
            ],
            [
              81.37211910914836,
              26.974036042121718
            ],
            [
              81.37224461008174,
              26.9743066370466
            ],
            [
              81.37227480695,
              26.974545830746028
            ],
            [
              81.37230494363116,
              26.97510987811216
            ],
            [
              81.37230494093625,
              26.97552499825991
            ],
            [
              81.37235530588094,
              26.975750686834417
            ],
            [
              81.37249136830714,
              26.97591312065148
            ],
            [
              81.37293455574583,
              26.976373369341836
            ],
            [
              81.37311578905778,
              26.976689286166263
            ],
            [
              81.37324674815483,
              26.977844521278918
            ],
            [
              81.37328203308086,
              26.978485275205898
            ],
            [
              81.37323158638945,
              26.97873344466743
            ],
            [
              81.37306541423158,
              26.97886882582708
            ],
            [
              81.37277831266677,
              26.9790357790749
            ],
            [
              81.37243584164278,
              26.979139605270035
            ],
            [
              81.37214876792578,
              26.97914863631042
            ],
            [
              81.37194725784124,
              26.979062884227172
            ],
            [
              81.37184650818885,
              26.978855283635625
            ],
            [
              81.37164511308868,
              26.978440082904918
            ],
            [
              81.37137317957745,
              26.978237009129977
            ],
            [
              81.37123712523609,
              26.9781603371066
            ],
            [
              81.37095512700043,
              26.978079145865614
            ],
            [
              81.37055220923929,
              26.977916644724793
            ],
            [
              81.37035072520591,
              26.977785756779706
            ],
            [
              81.37005355801836,
              26.977478936651085
            ],
            [
              81.36972120831267,
              26.977163046059914
            ],
            [
              81.36945928203372,
              26.977059247662506
            ],
            [
              81.36896069189817,
              26.977005033984696
            ],
            [
              81.36877427530708,
              26.977005001161398
            ],
            [
              81.36863831079722,
              26.977050122788008
            ],
            [
              81.36831089823235,
              26.977199034755078
            ],
            [
              81.3680540564179,
              26.977280229833177
            ],
            [
              81.36776694766658,
              26.977266730681162
            ],
            [
              81.36748998089483,
              26.977185490761585
            ],
            [
              81.36724827299794,
              26.977072597133205
            ],
            [
              81.36703670627381,
              26.977004942719905
            ],
            [
              81.36686044603528,
              26.9770049122983
            ],
            [
              81.3667344761813,
              26.977063549914885
            ],
            [
              81.36660859975213,
              26.97714029473647
            ],
            [
              81.36651288695354,
              26.977311732918494
            ],
            [
              81.36642224783968,
              26.977582495292754
            ],
            [
              81.36642219304245,
              26.977871313698248
            ],
            [
              81.36646250224588,
              26.97817366323046
            ],
            [
              81.36655810724663,
              26.978295456372173
            ],
            [
              81.36737409373157,
              26.97871524962699
            ],
            [
              81.36917711581306,
              26.979450844716624
            ],
            [
              81.36951456974617,
              26.979631381629947
            ],
            [
              81.36958005513375,
              26.97977577268585
            ],
            [
              81.36944401336882,
              26.979965304828703
            ],
            [
              81.36926772618081,
              26.980105181175496
            ],
            [
              81.36910656213065,
              26.980362402024536
            ],
            [
              81.36879429066991,
              26.98086774701398
            ],
            [
              81.36864308713959,
              26.98110695478983
            ],
            [
              81.36862796130683,
              26.981481483235992
            ],
            [
              81.36860273841029,
              26.98212671464643
            ],
            [
              81.36856748762023,
              26.9822350297707
            ],
            [
              81.36846682330781,
              26.982262102931738
            ],
            [
              81.3683156494219,
              26.9822486179863
            ],
            [
              81.36812424807927,
              26.982149261626848
            ],
            [
              81.3680033743679,
              26.981977776377157
            ],
            [
              81.36769112626334,
              26.981567119800356
            ],
            [
              81.3670818097859,
              26.980763874380568
            ],
            [
              81.36679474325541,
              26.98056533667285
            ],
            [
              81.36661843989772,
              26.980542785372403
            ],
            [
              81.36627084218846,
              26.980619433357614
            ],
            [
              81.3660543032892,
              26.980718658177747
            ],
            [
              81.36587801430458,
              26.98076385196541
            ],
            [
              81.36570175316774,
              26.980754810647596
            ],
            [
              81.36559088758696,
              26.98067350439904
            ],
            [
              81.36543983407529,
              26.980538127011258
            ],
            [
              81.36530386956548,
              26.9802990252994
            ],
            [
              81.3653241014223,
              26.979712389225988
            ],
            [
              81.36534921831765,
              26.97937840363435
            ],
            [
              81.36522332661708,
              26.97919795117387
            ],
            [
              81.365047044819,
              26.979139270638797
            ],
            [
              81.3648456021081,
              26.979125669238915
            ],
            [
              81.36465923312768,
              26.97921589796495
            ],
            [
              81.36439232569046,
              26.979486623736555
            ],
            [
              81.36380796980154,
              26.980041657805447
            ],
            [
              81.36351582778964,
              26.98020854607038
            ],
            [
              81.36321360218874,
              26.980334892109607
            ],
            [
              81.36269982962658,
              26.980614649314457
            ],
            [
              81.36206010966838,
              26.981079336984067
            ],
            [
              81.3617529038075,
              26.981295989958486
            ],
            [
              81.36158163820198,
              26.981341041819178
            ],
            [
              81.36145067820658,
              26.981327468704198
            ],
            [
              81.36140791300917,
              26.981298201844613
            ],
            [
              81.36136499060657,
              26.98126882930636
            ],
            [
              81.36129955193138,
              26.981146956126207
            ],
            [
              81.36124417887898,
              26.980921400053937
            ],
            [
              81.36126943501317,
              26.98054228103016
            ],
            [
              81.36124940887053,
              26.979702933939773
            ],
            [
              81.36114362326268,
              26.979454740998236
            ],
            [
              81.36100765785453,
              26.979319414980907
            ],
            [
              81.36085656212207,
              26.979265200790618
            ],
            [
              81.3606953810039,
              26.9792652160011
            ],
            [
              81.36035795312192,
              26.979409601922935
            ],
            [
              81.35986426599123,
              26.979725393345387
            ],
            [
              81.3594865136345,
              26.979955519738187
            ],
            [
              81.3592447805848,
              26.98014503716853
            ],
            [
              81.35913390242759,
              26.980262274675844
            ],
            [
              81.35909357974944,
              26.980348018640388
            ],
            [
              81.35909354112187,
              26.980496931848066
            ],
            [
              81.35921442830796,
              26.980880487621963
            ],
            [
              81.35955181037585,
              26.981503281844127
            ],
            [
              81.36006539339347,
              26.982414931400164
            ],
            [
              81.36014593544351,
              26.98267207412205
            ],
            [
              81.36009048244105,
              26.98292478614398
            ],
            [
              81.35996452516346,
              26.983376013086286
            ],
            [
              81.35968241912998,
              26.983894957376222
            ],
            [
              81.35948094587636,
              26.98417466810676
            ],
            [
              81.35914836710029,
              26.98450404530864
            ],
            [
              81.35811067101332,
              26.985383867145455
            ],
            [
              81.35793436406239,
              26.985609491922514
            ],
            [
              81.3578386252127,
              26.985875786726275
            ],
            [
              81.35762190934533,
              26.986570648788184
            ],
            [
              81.35747077588361,
              26.98698127669885
            ],
            [
              81.35730950044235,
              26.987116596704592
            ],
            [
              81.35710804874829,
              26.987179738246752
            ],
            [
              81.35695691169333,
              26.987179755857667
            ],
            [
              81.35679069012811,
              26.98710305630612
            ],
            [
              81.35649361367035,
              26.986832244792627
            ],
            [
              81.3561410392944,
              26.986466682156724
            ],
            [
              81.35561745533275,
              26.98540610607792
            ],
            [
              81.35534553619455,
              26.98495481763166
            ],
            [
              81.35471095370144,
              26.984210207070756
            ],
            [
              81.35443908127563,
              26.983934853654073
            ],
            [
              81.354272864202,
              26.983858151890594
            ],
            [
              81.35413185295693,
              26.983835558822406
            ],
            [
              81.35397570060769,
              26.983903269168657
            ],
            [
              81.35384966607502,
              26.984043062970578
            ],
            [
              81.35376913839798,
              26.98417842093223
            ],
            [
              81.35369347779317,
              26.984480756722455
            ],
            [
              81.35364807514212,
              26.984801216915656
            ],
            [
              81.35355734799336,
              26.984999719932933
            ],
            [
              81.35331049095328,
              26.98530656118461
            ],
            [
              81.35294778807248,
              26.98562230483978
            ],
            [
              81.35279158721424,
              26.98591567990031
            ],
            [
              81.35276636880927,
              26.986195428834872
            ],
            [
              81.35280164205722,
              26.986308189234155
            ],
            [
              81.35318433065646,
              26.98642108480514
            ],
            [
              81.35343620209247,
              26.986533912220306
            ],
            [
              81.35368292618188,
              26.986750561097075
            ],
            [
              81.35379369564293,
              26.98697628479678
            ],
            [
              81.35381883319951,
              26.98721542995681
            ],
            [
              81.35376847903458,
              26.987495210881505
            ],
            [
              81.35354674966965,
              26.988126868334202
            ],
            [
              81.35343081220074,
              26.988510439726596
            ],
            [
              81.35334511292265,
              26.988862405905294
            ],
            [
              81.35338026669466,
              26.9893182142027
            ],
            [
              81.35364208966736,
              26.989755893837692
            ],
            [
              81.35445290634786,
              26.99044650063687
            ],
            [
              81.35496667711338,
              26.99082106523602
            ],
            [
              81.35523859175996,
              26.991137043161377
            ],
            [
              81.35527883897964,
              26.99134011687014
            ],
            [
              81.35527366558193,
              26.992617120101155
            ],
            [
              81.35510216641441,
              26.993406813303892
            ],
            [
              81.35479986894826,
              26.994142296341536
            ],
            [
              81.35464864655333,
              26.99442202481955
            ],
            [
              81.35449751578656,
              26.99448068377698
            ],
            [
              81.35559563705111,
              26.99618057318356
            ],
            [
              81.35597217578392,
              26.997631759777644
            ],
            [
              81.35666158515376,
              27.000288656771943
            ],
            [
              81.35735164131061,
              27.001001699681325
            ],
            [
              81.35925570859023,
              27.002472978612413
            ],
            [
              81.35830309284212,
              27.005532372945403
            ],
            [
              81.35663975429574,
              27.01075769230559
            ],
            [
              81.35687800278046,
              27.01256781121514
            ],
            [
              81.3574015795556,
              27.015248320110118
            ],
            [
              81.35792515633074,
              27.017630914332013
            ],
            [
              81.35867573558154,
              27.018980314685418
            ],
            [
              81.35882675944879,
              27.019481158318662
            ],
            [
              81.35853937671129,
              27.020519000181896
            ],
            [
              81.35854940101157,
              27.02149820363305
            ],
            [
              81.3590328177036,
              27.022824993911005
            ],
            [
              81.3598641752614,
              27.023551589116533
            ],
            [
              81.36129994359686,
              27.025000201735395
            ],
            [
              81.36344126941772,
              27.026448938911557
            ],
            [
              81.36544058327023,
              27.02753626373567
            ],
            [
              81.36652307025561,
              27.028055116248584
            ],
            [
              81.36739978285377,
              27.028565084930065
            ],
            [
              81.36840751114286,
              27.028898993255556
            ],
            [
              81.36884588540826,
              27.028501960228198
            ],
            [
              81.3695211238545,
              27.027649164322174
            ],
            [
              81.37096233687889,
              27.026286354020062
            ],
            [
              81.37183400813166,
              27.025406464120003
            ],
            [
              81.37153171425878,
              27.024761175350314
            ],
            [
              81.37087675258512,
              27.023849637819225
            ],
            [
              81.3722976466161,
              27.022775699777903
            ],
            [
              81.37374372401779,
              27.021679191612776
            ],
            [
              81.37317443377445,
              27.02102933918479
            ],
            [
              81.3729778949667,
              27.020406656611872
            ],
            [
              81.3736480651181,
              27.019386865329157
            ],
            [
              81.37428797282423,
              27.018633250013128
            ],
            [
              81.3761572097253,
              27.016593614795408
            ],
            [
              81.37618910171452,
              27.016580529307905
            ],
            [
              81.37669626626942,
              27.016372433758857
            ],
            [
              81.37776941257243,
              27.01566400439914
            ],
            [
              81.37834379985671,
              27.015370718947064
            ],
            [
              81.37958312999571,
              27.015136036894557
            ],
            [
              81.38165390932069,
              27.014729790990643
            ],
            [
              81.38238444536087,
              27.01463954513538
            ],
            [
              81.38308981509839,
              27.01496884912192
            ],
            [
              81.38369432558906,
              27.01487860265835
            ],
            [
              81.38491360802587,
              27.014567120313195
            ],
            [
              81.38554833065615,
              27.01436859585495
            ],
            [
              81.3860521768344,
              27.014363975708637
            ],
            [
              81.38664667110967,
              27.01428722507091
            ],
            [
              81.38714548941722,
              27.013881053728205
            ],
            [
              81.38767438601552,
              27.013438766975174
            ],
            [
              81.38825880837979,
              27.012978524275027
            ],
            [
              81.38870214224387,
              27.013416187852243
            ],
            [
              81.3894731707438,
              27.014535198700074
            ],
            [
              81.38980579713058,
              27.015067594672793
            ],
            [
              81.39033490573124,
              27.01617311139997
            ],
            [
              81.39051136270079,
              27.01678225580142
            ],
            [
              81.3907633509178,
              27.01740948404909
            ],
            [
              81.39091982576217,
              27.01752360803785
            ],
            [
              81.39125209911103,
              27.017765942967173
            ],
            [
              81.39182148637242,
              27.018063686908505
            ],
            [
              81.39251175542998,
              27.018415601398015
            ],
            [
              81.39363048764042,
              27.019295372396176
            ],
            [
              81.3944770967951,
              27.020215876191504
            ],
            [
              81.39506661889526,
              27.0206715277813
            ],
            [
              81.39552016121422,
              27.021118178662682
            ],
            [
              81.3956513448901,
              27.02170483003252
            ],
            [
              81.39659876118932,
              27.0226522766934
            ],
            [
              81.39695669042273,
              27.02367655486858
            ],
            [
              81.39696689528435,
              27.024542972043864
            ],
            [
              81.39687644661332,
              27.025635016624133
            ],
            [
              81.39695207667542,
              27.02601405724869
            ],
            [
              81.39712846177977,
              27.026167463229026
            ],
            [
              81.39750135335252,
              27.026289251607903
            ],
            [
              81.39857965688361,
              27.026261933777196
            ],
            [
              81.3993405209461,
              27.026189633278662
            ],
            [
              81.40015171941059,
              27.026139861291078
            ],
            [
              81.4008570900464,
              27.02594120123791
            ],
            [
              81.40147180809366,
              27.025823772085122
            ],
            [
              81.40203606687308,
              27.02575596694832
            ],
            [
              81.40272140417974,
              27.02580547103196
            ],
            [
              81.40330091275939,
              27.026103171260697
            ],
            [
              81.40424294186188,
              27.025340403220333
            ],
            [
              81.40612214557105,
              27.024460060181845
            ],
            [
              81.40667631896476,
              27.024022174743802
            ],
            [
              81.40730103885438,
              27.02386409886409
            ],
            [
              81.40797616231626,
              27.023891058772836
            ],
            [
              81.4086917432036,
              27.024057828351317
            ],
            [
              81.40933670393318,
              27.024030637215088
            ],
            [
              81.41005217792102,
              27.023985347181704
            ],
            [
              81.41072224027461,
              27.02391748171779
            ],
            [
              81.41132195016839,
              27.024084265661244
            ],
            [
              81.41210801017797,
              27.0241833801107
            ],
            [
              81.41346324095493,
              27.023930298272266
            ],
            [
              81.41473297457476,
              27.023650122264133
            ],
            [
              81.41682905764463,
              27.023739819122685
            ],
            [
              81.41815424786017,
              27.023901884346728
            ],
            [
              81.41856158982408,
              27.024010644175515
            ],
            [
              81.41887989796356,
              27.02409563217417
            ],
            [
              81.42047794426016,
              27.026021964217595
            ],
            [
              81.42099208513154,
              27.026590428290703
            ],
            [
              81.42215162241543,
              27.02804309396819
            ],
            [
              81.42225047392762,
              27.028191311055124
            ],
            [
              81.42289778914154,
              27.029161876716238
            ],
            [
              81.4236793252354,
              27.030312320600935
            ],
            [
              81.42384630857197,
              27.030650514331644
            ],
            [
              81.42413824576795,
              27.031241771377697
            ],
            [
              81.42527296799044,
              27.033353215724144
            ],
            [
              81.4255953778375,
              27.0343083440881
            ],
            [
              81.42578266669275,
              27.034977548269133
            ],
            [
              81.42380206295094,
              27.034405096245127
            ],
            [
              81.42322752205482,
              27.0343918183936
            ],
            [
              81.42291508081247,
              27.03434675418271
            ],
            [
              81.422678280412,
              27.034392004030668
            ],
            [
              81.42239112404997,
              27.034504899325228
            ],
            [
              81.42226517665388,
              27.034550065092798
            ],
            [
              81.42202831965953,
              27.03462684109483
            ],
            [
              81.4218771799096,
              27.03460430863874
            ],
            [
              81.42176628109117,
              27.03453664883093
            ],
            [
              81.42143870593124,
              27.034450999799823
            ],
            [
              81.42111113526288,
              27.034338326895618
            ],
            [
              81.42081383242969,
              27.034315826388017
            ],
            [
              81.42028470855767,
              27.03431600482379
            ],
            [
              81.42007310859587,
              27.03433868776787
            ],
            [
              81.41993695993142,
              27.034280079217453
            ],
            [
              81.41975047417,
              27.034144712760916
            ],
            [
              81.41962443694237,
              27.034090608221167
            ],
            [
              81.41948341222255,
              27.03404555429149
            ],
            [
              81.41926161817892,
              27.03391023076105
            ],
            [
              81.4190851827689,
              27.033856119706986
            ],
            [
              81.41888369424393,
              27.03386519836343
            ],
            [
              81.41878294279493,
              27.033923922353917
            ],
            [
              81.4186620178796,
              27.034023271369428
            ],
            [
              81.41851081075602,
              27.034122525077816
            ],
            [
              81.41843526064399,
              27.034167694199837
            ],
            [
              81.41834960179007,
              27.034199350182018
            ],
            [
              81.41821359505943,
              27.03423550386007
            ],
            [
              81.41796170386051,
              27.034280697741625
            ],
            [
              81.41768446489918,
              27.034289813171124
            ],
            [
              81.41738720338854,
              27.034334955820558
            ],
            [
              81.41724615890577,
              27.03443430207193
            ],
            [
              81.41717066987918,
              27.034750163003324
            ],
            [
              81.41717079384672,
              27.034962306102894
            ],
            [
              81.41708523919735,
              27.035323297399017
            ],
            [
              81.4170097465775,
              27.035657265644478
            ],
            [
              81.41697457483919,
              27.035770089253646
            ],
            [
              81.41661699055888,
              27.036275630095965
            ],
            [
              81.41608814336797,
              27.037106074180763
            ],
            [
              81.41603783142382,
              27.037205337166025
            ],
            [
              81.41597232268006,
              27.037331668765287
            ],
            [
              81.41572551864057,
              27.037620575341037
            ],
            [
              81.41559958471922,
              27.03786877911045
            ],
            [
              81.41552407143814,
              27.037990694822774
            ],
            [
              81.41548381164202,
              27.03812608224663
            ],
            [
              81.4154233316672,
              27.038261467906942
            ],
            [
              81.41539822914491,
              27.038302044206688
            ],
            [
              81.41650695412308,
              27.038680783635126
            ],
            [
              81.41752001301509,
              27.03910468092032
            ],
            [
              81.41813476789325,
              27.039077359006
            ],
            [
              81.4186437820793,
              27.039149431172365
            ],
            [
              81.41690544588481,
              27.039596727080117
            ],
            [
              81.41579175681639,
              27.039727894324997
            ],
            [
              81.41444114697325,
              27.039592877689536
            ],
            [
              81.41322663818386,
              27.039539079021907
            ],
            [
              81.41201724529998,
              27.039566477635674
            ],
            [
              81.41076248569765,
              27.039575799067734
            ],
            [
              81.40996124415976,
              27.039724897868794
            ],
            [
              81.40891317971777,
              27.04014487062914
            ],
            [
              81.40800122441439,
              27.0405376082721
            ],
            [
              81.40706905701708,
              27.041097439264682
            ],
            [
              81.40565814596388,
              27.04157605886866
            ],
            [
              81.40477636596916,
              27.04210867792053
            ],
            [
              81.40521013816536,
              27.04327737617001
            ],
            [
              81.40524052278153,
              27.04402419496532
            ],
            [
              81.40500372777096,
              27.0442656566237
            ],
            [
              81.40445452924727,
              27.044753114069596
            ],
            [
              81.40393558957562,
              27.045100681284787
            ],
            [
              81.40266577870071,
              27.045737209917046
            ],
            [
              81.40210645526548,
              27.046026118861427
            ],
            [
              81.4015420473657,
              27.046310477036286
            ],
            [
              81.40096261693947,
              27.046712157912992
            ],
            [
              81.4005746606194,
              27.047199635935392
            ],
            [
              81.40071576439097,
              27.047362080934978
            ],
            [
              81.40111900285066,
              27.047677806283033
            ],
            [
              81.40155252441689,
              27.04801173537217
            ],
            [
              81.4023287658404,
              27.04869289793321
            ],
            [
              81.40270695926995,
              27.049238904917903
            ],
            [
              81.40302454067235,
              27.049762288626617
            ],
            [
              81.40327151539175,
              27.050019379687093
            ],
            [
              81.40328162413363,
              27.050032985310054
            ],
            [
              81.40349339567366,
              27.050253989646677
            ],
            [
              81.40409820709993,
              27.050610373913457
            ],
            [
              81.40433515482412,
              27.05075026875961
            ],
            [
              81.40471821263093,
              27.050975811119685
            ],
            [
              81.40537358483468,
              27.05155775668517
            ],
            [
              81.40606425543919,
              27.05224802929196
            ],
            [
              81.40648755417747,
              27.052279541769618
            ],
            [
              81.4077929715753,
              27.052631212227322
            ],
            [
              81.40959234739508,
              27.052915027245987
            ],
            [
              81.41094318630861,
              27.053370495744396
            ],
            [
              81.41210765714006,
              27.054105667090955
            ],
            [
              81.41299500399454,
              27.054890652084406
            ],
            [
              81.41311593160485,
              27.054917691744354
            ],
            [
              81.41397285521562,
              27.055377749771132
            ],
            [
              81.41436108192858,
              27.05557619933347
            ],
            [
              81.41510206537552,
              27.056004664036674
            ],
            [
              81.41604976015249,
              27.056428507087638
            ],
            [
              81.41696727063763,
              27.05690657010476
            ],
            [
              81.4172545473739,
              27.05706446666097
            ],
            [
              81.41778907371402,
              27.05763733511055
            ],
            [
              81.41862587236751,
              27.05801160933342
            ],
            [
              81.41965371303749,
              27.05727125720558
            ],
            [
              81.41996115785024,
              27.057077117831852
            ],
            [
              81.42108992783562,
              27.056539802613273
            ],
            [
              81.4220522849147,
              27.05592126100515
            ],
            [
              81.42332205985699,
              27.055171802148315
            ],
            [
              81.42407301819686,
              27.05516252921232
            ],
            [
              81.42450120826187,
              27.05458924411628
            ],
            [
              81.42492435069329,
              27.054205531055988
            ],
            [
              81.42593721465087,
              27.053799104075534
            ],
            [
              81.42689962832377,
              27.05319854393711
            ],
            [
              81.4271715798013,
              27.053040481934126
            ],
            [
              81.42727249564199,
              27.05298182874678
            ],
            [
              81.4276101310348,
              27.053089984387547
            ],
            [
              81.42782199510131,
              27.05346895792203
            ],
            [
              81.42799877815933,
              27.054249548870196
            ],
            [
              81.42814527990744,
              27.055012122899498
            ],
            [
              81.42841286197942,
              27.055941617965026
            ],
            [
              81.4287259095846,
              27.057168867977737
            ],
            [
              81.42917943214063,
              27.056866305331347
            ],
            [
              81.42943625958202,
              27.056419475856384
            ],
            [
              81.42964263494214,
              27.05582374178813
            ],
            [
              81.42939507272457,
              27.054704814347005
            ],
            [
              81.4292631416504,
              27.05286376385338
            ],
            [
              81.4291767803139,
              27.051320469320526
            ],
            [
              81.42947878223433,
              27.05055777339337
            ],
            [
              81.42985661723607,
              27.05033650163965
            ],
            [
              81.43066321632634,
              27.050800973887903
            ],
            [
              81.4313740496174,
              27.051094062809177
            ],
            [
              81.43216053812338,
              27.051639686892603
            ],
            [
              81.43308305491956,
              27.05209509416563
            ],
            [
              81.43375370656796,
              27.052726602141888
            ],
            [
              81.43402122216462,
              27.053592851946018
            ],
            [
              81.43400140443114,
              27.054188549060072
            ],
            [
              81.4344098782723,
              27.054693758938754
            ],
            [
              81.43481332693774,
              27.055171899749755
            ],
            [
              81.43578644044402,
              27.05581222008599
            ],
            [
              81.4365378703994,
              27.05664675162213
            ],
            [
              81.43804927418681,
              27.05566683709563
            ],
            [
              81.43915258771372,
              27.05475939135907
            ],
            [
              81.4406941739964,
              27.053576409072924
            ],
            [
              81.44185786419183,
              27.052691368053175
            ],
            [
              81.44282482962831,
              27.051517667600383
            ],
            [
              81.44338883687944,
              27.050854110322433
            ],
            [
              81.44426063120142,
              27.050677632811354
            ],
            [
              81.44554087421173,
              27.05091166296416
            ],
            [
              81.44681087013961,
              27.05073500793399
            ],
            [
              81.44868009536259,
              27.049863187721517
            ],
            [
              81.45016611276009,
              27.04880645009321
            ],
            [
              81.45152138485956,
              27.048210110756763
            ],
            [
              81.45287665067083,
              27.047667899076
            ],
            [
              81.45315456157196,
              27.048597265371793
            ],
            [
              81.45314053617543,
              27.05032108314862
            ],
            [
              81.45285922065938,
              27.051539535030237
            ],
            [
              81.45312678656168,
              27.052202805842946
            ],
            [
              81.45453392738567,
              27.053673043818726
            ],
            [
              81.45548735521079,
              27.054886331210298
            ],
            [
              81.45568534928931,
              27.056894307714387
            ],
            [
              81.4554236601656,
              27.057508143986315
            ],
            [
              81.45516743369707,
              27.05859583996563
            ],
            [
              81.45679632993715,
              27.05982676723925
            ],
            [
              81.4568917939024,
              27.059443152092808
            ],
            [
              81.45719907342512,
              27.059194804042747
            ],
            [
              81.4578034671348,
              27.058707117341097
            ],
            [
              81.45786397495738,
              27.058648375117993
            ],
            [
              81.45850360508408,
              27.058038848238887
            ],
            [
              81.45873024284374,
              27.05782212719922
            ],
            [
              81.45913317228298,
              27.05744733394703
            ],
            [
              81.45933465990962,
              27.0572576836603
            ],
            [
              81.45961672821389,
              27.057013885163276
            ],
            [
              81.46007018429461,
              27.056765370934503
            ],
            [
              81.46041795088716,
              27.056778689339286
            ],
            [
              81.46081096921384,
              27.056683679670567
            ],
            [
              81.46115363517222,
              27.05660228034765
            ],
            [
              81.46158467559165,
              27.05635070999448
            ],
            [
              81.46168766294738,
              27.05629060333101
            ],
            [
              81.46203021122649,
              27.056145964965033
            ],
            [
              81.46266992938806,
              27.055617670182766
            ],
            [
              81.46292683588123,
              27.055382829835967
            ],
            [
              81.46320386104351,
              27.055138980063525
            ],
            [
              81.4633398012988,
              27.054990008942422
            ],
            [
              81.46478090832201,
              27.054650582915066
            ],
            [
              81.46572299132342,
              27.05413563901012
            ],
            [
              81.46814116444008,
              27.05292013862345
            ],
            [
              81.46927449876546,
              27.052125252229654
            ],
            [
              81.47021684676987,
              27.05196212769592
            ],
            [
              81.47104356273258,
              27.052209745327875
            ],
            [
              81.47159772444819,
              27.051911539897446
            ],
            [
              81.47251487830214,
              27.051789079281107
            ],
            [
              81.47310971663217,
              27.051942067626857
            ],
            [
              81.47319814858535,
              27.052170275701666
            ],
            [
              81.47320063961365,
              27.05217670396744
            ],
            [
              81.47312542726816,
              27.05263698364227
            ],
            [
              81.47323187942594,
              27.053313770789725
            ],
            [
              81.47328296481955,
              27.05404024869351
            ],
            [
              81.47349037414051,
              27.05501931661471
            ],
            [
              81.47400560736331,
              27.056309573017653
            ],
            [
              81.47458655055249,
              27.05775767336093
            ],
            [
              81.47529831629483,
              27.05909286616162
            ],
            [
              81.4753789598545,
              27.05909734927036
            ],
            [
              81.47551518577407,
              27.059237068737065
            ],
            [
              81.47753559925602,
              27.0584820673169
            ],
            [
              81.47960552877473,
              27.05672516131046
            ],
            [
              81.48063247202774,
              27.055361691164613
            ],
            [
              81.4819974468306,
              27.054417470980724
            ],
            [
              81.4834071406666,
              27.05287766674187
            ],
            [
              81.48411176480244,
              27.05189791690153
            ],
            [
              81.48552181257469,
              27.05074164909354
            ],
            [
              81.48603541805018,
              27.050271892291768
            ],
            [
              81.48803705584434,
              27.051145758232156
            ],
            [
              81.49051313436426,
              27.052569724318854
            ],
            [
              81.49217708915492,
              27.053321911043277
            ],
            [
              81.49392511996795,
              27.052589402661308
            ],
            [
              81.49481616788142,
              27.05156436019425
            ],
            [
              81.49575235793456,
              27.050408360964383
            ],
            [
              81.49669386242091,
              27.049554708190755
            ],
            [
              81.49721280209256,
              27.049382761736243
            ],
            [
              81.49820539376913,
              27.049219450803022
            ],
            [
              81.49913689641308,
              27.04983321786123
            ],
            [
              81.49977816506687,
              27.04977922168938
            ],
            [
              81.50122227336142,
              27.04976545522554
            ],
            [
              81.50282852576812,
              27.049893884818644
            ],
            [
              81.50396033026259,
              27.050601671832055
            ],
            [
              81.50477346010494,
              27.051504231765485
            ],
            [
              81.5047735993438,
              27.051515884316185
            ],
            [
              81.50478031514886,
              27.05207909829189
            ],
            [
              81.50421878185803,
              27.054336115614444
            ],
            [
              81.50360888686556,
              27.05702485234302
            ],
            [
              81.50302259241221,
              27.05989571336513
            ],
            [
              81.50491353440718,
              27.059049035844183
            ],
            [
              81.50499387523463,
              27.059337891312243
            ],
            [
              81.50526508380543,
              27.060299299944585
            ],
            [
              81.50555147929443,
              27.0610531099768
            ],
            [
              81.50586324141038,
              27.061815960139374
            ],
            [
              81.50592835309884,
              27.06222215088293
            ],
            [
              81.5063302809165,
              27.063382217728343
            ],
            [
              81.50656133838736,
              27.064203650601318
            ],
            [
              81.50683764130414,
              27.065056728734934
            ],
            [
              81.50713419224742,
              27.06585115312082
            ],
            [
              81.50774703012077,
              27.067904895184746
            ],
            [
              81.50820955379595,
              27.06903789818799
            ],
            [
              81.50871736513785,
              27.070256681088487
            ],
            [
              81.50911943578767,
              27.07139862235957
            ],
            [
              81.5093203772386,
              27.072111784121507
            ],
            [
              81.50977301136082,
              27.073136506819612
            ],
            [
              81.5101600576875,
              27.07418823596687
            ],
            [
              81.51086908087328,
              27.075881001652988
            ],
            [
              81.5115076680559,
              27.077546586799123
            ],
            [
              81.51224220339574,
              27.07900021333737
            ],
            [
              81.51326835792797,
              27.081180543008006
            ],
            [
              81.51351478736997,
              27.081744815729277
            ],
            [
              81.51485621732924,
              27.084299080115745
            ],
            [
              81.51534719334438,
              27.083526650860986
            ],
            [
              81.51608610797125,
              27.082364109080594
            ],
            [
              81.51633416785546,
              27.08153358810925
            ],
            [
              81.51672867379229,
              27.080355053006116
            ],
            [
              81.51707783996005,
              27.078984394067085
            ],
            [
              81.51760138439586,
              27.07780460918354
            ],
            [
              81.5181213400621,
              27.076335972949778
            ],
            [
              81.51877391491203,
              27.075154937186912
            ],
            [
              81.51955750904615,
              27.07414588812155
            ],
            [
              81.52025552427644,
              27.073176264224387
            ],
            [
              81.52132674189656,
              27.07193344831253
            ],
            [
              81.52288237783024,
              27.0707436600447
            ],
            [
              81.52441513187706,
              27.069438540193296
            ],
            [
              81.52577918680507,
              27.068423924243287
            ],
            [
              81.52654449034169,
              27.06768468475066
            ],
            [
              81.52807786692097,
              27.06643724115186
            ],
            [
              81.5291618576861,
              27.065386706392022
            ],
            [
              81.53063118079238,
              27.064178458658745
            ],
            [
              81.53097247861658,
              27.063953681996622
            ],
            [
              81.53131380788184,
              27.063728884885215
            ],
            [
              81.53229177588386,
              27.06279498419002
            ],
            [
              81.53331403891426,
              27.0619760896814
            ],
            [
              81.53448618315488,
              27.061098096266882
            ],
            [
              81.53553138286941,
              27.06039459134166
            ],
            [
              81.53671440660644,
              27.059535684284327
            ]
          ]
        ]
      }
    }
  ]
}