{
  "type": "FeatureCollection",
  "features": [
    {
      "type": "Feature",
      "properties": {
        "object_id": "09-182-00926",
        "stcode11": "09",
        "dtcode11": "182",
        "sdtcode11": "00926",
        "stname": "UTTAR PRADESH",
        "dtname": "Balrampur",
        "sdtname": "Tulsipur",
        "st_area_sh": 0.0,
        "st_length_": 0.0,
        "remarks": "",
        "dist_lgd": 127,
        "state_lgd": 9,
        "subdt_lgd": 926,
        "ac_no": 292,
        "st_length(shape)": 329826.26691643527,
        "st_area(shape)": 1958186888.1873052
      },
      "geometry": {
        "type": "Polygon",
        "coordinates": [
          [
            [
              82.44303511631358,
              27.68244712392497
            ],
            [
              82.44867031187127,
              27.679315057053415
            ],
            [
              82.45334277215915,
              27.678782777788996
            ],
            [
              82.45952171885662,
              27.67805508395769
            ],
            [
              82.46283573599206,
              27.67766479196485
            ],
            [
              82.46365207820986,
              27.67756862404549
            ],
            [
              82.46751821159707,
              27.67712406170684
            ],
            [
              82.46861588819556,
              27.67699782306946
            ],
            [
              82.47174792012919,
              27.676637580146824
            ],
            [
              82.47330804494436,
              27.676673496061454
            ],
            [
              82.47416015987342,
              27.677302325354432
            ],
            [
              82.48149590399318,
              27.682755570959323
            ],
            [
              82.4817159337456,
              27.68291912481588
            ],
            [
              82.48203999379783,
              27.683160002810215
            ],
            [
              82.48207043860113,
              27.6831319293341
            ],
            [
              82.48215099412592,
              27.68305764687029
            ],
            [
              82.48430822192392,
              27.681068344013845
            ],
            [
              82.48625441120718,
              27.681079744331747
            ],
            [
              82.48988805520895,
              27.681652234294127
            ],
            [
              82.49068226742973,
              27.682568037620904
            ],
            [
              82.49072877770355,
              27.68257536169372
            ],
            [
              82.4908512306532,
              27.682762867972972
            ],
            [
              82.49224247039834,
              27.684367052045392
            ],
            [
              82.50083700935268,
              27.685126876651925
            ],
            [
              82.50788506979933,
              27.68756246792622
            ],
            [
              82.51660877840666,
              27.690557892197887
            ],
            [
              82.52176956018806,
              27.689374948006314
            ],
            [
              82.52359516591582,
              27.688949165617668
            ],
            [
              82.52491209073244,
              27.688662270373243
            ],
            [
              82.52539145961582,
              27.688478598730857
            ],
            [
              82.52759718476105,
              27.68799821237155
            ],
            [
              82.52899978639792,
              27.6871174411514
            ],
            [
              82.53016497767823,
              27.6868253093628
            ],
            [
              82.53138301235509,
              27.686519917256515
            ],
            [
              82.53208258256916,
              27.686631027966698
            ],
            [
              82.53576582974428,
              27.687215975893924
            ],
            [
              82.53931569955755,
              27.687756027781084
            ],
            [
              82.54107968355174,
              27.685911426989964
            ],
            [
              82.54128245936252,
              27.685699379604227
            ],
            [
              82.54383776300229,
              27.687166184328188
            ],
            [
              82.54859618038475,
              27.688524161105935
            ],
            [
              82.54989101473025,
              27.688880011359146
            ],
            [
              82.55465277294725,
              27.688529026850542
            ],
            [
              82.55931256070146,
              27.690649747785404
            ],
            [
              82.56012947784104,
              27.691021514786076
            ],
            [
              82.56269972226059,
              27.692191148881854
            ],
            [
              82.57779165259578,
              27.696146366066866
            ],
            [
              82.5789760633316,
              27.696747453897704
            ],
            [
              82.57901997118606,
              27.696769736643464
            ],
            [
              82.58339352604628,
              27.698397140286506
            ],
            [
              82.58509464234365,
              27.699050666379055
            ],
            [
              82.5854237419446,
              27.69911144134443
            ],
            [
              82.5895874216084,
              27.69792192616883
            ],
            [
              82.59001574013251,
              27.69778432493233
            ],
            [
              82.59150407877671,
              27.697306172390505
            ],
            [
              82.59257255204365,
              27.697333959066142
            ],
            [
              82.59378172933182,
              27.69736539494662
            ],
            [
              82.59379166829211,
              27.69736565185494
            ],
            [
              82.59400193156075,
              27.697371119309487
            ],
            [
              82.59407857312586,
              27.69737311174085
            ],
            [
              82.59445965194412,
              27.697722648858626
            ],
            [
              82.59474790514912,
              27.69798704213676
            ],
            [
              82.59757240693007,
              27.70046906830485
            ],
            [
              82.59952610343419,
              27.703264525251804
            ],
            [
              82.60028617158932,
              27.704352028772004
            ],
            [
              82.60519305623374,
              27.70606828687794
            ],
            [
              82.61643525821546,
              27.703399647668533
            ],
            [
              82.61748448507744,
              27.70315053961671
            ],
            [
              82.61886912130691,
              27.70233073222511
            ],
            [
              82.61981703167955,
              27.70298383868183
            ],
            [
              82.62142451387987,
              27.704044398320423
            ],
            [
              82.6228100286617,
              27.704958479628047
            ],
            [
              82.62541995526064,
              27.70739887268617
            ],
            [
              82.62723805286922,
              27.709098784062405
            ],
            [
              82.62741332316429,
              27.709262657923947
            ],
            [
              82.62739806797416,
              27.709755724666802
            ],
            [
              82.6273762128616,
              27.710462058948252
            ],
            [
              82.62734603934953,
              27.71143718224185
            ],
            [
              82.63806806198453,
              27.709113664055227
            ],
            [
              82.65524108520242,
              27.713457420969924
            ],
            [
              82.66143518378381,
              27.719734872380776
            ],
            [
              82.66257116724093,
              27.7208793086206
            ],
            [
              82.66328538807893,
              27.721598829319618
            ],
            [
              82.66431759456121,
              27.7226386719984
            ],
            [
              82.6643450057538,
              27.722624317090844
            ],
            [
              82.6643910956161,
              27.722412753748372
            ],
            [
              82.66580041844789,
              27.715943360122704
            ],
            [
              82.66621502239254,
              27.715814467305336
            ],
            [
              82.67096392032796,
              27.714338013824868
            ],
            [
              82.67407675256902,
              27.714289056134405
            ],
            [
              82.68089459906284,
              27.713905992184536
            ],
            [
              82.68904244984385,
              27.7151298931848
            ],
            [
              82.69532745433871,
              27.718163255924647
            ],
            [
              82.69912611256996,
              27.721952501805827
            ],
            [
              82.69925712107435,
              27.72169573774815
            ],
            [
              82.70208654023318,
              27.71615003333269
            ],
            [
              82.70226190035977,
              27.716177898710168
            ],
            [
              82.7050888859825,
              27.716627097314564
            ],
            [
              82.70734354775115,
              27.72060673003361
            ],
            [
              82.70774020605138,
              27.721915625870487
            ],
            [
              82.70765284489002,
              27.72291640791521
            ],
            [
              82.70802511842183,
              27.721875158785345
            ],
            [
              82.70814196857904,
              27.721066109746204
            ],
            [
              82.70817708731677,
              27.720822959996813
            ],
            [
              82.70800053243084,
              27.720114967990995
            ],
            [
              82.70789386557568,
              27.719858385687132
            ],
            [
              82.70762828764506,
              27.71900393984514
            ],
            [
              82.70732557785222,
              27.717371951279155
            ],
            [
              82.70706300658289,
              27.715687327858085
            ],
            [
              82.70642434843332,
              27.714322693176392
            ],
            [
              82.70572027765971,
              27.71341366391639
            ],
            [
              82.70574796283846,
              27.711994746331428
            ],
            [
              82.70540249772965,
              27.710262289987973
            ],
            [
              82.7054406446882,
              27.708090039086617
            ],
            [
              82.70522515771616,
              27.706047201394593
            ],
            [
              82.70537384865858,
              27.704656143798825
            ],
            [
              82.70580261993358,
              27.70330086189103
            ],
            [
              82.7060751041121,
              27.70169744835238
            ],
            [
              82.70674519341513,
              27.700825810982604
            ],
            [
              82.70699735500698,
              27.700497799857086
            ],
            [
              82.70706713344327,
              27.699190217853378
            ],
            [
              82.70752896182243,
              27.698481170754413
            ],
            [
              82.70838036259084,
              27.69762760577233
            ],
            [
              82.7097365383955,
              27.69557547289169
            ],
            [
              82.71028324499257,
              27.69507822031577
            ],
            [
              82.71231147830903,
              27.69366035761438
            ],
            [
              82.71343194336967,
              27.69301678964139
            ],
            [
              82.71503164256639,
              27.69236423760241
            ],
            [
              82.71574352239473,
              27.69177683712945
            ],
            [
              82.71667110389251,
              27.690293332974516
            ],
            [
              82.71695822701686,
              27.689236895321365
            ],
            [
              82.71720892615143,
              27.688863104202948
            ],
            [
              82.71755391155988,
              27.688348730067887
            ],
            [
              82.71833994102674,
              27.68736075909033
            ],
            [
              82.71787139684251,
              27.686570277075745
            ],
            [
              82.71711893921444,
              27.685300776814255
            ],
            [
              82.71614945310533,
              27.683340675673787
            ],
            [
              82.71557854230123,
              27.682536740667707
            ],
            [
              82.71541535434673,
              27.68230694329186
            ],
            [
              82.71516829428738,
              27.681959036900732
            ],
            [
              82.71501963568427,
              27.68119779335644
            ],
            [
              82.7154959862283,
              27.67908004704886
            ],
            [
              82.71528815469912,
              27.678479744182106
            ],
            [
              82.71449922187725,
              27.677752250395347
            ],
            [
              82.71419284156813,
              27.677157976706017
            ],
            [
              82.7150811675863,
              27.67684452906487
            ],
            [
              82.7153599759044,
              27.67674614963989
            ],
            [
              82.71595492742213,
              27.675868876346517
            ],
            [
              82.71603214480733,
              27.674244801219757
            ],
            [
              82.71589519484563,
              27.67290508001793
            ],
            [
              82.71516246242456,
              27.672485419717262
            ],
            [
              82.71510146681678,
              27.67245048494649
            ],
            [
              82.71416503511685,
              27.671923243179656
            ],
            [
              82.71336654242373,
              27.671544880332007
            ],
            [
              82.71296846029377,
              27.67084771462605
            ],
            [
              82.71328066258424,
              27.669978251130868
            ],
            [
              82.71383332590996,
              27.6695796092686
            ],
            [
              82.71465584763861,
              27.669418255122658
            ],
            [
              82.71498878124923,
              27.66935294311137
            ],
            [
              82.71563804041745,
              27.668587621830117
            ],
            [
              82.71560216889152,
              27.66804428562471
            ],
            [
              82.71557508109244,
              27.667633966075158
            ],
            [
              82.71493989403312,
              27.666608184329288
            ],
            [
              82.71372419767094,
              27.66603428367905
            ],
            [
              82.71253412215896,
              27.666226443222765
            ],
            [
              82.71167985486647,
              27.66615121362708
            ],
            [
              82.71150068678135,
              27.665290108894492
            ],
            [
              82.71221531904777,
              27.664069172089988
            ],
            [
              82.71262396087387,
              27.66375523975807
            ],
            [
              82.7133240053984,
              27.663217432233562
            ],
            [
              82.71445281221474,
              27.662611774313994
            ],
            [
              82.71447950475509,
              27.662597451292786
            ],
            [
              82.71576265920523,
              27.66240562430983
            ],
            [
              82.71712736810679,
              27.662201594291997
            ],
            [
              82.71793541528127,
              27.662080781379363
            ],
            [
              82.71987772833407,
              27.66202425600115
            ],
            [
              82.7202216501372,
              27.66182281587756
            ],
            [
              82.72022382406021,
              27.661807784632675
            ],
            [
              82.72032986928117,
              27.661074319112217
            ],
            [
              82.72006902457383,
              27.660536939187207
            ],
            [
              82.71924139592278,
              27.660036973037073
            ],
            [
              82.71898937806141,
              27.659554657847984
            ],
            [
              82.71895715100057,
              27.65898309680268
            ],
            [
              82.71895234411551,
              27.658897828128893
            ],
            [
              82.71916652044554,
              27.658377240375664
            ],
            [
              82.71945466405604,
              27.657918066267786
            ],
            [
              82.72018622687064,
              27.657534922277158
            ],
            [
              82.72100890041456,
              27.657799949125007
            ],
            [
              82.72250493672242,
              27.658629801902528
            ],
            [
              82.72332497460933,
              27.65923511985972
            ],
            [
              82.72349645401388,
              27.659207878861267
            ],
            [
              82.72471897397901,
              27.65901366769902
            ],
            [
              82.7254157037201,
              27.65864822072526
            ],
            [
              82.7256035342595,
              27.658495690278336
            ],
            [
              82.72563597961093,
              27.658469342627555
            ],
            [
              82.72574975483491,
              27.658376949161983
            ],
            [
              82.72593643912403,
              27.65818560888207
            ],
            [
              82.72637564433104,
              27.657117858122433
            ],
            [
              82.72670628184778,
              27.656314034116555
            ],
            [
              82.72758956113064,
              27.655461083271472
            ],
            [
              82.72871392128636,
              27.655226224069374
            ],
            [
              82.7293461196507,
              27.65480919168818
            ],
            [
              82.72952024100053,
              27.654261502966268
            ],
            [
              82.73045464071133,
              27.65318688117834
            ],
            [
              82.73045388343154,
              27.65316137887698
            ],
            [
              82.73037648817991,
              27.65055915802997
            ],
            [
              82.73058207212425,
              27.650326341268297
            ],
            [
              82.73135991614225,
              27.649445443012805
            ],
            [
              82.73210619156453,
              27.64914199782765
            ],
            [
              82.73202361932192,
              27.648672918602415
            ],
            [
              82.73136692300147,
              27.647985787733685
            ],
            [
              82.73133221479382,
              27.647949470091028
            ],
            [
              82.72983869736204,
              27.648124528338418
            ],
            [
              82.72916691383637,
              27.647534895069793
            ],
            [
              82.7288323830212,
              27.64677100537833
            ],
            [
              82.72886557666924,
              27.645792855286594
            ],
            [
              82.72965733918424,
              27.645059903030862
            ],
            [
              82.73043307216135,
              27.64505725393692
            ],
            [
              82.73044073389238,
              27.645057226880972
            ],
            [
              82.73161704362097,
              27.645630350377466
            ],
            [
              82.73256558730587,
              27.646565824174928
            ],
            [
              82.73348688778319,
              27.646445417325676
            ],
            [
              82.73410457027086,
              27.645961219106713
            ],
            [
              82.73399693413351,
              27.645739507701844
            ],
            [
              82.73383196032823,
              27.645399688387418
            ],
            [
              82.7331121609523,
              27.644683143772717
            ],
            [
              82.73344594706411,
              27.642922769203604
            ],
            [
              82.73395512833683,
              27.642831753624108
            ],
            [
              82.73459956624693,
              27.643112789735113
            ],
            [
              82.7351757007544,
              27.643349226712875
            ],
            [
              82.73533592786173,
              27.64341498238634
            ],
            [
              82.73660162714759,
              27.64345277610446
            ],
            [
              82.73681736924117,
              27.642524085183652
            ],
            [
              82.73700971740811,
              27.64169607498443
            ],
            [
              82.73759431404558,
              27.641143797317586
            ],
            [
              82.73785693472226,
              27.64067527029352
            ],
            [
              82.73802451993008,
              27.640376286684937
            ],
            [
              82.73795942710628,
              27.640247446321634
            ],
            [
              82.73779217607175,
              27.639916397171707
            ],
            [
              82.73779059144357,
              27.639884420328166
            ],
            [
              82.73775983402658,
              27.639263813693063
            ],
            [
              82.73772301657463,
              27.63852096715457
            ],
            [
              82.73766841697169,
              27.63741925863642
            ],
            [
              82.7369535268888,
              27.636673393749263
            ],
            [
              82.73674934341797,
              27.636460360299964
            ],
            [
              82.73526014418773,
              27.63627033219368
            ],
            [
              82.7351698113994,
              27.635925417218527
            ],
            [
              82.7353544178852,
              27.635295749050055
            ],
            [
              82.73535937478897,
              27.635278842357888
            ],
            [
              82.73627858758154,
              27.6342947663478
            ],
            [
              82.73689055229242,
              27.633303764772403
            ],
            [
              82.73769247744825,
              27.63300304914776
            ],
            [
              82.73820314992433,
              27.63303664914896
            ],
            [
              82.73837719761232,
              27.63248894213718
            ],
            [
              82.73836708258223,
              27.632448394955073
            ],
            [
              82.73810876303912,
              27.631412810789683
            ],
            [
              82.73651177495795,
              27.630412020987393
            ],
            [
              82.7358209166055,
              27.630278151726653
            ],
            [
              82.734851249935,
              27.629981001255768
            ],
            [
              82.73431329113217,
              27.629509117185023
            ],
            [
              82.73425360616639,
              27.62945676366876
            ],
            [
              82.73410881391226,
              27.629329753700265
            ],
            [
              82.73404174659146,
              27.628761796840415
            ],
            [
              82.73424679244496,
              27.628165808336476
            ],
            [
              82.73504871490584,
              27.627566185737994
            ],
            [
              82.73633391212493,
              27.626990502739186
            ],
            [
              82.73678109886326,
              27.62639820472317
            ],
            [
              82.73666857499244,
              27.62596085132039
            ],
            [
              82.73600256044753,
              27.625429646226497
            ],
            [
              82.73460856736607,
              27.62461325831467
            ],
            [
              82.73357077605768,
              27.624512001628645
            ],
            [
              82.73212866920957,
              27.62476434924761
            ],
            [
              82.73119467913058,
              27.624493850851792
            ],
            [
              82.73112299177428,
              27.62385092937185
            ],
            [
              82.73234985419546,
              27.623014980229417
            ],
            [
              82.73406764322448,
              27.622826116298697
            ],
            [
              82.73612256728468,
              27.62276188200093
            ],
            [
              82.73651653872389,
              27.622424353642607
            ],
            [
              82.73668386881016,
              27.621834796785564
            ],
            [
              82.7363638026677,
              27.621287516062083
            ],
            [
              82.73606676663418,
              27.621085871179776
            ],
            [
              82.73555893103774,
              27.620741121667635
            ],
            [
              82.73430380761772,
              27.620687223814627
            ],
            [
              82.73399765727731,
              27.620514284244415
            ],
            [
              82.73394090890422,
              27.620079690754867
            ],
            [
              82.73381151287573,
              27.619317339002855
            ],
            [
              82.73370923159578,
              27.61871473962693
            ],
            [
              82.73402833474425,
              27.618381808974405
            ],
            [
              82.73491225003437,
              27.618110087341602
            ],
            [
              82.73540210135882,
              27.61699131162437
            ],
            [
              82.73569510126177,
              27.61632211564697
            ],
            [
              82.73552035827778,
              27.616107613819008
            ],
            [
              82.73489856869261,
              27.615344346899633
            ],
            [
              82.7352734832714,
              27.614266865783755
            ],
            [
              82.7358073628245,
              27.61362904307727
            ],
            [
              82.73627271259959,
              27.61284271079727
            ],
            [
              82.73666190410316,
              27.612185060153525
            ],
            [
              82.73659691278898,
              27.611434524302926
            ],
            [
              82.73605181237963,
              27.610610375204168
            ],
            [
              82.73538681742257,
              27.610459743943125
            ],
            [
              82.73516025332478,
              27.61040842409771
            ],
            [
              82.735115381578,
              27.609932899066653
            ],
            [
              82.73536789530944,
              27.609405961706038
            ],
            [
              82.73546908244136,
              27.60919480794101
            ],
            [
              82.73627243142688,
              27.60842087302886
            ],
            [
              82.73905149372582,
              27.606607236390126
            ],
            [
              82.74023629163553,
              27.605993335665893
            ],
            [
              82.74083302990233,
              27.60575647410803
            ],
            [
              82.74116540835408,
              27.605624541742714
            ],
            [
              82.74161259688904,
              27.60544703612437
            ],
            [
              82.74169826742107,
              27.60538405496699
            ],
            [
              82.74342809836648,
              27.603626836069587
            ],
            [
              82.74387772942067,
              27.602102686353753
            ],
            [
              82.74472336839486,
              27.601501195948263
            ],
            [
              82.74533085141078,
              27.601069096777344
            ],
            [
              82.7455802776326,
              27.600847679752455
            ],
            [
              82.74567490077473,
              27.600763683298663
            ],
            [
              82.74574689984642,
              27.599845980112544
            ],
            [
              82.74561394738774,
              27.598661494087732
            ],
            [
              82.74547322360354,
              27.597956996713194
            ],
            [
              82.74507518728765,
              27.597470080262926
            ],
            [
              82.74489744932052,
              27.596785599080803
            ],
            [
              82.74472379689124,
              27.59611684572168
            ],
            [
              82.74504328990857,
              27.59549435338504
            ],
            [
              82.7455280450904,
              27.59518274325604
            ],
            [
              82.74635887623543,
              27.595006707889134
            ],
            [
              82.7467356305639,
              27.594887164655116
            ],
            [
              82.74712721517939,
              27.594975236208445
            ],
            [
              82.7474858738448,
              27.595055902125985
            ],
            [
              82.7482868395999,
              27.59500340794478
            ],
            [
              82.7495740876728,
              27.59419824721737
            ],
            [
              82.75039269903502,
              27.593686203145204
            ],
            [
              82.75112034070332,
              27.59305079713898
            ],
            [
              82.75121285010962,
              27.592970014305482
            ],
            [
              82.75198306383759,
              27.591869681826065
            ],
            [
              82.75505693075488,
              27.5888827741037
            ],
            [
              82.75576695286726,
              27.58779918803674
            ],
            [
              82.75583724244497,
              27.587026163346703
            ],
            [
              82.75520234464321,
              27.58631040632745
            ],
            [
              82.75382790968207,
              27.586147555170758
            ],
            [
              82.75367742031241,
              27.586129723679743
            ],
            [
              82.7530073911965,
              27.58585969439113
            ],
            [
              82.75234716000539,
              27.58519531318718
            ],
            [
              82.75190192440785,
              27.58425640015828
            ],
            [
              82.75189021127487,
              27.584231700297984
            ],
            [
              82.7517142879046,
              27.583499139340812
            ],
            [
              82.75158788685927,
              27.58251415461653
            ],
            [
              82.75151542156192,
              27.58194945920621
            ],
            [
              82.7511747390837,
              27.581315298959225
            ],
            [
              82.75114743299399,
              27.58126446868224
            ],
            [
              82.75091982685048,
              27.580840790292676
            ],
            [
              82.75090212015789,
              27.580759128980702
            ],
            [
              82.75066741013708,
              27.57967670796125
            ],
            [
              82.75086736344123,
              27.578363908615355
            ],
            [
              82.75087318093102,
              27.5779598832205
            ],
            [
              82.75088734376979,
              27.576976399862712
            ],
            [
              82.75045759422943,
              27.576897760657943
            ],
            [
              82.74931018959178,
              27.57668779439777
            ],
            [
              82.74865535907213,
              27.57641190924793
            ],
            [
              82.74857804377058,
              27.575875057288727
            ],
            [
              82.74884420740275,
              27.575367420207503
            ],
            [
              82.74910604205357,
              27.57486803573677
            ],
            [
              82.74921726696046,
              27.57403122638279
            ],
            [
              82.74746189511491,
              27.572555375865324
            ],
            [
              82.74742091576827,
              27.572520921210334
            ],
            [
              82.74741683921351,
              27.572399947215054
            ],
            [
              82.7473820447676,
              27.57136739471253
            ],
            [
              82.7483635880645,
              27.56983663232254
            ],
            [
              82.74928009872471,
              27.56899360678267
            ],
            [
              82.75080881933586,
              27.567687321751333
            ],
            [
              82.75116090682495,
              27.56677687663808
            ],
            [
              82.75119360011139,
              27.566252045998638
            ],
            [
              82.75107291684286,
              27.565462984056335
            ],
            [
              82.750848777298,
              27.564912285038808
            ],
            [
              82.75022874930912,
              27.56407877310686
            ],
            [
              82.74821211863285,
              27.563024787160515
            ],
            [
              82.74669772974373,
              27.56244311730853
            ],
            [
              82.74572679824531,
              27.562202065174848
            ],
            [
              82.74514164105915,
              27.562056785080383
            ],
            [
              82.74397325896294,
              27.561255314978222
            ],
            [
              82.74351647462413,
              27.560291660652375
            ],
            [
              82.74359132405021,
              27.559683366780494
            ],
            [
              82.7436671652164,
              27.559320404332016
            ],
            [
              82.74374919218161,
              27.558927830968457
            ],
            [
              82.74404788111526,
              27.558497964380326
            ],
            [
              82.74426063810716,
              27.558191768155694
            ],
            [
              82.74453601755584,
              27.55779544211789
            ],
            [
              82.74542956458244,
              27.556904368696813
            ],
            [
              82.74622085638022,
              27.556115253101016
            ],
            [
              82.7466082018459,
              27.55581962099392
            ],
            [
              82.74694957692522,
              27.55555907167275
            ],
            [
              82.74685224805744,
              27.55534367286157
            ],
            [
              82.74612597811655,
              27.554320614923967
            ],
            [
              82.74530811684758,
              27.55393792563071
            ],
            [
              82.74289175383619,
              27.553851154345363
            ],
            [
              82.74187679321072,
              27.553787714283033
            ],
            [
              82.74150344709045,
              27.553617862048586
            ],
            [
              82.74119716739264,
              27.553438169681783
            ],
            [
              82.74110762063016,
              27.553216569690296
            ],
            [
              82.74095266214199,
              27.552623211971987
            ],
            [
              82.74110070180586,
              27.552380480895085
            ],
            [
              82.74111217329207,
              27.551841432678142
            ],
            [
              82.74072820639016,
              27.551605245029464
            ],
            [
              82.74036916863572,
              27.551679584054334
            ],
            [
              82.74013323870277,
              27.551319116688315
            ],
            [
              82.7391828894041,
              27.55164053693805
            ],
            [
              82.73847379884471,
              27.551823042086262
            ],
            [
              82.73828242894308,
              27.551872296307167
            ],
            [
              82.73830530544014,
              27.551673163147413
            ],
            [
              82.73831475212364,
              27.55159092899315
            ],
            [
              82.73884678024898,
              27.551229037293943
            ],
            [
              82.7388529408952,
              27.55077527501964
            ],
            [
              82.73864551720115,
              27.550715277021283
            ],
            [
              82.73846856436153,
              27.55066409408017
            ],
            [
              82.73838352714179,
              27.550370327717143
            ],
            [
              82.73880922887346,
              27.550055812180897
            ],
            [
              82.73959598687404,
              27.54998951304856
            ],
            [
              82.74027805610972,
              27.550062800256686
            ],
            [
              82.74042559002208,
              27.550053440344747
            ],
            [
              82.74068574572162,
              27.550036936250237
            ],
            [
              82.74096422166308,
              27.54995202478725
            ],
            [
              82.74084321859428,
              27.549051053031626
            ],
            [
              82.7403235063715,
              27.54874233116621
            ],
            [
              82.73993464544793,
              27.548466413206572
            ],
            [
              82.73939120602356,
              27.54841973879995
            ],
            [
              82.73848222683868,
              27.54796010132254
            ],
            [
              82.73840957289514,
              27.547805162719797
            ],
            [
              82.73840581883557,
              27.547797159002283
            ],
            [
              82.73821845901341,
              27.54739760637507
            ],
            [
              82.73806519923941,
              27.547070775205388
            ],
            [
              82.73777940023176,
              27.54658030918903
            ],
            [
              82.7377650972558,
              27.546555763330225
            ],
            [
              82.73786694464945,
              27.546106742318024
            ],
            [
              82.73846232556188,
              27.545794059229138
            ],
            [
              82.73868028110435,
              27.545614021927395
            ],
            [
              82.7390094920964,
              27.544834071663754
            ],
            [
              82.73955084922596,
              27.54526890765929
            ],
            [
              82.74025127643277,
              27.5456392370438
            ],
            [
              82.74071822520904,
              27.5459650896136
            ],
            [
              82.74107396165479,
              27.54618013804884
            ],
            [
              82.74132788843617,
              27.5462519471419
            ],
            [
              82.7417907678442,
              27.546169590253033
            ],
            [
              82.74197477784867,
              27.546060254081905
            ],
            [
              82.7420118540154,
              27.545980121624257
            ],
            [
              82.74210277340363,
              27.545783625293424
            ],
            [
              82.74202448163334,
              27.54557081739138
            ],
            [
              82.7419449510863,
              27.545354639938015
            ],
            [
              82.74166363557023,
              27.545130118843346
            ],
            [
              82.7413068013832,
              27.54501857297303
            ],
            [
              82.7411132647451,
              27.54495807322756
            ],
            [
              82.74097424506502,
              27.54481957075556
            ],
            [
              82.74069211387868,
              27.544608168387654
            ],
            [
              82.74065491464275,
              27.5443760002228
            ],
            [
              82.74101925155907,
              27.54409792234947
            ],
            [
              82.741100628144,
              27.543976920218164
            ],
            [
              82.74124538356722,
              27.543786672018406
            ],
            [
              82.74141141019803,
              27.543373732346737
            ],
            [
              82.74190658314221,
              27.543246910970307
            ],
            [
              82.74195246459533,
              27.543253084657707
            ],
            [
              82.74244836427657,
              27.543319817966896
            ],
            [
              82.74261642020163,
              27.543229433323923
            ],
            [
              82.74273214207481,
              27.54303116303836
            ],
            [
              82.74262288088515,
              27.542790981086426
            ],
            [
              82.74256982189289,
              27.54267434396284
            ],
            [
              82.74230854419753,
              27.54260217330666
            ],
            [
              82.74148707798933,
              27.542752313133008
            ],
            [
              82.74122743612614,
              27.54265389764618
            ],
            [
              82.74116659682522,
              27.542523703823367
            ],
            [
              82.74119186912912,
              27.542344694233705
            ],
            [
              82.74129242115212,
              27.542165222376575
            ],
            [
              82.74132960242173,
              27.542084124893112
            ],
            [
              82.74145028119867,
              27.541820904141247
            ],
            [
              82.74148570985517,
              27.54170527915265
            ],
            [
              82.74156021073495,
              27.54156643565429
            ],
            [
              82.74170069916055,
              27.54108467569422
            ],
            [
              82.74172771599272,
              27.540992028693182
            ],
            [
              82.74205956264181,
              27.540874322323972
            ],
            [
              82.74213546130018,
              27.54100171913584
            ],
            [
              82.74240441240467,
              27.541453155338303
            ],
            [
              82.74299308739351,
              27.54128948092609
            ],
            [
              82.7432418425738,
              27.54114669414171
            ],
            [
              82.74320616418564,
              27.54088920608212
            ],
            [
              82.7429107927303,
              27.54068091930883
            ],
            [
              82.7424133003361,
              27.54033009997867
            ],
            [
              82.7422543587179,
              27.540218937938477
            ],
            [
              82.74225266359699,
              27.54021775191421
            ],
            [
              82.74215194089406,
              27.540147307306082
            ],
            [
              82.74176442744343,
              27.539876280733765
            ],
            [
              82.74166839214966,
              27.539809113615366
            ],
            [
              82.74147145808317,
              27.53967137967393
            ],
            [
              82.74128106644692,
              27.539406223149868
            ],
            [
              82.74136546316785,
              27.539259487903674
            ],
            [
              82.7414809928016,
              27.539218985888937
            ],
            [
              82.74189174027877,
              27.539074991260453
            ],
            [
              82.74198249797021,
              27.539043172179348
            ],
            [
              82.74206743457864,
              27.53901339619557
            ],
            [
              82.74208044308229,
              27.539003022152354
            ],
            [
              82.7423792236441,
              27.538764738298497
            ],
            [
              82.74201399110747,
              27.537892048375475
            ],
            [
              82.74200905576328,
              27.537878594002418
            ],
            [
              82.74200810175246,
              27.537877975886623
            ],
            [
              82.74187577811448,
              27.537561798042297
            ],
            [
              82.74188153362051,
              27.536790726301156
            ],
            [
              82.74137830997475,
              27.53701732112285
            ],
            [
              82.74076038673859,
              27.5371344413829
            ],
            [
              82.74071203581671,
              27.537143604852112
            ],
            [
              82.74066541415178,
              27.537137101847783
            ],
            [
              82.74066603578598,
              27.537037609179002
            ],
            [
              82.74066972876011,
              27.536447570916536
            ],
            [
              82.74067065941475,
              27.536298930348856
            ],
            [
              82.74087278215029,
              27.536225102657653
            ],
            [
              82.74106005663252,
              27.536163117277244
            ],
            [
              82.74129552303481,
              27.53593164020121
            ],
            [
              82.74133486205773,
              27.53567786780763
            ],
            [
              82.74139776658548,
              27.53557408435461
            ],
            [
              82.74145351243875,
              27.53543431308362
            ],
            [
              82.74173246808056,
              27.535334947915818
            ],
            [
              82.74206194587228,
              27.535481230381485
            ],
            [
              82.742068711983,
              27.535674404378
            ],
            [
              82.74217080820998,
              27.53584715036553
            ],
            [
              82.74252450907333,
              27.53605751495271
            ],
            [
              82.74274668579929,
              27.53596371667398
            ],
            [
              82.74293552065514,
              27.535952111665452
            ],
            [
              82.74346807519323,
              27.535778040373373
            ],
            [
              82.74377082720692,
              27.53567908096385
            ],
            [
              82.74393127260485,
              27.535594802021752
            ],
            [
              82.74411360006482,
              27.5353103828169
            ],
            [
              82.74426545397539,
              27.53491126510504
            ],
            [
              82.74434724198876,
              27.534504483780996
            ],
            [
              82.74435714142321,
              27.53434567161649
            ],
            [
              82.74438345038294,
              27.534225402739423
            ],
            [
              82.74446545578856,
              27.533968102383227
            ],
            [
              82.74448867723866,
              27.53389524175516
            ],
            [
              82.74451407440839,
              27.533714140651092
            ],
            [
              82.74449610361114,
              27.53362521539193
            ],
            [
              82.74441718661343,
              27.533533271051187
            ],
            [
              82.74413381036207,
              27.533477311819766
            ],
            [
              82.7438207420957,
              27.533520494027748
            ],
            [
              82.74358685133842,
              27.5335005231548
            ],
            [
              82.74302348368776,
              27.53348518992538
            ],
            [
              82.74262655229968,
              27.53336491214097
            ],
            [
              82.74255493141874,
              27.533231406306662
            ],
            [
              82.7426197951721,
              27.532794442010868
            ],
            [
              82.74258046962396,
              27.53267092139512
            ],
            [
              82.74221845036107,
              27.532292456627005
            ],
            [
              82.74216481644703,
              27.53216154794192
            ],
            [
              82.74195723644611,
              27.531654881317497
            ],
            [
              82.7424815273819,
              27.53161797627388
            ],
            [
              82.74271019892738,
              27.531796992982407
            ],
            [
              82.74298367394765,
              27.531860848019647
            ],
            [
              82.74310725967284,
              27.532016287853892
            ],
            [
              82.74330636586566,
              27.53226670712766
            ],
            [
              82.74352879501824,
              27.532168729928856
            ],
            [
              82.74354458560428,
              27.53211600731509
            ],
            [
              82.7436772622802,
              27.53167302436099
            ],
            [
              82.74381478716369,
              27.53127738887217
            ],
            [
              82.74400752160619,
              27.531278551891848
            ],
            [
              82.74425442535866,
              27.53161777234776
            ],
            [
              82.74435808016267,
              27.53206727635407
            ],
            [
              82.74438203912959,
              27.53228645677512
            ],
            [
              82.74468032831297,
              27.532042849130253
            ],
            [
              82.74552660419266,
              27.531351698636577
            ],
            [
              82.74488954504433,
              27.530708090051338
            ],
            [
              82.74449496903891,
              27.530172908123138
            ],
            [
              82.74428352628229,
              27.529969170326606
            ],
            [
              82.74422436503433,
              27.529912165736288
            ],
            [
              82.74401184160442,
              27.52977587238882
            ],
            [
              82.7440605482591,
              27.5296734813965
            ],
            [
              82.74434287437984,
              27.52951977882366
            ],
            [
              82.74481871108753,
              27.5295810788908
            ],
            [
              82.74552167244175,
              27.52990749607444
            ],
            [
              82.74553624401398,
              27.529914263180732
            ],
            [
              82.74596233830947,
              27.530094667946873
            ],
            [
              82.74608240533368,
              27.53012995879955
            ],
            [
              82.74631889401876,
              27.530485429347664
            ],
            [
              82.74637853856036,
              27.53081118028451
            ],
            [
              82.74644573703519,
              27.531015732229324
            ],
            [
              82.7464605843902,
              27.531230266649505
            ],
            [
              82.74671140030573,
              27.53143133433637
            ],
            [
              82.74716197998089,
              27.531294344264232
            ],
            [
              82.74716744802602,
              27.53120657927118
            ],
            [
              82.74719036135399,
              27.530612427160982
            ],
            [
              82.74721483864883,
              27.530219574349317
            ],
            [
              82.74707158970038,
              27.53002802618084
            ],
            [
              82.74671034298865,
              27.529561575703635
            ],
            [
              82.74619908301437,
              27.52931407220703
            ],
            [
              82.74554145514094,
              27.52907608598759
            ],
            [
              82.74513698329439,
              27.528699718258647
            ],
            [
              82.74527684379758,
              27.528266467272022
            ],
            [
              82.74587143868416,
              27.527855738034052
            ],
            [
              82.74679653634016,
              27.527876398206644
            ],
            [
              82.74704109009983,
              27.527725013659428
            ],
            [
              82.74701790907393,
              27.527493295759818
            ],
            [
              82.7468100748498,
              27.52735723919511
            ],
            [
              82.74646941303281,
              27.52716429832941
            ],
            [
              82.74643555642807,
              27.52702847237722
            ],
            [
              82.74642611513444,
              27.526558409233008
            ],
            [
              82.74642409302675,
              27.526457767019597
            ],
            [
              82.74614333536448,
              27.525982724108587
            ],
            [
              82.74616871007628,
              27.525872355337306
            ],
            [
              82.74622719579118,
              27.52561796463624
            ],
            [
              82.74670119364748,
              27.525557595213286
            ],
            [
              82.7470501864404,
              27.525843177239548
            ],
            [
              82.74705601470998,
              27.52585693261807
            ],
            [
              82.74738225677002,
              27.52662678894295
            ],
            [
              82.7476137921446,
              27.526835286371856
            ],
            [
              82.7479115782714,
              27.52683896038799
            ],
            [
              82.74795210576545,
              27.52683946066595
            ],
            [
              82.748477404611,
              27.526333061872016
            ],
            [
              82.74845030782878,
              27.525862196736526
            ],
            [
              82.74845060606945,
              27.52583268325559
            ],
            [
              82.74845394510736,
              27.525501848605145
            ],
            [
              82.74849838296781,
              27.52524265574244
            ],
            [
              82.74853519143657,
              27.525027963056363
            ],
            [
              82.74892201318444,
              27.52477093114658
            ],
            [
              82.74931023810079,
              27.52451296577299
            ],
            [
              82.74899952431873,
              27.524065789730997
            ],
            [
              82.74847109933603,
              27.524018667603613
            ],
            [
              82.74816977744027,
              27.524024709332085
            ],
            [
              82.74785959635919,
              27.523946467966724
            ],
            [
              82.74762962944308,
              27.523788354340585
            ],
            [
              82.74761747523726,
              27.52350524932335
            ],
            [
              82.74760852622042,
              27.523296823650792
            ],
            [
              82.74744887583151,
              27.522991274178075
            ],
            [
              82.74746007243319,
              27.52281156438406
            ],
            [
              82.747709564232,
              27.52265623023563
            ],
            [
              82.74857941370139,
              27.52288375520636
            ],
            [
              82.74929016704242,
              27.522673497651326
            ],
            [
              82.7496476974238,
              27.522567731003168
            ],
            [
              82.74940313827422,
              27.522115443676793
            ],
            [
              82.7489497217194,
              27.52192111937972
            ],
            [
              82.74869657737067,
              27.521682207373065
            ],
            [
              82.74862026458892,
              27.521397552208644
            ],
            [
              82.74834550138455,
              27.520901846668824
            ],
            [
              82.74795849188882,
              27.520320931277585
            ],
            [
              82.74748893530327,
              27.519857499631797
            ],
            [
              82.74717771936297,
              27.51926775792906
            ],
            [
              82.74662535966783,
              27.519529664804065
            ],
            [
              82.74651364158584,
              27.520115232146402
            ],
            [
              82.74658909198484,
              27.520275291738873
            ],
            [
              82.74667146390313,
              27.520450039254186
            ],
            [
              82.74630061599767,
              27.52066643538689
            ],
            [
              82.74613338472606,
              27.520534032651025
            ],
            [
              82.74508624734545,
              27.51970496400501
            ],
            [
              82.74459379719491,
              27.519783255392056
            ],
            [
              82.74448309959905,
              27.519800852284416
            ],
            [
              82.74461096579661,
              27.520088063315804
            ],
            [
              82.74416719535131,
              27.520342766358105
            ],
            [
              82.74364530022237,
              27.520342061306863
            ],
            [
              82.7431934593126,
              27.520349020202218
            ],
            [
              82.74303120830089,
              27.520538014391022
            ],
            [
              82.74324214979758,
              27.520774844808113
            ],
            [
              82.74328329443425,
              27.520944570955017
            ],
            [
              82.74325047807858,
              27.52101840492585
            ],
            [
              82.74315305758266,
              27.52111158818751
            ],
            [
              82.74310046840931,
              27.52116189103932
            ],
            [
              82.74261711100606,
              27.521221784082062
            ],
            [
              82.74189990506639,
              27.520733486736873
            ],
            [
              82.74177647205475,
              27.52045068535134
            ],
            [
              82.74191529590212,
              27.51995869121616
            ],
            [
              82.7422707853112,
              27.519687046834854
            ],
            [
              82.74239428839142,
              27.519490933696186
            ],
            [
              82.74239255733785,
              27.519430721040894
            ],
            [
              82.74233095716389,
              27.51924984706107
            ],
            [
              82.74233331344486,
              27.51883493503622
            ],
            [
              82.74225884490444,
              27.51837010213756
            ],
            [
              82.74224911435329,
              27.518212898272587
            ],
            [
              82.7422330767305,
              27.517953797374364
            ],
            [
              82.74233933844546,
              27.51760691762629
            ],
            [
              82.74280289608153,
              27.51726097369208
            ],
            [
              82.7430375324405,
              27.517343867702625
            ],
            [
              82.74335811331763,
              27.517179488168722
            ],
            [
              82.74328051414842,
              27.516915724979313
            ],
            [
              82.7431690637644,
              27.516516134966718
            ],
            [
              82.74283472608703,
              27.51645434003741
            ],
            [
              82.7427042179442,
              27.516430217666187
            ],
            [
              82.742272952946,
              27.516861605617855
            ],
            [
              82.74212268905345,
              27.516933812296514
            ],
            [
              82.74196721942388,
              27.516938684072663
            ],
            [
              82.74168128117735,
              27.516849052917777
            ],
            [
              82.74125836332475,
              27.516769402672114
            ],
            [
              82.74091252182183,
              27.516973364898206
            ],
            [
              82.74090380457032,
              27.516983614346405
            ],
            [
              82.74081979143,
              27.517036512318974
            ],
            [
              82.74086171580431,
              27.5174749963904
            ],
            [
              82.74088800140785,
              27.517882943341306
            ],
            [
              82.74078096175184,
              27.51801598024344
            ],
            [
              82.74008225931038,
              27.517834620348303
            ],
            [
              82.73962521356182,
              27.517925153344784
            ],
            [
              82.739103825981,
              27.518368833022564
            ],
            [
              82.73871643559956,
              27.51854875721417
            ],
            [
              82.73843960627002,
              27.518539224128183
            ],
            [
              82.73807007259984,
              27.518432863959006
            ],
            [
              82.73801297837531,
              27.518394682175543
            ],
            [
              82.73785341242801,
              27.518287971326078
            ],
            [
              82.73753571963455,
              27.517953610153306
            ],
            [
              82.73678727208588,
              27.517891339613534
            ],
            [
              82.73653652623894,
              27.517388414603218
            ],
            [
              82.7365474838888,
              27.517137425266963
            ],
            [
              82.73690326075874,
              27.51655977476642
            ],
            [
              82.7365297295855,
              27.515767870162268
            ],
            [
              82.73625128598341,
              27.515177544055746
            ],
            [
              82.73632995324945,
              27.514896374381195
            ],
            [
              82.73641706198427,
              27.51478708995658
            ],
            [
              82.73656460937136,
              27.514601980201892
            ],
            [
              82.7369588934243,
              27.51438677039032
            ],
            [
              82.73742586016688,
              27.513760132134337
            ],
            [
              82.737581601986,
              27.51352470636232
            ],
            [
              82.73744854711937,
              27.51332107315987
            ],
            [
              82.73694937397721,
              27.513129049389548
            ],
            [
              82.73658530925044,
              27.512988998615814
            ],
            [
              82.73656501361326,
              27.512786765060365
            ],
            [
              82.73674176073864,
              27.512633504169223
            ],
            [
              82.7369079966769,
              27.512489358395133
            ],
            [
              82.7373621696132,
              27.512218425367642
            ],
            [
              82.7371166869955,
              27.511103694395096
            ],
            [
              82.73717377133856,
              27.510339345622697
            ],
            [
              82.73708838108094,
              27.51005003919737
            ],
            [
              82.73696387997244,
              27.509816538387078
            ],
            [
              82.7368610812629,
              27.509623734859417
            ],
            [
              82.73656553643274,
              27.509462348321115
            ],
            [
              82.73655773815777,
              27.509285886275322
            ],
            [
              82.73724183399273,
              27.50902216630451
            ],
            [
              82.73764262005167,
              27.508627011027496
            ],
            [
              82.73762520980311,
              27.508524826620793
            ],
            [
              82.73758067043303,
              27.508263406652603
            ],
            [
              82.73743038408263,
              27.508212304332815
            ],
            [
              82.73704660223369,
              27.508081806789182
            ],
            [
              82.73661486112836,
              27.508068778220025
            ],
            [
              82.73620000924869,
              27.508267751360567
            ],
            [
              82.73587816084869,
              27.50842211466781
            ],
            [
              82.73559250377487,
              27.508403754257703
            ],
            [
              82.73524905358722,
              27.50818129618127
            ],
            [
              82.73523449998132,
              27.508164199386453
            ],
            [
              82.73508697415379,
              27.507990892808724
            ],
            [
              82.73545104786369,
              27.507581344334262
            ],
            [
              82.7354745163505,
              27.507205206606052
            ],
            [
              82.73519673121352,
              27.506590221602668
            ],
            [
              82.73514902887528,
              27.506484616371058
            ],
            [
              82.73506967978793,
              27.506308943928882
            ],
            [
              82.73512596013879,
              27.505934432844217
            ],
            [
              82.73514004212919,
              27.50570875001143
            ],
            [
              82.7351180441845,
              27.50556173792895
            ],
            [
              82.73508695439085,
              27.505353966668515
            ],
            [
              82.73515921936388,
              27.50472344922528
            ],
            [
              82.73524175028396,
              27.504003356665315
            ],
            [
              82.73522410467685,
              27.503832701617732
            ],
            [
              82.73513326164543,
              27.50295410189333
            ],
            [
              82.73518059028447,
              27.502740992757023
            ],
            [
              82.7351986464217,
              27.502659694880833
            ],
            [
              82.73506094097684,
              27.502635810117365
            ],
            [
              82.73500542599061,
              27.502634570302302
            ],
            [
              82.73499127033836,
              27.502577667078782
            ],
            [
              82.73456605729018,
              27.500868339172225
            ],
            [
              82.73466974892511,
              27.500713747739304
            ],
            [
              82.73528803418233,
              27.50058847236819
            ],
            [
              82.73576031356153,
              27.50035923195829
            ],
            [
              82.73576013300014,
              27.50014267396574
            ],
            [
              82.73558279029169,
              27.499966854347285
            ],
            [
              82.73534476189423,
              27.499691842651274
            ],
            [
              82.73526866830144,
              27.499547436892993
            ],
            [
              82.73528380940556,
              27.499457224234064
            ],
            [
              82.73534945469328,
              27.499348863924837
            ],
            [
              82.7354251745869,
              27.499163791941765
            ],
            [
              82.73546028434146,
              27.49889755763947
            ],
            [
              82.73540446033476,
              27.49868554584451
            ],
            [
              82.73529788600607,
              27.49842837986807
            ],
            [
              82.73517117324536,
              27.49821640063619
            ],
            [
              82.73495345934971,
              27.498027129050367
            ],
            [
              82.73472570588248,
              27.497973093626626
            ],
            [
              82.73451309801094,
              27.497923666246802
            ],
            [
              82.73421957888172,
              27.49790136535157
            ],
            [
              82.73392605615929,
              27.497784243146274
            ],
            [
              82.73365768536645,
              27.497658139719377
            ],
            [
              82.73340450957667,
              27.497486845334375
            ],
            [
              82.73329307176907,
              27.49735159470326
            ],
            [
              82.7332801917245,
              27.49726882985679
            ],
            [
              82.7332727087582,
              27.497220741641218
            ],
            [
              82.73331307725041,
              27.497049237804333
            ],
            [
              82.73338879085586,
              27.49687317180263
            ],
            [
              82.73356059904383,
              27.496633881880697
            ],
            [
              82.73363119494707,
              27.496426297756855
            ],
            [
              82.73360056239586,
              27.496169101800042
            ],
            [
              82.73347393407678,
              27.49597972230737
            ],
            [
              82.733311887881,
              27.495862528731895
            ],
            [
              82.7331195199511,
              27.495772412658678
            ],
            [
              82.73291202439184,
              27.4957635987448
            ],
            [
              82.73272993139217,
              27.49579532436912
            ],
            [
              82.73252747627994,
              27.495790923389514
            ],
            [
              82.7323504318122,
              27.495822651396477
            ],
            [
              82.73215818335824,
              27.49581375461469
            ],
            [
              82.73202655860953,
              27.49576880533681
            ],
            [
              82.73195047040667,
              27.495624396822418
            ],
            [
              82.73191990073755,
              27.495407903621327
            ],
            [
              82.73190457997039,
              27.495191330309474
            ],
            [
              82.7318640102555,
              27.49507405700647
            ],
            [
              82.73181821234569,
              27.494839450261686
            ],
            [
              82.73181804975064,
              27.49470402107001
            ],
            [
              82.73187362043242,
              27.494577643183987
            ],
            [
              82.73210109362529,
              27.494406026856872
            ],
            [
              82.73267263774164,
              27.494094223083266
            ],
            [
              82.73310738371161,
              27.493755473385825
            ],
            [
              82.73317812604023,
              27.49360200271011
            ],
            [
              82.73316779182122,
              27.493344823263918
            ],
            [
              82.73314724824897,
              27.493096640624138
            ],
            [
              82.73308642691435,
              27.492938830888846
            ],
            [
              82.73292422081846,
              27.492686207183592
            ],
            [
              82.7325595452373,
              27.49226241903983
            ],
            [
              82.7320731587149,
              27.491680678273163
            ],
            [
              82.73183510875789,
              27.49135144862332
            ],
            [
              82.73156141993857,
              27.490923053353782
            ],
            [
              82.7313028731217,
              27.490404351869973
            ],
            [
              82.73111040278388,
              27.490133688802615
            ],
            [
              82.73087733937501,
              27.48986767730641
            ],
            [
              82.7306293279998,
              27.48970088119697
            ],
            [
              82.73032056356192,
              27.489601932125968
            ],
            [
              82.73008777503748,
              27.489552387829153
            ],
            [
              82.72974368255443,
              27.489534628314647
            ],
            [
              82.72942487405334,
              27.48948068833394
            ],
            [
              82.72915159756076,
              27.489431290610668
            ],
            [
              82.72891370660554,
              27.48934122107132
            ],
            [
              82.72874159658365,
              27.489206005059096
            ],
            [
              82.72861494041678,
              27.489052635622663
            ],
            [
              82.72856928084751,
              27.488885741854226
            ],
            [
              82.72858935280422,
              27.48871881436316
            ],
            [
              82.72881168224379,
              27.488443372930625
            ],
            [
              82.72926654418788,
              27.487888086703155
            ],
            [
              82.72970617429806,
              27.487314686367064
            ],
            [
              82.729877951045,
              27.487097909065042
            ],
            [
              82.73011548626737,
              27.486763857150947
            ],
            [
              82.73031272216777,
              27.486628323990566
            ],
            [
              82.7304796426223,
              27.486610186268035
            ],
            [
              82.73064154778258,
              27.48665516637997
            ],
            [
              82.73080346372268,
              27.48669114216842
            ],
            [
              82.73099586578853,
              27.486736146154616
            ],
            [
              82.73123862291763,
              27.4867088877971
            ],
            [
              82.73144088489207,
              27.486591366385472
            ],
            [
              82.73152676473154,
              27.48644241219306
            ],
            [
              82.73154679806069,
              27.48621226970413
            ],
            [
              82.7315767622653,
              27.485851299208367
            ],
            [
              82.73160191958485,
              27.48564367084736
            ],
            [
              82.73163199068898,
              27.485372926746443
            ],
            [
              82.73162674901928,
              27.485174461297994
            ],
            [
              82.73153558888256,
              27.485066238346302
            ],
            [
              82.73132304119817,
              27.484980603307108
            ],
            [
              82.73093843469577,
              27.484904190213776
            ],
            [
              82.73060445903944,
              27.484881939278427
            ],
            [
              82.73033638469069,
              27.48498139385583
            ],
            [
              82.7301594228679,
              27.48504472619191
            ],
            [
              82.7300076489074,
              27.485062877719944
            ],
            [
              82.72983553169897,
              27.485031395252594
            ],
            [
              82.72978517843235,
              27.48492372203824
            ],
            [
              82.72975957644674,
              27.48486897410793
            ],
            [
              82.72970359613319,
              27.48462535230188
            ],
            [
              82.7296679096602,
              27.484291519215777
            ],
            [
              82.72961197875398,
              27.484002781071162
            ],
            [
              82.72928284501705,
              27.48370525677697
            ],
            [
              82.72911074038504,
              27.48356994777573
            ],
            [
              82.72898913544502,
              27.483421178370545
            ],
            [
              82.72896880028192,
              27.48327231313206
            ],
            [
              82.72899387495644,
              27.48305117898236
            ],
            [
              82.72909483840785,
              27.48286613060733
            ],
            [
              82.72932738169222,
              27.482658318900874
            ],
            [
              82.72958027181774,
              27.482590460159447
            ],
            [
              82.7300455479309,
              27.482378074277538
            ],
            [
              82.73031868698126,
              27.482350751085935
            ],
            [
              82.73042496217094,
              27.482296542204402
            ],
            [
              82.73039445089233,
              27.482125066125487
            ],
            [
              82.73023738226155,
              27.481904139269385
            ],
            [
              82.72997911841398,
              27.481710320151482
            ],
            [
              82.72966529376612,
              27.481543556316232
            ],
            [
              82.72919972390378,
              27.481377023344024
            ],
            [
              82.7286480496232,
              27.481192404901076
            ],
            [
              82.72835947392302,
              27.480930930380833
            ],
            [
              82.72816696495764,
              27.480714472047147
            ],
            [
              82.72782776559792,
              27.48039883439435
            ],
            [
              82.72756452688034,
              27.48023661123669
            ],
            [
              82.727321646682,
              27.480200651669985
            ],
            [
              82.72694212823741,
              27.480196453291583
            ],
            [
              82.72660823522608,
              27.48020120475931
            ],
            [
              82.72635529120163,
              27.480228450382167
            ],
            [
              82.7261378521905,
              27.480287238008636
            ],
            [
              82.7259708517859,
              27.48029186594394
            ],
            [
              82.72591002955298,
              27.48014755667604
            ],
            [
              82.72597055713851,
              27.479917357997838
            ],
            [
              82.72618773743486,
              27.479542682213122
            ],
            [
              82.72637960859639,
              27.479136466808082
            ],
            [
              82.72654629279398,
              27.478775431680397
            ],
            [
              82.72676853509697,
              27.478382658361785
            ],
            [
              82.72682402043878,
              27.478238271677366
            ],
            [
              82.72696042871638,
              27.478044066749653
            ],
            [
              82.72695526609846,
              27.477872610351213
            ],
            [
              82.72685387504896,
              27.477710258348058
            ],
            [
              82.72663123658893,
              27.477633703927946
            ],
            [
              82.7262720398327,
              27.477611418847825
            ],
            [
              82.72580154989755,
              27.47762082477483
            ],
            [
              82.72534614357438,
              27.477589538627807
            ],
            [
              82.72500718675983,
              27.477526657876624
            ],
            [
              82.72472881322632,
              27.477454645309745
            ],
            [
              82.72433904859759,
              27.47722927229829
            ],
            [
              82.72411631761108,
              27.47705798438881
            ],
            [
              82.72374689533196,
              27.4768822418769
            ],
            [
              82.7233571693308,
              27.47671557912251
            ],
            [
              82.72312933771012,
              27.476503673653685
            ],
            [
              82.72308366197116,
              27.47635928610066
            ],
            [
              82.72307820829909,
              27.47591264600825
            ],
            [
              82.72306767285743,
              27.475493015786338
            ],
            [
              82.72296636085967,
              27.47526744270155
            ],
            [
              82.7227485957601,
              27.475082562169124
            ],
            [
              82.72249554842938,
              27.47494294277919
            ],
            [
              82.72225266014624,
              27.474834755204082
            ],
            [
              82.72215139755583,
              27.47474461793828
            ],
            [
              82.72214609569903,
              27.474523547166964
            ],
            [
              82.72215105799268,
              27.474419725148884
            ],
            [
              82.72217075714852,
              27.47378346267051
            ],
            [
              82.72217046878932,
              27.473413455619074
            ],
            [
              82.72202870295938,
              27.47334138218217
            ],
            [
              82.72188706828348,
              27.473332429387604
            ],
            [
              82.72179098717562,
              27.473395737337754
            ],
            [
              82.7216393461658,
              27.47348600721318
            ],
            [
              82.72152808263132,
              27.473580909216906
            ],
            [
              82.72139653873103,
              27.473576468296233
            ],
            [
              82.72131052414424,
              27.473486250300375
            ],
            [
              82.72130531122066,
              27.47336441093756
            ],
            [
              82.72137090710102,
              27.473211031397785
            ],
            [
              82.72152772240689,
              27.473098069626044
            ],
            [
              82.72165398601,
              27.472949065306782
            ],
            [
              82.72168918379943,
              27.472714432948514
            ],
            [
              82.72161828875723,
              27.47255651271251
            ],
            [
              82.72152698129679,
              27.47232644880915
            ],
            [
              82.72137508786034,
              27.472195742151765
            ],
            [
              82.72115247006158,
              27.4721146783621
            ],
            [
              82.72087419624107,
              27.472056162939857
            ],
            [
              82.72075264969156,
              27.471961504307536
            ],
            [
              82.720605804787,
              27.47174507537526
            ],
            [
              82.72047904800884,
              27.471438254188683
            ],
            [
              82.72038273423733,
              27.471176668048763
            ],
            [
              82.72034648182573,
              27.47112822811019
            ],
            [
              82.72021056312997,
              27.47094661561106
            ],
            [
              82.72006878113038,
              27.470806913668895
            ],
            [
              82.71992202426073,
              27.470775352206857
            ],
            [
              82.71978549111732,
              27.470811608155657
            ],
            [
              82.71961354908038,
              27.470910954287984
            ],
            [
              82.71947699886898,
              27.470960717384443
            ],
            [
              82.71933529592111,
              27.470924658350068
            ],
            [
              82.71925938019477,
              27.47083444774744
            ],
            [
              82.719234002788,
              27.470694670742507
            ],
            [
              82.7192945070173,
              27.47049157760182
            ],
            [
              82.71943596203015,
              27.470301976216284
            ],
            [
              82.71952177359769,
              27.470125920853697
            ],
            [
              82.71950135219633,
              27.46988673301847
            ],
            [
              82.71946573489362,
              27.46960700984689
            ],
            [
              82.71934924496084,
              27.469422123802442
            ],
            [
              82.71907589660302,
              27.469300490364006
            ],
            [
              82.71878254186555,
              27.469282568176773
            ],
            [
              82.71846886543968,
              27.46929182576874
            ],
            [
              82.71821602741645,
              27.46933265401159
            ],
            [
              82.71790238692323,
              27.46939602961664
            ],
            [
              82.71766972056969,
              27.469450291870952
            ],
            [
              82.71748256556337,
              27.469436880137934
            ],
            [
              82.71721938523626,
              27.469342266280915
            ],
            [
              82.71691078788504,
              27.469238692042186
            ],
            [
              82.71646035283864,
              27.46904502917969
            ],
            [
              82.71622241157775,
              27.46886471162679
            ],
            [
              82.71594911442394,
              27.46862123296605
            ],
            [
              82.71580735667884,
              27.468463333963832
            ],
            [
              82.71573128195067,
              27.468255881656916
            ],
            [
              82.7157259818905,
              27.468039219882932
            ],
            [
              82.71587757888291,
              27.46781351995299
            ],
            [
              82.71607473213832,
              27.46765098893636
            ],
            [
              82.71648419861786,
              27.467307744633857
            ],
            [
              82.71667624944246,
              27.46701886792501
            ],
            [
              82.71686316459855,
              27.466716387898547
            ],
            [
              82.71690341181825,
              27.46648626238563
            ],
            [
              82.71682734517492,
              27.466269714300736
            ],
            [
              82.71664492788342,
              27.465922407057285
            ],
            [
              82.71654860243383,
              27.465678826249036
            ],
            [
              82.71656357465469,
              27.46539455470243
            ],
            [
              82.7165935325711,
              27.464898142616455
            ],
            [
              82.71657325579851,
              27.464803482618503
            ],
            [
              82.71649200318105,
              27.464446993261355
            ],
            [
              82.71649678311667,
              27.464158211080537
            ],
            [
              82.71653176980206,
              27.46359417725377
            ],
            [
              82.71654172044043,
              27.463458844351326
            ],
            [
              82.71650075995845,
              27.46275038801189
            ],
            [
              82.71642954601428,
              27.462357888365403
            ],
            [
              82.71631788542446,
              27.461852607716636
            ],
            [
              82.71621125629856,
              27.46136083870036
            ],
            [
              82.71617556443569,
              27.461067607010214
            ],
            [
              82.71631706166936,
              27.460837393183095
            ],
            [
              82.71642305119481,
              27.460584633685635
            ],
            [
              82.7164278967074,
              27.46032745766143
            ],
            [
              82.71650868040429,
              27.460133295300146
            ],
            [
              82.71664014525288,
              27.460020406211967
            ],
            [
              82.71680703965623,
              27.459997780394744
            ],
            [
              82.71707007176131,
              27.460029182333578
            ],
            [
              82.71716117530417,
              27.460074292863023
            ],
            [
              82.71724719887409,
              27.46014641164261
            ],
            [
              82.71748510689733,
              27.460340239197823
            ],
            [
              82.71766221784043,
              27.460470975059675
            ],
            [
              82.717859610946,
              27.46052500736
            ],
            [
              82.71804163387706,
              27.46051130838168
            ],
            [
              82.71819330003974,
              27.4603894323563
            ],
            [
              82.71834995095396,
              27.46014563127807
            ],
            [
              82.71856220758424,
              27.459915391612604
            ],
            [
              82.7187341208751,
              27.45991528161207
            ],
            [
              82.71897695256439,
              27.459870029132716
            ],
            [
              82.71933594899633,
              27.459756895063283
            ],
            [
              82.71965439996792,
              27.45952657168676
            ],
            [
              82.7200082265954,
              27.459169939321843
            ],
            [
              82.7203466974214,
              27.458731977094775
            ],
            [
              82.7207005303371,
              27.458451975321246
            ],
            [
              82.72104946114628,
              27.458311903623
            ],
            [
              82.72123660267783,
              27.458320717345117
            ],
            [
              82.72136310792771,
              27.458392873141957
            ],
            [
              82.72150495640265,
              27.45855517787736
            ],
            [
              82.72163664762668,
              27.45877168611584
            ],
            [
              82.72171271157504,
              27.45899273667091
            ],
            [
              82.72185449267633,
              27.459213755695473
            ],
            [
              82.72203668538901,
              27.459317387180683
            ],
            [
              82.72222895630084,
              27.459348899314406
            ],
            [
              82.72241603495033,
              27.45932619364843
            ],
            [
              82.72259301743436,
              27.459217751610137
            ],
            [
              82.72290646209484,
              27.459032530091914
            ],
            [
              82.72320482673669,
              27.458883403929608
            ],
            [
              82.72371048302024,
              27.45868898634005
            ],
            [
              82.72429626004397,
              27.458351009378042
            ],
            [
              82.72443769170063,
              27.45826940532297
            ],
            [
              82.72459513942046,
              27.458178562610946
            ],
            [
              82.72521688408983,
              27.457704278007935
            ],
            [
              82.72596496063427,
              27.45709007514801
            ],
            [
              82.72620766655943,
              27.456968090120114
            ],
            [
              82.7265667653993,
              27.4569362560638
            ],
            [
              82.72677421783943,
              27.4570173007257
            ],
            [
              82.72708803080921,
              27.457224595626922
            ],
            [
              82.72725519560548,
              27.45750425616022
            ],
            [
              82.72733132063931,
              27.45777041833694
            ],
            [
              82.72743267755281,
              27.458041106709732
            ],
            [
              82.72769090816269,
              27.458311658908073
            ],
            [
              82.72801485502723,
              27.458487352916478
            ],
            [
              82.72823752941983,
              27.458595515088696
            ],
            [
              82.7284803656007,
              27.458631473734446
            ],
            [
              82.72872311195003,
              27.458658337292704
            ],
            [
              82.72899630220432,
              27.45863101539353
            ],
            [
              82.72925915374806,
              27.458454831387726
            ],
            [
              82.72950676357635,
              27.4581839957667
            ],
            [
              82.73009802840814,
              27.457687155042382
            ],
            [
              82.7310433309715,
              27.45706823230428
            ],
            [
              82.73128597042131,
              27.45691012863146
            ],
            [
              82.73134538589254,
              27.456864477949285
            ],
            [
              82.73153873837596,
              27.456715924381484
            ],
            [
              82.73183188021275,
              27.456431432034737
            ],
            [
              82.73195298119786,
              27.456174172189836
            ],
            [
              82.73193751400531,
              27.45590797268042
            ],
            [
              82.73176030514585,
              27.455668921392583
            ],
            [
              82.73161845217932,
              27.45540729623557
            ],
            [
              82.73154715738683,
              27.454956178988045
            ],
            [
              82.73143552644142,
              27.45456373768615
            ],
            [
              82.73129357735517,
              27.454297611612322
            ],
            [
              82.73114679533266,
              27.454117206164916
            ],
            [
              82.73113645392712,
              27.453873521950594
            ],
            [
              82.73123725837674,
              27.453526013833773
            ],
            [
              82.73129252363134,
              27.453192065806466
            ],
            [
              82.73121138240498,
              27.45289438339262
            ],
            [
              82.7310491385798,
              27.452538007785886
            ],
            [
              82.73106900302568,
              27.45217701386927
            ],
            [
              82.7311344596672,
              27.45184757529816
            ],
            [
              82.73134671270421,
              27.451585706708816
            ],
            [
              82.73166008819443,
              27.45143657685301
            ],
            [
              82.73201410975632,
              27.45141373164793
            ],
            [
              82.73253523143579,
              27.45154419908527
            ],
            [
              82.73301076091967,
              27.451643108994528
            ],
            [
              82.73350656088789,
              27.451760045093824
            ],
            [
              82.73398212540607,
              27.451827344078552
            ],
            [
              82.73428043704729,
              27.451795533250287
            ],
            [
              82.73449278440741,
              27.451632894916536
            ],
            [
              82.73461398780049,
              27.45146135996513
            ],
            [
              82.73466925575003,
              27.4511138099694
            ],
            [
              82.7345728287908,
              27.450752989957646
            ],
            [
              82.73461816227163,
              27.450545371196693
            ],
            [
              82.73516866335244,
              27.449782375031216
            ],
            [
              82.73530982641283,
              27.449340073130433
            ],
            [
              82.73554227896732,
              27.449150346082718
            ],
            [
              82.73585578561158,
              27.449059829081538
            ],
            [
              82.73635650295772,
              27.449000802384198
            ],
            [
              82.73685709992957,
              27.448860547286404
            ],
            [
              82.73724263169667,
              27.448572197015384
            ],
            [
              82.73735237258673,
              27.448490117774803
            ],
            [
              82.73767593317567,
              27.448336390330127
            ],
            [
              82.73830809920064,
              27.44834490988957
            ],
            [
              82.73874781375245,
              27.44801522470109
            ],
            [
              82.7391524257362,
              27.44796070317292
            ],
            [
              82.73936470931594,
              27.44784776893858
            ],
            [
              82.73955153643713,
              27.447549758005856
            ],
            [
              82.73976381911856,
              27.447436823350824
            ],
            [
              82.74033017995576,
              27.447332538160786
            ],
            [
              82.74069427163198,
              27.44721944862711
            ],
            [
              82.74104295001456,
              27.446971001853026
            ],
            [
              82.74106804804529,
              27.44679947479841
            ],
            [
              82.74091613664255,
              27.44659656165226
            ],
            [
              82.74034919729031,
              27.44616387561702
            ],
            [
              82.73999994488425,
              27.44587084507011
            ],
            [
              82.73993897173436,
              27.445573087889702
            ],
            [
              82.73994871935349,
              27.445207578890347
            ],
            [
              82.74028179579622,
              27.44450346332854
            ],
            [
              82.74044827787291,
              27.444151313776615
            ],
            [
              82.74072636843707,
              27.44403374379336
            ],
            [
              82.7408830966064,
              27.444056200686298
            ],
            [
              82.74112609897556,
              27.444209384811753
            ],
            [
              82.74127793941142,
              27.444380781960945
            ],
            [
              82.74157673704124,
              27.44476409232085
            ],
            [
              82.74191118790634,
              27.445332300198203
            ],
            [
              82.7421999441679,
              27.44576972012524
            ],
            [
              82.7423872878204,
              27.445972660302875
            ],
            [
              82.74256437361069,
              27.446031148912308
            ],
            [
              82.74276156369702,
              27.445967814883687
            ],
            [
              82.74304456535084,
              27.4457826181468
            ],
            [
              82.74325183902626,
              27.44572829720875
            ],
            [
              82.74363212642875,
              27.44569936493461
            ],
            [
              82.7437323290071,
              27.445691741232896
            ],
            [
              82.74426844356867,
              27.445749963723866
            ],
            [
              82.74500194404929,
              27.445857588315736
            ],
            [
              82.74534069335306,
              27.445744560249395
            ],
            [
              82.74571468715864,
              27.445500532275283
            ],
            [
              82.74573961271284,
              27.445184652673998
            ],
            [
              82.74558258091297,
              27.4449456291656
            ],
            [
              82.74522321257851,
              27.44466620066524
            ],
            [
              82.74474209916684,
              27.44408906288771
            ],
            [
              82.74447361877955,
              27.44366066564369
            ],
            [
              82.74439240389137,
              27.443408011075334
            ],
            [
              82.74513968632506,
              27.44227023880239
            ],
            [
              82.74523022572592,
              27.441841576191695
            ],
            [
              82.7450474050909,
              27.44112877233978
            ],
            [
              82.74498104743918,
              27.440537712895864
            ],
            [
              82.74539011776166,
              27.44000941933226
            ],
            [
              82.7455464605537,
              27.43958062117536
            ],
            [
              82.74561663963864,
              27.43901199780507
            ],
            [
              82.74586902940258,
              27.438623797802546
            ],
            [
              82.74629848160055,
              27.438199254034107
            ],
            [
              82.74666632014981,
              27.43788664862439
            ],
            [
              82.74670777560358,
              27.437851418293665
            ],
            [
              82.74711702738578,
              27.437544288326258
            ],
            [
              82.74803413003572,
              27.437092235379097
            ],
            [
              82.7485145140154,
              27.43715132027035
            ],
            [
              82.74897486376756,
              27.437052430853328
            ],
            [
              82.7493594738632,
              27.436782018651346
            ],
            [
              82.74959757232925,
              27.436470968696643
            ],
            [
              82.74972396708635,
              27.4364394556076
            ],
            [
              82.74988078778215,
              27.436471183163576
            ],
            [
              82.75004240727817,
              27.43665637081406
            ],
            [
              82.75036088519921,
              27.436724334371014
            ],
            [
              82.75067955535972,
              27.43669755795439
            ],
            [
              82.75120585043693,
              27.436341515108115
            ],
            [
              82.75183878991139,
              27.4357058357501
            ],
            [
              82.75265375860513,
              27.435007160824185
            ],
            [
              82.75316489820517,
              27.434655693741195
            ],
            [
              82.75365569455728,
              27.434471079173846
            ],
            [
              82.7540402220079,
              27.434272880059602
            ],
            [
              82.75441971889293,
              27.434056665772275
            ],
            [
              82.75464264481384,
              27.433646174304585
            ],
            [
              82.75513949581097,
              27.432572708332575
            ],
            [
              82.75536269302309,
              27.431859991316532
            ],
            [
              82.75540873527467,
              27.431395244214098
            ],
            [
              82.75549031667549,
              27.43080876903095
            ],
            [
              82.75592154574112,
              27.429509571297547
            ],
            [
              82.75652412934551,
              27.4287836099841
            ],
            [
              82.75687853718298,
              27.428386898354127
            ],
            [
              82.75741991587209,
              27.428030840660366
            ],
            [
              82.75823979835044,
              27.42739076235459
            ],
            [
              82.7587358687116,
              27.42690841022165
            ],
            [
              82.75897403455129,
              27.426470901977993
            ],
            [
              82.75907032855986,
              27.426227367999875
            ],
            [
              82.75904053862841,
              27.42578958037641
            ],
            [
              82.75864222473314,
              27.424611631674843
            ],
            [
              82.75843564455711,
              27.423916519328223
            ],
            [
              82.75840583126947,
              27.423393088304916
            ],
            [
              82.75843699382669,
              27.42262150166086
            ],
            [
              82.75883266757336,
              27.421408085035793
            ],
            [
              82.75923303861065,
              27.42058263123601
            ],
            [
              82.75931456701089,
              27.420027756741653
            ],
            [
              82.75947788162783,
              27.418498158681434
            ],
            [
              82.75950899387941,
              27.41777628186877
            ],
            [
              82.75966637961548,
              27.417135632181157
            ],
            [
              82.76040103263465,
              27.41577357290946
            ],
            [
              82.76109945210679,
              27.41509276982463
            ],
            [
              82.76199503741076,
              27.414552046111773
            ],
            [
              82.76296624559029,
              27.414069998341525
            ],
            [
              82.76342164023536,
              27.413749969829425
            ],
            [
              82.76385208686837,
              27.41309607996005
            ],
            [
              82.76409034074298,
              27.41250068701481
            ],
            [
              82.7642018432293,
              27.412270663721664
            ],
            [
              82.7644597567339,
              27.412171593326676
            ],
            [
              82.76461651993749,
              27.41211757163845
            ],
            [
              82.76468242573664,
              27.41198676173861
            ],
            [
              82.76465974058077,
              27.411989122195394
            ],
            [
              82.76425259894118,
              27.41203150275296
            ],
            [
              82.7638834138173,
              27.41208538173958
            ],
            [
              82.7635699062747,
              27.412170812622847
            ],
            [
              82.7631853105521,
              27.412427761973795
            ],
            [
              82.76250254332545,
              27.41265280408713
            ],
            [
              82.76172384590794,
              27.412710808758494
            ],
            [
              82.76138514241829,
              27.412638350362624
            ],
            [
              82.7605160160927,
              27.4121277526908
            ],
            [
              82.75997550966768,
              27.411685102921073
            ],
            [
              82.75965718895182,
              27.411387061337578
            ],
            [
              82.75927864967088,
              27.41083626989687
            ],
            [
              82.75876873806786,
              27.410037097323375
            ],
            [
              82.75771863355185,
              27.408592359944755
            ],
            [
              82.7572138872617,
              27.40779777500386
            ],
            [
              82.7570677637043,
              27.40735539338626
            ],
            [
              82.75691149816738,
              27.40685897138341
            ],
            [
              82.75681578536881,
              27.406579087607604
            ],
            [
              82.7564369667118,
              27.40625388479491
            ],
            [
              82.75571910859522,
              27.406135932327018
            ],
            [
              82.75446504518722,
              27.40633341874333
            ],
            [
              82.75337310163685,
              27.406630100680562
            ],
            [
              82.75289219573605,
              27.406760760614368
            ],
            [
              82.7519817585855,
              27.407125451091968
            ],
            [
              82.75114199818651,
              27.40754881524155
            ],
            [
              82.75018563826032,
              27.408229296380316
            ],
            [
              82.74980602818758,
              27.40863958328086
            ],
            [
              82.74956835372632,
              27.40867092168231
            ],
            [
              82.74942180257088,
              27.408598675158014
            ],
            [
              82.7480552638011,
              27.409860782301802
            ],
            [
              82.74757662794299,
              27.409848620929825
            ],
            [
              82.74738200524175,
              27.40978171182852
            ],
            [
              82.74697856196616,
              27.409648323339805
            ],
            [
              82.7461260751346,
              27.409580084736355
            ],
            [
              82.7454500821035,
              27.409738773775373
            ],
            [
              82.74420279828098,
              27.410690790781143
            ],
            [
              82.74386762696699,
              27.410946614372133
            ],
            [
              82.74386207537854,
              27.410956450232653
            ],
            [
              82.74371063289638,
              27.411146078657616
            ],
            [
              82.7434828893106,
              27.411454624177672
            ],
            [
              82.7433774019434,
              27.411597536079263
            ],
            [
              82.74296831634955,
              27.412022100004265
            ],
            [
              82.74279223936733,
              27.41221697780832
            ],
            [
              82.74275617919521,
              27.41225688937429
            ],
            [
              82.74251386673215,
              27.412599989171813
            ],
            [
              82.74210999675682,
              27.413254644332554
            ],
            [
              82.74189805184194,
              27.413602268895566
            ],
            [
              82.74168586797519,
              27.41377842962257
            ],
            [
              82.74096823264081,
              27.414148985204694
            ],
            [
              82.74040208829763,
              27.41428938808007
            ],
            [
              82.74002798579585,
              27.4143167400973
            ],
            [
              82.73900677289603,
              27.414416884307133
            ],
            [
              82.73863770455311,
              27.414453241713307
            ],
            [
              82.73827883119037,
              27.414588937753482
            ],
            [
              82.73786427036487,
              27.414706578970687
            ],
            [
              82.73750033140222,
              27.414760947870505
            ],
            [
              82.73713125677111,
              27.414801896772964
            ],
            [
              82.73687856158003,
              27.41491489033861
            ],
            [
              82.73659038203687,
              27.414991835974458
            ],
            [
              82.73630743338363,
              27.41508393111899
            ],
            [
              82.73620124173725,
              27.415118494887746
            ],
            [
              82.73552893988368,
              27.415344615223574
            ],
            [
              82.73488713493569,
              27.415647483311467
            ],
            [
              82.73414935937262,
              27.416144425616526
            ],
            [
              82.7337754661783,
              27.41644696775917
            ],
            [
              82.7334571607338,
              27.416668327183423
            ],
            [
              82.73318426782185,
              27.4167903942425
            ],
            [
              82.73283538462337,
              27.416817751222364
            ],
            [
              82.73254212600563,
              27.41682245917076
            ],
            [
              82.73234994941689,
              27.416763943121737
            ],
            [
              82.73211712585817,
              27.416588143601874
            ],
            [
              82.7317628365983,
              27.416191340312245
            ],
            [
              82.73144896883132,
              27.4158396873375
            ],
            [
              82.73123630077264,
              27.41550135265474
            ],
            [
              82.73108430313162,
              27.415145061232298
            ],
            [
              82.73092706202428,
              27.414594697610717
            ],
            [
              82.7307748371095,
              27.41407135398373
            ],
            [
              82.73065788005277,
              27.413408187786782
            ],
            [
              82.7305614863312,
              27.413051759629774
            ],
            [
              82.73049551585338,
              27.41274497773649
            ],
            [
              82.73049531732569,
              27.4125509086782
            ],
            [
              82.73061632039445,
              27.4122530233382
            ],
            [
              82.73081316642605,
              27.41180615873429
            ],
            [
              82.73108044486749,
              27.411070458908554
            ],
            [
              82.73114569040487,
              27.410632760327907
            ],
            [
              82.73119555498799,
              27.409856621119072
            ],
            [
              82.73131151311811,
              27.409554226003685
            ],
            [
              82.73147289725553,
              27.409138939159085
            ],
            [
              82.73150308783562,
              27.40893138805712
            ],
            [
              82.73148239244809,
              27.408462095332904
            ],
            [
              82.73147221543424,
              27.40835384016073
            ],
            [
              82.73145166916706,
              27.40802890334709
            ],
            [
              82.73143633941672,
              27.40792514873304
            ],
            [
              82.7313605234034,
              27.40786654902054
            ],
            [
              82.73116333780862,
              27.40788025134449
            ],
            [
              82.7308297205801,
              27.40799785265401
            ],
            [
              82.73039499257645,
              27.40811545623082
            ],
            [
              82.7300158002203,
              27.408106759715793
            ],
            [
              82.7296515989496,
              27.407854293326263
            ],
            [
              82.72941879335718,
              27.40758825319375
            ],
            [
              82.72924160965054,
              27.40739439518334
            ],
            [
              82.72917060231892,
              27.40717784117157
            ],
            [
              82.72917536788152,
              27.40687553203116
            ],
            [
              82.7292308145958,
              27.406640803797163
            ],
            [
              82.72936704231199,
              27.406351934920973
            ],
            [
              82.72943258698838,
              27.406202949702642
            ],
            [
              82.72942728872484,
              27.405968351626655
            ],
            [
              82.72937660757313,
              27.405805939245376
            ],
            [
              82.72919456128587,
              27.405729417062695
            ],
            [
              82.72882038242732,
              27.40566200463875
            ],
            [
              82.72848147502006,
              27.405540410162633
            ],
            [
              82.72822362709249,
              27.405374507295303
            ],
            [
              82.72820831800341,
              27.40536465738041
            ],
            [
              82.72782878608409,
              27.40502193865118
            ],
            [
              82.72768721339192,
              27.404936353904965
            ],
            [
              82.72754053916728,
              27.404900385738415
            ],
            [
              82.72723216369994,
              27.404914074872597
            ],
            [
              82.7270451245763,
              27.404972900248946
            ],
            [
              82.7269188645665,
              27.405094815147553
            ],
            [
              82.72687356881492,
              27.40536106863297
            ],
            [
              82.72683357941173,
              27.405852914953584
            ],
            [
              82.72684906636722,
              27.406177847798478
            ],
            [
              82.72692552826928,
              27.40684558234591
            ],
            [
              82.72696120755572,
              27.407251671634185
            ],
            [
              82.72706773157873,
              27.40755840019718
            ],
            [
              82.72714378564567,
              27.407770455664412
            ],
            [
              82.72712924012455,
              27.408524024194502
            ],
            [
              82.72711947094585,
              27.40887594767313
            ],
            [
              82.72707464321654,
              27.409548347858177
            ],
            [
              82.727004029347,
              27.409805572852193
            ],
            [
              82.72695873269711,
              27.41007182694904
            ],
            [
              82.72698927092522,
              27.41019810712529
            ],
            [
              82.72713606282915,
              27.410410133602586
            ],
            [
              82.72725261833894,
              27.410680760316477
            ],
            [
              82.72734882880418,
              27.410825111039504
            ],
            [
              82.72766755196533,
              27.41105043233801
            ],
            [
              82.72773354130777,
              27.41133470275962
            ],
            [
              82.72769327522347,
              27.41152423165096
            ],
            [
              82.72758723000251,
              27.41170028723788
            ],
            [
              82.72729914927403,
              27.411871953366003
            ],
            [
              82.7269858267844,
              27.411966956228298
            ],
            [
              82.72643976427939,
              27.412007997873356
            ],
            [
              82.72615157665139,
              27.411999098314574
            ],
            [
              82.7257874571274,
              27.41194528866417
            ],
            [
              82.72548906284118,
              27.411859745165703
            ],
            [
              82.72520586265962,
              27.41172459362373
            ],
            [
              82.72495288090596,
              27.411544261325464
            ],
            [
              82.72477568372457,
              27.41136390560662
            ],
            [
              82.72467448581288,
              27.411260162896276
            ],
            [
              82.72441130189252,
              27.410912949629736
            ],
            [
              82.72410762281744,
              27.410592808302106
            ],
            [
              82.72388489901749,
              27.41025004199093
            ],
            [
              82.72375830932597,
              27.410114757695528
            ],
            [
              82.72366728124159,
              27.410033535044054
            ],
            [
              82.72326757316097,
              27.4096863769353
            ],
            [
              82.72301951956496,
              27.40934818210393
            ],
            [
              82.72257918787054,
              27.40887923326629
            ],
            [
              82.7223057910037,
              27.408468787760206
            ],
            [
              82.72217918783747,
              27.408171041340122
            ],
            [
              82.72196646498156,
              27.40773804598888
            ],
            [
              82.72157141736064,
              27.406939621379642
            ],
            [
              82.72145482322327,
              27.40662837730404
            ],
            [
              82.72122695297504,
              27.40620887268573
            ],
            [
              82.72093838625804,
              27.405748789852954
            ],
            [
              82.72047769963758,
              27.405009107642496
            ],
            [
              82.72035621058026,
              27.404833208869718
            ],
            [
              82.71996654476622,
              27.4044635391755
            ],
            [
              82.71959216558334,
              27.404138906735657
            ],
            [
              82.7190964132258,
              27.403805335640467
            ],
            [
              82.71875240967597,
              27.403566371676995
            ],
            [
              82.7182363841391,
              27.403142544864124
            ],
            [
              82.7180440683115,
              27.402966761152953
            ],
            [
              82.71786186302242,
              27.402687058126528
            ],
            [
              82.71781120882018,
              27.402601368692157
            ],
            [
              82.71760884803106,
              27.402389459619993
            ],
            [
              82.71758840417182,
              27.40209612865531
            ],
            [
              82.71753755862845,
              27.40174423462696
            ],
            [
              82.71743615500252,
              27.401482622013006
            ],
            [
              82.71723376906058,
              27.401207492252084
            ],
            [
              82.71695560124131,
              27.401108351325732
            ],
            [
              82.71651566121237,
              27.401036527333694
            ],
            [
              82.71626792112838,
              27.401025394602776
            ],
            [
              82.71602026907927,
              27.40101426665594
            ],
            [
              82.7156561989626,
              27.401032568391482
            ],
            [
              82.71533786297539,
              27.401199679653626
            ],
            [
              82.71511056764894,
              27.401511147970517
            ],
            [
              82.71512604921452,
              27.401899212872202
            ],
            [
              82.7151415280852,
              27.402206045613834
            ],
            [
              82.71514683173862,
              27.402499361931397
            ],
            [
              82.71516722619053,
              27.402742980924028
            ],
            [
              82.71509673089861,
              27.40305441618121
            ],
            [
              82.71495542141282,
              27.40343350682947
            ],
            [
              82.71481415863946,
              27.403771979751582
            ],
            [
              82.71464246184256,
              27.404078997898598
            ],
            [
              82.71429899907852,
              27.404408542355934
            ],
            [
              82.71395045544324,
              27.404769782620214
            ],
            [
              82.71327847877978,
              27.405325232192105
            ],
            [
              82.71303596239916,
              27.405614169146958
            ],
            [
              82.71290969969439,
              27.405808296644224
            ],
            [
              82.71279881255404,
              27.406137700370888
            ],
            [
              82.71271308363156,
              27.40644011360876
            ],
            [
              82.71248074426477,
              27.40673806167286
            ],
            [
              82.71208666592602,
              27.407108258074604
            ],
            [
              82.71153578395952,
              27.407392931798782
            ],
            [
              82.71121742102282,
              27.407645767679554
            ],
            [
              82.71113160676036,
              27.407848939833166
            ],
            [
              82.71112674507808,
              27.40802940416466
            ],
            [
              82.71120770214978,
              27.40816924860693
            ],
            [
              82.71136462884674,
              27.408322583012115
            ],
            [
              82.7116680545969,
              27.408484796312703
            ],
            [
              82.71214354365655,
              27.40871912587935
            ],
            [
              82.71303842288474,
              27.40876825831613
            ],
            [
              82.71327624826294,
              27.40894400010263
            ],
            [
              82.7133824686554,
              27.409056761215332
            ],
            [
              82.71365559243436,
              27.409083676715603
            ],
            [
              82.71396903799321,
              27.40914215297193
            ],
            [
              82.71428777373073,
              27.40933598319442
            ],
            [
              82.71468737221689,
              27.409583922954567
            ],
            [
              82.71548625118557,
              27.409583325650328
            ],
            [
              82.71582004089065,
              27.4097636619467
            ],
            [
              82.71614399763662,
              27.41023720361466
            ],
            [
              82.71638204040711,
              27.410665724984813
            ],
            [
              82.71643318059793,
              27.411369640910888
            ],
            [
              82.71641825688613,
              27.411703549620885
            ],
            [
              82.71631237066696,
              27.412073573085838
            ],
            [
              82.71607005640726,
              27.412529471691002
            ],
            [
              82.7158579596771,
              27.412859053147034
            ],
            [
              82.71563574881515,
              27.41307798915265
            ],
            [
              82.71541344003685,
              27.413297017227663
            ],
            [
              82.71485752301318,
              27.413640320331766
            ],
            [
              82.71453903161739,
              27.413739797698376
            ],
            [
              82.71425077302248,
              27.41370386270021
            ],
            [
              82.71406365484714,
              27.413645330645217
            ],
            [
              82.71387130757851,
              27.413401821812172
            ],
            [
              82.71353725287044,
              27.41293267805991
            ],
            [
              82.71313753490834,
              27.412526871214002
            ],
            [
              82.71282889982787,
              27.41231945008103
            ],
            [
              82.71257096117043,
              27.4122474292284
            ],
            [
              82.71214625656873,
              27.412229638920646
            ],
            [
              82.71188840055632,
              27.412175719334407
            ],
            [
              82.71165065602649,
              27.41209461861313
            ],
            [
              82.71121582202161,
              27.412108428068567
            ],
            [
              82.71080131329839,
              27.41217187402918
            ],
            [
              82.710462562198,
              27.412253313609906
            ],
            [
              82.71000755113356,
              27.412262595126574
            ],
            [
              82.70960298765884,
              27.412195107740892
            ],
            [
              82.70925914131415,
              27.412073557136814
            ],
            [
              82.70907198630786,
              27.41196530630057
            ],
            [
              82.70889488524622,
              27.41180753832782
            ],
            [
              82.70858637233664,
              27.411672331697687
            ],
            [
              82.70840931529246,
              27.41164081870766
            ],
            [
              82.70807072858376,
              27.411835092715105
            ],
            [
              82.7075653588628,
              27.41217382778238
            ],
            [
              82.70718142070702,
              27.412562120790216
            ],
            [
              82.70683782858556,
              27.41295936933146
            ],
            [
              82.70630231589521,
              27.413510144605386
            ],
            [
              82.70599417309151,
              27.413961549304762
            ],
            [
              82.7058832886461,
              27.414349661390933
            ],
            [
              82.70585827236206,
              27.41474227361573
            ],
            [
              82.70588883035309,
              27.415076134652743
            ],
            [
              82.70602046588156,
              27.41536038913355
            ],
            [
              82.7061673206676,
              27.415658074712468
            ],
            [
              82.70636996532434,
              27.416208417884928
            ],
            [
              82.70649673557723,
              27.416591902632195
            ],
            [
              82.70661328030722,
              27.417002487011747
            ],
            [
              82.70661363334516,
              27.417444651380777
            ],
            [
              82.70658864670551,
              27.4178146556154
            ],
            [
              82.7064573552318,
              27.418058392348083
            ],
            [
              82.70626546790056,
              27.418419496282556
            ],
            [
              82.70594217770456,
              27.41887097262087
            ],
            [
              82.70557844176119,
              27.419381032775625
            ],
            [
              82.70535618778011,
              27.419651870352222
            ],
            [
              82.70486599240091,
              27.420089847369745
            ],
            [
              82.70453247308876,
              27.4204013653008
            ],
            [
              82.7041484720509,
              27.420812252879387
            ],
            [
              82.7040323288678,
              27.42096117214792
            ],
            [
              82.7036734384371,
              27.421146408144132
            ],
            [
              82.70313249093928,
              27.42133172835237
            ],
            [
              82.7026673747262,
              27.421480830318494
            ],
            [
              82.70245507767173,
              27.421535094616186
            ],
            [
              82.70230333964385,
              27.42150360118488
            ],
            [
              82.70210096358338,
              27.421377409684098
            ],
            [
              82.7017013291646,
              27.42107081597299
            ],
            [
              82.70152932963549,
              27.420944563376242
            ],
            [
              82.70152150980091,
              27.420592619337295
            ],
            [
              82.70151368996638,
              27.420240596829736
            ],
            [
              82.70150824797237,
              27.419766821346716
            ],
            [
              82.70146264320036,
              27.419527769903176
            ],
            [
              82.70151797223534,
              27.41919381865959
            ],
            [
              82.70178056955581,
              27.41863413362821
            ],
            [
              82.7021846883645,
              27.41811953277639
            ],
            [
              82.70243732786005,
              27.41784413664007
            ],
            [
              82.7031446756878,
              27.41702248698601
            ],
            [
              82.70339718223269,
              27.41668846596887
            ],
            [
              82.70379132075855,
              27.41631370134916
            ],
            [
              82.70421075674112,
              27.415884839059345
            ],
            [
              82.70442794242737,
              27.41562750461873
            ],
            [
              82.70458951431269,
              27.415221252340675
            ],
            [
              82.70461979741921,
              27.415135552690558
            ],
            [
              82.70472571418111,
              27.41484667492388
            ],
            [
              82.70491754402015,
              27.41437282367296
            ],
            [
              82.70515984121182,
              27.41388533579673
            ],
            [
              82.70540222194685,
              27.413411442942383
            ],
            [
              82.70547287713889,
              27.413158731100083
            ],
            [
              82.70567474026134,
              27.412644182889274
            ],
            [
              82.7059169305535,
              27.411994233062636
            ],
            [
              82.70600784994174,
              27.41183627932472
            ],
            [
              82.70629061713528,
              27.411416457952466
            ],
            [
              82.70668966944574,
              27.410807095618946
            ],
            [
              82.70683097084668,
              27.410459535627247
            ],
            [
              82.706795402053,
              27.410256518197194
            ],
            [
              82.70671435964132,
              27.410026438396336
            ],
            [
              82.70657768366581,
              27.40982349832225
            ],
            [
              82.70654722808271,
              27.409647500352314
            ],
            [
              82.70660274666223,
              27.40947149811464
            ],
            [
              82.70672900667203,
              27.409290974733167
            ],
            [
              82.70693101981311,
              27.408970491374525
            ],
            [
              82.70712293858537,
              27.408731228362477
            ],
            [
              82.70731493730767,
              27.408509972655587
            ],
            [
              82.70737549992752,
              27.408333974985787
            ],
            [
              82.70735001023131,
              27.40813997234494
            ],
            [
              82.70715769260708,
              27.407810721323603
            ],
            [
              82.70666698788312,
              27.40740939666834
            ],
            [
              82.70649500632031,
              27.407359873657192
            ],
            [
              82.70629784857333,
              27.407350941824596
            ],
            [
              82.70612839666633,
              27.407388871803676
            ],
            [
              82.70609557761574,
              27.4073962182335
            ],
            [
              82.70576208615135,
              27.407635517630627
            ],
            [
              82.70518621485026,
              27.408276579682497
            ],
            [
              82.70483272239606,
              27.408849872660138
            ],
            [
              82.70434260696693,
              27.409414202288545
            ],
            [
              82.70380194693003,
              27.4098882406811
            ],
            [
              82.7031803100585,
              27.410240530635466
            ],
            [
              82.70268500955353,
              27.41051154134416
            ],
            [
              82.70254868571762,
              27.410746262152927
            ],
            [
              82.70197768777692,
              27.411184240988927
            ],
            [
              82.7016038700411,
              27.411694377308393
            ],
            [
              82.70142703488081,
              27.41188402998528
            ],
            [
              82.70111376359515,
              27.4122315862932
            ],
            [
              82.70077516520836,
              27.412425844907744
            ],
            [
              82.70012815991316,
              27.41271496823883
            ],
            [
              82.69957212431187,
              27.41296338765477
            ],
            [
              82.69922334531798,
              27.41314412513011
            ],
            [
              82.69893027444812,
              27.413396960609255
            ],
            [
              82.6987585533967,
              27.413681260877798
            ],
            [
              82.6985818763399,
              27.414128105935475
            ],
            [
              82.69850127859428,
              27.414489138190902
            ],
            [
              82.69851151040537,
              27.414764356093105
            ],
            [
              82.69860272174607,
              27.41500345532539
            ],
            [
              82.69875459362292,
              27.415233522368876
            ],
            [
              82.69893173421045,
              27.415508642725317
            ],
            [
              82.69895215561179,
              27.415788463212206
            ],
            [
              82.69891687697398,
              27.416063723330232
            ],
            [
              82.69880576525479,
              27.41622164869584
            ],
            [
              82.69860878537422,
              27.41652861789647
            ],
            [
              82.69833592659825,
              27.41682659138413
            ],
            [
              82.69797203883958,
              27.41705233184342
            ],
            [
              82.69751707358922,
              27.417242137196805
            ],
            [
              82.69711255413196,
              27.41721073025686
            ],
            [
              82.69681919490286,
              27.41713873731299
            ],
            [
              82.69657644136703,
              27.417030502604057
            ],
            [
              82.69616689044582,
              27.416990081619396
            ],
            [
              82.69577241056017,
              27.41692266330739
            ],
            [
              82.69515051227889,
              27.41697711085802
            ],
            [
              82.69452358343199,
              27.4170947702646
            ],
            [
              82.6940382371587,
              27.417135581146628
            ],
            [
              82.69364379140902,
              27.417117683975103
            ],
            [
              82.69333031710408,
              27.417072767994604
            ],
            [
              82.69310274240159,
              27.41700966295286
            ],
            [
              82.69281433019478,
              27.416788718869487
            ],
            [
              82.69260693524683,
              27.416509054020953
            ],
            [
              82.69259651568784,
              27.416157113391062
            ],
            [
              82.69263180959703,
              27.41595408011635
            ],
            [
              82.69279855398176,
              27.4157058013932
            ],
            [
              82.69308655835341,
              27.41540785438687
            ],
            [
              82.69311686301954,
              27.415385284012746
            ],
            [
              82.69356673392393,
              27.415082738164774
            ],
            [
              82.69440060766284,
              27.414455149972433
            ],
            [
              82.69474419619102,
              27.414089448615613
            ],
            [
              82.69496143397954,
              27.41373288469972
            ],
            [
              82.69506741182688,
              27.413417000310936
            ],
            [
              82.6951076509617,
              27.41306051715875
            ],
            [
              82.69521865398474,
              27.412758144369107
            ],
            [
              82.69532452044098,
              27.4122978089019
            ],
            [
              82.69541527274255,
              27.4118961727918
            ],
            [
              82.6954959845742,
              27.411607364704718
            ],
            [
              82.69563234344444,
              27.41135914000875
            ],
            [
              82.69593543861457,
              27.41093026167395
            ],
            [
              82.69618808709326,
              27.410573642903742
            ],
            [
              82.69636480008269,
              27.41025323822722
            ],
            [
              82.69650118141084,
              27.409986909605774
            ],
            [
              82.69658682768834,
              27.409549155694506
            ],
            [
              82.69664212797723,
              27.409093448146695
            ],
            [
              82.69671782900623,
              27.40892647801159
            ],
            [
              82.69689466057326,
              27.40874133237182
            ],
            [
              82.69706653703321,
              27.408642002822383
            ],
            [
              82.6973244101136,
              27.408673435325248
            ],
            [
              82.69763297422716,
              27.408831175076916
            ],
            [
              82.69796165611152,
              27.408961924117516
            ],
            [
              82.69824988955362,
              27.40907902824785
            ],
            [
              82.69857353458414,
              27.409051811301705
            ],
            [
              82.69884143555811,
              27.408979507608382
            ],
            [
              82.69897789144638,
              27.40888013999427
            ],
            [
              82.69900810987423,
              27.408767334042746
            ],
            [
              82.69899263459683,
              27.408257425844514
            ],
            [
              82.6989419282923,
              27.407991260680692
            ],
            [
              82.69878496117111,
              27.407652938646066
            ],
            [
              82.69844095133307,
              27.407364311661226
            ],
            [
              82.69816277992051,
              27.40726973388863
            ],
            [
              82.69789485918366,
              27.407283409172063
            ],
            [
              82.69746511413487,
              27.407351307870265
            ],
            [
              82.69715170001707,
              27.40742815270852
            ],
            [
              82.69684834972543,
              27.40745088500262
            ],
            [
              82.69651973701134,
              27.407423969902087
            ],
            [
              82.69633263680228,
              27.407365415380443
            ],
            [
              82.69605953009129,
              27.407257238084952
            ],
            [
              82.69577631463838,
              27.407162649055888
            ],
            [
              82.69550834090094,
              27.407140209380078
            ],
            [
              82.69528079314789,
              27.407144827624894
            ],
            [
              82.69526885274115,
              27.407146611602354
            ],
            [
              82.69500789394773,
              27.407185599915834
            ],
            [
              82.69476520598887,
              27.407266929928955
            ],
            [
              82.69460348408492,
              27.40732114937282
            ],
            [
              82.6945074577743,
              27.407442978742367
            ],
            [
              82.69441652221641,
              27.407533297005983
            ],
            [
              82.69435591737576,
              27.407578439362947
            ],
            [
              82.69435604403822,
              27.407858241656882
            ],
            [
              82.69435636024521,
              27.4082959073674
            ],
            [
              82.69428567271379,
              27.40848548772517
            ],
            [
              82.69407858858294,
              27.40880144682219
            ],
            [
              82.69395730973137,
              27.40894135169281
            ],
            [
              82.69387149187565,
              27.409126411667895
            ],
            [
              82.69383125723239,
              27.40947839224068
            ],
            [
              82.69371018499336,
              27.409911604062625
            ],
            [
              82.69362432222185,
              27.410128274728773
            ],
            [
              82.69349298673067,
              27.410317878258894
            ],
            [
              82.69331626655475,
              27.410710505609696
            ],
            [
              82.69305864500261,
              27.411157348329173
            ],
            [
              82.69275040877413,
              27.41142366296487
            ],
            [
              82.69246746640907,
              27.41171711271204
            ],
            [
              82.6922300300014,
              27.412010521807208
            ],
            [
              82.69201780032056,
              27.412317467622252
            ],
            [
              82.69190174517237,
              27.412692057602296
            ],
            [
              82.69187666959952,
              27.412949224240744
            ],
            [
              82.69193756100276,
              27.413359850070464
            ],
            [
              82.6919479077982,
              27.413761413077
            ],
            [
              82.6918721941928,
              27.41400510771765
            ],
            [
              82.69177121187677,
              27.4141315229494
            ],
            [
              82.69158914402992,
              27.414149697315054
            ],
            [
              82.69147785624094,
              27.414064023149024
            ],
            [
              82.69127044242838,
              27.413946724145628
            ],
            [
              82.69101255856819,
              27.4137709257242
            ],
            [
              82.69065324503093,
              27.413310802609548
            ],
            [
              82.69029400605388,
              27.41287328276056
            ],
            [
              82.68996507443785,
              27.412413193387273
            ],
            [
              82.68953507786082,
              27.41199378329994
            ],
            [
              82.68921637356432,
              27.41172767817391
            ],
            [
              82.68795686636571,
              27.410839328953085
            ],
            [
              82.68764836693083,
              27.410640952648542
            ],
            [
              82.68741073558871,
              27.410564318979677
            ],
            [
              82.6869201727986,
              27.410456243701393
            ],
            [
              82.68681401259325,
              27.41038858296025
            ],
            [
              82.68675836555465,
              27.410280363966532
            ],
            [
              82.68656088800745,
              27.409923978351237
            ],
            [
              82.68628770134639,
              27.40951797065628
            ],
            [
              82.68594873734527,
              27.409175201010626
            ],
            [
              82.68563005460838,
              27.408904584963576
            ],
            [
              82.68528108068004,
              27.408719756682256
            ],
            [
              82.68509403257328,
              27.40869730137314
            ],
            [
              82.6848696873142,
              27.408704280877334
            ],
            [
              82.68480078743025,
              27.40870642369349
            ],
            [
              82.68466429111776,
              27.408756159824417
            ],
            [
              82.68449246406517,
              27.408954714159744
            ],
            [
              82.68418437875363,
              27.40946020035971
            ],
            [
              82.68393675275567,
              27.409812302679136
            ],
            [
              82.68375487355503,
              27.409983828994328
            ],
            [
              82.6836842138714,
              27.41014179335529
            ],
            [
              82.68358307884179,
              27.4102998173002
            ],
            [
              82.68355284604091,
              27.410412619294757
            ],
            [
              82.68356303922445,
              27.410552484644583
            ],
            [
              82.68364400617763,
              27.410665236141103
            ],
            [
              82.68367436923423,
              27.410741907220608
            ],
            [
              82.68375539727285,
              27.410953989273956
            ],
            [
              82.68378584027953,
              27.411116391696098
            ],
            [
              82.68382637406178,
              27.411278805841395
            ],
            [
              82.68381635065984,
              27.41158110931415
            ],
            [
              82.68367501242798,
              27.41191063698028
            ],
            [
              82.68347294179469,
              27.412226587079946
            ],
            [
              82.68325060696525,
              27.412529005981558
            ],
            [
              82.68311916457459,
              27.412637280188864
            ],
            [
              82.68282612873901,
              27.412984914668964
            ],
            [
              82.6824269201217,
              27.413409150298524
            ],
            [
              82.681992226254,
              27.413738789735504
            ],
            [
              82.68170405659234,
              27.41385624764989
            ],
            [
              82.68146649442049,
              27.413869839184535
            ],
            [
              82.68106696240967,
              27.4138203876488
            ],
            [
              82.68077371996158,
              27.41374827208199
            ],
            [
              82.68054113535474,
              27.413739355917194
            ],
            [
              82.68018720272607,
              27.413766590847114
            ],
            [
              82.6797523381785,
              27.413793820985667
            ],
            [
              82.67959562528056,
              27.41379390710904
            ],
            [
              82.67923663962839,
              27.41375791471285
            ],
            [
              82.67893817437525,
              27.413600059189402
            ],
            [
              82.67814424512379,
              27.41323944667286
            ],
            [
              82.67749691823172,
              27.412959873316453
            ],
            [
              82.67703669604032,
              27.412738964992336
            ],
            [
              82.67691532825553,
              27.412653266606306
            ],
            [
              82.67635392342375,
              27.412278964374007
            ],
            [
              82.67566600256232,
              27.411755828278707
            ],
            [
              82.67520576959114,
              27.411413068765505
            ],
            [
              82.6748516923337,
              27.411137886374433
            ],
            [
              82.67445724478739,
              27.410934969075818
            ],
            [
              82.67391108795927,
              27.410763749664557
            ],
            [
              82.673713895178,
              27.41070965790882
            ],
            [
              82.67338518993743,
              27.41054284013899
            ],
            [
              82.67337063363657,
              27.410532768192876
            ],
            [
              82.67309185586119,
              27.41033986034281
            ],
            [
              82.6727681452536,
              27.4100737153472
            ],
            [
              82.67243943911474,
              27.409843768342697
            ],
            [
              82.67219664066312,
              27.40965426527746
            ],
            [
              82.67176670786645,
              27.409239309759542
            ],
            [
              82.67128616129173,
              27.408797273637447
            ],
            [
              82.67114454997203,
              27.408625815658073
            ],
            [
              82.67095227816188,
              27.40832812867448
            ],
            [
              82.6707904457651,
              27.408052901118428
            ],
            [
              82.67073977269827,
              27.407867957372634
            ],
            [
              82.6705981362257,
              27.40771460080454
            ],
            [
              82.67028445440998,
              27.407299511202066
            ],
            [
              82.6701529662052,
              27.407110053217448
            ],
            [
              82.66992023337636,
              27.406812315098456
            ],
            [
              82.66958137088488,
              27.406437898176897
            ],
            [
              82.66920196203473,
              27.405923664779305
            ],
            [
              82.66883781556129,
              27.405458976798958
            ],
            [
              82.6685748077107,
              27.405233422393117
            ],
            [
              82.66820060010606,
              27.405075631250533
            ],
            [
              82.66780625317107,
              27.404958428772222
            ],
            [
              82.66767975420936,
              27.404935939203646
            ],
            [
              82.66714886874108,
              27.404827749162315
            ],
            [
              82.66690109991102,
              27.404733154066154
            ],
            [
              82.66654209629256,
              27.404534671098308
            ],
            [
              82.66595547575075,
              27.404259626293232
            ],
            [
              82.6656268405788,
              27.404065682692572
            ],
            [
              82.6653537877667,
              27.40388072270354
            ],
            [
              82.6651211411761,
              27.403731930341333
            ],
            [
              82.66474189671767,
              27.403637252163485
            ],
            [
              82.66418579733599,
              27.403592330702427
            ],
            [
              82.66382678742933,
              27.403592415238727
            ],
            [
              82.66358416774246,
              27.40362407567135
            ],
            [
              82.662962391632,
              27.40382275566471
            ],
            [
              82.66247197436897,
              27.403967300369075
            ],
            [
              82.6620826966271,
              27.404089186071733
            ],
            [
              82.6618097489179,
              27.40415700937428
            ],
            [
              82.66150136356907,
              27.40429691932766
            ],
            [
              82.66134472523132,
              27.404445847302725
            ],
            [
              82.66132456973128,
              27.404680506031127
            ],
            [
              82.66136005408332,
              27.404888038002362
            ],
            [
              82.66146626728924,
              27.405100167976595
            ],
            [
              82.66161296037852,
              27.40542500573998
            ],
            [
              82.66182540924828,
              27.405709222847214
            ],
            [
              82.66210354562652,
              27.405993342726585
            ],
            [
              82.66241716366189,
              27.406241486170504
            ],
            [
              82.66276096868405,
              27.40647597919525
            ],
            [
              82.66315544407813,
              27.406642905183855
            ],
            [
              82.66343861192033,
              27.40668793306604
            ],
            [
              82.66363072562699,
              27.406755538654043
            ],
            [
              82.66383304778853,
              27.406877279328473
            ],
            [
              82.66418191302071,
              27.407107364889345
            ],
            [
              82.66444492356624,
              27.407265204169928
            ],
            [
              82.66467746774886,
              27.407292246109307
            ],
            [
              82.66492527790146,
              27.407301202668695
            ],
            [
              82.66512235659671,
              27.40729208661221
            ],
            [
              82.66534483874985,
              27.407237884698805
            ],
            [
              82.66568356290077,
              27.40718364766943
            ],
            [
              82.66599707403661,
              27.407183500931932
            ],
            [
              82.66622457328063,
              27.407210534118985
            ],
            [
              82.6665582686626,
              27.407336759348944
            ],
            [
              82.66675046770922,
              27.40741796005832
            ],
            [
              82.66705388717114,
              27.407548738683097
            ],
            [
              82.66733194090442,
              27.407638872641705
            ],
            [
              82.66768083128943,
              27.407729003336836
            ],
            [
              82.66801972342529,
              27.40789134111839
            ],
            [
              82.66832819141914,
              27.408085253283076
            ],
            [
              82.66878840462736,
              27.408486751726024
            ],
            [
              82.66910709544915,
              27.40879351194947
            ],
            [
              82.66930436997714,
              27.409050591168292
            ],
            [
              82.66939035941107,
              27.40929871020239
            ],
            [
              82.66942109706514,
              27.410106448905974
            ],
            [
              82.66945162990332,
              27.410589270762014
            ],
            [
              82.66939604035694,
              27.410841986886943
            ],
            [
              82.66915361740111,
              27.4113248286549
            ],
            [
              82.66894636259032,
              27.411703883753958
            ],
            [
              82.66883523919306,
              27.411979224225593
            ],
            [
              82.66869382011281,
              27.412268032935508
            ],
            [
              82.6685220047383,
              27.412570403079357
            ],
            [
              82.66823394916267,
              27.412868305904798
            ],
            [
              82.66793577765864,
              27.413116575056545
            ],
            [
              82.66766786770155,
              27.41330616628127
            ],
            [
              82.66750096162006,
              27.413369356372723
            ],
            [
              82.66734419661987,
              27.413337823133247
            ],
            [
              82.66706614558153,
              27.41330181224732
            ],
            [
              82.66673750501968,
              27.41335156225844
            ],
            [
              82.66643421671175,
              27.413450963330742
            ],
            [
              82.6660954853743,
              27.41369017226265
            ],
            [
              82.66576193282448,
              27.41397459537936
            ],
            [
              82.66567609790079,
              27.41433101098966
            ],
            [
              82.66561036367985,
              27.414484471609597
            ],
            [
              82.66556500324958,
              27.414773309654464
            ],
            [
              82.6654538735641,
              27.415044051674098
            ],
            [
              82.6654235994407,
              27.41530130135175
            ],
            [
              82.66535794337321,
              27.415468268231933
            ],
            [
              82.6652568667341,
              27.415572062012945
            ],
            [
              82.66511024191679,
              27.41563527632584
            ],
            [
              82.66498381302368,
              27.41562629173477
            ],
            [
              82.66487260159153,
              27.41556761397204
            ],
            [
              82.66471573059009,
              27.41540973232727
            ],
            [
              82.66456901055136,
              27.41515262165475
            ],
            [
              82.66444257357342,
              27.41495857436955
            ],
            [
              82.66442734982432,
              27.414696855882
            ],
            [
              82.66443194111375,
              27.41352372422102
            ],
            [
              82.66442677759746,
              27.413090556067953
            ],
            [
              82.66438621596747,
              27.412833307621632
            ],
            [
              82.66433555188375,
              27.412648363105735
            ],
            [
              82.66422928477888,
              27.412463345712425
            ],
            [
              82.66399162199576,
              27.412224310360465
            ],
            [
              82.66375388644907,
              27.41209351892839
            ],
            [
              82.66357185183988,
              27.41202583606386
            ],
            [
              82.66315223080439,
              27.411989910077576
            ],
            [
              82.66288929841228,
              27.411967421142673
            ],
            [
              82.66257072886309,
              27.411904336310496
            ],
            [
              82.66209030086598,
              27.411778096362166
            ],
            [
              82.66168581823965,
              27.411678967311342
            ],
            [
              82.66142796312553,
              27.411575252010287
            ],
            [
              82.66126613611868,
              27.411430864786954
            ],
            [
              82.66111937385912,
              27.411268489940586
            ],
            [
              82.66090189442377,
              27.41097075903965
            ],
            [
              82.66064398720741,
              27.410650369071618
            ],
            [
              82.66050737680888,
              27.410515112380153
            ],
            [
              82.6602949656684,
              27.410451979668384
            ],
            [
              82.65992083082726,
              27.41037080511259
            ],
            [
              82.65960226666797,
              27.410307715381414
            ],
            [
              82.65942026709307,
              27.410285234876195
            ],
            [
              82.65927364676735,
              27.410163470842672
            ],
            [
              82.65906116465993,
              27.409897261624852
            ],
            [
              82.65886893776558,
              27.40964909130196
            ],
            [
              82.65874246665165,
              27.40942351833493
            ],
            [
              82.65863623278446,
              27.40910323632381
            ],
            [
              82.65851474462544,
              27.408670093105204
            ],
            [
              82.65846407066026,
              27.408372214048793
            ],
            [
              82.65845388915484,
              27.407997752171468
            ],
            [
              82.65850437357548,
              27.407731525773475
            ],
            [
              82.6586256084096,
              27.407456205020683
            ],
            [
              82.65877720719863,
              27.40718542606385
            ],
            [
              82.65894397224459,
              27.40689665670242
            ],
            [
              82.65903993657145,
              27.40658528091988
            ],
            [
              82.65920159559334,
              27.406269397627693
            ],
            [
              82.65940873811472,
              27.405845147343292
            ],
            [
              82.65957036839055,
              27.405299170696242
            ],
            [
              82.65980284430123,
              27.404807228603154
            ],
            [
              82.65997963724072,
              27.404428145059516
            ],
            [
              82.6601008514136,
              27.403976944651074
            ],
            [
              82.6602473351954,
              27.40355720427161
            ],
            [
              82.66035330855115,
              27.403105985154628
            ],
            [
              82.66040890438575,
              27.40292099325378
            ],
            [
              82.6604289655627,
              27.402496857718276
            ],
            [
              82.66041880921007,
              27.402226044279004
            ],
            [
              82.66037320713299,
              27.40203660231969
            ],
            [
              82.66030240192231,
              27.401833522360747
            ],
            [
              82.66019109437038,
              27.401594461620814
            ],
            [
              82.6600696502288,
              27.401382403872905
            ],
            [
              82.6599584001691,
              27.401170357681092
            ],
            [
              82.6598774511822,
              27.40106200364988
            ],
            [
              82.65970052978363,
              27.400904177840477
            ],
            [
              82.65946281310156,
              27.400714661837537
            ],
            [
              82.65921504966138,
              27.40062455572793
            ],
            [
              82.65901787215144,
              27.400574948327872
            ],
            [
              82.6588307602643,
              27.400538862301943
            ],
            [
              82.65871455509746,
              27.400520878700853
            ],
            [
              82.65856287366343,
              27.400538962791234
            ],
            [
              82.65842139080281,
              27.400674309851855
            ],
            [
              82.65828490257515,
              27.400841366625933
            ],
            [
              82.65799682903321,
              27.401211391373323
            ],
            [
              82.65799184607833,
              27.401297115381546
            ],
            [
              82.65795643898142,
              27.401414504376483
            ],
            [
              82.65778966405398,
              27.40171227936883
            ],
            [
              82.65762301129742,
              27.40205976479039
            ],
            [
              82.65747137837239,
              27.40235314928548
            ],
            [
              82.65725908311457,
              27.402596831604427
            ],
            [
              82.65696594127778,
              27.40291731590261
            ],
            [
              82.65654639570074,
              27.40321971004002
            ],
            [
              82.65621280991326,
              27.403404784382253
            ],
            [
              82.65607638007612,
              27.40359435000334
            ],
            [
              82.65602588307902,
              27.40386508033877
            ],
            [
              82.65601077341594,
              27.404153868787194
            ],
            [
              82.65596024587617,
              27.4043208557039
            ],
            [
              82.65572775469411,
              27.404388539300665
            ],
            [
              82.65552044688275,
              27.40442014367975
            ],
            [
              82.65523225386487,
              27.404429308621026
            ],
            [
              82.65505031178218,
              27.404438342770547
            ],
            [
              82.65489858273742,
              27.404420310358553
            ],
            [
              82.65469126234963,
              27.404339165664474
            ],
            [
              82.65449911091372,
              27.404176719786037
            ],
            [
              82.65438274315181,
              27.403951157180536
            ],
            [
              82.65433718060059,
              27.40380223491894
            ],
            [
              82.65431188134728,
              27.403364529080356
            ],
            [
              82.65428139432315,
              27.403071269289956
            ],
            [
              82.65424594590372,
              27.402908852651034
            ],
            [
              82.65408920605633,
              27.40269233132033
            ],
            [
              82.65395775019091,
              27.402620110395528
            ],
            [
              82.65350777777688,
              27.40265183969329
            ],
            [
              82.65310845327691,
              27.40274667263636
            ],
            [
              82.65278989181252,
              27.402814418606038
            ],
            [
              82.65225403686408,
              27.402855124705706
            ],
            [
              82.6516473326875,
              27.40302217339849
            ],
            [
              82.65121266756591,
              27.403130551028564
            ],
            [
              82.65100533819495,
              27.40329300163479
            ],
            [
              82.6508436755798,
              27.403399869306046
            ],
            [
              82.65075259988474,
              27.40346007438865
            ],
            [
              82.65066165714032,
              27.403595393149295
            ],
            [
              82.65068693932567,
              27.403681162361632
            ],
            [
              82.65075270768256,
              27.4038120108046
            ],
            [
              82.65093980340004,
              27.404154926282988
            ],
            [
              82.65107637876429,
              27.404479759647252
            ],
            [
              82.65119791633066,
              27.404926417820768
            ],
            [
              82.6512636586364,
              27.405251338237388
            ],
            [
              82.65130417714727,
              27.40569347387668
            ],
            [
              82.65125371698115,
              27.405995810175746
            ],
            [
              82.65116784522651,
              27.406234970651774
            ],
            [
              82.6509404061696,
              27.406474211156826
            ],
            [
              82.65083941127715,
              27.407060783673085
            ],
            [
              82.65075351706464,
              27.407372167685576
            ],
            [
              82.65064230024257,
              27.407620390971466
            ],
            [
              82.6506069775873,
              27.407800812612216
            ],
            [
              82.65060196768295,
              27.407958761752095
            ],
            [
              82.65063229660356,
              27.40804453714766
            ],
            [
              82.65167387161593,
              27.408148065962962
            ],
            [
              82.65179518011189,
              27.407958572749145
            ],
            [
              82.65212380899565,
              27.40779151237863
            ],
            [
              82.65254333660639,
              27.40763348963127
            ],
            [
              82.65305395159031,
              27.40749350814116
            ],
            [
              82.6534988988286,
              27.40746186396932
            ],
            [
              82.65379717363892,
              27.407403186655113
            ],
            [
              82.65399946435943,
              27.40735797723778
            ],
            [
              82.65422692497592,
              27.407285788071484
            ],
            [
              82.65455554667314,
              27.40724056584636
            ],
            [
              82.65487910995701,
              27.407204434945136
            ],
            [
              82.65520770829804,
              27.407172721309212
            ],
            [
              82.65536947332116,
              27.407163658673706
            ],
            [
              82.65557169217644,
              27.40710043791842
            ],
            [
              82.65570817681083,
              27.406942481171747
            ],
            [
              82.65564753424096,
              27.40682064566796
            ],
            [
              82.65549577824672,
              27.40663574372166
            ],
            [
              82.65535918401791,
              27.406374042202668
            ],
            [
              82.6551872114382,
              27.406211624835176
            ],
            [
              82.65494448036023,
              27.406062802913997
            ],
            [
              82.65465632507161,
              27.405805669691663
            ],
            [
              82.6544995025792,
              27.405634175967915
            ],
            [
              82.65430729904101,
              27.40538158669678
            ],
            [
              82.65420613706192,
              27.405174054854907
            ],
            [
              82.6541859007135,
              27.40496644765807
            ],
            [
              82.65420607328151,
              27.40479050894222
            ],
            [
              82.65423632315041,
              27.404682212690417
            ],
            [
              82.65435262443697,
              27.404646075370167
            ],
            [
              82.65449924296605,
              27.40464149609866
            ],
            [
              82.6546863054459,
              27.40470910612864
            ],
            [
              82.65490373008399,
              27.404722633393185
            ],
            [
              82.65519698510852,
              27.404704561949895
            ],
            [
              82.65552559512764,
              27.40472246671484
            ],
            [
              82.65575815458166,
              27.40473601391539
            ],
            [
              82.65595024493213,
              27.40475400879315
            ],
            [
              82.65612725885718,
              27.404735868769652
            ],
            [
              82.65633952267396,
              27.40463664009282
            ],
            [
              82.65652660132345,
              27.40457339635914
            ],
            [
              82.65675914101453,
              27.40453723029314
            ],
            [
              82.65699678313642,
              27.40452817780908
            ],
            [
              82.65722939109948,
              27.404573240048133
            ],
            [
              82.65737098175791,
              27.404681493341506
            ],
            [
              82.65752769465587,
              27.40485739634325
            ],
            [
              82.65758344769564,
              27.40513267811345
            ],
            [
              82.65757843060479,
              27.40542148079443
            ],
            [
              82.65752289226238,
              27.405692202666373
            ],
            [
              82.65748761901442,
              27.40597195789926
            ],
            [
              82.65743210492649,
              27.406472863396335
            ],
            [
              82.65741193325681,
              27.40671202363737
            ],
            [
              82.65744745713468,
              27.406892448356245
            ],
            [
              82.65753854899945,
              27.407154178952048
            ],
            [
              82.65758410256751,
              27.407370730617725
            ],
            [
              82.65759423825885,
              27.40765054779228
            ],
            [
              82.65753363611316,
              27.407808423778608
            ],
            [
              82.6572606776242,
              27.40811983598853
            ],
            [
              82.65691696872175,
              27.408440341751383
            ],
            [
              82.65672488735444,
              27.408656941137426
            ],
            [
              82.65658337574776,
              27.4088645110968
            ],
            [
              82.65638624315358,
              27.409085698308566
            ],
            [
              82.65604257467534,
              27.40925724808098
            ],
            [
              82.65572914169293,
              27.409388132984848
            ],
            [
              82.6554460070884,
              27.409564176823693
            ],
            [
              82.65523877473552,
              27.409726630731743
            ],
            [
              82.65500120268221,
              27.409871123852977
            ],
            [
              82.65464723412093,
              27.41004265964646
            ],
            [
              82.65354517464215,
              27.410313606245918
            ],
            [
              82.65227103298928,
              27.410480842232218
            ],
            [
              82.65104759404763,
              27.410738280369703
            ],
            [
              82.65056208877253,
              27.41058038783563
            ],
            [
              82.65033960841599,
              27.410390971362386
            ],
            [
              82.65032946733476,
              27.410183380346727
            ],
            [
              82.65053665028033,
              27.409520045671766
            ],
            [
              82.65067795527449,
              27.408608522392203
            ],
            [
              82.65031390761573,
              27.408536436119864
            ],
            [
              82.65005610011234,
              27.408473315834623
            ],
            [
              82.64869588727878,
              27.408117005733597
            ],
            [
              82.64774538706318,
              27.40792316619542
            ],
            [
              82.6470223492607,
              27.40783301731657
            ],
            [
              82.64643077271346,
              27.40775646623331
            ],
            [
              82.6455914623705,
              27.407743057367494
            ],
            [
              82.64485845416661,
              27.407991310124494
            ],
            [
              82.64397879958591,
              27.40831175884173
            ],
            [
              82.64351872831148,
              27.408564532011866
            ],
            [
              82.64309907942817,
              27.40849694268271
            ],
            [
              82.64203738664501,
              27.40803358136581
            ],
            [
              82.63464513579895,
              27.404806734151023
            ],
            [
              82.63377057017432,
              27.40532111310606
            ],
            [
              82.63406393299664,
              27.406954605381642
            ],
            [
              82.63370506143052,
              27.408412074370137
            ],
            [
              82.6331035567028,
              27.41005910976682
            ],
            [
              82.63167273718626,
              27.410848766093235
            ],
            [
              82.63084853740465,
              27.411002265043695
            ],
            [
              82.63051987797817,
              27.41067740061304
            ],
            [
              82.63011533696132,
              27.409919349058004
            ],
            [
              82.63001427379693,
              27.409030444610682
            ],
            [
              82.63005461174642,
              27.40682388267539
            ],
            [
              82.63024157092,
              27.40499189515581
            ],
            [
              82.6304588895569,
              27.40365174215596
            ],
            [
              82.63029708590624,
              27.40238387936618
            ],
            [
              82.63006949144082,
              27.402036375823037
            ],
            [
              82.62966506720495,
              27.401558119124036
            ],
            [
              82.62933136373815,
              27.401355087732693
            ],
            [
              82.62852250358833,
              27.401377653795098
            ],
            [
              82.62787533929134,
              27.40158525497305
            ],
            [
              82.62708159599114,
              27.401883047848422
            ],
            [
              82.6261564022154,
              27.40211318607605
            ],
            [
              82.62586825231666,
              27.402153816669337
            ],
            [
              82.62544361329195,
              27.402072572215808
            ],
            [
              82.624882401598,
              27.40207262325729
            ],
            [
              82.62453359026475,
              27.402176376986038
            ],
            [
              82.62404316581518,
              27.402356822667837
            ],
            [
              82.62345166292981,
              27.40242004135174
            ],
            [
              82.62286009177251,
              27.40230719690474
            ],
            [
              82.62278425240297,
              27.402654604691627
            ],
            [
              82.62286521486455,
              27.403002072795267
            ],
            [
              82.62326963460883,
              27.403525557377574
            ],
            [
              82.62347691636909,
              27.403931662853672
            ],
            [
              82.62361337405402,
              27.40433324975874
            ],
            [
              82.62404311101791,
              27.40502364131771
            ],
            [
              82.62460941526125,
              27.405587615663073
            ],
            [
              82.62515040318321,
              27.405831317965138
            ],
            [
              82.62571656818768,
              27.405993735891556
            ],
            [
              82.62623737455847,
              27.406133658672033
            ],
            [
              82.62677839032823,
              27.40641787634912
            ],
            [
              82.62714234456222,
              27.406742806735316
            ],
            [
              82.6271878990286,
              27.40698647299531
            ],
            [
              82.62698569544467,
              27.40724813797456
            ],
            [
              82.62657607984478,
              27.407428623224398
            ],
            [
              82.62605541361117,
              27.407532388671957
            ],
            [
              82.62558008355332,
              27.40767233980846
            ],
            [
              82.62519584176694,
              27.40793399837869
            ],
            [
              82.62494815198858,
              27.408340129920738
            ],
            [
              82.62481165477779,
              27.40864241591481
            ],
            [
              82.62474077860018,
              27.408926705291606
            ],
            [
              82.62435657544138,
              27.409007888883092
            ],
            [
              82.62404313706908,
              27.408967337367198
            ],
            [
              82.62374481734301,
              27.40872364437379
            ],
            [
              82.62347687055501,
              27.408376162360867
            ],
            [
              82.62315829202264,
              27.40780769966516
            ],
            [
              82.62293081343987,
              27.407302322338253
            ],
            [
              82.62288528502464,
              27.406733733697216
            ],
            [
              82.62270337258634,
              27.406147102822842
            ],
            [
              82.62243540334045,
              27.405501897375228
            ],
            [
              82.62196019006359,
              27.40495588234719
            ],
            [
              82.62134836728652,
              27.404612910338717
            ],
            [
              82.62020579289012,
              27.40437826183437
            ],
            [
              82.6197609157204,
              27.404635399973028
            ],
            [
              82.61912387274171,
              27.40491520493387
            ],
            [
              82.61848171655244,
              27.405330261225135
            ],
            [
              82.61757169083027,
              27.40593491265363
            ],
            [
              82.61712668340483,
              27.406354505238596
            ],
            [
              82.61666146119055,
              27.406891405241442
            ],
            [
              82.61660585637279,
              27.407356182896457
            ],
            [
              82.61660580157552,
              27.407843470704968
            ],
            [
              82.61662597504187,
              27.40830827784954
            ],
            [
              82.61677766276412,
              27.40870538936801
            ],
            [
              82.6170101683192,
              27.409260403674974
            ],
            [
              82.61705061586318,
              27.409729652337713
            ],
            [
              82.61691401534615,
              27.410176381796816
            ],
            [
              82.61666121056058,
              27.410550883340907
            ],
            [
              82.61633257898187,
              27.41084412407941
            ],
            [
              82.61598369488507,
              27.411173538312422
            ],
            [
              82.61577127116817,
              27.411484882823714
            ],
            [
              82.61575107704058,
              27.4117465491118
            ],
            [
              82.61584706472364,
              27.4120398289417
            ],
            [
              82.6160442682847,
              27.41233317737111
            ],
            [
              82.61626157165023,
              27.412820537328432
            ],
            [
              82.6164537320693,
              27.41326723834082
            ],
            [
              82.61676213628276,
              27.413510868681463
            ],
            [
              82.61765708198622,
              27.41347490011631
            ],
            [
              82.61800598764258,
              27.413650869660884
            ],
            [
              82.6179655176407,
              27.413962215164975
            ],
            [
              82.61761656167872,
              27.41427352869158
            ],
            [
              82.61684293704761,
              27.414652526624778
            ],
            [
              82.616301864684,
              27.415207494309744
            ],
            [
              82.61602877504099,
              27.415933982662995
            ],
            [
              82.61560393299702,
              27.416800266263895
            ],
            [
              82.6150223816484,
              27.417558325624636
            ],
            [
              82.61451674422948,
              27.418045618671886
            ],
            [
              82.61397567905237,
              27.41807708916706
            ],
            [
              82.61355101128161,
              27.417734118018508
            ],
            [
              82.61335390294197,
              27.417039216757175
            ],
            [
              82.61327812375956,
              27.416177367098406
            ],
            [
              82.61358656660053,
              27.415897700702004
            ],
            [
              82.6142085322555,
              27.415622491205486
            ],
            [
              82.61451703438533,
              27.415311119281156
            ],
            [
              82.61447663175711,
              27.414823862813467
            ],
            [
              82.61409237919095,
              27.41440864202815
            ],
            [
              82.61308624181824,
              27.41413336821664
            ],
            [
              82.61180698695473,
              27.414236958311033
            ],
            [
              82.61021926589403,
              27.414480528300402
            ],
            [
              82.60926867405026,
              27.414584177079295
            ],
            [
              82.60862145495605,
              27.41457052104047
            ],
            [
              82.60810572765985,
              27.414507368318045
            ],
            [
              82.60735247592108,
              27.414137186340746
            ],
            [
              82.60662941566066,
              27.413956618749406
            ],
            [
              82.60607825791138,
              27.414046854337034
            ],
            [
              82.60559784698226,
              27.414475446255803
            ],
            [
              82.60511736778118,
              27.41517924301365
            ],
            [
              82.60500828086464,
              27.41541533664348
            ],
            [
              82.60453573378751,
              27.41643805500187
            ],
            [
              82.60426256239784,
              27.416681745332436
            ],
            [
              82.60378231226717,
              27.41663655406544
            ],
            [
              82.60330195793192,
              27.416591270279405
            ],
            [
              82.60247780576104,
              27.416347479274286
            ],
            [
              82.60165366616654,
              27.41609917990501
            ],
            [
              82.60158303612735,
              27.415178708736487
            ],
            [
              82.60158325082469,
              27.41435299865454
            ],
            [
              82.601239586838,
              27.413707632992807
            ],
            [
              82.60038008955397,
              27.413247280748514
            ],
            [
              82.59938914898089,
              27.41291313667343
            ],
            [
              82.59901010394846,
              27.412114435264876
            ],
            [
              82.59859576590513,
              27.41116221680779
            ],
            [
              82.59883871796866,
              27.41027342363764
            ],
            [
              82.59911186869708,
              27.40951084765898
            ],
            [
              82.5993901595856,
              27.408558802941812
            ],
            [
              82.59911224958279,
              27.407945150350685
            ],
            [
              82.59832359074709,
              27.407791537898067
            ],
            [
              82.59757014766714,
              27.408066644888212
            ],
            [
              82.59688240107887,
              27.40862148137657
            ],
            [
              82.59660925124876,
              27.409140365039317
            ],
            [
              82.5960933254249,
              27.409938906125902
            ],
            [
              82.5956127752569,
              27.410705897083425
            ],
            [
              82.59519796469974,
              27.41168498569537
            ],
            [
              82.59516244261845,
              27.412203912387326
            ],
            [
              82.59524313199222,
              27.412880721329397
            ],
            [
              82.59517706359803,
              27.413950097306106
            ],
            [
              82.59514929307933,
              27.4140313226603
            ],
            [
              82.59512141655944,
              27.41411255114451
            ],
            [
              82.59495954643342,
              27.41454120421074
            ],
            [
              82.59490890031601,
              27.414676559639283
            ],
            [
              82.59463081693838,
              27.414757673616315
            ],
            [
              82.59447913191106,
              27.41481180724877
            ],
            [
              82.59431228062684,
              27.414879420624818
            ],
            [
              82.59418581130954,
              27.41503283901654
            ],
            [
              82.59414017958807,
              27.415276538826664
            ],
            [
              82.5941654249425,
              27.41559690501176
            ],
            [
              82.59422093274222,
              27.415921735040442
            ],
            [
              82.59433208758054,
              27.416368505646712
            ],
            [
              82.59436733208238,
              27.416684387974765
            ],
            [
              82.59440264036463,
              27.417018279025537
            ],
            [
              82.59437727373762,
              27.41727102031419
            ],
            [
              82.59428620343242,
              27.4174334110575
            ],
            [
              82.59409406457294,
              27.417573203725624
            ],
            [
              82.59389179271706,
              27.417685966396963
            ],
            [
              82.59367942559399,
              27.417753592367095
            ],
            [
              82.59351761385851,
              27.417776189369203
            ],
            [
              82.59337093693891,
              27.41770389377801
            ],
            [
              82.5932142330241,
              27.41760465521751
            ],
            [
              82.59304232332651,
              27.417442173023574
            ],
            [
              82.59279469732857,
              27.41724803805792
            ],
            [
              82.59257724933425,
              27.417239020106653
            ],
            [
              82.59250140277815,
              27.41726599421692
            ],
            [
              82.59190471122373,
              27.417261362839117
            ],
            [
              82.59141931105155,
              27.417310863071464
            ],
            [
              82.59112104971595,
              27.41724766885539
            ],
            [
              82.59085810564578,
              27.41704450202467
            ],
            [
              82.59070150144399,
              27.416575228612558
            ],
            [
              82.59054501042992,
              27.415731417863785
            ],
            [
              82.59024689012985,
              27.41528008578578
            ],
            [
              82.58982720082234,
              27.41514013312204
            ],
            [
              82.58898795785302,
              27.415121828141
            ],
            [
              82.58807768958572,
              27.41532466119628
            ],
            [
              82.58800540215479,
              27.415343860857234
            ],
            [
              82.58683877357005,
              27.41565370562014
            ],
            [
              82.58607018309777,
              27.415901713336428
            ],
            [
              82.58515981960909,
              27.416415846069345
            ],
            [
              82.58421403734533,
              27.417105874264468
            ],
            [
              82.58368794977899,
              27.417886338723957
            ],
            [
              82.58353094942017,
              27.41846393965172
            ],
            [
              82.58363697936977,
              27.418838483271955
            ],
            [
              82.58363676557073,
              27.419339273021652
            ],
            [
              82.58382885142962,
              27.41968226868938
            ],
            [
              82.58417747591328,
              27.420196830364233
            ],
            [
              82.58416220006185,
              27.420620955366847
            ],
            [
              82.58421245092056,
              27.421573001385468
            ],
            [
              82.5840704245792,
              27.422538670330624
            ],
            [
              82.58387818780334,
              27.42280479565969
            ],
            [
              82.58365072089866,
              27.422759633211438
            ],
            [
              82.58337267075868,
              27.42258803583343
            ],
            [
              82.58255363539163,
              27.42226742360264
            ],
            [
              82.58171433942168,
              27.421982883096234
            ],
            [
              82.58097623866848,
              27.421576588011526
            ],
            [
              82.58039972956355,
              27.42156285469372
            ],
            [
              82.57958058639869,
              27.421607664391146
            ],
            [
              82.57893332059207,
              27.421733830112608
            ],
            [
              82.57839205958224,
              27.422063078708824
            ],
            [
              82.5778636040568,
              27.4222761221924
            ],
            [
              82.57781054506454,
              27.422297511837524
            ],
            [
              82.57737573531419,
              27.42196793621727
            ],
            [
              82.57662255544061,
              27.421498372744942
            ],
            [
              82.57527779901986,
              27.420857160960043
            ],
            [
              82.57508572214415,
              27.42078494712439
            ],
            [
              82.57485332259024,
              27.420297508279678
            ],
            [
              82.57440855142171,
              27.419832643930082
            ],
            [
              82.57409517233822,
              27.419498597920693
            ],
            [
              82.57350399643963,
              27.418677113675916
            ],
            [
              82.57309971413761,
              27.418162610307984
            ],
            [
              82.57280662080986,
              27.417787983060002
            ],
            [
              82.57270561423928,
              27.417566802107547
            ],
            [
              82.5727258919102,
              27.417395377673593
            ],
            [
              82.57290803611384,
              27.417223980085637
            ],
            [
              82.57340358635044,
              27.417021102673097
            ],
            [
              82.5737575890477,
              27.41689036636009
            ],
            [
              82.57440991955589,
              27.41679133678933
            ],
            [
              82.5750117279142,
              27.416588467353733
            ],
            [
              82.57550728264235,
              27.41642629067148
            ],
            [
              82.57610913591638,
              27.416245929366855
            ],
            [
              82.57601814915455,
              27.416142109904154
            ],
            [
              82.57569461012517,
              27.41606082868764
            ],
            [
              82.574991711653,
              27.416078635124272
            ],
            [
              82.57394503061657,
              27.41617297809108
            ],
            [
              82.57314108425136,
              27.416249391768257
            ],
            [
              82.5729843767433,
              27.415983082386532
            ],
            [
              82.57285834131234,
              27.41537390074043
            ],
            [
              82.57235349890244,
              27.413672646937123
            ],
            [
              82.572319195835,
              27.413615708947905
            ],
            [
              82.5722120627542,
              27.413437881309438
            ],
            [
              82.57193397219,
              27.413343079869957
            ],
            [
              82.57167098859395,
              27.413564034832472
            ],
            [
              82.57107899163519,
              27.41423618639358
            ],
            [
              82.57048220665597,
              27.414578812748218
            ],
            [
              82.5696627921999,
              27.415187672630825
            ],
            [
              82.56908590220927,
              27.416121450302647
            ],
            [
              82.56869645558415,
              27.41643266763565
            ],
            [
              82.5685396483631,
              27.41651387362117
            ],
            [
              82.5683980891457,
              27.416419051696323
            ],
            [
              82.56837802976537,
              27.416238543654433
            ],
            [
              82.56821127460087,
              27.415958701979868
            ],
            [
              82.56804448799535,
              27.415778099887042
            ],
            [
              82.56785758541565,
              27.41548480207159
            ],
            [
              82.5677667720286,
              27.415096675632785
            ],
            [
              82.56778208740589,
              27.41472216876504
            ],
            [
              82.56789852972798,
              27.414469513349214
            ],
            [
              82.56803522816139,
              27.414185286878517
            ],
            [
              82.56810110790937,
              27.41380628096279
            ],
            [
              82.56832887664798,
              27.413458916210097
            ],
            [
              82.56902198438185,
              27.412619914983168
            ],
            [
              82.56908778867138,
              27.412443982073917
            ],
            [
              82.56920434777442,
              27.41192512429298
            ],
            [
              82.56917951115345,
              27.41107234808712
            ],
            [
              82.56925558318665,
              27.41064814973689
            ],
            [
              82.56942278840712,
              27.409831575070157
            ],
            [
              82.56953424058781,
              27.40946606894026
            ],
            [
              82.57004020858673,
              27.408726311130764
            ],
            [
              82.57033098336275,
              27.408439848112973
            ],
            [
              82.57062186234333,
              27.408153473670186
            ],
            [
              82.57119350617269,
              27.407630234305437
            ],
            [
              82.57140146166937,
              27.406294740353836
            ],
            [
              82.57120969740737,
              27.405405715832877
            ],
            [
              82.5711543629825,
              27.404990545782233
            ],
            [
              82.57084109888335,
              27.404584351686562
            ],
            [
              82.57037106259745,
              27.404164538648313
            ],
            [
              82.56968877237624,
              27.40377170221778
            ],
            [
              82.56902656758645,
              27.403505159393593
            ],
            [
              82.56820780620559,
              27.40309422897479
            ],
            [
              82.56785403976521,
              27.402710557811265
            ],
            [
              82.56743975472246,
              27.402277240398764
            ],
            [
              82.56712134058183,
              27.40200629004483
            ],
            [
              82.56670207258419,
              27.401378980882004
            ],
            [
              82.56614136933668,
              27.400485286331186
            ],
            [
              82.56558079275163,
              27.399329883900993
            ],
            [
              82.56537378677419,
              27.39884696978329
            ],
            [
              82.56544486058114,
              27.39827849077084
            ],
            [
              82.56532382427473,
              27.397795648625173
            ],
            [
              82.56497010903834,
              27.39735775390555
            ],
            [
              82.56434335715954,
              27.397136374138523
            ],
            [
              82.56376735739936,
              27.39662177524805
            ],
            [
              82.56306504642538,
              27.395935552733093
            ],
            [
              82.56236755581125,
              27.395723216145896
            ],
            [
              82.56215965960335,
              27.395663946385966
            ],
            [
              82.56132127542342,
              27.39542492095492
            ],
            [
              82.56079557503095,
              27.395271264780572
            ],
            [
              82.5602344172359,
              27.395302603782394
            ],
            [
              82.5595720947668,
              27.395360942172424
            ],
            [
              82.55885442529643,
              27.39498608767065
            ],
            [
              82.55827828360245,
              27.394832414137326
            ],
            [
              82.5577727153538,
              27.394782532164673
            ],
            [
              82.55769172234947,
              27.394806130834088
            ],
            [
              82.55764591276156,
              27.39481947826096
            ],
            [
              82.55723173282172,
              27.3949401577497
            ],
            [
              82.5568625944102,
              27.395048318388188
            ],
            [
              82.55663526943938,
              27.39484515620139
            ],
            [
              82.55625110041653,
              27.39470508832763
            ],
            [
              82.5562345606355,
              27.394701634822077
            ],
            [
              82.55579619355665,
              27.39461008897007
            ],
            [
              82.55539160762405,
              27.39481291501195
            ],
            [
              82.55509845231256,
              27.394875917082075
            ],
            [
              82.5548151739776,
              27.395065292353653
            ],
            [
              82.55443092230975,
              27.395164410784815
            ],
            [
              82.55441595188555,
              27.39489367030475
            ],
            [
              82.55433018703043,
              27.394609374341055
            ],
            [
              82.55408780360047,
              27.39409025895203
            ],
            [
              82.55387569788714,
              27.393814896242375
            ],
            [
              82.55373436324857,
              27.393440344366727
            ],
            [
              82.55347199859173,
              27.392722792689142
            ],
            [
              82.5531944110841,
              27.391960002294653
            ],
            [
              82.55310860760142,
              27.391775037203963
            ],
            [
              82.55300293607961,
              27.391057523373025
            ],
            [
              82.55293274441824,
              27.390150508260856
            ],
            [
              82.55289791044646,
              27.38930669434452
            ],
            [
              82.55289819072085,
              27.38890963117833
            ],
            [
              82.55265574620545,
              27.388503353265925
            ],
            [
              82.5522566714371,
              27.388160255234855
            ],
            [
              82.55211530356085,
              27.387925555854444
            ],
            [
              82.55204480287904,
              27.387469724058995
            ],
            [
              82.55197460942104,
              27.386567207694032
            ],
            [
              82.55167700475393,
              27.38562858030938
            ],
            [
              82.55100079343224,
              27.38391352627354
            ],
            [
              82.55049076594652,
              27.38308298808864
            ],
            [
              82.55025756240046,
              27.382923956076066
            ],
            [
              82.5501927543426,
              27.382879761642762
            ],
            [
              82.54933861640754,
              27.382613107827265
            ],
            [
              82.54818626115431,
              27.38242744111186
            ],
            [
              82.5470489975979,
              27.382300516602825
            ],
            [
              82.54594715371479,
              27.38220958505745
            ],
            [
              82.54495153022415,
              27.38200602118871
            ],
            [
              82.54436018544229,
              27.381829659063584
            ],
            [
              82.54413048712246,
              27.38165527567767
            ],
            [
              82.5439914602558,
              27.381549728670862
            ],
            [
              82.54367823388594,
              27.381224613360434
            ],
            [
              82.543451293394,
              27.380534125033087
            ],
            [
              82.5432650600592,
              27.379469074681683
            ],
            [
              82.54315964186229,
              27.37848083037691
            ],
            [
              82.54310949700482,
              27.37797090532941
            ],
            [
              82.54314394290438,
              27.377295579355483
            ],
            [
              82.54314539727682,
              27.37726708224964
            ],
            [
              82.54319663179074,
              27.376364618250744
            ],
            [
              82.54289883488416,
              27.37573269961495
            ],
            [
              82.54272719378284,
              27.37543479562987
            ],
            [
              82.54213138257737,
              27.374653848739335
            ],
            [
              82.54179806538615,
              27.374265552608463
            ],
            [
              82.5416770048252,
              27.373954151139415
            ],
            [
              82.542081448824,
              27.373828085634017
            ],
            [
              82.54252644187639,
              27.373625280937866
            ],
            [
              82.54290061444674,
              27.37342242162441
            ],
            [
              82.5431787436385,
              27.373142816175566
            ],
            [
              82.54339138295107,
              27.372673681061325
            ],
            [
              82.54340696961958,
              27.372141284067986
            ],
            [
              82.54314973164809,
              27.371392097672924
            ],
            [
              82.5428874586194,
              27.370719538827494
            ],
            [
              82.54269604559865,
              27.369753803253374
            ],
            [
              82.54257022217007,
              27.36901821130722
            ],
            [
              82.54255751639872,
              27.369016705931134
            ],
            [
              82.54176669711472,
              27.368922996829102
            ],
            [
              82.54114004674558,
              27.36889109271693
            ],
            [
              82.54092775867427,
              27.36890893706645
            ],
            [
              82.54035152804705,
              27.368922163965333
            ],
            [
              82.54000276342622,
              27.369016729863976
            ],
            [
              82.53986113683516,
              27.369093349251536
            ],
            [
              82.53939610057213,
              27.369250984322306
            ],
            [
              82.53921912886788,
              27.369264398653858
            ],
            [
              82.53911296686593,
              27.36935910067692
            ],
            [
              82.53895620456066,
              27.36935895867581
            ],
            [
              82.53879964527461,
              27.369282174335865
            ],
            [
              82.53861281276352,
              27.369092573030088
            ],
            [
              82.53839563336548,
              27.368857789319794
            ],
            [
              82.53820364811791,
              27.368749411606835
            ],
            [
              82.53797620995931,
              27.368735702040368
            ],
            [
              82.53775892456008,
              27.368658881368653
            ],
            [
              82.53747127232802,
              27.368216450062626
            ],
            [
              82.53712294698333,
              27.36763871662024
            ],
            [
              82.53629981889186,
              27.366749196230142
            ],
            [
              82.53562804075608,
              27.366234365014794
            ],
            [
              82.5343609284203,
              27.36452796399208
            ],
            [
              82.53293184085557,
              27.363092108323972
            ],
            [
              82.53254804104034,
              27.362667658089745
            ],
            [
              82.53213382606621,
              27.362455323062584
            ],
            [
              82.53177494461863,
              27.362527335659706
            ],
            [
              82.53155237443058,
              27.362698610616157
            ],
            [
              82.53139086812227,
              27.362513464165332
            ],
            [
              82.53085530422798,
              27.36234166795275
            ],
            [
              82.53053690715531,
              27.36232343161776
            ],
            [
              82.5302082594069,
              27.36248115132339
            ],
            [
              82.5299806415853,
              27.362729144285286
            ],
            [
              82.52975321600313,
              27.362715422006104
            ],
            [
              82.52950587117783,
              27.362417426337725
            ],
            [
              82.5290057566013,
              27.362078730315474
            ],
            [
              82.52854597368605,
              27.362010653033494
            ],
            [
              82.52791922540055,
              27.362105050115947
            ],
            [
              82.5271154371388,
              27.362352617889982
            ],
            [
              82.52649350741648,
              27.36264101132193
            ],
            [
              82.52646333659933,
              27.362687812296517
            ],
            [
              82.52622021834748,
              27.36306496701957
            ],
            [
              82.52589097681268,
              27.3639265861015
            ],
            [
              82.52517177661309,
              27.365640679870474
            ],
            [
              82.52476655557156,
              27.366578951888968
            ],
            [
              82.52442249991942,
              27.367093078661508
            ],
            [
              82.52398733533454,
              27.367575580965873
            ],
            [
              82.52342629342216,
              27.36760678980028
            ],
            [
              82.52277944533216,
              27.36751154698376
            ],
            [
              82.52204685125167,
              27.367307952085213
            ],
            [
              82.52149107526347,
              27.367072949987783
            ],
            [
              82.52120846617342,
              27.366653106232604
            ],
            [
              82.52110258714075,
              27.366418358034586
            ],
            [
              82.52108794639825,
              27.365795653661674
            ],
            [
              82.52132143021869,
              27.364812167338986
            ],
            [
              82.52136726855271,
              27.364351880363156
            ],
            [
              82.52175249309597,
              27.3631339363959
            ],
            [
              82.52196547017513,
              27.36241661895489
            ],
            [
              82.52212811734383,
              27.36143756719277
            ],
            [
              82.5220020199291,
              27.36110803271515
            ],
            [
              82.52182539856781,
              27.360886819745772
            ],
            [
              82.52152732677678,
              27.36077827865378
            ],
            [
              82.52114304007465,
              27.360917938716582
            ],
            [
              82.52079424491107,
              27.361025969865246
            ],
            [
              82.52035980616492,
              27.360840577282055
            ],
            [
              82.5200262374454,
              27.360840391389882
            ],
            [
              82.51953592079369,
              27.360948290176122
            ],
            [
              82.51913171574674,
              27.360884811632424
            ],
            [
              82.51878301310967,
              27.360884497291277
            ],
            [
              82.51871195277741,
              27.36119586133456
            ],
            [
              82.5186711324326,
              27.361624457870455
            ],
            [
              82.517750942273,
              27.36197574316576
            ],
            [
              82.51677495864939,
              27.36254799729803
            ],
            [
              82.51602120295574,
              27.36329644335935
            ],
            [
              82.51495900172614,
              27.36421612505762
            ],
            [
              82.51389160014935,
              27.365185412838002
            ],
            [
              82.51350730805734,
              27.3654649131374
            ],
            [
              82.51318889212004,
              27.36541503068586
            ],
            [
              82.5127341873811,
              27.365261183637173
            ],
            [
              82.51173875163835,
              27.365057406692383
            ],
            [
              82.5105562372461,
              27.364948123754687
            ],
            [
              82.50979193982259,
              27.364992367632997
            ],
            [
              82.50978797286231,
              27.36499259739668
            ],
            [
              82.50917633603648,
              27.36511847511446
            ],
            [
              82.50875670511951,
              27.36522640962075
            ],
            [
              82.5080653464055,
              27.365608262633526
            ],
            [
              82.50799816859193,
              27.36564536526694
            ],
            [
              82.50727013885135,
              27.365942626263223
            ],
            [
              82.5063955902947,
              27.366113284834395
            ],
            [
              82.50564742302045,
              27.366252527309655
            ],
            [
              82.50503062357669,
              27.36648662566881
            ],
            [
              82.50468177541252,
              27.366567605873524
            ],
            [
              82.50445944237971,
              27.366535847873838
            ],
            [
              82.50428771324347,
              27.36640928009226
            ],
            [
              82.50349971556781,
              27.366016078186174
            ],
            [
              82.50325715696637,
              27.36600228212056
            ],
            [
              82.50255437078361,
              27.366249866708376
            ],
            [
              82.5020333119862,
              27.366687078831372
            ],
            [
              82.50175022139916,
              27.3667365027851
            ],
            [
              82.5015233716371,
              27.36617220504467
            ],
            [
              82.50152364741989,
              27.3659375986301
            ],
            [
              82.5013164456097,
              27.365905873158834
            ],
            [
              82.50096765763267,
              27.3660002597399
            ],
            [
              82.50063424791496,
              27.365905196637996
            ],
            [
              82.4999019035661,
              27.3654217751814
            ],
            [
              82.49944742610093,
              27.365092003652517
            ],
            [
              82.4983467670957,
              27.36413886485448
            ],
            [
              82.49807908081912,
              27.363922009930622
            ],
            [
              82.49723866914157,
              27.362587156908123
            ],
            [
              82.49659121558707,
              27.36209585135037
            ],
            [
              82.49577200415025,
              27.36163629664424
            ],
            [
              82.49412305841136,
              27.36028406737054
            ],
            [
              82.49309627326181,
              27.359517823698216
            ],
            [
              82.49224151998077,
              27.3588056472161
            ],
            [
              82.49087052466889,
              27.357416920259354
            ],
            [
              82.49054434728754,
              27.356872213275537
            ],
            [
              82.48925559633315,
              27.354719976908704
            ],
            [
              82.48864213143575,
              27.35274861468752
            ],
            [
              82.48826134367165,
              27.35095295636134
            ],
            [
              82.48799517105631,
              27.34760955286951
            ],
            [
              82.48800927460628,
              27.34658976709036
            ],
            [
              82.48780098583461,
              27.34550704630933
            ],
            [
              82.48755225670548,
              27.344356590673232
            ],
            [
              82.48732396963898,
              27.343490409086023
            ],
            [
              82.48715068462067,
              27.34203312125934
            ],
            [
              82.4870535902132,
              27.34096821437825
            ],
            [
              82.48705328837923,
              27.34066138336974
            ],
            [
              82.48718942895886,
              27.340322901700116
            ],
            [
              82.4874367073088,
              27.340015843079172
            ],
            [
              82.48881990803048,
              27.33872422933807
            ],
            [
              82.49035443624996,
              27.337333170259768
            ],
            [
              82.49050564696678,
              27.336940504313922
            ],
            [
              82.49060081269137,
              27.336159731202876
            ],
            [
              82.49050418630614,
              27.33547847480308
            ],
            [
              82.49021602742424,
              27.334686106698896
            ],
            [
              82.4902111001649,
              27.33467640769869
            ],
            [
              82.49019249156379,
              27.334682341692996
            ],
            [
              82.4888401821081,
              27.33511362476184
            ],
            [
              82.48728106430437,
              27.335681678940578
            ],
            [
              82.48590760581195,
              27.33633519571929
            ],
            [
              82.48427169822111,
              27.33660108321154
            ],
            [
              82.48314843041679,
              27.33648606812069
            ],
            [
              82.48255747999535,
              27.3367211526785
            ],
            [
              82.4818958716869,
              27.336978942016636
            ],
            [
              82.48132498873058,
              27.33707862238963
            ],
            [
              82.4805266918702,
              27.337146861826053
            ],
            [
              82.47976878236668,
              27.337165482948013
            ],
            [
              82.47910189286267,
              27.337166039147778
            ],
            [
              82.47851577627576,
              27.337166423779443
            ],
            [
              82.47773769779748,
              27.337185076817754
            ],
            [
              82.47711099532606,
              27.337068192638363
            ],
            [
              82.47658036767423,
              27.33692866369852
            ],
            [
              82.47585761912923,
              27.336694554730062
            ],
            [
              82.47517526872088,
              27.33647396092611
            ],
            [
              82.47399745341588,
              27.33589722936456
            ],
            [
              82.47337063326516,
              27.3355592326939
            ],
            [
              82.47154077581119,
              27.33455877313859
            ],
            [
              82.47093409409247,
              27.334234328219203
            ],
            [
              82.47038321931248,
              27.333963958988665
            ],
            [
              82.46975642161962,
              27.333657560265785
            ],
            [
              82.46909432193273,
              27.333387274218378
            ],
            [
              82.46848777675794,
              27.33318457900132
            ],
            [
              82.46784103736408,
              27.33306769698742
            ],
            [
              82.46713353592439,
              27.333000558702725
            ],
            [
              82.46635553020967,
              27.333100299312964
            ],
            [
              82.46574925273282,
              27.333136791178596
            ],
            [
              82.46512282334925,
              27.33316881811153
            ],
            [
              82.46440036316345,
              27.333273009920703
            ],
            [
              82.46348598959531,
              27.333476684941672
            ],
            [
              82.46281919531273,
              27.333612439618456
            ],
            [
              82.46223326108384,
              27.333815850670764
            ],
            [
              82.46158669236986,
              27.33409151587793
            ],
            [
              82.46133167233883,
              27.33419997937812
            ],
            [
              82.46107654720487,
              27.334308444368222
            ],
            [
              82.46040990833085,
              27.334615661645575
            ],
            [
              82.45993518373746,
              27.334886710784865
            ],
            [
              82.45928872102472,
              27.33534735003756
            ],
            [
              82.45879898198972,
              27.335803336627205
            ],
            [
              82.45828392842996,
              27.336227830757416
            ],
            [
              82.4579761629187,
              27.336855211635974
            ],
            [
              82.45770872008556,
              27.337360755966113
            ],
            [
              82.45759800542176,
              27.33795648792415
            ],
            [
              82.45755812740967,
              27.33860174974561
            ],
            [
              82.45759895494102,
              27.339143199857666
            ],
            [
              82.45763475370339,
              27.33980648814041
            ],
            [
              82.45767567016794,
              27.34038405079079
            ],
            [
              82.45775186616869,
              27.3410292490041
            ],
            [
              82.45788370381806,
              27.341588670065025
            ],
            [
              82.45809134041284,
              27.342287967355745
            ],
            [
              82.45818791289916,
              27.34296473412799
            ],
            [
              82.45833983777662,
              27.343456481237236
            ],
            [
              82.45847171225698,
              27.344070117350146
            ],
            [
              82.45862876920968,
              27.344629510291917
            ],
            [
              82.45878168942048,
              27.346362175235786
            ],
            [
              82.4588936446577,
              27.347530789774215
            ],
            [
              82.45925839030748,
              27.34868572062964
            ],
            [
              82.45965341187727,
              27.349772912895922
            ],
            [
              82.45980551372284,
              27.350467738191032
            ],
            [
              82.45990201524222,
              27.351076864089652
            ],
            [
              82.45992265673084,
              27.35172209338799
            ],
            [
              82.45997871519785,
              27.35233120600554
            ],
            [
              82.45988321529998,
              27.35296299014916
            ],
            [
              82.45979313763317,
              27.35417232768406
            ],
            [
              82.45954642432355,
              27.35541341800029
            ],
            [
              82.45942310270301,
              27.356006854003123
            ],
            [
              82.45929977928589,
              27.356600289219493
            ],
            [
              82.45912832144084,
              27.357074186193056
            ],
            [
              82.45887108257104,
              27.357845865718755
            ],
            [
              82.45865930833608,
              27.358405573651982
            ],
            [
              82.4584525116661,
              27.358983214860864
            ],
            [
              82.45826088933786,
              27.359578998095966
            ],
            [
              82.45807433620286,
              27.360102566137282
            ],
            [
              82.45691865987803,
              27.36242705429787
            ],
            [
              82.4565198330447,
              27.362901084299438
            ],
            [
              82.4560045737708,
              27.36325783368646
            ],
            [
              82.45537811384445,
              27.363565035310607
            ],
            [
              82.45464025473808,
              27.36366472925859
            ],
            [
              82.45369006174631,
              27.363579525766628
            ],
            [
              82.4534045888271,
              27.363554833830566
            ],
            [
              82.4531190152966,
              27.363530236029582
            ],
            [
              82.45224959342528,
              27.363327616701252
            ],
            [
              82.45137492539268,
              27.362940096988407
            ],
            [
              82.45021732577487,
              27.36246240760498
            ],
            [
              82.44891808159966,
              27.361871951724694
            ],
            [
              82.44834677104525,
              27.361597052927255
            ],
            [
              82.44778044973397,
              27.36112349603345
            ],
            [
              82.44734051599323,
              27.360649906796905
            ],
            [
              82.44678924685284,
              27.360171977758586
            ],
            [
              82.44591449707355,
              27.359391772068008
            ],
            [
              82.44542398099583,
              27.35896784698372
            ],
            [
              82.44477192267715,
              27.35862526771096
            ],
            [
              82.44414511959442,
              27.358454039908487
            ],
            [
              82.44357393660077,
              27.358300970653506
            ],
            [
              82.44289158619245,
              27.358183988277194
            ],
            [
              82.44218921592967,
              27.35823391308087
            ],
            [
              82.44152723212544,
              27.358301955984405
            ],
            [
              82.44072875470367,
              27.358437717743907
            ],
            [
              82.44048118260463,
              27.358514508807986
            ],
            [
              82.4402336114039,
              27.35859129981884
            ],
            [
              82.43970317419492,
              27.35898416109183
            ],
            [
              82.4392284927207,
              27.359593485084527
            ],
            [
              82.43888518356857,
              27.36006743865924
            ],
            [
              82.43775897378173,
              27.361620171211214
            ],
            [
              82.43671880822605,
              27.363163842871217
            ],
            [
              82.43554205922128,
              27.364761715767482
            ],
            [
              82.43514308865753,
              27.36522218373295
            ],
            [
              82.43293573756159,
              27.367587507655937
            ],
            [
              82.43149608041927,
              27.36908169795133
            ],
            [
              82.4305664408812,
              27.369912283003913
            ],
            [
              82.43001078167399,
              27.370431476767415
            ],
            [
              82.42747945676412,
              27.37217417404612
            ],
            [
              82.42704482937177,
              27.37230968904522
            ],
            [
              82.42605922119824,
              27.37224232405366
            ],
            [
              82.4245174184216,
              27.3718187832303
            ],
            [
              82.42305646042726,
              27.371210112071953
            ],
            [
              82.42119605216881,
              27.370141303101956
            ],
            [
              82.4201142622761,
              27.36954608488072
            ],
            [
              82.41820835255186,
              27.36829222516914
            ],
            [
              82.41575649440865,
              27.36671818739624
            ],
            [
              82.41442688358357,
              27.365734898344947
            ],
            [
              82.413567461758,
              27.365058307397405
            ],
            [
              82.41307215137158,
              27.364787633640713
            ],
            [
              82.41256160016805,
              27.36454861887466
            ],
            [
              82.41219769623973,
              27.364512647145602
            ],
            [
              82.41187430992396,
              27.364684187886745
            ],
            [
              82.41047137321551,
              27.36650111334908
            ],
            [
              82.41046989009698,
              27.36650303360479
            ],
            [
              82.40957600530383,
              27.367442442320087
            ],
            [
              82.41138067220061,
              27.369805831308472
            ],
            [
              82.41203825336163,
              27.37159252121014
            ],
            [
              82.41252897605189,
              27.372706912311845
            ],
            [
              82.41403120804026,
              27.375977841381747
            ],
            [
              82.41573557084902,
              27.378851719666905
            ],
            [
              82.41623004759886,
              27.37853457495266
            ],
            [
              82.41655929362523,
              27.37832351716145
            ],
            [
              82.41777221958311,
              27.37764636900139
            ],
            [
              82.41885366003113,
              27.37723540868586
            ],
            [
              82.41997077976565,
              27.37729372709168
            ],
            [
              82.42075419962663,
              27.377234759356178
            ],
            [
              82.42141141068176,
              27.377469198237
            ],
            [
              82.4227258274021,
              27.37802830280567
            ],
            [
              82.42389906758734,
              27.379331944359496
            ],
            [
              82.42481976529508,
              27.381150084301915
            ],
            [
              82.42510827092669,
              27.38209386034542
            ],
            [
              82.42629297990314,
              27.38596863761693
            ],
            [
              82.42734604526632,
              27.389541999372927
            ],
            [
              82.42767565960197,
              27.391770926386542
            ],
            [
              82.427772510566,
              27.393535163677623
            ],
            [
              82.42800093597306,
              27.395502377048835
            ],
            [
              82.42843158562532,
              27.397316147731587
            ],
            [
              82.42832114943926,
              27.39903991524208
            ],
            [
              82.42791683210291,
              27.399401003974457
            ],
            [
              82.42779562691321,
              27.399644715930677
            ],
            [
              82.4275936595862,
              27.40019528800423
            ],
            [
              82.42753841319623,
              27.400800021758705
            ],
            [
              82.42765488067111,
              27.401377490301815
            ],
            [
              82.42775108574645,
              27.401657278787585
            ],
            [
              82.42754410132858,
              27.40214011363535
            ],
            [
              82.42738267586866,
              27.402988510229363
            ],
            [
              82.42617474364548,
              27.403801166254606
            ],
            [
              82.42558366296828,
              27.404857209727556
            ],
            [
              82.42476495638465,
              27.40558852481058
            ],
            [
              82.4239412767276,
              27.406441663135038
            ],
            [
              82.4237141314198,
              27.407348672979516
            ],
            [
              82.42355755865903,
              27.4077774296448
            ],
            [
              82.4227691791994,
              27.40859886734974
            ],
            [
              82.4210658719111,
              27.409948620063762
            ],
            [
              82.4202118759098,
              27.41105892766183
            ],
            [
              82.42004534173086,
              27.41182156392886
            ],
            [
              82.42030865321202,
              27.41281862664872
            ],
            [
              82.42044052499737,
              27.41383387711575
            ],
            [
              82.41942446932562,
              27.414330562831374
            ],
            [
              82.41880273543602,
              27.414831585933864
            ],
            [
              82.41791795057671,
              27.415125205252725
            ],
            [
              82.42017507822084,
              27.420119523945786
            ],
            [
              82.41627688396116,
              27.421136022197505
            ],
            [
              82.4188733349325,
              27.42739819276958
            ],
            [
              82.41733127523767,
              27.427895011236593
            ],
            [
              82.41437822723451,
              27.428455382079875
            ],
            [
              82.41450996337431,
              27.42927205666395
            ],
            [
              82.41244693561194,
              27.42981859733176
            ],
            [
              82.41044466809873,
              27.430726112076513
            ],
            [
              82.41073838036571,
              27.43198944378292
            ],
            [
              82.4106073350304,
              27.433162687839413
            ],
            [
              82.41022823520072,
              27.433821583101462
            ],
            [
              82.40832209640608,
              27.43517121413158
            ],
            [
              82.40642102410963,
              27.43675541127052
            ],
            [
              82.4055007261522,
              27.437134666895318
            ],
            [
              82.40426672661609,
              27.43740793165562
            ],
            [
              82.40425672207878,
              27.43741014806079
            ],
            [
              82.40417573715928,
              27.437337965781037
            ],
            [
              82.40391786138395,
              27.43722979392473
            ],
            [
              82.40362953182212,
              27.43725237498189
            ],
            [
              82.40339186185246,
              27.43736073895774
            ],
            [
              82.40313408938339,
              27.43761348072147
            ],
            [
              82.40278007231305,
              27.43799255560762
            ],
            [
              82.40256282015149,
              27.438619840207455
            ],
            [
              82.40225441144645,
              27.439084590373906
            ],
            [
              82.40204216918922,
              27.43955394032483
            ],
            [
              82.40152139425943,
              27.440104519966113
            ],
            [
              82.40111683797123,
              27.440528738303577
            ],
            [
              82.40062131737905,
              27.440822117881332
            ],
            [
              82.40031282063913,
              27.44094855104281
            ],
            [
              82.39955429489133,
              27.44156687064016
            ],
            [
              82.39941279855597,
              27.44192331995938
            ],
            [
              82.39927132917009,
              27.442685889753406
            ],
            [
              82.39941308871181,
              27.443195797628178
            ],
            [
              82.39953204901161,
              27.443482317972958
            ],
            [
              82.39965090690349,
              27.44376883996534
            ],
            [
              82.39988873587495,
              27.444256061969053
            ],
            [
              82.40026822377685,
              27.444923794280438
            ],
            [
              82.40040992672469,
              27.445284759319385
            ],
            [
              82.40062241781527,
              27.445857816316934
            ],
            [
              82.40062253818952,
              27.446322554332372
            ],
            [
              82.40059738266663,
              27.446660970744325
            ],
            [
              82.40048115773685,
              27.447337794873338
            ],
            [
              82.40024369168475,
              27.448186167916482
            ],
            [
              82.40000600464711,
              27.448650935184997
            ],
            [
              82.39998090122648,
              27.4494992941429
            ],
            [
              82.40010244058948,
              27.44988280036129
            ],
            [
              82.400102530421,
              27.450410751692395
            ],
            [
              82.40003183121152,
              27.450726612342716
            ],
            [
              82.39986495567275,
              27.451065067059336
            ],
            [
              82.39962731804246,
              27.451597547806024
            ],
            [
              82.39934416906489,
              27.45207136363637
            ],
            [
              82.39929369183076,
              27.452432399351117
            ],
            [
              82.39920271764531,
              27.452770801800867
            ],
            [
              82.39903588702232,
              27.453068643182085
            ],
            [
              82.39884368977233,
              27.453235569679812
            ],
            [
              82.39851503393912,
              27.453510875924277
            ],
            [
              82.3982266900043,
              27.453637272223293
            ],
            [
              82.39782722087551,
              27.453872029687513
            ],
            [
              82.39773117300535,
              27.454106683022843
            ],
            [
              82.39773118198849,
              27.45429614167509
            ],
            [
              82.39773118019185,
              27.454571418169067
            ],
            [
              82.3979437467409,
              27.454932317359603
            ],
            [
              82.39813599070331,
              27.455248225642972
            ],
            [
              82.3983484826922,
              27.455437674362603
            ],
            [
              82.39853561524058,
              27.45552340569812
            ],
            [
              82.39877334899064,
              27.45554589134024
            ],
            [
              82.39906167136591,
              27.455563838877833
            ],
            [
              82.39927414089694,
              27.455649553375387
            ],
            [
              82.3993905904055,
              27.455798470279124
            ],
            [
              82.39944111974195,
              27.455947375821903
            ],
            [
              82.39955753601285,
              27.4561594148761
            ],
            [
              82.39982061033876,
              27.456430143074595
            ],
            [
              82.40010395784398,
              27.45670534010852
            ],
            [
              82.400503664128,
              27.457043636979694
            ],
            [
              82.40076669443644,
              27.457381987017385
            ],
            [
              82.40076679504774,
              27.457576038641022
            ],
            [
              82.40072126663253,
              27.457743034839417
            ],
            [
              82.4005544234331,
              27.45793254782516
            ],
            [
              82.40020042073583,
              27.45820787263386
            ],
            [
              82.3998210424284,
              27.458465115777223
            ],
            [
              82.39932042569362,
              27.458889308144318
            ],
            [
              82.39922426014414,
              27.458907398617963
            ],
            [
              82.39891584604922,
              27.45916466324549
            ],
            [
              82.39883484585837,
              27.459313545908923
            ],
            [
              82.39875396604178,
              27.459458016374768
            ],
            [
              82.39860734212277,
              27.45969260919967
            ],
            [
              82.3983544259461,
              27.459679176351692
            ],
            [
              82.39797003503939,
              27.459760445375725
            ],
            [
              82.39739341364505,
              27.45990490569073
            ],
            [
              82.39706461408137,
              27.460130592321086
            ],
            [
              82.39672071204116,
              27.460455555132555
            ],
            [
              82.39657407734238,
              27.460554805381925
            ],
            [
              82.39637683515375,
              27.460636080137313
            ],
            [
              82.39597726361708,
              27.460699290960395
            ],
            [
              82.39561307043121,
              27.46066778638651
            ],
            [
              82.39536011383035,
              27.46055502538175
            ],
            [
              82.39474293439926,
              27.460555102700532
            ],
            [
              82.39457097798926,
              27.460676972165945
            ],
            [
              82.39441424532838,
              27.46069496669432
            ],
            [
              82.39411071806857,
              27.460663458133723
            ],
            [
              82.3938121863401,
              27.46053714401885
            ],
            [
              82.39345811806582,
              27.460307111620573
            ],
            [
              82.39310394558696,
              27.45996875222569
            ],
            [
              82.39251700434663,
              27.45881369878025
            ],
            [
              82.39219316977153,
              27.458299293231658
            ],
            [
              82.39185414378666,
              27.457284090617623
            ],
            [
              82.39166172105956,
              27.456016197964992
            ],
            [
              82.39162628880982,
              27.455637174646203
            ],
            [
              82.39149476018088,
              27.455149806816554
            ],
            [
              82.39129738504157,
              27.45477984961061
            ],
            [
              82.39097366814579,
              27.45453621229775
            ],
            [
              82.39070050933249,
              27.45437835928397
            ],
            [
              82.38988607423802,
              27.454039972927017
            ],
            [
              82.38916275885609,
              27.45384602030441
            ],
            [
              82.38851022443033,
              27.453593475156822
            ],
            [
              82.3880398153436,
              27.4534129673192
            ],
            [
              82.38780204116938,
              27.453214513660566
            ],
            [
              82.38764522137191,
              27.452961821984523
            ],
            [
              82.38751369094634,
              27.452560266846554
            ],
            [
              82.38753891923275,
              27.452158640096304
            ],
            [
              82.38764509291282,
              27.451355461127662
            ],
            [
              82.38771590620836,
              27.451206553370493
            ],
            [
              82.3877664319515,
              27.45086812539471
            ],
            [
              82.38768035538098,
              27.45059286277516
            ],
            [
              82.38742246702921,
              27.450403349930678
            ],
            [
              82.38723021857527,
              27.45028607518795
            ],
            [
              82.3864967809767,
              27.45021400496461
            ],
            [
              82.38611241073124,
              27.450268141140604
            ],
            [
              82.38583420608101,
              27.449604824073866
            ],
            [
              82.38573808275237,
              27.449185273862067
            ],
            [
              82.38580876669049,
              27.44840008731411
            ],
            [
              82.38578343958937,
              27.447809026964965
            ],
            [
              82.38564174113309,
              27.44742994913305
            ],
            [
              82.38514604896268,
              27.44710960038441
            ],
            [
              82.38385132241504,
              27.447308223669733
            ],
            [
              82.38242002140149,
              27.447560995262783
            ],
            [
              82.38179795693185,
              27.447642320251894
            ],
            [
              82.38004794802856,
              27.448066547074774
            ],
            [
              82.37877335542137,
              27.448432051384604
            ],
            [
              82.37751908540088,
              27.448892335842757
            ],
            [
              82.37690197873327,
              27.448152327985664
            ],
            [
              82.37573361909497,
              27.447610897247497
            ],
            [
              82.37559205179272,
              27.446419664853796
            ],
            [
              82.3746715427312,
              27.445056931287557
            ],
            [
              82.37419616057105,
              27.44382504729749
            ],
            [
              82.37423158473595,
              27.443224983279517
            ],
            [
              82.37433268203634,
              27.442083387975348
            ],
            [
              82.37463113111981,
              27.439885941298268
            ],
            [
              82.37356396400334,
              27.439506888063953
            ],
            [
              82.37007446187543,
              27.43938039505105
            ],
            [
              82.36946748730593,
              27.439533850356074
            ],
            [
              82.36599806342296,
              27.44064361414579
            ],
            [
              82.36254366386311,
              27.441613505067345
            ],
            [
              82.35908931460888,
              27.44258331730721
            ],
            [
              82.35862142888976,
              27.44271939971347
            ],
            [
              82.35696508013464,
              27.44320124029155
            ],
            [
              82.35625704868892,
              27.443074808116883
            ],
            [
              82.35569070222482,
              27.442551258266015
            ],
            [
              82.35461369675933,
              27.441414012902843
            ],
            [
              82.35375390033626,
              27.441508696167695
            ],
            [
              82.35205444143061,
              27.442058844318325
            ],
            [
              82.35120476991915,
              27.44191887935795
            ],
            [
              82.35061810356325,
              27.44205863624014
            ],
            [
              82.35015773943803,
              27.442487224662266
            ],
            [
              82.34969743999152,
              27.443073757371554
            ],
            [
              82.34835191820613,
              27.443894703723185
            ],
            [
              82.34632873162492,
              27.44453955332648
            ],
            [
              82.3442397290761,
              27.445378397308392
            ],
            [
              82.34262621289203,
              27.44582021365084
            ],
            [
              82.34183239592996,
              27.44480925134692
            ],
            [
              82.34167666309399,
              27.444609328086234
            ],
            [
              82.34110438685067,
              27.443875038666505
            ],
            [
              82.34049268534613,
              27.443008561713217
            ],
            [
              82.34010338694303,
              27.442692560175935
            ],
            [
              82.33955721035198,
              27.442629260106067
            ],
            [
              82.33879348156204,
              27.442674199173258
            ],
            [
              82.33801470599111,
              27.442502517153017
            ],
            [
              82.33723577680823,
              27.442610613684362
            ],
            [
              82.33665413922134,
              27.442628498751105
            ],
            [
              82.33573872989568,
              27.44266886809611
            ],
            [
              82.3350660220036,
              27.442984506962627
            ],
            [
              82.33432242805243,
              27.4432099507846
            ],
            [
              82.33370544175911,
              27.443160080292657
            ],
            [
              82.33290633192337,
              27.443241072893965
            ],
            [
              82.33209205762735,
              27.4433040003085
            ],
            [
              82.33113616302848,
              27.443177348217134
            ],
            [
              82.3302866289592,
              27.443032674656166
            ],
            [
              82.32956328303457,
              27.44314524231221
            ],
            [
              82.32888048706181,
              27.443311970171074
            ],
            [
              82.32810157225201,
              27.44343812065371
            ],
            [
              82.32732264217084,
              27.443519063622997
            ],
            [
              82.32642233442343,
              27.443613458081042
            ],
            [
              82.32555244093656,
              27.443676343827644
            ],
            [
              82.32495030918479,
              27.444167954931654
            ],
            [
              82.32436837156058,
              27.444894207282655
            ],
            [
              82.32389273966876,
              27.445376877028046
            ],
            [
              82.32265357481977,
              27.44552079734094
            ],
            [
              82.32157622440123,
              27.4455654872983
            ],
            [
              82.32051413635934,
              27.445628230029072
            ],
            [
              82.31964417999042,
              27.44577230706397
            ],
            [
              82.31904199344139,
              27.446245885637317
            ],
            [
              82.31840454083095,
              27.44675094283438
            ],
            [
              82.31772158405978,
              27.447016946810727
            ],
            [
              82.31681604901573,
              27.447332338064502
            ],
            [
              82.31600170375279,
              27.447426789049526
            ],
            [
              82.31542007604736,
              27.447412990388983
            ],
            [
              82.31471201405894,
              27.447507438913327
            ],
            [
              82.31368516782396,
              27.447678497711507
            ],
            [
              82.3131716575699,
              27.44782935299039
            ],
            [
              82.31265825241873,
              27.44798029814566
            ],
            [
              82.31208152502316,
              27.448277890187935
            ],
            [
              82.31096335875137,
              27.448972244050687
            ],
            [
              82.31009848594861,
              27.448845512370664
            ],
            [
              82.3094258292605,
              27.448827141231416
            ],
            [
              82.30866206274135,
              27.448984672156197
            ],
            [
              82.30783248025455,
              27.449097129307944
            ],
            [
              82.30706873619324,
              27.44906519412877
            ],
            [
              82.30604210555397,
              27.44890671466889
            ],
            [
              82.30507127826012,
              27.448477559671915
            ],
            [
              82.30411535581342,
              27.448445475239183
            ],
            [
              82.30322004898721,
              27.448652585361675
            ],
            [
              82.30309835870723,
              27.449031622321492
            ],
            [
              82.30352230513085,
              27.45055690868266
            ],
            [
              82.30399839785838,
              27.451510208723136
            ],
            [
              82.30450732221294,
              27.45252927491178
            ],
            [
              82.30440042628739,
              27.453558056931058
            ],
            [
              82.30482428826936,
              27.45517815390275
            ],
            [
              82.30551051580649,
              27.457827147025117
            ],
            [
              82.30613158224783,
              27.45960073381157
            ],
            [
              82.30672776086423,
              27.460702026606587
            ],
            [
              82.3079453832144,
              27.463067043877473
            ],
            [
              82.30868821898747,
              27.464249610005613
            ],
            [
              82.30886462115978,
              27.465391293906315
            ],
            [
              82.30949623831418,
              27.466618937371734
            ],
            [
              82.31045163794131,
              27.467679674742467
            ],
            [
              82.31110828665109,
              27.469354024173413
            ],
            [
              82.31104238444523,
              27.46969696002691
            ],
            [
              82.31075916899232,
              27.469498235196536
            ],
            [
              82.31040517797314,
              27.46937175107498
            ],
            [
              82.30998541141055,
              27.46911888282319
            ],
            [
              82.30937339369906,
              27.46903742223566
            ],
            [
              82.30883208867178,
              27.469037156821525
            ],
            [
              82.30857392902881,
              27.469226523662787
            ],
            [
              82.30831574602963,
              27.469582834966292
            ],
            [
              82.3082447503761,
              27.469957358912264
            ],
            [
              82.3082648160446,
              27.47016939732242
            ],
            [
              82.30852772328385,
              27.470440272041856
            ],
            [
              82.30890188237947,
              27.470733776887002
            ],
            [
              82.3093467658374,
              27.471176192225453
            ],
            [
              82.30979677418405,
              27.471555412384706
            ],
            [
              82.31035803887862,
              27.472142208925792
            ],
            [
              82.3107320883798,
              27.47262525594348
            ],
            [
              82.31082797994308,
              27.4730449313586
            ],
            [
              82.3108984087597,
              27.473631554190533
            ],
            [
              82.31078194038648,
              27.473947298105344
            ],
            [
              82.31064010179301,
              27.474177412820765
            ],
            [
              82.31033135711806,
              27.474366788363046
            ],
            [
              82.31014421378984,
              27.474452398179498
            ],
            [
              82.30967363042994,
              27.47459654434972
            ],
            [
              82.3090614339537,
              27.47464141699065
            ],
            [
              82.30826220464208,
              27.47446952411981
            ],
            [
              82.30779705339468,
              27.474135450644223
            ],
            [
              82.30727627038009,
              27.473526004217874
            ],
            [
              82.3067857812518,
              27.47316932867833
            ],
            [
              82.30657367913176,
              27.47268639004839
            ],
            [
              82.30640708296906,
              27.47211779788725
            ],
            [
              82.30621999533642,
              27.471869517998474
            ],
            [
              82.3060077153499,
              27.47165734577199
            ],
            [
              82.30563355984759,
              27.471363834619403
            ],
            [
              82.30509248029743,
              27.470943943981148
            ],
            [
              82.30473867163626,
              27.470501565967687
            ],
            [
              82.3046934342752,
              27.469978151104286
            ],
            [
              82.30471900841299,
              27.469535932606288
            ],
            [
              82.30504807028471,
              27.4691570952496
            ],
            [
              82.30561013627653,
              27.468318126077776
            ],
            [
              82.3058481655723,
              27.467817404766222
            ],
            [
              82.30613176460584,
              27.467352767697403
            ],
            [
              82.30615238273822,
              27.466820304850337
            ],
            [
              82.30606160977541,
              27.46629681830375
            ],
            [
              82.30579902772627,
              27.46552059782904
            ],
            [
              82.30573369774723,
              27.464952085069324
            ],
            [
              82.30582498544474,
              27.46453242666029
            ],
            [
              82.30608316934222,
              27.464198720004056
            ],
            [
              82.30629594699533,
              27.463652792021144
            ],
            [
              82.3064631450293,
              27.46321070835773
            ],
            [
              82.30653447665276,
              27.46241656436878
            ],
            [
              82.30655517832847,
              27.4616811348939
            ],
            [
              82.30632259641656,
              27.461405767744452
            ],
            [
              82.30603954715203,
              27.46115291310141
            ],
            [
              82.30545298859398,
              27.46077815438434
            ],
            [
              82.30502816271971,
              27.460651586923074
            ],
            [
              82.30439586464237,
              27.460714376868676
            ],
            [
              82.30392530374036,
              27.46081799020429
            ],
            [
              82.30331314140008,
              27.46102969467632
            ],
            [
              82.30284259756606,
              27.46115131332884
            ],
            [
              82.30232647590947,
              27.461489418009783
            ],
            [
              82.30187614596596,
              27.461719340333733
            ],
            [
              82.30128936642237,
              27.46175958711309
            ],
            [
              82.30103119240636,
              27.46193093626474
            ],
            [
              82.30074782244323,
              27.46213839170779
            ],
            [
              82.3003986113597,
              27.46232769627229
            ],
            [
              82.30001919711965,
              27.462476369015903
            ],
            [
              82.29954856794568,
              27.46270630283194
            ],
            [
              82.29927018003913,
              27.46301741511229
            ],
            [
              82.29908274655509,
              27.463418898691497
            ],
            [
              82.29881950244763,
              27.46375266828636
            ],
            [
              82.29879893102759,
              27.46413169319877
            ],
            [
              82.2988440641841,
              27.46476344100043
            ],
            [
              82.29891465200248,
              27.46509740419707
            ],
            [
              82.29903074667658,
              27.46536822761687
            ],
            [
              82.29928869072387,
              27.465431453262017
            ],
            [
              82.29957189809191,
              27.465580585711145
            ],
            [
              82.29971349324195,
              27.465747581740768
            ],
            [
              82.29975888421494,
              27.465937109661105
            ],
            [
              82.29982953222046,
              27.466167249073507
            ],
            [
              82.29990024131142,
              27.46631625777998
            ],
            [
              82.29999626402875,
              27.466356848804573
            ],
            [
              82.3001126039429,
              27.46648332602437
            ],
            [
              82.3002996053373,
              27.46663229524781
            ],
            [
              82.30034501876816,
              27.46683992277466
            ],
            [
              82.30015241727631,
              27.46735871768752
            ],
            [
              82.29980317475172,
              27.46766535017249
            ],
            [
              82.29961084634768,
              27.467805139787053
            ],
            [
              82.29935780261025,
              27.46793129812009
            ],
            [
              82.29896312689186,
              27.468080004752302
            ],
            [
              82.29865460140583,
              27.468106913033832
            ],
            [
              82.2983713122911,
              27.46813381971473
            ],
            [
              82.29807279763062,
              27.468133661102566
            ],
            [
              82.29789060042636,
              27.468196676335477
            ],
            [
              82.29746569639866,
              27.468173914307496
            ],
            [
              82.29700041220062,
              27.467993155359437
            ],
            [
              82.29652495278538,
              27.467920683838987
            ],
            [
              82.29615056372103,
              27.468024252939998
            ],
            [
              82.29610474874323,
              27.468403275119687
            ],
            [
              82.29614999239251,
              27.468782350991773
            ],
            [
              82.296503784884,
              27.469242757732804
            ],
            [
              82.29683240478462,
              27.469599430040834
            ],
            [
              82.2969940287722,
              27.469937948771403
            ],
            [
              82.29703927421815,
              27.470294422760063
            ],
            [
              82.29701881957911,
              27.4706914507516
            ],
            [
              82.2968312872804,
              27.471133540277048
            ],
            [
              82.29659325798464,
              27.471467394108526
            ],
            [
              82.29623907023439,
              27.47167926861511
            ],
            [
              82.2957028002643,
              27.47167888604535
            ],
            [
              82.29534879756702,
              27.471489246851515
            ],
            [
              82.29497479208334,
              27.470965553735184
            ],
            [
              82.2946667777387,
              27.470293067808473
            ],
            [
              82.29438383896692,
              27.469701803606426
            ],
            [
              82.29403518214392,
              27.469200709988126
            ],
            [
              82.29362064467459,
              27.468803474177562
            ],
            [
              82.29334755323494,
              27.468717581007844
            ],
            [
              82.29312000907515,
              27.46864967860993
            ],
            [
              82.29296817672414,
              27.468694788799873
            ],
            [
              82.29269491729957,
              27.46875774074568
            ],
            [
              82.2924671620357,
              27.469005810053343
            ],
            [
              82.29237086533217,
              27.469204287892754
            ],
            [
              82.29237065243147,
              27.469429851869513
            ],
            [
              82.29237046019199,
              27.469718629006007
            ],
            [
              82.29239569566495,
              27.469876660111336
            ],
            [
              82.29242092844295,
              27.469944285182876
            ],
            [
              82.29254218842989,
              27.470120402207066
            ],
            [
              82.29269370726888,
              27.470391174230144
            ],
            [
              82.29284535097368,
              27.47063493112847
            ],
            [
              82.29296658940103,
              27.470860661943643
            ],
            [
              82.29299174043237,
              27.471036611722145
            ],
            [
              82.29299152842995,
              27.47128477791914
            ],
            [
              82.29294065414048,
              27.47170889066837
            ],
            [
              82.2929201671621,
              27.472065307919355
            ],
            [
              82.29289453283715,
              27.47242179973396
            ],
            [
              82.29279305824436,
              27.47282781195081
            ],
            [
              82.2925651053511,
              27.47325183029334
            ],
            [
              82.29229172734892,
              27.473540434825022
            ],
            [
              82.29196785684121,
              27.473653090092935
            ],
            [
              82.29161380832984,
              27.47363029492073
            ],
            [
              82.29113831028702,
              27.473517198884586
            ],
            [
              82.29073873605539,
              27.47335908214106
            ],
            [
              82.29026332514916,
              27.473182770243476
            ],
            [
              82.29002063808865,
              27.473024675336344
            ],
            [
              82.28934818531808,
              27.472577601700305
            ],
            [
              82.28884765392323,
              27.472220833825055
            ],
            [
              82.28797268226009,
              27.4719315037384
            ],
            [
              82.28732002656179,
              27.471971642379582
            ],
            [
              82.28686965888903,
              27.472106791079867
            ],
            [
              82.2861966779091,
              27.472331984879613
            ],
            [
              82.28576662294155,
              27.472394804834284
            ],
            [
              82.28519490275536,
              27.47255237700692
            ],
            [
              82.28456746186876,
              27.472597099844737
            ],
            [
              82.28379366026955,
              27.472461283050492
            ],
            [
              82.28321700204427,
              27.472284850961014
            ],
            [
              82.28264047766798,
              27.472058892725066
            ],
            [
              82.28216508113476,
              27.47190515828884
            ],
            [
              82.28184133279797,
              27.471990686330965
            ],
            [
              82.2816387923458,
              27.472193630057788
            ],
            [
              82.28141586013668,
              27.472527334824004
            ],
            [
              82.28116264122775,
              27.47288362031189
            ],
            [
              82.28081307890295,
              27.473465476304423
            ],
            [
              82.28051398662572,
              27.474223284275812
            ],
            [
              82.28033588484084,
              27.47538737275465
            ],
            [
              82.28020837437619,
              27.476592073647513
            ],
            [
              82.28006055659615,
              27.477864412660693
            ],
            [
              82.2800093310654,
              27.47859530060192
            ],
            [
              82.27998352875552,
              27.479154839272447
            ],
            [
              82.28015500456684,
              27.479867904182594
            ],
            [
              82.28033163401295,
              27.480404948650175
            ],
            [
              82.28068031239553,
              27.4808744622335
            ],
            [
              82.28123155278986,
              27.48109592112799
            ],
            [
              82.281656500835,
              27.48109621600031
            ],
            [
              82.28208165728928,
              27.48087535960347
            ],
            [
              82.28258284804755,
              27.48056437424427
            ],
            [
              82.28321046500396,
              27.48018127361799
            ],
            [
              82.2838126928755,
              27.480050832102897
            ],
            [
              82.28418696156557,
              27.480181860179663
            ],
            [
              82.28445993712252,
              27.480407698152504
            ],
            [
              82.28461147392782,
              27.480651463175885
            ],
            [
              82.2846113499603,
              27.48089962365615
            ],
            [
              82.28461048128943,
              27.481905874221592
            ],
            [
              82.28460962699158,
              27.482952640735437
            ],
            [
              82.28448288907803,
              27.483245906639418
            ],
            [
              82.28428528486837,
              27.483624815094913
            ],
            [
              82.28395613136847,
              27.48391337970232
            ],
            [
              82.28368258987287,
              27.484382413721548
            ],
            [
              82.28310532797974,
              27.484986667899303
            ],
            [
              82.28257888018894,
              27.485297651132708
            ],
            [
              82.28212845502401,
              27.485477896367353
            ],
            [
              82.28132900832007,
              27.485499913684638
            ],
            [
              82.280777654738,
              27.485364178941467
            ],
            [
              82.28017560922451,
              27.48527345817804
            ],
            [
              82.27977609428166,
              27.485119817092368
            ],
            [
              82.27948782490698,
              27.48492561393699
            ],
            [
              82.27881522121946,
              27.484636349889332
            ],
            [
              82.27836021284999,
              27.484234427998526
            ],
            [
              82.27823912264464,
              27.483783129886046
            ],
            [
              82.27838626039996,
              27.483295899260856
            ],
            [
              82.27866487827521,
              27.48289001169062
            ],
            [
              82.2790397883624,
              27.482402986710568
            ],
            [
              82.27921734037831,
              27.48184355937556
            ],
            [
              82.27926825958356,
              27.481464566691347
            ],
            [
              82.27911687189864,
              27.48092752499893
            ],
            [
              82.27888977869313,
              27.480322757626382
            ],
            [
              82.27864239344366,
              27.47969531495141
            ],
            [
              82.27824336179444,
              27.479004731374808
            ],
            [
              82.27799068816292,
              27.478693236252898
            ],
            [
              82.27774284656928,
              27.47858021714111
            ],
            [
              82.27754052530604,
              27.478580100783454
            ],
            [
              82.27731779162461,
              27.47867013608706
            ],
            [
              82.2767407785648,
              27.47895849291448
            ],
            [
              82.27624473155984,
              27.479269569676443
            ],
            [
              82.27583951141665,
              27.479783673333138
            ],
            [
              82.27559130600532,
              27.48013987239647
            ],
            [
              82.27529239698444,
              27.480631492268266
            ],
            [
              82.27498843044849,
              27.481037370628037
            ],
            [
              82.27468942620617,
              27.481569602199173
            ],
            [
              82.27463858156108,
              27.481907981347682
            ],
            [
              82.27463811713208,
              27.48235469276657
            ],
            [
              82.27463787818022,
              27.482688668796914
            ],
            [
              82.27447050677142,
              27.48309460094069
            ],
            [
              82.27424740388241,
              27.483608830990427
            ],
            [
              82.27377138122345,
              27.484145442018338
            ],
            [
              82.27326990929252,
              27.484790280933396
            ],
            [
              82.2728697026469,
              27.485326992992572
            ],
            [
              82.2726923626334,
              27.48566075838961
            ],
            [
              82.27234284522436,
              27.48604403998368
            ],
            [
              82.27204429193633,
              27.486129553064785
            ],
            [
              82.27146733636866,
              27.486309564238855
            ],
            [
              82.27096632437514,
              27.48639945535846
            ],
            [
              82.27041484682559,
              27.486399018649678
            ],
            [
              82.26988874129292,
              27.48626325074729
            ],
            [
              82.2694893673856,
              27.485974249210944
            ],
            [
              82.26898874256598,
              27.48568054270323
            ],
            [
              82.26857927069652,
              27.485305687291863
            ],
            [
              82.26823060578869,
              27.48492637260909
            ],
            [
              82.26758327889664,
              27.484592047137657
            ],
            [
              82.26727993399484,
              27.48436615717743
            ],
            [
              82.26708290560526,
              27.48405467402901
            ],
            [
              82.26667850113236,
              27.483743043364015
            ],
            [
              82.26645602975898,
              27.483517278375107
            ],
            [
              82.26605656781676,
              27.483313895674584
            ],
            [
              82.26573287427715,
              27.483250457147598
            ],
            [
              82.2654798700656,
              27.48320511463267
            ],
            [
              82.26490329268867,
              27.4831144303438
            ],
            [
              82.26435185286837,
              27.483023749964932
            ],
            [
              82.26390169899466,
              27.48286546595987
            ],
            [
              82.26357815188048,
              27.482644084738578
            ],
            [
              82.26322937737817,
              27.48237758495458
            ],
            [
              82.26297664535613,
              27.482084075264314
            ],
            [
              82.2629061329962,
              27.481795306627518
            ],
            [
              82.26295217884105,
              27.48132607510493
            ],
            [
              82.26307910719744,
              27.480811768250703
            ],
            [
              82.26325656039867,
              27.48050051971633
            ],
            [
              82.26330753440114,
              27.48009902265532
            ],
            [
              82.2632572332368,
              27.47980564476796
            ],
            [
              82.2630550377377,
              27.47962956474214
            ],
            [
              82.26285778297265,
              27.479539134928785
            ],
            [
              82.26243283492751,
              27.479561299277492
            ],
            [
              82.26212923580253,
              27.479606255968342
            ],
            [
              82.26177998878636,
              27.479759361216956
            ],
            [
              82.26135475956852,
              27.48005228814838
            ],
            [
              82.26092943512927,
              27.480385824066573
            ],
            [
              82.26062545691524,
              27.48074206182752
            ],
            [
              82.26045301182171,
              27.481166060072045
            ],
            [
              82.26032596488773,
              27.48170287586224
            ],
            [
              82.26035065687994,
              27.482262418671645
            ],
            [
              82.26045167063698,
              27.482506193138597
            ],
            [
              82.26060312928884,
              27.482799594117182
            ],
            [
              82.26082523325125,
              27.483269028159935
            ],
            [
              82.26114839229324,
              27.483846902020872
            ],
            [
              82.26137576128156,
              27.484208031299723
            ],
            [
              82.26180021255834,
              27.484718301007373
            ],
            [
              82.26227520395136,
              27.48532330563634
            ],
            [
              82.26247222784936,
              27.48561228417639
            ],
            [
              82.26257299187478,
              27.485973292113712
            ],
            [
              82.26264867044588,
              27.48621705996117
            ],
            [
              82.26267376667997,
              27.48637500285182
            ],
            [
              82.26262304959567,
              27.48648772628016
            ],
            [
              82.26252189120986,
              27.486528222213337
            ],
            [
              82.26246636364716,
              27.486516797669456
            ],
            [
              82.26232459512231,
              27.486487498362962
            ],
            [
              82.262071711285,
              27.48635192581366
            ],
            [
              82.26169747044268,
              27.48621625268614
            ],
            [
              82.26129788543125,
              27.48608057381304
            ],
            [
              82.26097420626472,
              27.485949413292794
            ],
            [
              82.26062028621243,
              27.48572350061519
            ],
            [
              82.26022079193088,
              27.485569809951386
            ],
            [
              82.25989700766145,
              27.48552436797938
            ],
            [
              82.25957321440886,
              27.485524129700263
            ],
            [
              82.25909755197434,
              27.485568876758254
            ],
            [
              82.25857132157584,
              27.485631616645406
            ],
            [
              82.25807043893971,
              27.485608639863347
            ],
            [
              82.25756954821878,
              27.48560817207155
            ],
            [
              82.25706875990574,
              27.48554458185739
            ],
            [
              82.25669440318076,
              27.48547661173152
            ],
            [
              82.25649222834295,
              27.485295929781593
            ],
            [
              82.25624449724208,
              27.485119757323133
            ],
            [
              82.25571854442302,
              27.484893717029536
            ],
            [
              82.25506592196234,
              27.4848479990425
            ],
            [
              82.25503048342442,
              27.484847953617777
            ],
            [
              82.2549091021649,
              27.484852348659363
            ],
            [
              82.25478257176218,
              27.484919939037535
            ],
            [
              82.254681264256,
              27.48503264721976
            ],
            [
              82.2545090958436,
              27.48516336335203
            ],
            [
              82.25430636405028,
              27.48543389120568
            ],
            [
              82.2541593817035,
              27.48572254989115
            ],
            [
              82.25395654570562,
              27.486056290181903
            ],
            [
              82.25382985001288,
              27.48630432532297
            ],
            [
              82.25375366479194,
              27.48652536288981
            ],
            [
              82.2535811882574,
              27.486949350825064
            ],
            [
              82.25340380332813,
              27.48719737439183
            ],
            [
              82.25332771332864,
              27.48744101202477
            ],
            [
              82.25318074984645,
              27.487598837608783
            ],
            [
              82.25287697644829,
              27.487779019309333
            ],
            [
              82.25247695485567,
              27.488090025736824
            ],
            [
              82.25225406127407,
              27.488310948950378
            ],
            [
              82.25213745366199,
              27.48855893119937
            ],
            [
              82.252041280926,
              27.488590437362145
            ],
            [
              82.25153018624174,
              27.48869382287212
            ],
            [
              82.25040169473404,
              27.488832644671888
            ],
            [
              82.24932426526375,
              27.48862417562645
            ],
            [
              82.24810641743645,
              27.489503945610785
            ],
            [
              82.24695183256468,
              27.490079706880348
            ],
            [
              82.24645135956033,
              27.48926784318185
            ],
            [
              82.24554621618174,
              27.48696810131529
            ],
            [
              82.2445999389463,
              27.48539163128366
            ],
            [
              82.24404209144305,
              27.48438781291147
            ],
            [
              82.24376344482172,
              27.483909971224897
            ],
            [
              82.24239664913378,
              27.482965866730453
            ],
            [
              82.2418370067966,
              27.48186568739799
            ],
            [
              82.24089241839387,
              27.48037331980519
            ],
            [
              82.23965029718927,
              27.478849238953867
            ],
            [
              82.23716518431257,
              27.475752819171905
            ],
            [
              82.23515203640464,
              27.47337229015968
            ],
            [
              82.23429346079206,
              27.4721558482764
            ],
            [
              82.23311699116339,
              27.472798811070884
            ],
            [
              82.23118599598483,
              27.473524729006733
            ],
            [
              82.22899103535163,
              27.47459153600649
            ],
            [
              82.22710952117555,
              27.475816422211818
            ],
            [
              82.2273176024364,
              27.476897546334357
            ],
            [
              82.22694316037145,
              27.477095581980645
            ],
            [
              82.2271774733369,
              27.478128098888835
            ],
            [
              82.22731186669328,
              27.479619753332535
            ],
            [
              82.22717717958781,
              27.481163431725335
            ],
            [
              82.22596027229659,
              27.482577744161897
            ],
            [
              82.22452011479265,
              27.483585695993362
            ],
            [
              82.22290823444071,
              27.484042036299744
            ],
            [
              82.22161238320233,
              27.484060261310663
            ],
            [
              82.21944485891451,
              27.48363299562113
            ],
            [
              82.21862738122621,
              27.48321091314571
            ],
            [
              82.21792856919028,
              27.483389316092588
            ],
            [
              82.21698924491511,
              27.483715705369267
            ],
            [
              82.21621404733393,
              27.484160234634583
            ],
            [
              82.21572802462926,
              27.48416705237077
            ],
            [
              82.21538584016785,
              27.483894750622582
            ],
            [
              82.2150434535855,
              27.483622544630176
            ],
            [
              82.21486956130606,
              27.482950427636453
            ],
            [
              82.21493024430016,
              27.481793315056574
            ],
            [
              82.21461125164446,
              27.48054505284013
            ],
            [
              82.21288497712926,
              27.48064154586223
            ],
            [
              82.21101224039182,
              27.48008967830579
            ],
            [
              82.20807280186521,
              27.478757598700838
            ],
            [
              82.20646898209633,
              27.478129609153935
            ],
            [
              82.20408047674019,
              27.47741617435169
            ],
            [
              82.20188393237714,
              27.476868622238932
            ],
            [
              82.19876748531537,
              27.47621339205201
            ],
            [
              82.1976586893703,
              27.476108368173943
            ],
            [
              82.19452549591499,
              27.476031468341546
            ],
            [
              82.19158706439983,
              27.476289084322147
            ],
            [
              82.18926585273996,
              27.476321265057592
            ],
            [
              82.1872388312508,
              27.476204817262904
            ],
            [
              82.1854905336381,
              27.47659036172418
            ],
            [
              82.18505860658149,
              27.476596335125095
            ],
            [
              82.1836694302666,
              27.47589284001543
            ],
            [
              82.18174543386242,
              27.47548576315221
            ],
            [
              82.1803954896709,
              27.475480326864254
            ],
            [
              82.17890927823728,
              27.47540445073003
            ],
            [
              82.17752102000057,
              27.476314976832025
            ],
            [
              82.17723621003805,
              27.477017529604797
            ],
            [
              82.17745022467135,
              27.47845988809311
            ],
            [
              82.17755162021243,
              27.47963891470945
            ],
            [
              82.17737984526212,
              27.480628949980005
            ],
            [
              82.17556551518784,
              27.481882598604255
            ],
            [
              82.17386043462513,
              27.48320684478277
            ],
            [
              82.17338742940721,
              27.483960208999815
            ],
            [
              82.17332209673324,
              27.484876462810984
            ],
            [
              82.17352650208792,
              27.48576502804182
            ],
            [
              82.17373132515925,
              27.48667756438574
            ],
            [
              82.1728678195924,
              27.486713603919785
            ],
            [
              82.17132324641139,
              27.486397561891163
            ],
            [
              82.16907604155787,
              27.48604291712846
            ],
            [
              82.16466107256642,
              27.485236249884668
            ],
            [
              82.16201598141568,
              27.485296536239115
            ],
            [
              82.16058446211153,
              27.4852679753547
            ],
            [
              82.16010774685151,
              27.48580452012391
            ],
            [
              82.16003496714379,
              27.4862872171608
            ],
            [
              82.15976636278903,
              27.486363194179482
            ],
            [
              82.15859640594613,
              27.48584924634812
            ],
            [
              82.15721895444229,
              27.4858199149873
            ],
            [
              82.15581647856959,
              27.48591126884993
            ],
            [
              82.15394695780087,
              27.487117175926784
            ],
            [
              82.15188389141093,
              27.489626458823736
            ],
            [
              82.14972850336262,
              27.491856743813667
            ],
            [
              82.14930827776091,
              27.494435401351375
            ],
            [
              82.14898474591809,
              27.495530070807682
            ],
            [
              82.14995588043577,
              27.495289474320423
            ],
            [
              82.1525854082742,
              27.494314263285766
            ],
            [
              82.15365495862115,
              27.49369745395087
            ],
            [
              82.15554599044764,
              27.492178067779406
            ],
            [
              82.15699258527891,
              27.491507948974554
            ],
            [
              82.15838901908302,
              27.49105532437921
            ],
            [
              82.15991726897695,
              27.490432202991816
            ],
            [
              82.16119828274181,
              27.489547482167964
            ],
            [
              82.16341857676436,
              27.488336689614144
            ],
            [
              82.1647861027826,
              27.487788025119322
            ],
            [
              82.16586508274507,
              27.487725005153468
            ],
            [
              82.16724723064121,
              27.488019256868
            ],
            [
              82.1677912916998,
              27.488252689966995
            ],
            [
              82.16771947498607,
              27.488783610042745
            ],
            [
              82.16695445441877,
              27.48982999322885
            ],
            [
              82.16577830279371,
              27.490520571885185
            ],
            [
              82.16440556924171,
              27.490780276075988
            ],
            [
              82.16292830413003,
              27.491234059666972
            ],
            [
              82.16161470667323,
              27.491782059928877
            ],
            [
              82.16084381741214,
              27.492491217314754
            ],
            [
              82.16016795373847,
              27.494018131073233
            ],
            [
              82.16032658543786,
              27.495388932247504
            ],
            [
              82.16065584134569,
              27.4972634392668
            ],
            [
              82.16081935179538,
              27.498923385869148
            ],
            [
              82.16083629941154,
              27.499004187694336
            ],
            [
              82.16108686290049,
              27.50020219438839
            ],
            [
              82.16164820934175,
              27.502731695746224
            ],
            [
              82.16288961458908,
              27.50702153898561
            ],
            [
              82.16309322673136,
              27.5106492868106
            ],
            [
              82.16329652087006,
              27.51319862695305
            ],
            [
              82.16344866583476,
              27.514105526990207
            ],
            [
              82.16349653795457,
              27.51413675097461
            ],
            [
              82.16796398562663,
              27.517050627310518
            ],
            [
              82.17058136644579,
              27.51920667199436
            ],
            [
              82.17158909114163,
              27.520460748852013
            ],
            [
              82.17235450337441,
              27.523194887882973
            ],
            [
              82.17159126686126,
              27.52563619232225
            ],
            [
              82.16953684855257,
              27.526967957150696
            ],
            [
              82.16836778283843,
              27.527216523041908
            ],
            [
              82.16538670560179,
              27.52739785790425
            ],
            [
              82.1657112480493,
              27.529085300314787
            ],
            [
              82.16482548582299,
              27.52894116096879
            ],
            [
              82.16442127089458,
              27.531134221850465
            ],
            [
              82.16639631855634,
              27.533935753697772
            ],
            [
              82.16698380956562,
              27.534680024361517
            ],
            [
              82.16821895714867,
              27.53501357235852
            ],
            [
              82.16892256169665,
              27.534990781131153
            ],
            [
              82.17022843993023,
              27.534782871900244
            ],
            [
              82.17075486166988,
              27.53478262735528
            ],
            [
              82.17100812279962,
              27.535256321099688
            ],
            [
              82.17110964140988,
              27.535960211035942
            ],
            [
              82.1702548512979,
              27.537612004950752
            ],
            [
              82.16923289189808,
              27.538871137741385
            ],
            [
              82.1686209747979,
              27.540301762068463
            ],
            [
              82.16863133237311,
              27.5408837953273
            ],
            [
              82.16893522524721,
              27.541334929338205
            ],
            [
              82.16955285473428,
              27.54147013703844
            ],
            [
              82.1704588039017,
              27.54124419817061
            ],
            [
              82.17139000471172,
              27.540535501618837
            ],
            [
              82.17211868842581,
              27.540065960613795
            ],
            [
              82.17302481815457,
              27.54023256168456
            ],
            [
              82.17348042480207,
              27.540331673112032
            ],
            [
              82.17502482640482,
              27.54131933992724
            ],
            [
              82.17620417513402,
              27.541003065251843
            ],
            [
              82.17620787170141,
              27.541016632347926
            ],
            [
              82.17665543124056,
              27.542658856694743
            ],
            [
              82.17707572062268,
              27.542866297812722
            ],
            [
              82.17733390991003,
              27.543051165632395
            ],
            [
              82.17758712792066,
              27.543240602673713
            ],
            [
              82.17774919387938,
              27.543344295253153
            ],
            [
              82.17800733465774,
              27.54340734469028
            ],
            [
              82.17821486525132,
              27.54332152805569
            ],
            [
              82.1783818836222,
              27.54319970467179
            ],
            [
              82.1784982334178,
              27.543032645331603
            ],
            [
              82.17875124930744,
              27.542865631934685
            ],
            [
              82.17900934517004,
              27.542842967387195
            ],
            [
              82.17924227203498,
              27.542842878975154
            ],
            [
              82.17961694227203,
              27.542969086713327
            ],
            [
              82.17989548289218,
              27.5432396580222
            ],
            [
              82.18008297117343,
              27.543632202242634
            ],
            [
              82.18017425617599,
              27.544069801261507
            ],
            [
              82.18021999659359,
              27.544317950936463
            ],
            [
              82.18024539106838,
              27.54461121417382
            ],
            [
              82.18033665091811,
              27.544922584828218
            ],
            [
              82.18052404307963,
              27.545107504145324
            ],
            [
              82.18064065159002,
              27.545400703148992
            ],
            [
              82.18064073064177,
              27.545630833333128
            ],
            [
              82.18052453176314,
              27.545901612340167
            ],
            [
              82.18029183396858,
              27.546253646034334
            ],
            [
              82.18029189595231,
              27.54652438129281
            ],
            [
              82.1804084784116,
              27.54669126089456
            ],
            [
              82.18064135766583,
              27.546794983668928
            ],
            [
              82.18101606114054,
              27.546898587670466
            ],
            [
              82.18141095065793,
              27.5470428850596
            ],
            [
              82.18178057236305,
              27.547227677354062
            ],
            [
              82.18229711532952,
              27.54749817525279
            ],
            [
              82.18230214140355,
              27.547502699209392
            ],
            [
              82.18153311794333,
              27.54826112197046
            ],
            [
              82.18311365697336,
              27.550417228283116
            ],
            [
              82.18485643893018,
              27.55277189416834
            ],
            [
              82.18551437492577,
              27.55255949722678
            ],
            [
              82.18615734498866,
              27.552559243960605
            ],
            [
              82.18680003657387,
              27.552116739255617
            ],
            [
              82.187701121364,
              27.551922374024052
            ],
            [
              82.18775696513363,
              27.552211078063873
            ],
            [
              82.18778251501693,
              27.552707453958476
            ],
            [
              82.18789913430713,
              27.55304125066629
            ],
            [
              82.18799051902266,
              27.553524038144612
            ],
            [
              82.18804133043008,
              27.5537722062819
            ],
            [
              82.18824904877155,
              27.55412853375261
            ],
            [
              82.18841119378202,
              27.55433602409135
            ],
            [
              82.18856311776116,
              27.55439464628497
            ],
            [
              82.19004083742041,
              27.55335610409924
            ],
            [
              82.19145299443691,
              27.552850096693764
            ],
            [
              82.19258682283571,
              27.552520188396304
            ],
            [
              82.19341213203671,
              27.552767900853173
            ],
            [
              82.19409056040051,
              27.55276758227996
            ],
            [
              82.19447552173743,
              27.553173533005815
            ],
            [
              82.19429342065291,
              27.553340503651413
            ],
            [
              82.19546866857284,
              27.55453114961442
            ],
            [
              82.19601064643825,
              27.5549324347795
            ],
            [
              82.19655252728562,
              27.555333811658596
            ],
            [
              82.19700809889882,
              27.555202725748057
            ],
            [
              82.1975148412455,
              27.555910875309912
            ],
            [
              82.19841083977452,
              27.555666728311863
            ],
            [
              82.19918136970949,
              27.55720499290955
            ],
            [
              82.19922278024745,
              27.558639756216003
            ],
            [
              82.19844895619036,
              27.559705061840635
            ],
            [
              82.19821112721888,
              27.559980479308862
            ],
            [
              82.19863698795238,
              27.560783357949024
            ],
            [
              82.19810578358215,
              27.561388339195606
            ],
            [
              82.19838002935691,
              27.562710167710826
            ],
            [
              82.1978492957039,
              27.563996424809307
            ],
            [
              82.19968697389073,
              27.563796967224384
            ],
            [
              82.20087669726313,
              27.563534575753504
            ],
            [
              82.20309363877303,
              27.56266707103858
            ],
            [
              82.20479940025871,
              27.561930591312947
            ],
            [
              82.20503767659117,
              27.562368138127383
            ],
            [
              82.20560601282367,
              27.564231358628376
            ],
            [
              82.2057734156735,
              27.564641873039303
            ],
            [
              82.20650255213847,
              27.564654942683916
            ],
            [
              82.2077705061957,
              27.567564575380665
            ],
            [
              82.20771527956867,
              27.568205287610606
            ],
            [
              82.2072600789597,
              27.568904957739274
            ],
            [
              82.20826888343048,
              27.570452048614772
            ],
            [
              82.2088919270638,
              27.570808148352203
            ],
            [
              82.20957158522123,
              27.5723779218146
            ],
            [
              82.2091467261093,
              27.572933216166252
            ],
            [
              82.20966389789646,
              27.57388038400643
            ],
            [
              82.20949706637515,
              27.574259550323607
            ],
            [
              82.21079965857143,
              27.57582446575934
            ],
            [
              82.21147951076497,
              27.57758373793571
            ],
            [
              82.21395448974697,
              27.57609772471604
            ],
            [
              82.21512888965725,
              27.575686349395735
            ],
            [
              82.2168696333367,
              27.574309049286644
            ],
            [
              82.21694093262083,
              27.574733112819153
            ],
            [
              82.21707927856444,
              27.576759015804697
            ],
            [
              82.21726210009783,
              27.577327398319703
            ],
            [
              82.21744484437608,
              27.577891276684444
            ],
            [
              82.21867178405236,
              27.579717898130856
            ],
            [
              82.219082572852,
              27.580403419049286
            ],
            [
              82.2192245066669,
              27.580588373356605
            ],
            [
              82.2208649184106,
              27.5802578732218
            ],
            [
              82.22233831358004,
              27.5801260176586
            ],
            [
              82.22325163072942,
              27.582151300322884
            ],
            [
              82.22386411915811,
              27.587470657886918
            ],
            [
              82.22449381122284,
              27.58946912776558
            ],
            [
              82.22947830401961,
              27.590787470783294
            ],
            [
              82.22957639376041,
              27.5909943751063
            ],
            [
              82.23139652695144,
              27.594833479385983
            ],
            [
              82.23118979316352,
              27.59584882336902
            ],
            [
              82.23235613159247,
              27.597336906339933
            ],
            [
              82.23238721958948,
              27.598058879803038
            ],
            [
              82.231613001172,
              27.59880397677842
            ],
            [
              82.23086362386701,
              27.598939849283074
            ],
            [
              82.22966789885021,
              27.598485082975092
            ],
            [
              82.22844274771964,
              27.598968738080597
            ],
            [
              82.22835242391446,
              27.59989837803585
            ],
            [
              82.225962193793,
              27.600301689710665
            ],
            [
              82.2238415903091,
              27.602008748673764
            ],
            [
              82.2232253100916,
              27.603827564983643
            ],
            [
              82.22280567827632,
              27.604680709713836
            ],
            [
              82.22346632269243,
              27.607130301748327
            ],
            [
              82.22349794967865,
              27.608520005664957
            ],
            [
              82.22433493697832,
              27.609850524699063
            ],
            [
              82.2218541908122,
              27.611210401097633
            ],
            [
              82.223108230864,
              27.614580082068727
            ],
            [
              82.22619185079031,
              27.61324680106878
            ],
            [
              82.22932632883646,
              27.612179597989776
            ],
            [
              82.23079687544814,
              27.613857020291274
            ],
            [
              82.23163239040908,
              27.61359013581657
            ],
            [
              82.23282955632358,
              27.615398620696105
            ],
            [
              82.23331067422684,
              27.61526735662559
            ],
            [
              82.23459941979131,
              27.617450243607415
            ],
            [
              82.23525273125979,
              27.617264733825923
            ],
            [
              82.23570478507033,
              27.618460071384767
            ],
            [
              82.2360350722441,
              27.619529165729443
            ],
            [
              82.23696522831348,
              27.622592154085396
            ],
            [
              82.2361556953255,
              27.623648693863434
            ],
            [
              82.23561431034817,
              27.624271717094846
            ],
            [
              82.23548376178118,
              27.625454056643154
            ],
            [
              82.23555089827225,
              27.626721880199447
            ],
            [
              82.23576412328643,
              27.6271007276463
            ],
            [
              82.2356125658199,
              27.6276016696872
            ],
            [
              82.2358965753835,
              27.627831622654153
            ],
            [
              82.23793445301285,
              27.629237752659954
            ],
            [
              82.23977592927672,
              27.631564494804447
            ],
            [
              82.24069801038998,
              27.631640451734818
            ],
            [
              82.2418856963833,
              27.633651790216888
            ],
            [
              82.24276568873057,
              27.63220273114107
            ],
            [
              82.24052364829167,
              27.629592063325916
            ],
            [
              82.2396861255961,
              27.62808116189793
            ],
            [
              82.24009528575012,
              27.62690323610235
            ],
            [
              82.24187185963298,
              27.625417221346176
            ],
            [
              82.24334029340713,
              27.624748240022747
            ],
            [
              82.24391186357464,
              27.62395812818326
            ],
            [
              82.24447407419521,
              27.623907988639708
            ],
            [
              82.24600374073236,
              27.62369456899697
            ],
            [
              82.24685933932807,
              27.623210992006083
            ],
            [
              82.24732508436186,
              27.622980511983442
            ],
            [
              82.24805883457415,
              27.623026498826174
            ],
            [
              82.24810698966326,
              27.623006883304633
            ],
            [
              82.24969846029198,
              27.622358597295307
            ],
            [
              82.25049910804344,
              27.62212472322711
            ],
            [
              82.2518821497633,
              27.621995086936987
            ],
            [
              82.25330081507408,
              27.621793277803878
            ],
            [
              82.25434494130184,
              27.621266279703974
            ],
            [
              82.25484665757455,
              27.621081746634157
            ],
            [
              82.25559112917975,
              27.621217744330693
            ],
            [
              82.25613291121242,
              27.621466401631864
            ],
            [
              82.2562401673624,
              27.621688442384663
            ],
            [
              82.2562440992884,
              27.6216965823873
            ],
            [
              82.25624368516507,
              27.622098111322686
            ],
            [
              82.25639486174592,
              27.622820184274346
            ],
            [
              82.2564498610992,
              27.623470049043046
            ],
            [
              82.25627673418435,
              27.624349694338132
            ],
            [
              82.25629571828125,
              27.625531942311227
            ],
            [
              82.25639126938309,
              27.626177184314727
            ],
            [
              82.25661386562228,
              27.626425614664186
            ],
            [
              82.25717084714958,
              27.626692240231346
            ],
            [
              82.25789984257906,
              27.62717567768638
            ],
            [
              82.25875529025782,
              27.627808143160877
            ],
            [
              82.2601324327412,
              27.628607866941177
            ],
            [
              82.26048663216952,
              27.628987241100333
            ],
            [
              82.2604896693735,
              27.628998212299514
            ],
            [
              82.26049159625977,
              27.629005174652995
            ],
            [
              82.26051764201313,
              27.62909987789714
            ],
            [
              82.26055648875926,
              27.629241062715405
            ],
            [
              82.26072887007243,
              27.62986728934514
            ],
            [
              82.2612291697019,
              27.631131111915852
            ],
            [
              82.26178563739288,
              27.631894045152794
            ],
            [
              82.26255923237957,
              27.633361188386424
            ],
            [
              82.26313665507115,
              27.633483463163156
            ],
            [
              82.26412424313159,
              27.633827126013284
            ],
            [
              82.26506099283513,
              27.63431968014643
            ],
            [
              82.26679777494421,
              27.635277702723876
            ],
            [
              82.26814491818865,
              27.635865313004462
            ],
            [
              82.26960301864209,
              27.636850079194154
            ],
            [
              82.27070749908053,
              27.636850859100104
            ],
            [
              82.27230349362502,
              27.63682500760294
            ],
            [
              82.27379279705983,
              27.63702462598246
            ],
            [
              82.27500328409172,
              27.63746771599856
            ],
            [
              82.27602473774004,
              27.6379632117871
            ],
            [
              82.27604660542897,
              27.63797381999101
            ],
            [
              82.2763152466147,
              27.637784134326274
            ],
            [
              82.2774001509665,
              27.637018217234836
            ],
            [
              82.27919421414964,
              27.636437371294473
            ],
            [
              82.28060830883226,
              27.63576157816574
            ],
            [
              82.2818860150002,
              27.63462531839409
            ],
            [
              82.28337127601623,
              27.633611163880985
            ],
            [
              82.28416718335797,
              27.632934794612066
            ],
            [
              82.28407634571644,
              27.632596408650894
            ],
            [
              82.28406105459365,
              27.632555293269103
            ],
            [
              82.28366682713461,
              27.63149963372008
            ],
            [
              82.28319705225846,
              27.629856975624364
            ],
            [
              82.28268623784855,
              27.628854895004135
            ],
            [
              82.28227610302244,
              27.628579352065746
            ],
            [
              82.28012919596871,
              27.62731902583239
            ],
            [
              82.27820530736238,
              27.62595055474139
            ],
            [
              82.2769956773233,
              27.62469083019612
            ],
            [
              82.27620141479683,
              27.623557674988252
            ],
            [
              82.27621016708267,
              27.62354551493659
            ],
            [
              82.27667815880297,
              27.622890243904973
            ],
            [
              82.27719007185244,
              27.62263797474273
            ],
            [
              82.2781377935789,
              27.622128741078892
            ],
            [
              82.27932883927139,
              27.62147985769524
            ],
            [
              82.2807021639148,
              27.620862601071767
            ],
            [
              82.28240978042155,
              27.62032226565971
            ],
            [
              82.2834687450212,
              27.620011651025774
            ],
            [
              82.28409210036988,
              27.619696203315954
            ],
            [
              82.28557193376498,
              27.618853406706577
            ],
            [
              82.28630160203258,
              27.61858316990438
            ],
            [
              82.28732003374829,
              27.61826796960225
            ],
            [
              82.2888707199648,
              27.617461320233932
            ],
            [
              82.28960047986058,
              27.61707816907508
            ],
            [
              82.29041119233652,
              27.61669512880737
            ],
            [
              82.29122187696466,
              27.616384287381162
            ],
            [
              82.29240702521732,
              27.616655748238156
            ],
            [
              82.29321778799888,
              27.61630429224885
            ],
            [
              82.29417020162605,
              27.616097298006032
            ],
            [
              82.2948542750031,
              27.615799940299482
            ],
            [
              82.29568040975585,
              27.615218317922366
            ],
            [
              82.29617715115849,
              27.61470421415601
            ],
            [
              82.29680054872803,
              27.614253400078226
            ],
            [
              82.29745422311588,
              27.61394691772128
            ],
            [
              82.29802148137001,
              27.613933717836726
            ],
            [
              82.2984012396648,
              27.614173014151802
            ],
            [
              82.29890763885508,
              27.614344785676714
            ],
            [
              82.29926227037305,
              27.614304356744483
            ],
            [
              82.29976906482206,
              27.613979789669457
            ],
            [
              82.30009342940318,
              27.613700222975105
            ],
            [
              82.3004276826389,
              27.61374101828593
            ],
            [
              82.30078633232115,
              27.613902991861618
            ],
            [
              82.30081763321893,
              27.613917142160844
            ],
            [
              82.30171935940616,
              27.613692005962992
            ],
            [
              82.30248445722859,
              27.61339462978635
            ],
            [
              82.30326965665212,
              27.613372451829868
            ],
            [
              82.30411044113053,
              27.61332778069005
            ],
            [
              82.30484509504795,
              27.61312508635818
            ],
            [
              82.30546494427209,
              27.612845702153628
            ],
            [
              82.3063448979918,
              27.612449076084552
            ],
            [
              82.30754042088769,
              27.61215182787382
            ],
            [
              82.30896393260942,
              27.611904340245083
            ],
            [
              82.31059016085311,
              27.611498997678734
            ],
            [
              82.3120644812873,
              27.610953747667846
            ],
            [
              82.31315371192548,
              27.610480440311104
            ],
            [
              82.31488133481189,
              27.609759307291274
            ],
            [
              82.31607185768489,
              27.60943946865017
            ],
            [
              82.31734324330651,
              27.60934974662602
            ],
            [
              82.31785483475915,
              27.609349967920224
            ],
            [
              82.31828521312019,
              27.60971561378216
            ],
            [
              82.31823424989749,
              27.61016676414617
            ],
            [
              82.31858856790342,
              27.610640727180765
            ],
            [
              82.3192973620188,
              27.611412548135434
            ],
            [
              82.31957108497407,
              27.611755146756
            ],
            [
              82.31958587214196,
              27.61177365466242
            ],
            [
              82.31947936878018,
              27.612003769822135
            ],
            [
              82.3190536724384,
              27.61245030908819
            ],
            [
              82.31894205676434,
              27.612928527986824
            ],
            [
              82.31905325023021,
              27.613370777060457
            ],
            [
              82.3195340177905,
              27.614196644622602
            ],
            [
              82.31988824955818,
              27.614882621746737
            ],
            [
              82.32046027606984,
              27.615595809824352
            ],
            [
              82.32090586829855,
              27.61597950265578
            ],
            [
              82.321786864064,
              27.61671984523136
            ],
            [
              82.3229464965693,
              27.6176091321197
            ],
            [
              82.32417709688038,
              27.6183089582212
            ],
            [
              82.32506827325294,
              27.618945510395776
            ],
            [
              82.32626348892501,
              27.619582179058348
            ],
            [
              82.32681535634336,
              27.62020056120011
            ],
            [
              82.32722547499982,
              27.62071051619737
            ],
            [
              82.32777738194406,
              27.62120258174803
            ],
            [
              82.32861294541401,
              27.621996922352462
            ],
            [
              82.32893222642895,
              27.62169027302968
            ],
            [
              82.32972268459017,
              27.6212708611097
            ],
            [
              82.33027993112044,
              27.62104999510944
            ],
            [
              82.33093352016836,
              27.62089678663037
            ],
            [
              82.33211381572184,
              27.62086101874576
            ],
            [
              82.33243289461582,
              27.620960394823207
            ],
            [
              82.33268100929727,
              27.621159016173966
            ],
            [
              82.33284813097443,
              27.62138914504391
            ],
            [
              82.33294932798782,
              27.621673434278136
            ],
            [
              82.33299482226705,
              27.621984817046645
            ],
            [
              82.33308581980873,
              27.62243607765072
            ],
            [
              82.33325278697563,
              27.622896320783678
            ],
            [
              82.33333371170801,
              27.623388239613156
            ],
            [
              82.33340930673579,
              27.624259073206787
            ],
            [
              82.33355599802843,
              27.62490434818137
            ],
            [
              82.33368739191009,
              27.625775183246216
            ],
            [
              82.33398082390272,
              27.62666870478092
            ],
            [
              82.33442142329507,
              27.62725094125667
            ],
            [
              82.33519615195563,
              27.62803621819792
            ],
            [
              82.33563682500984,
              27.628433441233256
            ],
            [
              82.33644704970055,
              27.62921873834324
            ],
            [
              82.33682187444784,
              27.629579818785857
            ],
            [
              82.33713577994406,
              27.62998148196264
            ],
            [
              82.33745974207991,
              27.63071259172051
            ],
            [
              82.33774837527228,
              27.63133527630189
            ],
            [
              82.33814334923134,
              27.631958040905833
            ],
            [
              82.3385737743048,
              27.63254022935083
            ],
            [
              82.33902442225191,
              27.63307278790089
            ],
            [
              82.3393282513456,
              27.63352420574004
            ],
            [
              82.33942944027419,
              27.634056594762537
            ],
            [
              82.33963192143752,
              27.634616061199516
            ],
            [
              82.33975327215433,
              27.635288428175723
            ],
            [
              82.33997099323648,
              27.635829931212992
            ],
            [
              82.34067511790897,
              27.636159498162854
            ],
            [
              82.34125243819264,
              27.636989913851608
            ],
            [
              82.34157145869611,
              27.637359981302676
            ],
            [
              82.34167255779312,
              27.63828948322133
            ],
            [
              82.34160111477858,
              27.639728787937443
            ],
            [
              82.34175283933175,
              27.64076216704621
            ],
            [
              82.34220855108214,
              27.641646643063694
            ],
            [
              82.34272002395714,
              27.64261682070066
            ],
            [
              82.3430491352362,
              27.643316325385936
            ],
            [
              82.3433428600796,
              27.64394350676884
            ],
            [
              82.34343386301113,
              27.644430850038006
            ],
            [
              82.34357059198727,
              27.64483695477298
            ],
            [
              82.34360075292292,
              27.645419077878618
            ],
            [
              82.34354485794933,
              27.646253800730484
            ],
            [
              82.34353449318758,
              27.64693058660234
            ],
            [
              82.34354437735065,
              27.64794584707926
            ],
            [
              82.34357964610702,
              27.64829328484757
            ],
            [
              82.34357963532722,
              27.64864069366139
            ],
            [
              82.34376193763435,
              27.648979155728743
            ],
            [
              82.34422794856945,
              27.649286042906304
            ],
            [
              82.3447700513007,
              27.64980059378521
            ],
            [
              82.34505020978669,
              27.65002627320359
            ],
            [
              82.3451713907219,
              27.650123888912706
            ],
            [
              82.3451349855967,
              27.650128111033847
            ],
            [
              82.3450687312512,
              27.65053158703211
            ],
            [
              82.34495694220232,
              27.65185811503673
            ],
            [
              82.34517959593369,
              27.65288693395289
            ],
            [
              82.3454882804215,
              27.654560972983564
            ],
            [
              82.34599463379773,
              27.655838006709235
            ],
            [
              82.34517870839818,
              27.656239393664062
            ],
            [
              82.34386100474222,
              27.656812173708733
            ],
            [
              82.34222900661948,
              27.657962419241823
            ],
            [
              82.34170358560303,
              27.658782417298244
            ],
            [
              82.341590160722,
              27.658959430648753
            ],
            [
              82.34142789803224,
              27.659496349686133
            ],
            [
              82.34142740575545,
              27.661012367699637
            ],
            [
              82.34191811586929,
              27.663701659861406
            ],
            [
              82.34175565465185,
              27.66482517728868
            ],
            [
              82.34219572763143,
              27.667564071939072
            ],
            [
              82.34226139627535,
              27.668191305190536
            ],
            [
              82.34244063532735,
              27.66819848224673
            ],
            [
              82.34872972625843,
              27.66813186870896
            ],
            [
              82.35001428297876,
              27.670704111655393
            ],
            [
              82.35021353380033,
              27.671669223860448
            ],
            [
              82.35078108310866,
              27.672951645726325
            ],
            [
              82.35141804164567,
              27.67310357524154
            ],
            [
              82.35279149834146,
              27.673889934316108
            ],
            [
              82.35334546602098,
              27.674446426880518
            ],
            [
              82.35471592324203,
              27.67507151481987
            ],
            [
              82.35554462537984,
              27.67578530182088
            ],
            [
              82.35683666506647,
              27.67705691424144
            ],
            [
              82.35703597787179,
              27.678022010104602
            ],
            [
              82.3567870097908,
              27.67923590981275
            ],
            [
              82.35670856440863,
              27.67988245227858
            ],
            [
              82.35735011333676,
              27.680276325672153
            ],
            [
              82.35887600515308,
              27.6795274803842
            ],
            [
              82.3591613567997,
              27.680249341298722
            ],
            [
              82.36065748473574,
              27.682728062176047
            ],
            [
              82.36080877001275,
              27.68595284129103
            ],
            [
              82.36175689957432,
              27.6881976712966
            ],
            [
              82.36203924994958,
              27.688758177163812
            ],
            [
              82.36196082522865,
              27.689404714164326
            ],
            [
              82.36114126614379,
              27.690022164633472
            ],
            [
              82.36133608018623,
              27.690745364088993
            ],
            [
              82.36197911402952,
              27.691219841068524
            ],
            [
              82.3627158682081,
              27.691854211035086
            ],
            [
              82.36255142800208,
              27.692744154955502
            ],
            [
              82.36203530814213,
              27.694203969672948
            ],
            [
              82.36250338610068,
              27.695003733607606
            ],
            [
              82.36342588313393,
              27.695877451295033
            ],
            [
              82.36406134956931,
              27.69594861028163
            ],
            [
              82.36416712978726,
              27.69675377801423
            ],
            [
              82.36428203419358,
              27.698042872836435
            ],
            [
              82.36492826244603,
              27.698678670613436
            ],
            [
              82.3657450080074,
              27.69874711635149
            ],
            [
              82.36675498837292,
              27.69945811673368
            ],
            [
              82.36709522798175,
              27.703083415314442
            ],
            [
              82.36693993532025,
              27.704457184987763
            ],
            [
              82.36705335391308,
              27.705665641881254
            ],
            [
              82.36807111458725,
              27.70677983604358
            ],
            [
              82.36944809178064,
              27.707727355361317
            ],
            [
              82.37102161586658,
              27.7094785596548
            ],
            [
              82.37230195499664,
              27.710104823680936
            ],
            [
              82.37340112459515,
              27.71073370139262
            ],
            [
              82.37413347433389,
              27.71112613376638
            ],
            [
              82.37414721586279,
              27.71185201422318
            ],
            [
              82.37379554159871,
              27.712421990390098
            ],
            [
              82.37398893630298,
              27.713064437910578
            ],
            [
              82.37436198867417,
              27.71362363828661
            ],
            [
              82.37491317337295,
              27.71401869098458
            ],
            [
              82.37446632260453,
              27.714348065886842
            ],
            [
              82.37483938216224,
              27.714907262862685
            ],
            [
              82.37548727589126,
              27.71562353620447
            ],
            [
              82.37576964782608,
              27.7161840912804
            ],
            [
              82.37705018009393,
              27.716810216605953
            ],
            [
              82.37788846186591,
              27.718007766040923
            ],
            [
              82.37790528281961,
              27.7188948843506
            ],
            [
              82.37829815112764,
              27.720502432312024
            ],
            [
              82.37840863402613,
              27.721549521022325
            ],
            [
              82.37869113262342,
              27.72210997327283
            ],
            [
              82.37942662556736,
              27.722663711176658
            ],
            [
              82.38088986707913,
              27.723367701129106
            ],
            [
              82.38094428432412,
              27.723393882035754
            ],
            [
              82.3827283348851,
              27.72076009299726
            ],
            [
              82.38357862084423,
              27.71991639760905
            ],
            [
              82.38704478474105,
              27.716556914056262
            ],
            [
              82.38796508180017,
              27.715664893902154
            ],
            [
              82.39027895691912,
              27.71338090536198
            ],
            [
              82.39146807842027,
              27.71220709175812
            ],
            [
              82.39319504912983,
              27.710541897717242
            ],
            [
              82.3951126701904,
              27.709008910771253
            ],
            [
              82.39776266524426,
              27.706890338395528
            ],
            [
              82.39787896024264,
              27.706797362359385
            ],
            [
              82.39859932465887,
              27.70622143407611
            ],
            [
              82.4013779045625,
              27.703999882719668
            ],
            [
              82.40172418893485,
              27.703723009289025
            ],
            [
              82.40258604609313,
              27.703363005652356
            ],
            [
              82.40452732877833,
              27.70255209100823
            ],
            [
              82.40608576655742,
              27.70190107134865
            ],
            [
              82.40810899715605,
              27.701055857299323
            ],
            [
              82.4098831455877,
              27.700314661135806
            ],
            [
              82.41089882935692,
              27.69989031966583
            ],
            [
              82.41197224335791,
              27.699410493354215
            ],
            [
              82.41287493164084,
              27.699047203339987
            ],
            [
              82.41385786732641,
              27.698360825080314
            ],
            [
              82.41511180317363,
              27.69748518574706
            ],
            [
              82.41652964293263,
              27.696495061615675
            ],
            [
              82.41701471881304,
              27.696156310041076
            ],
            [
              82.41811233342777,
              27.6953897790519
            ],
            [
              82.4189416185722,
              27.694810627254117
            ],
            [
              82.4191873617013,
              27.69463900436086
            ],
            [
              82.42061557790018,
              27.69368505903266
            ],
            [
              82.42149789329078,
              27.693049853385343
            ],
            [
              82.42297586178333,
              27.69202790560499
            ],
            [
              82.42409027579221,
              27.69125731838211
            ],
            [
              82.42473161002299,
              27.690813845823477
            ],
            [
              82.42563871622048,
              27.690186580993103
            ],
            [
              82.42655824611835,
              27.6895123037121
            ],
            [
              82.42710790278281,
              27.689156378361822
            ],
            [
              82.43207926400677,
              27.687495968014012
            ],
            [
              82.43661701293465,
              27.68598020369194
            ],
            [
              82.44303511631358,
              27.68244712392497
            ]
          ]
        ]
      }
    }
  ]
}