{
  "type": "FeatureCollection",
  "features": [
    {
      "type": "Feature",
      "properties": {
        "objectid": "09-704-00706",
        "stcode11": "09",
        "dtcode11": "704",
        "sdtcode11": "00706",
        "stname": "UTTAR PRADESH",
        "dtname": "Shamli",
        "sdtname": "Kairana",
        "st_area_sh": 0.0,
        "st_length_": 0.0,
        "remarks": "",
        "dist_lgd": 660,
        "state_lgd": 9,
        "subdt_lgd": 706,
        "ac_no": 8,
        "st_length(shape)": 213890.56598065273,
        "st_area(shape)": 866534345.2569133
      },
      "geometry": {
        "type": "Polygon",
        "coordinates": [
          [
            [
              77.22141719875191,
              29.69728048779921
            ],
            [
              77.22429816414005,
              29.695302664747107
            ],
            [
              77.22546575302381,
              29.695328877193404
            ],
            [
              77.2262865904113,
              29.694701217113476
            ],
            [
              77.22649272771788,
              29.69419136263372
            ],
            [
              77.22745292255205,
              29.69341024867247
            ],
            [
              77.22847953702168,
              29.691970549152042
            ],
            [
              77.22998695408586,
              29.690949943676074
            ],
            [
              77.23005359380858,
              29.690440158344106
            ],
            [
              77.23012458856383,
              29.689154573689635
            ],
            [
              77.23012459125874,
              29.689154529207446
            ],
            [
              77.23108470704113,
              29.68849525815059
            ],
            [
              77.23173584638327,
              29.68864359305225
            ],
            [
              77.23252615272922,
              29.688521175042617
            ],
            [
              77.23406460478986,
              29.687590699023826
            ],
            [
              77.23533441207152,
              29.686723546866872
            ],
            [
              77.23533445429231,
              29.686723521893807
            ],
            [
              77.23629465541467,
              29.686149858667456
            ],
            [
              77.2378388297437,
              29.685760592825222
            ],
            [
              77.23865960874066,
              29.685223143388804
            ],
            [
              77.23903594175931,
              29.684532678710916
            ],
            [
              77.24023881736575,
              29.68384151782847
            ],
            [
              77.24026727689227,
              29.683824228170657
            ],
            [
              77.2423655599363,
              29.68254953500261
            ],
            [
              77.24438344915227,
              29.680932893386572
            ],
            [
              77.245137233592,
              29.680602942275442
            ],
            [
              77.24613384972105,
              29.68024114504205
            ],
            [
              77.24695465836245,
              29.67982094535719
            ],
            [
              77.24736736506523,
              29.679428117158857
            ],
            [
              77.24750609908108,
              29.678832556035402
            ],
            [
              77.24781063874217,
              29.67862028063752
            ],
            [
              77.24879185415398,
              29.67842091771048
            ],
            [
              77.24905494015798,
              29.677953618057817
            ],
            [
              77.24941305893589,
              29.677317512360823
            ],
            [
              77.24993520199983,
              29.67685044874946
            ],
            [
              77.25012641110301,
              29.676421056353757
            ],
            [
              77.25026189501415,
              29.67552912468846
            ],
            [
              77.25045406800962,
              29.67505643474043
            ],
            [
              77.25154671763579,
              29.67418080821849
            ],
            [
              77.25348894804358,
              29.672959135712443
            ],
            [
              77.25395418373259,
              29.67282283819963
            ],
            [
              77.25466538084135,
              29.672762785281265
            ],
            [
              77.25540316269263,
              29.67299170971744
            ],
            [
              77.25595683482642,
              29.673332875228052
            ],
            [
              77.25772695611062,
              29.67464655503621
            ],
            [
              77.25807068926756,
              29.674782238164465
            ],
            [
              77.26025369422267,
              29.67386739108282
            ],
            [
              77.26292732934152,
              29.672412808117034
            ],
            [
              77.26359289742373,
              29.67217888000411
            ],
            [
              77.26387369640851,
              29.672169266326648
            ],
            [
              77.26439854070652,
              29.672322384149457
            ],
            [
              77.2648453833901,
              29.672272271638803
            ],
            [
              77.26599625103319,
              29.67174365665553
            ],
            [
              77.26770441281732,
              29.67064759621645
            ],
            [
              77.2683084085733,
              29.670210699015445
            ],
            [
              77.26877265881048,
              29.670117652024675
            ],
            [
              77.26919319612757,
              29.669764176642595
            ],
            [
              77.26952022960336,
              29.669163900770894
            ],
            [
              77.26995330830017,
              29.667498194322167
            ],
            [
              77.27048279329493,
              29.6666994312373
            ],
            [
              77.27145738363153,
              29.665922662164228
            ],
            [
              77.2726466066423,
              29.66514951364681
            ],
            [
              77.2734300642325,
              29.664802160833514
            ],
            [
              77.2741424812534,
              29.664684445663465
            ],
            [
              77.27539979566443,
              29.66456146378183
            ],
            [
              77.27607409087962,
              29.66467375797317
            ],
            [
              77.27658235676905,
              29.664826650692188
            ],
            [
              77.27689498396265,
              29.664875147994614
            ],
            [
              77.27737353358248,
              29.664883224631446
            ],
            [
              77.2776698159295,
              29.66491706812918
            ],
            [
              77.27783265264276,
              29.66502081617192
            ],
            [
              77.27781131136655,
              29.665236739023033
            ],
            [
              77.27772691374727,
              29.665321848186917
            ],
            [
              77.27731215798732,
              29.6654158487917
            ],
            [
              77.27707733298216,
              29.665584949745668
            ],
            [
              77.27710620034384,
              29.665772968328756
            ],
            [
              77.27735056725396,
              29.665921313340068
            ],
            [
              77.277367021695,
              29.665921589661654
            ],
            [
              77.2776970627304,
              29.665927158244735
            ],
            [
              77.27800958661773,
              29.665975743220873
            ],
            [
              77.27812189579117,
              29.666121857850396
            ],
            [
              77.27803335424353,
              29.666394335816157
            ],
            [
              77.27806062619722,
              29.66665448325779
            ],
            [
              77.27819077231898,
              29.666743210693653
            ],
            [
              77.27823482300553,
              29.66698908076839
            ],
            [
              77.2784166689685,
              29.66697777199607
            ],
            [
              77.27871848224272,
              29.666766488645955
            ],
            [
              77.27917135711344,
              29.666442375731954
            ],
            [
              77.27936997821601,
              29.666416880898034
            ],
            [
              77.27949693711511,
              29.666649773335333
            ],
            [
              77.27922367858885,
              29.66706344793505
            ],
            [
              77.2791185765989,
              29.66733573835778
            ],
            [
              77.27924426168693,
              29.667626296185187
            ],
            [
              77.27955647296058,
              29.667689248032882
            ],
            [
              77.27983630625641,
              29.66772281036705
            ],
            [
              77.28017494416908,
              29.668089114283493
            ],
            [
              77.28026751286414,
              29.668379111841013
            ],
            [
              77.28052770719127,
              29.66855656125016
            ],
            [
              77.28085934632954,
              29.668490087324905
            ],
            [
              77.28122209232947,
              29.668510575189195
            ],
            [
              77.28117378632338,
              29.669202103728264
            ],
            [
              77.2804004159155,
              29.66908807085486
            ],
            [
              77.27975528270937,
              29.669149350641916
            ],
            [
              77.2794366933972,
              29.669374728711855
            ],
            [
              77.27939698337009,
              29.669676965339555
            ],
            [
              77.28051069579473,
              29.67082073621137
            ],
            [
              77.28092641814189,
              29.671433458621618
            ],
            [
              77.28125572705032,
              29.672217877947357
            ],
            [
              77.28152643885277,
              29.67266956113282
            ],
            [
              77.2817196547923,
              29.672889188281246
            ],
            [
              77.28216458316598,
              29.672925528294744
            ],
            [
              77.28276058032272,
              29.67284903465449
            ],
            [
              77.2832524339919,
              29.673001534835766
            ],
            [
              77.28373898310933,
              29.673399160190638
            ],
            [
              77.28415208057929,
              29.67412720230924
            ],
            [
              77.28449000792453,
              29.674522321701616
            ],
            [
              77.28469979239118,
              29.67474222422283
            ],
            [
              77.28495809756123,
              29.675006161248458
            ],
            [
              77.28531638791735,
              29.67447854094844
            ],
            [
              77.2856883739883,
              29.674080990107182
            ],
            [
              77.28658690307145,
              29.673014335274484
            ],
            [
              77.28785918700834,
              29.67146370481017
            ],
            [
              77.28828632065458,
              29.672307348993975
            ],
            [
              77.28838911487253,
              29.672886038901204
            ],
            [
              77.28850112760193,
              29.673046515101856
            ],
            [
              77.28874859459812,
              29.673050672901226
            ],
            [
              77.28898479222904,
              29.67282389423778
            ],
            [
              77.28921834342312,
              29.67271244429867
            ],
            [
              77.28940401081931,
              29.672528033755217
            ],
            [
              77.28942967568697,
              29.672110279990893
            ],
            [
              77.2896029103996,
              29.671738131323405
            ],
            [
              77.28979079843118,
              29.671452852368557
            ],
            [
              77.28961910612587,
              29.671002845760658
            ],
            [
              77.29001932175463,
              29.670822038918438
            ],
            [
              77.29046265561867,
              29.670930482787405
            ],
            [
              77.29171648187145,
              29.671715936328766
            ],
            [
              77.29266686979764,
              29.672034788701428
            ],
            [
              77.29342184181019,
              29.671484959326158
            ],
            [
              77.29449252223777,
              29.670839422134442
            ],
            [
              77.29494124958678,
              29.670702728360432
            ],
            [
              77.29545537428854,
              29.67059597175884
            ],
            [
              77.2958456527536,
              29.67086210593502
            ],
            [
              77.29712967767125,
              29.671777863910688
            ],
            [
              77.29757365742402,
              29.671857364161717
            ],
            [
              77.29800740626402,
              29.6716483483408
            ],
            [
              77.29877828025373,
              29.671127603275725
            ],
            [
              77.29968300322078,
              29.670522564138498
            ],
            [
              77.30185254242974,
              29.66944833386659
            ],
            [
              77.30240567557438,
              29.669068146661736
            ],
            [
              77.30260935329368,
              29.66881195971466
            ],
            [
              77.30264963734429,
              29.668480884644435
            ],
            [
              77.3022840257186,
              29.667840117654137
            ],
            [
              77.30131189407096,
              29.666251735695088
            ],
            [
              77.30155142984147,
              29.665866305027436
            ],
            [
              77.30207216614367,
              29.665456731319175
            ],
            [
              77.30303612132562,
              29.66515556466825
            ],
            [
              77.30401736638181,
              29.664825837329868
            ],
            [
              77.30410458830431,
              29.664610921325195
            ],
            [
              77.30387990887198,
              29.66431872727406
            ],
            [
              77.30350248170535,
              29.66346147599156
            ],
            [
              77.30377343874785,
              29.6631487201769
            ],
            [
              77.30424363762883,
              29.6627815138566
            ],
            [
              77.30480368061461,
              29.66208414600702
            ],
            [
              77.30544809427022,
              29.66130165224371
            ],
            [
              77.30656303918342,
              29.660887608139944
            ],
            [
              77.30764916883722,
              29.660285543211973
            ],
            [
              77.30769227539444,
              29.659824756283694
            ],
            [
              77.307685812016,
              29.65936305001611
            ],
            [
              77.30818499863283,
              29.659183937277266
            ],
            [
              77.30866279366786,
              29.65922075373792
            ],
            [
              77.30913054643631,
              29.65896886714639
            ],
            [
              77.30975425841616,
              29.658373540047695
            ],
            [
              77.3097590868608,
              29.658363059334082
            ],
            [
              77.31040999892916,
              29.656950409017057
            ],
            [
              77.3119555216294,
              29.65565033587475
            ],
            [
              77.31281643106509,
              29.65464294435804
            ],
            [
              77.3138548413127,
              29.65367760419083
            ],
            [
              77.31423878755334,
              29.653262775370486
            ],
            [
              77.31417286378792,
              29.653012150259983
            ],
            [
              77.31335923627888,
              29.652671056350233
            ],
            [
              77.31047240758689,
              29.651648004231014
            ],
            [
              77.30888103487455,
              29.650966369664125
            ],
            [
              77.30884385090998,
              29.65021697820144
            ],
            [
              77.30875424216379,
              29.649420010144794
            ],
            [
              77.3086893568508,
              29.64912251318531
            ],
            [
              77.30846051642207,
              29.6489783170338
            ],
            [
              77.30792420423116,
              29.64901616072682
            ],
            [
              77.30735089762021,
              29.649115743736434
            ],
            [
              77.3066012768718,
              29.649118887615
            ],
            [
              77.30583510196932,
              29.649059299896347
            ],
            [
              77.30488624117912,
              29.64838047785623
            ],
            [
              77.30277811170126,
              29.646847780984732
            ],
            [
              77.30027226301284,
              29.644739004181684
            ],
            [
              77.30000357601307,
              29.643970157948438
            ],
            [
              77.29996107941191,
              29.643470288807833
            ],
            [
              77.29961008696914,
              29.64319922125241
            ],
            [
              77.29842194373335,
              29.64285177393107
            ],
            [
              77.2975989351178,
              29.6421359959876
            ],
            [
              77.29698939765481,
              29.641447232699893
            ],
            [
              77.29650151633581,
              29.64009752331648
            ],
            [
              77.2961573924117,
              29.639514573862286
            ],
            [
              77.29520745813475,
              29.638890328751618
            ],
            [
              77.29475954465933,
              29.638691951293463
            ],
            [
              77.29469493063758,
              29.6386633341128
            ],
            [
              77.29348035627115,
              29.63821906718992
            ],
            [
              77.2920614205675,
              29.637820900697427
            ],
            [
              77.29011680243767,
              29.63698487133444
            ],
            [
              77.28875487112701,
              29.636431592158996
            ],
            [
              77.28763828678841,
              29.636085262235706
            ],
            [
              77.28721873582147,
              29.635688195267686
            ],
            [
              77.28653535414719,
              29.635115171693368
            ],
            [
              77.28625130056612,
              29.63504803072928
            ],
            [
              77.28587533136522,
              29.635104067034323
            ],
            [
              77.28519783994423,
              29.635077097121506
            ],
            [
              77.28479318933292,
              29.634812871860884
            ],
            [
              77.2853042723391,
              29.634291081953776
            ],
            [
              77.2877810560365,
              29.632031868692696
            ],
            [
              77.29030906077308,
              29.62987484294751
            ],
            [
              77.29140466765318,
              29.631172355174055
            ],
            [
              77.29264482514057,
              29.6323943523031
            ],
            [
              77.29399243640731,
              29.631161215723385
            ],
            [
              77.2956877091637,
              29.629536188115402
            ],
            [
              77.29727243434296,
              29.62806523775287
            ],
            [
              77.2972067315631,
              29.62780672096396
            ],
            [
              77.29649286106805,
              29.62699915479869
            ],
            [
              77.29585103456049,
              29.626161657361767
            ],
            [
              77.2946073161513,
              29.624292265180607
            ],
            [
              77.29274309634108,
              29.621429651067892
            ],
            [
              77.29019868118087,
              29.61786142131937
            ],
            [
              77.28915732266248,
              29.61653355074003
            ],
            [
              77.29005491929438,
              29.615874358283847
            ],
            [
              77.29342745178911,
              29.613427287691334
            ],
            [
              77.29831070804666,
              29.610428243037738
            ],
            [
              77.3031937253523,
              29.607429032626534
            ],
            [
              77.30632285213433,
              29.60548456796954
            ],
            [
              77.30795265926608,
              29.60438079262756
            ],
            [
              77.30815175018756,
              29.603432524110037
            ],
            [
              77.30906216667685,
              29.600959523735785
            ],
            [
              77.30894004790049,
              29.600021363815767
            ],
            [
              77.30909410987005,
              29.597052089761597
            ],
            [
              77.30923786007843,
              29.595369693802265
            ],
            [
              77.30934777793662,
              29.592789697259793
            ],
            [
              77.30917424228836,
              29.590119146322007
            ],
            [
              77.30910154163239,
              29.588550156666816
            ],
            [
              77.30571295893847,
              29.58606765933922
            ],
            [
              77.30420369044644,
              29.584934745355902
            ],
            [
              77.30135269555117,
              29.58235195787532
            ],
            [
              77.3000437846052,
              29.581035155321047
            ],
            [
              77.29813902472449,
              29.57923257884595
            ],
            [
              77.29602788229721,
              29.576272010352874
            ],
            [
              77.29374431004771,
              29.573043273954045
            ],
            [
              77.29316144356552,
              29.571972576194664
            ],
            [
              77.29277326356494,
              29.570967605351466
            ],
            [
              77.293222768855,
              29.569992359715773
            ],
            [
              77.29366922077143,
              29.569165335879678
            ],
            [
              77.29195111733208,
              29.567810330105683
            ],
            [
              77.29053165970726,
              29.56666318306835
            ],
            [
              77.29020076886559,
              29.566298790298895
            ],
            [
              77.28963315218365,
              29.566156629811598
            ],
            [
              77.28932326036008,
              29.56565218677499
            ],
            [
              77.28998123408489,
              29.564930017710278
            ],
            [
              77.29055306296719,
              29.56406599572054
            ],
            [
              77.29072207200475,
              29.563678773914717
            ],
            [
              77.2900106745717,
              29.562777515261722
            ],
            [
              77.2885167645761,
              29.560966094199287
            ],
            [
              77.28822881589997,
              29.56027471817512
            ],
            [
              77.28777111617788,
              29.559190601306085
            ],
            [
              77.28777202706961,
              29.558340325894843
            ],
            [
              77.2874068870594,
              29.557101696866987
            ],
            [
              77.28661920738739,
              29.554810665313454
            ],
            [
              77.28613538825007,
              29.553297003946923
            ],
            [
              77.2857984930691,
              29.551590728892712
            ],
            [
              77.28455522022426,
              29.55217041773171
            ],
            [
              77.28084305538184,
              29.55310631472559
            ],
            [
              77.27782705703683,
              29.5540070853007
            ],
            [
              77.27466591160315,
              29.55502239206887
            ],
            [
              77.27245486034658,
              29.555402258675496
            ],
            [
              77.27301224611578,
              29.556808030651787
            ],
            [
              77.27349263997687,
              29.558469854299183
            ],
            [
              77.27478736562622,
              29.56121416414668
            ],
            [
              77.2750954599209,
              29.561796641984454
            ],
            [
              77.27594734667787,
              29.563597338020344
            ],
            [
              77.27616092113666,
              29.564427875891433
            ],
            [
              77.27588794468137,
              29.564672833799236
            ],
            [
              77.27507618297322,
              29.56508809916669
            ],
            [
              77.2742536872957,
              29.56518345361156
            ],
            [
              77.27336114907716,
              29.56521515688566
            ],
            [
              77.27102148602135,
              29.565362759229203
            ],
            [
              77.2693029882216,
              29.56564568597234
            ],
            [
              77.26733821189679,
              29.565776231697537
            ],
            [
              77.26565921930828,
              29.565888157813454
            ],
            [
              77.26458324241376,
              29.566150703328223
            ],
            [
              77.26383876541868,
              29.566746469043157
            ],
            [
              77.26355103413486,
              29.567654232802738
            ],
            [
              77.26373034235718,
              29.569217431890827
            ],
            [
              77.26364575160014,
              29.57062008561634
            ],
            [
              77.26380892787652,
              29.571301500315712
            ],
            [
              77.26231069967939,
              29.57129950486849
            ],
            [
              77.26202911107545,
              29.57032749393758
            ],
            [
              77.2615996894202,
              29.569586969252548
            ],
            [
              77.26092216925312,
              29.568771980711315
            ],
            [
              77.25937132403483,
              29.567934355188353
            ],
            [
              77.25815709282483,
              29.56719603975785
            ],
            [
              77.2572611446015,
              29.566580178306985
            ],
            [
              77.25572954399156,
              29.56568046994961
            ],
            [
              77.25426465766445,
              29.56498465529892
            ],
            [
              77.25299349841829,
              29.564401298066468
            ],
            [
              77.25011498363426,
              29.563119734630465
            ],
            [
              77.24946179343836,
              29.562819999830776
            ],
            [
              77.24879555700957,
              29.562438345207248
            ],
            [
              77.24848181859996,
              29.561607021320388
            ],
            [
              77.24821738242811,
              29.559747869040077
            ],
            [
              77.24795379426585,
              29.558927006254496
            ],
            [
              77.24692504000923,
              29.557227434668867
            ],
            [
              77.24640682707462,
              29.55532885620468
            ],
            [
              77.24640467471121,
              29.553578665729916
            ],
            [
              77.24623189185115,
              29.551481274310586
            ],
            [
              77.2461249833492,
              29.550697430218946
            ],
            [
              77.2459586288333,
              29.550047342302875
            ],
            [
              77.24594126170392,
              29.549979475766655
            ],
            [
              77.24571321897915,
              29.549131589175705
            ],
            [
              77.24571236018973,
              29.54838283485527
            ],
            [
              77.24702644273678,
              29.54718175077866
            ],
            [
              77.246168424978,
              29.54583382593271
            ],
            [
              77.24587830597216,
              29.544783008139678
            ],
            [
              77.24599597179964,
              29.54398003690665
            ],
            [
              77.24685131976543,
              29.543131237189442
            ],
            [
              77.24679409169194,
              29.542729827870033
            ],
            [
              77.24844926365408,
              29.54212832791903
            ],
            [
              77.24684751719683,
              29.539982670614567
            ],
            [
              77.24707384593603,
              29.5394817826874
            ],
            [
              77.24489851439012,
              29.53638483008511
            ],
            [
              77.244382798772,
              29.536534098648094
            ],
            [
              77.2437525299889,
              29.53573627580453
            ],
            [
              77.24541189888001,
              29.534386021630887
            ],
            [
              77.24569499036542,
              29.533885092692838
            ],
            [
              77.24449178597553,
              29.532686286692723
            ],
            [
              77.24638088642418,
              29.533731128315402
            ],
            [
              77.24723683626118,
              29.533531796043036
            ],
            [
              77.24769539836596,
              29.533080298196584
            ],
            [
              77.24797876114255,
              29.53278233685456
            ],
            [
              77.2480960784237,
              29.531731220054393
            ],
            [
              77.24860970905203,
              29.52996121096801
            ],
            [
              77.24878347466901,
              29.527572032728298
            ],
            [
              77.24849346705425,
              29.527295398705245
            ],
            [
              77.24679372068773,
              29.52530446794878
            ],
            [
              77.24817009241657,
              29.524721361619594
            ],
            [
              77.24972778279735,
              29.523741811336343
            ],
            [
              77.2504795990283,
              29.52360644702745
            ],
            [
              77.25205537878396,
              29.524101372073375
            ],
            [
              77.2531814897561,
              29.522373161984508
            ],
            [
              77.25427875402791,
              29.520340172107414
            ],
            [
              77.25459831172391,
              29.51880088930153
            ],
            [
              77.2547465454239,
              29.517750268230493
            ],
            [
              77.25503907820293,
              29.515820507780944
            ],
            [
              77.2550425807342,
              29.515329586148194
            ],
            [
              77.25465130513916,
              29.514938068046593
            ],
            [
              77.2516242835673,
              29.51525381093974
            ],
            [
              77.2493902381344,
              29.51319520621198
            ],
            [
              77.25089889756863,
              29.511908958136235
            ],
            [
              77.24956397859856,
              29.510312944310193
            ],
            [
              77.24881106732126,
              29.510786137049852
            ],
            [
              77.24800887895907,
              29.51151946408194
            ],
            [
              77.24790149704498,
              29.51161762790414
            ],
            [
              77.24744153087339,
              29.510855665352175
            ],
            [
              77.2480034962539,
              29.510674747977312
            ],
            [
              77.24702684608036,
              29.509065306318046
            ],
            [
              77.24631557261482,
              29.509381702337578
            ],
            [
              77.2450378682435,
              29.510411371196543
            ],
            [
              77.24385979602035,
              29.508445635980426
            ],
            [
              77.24344517141445,
              29.506655259340828
            ],
            [
              77.24283527642194,
              29.505491990830354
            ],
            [
              77.24267947082244,
              29.504508783924013
            ],
            [
              77.24359686991644,
              29.50415159676933
            ],
            [
              77.243033807693,
              29.503254388203995
            ],
            [
              77.2420629965688,
              29.502096014797992
            ],
            [
              77.24165472484859,
              29.501333989182488
            ],
            [
              77.23617584513353,
              29.492771543079332
            ],
            [
              77.23616573100175,
              29.4927557359931
            ],
            [
              77.23646966789329,
              29.49247589714516
            ],
            [
              77.23703116974309,
              29.4920650930886
            ],
            [
              77.237371287181,
              29.491992701800985
            ],
            [
              77.23758259698697,
              29.491888789069144
            ],
            [
              77.23803090572112,
              29.49173059317548
            ],
            [
              77.23831952004883,
              29.49167178904081
            ],
            [
              77.23859254141988,
              29.491495747061762
            ],
            [
              77.2386904137684,
              29.491337767928353
            ],
            [
              77.2388396643613,
              29.49114375601661
            ],
            [
              77.23908162109147,
              29.490751188874977
            ],
            [
              77.23917413409103,
              29.490444453221706
            ],
            [
              77.23931311514356,
              29.490241379386507
            ],
            [
              77.23941081681218,
              29.490006819916893
            ],
            [
              77.23950333699824,
              29.489709060168007
            ],
            [
              77.2396009111061,
              29.48932116188208
            ],
            [
              77.23967290388957,
              29.489145243274212
            ],
            [
              77.23968292010501,
              29.488847534165018
            ],
            [
              77.23975990123328,
              29.48850022635653
            ],
            [
              77.23980087878329,
              29.48816640825832
            ],
            [
              77.23980062905162,
              29.48799053299832
            ],
            [
              77.23977977196738,
              29.487710981255987
            ],
            [
              77.23978981692889,
              29.487449362001314
            ],
            [
              77.239799781042,
              29.48708853880858
            ],
            [
              77.23983049623821,
              29.486881043328466
            ],
            [
              77.23996956083408,
              29.48665992260923
            ],
            [
              77.24019087607566,
              29.48638919316596
            ],
            [
              77.24032986521307,
              29.486204161194024
            ],
            [
              77.24064930792471,
              29.48596946022625
            ],
            [
              77.24107169038143,
              29.485635396854814
            ],
            [
              77.24140129124233,
              29.485405082183647
            ],
            [
              77.24158150855969,
              29.48519748863805
            ],
            [
              77.24183913639999,
              29.485039495774
            ],
            [
              77.24207095025234,
              29.484935561053142
            ],
            [
              77.24232353405236,
              29.48488126338061
            ],
            [
              77.24281312935693,
              29.484804273661716
            ],
            [
              77.24310175715941,
              29.4847814612158
            ],
            [
              77.24344719981032,
              29.48484434889147
            ],
            [
              77.24392663067746,
              29.484880125613522
            ],
            [
              77.24460695089329,
              29.484766825058113
            ],
            [
              77.24489031905975,
              29.484716987662345
            ],
            [
              77.24526657302661,
              29.48469420412976
            ],
            [
              77.24566356639845,
              29.484680384338272
            ],
            [
              77.24608615456935,
              29.484603339728675
            ],
            [
              77.24628704661295,
              29.484463421262983
            ],
            [
              77.24670431585908,
              29.48429166136616
            ],
            [
              77.24688477033165,
              29.484246473362646
            ],
            [
              77.24726609798324,
              29.484160476361403
            ],
            [
              77.24763196293385,
              29.484110577673214
            ],
            [
              77.24787940477718,
              29.484047297771724
            ],
            [
              77.24814223296468,
              29.483979425277063
            ],
            [
              77.24844618063601,
              29.48388450020426
            ],
            [
              77.24879490123942,
              29.483773574970108
            ],
            [
              77.24935149738947,
              29.483765587835613
            ],
            [
              77.24992295167431,
              29.483317806046646
            ],
            [
              77.24996280273692,
              29.482944024719135
            ],
            [
              77.24988141627051,
              29.482124553808198
            ],
            [
              77.24955735262503,
              29.48041369615772
            ],
            [
              77.25011137061021,
              29.480371495249415
            ],
            [
              77.25033221693124,
              29.48027047496981
            ],
            [
              77.25040371114973,
              29.480214537276076
            ],
            [
              77.25043437873519,
              29.479942548783534
            ],
            [
              77.25066440224518,
              29.479739733860434
            ],
            [
              77.25092362818842,
              29.479635796050204
            ],
            [
              77.25118102875497,
              29.47951506286456
            ],
            [
              77.2514177276458,
              29.479379045874595
            ],
            [
              77.25170766339536,
              29.479390772940526
            ],
            [
              77.2516894114254,
              29.47959436431711
            ],
            [
              77.25180820194365,
              29.479821180189532
            ],
            [
              77.25259927814577,
              29.479744084965073
            ],
            [
              77.25292405056199,
              29.4797193969013
            ],
            [
              77.25309592792027,
              29.47970629900906
            ],
            [
              77.25328621625026,
              29.479877173623027
            ],
            [
              77.25350549680775,
              29.48014692184084
            ],
            [
              77.25357026713637,
              29.4804115612841
            ],
            [
              77.25360270440297,
              29.480543928057813
            ],
            [
              77.25371894011252,
              29.48055195532846
            ],
            [
              77.25398656260872,
              29.480531602892185
            ],
            [
              77.25419499600915,
              29.480498883835992
            ],
            [
              77.25440181423869,
              29.480449374347355
            ],
            [
              77.25456873828647,
              29.480386084339656
            ],
            [
              77.25477889375726,
              29.48037006417968
            ],
            [
              77.2549267896907,
              29.480695843167048
            ],
            [
              77.25501654755729,
              29.481211342023304
            ],
            [
              77.25508304175291,
              29.48149277284907
            ],
            [
              77.25523667432778,
              29.481683263930485
            ],
            [
              77.25534468236762,
              29.481995079344216
            ],
            [
              77.25559051173502,
              29.482144913744452
            ],
            [
              77.25602000076394,
              29.482011168062684
            ],
            [
              77.25660545439418,
              29.481511569701258
            ],
            [
              77.25809788216952,
              29.480454364319332
            ],
            [
              77.25873150616025,
              29.48005230676329
            ],
            [
              77.25893127171649,
              29.479834859099896
            ],
            [
              77.25973928924657,
              29.478863446984807
            ],
            [
              77.26016524340483,
              29.478308633370915
            ],
            [
              77.26033046604348,
              29.477841072743665
            ],
            [
              77.26046348587579,
              29.476179680975044
            ],
            [
              77.26238857732629,
              29.47579700811004
            ],
            [
              77.26332134839144,
              29.475692317061085
            ],
            [
              77.26311932986049,
              29.475016804635697
            ],
            [
              77.2628052896169,
              29.47418146825012
            ],
            [
              77.26249602571573,
              29.473008657133892
            ],
            [
              77.26245938882518,
              29.47264080337974
            ],
            [
              77.26254651642459,
              29.47254985935074
            ],
            [
              77.26310757001508,
              29.472229020315122
            ],
            [
              77.26315053733344,
              29.472204449295376
            ],
            [
              77.2630209149295,
              29.471958548727404
            ],
            [
              77.26261812742412,
              29.471229261709833
            ],
            [
              77.26177859519723,
              29.47022449573211
            ],
            [
              77.2602807496824,
              29.468880219630623
            ],
            [
              77.25946798635267,
              29.468426188820253
            ],
            [
              77.2594291791324,
              29.468404509858097
            ],
            [
              77.25825304367699,
              29.46812946686238
            ],
            [
              77.25718495039742,
              29.46785882009733
            ],
            [
              77.25559439874526,
              29.46760271113893
            ],
            [
              77.25476641615799,
              29.46765317715757
            ],
            [
              77.25358481894564,
              29.467755682710155
            ],
            [
              77.2523241098012,
              29.468002570314933
            ],
            [
              77.25134385558677,
              29.468253136311443
            ],
            [
              77.25051105533461,
              29.468542855014956
            ],
            [
              77.25002763235435,
              29.468881315344287
            ],
            [
              77.24945892871091,
              29.469804662219232
            ],
            [
              77.24878273805047,
              29.470177841306327
            ],
            [
              77.2485912181302,
              29.46929848262254
            ],
            [
              77.24840037464138,
              29.46917238370744
            ],
            [
              77.24792049731154,
              29.468685650888478
            ],
            [
              77.24766777966252,
              29.468433270712566
            ],
            [
              77.24733227597191,
              29.467959904364356
            ],
            [
              77.2468989969508,
              29.46759945993326
            ],
            [
              77.2466306198698,
              29.467270414232942
            ],
            [
              77.24613530589012,
              29.466711502263465
            ],
            [
              77.24541795981327,
              29.46577843912861
            ],
            [
              77.24471638096622,
              29.465152052270376
            ],
            [
              77.24425730592345,
              29.464719431895244
            ],
            [
              77.24408181015123,
              29.464412855223333
            ],
            [
              77.24357109725096,
              29.463935102682356
            ],
            [
              77.24344206324355,
              29.46372770293491
            ],
            [
              77.24326655938648,
              29.46340765800961
            ],
            [
              77.24299829369654,
              29.463186790334465
            ],
            [
              77.24288998472107,
              29.463101210335928
            ],
            [
              77.24257535069111,
              29.462884948799363
            ],
            [
              77.24244626637804,
              29.462614431951735
            ],
            [
              77.24230167265159,
              29.462325877349446
            ],
            [
              77.24220356404616,
              29.462046361977922
            ],
            [
              77.2420898849419,
              29.46179378773103
            ],
            [
              77.24198144840564,
              29.4615548598174
            ],
            [
              77.24190387888083,
              29.461302353958164
            ],
            [
              77.24170271824097,
              29.461081440244218
            ],
            [
              77.24134159639507,
              29.460716440330664
            ],
            [
              77.24106828576649,
              29.460585802049817
            ],
            [
              77.24072288803134,
              29.46049588200499
            ],
            [
              77.2402281211257,
              29.460405965009016
            ],
            [
              77.23986706575509,
              29.460113056087742
            ],
            [
              77.2394441191564,
              29.459784183203027
            ],
            [
              77.23893855989093,
              29.459162040134384
            ],
            [
              77.23855672828446,
              29.458670721887216
            ],
            [
              77.23833999624743,
              29.458341625317168
            ],
            [
              77.23806647181982,
              29.457935889089676
            ],
            [
              77.23786021503733,
              29.4578728986817
            ],
            [
              77.23748405180031,
              29.45790922462555
            ],
            [
              77.23705114737672,
              29.457936606347253
            ],
            [
              77.23662857268052,
              29.45792339926471
            ],
            [
              77.23638632130289,
              29.45787389674191
            ],
            [
              77.23622647957282,
              29.45773420497891
            ],
            [
              77.236210826429,
              29.457531305739288
            ],
            [
              77.23624666741219,
              29.457319216224708
            ],
            [
              77.2369162132345,
              29.45687680700984
            ],
            [
              77.23760641581674,
              29.456483941329125
            ],
            [
              77.23829658695797,
              29.456054888326786
            ],
            [
              77.2391205711439,
              29.45543190890099
            ],
            [
              77.23983129843376,
              29.4549398099417
            ],
            [
              77.24065006430621,
              29.454352824706106
            ],
            [
              77.24115473693449,
              29.45392396762996
            ],
            [
              77.24165915533956,
              29.45331922339066
            ],
            [
              77.24233366255716,
              29.452727924230853
            ],
            [
              77.24276099023953,
              29.452317156204828
            ],
            [
              77.24341484159547,
              29.45169426099345
            ],
            [
              77.24395540371603,
              29.451152599774392
            ],
            [
              77.24449600805738,
              29.450665075687326
            ],
            [
              77.24498513623799,
              29.45020461000203
            ],
            [
              77.24539190956834,
              29.44989314895892
            ],
            [
              77.24580394522957,
              29.449613198040712
            ],
            [
              77.24608704659644,
              29.4493513756515
            ],
            [
              77.24649378758738,
              29.449008307643354
            ],
            [
              77.24689036144598,
              29.44876436512672
            ],
            [
              77.24735402598156,
              29.448646793804762
            ],
            [
              77.247879712001,
              29.448714043031206
            ],
            [
              77.24829203242821,
              29.44876332082419
            ],
            [
              77.24877449241446,
              29.449132708338652
            ],
            [
              77.24923690380024,
              29.449060057975608
            ],
            [
              77.24976984371558,
              29.448642646315292
            ],
            [
              77.24975234543216,
              29.448178913366842
            ],
            [
              77.2496935264423,
              29.447442037198062
            ],
            [
              77.24975176332387,
              29.44687214329335
            ],
            [
              77.25010806840321,
              29.446555958869354
            ],
            [
              77.25115117773808,
              29.44607442835428
            ],
            [
              77.25205104710766,
              29.445621626110146
            ],
            [
              77.25347557482395,
              29.444904804650516
            ],
            [
              77.25612125976109,
              29.443573807956536
            ],
            [
              77.25756833519101,
              29.44282246579574
            ],
            [
              77.25944770239354,
              29.441799253365016
            ],
            [
              77.26040205099181,
              29.44136186069157
            ],
            [
              77.26117254768913,
              29.441026590328974
            ],
            [
              77.262186606406,
              29.44068519883765
            ],
            [
              77.26275032709457,
              29.44057945219348
            ],
            [
              77.26323468791598,
              29.440253412907307
            ],
            [
              77.26321731898997,
              29.440078697638924
            ],
            [
              77.26319306627394,
              29.439690787064652
            ],
            [
              77.26305789767144,
              29.439198207311847
            ],
            [
              77.26293017520436,
              29.438780503967248
            ],
            [
              77.26364710985284,
              29.438122401360854
            ],
            [
              77.26393627035627,
              29.437999706736605
            ],
            [
              77.26456133789388,
              29.437788640373995
            ],
            [
              77.26503076422371,
              29.437602041888283
            ],
            [
              77.26520866119267,
              29.437513000379454
            ],
            [
              77.26526062244365,
              29.437458733642863
            ],
            [
              77.26562550643398,
              29.43740868601868
            ],
            [
              77.2658980274434,
              29.4372621628747
            ],
            [
              77.26615352717482,
              29.437161061320488
            ],
            [
              77.26637862881536,
              29.437043320872416
            ],
            [
              77.2668370373082,
              29.436744494160436
            ],
            [
              77.26674807624731,
              29.437835678957114
            ],
            [
              77.26599570126423,
              29.438785604732747
            ],
            [
              77.26561038778773,
              29.439242409322954
            ],
            [
              77.2652661264214,
              29.439532727209226
            ],
            [
              77.26499660578502,
              29.439855095045953
            ],
            [
              77.26477374005125,
              29.440211508213245
            ],
            [
              77.26526384739553,
              29.440664402653006
            ],
            [
              77.26595345529307,
              29.44110209013255
            ],
            [
              77.26672481077975,
              29.44178511089473
            ],
            [
              77.26698427657314,
              29.44273343199484
            ],
            [
              77.26760526306445,
              29.44377977038191
            ],
            [
              77.26805711475403,
              29.444713395704945
            ],
            [
              77.26842371632318,
              29.44528636512377
            ],
            [
              77.26842635377685,
              29.445290486153038
            ],
            [
              77.26960755123889,
              29.4447837633581
            ],
            [
              77.27020145262607,
              29.44426068595658
            ],
            [
              77.27061076100212,
              29.443613373001476
            ],
            [
              77.27107892160566,
              29.443125078123728
            ],
            [
              77.27277101612262,
              29.441663313305806
            ],
            [
              77.27361225335193,
              29.440668788291244
            ],
            [
              77.27383768377584,
              29.440337233195944
            ],
            [
              77.27392486617248,
              29.439915668325963
            ],
            [
              77.27388264715076,
              29.43949145433271
            ],
            [
              77.27388125566038,
              29.43918985992718
            ],
            [
              77.2743656874487,
              29.438863695700018
            ],
            [
              77.27463971313624,
              29.438805035361327
            ],
            [
              77.27479275461961,
              29.439044889137634
            ],
            [
              77.27504689519998,
              29.439289386211346
            ],
            [
              77.27525070856491,
              29.439462399725876
            ],
            [
              77.27547007536067,
              29.439357742364233
            ],
            [
              77.27557215362135,
              29.43908583909603
            ],
            [
              77.27568794017327,
              29.438951395902087
            ],
            [
              77.27605354910402,
              29.439162325287747
            ],
            [
              77.27642834241023,
              29.4393222922382
            ],
            [
              77.27668983210796,
              29.439641752862006
            ],
            [
              77.27740464673235,
              29.43932314262204
            ],
            [
              77.27840611556059,
              29.438857034199206
            ],
            [
              77.27944862212587,
              29.43851335727254
            ],
            [
              77.28009937788738,
              29.438488810943714
            ],
            [
              77.28056954083573,
              29.438452966220712
            ],
            [
              77.28119998658697,
              29.438153343333227
            ],
            [
              77.2811993362067,
              29.438002454286686
            ],
            [
              77.28118691070968,
              29.437877749704107
            ],
            [
              77.28102198002352,
              29.43766399185689
            ],
            [
              77.28085834201305,
              29.43746280570278
            ],
            [
              77.28066642144415,
              29.437186940292463
            ],
            [
              77.2803784655815,
              29.436819217936783
            ],
            [
              77.28015067887661,
              29.436622810222403
            ],
            [
              77.2799357407752,
              29.436626690641862
            ],
            [
              77.27967236192043,
              29.436539884997106
            ],
            [
              77.27951326938532,
              29.436313124106594
            ],
            [
              77.27891506416961,
              29.435711318269316
            ],
            [
              77.27841164558944,
              29.435234326377216
            ],
            [
              77.27813245009744,
              29.434953956368034
            ],
            [
              77.2780999382707,
              29.434843293685866
            ],
            [
              77.27812434998856,
              29.434728190223474
            ],
            [
              77.27810388097649,
              29.434522366687894
            ],
            [
              77.27795974988238,
              29.43430071167076
            ],
            [
              77.27723654589157,
              29.433777673354715
            ],
            [
              77.27657518192487,
              29.43340692262555
            ],
            [
              77.27438401038553,
              29.432342173652362
            ],
            [
              77.27328866132194,
              29.431721663384828
            ],
            [
              77.271608063444,
              29.43088189893964
            ],
            [
              77.27106812205933,
              29.43057730822861
            ],
            [
              77.27018836776561,
              29.43010379734034
            ],
            [
              77.26915612714738,
              29.429503654070448
            ],
            [
              77.26788394202514,
              29.428620116115813
            ],
            [
              77.26697793177232,
              29.427991411625666
            ],
            [
              77.26552027957821,
              29.42719118230378
            ],
            [
              77.26459147996492,
              29.426727611909364
            ],
            [
              77.26250454982947,
              29.424483698179333
            ],
            [
              77.26167286887818,
              29.423276237856005
            ],
            [
              77.25985742758787,
              29.42219365618667
            ],
            [
              77.26184060769793,
              29.420098932983784
            ],
            [
              77.26259579710278,
              29.41882043635135
            ],
            [
              77.2634981862467,
              29.41730642997411
            ],
            [
              77.26366374665189,
              29.41715900300151
            ],
            [
              77.26433360868116,
              29.41710791170066
            ],
            [
              77.2654602038453,
              29.41666982815261
            ],
            [
              77.26672461225208,
              29.41595704425266
            ],
            [
              77.26704750000287,
              29.41588218383946
            ],
            [
              77.26730967870841,
              29.4152791622162
            ],
            [
              77.26838906830265,
              29.41473187922012
            ],
            [
              77.26961997673591,
              29.413833812107686
            ],
            [
              77.27023359704188,
              29.413221446744263
            ],
            [
              77.27030413275797,
              29.412776310747628
            ],
            [
              77.27141556256346,
              29.41226417805929
            ],
            [
              77.27216435237024,
              29.411855183094957
            ],
            [
              77.2730236268721,
              29.41097286579116
            ],
            [
              77.27483145314373,
              29.409108636793736
            ],
            [
              77.27485676227852,
              29.40908253937816
            ],
            [
              77.27592704385414,
              29.40873045485776
            ],
            [
              77.27726134029173,
              29.408219944379546
            ],
            [
              77.27779023599165,
              29.408053911320245
            ],
            [
              77.27863590461023,
              29.40797037271918
            ],
            [
              77.27914579914528,
              29.407830858015632
            ],
            [
              77.2800370258235,
              29.407555329236757
            ],
            [
              77.28235229602608,
              29.40680639622763
            ],
            [
              77.2836765618752,
              29.40634055335305
            ],
            [
              77.2845273266364,
              29.40594860886075
            ],
            [
              77.28559194523243,
              29.405684952994118
            ],
            [
              77.28637182842611,
              29.40551845407086
            ],
            [
              77.28688499103217,
              29.40576704022174
            ],
            [
              77.28717244293995,
              29.405122627916473
            ],
            [
              77.28802650990811,
              29.404403479611833
            ],
            [
              77.2890664095625,
              29.403821030053937
            ],
            [
              77.29028127408473,
              29.403193695836038
            ],
            [
              77.29045770140989,
              29.403092227769427
            ],
            [
              77.29176511755927,
              29.40221816917467
            ],
            [
              77.29209474357297,
              29.401929272295742
            ],
            [
              77.29206953774441,
              29.40160472113227
            ],
            [
              77.29280587510469,
              29.40100843217921
            ],
            [
              77.2933534701356,
              29.40064102104539
            ],
            [
              77.29318312979478,
              29.400226901657877
            ],
            [
              77.29353326973634,
              29.399999177694134
            ],
            [
              77.29382662537215,
              29.40020914237669
            ],
            [
              77.29402154092419,
              29.399078244182853
            ],
            [
              77.29416903980227,
              29.398759343147546
            ],
            [
              77.29469998815263,
              29.39890715838469
            ],
            [
              77.2950938913199,
              29.39890205326889
            ],
            [
              77.29646863530145,
              29.39845151463798
            ],
            [
              77.29783505369699,
              29.397989005878316
            ],
            [
              77.29857163539901,
              29.39770903319387
            ],
            [
              77.29778113861026,
              29.39662442603788
            ],
            [
              77.297125525658,
              29.395667865118067
            ],
            [
              77.29643619803487,
              29.394374141178726
            ],
            [
              77.29695853693153,
              29.393491049933797
            ],
            [
              77.29687248371721,
              29.39262943484558
            ],
            [
              77.29633943061413,
              29.392468948245025
            ],
            [
              77.29582245286306,
              29.392181293183857
            ],
            [
              77.29558490057272,
              29.391960446672588
            ],
            [
              77.29540183379926,
              29.391420782080516
            ],
            [
              77.2951301733759,
              29.390785078703566
            ],
            [
              77.29417495341177,
              29.387688727719087
            ],
            [
              77.29419559220545,
              29.386380068788046
            ],
            [
              77.2940141163484,
              29.386035657054805
            ],
            [
              77.29373556405011,
              29.38511398813605
            ],
            [
              77.29563373388987,
              29.384868217897097
            ],
            [
              77.29563614856137,
              29.384748516358293
            ],
            [
              77.29552703828861,
              29.38426661303545
            ],
            [
              77.29504008762426,
              29.38280154431745
            ],
            [
              77.29465323713029,
              29.381404210122756
            ],
            [
              77.29446378603016,
              29.38072718263608
            ],
            [
              77.29427277814958,
              29.380106931010264
            ],
            [
              77.29432685223813,
              29.380002207035727
            ],
            [
              77.29457438930285,
              29.379895238725013
            ],
            [
              77.29471714777118,
              29.379815276215023
            ],
            [
              77.29474461555763,
              29.37973135903447
            ],
            [
              77.2944152249025,
              29.379234843980893
            ],
            [
              77.29388865943241,
              29.378413984712516
            ],
            [
              77.29367549819865,
              29.378002885655143
            ],
            [
              77.2936985597486,
              29.37722791671498
            ],
            [
              77.29354514905766,
              29.376768164776674
            ],
            [
              77.29324377955119,
              29.376263230264982
            ],
            [
              77.29295139409588,
              29.376065074143963
            ],
            [
              77.29272823101974,
              29.375913829102586
            ],
            [
              77.29153704698672,
              29.374974487216274
            ],
            [
              77.2912526188082,
              29.374741936221728
            ],
            [
              77.2908690283004,
              29.37496699487234
            ],
            [
              77.29039117936648,
              29.375254506030625
            ],
            [
              77.29015490537874,
              29.375344251041547
            ],
            [
              77.2896137943876,
              29.37499715838327
            ],
            [
              77.2890116276015,
              29.375291732011465
            ],
            [
              77.28868854491631,
              29.374966724017593
            ],
            [
              77.28855636500877,
              29.375098440767925
            ],
            [
              77.28828697193316,
              29.375172051303387
            ],
            [
              77.28799156274863,
              29.374968259122237
            ],
            [
              77.28793495720763,
              29.37491187591003
            ],
            [
              77.28770582931799,
              29.374605032827212
            ],
            [
              77.287505021716,
              29.374323128755908
            ],
            [
              77.28738146833014,
              29.374043351620553
            ],
            [
              77.28716011625761,
              29.373549371797896
            ],
            [
              77.2870391581046,
              29.3733847100196
            ],
            [
              77.28694392141313,
              29.373296708209324
            ],
            [
              77.28675085369565,
              29.37301026008728
            ],
            [
              77.28656288481571,
              29.372786931087724
            ],
            [
              77.28631565227982,
              29.372904154155645
            ],
            [
              77.28593968487556,
              29.37308682027717
            ],
            [
              77.28542210704987,
              29.37332573006635
            ],
            [
              77.2851001786998,
              29.37339111826124
            ],
            [
              77.28483502926561,
              29.373219623680697
            ],
            [
              77.28468824095494,
              29.37318801062297
            ],
            [
              77.28462121495662,
              29.373206029041533
            ],
            [
              77.28450794907741,
              29.373219600195785
            ],
            [
              77.28442041723613,
              29.373100026647723
            ],
            [
              77.28421193442836,
              29.37277291131187
            ],
            [
              77.28399833481672,
              29.372454871915625
            ],
            [
              77.28383105234116,
              29.372161616989647
            ],
            [
              77.28366886331324,
              29.371931574053068
            ],
            [
              77.28348091868781,
              29.37167892288867
            ],
            [
              77.28322603789559,
              29.37147360812792
            ],
            [
              77.28298664136396,
              29.371538919228207
            ],
            [
              77.28279864373795,
              29.37159758707944
            ],
            [
              77.28263631996272,
              29.371649358052117
            ],
            [
              77.28257721171533,
              29.37155014363969
            ],
            [
              77.28246911025069,
              29.371414739014206
            ],
            [
              77.2824149678902,
              29.371403470748458
            ],
            [
              77.28229395943153,
              29.371455298184603
            ],
            [
              77.28226043969502,
              29.371414693609218
            ],
            [
              77.2822038970361,
              29.37131772338573
            ],
            [
              77.28192333610488,
              29.370929742146362
            ],
            [
              77.28170971044209,
              29.370670333280472
            ],
            [
              77.28142655876958,
              29.37011986824101
            ],
            [
              77.28108938690748,
              29.369614572732907
            ],
            [
              77.28134440244696,
              29.369490617200846
            ],
            [
              77.28148608742853,
              29.369321500643167
            ],
            [
              77.281486080242,
              29.369179400368328
            ],
            [
              77.2814115200734,
              29.368922247953083
            ],
            [
              77.2812647416442,
              29.368804968631036
            ],
            [
              77.28120561632883,
              29.368597369150688
            ],
            [
              77.28111295510728,
              29.36833578892825
            ],
            [
              77.28085821535059,
              29.367972610992183
            ],
            [
              77.28065741583343,
              29.367672553294323
            ],
            [
              77.28056227795662,
              29.367390590881925
            ],
            [
              77.28036926234145,
              29.367036425983702
            ],
            [
              77.2802071361956,
              29.366666474623035
            ],
            [
              77.28003473062796,
              29.366316872201608
            ],
            [
              77.27988036772278,
              29.365965009169447
            ],
            [
              77.2796255695756,
              29.365452945308775
            ],
            [
              77.279445479819,
              29.36510101196249
            ],
            [
              77.27916236857071,
              29.364749076616903
            ],
            [
              77.27886895274777,
              29.364485104932815
            ],
            [
              77.27864750635212,
              29.36436775003907
            ],
            [
              77.27833867004902,
              29.364063202740976
            ],
            [
              77.27797570126688,
              29.36370450891423
            ],
            [
              77.2777544219579,
              29.363408955224724
            ],
            [
              77.27758203255993,
              29.363016468739385
            ],
            [
              77.2774559396368,
              29.362730037885456
            ],
            [
              77.27729375510042,
              29.362572089308397
            ],
            [
              77.27715993037762,
              29.362337475189555
            ],
            [
              77.27701844931363,
              29.361990130713966
            ],
            [
              77.27687953832967,
              29.361602149945856
            ],
            [
              77.27675094359843,
              29.361272796873433
            ],
            [
              77.2765862851018,
              29.36091415663528
            ],
            [
              77.27647826179056,
              29.360695371048298
            ],
            [
              77.27660456222458,
              29.360190115676716
            ],
            [
              77.27665363539191,
              29.35983830037312
            ],
            [
              77.27661253836597,
              29.359515740613876
            ],
            [
              77.27671813173436,
              29.35929470734035
            ],
            [
              77.27685212264552,
              29.35912335499959
            ],
            [
              77.27716622487281,
              29.3589655879518
            ],
            [
              77.27762204621764,
              29.35881232570496
            ],
            [
              77.27795675040768,
              29.358654540167706
            ],
            [
              77.27839966026693,
              29.35846065205281
            ],
            [
              77.27895583331049,
              29.35826684812694
            ],
            [
              77.27982104657468,
              29.35802118766214
            ],
            [
              77.28020983742967,
              29.357881444735305
            ],
            [
              77.2806244000518,
              29.357734899349452
            ],
            [
              77.28143301855482,
              29.35725693088217
            ],
            [
              77.28176003855589,
              29.357110458195514
            ],
            [
              77.28208957204316,
              29.356921058960282
            ],
            [
              77.28233681266383,
              29.35674520062159
            ],
            [
              77.28247838984757,
              29.356675303643655
            ],
            [
              77.28283892239864,
              29.35652197531408
            ],
            [
              77.28319430131494,
              29.356346110022674
            ],
            [
              77.28344405093023,
              29.35621766214894
            ],
            [
              77.28360367616634,
              29.35611169531073
            ],
            [
              77.28372472235422,
              29.35592445128337
            ],
            [
              77.28391277657408,
              29.355671912297367
            ],
            [
              77.28411366412614,
              29.35543507431564
            ],
            [
              77.28455394731151,
              29.355117160849343
            ],
            [
              77.28480375441899,
              29.354952613330266
            ],
            [
              77.28524408162181,
              29.354675286918646
            ],
            [
              77.28557370224566,
              29.354524176877128
            ],
            [
              77.28580795412566,
              29.35455809062672
            ],
            [
              77.28596233589543,
              29.354704724361042
            ],
            [
              77.28603956136547,
              29.354740843684873
            ],
            [
              77.28619412998482,
              29.35473630635752
            ],
            [
              77.28642837827158,
              29.354637184299477
            ],
            [
              77.28683775941118,
              29.354630438981914
            ],
            [
              77.2871724698894,
              29.354671083917978
            ],
            [
              77.28741442482298,
              29.354630544683335
            ],
            [
              77.28767449158929,
              29.354608085865245
            ],
            [
              77.28799629776846,
              29.35448405177774
            ],
            [
              77.28781625741922,
              29.35379156619238
            ],
            [
              77.28769541964046,
              29.35332244338124
            ],
            [
              77.2879914747137,
              29.353051838379795
            ],
            [
              77.28811253527465,
              29.35301576465328
            ],
            [
              77.28831334197832,
              29.353110497307384
            ],
            [
              77.28876896569379,
              29.353297848294805
            ],
            [
              77.28896969693898,
              29.353415117287945
            ],
            [
              77.28905215240059,
              29.353451232371096
            ],
            [
              77.28939966476995,
              29.353485123771403
            ],
            [
              77.28984253779828,
              29.353462627900576
            ],
            [
              77.2900973368438,
              29.353579981266098
            ],
            [
              77.29040630340259,
              29.353521418132644
            ],
            [
              77.2906869613519,
              29.353532743185916
            ],
            [
              77.2911838177389,
              29.353356861772227
            ],
            [
              77.29155972944761,
              29.35339296982917
            ],
            [
              77.29190724181697,
              29.353426857333933
            ],
            [
              77.29224456369775,
              29.353381777867558
            ],
            [
              77.29249944987983,
              29.353357024632732
            ],
            [
              77.29279553819075,
              29.353289445311518
            ],
            [
              77.29279297080566,
              29.352910547717755
            ],
            [
              77.29284201792186,
              29.35215714480657
            ],
            [
              77.29287819756992,
              29.351861725170295
            ],
            [
              77.29310221404558,
              29.351618208764236
            ],
            [
              77.29326439858193,
              29.351394908016413
            ],
            [
              77.29386687708339,
              29.351018311664962
            ],
            [
              77.29465736309238,
              29.350666589181706
            ],
            [
              77.29563573084475,
              29.350159241198355
            ],
            [
              77.29638750305826,
              29.349922485928246
            ],
            [
              77.29715216340114,
              29.349665420350316
            ],
            [
              77.29748682357372,
              29.34951207990431
            ],
            [
              77.29808407028699,
              29.349311384870102
            ],
            [
              77.29839304942224,
              29.349194168313694
            ],
            [
              77.29907526418496,
              29.348876246334942
            ],
            [
              77.29988114372466,
              29.348560487632326
            ],
            [
              77.30037801358642,
              29.348301201099183
            ],
            [
              77.30068694061934,
              29.348147881307895
            ],
            [
              77.3011297902915,
              29.34792460819068
            ],
            [
              77.30154425769224,
              29.34763140869373
            ],
            [
              77.30178627910114,
              29.347419424158357
            ],
            [
              77.3020540237682,
              29.34712623573633
            ],
            [
              77.30225485742132,
              29.34680819298271
            ],
            [
              77.30228322531966,
              29.34651501924584
            ],
            [
              77.30244284875913,
              29.346350393624864
            ],
            [
              77.30300662334662,
              29.346043661806952
            ],
            [
              77.30332334236634,
              29.345897061807076
            ],
            [
              77.30339022732912,
              29.34582717696266
            ],
            [
              77.3033234043501,
              29.345592601798757
            ],
            [
              77.30297585065826,
              29.34524071572374
            ],
            [
              77.30278793567722,
              29.345087302843428
            ],
            [
              77.30264126504584,
              29.344769295228122
            ],
            [
              77.30239929214596,
              29.344582082036982
            ],
            [
              77.30221137896157,
              29.34442866894827
            ],
            [
              77.3021573210427,
              29.34427530182879
            ],
            [
              77.3017557741107,
              29.34416924583041
            ],
            [
              77.30136704164624,
              29.34394594363666
            ],
            [
              77.3004146459854,
              29.343393233208854
            ],
            [
              77.29943901180643,
              29.34277516522208
            ],
            [
              77.29890367428759,
              29.342269943916847
            ],
            [
              77.29846088120934,
              29.341999181139546
            ],
            [
              77.29829881704725,
              29.341854808642648
            ],
            [
              77.29799507509011,
              29.34156155174583
            ],
            [
              77.29782779441118,
              29.34142625290371
            ],
            [
              77.29758579007024,
              29.341202932170944
            ],
            [
              77.2972718378616,
              29.340855533647005
            ],
            [
              77.2969835127914,
              29.340550988883667
            ],
            [
              77.29683682599033,
              29.340368299646787
            ],
            [
              77.29662830814827,
              29.340120159848322
            ],
            [
              77.29655114376365,
              29.3398428008981
            ],
            [
              77.29630407472119,
              29.33957880304665
            ],
            [
              77.29613680572032,
              29.33928563513878
            ],
            [
              77.29645083877735,
              29.339213492805065
            ],
            [
              77.29675460678561,
              29.339127801350372
            ],
            [
              77.29690911342122,
              29.339010554286638
            ],
            [
              77.29715365460451,
              29.33889326323476
            ],
            [
              77.297460033117,
              29.33876473306127
            ],
            [
              77.29769682992419,
              29.33860461417309
            ],
            [
              77.29791052655389,
              29.338410665194022
            ],
            [
              77.29804693842473,
              29.338331778193805
            ],
            [
              77.2984073820426,
              29.33820772820971
            ],
            [
              77.29872909569528,
              29.338214508287745
            ],
            [
              77.2989376988773,
              29.33808598117396
            ],
            [
              77.2991281165647,
              29.337885316106206
            ],
            [
              77.29935984687373,
              29.337650710917348
            ],
            [
              77.29976405102232,
              29.337328203079423
            ],
            [
              77.29993398622295,
              29.337179418985922
            ],
            [
              77.30021714328534,
              29.336931290219535
            ],
            [
              77.30026608529865,
              29.336696731388137
            ],
            [
              77.29987484024633,
              29.336450838801696
            ],
            [
              77.29944755658143,
              29.336193714183302
            ],
            [
              77.29920302258468,
              29.33599069134162
            ],
            [
              77.29878605786746,
              29.335744822895208
            ],
            [
              77.29823524507123,
              29.335413144159926
            ],
            [
              77.29799076677003,
              29.335250802204513
            ],
            [
              77.2976741833959,
              29.334919207222647
            ],
            [
              77.29735503712827,
              29.334747729311676
            ],
            [
              77.297136309933,
              29.334522139322125
            ],
            [
              77.29678110888315,
              29.33420180417207
            ],
            [
              77.29645168319374,
              29.33392212592615
            ],
            [
              77.29630500178257,
              29.33365367393427
            ],
            [
              77.296693702806,
              29.333274834902152
            ],
            [
              77.29702318778423,
              29.333155306872435
            ],
            [
              77.29757404190298,
              29.332920844294513
            ],
            [
              77.29746339910437,
              29.332706506364516
            ],
            [
              77.29732960582257,
              29.33246062764878
            ],
            [
              77.297059397975,
              29.332083998140046
            ],
            [
              77.29695129920528,
              29.33177267329396
            ],
            [
              77.29681499692892,
              29.331526841664925
            ],
            [
              77.29705947702675,
              29.33129226883356
            ],
            [
              77.29705958123132,
              29.331129910918953
            ],
            [
              77.29695144113913,
              29.330949425045326
            ],
            [
              77.29698754083711,
              29.33076678125487
            ],
            [
              77.29721914987356,
              29.330809615233463
            ],
            [
              77.29753840573565,
              29.330669846737273
            ],
            [
              77.29768505570578,
              29.33050967676093
            ],
            [
              77.29798886503653,
              29.33039246364294
            ],
            [
              77.29818450283408,
              29.330435332237844
            ],
            [
              77.29852676814386,
              29.330381251925935
            ],
            [
              77.29877130124227,
              29.330273027780013
            ],
            [
              77.29882030793429,
              29.33000685536573
            ],
            [
              77.29886922928635,
              29.329835421665226
            ],
            [
              77.29902877816563,
              29.32970689416965
            ],
            [
              77.29938406275885,
              29.329535475628234
            ],
            [
              77.29964141571469,
              29.329438551687712
            ],
            [
              77.29976243135987,
              29.329427298357956
            ],
            [
              77.30018965483764,
              29.329298775046965
            ],
            [
              77.30039814213698,
              29.329213032184565
            ],
            [
              77.30037498267065,
              29.329095820708915
            ],
            [
              77.30027723518795,
              29.328870247975335
            ],
            [
              77.30018980216136,
              29.32857475379222
            ],
            [
              77.30013058162457,
              29.328265716071186
            ],
            [
              77.30004312973333,
              29.32783718074267
            ],
            [
              77.29988619135824,
              29.327483071010843
            ],
            [
              77.29967766004148,
              29.327451439060287
            ],
            [
              77.2995438685563,
              29.32752588287327
            ],
            [
              77.2994460671747,
              29.32753715912515
            ],
            [
              77.29930960679482,
              29.327408608370195
            ],
            [
              77.29910372371148,
              29.327203299151126
            ],
            [
              77.29871253704964,
              29.326817580133216
            ],
            [
              77.29841918680373,
              29.326528886702864
            ],
            [
              77.29823392634438,
              29.326217544897332
            ],
            [
              77.29885939632726,
              29.325940256990318
            ],
            [
              77.29917595365023,
              29.32574628862003
            ],
            [
              77.29958014432408,
              29.32552300481224
            ],
            [
              77.2998375233311,
              29.32537192908452
            ],
            [
              77.30008207529417,
              29.32528624322694
            ],
            [
              77.30030083123552,
              29.325103549350597
            ],
            [
              77.3006817357806,
              29.324869058861474
            ],
            [
              77.30090059502821,
              29.324686365804315
            ],
            [
              77.30127894566296,
              29.32465478389461
            ],
            [
              77.30142561629435,
              29.32471799312999
            ],
            [
              77.30159811618509,
              29.32462321528965
            ],
            [
              77.30196361731801,
              29.32436619869046
            ],
            [
              77.30254012103303,
              29.324075247380573
            ],
            [
              77.30256335416124,
              29.324012047928594
            ],
            [
              77.30251441214793,
              29.323926381292086
            ],
            [
              77.30247840228145,
              29.32389480776241
            ],
            [
              77.3023676804311,
              29.323818092338815
            ],
            [
              77.30235489740461,
              29.323680529182468
            ],
            [
              77.30275894704299,
              29.323400883954474
            ],
            [
              77.30323513499195,
              29.323197947641805
            ],
            [
              77.30357750360798,
              29.32308063605042
            ],
            [
              77.30376018230922,
              29.322940854612057
            ],
            [
              77.3037860016871,
              29.322663384705592
            ],
            [
              77.30404338877896,
              29.32244917167898
            ],
            [
              77.30427496367942,
              29.32232056281856
            ],
            [
              77.30453235077124,
              29.322029658149717
            ],
            [
              77.30471515703324,
              29.32186953569535
            ],
            [
              77.30516811185403,
              29.321849273654884
            ],
            [
              77.30526592042217,
              29.321923665164576
            ],
            [
              77.3055207167727,
              29.322383775850092
            ],
            [
              77.3057162943831,
              29.322620607613413
            ],
            [
              77.30621820828517,
              29.32242670811936
            ],
            [
              77.30670714422634,
              29.322223700161743
            ],
            [
              77.30734288913943,
              29.321880944937668
            ],
            [
              77.30791692069083,
              29.321558412285988
            ],
            [
              77.30778052588796,
              29.320908787075663
            ],
            [
              77.30758233328177,
              29.320178044820683
            ],
            [
              77.30748709389538,
              29.31988031201684
            ],
            [
              77.30739445243674,
              29.319530671260196
            ],
            [
              77.30729925886439,
              29.319302849823348
            ],
            [
              77.30741767568347,
              29.319045804153873
            ],
            [
              77.3073584991641,
              29.318892346374266
            ],
            [
              77.30720668657605,
              29.31862399423754
            ],
            [
              77.30714751364995,
              29.318130050391353
            ],
            [
              77.30721700282876,
              29.317911218385724
            ],
            [
              77.30759279326494,
              29.317746625685793
            ],
            [
              77.30780633897766,
              29.317518844127516
            ],
            [
              77.30778062200773,
              29.3170248181711
            ],
            [
              77.30771118313456,
              29.316594015057575
            ],
            [
              77.30778065524538,
              29.316366294370745
            ],
            [
              77.30811012585056,
              29.316201659231833
            ],
            [
              77.30789909003074,
              29.315667053368607
            ],
            [
              77.30745392809506,
              29.314760366292653
            ],
            [
              77.30733547893665,
              29.314534811203497
            ],
            [
              77.3072892372591,
              29.314473929055804
            ],
            [
              77.3070781852696,
              29.314534808853672
            ],
            [
              77.30639620496714,
              29.314947527714455
            ],
            [
              77.30576301306608,
              29.315337698324708
            ],
            [
              77.3053872567659,
              29.315563217175033
            ],
            [
              77.30524574965078,
              29.315254168230517
            ],
            [
              77.3048237741309,
              29.314430969158046
            ],
            [
              77.30456383672197,
              29.314020424958535
            ],
            [
              77.3041187170071,
              29.31323770036544
            ],
            [
              77.30401581588961,
              29.312985097139336
            ],
            [
              77.30382788294227,
              29.312705411627626
            ],
            [
              77.30352433142802,
              29.31231520902004
            ],
            [
              77.30338274795609,
              29.312139290958733
            ],
            [
              77.3036401700822,
              29.311965573670896
            ],
            [
              77.30393355715907,
              29.311873186370494
            ],
            [
              77.30427582336715,
              29.311625024233354
            ],
            [
              77.30461550602045,
              29.311480724662193
            ],
            [
              77.30482653016219,
              29.311286803996353
            ],
            [
              77.30457946830623,
              29.31103865609949
            ],
            [
              77.30402881271516,
              29.31048377612194
            ],
            [
              77.30385123824135,
              29.310246963184188
            ],
            [
              77.30411117026041,
              29.3100394770564
            ],
            [
              77.30370208556484,
              29.309570260226216
            ],
            [
              77.30340868860654,
              29.309261223681244
            ],
            [
              77.30333674163711,
              29.309013170341355
            ],
            [
              77.30375874859803,
              29.308909469158902
            ],
            [
              77.3042065488857,
              29.308859803222056
            ],
            [
              77.30440465794855,
              29.30885982593852
            ],
            [
              77.30466463398506,
              29.308803435127437
            ],
            [
              77.30438417276682,
              29.307777165333086
            ],
            [
              77.30415004575265,
              29.30738702299954
            ],
            [
              77.30405228838846,
              29.306951704761243
            ],
            [
              77.30367922972907,
              29.306211866611754
            ],
            [
              77.30346827296101,
              29.305593863900874
            ],
            [
              77.30329072813161,
              29.30525552419149
            ],
            [
              77.30317486701955,
              29.304998392218497
            ],
            [
              77.30291758413229,
              29.304874317359435
            ],
            [
              77.30260109687792,
              29.304957703195278
            ],
            [
              77.30242353228559,
              29.30491715672654
            ],
            [
              77.30224860065537,
              29.30473215307493
            ],
            [
              77.30207362590599,
              29.30451562909664
            ],
            [
              77.30165160816532,
              29.30444339714996
            ],
            [
              77.3009001288026,
              29.304526809971982
            ],
            [
              77.30056046231894,
              29.30447492499716
            ],
            [
              77.29994036965137,
              29.30446359527793
            ],
            [
              77.2993433070927,
              29.304556008086234
            ],
            [
              77.29897791914753,
              29.30461913968707
            ],
            [
              77.29861252581246,
              29.304639390265287
            ],
            [
              77.2985456210867,
              29.304601065273033
            ],
            [
              77.29851982416669,
              29.304537863942056
            ],
            [
              77.29853526800305,
              29.30447700716492
            ],
            [
              77.29859963858136,
              29.30441605634833
            ],
            [
              77.29860480119932,
              29.304366479878162
            ],
            [
              77.29852502181893,
              29.304195075159154
            ],
            [
              77.29831412883124,
              29.303924339766727
            ],
            [
              77.29794873998776,
              29.30318003092426
            ],
            [
              77.29767860131047,
              29.30272659728089
            ],
            [
              77.29750375591851,
              29.302399563133633
            ],
            [
              77.29736226856629,
              29.302038636682994
            ],
            [
              77.29701235859346,
              29.301495069947016
            ],
            [
              77.29676533536508,
              29.30128978927052
            ],
            [
              77.29656468406993,
              29.30113412619784
            ],
            [
              77.29633052471641,
              29.30125810297953
            ],
            [
              77.29615546372878,
              29.301246819906293
            ],
            [
              77.29603712685976,
              29.301165662117565
            ],
            [
              77.29599089416537,
              29.30098070728769
            ],
            [
              77.29581589785644,
              29.300775445161623
            ],
            [
              77.2954993773644,
              29.300827205891373
            ],
            [
              77.29531165192792,
              29.300558778831746
            ],
            [
              77.29501837444553,
              29.30018888230596
            ],
            [
              77.2948897168322,
              29.299963321649376
            ],
            [
              77.29456039175412,
              29.299521161684844
            ],
            [
              77.29423369065495,
              29.29921218324028
            ],
            [
              77.29411530797185,
              29.2990903379563
            ],
            [
              77.29387093387521,
              29.298864753720974
            ],
            [
              77.29363681584421,
              29.298524162140787
            ],
            [
              77.2934824978548,
              29.298339219760763
            ],
            [
              77.29310944728023,
              29.298032391328867
            ],
            [
              77.29273390118583,
              29.296942901226075
            ],
            [
              77.29246385862827,
              29.296624885292022
            ],
            [
              77.29169200457659,
              29.295884973870603
            ],
            [
              77.29128043244603,
              29.295566860630576
            ],
            [
              77.29104625961777,
              29.29538185178685
            ],
            [
              77.29042610496641,
              29.29583285261017
            ],
            [
              77.28987285144753,
              29.296202693625045
            ],
            [
              77.28961549579674,
              29.296078593974855
            ],
            [
              77.28941733642822,
              29.296191348886225
            ],
            [
              77.28920641289783,
              29.2962950003147
            ],
            [
              77.28890015206466,
              29.296398783252666
            ],
            [
              77.28860675690294,
              29.296549790631268
            ],
            [
              77.28810240497323,
              29.296867762927793
            ],
            [
              77.28731752265496,
              29.29721719381543
            ],
            [
              77.28698802959188,
              29.297474246676565
            ],
            [
              77.28637822263433,
              29.297771924204127
            ],
            [
              77.28618008302874,
              29.297688401669404
            ],
            [
              77.2858405485974,
              29.297289115942377
            ],
            [
              77.28554722440262,
              29.29698003986725
            ],
            [
              77.28535949896616,
              29.296774732877754
            ],
            [
              77.28508936118718,
              29.296404839095185
            ],
            [
              77.28480902842801,
              29.295942406721274
            ],
            [
              77.28450560357618,
              29.29539876600868
            ],
            [
              77.28428182874734,
              29.295069420771497
            ],
            [
              77.28414027491984,
              29.294965592610318
            ],
            [
              77.28358974509288,
              29.294688087377995
            ],
            [
              77.28329645144083,
              29.29461578110314
            ],
            [
              77.28289760574287,
              29.29452327311958
            ],
            [
              77.28273553259766,
              29.29461573801422
            ],
            [
              77.28276890501047,
              29.29490439090123
            ],
            [
              77.28279197374697,
              29.295233736670657
            ],
            [
              77.28272238395684,
              29.295479505330224
            ],
            [
              77.28238270759171,
              29.295705039070842
            ],
            [
              77.282135649329,
              29.295930490053742
            ],
            [
              77.2818577105801,
              29.296167329153306
            ],
            [
              77.28166979559906,
              29.29633192766775
            ],
            [
              77.28138670411369,
              29.296361135176472
            ],
            [
              77.28122464444318,
              29.29619648265293
            ],
            [
              77.28084918997692,
              29.295725013300935
            ],
            [
              77.2807077178961,
              29.29550838717684
            ],
            [
              77.28043757742215,
              29.29521059728766
            ],
            [
              77.28050975166535,
              29.294800119149183
            ],
            [
              77.28053308899811,
              29.29446184629937
            ],
            [
              77.2803915594251,
              29.294285901387052
            ],
            [
              77.28012151596924,
              29.294069297280256
            ],
            [
              77.27988735931062,
              29.293927153988562
            ],
            [
              77.27961723141314,
              29.293771391946063
            ],
            [
              77.27918503396364,
              29.293484876223275
            ],
            [
              77.2789973408665,
              29.293340495384875
            ],
            [
              77.2789382487888,
              29.292990835783915
            ],
            [
              77.27890483235853,
              29.29283752137212
            ],
            [
              77.2788585933759,
              29.292668319944443
            ],
            [
              77.27848563622614,
              29.292350183365823
            ],
            [
              77.27826187038043,
              29.292011846775864
            ],
            [
              77.27816929000726,
              29.291763699032273
            ],
            [
              77.27847295201431,
              29.291630660223902
            ],
            [
              77.27876627171754,
              29.29154958332293
            ],
            [
              77.27955114684926,
              29.291385104020907
            ],
            [
              77.27979560269256,
              29.291353595635464
            ],
            [
              77.27986774729136,
              29.29100624984708
            ],
            [
              77.2800325818578,
              29.290275526968
            ],
            [
              77.28019498468475,
              29.2894748456345
            ],
            [
              77.28047801777961,
              29.289362161655113
            ],
            [
              77.28076878267416,
              29.28938247637027
            ],
            [
              77.28109814098994,
              29.289197635739363
            ],
            [
              77.28137865880203,
              29.28889999511353
            ],
            [
              77.28167201174287,
              29.28867450118884
            ],
            [
              77.28196540780287,
              29.288442227298386
            ],
            [
              77.2823771883426,
              29.28817392673034
            ],
            [
              77.28243382173139,
              29.288113032778202
            ],
            [
              77.28235144711815,
              29.287928101316222
            ],
            [
              77.28241074670667,
              29.287731819140042
            ],
            [
              77.28283286236375,
              29.28718833686341
            ],
            [
              77.28326521522176,
              29.286644933962336
            ],
            [
              77.28346600036588,
              29.286326881260948
            ],
            [
              77.2834197524001,
              29.286110395820703
            ],
            [
              77.28304419103432,
              29.2856591726428
            ],
            [
              77.28283341662426,
              29.285124598002916
            ],
            [
              77.28257626219607,
              29.284788447760537
            ],
            [
              77.28236536741176,
              29.284368870325928
            ],
            [
              77.28215461006971,
              29.283710222050683
            ],
            [
              77.28187442373596,
              29.282981673754445
            ],
            [
              77.28172275128509,
              29.282611751174336
            ],
            [
              77.28175876743975,
              29.28230502279699
            ],
            [
              77.2815941888932,
              29.282027523127645
            ],
            [
              77.28146574058735,
              29.281585418712382
            ],
            [
              77.28137064313472,
              29.28132824515848
            ],
            [
              77.28174629343373,
              29.281062172311874
            ],
            [
              77.28161774541486,
              29.280805074227914
            ],
            [
              77.28124216518448,
              29.280588422729437
            ],
            [
              77.28109306910183,
              29.28041023884296
            ],
            [
              77.28093099326163,
              29.280256759809845
            ],
            [
              77.28069690128174,
              29.280060552219258
            ],
            [
              77.28089517293968,
              29.27974254718889
            ],
            [
              77.28109334578293,
              29.279476405962036
            ],
            [
              77.28109332871496,
              29.27937267634947
            ],
            [
              77.28084896809303,
              29.27923952189272
            ],
            [
              77.28077951215192,
              29.279147079122783
            ],
            [
              77.28072048744784,
              29.278808684699516
            ],
            [
              77.28068460065056,
              29.278416251043616
            ],
            [
              77.28019314493503,
              29.278540162942654
            ],
            [
              77.28001824025426,
              29.278499541733286
            ],
            [
              77.27980735804638,
              29.278303267300238
            ],
            [
              77.27956040937813,
              29.27809795019501
            ],
            [
              77.27932637039888,
              29.277985126729966
            ],
            [
              77.2788709883302,
              29.277985023299777
            ],
            [
              77.27869356926495,
              29.27789249320309
            ],
            [
              77.2786241303918,
              29.277718770147285
            ],
            [
              77.27861138958615,
              29.277409839364626
            ],
            [
              77.27854457020035,
              29.27715039235623
            ],
            [
              77.27836972031683,
              29.276789508315687
            ],
            [
              77.2782515469412,
              29.27645111705565
            ],
            [
              77.27822841262768,
              29.276234559758073
            ],
            [
              77.27809989604987,
              29.275948134325926
            ],
            [
              77.27793793609234,
              29.2755668502237
            ],
            [
              77.2779123242253,
              29.27523983097484
            ],
            [
              77.27796138122295,
              29.274858638260493
            ],
            [
              77.27791256587211,
              29.27453159167079
            ],
            [
              77.27780723660841,
              29.27408950419144
            ],
            [
              77.27773789744826,
              29.273678998386007
            ],
            [
              77.27765574741386,
              29.273076756815772
            ],
            [
              77.27763279366168,
              29.272605364905708
            ],
            [
              77.27756349043415,
              29.27231664117495
            ],
            [
              77.27744535658442,
              29.271639931352492
            ],
            [
              77.27738648189901,
              29.27068354730528
            ],
            [
              77.2773300685975,
              29.270241458854944
            ],
            [
              77.27712953857493,
              29.269894063233522
            ],
            [
              77.27711932742508,
              29.269551264752906
            ],
            [
              77.27716570834153,
              29.269253502639657
            ],
            [
              77.2772120982411,
              29.268964813324846
            ],
            [
              77.27764963976823,
              29.268516156069253
            ],
            [
              77.27787604486421,
              29.268272574715848
            ],
            [
              77.27774240968594,
              29.268024453165054
            ],
            [
              77.27765497576101,
              29.267828154697835
            ],
            [
              77.2774416061181,
              29.267399625032503
            ],
            [
              77.27728995792172,
              29.267115368266253
            ],
            [
              77.27714857387579,
              29.26680635763231
            ],
            [
              77.27712026077467,
              29.266673189938718
            ],
            [
              77.27701481023841,
              29.266625859895157
            ],
            [
              77.27691458340553,
              29.26662132178316
            ],
            [
              77.27673184541547,
              29.266661842704426
            ],
            [
              77.2764514910968,
              29.26674524563077
            ],
            [
              77.27609650384596,
              29.266767727710988
            ],
            [
              77.27572863565229,
              29.266720255870826
            ],
            [
              77.27548174267957,
              29.266679598617866
            ],
            [
              77.27515763232171,
              29.266510349953023
            ],
            [
              77.27485933415518,
              29.266478624662227
            ],
            [
              77.27444258683026,
              29.266458270912885
            ],
            [
              77.27422389287266,
              29.266446863313693
            ],
            [
              77.27382519090517,
              29.26639492373105
            ],
            [
              77.27357320897642,
              29.26633392589668
            ],
            [
              77.27323879584054,
              29.26615341008513
            ],
            [
              77.2730382271904,
              29.266040593810285
            ],
            [
              77.27282729377855,
              29.265957016337858
            ],
            [
              77.2726550759588,
              29.26582396978826
            ],
            [
              77.27240295838442,
              29.265778729361056
            ],
            [
              77.27202226943498,
              29.265758338640584
            ],
            [
              77.27162349200901,
              29.26582817566583
            ],
            [
              77.27081324306377,
              29.26587077437058
            ],
            [
              77.26974574267231,
              29.265906522349205
            ],
            [
              77.26895083515551,
              29.265978418716124
            ],
            [
              77.26866274993543,
              29.265967017332603
            ],
            [
              77.26849813815122,
              29.26590612111802
            ],
            [
              77.26819208303223,
              29.26565340864961
            ],
            [
              77.26796332884177,
              29.265416490192173
            ],
            [
              77.26773446236186,
              29.265170588088726
            ],
            [
              77.26760078496275,
              29.265057710387488
            ],
            [
              77.26743101415383,
              29.264908846013505
            ],
            [
              77.2673076018035,
              29.26486587937024
            ],
            [
              77.26717891544408,
              29.264929026098326
            ],
            [
              77.26700913744865,
              29.26502144097732
            ],
            [
              77.26676210703374,
              29.265143146653987
            ],
            [
              77.26650224238831,
              29.26528287008418
            ],
            [
              77.26619098602386,
              29.265402384340632
            ],
            [
              77.26577934023142,
              29.26555785187616
            ],
            [
              77.26555549263902,
              29.265614156069102
            ],
            [
              77.26528028836184,
              29.265677191839504
            ],
            [
              77.26510273005775,
              29.265729059690365
            ],
            [
              77.26490979259596,
              29.26586203896918
            ],
            [
              77.26478099394716,
              29.2661236681092
            ],
            [
              77.26461111803536,
              29.266428030623885
            ],
            [
              77.26442322641053,
              29.266592618278747
            ],
            [
              77.2640346906771,
              29.266822608133666
            ],
            [
              77.26364881036365,
              29.266937456325152
            ],
            [
              77.26333750908343,
              29.267016276264354
            ],
            [
              77.26302618983686,
              29.267128908873254
            ],
            [
              77.26256829428203,
              29.26723932129348
            ],
            [
              77.26231096917394,
              29.26731585119279
            ],
            [
              77.26193021285087,
              29.267439761660285
            ],
            [
              77.26163699735226,
              29.26752768400026
            ],
            [
              77.26124332864529,
              29.2676447757484
            ],
            [
              77.26102717602164,
              29.26772136490086
            ],
            [
              77.26065157602831,
              29.267777641258586
            ],
            [
              77.26036344409586,
              29.267881318380816
            ],
            [
              77.26001867697804,
              29.26799392496026
            ],
            [
              77.25970731910394,
              29.268178760064977
            ],
            [
              77.25913864959647,
              29.268514620145456
            ],
            [
              77.25868576933587,
              29.268737726163536
            ],
            [
              77.25842339479756,
              29.268895537171538
            ],
            [
              77.25802451226869,
              29.269138896840666
            ],
            [
              77.2575948112374,
              29.269400424343345
            ],
            [
              77.25729622740661,
              29.269616811184964
            ],
            [
              77.25671982699782,
              29.27007898815378
            ],
            [
              77.25625138881482,
              29.27048921534354
            ],
            [
              77.25580365859575,
              29.270757483987055
            ],
            [
              77.25541776840085,
              29.270829517210004
            ],
            [
              77.2551579531628,
              29.270829386345984
            ],
            [
              77.2548183253067,
              29.270808922972854
            ],
            [
              77.25458430159875,
              29.27078632423875
            ],
            [
              77.25426530085821,
              29.270693637170027
            ],
            [
              77.25405438810759,
              29.270684534663957
            ],
            [
              77.25369692869312,
              29.27054005577931
            ],
            [
              77.25332643921543,
              29.27053986535991
            ],
            [
              77.25275288556777,
              29.270487725682905
            ],
            [
              77.25230526943473,
              29.270435720761917
            ],
            [
              77.25171871357166,
              29.270446674983823
            ],
            [
              77.2514486243017,
              29.27057960032561
            ],
            [
              77.2513790120537,
              29.270857073093648
            ],
            [
              77.25136582837861,
              29.27123823528221
            ],
            [
              77.25136566668185,
              29.271630705903764
            ],
            [
              77.25127288957763,
              29.271887714228697
            ],
            [
              77.25102578639914,
              29.272133469313303
            ],
            [
              77.25095617504947,
              29.272298137113605
            ],
            [
              77.25098958069992,
              29.272370275821142
            ],
            [
              77.25115411073747,
              29.272627470351313
            ],
            [
              77.25142409041298,
              29.272936591116448
            ],
            [
              77.25163481900897,
              29.2732547779629
            ],
            [
              77.25176585625947,
              29.273514240345886
            ],
            [
              77.25173994525339,
              29.273748747723015
            ],
            [
              77.25167043092176,
              29.27390434674706
            ],
            [
              77.2515288088223,
              29.27418168589891
            ],
            [
              77.25143595715787,
              29.274531242973904
            ],
            [
              77.25137915129258,
              29.2749845972793
            ],
            [
              77.25116530105099,
              29.275539362214083
            ],
            [
              77.25095397327871,
              29.27616857563282
            ],
            [
              77.25078893209977,
              29.27667148362188
            ],
            [
              77.2506496977223,
              29.277278105308774
            ],
            [
              77.25048489100367,
              29.277638891245413
            ],
            [
              77.25030702367907,
              29.27812150874182
            ],
            [
              77.25014209389124,
              29.278637979112172
            ],
            [
              77.24992565111172,
              29.279167861299673
            ],
            [
              77.24984320104,
              29.279415969904456
            ],
            [
              77.24977875140993,
              29.27957385218346
            ],
            [
              77.2498018479942,
              29.279630235630297
            ],
            [
              77.24991241443603,
              29.279842244289274
            ],
            [
              77.25009998266734,
              29.280140057044022
            ],
            [
              77.25012300109816,
              29.28034085526612
            ],
            [
              77.25011272257471,
              29.280473914262586
            ],
            [
              77.25004056090793,
              29.28059794433202
            ],
            [
              77.24973422192132,
              29.280954196742858
            ],
            [
              77.24955426511538,
              29.28075108122887
            ],
            [
              77.24937681281247,
              29.280543517140984
            ],
            [
              77.24913001236628,
              29.280277219724326
            ],
            [
              77.24888311580033,
              29.280193639004807
            ],
            [
              77.2487956225866,
              29.280184626668945
            ],
            [
              77.24790976424052,
              29.27965209508909
            ],
            [
              77.24335134956952,
              29.280733783780548
            ],
            [
              77.24182846441445,
              29.281118452293956
            ],
            [
              77.24146812140789,
              29.280929182249288
            ],
            [
              77.24049033666216,
              29.280961512648577
            ],
            [
              77.2392969706213,
              29.281562388282953
            ],
            [
              77.23878758004112,
              29.281630425702396
            ],
            [
              77.23770181779823,
              29.28166280916001
            ],
            [
              77.23625637370885,
              29.2823315358441
            ],
            [
              77.23480428118806,
              29.281470858866015
            ],
            [
              77.2345007153007,
              29.28143044802566
            ],
            [
              77.23355896018441,
              29.281426519378098
            ],
            [
              77.23201988379466,
              29.281048603776128
            ],
            [
              77.23114965793116,
              29.280395016160284
            ],
            [
              77.22871991271695,
              29.279507719772656
            ],
            [
              77.22433993220749,
              29.278748083700187
            ],
            [
              77.22249255041896,
              29.278780768956768
            ],
            [
              77.22108196994577,
              29.278050706931683
            ],
            [
              77.22017625973021,
              29.277988126205294
            ],
            [
              77.218148859152,
              29.278273492815647
            ],
            [
              77.21747484421118,
              29.278332566939266
            ],
            [
              77.21744653560161,
              29.27832771122186
            ],
            [
              77.21663587163472,
              29.278188651275574
            ],
            [
              77.21673823196642,
              29.277421607748114
            ],
            [
              77.21431949919929,
              29.277183878146904
            ],
            [
              77.21283179296904,
              29.276530475809707
            ],
            [
              77.2118183657678,
              29.27703631570133
            ],
            [
              77.21153009279988,
              29.276847037312077
            ],
            [
              77.20928650366537,
              29.276879751385234
            ],
            [
              77.20921420365805,
              29.276564004116523
            ],
            [
              77.20856057508429,
              29.2764380172684
            ],
            [
              77.20806644508417,
              29.276316447276294
            ],
            [
              77.2068571052009,
              29.276213328779413
            ],
            [
              77.20635776587045,
              29.275924794679877
            ],
            [
              77.2055551867411,
              29.276150834688362
            ],
            [
              77.2054109200014,
              29.27589816321733
            ],
            [
              77.20501474140156,
              29.275993171224
            ],
            [
              77.20450506156385,
              29.275709124846195
            ],
            [
              77.20331034715173,
              29.274383267664458
            ],
            [
              77.1986595138043,
              29.276032342245127
            ],
            [
              77.19812396877464,
              29.27540089399584
            ],
            [
              77.19770207320482,
              29.275491312246587
            ],
            [
              77.19288671880298,
              29.277623016223984
            ],
            [
              77.19033994197191,
              29.27850384268345
            ],
            [
              77.18939749874608,
              29.278963175125813
            ],
            [
              77.18847754304677,
              29.279411538923164
            ],
            [
              77.18811723956608,
              29.27936198400683
            ],
            [
              77.18758719312429,
              29.27931257324005
            ],
            [
              77.18686174604018,
              29.27967383779446
            ],
            [
              77.18455167528646,
              29.280685353887232
            ],
            [
              77.18498984383766,
              29.28209283981941
            ],
            [
              77.18502622021676,
              29.282927533035934
            ],
            [
              77.18593262483003,
              29.284204018261203
            ],
            [
              77.18660730542247,
              29.28519182290426
            ],
            [
              77.18599530208402,
              29.285995092804992
            ],
            [
              77.18450370165704,
              29.28766950994546
            ],
            [
              77.18296062237437,
              29.289312308360184
            ],
            [
              77.1827342612958,
              29.28944726108167
            ],
            [
              77.18175658704287,
              29.29003013203557
            ],
            [
              77.18093825595501,
              29.28983187406701
            ],
            [
              77.18074777089394,
              29.2897462453339
            ],
            [
              77.18047504776358,
              29.289732847964917
            ],
            [
              77.1800272995782,
              29.28991348274105
            ],
            [
              77.17953861965691,
              29.29021591132188
            ],
            [
              77.17902415629032,
              29.290644705710434
            ],
            [
              77.17593164214435,
              29.292121039896628
            ],
            [
              77.17546300004379,
              29.291345196165935
            ],
            [
              77.17265338694035,
              29.29241078883224
            ],
            [
              77.17235474921068,
              29.292067959334396
            ],
            [
              77.17146451696748,
              29.292320872077738
            ],
            [
              77.17122768602431,
              29.29207735921517
            ],
            [
              77.16843840269406,
              29.292709721319792
            ],
            [
              77.16433169238896,
              29.293504904161765
            ],
            [
              77.16143952231428,
              29.294362761228054
            ],
            [
              77.1599881538356,
              29.294268400186542
            ],
            [
              77.15902692683719,
              29.294361749811635
            ],
            [
              77.15901025500382,
              29.294363369174665
            ],
            [
              77.1573893906007,
              29.295288517979415
            ],
            [
              77.15393633581883,
              29.29727430315024
            ],
            [
              77.15272101764735,
              29.298147253015458
            ],
            [
              77.15272029899513,
              29.298147907944013
            ],
            [
              77.15410434592978,
              29.29911120381675
            ],
            [
              77.15464116027898,
              29.299484819116017
            ],
            [
              77.15464306380906,
              29.299486594293843
            ],
            [
              77.1582842842019,
              29.302881476121193
            ],
            [
              77.15827302741307,
              29.303257680755834
            ],
            [
              77.15821176680228,
              29.305305108846795
            ],
            [
              77.1583220646478,
              29.306877700272405
            ],
            [
              77.15861383565546,
              29.30777971195016
            ],
            [
              77.16011552685805,
              29.311128385608953
            ],
            [
              77.16062828073065,
              29.31227174690209
            ],
            [
              77.16055427931416,
              29.313400717309168
            ],
            [
              77.1601968666121,
              29.315003430281426
            ],
            [
              77.16030659133247,
              29.315813649055787
            ],
            [
              77.15973922258551,
              29.316246874980536
            ],
            [
              77.15836272509252,
              29.317121739809256
            ],
            [
              77.15823689627406,
              29.317746305333703
            ],
            [
              77.1580863853448,
              29.3180162928655
            ],
            [
              77.1579095313199,
              29.3183335301808
            ],
            [
              77.15756542266716,
              29.318428378091703
            ],
            [
              77.15664033309598,
              29.31868335675421
            ],
            [
              77.15647809286409,
              29.319290465935815
            ],
            [
              77.15658658419761,
              29.319798464910804
            ],
            [
              77.1569732855712,
              29.320727420773036
            ],
            [
              77.15698110720241,
              29.32074620664043
            ],
            [
              77.15716669824177,
              29.321192038863174
            ],
            [
              77.15714372921829,
              29.32167137010372
            ],
            [
              77.15711304995469,
              29.322311656802658
            ],
            [
              77.15653114377152,
              29.322790216011605
            ],
            [
              77.15663117926326,
              29.323063218891576
            ],
            [
              77.15671683003235,
              29.32329696869541
            ],
            [
              77.15689544475521,
              29.325179717133942
            ],
            [
              77.15703904584326,
              29.325685279236367
            ],
            [
              77.15711178243181,
              29.32594134719643
            ],
            [
              77.15711227830187,
              29.32594309685192
            ],
            [
              77.15711925731328,
              29.325946701110713
            ],
            [
              77.15850185167216,
              29.326660442877827
            ],
            [
              77.15850731342908,
              29.326664574197164
            ],
            [
              77.15871914964781,
              29.326824852810244
            ],
            [
              77.15986198096238,
              29.32768951684494
            ],
            [
              77.15986404439258,
              29.32769464824414
            ],
            [
              77.15990586456232,
              29.327798717225058
            ],
            [
              77.15990615381982,
              29.327799434617727
            ],
            [
              77.15990656165496,
              29.327800451185055
            ],
            [
              77.16085079342652,
              29.330150090261245
            ],
            [
              77.16093975179248,
              29.331438817788424
            ],
            [
              77.16115481565804,
              29.332360104806014
            ],
            [
              77.16068960602014,
              29.333247301342738
            ],
            [
              77.16070263787996,
              29.33386510836476
            ],
            [
              77.16048165142176,
              29.335591918846426
            ],
            [
              77.159755076952,
              29.33678107480343
            ],
            [
              77.15866017075781,
              29.337105552323376
            ],
            [
              77.1572189730048,
              29.33785514865189
            ],
            [
              77.15711885576638,
              29.338479298251894
            ],
            [
              77.15621060781017,
              29.339112000103555
            ],
            [
              77.1545252587427,
              29.34000536028672
            ],
            [
              77.15377790983362,
              29.340211405669866
            ],
            [
              77.15288698858261,
              29.340690429035675
            ],
            [
              77.15174244328249,
              29.3411058728863
            ],
            [
              77.15085545216084,
              29.34128257888234
            ],
            [
              77.14945740318585,
              29.341395336311166
            ],
            [
              77.14882500270056,
              29.341437103191666
            ],
            [
              77.1480850280617,
              29.341259555656407
            ],
            [
              77.14678583598878,
              29.340685006201323
            ],
            [
              77.14488169774229,
              29.340232950669474
            ],
            [
              77.14381659405598,
              29.339771896237448
            ],
            [
              77.1431118306813,
              29.339770582216087
            ],
            [
              77.14205573080909,
              29.339768607268596
            ],
            [
              77.1406020159309,
              29.33992727561824
            ],
            [
              77.13943977831124,
              29.339991032944056
            ],
            [
              77.13635328557264,
              29.340117190389435
            ],
            [
              77.1352830013021,
              29.339899747770882
            ],
            [
              77.13466707502079,
              29.339990806632184
            ],
            [
              77.13308498729525,
              29.34066120524097
            ],
            [
              77.13126976788882,
              29.341263131966127
            ],
            [
              77.12952596005591,
              29.34257665263771
            ],
            [
              77.12880308664509,
              29.343715971653097
            ],
            [
              77.12868094361424,
              29.343831153865448
            ],
            [
              77.12800017064752,
              29.34447312123614
            ],
            [
              77.12756494677384,
              29.345580777847506
            ],
            [
              77.12676043087676,
              29.347005590117288
            ],
            [
              77.12607709321988,
              29.348563801374127
            ],
            [
              77.12577117105158,
              29.349700969079304
            ],
            [
              77.12586093610464,
              29.35055937707262
            ],
            [
              77.12586112115761,
              29.3505611591918
            ],
            [
              77.12444764810918,
              29.351427263858167
            ],
            [
              77.12577776199082,
              29.352497760129356
            ],
            [
              77.12632031298138,
              29.352836466173073
            ],
            [
              77.1263228992311,
              29.352842680743986
            ],
            [
              77.12651075582161,
              29.353294152610836
            ],
            [
              77.1269002419726,
              29.35423017737752
            ],
            [
              77.12702041589637,
              29.354862339065043
            ],
            [
              77.12702164928326,
              29.35486881893988
            ],
            [
              77.12702173102996,
              29.354868913679436
            ],
            [
              77.12812403395213,
              29.35612787679016
            ],
            [
              77.12863095686026,
              29.356485187191495
            ],
            [
              77.1286348672267,
              29.356491790670663
            ],
            [
              77.12869071189462,
              29.35658608085253
            ],
            [
              77.12895650272596,
              29.35703485685724
            ],
            [
              77.1288663460074,
              29.35720803934268
            ],
            [
              77.12862970011716,
              29.357662607222718
            ],
            [
              77.1276253638666,
              29.358644015068418
            ],
            [
              77.12762376935696,
              29.3586465588495
            ],
            [
              77.12752491514982,
              29.35880406567193
            ],
            [
              77.12710199999218,
              29.359477898957305
            ],
            [
              77.12702051920265,
              29.360760357101288
            ],
            [
              77.12696804142037,
              29.361704015621545
            ],
            [
              77.12700007803836,
              29.36250197163311
            ],
            [
              77.12659237764665,
              29.36320318770755
            ],
            [
              77.12632300163904,
              29.36337439460968
            ],
            [
              77.1259163576661,
              29.363733362832583
            ],
            [
              77.125786959841,
              29.363847587629273
            ],
            [
              77.12576808713521,
              29.364043050864097
            ],
            [
              77.12566830137513,
              29.36507650270677
            ],
            [
              77.12550821171003,
              29.365311297626377
            ],
            [
              77.12524850696477,
              29.36569219634529
            ],
            [
              77.1246920213075,
              29.366567778319865
            ],
            [
              77.1246750126059,
              29.366594537218493
            ],
            [
              77.12467465327981,
              29.366594728241648
            ],
            [
              77.12345245580988,
              29.36724106076131
            ],
            [
              77.12345426861013,
              29.367254434642923
            ],
            [
              77.12347247476596,
              29.367388729986803
            ],
            [
              77.12362881216814,
              29.368541964124624
            ],
            [
              77.12361998891544,
              29.368645152164493
            ],
            [
              77.1235864206699,
              29.3690376780179
            ],
            [
              77.123583229854,
              29.369075003347163
            ],
            [
              77.12344052438627,
              29.369703514806968
            ],
            [
              77.12329539167064,
              29.370342699717167
            ],
            [
              77.12375201341442,
              29.371003070739736
            ],
            [
              77.12422932156252,
              29.371371977684845
            ],
            [
              77.12467846033996,
              29.371719107755293
            ],
            [
              77.12500794082662,
              29.37227464398329
            ],
            [
              77.1250680722551,
              29.37237603084571
            ],
            [
              77.12514497522996,
              29.37251504776422
            ],
            [
              77.12559249524324,
              29.37332402506283
            ],
            [
              77.12559820763015,
              29.373325628298442
            ],
            [
              77.12656641992818,
              29.373597201805698
            ],
            [
              77.12656900617789,
              29.373602940716207
            ],
            [
              77.12688169355864,
              29.37429682827404
            ],
            [
              77.12719816105007,
              29.374999098986667
            ],
            [
              77.127028663329,
              29.375764179988362
            ],
            [
              77.12838117580392,
              29.375914013062893
            ],
            [
              77.13023867531749,
              29.37657002686035
            ],
            [
              77.13075093062511,
              29.376683639976136
            ],
            [
              77.1318720280997,
              29.37660255709766
            ],
            [
              77.13277452863473,
              29.376412186644824
            ],
            [
              77.133804960046,
              29.375935563037
            ],
            [
              77.13463734437815,
              29.37584103635781
            ],
            [
              77.13545638603341,
              29.376094070944625
            ],
            [
              77.1367262139763,
              29.375983499168395
            ],
            [
              77.13871371767782,
              29.376204244934357
            ],
            [
              77.1398209056385,
              29.376443606130962
            ],
            [
              77.14012638673404,
              29.37685474436431
            ],
            [
              77.14016538260054,
              29.376907228927408
            ],
            [
              77.14256702491934,
              29.377473130050564
            ],
            [
              77.14260569918896,
              29.377497935350714
            ],
            [
              77.14280717334088,
              29.377627157183177
            ],
            [
              77.1431284701753,
              29.377721235227
            ],
            [
              77.14455335991268,
              29.378618576267346
            ],
            [
              77.1453111867712,
              29.379143197884197
            ],
            [
              77.14613033532595,
              29.379644273086125
            ],
            [
              77.14737358481455,
              29.38022873193737
            ],
            [
              77.14853769003167,
              29.380967831029842
            ],
            [
              77.14873871682259,
              29.38109098903276
            ],
            [
              77.14922644003812,
              29.381389789191193
            ],
            [
              77.14978514273749,
              29.381750685246693
            ],
            [
              77.15070759305836,
              29.38226359704883
            ],
            [
              77.15077338387312,
              29.382296740716296
            ],
            [
              77.15146244110338,
              29.382643875797477
            ],
            [
              77.15289833699961,
              29.38356801162316
            ],
            [
              77.15432606900653,
              29.384347908193533
            ],
            [
              77.15543436189506,
              29.385611127304962
            ],
            [
              77.15691913961746,
              29.38689531012715
            ],
            [
              77.15740686103635,
              29.38730694229945
            ],
            [
              77.15740466555381,
              29.387314173088324
            ],
            [
              77.15719495564734,
              29.38800507502161
            ],
            [
              77.15674161724596,
              29.388490585382335
            ],
            [
              77.15632594789939,
              29.388808574666783
            ],
            [
              77.15547611019956,
              29.389300496259768
            ],
            [
              77.15347028715449,
              29.390668200268465
            ],
            [
              77.1534551074228,
              29.390666894730696
            ],
            [
              77.15276331033093,
              29.390607447348316
            ],
            [
              77.1514604612165,
              29.390380381227
            ],
            [
              77.15103965170985,
              29.38994217701789
            ],
            [
              77.15103387374594,
              29.389936161169498
            ],
            [
              77.15121369580459,
              29.389179912344968
            ],
            [
              77.15160880900251,
              29.38861867084614
            ],
            [
              77.15176402261226,
              29.38792678920398
            ],
            [
              77.15176420586856,
              29.387925969698667
            ],
            [
              77.15153386794825,
              29.387505648699303
            ],
            [
              77.15090341680713,
              29.387163963871416
            ],
            [
              77.14973980386678,
              29.387187252239766
            ],
            [
              77.14737406181996,
              29.387852434136786
            ],
            [
              77.14419450721117,
              29.38974866235382
            ],
            [
              77.14351235083892,
              29.390134054686875
            ],
            [
              77.14260272307044,
              29.390726101790612
            ],
            [
              77.14224374190985,
              29.391539355739717
            ],
            [
              77.1414658547727,
              29.39227363195286
            ],
            [
              77.14114715676443,
              29.392797527278507
            ],
            [
              77.14055921659748,
              29.39350167865664
            ],
            [
              77.13977388691823,
              29.394127800047396
            ],
            [
              77.13888669906552,
              29.39431797690907
            ],
            [
              77.13785047621563,
              29.3952638898985
            ],
            [
              77.13751498240647,
              29.395724891130907
            ],
            [
              77.13729136118953,
              29.396116431269526
            ],
            [
              77.13666104659232,
              29.396767114893148
            ],
            [
              77.13654541365231,
              29.397396008657335
            ],
            [
              77.13614608555909,
              29.398746713778156
            ],
            [
              77.13568723689174,
              29.39971493114044
            ],
            [
              77.13502925598041,
              29.400275828884173
            ],
            [
              77.13325345914025,
              29.40084109367413
            ],
            [
              77.13325756893268,
              29.40084730061895
            ],
            [
              77.13333413234433,
              29.40096294725619
            ],
            [
              77.13349283501064,
              29.40120265873056
            ],
            [
              77.13349266343242,
              29.40120432178832
            ],
            [
              77.13343718617541,
              29.40174487907797
            ],
            [
              77.13344052611166,
              29.401747449173296
            ],
            [
              77.134212097194,
              29.40234146266791
            ],
            [
              77.13421296316993,
              29.402347725086212
            ],
            [
              77.13435774733922,
              29.40339472212504
            ],
            [
              77.13425249173739,
              29.404767777318618
            ],
            [
              77.13377048809528,
              29.405862668358036
            ],
            [
              77.13364252038814,
              29.406888732972682
            ],
            [
              77.13308271186263,
              29.408205910704886
            ],
            [
              77.13269330027178,
              29.408554988886074
            ],
            [
              77.13250512208438,
              29.408918888263287
            ],
            [
              77.13234636012929,
              29.410198065077466
            ],
            [
              77.13221970126747,
              29.410547444739198
            ],
            [
              77.13209963334491,
              29.411212495755397
            ],
            [
              77.13207937004705,
              29.411722571764976
            ],
            [
              77.13183772233731,
              29.41298052017801
            ],
            [
              77.1320039421059,
              29.413785342137217
            ],
            [
              77.13223099668387,
              29.415035785797738
            ],
            [
              77.13223207286556,
              29.415045217377404
            ],
            [
              77.13235080409498,
              29.416084948792268
            ],
            [
              77.13246012996339,
              29.416317511691563
            ],
            [
              77.13283069400123,
              29.417105788797176
            ],
            [
              77.13283165070703,
              29.417111331977395
            ],
            [
              77.13311794468639,
              29.41877028486209
            ],
            [
              77.13312113280732,
              29.418773947651736
            ],
            [
              77.13375674656639,
              29.419504377720468
            ],
            [
              77.1347241737369,
              29.420183578199143
            ],
            [
              77.13561137057275,
              29.42096781205805
            ],
            [
              77.13566219904814,
              29.420996239726286
            ],
            [
              77.13660718270958,
              29.421524742832393
            ],
            [
              77.1380307770763,
              29.421348518055428
            ],
            [
              77.13880634206843,
              29.42196761207259
            ],
            [
              77.13880946461235,
              29.42197673237406
            ],
            [
              77.13898919234789,
              29.422501415146428
            ],
            [
              77.13907527700324,
              29.422752728064957
            ],
            [
              77.14011531320155,
              29.42369687262689
            ],
            [
              77.14113546788596,
              29.424429307896958
            ],
            [
              77.14190762826313,
              29.42512963630413
            ],
            [
              77.14192203185043,
              29.425138563843607
            ],
            [
              77.1433903326739,
              29.42604858662904
            ],
            [
              77.14435896179022,
              29.426533717371036
            ],
            [
              77.14516029675289,
              29.427639549886067
            ],
            [
              77.14516338426255,
              29.427646201169022
            ],
            [
              77.14517120679204,
              29.42766305979487
            ],
            [
              77.14557590411573,
              29.428535063255442
            ],
            [
              77.14646408191187,
              29.42960339796664
            ],
            [
              77.14693295667612,
              29.430335649033204
            ],
            [
              77.14762550835282,
              29.431411639979302
            ],
            [
              77.14775703518514,
              29.43173071317865
            ],
            [
              77.14807623984326,
              29.432505063345666
            ],
            [
              77.14807820086551,
              29.43251394016493
            ],
            [
              77.14842371627999,
              29.434078319966968
            ],
            [
              77.14831897900608,
              29.434977707113777
            ],
            [
              77.14802778561516,
              29.436322185226363
            ],
            [
              77.14774209260872,
              29.43694931805494
            ],
            [
              77.14736304667797,
              29.438038083245207
            ],
            [
              77.14727361400153,
              29.43844100832813
            ],
            [
              77.14727438385775,
              29.438442909386712
            ],
            [
              77.14761612185642,
              29.439288067998607
            ],
            [
              77.1476154903408,
              29.439289524682366
            ],
            [
              77.14738022785608,
              29.439833197969982
            ],
            [
              77.14674424129618,
              29.44095768377177
            ],
            [
              77.14636811578839,
              29.44218623980937
            ],
            [
              77.14585571225874,
              29.442817025717037
            ],
            [
              77.14584507890072,
              29.444026154658758
            ],
            [
              77.14492150838072,
              29.444221484143796
            ],
            [
              77.14452180209675,
              29.4453105726481
            ],
            [
              77.1426908999021,
              29.44598514003893
            ],
            [
              77.14090058808355,
              29.44564855508266
            ],
            [
              77.13943139613131,
              29.44661498865194
            ],
            [
              77.1388661249506,
              29.446939848190663
            ],
            [
              77.13819685940267,
              29.447221263835875
            ],
            [
              77.13717038686687,
              29.446935511323755
            ],
            [
              77.13552196304913,
              29.446975502956064
            ],
            [
              77.13450299593751,
              29.44729408995928
            ],
            [
              77.1339251357664,
              29.44751086503876
            ],
            [
              77.1332328266348,
              29.44792344779731
            ],
            [
              77.13277855578215,
              29.448381832873874
            ],
            [
              77.13242400062099,
              29.4491724386172
            ],
            [
              77.13015124857911,
              29.449921581828097
            ],
            [
              77.12923848389364,
              29.450391805634407
            ],
            [
              77.12896905937698,
              29.450537026960173
            ],
            [
              77.12891422711034,
              29.450566582156437
            ],
            [
              77.12856571042454,
              29.45075443106846
            ],
            [
              77.1277061736146,
              29.45155310030282
            ],
            [
              77.12667687318226,
              29.452368010770712
            ],
            [
              77.12625064593614,
              29.452690595973902
            ],
            [
              77.12604524704474,
              29.452946381202253
            ],
            [
              77.12604509163621,
              29.452946285771816
            ],
            [
              77.12603463075472,
              29.452959599101526
            ],
            [
              77.1258286479584,
              29.4532161103292
            ],
            [
              77.12488760879936,
              29.4533213611814
            ],
            [
              77.12434389628712,
              29.453695437885436
            ],
            [
              77.12423595023101,
              29.453805455029542
            ],
            [
              77.12409658739446,
              29.45394749413641
            ],
            [
              77.12367605187399,
              29.45449367565958
            ],
            [
              77.12363224193591,
              29.454451155774013
            ],
            [
              77.12362763537513,
              29.454446683906585
            ],
            [
              77.12320882372168,
              29.455373624988912
            ],
            [
              77.12310534229252,
              29.456097046949434
            ],
            [
              77.12322466281677,
              29.45712366634432
            ],
            [
              77.12311068637014,
              29.45783823172676
            ],
            [
              77.12304408886823,
              29.458105448010482
            ],
            [
              77.12255526791142,
              29.458889149636825
            ],
            [
              77.12241541818798,
              29.459873734697624
            ],
            [
              77.1223394871903,
              29.460408309140536
            ],
            [
              77.12228087032139,
              29.46105883833429
            ],
            [
              77.12228924082318,
              29.461708297286386
            ],
            [
              77.12230200139182,
              29.46207348994947
            ],
            [
              77.12232032971856,
              29.46320096267183
            ],
            [
              77.12223727597896,
              29.46416314399198
            ],
            [
              77.12238897088771,
              29.466001236897217
            ],
            [
              77.12277470477576,
              29.467443132895767
            ],
            [
              77.12248981396488,
              29.468119826700317
            ],
            [
              77.12267594129852,
              29.468888247824914
            ],
            [
              77.12299624818947,
              29.469663550192777
            ],
            [
              77.12388776502353,
              29.47063724029413
            ],
            [
              77.12502252767018,
              29.47140855322198
            ],
            [
              77.12568457076323,
              29.472006966683438
            ],
            [
              77.12629226488328,
              29.472470916047833
            ],
            [
              77.12756091513484,
              29.473031490999183
            ],
            [
              77.12842041331722,
              29.473411267390315
            ],
            [
              77.12842177695981,
              29.47341270325067
            ],
            [
              77.12943777603775,
              29.474482146878834
            ],
            [
              77.13027308258953,
              29.475474734917295
            ],
            [
              77.13071533308536,
              29.475914243750662
            ],
            [
              77.13120206096752,
              29.476754522384365
            ],
            [
              77.1317560789527,
              29.477607251737865
            ],
            [
              77.13216519508931,
              29.478187129876574
            ],
            [
              77.13307927490833,
              29.479737803859276
            ],
            [
              77.13331191790567,
              29.481736972128502
            ],
            [
              77.13336656871262,
              29.48237666217487
            ],
            [
              77.13338197931134,
              29.48262001086751
            ],
            [
              77.1333087747005,
              29.48306326726737
            ],
            [
              77.13282370331171,
              29.483446395963465
            ],
            [
              77.13280200899757,
              29.483463527614802
            ],
            [
              77.1328015876877,
              29.483463862302827
            ],
            [
              77.13235458779897,
              29.484030397684318
            ],
            [
              77.13223924142153,
              29.48467732526349
            ],
            [
              77.13198701335436,
              29.484943009318098
            ],
            [
              77.1319861572599,
              29.484944739035797
            ],
            [
              77.13197506306615,
              29.48496716984368
            ],
            [
              77.13188899907203,
              29.485066397860283
            ],
            [
              77.13123698027927,
              29.485418209054078
            ],
            [
              77.13123163081175,
              29.485421096073892
            ],
            [
              77.13087135967042,
              29.486055888117004
            ],
            [
              77.13052027290456,
              29.486745801759785
            ],
            [
              77.13022538833611,
              29.488169524309793
            ],
            [
              77.13016709396241,
              29.488424968263775
            ],
            [
              77.13016687926503,
              29.488434124035933
            ],
            [
              77.13016668792389,
              29.48844234616733
            ],
            [
              77.13016666636433,
              29.488443279807324
            ],
            [
              77.1301081537,
              29.488548971864034
            ],
            [
              77.12979506297569,
              29.489114505301917
            ],
            [
              77.12966009559585,
              29.489515142879053
            ],
            [
              77.12958086778103,
              29.48977021202226
            ],
            [
              77.1295699757082,
              29.489788338004708
            ],
            [
              77.12944654179829,
              29.489970371762258
            ],
            [
              77.12924470742193,
              29.490268023618928
            ],
            [
              77.12923424115056,
              29.490267838301772
            ],
            [
              77.12907190569724,
              29.490388992646643
            ],
            [
              77.12894654939262,
              29.490482551072347
            ],
            [
              77.12879762129492,
              29.490600270157895
            ],
            [
              77.12876521996094,
              29.490625879025675
            ],
            [
              77.1286385655907,
              29.49066942213988
            ],
            [
              77.12657127891555,
              29.491319556211838
            ],
            [
              77.12638140111562,
              29.491380288766614
            ],
            [
              77.12626435602402,
              29.491460641217138
            ],
            [
              77.12603690439072,
              29.491608026726215
            ],
            [
              77.12603048143643,
              29.491612188878886
            ],
            [
              77.12585196732486,
              29.49190923774577
            ],
            [
              77.12572548273621,
              29.49211970827828
            ],
            [
              77.12565781713744,
              29.492225454361222
            ],
            [
              77.12555162459276,
              29.492391406836905
            ],
            [
              77.12518148006814,
              29.492998521024393
            ],
            [
              77.12464618656675,
              29.49374119629337
            ],
            [
              77.1246404589085,
              29.493749145110264
            ],
            [
              77.12406696634628,
              29.494096145621555
            ],
            [
              77.12351803282563,
              29.494287863263718
            ],
            [
              77.12233497674927,
              29.494797321647088
            ],
            [
              77.12233344242676,
              29.494797983129402
            ],
            [
              77.12223429806382,
              29.49486515874678
            ],
            [
              77.12151170941894,
              29.495354752666717
            ],
            [
              77.12150362188643,
              29.495360233713242
            ],
            [
              77.12129526394449,
              29.495580662237806
            ],
            [
              77.12077619671204,
              29.496129797070097
            ],
            [
              77.1207671767283,
              29.496139337614594
            ],
            [
              77.12076285403516,
              29.49614391163373
            ],
            [
              77.12075497940337,
              29.496165397792563
            ],
            [
              77.1203826223282,
              29.497181350130237
            ],
            [
              77.12079954841785,
              29.497710920898
            ],
            [
              77.12117466960915,
              29.49820207027064
            ],
            [
              77.12117546910976,
              29.498203115627803
            ],
            [
              77.12117525441242,
              29.498212272079964
            ],
            [
              77.12025056459156,
              29.498800298158933
            ],
            [
              77.11971392182059,
              29.49895527737762
            ],
            [
              77.11971292738558,
              29.498955564320894
            ],
            [
              77.11939245700121,
              29.499359731380057
            ],
            [
              77.11888218966534,
              29.50000325617672
            ],
            [
              77.1173187518634,
              29.501486666689075
            ],
            [
              77.11596968083433,
              29.503154253880385
            ],
            [
              77.1159601119799,
              29.503166082177717
            ],
            [
              77.11558344838127,
              29.504185096262987
            ],
            [
              77.11558003118995,
              29.504194339738305
            ],
            [
              77.11390264478915,
              29.5054507666876
            ],
            [
              77.11389604307011,
              29.50545571321037
            ],
            [
              77.11307893279276,
              29.506514491023353
            ],
            [
              77.11301051799902,
              29.506603139686163
            ],
            [
              77.11178625620059,
              29.507011705116707
            ],
            [
              77.11081625266183,
              29.506847752990332
            ],
            [
              77.10978151742204,
              29.506765072815195
            ],
            [
              77.10862687865138,
              29.506807422216628
            ],
            [
              77.10860770411165,
              29.50680812583779
            ],
            [
              77.10744656602989,
              29.50631096937995
            ],
            [
              77.10669251209559,
              29.506315746990808
            ],
            [
              77.10576131038722,
              29.506729529763355
            ],
            [
              77.10510246170334,
              29.507139042223898
            ],
            [
              77.10417713677359,
              29.507131507247692
            ],
            [
              77.10417693105938,
              29.50713150490232
            ],
            [
              77.10417067788669,
              29.507131454085407
            ],
            [
              77.10356035888938,
              29.507257878683905
            ],
            [
              77.1034999031691,
              29.507323061053118
            ],
            [
              77.10280829382508,
              29.5080687357711
            ],
            [
              77.10262424698969,
              29.50877072896207
            ],
            [
              77.10262763363832,
              29.511288302981065
            ],
            [
              77.10262764711304,
              29.51129888262873
            ],
            [
              77.10262678562869,
              29.511335506040876
            ],
            [
              77.10189559561496,
              29.513484045939425
            ],
            [
              77.10122337371145,
              29.51490978396309
            ],
            [
              77.10122326232035,
              29.514910020829902
            ],
            [
              77.10069594316373,
              29.515423306021983
            ],
            [
              77.10068738401569,
              29.515431639313814
            ],
            [
              77.100633751,
              29.515485632148593
            ],
            [
              77.09973506830491,
              29.516293824864658
            ],
            [
              77.09805049717846,
              29.517199991302014
            ],
            [
              77.09803800700276,
              29.51720670706687
            ],
            [
              77.0975084797872,
              29.517798449330698
            ],
            [
              77.09705137115655,
              29.51830925904251
            ],
            [
              77.09702006486887,
              29.51834424301274
            ],
            [
              77.09700548341517,
              29.518360537801353
            ],
            [
              77.09637137433421,
              29.519494062364856
            ],
            [
              77.09619871634,
              29.520599261251338
            ],
            [
              77.09623079158553,
              29.522349316020108
            ],
            [
              77.096771307892,
              29.52518935227126
            ],
            [
              77.09677437563867,
              29.525205487280708
            ],
            [
              77.0967992625653,
              29.525336408068657
            ],
            [
              77.09753739925111,
              29.527346475154307
            ],
            [
              77.10011930290476,
              29.529783580868177
            ],
            [
              77.10136236105221,
              29.530813483754834
            ],
            [
              77.10247865433665,
              29.532335701929167
            ],
            [
              77.10200557276193,
              29.533746894613575
            ],
            [
              77.10181730923459,
              29.53507161363149
            ],
            [
              77.1019555366006,
              29.536319767258355
            ],
            [
              77.10241531322765,
              29.537701928700358
            ],
            [
              77.10217965009433,
              29.538815123254004
            ],
            [
              77.10309711476533,
              29.538996487380114
            ],
            [
              77.10357829375404,
              29.539023454847964
            ],
            [
              77.10504478896377,
              29.541248025389063
            ],
            [
              77.10573158603276,
              29.542331989315745
            ],
            [
              77.10690376530766,
              29.544157396674855
            ],
            [
              77.10711740534352,
              29.54442684938197
            ],
            [
              77.10712680172135,
              29.544472813916983
            ],
            [
              77.10834690072679,
              29.547828635067198
            ],
            [
              77.1103173570991,
              29.549118776123677
            ],
            [
              77.11231532258041,
              29.549237020933226
            ],
            [
              77.11344203901712,
              29.549880023017327
            ],
            [
              77.11440359210397,
              29.550419309034528
            ],
            [
              77.11566158743797,
              29.55037771637218
            ],
            [
              77.11718520292335,
              29.55017600218877
            ],
            [
              77.1172373438374,
              29.550186094042022
            ],
            [
              77.11724916386991,
              29.550187664788773
            ],
            [
              77.1185113498447,
              29.550355424311068
            ],
            [
              77.12013942502459,
              29.55106229421905
            ],
            [
              77.12190854917883,
              29.552009799786184
            ],
            [
              77.1236760752302,
              29.553311752882298
            ],
            [
              77.1236798373746,
              29.55331452387519
            ],
            [
              77.12374138095471,
              29.55337057668509
            ],
            [
              77.12486862560077,
              29.554443973009192
            ],
            [
              77.12626323582487,
              29.556181569983966
            ],
            [
              77.12708707987362,
              29.557689161920294
            ],
            [
              77.12683761682088,
              29.559444110993535
            ],
            [
              77.1268364427228,
              29.559452360174543
            ],
            [
              77.12374433820861,
              29.56087178595248
            ],
            [
              77.12332781815746,
              29.561212388068192
            ],
            [
              77.12272985728355,
              29.561696292124527
            ],
            [
              77.1215621255676,
              29.56280197913084
            ],
            [
              77.12079445766516,
              29.56371267563088
            ],
            [
              77.12078632881014,
              29.563722320756106
            ],
            [
              77.12082539564355,
              29.56518842690464
            ],
            [
              77.12098313890912,
              29.56646702000326
            ],
            [
              77.12098393840971,
              29.566473487155374
            ],
            [
              77.12030580199837,
              29.566800246959193
            ],
            [
              77.11936159537964,
              29.566856644670054
            ],
            [
              77.11835688722654,
              29.567259988841073
            ],
            [
              77.11746477301283,
              29.56758968078125
            ],
            [
              77.11745860787501,
              29.567591959143716
            ],
            [
              77.11678388236682,
              29.568422332122775
            ],
            [
              77.11654168129486,
              29.568720401706024
            ],
            [
              77.11587803740396,
              29.569322162160674
            ],
            [
              77.11494084842425,
              29.569525199171885
            ],
            [
              77.11239073525022,
              29.569259726234613
            ],
            [
              77.11174564067166,
              29.569622215192577
            ],
            [
              77.11174311999896,
              29.56962363093666
            ],
            [
              77.11024589881323,
              29.571352274042567
            ],
            [
              77.11023553405145,
              29.57136423968728
            ],
            [
              77.10936695929148,
              29.571321189924035
            ],
            [
              77.10810638579261,
              29.57146343611624
            ],
            [
              77.10670966722255,
              29.571603227262173
            ],
            [
              77.10548581505587,
              29.571965921101956
            ],
            [
              77.10501496489634,
              29.572201521898293
            ],
            [
              77.1050087377748,
              29.572204636143173
            ],
            [
              77.10403045356577,
              29.573559885310505
            ],
            [
              77.10402323021258,
              29.573569895136774
            ],
            [
              77.10301963058053,
              29.574366980229946
            ],
            [
              77.10214091473925,
              29.574754167304942
            ],
            [
              77.10213226755636,
              29.574759532327242
            ],
            [
              77.10090753683733,
              29.5755196313029
            ],
            [
              77.10045009133844,
              29.575813640000106
            ],
            [
              77.1000498236074,
              29.57622215630469
            ],
            [
              77.09970935313157,
              29.57656963800831
            ],
            [
              77.09952457327091,
              29.578187385772047
            ],
            [
              77.09925252118205,
              29.57906171496543
            ],
            [
              77.09925023407133,
              29.579061582154193
            ],
            [
              77.09925213939805,
              29.57906239933402
            ],
            [
              77.09925231007796,
              29.5790624743333
            ],
            [
              77.09923017019946,
              29.579141811839882
            ],
            [
              77.09922963390522,
              29.579143731351635
            ],
            [
              77.09871719623963,
              29.57975134599603
            ],
            [
              77.09781305717753,
              29.580823394815592
            ],
            [
              77.09780683634418,
              29.580830771961274
            ],
            [
              77.09580073931293,
              29.58244212670775
            ],
            [
              77.0957883066294,
              29.58245211377923
            ],
            [
              77.09453246365882,
              29.582832459225425
            ],
            [
              77.09257801077325,
              29.583511586147758
            ],
            [
              77.09139070386901,
              29.58409462908044
            ],
            [
              77.0900770543099,
              29.58470285762928
            ],
            [
              77.08918657772492,
              29.584695941674134
            ],
            [
              77.08734949512115,
              29.58439716383329
            ],
            [
              77.08619696379813,
              29.584394653833197
            ],
            [
              77.08546479282413,
              29.584802439363187
            ],
            [
              77.0854643212086,
              29.584802701064554
            ],
            [
              77.08452494123792,
              29.58597631805624
            ],
            [
              77.08395017666122,
              29.587238949329098
            ],
            [
              77.08394821923225,
              29.588649314335555
            ],
            [
              77.08395219068412,
              29.588924137622772
            ],
            [
              77.08394937266905,
              29.589043146682855
            ],
            [
              77.08417748097085,
              29.590915586735097
            ],
            [
              77.08502784328678,
              29.592176504090006
            ],
            [
              77.08655139678842,
              29.593330521076627
            ],
            [
              77.0866648827549,
              29.593405839380377
            ],
            [
              77.0866978554174,
              29.593435870763187
            ],
            [
              77.08670591420383,
              29.593443214179338
            ],
            [
              77.08685103973292,
              29.593509943084573
            ],
            [
              77.08812683518426,
              29.594064174984123
            ],
            [
              77.08980154011391,
              29.594588961774352
            ],
            [
              77.09236529420558,
              29.595184716667305
            ],
            [
              77.09505358264337,
              29.595388867084647
            ],
            [
              77.0951478536459,
              29.595390566012522
            ],
            [
              77.09608687968039,
              29.594855650698733
            ],
            [
              77.09704912716496,
              29.594307497172984
            ],
            [
              77.09874651725049,
              29.593870975645174
            ],
            [
              77.10053743094028,
              29.59391235277037
            ],
            [
              77.10202027908144,
              29.594131337784667
            ],
            [
              77.10362473575591,
              29.59452650085765
            ],
            [
              77.10560477805066,
              29.59499250134139
            ],
            [
              77.10644805355733,
              29.59522743521357
            ],
            [
              77.10761598469922,
              29.595916945620598
            ],
            [
              77.10904042438064,
              29.596840002777714
            ],
            [
              77.10952945733983,
              29.59743490000695
            ],
            [
              77.10961486736043,
              29.598260672115693
            ],
            [
              77.10933838478061,
              29.598878474222516
            ],
            [
              77.10880771311133,
              29.59959710893971
            ],
            [
              77.10854493343285,
              29.599952960674855
            ],
            [
              77.1085374486699,
              29.59996309832397
            ],
            [
              77.1086305347946,
              29.60090806037472
            ],
            [
              77.10878428864198,
              29.601340542216562
            ],
            [
              77.10878781902107,
              29.601350474304777
            ],
            [
              77.10880705015467,
              29.601424083888713
            ],
            [
              77.10933671211754,
              29.602074653369158
            ],
            [
              77.10965515680091,
              29.602794696993815
            ],
            [
              77.11094351159824,
              29.60371528478824
            ],
            [
              77.11131322672816,
              29.60493077997053
            ],
            [
              77.1114948651803,
              29.605675840115282
            ],
            [
              77.11211583280695,
              29.60645624420527
            ],
            [
              77.11240730018406,
              29.607880964350787
            ],
            [
              77.11261054581372,
              29.60859893119339
            ],
            [
              77.11305812870907,
              29.609623486685248
            ],
            [
              77.11302404303393,
              29.610630260151765
            ],
            [
              77.1125955520333,
              29.611264143671367
            ],
            [
              77.11258976778119,
              29.611272703357983
            ],
            [
              77.11124428911494,
              29.611889664285908
            ],
            [
              77.10863801955752,
              29.613425087680287
            ],
            [
              77.10861931663331,
              29.613436105697517
            ],
            [
              77.10712934215697,
              29.613510121157088
            ],
            [
              77.10622114720138,
              29.613356456214696
            ],
            [
              77.10531977225541,
              29.613358595311045
            ],
            [
              77.10451820642568,
              29.613573152924246
            ],
            [
              77.10379395679587,
              29.614047788073528
            ],
            [
              77.10378372498477,
              29.614054494277905
            ],
            [
              77.10339366211537,
              29.614596964364875
            ],
            [
              77.10350724060831,
              29.615560589329082
            ],
            [
              77.10351267541579,
              29.616218422632855
            ],
            [
              77.10351268889052,
              29.616220057952503
            ],
            [
              77.10332646813211,
              29.616550445084304
            ],
            [
              77.10289256657853,
              29.61732025423927
            ],
            [
              77.10288925808335,
              29.617326124613296
            ],
            [
              77.10229543844288,
              29.61805041228381
            ],
            [
              77.10185335323703,
              29.61858961763539
            ],
            [
              77.10158308520235,
              29.619830230840375
            ],
            [
              77.10159425844786,
              29.620691268645196
            ],
            [
              77.10159485403086,
              29.6207005467588
            ],
            [
              77.10160193185699,
              29.620810459658337
            ],
            [
              77.10169010599373,
              29.621517197800753
            ],
            [
              77.10286321502494,
              29.62199616863748
            ],
            [
              77.10380182334279,
              29.622196182963936
            ],
            [
              77.10470247604329,
              29.62311897768833
            ],
            [
              77.10476053056685,
              29.62510725974747
            ],
            [
              77.10470305006677,
              29.626214316630005
            ],
            [
              77.10469548984533,
              29.626535818997866
            ],
            [
              77.10469508560344,
              29.62655301230211
            ],
            [
              77.10469443881647,
              29.626580473324793
            ],
            [
              77.1046945529025,
              29.6266176171826
            ],
            [
              77.10469565962691,
              29.626974277013446
            ],
            [
              77.10491166582518,
              29.628040450811
            ],
            [
              77.10571577209053,
              29.628613503701263
            ],
            [
              77.10593616027077,
              29.629047871142813
            ],
            [
              77.1060813540718,
              29.63045160222354
            ],
            [
              77.10620488320316,
              29.632331138662256
            ],
            [
              77.10647085010426,
              29.63261064030518
            ],
            [
              77.10675250698013,
              29.632265951042076
            ],
            [
              77.10691334584018,
              29.63206911829541
            ],
            [
              77.10691440944548,
              29.632070929045046
            ],
            [
              77.10725603515479,
              29.632652195958045
            ],
            [
              77.10794170124483,
              29.63336047124266
            ],
            [
              77.1088777691271,
              29.634119019877225
            ],
            [
              77.10980315424399,
              29.634886528062886
            ],
            [
              77.11107733542275,
              29.635532071033815
            ],
            [
              77.11180125357426,
              29.636845409717527
            ],
            [
              77.11254515744416,
              29.637307448051043
            ],
            [
              77.11323392541692,
              29.637438824723773
            ],
            [
              77.11414809955906,
              29.637345293007854
            ],
            [
              77.11461936833352,
              29.637811600736914
            ],
            [
              77.11477607763821,
              29.63828143779253
            ],
            [
              77.11598579301726,
              29.638101608253997
            ],
            [
              77.11679693309125,
              29.637484237830233
            ],
            [
              77.1167985752116,
              29.637477230238584
            ],
            [
              77.11702986444779,
              29.63649023087428
            ],
            [
              77.11703629997851,
              29.636482159766757
            ],
            [
              77.11707306173484,
              29.636436055982717
            ],
            [
              77.11737961362222,
              29.636078554374315
            ],
            [
              77.1177304443682,
              29.635669412243658
            ],
            [
              77.1177324413231,
              29.63566912412686
            ],
            [
              77.11880327266763,
              29.635514587240866
            ],
            [
              77.1199767958222,
              29.63598426635983
            ],
            [
              77.12125168217847,
              29.636602265931742
            ],
            [
              77.12242030232821,
              29.637282461158392
            ],
            [
              77.12248469716104,
              29.637320270208228
            ],
            [
              77.12256507122615,
              29.637367461229367
            ],
            [
              77.12380662469546,
              29.638067262281723
            ],
            [
              77.12583983737358,
              29.638533907869405
            ],
            [
              77.126587648915,
              29.638831115218416
            ],
            [
              77.12818228790172,
              29.63922581263003
            ],
            [
              77.1295774398099,
              29.640083979300744
            ],
            [
              77.12958096390076,
              29.640087185142182
            ],
            [
              77.12958770665527,
              29.640093318089907
            ],
            [
              77.13025322443185,
              29.640773653696794
            ],
            [
              77.13151775860278,
              29.64184009679095
            ],
            [
              77.13177319275718,
              29.643474660191792
            ],
            [
              77.13205699930154,
              29.64389179037612
            ],
            [
              77.13253816840874,
              29.64393697493846
            ],
            [
              77.1328908532775,
              29.644547632073976
            ],
            [
              77.13278413521839,
              29.64515647499129
            ],
            [
              77.13278204483872,
              29.6451683990896
            ],
            [
              77.13249122514695,
              29.64550205310363
            ],
            [
              77.13225645404071,
              29.64612973768677
            ],
            [
              77.13232663582059,
              29.64671705677754
            ],
            [
              77.13239810039471,
              29.647249453101942
            ],
            [
              77.1328992049147,
              29.64778948664108
            ],
            [
              77.13337058328362,
              29.64825573116791
            ],
            [
              77.134273315584,
              29.648656377287573
            ],
            [
              77.1348858327588,
              29.648914504075513
            ],
            [
              77.13615445336595,
              29.648909559112145
            ],
            [
              77.13715943730185,
              29.649421893187323
            ],
            [
              77.13768966789833,
              29.650063155336657
            ],
            [
              77.13849357743257,
              29.650905999230332
            ],
            [
              77.13849816692539,
              29.650910811378967
            ],
            [
              77.1385392334086,
              29.650948167978243
            ],
            [
              77.13985427176314,
              29.652555694768978
            ],
            [
              77.14026032284794,
              29.653579345019043
            ],
            [
              77.14079080137941,
              29.654211439147268
            ],
            [
              77.14101439744356,
              29.654966292772798
            ],
            [
              77.14085194610755,
              29.65564104614828
            ],
            [
              77.14055565298077,
              29.656661398811707
            ],
            [
              77.14017131956622,
              29.658312031217022
            ],
            [
              77.13996593414957,
              29.65948050366026
            ],
            [
              77.13965235474176,
              29.66007777964967
            ],
            [
              77.13961062081029,
              29.660157267291204
            ],
            [
              77.13960392297153,
              29.660170025650178
            ],
            [
              77.13958839289693,
              29.66083821902094
            ],
            [
              77.13952519731498,
              29.66175280836757
            ],
            [
              77.13911749512665,
              29.662752901182497
            ],
            [
              77.13911380574578,
              29.662761948268116
            ],
            [
              77.1383496933752,
              29.6636502291732
            ],
            [
              77.1383379371231,
              29.663663894131346
            ],
            [
              77.13820514725948,
              29.66396372108128
            ],
            [
              77.13811683298557,
              29.664154452879735
            ],
            [
              77.13791844185172,
              29.66502085129788
            ],
            [
              77.13782868578177,
              29.665724349690073
            ],
            [
              77.13780346737683,
              29.6659070429665
            ],
            [
              77.1378434729497,
              29.665990165795677
            ],
            [
              77.13805935877372,
              29.666625827973647
            ],
            [
              77.13850023844041,
              29.667054870353283
            ],
            [
              77.14029468700085,
              29.66789250066397
            ],
            [
              77.14139565682316,
              29.668342386934217
            ],
            [
              77.1415004668606,
              29.668344243083876
            ],
            [
              77.1425697252551,
              29.66835402728706
            ],
            [
              77.14322881378918,
              29.668869330692218
            ],
            [
              77.14398952873134,
              29.669523783387262
            ],
            [
              77.14446506809665,
              29.669816065349462
            ],
            [
              77.14541148187602,
              29.670601994353422
            ],
            [
              77.14630791878288,
              29.67173499361521
            ],
            [
              77.1465453974114,
              29.672228297897945
            ],
            [
              77.14654800342404,
              29.67223371314979
            ],
            [
              77.14491252792284,
              29.673578313181533
            ],
            [
              77.14433172487082,
              29.673922739223183
            ],
            [
              77.1443277731819,
              29.673925083867573
            ],
            [
              77.14426992527085,
              29.67397194630364
            ],
            [
              77.1436972654469,
              29.674435865369112
            ],
            [
              77.14340812740133,
              29.674890281268883
            ],
            [
              77.14340343100905,
              29.674897660895606
            ],
            [
              77.14339294856798,
              29.674897475136632
            ],
            [
              77.1429338438808,
              29.675946925128027
            ],
            [
              77.14292786559257,
              29.67596059231804
            ],
            [
              77.14312424539852,
              29.6774383151535
            ],
            [
              77.14316289092204,
              29.678467619615397
            ],
            [
              77.14316312089075,
              29.678473722127126
            ],
            [
              77.14239907589385,
              29.67873222665129
            ],
            [
              77.14239157855447,
              29.67873476317918
            ],
            [
              77.14222351095135,
              29.67919878280274
            ],
            [
              77.14222661732559,
              29.67996800608112
            ],
            [
              77.14244616378441,
              29.680448045133453
            ],
            [
              77.14245664712377,
              29.680448230101707
            ],
            [
              77.14248549741744,
              29.680462592066704
            ],
            [
              77.14484093129637,
              29.681635026289996
            ],
            [
              77.1468093709509,
              29.682667924632884
            ],
            [
              77.14734192009908,
              29.683217585156182
            ],
            [
              77.14740137329956,
              29.68427165505558
            ],
            [
              77.14771337796067,
              29.684835728241918
            ],
            [
              77.14814726783617,
              29.685118095716906
            ],
            [
              77.14827568919252,
              29.685459162328208
            ],
            [
              77.14827174558843,
              29.68608174267774
            ],
            [
              77.14877707488523,
              29.68735428708427
            ],
            [
              77.14918037712528,
              29.687599484781757
            ],
            [
              77.14947334289224,
              29.688080803919902
            ],
            [
              77.14965026069757,
              29.688368915352406
            ],
            [
              77.1496690103342,
              29.68836469263332
            ],
            [
              77.14966907591122,
              29.68836468795098
            ],
            [
              77.1496946428625,
              29.688364374232034
            ],
            [
              77.14980212269299,
              29.688363056144322
            ],
            [
              77.15044294488406,
              29.688355191319737
            ],
            [
              77.15219411800398,
              29.688052620639255
            ],
            [
              77.15353214424665,
              29.688142615287912
            ],
            [
              77.1540434392552,
              29.6877545113756
            ],
            [
              77.1546634268199,
              29.687813059313086
            ],
            [
              77.15586182701963,
              29.68754208937317
            ],
            [
              77.15706550302501,
              29.68754178189487
            ],
            [
              77.1577165875699,
              29.687992767235045
            ],
            [
              77.15867739864835,
              29.688024064320494
            ],
            [
              77.15874464383556,
              29.688172851767373
            ],
            [
              77.15857449573424,
              29.689219381089828
            ],
            [
              77.15881246574119,
              29.690031270018018
            ],
            [
              77.1596703487527,
              29.690960285208444
            ],
            [
              77.16015116931358,
              29.692155523352216
            ],
            [
              77.16202793499507,
              29.691326829101804
            ],
            [
              77.16351382483177,
              29.690720136946698
            ],
            [
              77.16519256409539,
              29.690056579376588
            ],
            [
              77.16677311839676,
              29.689338810144218
            ],
            [
              77.16879779079144,
              29.688260085266798
            ],
            [
              77.17109635143143,
              29.687627846120904
            ],
            [
              77.17189676831589,
              29.687059152215678
            ],
            [
              77.17384878766536,
              29.685592495076325
            ],
            [
              77.1761370554088,
              29.685142608723194
            ],
            [
              77.17614743095035,
              29.685140568704377
            ],
            [
              77.17947902542096,
              29.684480592346546
            ],
            [
              77.18105438386672,
              29.68406045408687
            ],
            [
              77.18287247428879,
              29.68358153971866
            ],
            [
              77.18369366740913,
              29.683278964032404
            ],
            [
              77.18469066711879,
              29.683427393260875
            ],
            [
              77.18527437172918,
              29.683219647846627
            ],
            [
              77.18554824200815,
              29.683399865800695
            ],
            [
              77.18609584512389,
              29.6833996191836
            ],
            [
              77.18674654339318,
              29.683160255923582
            ],
            [
              77.18746954705972,
              29.682799085220942
            ],
            [
              77.1884614111009,
              29.682947493305747
            ],
            [
              77.19038327670123,
              29.683244220628936
            ],
            [
              77.19110665406693,
              29.683546072178192
            ],
            [
              77.19199505644188,
              29.6832750236169
            ],
            [
              77.19203838757791,
              29.683255127989217
            ],
            [
              77.19203842710378,
              29.683255110039198
            ],
            [
              77.19323441532698,
              29.682705984322034
            ],
            [
              77.19422594070329,
              29.682317590163862
            ],
            [
              77.19719043773475,
              29.681413797251995
            ],
            [
              77.19790873782244,
              29.681832920287388
            ],
            [
              77.1985959786592,
              29.681981376625345
            ],
            [
              77.19914336977253,
              29.681773592322052
            ],
            [
              77.1999696069332,
              29.681385222657553
            ],
            [
              77.20106416637766,
              29.68075308387007
            ],
            [
              77.2017147784087,
              29.68042337411047
            ],
            [
              77.20209228283045,
              29.680842702632237
            ],
            [
              77.20209637914814,
              29.68085077486492
            ],
            [
              77.20260956690701,
              29.681861831126664
            ],
            [
              77.20305431741428,
              29.682520118635523
            ],
            [
              77.20305543042691,
              29.683868814160327
            ],
            [
              77.20275105875078,
              29.68437868823616
            ],
            [
              77.2026482690244,
              29.685159152072483
            ],
            [
              77.20292267020773,
              29.685907697147506
            ],
            [
              77.20347073056591,
              29.6865659378692
            ],
            [
              77.20422536481192,
              29.68698501366855
            ],
            [
              77.20528933123106,
              29.68674532181065
            ],
            [
              77.20530495293386,
              29.686746132654466
            ],
            [
              77.20700448909463,
              29.686834442793423
            ],
            [
              77.20823929711449,
              29.68700964015873
            ],
            [
              77.20940679077687,
              29.687008865215734
            ],
            [
              77.2099236131194,
              29.68725211820885
            ],
            [
              77.21101967095372,
              29.688297875162654
            ],
            [
              77.21173828724845,
              29.68892890673057
            ],
            [
              77.212394596395,
              29.68916751020058
            ],
            [
              77.21366047983551,
              29.689347137661727
            ],
            [
              77.2146939798918,
              29.689702762050604
            ],
            [
              77.21537633119846,
              29.690153408372318
            ],
            [
              77.21572289225192,
              29.69060420796835
            ],
            [
              77.21654476719355,
              29.691113383776347
            ],
            [
              77.2175683255946,
              29.69179826496751
            ],
            [
              77.21859709422428,
              29.692577905649813
            ],
            [
              77.21963153571495,
              29.69383559962036
            ],
            [
              77.22086836763916,
              29.695990887655135
            ],
            [
              77.22141719875191,
              29.69728048779921
            ]
          ]
        ]
      }
    }
  ]
}