Tender ID,tender_externalreference,tender_title,Work Description,Tender Category,Tender Type,Form of contract,Product Category,Is Multi Currency Allowed For BOQ,Allow Two Stage Bidding,Independent External Monitor/Remarks,Published Date,Published Date.1,Pre Bid Meeting Date,Bid Validity(Days),Should Allow NDA Tender,Allow Preferential Bidder,Payment Mode,Bid Opening Date,Organisation Chain,location,Pincode,No of Bids Received,Tender Value in ₹,Bidder Name,Awarded Value,Status,Contract Date :,Department,is_flood_tender,positive_keywords_dict,negative_keywords_dict,Season,Scheme,Erosion,Roads_Bridges_Embkt,Response Type,Flood Response - Subhead
2018_GNIDA_264925_10,GM/PROJECT/2018/407 DATED 22.10.2018,"Providing and laying interlocking tiles and construction of drain from G.T. road to Sidh Baba Mandir and Khichchu home to Raju home in village Khera Dharampura (Mazra Chhapraula), Greater Noida","Providing and laying interlocking tiles and construction of drain from G.T. road to Sidh Baba Mandir and Khichchu home to Raju home in village Khera Dharampura (Mazra Chhapraula), Greater Noida",Works,Open Tender,Fixed-rate,Civil Works,No,No,NA ,26-Oct-2018 06:00 PM,,NA ,90.0,No ,No,Offline,16-Nov-2018 11:00 AM,Greater Noida Industrial Development Authority,GREATER NOIDA,201308.0,2.0,"85,88,673",M/s SHANTI CONSTRUCTION COMPANY,"6,700,023.98",Rejected-Finance,31-Jan-2020,Greater Noida Industrial Development Authority,True,"{'Flood': 0, 'Embankment': 0, 'embkt': 0, 'Relief': 0, 'Erosion': 0, 'SDRF': 0, 'Inundation': 0, 'Hydrology': 0, 'Silt': 0, 'Siltation': 0, 'Bund': 0, 'Trench': 0, 'Breach': 0, 'Culvert': 0, 'Sluice': 0, 'Dyke': 0, 'Storm water drain': 0, 'Emergency': 0, 'Immediate': 0, 'IM': 0, 'AE': 0, 'A E': 0, 'AAPDA MITRA': 0, 'flood': 0, 'Bridge': 0, 'River': 0, 'Drain': 2, 'Restoration': 0, 'Protection': 0, 'irr': 0, 'irrigation': 0, 'dam': 0, 'Nallah': 0, 'Retrofitting': 0, 'Pond': 0, 'Pokhari': 0, 'D/C': 0, 'Recharge shaft': 0, 'LFB': 0, 'RFB': 0}","{'Floodlight': 0, 'Flood Light': 0, 'GAS': 0, 'FIFA': 0, 'pipe': 0, 'pipes': 0, 'covid': 0, 'supply': 0, 'Beautification': 0, 'Installation': 0}",Post-Monsoon,,False,True,Repair and Restoration,"{'Construction': 2, 'Drain': 2}"
2018_REDUP_277116_1,21/RED/e-tendring/2018-19 Date 06.11.2018,Const. of R.C.C. Cover Drain in Diwanganj Bazar (Block- Baba Belkharnath Dham),Const. of R.C.C. Cover Drain in Diwanganj Bazar (Block- Baba Belkharnath Dham),Works,Open Tender,Percentage,Civil Works,No,No,NA ,26-Nov-2018 01:00 PM,,NA ,90.0,No ,No,Offline,04-Dec-2018 01:00 PM,Director Cum Chief Engineer RED||CHIEF ENGINEER EAST||SE ALLAHABAD CIRCLE||EE PRATAPGARH,Pratapgarh,230001.0,2.0,"39,75,000",M/S RAJENDRA KUMAR TRIPATHI,"1,778,402",Rejected-Finance,18-Sep-2019,Director Cum Chief Engineer RED||CHIEF ENGINEER EAST||SE ALLAHABAD CIRCLE||EE PRATAPGARH,True,"{'Flood': 0, 'Embankment': 0, 'embkt': 0, 'Relief': 0, 'Erosion': 0, 'SDRF': 0, 'Inundation': 0, 'Hydrology': 0, 'Silt': 0, 'Siltation': 0, 'Bund': 0, 'Trench': 0, 'Breach': 0, 'Culvert': 0, 'Sluice': 0, 'Dyke': 0, 'Storm water drain': 0, 'Emergency': 0, 'Immediate': 0, 'IM': 0, 'AE': 0, 'A E': 0, 'AAPDA MITRA': 0, 'flood': 0, 'Bridge': 0, 'River': 0, 'Drain': 2, 'Restoration': 0, 'Protection': 0, 'irr': 0, 'irrigation': 0, 'dam': 0, 'Nallah': 0, 'Retrofitting': 0, 'Pond': 0, 'Pokhari': 0, 'D/C': 0, 'Recharge shaft': 0, 'LFB': 0, 'RFB': 0}","{'Floodlight': 0, 'Flood Light': 0, 'GAS': 0, 'FIFA': 0, 'pipe': 0, 'pipes': 0, 'covid': 0, 'supply': 0, 'Beautification': 0, 'Installation': 0}",Post-Monsoon,,False,True,Repair and Restoration,{'Drain': 2}
2018_UPIDM_278464_1,12/EE/2018-19,IRRIGATION AND WATER RESOURCE DEPARTMENT,Loose cement in Silo/Bunker,Goods,Open Tender,Item Rate,Supply of Materials,No,No,PLEASE SUBMIT FD OR BANK GUARANTY AMOUNT OF RS. 4000000.00 IN FAVOUR OF EXECUTIVE ENGINEER PARIYOJNA BHANDAR KHAND KANPUR FOR SECURITY PURPOSE TO DO WORK. ,30-Nov-2018 06:00 PM,,NA ,30.0,No ,No,Not Applicable,06-Dec-2018 12:30 PM,U P Irrigation Department (Mechanical)||Central Equipment and Stores Procurement||S E Samagri Prabandh Prakoshth||E E Pariyojna Bhandar Khand Kanpur,KANPUR NAGAR,208014.0,2.0,"2,40,00,000",KJS CEMENT LIMITED,"27,000,000",Rejected-AOC,16-Jan-2020,U P Irrigation Department (Mechanical)||Central Equipment and Stores Procurement||S E Samagri Prabandh Prakoshth||E E Pariyojna Bhandar Khand Kanpur,True,"{'Flood': 0, 'Embankment': 0, 'embkt': 0, 'Relief': 0, 'Erosion': 0, 'SDRF': 0, 'Inundation': 0, 'Hydrology': 0, 'Silt': 0, 'Siltation': 0, 'Bund': 0, 'Trench': 0, 'Breach': 0, 'Culvert': 0, 'Sluice': 0, 'Dyke': 0, 'Storm water drain': 0, 'Emergency': 0, 'Immediate': 0, 'IM': 0, 'AE': 0, 'A E': 0, 'AAPDA MITRA': 0, 'flood': 0, 'Bridge': 0, 'River': 0, 'Drain': 0, 'Restoration': 0, 'Protection': 0, 'irr': 0, 'irrigation': 1, 'dam': 0, 'Nallah': 0, 'Retrofitting': 0, 'Pond': 0, 'Pokhari': 0, 'D/C': 0, 'Recharge shaft': 0, 'LFB': 0, 'RFB': 0}","{'Floodlight': 0, 'Flood Light': 0, 'GAS': 0, 'FIFA': 0, 'pipe': 0, 'pipes': 0, 'covid': 0, 'supply': 0, 'Beautification': 0, 'Installation': 0}",Post-Monsoon,,False,False,Others,
2019_CEAGR_394056_1,4808/14M-AC/2019 Dated-04-10-2019,New Construction of Hasanpur to Marahala Road and with 1x5 mtr. Span Culvert work.,New Construction of Hasanpur to Marahala Road and with 1x5 mtr. Span Culvert work.,Works,Open Tender,Lump-sum,Civil Works,No,No,NA ,18-Oct-2019 06:05 PM,,23-Oct-2019 12:00 PM ,90.0,No ,No,Online,26-Oct-2019 12:30 PM,Chief Engineer Agra Zone PWD Agra UP||AGRA CIRCLE PWD AGRA,Mathura,281001.0,2.0,"1,02,00,000",CHHAIL BIHARI,"7,748,301.37",Accepted-AOC,06-Jan-2020,Chief Engineer Agra Zone PWD Agra UP||AGRA CIRCLE PWD AGRA,True,"{'Flood': 0, 'Embankment': 0, 'embkt': 0, 'Relief': 0, 'Erosion': 0, 'SDRF': 0, 'Inundation': 0, 'Hydrology': 0, 'Silt': 0, 'Siltation': 0, 'Bund': 0, 'Trench': 0, 'Breach': 0, 'Culvert': 2, 'Sluice': 0, 'Dyke': 0, 'Storm water drain': 0, 'Emergency': 0, 'Immediate': 0, 'IM': 0, 'AE': 0, 'A E': 0, 'AAPDA MITRA': 0, 'flood': 0, 'Bridge': 0, 'River': 0, 'Drain': 0, 'Restoration': 0, 'Protection': 0, 'irr': 0, 'irrigation': 0, 'dam': 0, 'Nallah': 0, 'Retrofitting': 0, 'Pond': 0, 'Pokhari': 0, 'D/C': 0, 'Recharge shaft': 0, 'LFB': 0, 'RFB': 0}","{'Floodlight': 0, 'Flood Light': 0, 'GAS': 0, 'FIFA': 0, 'pipe': 0, 'pipes': 0, 'covid': 0, 'supply': 0, 'Beautification': 0, 'Installation': 0}",Post-Monsoon,,False,True,Repair and Restoration,{'Construction': 2}
2019_CEALD_356855_1,1181/A-5/etendering/19 Dt 13-06-2019,Patch/pot holes repair work at V.R. (Under AE-IV),Patch/pot holes repair work at V.R. (Under AE-IV),Works,Open Tender,Fixed-rate,Civil Works,No,No,NA ,23-Jun-2019 09:00 AM,,25-Jun-2019 12:00 PM ,90.0,No ,No,Online,29-Jun-2019 12:30 PM,Cheif Engineer Allahabad Zone PWD Allahabad||SE PRATAPGARH CIRCLE PWD PRATAPGARH||EE PROVINCIAL DIVISION PWD FATEHPUR,Fatehpur,212601.0,2.0,"25,00,000",ANOOP KUMAR CHAURASIA,"237,840",Accepted-AOC,15-Jan-2020,Cheif Engineer Allahabad Zone PWD Allahabad||SE PRATAPGARH CIRCLE PWD PRATAPGARH||EE PROVINCIAL DIVISION PWD FATEHPUR,True,"{'Flood': 0, 'Embankment': 0, 'embkt': 0, 'Relief': 0, 'Erosion': 0, 'SDRF': 0, 'Inundation': 0, 'Hydrology': 0, 'Silt': 0, 'Siltation': 0, 'Bund': 0, 'Trench': 0, 'Breach': 0, 'Culvert': 0, 'Sluice': 0, 'Dyke': 0, 'Storm water drain': 0, 'Emergency': 0, 'Immediate': 0, 'IM': 0, 'AE': 2, 'A E': 0, 'AAPDA MITRA': 0, 'flood': 0, 'Bridge': 0, 'River': 0, 'Drain': 0, 'Restoration': 0, 'Protection': 0, 'irr': 0, 'irrigation': 0, 'dam': 0, 'Nallah': 0, 'Retrofitting': 0, 'Pond': 0, 'Pokhari': 0, 'D/C': 0, 'Recharge shaft': 0, 'LFB': 0, 'RFB': 0}","{'Floodlight': 0, 'Flood Light': 0, 'GAS': 0, 'FIFA': 0, 'pipe': 0, 'pipes': 0, 'covid': 0, 'supply': 0, 'Beautification': 0, 'Installation': 0}",Monsoon,,True,False,Repair and Restoration,{'repair': 2}
2019_CEALD_400746_1,4940/93C/etendering/P.F.C/19 Dt 24.10.19(8),"Construction of 1x6.00M Span R.C.C. Box Culvert,and approach road on Chaupai chauhan basti link Road","Construction of 1x6.00M Span R.C.C. Box Culvert,and approach road on Chaupai chauhan basti link Road",Works,Open Tender,Fixed-rate,Civil Works,No,No,NA ,07-Nov-2019 09:00 AM,,11-Nov-2019 12:00 PM ,90.0,No ,No,Online,13-Nov-2019 03:00 PM,Cheif Engineer Allahabad Zone PWD Allahabad||SE PRATAPGARH CIRCLE PWD PRATAPGARH,pbh,230001.0,2.0,"42,00,000",m/s satish chandra jaiswal,"3,760,524",Accepted-AOC,04-Jan-2020,Cheif Engineer Allahabad Zone PWD Allahabad||SE PRATAPGARH CIRCLE PWD PRATAPGARH,True,"{'Flood': 0, 'Embankment': 0, 'embkt': 0, 'Relief': 0, 'Erosion': 0, 'SDRF': 0, 'Inundation': 0, 'Hydrology': 0, 'Silt': 0, 'Siltation': 0, 'Bund': 0, 'Trench': 0, 'Breach': 0, 'Culvert': 2, 'Sluice': 0, 'Dyke': 0, 'Storm water drain': 0, 'Emergency': 0, 'Immediate': 0, 'IM': 0, 'AE': 0, 'A E': 0, 'AAPDA MITRA': 0, 'flood': 0, 'Bridge': 0, 'River': 0, 'Drain': 0, 'Restoration': 0, 'Protection': 0, 'irr': 0, 'irrigation': 0, 'dam': 0, 'Nallah': 0, 'Retrofitting': 0, 'Pond': 0, 'Pokhari': 0, 'D/C': 0, 'Recharge shaft': 0, 'LFB': 0, 'RFB': 0}","{'Floodlight': 0, 'Flood Light': 0, 'GAS': 0, 'FIFA': 0, 'pipe': 0, 'pipes': 0, 'covid': 0, 'supply': 0, 'Beautification': 0, 'Installation': 0}",Post-Monsoon,,False,True,Repair and Restoration,{'Construction': 2}
2019_CEALD_416494_1,4457/Camp Nivida /19Date 24-12-2019,"Errection, Maintenance and Dismantling of Nagvasuki Pile Culvert and Approach Link Road for Parking (Magh Mela 2019-20)","Errection, Maintenance and Dismantling of Nagvasuki Pile Culvert and Approach Link Road for Parking (Magh Mela 2019-20)",Works,Open Tender,Fixed-rate,Civil Works,No,No,NA ,26-Dec-2019 09:00 AM,,NA ,90.0,No ,No,Online,01-Jan-2020 03:00 PM,Cheif Engineer Allahabad Zone PWD Allahabad||SE ALLAHABAD CIRCLE PWD ALLAHABAD||EE CD-4 -KUMBH MELA- PWD ALLAHABAD,Prayagraj,211002.0,2.0,"20,60,000",SAHGAL CONSTRUCTION,"1,183,629",Accepted-AOC,01-Jan-2020,Cheif Engineer Allahabad Zone PWD Allahabad||SE ALLAHABAD CIRCLE PWD ALLAHABAD||EE CD-4 -KUMBH MELA- PWD ALLAHABAD,True,"{'Flood': 0, 'Embankment': 0, 'embkt': 0, 'Relief': 0, 'Erosion': 0, 'SDRF': 0, 'Inundation': 0, 'Hydrology': 0, 'Silt': 0, 'Siltation': 0, 'Bund': 0, 'Trench': 0, 'Breach': 0, 'Culvert': 2, 'Sluice': 0, 'Dyke': 0, 'Storm water drain': 0, 'Emergency': 0, 'Immediate': 0, 'IM': 0, 'AE': 0, 'A E': 0, 'AAPDA MITRA': 0, 'flood': 0, 'Bridge': 0, 'River': 0, 'Drain': 0, 'Restoration': 0, 'Protection': 0, 'irr': 0, 'irrigation': 0, 'dam': 0, 'Nallah': 0, 'Retrofitting': 0, 'Pond': 0, 'Pokhari': 0, 'D/C': 0, 'Recharge shaft': 0, 'LFB': 0, 'RFB': 0}","{'Floodlight': 0, 'Flood Light': 0, 'GAS': 0, 'FIFA': 0, 'pipe': 0, 'pipes': 0, 'covid': 0, 'supply': 0, 'Beautification': 0, 'Installation': 0}",Post-Monsoon,,False,True,Others,
2019_CEBLY_405090_1,9983/141C (E tender-6)-3/19-20 DATE 08.11.19,"Construction of Approach, Additional approach road of submersible Bridge at damaged portion by flood in Nigohi-Tilhar Road of Km.-15 in length 200mtr in Distt. Shahjahanpur","Construction of Approach, Additional approach road of submersible Bridge at damaged portion by flood in Nigohi-Tilhar Road of Km.-15 in length 200mtr in Distt. Shahjahanpur",Works,Open Tender,Fixed-rate,Civil Works - Roads,No,No,NA ,19-Nov-2019 09:00 AM,,22-Nov-2019 12:00 PM ,90.0,No ,No,Online,11-Dec-2019 12:30 PM,Cheif Engineer Bareilly Zone PWD Bareilly||SE BAREILLY CIRCLE PWD BAREILLY,SHAHJAHANPUR,242001.0,2.0,"1,30,54,210",J P GUPTA AND CO,"13,021,574.79",Accepted-AOC,22-Jan-2020,Cheif Engineer Bareilly Zone PWD Bareilly||SE BAREILLY CIRCLE PWD BAREILLY,True,"{'Flood': 2, 'Embankment': 0, 'embkt': 0, 'Relief': 0, 'Erosion': 0, 'SDRF': 0, 'Inundation': 0, 'Hydrology': 0, 'Silt': 0, 'Siltation': 0, 'Bund': 0, 'Trench': 0, 'Breach': 0, 'Culvert': 0, 'Sluice': 0, 'Dyke': 0, 'Storm water drain': 0, 'Emergency': 0, 'Immediate': 0, 'IM': 0, 'AE': 0, 'A E': 0, 'AAPDA MITRA': 0, 'flood': 2, 'Bridge': 2, 'River': 0, 'Drain': 0, 'Restoration': 0, 'Protection': 0, 'irr': 0, 'irrigation': 0, 'dam': 0, 'Nallah': 0, 'Retrofitting': 0, 'Pond': 0, 'Pokhari': 0, 'D/C': 0, 'Recharge shaft': 0, 'LFB': 0, 'RFB': 0}","{'Floodlight': 0, 'Flood Light': 0, 'GAS': 0, 'FIFA': 0, 'pipe': 0, 'pipes': 0, 'covid': 0, 'supply': 0, 'Beautification': 0, 'Installation': 0}",Post-Monsoon,,False,True,Repair and Restoration,"{'Construction': 2, 'Bridge': 2}"
2019_CEBLY_405398_1,9931 /431C(e tender)-3/19-20 DATE 07.11.19,"Construction of Main Bridge, Approach Road and Extra Approach Road over Deorania river between Village Sundrasi and Malau under State Scheme (2019-20) in District Bareilly","Construction of Main Bridge, Approach Road and Extra Approach Road over Deorania river between Village Sundrasi and Malau under State Scheme (2019-20) in District Bareilly",Works,Open Tender,Fixed-rate,Civil Works - Bridges,No,No,NA ,19-Nov-2019 05:00 PM,,22-Nov-2019 12:00 PM ,90.0,No ,No,Online,11-Dec-2019 12:30 PM,Cheif Engineer Bareilly Zone PWD Bareilly||SE BAREILLY CIRCLE PWD BAREILLY,BAREILLY,243001.0,2.0,"3,81,85,416",M/s A.M. BUILDERS,"38,662,734",Accepted-AOC,06-Jan-2020,Cheif Engineer Bareilly Zone PWD Bareilly||SE BAREILLY CIRCLE PWD BAREILLY,True,"{'Flood': 0, 'Embankment': 0, 'embkt': 0, 'Relief': 0, 'Erosion': 0, 'SDRF': 0, 'Inundation': 0, 'Hydrology': 0, 'Silt': 0, 'Siltation': 0, 'Bund': 0, 'Trench': 0, 'Breach': 0, 'Culvert': 0, 'Sluice': 0, 'Dyke': 0, 'Storm water drain': 0, 'Emergency': 0, 'Immediate': 0, 'IM': 0, 'AE': 0, 'A E': 0, 'AAPDA MITRA': 0, 'flood': 0, 'Bridge': 2, 'River': 2, 'Drain': 0, 'Restoration': 0, 'Protection': 0, 'irr': 0, 'irrigation': 0, 'dam': 0, 'Nallah': 0, 'Retrofitting': 0, 'Pond': 0, 'Pokhari': 0, 'D/C': 0, 'Recharge shaft': 0, 'LFB': 0, 'RFB': 0}","{'Floodlight': 0, 'Flood Light': 0, 'GAS': 0, 'FIFA': 0, 'pipe': 0, 'pipes': 0, 'covid': 0, 'supply': 0, 'Beautification': 0, 'Installation': 0}",Post-Monsoon,,False,True,Repair and Restoration,"{'Construction': 2, 'Bridge': 2}"
2019_CEBLY_407639_1,2030/Nivida(E.T.)/19 Dated 25-11-2019,Construction of C.C. Road and Drain at Saidpur Karaingi Road to Sisaiya Link Road Under Special Repair in Year 2019-20,Construction of C.C. Road and Drain at Saidpur Karaingi Road to Sisaiya Link Road Under Special Repair in Year 2019-20,Works,Open Tender,Fixed-rate,Civil Works - Roads,No,No,NA ,26-Nov-2019 09:00 AM,,28-Nov-2019 09:00 AM ,90.0,No ,No,Online,03-Dec-2019 12:30 PM,Cheif Engineer Bareilly Zone PWD Bareilly||SE BADAUN-PILIBHIT CIRCLE PWD BAREILLY||EE CONSTRUCTION DIVISION PWD BADAUN,Budaun,243601.0,2.0,"32,10,000",M/S SANJEEV KUMAR SINGH CONTRACTOR,"2,562,768.28",Rejected-Finance,18-Jan-2020,Cheif Engineer Bareilly Zone PWD Bareilly||SE BADAUN-PILIBHIT CIRCLE PWD BAREILLY||EE CONSTRUCTION DIVISION PWD BADAUN,True,"{'Flood': 0, 'Embankment': 0, 'embkt': 0, 'Relief': 0, 'Erosion': 0, 'SDRF': 0, 'Inundation': 0, 'Hydrology': 0, 'Silt': 0, 'Siltation': 0, 'Bund': 0, 'Trench': 0, 'Breach': 0, 'Culvert': 0, 'Sluice': 0, 'Dyke': 0, 'Storm water drain': 0, 'Emergency': 0, 'Immediate': 0, 'IM': 0, 'AE': 0, 'A E': 0, 'AAPDA MITRA': 0, 'flood': 0, 'Bridge': 0, 'River': 0, 'Drain': 2, 'Restoration': 0, 'Protection': 0, 'irr': 0, 'irrigation': 0, 'dam': 0, 'Nallah': 0, 'Retrofitting': 0, 'Pond': 0, 'Pokhari': 0, 'D/C': 0, 'Recharge shaft': 0, 'LFB': 0, 'RFB': 0}","{'Floodlight': 0, 'Flood Light': 0, 'GAS': 0, 'FIFA': 0, 'pipe': 0, 'pipes': 0, 'covid': 0, 'supply': 0, 'Beautification': 0, 'Installation': 0}",Post-Monsoon,,False,True,Repair and Restoration,"{'repair': 2, 'Construction': 2, 'Drain': 2}"
2019_CEBLY_410297_1,6883/6Nivida(E-Tender)-8/19 Date 30-11-2019,"Construction of minor bridge, Approach road and additional approach road work on Bisalpur Puranpur Diyoriya Kalan Road in Village Dhakia Ranjeet on Mala river in Dist. Pilibhit Under Rajya Yojna (General)","Construction of minor bridge, Approach road and additional approach road work on Bisalpur Puranpur Diyoriya Kalan Road in Village Dhakia Ranjeet on Mala river in Dist. Pilibhit Under Rajya Yojna (General)",Works,Open Tender,Item Rate,Civil Works - Bridges,No,No,NA ,04-Dec-2019 03:00 PM,,06-Dec-2019 12:00 PM ,90.0,No ,No,Online,18-Dec-2019 03:00 PM,Cheif Engineer Bareilly Zone PWD Bareilly||SE BADAUN-PILIBHIT CIRCLE PWD BAREILLY||EE CONSTRUCTION DIVISION-1 PWD PILIBHIT,BAREILLY,243001.0,2.0,"5,06,00,000",M/s A.M. BUILDERS,"50,863,740",Accepted-AOC,20-Jan-2020,Cheif Engineer Bareilly Zone PWD Bareilly||SE BADAUN-PILIBHIT CIRCLE PWD BAREILLY||EE CONSTRUCTION DIVISION-1 PWD PILIBHIT,True,"{'Flood': 0, 'Embankment': 0, 'embkt': 0, 'Relief': 0, 'Erosion': 0, 'SDRF': 0, 'Inundation': 0, 'Hydrology': 0, 'Silt': 0, 'Siltation': 0, 'Bund': 0, 'Trench': 0, 'Breach': 0, 'Culvert': 0, 'Sluice': 0, 'Dyke': 0, 'Storm water drain': 0, 'Emergency': 0, 'Immediate': 0, 'IM': 0, 'AE': 0, 'A E': 0, 'AAPDA MITRA': 0, 'flood': 0, 'Bridge': 2, 'River': 2, 'Drain': 0, 'Restoration': 0, 'Protection': 0, 'irr': 0, 'irrigation': 0, 'dam': 0, 'Nallah': 0, 'Retrofitting': 0, 'Pond': 0, 'Pokhari': 0, 'D/C': 0, 'Recharge shaft': 0, 'LFB': 0, 'RFB': 0}","{'Floodlight': 0, 'Flood Light': 0, 'GAS': 0, 'FIFA': 0, 'pipe': 0, 'pipes': 0, 'covid': 0, 'supply': 0, 'Beautification': 0, 'Installation': 0}",Post-Monsoon,,False,True,Repair and Restoration,"{'Construction': 2, 'Bridge': 2}"
2019_CEJNS_363103_1,1897/10A date10-07-2019,Reconstruction of Pantoon bridge at Jalauni Mata Mandir-Beejalpur Ghat (Yamuna River) in district Jalaun Year 2019-20,Reconstruction of Pantoon bridge at Jalauni Mata Mandir-Beejalpur Ghat (Yamuna River) in district Jalaun Year 2019-20,Works,Open Tender,Fixed-rate,Civil Works - Roads,No,No,NA ,11-Jul-2019 04:00 PM,,20-Jul-2019 12:00 PM ,90.0,No ,No,Online,26-Jul-2019 12:30 PM,Chief Engineer Jhansi Zone PWD Jhansi UP||JHANSI CIRLCE PWD JHANSI||CONSTRUCTION DIVISION 3 PWD ORAI,Orai,285001.0,2.0,"18,15,000",M/s. Dharmendra Construction Co.,"1,501,635.32",Accepted-AOC,25-Jan-2020,Chief Engineer Jhansi Zone PWD Jhansi UP||JHANSI CIRLCE PWD JHANSI||CONSTRUCTION DIVISION 3 PWD ORAI,True,"{'Flood': 0, 'Embankment': 0, 'embkt': 0, 'Relief': 0, 'Erosion': 0, 'SDRF': 0, 'Inundation': 0, 'Hydrology': 0, 'Silt': 0, 'Siltation': 0, 'Bund': 0, 'Trench': 0, 'Breach': 0, 'Culvert': 0, 'Sluice': 0, 'Dyke': 0, 'Storm water drain': 0, 'Emergency': 0, 'Immediate': 0, 'IM': 0, 'AE': 0, 'A E': 0, 'AAPDA MITRA': 0, 'flood': 0, 'Bridge': 2, 'River': 2, 'Drain': 0, 'Restoration': 0, 'Protection': 0, 'irr': 0, 'irrigation': 0, 'dam': 0, 'Nallah': 0, 'Retrofitting': 0, 'Pond': 0, 'Pokhari': 0, 'D/C': 0, 'Recharge shaft': 0, 'LFB': 0, 'RFB': 0}","{'Floodlight': 0, 'Flood Light': 0, 'GAS': 0, 'FIFA': 0, 'pipe': 0, 'pipes': 0, 'covid': 0, 'supply': 0, 'Beautification': 0, 'Installation': 0}",Monsoon,,False,True,Repair and Restoration,"{'reconstruction': 2, 'Bridge': 2}"
2019_CEJNS_397532_1,3357/10A date-30-10-2019,"Painting and writing of Tree, Culvert, Kilomiter, Hectomiter stone etc of SH-MDR-ODR Roads.","Painting and writing of Tree, Culvert, Kilomiter, Hectomiter stone etc of SH-MDR-ODR Roads.",Works,Open Tender,Fixed-rate,Civil Works - Others,No,No,NA ,30-Oct-2019 05:00 PM,,04-Nov-2019 12:00 PM ,90.0,No ,No,Online,08-Nov-2019 12:30 PM,Chief Engineer Jhansi Zone PWD Jhansi UP||JHANSI CIRLCE PWD JHANSI||CONSTRUCTION DIVISION 3 PWD ORAI,Orai,285001.0,2.0,"7,00,000",M/S ANAND KUMAR,"686,216.2",Accepted-AOC,17-Jan-2020,Chief Engineer Jhansi Zone PWD Jhansi UP||JHANSI CIRLCE PWD JHANSI||CONSTRUCTION DIVISION 3 PWD ORAI,True,"{'Flood': 0, 'Embankment': 0, 'embkt': 0, 'Relief': 0, 'Erosion': 0, 'SDRF': 0, 'Inundation': 0, 'Hydrology': 0, 'Silt': 0, 'Siltation': 0, 'Bund': 0, 'Trench': 0, 'Breach': 0, 'Culvert': 2, 'Sluice': 0, 'Dyke': 0, 'Storm water drain': 0, 'Emergency': 0, 'Immediate': 0, 'IM': 0, 'AE': 0, 'A E': 0, 'AAPDA MITRA': 0, 'flood': 0, 'Bridge': 0, 'River': 0, 'Drain': 0, 'Restoration': 0, 'Protection': 0, 'irr': 0, 'irrigation': 0, 'dam': 0, 'Nallah': 0, 'Retrofitting': 0, 'Pond': 0, 'Pokhari': 0, 'D/C': 0, 'Recharge shaft': 0, 'LFB': 0, 'RFB': 0}","{'Floodlight': 0, 'Flood Light': 0, 'GAS': 0, 'FIFA': 0, 'pipe': 0, 'pipes': 0, 'covid': 0, 'supply': 0, 'Beautification': 0, 'Installation': 0}",Post-Monsoon,,False,True,Others,
2019_CEKNP_408959_1,2114/26A/2019 Dated 23.11.2019,"Protection work ofapproach road of Minor Bridge at Pandu River situated in Km. 122 of Lucknow Etawah Road (SH 40) Km 122, Kanpur","Protection work ofapproach road of Minor Bridge at Pandu River situated in Km. 122 of Lucknow Etawah Road (SH 40) Km 122, Kanpur",Works,Open Tender,Percentage,Civil Works - Roads,No,No,NA ,30-Nov-2019 09:00 AM,,03-Dec-2019 12:00 PM ,90.0,No ,No,Online,12-Dec-2019 12:30 PM,Cheif Engineer Kanpur Zone PWD Kanpur||SE KANPUR CIRCLE PWD KANPUR||EE CD -BUILDING- PWD KANPUR NAGAR,Kanpur Nagar,208001.0,2.0,"32,00,000",OM CONSTRUCTION,"3,018,709",Rejected-Finance,31-Dec-2019,Cheif Engineer Kanpur Zone PWD Kanpur||SE KANPUR CIRCLE PWD KANPUR||EE CD -BUILDING- PWD KANPUR NAGAR,True,"{'Flood': 0, 'Embankment': 0, 'embkt': 0, 'Relief': 0, 'Erosion': 0, 'SDRF': 0, 'Inundation': 0, 'Hydrology': 0, 'Silt': 0, 'Siltation': 0, 'Bund': 0, 'Trench': 0, 'Breach': 0, 'Culvert': 0, 'Sluice': 0, 'Dyke': 0, 'Storm water drain': 0, 'Emergency': 0, 'Immediate': 0, 'IM': 0, 'AE': 0, 'A E': 0, 'AAPDA MITRA': 0, 'flood': 0, 'Bridge': 2, 'River': 2, 'Drain': 0, 'Restoration': 0, 'Protection': 2, 'irr': 0, 'irrigation': 0, 'dam': 0, 'Nallah': 0, 'Retrofitting': 0, 'Pond': 0, 'Pokhari': 0, 'D/C': 0, 'Recharge shaft': 0, 'LFB': 0, 'RFB': 0}","{'Floodlight': 0, 'Flood Light': 0, 'GAS': 0, 'FIFA': 0, 'pipe': 0, 'pipes': 0, 'covid': 0, 'supply': 0, 'Beautification': 0, 'Installation': 0}",Post-Monsoon,,False,True,Repair and Restoration,{'Bridge': 2}
2019_CEMBD_383941_1,2288/E-Tender/19-20 Dt 9.9.2019,Construction and Maintenance of Pantoon Bridge on Chandpur Dattiyana Mawana Meerut Road at Makdumpur Ghat and Dattiyana Ghat.,Construction and Maintenance of Pantoon Bridge on Chandpur Dattiyana Mawana Meerut Road at Makdumpur Ghat and Dattiyana Ghat.,Works,Open Tender,Fixed-rate,Civil Works - Bridges,No,No,NA ,23-Sep-2019 10:00 AM,,25-Sep-2019 12:00 PM ,90.0,No ,No,Online,30-Sep-2019 12:30 PM,Chief Engineer Moradabad Zone PWD Moradabad UP||RAMPUR CIRCLE PWD RAMPUR||PROVINCIAL DIVISION PWD BIJNOR,Bijnor,246701.0,2.0,"10,50,000",NIRDESH KUMAR SHARMA CONTRACTOR,"995,381.62",Rejected-AOC,17-Jan-2020,Chief Engineer Moradabad Zone PWD Moradabad UP||RAMPUR CIRCLE PWD RAMPUR||PROVINCIAL DIVISION PWD BIJNOR,True,"{'Flood': 0, 'Embankment': 0, 'embkt': 0, 'Relief': 0, 'Erosion': 0, 'SDRF': 0, 'Inundation': 0, 'Hydrology': 0, 'Silt': 0, 'Siltation': 0, 'Bund': 0, 'Trench': 0, 'Breach': 0, 'Culvert': 0, 'Sluice': 0, 'Dyke': 0, 'Storm water drain': 0, 'Emergency': 0, 'Immediate': 0, 'IM': 0, 'AE': 0, 'A E': 0, 'AAPDA MITRA': 0, 'flood': 0, 'Bridge': 2, 'River': 0, 'Drain': 0, 'Restoration': 0, 'Protection': 0, 'irr': 0, 'irrigation': 0, 'dam': 0, 'Nallah': 0, 'Retrofitting': 0, 'Pond': 0, 'Pokhari': 0, 'D/C': 0, 'Recharge shaft': 0, 'LFB': 0, 'RFB': 0}","{'Floodlight': 0, 'Flood Light': 0, 'GAS': 0, 'FIFA': 0, 'pipe': 0, 'pipes': 0, 'covid': 0, 'supply': 0, 'Beautification': 0, 'Installation': 0}",Monsoon,,False,True,Repair and Restoration,"{'Construction': 2, 'Bridge': 2}"
2019_CEMRT_396742_2,966/4A dated 22.10.2019,Patch Repair work on different VR roads under AE I,Patch Repair work on different VR roads under AE I,Works,Open Tender,Percentage,Civil Works - Roads,No,No,NA ,30-Oct-2019 10:00 AM,,31-Oct-2019 12:00 PM ,90.0,No ,No,Online,06-Nov-2019 12:30 PM,Cheif Engineer Meerut Zone PWD Meerut||SE BULAND SHAHAR PWD BULANDSHAHAR||EE CONSTRUCTION DIVISION-2 PWD GAZIABAD,GHAZIABAD,201001.0,2.0,"20,00,000",M/S D.A.P.L ASSOCIATES,"1,873,593",Accepted-AOC,08-Jan-2020,Cheif Engineer Meerut Zone PWD Meerut||SE BULAND SHAHAR PWD BULANDSHAHAR||EE CONSTRUCTION DIVISION-2 PWD GAZIABAD,True,"{'Flood': 0, 'Embankment': 0, 'embkt': 0, 'Relief': 0, 'Erosion': 0, 'SDRF': 0, 'Inundation': 0, 'Hydrology': 0, 'Silt': 0, 'Siltation': 0, 'Bund': 0, 'Trench': 0, 'Breach': 0, 'Culvert': 0, 'Sluice': 0, 'Dyke': 0, 'Storm water drain': 0, 'Emergency': 0, 'Immediate': 0, 'IM': 0, 'AE': 2, 'A E': 0, 'AAPDA MITRA': 0, 'flood': 0, 'Bridge': 0, 'River': 0, 'Drain': 0, 'Restoration': 0, 'Protection': 0, 'irr': 0, 'irrigation': 0, 'dam': 0, 'Nallah': 0, 'Retrofitting': 0, 'Pond': 0, 'Pokhari': 0, 'D/C': 0, 'Recharge shaft': 0, 'LFB': 0, 'RFB': 0}","{'Floodlight': 0, 'Flood Light': 0, 'GAS': 0, 'FIFA': 0, 'pipe': 0, 'pipes': 0, 'covid': 0, 'supply': 0, 'Beautification': 0, 'Installation': 0}",Post-Monsoon,,True,True,Repair and Restoration,{'repair': 2}
2019_CEUAZ_374005_1,2111 /SE Tender/Azamgarh Circle /19 DT. 09/08/2019,Construction Work of New Bridge Approach Road on old Damaged Bridge near Khas Begpur Inter College on Silani River in Distt Azamgarh,Construction Work of New Bridge Approach Road on old Damaged Bridge near Khas Begpur Inter College on Silani River in Distt Azamgarh,Works,Open Tender,Fixed-rate,Civil Works,No,No,NA ,22-Aug-2019 09:00 AM,,22-Aug-2019 09:00 AM ,90.0,No ,No,Online,30-Aug-2019 03:30 PM,"Chief Engineer PWD Azamgarh Zone,Azamgarh||S.E. Azamgarh Circle,PWD,Azamgarh",Azamgarh,276001.0,2.0,"52,00,000",M/s Ajay Kumar Singh,"4,928,912",Accepted-AOC,18-Sep-2019,"Chief Engineer PWD Azamgarh Zone,Azamgarh||S.E. Azamgarh Circle,PWD,Azamgarh",True,"{'Flood': 0, 'Embankment': 0, 'embkt': 0, 'Relief': 0, 'Erosion': 0, 'SDRF': 0, 'Inundation': 0, 'Hydrology': 0, 'Silt': 0, 'Siltation': 0, 'Bund': 0, 'Trench': 0, 'Breach': 0, 'Culvert': 0, 'Sluice': 0, 'Dyke': 0, 'Storm water drain': 0, 'Emergency': 0, 'Immediate': 0, 'IM': 0, 'AE': 0, 'A E': 0, 'AAPDA MITRA': 0, 'flood': 0, 'Bridge': 4, 'River': 2, 'Drain': 0, 'Restoration': 0, 'Protection': 0, 'irr': 0, 'irrigation': 0, 'dam': 0, 'Nallah': 0, 'Retrofitting': 0, 'Pond': 0, 'Pokhari': 0, 'D/C': 0, 'Recharge shaft': 0, 'LFB': 0, 'RFB': 0}","{'Floodlight': 0, 'Flood Light': 0, 'GAS': 0, 'FIFA': 0, 'pipe': 0, 'pipes': 0, 'covid': 0, 'supply': 0, 'Beautification': 0, 'Installation': 0}",Monsoon,,False,True,Repair and Restoration,"{'Construction': 2, 'Bridge': 4}"
2019_CEUAZ_381877_1,2386/Tender(C.D)-Ballia Circle/19 Date 05.09.19,New Construction of Ratsar Pachkhora Road Shivlochan Yadav ke Ghar to Brahmchari via Chawari Road and Culvert,New Construction of Ratsar Pachkhora Road Shivlochan Yadav ke Ghar to Brahmchari via Chawari Road and Culvert,Works,Open Tender,Fixed-rate,Civil Works,No,No,NA ,18-Sep-2019 10:00 AM,,19-Sep-2019 12:00 PM ,90.0,No ,No,Online,25-Sep-2019 12:00 PM,"Chief Engineer PWD Azamgarh Zone,Azamgarh||S.E. Balia Circle,PWD, Balia",Ballia,277001.0,2.0,"1,18,00,000",Sudha Associates,"11,729,484.11",Rejected-Finance,24-Jan-2020,"Chief Engineer PWD Azamgarh Zone,Azamgarh||S.E. Balia Circle,PWD, Balia",True,"{'Flood': 0, 'Embankment': 0, 'embkt': 0, 'Relief': 0, 'Erosion': 0, 'SDRF': 0, 'Inundation': 0, 'Hydrology': 0, 'Silt': 0, 'Siltation': 0, 'Bund': 0, 'Trench': 0, 'Breach': 0, 'Culvert': 2, 'Sluice': 0, 'Dyke': 0, 'Storm water drain': 0, 'Emergency': 0, 'Immediate': 0, 'IM': 0, 'AE': 0, 'A E': 0, 'AAPDA MITRA': 0, 'flood': 0, 'Bridge': 0, 'River': 0, 'Drain': 0, 'Restoration': 0, 'Protection': 0, 'irr': 0, 'irrigation': 0, 'dam': 0, 'Nallah': 0, 'Retrofitting': 0, 'Pond': 0, 'Pokhari': 0, 'D/C': 0, 'Recharge shaft': 0, 'LFB': 0, 'RFB': 0}","{'Floodlight': 0, 'Flood Light': 0, 'GAS': 0, 'FIFA': 0, 'pipe': 0, 'pipes': 0, 'covid': 0, 'supply': 0, 'Beautification': 0, 'Installation': 0}",Monsoon,,False,True,Repair and Restoration,{'Construction': 2}
2019_CEUCZ_402510_1,4507/e-tender/2019 dated 04.11.2019,Painting Work at Lohiyapath (L Shape Bridge),Painting Work at Lohiyapath (L Shape Bridge),Works,Open Tender,Fixed-rate,Civil Works - Roads,No,No,NA ,11-Nov-2019 06:55 PM,,15-Nov-2019 12:00 PM ,90.0,No ,No,Online,10-Dec-2019 12:30 PM,"Chief Engineer PWD Central Zone,Lucknow||S.E. UPPWD Lucknow||Provincial Division, Lucknow",LUCKNOW,226001.0,2.0,"2,83,000",Narayan Construction,"201,533.98",Rejected-Finance,23-Jan-2020,"Chief Engineer PWD Central Zone,Lucknow||S.E. UPPWD Lucknow||Provincial Division, Lucknow",True,"{'Flood': 0, 'Embankment': 0, 'embkt': 0, 'Relief': 0, 'Erosion': 0, 'SDRF': 0, 'Inundation': 0, 'Hydrology': 0, 'Silt': 0, 'Siltation': 0, 'Bund': 0, 'Trench': 0, 'Breach': 0, 'Culvert': 0, 'Sluice': 0, 'Dyke': 0, 'Storm water drain': 0, 'Emergency': 0, 'Immediate': 0, 'IM': 0, 'AE': 0, 'A E': 0, 'AAPDA MITRA': 0, 'flood': 0, 'Bridge': 2, 'River': 0, 'Drain': 0, 'Restoration': 0, 'Protection': 0, 'irr': 0, 'irrigation': 0, 'dam': 0, 'Nallah': 0, 'Retrofitting': 0, 'Pond': 0, 'Pokhari': 0, 'D/C': 0, 'Recharge shaft': 0, 'LFB': 0, 'RFB': 0}","{'Floodlight': 0, 'Flood Light': 0, 'GAS': 0, 'FIFA': 0, 'pipe': 0, 'pipes': 0, 'covid': 0, 'supply': 0, 'Beautification': 0, 'Installation': 0}",Post-Monsoon,,False,True,Repair and Restoration,{'Bridge': 2}
2019_CEUCZ_402770_1,4507/e-tender/2019 dated 04.11.2019,Road Signage Work at Lohiyapath (L Shape Bridge),Road Signage Work at Lohiyapath (L Shape Bridge),Works,Open Tender,Fixed-rate,Civil Works - Others,No,No,NA ,13-Nov-2019 09:00 AM,,15-Nov-2019 12:00 PM ,90.0,No ,No,Online,10-Dec-2019 12:30 PM,"Chief Engineer PWD Central Zone,Lucknow||S.E. UPPWD Lucknow||Provincial Division, Lucknow",LUCKNOW,226001.0,2.0,"2,38,000",M/S NAVYA ENTERPRISES,"186,072.85",Accepted-AOC,23-Jan-2020,"Chief Engineer PWD Central Zone,Lucknow||S.E. UPPWD Lucknow||Provincial Division, Lucknow",True,"{'Flood': 0, 'Embankment': 0, 'embkt': 0, 'Relief': 0, 'Erosion': 0, 'SDRF': 0, 'Inundation': 0, 'Hydrology': 0, 'Silt': 0, 'Siltation': 0, 'Bund': 0, 'Trench': 0, 'Breach': 0, 'Culvert': 0, 'Sluice': 0, 'Dyke': 0, 'Storm water drain': 0, 'Emergency': 0, 'Immediate': 0, 'IM': 0, 'AE': 0, 'A E': 0, 'AAPDA MITRA': 0, 'flood': 0, 'Bridge': 2, 'River': 0, 'Drain': 0, 'Restoration': 0, 'Protection': 0, 'irr': 0, 'irrigation': 0, 'dam': 0, 'Nallah': 0, 'Retrofitting': 0, 'Pond': 0, 'Pokhari': 0, 'D/C': 0, 'Recharge shaft': 0, 'LFB': 0, 'RFB': 0}","{'Floodlight': 0, 'Flood Light': 0, 'GAS': 0, 'FIFA': 0, 'pipe': 0, 'pipes': 0, 'covid': 0, 'supply': 0, 'Beautification': 0, 'Installation': 0}",Post-Monsoon,,False,True,Repair and Restoration,{'Bridge': 2}
2019_CEUCZ_405768_4,2471/A-1 Dt. 15-11-2019,Construction of CC road with drain at Pariyar Maraunda Majhawara road at Maraunda Majhawara vill.,Construction of CC road with drain at Pariyar Maraunda Majhawara road at Maraunda Majhawara vill.,Works,Open Tender,Fixed-rate,Civil Works,No,No,NA ,26-Nov-2019 09:00 AM,,27-Nov-2019 12:00 PM ,90.0,No ,No,Online,05-Dec-2019 12:30 PM,"Chief Engineer PWD Central Zone,Lucknow||S.E. UPPWD Unnao||Provincial Division, Unnao",Unnao,209801.0,2.0,"27,22,000",M/S UDAY RAJ SINGH AND COMPANY,"2,722,174",Rejected-Finance,19-Dec-2019,"Chief Engineer PWD Central Zone,Lucknow||S.E. UPPWD Unnao||Provincial Division, Unnao",True,"{'Flood': 0, 'Embankment': 0, 'embkt': 0, 'Relief': 0, 'Erosion': 0, 'SDRF': 0, 'Inundation': 0, 'Hydrology': 0, 'Silt': 0, 'Siltation': 0, 'Bund': 0, 'Trench': 0, 'Breach': 0, 'Culvert': 0, 'Sluice': 0, 'Dyke': 0, 'Storm water drain': 0, 'Emergency': 0, 'Immediate': 0, 'IM': 0, 'AE': 0, 'A E': 0, 'AAPDA MITRA': 0, 'flood': 0, 'Bridge': 0, 'River': 0, 'Drain': 2, 'Restoration': 0, 'Protection': 0, 'irr': 0, 'irrigation': 0, 'dam': 0, 'Nallah': 0, 'Retrofitting': 0, 'Pond': 0, 'Pokhari': 0, 'D/C': 0, 'Recharge shaft': 0, 'LFB': 0, 'RFB': 0}","{'Floodlight': 0, 'Flood Light': 0, 'GAS': 0, 'FIFA': 0, 'pipe': 0, 'pipes': 0, 'covid': 0, 'supply': 0, 'Beautification': 0, 'Installation': 0}",Post-Monsoon,,False,True,Repair and Restoration,"{'Construction': 2, 'Drain': 2}"
2019_CEUCZ_406706_1,4647/e-tender/2019 dated 15/11/2019,Road Restoration Work at Lucknow - Kanpur Road to Hardoi Road and Hardoi Road to Sitapur Road (Ring Road) in Km. 7 and 8,Road Restoration Work at Lucknow - Kanpur Road to Hardoi Road and Hardoi Road to Sitapur Road (Ring Road) in Km. 7 and 8,Works,Open Tender,Fixed-rate,Civil Works - Roads,No,No,NA ,22-Nov-2019 06:00 PM,,25-Nov-2019 12:00 PM ,60.0,No ,No,Online,02-Dec-2019 12:30 PM,"Chief Engineer PWD Central Zone,Lucknow||S.E. UPPWD Lucknow||Provincial Division, Lucknow",LUCKNOW,226001.0,2.0,"22,23,000",RAGHUNATH CONSTRUCTION,"1,422,899.45",Rejected-Finance,31-Jan-2020,"Chief Engineer PWD Central Zone,Lucknow||S.E. UPPWD Lucknow||Provincial Division, Lucknow",True,"{'Flood': 0, 'Embankment': 0, 'embkt': 0, 'Relief': 0, 'Erosion': 0, 'SDRF': 0, 'Inundation': 0, 'Hydrology': 0, 'Silt': 0, 'Siltation': 0, 'Bund': 0, 'Trench': 0, 'Breach': 0, 'Culvert': 0, 'Sluice': 0, 'Dyke': 0, 'Storm water drain': 0, 'Emergency': 0, 'Immediate': 0, 'IM': 0, 'AE': 0, 'A E': 0, 'AAPDA MITRA': 0, 'flood': 0, 'Bridge': 0, 'River': 0, 'Drain': 0, 'Restoration': 2, 'Protection': 0, 'irr': 0, 'irrigation': 0, 'dam': 0, 'Nallah': 0, 'Retrofitting': 0, 'Pond': 0, 'Pokhari': 0, 'D/C': 0, 'Recharge shaft': 0, 'LFB': 0, 'RFB': 0}","{'Floodlight': 0, 'Flood Light': 0, 'GAS': 0, 'FIFA': 0, 'pipe': 0, 'pipes': 0, 'covid': 0, 'supply': 0, 'Beautification': 0, 'Installation': 0}",Post-Monsoon,,False,True,Repair and Restoration,{'restoration': 2}
2019_CEUCZ_406750_1,4647/e-tender/2019 dated 15/11/2019,Road Restoration Work at Lucknow - Kanpur Road,Road Restoration Work at Lucknow - Kanpur Road.,Works,Open Tender,Fixed-rate,Civil Works - Roads,No,No,NA ,22-Nov-2019 06:00 PM,,25-Nov-2019 12:00 PM ,60.0,No ,No,Online,02-Dec-2019 12:30 PM,"Chief Engineer PWD Central Zone,Lucknow||S.E. UPPWD Lucknow||Provincial Division, Lucknow",LUCKNOW,226001.0,2.0,"18,91,000",RAGHUNATH CONSTRUCTION,"1,228,976.86",Rejected-Finance,25-Jan-2020,"Chief Engineer PWD Central Zone,Lucknow||S.E. UPPWD Lucknow||Provincial Division, Lucknow",True,"{'Flood': 0, 'Embankment': 0, 'embkt': 0, 'Relief': 0, 'Erosion': 0, 'SDRF': 0, 'Inundation': 0, 'Hydrology': 0, 'Silt': 0, 'Siltation': 0, 'Bund': 0, 'Trench': 0, 'Breach': 0, 'Culvert': 0, 'Sluice': 0, 'Dyke': 0, 'Storm water drain': 0, 'Emergency': 0, 'Immediate': 0, 'IM': 0, 'AE': 0, 'A E': 0, 'AAPDA MITRA': 0, 'flood': 0, 'Bridge': 0, 'River': 0, 'Drain': 0, 'Restoration': 2, 'Protection': 0, 'irr': 0, 'irrigation': 0, 'dam': 0, 'Nallah': 0, 'Retrofitting': 0, 'Pond': 0, 'Pokhari': 0, 'D/C': 0, 'Recharge shaft': 0, 'LFB': 0, 'RFB': 0}","{'Floodlight': 0, 'Flood Light': 0, 'GAS': 0, 'FIFA': 0, 'pipe': 0, 'pipes': 0, 'covid': 0, 'supply': 0, 'Beautification': 0, 'Installation': 0}",Post-Monsoon,,False,True,Repair and Restoration,{'restoration': 2}
2019_CEUVZ_407187_1,Letter No. 6857/183 Com-Vns Circle/19 Dt. 21-11-19,Janpad Varanasi me Chaukaghat Lahartara marg per 4 Lane Uprigami Setu ke dono taraf service road and existing carriageway ke restoration ka karya,Janpad Varanasi me Chaukaghat Lahartara marg per 4 Lane Uprigami Setu ke dono taraf service road and existing carriageway ke restoration ka karya,Works,Open Tender,Percentage,Civil Works,No,No,NA ,25-Nov-2019 12:00 PM,,26-Nov-2019 12:00 PM ,90.0,No ,No,Online,30-Nov-2019 12:30 PM,"Chief Engineer PWD Varanasi Zone||S.E. Varanasi Circle,PWD, Varanasi||PROVINCIAL DIVISION PWD VARANASI",Varanasi,221002.0,2.0,"4,00,00,000",M/S SANJAY CONSTRUCTION,"33,329,716.68",Not Admitted-Finance,03-Jan-2020,"Chief Engineer PWD Varanasi Zone||S.E. Varanasi Circle,PWD, Varanasi||PROVINCIAL DIVISION PWD VARANASI",True,"{'Flood': 0, 'Embankment': 0, 'embkt': 0, 'Relief': 0, 'Erosion': 0, 'SDRF': 0, 'Inundation': 0, 'Hydrology': 0, 'Silt': 0, 'Siltation': 0, 'Bund': 0, 'Trench': 0, 'Breach': 0, 'Culvert': 0, 'Sluice': 0, 'Dyke': 0, 'Storm water drain': 0, 'Emergency': 0, 'Immediate': 0, 'IM': 0, 'AE': 0, 'A E': 0, 'AAPDA MITRA': 0, 'flood': 0, 'Bridge': 0, 'River': 0, 'Drain': 0, 'Restoration': 2, 'Protection': 0, 'irr': 0, 'irrigation': 0, 'dam': 0, 'Nallah': 0, 'Retrofitting': 0, 'Pond': 0, 'Pokhari': 0, 'D/C': 0, 'Recharge shaft': 0, 'LFB': 0, 'RFB': 0}","{'Floodlight': 0, 'Flood Light': 0, 'GAS': 0, 'FIFA': 0, 'pipe': 0, 'pipes': 0, 'covid': 0, 'supply': 0, 'Beautification': 0, 'Installation': 0}",Post-Monsoon,,False,True,Repair and Restoration,{'restoration': 2}
2019_CLDF_395908_11,1433/e-Tender/Jhansi Div/2019-20/24-10-2019,CONSTRUCTION OF PEWAR BRICKS ROAD AND DRAIN AT VILLAGE SIMARDHA IN VIRDHA BLOCK IN LALITPUR DISTRICT,Please Refer to Tender Document,Works,Open Tender,Percentage,Civil Works,No,No,NA ,19-Nov-2019 09:00 AM,,NA ,180.0,No ,No,Offline,27-Nov-2019 03:00 PM,UP Rajya Nirman Evam Sharam Vikash Sahkari Sangh Ltd Lucknow||EE Lucknow Unit,LALITPUR,284403.0,2.0,"74,84,459",ALDINE VAISHNAVI INFRA LLP,"7,483,710.55",Accepted-AOC,09-Jan-2020,UP Rajya Nirman Evam Sharam Vikash Sahkari Sangh Ltd Lucknow||EE Lucknow Unit,True,"{'Flood': 0, 'Embankment': 0, 'embkt': 0, 'Relief': 0, 'Erosion': 0, 'SDRF': 0, 'Inundation': 0, 'Hydrology': 0, 'Silt': 0, 'Siltation': 0, 'Bund': 0, 'Trench': 0, 'Breach': 0, 'Culvert': 0, 'Sluice': 0, 'Dyke': 0, 'Storm water drain': 0, 'Emergency': 0, 'Immediate': 0, 'IM': 0, 'AE': 0, 'A E': 0, 'AAPDA MITRA': 0, 'flood': 0, 'Bridge': 0, 'River': 0, 'Drain': 1, 'Restoration': 0, 'Protection': 0, 'irr': 0, 'irrigation': 0, 'dam': 0, 'Nallah': 0, 'Retrofitting': 0, 'Pond': 0, 'Pokhari': 0, 'D/C': 0, 'Recharge shaft': 0, 'LFB': 0, 'RFB': 0}","{'Floodlight': 0, 'Flood Light': 0, 'GAS': 0, 'FIFA': 0, 'pipe': 0, 'pipes': 0, 'covid': 0, 'supply': 0, 'Beautification': 0, 'Installation': 0}",Post-Monsoon,,False,True,Repair and Restoration,"{'Construction': 1, 'Drain': 1}"
2019_CLDF_395908_14,1433/e-Tender/Jhansi Div/2019-20/24-10-2019,CONSTRUCTION OF PEWAR BRICKS ROAD AND DRAIN AT VILLAGE CHADRAU IN VIRDHA BLOCK IN LALITPUR DISTRICT,Please Refer to Tender Document,Works,Open Tender,Percentage,Civil Works,No,No,NA ,19-Nov-2019 09:00 AM,,NA ,180.0,No ,No,Offline,27-Nov-2019 03:00 PM,UP Rajya Nirman Evam Sharam Vikash Sahkari Sangh Ltd Lucknow||EE Lucknow Unit,LALITPUR,284403.0,2.0,"80,13,490",Brijendra singh,"8,012,688.65",Rejected-Finance,09-Jan-2020,UP Rajya Nirman Evam Sharam Vikash Sahkari Sangh Ltd Lucknow||EE Lucknow Unit,True,"{'Flood': 0, 'Embankment': 0, 'embkt': 0, 'Relief': 0, 'Erosion': 0, 'SDRF': 0, 'Inundation': 0, 'Hydrology': 0, 'Silt': 0, 'Siltation': 0, 'Bund': 0, 'Trench': 0, 'Breach': 0, 'Culvert': 0, 'Sluice': 0, 'Dyke': 0, 'Storm water drain': 0, 'Emergency': 0, 'Immediate': 0, 'IM': 0, 'AE': 0, 'A E': 0, 'AAPDA MITRA': 0, 'flood': 0, 'Bridge': 0, 'River': 0, 'Drain': 1, 'Restoration': 0, 'Protection': 0, 'irr': 0, 'irrigation': 0, 'dam': 0, 'Nallah': 0, 'Retrofitting': 0, 'Pond': 0, 'Pokhari': 0, 'D/C': 0, 'Recharge shaft': 0, 'LFB': 0, 'RFB': 0}","{'Floodlight': 0, 'Flood Light': 0, 'GAS': 0, 'FIFA': 0, 'pipe': 0, 'pipes': 0, 'covid': 0, 'supply': 0, 'Beautification': 0, 'Installation': 0}",Post-Monsoon,,False,True,Repair and Restoration,"{'Construction': 1, 'Drain': 1}"
2019_CLDF_395908_9,1433/e-Tender/Jhansi Div/2019-20/24-10-2019,CONSTRUCTION OF PEWAR BRICKS ROAD AND DRAIN AT VILLAGE BARKHIRIYA IN VIRDHA BLOCK IN LALITPUR DISTRICT,Please Refer to Tender Document,Works,Open Tender,Percentage,Civil Works,No,No,NA ,19-Nov-2019 09:00 AM,,NA ,180.0,No ,No,Offline,27-Nov-2019 03:00 PM,UP Rajya Nirman Evam Sharam Vikash Sahkari Sangh Ltd Lucknow||EE Lucknow Unit,LALITPUR,284403.0,2.0,"80,96,966",K.K. ENTERPRISES,"8,088,869.03",Accepted-AOC,09-Jan-2020,UP Rajya Nirman Evam Sharam Vikash Sahkari Sangh Ltd Lucknow||EE Lucknow Unit,True,"{'Flood': 0, 'Embankment': 0, 'embkt': 0, 'Relief': 0, 'Erosion': 0, 'SDRF': 0, 'Inundation': 0, 'Hydrology': 0, 'Silt': 0, 'Siltation': 0, 'Bund': 0, 'Trench': 0, 'Breach': 0, 'Culvert': 0, 'Sluice': 0, 'Dyke': 0, 'Storm water drain': 0, 'Emergency': 0, 'Immediate': 0, 'IM': 0, 'AE': 0, 'A E': 0, 'AAPDA MITRA': 0, 'flood': 0, 'Bridge': 0, 'River': 0, 'Drain': 1, 'Restoration': 0, 'Protection': 0, 'irr': 0, 'irrigation': 0, 'dam': 0, 'Nallah': 0, 'Retrofitting': 0, 'Pond': 0, 'Pokhari': 0, 'D/C': 0, 'Recharge shaft': 0, 'LFB': 0, 'RFB': 0}","{'Floodlight': 0, 'Flood Light': 0, 'GAS': 0, 'FIFA': 0, 'pipe': 0, 'pipes': 0, 'covid': 0, 'supply': 0, 'Beautification': 0, 'Installation': 0}",Post-Monsoon,,False,True,Repair and Restoration,"{'Construction': 1, 'Drain': 1}"
2019_CLDF_406237_10,1967/e-Tender/Jhansi Div/2019-20/20-11-2019,CONSTRUCTION WORK OF PEVER BRICKS ROAD AND DRAIN AT GRAM BASWA IN JAKHAURA BLOCK IN LALITPUR DISTRICT,Please Refer to Tender Document,Works,Open Tender,Percentage,Civil Works,No,No,NA ,25-Dec-2019 09:00 AM,,NA ,180.0,No ,No,Offline,30-Dec-2019 03:00 PM,UP Rajya Nirman Evam Sharam Vikash Sahkari Sangh Ltd Lucknow||EE Lucknow Unit,LALITPUR,284403.0,2.0,"78,50,487",M/S JAISWAL ENTERPRISES,"7,849,702.14",Rejected-Finance,21-Jan-2020,UP Rajya Nirman Evam Sharam Vikash Sahkari Sangh Ltd Lucknow||EE Lucknow Unit,True,"{'Flood': 0, 'Embankment': 0, 'embkt': 0, 'Relief': 0, 'Erosion': 0, 'SDRF': 0, 'Inundation': 0, 'Hydrology': 0, 'Silt': 0, 'Siltation': 0, 'Bund': 0, 'Trench': 0, 'Breach': 0, 'Culvert': 0, 'Sluice': 0, 'Dyke': 0, 'Storm water drain': 0, 'Emergency': 0, 'Immediate': 0, 'IM': 0, 'AE': 0, 'A E': 0, 'AAPDA MITRA': 0, 'flood': 0, 'Bridge': 0, 'River': 0, 'Drain': 1, 'Restoration': 0, 'Protection': 0, 'irr': 0, 'irrigation': 0, 'dam': 0, 'Nallah': 0, 'Retrofitting': 0, 'Pond': 0, 'Pokhari': 0, 'D/C': 0, 'Recharge shaft': 0, 'LFB': 0, 'RFB': 0}","{'Floodlight': 0, 'Flood Light': 0, 'GAS': 0, 'FIFA': 0, 'pipe': 0, 'pipes': 0, 'covid': 0, 'supply': 0, 'Beautification': 0, 'Installation': 0}",Post-Monsoon,,False,True,Repair and Restoration,"{'Construction': 1, 'Drain': 1}"
2019_CLDF_406237_11,1967/e-Tender/Jhansi Div/2019-20/20-11-2019,CONSTRUCTION WORK OF PAVER BRICK AND DRAIN IN VARIOUS WARDS OF DISTRICT LALITPUR,Please Refer to Tender Document,Works,Open Tender,Percentage,Civil Works,No,No,NA ,25-Dec-2019 09:00 AM,,NA ,180.0,No ,No,Offline,30-Dec-2019 03:00 PM,UP Rajya Nirman Evam Sharam Vikash Sahkari Sangh Ltd Lucknow||EE Lucknow Unit,LALITPUR,284403.0,2.0,"81,05,778",M.A. CONSTRUCTION,"8,104,968.01",Rejected-Finance,21-Jan-2020,UP Rajya Nirman Evam Sharam Vikash Sahkari Sangh Ltd Lucknow||EE Lucknow Unit,True,"{'Flood': 0, 'Embankment': 0, 'embkt': 0, 'Relief': 0, 'Erosion': 0, 'SDRF': 0, 'Inundation': 0, 'Hydrology': 0, 'Silt': 0, 'Siltation': 0, 'Bund': 0, 'Trench': 0, 'Breach': 0, 'Culvert': 0, 'Sluice': 0, 'Dyke': 0, 'Storm water drain': 0, 'Emergency': 0, 'Immediate': 0, 'IM': 0, 'AE': 0, 'A E': 0, 'AAPDA MITRA': 0, 'flood': 0, 'Bridge': 0, 'River': 0, 'Drain': 1, 'Restoration': 0, 'Protection': 0, 'irr': 0, 'irrigation': 0, 'dam': 0, 'Nallah': 0, 'Retrofitting': 0, 'Pond': 0, 'Pokhari': 0, 'D/C': 0, 'Recharge shaft': 0, 'LFB': 0, 'RFB': 0}","{'Floodlight': 0, 'Flood Light': 0, 'GAS': 0, 'FIFA': 0, 'pipe': 0, 'pipes': 0, 'covid': 0, 'supply': 0, 'Beautification': 0, 'Installation': 0}",Post-Monsoon,,False,True,Repair and Restoration,"{'Construction': 1, 'Drain': 1}"
2019_CLDF_406237_3,1967/e-Tender/Jhansi Div/2019-20/20-11-2019,CONSTRUCTION WORK OF PEVER BRICK ROAD AND DRAIN AT GRAM JUGPURA IN JAKHAURA BLOCK IN LALITPUR DISTRICT,Please Refer to Tender Document,Works,Open Tender,Percentage,Civil Works,No,No,NA ,22-Nov-2019 02:00 PM,,NA ,180.0,No ,No,Offline,04-Dec-2019 03:00 PM,UP Rajya Nirman Evam Sharam Vikash Sahkari Sangh Ltd Lucknow||EE Lucknow Unit,LALITPUR,284403.0,2.0,"74,78,562",M.A. CONSTRUCTION,"7,477,814.49",Rejected-Finance,09-Jan-2020,UP Rajya Nirman Evam Sharam Vikash Sahkari Sangh Ltd Lucknow||EE Lucknow Unit,True,"{'Flood': 0, 'Embankment': 0, 'embkt': 0, 'Relief': 0, 'Erosion': 0, 'SDRF': 0, 'Inundation': 0, 'Hydrology': 0, 'Silt': 0, 'Siltation': 0, 'Bund': 0, 'Trench': 0, 'Breach': 0, 'Culvert': 0, 'Sluice': 0, 'Dyke': 0, 'Storm water drain': 0, 'Emergency': 0, 'Immediate': 0, 'IM': 0, 'AE': 0, 'A E': 0, 'AAPDA MITRA': 0, 'flood': 0, 'Bridge': 0, 'River': 0, 'Drain': 1, 'Restoration': 0, 'Protection': 0, 'irr': 0, 'irrigation': 0, 'dam': 0, 'Nallah': 0, 'Retrofitting': 0, 'Pond': 0, 'Pokhari': 0, 'D/C': 0, 'Recharge shaft': 0, 'LFB': 0, 'RFB': 0}","{'Floodlight': 0, 'Flood Light': 0, 'GAS': 0, 'FIFA': 0, 'pipe': 0, 'pipes': 0, 'covid': 0, 'supply': 0, 'Beautification': 0, 'Installation': 0}",Post-Monsoon,,False,True,Repair and Restoration,"{'Construction': 1, 'Drain': 1}"
2019_CLDF_406237_4,1967/e-Tender/Jhansi Div/2019-20/20-11-2019,CONSTRUCTION WORK OF PEVER BRICK ROAD AND DRAIN AT GRAM THANWARA IN JAKHAURA BLOCK IN LALITPUR DISTRICT,Please Refer to Tender Document,Works,Open Tender,Percentage,Civil Works,No,No,NA ,22-Nov-2019 02:00 PM,,NA ,180.0,No ,No,Offline,04-Dec-2019 03:00 PM,UP Rajya Nirman Evam Sharam Vikash Sahkari Sangh Ltd Lucknow||EE Lucknow Unit,LALITPUR,284403.0,2.0,"80,87,423",ALDINE VAISHNAVI INFRA LLP,"8,086,614.95",Accepted-AOC,09-Jan-2020,UP Rajya Nirman Evam Sharam Vikash Sahkari Sangh Ltd Lucknow||EE Lucknow Unit,True,"{'Flood': 0, 'Embankment': 0, 'embkt': 0, 'Relief': 0, 'Erosion': 0, 'SDRF': 0, 'Inundation': 0, 'Hydrology': 0, 'Silt': 0, 'Siltation': 0, 'Bund': 0, 'Trench': 0, 'Breach': 0, 'Culvert': 0, 'Sluice': 0, 'Dyke': 0, 'Storm water drain': 0, 'Emergency': 0, 'Immediate': 0, 'IM': 0, 'AE': 0, 'A E': 0, 'AAPDA MITRA': 0, 'flood': 0, 'Bridge': 0, 'River': 0, 'Drain': 1, 'Restoration': 0, 'Protection': 0, 'irr': 0, 'irrigation': 0, 'dam': 0, 'Nallah': 0, 'Retrofitting': 0, 'Pond': 0, 'Pokhari': 0, 'D/C': 0, 'Recharge shaft': 0, 'LFB': 0, 'RFB': 0}","{'Floodlight': 0, 'Flood Light': 0, 'GAS': 0, 'FIFA': 0, 'pipe': 0, 'pipes': 0, 'covid': 0, 'supply': 0, 'Beautification': 0, 'Installation': 0}",Post-Monsoon,,False,True,Repair and Restoration,"{'Construction': 1, 'Drain': 1}"
2019_CLDF_406237_5,1967/e-Tender/Jhansi Div/2019-20/20-11-2019,CONSTRUCTION WORK OF PEVER BRICK ROAD AND DRAIN AT GRAM PANCHAURA IN JAKHAURA BLOCK IN LALITPUR DISTRICT,Please Refer to Tender Document,Works,Open Tender,Percentage,Civil Works,No,No,NA ,22-Nov-2019 02:00 PM,,NA ,180.0,No ,No,Offline,04-Dec-2019 03:00 PM,UP Rajya Nirman Evam Sharam Vikash Sahkari Sangh Ltd Lucknow||EE Lucknow Unit,LALITPUR,284403.0,2.0,"80,87,519",M/S KAZMI CONSTRUCTION COMPANY,"8,083,475.42",Rejected-Finance,09-Jan-2020,UP Rajya Nirman Evam Sharam Vikash Sahkari Sangh Ltd Lucknow||EE Lucknow Unit,True,"{'Flood': 0, 'Embankment': 0, 'embkt': 0, 'Relief': 0, 'Erosion': 0, 'SDRF': 0, 'Inundation': 0, 'Hydrology': 0, 'Silt': 0, 'Siltation': 0, 'Bund': 0, 'Trench': 0, 'Breach': 0, 'Culvert': 0, 'Sluice': 0, 'Dyke': 0, 'Storm water drain': 0, 'Emergency': 0, 'Immediate': 0, 'IM': 0, 'AE': 0, 'A E': 0, 'AAPDA MITRA': 0, 'flood': 0, 'Bridge': 0, 'River': 0, 'Drain': 1, 'Restoration': 0, 'Protection': 0, 'irr': 0, 'irrigation': 0, 'dam': 0, 'Nallah': 0, 'Retrofitting': 0, 'Pond': 0, 'Pokhari': 0, 'D/C': 0, 'Recharge shaft': 0, 'LFB': 0, 'RFB': 0}","{'Floodlight': 0, 'Flood Light': 0, 'GAS': 0, 'FIFA': 0, 'pipe': 0, 'pipes': 0, 'covid': 0, 'supply': 0, 'Beautification': 0, 'Installation': 0}",Post-Monsoon,,False,True,Repair and Restoration,"{'Construction': 1, 'Drain': 1}"
2019_CLDF_406237_6,1967/e-Tender/Jhansi Div/2019-20/20-11-2019,CONSTRUCTION WORK OF PEVER BRICK ROAD AND DRAIN AT GRAM PURA VIRDHA IN TALBEHAT BLOCK IN LALITPUR DISTRICT,Please Refer to Tender Document,Works,Open Tender,Percentage,Civil Works,No,No,NA ,22-Nov-2019 02:00 PM,,NA ,180.0,No ,No,Offline,04-Dec-2019 03:00 PM,UP Rajya Nirman Evam Sharam Vikash Sahkari Sangh Ltd Lucknow||EE Lucknow Unit,LALITPUR,284403.0,2.0,"70,34,172",O P S Construction,"7,030,655.38",Rejected-Finance,09-Jan-2020,UP Rajya Nirman Evam Sharam Vikash Sahkari Sangh Ltd Lucknow||EE Lucknow Unit,True,"{'Flood': 0, 'Embankment': 0, 'embkt': 0, 'Relief': 0, 'Erosion': 0, 'SDRF': 0, 'Inundation': 0, 'Hydrology': 0, 'Silt': 0, 'Siltation': 0, 'Bund': 0, 'Trench': 0, 'Breach': 0, 'Culvert': 0, 'Sluice': 0, 'Dyke': 0, 'Storm water drain': 0, 'Emergency': 0, 'Immediate': 0, 'IM': 0, 'AE': 0, 'A E': 0, 'AAPDA MITRA': 0, 'flood': 0, 'Bridge': 0, 'River': 0, 'Drain': 1, 'Restoration': 0, 'Protection': 0, 'irr': 0, 'irrigation': 0, 'dam': 0, 'Nallah': 0, 'Retrofitting': 0, 'Pond': 0, 'Pokhari': 0, 'D/C': 0, 'Recharge shaft': 0, 'LFB': 0, 'RFB': 0}","{'Floodlight': 0, 'Flood Light': 0, 'GAS': 0, 'FIFA': 0, 'pipe': 0, 'pipes': 0, 'covid': 0, 'supply': 0, 'Beautification': 0, 'Installation': 0}",Post-Monsoon,,False,True,Repair and Restoration,"{'Construction': 1, 'Drain': 1}"
2019_CLDF_406237_7,1967/e-Tender/Jhansi Div/2019-20/20-11-2019,CONSTRUCTION WORK OF PEVER BRICK ROAD AND DRAIN AT GRAM JAMALPUR IN TALBEHAT BLOCK IN LALITPUR DISTRICT,Please Refer to Tender Document,Works,Open Tender,Percentage,Civil Works,No,No,NA ,22-Nov-2019 02:00 PM,,NA ,180.0,No ,No,Offline,04-Dec-2019 03:00 PM,UP Rajya Nirman Evam Sharam Vikash Sahkari Sangh Ltd Lucknow||EE Lucknow Unit,LALITPUR,284403.0,2.0,"79,75,371",M.A. CONSTRUCTION,"7,974,573.85",Rejected-Finance,09-Jan-2020,UP Rajya Nirman Evam Sharam Vikash Sahkari Sangh Ltd Lucknow||EE Lucknow Unit,True,"{'Flood': 0, 'Embankment': 0, 'embkt': 0, 'Relief': 0, 'Erosion': 0, 'SDRF': 0, 'Inundation': 0, 'Hydrology': 0, 'Silt': 0, 'Siltation': 0, 'Bund': 0, 'Trench': 0, 'Breach': 0, 'Culvert': 0, 'Sluice': 0, 'Dyke': 0, 'Storm water drain': 0, 'Emergency': 0, 'Immediate': 0, 'IM': 0, 'AE': 0, 'A E': 0, 'AAPDA MITRA': 0, 'flood': 0, 'Bridge': 0, 'River': 0, 'Drain': 1, 'Restoration': 0, 'Protection': 0, 'irr': 0, 'irrigation': 0, 'dam': 0, 'Nallah': 0, 'Retrofitting': 0, 'Pond': 0, 'Pokhari': 0, 'D/C': 0, 'Recharge shaft': 0, 'LFB': 0, 'RFB': 0}","{'Floodlight': 0, 'Flood Light': 0, 'GAS': 0, 'FIFA': 0, 'pipe': 0, 'pipes': 0, 'covid': 0, 'supply': 0, 'Beautification': 0, 'Installation': 0}",Post-Monsoon,,False,True,Repair and Restoration,"{'Construction': 1, 'Drain': 1}"
2019_CLDF_406237_8,1967/e-Tender/Jhansi Div/2019-20/20-11-2019,CONSTRUCTION WORK OF PEVER BRICK ROAD AND DRAIN AT GRAM KHADI KE MAJRA BARWARI IN TALBEHAT BLOCK IN LALITPUR DISTRICT,Please Refer to Tender Document,Works,Open Tender,Percentage,Civil Works,No,No,NA ,22-Nov-2019 02:00 PM,,NA ,180.0,No ,No,Offline,04-Dec-2019 03:00 PM,UP Rajya Nirman Evam Sharam Vikash Sahkari Sangh Ltd Lucknow||EE Lucknow Unit,LALITPUR,284403.0,2.0,"80,96,161",M/S KISHAN LAL,"8,095,351.64",Rejected-Finance,09-Jan-2020,UP Rajya Nirman Evam Sharam Vikash Sahkari Sangh Ltd Lucknow||EE Lucknow Unit,True,"{'Flood': 0, 'Embankment': 0, 'embkt': 0, 'Relief': 0, 'Erosion': 0, 'SDRF': 0, 'Inundation': 0, 'Hydrology': 0, 'Silt': 0, 'Siltation': 0, 'Bund': 0, 'Trench': 0, 'Breach': 0, 'Culvert': 0, 'Sluice': 0, 'Dyke': 0, 'Storm water drain': 0, 'Emergency': 0, 'Immediate': 0, 'IM': 0, 'AE': 0, 'A E': 0, 'AAPDA MITRA': 0, 'flood': 0, 'Bridge': 0, 'River': 0, 'Drain': 1, 'Restoration': 0, 'Protection': 0, 'irr': 0, 'irrigation': 0, 'dam': 0, 'Nallah': 0, 'Retrofitting': 0, 'Pond': 0, 'Pokhari': 0, 'D/C': 0, 'Recharge shaft': 0, 'LFB': 0, 'RFB': 0}","{'Floodlight': 0, 'Flood Light': 0, 'GAS': 0, 'FIFA': 0, 'pipe': 0, 'pipes': 0, 'covid': 0, 'supply': 0, 'Beautification': 0, 'Installation': 0}",Post-Monsoon,,False,True,Repair and Restoration,"{'Construction': 1, 'Drain': 1}"
2019_CLDF_406713_1,1578/e-tender/Jhansi Div/2019-20/21.11.2019,CONSTRUCTION WORK OF PEWAR BRICKS AND DRAIN AT VILLAGE ULDANAKHURD IN BLOCK- MADAWARA IN LALITPUR DISTRICT,Please Refer to tender document,Works,Open Tender,Percentage,Civil Works,No,No,NA ,22-Nov-2019 06:00 PM,,NA ,180.0,No ,No,Offline,04-Dec-2019 03:00 PM,UP Rajya Nirman Evam Sharam Vikash Sahkari Sangh Ltd Lucknow||EE Lucknow Unit,LALITPUR,284404.0,2.0,"80,17,443",O P S Construction,"8,013,434.83",Rejected-Finance,09-Jan-2020,UP Rajya Nirman Evam Sharam Vikash Sahkari Sangh Ltd Lucknow||EE Lucknow Unit,True,"{'Flood': 0, 'Embankment': 0, 'embkt': 0, 'Relief': 0, 'Erosion': 0, 'SDRF': 0, 'Inundation': 0, 'Hydrology': 0, 'Silt': 0, 'Siltation': 0, 'Bund': 0, 'Trench': 0, 'Breach': 0, 'Culvert': 0, 'Sluice': 0, 'Dyke': 0, 'Storm water drain': 0, 'Emergency': 0, 'Immediate': 0, 'IM': 0, 'AE': 0, 'A E': 0, 'AAPDA MITRA': 0, 'flood': 0, 'Bridge': 0, 'River': 0, 'Drain': 1, 'Restoration': 0, 'Protection': 0, 'irr': 0, 'irrigation': 0, 'dam': 0, 'Nallah': 0, 'Retrofitting': 0, 'Pond': 0, 'Pokhari': 0, 'D/C': 0, 'Recharge shaft': 0, 'LFB': 0, 'RFB': 0}","{'Floodlight': 0, 'Flood Light': 0, 'GAS': 0, 'FIFA': 0, 'pipe': 0, 'pipes': 0, 'covid': 0, 'supply': 0, 'Beautification': 0, 'Installation': 0}",Post-Monsoon,,False,True,Repair and Restoration,"{'Construction': 1, 'Drain': 1}"
2019_CLDF_406713_2,1578/e-tender/Jhansi Div/2019-20/21.11.2019,CONSTRUCTION WORK OF PEWAR BRICKS AND DRAIN AT VILLAGE SARKHADI IN BLOCK- MADAWARA IN LALITPUR DISTRICT,Please Refer to tender document,Works,Open Tender,Percentage,Civil Works,No,No,NA ,22-Nov-2019 06:00 PM,,NA ,180.0,No ,No,Offline,04-Dec-2019 03:00 PM,UP Rajya Nirman Evam Sharam Vikash Sahkari Sangh Ltd Lucknow||EE Lucknow Unit,LALITPUR,284404.0,2.0,"80,91,242",ALDINE VAISHNAVI INFRA LLP,"8,010,330.08",Accepted-AOC,09-Jan-2020,UP Rajya Nirman Evam Sharam Vikash Sahkari Sangh Ltd Lucknow||EE Lucknow Unit,True,"{'Flood': 0, 'Embankment': 0, 'embkt': 0, 'Relief': 0, 'Erosion': 0, 'SDRF': 0, 'Inundation': 0, 'Hydrology': 0, 'Silt': 0, 'Siltation': 0, 'Bund': 0, 'Trench': 0, 'Breach': 0, 'Culvert': 0, 'Sluice': 0, 'Dyke': 0, 'Storm water drain': 0, 'Emergency': 0, 'Immediate': 0, 'IM': 0, 'AE': 0, 'A E': 0, 'AAPDA MITRA': 0, 'flood': 0, 'Bridge': 0, 'River': 0, 'Drain': 1, 'Restoration': 0, 'Protection': 0, 'irr': 0, 'irrigation': 0, 'dam': 0, 'Nallah': 0, 'Retrofitting': 0, 'Pond': 0, 'Pokhari': 0, 'D/C': 0, 'Recharge shaft': 0, 'LFB': 0, 'RFB': 0}","{'Floodlight': 0, 'Flood Light': 0, 'GAS': 0, 'FIFA': 0, 'pipe': 0, 'pipes': 0, 'covid': 0, 'supply': 0, 'Beautification': 0, 'Installation': 0}",Post-Monsoon,,False,True,Repair and Restoration,"{'Construction': 1, 'Drain': 1}"
2019_CLDF_406713_3,1578/e-tender/Jhansi Div/2019-20/21.11.2019,CONSTRUCTION WORK OF PEWAR BRICKS AND DRAIN AT VILLAGE KARITORAN IN BLOCK- MADAWARA IN LALITPUR DISTRICT,Please Refer to tender document,Works,Open Tender,Percentage,Civil Works,No,No,NA ,11-Jun-2025 07:02 PM,,NA ,180.0,No ,No,Offline,04-Dec-2019 03:00 PM,UP Rajya Nirman Evam Sharam Vikash Sahkari Sangh Ltd Lucknow||EE Lucknow Unit,LALITPUR,284404.0,2.0,"80,20,525",O P S Construction,"8,016,515.16",Rejected-Finance,09-Jan-2020,UP Rajya Nirman Evam Sharam Vikash Sahkari Sangh Ltd Lucknow||EE Lucknow Unit,True,"{'Flood': 0, 'Embankment': 0, 'embkt': 0, 'Relief': 0, 'Erosion': 0, 'SDRF': 0, 'Inundation': 0, 'Hydrology': 0, 'Silt': 0, 'Siltation': 0, 'Bund': 0, 'Trench': 0, 'Breach': 0, 'Culvert': 0, 'Sluice': 0, 'Dyke': 0, 'Storm water drain': 0, 'Emergency': 0, 'Immediate': 0, 'IM': 0, 'AE': 0, 'A E': 0, 'AAPDA MITRA': 0, 'flood': 0, 'Bridge': 0, 'River': 0, 'Drain': 1, 'Restoration': 0, 'Protection': 0, 'irr': 0, 'irrigation': 0, 'dam': 0, 'Nallah': 0, 'Retrofitting': 0, 'Pond': 0, 'Pokhari': 0, 'D/C': 0, 'Recharge shaft': 0, 'LFB': 0, 'RFB': 0}","{'Floodlight': 0, 'Flood Light': 0, 'GAS': 0, 'FIFA': 0, 'pipe': 0, 'pipes': 0, 'covid': 0, 'supply': 0, 'Beautification': 0, 'Installation': 0}",Monsoon,,False,True,Repair and Restoration,"{'Construction': 1, 'Drain': 1}"
2019_CLDF_406713_5,1578/e-tender/Jhansi Div/2019-20/21.11.2019,CONSTRUCTION WORK OF PEWAR BRICKS AND DRAIN AT VILLAGE GUDHA BUJURG IN BLOCK- MADAWARA IN LALITPUR DISTRICT,Please Refer to tender document,Works,Open Tender,Percentage,Civil Works,No,No,NA ,22-Nov-2019 06:00 PM,,NA ,180.0,No ,No,Offline,04-Dec-2019 03:00 PM,UP Rajya Nirman Evam Sharam Vikash Sahkari Sangh Ltd Lucknow||EE Lucknow Unit,LALITPUR,284404.0,2.0,"80,81,612",ALDINE VAISHNAVI INFRA LLP,"8,080,804.69",Accepted-AOC,09-Jan-2020,UP Rajya Nirman Evam Sharam Vikash Sahkari Sangh Ltd Lucknow||EE Lucknow Unit,True,"{'Flood': 0, 'Embankment': 0, 'embkt': 0, 'Relief': 0, 'Erosion': 0, 'SDRF': 0, 'Inundation': 0, 'Hydrology': 0, 'Silt': 0, 'Siltation': 0, 'Bund': 0, 'Trench': 0, 'Breach': 0, 'Culvert': 0, 'Sluice': 0, 'Dyke': 0, 'Storm water drain': 0, 'Emergency': 0, 'Immediate': 0, 'IM': 0, 'AE': 0, 'A E': 0, 'AAPDA MITRA': 0, 'flood': 0, 'Bridge': 0, 'River': 0, 'Drain': 1, 'Restoration': 0, 'Protection': 0, 'irr': 0, 'irrigation': 0, 'dam': 0, 'Nallah': 0, 'Retrofitting': 0, 'Pond': 0, 'Pokhari': 0, 'D/C': 0, 'Recharge shaft': 0, 'LFB': 0, 'RFB': 0}","{'Floodlight': 0, 'Flood Light': 0, 'GAS': 0, 'FIFA': 0, 'pipe': 0, 'pipes': 0, 'covid': 0, 'supply': 0, 'Beautification': 0, 'Installation': 0}",Post-Monsoon,,False,True,Repair and Restoration,"{'Construction': 1, 'Drain': 1}"
2019_CLDF_406713_6,1578/e-tender/Jhansi Div/2019-20/21.11.2019,CONSTRUCTION WORK OF PEWAR BRICKS AND DRAIN AT VILLAGE IMALIYA IN BLOCK- MADAWARA IN LALITPUR DISTRICT,Please Refer to Tender Document,Works,Open Tender,Percentage,Civil Works,No,No,NA ,26-Dec-2019 06:00 PM,,NA ,180.0,No ,No,Offline,01-Jan-2020 03:00 PM,UP Rajya Nirman Evam Sharam Vikash Sahkari Sangh Ltd Lucknow||EE Lucknow Unit,LALITPUR,284403.0,2.0,"80,80,890",M/S KISHAN LAL,"8,080,082.01",Rejected-Finance,21-Jan-2020,UP Rajya Nirman Evam Sharam Vikash Sahkari Sangh Ltd Lucknow||EE Lucknow Unit,True,"{'Flood': 0, 'Embankment': 0, 'embkt': 0, 'Relief': 0, 'Erosion': 0, 'SDRF': 0, 'Inundation': 0, 'Hydrology': 0, 'Silt': 0, 'Siltation': 0, 'Bund': 0, 'Trench': 0, 'Breach': 0, 'Culvert': 0, 'Sluice': 0, 'Dyke': 0, 'Storm water drain': 0, 'Emergency': 0, 'Immediate': 0, 'IM': 0, 'AE': 0, 'A E': 0, 'AAPDA MITRA': 0, 'flood': 0, 'Bridge': 0, 'River': 0, 'Drain': 1, 'Restoration': 0, 'Protection': 0, 'irr': 0, 'irrigation': 0, 'dam': 0, 'Nallah': 0, 'Retrofitting': 0, 'Pond': 0, 'Pokhari': 0, 'D/C': 0, 'Recharge shaft': 0, 'LFB': 0, 'RFB': 0}","{'Floodlight': 0, 'Flood Light': 0, 'GAS': 0, 'FIFA': 0, 'pipe': 0, 'pipes': 0, 'covid': 0, 'supply': 0, 'Beautification': 0, 'Installation': 0}",Post-Monsoon,,False,True,Repair and Restoration,"{'Construction': 1, 'Drain': 1}"
2019_DOLBU_400856_1,npprmu/112019/pwd24,Construction Of RCC Slab Colvert,Construction of RCC Slab Culvert Mo. Ghosiyan Ward 20,Works,Open Tender,Item Rate,Civil Works,No,No,NA ,09-Nov-2019 01:00 PM,,NA ,60.0,No ,No,Offline,15-Nov-2019 02:00 PM,Directorate of Local Bodies UP||Nagar Palika Parishad Rampur Rampur,Nagar Palika Parishad Rampur,244901.0,2.0,"8,47,210",arshcontractor,"657,853",Accepted-AOC,27-Dec-2019,Directorate of Local Bodies UP||Nagar Palika Parishad Rampur Rampur,True,"{'Flood': 0, 'Embankment': 0, 'embkt': 0, 'Relief': 0, 'Erosion': 0, 'SDRF': 0, 'Inundation': 0, 'Hydrology': 0, 'Silt': 0, 'Siltation': 0, 'Bund': 0, 'Trench': 0, 'Breach': 0, 'Culvert': 1, 'Sluice': 0, 'Dyke': 0, 'Storm water drain': 0, 'Emergency': 0, 'Immediate': 0, 'IM': 0, 'AE': 0, 'A E': 0, 'AAPDA MITRA': 0, 'flood': 0, 'Bridge': 0, 'River': 0, 'Drain': 0, 'Restoration': 0, 'Protection': 0, 'irr': 0, 'irrigation': 0, 'dam': 0, 'Nallah': 0, 'Retrofitting': 0, 'Pond': 0, 'Pokhari': 0, 'D/C': 0, 'Recharge shaft': 0, 'LFB': 0, 'RFB': 0}","{'Floodlight': 0, 'Flood Light': 0, 'GAS': 0, 'FIFA': 0, 'pipe': 0, 'pipes': 0, 'covid': 0, 'supply': 0, 'Beautification': 0, 'Installation': 0}",Post-Monsoon,,False,True,Repair and Restoration,{'Construction': 2}
2019_DOLBU_412087_1,382/npk/sfc-lf/2019-20,const of cc interlocking tiles and drain in ward no 7 moh islamabad chote ke hamid to saeed,const of cc interlocking tiles and drain in ward no 7 moh islamabad chote ke hamid to saeed,Works,Open Tender,Percentage,Civil Works - Roads,No,No,NA ,10-Dec-2019 05:00 PM,,NA ,30.0,No ,No,Offline,03-Jan-2020 04:00 PM,Directorate of Local Bodies UP||Nagar Panchayat Kithore Meerut,NP KITHORE,250104.0,2.0,"2,82,000",M/S ADITYA TRADERS,"280,590",Accepted-AOC,07-Jan-2020,Directorate of Local Bodies UP||Nagar Panchayat Kithore Meerut,True,"{'Flood': 0, 'Embankment': 0, 'embkt': 0, 'Relief': 0, 'Erosion': 0, 'SDRF': 0, 'Inundation': 0, 'Hydrology': 0, 'Silt': 0, 'Siltation': 0, 'Bund': 0, 'Trench': 0, 'Breach': 0, 'Culvert': 0, 'Sluice': 0, 'Dyke': 0, 'Storm water drain': 0, 'Emergency': 0, 'Immediate': 0, 'IM': 0, 'AE': 0, 'A E': 0, 'AAPDA MITRA': 0, 'flood': 0, 'Bridge': 0, 'River': 0, 'Drain': 2, 'Restoration': 0, 'Protection': 0, 'irr': 0, 'irrigation': 0, 'dam': 0, 'Nallah': 0, 'Retrofitting': 0, 'Pond': 0, 'Pokhari': 0, 'D/C': 0, 'Recharge shaft': 0, 'LFB': 0, 'RFB': 0}","{'Floodlight': 0, 'Flood Light': 0, 'GAS': 0, 'FIFA': 0, 'pipe': 0, 'pipes': 0, 'covid': 0, 'supply': 0, 'Beautification': 0, 'Installation': 0}",Post-Monsoon,,False,True,Repair and Restoration,{'Drain': 2}
2019_DOLBU_412092_1,382/npk/sfc-lf/2019-20,const of cc interlocking tiles and drain in ward no 15 moh salateen from meerut garh road to shakeel,const of cc interlocking tiles and drain in ward no 15 moh salateen from meerut garh road to shakeel,Works,Open Tender,Percentage,Coal,No,No,NA ,10-Dec-2019 05:00 PM,,NA ,30.0,No ,No,Offline,03-Jan-2020 04:00 PM,Directorate of Local Bodies UP||Nagar Panchayat Kithore Meerut,NP KITHORE,250104.0,2.0,"3,64,200",M/S ADITYA TRADERS,"362,379",Accepted-AOC,07-Jan-2020,Directorate of Local Bodies UP||Nagar Panchayat Kithore Meerut,True,"{'Flood': 0, 'Embankment': 0, 'embkt': 0, 'Relief': 0, 'Erosion': 0, 'SDRF': 0, 'Inundation': 0, 'Hydrology': 0, 'Silt': 0, 'Siltation': 0, 'Bund': 0, 'Trench': 0, 'Breach': 0, 'Culvert': 0, 'Sluice': 0, 'Dyke': 0, 'Storm water drain': 0, 'Emergency': 0, 'Immediate': 0, 'IM': 0, 'AE': 0, 'A E': 0, 'AAPDA MITRA': 0, 'flood': 0, 'Bridge': 0, 'River': 0, 'Drain': 2, 'Restoration': 0, 'Protection': 0, 'irr': 0, 'irrigation': 0, 'dam': 0, 'Nallah': 0, 'Retrofitting': 0, 'Pond': 0, 'Pokhari': 0, 'D/C': 0, 'Recharge shaft': 0, 'LFB': 0, 'RFB': 0}","{'Floodlight': 0, 'Flood Light': 0, 'GAS': 0, 'FIFA': 0, 'pipe': 0, 'pipes': 0, 'covid': 0, 'supply': 0, 'Beautification': 0, 'Installation': 0}",Post-Monsoon,,False,True,Repair and Restoration,{'Drain': 2}
2019_DOLBU_412099_1,382/npk/sfc-lf/2019-20,const of cc inter locking tiles and drain in ward no 15 from deewan shamshad to asif and adjoining,const of cc inter locking tiles and drain in ward no 15 from deewan shamshad to asif and adjoining,Works,Open Tender,Percentage,Civil Works - Roads,No,No,NA ,10-Dec-2019 05:00 PM,,NA ,30.0,No ,No,Offline,03-Jan-2020 04:00 PM,Directorate of Local Bodies UP||Nagar Panchayat Kithore Meerut,NP KITHORE,250104.0,2.0,"11,74,100",GORAV MISHRA CONTRACTOR,"1,174,100",Accepted-AOC,07-Jan-2020,Directorate of Local Bodies UP||Nagar Panchayat Kithore Meerut,True,"{'Flood': 0, 'Embankment': 0, 'embkt': 0, 'Relief': 0, 'Erosion': 0, 'SDRF': 0, 'Inundation': 0, 'Hydrology': 0, 'Silt': 0, 'Siltation': 0, 'Bund': 0, 'Trench': 0, 'Breach': 0, 'Culvert': 0, 'Sluice': 0, 'Dyke': 0, 'Storm water drain': 0, 'Emergency': 0, 'Immediate': 0, 'IM': 0, 'AE': 0, 'A E': 0, 'AAPDA MITRA': 0, 'flood': 0, 'Bridge': 0, 'River': 0, 'Drain': 2, 'Restoration': 0, 'Protection': 0, 'irr': 0, 'irrigation': 0, 'dam': 0, 'Nallah': 0, 'Retrofitting': 0, 'Pond': 0, 'Pokhari': 0, 'D/C': 0, 'Recharge shaft': 0, 'LFB': 0, 'RFB': 0}","{'Floodlight': 0, 'Flood Light': 0, 'GAS': 0, 'FIFA': 0, 'pipe': 0, 'pipes': 0, 'covid': 0, 'supply': 0, 'Beautification': 0, 'Installation': 0}",Post-Monsoon,,False,True,Repair and Restoration,{'Drain': 2}
2019_DOLBU_412103_1,382/npk/sfc-lf/2019-20,const of cc interlocking tiles and drain in ward no 9 moh upadiyan from babu shop to khanshiri chakki,const of cc interlocking tiles and drain in ward no 9 moh upadiyan from babu shop to khanshiri chakki,Works,Open Tender,Percentage,Civil Works - Roads,No,No,NA ,10-Dec-2019 05:00 PM,,NA ,30.0,No ,No,Offline,03-Jan-2020 04:00 PM,Directorate of Local Bodies UP||Nagar Panchayat Kithore Meerut,NP KITHORE,250104.0,2.0,"14,05,400",GORAV MISHRA CONTRACTOR,"1,405,400",Accepted-AOC,07-Jan-2020,Directorate of Local Bodies UP||Nagar Panchayat Kithore Meerut,True,"{'Flood': 0, 'Embankment': 0, 'embkt': 0, 'Relief': 0, 'Erosion': 0, 'SDRF': 0, 'Inundation': 0, 'Hydrology': 0, 'Silt': 0, 'Siltation': 0, 'Bund': 0, 'Trench': 0, 'Breach': 0, 'Culvert': 0, 'Sluice': 0, 'Dyke': 0, 'Storm water drain': 0, 'Emergency': 0, 'Immediate': 0, 'IM': 0, 'AE': 0, 'A E': 0, 'AAPDA MITRA': 0, 'flood': 0, 'Bridge': 0, 'River': 0, 'Drain': 2, 'Restoration': 0, 'Protection': 0, 'irr': 0, 'irrigation': 0, 'dam': 0, 'Nallah': 0, 'Retrofitting': 0, 'Pond': 0, 'Pokhari': 0, 'D/C': 0, 'Recharge shaft': 0, 'LFB': 0, 'RFB': 0}","{'Floodlight': 0, 'Flood Light': 0, 'GAS': 0, 'FIFA': 0, 'pipe': 0, 'pipes': 0, 'covid': 0, 'supply': 0, 'Beautification': 0, 'Installation': 0}",Post-Monsoon,,False,True,Repair and Restoration,{'Drain': 2}
2019_DOLBU_412106_1,382/npk/sfc-lf/2019-20,const of cc interlocking tiles drain and slab of nala in ward no 1 behind GM inter college near parvez haleem plot,const of cc interlocking tiles drain and slab of nala in ward no 1 behind GM inter college near parvez haleem plot,Works,Open Tender,Percentage,Civil Works - Roads,No,No,NA ,10-Dec-2019 05:00 PM,,NA ,30.0,No ,No,Offline,03-Jan-2020 04:00 PM,Directorate of Local Bodies UP||Nagar Panchayat Kithore Meerut,NP KITHORE,250104.0,2.0,"68,800",FIROJ KHAN,"68,800",Accepted-AOC,07-Jan-2020,Directorate of Local Bodies UP||Nagar Panchayat Kithore Meerut,True,"{'Flood': 0, 'Embankment': 0, 'embkt': 0, 'Relief': 0, 'Erosion': 0, 'SDRF': 0, 'Inundation': 0, 'Hydrology': 0, 'Silt': 0, 'Siltation': 0, 'Bund': 0, 'Trench': 0, 'Breach': 0, 'Culvert': 0, 'Sluice': 0, 'Dyke': 0, 'Storm water drain': 0, 'Emergency': 0, 'Immediate': 0, 'IM': 0, 'AE': 0, 'A E': 0, 'AAPDA MITRA': 0, 'flood': 0, 'Bridge': 0, 'River': 0, 'Drain': 2, 'Restoration': 0, 'Protection': 0, 'irr': 0, 'irrigation': 0, 'dam': 0, 'Nallah': 0, 'Retrofitting': 0, 'Pond': 0, 'Pokhari': 0, 'D/C': 0, 'Recharge shaft': 0, 'LFB': 0, 'RFB': 0}","{'Floodlight': 0, 'Flood Light': 0, 'GAS': 0, 'FIFA': 0, 'pipe': 0, 'pipes': 0, 'covid': 0, 'supply': 0, 'Beautification': 0, 'Installation': 0}",Post-Monsoon,,False,True,Repair and Restoration,{'Drain': 2}
2019_DOLBU_412113_1,382/npk/sfc-lf/2019-20,const of cc interlocking tiles and drain in ward no 14 moh munsabpura from mohd ahmed to iliyas west side of rajwaha,const of cc interlocking tiles and drain in ward no 14 moh munsabpura from mohd ahmed to iliyas west side of rajwaha,Works,Open Tender,Percentage,Civil Works - Roads,No,No,NA ,10-Dec-2019 05:00 PM,,NA ,30.0,No ,No,Offline,03-Jan-2020 04:00 PM,Directorate of Local Bodies UP||Nagar Panchayat Kithore Meerut,NP KITHORE,250104.0,2.0,"72,100",FIROJ KHAN,"72,100",Accepted-AOC,07-Jan-2020,Directorate of Local Bodies UP||Nagar Panchayat Kithore Meerut,True,"{'Flood': 0, 'Embankment': 0, 'embkt': 0, 'Relief': 0, 'Erosion': 0, 'SDRF': 0, 'Inundation': 0, 'Hydrology': 0, 'Silt': 0, 'Siltation': 0, 'Bund': 0, 'Trench': 0, 'Breach': 0, 'Culvert': 0, 'Sluice': 0, 'Dyke': 0, 'Storm water drain': 0, 'Emergency': 0, 'Immediate': 0, 'IM': 0, 'AE': 0, 'A E': 0, 'AAPDA MITRA': 0, 'flood': 0, 'Bridge': 0, 'River': 0, 'Drain': 2, 'Restoration': 0, 'Protection': 0, 'irr': 0, 'irrigation': 0, 'dam': 0, 'Nallah': 0, 'Retrofitting': 0, 'Pond': 0, 'Pokhari': 0, 'D/C': 0, 'Recharge shaft': 0, 'LFB': 0, 'RFB': 0}","{'Floodlight': 0, 'Flood Light': 0, 'GAS': 0, 'FIFA': 0, 'pipe': 0, 'pipes': 0, 'covid': 0, 'supply': 0, 'Beautification': 0, 'Installation': 0}",Post-Monsoon,,False,True,Repair and Restoration,{'Drain': 2}
2019_GNIDA_387776_12,GM/PROJECT/K/2019/42 DATED 26.09.2019,"Providing and fixing interlocking tile for Shamshan ghat, RCC drain work along main approach road, repairing of interlocking tiles and drain, M.S. grating work and construction of boundary wall for Kabristan in village Junedpur","Providing and fixing interlocking tile for Shamshan ghat, RCC drain work along main approach road, repairing of interlocking tiles and drain, M.S. grating work and construction of boundary wall for Kabristan in village Junedpur",Works,Open Tender,Fixed-rate,Civil Works,No,No,NA ,11-Jun-2025 06:41 PM,,NA ,90.0,No ,No,Offline,01-Nov-2019 11:00 AM,Greater Noida Industrial Development Authority,GREATER NOIDA,201308.0,2.0,"85,56,324",JAY SHRI VAISHNO TRADERS,"8,128,508.27",Accepted-AOC,17-Jan-2020,Greater Noida Industrial Development Authority,True,"{'Flood': 0, 'Embankment': 0, 'embkt': 0, 'Relief': 0, 'Erosion': 0, 'SDRF': 0, 'Inundation': 0, 'Hydrology': 0, 'Silt': 0, 'Siltation': 0, 'Bund': 0, 'Trench': 0, 'Breach': 0, 'Culvert': 0, 'Sluice': 0, 'Dyke': 0, 'Storm water drain': 0, 'Emergency': 0, 'Immediate': 0, 'IM': 0, 'AE': 0, 'A E': 0, 'AAPDA MITRA': 0, 'flood': 0, 'Bridge': 0, 'River': 0, 'Drain': 4, 'Restoration': 0, 'Protection': 0, 'irr': 0, 'irrigation': 0, 'dam': 0, 'Nallah': 0, 'Retrofitting': 0, 'Pond': 0, 'Pokhari': 0, 'D/C': 0, 'Recharge shaft': 0, 'LFB': 0, 'RFB': 0}","{'Floodlight': 0, 'Flood Light': 0, 'GAS': 0, 'FIFA': 0, 'pipe': 0, 'pipes': 0, 'covid': 0, 'supply': 0, 'Beautification': 0, 'Installation': 0}",Monsoon,,False,True,Repair and Restoration,"{'repairing': 2, 'Construction': 2, 'Drain': 4}"
2019_GNIDA_392841_4,GM/PROJECT/S/2019/47 DATED 03.10.2019,"Construction of C.C. road and drain (Vijay Pal home to Kisan Swarop Plot) in village Sadullapur, Greater Noida","Construction of C.C. road and drain (Vijay Pal home to Kisan Swarop Plot) in village Sadullapur, Greater Noida",Works,Open Tender,Fixed-rate,Civil Works,No,No,NA ,18-Oct-2019 09:00 AM,,NA ,90.0,No ,No,Offline,11-Nov-2019 11:00 AM,Greater Noida Industrial Development Authority,GREATER NOIDA,201308.0,2.0,"19,15,152",M/S RAJEEV CONSTRUCTION,"1,397,295.24",Rejected-Finance,27-Jan-2020,Greater Noida Industrial Development Authority,True,"{'Flood': 0, 'Embankment': 0, 'embkt': 0, 'Relief': 0, 'Erosion': 0, 'SDRF': 0, 'Inundation': 0, 'Hydrology': 0, 'Silt': 0, 'Siltation': 0, 'Bund': 0, 'Trench': 0, 'Breach': 0, 'Culvert': 0, 'Sluice': 0, 'Dyke': 0, 'Storm water drain': 0, 'Emergency': 0, 'Immediate': 0, 'IM': 0, 'AE': 0, 'A E': 0, 'AAPDA MITRA': 0, 'flood': 0, 'Bridge': 0, 'River': 0, 'Drain': 2, 'Restoration': 0, 'Protection': 0, 'irr': 0, 'irrigation': 0, 'dam': 0, 'Nallah': 0, 'Retrofitting': 0, 'Pond': 0, 'Pokhari': 0, 'D/C': 0, 'Recharge shaft': 0, 'LFB': 0, 'RFB': 0}","{'Floodlight': 0, 'Flood Light': 0, 'GAS': 0, 'FIFA': 0, 'pipe': 0, 'pipes': 0, 'covid': 0, 'supply': 0, 'Beautification': 0, 'Installation': 0}",Post-Monsoon,,False,True,Repair and Restoration,"{'Construction': 2, 'Drain': 2}"
2019_PWDBL_393412_4,1949/E-Tender/2019 Dt-30/09/2019,"Honeble High Court Lucknow ke judje compound river bank colony stith Gust House awas sankhya B-1, B-2, C-1, C-2 me marmmat sambandhi vibhinn marmmati karya.","Honeble High Court Lucknow ke judje compound river bank colony stith Gust House awas sankhya B-1, B-2, C-1, C-2 me marmmat sambandhi vibhinn marmmati karya.",Works,Open Tender,Percentage,Repair and Maintenance Works,No,No,NA ,21-Oct-2025 06:31 PM,,NA ,90.0,No ,No,Online,30-Oct-2019 12:30 PM,Chief Engineer (Building)||S E 39 Circle PWD Lucknow||Temp Maintenance Division 3 (Civil) PWD Lucknow,Judje compound river bank colony,226001.0,1.0,"9,65,000",M/S K.K.CONSTRUCTION,"851,446",Accepted-AOC,21-Jan-2020,Chief Engineer (Building)||S E 39 Circle PWD Lucknow||Temp Maintenance Division 3 (Civil) PWD Lucknow,True,"{'Flood': 0, 'Embankment': 0, 'embkt': 0, 'Relief': 0, 'Erosion': 0, 'SDRF': 0, 'Inundation': 0, 'Hydrology': 0, 'Silt': 0, 'Siltation': 0, 'Bund': 0, 'Trench': 0, 'Breach': 0, 'Culvert': 0, 'Sluice': 0, 'Dyke': 0, 'Storm water drain': 0, 'Emergency': 0, 'Immediate': 0, 'IM': 0, 'AE': 0, 'A E': 0, 'AAPDA MITRA': 0, 'flood': 0, 'Bridge': 0, 'River': 2, 'Drain': 0, 'Restoration': 0, 'Protection': 0, 'irr': 0, 'irrigation': 0, 'dam': 0, 'Nallah': 0, 'Retrofitting': 0, 'Pond': 0, 'Pokhari': 0, 'D/C': 0, 'Recharge shaft': 0, 'LFB': 0, 'RFB': 0}","{'Floodlight': 0, 'Flood Light': 0, 'GAS': 0, 'FIFA': 0, 'pipe': 0, 'pipes': 0, 'covid': 0, 'supply': 0, 'Beautification': 0, 'Installation': 0}",Post-Monsoon,,False,False,Others,
2019_REDUP_384006_3,1109/RED/TENDER/2019-20 Dt. 07.09.2019,Construction of CC Tiles and Drain from Maya sharma house towards MP Sharma house and Vijay Tyagi house towards OM Medical Store in Naya Gaon of Ward no 6 in Moradabad,Construction of CC Tiles and Drain from Maya sharma house towards MP Sharma house and Vijay Tyagi house towards OM Medical Store in Naya Gaon of Ward no 6 in Moradabad,Works,Open Tender,Percentage,Civil Works,No,No,NA ,23-Sep-2019 10:00 AM,,11-Oct-2019 12:30 PM ,90.0,No ,No,Online,15-Oct-2019 12:30 PM,Director Cum Chief Engineer RED||CHIEF ENGINEER WEST||SE MORADABAD CIRCLE||EE MORADABAD,Moradabad,244001.0,2.0,"14,47,000",M/S BHARGAV CONTRACTORS,"1,444,271.44",Rejected-Finance,06-Nov-2019,Director Cum Chief Engineer RED||CHIEF ENGINEER WEST||SE MORADABAD CIRCLE||EE MORADABAD,True,"{'Flood': 0, 'Embankment': 0, 'embkt': 0, 'Relief': 0, 'Erosion': 0, 'SDRF': 0, 'Inundation': 0, 'Hydrology': 0, 'Silt': 0, 'Siltation': 0, 'Bund': 0, 'Trench': 0, 'Breach': 0, 'Culvert': 0, 'Sluice': 0, 'Dyke': 0, 'Storm water drain': 0, 'Emergency': 0, 'Immediate': 0, 'IM': 0, 'AE': 0, 'A E': 0, 'AAPDA MITRA': 0, 'flood': 0, 'Bridge': 0, 'River': 0, 'Drain': 2, 'Restoration': 0, 'Protection': 0, 'irr': 0, 'irrigation': 0, 'dam': 0, 'Nallah': 0, 'Retrofitting': 0, 'Pond': 0, 'Pokhari': 0, 'D/C': 0, 'Recharge shaft': 0, 'LFB': 0, 'RFB': 0}","{'Floodlight': 0, 'Flood Light': 0, 'GAS': 0, 'FIFA': 0, 'pipe': 0, 'pipes': 0, 'covid': 0, 'supply': 0, 'Beautification': 0, 'Installation': 0}",Monsoon,,False,True,Repair and Restoration,"{'Construction': 2, 'Drain': 2}"
2019_REDUP_391797_10,737/EE RED KHERI/19-20 Dt 21-9-2019,"Under District Kheri, Interlocking and need-to-drain construction work from Gosain Purwa to Lodhpurwa to Muzhababa Temple in Mazra Madarabehad VB Isanagar of Gram Sabha Lakhun Lot No 10","Under District Kheri, Interlocking and need-to-drain construction work from Gosain Purwa to Lodhpurwa to Muzhababa Temple in Mazra Madarabehad VB Isanagar of Gram Sabha Lakhun Lot No 10",Works,Open Tender,Percentage,Civil Works,No,No,NA ,14-Oct-2019 11:00 AM,,NA ,90.0,No ,No,Online,21-Oct-2019 12:30 PM,Director Cum Chief Engineer RED||CHIEF ENGINEER EAST||SE LUCKNOW CIRCLE||EE KHERI,KHERI,262701.0,2.0,"18,87,400",M/S SHRI RAM SINGH,"1,685,128.84",Accepted-AOC,14-Jan-2020,Director Cum Chief Engineer RED||CHIEF ENGINEER EAST||SE LUCKNOW CIRCLE||EE KHERI,True,"{'Flood': 0, 'Embankment': 0, 'embkt': 0, 'Relief': 0, 'Erosion': 0, 'SDRF': 0, 'Inundation': 0, 'Hydrology': 0, 'Silt': 0, 'Siltation': 0, 'Bund': 0, 'Trench': 0, 'Breach': 0, 'Culvert': 0, 'Sluice': 0, 'Dyke': 0, 'Storm water drain': 0, 'Emergency': 0, 'Immediate': 0, 'IM': 0, 'AE': 0, 'A E': 0, 'AAPDA MITRA': 0, 'flood': 0, 'Bridge': 0, 'River': 0, 'Drain': 2, 'Restoration': 0, 'Protection': 0, 'irr': 0, 'irrigation': 0, 'dam': 0, 'Nallah': 0, 'Retrofitting': 0, 'Pond': 0, 'Pokhari': 0, 'D/C': 0, 'Recharge shaft': 0, 'LFB': 0, 'RFB': 0}","{'Floodlight': 0, 'Flood Light': 0, 'GAS': 0, 'FIFA': 0, 'pipe': 0, 'pipes': 0, 'covid': 0, 'supply': 0, 'Beautification': 0, 'Installation': 0}",Post-Monsoon,,False,True,Repair and Restoration,"{'Construction': 2, 'Drain': 2}"
2019_REDUP_391797_11,737/EE RED KHERI/19-20 Dt 21-9-2019,"Under District Kheri, Interlocking and need-to-drain construction work from the house of Matin to the house of Brajkishore Awasthi through the Saraiya Katauli Sampark Marg in Gram Sabha Jethra VB Isanagar Lot No 11","Under District Kheri, Interlocking and need-to-drain construction work from the house of Matin to the house of Brajkishore Awasthi through the Saraiya Katauli Sampark Marg in Gram Sabha Jethra VB Isanagar Lot No 11",Works,Open Tender,Percentage,Civil Works,No,No,NA ,14-Oct-2019 11:00 AM,,NA ,90.0,No ,No,Online,21-Oct-2019 12:30 PM,Director Cum Chief Engineer RED||CHIEF ENGINEER EAST||SE LUCKNOW CIRCLE||EE KHERI,KHERI,262701.0,2.0,"15,80,300",M/S SHRI RAM SINGH,"1,410,977.9",Accepted-AOC,14-Jan-2020,Director Cum Chief Engineer RED||CHIEF ENGINEER EAST||SE LUCKNOW CIRCLE||EE KHERI,True,"{'Flood': 0, 'Embankment': 0, 'embkt': 0, 'Relief': 0, 'Erosion': 0, 'SDRF': 0, 'Inundation': 0, 'Hydrology': 0, 'Silt': 0, 'Siltation': 0, 'Bund': 0, 'Trench': 0, 'Breach': 0, 'Culvert': 0, 'Sluice': 0, 'Dyke': 0, 'Storm water drain': 0, 'Emergency': 0, 'Immediate': 0, 'IM': 0, 'AE': 0, 'A E': 0, 'AAPDA MITRA': 0, 'flood': 0, 'Bridge': 0, 'River': 0, 'Drain': 2, 'Restoration': 0, 'Protection': 0, 'irr': 0, 'irrigation': 0, 'dam': 0, 'Nallah': 0, 'Retrofitting': 0, 'Pond': 0, 'Pokhari': 0, 'D/C': 0, 'Recharge shaft': 0, 'LFB': 0, 'RFB': 0}","{'Floodlight': 0, 'Flood Light': 0, 'GAS': 0, 'FIFA': 0, 'pipe': 0, 'pipes': 0, 'covid': 0, 'supply': 0, 'Beautification': 0, 'Installation': 0}",Post-Monsoon,,False,True,Repair and Restoration,"{'Construction': 2, 'Drain': 2}"
2019_REDUP_391797_9,737/EE RED KHERI/19-20 Dt 21-9-2019,"Under District Kheri, Interlocking and need-to-drain construction work from the house of Ramswaroop to Balakaram house in Gram Sabha Basadhiya V Isanagar. Lot No 9","Under District Kheri, Interlocking and need-to-drain construction work from the house of Ramswaroop to Balakaram house in Gram Sabha Basadhiya V Isanagar. Lot No 9",Works,Open Tender,Percentage,Civil Works,No,No,NA ,14-Oct-2019 11:00 AM,,NA ,90.0,No ,No,Online,21-Oct-2019 12:30 PM,Director Cum Chief Engineer RED||CHIEF ENGINEER EAST||SE LUCKNOW CIRCLE||EE KHERI,KHERI,262701.0,2.0,"14,31,000",M/S SHRI RAM SINGH,"1,277,606.19",Accepted-AOC,14-Jan-2020,Director Cum Chief Engineer RED||CHIEF ENGINEER EAST||SE LUCKNOW CIRCLE||EE KHERI,True,"{'Flood': 0, 'Embankment': 0, 'embkt': 0, 'Relief': 0, 'Erosion': 0, 'SDRF': 0, 'Inundation': 0, 'Hydrology': 0, 'Silt': 0, 'Siltation': 0, 'Bund': 0, 'Trench': 0, 'Breach': 0, 'Culvert': 0, 'Sluice': 0, 'Dyke': 0, 'Storm water drain': 0, 'Emergency': 0, 'Immediate': 0, 'IM': 0, 'AE': 0, 'A E': 0, 'AAPDA MITRA': 0, 'flood': 0, 'Bridge': 0, 'River': 0, 'Drain': 2, 'Restoration': 0, 'Protection': 0, 'irr': 0, 'irrigation': 0, 'dam': 0, 'Nallah': 0, 'Retrofitting': 0, 'Pond': 0, 'Pokhari': 0, 'D/C': 0, 'Recharge shaft': 0, 'LFB': 0, 'RFB': 0}","{'Floodlight': 0, 'Flood Light': 0, 'GAS': 0, 'FIFA': 0, 'pipe': 0, 'pipes': 0, 'covid': 0, 'supply': 0, 'Beautification': 0, 'Installation': 0}",Post-Monsoon,,False,True,Repair and Restoration,"{'Construction': 2, 'Drain': 2}"
2019_REDUP_403604_18,2297/EE/RED/13-11-2019,Construction of Interlocking/drain from P.School Tiraha to H/o Vijaybhan and Bablu Yadav in village Nagla Aniyan.,Construction of Interlocking/drain from P.School Tiraha to H/o Vijaybhan and Bablu Yadav in village Nagla Aniyan.,Works,Open Tender,Lump-sum,Civil Works - Buildings,No,No,NA ,25-Nov-2019 10:00 AM,,NA ,90.0,No ,No,Online,30-Nov-2019 01:00 PM,Director Cum Chief Engineer RED||CHIEF ENGINEER WEST||SE AGRA CIRCLE||EE MAINPURI,Mainpuri,205001.0,2.0,"6,78,691",M/S SURESH CHANDRA CONTRACTOR,"678,012",Accepted-AOC,07-Jan-2020,Director Cum Chief Engineer RED||CHIEF ENGINEER WEST||SE AGRA CIRCLE||EE MAINPURI,True,"{'Flood': 0, 'Embankment': 0, 'embkt': 0, 'Relief': 0, 'Erosion': 0, 'SDRF': 0, 'Inundation': 0, 'Hydrology': 0, 'Silt': 0, 'Siltation': 0, 'Bund': 0, 'Trench': 0, 'Breach': 0, 'Culvert': 0, 'Sluice': 0, 'Dyke': 0, 'Storm water drain': 0, 'Emergency': 0, 'Immediate': 0, 'IM': 0, 'AE': 0, 'A E': 0, 'AAPDA MITRA': 0, 'flood': 0, 'Bridge': 0, 'River': 0, 'Drain': 2, 'Restoration': 0, 'Protection': 0, 'irr': 0, 'irrigation': 0, 'dam': 0, 'Nallah': 0, 'Retrofitting': 0, 'Pond': 0, 'Pokhari': 0, 'D/C': 0, 'Recharge shaft': 0, 'LFB': 0, 'RFB': 0}","{'Floodlight': 0, 'Flood Light': 0, 'GAS': 0, 'FIFA': 0, 'pipe': 0, 'pipes': 0, 'covid': 0, 'supply': 0, 'Beautification': 0, 'Installation': 0}",Post-Monsoon,,False,True,Repair and Restoration,"{'Construction': 2, 'Drain': 2}"
2019_REDUP_403604_20,2297/EE/RED/13-11-2019,Construction of Interlocking/drain from H/o Shriram yadav to dabar road in village Nadau,Construction of Interlocking/drain from H/o Shriram yadav to dabar road in village Nadau,Works,Open Tender,Lump-sum,Civil Works - Buildings,No,No,NA ,25-Nov-2019 10:00 AM,,NA ,90.0,No ,No,Online,30-Nov-2019 01:00 PM,Director Cum Chief Engineer RED||CHIEF ENGINEER WEST||SE AGRA CIRCLE||EE MAINPURI,Mainpuri,205001.0,2.0,"7,55,676",M/S SURESH CHANDRA CONTRACTOR,"754,920",Accepted-AOC,07-Jan-2020,Director Cum Chief Engineer RED||CHIEF ENGINEER WEST||SE AGRA CIRCLE||EE MAINPURI,True,"{'Flood': 0, 'Embankment': 0, 'embkt': 0, 'Relief': 0, 'Erosion': 0, 'SDRF': 0, 'Inundation': 0, 'Hydrology': 0, 'Silt': 0, 'Siltation': 0, 'Bund': 0, 'Trench': 0, 'Breach': 0, 'Culvert': 0, 'Sluice': 0, 'Dyke': 0, 'Storm water drain': 0, 'Emergency': 0, 'Immediate': 0, 'IM': 0, 'AE': 0, 'A E': 0, 'AAPDA MITRA': 0, 'flood': 0, 'Bridge': 0, 'River': 0, 'Drain': 2, 'Restoration': 0, 'Protection': 0, 'irr': 0, 'irrigation': 0, 'dam': 0, 'Nallah': 0, 'Retrofitting': 0, 'Pond': 0, 'Pokhari': 0, 'D/C': 0, 'Recharge shaft': 0, 'LFB': 0, 'RFB': 0}","{'Floodlight': 0, 'Flood Light': 0, 'GAS': 0, 'FIFA': 0, 'pipe': 0, 'pipes': 0, 'covid': 0, 'supply': 0, 'Beautification': 0, 'Installation': 0}",Post-Monsoon,,False,True,Repair and Restoration,"{'Construction': 2, 'Drain': 2}"
2019_REDUP_403604_21,2297/EE/RED/13-11-2019,Construction of Interlocking/drain from main road to C.C. Road in side of H/O Subedar pradhan.,Construction of Interlocking/drain from main road to C.C. Road in side of H/O Subedar pradhan.,Works,Open Tender,Lump-sum,Civil Works - Buildings,No,No,NA ,25-Nov-2019 10:00 AM,,NA ,90.0,No ,No,Online,30-Nov-2019 01:00 PM,Director Cum Chief Engineer RED||CHIEF ENGINEER WEST||SE AGRA CIRCLE||EE MAINPURI,Mainpuri,205001.0,2.0,"4,32,298",M/S SURESH CHANDRA CONTRACTOR,"431,866",Accepted-AOC,07-Jan-2020,Director Cum Chief Engineer RED||CHIEF ENGINEER WEST||SE AGRA CIRCLE||EE MAINPURI,True,"{'Flood': 0, 'Embankment': 0, 'embkt': 0, 'Relief': 0, 'Erosion': 0, 'SDRF': 0, 'Inundation': 0, 'Hydrology': 0, 'Silt': 0, 'Siltation': 0, 'Bund': 0, 'Trench': 0, 'Breach': 0, 'Culvert': 0, 'Sluice': 0, 'Dyke': 0, 'Storm water drain': 0, 'Emergency': 0, 'Immediate': 0, 'IM': 0, 'AE': 0, 'A E': 0, 'AAPDA MITRA': 0, 'flood': 0, 'Bridge': 0, 'River': 0, 'Drain': 2, 'Restoration': 0, 'Protection': 0, 'irr': 0, 'irrigation': 0, 'dam': 0, 'Nallah': 0, 'Retrofitting': 0, 'Pond': 0, 'Pokhari': 0, 'D/C': 0, 'Recharge shaft': 0, 'LFB': 0, 'RFB': 0}","{'Floodlight': 0, 'Flood Light': 0, 'GAS': 0, 'FIFA': 0, 'pipe': 0, 'pipes': 0, 'covid': 0, 'supply': 0, 'Beautification': 0, 'Installation': 0}",Post-Monsoon,,False,True,Repair and Restoration,"{'Construction': 2, 'Drain': 2}"
2019_REDUP_403604_22,2297/EE/RED/13-11-2019,Construction of Interlocking/drain from H/O Ramoter to H/o Ram prakasgh in village Shahpur.,Construction of Interlocking/drain from H/O Ramoter to H/o Ram prakasgh in village Shahpur.,Works,Open Tender,Lump-sum,Civil Works - Roads,No,No,NA ,25-Nov-2019 10:00 AM,,NA ,90.0,No ,No,Online,30-Nov-2019 01:00 PM,Director Cum Chief Engineer RED||CHIEF ENGINEER WEST||SE AGRA CIRCLE||EE MAINPURI,Mainpuri,205001.0,2.0,"1,66,897",M/S SURESH CHANDRA CONTRACTOR,"166,730",Accepted-AOC,07-Jan-2020,Director Cum Chief Engineer RED||CHIEF ENGINEER WEST||SE AGRA CIRCLE||EE MAINPURI,True,"{'Flood': 0, 'Embankment': 0, 'embkt': 0, 'Relief': 0, 'Erosion': 0, 'SDRF': 0, 'Inundation': 0, 'Hydrology': 0, 'Silt': 0, 'Siltation': 0, 'Bund': 0, 'Trench': 0, 'Breach': 0, 'Culvert': 0, 'Sluice': 0, 'Dyke': 0, 'Storm water drain': 0, 'Emergency': 0, 'Immediate': 0, 'IM': 0, 'AE': 0, 'A E': 0, 'AAPDA MITRA': 0, 'flood': 0, 'Bridge': 0, 'River': 0, 'Drain': 2, 'Restoration': 0, 'Protection': 0, 'irr': 0, 'irrigation': 0, 'dam': 0, 'Nallah': 0, 'Retrofitting': 0, 'Pond': 0, 'Pokhari': 0, 'D/C': 0, 'Recharge shaft': 0, 'LFB': 0, 'RFB': 0}","{'Floodlight': 0, 'Flood Light': 0, 'GAS': 0, 'FIFA': 0, 'pipe': 0, 'pipes': 0, 'covid': 0, 'supply': 0, 'Beautification': 0, 'Installation': 0}",Post-Monsoon,,False,True,Repair and Restoration,"{'Construction': 2, 'Drain': 2}"
2019_REDUP_403604_23,2297/EE/RED/13-11-2019,Construction of Interlocking/drain from main road to H/o Lalaram in village Nagla Sumer(kosma Hinood),Construction of Interlocking/drain from main road to H/o Lalaram in village Nagla Sumer(kosma Hinood),Works,Open Tender,Lump-sum,Civil Works - Roads,No,No,NA ,25-Nov-2019 10:00 AM,,NA ,90.0,No ,No,Online,30-Nov-2019 01:00 PM,Director Cum Chief Engineer RED||CHIEF ENGINEER WEST||SE AGRA CIRCLE||EE MAINPURI,Mainpuri,205001.0,2.0,"8,45,689",M/S SURESH CHANDRA CONTRACTOR,"844,843",Accepted-AOC,07-Jan-2020,Director Cum Chief Engineer RED||CHIEF ENGINEER WEST||SE AGRA CIRCLE||EE MAINPURI,True,"{'Flood': 0, 'Embankment': 0, 'embkt': 0, 'Relief': 0, 'Erosion': 0, 'SDRF': 0, 'Inundation': 0, 'Hydrology': 0, 'Silt': 0, 'Siltation': 0, 'Bund': 0, 'Trench': 0, 'Breach': 0, 'Culvert': 0, 'Sluice': 0, 'Dyke': 0, 'Storm water drain': 0, 'Emergency': 0, 'Immediate': 0, 'IM': 0, 'AE': 0, 'A E': 0, 'AAPDA MITRA': 0, 'flood': 0, 'Bridge': 0, 'River': 0, 'Drain': 2, 'Restoration': 0, 'Protection': 0, 'irr': 0, 'irrigation': 0, 'dam': 0, 'Nallah': 0, 'Retrofitting': 0, 'Pond': 0, 'Pokhari': 0, 'D/C': 0, 'Recharge shaft': 0, 'LFB': 0, 'RFB': 0}","{'Floodlight': 0, 'Flood Light': 0, 'GAS': 0, 'FIFA': 0, 'pipe': 0, 'pipes': 0, 'covid': 0, 'supply': 0, 'Beautification': 0, 'Installation': 0}",Post-Monsoon,,False,True,Repair and Restoration,"{'Construction': 2, 'Drain': 2}"
2019_REDUP_403604_24,2297/EE/RED/13-11-2019,Construction of Interlocking/drain from H/O Dhermendra Pradhan to Primary school IN VILLAGE Nagla Rammada,Construction of Interlocking/drain from H/O Dhermendra Pradhan to Primary school IN VILLAGE Nagla Rammada,Works,Open Tender,Lump-sum,Civil Works - Roads,No,No,NA ,25-Nov-2019 10:00 AM,,NA ,90.0,No ,No,Online,30-Nov-2019 01:00 PM,Director Cum Chief Engineer RED||CHIEF ENGINEER WEST||SE AGRA CIRCLE||EE MAINPURI,Mainpuri,205001.0,2.0,"11,77,005",M/S SURESH CHANDRA CONTRACTOR,"11,752,828",Accepted-AOC,07-Jan-2020,Director Cum Chief Engineer RED||CHIEF ENGINEER WEST||SE AGRA CIRCLE||EE MAINPURI,True,"{'Flood': 0, 'Embankment': 0, 'embkt': 0, 'Relief': 0, 'Erosion': 0, 'SDRF': 0, 'Inundation': 0, 'Hydrology': 0, 'Silt': 0, 'Siltation': 0, 'Bund': 0, 'Trench': 0, 'Breach': 0, 'Culvert': 0, 'Sluice': 0, 'Dyke': 0, 'Storm water drain': 0, 'Emergency': 0, 'Immediate': 0, 'IM': 0, 'AE': 0, 'A E': 0, 'AAPDA MITRA': 0, 'flood': 0, 'Bridge': 0, 'River': 0, 'Drain': 2, 'Restoration': 0, 'Protection': 0, 'irr': 0, 'irrigation': 0, 'dam': 0, 'Nallah': 0, 'Retrofitting': 0, 'Pond': 0, 'Pokhari': 0, 'D/C': 0, 'Recharge shaft': 0, 'LFB': 0, 'RFB': 0}","{'Floodlight': 0, 'Flood Light': 0, 'GAS': 0, 'FIFA': 0, 'pipe': 0, 'pipes': 0, 'covid': 0, 'supply': 0, 'Beautification': 0, 'Installation': 0}",Post-Monsoon,,False,True,Repair and Restoration,"{'Construction': 2, 'Drain': 2}"
2019_REDUP_404138_1,1893/EE/RED/KANPUR/2019-20 DT 07.11.2019,Construction of DRAIN AND FUTPATH AT WARD NO 70 MALVIYA VIHAR FROM PATEL MOTERS HOUSE TO SHYAM SINGH HOUSE AT KARRAHI,Construction of DRAIN AND FUTPATH AT WARD NO 70 MALVIYA VIHAR FROM PATEL MOTERS HOUSE TO SHYAM SINGH HOUSE AT KARRAHI,Works,Open Tender,Percentage,Civil Works - Roads,No,No,NA ,15-Nov-2019 06:55 PM,,20-Nov-2019 12:00 PM ,90.0,No ,No,Online,29-Nov-2019 12:30 PM,Director Cum Chief Engineer RED||CHIEF ENGINEER EAST||SE KANPUR CIRCLE||EE KANPUR NAGAR,KANPUR NAGAR,208001.0,2.0,"16,57,000",OMKAR CONTRACTORS,"1,651,852.46",Rejected-Finance,24-Jan-2020,Director Cum Chief Engineer RED||CHIEF ENGINEER EAST||SE KANPUR CIRCLE||EE KANPUR NAGAR,True,"{'Flood': 0, 'Embankment': 0, 'embkt': 0, 'Relief': 0, 'Erosion': 0, 'SDRF': 0, 'Inundation': 0, 'Hydrology': 0, 'Silt': 0, 'Siltation': 0, 'Bund': 0, 'Trench': 0, 'Breach': 0, 'Culvert': 0, 'Sluice': 0, 'Dyke': 0, 'Storm water drain': 0, 'Emergency': 0, 'Immediate': 0, 'IM': 0, 'AE': 0, 'A E': 0, 'AAPDA MITRA': 0, 'flood': 0, 'Bridge': 0, 'River': 0, 'Drain': 2, 'Restoration': 0, 'Protection': 0, 'irr': 0, 'irrigation': 0, 'dam': 0, 'Nallah': 0, 'Retrofitting': 0, 'Pond': 0, 'Pokhari': 0, 'D/C': 0, 'Recharge shaft': 0, 'LFB': 0, 'RFB': 0}","{'Floodlight': 0, 'Flood Light': 0, 'GAS': 0, 'FIFA': 0, 'pipe': 0, 'pipes': 0, 'covid': 0, 'supply': 0, 'Beautification': 0, 'Installation': 0}",Post-Monsoon,,False,True,Repair and Restoration,"{'Construction': 2, 'Drain': 2}"
2019_REDUP_404138_2,1893/EE/RED/KANPUR/2019-20 DT 07.11.2019,2- Construction of DRAIN AND FUTPATH AT WARD NO 70 MALVIYA VIHAR FROM SARDAR PATEL SCHOOL TO KAMLU HOUSE AT KARRAHI,2- Construction of DRAIN AND FUTPATH AT WARD NO 70 MALVIYA VIHAR FROM SARDAR PATEL SCHOOL TO KAMLU HOUSE AT KARRAHI,Works,Open Tender,Percentage,Civil Works - Roads,No,No,NA ,15-Nov-2019 06:55 PM,,20-Nov-2019 12:00 PM ,90.0,No ,No,Online,29-Nov-2019 12:30 PM,Director Cum Chief Engineer RED||CHIEF ENGINEER EAST||SE KANPUR CIRCLE||EE KANPUR NAGAR,KANPUR NAGAR,208001.0,2.0,"16,68,000",hans construction,"1,663,904.07",Accepted-AOC,24-Jan-2020,Director Cum Chief Engineer RED||CHIEF ENGINEER EAST||SE KANPUR CIRCLE||EE KANPUR NAGAR,True,"{'Flood': 0, 'Embankment': 0, 'embkt': 0, 'Relief': 0, 'Erosion': 0, 'SDRF': 0, 'Inundation': 0, 'Hydrology': 0, 'Silt': 0, 'Siltation': 0, 'Bund': 0, 'Trench': 0, 'Breach': 0, 'Culvert': 0, 'Sluice': 0, 'Dyke': 0, 'Storm water drain': 0, 'Emergency': 0, 'Immediate': 0, 'IM': 0, 'AE': 0, 'A E': 0, 'AAPDA MITRA': 0, 'flood': 0, 'Bridge': 0, 'River': 0, 'Drain': 2, 'Restoration': 0, 'Protection': 0, 'irr': 0, 'irrigation': 0, 'dam': 0, 'Nallah': 0, 'Retrofitting': 0, 'Pond': 0, 'Pokhari': 0, 'D/C': 0, 'Recharge shaft': 0, 'LFB': 0, 'RFB': 0}","{'Floodlight': 0, 'Flood Light': 0, 'GAS': 0, 'FIFA': 0, 'pipe': 0, 'pipes': 0, 'covid': 0, 'supply': 0, 'Beautification': 0, 'Installation': 0}",Post-Monsoon,,False,True,Repair and Restoration,"{'Construction': 2, 'Drain': 2}"
2019_REDUP_404138_3,1893/EE/RED/KANPUR/2019-20 DT 07.11.2019,Construction of DRAIN AND FUTPATH AT WARD NO 70 MALVIYA VIHAR FROM SRI PRAHLAD HOUSE TO KESARI HOUSE AT KARRAHI,Construction of DRAIN AND FUTPATH AT WARD NO 70 MALVIYA VIHAR FROM SRI PRAHLAD HOUSE TO KESARI HOUSE AT KARRAHI,Works,Open Tender,Percentage,Civil Works - Roads,No,No,NA ,15-Nov-2019 06:55 PM,,20-Nov-2019 12:00 PM ,90.0,No ,No,Online,29-Nov-2019 12:30 PM,Director Cum Chief Engineer RED||CHIEF ENGINEER EAST||SE KANPUR CIRCLE||EE KANPUR NAGAR,KANPUR NAGAR,208001.0,2.0,"11,02,000",OMKAR CONTRACTORS,"1,099,373.55",Rejected-Finance,24-Jan-2020,Director Cum Chief Engineer RED||CHIEF ENGINEER EAST||SE KANPUR CIRCLE||EE KANPUR NAGAR,True,"{'Flood': 0, 'Embankment': 0, 'embkt': 0, 'Relief': 0, 'Erosion': 0, 'SDRF': 0, 'Inundation': 0, 'Hydrology': 0, 'Silt': 0, 'Siltation': 0, 'Bund': 0, 'Trench': 0, 'Breach': 0, 'Culvert': 0, 'Sluice': 0, 'Dyke': 0, 'Storm water drain': 0, 'Emergency': 0, 'Immediate': 0, 'IM': 0, 'AE': 0, 'A E': 0, 'AAPDA MITRA': 0, 'flood': 0, 'Bridge': 0, 'River': 0, 'Drain': 2, 'Restoration': 0, 'Protection': 0, 'irr': 0, 'irrigation': 0, 'dam': 0, 'Nallah': 0, 'Retrofitting': 0, 'Pond': 0, 'Pokhari': 0, 'D/C': 0, 'Recharge shaft': 0, 'LFB': 0, 'RFB': 0}","{'Floodlight': 0, 'Flood Light': 0, 'GAS': 0, 'FIFA': 0, 'pipe': 0, 'pipes': 0, 'covid': 0, 'supply': 0, 'Beautification': 0, 'Installation': 0}",Post-Monsoon,,False,True,Repair and Restoration,"{'Construction': 2, 'Drain': 2}"
2019_REDUP_410421_1,2435/EE/RED/DT-27.11.19,Construction of Remaining C.C/drain work H/o Harish pratap singh in village Mahmudiya,Construction of Remaining C.C/drain work H/o Harish pratap singh in village Mahmudiya,Works,Open Tender,Lump-sum,Civil Works - Roads,No,No,NA ,06-Dec-2019 10:00 AM,,NA ,90.0,No ,No,Online,11-Dec-2019 01:00 PM,Director Cum Chief Engineer RED||CHIEF ENGINEER WEST||SE AGRA CIRCLE||EE MAINPURI,Mainpuri,205001.0,2.0,"14,44,728",SHRI SHIVENDRA KUMAR,"1,444,728",Rejected-Finance,04-Jan-2020,Director Cum Chief Engineer RED||CHIEF ENGINEER WEST||SE AGRA CIRCLE||EE MAINPURI,True,"{'Flood': 0, 'Embankment': 0, 'embkt': 0, 'Relief': 0, 'Erosion': 0, 'SDRF': 0, 'Inundation': 0, 'Hydrology': 0, 'Silt': 0, 'Siltation': 0, 'Bund': 0, 'Trench': 0, 'Breach': 0, 'Culvert': 0, 'Sluice': 0, 'Dyke': 0, 'Storm water drain': 0, 'Emergency': 0, 'Immediate': 0, 'IM': 0, 'AE': 0, 'A E': 0, 'AAPDA MITRA': 0, 'flood': 0, 'Bridge': 0, 'River': 0, 'Drain': 2, 'Restoration': 0, 'Protection': 0, 'irr': 0, 'irrigation': 0, 'dam': 0, 'Nallah': 0, 'Retrofitting': 0, 'Pond': 0, 'Pokhari': 0, 'D/C': 0, 'Recharge shaft': 0, 'LFB': 0, 'RFB': 0}","{'Floodlight': 0, 'Flood Light': 0, 'GAS': 0, 'FIFA': 0, 'pipe': 0, 'pipes': 0, 'covid': 0, 'supply': 0, 'Beautification': 0, 'Installation': 0}",Post-Monsoon,,False,True,Repair and Restoration,"{'Construction': 2, 'Drain': 2}"
2019_RKUMP_415683_1,915-1,"Construction of 02 Nos covered shed, boundry wall, Gate and Gate piller, Toilet, Interlocking Tile, Drain, 01 Nos crossing culvert in Hat Paith at Village LAKHMIPUR GOPALSINGH (YAKOOTGANJ).","Construction of 02 Nos covered shed, boundry wall, Gate and Gate piller, Toilet, Interlocking Tile, Drain, 01 Nos crossing culvert in Hat Paith at Village LAKHMIPUR GOPALSINGH (YAKOOTGANJ).",Works,Open Tender,Percentage,Civil Works - Others,No,No,NA ,23-Dec-2019 12:35 PM,,NA ,90.0,No ,No,Offline,31-Dec-2019 12:00 PM,"Rajya Krishi Utpadan Mandi Parishad,UP||SE Zone-4||Dy Director Construction, Aligarh",KASGANJ,207001.0,2.0,"41,70,596",M/S KHUSHI CONSTRUCTION,"4,147,657.71",Rejected-AOC,09-Jan-2020,"Rajya Krishi Utpadan Mandi Parishad,UP||SE Zone-4||Dy Director Construction, Aligarh",True,"{'Flood': 0, 'Embankment': 0, 'embkt': 0, 'Relief': 0, 'Erosion': 0, 'SDRF': 0, 'Inundation': 0, 'Hydrology': 0, 'Silt': 0, 'Siltation': 0, 'Bund': 0, 'Trench': 0, 'Breach': 0, 'Culvert': 2, 'Sluice': 0, 'Dyke': 0, 'Storm water drain': 0, 'Emergency': 0, 'Immediate': 0, 'IM': 0, 'AE': 0, 'A E': 0, 'AAPDA MITRA': 0, 'flood': 0, 'Bridge': 0, 'River': 0, 'Drain': 2, 'Restoration': 0, 'Protection': 0, 'irr': 0, 'irrigation': 0, 'dam': 0, 'Nallah': 0, 'Retrofitting': 0, 'Pond': 0, 'Pokhari': 0, 'D/C': 0, 'Recharge shaft': 0, 'LFB': 0, 'RFB': 0}","{'Floodlight': 0, 'Flood Light': 0, 'GAS': 0, 'FIFA': 0, 'pipe': 0, 'pipes': 0, 'covid': 0, 'supply': 0, 'Beautification': 0, 'Installation': 0}",Post-Monsoon,,False,True,Repair and Restoration,"{'Construction': 2, 'Drain': 2}"
2019_RKUMP_415693_1,915-2,"Construction of 02 Nos covered shed, boundry wall, Gate and Gate piller, Toilet, Interlocking Tile, Drain, 01 Nos Crossing culvert in Hat Paith at Village NABABGANJ.","Construction of 02 Nos covered shed, boundry wall, Gate and Gate piller, Toilet, Interlocking Tile, Drain, 01 Nos Crossing culvert in Hat Paith at Village NABABGANJ.",Works,Open Tender,Percentage,Civil Works - Others,No,No,NA ,23-Dec-2019 12:20 PM,,NA ,90.0,No ,No,Offline,31-Dec-2019 12:00 PM,"Rajya Krishi Utpadan Mandi Parishad,UP||SE Zone-4||Dy Director Construction, Aligarh",KASGANJ,207123.0,2.0,"39,88,253",M/S KHUSHI CONSTRUCTION,"3,965,121.24",Rejected-AOC,09-Jan-2020,"Rajya Krishi Utpadan Mandi Parishad,UP||SE Zone-4||Dy Director Construction, Aligarh",True,"{'Flood': 0, 'Embankment': 0, 'embkt': 0, 'Relief': 0, 'Erosion': 0, 'SDRF': 0, 'Inundation': 0, 'Hydrology': 0, 'Silt': 0, 'Siltation': 0, 'Bund': 0, 'Trench': 0, 'Breach': 0, 'Culvert': 2, 'Sluice': 0, 'Dyke': 0, 'Storm water drain': 0, 'Emergency': 0, 'Immediate': 0, 'IM': 0, 'AE': 0, 'A E': 0, 'AAPDA MITRA': 0, 'flood': 0, 'Bridge': 0, 'River': 0, 'Drain': 2, 'Restoration': 0, 'Protection': 0, 'irr': 0, 'irrigation': 0, 'dam': 0, 'Nallah': 0, 'Retrofitting': 0, 'Pond': 0, 'Pokhari': 0, 'D/C': 0, 'Recharge shaft': 0, 'LFB': 0, 'RFB': 0}","{'Floodlight': 0, 'Flood Light': 0, 'GAS': 0, 'FIFA': 0, 'pipe': 0, 'pipes': 0, 'covid': 0, 'supply': 0, 'Beautification': 0, 'Installation': 0}",Post-Monsoon,,False,True,Repair and Restoration,"{'Construction': 2, 'Drain': 2}"
2019_SCIDC_416189_1,40/74/Balance Work of RBS POLYTECHNIC BICHPURI/Agr,"A. Maintenance And Repair Work of The Administrative Building (Sanitary Work). B. Construction of Drain at Raja Balwant Singh Polytechnic Bichpuri, Agra. C. Construction of Interlocking Tiles Work at Raja Balwant Singh Polytechnic Bichpuri, Agra.","A. Maintenance And Repair Work of The Administrative Building (Sanitary Work). B. Construction of Drain at Raja Balwant Singh Polytechnic Bichpuri, Agra. C. Construction of Interlocking Tiles Work at Raja Balwant Singh Polytechnic Bichpuri, Agra.",Works,Open Tender,Percentage,Civil Works,No,No,NA ,24-Dec-2019 04:00 PM,,NA ,135.0,No ,No,Offline,31-Dec-2019 01:00 PM,U.P. State Construction and Infrastructure Development Corporation Ltd.||Unit Agra,Sikandra Agra,282007.0,2.0,"19,86,000",M/S PRAGYA CONSTRUCTION,"1,995,757.54",Not Admitted-Fee/PreQual/Technical,07-Jan-2020,U.P. State Construction and Infrastructure Development Corporation Ltd.||Unit Agra,True,"{'Flood': 0, 'Embankment': 0, 'embkt': 0, 'Relief': 0, 'Erosion': 0, 'SDRF': 0, 'Inundation': 0, 'Hydrology': 0, 'Silt': 0, 'Siltation': 0, 'Bund': 0, 'Trench': 0, 'Breach': 0, 'Culvert': 0, 'Sluice': 0, 'Dyke': 0, 'Storm water drain': 0, 'Emergency': 0, 'Immediate': 0, 'IM': 0, 'AE': 0, 'A E': 0, 'AAPDA MITRA': 0, 'flood': 0, 'Bridge': 0, 'River': 0, 'Drain': 2, 'Restoration': 0, 'Protection': 0, 'irr': 0, 'irrigation': 0, 'dam': 0, 'Nallah': 0, 'Retrofitting': 0, 'Pond': 0, 'Pokhari': 0, 'D/C': 0, 'Recharge shaft': 0, 'LFB': 0, 'RFB': 0}","{'Floodlight': 0, 'Flood Light': 0, 'GAS': 0, 'FIFA': 0, 'pipe': 0, 'pipes': 0, 'covid': 0, 'supply': 0, 'Beautification': 0, 'Installation': 0}",Post-Monsoon,,False,True,Repair and Restoration,"{'repair': 2, 'Construction': 4, 'Drain': 2}"
2019_SCIDC_417491_1,853/EE Siddhartnagar/E Tender/Dt 28-12-2019,Construction of C.C Road and Culvert Kaajihush ke Bagal PWD Road se Mangal Bazar hote huye Gram Phulpur Raja Sarhad Tak Block Biskohar Distt Siddhart Nagar,Construction of C.C Road and Culvert Kaajihush ke Bagal PWD Road se Mangal Bazar hote huye Gram Phulpur Raja Sarhad Tak Block Biskohar Distt Siddhart Nagar,Works,Open Tender,Percentage,Civil Works - Roads,No,No,NA ,30-Dec-2019 09:00 AM,,NA ,90.0,No ,No,Offline,07-Jan-2020 11:30 AM,U.P. State Construction and Infrastructure Development Corporation Ltd.||Unit Basti,PWD Road Block Biskohar Distt Siddhar Nagar,272193.0,2.0,"22,08,746",M/S ANSUMAN TRADERS,"2,208,525",Rejected-Finance,24-Jan-2020,U.P. State Construction and Infrastructure Development Corporation Ltd.||Unit Basti,True,"{'Flood': 0, 'Embankment': 0, 'embkt': 0, 'Relief': 0, 'Erosion': 0, 'SDRF': 0, 'Inundation': 0, 'Hydrology': 0, 'Silt': 0, 'Siltation': 0, 'Bund': 0, 'Trench': 0, 'Breach': 0, 'Culvert': 2, 'Sluice': 0, 'Dyke': 0, 'Storm water drain': 0, 'Emergency': 0, 'Immediate': 0, 'IM': 0, 'AE': 0, 'A E': 0, 'AAPDA MITRA': 0, 'flood': 0, 'Bridge': 0, 'River': 0, 'Drain': 0, 'Restoration': 0, 'Protection': 0, 'irr': 0, 'irrigation': 0, 'dam': 0, 'Nallah': 0, 'Retrofitting': 0, 'Pond': 0, 'Pokhari': 0, 'D/C': 0, 'Recharge shaft': 0, 'LFB': 0, 'RFB': 0}","{'Floodlight': 0, 'Flood Light': 0, 'GAS': 0, 'FIFA': 0, 'pipe': 0, 'pipes': 0, 'covid': 0, 'supply': 0, 'Beautification': 0, 'Installation': 0}",Post-Monsoon,,False,True,Repair and Restoration,{'Construction': 2}
2019_UPCDS_391771_1,"1190/E-Tender-102, Dt. 11.10.2019",Construction of RCC Drain from Bheem Vatika Junction to Panchgaie Khera Drain District Agra,As per Tender Document,Works,Open Tender,Percentage,Civil Works - Others,No,No,NA ,14-Oct-2019 10:00 AM,,NA ,120.0,No ,No,Offline,30-Oct-2019 04:00 PM,Construction and Design Services UP Jal Nigam||C.G.M. (II) Noida||G.M. (09) Noida||Unit-35 Agra,"Devori Road, Agra",282001.0,2.0,"13,47,52,716",M/s SAMRIDHI INNFRATECH,"99,582,257",Rejected-Finance,16-Jan-2020,Construction and Design Services UP Jal Nigam||C.G.M. (II) Noida||G.M. (09) Noida||Unit-35 Agra,True,"{'Flood': 0, 'Embankment': 0, 'embkt': 0, 'Relief': 0, 'Erosion': 0, 'SDRF': 0, 'Inundation': 0, 'Hydrology': 0, 'Silt': 0, 'Siltation': 0, 'Bund': 0, 'Trench': 0, 'Breach': 0, 'Culvert': 0, 'Sluice': 0, 'Dyke': 0, 'Storm water drain': 0, 'Emergency': 0, 'Immediate': 0, 'IM': 0, 'AE': 0, 'A E': 0, 'AAPDA MITRA': 0, 'flood': 0, 'Bridge': 0, 'River': 0, 'Drain': 2, 'Restoration': 0, 'Protection': 0, 'irr': 0, 'irrigation': 0, 'dam': 0, 'Nallah': 0, 'Retrofitting': 0, 'Pond': 0, 'Pokhari': 0, 'D/C': 0, 'Recharge shaft': 0, 'LFB': 0, 'RFB': 0}","{'Floodlight': 0, 'Flood Light': 0, 'GAS': 0, 'FIFA': 0, 'pipe': 0, 'pipes': 0, 'covid': 0, 'supply': 0, 'Beautification': 0, 'Installation': 0}",Post-Monsoon,,False,True,Repair and Restoration,"{'Construction': 1, 'Drain': 2}"
2019_UPCDS_408281_1,1453/m-14/35 dT 27.11.2019,"Construction of RCC DRAIN AT DHOLI PYAU, MATHURA","Construction of RCC Drain from DTDC Office (Opp. B.S.A. Office) to existing Drain near Temple in Dholi Pyau, Mathura",Works,Open Tender,Percentage,Civil Works - Others,No,No,NA ,28-Nov-2019 09:00 AM,,NA ,120.0,No ,No,Offline,17-Dec-2019 12:30 PM,Construction and Design Services UP Jal Nigam||C.G.M. (II) Noida||G.M. (09) Noida||Unit-17 Mathura,DHOLI PYAU MATHURA,281001.0,2.0,"85,26,629",M.G. CONSTRUCTION,58.38,Rejected-Technical,23-Jan-2020,Construction and Design Services UP Jal Nigam||C.G.M. (II) Noida||G.M. (09) Noida||Unit-17 Mathura,True,"{'Flood': 0, 'Embankment': 0, 'embkt': 0, 'Relief': 0, 'Erosion': 0, 'SDRF': 0, 'Inundation': 0, 'Hydrology': 0, 'Silt': 0, 'Siltation': 0, 'Bund': 0, 'Trench': 0, 'Breach': 0, 'Culvert': 0, 'Sluice': 0, 'Dyke': 0, 'Storm water drain': 0, 'Emergency': 0, 'Immediate': 0, 'IM': 0, 'AE': 0, 'A E': 0, 'AAPDA MITRA': 0, 'flood': 0, 'Bridge': 0, 'River': 0, 'Drain': 3, 'Restoration': 0, 'Protection': 0, 'irr': 0, 'irrigation': 0, 'dam': 0, 'Nallah': 0, 'Retrofitting': 0, 'Pond': 0, 'Pokhari': 0, 'D/C': 0, 'Recharge shaft': 0, 'LFB': 0, 'RFB': 0}","{'Floodlight': 0, 'Flood Light': 0, 'GAS': 0, 'FIFA': 0, 'pipe': 0, 'pipes': 0, 'covid': 0, 'supply': 0, 'Beautification': 0, 'Installation': 0}",Post-Monsoon,,False,True,Repair and Restoration,"{'Construction': 2, 'Drain': 3}"
2019_UPCDS_408402_1,1454/M-14/36 DATED 27.11.2019,"CONSTRUCTION OF RCC DRAIN AT LAXMI NAGAR, MATHURA","Construction of RCC Drain from Subhash Inter College to Kolhu Nagla Mod in Laxmi Nagar, Mathura",Works,Open Tender,Percentage,Civil Works - Others,No,No,NA ,28-Nov-2019 11:00 AM,,NA ,120.0,No ,No,Offline,17-Dec-2019 12:30 PM,Construction and Design Services UP Jal Nigam||C.G.M. (II) Noida||G.M. (09) Noida||Unit-17 Mathura,LAXMI NAGAR MATHURA,281001.0,2.0,"1,89,13,075",M.G. CONSTRUCTION,"12,952,000",Rejected-Finance,23-Jan-2020,Construction and Design Services UP Jal Nigam||C.G.M. (II) Noida||G.M. (09) Noida||Unit-17 Mathura,True,"{'Flood': 0, 'Embankment': 0, 'embkt': 0, 'Relief': 0, 'Erosion': 0, 'SDRF': 0, 'Inundation': 0, 'Hydrology': 0, 'Silt': 0, 'Siltation': 0, 'Bund': 0, 'Trench': 0, 'Breach': 0, 'Culvert': 0, 'Sluice': 0, 'Dyke': 0, 'Storm water drain': 0, 'Emergency': 0, 'Immediate': 0, 'IM': 0, 'AE': 0, 'A E': 0, 'AAPDA MITRA': 0, 'flood': 0, 'Bridge': 0, 'River': 0, 'Drain': 2, 'Restoration': 0, 'Protection': 0, 'irr': 0, 'irrigation': 0, 'dam': 0, 'Nallah': 0, 'Retrofitting': 0, 'Pond': 0, 'Pokhari': 0, 'D/C': 0, 'Recharge shaft': 0, 'LFB': 0, 'RFB': 0}","{'Floodlight': 0, 'Flood Light': 0, 'GAS': 0, 'FIFA': 0, 'pipe': 0, 'pipes': 0, 'covid': 0, 'supply': 0, 'Beautification': 0, 'Installation': 0}",Post-Monsoon,,False,True,Repair and Restoration,"{'Construction': 2, 'Drain': 2}"
2019_UPIDC_349257_1,"01/EE/2019-20,LOT-02","01/EE/2019-20,LOT-02",S/E for Internal Clearance for improving Drainage Capacity of Datouli Drain between km 0.000 to Km 5.852 for Year 2019-20,Works,Open Tender,Item Rate,Civil Works,No,No,NA ,01-Jun-2019 12:00 PM,,NA ,90.0,No ,No,Offline,08-Jun-2019 12:00 PM,U P Irrigation Department (Civil)||Chief Engineer ( Yamuna) Okhla||S E Irrigation works Circle Saharanpur||E E U D E Yamuna Canal Saharanpur,SAHARANPUR,247001.0,2.0,"3,62,000",SURESH KUMAR,"200,130",Rejected-Technical,18-Jun-2019,U P Irrigation Department (Civil)||Chief Engineer ( Yamuna) Okhla||S E Irrigation works Circle Saharanpur||E E U D E Yamuna Canal Saharanpur,True,"{'Flood': 0, 'Embankment': 0, 'embkt': 0, 'Relief': 0, 'Erosion': 0, 'SDRF': 0, 'Inundation': 0, 'Hydrology': 0, 'Silt': 0, 'Siltation': 0, 'Bund': 0, 'Trench': 0, 'Breach': 0, 'Culvert': 0, 'Sluice': 0, 'Dyke': 0, 'Storm water drain': 0, 'Emergency': 0, 'Immediate': 0, 'IM': 0, 'AE': 0, 'A E': 0, 'AAPDA MITRA': 0, 'flood': 0, 'Bridge': 0, 'River': 0, 'Drain': 1, 'Restoration': 0, 'Protection': 0, 'irr': 0, 'irrigation': 0, 'dam': 0, 'Nallah': 0, 'Retrofitting': 0, 'Pond': 0, 'Pokhari': 0, 'D/C': 0, 'Recharge shaft': 0, 'LFB': 0, 'RFB': 0}","{'Floodlight': 0, 'Flood Light': 0, 'GAS': 0, 'FIFA': 0, 'pipe': 0, 'pipes': 0, 'covid': 0, 'supply': 0, 'Beautification': 0, 'Installation': 0}",Monsoon,,False,True,Repair and Restoration,{'Drain': 1}
2019_UPIDC_349265_1,"01/EE/2019-20,LOT-03","01/EE/2019-20,LOT-03",S/E for Internal Clearance for improving Drainage Capacity of Gangroo Drain between km 0.000 to Km 11.866 for Year 2019-20,Works,Open Tender,Item Rate,Civil Works,No,No,NA ,01-Jun-2019 12:00 PM,,NA ,90.0,No ,No,Offline,08-Jun-2019 12:00 PM,U P Irrigation Department (Civil)||Chief Engineer ( Yamuna) Okhla||S E Irrigation works Circle Saharanpur||E E U D E Yamuna Canal Saharanpur,SAHARNAPUR,247001.0,2.0,"6,62,000",RAJ KUMAR TYAGI,"385,590",Rejected-AOC,18-Jun-2019,U P Irrigation Department (Civil)||Chief Engineer ( Yamuna) Okhla||S E Irrigation works Circle Saharanpur||E E U D E Yamuna Canal Saharanpur,True,"{'Flood': 0, 'Embankment': 0, 'embkt': 0, 'Relief': 0, 'Erosion': 0, 'SDRF': 0, 'Inundation': 0, 'Hydrology': 0, 'Silt': 0, 'Siltation': 0, 'Bund': 0, 'Trench': 0, 'Breach': 0, 'Culvert': 0, 'Sluice': 0, 'Dyke': 0, 'Storm water drain': 0, 'Emergency': 0, 'Immediate': 0, 'IM': 0, 'AE': 0, 'A E': 0, 'AAPDA MITRA': 0, 'flood': 0, 'Bridge': 0, 'River': 0, 'Drain': 1, 'Restoration': 0, 'Protection': 0, 'irr': 0, 'irrigation': 0, 'dam': 0, 'Nallah': 0, 'Retrofitting': 0, 'Pond': 0, 'Pokhari': 0, 'D/C': 0, 'Recharge shaft': 0, 'LFB': 0, 'RFB': 0}","{'Floodlight': 0, 'Flood Light': 0, 'GAS': 0, 'FIFA': 0, 'pipe': 0, 'pipes': 0, 'covid': 0, 'supply': 0, 'Beautification': 0, 'Installation': 0}",Monsoon,,False,True,Repair and Restoration,{'Drain': 1}
2019_UPIDC_349275_1,"01/EE/2019-20,LOT-05","01/EE/2019-20,LOT-05",S/E for Restoration of Jahanpur Bund Between km. 0.000 to 2.000 on Left bank of Nagdev River for year 2019-20 in distt. Saharanpur,Works,Open Tender,Item Rate,Civil Works,No,No,NA ,01-Jun-2019 12:00 PM,,NA ,90.0,No ,No,Offline,08-Jun-2019 12:00 PM,U P Irrigation Department (Civil)||Chief Engineer ( Yamuna) Okhla||S E Irrigation works Circle Saharanpur||E E U D E Yamuna Canal Saharanpur,SAHARANPUR,247001.0,2.0,"3,28,000",ABHIMANYU ENTERPRISES,"196,872",Accepted-AOC,25-Jul-2020,U P Irrigation Department (Civil)||Chief Engineer ( Yamuna) Okhla||S E Irrigation works Circle Saharanpur||E E U D E Yamuna Canal Saharanpur,True,"{'Flood': 0, 'Embankment': 0, 'embkt': 0, 'Relief': 0, 'Erosion': 0, 'SDRF': 0, 'Inundation': 0, 'Hydrology': 0, 'Silt': 0, 'Siltation': 0, 'Bund': 1, 'Trench': 0, 'Breach': 0, 'Culvert': 0, 'Sluice': 0, 'Dyke': 0, 'Storm water drain': 0, 'Emergency': 0, 'Immediate': 0, 'IM': 0, 'AE': 0, 'A E': 0, 'AAPDA MITRA': 0, 'flood': 0, 'Bridge': 0, 'River': 1, 'Drain': 0, 'Restoration': 1, 'Protection': 0, 'irr': 0, 'irrigation': 0, 'dam': 0, 'Nallah': 0, 'Retrofitting': 0, 'Pond': 0, 'Pokhari': 0, 'D/C': 0, 'Recharge shaft': 0, 'LFB': 0, 'RFB': 0}","{'Floodlight': 0, 'Flood Light': 0, 'GAS': 0, 'FIFA': 0, 'pipe': 0, 'pipes': 0, 'covid': 0, 'supply': 0, 'Beautification': 0, 'Installation': 0}",Monsoon,,False,True,Repair and Restoration,{'restoration': 1}
2019_UPIDC_349278_1,"01/EE/2019-20,LOT-06","01/EE/2019-20,LOT-06",S/E for Restoration of Jahanpur Bund Between km. 2.100 to 4.000 on Left bank of Nagdev River for year 2019-20 in distt. Saharanpur,Works,Open Tender,Item Rate,Civil Works,No,No,NA ,01-Jun-2019 12:00 PM,,NA ,90.0,No ,No,Offline,08-Jun-2019 12:00 PM,U P Irrigation Department (Civil)||Chief Engineer ( Yamuna) Okhla||S E Irrigation works Circle Saharanpur||E E U D E Yamuna Canal Saharanpur,SAHARANPUR,247001.0,2.0,"3,31,000",ABHIMANYU ENTERPRISES,"178,342",Accepted-AOC,25-Jul-2019,U P Irrigation Department (Civil)||Chief Engineer ( Yamuna) Okhla||S E Irrigation works Circle Saharanpur||E E U D E Yamuna Canal Saharanpur,True,"{'Flood': 0, 'Embankment': 0, 'embkt': 0, 'Relief': 0, 'Erosion': 0, 'SDRF': 0, 'Inundation': 0, 'Hydrology': 0, 'Silt': 0, 'Siltation': 0, 'Bund': 1, 'Trench': 0, 'Breach': 0, 'Culvert': 0, 'Sluice': 0, 'Dyke': 0, 'Storm water drain': 0, 'Emergency': 0, 'Immediate': 0, 'IM': 0, 'AE': 0, 'A E': 0, 'AAPDA MITRA': 0, 'flood': 0, 'Bridge': 0, 'River': 1, 'Drain': 0, 'Restoration': 1, 'Protection': 0, 'irr': 0, 'irrigation': 0, 'dam': 0, 'Nallah': 0, 'Retrofitting': 0, 'Pond': 0, 'Pokhari': 0, 'D/C': 0, 'Recharge shaft': 0, 'LFB': 0, 'RFB': 0}","{'Floodlight': 0, 'Flood Light': 0, 'GAS': 0, 'FIFA': 0, 'pipe': 0, 'pipes': 0, 'covid': 0, 'supply': 0, 'Beautification': 0, 'Installation': 0}",Monsoon,,False,True,Repair and Restoration,{'restoration': 1}
2019_UPIDC_349283_1,"01/EE/2019-20,LOT-08","01/EE/2019-20,LOT-08",Restoration of bund and Repairing of Boulder cutter no. 03 and 04 in E.Y.C. u/s of Left bank Gangroo Rao River in distt. Saharanpur,Works,Open Tender,Item Rate,Civil Works,No,No,NA ,01-Jun-2019 12:00 PM,,NA ,90.0,No ,No,Offline,08-Jun-2019 12:00 PM,U P Irrigation Department (Civil)||Chief Engineer ( Yamuna) Okhla||S E Irrigation works Circle Saharanpur||E E U D E Yamuna Canal Saharanpur,SRE,247001.0,2.0,"5,00,000",SRISHTI CONSTRUCTIONS,"313,975",Rejected-AOC,18-Jun-2019,U P Irrigation Department (Civil)||Chief Engineer ( Yamuna) Okhla||S E Irrigation works Circle Saharanpur||E E U D E Yamuna Canal Saharanpur,True,"{'Flood': 0, 'Embankment': 0, 'embkt': 0, 'Relief': 0, 'Erosion': 0, 'SDRF': 0, 'Inundation': 0, 'Hydrology': 0, 'Silt': 0, 'Siltation': 0, 'Bund': 1, 'Trench': 0, 'Breach': 0, 'Culvert': 0, 'Sluice': 0, 'Dyke': 0, 'Storm water drain': 0, 'Emergency': 0, 'Immediate': 0, 'IM': 0, 'AE': 0, 'A E': 0, 'AAPDA MITRA': 0, 'flood': 0, 'Bridge': 0, 'River': 1, 'Drain': 0, 'Restoration': 1, 'Protection': 0, 'irr': 0, 'irrigation': 0, 'dam': 0, 'Nallah': 0, 'Retrofitting': 0, 'Pond': 0, 'Pokhari': 0, 'D/C': 0, 'Recharge shaft': 0, 'LFB': 0, 'RFB': 0}","{'Floodlight': 0, 'Flood Light': 0, 'GAS': 0, 'FIFA': 0, 'pipe': 0, 'pipes': 0, 'covid': 0, 'supply': 0, 'Beautification': 0, 'Installation': 0}",Monsoon,,False,True,Repair and Restoration,"{'repairing': 1, 'restoration': 1}"
2019_UPIDC_349286_1,"01/EE/2019-20,LOT-09","01/EE/2019-20,LOT-09",CORRECTING INTERNAL SECTION OF BALPUR DRAIN FROM K.M. 4.560 TO K.M. 0.000,Works,Open Tender,Item Rate,Civil Works,No,No,NA ,01-Jun-2019 12:00 PM,,NA ,90.0,No ,No,Offline,08-Jun-2019 12:00 PM,U P Irrigation Department (Civil)||Chief Engineer ( Yamuna) Okhla||S E Irrigation works Circle Saharanpur||E E U D E Yamuna Canal Saharanpur,SRE,247001.0,2.0,"3,94,000",SURESH KUMAR,"229,869",Rejected-AOC,18-Jun-2019,U P Irrigation Department (Civil)||Chief Engineer ( Yamuna) Okhla||S E Irrigation works Circle Saharanpur||E E U D E Yamuna Canal Saharanpur,True,"{'Flood': 0, 'Embankment': 0, 'embkt': 0, 'Relief': 0, 'Erosion': 0, 'SDRF': 0, 'Inundation': 0, 'Hydrology': 0, 'Silt': 0, 'Siltation': 0, 'Bund': 0, 'Trench': 0, 'Breach': 0, 'Culvert': 0, 'Sluice': 0, 'Dyke': 0, 'Storm water drain': 0, 'Emergency': 0, 'Immediate': 0, 'IM': 0, 'AE': 0, 'A E': 0, 'AAPDA MITRA': 0, 'flood': 0, 'Bridge': 0, 'River': 0, 'Drain': 1, 'Restoration': 0, 'Protection': 0, 'irr': 0, 'irrigation': 0, 'dam': 0, 'Nallah': 0, 'Retrofitting': 0, 'Pond': 0, 'Pokhari': 0, 'D/C': 0, 'Recharge shaft': 0, 'LFB': 0, 'RFB': 0}","{'Floodlight': 0, 'Flood Light': 0, 'GAS': 0, 'FIFA': 0, 'pipe': 0, 'pipes': 0, 'covid': 0, 'supply': 0, 'Beautification': 0, 'Installation': 0}",Monsoon,,False,True,Repair and Restoration,{'Drain': 1}
2019_UPIDC_349288_1,"01/EE/2019-20,LOT-10","01/EE/2019-20,LOT-10",CORRECTING INTERNAL SECTION OF LANDHAURA DRAIN FROM K.M. 8.000 TO K.M. 2.000,Works,Open Tender,Item Rate,Civil Works,No,No,NA ,01-Jun-2019 12:00 PM,,NA ,90.0,No ,No,Offline,08-Jun-2019 12:00 PM,U P Irrigation Department (Civil)||Chief Engineer ( Yamuna) Okhla||S E Irrigation works Circle Saharanpur||E E U D E Yamuna Canal Saharanpur,SRE,247001.0,2.0,"4,76,000",SURESH KUMAR,"271,427",Rejected-AOC,18-Jun-2019,U P Irrigation Department (Civil)||Chief Engineer ( Yamuna) Okhla||S E Irrigation works Circle Saharanpur||E E U D E Yamuna Canal Saharanpur,True,"{'Flood': 0, 'Embankment': 0, 'embkt': 0, 'Relief': 0, 'Erosion': 0, 'SDRF': 0, 'Inundation': 0, 'Hydrology': 0, 'Silt': 0, 'Siltation': 0, 'Bund': 0, 'Trench': 0, 'Breach': 0, 'Culvert': 0, 'Sluice': 0, 'Dyke': 0, 'Storm water drain': 0, 'Emergency': 0, 'Immediate': 0, 'IM': 0, 'AE': 0, 'A E': 0, 'AAPDA MITRA': 0, 'flood': 0, 'Bridge': 0, 'River': 0, 'Drain': 1, 'Restoration': 0, 'Protection': 0, 'irr': 0, 'irrigation': 0, 'dam': 0, 'Nallah': 0, 'Retrofitting': 0, 'Pond': 0, 'Pokhari': 0, 'D/C': 0, 'Recharge shaft': 0, 'LFB': 0, 'RFB': 0}","{'Floodlight': 0, 'Flood Light': 0, 'GAS': 0, 'FIFA': 0, 'pipe': 0, 'pipes': 0, 'covid': 0, 'supply': 0, 'Beautification': 0, 'Installation': 0}",Monsoon,,False,True,Repair and Restoration,{'Drain': 1}
2019_UPIDC_349290_1,"01/EE/2019-20,LOT-11","01/EE/2019-20,LOT-11",CORRECTING INTERNAL SECTION OF JATIAKHERI DRAIN FROM K.M. 20.600 TO K.M. 16.093,Works,Open Tender,Item Rate,Civil Works,No,No,NA ,01-Jun-2019 12:00 PM,,NA ,90.0,No ,No,Offline,08-Jun-2019 12:00 PM,U P Irrigation Department (Civil)||Chief Engineer ( Yamuna) Okhla||S E Irrigation works Circle Saharanpur||E E U D E Yamuna Canal Saharanpur,SRE,247001.0,2.0,"3,96,000",SURESH KUMAR,"237,264",Rejected-AOC,18-Jun-2019,U P Irrigation Department (Civil)||Chief Engineer ( Yamuna) Okhla||S E Irrigation works Circle Saharanpur||E E U D E Yamuna Canal Saharanpur,True,"{'Flood': 0, 'Embankment': 0, 'embkt': 0, 'Relief': 0, 'Erosion': 0, 'SDRF': 0, 'Inundation': 0, 'Hydrology': 0, 'Silt': 0, 'Siltation': 0, 'Bund': 0, 'Trench': 0, 'Breach': 0, 'Culvert': 0, 'Sluice': 0, 'Dyke': 0, 'Storm water drain': 0, 'Emergency': 0, 'Immediate': 0, 'IM': 0, 'AE': 0, 'A E': 0, 'AAPDA MITRA': 0, 'flood': 0, 'Bridge': 0, 'River': 0, 'Drain': 1, 'Restoration': 0, 'Protection': 0, 'irr': 0, 'irrigation': 0, 'dam': 0, 'Nallah': 0, 'Retrofitting': 0, 'Pond': 0, 'Pokhari': 0, 'D/C': 0, 'Recharge shaft': 0, 'LFB': 0, 'RFB': 0}","{'Floodlight': 0, 'Flood Light': 0, 'GAS': 0, 'FIFA': 0, 'pipe': 0, 'pipes': 0, 'covid': 0, 'supply': 0, 'Beautification': 0, 'Installation': 0}",Monsoon,,False,True,Repair and Restoration,{'Drain': 1}
2019_UPIDC_349296_1,"01/EE/2019-20,LOT-13","01/EE/2019-20,LOT-13",CORRECTING INTERNAL SECTION OF KABIRPUR DRAIN FROM K.M. 0.000 TO 2.300,Works,Open Tender,Item Rate,Civil Works,No,No,NA ,01-Jun-2019 12:00 PM,,NA ,90.0,No ,No,Offline,08-Jun-2019 12:00 PM,U P Irrigation Department (Civil)||Chief Engineer ( Yamuna) Okhla||S E Irrigation works Circle Saharanpur||E E U D E Yamuna Canal Saharanpur,SRE,247001.0,2.0,"4,36,000",J P INFRATECH,"268,350",Rejected-AOC,18-Jun-2019,U P Irrigation Department (Civil)||Chief Engineer ( Yamuna) Okhla||S E Irrigation works Circle Saharanpur||E E U D E Yamuna Canal Saharanpur,True,"{'Flood': 0, 'Embankment': 0, 'embkt': 0, 'Relief': 0, 'Erosion': 0, 'SDRF': 0, 'Inundation': 0, 'Hydrology': 0, 'Silt': 0, 'Siltation': 0, 'Bund': 0, 'Trench': 0, 'Breach': 0, 'Culvert': 0, 'Sluice': 0, 'Dyke': 0, 'Storm water drain': 0, 'Emergency': 0, 'Immediate': 0, 'IM': 0, 'AE': 0, 'A E': 0, 'AAPDA MITRA': 0, 'flood': 0, 'Bridge': 0, 'River': 0, 'Drain': 1, 'Restoration': 0, 'Protection': 0, 'irr': 0, 'irrigation': 0, 'dam': 0, 'Nallah': 0, 'Retrofitting': 0, 'Pond': 0, 'Pokhari': 0, 'D/C': 0, 'Recharge shaft': 0, 'LFB': 0, 'RFB': 0}","{'Floodlight': 0, 'Flood Light': 0, 'GAS': 0, 'FIFA': 0, 'pipe': 0, 'pipes': 0, 'covid': 0, 'supply': 0, 'Beautification': 0, 'Installation': 0}",Monsoon,,False,True,Repair and Restoration,{'Drain': 1}
2019_UPIDC_349299_1,"01/EE/2019-20,LOT-14","01/EE/2019-20,LOT-14",EARTH WORK IN RESTORATION OF INTERNAL SECTION OF JATIYAKHERI DRAIN FROM KM 0.000 TO KM 16.000,Works,Open Tender,Item Rate,Civil Works,No,No,NA ,01-Jun-2019 12:00 PM,,NA ,90.0,No ,No,Offline,08-Jun-2019 12:00 PM,U P Irrigation Department (Civil)||Chief Engineer ( Yamuna) Okhla||S E Irrigation works Circle Saharanpur||E E U D E Yamuna Canal Saharanpur,SRE,247001.0,2.0,"8,10,000",SURESH KUMAR,"468,380",Rejected-AOC,18-Jun-2019,U P Irrigation Department (Civil)||Chief Engineer ( Yamuna) Okhla||S E Irrigation works Circle Saharanpur||E E U D E Yamuna Canal Saharanpur,True,"{'Flood': 0, 'Embankment': 0, 'embkt': 0, 'Relief': 0, 'Erosion': 0, 'SDRF': 0, 'Inundation': 0, 'Hydrology': 0, 'Silt': 0, 'Siltation': 0, 'Bund': 0, 'Trench': 0, 'Breach': 0, 'Culvert': 0, 'Sluice': 0, 'Dyke': 0, 'Storm water drain': 0, 'Emergency': 0, 'Immediate': 0, 'IM': 0, 'AE': 0, 'A E': 0, 'AAPDA MITRA': 0, 'flood': 0, 'Bridge': 0, 'River': 0, 'Drain': 1, 'Restoration': 1, 'Protection': 0, 'irr': 0, 'irrigation': 0, 'dam': 0, 'Nallah': 0, 'Retrofitting': 0, 'Pond': 0, 'Pokhari': 0, 'D/C': 0, 'Recharge shaft': 0, 'LFB': 0, 'RFB': 0}","{'Floodlight': 0, 'Flood Light': 0, 'GAS': 0, 'FIFA': 0, 'pipe': 0, 'pipes': 0, 'covid': 0, 'supply': 0, 'Beautification': 0, 'Installation': 0}",Monsoon,,False,True,Repair and Restoration,"{'restoration': 1, 'Drain': 1}"
2019_UPIDC_349304_1,"01/EE/2019-20,LOT-16","01/EE/2019-20,LOT-16",EARTH WORK IN RESTORATION OF INTERNAL SECTION OF SALEMPUR DRAIN FROM KM 0.000 TO KM 6.050,Works,Open Tender,Item Rate,Civil Works,No,No,NA ,01-Jun-2019 12:00 PM,,NA ,90.0,No ,No,Offline,08-Jun-2019 12:00 PM,U P Irrigation Department (Civil)||Chief Engineer ( Yamuna) Okhla||S E Irrigation works Circle Saharanpur||E E U D E Yamuna Canal Saharanpur,SRE,247001.0,2.0,"3,34,000",ABHIMANYU ENTERPRISES,"203,205",Accepted-AOC,18-Jun-2019,U P Irrigation Department (Civil)||Chief Engineer ( Yamuna) Okhla||S E Irrigation works Circle Saharanpur||E E U D E Yamuna Canal Saharanpur,True,"{'Flood': 0, 'Embankment': 0, 'embkt': 0, 'Relief': 0, 'Erosion': 0, 'SDRF': 0, 'Inundation': 0, 'Hydrology': 0, 'Silt': 0, 'Siltation': 0, 'Bund': 0, 'Trench': 0, 'Breach': 0, 'Culvert': 0, 'Sluice': 0, 'Dyke': 0, 'Storm water drain': 0, 'Emergency': 0, 'Immediate': 0, 'IM': 0, 'AE': 0, 'A E': 0, 'AAPDA MITRA': 0, 'flood': 0, 'Bridge': 0, 'River': 0, 'Drain': 1, 'Restoration': 1, 'Protection': 0, 'irr': 0, 'irrigation': 0, 'dam': 0, 'Nallah': 0, 'Retrofitting': 0, 'Pond': 0, 'Pokhari': 0, 'D/C': 0, 'Recharge shaft': 0, 'LFB': 0, 'RFB': 0}","{'Floodlight': 0, 'Flood Light': 0, 'GAS': 0, 'FIFA': 0, 'pipe': 0, 'pipes': 0, 'covid': 0, 'supply': 0, 'Beautification': 0, 'Installation': 0}",Monsoon,,False,True,Repair and Restoration,"{'restoration': 1, 'Drain': 1}"
2019_UPIDC_349308_1,"01/EE/2019-20,LOT-18","01/EE/2019-20,LOT-18",EARTH WORK IN RESTORATION OF INTERNAL SECTION OF GANDAWARE DRAIN FROM KM 0.000 TO KM 7.500,Works,Open Tender,Item Rate,Civil Works,No,No,NA ,01-Jun-2019 12:00 PM,,NA ,90.0,No ,No,Offline,08-Jun-2019 12:00 PM,U P Irrigation Department (Civil)||Chief Engineer ( Yamuna) Okhla||S E Irrigation works Circle Saharanpur||E E U D E Yamuna Canal Saharanpur,SRE,247001.0,2.0,"4,88,000",SURESH KUMAR,"293,774",Rejected-AOC,18-Jun-2019,U P Irrigation Department (Civil)||Chief Engineer ( Yamuna) Okhla||S E Irrigation works Circle Saharanpur||E E U D E Yamuna Canal Saharanpur,True,"{'Flood': 0, 'Embankment': 0, 'embkt': 0, 'Relief': 0, 'Erosion': 0, 'SDRF': 0, 'Inundation': 0, 'Hydrology': 0, 'Silt': 0, 'Siltation': 0, 'Bund': 0, 'Trench': 0, 'Breach': 0, 'Culvert': 0, 'Sluice': 0, 'Dyke': 0, 'Storm water drain': 0, 'Emergency': 0, 'Immediate': 0, 'IM': 0, 'AE': 0, 'A E': 0, 'AAPDA MITRA': 0, 'flood': 0, 'Bridge': 0, 'River': 0, 'Drain': 1, 'Restoration': 1, 'Protection': 0, 'irr': 0, 'irrigation': 0, 'dam': 0, 'Nallah': 0, 'Retrofitting': 0, 'Pond': 0, 'Pokhari': 0, 'D/C': 0, 'Recharge shaft': 0, 'LFB': 0, 'RFB': 0}","{'Floodlight': 0, 'Flood Light': 0, 'GAS': 0, 'FIFA': 0, 'pipe': 0, 'pipes': 0, 'covid': 0, 'supply': 0, 'Beautification': 0, 'Installation': 0}",Monsoon,,False,True,Repair and Restoration,"{'restoration': 1, 'Drain': 1}"
2019_UPIDC_409197_1,08/EE/2019-20(LOT-02),Khama Bundhi. No.4(LOT02),"Repair, Restoration and Construction Sulice of Khama Bundhi. No.4",Works,Open Tender,Item Rate,Civil Works,No,No,NA ,04-Jun-2025 06:03 PM,,NA ,90.0,No ,No,Offline,10-Dec-2019 11:00 AM,"U P Irrigation Department (Civil)||Chief Engineer-Betwa, Jhansi||Irrigation Works Circle, Banda||ID, mahoba",MAHOBA,210427.0,2.0,"11,17,000",M/s Sarla Chaubey,"822,951.07",Accepted-AOC,06-Jan-2020,"U P Irrigation Department (Civil)||Chief Engineer-Betwa, Jhansi||Irrigation Works Circle, Banda||ID, mahoba",True,"{'Flood': 0, 'Embankment': 0, 'embkt': 0, 'Relief': 0, 'Erosion': 0, 'SDRF': 0, 'Inundation': 0, 'Hydrology': 0, 'Silt': 0, 'Siltation': 0, 'Bund': 0, 'Trench': 0, 'Breach': 0, 'Culvert': 0, 'Sluice': 0, 'Dyke': 0, 'Storm water drain': 0, 'Emergency': 0, 'Immediate': 0, 'IM': 0, 'AE': 0, 'A E': 0, 'AAPDA MITRA': 0, 'flood': 0, 'Bridge': 0, 'River': 0, 'Drain': 0, 'Restoration': 1, 'Protection': 0, 'irr': 0, 'irrigation': 0, 'dam': 0, 'Nallah': 0, 'Retrofitting': 0, 'Pond': 0, 'Pokhari': 0, 'D/C': 0, 'Recharge shaft': 0, 'LFB': 0, 'RFB': 0}","{'Floodlight': 0, 'Flood Light': 0, 'GAS': 0, 'FIFA': 0, 'pipe': 0, 'pipes': 0, 'covid': 0, 'supply': 0, 'Beautification': 0, 'Installation': 0}",Monsoon,,False,False,Repair and Restoration,"{'repair': 1, 'restoration': 1, 'Construction': 1}"
2019_UPIDC_409209_1,08/EE/2019-20(LOT-03),Renovation work in service road from Spillway gate of Chandrawal dam (LOT-03),Renovation work in service road from Spillway gate of Chandrawal dam to Regulation Quarter at Km 0.00 to 0.670 Name,Works,Open Tender,Item Rate,Civil Works,No,No,NA ,04-Dec-2019 10:00 AM,,NA ,90.0,No ,No,Offline,10-Dec-2019 11:00 AM,"U P Irrigation Department (Civil)||Chief Engineer-Betwa, Jhansi||Irrigation Works Circle, Banda||ID, mahoba",HAMIRPUR,210301.0,2.0,"9,40,000",M/S MAHENDRA PRATAP SINGH CONTRACTOR,"611,152",Rejected-AOC,15-Jan-2020,"U P Irrigation Department (Civil)||Chief Engineer-Betwa, Jhansi||Irrigation Works Circle, Banda||ID, mahoba",True,"{'Flood': 0, 'Embankment': 0, 'embkt': 0, 'Relief': 0, 'Erosion': 0, 'SDRF': 0, 'Inundation': 0, 'Hydrology': 0, 'Silt': 0, 'Siltation': 0, 'Bund': 0, 'Trench': 0, 'Breach': 0, 'Culvert': 0, 'Sluice': 0, 'Dyke': 0, 'Storm water drain': 0, 'Emergency': 0, 'Immediate': 0, 'IM': 0, 'AE': 0, 'A E': 0, 'AAPDA MITRA': 0, 'flood': 0, 'Bridge': 0, 'River': 0, 'Drain': 0, 'Restoration': 0, 'Protection': 0, 'irr': 0, 'irrigation': 0, 'dam': 2, 'Nallah': 0, 'Retrofitting': 0, 'Pond': 0, 'Pokhari': 0, 'D/C': 0, 'Recharge shaft': 0, 'LFB': 0, 'RFB': 0}","{'Floodlight': 0, 'Flood Light': 0, 'GAS': 0, 'FIFA': 0, 'pipe': 0, 'pipes': 0, 'covid': 0, 'supply': 0, 'Beautification': 0, 'Installation': 0}",Post-Monsoon,,False,True,Repair and Restoration,{'renovation': 2}
2019_UPIDC_409218_1,08/EE/2019-20(LOT-04),Renovation work from Tindale Quarter to Spillway Gate of Chandrawal dam(LOT-04),Renovation work from Tindale Quarter to Spillway Gate of Pindari Dy on the top of Chandrawal dam at Km. 0.00 to 0.900,Works,Open Tender,Item Rate,Civil Works,No,No,NA ,04-Dec-2019 10:00 AM,,NA ,90.0,No ,No,Offline,10-Dec-2019 11:00 AM,"U P Irrigation Department (Civil)||Chief Engineer-Betwa, Jhansi||Irrigation Works Circle, Banda||ID, mahoba",HAMIRPUR,210301.0,2.0,"12,63,000",SUBHASH CHANDRA CONTRACTOR,"871,380",Rejected-AOC,15-Jan-2020,"U P Irrigation Department (Civil)||Chief Engineer-Betwa, Jhansi||Irrigation Works Circle, Banda||ID, mahoba",True,"{'Flood': 0, 'Embankment': 0, 'embkt': 0, 'Relief': 0, 'Erosion': 0, 'SDRF': 0, 'Inundation': 0, 'Hydrology': 0, 'Silt': 0, 'Siltation': 0, 'Bund': 0, 'Trench': 0, 'Breach': 0, 'Culvert': 0, 'Sluice': 0, 'Dyke': 0, 'Storm water drain': 0, 'Emergency': 0, 'Immediate': 0, 'IM': 0, 'AE': 0, 'A E': 0, 'AAPDA MITRA': 0, 'flood': 0, 'Bridge': 0, 'River': 0, 'Drain': 0, 'Restoration': 0, 'Protection': 0, 'irr': 0, 'irrigation': 0, 'dam': 2, 'Nallah': 0, 'Retrofitting': 0, 'Pond': 0, 'Pokhari': 0, 'D/C': 0, 'Recharge shaft': 0, 'LFB': 0, 'RFB': 0}","{'Floodlight': 0, 'Flood Light': 0, 'GAS': 0, 'FIFA': 0, 'pipe': 0, 'pipes': 0, 'covid': 0, 'supply': 0, 'Beautification': 0, 'Installation': 0}",Post-Monsoon,,False,False,Repair and Restoration,{'renovation': 2}
2019_UPIDM_363855_1,06/EE/WEDK/2019-20,"SHIFTING, LOADING AND SAFE CARTAGE OF GATE PIECES FROM BAREILLY WORKSHOP TO BHAURANT DAM PREMISES, LALITPUR WITH UNLOADING, STOCKING PROPERLY AT BHAURANT DAM LALITPUR, U.P.","SHIFTING, LOADING AND SAFE CARTAGE OF GATE PIECES FROM BAREILLY WORKSHOP TO BHAURANT DAM PREMISES, LALITPUR WITH UNLOADING, STOCKING PROPERLY AT BHAURANT DAM LALITPUR, U.P.",Works,Open Tender,Lump-sum,Miscellaneous Works,No,No,NA ,23-Jul-2019 10:00 AM,,NA ,90.0,No ,No,Offline,30-Jul-2019 03:00 PM,U P Irrigation Department (Mechanical)||Central Equipment and Stores Procurement||S E Irrigation Workshop Circle - I Kanpur||E E Irrigation Erection Division Kanpur,Lalitpur,284403.0,2.0,"21,14,000",swastik traders,"1,902,900",Rejected-Finance,21-Aug-2019,U P Irrigation Department (Mechanical)||Central Equipment and Stores Procurement||S E Irrigation Workshop Circle - I Kanpur||E E Irrigation Erection Division Kanpur,True,"{'Flood': 0, 'Embankment': 0, 'embkt': 0, 'Relief': 0, 'Erosion': 0, 'SDRF': 0, 'Inundation': 0, 'Hydrology': 0, 'Silt': 0, 'Siltation': 0, 'Bund': 0, 'Trench': 0, 'Breach': 0, 'Culvert': 0, 'Sluice': 0, 'Dyke': 0, 'Storm water drain': 0, 'Emergency': 0, 'Immediate': 0, 'IM': 0, 'AE': 0, 'A E': 0, 'AAPDA MITRA': 0, 'flood': 0, 'Bridge': 0, 'River': 0, 'Drain': 0, 'Restoration': 0, 'Protection': 0, 'irr': 0, 'irrigation': 0, 'dam': 4, 'Nallah': 0, 'Retrofitting': 0, 'Pond': 0, 'Pokhari': 0, 'D/C': 0, 'Recharge shaft': 0, 'LFB': 0, 'RFB': 0}","{'Floodlight': 0, 'Flood Light': 0, 'GAS': 0, 'FIFA': 0, 'pipe': 0, 'pipes': 0, 'covid': 0, 'supply': 0, 'Beautification': 0, 'Installation': 0}",Monsoon,,False,False,Others,
2019_UPIDM_378501_1,07/WEDK/2019-20,Repair and preventive maintinence of TATA CRANE 80Ton Model No 955 ALC,"Repairing, refurbishing, preventive maintenance of various parts of TATA crane 80 Ton such as cam clutch assembly, link, swing controller assembly propelling brake, brake chamber with complete overhauling at Lehchura Dam Jhansi.",Works,Open Tender,Lump-sum,Miscellaneous Works,No,No,NA ,09-Sep-2019 10:00 AM,,NA ,90.0,No ,No,Offline,16-Sep-2019 03:00 PM,U P Irrigation Department (Mechanical)||Central Equipment and Stores Procurement||S E Irrigation Workshop Circle - I Kanpur||E E Irrigation Erection Division Kanpur,Lehchura Dam Jhansi,284001.0,2.0,"17,72,000",S K ENGINEERING WORKS,"1,735,000",Rejected-Finance,23-Sep-2019,U P Irrigation Department (Mechanical)||Central Equipment and Stores Procurement||S E Irrigation Workshop Circle - I Kanpur||E E Irrigation Erection Division Kanpur,True,"{'Flood': 0, 'Embankment': 0, 'embkt': 0, 'Relief': 0, 'Erosion': 0, 'SDRF': 0, 'Inundation': 0, 'Hydrology': 0, 'Silt': 0, 'Siltation': 0, 'Bund': 0, 'Trench': 0, 'Breach': 0, 'Culvert': 0, 'Sluice': 0, 'Dyke': 0, 'Storm water drain': 0, 'Emergency': 0, 'Immediate': 0, 'IM': 0, 'AE': 0, 'A E': 0, 'AAPDA MITRA': 0, 'flood': 0, 'Bridge': 0, 'River': 0, 'Drain': 0, 'Restoration': 0, 'Protection': 0, 'irr': 0, 'irrigation': 0, 'dam': 1, 'Nallah': 0, 'Retrofitting': 0, 'Pond': 0, 'Pokhari': 0, 'D/C': 0, 'Recharge shaft': 0, 'LFB': 0, 'RFB': 0}","{'Floodlight': 0, 'Flood Light': 0, 'GAS': 0, 'FIFA': 0, 'pipe': 0, 'pipes': 0, 'covid': 0, 'supply': 0, 'Beautification': 0, 'Installation': 0}",Monsoon,,False,False,Repair and Restoration,"{'repair': 1, 'repairing': 1}"
2019_UPIDM_413347_1,05/WM/2019-20,Designing Engineering a monitoring system control and Automation system with SCADA of Chillimal Pump Canal on Right bank of Yamuna River in District Chitrakoot,Designing Engineering a monitoring system control and Automation system with SCADA of Chillimal Pump Canal on Right bank of Yamuna River in District Chitrakoot,Works,Open Tender,Item Wise,Miscellaneous Works,No,No,NA ,24-Dec-2019 06:00 PM,,NA ,90.0,No ,No,Offline,16-Jan-2020 03:00 PM,U P Irrigation Department (Mechanical)||Central Equipment and Stores Procurement||S E Irrigation Workshop Circle - I Kanpur||W M Irrigation Workshop Division - Jhansi,CHILLIMAL PUMP CANAL PUMP HOUSE DISTT CHITRAKOOT,210207.0,2.0,"25,00,000",Silicon Automation Systems,"2,993,000",Rejected-Finance,20-Jan-2020,U P Irrigation Department (Mechanical)||Central Equipment and Stores Procurement||S E Irrigation Workshop Circle - I Kanpur||W M Irrigation Workshop Division - Jhansi,True,"{'Flood': 0, 'Embankment': 0, 'embkt': 0, 'Relief': 0, 'Erosion': 0, 'SDRF': 0, 'Inundation': 0, 'Hydrology': 0, 'Silt': 0, 'Siltation': 0, 'Bund': 0, 'Trench': 0, 'Breach': 0, 'Culvert': 0, 'Sluice': 0, 'Dyke': 0, 'Storm water drain': 0, 'Emergency': 0, 'Immediate': 0, 'IM': 0, 'AE': 0, 'A E': 0, 'AAPDA MITRA': 0, 'flood': 0, 'Bridge': 0, 'River': 2, 'Drain': 0, 'Restoration': 0, 'Protection': 0, 'irr': 0, 'irrigation': 0, 'dam': 0, 'Nallah': 0, 'Retrofitting': 0, 'Pond': 0, 'Pokhari': 0, 'D/C': 0, 'Recharge shaft': 0, 'LFB': 0, 'RFB': 0}","{'Floodlight': 0, 'Flood Light': 0, 'GAS': 0, 'FIFA': 0, 'pipe': 0, 'pipes': 0, 'covid': 0, 'supply': 0, 'Beautification': 0, 'Installation': 0}",Post-Monsoon,,False,False,Others,
2019_UPRNS_412222_1,969/NIVIDA/UPRNSS/GKP/2019-20 DATED 09.12.19,CONSTRUCTION OF 5000 MT GODOWN MANDI SAMITI BASTI AT DISTRICT BASTI,5000 MT GODOWN OFFICE BUILDING BITUMEN ROAD DRAIN BOUNDARY WALL GATE AND HAND PUMP,Works,Open Tender,Percentage,Civil Works - Buildings,No,No,NA ,11-Dec-2019 09:00 AM,09-Jan-2020 03:47 PM,11-Dec-2019 09:00 AM ,15.0,No ,No,Offline,27-Dec-2019 12:00 PM,Uttar Pradesh Rajya Nirman Sahkari Sangh Limited,GODOWN MANDI SAMITI BASTI AT DISTRICT BASTI,272001.0,2.0,"4,20,71,000",M/S SHRI PRAKASH SHUKLA,"42,049,964.5",Rejected-Technical,10-Jan-2020,Uttar Pradesh Rajya Nirman Sahkari Sangh Limited,True,"{'Flood': 0, 'Embankment': 0, 'embkt': 0, 'Relief': 0, 'Erosion': 0, 'SDRF': 0, 'Inundation': 0, 'Hydrology': 0, 'Silt': 0, 'Siltation': 0, 'Bund': 0, 'Trench': 0, 'Breach': 0, 'Culvert': 0, 'Sluice': 0, 'Dyke': 0, 'Storm water drain': 0, 'Emergency': 0, 'Immediate': 0, 'IM': 0, 'AE': 0, 'A E': 0, 'AAPDA MITRA': 0, 'flood': 0, 'Bridge': 0, 'River': 0, 'Drain': 1, 'Restoration': 0, 'Protection': 0, 'irr': 0, 'irrigation': 0, 'dam': 0, 'Nallah': 0, 'Retrofitting': 0, 'Pond': 0, 'Pokhari': 0, 'D/C': 0, 'Recharge shaft': 0, 'LFB': 0, 'RFB': 0}","{'Floodlight': 0, 'Flood Light': 0, 'GAS': 0, 'FIFA': 0, 'pipe': 0, 'pipes': 0, 'covid': 0, 'supply': 0, 'Beautification': 0, 'Installation': 0}",Post-Monsoon,,False,True,Repair and Restoration,"{'Construction': 1, 'Drain': 1}"
2019_UPRNS_412259_1,964/NIVIDA/UPRNSS/GKP/2019-20 DATED 09.12.19,CONSTRUCTION OF 5000 MT GODOWN MANDI SAMITI PARTAWAL AT DISTRICT MAHARAJGANJ,5000 MT GODOWN OFFICE BUILDING BITUMEN ROAD DRAIN BOUNDARY WALL GATE AND HAND PUMP,Works,Open Tender,Percentage,Civil Works - Buildings,No,No,NA ,11-Dec-2019 09:00 AM,,11-Dec-2019 09:00 AM ,15.0,No ,No,Offline,27-Dec-2019 12:00 PM,Uttar Pradesh Rajya Nirman Sahkari Sangh Limited,MANDI SAMITI PARTAWAL AT DISTRICT MAHARAJGANJ,273301.0,2.0,"4,25,27,000",M/S MAA VAISHNO CONSTRUCTION,"42,484,473",Rejected-Finance,10-Jan-2020,Uttar Pradesh Rajya Nirman Sahkari Sangh Limited,True,"{'Flood': 0, 'Embankment': 0, 'embkt': 0, 'Relief': 0, 'Erosion': 0, 'SDRF': 0, 'Inundation': 0, 'Hydrology': 0, 'Silt': 0, 'Siltation': 0, 'Bund': 0, 'Trench': 0, 'Breach': 0, 'Culvert': 0, 'Sluice': 0, 'Dyke': 0, 'Storm water drain': 0, 'Emergency': 0, 'Immediate': 0, 'IM': 0, 'AE': 0, 'A E': 0, 'AAPDA MITRA': 0, 'flood': 0, 'Bridge': 0, 'River': 0, 'Drain': 1, 'Restoration': 0, 'Protection': 0, 'irr': 0, 'irrigation': 0, 'dam': 0, 'Nallah': 0, 'Retrofitting': 0, 'Pond': 0, 'Pokhari': 0, 'D/C': 0, 'Recharge shaft': 0, 'LFB': 0, 'RFB': 0}","{'Floodlight': 0, 'Flood Light': 0, 'GAS': 0, 'FIFA': 0, 'pipe': 0, 'pipes': 0, 'covid': 0, 'supply': 0, 'Beautification': 0, 'Installation': 0}",Post-Monsoon,,False,True,Repair and Restoration,"{'Construction': 1, 'Drain': 1}"
2019_UPRNS_412273_1,970/NIVIDA/UPRNSS/GKP/2019-20 DATED 09.12.19,CONSTRUCTION OF 5000 MT GODOWN MANDI SAMITI RUDHAULI AT DISTRICT BASTI,5000 MT GODOWN OFFICE BUILDING BITUMEN ROAD DRAIN BOUNDARY WALL AND HAND PUMP,Works,Open Tender,Percentage,Civil Works - Buildings,No,No,NA ,11-Dec-2019 09:00 AM,,11-Dec-2019 09:00 AM ,15.0,No ,No,Offline,27-Dec-2019 12:00 PM,Uttar Pradesh Rajya Nirman Sahkari Sangh Limited,MANDI SAMITI RUDHAULI AT DISTRICT BASTI,272151.0,2.0,"3,62,34,000",M/s Kalhans Traders,"36,234,000",Accepted-AOC,10-Jan-2020,Uttar Pradesh Rajya Nirman Sahkari Sangh Limited,True,"{'Flood': 0, 'Embankment': 0, 'embkt': 0, 'Relief': 0, 'Erosion': 0, 'SDRF': 0, 'Inundation': 0, 'Hydrology': 0, 'Silt': 0, 'Siltation': 0, 'Bund': 0, 'Trench': 0, 'Breach': 0, 'Culvert': 0, 'Sluice': 0, 'Dyke': 0, 'Storm water drain': 0, 'Emergency': 0, 'Immediate': 0, 'IM': 0, 'AE': 0, 'A E': 0, 'AAPDA MITRA': 0, 'flood': 0, 'Bridge': 0, 'River': 0, 'Drain': 1, 'Restoration': 0, 'Protection': 0, 'irr': 0, 'irrigation': 0, 'dam': 0, 'Nallah': 0, 'Retrofitting': 0, 'Pond': 0, 'Pokhari': 0, 'D/C': 0, 'Recharge shaft': 0, 'LFB': 0, 'RFB': 0}","{'Floodlight': 0, 'Flood Light': 0, 'GAS': 0, 'FIFA': 0, 'pipe': 0, 'pipes': 0, 'covid': 0, 'supply': 0, 'Beautification': 0, 'Installation': 0}",Post-Monsoon,,False,True,Repair and Restoration,"{'Construction': 1, 'Drain': 1}"
2019_UPRNS_412288_1,965/NIVIDA/UPRNSS/GKP/2019-20 DATED 09.12.19,CONSTRUCTION OF 5000 MT GODOWN MANDI SAMITI SAHIYAPUR AT DISTRICT SIDDHARTHNAGAR,5000 MT GODOWN OFFICE BUILDING BITUMEN ROAD DRAIN BOUNDARY WALL GATE AND HAND PUMP,Works,Open Tender,Percentage,Civil Works - Buildings,No,No,NA ,11-Dec-2019 09:00 AM,,11-Dec-2019 09:00 AM ,15.0,No ,No,Offline,04-Jan-2020 12:00 PM,Uttar Pradesh Rajya Nirman Sahkari Sangh Limited,MANDI SAMITI SAHIYAPUR AT DISTRICT SIDDHARTHNAGAR,272153.0,2.0,"4,51,40,000",M/S V.S.ENTERPRISES,"45,121,944",Rejected-Finance,10-Jan-2020,Uttar Pradesh Rajya Nirman Sahkari Sangh Limited,True,"{'Flood': 0, 'Embankment': 0, 'embkt': 0, 'Relief': 0, 'Erosion': 0, 'SDRF': 0, 'Inundation': 0, 'Hydrology': 0, 'Silt': 0, 'Siltation': 0, 'Bund': 0, 'Trench': 0, 'Breach': 0, 'Culvert': 0, 'Sluice': 0, 'Dyke': 0, 'Storm water drain': 0, 'Emergency': 0, 'Immediate': 0, 'IM': 0, 'AE': 0, 'A E': 0, 'AAPDA MITRA': 0, 'flood': 0, 'Bridge': 0, 'River': 0, 'Drain': 1, 'Restoration': 0, 'Protection': 0, 'irr': 0, 'irrigation': 0, 'dam': 0, 'Nallah': 0, 'Retrofitting': 0, 'Pond': 0, 'Pokhari': 0, 'D/C': 0, 'Recharge shaft': 0, 'LFB': 0, 'RFB': 0}","{'Floodlight': 0, 'Flood Light': 0, 'GAS': 0, 'FIFA': 0, 'pipe': 0, 'pipes': 0, 'covid': 0, 'supply': 0, 'Beautification': 0, 'Installation': 0}",Post-Monsoon,,False,True,Repair and Restoration,"{'Construction': 1, 'Drain': 1}"
2019_YEIDA_391060_8,YEA/OSD(M)/2019/459 DT-10/10/2019,Development work (interlocking tile and drain) work in village Kanpur,Development work (interlocking tile and drain) work in village Kanpur,Works,Open Tender,Fixed-rate,Electrical Works,No,No,NA ,14-Oct-2019 06:00 PM,,NA ,90.0,No ,No,Offline,31-Oct-2019 11:00 AM,Yamuna Expressway Industrial Development Authority,YAMUNA EXPRESSWAY INDUSTRIAL DEVELOPMENT AUTHORITY,201308.0,2.0,"1,33,34,514",Hans Construction Co.,"10,907,632.41",Accepted-AOC,20-Jan-2020,Yamuna Expressway Industrial Development Authority,True,"{'Flood': 0, 'Embankment': 0, 'embkt': 0, 'Relief': 0, 'Erosion': 0, 'SDRF': 0, 'Inundation': 0, 'Hydrology': 0, 'Silt': 0, 'Siltation': 0, 'Bund': 0, 'Trench': 0, 'Breach': 0, 'Culvert': 0, 'Sluice': 0, 'Dyke': 0, 'Storm water drain': 0, 'Emergency': 0, 'Immediate': 0, 'IM': 0, 'AE': 0, 'A E': 0, 'AAPDA MITRA': 0, 'flood': 0, 'Bridge': 0, 'River': 0, 'Drain': 2, 'Restoration': 0, 'Protection': 0, 'irr': 0, 'irrigation': 0, 'dam': 0, 'Nallah': 0, 'Retrofitting': 0, 'Pond': 0, 'Pokhari': 0, 'D/C': 0, 'Recharge shaft': 0, 'LFB': 0, 'RFB': 0}","{'Floodlight': 0, 'Flood Light': 0, 'GAS': 0, 'FIFA': 0, 'pipe': 0, 'pipes': 0, 'covid': 0, 'supply': 0, 'Beautification': 0, 'Installation': 0}",Post-Monsoon,,False,True,Repair and Restoration,{'Drain': 2}
2019_YEIDA_405375_14,YEA/GM(PROJECT)/2019/345 DT-14/11/2019,"C/o rcc drain from j.s farm house to pond and pond to kallu bhagat ji house in village kallupur,yea","C/o rcc drain from j.s farm house to pond and pond to kallu bhagat ji house in village kallupur,yea",Works,Open Tender,Fixed-rate,Civil Works,No,No,NA ,21-Nov-2025 05:22 PM,,NA ,90.0,No ,No,Offline,03-Dec-2019 11:00 AM,Yamuna Expressway Industrial Development Authority,YAMUNA EXPRESSWAY INDUSTRIAL DEVELOPMENT AUTHORITY,201308.0,2.0,"1,65,21,155",M/s PULKIT KUMAR BUILDERS,"13,162,404.35",Rejected-Technical,20-Jan-2020,Yamuna Expressway Industrial Development Authority,True,"{'Flood': 0, 'Embankment': 0, 'embkt': 0, 'Relief': 0, 'Erosion': 0, 'SDRF': 0, 'Inundation': 0, 'Hydrology': 0, 'Silt': 0, 'Siltation': 0, 'Bund': 0, 'Trench': 0, 'Breach': 0, 'Culvert': 0, 'Sluice': 0, 'Dyke': 0, 'Storm water drain': 0, 'Emergency': 0, 'Immediate': 0, 'IM': 0, 'AE': 0, 'A E': 0, 'AAPDA MITRA': 0, 'flood': 0, 'Bridge': 0, 'River': 0, 'Drain': 2, 'Restoration': 0, 'Protection': 0, 'irr': 0, 'irrigation': 0, 'dam': 0, 'Nallah': 0, 'Retrofitting': 0, 'Pond': 4, 'Pokhari': 0, 'D/C': 0, 'Recharge shaft': 0, 'LFB': 0, 'RFB': 0}","{'Floodlight': 0, 'Flood Light': 0, 'GAS': 0, 'FIFA': 0, 'pipe': 0, 'pipes': 0, 'covid': 0, 'supply': 0, 'Beautification': 0, 'Installation': 0}",Post-Monsoon,,False,True,Repair and Restoration,{'Drain': 2}
2020_CEUCZ_418817_1,3866/E-tender/2019-20 Dt. 26-12-2019,Restoration of Rasulpur Sadat road to Goyala road.,Restoration of Rasulpur Sadat road to Goyala road.,Works,Open Tender,Percentage,Civil Works - Roads,No,No,NA ,02-Jan-2020 09:00 AM,,03-Jan-2020 12:00 PM ,90.0,No ,No,Online,14-Jan-2020 12:30 PM,"Chief Engineer PWD Central Zone,Lucknow||S.E. UPPWD Lucknow||Construction Division-1, Lucknow",LUCKNOW,226001.0,2.0,"33,50,000",OMENDRA KUMAR SINGH,"2,430,223.72",Rejected-Finance,28-Jan-2020,"Chief Engineer PWD Central Zone,Lucknow||S.E. UPPWD Lucknow||Construction Division-1, Lucknow",True,"{'Flood': 0, 'Embankment': 0, 'embkt': 0, 'Relief': 0, 'Erosion': 0, 'SDRF': 0, 'Inundation': 0, 'Hydrology': 0, 'Silt': 0, 'Siltation': 0, 'Bund': 0, 'Trench': 0, 'Breach': 0, 'Culvert': 0, 'Sluice': 0, 'Dyke': 0, 'Storm water drain': 0, 'Emergency': 0, 'Immediate': 0, 'IM': 0, 'AE': 0, 'A E': 0, 'AAPDA MITRA': 0, 'flood': 0, 'Bridge': 0, 'River': 0, 'Drain': 0, 'Restoration': 2, 'Protection': 0, 'irr': 0, 'irrigation': 0, 'dam': 0, 'Nallah': 0, 'Retrofitting': 0, 'Pond': 0, 'Pokhari': 0, 'D/C': 0, 'Recharge shaft': 0, 'LFB': 0, 'RFB': 0}","{'Floodlight': 0, 'Flood Light': 0, 'GAS': 0, 'FIFA': 0, 'pipe': 0, 'pipes': 0, 'covid': 0, 'supply': 0, 'Beautification': 0, 'Installation': 0}",Post-Monsoon,,False,True,Repair and Restoration,{'restoration': 2}
2020_DOLBU_421571_1,NPR-03/2019-20 DATED 08/01/2020,GOPAL BAG TALAB KI SILT SAFAI EVAM ANSHIK BAUNDRIWAL KA KARY,GOPAL BAG TALAB KI SILT SAFAI EVAM ANSHIK BAUNDRIWAL KA KARY,Works,Open Tender,Item Wise,Construction Works,No,No,NA ,10-Jan-2020 04:15 PM,,NA ,30.0,No ,No,Offline,18-Jan-2020 04:00 PM,Directorate of Local Bodies UP||Nagar Panchayat Raya Mathura,NP RAYA MATHURA,281204.0,2.0,"20,00,000",POWER QUIZ AND SUPPLIERS,"1,998,869.77",Rejected-Finance,23-Jan-2020,Directorate of Local Bodies UP||Nagar Panchayat Raya Mathura,True,"{'Flood': 0, 'Embankment': 0, 'embkt': 0, 'Relief': 0, 'Erosion': 0, 'SDRF': 0, 'Inundation': 0, 'Hydrology': 0, 'Silt': 2, 'Siltation': 0, 'Bund': 0, 'Trench': 0, 'Breach': 0, 'Culvert': 0, 'Sluice': 0, 'Dyke': 0, 'Storm water drain': 0, 'Emergency': 0, 'Immediate': 0, 'IM': 0, 'AE': 0, 'A E': 0, 'AAPDA MITRA': 0, 'flood': 0, 'Bridge': 0, 'River': 0, 'Drain': 0, 'Restoration': 0, 'Protection': 0, 'irr': 0, 'irrigation': 0, 'dam': 0, 'Nallah': 0, 'Retrofitting': 0, 'Pond': 0, 'Pokhari': 0, 'D/C': 0, 'Recharge shaft': 0, 'LFB': 0, 'RFB': 0}","{'Floodlight': 0, 'Flood Light': 0, 'GAS': 0, 'FIFA': 0, 'pipe': 0, 'pipes': 0, 'covid': 0, 'supply': 0, 'Beautification': 0, 'Installation': 0}",Post-Monsoon,,False,True,Others,
2020_GORDA_422024_1,11/etender/gda/09012020,Work of CC road from railway bridge to Dharamshala and railway bridge to Government Polytechnic except under Dharamshala Railway Bridge.,As per tender document.,Works,Open Limited,Fixed-rate,Civil Works,No,No,NA ,10-Jan-2020 09:00 AM,,NA ,90.0,No ,No,Online,18-Jan-2020 03:30 PM,Gorakhpur Development Authority,"Dharmashala, Gorakhpur",273001.0,2.0,"45,29,250",RAHUL CONSTRUCTION,"5,105,257.36",Rejected-Finance,21-Jan-2020,Gorakhpur Development Authority,True,"{'Flood': 0, 'Embankment': 0, 'embkt': 0, 'Relief': 0, 'Erosion': 0, 'SDRF': 0, 'Inundation': 0, 'Hydrology': 0, 'Silt': 0, 'Siltation': 0, 'Bund': 0, 'Trench': 0, 'Breach': 0, 'Culvert': 0, 'Sluice': 0, 'Dyke': 0, 'Storm water drain': 0, 'Emergency': 0, 'Immediate': 0, 'IM': 0, 'AE': 0, 'A E': 0, 'AAPDA MITRA': 0, 'flood': 0, 'Bridge': 3, 'River': 0, 'Drain': 0, 'Restoration': 0, 'Protection': 0, 'irr': 0, 'irrigation': 0, 'dam': 0, 'Nallah': 0, 'Retrofitting': 0, 'Pond': 0, 'Pokhari': 0, 'D/C': 0, 'Recharge shaft': 0, 'LFB': 0, 'RFB': 0}","{'Floodlight': 0, 'Flood Light': 0, 'GAS': 0, 'FIFA': 0, 'pipe': 0, 'pipes': 0, 'covid': 0, 'supply': 0, 'Beautification': 0, 'Installation': 0}",Post-Monsoon,,False,True,Repair and Restoration,{'Bridge': 3}
2020_SCIDC_425393_1,49/74/MLA/Agra Cant./Agra,FOR A. Construction of Painting Road And Drain from House no. 63 to Dr. D.B. Sharma House at Commandar Colony. B. Construction of Painting Road And Drain from House no. 45 to Suresh Chand Gupta House at Commandar Colony.,FOR A. Construction of Painting Road And Drain from House no. 63 to Dr. D.B. Sharma House at Commandar Colony. B. Construction of Painting Road And Drain from House no. 45 to Suresh Chand Gupta House at Commandar Colony.,Works,Open Tender,Percentage,Civil Works - Others,No,No,NA ,18-Jan-2020 04:00 PM,,NA ,105.0,No ,No,Offline,25-Jan-2020 01:00 PM,U.P. State Construction and Infrastructure Development Corporation Ltd.||Unit Agra,sikandra Agra,282007.0,2.0,"11,71,000",OM CONSTRUCTION,"1,171,028.28",Rejected-AOC,05-Feb-2020,U.P. State Construction and Infrastructure Development Corporation Ltd.||Unit Agra,True,"{'Flood': 0, 'Embankment': 0, 'embkt': 0, 'Relief': 0, 'Erosion': 0, 'SDRF': 0, 'Inundation': 0, 'Hydrology': 0, 'Silt': 0, 'Siltation': 0, 'Bund': 0, 'Trench': 0, 'Breach': 0, 'Culvert': 0, 'Sluice': 0, 'Dyke': 0, 'Storm water drain': 0, 'Emergency': 0, 'Immediate': 0, 'IM': 0, 'AE': 0, 'A E': 0, 'AAPDA MITRA': 0, 'flood': 0, 'Bridge': 0, 'River': 0, 'Drain': 4, 'Restoration': 0, 'Protection': 0, 'irr': 0, 'irrigation': 0, 'dam': 0, 'Nallah': 0, 'Retrofitting': 0, 'Pond': 0, 'Pokhari': 0, 'D/C': 0, 'Recharge shaft': 0, 'LFB': 0, 'RFB': 0}","{'Floodlight': 0, 'Flood Light': 0, 'GAS': 0, 'FIFA': 0, 'pipe': 0, 'pipes': 0, 'covid': 0, 'supply': 0, 'Beautification': 0, 'Installation': 0}",Post-Monsoon,,False,True,Repair and Restoration,"{'Construction': 4, 'Drain': 4}"
2020_SCIDC_425398_1,50/74/MLA/Agra Cant./Agra,FOR Construction of Painting Road And Drain from House no. 60 to Jasbindar House to Colony Main Gate at Commandar Colony.,FOR Construction of Painting Road And Drain from House no. 60 to Jasbindar House to Colony Main Gate at Commandar Colony.,Works,Open Tender,Percentage,Civil Works - Roads,No,No,NA ,18-Jan-2020 05:00 PM,,NA ,105.0,No ,No,Offline,25-Jan-2020 01:00 PM,U.P. State Construction and Infrastructure Development Corporation Ltd.||Unit Agra,Sikandra Agra,282007.0,2.0,"12,34,000",OM CONSTRUCTION,"1,233,509.77",Rejected-AOC,05-Feb-2020,U.P. State Construction and Infrastructure Development Corporation Ltd.||Unit Agra,True,"{'Flood': 0, 'Embankment': 0, 'embkt': 0, 'Relief': 0, 'Erosion': 0, 'SDRF': 0, 'Inundation': 0, 'Hydrology': 0, 'Silt': 0, 'Siltation': 0, 'Bund': 0, 'Trench': 0, 'Breach': 0, 'Culvert': 0, 'Sluice': 0, 'Dyke': 0, 'Storm water drain': 0, 'Emergency': 0, 'Immediate': 0, 'IM': 0, 'AE': 0, 'A E': 0, 'AAPDA MITRA': 0, 'flood': 0, 'Bridge': 0, 'River': 0, 'Drain': 2, 'Restoration': 0, 'Protection': 0, 'irr': 0, 'irrigation': 0, 'dam': 0, 'Nallah': 0, 'Retrofitting': 0, 'Pond': 0, 'Pokhari': 0, 'D/C': 0, 'Recharge shaft': 0, 'LFB': 0, 'RFB': 0}","{'Floodlight': 0, 'Flood Light': 0, 'GAS': 0, 'FIFA': 0, 'pipe': 0, 'pipes': 0, 'covid': 0, 'supply': 0, 'Beautification': 0, 'Installation': 0}",Post-Monsoon,,False,True,Repair and Restoration,"{'Construction': 2, 'Drain': 2}"
2020_SCIDC_425404_1,51/74/MLA/Agra Cant./Agra,FOR Construction of Painting Road And Drain from House no. 16 to Jagdish Singh House at Commandar Colony.,FOR Construction of Painting Road And Drain from House no. 16 to Jagdish Singh House at Commandar Colony.,Works,Open Tender,Percentage,Civil Works - Roads,No,No,NA ,18-Jan-2020 05:00 PM,,NA ,120.0,No ,No,Offline,25-Jan-2020 01:00 PM,U.P. State Construction and Infrastructure Development Corporation Ltd.||Unit Agra,Sikandra Agra,282007.0,2.0,"16,23,000",OM CONSTRUCTION,"1,622,925.58",Rejected-AOC,05-Feb-2020,U.P. State Construction and Infrastructure Development Corporation Ltd.||Unit Agra,True,"{'Flood': 0, 'Embankment': 0, 'embkt': 0, 'Relief': 0, 'Erosion': 0, 'SDRF': 0, 'Inundation': 0, 'Hydrology': 0, 'Silt': 0, 'Siltation': 0, 'Bund': 0, 'Trench': 0, 'Breach': 0, 'Culvert': 0, 'Sluice': 0, 'Dyke': 0, 'Storm water drain': 0, 'Emergency': 0, 'Immediate': 0, 'IM': 0, 'AE': 0, 'A E': 0, 'AAPDA MITRA': 0, 'flood': 0, 'Bridge': 0, 'River': 0, 'Drain': 2, 'Restoration': 0, 'Protection': 0, 'irr': 0, 'irrigation': 0, 'dam': 0, 'Nallah': 0, 'Retrofitting': 0, 'Pond': 0, 'Pokhari': 0, 'D/C': 0, 'Recharge shaft': 0, 'LFB': 0, 'RFB': 0}","{'Floodlight': 0, 'Flood Light': 0, 'GAS': 0, 'FIFA': 0, 'pipe': 0, 'pipes': 0, 'covid': 0, 'supply': 0, 'Beautification': 0, 'Installation': 0}",Post-Monsoon,,False,True,Repair and Restoration,"{'Construction': 2, 'Drain': 2}"
2020_SCIDC_425411_1,52/74/MLA/Agra Cant./Agra,FOR Construction of Interlocking Road And Drain from House of Pratap Singh to Chandrabhan House and House of Satish Kumar to Harivilash Lawaniyan House at Gopal Pura Gwalior Road.,FOR Construction of Interlocking Road And Drain from House of Pratap Singh to Chandrabhan House and House of Satish Kumar to Harivilash Lawaniyan House at Gopal Pura Gwalior Road.,Works,Open Tender,Percentage,Civil Works - Roads,No,No,NA ,18-Jan-2020 05:00 PM,,NA ,105.0,No ,No,Offline,25-Jan-2020 01:00 PM,U.P. State Construction and Infrastructure Development Corporation Ltd.||Unit Agra,Sikandra AGRA,282007.0,2.0,"10,12,000",OM CONSTRUCTION,"1,011,884.65",Rejected-AOC,05-Feb-2020,U.P. State Construction and Infrastructure Development Corporation Ltd.||Unit Agra,True,"{'Flood': 0, 'Embankment': 0, 'embkt': 0, 'Relief': 0, 'Erosion': 0, 'SDRF': 0, 'Inundation': 0, 'Hydrology': 0, 'Silt': 0, 'Siltation': 0, 'Bund': 0, 'Trench': 0, 'Breach': 0, 'Culvert': 0, 'Sluice': 0, 'Dyke': 0, 'Storm water drain': 0, 'Emergency': 0, 'Immediate': 0, 'IM': 0, 'AE': 0, 'A E': 0, 'AAPDA MITRA': 0, 'flood': 0, 'Bridge': 0, 'River': 0, 'Drain': 2, 'Restoration': 0, 'Protection': 0, 'irr': 0, 'irrigation': 0, 'dam': 0, 'Nallah': 0, 'Retrofitting': 0, 'Pond': 0, 'Pokhari': 0, 'D/C': 0, 'Recharge shaft': 0, 'LFB': 0, 'RFB': 0}","{'Floodlight': 0, 'Flood Light': 0, 'GAS': 0, 'FIFA': 0, 'pipe': 0, 'pipes': 0, 'covid': 0, 'supply': 0, 'Beautification': 0, 'Installation': 0}",Post-Monsoon,,False,True,Repair and Restoration,"{'Construction': 2, 'Drain': 2}"
2020_SCIDC_425414_1,53/74/MLA/Agra Cant./Agra,A. Construction of Interlocking Road And Drain from House of Dilip to Ratan Singh Gao wale House at Nagla Tekchand Devri Road. B. Construction of Interlocking from House of Vijay Singh to Rajveer House at Kotli Bagichi Devri Road. C. Construction of,A. Construction of Interlocking Road And Drain from House of Dilip to Ratan Singh Gao wale House at Nagla Tekchand Devri Road. B. Construction of Interlocking from House of Vijay Singh to Rajveer House at Kotli Bagichi Devri Road. C. Construction of,Works,Open Tender,Percentage,Civil Works - Roads,No,No,NA ,18-Jan-2020 05:00 PM,,NA ,105.0,No ,No,Offline,25-Jan-2020 01:00 PM,U.P. State Construction and Infrastructure Development Corporation Ltd.||Unit Agra,Sikandra Agra,282007.0,2.0,"14,72,000",RAGHAV CONSTRUCTION,"1,472,493.49",Rejected-AOC,05-Feb-2020,U.P. State Construction and Infrastructure Development Corporation Ltd.||Unit Agra,True,"{'Flood': 0, 'Embankment': 0, 'embkt': 0, 'Relief': 0, 'Erosion': 0, 'SDRF': 0, 'Inundation': 0, 'Hydrology': 0, 'Silt': 0, 'Siltation': 0, 'Bund': 0, 'Trench': 0, 'Breach': 0, 'Culvert': 0, 'Sluice': 0, 'Dyke': 0, 'Storm water drain': 0, 'Emergency': 0, 'Immediate': 0, 'IM': 0, 'AE': 0, 'A E': 0, 'AAPDA MITRA': 0, 'flood': 0, 'Bridge': 0, 'River': 0, 'Drain': 2, 'Restoration': 0, 'Protection': 0, 'irr': 0, 'irrigation': 0, 'dam': 0, 'Nallah': 0, 'Retrofitting': 0, 'Pond': 0, 'Pokhari': 0, 'D/C': 0, 'Recharge shaft': 0, 'LFB': 0, 'RFB': 0}","{'Floodlight': 0, 'Flood Light': 0, 'GAS': 0, 'FIFA': 0, 'pipe': 0, 'pipes': 0, 'covid': 0, 'supply': 0, 'Beautification': 0, 'Installation': 0}",Post-Monsoon,,False,True,Repair and Restoration,"{'Construction': 6, 'Drain': 2}"
2020_SCIDC_425437_1,56/75/MLA/Agra Cant./Agra,"FOR Construction of Interlocking Road And Drain From Main road to The Road Leading to Mahatma Gandhi Statue and In Eagle Furniture Wali Gali at Ravali, M.G. Road.","FOR Construction of Interlocking Road And Drain From Main road to The Road Leading to Mahatma Gandhi Statue and In Eagle Furniture Wali Gali at Ravali, M.G. Road.",Works,Open Tender,Percentage,Civil Works - Roads,No,No,NA ,18-Jan-2020 06:00 PM,,NA ,105.0,No ,No,Offline,25-Jan-2020 01:00 PM,U.P. State Construction and Infrastructure Development Corporation Ltd.||Unit Agra,sikandra Agra,282007.0,2.0,"9,71,000",RAGHAV CONSTRUCTION,"970,581.56",Rejected-AOC,06-Feb-2020,U.P. State Construction and Infrastructure Development Corporation Ltd.||Unit Agra,True,"{'Flood': 0, 'Embankment': 0, 'embkt': 0, 'Relief': 0, 'Erosion': 0, 'SDRF': 0, 'Inundation': 0, 'Hydrology': 0, 'Silt': 0, 'Siltation': 0, 'Bund': 0, 'Trench': 0, 'Breach': 0, 'Culvert': 0, 'Sluice': 0, 'Dyke': 0, 'Storm water drain': 0, 'Emergency': 0, 'Immediate': 0, 'IM': 0, 'AE': 0, 'A E': 0, 'AAPDA MITRA': 0, 'flood': 0, 'Bridge': 0, 'River': 0, 'Drain': 2, 'Restoration': 0, 'Protection': 0, 'irr': 0, 'irrigation': 0, 'dam': 0, 'Nallah': 0, 'Retrofitting': 0, 'Pond': 0, 'Pokhari': 0, 'D/C': 0, 'Recharge shaft': 0, 'LFB': 0, 'RFB': 0}","{'Floodlight': 0, 'Flood Light': 0, 'GAS': 0, 'FIFA': 0, 'pipe': 0, 'pipes': 0, 'covid': 0, 'supply': 0, 'Beautification': 0, 'Installation': 0}",Post-Monsoon,,False,True,Repair and Restoration,"{'Construction': 2, 'Drain': 2}"
