Tender ID,tender_externalreference,tender_title,Work Description,Tender Category,Tender Type,Form of contract,Product Category,Is Multi Currency Allowed For BOQ,Allow Two Stage Bidding,Independent External Monitor/Remarks,Published Date,Pre Bid Meeting Date,Bid Validity(Days),Should Allow NDA Tender,Allow Preferential Bidder,Payment Mode,Bid Opening Date,Organisation Chain,location,Pincode,No of Bids Received,Tender Value in ₹,Bidder Name,Awarded Value,Status,Contract Date,Department,is_flood_tender,positive_keywords_dict,negative_keywords_dict,Season,Scheme,Erosion,Roads_Bridges_Embkt,Response Type,Flood Response - Subhead
2023_UPIDC_858874_1,06/EE/RCD/2023-24,MINOR VEERPUR KE KM. 0.00 SE 08.840 TAK SILT SAFAI KA KARYA.,,,,,,,,,,,,,,,,"U P Irrigation Department (Civil)||Chief Engineer-Sharda, Lucknow||V Circle Irrigation Works, Bareilly||RCD, bareilly",,,,,,"175,744.6",,2024-10-23,"U P Irrigation Department (Civil)||Chief Engineer-Sharda, Lucknow||V Circle Irrigation Works, Bareilly||RCD, bareilly",True,"{'Flood': 0, 'Embankment': 0, 'embkt': 0, 'Relief': 0, 'Erosion': 0, 'SDRF': 0, 'Inundation': 0, 'Hydrology': 0, 'Silt': 1, 'Siltation': 0, 'Bund': 0, 'Trench': 0, 'Breach': 0, 'Culvert': 0, 'Sluice': 0, 'Dyke': 0, 'Storm water drain': 0, 'Emergency': 0, 'Immediate': 0, 'IM': 0, 'AE': 0, 'A E': 0, 'AAPDA MITRA': 0, 'Bridge': 0, 'River': 0, 'Drain': 0, 'Restoration': 0, 'Protection': 0, 'irr': 0, 'irrigation': 0, 'dam': 0, 'Nallah': 0, 'Retrofitting': 0, 'Pond': 0, 'Pokhari': 0, 'D/C': 0, 'Recharge shaft': 0, 'LFB': 0, 'RFB': 0}","{'Floodlight': 0, 'Flood Light': 0, 'GAS': 0, 'FIFA': 0, 'pipe': 0, 'pipes': 0, 'covid': 0, 'supply': 0, 'Beautification': 0, 'Installation': 0}",Post-Monsoon,,False,True,Others,
2023_UPIDC_858874_1,06/EE/RCD/2023-24,MINOR VEERPUR KE KM. 0.00 SE 08.840 TAK SILT SAFAI KA KARYA.,,,,,,,,,,,,,,,,"U P Irrigation Department (Civil)||Chief Engineer-Sharda, Lucknow||V Circle Irrigation Works, Bareilly||RCD, bareilly",,,,,,"175,744.6",,2024-10-23,"U P Irrigation Department (Civil)||Chief Engineer-Sharda, Lucknow||V Circle Irrigation Works, Bareilly||RCD, bareilly",True,"{'Flood': 0, 'Embankment': 0, 'embkt': 0, 'Relief': 0, 'Erosion': 0, 'SDRF': 0, 'Inundation': 0, 'Hydrology': 0, 'Silt': 1, 'Siltation': 0, 'Bund': 0, 'Trench': 0, 'Breach': 0, 'Culvert': 0, 'Sluice': 0, 'Dyke': 0, 'Storm water drain': 0, 'Emergency': 0, 'Immediate': 0, 'IM': 0, 'AE': 0, 'A E': 0, 'AAPDA MITRA': 0, 'Bridge': 0, 'River': 0, 'Drain': 0, 'Restoration': 0, 'Protection': 0, 'irr': 0, 'irrigation': 0, 'dam': 0, 'Nallah': 0, 'Retrofitting': 0, 'Pond': 0, 'Pokhari': 0, 'D/C': 0, 'Recharge shaft': 0, 'LFB': 0, 'RFB': 0}","{'Floodlight': 0, 'Flood Light': 0, 'GAS': 0, 'FIFA': 0, 'pipe': 0, 'pipes': 0, 'covid': 0, 'supply': 0, 'Beautification': 0, 'Installation': 0}",Post-Monsoon,,False,True,Others,
2024_UPRNS_950568_2,142/UPRNSS/E-TENDER/2024-25 DATE 22-08-2024,"CONSTRUCTION OF C.C. ROAD, DRAIN AND REPAIR OF DRAIN AT AUTONOMOUS STATE MEDICAL COLLEGE IN DISTT-SHAHJAHANPUR(U.P.)",,,,,,,,,,,,,,,,Uttar Pradesh Rajya Nirman Sahkari Sangh Limited||EE / PE Lucknow II,,,,,,"12,848,107.89",,2024-10-14,Uttar Pradesh Rajya Nirman Sahkari Sangh Limited||EE / PE Lucknow II,True,"{'Flood': 0, 'Embankment': 0, 'embkt': 0, 'Relief': 0, 'Erosion': 0, 'SDRF': 0, 'Inundation': 0, 'Hydrology': 0, 'Silt': 0, 'Siltation': 0, 'Bund': 0, 'Trench': 0, 'Breach': 0, 'Culvert': 0, 'Sluice': 0, 'Dyke': 0, 'Storm water drain': 0, 'Emergency': 0, 'Immediate': 0, 'IM': 0, 'AE': 0, 'A E': 0, 'AAPDA MITRA': 0, 'Bridge': 0, 'River': 0, 'Drain': 2, 'Restoration': 0, 'Protection': 0, 'irr': 0, 'irrigation': 0, 'dam': 0, 'Nallah': 0, 'Retrofitting': 0, 'Pond': 0, 'Pokhari': 0, 'D/C': 0, 'Recharge shaft': 0, 'LFB': 0, 'RFB': 0}","{'Floodlight': 0, 'Flood Light': 0, 'GAS': 0, 'FIFA': 0, 'pipe': 0, 'pipes': 0, 'covid': 0, 'supply': 0, 'Beautification': 0, 'Installation': 0}",Post-Monsoon,,False,True,Repair and Restoration,"{'repair': 1, 'Construction': 1, 'Drain': 2}"
2024_UPIDC_964891_3,01/EE/2024-25 DT. 05.10.2024,Silt Clearance of Jar dy from km. 0.000 to km 8.740,,,,,,,,,,,,,,,,"U P Irrigation Department (Civil)||Chief Engineer-Sharda, Lucknow||Irrigation Works Circle, Sitapur||ID-1, lakhimpur khiri",,,,,,"203,270",,2024-10-30,"U P Irrigation Department (Civil)||Chief Engineer-Sharda, Lucknow||Irrigation Works Circle, Sitapur||ID-1, lakhimpur khiri",True,"{'Flood': 0, 'Embankment': 0, 'embkt': 0, 'Relief': 0, 'Erosion': 0, 'SDRF': 0, 'Inundation': 0, 'Hydrology': 0, 'Silt': 1, 'Siltation': 0, 'Bund': 0, 'Trench': 0, 'Breach': 0, 'Culvert': 0, 'Sluice': 0, 'Dyke': 0, 'Storm water drain': 0, 'Emergency': 0, 'Immediate': 0, 'IM': 0, 'AE': 0, 'A E': 0, 'AAPDA MITRA': 0, 'Bridge': 0, 'River': 0, 'Drain': 0, 'Restoration': 0, 'Protection': 0, 'irr': 0, 'irrigation': 0, 'dam': 0, 'Nallah': 0, 'Retrofitting': 0, 'Pond': 0, 'Pokhari': 0, 'D/C': 0, 'Recharge shaft': 0, 'LFB': 0, 'RFB': 0}","{'Floodlight': 0, 'Flood Light': 0, 'GAS': 0, 'FIFA': 0, 'pipe': 0, 'pipes': 0, 'covid': 0, 'supply': 0, 'Beautification': 0, 'Installation': 0}",Post-Monsoon,,False,True,Others,
2024_UPIDC_964891_3,01/EE/2024-25 DT. 05.10.2024,Silt Clearance of Jar dy from km. 0.000 to km 8.740,,,,,,,,,,,,,,,,"U P Irrigation Department (Civil)||Chief Engineer-Sharda, Lucknow||Irrigation Works Circle, Sitapur||ID-1, lakhimpur khiri",,,,,,"203,270",,2024-10-30,"U P Irrigation Department (Civil)||Chief Engineer-Sharda, Lucknow||Irrigation Works Circle, Sitapur||ID-1, lakhimpur khiri",True,"{'Flood': 0, 'Embankment': 0, 'embkt': 0, 'Relief': 0, 'Erosion': 0, 'SDRF': 0, 'Inundation': 0, 'Hydrology': 0, 'Silt': 1, 'Siltation': 0, 'Bund': 0, 'Trench': 0, 'Breach': 0, 'Culvert': 0, 'Sluice': 0, 'Dyke': 0, 'Storm water drain': 0, 'Emergency': 0, 'Immediate': 0, 'IM': 0, 'AE': 0, 'A E': 0, 'AAPDA MITRA': 0, 'Bridge': 0, 'River': 0, 'Drain': 0, 'Restoration': 0, 'Protection': 0, 'irr': 0, 'irrigation': 0, 'dam': 0, 'Nallah': 0, 'Retrofitting': 0, 'Pond': 0, 'Pokhari': 0, 'D/C': 0, 'Recharge shaft': 0, 'LFB': 0, 'RFB': 0}","{'Floodlight': 0, 'Flood Light': 0, 'GAS': 0, 'FIFA': 0, 'pipe': 0, 'pipes': 0, 'covid': 0, 'supply': 0, 'Beautification': 0, 'Installation': 0}",Post-Monsoon,,False,True,Others,
2024_UPIDC_964891_4,01/EE/2024-25 DT. 05.10.2024,Silt Clearance of Pareily minor from km. 0.000 to km 8.851,,,,,,,,,,,,,,,,"U P Irrigation Department (Civil)||Chief Engineer-Sharda, Lucknow||Irrigation Works Circle, Sitapur||ID-1, lakhimpur khiri",,,,,,"188,321",,2024-10-30,"U P Irrigation Department (Civil)||Chief Engineer-Sharda, Lucknow||Irrigation Works Circle, Sitapur||ID-1, lakhimpur khiri",True,"{'Flood': 0, 'Embankment': 0, 'embkt': 0, 'Relief': 0, 'Erosion': 0, 'SDRF': 0, 'Inundation': 0, 'Hydrology': 0, 'Silt': 1, 'Siltation': 0, 'Bund': 0, 'Trench': 0, 'Breach': 0, 'Culvert': 0, 'Sluice': 0, 'Dyke': 0, 'Storm water drain': 0, 'Emergency': 0, 'Immediate': 0, 'IM': 0, 'AE': 0, 'A E': 0, 'AAPDA MITRA': 0, 'Bridge': 0, 'River': 0, 'Drain': 0, 'Restoration': 0, 'Protection': 0, 'irr': 0, 'irrigation': 0, 'dam': 0, 'Nallah': 0, 'Retrofitting': 0, 'Pond': 0, 'Pokhari': 0, 'D/C': 0, 'Recharge shaft': 0, 'LFB': 0, 'RFB': 0}","{'Floodlight': 0, 'Flood Light': 0, 'GAS': 0, 'FIFA': 0, 'pipe': 0, 'pipes': 0, 'covid': 0, 'supply': 0, 'Beautification': 0, 'Installation': 0}",Post-Monsoon,,False,True,Others,
2024_UPIDC_964891_6,01/EE/2024-25 DT. 05.10.2024,Silt Clearance of  Sansarpur dy  from km. 0.000 to km.  22.500,,,,,,,,,,,,,,,,"U P Irrigation Department (Civil)||Chief Engineer-Sharda, Lucknow||Irrigation Works Circle, Sitapur||ID-1, lakhimpur khiri",,,,,,"588,282",,2024-10-30,"U P Irrigation Department (Civil)||Chief Engineer-Sharda, Lucknow||Irrigation Works Circle, Sitapur||ID-1, lakhimpur khiri",True,"{'Flood': 0, 'Embankment': 0, 'embkt': 0, 'Relief': 0, 'Erosion': 0, 'SDRF': 0, 'Inundation': 0, 'Hydrology': 0, 'Silt': 1, 'Siltation': 0, 'Bund': 0, 'Trench': 0, 'Breach': 0, 'Culvert': 0, 'Sluice': 0, 'Dyke': 0, 'Storm water drain': 0, 'Emergency': 0, 'Immediate': 0, 'IM': 0, 'AE': 0, 'A E': 0, 'AAPDA MITRA': 0, 'Bridge': 0, 'River': 0, 'Drain': 0, 'Restoration': 0, 'Protection': 0, 'irr': 0, 'irrigation': 0, 'dam': 0, 'Nallah': 0, 'Retrofitting': 0, 'Pond': 0, 'Pokhari': 0, 'D/C': 0, 'Recharge shaft': 0, 'LFB': 0, 'RFB': 0}","{'Floodlight': 0, 'Flood Light': 0, 'GAS': 0, 'FIFA': 0, 'pipe': 0, 'pipes': 0, 'covid': 0, 'supply': 0, 'Beautification': 0, 'Installation': 0}",Post-Monsoon,,False,True,Others,
2024_UPIDC_964891_6,01/EE/2024-25 DT. 05.10.2024,Silt Clearance of  Sansarpur dy  from km. 0.000 to km.  22.500,,,,,,,,,,,,,,,,"U P Irrigation Department (Civil)||Chief Engineer-Sharda, Lucknow||Irrigation Works Circle, Sitapur||ID-1, lakhimpur khiri",,,,,,"588,282",,2024-10-30,"U P Irrigation Department (Civil)||Chief Engineer-Sharda, Lucknow||Irrigation Works Circle, Sitapur||ID-1, lakhimpur khiri",True,"{'Flood': 0, 'Embankment': 0, 'embkt': 0, 'Relief': 0, 'Erosion': 0, 'SDRF': 0, 'Inundation': 0, 'Hydrology': 0, 'Silt': 1, 'Siltation': 0, 'Bund': 0, 'Trench': 0, 'Breach': 0, 'Culvert': 0, 'Sluice': 0, 'Dyke': 0, 'Storm water drain': 0, 'Emergency': 0, 'Immediate': 0, 'IM': 0, 'AE': 0, 'A E': 0, 'AAPDA MITRA': 0, 'Bridge': 0, 'River': 0, 'Drain': 0, 'Restoration': 0, 'Protection': 0, 'irr': 0, 'irrigation': 0, 'dam': 0, 'Nallah': 0, 'Retrofitting': 0, 'Pond': 0, 'Pokhari': 0, 'D/C': 0, 'Recharge shaft': 0, 'LFB': 0, 'RFB': 0}","{'Floodlight': 0, 'Flood Light': 0, 'GAS': 0, 'FIFA': 0, 'pipe': 0, 'pipes': 0, 'covid': 0, 'supply': 0, 'Beautification': 0, 'Installation': 0}",Post-Monsoon,,False,True,Others,
2024_UPIDC_964891_10,01/EE/2024-25 DT. 05.10.2024,Silt Clearance of Ratnapur Dy from km. 0.000 to km 7.500,,,,,,,,,,,,,,,,"U P Irrigation Department (Civil)||Chief Engineer-Sharda, Lucknow||Irrigation Works Circle, Sitapur||ID-1, lakhimpur khiri",,,,,,"265,787",,2024-10-30,"U P Irrigation Department (Civil)||Chief Engineer-Sharda, Lucknow||Irrigation Works Circle, Sitapur||ID-1, lakhimpur khiri",True,"{'Flood': 0, 'Embankment': 0, 'embkt': 0, 'Relief': 0, 'Erosion': 0, 'SDRF': 0, 'Inundation': 0, 'Hydrology': 0, 'Silt': 1, 'Siltation': 0, 'Bund': 0, 'Trench': 0, 'Breach': 0, 'Culvert': 0, 'Sluice': 0, 'Dyke': 0, 'Storm water drain': 0, 'Emergency': 0, 'Immediate': 0, 'IM': 0, 'AE': 0, 'A E': 0, 'AAPDA MITRA': 0, 'Bridge': 0, 'River': 0, 'Drain': 0, 'Restoration': 0, 'Protection': 0, 'irr': 0, 'irrigation': 0, 'dam': 0, 'Nallah': 0, 'Retrofitting': 0, 'Pond': 0, 'Pokhari': 0, 'D/C': 0, 'Recharge shaft': 0, 'LFB': 0, 'RFB': 0}","{'Floodlight': 0, 'Flood Light': 0, 'GAS': 0, 'FIFA': 0, 'pipe': 0, 'pipes': 0, 'covid': 0, 'supply': 0, 'Beautification': 0, 'Installation': 0}",Post-Monsoon,,False,True,Others,
2024_UPIDC_964891_11,01/EE/2024-25 DT. 05.10.2024,Silt Clearance of Baraula Dy from km. 0.000 to km 8.000,,,,,,,,,,,,,,,,"U P Irrigation Department (Civil)||Chief Engineer-Sharda, Lucknow||Irrigation Works Circle, Sitapur||ID-1, lakhimpur khiri",,,,,,"249,174",,2024-10-30,"U P Irrigation Department (Civil)||Chief Engineer-Sharda, Lucknow||Irrigation Works Circle, Sitapur||ID-1, lakhimpur khiri",True,"{'Flood': 0, 'Embankment': 0, 'embkt': 0, 'Relief': 0, 'Erosion': 0, 'SDRF': 0, 'Inundation': 0, 'Hydrology': 0, 'Silt': 1, 'Siltation': 0, 'Bund': 0, 'Trench': 0, 'Breach': 0, 'Culvert': 0, 'Sluice': 0, 'Dyke': 0, 'Storm water drain': 0, 'Emergency': 0, 'Immediate': 0, 'IM': 0, 'AE': 0, 'A E': 0, 'AAPDA MITRA': 0, 'Bridge': 0, 'River': 0, 'Drain': 0, 'Restoration': 0, 'Protection': 0, 'irr': 0, 'irrigation': 0, 'dam': 0, 'Nallah': 0, 'Retrofitting': 0, 'Pond': 0, 'Pokhari': 0, 'D/C': 0, 'Recharge shaft': 0, 'LFB': 0, 'RFB': 0}","{'Floodlight': 0, 'Flood Light': 0, 'GAS': 0, 'FIFA': 0, 'pipe': 0, 'pipes': 0, 'covid': 0, 'supply': 0, 'Beautification': 0, 'Installation': 0}",Post-Monsoon,,False,True,Others,
2024_UPIDC_964891_13,01/EE/2024-25 DT. 05.10.2024,Silt Clearance of Aliganj Branch Canal from km. 22.000 to km. 41.000,,,,,,,,,,,,,,,,"U P Irrigation Department (Civil)||Chief Engineer-Sharda, Lucknow||Irrigation Works Circle, Sitapur||ID-1, lakhimpur khiri",,,,,,"670,985",,2024-10-30,"U P Irrigation Department (Civil)||Chief Engineer-Sharda, Lucknow||Irrigation Works Circle, Sitapur||ID-1, lakhimpur khiri",True,"{'Flood': 0, 'Embankment': 0, 'embkt': 0, 'Relief': 0, 'Erosion': 0, 'SDRF': 0, 'Inundation': 0, 'Hydrology': 0, 'Silt': 1, 'Siltation': 0, 'Bund': 0, 'Trench': 0, 'Breach': 0, 'Culvert': 0, 'Sluice': 0, 'Dyke': 0, 'Storm water drain': 0, 'Emergency': 0, 'Immediate': 0, 'IM': 0, 'AE': 0, 'A E': 0, 'AAPDA MITRA': 0, 'Bridge': 0, 'River': 0, 'Drain': 0, 'Restoration': 0, 'Protection': 0, 'irr': 0, 'irrigation': 0, 'dam': 0, 'Nallah': 0, 'Retrofitting': 0, 'Pond': 0, 'Pokhari': 0, 'D/C': 0, 'Recharge shaft': 0, 'LFB': 0, 'RFB': 0}","{'Floodlight': 0, 'Flood Light': 0, 'GAS': 0, 'FIFA': 0, 'pipe': 0, 'pipes': 0, 'covid': 0, 'supply': 0, 'Beautification': 0, 'Installation': 0}",Post-Monsoon,,False,True,Others,
2024_UPIDC_964891_13,01/EE/2024-25 DT. 05.10.2024,Silt Clearance of Aliganj Branch Canal from km. 22.000 to km. 41.000,,,,,,,,,,,,,,,,"U P Irrigation Department (Civil)||Chief Engineer-Sharda, Lucknow||Irrigation Works Circle, Sitapur||ID-1, lakhimpur khiri",,,,,,"670,985",,2024-10-30,"U P Irrigation Department (Civil)||Chief Engineer-Sharda, Lucknow||Irrigation Works Circle, Sitapur||ID-1, lakhimpur khiri",True,"{'Flood': 0, 'Embankment': 0, 'embkt': 0, 'Relief': 0, 'Erosion': 0, 'SDRF': 0, 'Inundation': 0, 'Hydrology': 0, 'Silt': 1, 'Siltation': 0, 'Bund': 0, 'Trench': 0, 'Breach': 0, 'Culvert': 0, 'Sluice': 0, 'Dyke': 0, 'Storm water drain': 0, 'Emergency': 0, 'Immediate': 0, 'IM': 0, 'AE': 0, 'A E': 0, 'AAPDA MITRA': 0, 'Bridge': 0, 'River': 0, 'Drain': 0, 'Restoration': 0, 'Protection': 0, 'irr': 0, 'irrigation': 0, 'dam': 0, 'Nallah': 0, 'Retrofitting': 0, 'Pond': 0, 'Pokhari': 0, 'D/C': 0, 'Recharge shaft': 0, 'LFB': 0, 'RFB': 0}","{'Floodlight': 0, 'Flood Light': 0, 'GAS': 0, 'FIFA': 0, 'pipe': 0, 'pipes': 0, 'covid': 0, 'supply': 0, 'Beautification': 0, 'Installation': 0}",Post-Monsoon,,False,True,Others,
2024_UPIDC_964891_14,01/EE/2024-25 DT. 05.10.2024,Silt Clearance of Bastauli Dy from km. 0.000 to km. 23.600,,,,,,,,,,,,,,,,"U P Irrigation Department (Civil)||Chief Engineer-Sharda, Lucknow||Irrigation Works Circle, Sitapur||ID-1, lakhimpur khiri",,,,,,"938,094",,2024-10-30,"U P Irrigation Department (Civil)||Chief Engineer-Sharda, Lucknow||Irrigation Works Circle, Sitapur||ID-1, lakhimpur khiri",True,"{'Flood': 0, 'Embankment': 0, 'embkt': 0, 'Relief': 0, 'Erosion': 0, 'SDRF': 0, 'Inundation': 0, 'Hydrology': 0, 'Silt': 1, 'Siltation': 0, 'Bund': 0, 'Trench': 0, 'Breach': 0, 'Culvert': 0, 'Sluice': 0, 'Dyke': 0, 'Storm water drain': 0, 'Emergency': 0, 'Immediate': 0, 'IM': 0, 'AE': 0, 'A E': 0, 'AAPDA MITRA': 0, 'Bridge': 0, 'River': 0, 'Drain': 0, 'Restoration': 0, 'Protection': 0, 'irr': 0, 'irrigation': 0, 'dam': 0, 'Nallah': 0, 'Retrofitting': 0, 'Pond': 0, 'Pokhari': 0, 'D/C': 0, 'Recharge shaft': 0, 'LFB': 0, 'RFB': 0}","{'Floodlight': 0, 'Flood Light': 0, 'GAS': 0, 'FIFA': 0, 'pipe': 0, 'pipes': 0, 'covid': 0, 'supply': 0, 'Beautification': 0, 'Installation': 0}",Post-Monsoon,,False,True,Others,
2024_UPIDC_964891_16,01/EE/2024-25 DT. 05.10.2024,Silt Clearance of Lagucha Dy from Km 0.000 to Km 8.000,,,,,,,,,,,,,,,,"U P Irrigation Department (Civil)||Chief Engineer-Sharda, Lucknow||Irrigation Works Circle, Sitapur||ID-1, lakhimpur khiri",,,,,,"224,669",,2024-10-30,"U P Irrigation Department (Civil)||Chief Engineer-Sharda, Lucknow||Irrigation Works Circle, Sitapur||ID-1, lakhimpur khiri",True,"{'Flood': 0, 'Embankment': 0, 'embkt': 0, 'Relief': 0, 'Erosion': 0, 'SDRF': 0, 'Inundation': 0, 'Hydrology': 0, 'Silt': 1, 'Siltation': 0, 'Bund': 0, 'Trench': 0, 'Breach': 0, 'Culvert': 0, 'Sluice': 0, 'Dyke': 0, 'Storm water drain': 0, 'Emergency': 0, 'Immediate': 0, 'IM': 0, 'AE': 0, 'A E': 0, 'AAPDA MITRA': 0, 'Bridge': 0, 'River': 0, 'Drain': 0, 'Restoration': 0, 'Protection': 0, 'irr': 0, 'irrigation': 0, 'dam': 0, 'Nallah': 0, 'Retrofitting': 0, 'Pond': 0, 'Pokhari': 0, 'D/C': 0, 'Recharge shaft': 0, 'LFB': 0, 'RFB': 0}","{'Floodlight': 0, 'Flood Light': 0, 'GAS': 0, 'FIFA': 0, 'pipe': 0, 'pipes': 0, 'covid': 0, 'supply': 0, 'Beautification': 0, 'Installation': 0}",Post-Monsoon,,False,True,Others,
2024_UPIDC_964891_10,01/EE/2024-25 DT. 05.10.2024,Silt Clearance of Ratnapur Dy from km. 0.000 to km 7.500,,,,,,,,,,,,,,,,"U P Irrigation Department (Civil)||Chief Engineer-Sharda, Lucknow||Irrigation Works Circle, Sitapur||ID-1, lakhimpur khiri",,,,,,"265,787",,2024-10-30,"U P Irrigation Department (Civil)||Chief Engineer-Sharda, Lucknow||Irrigation Works Circle, Sitapur||ID-1, lakhimpur khiri",True,"{'Flood': 0, 'Embankment': 0, 'embkt': 0, 'Relief': 0, 'Erosion': 0, 'SDRF': 0, 'Inundation': 0, 'Hydrology': 0, 'Silt': 1, 'Siltation': 0, 'Bund': 0, 'Trench': 0, 'Breach': 0, 'Culvert': 0, 'Sluice': 0, 'Dyke': 0, 'Storm water drain': 0, 'Emergency': 0, 'Immediate': 0, 'IM': 0, 'AE': 0, 'A E': 0, 'AAPDA MITRA': 0, 'Bridge': 0, 'River': 0, 'Drain': 0, 'Restoration': 0, 'Protection': 0, 'irr': 0, 'irrigation': 0, 'dam': 0, 'Nallah': 0, 'Retrofitting': 0, 'Pond': 0, 'Pokhari': 0, 'D/C': 0, 'Recharge shaft': 0, 'LFB': 0, 'RFB': 0}","{'Floodlight': 0, 'Flood Light': 0, 'GAS': 0, 'FIFA': 0, 'pipe': 0, 'pipes': 0, 'covid': 0, 'supply': 0, 'Beautification': 0, 'Installation': 0}",Post-Monsoon,,False,True,Others,
2024_UPIDC_964379_1,NIT No. 03/EE/2024-25 DT 30.09.2024,Silt Clearance/Scraping of Aigawan Dy  from Km. 0.00 to 18.600 km for Rabi 1432 fasli in District Hardoi  for Year 2024-25,,,,,,,,,,,,,,,,"U P Irrigation Department (Civil)||Chief Engineer-Sharda, Lucknow||Irrigation Works Circle, Sitapur||NWMPD, shahjahanpur",,,,,,"638,514",,2024-10-28,"U P Irrigation Department (Civil)||Chief Engineer-Sharda, Lucknow||Irrigation Works Circle, Sitapur||NWMPD, shahjahanpur",True,"{'Flood': 0, 'Embankment': 0, 'embkt': 0, 'Relief': 0, 'Erosion': 0, 'SDRF': 0, 'Inundation': 0, 'Hydrology': 0, 'Silt': 1, 'Siltation': 0, 'Bund': 0, 'Trench': 0, 'Breach': 0, 'Culvert': 0, 'Sluice': 0, 'Dyke': 0, 'Storm water drain': 0, 'Emergency': 0, 'Immediate': 0, 'IM': 0, 'AE': 0, 'A E': 0, 'AAPDA MITRA': 0, 'Bridge': 0, 'River': 0, 'Drain': 0, 'Restoration': 0, 'Protection': 0, 'irr': 0, 'irrigation': 0, 'dam': 0, 'Nallah': 0, 'Retrofitting': 0, 'Pond': 0, 'Pokhari': 0, 'D/C': 0, 'Recharge shaft': 0, 'LFB': 0, 'RFB': 0}","{'Floodlight': 0, 'Flood Light': 0, 'GAS': 0, 'FIFA': 0, 'pipe': 0, 'pipes': 0, 'covid': 0, 'supply': 0, 'Beautification': 0, 'Installation': 0}",Post-Monsoon,,False,True,Others,
2024_UPIDC_964379_3,NIT No. 03/EE/2024-25 DT 30.09.2024,Silt Clearance/Scraping of Tumurki mr/dy  from Km. 0.00 to 10.450 km for Rabi 1432 fasli in District Hardoi for  Year 2024-25,,,,,,,,,,,,,,,,"U P Irrigation Department (Civil)||Chief Engineer-Sharda, Lucknow||Irrigation Works Circle, Sitapur||NWMPD, shahjahanpur",,,,,,"372,743",,2024-10-28,"U P Irrigation Department (Civil)||Chief Engineer-Sharda, Lucknow||Irrigation Works Circle, Sitapur||NWMPD, shahjahanpur",True,"{'Flood': 0, 'Embankment': 0, 'embkt': 0, 'Relief': 0, 'Erosion': 0, 'SDRF': 0, 'Inundation': 0, 'Hydrology': 0, 'Silt': 1, 'Siltation': 0, 'Bund': 0, 'Trench': 0, 'Breach': 0, 'Culvert': 0, 'Sluice': 0, 'Dyke': 0, 'Storm water drain': 0, 'Emergency': 0, 'Immediate': 0, 'IM': 0, 'AE': 0, 'A E': 0, 'AAPDA MITRA': 0, 'Bridge': 0, 'River': 0, 'Drain': 0, 'Restoration': 0, 'Protection': 0, 'irr': 0, 'irrigation': 0, 'dam': 0, 'Nallah': 0, 'Retrofitting': 0, 'Pond': 0, 'Pokhari': 0, 'D/C': 0, 'Recharge shaft': 0, 'LFB': 0, 'RFB': 0}","{'Floodlight': 0, 'Flood Light': 0, 'GAS': 0, 'FIFA': 0, 'pipe': 0, 'pipes': 0, 'covid': 0, 'supply': 0, 'Beautification': 0, 'Installation': 0}",Post-Monsoon,,False,True,Repair and Restoration,{'mr': 1}
2024_UPIDC_964379_6,NIT No. 03/EE/2024-25 DT 30.09.2024,Silt Clearance of Lodhipur Dy. From Km. 0.00 to Km. 9.000 km for  Year 2024-2025,,,,,,,,,,,,,,,,"U P Irrigation Department (Civil)||Chief Engineer-Sharda, Lucknow||Irrigation Works Circle, Sitapur||NWMPD, shahjahanpur",,,,,,"331,818",,2024-10-28,"U P Irrigation Department (Civil)||Chief Engineer-Sharda, Lucknow||Irrigation Works Circle, Sitapur||NWMPD, shahjahanpur",True,"{'Flood': 0, 'Embankment': 0, 'embkt': 0, 'Relief': 0, 'Erosion': 0, 'SDRF': 0, 'Inundation': 0, 'Hydrology': 0, 'Silt': 1, 'Siltation': 0, 'Bund': 0, 'Trench': 0, 'Breach': 0, 'Culvert': 0, 'Sluice': 0, 'Dyke': 0, 'Storm water drain': 0, 'Emergency': 0, 'Immediate': 0, 'IM': 0, 'AE': 0, 'A E': 0, 'AAPDA MITRA': 0, 'Bridge': 0, 'River': 0, 'Drain': 0, 'Restoration': 0, 'Protection': 0, 'irr': 0, 'irrigation': 0, 'dam': 0, 'Nallah': 0, 'Retrofitting': 0, 'Pond': 0, 'Pokhari': 0, 'D/C': 0, 'Recharge shaft': 0, 'LFB': 0, 'RFB': 0}","{'Floodlight': 0, 'Flood Light': 0, 'GAS': 0, 'FIFA': 0, 'pipe': 0, 'pipes': 0, 'covid': 0, 'supply': 0, 'Beautification': 0, 'Installation': 0}",Post-Monsoon,,False,True,Others,
2024_UPIDC_963948_3,08/EE/2024-25,"Silt clearance work from Km 0.000 to Km 6.450 of Bhadsan Minor, from Km 0.000 to Km 2.760 of Lalpur Minor and from Km 0.000 to Km 2.010 of Mehndipur Minor",,,,,,,,,,,,,,,,"U P Irrigation Department (Civil)||Chief Engineer-Ram Ganga, Kanpur||Irrigation Works Circle, Etawah||BDLGC, etawah",,,,,,"425,019.3",,2024-10-30,"U P Irrigation Department (Civil)||Chief Engineer-Ram Ganga, Kanpur||Irrigation Works Circle, Etawah||BDLGC, etawah",True,"{'Flood': 0, 'Embankment': 0, 'embkt': 0, 'Relief': 0, 'Erosion': 0, 'SDRF': 0, 'Inundation': 0, 'Hydrology': 0, 'Silt': 1, 'Siltation': 0, 'Bund': 0, 'Trench': 0, 'Breach': 0, 'Culvert': 0, 'Sluice': 0, 'Dyke': 0, 'Storm water drain': 0, 'Emergency': 0, 'Immediate': 0, 'IM': 0, 'AE': 0, 'A E': 0, 'AAPDA MITRA': 0, 'Bridge': 0, 'River': 0, 'Drain': 0, 'Restoration': 0, 'Protection': 0, 'irr': 0, 'irrigation': 0, 'dam': 0, 'Nallah': 0, 'Retrofitting': 0, 'Pond': 0, 'Pokhari': 0, 'D/C': 0, 'Recharge shaft': 0, 'LFB': 0, 'RFB': 0}","{'Floodlight': 0, 'Flood Light': 0, 'GAS': 0, 'FIFA': 0, 'pipe': 0, 'pipes': 0, 'covid': 0, 'supply': 0, 'Beautification': 0, 'Installation': 0}",Post-Monsoon,,False,True,Others,
2024_UPIDC_963948_4,08/EE/2024-25,"Silt clearance work from Kushganwa Minor from Km 0.000 to Km 2.820, Tadwa Ismailpur Minor from Km 0.000 to Km 4.460, Purawali Minor from Km 00.000 to Km 2.010, Iknaur Minor from Km 0.000 to Km 2.710",,,,,,,,,,,,,,,,"U P Irrigation Department (Civil)||Chief Engineer-Ram Ganga, Kanpur||Irrigation Works Circle, Etawah||BDLGC, etawah",,,,,,"347,650.7",,2024-10-30,"U P Irrigation Department (Civil)||Chief Engineer-Ram Ganga, Kanpur||Irrigation Works Circle, Etawah||BDLGC, etawah",True,"{'Flood': 0, 'Embankment': 0, 'embkt': 0, 'Relief': 0, 'Erosion': 0, 'SDRF': 0, 'Inundation': 0, 'Hydrology': 0, 'Silt': 1, 'Siltation': 0, 'Bund': 0, 'Trench': 0, 'Breach': 0, 'Culvert': 0, 'Sluice': 0, 'Dyke': 0, 'Storm water drain': 0, 'Emergency': 0, 'Immediate': 0, 'IM': 0, 'AE': 0, 'A E': 0, 'AAPDA MITRA': 0, 'Bridge': 0, 'River': 0, 'Drain': 0, 'Restoration': 0, 'Protection': 0, 'irr': 0, 'irrigation': 0, 'dam': 0, 'Nallah': 0, 'Retrofitting': 0, 'Pond': 0, 'Pokhari': 0, 'D/C': 0, 'Recharge shaft': 0, 'LFB': 0, 'RFB': 0}","{'Floodlight': 0, 'Flood Light': 0, 'GAS': 0, 'FIFA': 0, 'pipe': 0, 'pipes': 0, 'covid': 0, 'supply': 0, 'Beautification': 0, 'Installation': 0}",Post-Monsoon,,False,True,Others,
2024_UPIDC_962085_4,01/EE/ID1/2024-25,SILT CLEARANCE OF PIPARIYA FROM KM 0.000 TO KM 6.900,,,,,,,,,,,,,,,,"U P Irrigation Department (Civil)||Chief Engineer-Gandak, Gorakhpur||Gandak IWC-1, Gorakhpur||ID-1, maharajganj",,,,,,"148,250",,2024-10-26,"U P Irrigation Department (Civil)||Chief Engineer-Gandak, Gorakhpur||Gandak IWC-1, Gorakhpur||ID-1, maharajganj",True,"{'Flood': 0, 'Embankment': 0, 'embkt': 0, 'Relief': 0, 'Erosion': 0, 'SDRF': 0, 'Inundation': 0, 'Hydrology': 0, 'Silt': 1, 'Siltation': 0, 'Bund': 0, 'Trench': 0, 'Breach': 0, 'Culvert': 0, 'Sluice': 0, 'Dyke': 0, 'Storm water drain': 0, 'Emergency': 0, 'Immediate': 0, 'IM': 0, 'AE': 0, 'A E': 0, 'AAPDA MITRA': 0, 'Bridge': 0, 'River': 0, 'Drain': 0, 'Restoration': 0, 'Protection': 0, 'irr': 0, 'irrigation': 0, 'dam': 0, 'Nallah': 0, 'Retrofitting': 0, 'Pond': 0, 'Pokhari': 0, 'D/C': 0, 'Recharge shaft': 0, 'LFB': 0, 'RFB': 0}","{'Floodlight': 0, 'Flood Light': 0, 'GAS': 0, 'FIFA': 0, 'pipe': 0, 'pipes': 0, 'covid': 0, 'supply': 0, 'Beautification': 0, 'Installation': 0}",Post-Monsoon,,False,True,Others,
2024_UPIDC_962085_9,01/EE/ID1/2024-25,SILT CLEARANCE OF SAWANA DY FROM KM 0.000 TO KM 5.200,,,,,,,,,,,,,,,,"U P Irrigation Department (Civil)||Chief Engineer-Gandak, Gorakhpur||Gandak IWC-1, Gorakhpur||ID-1, maharajganj",,,,,,"210,743.28",,2024-10-26,"U P Irrigation Department (Civil)||Chief Engineer-Gandak, Gorakhpur||Gandak IWC-1, Gorakhpur||ID-1, maharajganj",True,"{'Flood': 0, 'Embankment': 0, 'embkt': 0, 'Relief': 0, 'Erosion': 0, 'SDRF': 0, 'Inundation': 0, 'Hydrology': 0, 'Silt': 1, 'Siltation': 0, 'Bund': 0, 'Trench': 0, 'Breach': 0, 'Culvert': 0, 'Sluice': 0, 'Dyke': 0, 'Storm water drain': 0, 'Emergency': 0, 'Immediate': 0, 'IM': 0, 'AE': 0, 'A E': 0, 'AAPDA MITRA': 0, 'Bridge': 0, 'River': 0, 'Drain': 0, 'Restoration': 0, 'Protection': 0, 'irr': 0, 'irrigation': 0, 'dam': 0, 'Nallah': 0, 'Retrofitting': 0, 'Pond': 0, 'Pokhari': 0, 'D/C': 0, 'Recharge shaft': 0, 'LFB': 0, 'RFB': 0}","{'Floodlight': 0, 'Flood Light': 0, 'GAS': 0, 'FIFA': 0, 'pipe': 0, 'pipes': 0, 'covid': 0, 'supply': 0, 'Beautification': 0, 'Installation': 0}",Post-Monsoon,,False,True,Others,
2024_UPIDC_962085_9,01/EE/ID1/2024-25,SILT CLEARANCE OF SAWANA DY FROM KM 0.000 TO KM 5.200,,,,,,,,,,,,,,,,"U P Irrigation Department (Civil)||Chief Engineer-Gandak, Gorakhpur||Gandak IWC-1, Gorakhpur||ID-1, maharajganj",,,,,,"210,743.28",,2024-10-26,"U P Irrigation Department (Civil)||Chief Engineer-Gandak, Gorakhpur||Gandak IWC-1, Gorakhpur||ID-1, maharajganj",True,"{'Flood': 0, 'Embankment': 0, 'embkt': 0, 'Relief': 0, 'Erosion': 0, 'SDRF': 0, 'Inundation': 0, 'Hydrology': 0, 'Silt': 1, 'Siltation': 0, 'Bund': 0, 'Trench': 0, 'Breach': 0, 'Culvert': 0, 'Sluice': 0, 'Dyke': 0, 'Storm water drain': 0, 'Emergency': 0, 'Immediate': 0, 'IM': 0, 'AE': 0, 'A E': 0, 'AAPDA MITRA': 0, 'Bridge': 0, 'River': 0, 'Drain': 0, 'Restoration': 0, 'Protection': 0, 'irr': 0, 'irrigation': 0, 'dam': 0, 'Nallah': 0, 'Retrofitting': 0, 'Pond': 0, 'Pokhari': 0, 'D/C': 0, 'Recharge shaft': 0, 'LFB': 0, 'RFB': 0}","{'Floodlight': 0, 'Flood Light': 0, 'GAS': 0, 'FIFA': 0, 'pipe': 0, 'pipes': 0, 'covid': 0, 'supply': 0, 'Beautification': 0, 'Installation': 0}",Post-Monsoon,,False,True,Others,
2024_UPIDC_962085_9,01/EE/ID1/2024-25,SILT CLEARANCE OF SAWANA DY FROM KM 0.000 TO KM 5.200,,,,,,,,,,,,,,,,"U P Irrigation Department (Civil)||Chief Engineer-Gandak, Gorakhpur||Gandak IWC-1, Gorakhpur||ID-1, maharajganj",,,,,,"210,743.28",,2024-10-26,"U P Irrigation Department (Civil)||Chief Engineer-Gandak, Gorakhpur||Gandak IWC-1, Gorakhpur||ID-1, maharajganj",True,"{'Flood': 0, 'Embankment': 0, 'embkt': 0, 'Relief': 0, 'Erosion': 0, 'SDRF': 0, 'Inundation': 0, 'Hydrology': 0, 'Silt': 1, 'Siltation': 0, 'Bund': 0, 'Trench': 0, 'Breach': 0, 'Culvert': 0, 'Sluice': 0, 'Dyke': 0, 'Storm water drain': 0, 'Emergency': 0, 'Immediate': 0, 'IM': 0, 'AE': 0, 'A E': 0, 'AAPDA MITRA': 0, 'Bridge': 0, 'River': 0, 'Drain': 0, 'Restoration': 0, 'Protection': 0, 'irr': 0, 'irrigation': 0, 'dam': 0, 'Nallah': 0, 'Retrofitting': 0, 'Pond': 0, 'Pokhari': 0, 'D/C': 0, 'Recharge shaft': 0, 'LFB': 0, 'RFB': 0}","{'Floodlight': 0, 'Flood Light': 0, 'GAS': 0, 'FIFA': 0, 'pipe': 0, 'pipes': 0, 'covid': 0, 'supply': 0, 'Beautification': 0, 'Installation': 0}",Post-Monsoon,,False,True,Others,
2024_UPIDC_962085_9,01/EE/ID1/2024-25,SILT CLEARANCE OF SAWANA DY FROM KM 0.000 TO KM 5.200,,,,,,,,,,,,,,,,"U P Irrigation Department (Civil)||Chief Engineer-Gandak, Gorakhpur||Gandak IWC-1, Gorakhpur||ID-1, maharajganj",,,,,,"210,743.28",,2024-10-26,"U P Irrigation Department (Civil)||Chief Engineer-Gandak, Gorakhpur||Gandak IWC-1, Gorakhpur||ID-1, maharajganj",True,"{'Flood': 0, 'Embankment': 0, 'embkt': 0, 'Relief': 0, 'Erosion': 0, 'SDRF': 0, 'Inundation': 0, 'Hydrology': 0, 'Silt': 1, 'Siltation': 0, 'Bund': 0, 'Trench': 0, 'Breach': 0, 'Culvert': 0, 'Sluice': 0, 'Dyke': 0, 'Storm water drain': 0, 'Emergency': 0, 'Immediate': 0, 'IM': 0, 'AE': 0, 'A E': 0, 'AAPDA MITRA': 0, 'Bridge': 0, 'River': 0, 'Drain': 0, 'Restoration': 0, 'Protection': 0, 'irr': 0, 'irrigation': 0, 'dam': 0, 'Nallah': 0, 'Retrofitting': 0, 'Pond': 0, 'Pokhari': 0, 'D/C': 0, 'Recharge shaft': 0, 'LFB': 0, 'RFB': 0}","{'Floodlight': 0, 'Flood Light': 0, 'GAS': 0, 'FIFA': 0, 'pipe': 0, 'pipes': 0, 'covid': 0, 'supply': 0, 'Beautification': 0, 'Installation': 0}",Post-Monsoon,,False,True,Others,
2024_UPIDC_962085_10,01/EE/ID1/2024-25,SILT CLEARANCE OF GAUNARIYA DY FROM KM 0.000 TO KM 5.000,,,,,,,,,,,,,,,,"U P Irrigation Department (Civil)||Chief Engineer-Gandak, Gorakhpur||Gandak IWC-1, Gorakhpur||ID-1, maharajganj",,,,,,"192,933.5",,2024-10-26,"U P Irrigation Department (Civil)||Chief Engineer-Gandak, Gorakhpur||Gandak IWC-1, Gorakhpur||ID-1, maharajganj",True,"{'Flood': 0, 'Embankment': 0, 'embkt': 0, 'Relief': 0, 'Erosion': 0, 'SDRF': 0, 'Inundation': 0, 'Hydrology': 0, 'Silt': 1, 'Siltation': 0, 'Bund': 0, 'Trench': 0, 'Breach': 0, 'Culvert': 0, 'Sluice': 0, 'Dyke': 0, 'Storm water drain': 0, 'Emergency': 0, 'Immediate': 0, 'IM': 0, 'AE': 0, 'A E': 0, 'AAPDA MITRA': 0, 'Bridge': 0, 'River': 0, 'Drain': 0, 'Restoration': 0, 'Protection': 0, 'irr': 0, 'irrigation': 0, 'dam': 0, 'Nallah': 0, 'Retrofitting': 0, 'Pond': 0, 'Pokhari': 0, 'D/C': 0, 'Recharge shaft': 0, 'LFB': 0, 'RFB': 0}","{'Floodlight': 0, 'Flood Light': 0, 'GAS': 0, 'FIFA': 0, 'pipe': 0, 'pipes': 0, 'covid': 0, 'supply': 0, 'Beautification': 0, 'Installation': 0}",Post-Monsoon,,False,True,Others,
2024_UPIDC_962085_11,01/EE/ID1/2024-25,SILT CLEARANCE OF KUIYA DY FROM KM 0.000 TO KM 6.200,,,,,,,,,,,,,,,,"U P Irrigation Department (Civil)||Chief Engineer-Gandak, Gorakhpur||Gandak IWC-1, Gorakhpur||ID-1, maharajganj",,,,,,"169,277.5",,2024-10-26,"U P Irrigation Department (Civil)||Chief Engineer-Gandak, Gorakhpur||Gandak IWC-1, Gorakhpur||ID-1, maharajganj",True,"{'Flood': 0, 'Embankment': 0, 'embkt': 0, 'Relief': 0, 'Erosion': 0, 'SDRF': 0, 'Inundation': 0, 'Hydrology': 0, 'Silt': 1, 'Siltation': 0, 'Bund': 0, 'Trench': 0, 'Breach': 0, 'Culvert': 0, 'Sluice': 0, 'Dyke': 0, 'Storm water drain': 0, 'Emergency': 0, 'Immediate': 0, 'IM': 0, 'AE': 0, 'A E': 0, 'AAPDA MITRA': 0, 'Bridge': 0, 'River': 0, 'Drain': 0, 'Restoration': 0, 'Protection': 0, 'irr': 0, 'irrigation': 0, 'dam': 0, 'Nallah': 0, 'Retrofitting': 0, 'Pond': 0, 'Pokhari': 0, 'D/C': 0, 'Recharge shaft': 0, 'LFB': 0, 'RFB': 0}","{'Floodlight': 0, 'Flood Light': 0, 'GAS': 0, 'FIFA': 0, 'pipe': 0, 'pipes': 0, 'covid': 0, 'supply': 0, 'Beautification': 0, 'Installation': 0}",Post-Monsoon,,False,True,Others,
2024_UPIDC_962085_14,01/EE/ID1/2024-25,SILT CLEARANCE OF VISHUNPUR DY FROM KM 0.000 TO KM 5.900,,,,,,,,,,,,,,,,"U P Irrigation Department (Civil)||Chief Engineer-Gandak, Gorakhpur||Gandak IWC-1, Gorakhpur||ID-1, maharajganj",,,,,,"282,384",,2024-10-26,"U P Irrigation Department (Civil)||Chief Engineer-Gandak, Gorakhpur||Gandak IWC-1, Gorakhpur||ID-1, maharajganj",True,"{'Flood': 0, 'Embankment': 0, 'embkt': 0, 'Relief': 0, 'Erosion': 0, 'SDRF': 0, 'Inundation': 0, 'Hydrology': 0, 'Silt': 1, 'Siltation': 0, 'Bund': 0, 'Trench': 0, 'Breach': 0, 'Culvert': 0, 'Sluice': 0, 'Dyke': 0, 'Storm water drain': 0, 'Emergency': 0, 'Immediate': 0, 'IM': 0, 'AE': 0, 'A E': 0, 'AAPDA MITRA': 0, 'Bridge': 0, 'River': 0, 'Drain': 0, 'Restoration': 0, 'Protection': 0, 'irr': 0, 'irrigation': 0, 'dam': 0, 'Nallah': 0, 'Retrofitting': 0, 'Pond': 0, 'Pokhari': 0, 'D/C': 0, 'Recharge shaft': 0, 'LFB': 0, 'RFB': 0}","{'Floodlight': 0, 'Flood Light': 0, 'GAS': 0, 'FIFA': 0, 'pipe': 0, 'pipes': 0, 'covid': 0, 'supply': 0, 'Beautification': 0, 'Installation': 0}",Post-Monsoon,,False,True,Others,
2024_UPIDC_962085_14,01/EE/ID1/2024-25,SILT CLEARANCE OF VISHUNPUR DY FROM KM 0.000 TO KM 5.900,,,,,,,,,,,,,,,,"U P Irrigation Department (Civil)||Chief Engineer-Gandak, Gorakhpur||Gandak IWC-1, Gorakhpur||ID-1, maharajganj",,,,,,"282,384",,2024-10-26,"U P Irrigation Department (Civil)||Chief Engineer-Gandak, Gorakhpur||Gandak IWC-1, Gorakhpur||ID-1, maharajganj",True,"{'Flood': 0, 'Embankment': 0, 'embkt': 0, 'Relief': 0, 'Erosion': 0, 'SDRF': 0, 'Inundation': 0, 'Hydrology': 0, 'Silt': 1, 'Siltation': 0, 'Bund': 0, 'Trench': 0, 'Breach': 0, 'Culvert': 0, 'Sluice': 0, 'Dyke': 0, 'Storm water drain': 0, 'Emergency': 0, 'Immediate': 0, 'IM': 0, 'AE': 0, 'A E': 0, 'AAPDA MITRA': 0, 'Bridge': 0, 'River': 0, 'Drain': 0, 'Restoration': 0, 'Protection': 0, 'irr': 0, 'irrigation': 0, 'dam': 0, 'Nallah': 0, 'Retrofitting': 0, 'Pond': 0, 'Pokhari': 0, 'D/C': 0, 'Recharge shaft': 0, 'LFB': 0, 'RFB': 0}","{'Floodlight': 0, 'Flood Light': 0, 'GAS': 0, 'FIFA': 0, 'pipe': 0, 'pipes': 0, 'covid': 0, 'supply': 0, 'Beautification': 0, 'Installation': 0}",Post-Monsoon,,False,True,Others,
2024_UPIDC_962085_4,01/EE/ID1/2024-25,SILT CLEARANCE OF PIPARIYA FROM KM 0.000 TO KM 6.900,,,,,,,,,,,,,,,,"U P Irrigation Department (Civil)||Chief Engineer-Gandak, Gorakhpur||Gandak IWC-1, Gorakhpur||ID-1, maharajganj",,,,,,"148,250",,2024-10-26,"U P Irrigation Department (Civil)||Chief Engineer-Gandak, Gorakhpur||Gandak IWC-1, Gorakhpur||ID-1, maharajganj",True,"{'Flood': 0, 'Embankment': 0, 'embkt': 0, 'Relief': 0, 'Erosion': 0, 'SDRF': 0, 'Inundation': 0, 'Hydrology': 0, 'Silt': 1, 'Siltation': 0, 'Bund': 0, 'Trench': 0, 'Breach': 0, 'Culvert': 0, 'Sluice': 0, 'Dyke': 0, 'Storm water drain': 0, 'Emergency': 0, 'Immediate': 0, 'IM': 0, 'AE': 0, 'A E': 0, 'AAPDA MITRA': 0, 'Bridge': 0, 'River': 0, 'Drain': 0, 'Restoration': 0, 'Protection': 0, 'irr': 0, 'irrigation': 0, 'dam': 0, 'Nallah': 0, 'Retrofitting': 0, 'Pond': 0, 'Pokhari': 0, 'D/C': 0, 'Recharge shaft': 0, 'LFB': 0, 'RFB': 0}","{'Floodlight': 0, 'Flood Light': 0, 'GAS': 0, 'FIFA': 0, 'pipe': 0, 'pipes': 0, 'covid': 0, 'supply': 0, 'Beautification': 0, 'Installation': 0}",Post-Monsoon,,False,True,Others,
2024_UPIDC_962085_4,01/EE/ID1/2024-25,SILT CLEARANCE OF PIPARIYA FROM KM 0.000 TO KM 6.900,,,,,,,,,,,,,,,,"U P Irrigation Department (Civil)||Chief Engineer-Gandak, Gorakhpur||Gandak IWC-1, Gorakhpur||ID-1, maharajganj",,,,,,"148,250",,2024-10-26,"U P Irrigation Department (Civil)||Chief Engineer-Gandak, Gorakhpur||Gandak IWC-1, Gorakhpur||ID-1, maharajganj",True,"{'Flood': 0, 'Embankment': 0, 'embkt': 0, 'Relief': 0, 'Erosion': 0, 'SDRF': 0, 'Inundation': 0, 'Hydrology': 0, 'Silt': 1, 'Siltation': 0, 'Bund': 0, 'Trench': 0, 'Breach': 0, 'Culvert': 0, 'Sluice': 0, 'Dyke': 0, 'Storm water drain': 0, 'Emergency': 0, 'Immediate': 0, 'IM': 0, 'AE': 0, 'A E': 0, 'AAPDA MITRA': 0, 'Bridge': 0, 'River': 0, 'Drain': 0, 'Restoration': 0, 'Protection': 0, 'irr': 0, 'irrigation': 0, 'dam': 0, 'Nallah': 0, 'Retrofitting': 0, 'Pond': 0, 'Pokhari': 0, 'D/C': 0, 'Recharge shaft': 0, 'LFB': 0, 'RFB': 0}","{'Floodlight': 0, 'Flood Light': 0, 'GAS': 0, 'FIFA': 0, 'pipe': 0, 'pipes': 0, 'covid': 0, 'supply': 0, 'Beautification': 0, 'Installation': 0}",Post-Monsoon,,False,True,Others,
2024_UPIDC_962085_1,01/EE/ID1/2024-25,SILT CLEARANCE OF BUDHANA DY FROM KM 0.000 TO KM 4.600,,,,,,,,,,,,,,,,"U P Irrigation Department (Civil)||Chief Engineer-Gandak, Gorakhpur||Gandak IWC-1, Gorakhpur||ID-1, maharajganj",,,,,,"246,012",,2024-10-26,"U P Irrigation Department (Civil)||Chief Engineer-Gandak, Gorakhpur||Gandak IWC-1, Gorakhpur||ID-1, maharajganj",True,"{'Flood': 0, 'Embankment': 0, 'embkt': 0, 'Relief': 0, 'Erosion': 0, 'SDRF': 0, 'Inundation': 0, 'Hydrology': 0, 'Silt': 1, 'Siltation': 0, 'Bund': 0, 'Trench': 0, 'Breach': 0, 'Culvert': 0, 'Sluice': 0, 'Dyke': 0, 'Storm water drain': 0, 'Emergency': 0, 'Immediate': 0, 'IM': 0, 'AE': 0, 'A E': 0, 'AAPDA MITRA': 0, 'Bridge': 0, 'River': 0, 'Drain': 0, 'Restoration': 0, 'Protection': 0, 'irr': 0, 'irrigation': 0, 'dam': 0, 'Nallah': 0, 'Retrofitting': 0, 'Pond': 0, 'Pokhari': 0, 'D/C': 0, 'Recharge shaft': 0, 'LFB': 0, 'RFB': 0}","{'Floodlight': 0, 'Flood Light': 0, 'GAS': 0, 'FIFA': 0, 'pipe': 0, 'pipes': 0, 'covid': 0, 'supply': 0, 'Beautification': 0, 'Installation': 0}",Post-Monsoon,,False,True,Others,
2024_UPIDC_962085_4,01/EE/ID1/2024-25,SILT CLEARANCE OF PIPARIYA FROM KM 0.000 TO KM 6.900,,,,,,,,,,,,,,,,"U P Irrigation Department (Civil)||Chief Engineer-Gandak, Gorakhpur||Gandak IWC-1, Gorakhpur||ID-1, maharajganj",,,,,,"148,250",,2024-10-26,"U P Irrigation Department (Civil)||Chief Engineer-Gandak, Gorakhpur||Gandak IWC-1, Gorakhpur||ID-1, maharajganj",True,"{'Flood': 0, 'Embankment': 0, 'embkt': 0, 'Relief': 0, 'Erosion': 0, 'SDRF': 0, 'Inundation': 0, 'Hydrology': 0, 'Silt': 1, 'Siltation': 0, 'Bund': 0, 'Trench': 0, 'Breach': 0, 'Culvert': 0, 'Sluice': 0, 'Dyke': 0, 'Storm water drain': 0, 'Emergency': 0, 'Immediate': 0, 'IM': 0, 'AE': 0, 'A E': 0, 'AAPDA MITRA': 0, 'Bridge': 0, 'River': 0, 'Drain': 0, 'Restoration': 0, 'Protection': 0, 'irr': 0, 'irrigation': 0, 'dam': 0, 'Nallah': 0, 'Retrofitting': 0, 'Pond': 0, 'Pokhari': 0, 'D/C': 0, 'Recharge shaft': 0, 'LFB': 0, 'RFB': 0}","{'Floodlight': 0, 'Flood Light': 0, 'GAS': 0, 'FIFA': 0, 'pipe': 0, 'pipes': 0, 'covid': 0, 'supply': 0, 'Beautification': 0, 'Installation': 0}",Post-Monsoon,,False,True,Others,
2024_UPIDC_961429_4,Tender Notice No. 02/EE/ID1K/2024-25,Lot No. 4 Jungle  and silt clearance  of Ohan feeder canal from km 0.000 to km 8.300.,,,,,,,,,,,,,,,,"U P Irrigation Department (Civil)||Chief Engineer-Betwa, Jhansi||Irrigation Works Circle, Banda||ID-1, karvi",,,,,,"372,140.19",,2024-10-24,"U P Irrigation Department (Civil)||Chief Engineer-Betwa, Jhansi||Irrigation Works Circle, Banda||ID-1, karvi",True,"{'Flood': 0, 'Embankment': 0, 'embkt': 0, 'Relief': 0, 'Erosion': 0, 'SDRF': 0, 'Inundation': 0, 'Hydrology': 0, 'Silt': 1, 'Siltation': 0, 'Bund': 0, 'Trench': 0, 'Breach': 0, 'Culvert': 0, 'Sluice': 0, 'Dyke': 0, 'Storm water drain': 0, 'Emergency': 0, 'Immediate': 0, 'IM': 0, 'AE': 0, 'A E': 0, 'AAPDA MITRA': 0, 'Bridge': 0, 'River': 0, 'Drain': 0, 'Restoration': 0, 'Protection': 0, 'irr': 0, 'irrigation': 0, 'dam': 0, 'Nallah': 0, 'Retrofitting': 0, 'Pond': 0, 'Pokhari': 0, 'D/C': 0, 'Recharge shaft': 0, 'LFB': 0, 'RFB': 0}","{'Floodlight': 0, 'Flood Light': 0, 'GAS': 0, 'FIFA': 0, 'pipe': 0, 'pipes': 0, 'covid': 0, 'supply': 0, 'Beautification': 0, 'Installation': 0}",Post-Monsoon,,False,True,Others,
2024_UPIDC_961429_4,Tender Notice No. 02/EE/ID1K/2024-25,Lot No. 4 Jungle  and silt clearance  of Ohan feeder canal from km 0.000 to km 8.300.,,,,,,,,,,,,,,,,"U P Irrigation Department (Civil)||Chief Engineer-Betwa, Jhansi||Irrigation Works Circle, Banda||ID-1, karvi",,,,,,"372,140.19",,2024-10-24,"U P Irrigation Department (Civil)||Chief Engineer-Betwa, Jhansi||Irrigation Works Circle, Banda||ID-1, karvi",True,"{'Flood': 0, 'Embankment': 0, 'embkt': 0, 'Relief': 0, 'Erosion': 0, 'SDRF': 0, 'Inundation': 0, 'Hydrology': 0, 'Silt': 1, 'Siltation': 0, 'Bund': 0, 'Trench': 0, 'Breach': 0, 'Culvert': 0, 'Sluice': 0, 'Dyke': 0, 'Storm water drain': 0, 'Emergency': 0, 'Immediate': 0, 'IM': 0, 'AE': 0, 'A E': 0, 'AAPDA MITRA': 0, 'Bridge': 0, 'River': 0, 'Drain': 0, 'Restoration': 0, 'Protection': 0, 'irr': 0, 'irrigation': 0, 'dam': 0, 'Nallah': 0, 'Retrofitting': 0, 'Pond': 0, 'Pokhari': 0, 'D/C': 0, 'Recharge shaft': 0, 'LFB': 0, 'RFB': 0}","{'Floodlight': 0, 'Flood Light': 0, 'GAS': 0, 'FIFA': 0, 'pipe': 0, 'pipes': 0, 'covid': 0, 'supply': 0, 'Beautification': 0, 'Installation': 0}",Post-Monsoon,,False,True,Others,
2024_UPIDC_961429_5,Tender Notice No. 02/EE/ID1K/2024-25,Lot No. 5 Jungle  and silt clearance of ohan eastern canal from km 0.000 to km 26.000.,,,,,,,,,,,,,,,,"U P Irrigation Department (Civil)||Chief Engineer-Betwa, Jhansi||Irrigation Works Circle, Banda||ID-1, karvi",,,,,,"807,424.67",,2024-10-21,"U P Irrigation Department (Civil)||Chief Engineer-Betwa, Jhansi||Irrigation Works Circle, Banda||ID-1, karvi",True,"{'Flood': 0, 'Embankment': 0, 'embkt': 0, 'Relief': 0, 'Erosion': 0, 'SDRF': 0, 'Inundation': 0, 'Hydrology': 0, 'Silt': 1, 'Siltation': 0, 'Bund': 0, 'Trench': 0, 'Breach': 0, 'Culvert': 0, 'Sluice': 0, 'Dyke': 0, 'Storm water drain': 0, 'Emergency': 0, 'Immediate': 0, 'IM': 0, 'AE': 0, 'A E': 0, 'AAPDA MITRA': 0, 'Bridge': 0, 'River': 0, 'Drain': 0, 'Restoration': 0, 'Protection': 0, 'irr': 0, 'irrigation': 0, 'dam': 0, 'Nallah': 0, 'Retrofitting': 0, 'Pond': 0, 'Pokhari': 0, 'D/C': 0, 'Recharge shaft': 0, 'LFB': 0, 'RFB': 0}","{'Floodlight': 0, 'Flood Light': 0, 'GAS': 0, 'FIFA': 0, 'pipe': 0, 'pipes': 0, 'covid': 0, 'supply': 0, 'Beautification': 0, 'Installation': 0}",Post-Monsoon,,False,True,Others,
2024_UPIDC_961429_7,Tender Notice No. 02/EE/ID1K/2024-25,Lot No. 7 Jungle and silt clearance of Bhaunri Minor from Km 0.000 to Km 8.500 of Ohan canal system.,,,,,,,,,,,,,,,,"U P Irrigation Department (Civil)||Chief Engineer-Betwa, Jhansi||Irrigation Works Circle, Banda||ID-1, karvi",,,,,,"183,262.72",,2024-10-19,"U P Irrigation Department (Civil)||Chief Engineer-Betwa, Jhansi||Irrigation Works Circle, Banda||ID-1, karvi",True,"{'Flood': 0, 'Embankment': 0, 'embkt': 0, 'Relief': 0, 'Erosion': 0, 'SDRF': 0, 'Inundation': 0, 'Hydrology': 0, 'Silt': 1, 'Siltation': 0, 'Bund': 0, 'Trench': 0, 'Breach': 0, 'Culvert': 0, 'Sluice': 0, 'Dyke': 0, 'Storm water drain': 0, 'Emergency': 0, 'Immediate': 0, 'IM': 0, 'AE': 0, 'A E': 0, 'AAPDA MITRA': 0, 'Bridge': 0, 'River': 0, 'Drain': 0, 'Restoration': 0, 'Protection': 0, 'irr': 0, 'irrigation': 0, 'dam': 0, 'Nallah': 0, 'Retrofitting': 0, 'Pond': 0, 'Pokhari': 0, 'D/C': 0, 'Recharge shaft': 0, 'LFB': 0, 'RFB': 0}","{'Floodlight': 0, 'Flood Light': 0, 'GAS': 0, 'FIFA': 0, 'pipe': 0, 'pipes': 0, 'covid': 0, 'supply': 0, 'Beautification': 0, 'Installation': 0}",Post-Monsoon,,False,True,Others,
2024_UPIDC_961429_12,Tender Notice No. 02/EE/ID1K/2024-25,Lot No. 12 Jungle and Silt clearance of Barhat minor from Km 0.000 to km  9.800.,,,,,,,,,,,,,,,,"U P Irrigation Department (Civil)||Chief Engineer-Betwa, Jhansi||Irrigation Works Circle, Banda||ID-1, karvi",,,,,,"138,348.38",,2024-10-24,"U P Irrigation Department (Civil)||Chief Engineer-Betwa, Jhansi||Irrigation Works Circle, Banda||ID-1, karvi",True,"{'Flood': 0, 'Embankment': 0, 'embkt': 0, 'Relief': 0, 'Erosion': 0, 'SDRF': 0, 'Inundation': 0, 'Hydrology': 0, 'Silt': 1, 'Siltation': 0, 'Bund': 0, 'Trench': 0, 'Breach': 0, 'Culvert': 0, 'Sluice': 0, 'Dyke': 0, 'Storm water drain': 0, 'Emergency': 0, 'Immediate': 0, 'IM': 0, 'AE': 0, 'A E': 0, 'AAPDA MITRA': 0, 'Bridge': 0, 'River': 0, 'Drain': 0, 'Restoration': 0, 'Protection': 0, 'irr': 0, 'irrigation': 0, 'dam': 0, 'Nallah': 0, 'Retrofitting': 0, 'Pond': 0, 'Pokhari': 0, 'D/C': 0, 'Recharge shaft': 0, 'LFB': 0, 'RFB': 0}","{'Floodlight': 0, 'Flood Light': 0, 'GAS': 0, 'FIFA': 0, 'pipe': 0, 'pipes': 0, 'covid': 0, 'supply': 0, 'Beautification': 0, 'Installation': 0}",Post-Monsoon,,False,True,Others,
2024_UPIDC_961429_12,Tender Notice No. 02/EE/ID1K/2024-25,Lot No. 12 Jungle and Silt clearance of Barhat minor from Km 0.000 to km  9.800.,,,,,,,,,,,,,,,,"U P Irrigation Department (Civil)||Chief Engineer-Betwa, Jhansi||Irrigation Works Circle, Banda||ID-1, karvi",,,,,,"138,348.38",,2024-10-24,"U P Irrigation Department (Civil)||Chief Engineer-Betwa, Jhansi||Irrigation Works Circle, Banda||ID-1, karvi",True,"{'Flood': 0, 'Embankment': 0, 'embkt': 0, 'Relief': 0, 'Erosion': 0, 'SDRF': 0, 'Inundation': 0, 'Hydrology': 0, 'Silt': 1, 'Siltation': 0, 'Bund': 0, 'Trench': 0, 'Breach': 0, 'Culvert': 0, 'Sluice': 0, 'Dyke': 0, 'Storm water drain': 0, 'Emergency': 0, 'Immediate': 0, 'IM': 0, 'AE': 0, 'A E': 0, 'AAPDA MITRA': 0, 'Bridge': 0, 'River': 0, 'Drain': 0, 'Restoration': 0, 'Protection': 0, 'irr': 0, 'irrigation': 0, 'dam': 0, 'Nallah': 0, 'Retrofitting': 0, 'Pond': 0, 'Pokhari': 0, 'D/C': 0, 'Recharge shaft': 0, 'LFB': 0, 'RFB': 0}","{'Floodlight': 0, 'Flood Light': 0, 'GAS': 0, 'FIFA': 0, 'pipe': 0, 'pipes': 0, 'covid': 0, 'supply': 0, 'Beautification': 0, 'Installation': 0}",Post-Monsoon,,False,True,Others,
2024_UPIDC_960897_8,03/EE/2024-25,Silt Clearance Correcting internal section of Sikandrabad Dy. from km. 0.000 to km. 6.600 (Rabi Fasli 1432) year 2024-25.(Lot-08),,,,,,,,,,,,,,,,"U P Irrigation Department (Civil)||Chief Engineer-Eastern Ganga, Moradabad||EGCC Circle, Bijnore||EGCD-4, bijnore",,,,,,"339,023.89",,2024-10-25,"U P Irrigation Department (Civil)||Chief Engineer-Eastern Ganga, Moradabad||EGCC Circle, Bijnore||EGCD-4, bijnore",True,"{'Flood': 0, 'Embankment': 0, 'embkt': 0, 'Relief': 0, 'Erosion': 0, 'SDRF': 0, 'Inundation': 0, 'Hydrology': 0, 'Silt': 1, 'Siltation': 0, 'Bund': 0, 'Trench': 0, 'Breach': 0, 'Culvert': 0, 'Sluice': 0, 'Dyke': 0, 'Storm water drain': 0, 'Emergency': 0, 'Immediate': 0, 'IM': 0, 'AE': 0, 'A E': 0, 'AAPDA MITRA': 0, 'Bridge': 0, 'River': 0, 'Drain': 0, 'Restoration': 0, 'Protection': 0, 'irr': 0, 'irrigation': 0, 'dam': 0, 'Nallah': 0, 'Retrofitting': 0, 'Pond': 0, 'Pokhari': 0, 'D/C': 0, 'Recharge shaft': 0, 'LFB': 0, 'RFB': 0}","{'Floodlight': 0, 'Flood Light': 0, 'GAS': 0, 'FIFA': 0, 'pipe': 0, 'pipes': 0, 'covid': 0, 'supply': 0, 'Beautification': 0, 'Installation': 0}",Post-Monsoon,,False,True,Others,
2024_UPIDC_960897_9,03/EE/2024-25,Silt Clearance Correcting internal section of Faridpur Dy. from km. 0.000 to km. 7.920 (Rabi Fasli 1432) year 2024-25.(Lot-09),,,,,,,,,,,,,,,,"U P Irrigation Department (Civil)||Chief Engineer-Eastern Ganga, Moradabad||EGCC Circle, Bijnore||EGCD-4, bijnore",,,,,,"1,584,216.02",,2024-10-25,"U P Irrigation Department (Civil)||Chief Engineer-Eastern Ganga, Moradabad||EGCC Circle, Bijnore||EGCD-4, bijnore",True,"{'Flood': 0, 'Embankment': 0, 'embkt': 0, 'Relief': 0, 'Erosion': 0, 'SDRF': 0, 'Inundation': 0, 'Hydrology': 0, 'Silt': 1, 'Siltation': 0, 'Bund': 0, 'Trench': 0, 'Breach': 0, 'Culvert': 0, 'Sluice': 0, 'Dyke': 0, 'Storm water drain': 0, 'Emergency': 0, 'Immediate': 0, 'IM': 0, 'AE': 0, 'A E': 0, 'AAPDA MITRA': 0, 'Bridge': 0, 'River': 0, 'Drain': 0, 'Restoration': 0, 'Protection': 0, 'irr': 0, 'irrigation': 0, 'dam': 0, 'Nallah': 0, 'Retrofitting': 0, 'Pond': 0, 'Pokhari': 0, 'D/C': 0, 'Recharge shaft': 0, 'LFB': 0, 'RFB': 0}","{'Floodlight': 0, 'Flood Light': 0, 'GAS': 0, 'FIFA': 0, 'pipe': 0, 'pipes': 0, 'covid': 0, 'supply': 0, 'Beautification': 0, 'Installation': 0}",Post-Monsoon,,False,True,Others,
2024_UPIDC_960897_16,03/EE/2024-25,Silt Clearance Correcting internal section of Pratappur Dy. from km. 0.000 to km. 6.150 (Rabi Fasli 1432) year 2024-25.(Lot-16),,,,,,,,,,,,,,,,"U P Irrigation Department (Civil)||Chief Engineer-Eastern Ganga, Moradabad||EGCC Circle, Bijnore||EGCD-4, bijnore",,,,,,"269,230.55",,2024-10-25,"U P Irrigation Department (Civil)||Chief Engineer-Eastern Ganga, Moradabad||EGCC Circle, Bijnore||EGCD-4, bijnore",True,"{'Flood': 0, 'Embankment': 0, 'embkt': 0, 'Relief': 0, 'Erosion': 0, 'SDRF': 0, 'Inundation': 0, 'Hydrology': 0, 'Silt': 1, 'Siltation': 0, 'Bund': 0, 'Trench': 0, 'Breach': 0, 'Culvert': 0, 'Sluice': 0, 'Dyke': 0, 'Storm water drain': 0, 'Emergency': 0, 'Immediate': 0, 'IM': 0, 'AE': 0, 'A E': 0, 'AAPDA MITRA': 0, 'Bridge': 0, 'River': 0, 'Drain': 0, 'Restoration': 0, 'Protection': 0, 'irr': 0, 'irrigation': 0, 'dam': 0, 'Nallah': 0, 'Retrofitting': 0, 'Pond': 0, 'Pokhari': 0, 'D/C': 0, 'Recharge shaft': 0, 'LFB': 0, 'RFB': 0}","{'Floodlight': 0, 'Flood Light': 0, 'GAS': 0, 'FIFA': 0, 'pipe': 0, 'pipes': 0, 'covid': 0, 'supply': 0, 'Beautification': 0, 'Installation': 0}",Post-Monsoon,,False,True,Others,
2024_UPIDC_960897_19,03/EE/2024-25,Silt Clearance Correcting internal section of Noorpur Dy. From km. 0.000 to km. 14.150( Rabi Fasli 1432) year 2024-25.(Lot-12),,,,,,,,,,,,,,,,"U P Irrigation Department (Civil)||Chief Engineer-Eastern Ganga, Moradabad||EGCC Circle, Bijnore||EGCD-4, bijnore",,,,,,"558,901.11",,2024-10-29,"U P Irrigation Department (Civil)||Chief Engineer-Eastern Ganga, Moradabad||EGCC Circle, Bijnore||EGCD-4, bijnore",True,"{'Flood': 0, 'Embankment': 0, 'embkt': 0, 'Relief': 0, 'Erosion': 0, 'SDRF': 0, 'Inundation': 0, 'Hydrology': 0, 'Silt': 1, 'Siltation': 0, 'Bund': 0, 'Trench': 0, 'Breach': 0, 'Culvert': 0, 'Sluice': 0, 'Dyke': 0, 'Storm water drain': 0, 'Emergency': 0, 'Immediate': 0, 'IM': 0, 'AE': 0, 'A E': 0, 'AAPDA MITRA': 0, 'Bridge': 0, 'River': 0, 'Drain': 0, 'Restoration': 0, 'Protection': 0, 'irr': 0, 'irrigation': 0, 'dam': 0, 'Nallah': 0, 'Retrofitting': 0, 'Pond': 0, 'Pokhari': 0, 'D/C': 0, 'Recharge shaft': 0, 'LFB': 0, 'RFB': 0}","{'Floodlight': 0, 'Flood Light': 0, 'GAS': 0, 'FIFA': 0, 'pipe': 0, 'pipes': 0, 'covid': 0, 'supply': 0, 'Beautification': 0, 'Installation': 0}",Post-Monsoon,,False,True,Others,
2024_UPIDC_960897_3,03/EE/2024-25,Silt Clearance Correcting internal section of Husainpur Dy. From km. 0.000 to km. 8.600( Rabi Fasli 1432) year 2024-25.(Lot-03),,,,,,,,,,,,,,,,"U P Irrigation Department (Civil)||Chief Engineer-Eastern Ganga, Moradabad||EGCC Circle, Bijnore||EGCD-4, bijnore",,,,,,"332,700.39",,2024-10-30,"U P Irrigation Department (Civil)||Chief Engineer-Eastern Ganga, Moradabad||EGCC Circle, Bijnore||EGCD-4, bijnore",True,"{'Flood': 0, 'Embankment': 0, 'embkt': 0, 'Relief': 0, 'Erosion': 0, 'SDRF': 0, 'Inundation': 0, 'Hydrology': 0, 'Silt': 1, 'Siltation': 0, 'Bund': 0, 'Trench': 0, 'Breach': 0, 'Culvert': 0, 'Sluice': 0, 'Dyke': 0, 'Storm water drain': 0, 'Emergency': 0, 'Immediate': 0, 'IM': 0, 'AE': 0, 'A E': 0, 'AAPDA MITRA': 0, 'Bridge': 0, 'River': 0, 'Drain': 0, 'Restoration': 0, 'Protection': 0, 'irr': 0, 'irrigation': 0, 'dam': 0, 'Nallah': 0, 'Retrofitting': 0, 'Pond': 0, 'Pokhari': 0, 'D/C': 0, 'Recharge shaft': 0, 'LFB': 0, 'RFB': 0}","{'Floodlight': 0, 'Flood Light': 0, 'GAS': 0, 'FIFA': 0, 'pipe': 0, 'pipes': 0, 'covid': 0, 'supply': 0, 'Beautification': 0, 'Installation': 0}",Post-Monsoon,,False,True,Others,
2024_UPIDC_960897_3,03/EE/2024-25,Silt Clearance Correcting internal section of Husainpur Dy. From km. 0.000 to km. 8.600( Rabi Fasli 1432) year 2024-25.(Lot-03),,,,,,,,,,,,,,,,"U P Irrigation Department (Civil)||Chief Engineer-Eastern Ganga, Moradabad||EGCC Circle, Bijnore||EGCD-4, bijnore",,,,,,"332,700.39",,2024-10-30,"U P Irrigation Department (Civil)||Chief Engineer-Eastern Ganga, Moradabad||EGCC Circle, Bijnore||EGCD-4, bijnore",True,"{'Flood': 0, 'Embankment': 0, 'embkt': 0, 'Relief': 0, 'Erosion': 0, 'SDRF': 0, 'Inundation': 0, 'Hydrology': 0, 'Silt': 1, 'Siltation': 0, 'Bund': 0, 'Trench': 0, 'Breach': 0, 'Culvert': 0, 'Sluice': 0, 'Dyke': 0, 'Storm water drain': 0, 'Emergency': 0, 'Immediate': 0, 'IM': 0, 'AE': 0, 'A E': 0, 'AAPDA MITRA': 0, 'Bridge': 0, 'River': 0, 'Drain': 0, 'Restoration': 0, 'Protection': 0, 'irr': 0, 'irrigation': 0, 'dam': 0, 'Nallah': 0, 'Retrofitting': 0, 'Pond': 0, 'Pokhari': 0, 'D/C': 0, 'Recharge shaft': 0, 'LFB': 0, 'RFB': 0}","{'Floodlight': 0, 'Flood Light': 0, 'GAS': 0, 'FIFA': 0, 'pipe': 0, 'pipes': 0, 'covid': 0, 'supply': 0, 'Beautification': 0, 'Installation': 0}",Post-Monsoon,,False,True,Others,
2024_UPIDC_960897_4,03/EE/2024-25,Silt Clearance Correcting internal section of Kiratpur Dy. From km. 0.000 to km. 8.100( Rabi Fasli 1432) year 2024-25.(Lot-04),,,,,,,,,,,,,,,,"U P Irrigation Department (Civil)||Chief Engineer-Eastern Ganga, Moradabad||EGCC Circle, Bijnore||EGCD-4, bijnore",,,,,,"319,654.28",,2024-10-30,"U P Irrigation Department (Civil)||Chief Engineer-Eastern Ganga, Moradabad||EGCC Circle, Bijnore||EGCD-4, bijnore",True,"{'Flood': 0, 'Embankment': 0, 'embkt': 0, 'Relief': 0, 'Erosion': 0, 'SDRF': 0, 'Inundation': 0, 'Hydrology': 0, 'Silt': 1, 'Siltation': 0, 'Bund': 0, 'Trench': 0, 'Breach': 0, 'Culvert': 0, 'Sluice': 0, 'Dyke': 0, 'Storm water drain': 0, 'Emergency': 0, 'Immediate': 0, 'IM': 0, 'AE': 0, 'A E': 0, 'AAPDA MITRA': 0, 'Bridge': 0, 'River': 0, 'Drain': 0, 'Restoration': 0, 'Protection': 0, 'irr': 0, 'irrigation': 0, 'dam': 0, 'Nallah': 0, 'Retrofitting': 0, 'Pond': 0, 'Pokhari': 0, 'D/C': 0, 'Recharge shaft': 0, 'LFB': 0, 'RFB': 0}","{'Floodlight': 0, 'Flood Light': 0, 'GAS': 0, 'FIFA': 0, 'pipe': 0, 'pipes': 0, 'covid': 0, 'supply': 0, 'Beautification': 0, 'Installation': 0}",Post-Monsoon,,False,True,Others,
2024_UPIDC_960897_5,03/EE/2024-25,Silt Clearance Correcting internal section of Gazipur Dy. From km. 0.000 to km. 5.950( Rabi Fasli 1432) year 2024-25.(Lot-05),,,,,,,,,,,,,,,,"U P Irrigation Department (Civil)||Chief Engineer-Eastern Ganga, Moradabad||EGCC Circle, Bijnore||EGCD-4, bijnore",,,,,,"226,960.49",,2024-10-25,"U P Irrigation Department (Civil)||Chief Engineer-Eastern Ganga, Moradabad||EGCC Circle, Bijnore||EGCD-4, bijnore",True,"{'Flood': 0, 'Embankment': 0, 'embkt': 0, 'Relief': 0, 'Erosion': 0, 'SDRF': 0, 'Inundation': 0, 'Hydrology': 0, 'Silt': 1, 'Siltation': 0, 'Bund': 0, 'Trench': 0, 'Breach': 0, 'Culvert': 0, 'Sluice': 0, 'Dyke': 0, 'Storm water drain': 0, 'Emergency': 0, 'Immediate': 0, 'IM': 0, 'AE': 0, 'A E': 0, 'AAPDA MITRA': 0, 'Bridge': 0, 'River': 0, 'Drain': 0, 'Restoration': 0, 'Protection': 0, 'irr': 0, 'irrigation': 0, 'dam': 0, 'Nallah': 0, 'Retrofitting': 0, 'Pond': 0, 'Pokhari': 0, 'D/C': 0, 'Recharge shaft': 0, 'LFB': 0, 'RFB': 0}","{'Floodlight': 0, 'Flood Light': 0, 'GAS': 0, 'FIFA': 0, 'pipe': 0, 'pipes': 0, 'covid': 0, 'supply': 0, 'Beautification': 0, 'Installation': 0}",Post-Monsoon,,False,True,Others,
2024_UPIDC_960897_6,03/EE/2024-25,Silt Clearance Correcting internal section of Jwalilala Dy. from km. 0.000 to km. 7.150 (Rabi Fasli 1432) year 2024-25.(Lot-06),,,,,,,,,,,,,,,,"U P Irrigation Department (Civil)||Chief Engineer-Eastern Ganga, Moradabad||EGCC Circle, Bijnore||EGCD-4, bijnore",,,,,,"269,230.55",,2024-10-25,"U P Irrigation Department (Civil)||Chief Engineer-Eastern Ganga, Moradabad||EGCC Circle, Bijnore||EGCD-4, bijnore",True,"{'Flood': 0, 'Embankment': 0, 'embkt': 0, 'Relief': 0, 'Erosion': 0, 'SDRF': 0, 'Inundation': 0, 'Hydrology': 0, 'Silt': 1, 'Siltation': 0, 'Bund': 0, 'Trench': 0, 'Breach': 0, 'Culvert': 0, 'Sluice': 0, 'Dyke': 0, 'Storm water drain': 0, 'Emergency': 0, 'Immediate': 0, 'IM': 0, 'AE': 0, 'A E': 0, 'AAPDA MITRA': 0, 'Bridge': 0, 'River': 0, 'Drain': 0, 'Restoration': 0, 'Protection': 0, 'irr': 0, 'irrigation': 0, 'dam': 0, 'Nallah': 0, 'Retrofitting': 0, 'Pond': 0, 'Pokhari': 0, 'D/C': 0, 'Recharge shaft': 0, 'LFB': 0, 'RFB': 0}","{'Floodlight': 0, 'Flood Light': 0, 'GAS': 0, 'FIFA': 0, 'pipe': 0, 'pipes': 0, 'covid': 0, 'supply': 0, 'Beautification': 0, 'Installation': 0}",Post-Monsoon,,False,True,Others,
2024_UPIDC_960897_8,03/EE/2024-25,Silt Clearance Correcting internal section of Sikandrabad Dy. from km. 0.000 to km. 6.600 (Rabi Fasli 1432) year 2024-25.(Lot-08),,,,,,,,,,,,,,,,"U P Irrigation Department (Civil)||Chief Engineer-Eastern Ganga, Moradabad||EGCC Circle, Bijnore||EGCD-4, bijnore",,,,,,"339,023.89",,2024-10-25,"U P Irrigation Department (Civil)||Chief Engineer-Eastern Ganga, Moradabad||EGCC Circle, Bijnore||EGCD-4, bijnore",True,"{'Flood': 0, 'Embankment': 0, 'embkt': 0, 'Relief': 0, 'Erosion': 0, 'SDRF': 0, 'Inundation': 0, 'Hydrology': 0, 'Silt': 1, 'Siltation': 0, 'Bund': 0, 'Trench': 0, 'Breach': 0, 'Culvert': 0, 'Sluice': 0, 'Dyke': 0, 'Storm water drain': 0, 'Emergency': 0, 'Immediate': 0, 'IM': 0, 'AE': 0, 'A E': 0, 'AAPDA MITRA': 0, 'Bridge': 0, 'River': 0, 'Drain': 0, 'Restoration': 0, 'Protection': 0, 'irr': 0, 'irrigation': 0, 'dam': 0, 'Nallah': 0, 'Retrofitting': 0, 'Pond': 0, 'Pokhari': 0, 'D/C': 0, 'Recharge shaft': 0, 'LFB': 0, 'RFB': 0}","{'Floodlight': 0, 'Flood Light': 0, 'GAS': 0, 'FIFA': 0, 'pipe': 0, 'pipes': 0, 'covid': 0, 'supply': 0, 'Beautification': 0, 'Installation': 0}",Post-Monsoon,,False,True,Others,
2024_UPIDC_960897_10,03/EE/2024-25,Silt Clearance Correcting internal section of Ganj Dy. From km. 0.000 to km. 31.600( Rabi Fasli 1432) year 2024-25.(Lot-10),,,,,,,,,,,,,,,,"U P Irrigation Department (Civil)||Chief Engineer-Eastern Ganga, Moradabad||EGCC Circle, Bijnore||EGCD-4, bijnore",,,,,,"1,584,216.02",,2024-10-25,"U P Irrigation Department (Civil)||Chief Engineer-Eastern Ganga, Moradabad||EGCC Circle, Bijnore||EGCD-4, bijnore",True,"{'Flood': 0, 'Embankment': 0, 'embkt': 0, 'Relief': 0, 'Erosion': 0, 'SDRF': 0, 'Inundation': 0, 'Hydrology': 0, 'Silt': 1, 'Siltation': 0, 'Bund': 0, 'Trench': 0, 'Breach': 0, 'Culvert': 0, 'Sluice': 0, 'Dyke': 0, 'Storm water drain': 0, 'Emergency': 0, 'Immediate': 0, 'IM': 0, 'AE': 0, 'A E': 0, 'AAPDA MITRA': 0, 'Bridge': 0, 'River': 0, 'Drain': 0, 'Restoration': 0, 'Protection': 0, 'irr': 0, 'irrigation': 0, 'dam': 0, 'Nallah': 0, 'Retrofitting': 0, 'Pond': 0, 'Pokhari': 0, 'D/C': 0, 'Recharge shaft': 0, 'LFB': 0, 'RFB': 0}","{'Floodlight': 0, 'Flood Light': 0, 'GAS': 0, 'FIFA': 0, 'pipe': 0, 'pipes': 0, 'covid': 0, 'supply': 0, 'Beautification': 0, 'Installation': 0}",Post-Monsoon,,False,True,Others,
2024_UPIDC_960897_11,03/EE/2024-25,Silt Clearance Correcting internal section of Aurangpur Hazi Dy. from km. 0.000 to km. 5.900 (Rabi Fasli 1432) year 2024-25.(Lot-11),,,,,,,,,,,,,,,,"U P Irrigation Department (Civil)||Chief Engineer-Eastern Ganga, Moradabad||EGCC Circle, Bijnore||EGCD-4, bijnore",,,,,,"255,684.24",,2024-10-25,"U P Irrigation Department (Civil)||Chief Engineer-Eastern Ganga, Moradabad||EGCC Circle, Bijnore||EGCD-4, bijnore",True,"{'Flood': 0, 'Embankment': 0, 'embkt': 0, 'Relief': 0, 'Erosion': 0, 'SDRF': 0, 'Inundation': 0, 'Hydrology': 0, 'Silt': 1, 'Siltation': 0, 'Bund': 0, 'Trench': 0, 'Breach': 0, 'Culvert': 0, 'Sluice': 0, 'Dyke': 0, 'Storm water drain': 0, 'Emergency': 0, 'Immediate': 0, 'IM': 0, 'AE': 0, 'A E': 0, 'AAPDA MITRA': 0, 'Bridge': 0, 'River': 0, 'Drain': 0, 'Restoration': 0, 'Protection': 0, 'irr': 0, 'irrigation': 0, 'dam': 0, 'Nallah': 0, 'Retrofitting': 0, 'Pond': 0, 'Pokhari': 0, 'D/C': 0, 'Recharge shaft': 0, 'LFB': 0, 'RFB': 0}","{'Floodlight': 0, 'Flood Light': 0, 'GAS': 0, 'FIFA': 0, 'pipe': 0, 'pipes': 0, 'covid': 0, 'supply': 0, 'Beautification': 0, 'Installation': 0}",Post-Monsoon,,False,True,Others,
2024_UPIDC_960897_14,03/EE/2024-25,Silt Clearance Correcting internal section of Moonampur Dy. from km. 0.000 to km. 4.700 (Rabi Fasli 1432) year 2024-25.(Lot-14),,,,,,,,,,,,,,,,"U P Irrigation Department (Civil)||Chief Engineer-Eastern Ganga, Moradabad||EGCC Circle, Bijnore||EGCD-4, bijnore",,,,,,"200,535.28",,2024-10-26,"U P Irrigation Department (Civil)||Chief Engineer-Eastern Ganga, Moradabad||EGCC Circle, Bijnore||EGCD-4, bijnore",True,"{'Flood': 0, 'Embankment': 0, 'embkt': 0, 'Relief': 0, 'Erosion': 0, 'SDRF': 0, 'Inundation': 0, 'Hydrology': 0, 'Silt': 1, 'Siltation': 0, 'Bund': 0, 'Trench': 0, 'Breach': 0, 'Culvert': 0, 'Sluice': 0, 'Dyke': 0, 'Storm water drain': 0, 'Emergency': 0, 'Immediate': 0, 'IM': 0, 'AE': 0, 'A E': 0, 'AAPDA MITRA': 0, 'Bridge': 0, 'River': 0, 'Drain': 0, 'Restoration': 0, 'Protection': 0, 'irr': 0, 'irrigation': 0, 'dam': 0, 'Nallah': 0, 'Retrofitting': 0, 'Pond': 0, 'Pokhari': 0, 'D/C': 0, 'Recharge shaft': 0, 'LFB': 0, 'RFB': 0}","{'Floodlight': 0, 'Flood Light': 0, 'GAS': 0, 'FIFA': 0, 'pipe': 0, 'pipes': 0, 'covid': 0, 'supply': 0, 'Beautification': 0, 'Installation': 0}",Post-Monsoon,,False,True,Others,
2024_UPIDC_960897_1,03/EE/2024-25,Silt Clearance Correcting internal section of Mahu Dy. from km. 0.000 to km. 22.100 (Rabi Fasli 1432) year 2024-25.(Lot-01),,,,,,,,,,,,,,,,"U P Irrigation Department (Civil)||Chief Engineer-Eastern Ganga, Moradabad||EGCC Circle, Bijnore||EGCD-4, bijnore",,,,,,"916,717.02",,2024-10-25,"U P Irrigation Department (Civil)||Chief Engineer-Eastern Ganga, Moradabad||EGCC Circle, Bijnore||EGCD-4, bijnore",True,"{'Flood': 0, 'Embankment': 0, 'embkt': 0, 'Relief': 0, 'Erosion': 0, 'SDRF': 0, 'Inundation': 0, 'Hydrology': 0, 'Silt': 1, 'Siltation': 0, 'Bund': 0, 'Trench': 0, 'Breach': 0, 'Culvert': 0, 'Sluice': 0, 'Dyke': 0, 'Storm water drain': 0, 'Emergency': 0, 'Immediate': 0, 'IM': 0, 'AE': 0, 'A E': 0, 'AAPDA MITRA': 0, 'Bridge': 0, 'River': 0, 'Drain': 0, 'Restoration': 0, 'Protection': 0, 'irr': 0, 'irrigation': 0, 'dam': 0, 'Nallah': 0, 'Retrofitting': 0, 'Pond': 0, 'Pokhari': 0, 'D/C': 0, 'Recharge shaft': 0, 'LFB': 0, 'RFB': 0}","{'Floodlight': 0, 'Flood Light': 0, 'GAS': 0, 'FIFA': 0, 'pipe': 0, 'pipes': 0, 'covid': 0, 'supply': 0, 'Beautification': 0, 'Installation': 0}",Post-Monsoon,,False,True,Others,
2024_UPIDC_959998_2,01/SE-VII/2024-25,Restoration and Demarcation work of canal land from km. 0.000 to km 14.360 of Gosaiganj Dy. in district Lucknow. (LOT-02),,,,,,,,,,,,,,,,"U P Irrigation Department (Civil)||Chief Engineer-Sharda Sahayak, Lucknow||VII Circle Irrigation Works, Lucknow",,,,,,"12,334,397.52",,2024-10-29,"U P Irrigation Department (Civil)||Chief Engineer-Sharda Sahayak, Lucknow||VII Circle Irrigation Works, Lucknow",True,"{'Flood': 0, 'Embankment': 0, 'embkt': 0, 'Relief': 0, 'Erosion': 0, 'SDRF': 0, 'Inundation': 0, 'Hydrology': 0, 'Silt': 0, 'Siltation': 0, 'Bund': 0, 'Trench': 0, 'Breach': 0, 'Culvert': 0, 'Sluice': 0, 'Dyke': 0, 'Storm water drain': 0, 'Emergency': 0, 'Immediate': 0, 'IM': 0, 'AE': 0, 'A E': 0, 'AAPDA MITRA': 0, 'Bridge': 0, 'River': 0, 'Drain': 0, 'Restoration': 1, 'Protection': 0, 'irr': 0, 'irrigation': 0, 'dam': 0, 'Nallah': 0, 'Retrofitting': 0, 'Pond': 0, 'Pokhari': 0, 'D/C': 0, 'Recharge shaft': 0, 'LFB': 0, 'RFB': 0}","{'Floodlight': 0, 'Flood Light': 0, 'GAS': 0, 'FIFA': 0, 'pipe': 0, 'pipes': 0, 'covid': 0, 'supply': 0, 'Beautification': 0, 'Installation': 0}",Post-Monsoon,,False,False,Repair and Restoration,{'restoration': 1}
2024_UPIDC_959579_36,02/EEAID/2024-25,Silt clearance of Gakkharpur Dy. From km. 0.000 to km. 10.000 in Dist. Moradabad.,,,,,,,,,,,,,,,,"U P Irrigation Department (Civil)||Chief Engineer-Eastern Ganga, Moradabad||Irrigation Works Circle, Moradabad||AID, dhampur",,,,,,"476,274.7",,2024-10-29,"U P Irrigation Department (Civil)||Chief Engineer-Eastern Ganga, Moradabad||Irrigation Works Circle, Moradabad||AID, dhampur",True,"{'Flood': 0, 'Embankment': 0, 'embkt': 0, 'Relief': 0, 'Erosion': 0, 'SDRF': 0, 'Inundation': 0, 'Hydrology': 0, 'Silt': 1, 'Siltation': 0, 'Bund': 0, 'Trench': 0, 'Breach': 0, 'Culvert': 0, 'Sluice': 0, 'Dyke': 0, 'Storm water drain': 0, 'Emergency': 0, 'Immediate': 0, 'IM': 0, 'AE': 0, 'A E': 0, 'AAPDA MITRA': 0, 'Bridge': 0, 'River': 0, 'Drain': 0, 'Restoration': 0, 'Protection': 0, 'irr': 0, 'irrigation': 0, 'dam': 0, 'Nallah': 0, 'Retrofitting': 0, 'Pond': 0, 'Pokhari': 0, 'D/C': 0, 'Recharge shaft': 0, 'LFB': 0, 'RFB': 0}","{'Floodlight': 0, 'Flood Light': 0, 'GAS': 0, 'FIFA': 0, 'pipe': 0, 'pipes': 0, 'covid': 0, 'supply': 0, 'Beautification': 0, 'Installation': 0}",Post-Monsoon,,False,True,Others,
2024_UPIDC_959579_37,02/EEAID/2024-25,Silt clearance of Gakkharpur Dy. From km. 10.050 to km. 21.000 in Dist. Moradabad.,,,,,,,,,,,,,,,,"U P Irrigation Department (Civil)||Chief Engineer-Eastern Ganga, Moradabad||Irrigation Works Circle, Moradabad||AID, dhampur",,,,,,"347,625.11",,2024-10-29,"U P Irrigation Department (Civil)||Chief Engineer-Eastern Ganga, Moradabad||Irrigation Works Circle, Moradabad||AID, dhampur",True,"{'Flood': 0, 'Embankment': 0, 'embkt': 0, 'Relief': 0, 'Erosion': 0, 'SDRF': 0, 'Inundation': 0, 'Hydrology': 0, 'Silt': 1, 'Siltation': 0, 'Bund': 0, 'Trench': 0, 'Breach': 0, 'Culvert': 0, 'Sluice': 0, 'Dyke': 0, 'Storm water drain': 0, 'Emergency': 0, 'Immediate': 0, 'IM': 0, 'AE': 0, 'A E': 0, 'AAPDA MITRA': 0, 'Bridge': 0, 'River': 0, 'Drain': 0, 'Restoration': 0, 'Protection': 0, 'irr': 0, 'irrigation': 0, 'dam': 0, 'Nallah': 0, 'Retrofitting': 0, 'Pond': 0, 'Pokhari': 0, 'D/C': 0, 'Recharge shaft': 0, 'LFB': 0, 'RFB': 0}","{'Floodlight': 0, 'Flood Light': 0, 'GAS': 0, 'FIFA': 0, 'pipe': 0, 'pipes': 0, 'covid': 0, 'supply': 0, 'Beautification': 0, 'Installation': 0}",Post-Monsoon,,False,True,Others,
2024_UPIDC_959579_5,02/EEAID/2024-25,Silt clearance/scrapping of Nahtaur Main Canal  Between  km. 0.000 to km. 12.070 in Dist. Bijnor.,,,,,,,,,,,,,,,,"U P Irrigation Department (Civil)||Chief Engineer-Eastern Ganga, Moradabad||Irrigation Works Circle, Moradabad||AID, dhampur",,,,,,"363,650.7",,2024-10-28,"U P Irrigation Department (Civil)||Chief Engineer-Eastern Ganga, Moradabad||Irrigation Works Circle, Moradabad||AID, dhampur",True,"{'Flood': 0, 'Embankment': 0, 'embkt': 0, 'Relief': 0, 'Erosion': 0, 'SDRF': 0, 'Inundation': 0, 'Hydrology': 0, 'Silt': 1, 'Siltation': 0, 'Bund': 0, 'Trench': 0, 'Breach': 0, 'Culvert': 0, 'Sluice': 0, 'Dyke': 0, 'Storm water drain': 0, 'Emergency': 0, 'Immediate': 0, 'IM': 0, 'AE': 0, 'A E': 0, 'AAPDA MITRA': 0, 'Bridge': 0, 'River': 0, 'Drain': 0, 'Restoration': 0, 'Protection': 0, 'irr': 0, 'irrigation': 0, 'dam': 0, 'Nallah': 0, 'Retrofitting': 0, 'Pond': 0, 'Pokhari': 0, 'D/C': 0, 'Recharge shaft': 0, 'LFB': 0, 'RFB': 0}","{'Floodlight': 0, 'Flood Light': 0, 'GAS': 0, 'FIFA': 0, 'pipe': 0, 'pipes': 0, 'covid': 0, 'supply': 0, 'Beautification': 0, 'Installation': 0}",Post-Monsoon,,False,True,Others,
2024_UPIDC_959579_6,02/EEAID/2024-25,Silt clearance/scrapping of R.G.P.D. Between km. 0.600 to km. 14.270 in Dist. Bijnor.,,,,,,,,,,,,,,,,"U P Irrigation Department (Civil)||Chief Engineer-Eastern Ganga, Moradabad||Irrigation Works Circle, Moradabad||AID, dhampur",,,,,,"549,242.7",,2024-10-28,"U P Irrigation Department (Civil)||Chief Engineer-Eastern Ganga, Moradabad||Irrigation Works Circle, Moradabad||AID, dhampur",True,"{'Flood': 0, 'Embankment': 0, 'embkt': 0, 'Relief': 0, 'Erosion': 0, 'SDRF': 0, 'Inundation': 0, 'Hydrology': 0, 'Silt': 1, 'Siltation': 0, 'Bund': 0, 'Trench': 0, 'Breach': 0, 'Culvert': 0, 'Sluice': 0, 'Dyke': 0, 'Storm water drain': 0, 'Emergency': 0, 'Immediate': 0, 'IM': 0, 'AE': 0, 'A E': 0, 'AAPDA MITRA': 0, 'Bridge': 0, 'River': 0, 'Drain': 0, 'Restoration': 0, 'Protection': 0, 'irr': 0, 'irrigation': 0, 'dam': 0, 'Nallah': 0, 'Retrofitting': 0, 'Pond': 0, 'Pokhari': 0, 'D/C': 0, 'Recharge shaft': 0, 'LFB': 0, 'RFB': 0}","{'Floodlight': 0, 'Flood Light': 0, 'GAS': 0, 'FIFA': 0, 'pipe': 0, 'pipes': 0, 'covid': 0, 'supply': 0, 'Beautification': 0, 'Installation': 0}",Post-Monsoon,,False,True,Others,
2024_UPIDC_959579_22,02/EEAID/2024-25,Silt clearance of Thakudwara Dy. From km. 5.650 to km. 20.000 in Dist. Moradabad.,,,,,,,,,,,,,,,,"U P Irrigation Department (Civil)||Chief Engineer-Eastern Ganga, Moradabad||Irrigation Works Circle, Moradabad||AID, dhampur",,,,,,"657,335.76",,2024-10-28,"U P Irrigation Department (Civil)||Chief Engineer-Eastern Ganga, Moradabad||Irrigation Works Circle, Moradabad||AID, dhampur",True,"{'Flood': 0, 'Embankment': 0, 'embkt': 0, 'Relief': 0, 'Erosion': 0, 'SDRF': 0, 'Inundation': 0, 'Hydrology': 0, 'Silt': 1, 'Siltation': 0, 'Bund': 0, 'Trench': 0, 'Breach': 0, 'Culvert': 0, 'Sluice': 0, 'Dyke': 0, 'Storm water drain': 0, 'Emergency': 0, 'Immediate': 0, 'IM': 0, 'AE': 0, 'A E': 0, 'AAPDA MITRA': 0, 'Bridge': 0, 'River': 0, 'Drain': 0, 'Restoration': 0, 'Protection': 0, 'irr': 0, 'irrigation': 0, 'dam': 0, 'Nallah': 0, 'Retrofitting': 0, 'Pond': 0, 'Pokhari': 0, 'D/C': 0, 'Recharge shaft': 0, 'LFB': 0, 'RFB': 0}","{'Floodlight': 0, 'Flood Light': 0, 'GAS': 0, 'FIFA': 0, 'pipe': 0, 'pipes': 0, 'covid': 0, 'supply': 0, 'Beautification': 0, 'Installation': 0}",Post-Monsoon,,False,True,Others,
2024_UPIDC_959579_22,02/EEAID/2024-25,Silt clearance of Thakudwara Dy. From km. 5.650 to km. 20.000 in Dist. Moradabad.,,,,,,,,,,,,,,,,"U P Irrigation Department (Civil)||Chief Engineer-Eastern Ganga, Moradabad||Irrigation Works Circle, Moradabad||AID, dhampur",,,,,,"657,335.76",,2024-10-28,"U P Irrigation Department (Civil)||Chief Engineer-Eastern Ganga, Moradabad||Irrigation Works Circle, Moradabad||AID, dhampur",True,"{'Flood': 0, 'Embankment': 0, 'embkt': 0, 'Relief': 0, 'Erosion': 0, 'SDRF': 0, 'Inundation': 0, 'Hydrology': 0, 'Silt': 1, 'Siltation': 0, 'Bund': 0, 'Trench': 0, 'Breach': 0, 'Culvert': 0, 'Sluice': 0, 'Dyke': 0, 'Storm water drain': 0, 'Emergency': 0, 'Immediate': 0, 'IM': 0, 'AE': 0, 'A E': 0, 'AAPDA MITRA': 0, 'Bridge': 0, 'River': 0, 'Drain': 0, 'Restoration': 0, 'Protection': 0, 'irr': 0, 'irrigation': 0, 'dam': 0, 'Nallah': 0, 'Retrofitting': 0, 'Pond': 0, 'Pokhari': 0, 'D/C': 0, 'Recharge shaft': 0, 'LFB': 0, 'RFB': 0}","{'Floodlight': 0, 'Flood Light': 0, 'GAS': 0, 'FIFA': 0, 'pipe': 0, 'pipes': 0, 'covid': 0, 'supply': 0, 'Beautification': 0, 'Installation': 0}",Post-Monsoon,,False,True,Others,
2024_UPIDC_959579_22,02/EEAID/2024-25,Silt clearance of Thakudwara Dy. From km. 5.650 to km. 20.000 in Dist. Moradabad.,,,,,,,,,,,,,,,,"U P Irrigation Department (Civil)||Chief Engineer-Eastern Ganga, Moradabad||Irrigation Works Circle, Moradabad||AID, dhampur",,,,,,"657,335.76",,2024-10-28,"U P Irrigation Department (Civil)||Chief Engineer-Eastern Ganga, Moradabad||Irrigation Works Circle, Moradabad||AID, dhampur",True,"{'Flood': 0, 'Embankment': 0, 'embkt': 0, 'Relief': 0, 'Erosion': 0, 'SDRF': 0, 'Inundation': 0, 'Hydrology': 0, 'Silt': 1, 'Siltation': 0, 'Bund': 0, 'Trench': 0, 'Breach': 0, 'Culvert': 0, 'Sluice': 0, 'Dyke': 0, 'Storm water drain': 0, 'Emergency': 0, 'Immediate': 0, 'IM': 0, 'AE': 0, 'A E': 0, 'AAPDA MITRA': 0, 'Bridge': 0, 'River': 0, 'Drain': 0, 'Restoration': 0, 'Protection': 0, 'irr': 0, 'irrigation': 0, 'dam': 0, 'Nallah': 0, 'Retrofitting': 0, 'Pond': 0, 'Pokhari': 0, 'D/C': 0, 'Recharge shaft': 0, 'LFB': 0, 'RFB': 0}","{'Floodlight': 0, 'Flood Light': 0, 'GAS': 0, 'FIFA': 0, 'pipe': 0, 'pipes': 0, 'covid': 0, 'supply': 0, 'Beautification': 0, 'Installation': 0}",Post-Monsoon,,False,True,Others,
2024_UPIDC_959579_24,02/EEAID/2024-25,Silt clearance of Tumariya mr. From km. 0.000 to km. 8.450 in Dist. Moradabad.,,,,,,,,,,,,,,,,"U P Irrigation Department (Civil)||Chief Engineer-Eastern Ganga, Moradabad||Irrigation Works Circle, Moradabad||AID, dhampur",,,,,,"208,936.52",,2024-10-29,"U P Irrigation Department (Civil)||Chief Engineer-Eastern Ganga, Moradabad||Irrigation Works Circle, Moradabad||AID, dhampur",True,"{'Flood': 0, 'Embankment': 0, 'embkt': 0, 'Relief': 0, 'Erosion': 0, 'SDRF': 0, 'Inundation': 0, 'Hydrology': 0, 'Silt': 1, 'Siltation': 0, 'Bund': 0, 'Trench': 0, 'Breach': 0, 'Culvert': 0, 'Sluice': 0, 'Dyke': 0, 'Storm water drain': 0, 'Emergency': 0, 'Immediate': 0, 'IM': 0, 'AE': 0, 'A E': 0, 'AAPDA MITRA': 0, 'Bridge': 0, 'River': 0, 'Drain': 0, 'Restoration': 0, 'Protection': 0, 'irr': 0, 'irrigation': 0, 'dam': 0, 'Nallah': 0, 'Retrofitting': 0, 'Pond': 0, 'Pokhari': 0, 'D/C': 0, 'Recharge shaft': 0, 'LFB': 0, 'RFB': 0}","{'Floodlight': 0, 'Flood Light': 0, 'GAS': 0, 'FIFA': 0, 'pipe': 0, 'pipes': 0, 'covid': 0, 'supply': 0, 'Beautification': 0, 'Installation': 0}",Post-Monsoon,,False,True,Repair and Restoration,{'mr': 1}
2024_UPIDC_959579_26,02/EEAID/2024-25,Silt clearance of Roshanpur Dy. From km. 0.000 to km. 7.400 in Dist. Moradabad.,,,,,,,,,,,,,,,,"U P Irrigation Department (Civil)||Chief Engineer-Eastern Ganga, Moradabad||Irrigation Works Circle, Moradabad||AID, dhampur",,,,,,"512,912.63",,2024-10-28,"U P Irrigation Department (Civil)||Chief Engineer-Eastern Ganga, Moradabad||Irrigation Works Circle, Moradabad||AID, dhampur",True,"{'Flood': 0, 'Embankment': 0, 'embkt': 0, 'Relief': 0, 'Erosion': 0, 'SDRF': 0, 'Inundation': 0, 'Hydrology': 0, 'Silt': 1, 'Siltation': 0, 'Bund': 0, 'Trench': 0, 'Breach': 0, 'Culvert': 0, 'Sluice': 0, 'Dyke': 0, 'Storm water drain': 0, 'Emergency': 0, 'Immediate': 0, 'IM': 0, 'AE': 0, 'A E': 0, 'AAPDA MITRA': 0, 'Bridge': 0, 'River': 0, 'Drain': 0, 'Restoration': 0, 'Protection': 0, 'irr': 0, 'irrigation': 0, 'dam': 0, 'Nallah': 0, 'Retrofitting': 0, 'Pond': 0, 'Pokhari': 0, 'D/C': 0, 'Recharge shaft': 0, 'LFB': 0, 'RFB': 0}","{'Floodlight': 0, 'Flood Light': 0, 'GAS': 0, 'FIFA': 0, 'pipe': 0, 'pipes': 0, 'covid': 0, 'supply': 0, 'Beautification': 0, 'Installation': 0}",Post-Monsoon,,False,True,Others,
2024_UPIDC_959579_33,02/EEAID/2024-25,Silt clearance of Mudapanday Dy. From km. 0.000 to km. 8.700 in Dist. Moradabad.,,,,,,,,,,,,,,,,"U P Irrigation Department (Civil)||Chief Engineer-Eastern Ganga, Moradabad||Irrigation Works Circle, Moradabad||AID, dhampur",,,,,,"361,448.4",,2024-10-28,"U P Irrigation Department (Civil)||Chief Engineer-Eastern Ganga, Moradabad||Irrigation Works Circle, Moradabad||AID, dhampur",True,"{'Flood': 0, 'Embankment': 0, 'embkt': 0, 'Relief': 0, 'Erosion': 0, 'SDRF': 0, 'Inundation': 0, 'Hydrology': 0, 'Silt': 1, 'Siltation': 0, 'Bund': 0, 'Trench': 0, 'Breach': 0, 'Culvert': 0, 'Sluice': 0, 'Dyke': 0, 'Storm water drain': 0, 'Emergency': 0, 'Immediate': 0, 'IM': 0, 'AE': 0, 'A E': 0, 'AAPDA MITRA': 0, 'Bridge': 0, 'River': 0, 'Drain': 0, 'Restoration': 0, 'Protection': 0, 'irr': 0, 'irrigation': 0, 'dam': 0, 'Nallah': 0, 'Retrofitting': 0, 'Pond': 0, 'Pokhari': 0, 'D/C': 0, 'Recharge shaft': 0, 'LFB': 0, 'RFB': 0}","{'Floodlight': 0, 'Flood Light': 0, 'GAS': 0, 'FIFA': 0, 'pipe': 0, 'pipes': 0, 'covid': 0, 'supply': 0, 'Beautification': 0, 'Installation': 0}",Post-Monsoon,,False,True,Others,
2024_UPIDC_959579_35,02/EEAID/2024-25,Silt clearance of Godhi Dy. From km. 11.800 to km. 19.000 in Dist. Moradabad.,,,,,,,,,,,,,,,,"U P Irrigation Department (Civil)||Chief Engineer-Eastern Ganga, Moradabad||Irrigation Works Circle, Moradabad||AID, dhampur",,,,,,"259,651.88",,2024-10-28,"U P Irrigation Department (Civil)||Chief Engineer-Eastern Ganga, Moradabad||Irrigation Works Circle, Moradabad||AID, dhampur",True,"{'Flood': 0, 'Embankment': 0, 'embkt': 0, 'Relief': 0, 'Erosion': 0, 'SDRF': 0, 'Inundation': 0, 'Hydrology': 0, 'Silt': 1, 'Siltation': 0, 'Bund': 0, 'Trench': 0, 'Breach': 0, 'Culvert': 0, 'Sluice': 0, 'Dyke': 0, 'Storm water drain': 0, 'Emergency': 0, 'Immediate': 0, 'IM': 0, 'AE': 0, 'A E': 0, 'AAPDA MITRA': 0, 'Bridge': 0, 'River': 0, 'Drain': 0, 'Restoration': 0, 'Protection': 0, 'irr': 0, 'irrigation': 0, 'dam': 0, 'Nallah': 0, 'Retrofitting': 0, 'Pond': 0, 'Pokhari': 0, 'D/C': 0, 'Recharge shaft': 0, 'LFB': 0, 'RFB': 0}","{'Floodlight': 0, 'Flood Light': 0, 'GAS': 0, 'FIFA': 0, 'pipe': 0, 'pipes': 0, 'covid': 0, 'supply': 0, 'Beautification': 0, 'Installation': 0}",Post-Monsoon,,False,True,Others,
2024_UPIDC_959579_33,02/EEAID/2024-25,Silt clearance of Mudapanday Dy. From km. 0.000 to km. 8.700 in Dist. Moradabad.,,,,,,,,,,,,,,,,"U P Irrigation Department (Civil)||Chief Engineer-Eastern Ganga, Moradabad||Irrigation Works Circle, Moradabad||AID, dhampur",,,,,,"361,448.4",,2024-10-28,"U P Irrigation Department (Civil)||Chief Engineer-Eastern Ganga, Moradabad||Irrigation Works Circle, Moradabad||AID, dhampur",True,"{'Flood': 0, 'Embankment': 0, 'embkt': 0, 'Relief': 0, 'Erosion': 0, 'SDRF': 0, 'Inundation': 0, 'Hydrology': 0, 'Silt': 1, 'Siltation': 0, 'Bund': 0, 'Trench': 0, 'Breach': 0, 'Culvert': 0, 'Sluice': 0, 'Dyke': 0, 'Storm water drain': 0, 'Emergency': 0, 'Immediate': 0, 'IM': 0, 'AE': 0, 'A E': 0, 'AAPDA MITRA': 0, 'Bridge': 0, 'River': 0, 'Drain': 0, 'Restoration': 0, 'Protection': 0, 'irr': 0, 'irrigation': 0, 'dam': 0, 'Nallah': 0, 'Retrofitting': 0, 'Pond': 0, 'Pokhari': 0, 'D/C': 0, 'Recharge shaft': 0, 'LFB': 0, 'RFB': 0}","{'Floodlight': 0, 'Flood Light': 0, 'GAS': 0, 'FIFA': 0, 'pipe': 0, 'pipes': 0, 'covid': 0, 'supply': 0, 'Beautification': 0, 'Installation': 0}",Post-Monsoon,,False,True,Others,
2024_UPIDC_959579_15,02/EEAID/2024-25,Silt clearance/scrapping of Jatpura Dy.  Between km. 0.000 to km. 20.680 in Dist. Bijnor.,,,,,,,,,,,,,,,,"U P Irrigation Department (Civil)||Chief Engineer-Eastern Ganga, Moradabad||Irrigation Works Circle, Moradabad||AID, dhampur",,,,,,"632,789.64",,2024-10-28,"U P Irrigation Department (Civil)||Chief Engineer-Eastern Ganga, Moradabad||Irrigation Works Circle, Moradabad||AID, dhampur",True,"{'Flood': 0, 'Embankment': 0, 'embkt': 0, 'Relief': 0, 'Erosion': 0, 'SDRF': 0, 'Inundation': 0, 'Hydrology': 0, 'Silt': 1, 'Siltation': 0, 'Bund': 0, 'Trench': 0, 'Breach': 0, 'Culvert': 0, 'Sluice': 0, 'Dyke': 0, 'Storm water drain': 0, 'Emergency': 0, 'Immediate': 0, 'IM': 0, 'AE': 0, 'A E': 0, 'AAPDA MITRA': 0, 'Bridge': 0, 'River': 0, 'Drain': 0, 'Restoration': 0, 'Protection': 0, 'irr': 0, 'irrigation': 0, 'dam': 0, 'Nallah': 0, 'Retrofitting': 0, 'Pond': 0, 'Pokhari': 0, 'D/C': 0, 'Recharge shaft': 0, 'LFB': 0, 'RFB': 0}","{'Floodlight': 0, 'Flood Light': 0, 'GAS': 0, 'FIFA': 0, 'pipe': 0, 'pipes': 0, 'covid': 0, 'supply': 0, 'Beautification': 0, 'Installation': 0}",Post-Monsoon,,False,True,Others,
2024_UPIDC_959579_15,02/EEAID/2024-25,Silt clearance/scrapping of Jatpura Dy.  Between km. 0.000 to km. 20.680 in Dist. Bijnor.,,,,,,,,,,,,,,,,"U P Irrigation Department (Civil)||Chief Engineer-Eastern Ganga, Moradabad||Irrigation Works Circle, Moradabad||AID, dhampur",,,,,,"632,789.64",,2024-10-28,"U P Irrigation Department (Civil)||Chief Engineer-Eastern Ganga, Moradabad||Irrigation Works Circle, Moradabad||AID, dhampur",True,"{'Flood': 0, 'Embankment': 0, 'embkt': 0, 'Relief': 0, 'Erosion': 0, 'SDRF': 0, 'Inundation': 0, 'Hydrology': 0, 'Silt': 1, 'Siltation': 0, 'Bund': 0, 'Trench': 0, 'Breach': 0, 'Culvert': 0, 'Sluice': 0, 'Dyke': 0, 'Storm water drain': 0, 'Emergency': 0, 'Immediate': 0, 'IM': 0, 'AE': 0, 'A E': 0, 'AAPDA MITRA': 0, 'Bridge': 0, 'River': 0, 'Drain': 0, 'Restoration': 0, 'Protection': 0, 'irr': 0, 'irrigation': 0, 'dam': 0, 'Nallah': 0, 'Retrofitting': 0, 'Pond': 0, 'Pokhari': 0, 'D/C': 0, 'Recharge shaft': 0, 'LFB': 0, 'RFB': 0}","{'Floodlight': 0, 'Flood Light': 0, 'GAS': 0, 'FIFA': 0, 'pipe': 0, 'pipes': 0, 'covid': 0, 'supply': 0, 'Beautification': 0, 'Installation': 0}",Post-Monsoon,,False,True,Others,
2024_UPIDC_959579_15,02/EEAID/2024-25,Silt clearance/scrapping of Jatpura Dy.  Between km. 0.000 to km. 20.680 in Dist. Bijnor.,,,,,,,,,,,,,,,,"U P Irrigation Department (Civil)||Chief Engineer-Eastern Ganga, Moradabad||Irrigation Works Circle, Moradabad||AID, dhampur",,,,,,"632,789.64",,2024-10-28,"U P Irrigation Department (Civil)||Chief Engineer-Eastern Ganga, Moradabad||Irrigation Works Circle, Moradabad||AID, dhampur",True,"{'Flood': 0, 'Embankment': 0, 'embkt': 0, 'Relief': 0, 'Erosion': 0, 'SDRF': 0, 'Inundation': 0, 'Hydrology': 0, 'Silt': 1, 'Siltation': 0, 'Bund': 0, 'Trench': 0, 'Breach': 0, 'Culvert': 0, 'Sluice': 0, 'Dyke': 0, 'Storm water drain': 0, 'Emergency': 0, 'Immediate': 0, 'IM': 0, 'AE': 0, 'A E': 0, 'AAPDA MITRA': 0, 'Bridge': 0, 'River': 0, 'Drain': 0, 'Restoration': 0, 'Protection': 0, 'irr': 0, 'irrigation': 0, 'dam': 0, 'Nallah': 0, 'Retrofitting': 0, 'Pond': 0, 'Pokhari': 0, 'D/C': 0, 'Recharge shaft': 0, 'LFB': 0, 'RFB': 0}","{'Floodlight': 0, 'Flood Light': 0, 'GAS': 0, 'FIFA': 0, 'pipe': 0, 'pipes': 0, 'covid': 0, 'supply': 0, 'Beautification': 0, 'Installation': 0}",Post-Monsoon,,False,True,Others,
2024_UPIDC_959579_15,02/EEAID/2024-25,Silt clearance/scrapping of Jatpura Dy.  Between km. 0.000 to km. 20.680 in Dist. Bijnor.,,,,,,,,,,,,,,,,"U P Irrigation Department (Civil)||Chief Engineer-Eastern Ganga, Moradabad||Irrigation Works Circle, Moradabad||AID, dhampur",,,,,,"632,789.64",,2024-10-28,"U P Irrigation Department (Civil)||Chief Engineer-Eastern Ganga, Moradabad||Irrigation Works Circle, Moradabad||AID, dhampur",True,"{'Flood': 0, 'Embankment': 0, 'embkt': 0, 'Relief': 0, 'Erosion': 0, 'SDRF': 0, 'Inundation': 0, 'Hydrology': 0, 'Silt': 1, 'Siltation': 0, 'Bund': 0, 'Trench': 0, 'Breach': 0, 'Culvert': 0, 'Sluice': 0, 'Dyke': 0, 'Storm water drain': 0, 'Emergency': 0, 'Immediate': 0, 'IM': 0, 'AE': 0, 'A E': 0, 'AAPDA MITRA': 0, 'Bridge': 0, 'River': 0, 'Drain': 0, 'Restoration': 0, 'Protection': 0, 'irr': 0, 'irrigation': 0, 'dam': 0, 'Nallah': 0, 'Retrofitting': 0, 'Pond': 0, 'Pokhari': 0, 'D/C': 0, 'Recharge shaft': 0, 'LFB': 0, 'RFB': 0}","{'Floodlight': 0, 'Flood Light': 0, 'GAS': 0, 'FIFA': 0, 'pipe': 0, 'pipes': 0, 'covid': 0, 'supply': 0, 'Beautification': 0, 'Installation': 0}",Post-Monsoon,,False,True,Others,
2024_UPIDC_959579_17,02/EEAID/2024-25,Silt clearance of Kamalpuri Dy. From km. 0.000 to km. 8.500 in Dist. Moradabad.,,,,,,,,,,,,,,,,"U P Irrigation Department (Civil)||Chief Engineer-Eastern Ganga, Moradabad||Irrigation Works Circle, Moradabad||AID, dhampur",,,,,,"395,920",,2024-10-28,"U P Irrigation Department (Civil)||Chief Engineer-Eastern Ganga, Moradabad||Irrigation Works Circle, Moradabad||AID, dhampur",True,"{'Flood': 0, 'Embankment': 0, 'embkt': 0, 'Relief': 0, 'Erosion': 0, 'SDRF': 0, 'Inundation': 0, 'Hydrology': 0, 'Silt': 1, 'Siltation': 0, 'Bund': 0, 'Trench': 0, 'Breach': 0, 'Culvert': 0, 'Sluice': 0, 'Dyke': 0, 'Storm water drain': 0, 'Emergency': 0, 'Immediate': 0, 'IM': 0, 'AE': 0, 'A E': 0, 'AAPDA MITRA': 0, 'Bridge': 0, 'River': 0, 'Drain': 0, 'Restoration': 0, 'Protection': 0, 'irr': 0, 'irrigation': 0, 'dam': 0, 'Nallah': 0, 'Retrofitting': 0, 'Pond': 0, 'Pokhari': 0, 'D/C': 0, 'Recharge shaft': 0, 'LFB': 0, 'RFB': 0}","{'Floodlight': 0, 'Flood Light': 0, 'GAS': 0, 'FIFA': 0, 'pipe': 0, 'pipes': 0, 'covid': 0, 'supply': 0, 'Beautification': 0, 'Installation': 0}",Post-Monsoon,,False,True,Others,
2024_UPIDC_959579_18,02/EEAID/2024-25,Silt clearance of Kamalpuri Dy. From km. 8.550 to km. 22.880 in Dist. Moradabad.,,,,,,,,,,,,,,,,"U P Irrigation Department (Civil)||Chief Engineer-Eastern Ganga, Moradabad||Irrigation Works Circle, Moradabad||AID, dhampur",,,,,,"544,231.38",,2024-10-28,"U P Irrigation Department (Civil)||Chief Engineer-Eastern Ganga, Moradabad||Irrigation Works Circle, Moradabad||AID, dhampur",True,"{'Flood': 0, 'Embankment': 0, 'embkt': 0, 'Relief': 0, 'Erosion': 0, 'SDRF': 0, 'Inundation': 0, 'Hydrology': 0, 'Silt': 1, 'Siltation': 0, 'Bund': 0, 'Trench': 0, 'Breach': 0, 'Culvert': 0, 'Sluice': 0, 'Dyke': 0, 'Storm water drain': 0, 'Emergency': 0, 'Immediate': 0, 'IM': 0, 'AE': 0, 'A E': 0, 'AAPDA MITRA': 0, 'Bridge': 0, 'River': 0, 'Drain': 0, 'Restoration': 0, 'Protection': 0, 'irr': 0, 'irrigation': 0, 'dam': 0, 'Nallah': 0, 'Retrofitting': 0, 'Pond': 0, 'Pokhari': 0, 'D/C': 0, 'Recharge shaft': 0, 'LFB': 0, 'RFB': 0}","{'Floodlight': 0, 'Flood Light': 0, 'GAS': 0, 'FIFA': 0, 'pipe': 0, 'pipes': 0, 'covid': 0, 'supply': 0, 'Beautification': 0, 'Installation': 0}",Post-Monsoon,,False,True,Others,
2024_UPIDC_957677_1,02/SE/2024-25,"Construction of C.C. road, C.C. Paver and R.C.C. Drain from causeway to Dhasan Main canal service road and Top of Embankment in left bank of Dhasan River in D/s of Lahchura dam. (Lot-01)",,,,,,,,,,,,,,,,"U P Irrigation Department (Civil)||Chief Engineer-Betwa Project, Jhansi||Irrigation Contruction Circle, Mahoba",,,,,,"19,520,335.49",,2024-10-28,"U P Irrigation Department (Civil)||Chief Engineer-Betwa Project, Jhansi||Irrigation Contruction Circle, Mahoba",True,"{'Flood': 0, 'Embankment': 1, 'embkt': 0, 'Relief': 0, 'Erosion': 0, 'SDRF': 0, 'Inundation': 0, 'Hydrology': 0, 'Silt': 0, 'Siltation': 0, 'Bund': 0, 'Trench': 0, 'Breach': 0, 'Culvert': 0, 'Sluice': 0, 'Dyke': 0, 'Storm water drain': 0, 'Emergency': 0, 'Immediate': 0, 'IM': 0, 'AE': 0, 'A E': 0, 'AAPDA MITRA': 0, 'Bridge': 0, 'River': 1, 'Drain': 1, 'Restoration': 0, 'Protection': 0, 'irr': 0, 'irrigation': 0, 'dam': 1, 'Nallah': 0, 'Retrofitting': 0, 'Pond': 0, 'Pokhari': 0, 'D/C': 0, 'Recharge shaft': 0, 'LFB': 0, 'RFB': 0}","{'Floodlight': 0, 'Flood Light': 0, 'GAS': 0, 'FIFA': 0, 'pipe': 0, 'pipes': 0, 'covid': 0, 'supply': 0, 'Beautification': 0, 'Installation': 0}",Post-Monsoon,,False,True,Repair and Restoration,"{'Construction': 1, 'Drain': 1}"
2024_UPIDC_957297_4,01/SE/2024-25,Renovation/Repair work of Type-I temporary residence from D-1 to D-20 and Permanent residence from D-21 to D-24 of Irrigation colony in District Mahoba.(LOT-4),,,,,,,,,,,,,,,,"U P Irrigation Department (Civil)||Chief Engineer-Betwa Project, Jhansi||Irrigation Contruction Circle, Mahoba",,,,,,"13,551,563.49",,2024-10-28,"U P Irrigation Department (Civil)||Chief Engineer-Betwa Project, Jhansi||Irrigation Contruction Circle, Mahoba",True,"{'Flood': 0, 'Embankment': 0, 'embkt': 0, 'Relief': 0, 'Erosion': 0, 'SDRF': 0, 'Inundation': 0, 'Hydrology': 0, 'Silt': 0, 'Siltation': 0, 'Bund': 0, 'Trench': 0, 'Breach': 0, 'Culvert': 0, 'Sluice': 0, 'Dyke': 0, 'Storm water drain': 0, 'Emergency': 0, 'Immediate': 0, 'IM': 0, 'AE': 0, 'A E': 0, 'AAPDA MITRA': 0, 'Bridge': 0, 'River': 0, 'Drain': 0, 'Restoration': 0, 'Protection': 0, 'irr': 0, 'irrigation': 1, 'dam': 0, 'Nallah': 0, 'Retrofitting': 0, 'Pond': 0, 'Pokhari': 0, 'D/C': 0, 'Recharge shaft': 0, 'LFB': 0, 'RFB': 0}","{'Floodlight': 0, 'Flood Light': 0, 'GAS': 0, 'FIFA': 0, 'pipe': 0, 'pipes': 0, 'covid': 0, 'supply': 0, 'Beautification': 0, 'Installation': 0}",Post-Monsoon,,False,False,Repair and Restoration,"{'repair': 1, 'renovation': 1}"
2024_UPIDC_957297_4,01/SE/2024-25,Renovation/Repair work of Type-I temporary residence from D-1 to D-20 and Permanent residence from D-21 to D-24 of Irrigation colony in District Mahoba.(LOT-4),,,,,,,,,,,,,,,,"U P Irrigation Department (Civil)||Chief Engineer-Betwa Project, Jhansi||Irrigation Contruction Circle, Mahoba",,,,,,"13,551,563.49",,2024-10-28,"U P Irrigation Department (Civil)||Chief Engineer-Betwa Project, Jhansi||Irrigation Contruction Circle, Mahoba",True,"{'Flood': 0, 'Embankment': 0, 'embkt': 0, 'Relief': 0, 'Erosion': 0, 'SDRF': 0, 'Inundation': 0, 'Hydrology': 0, 'Silt': 0, 'Siltation': 0, 'Bund': 0, 'Trench': 0, 'Breach': 0, 'Culvert': 0, 'Sluice': 0, 'Dyke': 0, 'Storm water drain': 0, 'Emergency': 0, 'Immediate': 0, 'IM': 0, 'AE': 0, 'A E': 0, 'AAPDA MITRA': 0, 'Bridge': 0, 'River': 0, 'Drain': 0, 'Restoration': 0, 'Protection': 0, 'irr': 0, 'irrigation': 1, 'dam': 0, 'Nallah': 0, 'Retrofitting': 0, 'Pond': 0, 'Pokhari': 0, 'D/C': 0, 'Recharge shaft': 0, 'LFB': 0, 'RFB': 0}","{'Floodlight': 0, 'Flood Light': 0, 'GAS': 0, 'FIFA': 0, 'pipe': 0, 'pipes': 0, 'covid': 0, 'supply': 0, 'Beautification': 0, 'Installation': 0}",Post-Monsoon,,False,False,Repair and Restoration,"{'repair': 1, 'renovation': 1}"
2024_UPIDC_957297_4,01/SE/2024-25,Renovation/Repair work of Type-I temporary residence from D-1 to D-20 and Permanent residence from D-21 to D-24 of Irrigation colony in District Mahoba.(LOT-4),,,,,,,,,,,,,,,,"U P Irrigation Department (Civil)||Chief Engineer-Betwa Project, Jhansi||Irrigation Contruction Circle, Mahoba",,,,,,"13,551,563.49",,2024-10-28,"U P Irrigation Department (Civil)||Chief Engineer-Betwa Project, Jhansi||Irrigation Contruction Circle, Mahoba",True,"{'Flood': 0, 'Embankment': 0, 'embkt': 0, 'Relief': 0, 'Erosion': 0, 'SDRF': 0, 'Inundation': 0, 'Hydrology': 0, 'Silt': 0, 'Siltation': 0, 'Bund': 0, 'Trench': 0, 'Breach': 0, 'Culvert': 0, 'Sluice': 0, 'Dyke': 0, 'Storm water drain': 0, 'Emergency': 0, 'Immediate': 0, 'IM': 0, 'AE': 0, 'A E': 0, 'AAPDA MITRA': 0, 'Bridge': 0, 'River': 0, 'Drain': 0, 'Restoration': 0, 'Protection': 0, 'irr': 0, 'irrigation': 1, 'dam': 0, 'Nallah': 0, 'Retrofitting': 0, 'Pond': 0, 'Pokhari': 0, 'D/C': 0, 'Recharge shaft': 0, 'LFB': 0, 'RFB': 0}","{'Floodlight': 0, 'Flood Light': 0, 'GAS': 0, 'FIFA': 0, 'pipe': 0, 'pipes': 0, 'covid': 0, 'supply': 0, 'Beautification': 0, 'Installation': 0}",Post-Monsoon,,False,False,Repair and Restoration,"{'repair': 1, 'renovation': 1}"
2024_UPIDC_957250_2,01/E.E./2024-25 Date-10.09.2024,Scour Protection work (Boulder Pitching) at upstream (Left and Right bank)and Downstream (right bank) of VRB at Km 38.000 cross regulator of Allahabad Branch,,,,,,,,,,,,,,,,"U P Irrigation Department (Civil)||Chief Engineer-Sharda Sahayak, Lucknow||XVI Circle Irrigation Works, Pratapgargh||ID, pratapgarh",,,,,,"2,020,183.2",,2024-10-26,"U P Irrigation Department (Civil)||Chief Engineer-Sharda Sahayak, Lucknow||XVI Circle Irrigation Works, Pratapgargh||ID, pratapgarh",True,"{'Flood': 0, 'Embankment': 0, 'embkt': 0, 'Relief': 0, 'Erosion': 0, 'SDRF': 0, 'Inundation': 0, 'Hydrology': 0, 'Silt': 0, 'Siltation': 0, 'Bund': 0, 'Trench': 0, 'Breach': 0, 'Culvert': 0, 'Sluice': 0, 'Dyke': 0, 'Storm water drain': 0, 'Emergency': 0, 'Immediate': 0, 'IM': 0, 'AE': 0, 'A E': 0, 'AAPDA MITRA': 0, 'Bridge': 0, 'River': 0, 'Drain': 0, 'Restoration': 0, 'Protection': 1, 'irr': 0, 'irrigation': 0, 'dam': 0, 'Nallah': 0, 'Retrofitting': 0, 'Pond': 0, 'Pokhari': 0, 'D/C': 0, 'Recharge shaft': 0, 'LFB': 0, 'RFB': 0}","{'Floodlight': 0, 'Flood Light': 0, 'GAS': 0, 'FIFA': 0, 'pipe': 0, 'pipes': 0, 'covid': 0, 'supply': 0, 'Beautification': 0, 'Installation': 0}",Post-Monsoon,,False,False,Preparedness Measures,{'Protection': 1}
2024_UPIDC_957250_2,01/E.E./2024-25 Date-10.09.2024,Scour Protection work (Boulder Pitching) at upstream (Left and Right bank)and Downstream (right bank) of VRB at Km 38.000 cross regulator of Allahabad Branch,,,,,,,,,,,,,,,,"U P Irrigation Department (Civil)||Chief Engineer-Sharda Sahayak, Lucknow||XVI Circle Irrigation Works, Pratapgargh||ID, pratapgarh",,,,,,"2,020,183.2",,2024-10-26,"U P Irrigation Department (Civil)||Chief Engineer-Sharda Sahayak, Lucknow||XVI Circle Irrigation Works, Pratapgargh||ID, pratapgarh",True,"{'Flood': 0, 'Embankment': 0, 'embkt': 0, 'Relief': 0, 'Erosion': 0, 'SDRF': 0, 'Inundation': 0, 'Hydrology': 0, 'Silt': 0, 'Siltation': 0, 'Bund': 0, 'Trench': 0, 'Breach': 0, 'Culvert': 0, 'Sluice': 0, 'Dyke': 0, 'Storm water drain': 0, 'Emergency': 0, 'Immediate': 0, 'IM': 0, 'AE': 0, 'A E': 0, 'AAPDA MITRA': 0, 'Bridge': 0, 'River': 0, 'Drain': 0, 'Restoration': 0, 'Protection': 1, 'irr': 0, 'irrigation': 0, 'dam': 0, 'Nallah': 0, 'Retrofitting': 0, 'Pond': 0, 'Pokhari': 0, 'D/C': 0, 'Recharge shaft': 0, 'LFB': 0, 'RFB': 0}","{'Floodlight': 0, 'Flood Light': 0, 'GAS': 0, 'FIFA': 0, 'pipe': 0, 'pipes': 0, 'covid': 0, 'supply': 0, 'Beautification': 0, 'Installation': 0}",Post-Monsoon,,False,False,Preparedness Measures,{'Protection': 1}
2024_UPIDC_957250_2,01/E.E./2024-25 Date-10.09.2024,Scour Protection work (Boulder Pitching) at upstream (Left and Right bank)and Downstream (right bank) of VRB at Km 38.000 cross regulator of Allahabad Branch,,,,,,,,,,,,,,,,"U P Irrigation Department (Civil)||Chief Engineer-Sharda Sahayak, Lucknow||XVI Circle Irrigation Works, Pratapgargh||ID, pratapgarh",,,,,,"2,020,183.2",,2024-10-26,"U P Irrigation Department (Civil)||Chief Engineer-Sharda Sahayak, Lucknow||XVI Circle Irrigation Works, Pratapgargh||ID, pratapgarh",True,"{'Flood': 0, 'Embankment': 0, 'embkt': 0, 'Relief': 0, 'Erosion': 0, 'SDRF': 0, 'Inundation': 0, 'Hydrology': 0, 'Silt': 0, 'Siltation': 0, 'Bund': 0, 'Trench': 0, 'Breach': 0, 'Culvert': 0, 'Sluice': 0, 'Dyke': 0, 'Storm water drain': 0, 'Emergency': 0, 'Immediate': 0, 'IM': 0, 'AE': 0, 'A E': 0, 'AAPDA MITRA': 0, 'Bridge': 0, 'River': 0, 'Drain': 0, 'Restoration': 0, 'Protection': 1, 'irr': 0, 'irrigation': 0, 'dam': 0, 'Nallah': 0, 'Retrofitting': 0, 'Pond': 0, 'Pokhari': 0, 'D/C': 0, 'Recharge shaft': 0, 'LFB': 0, 'RFB': 0}","{'Floodlight': 0, 'Flood Light': 0, 'GAS': 0, 'FIFA': 0, 'pipe': 0, 'pipes': 0, 'covid': 0, 'supply': 0, 'Beautification': 0, 'Installation': 0}",Post-Monsoon,,False,False,Preparedness Measures,{'Protection': 1}
2024_UPIDC_955279_29,04/EE/2024-25,Silt clearance work,,,,,,,,,,,,,,,,"U P Irrigation Department (Civil)||Chief Engineer-Ganga, Meerut||Irrigation Works Circle, Mathura||UMBGC, khurja",,,,,,"420,342",,2024-10-23,"U P Irrigation Department (Civil)||Chief Engineer-Ganga, Meerut||Irrigation Works Circle, Mathura||UMBGC, khurja",True,"{'Flood': 0, 'Embankment': 0, 'embkt': 0, 'Relief': 0, 'Erosion': 0, 'SDRF': 0, 'Inundation': 0, 'Hydrology': 0, 'Silt': 1, 'Siltation': 0, 'Bund': 0, 'Trench': 0, 'Breach': 0, 'Culvert': 0, 'Sluice': 0, 'Dyke': 0, 'Storm water drain': 0, 'Emergency': 0, 'Immediate': 0, 'IM': 0, 'AE': 0, 'A E': 0, 'AAPDA MITRA': 0, 'Bridge': 0, 'River': 0, 'Drain': 0, 'Restoration': 0, 'Protection': 0, 'irr': 0, 'irrigation': 0, 'dam': 0, 'Nallah': 0, 'Retrofitting': 0, 'Pond': 0, 'Pokhari': 0, 'D/C': 0, 'Recharge shaft': 0, 'LFB': 0, 'RFB': 0}","{'Floodlight': 0, 'Flood Light': 0, 'GAS': 0, 'FIFA': 0, 'pipe': 0, 'pipes': 0, 'covid': 0, 'supply': 0, 'Beautification': 0, 'Installation': 0}",Post-Monsoon,,False,True,Others,
2024_UPIDC_955279_8,04/EE/2024-25,Silt clearance work,,,,,,,,,,,,,,,,"U P Irrigation Department (Civil)||Chief Engineer-Ganga, Meerut||Irrigation Works Circle, Mathura||UMBGC, khurja",,,,,,"783,774",,2024-10-23,"U P Irrigation Department (Civil)||Chief Engineer-Ganga, Meerut||Irrigation Works Circle, Mathura||UMBGC, khurja",True,"{'Flood': 0, 'Embankment': 0, 'embkt': 0, 'Relief': 0, 'Erosion': 0, 'SDRF': 0, 'Inundation': 0, 'Hydrology': 0, 'Silt': 1, 'Siltation': 0, 'Bund': 0, 'Trench': 0, 'Breach': 0, 'Culvert': 0, 'Sluice': 0, 'Dyke': 0, 'Storm water drain': 0, 'Emergency': 0, 'Immediate': 0, 'IM': 0, 'AE': 0, 'A E': 0, 'AAPDA MITRA': 0, 'Bridge': 0, 'River': 0, 'Drain': 0, 'Restoration': 0, 'Protection': 0, 'irr': 0, 'irrigation': 0, 'dam': 0, 'Nallah': 0, 'Retrofitting': 0, 'Pond': 0, 'Pokhari': 0, 'D/C': 0, 'Recharge shaft': 0, 'LFB': 0, 'RFB': 0}","{'Floodlight': 0, 'Flood Light': 0, 'GAS': 0, 'FIFA': 0, 'pipe': 0, 'pipes': 0, 'covid': 0, 'supply': 0, 'Beautification': 0, 'Installation': 0}",Post-Monsoon,,False,True,Others,
2024_UPIDC_955279_10,04/EE/2024-25,Silt clearance work,,,,,,,,,,,,,,,,"U P Irrigation Department (Civil)||Chief Engineer-Ganga, Meerut||Irrigation Works Circle, Mathura||UMBGC, khurja",,,,,,"421,897",,2024-10-16,"U P Irrigation Department (Civil)||Chief Engineer-Ganga, Meerut||Irrigation Works Circle, Mathura||UMBGC, khurja",True,"{'Flood': 0, 'Embankment': 0, 'embkt': 0, 'Relief': 0, 'Erosion': 0, 'SDRF': 0, 'Inundation': 0, 'Hydrology': 0, 'Silt': 1, 'Siltation': 0, 'Bund': 0, 'Trench': 0, 'Breach': 0, 'Culvert': 0, 'Sluice': 0, 'Dyke': 0, 'Storm water drain': 0, 'Emergency': 0, 'Immediate': 0, 'IM': 0, 'AE': 0, 'A E': 0, 'AAPDA MITRA': 0, 'Bridge': 0, 'River': 0, 'Drain': 0, 'Restoration': 0, 'Protection': 0, 'irr': 0, 'irrigation': 0, 'dam': 0, 'Nallah': 0, 'Retrofitting': 0, 'Pond': 0, 'Pokhari': 0, 'D/C': 0, 'Recharge shaft': 0, 'LFB': 0, 'RFB': 0}","{'Floodlight': 0, 'Flood Light': 0, 'GAS': 0, 'FIFA': 0, 'pipe': 0, 'pipes': 0, 'covid': 0, 'supply': 0, 'Beautification': 0, 'Installation': 0}",Post-Monsoon,,False,True,Others,
2024_UPIDC_955279_11,04/EE/2024-25,Silt clearance work,,,,,,,,,,,,,,,,"U P Irrigation Department (Civil)||Chief Engineer-Ganga, Meerut||Irrigation Works Circle, Mathura||UMBGC, khurja",,,,,,"223,870",,2024-10-16,"U P Irrigation Department (Civil)||Chief Engineer-Ganga, Meerut||Irrigation Works Circle, Mathura||UMBGC, khurja",True,"{'Flood': 0, 'Embankment': 0, 'embkt': 0, 'Relief': 0, 'Erosion': 0, 'SDRF': 0, 'Inundation': 0, 'Hydrology': 0, 'Silt': 1, 'Siltation': 0, 'Bund': 0, 'Trench': 0, 'Breach': 0, 'Culvert': 0, 'Sluice': 0, 'Dyke': 0, 'Storm water drain': 0, 'Emergency': 0, 'Immediate': 0, 'IM': 0, 'AE': 0, 'A E': 0, 'AAPDA MITRA': 0, 'Bridge': 0, 'River': 0, 'Drain': 0, 'Restoration': 0, 'Protection': 0, 'irr': 0, 'irrigation': 0, 'dam': 0, 'Nallah': 0, 'Retrofitting': 0, 'Pond': 0, 'Pokhari': 0, 'D/C': 0, 'Recharge shaft': 0, 'LFB': 0, 'RFB': 0}","{'Floodlight': 0, 'Flood Light': 0, 'GAS': 0, 'FIFA': 0, 'pipe': 0, 'pipes': 0, 'covid': 0, 'supply': 0, 'Beautification': 0, 'Installation': 0}",Post-Monsoon,,False,True,Others,
2024_UPIDC_955279_15,04/EE/2024-25,Silt clearance work,,,,,,,,,,,,,,,,"U P Irrigation Department (Civil)||Chief Engineer-Ganga, Meerut||Irrigation Works Circle, Mathura||UMBGC, khurja",,,,,,"233,150",,2024-10-23,"U P Irrigation Department (Civil)||Chief Engineer-Ganga, Meerut||Irrigation Works Circle, Mathura||UMBGC, khurja",True,"{'Flood': 0, 'Embankment': 0, 'embkt': 0, 'Relief': 0, 'Erosion': 0, 'SDRF': 0, 'Inundation': 0, 'Hydrology': 0, 'Silt': 1, 'Siltation': 0, 'Bund': 0, 'Trench': 0, 'Breach': 0, 'Culvert': 0, 'Sluice': 0, 'Dyke': 0, 'Storm water drain': 0, 'Emergency': 0, 'Immediate': 0, 'IM': 0, 'AE': 0, 'A E': 0, 'AAPDA MITRA': 0, 'Bridge': 0, 'River': 0, 'Drain': 0, 'Restoration': 0, 'Protection': 0, 'irr': 0, 'irrigation': 0, 'dam': 0, 'Nallah': 0, 'Retrofitting': 0, 'Pond': 0, 'Pokhari': 0, 'D/C': 0, 'Recharge shaft': 0, 'LFB': 0, 'RFB': 0}","{'Floodlight': 0, 'Flood Light': 0, 'GAS': 0, 'FIFA': 0, 'pipe': 0, 'pipes': 0, 'covid': 0, 'supply': 0, 'Beautification': 0, 'Installation': 0}",Post-Monsoon,,False,True,Others,
2024_UPIDC_955279_15,04/EE/2024-25,Silt clearance work,,,,,,,,,,,,,,,,"U P Irrigation Department (Civil)||Chief Engineer-Ganga, Meerut||Irrigation Works Circle, Mathura||UMBGC, khurja",,,,,,"233,150",,2024-10-23,"U P Irrigation Department (Civil)||Chief Engineer-Ganga, Meerut||Irrigation Works Circle, Mathura||UMBGC, khurja",True,"{'Flood': 0, 'Embankment': 0, 'embkt': 0, 'Relief': 0, 'Erosion': 0, 'SDRF': 0, 'Inundation': 0, 'Hydrology': 0, 'Silt': 1, 'Siltation': 0, 'Bund': 0, 'Trench': 0, 'Breach': 0, 'Culvert': 0, 'Sluice': 0, 'Dyke': 0, 'Storm water drain': 0, 'Emergency': 0, 'Immediate': 0, 'IM': 0, 'AE': 0, 'A E': 0, 'AAPDA MITRA': 0, 'Bridge': 0, 'River': 0, 'Drain': 0, 'Restoration': 0, 'Protection': 0, 'irr': 0, 'irrigation': 0, 'dam': 0, 'Nallah': 0, 'Retrofitting': 0, 'Pond': 0, 'Pokhari': 0, 'D/C': 0, 'Recharge shaft': 0, 'LFB': 0, 'RFB': 0}","{'Floodlight': 0, 'Flood Light': 0, 'GAS': 0, 'FIFA': 0, 'pipe': 0, 'pipes': 0, 'covid': 0, 'supply': 0, 'Beautification': 0, 'Installation': 0}",Post-Monsoon,,False,True,Others,
2024_UPIDC_955279_16,04/EE/2024-25,Silt clearance work,,,,,,,,,,,,,,,,"U P Irrigation Department (Civil)||Chief Engineer-Ganga, Meerut||Irrigation Works Circle, Mathura||UMBGC, khurja",,,,,,"181,500",,2024-10-23,"U P Irrigation Department (Civil)||Chief Engineer-Ganga, Meerut||Irrigation Works Circle, Mathura||UMBGC, khurja",True,"{'Flood': 0, 'Embankment': 0, 'embkt': 0, 'Relief': 0, 'Erosion': 0, 'SDRF': 0, 'Inundation': 0, 'Hydrology': 0, 'Silt': 1, 'Siltation': 0, 'Bund': 0, 'Trench': 0, 'Breach': 0, 'Culvert': 0, 'Sluice': 0, 'Dyke': 0, 'Storm water drain': 0, 'Emergency': 0, 'Immediate': 0, 'IM': 0, 'AE': 0, 'A E': 0, 'AAPDA MITRA': 0, 'Bridge': 0, 'River': 0, 'Drain': 0, 'Restoration': 0, 'Protection': 0, 'irr': 0, 'irrigation': 0, 'dam': 0, 'Nallah': 0, 'Retrofitting': 0, 'Pond': 0, 'Pokhari': 0, 'D/C': 0, 'Recharge shaft': 0, 'LFB': 0, 'RFB': 0}","{'Floodlight': 0, 'Flood Light': 0, 'GAS': 0, 'FIFA': 0, 'pipe': 0, 'pipes': 0, 'covid': 0, 'supply': 0, 'Beautification': 0, 'Installation': 0}",Post-Monsoon,,False,True,Others,
2024_UPIDC_955279_17,04/EE/2024-25,Silt clearance work,,,,,,,,,,,,,,,,"U P Irrigation Department (Civil)||Chief Engineer-Ganga, Meerut||Irrigation Works Circle, Mathura||UMBGC, khurja",,,,,,"207,421",,2024-10-16,"U P Irrigation Department (Civil)||Chief Engineer-Ganga, Meerut||Irrigation Works Circle, Mathura||UMBGC, khurja",True,"{'Flood': 0, 'Embankment': 0, 'embkt': 0, 'Relief': 0, 'Erosion': 0, 'SDRF': 0, 'Inundation': 0, 'Hydrology': 0, 'Silt': 1, 'Siltation': 0, 'Bund': 0, 'Trench': 0, 'Breach': 0, 'Culvert': 0, 'Sluice': 0, 'Dyke': 0, 'Storm water drain': 0, 'Emergency': 0, 'Immediate': 0, 'IM': 0, 'AE': 0, 'A E': 0, 'AAPDA MITRA': 0, 'Bridge': 0, 'River': 0, 'Drain': 0, 'Restoration': 0, 'Protection': 0, 'irr': 0, 'irrigation': 0, 'dam': 0, 'Nallah': 0, 'Retrofitting': 0, 'Pond': 0, 'Pokhari': 0, 'D/C': 0, 'Recharge shaft': 0, 'LFB': 0, 'RFB': 0}","{'Floodlight': 0, 'Flood Light': 0, 'GAS': 0, 'FIFA': 0, 'pipe': 0, 'pipes': 0, 'covid': 0, 'supply': 0, 'Beautification': 0, 'Installation': 0}",Post-Monsoon,,False,True,Others,
2024_UPIDC_955279_18,04/EE/2024-25,Silt clearance work,,,,,,,,,,,,,,,,"U P Irrigation Department (Civil)||Chief Engineer-Ganga, Meerut||Irrigation Works Circle, Mathura||UMBGC, khurja",,,,,,"206,812",,2024-10-16,"U P Irrigation Department (Civil)||Chief Engineer-Ganga, Meerut||Irrigation Works Circle, Mathura||UMBGC, khurja",True,"{'Flood': 0, 'Embankment': 0, 'embkt': 0, 'Relief': 0, 'Erosion': 0, 'SDRF': 0, 'Inundation': 0, 'Hydrology': 0, 'Silt': 1, 'Siltation': 0, 'Bund': 0, 'Trench': 0, 'Breach': 0, 'Culvert': 0, 'Sluice': 0, 'Dyke': 0, 'Storm water drain': 0, 'Emergency': 0, 'Immediate': 0, 'IM': 0, 'AE': 0, 'A E': 0, 'AAPDA MITRA': 0, 'Bridge': 0, 'River': 0, 'Drain': 0, 'Restoration': 0, 'Protection': 0, 'irr': 0, 'irrigation': 0, 'dam': 0, 'Nallah': 0, 'Retrofitting': 0, 'Pond': 0, 'Pokhari': 0, 'D/C': 0, 'Recharge shaft': 0, 'LFB': 0, 'RFB': 0}","{'Floodlight': 0, 'Flood Light': 0, 'GAS': 0, 'FIFA': 0, 'pipe': 0, 'pipes': 0, 'covid': 0, 'supply': 0, 'Beautification': 0, 'Installation': 0}",Post-Monsoon,,False,True,Others,
2024_UPIDC_955279_29,04/EE/2024-25,Silt clearance work,,,,,,,,,,,,,,,,"U P Irrigation Department (Civil)||Chief Engineer-Ganga, Meerut||Irrigation Works Circle, Mathura||UMBGC, khurja",,,,,,"420,342",,2024-10-23,"U P Irrigation Department (Civil)||Chief Engineer-Ganga, Meerut||Irrigation Works Circle, Mathura||UMBGC, khurja",True,"{'Flood': 0, 'Embankment': 0, 'embkt': 0, 'Relief': 0, 'Erosion': 0, 'SDRF': 0, 'Inundation': 0, 'Hydrology': 0, 'Silt': 1, 'Siltation': 0, 'Bund': 0, 'Trench': 0, 'Breach': 0, 'Culvert': 0, 'Sluice': 0, 'Dyke': 0, 'Storm water drain': 0, 'Emergency': 0, 'Immediate': 0, 'IM': 0, 'AE': 0, 'A E': 0, 'AAPDA MITRA': 0, 'Bridge': 0, 'River': 0, 'Drain': 0, 'Restoration': 0, 'Protection': 0, 'irr': 0, 'irrigation': 0, 'dam': 0, 'Nallah': 0, 'Retrofitting': 0, 'Pond': 0, 'Pokhari': 0, 'D/C': 0, 'Recharge shaft': 0, 'LFB': 0, 'RFB': 0}","{'Floodlight': 0, 'Flood Light': 0, 'GAS': 0, 'FIFA': 0, 'pipe': 0, 'pipes': 0, 'covid': 0, 'supply': 0, 'Beautification': 0, 'Installation': 0}",Post-Monsoon,,False,True,Others,
2024_UPIDC_955279_29,04/EE/2024-25,Silt clearance work,,,,,,,,,,,,,,,,"U P Irrigation Department (Civil)||Chief Engineer-Ganga, Meerut||Irrigation Works Circle, Mathura||UMBGC, khurja",,,,,,"420,342",,2024-10-23,"U P Irrigation Department (Civil)||Chief Engineer-Ganga, Meerut||Irrigation Works Circle, Mathura||UMBGC, khurja",True,"{'Flood': 0, 'Embankment': 0, 'embkt': 0, 'Relief': 0, 'Erosion': 0, 'SDRF': 0, 'Inundation': 0, 'Hydrology': 0, 'Silt': 1, 'Siltation': 0, 'Bund': 0, 'Trench': 0, 'Breach': 0, 'Culvert': 0, 'Sluice': 0, 'Dyke': 0, 'Storm water drain': 0, 'Emergency': 0, 'Immediate': 0, 'IM': 0, 'AE': 0, 'A E': 0, 'AAPDA MITRA': 0, 'Bridge': 0, 'River': 0, 'Drain': 0, 'Restoration': 0, 'Protection': 0, 'irr': 0, 'irrigation': 0, 'dam': 0, 'Nallah': 0, 'Retrofitting': 0, 'Pond': 0, 'Pokhari': 0, 'D/C': 0, 'Recharge shaft': 0, 'LFB': 0, 'RFB': 0}","{'Floodlight': 0, 'Flood Light': 0, 'GAS': 0, 'FIFA': 0, 'pipe': 0, 'pipes': 0, 'covid': 0, 'supply': 0, 'Beautification': 0, 'Installation': 0}",Post-Monsoon,,False,True,Others,
2024_UPIDC_955279_29,04/EE/2024-25,Silt clearance work,,,,,,,,,,,,,,,,"U P Irrigation Department (Civil)||Chief Engineer-Ganga, Meerut||Irrigation Works Circle, Mathura||UMBGC, khurja",,,,,,"420,342",,2024-10-23,"U P Irrigation Department (Civil)||Chief Engineer-Ganga, Meerut||Irrigation Works Circle, Mathura||UMBGC, khurja",True,"{'Flood': 0, 'Embankment': 0, 'embkt': 0, 'Relief': 0, 'Erosion': 0, 'SDRF': 0, 'Inundation': 0, 'Hydrology': 0, 'Silt': 1, 'Siltation': 0, 'Bund': 0, 'Trench': 0, 'Breach': 0, 'Culvert': 0, 'Sluice': 0, 'Dyke': 0, 'Storm water drain': 0, 'Emergency': 0, 'Immediate': 0, 'IM': 0, 'AE': 0, 'A E': 0, 'AAPDA MITRA': 0, 'Bridge': 0, 'River': 0, 'Drain': 0, 'Restoration': 0, 'Protection': 0, 'irr': 0, 'irrigation': 0, 'dam': 0, 'Nallah': 0, 'Retrofitting': 0, 'Pond': 0, 'Pokhari': 0, 'D/C': 0, 'Recharge shaft': 0, 'LFB': 0, 'RFB': 0}","{'Floodlight': 0, 'Flood Light': 0, 'GAS': 0, 'FIFA': 0, 'pipe': 0, 'pipes': 0, 'covid': 0, 'supply': 0, 'Beautification': 0, 'Installation': 0}",Post-Monsoon,,False,True,Others,
2024_UPIDC_955168_63,02/AEIV/2024-25,"Construction of Rain water Harvesting Pit and Drain at Kothi no.-3 Canal Colony, Cantt Road, Lucknow. (Lot No.63)",,,,,,,,,,,,,,,,"U P Irrigation Department (Civil)||Chief Engineer-Sharda Sahayak, Lucknow||VII Circle Irrigation Works, Lucknow||Lucknow Division Sharda Canal Lucknow",,,,,,"165,100.24",,2024-10-23,"U P Irrigation Department (Civil)||Chief Engineer-Sharda Sahayak, Lucknow||VII Circle Irrigation Works, Lucknow||Lucknow Division Sharda Canal Lucknow",True,"{'Flood': 0, 'Embankment': 0, 'embkt': 0, 'Relief': 0, 'Erosion': 0, 'SDRF': 0, 'Inundation': 0, 'Hydrology': 0, 'Silt': 0, 'Siltation': 0, 'Bund': 0, 'Trench': 0, 'Breach': 0, 'Culvert': 0, 'Sluice': 0, 'Dyke': 0, 'Storm water drain': 0, 'Emergency': 0, 'Immediate': 0, 'IM': 0, 'AE': 0, 'A E': 0, 'AAPDA MITRA': 0, 'Bridge': 0, 'River': 0, 'Drain': 1, 'Restoration': 0, 'Protection': 0, 'irr': 0, 'irrigation': 0, 'dam': 0, 'Nallah': 0, 'Retrofitting': 0, 'Pond': 0, 'Pokhari': 0, 'D/C': 0, 'Recharge shaft': 0, 'LFB': 0, 'RFB': 0}","{'Floodlight': 0, 'Flood Light': 0, 'GAS': 0, 'FIFA': 0, 'pipe': 0, 'pipes': 0, 'covid': 0, 'supply': 0, 'Beautification': 0, 'Installation': 0}",Post-Monsoon,,False,True,Repair and Restoration,"{'Construction': 1, 'Drain': 1}"
2024_UPIDC_955279_1,04/EE/2024-25,Silt clearance work,,,,,,,,,,,,,,,,"U P Irrigation Department (Civil)||Chief Engineer-Ganga, Meerut||Irrigation Works Circle, Mathura||UMBGC, khurja",,,,,,"631,980",,2024-10-23,"U P Irrigation Department (Civil)||Chief Engineer-Ganga, Meerut||Irrigation Works Circle, Mathura||UMBGC, khurja",True,"{'Flood': 0, 'Embankment': 0, 'embkt': 0, 'Relief': 0, 'Erosion': 0, 'SDRF': 0, 'Inundation': 0, 'Hydrology': 0, 'Silt': 1, 'Siltation': 0, 'Bund': 0, 'Trench': 0, 'Breach': 0, 'Culvert': 0, 'Sluice': 0, 'Dyke': 0, 'Storm water drain': 0, 'Emergency': 0, 'Immediate': 0, 'IM': 0, 'AE': 0, 'A E': 0, 'AAPDA MITRA': 0, 'Bridge': 0, 'River': 0, 'Drain': 0, 'Restoration': 0, 'Protection': 0, 'irr': 0, 'irrigation': 0, 'dam': 0, 'Nallah': 0, 'Retrofitting': 0, 'Pond': 0, 'Pokhari': 0, 'D/C': 0, 'Recharge shaft': 0, 'LFB': 0, 'RFB': 0}","{'Floodlight': 0, 'Flood Light': 0, 'GAS': 0, 'FIFA': 0, 'pipe': 0, 'pipes': 0, 'covid': 0, 'supply': 0, 'Beautification': 0, 'Installation': 0}",Post-Monsoon,,False,True,Others,
2024_UPIDC_955279_1,04/EE/2024-25,Silt clearance work,,,,,,,,,,,,,,,,"U P Irrigation Department (Civil)||Chief Engineer-Ganga, Meerut||Irrigation Works Circle, Mathura||UMBGC, khurja",,,,,,"631,980",,2024-10-23,"U P Irrigation Department (Civil)||Chief Engineer-Ganga, Meerut||Irrigation Works Circle, Mathura||UMBGC, khurja",True,"{'Flood': 0, 'Embankment': 0, 'embkt': 0, 'Relief': 0, 'Erosion': 0, 'SDRF': 0, 'Inundation': 0, 'Hydrology': 0, 'Silt': 1, 'Siltation': 0, 'Bund': 0, 'Trench': 0, 'Breach': 0, 'Culvert': 0, 'Sluice': 0, 'Dyke': 0, 'Storm water drain': 0, 'Emergency': 0, 'Immediate': 0, 'IM': 0, 'AE': 0, 'A E': 0, 'AAPDA MITRA': 0, 'Bridge': 0, 'River': 0, 'Drain': 0, 'Restoration': 0, 'Protection': 0, 'irr': 0, 'irrigation': 0, 'dam': 0, 'Nallah': 0, 'Retrofitting': 0, 'Pond': 0, 'Pokhari': 0, 'D/C': 0, 'Recharge shaft': 0, 'LFB': 0, 'RFB': 0}","{'Floodlight': 0, 'Flood Light': 0, 'GAS': 0, 'FIFA': 0, 'pipe': 0, 'pipes': 0, 'covid': 0, 'supply': 0, 'Beautification': 0, 'Installation': 0}",Post-Monsoon,,False,True,Others,
2024_UPIDC_955279_1,04/EE/2024-25,Silt clearance work,,,,,,,,,,,,,,,,"U P Irrigation Department (Civil)||Chief Engineer-Ganga, Meerut||Irrigation Works Circle, Mathura||UMBGC, khurja",,,,,,"631,980",,2024-10-23,"U P Irrigation Department (Civil)||Chief Engineer-Ganga, Meerut||Irrigation Works Circle, Mathura||UMBGC, khurja",True,"{'Flood': 0, 'Embankment': 0, 'embkt': 0, 'Relief': 0, 'Erosion': 0, 'SDRF': 0, 'Inundation': 0, 'Hydrology': 0, 'Silt': 1, 'Siltation': 0, 'Bund': 0, 'Trench': 0, 'Breach': 0, 'Culvert': 0, 'Sluice': 0, 'Dyke': 0, 'Storm water drain': 0, 'Emergency': 0, 'Immediate': 0, 'IM': 0, 'AE': 0, 'A E': 0, 'AAPDA MITRA': 0, 'Bridge': 0, 'River': 0, 'Drain': 0, 'Restoration': 0, 'Protection': 0, 'irr': 0, 'irrigation': 0, 'dam': 0, 'Nallah': 0, 'Retrofitting': 0, 'Pond': 0, 'Pokhari': 0, 'D/C': 0, 'Recharge shaft': 0, 'LFB': 0, 'RFB': 0}","{'Floodlight': 0, 'Flood Light': 0, 'GAS': 0, 'FIFA': 0, 'pipe': 0, 'pipes': 0, 'covid': 0, 'supply': 0, 'Beautification': 0, 'Installation': 0}",Post-Monsoon,,False,True,Others,
2024_UPIDC_955168_58,02/AEIV/2024-25,"Renovation of Drain and Sewer and Providing Cover on Drain  from Residence no. Raka-1 to Sa-15 at Canal Colony, Cantt Road , Lucknow. (Lot No.58)",,,,,,,,,,,,,,,,"U P Irrigation Department (Civil)||Chief Engineer-Sharda Sahayak, Lucknow||VII Circle Irrigation Works, Lucknow||Lucknow Division Sharda Canal Lucknow",,,,,,"168,654.63",,2024-10-23,"U P Irrigation Department (Civil)||Chief Engineer-Sharda Sahayak, Lucknow||VII Circle Irrigation Works, Lucknow||Lucknow Division Sharda Canal Lucknow",True,"{'Flood': 0, 'Embankment': 0, 'embkt': 0, 'Relief': 0, 'Erosion': 0, 'SDRF': 0, 'Inundation': 0, 'Hydrology': 0, 'Silt': 0, 'Siltation': 0, 'Bund': 0, 'Trench': 0, 'Breach': 0, 'Culvert': 0, 'Sluice': 0, 'Dyke': 0, 'Storm water drain': 0, 'Emergency': 0, 'Immediate': 0, 'IM': 0, 'AE': 0, 'A E': 0, 'AAPDA MITRA': 0, 'Bridge': 0, 'River': 0, 'Drain': 2, 'Restoration': 0, 'Protection': 0, 'irr': 0, 'irrigation': 0, 'dam': 0, 'Nallah': 0, 'Retrofitting': 0, 'Pond': 0, 'Pokhari': 0, 'D/C': 0, 'Recharge shaft': 0, 'LFB': 0, 'RFB': 0}","{'Floodlight': 0, 'Flood Light': 0, 'GAS': 0, 'FIFA': 0, 'pipe': 0, 'pipes': 0, 'covid': 0, 'supply': 0, 'Beautification': 0, 'Installation': 0}",Post-Monsoon,,False,True,Repair and Restoration,"{'renovation': 1, 'Drain': 2}"
2024_UPIDC_955168_37,02/AEIV/2024-25,"Construction of Rain Water Harvesting Pit and Drain at Kothi No-7A in Canal Colony, Cantt Road, Lucknow. (Lot No.37)",,,,,,,,,,,,,,,,"U P Irrigation Department (Civil)||Chief Engineer-Sharda Sahayak, Lucknow||VII Circle Irrigation Works, Lucknow||Lucknow Division Sharda Canal Lucknow",,,,,,"151,136.62",,2024-10-15,"U P Irrigation Department (Civil)||Chief Engineer-Sharda Sahayak, Lucknow||VII Circle Irrigation Works, Lucknow||Lucknow Division Sharda Canal Lucknow",True,"{'Flood': 0, 'Embankment': 0, 'embkt': 0, 'Relief': 0, 'Erosion': 0, 'SDRF': 0, 'Inundation': 0, 'Hydrology': 0, 'Silt': 0, 'Siltation': 0, 'Bund': 0, 'Trench': 0, 'Breach': 0, 'Culvert': 0, 'Sluice': 0, 'Dyke': 0, 'Storm water drain': 0, 'Emergency': 0, 'Immediate': 0, 'IM': 0, 'AE': 0, 'A E': 0, 'AAPDA MITRA': 0, 'Bridge': 0, 'River': 0, 'Drain': 1, 'Restoration': 0, 'Protection': 0, 'irr': 0, 'irrigation': 0, 'dam': 0, 'Nallah': 0, 'Retrofitting': 0, 'Pond': 0, 'Pokhari': 0, 'D/C': 0, 'Recharge shaft': 0, 'LFB': 0, 'RFB': 0}","{'Floodlight': 0, 'Flood Light': 0, 'GAS': 0, 'FIFA': 0, 'pipe': 0, 'pipes': 0, 'covid': 0, 'supply': 0, 'Beautification': 0, 'Installation': 0}",Post-Monsoon,,False,True,Repair and Restoration,"{'Construction': 1, 'Drain': 1}"
2024_UPIDC_955168_37,02/AEIV/2024-25,"Construction of Rain Water Harvesting Pit and Drain at Kothi No-7A in Canal Colony, Cantt Road, Lucknow. (Lot No.37)",,,,,,,,,,,,,,,,"U P Irrigation Department (Civil)||Chief Engineer-Sharda Sahayak, Lucknow||VII Circle Irrigation Works, Lucknow||Lucknow Division Sharda Canal Lucknow",,,,,,"151,136.62",,2024-10-15,"U P Irrigation Department (Civil)||Chief Engineer-Sharda Sahayak, Lucknow||VII Circle Irrigation Works, Lucknow||Lucknow Division Sharda Canal Lucknow",True,"{'Flood': 0, 'Embankment': 0, 'embkt': 0, 'Relief': 0, 'Erosion': 0, 'SDRF': 0, 'Inundation': 0, 'Hydrology': 0, 'Silt': 0, 'Siltation': 0, 'Bund': 0, 'Trench': 0, 'Breach': 0, 'Culvert': 0, 'Sluice': 0, 'Dyke': 0, 'Storm water drain': 0, 'Emergency': 0, 'Immediate': 0, 'IM': 0, 'AE': 0, 'A E': 0, 'AAPDA MITRA': 0, 'Bridge': 0, 'River': 0, 'Drain': 1, 'Restoration': 0, 'Protection': 0, 'irr': 0, 'irrigation': 0, 'dam': 0, 'Nallah': 0, 'Retrofitting': 0, 'Pond': 0, 'Pokhari': 0, 'D/C': 0, 'Recharge shaft': 0, 'LFB': 0, 'RFB': 0}","{'Floodlight': 0, 'Flood Light': 0, 'GAS': 0, 'FIFA': 0, 'pipe': 0, 'pipes': 0, 'covid': 0, 'supply': 0, 'Beautification': 0, 'Installation': 0}",Post-Monsoon,,False,True,Repair and Restoration,"{'Construction': 1, 'Drain': 1}"
2024_UPIDC_955168_14,02/AEIV/2024-25,"Construction of Rain water Harvesting Pit and Drain at E-in-C office Canal Colony, Cantt Road, Lucknow. (Lot No.14)",,,,,,,,,,,,,,,,"U P Irrigation Department (Civil)||Chief Engineer-Sharda Sahayak, Lucknow||VII Circle Irrigation Works, Lucknow||Lucknow Division Sharda Canal Lucknow",,,,,,"167,012.2",,2024-10-14,"U P Irrigation Department (Civil)||Chief Engineer-Sharda Sahayak, Lucknow||VII Circle Irrigation Works, Lucknow||Lucknow Division Sharda Canal Lucknow",True,"{'Flood': 0, 'Embankment': 0, 'embkt': 0, 'Relief': 0, 'Erosion': 0, 'SDRF': 0, 'Inundation': 0, 'Hydrology': 0, 'Silt': 0, 'Siltation': 0, 'Bund': 0, 'Trench': 0, 'Breach': 0, 'Culvert': 0, 'Sluice': 0, 'Dyke': 0, 'Storm water drain': 0, 'Emergency': 0, 'Immediate': 0, 'IM': 0, 'AE': 0, 'A E': 0, 'AAPDA MITRA': 0, 'Bridge': 0, 'River': 0, 'Drain': 1, 'Restoration': 0, 'Protection': 0, 'irr': 0, 'irrigation': 0, 'dam': 0, 'Nallah': 0, 'Retrofitting': 0, 'Pond': 0, 'Pokhari': 0, 'D/C': 0, 'Recharge shaft': 0, 'LFB': 0, 'RFB': 0}","{'Floodlight': 0, 'Flood Light': 0, 'GAS': 0, 'FIFA': 0, 'pipe': 0, 'pipes': 0, 'covid': 0, 'supply': 0, 'Beautification': 0, 'Installation': 0}",Post-Monsoon,,False,True,Repair and Restoration,"{'Construction': 1, 'Drain': 1}"
2024_UPIDC_955168_15,02/AEIV/2024-25,"Sweeping and Cleaning of Non Residential Building, Cleaning Sewer Line and Drain in Utrathia I.H. at Rai Bareli Road, Lucknow. (Lot No.15)",,,,,,,,,,,,,,,,"U P Irrigation Department (Civil)||Chief Engineer-Sharda Sahayak, Lucknow||VII Circle Irrigation Works, Lucknow||Lucknow Division Sharda Canal Lucknow",,,,,,"166,822.46",,2024-10-16,"U P Irrigation Department (Civil)||Chief Engineer-Sharda Sahayak, Lucknow||VII Circle Irrigation Works, Lucknow||Lucknow Division Sharda Canal Lucknow",True,"{'Flood': 0, 'Embankment': 0, 'embkt': 0, 'Relief': 0, 'Erosion': 0, 'SDRF': 0, 'Inundation': 0, 'Hydrology': 0, 'Silt': 0, 'Siltation': 0, 'Bund': 0, 'Trench': 0, 'Breach': 0, 'Culvert': 0, 'Sluice': 0, 'Dyke': 0, 'Storm water drain': 0, 'Emergency': 0, 'Immediate': 0, 'IM': 0, 'AE': 0, 'A E': 0, 'AAPDA MITRA': 0, 'Bridge': 0, 'River': 0, 'Drain': 1, 'Restoration': 0, 'Protection': 0, 'irr': 0, 'irrigation': 0, 'dam': 0, 'Nallah': 0, 'Retrofitting': 0, 'Pond': 0, 'Pokhari': 0, 'D/C': 0, 'Recharge shaft': 0, 'LFB': 0, 'RFB': 0}","{'Floodlight': 0, 'Flood Light': 0, 'GAS': 0, 'FIFA': 0, 'pipe': 0, 'pipes': 0, 'covid': 0, 'supply': 0, 'Beautification': 0, 'Installation': 0}",Post-Monsoon,,False,True,Repair and Restoration,{'Drain': 1}
2024_UPIDC_912908_2,08/SE/2023-24,Construction of V.R.B (R.C.C Box culvert) at km 69.600 of Tarabganj Branch,,,,,,,,,,,,,,,,"U P Irrigation Department (Civil)||Chief Engineer-Saryu Project-1, Faizabad||XV Circle Irrigation Work, Gonda",,,,,,"3,839,097.163",,2024-10-30,"U P Irrigation Department (Civil)||Chief Engineer-Saryu Project-1, Faizabad||XV Circle Irrigation Work, Gonda",True,"{'Flood': 0, 'Embankment': 0, 'embkt': 0, 'Relief': 0, 'Erosion': 0, 'SDRF': 0, 'Inundation': 0, 'Hydrology': 0, 'Silt': 0, 'Siltation': 0, 'Bund': 0, 'Trench': 0, 'Breach': 0, 'Culvert': 1, 'Sluice': 0, 'Dyke': 0, 'Storm water drain': 0, 'Emergency': 0, 'Immediate': 0, 'IM': 0, 'AE': 0, 'A E': 0, 'AAPDA MITRA': 0, 'Bridge': 0, 'River': 0, 'Drain': 0, 'Restoration': 0, 'Protection': 0, 'irr': 0, 'irrigation': 0, 'dam': 0, 'Nallah': 0, 'Retrofitting': 0, 'Pond': 0, 'Pokhari': 0, 'D/C': 0, 'Recharge shaft': 0, 'LFB': 0, 'RFB': 0}","{'Floodlight': 0, 'Flood Light': 0, 'GAS': 0, 'FIFA': 0, 'pipe': 0, 'pipes': 0, 'covid': 0, 'supply': 0, 'Beautification': 0, 'Installation': 0}",Post-Monsoon,,False,True,Repair and Restoration,{'Construction': 1}
2024_UPIDC_908884_2,09/EE/2023-24,Restoration work of partially damaged common bank of  Dariyabad Parallel Branch from Km 50.000 to 50.300,,,,,,,,,,,,,,,,"U P Irrigation Department (Civil)||Chief Engineer-Sharda Sahayak, Lucknow||VII Circle Irrigation Works, Lucknow||BDSC, barabanki",,,,,,"859,906.8",,2024-10-30,"U P Irrigation Department (Civil)||Chief Engineer-Sharda Sahayak, Lucknow||VII Circle Irrigation Works, Lucknow||BDSC, barabanki",True,"{'Flood': 0, 'Embankment': 0, 'embkt': 0, 'Relief': 0, 'Erosion': 0, 'SDRF': 0, 'Inundation': 0, 'Hydrology': 0, 'Silt': 0, 'Siltation': 0, 'Bund': 0, 'Trench': 0, 'Breach': 0, 'Culvert': 0, 'Sluice': 0, 'Dyke': 0, 'Storm water drain': 0, 'Emergency': 0, 'Immediate': 0, 'IM': 0, 'AE': 0, 'A E': 0, 'AAPDA MITRA': 0, 'Bridge': 0, 'River': 0, 'Drain': 0, 'Restoration': 1, 'Protection': 0, 'irr': 0, 'irrigation': 0, 'dam': 0, 'Nallah': 0, 'Retrofitting': 0, 'Pond': 0, 'Pokhari': 0, 'D/C': 0, 'Recharge shaft': 0, 'LFB': 0, 'RFB': 0}","{'Floodlight': 0, 'Flood Light': 0, 'GAS': 0, 'FIFA': 0, 'pipe': 0, 'pipes': 0, 'covid': 0, 'supply': 0, 'Beautification': 0, 'Installation': 0}",Post-Monsoon,,False,False,Repair and Restoration,{'restoration': 1}
2024_SCIDC_964667_1,633-4/E.E. BLY/E-Tender/BLY/2024-25 Dt. 10.10.2024,Construction of C.C. Road and Drain work at Vill. Meudi Khurd Kala in Shiv Kumar Huse Kakraiya Talab (Vidhayak Nidhi),,,,,,,,,,,,,,,,U.P. State Construction and Infrastructure Development Corporation Ltd.||Unit Bareilly,,,,,,"949,515.06",,2024-10-23,U.P. State Construction and Infrastructure Development Corporation Ltd.||Unit Bareilly,True,"{'Flood': 0, 'Embankment': 0, 'embkt': 0, 'Relief': 0, 'Erosion': 0, 'SDRF': 0, 'Inundation': 0, 'Hydrology': 0, 'Silt': 0, 'Siltation': 0, 'Bund': 0, 'Trench': 0, 'Breach': 0, 'Culvert': 0, 'Sluice': 0, 'Dyke': 0, 'Storm water drain': 0, 'Emergency': 0, 'Immediate': 0, 'IM': 0, 'AE': 0, 'A E': 0, 'AAPDA MITRA': 0, 'Bridge': 0, 'River': 0, 'Drain': 1, 'Restoration': 0, 'Protection': 0, 'irr': 0, 'irrigation': 0, 'dam': 0, 'Nallah': 0, 'Retrofitting': 0, 'Pond': 0, 'Pokhari': 0, 'D/C': 0, 'Recharge shaft': 0, 'LFB': 0, 'RFB': 0}","{'Floodlight': 0, 'Flood Light': 0, 'GAS': 0, 'FIFA': 0, 'pipe': 0, 'pipes': 0, 'covid': 0, 'supply': 0, 'Beautification': 0, 'Installation': 0}",Post-Monsoon,,False,True,Repair and Restoration,"{'Construction': 1, 'Drain': 1}"
2024_SCIDC_964673_1,633-5/E.E. BLY/E-Tender/BLY/2024-25 Dt. 10.10.2024,Construction of C.C. Road and Drain work at Vill. Himmatpur Taharpur in Ram Chandra House to Om Prakash Rathor House (Vidhayak Nidhi),,,,,,,,,,,,,,,,U.P. State Construction and Infrastructure Development Corporation Ltd.||Unit Bareilly,,,,,,"377,511.15",,2024-10-23,U.P. State Construction and Infrastructure Development Corporation Ltd.||Unit Bareilly,True,"{'Flood': 0, 'Embankment': 0, 'embkt': 0, 'Relief': 0, 'Erosion': 0, 'SDRF': 0, 'Inundation': 0, 'Hydrology': 0, 'Silt': 0, 'Siltation': 0, 'Bund': 0, 'Trench': 0, 'Breach': 0, 'Culvert': 0, 'Sluice': 0, 'Dyke': 0, 'Storm water drain': 0, 'Emergency': 0, 'Immediate': 0, 'IM': 0, 'AE': 0, 'A E': 0, 'AAPDA MITRA': 0, 'Bridge': 0, 'River': 0, 'Drain': 1, 'Restoration': 0, 'Protection': 0, 'irr': 0, 'irrigation': 0, 'dam': 0, 'Nallah': 0, 'Retrofitting': 0, 'Pond': 0, 'Pokhari': 0, 'D/C': 0, 'Recharge shaft': 0, 'LFB': 0, 'RFB': 0}","{'Floodlight': 0, 'Flood Light': 0, 'GAS': 0, 'FIFA': 0, 'pipe': 0, 'pipes': 0, 'covid': 0, 'supply': 0, 'Beautification': 0, 'Installation': 0}",Post-Monsoon,,False,True,Repair and Restoration,"{'Construction': 1, 'Drain': 1}"
2024_SCIDC_964678_1,633-6/E.E. BLY/E-Tender/BLY/2024-25 Dt. 10.10.2024,"Construction of C.C. Road and Drain work at Vill. Sultanpur in Devsthal to Nirankar Giri, Dharmshala (Vidhayak Nidhi)",,,,,,,,,,,,,,,,U.P. State Construction and Infrastructure Development Corporation Ltd.||Unit Bareilly,,,,,,"461,615.28",,2024-10-23,U.P. State Construction and Infrastructure Development Corporation Ltd.||Unit Bareilly,True,"{'Flood': 0, 'Embankment': 0, 'embkt': 0, 'Relief': 0, 'Erosion': 0, 'SDRF': 0, 'Inundation': 0, 'Hydrology': 0, 'Silt': 0, 'Siltation': 0, 'Bund': 0, 'Trench': 0, 'Breach': 0, 'Culvert': 0, 'Sluice': 0, 'Dyke': 0, 'Storm water drain': 0, 'Emergency': 0, 'Immediate': 0, 'IM': 0, 'AE': 0, 'A E': 0, 'AAPDA MITRA': 0, 'Bridge': 0, 'River': 0, 'Drain': 1, 'Restoration': 0, 'Protection': 0, 'irr': 0, 'irrigation': 0, 'dam': 0, 'Nallah': 0, 'Retrofitting': 0, 'Pond': 0, 'Pokhari': 0, 'D/C': 0, 'Recharge shaft': 0, 'LFB': 0, 'RFB': 0}","{'Floodlight': 0, 'Flood Light': 0, 'GAS': 0, 'FIFA': 0, 'pipe': 0, 'pipes': 0, 'covid': 0, 'supply': 0, 'Beautification': 0, 'Installation': 0}",Post-Monsoon,,False,True,Repair and Restoration,"{'Construction': 1, 'Drain': 1}"
2024_SCIDC_964685_1,633-8/E.E. BLY/E-Tender/BLY/2024-25 Dt. 10.10.2024,Construction of C.C. Road and Drain work at Vill. Gheelora in Chandrapal Singh Chauhan House to Babu Singh Rathor House (Vidhayak Nidhi),,,,,,,,,,,,,,,,U.P. State Construction and Infrastructure Development Corporation Ltd.||Unit Bareilly,,,,,,"759,496.08",,2024-10-23,U.P. State Construction and Infrastructure Development Corporation Ltd.||Unit Bareilly,True,"{'Flood': 0, 'Embankment': 0, 'embkt': 0, 'Relief': 0, 'Erosion': 0, 'SDRF': 0, 'Inundation': 0, 'Hydrology': 0, 'Silt': 0, 'Siltation': 0, 'Bund': 0, 'Trench': 0, 'Breach': 0, 'Culvert': 0, 'Sluice': 0, 'Dyke': 0, 'Storm water drain': 0, 'Emergency': 0, 'Immediate': 0, 'IM': 0, 'AE': 0, 'A E': 0, 'AAPDA MITRA': 0, 'Bridge': 0, 'River': 0, 'Drain': 1, 'Restoration': 0, 'Protection': 0, 'irr': 0, 'irrigation': 0, 'dam': 0, 'Nallah': 0, 'Retrofitting': 0, 'Pond': 0, 'Pokhari': 0, 'D/C': 0, 'Recharge shaft': 0, 'LFB': 0, 'RFB': 0}","{'Floodlight': 0, 'Flood Light': 0, 'GAS': 0, 'FIFA': 0, 'pipe': 0, 'pipes': 0, 'covid': 0, 'supply': 0, 'Beautification': 0, 'Installation': 0}",Post-Monsoon,,False,True,Repair and Restoration,"{'Construction': 1, 'Drain': 1}"
2024_SCIDC_964685_1,633-8/E.E. BLY/E-Tender/BLY/2024-25 Dt. 10.10.2024,Construction of C.C. Road and Drain work at Vill. Gheelora in Chandrapal Singh Chauhan House to Babu Singh Rathor House (Vidhayak Nidhi),,,,,,,,,,,,,,,,U.P. State Construction and Infrastructure Development Corporation Ltd.||Unit Bareilly,,,,,,"759,496.08",,2024-10-23,U.P. State Construction and Infrastructure Development Corporation Ltd.||Unit Bareilly,True,"{'Flood': 0, 'Embankment': 0, 'embkt': 0, 'Relief': 0, 'Erosion': 0, 'SDRF': 0, 'Inundation': 0, 'Hydrology': 0, 'Silt': 0, 'Siltation': 0, 'Bund': 0, 'Trench': 0, 'Breach': 0, 'Culvert': 0, 'Sluice': 0, 'Dyke': 0, 'Storm water drain': 0, 'Emergency': 0, 'Immediate': 0, 'IM': 0, 'AE': 0, 'A E': 0, 'AAPDA MITRA': 0, 'Bridge': 0, 'River': 0, 'Drain': 1, 'Restoration': 0, 'Protection': 0, 'irr': 0, 'irrigation': 0, 'dam': 0, 'Nallah': 0, 'Retrofitting': 0, 'Pond': 0, 'Pokhari': 0, 'D/C': 0, 'Recharge shaft': 0, 'LFB': 0, 'RFB': 0}","{'Floodlight': 0, 'Flood Light': 0, 'GAS': 0, 'FIFA': 0, 'pipe': 0, 'pipes': 0, 'covid': 0, 'supply': 0, 'Beautification': 0, 'Installation': 0}",Post-Monsoon,,False,True,Repair and Restoration,"{'Construction': 1, 'Drain': 1}"
2024_SCIDC_964691_1,633-9/E.E. BLY/E-Tender/BLY/2024-25 Dt. 10.10.2024,"Construction of C.C. Road and Drain work at Vill. Paigapur in Balveer Shop to Vineet House, School (Vidhayak Nidhi)",,,,,,,,,,,,,,,,U.P. State Construction and Infrastructure Development Corporation Ltd.||Unit Bareilly,,,,,,"575,869.56",,2024-10-23,U.P. State Construction and Infrastructure Development Corporation Ltd.||Unit Bareilly,True,"{'Flood': 0, 'Embankment': 0, 'embkt': 0, 'Relief': 0, 'Erosion': 0, 'SDRF': 0, 'Inundation': 0, 'Hydrology': 0, 'Silt': 0, 'Siltation': 0, 'Bund': 0, 'Trench': 0, 'Breach': 0, 'Culvert': 0, 'Sluice': 0, 'Dyke': 0, 'Storm water drain': 0, 'Emergency': 0, 'Immediate': 0, 'IM': 0, 'AE': 0, 'A E': 0, 'AAPDA MITRA': 0, 'Bridge': 0, 'River': 0, 'Drain': 1, 'Restoration': 0, 'Protection': 0, 'irr': 0, 'irrigation': 0, 'dam': 0, 'Nallah': 0, 'Retrofitting': 0, 'Pond': 0, 'Pokhari': 0, 'D/C': 0, 'Recharge shaft': 0, 'LFB': 0, 'RFB': 0}","{'Floodlight': 0, 'Flood Light': 0, 'GAS': 0, 'FIFA': 0, 'pipe': 0, 'pipes': 0, 'covid': 0, 'supply': 0, 'Beautification': 0, 'Installation': 0}",Post-Monsoon,,False,True,Repair and Restoration,"{'Construction': 1, 'Drain': 1}"
2024_SCIDC_964694_1,633-10/E.E. BLY/E-Tender/BLY/2024-25 Dt. 10.10.2024,Construction of C.C. Road and Drain work at Vill. Balai Bhagvantpur in Ratan Lal Saxena House to Bablu Mistri House (Vidhayak Nidhi),,,,,,,,,,,,,,,,U.P. State Construction and Infrastructure Development Corporation Ltd.||Unit Bareilly,,,,,,"570,428.82",,2024-10-23,U.P. State Construction and Infrastructure Development Corporation Ltd.||Unit Bareilly,True,"{'Flood': 0, 'Embankment': 0, 'embkt': 0, 'Relief': 0, 'Erosion': 0, 'SDRF': 0, 'Inundation': 0, 'Hydrology': 0, 'Silt': 0, 'Siltation': 0, 'Bund': 0, 'Trench': 0, 'Breach': 0, 'Culvert': 0, 'Sluice': 0, 'Dyke': 0, 'Storm water drain': 0, 'Emergency': 0, 'Immediate': 0, 'IM': 0, 'AE': 0, 'A E': 0, 'AAPDA MITRA': 0, 'Bridge': 0, 'River': 0, 'Drain': 1, 'Restoration': 0, 'Protection': 0, 'irr': 0, 'irrigation': 0, 'dam': 0, 'Nallah': 0, 'Retrofitting': 0, 'Pond': 0, 'Pokhari': 0, 'D/C': 0, 'Recharge shaft': 0, 'LFB': 0, 'RFB': 0}","{'Floodlight': 0, 'Flood Light': 0, 'GAS': 0, 'FIFA': 0, 'pipe': 0, 'pipes': 0, 'covid': 0, 'supply': 0, 'Beautification': 0, 'Installation': 0}",Post-Monsoon,,False,True,Repair and Restoration,"{'Construction': 1, 'Drain': 1}"
2024_SCIDC_964704_1,633-11/E.E. BLY/E-Tender/BLY/2024-25 Dt. 10.10.2024,Construction of C.C. Road and Drain work at Vill. Umarsiya in Nand Lal House to Ganga Prasad Dhobi House (Vidhayak Nidhi),,,,,,,,,,,,,,,,U.P. State Construction and Infrastructure Development Corporation Ltd.||Unit Bareilly,,,,,,"699,190.18",,2024-10-23,U.P. State Construction and Infrastructure Development Corporation Ltd.||Unit Bareilly,True,"{'Flood': 0, 'Embankment': 0, 'embkt': 0, 'Relief': 0, 'Erosion': 0, 'SDRF': 0, 'Inundation': 0, 'Hydrology': 0, 'Silt': 0, 'Siltation': 0, 'Bund': 0, 'Trench': 0, 'Breach': 0, 'Culvert': 0, 'Sluice': 0, 'Dyke': 0, 'Storm water drain': 0, 'Emergency': 0, 'Immediate': 0, 'IM': 0, 'AE': 0, 'A E': 0, 'AAPDA MITRA': 0, 'Bridge': 0, 'River': 0, 'Drain': 1, 'Restoration': 0, 'Protection': 0, 'irr': 0, 'irrigation': 0, 'dam': 0, 'Nallah': 0, 'Retrofitting': 0, 'Pond': 0, 'Pokhari': 0, 'D/C': 0, 'Recharge shaft': 0, 'LFB': 0, 'RFB': 0}","{'Floodlight': 0, 'Flood Light': 0, 'GAS': 0, 'FIFA': 0, 'pipe': 0, 'pipes': 0, 'covid': 0, 'supply': 0, 'Beautification': 0, 'Installation': 0}",Post-Monsoon,,False,True,Repair and Restoration,"{'Construction': 1, 'Drain': 1}"
2024_SCIDC_964651_1,633-1/E.E. BLY/E-Tender/BLY/2024-25 Dt. 10.10.2024,Construction of C.C. Road and Drain work at Vill. Bhartaul in Kapadi ji House to Gopal Bist House (Vidhayak Nidhi),,,,,,,,,,,,,,,,U.P. State Construction and Infrastructure Development Corporation Ltd.||Unit Bareilly,,,,,,"541,537.49",,2024-10-23,U.P. State Construction and Infrastructure Development Corporation Ltd.||Unit Bareilly,True,"{'Flood': 0, 'Embankment': 0, 'embkt': 0, 'Relief': 0, 'Erosion': 0, 'SDRF': 0, 'Inundation': 0, 'Hydrology': 0, 'Silt': 0, 'Siltation': 0, 'Bund': 0, 'Trench': 0, 'Breach': 0, 'Culvert': 0, 'Sluice': 0, 'Dyke': 0, 'Storm water drain': 0, 'Emergency': 0, 'Immediate': 0, 'IM': 0, 'AE': 0, 'A E': 0, 'AAPDA MITRA': 0, 'Bridge': 0, 'River': 0, 'Drain': 1, 'Restoration': 0, 'Protection': 0, 'irr': 0, 'irrigation': 0, 'dam': 0, 'Nallah': 0, 'Retrofitting': 0, 'Pond': 0, 'Pokhari': 0, 'D/C': 0, 'Recharge shaft': 0, 'LFB': 0, 'RFB': 0}","{'Floodlight': 0, 'Flood Light': 0, 'GAS': 0, 'FIFA': 0, 'pipe': 0, 'pipes': 0, 'covid': 0, 'supply': 0, 'Beautification': 0, 'Installation': 0}",Post-Monsoon,,False,True,Repair and Restoration,"{'Construction': 1, 'Drain': 1}"
2024_SCIDC_964659_1,633-2/E.E. BLY/E-Tender/BLY/2024-25 Dt. 10.10.2024,"Construction of C.C. Road and Drain work at Vill. Dhanaura in Pankaj Sharma House to Suresh Divakar, Hetram Fauji House to Prem Vati House (Vidhayak Nidhi)",,,,,,,,,,,,,,,,U.P. State Construction and Infrastructure Development Corporation Ltd.||Unit Bareilly,,,,,,"465,966.9",,2024-10-23,U.P. State Construction and Infrastructure Development Corporation Ltd.||Unit Bareilly,True,"{'Flood': 0, 'Embankment': 0, 'embkt': 0, 'Relief': 0, 'Erosion': 0, 'SDRF': 0, 'Inundation': 0, 'Hydrology': 0, 'Silt': 0, 'Siltation': 0, 'Bund': 0, 'Trench': 0, 'Breach': 0, 'Culvert': 0, 'Sluice': 0, 'Dyke': 0, 'Storm water drain': 0, 'Emergency': 0, 'Immediate': 0, 'IM': 0, 'AE': 0, 'A E': 0, 'AAPDA MITRA': 0, 'Bridge': 0, 'River': 0, 'Drain': 1, 'Restoration': 0, 'Protection': 0, 'irr': 0, 'irrigation': 0, 'dam': 0, 'Nallah': 0, 'Retrofitting': 0, 'Pond': 0, 'Pokhari': 0, 'D/C': 0, 'Recharge shaft': 0, 'LFB': 0, 'RFB': 0}","{'Floodlight': 0, 'Flood Light': 0, 'GAS': 0, 'FIFA': 0, 'pipe': 0, 'pipes': 0, 'covid': 0, 'supply': 0, 'Beautification': 0, 'Installation': 0}",Post-Monsoon,,False,True,Repair and Restoration,"{'Construction': 1, 'Drain': 1}"
2024_SCIDC_964667_1,633-4/E.E. BLY/E-Tender/BLY/2024-25 Dt. 10.10.2024,Construction of C.C. Road and Drain work at Vill. Meudi Khurd Kala in Shiv Kumar Huse Kakraiya Talab (Vidhayak Nidhi),,,,,,,,,,,,,,,,U.P. State Construction and Infrastructure Development Corporation Ltd.||Unit Bareilly,,,,,,"949,515.06",,2024-10-23,U.P. State Construction and Infrastructure Development Corporation Ltd.||Unit Bareilly,True,"{'Flood': 0, 'Embankment': 0, 'embkt': 0, 'Relief': 0, 'Erosion': 0, 'SDRF': 0, 'Inundation': 0, 'Hydrology': 0, 'Silt': 0, 'Siltation': 0, 'Bund': 0, 'Trench': 0, 'Breach': 0, 'Culvert': 0, 'Sluice': 0, 'Dyke': 0, 'Storm water drain': 0, 'Emergency': 0, 'Immediate': 0, 'IM': 0, 'AE': 0, 'A E': 0, 'AAPDA MITRA': 0, 'Bridge': 0, 'River': 0, 'Drain': 1, 'Restoration': 0, 'Protection': 0, 'irr': 0, 'irrigation': 0, 'dam': 0, 'Nallah': 0, 'Retrofitting': 0, 'Pond': 0, 'Pokhari': 0, 'D/C': 0, 'Recharge shaft': 0, 'LFB': 0, 'RFB': 0}","{'Floodlight': 0, 'Flood Light': 0, 'GAS': 0, 'FIFA': 0, 'pipe': 0, 'pipes': 0, 'covid': 0, 'supply': 0, 'Beautification': 0, 'Installation': 0}",Post-Monsoon,,False,True,Repair and Restoration,"{'Construction': 1, 'Drain': 1}"
2024_REDUP_955808_3,536/RED/NIT/2024-25 Dated 03.09.2024,Construction work of  CC and drain from main road to Naresh house in Gopalpur Natha.,,,,,,,,,,,,,,,,Director Cum Chief Engineer RED||CHIEF ENGINEER WEST||SE MORADABAD CIRCLE||EE MORADABAD,,,,,,"1,430,994.39",,2024-10-14,Director Cum Chief Engineer RED||CHIEF ENGINEER WEST||SE MORADABAD CIRCLE||EE MORADABAD,True,"{'Flood': 0, 'Embankment': 0, 'embkt': 0, 'Relief': 0, 'Erosion': 0, 'SDRF': 0, 'Inundation': 0, 'Hydrology': 0, 'Silt': 0, 'Siltation': 0, 'Bund': 0, 'Trench': 0, 'Breach': 0, 'Culvert': 0, 'Sluice': 0, 'Dyke': 0, 'Storm water drain': 0, 'Emergency': 0, 'Immediate': 0, 'IM': 0, 'AE': 0, 'A E': 0, 'AAPDA MITRA': 0, 'Bridge': 0, 'River': 0, 'Drain': 1, 'Restoration': 0, 'Protection': 0, 'irr': 0, 'irrigation': 0, 'dam': 0, 'Nallah': 0, 'Retrofitting': 0, 'Pond': 0, 'Pokhari': 0, 'D/C': 0, 'Recharge shaft': 0, 'LFB': 0, 'RFB': 0}","{'Floodlight': 0, 'Flood Light': 0, 'GAS': 0, 'FIFA': 0, 'pipe': 0, 'pipes': 0, 'covid': 0, 'supply': 0, 'Beautification': 0, 'Installation': 0}",Post-Monsoon,,False,True,Repair and Restoration,"{'Construction': 1, 'Drain': 1}"
2024_REDUP_955808_3,536/RED/NIT/2024-25 Dated 03.09.2024,Construction work of  CC and drain from main road to Naresh house in Gopalpur Natha.,,,,,,,,,,,,,,,,Director Cum Chief Engineer RED||CHIEF ENGINEER WEST||SE MORADABAD CIRCLE||EE MORADABAD,,,,,,"1,430,994.39",,2024-10-14,Director Cum Chief Engineer RED||CHIEF ENGINEER WEST||SE MORADABAD CIRCLE||EE MORADABAD,True,"{'Flood': 0, 'Embankment': 0, 'embkt': 0, 'Relief': 0, 'Erosion': 0, 'SDRF': 0, 'Inundation': 0, 'Hydrology': 0, 'Silt': 0, 'Siltation': 0, 'Bund': 0, 'Trench': 0, 'Breach': 0, 'Culvert': 0, 'Sluice': 0, 'Dyke': 0, 'Storm water drain': 0, 'Emergency': 0, 'Immediate': 0, 'IM': 0, 'AE': 0, 'A E': 0, 'AAPDA MITRA': 0, 'Bridge': 0, 'River': 0, 'Drain': 1, 'Restoration': 0, 'Protection': 0, 'irr': 0, 'irrigation': 0, 'dam': 0, 'Nallah': 0, 'Retrofitting': 0, 'Pond': 0, 'Pokhari': 0, 'D/C': 0, 'Recharge shaft': 0, 'LFB': 0, 'RFB': 0}","{'Floodlight': 0, 'Flood Light': 0, 'GAS': 0, 'FIFA': 0, 'pipe': 0, 'pipes': 0, 'covid': 0, 'supply': 0, 'Beautification': 0, 'Installation': 0}",Post-Monsoon,,False,True,Repair and Restoration,"{'Construction': 1, 'Drain': 1}"
2024_REDUP_955808_3,536/RED/NIT/2024-25 Dated 03.09.2024,Construction work of  CC and drain from main road to Naresh house in Gopalpur Natha.,,,,,,,,,,,,,,,,Director Cum Chief Engineer RED||CHIEF ENGINEER WEST||SE MORADABAD CIRCLE||EE MORADABAD,,,,,,"1,430,994.39",,2024-10-14,Director Cum Chief Engineer RED||CHIEF ENGINEER WEST||SE MORADABAD CIRCLE||EE MORADABAD,True,"{'Flood': 0, 'Embankment': 0, 'embkt': 0, 'Relief': 0, 'Erosion': 0, 'SDRF': 0, 'Inundation': 0, 'Hydrology': 0, 'Silt': 0, 'Siltation': 0, 'Bund': 0, 'Trench': 0, 'Breach': 0, 'Culvert': 0, 'Sluice': 0, 'Dyke': 0, 'Storm water drain': 0, 'Emergency': 0, 'Immediate': 0, 'IM': 0, 'AE': 0, 'A E': 0, 'AAPDA MITRA': 0, 'Bridge': 0, 'River': 0, 'Drain': 1, 'Restoration': 0, 'Protection': 0, 'irr': 0, 'irrigation': 0, 'dam': 0, 'Nallah': 0, 'Retrofitting': 0, 'Pond': 0, 'Pokhari': 0, 'D/C': 0, 'Recharge shaft': 0, 'LFB': 0, 'RFB': 0}","{'Floodlight': 0, 'Flood Light': 0, 'GAS': 0, 'FIFA': 0, 'pipe': 0, 'pipes': 0, 'covid': 0, 'supply': 0, 'Beautification': 0, 'Installation': 0}",Post-Monsoon,,False,True,Repair and Restoration,"{'Construction': 1, 'Drain': 1}"
2024_REDUP_954463_1,414/EEREDFBD/2024-25,Construction of CC road and drain from Ajits farm to Akhileshs house in village Jainapur,,,,,,,,,,,,,,,,Director Cum Chief Engineer RED||CHIEF ENGINEER EAST||SE KANPUR CIRCLE||EE FARRUKHABAD,,,,,,"1,118,229",,2024-10-17,Director Cum Chief Engineer RED||CHIEF ENGINEER EAST||SE KANPUR CIRCLE||EE FARRUKHABAD,True,"{'Flood': 0, 'Embankment': 0, 'embkt': 0, 'Relief': 0, 'Erosion': 0, 'SDRF': 0, 'Inundation': 0, 'Hydrology': 0, 'Silt': 0, 'Siltation': 0, 'Bund': 0, 'Trench': 0, 'Breach': 0, 'Culvert': 0, 'Sluice': 0, 'Dyke': 0, 'Storm water drain': 0, 'Emergency': 0, 'Immediate': 0, 'IM': 0, 'AE': 0, 'A E': 0, 'AAPDA MITRA': 0, 'Bridge': 0, 'River': 0, 'Drain': 1, 'Restoration': 0, 'Protection': 0, 'irr': 0, 'irrigation': 0, 'dam': 0, 'Nallah': 0, 'Retrofitting': 0, 'Pond': 0, 'Pokhari': 0, 'D/C': 0, 'Recharge shaft': 0, 'LFB': 0, 'RFB': 0}","{'Floodlight': 0, 'Flood Light': 0, 'GAS': 0, 'FIFA': 0, 'pipe': 0, 'pipes': 0, 'covid': 0, 'supply': 0, 'Beautification': 0, 'Installation': 0}",Post-Monsoon,,False,True,Repair and Restoration,"{'Construction': 1, 'Drain': 1}"
2024_REDUP_954463_3,414/EEREDFBD/2024-25,Construction work of CC and drain from Bahadurpur main road to primary school Dahelia in village Dahelia,,,,,,,,,,,,,,,,Director Cum Chief Engineer RED||CHIEF ENGINEER EAST||SE KANPUR CIRCLE||EE FARRUKHABAD,,,,,,"1,299,065",,2024-10-17,Director Cum Chief Engineer RED||CHIEF ENGINEER EAST||SE KANPUR CIRCLE||EE FARRUKHABAD,True,"{'Flood': 0, 'Embankment': 0, 'embkt': 0, 'Relief': 0, 'Erosion': 0, 'SDRF': 0, 'Inundation': 0, 'Hydrology': 0, 'Silt': 0, 'Siltation': 0, 'Bund': 0, 'Trench': 0, 'Breach': 0, 'Culvert': 0, 'Sluice': 0, 'Dyke': 0, 'Storm water drain': 0, 'Emergency': 0, 'Immediate': 0, 'IM': 0, 'AE': 0, 'A E': 0, 'AAPDA MITRA': 0, 'Bridge': 0, 'River': 0, 'Drain': 1, 'Restoration': 0, 'Protection': 0, 'irr': 0, 'irrigation': 0, 'dam': 0, 'Nallah': 0, 'Retrofitting': 0, 'Pond': 0, 'Pokhari': 0, 'D/C': 0, 'Recharge shaft': 0, 'LFB': 0, 'RFB': 0}","{'Floodlight': 0, 'Flood Light': 0, 'GAS': 0, 'FIFA': 0, 'pipe': 0, 'pipes': 0, 'covid': 0, 'supply': 0, 'Beautification': 0, 'Installation': 0}",Post-Monsoon,,False,True,Repair and Restoration,"{'Construction': 1, 'Drain': 1}"
2024_REDUP_954463_3,414/EEREDFBD/2024-25,Construction work of CC and drain from Bahadurpur main road to primary school Dahelia in village Dahelia,,,,,,,,,,,,,,,,Director Cum Chief Engineer RED||CHIEF ENGINEER EAST||SE KANPUR CIRCLE||EE FARRUKHABAD,,,,,,"1,299,065",,2024-10-17,Director Cum Chief Engineer RED||CHIEF ENGINEER EAST||SE KANPUR CIRCLE||EE FARRUKHABAD,True,"{'Flood': 0, 'Embankment': 0, 'embkt': 0, 'Relief': 0, 'Erosion': 0, 'SDRF': 0, 'Inundation': 0, 'Hydrology': 0, 'Silt': 0, 'Siltation': 0, 'Bund': 0, 'Trench': 0, 'Breach': 0, 'Culvert': 0, 'Sluice': 0, 'Dyke': 0, 'Storm water drain': 0, 'Emergency': 0, 'Immediate': 0, 'IM': 0, 'AE': 0, 'A E': 0, 'AAPDA MITRA': 0, 'Bridge': 0, 'River': 0, 'Drain': 1, 'Restoration': 0, 'Protection': 0, 'irr': 0, 'irrigation': 0, 'dam': 0, 'Nallah': 0, 'Retrofitting': 0, 'Pond': 0, 'Pokhari': 0, 'D/C': 0, 'Recharge shaft': 0, 'LFB': 0, 'RFB': 0}","{'Floodlight': 0, 'Flood Light': 0, 'GAS': 0, 'FIFA': 0, 'pipe': 0, 'pipes': 0, 'covid': 0, 'supply': 0, 'Beautification': 0, 'Installation': 0}",Post-Monsoon,,False,True,Repair and Restoration,"{'Construction': 1, 'Drain': 1}"
2024_REDUP_954463_4,414/EEREDFBD/2024-25,Construction of CC road from Nigar Road to temple and drain as per requirement in Gram Sabha Chidiya Maholiya,,,,,,,,,,,,,,,,Director Cum Chief Engineer RED||CHIEF ENGINEER EAST||SE KANPUR CIRCLE||EE FARRUKHABAD,,,,,,"1,729,649",,2024-10-17,Director Cum Chief Engineer RED||CHIEF ENGINEER EAST||SE KANPUR CIRCLE||EE FARRUKHABAD,True,"{'Flood': 0, 'Embankment': 0, 'embkt': 0, 'Relief': 0, 'Erosion': 0, 'SDRF': 0, 'Inundation': 0, 'Hydrology': 0, 'Silt': 0, 'Siltation': 0, 'Bund': 0, 'Trench': 0, 'Breach': 0, 'Culvert': 0, 'Sluice': 0, 'Dyke': 0, 'Storm water drain': 0, 'Emergency': 0, 'Immediate': 0, 'IM': 0, 'AE': 0, 'A E': 0, 'AAPDA MITRA': 0, 'Bridge': 0, 'River': 0, 'Drain': 1, 'Restoration': 0, 'Protection': 0, 'irr': 0, 'irrigation': 0, 'dam': 0, 'Nallah': 0, 'Retrofitting': 0, 'Pond': 0, 'Pokhari': 0, 'D/C': 0, 'Recharge shaft': 0, 'LFB': 0, 'RFB': 0}","{'Floodlight': 0, 'Flood Light': 0, 'GAS': 0, 'FIFA': 0, 'pipe': 0, 'pipes': 0, 'covid': 0, 'supply': 0, 'Beautification': 0, 'Installation': 0}",Post-Monsoon,,False,True,Repair and Restoration,"{'Construction': 1, 'Drain': 1}"
2024_REDUP_954463_1,414/EEREDFBD/2024-25,Construction of CC road and drain from Ajits farm to Akhileshs house in village Jainapur,,,,,,,,,,,,,,,,Director Cum Chief Engineer RED||CHIEF ENGINEER EAST||SE KANPUR CIRCLE||EE FARRUKHABAD,,,,,,"1,118,229",,2024-10-17,Director Cum Chief Engineer RED||CHIEF ENGINEER EAST||SE KANPUR CIRCLE||EE FARRUKHABAD,True,"{'Flood': 0, 'Embankment': 0, 'embkt': 0, 'Relief': 0, 'Erosion': 0, 'SDRF': 0, 'Inundation': 0, 'Hydrology': 0, 'Silt': 0, 'Siltation': 0, 'Bund': 0, 'Trench': 0, 'Breach': 0, 'Culvert': 0, 'Sluice': 0, 'Dyke': 0, 'Storm water drain': 0, 'Emergency': 0, 'Immediate': 0, 'IM': 0, 'AE': 0, 'A E': 0, 'AAPDA MITRA': 0, 'Bridge': 0, 'River': 0, 'Drain': 1, 'Restoration': 0, 'Protection': 0, 'irr': 0, 'irrigation': 0, 'dam': 0, 'Nallah': 0, 'Retrofitting': 0, 'Pond': 0, 'Pokhari': 0, 'D/C': 0, 'Recharge shaft': 0, 'LFB': 0, 'RFB': 0}","{'Floodlight': 0, 'Flood Light': 0, 'GAS': 0, 'FIFA': 0, 'pipe': 0, 'pipes': 0, 'covid': 0, 'supply': 0, 'Beautification': 0, 'Installation': 0}",Post-Monsoon,,False,True,Repair and Restoration,"{'Construction': 1, 'Drain': 1}"
2024_DOLBU_954036_14,275/NpkopaganjMau/2024-25,"Work of drain, slab and soling from the house of Zafarul to the house of Naseem and Parvez to Azimullah via Shakeel Qureshi in Ward No. 07 Bhadsa, Nayapura.",,,,,,,,,,,,,,,,Directorate of Local Bodies UP||Nagar Panchayat Kopaganj Mau,,,,,,"1,238,839.42",,2024-10-10,Directorate of Local Bodies UP||Nagar Panchayat Kopaganj Mau,True,"{'Flood': 0, 'Embankment': 0, 'embkt': 0, 'Relief': 0, 'Erosion': 0, 'SDRF': 0, 'Inundation': 0, 'Hydrology': 0, 'Silt': 0, 'Siltation': 0, 'Bund': 0, 'Trench': 0, 'Breach': 0, 'Culvert': 0, 'Sluice': 0, 'Dyke': 0, 'Storm water drain': 0, 'Emergency': 0, 'Immediate': 0, 'IM': 0, 'AE': 0, 'A E': 0, 'AAPDA MITRA': 0, 'Bridge': 0, 'River': 0, 'Drain': 1, 'Restoration': 0, 'Protection': 0, 'irr': 0, 'irrigation': 0, 'dam': 0, 'Nallah': 0, 'Retrofitting': 0, 'Pond': 0, 'Pokhari': 0, 'D/C': 0, 'Recharge shaft': 0, 'LFB': 0, 'RFB': 0}","{'Floodlight': 0, 'Flood Light': 0, 'GAS': 0, 'FIFA': 0, 'pipe': 0, 'pipes': 0, 'covid': 0, 'supply': 0, 'Beautification': 0, 'Installation': 0}",Post-Monsoon,,False,True,Repair and Restoration,{'Drain': 1}
2024_DOLBU_954036_14,275/NpkopaganjMau/2024-25,"Work of drain, slab and soling from the house of Zafarul to the house of Naseem and Parvez to Azimullah via Shakeel Qureshi in Ward No. 07 Bhadsa, Nayapura.",,,,,,,,,,,,,,,,Directorate of Local Bodies UP||Nagar Panchayat Kopaganj Mau,,,,,,"1,238,839.42",,2024-10-10,Directorate of Local Bodies UP||Nagar Panchayat Kopaganj Mau,True,"{'Flood': 0, 'Embankment': 0, 'embkt': 0, 'Relief': 0, 'Erosion': 0, 'SDRF': 0, 'Inundation': 0, 'Hydrology': 0, 'Silt': 0, 'Siltation': 0, 'Bund': 0, 'Trench': 0, 'Breach': 0, 'Culvert': 0, 'Sluice': 0, 'Dyke': 0, 'Storm water drain': 0, 'Emergency': 0, 'Immediate': 0, 'IM': 0, 'AE': 0, 'A E': 0, 'AAPDA MITRA': 0, 'Bridge': 0, 'River': 0, 'Drain': 1, 'Restoration': 0, 'Protection': 0, 'irr': 0, 'irrigation': 0, 'dam': 0, 'Nallah': 0, 'Retrofitting': 0, 'Pond': 0, 'Pokhari': 0, 'D/C': 0, 'Recharge shaft': 0, 'LFB': 0, 'RFB': 0}","{'Floodlight': 0, 'Flood Light': 0, 'GAS': 0, 'FIFA': 0, 'pipe': 0, 'pipes': 0, 'covid': 0, 'supply': 0, 'Beautification': 0, 'Installation': 0}",Post-Monsoon,,False,True,Repair and Restoration,{'Drain': 1}
2024_DOLBU_954036_16,275/NpkopaganjMau/2024-25,"Drain, slab and interlocking work from Tufail house in Ward No. 01 Kopa Kohna Mehtar Basti to Nizamuddin and Aslam via Aslam, Habib Neta, Masjid.",,,,,,,,,,,,,,,,Directorate of Local Bodies UP||Nagar Panchayat Kopaganj Mau,,,,,,"1,103,838.96",,2024-10-10,Directorate of Local Bodies UP||Nagar Panchayat Kopaganj Mau,True,"{'Flood': 0, 'Embankment': 0, 'embkt': 0, 'Relief': 0, 'Erosion': 0, 'SDRF': 0, 'Inundation': 0, 'Hydrology': 0, 'Silt': 0, 'Siltation': 0, 'Bund': 0, 'Trench': 0, 'Breach': 0, 'Culvert': 0, 'Sluice': 0, 'Dyke': 0, 'Storm water drain': 0, 'Emergency': 0, 'Immediate': 0, 'IM': 0, 'AE': 0, 'A E': 0, 'AAPDA MITRA': 0, 'Bridge': 0, 'River': 0, 'Drain': 1, 'Restoration': 0, 'Protection': 0, 'irr': 0, 'irrigation': 0, 'dam': 0, 'Nallah': 0, 'Retrofitting': 0, 'Pond': 0, 'Pokhari': 0, 'D/C': 0, 'Recharge shaft': 0, 'LFB': 0, 'RFB': 0}","{'Floodlight': 0, 'Flood Light': 0, 'GAS': 0, 'FIFA': 0, 'pipe': 0, 'pipes': 0, 'covid': 0, 'supply': 0, 'Beautification': 0, 'Installation': 0}",Post-Monsoon,,False,True,Repair and Restoration,{'Drain': 1}
2024_DOLBU_953862_1,274/NPKopaganjMau/2024-25,Construction work of covered RCC drain and Damar pitch road from Bala Ji building material shop to Abdul Hameed house via culvert in Kachhikala.,,,,,,,,,,,,,,,,Directorate of Local Bodies UP||Nagar Panchayat Kopaganj Mau,,,,,,"3,811,499.86",,2024-10-15,Directorate of Local Bodies UP||Nagar Panchayat Kopaganj Mau,True,"{'Flood': 0, 'Embankment': 0, 'embkt': 0, 'Relief': 0, 'Erosion': 0, 'SDRF': 0, 'Inundation': 0, 'Hydrology': 0, 'Silt': 0, 'Siltation': 0, 'Bund': 0, 'Trench': 0, 'Breach': 0, 'Culvert': 1, 'Sluice': 0, 'Dyke': 0, 'Storm water drain': 0, 'Emergency': 0, 'Immediate': 0, 'IM': 0, 'AE': 0, 'A E': 0, 'AAPDA MITRA': 0, 'Bridge': 0, 'River': 0, 'Drain': 1, 'Restoration': 0, 'Protection': 0, 'irr': 0, 'irrigation': 0, 'dam': 0, 'Nallah': 0, 'Retrofitting': 0, 'Pond': 0, 'Pokhari': 0, 'D/C': 0, 'Recharge shaft': 0, 'LFB': 0, 'RFB': 0}","{'Floodlight': 0, 'Flood Light': 0, 'GAS': 0, 'FIFA': 0, 'pipe': 0, 'pipes': 0, 'covid': 0, 'supply': 0, 'Beautification': 0, 'Installation': 0}",Post-Monsoon,,False,True,Repair and Restoration,"{'Construction': 1, 'Drain': 1}"
2024_DOLBU_953862_1,274/NPKopaganjMau/2024-25,Construction work of covered RCC drain and Damar pitch road from Bala Ji building material shop to Abdul Hameed house via culvert in Kachhikala.,,,,,,,,,,,,,,,,Directorate of Local Bodies UP||Nagar Panchayat Kopaganj Mau,,,,,,"3,811,499.86",,2024-10-15,Directorate of Local Bodies UP||Nagar Panchayat Kopaganj Mau,True,"{'Flood': 0, 'Embankment': 0, 'embkt': 0, 'Relief': 0, 'Erosion': 0, 'SDRF': 0, 'Inundation': 0, 'Hydrology': 0, 'Silt': 0, 'Siltation': 0, 'Bund': 0, 'Trench': 0, 'Breach': 0, 'Culvert': 1, 'Sluice': 0, 'Dyke': 0, 'Storm water drain': 0, 'Emergency': 0, 'Immediate': 0, 'IM': 0, 'AE': 0, 'A E': 0, 'AAPDA MITRA': 0, 'Bridge': 0, 'River': 0, 'Drain': 1, 'Restoration': 0, 'Protection': 0, 'irr': 0, 'irrigation': 0, 'dam': 0, 'Nallah': 0, 'Retrofitting': 0, 'Pond': 0, 'Pokhari': 0, 'D/C': 0, 'Recharge shaft': 0, 'LFB': 0, 'RFB': 0}","{'Floodlight': 0, 'Flood Light': 0, 'GAS': 0, 'FIFA': 0, 'pipe': 0, 'pipes': 0, 'covid': 0, 'supply': 0, 'Beautification': 0, 'Installation': 0}",Post-Monsoon,,False,True,Repair and Restoration,"{'Construction': 1, 'Drain': 1}"
2024_CEUFZ_960633_1,1741/14A   Date 17-09-2024,Repair work of the damaged minor bridge located on Chain 25.90 of Jais Mohanganj Inhauna Road (MDR) in Amethi district,,,,,,,,,,,,,,,,Chief Engineer PWD Faizabad Zone||Sultanpur-Amethi Circle PWD Sultanpur||EE Construction Division PWD Amethi,,,,,,"1,960,635",,2024-10-22,Chief Engineer PWD Faizabad Zone||Sultanpur-Amethi Circle PWD Sultanpur||EE Construction Division PWD Amethi,True,"{'Flood': 0, 'Embankment': 0, 'embkt': 0, 'Relief': 0, 'Erosion': 0, 'SDRF': 0, 'Inundation': 0, 'Hydrology': 0, 'Silt': 0, 'Siltation': 0, 'Bund': 0, 'Trench': 0, 'Breach': 0, 'Culvert': 0, 'Sluice': 0, 'Dyke': 0, 'Storm water drain': 0, 'Emergency': 0, 'Immediate': 0, 'IM': 0, 'AE': 0, 'A E': 0, 'AAPDA MITRA': 0, 'Bridge': 1, 'River': 0, 'Drain': 0, 'Restoration': 0, 'Protection': 0, 'irr': 0, 'irrigation': 0, 'dam': 0, 'Nallah': 0, 'Retrofitting': 0, 'Pond': 0, 'Pokhari': 0, 'D/C': 0, 'Recharge shaft': 0, 'LFB': 0, 'RFB': 0}","{'Floodlight': 0, 'Flood Light': 0, 'GAS': 0, 'FIFA': 0, 'pipe': 0, 'pipes': 0, 'covid': 0, 'supply': 0, 'Beautification': 0, 'Installation': 0}",Post-Monsoon,,False,True,Repair and Restoration,"{'repair': 1, 'Bridge': 1}"
2024_CEUFZ_960633_1,1741/14A   Date 17-09-2024,Repair work of the damaged minor bridge located on Chain 25.90 of Jais Mohanganj Inhauna Road (MDR) in Amethi district,,,,,,,,,,,,,,,,Chief Engineer PWD Faizabad Zone||Sultanpur-Amethi Circle PWD Sultanpur||EE Construction Division PWD Amethi,,,,,,"1,960,635",,2024-10-22,Chief Engineer PWD Faizabad Zone||Sultanpur-Amethi Circle PWD Sultanpur||EE Construction Division PWD Amethi,True,"{'Flood': 0, 'Embankment': 0, 'embkt': 0, 'Relief': 0, 'Erosion': 0, 'SDRF': 0, 'Inundation': 0, 'Hydrology': 0, 'Silt': 0, 'Siltation': 0, 'Bund': 0, 'Trench': 0, 'Breach': 0, 'Culvert': 0, 'Sluice': 0, 'Dyke': 0, 'Storm water drain': 0, 'Emergency': 0, 'Immediate': 0, 'IM': 0, 'AE': 0, 'A E': 0, 'AAPDA MITRA': 0, 'Bridge': 1, 'River': 0, 'Drain': 0, 'Restoration': 0, 'Protection': 0, 'irr': 0, 'irrigation': 0, 'dam': 0, 'Nallah': 0, 'Retrofitting': 0, 'Pond': 0, 'Pokhari': 0, 'D/C': 0, 'Recharge shaft': 0, 'LFB': 0, 'RFB': 0}","{'Floodlight': 0, 'Flood Light': 0, 'GAS': 0, 'FIFA': 0, 'pipe': 0, 'pipes': 0, 'covid': 0, 'supply': 0, 'Beautification': 0, 'Installation': 0}",Post-Monsoon,,False,True,Repair and Restoration,"{'repair': 1, 'Bridge': 1}"
2024_CEUFZ_960633_2,1741/14A   Date 17-09-2024,Repair work of the damaged minor bridge located on Chain 25.55 of Maharajganj Inhauna Road (ODR) in Amethi district,,,,,,,,,,,,,,,,Chief Engineer PWD Faizabad Zone||Sultanpur-Amethi Circle PWD Sultanpur||EE Construction Division PWD Amethi,,,,,,"1,960,635",,2024-10-22,Chief Engineer PWD Faizabad Zone||Sultanpur-Amethi Circle PWD Sultanpur||EE Construction Division PWD Amethi,True,"{'Flood': 0, 'Embankment': 0, 'embkt': 0, 'Relief': 0, 'Erosion': 0, 'SDRF': 0, 'Inundation': 0, 'Hydrology': 0, 'Silt': 0, 'Siltation': 0, 'Bund': 0, 'Trench': 0, 'Breach': 0, 'Culvert': 0, 'Sluice': 0, 'Dyke': 0, 'Storm water drain': 0, 'Emergency': 0, 'Immediate': 0, 'IM': 0, 'AE': 0, 'A E': 0, 'AAPDA MITRA': 0, 'Bridge': 1, 'River': 0, 'Drain': 0, 'Restoration': 0, 'Protection': 0, 'irr': 0, 'irrigation': 0, 'dam': 0, 'Nallah': 0, 'Retrofitting': 0, 'Pond': 0, 'Pokhari': 0, 'D/C': 0, 'Recharge shaft': 0, 'LFB': 0, 'RFB': 0}","{'Floodlight': 0, 'Flood Light': 0, 'GAS': 0, 'FIFA': 0, 'pipe': 0, 'pipes': 0, 'covid': 0, 'supply': 0, 'Beautification': 0, 'Installation': 0}",Post-Monsoon,,False,True,Repair and Restoration,"{'repair': 1, 'Bridge': 1}"
2024_CEUFZ_954535_3,2466/3A/E-tender/2024 Date 03-09-2024,Repair and Protective work on both sides on small bridge located on Kalyani river at km 33.00 of Tirgaon Sharifabad Satrikh Banki Tindola Chhiwahi Behta(ODR) in Block Dewa district Barabanki.,,,,,,,,,,,,,,,,"Chief Engineer PWD Faizabad Zone||Faizabad Ambedkar Nagar Circle PWD Faizabad||Construction Division-3, PWD, Barabanki",,,,,,"398,282",,2024-10-30,"Chief Engineer PWD Faizabad Zone||Faizabad Ambedkar Nagar Circle PWD Faizabad||Construction Division-3, PWD, Barabanki",True,"{'Flood': 0, 'Embankment': 0, 'embkt': 0, 'Relief': 0, 'Erosion': 0, 'SDRF': 0, 'Inundation': 0, 'Hydrology': 0, 'Silt': 0, 'Siltation': 0, 'Bund': 0, 'Trench': 0, 'Breach': 0, 'Culvert': 0, 'Sluice': 0, 'Dyke': 0, 'Storm water drain': 0, 'Emergency': 0, 'Immediate': 0, 'IM': 0, 'AE': 0, 'A E': 0, 'AAPDA MITRA': 0, 'Bridge': 1, 'River': 1, 'Drain': 0, 'Restoration': 0, 'Protection': 0, 'irr': 0, 'irrigation': 0, 'dam': 0, 'Nallah': 0, 'Retrofitting': 0, 'Pond': 0, 'Pokhari': 0, 'D/C': 0, 'Recharge shaft': 0, 'LFB': 0, 'RFB': 0}","{'Floodlight': 0, 'Flood Light': 0, 'GAS': 0, 'FIFA': 0, 'pipe': 0, 'pipes': 0, 'covid': 0, 'supply': 0, 'Beautification': 0, 'Installation': 0}",Post-Monsoon,,False,True,Repair and Restoration,"{'repair': 1, 'Bridge': 1}"
2024_CEUCZ_932306_33,4811/E-Tender/2024-25 Dated 17.06.2024,Patch Repair Work on Kumbhrawa Area in BKT under Jurisdiction of AE III,,,,,,,,,,,,,,,,"Chief Engineer PWD Central Zone,Lucknow||S.E. UPPWD Lucknow||Provincial Division, Lucknow",,,,,,"2,000,930.75",,2024-10-07,"Chief Engineer PWD Central Zone,Lucknow||S.E. UPPWD Lucknow||Provincial Division, Lucknow",True,"{'Flood': 0, 'Embankment': 0, 'embkt': 0, 'Relief': 0, 'Erosion': 0, 'SDRF': 0, 'Inundation': 0, 'Hydrology': 0, 'Silt': 0, 'Siltation': 0, 'Bund': 0, 'Trench': 0, 'Breach': 0, 'Culvert': 0, 'Sluice': 0, 'Dyke': 0, 'Storm water drain': 0, 'Emergency': 0, 'Immediate': 0, 'IM': 0, 'AE': 1, 'A E': 0, 'AAPDA MITRA': 0, 'Bridge': 0, 'River': 0, 'Drain': 0, 'Restoration': 0, 'Protection': 0, 'irr': 0, 'irrigation': 0, 'dam': 0, 'Nallah': 0, 'Retrofitting': 0, 'Pond': 0, 'Pokhari': 0, 'D/C': 0, 'Recharge shaft': 0, 'LFB': 0, 'RFB': 0}","{'Floodlight': 0, 'Flood Light': 0, 'GAS': 0, 'FIFA': 0, 'pipe': 0, 'pipes': 0, 'covid': 0, 'supply': 0, 'Beautification': 0, 'Installation': 0}",Post-Monsoon,,True,False,Repair and Restoration,{'repair': 1}
2024_CEUCZ_932306_33,4811/E-Tender/2024-25 Dated 17.06.2024,Patch Repair Work on Kumbhrawa Area in BKT under Jurisdiction of AE III,,,,,,,,,,,,,,,,"Chief Engineer PWD Central Zone,Lucknow||S.E. UPPWD Lucknow||Provincial Division, Lucknow",,,,,,"2,000,930.75",,2024-10-07,"Chief Engineer PWD Central Zone,Lucknow||S.E. UPPWD Lucknow||Provincial Division, Lucknow",True,"{'Flood': 0, 'Embankment': 0, 'embkt': 0, 'Relief': 0, 'Erosion': 0, 'SDRF': 0, 'Inundation': 0, 'Hydrology': 0, 'Silt': 0, 'Siltation': 0, 'Bund': 0, 'Trench': 0, 'Breach': 0, 'Culvert': 0, 'Sluice': 0, 'Dyke': 0, 'Storm water drain': 0, 'Emergency': 0, 'Immediate': 0, 'IM': 0, 'AE': 1, 'A E': 0, 'AAPDA MITRA': 0, 'Bridge': 0, 'River': 0, 'Drain': 0, 'Restoration': 0, 'Protection': 0, 'irr': 0, 'irrigation': 0, 'dam': 0, 'Nallah': 0, 'Retrofitting': 0, 'Pond': 0, 'Pokhari': 0, 'D/C': 0, 'Recharge shaft': 0, 'LFB': 0, 'RFB': 0}","{'Floodlight': 0, 'Flood Light': 0, 'GAS': 0, 'FIFA': 0, 'pipe': 0, 'pipes': 0, 'covid': 0, 'supply': 0, 'Beautification': 0, 'Installation': 0}",Post-Monsoon,,True,False,Repair and Restoration,{'repair': 1}
2024_CEUCZ_932306_34,4811/E-Tender/2024-25 Dated 17.06.2024,Patch Repair Work on Dhatingra Area in BKT under Jurisdiction of AE III,,,,,,,,,,,,,,,,"Chief Engineer PWD Central Zone,Lucknow||S.E. UPPWD Lucknow||Provincial Division, Lucknow",,,,,,"1,899,928.11",,2024-10-03,"Chief Engineer PWD Central Zone,Lucknow||S.E. UPPWD Lucknow||Provincial Division, Lucknow",True,"{'Flood': 0, 'Embankment': 0, 'embkt': 0, 'Relief': 0, 'Erosion': 0, 'SDRF': 0, 'Inundation': 0, 'Hydrology': 0, 'Silt': 0, 'Siltation': 0, 'Bund': 0, 'Trench': 0, 'Breach': 0, 'Culvert': 0, 'Sluice': 0, 'Dyke': 0, 'Storm water drain': 0, 'Emergency': 0, 'Immediate': 0, 'IM': 0, 'AE': 1, 'A E': 0, 'AAPDA MITRA': 0, 'Bridge': 0, 'River': 0, 'Drain': 0, 'Restoration': 0, 'Protection': 0, 'irr': 0, 'irrigation': 0, 'dam': 0, 'Nallah': 0, 'Retrofitting': 0, 'Pond': 0, 'Pokhari': 0, 'D/C': 0, 'Recharge shaft': 0, 'LFB': 0, 'RFB': 0}","{'Floodlight': 0, 'Flood Light': 0, 'GAS': 0, 'FIFA': 0, 'pipe': 0, 'pipes': 0, 'covid': 0, 'supply': 0, 'Beautification': 0, 'Installation': 0}",Post-Monsoon,,True,False,Repair and Restoration,{'repair': 1}
2024_CEUCZ_932306_43,4811/E-Tender/2024-25 Dated 17.06.2024,Termoplastic Paints Work on Ambedkar Road Rana Pratap Road and Rana Pratap to Nishatganj Bridge Road in Lucknow City,,,,,,,,,,,,,,,,"Chief Engineer PWD Central Zone,Lucknow||S.E. UPPWD Lucknow||Provincial Division, Lucknow",,,,,,"530,392.32",,2024-10-09,"Chief Engineer PWD Central Zone,Lucknow||S.E. UPPWD Lucknow||Provincial Division, Lucknow",True,"{'Flood': 0, 'Embankment': 0, 'embkt': 0, 'Relief': 0, 'Erosion': 0, 'SDRF': 0, 'Inundation': 0, 'Hydrology': 0, 'Silt': 0, 'Siltation': 0, 'Bund': 0, 'Trench': 0, 'Breach': 0, 'Culvert': 0, 'Sluice': 0, 'Dyke': 0, 'Storm water drain': 0, 'Emergency': 0, 'Immediate': 0, 'IM': 0, 'AE': 0, 'A E': 0, 'AAPDA MITRA': 0, 'Bridge': 1, 'River': 0, 'Drain': 0, 'Restoration': 0, 'Protection': 0, 'irr': 0, 'irrigation': 0, 'dam': 0, 'Nallah': 0, 'Retrofitting': 0, 'Pond': 0, 'Pokhari': 0, 'D/C': 0, 'Recharge shaft': 0, 'LFB': 0, 'RFB': 0}","{'Floodlight': 0, 'Flood Light': 0, 'GAS': 0, 'FIFA': 0, 'pipe': 0, 'pipes': 0, 'covid': 0, 'supply': 0, 'Beautification': 0, 'Installation': 0}",Post-Monsoon,,False,True,Repair and Restoration,{'Bridge': 1}
2024_CEUCZ_932306_33,4811/E-Tender/2024-25 Dated 17.06.2024,Patch Repair Work on Kumbhrawa Area in BKT under Jurisdiction of AE III,,,,,,,,,,,,,,,,"Chief Engineer PWD Central Zone,Lucknow||S.E. UPPWD Lucknow||Provincial Division, Lucknow",,,,,,"2,000,930.75",,2024-10-07,"Chief Engineer PWD Central Zone,Lucknow||S.E. UPPWD Lucknow||Provincial Division, Lucknow",True,"{'Flood': 0, 'Embankment': 0, 'embkt': 0, 'Relief': 0, 'Erosion': 0, 'SDRF': 0, 'Inundation': 0, 'Hydrology': 0, 'Silt': 0, 'Siltation': 0, 'Bund': 0, 'Trench': 0, 'Breach': 0, 'Culvert': 0, 'Sluice': 0, 'Dyke': 0, 'Storm water drain': 0, 'Emergency': 0, 'Immediate': 0, 'IM': 0, 'AE': 1, 'A E': 0, 'AAPDA MITRA': 0, 'Bridge': 0, 'River': 0, 'Drain': 0, 'Restoration': 0, 'Protection': 0, 'irr': 0, 'irrigation': 0, 'dam': 0, 'Nallah': 0, 'Retrofitting': 0, 'Pond': 0, 'Pokhari': 0, 'D/C': 0, 'Recharge shaft': 0, 'LFB': 0, 'RFB': 0}","{'Floodlight': 0, 'Flood Light': 0, 'GAS': 0, 'FIFA': 0, 'pipe': 0, 'pipes': 0, 'covid': 0, 'supply': 0, 'Beautification': 0, 'Installation': 0}",Post-Monsoon,,True,False,Repair and Restoration,{'repair': 1}
2024_CEBLY_943413_1,5840/413C (E-TENDER)-3/2024-25 Date 29.06.2024,Work of installing Paver Tiles on the road from Atal bridge to Tilak Inter College under National clean air program in Distt. Bareilly Fin. Year 2024-2025,,,,,,,,,,,,,,,,Cheif Engineer Bareilly Zone PWD Bareilly||SE BAREILLY CIRCLE PWD BAREILLY ||EE PROVINCIAL DIVISION PWD BAREILLY,,,,,,"18,337,514.18",,2024-10-19,Cheif Engineer Bareilly Zone PWD Bareilly||SE BAREILLY CIRCLE PWD BAREILLY ||EE PROVINCIAL DIVISION PWD BAREILLY,True,"{'Flood': 0, 'Embankment': 0, 'embkt': 0, 'Relief': 0, 'Erosion': 0, 'SDRF': 0, 'Inundation': 0, 'Hydrology': 0, 'Silt': 0, 'Siltation': 0, 'Bund': 0, 'Trench': 0, 'Breach': 0, 'Culvert': 0, 'Sluice': 0, 'Dyke': 0, 'Storm water drain': 0, 'Emergency': 0, 'Immediate': 0, 'IM': 0, 'AE': 0, 'A E': 0, 'AAPDA MITRA': 0, 'Bridge': 1, 'River': 0, 'Drain': 0, 'Restoration': 0, 'Protection': 0, 'irr': 0, 'irrigation': 0, 'dam': 0, 'Nallah': 0, 'Retrofitting': 0, 'Pond': 0, 'Pokhari': 0, 'D/C': 0, 'Recharge shaft': 0, 'LFB': 0, 'RFB': 0}","{'Floodlight': 0, 'Flood Light': 0, 'GAS': 0, 'FIFA': 0, 'pipe': 0, 'pipes': 0, 'covid': 0, 'supply': 0, 'Beautification': 0, 'Installation': 0}",Post-Monsoon,,False,True,Repair and Restoration,{'Bridge': 1}
2024_CEBLY_952378_1,2682/12A Date 22/08/2024,Construction of CC Road and Drain work at Basant Bihar Colony in Distt. Shahjahanpur (Fin Year 2024-25),,,,,,,,,,,,,,,,Cheif Engineer Bareilly Zone PWD Bareilly||SE BAREILLY CIRCLE PWD BAREILLY ||EE PROVINCIAL DIVISION PWD SHAHJAHANPUR,,,,,,"602,326.45",,2024-10-25,Cheif Engineer Bareilly Zone PWD Bareilly||SE BAREILLY CIRCLE PWD BAREILLY ||EE PROVINCIAL DIVISION PWD SHAHJAHANPUR,True,"{'Flood': 0, 'Embankment': 0, 'embkt': 0, 'Relief': 0, 'Erosion': 0, 'SDRF': 0, 'Inundation': 0, 'Hydrology': 0, 'Silt': 0, 'Siltation': 0, 'Bund': 0, 'Trench': 0, 'Breach': 0, 'Culvert': 0, 'Sluice': 0, 'Dyke': 0, 'Storm water drain': 0, 'Emergency': 0, 'Immediate': 0, 'IM': 0, 'AE': 0, 'A E': 0, 'AAPDA MITRA': 0, 'Bridge': 0, 'River': 0, 'Drain': 1, 'Restoration': 0, 'Protection': 0, 'irr': 0, 'irrigation': 0, 'dam': 0, 'Nallah': 0, 'Retrofitting': 0, 'Pond': 0, 'Pokhari': 0, 'D/C': 0, 'Recharge shaft': 0, 'LFB': 0, 'RFB': 0}","{'Floodlight': 0, 'Flood Light': 0, 'GAS': 0, 'FIFA': 0, 'pipe': 0, 'pipes': 0, 'covid': 0, 'supply': 0, 'Beautification': 0, 'Installation': 0}",Post-Monsoon,,False,True,Repair and Restoration,"{'Construction': 1, 'Drain': 1}"
2024_CEALD_955730_2,1711/A-5/e-tendering/2024 Date -24.08.2024,Patch repair work in SH MDR ODR various roads under AE-II work area.,,,,,,,,,,,,,,,,Cheif Engineer Allahabad Zone PWD Allahabad||SE PRATAPGARH CIRCLE PWD PRATAPGARH||EE CONSTRUCTION DIVISION-2  PWD FATEHPUR,,,,,,"1,535,688",,2024-10-03,Cheif Engineer Allahabad Zone PWD Allahabad||SE PRATAPGARH CIRCLE PWD PRATAPGARH||EE CONSTRUCTION DIVISION-2  PWD FATEHPUR,True,"{'Flood': 0, 'Embankment': 0, 'embkt': 0, 'Relief': 0, 'Erosion': 0, 'SDRF': 0, 'Inundation': 0, 'Hydrology': 0, 'Silt': 0, 'Siltation': 0, 'Bund': 0, 'Trench': 0, 'Breach': 0, 'Culvert': 0, 'Sluice': 0, 'Dyke': 0, 'Storm water drain': 0, 'Emergency': 0, 'Immediate': 0, 'IM': 0, 'AE': 1, 'A E': 0, 'AAPDA MITRA': 0, 'Bridge': 0, 'River': 0, 'Drain': 0, 'Restoration': 0, 'Protection': 0, 'irr': 0, 'irrigation': 0, 'dam': 0, 'Nallah': 0, 'Retrofitting': 0, 'Pond': 0, 'Pokhari': 0, 'D/C': 0, 'Recharge shaft': 0, 'LFB': 0, 'RFB': 0}","{'Floodlight': 0, 'Flood Light': 0, 'GAS': 0, 'FIFA': 0, 'pipe': 0, 'pipes': 0, 'covid': 0, 'supply': 0, 'Beautification': 0, 'Installation': 0}",Post-Monsoon,,True,True,Repair and Restoration,{'repair': 1}
2024_CEALD_955730_2,1711/A-5/e-tendering/2024 Date -24.08.2024,Patch repair work in SH MDR ODR various roads under AE-II work area.,,,,,,,,,,,,,,,,Cheif Engineer Allahabad Zone PWD Allahabad||SE PRATAPGARH CIRCLE PWD PRATAPGARH||EE CONSTRUCTION DIVISION-2  PWD FATEHPUR,,,,,,"1,535,688",,2024-10-03,Cheif Engineer Allahabad Zone PWD Allahabad||SE PRATAPGARH CIRCLE PWD PRATAPGARH||EE CONSTRUCTION DIVISION-2  PWD FATEHPUR,True,"{'Flood': 0, 'Embankment': 0, 'embkt': 0, 'Relief': 0, 'Erosion': 0, 'SDRF': 0, 'Inundation': 0, 'Hydrology': 0, 'Silt': 0, 'Siltation': 0, 'Bund': 0, 'Trench': 0, 'Breach': 0, 'Culvert': 0, 'Sluice': 0, 'Dyke': 0, 'Storm water drain': 0, 'Emergency': 0, 'Immediate': 0, 'IM': 0, 'AE': 1, 'A E': 0, 'AAPDA MITRA': 0, 'Bridge': 0, 'River': 0, 'Drain': 0, 'Restoration': 0, 'Protection': 0, 'irr': 0, 'irrigation': 0, 'dam': 0, 'Nallah': 0, 'Retrofitting': 0, 'Pond': 0, 'Pokhari': 0, 'D/C': 0, 'Recharge shaft': 0, 'LFB': 0, 'RFB': 0}","{'Floodlight': 0, 'Flood Light': 0, 'GAS': 0, 'FIFA': 0, 'pipe': 0, 'pipes': 0, 'covid': 0, 'supply': 0, 'Beautification': 0, 'Installation': 0}",Post-Monsoon,,True,True,Repair and Restoration,{'repair': 1}
2024_CEALD_955730_2,1711/A-5/e-tendering/2024 Date -24.08.2024,Patch repair work in SH MDR ODR various roads under AE-II work area.,,,,,,,,,,,,,,,,Cheif Engineer Allahabad Zone PWD Allahabad||SE PRATAPGARH CIRCLE PWD PRATAPGARH||EE CONSTRUCTION DIVISION-2  PWD FATEHPUR,,,,,,"1,535,688",,2024-10-03,Cheif Engineer Allahabad Zone PWD Allahabad||SE PRATAPGARH CIRCLE PWD PRATAPGARH||EE CONSTRUCTION DIVISION-2  PWD FATEHPUR,True,"{'Flood': 0, 'Embankment': 0, 'embkt': 0, 'Relief': 0, 'Erosion': 0, 'SDRF': 0, 'Inundation': 0, 'Hydrology': 0, 'Silt': 0, 'Siltation': 0, 'Bund': 0, 'Trench': 0, 'Breach': 0, 'Culvert': 0, 'Sluice': 0, 'Dyke': 0, 'Storm water drain': 0, 'Emergency': 0, 'Immediate': 0, 'IM': 0, 'AE': 1, 'A E': 0, 'AAPDA MITRA': 0, 'Bridge': 0, 'River': 0, 'Drain': 0, 'Restoration': 0, 'Protection': 0, 'irr': 0, 'irrigation': 0, 'dam': 0, 'Nallah': 0, 'Retrofitting': 0, 'Pond': 0, 'Pokhari': 0, 'D/C': 0, 'Recharge shaft': 0, 'LFB': 0, 'RFB': 0}","{'Floodlight': 0, 'Flood Light': 0, 'GAS': 0, 'FIFA': 0, 'pipe': 0, 'pipes': 0, 'covid': 0, 'supply': 0, 'Beautification': 0, 'Installation': 0}",Post-Monsoon,,True,True,Repair and Restoration,{'repair': 1}
2023_UPIDC_829683_1,07/EE-HDSC/2023-24,Auction of aggregated silt/soil on both bank between km 0.000 to km 5.000 of Peng dy.  (Lot-07),,,,,,,,,,,,,,,,"U P Irrigation Department (Civil)||Chief Engineer-Sharda, Lucknow||VI Circle Irrigation Works, Lucknow||HDSC, hardoi",,,,,,"31,500",,2024-10-07,"U P Irrigation Department (Civil)||Chief Engineer-Sharda, Lucknow||VI Circle Irrigation Works, Lucknow||HDSC, hardoi",True,"{'Flood': 0, 'Embankment': 0, 'embkt': 0, 'Relief': 0, 'Erosion': 0, 'SDRF': 0, 'Inundation': 0, 'Hydrology': 0, 'Silt': 1, 'Siltation': 0, 'Bund': 0, 'Trench': 0, 'Breach': 0, 'Culvert': 0, 'Sluice': 0, 'Dyke': 0, 'Storm water drain': 0, 'Emergency': 0, 'Immediate': 0, 'IM': 0, 'AE': 0, 'A E': 0, 'AAPDA MITRA': 0, 'Bridge': 0, 'River': 0, 'Drain': 0, 'Restoration': 0, 'Protection': 0, 'irr': 0, 'irrigation': 0, 'dam': 0, 'Nallah': 0, 'Retrofitting': 0, 'Pond': 0, 'Pokhari': 0, 'D/C': 0, 'Recharge shaft': 0, 'LFB': 0, 'RFB': 0}","{'Floodlight': 0, 'Flood Light': 0, 'GAS': 0, 'FIFA': 0, 'pipe': 0, 'pipes': 0, 'covid': 0, 'supply': 0, 'Beautification': 0, 'Installation': 0}",Post-Monsoon,,False,True,Others,
2023_UPIDC_829684_1,07/EE-HDSC/2023-24,Auction of aggregated silt/soil on both bank between km 0.000 to km 2.600 of Pihani dy.  (Lot-08),,,,,,,,,,,,,,,,"U P Irrigation Department (Civil)||Chief Engineer-Sharda, Lucknow||VI Circle Irrigation Works, Lucknow||HDSC, hardoi",,,,,,"83,200",,2024-10-25,"U P Irrigation Department (Civil)||Chief Engineer-Sharda, Lucknow||VI Circle Irrigation Works, Lucknow||HDSC, hardoi",True,"{'Flood': 0, 'Embankment': 0, 'embkt': 0, 'Relief': 0, 'Erosion': 0, 'SDRF': 0, 'Inundation': 0, 'Hydrology': 0, 'Silt': 1, 'Siltation': 0, 'Bund': 0, 'Trench': 0, 'Breach': 0, 'Culvert': 0, 'Sluice': 0, 'Dyke': 0, 'Storm water drain': 0, 'Emergency': 0, 'Immediate': 0, 'IM': 0, 'AE': 0, 'A E': 0, 'AAPDA MITRA': 0, 'Bridge': 0, 'River': 0, 'Drain': 0, 'Restoration': 0, 'Protection': 0, 'irr': 0, 'irrigation': 0, 'dam': 0, 'Nallah': 0, 'Retrofitting': 0, 'Pond': 0, 'Pokhari': 0, 'D/C': 0, 'Recharge shaft': 0, 'LFB': 0, 'RFB': 0}","{'Floodlight': 0, 'Flood Light': 0, 'GAS': 0, 'FIFA': 0, 'pipe': 0, 'pipes': 0, 'covid': 0, 'supply': 0, 'Beautification': 0, 'Installation': 0}",Post-Monsoon,,False,True,Others,
2023_CEMRT_781767_1,1150/96M/ETENDER/22-23 DATE 10-02-2023,Construction work of a small bridge over the rainy drain in kilometer 3 of Bachiti road from Bhatol power house to Shiv Mandir.,,,,,,,,,,,,,,,,Cheif Engineer Meerut Zone PWD Meerut||SE SAHARANPUR CIRCLE PWD SAHARANPUR,,,,,,"6,489,669",,2024-10-02,Cheif Engineer Meerut Zone PWD Meerut||SE SAHARANPUR CIRCLE PWD SAHARANPUR,True,"{'Flood': 0, 'Embankment': 0, 'embkt': 0, 'Relief': 0, 'Erosion': 0, 'SDRF': 0, 'Inundation': 0, 'Hydrology': 0, 'Silt': 0, 'Siltation': 0, 'Bund': 0, 'Trench': 0, 'Breach': 0, 'Culvert': 0, 'Sluice': 0, 'Dyke': 0, 'Storm water drain': 0, 'Emergency': 0, 'Immediate': 0, 'IM': 0, 'AE': 0, 'A E': 0, 'AAPDA MITRA': 0, 'Bridge': 1, 'River': 0, 'Drain': 1, 'Restoration': 0, 'Protection': 0, 'irr': 0, 'irrigation': 0, 'dam': 0, 'Nallah': 0, 'Retrofitting': 0, 'Pond': 0, 'Pokhari': 0, 'D/C': 0, 'Recharge shaft': 0, 'LFB': 0, 'RFB': 0}","{'Floodlight': 0, 'Flood Light': 0, 'GAS': 0, 'FIFA': 0, 'pipe': 0, 'pipes': 0, 'covid': 0, 'supply': 0, 'Beautification': 0, 'Installation': 0}",Post-Monsoon,,False,True,Repair and Restoration,"{'Construction': 1, 'Bridge': 1, 'Drain': 1}"
2024_UPIDC_966648_30,02/EE/2024-25,Silt clearance of Rudauli Mr. from Km 0.000 to 10.200,,,,,,,,,,,,,,,,"U P Irrigation Department (Civil)||Chief Engineer-Sharda Sahayak, Lucknow||VII Circle Irrigation Works, Lucknow||BDSC, barabanki",,,,,,"407,065.34",,2024-10-30,"U P Irrigation Department (Civil)||Chief Engineer-Sharda Sahayak, Lucknow||VII Circle Irrigation Works, Lucknow||BDSC, barabanki",True,"{'Flood': 0, 'Embankment': 0, 'embkt': 0, 'Relief': 0, 'Erosion': 0, 'SDRF': 0, 'Inundation': 0, 'Hydrology': 0, 'Silt': 1, 'Siltation': 0, 'Bund': 0, 'Trench': 0, 'Breach': 0, 'Culvert': 0, 'Sluice': 0, 'Dyke': 0, 'Storm water drain': 0, 'Emergency': 0, 'Immediate': 0, 'IM': 0, 'AE': 0, 'A E': 0, 'AAPDA MITRA': 0, 'Bridge': 0, 'River': 0, 'Drain': 0, 'Restoration': 0, 'Protection': 0, 'irr': 0, 'irrigation': 0, 'dam': 0, 'Nallah': 0, 'Retrofitting': 0, 'Pond': 0, 'Pokhari': 0, 'D/C': 0, 'Recharge shaft': 0, 'LFB': 0, 'RFB': 0}","{'Floodlight': 0, 'Flood Light': 0, 'GAS': 0, 'FIFA': 0, 'pipe': 0, 'pipes': 0, 'covid': 0, 'supply': 0, 'Beautification': 0, 'Installation': 0}",Post-Monsoon,,False,True,Repair and Restoration,{'mr': 1}
2024_UPIDC_966648_32,02/EE/2024-25,Silt clearance of Mangi Mr. from Km 0.000 to 6.400,,,,,,,,,,,,,,,,"U P Irrigation Department (Civil)||Chief Engineer-Sharda Sahayak, Lucknow||VII Circle Irrigation Works, Lucknow||BDSC, barabanki",,,,,,"199,670.12",,2024-10-30,"U P Irrigation Department (Civil)||Chief Engineer-Sharda Sahayak, Lucknow||VII Circle Irrigation Works, Lucknow||BDSC, barabanki",True,"{'Flood': 0, 'Embankment': 0, 'embkt': 0, 'Relief': 0, 'Erosion': 0, 'SDRF': 0, 'Inundation': 0, 'Hydrology': 0, 'Silt': 1, 'Siltation': 0, 'Bund': 0, 'Trench': 0, 'Breach': 0, 'Culvert': 0, 'Sluice': 0, 'Dyke': 0, 'Storm water drain': 0, 'Emergency': 0, 'Immediate': 0, 'IM': 0, 'AE': 0, 'A E': 0, 'AAPDA MITRA': 0, 'Bridge': 0, 'River': 0, 'Drain': 0, 'Restoration': 0, 'Protection': 0, 'irr': 0, 'irrigation': 0, 'dam': 0, 'Nallah': 0, 'Retrofitting': 0, 'Pond': 0, 'Pokhari': 0, 'D/C': 0, 'Recharge shaft': 0, 'LFB': 0, 'RFB': 0}","{'Floodlight': 0, 'Flood Light': 0, 'GAS': 0, 'FIFA': 0, 'pipe': 0, 'pipes': 0, 'covid': 0, 'supply': 0, 'Beautification': 0, 'Installation': 0}",Post-Monsoon,,False,True,Repair and Restoration,{'mr': 1}
2024_UPIDC_966648_6,02/EE/2024-25,Silt clearance of Saidanpur Dy. From Km 0.000 to 27.000,,,,,,,,,,,,,,,,"U P Irrigation Department (Civil)||Chief Engineer-Sharda Sahayak, Lucknow||VII Circle Irrigation Works, Lucknow||BDSC, barabanki",,,,,,"119,939.14",,2024-10-29,"U P Irrigation Department (Civil)||Chief Engineer-Sharda Sahayak, Lucknow||VII Circle Irrigation Works, Lucknow||BDSC, barabanki",True,"{'Flood': 0, 'Embankment': 0, 'embkt': 0, 'Relief': 0, 'Erosion': 0, 'SDRF': 0, 'Inundation': 0, 'Hydrology': 0, 'Silt': 1, 'Siltation': 0, 'Bund': 0, 'Trench': 0, 'Breach': 0, 'Culvert': 0, 'Sluice': 0, 'Dyke': 0, 'Storm water drain': 0, 'Emergency': 0, 'Immediate': 0, 'IM': 0, 'AE': 0, 'A E': 0, 'AAPDA MITRA': 0, 'Bridge': 0, 'River': 0, 'Drain': 0, 'Restoration': 0, 'Protection': 0, 'irr': 0, 'irrigation': 0, 'dam': 0, 'Nallah': 0, 'Retrofitting': 0, 'Pond': 0, 'Pokhari': 0, 'D/C': 0, 'Recharge shaft': 0, 'LFB': 0, 'RFB': 0}","{'Floodlight': 0, 'Flood Light': 0, 'GAS': 0, 'FIFA': 0, 'pipe': 0, 'pipes': 0, 'covid': 0, 'supply': 0, 'Beautification': 0, 'Installation': 0}",Post-Monsoon,,False,True,Others,
2024_UPIDC_966648_8,02/EE/2024-25,Silt clearance of Patranga Dy. From Km 0.000 to 8.200,,,,,,,,,,,,,,,,"U P Irrigation Department (Civil)||Chief Engineer-Sharda Sahayak, Lucknow||VII Circle Irrigation Works, Lucknow||BDSC, barabanki",,,,,,"266,032.51",,2024-10-30,"U P Irrigation Department (Civil)||Chief Engineer-Sharda Sahayak, Lucknow||VII Circle Irrigation Works, Lucknow||BDSC, barabanki",True,"{'Flood': 0, 'Embankment': 0, 'embkt': 0, 'Relief': 0, 'Erosion': 0, 'SDRF': 0, 'Inundation': 0, 'Hydrology': 0, 'Silt': 1, 'Siltation': 0, 'Bund': 0, 'Trench': 0, 'Breach': 0, 'Culvert': 0, 'Sluice': 0, 'Dyke': 0, 'Storm water drain': 0, 'Emergency': 0, 'Immediate': 0, 'IM': 0, 'AE': 0, 'A E': 0, 'AAPDA MITRA': 0, 'Bridge': 0, 'River': 0, 'Drain': 0, 'Restoration': 0, 'Protection': 0, 'irr': 0, 'irrigation': 0, 'dam': 0, 'Nallah': 0, 'Retrofitting': 0, 'Pond': 0, 'Pokhari': 0, 'D/C': 0, 'Recharge shaft': 0, 'LFB': 0, 'RFB': 0}","{'Floodlight': 0, 'Flood Light': 0, 'GAS': 0, 'FIFA': 0, 'pipe': 0, 'pipes': 0, 'covid': 0, 'supply': 0, 'Beautification': 0, 'Installation': 0}",Post-Monsoon,,False,True,Others,
2024_UPIDC_966648_21,02/EE/2024-25,Silt clearance of Tiwaripur Mr. from Km 0.000 to 9.600,,,,,,,,,,,,,,,,"U P Irrigation Department (Civil)||Chief Engineer-Sharda Sahayak, Lucknow||VII Circle Irrigation Works, Lucknow||BDSC, barabanki",,,,,,"390,628.93",,2024-10-30,"U P Irrigation Department (Civil)||Chief Engineer-Sharda Sahayak, Lucknow||VII Circle Irrigation Works, Lucknow||BDSC, barabanki",True,"{'Flood': 0, 'Embankment': 0, 'embkt': 0, 'Relief': 0, 'Erosion': 0, 'SDRF': 0, 'Inundation': 0, 'Hydrology': 0, 'Silt': 1, 'Siltation': 0, 'Bund': 0, 'Trench': 0, 'Breach': 0, 'Culvert': 0, 'Sluice': 0, 'Dyke': 0, 'Storm water drain': 0, 'Emergency': 0, 'Immediate': 0, 'IM': 0, 'AE': 0, 'A E': 0, 'AAPDA MITRA': 0, 'Bridge': 0, 'River': 0, 'Drain': 0, 'Restoration': 0, 'Protection': 0, 'irr': 0, 'irrigation': 0, 'dam': 0, 'Nallah': 0, 'Retrofitting': 0, 'Pond': 0, 'Pokhari': 0, 'D/C': 0, 'Recharge shaft': 0, 'LFB': 0, 'RFB': 0}","{'Floodlight': 0, 'Flood Light': 0, 'GAS': 0, 'FIFA': 0, 'pipe': 0, 'pipes': 0, 'covid': 0, 'supply': 0, 'Beautification': 0, 'Installation': 0}",Post-Monsoon,,False,True,Repair and Restoration,{'mr': 1}
2024_UPIDC_966648_22,02/EE/2024-25,Silt clearance of Jyoli Mr. From km 0.000 to 5.700,,,,,,,,,,,,,,,,"U P Irrigation Department (Civil)||Chief Engineer-Sharda Sahayak, Lucknow||VII Circle Irrigation Works, Lucknow||BDSC, barabanki",,,,,,"127,996.27",,2024-10-29,"U P Irrigation Department (Civil)||Chief Engineer-Sharda Sahayak, Lucknow||VII Circle Irrigation Works, Lucknow||BDSC, barabanki",True,"{'Flood': 0, 'Embankment': 0, 'embkt': 0, 'Relief': 0, 'Erosion': 0, 'SDRF': 0, 'Inundation': 0, 'Hydrology': 0, 'Silt': 1, 'Siltation': 0, 'Bund': 0, 'Trench': 0, 'Breach': 0, 'Culvert': 0, 'Sluice': 0, 'Dyke': 0, 'Storm water drain': 0, 'Emergency': 0, 'Immediate': 0, 'IM': 0, 'AE': 0, 'A E': 0, 'AAPDA MITRA': 0, 'Bridge': 0, 'River': 0, 'Drain': 0, 'Restoration': 0, 'Protection': 0, 'irr': 0, 'irrigation': 0, 'dam': 0, 'Nallah': 0, 'Retrofitting': 0, 'Pond': 0, 'Pokhari': 0, 'D/C': 0, 'Recharge shaft': 0, 'LFB': 0, 'RFB': 0}","{'Floodlight': 0, 'Flood Light': 0, 'GAS': 0, 'FIFA': 0, 'pipe': 0, 'pipes': 0, 'covid': 0, 'supply': 0, 'Beautification': 0, 'Installation': 0}",Post-Monsoon,,False,True,Repair and Restoration,{'mr': 1}
2024_UPIDC_966648_23,02/EE/2024-25,Silt clearance of Asohna Mr. from Km 0.000 to 8.000,,,,,,,,,,,,,,,,"U P Irrigation Department (Civil)||Chief Engineer-Sharda Sahayak, Lucknow||VII Circle Irrigation Works, Lucknow||BDSC, barabanki",,,,,,"209,293.35",,2024-10-29,"U P Irrigation Department (Civil)||Chief Engineer-Sharda Sahayak, Lucknow||VII Circle Irrigation Works, Lucknow||BDSC, barabanki",True,"{'Flood': 0, 'Embankment': 0, 'embkt': 0, 'Relief': 0, 'Erosion': 0, 'SDRF': 0, 'Inundation': 0, 'Hydrology': 0, 'Silt': 1, 'Siltation': 0, 'Bund': 0, 'Trench': 0, 'Breach': 0, 'Culvert': 0, 'Sluice': 0, 'Dyke': 0, 'Storm water drain': 0, 'Emergency': 0, 'Immediate': 0, 'IM': 0, 'AE': 0, 'A E': 0, 'AAPDA MITRA': 0, 'Bridge': 0, 'River': 0, 'Drain': 0, 'Restoration': 0, 'Protection': 0, 'irr': 0, 'irrigation': 0, 'dam': 0, 'Nallah': 0, 'Retrofitting': 0, 'Pond': 0, 'Pokhari': 0, 'D/C': 0, 'Recharge shaft': 0, 'LFB': 0, 'RFB': 0}","{'Floodlight': 0, 'Flood Light': 0, 'GAS': 0, 'FIFA': 0, 'pipe': 0, 'pipes': 0, 'covid': 0, 'supply': 0, 'Beautification': 0, 'Installation': 0}",Post-Monsoon,,False,True,Repair and Restoration,{'mr': 1}
2024_UPIDC_966648_24,02/EE/2024-25,Silt clearance of Dharampur Mr. from Km 0.000 to 7.380,,,,,,,,,,,,,,,,"U P Irrigation Department (Civil)||Chief Engineer-Sharda Sahayak, Lucknow||VII Circle Irrigation Works, Lucknow||BDSC, barabanki",,,,,,"270,892.4",,2024-10-29,"U P Irrigation Department (Civil)||Chief Engineer-Sharda Sahayak, Lucknow||VII Circle Irrigation Works, Lucknow||BDSC, barabanki",True,"{'Flood': 0, 'Embankment': 0, 'embkt': 0, 'Relief': 0, 'Erosion': 0, 'SDRF': 0, 'Inundation': 0, 'Hydrology': 0, 'Silt': 1, 'Siltation': 0, 'Bund': 0, 'Trench': 0, 'Breach': 0, 'Culvert': 0, 'Sluice': 0, 'Dyke': 0, 'Storm water drain': 0, 'Emergency': 0, 'Immediate': 0, 'IM': 0, 'AE': 0, 'A E': 0, 'AAPDA MITRA': 0, 'Bridge': 0, 'River': 0, 'Drain': 0, 'Restoration': 0, 'Protection': 0, 'irr': 0, 'irrigation': 0, 'dam': 0, 'Nallah': 0, 'Retrofitting': 0, 'Pond': 0, 'Pokhari': 0, 'D/C': 0, 'Recharge shaft': 0, 'LFB': 0, 'RFB': 0}","{'Floodlight': 0, 'Flood Light': 0, 'GAS': 0, 'FIFA': 0, 'pipe': 0, 'pipes': 0, 'covid': 0, 'supply': 0, 'Beautification': 0, 'Installation': 0}",Post-Monsoon,,False,True,Repair and Restoration,{'mr': 1}
2024_UPIDC_966648_27,02/EE/2024-25,Silt clearance of Jahangirabad Mr. from Km 0.000 to 5.800,,,,,,,,,,,,,,,,"U P Irrigation Department (Civil)||Chief Engineer-Sharda Sahayak, Lucknow||VII Circle Irrigation Works, Lucknow||BDSC, barabanki",,,,,,"85,490.06",,2024-10-29,"U P Irrigation Department (Civil)||Chief Engineer-Sharda Sahayak, Lucknow||VII Circle Irrigation Works, Lucknow||BDSC, barabanki",True,"{'Flood': 0, 'Embankment': 0, 'embkt': 0, 'Relief': 0, 'Erosion': 0, 'SDRF': 0, 'Inundation': 0, 'Hydrology': 0, 'Silt': 1, 'Siltation': 0, 'Bund': 0, 'Trench': 0, 'Breach': 0, 'Culvert': 0, 'Sluice': 0, 'Dyke': 0, 'Storm water drain': 0, 'Emergency': 0, 'Immediate': 0, 'IM': 0, 'AE': 0, 'A E': 0, 'AAPDA MITRA': 0, 'Bridge': 0, 'River': 0, 'Drain': 0, 'Restoration': 0, 'Protection': 0, 'irr': 0, 'irrigation': 0, 'dam': 0, 'Nallah': 0, 'Retrofitting': 0, 'Pond': 0, 'Pokhari': 0, 'D/C': 0, 'Recharge shaft': 0, 'LFB': 0, 'RFB': 0}","{'Floodlight': 0, 'Flood Light': 0, 'GAS': 0, 'FIFA': 0, 'pipe': 0, 'pipes': 0, 'covid': 0, 'supply': 0, 'Beautification': 0, 'Installation': 0}",Post-Monsoon,,False,True,Repair and Restoration,{'mr': 1}
2024_UPIDC_966648_30,02/EE/2024-25,Silt clearance of Rudauli Mr. from Km 0.000 to 10.200,,,,,,,,,,,,,,,,"U P Irrigation Department (Civil)||Chief Engineer-Sharda Sahayak, Lucknow||VII Circle Irrigation Works, Lucknow||BDSC, barabanki",,,,,,"407,065.34",,2024-10-30,"U P Irrigation Department (Civil)||Chief Engineer-Sharda Sahayak, Lucknow||VII Circle Irrigation Works, Lucknow||BDSC, barabanki",True,"{'Flood': 0, 'Embankment': 0, 'embkt': 0, 'Relief': 0, 'Erosion': 0, 'SDRF': 0, 'Inundation': 0, 'Hydrology': 0, 'Silt': 1, 'Siltation': 0, 'Bund': 0, 'Trench': 0, 'Breach': 0, 'Culvert': 0, 'Sluice': 0, 'Dyke': 0, 'Storm water drain': 0, 'Emergency': 0, 'Immediate': 0, 'IM': 0, 'AE': 0, 'A E': 0, 'AAPDA MITRA': 0, 'Bridge': 0, 'River': 0, 'Drain': 0, 'Restoration': 0, 'Protection': 0, 'irr': 0, 'irrigation': 0, 'dam': 0, 'Nallah': 0, 'Retrofitting': 0, 'Pond': 0, 'Pokhari': 0, 'D/C': 0, 'Recharge shaft': 0, 'LFB': 0, 'RFB': 0}","{'Floodlight': 0, 'Flood Light': 0, 'GAS': 0, 'FIFA': 0, 'pipe': 0, 'pipes': 0, 'covid': 0, 'supply': 0, 'Beautification': 0, 'Installation': 0}",Post-Monsoon,,False,True,Repair and Restoration,{'mr': 1}
2024_UPIDC_966648_11,02/EE/2024-25,Silt clearance of Sadullapur Dy. From Km 0.000 to 9.700,,,,,,,,,,,,,,,,"U P Irrigation Department (Civil)||Chief Engineer-Sharda Sahayak, Lucknow||VII Circle Irrigation Works, Lucknow||BDSC, barabanki",,,,,,"511,768.77",,2024-10-30,"U P Irrigation Department (Civil)||Chief Engineer-Sharda Sahayak, Lucknow||VII Circle Irrigation Works, Lucknow||BDSC, barabanki",True,"{'Flood': 0, 'Embankment': 0, 'embkt': 0, 'Relief': 0, 'Erosion': 0, 'SDRF': 0, 'Inundation': 0, 'Hydrology': 0, 'Silt': 1, 'Siltation': 0, 'Bund': 0, 'Trench': 0, 'Breach': 0, 'Culvert': 0, 'Sluice': 0, 'Dyke': 0, 'Storm water drain': 0, 'Emergency': 0, 'Immediate': 0, 'IM': 0, 'AE': 0, 'A E': 0, 'AAPDA MITRA': 0, 'Bridge': 0, 'River': 0, 'Drain': 0, 'Restoration': 0, 'Protection': 0, 'irr': 0, 'irrigation': 0, 'dam': 0, 'Nallah': 0, 'Retrofitting': 0, 'Pond': 0, 'Pokhari': 0, 'D/C': 0, 'Recharge shaft': 0, 'LFB': 0, 'RFB': 0}","{'Floodlight': 0, 'Flood Light': 0, 'GAS': 0, 'FIFA': 0, 'pipe': 0, 'pipes': 0, 'covid': 0, 'supply': 0, 'Beautification': 0, 'Installation': 0}",Post-Monsoon,,False,True,Others,
2024_UPIDC_966648_15,02/EE/2024-25,Silt clearance of Saifpur Mr. from Km 0.000 to 5.900,,,,,,,,,,,,,,,,"U P Irrigation Department (Civil)||Chief Engineer-Sharda Sahayak, Lucknow||VII Circle Irrigation Works, Lucknow||BDSC, barabanki",,,,,,"107,759.46",,2024-10-29,"U P Irrigation Department (Civil)||Chief Engineer-Sharda Sahayak, Lucknow||VII Circle Irrigation Works, Lucknow||BDSC, barabanki",True,"{'Flood': 0, 'Embankment': 0, 'embkt': 0, 'Relief': 0, 'Erosion': 0, 'SDRF': 0, 'Inundation': 0, 'Hydrology': 0, 'Silt': 1, 'Siltation': 0, 'Bund': 0, 'Trench': 0, 'Breach': 0, 'Culvert': 0, 'Sluice': 0, 'Dyke': 0, 'Storm water drain': 0, 'Emergency': 0, 'Immediate': 0, 'IM': 0, 'AE': 0, 'A E': 0, 'AAPDA MITRA': 0, 'Bridge': 0, 'River': 0, 'Drain': 0, 'Restoration': 0, 'Protection': 0, 'irr': 0, 'irrigation': 0, 'dam': 0, 'Nallah': 0, 'Retrofitting': 0, 'Pond': 0, 'Pokhari': 0, 'D/C': 0, 'Recharge shaft': 0, 'LFB': 0, 'RFB': 0}","{'Floodlight': 0, 'Flood Light': 0, 'GAS': 0, 'FIFA': 0, 'pipe': 0, 'pipes': 0, 'covid': 0, 'supply': 0, 'Beautification': 0, 'Installation': 0}",Post-Monsoon,,False,True,Repair and Restoration,{'mr': 1}
2024_UPIDC_966648_15,02/EE/2024-25,Silt clearance of Saifpur Mr. from Km 0.000 to 5.900,,,,,,,,,,,,,,,,"U P Irrigation Department (Civil)||Chief Engineer-Sharda Sahayak, Lucknow||VII Circle Irrigation Works, Lucknow||BDSC, barabanki",,,,,,"107,759.46",,2024-10-29,"U P Irrigation Department (Civil)||Chief Engineer-Sharda Sahayak, Lucknow||VII Circle Irrigation Works, Lucknow||BDSC, barabanki",True,"{'Flood': 0, 'Embankment': 0, 'embkt': 0, 'Relief': 0, 'Erosion': 0, 'SDRF': 0, 'Inundation': 0, 'Hydrology': 0, 'Silt': 1, 'Siltation': 0, 'Bund': 0, 'Trench': 0, 'Breach': 0, 'Culvert': 0, 'Sluice': 0, 'Dyke': 0, 'Storm water drain': 0, 'Emergency': 0, 'Immediate': 0, 'IM': 0, 'AE': 0, 'A E': 0, 'AAPDA MITRA': 0, 'Bridge': 0, 'River': 0, 'Drain': 0, 'Restoration': 0, 'Protection': 0, 'irr': 0, 'irrigation': 0, 'dam': 0, 'Nallah': 0, 'Retrofitting': 0, 'Pond': 0, 'Pokhari': 0, 'D/C': 0, 'Recharge shaft': 0, 'LFB': 0, 'RFB': 0}","{'Floodlight': 0, 'Flood Light': 0, 'GAS': 0, 'FIFA': 0, 'pipe': 0, 'pipes': 0, 'covid': 0, 'supply': 0, 'Beautification': 0, 'Installation': 0}",Post-Monsoon,,False,True,Repair and Restoration,{'mr': 1}
2024_UPIDC_966648_16,02/EE/2024-25,Silt clearance of Saidkhanpur Mr. from km 0.000 to 6.200,,,,,,,,,,,,,,,,"U P Irrigation Department (Civil)||Chief Engineer-Sharda Sahayak, Lucknow||VII Circle Irrigation Works, Lucknow||BDSC, barabanki",,,,,,"119,939.14",,2024-10-29,"U P Irrigation Department (Civil)||Chief Engineer-Sharda Sahayak, Lucknow||VII Circle Irrigation Works, Lucknow||BDSC, barabanki",True,"{'Flood': 0, 'Embankment': 0, 'embkt': 0, 'Relief': 0, 'Erosion': 0, 'SDRF': 0, 'Inundation': 0, 'Hydrology': 0, 'Silt': 1, 'Siltation': 0, 'Bund': 0, 'Trench': 0, 'Breach': 0, 'Culvert': 0, 'Sluice': 0, 'Dyke': 0, 'Storm water drain': 0, 'Emergency': 0, 'Immediate': 0, 'IM': 0, 'AE': 0, 'A E': 0, 'AAPDA MITRA': 0, 'Bridge': 0, 'River': 0, 'Drain': 0, 'Restoration': 0, 'Protection': 0, 'irr': 0, 'irrigation': 0, 'dam': 0, 'Nallah': 0, 'Retrofitting': 0, 'Pond': 0, 'Pokhari': 0, 'D/C': 0, 'Recharge shaft': 0, 'LFB': 0, 'RFB': 0}","{'Floodlight': 0, 'Flood Light': 0, 'GAS': 0, 'FIFA': 0, 'pipe': 0, 'pipes': 0, 'covid': 0, 'supply': 0, 'Beautification': 0, 'Installation': 0}",Post-Monsoon,,False,True,Repair and Restoration,{'mr': 1}
2024_UPIDC_966648_17,02/EE/2024-25,Silt clearance of Panjrauli Mr. from Km 0.000 to 7.200,,,,,,,,,,,,,,,,"U P Irrigation Department (Civil)||Chief Engineer-Sharda Sahayak, Lucknow||VII Circle Irrigation Works, Lucknow||BDSC, barabanki",,,,,,"212,116",,2024-10-30,"U P Irrigation Department (Civil)||Chief Engineer-Sharda Sahayak, Lucknow||VII Circle Irrigation Works, Lucknow||BDSC, barabanki",True,"{'Flood': 0, 'Embankment': 0, 'embkt': 0, 'Relief': 0, 'Erosion': 0, 'SDRF': 0, 'Inundation': 0, 'Hydrology': 0, 'Silt': 1, 'Siltation': 0, 'Bund': 0, 'Trench': 0, 'Breach': 0, 'Culvert': 0, 'Sluice': 0, 'Dyke': 0, 'Storm water drain': 0, 'Emergency': 0, 'Immediate': 0, 'IM': 0, 'AE': 0, 'A E': 0, 'AAPDA MITRA': 0, 'Bridge': 0, 'River': 0, 'Drain': 0, 'Restoration': 0, 'Protection': 0, 'irr': 0, 'irrigation': 0, 'dam': 0, 'Nallah': 0, 'Retrofitting': 0, 'Pond': 0, 'Pokhari': 0, 'D/C': 0, 'Recharge shaft': 0, 'LFB': 0, 'RFB': 0}","{'Floodlight': 0, 'Flood Light': 0, 'GAS': 0, 'FIFA': 0, 'pipe': 0, 'pipes': 0, 'covid': 0, 'supply': 0, 'Beautification': 0, 'Installation': 0}",Post-Monsoon,,False,True,Repair and Restoration,{'mr': 1}
2024_UPIDC_966648_18,02/EE/2024-25,Silt clearance of Shyamnagar Mr. from Km 0.000 to 7.400,,,,,,,,,,,,,,,,"U P Irrigation Department (Civil)||Chief Engineer-Sharda Sahayak, Lucknow||VII Circle Irrigation Works, Lucknow||BDSC, barabanki",,,,,,"211,378",,2024-10-30,"U P Irrigation Department (Civil)||Chief Engineer-Sharda Sahayak, Lucknow||VII Circle Irrigation Works, Lucknow||BDSC, barabanki",True,"{'Flood': 0, 'Embankment': 0, 'embkt': 0, 'Relief': 0, 'Erosion': 0, 'SDRF': 0, 'Inundation': 0, 'Hydrology': 0, 'Silt': 1, 'Siltation': 0, 'Bund': 0, 'Trench': 0, 'Breach': 0, 'Culvert': 0, 'Sluice': 0, 'Dyke': 0, 'Storm water drain': 0, 'Emergency': 0, 'Immediate': 0, 'IM': 0, 'AE': 0, 'A E': 0, 'AAPDA MITRA': 0, 'Bridge': 0, 'River': 0, 'Drain': 0, 'Restoration': 0, 'Protection': 0, 'irr': 0, 'irrigation': 0, 'dam': 0, 'Nallah': 0, 'Retrofitting': 0, 'Pond': 0, 'Pokhari': 0, 'D/C': 0, 'Recharge shaft': 0, 'LFB': 0, 'RFB': 0}","{'Floodlight': 0, 'Flood Light': 0, 'GAS': 0, 'FIFA': 0, 'pipe': 0, 'pipes': 0, 'covid': 0, 'supply': 0, 'Beautification': 0, 'Installation': 0}",Post-Monsoon,,False,True,Repair and Restoration,{'mr': 1}
2024_UPIDC_966648_21,02/EE/2024-25,Silt clearance of Tiwaripur Mr. from Km 0.000 to 9.600,,,,,,,,,,,,,,,,"U P Irrigation Department (Civil)||Chief Engineer-Sharda Sahayak, Lucknow||VII Circle Irrigation Works, Lucknow||BDSC, barabanki",,,,,,"390,628.93",,2024-10-30,"U P Irrigation Department (Civil)||Chief Engineer-Sharda Sahayak, Lucknow||VII Circle Irrigation Works, Lucknow||BDSC, barabanki",True,"{'Flood': 0, 'Embankment': 0, 'embkt': 0, 'Relief': 0, 'Erosion': 0, 'SDRF': 0, 'Inundation': 0, 'Hydrology': 0, 'Silt': 1, 'Siltation': 0, 'Bund': 0, 'Trench': 0, 'Breach': 0, 'Culvert': 0, 'Sluice': 0, 'Dyke': 0, 'Storm water drain': 0, 'Emergency': 0, 'Immediate': 0, 'IM': 0, 'AE': 0, 'A E': 0, 'AAPDA MITRA': 0, 'Bridge': 0, 'River': 0, 'Drain': 0, 'Restoration': 0, 'Protection': 0, 'irr': 0, 'irrigation': 0, 'dam': 0, 'Nallah': 0, 'Retrofitting': 0, 'Pond': 0, 'Pokhari': 0, 'D/C': 0, 'Recharge shaft': 0, 'LFB': 0, 'RFB': 0}","{'Floodlight': 0, 'Flood Light': 0, 'GAS': 0, 'FIFA': 0, 'pipe': 0, 'pipes': 0, 'covid': 0, 'supply': 0, 'Beautification': 0, 'Installation': 0}",Post-Monsoon,,False,True,Repair and Restoration,{'mr': 1}
2024_SCIDC_957125_1,06/FZD/MP/24-25,"CONSTRUCTION OF INTERLOCKING ROAD AND DRAIN FROM KABRISTAN TO MUNESH PRADHAN PLOT AT  MAJRA NAGLA LALLU, GRAM PANCHAYAT ANWARA, BLOCK TUNDLA, DISTT. FIROZABAD",,,,,,,,,,,,,,,,U.P. State Construction and Infrastructure Development Corporation Ltd.||Unit Agra,,,,,,"7,679,468.41",,2024-10-14,U.P. State Construction and Infrastructure Development Corporation Ltd.||Unit Agra,True,"{'Flood': 0, 'Embankment': 0, 'embkt': 0, 'Relief': 0, 'Erosion': 0, 'SDRF': 0, 'Inundation': 0, 'Hydrology': 0, 'Silt': 0, 'Siltation': 0, 'Bund': 0, 'Trench': 0, 'Breach': 0, 'Culvert': 0, 'Sluice': 0, 'Dyke': 0, 'Storm water drain': 0, 'Emergency': 0, 'Immediate': 0, 'IM': 0, 'AE': 0, 'A E': 0, 'AAPDA MITRA': 0, 'Bridge': 0, 'River': 0, 'Drain': 1, 'Restoration': 0, 'Protection': 0, 'irr': 0, 'irrigation': 0, 'dam': 0, 'Nallah': 0, 'Retrofitting': 0, 'Pond': 0, 'Pokhari': 0, 'D/C': 0, 'Recharge shaft': 0, 'LFB': 0, 'RFB': 0}","{'Floodlight': 0, 'Flood Light': 0, 'GAS': 0, 'FIFA': 0, 'pipe': 0, 'pipes': 0, 'covid': 0, 'supply': 0, 'Beautification': 0, 'Installation': 0}",Post-Monsoon,,False,True,Repair and Restoration,"{'Construction': 1, 'Drain': 1}"
2024_SCIDC_957125_1,06/FZD/MP/24-25,"CONSTRUCTION OF INTERLOCKING ROAD AND DRAIN FROM KABRISTAN TO MUNESH PRADHAN PLOT AT  MAJRA NAGLA LALLU, GRAM PANCHAYAT ANWARA, BLOCK TUNDLA, DISTT. FIROZABAD",,,,,,,,,,,,,,,,U.P. State Construction and Infrastructure Development Corporation Ltd.||Unit Agra,,,,,,"7,679,468.41",,2024-10-14,U.P. State Construction and Infrastructure Development Corporation Ltd.||Unit Agra,True,"{'Flood': 0, 'Embankment': 0, 'embkt': 0, 'Relief': 0, 'Erosion': 0, 'SDRF': 0, 'Inundation': 0, 'Hydrology': 0, 'Silt': 0, 'Siltation': 0, 'Bund': 0, 'Trench': 0, 'Breach': 0, 'Culvert': 0, 'Sluice': 0, 'Dyke': 0, 'Storm water drain': 0, 'Emergency': 0, 'Immediate': 0, 'IM': 0, 'AE': 0, 'A E': 0, 'AAPDA MITRA': 0, 'Bridge': 0, 'River': 0, 'Drain': 1, 'Restoration': 0, 'Protection': 0, 'irr': 0, 'irrigation': 0, 'dam': 0, 'Nallah': 0, 'Retrofitting': 0, 'Pond': 0, 'Pokhari': 0, 'D/C': 0, 'Recharge shaft': 0, 'LFB': 0, 'RFB': 0}","{'Floodlight': 0, 'Flood Light': 0, 'GAS': 0, 'FIFA': 0, 'pipe': 0, 'pipes': 0, 'covid': 0, 'supply': 0, 'Beautification': 0, 'Installation': 0}",Post-Monsoon,,False,True,Repair and Restoration,"{'Construction': 1, 'Drain': 1}"
2024_SCIDC_957125_1,06/FZD/MP/24-25,"CONSTRUCTION OF INTERLOCKING ROAD AND DRAIN FROM KABRISTAN TO MUNESH PRADHAN PLOT AT  MAJRA NAGLA LALLU, GRAM PANCHAYAT ANWARA, BLOCK TUNDLA, DISTT. FIROZABAD",,,,,,,,,,,,,,,,U.P. State Construction and Infrastructure Development Corporation Ltd.||Unit Agra,,,,,,"7,679,468.41",,2024-10-14,U.P. State Construction and Infrastructure Development Corporation Ltd.||Unit Agra,True,"{'Flood': 0, 'Embankment': 0, 'embkt': 0, 'Relief': 0, 'Erosion': 0, 'SDRF': 0, 'Inundation': 0, 'Hydrology': 0, 'Silt': 0, 'Siltation': 0, 'Bund': 0, 'Trench': 0, 'Breach': 0, 'Culvert': 0, 'Sluice': 0, 'Dyke': 0, 'Storm water drain': 0, 'Emergency': 0, 'Immediate': 0, 'IM': 0, 'AE': 0, 'A E': 0, 'AAPDA MITRA': 0, 'Bridge': 0, 'River': 0, 'Drain': 1, 'Restoration': 0, 'Protection': 0, 'irr': 0, 'irrigation': 0, 'dam': 0, 'Nallah': 0, 'Retrofitting': 0, 'Pond': 0, 'Pokhari': 0, 'D/C': 0, 'Recharge shaft': 0, 'LFB': 0, 'RFB': 0}","{'Floodlight': 0, 'Flood Light': 0, 'GAS': 0, 'FIFA': 0, 'pipe': 0, 'pipes': 0, 'covid': 0, 'supply': 0, 'Beautification': 0, 'Installation': 0}",Post-Monsoon,,False,True,Repair and Restoration,"{'Construction': 1, 'Drain': 1}"
2024_SCIDC_957125_1,06/FZD/MP/24-25,"CONSTRUCTION OF INTERLOCKING ROAD AND DRAIN FROM KABRISTAN TO MUNESH PRADHAN PLOT AT  MAJRA NAGLA LALLU, GRAM PANCHAYAT ANWARA, BLOCK TUNDLA, DISTT. FIROZABAD",,,,,,,,,,,,,,,,U.P. State Construction and Infrastructure Development Corporation Ltd.||Unit Agra,,,,,,"7,679,468.41",,2024-10-14,U.P. State Construction and Infrastructure Development Corporation Ltd.||Unit Agra,True,"{'Flood': 0, 'Embankment': 0, 'embkt': 0, 'Relief': 0, 'Erosion': 0, 'SDRF': 0, 'Inundation': 0, 'Hydrology': 0, 'Silt': 0, 'Siltation': 0, 'Bund': 0, 'Trench': 0, 'Breach': 0, 'Culvert': 0, 'Sluice': 0, 'Dyke': 0, 'Storm water drain': 0, 'Emergency': 0, 'Immediate': 0, 'IM': 0, 'AE': 0, 'A E': 0, 'AAPDA MITRA': 0, 'Bridge': 0, 'River': 0, 'Drain': 1, 'Restoration': 0, 'Protection': 0, 'irr': 0, 'irrigation': 0, 'dam': 0, 'Nallah': 0, 'Retrofitting': 0, 'Pond': 0, 'Pokhari': 0, 'D/C': 0, 'Recharge shaft': 0, 'LFB': 0, 'RFB': 0}","{'Floodlight': 0, 'Flood Light': 0, 'GAS': 0, 'FIFA': 0, 'pipe': 0, 'pipes': 0, 'covid': 0, 'supply': 0, 'Beautification': 0, 'Installation': 0}",Post-Monsoon,,False,True,Repair and Restoration,"{'Construction': 1, 'Drain': 1}"
2024_SCIDC_957478_1,20/24-25/MLANORTH/AGRA,"CONSTRUCTION OF C.C. ROAD AND DRAIN BEHIND SHAKYA MARKET FROM ATA CHAKKI TO LAL SINGH SHAKYA HOUSE AT WARD-80, KAMLA NAGAR, AGRA.",,,,,,,,,,,,,,,,U.P. State Construction and Infrastructure Development Corporation Ltd.||Unit Mathura,,,,,,"231,181.4",,2024-10-07,U.P. State Construction and Infrastructure Development Corporation Ltd.||Unit Mathura,True,"{'Flood': 0, 'Embankment': 0, 'embkt': 0, 'Relief': 0, 'Erosion': 0, 'SDRF': 0, 'Inundation': 0, 'Hydrology': 0, 'Silt': 0, 'Siltation': 0, 'Bund': 0, 'Trench': 0, 'Breach': 0, 'Culvert': 0, 'Sluice': 0, 'Dyke': 0, 'Storm water drain': 0, 'Emergency': 0, 'Immediate': 0, 'IM': 0, 'AE': 0, 'A E': 0, 'AAPDA MITRA': 0, 'Bridge': 0, 'River': 0, 'Drain': 1, 'Restoration': 0, 'Protection': 0, 'irr': 0, 'irrigation': 0, 'dam': 0, 'Nallah': 0, 'Retrofitting': 0, 'Pond': 0, 'Pokhari': 0, 'D/C': 0, 'Recharge shaft': 0, 'LFB': 0, 'RFB': 0}","{'Floodlight': 0, 'Flood Light': 0, 'GAS': 0, 'FIFA': 0, 'pipe': 0, 'pipes': 0, 'covid': 0, 'supply': 0, 'Beautification': 0, 'Installation': 0}",Post-Monsoon,,False,True,Repair and Restoration,"{'Construction': 1, 'Drain': 1}"
2024_SCIDC_957478_1,20/24-25/MLANORTH/AGRA,"CONSTRUCTION OF C.C. ROAD AND DRAIN BEHIND SHAKYA MARKET FROM ATA CHAKKI TO LAL SINGH SHAKYA HOUSE AT WARD-80, KAMLA NAGAR, AGRA.",,,,,,,,,,,,,,,,U.P. State Construction and Infrastructure Development Corporation Ltd.||Unit Mathura,,,,,,"231,181.4",,2024-10-07,U.P. State Construction and Infrastructure Development Corporation Ltd.||Unit Mathura,True,"{'Flood': 0, 'Embankment': 0, 'embkt': 0, 'Relief': 0, 'Erosion': 0, 'SDRF': 0, 'Inundation': 0, 'Hydrology': 0, 'Silt': 0, 'Siltation': 0, 'Bund': 0, 'Trench': 0, 'Breach': 0, 'Culvert': 0, 'Sluice': 0, 'Dyke': 0, 'Storm water drain': 0, 'Emergency': 0, 'Immediate': 0, 'IM': 0, 'AE': 0, 'A E': 0, 'AAPDA MITRA': 0, 'Bridge': 0, 'River': 0, 'Drain': 1, 'Restoration': 0, 'Protection': 0, 'irr': 0, 'irrigation': 0, 'dam': 0, 'Nallah': 0, 'Retrofitting': 0, 'Pond': 0, 'Pokhari': 0, 'D/C': 0, 'Recharge shaft': 0, 'LFB': 0, 'RFB': 0}","{'Floodlight': 0, 'Flood Light': 0, 'GAS': 0, 'FIFA': 0, 'pipe': 0, 'pipes': 0, 'covid': 0, 'supply': 0, 'Beautification': 0, 'Installation': 0}",Post-Monsoon,,False,True,Repair and Restoration,"{'Construction': 1, 'Drain': 1}"
2024_REDUP_957747_1,396/RED/NIVIDA PATRA-FIROZABAD/SAMANYA KARYA/2024-25 Date-27-08-2024,Construction of CC Road from Near Culvert of Hardayal Cold Storage to Field of Shobha Devi at Nagla Kalua Road on Tundla Asan Road,,,,,,,,,,,,,,,,Director Cum Chief Engineer RED||CHIEF ENGINEER WEST||SE AGRA CIRCLE||EE FIROZABAD,,,,,,"1,402,494.52",,2024-10-09,Director Cum Chief Engineer RED||CHIEF ENGINEER WEST||SE AGRA CIRCLE||EE FIROZABAD,True,"{'Flood': 0, 'Embankment': 0, 'embkt': 0, 'Relief': 0, 'Erosion': 0, 'SDRF': 0, 'Inundation': 0, 'Hydrology': 0, 'Silt': 0, 'Siltation': 0, 'Bund': 0, 'Trench': 0, 'Breach': 0, 'Culvert': 1, 'Sluice': 0, 'Dyke': 0, 'Storm water drain': 0, 'Emergency': 0, 'Immediate': 0, 'IM': 0, 'AE': 0, 'A E': 0, 'AAPDA MITRA': 0, 'Bridge': 0, 'River': 0, 'Drain': 0, 'Restoration': 0, 'Protection': 0, 'irr': 0, 'irrigation': 0, 'dam': 0, 'Nallah': 0, 'Retrofitting': 0, 'Pond': 0, 'Pokhari': 0, 'D/C': 0, 'Recharge shaft': 0, 'LFB': 0, 'RFB': 0}","{'Floodlight': 0, 'Flood Light': 0, 'GAS': 0, 'FIFA': 0, 'pipe': 0, 'pipes': 0, 'covid': 0, 'supply': 0, 'Beautification': 0, 'Installation': 0}",Post-Monsoon,,False,True,Repair and Restoration,{'Construction': 1}
2024_REDUP_957747_1,396/RED/NIVIDA PATRA-FIROZABAD/SAMANYA KARYA/2024-25 Date-27-08-2024,Construction of CC Road from Near Culvert of Hardayal Cold Storage to Field of Shobha Devi at Nagla Kalua Road on Tundla Asan Road,,,,,,,,,,,,,,,,Director Cum Chief Engineer RED||CHIEF ENGINEER WEST||SE AGRA CIRCLE||EE FIROZABAD,,,,,,"1,402,494.52",,2024-10-09,Director Cum Chief Engineer RED||CHIEF ENGINEER WEST||SE AGRA CIRCLE||EE FIROZABAD,True,"{'Flood': 0, 'Embankment': 0, 'embkt': 0, 'Relief': 0, 'Erosion': 0, 'SDRF': 0, 'Inundation': 0, 'Hydrology': 0, 'Silt': 0, 'Siltation': 0, 'Bund': 0, 'Trench': 0, 'Breach': 0, 'Culvert': 1, 'Sluice': 0, 'Dyke': 0, 'Storm water drain': 0, 'Emergency': 0, 'Immediate': 0, 'IM': 0, 'AE': 0, 'A E': 0, 'AAPDA MITRA': 0, 'Bridge': 0, 'River': 0, 'Drain': 0, 'Restoration': 0, 'Protection': 0, 'irr': 0, 'irrigation': 0, 'dam': 0, 'Nallah': 0, 'Retrofitting': 0, 'Pond': 0, 'Pokhari': 0, 'D/C': 0, 'Recharge shaft': 0, 'LFB': 0, 'RFB': 0}","{'Floodlight': 0, 'Flood Light': 0, 'GAS': 0, 'FIFA': 0, 'pipe': 0, 'pipes': 0, 'covid': 0, 'supply': 0, 'Beautification': 0, 'Installation': 0}",Post-Monsoon,,False,True,Repair and Restoration,{'Construction': 1}
2024_REDUP_952909_1,NIT - 902 dt 16.08.2024 Tender 10,"Construction Work of drain and interlocking tiles in the street in front of C 756, C 763, C 815, street in front of A 250 and street in front of E-302 in Nandgram.",,,,,,,,,,,,,,,,Director Cum Chief Engineer RED||CHIEF ENGINEER WEST||SE MEERUT CIRCLE||EE GHAZIABAD,,,,,,"1,756,584",,2024-10-03,Director Cum Chief Engineer RED||CHIEF ENGINEER WEST||SE MEERUT CIRCLE||EE GHAZIABAD,True,"{'Flood': 0, 'Embankment': 0, 'embkt': 0, 'Relief': 0, 'Erosion': 0, 'SDRF': 0, 'Inundation': 0, 'Hydrology': 0, 'Silt': 0, 'Siltation': 0, 'Bund': 0, 'Trench': 0, 'Breach': 0, 'Culvert': 0, 'Sluice': 0, 'Dyke': 0, 'Storm water drain': 0, 'Emergency': 0, 'Immediate': 0, 'IM': 0, 'AE': 0, 'A E': 0, 'AAPDA MITRA': 0, 'Bridge': 0, 'River': 0, 'Drain': 1, 'Restoration': 0, 'Protection': 0, 'irr': 0, 'irrigation': 0, 'dam': 0, 'Nallah': 0, 'Retrofitting': 0, 'Pond': 0, 'Pokhari': 0, 'D/C': 0, 'Recharge shaft': 0, 'LFB': 0, 'RFB': 0}","{'Floodlight': 0, 'Flood Light': 0, 'GAS': 0, 'FIFA': 0, 'pipe': 0, 'pipes': 0, 'covid': 0, 'supply': 0, 'Beautification': 0, 'Installation': 0}",Post-Monsoon,,False,True,Repair and Restoration,"{'Construction': 1, 'Drain': 1}"
2024_REDUP_952909_2,NIT - 902 dt 16.08.2024 Tender 10,"Construction work of C.C. road and drain from the Ashram to the vacant plot of Ram Niwas Bansal in Ramnagar Colony, Ward No. 70, Janakpuri.",,,,,,,,,,,,,,,,Director Cum Chief Engineer RED||CHIEF ENGINEER WEST||SE MEERUT CIRCLE||EE GHAZIABAD,,,,,,"1,861,911",,2024-10-03,Director Cum Chief Engineer RED||CHIEF ENGINEER WEST||SE MEERUT CIRCLE||EE GHAZIABAD,True,"{'Flood': 0, 'Embankment': 0, 'embkt': 0, 'Relief': 0, 'Erosion': 0, 'SDRF': 0, 'Inundation': 0, 'Hydrology': 0, 'Silt': 0, 'Siltation': 0, 'Bund': 0, 'Trench': 0, 'Breach': 0, 'Culvert': 0, 'Sluice': 0, 'Dyke': 0, 'Storm water drain': 0, 'Emergency': 0, 'Immediate': 0, 'IM': 0, 'AE': 0, 'A E': 0, 'AAPDA MITRA': 0, 'Bridge': 0, 'River': 0, 'Drain': 1, 'Restoration': 0, 'Protection': 0, 'irr': 0, 'irrigation': 0, 'dam': 0, 'Nallah': 0, 'Retrofitting': 0, 'Pond': 0, 'Pokhari': 0, 'D/C': 0, 'Recharge shaft': 0, 'LFB': 0, 'RFB': 0}","{'Floodlight': 0, 'Flood Light': 0, 'GAS': 0, 'FIFA': 0, 'pipe': 0, 'pipes': 0, 'covid': 0, 'supply': 0, 'Beautification': 0, 'Installation': 0}",Post-Monsoon,,False,True,Repair and Restoration,"{'Construction': 1, 'Drain': 1}"
2024_REDUP_952909_3,NIT - 902 dt 16.08.2024 Tender 10,"Construction Work of drain and interlocking tiles from house no. 552 to house no. 582, ward no. 79, Indirapuram judicial block 1.",,,,,,,,,,,,,,,,Director Cum Chief Engineer RED||CHIEF ENGINEER WEST||SE MEERUT CIRCLE||EE GHAZIABAD,,,,,,"1,458,546",,2024-10-03,Director Cum Chief Engineer RED||CHIEF ENGINEER WEST||SE MEERUT CIRCLE||EE GHAZIABAD,True,"{'Flood': 0, 'Embankment': 0, 'embkt': 0, 'Relief': 0, 'Erosion': 0, 'SDRF': 0, 'Inundation': 0, 'Hydrology': 0, 'Silt': 0, 'Siltation': 0, 'Bund': 0, 'Trench': 0, 'Breach': 0, 'Culvert': 0, 'Sluice': 0, 'Dyke': 0, 'Storm water drain': 0, 'Emergency': 0, 'Immediate': 0, 'IM': 0, 'AE': 0, 'A E': 0, 'AAPDA MITRA': 0, 'Bridge': 0, 'River': 0, 'Drain': 1, 'Restoration': 0, 'Protection': 0, 'irr': 0, 'irrigation': 0, 'dam': 0, 'Nallah': 0, 'Retrofitting': 0, 'Pond': 0, 'Pokhari': 0, 'D/C': 0, 'Recharge shaft': 0, 'LFB': 0, 'RFB': 0}","{'Floodlight': 0, 'Flood Light': 0, 'GAS': 0, 'FIFA': 0, 'pipe': 0, 'pipes': 0, 'covid': 0, 'supply': 0, 'Beautification': 0, 'Installation': 0}",Post-Monsoon,,False,True,Repair and Restoration,"{'Construction': 1, 'Drain': 1}"
2024_REDUP_950444_1,559/EE/RED/2024-25 DT 17.08.2024,CONSTRUCTION OF ROAD AND DRAIN AT VIDHAN SABHA GOVIND NAGAR FROM YASH ENTERPRISES TO 117/L/449 TO MR VILA,,,,,,,,,,,,,,,,Director Cum Chief Engineer RED||CHIEF ENGINEER EAST||SE KANPUR CIRCLE||EE KANPUR NAGAR,,,,,,"1,680,574.71",,2024-10-28,Director Cum Chief Engineer RED||CHIEF ENGINEER EAST||SE KANPUR CIRCLE||EE KANPUR NAGAR,True,"{'Flood': 0, 'Embankment': 0, 'embkt': 0, 'Relief': 0, 'Erosion': 0, 'SDRF': 0, 'Inundation': 0, 'Hydrology': 0, 'Silt': 0, 'Siltation': 0, 'Bund': 0, 'Trench': 0, 'Breach': 0, 'Culvert': 0, 'Sluice': 0, 'Dyke': 0, 'Storm water drain': 0, 'Emergency': 0, 'Immediate': 0, 'IM': 0, 'AE': 0, 'A E': 0, 'AAPDA MITRA': 0, 'Bridge': 0, 'River': 0, 'Drain': 1, 'Restoration': 0, 'Protection': 0, 'irr': 0, 'irrigation': 0, 'dam': 0, 'Nallah': 0, 'Retrofitting': 0, 'Pond': 0, 'Pokhari': 0, 'D/C': 0, 'Recharge shaft': 0, 'LFB': 0, 'RFB': 0}","{'Floodlight': 0, 'Flood Light': 0, 'GAS': 0, 'FIFA': 0, 'pipe': 0, 'pipes': 0, 'covid': 0, 'supply': 0, 'Beautification': 0, 'Installation': 0}",Post-Monsoon,,False,True,Repair and Restoration,"{'mr': 1, 'Construction': 1, 'Drain': 1}"
2024_REDUP_950444_1,559/EE/RED/2024-25 DT 17.08.2024,CONSTRUCTION OF ROAD AND DRAIN AT VIDHAN SABHA GOVIND NAGAR FROM YASH ENTERPRISES TO 117/L/449 TO MR VILA,,,,,,,,,,,,,,,,Director Cum Chief Engineer RED||CHIEF ENGINEER EAST||SE KANPUR CIRCLE||EE KANPUR NAGAR,,,,,,"1,680,574.71",,2024-10-28,Director Cum Chief Engineer RED||CHIEF ENGINEER EAST||SE KANPUR CIRCLE||EE KANPUR NAGAR,True,"{'Flood': 0, 'Embankment': 0, 'embkt': 0, 'Relief': 0, 'Erosion': 0, 'SDRF': 0, 'Inundation': 0, 'Hydrology': 0, 'Silt': 0, 'Siltation': 0, 'Bund': 0, 'Trench': 0, 'Breach': 0, 'Culvert': 0, 'Sluice': 0, 'Dyke': 0, 'Storm water drain': 0, 'Emergency': 0, 'Immediate': 0, 'IM': 0, 'AE': 0, 'A E': 0, 'AAPDA MITRA': 0, 'Bridge': 0, 'River': 0, 'Drain': 1, 'Restoration': 0, 'Protection': 0, 'irr': 0, 'irrigation': 0, 'dam': 0, 'Nallah': 0, 'Retrofitting': 0, 'Pond': 0, 'Pokhari': 0, 'D/C': 0, 'Recharge shaft': 0, 'LFB': 0, 'RFB': 0}","{'Floodlight': 0, 'Flood Light': 0, 'GAS': 0, 'FIFA': 0, 'pipe': 0, 'pipes': 0, 'covid': 0, 'supply': 0, 'Beautification': 0, 'Installation': 0}",Post-Monsoon,,False,True,Repair and Restoration,"{'mr': 1, 'Construction': 1, 'Drain': 1}"
2024_REDUP_950444_1,559/EE/RED/2024-25 DT 17.08.2024,CONSTRUCTION OF ROAD AND DRAIN AT VIDHAN SABHA GOVIND NAGAR FROM YASH ENTERPRISES TO 117/L/449 TO MR VILA,,,,,,,,,,,,,,,,Director Cum Chief Engineer RED||CHIEF ENGINEER EAST||SE KANPUR CIRCLE||EE KANPUR NAGAR,,,,,,"1,680,574.71",,2024-10-28,Director Cum Chief Engineer RED||CHIEF ENGINEER EAST||SE KANPUR CIRCLE||EE KANPUR NAGAR,True,"{'Flood': 0, 'Embankment': 0, 'embkt': 0, 'Relief': 0, 'Erosion': 0, 'SDRF': 0, 'Inundation': 0, 'Hydrology': 0, 'Silt': 0, 'Siltation': 0, 'Bund': 0, 'Trench': 0, 'Breach': 0, 'Culvert': 0, 'Sluice': 0, 'Dyke': 0, 'Storm water drain': 0, 'Emergency': 0, 'Immediate': 0, 'IM': 0, 'AE': 0, 'A E': 0, 'AAPDA MITRA': 0, 'Bridge': 0, 'River': 0, 'Drain': 1, 'Restoration': 0, 'Protection': 0, 'irr': 0, 'irrigation': 0, 'dam': 0, 'Nallah': 0, 'Retrofitting': 0, 'Pond': 0, 'Pokhari': 0, 'D/C': 0, 'Recharge shaft': 0, 'LFB': 0, 'RFB': 0}","{'Floodlight': 0, 'Flood Light': 0, 'GAS': 0, 'FIFA': 0, 'pipe': 0, 'pipes': 0, 'covid': 0, 'supply': 0, 'Beautification': 0, 'Installation': 0}",Post-Monsoon,,False,True,Repair and Restoration,"{'mr': 1, 'Construction': 1, 'Drain': 1}"
2024_REDUP_949976_3,388/NOTICE/2024-25 DATE 07-08-2024,Khandja construction work in Gram Panchayat Khakhadei towards Canal track Kalyanpur till Haraiya Chandarsi bridge.,,,,,,,,,,,,,,,,Director Cum Chief Engineer RED||CHIEF ENGINEER EAST||SE DEVIPATAN CIRCLE||EE BALRAMPUR,,,,,,"2,117,791.39",,2024-10-26,Director Cum Chief Engineer RED||CHIEF ENGINEER EAST||SE DEVIPATAN CIRCLE||EE BALRAMPUR,True,"{'Flood': 0, 'Embankment': 0, 'embkt': 0, 'Relief': 0, 'Erosion': 0, 'SDRF': 0, 'Inundation': 0, 'Hydrology': 0, 'Silt': 0, 'Siltation': 0, 'Bund': 0, 'Trench': 0, 'Breach': 0, 'Culvert': 0, 'Sluice': 0, 'Dyke': 0, 'Storm water drain': 0, 'Emergency': 0, 'Immediate': 0, 'IM': 0, 'AE': 0, 'A E': 0, 'AAPDA MITRA': 0, 'Bridge': 1, 'River': 0, 'Drain': 0, 'Restoration': 0, 'Protection': 0, 'irr': 0, 'irrigation': 0, 'dam': 0, 'Nallah': 0, 'Retrofitting': 0, 'Pond': 0, 'Pokhari': 0, 'D/C': 0, 'Recharge shaft': 0, 'LFB': 0, 'RFB': 0}","{'Floodlight': 0, 'Flood Light': 0, 'GAS': 0, 'FIFA': 0, 'pipe': 0, 'pipes': 0, 'covid': 0, 'supply': 0, 'Beautification': 0, 'Installation': 0}",Post-Monsoon,,False,True,Repair and Restoration,"{'Construction': 1, 'Bridge': 1}"
2024_REDUP_949976_3,388/NOTICE/2024-25 DATE 07-08-2024,Khandja construction work in Gram Panchayat Khakhadei towards Canal track Kalyanpur till Haraiya Chandarsi bridge.,,,,,,,,,,,,,,,,Director Cum Chief Engineer RED||CHIEF ENGINEER EAST||SE DEVIPATAN CIRCLE||EE BALRAMPUR,,,,,,"2,117,791.39",,2024-10-26,Director Cum Chief Engineer RED||CHIEF ENGINEER EAST||SE DEVIPATAN CIRCLE||EE BALRAMPUR,True,"{'Flood': 0, 'Embankment': 0, 'embkt': 0, 'Relief': 0, 'Erosion': 0, 'SDRF': 0, 'Inundation': 0, 'Hydrology': 0, 'Silt': 0, 'Siltation': 0, 'Bund': 0, 'Trench': 0, 'Breach': 0, 'Culvert': 0, 'Sluice': 0, 'Dyke': 0, 'Storm water drain': 0, 'Emergency': 0, 'Immediate': 0, 'IM': 0, 'AE': 0, 'A E': 0, 'AAPDA MITRA': 0, 'Bridge': 1, 'River': 0, 'Drain': 0, 'Restoration': 0, 'Protection': 0, 'irr': 0, 'irrigation': 0, 'dam': 0, 'Nallah': 0, 'Retrofitting': 0, 'Pond': 0, 'Pokhari': 0, 'D/C': 0, 'Recharge shaft': 0, 'LFB': 0, 'RFB': 0}","{'Floodlight': 0, 'Flood Light': 0, 'GAS': 0, 'FIFA': 0, 'pipe': 0, 'pipes': 0, 'covid': 0, 'supply': 0, 'Beautification': 0, 'Installation': 0}",Post-Monsoon,,False,True,Repair and Restoration,"{'Construction': 1, 'Bridge': 1}"
2024_REDUP_941111_3,432/EE/RED/GBN/Dt-15.07.2024,Construction of Interlocking Tiles and Drain work from Shri Ghanshyam Jha house to Lalit house in Salarpur,,,,,,,,,,,,,,,,Director Cum Chief Engineer RED||CHIEF ENGINEER WEST||SE MEERUT CIRCLE||EE GAUTAM BHDDH NAGAR,,,,,,"245,241.12",,2024-10-24,Director Cum Chief Engineer RED||CHIEF ENGINEER WEST||SE MEERUT CIRCLE||EE GAUTAM BHDDH NAGAR,True,"{'Flood': 0, 'Embankment': 0, 'embkt': 0, 'Relief': 0, 'Erosion': 0, 'SDRF': 0, 'Inundation': 0, 'Hydrology': 0, 'Silt': 0, 'Siltation': 0, 'Bund': 0, 'Trench': 0, 'Breach': 0, 'Culvert': 0, 'Sluice': 0, 'Dyke': 0, 'Storm water drain': 0, 'Emergency': 0, 'Immediate': 0, 'IM': 0, 'AE': 0, 'A E': 0, 'AAPDA MITRA': 0, 'Bridge': 0, 'River': 0, 'Drain': 1, 'Restoration': 0, 'Protection': 0, 'irr': 0, 'irrigation': 0, 'dam': 0, 'Nallah': 0, 'Retrofitting': 0, 'Pond': 0, 'Pokhari': 0, 'D/C': 0, 'Recharge shaft': 0, 'LFB': 0, 'RFB': 0}","{'Floodlight': 0, 'Flood Light': 0, 'GAS': 0, 'FIFA': 0, 'pipe': 0, 'pipes': 0, 'covid': 0, 'supply': 0, 'Beautification': 0, 'Installation': 0}",Post-Monsoon,,False,True,Repair and Restoration,"{'Construction': 1, 'Drain': 1}"
2024_REDUP_941111_9,432/EE/RED/GBN/Dt-15.07.2024,Construction of Interlocking Tiles and Drain work from Bacchu Singh house to Praveen house and Rajkumar house to Arvind house and Sanjay kumar house to Girish House in Gadhi Choukhandi Ajnara Colony.,,,,,,,,,,,,,,,,Director Cum Chief Engineer RED||CHIEF ENGINEER WEST||SE MEERUT CIRCLE||EE GAUTAM BHDDH NAGAR,,,,,,"747,883.47",,2024-10-24,Director Cum Chief Engineer RED||CHIEF ENGINEER WEST||SE MEERUT CIRCLE||EE GAUTAM BHDDH NAGAR,True,"{'Flood': 0, 'Embankment': 0, 'embkt': 0, 'Relief': 0, 'Erosion': 0, 'SDRF': 0, 'Inundation': 0, 'Hydrology': 0, 'Silt': 0, 'Siltation': 0, 'Bund': 0, 'Trench': 0, 'Breach': 0, 'Culvert': 0, 'Sluice': 0, 'Dyke': 0, 'Storm water drain': 0, 'Emergency': 0, 'Immediate': 0, 'IM': 0, 'AE': 0, 'A E': 0, 'AAPDA MITRA': 0, 'Bridge': 0, 'River': 0, 'Drain': 1, 'Restoration': 0, 'Protection': 0, 'irr': 0, 'irrigation': 0, 'dam': 0, 'Nallah': 0, 'Retrofitting': 0, 'Pond': 0, 'Pokhari': 0, 'D/C': 0, 'Recharge shaft': 0, 'LFB': 0, 'RFB': 0}","{'Floodlight': 0, 'Flood Light': 0, 'GAS': 0, 'FIFA': 0, 'pipe': 0, 'pipes': 0, 'covid': 0, 'supply': 0, 'Beautification': 0, 'Installation': 0}",Post-Monsoon,,False,True,Repair and Restoration,"{'Construction': 1, 'Drain': 1}"
2024_REDUP_941111_1,432/EE/RED/GBN/Dt-15.07.2024,Construction of Interlocking Tiles and Drain work from Randhir house to Sai Mandir in Yusufpur Chakshaberi.,,,,,,,,,,,,,,,,Director Cum Chief Engineer RED||CHIEF ENGINEER WEST||SE MEERUT CIRCLE||EE GAUTAM BHDDH NAGAR,,,,,,"888,139.59",,2024-10-24,Director Cum Chief Engineer RED||CHIEF ENGINEER WEST||SE MEERUT CIRCLE||EE GAUTAM BHDDH NAGAR,True,"{'Flood': 0, 'Embankment': 0, 'embkt': 0, 'Relief': 0, 'Erosion': 0, 'SDRF': 0, 'Inundation': 0, 'Hydrology': 0, 'Silt': 0, 'Siltation': 0, 'Bund': 0, 'Trench': 0, 'Breach': 0, 'Culvert': 0, 'Sluice': 0, 'Dyke': 0, 'Storm water drain': 0, 'Emergency': 0, 'Immediate': 0, 'IM': 0, 'AE': 0, 'A E': 0, 'AAPDA MITRA': 0, 'Bridge': 0, 'River': 0, 'Drain': 1, 'Restoration': 0, 'Protection': 0, 'irr': 0, 'irrigation': 0, 'dam': 0, 'Nallah': 0, 'Retrofitting': 0, 'Pond': 0, 'Pokhari': 0, 'D/C': 0, 'Recharge shaft': 0, 'LFB': 0, 'RFB': 0}","{'Floodlight': 0, 'Flood Light': 0, 'GAS': 0, 'FIFA': 0, 'pipe': 0, 'pipes': 0, 'covid': 0, 'supply': 0, 'Beautification': 0, 'Installation': 0}",Post-Monsoon,,False,True,Repair and Restoration,"{'Construction': 1, 'Drain': 1}"
2024_REDUP_941111_2,432/EE/RED/GBN/Dt-15.07.2024,Construction of Interlocking Tiles and Drain work from Shri Sachan house to Shri Rajesh house in Salarpur Khadar,,,,,,,,,,,,,,,,Director Cum Chief Engineer RED||CHIEF ENGINEER WEST||SE MEERUT CIRCLE||EE GAUTAM BHDDH NAGAR,,,,,,"724,432.45",,2024-10-24,Director Cum Chief Engineer RED||CHIEF ENGINEER WEST||SE MEERUT CIRCLE||EE GAUTAM BHDDH NAGAR,True,"{'Flood': 0, 'Embankment': 0, 'embkt': 0, 'Relief': 0, 'Erosion': 0, 'SDRF': 0, 'Inundation': 0, 'Hydrology': 0, 'Silt': 0, 'Siltation': 0, 'Bund': 0, 'Trench': 0, 'Breach': 0, 'Culvert': 0, 'Sluice': 0, 'Dyke': 0, 'Storm water drain': 0, 'Emergency': 0, 'Immediate': 0, 'IM': 0, 'AE': 0, 'A E': 0, 'AAPDA MITRA': 0, 'Bridge': 0, 'River': 0, 'Drain': 1, 'Restoration': 0, 'Protection': 0, 'irr': 0, 'irrigation': 0, 'dam': 0, 'Nallah': 0, 'Retrofitting': 0, 'Pond': 0, 'Pokhari': 0, 'D/C': 0, 'Recharge shaft': 0, 'LFB': 0, 'RFB': 0}","{'Floodlight': 0, 'Flood Light': 0, 'GAS': 0, 'FIFA': 0, 'pipe': 0, 'pipes': 0, 'covid': 0, 'supply': 0, 'Beautification': 0, 'Installation': 0}",Post-Monsoon,,False,True,Repair and Restoration,"{'Construction': 1, 'Drain': 1}"
2024_REDUP_934802_4,236/EERED/GBN/Dt-15.06.2024,Construction of Interlocking Tiles and Drain work from Sudha Tomar house to DAV Model School to Waris House in Yusufpur Chakshaberi.,,,,,,,,,,,,,,,,Director Cum Chief Engineer RED||CHIEF ENGINEER WEST||SE MEERUT CIRCLE||EE GAUTAM BHDDH NAGAR,,,,,,"2,485,715.03",,2024-10-24,Director Cum Chief Engineer RED||CHIEF ENGINEER WEST||SE MEERUT CIRCLE||EE GAUTAM BHDDH NAGAR,True,"{'Flood': 0, 'Embankment': 0, 'embkt': 0, 'Relief': 0, 'Erosion': 0, 'SDRF': 0, 'Inundation': 0, 'Hydrology': 0, 'Silt': 0, 'Siltation': 0, 'Bund': 0, 'Trench': 0, 'Breach': 0, 'Culvert': 0, 'Sluice': 0, 'Dyke': 0, 'Storm water drain': 0, 'Emergency': 0, 'Immediate': 0, 'IM': 0, 'AE': 0, 'A E': 0, 'AAPDA MITRA': 0, 'Bridge': 0, 'River': 0, 'Drain': 1, 'Restoration': 0, 'Protection': 0, 'irr': 0, 'irrigation': 0, 'dam': 0, 'Nallah': 0, 'Retrofitting': 0, 'Pond': 0, 'Pokhari': 0, 'D/C': 0, 'Recharge shaft': 0, 'LFB': 0, 'RFB': 0}","{'Floodlight': 0, 'Flood Light': 0, 'GAS': 0, 'FIFA': 0, 'pipe': 0, 'pipes': 0, 'covid': 0, 'supply': 0, 'Beautification': 0, 'Installation': 0}",Post-Monsoon,,False,True,Repair and Restoration,"{'Construction': 1, 'Drain': 1}"
2024_REDUP_934802_5,236/EERED/GBN/Dt-15.06.2024,Construction of Interlocking Tiles and Drain work form Omkar house to Bablu house in Salarpur,,,,,,,,,,,,,,,,Director Cum Chief Engineer RED||CHIEF ENGINEER WEST||SE MEERUT CIRCLE||EE GAUTAM BHDDH NAGAR,,,,,,"1,084,509.04",,2024-10-24,Director Cum Chief Engineer RED||CHIEF ENGINEER WEST||SE MEERUT CIRCLE||EE GAUTAM BHDDH NAGAR,True,"{'Flood': 0, 'Embankment': 0, 'embkt': 0, 'Relief': 0, 'Erosion': 0, 'SDRF': 0, 'Inundation': 0, 'Hydrology': 0, 'Silt': 0, 'Siltation': 0, 'Bund': 0, 'Trench': 0, 'Breach': 0, 'Culvert': 0, 'Sluice': 0, 'Dyke': 0, 'Storm water drain': 0, 'Emergency': 0, 'Immediate': 0, 'IM': 0, 'AE': 0, 'A E': 0, 'AAPDA MITRA': 0, 'Bridge': 0, 'River': 0, 'Drain': 1, 'Restoration': 0, 'Protection': 0, 'irr': 0, 'irrigation': 0, 'dam': 0, 'Nallah': 0, 'Retrofitting': 0, 'Pond': 0, 'Pokhari': 0, 'D/C': 0, 'Recharge shaft': 0, 'LFB': 0, 'RFB': 0}","{'Floodlight': 0, 'Flood Light': 0, 'GAS': 0, 'FIFA': 0, 'pipe': 0, 'pipes': 0, 'covid': 0, 'supply': 0, 'Beautification': 0, 'Installation': 0}",Post-Monsoon,,False,True,Repair and Restoration,"{'Construction': 1, 'Drain': 1}"
2024_REDUP_934802_6,236/EERED/GBN/Dt-15.06.2024,Construction of Interlocking Tiles and Drain work from Ramesh Mishra house to Prakash jha house in Akshardham Colony part-3,,,,,,,,,,,,,,,,Director Cum Chief Engineer RED||CHIEF ENGINEER WEST||SE MEERUT CIRCLE||EE GAUTAM BHDDH NAGAR,,,,,,"2,178,272.07",,2024-10-24,Director Cum Chief Engineer RED||CHIEF ENGINEER WEST||SE MEERUT CIRCLE||EE GAUTAM BHDDH NAGAR,True,"{'Flood': 0, 'Embankment': 0, 'embkt': 0, 'Relief': 0, 'Erosion': 0, 'SDRF': 0, 'Inundation': 0, 'Hydrology': 0, 'Silt': 0, 'Siltation': 0, 'Bund': 0, 'Trench': 0, 'Breach': 0, 'Culvert': 0, 'Sluice': 0, 'Dyke': 0, 'Storm water drain': 0, 'Emergency': 0, 'Immediate': 0, 'IM': 0, 'AE': 0, 'A E': 0, 'AAPDA MITRA': 0, 'Bridge': 0, 'River': 0, 'Drain': 1, 'Restoration': 0, 'Protection': 0, 'irr': 0, 'irrigation': 0, 'dam': 0, 'Nallah': 0, 'Retrofitting': 0, 'Pond': 0, 'Pokhari': 0, 'D/C': 0, 'Recharge shaft': 0, 'LFB': 0, 'RFB': 0}","{'Floodlight': 0, 'Flood Light': 0, 'GAS': 0, 'FIFA': 0, 'pipe': 0, 'pipes': 0, 'covid': 0, 'supply': 0, 'Beautification': 0, 'Installation': 0}",Post-Monsoon,,False,True,Repair and Restoration,"{'Construction': 1, 'Drain': 1}"
2024_REDUP_934802_8,236/EERED/GBN/Dt-15.06.2024,Construction of Interlocking Tiles and Drain work from Shri Kunwar Pal to Shri Shelendra Shrivastava house via Chhat ghat in Chhijarsi.,,,,,,,,,,,,,,,,Director Cum Chief Engineer RED||CHIEF ENGINEER WEST||SE MEERUT CIRCLE||EE GAUTAM BHDDH NAGAR,,,,,,"2,499,348.02",,2024-10-24,Director Cum Chief Engineer RED||CHIEF ENGINEER WEST||SE MEERUT CIRCLE||EE GAUTAM BHDDH NAGAR,True,"{'Flood': 0, 'Embankment': 0, 'embkt': 0, 'Relief': 0, 'Erosion': 0, 'SDRF': 0, 'Inundation': 0, 'Hydrology': 0, 'Silt': 0, 'Siltation': 0, 'Bund': 0, 'Trench': 0, 'Breach': 0, 'Culvert': 0, 'Sluice': 0, 'Dyke': 0, 'Storm water drain': 0, 'Emergency': 0, 'Immediate': 0, 'IM': 0, 'AE': 0, 'A E': 0, 'AAPDA MITRA': 0, 'Bridge': 0, 'River': 0, 'Drain': 1, 'Restoration': 0, 'Protection': 0, 'irr': 0, 'irrigation': 0, 'dam': 0, 'Nallah': 0, 'Retrofitting': 0, 'Pond': 0, 'Pokhari': 0, 'D/C': 0, 'Recharge shaft': 0, 'LFB': 0, 'RFB': 0}","{'Floodlight': 0, 'Flood Light': 0, 'GAS': 0, 'FIFA': 0, 'pipe': 0, 'pipes': 0, 'covid': 0, 'supply': 0, 'Beautification': 0, 'Installation': 0}",Post-Monsoon,,False,True,Repair and Restoration,"{'Construction': 1, 'Drain': 1}"
2024_REDUP_934802_8,236/EERED/GBN/Dt-15.06.2024,Construction of Interlocking Tiles and Drain work from Shri Kunwar Pal to Shri Shelendra Shrivastava house via Chhat ghat in Chhijarsi.,,,,,,,,,,,,,,,,Director Cum Chief Engineer RED||CHIEF ENGINEER WEST||SE MEERUT CIRCLE||EE GAUTAM BHDDH NAGAR,,,,,,"2,499,348.02",,2024-10-24,Director Cum Chief Engineer RED||CHIEF ENGINEER WEST||SE MEERUT CIRCLE||EE GAUTAM BHDDH NAGAR,True,"{'Flood': 0, 'Embankment': 0, 'embkt': 0, 'Relief': 0, 'Erosion': 0, 'SDRF': 0, 'Inundation': 0, 'Hydrology': 0, 'Silt': 0, 'Siltation': 0, 'Bund': 0, 'Trench': 0, 'Breach': 0, 'Culvert': 0, 'Sluice': 0, 'Dyke': 0, 'Storm water drain': 0, 'Emergency': 0, 'Immediate': 0, 'IM': 0, 'AE': 0, 'A E': 0, 'AAPDA MITRA': 0, 'Bridge': 0, 'River': 0, 'Drain': 1, 'Restoration': 0, 'Protection': 0, 'irr': 0, 'irrigation': 0, 'dam': 0, 'Nallah': 0, 'Retrofitting': 0, 'Pond': 0, 'Pokhari': 0, 'D/C': 0, 'Recharge shaft': 0, 'LFB': 0, 'RFB': 0}","{'Floodlight': 0, 'Flood Light': 0, 'GAS': 0, 'FIFA': 0, 'pipe': 0, 'pipes': 0, 'covid': 0, 'supply': 0, 'Beautification': 0, 'Installation': 0}",Post-Monsoon,,False,True,Repair and Restoration,"{'Construction': 1, 'Drain': 1}"
2024_REDUP_934802_9,236/EERED/GBN/Dt-15.06.2024,Construction of Interlocking Tiles and Drain work from Shiv Shakti gali no 7 to 12 in Salarpur khadar.,,,,,,,,,,,,,,,,Director Cum Chief Engineer RED||CHIEF ENGINEER WEST||SE MEERUT CIRCLE||EE GAUTAM BHDDH NAGAR,,,,,,"1,420,246.21",,2024-10-24,Director Cum Chief Engineer RED||CHIEF ENGINEER WEST||SE MEERUT CIRCLE||EE GAUTAM BHDDH NAGAR,True,"{'Flood': 0, 'Embankment': 0, 'embkt': 0, 'Relief': 0, 'Erosion': 0, 'SDRF': 0, 'Inundation': 0, 'Hydrology': 0, 'Silt': 0, 'Siltation': 0, 'Bund': 0, 'Trench': 0, 'Breach': 0, 'Culvert': 0, 'Sluice': 0, 'Dyke': 0, 'Storm water drain': 0, 'Emergency': 0, 'Immediate': 0, 'IM': 0, 'AE': 0, 'A E': 0, 'AAPDA MITRA': 0, 'Bridge': 0, 'River': 0, 'Drain': 1, 'Restoration': 0, 'Protection': 0, 'irr': 0, 'irrigation': 0, 'dam': 0, 'Nallah': 0, 'Retrofitting': 0, 'Pond': 0, 'Pokhari': 0, 'D/C': 0, 'Recharge shaft': 0, 'LFB': 0, 'RFB': 0}","{'Floodlight': 0, 'Flood Light': 0, 'GAS': 0, 'FIFA': 0, 'pipe': 0, 'pipes': 0, 'covid': 0, 'supply': 0, 'Beautification': 0, 'Installation': 0}",Post-Monsoon,,False,True,Repair and Restoration,"{'Construction': 1, 'Drain': 1}"
2024_REDUP_934802_1,236/EERED/GBN/Dt-15.06.2024,Construction of Interlocking Tiles and Drain work from Bade Nale to Gali No-7 in Salarpur.,,,,,,,,,,,,,,,,Director Cum Chief Engineer RED||CHIEF ENGINEER WEST||SE MEERUT CIRCLE||EE GAUTAM BHDDH NAGAR,,,,,,"2,280,947.31",,2024-10-24,Director Cum Chief Engineer RED||CHIEF ENGINEER WEST||SE MEERUT CIRCLE||EE GAUTAM BHDDH NAGAR,True,"{'Flood': 0, 'Embankment': 0, 'embkt': 0, 'Relief': 0, 'Erosion': 0, 'SDRF': 0, 'Inundation': 0, 'Hydrology': 0, 'Silt': 0, 'Siltation': 0, 'Bund': 0, 'Trench': 0, 'Breach': 0, 'Culvert': 0, 'Sluice': 0, 'Dyke': 0, 'Storm water drain': 0, 'Emergency': 0, 'Immediate': 0, 'IM': 0, 'AE': 0, 'A E': 0, 'AAPDA MITRA': 0, 'Bridge': 0, 'River': 0, 'Drain': 1, 'Restoration': 0, 'Protection': 0, 'irr': 0, 'irrigation': 0, 'dam': 0, 'Nallah': 0, 'Retrofitting': 0, 'Pond': 0, 'Pokhari': 0, 'D/C': 0, 'Recharge shaft': 0, 'LFB': 0, 'RFB': 0}","{'Floodlight': 0, 'Flood Light': 0, 'GAS': 0, 'FIFA': 0, 'pipe': 0, 'pipes': 0, 'covid': 0, 'supply': 0, 'Beautification': 0, 'Installation': 0}",Post-Monsoon,,False,True,Repair and Restoration,"{'Construction': 1, 'Drain': 1}"
2024_REDUP_910045_1,1040/ee/tender/dt.16.02.2024,Construction work of CC and drain from Sunil Ponia house to Dr Mahesh Sharma  house in Gram Panchayat Kotki in development block Tundla.,,,,,,,,,,,,,,,,Director Cum Chief Engineer RED||CHIEF ENGINEER WEST||SE AGRA CIRCLE||EE FIROZABAD,,,,,,"1,358,603.73",,2024-10-09,Director Cum Chief Engineer RED||CHIEF ENGINEER WEST||SE AGRA CIRCLE||EE FIROZABAD,True,"{'Flood': 0, 'Embankment': 0, 'embkt': 0, 'Relief': 0, 'Erosion': 0, 'SDRF': 0, 'Inundation': 0, 'Hydrology': 0, 'Silt': 0, 'Siltation': 0, 'Bund': 0, 'Trench': 0, 'Breach': 0, 'Culvert': 0, 'Sluice': 0, 'Dyke': 0, 'Storm water drain': 0, 'Emergency': 0, 'Immediate': 0, 'IM': 0, 'AE': 0, 'A E': 0, 'AAPDA MITRA': 0, 'Bridge': 0, 'River': 0, 'Drain': 1, 'Restoration': 0, 'Protection': 0, 'irr': 0, 'irrigation': 0, 'dam': 0, 'Nallah': 0, 'Retrofitting': 0, 'Pond': 0, 'Pokhari': 0, 'D/C': 0, 'Recharge shaft': 0, 'LFB': 0, 'RFB': 0}","{'Floodlight': 0, 'Flood Light': 0, 'GAS': 0, 'FIFA': 0, 'pipe': 0, 'pipes': 0, 'covid': 0, 'supply': 0, 'Beautification': 0, 'Installation': 0}",Post-Monsoon,,False,True,Repair and Restoration,"{'Construction': 1, 'Drain': 1}"
2024_REDUP_910045_1,1040/ee/tender/dt.16.02.2024,Construction work of CC and drain from Sunil Ponia house to Dr Mahesh Sharma  house in Gram Panchayat Kotki in development block Tundla.,,,,,,,,,,,,,,,,Director Cum Chief Engineer RED||CHIEF ENGINEER WEST||SE AGRA CIRCLE||EE FIROZABAD,,,,,,"1,358,603.73",,2024-10-09,Director Cum Chief Engineer RED||CHIEF ENGINEER WEST||SE AGRA CIRCLE||EE FIROZABAD,True,"{'Flood': 0, 'Embankment': 0, 'embkt': 0, 'Relief': 0, 'Erosion': 0, 'SDRF': 0, 'Inundation': 0, 'Hydrology': 0, 'Silt': 0, 'Siltation': 0, 'Bund': 0, 'Trench': 0, 'Breach': 0, 'Culvert': 0, 'Sluice': 0, 'Dyke': 0, 'Storm water drain': 0, 'Emergency': 0, 'Immediate': 0, 'IM': 0, 'AE': 0, 'A E': 0, 'AAPDA MITRA': 0, 'Bridge': 0, 'River': 0, 'Drain': 1, 'Restoration': 0, 'Protection': 0, 'irr': 0, 'irrigation': 0, 'dam': 0, 'Nallah': 0, 'Retrofitting': 0, 'Pond': 0, 'Pokhari': 0, 'D/C': 0, 'Recharge shaft': 0, 'LFB': 0, 'RFB': 0}","{'Floodlight': 0, 'Flood Light': 0, 'GAS': 0, 'FIFA': 0, 'pipe': 0, 'pipes': 0, 'covid': 0, 'supply': 0, 'Beautification': 0, 'Installation': 0}",Post-Monsoon,,False,True,Repair and Restoration,"{'Construction': 1, 'Drain': 1}"
2024_REDUP_896529_1,1368/RED/Tender/ST/2023-24 Dt 30.01.2024,Construction work of CC road and drain repair from Pitch Road to Deepchandra Chauhan s house in Gram Sabha Jafarpur District Muhammadpur,,,,,,,,,,,,,,,,Director Cum Chief Engineer RED||CHIEF ENGINEER EAST||SE AZAMGARH CIRCLE||EE AZAMGARH,,,,,,"1,762,109.11",,2024-10-08,Director Cum Chief Engineer RED||CHIEF ENGINEER EAST||SE AZAMGARH CIRCLE||EE AZAMGARH,True,"{'Flood': 0, 'Embankment': 0, 'embkt': 0, 'Relief': 0, 'Erosion': 0, 'SDRF': 0, 'Inundation': 0, 'Hydrology': 0, 'Silt': 0, 'Siltation': 0, 'Bund': 0, 'Trench': 0, 'Breach': 0, 'Culvert': 0, 'Sluice': 0, 'Dyke': 0, 'Storm water drain': 0, 'Emergency': 0, 'Immediate': 0, 'IM': 0, 'AE': 0, 'A E': 0, 'AAPDA MITRA': 0, 'Bridge': 0, 'River': 0, 'Drain': 1, 'Restoration': 0, 'Protection': 0, 'irr': 0, 'irrigation': 0, 'dam': 0, 'Nallah': 0, 'Retrofitting': 0, 'Pond': 0, 'Pokhari': 0, 'D/C': 0, 'Recharge shaft': 0, 'LFB': 0, 'RFB': 0}","{'Floodlight': 0, 'Flood Light': 0, 'GAS': 0, 'FIFA': 0, 'pipe': 0, 'pipes': 0, 'covid': 0, 'supply': 0, 'Beautification': 0, 'Installation': 0}",Post-Monsoon,,False,True,Repair and Restoration,"{'repair': 1, 'Construction': 1, 'Drain': 1}"
2024_PWDBL_956483_9,2297/E-Tender/2024-25 dt. 04.09.2024,"Vikramaditya Marg sthit naya upmantri aawas sankhya-3 me chhat se aa Rahi seelan ko rokne hetu chhat per dam proof karna shatigrast Kota stone badalna va Kota stone polish karna aawas ke dining hall mein toughend  glass ka partition lagana, poore aaw",,,,,,,,,,,,,,,,Chief Engineer (Building)||S E 39 Circle PWD Lucknow||Maintenance Division 2 (Civil) PWD Lucknow,,,,,,"443,765",,2024-10-16,Chief Engineer (Building)||S E 39 Circle PWD Lucknow||Maintenance Division 2 (Civil) PWD Lucknow,True,"{'Flood': 0, 'Embankment': 0, 'embkt': 0, 'Relief': 0, 'Erosion': 0, 'SDRF': 0, 'Inundation': 0, 'Hydrology': 0, 'Silt': 0, 'Siltation': 0, 'Bund': 0, 'Trench': 0, 'Breach': 0, 'Culvert': 0, 'Sluice': 0, 'Dyke': 0, 'Storm water drain': 0, 'Emergency': 0, 'Immediate': 0, 'IM': 0, 'AE': 0, 'A E': 0, 'AAPDA MITRA': 0, 'Bridge': 0, 'River': 0, 'Drain': 0, 'Restoration': 0, 'Protection': 0, 'irr': 0, 'irrigation': 0, 'dam': 1, 'Nallah': 0, 'Retrofitting': 0, 'Pond': 0, 'Pokhari': 0, 'D/C': 0, 'Recharge shaft': 0, 'LFB': 0, 'RFB': 0}","{'Floodlight': 0, 'Flood Light': 0, 'GAS': 0, 'FIFA': 0, 'pipe': 0, 'pipes': 0, 'covid': 0, 'supply': 0, 'Beautification': 0, 'Installation': 0}",Post-Monsoon,,False,False,Preparedness Measures,{'per': 1}
2024_PWDBL_956483_9,2297/E-Tender/2024-25 dt. 04.09.2024,"Vikramaditya Marg sthit naya upmantri aawas sankhya-3 me chhat se aa Rahi seelan ko rokne hetu chhat per dam proof karna shatigrast Kota stone badalna va Kota stone polish karna aawas ke dining hall mein toughend  glass ka partition lagana, poore aaw",,,,,,,,,,,,,,,,Chief Engineer (Building)||S E 39 Circle PWD Lucknow||Maintenance Division 2 (Civil) PWD Lucknow,,,,,,"443,765",,2024-10-16,Chief Engineer (Building)||S E 39 Circle PWD Lucknow||Maintenance Division 2 (Civil) PWD Lucknow,True,"{'Flood': 0, 'Embankment': 0, 'embkt': 0, 'Relief': 0, 'Erosion': 0, 'SDRF': 0, 'Inundation': 0, 'Hydrology': 0, 'Silt': 0, 'Siltation': 0, 'Bund': 0, 'Trench': 0, 'Breach': 0, 'Culvert': 0, 'Sluice': 0, 'Dyke': 0, 'Storm water drain': 0, 'Emergency': 0, 'Immediate': 0, 'IM': 0, 'AE': 0, 'A E': 0, 'AAPDA MITRA': 0, 'Bridge': 0, 'River': 0, 'Drain': 0, 'Restoration': 0, 'Protection': 0, 'irr': 0, 'irrigation': 0, 'dam': 1, 'Nallah': 0, 'Retrofitting': 0, 'Pond': 0, 'Pokhari': 0, 'D/C': 0, 'Recharge shaft': 0, 'LFB': 0, 'RFB': 0}","{'Floodlight': 0, 'Flood Light': 0, 'GAS': 0, 'FIFA': 0, 'pipe': 0, 'pipes': 0, 'covid': 0, 'supply': 0, 'Beautification': 0, 'Installation': 0}",Post-Monsoon,,False,False,Preparedness Measures,{'per': 1}
2024_PVVNV_950468_2,07/EDC-II(G)/2024-25,"Execution of work SUCH AS PROTECTION OF L.T. EQUIPMENT for DISTRIBUTION TRANSFORMER (on semi turnkey basis) under Business Plan 2024-25 in areas under Electricity Distribution Distribution-II, Gorakhpur",,,,,,,,,,,,,,,,Purvanchal Vidyut Vitran Nigam Limited  Varanasi||Chief Engineer (D) PuVVNL Gorakhpur,,,,,,"8,614,557",,2024-10-23,Purvanchal Vidyut Vitran Nigam Limited  Varanasi||Chief Engineer (D) PuVVNL Gorakhpur,True,"{'Flood': 0, 'Embankment': 0, 'embkt': 0, 'Relief': 0, 'Erosion': 0, 'SDRF': 0, 'Inundation': 0, 'Hydrology': 0, 'Silt': 0, 'Siltation': 0, 'Bund': 0, 'Trench': 0, 'Breach': 0, 'Culvert': 0, 'Sluice': 0, 'Dyke': 0, 'Storm water drain': 0, 'Emergency': 0, 'Immediate': 0, 'IM': 0, 'AE': 0, 'A E': 0, 'AAPDA MITRA': 0, 'Bridge': 0, 'River': 0, 'Drain': 0, 'Restoration': 0, 'Protection': 1, 'irr': 0, 'irrigation': 0, 'dam': 0, 'Nallah': 0, 'Retrofitting': 0, 'Pond': 0, 'Pokhari': 0, 'D/C': 0, 'Recharge shaft': 0, 'LFB': 0, 'RFB': 0}","{'Floodlight': 0, 'Flood Light': 0, 'GAS': 0, 'FIFA': 0, 'pipe': 0, 'pipes': 0, 'covid': 0, 'supply': 0, 'Beautification': 0, 'Installation': 0}",Post-Monsoon,,False,False,Preparedness Measures,{'Protection': 1}
2024_GORDA_963399_1,14/GDA/2023-24/05102024,Road repair work (pothole relief) in various schemes of Gorakhpur Development Authority. (Working of Hotmix Plant),,,,,,,,,,,,,,,,Gorakhpur Development Authority,,,,,,"5,376,410.71",,2024-10-28,Gorakhpur Development Authority,True,"{'Flood': 0, 'Embankment': 0, 'embkt': 0, 'Relief': 1, 'Erosion': 0, 'SDRF': 0, 'Inundation': 0, 'Hydrology': 0, 'Silt': 0, 'Siltation': 0, 'Bund': 0, 'Trench': 0, 'Breach': 0, 'Culvert': 0, 'Sluice': 0, 'Dyke': 0, 'Storm water drain': 0, 'Emergency': 0, 'Immediate': 0, 'IM': 0, 'AE': 0, 'A E': 0, 'AAPDA MITRA': 0, 'Bridge': 0, 'River': 0, 'Drain': 0, 'Restoration': 0, 'Protection': 0, 'irr': 0, 'irrigation': 0, 'dam': 0, 'Nallah': 0, 'Retrofitting': 0, 'Pond': 0, 'Pokhari': 0, 'D/C': 0, 'Recharge shaft': 0, 'LFB': 0, 'RFB': 0}","{'Floodlight': 0, 'Flood Light': 0, 'GAS': 0, 'FIFA': 0, 'pipe': 0, 'pipes': 0, 'covid': 0, 'supply': 0, 'Beautification': 0, 'Installation': 0}",Post-Monsoon,,False,True,Repair and Restoration,{'repair': 1}
2024_GORDA_952672_3,10/GDA/2023-24/31082024,Construction work of RCC drain and CC road in Vaishali Housing Scheme.,,,,,,,,,,,,,,,,Gorakhpur Development Authority,,,,,,"5,057,378.05",,2024-10-07,Gorakhpur Development Authority,True,"{'Flood': 0, 'Embankment': 0, 'embkt': 0, 'Relief': 0, 'Erosion': 0, 'SDRF': 0, 'Inundation': 0, 'Hydrology': 0, 'Silt': 0, 'Siltation': 0, 'Bund': 0, 'Trench': 0, 'Breach': 0, 'Culvert': 0, 'Sluice': 0, 'Dyke': 0, 'Storm water drain': 0, 'Emergency': 0, 'Immediate': 0, 'IM': 0, 'AE': 0, 'A E': 0, 'AAPDA MITRA': 0, 'Bridge': 0, 'River': 0, 'Drain': 1, 'Restoration': 0, 'Protection': 0, 'irr': 0, 'irrigation': 0, 'dam': 0, 'Nallah': 0, 'Retrofitting': 0, 'Pond': 0, 'Pokhari': 0, 'D/C': 0, 'Recharge shaft': 0, 'LFB': 0, 'RFB': 0}","{'Floodlight': 0, 'Flood Light': 0, 'GAS': 0, 'FIFA': 0, 'pipe': 0, 'pipes': 0, 'covid': 0, 'supply': 0, 'Beautification': 0, 'Installation': 0}",Post-Monsoon,,False,True,Repair and Restoration,"{'Construction': 1, 'Drain': 1}"
2024_GORDA_963399_1,14/GDA/2023-24/05102024,Road repair work (pothole relief) in various schemes of Gorakhpur Development Authority. (Working of Hotmix Plant),,,,,,,,,,,,,,,,Gorakhpur Development Authority,,,,,,"5,376,410.71",,2024-10-28,Gorakhpur Development Authority,True,"{'Flood': 0, 'Embankment': 0, 'embkt': 0, 'Relief': 1, 'Erosion': 0, 'SDRF': 0, 'Inundation': 0, 'Hydrology': 0, 'Silt': 0, 'Siltation': 0, 'Bund': 0, 'Trench': 0, 'Breach': 0, 'Culvert': 0, 'Sluice': 0, 'Dyke': 0, 'Storm water drain': 0, 'Emergency': 0, 'Immediate': 0, 'IM': 0, 'AE': 0, 'A E': 0, 'AAPDA MITRA': 0, 'Bridge': 0, 'River': 0, 'Drain': 0, 'Restoration': 0, 'Protection': 0, 'irr': 0, 'irrigation': 0, 'dam': 0, 'Nallah': 0, 'Retrofitting': 0, 'Pond': 0, 'Pokhari': 0, 'D/C': 0, 'Recharge shaft': 0, 'LFB': 0, 'RFB': 0}","{'Floodlight': 0, 'Flood Light': 0, 'GAS': 0, 'FIFA': 0, 'pipe': 0, 'pipes': 0, 'covid': 0, 'supply': 0, 'Beautification': 0, 'Installation': 0}",Post-Monsoon,,False,True,Repair and Restoration,{'repair': 1}
2024_GORDA_963399_1,14/GDA/2023-24/05102024,Road repair work (pothole relief) in various schemes of Gorakhpur Development Authority. (Working of Hotmix Plant),,,,,,,,,,,,,,,,Gorakhpur Development Authority,,,,,,"5,376,410.71",,2024-10-28,Gorakhpur Development Authority,True,"{'Flood': 0, 'Embankment': 0, 'embkt': 0, 'Relief': 1, 'Erosion': 0, 'SDRF': 0, 'Inundation': 0, 'Hydrology': 0, 'Silt': 0, 'Siltation': 0, 'Bund': 0, 'Trench': 0, 'Breach': 0, 'Culvert': 0, 'Sluice': 0, 'Dyke': 0, 'Storm water drain': 0, 'Emergency': 0, 'Immediate': 0, 'IM': 0, 'AE': 0, 'A E': 0, 'AAPDA MITRA': 0, 'Bridge': 0, 'River': 0, 'Drain': 0, 'Restoration': 0, 'Protection': 0, 'irr': 0, 'irrigation': 0, 'dam': 0, 'Nallah': 0, 'Retrofitting': 0, 'Pond': 0, 'Pokhari': 0, 'D/C': 0, 'Recharge shaft': 0, 'LFB': 0, 'RFB': 0}","{'Floodlight': 0, 'Flood Light': 0, 'GAS': 0, 'FIFA': 0, 'pipe': 0, 'pipes': 0, 'covid': 0, 'supply': 0, 'Beautification': 0, 'Installation': 0}",Post-Monsoon,,False,True,Repair and Restoration,{'repair': 1}
2024_GNIDA_930284_8,SM/(E-TENDER CELL)/2024/515 DATED-14.06.2024,"Drain repairing and resurfacing of roads of 6 percent abadi plots in village Tugalpur Haldona Phase-3, Namoli, Sector KP--3, Greater Noida.",,,,,,,,,,,,,,,,Greater Noida Industrial Development Authority,,,,,,"5,284,923.58",,2024-10-15,Greater Noida Industrial Development Authority,True,"{'Flood': 0, 'Embankment': 0, 'embkt': 0, 'Relief': 0, 'Erosion': 0, 'SDRF': 0, 'Inundation': 0, 'Hydrology': 0, 'Silt': 0, 'Siltation': 0, 'Bund': 0, 'Trench': 0, 'Breach': 0, 'Culvert': 0, 'Sluice': 0, 'Dyke': 0, 'Storm water drain': 0, 'Emergency': 0, 'Immediate': 0, 'IM': 0, 'AE': 0, 'A E': 0, 'AAPDA MITRA': 0, 'Bridge': 0, 'River': 0, 'Drain': 1, 'Restoration': 0, 'Protection': 0, 'irr': 0, 'irrigation': 0, 'dam': 0, 'Nallah': 0, 'Retrofitting': 0, 'Pond': 0, 'Pokhari': 0, 'D/C': 0, 'Recharge shaft': 0, 'LFB': 0, 'RFB': 0}","{'Floodlight': 0, 'Flood Light': 0, 'GAS': 0, 'FIFA': 0, 'pipe': 0, 'pipes': 0, 'covid': 0, 'supply': 0, 'Beautification': 0, 'Installation': 0}",Post-Monsoon,,False,True,Repair and Restoration,"{'repairing': 1, 'Drain': 1}"
2024_GNIDA_934488_10,SM/(E-TENDER CELL)/2024/517  DATED-27.06.2024,"Raising of C.C Road and Construction of RCC Drain in Village Roza Jalalpur, Greater Noida",,,,,,,,,,,,,,,,Greater Noida Industrial Development Authority,,,,,,"11,413,005.57",,2024-10-21,Greater Noida Industrial Development Authority,True,"{'Flood': 0, 'Embankment': 0, 'embkt': 0, 'Relief': 0, 'Erosion': 0, 'SDRF': 0, 'Inundation': 0, 'Hydrology': 0, 'Silt': 0, 'Siltation': 0, 'Bund': 0, 'Trench': 0, 'Breach': 0, 'Culvert': 0, 'Sluice': 0, 'Dyke': 0, 'Storm water drain': 0, 'Emergency': 0, 'Immediate': 0, 'IM': 0, 'AE': 0, 'A E': 0, 'AAPDA MITRA': 0, 'Bridge': 0, 'River': 0, 'Drain': 1, 'Restoration': 0, 'Protection': 0, 'irr': 0, 'irrigation': 0, 'dam': 0, 'Nallah': 0, 'Retrofitting': 0, 'Pond': 0, 'Pokhari': 0, 'D/C': 0, 'Recharge shaft': 0, 'LFB': 0, 'RFB': 0}","{'Floodlight': 0, 'Flood Light': 0, 'GAS': 0, 'FIFA': 0, 'pipe': 0, 'pipes': 0, 'covid': 0, 'supply': 0, 'Beautification': 0, 'Installation': 0}",Post-Monsoon,,False,True,Repair and Restoration,"{'raising': 1, 'Construction': 1, 'Drain': 1}"
2024_GNIDA_916909_5,SM/(E-TENDER CELL)/2024/502   DATED-12.03.2024,"Construction of Box Culvert on Drain Between Sector-16C and Yatendar Nagar Enclave, Greater Noida.",,,,,,,,,,,,,,,,Greater Noida Industrial Development Authority,,,,,,"6,529,307.08",,2024-10-04,Greater Noida Industrial Development Authority,True,"{'Flood': 0, 'Embankment': 0, 'embkt': 0, 'Relief': 0, 'Erosion': 0, 'SDRF': 0, 'Inundation': 0, 'Hydrology': 0, 'Silt': 0, 'Siltation': 0, 'Bund': 0, 'Trench': 0, 'Breach': 0, 'Culvert': 1, 'Sluice': 0, 'Dyke': 0, 'Storm water drain': 0, 'Emergency': 0, 'Immediate': 0, 'IM': 0, 'AE': 0, 'A E': 0, 'AAPDA MITRA': 0, 'Bridge': 0, 'River': 0, 'Drain': 1, 'Restoration': 0, 'Protection': 0, 'irr': 0, 'irrigation': 0, 'dam': 0, 'Nallah': 0, 'Retrofitting': 0, 'Pond': 0, 'Pokhari': 0, 'D/C': 0, 'Recharge shaft': 0, 'LFB': 0, 'RFB': 0}","{'Floodlight': 0, 'Flood Light': 0, 'GAS': 0, 'FIFA': 0, 'pipe': 0, 'pipes': 0, 'covid': 0, 'supply': 0, 'Beautification': 0, 'Installation': 0}",Post-Monsoon,,False,True,Repair and Restoration,"{'Construction': 1, 'Drain': 1}"
2024_GNIDA_916909_5,SM/(E-TENDER CELL)/2024/502   DATED-12.03.2024,"Construction of Box Culvert on Drain Between Sector-16C and Yatendar Nagar Enclave, Greater Noida.",,,,,,,,,,,,,,,,Greater Noida Industrial Development Authority,,,,,,"6,529,307.08",,2024-10-04,Greater Noida Industrial Development Authority,True,"{'Flood': 0, 'Embankment': 0, 'embkt': 0, 'Relief': 0, 'Erosion': 0, 'SDRF': 0, 'Inundation': 0, 'Hydrology': 0, 'Silt': 0, 'Siltation': 0, 'Bund': 0, 'Trench': 0, 'Breach': 0, 'Culvert': 1, 'Sluice': 0, 'Dyke': 0, 'Storm water drain': 0, 'Emergency': 0, 'Immediate': 0, 'IM': 0, 'AE': 0, 'A E': 0, 'AAPDA MITRA': 0, 'Bridge': 0, 'River': 0, 'Drain': 1, 'Restoration': 0, 'Protection': 0, 'irr': 0, 'irrigation': 0, 'dam': 0, 'Nallah': 0, 'Retrofitting': 0, 'Pond': 0, 'Pokhari': 0, 'D/C': 0, 'Recharge shaft': 0, 'LFB': 0, 'RFB': 0}","{'Floodlight': 0, 'Flood Light': 0, 'GAS': 0, 'FIFA': 0, 'pipe': 0, 'pipes': 0, 'covid': 0, 'supply': 0, 'Beautification': 0, 'Installation': 0}",Post-Monsoon,,False,True,Repair and Restoration,"{'Construction': 1, 'Drain': 1}"
2024_DOLBU_963335_1,106/nppb/2024-2025-2,Ward-02 me Dam Bhakra ki puliya se kewal ki dukan tak C.C. Tiles Interlocking Road va Nali Nirman Karya (As per Estimate),,,,,,,,,,,,,,,,Directorate of Local Bodies UP||Nagar Palika Parishad Bilaspur Rampur,,,,,,"655,811.36",,2024-10-22,Directorate of Local Bodies UP||Nagar Palika Parishad Bilaspur Rampur,True,"{'Flood': 0, 'Embankment': 0, 'embkt': 0, 'Relief': 0, 'Erosion': 0, 'SDRF': 0, 'Inundation': 0, 'Hydrology': 0, 'Silt': 0, 'Siltation': 0, 'Bund': 0, 'Trench': 0, 'Breach': 0, 'Culvert': 0, 'Sluice': 0, 'Dyke': 0, 'Storm water drain': 0, 'Emergency': 0, 'Immediate': 0, 'IM': 0, 'AE': 0, 'A E': 0, 'AAPDA MITRA': 0, 'Bridge': 0, 'River': 0, 'Drain': 0, 'Restoration': 0, 'Protection': 0, 'irr': 0, 'irrigation': 0, 'dam': 1, 'Nallah': 0, 'Retrofitting': 0, 'Pond': 0, 'Pokhari': 0, 'D/C': 0, 'Recharge shaft': 0, 'LFB': 0, 'RFB': 0}","{'Floodlight': 0, 'Flood Light': 0, 'GAS': 0, 'FIFA': 0, 'pipe': 0, 'pipes': 0, 'covid': 0, 'supply': 0, 'Beautification': 0, 'Installation': 0}",Post-Monsoon,,False,True,Preparedness Measures,{'per': 1}
2024_DOLBU_960606_82,026/Nirman/2024-25 Dated 27.09.2024,"In Ward-12, Kasyawan, from Musharraf house to Imran via Aslam, from Bhura via Jamil to Adil and from Nazim to Kasam. Road and drain construction work.",,,,,,,,,,,,,,,,Directorate of Local Bodies UP||Ghaziabad Municipal Corporation,,,,,,"688,017.65",,2024-10-29,Directorate of Local Bodies UP||Ghaziabad Municipal Corporation,True,"{'Flood': 0, 'Embankment': 0, 'embkt': 0, 'Relief': 0, 'Erosion': 0, 'SDRF': 0, 'Inundation': 0, 'Hydrology': 0, 'Silt': 0, 'Siltation': 0, 'Bund': 0, 'Trench': 0, 'Breach': 0, 'Culvert': 0, 'Sluice': 0, 'Dyke': 0, 'Storm water drain': 0, 'Emergency': 0, 'Immediate': 0, 'IM': 0, 'AE': 0, 'A E': 0, 'AAPDA MITRA': 0, 'Bridge': 0, 'River': 0, 'Drain': 1, 'Restoration': 0, 'Protection': 0, 'irr': 0, 'irrigation': 0, 'dam': 0, 'Nallah': 0, 'Retrofitting': 0, 'Pond': 0, 'Pokhari': 0, 'D/C': 0, 'Recharge shaft': 0, 'LFB': 0, 'RFB': 0}","{'Floodlight': 0, 'Flood Light': 0, 'GAS': 0, 'FIFA': 0, 'pipe': 0, 'pipes': 0, 'covid': 0, 'supply': 0, 'Beautification': 0, 'Installation': 0}",Post-Monsoon,,False,True,Repair and Restoration,"{'Construction': 1, 'Drain': 1}"
2024_DOLBU_960606_85,026/Nirman/2024-25 Dated 27.09.2024,"From Lokesh Tyagi to Real Beauty Parlour in Ward-17, Sewanagar and Dr. Bengali Wali Gali and Ajit Tiwari Wali Gali have drain and CC Gali. Functions of.",,,,,,,,,,,,,,,,Directorate of Local Bodies UP||Ghaziabad Municipal Corporation,,,,,,"655,500",,2024-10-25,Directorate of Local Bodies UP||Ghaziabad Municipal Corporation,True,"{'Flood': 0, 'Embankment': 0, 'embkt': 0, 'Relief': 0, 'Erosion': 0, 'SDRF': 0, 'Inundation': 0, 'Hydrology': 0, 'Silt': 0, 'Siltation': 0, 'Bund': 0, 'Trench': 0, 'Breach': 0, 'Culvert': 0, 'Sluice': 0, 'Dyke': 0, 'Storm water drain': 0, 'Emergency': 0, 'Immediate': 0, 'IM': 0, 'AE': 0, 'A E': 0, 'AAPDA MITRA': 0, 'Bridge': 0, 'River': 0, 'Drain': 1, 'Restoration': 0, 'Protection': 0, 'irr': 0, 'irrigation': 0, 'dam': 0, 'Nallah': 0, 'Retrofitting': 0, 'Pond': 0, 'Pokhari': 0, 'D/C': 0, 'Recharge shaft': 0, 'LFB': 0, 'RFB': 0}","{'Floodlight': 0, 'Flood Light': 0, 'GAS': 0, 'FIFA': 0, 'pipe': 0, 'pipes': 0, 'covid': 0, 'supply': 0, 'Beautification': 0, 'Installation': 0}",Post-Monsoon,,False,True,Repair and Restoration,{'Drain': 1}
2024_DOLBU_960606_85,026/Nirman/2024-25 Dated 27.09.2024,"From Lokesh Tyagi to Real Beauty Parlour in Ward-17, Sewanagar and Dr. Bengali Wali Gali and Ajit Tiwari Wali Gali have drain and CC Gali. Functions of.",,,,,,,,,,,,,,,,Directorate of Local Bodies UP||Ghaziabad Municipal Corporation,,,,,,"655,500",,2024-10-25,Directorate of Local Bodies UP||Ghaziabad Municipal Corporation,True,"{'Flood': 0, 'Embankment': 0, 'embkt': 0, 'Relief': 0, 'Erosion': 0, 'SDRF': 0, 'Inundation': 0, 'Hydrology': 0, 'Silt': 0, 'Siltation': 0, 'Bund': 0, 'Trench': 0, 'Breach': 0, 'Culvert': 0, 'Sluice': 0, 'Dyke': 0, 'Storm water drain': 0, 'Emergency': 0, 'Immediate': 0, 'IM': 0, 'AE': 0, 'A E': 0, 'AAPDA MITRA': 0, 'Bridge': 0, 'River': 0, 'Drain': 1, 'Restoration': 0, 'Protection': 0, 'irr': 0, 'irrigation': 0, 'dam': 0, 'Nallah': 0, 'Retrofitting': 0, 'Pond': 0, 'Pokhari': 0, 'D/C': 0, 'Recharge shaft': 0, 'LFB': 0, 'RFB': 0}","{'Floodlight': 0, 'Flood Light': 0, 'GAS': 0, 'FIFA': 0, 'pipe': 0, 'pipes': 0, 'covid': 0, 'supply': 0, 'Beautification': 0, 'Installation': 0}",Post-Monsoon,,False,True,Repair and Restoration,{'Drain': 1}
2024_DOLBU_961577_1,215/Tender Notice/2024-25 DATED 01.10.2024,Construction of drain from Kamal Prajapati house to Devendra Sharma plot,,,,,,,,,,,,,,,,Directorate of Local Bodies UP||Nagar Panchayat Kulpahad Mahoba,,,,,,"929,313",,2024-10-08,Directorate of Local Bodies UP||Nagar Panchayat Kulpahad Mahoba,True,"{'Flood': 0, 'Embankment': 0, 'embkt': 0, 'Relief': 0, 'Erosion': 0, 'SDRF': 0, 'Inundation': 0, 'Hydrology': 0, 'Silt': 0, 'Siltation': 0, 'Bund': 0, 'Trench': 0, 'Breach': 0, 'Culvert': 0, 'Sluice': 0, 'Dyke': 0, 'Storm water drain': 0, 'Emergency': 0, 'Immediate': 0, 'IM': 0, 'AE': 0, 'A E': 0, 'AAPDA MITRA': 0, 'Bridge': 0, 'River': 0, 'Drain': 1, 'Restoration': 0, 'Protection': 0, 'irr': 0, 'irrigation': 0, 'dam': 0, 'Nallah': 0, 'Retrofitting': 0, 'Pond': 0, 'Pokhari': 0, 'D/C': 0, 'Recharge shaft': 0, 'LFB': 0, 'RFB': 0}","{'Floodlight': 0, 'Flood Light': 0, 'GAS': 0, 'FIFA': 0, 'pipe': 0, 'pipes': 0, 'covid': 0, 'supply': 0, 'Beautification': 0, 'Installation': 0}",Post-Monsoon,,False,True,Repair and Restoration,"{'Construction': 1, 'Drain': 1}"
2024_DOLBU_961577_1,215/Tender Notice/2024-25 DATED 01.10.2024,Construction of drain from Kamal Prajapati house to Devendra Sharma plot,,,,,,,,,,,,,,,,Directorate of Local Bodies UP||Nagar Panchayat Kulpahad Mahoba,,,,,,"929,313",,2024-10-08,Directorate of Local Bodies UP||Nagar Panchayat Kulpahad Mahoba,True,"{'Flood': 0, 'Embankment': 0, 'embkt': 0, 'Relief': 0, 'Erosion': 0, 'SDRF': 0, 'Inundation': 0, 'Hydrology': 0, 'Silt': 0, 'Siltation': 0, 'Bund': 0, 'Trench': 0, 'Breach': 0, 'Culvert': 0, 'Sluice': 0, 'Dyke': 0, 'Storm water drain': 0, 'Emergency': 0, 'Immediate': 0, 'IM': 0, 'AE': 0, 'A E': 0, 'AAPDA MITRA': 0, 'Bridge': 0, 'River': 0, 'Drain': 1, 'Restoration': 0, 'Protection': 0, 'irr': 0, 'irrigation': 0, 'dam': 0, 'Nallah': 0, 'Retrofitting': 0, 'Pond': 0, 'Pokhari': 0, 'D/C': 0, 'Recharge shaft': 0, 'LFB': 0, 'RFB': 0}","{'Floodlight': 0, 'Flood Light': 0, 'GAS': 0, 'FIFA': 0, 'pipe': 0, 'pipes': 0, 'covid': 0, 'supply': 0, 'Beautification': 0, 'Installation': 0}",Post-Monsoon,,False,True,Repair and Restoration,"{'Construction': 1, 'Drain': 1}"
2024_DOLBU_961577_1,215/Tender Notice/2024-25 DATED 01.10.2024,Construction of drain from Kamal Prajapati house to Devendra Sharma plot,,,,,,,,,,,,,,,,Directorate of Local Bodies UP||Nagar Panchayat Kulpahad Mahoba,,,,,,"929,313",,2024-10-08,Directorate of Local Bodies UP||Nagar Panchayat Kulpahad Mahoba,True,"{'Flood': 0, 'Embankment': 0, 'embkt': 0, 'Relief': 0, 'Erosion': 0, 'SDRF': 0, 'Inundation': 0, 'Hydrology': 0, 'Silt': 0, 'Siltation': 0, 'Bund': 0, 'Trench': 0, 'Breach': 0, 'Culvert': 0, 'Sluice': 0, 'Dyke': 0, 'Storm water drain': 0, 'Emergency': 0, 'Immediate': 0, 'IM': 0, 'AE': 0, 'A E': 0, 'AAPDA MITRA': 0, 'Bridge': 0, 'River': 0, 'Drain': 1, 'Restoration': 0, 'Protection': 0, 'irr': 0, 'irrigation': 0, 'dam': 0, 'Nallah': 0, 'Retrofitting': 0, 'Pond': 0, 'Pokhari': 0, 'D/C': 0, 'Recharge shaft': 0, 'LFB': 0, 'RFB': 0}","{'Floodlight': 0, 'Flood Light': 0, 'GAS': 0, 'FIFA': 0, 'pipe': 0, 'pipes': 0, 'covid': 0, 'supply': 0, 'Beautification': 0, 'Installation': 0}",Post-Monsoon,,False,True,Repair and Restoration,"{'Construction': 1, 'Drain': 1}"
2024_DOLBU_961577_1,215/Tender Notice/2024-25 DATED 01.10.2024,Construction of drain from Kamal Prajapati house to Devendra Sharma plot,,,,,,,,,,,,,,,,Directorate of Local Bodies UP||Nagar Panchayat Kulpahad Mahoba,,,,,,"929,313",,2024-10-08,Directorate of Local Bodies UP||Nagar Panchayat Kulpahad Mahoba,True,"{'Flood': 0, 'Embankment': 0, 'embkt': 0, 'Relief': 0, 'Erosion': 0, 'SDRF': 0, 'Inundation': 0, 'Hydrology': 0, 'Silt': 0, 'Siltation': 0, 'Bund': 0, 'Trench': 0, 'Breach': 0, 'Culvert': 0, 'Sluice': 0, 'Dyke': 0, 'Storm water drain': 0, 'Emergency': 0, 'Immediate': 0, 'IM': 0, 'AE': 0, 'A E': 0, 'AAPDA MITRA': 0, 'Bridge': 0, 'River': 0, 'Drain': 1, 'Restoration': 0, 'Protection': 0, 'irr': 0, 'irrigation': 0, 'dam': 0, 'Nallah': 0, 'Retrofitting': 0, 'Pond': 0, 'Pokhari': 0, 'D/C': 0, 'Recharge shaft': 0, 'LFB': 0, 'RFB': 0}","{'Floodlight': 0, 'Flood Light': 0, 'GAS': 0, 'FIFA': 0, 'pipe': 0, 'pipes': 0, 'covid': 0, 'supply': 0, 'Beautification': 0, 'Installation': 0}",Post-Monsoon,,False,True,Repair and Restoration,"{'Construction': 1, 'Drain': 1}"
2024_DOLBU_960606_72,026/Nirman/2024-25 Dated 27.09.2024,Construction of drain and interlocking tiles from Ajay to Ramesh in Ward-07 Sudamapuri D-Block.,,,,,,,,,,,,,,,,Directorate of Local Bodies UP||Ghaziabad Municipal Corporation,,,,,,"693,767.11",,2024-10-29,Directorate of Local Bodies UP||Ghaziabad Municipal Corporation,True,"{'Flood': 0, 'Embankment': 0, 'embkt': 0, 'Relief': 0, 'Erosion': 0, 'SDRF': 0, 'Inundation': 0, 'Hydrology': 0, 'Silt': 0, 'Siltation': 0, 'Bund': 0, 'Trench': 0, 'Breach': 0, 'Culvert': 0, 'Sluice': 0, 'Dyke': 0, 'Storm water drain': 0, 'Emergency': 0, 'Immediate': 0, 'IM': 0, 'AE': 0, 'A E': 0, 'AAPDA MITRA': 0, 'Bridge': 0, 'River': 0, 'Drain': 1, 'Restoration': 0, 'Protection': 0, 'irr': 0, 'irrigation': 0, 'dam': 0, 'Nallah': 0, 'Retrofitting': 0, 'Pond': 0, 'Pokhari': 0, 'D/C': 0, 'Recharge shaft': 0, 'LFB': 0, 'RFB': 0}","{'Floodlight': 0, 'Flood Light': 0, 'GAS': 0, 'FIFA': 0, 'pipe': 0, 'pipes': 0, 'covid': 0, 'supply': 0, 'Beautification': 0, 'Installation': 0}",Post-Monsoon,,False,True,Repair and Restoration,"{'Construction': 1, 'Drain': 1}"
2024_DOLBU_960606_72,026/Nirman/2024-25 Dated 27.09.2024,Construction of drain and interlocking tiles from Ajay to Ramesh in Ward-07 Sudamapuri D-Block.,,,,,,,,,,,,,,,,Directorate of Local Bodies UP||Ghaziabad Municipal Corporation,,,,,,"693,767.11",,2024-10-29,Directorate of Local Bodies UP||Ghaziabad Municipal Corporation,True,"{'Flood': 0, 'Embankment': 0, 'embkt': 0, 'Relief': 0, 'Erosion': 0, 'SDRF': 0, 'Inundation': 0, 'Hydrology': 0, 'Silt': 0, 'Siltation': 0, 'Bund': 0, 'Trench': 0, 'Breach': 0, 'Culvert': 0, 'Sluice': 0, 'Dyke': 0, 'Storm water drain': 0, 'Emergency': 0, 'Immediate': 0, 'IM': 0, 'AE': 0, 'A E': 0, 'AAPDA MITRA': 0, 'Bridge': 0, 'River': 0, 'Drain': 1, 'Restoration': 0, 'Protection': 0, 'irr': 0, 'irrigation': 0, 'dam': 0, 'Nallah': 0, 'Retrofitting': 0, 'Pond': 0, 'Pokhari': 0, 'D/C': 0, 'Recharge shaft': 0, 'LFB': 0, 'RFB': 0}","{'Floodlight': 0, 'Flood Light': 0, 'GAS': 0, 'FIFA': 0, 'pipe': 0, 'pipes': 0, 'covid': 0, 'supply': 0, 'Beautification': 0, 'Installation': 0}",Post-Monsoon,,False,True,Repair and Restoration,"{'Construction': 1, 'Drain': 1}"
2024_DOLBU_960606_72,026/Nirman/2024-25 Dated 27.09.2024,Construction of drain and interlocking tiles from Ajay to Ramesh in Ward-07 Sudamapuri D-Block.,,,,,,,,,,,,,,,,Directorate of Local Bodies UP||Ghaziabad Municipal Corporation,,,,,,"693,767.11",,2024-10-29,Directorate of Local Bodies UP||Ghaziabad Municipal Corporation,True,"{'Flood': 0, 'Embankment': 0, 'embkt': 0, 'Relief': 0, 'Erosion': 0, 'SDRF': 0, 'Inundation': 0, 'Hydrology': 0, 'Silt': 0, 'Siltation': 0, 'Bund': 0, 'Trench': 0, 'Breach': 0, 'Culvert': 0, 'Sluice': 0, 'Dyke': 0, 'Storm water drain': 0, 'Emergency': 0, 'Immediate': 0, 'IM': 0, 'AE': 0, 'A E': 0, 'AAPDA MITRA': 0, 'Bridge': 0, 'River': 0, 'Drain': 1, 'Restoration': 0, 'Protection': 0, 'irr': 0, 'irrigation': 0, 'dam': 0, 'Nallah': 0, 'Retrofitting': 0, 'Pond': 0, 'Pokhari': 0, 'D/C': 0, 'Recharge shaft': 0, 'LFB': 0, 'RFB': 0}","{'Floodlight': 0, 'Flood Light': 0, 'GAS': 0, 'FIFA': 0, 'pipe': 0, 'pipes': 0, 'covid': 0, 'supply': 0, 'Beautification': 0, 'Installation': 0}",Post-Monsoon,,False,True,Repair and Restoration,"{'Construction': 1, 'Drain': 1}"
2024_DOLBU_960606_82,026/Nirman/2024-25 Dated 27.09.2024,"In Ward-12, Kasyawan, from Musharraf house to Imran via Aslam, from Bhura via Jamil to Adil and from Nazim to Kasam. Road and drain construction work.",,,,,,,,,,,,,,,,Directorate of Local Bodies UP||Ghaziabad Municipal Corporation,,,,,,"688,017.65",,2024-10-29,Directorate of Local Bodies UP||Ghaziabad Municipal Corporation,True,"{'Flood': 0, 'Embankment': 0, 'embkt': 0, 'Relief': 0, 'Erosion': 0, 'SDRF': 0, 'Inundation': 0, 'Hydrology': 0, 'Silt': 0, 'Siltation': 0, 'Bund': 0, 'Trench': 0, 'Breach': 0, 'Culvert': 0, 'Sluice': 0, 'Dyke': 0, 'Storm water drain': 0, 'Emergency': 0, 'Immediate': 0, 'IM': 0, 'AE': 0, 'A E': 0, 'AAPDA MITRA': 0, 'Bridge': 0, 'River': 0, 'Drain': 1, 'Restoration': 0, 'Protection': 0, 'irr': 0, 'irrigation': 0, 'dam': 0, 'Nallah': 0, 'Retrofitting': 0, 'Pond': 0, 'Pokhari': 0, 'D/C': 0, 'Recharge shaft': 0, 'LFB': 0, 'RFB': 0}","{'Floodlight': 0, 'Flood Light': 0, 'GAS': 0, 'FIFA': 0, 'pipe': 0, 'pipes': 0, 'covid': 0, 'supply': 0, 'Beautification': 0, 'Installation': 0}",Post-Monsoon,,False,True,Repair and Restoration,"{'Construction': 1, 'Drain': 1}"
2024_DOLBU_960606_72,026/Nirman/2024-25 Dated 27.09.2024,Construction of drain and interlocking tiles from Ajay to Ramesh in Ward-07 Sudamapuri D-Block.,,,,,,,,,,,,,,,,Directorate of Local Bodies UP||Ghaziabad Municipal Corporation,,,,,,"693,767.11",,2024-10-29,Directorate of Local Bodies UP||Ghaziabad Municipal Corporation,True,"{'Flood': 0, 'Embankment': 0, 'embkt': 0, 'Relief': 0, 'Erosion': 0, 'SDRF': 0, 'Inundation': 0, 'Hydrology': 0, 'Silt': 0, 'Siltation': 0, 'Bund': 0, 'Trench': 0, 'Breach': 0, 'Culvert': 0, 'Sluice': 0, 'Dyke': 0, 'Storm water drain': 0, 'Emergency': 0, 'Immediate': 0, 'IM': 0, 'AE': 0, 'A E': 0, 'AAPDA MITRA': 0, 'Bridge': 0, 'River': 0, 'Drain': 1, 'Restoration': 0, 'Protection': 0, 'irr': 0, 'irrigation': 0, 'dam': 0, 'Nallah': 0, 'Retrofitting': 0, 'Pond': 0, 'Pokhari': 0, 'D/C': 0, 'Recharge shaft': 0, 'LFB': 0, 'RFB': 0}","{'Floodlight': 0, 'Flood Light': 0, 'GAS': 0, 'FIFA': 0, 'pipe': 0, 'pipes': 0, 'covid': 0, 'supply': 0, 'Beautification': 0, 'Installation': 0}",Post-Monsoon,,False,True,Repair and Restoration,"{'Construction': 1, 'Drain': 1}"
2024_DOLBU_960606_82,026/Nirman/2024-25 Dated 27.09.2024,"In Ward-12, Kasyawan, from Musharraf house to Imran via Aslam, from Bhura via Jamil to Adil and from Nazim to Kasam. Road and drain construction work.",,,,,,,,,,,,,,,,Directorate of Local Bodies UP||Ghaziabad Municipal Corporation,,,,,,"688,017.65",,2024-10-29,Directorate of Local Bodies UP||Ghaziabad Municipal Corporation,True,"{'Flood': 0, 'Embankment': 0, 'embkt': 0, 'Relief': 0, 'Erosion': 0, 'SDRF': 0, 'Inundation': 0, 'Hydrology': 0, 'Silt': 0, 'Siltation': 0, 'Bund': 0, 'Trench': 0, 'Breach': 0, 'Culvert': 0, 'Sluice': 0, 'Dyke': 0, 'Storm water drain': 0, 'Emergency': 0, 'Immediate': 0, 'IM': 0, 'AE': 0, 'A E': 0, 'AAPDA MITRA': 0, 'Bridge': 0, 'River': 0, 'Drain': 1, 'Restoration': 0, 'Protection': 0, 'irr': 0, 'irrigation': 0, 'dam': 0, 'Nallah': 0, 'Retrofitting': 0, 'Pond': 0, 'Pokhari': 0, 'D/C': 0, 'Recharge shaft': 0, 'LFB': 0, 'RFB': 0}","{'Floodlight': 0, 'Flood Light': 0, 'GAS': 0, 'FIFA': 0, 'pipe': 0, 'pipes': 0, 'covid': 0, 'supply': 0, 'Beautification': 0, 'Installation': 0}",Post-Monsoon,,False,True,Repair and Restoration,"{'Construction': 1, 'Drain': 1}"
2024_DOLBU_960606_183,026/Nirman/2024-25 Dated 27.09.2024,"Ward-10, Pappu Kalani Gali No-06 Drain and CC work from house of Subodh Das to house of Jagpal.",,,,,,,,,,,,,,,,Directorate of Local Bodies UP||Ghaziabad Municipal Corporation,,,,,,"665,733",,2024-10-25,Directorate of Local Bodies UP||Ghaziabad Municipal Corporation,True,"{'Flood': 0, 'Embankment': 0, 'embkt': 0, 'Relief': 0, 'Erosion': 0, 'SDRF': 0, 'Inundation': 0, 'Hydrology': 0, 'Silt': 0, 'Siltation': 0, 'Bund': 0, 'Trench': 0, 'Breach': 0, 'Culvert': 0, 'Sluice': 0, 'Dyke': 0, 'Storm water drain': 0, 'Emergency': 0, 'Immediate': 0, 'IM': 0, 'AE': 0, 'A E': 0, 'AAPDA MITRA': 0, 'Bridge': 0, 'River': 0, 'Drain': 1, 'Restoration': 0, 'Protection': 0, 'irr': 0, 'irrigation': 0, 'dam': 0, 'Nallah': 0, 'Retrofitting': 0, 'Pond': 0, 'Pokhari': 0, 'D/C': 0, 'Recharge shaft': 0, 'LFB': 0, 'RFB': 0}","{'Floodlight': 0, 'Flood Light': 0, 'GAS': 0, 'FIFA': 0, 'pipe': 0, 'pipes': 0, 'covid': 0, 'supply': 0, 'Beautification': 0, 'Installation': 0}",Post-Monsoon,,False,True,Repair and Restoration,{'Drain': 1}
2024_DOLBU_960606_170,026/Nirman/2024-25 Dated 27.09.2024,"Construction work of CC road and drain from Banwari house in Ward-31, Sihani to opposite the house of Naveen Tyagi and Ishwar Tyagi.",,,,,,,,,,,,,,,,Directorate of Local Bodies UP||Ghaziabad Municipal Corporation,,,,,,"123,658.76",,2024-10-25,Directorate of Local Bodies UP||Ghaziabad Municipal Corporation,True,"{'Flood': 0, 'Embankment': 0, 'embkt': 0, 'Relief': 0, 'Erosion': 0, 'SDRF': 0, 'Inundation': 0, 'Hydrology': 0, 'Silt': 0, 'Siltation': 0, 'Bund': 0, 'Trench': 0, 'Breach': 0, 'Culvert': 0, 'Sluice': 0, 'Dyke': 0, 'Storm water drain': 0, 'Emergency': 0, 'Immediate': 0, 'IM': 0, 'AE': 0, 'A E': 0, 'AAPDA MITRA': 0, 'Bridge': 0, 'River': 0, 'Drain': 1, 'Restoration': 0, 'Protection': 0, 'irr': 0, 'irrigation': 0, 'dam': 0, 'Nallah': 0, 'Retrofitting': 0, 'Pond': 0, 'Pokhari': 0, 'D/C': 0, 'Recharge shaft': 0, 'LFB': 0, 'RFB': 0}","{'Floodlight': 0, 'Flood Light': 0, 'GAS': 0, 'FIFA': 0, 'pipe': 0, 'pipes': 0, 'covid': 0, 'supply': 0, 'Beautification': 0, 'Installation': 0}",Post-Monsoon,,False,True,Repair and Restoration,"{'Construction': 1, 'Drain': 1}"
2024_DOLBU_960606_181,026/Nirman/2024-25 Dated 27.09.2024,"Ward-10, Pappu Kalani Gali No-06 Drain and CC work from house of Yashpal Pehalwan to house of Mahendra Singh Parcha.",,,,,,,,,,,,,,,,Directorate of Local Bodies UP||Ghaziabad Municipal Corporation,,,,,,"690,575.13",,2024-10-25,Directorate of Local Bodies UP||Ghaziabad Municipal Corporation,True,"{'Flood': 0, 'Embankment': 0, 'embkt': 0, 'Relief': 0, 'Erosion': 0, 'SDRF': 0, 'Inundation': 0, 'Hydrology': 0, 'Silt': 0, 'Siltation': 0, 'Bund': 0, 'Trench': 0, 'Breach': 0, 'Culvert': 0, 'Sluice': 0, 'Dyke': 0, 'Storm water drain': 0, 'Emergency': 0, 'Immediate': 0, 'IM': 0, 'AE': 0, 'A E': 0, 'AAPDA MITRA': 0, 'Bridge': 0, 'River': 0, 'Drain': 1, 'Restoration': 0, 'Protection': 0, 'irr': 0, 'irrigation': 0, 'dam': 0, 'Nallah': 0, 'Retrofitting': 0, 'Pond': 0, 'Pokhari': 0, 'D/C': 0, 'Recharge shaft': 0, 'LFB': 0, 'RFB': 0}","{'Floodlight': 0, 'Flood Light': 0, 'GAS': 0, 'FIFA': 0, 'pipe': 0, 'pipes': 0, 'covid': 0, 'supply': 0, 'Beautification': 0, 'Installation': 0}",Post-Monsoon,,False,True,Repair and Restoration,{'Drain': 1}
2024_DOLBU_960606_182,026/Nirman/2024-25 Dated 27.09.2024,"Ward-10, Pappu Kalani Gali No. 0-06 Drain and CC work from Jagpal house to Yashpal house.",,,,,,,,,,,,,,,,Directorate of Local Bodies UP||Ghaziabad Municipal Corporation,,,,,,"703,130",,2024-10-25,Directorate of Local Bodies UP||Ghaziabad Municipal Corporation,True,"{'Flood': 0, 'Embankment': 0, 'embkt': 0, 'Relief': 0, 'Erosion': 0, 'SDRF': 0, 'Inundation': 0, 'Hydrology': 0, 'Silt': 0, 'Siltation': 0, 'Bund': 0, 'Trench': 0, 'Breach': 0, 'Culvert': 0, 'Sluice': 0, 'Dyke': 0, 'Storm water drain': 0, 'Emergency': 0, 'Immediate': 0, 'IM': 0, 'AE': 0, 'A E': 0, 'AAPDA MITRA': 0, 'Bridge': 0, 'River': 0, 'Drain': 1, 'Restoration': 0, 'Protection': 0, 'irr': 0, 'irrigation': 0, 'dam': 0, 'Nallah': 0, 'Retrofitting': 0, 'Pond': 0, 'Pokhari': 0, 'D/C': 0, 'Recharge shaft': 0, 'LFB': 0, 'RFB': 0}","{'Floodlight': 0, 'Flood Light': 0, 'GAS': 0, 'FIFA': 0, 'pipe': 0, 'pipes': 0, 'covid': 0, 'supply': 0, 'Beautification': 0, 'Installation': 0}",Post-Monsoon,,False,True,Repair and Restoration,{'Drain': 1}
2024_DOLBU_960606_101,026/Nirman/2024-25 Dated 27.09.2024,"Work of drain and interlocking tiles from Sarfaraz house to Ilyash house in Ward 24, Bayana.",,,,,,,,,,,,,,,,Directorate of Local Bodies UP||Ghaziabad Municipal Corporation,,,,,,"622,487.09",,2024-10-29,Directorate of Local Bodies UP||Ghaziabad Municipal Corporation,True,"{'Flood': 0, 'Embankment': 0, 'embkt': 0, 'Relief': 0, 'Erosion': 0, 'SDRF': 0, 'Inundation': 0, 'Hydrology': 0, 'Silt': 0, 'Siltation': 0, 'Bund': 0, 'Trench': 0, 'Breach': 0, 'Culvert': 0, 'Sluice': 0, 'Dyke': 0, 'Storm water drain': 0, 'Emergency': 0, 'Immediate': 0, 'IM': 0, 'AE': 0, 'A E': 0, 'AAPDA MITRA': 0, 'Bridge': 0, 'River': 0, 'Drain': 1, 'Restoration': 0, 'Protection': 0, 'irr': 0, 'irrigation': 0, 'dam': 0, 'Nallah': 0, 'Retrofitting': 0, 'Pond': 0, 'Pokhari': 0, 'D/C': 0, 'Recharge shaft': 0, 'LFB': 0, 'RFB': 0}","{'Floodlight': 0, 'Flood Light': 0, 'GAS': 0, 'FIFA': 0, 'pipe': 0, 'pipes': 0, 'covid': 0, 'supply': 0, 'Beautification': 0, 'Installation': 0}",Post-Monsoon,,False,True,Repair and Restoration,{'Drain': 1}
2024_DOLBU_960606_106,026/Nirman/2024-25 Dated 27.09.2024,"The damaged road from Nach India Tent House to Ghaziabad Convent School in Ward No. 26, Bhud-India Nagar and in the subsidiary street has been repaired by C.C. Chowki. Road and drain improvement work.",,,,,,,,,,,,,,,,Directorate of Local Bodies UP||Ghaziabad Municipal Corporation,,,,,,"344,335.87",,2024-10-29,Directorate of Local Bodies UP||Ghaziabad Municipal Corporation,True,"{'Flood': 0, 'Embankment': 0, 'embkt': 0, 'Relief': 0, 'Erosion': 0, 'SDRF': 0, 'Inundation': 0, 'Hydrology': 0, 'Silt': 0, 'Siltation': 0, 'Bund': 0, 'Trench': 0, 'Breach': 0, 'Culvert': 0, 'Sluice': 0, 'Dyke': 0, 'Storm water drain': 0, 'Emergency': 0, 'Immediate': 0, 'IM': 0, 'AE': 0, 'A E': 0, 'AAPDA MITRA': 0, 'Bridge': 0, 'River': 0, 'Drain': 1, 'Restoration': 0, 'Protection': 0, 'irr': 0, 'irrigation': 0, 'dam': 0, 'Nallah': 0, 'Retrofitting': 0, 'Pond': 0, 'Pokhari': 0, 'D/C': 0, 'Recharge shaft': 0, 'LFB': 0, 'RFB': 0}","{'Floodlight': 0, 'Flood Light': 0, 'GAS': 0, 'FIFA': 0, 'pipe': 0, 'pipes': 0, 'covid': 0, 'supply': 0, 'Beautification': 0, 'Installation': 0}",Post-Monsoon,,False,True,Repair and Restoration,"{'improvement': 1, 'Drain': 1}"
2024_DOLBU_960606_107,026/Nirman/2024-25 Dated 27.09.2024,"In Ward No. 26, Madhopura, the damaged road from Shivcharan to Bichu Gurjar, Chamunda Temple to Jagdish Jain, Chamunda Temple to Shani Mandir has been constructed by CC Temple. Road and drain improvement work.",,,,,,,,,,,,,,,,Directorate of Local Bodies UP||Ghaziabad Municipal Corporation,,,,,,"582,789.38",,2024-10-29,Directorate of Local Bodies UP||Ghaziabad Municipal Corporation,True,"{'Flood': 0, 'Embankment': 0, 'embkt': 0, 'Relief': 0, 'Erosion': 0, 'SDRF': 0, 'Inundation': 0, 'Hydrology': 0, 'Silt': 0, 'Siltation': 0, 'Bund': 0, 'Trench': 0, 'Breach': 0, 'Culvert': 0, 'Sluice': 0, 'Dyke': 0, 'Storm water drain': 0, 'Emergency': 0, 'Immediate': 0, 'IM': 0, 'AE': 0, 'A E': 0, 'AAPDA MITRA': 0, 'Bridge': 0, 'River': 0, 'Drain': 1, 'Restoration': 0, 'Protection': 0, 'irr': 0, 'irrigation': 0, 'dam': 0, 'Nallah': 0, 'Retrofitting': 0, 'Pond': 0, 'Pokhari': 0, 'D/C': 0, 'Recharge shaft': 0, 'LFB': 0, 'RFB': 0}","{'Floodlight': 0, 'Flood Light': 0, 'GAS': 0, 'FIFA': 0, 'pipe': 0, 'pipes': 0, 'covid': 0, 'supply': 0, 'Beautification': 0, 'Installation': 0}",Post-Monsoon,,False,True,Repair and Restoration,"{'improvement': 1, 'Drain': 1}"
2024_DOLBU_960606_112,026/Nirman/2024-25 Dated 27.09.2024,"Work of drain and interlocking tiles from Rajveer house to Subodh house and from Kalua house to Jugendra Singh house in Ward 30, Sadarpur.",,,,,,,,,,,,,,,,Directorate of Local Bodies UP||Ghaziabad Municipal Corporation,,,,,,"723,556.59",,2024-10-29,Directorate of Local Bodies UP||Ghaziabad Municipal Corporation,True,"{'Flood': 0, 'Embankment': 0, 'embkt': 0, 'Relief': 0, 'Erosion': 0, 'SDRF': 0, 'Inundation': 0, 'Hydrology': 0, 'Silt': 0, 'Siltation': 0, 'Bund': 0, 'Trench': 0, 'Breach': 0, 'Culvert': 0, 'Sluice': 0, 'Dyke': 0, 'Storm water drain': 0, 'Emergency': 0, 'Immediate': 0, 'IM': 0, 'AE': 0, 'A E': 0, 'AAPDA MITRA': 0, 'Bridge': 0, 'River': 0, 'Drain': 1, 'Restoration': 0, 'Protection': 0, 'irr': 0, 'irrigation': 0, 'dam': 0, 'Nallah': 0, 'Retrofitting': 0, 'Pond': 0, 'Pokhari': 0, 'D/C': 0, 'Recharge shaft': 0, 'LFB': 0, 'RFB': 0}","{'Floodlight': 0, 'Flood Light': 0, 'GAS': 0, 'FIFA': 0, 'pipe': 0, 'pipes': 0, 'covid': 0, 'supply': 0, 'Beautification': 0, 'Installation': 0}",Post-Monsoon,,False,True,Repair and Restoration,{'Drain': 1}
2024_DOLBU_959178_1,261/NPF/SFC-2024-25,Interlocking Tiles and Drain Work in  Ward No 14 from Mukesh Jatpur Home to Siyarams Home,,,,,,,,,,,,,,,,Directorate of Local Bodies UP||Nagar Panchayat Fatehabad Agra,,,,,,"1,344,583",,2024-10-24,Directorate of Local Bodies UP||Nagar Panchayat Fatehabad Agra,True,"{'Flood': 0, 'Embankment': 0, 'embkt': 0, 'Relief': 0, 'Erosion': 0, 'SDRF': 0, 'Inundation': 0, 'Hydrology': 0, 'Silt': 0, 'Siltation': 0, 'Bund': 0, 'Trench': 0, 'Breach': 0, 'Culvert': 0, 'Sluice': 0, 'Dyke': 0, 'Storm water drain': 0, 'Emergency': 0, 'Immediate': 0, 'IM': 0, 'AE': 0, 'A E': 0, 'AAPDA MITRA': 0, 'Bridge': 0, 'River': 0, 'Drain': 1, 'Restoration': 0, 'Protection': 0, 'irr': 0, 'irrigation': 0, 'dam': 0, 'Nallah': 0, 'Retrofitting': 0, 'Pond': 0, 'Pokhari': 0, 'D/C': 0, 'Recharge shaft': 0, 'LFB': 0, 'RFB': 0}","{'Floodlight': 0, 'Flood Light': 0, 'GAS': 0, 'FIFA': 0, 'pipe': 0, 'pipes': 0, 'covid': 0, 'supply': 0, 'Beautification': 0, 'Installation': 0}",Post-Monsoon,,False,True,Repair and Restoration,{'Drain': 1}
2024_DOLBU_959279_1,261/NPF/SFC-2024-25,CC work of culvert  remp at  Ward No 4 and 11 near Bhajanlal Munna Lal and near Greesh Verma Home,,,,,,,,,,,,,,,,Directorate of Local Bodies UP||Nagar Panchayat Fatehabad Agra,,,,,,"492,685.06",,2024-10-10,Directorate of Local Bodies UP||Nagar Panchayat Fatehabad Agra,True,"{'Flood': 0, 'Embankment': 0, 'embkt': 0, 'Relief': 0, 'Erosion': 0, 'SDRF': 0, 'Inundation': 0, 'Hydrology': 0, 'Silt': 0, 'Siltation': 0, 'Bund': 0, 'Trench': 0, 'Breach': 0, 'Culvert': 1, 'Sluice': 0, 'Dyke': 0, 'Storm water drain': 0, 'Emergency': 0, 'Immediate': 0, 'IM': 0, 'AE': 0, 'A E': 0, 'AAPDA MITRA': 0, 'Bridge': 0, 'River': 0, 'Drain': 0, 'Restoration': 0, 'Protection': 0, 'irr': 0, 'irrigation': 0, 'dam': 0, 'Nallah': 0, 'Retrofitting': 0, 'Pond': 0, 'Pokhari': 0, 'D/C': 0, 'Recharge shaft': 0, 'LFB': 0, 'RFB': 0}","{'Floodlight': 0, 'Flood Light': 0, 'GAS': 0, 'FIFA': 0, 'pipe': 0, 'pipes': 0, 'covid': 0, 'supply': 0, 'Beautification': 0, 'Installation': 0}",Post-Monsoon,,False,True,Others,
2024_DOLBU_957558_80,025/Nirman/2024-25 Date 19.09.2024,Construction work of damaged street / road from Kuldeep house to Himmat house and Lakhbir Wali Gali and Himmat ke Barabar Wali Gali and Vicky Mohan house to Lala Shap in Ward-02 Siddharth Vihar by interlocking tiles and drain.,,,,,,,,,,,,,,,,Directorate of Local Bodies UP||Ghaziabad Municipal Corporation,,,,,,"1,061,739.39",,2024-10-29,Directorate of Local Bodies UP||Ghaziabad Municipal Corporation,True,"{'Flood': 0, 'Embankment': 0, 'embkt': 0, 'Relief': 0, 'Erosion': 0, 'SDRF': 0, 'Inundation': 0, 'Hydrology': 0, 'Silt': 0, 'Siltation': 0, 'Bund': 0, 'Trench': 0, 'Breach': 0, 'Culvert': 0, 'Sluice': 0, 'Dyke': 0, 'Storm water drain': 0, 'Emergency': 0, 'Immediate': 0, 'IM': 0, 'AE': 0, 'A E': 0, 'AAPDA MITRA': 0, 'Bridge': 0, 'River': 0, 'Drain': 1, 'Restoration': 0, 'Protection': 0, 'irr': 0, 'irrigation': 0, 'dam': 0, 'Nallah': 0, 'Retrofitting': 0, 'Pond': 0, 'Pokhari': 0, 'D/C': 0, 'Recharge shaft': 0, 'LFB': 0, 'RFB': 0}","{'Floodlight': 0, 'Flood Light': 0, 'GAS': 0, 'FIFA': 0, 'pipe': 0, 'pipes': 0, 'covid': 0, 'supply': 0, 'Beautification': 0, 'Installation': 0}",Post-Monsoon,,False,True,Repair and Restoration,"{'Construction': 1, 'Drain': 1}"
2024_DOLBU_957558_65,025/Nirman/2024-25 Date 19.09.2024,Work of drain and interlocking tiles from house of Mahesh Tyagi to house of Raje Sharma in Ward-16 Morta.,,,,,,,,,,,,,,,,Directorate of Local Bodies UP||Ghaziabad Municipal Corporation,,,,,,"1,058,331.79",,2024-10-25,Directorate of Local Bodies UP||Ghaziabad Municipal Corporation,True,"{'Flood': 0, 'Embankment': 0, 'embkt': 0, 'Relief': 0, 'Erosion': 0, 'SDRF': 0, 'Inundation': 0, 'Hydrology': 0, 'Silt': 0, 'Siltation': 0, 'Bund': 0, 'Trench': 0, 'Breach': 0, 'Culvert': 0, 'Sluice': 0, 'Dyke': 0, 'Storm water drain': 0, 'Emergency': 0, 'Immediate': 0, 'IM': 0, 'AE': 0, 'A E': 0, 'AAPDA MITRA': 0, 'Bridge': 0, 'River': 0, 'Drain': 1, 'Restoration': 0, 'Protection': 0, 'irr': 0, 'irrigation': 0, 'dam': 0, 'Nallah': 0, 'Retrofitting': 0, 'Pond': 0, 'Pokhari': 0, 'D/C': 0, 'Recharge shaft': 0, 'LFB': 0, 'RFB': 0}","{'Floodlight': 0, 'Flood Light': 0, 'GAS': 0, 'FIFA': 0, 'pipe': 0, 'pipes': 0, 'covid': 0, 'supply': 0, 'Beautification': 0, 'Installation': 0}",Post-Monsoon,,False,True,Repair and Restoration,{'Drain': 1}
2024_DOLBU_957558_65,025/Nirman/2024-25 Date 19.09.2024,Work of drain and interlocking tiles from house of Mahesh Tyagi to house of Raje Sharma in Ward-16 Morta.,,,,,,,,,,,,,,,,Directorate of Local Bodies UP||Ghaziabad Municipal Corporation,,,,,,"1,058,331.79",,2024-10-25,Directorate of Local Bodies UP||Ghaziabad Municipal Corporation,True,"{'Flood': 0, 'Embankment': 0, 'embkt': 0, 'Relief': 0, 'Erosion': 0, 'SDRF': 0, 'Inundation': 0, 'Hydrology': 0, 'Silt': 0, 'Siltation': 0, 'Bund': 0, 'Trench': 0, 'Breach': 0, 'Culvert': 0, 'Sluice': 0, 'Dyke': 0, 'Storm water drain': 0, 'Emergency': 0, 'Immediate': 0, 'IM': 0, 'AE': 0, 'A E': 0, 'AAPDA MITRA': 0, 'Bridge': 0, 'River': 0, 'Drain': 1, 'Restoration': 0, 'Protection': 0, 'irr': 0, 'irrigation': 0, 'dam': 0, 'Nallah': 0, 'Retrofitting': 0, 'Pond': 0, 'Pokhari': 0, 'D/C': 0, 'Recharge shaft': 0, 'LFB': 0, 'RFB': 0}","{'Floodlight': 0, 'Flood Light': 0, 'GAS': 0, 'FIFA': 0, 'pipe': 0, 'pipes': 0, 'covid': 0, 'supply': 0, 'Beautification': 0, 'Installation': 0}",Post-Monsoon,,False,True,Repair and Restoration,{'Drain': 1}
2024_DOLBU_957558_71,025/Nirman/2024-25 Date 19.09.2024,"Work of drain and interlocking tiles from B-15 to B-105 in Ward-47, Mahendra Enclave.",,,,,,,,,,,,,,,,Directorate of Local Bodies UP||Ghaziabad Municipal Corporation,,,,,,"1,618,120.01",,2024-10-26,Directorate of Local Bodies UP||Ghaziabad Municipal Corporation,True,"{'Flood': 0, 'Embankment': 0, 'embkt': 0, 'Relief': 0, 'Erosion': 0, 'SDRF': 0, 'Inundation': 0, 'Hydrology': 0, 'Silt': 0, 'Siltation': 0, 'Bund': 0, 'Trench': 0, 'Breach': 0, 'Culvert': 0, 'Sluice': 0, 'Dyke': 0, 'Storm water drain': 0, 'Emergency': 0, 'Immediate': 0, 'IM': 0, 'AE': 0, 'A E': 0, 'AAPDA MITRA': 0, 'Bridge': 0, 'River': 0, 'Drain': 1, 'Restoration': 0, 'Protection': 0, 'irr': 0, 'irrigation': 0, 'dam': 0, 'Nallah': 0, 'Retrofitting': 0, 'Pond': 0, 'Pokhari': 0, 'D/C': 0, 'Recharge shaft': 0, 'LFB': 0, 'RFB': 0}","{'Floodlight': 0, 'Flood Light': 0, 'GAS': 0, 'FIFA': 0, 'pipe': 0, 'pipes': 0, 'covid': 0, 'supply': 0, 'Beautification': 0, 'Installation': 0}",Post-Monsoon,,False,True,Repair and Restoration,{'Drain': 1}
2024_DOLBU_957558_76,025/Nirman/2024-25 Date 19.09.2024,"Work of drain and interlocking tiles from Primary School to Baljagat School in Ward-16, Sikrod Village.",,,,,,,,,,,,,,,,Directorate of Local Bodies UP||Ghaziabad Municipal Corporation,,,,,,"1,954,271.18",,2024-10-26,Directorate of Local Bodies UP||Ghaziabad Municipal Corporation,True,"{'Flood': 0, 'Embankment': 0, 'embkt': 0, 'Relief': 0, 'Erosion': 0, 'SDRF': 0, 'Inundation': 0, 'Hydrology': 0, 'Silt': 0, 'Siltation': 0, 'Bund': 0, 'Trench': 0, 'Breach': 0, 'Culvert': 0, 'Sluice': 0, 'Dyke': 0, 'Storm water drain': 0, 'Emergency': 0, 'Immediate': 0, 'IM': 0, 'AE': 0, 'A E': 0, 'AAPDA MITRA': 0, 'Bridge': 0, 'River': 0, 'Drain': 1, 'Restoration': 0, 'Protection': 0, 'irr': 0, 'irrigation': 0, 'dam': 0, 'Nallah': 0, 'Retrofitting': 0, 'Pond': 0, 'Pokhari': 0, 'D/C': 0, 'Recharge shaft': 0, 'LFB': 0, 'RFB': 0}","{'Floodlight': 0, 'Flood Light': 0, 'GAS': 0, 'FIFA': 0, 'pipe': 0, 'pipes': 0, 'covid': 0, 'supply': 0, 'Beautification': 0, 'Installation': 0}",Post-Monsoon,,False,True,Repair and Restoration,{'Drain': 1}
2024_DOLBU_957558_76,025/Nirman/2024-25 Date 19.09.2024,"Work of drain and interlocking tiles from Primary School to Baljagat School in Ward-16, Sikrod Village.",,,,,,,,,,,,,,,,Directorate of Local Bodies UP||Ghaziabad Municipal Corporation,,,,,,"1,954,271.18",,2024-10-26,Directorate of Local Bodies UP||Ghaziabad Municipal Corporation,True,"{'Flood': 0, 'Embankment': 0, 'embkt': 0, 'Relief': 0, 'Erosion': 0, 'SDRF': 0, 'Inundation': 0, 'Hydrology': 0, 'Silt': 0, 'Siltation': 0, 'Bund': 0, 'Trench': 0, 'Breach': 0, 'Culvert': 0, 'Sluice': 0, 'Dyke': 0, 'Storm water drain': 0, 'Emergency': 0, 'Immediate': 0, 'IM': 0, 'AE': 0, 'A E': 0, 'AAPDA MITRA': 0, 'Bridge': 0, 'River': 0, 'Drain': 1, 'Restoration': 0, 'Protection': 0, 'irr': 0, 'irrigation': 0, 'dam': 0, 'Nallah': 0, 'Retrofitting': 0, 'Pond': 0, 'Pokhari': 0, 'D/C': 0, 'Recharge shaft': 0, 'LFB': 0, 'RFB': 0}","{'Floodlight': 0, 'Flood Light': 0, 'GAS': 0, 'FIFA': 0, 'pipe': 0, 'pipes': 0, 'covid': 0, 'supply': 0, 'Beautification': 0, 'Installation': 0}",Post-Monsoon,,False,True,Repair and Restoration,{'Drain': 1}
2024_DOLBU_957558_288,025/Nirman/2024-25 Date 19.09.2024,"In Ward-93, Kaila Bhatt, from Zaheer house to Arif, Liaquat, Bittu house to Pappu house, R.C.C. is closed. Construction of drain.",,,,,,,,,,,,,,,,Directorate of Local Bodies UP||Ghaziabad Municipal Corporation,,,,,,"1,592,368",,2024-10-25,Directorate of Local Bodies UP||Ghaziabad Municipal Corporation,True,"{'Flood': 0, 'Embankment': 0, 'embkt': 0, 'Relief': 0, 'Erosion': 0, 'SDRF': 0, 'Inundation': 0, 'Hydrology': 0, 'Silt': 0, 'Siltation': 0, 'Bund': 0, 'Trench': 0, 'Breach': 0, 'Culvert': 0, 'Sluice': 0, 'Dyke': 0, 'Storm water drain': 0, 'Emergency': 0, 'Immediate': 0, 'IM': 0, 'AE': 0, 'A E': 0, 'AAPDA MITRA': 0, 'Bridge': 0, 'River': 0, 'Drain': 1, 'Restoration': 0, 'Protection': 0, 'irr': 0, 'irrigation': 0, 'dam': 0, 'Nallah': 0, 'Retrofitting': 0, 'Pond': 0, 'Pokhari': 0, 'D/C': 0, 'Recharge shaft': 0, 'LFB': 0, 'RFB': 0}","{'Floodlight': 0, 'Flood Light': 0, 'GAS': 0, 'FIFA': 0, 'pipe': 0, 'pipes': 0, 'covid': 0, 'supply': 0, 'Beautification': 0, 'Installation': 0}",Post-Monsoon,,False,True,Repair and Restoration,"{'Construction': 1, 'Drain': 1}"
2024_DOLBU_957558_307,025/Nirman/2024-25 Date 19.09.2024,"In Ward 90 Shaheednagar, in street no. 03, from Haji Manzoor house to Sifian Masjid, the damaged street drain and CC was damaged. Construction of Road.",,,,,,,,,,,,,,,,Directorate of Local Bodies UP||Ghaziabad Municipal Corporation,,,,,,"880,254.68",,2024-10-21,Directorate of Local Bodies UP||Ghaziabad Municipal Corporation,True,"{'Flood': 0, 'Embankment': 0, 'embkt': 0, 'Relief': 0, 'Erosion': 0, 'SDRF': 0, 'Inundation': 0, 'Hydrology': 0, 'Silt': 0, 'Siltation': 0, 'Bund': 0, 'Trench': 0, 'Breach': 0, 'Culvert': 0, 'Sluice': 0, 'Dyke': 0, 'Storm water drain': 0, 'Emergency': 0, 'Immediate': 0, 'IM': 0, 'AE': 0, 'A E': 0, 'AAPDA MITRA': 0, 'Bridge': 0, 'River': 0, 'Drain': 1, 'Restoration': 0, 'Protection': 0, 'irr': 0, 'irrigation': 0, 'dam': 0, 'Nallah': 0, 'Retrofitting': 0, 'Pond': 0, 'Pokhari': 0, 'D/C': 0, 'Recharge shaft': 0, 'LFB': 0, 'RFB': 0}","{'Floodlight': 0, 'Flood Light': 0, 'GAS': 0, 'FIFA': 0, 'pipe': 0, 'pipes': 0, 'covid': 0, 'supply': 0, 'Beautification': 0, 'Installation': 0}",Post-Monsoon,,False,True,Repair and Restoration,"{'Construction': 1, 'Drain': 1}"
2024_DOLBU_957558_308,025/Nirman/2024-25 Date 19.09.2024,"In Ward 90 Shaheednagar, in street no. 03 from Sifian Masjid to Park, drain and CC in damaged street and CC Construction of Road.",,,,,,,,,,,,,,,,Directorate of Local Bodies UP||Ghaziabad Municipal Corporation,,,,,,"928,339",,2024-10-21,Directorate of Local Bodies UP||Ghaziabad Municipal Corporation,True,"{'Flood': 0, 'Embankment': 0, 'embkt': 0, 'Relief': 0, 'Erosion': 0, 'SDRF': 0, 'Inundation': 0, 'Hydrology': 0, 'Silt': 0, 'Siltation': 0, 'Bund': 0, 'Trench': 0, 'Breach': 0, 'Culvert': 0, 'Sluice': 0, 'Dyke': 0, 'Storm water drain': 0, 'Emergency': 0, 'Immediate': 0, 'IM': 0, 'AE': 0, 'A E': 0, 'AAPDA MITRA': 0, 'Bridge': 0, 'River': 0, 'Drain': 1, 'Restoration': 0, 'Protection': 0, 'irr': 0, 'irrigation': 0, 'dam': 0, 'Nallah': 0, 'Retrofitting': 0, 'Pond': 0, 'Pokhari': 0, 'D/C': 0, 'Recharge shaft': 0, 'LFB': 0, 'RFB': 0}","{'Floodlight': 0, 'Flood Light': 0, 'GAS': 0, 'FIFA': 0, 'pipe': 0, 'pipes': 0, 'covid': 0, 'supply': 0, 'Beautification': 0, 'Installation': 0}",Post-Monsoon,,False,True,Repair and Restoration,"{'Construction': 1, 'Drain': 1}"
2024_DOLBU_957558_309,025/Nirman/2024-25 Date 19.09.2024,"In Ward 90 Shaheednagar, street no. 03 in side street Salim Wali, Israr Wali, Wasim Wali, and Anees quilted damaged streets have drain and CC drain. Construction of Road.",,,,,,,,,,,,,,,,Directorate of Local Bodies UP||Ghaziabad Municipal Corporation,,,,,,"742,916.49",,2024-10-21,Directorate of Local Bodies UP||Ghaziabad Municipal Corporation,True,"{'Flood': 0, 'Embankment': 0, 'embkt': 0, 'Relief': 0, 'Erosion': 0, 'SDRF': 0, 'Inundation': 0, 'Hydrology': 0, 'Silt': 0, 'Siltation': 0, 'Bund': 0, 'Trench': 0, 'Breach': 0, 'Culvert': 0, 'Sluice': 0, 'Dyke': 0, 'Storm water drain': 0, 'Emergency': 0, 'Immediate': 0, 'IM': 0, 'AE': 0, 'A E': 0, 'AAPDA MITRA': 0, 'Bridge': 0, 'River': 0, 'Drain': 2, 'Restoration': 0, 'Protection': 0, 'irr': 0, 'irrigation': 0, 'dam': 0, 'Nallah': 0, 'Retrofitting': 0, 'Pond': 0, 'Pokhari': 0, 'D/C': 0, 'Recharge shaft': 0, 'LFB': 0, 'RFB': 0}","{'Floodlight': 0, 'Flood Light': 0, 'GAS': 0, 'FIFA': 0, 'pipe': 0, 'pipes': 0, 'covid': 0, 'supply': 0, 'Beautification': 0, 'Installation': 0}",Post-Monsoon,,False,True,Repair and Restoration,"{'Construction': 1, 'Drain': 2}"
2024_DOLBU_957558_312,025/Nirman/2024-25 Date 19.09.2024,"Construction work of CC road and drain from Shailendra Tyagi shop to Sanjeev (Jai Vishwakarma) shop in Ward-31, Sihani.",,,,,,,,,,,,,,,,Directorate of Local Bodies UP||Ghaziabad Municipal Corporation,,,,,,"627,577.47",,2024-10-26,Directorate of Local Bodies UP||Ghaziabad Municipal Corporation,True,"{'Flood': 0, 'Embankment': 0, 'embkt': 0, 'Relief': 0, 'Erosion': 0, 'SDRF': 0, 'Inundation': 0, 'Hydrology': 0, 'Silt': 0, 'Siltation': 0, 'Bund': 0, 'Trench': 0, 'Breach': 0, 'Culvert': 0, 'Sluice': 0, 'Dyke': 0, 'Storm water drain': 0, 'Emergency': 0, 'Immediate': 0, 'IM': 0, 'AE': 0, 'A E': 0, 'AAPDA MITRA': 0, 'Bridge': 0, 'River': 0, 'Drain': 1, 'Restoration': 0, 'Protection': 0, 'irr': 0, 'irrigation': 0, 'dam': 0, 'Nallah': 0, 'Retrofitting': 0, 'Pond': 0, 'Pokhari': 0, 'D/C': 0, 'Recharge shaft': 0, 'LFB': 0, 'RFB': 0}","{'Floodlight': 0, 'Flood Light': 0, 'GAS': 0, 'FIFA': 0, 'pipe': 0, 'pipes': 0, 'covid': 0, 'supply': 0, 'Beautification': 0, 'Installation': 0}",Post-Monsoon,,False,True,Repair and Restoration,"{'Construction': 1, 'Drain': 1}"
2024_DOLBU_957558_190,025/Nirman/2024-25 Date 19.09.2024,"In Ward-50, Saddiknagar, from Satish Chandra house to Sachin house and from Dwipt Chand house to Mahesh Sharma house R.K. Nagar passed through R.K. Singh. Drain up to Sharma C.C. Road Work.",,,,,,,,,,,,,,,,Directorate of Local Bodies UP||Ghaziabad Municipal Corporation,,,,,,"726,266.29",,2024-10-29,Directorate of Local Bodies UP||Ghaziabad Municipal Corporation,True,"{'Flood': 0, 'Embankment': 0, 'embkt': 0, 'Relief': 0, 'Erosion': 0, 'SDRF': 0, 'Inundation': 0, 'Hydrology': 0, 'Silt': 0, 'Siltation': 0, 'Bund': 0, 'Trench': 0, 'Breach': 0, 'Culvert': 0, 'Sluice': 0, 'Dyke': 0, 'Storm water drain': 0, 'Emergency': 0, 'Immediate': 0, 'IM': 0, 'AE': 0, 'A E': 0, 'AAPDA MITRA': 0, 'Bridge': 0, 'River': 0, 'Drain': 1, 'Restoration': 0, 'Protection': 0, 'irr': 0, 'irrigation': 0, 'dam': 0, 'Nallah': 0, 'Retrofitting': 0, 'Pond': 0, 'Pokhari': 0, 'D/C': 0, 'Recharge shaft': 0, 'LFB': 0, 'RFB': 0}","{'Floodlight': 0, 'Flood Light': 0, 'GAS': 0, 'FIFA': 0, 'pipe': 0, 'pipes': 0, 'covid': 0, 'supply': 0, 'Beautification': 0, 'Installation': 0}",Post-Monsoon,,False,True,Repair and Restoration,{'Drain': 1}
2024_DOLBU_957558_208,025/Nirman/2024-25 Date 19.09.2024,"Ward-59, Old City Chandrapuri Shalimar Pants, near Rajkumar and Rajbir and Chaudhary Chaiwala and Navyug Market near State Bank and Stationery Shop at various places drain repair and interlocking tiles on side track.",,,,,,,,,,,,,,,,Directorate of Local Bodies UP||Ghaziabad Municipal Corporation,,,,,,"1,409,451.13",,2024-10-29,Directorate of Local Bodies UP||Ghaziabad Municipal Corporation,True,"{'Flood': 0, 'Embankment': 0, 'embkt': 0, 'Relief': 0, 'Erosion': 0, 'SDRF': 0, 'Inundation': 0, 'Hydrology': 0, 'Silt': 0, 'Siltation': 0, 'Bund': 0, 'Trench': 0, 'Breach': 0, 'Culvert': 0, 'Sluice': 0, 'Dyke': 0, 'Storm water drain': 0, 'Emergency': 0, 'Immediate': 0, 'IM': 0, 'AE': 0, 'A E': 0, 'AAPDA MITRA': 0, 'Bridge': 0, 'River': 0, 'Drain': 1, 'Restoration': 0, 'Protection': 0, 'irr': 0, 'irrigation': 0, 'dam': 0, 'Nallah': 0, 'Retrofitting': 0, 'Pond': 0, 'Pokhari': 0, 'D/C': 0, 'Recharge shaft': 0, 'LFB': 0, 'RFB': 0}","{'Floodlight': 0, 'Flood Light': 0, 'GAS': 0, 'FIFA': 0, 'pipe': 0, 'pipes': 0, 'covid': 0, 'supply': 0, 'Beautification': 0, 'Installation': 0}",Post-Monsoon,,False,True,Repair and Restoration,"{'repair': 1, 'Drain': 1}"
2024_DOLBU_957558_143,025/Nirman/2024-25 Date 19.09.2024,"Construction work of drain and interlocking tiles from Lakhram to Pappu and from Subhash Tyagi to Nandu Tyagi mode and from Gaurav Tyagi to Naveen Tyagi house in Ward-31, Sihani.",,,,,,,,,,,,,,,,Directorate of Local Bodies UP||Ghaziabad Municipal Corporation,,,,,,"1,270,417.78",,2024-10-25,Directorate of Local Bodies UP||Ghaziabad Municipal Corporation,True,"{'Flood': 0, 'Embankment': 0, 'embkt': 0, 'Relief': 0, 'Erosion': 0, 'SDRF': 0, 'Inundation': 0, 'Hydrology': 0, 'Silt': 0, 'Siltation': 0, 'Bund': 0, 'Trench': 0, 'Breach': 0, 'Culvert': 0, 'Sluice': 0, 'Dyke': 0, 'Storm water drain': 0, 'Emergency': 0, 'Immediate': 0, 'IM': 0, 'AE': 0, 'A E': 0, 'AAPDA MITRA': 0, 'Bridge': 0, 'River': 0, 'Drain': 1, 'Restoration': 0, 'Protection': 0, 'irr': 0, 'irrigation': 0, 'dam': 0, 'Nallah': 0, 'Retrofitting': 0, 'Pond': 0, 'Pokhari': 0, 'D/C': 0, 'Recharge shaft': 0, 'LFB': 0, 'RFB': 0}","{'Floodlight': 0, 'Flood Light': 0, 'GAS': 0, 'FIFA': 0, 'pipe': 0, 'pipes': 0, 'covid': 0, 'supply': 0, 'Beautification': 0, 'Installation': 0}",Post-Monsoon,,False,True,Repair and Restoration,"{'Construction': 1, 'Drain': 1}"
2024_DOLBU_957558_157,025/Nirman/2024-25 Date 19.09.2024,Construction work by drain and interlocking tiles and CC from Babli Chauhan house to Salim Bhai property in ward 37 Shalimar Garden .,,,,,,,,,,,,,,,,Directorate of Local Bodies UP||Ghaziabad Municipal Corporation,,,,,,"919,330.38",,2024-10-25,Directorate of Local Bodies UP||Ghaziabad Municipal Corporation,True,"{'Flood': 0, 'Embankment': 0, 'embkt': 0, 'Relief': 0, 'Erosion': 0, 'SDRF': 0, 'Inundation': 0, 'Hydrology': 0, 'Silt': 0, 'Siltation': 0, 'Bund': 0, 'Trench': 0, 'Breach': 0, 'Culvert': 0, 'Sluice': 0, 'Dyke': 0, 'Storm water drain': 0, 'Emergency': 0, 'Immediate': 0, 'IM': 0, 'AE': 0, 'A E': 0, 'AAPDA MITRA': 0, 'Bridge': 0, 'River': 0, 'Drain': 1, 'Restoration': 0, 'Protection': 0, 'irr': 0, 'irrigation': 0, 'dam': 0, 'Nallah': 0, 'Retrofitting': 0, 'Pond': 0, 'Pokhari': 0, 'D/C': 0, 'Recharge shaft': 0, 'LFB': 0, 'RFB': 0}","{'Floodlight': 0, 'Flood Light': 0, 'GAS': 0, 'FIFA': 0, 'pipe': 0, 'pipes': 0, 'covid': 0, 'supply': 0, 'Beautification': 0, 'Installation': 0}",Post-Monsoon,,False,True,Repair and Restoration,"{'Construction': 1, 'Drain': 1}"
2024_DOLBU_957558_157,025/Nirman/2024-25 Date 19.09.2024,Construction work by drain and interlocking tiles and CC from Babli Chauhan house to Salim Bhai property in ward 37 Shalimar Garden .,,,,,,,,,,,,,,,,Directorate of Local Bodies UP||Ghaziabad Municipal Corporation,,,,,,"919,330.38",,2024-10-25,Directorate of Local Bodies UP||Ghaziabad Municipal Corporation,True,"{'Flood': 0, 'Embankment': 0, 'embkt': 0, 'Relief': 0, 'Erosion': 0, 'SDRF': 0, 'Inundation': 0, 'Hydrology': 0, 'Silt': 0, 'Siltation': 0, 'Bund': 0, 'Trench': 0, 'Breach': 0, 'Culvert': 0, 'Sluice': 0, 'Dyke': 0, 'Storm water drain': 0, 'Emergency': 0, 'Immediate': 0, 'IM': 0, 'AE': 0, 'A E': 0, 'AAPDA MITRA': 0, 'Bridge': 0, 'River': 0, 'Drain': 1, 'Restoration': 0, 'Protection': 0, 'irr': 0, 'irrigation': 0, 'dam': 0, 'Nallah': 0, 'Retrofitting': 0, 'Pond': 0, 'Pokhari': 0, 'D/C': 0, 'Recharge shaft': 0, 'LFB': 0, 'RFB': 0}","{'Floodlight': 0, 'Flood Light': 0, 'GAS': 0, 'FIFA': 0, 'pipe': 0, 'pipes': 0, 'covid': 0, 'supply': 0, 'Beautification': 0, 'Installation': 0}",Post-Monsoon,,False,True,Repair and Restoration,"{'Construction': 1, 'Drain': 1}"
2024_DOLBU_957558_157,025/Nirman/2024-25 Date 19.09.2024,Construction work by drain and interlocking tiles and CC from Babli Chauhan house to Salim Bhai property in ward 37 Shalimar Garden .,,,,,,,,,,,,,,,,Directorate of Local Bodies UP||Ghaziabad Municipal Corporation,,,,,,"919,330.38",,2024-10-25,Directorate of Local Bodies UP||Ghaziabad Municipal Corporation,True,"{'Flood': 0, 'Embankment': 0, 'embkt': 0, 'Relief': 0, 'Erosion': 0, 'SDRF': 0, 'Inundation': 0, 'Hydrology': 0, 'Silt': 0, 'Siltation': 0, 'Bund': 0, 'Trench': 0, 'Breach': 0, 'Culvert': 0, 'Sluice': 0, 'Dyke': 0, 'Storm water drain': 0, 'Emergency': 0, 'Immediate': 0, 'IM': 0, 'AE': 0, 'A E': 0, 'AAPDA MITRA': 0, 'Bridge': 0, 'River': 0, 'Drain': 1, 'Restoration': 0, 'Protection': 0, 'irr': 0, 'irrigation': 0, 'dam': 0, 'Nallah': 0, 'Retrofitting': 0, 'Pond': 0, 'Pokhari': 0, 'D/C': 0, 'Recharge shaft': 0, 'LFB': 0, 'RFB': 0}","{'Floodlight': 0, 'Flood Light': 0, 'GAS': 0, 'FIFA': 0, 'pipe': 0, 'pipes': 0, 'covid': 0, 'supply': 0, 'Beautification': 0, 'Installation': 0}",Post-Monsoon,,False,True,Repair and Restoration,"{'Construction': 1, 'Drain': 1}"
2024_DOLBU_957558_177,025/Nirman/2024-25 Date 19.09.2024,Work of drain and interlocking tiles in damaged street from house of Dhaniram to house of Monu in Chitrakoot Colony of Ward 44 Sanjay Colony.,,,,,,,,,,,,,,,,Directorate of Local Bodies UP||Ghaziabad Municipal Corporation,,,,,,"784,740",,2024-10-25,Directorate of Local Bodies UP||Ghaziabad Municipal Corporation,True,"{'Flood': 0, 'Embankment': 0, 'embkt': 0, 'Relief': 0, 'Erosion': 0, 'SDRF': 0, 'Inundation': 0, 'Hydrology': 0, 'Silt': 0, 'Siltation': 0, 'Bund': 0, 'Trench': 0, 'Breach': 0, 'Culvert': 0, 'Sluice': 0, 'Dyke': 0, 'Storm water drain': 0, 'Emergency': 0, 'Immediate': 0, 'IM': 0, 'AE': 0, 'A E': 0, 'AAPDA MITRA': 0, 'Bridge': 0, 'River': 0, 'Drain': 1, 'Restoration': 0, 'Protection': 0, 'irr': 0, 'irrigation': 0, 'dam': 0, 'Nallah': 0, 'Retrofitting': 0, 'Pond': 0, 'Pokhari': 0, 'D/C': 0, 'Recharge shaft': 0, 'LFB': 0, 'RFB': 0}","{'Floodlight': 0, 'Flood Light': 0, 'GAS': 0, 'FIFA': 0, 'pipe': 0, 'pipes': 0, 'covid': 0, 'supply': 0, 'Beautification': 0, 'Installation': 0}",Post-Monsoon,,False,True,Repair and Restoration,{'Drain': 1}
2024_DOLBU_957558_177,025/Nirman/2024-25 Date 19.09.2024,Work of drain and interlocking tiles in damaged street from house of Dhaniram to house of Monu in Chitrakoot Colony of Ward 44 Sanjay Colony.,,,,,,,,,,,,,,,,Directorate of Local Bodies UP||Ghaziabad Municipal Corporation,,,,,,"784,740",,2024-10-25,Directorate of Local Bodies UP||Ghaziabad Municipal Corporation,True,"{'Flood': 0, 'Embankment': 0, 'embkt': 0, 'Relief': 0, 'Erosion': 0, 'SDRF': 0, 'Inundation': 0, 'Hydrology': 0, 'Silt': 0, 'Siltation': 0, 'Bund': 0, 'Trench': 0, 'Breach': 0, 'Culvert': 0, 'Sluice': 0, 'Dyke': 0, 'Storm water drain': 0, 'Emergency': 0, 'Immediate': 0, 'IM': 0, 'AE': 0, 'A E': 0, 'AAPDA MITRA': 0, 'Bridge': 0, 'River': 0, 'Drain': 1, 'Restoration': 0, 'Protection': 0, 'irr': 0, 'irrigation': 0, 'dam': 0, 'Nallah': 0, 'Retrofitting': 0, 'Pond': 0, 'Pokhari': 0, 'D/C': 0, 'Recharge shaft': 0, 'LFB': 0, 'RFB': 0}","{'Floodlight': 0, 'Flood Light': 0, 'GAS': 0, 'FIFA': 0, 'pipe': 0, 'pipes': 0, 'covid': 0, 'supply': 0, 'Beautification': 0, 'Installation': 0}",Post-Monsoon,,False,True,Repair and Restoration,{'Drain': 1}
2024_DOLBU_957558_182,025/Nirman/2024-25 Date 19.09.2024,Construction work from Brijpal Singh house to Vinod house in ward 45 Karhaida by drain and interlocking tiles in damaged street .,,,,,,,,,,,,,,,,Directorate of Local Bodies UP||Ghaziabad Municipal Corporation,,,,,,"1,349,329",,2024-10-25,Directorate of Local Bodies UP||Ghaziabad Municipal Corporation,True,"{'Flood': 0, 'Embankment': 0, 'embkt': 0, 'Relief': 0, 'Erosion': 0, 'SDRF': 0, 'Inundation': 0, 'Hydrology': 0, 'Silt': 0, 'Siltation': 0, 'Bund': 0, 'Trench': 0, 'Breach': 0, 'Culvert': 0, 'Sluice': 0, 'Dyke': 0, 'Storm water drain': 0, 'Emergency': 0, 'Immediate': 0, 'IM': 0, 'AE': 0, 'A E': 0, 'AAPDA MITRA': 0, 'Bridge': 0, 'River': 0, 'Drain': 1, 'Restoration': 0, 'Protection': 0, 'irr': 0, 'irrigation': 0, 'dam': 0, 'Nallah': 0, 'Retrofitting': 0, 'Pond': 0, 'Pokhari': 0, 'D/C': 0, 'Recharge shaft': 0, 'LFB': 0, 'RFB': 0}","{'Floodlight': 0, 'Flood Light': 0, 'GAS': 0, 'FIFA': 0, 'pipe': 0, 'pipes': 0, 'covid': 0, 'supply': 0, 'Beautification': 0, 'Installation': 0}",Post-Monsoon,,False,True,Repair and Restoration,"{'Construction': 1, 'Drain': 1}"
2024_DOLBU_957558_182,025/Nirman/2024-25 Date 19.09.2024,Construction work from Brijpal Singh house to Vinod house in ward 45 Karhaida by drain and interlocking tiles in damaged street .,,,,,,,,,,,,,,,,Directorate of Local Bodies UP||Ghaziabad Municipal Corporation,,,,,,"1,349,329",,2024-10-25,Directorate of Local Bodies UP||Ghaziabad Municipal Corporation,True,"{'Flood': 0, 'Embankment': 0, 'embkt': 0, 'Relief': 0, 'Erosion': 0, 'SDRF': 0, 'Inundation': 0, 'Hydrology': 0, 'Silt': 0, 'Siltation': 0, 'Bund': 0, 'Trench': 0, 'Breach': 0, 'Culvert': 0, 'Sluice': 0, 'Dyke': 0, 'Storm water drain': 0, 'Emergency': 0, 'Immediate': 0, 'IM': 0, 'AE': 0, 'A E': 0, 'AAPDA MITRA': 0, 'Bridge': 0, 'River': 0, 'Drain': 1, 'Restoration': 0, 'Protection': 0, 'irr': 0, 'irrigation': 0, 'dam': 0, 'Nallah': 0, 'Retrofitting': 0, 'Pond': 0, 'Pokhari': 0, 'D/C': 0, 'Recharge shaft': 0, 'LFB': 0, 'RFB': 0}","{'Floodlight': 0, 'Flood Light': 0, 'GAS': 0, 'FIFA': 0, 'pipe': 0, 'pipes': 0, 'covid': 0, 'supply': 0, 'Beautification': 0, 'Installation': 0}",Post-Monsoon,,False,True,Repair and Restoration,"{'Construction': 1, 'Drain': 1}"
2024_DOLBU_957558_189,025/Nirman/2024-25 Date 19.09.2024,"In Ward-50, Saddiknagar, drain and CC from Rakesh Tyagi to Ravindra Tyagi and from Subodh Tyagi to Vinod and Neeraj Tyagi and from Amarnath Tyagi to Sushil Tyagi and Surendra Tyagi to Neeraj Tyagi. Road Work.",,,,,,,,,,,,,,,,Directorate of Local Bodies UP||Ghaziabad Municipal Corporation,,,,,,"739,266.53",,2024-10-25,Directorate of Local Bodies UP||Ghaziabad Municipal Corporation,True,"{'Flood': 0, 'Embankment': 0, 'embkt': 0, 'Relief': 0, 'Erosion': 0, 'SDRF': 0, 'Inundation': 0, 'Hydrology': 0, 'Silt': 0, 'Siltation': 0, 'Bund': 0, 'Trench': 0, 'Breach': 0, 'Culvert': 0, 'Sluice': 0, 'Dyke': 0, 'Storm water drain': 0, 'Emergency': 0, 'Immediate': 0, 'IM': 0, 'AE': 0, 'A E': 0, 'AAPDA MITRA': 0, 'Bridge': 0, 'River': 0, 'Drain': 1, 'Restoration': 0, 'Protection': 0, 'irr': 0, 'irrigation': 0, 'dam': 0, 'Nallah': 0, 'Retrofitting': 0, 'Pond': 0, 'Pokhari': 0, 'D/C': 0, 'Recharge shaft': 0, 'LFB': 0, 'RFB': 0}","{'Floodlight': 0, 'Flood Light': 0, 'GAS': 0, 'FIFA': 0, 'pipe': 0, 'pipes': 0, 'covid': 0, 'supply': 0, 'Beautification': 0, 'Installation': 0}",Post-Monsoon,,False,True,Repair and Restoration,{'Drain': 1}
2024_DOLBU_957558_189,025/Nirman/2024-25 Date 19.09.2024,"In Ward-50, Saddiknagar, drain and CC from Rakesh Tyagi to Ravindra Tyagi and from Subodh Tyagi to Vinod and Neeraj Tyagi and from Amarnath Tyagi to Sushil Tyagi and Surendra Tyagi to Neeraj Tyagi. Road Work.",,,,,,,,,,,,,,,,Directorate of Local Bodies UP||Ghaziabad Municipal Corporation,,,,,,"739,266.53",,2024-10-25,Directorate of Local Bodies UP||Ghaziabad Municipal Corporation,True,"{'Flood': 0, 'Embankment': 0, 'embkt': 0, 'Relief': 0, 'Erosion': 0, 'SDRF': 0, 'Inundation': 0, 'Hydrology': 0, 'Silt': 0, 'Siltation': 0, 'Bund': 0, 'Trench': 0, 'Breach': 0, 'Culvert': 0, 'Sluice': 0, 'Dyke': 0, 'Storm water drain': 0, 'Emergency': 0, 'Immediate': 0, 'IM': 0, 'AE': 0, 'A E': 0, 'AAPDA MITRA': 0, 'Bridge': 0, 'River': 0, 'Drain': 1, 'Restoration': 0, 'Protection': 0, 'irr': 0, 'irrigation': 0, 'dam': 0, 'Nallah': 0, 'Retrofitting': 0, 'Pond': 0, 'Pokhari': 0, 'D/C': 0, 'Recharge shaft': 0, 'LFB': 0, 'RFB': 0}","{'Floodlight': 0, 'Flood Light': 0, 'GAS': 0, 'FIFA': 0, 'pipe': 0, 'pipes': 0, 'covid': 0, 'supply': 0, 'Beautification': 0, 'Installation': 0}",Post-Monsoon,,False,True,Repair and Restoration,{'Drain': 1}
2024_UPPAN_939798_1,"19595/PAN/ET/24-25, DT. 19-07-2024","CONSTRUCTION OF EMERGENCY CLINIC AT POLICE THANA PHOOLPUR, DISTT  PRAYAGRAJ U.P.",,,,,,,,,,,,,,,,UP Police Awas Nigam Limited||UP Police Awas Nigam Ltd HQ Lucknow,,,,,,"3,695,406",,2024-10-21,UP Police Awas Nigam Limited||UP Police Awas Nigam Ltd HQ Lucknow,True,"{'Flood': 0, 'Embankment': 0, 'embkt': 0, 'Relief': 0, 'Erosion': 0, 'SDRF': 0, 'Inundation': 0, 'Hydrology': 0, 'Silt': 0, 'Siltation': 0, 'Bund': 0, 'Trench': 0, 'Breach': 0, 'Culvert': 0, 'Sluice': 0, 'Dyke': 0, 'Storm water drain': 0, 'Emergency': 1, 'Immediate': 0, 'IM': 0, 'AE': 0, 'A E': 0, 'AAPDA MITRA': 0, 'Bridge': 0, 'River': 0, 'Drain': 0, 'Restoration': 0, 'Protection': 0, 'irr': 0, 'irrigation': 0, 'dam': 0, 'Nallah': 0, 'Retrofitting': 0, 'Pond': 0, 'Pokhari': 0, 'D/C': 0, 'Recharge shaft': 0, 'LFB': 0, 'RFB': 0}","{'Floodlight': 0, 'Flood Light': 0, 'GAS': 0, 'FIFA': 0, 'pipe': 0, 'pipes': 0, 'covid': 0, 'supply': 0, 'Beautification': 0, 'Installation': 0}",Post-Monsoon,,False,False,Repair and Restoration,{'Construction': 1}
2024_UPPAN_939801_1,"1960/PAN/ET/24-25, DT. 19-07-2024","CONSTRUCTION OF EMERGENCY CLINIC AT POLICE THANA PURAMUFTI, DISTT  PRAYAGRAJ U.P.",,,,,,,,,,,,,,,,UP Police Awas Nigam Limited||UP Police Awas Nigam Ltd HQ Lucknow,,,,,,"3,616,747.2",,2024-10-01,UP Police Awas Nigam Limited||UP Police Awas Nigam Ltd HQ Lucknow,True,"{'Flood': 0, 'Embankment': 0, 'embkt': 0, 'Relief': 0, 'Erosion': 0, 'SDRF': 0, 'Inundation': 0, 'Hydrology': 0, 'Silt': 0, 'Siltation': 0, 'Bund': 0, 'Trench': 0, 'Breach': 0, 'Culvert': 0, 'Sluice': 0, 'Dyke': 0, 'Storm water drain': 0, 'Emergency': 1, 'Immediate': 0, 'IM': 0, 'AE': 0, 'A E': 0, 'AAPDA MITRA': 0, 'Bridge': 0, 'River': 0, 'Drain': 0, 'Restoration': 0, 'Protection': 0, 'irr': 0, 'irrigation': 0, 'dam': 0, 'Nallah': 0, 'Retrofitting': 0, 'Pond': 0, 'Pokhari': 0, 'D/C': 0, 'Recharge shaft': 0, 'LFB': 0, 'RFB': 0}","{'Floodlight': 0, 'Flood Light': 0, 'GAS': 0, 'FIFA': 0, 'pipe': 0, 'pipes': 0, 'covid': 0, 'supply': 0, 'Beautification': 0, 'Installation': 0}",Post-Monsoon,,False,False,Repair and Restoration,{'Construction': 1}
2024_UPPAN_939806_1,"1972/PAN/ET/24-25, DT. 19-07-2024","CONSTRUCTION OF EMERGENCY CLINIC AT POLICE THANA SARAYNAYAT, DISTT  PRAYAGRAJ U.P.",,,,,,,,,,,,,,,,UP Police Awas Nigam Limited||UP Police Awas Nigam Ltd HQ Lucknow,,,,,,"3,886,913",,2024-10-01,UP Police Awas Nigam Limited||UP Police Awas Nigam Ltd HQ Lucknow,True,"{'Flood': 0, 'Embankment': 0, 'embkt': 0, 'Relief': 0, 'Erosion': 0, 'SDRF': 0, 'Inundation': 0, 'Hydrology': 0, 'Silt': 0, 'Siltation': 0, 'Bund': 0, 'Trench': 0, 'Breach': 0, 'Culvert': 0, 'Sluice': 0, 'Dyke': 0, 'Storm water drain': 0, 'Emergency': 1, 'Immediate': 0, 'IM': 0, 'AE': 0, 'A E': 0, 'AAPDA MITRA': 0, 'Bridge': 0, 'River': 0, 'Drain': 0, 'Restoration': 0, 'Protection': 0, 'irr': 0, 'irrigation': 0, 'dam': 0, 'Nallah': 0, 'Retrofitting': 0, 'Pond': 0, 'Pokhari': 0, 'D/C': 0, 'Recharge shaft': 0, 'LFB': 0, 'RFB': 0}","{'Floodlight': 0, 'Flood Light': 0, 'GAS': 0, 'FIFA': 0, 'pipe': 0, 'pipes': 0, 'covid': 0, 'supply': 0, 'Beautification': 0, 'Installation': 0}",Post-Monsoon,,False,False,Repair and Restoration,{'Construction': 1}
2024_UPPAN_939806_1,"1972/PAN/ET/24-25, DT. 19-07-2024","CONSTRUCTION OF EMERGENCY CLINIC AT POLICE THANA SARAYNAYAT, DISTT  PRAYAGRAJ U.P.",,,,,,,,,,,,,,,,UP Police Awas Nigam Limited||UP Police Awas Nigam Ltd HQ Lucknow,,,,,,"3,886,913",,2024-10-01,UP Police Awas Nigam Limited||UP Police Awas Nigam Ltd HQ Lucknow,True,"{'Flood': 0, 'Embankment': 0, 'embkt': 0, 'Relief': 0, 'Erosion': 0, 'SDRF': 0, 'Inundation': 0, 'Hydrology': 0, 'Silt': 0, 'Siltation': 0, 'Bund': 0, 'Trench': 0, 'Breach': 0, 'Culvert': 0, 'Sluice': 0, 'Dyke': 0, 'Storm water drain': 0, 'Emergency': 1, 'Immediate': 0, 'IM': 0, 'AE': 0, 'A E': 0, 'AAPDA MITRA': 0, 'Bridge': 0, 'River': 0, 'Drain': 0, 'Restoration': 0, 'Protection': 0, 'irr': 0, 'irrigation': 0, 'dam': 0, 'Nallah': 0, 'Retrofitting': 0, 'Pond': 0, 'Pokhari': 0, 'D/C': 0, 'Recharge shaft': 0, 'LFB': 0, 'RFB': 0}","{'Floodlight': 0, 'Flood Light': 0, 'GAS': 0, 'FIFA': 0, 'pipe': 0, 'pipes': 0, 'covid': 0, 'supply': 0, 'Beautification': 0, 'Installation': 0}",Post-Monsoon,,False,False,Repair and Restoration,{'Construction': 1}
2024_UPPAN_939808_1,"1953/PAN/ET/24-25, DT. 19-07-2024","CONSTRUCTION OF EMERGENCY CLINIC AT POLICE THANA SHANKARGARH, DISTT  PRAYAGRAJ U.P.",,,,,,,,,,,,,,,,UP Police Awas Nigam Limited||UP Police Awas Nigam Ltd HQ Lucknow,,,,,,"3,737,822",,2024-10-21,UP Police Awas Nigam Limited||UP Police Awas Nigam Ltd HQ Lucknow,True,"{'Flood': 0, 'Embankment': 0, 'embkt': 0, 'Relief': 0, 'Erosion': 0, 'SDRF': 0, 'Inundation': 0, 'Hydrology': 0, 'Silt': 0, 'Siltation': 0, 'Bund': 0, 'Trench': 0, 'Breach': 0, 'Culvert': 0, 'Sluice': 0, 'Dyke': 0, 'Storm water drain': 0, 'Emergency': 1, 'Immediate': 0, 'IM': 0, 'AE': 0, 'A E': 0, 'AAPDA MITRA': 0, 'Bridge': 0, 'River': 0, 'Drain': 0, 'Restoration': 0, 'Protection': 0, 'irr': 0, 'irrigation': 0, 'dam': 0, 'Nallah': 0, 'Retrofitting': 0, 'Pond': 0, 'Pokhari': 0, 'D/C': 0, 'Recharge shaft': 0, 'LFB': 0, 'RFB': 0}","{'Floodlight': 0, 'Flood Light': 0, 'GAS': 0, 'FIFA': 0, 'pipe': 0, 'pipes': 0, 'covid': 0, 'supply': 0, 'Beautification': 0, 'Installation': 0}",Post-Monsoon,,False,False,Repair and Restoration,{'Construction': 1}
2024_DOLBU_957558_109,025/Nirman/2024-25 Date 19.09.2024,"Work of drain and interlocking tiles from Rajpal house to Chandrapal house in Ward 16, Sikrod village.",,,,,,,,,,,,,,,,Directorate of Local Bodies UP||Ghaziabad Municipal Corporation,,,,,,"1,897,027.08",,2024-10-25,Directorate of Local Bodies UP||Ghaziabad Municipal Corporation,True,"{'Flood': 0, 'Embankment': 0, 'embkt': 0, 'Relief': 0, 'Erosion': 0, 'SDRF': 0, 'Inundation': 0, 'Hydrology': 0, 'Silt': 0, 'Siltation': 0, 'Bund': 0, 'Trench': 0, 'Breach': 0, 'Culvert': 0, 'Sluice': 0, 'Dyke': 0, 'Storm water drain': 0, 'Emergency': 0, 'Immediate': 0, 'IM': 0, 'AE': 0, 'A E': 0, 'AAPDA MITRA': 0, 'Bridge': 0, 'River': 0, 'Drain': 1, 'Restoration': 0, 'Protection': 0, 'irr': 0, 'irrigation': 0, 'dam': 0, 'Nallah': 0, 'Retrofitting': 0, 'Pond': 0, 'Pokhari': 0, 'D/C': 0, 'Recharge shaft': 0, 'LFB': 0, 'RFB': 0}","{'Floodlight': 0, 'Flood Light': 0, 'GAS': 0, 'FIFA': 0, 'pipe': 0, 'pipes': 0, 'covid': 0, 'supply': 0, 'Beautification': 0, 'Installation': 0}",Post-Monsoon,,False,True,Repair and Restoration,{'Drain': 1}
2024_DOLBU_957558_111,025/Nirman/2024-25 Date 19.09.2024,"From Kuldeep house in Ward-17, Sewanagar to the house of Sandeep, Rajkumar, Harish, T.K. Singh. From Dubey house to Madan house and from Shakuntala to Verma house and NBT Drain and CC from school to Mittal Hardware Functions of.",,,,,,,,,,,,,,,,Directorate of Local Bodies UP||Ghaziabad Municipal Corporation,,,,,,"1,715,481.3",,2024-10-26,Directorate of Local Bodies UP||Ghaziabad Municipal Corporation,True,"{'Flood': 0, 'Embankment': 0, 'embkt': 0, 'Relief': 0, 'Erosion': 0, 'SDRF': 0, 'Inundation': 0, 'Hydrology': 0, 'Silt': 0, 'Siltation': 0, 'Bund': 0, 'Trench': 0, 'Breach': 0, 'Culvert': 0, 'Sluice': 0, 'Dyke': 0, 'Storm water drain': 0, 'Emergency': 0, 'Immediate': 0, 'IM': 0, 'AE': 0, 'A E': 0, 'AAPDA MITRA': 0, 'Bridge': 0, 'River': 0, 'Drain': 1, 'Restoration': 0, 'Protection': 0, 'irr': 0, 'irrigation': 0, 'dam': 0, 'Nallah': 0, 'Retrofitting': 0, 'Pond': 0, 'Pokhari': 0, 'D/C': 0, 'Recharge shaft': 0, 'LFB': 0, 'RFB': 0}","{'Floodlight': 0, 'Flood Light': 0, 'GAS': 0, 'FIFA': 0, 'pipe': 0, 'pipes': 0, 'covid': 0, 'supply': 0, 'Beautification': 0, 'Installation': 0}",Post-Monsoon,,False,True,Repair and Restoration,{'Drain': 1}
2024_DOLBU_957558_112,025/Nirman/2024-25 Date 19.09.2024,"In Ward-17, Sewanagar, Naresh Photographer to Madan Tyagi, Anil Sharma house to Shivendra Kaushik house and drain and CC Functions of.",,,,,,,,,,,,,,,,Directorate of Local Bodies UP||Ghaziabad Municipal Corporation,,,,,,"915,572.33",,2024-10-25,Directorate of Local Bodies UP||Ghaziabad Municipal Corporation,True,"{'Flood': 0, 'Embankment': 0, 'embkt': 0, 'Relief': 0, 'Erosion': 0, 'SDRF': 0, 'Inundation': 0, 'Hydrology': 0, 'Silt': 0, 'Siltation': 0, 'Bund': 0, 'Trench': 0, 'Breach': 0, 'Culvert': 0, 'Sluice': 0, 'Dyke': 0, 'Storm water drain': 0, 'Emergency': 0, 'Immediate': 0, 'IM': 0, 'AE': 0, 'A E': 0, 'AAPDA MITRA': 0, 'Bridge': 0, 'River': 0, 'Drain': 1, 'Restoration': 0, 'Protection': 0, 'irr': 0, 'irrigation': 0, 'dam': 0, 'Nallah': 0, 'Retrofitting': 0, 'Pond': 0, 'Pokhari': 0, 'D/C': 0, 'Recharge shaft': 0, 'LFB': 0, 'RFB': 0}","{'Floodlight': 0, 'Flood Light': 0, 'GAS': 0, 'FIFA': 0, 'pipe': 0, 'pipes': 0, 'covid': 0, 'supply': 0, 'Beautification': 0, 'Installation': 0}",Post-Monsoon,,False,True,Repair and Restoration,{'Drain': 1}
2024_DOLBU_957558_118,025/Nirman/2024-25 Date 19.09.2024,Construction work in the damaged street from the house of Inderpal leader  to Janki house in Ward 20 Rajiv Colony is done by drain and interlocking tiles.,,,,,,,,,,,,,,,,Directorate of Local Bodies UP||Ghaziabad Municipal Corporation,,,,,,"1,256,474.16",,2024-10-25,Directorate of Local Bodies UP||Ghaziabad Municipal Corporation,True,"{'Flood': 0, 'Embankment': 0, 'embkt': 0, 'Relief': 0, 'Erosion': 0, 'SDRF': 0, 'Inundation': 0, 'Hydrology': 0, 'Silt': 0, 'Siltation': 0, 'Bund': 0, 'Trench': 0, 'Breach': 0, 'Culvert': 0, 'Sluice': 0, 'Dyke': 0, 'Storm water drain': 0, 'Emergency': 0, 'Immediate': 0, 'IM': 0, 'AE': 0, 'A E': 0, 'AAPDA MITRA': 0, 'Bridge': 0, 'River': 0, 'Drain': 1, 'Restoration': 0, 'Protection': 0, 'irr': 0, 'irrigation': 0, 'dam': 0, 'Nallah': 0, 'Retrofitting': 0, 'Pond': 0, 'Pokhari': 0, 'D/C': 0, 'Recharge shaft': 0, 'LFB': 0, 'RFB': 0}","{'Floodlight': 0, 'Flood Light': 0, 'GAS': 0, 'FIFA': 0, 'pipe': 0, 'pipes': 0, 'covid': 0, 'supply': 0, 'Beautification': 0, 'Installation': 0}",Post-Monsoon,,False,True,Repair and Restoration,"{'Construction': 1, 'Drain': 1}"
2024_DOLBU_957558_119,025/Nirman/2024-25 Date 19.09.2024,Construction work of drain from Manveer house to Rajiv house (street no. 05) in ward 20 Bhaupura and interlocking tiles in damaged street .,,,,,,,,,,,,,,,,Directorate of Local Bodies UP||Ghaziabad Municipal Corporation,,,,,,"963,875.21",,2024-10-25,Directorate of Local Bodies UP||Ghaziabad Municipal Corporation,True,"{'Flood': 0, 'Embankment': 0, 'embkt': 0, 'Relief': 0, 'Erosion': 0, 'SDRF': 0, 'Inundation': 0, 'Hydrology': 0, 'Silt': 0, 'Siltation': 0, 'Bund': 0, 'Trench': 0, 'Breach': 0, 'Culvert': 0, 'Sluice': 0, 'Dyke': 0, 'Storm water drain': 0, 'Emergency': 0, 'Immediate': 0, 'IM': 0, 'AE': 0, 'A E': 0, 'AAPDA MITRA': 0, 'Bridge': 0, 'River': 0, 'Drain': 1, 'Restoration': 0, 'Protection': 0, 'irr': 0, 'irrigation': 0, 'dam': 0, 'Nallah': 0, 'Retrofitting': 0, 'Pond': 0, 'Pokhari': 0, 'D/C': 0, 'Recharge shaft': 0, 'LFB': 0, 'RFB': 0}","{'Floodlight': 0, 'Flood Light': 0, 'GAS': 0, 'FIFA': 0, 'pipe': 0, 'pipes': 0, 'covid': 0, 'supply': 0, 'Beautification': 0, 'Installation': 0}",Post-Monsoon,,False,True,Repair and Restoration,"{'Construction': 1, 'Drain': 1}"
2024_DOLBU_957558_136,025/Nirman/2024-25 Date 19.09.2024,Construction work of drain from Meena Bhais Wale to Mahadev house in Nilmani Colony of Ward 28 Rajiv Colony and interlocking tiles in the damaged street .,,,,,,,,,,,,,,,,Directorate of Local Bodies UP||Ghaziabad Municipal Corporation,,,,,,"815,177.15",,2024-10-25,Directorate of Local Bodies UP||Ghaziabad Municipal Corporation,True,"{'Flood': 0, 'Embankment': 0, 'embkt': 0, 'Relief': 0, 'Erosion': 0, 'SDRF': 0, 'Inundation': 0, 'Hydrology': 0, 'Silt': 0, 'Siltation': 0, 'Bund': 0, 'Trench': 0, 'Breach': 0, 'Culvert': 0, 'Sluice': 0, 'Dyke': 0, 'Storm water drain': 0, 'Emergency': 0, 'Immediate': 0, 'IM': 0, 'AE': 0, 'A E': 0, 'AAPDA MITRA': 0, 'Bridge': 0, 'River': 0, 'Drain': 1, 'Restoration': 0, 'Protection': 0, 'irr': 0, 'irrigation': 0, 'dam': 0, 'Nallah': 0, 'Retrofitting': 0, 'Pond': 0, 'Pokhari': 0, 'D/C': 0, 'Recharge shaft': 0, 'LFB': 0, 'RFB': 0}","{'Floodlight': 0, 'Flood Light': 0, 'GAS': 0, 'FIFA': 0, 'pipe': 0, 'pipes': 0, 'covid': 0, 'supply': 0, 'Beautification': 0, 'Installation': 0}",Post-Monsoon,,False,True,Repair and Restoration,"{'Construction': 1, 'Drain': 1}"
2024_DOLBU_957558_136,025/Nirman/2024-25 Date 19.09.2024,Construction work of drain from Meena Bhais Wale to Mahadev house in Nilmani Colony of Ward 28 Rajiv Colony and interlocking tiles in the damaged street .,,,,,,,,,,,,,,,,Directorate of Local Bodies UP||Ghaziabad Municipal Corporation,,,,,,"815,177.15",,2024-10-25,Directorate of Local Bodies UP||Ghaziabad Municipal Corporation,True,"{'Flood': 0, 'Embankment': 0, 'embkt': 0, 'Relief': 0, 'Erosion': 0, 'SDRF': 0, 'Inundation': 0, 'Hydrology': 0, 'Silt': 0, 'Siltation': 0, 'Bund': 0, 'Trench': 0, 'Breach': 0, 'Culvert': 0, 'Sluice': 0, 'Dyke': 0, 'Storm water drain': 0, 'Emergency': 0, 'Immediate': 0, 'IM': 0, 'AE': 0, 'A E': 0, 'AAPDA MITRA': 0, 'Bridge': 0, 'River': 0, 'Drain': 1, 'Restoration': 0, 'Protection': 0, 'irr': 0, 'irrigation': 0, 'dam': 0, 'Nallah': 0, 'Retrofitting': 0, 'Pond': 0, 'Pokhari': 0, 'D/C': 0, 'Recharge shaft': 0, 'LFB': 0, 'RFB': 0}","{'Floodlight': 0, 'Flood Light': 0, 'GAS': 0, 'FIFA': 0, 'pipe': 0, 'pipes': 0, 'covid': 0, 'supply': 0, 'Beautification': 0, 'Installation': 0}",Post-Monsoon,,False,True,Repair and Restoration,"{'Construction': 1, 'Drain': 1}"
2024_DOLBU_957558_101,025/Nirman/2024-25 Date 19.09.2024,"Ward-13, Ghookna in B.N. Construction work of drain and interlocking tiles from Thakur to Ajaypal house via Mahendra Tyagi and Vijay Tyagi street and Kamlesh to Ojha and from Naresh Chandra to Trivedi and from Harbirpal to Ilu Sharma house and from D",,,,,,,,,,,,,,,,Directorate of Local Bodies UP||Ghaziabad Municipal Corporation,,,,,,"1,120,784",,2024-10-25,Directorate of Local Bodies UP||Ghaziabad Municipal Corporation,True,"{'Flood': 0, 'Embankment': 0, 'embkt': 0, 'Relief': 0, 'Erosion': 0, 'SDRF': 0, 'Inundation': 0, 'Hydrology': 0, 'Silt': 0, 'Siltation': 0, 'Bund': 0, 'Trench': 0, 'Breach': 0, 'Culvert': 0, 'Sluice': 0, 'Dyke': 0, 'Storm water drain': 0, 'Emergency': 0, 'Immediate': 0, 'IM': 0, 'AE': 0, 'A E': 0, 'AAPDA MITRA': 0, 'Bridge': 0, 'River': 0, 'Drain': 1, 'Restoration': 0, 'Protection': 0, 'irr': 0, 'irrigation': 0, 'dam': 0, 'Nallah': 0, 'Retrofitting': 0, 'Pond': 0, 'Pokhari': 0, 'D/C': 0, 'Recharge shaft': 0, 'LFB': 0, 'RFB': 0}","{'Floodlight': 0, 'Flood Light': 0, 'GAS': 0, 'FIFA': 0, 'pipe': 0, 'pipes': 0, 'covid': 0, 'supply': 0, 'Beautification': 0, 'Installation': 0}",Post-Monsoon,,False,True,Repair and Restoration,"{'Construction': 1, 'Drain': 1}"
2024_DOLBU_957558_102,025/Nirman/2024-25 Date 19.09.2024,"Construction work of drain and interlocking tiles from Pankaj to Rajesh Tyagi house and from Pappu house to Omi house via Attar Singh house and Banwari Dhobi Wali Gali and Jai Prakash to Roopchand and Moolchand Tyagi to Harpal house in Ward-13, Ghook",,,,,,,,,,,,,,,,Directorate of Local Bodies UP||Ghaziabad Municipal Corporation,,,,,,"1,052,206.71",,2024-10-29,Directorate of Local Bodies UP||Ghaziabad Municipal Corporation,True,"{'Flood': 0, 'Embankment': 0, 'embkt': 0, 'Relief': 0, 'Erosion': 0, 'SDRF': 0, 'Inundation': 0, 'Hydrology': 0, 'Silt': 0, 'Siltation': 0, 'Bund': 0, 'Trench': 0, 'Breach': 0, 'Culvert': 0, 'Sluice': 0, 'Dyke': 0, 'Storm water drain': 0, 'Emergency': 0, 'Immediate': 0, 'IM': 0, 'AE': 0, 'A E': 0, 'AAPDA MITRA': 0, 'Bridge': 0, 'River': 0, 'Drain': 1, 'Restoration': 0, 'Protection': 0, 'irr': 0, 'irrigation': 0, 'dam': 0, 'Nallah': 0, 'Retrofitting': 0, 'Pond': 0, 'Pokhari': 0, 'D/C': 0, 'Recharge shaft': 0, 'LFB': 0, 'RFB': 0}","{'Floodlight': 0, 'Flood Light': 0, 'GAS': 0, 'FIFA': 0, 'pipe': 0, 'pipes': 0, 'covid': 0, 'supply': 0, 'Beautification': 0, 'Installation': 0}",Post-Monsoon,,False,True,Repair and Restoration,"{'Construction': 1, 'Drain': 1}"
2024_DOLBU_955232_27,022/Nirman/2024-25 Date 09.09.2024,"Construction of CC road and drain in service line behind house no. 51 from S.L. Agarwal to Subhash Kansal in Ward-08, Laxmi Vihar Colony.",,,,,,,,,,,,,,,,Directorate of Local Bodies UP||Ghaziabad Municipal Corporation,,,,,,"614,120.35",,2024-10-26,Directorate of Local Bodies UP||Ghaziabad Municipal Corporation,True,"{'Flood': 0, 'Embankment': 0, 'embkt': 0, 'Relief': 0, 'Erosion': 0, 'SDRF': 0, 'Inundation': 0, 'Hydrology': 0, 'Silt': 0, 'Siltation': 0, 'Bund': 0, 'Trench': 0, 'Breach': 0, 'Culvert': 0, 'Sluice': 0, 'Dyke': 0, 'Storm water drain': 0, 'Emergency': 0, 'Immediate': 0, 'IM': 0, 'AE': 0, 'A E': 0, 'AAPDA MITRA': 0, 'Bridge': 0, 'River': 0, 'Drain': 1, 'Restoration': 0, 'Protection': 0, 'irr': 0, 'irrigation': 0, 'dam': 0, 'Nallah': 0, 'Retrofitting': 0, 'Pond': 0, 'Pokhari': 0, 'D/C': 0, 'Recharge shaft': 0, 'LFB': 0, 'RFB': 0}","{'Floodlight': 0, 'Flood Light': 0, 'GAS': 0, 'FIFA': 0, 'pipe': 0, 'pipes': 0, 'covid': 0, 'supply': 0, 'Beautification': 0, 'Installation': 0}",Post-Monsoon,,False,True,Repair and Restoration,"{'Construction': 1, 'Drain': 1}"
2024_DOLBU_955232_27,022/Nirman/2024-25 Date 09.09.2024,"Construction of CC road and drain in service line behind house no. 51 from S.L. Agarwal to Subhash Kansal in Ward-08, Laxmi Vihar Colony.",,,,,,,,,,,,,,,,Directorate of Local Bodies UP||Ghaziabad Municipal Corporation,,,,,,"614,120.35",,2024-10-26,Directorate of Local Bodies UP||Ghaziabad Municipal Corporation,True,"{'Flood': 0, 'Embankment': 0, 'embkt': 0, 'Relief': 0, 'Erosion': 0, 'SDRF': 0, 'Inundation': 0, 'Hydrology': 0, 'Silt': 0, 'Siltation': 0, 'Bund': 0, 'Trench': 0, 'Breach': 0, 'Culvert': 0, 'Sluice': 0, 'Dyke': 0, 'Storm water drain': 0, 'Emergency': 0, 'Immediate': 0, 'IM': 0, 'AE': 0, 'A E': 0, 'AAPDA MITRA': 0, 'Bridge': 0, 'River': 0, 'Drain': 1, 'Restoration': 0, 'Protection': 0, 'irr': 0, 'irrigation': 0, 'dam': 0, 'Nallah': 0, 'Retrofitting': 0, 'Pond': 0, 'Pokhari': 0, 'D/C': 0, 'Recharge shaft': 0, 'LFB': 0, 'RFB': 0}","{'Floodlight': 0, 'Flood Light': 0, 'GAS': 0, 'FIFA': 0, 'pipe': 0, 'pipes': 0, 'covid': 0, 'supply': 0, 'Beautification': 0, 'Installation': 0}",Post-Monsoon,,False,True,Repair and Restoration,"{'Construction': 1, 'Drain': 1}"
2024_DOLBU_955232_69,022/Nirman/2024-25 Date 09.09.2024,"Ward-25, Vinod Kumar Vakil to Satyacharan (Ashram Wali Gali) Vashist Shishu Mandir Wali Gali and Drain and Interlocking Tiles in the lane behind Shankar Shop and Interlocking Tiles on both sides of the side track of the road in front of Roswell Schoo",,,,,,,,,,,,,,,,Directorate of Local Bodies UP||Ghaziabad Municipal Corporation,,,,,,"697,269.58",,2024-10-29,Directorate of Local Bodies UP||Ghaziabad Municipal Corporation,True,"{'Flood': 0, 'Embankment': 0, 'embkt': 0, 'Relief': 0, 'Erosion': 0, 'SDRF': 0, 'Inundation': 0, 'Hydrology': 0, 'Silt': 0, 'Siltation': 0, 'Bund': 0, 'Trench': 0, 'Breach': 0, 'Culvert': 0, 'Sluice': 0, 'Dyke': 0, 'Storm water drain': 0, 'Emergency': 0, 'Immediate': 0, 'IM': 0, 'AE': 0, 'A E': 0, 'AAPDA MITRA': 0, 'Bridge': 0, 'River': 0, 'Drain': 1, 'Restoration': 0, 'Protection': 0, 'irr': 0, 'irrigation': 0, 'dam': 0, 'Nallah': 0, 'Retrofitting': 0, 'Pond': 0, 'Pokhari': 0, 'D/C': 0, 'Recharge shaft': 0, 'LFB': 0, 'RFB': 0}","{'Floodlight': 0, 'Flood Light': 0, 'GAS': 0, 'FIFA': 0, 'pipe': 0, 'pipes': 0, 'covid': 0, 'supply': 0, 'Beautification': 0, 'Installation': 0}",Post-Monsoon,,False,True,Repair and Restoration,{'Drain': 1}
2024_DOLBU_955232_69,022/Nirman/2024-25 Date 09.09.2024,"Ward-25, Vinod Kumar Vakil to Satyacharan (Ashram Wali Gali) Vashist Shishu Mandir Wali Gali and Drain and Interlocking Tiles in the lane behind Shankar Shop and Interlocking Tiles on both sides of the side track of the road in front of Roswell Schoo",,,,,,,,,,,,,,,,Directorate of Local Bodies UP||Ghaziabad Municipal Corporation,,,,,,"697,269.58",,2024-10-29,Directorate of Local Bodies UP||Ghaziabad Municipal Corporation,True,"{'Flood': 0, 'Embankment': 0, 'embkt': 0, 'Relief': 0, 'Erosion': 0, 'SDRF': 0, 'Inundation': 0, 'Hydrology': 0, 'Silt': 0, 'Siltation': 0, 'Bund': 0, 'Trench': 0, 'Breach': 0, 'Culvert': 0, 'Sluice': 0, 'Dyke': 0, 'Storm water drain': 0, 'Emergency': 0, 'Immediate': 0, 'IM': 0, 'AE': 0, 'A E': 0, 'AAPDA MITRA': 0, 'Bridge': 0, 'River': 0, 'Drain': 1, 'Restoration': 0, 'Protection': 0, 'irr': 0, 'irrigation': 0, 'dam': 0, 'Nallah': 0, 'Retrofitting': 0, 'Pond': 0, 'Pokhari': 0, 'D/C': 0, 'Recharge shaft': 0, 'LFB': 0, 'RFB': 0}","{'Floodlight': 0, 'Flood Light': 0, 'GAS': 0, 'FIFA': 0, 'pipe': 0, 'pipes': 0, 'covid': 0, 'supply': 0, 'Beautification': 0, 'Installation': 0}",Post-Monsoon,,False,True,Repair and Restoration,{'Drain': 1}
2024_DOLBU_955232_84,022/Nirman/2024-25 Date 09.09.2024,"Construction of drain and interlocking tiles from Rajkumar to Rajan house in Ward-32, Krishnanagar.",,,,,,,,,,,,,,,,Directorate of Local Bodies UP||Ghaziabad Municipal Corporation,,,,,,"431,063.67",,2024-10-28,Directorate of Local Bodies UP||Ghaziabad Municipal Corporation,True,"{'Flood': 0, 'Embankment': 0, 'embkt': 0, 'Relief': 0, 'Erosion': 0, 'SDRF': 0, 'Inundation': 0, 'Hydrology': 0, 'Silt': 0, 'Siltation': 0, 'Bund': 0, 'Trench': 0, 'Breach': 0, 'Culvert': 0, 'Sluice': 0, 'Dyke': 0, 'Storm water drain': 0, 'Emergency': 0, 'Immediate': 0, 'IM': 0, 'AE': 0, 'A E': 0, 'AAPDA MITRA': 0, 'Bridge': 0, 'River': 0, 'Drain': 1, 'Restoration': 0, 'Protection': 0, 'irr': 0, 'irrigation': 0, 'dam': 0, 'Nallah': 0, 'Retrofitting': 0, 'Pond': 0, 'Pokhari': 0, 'D/C': 0, 'Recharge shaft': 0, 'LFB': 0, 'RFB': 0}","{'Floodlight': 0, 'Flood Light': 0, 'GAS': 0, 'FIFA': 0, 'pipe': 0, 'pipes': 0, 'covid': 0, 'supply': 0, 'Beautification': 0, 'Installation': 0}",Post-Monsoon,,False,True,Repair and Restoration,"{'Construction': 1, 'Drain': 1}"
2024_DOLBU_955232_195,022/Nirman/2024-25 Date 09.09.2024,"In Ward 90 Shaheednagar, from the house of Ash Mohammad to the house of Haji Jamma in street no. 01 of III, drain and CC in the damaged street have been damaged. Construction of Road.",,,,,,,,,,,,,,,,Directorate of Local Bodies UP||Ghaziabad Municipal Corporation,,,,,,"704,467.16",,2024-10-21,Directorate of Local Bodies UP||Ghaziabad Municipal Corporation,True,"{'Flood': 0, 'Embankment': 0, 'embkt': 0, 'Relief': 0, 'Erosion': 0, 'SDRF': 0, 'Inundation': 0, 'Hydrology': 0, 'Silt': 0, 'Siltation': 0, 'Bund': 0, 'Trench': 0, 'Breach': 0, 'Culvert': 0, 'Sluice': 0, 'Dyke': 0, 'Storm water drain': 0, 'Emergency': 0, 'Immediate': 0, 'IM': 0, 'AE': 0, 'A E': 0, 'AAPDA MITRA': 0, 'Bridge': 0, 'River': 0, 'Drain': 1, 'Restoration': 0, 'Protection': 0, 'irr': 0, 'irrigation': 0, 'dam': 0, 'Nallah': 0, 'Retrofitting': 0, 'Pond': 0, 'Pokhari': 0, 'D/C': 0, 'Recharge shaft': 0, 'LFB': 0, 'RFB': 0}","{'Floodlight': 0, 'Flood Light': 0, 'GAS': 0, 'FIFA': 0, 'pipe': 0, 'pipes': 0, 'covid': 0, 'supply': 0, 'Beautification': 0, 'Installation': 0}",Post-Monsoon,,False,True,Repair and Restoration,"{'Construction': 1, 'Drain': 1}"
2024_DOLBU_955232_195,022/Nirman/2024-25 Date 09.09.2024,"In Ward 90 Shaheednagar, from the house of Ash Mohammad to the house of Haji Jamma in street no. 01 of III, drain and CC in the damaged street have been damaged. Construction of Road.",,,,,,,,,,,,,,,,Directorate of Local Bodies UP||Ghaziabad Municipal Corporation,,,,,,"704,467.16",,2024-10-21,Directorate of Local Bodies UP||Ghaziabad Municipal Corporation,True,"{'Flood': 0, 'Embankment': 0, 'embkt': 0, 'Relief': 0, 'Erosion': 0, 'SDRF': 0, 'Inundation': 0, 'Hydrology': 0, 'Silt': 0, 'Siltation': 0, 'Bund': 0, 'Trench': 0, 'Breach': 0, 'Culvert': 0, 'Sluice': 0, 'Dyke': 0, 'Storm water drain': 0, 'Emergency': 0, 'Immediate': 0, 'IM': 0, 'AE': 0, 'A E': 0, 'AAPDA MITRA': 0, 'Bridge': 0, 'River': 0, 'Drain': 1, 'Restoration': 0, 'Protection': 0, 'irr': 0, 'irrigation': 0, 'dam': 0, 'Nallah': 0, 'Retrofitting': 0, 'Pond': 0, 'Pokhari': 0, 'D/C': 0, 'Recharge shaft': 0, 'LFB': 0, 'RFB': 0}","{'Floodlight': 0, 'Flood Light': 0, 'GAS': 0, 'FIFA': 0, 'pipe': 0, 'pipes': 0, 'covid': 0, 'supply': 0, 'Beautification': 0, 'Installation': 0}",Post-Monsoon,,False,True,Repair and Restoration,"{'Construction': 1, 'Drain': 1}"
2024_DOLBU_955232_195,022/Nirman/2024-25 Date 09.09.2024,"In Ward 90 Shaheednagar, from the house of Ash Mohammad to the house of Haji Jamma in street no. 01 of III, drain and CC in the damaged street have been damaged. Construction of Road.",,,,,,,,,,,,,,,,Directorate of Local Bodies UP||Ghaziabad Municipal Corporation,,,,,,"704,467.16",,2024-10-21,Directorate of Local Bodies UP||Ghaziabad Municipal Corporation,True,"{'Flood': 0, 'Embankment': 0, 'embkt': 0, 'Relief': 0, 'Erosion': 0, 'SDRF': 0, 'Inundation': 0, 'Hydrology': 0, 'Silt': 0, 'Siltation': 0, 'Bund': 0, 'Trench': 0, 'Breach': 0, 'Culvert': 0, 'Sluice': 0, 'Dyke': 0, 'Storm water drain': 0, 'Emergency': 0, 'Immediate': 0, 'IM': 0, 'AE': 0, 'A E': 0, 'AAPDA MITRA': 0, 'Bridge': 0, 'River': 0, 'Drain': 1, 'Restoration': 0, 'Protection': 0, 'irr': 0, 'irrigation': 0, 'dam': 0, 'Nallah': 0, 'Retrofitting': 0, 'Pond': 0, 'Pokhari': 0, 'D/C': 0, 'Recharge shaft': 0, 'LFB': 0, 'RFB': 0}","{'Floodlight': 0, 'Flood Light': 0, 'GAS': 0, 'FIFA': 0, 'pipe': 0, 'pipes': 0, 'covid': 0, 'supply': 0, 'Beautification': 0, 'Installation': 0}",Post-Monsoon,,False,True,Repair and Restoration,"{'Construction': 1, 'Drain': 1}"
2024_DOLBU_955232_195,022/Nirman/2024-25 Date 09.09.2024,"In Ward 90 Shaheednagar, from the house of Ash Mohammad to the house of Haji Jamma in street no. 01 of III, drain and CC in the damaged street have been damaged. Construction of Road.",,,,,,,,,,,,,,,,Directorate of Local Bodies UP||Ghaziabad Municipal Corporation,,,,,,"704,467.16",,2024-10-21,Directorate of Local Bodies UP||Ghaziabad Municipal Corporation,True,"{'Flood': 0, 'Embankment': 0, 'embkt': 0, 'Relief': 0, 'Erosion': 0, 'SDRF': 0, 'Inundation': 0, 'Hydrology': 0, 'Silt': 0, 'Siltation': 0, 'Bund': 0, 'Trench': 0, 'Breach': 0, 'Culvert': 0, 'Sluice': 0, 'Dyke': 0, 'Storm water drain': 0, 'Emergency': 0, 'Immediate': 0, 'IM': 0, 'AE': 0, 'A E': 0, 'AAPDA MITRA': 0, 'Bridge': 0, 'River': 0, 'Drain': 1, 'Restoration': 0, 'Protection': 0, 'irr': 0, 'irrigation': 0, 'dam': 0, 'Nallah': 0, 'Retrofitting': 0, 'Pond': 0, 'Pokhari': 0, 'D/C': 0, 'Recharge shaft': 0, 'LFB': 0, 'RFB': 0}","{'Floodlight': 0, 'Flood Light': 0, 'GAS': 0, 'FIFA': 0, 'pipe': 0, 'pipes': 0, 'covid': 0, 'supply': 0, 'Beautification': 0, 'Installation': 0}",Post-Monsoon,,False,True,Repair and Restoration,"{'Construction': 1, 'Drain': 1}"
2024_DOLBU_955232_202,022/Nirman/2024-25 Date 09.09.2024,"In Ward-93, Kaila Bhatta, in front of Shri Nadeem, Nasir Building, Bashir, Indian Medical, Zarif, Jarrah, Hakim, Ramjani, Meenu, Main Road and Farooq house, drain/drain, culvert and C.C. Repair work.",,,,,,,,,,,,,,,,Directorate of Local Bodies UP||Ghaziabad Municipal Corporation,,,,,,"209,429.28",,2024-10-28,Directorate of Local Bodies UP||Ghaziabad Municipal Corporation,True,"{'Flood': 0, 'Embankment': 0, 'embkt': 0, 'Relief': 0, 'Erosion': 0, 'SDRF': 0, 'Inundation': 0, 'Hydrology': 0, 'Silt': 0, 'Siltation': 0, 'Bund': 0, 'Trench': 0, 'Breach': 0, 'Culvert': 1, 'Sluice': 0, 'Dyke': 0, 'Storm water drain': 0, 'Emergency': 0, 'Immediate': 0, 'IM': 0, 'AE': 0, 'A E': 0, 'AAPDA MITRA': 0, 'Bridge': 0, 'River': 0, 'Drain': 2, 'Restoration': 0, 'Protection': 0, 'irr': 0, 'irrigation': 0, 'dam': 0, 'Nallah': 0, 'Retrofitting': 0, 'Pond': 0, 'Pokhari': 0, 'D/C': 0, 'Recharge shaft': 0, 'LFB': 0, 'RFB': 0}","{'Floodlight': 0, 'Flood Light': 0, 'GAS': 0, 'FIFA': 0, 'pipe': 0, 'pipes': 0, 'covid': 0, 'supply': 0, 'Beautification': 0, 'Installation': 0}",Post-Monsoon,,False,True,Repair and Restoration,"{'repair': 1, 'Drain': 2}"
2024_DOLBU_955232_116,022/Nirman/2024-25 Date 09.09.2024,"In Ward 46, Guldhar II, drain and interlocking tiles work from Krishan Pal Singh house to Chandrapal Singh house and Harendra Shahlot house and Jogendra house to Ramlal house.",,,,,,,,,,,,,,,,Directorate of Local Bodies UP||Ghaziabad Municipal Corporation,,,,,,"609,900.34",,2024-10-26,Directorate of Local Bodies UP||Ghaziabad Municipal Corporation,True,"{'Flood': 0, 'Embankment': 0, 'embkt': 0, 'Relief': 0, 'Erosion': 0, 'SDRF': 0, 'Inundation': 0, 'Hydrology': 0, 'Silt': 0, 'Siltation': 0, 'Bund': 0, 'Trench': 0, 'Breach': 0, 'Culvert': 0, 'Sluice': 0, 'Dyke': 0, 'Storm water drain': 0, 'Emergency': 0, 'Immediate': 0, 'IM': 0, 'AE': 0, 'A E': 0, 'AAPDA MITRA': 0, 'Bridge': 0, 'River': 0, 'Drain': 1, 'Restoration': 0, 'Protection': 0, 'irr': 0, 'irrigation': 0, 'dam': 0, 'Nallah': 0, 'Retrofitting': 0, 'Pond': 0, 'Pokhari': 0, 'D/C': 0, 'Recharge shaft': 0, 'LFB': 0, 'RFB': 0}","{'Floodlight': 0, 'Flood Light': 0, 'GAS': 0, 'FIFA': 0, 'pipe': 0, 'pipes': 0, 'covid': 0, 'supply': 0, 'Beautification': 0, 'Installation': 0}",Post-Monsoon,,False,True,Repair and Restoration,{'Drain': 1}
2024_DOLBU_955232_136,022/Nirman/2024-25 Date 09.09.2024,"In Ward 53, Raispur, from Amarnath house to China house, from Vinod house to Devendra house, from Prakash house to Vinod house, drain and interlocking tiles work in Jitendra and Lilu Wali Gali.",,,,,,,,,,,,,,,,Directorate of Local Bodies UP||Ghaziabad Municipal Corporation,,,,,,"701,584.98",,2024-10-26,Directorate of Local Bodies UP||Ghaziabad Municipal Corporation,True,"{'Flood': 0, 'Embankment': 0, 'embkt': 0, 'Relief': 0, 'Erosion': 0, 'SDRF': 0, 'Inundation': 0, 'Hydrology': 0, 'Silt': 0, 'Siltation': 0, 'Bund': 0, 'Trench': 0, 'Breach': 0, 'Culvert': 0, 'Sluice': 0, 'Dyke': 0, 'Storm water drain': 0, 'Emergency': 0, 'Immediate': 0, 'IM': 0, 'AE': 0, 'A E': 0, 'AAPDA MITRA': 0, 'Bridge': 0, 'River': 0, 'Drain': 1, 'Restoration': 0, 'Protection': 0, 'irr': 0, 'irrigation': 0, 'dam': 0, 'Nallah': 0, 'Retrofitting': 0, 'Pond': 0, 'Pokhari': 0, 'D/C': 0, 'Recharge shaft': 0, 'LFB': 0, 'RFB': 0}","{'Floodlight': 0, 'Flood Light': 0, 'GAS': 0, 'FIFA': 0, 'pipe': 0, 'pipes': 0, 'covid': 0, 'supply': 0, 'Beautification': 0, 'Installation': 0}",Post-Monsoon,,False,True,Repair and Restoration,{'Drain': 1}
2024_DOLBU_955232_136,022/Nirman/2024-25 Date 09.09.2024,"In Ward 53, Raispur, from Amarnath house to China house, from Vinod house to Devendra house, from Prakash house to Vinod house, drain and interlocking tiles work in Jitendra and Lilu Wali Gali.",,,,,,,,,,,,,,,,Directorate of Local Bodies UP||Ghaziabad Municipal Corporation,,,,,,"701,584.98",,2024-10-26,Directorate of Local Bodies UP||Ghaziabad Municipal Corporation,True,"{'Flood': 0, 'Embankment': 0, 'embkt': 0, 'Relief': 0, 'Erosion': 0, 'SDRF': 0, 'Inundation': 0, 'Hydrology': 0, 'Silt': 0, 'Siltation': 0, 'Bund': 0, 'Trench': 0, 'Breach': 0, 'Culvert': 0, 'Sluice': 0, 'Dyke': 0, 'Storm water drain': 0, 'Emergency': 0, 'Immediate': 0, 'IM': 0, 'AE': 0, 'A E': 0, 'AAPDA MITRA': 0, 'Bridge': 0, 'River': 0, 'Drain': 1, 'Restoration': 0, 'Protection': 0, 'irr': 0, 'irrigation': 0, 'dam': 0, 'Nallah': 0, 'Retrofitting': 0, 'Pond': 0, 'Pokhari': 0, 'D/C': 0, 'Recharge shaft': 0, 'LFB': 0, 'RFB': 0}","{'Floodlight': 0, 'Flood Light': 0, 'GAS': 0, 'FIFA': 0, 'pipe': 0, 'pipes': 0, 'covid': 0, 'supply': 0, 'Beautification': 0, 'Installation': 0}",Post-Monsoon,,False,True,Repair and Restoration,{'Drain': 1}
2024_DOLBU_955232_170,022/Nirman/2024-25 Date 09.09.2024,Repair of drain from D0-152 to D0-217 and D-124 in Ward-68 Braj Vihar and improvement work by interlocking tiles in damaged streets.,,,,,,,,,,,,,,,,Directorate of Local Bodies UP||Ghaziabad Municipal Corporation,,,,,,"525,709.17",,2024-10-26,Directorate of Local Bodies UP||Ghaziabad Municipal Corporation,True,"{'Flood': 0, 'Embankment': 0, 'embkt': 0, 'Relief': 0, 'Erosion': 0, 'SDRF': 0, 'Inundation': 0, 'Hydrology': 0, 'Silt': 0, 'Siltation': 0, 'Bund': 0, 'Trench': 0, 'Breach': 0, 'Culvert': 0, 'Sluice': 0, 'Dyke': 0, 'Storm water drain': 0, 'Emergency': 0, 'Immediate': 0, 'IM': 0, 'AE': 0, 'A E': 0, 'AAPDA MITRA': 0, 'Bridge': 0, 'River': 0, 'Drain': 1, 'Restoration': 0, 'Protection': 0, 'irr': 0, 'irrigation': 0, 'dam': 0, 'Nallah': 0, 'Retrofitting': 0, 'Pond': 0, 'Pokhari': 0, 'D/C': 0, 'Recharge shaft': 0, 'LFB': 0, 'RFB': 0}","{'Floodlight': 0, 'Flood Light': 0, 'GAS': 0, 'FIFA': 0, 'pipe': 0, 'pipes': 0, 'covid': 0, 'supply': 0, 'Beautification': 0, 'Installation': 0}",Post-Monsoon,,False,True,Repair and Restoration,"{'improvement': 1, 'repair': 1, 'Drain': 1}"
2024_DOLBU_955232_170,022/Nirman/2024-25 Date 09.09.2024,Repair of drain from D0-152 to D0-217 and D-124 in Ward-68 Braj Vihar and improvement work by interlocking tiles in damaged streets.,,,,,,,,,,,,,,,,Directorate of Local Bodies UP||Ghaziabad Municipal Corporation,,,,,,"525,709.17",,2024-10-26,Directorate of Local Bodies UP||Ghaziabad Municipal Corporation,True,"{'Flood': 0, 'Embankment': 0, 'embkt': 0, 'Relief': 0, 'Erosion': 0, 'SDRF': 0, 'Inundation': 0, 'Hydrology': 0, 'Silt': 0, 'Siltation': 0, 'Bund': 0, 'Trench': 0, 'Breach': 0, 'Culvert': 0, 'Sluice': 0, 'Dyke': 0, 'Storm water drain': 0, 'Emergency': 0, 'Immediate': 0, 'IM': 0, 'AE': 0, 'A E': 0, 'AAPDA MITRA': 0, 'Bridge': 0, 'River': 0, 'Drain': 1, 'Restoration': 0, 'Protection': 0, 'irr': 0, 'irrigation': 0, 'dam': 0, 'Nallah': 0, 'Retrofitting': 0, 'Pond': 0, 'Pokhari': 0, 'D/C': 0, 'Recharge shaft': 0, 'LFB': 0, 'RFB': 0}","{'Floodlight': 0, 'Flood Light': 0, 'GAS': 0, 'FIFA': 0, 'pipe': 0, 'pipes': 0, 'covid': 0, 'supply': 0, 'Beautification': 0, 'Installation': 0}",Post-Monsoon,,False,True,Repair and Restoration,"{'improvement': 1, 'repair': 1, 'Drain': 1}"
2024_DOLBU_955232_170,022/Nirman/2024-25 Date 09.09.2024,Repair of drain from D0-152 to D0-217 and D-124 in Ward-68 Braj Vihar and improvement work by interlocking tiles in damaged streets.,,,,,,,,,,,,,,,,Directorate of Local Bodies UP||Ghaziabad Municipal Corporation,,,,,,"525,709.17",,2024-10-26,Directorate of Local Bodies UP||Ghaziabad Municipal Corporation,True,"{'Flood': 0, 'Embankment': 0, 'embkt': 0, 'Relief': 0, 'Erosion': 0, 'SDRF': 0, 'Inundation': 0, 'Hydrology': 0, 'Silt': 0, 'Siltation': 0, 'Bund': 0, 'Trench': 0, 'Breach': 0, 'Culvert': 0, 'Sluice': 0, 'Dyke': 0, 'Storm water drain': 0, 'Emergency': 0, 'Immediate': 0, 'IM': 0, 'AE': 0, 'A E': 0, 'AAPDA MITRA': 0, 'Bridge': 0, 'River': 0, 'Drain': 1, 'Restoration': 0, 'Protection': 0, 'irr': 0, 'irrigation': 0, 'dam': 0, 'Nallah': 0, 'Retrofitting': 0, 'Pond': 0, 'Pokhari': 0, 'D/C': 0, 'Recharge shaft': 0, 'LFB': 0, 'RFB': 0}","{'Floodlight': 0, 'Flood Light': 0, 'GAS': 0, 'FIFA': 0, 'pipe': 0, 'pipes': 0, 'covid': 0, 'supply': 0, 'Beautification': 0, 'Installation': 0}",Post-Monsoon,,False,True,Repair and Restoration,"{'improvement': 1, 'repair': 1, 'Drain': 1}"
2024_UPPAN_939736_1,"1963/PAN/ET/24-25, DT. 19-07-2024","CONSTRUCTION OF EMERGENCY CLINIC AT POLICE THANA JHUNSI, DISTT  PRAYAGRAJ U.P.",,,,,,,,,,,,,,,,UP Police Awas Nigam Limited||UP Police Awas Nigam Ltd HQ Lucknow,,,,,,"3,660,995",,2024-10-21,UP Police Awas Nigam Limited||UP Police Awas Nigam Ltd HQ Lucknow,True,"{'Flood': 0, 'Embankment': 0, 'embkt': 0, 'Relief': 0, 'Erosion': 0, 'SDRF': 0, 'Inundation': 0, 'Hydrology': 0, 'Silt': 0, 'Siltation': 0, 'Bund': 0, 'Trench': 0, 'Breach': 0, 'Culvert': 0, 'Sluice': 0, 'Dyke': 0, 'Storm water drain': 0, 'Emergency': 1, 'Immediate': 0, 'IM': 0, 'AE': 0, 'A E': 0, 'AAPDA MITRA': 0, 'Bridge': 0, 'River': 0, 'Drain': 0, 'Restoration': 0, 'Protection': 0, 'irr': 0, 'irrigation': 0, 'dam': 0, 'Nallah': 0, 'Retrofitting': 0, 'Pond': 0, 'Pokhari': 0, 'D/C': 0, 'Recharge shaft': 0, 'LFB': 0, 'RFB': 0}","{'Floodlight': 0, 'Flood Light': 0, 'GAS': 0, 'FIFA': 0, 'pipe': 0, 'pipes': 0, 'covid': 0, 'supply': 0, 'Beautification': 0, 'Installation': 0}",Post-Monsoon,,False,False,Repair and Restoration,{'Construction': 1}
2024_UPPAN_939751_1,"1962/PAN/ET/24-25, DT. 19-07-2024","CONSTRUCTION OF EMERGENCY CLINIC AT POLICE THANA KAUNDHIARA, DISTT  PRAYAGRAJ U.P.",,,,,,,,,,,,,,,,UP Police Awas Nigam Limited||UP Police Awas Nigam Ltd HQ Lucknow,,,,,,"3,713,519.3",,2024-10-21,UP Police Awas Nigam Limited||UP Police Awas Nigam Ltd HQ Lucknow,True,"{'Flood': 0, 'Embankment': 0, 'embkt': 0, 'Relief': 0, 'Erosion': 0, 'SDRF': 0, 'Inundation': 0, 'Hydrology': 0, 'Silt': 0, 'Siltation': 0, 'Bund': 0, 'Trench': 0, 'Breach': 0, 'Culvert': 0, 'Sluice': 0, 'Dyke': 0, 'Storm water drain': 0, 'Emergency': 1, 'Immediate': 0, 'IM': 0, 'AE': 0, 'A E': 0, 'AAPDA MITRA': 0, 'Bridge': 0, 'River': 0, 'Drain': 0, 'Restoration': 0, 'Protection': 0, 'irr': 0, 'irrigation': 0, 'dam': 0, 'Nallah': 0, 'Retrofitting': 0, 'Pond': 0, 'Pokhari': 0, 'D/C': 0, 'Recharge shaft': 0, 'LFB': 0, 'RFB': 0}","{'Floodlight': 0, 'Flood Light': 0, 'GAS': 0, 'FIFA': 0, 'pipe': 0, 'pipes': 0, 'covid': 0, 'supply': 0, 'Beautification': 0, 'Installation': 0}",Post-Monsoon,,False,False,Repair and Restoration,{'Construction': 1}
2024_DOLBU_953805_33,21/Nirman/2024-25 Date 05.09.2024,"Work of drain and interlocking tiles from Devendra Ghodi Wale to Anil Pandit house in Ward 53, Raispur.",,,,,,,,,,,,,,,,Directorate of Local Bodies UP||Ghaziabad Municipal Corporation,,,,,,"397,581.36",,2024-10-26,Directorate of Local Bodies UP||Ghaziabad Municipal Corporation,True,"{'Flood': 0, 'Embankment': 0, 'embkt': 0, 'Relief': 0, 'Erosion': 0, 'SDRF': 0, 'Inundation': 0, 'Hydrology': 0, 'Silt': 0, 'Siltation': 0, 'Bund': 0, 'Trench': 0, 'Breach': 0, 'Culvert': 0, 'Sluice': 0, 'Dyke': 0, 'Storm water drain': 0, 'Emergency': 0, 'Immediate': 0, 'IM': 0, 'AE': 0, 'A E': 0, 'AAPDA MITRA': 0, 'Bridge': 0, 'River': 0, 'Drain': 1, 'Restoration': 0, 'Protection': 0, 'irr': 0, 'irrigation': 0, 'dam': 0, 'Nallah': 0, 'Retrofitting': 0, 'Pond': 0, 'Pokhari': 0, 'D/C': 0, 'Recharge shaft': 0, 'LFB': 0, 'RFB': 0}","{'Floodlight': 0, 'Flood Light': 0, 'GAS': 0, 'FIFA': 0, 'pipe': 0, 'pipes': 0, 'covid': 0, 'supply': 0, 'Beautification': 0, 'Installation': 0}",Post-Monsoon,,False,True,Repair and Restoration,{'Drain': 1}
2024_DOLBU_953805_71,21/Nirman/2024-25 Date 05.09.2024,"Work of drain and interlocking tiles from Nutan house to Diamond Steel shop via Horam house in Ward-02, Siddharth Vihar.",,,,,,,,,,,,,,,,Directorate of Local Bodies UP||Ghaziabad Municipal Corporation,,,,,,"1,214,575.52",,2024-10-29,Directorate of Local Bodies UP||Ghaziabad Municipal Corporation,True,"{'Flood': 0, 'Embankment': 0, 'embkt': 0, 'Relief': 0, 'Erosion': 0, 'SDRF': 0, 'Inundation': 0, 'Hydrology': 0, 'Silt': 0, 'Siltation': 0, 'Bund': 0, 'Trench': 0, 'Breach': 0, 'Culvert': 0, 'Sluice': 0, 'Dyke': 0, 'Storm water drain': 0, 'Emergency': 0, 'Immediate': 0, 'IM': 0, 'AE': 0, 'A E': 0, 'AAPDA MITRA': 0, 'Bridge': 0, 'River': 0, 'Drain': 1, 'Restoration': 0, 'Protection': 0, 'irr': 0, 'irrigation': 0, 'dam': 0, 'Nallah': 0, 'Retrofitting': 0, 'Pond': 0, 'Pokhari': 0, 'D/C': 0, 'Recharge shaft': 0, 'LFB': 0, 'RFB': 0}","{'Floodlight': 0, 'Flood Light': 0, 'GAS': 0, 'FIFA': 0, 'pipe': 0, 'pipes': 0, 'covid': 0, 'supply': 0, 'Beautification': 0, 'Installation': 0}",Post-Monsoon,,False,True,Repair and Restoration,{'Drain': 1}
2024_DOLBU_951645_2,869/NPKampil/CMNSY,CC Road and Drain Construction Work,,,,,,,,,,,,,,,,Directorate of Local Bodies UP||Nagar Panchayat Kampil Farrukhabad,,,,,,"555,353",,2024-10-03,Directorate of Local Bodies UP||Nagar Panchayat Kampil Farrukhabad,True,"{'Flood': 0, 'Embankment': 0, 'embkt': 0, 'Relief': 0, 'Erosion': 0, 'SDRF': 0, 'Inundation': 0, 'Hydrology': 0, 'Silt': 0, 'Siltation': 0, 'Bund': 0, 'Trench': 0, 'Breach': 0, 'Culvert': 0, 'Sluice': 0, 'Dyke': 0, 'Storm water drain': 0, 'Emergency': 0, 'Immediate': 0, 'IM': 0, 'AE': 0, 'A E': 0, 'AAPDA MITRA': 0, 'Bridge': 0, 'River': 0, 'Drain': 1, 'Restoration': 0, 'Protection': 0, 'irr': 0, 'irrigation': 0, 'dam': 0, 'Nallah': 0, 'Retrofitting': 0, 'Pond': 0, 'Pokhari': 0, 'D/C': 0, 'Recharge shaft': 0, 'LFB': 0, 'RFB': 0}","{'Floodlight': 0, 'Flood Light': 0, 'GAS': 0, 'FIFA': 0, 'pipe': 0, 'pipes': 0, 'covid': 0, 'supply': 0, 'Beautification': 0, 'Installation': 0}",Post-Monsoon,,False,True,Repair and Restoration,"{'Construction': 1, 'Drain': 1}"
2024_UPPAN_939712_1,"1957/PAN/ET/24-25, DT. 19-07-2024","CONSTRUCTION OF EMERGENCY CLINIC AT POLICE THANA AUDYOGIK KESHTRA, DISTT  PRAYAGRAJ U.P",,,,,,,,,,,,,,,,UP Police Awas Nigam Limited||UP Police Awas Nigam Ltd HQ Lucknow,,,,,,"3,825,792",,2024-10-14,UP Police Awas Nigam Limited||UP Police Awas Nigam Ltd HQ Lucknow,True,"{'Flood': 0, 'Embankment': 0, 'embkt': 0, 'Relief': 0, 'Erosion': 0, 'SDRF': 0, 'Inundation': 0, 'Hydrology': 0, 'Silt': 0, 'Siltation': 0, 'Bund': 0, 'Trench': 0, 'Breach': 0, 'Culvert': 0, 'Sluice': 0, 'Dyke': 0, 'Storm water drain': 0, 'Emergency': 1, 'Immediate': 0, 'IM': 0, 'AE': 0, 'A E': 0, 'AAPDA MITRA': 0, 'Bridge': 0, 'River': 0, 'Drain': 0, 'Restoration': 0, 'Protection': 0, 'irr': 0, 'irrigation': 0, 'dam': 0, 'Nallah': 0, 'Retrofitting': 0, 'Pond': 0, 'Pokhari': 0, 'D/C': 0, 'Recharge shaft': 0, 'LFB': 0, 'RFB': 0}","{'Floodlight': 0, 'Flood Light': 0, 'GAS': 0, 'FIFA': 0, 'pipe': 0, 'pipes': 0, 'covid': 0, 'supply': 0, 'Beautification': 0, 'Installation': 0}",Post-Monsoon,,False,False,Repair and Restoration,{'Construction': 1}
2024_UPJVN_927936_1,T-01/EE(S and I)/2024-25,IDENTIFICATION AND MAPPING OF ABOVE WATER AND UNDERWATER CRACKS UPTO DEEPER LEVEL THROUGH ROV AND DRONE ON THE UPSTREAM SURFACE OF RIHAND DAM AND PROVIDE THE DETAIL REPORTS OF THE WORK,,,,,,,,,,,,,,,,Uttar Pradesh Jal Vidyut Nigam Limited||Chief Engineer OM  Lucknow||SE (Civil)||EE (SI) Lucknow,,,,,,"5,394,000",,2024-10-29,Uttar Pradesh Jal Vidyut Nigam Limited||Chief Engineer OM  Lucknow||SE (Civil)||EE (SI) Lucknow,True,"{'Flood': 0, 'Embankment': 0, 'embkt': 0, 'Relief': 0, 'Erosion': 0, 'SDRF': 0, 'Inundation': 0, 'Hydrology': 0, 'Silt': 0, 'Siltation': 0, 'Bund': 0, 'Trench': 0, 'Breach': 0, 'Culvert': 0, 'Sluice': 0, 'Dyke': 0, 'Storm water drain': 0, 'Emergency': 0, 'Immediate': 0, 'IM': 0, 'AE': 0, 'A E': 0, 'AAPDA MITRA': 0, 'Bridge': 0, 'River': 0, 'Drain': 0, 'Restoration': 0, 'Protection': 0, 'irr': 0, 'irrigation': 0, 'dam': 1, 'Nallah': 0, 'Retrofitting': 0, 'Pond': 0, 'Pokhari': 0, 'D/C': 0, 'Recharge shaft': 0, 'LFB': 0, 'RFB': 0}","{'Floodlight': 0, 'Flood Light': 0, 'GAS': 0, 'FIFA': 0, 'pipe': 0, 'pipes': 0, 'covid': 0, 'supply': 0, 'Beautification': 0, 'Installation': 0}",Post-Monsoon,,False,False,Others,
2024_UPJVN_955772_1,T-09/EGD/MZN/2024-25,Repairing of Trash Rack Jali  Intake and Tilting Gate of Nirgajini Chitaura Salawa and Bhola Power House and Removal of Silt from Canal in Nirgajini Chitaura and Salawa Power House,,,,,,,,,,,,,,,,Uttar Pradesh Jal Vidyut Nigam Limited||Chief Engineer OM  Lucknow||SE (Khara)||EE (EGD) Muzzafarnagar,,,,,,"100,200",,2024-10-24,Uttar Pradesh Jal Vidyut Nigam Limited||Chief Engineer OM  Lucknow||SE (Khara)||EE (EGD) Muzzafarnagar,True,"{'Flood': 0, 'Embankment': 0, 'embkt': 0, 'Relief': 0, 'Erosion': 0, 'SDRF': 0, 'Inundation': 0, 'Hydrology': 0, 'Silt': 1, 'Siltation': 0, 'Bund': 0, 'Trench': 0, 'Breach': 0, 'Culvert': 0, 'Sluice': 0, 'Dyke': 0, 'Storm water drain': 0, 'Emergency': 0, 'Immediate': 0, 'IM': 0, 'AE': 0, 'A E': 0, 'AAPDA MITRA': 0, 'Bridge': 0, 'River': 0, 'Drain': 0, 'Restoration': 0, 'Protection': 0, 'irr': 0, 'irrigation': 0, 'dam': 0, 'Nallah': 0, 'Retrofitting': 0, 'Pond': 0, 'Pokhari': 0, 'D/C': 0, 'Recharge shaft': 0, 'LFB': 0, 'RFB': 0}","{'Floodlight': 0, 'Flood Light': 0, 'GAS': 0, 'FIFA': 0, 'pipe': 0, 'pipes': 0, 'covid': 0, 'supply': 0, 'Beautification': 0, 'Installation': 0}",Post-Monsoon,,False,True,Repair and Restoration,{'repairing': 1}
2024_DOLBU_945977_34,15VITT/ETENDERSKT/2024,Construction of C.C Road/  Drain Near H/o Kamal Bhai  to H/o Fareed Bhai And   H/o Wakkar  to H/o Dr Mahmood  Moh  Kayasthan ward 23  length 54 mtr,,,,,,,,,,,,,,,,Directorate of Local Bodies UP||Nagar Palika Parishad Sherkot Bijnor,,,,,,"229,796.541",,2024-10-17,Directorate of Local Bodies UP||Nagar Palika Parishad Sherkot Bijnor,True,"{'Flood': 0, 'Embankment': 0, 'embkt': 0, 'Relief': 0, 'Erosion': 0, 'SDRF': 0, 'Inundation': 0, 'Hydrology': 0, 'Silt': 0, 'Siltation': 0, 'Bund': 0, 'Trench': 0, 'Breach': 0, 'Culvert': 0, 'Sluice': 0, 'Dyke': 0, 'Storm water drain': 0, 'Emergency': 0, 'Immediate': 0, 'IM': 0, 'AE': 0, 'A E': 0, 'AAPDA MITRA': 0, 'Bridge': 0, 'River': 0, 'Drain': 1, 'Restoration': 0, 'Protection': 0, 'irr': 0, 'irrigation': 0, 'dam': 0, 'Nallah': 0, 'Retrofitting': 0, 'Pond': 0, 'Pokhari': 0, 'D/C': 0, 'Recharge shaft': 0, 'LFB': 0, 'RFB': 0}","{'Floodlight': 0, 'Flood Light': 0, 'GAS': 0, 'FIFA': 0, 'pipe': 0, 'pipes': 0, 'covid': 0, 'supply': 0, 'Beautification': 0, 'Installation': 0}",Post-Monsoon,,False,True,Repair and Restoration,"{'Construction': 1, 'Drain': 1}"
2024_DOLBU_945977_35,15VITT/ETENDERSKT/2024,Construction of C.C Road/  Drain Near H/o Jaggi  to H/o Guddu   Moh  Imambada  ward 09 length 35 mtr,,,,,,,,,,,,,,,,Directorate of Local Bodies UP||Nagar Palika Parishad Sherkot Bijnor,,,,,,"199,977.143",,2024-10-17,Directorate of Local Bodies UP||Nagar Palika Parishad Sherkot Bijnor,True,"{'Flood': 0, 'Embankment': 0, 'embkt': 0, 'Relief': 0, 'Erosion': 0, 'SDRF': 0, 'Inundation': 0, 'Hydrology': 0, 'Silt': 0, 'Siltation': 0, 'Bund': 0, 'Trench': 0, 'Breach': 0, 'Culvert': 0, 'Sluice': 0, 'Dyke': 0, 'Storm water drain': 0, 'Emergency': 0, 'Immediate': 0, 'IM': 0, 'AE': 0, 'A E': 0, 'AAPDA MITRA': 0, 'Bridge': 0, 'River': 0, 'Drain': 1, 'Restoration': 0, 'Protection': 0, 'irr': 0, 'irrigation': 0, 'dam': 0, 'Nallah': 0, 'Retrofitting': 0, 'Pond': 0, 'Pokhari': 0, 'D/C': 0, 'Recharge shaft': 0, 'LFB': 0, 'RFB': 0}","{'Floodlight': 0, 'Flood Light': 0, 'GAS': 0, 'FIFA': 0, 'pipe': 0, 'pipes': 0, 'covid': 0, 'supply': 0, 'Beautification': 0, 'Installation': 0}",Post-Monsoon,,False,True,Repair and Restoration,"{'Construction': 1, 'Drain': 1}"
2024_DOLBU_945977_25,15VITT/ETENDERSKT/2024,Construction of C.C Road/  Drain Near H/o Wasil  to H/o Waseem Moh  Tarai  ward 11  length 48 mtr,,,,,,,,,,,,,,,,Directorate of Local Bodies UP||Nagar Palika Parishad Sherkot Bijnor,,,,,,"448,509.696",,2024-10-17,Directorate of Local Bodies UP||Nagar Palika Parishad Sherkot Bijnor,True,"{'Flood': 0, 'Embankment': 0, 'embkt': 0, 'Relief': 0, 'Erosion': 0, 'SDRF': 0, 'Inundation': 0, 'Hydrology': 0, 'Silt': 0, 'Siltation': 0, 'Bund': 0, 'Trench': 0, 'Breach': 0, 'Culvert': 0, 'Sluice': 0, 'Dyke': 0, 'Storm water drain': 0, 'Emergency': 0, 'Immediate': 0, 'IM': 0, 'AE': 0, 'A E': 0, 'AAPDA MITRA': 0, 'Bridge': 0, 'River': 0, 'Drain': 1, 'Restoration': 0, 'Protection': 0, 'irr': 0, 'irrigation': 0, 'dam': 0, 'Nallah': 0, 'Retrofitting': 0, 'Pond': 0, 'Pokhari': 0, 'D/C': 0, 'Recharge shaft': 0, 'LFB': 0, 'RFB': 0}","{'Floodlight': 0, 'Flood Light': 0, 'GAS': 0, 'FIFA': 0, 'pipe': 0, 'pipes': 0, 'covid': 0, 'supply': 0, 'Beautification': 0, 'Installation': 0}",Post-Monsoon,,False,True,Repair and Restoration,"{'Construction': 1, 'Drain': 1}"
2024_DOLBU_945977_26,15VITT/ETENDERSKT/2024,Construction of C.C Road/  Drain Near H/o Nanhe Singh  to H/o Deepu   Moh  Samnasarai  ward 05  length 146 mtr,,,,,,,,,,,,,,,,Directorate of Local Bodies UP||Nagar Palika Parishad Sherkot Bijnor,,,,,,"2,600,554.488",,2024-10-17,Directorate of Local Bodies UP||Nagar Palika Parishad Sherkot Bijnor,True,"{'Flood': 0, 'Embankment': 0, 'embkt': 0, 'Relief': 0, 'Erosion': 0, 'SDRF': 0, 'Inundation': 0, 'Hydrology': 0, 'Silt': 0, 'Siltation': 0, 'Bund': 0, 'Trench': 0, 'Breach': 0, 'Culvert': 0, 'Sluice': 0, 'Dyke': 0, 'Storm water drain': 0, 'Emergency': 0, 'Immediate': 0, 'IM': 0, 'AE': 0, 'A E': 0, 'AAPDA MITRA': 0, 'Bridge': 0, 'River': 0, 'Drain': 1, 'Restoration': 0, 'Protection': 0, 'irr': 0, 'irrigation': 0, 'dam': 0, 'Nallah': 0, 'Retrofitting': 0, 'Pond': 0, 'Pokhari': 0, 'D/C': 0, 'Recharge shaft': 0, 'LFB': 0, 'RFB': 0}","{'Floodlight': 0, 'Flood Light': 0, 'GAS': 0, 'FIFA': 0, 'pipe': 0, 'pipes': 0, 'covid': 0, 'supply': 0, 'Beautification': 0, 'Installation': 0}",Post-Monsoon,,False,True,Repair and Restoration,"{'Construction': 1, 'Drain': 1}"
2024_DOLBU_945977_29,15VITT/ETENDERSKT/2024,Construction of C.C Road/  Drain Near H/o Salauddin  to H/o Ibra Mahigeer  Moh  Hakiman ward 15  length 58 mtr,,,,,,,,,,,,,,,,Directorate of Local Bodies UP||Nagar Palika Parishad Sherkot Bijnor,,,,,,"1,161,102.972",,2024-10-17,Directorate of Local Bodies UP||Nagar Palika Parishad Sherkot Bijnor,True,"{'Flood': 0, 'Embankment': 0, 'embkt': 0, 'Relief': 0, 'Erosion': 0, 'SDRF': 0, 'Inundation': 0, 'Hydrology': 0, 'Silt': 0, 'Siltation': 0, 'Bund': 0, 'Trench': 0, 'Breach': 0, 'Culvert': 0, 'Sluice': 0, 'Dyke': 0, 'Storm water drain': 0, 'Emergency': 0, 'Immediate': 0, 'IM': 0, 'AE': 0, 'A E': 0, 'AAPDA MITRA': 0, 'Bridge': 0, 'River': 0, 'Drain': 1, 'Restoration': 0, 'Protection': 0, 'irr': 0, 'irrigation': 0, 'dam': 0, 'Nallah': 0, 'Retrofitting': 0, 'Pond': 0, 'Pokhari': 0, 'D/C': 0, 'Recharge shaft': 0, 'LFB': 0, 'RFB': 0}","{'Floodlight': 0, 'Flood Light': 0, 'GAS': 0, 'FIFA': 0, 'pipe': 0, 'pipes': 0, 'covid': 0, 'supply': 0, 'Beautification': 0, 'Installation': 0}",Post-Monsoon,,False,True,Repair and Restoration,"{'Construction': 1, 'Drain': 1}"
2024_DOLBU_945977_30,15VITT/ETENDERSKT/2024,Construction of 80 mm rubber molded vibrater  Interlocking  Road/  Drain Near H/o Mukeem  to  Nagar Palika Tubewell   Moh  Samnasarai  ward 05  length 85 mtr,,,,,,,,,,,,,,,,Directorate of Local Bodies UP||Nagar Palika Parishad Sherkot Bijnor,,,,,,"765,102.694",,2024-10-17,Directorate of Local Bodies UP||Nagar Palika Parishad Sherkot Bijnor,True,"{'Flood': 0, 'Embankment': 0, 'embkt': 0, 'Relief': 0, 'Erosion': 0, 'SDRF': 0, 'Inundation': 0, 'Hydrology': 0, 'Silt': 0, 'Siltation': 0, 'Bund': 0, 'Trench': 0, 'Breach': 0, 'Culvert': 0, 'Sluice': 0, 'Dyke': 0, 'Storm water drain': 0, 'Emergency': 0, 'Immediate': 0, 'IM': 0, 'AE': 0, 'A E': 0, 'AAPDA MITRA': 0, 'Bridge': 0, 'River': 0, 'Drain': 1, 'Restoration': 0, 'Protection': 0, 'irr': 0, 'irrigation': 0, 'dam': 0, 'Nallah': 0, 'Retrofitting': 0, 'Pond': 0, 'Pokhari': 0, 'D/C': 0, 'Recharge shaft': 0, 'LFB': 0, 'RFB': 0}","{'Floodlight': 0, 'Flood Light': 0, 'GAS': 0, 'FIFA': 0, 'pipe': 0, 'pipes': 0, 'covid': 0, 'supply': 0, 'Beautification': 0, 'Installation': 0}",Post-Monsoon,,False,True,Repair and Restoration,"{'Construction': 1, 'Drain': 1}"
2024_DOLBU_945977_32,15VITT/ETENDERSKT/2024,Construction of C.C Road/  Drain Near H/o Ram kumar saini to H/o Nipendra Saini   Moh  Khurada ward 12 length 43 mtr,,,,,,,,,,,,,,,,Directorate of Local Bodies UP||Nagar Palika Parishad Sherkot Bijnor,,,,,,"252,468.321",,2024-10-17,Directorate of Local Bodies UP||Nagar Palika Parishad Sherkot Bijnor,True,"{'Flood': 0, 'Embankment': 0, 'embkt': 0, 'Relief': 0, 'Erosion': 0, 'SDRF': 0, 'Inundation': 0, 'Hydrology': 0, 'Silt': 0, 'Siltation': 0, 'Bund': 0, 'Trench': 0, 'Breach': 0, 'Culvert': 0, 'Sluice': 0, 'Dyke': 0, 'Storm water drain': 0, 'Emergency': 0, 'Immediate': 0, 'IM': 0, 'AE': 0, 'A E': 0, 'AAPDA MITRA': 0, 'Bridge': 0, 'River': 0, 'Drain': 1, 'Restoration': 0, 'Protection': 0, 'irr': 0, 'irrigation': 0, 'dam': 0, 'Nallah': 0, 'Retrofitting': 0, 'Pond': 0, 'Pokhari': 0, 'D/C': 0, 'Recharge shaft': 0, 'LFB': 0, 'RFB': 0}","{'Floodlight': 0, 'Flood Light': 0, 'GAS': 0, 'FIFA': 0, 'pipe': 0, 'pipes': 0, 'covid': 0, 'supply': 0, 'Beautification': 0, 'Installation': 0}",Post-Monsoon,,False,True,Repair and Restoration,"{'Construction': 1, 'Drain': 1}"
2024_DOLBU_945977_32,15VITT/ETENDERSKT/2024,Construction of C.C Road/  Drain Near H/o Ram kumar saini to H/o Nipendra Saini   Moh  Khurada ward 12 length 43 mtr,,,,,,,,,,,,,,,,Directorate of Local Bodies UP||Nagar Palika Parishad Sherkot Bijnor,,,,,,"252,468.321",,2024-10-17,Directorate of Local Bodies UP||Nagar Palika Parishad Sherkot Bijnor,True,"{'Flood': 0, 'Embankment': 0, 'embkt': 0, 'Relief': 0, 'Erosion': 0, 'SDRF': 0, 'Inundation': 0, 'Hydrology': 0, 'Silt': 0, 'Siltation': 0, 'Bund': 0, 'Trench': 0, 'Breach': 0, 'Culvert': 0, 'Sluice': 0, 'Dyke': 0, 'Storm water drain': 0, 'Emergency': 0, 'Immediate': 0, 'IM': 0, 'AE': 0, 'A E': 0, 'AAPDA MITRA': 0, 'Bridge': 0, 'River': 0, 'Drain': 1, 'Restoration': 0, 'Protection': 0, 'irr': 0, 'irrigation': 0, 'dam': 0, 'Nallah': 0, 'Retrofitting': 0, 'Pond': 0, 'Pokhari': 0, 'D/C': 0, 'Recharge shaft': 0, 'LFB': 0, 'RFB': 0}","{'Floodlight': 0, 'Flood Light': 0, 'GAS': 0, 'FIFA': 0, 'pipe': 0, 'pipes': 0, 'covid': 0, 'supply': 0, 'Beautification': 0, 'Installation': 0}",Post-Monsoon,,False,True,Repair and Restoration,"{'Construction': 1, 'Drain': 1}"
2024_DOLBU_945977_33,15VITT/ETENDERSKT/2024,Construction of C.C Road/  Drain Near Imran Bhai Wali Gali  Naudhana  ward 04/16 length 20 mtr,,,,,,,,,,,,,,,,Directorate of Local Bodies UP||Nagar Palika Parishad Sherkot Bijnor,,,,,,"126,667.267",,2024-10-17,Directorate of Local Bodies UP||Nagar Palika Parishad Sherkot Bijnor,True,"{'Flood': 0, 'Embankment': 0, 'embkt': 0, 'Relief': 0, 'Erosion': 0, 'SDRF': 0, 'Inundation': 0, 'Hydrology': 0, 'Silt': 0, 'Siltation': 0, 'Bund': 0, 'Trench': 0, 'Breach': 0, 'Culvert': 0, 'Sluice': 0, 'Dyke': 0, 'Storm water drain': 0, 'Emergency': 0, 'Immediate': 0, 'IM': 0, 'AE': 0, 'A E': 0, 'AAPDA MITRA': 0, 'Bridge': 0, 'River': 0, 'Drain': 1, 'Restoration': 0, 'Protection': 0, 'irr': 0, 'irrigation': 0, 'dam': 0, 'Nallah': 0, 'Retrofitting': 0, 'Pond': 0, 'Pokhari': 0, 'D/C': 0, 'Recharge shaft': 0, 'LFB': 0, 'RFB': 0}","{'Floodlight': 0, 'Flood Light': 0, 'GAS': 0, 'FIFA': 0, 'pipe': 0, 'pipes': 0, 'covid': 0, 'supply': 0, 'Beautification': 0, 'Installation': 0}",Post-Monsoon,,False,True,Repair and Restoration,"{'Construction': 1, 'Drain': 1}"
2024_DOLBU_945977_30,15VITT/ETENDERSKT/2024,Construction of 80 mm rubber molded vibrater  Interlocking  Road/  Drain Near H/o Mukeem  to  Nagar Palika Tubewell   Moh  Samnasarai  ward 05  length 85 mtr,,,,,,,,,,,,,,,,Directorate of Local Bodies UP||Nagar Palika Parishad Sherkot Bijnor,,,,,,"765,102.694",,2024-10-17,Directorate of Local Bodies UP||Nagar Palika Parishad Sherkot Bijnor,True,"{'Flood': 0, 'Embankment': 0, 'embkt': 0, 'Relief': 0, 'Erosion': 0, 'SDRF': 0, 'Inundation': 0, 'Hydrology': 0, 'Silt': 0, 'Siltation': 0, 'Bund': 0, 'Trench': 0, 'Breach': 0, 'Culvert': 0, 'Sluice': 0, 'Dyke': 0, 'Storm water drain': 0, 'Emergency': 0, 'Immediate': 0, 'IM': 0, 'AE': 0, 'A E': 0, 'AAPDA MITRA': 0, 'Bridge': 0, 'River': 0, 'Drain': 1, 'Restoration': 0, 'Protection': 0, 'irr': 0, 'irrigation': 0, 'dam': 0, 'Nallah': 0, 'Retrofitting': 0, 'Pond': 0, 'Pokhari': 0, 'D/C': 0, 'Recharge shaft': 0, 'LFB': 0, 'RFB': 0}","{'Floodlight': 0, 'Flood Light': 0, 'GAS': 0, 'FIFA': 0, 'pipe': 0, 'pipes': 0, 'covid': 0, 'supply': 0, 'Beautification': 0, 'Installation': 0}",Post-Monsoon,,False,True,Repair and Restoration,"{'Construction': 1, 'Drain': 1}"
2024_DOLBU_945977_20,15VITT/ETENDERSKT/2024,Construction of C.C Road/  Drain Near H/o Margoob Bhai to H/o Khursheed Bhai   Moh  Naudhana   length 80mtr,,,,,,,,,,,,,,,,Directorate of Local Bodies UP||Nagar Palika Parishad Sherkot Bijnor,,,,,,"853,718.806",,2024-10-17,Directorate of Local Bodies UP||Nagar Palika Parishad Sherkot Bijnor,True,"{'Flood': 0, 'Embankment': 0, 'embkt': 0, 'Relief': 0, 'Erosion': 0, 'SDRF': 0, 'Inundation': 0, 'Hydrology': 0, 'Silt': 0, 'Siltation': 0, 'Bund': 0, 'Trench': 0, 'Breach': 0, 'Culvert': 0, 'Sluice': 0, 'Dyke': 0, 'Storm water drain': 0, 'Emergency': 0, 'Immediate': 0, 'IM': 0, 'AE': 0, 'A E': 0, 'AAPDA MITRA': 0, 'Bridge': 0, 'River': 0, 'Drain': 1, 'Restoration': 0, 'Protection': 0, 'irr': 0, 'irrigation': 0, 'dam': 0, 'Nallah': 0, 'Retrofitting': 0, 'Pond': 0, 'Pokhari': 0, 'D/C': 0, 'Recharge shaft': 0, 'LFB': 0, 'RFB': 0}","{'Floodlight': 0, 'Flood Light': 0, 'GAS': 0, 'FIFA': 0, 'pipe': 0, 'pipes': 0, 'covid': 0, 'supply': 0, 'Beautification': 0, 'Installation': 0}",Post-Monsoon,,False,True,Repair and Restoration,"{'Construction': 1, 'Drain': 1}"
2024_DOLBU_945977_21,15VITT/ETENDERSKT/2024,Construction of C.C Road/  Drain Near H/o Sharafat  to H/o Anees and Haneef Mansoori   Moh  Khurada ward 18  length 166 mtr,,,,,,,,,,,,,,,,Directorate of Local Bodies UP||Nagar Palika Parishad Sherkot Bijnor,,,,,,"1,006,057.55",,2024-10-17,Directorate of Local Bodies UP||Nagar Palika Parishad Sherkot Bijnor,True,"{'Flood': 0, 'Embankment': 0, 'embkt': 0, 'Relief': 0, 'Erosion': 0, 'SDRF': 0, 'Inundation': 0, 'Hydrology': 0, 'Silt': 0, 'Siltation': 0, 'Bund': 0, 'Trench': 0, 'Breach': 0, 'Culvert': 0, 'Sluice': 0, 'Dyke': 0, 'Storm water drain': 0, 'Emergency': 0, 'Immediate': 0, 'IM': 0, 'AE': 0, 'A E': 0, 'AAPDA MITRA': 0, 'Bridge': 0, 'River': 0, 'Drain': 1, 'Restoration': 0, 'Protection': 0, 'irr': 0, 'irrigation': 0, 'dam': 0, 'Nallah': 0, 'Retrofitting': 0, 'Pond': 0, 'Pokhari': 0, 'D/C': 0, 'Recharge shaft': 0, 'LFB': 0, 'RFB': 0}","{'Floodlight': 0, 'Flood Light': 0, 'GAS': 0, 'FIFA': 0, 'pipe': 0, 'pipes': 0, 'covid': 0, 'supply': 0, 'Beautification': 0, 'Installation': 0}",Post-Monsoon,,False,True,Repair and Restoration,"{'Construction': 1, 'Drain': 1}"
2024_DOLBU_945977_22,15VITT/ETENDERSKT/2024,Construction of C.C Road/  Drain Near H/o Maksood  to H/o Rauf  Moh  Kotra  ward 21  length 117 mtr,,,,,,,,,,,,,,,,Directorate of Local Bodies UP||Nagar Palika Parishad Sherkot Bijnor,,,,,,"1,136,739.745",,2024-10-17,Directorate of Local Bodies UP||Nagar Palika Parishad Sherkot Bijnor,True,"{'Flood': 0, 'Embankment': 0, 'embkt': 0, 'Relief': 0, 'Erosion': 0, 'SDRF': 0, 'Inundation': 0, 'Hydrology': 0, 'Silt': 0, 'Siltation': 0, 'Bund': 0, 'Trench': 0, 'Breach': 0, 'Culvert': 0, 'Sluice': 0, 'Dyke': 0, 'Storm water drain': 0, 'Emergency': 0, 'Immediate': 0, 'IM': 0, 'AE': 0, 'A E': 0, 'AAPDA MITRA': 0, 'Bridge': 0, 'River': 0, 'Drain': 1, 'Restoration': 0, 'Protection': 0, 'irr': 0, 'irrigation': 0, 'dam': 0, 'Nallah': 0, 'Retrofitting': 0, 'Pond': 0, 'Pokhari': 0, 'D/C': 0, 'Recharge shaft': 0, 'LFB': 0, 'RFB': 0}","{'Floodlight': 0, 'Flood Light': 0, 'GAS': 0, 'FIFA': 0, 'pipe': 0, 'pipes': 0, 'covid': 0, 'supply': 0, 'Beautification': 0, 'Installation': 0}",Post-Monsoon,,False,True,Repair and Restoration,"{'Construction': 1, 'Drain': 1}"
2024_DOLBU_945977_25,15VITT/ETENDERSKT/2024,Construction of C.C Road/  Drain Near H/o Wasil  to H/o Waseem Moh  Tarai  ward 11  length 48 mtr,,,,,,,,,,,,,,,,Directorate of Local Bodies UP||Nagar Palika Parishad Sherkot Bijnor,,,,,,"448,509.696",,2024-10-17,Directorate of Local Bodies UP||Nagar Palika Parishad Sherkot Bijnor,True,"{'Flood': 0, 'Embankment': 0, 'embkt': 0, 'Relief': 0, 'Erosion': 0, 'SDRF': 0, 'Inundation': 0, 'Hydrology': 0, 'Silt': 0, 'Siltation': 0, 'Bund': 0, 'Trench': 0, 'Breach': 0, 'Culvert': 0, 'Sluice': 0, 'Dyke': 0, 'Storm water drain': 0, 'Emergency': 0, 'Immediate': 0, 'IM': 0, 'AE': 0, 'A E': 0, 'AAPDA MITRA': 0, 'Bridge': 0, 'River': 0, 'Drain': 1, 'Restoration': 0, 'Protection': 0, 'irr': 0, 'irrigation': 0, 'dam': 0, 'Nallah': 0, 'Retrofitting': 0, 'Pond': 0, 'Pokhari': 0, 'D/C': 0, 'Recharge shaft': 0, 'LFB': 0, 'RFB': 0}","{'Floodlight': 0, 'Flood Light': 0, 'GAS': 0, 'FIFA': 0, 'pipe': 0, 'pipes': 0, 'covid': 0, 'supply': 0, 'Beautification': 0, 'Installation': 0}",Post-Monsoon,,False,True,Repair and Restoration,"{'Construction': 1, 'Drain': 1}"
2024_DOLBU_945977_25,15VITT/ETENDERSKT/2024,Construction of C.C Road/  Drain Near H/o Wasil  to H/o Waseem Moh  Tarai  ward 11  length 48 mtr,,,,,,,,,,,,,,,,Directorate of Local Bodies UP||Nagar Palika Parishad Sherkot Bijnor,,,,,,"448,509.696",,2024-10-17,Directorate of Local Bodies UP||Nagar Palika Parishad Sherkot Bijnor,True,"{'Flood': 0, 'Embankment': 0, 'embkt': 0, 'Relief': 0, 'Erosion': 0, 'SDRF': 0, 'Inundation': 0, 'Hydrology': 0, 'Silt': 0, 'Siltation': 0, 'Bund': 0, 'Trench': 0, 'Breach': 0, 'Culvert': 0, 'Sluice': 0, 'Dyke': 0, 'Storm water drain': 0, 'Emergency': 0, 'Immediate': 0, 'IM': 0, 'AE': 0, 'A E': 0, 'AAPDA MITRA': 0, 'Bridge': 0, 'River': 0, 'Drain': 1, 'Restoration': 0, 'Protection': 0, 'irr': 0, 'irrigation': 0, 'dam': 0, 'Nallah': 0, 'Retrofitting': 0, 'Pond': 0, 'Pokhari': 0, 'D/C': 0, 'Recharge shaft': 0, 'LFB': 0, 'RFB': 0}","{'Floodlight': 0, 'Flood Light': 0, 'GAS': 0, 'FIFA': 0, 'pipe': 0, 'pipes': 0, 'covid': 0, 'supply': 0, 'Beautification': 0, 'Installation': 0}",Post-Monsoon,,False,True,Repair and Restoration,"{'Construction': 1, 'Drain': 1}"
2024_DOLBU_928875_1,Drain work ward 31,Ward number 31 harsevakpur Mein Lalu Prajapati ke Makan se Mahadev Puram Colony Chauraha Tak rcc Nala Nirman,,,,,,,,,,,,,,,,Directorate of Local Bodies UP||Gorakhpur Municipal Corporation,,,,,,"17,147,613.105",,2024-10-24,Directorate of Local Bodies UP||Gorakhpur Municipal Corporation,True,"{'Flood': 0, 'Embankment': 0, 'embkt': 0, 'Relief': 0, 'Erosion': 0, 'SDRF': 0, 'Inundation': 0, 'Hydrology': 0, 'Silt': 0, 'Siltation': 0, 'Bund': 0, 'Trench': 0, 'Breach': 0, 'Culvert': 0, 'Sluice': 0, 'Dyke': 0, 'Storm water drain': 0, 'Emergency': 0, 'Immediate': 0, 'IM': 0, 'AE': 0, 'A E': 0, 'AAPDA MITRA': 0, 'Bridge': 0, 'River': 0, 'Drain': 1, 'Restoration': 0, 'Protection': 0, 'irr': 0, 'irrigation': 0, 'dam': 0, 'Nallah': 0, 'Retrofitting': 0, 'Pond': 0, 'Pokhari': 0, 'D/C': 0, 'Recharge shaft': 0, 'LFB': 0, 'RFB': 0}","{'Floodlight': 0, 'Flood Light': 0, 'GAS': 0, 'FIFA': 0, 'pipe': 0, 'pipes': 0, 'covid': 0, 'supply': 0, 'Beautification': 0, 'Installation': 0}",Post-Monsoon,,False,True,Repair and Restoration,{'Drain': 1}
2024_DOLBU_928977_1,Drain work ward 37,Ward number 37 bharvaliya Mein Chunni Prasad ke Makan se Mahesh Rai ke Makan Tak aur Aayush se Madhu Pande ke Makan Hote Hue Rajdev se Chandu Yadav ke Makan Aur Sudama Mishra ke Makan se Satyam shrivtastav Sunil Singh wali gali Hote Hue Jaswant Singh,,,,,,,,,,,,,,,,Directorate of Local Bodies UP||Gorakhpur Municipal Corporation,,,,,,"3,823,349.632",,2024-10-18,Directorate of Local Bodies UP||Gorakhpur Municipal Corporation,True,"{'Flood': 0, 'Embankment': 0, 'embkt': 0, 'Relief': 0, 'Erosion': 0, 'SDRF': 0, 'Inundation': 0, 'Hydrology': 0, 'Silt': 0, 'Siltation': 0, 'Bund': 0, 'Trench': 0, 'Breach': 0, 'Culvert': 0, 'Sluice': 0, 'Dyke': 0, 'Storm water drain': 0, 'Emergency': 0, 'Immediate': 0, 'IM': 0, 'AE': 0, 'A E': 0, 'AAPDA MITRA': 0, 'Bridge': 0, 'River': 0, 'Drain': 1, 'Restoration': 0, 'Protection': 0, 'irr': 0, 'irrigation': 0, 'dam': 0, 'Nallah': 0, 'Retrofitting': 0, 'Pond': 0, 'Pokhari': 0, 'D/C': 0, 'Recharge shaft': 0, 'LFB': 0, 'RFB': 0}","{'Floodlight': 0, 'Flood Light': 0, 'GAS': 0, 'FIFA': 0, 'pipe': 0, 'pipes': 0, 'covid': 0, 'supply': 0, 'Beautification': 0, 'Installation': 0}",Post-Monsoon,,False,True,Repair and Restoration,{'Drain': 1}
2024_DOLBU_928875_1,Drain work ward 31,Ward number 31 harsevakpur Mein Lalu Prajapati ke Makan se Mahadev Puram Colony Chauraha Tak rcc Nala Nirman,,,,,,,,,,,,,,,,Directorate of Local Bodies UP||Gorakhpur Municipal Corporation,,,,,,"17,147,613.105",,2024-10-24,Directorate of Local Bodies UP||Gorakhpur Municipal Corporation,True,"{'Flood': 0, 'Embankment': 0, 'embkt': 0, 'Relief': 0, 'Erosion': 0, 'SDRF': 0, 'Inundation': 0, 'Hydrology': 0, 'Silt': 0, 'Siltation': 0, 'Bund': 0, 'Trench': 0, 'Breach': 0, 'Culvert': 0, 'Sluice': 0, 'Dyke': 0, 'Storm water drain': 0, 'Emergency': 0, 'Immediate': 0, 'IM': 0, 'AE': 0, 'A E': 0, 'AAPDA MITRA': 0, 'Bridge': 0, 'River': 0, 'Drain': 1, 'Restoration': 0, 'Protection': 0, 'irr': 0, 'irrigation': 0, 'dam': 0, 'Nallah': 0, 'Retrofitting': 0, 'Pond': 0, 'Pokhari': 0, 'D/C': 0, 'Recharge shaft': 0, 'LFB': 0, 'RFB': 0}","{'Floodlight': 0, 'Flood Light': 0, 'GAS': 0, 'FIFA': 0, 'pipe': 0, 'pipes': 0, 'covid': 0, 'supply': 0, 'Beautification': 0, 'Installation': 0}",Post-Monsoon,,False,True,Repair and Restoration,{'Drain': 1}
2024_DOLBU_919693_1,Drain work ward 6,Ward number 6 Jungle Sikri Mein khorabar devriya bypass se kesarvani petrol pump Tak RCC covered Nala Nirman,,,,,,,,,,,,,,,,Directorate of Local Bodies UP||Gorakhpur Municipal Corporation,,,,,,"30,207,434.434",,2024-10-15,Directorate of Local Bodies UP||Gorakhpur Municipal Corporation,True,"{'Flood': 0, 'Embankment': 0, 'embkt': 0, 'Relief': 0, 'Erosion': 0, 'SDRF': 0, 'Inundation': 0, 'Hydrology': 0, 'Silt': 0, 'Siltation': 0, 'Bund': 0, 'Trench': 0, 'Breach': 0, 'Culvert': 0, 'Sluice': 0, 'Dyke': 0, 'Storm water drain': 0, 'Emergency': 0, 'Immediate': 0, 'IM': 0, 'AE': 0, 'A E': 0, 'AAPDA MITRA': 0, 'Bridge': 0, 'River': 0, 'Drain': 1, 'Restoration': 0, 'Protection': 0, 'irr': 0, 'irrigation': 0, 'dam': 0, 'Nallah': 0, 'Retrofitting': 0, 'Pond': 0, 'Pokhari': 0, 'D/C': 0, 'Recharge shaft': 0, 'LFB': 0, 'RFB': 0}","{'Floodlight': 0, 'Flood Light': 0, 'GAS': 0, 'FIFA': 0, 'pipe': 0, 'pipes': 0, 'covid': 0, 'supply': 0, 'Beautification': 0, 'Installation': 0}",Post-Monsoon,,False,True,Repair and Restoration,{'Drain': 1}
2024_DOLBU_919693_1,Drain work ward 6,Ward number 6 Jungle Sikri Mein khorabar devriya bypass se kesarvani petrol pump Tak RCC covered Nala Nirman,,,,,,,,,,,,,,,,Directorate of Local Bodies UP||Gorakhpur Municipal Corporation,,,,,,"30,207,434.434",,2024-10-15,Directorate of Local Bodies UP||Gorakhpur Municipal Corporation,True,"{'Flood': 0, 'Embankment': 0, 'embkt': 0, 'Relief': 0, 'Erosion': 0, 'SDRF': 0, 'Inundation': 0, 'Hydrology': 0, 'Silt': 0, 'Siltation': 0, 'Bund': 0, 'Trench': 0, 'Breach': 0, 'Culvert': 0, 'Sluice': 0, 'Dyke': 0, 'Storm water drain': 0, 'Emergency': 0, 'Immediate': 0, 'IM': 0, 'AE': 0, 'A E': 0, 'AAPDA MITRA': 0, 'Bridge': 0, 'River': 0, 'Drain': 1, 'Restoration': 0, 'Protection': 0, 'irr': 0, 'irrigation': 0, 'dam': 0, 'Nallah': 0, 'Retrofitting': 0, 'Pond': 0, 'Pokhari': 0, 'D/C': 0, 'Recharge shaft': 0, 'LFB': 0, 'RFB': 0}","{'Floodlight': 0, 'Flood Light': 0, 'GAS': 0, 'FIFA': 0, 'pipe': 0, 'pipes': 0, 'covid': 0, 'supply': 0, 'Beautification': 0, 'Installation': 0}",Post-Monsoon,,False,True,Repair and Restoration,{'Drain': 1}
2024_DOLBU_919919_1,Drain work ward 08,Ward number 08 Chargaon Mein sport college se Sharma building material Tak RCC Nala Nirman,,,,,,,,,,,,,,,,Directorate of Local Bodies UP||Gorakhpur Municipal Corporation,,,,,,"12,923,972.23",,2024-10-24,Directorate of Local Bodies UP||Gorakhpur Municipal Corporation,True,"{'Flood': 0, 'Embankment': 0, 'embkt': 0, 'Relief': 0, 'Erosion': 0, 'SDRF': 0, 'Inundation': 0, 'Hydrology': 0, 'Silt': 0, 'Siltation': 0, 'Bund': 0, 'Trench': 0, 'Breach': 0, 'Culvert': 0, 'Sluice': 0, 'Dyke': 0, 'Storm water drain': 0, 'Emergency': 0, 'Immediate': 0, 'IM': 0, 'AE': 0, 'A E': 0, 'AAPDA MITRA': 0, 'Bridge': 0, 'River': 0, 'Drain': 1, 'Restoration': 0, 'Protection': 0, 'irr': 0, 'irrigation': 0, 'dam': 0, 'Nallah': 0, 'Retrofitting': 0, 'Pond': 0, 'Pokhari': 0, 'D/C': 0, 'Recharge shaft': 0, 'LFB': 0, 'RFB': 0}","{'Floodlight': 0, 'Flood Light': 0, 'GAS': 0, 'FIFA': 0, 'pipe': 0, 'pipes': 0, 'covid': 0, 'supply': 0, 'Beautification': 0, 'Installation': 0}",Post-Monsoon,,False,True,Repair and Restoration,{'Drain': 1}
2024_DOLBU_919919_1,Drain work ward 08,Ward number 08 Chargaon Mein sport college se Sharma building material Tak RCC Nala Nirman,,,,,,,,,,,,,,,,Directorate of Local Bodies UP||Gorakhpur Municipal Corporation,,,,,,"12,923,972.23",,2024-10-24,Directorate of Local Bodies UP||Gorakhpur Municipal Corporation,True,"{'Flood': 0, 'Embankment': 0, 'embkt': 0, 'Relief': 0, 'Erosion': 0, 'SDRF': 0, 'Inundation': 0, 'Hydrology': 0, 'Silt': 0, 'Siltation': 0, 'Bund': 0, 'Trench': 0, 'Breach': 0, 'Culvert': 0, 'Sluice': 0, 'Dyke': 0, 'Storm water drain': 0, 'Emergency': 0, 'Immediate': 0, 'IM': 0, 'AE': 0, 'A E': 0, 'AAPDA MITRA': 0, 'Bridge': 0, 'River': 0, 'Drain': 1, 'Restoration': 0, 'Protection': 0, 'irr': 0, 'irrigation': 0, 'dam': 0, 'Nallah': 0, 'Retrofitting': 0, 'Pond': 0, 'Pokhari': 0, 'D/C': 0, 'Recharge shaft': 0, 'LFB': 0, 'RFB': 0}","{'Floodlight': 0, 'Flood Light': 0, 'GAS': 0, 'FIFA': 0, 'pipe': 0, 'pipes': 0, 'covid': 0, 'supply': 0, 'Beautification': 0, 'Installation': 0}",Post-Monsoon,,False,True,Repair and Restoration,{'Drain': 1}
2024_DOLBU_898779_2,N.P.R./SFC1ST/W-26/2023-24,RCC from Ramji house to Sheshnath house in Ward No. 19 Amava Dham Nagar. drain construction work,,,,,,,,,,,,,,,,Directorate of Local Bodies UP||Nagar Panchayat Ramkola Kushinagar,,,,,,"363,305.35",,2024-10-23,Directorate of Local Bodies UP||Nagar Panchayat Ramkola Kushinagar,True,"{'Flood': 0, 'Embankment': 0, 'embkt': 0, 'Relief': 0, 'Erosion': 0, 'SDRF': 0, 'Inundation': 0, 'Hydrology': 0, 'Silt': 0, 'Siltation': 0, 'Bund': 0, 'Trench': 0, 'Breach': 0, 'Culvert': 0, 'Sluice': 0, 'Dyke': 0, 'Storm water drain': 0, 'Emergency': 0, 'Immediate': 0, 'IM': 0, 'AE': 0, 'A E': 0, 'AAPDA MITRA': 0, 'Bridge': 0, 'River': 0, 'Drain': 1, 'Restoration': 0, 'Protection': 0, 'irr': 0, 'irrigation': 0, 'dam': 0, 'Nallah': 0, 'Retrofitting': 0, 'Pond': 0, 'Pokhari': 0, 'D/C': 0, 'Recharge shaft': 0, 'LFB': 0, 'RFB': 0}","{'Floodlight': 0, 'Flood Light': 0, 'GAS': 0, 'FIFA': 0, 'pipe': 0, 'pipes': 0, 'covid': 0, 'supply': 0, 'Beautification': 0, 'Installation': 0}",Post-Monsoon,,False,True,Repair and Restoration,"{'Construction': 1, 'Drain': 1}"
2024_DOLBU_898779_2,N.P.R./SFC1ST/W-26/2023-24,RCC from Ramji house to Sheshnath house in Ward No. 19 Amava Dham Nagar. drain construction work,,,,,,,,,,,,,,,,Directorate of Local Bodies UP||Nagar Panchayat Ramkola Kushinagar,,,,,,"363,305.35",,2024-10-23,Directorate of Local Bodies UP||Nagar Panchayat Ramkola Kushinagar,True,"{'Flood': 0, 'Embankment': 0, 'embkt': 0, 'Relief': 0, 'Erosion': 0, 'SDRF': 0, 'Inundation': 0, 'Hydrology': 0, 'Silt': 0, 'Siltation': 0, 'Bund': 0, 'Trench': 0, 'Breach': 0, 'Culvert': 0, 'Sluice': 0, 'Dyke': 0, 'Storm water drain': 0, 'Emergency': 0, 'Immediate': 0, 'IM': 0, 'AE': 0, 'A E': 0, 'AAPDA MITRA': 0, 'Bridge': 0, 'River': 0, 'Drain': 1, 'Restoration': 0, 'Protection': 0, 'irr': 0, 'irrigation': 0, 'dam': 0, 'Nallah': 0, 'Retrofitting': 0, 'Pond': 0, 'Pokhari': 0, 'D/C': 0, 'Recharge shaft': 0, 'LFB': 0, 'RFB': 0}","{'Floodlight': 0, 'Flood Light': 0, 'GAS': 0, 'FIFA': 0, 'pipe': 0, 'pipes': 0, 'covid': 0, 'supply': 0, 'Beautification': 0, 'Installation': 0}",Post-Monsoon,,False,True,Repair and Restoration,"{'Construction': 1, 'Drain': 1}"
2024_DOLBU_898780_2,N.P.R./SFC1ST/W-27/2023-24,RCC from Vibhuti house to Raghunath farm in Ward No. 19 Amava Dham Nagar. drain construction work,,,,,,,,,,,,,,,,Directorate of Local Bodies UP||Nagar Panchayat Ramkola Kushinagar,,,,,,"660,516.82",,2024-10-23,Directorate of Local Bodies UP||Nagar Panchayat Ramkola Kushinagar,True,"{'Flood': 0, 'Embankment': 0, 'embkt': 0, 'Relief': 0, 'Erosion': 0, 'SDRF': 0, 'Inundation': 0, 'Hydrology': 0, 'Silt': 0, 'Siltation': 0, 'Bund': 0, 'Trench': 0, 'Breach': 0, 'Culvert': 0, 'Sluice': 0, 'Dyke': 0, 'Storm water drain': 0, 'Emergency': 0, 'Immediate': 0, 'IM': 0, 'AE': 0, 'A E': 0, 'AAPDA MITRA': 0, 'Bridge': 0, 'River': 0, 'Drain': 1, 'Restoration': 0, 'Protection': 0, 'irr': 0, 'irrigation': 0, 'dam': 0, 'Nallah': 0, 'Retrofitting': 0, 'Pond': 0, 'Pokhari': 0, 'D/C': 0, 'Recharge shaft': 0, 'LFB': 0, 'RFB': 0}","{'Floodlight': 0, 'Flood Light': 0, 'GAS': 0, 'FIFA': 0, 'pipe': 0, 'pipes': 0, 'covid': 0, 'supply': 0, 'Beautification': 0, 'Installation': 0}",Post-Monsoon,,False,True,Repair and Restoration,"{'Construction': 1, 'Drain': 1}"
2024_DOLBU_898751_3,N.P.R./SFC1ST/W-10/2023-24,CC road and drain construction work from main road to Khushi Ram house in Ward No. 07.,,,,,,,,,,,,,,,,Directorate of Local Bodies UP||Nagar Panchayat Ramkola Kushinagar,,,,,,"726,968.89",,2024-10-23,Directorate of Local Bodies UP||Nagar Panchayat Ramkola Kushinagar,True,"{'Flood': 0, 'Embankment': 0, 'embkt': 0, 'Relief': 0, 'Erosion': 0, 'SDRF': 0, 'Inundation': 0, 'Hydrology': 0, 'Silt': 0, 'Siltation': 0, 'Bund': 0, 'Trench': 0, 'Breach': 0, 'Culvert': 0, 'Sluice': 0, 'Dyke': 0, 'Storm water drain': 0, 'Emergency': 0, 'Immediate': 0, 'IM': 0, 'AE': 0, 'A E': 0, 'AAPDA MITRA': 0, 'Bridge': 0, 'River': 0, 'Drain': 1, 'Restoration': 0, 'Protection': 0, 'irr': 0, 'irrigation': 0, 'dam': 0, 'Nallah': 0, 'Retrofitting': 0, 'Pond': 0, 'Pokhari': 0, 'D/C': 0, 'Recharge shaft': 0, 'LFB': 0, 'RFB': 0}","{'Floodlight': 0, 'Flood Light': 0, 'GAS': 0, 'FIFA': 0, 'pipe': 0, 'pipes': 0, 'covid': 0, 'supply': 0, 'Beautification': 0, 'Installation': 0}",Post-Monsoon,,False,True,Repair and Restoration,"{'Construction': 1, 'Drain': 1}"
2024_DOLBU_898751_3,N.P.R./SFC1ST/W-10/2023-24,CC road and drain construction work from main road to Khushi Ram house in Ward No. 07.,,,,,,,,,,,,,,,,Directorate of Local Bodies UP||Nagar Panchayat Ramkola Kushinagar,,,,,,"726,968.89",,2024-10-23,Directorate of Local Bodies UP||Nagar Panchayat Ramkola Kushinagar,True,"{'Flood': 0, 'Embankment': 0, 'embkt': 0, 'Relief': 0, 'Erosion': 0, 'SDRF': 0, 'Inundation': 0, 'Hydrology': 0, 'Silt': 0, 'Siltation': 0, 'Bund': 0, 'Trench': 0, 'Breach': 0, 'Culvert': 0, 'Sluice': 0, 'Dyke': 0, 'Storm water drain': 0, 'Emergency': 0, 'Immediate': 0, 'IM': 0, 'AE': 0, 'A E': 0, 'AAPDA MITRA': 0, 'Bridge': 0, 'River': 0, 'Drain': 1, 'Restoration': 0, 'Protection': 0, 'irr': 0, 'irrigation': 0, 'dam': 0, 'Nallah': 0, 'Retrofitting': 0, 'Pond': 0, 'Pokhari': 0, 'D/C': 0, 'Recharge shaft': 0, 'LFB': 0, 'RFB': 0}","{'Floodlight': 0, 'Flood Light': 0, 'GAS': 0, 'FIFA': 0, 'pipe': 0, 'pipes': 0, 'covid': 0, 'supply': 0, 'Beautification': 0, 'Installation': 0}",Post-Monsoon,,False,True,Repair and Restoration,"{'Construction': 1, 'Drain': 1}"
2024_DOLBU_898759_2,N.P.R./SFC1ST/W-14/42023-24,Ward No. 10 Construction work of interlocking road and drain from Nizamuddin Ali house to Pahuna Babu farm.,,,,,,,,,,,,,,,,Directorate of Local Bodies UP||Nagar Panchayat Ramkola Kushinagar,,,,,,"696,304.46",,2024-10-23,Directorate of Local Bodies UP||Nagar Panchayat Ramkola Kushinagar,True,"{'Flood': 0, 'Embankment': 0, 'embkt': 0, 'Relief': 0, 'Erosion': 0, 'SDRF': 0, 'Inundation': 0, 'Hydrology': 0, 'Silt': 0, 'Siltation': 0, 'Bund': 0, 'Trench': 0, 'Breach': 0, 'Culvert': 0, 'Sluice': 0, 'Dyke': 0, 'Storm water drain': 0, 'Emergency': 0, 'Immediate': 0, 'IM': 0, 'AE': 0, 'A E': 0, 'AAPDA MITRA': 0, 'Bridge': 0, 'River': 0, 'Drain': 1, 'Restoration': 0, 'Protection': 0, 'irr': 0, 'irrigation': 0, 'dam': 0, 'Nallah': 0, 'Retrofitting': 0, 'Pond': 0, 'Pokhari': 0, 'D/C': 0, 'Recharge shaft': 0, 'LFB': 0, 'RFB': 0}","{'Floodlight': 0, 'Flood Light': 0, 'GAS': 0, 'FIFA': 0, 'pipe': 0, 'pipes': 0, 'covid': 0, 'supply': 0, 'Beautification': 0, 'Installation': 0}",Post-Monsoon,,False,True,Repair and Restoration,"{'Construction': 1, 'Drain': 1}"
2024_DOLBU_898759_2,N.P.R./SFC1ST/W-14/42023-24,Ward No. 10 Construction work of interlocking road and drain from Nizamuddin Ali house to Pahuna Babu farm.,,,,,,,,,,,,,,,,Directorate of Local Bodies UP||Nagar Panchayat Ramkola Kushinagar,,,,,,"696,304.46",,2024-10-23,Directorate of Local Bodies UP||Nagar Panchayat Ramkola Kushinagar,True,"{'Flood': 0, 'Embankment': 0, 'embkt': 0, 'Relief': 0, 'Erosion': 0, 'SDRF': 0, 'Inundation': 0, 'Hydrology': 0, 'Silt': 0, 'Siltation': 0, 'Bund': 0, 'Trench': 0, 'Breach': 0, 'Culvert': 0, 'Sluice': 0, 'Dyke': 0, 'Storm water drain': 0, 'Emergency': 0, 'Immediate': 0, 'IM': 0, 'AE': 0, 'A E': 0, 'AAPDA MITRA': 0, 'Bridge': 0, 'River': 0, 'Drain': 1, 'Restoration': 0, 'Protection': 0, 'irr': 0, 'irrigation': 0, 'dam': 0, 'Nallah': 0, 'Retrofitting': 0, 'Pond': 0, 'Pokhari': 0, 'D/C': 0, 'Recharge shaft': 0, 'LFB': 0, 'RFB': 0}","{'Floodlight': 0, 'Flood Light': 0, 'GAS': 0, 'FIFA': 0, 'pipe': 0, 'pipes': 0, 'covid': 0, 'supply': 0, 'Beautification': 0, 'Installation': 0}",Post-Monsoon,,False,True,Repair and Restoration,"{'Construction': 1, 'Drain': 1}"
2024_DOLBU_898779_2,N.P.R./SFC1ST/W-26/2023-24,RCC from Ramji house to Sheshnath house in Ward No. 19 Amava Dham Nagar. drain construction work,,,,,,,,,,,,,,,,Directorate of Local Bodies UP||Nagar Panchayat Ramkola Kushinagar,,,,,,"363,305.35",,2024-10-23,Directorate of Local Bodies UP||Nagar Panchayat Ramkola Kushinagar,True,"{'Flood': 0, 'Embankment': 0, 'embkt': 0, 'Relief': 0, 'Erosion': 0, 'SDRF': 0, 'Inundation': 0, 'Hydrology': 0, 'Silt': 0, 'Siltation': 0, 'Bund': 0, 'Trench': 0, 'Breach': 0, 'Culvert': 0, 'Sluice': 0, 'Dyke': 0, 'Storm water drain': 0, 'Emergency': 0, 'Immediate': 0, 'IM': 0, 'AE': 0, 'A E': 0, 'AAPDA MITRA': 0, 'Bridge': 0, 'River': 0, 'Drain': 1, 'Restoration': 0, 'Protection': 0, 'irr': 0, 'irrigation': 0, 'dam': 0, 'Nallah': 0, 'Retrofitting': 0, 'Pond': 0, 'Pokhari': 0, 'D/C': 0, 'Recharge shaft': 0, 'LFB': 0, 'RFB': 0}","{'Floodlight': 0, 'Flood Light': 0, 'GAS': 0, 'FIFA': 0, 'pipe': 0, 'pipes': 0, 'covid': 0, 'supply': 0, 'Beautification': 0, 'Installation': 0}",Post-Monsoon,,False,True,Repair and Restoration,"{'Construction': 1, 'Drain': 1}"
2024_UPIDC_964340_23,02/AE-I/2024-25,Nivida No 02/AE-I/2024-25 Lot No 23,,,,,,,,,,,,,,,,"U P Irrigation Department (Civil)||Chief Engineer-Eastern Ganga, Moradabad||Irrigation Works Circle, Moradabad||RCD, rampur",,,,,,"85,892.75",,2024-10-21,"U P Irrigation Department (Civil)||Chief Engineer-Eastern Ganga, Moradabad||Irrigation Works Circle, Moradabad||RCD, rampur",True,"{'Flood': 0, 'Embankment': 0, 'embkt': 0, 'Relief': 0, 'Erosion': 0, 'SDRF': 0, 'Inundation': 0, 'Hydrology': 0, 'Silt': 0, 'Siltation': 0, 'Bund': 0, 'Trench': 0, 'Breach': 0, 'Culvert': 0, 'Sluice': 0, 'Dyke': 0, 'Storm water drain': 0, 'Emergency': 0, 'Immediate': 0, 'IM': 0, 'AE': 2, 'A E': 0, 'AAPDA MITRA': 0, 'Bridge': 0, 'River': 0, 'Drain': 0, 'Restoration': 0, 'Protection': 0, 'irr': 0, 'irrigation': 0, 'dam': 0, 'Nallah': 0, 'Retrofitting': 0, 'Pond': 0, 'Pokhari': 0, 'D/C': 0, 'Recharge shaft': 0, 'LFB': 0, 'RFB': 0}","{'Floodlight': 0, 'Flood Light': 0, 'GAS': 0, 'FIFA': 0, 'pipe': 0, 'pipes': 0, 'covid': 0, 'supply': 0, 'Beautification': 0, 'Installation': 0}",Post-Monsoon,,True,False,Others,
2024_UPIDC_964340_23,02/AE-I/2024-25,Nivida No 02/AE-I/2024-25 Lot No 23,,,,,,,,,,,,,,,,"U P Irrigation Department (Civil)||Chief Engineer-Eastern Ganga, Moradabad||Irrigation Works Circle, Moradabad||RCD, rampur",,,,,,"85,892.75",,2024-10-21,"U P Irrigation Department (Civil)||Chief Engineer-Eastern Ganga, Moradabad||Irrigation Works Circle, Moradabad||RCD, rampur",True,"{'Flood': 0, 'Embankment': 0, 'embkt': 0, 'Relief': 0, 'Erosion': 0, 'SDRF': 0, 'Inundation': 0, 'Hydrology': 0, 'Silt': 0, 'Siltation': 0, 'Bund': 0, 'Trench': 0, 'Breach': 0, 'Culvert': 0, 'Sluice': 0, 'Dyke': 0, 'Storm water drain': 0, 'Emergency': 0, 'Immediate': 0, 'IM': 0, 'AE': 2, 'A E': 0, 'AAPDA MITRA': 0, 'Bridge': 0, 'River': 0, 'Drain': 0, 'Restoration': 0, 'Protection': 0, 'irr': 0, 'irrigation': 0, 'dam': 0, 'Nallah': 0, 'Retrofitting': 0, 'Pond': 0, 'Pokhari': 0, 'D/C': 0, 'Recharge shaft': 0, 'LFB': 0, 'RFB': 0}","{'Floodlight': 0, 'Flood Light': 0, 'GAS': 0, 'FIFA': 0, 'pipe': 0, 'pipes': 0, 'covid': 0, 'supply': 0, 'Beautification': 0, 'Installation': 0}",Post-Monsoon,,True,False,Others,
2024_UPIDC_964809_2,03/EE/2024-25,SILT  CLEARANCE OF BHAINSWAL DY. FROM Km 0.000 TO KM. 14.769,,,,,,,,,,,,,,,,U P Irrigation Department (Civil)||Chief Engineer ( Yamuna) Okhla||S E Irrigation works Circle Saharanpur||E E L D E Yamuna Canal Prabudhnagar(Muzaffarnagar),,,,,,"454,753.8",,2024-10-23,U P Irrigation Department (Civil)||Chief Engineer ( Yamuna) Okhla||S E Irrigation works Circle Saharanpur||E E L D E Yamuna Canal Prabudhnagar(Muzaffarnagar),True,"{'Flood': 0, 'Embankment': 0, 'embkt': 0, 'Relief': 0, 'Erosion': 0, 'SDRF': 0, 'Inundation': 0, 'Hydrology': 0, 'Silt': 1, 'Siltation': 0, 'Bund': 0, 'Trench': 0, 'Breach': 0, 'Culvert': 0, 'Sluice': 0, 'Dyke': 0, 'Storm water drain': 0, 'Emergency': 0, 'Immediate': 0, 'IM': 0, 'AE': 0, 'A E': 0, 'AAPDA MITRA': 0, 'Bridge': 0, 'River': 0, 'Drain': 0, 'Restoration': 0, 'Protection': 0, 'irr': 0, 'irrigation': 0, 'dam': 0, 'Nallah': 0, 'Retrofitting': 0, 'Pond': 0, 'Pokhari': 0, 'D/C': 0, 'Recharge shaft': 0, 'LFB': 0, 'RFB': 0}","{'Floodlight': 0, 'Flood Light': 0, 'GAS': 0, 'FIFA': 0, 'pipe': 0, 'pipes': 0, 'covid': 0, 'supply': 0, 'Beautification': 0, 'Installation': 0}",Post-Monsoon,,False,True,Others,
2024_UPIDC_964809_4,03/EE/2024-25,SILT  CLEARANCE OF BABRI  MR. FROM Km 0.000 TO KM. 12.658,,,,,,,,,,,,,,,,U P Irrigation Department (Civil)||Chief Engineer ( Yamuna) Okhla||S E Irrigation works Circle Saharanpur||E E L D E Yamuna Canal Prabudhnagar(Muzaffarnagar),,,,,,"333,048.7",,2024-10-23,U P Irrigation Department (Civil)||Chief Engineer ( Yamuna) Okhla||S E Irrigation works Circle Saharanpur||E E L D E Yamuna Canal Prabudhnagar(Muzaffarnagar),True,"{'Flood': 0, 'Embankment': 0, 'embkt': 0, 'Relief': 0, 'Erosion': 0, 'SDRF': 0, 'Inundation': 0, 'Hydrology': 0, 'Silt': 1, 'Siltation': 0, 'Bund': 0, 'Trench': 0, 'Breach': 0, 'Culvert': 0, 'Sluice': 0, 'Dyke': 0, 'Storm water drain': 0, 'Emergency': 0, 'Immediate': 0, 'IM': 0, 'AE': 0, 'A E': 0, 'AAPDA MITRA': 0, 'Bridge': 0, 'River': 0, 'Drain': 0, 'Restoration': 0, 'Protection': 0, 'irr': 0, 'irrigation': 0, 'dam': 0, 'Nallah': 0, 'Retrofitting': 0, 'Pond': 0, 'Pokhari': 0, 'D/C': 0, 'Recharge shaft': 0, 'LFB': 0, 'RFB': 0}","{'Floodlight': 0, 'Flood Light': 0, 'GAS': 0, 'FIFA': 0, 'pipe': 0, 'pipes': 0, 'covid': 0, 'supply': 0, 'Beautification': 0, 'Installation': 0}",Post-Monsoon,,False,True,Repair and Restoration,{'mr': 1}
2024_CEUFZ_949617_1,2488/10A.T-1/2024 Date17-08-2024,"Rehabilitation of  Sharda Canal Bridge at km - 1 (bridge No. 1/1) of  Ramnagar link road  in Trivediganj Block, District Barabanki",,,,,,,,,,,,,,,,"Chief Engineer PWD Faizabad Zone||Barabanki Circle, PWD, Barabanki||Provincial Division, PWD, Barabanki",,,,,,"1,947,869",,2024-10-16,"Chief Engineer PWD Faizabad Zone||Barabanki Circle, PWD, Barabanki||Provincial Division, PWD, Barabanki",True,"{'Flood': 0, 'Embankment': 0, 'embkt': 0, 'Relief': 0, 'Erosion': 0, 'SDRF': 0, 'Inundation': 0, 'Hydrology': 0, 'Silt': 0, 'Siltation': 0, 'Bund': 0, 'Trench': 0, 'Breach': 0, 'Culvert': 0, 'Sluice': 0, 'Dyke': 0, 'Storm water drain': 0, 'Emergency': 0, 'Immediate': 0, 'IM': 0, 'AE': 0, 'A E': 0, 'AAPDA MITRA': 0, 'Bridge': 2, 'River': 0, 'Drain': 0, 'Restoration': 0, 'Protection': 0, 'irr': 0, 'irrigation': 0, 'dam': 0, 'Nallah': 0, 'Retrofitting': 0, 'Pond': 0, 'Pokhari': 0, 'D/C': 0, 'Recharge shaft': 0, 'LFB': 0, 'RFB': 0}","{'Floodlight': 0, 'Flood Light': 0, 'GAS': 0, 'FIFA': 0, 'pipe': 0, 'pipes': 0, 'covid': 0, 'supply': 0, 'Beautification': 0, 'Installation': 0}",Post-Monsoon,,False,True,Repair and Restoration,{'Bridge': 2}
2024_UPIDC_964340_23,02/AE-I/2024-25,Nivida No 02/AE-I/2024-25 Lot No 23,,,,,,,,,,,,,,,,"U P Irrigation Department (Civil)||Chief Engineer-Eastern Ganga, Moradabad||Irrigation Works Circle, Moradabad||RCD, rampur",,,,,,"85,892.75",,2024-10-21,"U P Irrigation Department (Civil)||Chief Engineer-Eastern Ganga, Moradabad||Irrigation Works Circle, Moradabad||RCD, rampur",True,"{'Flood': 0, 'Embankment': 0, 'embkt': 0, 'Relief': 0, 'Erosion': 0, 'SDRF': 0, 'Inundation': 0, 'Hydrology': 0, 'Silt': 0, 'Siltation': 0, 'Bund': 0, 'Trench': 0, 'Breach': 0, 'Culvert': 0, 'Sluice': 0, 'Dyke': 0, 'Storm water drain': 0, 'Emergency': 0, 'Immediate': 0, 'IM': 0, 'AE': 2, 'A E': 0, 'AAPDA MITRA': 0, 'Bridge': 0, 'River': 0, 'Drain': 0, 'Restoration': 0, 'Protection': 0, 'irr': 0, 'irrigation': 0, 'dam': 0, 'Nallah': 0, 'Retrofitting': 0, 'Pond': 0, 'Pokhari': 0, 'D/C': 0, 'Recharge shaft': 0, 'LFB': 0, 'RFB': 0}","{'Floodlight': 0, 'Flood Light': 0, 'GAS': 0, 'FIFA': 0, 'pipe': 0, 'pipes': 0, 'covid': 0, 'supply': 0, 'Beautification': 0, 'Installation': 0}",Post-Monsoon,,True,False,Others,
2024_CEUCZ_961285_1,602/E- Tender/ 2024-25 Dt- 19-09-2024,Protection and Maintenance work of Kakarghata Ghat Bridge on Gomati River,,,,,,,,,,,,,,,,"Chief Engineer PWD Central Zone,Lucknow||S.E. UPPWD Sitapur||Construction Division, Sitapur",,,,,,"3,094,207.35",,2024-10-24,"Chief Engineer PWD Central Zone,Lucknow||S.E. UPPWD Sitapur||Construction Division, Sitapur",True,"{'Flood': 0, 'Embankment': 0, 'embkt': 0, 'Relief': 0, 'Erosion': 0, 'SDRF': 0, 'Inundation': 0, 'Hydrology': 0, 'Silt': 0, 'Siltation': 0, 'Bund': 0, 'Trench': 0, 'Breach': 0, 'Culvert': 0, 'Sluice': 0, 'Dyke': 0, 'Storm water drain': 0, 'Emergency': 0, 'Immediate': 0, 'IM': 0, 'AE': 0, 'A E': 0, 'AAPDA MITRA': 0, 'Bridge': 1, 'River': 1, 'Drain': 0, 'Restoration': 0, 'Protection': 1, 'irr': 0, 'irrigation': 0, 'dam': 0, 'Nallah': 0, 'Retrofitting': 0, 'Pond': 0, 'Pokhari': 0, 'D/C': 0, 'Recharge shaft': 0, 'LFB': 0, 'RFB': 0}","{'Floodlight': 0, 'Flood Light': 0, 'GAS': 0, 'FIFA': 0, 'pipe': 0, 'pipes': 0, 'covid': 0, 'supply': 0, 'Beautification': 0, 'Installation': 0}",Post-Monsoon,,False,True,Repair and Restoration,{'Bridge': 1}
2024_CEUCZ_956809_16,7918/E-Tender/2024-25 Dated 10.09.2024,Patch Repair Work on Various Road under Jurisdiction of of AE III,,,,,,,,,,,,,,,,"Chief Engineer PWD Central Zone,Lucknow||S.E. UPPWD Lucknow||Provincial Division, Lucknow",,,,,,"1,503,653.15",,2024-10-17,"Chief Engineer PWD Central Zone,Lucknow||S.E. UPPWD Lucknow||Provincial Division, Lucknow",True,"{'Flood': 0, 'Embankment': 0, 'embkt': 0, 'Relief': 0, 'Erosion': 0, 'SDRF': 0, 'Inundation': 0, 'Hydrology': 0, 'Silt': 0, 'Siltation': 0, 'Bund': 0, 'Trench': 0, 'Breach': 0, 'Culvert': 0, 'Sluice': 0, 'Dyke': 0, 'Storm water drain': 0, 'Emergency': 0, 'Immediate': 0, 'IM': 0, 'AE': 1, 'A E': 0, 'AAPDA MITRA': 0, 'Bridge': 0, 'River': 0, 'Drain': 0, 'Restoration': 0, 'Protection': 0, 'irr': 0, 'irrigation': 0, 'dam': 0, 'Nallah': 0, 'Retrofitting': 0, 'Pond': 0, 'Pokhari': 0, 'D/C': 0, 'Recharge shaft': 0, 'LFB': 0, 'RFB': 0}","{'Floodlight': 0, 'Flood Light': 0, 'GAS': 0, 'FIFA': 0, 'pipe': 0, 'pipes': 0, 'covid': 0, 'supply': 0, 'Beautification': 0, 'Installation': 0}",Post-Monsoon,,True,True,Repair and Restoration,{'repair': 1}
2024_CEUCZ_956809_17,7918/E-Tender/2024-25 Dated 10.09.2024,Patch Repair Work on Various Road under Jurisdiction of of AE II (Delhi Bariely Marg in km 489 to 495),,,,,,,,,,,,,,,,"Chief Engineer PWD Central Zone,Lucknow||S.E. UPPWD Lucknow||Provincial Division, Lucknow",,,,,,"1,749,014.12",,2024-10-23,"Chief Engineer PWD Central Zone,Lucknow||S.E. UPPWD Lucknow||Provincial Division, Lucknow",True,"{'Flood': 0, 'Embankment': 0, 'embkt': 0, 'Relief': 0, 'Erosion': 0, 'SDRF': 0, 'Inundation': 0, 'Hydrology': 0, 'Silt': 0, 'Siltation': 0, 'Bund': 0, 'Trench': 0, 'Breach': 0, 'Culvert': 0, 'Sluice': 0, 'Dyke': 0, 'Storm water drain': 0, 'Emergency': 0, 'Immediate': 0, 'IM': 0, 'AE': 1, 'A E': 0, 'AAPDA MITRA': 0, 'Bridge': 0, 'River': 0, 'Drain': 0, 'Restoration': 0, 'Protection': 0, 'irr': 0, 'irrigation': 0, 'dam': 0, 'Nallah': 0, 'Retrofitting': 0, 'Pond': 0, 'Pokhari': 0, 'D/C': 0, 'Recharge shaft': 0, 'LFB': 0, 'RFB': 0}","{'Floodlight': 0, 'Flood Light': 0, 'GAS': 0, 'FIFA': 0, 'pipe': 0, 'pipes': 0, 'covid': 0, 'supply': 0, 'Beautification': 0, 'Installation': 0}",Post-Monsoon,,True,True,Repair and Restoration,{'repair': 1}
2024_CEUCZ_952286_1,2781/E-TENDER/2024-25 DT.21.08.2024,Protection and Maintinance work of Gobrahiya Nalah Bridge at Golok Kodar to Basantapur Link Road Km-1 in District Sitapur,,,,,,,,,,,,,,,,"Chief Engineer PWD Central Zone,Lucknow||S.E. UPPWD Sitapur||Provincial Division, Sitapur",,,,,,"1,462,679.4",,2024-10-05,"Chief Engineer PWD Central Zone,Lucknow||S.E. UPPWD Sitapur||Provincial Division, Sitapur",True,"{'Flood': 0, 'Embankment': 0, 'embkt': 0, 'Relief': 0, 'Erosion': 0, 'SDRF': 0, 'Inundation': 0, 'Hydrology': 0, 'Silt': 0, 'Siltation': 0, 'Bund': 0, 'Trench': 0, 'Breach': 0, 'Culvert': 0, 'Sluice': 0, 'Dyke': 0, 'Storm water drain': 0, 'Emergency': 0, 'Immediate': 0, 'IM': 0, 'AE': 0, 'A E': 0, 'AAPDA MITRA': 0, 'Bridge': 1, 'River': 0, 'Drain': 0, 'Restoration': 0, 'Protection': 1, 'irr': 0, 'irrigation': 0, 'dam': 0, 'Nallah': 0, 'Retrofitting': 0, 'Pond': 0, 'Pokhari': 0, 'D/C': 0, 'Recharge shaft': 0, 'LFB': 0, 'RFB': 0}","{'Floodlight': 0, 'Flood Light': 0, 'GAS': 0, 'FIFA': 0, 'pipe': 0, 'pipes': 0, 'covid': 0, 'supply': 0, 'Beautification': 0, 'Installation': 0}",Post-Monsoon,,False,True,Repair and Restoration,{'Bridge': 1}
2024_CEUCZ_952286_3,2781/E-TENDER/2024-25 DT.21.08.2024,Protection and Maintinance work of 3x9.00 Mtr Span RCC Miner Bridge at Thangaon Seepatpur Link Road in Km-1 in District Sitapur,,,,,,,,,,,,,,,,"Chief Engineer PWD Central Zone,Lucknow||S.E. UPPWD Sitapur||Provincial Division, Sitapur",,,,,,"1,525,482.25",,2024-10-05,"Chief Engineer PWD Central Zone,Lucknow||S.E. UPPWD Sitapur||Provincial Division, Sitapur",True,"{'Flood': 0, 'Embankment': 0, 'embkt': 0, 'Relief': 0, 'Erosion': 0, 'SDRF': 0, 'Inundation': 0, 'Hydrology': 0, 'Silt': 0, 'Siltation': 0, 'Bund': 0, 'Trench': 0, 'Breach': 0, 'Culvert': 0, 'Sluice': 0, 'Dyke': 0, 'Storm water drain': 0, 'Emergency': 0, 'Immediate': 0, 'IM': 0, 'AE': 0, 'A E': 0, 'AAPDA MITRA': 0, 'Bridge': 1, 'River': 0, 'Drain': 0, 'Restoration': 0, 'Protection': 1, 'irr': 0, 'irrigation': 0, 'dam': 0, 'Nallah': 0, 'Retrofitting': 0, 'Pond': 0, 'Pokhari': 0, 'D/C': 0, 'Recharge shaft': 0, 'LFB': 0, 'RFB': 0}","{'Floodlight': 0, 'Flood Light': 0, 'GAS': 0, 'FIFA': 0, 'pipe': 0, 'pipes': 0, 'covid': 0, 'supply': 0, 'Beautification': 0, 'Installation': 0}",Post-Monsoon,,False,True,Repair and Restoration,{'Bridge': 1}
2024_CEUCZ_952286_3,2781/E-TENDER/2024-25 DT.21.08.2024,Protection and Maintinance work of 3x9.00 Mtr Span RCC Miner Bridge at Thangaon Seepatpur Link Road in Km-1 in District Sitapur,,,,,,,,,,,,,,,,"Chief Engineer PWD Central Zone,Lucknow||S.E. UPPWD Sitapur||Provincial Division, Sitapur",,,,,,"1,525,482.25",,2024-10-05,"Chief Engineer PWD Central Zone,Lucknow||S.E. UPPWD Sitapur||Provincial Division, Sitapur",True,"{'Flood': 0, 'Embankment': 0, 'embkt': 0, 'Relief': 0, 'Erosion': 0, 'SDRF': 0, 'Inundation': 0, 'Hydrology': 0, 'Silt': 0, 'Siltation': 0, 'Bund': 0, 'Trench': 0, 'Breach': 0, 'Culvert': 0, 'Sluice': 0, 'Dyke': 0, 'Storm water drain': 0, 'Emergency': 0, 'Immediate': 0, 'IM': 0, 'AE': 0, 'A E': 0, 'AAPDA MITRA': 0, 'Bridge': 1, 'River': 0, 'Drain': 0, 'Restoration': 0, 'Protection': 1, 'irr': 0, 'irrigation': 0, 'dam': 0, 'Nallah': 0, 'Retrofitting': 0, 'Pond': 0, 'Pokhari': 0, 'D/C': 0, 'Recharge shaft': 0, 'LFB': 0, 'RFB': 0}","{'Floodlight': 0, 'Flood Light': 0, 'GAS': 0, 'FIFA': 0, 'pipe': 0, 'pipes': 0, 'covid': 0, 'supply': 0, 'Beautification': 0, 'Installation': 0}",Post-Monsoon,,False,True,Repair and Restoration,{'Bridge': 1}
2024_CEUCZ_952286_4,2781/E-TENDER/2024-25 DT.21.08.2024,Protection and Maintinance work of 3x9.00 Mtr Span RCC Miner Bridge at Thangaon Seepatpur Link Road in Km-3 in District Sitapur,,,,,,,,,,,,,,,,"Chief Engineer PWD Central Zone,Lucknow||S.E. UPPWD Sitapur||Provincial Division, Sitapur",,,,,,"1,788,210.25",,2024-10-05,"Chief Engineer PWD Central Zone,Lucknow||S.E. UPPWD Sitapur||Provincial Division, Sitapur",True,"{'Flood': 0, 'Embankment': 0, 'embkt': 0, 'Relief': 0, 'Erosion': 0, 'SDRF': 0, 'Inundation': 0, 'Hydrology': 0, 'Silt': 0, 'Siltation': 0, 'Bund': 0, 'Trench': 0, 'Breach': 0, 'Culvert': 0, 'Sluice': 0, 'Dyke': 0, 'Storm water drain': 0, 'Emergency': 0, 'Immediate': 0, 'IM': 0, 'AE': 0, 'A E': 0, 'AAPDA MITRA': 0, 'Bridge': 1, 'River': 0, 'Drain': 0, 'Restoration': 0, 'Protection': 1, 'irr': 0, 'irrigation': 0, 'dam': 0, 'Nallah': 0, 'Retrofitting': 0, 'Pond': 0, 'Pokhari': 0, 'D/C': 0, 'Recharge shaft': 0, 'LFB': 0, 'RFB': 0}","{'Floodlight': 0, 'Flood Light': 0, 'GAS': 0, 'FIFA': 0, 'pipe': 0, 'pipes': 0, 'covid': 0, 'supply': 0, 'Beautification': 0, 'Installation': 0}",Post-Monsoon,,False,True,Repair and Restoration,{'Bridge': 1}
2024_CEUCZ_952286_7,2781/E-TENDER/2024-25 DT.21.08.2024,Protection and Maintinance work of Kiwani river bridge at Patna Patni Link Road to Jahangirabad Link Road in District Sitapur,,,,,,,,,,,,,,,,"Chief Engineer PWD Central Zone,Lucknow||S.E. UPPWD Sitapur||Provincial Division, Sitapur",,,,,,"2,709,767.76",,2024-10-05,"Chief Engineer PWD Central Zone,Lucknow||S.E. UPPWD Sitapur||Provincial Division, Sitapur",True,"{'Flood': 0, 'Embankment': 0, 'embkt': 0, 'Relief': 0, 'Erosion': 0, 'SDRF': 0, 'Inundation': 0, 'Hydrology': 0, 'Silt': 0, 'Siltation': 0, 'Bund': 0, 'Trench': 0, 'Breach': 0, 'Culvert': 0, 'Sluice': 0, 'Dyke': 0, 'Storm water drain': 0, 'Emergency': 0, 'Immediate': 0, 'IM': 0, 'AE': 0, 'A E': 0, 'AAPDA MITRA': 0, 'Bridge': 1, 'River': 1, 'Drain': 0, 'Restoration': 0, 'Protection': 1, 'irr': 0, 'irrigation': 0, 'dam': 0, 'Nallah': 0, 'Retrofitting': 0, 'Pond': 0, 'Pokhari': 0, 'D/C': 0, 'Recharge shaft': 0, 'LFB': 0, 'RFB': 0}","{'Floodlight': 0, 'Flood Light': 0, 'GAS': 0, 'FIFA': 0, 'pipe': 0, 'pipes': 0, 'covid': 0, 'supply': 0, 'Beautification': 0, 'Installation': 0}",Post-Monsoon,,False,True,Repair and Restoration,{'Bridge': 1}
2024_CEUCZ_952286_7,2781/E-TENDER/2024-25 DT.21.08.2024,Protection and Maintinance work of Kiwani river bridge at Patna Patni Link Road to Jahangirabad Link Road in District Sitapur,,,,,,,,,,,,,,,,"Chief Engineer PWD Central Zone,Lucknow||S.E. UPPWD Sitapur||Provincial Division, Sitapur",,,,,,"2,709,767.76",,2024-10-05,"Chief Engineer PWD Central Zone,Lucknow||S.E. UPPWD Sitapur||Provincial Division, Sitapur",True,"{'Flood': 0, 'Embankment': 0, 'embkt': 0, 'Relief': 0, 'Erosion': 0, 'SDRF': 0, 'Inundation': 0, 'Hydrology': 0, 'Silt': 0, 'Siltation': 0, 'Bund': 0, 'Trench': 0, 'Breach': 0, 'Culvert': 0, 'Sluice': 0, 'Dyke': 0, 'Storm water drain': 0, 'Emergency': 0, 'Immediate': 0, 'IM': 0, 'AE': 0, 'A E': 0, 'AAPDA MITRA': 0, 'Bridge': 1, 'River': 1, 'Drain': 0, 'Restoration': 0, 'Protection': 1, 'irr': 0, 'irrigation': 0, 'dam': 0, 'Nallah': 0, 'Retrofitting': 0, 'Pond': 0, 'Pokhari': 0, 'D/C': 0, 'Recharge shaft': 0, 'LFB': 0, 'RFB': 0}","{'Floodlight': 0, 'Flood Light': 0, 'GAS': 0, 'FIFA': 0, 'pipe': 0, 'pipes': 0, 'covid': 0, 'supply': 0, 'Beautification': 0, 'Installation': 0}",Post-Monsoon,,False,True,Repair and Restoration,{'Bridge': 1}
2024_CEUCZ_954339_1,2854/E-TENDER/2024-25 DT.28.08.2024,Repair and Maintenance of Chauka River Bridge at Laharpur Tambaur Road (MDR-83C) in 15,,,,,,,,,,,,,,,,"Chief Engineer PWD Central Zone,Lucknow||S.E. UPPWD Sitapur||Provincial Division, Sitapur",,,,,,"841,327.25",,2024-10-05,"Chief Engineer PWD Central Zone,Lucknow||S.E. UPPWD Sitapur||Provincial Division, Sitapur",True,"{'Flood': 0, 'Embankment': 0, 'embkt': 0, 'Relief': 0, 'Erosion': 0, 'SDRF': 0, 'Inundation': 0, 'Hydrology': 0, 'Silt': 0, 'Siltation': 0, 'Bund': 0, 'Trench': 0, 'Breach': 0, 'Culvert': 0, 'Sluice': 0, 'Dyke': 0, 'Storm water drain': 0, 'Emergency': 0, 'Immediate': 0, 'IM': 0, 'AE': 0, 'A E': 0, 'AAPDA MITRA': 0, 'Bridge': 1, 'River': 1, 'Drain': 0, 'Restoration': 0, 'Protection': 0, 'irr': 0, 'irrigation': 0, 'dam': 0, 'Nallah': 0, 'Retrofitting': 0, 'Pond': 0, 'Pokhari': 0, 'D/C': 0, 'Recharge shaft': 0, 'LFB': 0, 'RFB': 0}","{'Floodlight': 0, 'Flood Light': 0, 'GAS': 0, 'FIFA': 0, 'pipe': 0, 'pipes': 0, 'covid': 0, 'supply': 0, 'Beautification': 0, 'Installation': 0}",Post-Monsoon,,False,True,Repair and Restoration,"{'repair': 1, 'Bridge': 1}"
2024_CEUCZ_932306_71,4811/E-Tender/2024-25 Dated 17.06.2024,Road Restoration Work at Road Cutting by Electrical Department on Various PWD Roads of Ashiyana Area in Lucknow City,,,,,,,,,,,,,,,,"Chief Engineer PWD Central Zone,Lucknow||S.E. UPPWD Lucknow||Provincial Division, Lucknow",,,,,,"1,190,362.6",,2024-10-07,"Chief Engineer PWD Central Zone,Lucknow||S.E. UPPWD Lucknow||Provincial Division, Lucknow",True,"{'Flood': 0, 'Embankment': 0, 'embkt': 0, 'Relief': 0, 'Erosion': 0, 'SDRF': 0, 'Inundation': 0, 'Hydrology': 0, 'Silt': 0, 'Siltation': 0, 'Bund': 0, 'Trench': 0, 'Breach': 0, 'Culvert': 0, 'Sluice': 0, 'Dyke': 0, 'Storm water drain': 0, 'Emergency': 0, 'Immediate': 0, 'IM': 0, 'AE': 0, 'A E': 0, 'AAPDA MITRA': 0, 'Bridge': 0, 'River': 0, 'Drain': 0, 'Restoration': 1, 'Protection': 0, 'irr': 0, 'irrigation': 0, 'dam': 0, 'Nallah': 0, 'Retrofitting': 0, 'Pond': 0, 'Pokhari': 0, 'D/C': 0, 'Recharge shaft': 0, 'LFB': 0, 'RFB': 0}","{'Floodlight': 0, 'Flood Light': 0, 'GAS': 0, 'FIFA': 0, 'pipe': 0, 'pipes': 0, 'covid': 0, 'supply': 0, 'Beautification': 0, 'Installation': 0}",Post-Monsoon,,False,True,Repair and Restoration,{'restoration': 1}
2024_CEUCZ_932306_72,4811/E-Tender/2024-25 Dated 17.06.2024,Road Restoration Work at Road Cutting by Jalkal or Nagar Nigam on Various PWD Roads of Ashiyana Area in Lucknow City,,,,,,,,,,,,,,,,"Chief Engineer PWD Central Zone,Lucknow||S.E. UPPWD Lucknow||Provincial Division, Lucknow",,,,,,"1,089,462.92",,2024-10-07,"Chief Engineer PWD Central Zone,Lucknow||S.E. UPPWD Lucknow||Provincial Division, Lucknow",True,"{'Flood': 0, 'Embankment': 0, 'embkt': 0, 'Relief': 0, 'Erosion': 0, 'SDRF': 0, 'Inundation': 0, 'Hydrology': 0, 'Silt': 0, 'Siltation': 0, 'Bund': 0, 'Trench': 0, 'Breach': 0, 'Culvert': 0, 'Sluice': 0, 'Dyke': 0, 'Storm water drain': 0, 'Emergency': 0, 'Immediate': 0, 'IM': 0, 'AE': 0, 'A E': 0, 'AAPDA MITRA': 0, 'Bridge': 0, 'River': 0, 'Drain': 0, 'Restoration': 1, 'Protection': 0, 'irr': 0, 'irrigation': 0, 'dam': 0, 'Nallah': 0, 'Retrofitting': 0, 'Pond': 0, 'Pokhari': 0, 'D/C': 0, 'Recharge shaft': 0, 'LFB': 0, 'RFB': 0}","{'Floodlight': 0, 'Flood Light': 0, 'GAS': 0, 'FIFA': 0, 'pipe': 0, 'pipes': 0, 'covid': 0, 'supply': 0, 'Beautification': 0, 'Installation': 0}",Post-Monsoon,,False,True,Repair and Restoration,{'restoration': 1}
2024_CEUCZ_932306_9,4811/E-Tender/2024-25 Dated 17.06.2024,Road Restoration Work at Guru Govind Singh Road in Km 3,,,,,,,,,,,,,,,,"Chief Engineer PWD Central Zone,Lucknow||S.E. UPPWD Lucknow||Provincial Division, Lucknow",,,,,,"1,051,321.5",,2024-10-09,"Chief Engineer PWD Central Zone,Lucknow||S.E. UPPWD Lucknow||Provincial Division, Lucknow",True,"{'Flood': 0, 'Embankment': 0, 'embkt': 0, 'Relief': 0, 'Erosion': 0, 'SDRF': 0, 'Inundation': 0, 'Hydrology': 0, 'Silt': 0, 'Siltation': 0, 'Bund': 0, 'Trench': 0, 'Breach': 0, 'Culvert': 0, 'Sluice': 0, 'Dyke': 0, 'Storm water drain': 0, 'Emergency': 0, 'Immediate': 0, 'IM': 0, 'AE': 0, 'A E': 0, 'AAPDA MITRA': 0, 'Bridge': 0, 'River': 0, 'Drain': 0, 'Restoration': 1, 'Protection': 0, 'irr': 0, 'irrigation': 0, 'dam': 0, 'Nallah': 0, 'Retrofitting': 0, 'Pond': 0, 'Pokhari': 0, 'D/C': 0, 'Recharge shaft': 0, 'LFB': 0, 'RFB': 0}","{'Floodlight': 0, 'Flood Light': 0, 'GAS': 0, 'FIFA': 0, 'pipe': 0, 'pipes': 0, 'covid': 0, 'supply': 0, 'Beautification': 0, 'Installation': 0}",Post-Monsoon,,False,True,Repair and Restoration,{'restoration': 1}
2024_CEUCZ_932306_55,4811/E-Tender/2024-25 Dated 17.06.2024,Road Restoration Work at Chinhat Malhaur in Km 1,,,,,,,,,,,,,,,,"Chief Engineer PWD Central Zone,Lucknow||S.E. UPPWD Lucknow||Provincial Division, Lucknow",,,,,,"181,775.47",,2024-10-07,"Chief Engineer PWD Central Zone,Lucknow||S.E. UPPWD Lucknow||Provincial Division, Lucknow",True,"{'Flood': 0, 'Embankment': 0, 'embkt': 0, 'Relief': 0, 'Erosion': 0, 'SDRF': 0, 'Inundation': 0, 'Hydrology': 0, 'Silt': 0, 'Siltation': 0, 'Bund': 0, 'Trench': 0, 'Breach': 0, 'Culvert': 0, 'Sluice': 0, 'Dyke': 0, 'Storm water drain': 0, 'Emergency': 0, 'Immediate': 0, 'IM': 0, 'AE': 0, 'A E': 0, 'AAPDA MITRA': 0, 'Bridge': 0, 'River': 0, 'Drain': 0, 'Restoration': 1, 'Protection': 0, 'irr': 0, 'irrigation': 0, 'dam': 0, 'Nallah': 0, 'Retrofitting': 0, 'Pond': 0, 'Pokhari': 0, 'D/C': 0, 'Recharge shaft': 0, 'LFB': 0, 'RFB': 0}","{'Floodlight': 0, 'Flood Light': 0, 'GAS': 0, 'FIFA': 0, 'pipe': 0, 'pipes': 0, 'covid': 0, 'supply': 0, 'Beautification': 0, 'Installation': 0}",Post-Monsoon,,False,True,Repair and Restoration,{'restoration': 1}
2024_CEUCZ_932306_57,4811/E-Tender/2024-25 Dated 17.06.2024,Road Restoration Work at Fusfuspurwa Link Marg in Km 1 and 2,,,,,,,,,,,,,,,,"Chief Engineer PWD Central Zone,Lucknow||S.E. UPPWD Lucknow||Provincial Division, Lucknow",,,,,,"463,674.36",,2024-10-17,"Chief Engineer PWD Central Zone,Lucknow||S.E. UPPWD Lucknow||Provincial Division, Lucknow",True,"{'Flood': 0, 'Embankment': 0, 'embkt': 0, 'Relief': 0, 'Erosion': 0, 'SDRF': 0, 'Inundation': 0, 'Hydrology': 0, 'Silt': 0, 'Siltation': 0, 'Bund': 0, 'Trench': 0, 'Breach': 0, 'Culvert': 0, 'Sluice': 0, 'Dyke': 0, 'Storm water drain': 0, 'Emergency': 0, 'Immediate': 0, 'IM': 0, 'AE': 0, 'A E': 0, 'AAPDA MITRA': 0, 'Bridge': 0, 'River': 0, 'Drain': 0, 'Restoration': 1, 'Protection': 0, 'irr': 0, 'irrigation': 0, 'dam': 0, 'Nallah': 0, 'Retrofitting': 0, 'Pond': 0, 'Pokhari': 0, 'D/C': 0, 'Recharge shaft': 0, 'LFB': 0, 'RFB': 0}","{'Floodlight': 0, 'Flood Light': 0, 'GAS': 0, 'FIFA': 0, 'pipe': 0, 'pipes': 0, 'covid': 0, 'supply': 0, 'Beautification': 0, 'Installation': 0}",Post-Monsoon,,False,True,Repair and Restoration,{'restoration': 1}
2024_CEUCZ_932306_57,4811/E-Tender/2024-25 Dated 17.06.2024,Road Restoration Work at Fusfuspurwa Link Marg in Km 1 and 2,,,,,,,,,,,,,,,,"Chief Engineer PWD Central Zone,Lucknow||S.E. UPPWD Lucknow||Provincial Division, Lucknow",,,,,,"463,674.36",,2024-10-17,"Chief Engineer PWD Central Zone,Lucknow||S.E. UPPWD Lucknow||Provincial Division, Lucknow",True,"{'Flood': 0, 'Embankment': 0, 'embkt': 0, 'Relief': 0, 'Erosion': 0, 'SDRF': 0, 'Inundation': 0, 'Hydrology': 0, 'Silt': 0, 'Siltation': 0, 'Bund': 0, 'Trench': 0, 'Breach': 0, 'Culvert': 0, 'Sluice': 0, 'Dyke': 0, 'Storm water drain': 0, 'Emergency': 0, 'Immediate': 0, 'IM': 0, 'AE': 0, 'A E': 0, 'AAPDA MITRA': 0, 'Bridge': 0, 'River': 0, 'Drain': 0, 'Restoration': 1, 'Protection': 0, 'irr': 0, 'irrigation': 0, 'dam': 0, 'Nallah': 0, 'Retrofitting': 0, 'Pond': 0, 'Pokhari': 0, 'D/C': 0, 'Recharge shaft': 0, 'LFB': 0, 'RFB': 0}","{'Floodlight': 0, 'Flood Light': 0, 'GAS': 0, 'FIFA': 0, 'pipe': 0, 'pipes': 0, 'covid': 0, 'supply': 0, 'Beautification': 0, 'Installation': 0}",Post-Monsoon,,False,True,Repair and Restoration,{'restoration': 1}
2024_CEUCZ_932306_66,4811/E-Tender/2024-25 Dated 17.06.2024,Road Restoration Work at Laulai Link Road in Km 1 and 2 and 3,,,,,,,,,,,,,,,,"Chief Engineer PWD Central Zone,Lucknow||S.E. UPPWD Lucknow||Provincial Division, Lucknow",,,,,,"806,274.03",,2024-10-09,"Chief Engineer PWD Central Zone,Lucknow||S.E. UPPWD Lucknow||Provincial Division, Lucknow",True,"{'Flood': 0, 'Embankment': 0, 'embkt': 0, 'Relief': 0, 'Erosion': 0, 'SDRF': 0, 'Inundation': 0, 'Hydrology': 0, 'Silt': 0, 'Siltation': 0, 'Bund': 0, 'Trench': 0, 'Breach': 0, 'Culvert': 0, 'Sluice': 0, 'Dyke': 0, 'Storm water drain': 0, 'Emergency': 0, 'Immediate': 0, 'IM': 0, 'AE': 0, 'A E': 0, 'AAPDA MITRA': 0, 'Bridge': 0, 'River': 0, 'Drain': 0, 'Restoration': 1, 'Protection': 0, 'irr': 0, 'irrigation': 0, 'dam': 0, 'Nallah': 0, 'Retrofitting': 0, 'Pond': 0, 'Pokhari': 0, 'D/C': 0, 'Recharge shaft': 0, 'LFB': 0, 'RFB': 0}","{'Floodlight': 0, 'Flood Light': 0, 'GAS': 0, 'FIFA': 0, 'pipe': 0, 'pipes': 0, 'covid': 0, 'supply': 0, 'Beautification': 0, 'Installation': 0}",Post-Monsoon,,False,True,Repair and Restoration,{'restoration': 1}
2024_CEUCZ_932306_6,4811/E-Tender/2024-25 Dated 17.06.2024,Road Restoration Work at Lucknow - Kursi -  Mehmoodabad Road,,,,,,,,,,,,,,,,"Chief Engineer PWD Central Zone,Lucknow||S.E. UPPWD Lucknow||Provincial Division, Lucknow",,,,,,"674,266.38",,2024-10-22,"Chief Engineer PWD Central Zone,Lucknow||S.E. UPPWD Lucknow||Provincial Division, Lucknow",True,"{'Flood': 0, 'Embankment': 0, 'embkt': 0, 'Relief': 0, 'Erosion': 0, 'SDRF': 0, 'Inundation': 0, 'Hydrology': 0, 'Silt': 0, 'Siltation': 0, 'Bund': 0, 'Trench': 0, 'Breach': 0, 'Culvert': 0, 'Sluice': 0, 'Dyke': 0, 'Storm water drain': 0, 'Emergency': 0, 'Immediate': 0, 'IM': 0, 'AE': 0, 'A E': 0, 'AAPDA MITRA': 0, 'Bridge': 0, 'River': 0, 'Drain': 0, 'Restoration': 1, 'Protection': 0, 'irr': 0, 'irrigation': 0, 'dam': 0, 'Nallah': 0, 'Retrofitting': 0, 'Pond': 0, 'Pokhari': 0, 'D/C': 0, 'Recharge shaft': 0, 'LFB': 0, 'RFB': 0}","{'Floodlight': 0, 'Flood Light': 0, 'GAS': 0, 'FIFA': 0, 'pipe': 0, 'pipes': 0, 'covid': 0, 'supply': 0, 'Beautification': 0, 'Installation': 0}",Post-Monsoon,,False,True,Repair and Restoration,{'restoration': 1}
2024_CEUCZ_932306_7,4811/E-Tender/2024-25 Dated 17.06.2024,Road Restoration Work at Lucknow - Kursi -  Mehmoodabad Road in Km 2,,,,,,,,,,,,,,,,"Chief Engineer PWD Central Zone,Lucknow||S.E. UPPWD Lucknow||Provincial Division, Lucknow",,,,,,"640,934.45",,2024-10-22,"Chief Engineer PWD Central Zone,Lucknow||S.E. UPPWD Lucknow||Provincial Division, Lucknow",True,"{'Flood': 0, 'Embankment': 0, 'embkt': 0, 'Relief': 0, 'Erosion': 0, 'SDRF': 0, 'Inundation': 0, 'Hydrology': 0, 'Silt': 0, 'Siltation': 0, 'Bund': 0, 'Trench': 0, 'Breach': 0, 'Culvert': 0, 'Sluice': 0, 'Dyke': 0, 'Storm water drain': 0, 'Emergency': 0, 'Immediate': 0, 'IM': 0, 'AE': 0, 'A E': 0, 'AAPDA MITRA': 0, 'Bridge': 0, 'River': 0, 'Drain': 0, 'Restoration': 1, 'Protection': 0, 'irr': 0, 'irrigation': 0, 'dam': 0, 'Nallah': 0, 'Retrofitting': 0, 'Pond': 0, 'Pokhari': 0, 'D/C': 0, 'Recharge shaft': 0, 'LFB': 0, 'RFB': 0}","{'Floodlight': 0, 'Flood Light': 0, 'GAS': 0, 'FIFA': 0, 'pipe': 0, 'pipes': 0, 'covid': 0, 'supply': 0, 'Beautification': 0, 'Installation': 0}",Post-Monsoon,,False,True,Repair and Restoration,{'restoration': 1}
2024_CEUCZ_932306_38,4811/E-Tender/2024-25 Dated 17.06.2024,Repair Work of Roads Damaged Due to Rain During the Rainy Season at  Village Rd Area in Vikas Khand BKT under Jurisdiction of AE III,,,,,,,,,,,,,,,,"Chief Engineer PWD Central Zone,Lucknow||S.E. UPPWD Lucknow||Provincial Division, Lucknow",,,,,,"1,393,170.72",,2024-10-03,"Chief Engineer PWD Central Zone,Lucknow||S.E. UPPWD Lucknow||Provincial Division, Lucknow",True,"{'Flood': 0, 'Embankment': 0, 'embkt': 0, 'Relief': 0, 'Erosion': 0, 'SDRF': 0, 'Inundation': 0, 'Hydrology': 0, 'Silt': 0, 'Siltation': 0, 'Bund': 0, 'Trench': 0, 'Breach': 0, 'Culvert': 0, 'Sluice': 0, 'Dyke': 0, 'Storm water drain': 0, 'Emergency': 0, 'Immediate': 0, 'IM': 0, 'AE': 1, 'A E': 0, 'AAPDA MITRA': 0, 'Bridge': 0, 'River': 0, 'Drain': 0, 'Restoration': 0, 'Protection': 0, 'irr': 0, 'irrigation': 0, 'dam': 0, 'Nallah': 0, 'Retrofitting': 0, 'Pond': 0, 'Pokhari': 0, 'D/C': 0, 'Recharge shaft': 0, 'LFB': 0, 'RFB': 0}","{'Floodlight': 0, 'Flood Light': 0, 'GAS': 0, 'FIFA': 0, 'pipe': 0, 'pipes': 0, 'covid': 0, 'supply': 0, 'Beautification': 0, 'Installation': 0}",Post-Monsoon,,True,True,Repair and Restoration,{'repair': 1}
2024_CEUCZ_932306_38,4811/E-Tender/2024-25 Dated 17.06.2024,Repair Work of Roads Damaged Due to Rain During the Rainy Season at  Village Rd Area in Vikas Khand BKT under Jurisdiction of AE III,,,,,,,,,,,,,,,,"Chief Engineer PWD Central Zone,Lucknow||S.E. UPPWD Lucknow||Provincial Division, Lucknow",,,,,,"1,393,170.72",,2024-10-03,"Chief Engineer PWD Central Zone,Lucknow||S.E. UPPWD Lucknow||Provincial Division, Lucknow",True,"{'Flood': 0, 'Embankment': 0, 'embkt': 0, 'Relief': 0, 'Erosion': 0, 'SDRF': 0, 'Inundation': 0, 'Hydrology': 0, 'Silt': 0, 'Siltation': 0, 'Bund': 0, 'Trench': 0, 'Breach': 0, 'Culvert': 0, 'Sluice': 0, 'Dyke': 0, 'Storm water drain': 0, 'Emergency': 0, 'Immediate': 0, 'IM': 0, 'AE': 1, 'A E': 0, 'AAPDA MITRA': 0, 'Bridge': 0, 'River': 0, 'Drain': 0, 'Restoration': 0, 'Protection': 0, 'irr': 0, 'irrigation': 0, 'dam': 0, 'Nallah': 0, 'Retrofitting': 0, 'Pond': 0, 'Pokhari': 0, 'D/C': 0, 'Recharge shaft': 0, 'LFB': 0, 'RFB': 0}","{'Floodlight': 0, 'Flood Light': 0, 'GAS': 0, 'FIFA': 0, 'pipe': 0, 'pipes': 0, 'covid': 0, 'supply': 0, 'Beautification': 0, 'Installation': 0}",Post-Monsoon,,True,True,Repair and Restoration,{'repair': 1}
2024_CEUCZ_932306_51,4811/E-Tender/2024-25 Dated 17.06.2024,Road Restoration Work at Khargapur Vidyut Upkendra in Km 1,,,,,,,,,,,,,,,,"Chief Engineer PWD Central Zone,Lucknow||S.E. UPPWD Lucknow||Provincial Division, Lucknow",,,,,,"166,221.36",,2024-10-07,"Chief Engineer PWD Central Zone,Lucknow||S.E. UPPWD Lucknow||Provincial Division, Lucknow",True,"{'Flood': 0, 'Embankment': 0, 'embkt': 0, 'Relief': 0, 'Erosion': 0, 'SDRF': 0, 'Inundation': 0, 'Hydrology': 0, 'Silt': 0, 'Siltation': 0, 'Bund': 0, 'Trench': 0, 'Breach': 0, 'Culvert': 0, 'Sluice': 0, 'Dyke': 0, 'Storm water drain': 0, 'Emergency': 0, 'Immediate': 0, 'IM': 0, 'AE': 0, 'A E': 0, 'AAPDA MITRA': 0, 'Bridge': 0, 'River': 0, 'Drain': 0, 'Restoration': 1, 'Protection': 0, 'irr': 0, 'irrigation': 0, 'dam': 0, 'Nallah': 0, 'Retrofitting': 0, 'Pond': 0, 'Pokhari': 0, 'D/C': 0, 'Recharge shaft': 0, 'LFB': 0, 'RFB': 0}","{'Floodlight': 0, 'Flood Light': 0, 'GAS': 0, 'FIFA': 0, 'pipe': 0, 'pipes': 0, 'covid': 0, 'supply': 0, 'Beautification': 0, 'Installation': 0}",Post-Monsoon,,False,True,Repair and Restoration,{'restoration': 1}
2024_CEUCZ_932306_51,4811/E-Tender/2024-25 Dated 17.06.2024,Road Restoration Work at Khargapur Vidyut Upkendra in Km 1,,,,,,,,,,,,,,,,"Chief Engineer PWD Central Zone,Lucknow||S.E. UPPWD Lucknow||Provincial Division, Lucknow",,,,,,"166,221.36",,2024-10-07,"Chief Engineer PWD Central Zone,Lucknow||S.E. UPPWD Lucknow||Provincial Division, Lucknow",True,"{'Flood': 0, 'Embankment': 0, 'embkt': 0, 'Relief': 0, 'Erosion': 0, 'SDRF': 0, 'Inundation': 0, 'Hydrology': 0, 'Silt': 0, 'Siltation': 0, 'Bund': 0, 'Trench': 0, 'Breach': 0, 'Culvert': 0, 'Sluice': 0, 'Dyke': 0, 'Storm water drain': 0, 'Emergency': 0, 'Immediate': 0, 'IM': 0, 'AE': 0, 'A E': 0, 'AAPDA MITRA': 0, 'Bridge': 0, 'River': 0, 'Drain': 0, 'Restoration': 1, 'Protection': 0, 'irr': 0, 'irrigation': 0, 'dam': 0, 'Nallah': 0, 'Retrofitting': 0, 'Pond': 0, 'Pokhari': 0, 'D/C': 0, 'Recharge shaft': 0, 'LFB': 0, 'RFB': 0}","{'Floodlight': 0, 'Flood Light': 0, 'GAS': 0, 'FIFA': 0, 'pipe': 0, 'pipes': 0, 'covid': 0, 'supply': 0, 'Beautification': 0, 'Installation': 0}",Post-Monsoon,,False,True,Repair and Restoration,{'restoration': 1}
2024_CEUCZ_932306_4,4811/E-Tender/2024-25 Dated 17.06.2024,Road Restoration Work at Pallia Shajahanpur Hardoi Lucknow Road in Km 261 and 262,,,,,,,,,,,,,,,,"Chief Engineer PWD Central Zone,Lucknow||S.E. UPPWD Lucknow||Provincial Division, Lucknow",,,,,,"688,878.69",,2024-10-22,"Chief Engineer PWD Central Zone,Lucknow||S.E. UPPWD Lucknow||Provincial Division, Lucknow",True,"{'Flood': 0, 'Embankment': 0, 'embkt': 0, 'Relief': 0, 'Erosion': 0, 'SDRF': 0, 'Inundation': 0, 'Hydrology': 0, 'Silt': 0, 'Siltation': 0, 'Bund': 0, 'Trench': 0, 'Breach': 0, 'Culvert': 0, 'Sluice': 0, 'Dyke': 0, 'Storm water drain': 0, 'Emergency': 0, 'Immediate': 0, 'IM': 0, 'AE': 0, 'A E': 0, 'AAPDA MITRA': 0, 'Bridge': 0, 'River': 0, 'Drain': 0, 'Restoration': 1, 'Protection': 0, 'irr': 0, 'irrigation': 0, 'dam': 0, 'Nallah': 0, 'Retrofitting': 0, 'Pond': 0, 'Pokhari': 0, 'D/C': 0, 'Recharge shaft': 0, 'LFB': 0, 'RFB': 0}","{'Floodlight': 0, 'Flood Light': 0, 'GAS': 0, 'FIFA': 0, 'pipe': 0, 'pipes': 0, 'covid': 0, 'supply': 0, 'Beautification': 0, 'Installation': 0}",Post-Monsoon,,False,True,Repair and Restoration,{'restoration': 1}
2024_CEUCZ_932306_51,4811/E-Tender/2024-25 Dated 17.06.2024,Road Restoration Work at Khargapur Vidyut Upkendra in Km 1,,,,,,,,,,,,,,,,"Chief Engineer PWD Central Zone,Lucknow||S.E. UPPWD Lucknow||Provincial Division, Lucknow",,,,,,"166,221.36",,2024-10-07,"Chief Engineer PWD Central Zone,Lucknow||S.E. UPPWD Lucknow||Provincial Division, Lucknow",True,"{'Flood': 0, 'Embankment': 0, 'embkt': 0, 'Relief': 0, 'Erosion': 0, 'SDRF': 0, 'Inundation': 0, 'Hydrology': 0, 'Silt': 0, 'Siltation': 0, 'Bund': 0, 'Trench': 0, 'Breach': 0, 'Culvert': 0, 'Sluice': 0, 'Dyke': 0, 'Storm water drain': 0, 'Emergency': 0, 'Immediate': 0, 'IM': 0, 'AE': 0, 'A E': 0, 'AAPDA MITRA': 0, 'Bridge': 0, 'River': 0, 'Drain': 0, 'Restoration': 1, 'Protection': 0, 'irr': 0, 'irrigation': 0, 'dam': 0, 'Nallah': 0, 'Retrofitting': 0, 'Pond': 0, 'Pokhari': 0, 'D/C': 0, 'Recharge shaft': 0, 'LFB': 0, 'RFB': 0}","{'Floodlight': 0, 'Flood Light': 0, 'GAS': 0, 'FIFA': 0, 'pipe': 0, 'pipes': 0, 'covid': 0, 'supply': 0, 'Beautification': 0, 'Installation': 0}",Post-Monsoon,,False,True,Repair and Restoration,{'restoration': 1}
2024_CEUCZ_932306_53,4811/E-Tender/2024-25 Dated 17.06.2024,Road Restoration Work at Goyla Industrial Phase 2 in Km 1 and 2 and 3,,,,,,,,,,,,,,,,"Chief Engineer PWD Central Zone,Lucknow||S.E. UPPWD Lucknow||Provincial Division, Lucknow",,,,,,"600,785.35",,2024-10-07,"Chief Engineer PWD Central Zone,Lucknow||S.E. UPPWD Lucknow||Provincial Division, Lucknow",True,"{'Flood': 0, 'Embankment': 0, 'embkt': 0, 'Relief': 0, 'Erosion': 0, 'SDRF': 0, 'Inundation': 0, 'Hydrology': 0, 'Silt': 0, 'Siltation': 0, 'Bund': 0, 'Trench': 0, 'Breach': 0, 'Culvert': 0, 'Sluice': 0, 'Dyke': 0, 'Storm water drain': 0, 'Emergency': 0, 'Immediate': 0, 'IM': 0, 'AE': 0, 'A E': 0, 'AAPDA MITRA': 0, 'Bridge': 0, 'River': 0, 'Drain': 0, 'Restoration': 1, 'Protection': 0, 'irr': 0, 'irrigation': 0, 'dam': 0, 'Nallah': 0, 'Retrofitting': 0, 'Pond': 0, 'Pokhari': 0, 'D/C': 0, 'Recharge shaft': 0, 'LFB': 0, 'RFB': 0}","{'Floodlight': 0, 'Flood Light': 0, 'GAS': 0, 'FIFA': 0, 'pipe': 0, 'pipes': 0, 'covid': 0, 'supply': 0, 'Beautification': 0, 'Installation': 0}",Post-Monsoon,,False,True,Repair and Restoration,{'restoration': 1}
2024_CEUCZ_932306_54,4811/E-Tender/2024-25 Dated 17.06.2024,Road Restoration Work at Chinhat Satrikh Juggaur in Km 1 to 4,,,,,,,,,,,,,,,,"Chief Engineer PWD Central Zone,Lucknow||S.E. UPPWD Lucknow||Provincial Division, Lucknow",,,,,,"830,514.88",,2024-10-07,"Chief Engineer PWD Central Zone,Lucknow||S.E. UPPWD Lucknow||Provincial Division, Lucknow",True,"{'Flood': 0, 'Embankment': 0, 'embkt': 0, 'Relief': 0, 'Erosion': 0, 'SDRF': 0, 'Inundation': 0, 'Hydrology': 0, 'Silt': 0, 'Siltation': 0, 'Bund': 0, 'Trench': 0, 'Breach': 0, 'Culvert': 0, 'Sluice': 0, 'Dyke': 0, 'Storm water drain': 0, 'Emergency': 0, 'Immediate': 0, 'IM': 0, 'AE': 0, 'A E': 0, 'AAPDA MITRA': 0, 'Bridge': 0, 'River': 0, 'Drain': 0, 'Restoration': 1, 'Protection': 0, 'irr': 0, 'irrigation': 0, 'dam': 0, 'Nallah': 0, 'Retrofitting': 0, 'Pond': 0, 'Pokhari': 0, 'D/C': 0, 'Recharge shaft': 0, 'LFB': 0, 'RFB': 0}","{'Floodlight': 0, 'Flood Light': 0, 'GAS': 0, 'FIFA': 0, 'pipe': 0, 'pipes': 0, 'covid': 0, 'supply': 0, 'Beautification': 0, 'Installation': 0}",Post-Monsoon,,False,True,Repair and Restoration,{'restoration': 1}
2024_CEUCZ_932306_25,4811/E-Tender/2024-25 Dated 17.06.2024,Road Repair and Improvement Work at Various Road under Jurisdiction of AE IV,,,,,,,,,,,,,,,,"Chief Engineer PWD Central Zone,Lucknow||S.E. UPPWD Lucknow||Provincial Division, Lucknow",,,,,,"634,413.32",,2024-10-09,"Chief Engineer PWD Central Zone,Lucknow||S.E. UPPWD Lucknow||Provincial Division, Lucknow",True,"{'Flood': 0, 'Embankment': 0, 'embkt': 0, 'Relief': 0, 'Erosion': 0, 'SDRF': 0, 'Inundation': 0, 'Hydrology': 0, 'Silt': 0, 'Siltation': 0, 'Bund': 0, 'Trench': 0, 'Breach': 0, 'Culvert': 0, 'Sluice': 0, 'Dyke': 0, 'Storm water drain': 0, 'Emergency': 0, 'Immediate': 0, 'IM': 0, 'AE': 1, 'A E': 0, 'AAPDA MITRA': 0, 'Bridge': 0, 'River': 0, 'Drain': 0, 'Restoration': 0, 'Protection': 0, 'irr': 0, 'irrigation': 0, 'dam': 0, 'Nallah': 0, 'Retrofitting': 0, 'Pond': 0, 'Pokhari': 0, 'D/C': 0, 'Recharge shaft': 0, 'LFB': 0, 'RFB': 0}","{'Floodlight': 0, 'Flood Light': 0, 'GAS': 0, 'FIFA': 0, 'pipe': 0, 'pipes': 0, 'covid': 0, 'supply': 0, 'Beautification': 0, 'Installation': 0}",Post-Monsoon,,True,True,Repair and Restoration,"{'improvement': 1, 'repair': 1}"
2024_CEUCZ_932306_26,4811/E-Tender/2024-25 Dated 17.06.2024,Patch Repair Work on Various Roads in Gosaiganj Area under Jurisdiction of AE IV,,,,,,,,,,,,,,,,"Chief Engineer PWD Central Zone,Lucknow||S.E. UPPWD Lucknow||Provincial Division, Lucknow",,,,,,"1,024,316.16",,2024-10-03,"Chief Engineer PWD Central Zone,Lucknow||S.E. UPPWD Lucknow||Provincial Division, Lucknow",True,"{'Flood': 0, 'Embankment': 0, 'embkt': 0, 'Relief': 0, 'Erosion': 0, 'SDRF': 0, 'Inundation': 0, 'Hydrology': 0, 'Silt': 0, 'Siltation': 0, 'Bund': 0, 'Trench': 0, 'Breach': 0, 'Culvert': 0, 'Sluice': 0, 'Dyke': 0, 'Storm water drain': 0, 'Emergency': 0, 'Immediate': 0, 'IM': 0, 'AE': 1, 'A E': 0, 'AAPDA MITRA': 0, 'Bridge': 0, 'River': 0, 'Drain': 0, 'Restoration': 0, 'Protection': 0, 'irr': 0, 'irrigation': 0, 'dam': 0, 'Nallah': 0, 'Retrofitting': 0, 'Pond': 0, 'Pokhari': 0, 'D/C': 0, 'Recharge shaft': 0, 'LFB': 0, 'RFB': 0}","{'Floodlight': 0, 'Flood Light': 0, 'GAS': 0, 'FIFA': 0, 'pipe': 0, 'pipes': 0, 'covid': 0, 'supply': 0, 'Beautification': 0, 'Installation': 0}",Post-Monsoon,,True,True,Repair and Restoration,{'repair': 1}
2024_CEUCZ_932306_30,4811/E-Tender/2024-25 Dated 17.06.2024,Thermoplastic and Road Safety Work under Jurisdiction of AE III,,,,,,,,,,,,,,,,"Chief Engineer PWD Central Zone,Lucknow||S.E. UPPWD Lucknow||Provincial Division, Lucknow",,,,,,"1,389,371.3",,2024-10-24,"Chief Engineer PWD Central Zone,Lucknow||S.E. UPPWD Lucknow||Provincial Division, Lucknow",True,"{'Flood': 0, 'Embankment': 0, 'embkt': 0, 'Relief': 0, 'Erosion': 0, 'SDRF': 0, 'Inundation': 0, 'Hydrology': 0, 'Silt': 0, 'Siltation': 0, 'Bund': 0, 'Trench': 0, 'Breach': 0, 'Culvert': 0, 'Sluice': 0, 'Dyke': 0, 'Storm water drain': 0, 'Emergency': 0, 'Immediate': 0, 'IM': 0, 'AE': 1, 'A E': 0, 'AAPDA MITRA': 0, 'Bridge': 0, 'River': 0, 'Drain': 0, 'Restoration': 0, 'Protection': 0, 'irr': 0, 'irrigation': 0, 'dam': 0, 'Nallah': 0, 'Retrofitting': 0, 'Pond': 0, 'Pokhari': 0, 'D/C': 0, 'Recharge shaft': 0, 'LFB': 0, 'RFB': 0}","{'Floodlight': 0, 'Flood Light': 0, 'GAS': 0, 'FIFA': 0, 'pipe': 0, 'pipes': 0, 'covid': 0, 'supply': 0, 'Beautification': 0, 'Installation': 0}",Post-Monsoon,,True,True,Others,
2024_CEUCZ_932306_31,4811/E-Tender/2024-25 Dated 17.06.2024,Thermoplastic and Road Safety Work under Jurisdiction of AE II,,,,,,,,,,,,,,,,"Chief Engineer PWD Central Zone,Lucknow||S.E. UPPWD Lucknow||Provincial Division, Lucknow",,,,,,"1,857,738.87",,2024-10-24,"Chief Engineer PWD Central Zone,Lucknow||S.E. UPPWD Lucknow||Provincial Division, Lucknow",True,"{'Flood': 0, 'Embankment': 0, 'embkt': 0, 'Relief': 0, 'Erosion': 0, 'SDRF': 0, 'Inundation': 0, 'Hydrology': 0, 'Silt': 0, 'Siltation': 0, 'Bund': 0, 'Trench': 0, 'Breach': 0, 'Culvert': 0, 'Sluice': 0, 'Dyke': 0, 'Storm water drain': 0, 'Emergency': 0, 'Immediate': 0, 'IM': 0, 'AE': 1, 'A E': 0, 'AAPDA MITRA': 0, 'Bridge': 0, 'River': 0, 'Drain': 0, 'Restoration': 0, 'Protection': 0, 'irr': 0, 'irrigation': 0, 'dam': 0, 'Nallah': 0, 'Retrofitting': 0, 'Pond': 0, 'Pokhari': 0, 'D/C': 0, 'Recharge shaft': 0, 'LFB': 0, 'RFB': 0}","{'Floodlight': 0, 'Flood Light': 0, 'GAS': 0, 'FIFA': 0, 'pipe': 0, 'pipes': 0, 'covid': 0, 'supply': 0, 'Beautification': 0, 'Installation': 0}",Post-Monsoon,,True,True,Others,
2024_CEUCZ_932306_35,4811/E-Tender/2024-25 Dated 17.06.2024,Patch Repair Work on Itaunja Area in BKT under Jurisdiction of AE III,,,,,,,,,,,,,,,,"Chief Engineer PWD Central Zone,Lucknow||S.E. UPPWD Lucknow||Provincial Division, Lucknow",,,,,,"1,804,766.6",,2024-10-03,"Chief Engineer PWD Central Zone,Lucknow||S.E. UPPWD Lucknow||Provincial Division, Lucknow",True,"{'Flood': 0, 'Embankment': 0, 'embkt': 0, 'Relief': 0, 'Erosion': 0, 'SDRF': 0, 'Inundation': 0, 'Hydrology': 0, 'Silt': 0, 'Siltation': 0, 'Bund': 0, 'Trench': 0, 'Breach': 0, 'Culvert': 0, 'Sluice': 0, 'Dyke': 0, 'Storm water drain': 0, 'Emergency': 0, 'Immediate': 0, 'IM': 0, 'AE': 1, 'A E': 0, 'AAPDA MITRA': 0, 'Bridge': 0, 'River': 0, 'Drain': 0, 'Restoration': 0, 'Protection': 0, 'irr': 0, 'irrigation': 0, 'dam': 0, 'Nallah': 0, 'Retrofitting': 0, 'Pond': 0, 'Pokhari': 0, 'D/C': 0, 'Recharge shaft': 0, 'LFB': 0, 'RFB': 0}","{'Floodlight': 0, 'Flood Light': 0, 'GAS': 0, 'FIFA': 0, 'pipe': 0, 'pipes': 0, 'covid': 0, 'supply': 0, 'Beautification': 0, 'Installation': 0}",Post-Monsoon,,True,False,Repair and Restoration,{'repair': 1}
2024_CEUCZ_932306_1,4811/E-Tender/2024-25 Dated 17.06.2024,Road Restoration Work at Lucknow - Kursi -  Mehmoodabad Road in Km 13-300 to 15-100,,,,,,,,,,,,,,,,"Chief Engineer PWD Central Zone,Lucknow||S.E. UPPWD Lucknow||Provincial Division, Lucknow",,,,,,"1,221,725.2",,2024-10-23,"Chief Engineer PWD Central Zone,Lucknow||S.E. UPPWD Lucknow||Provincial Division, Lucknow",True,"{'Flood': 0, 'Embankment': 0, 'embkt': 0, 'Relief': 0, 'Erosion': 0, 'SDRF': 0, 'Inundation': 0, 'Hydrology': 0, 'Silt': 0, 'Siltation': 0, 'Bund': 0, 'Trench': 0, 'Breach': 0, 'Culvert': 0, 'Sluice': 0, 'Dyke': 0, 'Storm water drain': 0, 'Emergency': 0, 'Immediate': 0, 'IM': 0, 'AE': 0, 'A E': 0, 'AAPDA MITRA': 0, 'Bridge': 0, 'River': 0, 'Drain': 0, 'Restoration': 1, 'Protection': 0, 'irr': 0, 'irrigation': 0, 'dam': 0, 'Nallah': 0, 'Retrofitting': 0, 'Pond': 0, 'Pokhari': 0, 'D/C': 0, 'Recharge shaft': 0, 'LFB': 0, 'RFB': 0}","{'Floodlight': 0, 'Flood Light': 0, 'GAS': 0, 'FIFA': 0, 'pipe': 0, 'pipes': 0, 'covid': 0, 'supply': 0, 'Beautification': 0, 'Installation': 0}",Post-Monsoon,,False,True,Repair and Restoration,{'restoration': 1}
2024_UPIDC_962847_3,01/EE/2024-25,Bed and Berm scrapping and Jungle Clearance of  Pathrai Left Main Canal  From KM. 0.000 to 9.400 at Pathrai Dam,,,,,,,,,,,,,,,,"U P Irrigation Department (Civil)||Chief Engineer-Betwa Project, Jhansi||Irrigation Contruction Circle, Jhansi||Irrigation Contruction Division-5, Jhansi",,,,,,"344,702",,2024-10-23,"U P Irrigation Department (Civil)||Chief Engineer-Betwa Project, Jhansi||Irrigation Contruction Circle, Jhansi||Irrigation Contruction Division-5, Jhansi",True,"{'Flood': 0, 'Embankment': 0, 'embkt': 0, 'Relief': 0, 'Erosion': 0, 'SDRF': 0, 'Inundation': 0, 'Hydrology': 0, 'Silt': 0, 'Siltation': 0, 'Bund': 0, 'Trench': 0, 'Breach': 0, 'Culvert': 0, 'Sluice': 0, 'Dyke': 0, 'Storm water drain': 0, 'Emergency': 0, 'Immediate': 0, 'IM': 0, 'AE': 0, 'A E': 0, 'AAPDA MITRA': 0, 'Bridge': 0, 'River': 0, 'Drain': 0, 'Restoration': 0, 'Protection': 0, 'irr': 0, 'irrigation': 0, 'dam': 1, 'Nallah': 0, 'Retrofitting': 0, 'Pond': 0, 'Pokhari': 0, 'D/C': 0, 'Recharge shaft': 0, 'LFB': 0, 'RFB': 0}","{'Floodlight': 0, 'Flood Light': 0, 'GAS': 0, 'FIFA': 0, 'pipe': 0, 'pipes': 0, 'covid': 0, 'supply': 0, 'Beautification': 0, 'Installation': 0}",Post-Monsoon,,False,False,Others,
2024_UPIDC_962847_3,01/EE/2024-25,Bed and Berm scrapping and Jungle Clearance of  Pathrai Left Main Canal  From KM. 0.000 to 9.400 at Pathrai Dam,,,,,,,,,,,,,,,,"U P Irrigation Department (Civil)||Chief Engineer-Betwa Project, Jhansi||Irrigation Contruction Circle, Jhansi||Irrigation Contruction Division-5, Jhansi",,,,,,"344,702",,2024-10-23,"U P Irrigation Department (Civil)||Chief Engineer-Betwa Project, Jhansi||Irrigation Contruction Circle, Jhansi||Irrigation Contruction Division-5, Jhansi",True,"{'Flood': 0, 'Embankment': 0, 'embkt': 0, 'Relief': 0, 'Erosion': 0, 'SDRF': 0, 'Inundation': 0, 'Hydrology': 0, 'Silt': 0, 'Siltation': 0, 'Bund': 0, 'Trench': 0, 'Breach': 0, 'Culvert': 0, 'Sluice': 0, 'Dyke': 0, 'Storm water drain': 0, 'Emergency': 0, 'Immediate': 0, 'IM': 0, 'AE': 0, 'A E': 0, 'AAPDA MITRA': 0, 'Bridge': 0, 'River': 0, 'Drain': 0, 'Restoration': 0, 'Protection': 0, 'irr': 0, 'irrigation': 0, 'dam': 1, 'Nallah': 0, 'Retrofitting': 0, 'Pond': 0, 'Pokhari': 0, 'D/C': 0, 'Recharge shaft': 0, 'LFB': 0, 'RFB': 0}","{'Floodlight': 0, 'Flood Light': 0, 'GAS': 0, 'FIFA': 0, 'pipe': 0, 'pipes': 0, 'covid': 0, 'supply': 0, 'Beautification': 0, 'Installation': 0}",Post-Monsoon,,False,False,Others,
2024_UPIDC_962847_6,01/EE/2024-25,Bed and  Berm scrapping and Jungle Clearance of  Pathrai Right Main Canal From KM. 0.000 to 7.650 at Pathrai Dam,,,,,,,,,,,,,,,,"U P Irrigation Department (Civil)||Chief Engineer-Betwa Project, Jhansi||Irrigation Contruction Circle, Jhansi||Irrigation Contruction Division-5, Jhansi",,,,,,"520,588.44",,2024-10-23,"U P Irrigation Department (Civil)||Chief Engineer-Betwa Project, Jhansi||Irrigation Contruction Circle, Jhansi||Irrigation Contruction Division-5, Jhansi",True,"{'Flood': 0, 'Embankment': 0, 'embkt': 0, 'Relief': 0, 'Erosion': 0, 'SDRF': 0, 'Inundation': 0, 'Hydrology': 0, 'Silt': 0, 'Siltation': 0, 'Bund': 0, 'Trench': 0, 'Breach': 0, 'Culvert': 0, 'Sluice': 0, 'Dyke': 0, 'Storm water drain': 0, 'Emergency': 0, 'Immediate': 0, 'IM': 0, 'AE': 0, 'A E': 0, 'AAPDA MITRA': 0, 'Bridge': 0, 'River': 0, 'Drain': 0, 'Restoration': 0, 'Protection': 0, 'irr': 0, 'irrigation': 0, 'dam': 1, 'Nallah': 0, 'Retrofitting': 0, 'Pond': 0, 'Pokhari': 0, 'D/C': 0, 'Recharge shaft': 0, 'LFB': 0, 'RFB': 0}","{'Floodlight': 0, 'Flood Light': 0, 'GAS': 0, 'FIFA': 0, 'pipe': 0, 'pipes': 0, 'covid': 0, 'supply': 0, 'Beautification': 0, 'Installation': 0}",Post-Monsoon,,False,False,Others,
2024_UPIDC_962847_6,01/EE/2024-25,Bed and  Berm scrapping and Jungle Clearance of  Pathrai Right Main Canal From KM. 0.000 to 7.650 at Pathrai Dam,,,,,,,,,,,,,,,,"U P Irrigation Department (Civil)||Chief Engineer-Betwa Project, Jhansi||Irrigation Contruction Circle, Jhansi||Irrigation Contruction Division-5, Jhansi",,,,,,"520,588.44",,2024-10-23,"U P Irrigation Department (Civil)||Chief Engineer-Betwa Project, Jhansi||Irrigation Contruction Circle, Jhansi||Irrigation Contruction Division-5, Jhansi",True,"{'Flood': 0, 'Embankment': 0, 'embkt': 0, 'Relief': 0, 'Erosion': 0, 'SDRF': 0, 'Inundation': 0, 'Hydrology': 0, 'Silt': 0, 'Siltation': 0, 'Bund': 0, 'Trench': 0, 'Breach': 0, 'Culvert': 0, 'Sluice': 0, 'Dyke': 0, 'Storm water drain': 0, 'Emergency': 0, 'Immediate': 0, 'IM': 0, 'AE': 0, 'A E': 0, 'AAPDA MITRA': 0, 'Bridge': 0, 'River': 0, 'Drain': 0, 'Restoration': 0, 'Protection': 0, 'irr': 0, 'irrigation': 0, 'dam': 1, 'Nallah': 0, 'Retrofitting': 0, 'Pond': 0, 'Pokhari': 0, 'D/C': 0, 'Recharge shaft': 0, 'LFB': 0, 'RFB': 0}","{'Floodlight': 0, 'Flood Light': 0, 'GAS': 0, 'FIFA': 0, 'pipe': 0, 'pipes': 0, 'covid': 0, 'supply': 0, 'Beautification': 0, 'Installation': 0}",Post-Monsoon,,False,False,Others,
2024_UPIDC_962847_6,01/EE/2024-25,Bed and  Berm scrapping and Jungle Clearance of  Pathrai Right Main Canal From KM. 0.000 to 7.650 at Pathrai Dam,,,,,,,,,,,,,,,,"U P Irrigation Department (Civil)||Chief Engineer-Betwa Project, Jhansi||Irrigation Contruction Circle, Jhansi||Irrigation Contruction Division-5, Jhansi",,,,,,"520,588.44",,2024-10-23,"U P Irrigation Department (Civil)||Chief Engineer-Betwa Project, Jhansi||Irrigation Contruction Circle, Jhansi||Irrigation Contruction Division-5, Jhansi",True,"{'Flood': 0, 'Embankment': 0, 'embkt': 0, 'Relief': 0, 'Erosion': 0, 'SDRF': 0, 'Inundation': 0, 'Hydrology': 0, 'Silt': 0, 'Siltation': 0, 'Bund': 0, 'Trench': 0, 'Breach': 0, 'Culvert': 0, 'Sluice': 0, 'Dyke': 0, 'Storm water drain': 0, 'Emergency': 0, 'Immediate': 0, 'IM': 0, 'AE': 0, 'A E': 0, 'AAPDA MITRA': 0, 'Bridge': 0, 'River': 0, 'Drain': 0, 'Restoration': 0, 'Protection': 0, 'irr': 0, 'irrigation': 0, 'dam': 1, 'Nallah': 0, 'Retrofitting': 0, 'Pond': 0, 'Pokhari': 0, 'D/C': 0, 'Recharge shaft': 0, 'LFB': 0, 'RFB': 0}","{'Floodlight': 0, 'Flood Light': 0, 'GAS': 0, 'FIFA': 0, 'pipe': 0, 'pipes': 0, 'covid': 0, 'supply': 0, 'Beautification': 0, 'Installation': 0}",Post-Monsoon,,False,False,Others,
2024_CEMRZ_954431_11,4127/53M-Mzp Circle/2024-25  Dt. 02-09-2024,Construction work of 7x6 meter spon minor bridge and approach road on NH-135 road to Sindhora Ghat Link Road,,,,,,,,,,,,,,,,Chief Engineer Mirzapur Zone PWD Mirzapur||Superintending Engineer Mirzapur Circle PWD Mirzapur||E E Provincial Division PWD Mirzapur,,,,,,"18,340,273.74",,2024-10-14,Chief Engineer Mirzapur Zone PWD Mirzapur||Superintending Engineer Mirzapur Circle PWD Mirzapur||E E Provincial Division PWD Mirzapur,True,"{'Flood': 0, 'Embankment': 0, 'embkt': 0, 'Relief': 0, 'Erosion': 0, 'SDRF': 0, 'Inundation': 0, 'Hydrology': 0, 'Silt': 0, 'Siltation': 0, 'Bund': 0, 'Trench': 0, 'Breach': 0, 'Culvert': 0, 'Sluice': 0, 'Dyke': 0, 'Storm water drain': 0, 'Emergency': 0, 'Immediate': 0, 'IM': 0, 'AE': 0, 'A E': 0, 'AAPDA MITRA': 0, 'Bridge': 1, 'River': 0, 'Drain': 0, 'Restoration': 0, 'Protection': 0, 'irr': 0, 'irrigation': 0, 'dam': 0, 'Nallah': 0, 'Retrofitting': 0, 'Pond': 0, 'Pokhari': 0, 'D/C': 0, 'Recharge shaft': 0, 'LFB': 0, 'RFB': 0}","{'Floodlight': 0, 'Flood Light': 0, 'GAS': 0, 'FIFA': 0, 'pipe': 0, 'pipes': 0, 'covid': 0, 'supply': 0, 'Beautification': 0, 'Installation': 0}",Post-Monsoon,,False,True,Repair and Restoration,"{'Construction': 1, 'Bridge': 1}"
2024_CEMRZ_954147_1,1674/3A Date- 27-08-2024,Patch Repair work on Village road in block Chatra Exculding Renewal and special repair of road for the year 2022-23 and 2023-24 AE-I,,,,,,,,,,,,,,,,Chief Engineer Mirzapur Zone PWD Mirzapur||Superintending Engineer Mirzapur Circle PWD Mirzapur||E E Construction Division - 2 PWD Sonbhadra,,,,,,"767,340.31",,2024-10-25,Chief Engineer Mirzapur Zone PWD Mirzapur||Superintending Engineer Mirzapur Circle PWD Mirzapur||E E Construction Division - 2 PWD Sonbhadra,True,"{'Flood': 0, 'Embankment': 0, 'embkt': 0, 'Relief': 0, 'Erosion': 0, 'SDRF': 0, 'Inundation': 0, 'Hydrology': 0, 'Silt': 0, 'Siltation': 0, 'Bund': 0, 'Trench': 0, 'Breach': 0, 'Culvert': 0, 'Sluice': 0, 'Dyke': 0, 'Storm water drain': 0, 'Emergency': 0, 'Immediate': 0, 'IM': 0, 'AE': 1, 'A E': 0, 'AAPDA MITRA': 0, 'Bridge': 0, 'River': 0, 'Drain': 0, 'Restoration': 0, 'Protection': 0, 'irr': 0, 'irrigation': 0, 'dam': 0, 'Nallah': 0, 'Retrofitting': 0, 'Pond': 0, 'Pokhari': 0, 'D/C': 0, 'Recharge shaft': 0, 'LFB': 0, 'RFB': 0}","{'Floodlight': 0, 'Flood Light': 0, 'GAS': 0, 'FIFA': 0, 'pipe': 0, 'pipes': 0, 'covid': 0, 'supply': 0, 'Beautification': 0, 'Installation': 0}",Post-Monsoon,,True,True,Repair and Restoration,{'repair': 2}
2024_CEMRZ_954147_2,1674/3A Date- 27-08-2024,Patch Repair work on Village road in block Chatra Exculding Renewal and special repair of road for the year 2022-23 and 2023-24 AE-II,,,,,,,,,,,,,,,,Chief Engineer Mirzapur Zone PWD Mirzapur||Superintending Engineer Mirzapur Circle PWD Mirzapur||E E Construction Division - 2 PWD Sonbhadra,,,,,,"721,555.04",,2024-10-01,Chief Engineer Mirzapur Zone PWD Mirzapur||Superintending Engineer Mirzapur Circle PWD Mirzapur||E E Construction Division - 2 PWD Sonbhadra,True,"{'Flood': 0, 'Embankment': 0, 'embkt': 0, 'Relief': 0, 'Erosion': 0, 'SDRF': 0, 'Inundation': 0, 'Hydrology': 0, 'Silt': 0, 'Siltation': 0, 'Bund': 0, 'Trench': 0, 'Breach': 0, 'Culvert': 0, 'Sluice': 0, 'Dyke': 0, 'Storm water drain': 0, 'Emergency': 0, 'Immediate': 0, 'IM': 0, 'AE': 1, 'A E': 0, 'AAPDA MITRA': 0, 'Bridge': 0, 'River': 0, 'Drain': 0, 'Restoration': 0, 'Protection': 0, 'irr': 0, 'irrigation': 0, 'dam': 0, 'Nallah': 0, 'Retrofitting': 0, 'Pond': 0, 'Pokhari': 0, 'D/C': 0, 'Recharge shaft': 0, 'LFB': 0, 'RFB': 0}","{'Floodlight': 0, 'Flood Light': 0, 'GAS': 0, 'FIFA': 0, 'pipe': 0, 'pipes': 0, 'covid': 0, 'supply': 0, 'Beautification': 0, 'Installation': 0}",Post-Monsoon,,True,True,Repair and Restoration,{'repair': 2}
2024_CEMRZ_954147_3,1674/3A Date- 27-08-2024,Patch Repair work on Village road in block Nagwa Exculding Renewal and special repair of road for the year 2022-23 and 2023-24 AE-I,,,,,,,,,,,,,,,,Chief Engineer Mirzapur Zone PWD Mirzapur||Superintending Engineer Mirzapur Circle PWD Mirzapur||E E Construction Division - 2 PWD Sonbhadra,,,,,,"717,311.78",,2024-10-04,Chief Engineer Mirzapur Zone PWD Mirzapur||Superintending Engineer Mirzapur Circle PWD Mirzapur||E E Construction Division - 2 PWD Sonbhadra,True,"{'Flood': 0, 'Embankment': 0, 'embkt': 0, 'Relief': 0, 'Erosion': 0, 'SDRF': 0, 'Inundation': 0, 'Hydrology': 0, 'Silt': 0, 'Siltation': 0, 'Bund': 0, 'Trench': 0, 'Breach': 0, 'Culvert': 0, 'Sluice': 0, 'Dyke': 0, 'Storm water drain': 0, 'Emergency': 0, 'Immediate': 0, 'IM': 0, 'AE': 1, 'A E': 0, 'AAPDA MITRA': 0, 'Bridge': 0, 'River': 0, 'Drain': 0, 'Restoration': 0, 'Protection': 0, 'irr': 0, 'irrigation': 0, 'dam': 0, 'Nallah': 0, 'Retrofitting': 0, 'Pond': 0, 'Pokhari': 0, 'D/C': 0, 'Recharge shaft': 0, 'LFB': 0, 'RFB': 0}","{'Floodlight': 0, 'Flood Light': 0, 'GAS': 0, 'FIFA': 0, 'pipe': 0, 'pipes': 0, 'covid': 0, 'supply': 0, 'Beautification': 0, 'Installation': 0}",Post-Monsoon,,True,True,Repair and Restoration,{'repair': 2}
2024_CEMRZ_954147_4,1674/3A Date- 27-08-2024,Patch Repair work on Village road in block Nagwa Exculding Renewal and special repair of road for the year 2022-23 and 2023-24 AE-II,,,,,,,,,,,,,,,,Chief Engineer Mirzapur Zone PWD Mirzapur||Superintending Engineer Mirzapur Circle PWD Mirzapur||E E Construction Division - 2 PWD Sonbhadra,,,,,,"818,617.38",,2024-10-04,Chief Engineer Mirzapur Zone PWD Mirzapur||Superintending Engineer Mirzapur Circle PWD Mirzapur||E E Construction Division - 2 PWD Sonbhadra,True,"{'Flood': 0, 'Embankment': 0, 'embkt': 0, 'Relief': 0, 'Erosion': 0, 'SDRF': 0, 'Inundation': 0, 'Hydrology': 0, 'Silt': 0, 'Siltation': 0, 'Bund': 0, 'Trench': 0, 'Breach': 0, 'Culvert': 0, 'Sluice': 0, 'Dyke': 0, 'Storm water drain': 0, 'Emergency': 0, 'Immediate': 0, 'IM': 0, 'AE': 1, 'A E': 0, 'AAPDA MITRA': 0, 'Bridge': 0, 'River': 0, 'Drain': 0, 'Restoration': 0, 'Protection': 0, 'irr': 0, 'irrigation': 0, 'dam': 0, 'Nallah': 0, 'Retrofitting': 0, 'Pond': 0, 'Pokhari': 0, 'D/C': 0, 'Recharge shaft': 0, 'LFB': 0, 'RFB': 0}","{'Floodlight': 0, 'Flood Light': 0, 'GAS': 0, 'FIFA': 0, 'pipe': 0, 'pipes': 0, 'covid': 0, 'supply': 0, 'Beautification': 0, 'Installation': 0}",Post-Monsoon,,True,True,Repair and Restoration,{'repair': 2}
2024_CEMRT_957479_8,1640/8A DT 30.08.2024,8 Patch repair on village roads in jurisdiction of AE-IV Provincial Division PWD Shamli in FY 2024-25,,,,,,,,,,,,,,,,Cheif Engineer Meerut Zone PWD Meerut||SE SAHARANPUR CIRCLE PWD SAHARANPUR||EE PROVINCIAL DIVISION PWD SHAMLI,,,,,,"621,959.63",,2024-10-04,Cheif Engineer Meerut Zone PWD Meerut||SE SAHARANPUR CIRCLE PWD SAHARANPUR||EE PROVINCIAL DIVISION PWD SHAMLI,True,"{'Flood': 0, 'Embankment': 0, 'embkt': 0, 'Relief': 0, 'Erosion': 0, 'SDRF': 0, 'Inundation': 0, 'Hydrology': 0, 'Silt': 0, 'Siltation': 0, 'Bund': 0, 'Trench': 0, 'Breach': 0, 'Culvert': 0, 'Sluice': 0, 'Dyke': 0, 'Storm water drain': 0, 'Emergency': 0, 'Immediate': 0, 'IM': 0, 'AE': 1, 'A E': 0, 'AAPDA MITRA': 0, 'Bridge': 0, 'River': 0, 'Drain': 0, 'Restoration': 0, 'Protection': 0, 'irr': 0, 'irrigation': 0, 'dam': 0, 'Nallah': 0, 'Retrofitting': 0, 'Pond': 0, 'Pokhari': 0, 'D/C': 0, 'Recharge shaft': 0, 'LFB': 0, 'RFB': 0}","{'Floodlight': 0, 'Flood Light': 0, 'GAS': 0, 'FIFA': 0, 'pipe': 0, 'pipes': 0, 'covid': 0, 'supply': 0, 'Beautification': 0, 'Installation': 0}",Post-Monsoon,,True,True,Repair and Restoration,{'repair': 1}
2024_CEMRT_959678_1,6718/24MS-S/2024 Date 02-09-2024,Construction of 1 x 6 Meter Box Culvert in Km-16 on Morna Bhokarhedi Touffir Dallawala Road.,,,,,,,,,,,,,,,,Cheif Engineer Meerut Zone PWD Meerut||SE SAHARANPUR CIRCLE PWD SAHARANPUR,,,,,,"4,749,435",,2024-10-15,Cheif Engineer Meerut Zone PWD Meerut||SE SAHARANPUR CIRCLE PWD SAHARANPUR,True,"{'Flood': 0, 'Embankment': 0, 'embkt': 0, 'Relief': 0, 'Erosion': 0, 'SDRF': 0, 'Inundation': 0, 'Hydrology': 0, 'Silt': 0, 'Siltation': 0, 'Bund': 0, 'Trench': 0, 'Breach': 0, 'Culvert': 1, 'Sluice': 0, 'Dyke': 0, 'Storm water drain': 0, 'Emergency': 0, 'Immediate': 0, 'IM': 0, 'AE': 0, 'A E': 0, 'AAPDA MITRA': 0, 'Bridge': 0, 'River': 0, 'Drain': 0, 'Restoration': 0, 'Protection': 0, 'irr': 0, 'irrigation': 0, 'dam': 0, 'Nallah': 0, 'Retrofitting': 0, 'Pond': 0, 'Pokhari': 0, 'D/C': 0, 'Recharge shaft': 0, 'LFB': 0, 'RFB': 0}","{'Floodlight': 0, 'Flood Light': 0, 'GAS': 0, 'FIFA': 0, 'pipe': 0, 'pipes': 0, 'covid': 0, 'supply': 0, 'Beautification': 0, 'Installation': 0}",Post-Monsoon,,False,True,Repair and Restoration,{'Construction': 1}
2024_CEMRT_957479_2,1640/8A DT 30.08.2024,2 Patch repair at SH/MDR/ODR roads in jurisdiction of AE-II Provincal Division PWD Shamli in FY 2024-25,,,,,,,,,,,,,,,,Cheif Engineer Meerut Zone PWD Meerut||SE SAHARANPUR CIRCLE PWD SAHARANPUR||EE PROVINCIAL DIVISION PWD SHAMLI,,,,,,"777,250.02",,2024-10-01,Cheif Engineer Meerut Zone PWD Meerut||SE SAHARANPUR CIRCLE PWD SAHARANPUR||EE PROVINCIAL DIVISION PWD SHAMLI,True,"{'Flood': 0, 'Embankment': 0, 'embkt': 0, 'Relief': 0, 'Erosion': 0, 'SDRF': 0, 'Inundation': 0, 'Hydrology': 0, 'Silt': 0, 'Siltation': 0, 'Bund': 0, 'Trench': 0, 'Breach': 0, 'Culvert': 0, 'Sluice': 0, 'Dyke': 0, 'Storm water drain': 0, 'Emergency': 0, 'Immediate': 0, 'IM': 0, 'AE': 1, 'A E': 0, 'AAPDA MITRA': 0, 'Bridge': 0, 'River': 0, 'Drain': 0, 'Restoration': 0, 'Protection': 0, 'irr': 0, 'irrigation': 0, 'dam': 0, 'Nallah': 0, 'Retrofitting': 0, 'Pond': 0, 'Pokhari': 0, 'D/C': 0, 'Recharge shaft': 0, 'LFB': 0, 'RFB': 0}","{'Floodlight': 0, 'Flood Light': 0, 'GAS': 0, 'FIFA': 0, 'pipe': 0, 'pipes': 0, 'covid': 0, 'supply': 0, 'Beautification': 0, 'Installation': 0}",Post-Monsoon,,True,True,Repair and Restoration,{'repair': 1}
2024_CEMRT_957479_2,1640/8A DT 30.08.2024,2 Patch repair at SH/MDR/ODR roads in jurisdiction of AE-II Provincal Division PWD Shamli in FY 2024-25,,,,,,,,,,,,,,,,Cheif Engineer Meerut Zone PWD Meerut||SE SAHARANPUR CIRCLE PWD SAHARANPUR||EE PROVINCIAL DIVISION PWD SHAMLI,,,,,,"777,250.02",,2024-10-01,Cheif Engineer Meerut Zone PWD Meerut||SE SAHARANPUR CIRCLE PWD SAHARANPUR||EE PROVINCIAL DIVISION PWD SHAMLI,True,"{'Flood': 0, 'Embankment': 0, 'embkt': 0, 'Relief': 0, 'Erosion': 0, 'SDRF': 0, 'Inundation': 0, 'Hydrology': 0, 'Silt': 0, 'Siltation': 0, 'Bund': 0, 'Trench': 0, 'Breach': 0, 'Culvert': 0, 'Sluice': 0, 'Dyke': 0, 'Storm water drain': 0, 'Emergency': 0, 'Immediate': 0, 'IM': 0, 'AE': 1, 'A E': 0, 'AAPDA MITRA': 0, 'Bridge': 0, 'River': 0, 'Drain': 0, 'Restoration': 0, 'Protection': 0, 'irr': 0, 'irrigation': 0, 'dam': 0, 'Nallah': 0, 'Retrofitting': 0, 'Pond': 0, 'Pokhari': 0, 'D/C': 0, 'Recharge shaft': 0, 'LFB': 0, 'RFB': 0}","{'Floodlight': 0, 'Flood Light': 0, 'GAS': 0, 'FIFA': 0, 'pipe': 0, 'pipes': 0, 'covid': 0, 'supply': 0, 'Beautification': 0, 'Installation': 0}",Post-Monsoon,,True,True,Repair and Restoration,{'repair': 1}
2024_CEMRT_957479_4,1640/8A DT 30.08.2024,4 Patch repair at SH/MDR/ODR roads in jurisdiction of AE-IV Provincal Division PWD Shamli in FY 2024-25,,,,,,,,,,,,,,,,Cheif Engineer Meerut Zone PWD Meerut||SE SAHARANPUR CIRCLE PWD SAHARANPUR||EE PROVINCIAL DIVISION PWD SHAMLI,,,,,,"793,896.97",,2024-10-01,Cheif Engineer Meerut Zone PWD Meerut||SE SAHARANPUR CIRCLE PWD SAHARANPUR||EE PROVINCIAL DIVISION PWD SHAMLI,True,"{'Flood': 0, 'Embankment': 0, 'embkt': 0, 'Relief': 0, 'Erosion': 0, 'SDRF': 0, 'Inundation': 0, 'Hydrology': 0, 'Silt': 0, 'Siltation': 0, 'Bund': 0, 'Trench': 0, 'Breach': 0, 'Culvert': 0, 'Sluice': 0, 'Dyke': 0, 'Storm water drain': 0, 'Emergency': 0, 'Immediate': 0, 'IM': 0, 'AE': 1, 'A E': 0, 'AAPDA MITRA': 0, 'Bridge': 0, 'River': 0, 'Drain': 0, 'Restoration': 0, 'Protection': 0, 'irr': 0, 'irrigation': 0, 'dam': 0, 'Nallah': 0, 'Retrofitting': 0, 'Pond': 0, 'Pokhari': 0, 'D/C': 0, 'Recharge shaft': 0, 'LFB': 0, 'RFB': 0}","{'Floodlight': 0, 'Flood Light': 0, 'GAS': 0, 'FIFA': 0, 'pipe': 0, 'pipes': 0, 'covid': 0, 'supply': 0, 'Beautification': 0, 'Installation': 0}",Post-Monsoon,,True,True,Repair and Restoration,{'repair': 1}
2024_CEMRT_957479_4,1640/8A DT 30.08.2024,4 Patch repair at SH/MDR/ODR roads in jurisdiction of AE-IV Provincal Division PWD Shamli in FY 2024-25,,,,,,,,,,,,,,,,Cheif Engineer Meerut Zone PWD Meerut||SE SAHARANPUR CIRCLE PWD SAHARANPUR||EE PROVINCIAL DIVISION PWD SHAMLI,,,,,,"793,896.97",,2024-10-01,Cheif Engineer Meerut Zone PWD Meerut||SE SAHARANPUR CIRCLE PWD SAHARANPUR||EE PROVINCIAL DIVISION PWD SHAMLI,True,"{'Flood': 0, 'Embankment': 0, 'embkt': 0, 'Relief': 0, 'Erosion': 0, 'SDRF': 0, 'Inundation': 0, 'Hydrology': 0, 'Silt': 0, 'Siltation': 0, 'Bund': 0, 'Trench': 0, 'Breach': 0, 'Culvert': 0, 'Sluice': 0, 'Dyke': 0, 'Storm water drain': 0, 'Emergency': 0, 'Immediate': 0, 'IM': 0, 'AE': 1, 'A E': 0, 'AAPDA MITRA': 0, 'Bridge': 0, 'River': 0, 'Drain': 0, 'Restoration': 0, 'Protection': 0, 'irr': 0, 'irrigation': 0, 'dam': 0, 'Nallah': 0, 'Retrofitting': 0, 'Pond': 0, 'Pokhari': 0, 'D/C': 0, 'Recharge shaft': 0, 'LFB': 0, 'RFB': 0}","{'Floodlight': 0, 'Flood Light': 0, 'GAS': 0, 'FIFA': 0, 'pipe': 0, 'pipes': 0, 'covid': 0, 'supply': 0, 'Beautification': 0, 'Installation': 0}",Post-Monsoon,,True,True,Repair and Restoration,{'repair': 1}
2024_CEMRT_957479_5,1640/8A DT 30.08.2024,5 Patch repair on village roads in jurisdiction of AE-I Provincial Division PWD Shamli in FY 2024-25,,,,,,,,,,,,,,,,Cheif Engineer Meerut Zone PWD Meerut||SE SAHARANPUR CIRCLE PWD SAHARANPUR||EE PROVINCIAL DIVISION PWD SHAMLI,,,,,,"649,732.36",,2024-10-01,Cheif Engineer Meerut Zone PWD Meerut||SE SAHARANPUR CIRCLE PWD SAHARANPUR||EE PROVINCIAL DIVISION PWD SHAMLI,True,"{'Flood': 0, 'Embankment': 0, 'embkt': 0, 'Relief': 0, 'Erosion': 0, 'SDRF': 0, 'Inundation': 0, 'Hydrology': 0, 'Silt': 0, 'Siltation': 0, 'Bund': 0, 'Trench': 0, 'Breach': 0, 'Culvert': 0, 'Sluice': 0, 'Dyke': 0, 'Storm water drain': 0, 'Emergency': 0, 'Immediate': 0, 'IM': 0, 'AE': 1, 'A E': 0, 'AAPDA MITRA': 0, 'Bridge': 0, 'River': 0, 'Drain': 0, 'Restoration': 0, 'Protection': 0, 'irr': 0, 'irrigation': 0, 'dam': 0, 'Nallah': 0, 'Retrofitting': 0, 'Pond': 0, 'Pokhari': 0, 'D/C': 0, 'Recharge shaft': 0, 'LFB': 0, 'RFB': 0}","{'Floodlight': 0, 'Flood Light': 0, 'GAS': 0, 'FIFA': 0, 'pipe': 0, 'pipes': 0, 'covid': 0, 'supply': 0, 'Beautification': 0, 'Installation': 0}",Post-Monsoon,,True,True,Repair and Restoration,{'repair': 1}
2024_CEMRT_957479_6,1640/8A DT 30.08.2024,6 Patch repair on village roads in jurisdiction of AE-II Provincial Division PWD Shamli in FY 2024-25,,,,,,,,,,,,,,,,Cheif Engineer Meerut Zone PWD Meerut||SE SAHARANPUR CIRCLE PWD SAHARANPUR||EE PROVINCIAL DIVISION PWD SHAMLI,,,,,,"859,502.58",,2024-10-01,Cheif Engineer Meerut Zone PWD Meerut||SE SAHARANPUR CIRCLE PWD SAHARANPUR||EE PROVINCIAL DIVISION PWD SHAMLI,True,"{'Flood': 0, 'Embankment': 0, 'embkt': 0, 'Relief': 0, 'Erosion': 0, 'SDRF': 0, 'Inundation': 0, 'Hydrology': 0, 'Silt': 0, 'Siltation': 0, 'Bund': 0, 'Trench': 0, 'Breach': 0, 'Culvert': 0, 'Sluice': 0, 'Dyke': 0, 'Storm water drain': 0, 'Emergency': 0, 'Immediate': 0, 'IM': 0, 'AE': 1, 'A E': 0, 'AAPDA MITRA': 0, 'Bridge': 0, 'River': 0, 'Drain': 0, 'Restoration': 0, 'Protection': 0, 'irr': 0, 'irrigation': 0, 'dam': 0, 'Nallah': 0, 'Retrofitting': 0, 'Pond': 0, 'Pokhari': 0, 'D/C': 0, 'Recharge shaft': 0, 'LFB': 0, 'RFB': 0}","{'Floodlight': 0, 'Flood Light': 0, 'GAS': 0, 'FIFA': 0, 'pipe': 0, 'pipes': 0, 'covid': 0, 'supply': 0, 'Beautification': 0, 'Installation': 0}",Post-Monsoon,,True,True,Repair and Restoration,{'repair': 1}
2024_CEMRT_957479_7,1640/8A DT 30.08.2024,7 Patch repair on village roads in jurisdiction of AE-III Provincial Division PWD Shamli in FY 2024-25,,,,,,,,,,,,,,,,Cheif Engineer Meerut Zone PWD Meerut||SE SAHARANPUR CIRCLE PWD SAHARANPUR||EE PROVINCIAL DIVISION PWD SHAMLI,,,,,,"675,345.62",,2024-10-01,Cheif Engineer Meerut Zone PWD Meerut||SE SAHARANPUR CIRCLE PWD SAHARANPUR||EE PROVINCIAL DIVISION PWD SHAMLI,True,"{'Flood': 0, 'Embankment': 0, 'embkt': 0, 'Relief': 0, 'Erosion': 0, 'SDRF': 0, 'Inundation': 0, 'Hydrology': 0, 'Silt': 0, 'Siltation': 0, 'Bund': 0, 'Trench': 0, 'Breach': 0, 'Culvert': 0, 'Sluice': 0, 'Dyke': 0, 'Storm water drain': 0, 'Emergency': 0, 'Immediate': 0, 'IM': 0, 'AE': 1, 'A E': 0, 'AAPDA MITRA': 0, 'Bridge': 0, 'River': 0, 'Drain': 0, 'Restoration': 0, 'Protection': 0, 'irr': 0, 'irrigation': 0, 'dam': 0, 'Nallah': 0, 'Retrofitting': 0, 'Pond': 0, 'Pokhari': 0, 'D/C': 0, 'Recharge shaft': 0, 'LFB': 0, 'RFB': 0}","{'Floodlight': 0, 'Flood Light': 0, 'GAS': 0, 'FIFA': 0, 'pipe': 0, 'pipes': 0, 'covid': 0, 'supply': 0, 'Beautification': 0, 'Installation': 0}",Post-Monsoon,,True,True,Repair and Restoration,{'repair': 1}
2024_CEMRT_947844_1,2455/8A Dated 13.08.2024,1-Patch Repair work on Village Roads under Section AE-III,,,,,,,,,,,,,,,,Cheif Engineer Meerut Zone PWD Meerut||SE SAHARANPUR CIRCLE PWD SAHARANPUR||EE PROVINCIAL DIVISION PWD MUZAFFARNAGAR,,,,,,"2,022,806.24",,2024-10-18,Cheif Engineer Meerut Zone PWD Meerut||SE SAHARANPUR CIRCLE PWD SAHARANPUR||EE PROVINCIAL DIVISION PWD MUZAFFARNAGAR,True,"{'Flood': 0, 'Embankment': 0, 'embkt': 0, 'Relief': 0, 'Erosion': 0, 'SDRF': 0, 'Inundation': 0, 'Hydrology': 0, 'Silt': 0, 'Siltation': 0, 'Bund': 0, 'Trench': 0, 'Breach': 0, 'Culvert': 0, 'Sluice': 0, 'Dyke': 0, 'Storm water drain': 0, 'Emergency': 0, 'Immediate': 0, 'IM': 0, 'AE': 1, 'A E': 0, 'AAPDA MITRA': 0, 'Bridge': 0, 'River': 0, 'Drain': 0, 'Restoration': 0, 'Protection': 0, 'irr': 0, 'irrigation': 0, 'dam': 0, 'Nallah': 0, 'Retrofitting': 0, 'Pond': 0, 'Pokhari': 0, 'D/C': 0, 'Recharge shaft': 0, 'LFB': 0, 'RFB': 0}","{'Floodlight': 0, 'Flood Light': 0, 'GAS': 0, 'FIFA': 0, 'pipe': 0, 'pipes': 0, 'covid': 0, 'supply': 0, 'Beautification': 0, 'Installation': 0}",Post-Monsoon,,True,True,Repair and Restoration,{'repair': 1}
2024_CEMRT_950108_1,4200/1A Dt.24.08.2024,Repair of bridges/culverts and road protection work on various SH/MDR/ODR category roads in Block Lakhauthi in the financial year 2024-25,,,,,,,,,,,,,,,,Cheif Engineer Meerut Zone PWD Meerut||SE BULAND SHAHAR PWD BULANDSHAHAR||EE PROVINCIAL DIVISION PWD BULAND SHAHAR,,,,,,"475,445.52",,2024-10-09,Cheif Engineer Meerut Zone PWD Meerut||SE BULAND SHAHAR PWD BULANDSHAHAR||EE PROVINCIAL DIVISION PWD BULAND SHAHAR,True,"{'Flood': 0, 'Embankment': 0, 'embkt': 0, 'Relief': 0, 'Erosion': 0, 'SDRF': 0, 'Inundation': 0, 'Hydrology': 0, 'Silt': 0, 'Siltation': 0, 'Bund': 0, 'Trench': 0, 'Breach': 0, 'Culvert': 0, 'Sluice': 0, 'Dyke': 0, 'Storm water drain': 0, 'Emergency': 0, 'Immediate': 0, 'IM': 0, 'AE': 0, 'A E': 0, 'AAPDA MITRA': 0, 'Bridge': 0, 'River': 0, 'Drain': 0, 'Restoration': 0, 'Protection': 1, 'irr': 0, 'irrigation': 0, 'dam': 0, 'Nallah': 0, 'Retrofitting': 0, 'Pond': 0, 'Pokhari': 0, 'D/C': 0, 'Recharge shaft': 0, 'LFB': 0, 'RFB': 0}","{'Floodlight': 0, 'Flood Light': 0, 'GAS': 0, 'FIFA': 0, 'pipe': 0, 'pipes': 0, 'covid': 0, 'supply': 0, 'Beautification': 0, 'Installation': 0}",Post-Monsoon,,False,True,Repair and Restoration,{'repair': 1}
2024_CEMRT_926844_1,1890/11Cashier-MC CD Meerut Dt 06-05-24,In Financial year 2023-24 under Rajya Sadak Nidhi Work of widening and strengthening of the road from Chand Samad intersection to Radhana Bridge (ODR) via Pirpur-Dadri-Salwa-Alamgirpur Faridpur from Chainage 6.965 to 16.215,,,,,,,,,,,,,,,,Cheif Engineer Meerut Zone PWD Meerut||SE MEERUT CIRCLE PWD MEERUT,,,,,,"81,147,433.7",,2024-10-05,Cheif Engineer Meerut Zone PWD Meerut||SE MEERUT CIRCLE PWD MEERUT,True,"{'Flood': 0, 'Embankment': 0, 'embkt': 0, 'Relief': 0, 'Erosion': 0, 'SDRF': 0, 'Inundation': 0, 'Hydrology': 0, 'Silt': 0, 'Siltation': 0, 'Bund': 0, 'Trench': 0, 'Breach': 0, 'Culvert': 0, 'Sluice': 0, 'Dyke': 0, 'Storm water drain': 0, 'Emergency': 0, 'Immediate': 0, 'IM': 0, 'AE': 0, 'A E': 0, 'AAPDA MITRA': 0, 'Bridge': 1, 'River': 0, 'Drain': 0, 'Restoration': 0, 'Protection': 0, 'irr': 0, 'irrigation': 0, 'dam': 0, 'Nallah': 0, 'Retrofitting': 0, 'Pond': 0, 'Pokhari': 0, 'D/C': 0, 'Recharge shaft': 0, 'LFB': 0, 'RFB': 0}","{'Floodlight': 0, 'Flood Light': 0, 'GAS': 0, 'FIFA': 0, 'pipe': 0, 'pipes': 0, 'covid': 0, 'supply': 0, 'Beautification': 0, 'Installation': 0}",Post-Monsoon,,False,True,Repair and Restoration,"{'strengthening': 1, 'widening': 1, 'Bridge': 1}"
2024_CEMBD_961179_2,1557/E-Nivida/24-25 Dt. 30.09.2024,Patch Repair Work on village roads under the jurisdiction of AE-II,,,,,,,,,,,,,,,,Chief Engineer Moradabad Zone PWD Moradabad UP||RAMPUR CIRCLE PWD RAMPUR||CONSTRUCTION DIVISION PWD RAMPUR,,,,,,"1,933,152.3",,2024-10-14,Chief Engineer Moradabad Zone PWD Moradabad UP||RAMPUR CIRCLE PWD RAMPUR||CONSTRUCTION DIVISION PWD RAMPUR,True,"{'Flood': 0, 'Embankment': 0, 'embkt': 0, 'Relief': 0, 'Erosion': 0, 'SDRF': 0, 'Inundation': 0, 'Hydrology': 0, 'Silt': 0, 'Siltation': 0, 'Bund': 0, 'Trench': 0, 'Breach': 0, 'Culvert': 0, 'Sluice': 0, 'Dyke': 0, 'Storm water drain': 0, 'Emergency': 0, 'Immediate': 0, 'IM': 0, 'AE': 1, 'A E': 0, 'AAPDA MITRA': 0, 'Bridge': 0, 'River': 0, 'Drain': 0, 'Restoration': 0, 'Protection': 0, 'irr': 0, 'irrigation': 0, 'dam': 0, 'Nallah': 0, 'Retrofitting': 0, 'Pond': 0, 'Pokhari': 0, 'D/C': 0, 'Recharge shaft': 0, 'LFB': 0, 'RFB': 0}","{'Floodlight': 0, 'Flood Light': 0, 'GAS': 0, 'FIFA': 0, 'pipe': 0, 'pipes': 0, 'covid': 0, 'supply': 0, 'Beautification': 0, 'Installation': 0}",Post-Monsoon,,True,True,Repair and Restoration,{'repair': 1}
2024_CEMBD_961179_4,1557/E-Nivida/24-25 Dt. 30.09.2024,Patch Repair Work on village roads under the jurisdiction of AE-IV,,,,,,,,,,,,,,,,Chief Engineer Moradabad Zone PWD Moradabad UP||RAMPUR CIRCLE PWD RAMPUR||CONSTRUCTION DIVISION PWD RAMPUR,,,,,,"1,765,238.15",,2024-10-31,Chief Engineer Moradabad Zone PWD Moradabad UP||RAMPUR CIRCLE PWD RAMPUR||CONSTRUCTION DIVISION PWD RAMPUR,True,"{'Flood': 0, 'Embankment': 0, 'embkt': 0, 'Relief': 0, 'Erosion': 0, 'SDRF': 0, 'Inundation': 0, 'Hydrology': 0, 'Silt': 0, 'Siltation': 0, 'Bund': 0, 'Trench': 0, 'Breach': 0, 'Culvert': 0, 'Sluice': 0, 'Dyke': 0, 'Storm water drain': 0, 'Emergency': 0, 'Immediate': 0, 'IM': 0, 'AE': 1, 'A E': 0, 'AAPDA MITRA': 0, 'Bridge': 0, 'River': 0, 'Drain': 0, 'Restoration': 0, 'Protection': 0, 'irr': 0, 'irrigation': 0, 'dam': 0, 'Nallah': 0, 'Retrofitting': 0, 'Pond': 0, 'Pokhari': 0, 'D/C': 0, 'Recharge shaft': 0, 'LFB': 0, 'RFB': 0}","{'Floodlight': 0, 'Flood Light': 0, 'GAS': 0, 'FIFA': 0, 'pipe': 0, 'pipes': 0, 'covid': 0, 'supply': 0, 'Beautification': 0, 'Installation': 0}",Post-Monsoon,,True,True,Repair and Restoration,{'repair': 1}
2024_CEMBD_959168_2,2221/E.TENDER/2024-25 Dated 09-09-2024,Patch repair work on Village roads in AE(I) sub-division (Part-1),,,,,,,,,,,,,,,,Chief Engineer Moradabad Zone PWD Moradabad UP||MORADABAD CIRCLE PWD MORADABAD||PROVINCIAL DIVISION PWD AMROHA,,,,,,"908,551.8",,2024-10-18,Chief Engineer Moradabad Zone PWD Moradabad UP||MORADABAD CIRCLE PWD MORADABAD||PROVINCIAL DIVISION PWD AMROHA,True,"{'Flood': 0, 'Embankment': 0, 'embkt': 0, 'Relief': 0, 'Erosion': 0, 'SDRF': 0, 'Inundation': 0, 'Hydrology': 0, 'Silt': 0, 'Siltation': 0, 'Bund': 0, 'Trench': 0, 'Breach': 0, 'Culvert': 0, 'Sluice': 0, 'Dyke': 0, 'Storm water drain': 0, 'Emergency': 0, 'Immediate': 0, 'IM': 0, 'AE': 1, 'A E': 0, 'AAPDA MITRA': 0, 'Bridge': 0, 'River': 0, 'Drain': 0, 'Restoration': 0, 'Protection': 0, 'irr': 0, 'irrigation': 0, 'dam': 0, 'Nallah': 0, 'Retrofitting': 0, 'Pond': 0, 'Pokhari': 0, 'D/C': 0, 'Recharge shaft': 0, 'LFB': 0, 'RFB': 0}","{'Floodlight': 0, 'Flood Light': 0, 'GAS': 0, 'FIFA': 0, 'pipe': 0, 'pipes': 0, 'covid': 0, 'supply': 0, 'Beautification': 0, 'Installation': 0}",Post-Monsoon,,True,True,Repair and Restoration,{'repair': 1}
2024_CEMBD_959168_4,2221/E.TENDER/2024-25 Dated 09-09-2024,Patch repair work on SH/MDR/ODR/CITY roads in AE(II) sub-division.,,,,,,,,,,,,,,,,Chief Engineer Moradabad Zone PWD Moradabad UP||MORADABAD CIRCLE PWD MORADABAD||PROVINCIAL DIVISION PWD AMROHA,,,,,,"878,107.2",,2024-10-22,Chief Engineer Moradabad Zone PWD Moradabad UP||MORADABAD CIRCLE PWD MORADABAD||PROVINCIAL DIVISION PWD AMROHA,True,"{'Flood': 0, 'Embankment': 0, 'embkt': 0, 'Relief': 0, 'Erosion': 0, 'SDRF': 0, 'Inundation': 0, 'Hydrology': 0, 'Silt': 0, 'Siltation': 0, 'Bund': 0, 'Trench': 0, 'Breach': 0, 'Culvert': 0, 'Sluice': 0, 'Dyke': 0, 'Storm water drain': 0, 'Emergency': 0, 'Immediate': 0, 'IM': 0, 'AE': 1, 'A E': 0, 'AAPDA MITRA': 0, 'Bridge': 0, 'River': 0, 'Drain': 0, 'Restoration': 0, 'Protection': 0, 'irr': 0, 'irrigation': 0, 'dam': 0, 'Nallah': 0, 'Retrofitting': 0, 'Pond': 0, 'Pokhari': 0, 'D/C': 0, 'Recharge shaft': 0, 'LFB': 0, 'RFB': 0}","{'Floodlight': 0, 'Flood Light': 0, 'GAS': 0, 'FIFA': 0, 'pipe': 0, 'pipes': 0, 'covid': 0, 'supply': 0, 'Beautification': 0, 'Installation': 0}",Post-Monsoon,,True,True,Repair and Restoration,{'repair': 1}
2024_CEMBD_959168_7,2221/E.TENDER/2024-25 Dated 09-09-2024,Patch repair work on SH/MDR/ODR/CITY roads in AE(III) sub-division.,,,,,,,,,,,,,,,,Chief Engineer Moradabad Zone PWD Moradabad UP||MORADABAD CIRCLE PWD MORADABAD||PROVINCIAL DIVISION PWD AMROHA,,,,,,"995,068.2",,2024-10-22,Chief Engineer Moradabad Zone PWD Moradabad UP||MORADABAD CIRCLE PWD MORADABAD||PROVINCIAL DIVISION PWD AMROHA,True,"{'Flood': 0, 'Embankment': 0, 'embkt': 0, 'Relief': 0, 'Erosion': 0, 'SDRF': 0, 'Inundation': 0, 'Hydrology': 0, 'Silt': 0, 'Siltation': 0, 'Bund': 0, 'Trench': 0, 'Breach': 0, 'Culvert': 0, 'Sluice': 0, 'Dyke': 0, 'Storm water drain': 0, 'Emergency': 0, 'Immediate': 0, 'IM': 0, 'AE': 1, 'A E': 0, 'AAPDA MITRA': 0, 'Bridge': 0, 'River': 0, 'Drain': 0, 'Restoration': 0, 'Protection': 0, 'irr': 0, 'irrigation': 0, 'dam': 0, 'Nallah': 0, 'Retrofitting': 0, 'Pond': 0, 'Pokhari': 0, 'D/C': 0, 'Recharge shaft': 0, 'LFB': 0, 'RFB': 0}","{'Floodlight': 0, 'Flood Light': 0, 'GAS': 0, 'FIFA': 0, 'pipe': 0, 'pipes': 0, 'covid': 0, 'supply': 0, 'Beautification': 0, 'Installation': 0}",Post-Monsoon,,True,True,Repair and Restoration,{'repair': 1}
2024_CEMBD_959168_7,2221/E.TENDER/2024-25 Dated 09-09-2024,Patch repair work on SH/MDR/ODR/CITY roads in AE(III) sub-division.,,,,,,,,,,,,,,,,Chief Engineer Moradabad Zone PWD Moradabad UP||MORADABAD CIRCLE PWD MORADABAD||PROVINCIAL DIVISION PWD AMROHA,,,,,,"995,068.2",,2024-10-22,Chief Engineer Moradabad Zone PWD Moradabad UP||MORADABAD CIRCLE PWD MORADABAD||PROVINCIAL DIVISION PWD AMROHA,True,"{'Flood': 0, 'Embankment': 0, 'embkt': 0, 'Relief': 0, 'Erosion': 0, 'SDRF': 0, 'Inundation': 0, 'Hydrology': 0, 'Silt': 0, 'Siltation': 0, 'Bund': 0, 'Trench': 0, 'Breach': 0, 'Culvert': 0, 'Sluice': 0, 'Dyke': 0, 'Storm water drain': 0, 'Emergency': 0, 'Immediate': 0, 'IM': 0, 'AE': 1, 'A E': 0, 'AAPDA MITRA': 0, 'Bridge': 0, 'River': 0, 'Drain': 0, 'Restoration': 0, 'Protection': 0, 'irr': 0, 'irrigation': 0, 'dam': 0, 'Nallah': 0, 'Retrofitting': 0, 'Pond': 0, 'Pokhari': 0, 'D/C': 0, 'Recharge shaft': 0, 'LFB': 0, 'RFB': 0}","{'Floodlight': 0, 'Flood Light': 0, 'GAS': 0, 'FIFA': 0, 'pipe': 0, 'pipes': 0, 'covid': 0, 'supply': 0, 'Beautification': 0, 'Installation': 0}",Post-Monsoon,,True,True,Repair and Restoration,{'repair': 1}
2024_CEMBD_959168_7,2221/E.TENDER/2024-25 Dated 09-09-2024,Patch repair work on SH/MDR/ODR/CITY roads in AE(III) sub-division.,,,,,,,,,,,,,,,,Chief Engineer Moradabad Zone PWD Moradabad UP||MORADABAD CIRCLE PWD MORADABAD||PROVINCIAL DIVISION PWD AMROHA,,,,,,"995,068.2",,2024-10-22,Chief Engineer Moradabad Zone PWD Moradabad UP||MORADABAD CIRCLE PWD MORADABAD||PROVINCIAL DIVISION PWD AMROHA,True,"{'Flood': 0, 'Embankment': 0, 'embkt': 0, 'Relief': 0, 'Erosion': 0, 'SDRF': 0, 'Inundation': 0, 'Hydrology': 0, 'Silt': 0, 'Siltation': 0, 'Bund': 0, 'Trench': 0, 'Breach': 0, 'Culvert': 0, 'Sluice': 0, 'Dyke': 0, 'Storm water drain': 0, 'Emergency': 0, 'Immediate': 0, 'IM': 0, 'AE': 1, 'A E': 0, 'AAPDA MITRA': 0, 'Bridge': 0, 'River': 0, 'Drain': 0, 'Restoration': 0, 'Protection': 0, 'irr': 0, 'irrigation': 0, 'dam': 0, 'Nallah': 0, 'Retrofitting': 0, 'Pond': 0, 'Pokhari': 0, 'D/C': 0, 'Recharge shaft': 0, 'LFB': 0, 'RFB': 0}","{'Floodlight': 0, 'Flood Light': 0, 'GAS': 0, 'FIFA': 0, 'pipe': 0, 'pipes': 0, 'covid': 0, 'supply': 0, 'Beautification': 0, 'Installation': 0}",Post-Monsoon,,True,True,Repair and Restoration,{'repair': 1}
2024_CEMBD_959168_9,2221/E.TENDER/2024-25 Dated 09-09-2024,Patch repair work on Village roads in AE(III) sub-division (Part-2),,,,,,,,,,,,,,,,Chief Engineer Moradabad Zone PWD Moradabad UP||MORADABAD CIRCLE PWD MORADABAD||PROVINCIAL DIVISION PWD AMROHA,,,,,,"1,003,652.33",,2024-10-22,Chief Engineer Moradabad Zone PWD Moradabad UP||MORADABAD CIRCLE PWD MORADABAD||PROVINCIAL DIVISION PWD AMROHA,True,"{'Flood': 0, 'Embankment': 0, 'embkt': 0, 'Relief': 0, 'Erosion': 0, 'SDRF': 0, 'Inundation': 0, 'Hydrology': 0, 'Silt': 0, 'Siltation': 0, 'Bund': 0, 'Trench': 0, 'Breach': 0, 'Culvert': 0, 'Sluice': 0, 'Dyke': 0, 'Storm water drain': 0, 'Emergency': 0, 'Immediate': 0, 'IM': 0, 'AE': 1, 'A E': 0, 'AAPDA MITRA': 0, 'Bridge': 0, 'River': 0, 'Drain': 0, 'Restoration': 0, 'Protection': 0, 'irr': 0, 'irrigation': 0, 'dam': 0, 'Nallah': 0, 'Retrofitting': 0, 'Pond': 0, 'Pokhari': 0, 'D/C': 0, 'Recharge shaft': 0, 'LFB': 0, 'RFB': 0}","{'Floodlight': 0, 'Flood Light': 0, 'GAS': 0, 'FIFA': 0, 'pipe': 0, 'pipes': 0, 'covid': 0, 'supply': 0, 'Beautification': 0, 'Installation': 0}",Post-Monsoon,,True,True,Repair and Restoration,{'repair': 1}
2024_CEMBD_959168_11,2221/E.TENDER/2024-25 Dated 09-09-2024,Patch repair work on Village roads in AE(IV) sub-division (Part-1),,,,,,,,,,,,,,,,Chief Engineer Moradabad Zone PWD Moradabad UP||MORADABAD CIRCLE PWD MORADABAD||PROVINCIAL DIVISION PWD AMROHA,,,,,,"1,056,419.33",,2024-10-21,Chief Engineer Moradabad Zone PWD Moradabad UP||MORADABAD CIRCLE PWD MORADABAD||PROVINCIAL DIVISION PWD AMROHA,True,"{'Flood': 0, 'Embankment': 0, 'embkt': 0, 'Relief': 0, 'Erosion': 0, 'SDRF': 0, 'Inundation': 0, 'Hydrology': 0, 'Silt': 0, 'Siltation': 0, 'Bund': 0, 'Trench': 0, 'Breach': 0, 'Culvert': 0, 'Sluice': 0, 'Dyke': 0, 'Storm water drain': 0, 'Emergency': 0, 'Immediate': 0, 'IM': 0, 'AE': 1, 'A E': 0, 'AAPDA MITRA': 0, 'Bridge': 0, 'River': 0, 'Drain': 0, 'Restoration': 0, 'Protection': 0, 'irr': 0, 'irrigation': 0, 'dam': 0, 'Nallah': 0, 'Retrofitting': 0, 'Pond': 0, 'Pokhari': 0, 'D/C': 0, 'Recharge shaft': 0, 'LFB': 0, 'RFB': 0}","{'Floodlight': 0, 'Flood Light': 0, 'GAS': 0, 'FIFA': 0, 'pipe': 0, 'pipes': 0, 'covid': 0, 'supply': 0, 'Beautification': 0, 'Installation': 0}",Post-Monsoon,,True,True,Repair and Restoration,{'repair': 1}
2024_CEMBD_959168_11,2221/E.TENDER/2024-25 Dated 09-09-2024,Patch repair work on Village roads in AE(IV) sub-division (Part-1),,,,,,,,,,,,,,,,Chief Engineer Moradabad Zone PWD Moradabad UP||MORADABAD CIRCLE PWD MORADABAD||PROVINCIAL DIVISION PWD AMROHA,,,,,,"1,056,419.33",,2024-10-21,Chief Engineer Moradabad Zone PWD Moradabad UP||MORADABAD CIRCLE PWD MORADABAD||PROVINCIAL DIVISION PWD AMROHA,True,"{'Flood': 0, 'Embankment': 0, 'embkt': 0, 'Relief': 0, 'Erosion': 0, 'SDRF': 0, 'Inundation': 0, 'Hydrology': 0, 'Silt': 0, 'Siltation': 0, 'Bund': 0, 'Trench': 0, 'Breach': 0, 'Culvert': 0, 'Sluice': 0, 'Dyke': 0, 'Storm water drain': 0, 'Emergency': 0, 'Immediate': 0, 'IM': 0, 'AE': 1, 'A E': 0, 'AAPDA MITRA': 0, 'Bridge': 0, 'River': 0, 'Drain': 0, 'Restoration': 0, 'Protection': 0, 'irr': 0, 'irrigation': 0, 'dam': 0, 'Nallah': 0, 'Retrofitting': 0, 'Pond': 0, 'Pokhari': 0, 'D/C': 0, 'Recharge shaft': 0, 'LFB': 0, 'RFB': 0}","{'Floodlight': 0, 'Flood Light': 0, 'GAS': 0, 'FIFA': 0, 'pipe': 0, 'pipes': 0, 'covid': 0, 'supply': 0, 'Beautification': 0, 'Installation': 0}",Post-Monsoon,,True,True,Repair and Restoration,{'repair': 1}
2024_CEMBD_959168_12,2221/E.TENDER/2024-25 Dated 09-09-2024,Patch repair work on Village roads in AE(IV) sub-division (Part-2),,,,,,,,,,,,,,,,Chief Engineer Moradabad Zone PWD Moradabad UP||MORADABAD CIRCLE PWD MORADABAD||PROVINCIAL DIVISION PWD AMROHA,,,,,,"934,695.45",,2024-10-22,Chief Engineer Moradabad Zone PWD Moradabad UP||MORADABAD CIRCLE PWD MORADABAD||PROVINCIAL DIVISION PWD AMROHA,True,"{'Flood': 0, 'Embankment': 0, 'embkt': 0, 'Relief': 0, 'Erosion': 0, 'SDRF': 0, 'Inundation': 0, 'Hydrology': 0, 'Silt': 0, 'Siltation': 0, 'Bund': 0, 'Trench': 0, 'Breach': 0, 'Culvert': 0, 'Sluice': 0, 'Dyke': 0, 'Storm water drain': 0, 'Emergency': 0, 'Immediate': 0, 'IM': 0, 'AE': 1, 'A E': 0, 'AAPDA MITRA': 0, 'Bridge': 0, 'River': 0, 'Drain': 0, 'Restoration': 0, 'Protection': 0, 'irr': 0, 'irrigation': 0, 'dam': 0, 'Nallah': 0, 'Retrofitting': 0, 'Pond': 0, 'Pokhari': 0, 'D/C': 0, 'Recharge shaft': 0, 'LFB': 0, 'RFB': 0}","{'Floodlight': 0, 'Flood Light': 0, 'GAS': 0, 'FIFA': 0, 'pipe': 0, 'pipes': 0, 'covid': 0, 'supply': 0, 'Beautification': 0, 'Installation': 0}",Post-Monsoon,,True,True,Repair and Restoration,{'repair': 1}
2024_CEMBD_959168_11,2221/E.TENDER/2024-25 Dated 09-09-2024,Patch repair work on Village roads in AE(IV) sub-division (Part-1),,,,,,,,,,,,,,,,Chief Engineer Moradabad Zone PWD Moradabad UP||MORADABAD CIRCLE PWD MORADABAD||PROVINCIAL DIVISION PWD AMROHA,,,,,,"1,056,419.33",,2024-10-21,Chief Engineer Moradabad Zone PWD Moradabad UP||MORADABAD CIRCLE PWD MORADABAD||PROVINCIAL DIVISION PWD AMROHA,True,"{'Flood': 0, 'Embankment': 0, 'embkt': 0, 'Relief': 0, 'Erosion': 0, 'SDRF': 0, 'Inundation': 0, 'Hydrology': 0, 'Silt': 0, 'Siltation': 0, 'Bund': 0, 'Trench': 0, 'Breach': 0, 'Culvert': 0, 'Sluice': 0, 'Dyke': 0, 'Storm water drain': 0, 'Emergency': 0, 'Immediate': 0, 'IM': 0, 'AE': 1, 'A E': 0, 'AAPDA MITRA': 0, 'Bridge': 0, 'River': 0, 'Drain': 0, 'Restoration': 0, 'Protection': 0, 'irr': 0, 'irrigation': 0, 'dam': 0, 'Nallah': 0, 'Retrofitting': 0, 'Pond': 0, 'Pokhari': 0, 'D/C': 0, 'Recharge shaft': 0, 'LFB': 0, 'RFB': 0}","{'Floodlight': 0, 'Flood Light': 0, 'GAS': 0, 'FIFA': 0, 'pipe': 0, 'pipes': 0, 'covid': 0, 'supply': 0, 'Beautification': 0, 'Installation': 0}",Post-Monsoon,,True,True,Repair and Restoration,{'repair': 1}
2024_CEMBD_951012_1,4053/E-Tender/24-25 Dt. 01.08.2024,Construction and Maintenance of Pontoon Bridge on Ganga Nadi at Village Debalgarh Block Moh.Pur Deomal in Distt Bijnor,,,,,,,,,,,,,,,,Chief Engineer Moradabad Zone PWD Moradabad UP||RAMPUR CIRCLE PWD RAMPUR||PROVINCIAL DIVISION PWD BIJNOR,,,,,,"3,091,458.08",,2024-10-28,Chief Engineer Moradabad Zone PWD Moradabad UP||RAMPUR CIRCLE PWD RAMPUR||PROVINCIAL DIVISION PWD BIJNOR,True,"{'Flood': 0, 'Embankment': 0, 'embkt': 0, 'Relief': 0, 'Erosion': 0, 'SDRF': 0, 'Inundation': 0, 'Hydrology': 0, 'Silt': 0, 'Siltation': 0, 'Bund': 0, 'Trench': 0, 'Breach': 0, 'Culvert': 0, 'Sluice': 0, 'Dyke': 0, 'Storm water drain': 0, 'Emergency': 0, 'Immediate': 0, 'IM': 0, 'AE': 0, 'A E': 0, 'AAPDA MITRA': 0, 'Bridge': 1, 'River': 0, 'Drain': 0, 'Restoration': 0, 'Protection': 0, 'irr': 0, 'irrigation': 0, 'dam': 0, 'Nallah': 0, 'Retrofitting': 0, 'Pond': 0, 'Pokhari': 0, 'D/C': 0, 'Recharge shaft': 0, 'LFB': 0, 'RFB': 0}","{'Floodlight': 0, 'Flood Light': 0, 'GAS': 0, 'FIFA': 0, 'pipe': 0, 'pipes': 0, 'covid': 0, 'supply': 0, 'Beautification': 0, 'Installation': 0}",Post-Monsoon,,False,True,Repair and Restoration,"{'Construction': 1, 'Bridge': 1}"
2024_CEMBD_951012_1,4053/E-Tender/24-25 Dt. 01.08.2024,Construction and Maintenance of Pontoon Bridge on Ganga Nadi at Village Debalgarh Block Moh.Pur Deomal in Distt Bijnor,,,,,,,,,,,,,,,,Chief Engineer Moradabad Zone PWD Moradabad UP||RAMPUR CIRCLE PWD RAMPUR||PROVINCIAL DIVISION PWD BIJNOR,,,,,,"3,091,458.08",,2024-10-28,Chief Engineer Moradabad Zone PWD Moradabad UP||RAMPUR CIRCLE PWD RAMPUR||PROVINCIAL DIVISION PWD BIJNOR,True,"{'Flood': 0, 'Embankment': 0, 'embkt': 0, 'Relief': 0, 'Erosion': 0, 'SDRF': 0, 'Inundation': 0, 'Hydrology': 0, 'Silt': 0, 'Siltation': 0, 'Bund': 0, 'Trench': 0, 'Breach': 0, 'Culvert': 0, 'Sluice': 0, 'Dyke': 0, 'Storm water drain': 0, 'Emergency': 0, 'Immediate': 0, 'IM': 0, 'AE': 0, 'A E': 0, 'AAPDA MITRA': 0, 'Bridge': 1, 'River': 0, 'Drain': 0, 'Restoration': 0, 'Protection': 0, 'irr': 0, 'irrigation': 0, 'dam': 0, 'Nallah': 0, 'Retrofitting': 0, 'Pond': 0, 'Pokhari': 0, 'D/C': 0, 'Recharge shaft': 0, 'LFB': 0, 'RFB': 0}","{'Floodlight': 0, 'Flood Light': 0, 'GAS': 0, 'FIFA': 0, 'pipe': 0, 'pipes': 0, 'covid': 0, 'supply': 0, 'Beautification': 0, 'Installation': 0}",Post-Monsoon,,False,True,Repair and Restoration,"{'Construction': 1, 'Bridge': 1}"
2024_CEMBD_951012_1,4053/E-Tender/24-25 Dt. 01.08.2024,Construction and Maintenance of Pontoon Bridge on Ganga Nadi at Village Debalgarh Block Moh.Pur Deomal in Distt Bijnor,,,,,,,,,,,,,,,,Chief Engineer Moradabad Zone PWD Moradabad UP||RAMPUR CIRCLE PWD RAMPUR||PROVINCIAL DIVISION PWD BIJNOR,,,,,,"3,091,458.08",,2024-10-28,Chief Engineer Moradabad Zone PWD Moradabad UP||RAMPUR CIRCLE PWD RAMPUR||PROVINCIAL DIVISION PWD BIJNOR,True,"{'Flood': 0, 'Embankment': 0, 'embkt': 0, 'Relief': 0, 'Erosion': 0, 'SDRF': 0, 'Inundation': 0, 'Hydrology': 0, 'Silt': 0, 'Siltation': 0, 'Bund': 0, 'Trench': 0, 'Breach': 0, 'Culvert': 0, 'Sluice': 0, 'Dyke': 0, 'Storm water drain': 0, 'Emergency': 0, 'Immediate': 0, 'IM': 0, 'AE': 0, 'A E': 0, 'AAPDA MITRA': 0, 'Bridge': 1, 'River': 0, 'Drain': 0, 'Restoration': 0, 'Protection': 0, 'irr': 0, 'irrigation': 0, 'dam': 0, 'Nallah': 0, 'Retrofitting': 0, 'Pond': 0, 'Pokhari': 0, 'D/C': 0, 'Recharge shaft': 0, 'LFB': 0, 'RFB': 0}","{'Floodlight': 0, 'Flood Light': 0, 'GAS': 0, 'FIFA': 0, 'pipe': 0, 'pipes': 0, 'covid': 0, 'supply': 0, 'Beautification': 0, 'Installation': 0}",Post-Monsoon,,False,True,Repair and Restoration,"{'Construction': 1, 'Bridge': 1}"
2024_CEMBD_951012_1,4053/E-Tender/24-25 Dt. 01.08.2024,Construction and Maintenance of Pontoon Bridge on Ganga Nadi at Village Debalgarh Block Moh.Pur Deomal in Distt Bijnor,,,,,,,,,,,,,,,,Chief Engineer Moradabad Zone PWD Moradabad UP||RAMPUR CIRCLE PWD RAMPUR||PROVINCIAL DIVISION PWD BIJNOR,,,,,,"3,091,458.08",,2024-10-28,Chief Engineer Moradabad Zone PWD Moradabad UP||RAMPUR CIRCLE PWD RAMPUR||PROVINCIAL DIVISION PWD BIJNOR,True,"{'Flood': 0, 'Embankment': 0, 'embkt': 0, 'Relief': 0, 'Erosion': 0, 'SDRF': 0, 'Inundation': 0, 'Hydrology': 0, 'Silt': 0, 'Siltation': 0, 'Bund': 0, 'Trench': 0, 'Breach': 0, 'Culvert': 0, 'Sluice': 0, 'Dyke': 0, 'Storm water drain': 0, 'Emergency': 0, 'Immediate': 0, 'IM': 0, 'AE': 0, 'A E': 0, 'AAPDA MITRA': 0, 'Bridge': 1, 'River': 0, 'Drain': 0, 'Restoration': 0, 'Protection': 0, 'irr': 0, 'irrigation': 0, 'dam': 0, 'Nallah': 0, 'Retrofitting': 0, 'Pond': 0, 'Pokhari': 0, 'D/C': 0, 'Recharge shaft': 0, 'LFB': 0, 'RFB': 0}","{'Floodlight': 0, 'Flood Light': 0, 'GAS': 0, 'FIFA': 0, 'pipe': 0, 'pipes': 0, 'covid': 0, 'supply': 0, 'Beautification': 0, 'Installation': 0}",Post-Monsoon,,False,True,Repair and Restoration,"{'Construction': 1, 'Bridge': 1}"
2024_CEMBD_951012_1,4053/E-Tender/24-25 Dt. 01.08.2024,Construction and Maintenance of Pontoon Bridge on Ganga Nadi at Village Debalgarh Block Moh.Pur Deomal in Distt Bijnor,,,,,,,,,,,,,,,,Chief Engineer Moradabad Zone PWD Moradabad UP||RAMPUR CIRCLE PWD RAMPUR||PROVINCIAL DIVISION PWD BIJNOR,,,,,,"3,091,458.08",,2024-10-28,Chief Engineer Moradabad Zone PWD Moradabad UP||RAMPUR CIRCLE PWD RAMPUR||PROVINCIAL DIVISION PWD BIJNOR,True,"{'Flood': 0, 'Embankment': 0, 'embkt': 0, 'Relief': 0, 'Erosion': 0, 'SDRF': 0, 'Inundation': 0, 'Hydrology': 0, 'Silt': 0, 'Siltation': 0, 'Bund': 0, 'Trench': 0, 'Breach': 0, 'Culvert': 0, 'Sluice': 0, 'Dyke': 0, 'Storm water drain': 0, 'Emergency': 0, 'Immediate': 0, 'IM': 0, 'AE': 0, 'A E': 0, 'AAPDA MITRA': 0, 'Bridge': 1, 'River': 0, 'Drain': 0, 'Restoration': 0, 'Protection': 0, 'irr': 0, 'irrigation': 0, 'dam': 0, 'Nallah': 0, 'Retrofitting': 0, 'Pond': 0, 'Pokhari': 0, 'D/C': 0, 'Recharge shaft': 0, 'LFB': 0, 'RFB': 0}","{'Floodlight': 0, 'Flood Light': 0, 'GAS': 0, 'FIFA': 0, 'pipe': 0, 'pipes': 0, 'covid': 0, 'supply': 0, 'Beautification': 0, 'Installation': 0}",Post-Monsoon,,False,True,Repair and Restoration,"{'Construction': 1, 'Bridge': 1}"
2024_UPIDC_962048_1,04/SE/2024-25,Renovation and Construction of Baruwa Dam top road Km. 0.000 to Km. 2.815 in District Chitrakoot (LOT-02),,,,,,,,,,,,,,,,"U P Irrigation Department (Civil)||Chief Engineer-Betwa, Jhansi||Irrigation Works Circle, Banda",,,,,,"3,465,543.76",,2024-10-29,"U P Irrigation Department (Civil)||Chief Engineer-Betwa, Jhansi||Irrigation Works Circle, Banda",True,"{'Flood': 0, 'Embankment': 0, 'embkt': 0, 'Relief': 0, 'Erosion': 0, 'SDRF': 0, 'Inundation': 0, 'Hydrology': 0, 'Silt': 0, 'Siltation': 0, 'Bund': 0, 'Trench': 0, 'Breach': 0, 'Culvert': 0, 'Sluice': 0, 'Dyke': 0, 'Storm water drain': 0, 'Emergency': 0, 'Immediate': 0, 'IM': 0, 'AE': 0, 'A E': 0, 'AAPDA MITRA': 0, 'Bridge': 0, 'River': 0, 'Drain': 0, 'Restoration': 0, 'Protection': 0, 'irr': 0, 'irrigation': 0, 'dam': 1, 'Nallah': 0, 'Retrofitting': 0, 'Pond': 0, 'Pokhari': 0, 'D/C': 0, 'Recharge shaft': 0, 'LFB': 0, 'RFB': 0}","{'Floodlight': 0, 'Flood Light': 0, 'GAS': 0, 'FIFA': 0, 'pipe': 0, 'pipes': 0, 'covid': 0, 'supply': 0, 'Beautification': 0, 'Installation': 0}",Post-Monsoon,,False,True,Repair and Restoration,"{'renovation': 1, 'Construction': 1}"
2024_UPIDC_962048_1,04/SE/2024-25,Renovation and Construction of Baruwa Dam top road Km. 0.000 to Km. 2.815 in District Chitrakoot (LOT-02),,,,,,,,,,,,,,,,"U P Irrigation Department (Civil)||Chief Engineer-Betwa, Jhansi||Irrigation Works Circle, Banda",,,,,,"3,465,543.76",,2024-10-29,"U P Irrigation Department (Civil)||Chief Engineer-Betwa, Jhansi||Irrigation Works Circle, Banda",True,"{'Flood': 0, 'Embankment': 0, 'embkt': 0, 'Relief': 0, 'Erosion': 0, 'SDRF': 0, 'Inundation': 0, 'Hydrology': 0, 'Silt': 0, 'Siltation': 0, 'Bund': 0, 'Trench': 0, 'Breach': 0, 'Culvert': 0, 'Sluice': 0, 'Dyke': 0, 'Storm water drain': 0, 'Emergency': 0, 'Immediate': 0, 'IM': 0, 'AE': 0, 'A E': 0, 'AAPDA MITRA': 0, 'Bridge': 0, 'River': 0, 'Drain': 0, 'Restoration': 0, 'Protection': 0, 'irr': 0, 'irrigation': 0, 'dam': 1, 'Nallah': 0, 'Retrofitting': 0, 'Pond': 0, 'Pokhari': 0, 'D/C': 0, 'Recharge shaft': 0, 'LFB': 0, 'RFB': 0}","{'Floodlight': 0, 'Flood Light': 0, 'GAS': 0, 'FIFA': 0, 'pipe': 0, 'pipes': 0, 'covid': 0, 'supply': 0, 'Beautification': 0, 'Installation': 0}",Post-Monsoon,,False,True,Repair and Restoration,"{'renovation': 1, 'Construction': 1}"
2024_UPIDC_962048_1,04/SE/2024-25,Renovation and Construction of Baruwa Dam top road Km. 0.000 to Km. 2.815 in District Chitrakoot (LOT-02),,,,,,,,,,,,,,,,"U P Irrigation Department (Civil)||Chief Engineer-Betwa, Jhansi||Irrigation Works Circle, Banda",,,,,,"3,465,543.76",,2024-10-29,"U P Irrigation Department (Civil)||Chief Engineer-Betwa, Jhansi||Irrigation Works Circle, Banda",True,"{'Flood': 0, 'Embankment': 0, 'embkt': 0, 'Relief': 0, 'Erosion': 0, 'SDRF': 0, 'Inundation': 0, 'Hydrology': 0, 'Silt': 0, 'Siltation': 0, 'Bund': 0, 'Trench': 0, 'Breach': 0, 'Culvert': 0, 'Sluice': 0, 'Dyke': 0, 'Storm water drain': 0, 'Emergency': 0, 'Immediate': 0, 'IM': 0, 'AE': 0, 'A E': 0, 'AAPDA MITRA': 0, 'Bridge': 0, 'River': 0, 'Drain': 0, 'Restoration': 0, 'Protection': 0, 'irr': 0, 'irrigation': 0, 'dam': 1, 'Nallah': 0, 'Retrofitting': 0, 'Pond': 0, 'Pokhari': 0, 'D/C': 0, 'Recharge shaft': 0, 'LFB': 0, 'RFB': 0}","{'Floodlight': 0, 'Flood Light': 0, 'GAS': 0, 'FIFA': 0, 'pipe': 0, 'pipes': 0, 'covid': 0, 'supply': 0, 'Beautification': 0, 'Installation': 0}",Post-Monsoon,,False,True,Repair and Restoration,"{'renovation': 1, 'Construction': 1}"
2024_CEMBD_951012_1,4053/E-Tender/24-25 Dt. 01.08.2024,Construction and Maintenance of Pontoon Bridge on Ganga Nadi at Village Debalgarh Block Moh.Pur Deomal in Distt Bijnor,,,,,,,,,,,,,,,,Chief Engineer Moradabad Zone PWD Moradabad UP||RAMPUR CIRCLE PWD RAMPUR||PROVINCIAL DIVISION PWD BIJNOR,,,,,,"3,091,458.08",,2024-10-28,Chief Engineer Moradabad Zone PWD Moradabad UP||RAMPUR CIRCLE PWD RAMPUR||PROVINCIAL DIVISION PWD BIJNOR,True,"{'Flood': 0, 'Embankment': 0, 'embkt': 0, 'Relief': 0, 'Erosion': 0, 'SDRF': 0, 'Inundation': 0, 'Hydrology': 0, 'Silt': 0, 'Siltation': 0, 'Bund': 0, 'Trench': 0, 'Breach': 0, 'Culvert': 0, 'Sluice': 0, 'Dyke': 0, 'Storm water drain': 0, 'Emergency': 0, 'Immediate': 0, 'IM': 0, 'AE': 0, 'A E': 0, 'AAPDA MITRA': 0, 'Bridge': 1, 'River': 0, 'Drain': 0, 'Restoration': 0, 'Protection': 0, 'irr': 0, 'irrigation': 0, 'dam': 0, 'Nallah': 0, 'Retrofitting': 0, 'Pond': 0, 'Pokhari': 0, 'D/C': 0, 'Recharge shaft': 0, 'LFB': 0, 'RFB': 0}","{'Floodlight': 0, 'Flood Light': 0, 'GAS': 0, 'FIFA': 0, 'pipe': 0, 'pipes': 0, 'covid': 0, 'supply': 0, 'Beautification': 0, 'Installation': 0}",Post-Monsoon,,False,True,Repair and Restoration,"{'Construction': 1, 'Bridge': 1}"
2024_CEMBD_939452_10,1709/E-Nivida/23-24 DT 29-06-2024,Year 2024-25 Patch Repaire Work with Potholes roads in Block Pawansa Under AE-3,,,,,,,,,,,,,,,,Chief Engineer Moradabad Zone PWD Moradabad UP||MORADABAD CIRCLE PWD MORADABAD||PROVINCIAL DIVISION PWD SAMBHAL,,,,,,"638,813.26",,2024-10-16,Chief Engineer Moradabad Zone PWD Moradabad UP||MORADABAD CIRCLE PWD MORADABAD||PROVINCIAL DIVISION PWD SAMBHAL,True,"{'Flood': 0, 'Embankment': 0, 'embkt': 0, 'Relief': 0, 'Erosion': 0, 'SDRF': 0, 'Inundation': 0, 'Hydrology': 0, 'Silt': 0, 'Siltation': 0, 'Bund': 0, 'Trench': 0, 'Breach': 0, 'Culvert': 0, 'Sluice': 0, 'Dyke': 0, 'Storm water drain': 0, 'Emergency': 0, 'Immediate': 0, 'IM': 0, 'AE': 1, 'A E': 0, 'AAPDA MITRA': 0, 'Bridge': 0, 'River': 0, 'Drain': 0, 'Restoration': 0, 'Protection': 0, 'irr': 0, 'irrigation': 0, 'dam': 0, 'Nallah': 0, 'Retrofitting': 0, 'Pond': 0, 'Pokhari': 0, 'D/C': 0, 'Recharge shaft': 0, 'LFB': 0, 'RFB': 0}","{'Floodlight': 0, 'Flood Light': 0, 'GAS': 0, 'FIFA': 0, 'pipe': 0, 'pipes': 0, 'covid': 0, 'supply': 0, 'Beautification': 0, 'Installation': 0}",Post-Monsoon,,True,True,Others,
2024_CEMBD_939452_3,1709/E-Nivida/23-24 DT 29-06-2024,Year 2024-25 Patch Repaire Work with Potholes roads in Block Chandausi Under AE-1,,,,,,,,,,,,,,,,Chief Engineer Moradabad Zone PWD Moradabad UP||MORADABAD CIRCLE PWD MORADABAD||PROVINCIAL DIVISION PWD SAMBHAL,,,,,,"669,298.45",,2024-10-16,Chief Engineer Moradabad Zone PWD Moradabad UP||MORADABAD CIRCLE PWD MORADABAD||PROVINCIAL DIVISION PWD SAMBHAL,True,"{'Flood': 0, 'Embankment': 0, 'embkt': 0, 'Relief': 0, 'Erosion': 0, 'SDRF': 0, 'Inundation': 0, 'Hydrology': 0, 'Silt': 0, 'Siltation': 0, 'Bund': 0, 'Trench': 0, 'Breach': 0, 'Culvert': 0, 'Sluice': 0, 'Dyke': 0, 'Storm water drain': 0, 'Emergency': 0, 'Immediate': 0, 'IM': 0, 'AE': 1, 'A E': 0, 'AAPDA MITRA': 0, 'Bridge': 0, 'River': 0, 'Drain': 0, 'Restoration': 0, 'Protection': 0, 'irr': 0, 'irrigation': 0, 'dam': 0, 'Nallah': 0, 'Retrofitting': 0, 'Pond': 0, 'Pokhari': 0, 'D/C': 0, 'Recharge shaft': 0, 'LFB': 0, 'RFB': 0}","{'Floodlight': 0, 'Flood Light': 0, 'GAS': 0, 'FIFA': 0, 'pipe': 0, 'pipes': 0, 'covid': 0, 'supply': 0, 'Beautification': 0, 'Installation': 0}",Post-Monsoon,,True,True,Others,
2024_CEMBD_939452_1,1709/E-Nivida/23-24 DT 29-06-2024,Year 2024-25 Patch Repaire Work on Village  Roads  with Potholes Under AE-1,,,,,,,,,,,,,,,,Chief Engineer Moradabad Zone PWD Moradabad UP||MORADABAD CIRCLE PWD MORADABAD||PROVINCIAL DIVISION PWD SAMBHAL,,,,,,"677,769.23",,2024-10-16,Chief Engineer Moradabad Zone PWD Moradabad UP||MORADABAD CIRCLE PWD MORADABAD||PROVINCIAL DIVISION PWD SAMBHAL,True,"{'Flood': 0, 'Embankment': 0, 'embkt': 0, 'Relief': 0, 'Erosion': 0, 'SDRF': 0, 'Inundation': 0, 'Hydrology': 0, 'Silt': 0, 'Siltation': 0, 'Bund': 0, 'Trench': 0, 'Breach': 0, 'Culvert': 0, 'Sluice': 0, 'Dyke': 0, 'Storm water drain': 0, 'Emergency': 0, 'Immediate': 0, 'IM': 0, 'AE': 1, 'A E': 0, 'AAPDA MITRA': 0, 'Bridge': 0, 'River': 0, 'Drain': 0, 'Restoration': 0, 'Protection': 0, 'irr': 0, 'irrigation': 0, 'dam': 0, 'Nallah': 0, 'Retrofitting': 0, 'Pond': 0, 'Pokhari': 0, 'D/C': 0, 'Recharge shaft': 0, 'LFB': 0, 'RFB': 0}","{'Floodlight': 0, 'Flood Light': 0, 'GAS': 0, 'FIFA': 0, 'pipe': 0, 'pipes': 0, 'covid': 0, 'supply': 0, 'Beautification': 0, 'Installation': 0}",Post-Monsoon,,True,True,Others,
2024_CEMBD_939452_3,1709/E-Nivida/23-24 DT 29-06-2024,Year 2024-25 Patch Repaire Work with Potholes roads in Block Chandausi Under AE-1,,,,,,,,,,,,,,,,Chief Engineer Moradabad Zone PWD Moradabad UP||MORADABAD CIRCLE PWD MORADABAD||PROVINCIAL DIVISION PWD SAMBHAL,,,,,,"669,298.45",,2024-10-16,Chief Engineer Moradabad Zone PWD Moradabad UP||MORADABAD CIRCLE PWD MORADABAD||PROVINCIAL DIVISION PWD SAMBHAL,True,"{'Flood': 0, 'Embankment': 0, 'embkt': 0, 'Relief': 0, 'Erosion': 0, 'SDRF': 0, 'Inundation': 0, 'Hydrology': 0, 'Silt': 0, 'Siltation': 0, 'Bund': 0, 'Trench': 0, 'Breach': 0, 'Culvert': 0, 'Sluice': 0, 'Dyke': 0, 'Storm water drain': 0, 'Emergency': 0, 'Immediate': 0, 'IM': 0, 'AE': 1, 'A E': 0, 'AAPDA MITRA': 0, 'Bridge': 0, 'River': 0, 'Drain': 0, 'Restoration': 0, 'Protection': 0, 'irr': 0, 'irrigation': 0, 'dam': 0, 'Nallah': 0, 'Retrofitting': 0, 'Pond': 0, 'Pokhari': 0, 'D/C': 0, 'Recharge shaft': 0, 'LFB': 0, 'RFB': 0}","{'Floodlight': 0, 'Flood Light': 0, 'GAS': 0, 'FIFA': 0, 'pipe': 0, 'pipes': 0, 'covid': 0, 'supply': 0, 'Beautification': 0, 'Installation': 0}",Post-Monsoon,,True,True,Others,
2024_CEMBD_939452_8,1709/E-Nivida/23-24 DT 29-06-2024,Year 2024-25 Patch Repaire Work with Potholes roads in Block Sambhal Under AE-3,,,,,,,,,,,,,,,,Chief Engineer Moradabad Zone PWD Moradabad UP||MORADABAD CIRCLE PWD MORADABAD||PROVINCIAL DIVISION PWD SAMBHAL,,,,,,"667,926",,2024-10-10,Chief Engineer Moradabad Zone PWD Moradabad UP||MORADABAD CIRCLE PWD MORADABAD||PROVINCIAL DIVISION PWD SAMBHAL,True,"{'Flood': 0, 'Embankment': 0, 'embkt': 0, 'Relief': 0, 'Erosion': 0, 'SDRF': 0, 'Inundation': 0, 'Hydrology': 0, 'Silt': 0, 'Siltation': 0, 'Bund': 0, 'Trench': 0, 'Breach': 0, 'Culvert': 0, 'Sluice': 0, 'Dyke': 0, 'Storm water drain': 0, 'Emergency': 0, 'Immediate': 0, 'IM': 0, 'AE': 1, 'A E': 0, 'AAPDA MITRA': 0, 'Bridge': 0, 'River': 0, 'Drain': 0, 'Restoration': 0, 'Protection': 0, 'irr': 0, 'irrigation': 0, 'dam': 0, 'Nallah': 0, 'Retrofitting': 0, 'Pond': 0, 'Pokhari': 0, 'D/C': 0, 'Recharge shaft': 0, 'LFB': 0, 'RFB': 0}","{'Floodlight': 0, 'Flood Light': 0, 'GAS': 0, 'FIFA': 0, 'pipe': 0, 'pipes': 0, 'covid': 0, 'supply': 0, 'Beautification': 0, 'Installation': 0}",Post-Monsoon,,True,True,Others,
2024_CEKNP_943907_6,1436/9A Dt. 25.07.2024,"Under the maintenance item, in the year 2024-25, the work of filling of pot-hauls and patch repair on all the routes from Tirwa crossing to the western side of Ishan river block Kannauj under the section",,,,,,,,,,,,,,,,Cheif Engineer Kanpur Zone PWD Kanpur||SE KANNAUJ-FARRUKHABAD PWD KANNAUJ||EE CONSTRUCTION DIVISION-1  PWD KANNAUJ,,,,,,"1,145,910.71",,2024-10-03,Cheif Engineer Kanpur Zone PWD Kanpur||SE KANNAUJ-FARRUKHABAD PWD KANNAUJ||EE CONSTRUCTION DIVISION-1  PWD KANNAUJ,True,"{'Flood': 0, 'Embankment': 0, 'embkt': 0, 'Relief': 0, 'Erosion': 0, 'SDRF': 0, 'Inundation': 0, 'Hydrology': 0, 'Silt': 0, 'Siltation': 0, 'Bund': 0, 'Trench': 0, 'Breach': 0, 'Culvert': 0, 'Sluice': 0, 'Dyke': 0, 'Storm water drain': 0, 'Emergency': 0, 'Immediate': 0, 'IM': 0, 'AE': 0, 'A E': 0, 'AAPDA MITRA': 0, 'Bridge': 0, 'River': 1, 'Drain': 0, 'Restoration': 0, 'Protection': 0, 'irr': 0, 'irrigation': 0, 'dam': 0, 'Nallah': 0, 'Retrofitting': 0, 'Pond': 0, 'Pokhari': 0, 'D/C': 0, 'Recharge shaft': 0, 'LFB': 0, 'RFB': 0}","{'Floodlight': 0, 'Flood Light': 0, 'GAS': 0, 'FIFA': 0, 'pipe': 0, 'pipes': 0, 'covid': 0, 'supply': 0, 'Beautification': 0, 'Installation': 0}",Post-Monsoon,,False,False,Repair and Restoration,{'repair': 1}
2024_CEKNP_952940_1,1550/12A/Tender/2024 Dated 06-08-2024,Annual Maintenance of Pontoon situated on river Yamuna near Devrahat District Kanpur Dehat in FY 2024-25,,,,,,,,,,,,,,,,Cheif Engineer Kanpur Zone PWD Kanpur||SE KANPUR CIRCLE PWD  KANPUR||EE CONSTRUCTION DIVISION-1  PWD KANPUR DEHAT,,,,,,"3,095,764",,2024-10-05,Cheif Engineer Kanpur Zone PWD Kanpur||SE KANPUR CIRCLE PWD  KANPUR||EE CONSTRUCTION DIVISION-1  PWD KANPUR DEHAT,True,"{'Flood': 0, 'Embankment': 0, 'embkt': 0, 'Relief': 0, 'Erosion': 0, 'SDRF': 0, 'Inundation': 0, 'Hydrology': 0, 'Silt': 0, 'Siltation': 0, 'Bund': 0, 'Trench': 0, 'Breach': 0, 'Culvert': 0, 'Sluice': 0, 'Dyke': 0, 'Storm water drain': 0, 'Emergency': 0, 'Immediate': 0, 'IM': 0, 'AE': 0, 'A E': 0, 'AAPDA MITRA': 0, 'Bridge': 0, 'River': 1, 'Drain': 0, 'Restoration': 0, 'Protection': 0, 'irr': 0, 'irrigation': 0, 'dam': 0, 'Nallah': 0, 'Retrofitting': 0, 'Pond': 0, 'Pokhari': 0, 'D/C': 0, 'Recharge shaft': 0, 'LFB': 0, 'RFB': 0}","{'Floodlight': 0, 'Flood Light': 0, 'GAS': 0, 'FIFA': 0, 'pipe': 0, 'pipes': 0, 'covid': 0, 'supply': 0, 'Beautification': 0, 'Installation': 0}",Post-Monsoon,,False,False,Preparedness Measures,{'Annual maintenance': 1}
2024_UPIDC_961949_18,5079/03/EE/2024-25/ Date 24.09.2024,SILT CLEARANCE OF CHAPRAULI MR. FROM KM. 0.000 TO 7.059,,,,,,,,,,,,,,,,U P Irrigation Department (Civil)||Chief Engineer ( Yamuna) Okhla||S E Irrigation works Circle Saharanpur||E E L D E Yamuna Canal Prabudhnagar(Muzaffarnagar),,,,,,"170,118.36",,2024-10-23,U P Irrigation Department (Civil)||Chief Engineer ( Yamuna) Okhla||S E Irrigation works Circle Saharanpur||E E L D E Yamuna Canal Prabudhnagar(Muzaffarnagar),True,"{'Flood': 0, 'Embankment': 0, 'embkt': 0, 'Relief': 0, 'Erosion': 0, 'SDRF': 0, 'Inundation': 0, 'Hydrology': 0, 'Silt': 1, 'Siltation': 0, 'Bund': 0, 'Trench': 0, 'Breach': 0, 'Culvert': 0, 'Sluice': 0, 'Dyke': 0, 'Storm water drain': 0, 'Emergency': 0, 'Immediate': 0, 'IM': 0, 'AE': 0, 'A E': 0, 'AAPDA MITRA': 0, 'Bridge': 0, 'River': 0, 'Drain': 0, 'Restoration': 0, 'Protection': 0, 'irr': 0, 'irrigation': 0, 'dam': 0, 'Nallah': 0, 'Retrofitting': 0, 'Pond': 0, 'Pokhari': 0, 'D/C': 0, 'Recharge shaft': 0, 'LFB': 0, 'RFB': 0}","{'Floodlight': 0, 'Flood Light': 0, 'GAS': 0, 'FIFA': 0, 'pipe': 0, 'pipes': 0, 'covid': 0, 'supply': 0, 'Beautification': 0, 'Installation': 0}",Post-Monsoon,,False,True,Repair and Restoration,{'mr': 1}
2024_UPIDC_961949_18,5079/03/EE/2024-25/ Date 24.09.2024,SILT CLEARANCE OF CHAPRAULI MR. FROM KM. 0.000 TO 7.059,,,,,,,,,,,,,,,,U P Irrigation Department (Civil)||Chief Engineer ( Yamuna) Okhla||S E Irrigation works Circle Saharanpur||E E L D E Yamuna Canal Prabudhnagar(Muzaffarnagar),,,,,,"170,118.36",,2024-10-23,U P Irrigation Department (Civil)||Chief Engineer ( Yamuna) Okhla||S E Irrigation works Circle Saharanpur||E E L D E Yamuna Canal Prabudhnagar(Muzaffarnagar),True,"{'Flood': 0, 'Embankment': 0, 'embkt': 0, 'Relief': 0, 'Erosion': 0, 'SDRF': 0, 'Inundation': 0, 'Hydrology': 0, 'Silt': 1, 'Siltation': 0, 'Bund': 0, 'Trench': 0, 'Breach': 0, 'Culvert': 0, 'Sluice': 0, 'Dyke': 0, 'Storm water drain': 0, 'Emergency': 0, 'Immediate': 0, 'IM': 0, 'AE': 0, 'A E': 0, 'AAPDA MITRA': 0, 'Bridge': 0, 'River': 0, 'Drain': 0, 'Restoration': 0, 'Protection': 0, 'irr': 0, 'irrigation': 0, 'dam': 0, 'Nallah': 0, 'Retrofitting': 0, 'Pond': 0, 'Pokhari': 0, 'D/C': 0, 'Recharge shaft': 0, 'LFB': 0, 'RFB': 0}","{'Floodlight': 0, 'Flood Light': 0, 'GAS': 0, 'FIFA': 0, 'pipe': 0, 'pipes': 0, 'covid': 0, 'supply': 0, 'Beautification': 0, 'Installation': 0}",Post-Monsoon,,False,True,Repair and Restoration,{'mr': 1}
2024_UPIDC_961949_2,5079/03/EE/2024-25/ Date 24.09.2024,SILT  CLEARANCE OF MASAVI DY. FROM Km 0.000 TO KM. 13.076,,,,,,,,,,,,,,,,U P Irrigation Department (Civil)||Chief Engineer ( Yamuna) Okhla||S E Irrigation works Circle Saharanpur||E E L D E Yamuna Canal Prabudhnagar(Muzaffarnagar),,,,,,"529,907.03",,2024-10-21,U P Irrigation Department (Civil)||Chief Engineer ( Yamuna) Okhla||S E Irrigation works Circle Saharanpur||E E L D E Yamuna Canal Prabudhnagar(Muzaffarnagar),True,"{'Flood': 0, 'Embankment': 0, 'embkt': 0, 'Relief': 0, 'Erosion': 0, 'SDRF': 0, 'Inundation': 0, 'Hydrology': 0, 'Silt': 1, 'Siltation': 0, 'Bund': 0, 'Trench': 0, 'Breach': 0, 'Culvert': 0, 'Sluice': 0, 'Dyke': 0, 'Storm water drain': 0, 'Emergency': 0, 'Immediate': 0, 'IM': 0, 'AE': 0, 'A E': 0, 'AAPDA MITRA': 0, 'Bridge': 0, 'River': 0, 'Drain': 0, 'Restoration': 0, 'Protection': 0, 'irr': 0, 'irrigation': 0, 'dam': 0, 'Nallah': 0, 'Retrofitting': 0, 'Pond': 0, 'Pokhari': 0, 'D/C': 0, 'Recharge shaft': 0, 'LFB': 0, 'RFB': 0}","{'Floodlight': 0, 'Flood Light': 0, 'GAS': 0, 'FIFA': 0, 'pipe': 0, 'pipes': 0, 'covid': 0, 'supply': 0, 'Beautification': 0, 'Installation': 0}",Post-Monsoon,,False,True,Others,
2024_UPIDC_961949_3,5079/03/EE/2024-25/ Date 24.09.2024,SILT  CLEARANCE OF KAIRANA DY. FROM Km 0.000 TO KM. 35.990,,,,,,,,,,,,,,,,U P Irrigation Department (Civil)||Chief Engineer ( Yamuna) Okhla||S E Irrigation works Circle Saharanpur||E E L D E Yamuna Canal Prabudhnagar(Muzaffarnagar),,,,,,"1,415,333.67",,2024-10-21,U P Irrigation Department (Civil)||Chief Engineer ( Yamuna) Okhla||S E Irrigation works Circle Saharanpur||E E L D E Yamuna Canal Prabudhnagar(Muzaffarnagar),True,"{'Flood': 0, 'Embankment': 0, 'embkt': 0, 'Relief': 0, 'Erosion': 0, 'SDRF': 0, 'Inundation': 0, 'Hydrology': 0, 'Silt': 1, 'Siltation': 0, 'Bund': 0, 'Trench': 0, 'Breach': 0, 'Culvert': 0, 'Sluice': 0, 'Dyke': 0, 'Storm water drain': 0, 'Emergency': 0, 'Immediate': 0, 'IM': 0, 'AE': 0, 'A E': 0, 'AAPDA MITRA': 0, 'Bridge': 0, 'River': 0, 'Drain': 0, 'Restoration': 0, 'Protection': 0, 'irr': 0, 'irrigation': 0, 'dam': 0, 'Nallah': 0, 'Retrofitting': 0, 'Pond': 0, 'Pokhari': 0, 'D/C': 0, 'Recharge shaft': 0, 'LFB': 0, 'RFB': 0}","{'Floodlight': 0, 'Flood Light': 0, 'GAS': 0, 'FIFA': 0, 'pipe': 0, 'pipes': 0, 'covid': 0, 'supply': 0, 'Beautification': 0, 'Installation': 0}",Post-Monsoon,,False,True,Others,
2024_UPIDC_961949_5,5079/03/EE/2024-25/ Date 24.09.2024,SILT CLEARANCE OF BADHEV DY. FROM KM 0.00 TO KM 17.302,,,,,,,,,,,,,,,,U P Irrigation Department (Civil)||Chief Engineer ( Yamuna) Okhla||S E Irrigation works Circle Saharanpur||E E L D E Yamuna Canal Prabudhnagar(Muzaffarnagar),,,,,,"663,615",,2024-10-23,U P Irrigation Department (Civil)||Chief Engineer ( Yamuna) Okhla||S E Irrigation works Circle Saharanpur||E E L D E Yamuna Canal Prabudhnagar(Muzaffarnagar),True,"{'Flood': 0, 'Embankment': 0, 'embkt': 0, 'Relief': 0, 'Erosion': 0, 'SDRF': 0, 'Inundation': 0, 'Hydrology': 0, 'Silt': 1, 'Siltation': 0, 'Bund': 0, 'Trench': 0, 'Breach': 0, 'Culvert': 0, 'Sluice': 0, 'Dyke': 0, 'Storm water drain': 0, 'Emergency': 0, 'Immediate': 0, 'IM': 0, 'AE': 0, 'A E': 0, 'AAPDA MITRA': 0, 'Bridge': 0, 'River': 0, 'Drain': 0, 'Restoration': 0, 'Protection': 0, 'irr': 0, 'irrigation': 0, 'dam': 0, 'Nallah': 0, 'Retrofitting': 0, 'Pond': 0, 'Pokhari': 0, 'D/C': 0, 'Recharge shaft': 0, 'LFB': 0, 'RFB': 0}","{'Floodlight': 0, 'Flood Light': 0, 'GAS': 0, 'FIFA': 0, 'pipe': 0, 'pipes': 0, 'covid': 0, 'supply': 0, 'Beautification': 0, 'Installation': 0}",Post-Monsoon,,False,True,Others,
2024_CEJNS_946103_1,1259/10A date 29.07.2024,In Year 2024-25 In District Jalaun 3054 AR of maintenance and repair work of Billaud Ghat Pantoon Bridge of Sindh River,,,,,,,,,,,,,,,,Chief Engineer Jhansi Zone PWD Jhansi UP||JHANSI CIRLCE PWD JHANSI||CONSTRUCTION DIVISION 1 PWD ORAI,,,,,,"736,543.91",,2024-10-22,Chief Engineer Jhansi Zone PWD Jhansi UP||JHANSI CIRLCE PWD JHANSI||CONSTRUCTION DIVISION 1 PWD ORAI,True,"{'Flood': 0, 'Embankment': 0, 'embkt': 0, 'Relief': 0, 'Erosion': 0, 'SDRF': 0, 'Inundation': 0, 'Hydrology': 0, 'Silt': 0, 'Siltation': 0, 'Bund': 0, 'Trench': 0, 'Breach': 0, 'Culvert': 0, 'Sluice': 0, 'Dyke': 0, 'Storm water drain': 0, 'Emergency': 0, 'Immediate': 0, 'IM': 0, 'AE': 0, 'A E': 0, 'AAPDA MITRA': 0, 'Bridge': 1, 'River': 1, 'Drain': 0, 'Restoration': 0, 'Protection': 0, 'irr': 0, 'irrigation': 0, 'dam': 0, 'Nallah': 0, 'Retrofitting': 0, 'Pond': 0, 'Pokhari': 0, 'D/C': 0, 'Recharge shaft': 0, 'LFB': 0, 'RFB': 0}","{'Floodlight': 0, 'Flood Light': 0, 'GAS': 0, 'FIFA': 0, 'pipe': 0, 'pipes': 0, 'covid': 0, 'supply': 0, 'Beautification': 0, 'Installation': 0}",Post-Monsoon,,False,True,Repair and Restoration,"{'repair': 1, 'Bridge': 1}"
2024_CEJNS_946103_1,1259/10A date 29.07.2024,In Year 2024-25 In District Jalaun 3054 AR of maintenance and repair work of Billaud Ghat Pantoon Bridge of Sindh River,,,,,,,,,,,,,,,,Chief Engineer Jhansi Zone PWD Jhansi UP||JHANSI CIRLCE PWD JHANSI||CONSTRUCTION DIVISION 1 PWD ORAI,,,,,,"736,543.91",,2024-10-22,Chief Engineer Jhansi Zone PWD Jhansi UP||JHANSI CIRLCE PWD JHANSI||CONSTRUCTION DIVISION 1 PWD ORAI,True,"{'Flood': 0, 'Embankment': 0, 'embkt': 0, 'Relief': 0, 'Erosion': 0, 'SDRF': 0, 'Inundation': 0, 'Hydrology': 0, 'Silt': 0, 'Siltation': 0, 'Bund': 0, 'Trench': 0, 'Breach': 0, 'Culvert': 0, 'Sluice': 0, 'Dyke': 0, 'Storm water drain': 0, 'Emergency': 0, 'Immediate': 0, 'IM': 0, 'AE': 0, 'A E': 0, 'AAPDA MITRA': 0, 'Bridge': 1, 'River': 1, 'Drain': 0, 'Restoration': 0, 'Protection': 0, 'irr': 0, 'irrigation': 0, 'dam': 0, 'Nallah': 0, 'Retrofitting': 0, 'Pond': 0, 'Pokhari': 0, 'D/C': 0, 'Recharge shaft': 0, 'LFB': 0, 'RFB': 0}","{'Floodlight': 0, 'Flood Light': 0, 'GAS': 0, 'FIFA': 0, 'pipe': 0, 'pipes': 0, 'covid': 0, 'supply': 0, 'Beautification': 0, 'Installation': 0}",Post-Monsoon,,False,True,Repair and Restoration,"{'repair': 1, 'Bridge': 1}"
2024_CEJNS_946103_1,1259/10A date 29.07.2024,In Year 2024-25 In District Jalaun 3054 AR of maintenance and repair work of Billaud Ghat Pantoon Bridge of Sindh River,,,,,,,,,,,,,,,,Chief Engineer Jhansi Zone PWD Jhansi UP||JHANSI CIRLCE PWD JHANSI||CONSTRUCTION DIVISION 1 PWD ORAI,,,,,,"736,543.91",,2024-10-22,Chief Engineer Jhansi Zone PWD Jhansi UP||JHANSI CIRLCE PWD JHANSI||CONSTRUCTION DIVISION 1 PWD ORAI,True,"{'Flood': 0, 'Embankment': 0, 'embkt': 0, 'Relief': 0, 'Erosion': 0, 'SDRF': 0, 'Inundation': 0, 'Hydrology': 0, 'Silt': 0, 'Siltation': 0, 'Bund': 0, 'Trench': 0, 'Breach': 0, 'Culvert': 0, 'Sluice': 0, 'Dyke': 0, 'Storm water drain': 0, 'Emergency': 0, 'Immediate': 0, 'IM': 0, 'AE': 0, 'A E': 0, 'AAPDA MITRA': 0, 'Bridge': 1, 'River': 1, 'Drain': 0, 'Restoration': 0, 'Protection': 0, 'irr': 0, 'irrigation': 0, 'dam': 0, 'Nallah': 0, 'Retrofitting': 0, 'Pond': 0, 'Pokhari': 0, 'D/C': 0, 'Recharge shaft': 0, 'LFB': 0, 'RFB': 0}","{'Floodlight': 0, 'Flood Light': 0, 'GAS': 0, 'FIFA': 0, 'pipe': 0, 'pipes': 0, 'covid': 0, 'supply': 0, 'Beautification': 0, 'Installation': 0}",Post-Monsoon,,False,True,Repair and Restoration,"{'repair': 1, 'Bridge': 1}"
2024_CEJNS_946103_1,1259/10A date 29.07.2024,In Year 2024-25 In District Jalaun 3054 AR of maintenance and repair work of Billaud Ghat Pantoon Bridge of Sindh River,,,,,,,,,,,,,,,,Chief Engineer Jhansi Zone PWD Jhansi UP||JHANSI CIRLCE PWD JHANSI||CONSTRUCTION DIVISION 1 PWD ORAI,,,,,,"736,543.91",,2024-10-22,Chief Engineer Jhansi Zone PWD Jhansi UP||JHANSI CIRLCE PWD JHANSI||CONSTRUCTION DIVISION 1 PWD ORAI,True,"{'Flood': 0, 'Embankment': 0, 'embkt': 0, 'Relief': 0, 'Erosion': 0, 'SDRF': 0, 'Inundation': 0, 'Hydrology': 0, 'Silt': 0, 'Siltation': 0, 'Bund': 0, 'Trench': 0, 'Breach': 0, 'Culvert': 0, 'Sluice': 0, 'Dyke': 0, 'Storm water drain': 0, 'Emergency': 0, 'Immediate': 0, 'IM': 0, 'AE': 0, 'A E': 0, 'AAPDA MITRA': 0, 'Bridge': 1, 'River': 1, 'Drain': 0, 'Restoration': 0, 'Protection': 0, 'irr': 0, 'irrigation': 0, 'dam': 0, 'Nallah': 0, 'Retrofitting': 0, 'Pond': 0, 'Pokhari': 0, 'D/C': 0, 'Recharge shaft': 0, 'LFB': 0, 'RFB': 0}","{'Floodlight': 0, 'Flood Light': 0, 'GAS': 0, 'FIFA': 0, 'pipe': 0, 'pipes': 0, 'covid': 0, 'supply': 0, 'Beautification': 0, 'Installation': 0}",Post-Monsoon,,False,True,Repair and Restoration,"{'repair': 1, 'Bridge': 1}"
2024_UPIDC_961920_8,02/E.E./2024-25,Silt Clearance in internal Section of Rajwaha Baoli Dy From Km 0.000 to Km. 13.296,,,,,,,,,,,,,,,,"U P Irrigation Department (Civil)||Chief Engineer ( Yamuna) Okhla||S E Drainage Circle Ghaziabad||EE Irrigation Division, Baraut, Baghpat",,,,,,"508,676",,2024-10-28,"U P Irrigation Department (Civil)||Chief Engineer ( Yamuna) Okhla||S E Drainage Circle Ghaziabad||EE Irrigation Division, Baraut, Baghpat",True,"{'Flood': 0, 'Embankment': 0, 'embkt': 0, 'Relief': 0, 'Erosion': 0, 'SDRF': 0, 'Inundation': 0, 'Hydrology': 0, 'Silt': 1, 'Siltation': 0, 'Bund': 0, 'Trench': 0, 'Breach': 0, 'Culvert': 0, 'Sluice': 0, 'Dyke': 0, 'Storm water drain': 0, 'Emergency': 0, 'Immediate': 0, 'IM': 0, 'AE': 0, 'A E': 0, 'AAPDA MITRA': 0, 'Bridge': 0, 'River': 0, 'Drain': 0, 'Restoration': 0, 'Protection': 0, 'irr': 0, 'irrigation': 0, 'dam': 0, 'Nallah': 0, 'Retrofitting': 0, 'Pond': 0, 'Pokhari': 0, 'D/C': 0, 'Recharge shaft': 0, 'LFB': 0, 'RFB': 0}","{'Floodlight': 0, 'Flood Light': 0, 'GAS': 0, 'FIFA': 0, 'pipe': 0, 'pipes': 0, 'covid': 0, 'supply': 0, 'Beautification': 0, 'Installation': 0}",Post-Monsoon,,False,True,Others,
2024_UPIDC_961920_8,02/E.E./2024-25,Silt Clearance in internal Section of Rajwaha Baoli Dy From Km 0.000 to Km. 13.296,,,,,,,,,,,,,,,,"U P Irrigation Department (Civil)||Chief Engineer ( Yamuna) Okhla||S E Drainage Circle Ghaziabad||EE Irrigation Division, Baraut, Baghpat",,,,,,"508,676",,2024-10-28,"U P Irrigation Department (Civil)||Chief Engineer ( Yamuna) Okhla||S E Drainage Circle Ghaziabad||EE Irrigation Division, Baraut, Baghpat",True,"{'Flood': 0, 'Embankment': 0, 'embkt': 0, 'Relief': 0, 'Erosion': 0, 'SDRF': 0, 'Inundation': 0, 'Hydrology': 0, 'Silt': 1, 'Siltation': 0, 'Bund': 0, 'Trench': 0, 'Breach': 0, 'Culvert': 0, 'Sluice': 0, 'Dyke': 0, 'Storm water drain': 0, 'Emergency': 0, 'Immediate': 0, 'IM': 0, 'AE': 0, 'A E': 0, 'AAPDA MITRA': 0, 'Bridge': 0, 'River': 0, 'Drain': 0, 'Restoration': 0, 'Protection': 0, 'irr': 0, 'irrigation': 0, 'dam': 0, 'Nallah': 0, 'Retrofitting': 0, 'Pond': 0, 'Pokhari': 0, 'D/C': 0, 'Recharge shaft': 0, 'LFB': 0, 'RFB': 0}","{'Floodlight': 0, 'Flood Light': 0, 'GAS': 0, 'FIFA': 0, 'pipe': 0, 'pipes': 0, 'covid': 0, 'supply': 0, 'Beautification': 0, 'Installation': 0}",Post-Monsoon,,False,True,Others,
2024_UPIDC_961949_15,5079/03/EE/2024-25/ Date 24.09.2024,SILT CLEARANCE OF DAUNGRAUL MR. FROM KM. 0.000 TO 6.235,,,,,,,,,,,,,,,,U P Irrigation Department (Civil)||Chief Engineer ( Yamuna) Okhla||S E Irrigation works Circle Saharanpur||E E L D E Yamuna Canal Prabudhnagar(Muzaffarnagar),,,,,,"159,350.26",,2024-10-23,U P Irrigation Department (Civil)||Chief Engineer ( Yamuna) Okhla||S E Irrigation works Circle Saharanpur||E E L D E Yamuna Canal Prabudhnagar(Muzaffarnagar),True,"{'Flood': 0, 'Embankment': 0, 'embkt': 0, 'Relief': 0, 'Erosion': 0, 'SDRF': 0, 'Inundation': 0, 'Hydrology': 0, 'Silt': 1, 'Siltation': 0, 'Bund': 0, 'Trench': 0, 'Breach': 0, 'Culvert': 0, 'Sluice': 0, 'Dyke': 0, 'Storm water drain': 0, 'Emergency': 0, 'Immediate': 0, 'IM': 0, 'AE': 0, 'A E': 0, 'AAPDA MITRA': 0, 'Bridge': 0, 'River': 0, 'Drain': 0, 'Restoration': 0, 'Protection': 0, 'irr': 0, 'irrigation': 0, 'dam': 0, 'Nallah': 0, 'Retrofitting': 0, 'Pond': 0, 'Pokhari': 0, 'D/C': 0, 'Recharge shaft': 0, 'LFB': 0, 'RFB': 0}","{'Floodlight': 0, 'Flood Light': 0, 'GAS': 0, 'FIFA': 0, 'pipe': 0, 'pipes': 0, 'covid': 0, 'supply': 0, 'Beautification': 0, 'Installation': 0}",Post-Monsoon,,False,True,Repair and Restoration,{'mr': 1}
2024_UPIDC_961949_15,5079/03/EE/2024-25/ Date 24.09.2024,SILT CLEARANCE OF DAUNGRAUL MR. FROM KM. 0.000 TO 6.235,,,,,,,,,,,,,,,,U P Irrigation Department (Civil)||Chief Engineer ( Yamuna) Okhla||S E Irrigation works Circle Saharanpur||E E L D E Yamuna Canal Prabudhnagar(Muzaffarnagar),,,,,,"159,350.26",,2024-10-23,U P Irrigation Department (Civil)||Chief Engineer ( Yamuna) Okhla||S E Irrigation works Circle Saharanpur||E E L D E Yamuna Canal Prabudhnagar(Muzaffarnagar),True,"{'Flood': 0, 'Embankment': 0, 'embkt': 0, 'Relief': 0, 'Erosion': 0, 'SDRF': 0, 'Inundation': 0, 'Hydrology': 0, 'Silt': 1, 'Siltation': 0, 'Bund': 0, 'Trench': 0, 'Breach': 0, 'Culvert': 0, 'Sluice': 0, 'Dyke': 0, 'Storm water drain': 0, 'Emergency': 0, 'Immediate': 0, 'IM': 0, 'AE': 0, 'A E': 0, 'AAPDA MITRA': 0, 'Bridge': 0, 'River': 0, 'Drain': 0, 'Restoration': 0, 'Protection': 0, 'irr': 0, 'irrigation': 0, 'dam': 0, 'Nallah': 0, 'Retrofitting': 0, 'Pond': 0, 'Pokhari': 0, 'D/C': 0, 'Recharge shaft': 0, 'LFB': 0, 'RFB': 0}","{'Floodlight': 0, 'Flood Light': 0, 'GAS': 0, 'FIFA': 0, 'pipe': 0, 'pipes': 0, 'covid': 0, 'supply': 0, 'Beautification': 0, 'Installation': 0}",Post-Monsoon,,False,True,Repair and Restoration,{'mr': 1}
2024_UPIDC_961949_18,5079/03/EE/2024-25/ Date 24.09.2024,SILT CLEARANCE OF CHAPRAULI MR. FROM KM. 0.000 TO 7.059,,,,,,,,,,,,,,,,U P Irrigation Department (Civil)||Chief Engineer ( Yamuna) Okhla||S E Irrigation works Circle Saharanpur||E E L D E Yamuna Canal Prabudhnagar(Muzaffarnagar),,,,,,"170,118.36",,2024-10-23,U P Irrigation Department (Civil)||Chief Engineer ( Yamuna) Okhla||S E Irrigation works Circle Saharanpur||E E L D E Yamuna Canal Prabudhnagar(Muzaffarnagar),True,"{'Flood': 0, 'Embankment': 0, 'embkt': 0, 'Relief': 0, 'Erosion': 0, 'SDRF': 0, 'Inundation': 0, 'Hydrology': 0, 'Silt': 1, 'Siltation': 0, 'Bund': 0, 'Trench': 0, 'Breach': 0, 'Culvert': 0, 'Sluice': 0, 'Dyke': 0, 'Storm water drain': 0, 'Emergency': 0, 'Immediate': 0, 'IM': 0, 'AE': 0, 'A E': 0, 'AAPDA MITRA': 0, 'Bridge': 0, 'River': 0, 'Drain': 0, 'Restoration': 0, 'Protection': 0, 'irr': 0, 'irrigation': 0, 'dam': 0, 'Nallah': 0, 'Retrofitting': 0, 'Pond': 0, 'Pokhari': 0, 'D/C': 0, 'Recharge shaft': 0, 'LFB': 0, 'RFB': 0}","{'Floodlight': 0, 'Flood Light': 0, 'GAS': 0, 'FIFA': 0, 'pipe': 0, 'pipes': 0, 'covid': 0, 'supply': 0, 'Beautification': 0, 'Installation': 0}",Post-Monsoon,,False,True,Repair and Restoration,{'mr': 1}
2024_UPIDC_961949_15,5079/03/EE/2024-25/ Date 24.09.2024,SILT CLEARANCE OF DAUNGRAUL MR. FROM KM. 0.000 TO 6.235,,,,,,,,,,,,,,,,U P Irrigation Department (Civil)||Chief Engineer ( Yamuna) Okhla||S E Irrigation works Circle Saharanpur||E E L D E Yamuna Canal Prabudhnagar(Muzaffarnagar),,,,,,"159,350.26",,2024-10-23,U P Irrigation Department (Civil)||Chief Engineer ( Yamuna) Okhla||S E Irrigation works Circle Saharanpur||E E L D E Yamuna Canal Prabudhnagar(Muzaffarnagar),True,"{'Flood': 0, 'Embankment': 0, 'embkt': 0, 'Relief': 0, 'Erosion': 0, 'SDRF': 0, 'Inundation': 0, 'Hydrology': 0, 'Silt': 1, 'Siltation': 0, 'Bund': 0, 'Trench': 0, 'Breach': 0, 'Culvert': 0, 'Sluice': 0, 'Dyke': 0, 'Storm water drain': 0, 'Emergency': 0, 'Immediate': 0, 'IM': 0, 'AE': 0, 'A E': 0, 'AAPDA MITRA': 0, 'Bridge': 0, 'River': 0, 'Drain': 0, 'Restoration': 0, 'Protection': 0, 'irr': 0, 'irrigation': 0, 'dam': 0, 'Nallah': 0, 'Retrofitting': 0, 'Pond': 0, 'Pokhari': 0, 'D/C': 0, 'Recharge shaft': 0, 'LFB': 0, 'RFB': 0}","{'Floodlight': 0, 'Flood Light': 0, 'GAS': 0, 'FIFA': 0, 'pipe': 0, 'pipes': 0, 'covid': 0, 'supply': 0, 'Beautification': 0, 'Installation': 0}",Post-Monsoon,,False,True,Repair and Restoration,{'mr': 1}
2024_UPIDC_961920_22,02/E.E./2024-25,Silt Clearance in internal Section of Kotwalpur Dy. From Km 0.00 to Km. 6.800,,,,,,,,,,,,,,,,"U P Irrigation Department (Civil)||Chief Engineer ( Yamuna) Okhla||S E Drainage Circle Ghaziabad||EE Irrigation Division, Baraut, Baghpat",,,,,,"279,780",,2024-10-28,"U P Irrigation Department (Civil)||Chief Engineer ( Yamuna) Okhla||S E Drainage Circle Ghaziabad||EE Irrigation Division, Baraut, Baghpat",True,"{'Flood': 0, 'Embankment': 0, 'embkt': 0, 'Relief': 0, 'Erosion': 0, 'SDRF': 0, 'Inundation': 0, 'Hydrology': 0, 'Silt': 1, 'Siltation': 0, 'Bund': 0, 'Trench': 0, 'Breach': 0, 'Culvert': 0, 'Sluice': 0, 'Dyke': 0, 'Storm water drain': 0, 'Emergency': 0, 'Immediate': 0, 'IM': 0, 'AE': 0, 'A E': 0, 'AAPDA MITRA': 0, 'Bridge': 0, 'River': 0, 'Drain': 0, 'Restoration': 0, 'Protection': 0, 'irr': 0, 'irrigation': 0, 'dam': 0, 'Nallah': 0, 'Retrofitting': 0, 'Pond': 0, 'Pokhari': 0, 'D/C': 0, 'Recharge shaft': 0, 'LFB': 0, 'RFB': 0}","{'Floodlight': 0, 'Flood Light': 0, 'GAS': 0, 'FIFA': 0, 'pipe': 0, 'pipes': 0, 'covid': 0, 'supply': 0, 'Beautification': 0, 'Installation': 0}",Post-Monsoon,,False,True,Others,
2024_UPIDC_961920_24,02/E.E./2024-25,Silt Clearance in internal Section of Meetli Dy. From Km 0.000 to Km. 19.300,,,,,,,,,,,,,,,,"U P Irrigation Department (Civil)||Chief Engineer ( Yamuna) Okhla||S E Drainage Circle Ghaziabad||EE Irrigation Division, Baraut, Baghpat",,,,,,"543,999.6",,2024-10-28,"U P Irrigation Department (Civil)||Chief Engineer ( Yamuna) Okhla||S E Drainage Circle Ghaziabad||EE Irrigation Division, Baraut, Baghpat",True,"{'Flood': 0, 'Embankment': 0, 'embkt': 0, 'Relief': 0, 'Erosion': 0, 'SDRF': 0, 'Inundation': 0, 'Hydrology': 0, 'Silt': 1, 'Siltation': 0, 'Bund': 0, 'Trench': 0, 'Breach': 0, 'Culvert': 0, 'Sluice': 0, 'Dyke': 0, 'Storm water drain': 0, 'Emergency': 0, 'Immediate': 0, 'IM': 0, 'AE': 0, 'A E': 0, 'AAPDA MITRA': 0, 'Bridge': 0, 'River': 0, 'Drain': 0, 'Restoration': 0, 'Protection': 0, 'irr': 0, 'irrigation': 0, 'dam': 0, 'Nallah': 0, 'Retrofitting': 0, 'Pond': 0, 'Pokhari': 0, 'D/C': 0, 'Recharge shaft': 0, 'LFB': 0, 'RFB': 0}","{'Floodlight': 0, 'Flood Light': 0, 'GAS': 0, 'FIFA': 0, 'pipe': 0, 'pipes': 0, 'covid': 0, 'supply': 0, 'Beautification': 0, 'Installation': 0}",Post-Monsoon,,False,True,Others,
2024_UPIDC_961920_24,02/E.E./2024-25,Silt Clearance in internal Section of Meetli Dy. From Km 0.000 to Km. 19.300,,,,,,,,,,,,,,,,"U P Irrigation Department (Civil)||Chief Engineer ( Yamuna) Okhla||S E Drainage Circle Ghaziabad||EE Irrigation Division, Baraut, Baghpat",,,,,,"543,999.6",,2024-10-28,"U P Irrigation Department (Civil)||Chief Engineer ( Yamuna) Okhla||S E Drainage Circle Ghaziabad||EE Irrigation Division, Baraut, Baghpat",True,"{'Flood': 0, 'Embankment': 0, 'embkt': 0, 'Relief': 0, 'Erosion': 0, 'SDRF': 0, 'Inundation': 0, 'Hydrology': 0, 'Silt': 1, 'Siltation': 0, 'Bund': 0, 'Trench': 0, 'Breach': 0, 'Culvert': 0, 'Sluice': 0, 'Dyke': 0, 'Storm water drain': 0, 'Emergency': 0, 'Immediate': 0, 'IM': 0, 'AE': 0, 'A E': 0, 'AAPDA MITRA': 0, 'Bridge': 0, 'River': 0, 'Drain': 0, 'Restoration': 0, 'Protection': 0, 'irr': 0, 'irrigation': 0, 'dam': 0, 'Nallah': 0, 'Retrofitting': 0, 'Pond': 0, 'Pokhari': 0, 'D/C': 0, 'Recharge shaft': 0, 'LFB': 0, 'RFB': 0}","{'Floodlight': 0, 'Flood Light': 0, 'GAS': 0, 'FIFA': 0, 'pipe': 0, 'pipes': 0, 'covid': 0, 'supply': 0, 'Beautification': 0, 'Installation': 0}",Post-Monsoon,,False,True,Others,
2024_UPIDC_961920_28,02/E.E./2024-25,Silt Clearance in internal Section of Rajwaha Bijwada Dy From Km 7.150 to Km. 16.200,,,,,,,,,,,,,,,,"U P Irrigation Department (Civil)||Chief Engineer ( Yamuna) Okhla||S E Drainage Circle Ghaziabad||EE Irrigation Division, Baraut, Baghpat",,,,,,"271,770",,2024-10-28,"U P Irrigation Department (Civil)||Chief Engineer ( Yamuna) Okhla||S E Drainage Circle Ghaziabad||EE Irrigation Division, Baraut, Baghpat",True,"{'Flood': 0, 'Embankment': 0, 'embkt': 0, 'Relief': 0, 'Erosion': 0, 'SDRF': 0, 'Inundation': 0, 'Hydrology': 0, 'Silt': 1, 'Siltation': 0, 'Bund': 0, 'Trench': 0, 'Breach': 0, 'Culvert': 0, 'Sluice': 0, 'Dyke': 0, 'Storm water drain': 0, 'Emergency': 0, 'Immediate': 0, 'IM': 0, 'AE': 0, 'A E': 0, 'AAPDA MITRA': 0, 'Bridge': 0, 'River': 0, 'Drain': 0, 'Restoration': 0, 'Protection': 0, 'irr': 0, 'irrigation': 0, 'dam': 0, 'Nallah': 0, 'Retrofitting': 0, 'Pond': 0, 'Pokhari': 0, 'D/C': 0, 'Recharge shaft': 0, 'LFB': 0, 'RFB': 0}","{'Floodlight': 0, 'Flood Light': 0, 'GAS': 0, 'FIFA': 0, 'pipe': 0, 'pipes': 0, 'covid': 0, 'supply': 0, 'Beautification': 0, 'Installation': 0}",Post-Monsoon,,False,True,Others,
2024_UPIDC_961920_28,02/E.E./2024-25,Silt Clearance in internal Section of Rajwaha Bijwada Dy From Km 7.150 to Km. 16.200,,,,,,,,,,,,,,,,"U P Irrigation Department (Civil)||Chief Engineer ( Yamuna) Okhla||S E Drainage Circle Ghaziabad||EE Irrigation Division, Baraut, Baghpat",,,,,,"271,770",,2024-10-28,"U P Irrigation Department (Civil)||Chief Engineer ( Yamuna) Okhla||S E Drainage Circle Ghaziabad||EE Irrigation Division, Baraut, Baghpat",True,"{'Flood': 0, 'Embankment': 0, 'embkt': 0, 'Relief': 0, 'Erosion': 0, 'SDRF': 0, 'Inundation': 0, 'Hydrology': 0, 'Silt': 1, 'Siltation': 0, 'Bund': 0, 'Trench': 0, 'Breach': 0, 'Culvert': 0, 'Sluice': 0, 'Dyke': 0, 'Storm water drain': 0, 'Emergency': 0, 'Immediate': 0, 'IM': 0, 'AE': 0, 'A E': 0, 'AAPDA MITRA': 0, 'Bridge': 0, 'River': 0, 'Drain': 0, 'Restoration': 0, 'Protection': 0, 'irr': 0, 'irrigation': 0, 'dam': 0, 'Nallah': 0, 'Retrofitting': 0, 'Pond': 0, 'Pokhari': 0, 'D/C': 0, 'Recharge shaft': 0, 'LFB': 0, 'RFB': 0}","{'Floodlight': 0, 'Flood Light': 0, 'GAS': 0, 'FIFA': 0, 'pipe': 0, 'pipes': 0, 'covid': 0, 'supply': 0, 'Beautification': 0, 'Installation': 0}",Post-Monsoon,,False,True,Others,
2024_UPIDC_961920_29,02/E.E./2024-25,Silt Clearance in internal Section of Rajwaha Bijwada Dy From Km 16.210 to Km. 28.500,,,,,,,,,,,,,,,,"U P Irrigation Department (Civil)||Chief Engineer ( Yamuna) Okhla||S E Drainage Circle Ghaziabad||EE Irrigation Division, Baraut, Baghpat",,,,,,"211,964",,2024-10-28,"U P Irrigation Department (Civil)||Chief Engineer ( Yamuna) Okhla||S E Drainage Circle Ghaziabad||EE Irrigation Division, Baraut, Baghpat",True,"{'Flood': 0, 'Embankment': 0, 'embkt': 0, 'Relief': 0, 'Erosion': 0, 'SDRF': 0, 'Inundation': 0, 'Hydrology': 0, 'Silt': 1, 'Siltation': 0, 'Bund': 0, 'Trench': 0, 'Breach': 0, 'Culvert': 0, 'Sluice': 0, 'Dyke': 0, 'Storm water drain': 0, 'Emergency': 0, 'Immediate': 0, 'IM': 0, 'AE': 0, 'A E': 0, 'AAPDA MITRA': 0, 'Bridge': 0, 'River': 0, 'Drain': 0, 'Restoration': 0, 'Protection': 0, 'irr': 0, 'irrigation': 0, 'dam': 0, 'Nallah': 0, 'Retrofitting': 0, 'Pond': 0, 'Pokhari': 0, 'D/C': 0, 'Recharge shaft': 0, 'LFB': 0, 'RFB': 0}","{'Floodlight': 0, 'Flood Light': 0, 'GAS': 0, 'FIFA': 0, 'pipe': 0, 'pipes': 0, 'covid': 0, 'supply': 0, 'Beautification': 0, 'Installation': 0}",Post-Monsoon,,False,True,Others,
2024_UPIDC_961920_32,02/E.E./2024-25,Silt Clearance in internal Section of Rajwaha Ramala Dy From Km 0.000 to Km. 12.070,,,,,,,,,,,,,,,,"U P Irrigation Department (Civil)||Chief Engineer ( Yamuna) Okhla||S E Drainage Circle Ghaziabad||EE Irrigation Division, Baraut, Baghpat",,,,,,"353,525",,2024-10-28,"U P Irrigation Department (Civil)||Chief Engineer ( Yamuna) Okhla||S E Drainage Circle Ghaziabad||EE Irrigation Division, Baraut, Baghpat",True,"{'Flood': 0, 'Embankment': 0, 'embkt': 0, 'Relief': 0, 'Erosion': 0, 'SDRF': 0, 'Inundation': 0, 'Hydrology': 0, 'Silt': 1, 'Siltation': 0, 'Bund': 0, 'Trench': 0, 'Breach': 0, 'Culvert': 0, 'Sluice': 0, 'Dyke': 0, 'Storm water drain': 0, 'Emergency': 0, 'Immediate': 0, 'IM': 0, 'AE': 0, 'A E': 0, 'AAPDA MITRA': 0, 'Bridge': 0, 'River': 0, 'Drain': 0, 'Restoration': 0, 'Protection': 0, 'irr': 0, 'irrigation': 0, 'dam': 0, 'Nallah': 0, 'Retrofitting': 0, 'Pond': 0, 'Pokhari': 0, 'D/C': 0, 'Recharge shaft': 0, 'LFB': 0, 'RFB': 0}","{'Floodlight': 0, 'Flood Light': 0, 'GAS': 0, 'FIFA': 0, 'pipe': 0, 'pipes': 0, 'covid': 0, 'supply': 0, 'Beautification': 0, 'Installation': 0}",Post-Monsoon,,False,True,Others,
2024_UPIDC_961920_32,02/E.E./2024-25,Silt Clearance in internal Section of Rajwaha Ramala Dy From Km 0.000 to Km. 12.070,,,,,,,,,,,,,,,,"U P Irrigation Department (Civil)||Chief Engineer ( Yamuna) Okhla||S E Drainage Circle Ghaziabad||EE Irrigation Division, Baraut, Baghpat",,,,,,"353,525",,2024-10-28,"U P Irrigation Department (Civil)||Chief Engineer ( Yamuna) Okhla||S E Drainage Circle Ghaziabad||EE Irrigation Division, Baraut, Baghpat",True,"{'Flood': 0, 'Embankment': 0, 'embkt': 0, 'Relief': 0, 'Erosion': 0, 'SDRF': 0, 'Inundation': 0, 'Hydrology': 0, 'Silt': 1, 'Siltation': 0, 'Bund': 0, 'Trench': 0, 'Breach': 0, 'Culvert': 0, 'Sluice': 0, 'Dyke': 0, 'Storm water drain': 0, 'Emergency': 0, 'Immediate': 0, 'IM': 0, 'AE': 0, 'A E': 0, 'AAPDA MITRA': 0, 'Bridge': 0, 'River': 0, 'Drain': 0, 'Restoration': 0, 'Protection': 0, 'irr': 0, 'irrigation': 0, 'dam': 0, 'Nallah': 0, 'Retrofitting': 0, 'Pond': 0, 'Pokhari': 0, 'D/C': 0, 'Recharge shaft': 0, 'LFB': 0, 'RFB': 0}","{'Floodlight': 0, 'Flood Light': 0, 'GAS': 0, 'FIFA': 0, 'pipe': 0, 'pipes': 0, 'covid': 0, 'supply': 0, 'Beautification': 0, 'Installation': 0}",Post-Monsoon,,False,True,Others,
2024_UPIDC_961920_33,02/E.E./2024-25,Silt Clearance in internal Section of Rajwaha Bijwada Dy From Km 0.000 to Km. 7.140,,,,,,,,,,,,,,,,"U P Irrigation Department (Civil)||Chief Engineer ( Yamuna) Okhla||S E Drainage Circle Ghaziabad||EE Irrigation Division, Baraut, Baghpat",,,,,,"373,190",,2024-10-28,"U P Irrigation Department (Civil)||Chief Engineer ( Yamuna) Okhla||S E Drainage Circle Ghaziabad||EE Irrigation Division, Baraut, Baghpat",True,"{'Flood': 0, 'Embankment': 0, 'embkt': 0, 'Relief': 0, 'Erosion': 0, 'SDRF': 0, 'Inundation': 0, 'Hydrology': 0, 'Silt': 1, 'Siltation': 0, 'Bund': 0, 'Trench': 0, 'Breach': 0, 'Culvert': 0, 'Sluice': 0, 'Dyke': 0, 'Storm water drain': 0, 'Emergency': 0, 'Immediate': 0, 'IM': 0, 'AE': 0, 'A E': 0, 'AAPDA MITRA': 0, 'Bridge': 0, 'River': 0, 'Drain': 0, 'Restoration': 0, 'Protection': 0, 'irr': 0, 'irrigation': 0, 'dam': 0, 'Nallah': 0, 'Retrofitting': 0, 'Pond': 0, 'Pokhari': 0, 'D/C': 0, 'Recharge shaft': 0, 'LFB': 0, 'RFB': 0}","{'Floodlight': 0, 'Flood Light': 0, 'GAS': 0, 'FIFA': 0, 'pipe': 0, 'pipes': 0, 'covid': 0, 'supply': 0, 'Beautification': 0, 'Installation': 0}",Post-Monsoon,,False,True,Others,
2024_UPIDC_961920_32,02/E.E./2024-25,Silt Clearance in internal Section of Rajwaha Ramala Dy From Km 0.000 to Km. 12.070,,,,,,,,,,,,,,,,"U P Irrigation Department (Civil)||Chief Engineer ( Yamuna) Okhla||S E Drainage Circle Ghaziabad||EE Irrigation Division, Baraut, Baghpat",,,,,,"353,525",,2024-10-28,"U P Irrigation Department (Civil)||Chief Engineer ( Yamuna) Okhla||S E Drainage Circle Ghaziabad||EE Irrigation Division, Baraut, Baghpat",True,"{'Flood': 0, 'Embankment': 0, 'embkt': 0, 'Relief': 0, 'Erosion': 0, 'SDRF': 0, 'Inundation': 0, 'Hydrology': 0, 'Silt': 1, 'Siltation': 0, 'Bund': 0, 'Trench': 0, 'Breach': 0, 'Culvert': 0, 'Sluice': 0, 'Dyke': 0, 'Storm water drain': 0, 'Emergency': 0, 'Immediate': 0, 'IM': 0, 'AE': 0, 'A E': 0, 'AAPDA MITRA': 0, 'Bridge': 0, 'River': 0, 'Drain': 0, 'Restoration': 0, 'Protection': 0, 'irr': 0, 'irrigation': 0, 'dam': 0, 'Nallah': 0, 'Retrofitting': 0, 'Pond': 0, 'Pokhari': 0, 'D/C': 0, 'Recharge shaft': 0, 'LFB': 0, 'RFB': 0}","{'Floodlight': 0, 'Flood Light': 0, 'GAS': 0, 'FIFA': 0, 'pipe': 0, 'pipes': 0, 'covid': 0, 'supply': 0, 'Beautification': 0, 'Installation': 0}",Post-Monsoon,,False,True,Others,
2024_UPIDC_961920_12,02/E.E./2024-25,Silt Clearance in internal Section of Biharipur Dy From Km 0.000 to Km. 11.500,,,,,,,,,,,,,,,,"U P Irrigation Department (Civil)||Chief Engineer ( Yamuna) Okhla||S E Drainage Circle Ghaziabad||EE Irrigation Division, Baraut, Baghpat",,,,,,"253,325",,2024-10-28,"U P Irrigation Department (Civil)||Chief Engineer ( Yamuna) Okhla||S E Drainage Circle Ghaziabad||EE Irrigation Division, Baraut, Baghpat",True,"{'Flood': 0, 'Embankment': 0, 'embkt': 0, 'Relief': 0, 'Erosion': 0, 'SDRF': 0, 'Inundation': 0, 'Hydrology': 0, 'Silt': 1, 'Siltation': 0, 'Bund': 0, 'Trench': 0, 'Breach': 0, 'Culvert': 0, 'Sluice': 0, 'Dyke': 0, 'Storm water drain': 0, 'Emergency': 0, 'Immediate': 0, 'IM': 0, 'AE': 0, 'A E': 0, 'AAPDA MITRA': 0, 'Bridge': 0, 'River': 0, 'Drain': 0, 'Restoration': 0, 'Protection': 0, 'irr': 0, 'irrigation': 0, 'dam': 0, 'Nallah': 0, 'Retrofitting': 0, 'Pond': 0, 'Pokhari': 0, 'D/C': 0, 'Recharge shaft': 0, 'LFB': 0, 'RFB': 0}","{'Floodlight': 0, 'Flood Light': 0, 'GAS': 0, 'FIFA': 0, 'pipe': 0, 'pipes': 0, 'covid': 0, 'supply': 0, 'Beautification': 0, 'Installation': 0}",Post-Monsoon,,False,True,Others,
2024_UPIDC_961920_13,02/E.E./2024-25,Silt Clearance in internal Section of Khekhra Dy From Km 0.000 to Km. 12.800,,,,,,,,,,,,,,,,"U P Irrigation Department (Civil)||Chief Engineer ( Yamuna) Okhla||S E Drainage Circle Ghaziabad||EE Irrigation Division, Baraut, Baghpat",,,,,,"490,636.5",,2024-10-28,"U P Irrigation Department (Civil)||Chief Engineer ( Yamuna) Okhla||S E Drainage Circle Ghaziabad||EE Irrigation Division, Baraut, Baghpat",True,"{'Flood': 0, 'Embankment': 0, 'embkt': 0, 'Relief': 0, 'Erosion': 0, 'SDRF': 0, 'Inundation': 0, 'Hydrology': 0, 'Silt': 1, 'Siltation': 0, 'Bund': 0, 'Trench': 0, 'Breach': 0, 'Culvert': 0, 'Sluice': 0, 'Dyke': 0, 'Storm water drain': 0, 'Emergency': 0, 'Immediate': 0, 'IM': 0, 'AE': 0, 'A E': 0, 'AAPDA MITRA': 0, 'Bridge': 0, 'River': 0, 'Drain': 0, 'Restoration': 0, 'Protection': 0, 'irr': 0, 'irrigation': 0, 'dam': 0, 'Nallah': 0, 'Retrofitting': 0, 'Pond': 0, 'Pokhari': 0, 'D/C': 0, 'Recharge shaft': 0, 'LFB': 0, 'RFB': 0}","{'Floodlight': 0, 'Flood Light': 0, 'GAS': 0, 'FIFA': 0, 'pipe': 0, 'pipes': 0, 'covid': 0, 'supply': 0, 'Beautification': 0, 'Installation': 0}",Post-Monsoon,,False,True,Others,
2024_UPIDC_961920_15,02/E.E./2024-25,Silt Clearance in internal Section of Ahera Mr. From Km 0.000 to Km. 10.000,,,,,,,,,,,,,,,,"U P Irrigation Department (Civil)||Chief Engineer ( Yamuna) Okhla||S E Drainage Circle Ghaziabad||EE Irrigation Division, Baraut, Baghpat",,,,,,"299,250",,2024-10-28,"U P Irrigation Department (Civil)||Chief Engineer ( Yamuna) Okhla||S E Drainage Circle Ghaziabad||EE Irrigation Division, Baraut, Baghpat",True,"{'Flood': 0, 'Embankment': 0, 'embkt': 0, 'Relief': 0, 'Erosion': 0, 'SDRF': 0, 'Inundation': 0, 'Hydrology': 0, 'Silt': 1, 'Siltation': 0, 'Bund': 0, 'Trench': 0, 'Breach': 0, 'Culvert': 0, 'Sluice': 0, 'Dyke': 0, 'Storm water drain': 0, 'Emergency': 0, 'Immediate': 0, 'IM': 0, 'AE': 0, 'A E': 0, 'AAPDA MITRA': 0, 'Bridge': 0, 'River': 0, 'Drain': 0, 'Restoration': 0, 'Protection': 0, 'irr': 0, 'irrigation': 0, 'dam': 0, 'Nallah': 0, 'Retrofitting': 0, 'Pond': 0, 'Pokhari': 0, 'D/C': 0, 'Recharge shaft': 0, 'LFB': 0, 'RFB': 0}","{'Floodlight': 0, 'Flood Light': 0, 'GAS': 0, 'FIFA': 0, 'pipe': 0, 'pipes': 0, 'covid': 0, 'supply': 0, 'Beautification': 0, 'Installation': 0}",Post-Monsoon,,False,True,Repair and Restoration,{'mr': 1}
2024_UPIDC_961920_15,02/E.E./2024-25,Silt Clearance in internal Section of Ahera Mr. From Km 0.000 to Km. 10.000,,,,,,,,,,,,,,,,"U P Irrigation Department (Civil)||Chief Engineer ( Yamuna) Okhla||S E Drainage Circle Ghaziabad||EE Irrigation Division, Baraut, Baghpat",,,,,,"299,250",,2024-10-28,"U P Irrigation Department (Civil)||Chief Engineer ( Yamuna) Okhla||S E Drainage Circle Ghaziabad||EE Irrigation Division, Baraut, Baghpat",True,"{'Flood': 0, 'Embankment': 0, 'embkt': 0, 'Relief': 0, 'Erosion': 0, 'SDRF': 0, 'Inundation': 0, 'Hydrology': 0, 'Silt': 1, 'Siltation': 0, 'Bund': 0, 'Trench': 0, 'Breach': 0, 'Culvert': 0, 'Sluice': 0, 'Dyke': 0, 'Storm water drain': 0, 'Emergency': 0, 'Immediate': 0, 'IM': 0, 'AE': 0, 'A E': 0, 'AAPDA MITRA': 0, 'Bridge': 0, 'River': 0, 'Drain': 0, 'Restoration': 0, 'Protection': 0, 'irr': 0, 'irrigation': 0, 'dam': 0, 'Nallah': 0, 'Retrofitting': 0, 'Pond': 0, 'Pokhari': 0, 'D/C': 0, 'Recharge shaft': 0, 'LFB': 0, 'RFB': 0}","{'Floodlight': 0, 'Flood Light': 0, 'GAS': 0, 'FIFA': 0, 'pipe': 0, 'pipes': 0, 'covid': 0, 'supply': 0, 'Beautification': 0, 'Installation': 0}",Post-Monsoon,,False,True,Repair and Restoration,{'mr': 1}
2024_UPIDC_961920_17,02/E.E./2024-25,Silt Clearance in internal Section of Meerapur Dy. From Km 0.000 to Km. 5.500,,,,,,,,,,,,,,,,"U P Irrigation Department (Civil)||Chief Engineer ( Yamuna) Okhla||S E Drainage Circle Ghaziabad||EE Irrigation Division, Baraut, Baghpat",,,,,,"419,089.65",,2024-10-28,"U P Irrigation Department (Civil)||Chief Engineer ( Yamuna) Okhla||S E Drainage Circle Ghaziabad||EE Irrigation Division, Baraut, Baghpat",True,"{'Flood': 0, 'Embankment': 0, 'embkt': 0, 'Relief': 0, 'Erosion': 0, 'SDRF': 0, 'Inundation': 0, 'Hydrology': 0, 'Silt': 1, 'Siltation': 0, 'Bund': 0, 'Trench': 0, 'Breach': 0, 'Culvert': 0, 'Sluice': 0, 'Dyke': 0, 'Storm water drain': 0, 'Emergency': 0, 'Immediate': 0, 'IM': 0, 'AE': 0, 'A E': 0, 'AAPDA MITRA': 0, 'Bridge': 0, 'River': 0, 'Drain': 0, 'Restoration': 0, 'Protection': 0, 'irr': 0, 'irrigation': 0, 'dam': 0, 'Nallah': 0, 'Retrofitting': 0, 'Pond': 0, 'Pokhari': 0, 'D/C': 0, 'Recharge shaft': 0, 'LFB': 0, 'RFB': 0}","{'Floodlight': 0, 'Flood Light': 0, 'GAS': 0, 'FIFA': 0, 'pipe': 0, 'pipes': 0, 'covid': 0, 'supply': 0, 'Beautification': 0, 'Installation': 0}",Post-Monsoon,,False,True,Others,
2024_UPIDC_961920_18,02/E.E./2024-25,Silt Clearance in internal Section of Baduli Dy. From Km 0.000 to Km. 5.000,,,,,,,,,,,,,,,,"U P Irrigation Department (Civil)||Chief Engineer ( Yamuna) Okhla||S E Drainage Circle Ghaziabad||EE Irrigation Division, Baraut, Baghpat",,,,,,"248,537.5",,2024-10-28,"U P Irrigation Department (Civil)||Chief Engineer ( Yamuna) Okhla||S E Drainage Circle Ghaziabad||EE Irrigation Division, Baraut, Baghpat",True,"{'Flood': 0, 'Embankment': 0, 'embkt': 0, 'Relief': 0, 'Erosion': 0, 'SDRF': 0, 'Inundation': 0, 'Hydrology': 0, 'Silt': 1, 'Siltation': 0, 'Bund': 0, 'Trench': 0, 'Breach': 0, 'Culvert': 0, 'Sluice': 0, 'Dyke': 0, 'Storm water drain': 0, 'Emergency': 0, 'Immediate': 0, 'IM': 0, 'AE': 0, 'A E': 0, 'AAPDA MITRA': 0, 'Bridge': 0, 'River': 0, 'Drain': 0, 'Restoration': 0, 'Protection': 0, 'irr': 0, 'irrigation': 0, 'dam': 0, 'Nallah': 0, 'Retrofitting': 0, 'Pond': 0, 'Pokhari': 0, 'D/C': 0, 'Recharge shaft': 0, 'LFB': 0, 'RFB': 0}","{'Floodlight': 0, 'Flood Light': 0, 'GAS': 0, 'FIFA': 0, 'pipe': 0, 'pipes': 0, 'covid': 0, 'supply': 0, 'Beautification': 0, 'Installation': 0}",Post-Monsoon,,False,True,Others,
2024_UPIDC_961920_19,02/E.E./2024-25,Silt Clearance in internal Section of Baduli Dy. From Km 5.050 to Km. 11.500,,,,,,,,,,,,,,,,"U P Irrigation Department (Civil)||Chief Engineer ( Yamuna) Okhla||S E Drainage Circle Ghaziabad||EE Irrigation Division, Baraut, Baghpat",,,,,,"192,325",,2024-10-28,"U P Irrigation Department (Civil)||Chief Engineer ( Yamuna) Okhla||S E Drainage Circle Ghaziabad||EE Irrigation Division, Baraut, Baghpat",True,"{'Flood': 0, 'Embankment': 0, 'embkt': 0, 'Relief': 0, 'Erosion': 0, 'SDRF': 0, 'Inundation': 0, 'Hydrology': 0, 'Silt': 1, 'Siltation': 0, 'Bund': 0, 'Trench': 0, 'Breach': 0, 'Culvert': 0, 'Sluice': 0, 'Dyke': 0, 'Storm water drain': 0, 'Emergency': 0, 'Immediate': 0, 'IM': 0, 'AE': 0, 'A E': 0, 'AAPDA MITRA': 0, 'Bridge': 0, 'River': 0, 'Drain': 0, 'Restoration': 0, 'Protection': 0, 'irr': 0, 'irrigation': 0, 'dam': 0, 'Nallah': 0, 'Retrofitting': 0, 'Pond': 0, 'Pokhari': 0, 'D/C': 0, 'Recharge shaft': 0, 'LFB': 0, 'RFB': 0}","{'Floodlight': 0, 'Flood Light': 0, 'GAS': 0, 'FIFA': 0, 'pipe': 0, 'pipes': 0, 'covid': 0, 'supply': 0, 'Beautification': 0, 'Installation': 0}",Post-Monsoon,,False,True,Others,
2024_UPIDC_961920_20,02/E.E./2024-25,Silt Clearance in internal Section of Firozpur Dy. From Km 0.00 to Km. 8.547,,,,,,,,,,,,,,,,"U P Irrigation Department (Civil)||Chief Engineer ( Yamuna) Okhla||S E Drainage Circle Ghaziabad||EE Irrigation Division, Baraut, Baghpat",,,,,,"296,250",,2024-10-28,"U P Irrigation Department (Civil)||Chief Engineer ( Yamuna) Okhla||S E Drainage Circle Ghaziabad||EE Irrigation Division, Baraut, Baghpat",True,"{'Flood': 0, 'Embankment': 0, 'embkt': 0, 'Relief': 0, 'Erosion': 0, 'SDRF': 0, 'Inundation': 0, 'Hydrology': 0, 'Silt': 1, 'Siltation': 0, 'Bund': 0, 'Trench': 0, 'Breach': 0, 'Culvert': 0, 'Sluice': 0, 'Dyke': 0, 'Storm water drain': 0, 'Emergency': 0, 'Immediate': 0, 'IM': 0, 'AE': 0, 'A E': 0, 'AAPDA MITRA': 0, 'Bridge': 0, 'River': 0, 'Drain': 0, 'Restoration': 0, 'Protection': 0, 'irr': 0, 'irrigation': 0, 'dam': 0, 'Nallah': 0, 'Retrofitting': 0, 'Pond': 0, 'Pokhari': 0, 'D/C': 0, 'Recharge shaft': 0, 'LFB': 0, 'RFB': 0}","{'Floodlight': 0, 'Flood Light': 0, 'GAS': 0, 'FIFA': 0, 'pipe': 0, 'pipes': 0, 'covid': 0, 'supply': 0, 'Beautification': 0, 'Installation': 0}",Post-Monsoon,,False,True,Others,
2024_UPIDC_961920_21,02/E.E./2024-25,Silt Clearance in internal Section of Sarauli Dy. From Km 0.00 to Km. 12.190,,,,,,,,,,,,,,,,"U P Irrigation Department (Civil)||Chief Engineer ( Yamuna) Okhla||S E Drainage Circle Ghaziabad||EE Irrigation Division, Baraut, Baghpat",,,,,,"594,062.3",,2024-10-28,"U P Irrigation Department (Civil)||Chief Engineer ( Yamuna) Okhla||S E Drainage Circle Ghaziabad||EE Irrigation Division, Baraut, Baghpat",True,"{'Flood': 0, 'Embankment': 0, 'embkt': 0, 'Relief': 0, 'Erosion': 0, 'SDRF': 0, 'Inundation': 0, 'Hydrology': 0, 'Silt': 1, 'Siltation': 0, 'Bund': 0, 'Trench': 0, 'Breach': 0, 'Culvert': 0, 'Sluice': 0, 'Dyke': 0, 'Storm water drain': 0, 'Emergency': 0, 'Immediate': 0, 'IM': 0, 'AE': 0, 'A E': 0, 'AAPDA MITRA': 0, 'Bridge': 0, 'River': 0, 'Drain': 0, 'Restoration': 0, 'Protection': 0, 'irr': 0, 'irrigation': 0, 'dam': 0, 'Nallah': 0, 'Retrofitting': 0, 'Pond': 0, 'Pokhari': 0, 'D/C': 0, 'Recharge shaft': 0, 'LFB': 0, 'RFB': 0}","{'Floodlight': 0, 'Flood Light': 0, 'GAS': 0, 'FIFA': 0, 'pipe': 0, 'pipes': 0, 'covid': 0, 'supply': 0, 'Beautification': 0, 'Installation': 0}",Post-Monsoon,,False,True,Others,
2024_UPIDC_961920_2,02/E.E./2024-25,Silt Clearance in internal Section of Rajwaha Nala Dy From Km 9.200 to Km. 21.450,,,,,,,,,,,,,,,,"U P Irrigation Department (Civil)||Chief Engineer ( Yamuna) Okhla||S E Drainage Circle Ghaziabad||EE Irrigation Division, Baraut, Baghpat",,,,,,"391,296",,2024-10-28,"U P Irrigation Department (Civil)||Chief Engineer ( Yamuna) Okhla||S E Drainage Circle Ghaziabad||EE Irrigation Division, Baraut, Baghpat",True,"{'Flood': 0, 'Embankment': 0, 'embkt': 0, 'Relief': 0, 'Erosion': 0, 'SDRF': 0, 'Inundation': 0, 'Hydrology': 0, 'Silt': 1, 'Siltation': 0, 'Bund': 0, 'Trench': 0, 'Breach': 0, 'Culvert': 0, 'Sluice': 0, 'Dyke': 0, 'Storm water drain': 0, 'Emergency': 0, 'Immediate': 0, 'IM': 0, 'AE': 0, 'A E': 0, 'AAPDA MITRA': 0, 'Bridge': 0, 'River': 0, 'Drain': 0, 'Restoration': 0, 'Protection': 0, 'irr': 0, 'irrigation': 0, 'dam': 0, 'Nallah': 0, 'Retrofitting': 0, 'Pond': 0, 'Pokhari': 0, 'D/C': 0, 'Recharge shaft': 0, 'LFB': 0, 'RFB': 0}","{'Floodlight': 0, 'Flood Light': 0, 'GAS': 0, 'FIFA': 0, 'pipe': 0, 'pipes': 0, 'covid': 0, 'supply': 0, 'Beautification': 0, 'Installation': 0}",Post-Monsoon,,False,True,Others,
2024_CEDPW_963752_1,2490/2A Dated 27-09-2024,Errection and Dismantling of Pantoon Bridge situated on Maniharighat in 2024-25,,,,,,,,,,,,,,,,Chief Engineer Devipatan (Gonda) Zone PWD Gonda||SE Gonda Circle PWD Gonda||EE Construction Division-2 PWD Gonda,,,,,,"427,107",,2024-10-24,Chief Engineer Devipatan (Gonda) Zone PWD Gonda||SE Gonda Circle PWD Gonda||EE Construction Division-2 PWD Gonda,True,"{'Flood': 0, 'Embankment': 0, 'embkt': 0, 'Relief': 0, 'Erosion': 0, 'SDRF': 0, 'Inundation': 0, 'Hydrology': 0, 'Silt': 0, 'Siltation': 0, 'Bund': 0, 'Trench': 0, 'Breach': 0, 'Culvert': 0, 'Sluice': 0, 'Dyke': 0, 'Storm water drain': 0, 'Emergency': 0, 'Immediate': 0, 'IM': 0, 'AE': 0, 'A E': 0, 'AAPDA MITRA': 0, 'Bridge': 1, 'River': 0, 'Drain': 0, 'Restoration': 0, 'Protection': 0, 'irr': 0, 'irrigation': 0, 'dam': 0, 'Nallah': 0, 'Retrofitting': 0, 'Pond': 0, 'Pokhari': 0, 'D/C': 0, 'Recharge shaft': 0, 'LFB': 0, 'RFB': 0}","{'Floodlight': 0, 'Flood Light': 0, 'GAS': 0, 'FIFA': 0, 'pipe': 0, 'pipes': 0, 'covid': 0, 'supply': 0, 'Beautification': 0, 'Installation': 0}",Post-Monsoon,,False,True,Repair and Restoration,{'Bridge': 1}
2024_CEDPW_963752_1,2490/2A Dated 27-09-2024,Errection and Dismantling of Pantoon Bridge situated on Maniharighat in 2024-25,,,,,,,,,,,,,,,,Chief Engineer Devipatan (Gonda) Zone PWD Gonda||SE Gonda Circle PWD Gonda||EE Construction Division-2 PWD Gonda,,,,,,"427,107",,2024-10-24,Chief Engineer Devipatan (Gonda) Zone PWD Gonda||SE Gonda Circle PWD Gonda||EE Construction Division-2 PWD Gonda,True,"{'Flood': 0, 'Embankment': 0, 'embkt': 0, 'Relief': 0, 'Erosion': 0, 'SDRF': 0, 'Inundation': 0, 'Hydrology': 0, 'Silt': 0, 'Siltation': 0, 'Bund': 0, 'Trench': 0, 'Breach': 0, 'Culvert': 0, 'Sluice': 0, 'Dyke': 0, 'Storm water drain': 0, 'Emergency': 0, 'Immediate': 0, 'IM': 0, 'AE': 0, 'A E': 0, 'AAPDA MITRA': 0, 'Bridge': 1, 'River': 0, 'Drain': 0, 'Restoration': 0, 'Protection': 0, 'irr': 0, 'irrigation': 0, 'dam': 0, 'Nallah': 0, 'Retrofitting': 0, 'Pond': 0, 'Pokhari': 0, 'D/C': 0, 'Recharge shaft': 0, 'LFB': 0, 'RFB': 0}","{'Floodlight': 0, 'Flood Light': 0, 'GAS': 0, 'FIFA': 0, 'pipe': 0, 'pipes': 0, 'covid': 0, 'supply': 0, 'Beautification': 0, 'Installation': 0}",Post-Monsoon,,False,True,Repair and Restoration,{'Bridge': 1}
2024_CEDPW_943722_1,2304/98Com-Gonda Circle/24-25 Dt. 27.7.24,Construction of 3x18 Miter Span Minor Bridge in Manwar River  Uttroulla Faizabad Allahabad Marg SH 09 Km 34 Under Rajya Yojna,,,,,,,,,,,,,,,,Chief Engineer Devipatan (Gonda) Zone PWD Gonda||SE Gonda Circle PWD Gonda,,,,,,"36,537,059",,2024-10-29,Chief Engineer Devipatan (Gonda) Zone PWD Gonda||SE Gonda Circle PWD Gonda,True,"{'Flood': 0, 'Embankment': 0, 'embkt': 0, 'Relief': 0, 'Erosion': 0, 'SDRF': 0, 'Inundation': 0, 'Hydrology': 0, 'Silt': 0, 'Siltation': 0, 'Bund': 0, 'Trench': 0, 'Breach': 0, 'Culvert': 0, 'Sluice': 0, 'Dyke': 0, 'Storm water drain': 0, 'Emergency': 0, 'Immediate': 0, 'IM': 0, 'AE': 0, 'A E': 0, 'AAPDA MITRA': 0, 'Bridge': 1, 'River': 1, 'Drain': 0, 'Restoration': 0, 'Protection': 0, 'irr': 0, 'irrigation': 0, 'dam': 0, 'Nallah': 0, 'Retrofitting': 0, 'Pond': 0, 'Pokhari': 0, 'D/C': 0, 'Recharge shaft': 0, 'LFB': 0, 'RFB': 0}","{'Floodlight': 0, 'Flood Light': 0, 'GAS': 0, 'FIFA': 0, 'pipe': 0, 'pipes': 0, 'covid': 0, 'supply': 0, 'Beautification': 0, 'Installation': 0}",Post-Monsoon,,False,True,Repair and Restoration,"{'Construction': 1, 'Bridge': 1}"
2024_UPIDC_961919_2,E-Tender Notice No06/EE/2024-25,Sharda mukhya Nahar ke Dye Bank per D-Pond ki Sadak ke Navinikaran ke karan.,,,,,,,,,,,,,,,,"U P Irrigation Department (Civil)||Chief Engineer-Sharda, Lucknow||V Circle Irrigation Works, Bareilly||HWDSC, bareilly",,,,,,"2,367,579.4",,2024-10-21,"U P Irrigation Department (Civil)||Chief Engineer-Sharda, Lucknow||V Circle Irrigation Works, Bareilly||HWDSC, bareilly",True,"{'Flood': 0, 'Embankment': 0, 'embkt': 0, 'Relief': 0, 'Erosion': 0, 'SDRF': 0, 'Inundation': 0, 'Hydrology': 0, 'Silt': 0, 'Siltation': 0, 'Bund': 0, 'Trench': 0, 'Breach': 0, 'Culvert': 0, 'Sluice': 0, 'Dyke': 0, 'Storm water drain': 0, 'Emergency': 0, 'Immediate': 0, 'IM': 0, 'AE': 0, 'A E': 0, 'AAPDA MITRA': 0, 'Bridge': 0, 'River': 0, 'Drain': 0, 'Restoration': 0, 'Protection': 0, 'irr': 0, 'irrigation': 0, 'dam': 0, 'Nallah': 0, 'Retrofitting': 0, 'Pond': 1, 'Pokhari': 0, 'D/C': 0, 'Recharge shaft': 0, 'LFB': 0, 'RFB': 0}","{'Floodlight': 0, 'Flood Light': 0, 'GAS': 0, 'FIFA': 0, 'pipe': 0, 'pipes': 0, 'covid': 0, 'supply': 0, 'Beautification': 0, 'Installation': 0}",Post-Monsoon,,False,False,Preparedness Measures,{'per': 1}
2024_UPIDC_961919_2,E-Tender Notice No06/EE/2024-25,Sharda mukhya Nahar ke Dye Bank per D-Pond ki Sadak ke Navinikaran ke karan.,,,,,,,,,,,,,,,,"U P Irrigation Department (Civil)||Chief Engineer-Sharda, Lucknow||V Circle Irrigation Works, Bareilly||HWDSC, bareilly",,,,,,"2,367,579.4",,2024-10-21,"U P Irrigation Department (Civil)||Chief Engineer-Sharda, Lucknow||V Circle Irrigation Works, Bareilly||HWDSC, bareilly",True,"{'Flood': 0, 'Embankment': 0, 'embkt': 0, 'Relief': 0, 'Erosion': 0, 'SDRF': 0, 'Inundation': 0, 'Hydrology': 0, 'Silt': 0, 'Siltation': 0, 'Bund': 0, 'Trench': 0, 'Breach': 0, 'Culvert': 0, 'Sluice': 0, 'Dyke': 0, 'Storm water drain': 0, 'Emergency': 0, 'Immediate': 0, 'IM': 0, 'AE': 0, 'A E': 0, 'AAPDA MITRA': 0, 'Bridge': 0, 'River': 0, 'Drain': 0, 'Restoration': 0, 'Protection': 0, 'irr': 0, 'irrigation': 0, 'dam': 0, 'Nallah': 0, 'Retrofitting': 0, 'Pond': 1, 'Pokhari': 0, 'D/C': 0, 'Recharge shaft': 0, 'LFB': 0, 'RFB': 0}","{'Floodlight': 0, 'Flood Light': 0, 'GAS': 0, 'FIFA': 0, 'pipe': 0, 'pipes': 0, 'covid': 0, 'supply': 0, 'Beautification': 0, 'Installation': 0}",Post-Monsoon,,False,False,Preparedness Measures,{'per': 1}
2024_UPIDC_961919_2,E-Tender Notice No06/EE/2024-25,Sharda mukhya Nahar ke Dye Bank per D-Pond ki Sadak ke Navinikaran ke karan.,,,,,,,,,,,,,,,,"U P Irrigation Department (Civil)||Chief Engineer-Sharda, Lucknow||V Circle Irrigation Works, Bareilly||HWDSC, bareilly",,,,,,"2,367,579.4",,2024-10-21,"U P Irrigation Department (Civil)||Chief Engineer-Sharda, Lucknow||V Circle Irrigation Works, Bareilly||HWDSC, bareilly",True,"{'Flood': 0, 'Embankment': 0, 'embkt': 0, 'Relief': 0, 'Erosion': 0, 'SDRF': 0, 'Inundation': 0, 'Hydrology': 0, 'Silt': 0, 'Siltation': 0, 'Bund': 0, 'Trench': 0, 'Breach': 0, 'Culvert': 0, 'Sluice': 0, 'Dyke': 0, 'Storm water drain': 0, 'Emergency': 0, 'Immediate': 0, 'IM': 0, 'AE': 0, 'A E': 0, 'AAPDA MITRA': 0, 'Bridge': 0, 'River': 0, 'Drain': 0, 'Restoration': 0, 'Protection': 0, 'irr': 0, 'irrigation': 0, 'dam': 0, 'Nallah': 0, 'Retrofitting': 0, 'Pond': 1, 'Pokhari': 0, 'D/C': 0, 'Recharge shaft': 0, 'LFB': 0, 'RFB': 0}","{'Floodlight': 0, 'Flood Light': 0, 'GAS': 0, 'FIFA': 0, 'pipe': 0, 'pipes': 0, 'covid': 0, 'supply': 0, 'Beautification': 0, 'Installation': 0}",Post-Monsoon,,False,False,Preparedness Measures,{'per': 1}
2024_UPIDC_961920_10,02/E.E./2024-25,Silt Clearance in internal Section of Minor Luhari Dy From Km 0.000 to Km. 8.650,,,,,,,,,,,,,,,,"U P Irrigation Department (Civil)||Chief Engineer ( Yamuna) Okhla||S E Drainage Circle Ghaziabad||EE Irrigation Division, Baraut, Baghpat",,,,,,"168,975",,2024-10-28,"U P Irrigation Department (Civil)||Chief Engineer ( Yamuna) Okhla||S E Drainage Circle Ghaziabad||EE Irrigation Division, Baraut, Baghpat",True,"{'Flood': 0, 'Embankment': 0, 'embkt': 0, 'Relief': 0, 'Erosion': 0, 'SDRF': 0, 'Inundation': 0, 'Hydrology': 0, 'Silt': 1, 'Siltation': 0, 'Bund': 0, 'Trench': 0, 'Breach': 0, 'Culvert': 0, 'Sluice': 0, 'Dyke': 0, 'Storm water drain': 0, 'Emergency': 0, 'Immediate': 0, 'IM': 0, 'AE': 0, 'A E': 0, 'AAPDA MITRA': 0, 'Bridge': 0, 'River': 0, 'Drain': 0, 'Restoration': 0, 'Protection': 0, 'irr': 0, 'irrigation': 0, 'dam': 0, 'Nallah': 0, 'Retrofitting': 0, 'Pond': 0, 'Pokhari': 0, 'D/C': 0, 'Recharge shaft': 0, 'LFB': 0, 'RFB': 0}","{'Floodlight': 0, 'Flood Light': 0, 'GAS': 0, 'FIFA': 0, 'pipe': 0, 'pipes': 0, 'covid': 0, 'supply': 0, 'Beautification': 0, 'Installation': 0}",Post-Monsoon,,False,True,Others,
2024_UPIDC_961920_11,02/E.E./2024-25,Silt Clearance in internal Section of Meerapur  Dy From Km 5.650 to Km. 22.500,,,,,,,,,,,,,,,,"U P Irrigation Department (Civil)||Chief Engineer ( Yamuna) Okhla||S E Drainage Circle Ghaziabad||EE Irrigation Division, Baraut, Baghpat",,,,,,"324,000",,2024-10-28,"U P Irrigation Department (Civil)||Chief Engineer ( Yamuna) Okhla||S E Drainage Circle Ghaziabad||EE Irrigation Division, Baraut, Baghpat",True,"{'Flood': 0, 'Embankment': 0, 'embkt': 0, 'Relief': 0, 'Erosion': 0, 'SDRF': 0, 'Inundation': 0, 'Hydrology': 0, 'Silt': 1, 'Siltation': 0, 'Bund': 0, 'Trench': 0, 'Breach': 0, 'Culvert': 0, 'Sluice': 0, 'Dyke': 0, 'Storm water drain': 0, 'Emergency': 0, 'Immediate': 0, 'IM': 0, 'AE': 0, 'A E': 0, 'AAPDA MITRA': 0, 'Bridge': 0, 'River': 0, 'Drain': 0, 'Restoration': 0, 'Protection': 0, 'irr': 0, 'irrigation': 0, 'dam': 0, 'Nallah': 0, 'Retrofitting': 0, 'Pond': 0, 'Pokhari': 0, 'D/C': 0, 'Recharge shaft': 0, 'LFB': 0, 'RFB': 0}","{'Floodlight': 0, 'Flood Light': 0, 'GAS': 0, 'FIFA': 0, 'pipe': 0, 'pipes': 0, 'covid': 0, 'supply': 0, 'Beautification': 0, 'Installation': 0}",Post-Monsoon,,False,True,Others,
2024_UPIDC_961920_1,02/E.E./2024-25,Silt Clearance in internal Section of Rajwaha Nala Dy From Km 0.000 to Km. 9.150,,,,,,,,,,,,,,,,"U P Irrigation Department (Civil)||Chief Engineer ( Yamuna) Okhla||S E Drainage Circle Ghaziabad||EE Irrigation Division, Baraut, Baghpat",,,,,,"409,696",,2024-10-28,"U P Irrigation Department (Civil)||Chief Engineer ( Yamuna) Okhla||S E Drainage Circle Ghaziabad||EE Irrigation Division, Baraut, Baghpat",True,"{'Flood': 0, 'Embankment': 0, 'embkt': 0, 'Relief': 0, 'Erosion': 0, 'SDRF': 0, 'Inundation': 0, 'Hydrology': 0, 'Silt': 1, 'Siltation': 0, 'Bund': 0, 'Trench': 0, 'Breach': 0, 'Culvert': 0, 'Sluice': 0, 'Dyke': 0, 'Storm water drain': 0, 'Emergency': 0, 'Immediate': 0, 'IM': 0, 'AE': 0, 'A E': 0, 'AAPDA MITRA': 0, 'Bridge': 0, 'River': 0, 'Drain': 0, 'Restoration': 0, 'Protection': 0, 'irr': 0, 'irrigation': 0, 'dam': 0, 'Nallah': 0, 'Retrofitting': 0, 'Pond': 0, 'Pokhari': 0, 'D/C': 0, 'Recharge shaft': 0, 'LFB': 0, 'RFB': 0}","{'Floodlight': 0, 'Flood Light': 0, 'GAS': 0, 'FIFA': 0, 'pipe': 0, 'pipes': 0, 'covid': 0, 'supply': 0, 'Beautification': 0, 'Installation': 0}",Post-Monsoon,,False,True,Others,
2024_CEBLY_946410_5,1446/31a date 20.07.2024,OPRATING OF BOATIN MONSOON AT DHANARAGHAT ON SHARDA RIVER UNDER FINANCIAL YEAR 2024-25 IN DISTRICT PILIBHIT,,,,,,,,,,,,,,,,Cheif Engineer Bareilly Zone PWD Bareilly||SE BADAUN-PILIBHIT CIRCLE PWD BAREILLY||EE PROVINCIAL DIVISION PWD PILIBHIT,,,,,,"1,549,194",,2024-10-09,Cheif Engineer Bareilly Zone PWD Bareilly||SE BADAUN-PILIBHIT CIRCLE PWD BAREILLY||EE PROVINCIAL DIVISION PWD PILIBHIT,True,"{'Flood': 0, 'Embankment': 0, 'embkt': 0, 'Relief': 0, 'Erosion': 0, 'SDRF': 0, 'Inundation': 0, 'Hydrology': 0, 'Silt': 0, 'Siltation': 0, 'Bund': 0, 'Trench': 0, 'Breach': 0, 'Culvert': 0, 'Sluice': 0, 'Dyke': 0, 'Storm water drain': 0, 'Emergency': 0, 'Immediate': 0, 'IM': 0, 'AE': 0, 'A E': 0, 'AAPDA MITRA': 0, 'Bridge': 0, 'River': 1, 'Drain': 0, 'Restoration': 0, 'Protection': 0, 'irr': 0, 'irrigation': 0, 'dam': 0, 'Nallah': 0, 'Retrofitting': 0, 'Pond': 0, 'Pokhari': 0, 'D/C': 0, 'Recharge shaft': 0, 'LFB': 0, 'RFB': 0}","{'Floodlight': 0, 'Flood Light': 0, 'GAS': 0, 'FIFA': 0, 'pipe': 0, 'pipes': 0, 'covid': 0, 'supply': 0, 'Beautification': 0, 'Installation': 0}",Post-Monsoon,,False,False,Others,
2024_UPIDC_961788_10,04/EE/2024-25,Silt Clearance/Correcting Internal Section of Lodhipur Distributary from km. 0.000 to 10.860 (Rabi Fasli 1432) Year 2024-25,,,,,,,,,,,,,,,,"U P Irrigation Department (Civil)||Chief Engineer-Eastern Ganga, Moradabad||EGCC Circle, Bijnore||EGCD-6, nazibabad",,,,,,"401,800",,2024-10-26,"U P Irrigation Department (Civil)||Chief Engineer-Eastern Ganga, Moradabad||EGCC Circle, Bijnore||EGCD-6, nazibabad",True,"{'Flood': 0, 'Embankment': 0, 'embkt': 0, 'Relief': 0, 'Erosion': 0, 'SDRF': 0, 'Inundation': 0, 'Hydrology': 0, 'Silt': 1, 'Siltation': 0, 'Bund': 0, 'Trench': 0, 'Breach': 0, 'Culvert': 0, 'Sluice': 0, 'Dyke': 0, 'Storm water drain': 0, 'Emergency': 0, 'Immediate': 0, 'IM': 0, 'AE': 0, 'A E': 0, 'AAPDA MITRA': 0, 'Bridge': 0, 'River': 0, 'Drain': 0, 'Restoration': 0, 'Protection': 0, 'irr': 0, 'irrigation': 0, 'dam': 0, 'Nallah': 0, 'Retrofitting': 0, 'Pond': 0, 'Pokhari': 0, 'D/C': 0, 'Recharge shaft': 0, 'LFB': 0, 'RFB': 0}","{'Floodlight': 0, 'Flood Light': 0, 'GAS': 0, 'FIFA': 0, 'pipe': 0, 'pipes': 0, 'covid': 0, 'supply': 0, 'Beautification': 0, 'Installation': 0}",Post-Monsoon,,False,True,Others,
2024_UPIDC_961788_19,04/EE/2024-25,Silt Clearance/Correcting Internal Section of Kotra Distributary from km. 0.000 to 11.640 (Rabi Fasli 1432) Year 2024-25,,,,,,,,,,,,,,,,"U P Irrigation Department (Civil)||Chief Engineer-Eastern Ganga, Moradabad||EGCC Circle, Bijnore||EGCD-6, nazibabad",,,,,,"587,000",,2024-10-26,"U P Irrigation Department (Civil)||Chief Engineer-Eastern Ganga, Moradabad||EGCC Circle, Bijnore||EGCD-6, nazibabad",True,"{'Flood': 0, 'Embankment': 0, 'embkt': 0, 'Relief': 0, 'Erosion': 0, 'SDRF': 0, 'Inundation': 0, 'Hydrology': 0, 'Silt': 1, 'Siltation': 0, 'Bund': 0, 'Trench': 0, 'Breach': 0, 'Culvert': 0, 'Sluice': 0, 'Dyke': 0, 'Storm water drain': 0, 'Emergency': 0, 'Immediate': 0, 'IM': 0, 'AE': 0, 'A E': 0, 'AAPDA MITRA': 0, 'Bridge': 0, 'River': 0, 'Drain': 0, 'Restoration': 0, 'Protection': 0, 'irr': 0, 'irrigation': 0, 'dam': 0, 'Nallah': 0, 'Retrofitting': 0, 'Pond': 0, 'Pokhari': 0, 'D/C': 0, 'Recharge shaft': 0, 'LFB': 0, 'RFB': 0}","{'Floodlight': 0, 'Flood Light': 0, 'GAS': 0, 'FIFA': 0, 'pipe': 0, 'pipes': 0, 'covid': 0, 'supply': 0, 'Beautification': 0, 'Installation': 0}",Post-Monsoon,,False,True,Others,
2024_UPIDC_961788_19,04/EE/2024-25,Silt Clearance/Correcting Internal Section of Kotra Distributary from km. 0.000 to 11.640 (Rabi Fasli 1432) Year 2024-25,,,,,,,,,,,,,,,,"U P Irrigation Department (Civil)||Chief Engineer-Eastern Ganga, Moradabad||EGCC Circle, Bijnore||EGCD-6, nazibabad",,,,,,"587,000",,2024-10-26,"U P Irrigation Department (Civil)||Chief Engineer-Eastern Ganga, Moradabad||EGCC Circle, Bijnore||EGCD-6, nazibabad",True,"{'Flood': 0, 'Embankment': 0, 'embkt': 0, 'Relief': 0, 'Erosion': 0, 'SDRF': 0, 'Inundation': 0, 'Hydrology': 0, 'Silt': 1, 'Siltation': 0, 'Bund': 0, 'Trench': 0, 'Breach': 0, 'Culvert': 0, 'Sluice': 0, 'Dyke': 0, 'Storm water drain': 0, 'Emergency': 0, 'Immediate': 0, 'IM': 0, 'AE': 0, 'A E': 0, 'AAPDA MITRA': 0, 'Bridge': 0, 'River': 0, 'Drain': 0, 'Restoration': 0, 'Protection': 0, 'irr': 0, 'irrigation': 0, 'dam': 0, 'Nallah': 0, 'Retrofitting': 0, 'Pond': 0, 'Pokhari': 0, 'D/C': 0, 'Recharge shaft': 0, 'LFB': 0, 'RFB': 0}","{'Floodlight': 0, 'Flood Light': 0, 'GAS': 0, 'FIFA': 0, 'pipe': 0, 'pipes': 0, 'covid': 0, 'supply': 0, 'Beautification': 0, 'Installation': 0}",Post-Monsoon,,False,True,Others,
2024_UPIDC_961788_22,04/EE/2024-25,Silt Clearance/Correcting Internal Section of Bhogli Minor from km. 0.000 to 7.940 (Rabi Fasli 1432) Year 2024-25,,,,,,,,,,,,,,,,"U P Irrigation Department (Civil)||Chief Engineer-Eastern Ganga, Moradabad||EGCC Circle, Bijnore||EGCD-6, nazibabad",,,,,,"218,770",,2024-10-26,"U P Irrigation Department (Civil)||Chief Engineer-Eastern Ganga, Moradabad||EGCC Circle, Bijnore||EGCD-6, nazibabad",True,"{'Flood': 0, 'Embankment': 0, 'embkt': 0, 'Relief': 0, 'Erosion': 0, 'SDRF': 0, 'Inundation': 0, 'Hydrology': 0, 'Silt': 1, 'Siltation': 0, 'Bund': 0, 'Trench': 0, 'Breach': 0, 'Culvert': 0, 'Sluice': 0, 'Dyke': 0, 'Storm water drain': 0, 'Emergency': 0, 'Immediate': 0, 'IM': 0, 'AE': 0, 'A E': 0, 'AAPDA MITRA': 0, 'Bridge': 0, 'River': 0, 'Drain': 0, 'Restoration': 0, 'Protection': 0, 'irr': 0, 'irrigation': 0, 'dam': 0, 'Nallah': 0, 'Retrofitting': 0, 'Pond': 0, 'Pokhari': 0, 'D/C': 0, 'Recharge shaft': 0, 'LFB': 0, 'RFB': 0}","{'Floodlight': 0, 'Flood Light': 0, 'GAS': 0, 'FIFA': 0, 'pipe': 0, 'pipes': 0, 'covid': 0, 'supply': 0, 'Beautification': 0, 'Installation': 0}",Post-Monsoon,,False,True,Others,
2024_UPIDC_961788_24,04/EE/2024-25,Silt Clearance/Correcting Internal Section of Khanpur Minor from km. 0.000 to 7.100 (Rabi Fasli 1432) Year 2024-25,,,,,,,,,,,,,,,,"U P Irrigation Department (Civil)||Chief Engineer-Eastern Ganga, Moradabad||EGCC Circle, Bijnore||EGCD-6, nazibabad",,,,,,"205,210.45",,2024-10-26,"U P Irrigation Department (Civil)||Chief Engineer-Eastern Ganga, Moradabad||EGCC Circle, Bijnore||EGCD-6, nazibabad",True,"{'Flood': 0, 'Embankment': 0, 'embkt': 0, 'Relief': 0, 'Erosion': 0, 'SDRF': 0, 'Inundation': 0, 'Hydrology': 0, 'Silt': 1, 'Siltation': 0, 'Bund': 0, 'Trench': 0, 'Breach': 0, 'Culvert': 0, 'Sluice': 0, 'Dyke': 0, 'Storm water drain': 0, 'Emergency': 0, 'Immediate': 0, 'IM': 0, 'AE': 0, 'A E': 0, 'AAPDA MITRA': 0, 'Bridge': 0, 'River': 0, 'Drain': 0, 'Restoration': 0, 'Protection': 0, 'irr': 0, 'irrigation': 0, 'dam': 0, 'Nallah': 0, 'Retrofitting': 0, 'Pond': 0, 'Pokhari': 0, 'D/C': 0, 'Recharge shaft': 0, 'LFB': 0, 'RFB': 0}","{'Floodlight': 0, 'Flood Light': 0, 'GAS': 0, 'FIFA': 0, 'pipe': 0, 'pipes': 0, 'covid': 0, 'supply': 0, 'Beautification': 0, 'Installation': 0}",Post-Monsoon,,False,True,Others,
2024_UPIDC_961788_24,04/EE/2024-25,Silt Clearance/Correcting Internal Section of Khanpur Minor from km. 0.000 to 7.100 (Rabi Fasli 1432) Year 2024-25,,,,,,,,,,,,,,,,"U P Irrigation Department (Civil)||Chief Engineer-Eastern Ganga, Moradabad||EGCC Circle, Bijnore||EGCD-6, nazibabad",,,,,,"205,210.45",,2024-10-26,"U P Irrigation Department (Civil)||Chief Engineer-Eastern Ganga, Moradabad||EGCC Circle, Bijnore||EGCD-6, nazibabad",True,"{'Flood': 0, 'Embankment': 0, 'embkt': 0, 'Relief': 0, 'Erosion': 0, 'SDRF': 0, 'Inundation': 0, 'Hydrology': 0, 'Silt': 1, 'Siltation': 0, 'Bund': 0, 'Trench': 0, 'Breach': 0, 'Culvert': 0, 'Sluice': 0, 'Dyke': 0, 'Storm water drain': 0, 'Emergency': 0, 'Immediate': 0, 'IM': 0, 'AE': 0, 'A E': 0, 'AAPDA MITRA': 0, 'Bridge': 0, 'River': 0, 'Drain': 0, 'Restoration': 0, 'Protection': 0, 'irr': 0, 'irrigation': 0, 'dam': 0, 'Nallah': 0, 'Retrofitting': 0, 'Pond': 0, 'Pokhari': 0, 'D/C': 0, 'Recharge shaft': 0, 'LFB': 0, 'RFB': 0}","{'Floodlight': 0, 'Flood Light': 0, 'GAS': 0, 'FIFA': 0, 'pipe': 0, 'pipes': 0, 'covid': 0, 'supply': 0, 'Beautification': 0, 'Installation': 0}",Post-Monsoon,,False,True,Others,
2024_UPIDC_961788_25,04/EE/2024-25,Silt Clearance/Correcting Internal Section of Ajupura Distributary from km. 0.000 to 4.000 (Rabi Fasli 1432) Year 2024-25,,,,,,,,,,,,,,,,"U P Irrigation Department (Civil)||Chief Engineer-Eastern Ganga, Moradabad||EGCC Circle, Bijnore||EGCD-6, nazibabad",,,,,,"201,390",,2024-10-26,"U P Irrigation Department (Civil)||Chief Engineer-Eastern Ganga, Moradabad||EGCC Circle, Bijnore||EGCD-6, nazibabad",True,"{'Flood': 0, 'Embankment': 0, 'embkt': 0, 'Relief': 0, 'Erosion': 0, 'SDRF': 0, 'Inundation': 0, 'Hydrology': 0, 'Silt': 1, 'Siltation': 0, 'Bund': 0, 'Trench': 0, 'Breach': 0, 'Culvert': 0, 'Sluice': 0, 'Dyke': 0, 'Storm water drain': 0, 'Emergency': 0, 'Immediate': 0, 'IM': 0, 'AE': 0, 'A E': 0, 'AAPDA MITRA': 0, 'Bridge': 0, 'River': 0, 'Drain': 0, 'Restoration': 0, 'Protection': 0, 'irr': 0, 'irrigation': 0, 'dam': 0, 'Nallah': 0, 'Retrofitting': 0, 'Pond': 0, 'Pokhari': 0, 'D/C': 0, 'Recharge shaft': 0, 'LFB': 0, 'RFB': 0}","{'Floodlight': 0, 'Flood Light': 0, 'GAS': 0, 'FIFA': 0, 'pipe': 0, 'pipes': 0, 'covid': 0, 'supply': 0, 'Beautification': 0, 'Installation': 0}",Post-Monsoon,,False,True,Others,
2024_UPIDC_961788_8,04/EE/2024-25,Silt Clearance/Correcting Internal Section of Kishanpur Distributary from km. 0.000 to 4.800  (Rabi Fasli 1432) Year 2024-25,,,,,,,,,,,,,,,,"U P Irrigation Department (Civil)||Chief Engineer-Eastern Ganga, Moradabad||EGCC Circle, Bijnore||EGCD-6, nazibabad",,,,,,"201,798.8",,2024-10-26,"U P Irrigation Department (Civil)||Chief Engineer-Eastern Ganga, Moradabad||EGCC Circle, Bijnore||EGCD-6, nazibabad",True,"{'Flood': 0, 'Embankment': 0, 'embkt': 0, 'Relief': 0, 'Erosion': 0, 'SDRF': 0, 'Inundation': 0, 'Hydrology': 0, 'Silt': 1, 'Siltation': 0, 'Bund': 0, 'Trench': 0, 'Breach': 0, 'Culvert': 0, 'Sluice': 0, 'Dyke': 0, 'Storm water drain': 0, 'Emergency': 0, 'Immediate': 0, 'IM': 0, 'AE': 0, 'A E': 0, 'AAPDA MITRA': 0, 'Bridge': 0, 'River': 0, 'Drain': 0, 'Restoration': 0, 'Protection': 0, 'irr': 0, 'irrigation': 0, 'dam': 0, 'Nallah': 0, 'Retrofitting': 0, 'Pond': 0, 'Pokhari': 0, 'D/C': 0, 'Recharge shaft': 0, 'LFB': 0, 'RFB': 0}","{'Floodlight': 0, 'Flood Light': 0, 'GAS': 0, 'FIFA': 0, 'pipe': 0, 'pipes': 0, 'covid': 0, 'supply': 0, 'Beautification': 0, 'Installation': 0}",Post-Monsoon,,False,True,Others,
2024_CEBLY_933846_1,5161/142C(E-Tender)-3/24 Dt 05-06-2024,"New Construction of RCC Bridge, Approach Road and Additional Approach Road at Middle of Village Siudi to Kabra Samelpur Link Road",,,,,,,,,,,,,,,,Cheif Engineer Bareilly Zone PWD Bareilly||SE BAREILLY CIRCLE PWD BAREILLY ||EE CONSTRUCTION DIVISION-1 PWD SHAHJAHANPUR,,,,,,"18,538,775.76",,2024-10-03,Cheif Engineer Bareilly Zone PWD Bareilly||SE BAREILLY CIRCLE PWD BAREILLY ||EE CONSTRUCTION DIVISION-1 PWD SHAHJAHANPUR,True,"{'Flood': 0, 'Embankment': 0, 'embkt': 0, 'Relief': 0, 'Erosion': 0, 'SDRF': 0, 'Inundation': 0, 'Hydrology': 0, 'Silt': 0, 'Siltation': 0, 'Bund': 0, 'Trench': 0, 'Breach': 0, 'Culvert': 0, 'Sluice': 0, 'Dyke': 0, 'Storm water drain': 0, 'Emergency': 0, 'Immediate': 0, 'IM': 0, 'AE': 0, 'A E': 0, 'AAPDA MITRA': 0, 'Bridge': 1, 'River': 0, 'Drain': 0, 'Restoration': 0, 'Protection': 0, 'irr': 0, 'irrigation': 0, 'dam': 0, 'Nallah': 0, 'Retrofitting': 0, 'Pond': 0, 'Pokhari': 0, 'D/C': 0, 'Recharge shaft': 0, 'LFB': 0, 'RFB': 0}","{'Floodlight': 0, 'Flood Light': 0, 'GAS': 0, 'FIFA': 0, 'pipe': 0, 'pipes': 0, 'covid': 0, 'supply': 0, 'Beautification': 0, 'Installation': 0}",Post-Monsoon,,False,True,Repair and Restoration,"{'Construction': 1, 'Bridge': 1}"
2024_UPIDC_961657_2,02/EE/MDD/2024-25,Renovation of Matamandir road and Garage back side road  in right bank colony of  matatila dam.,,,,,,,,,,,,,,,,"U P Irrigation Department (Civil)||Chief Engineer-Betwa, Jhansi||IV Circle Irrigation Works, Jhansi||MDD, jhansi",,,,,,"986,651",,2024-10-23,"U P Irrigation Department (Civil)||Chief Engineer-Betwa, Jhansi||IV Circle Irrigation Works, Jhansi||MDD, jhansi",True,"{'Flood': 0, 'Embankment': 0, 'embkt': 0, 'Relief': 0, 'Erosion': 0, 'SDRF': 0, 'Inundation': 0, 'Hydrology': 0, 'Silt': 0, 'Siltation': 0, 'Bund': 0, 'Trench': 0, 'Breach': 0, 'Culvert': 0, 'Sluice': 0, 'Dyke': 0, 'Storm water drain': 0, 'Emergency': 0, 'Immediate': 0, 'IM': 0, 'AE': 0, 'A E': 0, 'AAPDA MITRA': 0, 'Bridge': 0, 'River': 0, 'Drain': 0, 'Restoration': 0, 'Protection': 0, 'irr': 0, 'irrigation': 0, 'dam': 1, 'Nallah': 0, 'Retrofitting': 0, 'Pond': 0, 'Pokhari': 0, 'D/C': 0, 'Recharge shaft': 0, 'LFB': 0, 'RFB': 0}","{'Floodlight': 0, 'Flood Light': 0, 'GAS': 0, 'FIFA': 0, 'pipe': 0, 'pipes': 0, 'covid': 0, 'supply': 0, 'Beautification': 0, 'Installation': 0}",Post-Monsoon,,False,True,Repair and Restoration,{'renovation': 1}
2024_UPIDC_961677_1,03/EE/CMD/2024-2025/Lot-1,Renovation Work of link roads of A type residential colony campus kalagarh and steel bridge road located near afzalgarh barrage.,,,,,,,,,,,,,,,,"U P Irrigation Department (Civil)||Chief Engineer-Eastern Ganga, Moradabad||Ramganga Dam Circle, Kalagarh||CMD, kalagarh",,,,,,"2,099,117.71",,2024-10-26,"U P Irrigation Department (Civil)||Chief Engineer-Eastern Ganga, Moradabad||Ramganga Dam Circle, Kalagarh||CMD, kalagarh",True,"{'Flood': 0, 'Embankment': 0, 'embkt': 0, 'Relief': 0, 'Erosion': 0, 'SDRF': 0, 'Inundation': 0, 'Hydrology': 0, 'Silt': 0, 'Siltation': 0, 'Bund': 0, 'Trench': 0, 'Breach': 0, 'Culvert': 0, 'Sluice': 0, 'Dyke': 0, 'Storm water drain': 0, 'Emergency': 0, 'Immediate': 0, 'IM': 0, 'AE': 0, 'A E': 0, 'AAPDA MITRA': 0, 'Bridge': 1, 'River': 0, 'Drain': 0, 'Restoration': 0, 'Protection': 0, 'irr': 0, 'irrigation': 0, 'dam': 0, 'Nallah': 0, 'Retrofitting': 0, 'Pond': 0, 'Pokhari': 0, 'D/C': 0, 'Recharge shaft': 0, 'LFB': 0, 'RFB': 0}","{'Floodlight': 0, 'Flood Light': 0, 'GAS': 0, 'FIFA': 0, 'pipe': 0, 'pipes': 0, 'covid': 0, 'supply': 0, 'Beautification': 0, 'Installation': 0}",Post-Monsoon,,False,True,Repair and Restoration,"{'renovation': 1, 'Bridge': 1}"
2024_CEALD_955691_6,1710/A-5/e-tendering/2024 Date -24.08.2024,Patch repair work in VR various roads under AE-III work area.,,,,,,,,,,,,,,,,Cheif Engineer Allahabad Zone PWD Allahabad||SE PRATAPGARH CIRCLE PWD PRATAPGARH||EE CONSTRUCTION DIVISION-2  PWD FATEHPUR,,,,,,"1,764,214",,2024-10-08,Cheif Engineer Allahabad Zone PWD Allahabad||SE PRATAPGARH CIRCLE PWD PRATAPGARH||EE CONSTRUCTION DIVISION-2  PWD FATEHPUR,True,"{'Flood': 0, 'Embankment': 0, 'embkt': 0, 'Relief': 0, 'Erosion': 0, 'SDRF': 0, 'Inundation': 0, 'Hydrology': 0, 'Silt': 0, 'Siltation': 0, 'Bund': 0, 'Trench': 0, 'Breach': 0, 'Culvert': 0, 'Sluice': 0, 'Dyke': 0, 'Storm water drain': 0, 'Emergency': 0, 'Immediate': 0, 'IM': 0, 'AE': 1, 'A E': 0, 'AAPDA MITRA': 0, 'Bridge': 0, 'River': 0, 'Drain': 0, 'Restoration': 0, 'Protection': 0, 'irr': 0, 'irrigation': 0, 'dam': 0, 'Nallah': 0, 'Retrofitting': 0, 'Pond': 0, 'Pokhari': 0, 'D/C': 0, 'Recharge shaft': 0, 'LFB': 0, 'RFB': 0}","{'Floodlight': 0, 'Flood Light': 0, 'GAS': 0, 'FIFA': 0, 'pipe': 0, 'pipes': 0, 'covid': 0, 'supply': 0, 'Beautification': 0, 'Installation': 0}",Post-Monsoon,,True,True,Repair and Restoration,{'repair': 1}
2024_CEALD_955691_7,1710/A-5/e-tendering/2024 Date -24.08.2024,Patch repair work in VR various roads under AE-IV work area.,,,,,,,,,,,,,,,,Cheif Engineer Allahabad Zone PWD Allahabad||SE PRATAPGARH CIRCLE PWD PRATAPGARH||EE CONSTRUCTION DIVISION-2  PWD FATEHPUR,,,,,,"1,948,093.42",,2024-10-25,Cheif Engineer Allahabad Zone PWD Allahabad||SE PRATAPGARH CIRCLE PWD PRATAPGARH||EE CONSTRUCTION DIVISION-2  PWD FATEHPUR,True,"{'Flood': 0, 'Embankment': 0, 'embkt': 0, 'Relief': 0, 'Erosion': 0, 'SDRF': 0, 'Inundation': 0, 'Hydrology': 0, 'Silt': 0, 'Siltation': 0, 'Bund': 0, 'Trench': 0, 'Breach': 0, 'Culvert': 0, 'Sluice': 0, 'Dyke': 0, 'Storm water drain': 0, 'Emergency': 0, 'Immediate': 0, 'IM': 0, 'AE': 1, 'A E': 0, 'AAPDA MITRA': 0, 'Bridge': 0, 'River': 0, 'Drain': 0, 'Restoration': 0, 'Protection': 0, 'irr': 0, 'irrigation': 0, 'dam': 0, 'Nallah': 0, 'Retrofitting': 0, 'Pond': 0, 'Pokhari': 0, 'D/C': 0, 'Recharge shaft': 0, 'LFB': 0, 'RFB': 0}","{'Floodlight': 0, 'Flood Light': 0, 'GAS': 0, 'FIFA': 0, 'pipe': 0, 'pipes': 0, 'covid': 0, 'supply': 0, 'Beautification': 0, 'Installation': 0}",Post-Monsoon,,True,True,Repair and Restoration,{'repair': 1}
2024_CEALD_955730_3,1711/A-5/e-tendering/2024 Date -24.08.2024,Patch repair work in SH MDR ODR various roads under AE-III work area.,,,,,,,,,,,,,,,,Cheif Engineer Allahabad Zone PWD Allahabad||SE PRATAPGARH CIRCLE PWD PRATAPGARH||EE CONSTRUCTION DIVISION-2  PWD FATEHPUR,,,,,,"1,389,818",,2024-10-08,Cheif Engineer Allahabad Zone PWD Allahabad||SE PRATAPGARH CIRCLE PWD PRATAPGARH||EE CONSTRUCTION DIVISION-2  PWD FATEHPUR,True,"{'Flood': 0, 'Embankment': 0, 'embkt': 0, 'Relief': 0, 'Erosion': 0, 'SDRF': 0, 'Inundation': 0, 'Hydrology': 0, 'Silt': 0, 'Siltation': 0, 'Bund': 0, 'Trench': 0, 'Breach': 0, 'Culvert': 0, 'Sluice': 0, 'Dyke': 0, 'Storm water drain': 0, 'Emergency': 0, 'Immediate': 0, 'IM': 0, 'AE': 1, 'A E': 0, 'AAPDA MITRA': 0, 'Bridge': 0, 'River': 0, 'Drain': 0, 'Restoration': 0, 'Protection': 0, 'irr': 0, 'irrigation': 0, 'dam': 0, 'Nallah': 0, 'Retrofitting': 0, 'Pond': 0, 'Pokhari': 0, 'D/C': 0, 'Recharge shaft': 0, 'LFB': 0, 'RFB': 0}","{'Floodlight': 0, 'Flood Light': 0, 'GAS': 0, 'FIFA': 0, 'pipe': 0, 'pipes': 0, 'covid': 0, 'supply': 0, 'Beautification': 0, 'Installation': 0}",Post-Monsoon,,True,True,Repair and Restoration,{'repair': 1}
2024_CEALD_955730_3,1711/A-5/e-tendering/2024 Date -24.08.2024,Patch repair work in SH MDR ODR various roads under AE-III work area.,,,,,,,,,,,,,,,,Cheif Engineer Allahabad Zone PWD Allahabad||SE PRATAPGARH CIRCLE PWD PRATAPGARH||EE CONSTRUCTION DIVISION-2  PWD FATEHPUR,,,,,,"1,389,818",,2024-10-08,Cheif Engineer Allahabad Zone PWD Allahabad||SE PRATAPGARH CIRCLE PWD PRATAPGARH||EE CONSTRUCTION DIVISION-2  PWD FATEHPUR,True,"{'Flood': 0, 'Embankment': 0, 'embkt': 0, 'Relief': 0, 'Erosion': 0, 'SDRF': 0, 'Inundation': 0, 'Hydrology': 0, 'Silt': 0, 'Siltation': 0, 'Bund': 0, 'Trench': 0, 'Breach': 0, 'Culvert': 0, 'Sluice': 0, 'Dyke': 0, 'Storm water drain': 0, 'Emergency': 0, 'Immediate': 0, 'IM': 0, 'AE': 1, 'A E': 0, 'AAPDA MITRA': 0, 'Bridge': 0, 'River': 0, 'Drain': 0, 'Restoration': 0, 'Protection': 0, 'irr': 0, 'irrigation': 0, 'dam': 0, 'Nallah': 0, 'Retrofitting': 0, 'Pond': 0, 'Pokhari': 0, 'D/C': 0, 'Recharge shaft': 0, 'LFB': 0, 'RFB': 0}","{'Floodlight': 0, 'Flood Light': 0, 'GAS': 0, 'FIFA': 0, 'pipe': 0, 'pipes': 0, 'covid': 0, 'supply': 0, 'Beautification': 0, 'Installation': 0}",Post-Monsoon,,True,True,Repair and Restoration,{'repair': 1}
2024_CEALD_955730_4,1711/A-5/e-tendering/2024 Date -24.08.2024,Patch repair work in SH MDR ODR various roads under AE-IV work area.,,,,,,,,,,,,,,,,Cheif Engineer Allahabad Zone PWD Allahabad||SE PRATAPGARH CIRCLE PWD PRATAPGARH||EE CONSTRUCTION DIVISION-2  PWD FATEHPUR,,,,,,"1,516,134.38",,2024-10-14,Cheif Engineer Allahabad Zone PWD Allahabad||SE PRATAPGARH CIRCLE PWD PRATAPGARH||EE CONSTRUCTION DIVISION-2  PWD FATEHPUR,True,"{'Flood': 0, 'Embankment': 0, 'embkt': 0, 'Relief': 0, 'Erosion': 0, 'SDRF': 0, 'Inundation': 0, 'Hydrology': 0, 'Silt': 0, 'Siltation': 0, 'Bund': 0, 'Trench': 0, 'Breach': 0, 'Culvert': 0, 'Sluice': 0, 'Dyke': 0, 'Storm water drain': 0, 'Emergency': 0, 'Immediate': 0, 'IM': 0, 'AE': 1, 'A E': 0, 'AAPDA MITRA': 0, 'Bridge': 0, 'River': 0, 'Drain': 0, 'Restoration': 0, 'Protection': 0, 'irr': 0, 'irrigation': 0, 'dam': 0, 'Nallah': 0, 'Retrofitting': 0, 'Pond': 0, 'Pokhari': 0, 'D/C': 0, 'Recharge shaft': 0, 'LFB': 0, 'RFB': 0}","{'Floodlight': 0, 'Flood Light': 0, 'GAS': 0, 'FIFA': 0, 'pipe': 0, 'pipes': 0, 'covid': 0, 'supply': 0, 'Beautification': 0, 'Installation': 0}",Post-Monsoon,,True,True,Repair and Restoration,{'repair': 1}
2024_UPIDC_961429_9,Tender Notice No. 02/EE/ID1K/2024-25,Lot No. 9 Jungle and silt clearance of Shitalpur Minor from Km 0.000 to Km 9.600 of Ohan canal system.,,,,,,,,,,,,,,,,"U P Irrigation Department (Civil)||Chief Engineer-Betwa, Jhansi||Irrigation Works Circle, Banda||ID-1, karvi",,,,,,"197,486.88",,2024-10-18,"U P Irrigation Department (Civil)||Chief Engineer-Betwa, Jhansi||Irrigation Works Circle, Banda||ID-1, karvi",True,"{'Flood': 0, 'Embankment': 0, 'embkt': 0, 'Relief': 0, 'Erosion': 0, 'SDRF': 0, 'Inundation': 0, 'Hydrology': 0, 'Silt': 1, 'Siltation': 0, 'Bund': 0, 'Trench': 0, 'Breach': 0, 'Culvert': 0, 'Sluice': 0, 'Dyke': 0, 'Storm water drain': 0, 'Emergency': 0, 'Immediate': 0, 'IM': 0, 'AE': 0, 'A E': 0, 'AAPDA MITRA': 0, 'Bridge': 0, 'River': 0, 'Drain': 0, 'Restoration': 0, 'Protection': 0, 'irr': 0, 'irrigation': 0, 'dam': 0, 'Nallah': 0, 'Retrofitting': 0, 'Pond': 0, 'Pokhari': 0, 'D/C': 0, 'Recharge shaft': 0, 'LFB': 0, 'RFB': 0}","{'Floodlight': 0, 'Flood Light': 0, 'GAS': 0, 'FIFA': 0, 'pipe': 0, 'pipes': 0, 'covid': 0, 'supply': 0, 'Beautification': 0, 'Installation': 0}",Post-Monsoon,,False,True,Others,
2024_CEAGR_958307_10,3719/7m dt. 10.09.24,construction of pachavar bridge to madhela via nagla gajendra road,,,,,,,,,,,,,,,,Chief Engineer Agra Zone PWD Agra UP||MAINPURI CIRCLE PWD MAINPURI||CONSTRUCTION DIVISION 3 PWD MAINPURI,,,,,,"8,622,984.32",,2024-10-10,Chief Engineer Agra Zone PWD Agra UP||MAINPURI CIRCLE PWD MAINPURI||CONSTRUCTION DIVISION 3 PWD MAINPURI,True,"{'Flood': 0, 'Embankment': 0, 'embkt': 0, 'Relief': 0, 'Erosion': 0, 'SDRF': 0, 'Inundation': 0, 'Hydrology': 0, 'Silt': 0, 'Siltation': 0, 'Bund': 0, 'Trench': 0, 'Breach': 0, 'Culvert': 0, 'Sluice': 0, 'Dyke': 0, 'Storm water drain': 0, 'Emergency': 0, 'Immediate': 0, 'IM': 0, 'AE': 0, 'A E': 0, 'AAPDA MITRA': 0, 'Bridge': 1, 'River': 0, 'Drain': 0, 'Restoration': 0, 'Protection': 0, 'irr': 0, 'irrigation': 0, 'dam': 0, 'Nallah': 0, 'Retrofitting': 0, 'Pond': 0, 'Pokhari': 0, 'D/C': 0, 'Recharge shaft': 0, 'LFB': 0, 'RFB': 0}","{'Floodlight': 0, 'Flood Light': 0, 'GAS': 0, 'FIFA': 0, 'pipe': 0, 'pipes': 0, 'covid': 0, 'supply': 0, 'Beautification': 0, 'Installation': 0}",Post-Monsoon,,False,True,Repair and Restoration,"{'Construction': 1, 'Bridge': 1}"
2024_BDAUP_946217_1,T-15/2024/1,"Topographical survey in Ramganga Nagar sec-13,12,and Area along Nakatia river.",,,,,,,,,,,,,,,,Bareilly Development Authority||Bareilly Development Authority (HQ) Bareilly,,,,,,"92,898",,2024-10-11,Bareilly Development Authority||Bareilly Development Authority (HQ) Bareilly,True,"{'Flood': 0, 'Embankment': 0, 'embkt': 0, 'Relief': 0, 'Erosion': 0, 'SDRF': 0, 'Inundation': 0, 'Hydrology': 0, 'Silt': 0, 'Siltation': 0, 'Bund': 0, 'Trench': 0, 'Breach': 0, 'Culvert': 0, 'Sluice': 0, 'Dyke': 0, 'Storm water drain': 0, 'Emergency': 0, 'Immediate': 0, 'IM': 0, 'AE': 0, 'A E': 0, 'AAPDA MITRA': 0, 'Bridge': 0, 'River': 1, 'Drain': 0, 'Restoration': 0, 'Protection': 0, 'irr': 0, 'irrigation': 0, 'dam': 0, 'Nallah': 0, 'Retrofitting': 0, 'Pond': 0, 'Pokhari': 0, 'D/C': 0, 'Recharge shaft': 0, 'LFB': 0, 'RFB': 0}","{'Floodlight': 0, 'Flood Light': 0, 'GAS': 0, 'FIFA': 0, 'pipe': 0, 'pipes': 0, 'covid': 0, 'supply': 0, 'Beautification': 0, 'Installation': 0}",Post-Monsoon,,False,False,Others,
2024_BDAUP_955731_1,T-22/2024/2,Construction of RCC Drain at  Navdiya Jhada Near Bisalpur Entry Gate Bareilly,,,,,,,,,,,,,,,,Bareilly Development Authority||Bareilly Development Authority (HQ) Bareilly,,,,,,"686,580.07",,2024-10-29,Bareilly Development Authority||Bareilly Development Authority (HQ) Bareilly,True,"{'Flood': 0, 'Embankment': 0, 'embkt': 0, 'Relief': 0, 'Erosion': 0, 'SDRF': 0, 'Inundation': 0, 'Hydrology': 0, 'Silt': 0, 'Siltation': 0, 'Bund': 0, 'Trench': 0, 'Breach': 0, 'Culvert': 0, 'Sluice': 0, 'Dyke': 0, 'Storm water drain': 0, 'Emergency': 0, 'Immediate': 0, 'IM': 0, 'AE': 0, 'A E': 0, 'AAPDA MITRA': 0, 'Bridge': 0, 'River': 0, 'Drain': 1, 'Restoration': 0, 'Protection': 0, 'irr': 0, 'irrigation': 0, 'dam': 0, 'Nallah': 0, 'Retrofitting': 0, 'Pond': 0, 'Pokhari': 0, 'D/C': 0, 'Recharge shaft': 0, 'LFB': 0, 'RFB': 0}","{'Floodlight': 0, 'Flood Light': 0, 'GAS': 0, 'FIFA': 0, 'pipe': 0, 'pipes': 0, 'covid': 0, 'supply': 0, 'Beautification': 0, 'Installation': 0}",Post-Monsoon,,False,True,Repair and Restoration,"{'Construction': 1, 'Drain': 1}"
2024_BDAUP_955731_1,T-22/2024/2,Construction of RCC Drain at  Navdiya Jhada Near Bisalpur Entry Gate Bareilly,,,,,,,,,,,,,,,,Bareilly Development Authority||Bareilly Development Authority (HQ) Bareilly,,,,,,"686,580.07",,2024-10-29,Bareilly Development Authority||Bareilly Development Authority (HQ) Bareilly,True,"{'Flood': 0, 'Embankment': 0, 'embkt': 0, 'Relief': 0, 'Erosion': 0, 'SDRF': 0, 'Inundation': 0, 'Hydrology': 0, 'Silt': 0, 'Siltation': 0, 'Bund': 0, 'Trench': 0, 'Breach': 0, 'Culvert': 0, 'Sluice': 0, 'Dyke': 0, 'Storm water drain': 0, 'Emergency': 0, 'Immediate': 0, 'IM': 0, 'AE': 0, 'A E': 0, 'AAPDA MITRA': 0, 'Bridge': 0, 'River': 0, 'Drain': 1, 'Restoration': 0, 'Protection': 0, 'irr': 0, 'irrigation': 0, 'dam': 0, 'Nallah': 0, 'Retrofitting': 0, 'Pond': 0, 'Pokhari': 0, 'D/C': 0, 'Recharge shaft': 0, 'LFB': 0, 'RFB': 0}","{'Floodlight': 0, 'Flood Light': 0, 'GAS': 0, 'FIFA': 0, 'pipe': 0, 'pipes': 0, 'covid': 0, 'supply': 0, 'Beautification': 0, 'Installation': 0}",Post-Monsoon,,False,True,Repair and Restoration,"{'Construction': 1, 'Drain': 1}"
2024_CEAGR_890948_1,370/14M-AC/2023 dated 23-01-2024,14 black spots agra on year2021(Chhadami MathArnautaPetrol PumpManikpuraKachpuraFutaLake Tank Square Baba Ki Tiwaria Nayapura Khander Zero Point Railway Under Bridge Chausini Sabora Pulia Papri Nagar Tiraha Bichpur Canal Nayapul) improvement work,,,,,,,,,,,,,,,,Chief Engineer Agra Zone PWD Agra UP||AGRA CIRCLE PWD AGRA,,,,,,"3,320,021.88",,2024-10-07,Chief Engineer Agra Zone PWD Agra UP||AGRA CIRCLE PWD AGRA,True,"{'Flood': 0, 'Embankment': 0, 'embkt': 0, 'Relief': 0, 'Erosion': 0, 'SDRF': 0, 'Inundation': 0, 'Hydrology': 0, 'Silt': 0, 'Siltation': 0, 'Bund': 0, 'Trench': 0, 'Breach': 0, 'Culvert': 0, 'Sluice': 0, 'Dyke': 0, 'Storm water drain': 0, 'Emergency': 0, 'Immediate': 0, 'IM': 0, 'AE': 0, 'A E': 0, 'AAPDA MITRA': 0, 'Bridge': 1, 'River': 0, 'Drain': 0, 'Restoration': 0, 'Protection': 0, 'irr': 0, 'irrigation': 0, 'dam': 0, 'Nallah': 0, 'Retrofitting': 0, 'Pond': 0, 'Pokhari': 0, 'D/C': 0, 'Recharge shaft': 0, 'LFB': 0, 'RFB': 0}","{'Floodlight': 0, 'Flood Light': 0, 'GAS': 0, 'FIFA': 0, 'pipe': 0, 'pipes': 0, 'covid': 0, 'supply': 0, 'Beautification': 0, 'Installation': 0}",Post-Monsoon,,False,True,Repair and Restoration,"{'improvement': 1, 'Bridge': 1}"
2024_BDAUP_933027_1,T-10/2024/05,Construction of Approch road For Village Pahadganj CC Road and Rcc Drain work near R.G.N.Scheme.,,,,,,,,,,,,,,,,Bareilly Development Authority||Bareilly Development Authority (HQ) Bareilly,,,,,,"5,640,349.94",,2024-10-11,Bareilly Development Authority||Bareilly Development Authority (HQ) Bareilly,True,"{'Flood': 0, 'Embankment': 0, 'embkt': 0, 'Relief': 0, 'Erosion': 0, 'SDRF': 0, 'Inundation': 0, 'Hydrology': 0, 'Silt': 0, 'Siltation': 0, 'Bund': 0, 'Trench': 0, 'Breach': 0, 'Culvert': 0, 'Sluice': 0, 'Dyke': 0, 'Storm water drain': 0, 'Emergency': 0, 'Immediate': 0, 'IM': 0, 'AE': 0, 'A E': 0, 'AAPDA MITRA': 0, 'Bridge': 0, 'River': 0, 'Drain': 1, 'Restoration': 0, 'Protection': 0, 'irr': 0, 'irrigation': 0, 'dam': 0, 'Nallah': 0, 'Retrofitting': 0, 'Pond': 0, 'Pokhari': 0, 'D/C': 0, 'Recharge shaft': 0, 'LFB': 0, 'RFB': 0}","{'Floodlight': 0, 'Flood Light': 0, 'GAS': 0, 'FIFA': 0, 'pipe': 0, 'pipes': 0, 'covid': 0, 'supply': 0, 'Beautification': 0, 'Installation': 0}",Post-Monsoon,,False,True,Repair and Restoration,"{'Construction': 1, 'Drain': 1}"
2024_BDAUP_933027_1,T-10/2024/05,Construction of Approch road For Village Pahadganj CC Road and Rcc Drain work near R.G.N.Scheme.,,,,,,,,,,,,,,,,Bareilly Development Authority||Bareilly Development Authority (HQ) Bareilly,,,,,,"5,640,349.94",,2024-10-11,Bareilly Development Authority||Bareilly Development Authority (HQ) Bareilly,True,"{'Flood': 0, 'Embankment': 0, 'embkt': 0, 'Relief': 0, 'Erosion': 0, 'SDRF': 0, 'Inundation': 0, 'Hydrology': 0, 'Silt': 0, 'Siltation': 0, 'Bund': 0, 'Trench': 0, 'Breach': 0, 'Culvert': 0, 'Sluice': 0, 'Dyke': 0, 'Storm water drain': 0, 'Emergency': 0, 'Immediate': 0, 'IM': 0, 'AE': 0, 'A E': 0, 'AAPDA MITRA': 0, 'Bridge': 0, 'River': 0, 'Drain': 1, 'Restoration': 0, 'Protection': 0, 'irr': 0, 'irrigation': 0, 'dam': 0, 'Nallah': 0, 'Retrofitting': 0, 'Pond': 0, 'Pokhari': 0, 'D/C': 0, 'Recharge shaft': 0, 'LFB': 0, 'RFB': 0}","{'Floodlight': 0, 'Flood Light': 0, 'GAS': 0, 'FIFA': 0, 'pipe': 0, 'pipes': 0, 'covid': 0, 'supply': 0, 'Beautification': 0, 'Installation': 0}",Post-Monsoon,,False,True,Repair and Restoration,"{'Construction': 1, 'Drain': 1}"
2024_BDAUP_933027_1,T-10/2024/05,Construction of Approch road For Village Pahadganj CC Road and Rcc Drain work near R.G.N.Scheme.,,,,,,,,,,,,,,,,Bareilly Development Authority||Bareilly Development Authority (HQ) Bareilly,,,,,,"5,640,349.94",,2024-10-11,Bareilly Development Authority||Bareilly Development Authority (HQ) Bareilly,True,"{'Flood': 0, 'Embankment': 0, 'embkt': 0, 'Relief': 0, 'Erosion': 0, 'SDRF': 0, 'Inundation': 0, 'Hydrology': 0, 'Silt': 0, 'Siltation': 0, 'Bund': 0, 'Trench': 0, 'Breach': 0, 'Culvert': 0, 'Sluice': 0, 'Dyke': 0, 'Storm water drain': 0, 'Emergency': 0, 'Immediate': 0, 'IM': 0, 'AE': 0, 'A E': 0, 'AAPDA MITRA': 0, 'Bridge': 0, 'River': 0, 'Drain': 1, 'Restoration': 0, 'Protection': 0, 'irr': 0, 'irrigation': 0, 'dam': 0, 'Nallah': 0, 'Retrofitting': 0, 'Pond': 0, 'Pokhari': 0, 'D/C': 0, 'Recharge shaft': 0, 'LFB': 0, 'RFB': 0}","{'Floodlight': 0, 'Flood Light': 0, 'GAS': 0, 'FIFA': 0, 'pipe': 0, 'pipes': 0, 'covid': 0, 'supply': 0, 'Beautification': 0, 'Installation': 0}",Post-Monsoon,,False,True,Repair and Restoration,"{'Construction': 1, 'Drain': 1}"
2023_UPIDC_869731_4,04/SE/2023-24,RENOVATION WORK OF BANK AND CONSTRUCTION OF 8 NUMBER STUDS ON LEFT BANK  BETWEEN KM. 1.300 TO KM. 2.125 OF POWER HOUSE SCAPE UNDER IRRIGATION DIVISION GORAKHPUR IN DISTRICT MAHARAJGANJ.,,,,,,,,,,,,,,,,"U P Irrigation Department (Civil)||Chief Engineer-Gandak, Gorakhpur||Gandak IWC-1, Gorakhpur",,,,,,"18,041,350.19",,2024-10-15,"U P Irrigation Department (Civil)||Chief Engineer-Gandak, Gorakhpur||Gandak IWC-1, Gorakhpur",True,"{'Flood': 0, 'Embankment': 0, 'embkt': 0, 'Relief': 0, 'Erosion': 0, 'SDRF': 0, 'Inundation': 0, 'Hydrology': 0, 'Silt': 0, 'Siltation': 0, 'Bund': 0, 'Trench': 0, 'Breach': 0, 'Culvert': 0, 'Sluice': 0, 'Dyke': 0, 'Storm water drain': 0, 'Emergency': 0, 'Immediate': 0, 'IM': 0, 'AE': 0, 'A E': 0, 'AAPDA MITRA': 0, 'Bridge': 0, 'River': 0, 'Drain': 0, 'Restoration': 0, 'Protection': 0, 'irr': 0, 'irrigation': 1, 'dam': 0, 'Nallah': 0, 'Retrofitting': 0, 'Pond': 0, 'Pokhari': 0, 'D/C': 0, 'Recharge shaft': 0, 'LFB': 0, 'RFB': 0}","{'Floodlight': 0, 'Flood Light': 0, 'GAS': 0, 'FIFA': 0, 'pipe': 0, 'pipes': 0, 'covid': 0, 'supply': 0, 'Beautification': 0, 'Installation': 0}",Post-Monsoon,,False,False,Repair and Restoration,"{'renovation': 1, 'Construction': 1}"
2023_UPIDC_869731_4,04/SE/2023-24,RENOVATION WORK OF BANK AND CONSTRUCTION OF 8 NUMBER STUDS ON LEFT BANK  BETWEEN KM. 1.300 TO KM. 2.125 OF POWER HOUSE SCAPE UNDER IRRIGATION DIVISION GORAKHPUR IN DISTRICT MAHARAJGANJ.,,,,,,,,,,,,,,,,"U P Irrigation Department (Civil)||Chief Engineer-Gandak, Gorakhpur||Gandak IWC-1, Gorakhpur",,,,,,"18,041,350.19",,2024-10-15,"U P Irrigation Department (Civil)||Chief Engineer-Gandak, Gorakhpur||Gandak IWC-1, Gorakhpur",True,"{'Flood': 0, 'Embankment': 0, 'embkt': 0, 'Relief': 0, 'Erosion': 0, 'SDRF': 0, 'Inundation': 0, 'Hydrology': 0, 'Silt': 0, 'Siltation': 0, 'Bund': 0, 'Trench': 0, 'Breach': 0, 'Culvert': 0, 'Sluice': 0, 'Dyke': 0, 'Storm water drain': 0, 'Emergency': 0, 'Immediate': 0, 'IM': 0, 'AE': 0, 'A E': 0, 'AAPDA MITRA': 0, 'Bridge': 0, 'River': 0, 'Drain': 0, 'Restoration': 0, 'Protection': 0, 'irr': 0, 'irrigation': 1, 'dam': 0, 'Nallah': 0, 'Retrofitting': 0, 'Pond': 0, 'Pokhari': 0, 'D/C': 0, 'Recharge shaft': 0, 'LFB': 0, 'RFB': 0}","{'Floodlight': 0, 'Flood Light': 0, 'GAS': 0, 'FIFA': 0, 'pipe': 0, 'pipes': 0, 'covid': 0, 'supply': 0, 'Beautification': 0, 'Installation': 0}",Post-Monsoon,,False,False,Repair and Restoration,"{'renovation': 1, 'Construction': 1}"
2023_UPIDC_876177_2,E-Nilami-01/EE/23-24,Silt Auction of Bauliya Mr. From km 0.000 to km 0.800,,,,,,,,,,,,,,,,"U P Irrigation Department (Civil)||Chief Engineer-Gandak, Gorakhpur||Gandak IWC-1, Gorakhpur||ID-1, maharajganj",,,,,,"22,540",,2024-10-22,"U P Irrigation Department (Civil)||Chief Engineer-Gandak, Gorakhpur||Gandak IWC-1, Gorakhpur||ID-1, maharajganj",True,"{'Flood': 0, 'Embankment': 0, 'embkt': 0, 'Relief': 0, 'Erosion': 0, 'SDRF': 0, 'Inundation': 0, 'Hydrology': 0, 'Silt': 1, 'Siltation': 0, 'Bund': 0, 'Trench': 0, 'Breach': 0, 'Culvert': 0, 'Sluice': 0, 'Dyke': 0, 'Storm water drain': 0, 'Emergency': 0, 'Immediate': 0, 'IM': 0, 'AE': 0, 'A E': 0, 'AAPDA MITRA': 0, 'Bridge': 0, 'River': 0, 'Drain': 0, 'Restoration': 0, 'Protection': 0, 'irr': 0, 'irrigation': 0, 'dam': 0, 'Nallah': 0, 'Retrofitting': 0, 'Pond': 0, 'Pokhari': 0, 'D/C': 0, 'Recharge shaft': 0, 'LFB': 0, 'RFB': 0}","{'Floodlight': 0, 'Flood Light': 0, 'GAS': 0, 'FIFA': 0, 'pipe': 0, 'pipes': 0, 'covid': 0, 'supply': 0, 'Beautification': 0, 'Installation': 0}",Post-Monsoon,,False,True,Repair and Restoration,{'mr': 1}
2023_UPIDC_876177_2,E-Nilami-01/EE/23-24,Silt Auction of Bauliya Mr. From km 0.000 to km 0.800,,,,,,,,,,,,,,,,"U P Irrigation Department (Civil)||Chief Engineer-Gandak, Gorakhpur||Gandak IWC-1, Gorakhpur||ID-1, maharajganj",,,,,,"22,540",,2024-10-22,"U P Irrigation Department (Civil)||Chief Engineer-Gandak, Gorakhpur||Gandak IWC-1, Gorakhpur||ID-1, maharajganj",True,"{'Flood': 0, 'Embankment': 0, 'embkt': 0, 'Relief': 0, 'Erosion': 0, 'SDRF': 0, 'Inundation': 0, 'Hydrology': 0, 'Silt': 1, 'Siltation': 0, 'Bund': 0, 'Trench': 0, 'Breach': 0, 'Culvert': 0, 'Sluice': 0, 'Dyke': 0, 'Storm water drain': 0, 'Emergency': 0, 'Immediate': 0, 'IM': 0, 'AE': 0, 'A E': 0, 'AAPDA MITRA': 0, 'Bridge': 0, 'River': 0, 'Drain': 0, 'Restoration': 0, 'Protection': 0, 'irr': 0, 'irrigation': 0, 'dam': 0, 'Nallah': 0, 'Retrofitting': 0, 'Pond': 0, 'Pokhari': 0, 'D/C': 0, 'Recharge shaft': 0, 'LFB': 0, 'RFB': 0}","{'Floodlight': 0, 'Flood Light': 0, 'GAS': 0, 'FIFA': 0, 'pipe': 0, 'pipes': 0, 'covid': 0, 'supply': 0, 'Beautification': 0, 'Installation': 0}",Post-Monsoon,,False,True,Repair and Restoration,{'mr': 1}
2023_UPIDC_876177_4,E-Nilami-01/EE/23-24,"Silt Auction of Sawna Dy, From km 0.000 to km 1.400",,,,,,,,,,,,,,,,"U P Irrigation Department (Civil)||Chief Engineer-Gandak, Gorakhpur||Gandak IWC-1, Gorakhpur||ID-1, maharajganj",,,,,,"42,187.5",,2024-10-22,"U P Irrigation Department (Civil)||Chief Engineer-Gandak, Gorakhpur||Gandak IWC-1, Gorakhpur||ID-1, maharajganj",True,"{'Flood': 0, 'Embankment': 0, 'embkt': 0, 'Relief': 0, 'Erosion': 0, 'SDRF': 0, 'Inundation': 0, 'Hydrology': 0, 'Silt': 1, 'Siltation': 0, 'Bund': 0, 'Trench': 0, 'Breach': 0, 'Culvert': 0, 'Sluice': 0, 'Dyke': 0, 'Storm water drain': 0, 'Emergency': 0, 'Immediate': 0, 'IM': 0, 'AE': 0, 'A E': 0, 'AAPDA MITRA': 0, 'Bridge': 0, 'River': 0, 'Drain': 0, 'Restoration': 0, 'Protection': 0, 'irr': 0, 'irrigation': 0, 'dam': 0, 'Nallah': 0, 'Retrofitting': 0, 'Pond': 0, 'Pokhari': 0, 'D/C': 0, 'Recharge shaft': 0, 'LFB': 0, 'RFB': 0}","{'Floodlight': 0, 'Flood Light': 0, 'GAS': 0, 'FIFA': 0, 'pipe': 0, 'pipes': 0, 'covid': 0, 'supply': 0, 'Beautification': 0, 'Installation': 0}",Post-Monsoon,,False,True,Others,
2023_UPIDC_858053_14,04/EE/2023-2024,Lot No.-4- Earth work in silt clearance of Chandpur Dy. From Km 7.020 to  Km 20.200,,,,,,,,,,,,,,,,"U P Irrigation Department (Civil)||Chief Engineer-Sharda Sahayak, Lucknow||XI Circle Irrigation Works, Faizabad||ID, faizabad",,,,,,"284,625.7",,2024-10-23,"U P Irrigation Department (Civil)||Chief Engineer-Sharda Sahayak, Lucknow||XI Circle Irrigation Works, Faizabad||ID, faizabad",True,"{'Flood': 0, 'Embankment': 0, 'embkt': 0, 'Relief': 0, 'Erosion': 0, 'SDRF': 0, 'Inundation': 0, 'Hydrology': 0, 'Silt': 1, 'Siltation': 0, 'Bund': 0, 'Trench': 0, 'Breach': 0, 'Culvert': 0, 'Sluice': 0, 'Dyke': 0, 'Storm water drain': 0, 'Emergency': 0, 'Immediate': 0, 'IM': 0, 'AE': 0, 'A E': 0, 'AAPDA MITRA': 0, 'Bridge': 0, 'River': 0, 'Drain': 0, 'Restoration': 0, 'Protection': 0, 'irr': 0, 'irrigation': 0, 'dam': 0, 'Nallah': 0, 'Retrofitting': 0, 'Pond': 0, 'Pokhari': 0, 'D/C': 0, 'Recharge shaft': 0, 'LFB': 0, 'RFB': 0}","{'Floodlight': 0, 'Flood Light': 0, 'GAS': 0, 'FIFA': 0, 'pipe': 0, 'pipes': 0, 'covid': 0, 'supply': 0, 'Beautification': 0, 'Installation': 0}",Post-Monsoon,,False,True,Others,
2023_UPIDC_858053_15,04/EE/2023-2024,Lot No.-5- Earth work in silt clearance of Awanpur Dy from Km 4.000 to Km 9.600 and scraping from Km. 9.600 to Km 11.200,,,,,,,,,,,,,,,,"U P Irrigation Department (Civil)||Chief Engineer-Sharda Sahayak, Lucknow||XI Circle Irrigation Works, Faizabad||ID, faizabad",,,,,,"187,344.4",,2024-10-23,"U P Irrigation Department (Civil)||Chief Engineer-Sharda Sahayak, Lucknow||XI Circle Irrigation Works, Faizabad||ID, faizabad",True,"{'Flood': 0, 'Embankment': 0, 'embkt': 0, 'Relief': 0, 'Erosion': 0, 'SDRF': 0, 'Inundation': 0, 'Hydrology': 0, 'Silt': 1, 'Siltation': 0, 'Bund': 0, 'Trench': 0, 'Breach': 0, 'Culvert': 0, 'Sluice': 0, 'Dyke': 0, 'Storm water drain': 0, 'Emergency': 0, 'Immediate': 0, 'IM': 0, 'AE': 0, 'A E': 0, 'AAPDA MITRA': 0, 'Bridge': 0, 'River': 0, 'Drain': 0, 'Restoration': 0, 'Protection': 0, 'irr': 0, 'irrigation': 0, 'dam': 0, 'Nallah': 0, 'Retrofitting': 0, 'Pond': 0, 'Pokhari': 0, 'D/C': 0, 'Recharge shaft': 0, 'LFB': 0, 'RFB': 0}","{'Floodlight': 0, 'Flood Light': 0, 'GAS': 0, 'FIFA': 0, 'pipe': 0, 'pipes': 0, 'covid': 0, 'supply': 0, 'Beautification': 0, 'Installation': 0}",Post-Monsoon,,False,True,Others,
2023_UPIDC_808082_3,03/SILT AUCTION/2023-2024,LOT No-03-Silt auction of faizabad branch between km 57.170 to km 60.979,,,,,,,,,,,,,,,,"U P Irrigation Department (Civil)||Chief Engineer-Sharda Sahayak, Lucknow||XI Circle Irrigation Works, Faizabad||ID, faizabad",,,,,,"1,972,227",,2024-10-23,"U P Irrigation Department (Civil)||Chief Engineer-Sharda Sahayak, Lucknow||XI Circle Irrigation Works, Faizabad||ID, faizabad",True,"{'Flood': 0, 'Embankment': 0, 'embkt': 0, 'Relief': 0, 'Erosion': 0, 'SDRF': 0, 'Inundation': 0, 'Hydrology': 0, 'Silt': 2, 'Siltation': 0, 'Bund': 0, 'Trench': 0, 'Breach': 0, 'Culvert': 0, 'Sluice': 0, 'Dyke': 0, 'Storm water drain': 0, 'Emergency': 0, 'Immediate': 0, 'IM': 0, 'AE': 0, 'A E': 0, 'AAPDA MITRA': 0, 'Bridge': 0, 'River': 0, 'Drain': 0, 'Restoration': 0, 'Protection': 0, 'irr': 0, 'irrigation': 0, 'dam': 0, 'Nallah': 0, 'Retrofitting': 0, 'Pond': 0, 'Pokhari': 0, 'D/C': 0, 'Recharge shaft': 0, 'LFB': 0, 'RFB': 0}","{'Floodlight': 0, 'Flood Light': 0, 'GAS': 0, 'FIFA': 0, 'pipe': 0, 'pipes': 0, 'covid': 0, 'supply': 0, 'Beautification': 0, 'Installation': 0}",Post-Monsoon,,False,True,Others,
2023_UPIDC_808082_4,03/SILT AUCTION/2023-2024,LOT No-04-Silt auction of faizabad branch between km 61.020 to km 63.873,,,,,,,,,,,,,,,,"U P Irrigation Department (Civil)||Chief Engineer-Sharda Sahayak, Lucknow||XI Circle Irrigation Works, Faizabad||ID, faizabad",,,,,,"1,537,914",,2024-10-23,"U P Irrigation Department (Civil)||Chief Engineer-Sharda Sahayak, Lucknow||XI Circle Irrigation Works, Faizabad||ID, faizabad",True,"{'Flood': 0, 'Embankment': 0, 'embkt': 0, 'Relief': 0, 'Erosion': 0, 'SDRF': 0, 'Inundation': 0, 'Hydrology': 0, 'Silt': 2, 'Siltation': 0, 'Bund': 0, 'Trench': 0, 'Breach': 0, 'Culvert': 0, 'Sluice': 0, 'Dyke': 0, 'Storm water drain': 0, 'Emergency': 0, 'Immediate': 0, 'IM': 0, 'AE': 0, 'A E': 0, 'AAPDA MITRA': 0, 'Bridge': 0, 'River': 0, 'Drain': 0, 'Restoration': 0, 'Protection': 0, 'irr': 0, 'irrigation': 0, 'dam': 0, 'Nallah': 0, 'Retrofitting': 0, 'Pond': 0, 'Pokhari': 0, 'D/C': 0, 'Recharge shaft': 0, 'LFB': 0, 'RFB': 0}","{'Floodlight': 0, 'Flood Light': 0, 'GAS': 0, 'FIFA': 0, 'pipe': 0, 'pipes': 0, 'covid': 0, 'supply': 0, 'Beautification': 0, 'Installation': 0}",Post-Monsoon,,False,True,Others,
2023_UPIDC_808557_14,01/EE/2023-2024,Lot No.14-Internal section correction  work for  of airport right drain between k.m. 18.400 to k.m. 16.700 for water  drainage of underconstruction maryada purushottam shreeram ayodhya international airport in district ayodhya,,,,,,,,,,,,,,,,"U P Irrigation Department (Civil)||Chief Engineer-Sharda Sahayak, Lucknow||XI Circle Irrigation Works, Faizabad||ID, faizabad",,,,,,"468,906.75",,2024-10-23,"U P Irrigation Department (Civil)||Chief Engineer-Sharda Sahayak, Lucknow||XI Circle Irrigation Works, Faizabad||ID, faizabad",True,"{'Flood': 0, 'Embankment': 0, 'embkt': 0, 'Relief': 0, 'Erosion': 0, 'SDRF': 0, 'Inundation': 0, 'Hydrology': 0, 'Silt': 0, 'Siltation': 0, 'Bund': 0, 'Trench': 0, 'Breach': 0, 'Culvert': 0, 'Sluice': 0, 'Dyke': 0, 'Storm water drain': 0, 'Emergency': 0, 'Immediate': 0, 'IM': 0, 'AE': 0, 'A E': 0, 'AAPDA MITRA': 0, 'Bridge': 0, 'River': 0, 'Drain': 1, 'Restoration': 0, 'Protection': 0, 'irr': 0, 'irrigation': 0, 'dam': 0, 'Nallah': 0, 'Retrofitting': 0, 'Pond': 0, 'Pokhari': 0, 'D/C': 0, 'Recharge shaft': 0, 'LFB': 0, 'RFB': 0}","{'Floodlight': 0, 'Flood Light': 0, 'GAS': 0, 'FIFA': 0, 'pipe': 0, 'pipes': 0, 'covid': 0, 'supply': 0, 'Beautification': 0, 'Installation': 0}",Post-Monsoon,,False,True,Repair and Restoration,{'Drain': 1}
2023_DVVNL_785205_1,EDCBNDA-54/2022-23,"The work of maintainance and repairing of 11 KV/LT Lines due to damaged in emergency period under EUDD, Banda",,,,,,,,,,,,,,,,Dakshinanchal Vidyut Vitran Nigam Ltd.,,,,,,"195,549.6",,2024-10-06,Dakshinanchal Vidyut Vitran Nigam Ltd.,True,"{'Flood': 0, 'Embankment': 0, 'embkt': 0, 'Relief': 0, 'Erosion': 0, 'SDRF': 0, 'Inundation': 0, 'Hydrology': 0, 'Silt': 0, 'Siltation': 0, 'Bund': 0, 'Trench': 0, 'Breach': 0, 'Culvert': 0, 'Sluice': 0, 'Dyke': 0, 'Storm water drain': 0, 'Emergency': 1, 'Immediate': 0, 'IM': 0, 'AE': 0, 'A E': 0, 'AAPDA MITRA': 0, 'Bridge': 0, 'River': 0, 'Drain': 0, 'Restoration': 0, 'Protection': 0, 'irr': 0, 'irrigation': 0, 'dam': 0, 'Nallah': 0, 'Retrofitting': 0, 'Pond': 0, 'Pokhari': 0, 'D/C': 0, 'Recharge shaft': 0, 'LFB': 0, 'RFB': 0}","{'Floodlight': 0, 'Flood Light': 0, 'GAS': 0, 'FIFA': 0, 'pipe': 0, 'pipes': 0, 'covid': 0, 'supply': 0, 'Beautification': 0, 'Installation': 0}",Post-Monsoon,,False,False,Repair and Restoration,{'repairing': 1}
2024_UPIDC_957601_37,03/EE/2024-25,S/E FOR SILT CLEARANCE  OF PAWARI MINIOR FROM KM. 0.000 to 9.760,,,,,,,,,,,,,,,,"U P Irrigation Department (Civil)||Chief Engineer-Ganga, Meerut||Irrigation Works Circle, Mathura||ID, hathras",,,,,,"230,362",,2024-10-16,"U P Irrigation Department (Civil)||Chief Engineer-Ganga, Meerut||Irrigation Works Circle, Mathura||ID, hathras",True,"{'Flood': 0, 'Embankment': 0, 'embkt': 0, 'Relief': 0, 'Erosion': 0, 'SDRF': 0, 'Inundation': 0, 'Hydrology': 0, 'Silt': 1, 'Siltation': 0, 'Bund': 0, 'Trench': 0, 'Breach': 0, 'Culvert': 0, 'Sluice': 0, 'Dyke': 0, 'Storm water drain': 0, 'Emergency': 0, 'Immediate': 0, 'IM': 0, 'AE': 0, 'A E': 0, 'AAPDA MITRA': 0, 'Bridge': 0, 'River': 0, 'Drain': 0, 'Restoration': 0, 'Protection': 0, 'irr': 0, 'irrigation': 0, 'dam': 0, 'Nallah': 0, 'Retrofitting': 0, 'Pond': 0, 'Pokhari': 0, 'D/C': 0, 'Recharge shaft': 0, 'LFB': 0, 'RFB': 0}","{'Floodlight': 0, 'Flood Light': 0, 'GAS': 0, 'FIFA': 0, 'pipe': 0, 'pipes': 0, 'covid': 0, 'supply': 0, 'Beautification': 0, 'Installation': 0}",Post-Monsoon,,False,True,Others,
2024_UPIDC_957601_37,03/EE/2024-25,S/E FOR SILT CLEARANCE  OF PAWARI MINIOR FROM KM. 0.000 to 9.760,,,,,,,,,,,,,,,,"U P Irrigation Department (Civil)||Chief Engineer-Ganga, Meerut||Irrigation Works Circle, Mathura||ID, hathras",,,,,,"230,362",,2024-10-16,"U P Irrigation Department (Civil)||Chief Engineer-Ganga, Meerut||Irrigation Works Circle, Mathura||ID, hathras",True,"{'Flood': 0, 'Embankment': 0, 'embkt': 0, 'Relief': 0, 'Erosion': 0, 'SDRF': 0, 'Inundation': 0, 'Hydrology': 0, 'Silt': 1, 'Siltation': 0, 'Bund': 0, 'Trench': 0, 'Breach': 0, 'Culvert': 0, 'Sluice': 0, 'Dyke': 0, 'Storm water drain': 0, 'Emergency': 0, 'Immediate': 0, 'IM': 0, 'AE': 0, 'A E': 0, 'AAPDA MITRA': 0, 'Bridge': 0, 'River': 0, 'Drain': 0, 'Restoration': 0, 'Protection': 0, 'irr': 0, 'irrigation': 0, 'dam': 0, 'Nallah': 0, 'Retrofitting': 0, 'Pond': 0, 'Pokhari': 0, 'D/C': 0, 'Recharge shaft': 0, 'LFB': 0, 'RFB': 0}","{'Floodlight': 0, 'Flood Light': 0, 'GAS': 0, 'FIFA': 0, 'pipe': 0, 'pipes': 0, 'covid': 0, 'supply': 0, 'Beautification': 0, 'Installation': 0}",Post-Monsoon,,False,True,Others,
2024_UPIDC_957601_5,03/EE/2024-25,SILT CLEARANCE OF Jujhar Dy    FROM KM. 0.00  TO   KM. 13.200,,,,,,,,,,,,,,,,"U P Irrigation Department (Civil)||Chief Engineer-Ganga, Meerut||Irrigation Works Circle, Mathura||ID, hathras",,,,,,"443,387",,2024-10-16,"U P Irrigation Department (Civil)||Chief Engineer-Ganga, Meerut||Irrigation Works Circle, Mathura||ID, hathras",True,"{'Flood': 0, 'Embankment': 0, 'embkt': 0, 'Relief': 0, 'Erosion': 0, 'SDRF': 0, 'Inundation': 0, 'Hydrology': 0, 'Silt': 1, 'Siltation': 0, 'Bund': 0, 'Trench': 0, 'Breach': 0, 'Culvert': 0, 'Sluice': 0, 'Dyke': 0, 'Storm water drain': 0, 'Emergency': 0, 'Immediate': 0, 'IM': 0, 'AE': 0, 'A E': 0, 'AAPDA MITRA': 0, 'Bridge': 0, 'River': 0, 'Drain': 0, 'Restoration': 0, 'Protection': 0, 'irr': 0, 'irrigation': 0, 'dam': 0, 'Nallah': 0, 'Retrofitting': 0, 'Pond': 0, 'Pokhari': 0, 'D/C': 0, 'Recharge shaft': 0, 'LFB': 0, 'RFB': 0}","{'Floodlight': 0, 'Flood Light': 0, 'GAS': 0, 'FIFA': 0, 'pipe': 0, 'pipes': 0, 'covid': 0, 'supply': 0, 'Beautification': 0, 'Installation': 0}",Post-Monsoon,,False,True,Others,
2024_UPIDC_957601_5,03/EE/2024-25,SILT CLEARANCE OF Jujhar Dy    FROM KM. 0.00  TO   KM. 13.200,,,,,,,,,,,,,,,,"U P Irrigation Department (Civil)||Chief Engineer-Ganga, Meerut||Irrigation Works Circle, Mathura||ID, hathras",,,,,,"443,387",,2024-10-16,"U P Irrigation Department (Civil)||Chief Engineer-Ganga, Meerut||Irrigation Works Circle, Mathura||ID, hathras",True,"{'Flood': 0, 'Embankment': 0, 'embkt': 0, 'Relief': 0, 'Erosion': 0, 'SDRF': 0, 'Inundation': 0, 'Hydrology': 0, 'Silt': 1, 'Siltation': 0, 'Bund': 0, 'Trench': 0, 'Breach': 0, 'Culvert': 0, 'Sluice': 0, 'Dyke': 0, 'Storm water drain': 0, 'Emergency': 0, 'Immediate': 0, 'IM': 0, 'AE': 0, 'A E': 0, 'AAPDA MITRA': 0, 'Bridge': 0, 'River': 0, 'Drain': 0, 'Restoration': 0, 'Protection': 0, 'irr': 0, 'irrigation': 0, 'dam': 0, 'Nallah': 0, 'Retrofitting': 0, 'Pond': 0, 'Pokhari': 0, 'D/C': 0, 'Recharge shaft': 0, 'LFB': 0, 'RFB': 0}","{'Floodlight': 0, 'Flood Light': 0, 'GAS': 0, 'FIFA': 0, 'pipe': 0, 'pipes': 0, 'covid': 0, 'supply': 0, 'Beautification': 0, 'Installation': 0}",Post-Monsoon,,False,True,Others,
2024_UPIDC_957601_6,03/EE/2024-25,SILT CLEARANCE OF  Jagner Minor   FROM KM. 0.00  TO   KM. 3.400,,,,,,,,,,,,,,,,"U P Irrigation Department (Civil)||Chief Engineer-Ganga, Meerut||Irrigation Works Circle, Mathura||ID, hathras",,,,,,"86,216",,2024-10-16,"U P Irrigation Department (Civil)||Chief Engineer-Ganga, Meerut||Irrigation Works Circle, Mathura||ID, hathras",True,"{'Flood': 0, 'Embankment': 0, 'embkt': 0, 'Relief': 0, 'Erosion': 0, 'SDRF': 0, 'Inundation': 0, 'Hydrology': 0, 'Silt': 1, 'Siltation': 0, 'Bund': 0, 'Trench': 0, 'Breach': 0, 'Culvert': 0, 'Sluice': 0, 'Dyke': 0, 'Storm water drain': 0, 'Emergency': 0, 'Immediate': 0, 'IM': 0, 'AE': 0, 'A E': 0, 'AAPDA MITRA': 0, 'Bridge': 0, 'River': 0, 'Drain': 0, 'Restoration': 0, 'Protection': 0, 'irr': 0, 'irrigation': 0, 'dam': 0, 'Nallah': 0, 'Retrofitting': 0, 'Pond': 0, 'Pokhari': 0, 'D/C': 0, 'Recharge shaft': 0, 'LFB': 0, 'RFB': 0}","{'Floodlight': 0, 'Flood Light': 0, 'GAS': 0, 'FIFA': 0, 'pipe': 0, 'pipes': 0, 'covid': 0, 'supply': 0, 'Beautification': 0, 'Installation': 0}",Post-Monsoon,,False,True,Others,
2024_UPIDC_957601_8,03/EE/2024-25,SILT CLEARANCE OF  Gonda Dy    FROM KM. 0.00  TO   KM. 13.000,,,,,,,,,,,,,,,,"U P Irrigation Department (Civil)||Chief Engineer-Ganga, Meerut||Irrigation Works Circle, Mathura||ID, hathras",,,,,,"367,709",,2024-10-16,"U P Irrigation Department (Civil)||Chief Engineer-Ganga, Meerut||Irrigation Works Circle, Mathura||ID, hathras",True,"{'Flood': 0, 'Embankment': 0, 'embkt': 0, 'Relief': 0, 'Erosion': 0, 'SDRF': 0, 'Inundation': 0, 'Hydrology': 0, 'Silt': 1, 'Siltation': 0, 'Bund': 0, 'Trench': 0, 'Breach': 0, 'Culvert': 0, 'Sluice': 0, 'Dyke': 0, 'Storm water drain': 0, 'Emergency': 0, 'Immediate': 0, 'IM': 0, 'AE': 0, 'A E': 0, 'AAPDA MITRA': 0, 'Bridge': 0, 'River': 0, 'Drain': 0, 'Restoration': 0, 'Protection': 0, 'irr': 0, 'irrigation': 0, 'dam': 0, 'Nallah': 0, 'Retrofitting': 0, 'Pond': 0, 'Pokhari': 0, 'D/C': 0, 'Recharge shaft': 0, 'LFB': 0, 'RFB': 0}","{'Floodlight': 0, 'Flood Light': 0, 'GAS': 0, 'FIFA': 0, 'pipe': 0, 'pipes': 0, 'covid': 0, 'supply': 0, 'Beautification': 0, 'Installation': 0}",Post-Monsoon,,False,True,Others,
2024_UPIDC_957601_8,03/EE/2024-25,SILT CLEARANCE OF  Gonda Dy    FROM KM. 0.00  TO   KM. 13.000,,,,,,,,,,,,,,,,"U P Irrigation Department (Civil)||Chief Engineer-Ganga, Meerut||Irrigation Works Circle, Mathura||ID, hathras",,,,,,"367,709",,2024-10-16,"U P Irrigation Department (Civil)||Chief Engineer-Ganga, Meerut||Irrigation Works Circle, Mathura||ID, hathras",True,"{'Flood': 0, 'Embankment': 0, 'embkt': 0, 'Relief': 0, 'Erosion': 0, 'SDRF': 0, 'Inundation': 0, 'Hydrology': 0, 'Silt': 1, 'Siltation': 0, 'Bund': 0, 'Trench': 0, 'Breach': 0, 'Culvert': 0, 'Sluice': 0, 'Dyke': 0, 'Storm water drain': 0, 'Emergency': 0, 'Immediate': 0, 'IM': 0, 'AE': 0, 'A E': 0, 'AAPDA MITRA': 0, 'Bridge': 0, 'River': 0, 'Drain': 0, 'Restoration': 0, 'Protection': 0, 'irr': 0, 'irrigation': 0, 'dam': 0, 'Nallah': 0, 'Retrofitting': 0, 'Pond': 0, 'Pokhari': 0, 'D/C': 0, 'Recharge shaft': 0, 'LFB': 0, 'RFB': 0}","{'Floodlight': 0, 'Flood Light': 0, 'GAS': 0, 'FIFA': 0, 'pipe': 0, 'pipes': 0, 'covid': 0, 'supply': 0, 'Beautification': 0, 'Installation': 0}",Post-Monsoon,,False,True,Others,
2024_UPIDC_957601_9,03/EE/2024-25,SILT CLEARANCE OF  BADHAR MINOR    FROM KM. 0.00  TO   KM. 3.200,,,,,,,,,,,,,,,,"U P Irrigation Department (Civil)||Chief Engineer-Ganga, Meerut||Irrigation Works Circle, Mathura||ID, hathras",,,,,,"63,362",,2024-10-17,"U P Irrigation Department (Civil)||Chief Engineer-Ganga, Meerut||Irrigation Works Circle, Mathura||ID, hathras",True,"{'Flood': 0, 'Embankment': 0, 'embkt': 0, 'Relief': 0, 'Erosion': 0, 'SDRF': 0, 'Inundation': 0, 'Hydrology': 0, 'Silt': 1, 'Siltation': 0, 'Bund': 0, 'Trench': 0, 'Breach': 0, 'Culvert': 0, 'Sluice': 0, 'Dyke': 0, 'Storm water drain': 0, 'Emergency': 0, 'Immediate': 0, 'IM': 0, 'AE': 0, 'A E': 0, 'AAPDA MITRA': 0, 'Bridge': 0, 'River': 0, 'Drain': 0, 'Restoration': 0, 'Protection': 0, 'irr': 0, 'irrigation': 0, 'dam': 0, 'Nallah': 0, 'Retrofitting': 0, 'Pond': 0, 'Pokhari': 0, 'D/C': 0, 'Recharge shaft': 0, 'LFB': 0, 'RFB': 0}","{'Floodlight': 0, 'Flood Light': 0, 'GAS': 0, 'FIFA': 0, 'pipe': 0, 'pipes': 0, 'covid': 0, 'supply': 0, 'Beautification': 0, 'Installation': 0}",Post-Monsoon,,False,True,Others,
2024_UPIDC_957601_31,03/EE/2024-25,Estimate  for Silt Clearance of  GHIROLI Mr. from Km 0.000 to Km 4.160,,,,,,,,,,,,,,,,"U P Irrigation Department (Civil)||Chief Engineer-Ganga, Meerut||Irrigation Works Circle, Mathura||ID, hathras",,,,,,"72,730",,2024-10-16,"U P Irrigation Department (Civil)||Chief Engineer-Ganga, Meerut||Irrigation Works Circle, Mathura||ID, hathras",True,"{'Flood': 0, 'Embankment': 0, 'embkt': 0, 'Relief': 0, 'Erosion': 0, 'SDRF': 0, 'Inundation': 0, 'Hydrology': 0, 'Silt': 1, 'Siltation': 0, 'Bund': 0, 'Trench': 0, 'Breach': 0, 'Culvert': 0, 'Sluice': 0, 'Dyke': 0, 'Storm water drain': 0, 'Emergency': 0, 'Immediate': 0, 'IM': 0, 'AE': 0, 'A E': 0, 'AAPDA MITRA': 0, 'Bridge': 0, 'River': 0, 'Drain': 0, 'Restoration': 0, 'Protection': 0, 'irr': 0, 'irrigation': 0, 'dam': 0, 'Nallah': 0, 'Retrofitting': 0, 'Pond': 0, 'Pokhari': 0, 'D/C': 0, 'Recharge shaft': 0, 'LFB': 0, 'RFB': 0}","{'Floodlight': 0, 'Flood Light': 0, 'GAS': 0, 'FIFA': 0, 'pipe': 0, 'pipes': 0, 'covid': 0, 'supply': 0, 'Beautification': 0, 'Installation': 0}",Post-Monsoon,,False,True,Repair and Restoration,{'mr': 1}
2024_UPIDC_957601_31,03/EE/2024-25,Estimate  for Silt Clearance of  GHIROLI Mr. from Km 0.000 to Km 4.160,,,,,,,,,,,,,,,,"U P Irrigation Department (Civil)||Chief Engineer-Ganga, Meerut||Irrigation Works Circle, Mathura||ID, hathras",,,,,,"72,730",,2024-10-16,"U P Irrigation Department (Civil)||Chief Engineer-Ganga, Meerut||Irrigation Works Circle, Mathura||ID, hathras",True,"{'Flood': 0, 'Embankment': 0, 'embkt': 0, 'Relief': 0, 'Erosion': 0, 'SDRF': 0, 'Inundation': 0, 'Hydrology': 0, 'Silt': 1, 'Siltation': 0, 'Bund': 0, 'Trench': 0, 'Breach': 0, 'Culvert': 0, 'Sluice': 0, 'Dyke': 0, 'Storm water drain': 0, 'Emergency': 0, 'Immediate': 0, 'IM': 0, 'AE': 0, 'A E': 0, 'AAPDA MITRA': 0, 'Bridge': 0, 'River': 0, 'Drain': 0, 'Restoration': 0, 'Protection': 0, 'irr': 0, 'irrigation': 0, 'dam': 0, 'Nallah': 0, 'Retrofitting': 0, 'Pond': 0, 'Pokhari': 0, 'D/C': 0, 'Recharge shaft': 0, 'LFB': 0, 'RFB': 0}","{'Floodlight': 0, 'Flood Light': 0, 'GAS': 0, 'FIFA': 0, 'pipe': 0, 'pipes': 0, 'covid': 0, 'supply': 0, 'Beautification': 0, 'Installation': 0}",Post-Monsoon,,False,True,Repair and Restoration,{'mr': 1}
2024_UPIDC_957601_31,03/EE/2024-25,Estimate  for Silt Clearance of  GHIROLI Mr. from Km 0.000 to Km 4.160,,,,,,,,,,,,,,,,"U P Irrigation Department (Civil)||Chief Engineer-Ganga, Meerut||Irrigation Works Circle, Mathura||ID, hathras",,,,,,"72,730",,2024-10-16,"U P Irrigation Department (Civil)||Chief Engineer-Ganga, Meerut||Irrigation Works Circle, Mathura||ID, hathras",True,"{'Flood': 0, 'Embankment': 0, 'embkt': 0, 'Relief': 0, 'Erosion': 0, 'SDRF': 0, 'Inundation': 0, 'Hydrology': 0, 'Silt': 1, 'Siltation': 0, 'Bund': 0, 'Trench': 0, 'Breach': 0, 'Culvert': 0, 'Sluice': 0, 'Dyke': 0, 'Storm water drain': 0, 'Emergency': 0, 'Immediate': 0, 'IM': 0, 'AE': 0, 'A E': 0, 'AAPDA MITRA': 0, 'Bridge': 0, 'River': 0, 'Drain': 0, 'Restoration': 0, 'Protection': 0, 'irr': 0, 'irrigation': 0, 'dam': 0, 'Nallah': 0, 'Retrofitting': 0, 'Pond': 0, 'Pokhari': 0, 'D/C': 0, 'Recharge shaft': 0, 'LFB': 0, 'RFB': 0}","{'Floodlight': 0, 'Flood Light': 0, 'GAS': 0, 'FIFA': 0, 'pipe': 0, 'pipes': 0, 'covid': 0, 'supply': 0, 'Beautification': 0, 'Installation': 0}",Post-Monsoon,,False,True,Repair and Restoration,{'mr': 1}
2024_UPIDC_957601_31,03/EE/2024-25,Estimate  for Silt Clearance of  GHIROLI Mr. from Km 0.000 to Km 4.160,,,,,,,,,,,,,,,,"U P Irrigation Department (Civil)||Chief Engineer-Ganga, Meerut||Irrigation Works Circle, Mathura||ID, hathras",,,,,,"72,730",,2024-10-16,"U P Irrigation Department (Civil)||Chief Engineer-Ganga, Meerut||Irrigation Works Circle, Mathura||ID, hathras",True,"{'Flood': 0, 'Embankment': 0, 'embkt': 0, 'Relief': 0, 'Erosion': 0, 'SDRF': 0, 'Inundation': 0, 'Hydrology': 0, 'Silt': 1, 'Siltation': 0, 'Bund': 0, 'Trench': 0, 'Breach': 0, 'Culvert': 0, 'Sluice': 0, 'Dyke': 0, 'Storm water drain': 0, 'Emergency': 0, 'Immediate': 0, 'IM': 0, 'AE': 0, 'A E': 0, 'AAPDA MITRA': 0, 'Bridge': 0, 'River': 0, 'Drain': 0, 'Restoration': 0, 'Protection': 0, 'irr': 0, 'irrigation': 0, 'dam': 0, 'Nallah': 0, 'Retrofitting': 0, 'Pond': 0, 'Pokhari': 0, 'D/C': 0, 'Recharge shaft': 0, 'LFB': 0, 'RFB': 0}","{'Floodlight': 0, 'Flood Light': 0, 'GAS': 0, 'FIFA': 0, 'pipe': 0, 'pipes': 0, 'covid': 0, 'supply': 0, 'Beautification': 0, 'Installation': 0}",Post-Monsoon,,False,True,Repair and Restoration,{'mr': 1}
2024_UPIDC_957601_31,03/EE/2024-25,Estimate  for Silt Clearance of  GHIROLI Mr. from Km 0.000 to Km 4.160,,,,,,,,,,,,,,,,"U P Irrigation Department (Civil)||Chief Engineer-Ganga, Meerut||Irrigation Works Circle, Mathura||ID, hathras",,,,,,"72,730",,2024-10-16,"U P Irrigation Department (Civil)||Chief Engineer-Ganga, Meerut||Irrigation Works Circle, Mathura||ID, hathras",True,"{'Flood': 0, 'Embankment': 0, 'embkt': 0, 'Relief': 0, 'Erosion': 0, 'SDRF': 0, 'Inundation': 0, 'Hydrology': 0, 'Silt': 1, 'Siltation': 0, 'Bund': 0, 'Trench': 0, 'Breach': 0, 'Culvert': 0, 'Sluice': 0, 'Dyke': 0, 'Storm water drain': 0, 'Emergency': 0, 'Immediate': 0, 'IM': 0, 'AE': 0, 'A E': 0, 'AAPDA MITRA': 0, 'Bridge': 0, 'River': 0, 'Drain': 0, 'Restoration': 0, 'Protection': 0, 'irr': 0, 'irrigation': 0, 'dam': 0, 'Nallah': 0, 'Retrofitting': 0, 'Pond': 0, 'Pokhari': 0, 'D/C': 0, 'Recharge shaft': 0, 'LFB': 0, 'RFB': 0}","{'Floodlight': 0, 'Flood Light': 0, 'GAS': 0, 'FIFA': 0, 'pipe': 0, 'pipes': 0, 'covid': 0, 'supply': 0, 'Beautification': 0, 'Installation': 0}",Post-Monsoon,,False,True,Repair and Restoration,{'mr': 1}
2024_UPIDC_957601_34,03/EE/2024-25,S/E FOR SILT CLEARANCE  OF UMERGRAH MINIOR FROM KM. 0.000 to2.400,,,,,,,,,,,,,,,,"U P Irrigation Department (Civil)||Chief Engineer-Ganga, Meerut||Irrigation Works Circle, Mathura||ID, hathras",,,,,,"39,404",,2024-10-17,"U P Irrigation Department (Civil)||Chief Engineer-Ganga, Meerut||Irrigation Works Circle, Mathura||ID, hathras",True,"{'Flood': 0, 'Embankment': 0, 'embkt': 0, 'Relief': 0, 'Erosion': 0, 'SDRF': 0, 'Inundation': 0, 'Hydrology': 0, 'Silt': 1, 'Siltation': 0, 'Bund': 0, 'Trench': 0, 'Breach': 0, 'Culvert': 0, 'Sluice': 0, 'Dyke': 0, 'Storm water drain': 0, 'Emergency': 0, 'Immediate': 0, 'IM': 0, 'AE': 0, 'A E': 0, 'AAPDA MITRA': 0, 'Bridge': 0, 'River': 0, 'Drain': 0, 'Restoration': 0, 'Protection': 0, 'irr': 0, 'irrigation': 0, 'dam': 0, 'Nallah': 0, 'Retrofitting': 0, 'Pond': 0, 'Pokhari': 0, 'D/C': 0, 'Recharge shaft': 0, 'LFB': 0, 'RFB': 0}","{'Floodlight': 0, 'Flood Light': 0, 'GAS': 0, 'FIFA': 0, 'pipe': 0, 'pipes': 0, 'covid': 0, 'supply': 0, 'Beautification': 0, 'Installation': 0}",Post-Monsoon,,False,True,Others,
2024_UPIDC_957601_34,03/EE/2024-25,S/E FOR SILT CLEARANCE  OF UMERGRAH MINIOR FROM KM. 0.000 to2.400,,,,,,,,,,,,,,,,"U P Irrigation Department (Civil)||Chief Engineer-Ganga, Meerut||Irrigation Works Circle, Mathura||ID, hathras",,,,,,"39,404",,2024-10-17,"U P Irrigation Department (Civil)||Chief Engineer-Ganga, Meerut||Irrigation Works Circle, Mathura||ID, hathras",True,"{'Flood': 0, 'Embankment': 0, 'embkt': 0, 'Relief': 0, 'Erosion': 0, 'SDRF': 0, 'Inundation': 0, 'Hydrology': 0, 'Silt': 1, 'Siltation': 0, 'Bund': 0, 'Trench': 0, 'Breach': 0, 'Culvert': 0, 'Sluice': 0, 'Dyke': 0, 'Storm water drain': 0, 'Emergency': 0, 'Immediate': 0, 'IM': 0, 'AE': 0, 'A E': 0, 'AAPDA MITRA': 0, 'Bridge': 0, 'River': 0, 'Drain': 0, 'Restoration': 0, 'Protection': 0, 'irr': 0, 'irrigation': 0, 'dam': 0, 'Nallah': 0, 'Retrofitting': 0, 'Pond': 0, 'Pokhari': 0, 'D/C': 0, 'Recharge shaft': 0, 'LFB': 0, 'RFB': 0}","{'Floodlight': 0, 'Flood Light': 0, 'GAS': 0, 'FIFA': 0, 'pipe': 0, 'pipes': 0, 'covid': 0, 'supply': 0, 'Beautification': 0, 'Installation': 0}",Post-Monsoon,,False,True,Others,
2024_UPIDC_957601_34,03/EE/2024-25,S/E FOR SILT CLEARANCE  OF UMERGRAH MINIOR FROM KM. 0.000 to2.400,,,,,,,,,,,,,,,,"U P Irrigation Department (Civil)||Chief Engineer-Ganga, Meerut||Irrigation Works Circle, Mathura||ID, hathras",,,,,,"39,404",,2024-10-17,"U P Irrigation Department (Civil)||Chief Engineer-Ganga, Meerut||Irrigation Works Circle, Mathura||ID, hathras",True,"{'Flood': 0, 'Embankment': 0, 'embkt': 0, 'Relief': 0, 'Erosion': 0, 'SDRF': 0, 'Inundation': 0, 'Hydrology': 0, 'Silt': 1, 'Siltation': 0, 'Bund': 0, 'Trench': 0, 'Breach': 0, 'Culvert': 0, 'Sluice': 0, 'Dyke': 0, 'Storm water drain': 0, 'Emergency': 0, 'Immediate': 0, 'IM': 0, 'AE': 0, 'A E': 0, 'AAPDA MITRA': 0, 'Bridge': 0, 'River': 0, 'Drain': 0, 'Restoration': 0, 'Protection': 0, 'irr': 0, 'irrigation': 0, 'dam': 0, 'Nallah': 0, 'Retrofitting': 0, 'Pond': 0, 'Pokhari': 0, 'D/C': 0, 'Recharge shaft': 0, 'LFB': 0, 'RFB': 0}","{'Floodlight': 0, 'Flood Light': 0, 'GAS': 0, 'FIFA': 0, 'pipe': 0, 'pipes': 0, 'covid': 0, 'supply': 0, 'Beautification': 0, 'Installation': 0}",Post-Monsoon,,False,True,Others,
2024_UPIDC_957601_35,03/EE/2024-25,S/E FOR SILT CLEARANCE  OF SONA MINIOR FROM KM. 0.000 to7.360,,,,,,,,,,,,,,,,"U P Irrigation Department (Civil)||Chief Engineer-Ganga, Meerut||Irrigation Works Circle, Mathura||ID, hathras",,,,,,"168,355",,2024-10-16,"U P Irrigation Department (Civil)||Chief Engineer-Ganga, Meerut||Irrigation Works Circle, Mathura||ID, hathras",True,"{'Flood': 0, 'Embankment': 0, 'embkt': 0, 'Relief': 0, 'Erosion': 0, 'SDRF': 0, 'Inundation': 0, 'Hydrology': 0, 'Silt': 1, 'Siltation': 0, 'Bund': 0, 'Trench': 0, 'Breach': 0, 'Culvert': 0, 'Sluice': 0, 'Dyke': 0, 'Storm water drain': 0, 'Emergency': 0, 'Immediate': 0, 'IM': 0, 'AE': 0, 'A E': 0, 'AAPDA MITRA': 0, 'Bridge': 0, 'River': 0, 'Drain': 0, 'Restoration': 0, 'Protection': 0, 'irr': 0, 'irrigation': 0, 'dam': 0, 'Nallah': 0, 'Retrofitting': 0, 'Pond': 0, 'Pokhari': 0, 'D/C': 0, 'Recharge shaft': 0, 'LFB': 0, 'RFB': 0}","{'Floodlight': 0, 'Flood Light': 0, 'GAS': 0, 'FIFA': 0, 'pipe': 0, 'pipes': 0, 'covid': 0, 'supply': 0, 'Beautification': 0, 'Installation': 0}",Post-Monsoon,,False,True,Others,
2024_UPIDC_957601_31,03/EE/2024-25,Estimate  for Silt Clearance of  GHIROLI Mr. from Km 0.000 to Km 4.160,,,,,,,,,,,,,,,,"U P Irrigation Department (Civil)||Chief Engineer-Ganga, Meerut||Irrigation Works Circle, Mathura||ID, hathras",,,,,,"72,730",,2024-10-16,"U P Irrigation Department (Civil)||Chief Engineer-Ganga, Meerut||Irrigation Works Circle, Mathura||ID, hathras",True,"{'Flood': 0, 'Embankment': 0, 'embkt': 0, 'Relief': 0, 'Erosion': 0, 'SDRF': 0, 'Inundation': 0, 'Hydrology': 0, 'Silt': 1, 'Siltation': 0, 'Bund': 0, 'Trench': 0, 'Breach': 0, 'Culvert': 0, 'Sluice': 0, 'Dyke': 0, 'Storm water drain': 0, 'Emergency': 0, 'Immediate': 0, 'IM': 0, 'AE': 0, 'A E': 0, 'AAPDA MITRA': 0, 'Bridge': 0, 'River': 0, 'Drain': 0, 'Restoration': 0, 'Protection': 0, 'irr': 0, 'irrigation': 0, 'dam': 0, 'Nallah': 0, 'Retrofitting': 0, 'Pond': 0, 'Pokhari': 0, 'D/C': 0, 'Recharge shaft': 0, 'LFB': 0, 'RFB': 0}","{'Floodlight': 0, 'Flood Light': 0, 'GAS': 0, 'FIFA': 0, 'pipe': 0, 'pipes': 0, 'covid': 0, 'supply': 0, 'Beautification': 0, 'Installation': 0}",Post-Monsoon,,False,True,Repair and Restoration,{'mr': 1}
2024_UPIDC_957601_2,03/EE/2024-25,SILT CLEARANCE OF  KOTA MINOR    FROM KM. 0.00  TO   KM. 5.760,,,,,,,,,,,,,,,,"U P Irrigation Department (Civil)||Chief Engineer-Ganga, Meerut||Irrigation Works Circle, Mathura||ID, hathras",,,,,,"167,073",,2024-10-16,"U P Irrigation Department (Civil)||Chief Engineer-Ganga, Meerut||Irrigation Works Circle, Mathura||ID, hathras",True,"{'Flood': 0, 'Embankment': 0, 'embkt': 0, 'Relief': 0, 'Erosion': 0, 'SDRF': 0, 'Inundation': 0, 'Hydrology': 0, 'Silt': 1, 'Siltation': 0, 'Bund': 0, 'Trench': 0, 'Breach': 0, 'Culvert': 0, 'Sluice': 0, 'Dyke': 0, 'Storm water drain': 0, 'Emergency': 0, 'Immediate': 0, 'IM': 0, 'AE': 0, 'A E': 0, 'AAPDA MITRA': 0, 'Bridge': 0, 'River': 0, 'Drain': 0, 'Restoration': 0, 'Protection': 0, 'irr': 0, 'irrigation': 0, 'dam': 0, 'Nallah': 0, 'Retrofitting': 0, 'Pond': 0, 'Pokhari': 0, 'D/C': 0, 'Recharge shaft': 0, 'LFB': 0, 'RFB': 0}","{'Floodlight': 0, 'Flood Light': 0, 'GAS': 0, 'FIFA': 0, 'pipe': 0, 'pipes': 0, 'covid': 0, 'supply': 0, 'Beautification': 0, 'Installation': 0}",Post-Monsoon,,False,True,Others,
2024_UPIDC_957601_2,03/EE/2024-25,SILT CLEARANCE OF  KOTA MINOR    FROM KM. 0.00  TO   KM. 5.760,,,,,,,,,,,,,,,,"U P Irrigation Department (Civil)||Chief Engineer-Ganga, Meerut||Irrigation Works Circle, Mathura||ID, hathras",,,,,,"167,073",,2024-10-16,"U P Irrigation Department (Civil)||Chief Engineer-Ganga, Meerut||Irrigation Works Circle, Mathura||ID, hathras",True,"{'Flood': 0, 'Embankment': 0, 'embkt': 0, 'Relief': 0, 'Erosion': 0, 'SDRF': 0, 'Inundation': 0, 'Hydrology': 0, 'Silt': 1, 'Siltation': 0, 'Bund': 0, 'Trench': 0, 'Breach': 0, 'Culvert': 0, 'Sluice': 0, 'Dyke': 0, 'Storm water drain': 0, 'Emergency': 0, 'Immediate': 0, 'IM': 0, 'AE': 0, 'A E': 0, 'AAPDA MITRA': 0, 'Bridge': 0, 'River': 0, 'Drain': 0, 'Restoration': 0, 'Protection': 0, 'irr': 0, 'irrigation': 0, 'dam': 0, 'Nallah': 0, 'Retrofitting': 0, 'Pond': 0, 'Pokhari': 0, 'D/C': 0, 'Recharge shaft': 0, 'LFB': 0, 'RFB': 0}","{'Floodlight': 0, 'Flood Light': 0, 'GAS': 0, 'FIFA': 0, 'pipe': 0, 'pipes': 0, 'covid': 0, 'supply': 0, 'Beautification': 0, 'Installation': 0}",Post-Monsoon,,False,True,Others,
2024_UPIDC_957601_20,03/EE/2024-25,S/E FOR SILT CLEARANCE OF NAGLABEL MINOR FROM KM. 0.00 TO 3.92,,,,,,,,,,,,,,,,"U P Irrigation Department (Civil)||Chief Engineer-Ganga, Meerut||Irrigation Works Circle, Mathura||ID, hathras",,,,,,"174,242",,2024-10-16,"U P Irrigation Department (Civil)||Chief Engineer-Ganga, Meerut||Irrigation Works Circle, Mathura||ID, hathras",True,"{'Flood': 0, 'Embankment': 0, 'embkt': 0, 'Relief': 0, 'Erosion': 0, 'SDRF': 0, 'Inundation': 0, 'Hydrology': 0, 'Silt': 1, 'Siltation': 0, 'Bund': 0, 'Trench': 0, 'Breach': 0, 'Culvert': 0, 'Sluice': 0, 'Dyke': 0, 'Storm water drain': 0, 'Emergency': 0, 'Immediate': 0, 'IM': 0, 'AE': 0, 'A E': 0, 'AAPDA MITRA': 0, 'Bridge': 0, 'River': 0, 'Drain': 0, 'Restoration': 0, 'Protection': 0, 'irr': 0, 'irrigation': 0, 'dam': 0, 'Nallah': 0, 'Retrofitting': 0, 'Pond': 0, 'Pokhari': 0, 'D/C': 0, 'Recharge shaft': 0, 'LFB': 0, 'RFB': 0}","{'Floodlight': 0, 'Flood Light': 0, 'GAS': 0, 'FIFA': 0, 'pipe': 0, 'pipes': 0, 'covid': 0, 'supply': 0, 'Beautification': 0, 'Installation': 0}",Post-Monsoon,,False,True,Others,
2024_UPIDC_957601_21,03/EE/2024-25,S/E FOR SILT CLEARANCE AND SCRAPING INTERNAL SECTION OF  JUNCTION FEEDER MR. FROM KM. 0.000 TO 3.360,,,,,,,,,,,,,,,,"U P Irrigation Department (Civil)||Chief Engineer-Ganga, Meerut||Irrigation Works Circle, Mathura||ID, hathras",,,,,,"62,817",,2024-10-16,"U P Irrigation Department (Civil)||Chief Engineer-Ganga, Meerut||Irrigation Works Circle, Mathura||ID, hathras",True,"{'Flood': 0, 'Embankment': 0, 'embkt': 0, 'Relief': 0, 'Erosion': 0, 'SDRF': 0, 'Inundation': 0, 'Hydrology': 0, 'Silt': 1, 'Siltation': 0, 'Bund': 0, 'Trench': 0, 'Breach': 0, 'Culvert': 0, 'Sluice': 0, 'Dyke': 0, 'Storm water drain': 0, 'Emergency': 0, 'Immediate': 0, 'IM': 0, 'AE': 0, 'A E': 0, 'AAPDA MITRA': 0, 'Bridge': 0, 'River': 0, 'Drain': 0, 'Restoration': 0, 'Protection': 0, 'irr': 0, 'irrigation': 0, 'dam': 0, 'Nallah': 0, 'Retrofitting': 0, 'Pond': 0, 'Pokhari': 0, 'D/C': 0, 'Recharge shaft': 0, 'LFB': 0, 'RFB': 0}","{'Floodlight': 0, 'Flood Light': 0, 'GAS': 0, 'FIFA': 0, 'pipe': 0, 'pipes': 0, 'covid': 0, 'supply': 0, 'Beautification': 0, 'Installation': 0}",Post-Monsoon,,False,True,Repair and Restoration,{'mr': 1}
2024_UPIDC_957601_22,03/EE/2024-25,S/E FOR SILT CLEARANCE OF USMANPUR MINOR FROM KM. 0.00 TO 5.36,,,,,,,,,,,,,,,,"U P Irrigation Department (Civil)||Chief Engineer-Ganga, Meerut||Irrigation Works Circle, Mathura||ID, hathras",,,,,,"106,790",,2024-10-16,"U P Irrigation Department (Civil)||Chief Engineer-Ganga, Meerut||Irrigation Works Circle, Mathura||ID, hathras",True,"{'Flood': 0, 'Embankment': 0, 'embkt': 0, 'Relief': 0, 'Erosion': 0, 'SDRF': 0, 'Inundation': 0, 'Hydrology': 0, 'Silt': 1, 'Siltation': 0, 'Bund': 0, 'Trench': 0, 'Breach': 0, 'Culvert': 0, 'Sluice': 0, 'Dyke': 0, 'Storm water drain': 0, 'Emergency': 0, 'Immediate': 0, 'IM': 0, 'AE': 0, 'A E': 0, 'AAPDA MITRA': 0, 'Bridge': 0, 'River': 0, 'Drain': 0, 'Restoration': 0, 'Protection': 0, 'irr': 0, 'irrigation': 0, 'dam': 0, 'Nallah': 0, 'Retrofitting': 0, 'Pond': 0, 'Pokhari': 0, 'D/C': 0, 'Recharge shaft': 0, 'LFB': 0, 'RFB': 0}","{'Floodlight': 0, 'Flood Light': 0, 'GAS': 0, 'FIFA': 0, 'pipe': 0, 'pipes': 0, 'covid': 0, 'supply': 0, 'Beautification': 0, 'Installation': 0}",Post-Monsoon,,False,True,Others,
2024_UPIDC_957601_23,03/EE/2024-25,S/E FOR SILT CLEARANCE and SCRAPING OF INTERNAL SECTION OF ANWALKHERA MINOR FROM KM. 0.00 TO 8.480,,,,,,,,,,,,,,,,"U P Irrigation Department (Civil)||Chief Engineer-Ganga, Meerut||Irrigation Works Circle, Mathura||ID, hathras",,,,,,"239,094",,2024-10-16,"U P Irrigation Department (Civil)||Chief Engineer-Ganga, Meerut||Irrigation Works Circle, Mathura||ID, hathras",True,"{'Flood': 0, 'Embankment': 0, 'embkt': 0, 'Relief': 0, 'Erosion': 0, 'SDRF': 0, 'Inundation': 0, 'Hydrology': 0, 'Silt': 1, 'Siltation': 0, 'Bund': 0, 'Trench': 0, 'Breach': 0, 'Culvert': 0, 'Sluice': 0, 'Dyke': 0, 'Storm water drain': 0, 'Emergency': 0, 'Immediate': 0, 'IM': 0, 'AE': 0, 'A E': 0, 'AAPDA MITRA': 0, 'Bridge': 0, 'River': 0, 'Drain': 0, 'Restoration': 0, 'Protection': 0, 'irr': 0, 'irrigation': 0, 'dam': 0, 'Nallah': 0, 'Retrofitting': 0, 'Pond': 0, 'Pokhari': 0, 'D/C': 0, 'Recharge shaft': 0, 'LFB': 0, 'RFB': 0}","{'Floodlight': 0, 'Flood Light': 0, 'GAS': 0, 'FIFA': 0, 'pipe': 0, 'pipes': 0, 'covid': 0, 'supply': 0, 'Beautification': 0, 'Installation': 0}",Post-Monsoon,,False,True,Others,
2024_UPIDC_957601_24,03/EE/2024-25,S/E FOR Silt Clearance of OF SIMRAU MINIOR FROM KM. 0.000 to 4.80,,,,,,,,,,,,,,,,"U P Irrigation Department (Civil)||Chief Engineer-Ganga, Meerut||Irrigation Works Circle, Mathura||ID, hathras",,,,,,"109,061",,2024-10-16,"U P Irrigation Department (Civil)||Chief Engineer-Ganga, Meerut||Irrigation Works Circle, Mathura||ID, hathras",True,"{'Flood': 0, 'Embankment': 0, 'embkt': 0, 'Relief': 0, 'Erosion': 0, 'SDRF': 0, 'Inundation': 0, 'Hydrology': 0, 'Silt': 1, 'Siltation': 0, 'Bund': 0, 'Trench': 0, 'Breach': 0, 'Culvert': 0, 'Sluice': 0, 'Dyke': 0, 'Storm water drain': 0, 'Emergency': 0, 'Immediate': 0, 'IM': 0, 'AE': 0, 'A E': 0, 'AAPDA MITRA': 0, 'Bridge': 0, 'River': 0, 'Drain': 0, 'Restoration': 0, 'Protection': 0, 'irr': 0, 'irrigation': 0, 'dam': 0, 'Nallah': 0, 'Retrofitting': 0, 'Pond': 0, 'Pokhari': 0, 'D/C': 0, 'Recharge shaft': 0, 'LFB': 0, 'RFB': 0}","{'Floodlight': 0, 'Flood Light': 0, 'GAS': 0, 'FIFA': 0, 'pipe': 0, 'pipes': 0, 'covid': 0, 'supply': 0, 'Beautification': 0, 'Installation': 0}",Post-Monsoon,,False,True,Others,
2024_UPIDC_957601_25,03/EE/2024-25,S/E FOR SILT CLEARANCE  OF MOHAMDABAD MINIOR FROM KM. 0.000 to 4.320,,,,,,,,,,,,,,,,"U P Irrigation Department (Civil)||Chief Engineer-Ganga, Meerut||Irrigation Works Circle, Mathura||ID, hathras",,,,,,"76,802",,2024-10-16,"U P Irrigation Department (Civil)||Chief Engineer-Ganga, Meerut||Irrigation Works Circle, Mathura||ID, hathras",True,"{'Flood': 0, 'Embankment': 0, 'embkt': 0, 'Relief': 0, 'Erosion': 0, 'SDRF': 0, 'Inundation': 0, 'Hydrology': 0, 'Silt': 1, 'Siltation': 0, 'Bund': 0, 'Trench': 0, 'Breach': 0, 'Culvert': 0, 'Sluice': 0, 'Dyke': 0, 'Storm water drain': 0, 'Emergency': 0, 'Immediate': 0, 'IM': 0, 'AE': 0, 'A E': 0, 'AAPDA MITRA': 0, 'Bridge': 0, 'River': 0, 'Drain': 0, 'Restoration': 0, 'Protection': 0, 'irr': 0, 'irrigation': 0, 'dam': 0, 'Nallah': 0, 'Retrofitting': 0, 'Pond': 0, 'Pokhari': 0, 'D/C': 0, 'Recharge shaft': 0, 'LFB': 0, 'RFB': 0}","{'Floodlight': 0, 'Flood Light': 0, 'GAS': 0, 'FIFA': 0, 'pipe': 0, 'pipes': 0, 'covid': 0, 'supply': 0, 'Beautification': 0, 'Installation': 0}",Post-Monsoon,,False,True,Others,
2024_UPIDC_957601_26,03/EE/2024-25,Estimate  for Silt Clearance of  Devkhera Mr. from Km 0.000 to Km 8.800,,,,,,,,,,,,,,,,"U P Irrigation Department (Civil)||Chief Engineer-Ganga, Meerut||Irrigation Works Circle, Mathura||ID, hathras",,,,,,"220,888",,2024-10-16,"U P Irrigation Department (Civil)||Chief Engineer-Ganga, Meerut||Irrigation Works Circle, Mathura||ID, hathras",True,"{'Flood': 0, 'Embankment': 0, 'embkt': 0, 'Relief': 0, 'Erosion': 0, 'SDRF': 0, 'Inundation': 0, 'Hydrology': 0, 'Silt': 1, 'Siltation': 0, 'Bund': 0, 'Trench': 0, 'Breach': 0, 'Culvert': 0, 'Sluice': 0, 'Dyke': 0, 'Storm water drain': 0, 'Emergency': 0, 'Immediate': 0, 'IM': 0, 'AE': 0, 'A E': 0, 'AAPDA MITRA': 0, 'Bridge': 0, 'River': 0, 'Drain': 0, 'Restoration': 0, 'Protection': 0, 'irr': 0, 'irrigation': 0, 'dam': 0, 'Nallah': 0, 'Retrofitting': 0, 'Pond': 0, 'Pokhari': 0, 'D/C': 0, 'Recharge shaft': 0, 'LFB': 0, 'RFB': 0}","{'Floodlight': 0, 'Flood Light': 0, 'GAS': 0, 'FIFA': 0, 'pipe': 0, 'pipes': 0, 'covid': 0, 'supply': 0, 'Beautification': 0, 'Installation': 0}",Post-Monsoon,,False,True,Repair and Restoration,{'mr': 1}
2024_UPIDC_957601_2,03/EE/2024-25,SILT CLEARANCE OF  KOTA MINOR    FROM KM. 0.00  TO   KM. 5.760,,,,,,,,,,,,,,,,"U P Irrigation Department (Civil)||Chief Engineer-Ganga, Meerut||Irrigation Works Circle, Mathura||ID, hathras",,,,,,"167,073",,2024-10-16,"U P Irrigation Department (Civil)||Chief Engineer-Ganga, Meerut||Irrigation Works Circle, Mathura||ID, hathras",True,"{'Flood': 0, 'Embankment': 0, 'embkt': 0, 'Relief': 0, 'Erosion': 0, 'SDRF': 0, 'Inundation': 0, 'Hydrology': 0, 'Silt': 1, 'Siltation': 0, 'Bund': 0, 'Trench': 0, 'Breach': 0, 'Culvert': 0, 'Sluice': 0, 'Dyke': 0, 'Storm water drain': 0, 'Emergency': 0, 'Immediate': 0, 'IM': 0, 'AE': 0, 'A E': 0, 'AAPDA MITRA': 0, 'Bridge': 0, 'River': 0, 'Drain': 0, 'Restoration': 0, 'Protection': 0, 'irr': 0, 'irrigation': 0, 'dam': 0, 'Nallah': 0, 'Retrofitting': 0, 'Pond': 0, 'Pokhari': 0, 'D/C': 0, 'Recharge shaft': 0, 'LFB': 0, 'RFB': 0}","{'Floodlight': 0, 'Flood Light': 0, 'GAS': 0, 'FIFA': 0, 'pipe': 0, 'pipes': 0, 'covid': 0, 'supply': 0, 'Beautification': 0, 'Installation': 0}",Post-Monsoon,,False,True,Others,
2024_UPIDC_957601_10,03/EE/2024-25,SILT CLEARANCE OF DARSHANA MINOR    FROM KM. 0.00  TO   KM. 2.080,,,,,,,,,,,,,,,,"U P Irrigation Department (Civil)||Chief Engineer-Ganga, Meerut||Irrigation Works Circle, Mathura||ID, hathras",,,,,,"34,892",,2024-10-16,"U P Irrigation Department (Civil)||Chief Engineer-Ganga, Meerut||Irrigation Works Circle, Mathura||ID, hathras",True,"{'Flood': 0, 'Embankment': 0, 'embkt': 0, 'Relief': 0, 'Erosion': 0, 'SDRF': 0, 'Inundation': 0, 'Hydrology': 0, 'Silt': 1, 'Siltation': 0, 'Bund': 0, 'Trench': 0, 'Breach': 0, 'Culvert': 0, 'Sluice': 0, 'Dyke': 0, 'Storm water drain': 0, 'Emergency': 0, 'Immediate': 0, 'IM': 0, 'AE': 0, 'A E': 0, 'AAPDA MITRA': 0, 'Bridge': 0, 'River': 0, 'Drain': 0, 'Restoration': 0, 'Protection': 0, 'irr': 0, 'irrigation': 0, 'dam': 0, 'Nallah': 0, 'Retrofitting': 0, 'Pond': 0, 'Pokhari': 0, 'D/C': 0, 'Recharge shaft': 0, 'LFB': 0, 'RFB': 0}","{'Floodlight': 0, 'Flood Light': 0, 'GAS': 0, 'FIFA': 0, 'pipe': 0, 'pipes': 0, 'covid': 0, 'supply': 0, 'Beautification': 0, 'Installation': 0}",Post-Monsoon,,False,True,Others,
2024_UPIDC_957601_10,03/EE/2024-25,SILT CLEARANCE OF DARSHANA MINOR    FROM KM. 0.00  TO   KM. 2.080,,,,,,,,,,,,,,,,"U P Irrigation Department (Civil)||Chief Engineer-Ganga, Meerut||Irrigation Works Circle, Mathura||ID, hathras",,,,,,"34,892",,2024-10-16,"U P Irrigation Department (Civil)||Chief Engineer-Ganga, Meerut||Irrigation Works Circle, Mathura||ID, hathras",True,"{'Flood': 0, 'Embankment': 0, 'embkt': 0, 'Relief': 0, 'Erosion': 0, 'SDRF': 0, 'Inundation': 0, 'Hydrology': 0, 'Silt': 1, 'Siltation': 0, 'Bund': 0, 'Trench': 0, 'Breach': 0, 'Culvert': 0, 'Sluice': 0, 'Dyke': 0, 'Storm water drain': 0, 'Emergency': 0, 'Immediate': 0, 'IM': 0, 'AE': 0, 'A E': 0, 'AAPDA MITRA': 0, 'Bridge': 0, 'River': 0, 'Drain': 0, 'Restoration': 0, 'Protection': 0, 'irr': 0, 'irrigation': 0, 'dam': 0, 'Nallah': 0, 'Retrofitting': 0, 'Pond': 0, 'Pokhari': 0, 'D/C': 0, 'Recharge shaft': 0, 'LFB': 0, 'RFB': 0}","{'Floodlight': 0, 'Flood Light': 0, 'GAS': 0, 'FIFA': 0, 'pipe': 0, 'pipes': 0, 'covid': 0, 'supply': 0, 'Beautification': 0, 'Installation': 0}",Post-Monsoon,,False,True,Others,
2024_UPIDC_957601_12,03/EE/2024-25,S/E FOR SILT CLEARANCE OF CHAWALI MINOR FROM KM. 0.00 TO 6.880,,,,,,,,,,,,,,,,"U P Irrigation Department (Civil)||Chief Engineer-Ganga, Meerut||Irrigation Works Circle, Mathura||ID, hathras",,,,,,"193,006",,2024-10-16,"U P Irrigation Department (Civil)||Chief Engineer-Ganga, Meerut||Irrigation Works Circle, Mathura||ID, hathras",True,"{'Flood': 0, 'Embankment': 0, 'embkt': 0, 'Relief': 0, 'Erosion': 0, 'SDRF': 0, 'Inundation': 0, 'Hydrology': 0, 'Silt': 1, 'Siltation': 0, 'Bund': 0, 'Trench': 0, 'Breach': 0, 'Culvert': 0, 'Sluice': 0, 'Dyke': 0, 'Storm water drain': 0, 'Emergency': 0, 'Immediate': 0, 'IM': 0, 'AE': 0, 'A E': 0, 'AAPDA MITRA': 0, 'Bridge': 0, 'River': 0, 'Drain': 0, 'Restoration': 0, 'Protection': 0, 'irr': 0, 'irrigation': 0, 'dam': 0, 'Nallah': 0, 'Retrofitting': 0, 'Pond': 0, 'Pokhari': 0, 'D/C': 0, 'Recharge shaft': 0, 'LFB': 0, 'RFB': 0}","{'Floodlight': 0, 'Flood Light': 0, 'GAS': 0, 'FIFA': 0, 'pipe': 0, 'pipes': 0, 'covid': 0, 'supply': 0, 'Beautification': 0, 'Installation': 0}",Post-Monsoon,,False,True,Others,
2024_UPIDC_957601_12,03/EE/2024-25,S/E FOR SILT CLEARANCE OF CHAWALI MINOR FROM KM. 0.00 TO 6.880,,,,,,,,,,,,,,,,"U P Irrigation Department (Civil)||Chief Engineer-Ganga, Meerut||Irrigation Works Circle, Mathura||ID, hathras",,,,,,"193,006",,2024-10-16,"U P Irrigation Department (Civil)||Chief Engineer-Ganga, Meerut||Irrigation Works Circle, Mathura||ID, hathras",True,"{'Flood': 0, 'Embankment': 0, 'embkt': 0, 'Relief': 0, 'Erosion': 0, 'SDRF': 0, 'Inundation': 0, 'Hydrology': 0, 'Silt': 1, 'Siltation': 0, 'Bund': 0, 'Trench': 0, 'Breach': 0, 'Culvert': 0, 'Sluice': 0, 'Dyke': 0, 'Storm water drain': 0, 'Emergency': 0, 'Immediate': 0, 'IM': 0, 'AE': 0, 'A E': 0, 'AAPDA MITRA': 0, 'Bridge': 0, 'River': 0, 'Drain': 0, 'Restoration': 0, 'Protection': 0, 'irr': 0, 'irrigation': 0, 'dam': 0, 'Nallah': 0, 'Retrofitting': 0, 'Pond': 0, 'Pokhari': 0, 'D/C': 0, 'Recharge shaft': 0, 'LFB': 0, 'RFB': 0}","{'Floodlight': 0, 'Flood Light': 0, 'GAS': 0, 'FIFA': 0, 'pipe': 0, 'pipes': 0, 'covid': 0, 'supply': 0, 'Beautification': 0, 'Installation': 0}",Post-Monsoon,,False,True,Others,
2024_UPIDC_957601_14,03/EE/2024-25,S/E FOR SILT CLEARANCE AND SCRAPING INTERNAL SECTION OF LADPUR MINOR FROM KM. 0.00 TO 8.640,,,,,,,,,,,,,,,,"U P Irrigation Department (Civil)||Chief Engineer-Ganga, Meerut||Irrigation Works Circle, Mathura||ID, hathras",,,,,,"239,790",,2024-10-16,"U P Irrigation Department (Civil)||Chief Engineer-Ganga, Meerut||Irrigation Works Circle, Mathura||ID, hathras",True,"{'Flood': 0, 'Embankment': 0, 'embkt': 0, 'Relief': 0, 'Erosion': 0, 'SDRF': 0, 'Inundation': 0, 'Hydrology': 0, 'Silt': 1, 'Siltation': 0, 'Bund': 0, 'Trench': 0, 'Breach': 0, 'Culvert': 0, 'Sluice': 0, 'Dyke': 0, 'Storm water drain': 0, 'Emergency': 0, 'Immediate': 0, 'IM': 0, 'AE': 0, 'A E': 0, 'AAPDA MITRA': 0, 'Bridge': 0, 'River': 0, 'Drain': 0, 'Restoration': 0, 'Protection': 0, 'irr': 0, 'irrigation': 0, 'dam': 0, 'Nallah': 0, 'Retrofitting': 0, 'Pond': 0, 'Pokhari': 0, 'D/C': 0, 'Recharge shaft': 0, 'LFB': 0, 'RFB': 0}","{'Floodlight': 0, 'Flood Light': 0, 'GAS': 0, 'FIFA': 0, 'pipe': 0, 'pipes': 0, 'covid': 0, 'supply': 0, 'Beautification': 0, 'Installation': 0}",Post-Monsoon,,False,True,Others,
2024_UPIDC_957601_14,03/EE/2024-25,S/E FOR SILT CLEARANCE AND SCRAPING INTERNAL SECTION OF LADPUR MINOR FROM KM. 0.00 TO 8.640,,,,,,,,,,,,,,,,"U P Irrigation Department (Civil)||Chief Engineer-Ganga, Meerut||Irrigation Works Circle, Mathura||ID, hathras",,,,,,"239,790",,2024-10-16,"U P Irrigation Department (Civil)||Chief Engineer-Ganga, Meerut||Irrigation Works Circle, Mathura||ID, hathras",True,"{'Flood': 0, 'Embankment': 0, 'embkt': 0, 'Relief': 0, 'Erosion': 0, 'SDRF': 0, 'Inundation': 0, 'Hydrology': 0, 'Silt': 1, 'Siltation': 0, 'Bund': 0, 'Trench': 0, 'Breach': 0, 'Culvert': 0, 'Sluice': 0, 'Dyke': 0, 'Storm water drain': 0, 'Emergency': 0, 'Immediate': 0, 'IM': 0, 'AE': 0, 'A E': 0, 'AAPDA MITRA': 0, 'Bridge': 0, 'River': 0, 'Drain': 0, 'Restoration': 0, 'Protection': 0, 'irr': 0, 'irrigation': 0, 'dam': 0, 'Nallah': 0, 'Retrofitting': 0, 'Pond': 0, 'Pokhari': 0, 'D/C': 0, 'Recharge shaft': 0, 'LFB': 0, 'RFB': 0}","{'Floodlight': 0, 'Flood Light': 0, 'GAS': 0, 'FIFA': 0, 'pipe': 0, 'pipes': 0, 'covid': 0, 'supply': 0, 'Beautification': 0, 'Installation': 0}",Post-Monsoon,,False,True,Others,
2024_UPIDC_957601_15,03/EE/2024-25,S/E FOR SILT CLEARANCE AND SCRAPING OF INTERNAL SECTION OF MADABHOJ MINOR FROM KM. 0.00 TO 8.960,,,,,,,,,,,,,,,,"U P Irrigation Department (Civil)||Chief Engineer-Ganga, Meerut||Irrigation Works Circle, Mathura||ID, hathras",,,,,,"248,740",,2024-10-16,"U P Irrigation Department (Civil)||Chief Engineer-Ganga, Meerut||Irrigation Works Circle, Mathura||ID, hathras",True,"{'Flood': 0, 'Embankment': 0, 'embkt': 0, 'Relief': 0, 'Erosion': 0, 'SDRF': 0, 'Inundation': 0, 'Hydrology': 0, 'Silt': 1, 'Siltation': 0, 'Bund': 0, 'Trench': 0, 'Breach': 0, 'Culvert': 0, 'Sluice': 0, 'Dyke': 0, 'Storm water drain': 0, 'Emergency': 0, 'Immediate': 0, 'IM': 0, 'AE': 0, 'A E': 0, 'AAPDA MITRA': 0, 'Bridge': 0, 'River': 0, 'Drain': 0, 'Restoration': 0, 'Protection': 0, 'irr': 0, 'irrigation': 0, 'dam': 0, 'Nallah': 0, 'Retrofitting': 0, 'Pond': 0, 'Pokhari': 0, 'D/C': 0, 'Recharge shaft': 0, 'LFB': 0, 'RFB': 0}","{'Floodlight': 0, 'Flood Light': 0, 'GAS': 0, 'FIFA': 0, 'pipe': 0, 'pipes': 0, 'covid': 0, 'supply': 0, 'Beautification': 0, 'Installation': 0}",Post-Monsoon,,False,True,Others,
2024_UPIDC_957601_16,03/EE/2024-25,S/E FOR SILT CLEARANCE AND SCRAPING INTERNAL SECTION OF PAHADPUR MINOR FROM KM. 0.00 TO 7.04 AND BHOGAON MR. KM0.00 TO 2.08,,,,,,,,,,,,,,,,"U P Irrigation Department (Civil)||Chief Engineer-Ganga, Meerut||Irrigation Works Circle, Mathura||ID, hathras",,,,,,"232,550",,2024-10-16,"U P Irrigation Department (Civil)||Chief Engineer-Ganga, Meerut||Irrigation Works Circle, Mathura||ID, hathras",True,"{'Flood': 0, 'Embankment': 0, 'embkt': 0, 'Relief': 0, 'Erosion': 0, 'SDRF': 0, 'Inundation': 0, 'Hydrology': 0, 'Silt': 1, 'Siltation': 0, 'Bund': 0, 'Trench': 0, 'Breach': 0, 'Culvert': 0, 'Sluice': 0, 'Dyke': 0, 'Storm water drain': 0, 'Emergency': 0, 'Immediate': 0, 'IM': 0, 'AE': 0, 'A E': 0, 'AAPDA MITRA': 0, 'Bridge': 0, 'River': 0, 'Drain': 0, 'Restoration': 0, 'Protection': 0, 'irr': 0, 'irrigation': 0, 'dam': 0, 'Nallah': 0, 'Retrofitting': 0, 'Pond': 0, 'Pokhari': 0, 'D/C': 0, 'Recharge shaft': 0, 'LFB': 0, 'RFB': 0}","{'Floodlight': 0, 'Flood Light': 0, 'GAS': 0, 'FIFA': 0, 'pipe': 0, 'pipes': 0, 'covid': 0, 'supply': 0, 'Beautification': 0, 'Installation': 0}",Post-Monsoon,,False,True,Repair and Restoration,{'mr': 1}
2024_UPIDC_957601_10,03/EE/2024-25,SILT CLEARANCE OF DARSHANA MINOR    FROM KM. 0.00  TO   KM. 2.080,,,,,,,,,,,,,,,,"U P Irrigation Department (Civil)||Chief Engineer-Ganga, Meerut||Irrigation Works Circle, Mathura||ID, hathras",,,,,,"34,892",,2024-10-16,"U P Irrigation Department (Civil)||Chief Engineer-Ganga, Meerut||Irrigation Works Circle, Mathura||ID, hathras",True,"{'Flood': 0, 'Embankment': 0, 'embkt': 0, 'Relief': 0, 'Erosion': 0, 'SDRF': 0, 'Inundation': 0, 'Hydrology': 0, 'Silt': 1, 'Siltation': 0, 'Bund': 0, 'Trench': 0, 'Breach': 0, 'Culvert': 0, 'Sluice': 0, 'Dyke': 0, 'Storm water drain': 0, 'Emergency': 0, 'Immediate': 0, 'IM': 0, 'AE': 0, 'A E': 0, 'AAPDA MITRA': 0, 'Bridge': 0, 'River': 0, 'Drain': 0, 'Restoration': 0, 'Protection': 0, 'irr': 0, 'irrigation': 0, 'dam': 0, 'Nallah': 0, 'Retrofitting': 0, 'Pond': 0, 'Pokhari': 0, 'D/C': 0, 'Recharge shaft': 0, 'LFB': 0, 'RFB': 0}","{'Floodlight': 0, 'Flood Light': 0, 'GAS': 0, 'FIFA': 0, 'pipe': 0, 'pipes': 0, 'covid': 0, 'supply': 0, 'Beautification': 0, 'Installation': 0}",Post-Monsoon,,False,True,Others,
2024_UPIDC_957477_1,01/EE/2024-25 (LOT-01),Repairing and Renovation of Arjun Dam Parapet Wall L/S,,,,,,,,,,,,,,,,"U P Irrigation Department (Civil)||Chief Engineer-Betwa, Jhansi||Irrigation Works Circle, Banda||ID, mahoba",,,,,,"275,828.22",,2024-10-15,"U P Irrigation Department (Civil)||Chief Engineer-Betwa, Jhansi||Irrigation Works Circle, Banda||ID, mahoba",True,"{'Flood': 0, 'Embankment': 0, 'embkt': 0, 'Relief': 0, 'Erosion': 0, 'SDRF': 0, 'Inundation': 0, 'Hydrology': 0, 'Silt': 0, 'Siltation': 0, 'Bund': 0, 'Trench': 0, 'Breach': 0, 'Culvert': 0, 'Sluice': 0, 'Dyke': 0, 'Storm water drain': 0, 'Emergency': 0, 'Immediate': 0, 'IM': 0, 'AE': 0, 'A E': 0, 'AAPDA MITRA': 0, 'Bridge': 0, 'River': 0, 'Drain': 0, 'Restoration': 0, 'Protection': 0, 'irr': 0, 'irrigation': 0, 'dam': 1, 'Nallah': 0, 'Retrofitting': 0, 'Pond': 0, 'Pokhari': 0, 'D/C': 0, 'Recharge shaft': 0, 'LFB': 0, 'RFB': 0}","{'Floodlight': 0, 'Flood Light': 0, 'GAS': 0, 'FIFA': 0, 'pipe': 0, 'pipes': 0, 'covid': 0, 'supply': 0, 'Beautification': 0, 'Installation': 0}",Post-Monsoon,,False,False,Repair and Restoration,"{'repairing': 1, 'renovation': 1}"
2024_UPIDC_955279_9,04/EE/2024-25,Silt clearance work,,,,,,,,,,,,,,,,"U P Irrigation Department (Civil)||Chief Engineer-Ganga, Meerut||Irrigation Works Circle, Mathura||UMBGC, khurja",,,,,,"184,590",,2024-10-16,"U P Irrigation Department (Civil)||Chief Engineer-Ganga, Meerut||Irrigation Works Circle, Mathura||UMBGC, khurja",True,"{'Flood': 0, 'Embankment': 0, 'embkt': 0, 'Relief': 0, 'Erosion': 0, 'SDRF': 0, 'Inundation': 0, 'Hydrology': 0, 'Silt': 1, 'Siltation': 0, 'Bund': 0, 'Trench': 0, 'Breach': 0, 'Culvert': 0, 'Sluice': 0, 'Dyke': 0, 'Storm water drain': 0, 'Emergency': 0, 'Immediate': 0, 'IM': 0, 'AE': 0, 'A E': 0, 'AAPDA MITRA': 0, 'Bridge': 0, 'River': 0, 'Drain': 0, 'Restoration': 0, 'Protection': 0, 'irr': 0, 'irrigation': 0, 'dam': 0, 'Nallah': 0, 'Retrofitting': 0, 'Pond': 0, 'Pokhari': 0, 'D/C': 0, 'Recharge shaft': 0, 'LFB': 0, 'RFB': 0}","{'Floodlight': 0, 'Flood Light': 0, 'GAS': 0, 'FIFA': 0, 'pipe': 0, 'pipes': 0, 'covid': 0, 'supply': 0, 'Beautification': 0, 'Installation': 0}",Post-Monsoon,,False,True,Others,
2024_UPIDC_955408_3,01/SE/2024-25,"Restoration of Int. and Ext. Section of Budhawala Dy from Km. 0.000 to 11.300 and Construction of Brick on Edge Soling of Budhawala Dy. from Km. 0.000 to 0.850, Km. 2.400 to 3.100, Km. 4.450 to 6.00 and Km. 8.300 to 9.200 In Distt. Bijnor(Lot-03)",,,,,,,,,,,,,,,,"U P Irrigation Department (Civil)||Chief Engineer-Eastern Ganga, Moradabad||EGCC Circle, Bijnore",,,,,,"8,943,894",,2024-10-10,"U P Irrigation Department (Civil)||Chief Engineer-Eastern Ganga, Moradabad||EGCC Circle, Bijnore",True,"{'Flood': 0, 'Embankment': 0, 'embkt': 0, 'Relief': 0, 'Erosion': 0, 'SDRF': 0, 'Inundation': 0, 'Hydrology': 0, 'Silt': 0, 'Siltation': 0, 'Bund': 0, 'Trench': 0, 'Breach': 0, 'Culvert': 0, 'Sluice': 0, 'Dyke': 0, 'Storm water drain': 0, 'Emergency': 0, 'Immediate': 0, 'IM': 0, 'AE': 0, 'A E': 0, 'AAPDA MITRA': 0, 'Bridge': 0, 'River': 0, 'Drain': 0, 'Restoration': 1, 'Protection': 0, 'irr': 0, 'irrigation': 0, 'dam': 0, 'Nallah': 0, 'Retrofitting': 0, 'Pond': 0, 'Pokhari': 0, 'D/C': 0, 'Recharge shaft': 0, 'LFB': 0, 'RFB': 0}","{'Floodlight': 0, 'Flood Light': 0, 'GAS': 0, 'FIFA': 0, 'pipe': 0, 'pipes': 0, 'covid': 0, 'supply': 0, 'Beautification': 0, 'Installation': 0}",Post-Monsoon,,False,False,Repair and Restoration,"{'restoration': 1, 'Construction': 1}"
2024_UPIDC_955408_5,01/SE/2024-25,"Earth work in Restoration of internal and External Section, Providing Bed Bars and Laying Brick Soling from km. 0.000 to km. 14.220 of Khasor Dy in District Bijnor.(Lot-1)",,,,,,,,,,,,,,,,"U P Irrigation Department (Civil)||Chief Engineer-Eastern Ganga, Moradabad||EGCC Circle, Bijnore",,,,,,"9,227,881.27",,2024-10-23,"U P Irrigation Department (Civil)||Chief Engineer-Eastern Ganga, Moradabad||EGCC Circle, Bijnore",True,"{'Flood': 0, 'Embankment': 0, 'embkt': 0, 'Relief': 0, 'Erosion': 0, 'SDRF': 0, 'Inundation': 0, 'Hydrology': 0, 'Silt': 0, 'Siltation': 0, 'Bund': 0, 'Trench': 0, 'Breach': 0, 'Culvert': 0, 'Sluice': 0, 'Dyke': 0, 'Storm water drain': 0, 'Emergency': 0, 'Immediate': 0, 'IM': 0, 'AE': 0, 'A E': 0, 'AAPDA MITRA': 0, 'Bridge': 0, 'River': 0, 'Drain': 0, 'Restoration': 1, 'Protection': 0, 'irr': 0, 'irrigation': 0, 'dam': 0, 'Nallah': 0, 'Retrofitting': 0, 'Pond': 0, 'Pokhari': 0, 'D/C': 0, 'Recharge shaft': 0, 'LFB': 0, 'RFB': 0}","{'Floodlight': 0, 'Flood Light': 0, 'GAS': 0, 'FIFA': 0, 'pipe': 0, 'pipes': 0, 'covid': 0, 'supply': 0, 'Beautification': 0, 'Installation': 0}",Post-Monsoon,,False,False,Repair and Restoration,{'restoration': 1}
2024_UPIDC_955279_27,04/EE/2024-25,Silt clearance work,,,,,,,,,,,,,,,,"U P Irrigation Department (Civil)||Chief Engineer-Ganga, Meerut||Irrigation Works Circle, Mathura||UMBGC, khurja",,,,,,"179,400",,2024-10-14,"U P Irrigation Department (Civil)||Chief Engineer-Ganga, Meerut||Irrigation Works Circle, Mathura||UMBGC, khurja",True,"{'Flood': 0, 'Embankment': 0, 'embkt': 0, 'Relief': 0, 'Erosion': 0, 'SDRF': 0, 'Inundation': 0, 'Hydrology': 0, 'Silt': 1, 'Siltation': 0, 'Bund': 0, 'Trench': 0, 'Breach': 0, 'Culvert': 0, 'Sluice': 0, 'Dyke': 0, 'Storm water drain': 0, 'Emergency': 0, 'Immediate': 0, 'IM': 0, 'AE': 0, 'A E': 0, 'AAPDA MITRA': 0, 'Bridge': 0, 'River': 0, 'Drain': 0, 'Restoration': 0, 'Protection': 0, 'irr': 0, 'irrigation': 0, 'dam': 0, 'Nallah': 0, 'Retrofitting': 0, 'Pond': 0, 'Pokhari': 0, 'D/C': 0, 'Recharge shaft': 0, 'LFB': 0, 'RFB': 0}","{'Floodlight': 0, 'Flood Light': 0, 'GAS': 0, 'FIFA': 0, 'pipe': 0, 'pipes': 0, 'covid': 0, 'supply': 0, 'Beautification': 0, 'Installation': 0}",Post-Monsoon,,False,True,Others,
2024_UPIDC_955279_28,04/EE/2024-25,Silt clearance work,,,,,,,,,,,,,,,,"U P Irrigation Department (Civil)||Chief Engineer-Ganga, Meerut||Irrigation Works Circle, Mathura||UMBGC, khurja",,,,,,"185,857",,2024-10-14,"U P Irrigation Department (Civil)||Chief Engineer-Ganga, Meerut||Irrigation Works Circle, Mathura||UMBGC, khurja",True,"{'Flood': 0, 'Embankment': 0, 'embkt': 0, 'Relief': 0, 'Erosion': 0, 'SDRF': 0, 'Inundation': 0, 'Hydrology': 0, 'Silt': 1, 'Siltation': 0, 'Bund': 0, 'Trench': 0, 'Breach': 0, 'Culvert': 0, 'Sluice': 0, 'Dyke': 0, 'Storm water drain': 0, 'Emergency': 0, 'Immediate': 0, 'IM': 0, 'AE': 0, 'A E': 0, 'AAPDA MITRA': 0, 'Bridge': 0, 'River': 0, 'Drain': 0, 'Restoration': 0, 'Protection': 0, 'irr': 0, 'irrigation': 0, 'dam': 0, 'Nallah': 0, 'Retrofitting': 0, 'Pond': 0, 'Pokhari': 0, 'D/C': 0, 'Recharge shaft': 0, 'LFB': 0, 'RFB': 0}","{'Floodlight': 0, 'Flood Light': 0, 'GAS': 0, 'FIFA': 0, 'pipe': 0, 'pipes': 0, 'covid': 0, 'supply': 0, 'Beautification': 0, 'Installation': 0}",Post-Monsoon,,False,True,Others,
2024_UPIDC_955279_30,04/EE/2024-25,Silt clearence work,,,,,,,,,,,,,,,,"U P Irrigation Department (Civil)||Chief Engineer-Ganga, Meerut||Irrigation Works Circle, Mathura||UMBGC, khurja",,,,,,"400,632",,2024-10-15,"U P Irrigation Department (Civil)||Chief Engineer-Ganga, Meerut||Irrigation Works Circle, Mathura||UMBGC, khurja",True,"{'Flood': 0, 'Embankment': 0, 'embkt': 0, 'Relief': 0, 'Erosion': 0, 'SDRF': 0, 'Inundation': 0, 'Hydrology': 0, 'Silt': 1, 'Siltation': 0, 'Bund': 0, 'Trench': 0, 'Breach': 0, 'Culvert': 0, 'Sluice': 0, 'Dyke': 0, 'Storm water drain': 0, 'Emergency': 0, 'Immediate': 0, 'IM': 0, 'AE': 0, 'A E': 0, 'AAPDA MITRA': 0, 'Bridge': 0, 'River': 0, 'Drain': 0, 'Restoration': 0, 'Protection': 0, 'irr': 0, 'irrigation': 0, 'dam': 0, 'Nallah': 0, 'Retrofitting': 0, 'Pond': 0, 'Pokhari': 0, 'D/C': 0, 'Recharge shaft': 0, 'LFB': 0, 'RFB': 0}","{'Floodlight': 0, 'Flood Light': 0, 'GAS': 0, 'FIFA': 0, 'pipe': 0, 'pipes': 0, 'covid': 0, 'supply': 0, 'Beautification': 0, 'Installation': 0}",Post-Monsoon,,False,True,Others,
2024_UPIDC_955279_32,04/EE/2024-25,Silt clearance work,,,,,,,,,,,,,,,,"U P Irrigation Department (Civil)||Chief Engineer-Ganga, Meerut||Irrigation Works Circle, Mathura||UMBGC, khurja",,,,,,"260,709",,2024-10-16,"U P Irrigation Department (Civil)||Chief Engineer-Ganga, Meerut||Irrigation Works Circle, Mathura||UMBGC, khurja",True,"{'Flood': 0, 'Embankment': 0, 'embkt': 0, 'Relief': 0, 'Erosion': 0, 'SDRF': 0, 'Inundation': 0, 'Hydrology': 0, 'Silt': 1, 'Siltation': 0, 'Bund': 0, 'Trench': 0, 'Breach': 0, 'Culvert': 0, 'Sluice': 0, 'Dyke': 0, 'Storm water drain': 0, 'Emergency': 0, 'Immediate': 0, 'IM': 0, 'AE': 0, 'A E': 0, 'AAPDA MITRA': 0, 'Bridge': 0, 'River': 0, 'Drain': 0, 'Restoration': 0, 'Protection': 0, 'irr': 0, 'irrigation': 0, 'dam': 0, 'Nallah': 0, 'Retrofitting': 0, 'Pond': 0, 'Pokhari': 0, 'D/C': 0, 'Recharge shaft': 0, 'LFB': 0, 'RFB': 0}","{'Floodlight': 0, 'Flood Light': 0, 'GAS': 0, 'FIFA': 0, 'pipe': 0, 'pipes': 0, 'covid': 0, 'supply': 0, 'Beautification': 0, 'Installation': 0}",Post-Monsoon,,False,True,Others,
2024_UPIDC_955279_33,04/EE/2024-25,Silt clearance work,,,,,,,,,,,,,,,,"U P Irrigation Department (Civil)||Chief Engineer-Ganga, Meerut||Irrigation Works Circle, Mathura||UMBGC, khurja",,,,,,"179,830",,2024-10-14,"U P Irrigation Department (Civil)||Chief Engineer-Ganga, Meerut||Irrigation Works Circle, Mathura||UMBGC, khurja",True,"{'Flood': 0, 'Embankment': 0, 'embkt': 0, 'Relief': 0, 'Erosion': 0, 'SDRF': 0, 'Inundation': 0, 'Hydrology': 0, 'Silt': 1, 'Siltation': 0, 'Bund': 0, 'Trench': 0, 'Breach': 0, 'Culvert': 0, 'Sluice': 0, 'Dyke': 0, 'Storm water drain': 0, 'Emergency': 0, 'Immediate': 0, 'IM': 0, 'AE': 0, 'A E': 0, 'AAPDA MITRA': 0, 'Bridge': 0, 'River': 0, 'Drain': 0, 'Restoration': 0, 'Protection': 0, 'irr': 0, 'irrigation': 0, 'dam': 0, 'Nallah': 0, 'Retrofitting': 0, 'Pond': 0, 'Pokhari': 0, 'D/C': 0, 'Recharge shaft': 0, 'LFB': 0, 'RFB': 0}","{'Floodlight': 0, 'Flood Light': 0, 'GAS': 0, 'FIFA': 0, 'pipe': 0, 'pipes': 0, 'covid': 0, 'supply': 0, 'Beautification': 0, 'Installation': 0}",Post-Monsoon,,False,True,Others,
2024_UPIDC_955279_30,04/EE/2024-25,Silt clearence work,,,,,,,,,,,,,,,,"U P Irrigation Department (Civil)||Chief Engineer-Ganga, Meerut||Irrigation Works Circle, Mathura||UMBGC, khurja",,,,,,"400,632",,2024-10-15,"U P Irrigation Department (Civil)||Chief Engineer-Ganga, Meerut||Irrigation Works Circle, Mathura||UMBGC, khurja",True,"{'Flood': 0, 'Embankment': 0, 'embkt': 0, 'Relief': 0, 'Erosion': 0, 'SDRF': 0, 'Inundation': 0, 'Hydrology': 0, 'Silt': 1, 'Siltation': 0, 'Bund': 0, 'Trench': 0, 'Breach': 0, 'Culvert': 0, 'Sluice': 0, 'Dyke': 0, 'Storm water drain': 0, 'Emergency': 0, 'Immediate': 0, 'IM': 0, 'AE': 0, 'A E': 0, 'AAPDA MITRA': 0, 'Bridge': 0, 'River': 0, 'Drain': 0, 'Restoration': 0, 'Protection': 0, 'irr': 0, 'irrigation': 0, 'dam': 0, 'Nallah': 0, 'Retrofitting': 0, 'Pond': 0, 'Pokhari': 0, 'D/C': 0, 'Recharge shaft': 0, 'LFB': 0, 'RFB': 0}","{'Floodlight': 0, 'Flood Light': 0, 'GAS': 0, 'FIFA': 0, 'pipe': 0, 'pipes': 0, 'covid': 0, 'supply': 0, 'Beautification': 0, 'Installation': 0}",Post-Monsoon,,False,True,Others,
2024_UPIDC_955279_4,04/EE/2024-25,Silt clearance work,,,,,,,,,,,,,,,,"U P Irrigation Department (Civil)||Chief Engineer-Ganga, Meerut||Irrigation Works Circle, Mathura||UMBGC, khurja",,,,,,"550,179",,2024-10-25,"U P Irrigation Department (Civil)||Chief Engineer-Ganga, Meerut||Irrigation Works Circle, Mathura||UMBGC, khurja",True,"{'Flood': 0, 'Embankment': 0, 'embkt': 0, 'Relief': 0, 'Erosion': 0, 'SDRF': 0, 'Inundation': 0, 'Hydrology': 0, 'Silt': 1, 'Siltation': 0, 'Bund': 0, 'Trench': 0, 'Breach': 0, 'Culvert': 0, 'Sluice': 0, 'Dyke': 0, 'Storm water drain': 0, 'Emergency': 0, 'Immediate': 0, 'IM': 0, 'AE': 0, 'A E': 0, 'AAPDA MITRA': 0, 'Bridge': 0, 'River': 0, 'Drain': 0, 'Restoration': 0, 'Protection': 0, 'irr': 0, 'irrigation': 0, 'dam': 0, 'Nallah': 0, 'Retrofitting': 0, 'Pond': 0, 'Pokhari': 0, 'D/C': 0, 'Recharge shaft': 0, 'LFB': 0, 'RFB': 0}","{'Floodlight': 0, 'Flood Light': 0, 'GAS': 0, 'FIFA': 0, 'pipe': 0, 'pipes': 0, 'covid': 0, 'supply': 0, 'Beautification': 0, 'Installation': 0}",Post-Monsoon,,False,True,Others,
2024_UPIDC_955279_5,04/EE/2024-25,Silt clearance work,,,,,,,,,,,,,,,,"U P Irrigation Department (Civil)||Chief Engineer-Ganga, Meerut||Irrigation Works Circle, Mathura||UMBGC, khurja",,,,,,"323,473",,2024-10-14,"U P Irrigation Department (Civil)||Chief Engineer-Ganga, Meerut||Irrigation Works Circle, Mathura||UMBGC, khurja",True,"{'Flood': 0, 'Embankment': 0, 'embkt': 0, 'Relief': 0, 'Erosion': 0, 'SDRF': 0, 'Inundation': 0, 'Hydrology': 0, 'Silt': 1, 'Siltation': 0, 'Bund': 0, 'Trench': 0, 'Breach': 0, 'Culvert': 0, 'Sluice': 0, 'Dyke': 0, 'Storm water drain': 0, 'Emergency': 0, 'Immediate': 0, 'IM': 0, 'AE': 0, 'A E': 0, 'AAPDA MITRA': 0, 'Bridge': 0, 'River': 0, 'Drain': 0, 'Restoration': 0, 'Protection': 0, 'irr': 0, 'irrigation': 0, 'dam': 0, 'Nallah': 0, 'Retrofitting': 0, 'Pond': 0, 'Pokhari': 0, 'D/C': 0, 'Recharge shaft': 0, 'LFB': 0, 'RFB': 0}","{'Floodlight': 0, 'Flood Light': 0, 'GAS': 0, 'FIFA': 0, 'pipe': 0, 'pipes': 0, 'covid': 0, 'supply': 0, 'Beautification': 0, 'Installation': 0}",Post-Monsoon,,False,True,Others,
2024_UPIDC_955279_6,04/EE/2024-25,Silt clearance work,,,,,,,,,,,,,,,,"U P Irrigation Department (Civil)||Chief Engineer-Ganga, Meerut||Irrigation Works Circle, Mathura||UMBGC, khurja",,,,,,"425,754",,2024-10-14,"U P Irrigation Department (Civil)||Chief Engineer-Ganga, Meerut||Irrigation Works Circle, Mathura||UMBGC, khurja",True,"{'Flood': 0, 'Embankment': 0, 'embkt': 0, 'Relief': 0, 'Erosion': 0, 'SDRF': 0, 'Inundation': 0, 'Hydrology': 0, 'Silt': 1, 'Siltation': 0, 'Bund': 0, 'Trench': 0, 'Breach': 0, 'Culvert': 0, 'Sluice': 0, 'Dyke': 0, 'Storm water drain': 0, 'Emergency': 0, 'Immediate': 0, 'IM': 0, 'AE': 0, 'A E': 0, 'AAPDA MITRA': 0, 'Bridge': 0, 'River': 0, 'Drain': 0, 'Restoration': 0, 'Protection': 0, 'irr': 0, 'irrigation': 0, 'dam': 0, 'Nallah': 0, 'Retrofitting': 0, 'Pond': 0, 'Pokhari': 0, 'D/C': 0, 'Recharge shaft': 0, 'LFB': 0, 'RFB': 0}","{'Floodlight': 0, 'Flood Light': 0, 'GAS': 0, 'FIFA': 0, 'pipe': 0, 'pipes': 0, 'covid': 0, 'supply': 0, 'Beautification': 0, 'Installation': 0}",Post-Monsoon,,False,True,Others,
2024_UPIDC_955279_7,04/EE/2024-25,Silt clearance work,,,,,,,,,,,,,,,,"U P Irrigation Department (Civil)||Chief Engineer-Ganga, Meerut||Irrigation Works Circle, Mathura||UMBGC, khurja",,,,,,"272,016",,2024-10-14,"U P Irrigation Department (Civil)||Chief Engineer-Ganga, Meerut||Irrigation Works Circle, Mathura||UMBGC, khurja",True,"{'Flood': 0, 'Embankment': 0, 'embkt': 0, 'Relief': 0, 'Erosion': 0, 'SDRF': 0, 'Inundation': 0, 'Hydrology': 0, 'Silt': 1, 'Siltation': 0, 'Bund': 0, 'Trench': 0, 'Breach': 0, 'Culvert': 0, 'Sluice': 0, 'Dyke': 0, 'Storm water drain': 0, 'Emergency': 0, 'Immediate': 0, 'IM': 0, 'AE': 0, 'A E': 0, 'AAPDA MITRA': 0, 'Bridge': 0, 'River': 0, 'Drain': 0, 'Restoration': 0, 'Protection': 0, 'irr': 0, 'irrigation': 0, 'dam': 0, 'Nallah': 0, 'Retrofitting': 0, 'Pond': 0, 'Pokhari': 0, 'D/C': 0, 'Recharge shaft': 0, 'LFB': 0, 'RFB': 0}","{'Floodlight': 0, 'Flood Light': 0, 'GAS': 0, 'FIFA': 0, 'pipe': 0, 'pipes': 0, 'covid': 0, 'supply': 0, 'Beautification': 0, 'Installation': 0}",Post-Monsoon,,False,True,Others,
2024_UPIDC_955160_47,09/EE/2024-25,Silt Clearance,,,,,,,,,,,,,,,,U P Irrigation Department (Civil)||Chief Engineer ( Yamuna) Okhla||S E Irrigation Works Circle III Agra||E E Upper Division Agra Canal Mathura,,,,,,"410,121.89",,2024-10-29,U P Irrigation Department (Civil)||Chief Engineer ( Yamuna) Okhla||S E Irrigation Works Circle III Agra||E E Upper Division Agra Canal Mathura,True,"{'Flood': 0, 'Embankment': 0, 'embkt': 0, 'Relief': 0, 'Erosion': 0, 'SDRF': 0, 'Inundation': 0, 'Hydrology': 0, 'Silt': 1, 'Siltation': 0, 'Bund': 0, 'Trench': 0, 'Breach': 0, 'Culvert': 0, 'Sluice': 0, 'Dyke': 0, 'Storm water drain': 0, 'Emergency': 0, 'Immediate': 0, 'IM': 0, 'AE': 0, 'A E': 0, 'AAPDA MITRA': 0, 'Bridge': 0, 'River': 0, 'Drain': 0, 'Restoration': 0, 'Protection': 0, 'irr': 0, 'irrigation': 0, 'dam': 0, 'Nallah': 0, 'Retrofitting': 0, 'Pond': 0, 'Pokhari': 0, 'D/C': 0, 'Recharge shaft': 0, 'LFB': 0, 'RFB': 0}","{'Floodlight': 0, 'Flood Light': 0, 'GAS': 0, 'FIFA': 0, 'pipe': 0, 'pipes': 0, 'covid': 0, 'supply': 0, 'Beautification': 0, 'Installation': 0}",Post-Monsoon,,False,True,Others,
2024_UPIDC_955160_5,09/EE/2024-25,Silt Clearance,,,,,,,,,,,,,,,,U P Irrigation Department (Civil)||Chief Engineer ( Yamuna) Okhla||S E Irrigation Works Circle III Agra||E E Upper Division Agra Canal Mathura,,,,,,"967,390.24",,2024-10-24,U P Irrigation Department (Civil)||Chief Engineer ( Yamuna) Okhla||S E Irrigation Works Circle III Agra||E E Upper Division Agra Canal Mathura,True,"{'Flood': 0, 'Embankment': 0, 'embkt': 0, 'Relief': 0, 'Erosion': 0, 'SDRF': 0, 'Inundation': 0, 'Hydrology': 0, 'Silt': 1, 'Siltation': 0, 'Bund': 0, 'Trench': 0, 'Breach': 0, 'Culvert': 0, 'Sluice': 0, 'Dyke': 0, 'Storm water drain': 0, 'Emergency': 0, 'Immediate': 0, 'IM': 0, 'AE': 0, 'A E': 0, 'AAPDA MITRA': 0, 'Bridge': 0, 'River': 0, 'Drain': 0, 'Restoration': 0, 'Protection': 0, 'irr': 0, 'irrigation': 0, 'dam': 0, 'Nallah': 0, 'Retrofitting': 0, 'Pond': 0, 'Pokhari': 0, 'D/C': 0, 'Recharge shaft': 0, 'LFB': 0, 'RFB': 0}","{'Floodlight': 0, 'Flood Light': 0, 'GAS': 0, 'FIFA': 0, 'pipe': 0, 'pipes': 0, 'covid': 0, 'supply': 0, 'Beautification': 0, 'Installation': 0}",Post-Monsoon,,False,True,Others,
2024_UPIDC_955160_7,09/EE/2024-25,Silt Clearance,,,,,,,,,,,,,,,,U P Irrigation Department (Civil)||Chief Engineer ( Yamuna) Okhla||S E Irrigation Works Circle III Agra||E E Upper Division Agra Canal Mathura,,,,,,"371,266.48",,2024-10-24,U P Irrigation Department (Civil)||Chief Engineer ( Yamuna) Okhla||S E Irrigation Works Circle III Agra||E E Upper Division Agra Canal Mathura,True,"{'Flood': 0, 'Embankment': 0, 'embkt': 0, 'Relief': 0, 'Erosion': 0, 'SDRF': 0, 'Inundation': 0, 'Hydrology': 0, 'Silt': 1, 'Siltation': 0, 'Bund': 0, 'Trench': 0, 'Breach': 0, 'Culvert': 0, 'Sluice': 0, 'Dyke': 0, 'Storm water drain': 0, 'Emergency': 0, 'Immediate': 0, 'IM': 0, 'AE': 0, 'A E': 0, 'AAPDA MITRA': 0, 'Bridge': 0, 'River': 0, 'Drain': 0, 'Restoration': 0, 'Protection': 0, 'irr': 0, 'irrigation': 0, 'dam': 0, 'Nallah': 0, 'Retrofitting': 0, 'Pond': 0, 'Pokhari': 0, 'D/C': 0, 'Recharge shaft': 0, 'LFB': 0, 'RFB': 0}","{'Floodlight': 0, 'Flood Light': 0, 'GAS': 0, 'FIFA': 0, 'pipe': 0, 'pipes': 0, 'covid': 0, 'supply': 0, 'Beautification': 0, 'Installation': 0}",Post-Monsoon,,False,True,Others,
2024_UPIDC_955160_7,09/EE/2024-25,Silt Clearance,,,,,,,,,,,,,,,,U P Irrigation Department (Civil)||Chief Engineer ( Yamuna) Okhla||S E Irrigation Works Circle III Agra||E E Upper Division Agra Canal Mathura,,,,,,"371,266.48",,2024-10-24,U P Irrigation Department (Civil)||Chief Engineer ( Yamuna) Okhla||S E Irrigation Works Circle III Agra||E E Upper Division Agra Canal Mathura,True,"{'Flood': 0, 'Embankment': 0, 'embkt': 0, 'Relief': 0, 'Erosion': 0, 'SDRF': 0, 'Inundation': 0, 'Hydrology': 0, 'Silt': 1, 'Siltation': 0, 'Bund': 0, 'Trench': 0, 'Breach': 0, 'Culvert': 0, 'Sluice': 0, 'Dyke': 0, 'Storm water drain': 0, 'Emergency': 0, 'Immediate': 0, 'IM': 0, 'AE': 0, 'A E': 0, 'AAPDA MITRA': 0, 'Bridge': 0, 'River': 0, 'Drain': 0, 'Restoration': 0, 'Protection': 0, 'irr': 0, 'irrigation': 0, 'dam': 0, 'Nallah': 0, 'Retrofitting': 0, 'Pond': 0, 'Pokhari': 0, 'D/C': 0, 'Recharge shaft': 0, 'LFB': 0, 'RFB': 0}","{'Floodlight': 0, 'Flood Light': 0, 'GAS': 0, 'FIFA': 0, 'pipe': 0, 'pipes': 0, 'covid': 0, 'supply': 0, 'Beautification': 0, 'Installation': 0}",Post-Monsoon,,False,True,Others,
2024_UPIDC_955279_12,04/EE/2024-25,Silt clearance work,,,,,,,,,,,,,,,,"U P Irrigation Department (Civil)||Chief Engineer-Ganga, Meerut||Irrigation Works Circle, Mathura||UMBGC, khurja",,,,,,"185,346",,2024-10-15,"U P Irrigation Department (Civil)||Chief Engineer-Ganga, Meerut||Irrigation Works Circle, Mathura||UMBGC, khurja",True,"{'Flood': 0, 'Embankment': 0, 'embkt': 0, 'Relief': 0, 'Erosion': 0, 'SDRF': 0, 'Inundation': 0, 'Hydrology': 0, 'Silt': 1, 'Siltation': 0, 'Bund': 0, 'Trench': 0, 'Breach': 0, 'Culvert': 0, 'Sluice': 0, 'Dyke': 0, 'Storm water drain': 0, 'Emergency': 0, 'Immediate': 0, 'IM': 0, 'AE': 0, 'A E': 0, 'AAPDA MITRA': 0, 'Bridge': 0, 'River': 0, 'Drain': 0, 'Restoration': 0, 'Protection': 0, 'irr': 0, 'irrigation': 0, 'dam': 0, 'Nallah': 0, 'Retrofitting': 0, 'Pond': 0, 'Pokhari': 0, 'D/C': 0, 'Recharge shaft': 0, 'LFB': 0, 'RFB': 0}","{'Floodlight': 0, 'Flood Light': 0, 'GAS': 0, 'FIFA': 0, 'pipe': 0, 'pipes': 0, 'covid': 0, 'supply': 0, 'Beautification': 0, 'Installation': 0}",Post-Monsoon,,False,True,Others,
2024_UPIDC_955279_12,04/EE/2024-25,Silt clearance work,,,,,,,,,,,,,,,,"U P Irrigation Department (Civil)||Chief Engineer-Ganga, Meerut||Irrigation Works Circle, Mathura||UMBGC, khurja",,,,,,"185,346",,2024-10-15,"U P Irrigation Department (Civil)||Chief Engineer-Ganga, Meerut||Irrigation Works Circle, Mathura||UMBGC, khurja",True,"{'Flood': 0, 'Embankment': 0, 'embkt': 0, 'Relief': 0, 'Erosion': 0, 'SDRF': 0, 'Inundation': 0, 'Hydrology': 0, 'Silt': 1, 'Siltation': 0, 'Bund': 0, 'Trench': 0, 'Breach': 0, 'Culvert': 0, 'Sluice': 0, 'Dyke': 0, 'Storm water drain': 0, 'Emergency': 0, 'Immediate': 0, 'IM': 0, 'AE': 0, 'A E': 0, 'AAPDA MITRA': 0, 'Bridge': 0, 'River': 0, 'Drain': 0, 'Restoration': 0, 'Protection': 0, 'irr': 0, 'irrigation': 0, 'dam': 0, 'Nallah': 0, 'Retrofitting': 0, 'Pond': 0, 'Pokhari': 0, 'D/C': 0, 'Recharge shaft': 0, 'LFB': 0, 'RFB': 0}","{'Floodlight': 0, 'Flood Light': 0, 'GAS': 0, 'FIFA': 0, 'pipe': 0, 'pipes': 0, 'covid': 0, 'supply': 0, 'Beautification': 0, 'Installation': 0}",Post-Monsoon,,False,True,Others,
2024_UPIDC_955279_14,04/EE/2024-25,Silt clearance work,,,,,,,,,,,,,,,,"U P Irrigation Department (Civil)||Chief Engineer-Ganga, Meerut||Irrigation Works Circle, Mathura||UMBGC, khurja",,,,,,"429,480",,2024-10-14,"U P Irrigation Department (Civil)||Chief Engineer-Ganga, Meerut||Irrigation Works Circle, Mathura||UMBGC, khurja",True,"{'Flood': 0, 'Embankment': 0, 'embkt': 0, 'Relief': 0, 'Erosion': 0, 'SDRF': 0, 'Inundation': 0, 'Hydrology': 0, 'Silt': 1, 'Siltation': 0, 'Bund': 0, 'Trench': 0, 'Breach': 0, 'Culvert': 0, 'Sluice': 0, 'Dyke': 0, 'Storm water drain': 0, 'Emergency': 0, 'Immediate': 0, 'IM': 0, 'AE': 0, 'A E': 0, 'AAPDA MITRA': 0, 'Bridge': 0, 'River': 0, 'Drain': 0, 'Restoration': 0, 'Protection': 0, 'irr': 0, 'irrigation': 0, 'dam': 0, 'Nallah': 0, 'Retrofitting': 0, 'Pond': 0, 'Pokhari': 0, 'D/C': 0, 'Recharge shaft': 0, 'LFB': 0, 'RFB': 0}","{'Floodlight': 0, 'Flood Light': 0, 'GAS': 0, 'FIFA': 0, 'pipe': 0, 'pipes': 0, 'covid': 0, 'supply': 0, 'Beautification': 0, 'Installation': 0}",Post-Monsoon,,False,True,Others,
2024_UPIDC_955279_24,04/EE/2024-25,Silt clearance work,,,,,,,,,,,,,,,,"U P Irrigation Department (Civil)||Chief Engineer-Ganga, Meerut||Irrigation Works Circle, Mathura||UMBGC, khurja",,,,,,"206,829",,2024-10-14,"U P Irrigation Department (Civil)||Chief Engineer-Ganga, Meerut||Irrigation Works Circle, Mathura||UMBGC, khurja",True,"{'Flood': 0, 'Embankment': 0, 'embkt': 0, 'Relief': 0, 'Erosion': 0, 'SDRF': 0, 'Inundation': 0, 'Hydrology': 0, 'Silt': 1, 'Siltation': 0, 'Bund': 0, 'Trench': 0, 'Breach': 0, 'Culvert': 0, 'Sluice': 0, 'Dyke': 0, 'Storm water drain': 0, 'Emergency': 0, 'Immediate': 0, 'IM': 0, 'AE': 0, 'A E': 0, 'AAPDA MITRA': 0, 'Bridge': 0, 'River': 0, 'Drain': 0, 'Restoration': 0, 'Protection': 0, 'irr': 0, 'irrigation': 0, 'dam': 0, 'Nallah': 0, 'Retrofitting': 0, 'Pond': 0, 'Pokhari': 0, 'D/C': 0, 'Recharge shaft': 0, 'LFB': 0, 'RFB': 0}","{'Floodlight': 0, 'Flood Light': 0, 'GAS': 0, 'FIFA': 0, 'pipe': 0, 'pipes': 0, 'covid': 0, 'supply': 0, 'Beautification': 0, 'Installation': 0}",Post-Monsoon,,False,True,Others,
2024_UPIDC_955279_24,04/EE/2024-25,Silt clearance work,,,,,,,,,,,,,,,,"U P Irrigation Department (Civil)||Chief Engineer-Ganga, Meerut||Irrigation Works Circle, Mathura||UMBGC, khurja",,,,,,"206,829",,2024-10-14,"U P Irrigation Department (Civil)||Chief Engineer-Ganga, Meerut||Irrigation Works Circle, Mathura||UMBGC, khurja",True,"{'Flood': 0, 'Embankment': 0, 'embkt': 0, 'Relief': 0, 'Erosion': 0, 'SDRF': 0, 'Inundation': 0, 'Hydrology': 0, 'Silt': 1, 'Siltation': 0, 'Bund': 0, 'Trench': 0, 'Breach': 0, 'Culvert': 0, 'Sluice': 0, 'Dyke': 0, 'Storm water drain': 0, 'Emergency': 0, 'Immediate': 0, 'IM': 0, 'AE': 0, 'A E': 0, 'AAPDA MITRA': 0, 'Bridge': 0, 'River': 0, 'Drain': 0, 'Restoration': 0, 'Protection': 0, 'irr': 0, 'irrigation': 0, 'dam': 0, 'Nallah': 0, 'Retrofitting': 0, 'Pond': 0, 'Pokhari': 0, 'D/C': 0, 'Recharge shaft': 0, 'LFB': 0, 'RFB': 0}","{'Floodlight': 0, 'Flood Light': 0, 'GAS': 0, 'FIFA': 0, 'pipe': 0, 'pipes': 0, 'covid': 0, 'supply': 0, 'Beautification': 0, 'Installation': 0}",Post-Monsoon,,False,True,Others,
2024_UPIDC_955279_26,04/EE/2024-25,Silt clearance work,,,,,,,,,,,,,,,,"U P Irrigation Department (Civil)||Chief Engineer-Ganga, Meerut||Irrigation Works Circle, Mathura||UMBGC, khurja",,,,,,"366,663",,2024-10-14,"U P Irrigation Department (Civil)||Chief Engineer-Ganga, Meerut||Irrigation Works Circle, Mathura||UMBGC, khurja",True,"{'Flood': 0, 'Embankment': 0, 'embkt': 0, 'Relief': 0, 'Erosion': 0, 'SDRF': 0, 'Inundation': 0, 'Hydrology': 0, 'Silt': 1, 'Siltation': 0, 'Bund': 0, 'Trench': 0, 'Breach': 0, 'Culvert': 0, 'Sluice': 0, 'Dyke': 0, 'Storm water drain': 0, 'Emergency': 0, 'Immediate': 0, 'IM': 0, 'AE': 0, 'A E': 0, 'AAPDA MITRA': 0, 'Bridge': 0, 'River': 0, 'Drain': 0, 'Restoration': 0, 'Protection': 0, 'irr': 0, 'irrigation': 0, 'dam': 0, 'Nallah': 0, 'Retrofitting': 0, 'Pond': 0, 'Pokhari': 0, 'D/C': 0, 'Recharge shaft': 0, 'LFB': 0, 'RFB': 0}","{'Floodlight': 0, 'Flood Light': 0, 'GAS': 0, 'FIFA': 0, 'pipe': 0, 'pipes': 0, 'covid': 0, 'supply': 0, 'Beautification': 0, 'Installation': 0}",Post-Monsoon,,False,True,Others,
2024_UPIDC_955160_38,09/EE/2024-25,Silt Clearance,,,,,,,,,,,,,,,,U P Irrigation Department (Civil)||Chief Engineer ( Yamuna) Okhla||S E Irrigation Works Circle III Agra||E E Upper Division Agra Canal Mathura,,,,,,"177,160",,2024-10-29,U P Irrigation Department (Civil)||Chief Engineer ( Yamuna) Okhla||S E Irrigation Works Circle III Agra||E E Upper Division Agra Canal Mathura,True,"{'Flood': 0, 'Embankment': 0, 'embkt': 0, 'Relief': 0, 'Erosion': 0, 'SDRF': 0, 'Inundation': 0, 'Hydrology': 0, 'Silt': 1, 'Siltation': 0, 'Bund': 0, 'Trench': 0, 'Breach': 0, 'Culvert': 0, 'Sluice': 0, 'Dyke': 0, 'Storm water drain': 0, 'Emergency': 0, 'Immediate': 0, 'IM': 0, 'AE': 0, 'A E': 0, 'AAPDA MITRA': 0, 'Bridge': 0, 'River': 0, 'Drain': 0, 'Restoration': 0, 'Protection': 0, 'irr': 0, 'irrigation': 0, 'dam': 0, 'Nallah': 0, 'Retrofitting': 0, 'Pond': 0, 'Pokhari': 0, 'D/C': 0, 'Recharge shaft': 0, 'LFB': 0, 'RFB': 0}","{'Floodlight': 0, 'Flood Light': 0, 'GAS': 0, 'FIFA': 0, 'pipe': 0, 'pipes': 0, 'covid': 0, 'supply': 0, 'Beautification': 0, 'Installation': 0}",Post-Monsoon,,False,True,Others,
2024_UPIDC_955160_39,09/EE/2024-25,Silt Clearance,,,,,,,,,,,,,,,,U P Irrigation Department (Civil)||Chief Engineer ( Yamuna) Okhla||S E Irrigation Works Circle III Agra||E E Upper Division Agra Canal Mathura,,,,,,"242,563",,2024-10-29,U P Irrigation Department (Civil)||Chief Engineer ( Yamuna) Okhla||S E Irrigation Works Circle III Agra||E E Upper Division Agra Canal Mathura,True,"{'Flood': 0, 'Embankment': 0, 'embkt': 0, 'Relief': 0, 'Erosion': 0, 'SDRF': 0, 'Inundation': 0, 'Hydrology': 0, 'Silt': 1, 'Siltation': 0, 'Bund': 0, 'Trench': 0, 'Breach': 0, 'Culvert': 0, 'Sluice': 0, 'Dyke': 0, 'Storm water drain': 0, 'Emergency': 0, 'Immediate': 0, 'IM': 0, 'AE': 0, 'A E': 0, 'AAPDA MITRA': 0, 'Bridge': 0, 'River': 0, 'Drain': 0, 'Restoration': 0, 'Protection': 0, 'irr': 0, 'irrigation': 0, 'dam': 0, 'Nallah': 0, 'Retrofitting': 0, 'Pond': 0, 'Pokhari': 0, 'D/C': 0, 'Recharge shaft': 0, 'LFB': 0, 'RFB': 0}","{'Floodlight': 0, 'Flood Light': 0, 'GAS': 0, 'FIFA': 0, 'pipe': 0, 'pipes': 0, 'covid': 0, 'supply': 0, 'Beautification': 0, 'Installation': 0}",Post-Monsoon,,False,True,Others,
2024_UPIDC_955160_41,09/EE/2024-25,Silt Clearance,,,,,,,,,,,,,,,,U P Irrigation Department (Civil)||Chief Engineer ( Yamuna) Okhla||S E Irrigation Works Circle III Agra||E E Upper Division Agra Canal Mathura,,,,,,"377,900",,2024-10-29,U P Irrigation Department (Civil)||Chief Engineer ( Yamuna) Okhla||S E Irrigation Works Circle III Agra||E E Upper Division Agra Canal Mathura,True,"{'Flood': 0, 'Embankment': 0, 'embkt': 0, 'Relief': 0, 'Erosion': 0, 'SDRF': 0, 'Inundation': 0, 'Hydrology': 0, 'Silt': 1, 'Siltation': 0, 'Bund': 0, 'Trench': 0, 'Breach': 0, 'Culvert': 0, 'Sluice': 0, 'Dyke': 0, 'Storm water drain': 0, 'Emergency': 0, 'Immediate': 0, 'IM': 0, 'AE': 0, 'A E': 0, 'AAPDA MITRA': 0, 'Bridge': 0, 'River': 0, 'Drain': 0, 'Restoration': 0, 'Protection': 0, 'irr': 0, 'irrigation': 0, 'dam': 0, 'Nallah': 0, 'Retrofitting': 0, 'Pond': 0, 'Pokhari': 0, 'D/C': 0, 'Recharge shaft': 0, 'LFB': 0, 'RFB': 0}","{'Floodlight': 0, 'Flood Light': 0, 'GAS': 0, 'FIFA': 0, 'pipe': 0, 'pipes': 0, 'covid': 0, 'supply': 0, 'Beautification': 0, 'Installation': 0}",Post-Monsoon,,False,True,Others,
2024_UPIDC_955160_41,09/EE/2024-25,Silt Clearance,,,,,,,,,,,,,,,,U P Irrigation Department (Civil)||Chief Engineer ( Yamuna) Okhla||S E Irrigation Works Circle III Agra||E E Upper Division Agra Canal Mathura,,,,,,"377,900",,2024-10-29,U P Irrigation Department (Civil)||Chief Engineer ( Yamuna) Okhla||S E Irrigation Works Circle III Agra||E E Upper Division Agra Canal Mathura,True,"{'Flood': 0, 'Embankment': 0, 'embkt': 0, 'Relief': 0, 'Erosion': 0, 'SDRF': 0, 'Inundation': 0, 'Hydrology': 0, 'Silt': 1, 'Siltation': 0, 'Bund': 0, 'Trench': 0, 'Breach': 0, 'Culvert': 0, 'Sluice': 0, 'Dyke': 0, 'Storm water drain': 0, 'Emergency': 0, 'Immediate': 0, 'IM': 0, 'AE': 0, 'A E': 0, 'AAPDA MITRA': 0, 'Bridge': 0, 'River': 0, 'Drain': 0, 'Restoration': 0, 'Protection': 0, 'irr': 0, 'irrigation': 0, 'dam': 0, 'Nallah': 0, 'Retrofitting': 0, 'Pond': 0, 'Pokhari': 0, 'D/C': 0, 'Recharge shaft': 0, 'LFB': 0, 'RFB': 0}","{'Floodlight': 0, 'Flood Light': 0, 'GAS': 0, 'FIFA': 0, 'pipe': 0, 'pipes': 0, 'covid': 0, 'supply': 0, 'Beautification': 0, 'Installation': 0}",Post-Monsoon,,False,True,Others,
2024_UPIDC_955160_44,09/EE/2024-25,Silt Clearance,,,,,,,,,,,,,,,,U P Irrigation Department (Civil)||Chief Engineer ( Yamuna) Okhla||S E Irrigation Works Circle III Agra||E E Upper Division Agra Canal Mathura,,,,,,"430,298.33",,2024-10-29,U P Irrigation Department (Civil)||Chief Engineer ( Yamuna) Okhla||S E Irrigation Works Circle III Agra||E E Upper Division Agra Canal Mathura,True,"{'Flood': 0, 'Embankment': 0, 'embkt': 0, 'Relief': 0, 'Erosion': 0, 'SDRF': 0, 'Inundation': 0, 'Hydrology': 0, 'Silt': 1, 'Siltation': 0, 'Bund': 0, 'Trench': 0, 'Breach': 0, 'Culvert': 0, 'Sluice': 0, 'Dyke': 0, 'Storm water drain': 0, 'Emergency': 0, 'Immediate': 0, 'IM': 0, 'AE': 0, 'A E': 0, 'AAPDA MITRA': 0, 'Bridge': 0, 'River': 0, 'Drain': 0, 'Restoration': 0, 'Protection': 0, 'irr': 0, 'irrigation': 0, 'dam': 0, 'Nallah': 0, 'Retrofitting': 0, 'Pond': 0, 'Pokhari': 0, 'D/C': 0, 'Recharge shaft': 0, 'LFB': 0, 'RFB': 0}","{'Floodlight': 0, 'Flood Light': 0, 'GAS': 0, 'FIFA': 0, 'pipe': 0, 'pipes': 0, 'covid': 0, 'supply': 0, 'Beautification': 0, 'Installation': 0}",Post-Monsoon,,False,True,Others,
2024_UPIDC_955160_44,09/EE/2024-25,Silt Clearance,,,,,,,,,,,,,,,,U P Irrigation Department (Civil)||Chief Engineer ( Yamuna) Okhla||S E Irrigation Works Circle III Agra||E E Upper Division Agra Canal Mathura,,,,,,"430,298.33",,2024-10-29,U P Irrigation Department (Civil)||Chief Engineer ( Yamuna) Okhla||S E Irrigation Works Circle III Agra||E E Upper Division Agra Canal Mathura,True,"{'Flood': 0, 'Embankment': 0, 'embkt': 0, 'Relief': 0, 'Erosion': 0, 'SDRF': 0, 'Inundation': 0, 'Hydrology': 0, 'Silt': 1, 'Siltation': 0, 'Bund': 0, 'Trench': 0, 'Breach': 0, 'Culvert': 0, 'Sluice': 0, 'Dyke': 0, 'Storm water drain': 0, 'Emergency': 0, 'Immediate': 0, 'IM': 0, 'AE': 0, 'A E': 0, 'AAPDA MITRA': 0, 'Bridge': 0, 'River': 0, 'Drain': 0, 'Restoration': 0, 'Protection': 0, 'irr': 0, 'irrigation': 0, 'dam': 0, 'Nallah': 0, 'Retrofitting': 0, 'Pond': 0, 'Pokhari': 0, 'D/C': 0, 'Recharge shaft': 0, 'LFB': 0, 'RFB': 0}","{'Floodlight': 0, 'Flood Light': 0, 'GAS': 0, 'FIFA': 0, 'pipe': 0, 'pipes': 0, 'covid': 0, 'supply': 0, 'Beautification': 0, 'Installation': 0}",Post-Monsoon,,False,True,Others,
2024_UPIDC_955160_44,09/EE/2024-25,Silt Clearance,,,,,,,,,,,,,,,,U P Irrigation Department (Civil)||Chief Engineer ( Yamuna) Okhla||S E Irrigation Works Circle III Agra||E E Upper Division Agra Canal Mathura,,,,,,"430,298.33",,2024-10-29,U P Irrigation Department (Civil)||Chief Engineer ( Yamuna) Okhla||S E Irrigation Works Circle III Agra||E E Upper Division Agra Canal Mathura,True,"{'Flood': 0, 'Embankment': 0, 'embkt': 0, 'Relief': 0, 'Erosion': 0, 'SDRF': 0, 'Inundation': 0, 'Hydrology': 0, 'Silt': 1, 'Siltation': 0, 'Bund': 0, 'Trench': 0, 'Breach': 0, 'Culvert': 0, 'Sluice': 0, 'Dyke': 0, 'Storm water drain': 0, 'Emergency': 0, 'Immediate': 0, 'IM': 0, 'AE': 0, 'A E': 0, 'AAPDA MITRA': 0, 'Bridge': 0, 'River': 0, 'Drain': 0, 'Restoration': 0, 'Protection': 0, 'irr': 0, 'irrigation': 0, 'dam': 0, 'Nallah': 0, 'Retrofitting': 0, 'Pond': 0, 'Pokhari': 0, 'D/C': 0, 'Recharge shaft': 0, 'LFB': 0, 'RFB': 0}","{'Floodlight': 0, 'Flood Light': 0, 'GAS': 0, 'FIFA': 0, 'pipe': 0, 'pipes': 0, 'covid': 0, 'supply': 0, 'Beautification': 0, 'Installation': 0}",Post-Monsoon,,False,True,Others,
2024_UPIDC_955160_45,09/EE/2024-25,Silt Clearance,,,,,,,,,,,,,,,,U P Irrigation Department (Civil)||Chief Engineer ( Yamuna) Okhla||S E Irrigation Works Circle III Agra||E E Upper Division Agra Canal Mathura,,,,,,"261,860.91",,2024-10-29,U P Irrigation Department (Civil)||Chief Engineer ( Yamuna) Okhla||S E Irrigation Works Circle III Agra||E E Upper Division Agra Canal Mathura,True,"{'Flood': 0, 'Embankment': 0, 'embkt': 0, 'Relief': 0, 'Erosion': 0, 'SDRF': 0, 'Inundation': 0, 'Hydrology': 0, 'Silt': 1, 'Siltation': 0, 'Bund': 0, 'Trench': 0, 'Breach': 0, 'Culvert': 0, 'Sluice': 0, 'Dyke': 0, 'Storm water drain': 0, 'Emergency': 0, 'Immediate': 0, 'IM': 0, 'AE': 0, 'A E': 0, 'AAPDA MITRA': 0, 'Bridge': 0, 'River': 0, 'Drain': 0, 'Restoration': 0, 'Protection': 0, 'irr': 0, 'irrigation': 0, 'dam': 0, 'Nallah': 0, 'Retrofitting': 0, 'Pond': 0, 'Pokhari': 0, 'D/C': 0, 'Recharge shaft': 0, 'LFB': 0, 'RFB': 0}","{'Floodlight': 0, 'Flood Light': 0, 'GAS': 0, 'FIFA': 0, 'pipe': 0, 'pipes': 0, 'covid': 0, 'supply': 0, 'Beautification': 0, 'Installation': 0}",Post-Monsoon,,False,True,Others,
2024_UPIDC_955160_46,09/EE/2024-25,Silt Clearance,,,,,,,,,,,,,,,,U P Irrigation Department (Civil)||Chief Engineer ( Yamuna) Okhla||S E Irrigation Works Circle III Agra||E E Upper Division Agra Canal Mathura,,,,,,"765,614.84",,2024-10-29,U P Irrigation Department (Civil)||Chief Engineer ( Yamuna) Okhla||S E Irrigation Works Circle III Agra||E E Upper Division Agra Canal Mathura,True,"{'Flood': 0, 'Embankment': 0, 'embkt': 0, 'Relief': 0, 'Erosion': 0, 'SDRF': 0, 'Inundation': 0, 'Hydrology': 0, 'Silt': 1, 'Siltation': 0, 'Bund': 0, 'Trench': 0, 'Breach': 0, 'Culvert': 0, 'Sluice': 0, 'Dyke': 0, 'Storm water drain': 0, 'Emergency': 0, 'Immediate': 0, 'IM': 0, 'AE': 0, 'A E': 0, 'AAPDA MITRA': 0, 'Bridge': 0, 'River': 0, 'Drain': 0, 'Restoration': 0, 'Protection': 0, 'irr': 0, 'irrigation': 0, 'dam': 0, 'Nallah': 0, 'Retrofitting': 0, 'Pond': 0, 'Pokhari': 0, 'D/C': 0, 'Recharge shaft': 0, 'LFB': 0, 'RFB': 0}","{'Floodlight': 0, 'Flood Light': 0, 'GAS': 0, 'FIFA': 0, 'pipe': 0, 'pipes': 0, 'covid': 0, 'supply': 0, 'Beautification': 0, 'Installation': 0}",Post-Monsoon,,False,True,Others,
2024_UPIDC_955160_4,09/EE/2024-25,Silt Clearance,,,,,,,,,,,,,,,,U P Irrigation Department (Civil)||Chief Engineer ( Yamuna) Okhla||S E Irrigation Works Circle III Agra||E E Upper Division Agra Canal Mathura,,,,,,"353,784",,2024-10-24,U P Irrigation Department (Civil)||Chief Engineer ( Yamuna) Okhla||S E Irrigation Works Circle III Agra||E E Upper Division Agra Canal Mathura,True,"{'Flood': 0, 'Embankment': 0, 'embkt': 0, 'Relief': 0, 'Erosion': 0, 'SDRF': 0, 'Inundation': 0, 'Hydrology': 0, 'Silt': 1, 'Siltation': 0, 'Bund': 0, 'Trench': 0, 'Breach': 0, 'Culvert': 0, 'Sluice': 0, 'Dyke': 0, 'Storm water drain': 0, 'Emergency': 0, 'Immediate': 0, 'IM': 0, 'AE': 0, 'A E': 0, 'AAPDA MITRA': 0, 'Bridge': 0, 'River': 0, 'Drain': 0, 'Restoration': 0, 'Protection': 0, 'irr': 0, 'irrigation': 0, 'dam': 0, 'Nallah': 0, 'Retrofitting': 0, 'Pond': 0, 'Pokhari': 0, 'D/C': 0, 'Recharge shaft': 0, 'LFB': 0, 'RFB': 0}","{'Floodlight': 0, 'Flood Light': 0, 'GAS': 0, 'FIFA': 0, 'pipe': 0, 'pipes': 0, 'covid': 0, 'supply': 0, 'Beautification': 0, 'Installation': 0}",Post-Monsoon,,False,True,Others,
2024_UPIDC_955160_25,09/EE/2024-25,Silt Clearance,,,,,,,,,,,,,,,,U P Irrigation Department (Civil)||Chief Engineer ( Yamuna) Okhla||S E Irrigation Works Circle III Agra||E E Upper Division Agra Canal Mathura,,,,,,"621,885",,2024-10-29,U P Irrigation Department (Civil)||Chief Engineer ( Yamuna) Okhla||S E Irrigation Works Circle III Agra||E E Upper Division Agra Canal Mathura,True,"{'Flood': 0, 'Embankment': 0, 'embkt': 0, 'Relief': 0, 'Erosion': 0, 'SDRF': 0, 'Inundation': 0, 'Hydrology': 0, 'Silt': 1, 'Siltation': 0, 'Bund': 0, 'Trench': 0, 'Breach': 0, 'Culvert': 0, 'Sluice': 0, 'Dyke': 0, 'Storm water drain': 0, 'Emergency': 0, 'Immediate': 0, 'IM': 0, 'AE': 0, 'A E': 0, 'AAPDA MITRA': 0, 'Bridge': 0, 'River': 0, 'Drain': 0, 'Restoration': 0, 'Protection': 0, 'irr': 0, 'irrigation': 0, 'dam': 0, 'Nallah': 0, 'Retrofitting': 0, 'Pond': 0, 'Pokhari': 0, 'D/C': 0, 'Recharge shaft': 0, 'LFB': 0, 'RFB': 0}","{'Floodlight': 0, 'Flood Light': 0, 'GAS': 0, 'FIFA': 0, 'pipe': 0, 'pipes': 0, 'covid': 0, 'supply': 0, 'Beautification': 0, 'Installation': 0}",Post-Monsoon,,False,True,Others,
2024_UPIDC_955160_25,09/EE/2024-25,Silt Clearance,,,,,,,,,,,,,,,,U P Irrigation Department (Civil)||Chief Engineer ( Yamuna) Okhla||S E Irrigation Works Circle III Agra||E E Upper Division Agra Canal Mathura,,,,,,"621,885",,2024-10-29,U P Irrigation Department (Civil)||Chief Engineer ( Yamuna) Okhla||S E Irrigation Works Circle III Agra||E E Upper Division Agra Canal Mathura,True,"{'Flood': 0, 'Embankment': 0, 'embkt': 0, 'Relief': 0, 'Erosion': 0, 'SDRF': 0, 'Inundation': 0, 'Hydrology': 0, 'Silt': 1, 'Siltation': 0, 'Bund': 0, 'Trench': 0, 'Breach': 0, 'Culvert': 0, 'Sluice': 0, 'Dyke': 0, 'Storm water drain': 0, 'Emergency': 0, 'Immediate': 0, 'IM': 0, 'AE': 0, 'A E': 0, 'AAPDA MITRA': 0, 'Bridge': 0, 'River': 0, 'Drain': 0, 'Restoration': 0, 'Protection': 0, 'irr': 0, 'irrigation': 0, 'dam': 0, 'Nallah': 0, 'Retrofitting': 0, 'Pond': 0, 'Pokhari': 0, 'D/C': 0, 'Recharge shaft': 0, 'LFB': 0, 'RFB': 0}","{'Floodlight': 0, 'Flood Light': 0, 'GAS': 0, 'FIFA': 0, 'pipe': 0, 'pipes': 0, 'covid': 0, 'supply': 0, 'Beautification': 0, 'Installation': 0}",Post-Monsoon,,False,True,Others,
2024_UPIDC_955160_27,09/EE/2024-25,Silt Clearance,,,,,,,,,,,,,,,,U P Irrigation Department (Civil)||Chief Engineer ( Yamuna) Okhla||S E Irrigation Works Circle III Agra||E E Upper Division Agra Canal Mathura,,,,,,"608,505",,2024-10-29,U P Irrigation Department (Civil)||Chief Engineer ( Yamuna) Okhla||S E Irrigation Works Circle III Agra||E E Upper Division Agra Canal Mathura,True,"{'Flood': 0, 'Embankment': 0, 'embkt': 0, 'Relief': 0, 'Erosion': 0, 'SDRF': 0, 'Inundation': 0, 'Hydrology': 0, 'Silt': 1, 'Siltation': 0, 'Bund': 0, 'Trench': 0, 'Breach': 0, 'Culvert': 0, 'Sluice': 0, 'Dyke': 0, 'Storm water drain': 0, 'Emergency': 0, 'Immediate': 0, 'IM': 0, 'AE': 0, 'A E': 0, 'AAPDA MITRA': 0, 'Bridge': 0, 'River': 0, 'Drain': 0, 'Restoration': 0, 'Protection': 0, 'irr': 0, 'irrigation': 0, 'dam': 0, 'Nallah': 0, 'Retrofitting': 0, 'Pond': 0, 'Pokhari': 0, 'D/C': 0, 'Recharge shaft': 0, 'LFB': 0, 'RFB': 0}","{'Floodlight': 0, 'Flood Light': 0, 'GAS': 0, 'FIFA': 0, 'pipe': 0, 'pipes': 0, 'covid': 0, 'supply': 0, 'Beautification': 0, 'Installation': 0}",Post-Monsoon,,False,True,Others,
2024_UPIDC_955160_27,09/EE/2024-25,Silt Clearance,,,,,,,,,,,,,,,,U P Irrigation Department (Civil)||Chief Engineer ( Yamuna) Okhla||S E Irrigation Works Circle III Agra||E E Upper Division Agra Canal Mathura,,,,,,"608,505",,2024-10-29,U P Irrigation Department (Civil)||Chief Engineer ( Yamuna) Okhla||S E Irrigation Works Circle III Agra||E E Upper Division Agra Canal Mathura,True,"{'Flood': 0, 'Embankment': 0, 'embkt': 0, 'Relief': 0, 'Erosion': 0, 'SDRF': 0, 'Inundation': 0, 'Hydrology': 0, 'Silt': 1, 'Siltation': 0, 'Bund': 0, 'Trench': 0, 'Breach': 0, 'Culvert': 0, 'Sluice': 0, 'Dyke': 0, 'Storm water drain': 0, 'Emergency': 0, 'Immediate': 0, 'IM': 0, 'AE': 0, 'A E': 0, 'AAPDA MITRA': 0, 'Bridge': 0, 'River': 0, 'Drain': 0, 'Restoration': 0, 'Protection': 0, 'irr': 0, 'irrigation': 0, 'dam': 0, 'Nallah': 0, 'Retrofitting': 0, 'Pond': 0, 'Pokhari': 0, 'D/C': 0, 'Recharge shaft': 0, 'LFB': 0, 'RFB': 0}","{'Floodlight': 0, 'Flood Light': 0, 'GAS': 0, 'FIFA': 0, 'pipe': 0, 'pipes': 0, 'covid': 0, 'supply': 0, 'Beautification': 0, 'Installation': 0}",Post-Monsoon,,False,True,Others,
2024_UPIDC_955160_28,09/EE/2024-25,Silt Clearance,,,,,,,,,,,,,,,,U P Irrigation Department (Civil)||Chief Engineer ( Yamuna) Okhla||S E Irrigation Works Circle III Agra||E E Upper Division Agra Canal Mathura,,,,,,"386,960.2",,2024-10-29,U P Irrigation Department (Civil)||Chief Engineer ( Yamuna) Okhla||S E Irrigation Works Circle III Agra||E E Upper Division Agra Canal Mathura,True,"{'Flood': 0, 'Embankment': 0, 'embkt': 0, 'Relief': 0, 'Erosion': 0, 'SDRF': 0, 'Inundation': 0, 'Hydrology': 0, 'Silt': 1, 'Siltation': 0, 'Bund': 0, 'Trench': 0, 'Breach': 0, 'Culvert': 0, 'Sluice': 0, 'Dyke': 0, 'Storm water drain': 0, 'Emergency': 0, 'Immediate': 0, 'IM': 0, 'AE': 0, 'A E': 0, 'AAPDA MITRA': 0, 'Bridge': 0, 'River': 0, 'Drain': 0, 'Restoration': 0, 'Protection': 0, 'irr': 0, 'irrigation': 0, 'dam': 0, 'Nallah': 0, 'Retrofitting': 0, 'Pond': 0, 'Pokhari': 0, 'D/C': 0, 'Recharge shaft': 0, 'LFB': 0, 'RFB': 0}","{'Floodlight': 0, 'Flood Light': 0, 'GAS': 0, 'FIFA': 0, 'pipe': 0, 'pipes': 0, 'covid': 0, 'supply': 0, 'Beautification': 0, 'Installation': 0}",Post-Monsoon,,False,True,Others,
2024_UPIDC_955160_3,09/EE/2024-25,Silt Clearance,,,,,,,,,,,,,,,,U P Irrigation Department (Civil)||Chief Engineer ( Yamuna) Okhla||S E Irrigation Works Circle III Agra||E E Upper Division Agra Canal Mathura,,,,,,"668,170.8",,2024-10-24,U P Irrigation Department (Civil)||Chief Engineer ( Yamuna) Okhla||S E Irrigation Works Circle III Agra||E E Upper Division Agra Canal Mathura,True,"{'Flood': 0, 'Embankment': 0, 'embkt': 0, 'Relief': 0, 'Erosion': 0, 'SDRF': 0, 'Inundation': 0, 'Hydrology': 0, 'Silt': 1, 'Siltation': 0, 'Bund': 0, 'Trench': 0, 'Breach': 0, 'Culvert': 0, 'Sluice': 0, 'Dyke': 0, 'Storm water drain': 0, 'Emergency': 0, 'Immediate': 0, 'IM': 0, 'AE': 0, 'A E': 0, 'AAPDA MITRA': 0, 'Bridge': 0, 'River': 0, 'Drain': 0, 'Restoration': 0, 'Protection': 0, 'irr': 0, 'irrigation': 0, 'dam': 0, 'Nallah': 0, 'Retrofitting': 0, 'Pond': 0, 'Pokhari': 0, 'D/C': 0, 'Recharge shaft': 0, 'LFB': 0, 'RFB': 0}","{'Floodlight': 0, 'Flood Light': 0, 'GAS': 0, 'FIFA': 0, 'pipe': 0, 'pipes': 0, 'covid': 0, 'supply': 0, 'Beautification': 0, 'Installation': 0}",Post-Monsoon,,False,True,Others,
2024_UPIDC_955160_33,09/EE/2024-25,Silt Clearance,,,,,,,,,,,,,,,,U P Irrigation Department (Civil)||Chief Engineer ( Yamuna) Okhla||S E Irrigation Works Circle III Agra||E E Upper Division Agra Canal Mathura,,,,,,"564,216",,2024-10-29,U P Irrigation Department (Civil)||Chief Engineer ( Yamuna) Okhla||S E Irrigation Works Circle III Agra||E E Upper Division Agra Canal Mathura,True,"{'Flood': 0, 'Embankment': 0, 'embkt': 0, 'Relief': 0, 'Erosion': 0, 'SDRF': 0, 'Inundation': 0, 'Hydrology': 0, 'Silt': 1, 'Siltation': 0, 'Bund': 0, 'Trench': 0, 'Breach': 0, 'Culvert': 0, 'Sluice': 0, 'Dyke': 0, 'Storm water drain': 0, 'Emergency': 0, 'Immediate': 0, 'IM': 0, 'AE': 0, 'A E': 0, 'AAPDA MITRA': 0, 'Bridge': 0, 'River': 0, 'Drain': 0, 'Restoration': 0, 'Protection': 0, 'irr': 0, 'irrigation': 0, 'dam': 0, 'Nallah': 0, 'Retrofitting': 0, 'Pond': 0, 'Pokhari': 0, 'D/C': 0, 'Recharge shaft': 0, 'LFB': 0, 'RFB': 0}","{'Floodlight': 0, 'Flood Light': 0, 'GAS': 0, 'FIFA': 0, 'pipe': 0, 'pipes': 0, 'covid': 0, 'supply': 0, 'Beautification': 0, 'Installation': 0}",Post-Monsoon,,False,True,Others,
2024_UPIDC_955160_36,09/EE/2024-25,Silt Clearance,,,,,,,,,,,,,,,,U P Irrigation Department (Civil)||Chief Engineer ( Yamuna) Okhla||S E Irrigation Works Circle III Agra||E E Upper Division Agra Canal Mathura,,,,,,"365,600",,2024-10-29,U P Irrigation Department (Civil)||Chief Engineer ( Yamuna) Okhla||S E Irrigation Works Circle III Agra||E E Upper Division Agra Canal Mathura,True,"{'Flood': 0, 'Embankment': 0, 'embkt': 0, 'Relief': 0, 'Erosion': 0, 'SDRF': 0, 'Inundation': 0, 'Hydrology': 0, 'Silt': 1, 'Siltation': 0, 'Bund': 0, 'Trench': 0, 'Breach': 0, 'Culvert': 0, 'Sluice': 0, 'Dyke': 0, 'Storm water drain': 0, 'Emergency': 0, 'Immediate': 0, 'IM': 0, 'AE': 0, 'A E': 0, 'AAPDA MITRA': 0, 'Bridge': 0, 'River': 0, 'Drain': 0, 'Restoration': 0, 'Protection': 0, 'irr': 0, 'irrigation': 0, 'dam': 0, 'Nallah': 0, 'Retrofitting': 0, 'Pond': 0, 'Pokhari': 0, 'D/C': 0, 'Recharge shaft': 0, 'LFB': 0, 'RFB': 0}","{'Floodlight': 0, 'Flood Light': 0, 'GAS': 0, 'FIFA': 0, 'pipe': 0, 'pipes': 0, 'covid': 0, 'supply': 0, 'Beautification': 0, 'Installation': 0}",Post-Monsoon,,False,True,Others,
2024_UPIDC_955160_37,09/EE/2024-25,Silt Clearance,,,,,,,,,,,,,,,,U P Irrigation Department (Civil)||Chief Engineer ( Yamuna) Okhla||S E Irrigation Works Circle III Agra||E E Upper Division Agra Canal Mathura,,,,,,"190,886",,2024-10-29,U P Irrigation Department (Civil)||Chief Engineer ( Yamuna) Okhla||S E Irrigation Works Circle III Agra||E E Upper Division Agra Canal Mathura,True,"{'Flood': 0, 'Embankment': 0, 'embkt': 0, 'Relief': 0, 'Erosion': 0, 'SDRF': 0, 'Inundation': 0, 'Hydrology': 0, 'Silt': 1, 'Siltation': 0, 'Bund': 0, 'Trench': 0, 'Breach': 0, 'Culvert': 0, 'Sluice': 0, 'Dyke': 0, 'Storm water drain': 0, 'Emergency': 0, 'Immediate': 0, 'IM': 0, 'AE': 0, 'A E': 0, 'AAPDA MITRA': 0, 'Bridge': 0, 'River': 0, 'Drain': 0, 'Restoration': 0, 'Protection': 0, 'irr': 0, 'irrigation': 0, 'dam': 0, 'Nallah': 0, 'Retrofitting': 0, 'Pond': 0, 'Pokhari': 0, 'D/C': 0, 'Recharge shaft': 0, 'LFB': 0, 'RFB': 0}","{'Floodlight': 0, 'Flood Light': 0, 'GAS': 0, 'FIFA': 0, 'pipe': 0, 'pipes': 0, 'covid': 0, 'supply': 0, 'Beautification': 0, 'Installation': 0}",Post-Monsoon,,False,True,Others,
2024_UPIDC_955160_3,09/EE/2024-25,Silt Clearance,,,,,,,,,,,,,,,,U P Irrigation Department (Civil)||Chief Engineer ( Yamuna) Okhla||S E Irrigation Works Circle III Agra||E E Upper Division Agra Canal Mathura,,,,,,"668,170.8",,2024-10-24,U P Irrigation Department (Civil)||Chief Engineer ( Yamuna) Okhla||S E Irrigation Works Circle III Agra||E E Upper Division Agra Canal Mathura,True,"{'Flood': 0, 'Embankment': 0, 'embkt': 0, 'Relief': 0, 'Erosion': 0, 'SDRF': 0, 'Inundation': 0, 'Hydrology': 0, 'Silt': 1, 'Siltation': 0, 'Bund': 0, 'Trench': 0, 'Breach': 0, 'Culvert': 0, 'Sluice': 0, 'Dyke': 0, 'Storm water drain': 0, 'Emergency': 0, 'Immediate': 0, 'IM': 0, 'AE': 0, 'A E': 0, 'AAPDA MITRA': 0, 'Bridge': 0, 'River': 0, 'Drain': 0, 'Restoration': 0, 'Protection': 0, 'irr': 0, 'irrigation': 0, 'dam': 0, 'Nallah': 0, 'Retrofitting': 0, 'Pond': 0, 'Pokhari': 0, 'D/C': 0, 'Recharge shaft': 0, 'LFB': 0, 'RFB': 0}","{'Floodlight': 0, 'Flood Light': 0, 'GAS': 0, 'FIFA': 0, 'pipe': 0, 'pipes': 0, 'covid': 0, 'supply': 0, 'Beautification': 0, 'Installation': 0}",Post-Monsoon,,False,True,Others,
2024_UPIDC_955160_13,09/EE/2024-25,Silt Clearance,,,,,,,,,,,,,,,,U P Irrigation Department (Civil)||Chief Engineer ( Yamuna) Okhla||S E Irrigation Works Circle III Agra||E E Upper Division Agra Canal Mathura,,,,,,"420,119.78",,2024-10-24,U P Irrigation Department (Civil)||Chief Engineer ( Yamuna) Okhla||S E Irrigation Works Circle III Agra||E E Upper Division Agra Canal Mathura,True,"{'Flood': 0, 'Embankment': 0, 'embkt': 0, 'Relief': 0, 'Erosion': 0, 'SDRF': 0, 'Inundation': 0, 'Hydrology': 0, 'Silt': 1, 'Siltation': 0, 'Bund': 0, 'Trench': 0, 'Breach': 0, 'Culvert': 0, 'Sluice': 0, 'Dyke': 0, 'Storm water drain': 0, 'Emergency': 0, 'Immediate': 0, 'IM': 0, 'AE': 0, 'A E': 0, 'AAPDA MITRA': 0, 'Bridge': 0, 'River': 0, 'Drain': 0, 'Restoration': 0, 'Protection': 0, 'irr': 0, 'irrigation': 0, 'dam': 0, 'Nallah': 0, 'Retrofitting': 0, 'Pond': 0, 'Pokhari': 0, 'D/C': 0, 'Recharge shaft': 0, 'LFB': 0, 'RFB': 0}","{'Floodlight': 0, 'Flood Light': 0, 'GAS': 0, 'FIFA': 0, 'pipe': 0, 'pipes': 0, 'covid': 0, 'supply': 0, 'Beautification': 0, 'Installation': 0}",Post-Monsoon,,False,True,Others,
2024_UPIDC_955160_15,09/EE/2024-25,Silt Clearance,,,,,,,,,,,,,,,,U P Irrigation Department (Civil)||Chief Engineer ( Yamuna) Okhla||S E Irrigation Works Circle III Agra||E E Upper Division Agra Canal Mathura,,,,,,"589,055.26",,2024-10-24,U P Irrigation Department (Civil)||Chief Engineer ( Yamuna) Okhla||S E Irrigation Works Circle III Agra||E E Upper Division Agra Canal Mathura,True,"{'Flood': 0, 'Embankment': 0, 'embkt': 0, 'Relief': 0, 'Erosion': 0, 'SDRF': 0, 'Inundation': 0, 'Hydrology': 0, 'Silt': 1, 'Siltation': 0, 'Bund': 0, 'Trench': 0, 'Breach': 0, 'Culvert': 0, 'Sluice': 0, 'Dyke': 0, 'Storm water drain': 0, 'Emergency': 0, 'Immediate': 0, 'IM': 0, 'AE': 0, 'A E': 0, 'AAPDA MITRA': 0, 'Bridge': 0, 'River': 0, 'Drain': 0, 'Restoration': 0, 'Protection': 0, 'irr': 0, 'irrigation': 0, 'dam': 0, 'Nallah': 0, 'Retrofitting': 0, 'Pond': 0, 'Pokhari': 0, 'D/C': 0, 'Recharge shaft': 0, 'LFB': 0, 'RFB': 0}","{'Floodlight': 0, 'Flood Light': 0, 'GAS': 0, 'FIFA': 0, 'pipe': 0, 'pipes': 0, 'covid': 0, 'supply': 0, 'Beautification': 0, 'Installation': 0}",Post-Monsoon,,False,True,Others,
2024_UPIDC_955160_16,09/EE/2024-25,Silt Clearance,,,,,,,,,,,,,,,,U P Irrigation Department (Civil)||Chief Engineer ( Yamuna) Okhla||S E Irrigation Works Circle III Agra||E E Upper Division Agra Canal Mathura,,,,,,"612,975.31",,2024-10-24,U P Irrigation Department (Civil)||Chief Engineer ( Yamuna) Okhla||S E Irrigation Works Circle III Agra||E E Upper Division Agra Canal Mathura,True,"{'Flood': 0, 'Embankment': 0, 'embkt': 0, 'Relief': 0, 'Erosion': 0, 'SDRF': 0, 'Inundation': 0, 'Hydrology': 0, 'Silt': 1, 'Siltation': 0, 'Bund': 0, 'Trench': 0, 'Breach': 0, 'Culvert': 0, 'Sluice': 0, 'Dyke': 0, 'Storm water drain': 0, 'Emergency': 0, 'Immediate': 0, 'IM': 0, 'AE': 0, 'A E': 0, 'AAPDA MITRA': 0, 'Bridge': 0, 'River': 0, 'Drain': 0, 'Restoration': 0, 'Protection': 0, 'irr': 0, 'irrigation': 0, 'dam': 0, 'Nallah': 0, 'Retrofitting': 0, 'Pond': 0, 'Pokhari': 0, 'D/C': 0, 'Recharge shaft': 0, 'LFB': 0, 'RFB': 0}","{'Floodlight': 0, 'Flood Light': 0, 'GAS': 0, 'FIFA': 0, 'pipe': 0, 'pipes': 0, 'covid': 0, 'supply': 0, 'Beautification': 0, 'Installation': 0}",Post-Monsoon,,False,True,Others,
2024_UPIDC_955160_18,09/EE/2024-25,Silt Clearance,,,,,,,,,,,,,,,,U P Irrigation Department (Civil)||Chief Engineer ( Yamuna) Okhla||S E Irrigation Works Circle III Agra||E E Upper Division Agra Canal Mathura,,,,,,"263,561.5",,2024-10-24,U P Irrigation Department (Civil)||Chief Engineer ( Yamuna) Okhla||S E Irrigation Works Circle III Agra||E E Upper Division Agra Canal Mathura,True,"{'Flood': 0, 'Embankment': 0, 'embkt': 0, 'Relief': 0, 'Erosion': 0, 'SDRF': 0, 'Inundation': 0, 'Hydrology': 0, 'Silt': 1, 'Siltation': 0, 'Bund': 0, 'Trench': 0, 'Breach': 0, 'Culvert': 0, 'Sluice': 0, 'Dyke': 0, 'Storm water drain': 0, 'Emergency': 0, 'Immediate': 0, 'IM': 0, 'AE': 0, 'A E': 0, 'AAPDA MITRA': 0, 'Bridge': 0, 'River': 0, 'Drain': 0, 'Restoration': 0, 'Protection': 0, 'irr': 0, 'irrigation': 0, 'dam': 0, 'Nallah': 0, 'Retrofitting': 0, 'Pond': 0, 'Pokhari': 0, 'D/C': 0, 'Recharge shaft': 0, 'LFB': 0, 'RFB': 0}","{'Floodlight': 0, 'Flood Light': 0, 'GAS': 0, 'FIFA': 0, 'pipe': 0, 'pipes': 0, 'covid': 0, 'supply': 0, 'Beautification': 0, 'Installation': 0}",Post-Monsoon,,False,True,Others,
2024_UPIDC_955160_19,09/EE/2024-25,Silt Clearance,,,,,,,,,,,,,,,,U P Irrigation Department (Civil)||Chief Engineer ( Yamuna) Okhla||S E Irrigation Works Circle III Agra||E E Upper Division Agra Canal Mathura,,,,,,"298,490",,2024-10-24,U P Irrigation Department (Civil)||Chief Engineer ( Yamuna) Okhla||S E Irrigation Works Circle III Agra||E E Upper Division Agra Canal Mathura,True,"{'Flood': 0, 'Embankment': 0, 'embkt': 0, 'Relief': 0, 'Erosion': 0, 'SDRF': 0, 'Inundation': 0, 'Hydrology': 0, 'Silt': 1, 'Siltation': 0, 'Bund': 0, 'Trench': 0, 'Breach': 0, 'Culvert': 0, 'Sluice': 0, 'Dyke': 0, 'Storm water drain': 0, 'Emergency': 0, 'Immediate': 0, 'IM': 0, 'AE': 0, 'A E': 0, 'AAPDA MITRA': 0, 'Bridge': 0, 'River': 0, 'Drain': 0, 'Restoration': 0, 'Protection': 0, 'irr': 0, 'irrigation': 0, 'dam': 0, 'Nallah': 0, 'Retrofitting': 0, 'Pond': 0, 'Pokhari': 0, 'D/C': 0, 'Recharge shaft': 0, 'LFB': 0, 'RFB': 0}","{'Floodlight': 0, 'Flood Light': 0, 'GAS': 0, 'FIFA': 0, 'pipe': 0, 'pipes': 0, 'covid': 0, 'supply': 0, 'Beautification': 0, 'Installation': 0}",Post-Monsoon,,False,True,Others,
2024_UPIDC_955160_20,09/EE/2024-25,Silt Clearance,,,,,,,,,,,,,,,,U P Irrigation Department (Civil)||Chief Engineer ( Yamuna) Okhla||S E Irrigation Works Circle III Agra||E E Upper Division Agra Canal Mathura,,,,,,"170,112.5",,2024-10-24,U P Irrigation Department (Civil)||Chief Engineer ( Yamuna) Okhla||S E Irrigation Works Circle III Agra||E E Upper Division Agra Canal Mathura,True,"{'Flood': 0, 'Embankment': 0, 'embkt': 0, 'Relief': 0, 'Erosion': 0, 'SDRF': 0, 'Inundation': 0, 'Hydrology': 0, 'Silt': 1, 'Siltation': 0, 'Bund': 0, 'Trench': 0, 'Breach': 0, 'Culvert': 0, 'Sluice': 0, 'Dyke': 0, 'Storm water drain': 0, 'Emergency': 0, 'Immediate': 0, 'IM': 0, 'AE': 0, 'A E': 0, 'AAPDA MITRA': 0, 'Bridge': 0, 'River': 0, 'Drain': 0, 'Restoration': 0, 'Protection': 0, 'irr': 0, 'irrigation': 0, 'dam': 0, 'Nallah': 0, 'Retrofitting': 0, 'Pond': 0, 'Pokhari': 0, 'D/C': 0, 'Recharge shaft': 0, 'LFB': 0, 'RFB': 0}","{'Floodlight': 0, 'Flood Light': 0, 'GAS': 0, 'FIFA': 0, 'pipe': 0, 'pipes': 0, 'covid': 0, 'supply': 0, 'Beautification': 0, 'Installation': 0}",Post-Monsoon,,False,True,Others,
2024_UPIDC_955160_22,09/EE/2024-25,Silt Clearance,,,,,,,,,,,,,,,,U P Irrigation Department (Civil)||Chief Engineer ( Yamuna) Okhla||S E Irrigation Works Circle III Agra||E E Upper Division Agra Canal Mathura,,,,,,"633,297.4",,2024-10-29,U P Irrigation Department (Civil)||Chief Engineer ( Yamuna) Okhla||S E Irrigation Works Circle III Agra||E E Upper Division Agra Canal Mathura,True,"{'Flood': 0, 'Embankment': 0, 'embkt': 0, 'Relief': 0, 'Erosion': 0, 'SDRF': 0, 'Inundation': 0, 'Hydrology': 0, 'Silt': 1, 'Siltation': 0, 'Bund': 0, 'Trench': 0, 'Breach': 0, 'Culvert': 0, 'Sluice': 0, 'Dyke': 0, 'Storm water drain': 0, 'Emergency': 0, 'Immediate': 0, 'IM': 0, 'AE': 0, 'A E': 0, 'AAPDA MITRA': 0, 'Bridge': 0, 'River': 0, 'Drain': 0, 'Restoration': 0, 'Protection': 0, 'irr': 0, 'irrigation': 0, 'dam': 0, 'Nallah': 0, 'Retrofitting': 0, 'Pond': 0, 'Pokhari': 0, 'D/C': 0, 'Recharge shaft': 0, 'LFB': 0, 'RFB': 0}","{'Floodlight': 0, 'Flood Light': 0, 'GAS': 0, 'FIFA': 0, 'pipe': 0, 'pipes': 0, 'covid': 0, 'supply': 0, 'Beautification': 0, 'Installation': 0}",Post-Monsoon,,False,True,Others,
2024_UPIDC_955160_22,09/EE/2024-25,Silt Clearance,,,,,,,,,,,,,,,,U P Irrigation Department (Civil)||Chief Engineer ( Yamuna) Okhla||S E Irrigation Works Circle III Agra||E E Upper Division Agra Canal Mathura,,,,,,"633,297.4",,2024-10-29,U P Irrigation Department (Civil)||Chief Engineer ( Yamuna) Okhla||S E Irrigation Works Circle III Agra||E E Upper Division Agra Canal Mathura,True,"{'Flood': 0, 'Embankment': 0, 'embkt': 0, 'Relief': 0, 'Erosion': 0, 'SDRF': 0, 'Inundation': 0, 'Hydrology': 0, 'Silt': 1, 'Siltation': 0, 'Bund': 0, 'Trench': 0, 'Breach': 0, 'Culvert': 0, 'Sluice': 0, 'Dyke': 0, 'Storm water drain': 0, 'Emergency': 0, 'Immediate': 0, 'IM': 0, 'AE': 0, 'A E': 0, 'AAPDA MITRA': 0, 'Bridge': 0, 'River': 0, 'Drain': 0, 'Restoration': 0, 'Protection': 0, 'irr': 0, 'irrigation': 0, 'dam': 0, 'Nallah': 0, 'Retrofitting': 0, 'Pond': 0, 'Pokhari': 0, 'D/C': 0, 'Recharge shaft': 0, 'LFB': 0, 'RFB': 0}","{'Floodlight': 0, 'Flood Light': 0, 'GAS': 0, 'FIFA': 0, 'pipe': 0, 'pipes': 0, 'covid': 0, 'supply': 0, 'Beautification': 0, 'Installation': 0}",Post-Monsoon,,False,True,Others,
2024_UPIDC_955160_23,09/EE/2024-25,Silt Clearance,,,,,,,,,,,,,,,,U P Irrigation Department (Civil)||Chief Engineer ( Yamuna) Okhla||S E Irrigation Works Circle III Agra||E E Upper Division Agra Canal Mathura,,,,,,"632,000",,2024-10-29,U P Irrigation Department (Civil)||Chief Engineer ( Yamuna) Okhla||S E Irrigation Works Circle III Agra||E E Upper Division Agra Canal Mathura,True,"{'Flood': 0, 'Embankment': 0, 'embkt': 0, 'Relief': 0, 'Erosion': 0, 'SDRF': 0, 'Inundation': 0, 'Hydrology': 0, 'Silt': 1, 'Siltation': 0, 'Bund': 0, 'Trench': 0, 'Breach': 0, 'Culvert': 0, 'Sluice': 0, 'Dyke': 0, 'Storm water drain': 0, 'Emergency': 0, 'Immediate': 0, 'IM': 0, 'AE': 0, 'A E': 0, 'AAPDA MITRA': 0, 'Bridge': 0, 'River': 0, 'Drain': 0, 'Restoration': 0, 'Protection': 0, 'irr': 0, 'irrigation': 0, 'dam': 0, 'Nallah': 0, 'Retrofitting': 0, 'Pond': 0, 'Pokhari': 0, 'D/C': 0, 'Recharge shaft': 0, 'LFB': 0, 'RFB': 0}","{'Floodlight': 0, 'Flood Light': 0, 'GAS': 0, 'FIFA': 0, 'pipe': 0, 'pipes': 0, 'covid': 0, 'supply': 0, 'Beautification': 0, 'Installation': 0}",Post-Monsoon,,False,True,Others,
2024_UPIDC_955160_2,09/EE/2024-25,Silt Clearance,,,,,,,,,,,,,,,,U P Irrigation Department (Civil)||Chief Engineer ( Yamuna) Okhla||S E Irrigation Works Circle III Agra||E E Upper Division Agra Canal Mathura,,,,,,"532,988.41",,2024-10-24,U P Irrigation Department (Civil)||Chief Engineer ( Yamuna) Okhla||S E Irrigation Works Circle III Agra||E E Upper Division Agra Canal Mathura,True,"{'Flood': 0, 'Embankment': 0, 'embkt': 0, 'Relief': 0, 'Erosion': 0, 'SDRF': 0, 'Inundation': 0, 'Hydrology': 0, 'Silt': 1, 'Siltation': 0, 'Bund': 0, 'Trench': 0, 'Breach': 0, 'Culvert': 0, 'Sluice': 0, 'Dyke': 0, 'Storm water drain': 0, 'Emergency': 0, 'Immediate': 0, 'IM': 0, 'AE': 0, 'A E': 0, 'AAPDA MITRA': 0, 'Bridge': 0, 'River': 0, 'Drain': 0, 'Restoration': 0, 'Protection': 0, 'irr': 0, 'irrigation': 0, 'dam': 0, 'Nallah': 0, 'Retrofitting': 0, 'Pond': 0, 'Pokhari': 0, 'D/C': 0, 'Recharge shaft': 0, 'LFB': 0, 'RFB': 0}","{'Floodlight': 0, 'Flood Light': 0, 'GAS': 0, 'FIFA': 0, 'pipe': 0, 'pipes': 0, 'covid': 0, 'supply': 0, 'Beautification': 0, 'Installation': 0}",Post-Monsoon,,False,True,Others,
2024_UPIDC_955160_10,09/EE/2024-25,Silt Clearance,,,,,,,,,,,,,,,,U P Irrigation Department (Civil)||Chief Engineer ( Yamuna) Okhla||S E Irrigation Works Circle III Agra||E E Upper Division Agra Canal Mathura,,,,,,"198,269.08",,2024-10-24,U P Irrigation Department (Civil)||Chief Engineer ( Yamuna) Okhla||S E Irrigation Works Circle III Agra||E E Upper Division Agra Canal Mathura,True,"{'Flood': 0, 'Embankment': 0, 'embkt': 0, 'Relief': 0, 'Erosion': 0, 'SDRF': 0, 'Inundation': 0, 'Hydrology': 0, 'Silt': 1, 'Siltation': 0, 'Bund': 0, 'Trench': 0, 'Breach': 0, 'Culvert': 0, 'Sluice': 0, 'Dyke': 0, 'Storm water drain': 0, 'Emergency': 0, 'Immediate': 0, 'IM': 0, 'AE': 0, 'A E': 0, 'AAPDA MITRA': 0, 'Bridge': 0, 'River': 0, 'Drain': 0, 'Restoration': 0, 'Protection': 0, 'irr': 0, 'irrigation': 0, 'dam': 0, 'Nallah': 0, 'Retrofitting': 0, 'Pond': 0, 'Pokhari': 0, 'D/C': 0, 'Recharge shaft': 0, 'LFB': 0, 'RFB': 0}","{'Floodlight': 0, 'Flood Light': 0, 'GAS': 0, 'FIFA': 0, 'pipe': 0, 'pipes': 0, 'covid': 0, 'supply': 0, 'Beautification': 0, 'Installation': 0}",Post-Monsoon,,False,True,Others,
2024_UPIDC_955160_13,09/EE/2024-25,Silt Clearance,,,,,,,,,,,,,,,,U P Irrigation Department (Civil)||Chief Engineer ( Yamuna) Okhla||S E Irrigation Works Circle III Agra||E E Upper Division Agra Canal Mathura,,,,,,"420,119.78",,2024-10-24,U P Irrigation Department (Civil)||Chief Engineer ( Yamuna) Okhla||S E Irrigation Works Circle III Agra||E E Upper Division Agra Canal Mathura,True,"{'Flood': 0, 'Embankment': 0, 'embkt': 0, 'Relief': 0, 'Erosion': 0, 'SDRF': 0, 'Inundation': 0, 'Hydrology': 0, 'Silt': 1, 'Siltation': 0, 'Bund': 0, 'Trench': 0, 'Breach': 0, 'Culvert': 0, 'Sluice': 0, 'Dyke': 0, 'Storm water drain': 0, 'Emergency': 0, 'Immediate': 0, 'IM': 0, 'AE': 0, 'A E': 0, 'AAPDA MITRA': 0, 'Bridge': 0, 'River': 0, 'Drain': 0, 'Restoration': 0, 'Protection': 0, 'irr': 0, 'irrigation': 0, 'dam': 0, 'Nallah': 0, 'Retrofitting': 0, 'Pond': 0, 'Pokhari': 0, 'D/C': 0, 'Recharge shaft': 0, 'LFB': 0, 'RFB': 0}","{'Floodlight': 0, 'Flood Light': 0, 'GAS': 0, 'FIFA': 0, 'pipe': 0, 'pipes': 0, 'covid': 0, 'supply': 0, 'Beautification': 0, 'Installation': 0}",Post-Monsoon,,False,True,Others,
2024_UPIDC_955160_10,09/EE/2024-25,Silt Clearance,,,,,,,,,,,,,,,,U P Irrigation Department (Civil)||Chief Engineer ( Yamuna) Okhla||S E Irrigation Works Circle III Agra||E E Upper Division Agra Canal Mathura,,,,,,"198,269.08",,2024-10-24,U P Irrigation Department (Civil)||Chief Engineer ( Yamuna) Okhla||S E Irrigation Works Circle III Agra||E E Upper Division Agra Canal Mathura,True,"{'Flood': 0, 'Embankment': 0, 'embkt': 0, 'Relief': 0, 'Erosion': 0, 'SDRF': 0, 'Inundation': 0, 'Hydrology': 0, 'Silt': 1, 'Siltation': 0, 'Bund': 0, 'Trench': 0, 'Breach': 0, 'Culvert': 0, 'Sluice': 0, 'Dyke': 0, 'Storm water drain': 0, 'Emergency': 0, 'Immediate': 0, 'IM': 0, 'AE': 0, 'A E': 0, 'AAPDA MITRA': 0, 'Bridge': 0, 'River': 0, 'Drain': 0, 'Restoration': 0, 'Protection': 0, 'irr': 0, 'irrigation': 0, 'dam': 0, 'Nallah': 0, 'Retrofitting': 0, 'Pond': 0, 'Pokhari': 0, 'D/C': 0, 'Recharge shaft': 0, 'LFB': 0, 'RFB': 0}","{'Floodlight': 0, 'Flood Light': 0, 'GAS': 0, 'FIFA': 0, 'pipe': 0, 'pipes': 0, 'covid': 0, 'supply': 0, 'Beautification': 0, 'Installation': 0}",Post-Monsoon,,False,True,Others,
2024_UPIDC_954013_1,02/SE-6/2024-25 LOT8,Reconstruction of Vrb  box culvert at km 12.400 of Haidergarh Rajwaha,,,,,,,,,,,,,,,,"U P Irrigation Department (Civil)||Chief Engineer-Sharda, Lucknow||VI Circle Irrigation Works, Lucknow",,,,,,"7,904,031.7",,2024-10-08,"U P Irrigation Department (Civil)||Chief Engineer-Sharda, Lucknow||VI Circle Irrigation Works, Lucknow",True,"{'Flood': 0, 'Embankment': 0, 'embkt': 0, 'Relief': 0, 'Erosion': 0, 'SDRF': 0, 'Inundation': 0, 'Hydrology': 0, 'Silt': 0, 'Siltation': 0, 'Bund': 0, 'Trench': 0, 'Breach': 0, 'Culvert': 1, 'Sluice': 0, 'Dyke': 0, 'Storm water drain': 0, 'Emergency': 0, 'Immediate': 0, 'IM': 0, 'AE': 0, 'A E': 0, 'AAPDA MITRA': 0, 'Bridge': 0, 'River': 0, 'Drain': 0, 'Restoration': 0, 'Protection': 0, 'irr': 0, 'irrigation': 0, 'dam': 0, 'Nallah': 0, 'Retrofitting': 0, 'Pond': 0, 'Pokhari': 0, 'D/C': 0, 'Recharge shaft': 0, 'LFB': 0, 'RFB': 0}","{'Floodlight': 0, 'Flood Light': 0, 'GAS': 0, 'FIFA': 0, 'pipe': 0, 'pipes': 0, 'covid': 0, 'supply': 0, 'Beautification': 0, 'Installation': 0}",Post-Monsoon,,False,True,Repair and Restoration,{'reconstruction': 1}
2024_UPIDC_954013_1,02/SE-6/2024-25 LOT8,Reconstruction of Vrb  box culvert at km 12.400 of Haidergarh Rajwaha,,,,,,,,,,,,,,,,"U P Irrigation Department (Civil)||Chief Engineer-Sharda, Lucknow||VI Circle Irrigation Works, Lucknow",,,,,,"7,904,031.7",,2024-10-08,"U P Irrigation Department (Civil)||Chief Engineer-Sharda, Lucknow||VI Circle Irrigation Works, Lucknow",True,"{'Flood': 0, 'Embankment': 0, 'embkt': 0, 'Relief': 0, 'Erosion': 0, 'SDRF': 0, 'Inundation': 0, 'Hydrology': 0, 'Silt': 0, 'Siltation': 0, 'Bund': 0, 'Trench': 0, 'Breach': 0, 'Culvert': 1, 'Sluice': 0, 'Dyke': 0, 'Storm water drain': 0, 'Emergency': 0, 'Immediate': 0, 'IM': 0, 'AE': 0, 'A E': 0, 'AAPDA MITRA': 0, 'Bridge': 0, 'River': 0, 'Drain': 0, 'Restoration': 0, 'Protection': 0, 'irr': 0, 'irrigation': 0, 'dam': 0, 'Nallah': 0, 'Retrofitting': 0, 'Pond': 0, 'Pokhari': 0, 'D/C': 0, 'Recharge shaft': 0, 'LFB': 0, 'RFB': 0}","{'Floodlight': 0, 'Flood Light': 0, 'GAS': 0, 'FIFA': 0, 'pipe': 0, 'pipes': 0, 'covid': 0, 'supply': 0, 'Beautification': 0, 'Installation': 0}",Post-Monsoon,,False,True,Repair and Restoration,{'reconstruction': 1}
2024_UPIDC_954013_1,02/SE-6/2024-25 LOT8,Reconstruction of Vrb  box culvert at km 12.400 of Haidergarh Rajwaha,,,,,,,,,,,,,,,,"U P Irrigation Department (Civil)||Chief Engineer-Sharda, Lucknow||VI Circle Irrigation Works, Lucknow",,,,,,"7,904,031.7",,2024-10-08,"U P Irrigation Department (Civil)||Chief Engineer-Sharda, Lucknow||VI Circle Irrigation Works, Lucknow",True,"{'Flood': 0, 'Embankment': 0, 'embkt': 0, 'Relief': 0, 'Erosion': 0, 'SDRF': 0, 'Inundation': 0, 'Hydrology': 0, 'Silt': 0, 'Siltation': 0, 'Bund': 0, 'Trench': 0, 'Breach': 0, 'Culvert': 1, 'Sluice': 0, 'Dyke': 0, 'Storm water drain': 0, 'Emergency': 0, 'Immediate': 0, 'IM': 0, 'AE': 0, 'A E': 0, 'AAPDA MITRA': 0, 'Bridge': 0, 'River': 0, 'Drain': 0, 'Restoration': 0, 'Protection': 0, 'irr': 0, 'irrigation': 0, 'dam': 0, 'Nallah': 0, 'Retrofitting': 0, 'Pond': 0, 'Pokhari': 0, 'D/C': 0, 'Recharge shaft': 0, 'LFB': 0, 'RFB': 0}","{'Floodlight': 0, 'Flood Light': 0, 'GAS': 0, 'FIFA': 0, 'pipe': 0, 'pipes': 0, 'covid': 0, 'supply': 0, 'Beautification': 0, 'Installation': 0}",Post-Monsoon,,False,True,Repair and Restoration,{'reconstruction': 1}
2024_UPIDC_954780_1,01/SE/2024-25,Sharda Sagar Dam se nikalne wali outlet channel ke km. 0.000 se tail tak dayein evam vayein bank main khadanza lagane ththa head regulator ke pakke karyon ki marammat ka karye.,,,,,,,,,,,,,,,,"U P Irrigation Department (Civil)||Chief Engineer-Sharda, Lucknow||V Circle Irrigation Works, Bareilly",,,,,,"15,109,971.66",,2024-10-24,"U P Irrigation Department (Civil)||Chief Engineer-Sharda, Lucknow||V Circle Irrigation Works, Bareilly",True,"{'Flood': 0, 'Embankment': 0, 'embkt': 0, 'Relief': 0, 'Erosion': 0, 'SDRF': 0, 'Inundation': 0, 'Hydrology': 0, 'Silt': 0, 'Siltation': 0, 'Bund': 0, 'Trench': 0, 'Breach': 0, 'Culvert': 0, 'Sluice': 0, 'Dyke': 0, 'Storm water drain': 0, 'Emergency': 0, 'Immediate': 0, 'IM': 0, 'AE': 0, 'A E': 0, 'AAPDA MITRA': 0, 'Bridge': 0, 'River': 0, 'Drain': 0, 'Restoration': 0, 'Protection': 0, 'irr': 0, 'irrigation': 0, 'dam': 1, 'Nallah': 0, 'Retrofitting': 0, 'Pond': 0, 'Pokhari': 0, 'D/C': 0, 'Recharge shaft': 0, 'LFB': 0, 'RFB': 0}","{'Floodlight': 0, 'Flood Light': 0, 'GAS': 0, 'FIFA': 0, 'pipe': 0, 'pipes': 0, 'covid': 0, 'supply': 0, 'Beautification': 0, 'Installation': 0}",Post-Monsoon,,False,False,Others,
2024_UPIDC_949034_1,02/SE/2024-25,Restoration work of damaged floors and banks in the downstream of the fall located at Km 7.770 and Km 12.700 on Upper Narayani branch in district-Maharajganj,,,,,,,,,,,,,,,,"U P Irrigation Department (Civil)||Chief Engineer-Gandak, Gorakhpur||Gandak IWC-1, Gorakhpur",,,,,,"6,850,479.2",,2024-10-23,"U P Irrigation Department (Civil)||Chief Engineer-Gandak, Gorakhpur||Gandak IWC-1, Gorakhpur",True,"{'Flood': 0, 'Embankment': 0, 'embkt': 0, 'Relief': 0, 'Erosion': 0, 'SDRF': 0, 'Inundation': 0, 'Hydrology': 0, 'Silt': 0, 'Siltation': 0, 'Bund': 0, 'Trench': 0, 'Breach': 0, 'Culvert': 0, 'Sluice': 0, 'Dyke': 0, 'Storm water drain': 0, 'Emergency': 0, 'Immediate': 0, 'IM': 0, 'AE': 0, 'A E': 0, 'AAPDA MITRA': 0, 'Bridge': 0, 'River': 0, 'Drain': 0, 'Restoration': 1, 'Protection': 0, 'irr': 0, 'irrigation': 0, 'dam': 0, 'Nallah': 0, 'Retrofitting': 0, 'Pond': 0, 'Pokhari': 0, 'D/C': 0, 'Recharge shaft': 0, 'LFB': 0, 'RFB': 0}","{'Floodlight': 0, 'Flood Light': 0, 'GAS': 0, 'FIFA': 0, 'pipe': 0, 'pipes': 0, 'covid': 0, 'supply': 0, 'Beautification': 0, 'Installation': 0}",Post-Monsoon,,False,False,Repair and Restoration,{'restoration': 1}
2024_UPIDC_949034_1,02/SE/2024-25,Restoration work of damaged floors and banks in the downstream of the fall located at Km 7.770 and Km 12.700 on Upper Narayani branch in district-Maharajganj,,,,,,,,,,,,,,,,"U P Irrigation Department (Civil)||Chief Engineer-Gandak, Gorakhpur||Gandak IWC-1, Gorakhpur",,,,,,"6,850,479.2",,2024-10-23,"U P Irrigation Department (Civil)||Chief Engineer-Gandak, Gorakhpur||Gandak IWC-1, Gorakhpur",True,"{'Flood': 0, 'Embankment': 0, 'embkt': 0, 'Relief': 0, 'Erosion': 0, 'SDRF': 0, 'Inundation': 0, 'Hydrology': 0, 'Silt': 0, 'Siltation': 0, 'Bund': 0, 'Trench': 0, 'Breach': 0, 'Culvert': 0, 'Sluice': 0, 'Dyke': 0, 'Storm water drain': 0, 'Emergency': 0, 'Immediate': 0, 'IM': 0, 'AE': 0, 'A E': 0, 'AAPDA MITRA': 0, 'Bridge': 0, 'River': 0, 'Drain': 0, 'Restoration': 1, 'Protection': 0, 'irr': 0, 'irrigation': 0, 'dam': 0, 'Nallah': 0, 'Retrofitting': 0, 'Pond': 0, 'Pokhari': 0, 'D/C': 0, 'Recharge shaft': 0, 'LFB': 0, 'RFB': 0}","{'Floodlight': 0, 'Flood Light': 0, 'GAS': 0, 'FIFA': 0, 'pipe': 0, 'pipes': 0, 'covid': 0, 'supply': 0, 'Beautification': 0, 'Installation': 0}",Post-Monsoon,,False,False,Repair and Restoration,{'restoration': 1}
2024_UPIDC_949038_1,03/SE/2024-25,Reconstruction of damage Kulawa on Right and Left bank of Upper deoria branch Under Irrigation division Ist Maharajganj,,,,,,,,,,,,,,,,"U P Irrigation Department (Civil)||Chief Engineer-Gandak, Gorakhpur||Gandak IWC-1, Gorakhpur",,,,,,"5,379,202.4",,2024-10-21,"U P Irrigation Department (Civil)||Chief Engineer-Gandak, Gorakhpur||Gandak IWC-1, Gorakhpur",True,"{'Flood': 0, 'Embankment': 0, 'embkt': 0, 'Relief': 0, 'Erosion': 0, 'SDRF': 0, 'Inundation': 0, 'Hydrology': 0, 'Silt': 0, 'Siltation': 0, 'Bund': 0, 'Trench': 0, 'Breach': 0, 'Culvert': 0, 'Sluice': 0, 'Dyke': 0, 'Storm water drain': 0, 'Emergency': 0, 'Immediate': 0, 'IM': 0, 'AE': 0, 'A E': 0, 'AAPDA MITRA': 0, 'Bridge': 0, 'River': 0, 'Drain': 0, 'Restoration': 0, 'Protection': 0, 'irr': 0, 'irrigation': 1, 'dam': 0, 'Nallah': 0, 'Retrofitting': 0, 'Pond': 0, 'Pokhari': 0, 'D/C': 0, 'Recharge shaft': 0, 'LFB': 0, 'RFB': 0}","{'Floodlight': 0, 'Flood Light': 0, 'GAS': 0, 'FIFA': 0, 'pipe': 0, 'pipes': 0, 'covid': 0, 'supply': 0, 'Beautification': 0, 'Installation': 0}",Post-Monsoon,,False,False,Repair and Restoration,{'reconstruction': 1}
2024_UPIDC_950384_3,04/SE/2024-25,"Restoration work for Minor Hulwana from Km 0.000 to Km 13.500 and demarcation of canal land under the jurisdiction of Upper Division, Agra Canal, Mathura in district Mathura.",,,,,,,,,,,,,,,,U P Irrigation Department (Civil)||Chief Engineer ( Yamuna) Okhla||S E Irrigation Works Circle III Agra,,,,,,"8,486,302.5",,2024-10-30,U P Irrigation Department (Civil)||Chief Engineer ( Yamuna) Okhla||S E Irrigation Works Circle III Agra,True,"{'Flood': 0, 'Embankment': 0, 'embkt': 0, 'Relief': 0, 'Erosion': 0, 'SDRF': 0, 'Inundation': 0, 'Hydrology': 0, 'Silt': 0, 'Siltation': 0, 'Bund': 0, 'Trench': 0, 'Breach': 0, 'Culvert': 0, 'Sluice': 0, 'Dyke': 0, 'Storm water drain': 0, 'Emergency': 0, 'Immediate': 0, 'IM': 0, 'AE': 0, 'A E': 0, 'AAPDA MITRA': 0, 'Bridge': 0, 'River': 0, 'Drain': 0, 'Restoration': 1, 'Protection': 0, 'irr': 0, 'irrigation': 0, 'dam': 0, 'Nallah': 0, 'Retrofitting': 0, 'Pond': 0, 'Pokhari': 0, 'D/C': 0, 'Recharge shaft': 0, 'LFB': 0, 'RFB': 0}","{'Floodlight': 0, 'Flood Light': 0, 'GAS': 0, 'FIFA': 0, 'pipe': 0, 'pipes': 0, 'covid': 0, 'supply': 0, 'Beautification': 0, 'Installation': 0}",Post-Monsoon,,False,False,Repair and Restoration,{'restoration': 1}
2024_UPIDC_950384_4,04/SE/2024-25,Repair and renovation work of Jiledari Office and staff residence in Irrigation Colony Bah.,,,,,,,,,,,,,,,,U P Irrigation Department (Civil)||Chief Engineer ( Yamuna) Okhla||S E Irrigation Works Circle III Agra,,,,,,"15,112,202.575",,2024-10-22,U P Irrigation Department (Civil)||Chief Engineer ( Yamuna) Okhla||S E Irrigation Works Circle III Agra,True,"{'Flood': 0, 'Embankment': 0, 'embkt': 0, 'Relief': 0, 'Erosion': 0, 'SDRF': 0, 'Inundation': 0, 'Hydrology': 0, 'Silt': 0, 'Siltation': 0, 'Bund': 0, 'Trench': 0, 'Breach': 0, 'Culvert': 0, 'Sluice': 0, 'Dyke': 0, 'Storm water drain': 0, 'Emergency': 0, 'Immediate': 0, 'IM': 0, 'AE': 0, 'A E': 0, 'AAPDA MITRA': 0, 'Bridge': 0, 'River': 0, 'Drain': 0, 'Restoration': 0, 'Protection': 0, 'irr': 0, 'irrigation': 1, 'dam': 0, 'Nallah': 0, 'Retrofitting': 0, 'Pond': 0, 'Pokhari': 0, 'D/C': 0, 'Recharge shaft': 0, 'LFB': 0, 'RFB': 0}","{'Floodlight': 0, 'Flood Light': 0, 'GAS': 0, 'FIFA': 0, 'pipe': 0, 'pipes': 0, 'covid': 0, 'supply': 0, 'Beautification': 0, 'Installation': 0}",Post-Monsoon,,False,False,Repair and Restoration,"{'repair': 1, 'renovation': 1}"
2024_UPIDC_947096_1,03/SE/2024-25,"Construction work of two lane bridge at km 3.250 of Mawai Scape (near village-Palwali, Faridabad).",,,,,,,,,,,,,,,,U P Irrigation Department (Civil)||Chief Engineer ( Yamuna) Okhla||S E Irrigation Works Circle III Agra,,,,,,"26,701,955",,2024-10-04,U P Irrigation Department (Civil)||Chief Engineer ( Yamuna) Okhla||S E Irrigation Works Circle III Agra,True,"{'Flood': 0, 'Embankment': 0, 'embkt': 0, 'Relief': 0, 'Erosion': 0, 'SDRF': 0, 'Inundation': 0, 'Hydrology': 0, 'Silt': 0, 'Siltation': 0, 'Bund': 0, 'Trench': 0, 'Breach': 0, 'Culvert': 0, 'Sluice': 0, 'Dyke': 0, 'Storm water drain': 0, 'Emergency': 0, 'Immediate': 0, 'IM': 0, 'AE': 0, 'A E': 0, 'AAPDA MITRA': 0, 'Bridge': 1, 'River': 0, 'Drain': 0, 'Restoration': 0, 'Protection': 0, 'irr': 0, 'irrigation': 0, 'dam': 0, 'Nallah': 0, 'Retrofitting': 0, 'Pond': 0, 'Pokhari': 0, 'D/C': 0, 'Recharge shaft': 0, 'LFB': 0, 'RFB': 0}","{'Floodlight': 0, 'Flood Light': 0, 'GAS': 0, 'FIFA': 0, 'pipe': 0, 'pipes': 0, 'covid': 0, 'supply': 0, 'Beautification': 0, 'Installation': 0}",Post-Monsoon,,False,True,Repair and Restoration,"{'Construction': 1, 'Bridge': 1}"
2024_UPIDC_943471_4,03/SE/2024-25,RECONSTRUCTION WORK OF BRIDGE AT KM. 20.200 OF HATHRAS BRANCH,,,,,,,,,,,,,,,,"U P Irrigation Department (Civil)||Chief Engineer-Ganga, Meerut||Irrigation Works Circle, Mathura",,,,,,"6,125,087",,2024-10-18,"U P Irrigation Department (Civil)||Chief Engineer-Ganga, Meerut||Irrigation Works Circle, Mathura",True,"{'Flood': 0, 'Embankment': 0, 'embkt': 0, 'Relief': 0, 'Erosion': 0, 'SDRF': 0, 'Inundation': 0, 'Hydrology': 0, 'Silt': 0, 'Siltation': 0, 'Bund': 0, 'Trench': 0, 'Breach': 0, 'Culvert': 0, 'Sluice': 0, 'Dyke': 0, 'Storm water drain': 0, 'Emergency': 0, 'Immediate': 0, 'IM': 0, 'AE': 0, 'A E': 0, 'AAPDA MITRA': 0, 'Bridge': 1, 'River': 0, 'Drain': 0, 'Restoration': 0, 'Protection': 0, 'irr': 0, 'irrigation': 0, 'dam': 0, 'Nallah': 0, 'Retrofitting': 0, 'Pond': 0, 'Pokhari': 0, 'D/C': 0, 'Recharge shaft': 0, 'LFB': 0, 'RFB': 0}","{'Floodlight': 0, 'Flood Light': 0, 'GAS': 0, 'FIFA': 0, 'pipe': 0, 'pipes': 0, 'covid': 0, 'supply': 0, 'Beautification': 0, 'Installation': 0}",Post-Monsoon,,False,True,Repair and Restoration,"{'reconstruction': 1, 'Bridge': 1}"
2024_UPIDC_943471_4,03/SE/2024-25,RECONSTRUCTION WORK OF BRIDGE AT KM. 20.200 OF HATHRAS BRANCH,,,,,,,,,,,,,,,,"U P Irrigation Department (Civil)||Chief Engineer-Ganga, Meerut||Irrigation Works Circle, Mathura",,,,,,"6,125,087",,2024-10-18,"U P Irrigation Department (Civil)||Chief Engineer-Ganga, Meerut||Irrigation Works Circle, Mathura",True,"{'Flood': 0, 'Embankment': 0, 'embkt': 0, 'Relief': 0, 'Erosion': 0, 'SDRF': 0, 'Inundation': 0, 'Hydrology': 0, 'Silt': 0, 'Siltation': 0, 'Bund': 0, 'Trench': 0, 'Breach': 0, 'Culvert': 0, 'Sluice': 0, 'Dyke': 0, 'Storm water drain': 0, 'Emergency': 0, 'Immediate': 0, 'IM': 0, 'AE': 0, 'A E': 0, 'AAPDA MITRA': 0, 'Bridge': 1, 'River': 0, 'Drain': 0, 'Restoration': 0, 'Protection': 0, 'irr': 0, 'irrigation': 0, 'dam': 0, 'Nallah': 0, 'Retrofitting': 0, 'Pond': 0, 'Pokhari': 0, 'D/C': 0, 'Recharge shaft': 0, 'LFB': 0, 'RFB': 0}","{'Floodlight': 0, 'Flood Light': 0, 'GAS': 0, 'FIFA': 0, 'pipe': 0, 'pipes': 0, 'covid': 0, 'supply': 0, 'Beautification': 0, 'Installation': 0}",Post-Monsoon,,False,True,Repair and Restoration,"{'reconstruction': 1, 'Bridge': 1}"
2024_UPIDC_943471_4,03/SE/2024-25,RECONSTRUCTION WORK OF BRIDGE AT KM. 20.200 OF HATHRAS BRANCH,,,,,,,,,,,,,,,,"U P Irrigation Department (Civil)||Chief Engineer-Ganga, Meerut||Irrigation Works Circle, Mathura",,,,,,"6,125,087",,2024-10-18,"U P Irrigation Department (Civil)||Chief Engineer-Ganga, Meerut||Irrigation Works Circle, Mathura",True,"{'Flood': 0, 'Embankment': 0, 'embkt': 0, 'Relief': 0, 'Erosion': 0, 'SDRF': 0, 'Inundation': 0, 'Hydrology': 0, 'Silt': 0, 'Siltation': 0, 'Bund': 0, 'Trench': 0, 'Breach': 0, 'Culvert': 0, 'Sluice': 0, 'Dyke': 0, 'Storm water drain': 0, 'Emergency': 0, 'Immediate': 0, 'IM': 0, 'AE': 0, 'A E': 0, 'AAPDA MITRA': 0, 'Bridge': 1, 'River': 0, 'Drain': 0, 'Restoration': 0, 'Protection': 0, 'irr': 0, 'irrigation': 0, 'dam': 0, 'Nallah': 0, 'Retrofitting': 0, 'Pond': 0, 'Pokhari': 0, 'D/C': 0, 'Recharge shaft': 0, 'LFB': 0, 'RFB': 0}","{'Floodlight': 0, 'Flood Light': 0, 'GAS': 0, 'FIFA': 0, 'pipe': 0, 'pipes': 0, 'covid': 0, 'supply': 0, 'Beautification': 0, 'Installation': 0}",Post-Monsoon,,False,True,Repair and Restoration,"{'reconstruction': 1, 'Bridge': 1}"
2024_UPIDC_943471_4,03/SE/2024-25,RECONSTRUCTION WORK OF BRIDGE AT KM. 20.200 OF HATHRAS BRANCH,,,,,,,,,,,,,,,,"U P Irrigation Department (Civil)||Chief Engineer-Ganga, Meerut||Irrigation Works Circle, Mathura",,,,,,"6,125,087",,2024-10-18,"U P Irrigation Department (Civil)||Chief Engineer-Ganga, Meerut||Irrigation Works Circle, Mathura",True,"{'Flood': 0, 'Embankment': 0, 'embkt': 0, 'Relief': 0, 'Erosion': 0, 'SDRF': 0, 'Inundation': 0, 'Hydrology': 0, 'Silt': 0, 'Siltation': 0, 'Bund': 0, 'Trench': 0, 'Breach': 0, 'Culvert': 0, 'Sluice': 0, 'Dyke': 0, 'Storm water drain': 0, 'Emergency': 0, 'Immediate': 0, 'IM': 0, 'AE': 0, 'A E': 0, 'AAPDA MITRA': 0, 'Bridge': 1, 'River': 0, 'Drain': 0, 'Restoration': 0, 'Protection': 0, 'irr': 0, 'irrigation': 0, 'dam': 0, 'Nallah': 0, 'Retrofitting': 0, 'Pond': 0, 'Pokhari': 0, 'D/C': 0, 'Recharge shaft': 0, 'LFB': 0, 'RFB': 0}","{'Floodlight': 0, 'Flood Light': 0, 'GAS': 0, 'FIFA': 0, 'pipe': 0, 'pipes': 0, 'covid': 0, 'supply': 0, 'Beautification': 0, 'Installation': 0}",Post-Monsoon,,False,True,Repair and Restoration,"{'reconstruction': 1, 'Bridge': 1}"
2024_UPIDC_943471_5,03/SE/2024-25,RECONSTRUCTION WORK OF BRIDGE AT KM. 21.707 OF HATHRAS BRANCH,,,,,,,,,,,,,,,,"U P Irrigation Department (Civil)||Chief Engineer-Ganga, Meerut||Irrigation Works Circle, Mathura",,,,,,"6,125,087",,2024-10-18,"U P Irrigation Department (Civil)||Chief Engineer-Ganga, Meerut||Irrigation Works Circle, Mathura",True,"{'Flood': 0, 'Embankment': 0, 'embkt': 0, 'Relief': 0, 'Erosion': 0, 'SDRF': 0, 'Inundation': 0, 'Hydrology': 0, 'Silt': 0, 'Siltation': 0, 'Bund': 0, 'Trench': 0, 'Breach': 0, 'Culvert': 0, 'Sluice': 0, 'Dyke': 0, 'Storm water drain': 0, 'Emergency': 0, 'Immediate': 0, 'IM': 0, 'AE': 0, 'A E': 0, 'AAPDA MITRA': 0, 'Bridge': 1, 'River': 0, 'Drain': 0, 'Restoration': 0, 'Protection': 0, 'irr': 0, 'irrigation': 0, 'dam': 0, 'Nallah': 0, 'Retrofitting': 0, 'Pond': 0, 'Pokhari': 0, 'D/C': 0, 'Recharge shaft': 0, 'LFB': 0, 'RFB': 0}","{'Floodlight': 0, 'Flood Light': 0, 'GAS': 0, 'FIFA': 0, 'pipe': 0, 'pipes': 0, 'covid': 0, 'supply': 0, 'Beautification': 0, 'Installation': 0}",Post-Monsoon,,False,True,Repair and Restoration,"{'reconstruction': 1, 'Bridge': 1}"
2024_UPIDC_943471_6,03/SE/2024-25,RECONSTRUCTION WORK OF BRIDGE AT KM. 24.653 OF HATHRAS BRANCH,,,,,,,,,,,,,,,,"U P Irrigation Department (Civil)||Chief Engineer-Ganga, Meerut||Irrigation Works Circle, Mathura",,,,,,"6,283,283",,2024-10-18,"U P Irrigation Department (Civil)||Chief Engineer-Ganga, Meerut||Irrigation Works Circle, Mathura",True,"{'Flood': 0, 'Embankment': 0, 'embkt': 0, 'Relief': 0, 'Erosion': 0, 'SDRF': 0, 'Inundation': 0, 'Hydrology': 0, 'Silt': 0, 'Siltation': 0, 'Bund': 0, 'Trench': 0, 'Breach': 0, 'Culvert': 0, 'Sluice': 0, 'Dyke': 0, 'Storm water drain': 0, 'Emergency': 0, 'Immediate': 0, 'IM': 0, 'AE': 0, 'A E': 0, 'AAPDA MITRA': 0, 'Bridge': 1, 'River': 0, 'Drain': 0, 'Restoration': 0, 'Protection': 0, 'irr': 0, 'irrigation': 0, 'dam': 0, 'Nallah': 0, 'Retrofitting': 0, 'Pond': 0, 'Pokhari': 0, 'D/C': 0, 'Recharge shaft': 0, 'LFB': 0, 'RFB': 0}","{'Floodlight': 0, 'Flood Light': 0, 'GAS': 0, 'FIFA': 0, 'pipe': 0, 'pipes': 0, 'covid': 0, 'supply': 0, 'Beautification': 0, 'Installation': 0}",Post-Monsoon,,False,True,Repair and Restoration,"{'reconstruction': 1, 'Bridge': 1}"
2024_UPIDC_943471_7,03/SE/2024-25,RECONSTRUCTION WORK OF BRIDGE AT KM. 31.200 OF HATHRAS BRANCH,,,,,,,,,,,,,,,,"U P Irrigation Department (Civil)||Chief Engineer-Ganga, Meerut||Irrigation Works Circle, Mathura",,,,,,"6,410,000",,2024-10-18,"U P Irrigation Department (Civil)||Chief Engineer-Ganga, Meerut||Irrigation Works Circle, Mathura",True,"{'Flood': 0, 'Embankment': 0, 'embkt': 0, 'Relief': 0, 'Erosion': 0, 'SDRF': 0, 'Inundation': 0, 'Hydrology': 0, 'Silt': 0, 'Siltation': 0, 'Bund': 0, 'Trench': 0, 'Breach': 0, 'Culvert': 0, 'Sluice': 0, 'Dyke': 0, 'Storm water drain': 0, 'Emergency': 0, 'Immediate': 0, 'IM': 0, 'AE': 0, 'A E': 0, 'AAPDA MITRA': 0, 'Bridge': 1, 'River': 0, 'Drain': 0, 'Restoration': 0, 'Protection': 0, 'irr': 0, 'irrigation': 0, 'dam': 0, 'Nallah': 0, 'Retrofitting': 0, 'Pond': 0, 'Pokhari': 0, 'D/C': 0, 'Recharge shaft': 0, 'LFB': 0, 'RFB': 0}","{'Floodlight': 0, 'Flood Light': 0, 'GAS': 0, 'FIFA': 0, 'pipe': 0, 'pipes': 0, 'covid': 0, 'supply': 0, 'Beautification': 0, 'Installation': 0}",Post-Monsoon,,False,True,Repair and Restoration,"{'reconstruction': 1, 'Bridge': 1}"
2024_UPIDC_943471_4,03/SE/2024-25,RECONSTRUCTION WORK OF BRIDGE AT KM. 20.200 OF HATHRAS BRANCH,,,,,,,,,,,,,,,,"U P Irrigation Department (Civil)||Chief Engineer-Ganga, Meerut||Irrigation Works Circle, Mathura",,,,,,"6,125,087",,2024-10-18,"U P Irrigation Department (Civil)||Chief Engineer-Ganga, Meerut||Irrigation Works Circle, Mathura",True,"{'Flood': 0, 'Embankment': 0, 'embkt': 0, 'Relief': 0, 'Erosion': 0, 'SDRF': 0, 'Inundation': 0, 'Hydrology': 0, 'Silt': 0, 'Siltation': 0, 'Bund': 0, 'Trench': 0, 'Breach': 0, 'Culvert': 0, 'Sluice': 0, 'Dyke': 0, 'Storm water drain': 0, 'Emergency': 0, 'Immediate': 0, 'IM': 0, 'AE': 0, 'A E': 0, 'AAPDA MITRA': 0, 'Bridge': 1, 'River': 0, 'Drain': 0, 'Restoration': 0, 'Protection': 0, 'irr': 0, 'irrigation': 0, 'dam': 0, 'Nallah': 0, 'Retrofitting': 0, 'Pond': 0, 'Pokhari': 0, 'D/C': 0, 'Recharge shaft': 0, 'LFB': 0, 'RFB': 0}","{'Floodlight': 0, 'Flood Light': 0, 'GAS': 0, 'FIFA': 0, 'pipe': 0, 'pipes': 0, 'covid': 0, 'supply': 0, 'Beautification': 0, 'Installation': 0}",Post-Monsoon,,False,True,Repair and Restoration,"{'reconstruction': 1, 'Bridge': 1}"
2024_UPIDC_941490_2,01/EE/2024-25,Retender Lot No 1 Restoration of Pandri Minor from km. 0.000 to 2.400 of Baruwa Canal System.,,,,,,,,,,,,,,,,"U P Irrigation Department (Civil)||Chief Engineer-Betwa, Jhansi||Irrigation Works Circle, Banda||ID-1, karvi",,,,,,"656,588.07",,2024-10-15,"U P Irrigation Department (Civil)||Chief Engineer-Betwa, Jhansi||Irrigation Works Circle, Banda||ID-1, karvi",True,"{'Flood': 0, 'Embankment': 0, 'embkt': 0, 'Relief': 0, 'Erosion': 0, 'SDRF': 0, 'Inundation': 0, 'Hydrology': 0, 'Silt': 0, 'Siltation': 0, 'Bund': 0, 'Trench': 0, 'Breach': 0, 'Culvert': 0, 'Sluice': 0, 'Dyke': 0, 'Storm water drain': 0, 'Emergency': 0, 'Immediate': 0, 'IM': 0, 'AE': 0, 'A E': 0, 'AAPDA MITRA': 0, 'Bridge': 0, 'River': 0, 'Drain': 0, 'Restoration': 1, 'Protection': 0, 'irr': 0, 'irrigation': 0, 'dam': 0, 'Nallah': 0, 'Retrofitting': 0, 'Pond': 0, 'Pokhari': 0, 'D/C': 0, 'Recharge shaft': 0, 'LFB': 0, 'RFB': 0}","{'Floodlight': 0, 'Flood Light': 0, 'GAS': 0, 'FIFA': 0, 'pipe': 0, 'pipes': 0, 'covid': 0, 'supply': 0, 'Beautification': 0, 'Installation': 0}",Post-Monsoon,,False,False,Repair and Restoration,{'restoration': 1}
2024_UPIDC_938692_1,03/S.E./2024-25,Renovation or Protection work of Dohrighat sahayak pump House at Right bank of river Saryu in District Ballia. LOT 01,,,,,,,,,,,,,,,,"U P Irrigation Department (Civil)||Chief Engineer-Gandak, Gorakhpur||Drainage Circle, Ballia",,,,,,"17,979,527.2",,2024-10-16,"U P Irrigation Department (Civil)||Chief Engineer-Gandak, Gorakhpur||Drainage Circle, Ballia",True,"{'Flood': 0, 'Embankment': 0, 'embkt': 0, 'Relief': 0, 'Erosion': 0, 'SDRF': 0, 'Inundation': 0, 'Hydrology': 0, 'Silt': 0, 'Siltation': 0, 'Bund': 0, 'Trench': 0, 'Breach': 0, 'Culvert': 0, 'Sluice': 0, 'Dyke': 0, 'Storm water drain': 0, 'Emergency': 0, 'Immediate': 0, 'IM': 0, 'AE': 0, 'A E': 0, 'AAPDA MITRA': 0, 'Bridge': 0, 'River': 1, 'Drain': 0, 'Restoration': 0, 'Protection': 1, 'irr': 0, 'irrigation': 0, 'dam': 0, 'Nallah': 0, 'Retrofitting': 0, 'Pond': 0, 'Pokhari': 0, 'D/C': 0, 'Recharge shaft': 0, 'LFB': 0, 'RFB': 0}","{'Floodlight': 0, 'Flood Light': 0, 'GAS': 0, 'FIFA': 0, 'pipe': 0, 'pipes': 0, 'covid': 0, 'supply': 0, 'Beautification': 0, 'Installation': 0}",Post-Monsoon,,False,False,Repair and Restoration,{'renovation': 1}
2024_UPIDC_938692_9,03/S.E./2024-25,RESTORATION AND DEMARCATION OF PANDAH DISTRUBUTARY FROM KM. 0.000 TO KM. 23.500 IN DISTRICT BALLIA LOT 04,,,,,,,,,,,,,,,,"U P Irrigation Department (Civil)||Chief Engineer-Gandak, Gorakhpur||Drainage Circle, Ballia",,,,,,"25,345,914.56",,2024-10-16,"U P Irrigation Department (Civil)||Chief Engineer-Gandak, Gorakhpur||Drainage Circle, Ballia",True,"{'Flood': 0, 'Embankment': 0, 'embkt': 0, 'Relief': 0, 'Erosion': 0, 'SDRF': 0, 'Inundation': 0, 'Hydrology': 0, 'Silt': 0, 'Siltation': 0, 'Bund': 0, 'Trench': 0, 'Breach': 0, 'Culvert': 0, 'Sluice': 0, 'Dyke': 0, 'Storm water drain': 0, 'Emergency': 0, 'Immediate': 0, 'IM': 0, 'AE': 0, 'A E': 0, 'AAPDA MITRA': 0, 'Bridge': 0, 'River': 0, 'Drain': 0, 'Restoration': 1, 'Protection': 0, 'irr': 0, 'irrigation': 0, 'dam': 0, 'Nallah': 0, 'Retrofitting': 0, 'Pond': 0, 'Pokhari': 0, 'D/C': 0, 'Recharge shaft': 0, 'LFB': 0, 'RFB': 0}","{'Floodlight': 0, 'Flood Light': 0, 'GAS': 0, 'FIFA': 0, 'pipe': 0, 'pipes': 0, 'covid': 0, 'supply': 0, 'Beautification': 0, 'Installation': 0}",Post-Monsoon,,False,False,Repair and Restoration,{'restoration': 1}
2024_UPIDC_938396_1,E-Tender Notice No03/EE/2024-25,Canal Colony Banbasa mein avishthit antimleria Drain no- 02 R.B ke km. 0.000 se km. 0.992 ke Madhya kshatigrast CC Boulder pitching ki marammat avm Drain ke aantrik section kee Safai ke karya.,,,,,,,,,,,,,,,,"U P Irrigation Department (Civil)||Chief Engineer-Sharda, Lucknow||V Circle Irrigation Works, Bareilly||HWDSC, bareilly",,,,,,"1,009,844.29",,2024-10-22,"U P Irrigation Department (Civil)||Chief Engineer-Sharda, Lucknow||V Circle Irrigation Works, Bareilly||HWDSC, bareilly",True,"{'Flood': 0, 'Embankment': 0, 'embkt': 0, 'Relief': 0, 'Erosion': 0, 'SDRF': 0, 'Inundation': 0, 'Hydrology': 0, 'Silt': 0, 'Siltation': 0, 'Bund': 0, 'Trench': 0, 'Breach': 0, 'Culvert': 0, 'Sluice': 0, 'Dyke': 0, 'Storm water drain': 0, 'Emergency': 0, 'Immediate': 0, 'IM': 0, 'AE': 0, 'A E': 0, 'AAPDA MITRA': 0, 'Bridge': 0, 'River': 0, 'Drain': 2, 'Restoration': 0, 'Protection': 0, 'irr': 0, 'irrigation': 0, 'dam': 0, 'Nallah': 0, 'Retrofitting': 0, 'Pond': 0, 'Pokhari': 0, 'D/C': 0, 'Recharge shaft': 0, 'LFB': 0, 'RFB': 0}","{'Floodlight': 0, 'Flood Light': 0, 'GAS': 0, 'FIFA': 0, 'pipe': 0, 'pipes': 0, 'covid': 0, 'supply': 0, 'Beautification': 0, 'Installation': 0}",Post-Monsoon,,False,True,Repair and Restoration,{'Drain': 2}
2024_UPIDC_938406_1,E-Tender Notice No03/EE/2024-25,Canal Colony Banbasa mein avishthit antimleria Drain no- 04 R.B ke km. 0.000 se km. 0.788 ke Madhya kshatigrast CC Boulder pitching ki marammat avm Drain ke aantrik section kee Safai ke karya.,,,,,,,,,,,,,,,,"U P Irrigation Department (Civil)||Chief Engineer-Sharda, Lucknow||V Circle Irrigation Works, Bareilly||HWDSC, bareilly",,,,,,"2,080,445.03",,2024-10-22,"U P Irrigation Department (Civil)||Chief Engineer-Sharda, Lucknow||V Circle Irrigation Works, Bareilly||HWDSC, bareilly",True,"{'Flood': 0, 'Embankment': 0, 'embkt': 0, 'Relief': 0, 'Erosion': 0, 'SDRF': 0, 'Inundation': 0, 'Hydrology': 0, 'Silt': 0, 'Siltation': 0, 'Bund': 0, 'Trench': 0, 'Breach': 0, 'Culvert': 0, 'Sluice': 0, 'Dyke': 0, 'Storm water drain': 0, 'Emergency': 0, 'Immediate': 0, 'IM': 0, 'AE': 0, 'A E': 0, 'AAPDA MITRA': 0, 'Bridge': 0, 'River': 0, 'Drain': 2, 'Restoration': 0, 'Protection': 0, 'irr': 0, 'irrigation': 0, 'dam': 0, 'Nallah': 0, 'Retrofitting': 0, 'Pond': 0, 'Pokhari': 0, 'D/C': 0, 'Recharge shaft': 0, 'LFB': 0, 'RFB': 0}","{'Floodlight': 0, 'Flood Light': 0, 'GAS': 0, 'FIFA': 0, 'pipe': 0, 'pipes': 0, 'covid': 0, 'supply': 0, 'Beautification': 0, 'Installation': 0}",Post-Monsoon,,False,True,Repair and Restoration,{'Drain': 2}
2024_UPIDC_938410_1,E-Tender Notice No03/EE/2024-25,Sharda Mukhya Bahar ki Suraksha hetu Km. 10.400 per Sthit Gorkha Drain ke U/S avm D/S main Side Slop per Boulder pitching ki marammat ke karya.,,,,,,,,,,,,,,,,"U P Irrigation Department (Civil)||Chief Engineer-Sharda, Lucknow||V Circle Irrigation Works, Bareilly||HWDSC, bareilly",,,,,,"2,198,470.5",,2024-10-22,"U P Irrigation Department (Civil)||Chief Engineer-Sharda, Lucknow||V Circle Irrigation Works, Bareilly||HWDSC, bareilly",True,"{'Flood': 0, 'Embankment': 0, 'embkt': 0, 'Relief': 0, 'Erosion': 0, 'SDRF': 0, 'Inundation': 0, 'Hydrology': 0, 'Silt': 0, 'Siltation': 0, 'Bund': 0, 'Trench': 0, 'Breach': 0, 'Culvert': 0, 'Sluice': 0, 'Dyke': 0, 'Storm water drain': 0, 'Emergency': 0, 'Immediate': 0, 'IM': 0, 'AE': 0, 'A E': 0, 'AAPDA MITRA': 0, 'Bridge': 0, 'River': 0, 'Drain': 1, 'Restoration': 0, 'Protection': 0, 'irr': 0, 'irrigation': 0, 'dam': 0, 'Nallah': 0, 'Retrofitting': 0, 'Pond': 0, 'Pokhari': 0, 'D/C': 0, 'Recharge shaft': 0, 'LFB': 0, 'RFB': 0}","{'Floodlight': 0, 'Flood Light': 0, 'GAS': 0, 'FIFA': 0, 'pipe': 0, 'pipes': 0, 'covid': 0, 'supply': 0, 'Beautification': 0, 'Installation': 0}",Post-Monsoon,,False,True,Repair and Restoration,{'Drain': 1}
2024_UPIDC_938410_1,E-Tender Notice No03/EE/2024-25,Sharda Mukhya Bahar ki Suraksha hetu Km. 10.400 per Sthit Gorkha Drain ke U/S avm D/S main Side Slop per Boulder pitching ki marammat ke karya.,,,,,,,,,,,,,,,,"U P Irrigation Department (Civil)||Chief Engineer-Sharda, Lucknow||V Circle Irrigation Works, Bareilly||HWDSC, bareilly",,,,,,"2,198,470.5",,2024-10-22,"U P Irrigation Department (Civil)||Chief Engineer-Sharda, Lucknow||V Circle Irrigation Works, Bareilly||HWDSC, bareilly",True,"{'Flood': 0, 'Embankment': 0, 'embkt': 0, 'Relief': 0, 'Erosion': 0, 'SDRF': 0, 'Inundation': 0, 'Hydrology': 0, 'Silt': 0, 'Siltation': 0, 'Bund': 0, 'Trench': 0, 'Breach': 0, 'Culvert': 0, 'Sluice': 0, 'Dyke': 0, 'Storm water drain': 0, 'Emergency': 0, 'Immediate': 0, 'IM': 0, 'AE': 0, 'A E': 0, 'AAPDA MITRA': 0, 'Bridge': 0, 'River': 0, 'Drain': 1, 'Restoration': 0, 'Protection': 0, 'irr': 0, 'irrigation': 0, 'dam': 0, 'Nallah': 0, 'Retrofitting': 0, 'Pond': 0, 'Pokhari': 0, 'D/C': 0, 'Recharge shaft': 0, 'LFB': 0, 'RFB': 0}","{'Floodlight': 0, 'Flood Light': 0, 'GAS': 0, 'FIFA': 0, 'pipe': 0, 'pipes': 0, 'covid': 0, 'supply': 0, 'Beautification': 0, 'Installation': 0}",Post-Monsoon,,False,True,Repair and Restoration,{'Drain': 1}
2024_UPIDC_938412_1,E-Tender Notice No03/EE/2024-25,Nepal Channel ki Suraksha Hetu Km. 0.500 per shthit bayen Jamua Drain ke U/S avm D/S main Side Slop per Boulder pitching ke karya avm Km. 0.000 se km 2.800  Tak. Drain ke Aantrik section kee Safai ke karya.,,,,,,,,,,,,,,,,"U P Irrigation Department (Civil)||Chief Engineer-Sharda, Lucknow||V Circle Irrigation Works, Bareilly||HWDSC, bareilly",,,,,,"1,389,580",,2024-10-22,"U P Irrigation Department (Civil)||Chief Engineer-Sharda, Lucknow||V Circle Irrigation Works, Bareilly||HWDSC, bareilly",True,"{'Flood': 0, 'Embankment': 0, 'embkt': 0, 'Relief': 0, 'Erosion': 0, 'SDRF': 0, 'Inundation': 0, 'Hydrology': 0, 'Silt': 0, 'Siltation': 0, 'Bund': 0, 'Trench': 0, 'Breach': 0, 'Culvert': 0, 'Sluice': 0, 'Dyke': 0, 'Storm water drain': 0, 'Emergency': 0, 'Immediate': 0, 'IM': 0, 'AE': 0, 'A E': 0, 'AAPDA MITRA': 0, 'Bridge': 0, 'River': 0, 'Drain': 2, 'Restoration': 0, 'Protection': 0, 'irr': 0, 'irrigation': 0, 'dam': 0, 'Nallah': 0, 'Retrofitting': 0, 'Pond': 0, 'Pokhari': 0, 'D/C': 0, 'Recharge shaft': 0, 'LFB': 0, 'RFB': 0}","{'Floodlight': 0, 'Flood Light': 0, 'GAS': 0, 'FIFA': 0, 'pipe': 0, 'pipes': 0, 'covid': 0, 'supply': 0, 'Beautification': 0, 'Installation': 0}",Post-Monsoon,,False,True,Repair and Restoration,{'Drain': 2}
2024_UPIDC_931698_5,01/EE/2024-25,SILT CLEARANCE OF INTERNAL SECTION OF PAWARI  DRAIN FROM KM 0.00 TO 4.000,,,,,,,,,,,,,,,,"U P Irrigation Department (Civil)||Chief Engineer-Ganga, Meerut||Irrigation Works Circle, Mathura||ID, hathras",,,,,,"108,900",,2024-10-17,"U P Irrigation Department (Civil)||Chief Engineer-Ganga, Meerut||Irrigation Works Circle, Mathura||ID, hathras",True,"{'Flood': 0, 'Embankment': 0, 'embkt': 0, 'Relief': 0, 'Erosion': 0, 'SDRF': 0, 'Inundation': 0, 'Hydrology': 0, 'Silt': 1, 'Siltation': 0, 'Bund': 0, 'Trench': 0, 'Breach': 0, 'Culvert': 0, 'Sluice': 0, 'Dyke': 0, 'Storm water drain': 0, 'Emergency': 0, 'Immediate': 0, 'IM': 0, 'AE': 0, 'A E': 0, 'AAPDA MITRA': 0, 'Bridge': 0, 'River': 0, 'Drain': 1, 'Restoration': 0, 'Protection': 0, 'irr': 0, 'irrigation': 0, 'dam': 0, 'Nallah': 0, 'Retrofitting': 0, 'Pond': 0, 'Pokhari': 0, 'D/C': 0, 'Recharge shaft': 0, 'LFB': 0, 'RFB': 0}","{'Floodlight': 0, 'Flood Light': 0, 'GAS': 0, 'FIFA': 0, 'pipe': 0, 'pipes': 0, 'covid': 0, 'supply': 0, 'Beautification': 0, 'Installation': 0}",Post-Monsoon,,False,True,Repair and Restoration,{'Drain': 1}
2024_UPIDC_931698_5,01/EE/2024-25,SILT CLEARANCE OF INTERNAL SECTION OF PAWARI  DRAIN FROM KM 0.00 TO 4.000,,,,,,,,,,,,,,,,"U P Irrigation Department (Civil)||Chief Engineer-Ganga, Meerut||Irrigation Works Circle, Mathura||ID, hathras",,,,,,"108,900",,2024-10-17,"U P Irrigation Department (Civil)||Chief Engineer-Ganga, Meerut||Irrigation Works Circle, Mathura||ID, hathras",True,"{'Flood': 0, 'Embankment': 0, 'embkt': 0, 'Relief': 0, 'Erosion': 0, 'SDRF': 0, 'Inundation': 0, 'Hydrology': 0, 'Silt': 1, 'Siltation': 0, 'Bund': 0, 'Trench': 0, 'Breach': 0, 'Culvert': 0, 'Sluice': 0, 'Dyke': 0, 'Storm water drain': 0, 'Emergency': 0, 'Immediate': 0, 'IM': 0, 'AE': 0, 'A E': 0, 'AAPDA MITRA': 0, 'Bridge': 0, 'River': 0, 'Drain': 1, 'Restoration': 0, 'Protection': 0, 'irr': 0, 'irrigation': 0, 'dam': 0, 'Nallah': 0, 'Retrofitting': 0, 'Pond': 0, 'Pokhari': 0, 'D/C': 0, 'Recharge shaft': 0, 'LFB': 0, 'RFB': 0}","{'Floodlight': 0, 'Flood Light': 0, 'GAS': 0, 'FIFA': 0, 'pipe': 0, 'pipes': 0, 'covid': 0, 'supply': 0, 'Beautification': 0, 'Installation': 0}",Post-Monsoon,,False,True,Repair and Restoration,{'Drain': 1}
2024_UPIDC_931698_6,01/EE/2024-25,SILT CLEARANCE OF INTERNAL SECTION OF PAWARI  DRAIN FROM KM 10.3000 TO 22.600,,,,,,,,,,,,,,,,"U P Irrigation Department (Civil)||Chief Engineer-Ganga, Meerut||Irrigation Works Circle, Mathura||ID, hathras",,,,,,"310,000",,2024-10-17,"U P Irrigation Department (Civil)||Chief Engineer-Ganga, Meerut||Irrigation Works Circle, Mathura||ID, hathras",True,"{'Flood': 0, 'Embankment': 0, 'embkt': 0, 'Relief': 0, 'Erosion': 0, 'SDRF': 0, 'Inundation': 0, 'Hydrology': 0, 'Silt': 1, 'Siltation': 0, 'Bund': 0, 'Trench': 0, 'Breach': 0, 'Culvert': 0, 'Sluice': 0, 'Dyke': 0, 'Storm water drain': 0, 'Emergency': 0, 'Immediate': 0, 'IM': 0, 'AE': 0, 'A E': 0, 'AAPDA MITRA': 0, 'Bridge': 0, 'River': 0, 'Drain': 1, 'Restoration': 0, 'Protection': 0, 'irr': 0, 'irrigation': 0, 'dam': 0, 'Nallah': 0, 'Retrofitting': 0, 'Pond': 0, 'Pokhari': 0, 'D/C': 0, 'Recharge shaft': 0, 'LFB': 0, 'RFB': 0}","{'Floodlight': 0, 'Flood Light': 0, 'GAS': 0, 'FIFA': 0, 'pipe': 0, 'pipes': 0, 'covid': 0, 'supply': 0, 'Beautification': 0, 'Installation': 0}",Post-Monsoon,,False,True,Repair and Restoration,{'Drain': 1}
2024_UPIDC_932509_2,01/SE/2024-25,Restoration of Sanda Dy. from km 0.000 to km 23.890 and Demarcation on Canal land in District Banda. (LOT-01),,,,,,,,,,,,,,,,"U P Irrigation Department (Civil)||Chief Engineer-Betwa, Jhansi||Irrigation Works Circle, Banda",,,,,,"34,050,892",,2024-10-26,"U P Irrigation Department (Civil)||Chief Engineer-Betwa, Jhansi||Irrigation Works Circle, Banda",True,"{'Flood': 0, 'Embankment': 0, 'embkt': 0, 'Relief': 0, 'Erosion': 0, 'SDRF': 0, 'Inundation': 0, 'Hydrology': 0, 'Silt': 0, 'Siltation': 0, 'Bund': 0, 'Trench': 0, 'Breach': 0, 'Culvert': 0, 'Sluice': 0, 'Dyke': 0, 'Storm water drain': 0, 'Emergency': 0, 'Immediate': 0, 'IM': 0, 'AE': 0, 'A E': 0, 'AAPDA MITRA': 0, 'Bridge': 0, 'River': 0, 'Drain': 0, 'Restoration': 1, 'Protection': 0, 'irr': 0, 'irrigation': 0, 'dam': 0, 'Nallah': 0, 'Retrofitting': 0, 'Pond': 0, 'Pokhari': 0, 'D/C': 0, 'Recharge shaft': 0, 'LFB': 0, 'RFB': 0}","{'Floodlight': 0, 'Flood Light': 0, 'GAS': 0, 'FIFA': 0, 'pipe': 0, 'pipes': 0, 'covid': 0, 'supply': 0, 'Beautification': 0, 'Installation': 0}",Post-Monsoon,,False,False,Repair and Restoration,{'restoration': 1}
2024_UPIDC_930531_56,02/EE/2024-25,CLEARANCE OF TEKUWAR DRAIN FROM KM. 3.810 TO KM. 12.000,,,,,,,,,,,,,,,,"U P Irrigation Department (Civil)||Chief Engineer-Saryu Project-2, Gonda||Irrigation Construction Circle, Basti||SCD-4, basti",,,,,,"580,254.94",,2024-10-23,"U P Irrigation Department (Civil)||Chief Engineer-Saryu Project-2, Gonda||Irrigation Construction Circle, Basti||SCD-4, basti",True,"{'Flood': 0, 'Embankment': 0, 'embkt': 0, 'Relief': 0, 'Erosion': 0, 'SDRF': 0, 'Inundation': 0, 'Hydrology': 0, 'Silt': 0, 'Siltation': 0, 'Bund': 0, 'Trench': 0, 'Breach': 0, 'Culvert': 0, 'Sluice': 0, 'Dyke': 0, 'Storm water drain': 0, 'Emergency': 0, 'Immediate': 0, 'IM': 0, 'AE': 0, 'A E': 0, 'AAPDA MITRA': 0, 'Bridge': 0, 'River': 0, 'Drain': 1, 'Restoration': 0, 'Protection': 0, 'irr': 0, 'irrigation': 0, 'dam': 0, 'Nallah': 0, 'Retrofitting': 0, 'Pond': 0, 'Pokhari': 0, 'D/C': 0, 'Recharge shaft': 0, 'LFB': 0, 'RFB': 0}","{'Floodlight': 0, 'Flood Light': 0, 'GAS': 0, 'FIFA': 0, 'pipe': 0, 'pipes': 0, 'covid': 0, 'supply': 0, 'Beautification': 0, 'Installation': 0}",Post-Monsoon,,False,True,Repair and Restoration,{'Drain': 1}
2024_UPIDC_931698_1,01/EE/2024-25,S/E FOR SILT CLEARANCE OF INTERNAL SECTION  OF   BHANGRA  DRAIN  FROM KM.0.000 TO KM. 7.100,,,,,,,,,,,,,,,,"U P Irrigation Department (Civil)||Chief Engineer-Ganga, Meerut||Irrigation Works Circle, Mathura||ID, hathras",,,,,,"175,500",,2024-10-17,"U P Irrigation Department (Civil)||Chief Engineer-Ganga, Meerut||Irrigation Works Circle, Mathura||ID, hathras",True,"{'Flood': 0, 'Embankment': 0, 'embkt': 0, 'Relief': 0, 'Erosion': 0, 'SDRF': 0, 'Inundation': 0, 'Hydrology': 0, 'Silt': 1, 'Siltation': 0, 'Bund': 0, 'Trench': 0, 'Breach': 0, 'Culvert': 0, 'Sluice': 0, 'Dyke': 0, 'Storm water drain': 0, 'Emergency': 0, 'Immediate': 0, 'IM': 0, 'AE': 0, 'A E': 0, 'AAPDA MITRA': 0, 'Bridge': 0, 'River': 0, 'Drain': 1, 'Restoration': 0, 'Protection': 0, 'irr': 0, 'irrigation': 0, 'dam': 0, 'Nallah': 0, 'Retrofitting': 0, 'Pond': 0, 'Pokhari': 0, 'D/C': 0, 'Recharge shaft': 0, 'LFB': 0, 'RFB': 0}","{'Floodlight': 0, 'Flood Light': 0, 'GAS': 0, 'FIFA': 0, 'pipe': 0, 'pipes': 0, 'covid': 0, 'supply': 0, 'Beautification': 0, 'Installation': 0}",Post-Monsoon,,False,True,Repair and Restoration,{'Drain': 1}
2024_UPIDC_931698_3,01/EE/2024-25,SILT CLEARANCE OF INTERNAL SECTION OF RASGAWAN DRAIN FROM KM 0.00 TO 10.600,,,,,,,,,,,,,,,,"U P Irrigation Department (Civil)||Chief Engineer-Ganga, Meerut||Irrigation Works Circle, Mathura||ID, hathras",,,,,,"245,245",,2024-10-17,"U P Irrigation Department (Civil)||Chief Engineer-Ganga, Meerut||Irrigation Works Circle, Mathura||ID, hathras",True,"{'Flood': 0, 'Embankment': 0, 'embkt': 0, 'Relief': 0, 'Erosion': 0, 'SDRF': 0, 'Inundation': 0, 'Hydrology': 0, 'Silt': 1, 'Siltation': 0, 'Bund': 0, 'Trench': 0, 'Breach': 0, 'Culvert': 0, 'Sluice': 0, 'Dyke': 0, 'Storm water drain': 0, 'Emergency': 0, 'Immediate': 0, 'IM': 0, 'AE': 0, 'A E': 0, 'AAPDA MITRA': 0, 'Bridge': 0, 'River': 0, 'Drain': 1, 'Restoration': 0, 'Protection': 0, 'irr': 0, 'irrigation': 0, 'dam': 0, 'Nallah': 0, 'Retrofitting': 0, 'Pond': 0, 'Pokhari': 0, 'D/C': 0, 'Recharge shaft': 0, 'LFB': 0, 'RFB': 0}","{'Floodlight': 0, 'Flood Light': 0, 'GAS': 0, 'FIFA': 0, 'pipe': 0, 'pipes': 0, 'covid': 0, 'supply': 0, 'Beautification': 0, 'Installation': 0}",Post-Monsoon,,False,True,Repair and Restoration,{'Drain': 1}
2024_UPIDC_914905_3,08/S.E/2023-24,Contructions (Balance work) of V.R.B (Box Culvert) at Km 66.700 of Khalilabad Branch Canal.,,,,,,,,,,,,,,,,"U P Irrigation Department (Civil)||Chief Engineer-Saryu Project-2, Gonda||Irrigation Construction Circle, Basti",,,,,,"2,718,746.2",,2024-10-01,"U P Irrigation Department (Civil)||Chief Engineer-Saryu Project-2, Gonda||Irrigation Construction Circle, Basti",True,"{'Flood': 0, 'Embankment': 0, 'embkt': 0, 'Relief': 0, 'Erosion': 0, 'SDRF': 0, 'Inundation': 0, 'Hydrology': 0, 'Silt': 0, 'Siltation': 0, 'Bund': 0, 'Trench': 0, 'Breach': 0, 'Culvert': 1, 'Sluice': 0, 'Dyke': 0, 'Storm water drain': 0, 'Emergency': 0, 'Immediate': 0, 'IM': 0, 'AE': 0, 'A E': 0, 'AAPDA MITRA': 0, 'Bridge': 0, 'River': 0, 'Drain': 0, 'Restoration': 0, 'Protection': 0, 'irr': 0, 'irrigation': 0, 'dam': 0, 'Nallah': 0, 'Retrofitting': 0, 'Pond': 0, 'Pokhari': 0, 'D/C': 0, 'Recharge shaft': 0, 'LFB': 0, 'RFB': 0}","{'Floodlight': 0, 'Flood Light': 0, 'GAS': 0, 'FIFA': 0, 'pipe': 0, 'pipes': 0, 'covid': 0, 'supply': 0, 'Beautification': 0, 'Installation': 0}",Post-Monsoon,,False,True,Others,
2024_UPIDC_927377_45,01/EE/2024-25,Silt / Jungle Clearance of Machhoi Drain from KM 4.000 to KM 8.000,,,,,,,,,,,,,,,,"U P Irrigation Department (Civil)||Chief Engineer-Saryu Project-2, Gonda||Irrigation Construction Circle, Basti||SCD-4, basti",,,,,,"286,096.3",,2024-10-28,"U P Irrigation Department (Civil)||Chief Engineer-Saryu Project-2, Gonda||Irrigation Construction Circle, Basti||SCD-4, basti",True,"{'Flood': 0, 'Embankment': 0, 'embkt': 0, 'Relief': 0, 'Erosion': 0, 'SDRF': 0, 'Inundation': 0, 'Hydrology': 0, 'Silt': 1, 'Siltation': 0, 'Bund': 0, 'Trench': 0, 'Breach': 0, 'Culvert': 0, 'Sluice': 0, 'Dyke': 0, 'Storm water drain': 0, 'Emergency': 0, 'Immediate': 0, 'IM': 0, 'AE': 0, 'A E': 0, 'AAPDA MITRA': 0, 'Bridge': 0, 'River': 0, 'Drain': 1, 'Restoration': 0, 'Protection': 0, 'irr': 0, 'irrigation': 0, 'dam': 0, 'Nallah': 0, 'Retrofitting': 0, 'Pond': 0, 'Pokhari': 0, 'D/C': 0, 'Recharge shaft': 0, 'LFB': 0, 'RFB': 0}","{'Floodlight': 0, 'Flood Light': 0, 'GAS': 0, 'FIFA': 0, 'pipe': 0, 'pipes': 0, 'covid': 0, 'supply': 0, 'Beautification': 0, 'Installation': 0}",Post-Monsoon,,False,True,Repair and Restoration,{'Drain': 1}
2024_UPIDC_927377_84,01/EE/2024-25,Silt / Jungle Clearance of Machhoi Drain from KM 16.000 to KM 20.000,,,,,,,,,,,,,,,,"U P Irrigation Department (Civil)||Chief Engineer-Saryu Project-2, Gonda||Irrigation Construction Circle, Basti||SCD-4, basti",,,,,,"407,174.4",,2024-10-23,"U P Irrigation Department (Civil)||Chief Engineer-Saryu Project-2, Gonda||Irrigation Construction Circle, Basti||SCD-4, basti",True,"{'Flood': 0, 'Embankment': 0, 'embkt': 0, 'Relief': 0, 'Erosion': 0, 'SDRF': 0, 'Inundation': 0, 'Hydrology': 0, 'Silt': 1, 'Siltation': 0, 'Bund': 0, 'Trench': 0, 'Breach': 0, 'Culvert': 0, 'Sluice': 0, 'Dyke': 0, 'Storm water drain': 0, 'Emergency': 0, 'Immediate': 0, 'IM': 0, 'AE': 0, 'A E': 0, 'AAPDA MITRA': 0, 'Bridge': 0, 'River': 0, 'Drain': 1, 'Restoration': 0, 'Protection': 0, 'irr': 0, 'irrigation': 0, 'dam': 0, 'Nallah': 0, 'Retrofitting': 0, 'Pond': 0, 'Pokhari': 0, 'D/C': 0, 'Recharge shaft': 0, 'LFB': 0, 'RFB': 0}","{'Floodlight': 0, 'Flood Light': 0, 'GAS': 0, 'FIFA': 0, 'pipe': 0, 'pipes': 0, 'covid': 0, 'supply': 0, 'Beautification': 0, 'Installation': 0}",Post-Monsoon,,False,True,Repair and Restoration,{'Drain': 1}
2024_UPIDC_927812_52,02/EE/20243-25,Silt / Jungle Clearance of Rawai Drain from KM 8.000 to KM 12.000,,,,,,,,,,,,,,,,"U P Irrigation Department (Civil)||Chief Engineer-Saryu Project-2, Gonda||Irrigation Construction Circle, Basti||SCD-4, basti",,,,,,"539,308",,2024-10-28,"U P Irrigation Department (Civil)||Chief Engineer-Saryu Project-2, Gonda||Irrigation Construction Circle, Basti||SCD-4, basti",True,"{'Flood': 0, 'Embankment': 0, 'embkt': 0, 'Relief': 0, 'Erosion': 0, 'SDRF': 0, 'Inundation': 0, 'Hydrology': 0, 'Silt': 1, 'Siltation': 0, 'Bund': 0, 'Trench': 0, 'Breach': 0, 'Culvert': 0, 'Sluice': 0, 'Dyke': 0, 'Storm water drain': 0, 'Emergency': 0, 'Immediate': 0, 'IM': 0, 'AE': 0, 'A E': 0, 'AAPDA MITRA': 0, 'Bridge': 0, 'River': 0, 'Drain': 1, 'Restoration': 0, 'Protection': 0, 'irr': 0, 'irrigation': 0, 'dam': 0, 'Nallah': 0, 'Retrofitting': 0, 'Pond': 0, 'Pokhari': 0, 'D/C': 0, 'Recharge shaft': 0, 'LFB': 0, 'RFB': 0}","{'Floodlight': 0, 'Flood Light': 0, 'GAS': 0, 'FIFA': 0, 'pipe': 0, 'pipes': 0, 'covid': 0, 'supply': 0, 'Beautification': 0, 'Installation': 0}",Post-Monsoon,,False,True,Repair and Restoration,{'Drain': 1}
2024_UPIDC_909441_2,05/SE/2023-24,RESTORATION OF DUBAULI DISTRIBUTARY FROM KM. 0.000 TO KM. 15.200 AND DEMARCATION OF ITS CANAL LAND IN DISTRICT MAHARJGANJ,,,,,,,,,,,,,,,,"U P Irrigation Department (Civil)||Chief Engineer-Gandak, Gorakhpur||Gandak IWC-1, Gorakhpur",,,,,,"29,621,731.26",,2024-10-15,"U P Irrigation Department (Civil)||Chief Engineer-Gandak, Gorakhpur||Gandak IWC-1, Gorakhpur",True,"{'Flood': 0, 'Embankment': 0, 'embkt': 0, 'Relief': 0, 'Erosion': 0, 'SDRF': 0, 'Inundation': 0, 'Hydrology': 0, 'Silt': 0, 'Siltation': 0, 'Bund': 0, 'Trench': 0, 'Breach': 0, 'Culvert': 0, 'Sluice': 0, 'Dyke': 0, 'Storm water drain': 0, 'Emergency': 0, 'Immediate': 0, 'IM': 0, 'AE': 0, 'A E': 0, 'AAPDA MITRA': 0, 'Bridge': 0, 'River': 0, 'Drain': 0, 'Restoration': 1, 'Protection': 0, 'irr': 0, 'irrigation': 0, 'dam': 0, 'Nallah': 0, 'Retrofitting': 0, 'Pond': 0, 'Pokhari': 0, 'D/C': 0, 'Recharge shaft': 0, 'LFB': 0, 'RFB': 0}","{'Floodlight': 0, 'Flood Light': 0, 'GAS': 0, 'FIFA': 0, 'pipe': 0, 'pipes': 0, 'covid': 0, 'supply': 0, 'Beautification': 0, 'Installation': 0}",Post-Monsoon,,False,False,Repair and Restoration,{'restoration': 1}
2024_UPIDC_909441_2,05/SE/2023-24,RESTORATION OF DUBAULI DISTRIBUTARY FROM KM. 0.000 TO KM. 15.200 AND DEMARCATION OF ITS CANAL LAND IN DISTRICT MAHARJGANJ,,,,,,,,,,,,,,,,"U P Irrigation Department (Civil)||Chief Engineer-Gandak, Gorakhpur||Gandak IWC-1, Gorakhpur",,,,,,"29,621,731.26",,2024-10-15,"U P Irrigation Department (Civil)||Chief Engineer-Gandak, Gorakhpur||Gandak IWC-1, Gorakhpur",True,"{'Flood': 0, 'Embankment': 0, 'embkt': 0, 'Relief': 0, 'Erosion': 0, 'SDRF': 0, 'Inundation': 0, 'Hydrology': 0, 'Silt': 0, 'Siltation': 0, 'Bund': 0, 'Trench': 0, 'Breach': 0, 'Culvert': 0, 'Sluice': 0, 'Dyke': 0, 'Storm water drain': 0, 'Emergency': 0, 'Immediate': 0, 'IM': 0, 'AE': 0, 'A E': 0, 'AAPDA MITRA': 0, 'Bridge': 0, 'River': 0, 'Drain': 0, 'Restoration': 1, 'Protection': 0, 'irr': 0, 'irrigation': 0, 'dam': 0, 'Nallah': 0, 'Retrofitting': 0, 'Pond': 0, 'Pokhari': 0, 'D/C': 0, 'Recharge shaft': 0, 'LFB': 0, 'RFB': 0}","{'Floodlight': 0, 'Flood Light': 0, 'GAS': 0, 'FIFA': 0, 'pipe': 0, 'pipes': 0, 'covid': 0, 'supply': 0, 'Beautification': 0, 'Installation': 0}",Post-Monsoon,,False,False,Repair and Restoration,{'restoration': 1}
2024_UPIDC_909441_4,05/SE/2023-24,RESTORATION AND DEMARCATION WORKS OF JAMUNIYA DY. FROM KM. 0.000 TO KM. 14.400 IN DISTRICT KUSHINAGAR,,,,,,,,,,,,,,,,"U P Irrigation Department (Civil)||Chief Engineer-Gandak, Gorakhpur||Gandak IWC-1, Gorakhpur",,,,,,"27,700,257.6",,2024-10-15,"U P Irrigation Department (Civil)||Chief Engineer-Gandak, Gorakhpur||Gandak IWC-1, Gorakhpur",True,"{'Flood': 0, 'Embankment': 0, 'embkt': 0, 'Relief': 0, 'Erosion': 0, 'SDRF': 0, 'Inundation': 0, 'Hydrology': 0, 'Silt': 0, 'Siltation': 0, 'Bund': 0, 'Trench': 0, 'Breach': 0, 'Culvert': 0, 'Sluice': 0, 'Dyke': 0, 'Storm water drain': 0, 'Emergency': 0, 'Immediate': 0, 'IM': 0, 'AE': 0, 'A E': 0, 'AAPDA MITRA': 0, 'Bridge': 0, 'River': 0, 'Drain': 0, 'Restoration': 1, 'Protection': 0, 'irr': 0, 'irrigation': 0, 'dam': 0, 'Nallah': 0, 'Retrofitting': 0, 'Pond': 0, 'Pokhari': 0, 'D/C': 0, 'Recharge shaft': 0, 'LFB': 0, 'RFB': 0}","{'Floodlight': 0, 'Flood Light': 0, 'GAS': 0, 'FIFA': 0, 'pipe': 0, 'pipes': 0, 'covid': 0, 'supply': 0, 'Beautification': 0, 'Installation': 0}",Post-Monsoon,,False,False,Repair and Restoration,{'restoration': 1}
2024_UPIDC_877054_3,E-Nilami-02/EE/23-24,Silt Auction of Upari Deoria Branch From km 38.200 to km 38.700,,,,,,,,,,,,,,,,"U P Irrigation Department (Civil)||Chief Engineer-Gandak, Gorakhpur||Gandak IWC-1, Gorakhpur||ID-1, maharajganj",,,,,,"168,693",,2024-10-22,"U P Irrigation Department (Civil)||Chief Engineer-Gandak, Gorakhpur||Gandak IWC-1, Gorakhpur||ID-1, maharajganj",True,"{'Flood': 0, 'Embankment': 0, 'embkt': 0, 'Relief': 0, 'Erosion': 0, 'SDRF': 0, 'Inundation': 0, 'Hydrology': 0, 'Silt': 1, 'Siltation': 0, 'Bund': 0, 'Trench': 0, 'Breach': 0, 'Culvert': 0, 'Sluice': 0, 'Dyke': 0, 'Storm water drain': 0, 'Emergency': 0, 'Immediate': 0, 'IM': 0, 'AE': 0, 'A E': 0, 'AAPDA MITRA': 0, 'Bridge': 0, 'River': 0, 'Drain': 0, 'Restoration': 0, 'Protection': 0, 'irr': 0, 'irrigation': 0, 'dam': 0, 'Nallah': 0, 'Retrofitting': 0, 'Pond': 0, 'Pokhari': 0, 'D/C': 0, 'Recharge shaft': 0, 'LFB': 0, 'RFB': 0}","{'Floodlight': 0, 'Flood Light': 0, 'GAS': 0, 'FIFA': 0, 'pipe': 0, 'pipes': 0, 'covid': 0, 'supply': 0, 'Beautification': 0, 'Installation': 0}",Post-Monsoon,,False,True,Others,
2024_UPIDC_877054_3,E-Nilami-02/EE/23-24,Silt Auction of Upari Deoria Branch From km 38.200 to km 38.700,,,,,,,,,,,,,,,,"U P Irrigation Department (Civil)||Chief Engineer-Gandak, Gorakhpur||Gandak IWC-1, Gorakhpur||ID-1, maharajganj",,,,,,"168,693",,2024-10-22,"U P Irrigation Department (Civil)||Chief Engineer-Gandak, Gorakhpur||Gandak IWC-1, Gorakhpur||ID-1, maharajganj",True,"{'Flood': 0, 'Embankment': 0, 'embkt': 0, 'Relief': 0, 'Erosion': 0, 'SDRF': 0, 'Inundation': 0, 'Hydrology': 0, 'Silt': 1, 'Siltation': 0, 'Bund': 0, 'Trench': 0, 'Breach': 0, 'Culvert': 0, 'Sluice': 0, 'Dyke': 0, 'Storm water drain': 0, 'Emergency': 0, 'Immediate': 0, 'IM': 0, 'AE': 0, 'A E': 0, 'AAPDA MITRA': 0, 'Bridge': 0, 'River': 0, 'Drain': 0, 'Restoration': 0, 'Protection': 0, 'irr': 0, 'irrigation': 0, 'dam': 0, 'Nallah': 0, 'Retrofitting': 0, 'Pond': 0, 'Pokhari': 0, 'D/C': 0, 'Recharge shaft': 0, 'LFB': 0, 'RFB': 0}","{'Floodlight': 0, 'Flood Light': 0, 'GAS': 0, 'FIFA': 0, 'pipe': 0, 'pipes': 0, 'covid': 0, 'supply': 0, 'Beautification': 0, 'Installation': 0}",Post-Monsoon,,False,True,Others,
2024_SCIDC_964749_1,24/FZD/MP/24-25,"Construction of Interlocking Road from Contact Road to Udayveer Plot,T.T.S.P. Tanki RCC Drainage System Contact Road Bridge to Primary School at Vill. - Jalalpur, Block- Shikohabad, Distt. Firozabad",,,,,,,,,,,,,,,,U.P. State Construction and Infrastructure Development Corporation Ltd.||Unit Firozabad,,,,,,"1,439,416.46",,2024-10-22,U.P. State Construction and Infrastructure Development Corporation Ltd.||Unit Firozabad,True,"{'Flood': 0, 'Embankment': 0, 'embkt': 0, 'Relief': 0, 'Erosion': 0, 'SDRF': 0, 'Inundation': 0, 'Hydrology': 0, 'Silt': 0, 'Siltation': 0, 'Bund': 0, 'Trench': 0, 'Breach': 0, 'Culvert': 0, 'Sluice': 0, 'Dyke': 0, 'Storm water drain': 0, 'Emergency': 0, 'Immediate': 0, 'IM': 0, 'AE': 0, 'A E': 0, 'AAPDA MITRA': 0, 'Bridge': 1, 'River': 0, 'Drain': 0, 'Restoration': 0, 'Protection': 0, 'irr': 0, 'irrigation': 0, 'dam': 0, 'Nallah': 0, 'Retrofitting': 0, 'Pond': 0, 'Pokhari': 0, 'D/C': 0, 'Recharge shaft': 0, 'LFB': 0, 'RFB': 0}","{'Floodlight': 0, 'Flood Light': 0, 'GAS': 0, 'FIFA': 0, 'pipe': 0, 'pipes': 0, 'covid': 0, 'supply': 0, 'Beautification': 0, 'Installation': 0}",Post-Monsoon,,False,True,Repair and Restoration,"{'Construction': 1, 'Bridge': 1}"
2024_SCIDC_960630_1,577-8/E.E. BLY/E-Tender/BLY/2024-25 Dt. 28.09.2024,Construction of C.C. Road and Drain work at Vill. Bheekampur Mafi in Babu Selar to Alamgir House (Vidhayak Nidhi),,,,,,,,,,,,,,,,U.P. State Construction and Infrastructure Development Corporation Ltd.||Unit Bareilly,,,,,,"1,788,363.33",,2024-10-09,U.P. State Construction and Infrastructure Development Corporation Ltd.||Unit Bareilly,True,"{'Flood': 0, 'Embankment': 0, 'embkt': 0, 'Relief': 0, 'Erosion': 0, 'SDRF': 0, 'Inundation': 0, 'Hydrology': 0, 'Silt': 0, 'Siltation': 0, 'Bund': 0, 'Trench': 0, 'Breach': 0, 'Culvert': 0, 'Sluice': 0, 'Dyke': 0, 'Storm water drain': 0, 'Emergency': 0, 'Immediate': 0, 'IM': 0, 'AE': 0, 'A E': 0, 'AAPDA MITRA': 0, 'Bridge': 0, 'River': 0, 'Drain': 1, 'Restoration': 0, 'Protection': 0, 'irr': 0, 'irrigation': 0, 'dam': 0, 'Nallah': 0, 'Retrofitting': 0, 'Pond': 0, 'Pokhari': 0, 'D/C': 0, 'Recharge shaft': 0, 'LFB': 0, 'RFB': 0}","{'Floodlight': 0, 'Flood Light': 0, 'GAS': 0, 'FIFA': 0, 'pipe': 0, 'pipes': 0, 'covid': 0, 'supply': 0, 'Beautification': 0, 'Installation': 0}",Post-Monsoon,,False,True,Repair and Restoration,"{'Construction': 1, 'Drain': 1}"
2024_SCIDC_960586_1,577-3/E.E. BLY/E-Tender/BLY/2024-25 Dt. 28.09.2024,Construction of C.C. Road and Drain work at Vill. Surla in Surla Marg Road to Gautiya bya Masjid (Vidhayak Nidhi),,,,,,,,,,,,,,,,U.P. State Construction and Infrastructure Development Corporation Ltd.||Unit Bareilly,,,,,,"1,165,650.2",,2024-10-09,U.P. State Construction and Infrastructure Development Corporation Ltd.||Unit Bareilly,True,"{'Flood': 0, 'Embankment': 0, 'embkt': 0, 'Relief': 0, 'Erosion': 0, 'SDRF': 0, 'Inundation': 0, 'Hydrology': 0, 'Silt': 0, 'Siltation': 0, 'Bund': 0, 'Trench': 0, 'Breach': 0, 'Culvert': 0, 'Sluice': 0, 'Dyke': 0, 'Storm water drain': 0, 'Emergency': 0, 'Immediate': 0, 'IM': 0, 'AE': 0, 'A E': 0, 'AAPDA MITRA': 0, 'Bridge': 0, 'River': 0, 'Drain': 1, 'Restoration': 0, 'Protection': 0, 'irr': 0, 'irrigation': 0, 'dam': 0, 'Nallah': 0, 'Retrofitting': 0, 'Pond': 0, 'Pokhari': 0, 'D/C': 0, 'Recharge shaft': 0, 'LFB': 0, 'RFB': 0}","{'Floodlight': 0, 'Flood Light': 0, 'GAS': 0, 'FIFA': 0, 'pipe': 0, 'pipes': 0, 'covid': 0, 'supply': 0, 'Beautification': 0, 'Installation': 0}",Post-Monsoon,,False,True,Repair and Restoration,"{'Construction': 1, 'Drain': 1}"
2024_SCIDC_960599_1,577-5/E.E. BLY/E-Tender/BLY/2024-25 Dt. 28.09.2024,Construction of C.C. Road and Drain work at Vill. Rampura ki Gautiya in Kamruddhin Ansari House to around Sikandar House (Vidhayak Nidhi),,,,,,,,,,,,,,,,U.P. State Construction and Infrastructure Development Corporation Ltd.||Unit Bareilly,,,,,,"973,807.77",,2024-10-09,U.P. State Construction and Infrastructure Development Corporation Ltd.||Unit Bareilly,True,"{'Flood': 0, 'Embankment': 0, 'embkt': 0, 'Relief': 0, 'Erosion': 0, 'SDRF': 0, 'Inundation': 0, 'Hydrology': 0, 'Silt': 0, 'Siltation': 0, 'Bund': 0, 'Trench': 0, 'Breach': 0, 'Culvert': 0, 'Sluice': 0, 'Dyke': 0, 'Storm water drain': 0, 'Emergency': 0, 'Immediate': 0, 'IM': 0, 'AE': 0, 'A E': 0, 'AAPDA MITRA': 0, 'Bridge': 0, 'River': 0, 'Drain': 1, 'Restoration': 0, 'Protection': 0, 'irr': 0, 'irrigation': 0, 'dam': 0, 'Nallah': 0, 'Retrofitting': 0, 'Pond': 0, 'Pokhari': 0, 'D/C': 0, 'Recharge shaft': 0, 'LFB': 0, 'RFB': 0}","{'Floodlight': 0, 'Flood Light': 0, 'GAS': 0, 'FIFA': 0, 'pipe': 0, 'pipes': 0, 'covid': 0, 'supply': 0, 'Beautification': 0, 'Installation': 0}",Post-Monsoon,,False,True,Repair and Restoration,"{'Construction': 1, 'Drain': 1}"
2024_SCIDC_960599_1,577-5/E.E. BLY/E-Tender/BLY/2024-25 Dt. 28.09.2024,Construction of C.C. Road and Drain work at Vill. Rampura ki Gautiya in Kamruddhin Ansari House to around Sikandar House (Vidhayak Nidhi),,,,,,,,,,,,,,,,U.P. State Construction and Infrastructure Development Corporation Ltd.||Unit Bareilly,,,,,,"973,807.77",,2024-10-09,U.P. State Construction and Infrastructure Development Corporation Ltd.||Unit Bareilly,True,"{'Flood': 0, 'Embankment': 0, 'embkt': 0, 'Relief': 0, 'Erosion': 0, 'SDRF': 0, 'Inundation': 0, 'Hydrology': 0, 'Silt': 0, 'Siltation': 0, 'Bund': 0, 'Trench': 0, 'Breach': 0, 'Culvert': 0, 'Sluice': 0, 'Dyke': 0, 'Storm water drain': 0, 'Emergency': 0, 'Immediate': 0, 'IM': 0, 'AE': 0, 'A E': 0, 'AAPDA MITRA': 0, 'Bridge': 0, 'River': 0, 'Drain': 1, 'Restoration': 0, 'Protection': 0, 'irr': 0, 'irrigation': 0, 'dam': 0, 'Nallah': 0, 'Retrofitting': 0, 'Pond': 0, 'Pokhari': 0, 'D/C': 0, 'Recharge shaft': 0, 'LFB': 0, 'RFB': 0}","{'Floodlight': 0, 'Flood Light': 0, 'GAS': 0, 'FIFA': 0, 'pipe': 0, 'pipes': 0, 'covid': 0, 'supply': 0, 'Beautification': 0, 'Installation': 0}",Post-Monsoon,,False,True,Repair and Restoration,"{'Construction': 1, 'Drain': 1}"
2024_SCIDC_960622_1,577-7/E.E. BLY/E-Tender/BLY/2024-25 Dt. 28.09.2024,Construction of C.C. Road and Drain work at Vill. Sunder ki Gautiya in Main Road to Umrai Lal Rathor House (Vidhayak Nidhi),,,,,,,,,,,,,,,,U.P. State Construction and Infrastructure Development Corporation Ltd.||Unit Bareilly,,,,,,"613,454.52",,2024-10-09,U.P. State Construction and Infrastructure Development Corporation Ltd.||Unit Bareilly,True,"{'Flood': 0, 'Embankment': 0, 'embkt': 0, 'Relief': 0, 'Erosion': 0, 'SDRF': 0, 'Inundation': 0, 'Hydrology': 0, 'Silt': 0, 'Siltation': 0, 'Bund': 0, 'Trench': 0, 'Breach': 0, 'Culvert': 0, 'Sluice': 0, 'Dyke': 0, 'Storm water drain': 0, 'Emergency': 0, 'Immediate': 0, 'IM': 0, 'AE': 0, 'A E': 0, 'AAPDA MITRA': 0, 'Bridge': 0, 'River': 0, 'Drain': 1, 'Restoration': 0, 'Protection': 0, 'irr': 0, 'irrigation': 0, 'dam': 0, 'Nallah': 0, 'Retrofitting': 0, 'Pond': 0, 'Pokhari': 0, 'D/C': 0, 'Recharge shaft': 0, 'LFB': 0, 'RFB': 0}","{'Floodlight': 0, 'Flood Light': 0, 'GAS': 0, 'FIFA': 0, 'pipe': 0, 'pipes': 0, 'covid': 0, 'supply': 0, 'Beautification': 0, 'Installation': 0}",Post-Monsoon,,False,True,Repair and Restoration,"{'Construction': 1, 'Drain': 1}"
2024_SCIDC_960622_1,577-7/E.E. BLY/E-Tender/BLY/2024-25 Dt. 28.09.2024,Construction of C.C. Road and Drain work at Vill. Sunder ki Gautiya in Main Road to Umrai Lal Rathor House (Vidhayak Nidhi),,,,,,,,,,,,,,,,U.P. State Construction and Infrastructure Development Corporation Ltd.||Unit Bareilly,,,,,,"613,454.52",,2024-10-09,U.P. State Construction and Infrastructure Development Corporation Ltd.||Unit Bareilly,True,"{'Flood': 0, 'Embankment': 0, 'embkt': 0, 'Relief': 0, 'Erosion': 0, 'SDRF': 0, 'Inundation': 0, 'Hydrology': 0, 'Silt': 0, 'Siltation': 0, 'Bund': 0, 'Trench': 0, 'Breach': 0, 'Culvert': 0, 'Sluice': 0, 'Dyke': 0, 'Storm water drain': 0, 'Emergency': 0, 'Immediate': 0, 'IM': 0, 'AE': 0, 'A E': 0, 'AAPDA MITRA': 0, 'Bridge': 0, 'River': 0, 'Drain': 1, 'Restoration': 0, 'Protection': 0, 'irr': 0, 'irrigation': 0, 'dam': 0, 'Nallah': 0, 'Retrofitting': 0, 'Pond': 0, 'Pokhari': 0, 'D/C': 0, 'Recharge shaft': 0, 'LFB': 0, 'RFB': 0}","{'Floodlight': 0, 'Flood Light': 0, 'GAS': 0, 'FIFA': 0, 'pipe': 0, 'pipes': 0, 'covid': 0, 'supply': 0, 'Beautification': 0, 'Installation': 0}",Post-Monsoon,,False,True,Repair and Restoration,"{'Construction': 1, 'Drain': 1}"
2024_SCIDC_958993_2,35/24-25/MLACANTT/AGRA,"CONSTRUCTION OF C.C. ROAD, FOOTPATH AND DRAIN FROM MMIG NO. 01 TO MMIG NO. 65 AT NEHRU ENCLAVE, AGRA.",,,,,,,,,,,,,,,,U.P. State Construction and Infrastructure Development Corporation Ltd.||Unit Mathura,,,,,,"2,111,430.84",,2024-10-11,U.P. State Construction and Infrastructure Development Corporation Ltd.||Unit Mathura,True,"{'Flood': 0, 'Embankment': 0, 'embkt': 0, 'Relief': 0, 'Erosion': 0, 'SDRF': 0, 'Inundation': 0, 'Hydrology': 0, 'Silt': 0, 'Siltation': 0, 'Bund': 0, 'Trench': 0, 'Breach': 0, 'Culvert': 0, 'Sluice': 0, 'Dyke': 0, 'Storm water drain': 0, 'Emergency': 0, 'Immediate': 0, 'IM': 0, 'AE': 0, 'A E': 0, 'AAPDA MITRA': 0, 'Bridge': 0, 'River': 0, 'Drain': 1, 'Restoration': 0, 'Protection': 0, 'irr': 0, 'irrigation': 0, 'dam': 0, 'Nallah': 0, 'Retrofitting': 0, 'Pond': 0, 'Pokhari': 0, 'D/C': 0, 'Recharge shaft': 0, 'LFB': 0, 'RFB': 0}","{'Floodlight': 0, 'Flood Light': 0, 'GAS': 0, 'FIFA': 0, 'pipe': 0, 'pipes': 0, 'covid': 0, 'supply': 0, 'Beautification': 0, 'Installation': 0}",Post-Monsoon,,False,True,Repair and Restoration,"{'Construction': 1, 'Drain': 1}"
2024_SCIDC_959006_2,37/24-25/MLACANTT/AGRA,"CONSTRUCTION OF C.C. ROAD, FOOTPATH AND DRAIN  FROM HOUSE OF B.K. VARMA TO BHANU SINGH HOUSE AT DASHRATH KUNJ-B, RADHA GONIND MANDIR, AGRA.",,,,,,,,,,,,,,,,U.P. State Construction and Infrastructure Development Corporation Ltd.||Unit Mathura,,,,,,"2,112,650.77",,2024-10-12,U.P. State Construction and Infrastructure Development Corporation Ltd.||Unit Mathura,True,"{'Flood': 0, 'Embankment': 0, 'embkt': 0, 'Relief': 0, 'Erosion': 0, 'SDRF': 0, 'Inundation': 0, 'Hydrology': 0, 'Silt': 0, 'Siltation': 0, 'Bund': 0, 'Trench': 0, 'Breach': 0, 'Culvert': 0, 'Sluice': 0, 'Dyke': 0, 'Storm water drain': 0, 'Emergency': 0, 'Immediate': 0, 'IM': 0, 'AE': 0, 'A E': 0, 'AAPDA MITRA': 0, 'Bridge': 0, 'River': 0, 'Drain': 1, 'Restoration': 0, 'Protection': 0, 'irr': 0, 'irrigation': 0, 'dam': 0, 'Nallah': 0, 'Retrofitting': 0, 'Pond': 0, 'Pokhari': 0, 'D/C': 0, 'Recharge shaft': 0, 'LFB': 0, 'RFB': 0}","{'Floodlight': 0, 'Flood Light': 0, 'GAS': 0, 'FIFA': 0, 'pipe': 0, 'pipes': 0, 'covid': 0, 'supply': 0, 'Beautification': 0, 'Installation': 0}",Post-Monsoon,,False,True,Repair and Restoration,"{'Construction': 1, 'Drain': 1}"
2024_SCIDC_959006_2,37/24-25/MLACANTT/AGRA,"CONSTRUCTION OF C.C. ROAD, FOOTPATH AND DRAIN  FROM HOUSE OF B.K. VARMA TO BHANU SINGH HOUSE AT DASHRATH KUNJ-B, RADHA GONIND MANDIR, AGRA.",,,,,,,,,,,,,,,,U.P. State Construction and Infrastructure Development Corporation Ltd.||Unit Mathura,,,,,,"2,112,650.77",,2024-10-12,U.P. State Construction and Infrastructure Development Corporation Ltd.||Unit Mathura,True,"{'Flood': 0, 'Embankment': 0, 'embkt': 0, 'Relief': 0, 'Erosion': 0, 'SDRF': 0, 'Inundation': 0, 'Hydrology': 0, 'Silt': 0, 'Siltation': 0, 'Bund': 0, 'Trench': 0, 'Breach': 0, 'Culvert': 0, 'Sluice': 0, 'Dyke': 0, 'Storm water drain': 0, 'Emergency': 0, 'Immediate': 0, 'IM': 0, 'AE': 0, 'A E': 0, 'AAPDA MITRA': 0, 'Bridge': 0, 'River': 0, 'Drain': 1, 'Restoration': 0, 'Protection': 0, 'irr': 0, 'irrigation': 0, 'dam': 0, 'Nallah': 0, 'Retrofitting': 0, 'Pond': 0, 'Pokhari': 0, 'D/C': 0, 'Recharge shaft': 0, 'LFB': 0, 'RFB': 0}","{'Floodlight': 0, 'Flood Light': 0, 'GAS': 0, 'FIFA': 0, 'pipe': 0, 'pipes': 0, 'covid': 0, 'supply': 0, 'Beautification': 0, 'Installation': 0}",Post-Monsoon,,False,True,Repair and Restoration,"{'Construction': 1, 'Drain': 1}"
2024_SCIDC_959013_2,38/24-25/MLACANTT/AGRA,"CONSTRUCTION OF C.C. ROAD, FOOTPATH AND DRAIN FROM HOUSE OF BRAJ KISHOR TO RAMESH HOUSE AT DASHRATH KUNJ, AGRA.",,,,,,,,,,,,,,,,U.P. State Construction and Infrastructure Development Corporation Ltd.||Unit Mathura,,,,,,"1,494,402.86",,2024-10-12,U.P. State Construction and Infrastructure Development Corporation Ltd.||Unit Mathura,True,"{'Flood': 0, 'Embankment': 0, 'embkt': 0, 'Relief': 0, 'Erosion': 0, 'SDRF': 0, 'Inundation': 0, 'Hydrology': 0, 'Silt': 0, 'Siltation': 0, 'Bund': 0, 'Trench': 0, 'Breach': 0, 'Culvert': 0, 'Sluice': 0, 'Dyke': 0, 'Storm water drain': 0, 'Emergency': 0, 'Immediate': 0, 'IM': 0, 'AE': 0, 'A E': 0, 'AAPDA MITRA': 0, 'Bridge': 0, 'River': 0, 'Drain': 1, 'Restoration': 0, 'Protection': 0, 'irr': 0, 'irrigation': 0, 'dam': 0, 'Nallah': 0, 'Retrofitting': 0, 'Pond': 0, 'Pokhari': 0, 'D/C': 0, 'Recharge shaft': 0, 'LFB': 0, 'RFB': 0}","{'Floodlight': 0, 'Flood Light': 0, 'GAS': 0, 'FIFA': 0, 'pipe': 0, 'pipes': 0, 'covid': 0, 'supply': 0, 'Beautification': 0, 'Installation': 0}",Post-Monsoon,,False,True,Repair and Restoration,"{'Construction': 1, 'Drain': 1}"
2024_SCIDC_959019_2,39/24-25/MLACANTT/AGRA,"CONSTRUCTION OF C.C. ROAD AND DRAIN FROM HOUSE OF OM PRAKASH GUPTA  TO MUNNI KHAN HOUSE AT NEAR BALUGANJ POLICE CHAUKI, AGRA.",,,,,,,,,,,,,,,,U.P. State Construction and Infrastructure Development Corporation Ltd.||Unit Mathura,,,,,,"853,422.4",,2024-10-11,U.P. State Construction and Infrastructure Development Corporation Ltd.||Unit Mathura,True,"{'Flood': 0, 'Embankment': 0, 'embkt': 0, 'Relief': 0, 'Erosion': 0, 'SDRF': 0, 'Inundation': 0, 'Hydrology': 0, 'Silt': 0, 'Siltation': 0, 'Bund': 0, 'Trench': 0, 'Breach': 0, 'Culvert': 0, 'Sluice': 0, 'Dyke': 0, 'Storm water drain': 0, 'Emergency': 0, 'Immediate': 0, 'IM': 0, 'AE': 0, 'A E': 0, 'AAPDA MITRA': 0, 'Bridge': 0, 'River': 0, 'Drain': 1, 'Restoration': 0, 'Protection': 0, 'irr': 0, 'irrigation': 0, 'dam': 0, 'Nallah': 0, 'Retrofitting': 0, 'Pond': 0, 'Pokhari': 0, 'D/C': 0, 'Recharge shaft': 0, 'LFB': 0, 'RFB': 0}","{'Floodlight': 0, 'Flood Light': 0, 'GAS': 0, 'FIFA': 0, 'pipe': 0, 'pipes': 0, 'covid': 0, 'supply': 0, 'Beautification': 0, 'Installation': 0}",Post-Monsoon,,False,True,Repair and Restoration,"{'Construction': 1, 'Drain': 1}"
2024_SCIDC_959024_2,40/24-25/MLACANTT/AGRA,"CONSTRUCTION OF C.C. ROAD AND DRAIN FROM HOUSE OF RAM NIVAS TO MUNNA LAL HOUSE AT MAHADEV NAGAR, AGRA.",,,,,,,,,,,,,,,,U.P. State Construction and Infrastructure Development Corporation Ltd.||Unit Mathura,,,,,,"2,103,927.93",,2024-10-11,U.P. State Construction and Infrastructure Development Corporation Ltd.||Unit Mathura,True,"{'Flood': 0, 'Embankment': 0, 'embkt': 0, 'Relief': 0, 'Erosion': 0, 'SDRF': 0, 'Inundation': 0, 'Hydrology': 0, 'Silt': 0, 'Siltation': 0, 'Bund': 0, 'Trench': 0, 'Breach': 0, 'Culvert': 0, 'Sluice': 0, 'Dyke': 0, 'Storm water drain': 0, 'Emergency': 0, 'Immediate': 0, 'IM': 0, 'AE': 0, 'A E': 0, 'AAPDA MITRA': 0, 'Bridge': 0, 'River': 0, 'Drain': 1, 'Restoration': 0, 'Protection': 0, 'irr': 0, 'irrigation': 0, 'dam': 0, 'Nallah': 0, 'Retrofitting': 0, 'Pond': 0, 'Pokhari': 0, 'D/C': 0, 'Recharge shaft': 0, 'LFB': 0, 'RFB': 0}","{'Floodlight': 0, 'Flood Light': 0, 'GAS': 0, 'FIFA': 0, 'pipe': 0, 'pipes': 0, 'covid': 0, 'supply': 0, 'Beautification': 0, 'Installation': 0}",Post-Monsoon,,False,True,Repair and Restoration,"{'Construction': 1, 'Drain': 1}"
2024_SCIDC_958937_2,28/24-25/MLACANTT/AGRA,"CONSTRUCTION OF C.C. ROAD AND DRAIN FROM HOUSE OF ASHOK TO SANJAY HOUSE AT SAINIK VIHAR, DEVRI ROAD, AGRA.",,,,,,,,,,,,,,,,U.P. State Construction and Infrastructure Development Corporation Ltd.||Unit Mathura,,,,,,"1,815,064.94",,2024-10-11,U.P. State Construction and Infrastructure Development Corporation Ltd.||Unit Mathura,True,"{'Flood': 0, 'Embankment': 0, 'embkt': 0, 'Relief': 0, 'Erosion': 0, 'SDRF': 0, 'Inundation': 0, 'Hydrology': 0, 'Silt': 0, 'Siltation': 0, 'Bund': 0, 'Trench': 0, 'Breach': 0, 'Culvert': 0, 'Sluice': 0, 'Dyke': 0, 'Storm water drain': 0, 'Emergency': 0, 'Immediate': 0, 'IM': 0, 'AE': 0, 'A E': 0, 'AAPDA MITRA': 0, 'Bridge': 0, 'River': 0, 'Drain': 1, 'Restoration': 0, 'Protection': 0, 'irr': 0, 'irrigation': 0, 'dam': 0, 'Nallah': 0, 'Retrofitting': 0, 'Pond': 0, 'Pokhari': 0, 'D/C': 0, 'Recharge shaft': 0, 'LFB': 0, 'RFB': 0}","{'Floodlight': 0, 'Flood Light': 0, 'GAS': 0, 'FIFA': 0, 'pipe': 0, 'pipes': 0, 'covid': 0, 'supply': 0, 'Beautification': 0, 'Installation': 0}",Post-Monsoon,,False,True,Repair and Restoration,"{'Construction': 1, 'Drain': 1}"
2024_SCIDC_958937_2,28/24-25/MLACANTT/AGRA,"CONSTRUCTION OF C.C. ROAD AND DRAIN FROM HOUSE OF ASHOK TO SANJAY HOUSE AT SAINIK VIHAR, DEVRI ROAD, AGRA.",,,,,,,,,,,,,,,,U.P. State Construction and Infrastructure Development Corporation Ltd.||Unit Mathura,,,,,,"1,815,064.94",,2024-10-11,U.P. State Construction and Infrastructure Development Corporation Ltd.||Unit Mathura,True,"{'Flood': 0, 'Embankment': 0, 'embkt': 0, 'Relief': 0, 'Erosion': 0, 'SDRF': 0, 'Inundation': 0, 'Hydrology': 0, 'Silt': 0, 'Siltation': 0, 'Bund': 0, 'Trench': 0, 'Breach': 0, 'Culvert': 0, 'Sluice': 0, 'Dyke': 0, 'Storm water drain': 0, 'Emergency': 0, 'Immediate': 0, 'IM': 0, 'AE': 0, 'A E': 0, 'AAPDA MITRA': 0, 'Bridge': 0, 'River': 0, 'Drain': 1, 'Restoration': 0, 'Protection': 0, 'irr': 0, 'irrigation': 0, 'dam': 0, 'Nallah': 0, 'Retrofitting': 0, 'Pond': 0, 'Pokhari': 0, 'D/C': 0, 'Recharge shaft': 0, 'LFB': 0, 'RFB': 0}","{'Floodlight': 0, 'Flood Light': 0, 'GAS': 0, 'FIFA': 0, 'pipe': 0, 'pipes': 0, 'covid': 0, 'supply': 0, 'Beautification': 0, 'Installation': 0}",Post-Monsoon,,False,True,Repair and Restoration,"{'Construction': 1, 'Drain': 1}"
2024_SCIDC_958952_2,30/24-25/MLACANTT/AGRA,"CONSTRUCTION OF C.C. ROAD AND DRAIN FROM HOUSE OF VIJAY PAL SINGH TO RAJAN KUSHWAH HOUSE AT DURGA PALACE, SAINIK VIHAR, DEVRI ROAD, AGRA",,,,,,,,,,,,,,,,U.P. State Construction and Infrastructure Development Corporation Ltd.||Unit Mathura,,,,,,"1,776,708.33",,2024-10-11,U.P. State Construction and Infrastructure Development Corporation Ltd.||Unit Mathura,True,"{'Flood': 0, 'Embankment': 0, 'embkt': 0, 'Relief': 0, 'Erosion': 0, 'SDRF': 0, 'Inundation': 0, 'Hydrology': 0, 'Silt': 0, 'Siltation': 0, 'Bund': 0, 'Trench': 0, 'Breach': 0, 'Culvert': 0, 'Sluice': 0, 'Dyke': 0, 'Storm water drain': 0, 'Emergency': 0, 'Immediate': 0, 'IM': 0, 'AE': 0, 'A E': 0, 'AAPDA MITRA': 0, 'Bridge': 0, 'River': 0, 'Drain': 1, 'Restoration': 0, 'Protection': 0, 'irr': 0, 'irrigation': 0, 'dam': 0, 'Nallah': 0, 'Retrofitting': 0, 'Pond': 0, 'Pokhari': 0, 'D/C': 0, 'Recharge shaft': 0, 'LFB': 0, 'RFB': 0}","{'Floodlight': 0, 'Flood Light': 0, 'GAS': 0, 'FIFA': 0, 'pipe': 0, 'pipes': 0, 'covid': 0, 'supply': 0, 'Beautification': 0, 'Installation': 0}",Post-Monsoon,,False,True,Repair and Restoration,"{'Construction': 1, 'Drain': 1}"
2024_SCIDC_958952_2,30/24-25/MLACANTT/AGRA,"CONSTRUCTION OF C.C. ROAD AND DRAIN FROM HOUSE OF VIJAY PAL SINGH TO RAJAN KUSHWAH HOUSE AT DURGA PALACE, SAINIK VIHAR, DEVRI ROAD, AGRA",,,,,,,,,,,,,,,,U.P. State Construction and Infrastructure Development Corporation Ltd.||Unit Mathura,,,,,,"1,776,708.33",,2024-10-11,U.P. State Construction and Infrastructure Development Corporation Ltd.||Unit Mathura,True,"{'Flood': 0, 'Embankment': 0, 'embkt': 0, 'Relief': 0, 'Erosion': 0, 'SDRF': 0, 'Inundation': 0, 'Hydrology': 0, 'Silt': 0, 'Siltation': 0, 'Bund': 0, 'Trench': 0, 'Breach': 0, 'Culvert': 0, 'Sluice': 0, 'Dyke': 0, 'Storm water drain': 0, 'Emergency': 0, 'Immediate': 0, 'IM': 0, 'AE': 0, 'A E': 0, 'AAPDA MITRA': 0, 'Bridge': 0, 'River': 0, 'Drain': 1, 'Restoration': 0, 'Protection': 0, 'irr': 0, 'irrigation': 0, 'dam': 0, 'Nallah': 0, 'Retrofitting': 0, 'Pond': 0, 'Pokhari': 0, 'D/C': 0, 'Recharge shaft': 0, 'LFB': 0, 'RFB': 0}","{'Floodlight': 0, 'Flood Light': 0, 'GAS': 0, 'FIFA': 0, 'pipe': 0, 'pipes': 0, 'covid': 0, 'supply': 0, 'Beautification': 0, 'Installation': 0}",Post-Monsoon,,False,True,Repair and Restoration,"{'Construction': 1, 'Drain': 1}"
2024_SCIDC_958955_2,31/24-25/MLACANTT/AGRA,"CONSTRUCTION OF C.C. ROAD AND DRAIN FROM HOUSE OF BANKEY VIHARI TO BACHCHU SINGH HOUSE AT DURGA PALACE SAINIK VIHAR, DEVRI ROAD, AGRA.",,,,,,,,,,,,,,,,U.P. State Construction and Infrastructure Development Corporation Ltd.||Unit Mathura,,,,,,"1,188,180.63",,2024-10-11,U.P. State Construction and Infrastructure Development Corporation Ltd.||Unit Mathura,True,"{'Flood': 0, 'Embankment': 0, 'embkt': 0, 'Relief': 0, 'Erosion': 0, 'SDRF': 0, 'Inundation': 0, 'Hydrology': 0, 'Silt': 0, 'Siltation': 0, 'Bund': 0, 'Trench': 0, 'Breach': 0, 'Culvert': 0, 'Sluice': 0, 'Dyke': 0, 'Storm water drain': 0, 'Emergency': 0, 'Immediate': 0, 'IM': 0, 'AE': 0, 'A E': 0, 'AAPDA MITRA': 0, 'Bridge': 0, 'River': 0, 'Drain': 1, 'Restoration': 0, 'Protection': 0, 'irr': 0, 'irrigation': 0, 'dam': 0, 'Nallah': 0, 'Retrofitting': 0, 'Pond': 0, 'Pokhari': 0, 'D/C': 0, 'Recharge shaft': 0, 'LFB': 0, 'RFB': 0}","{'Floodlight': 0, 'Flood Light': 0, 'GAS': 0, 'FIFA': 0, 'pipe': 0, 'pipes': 0, 'covid': 0, 'supply': 0, 'Beautification': 0, 'Installation': 0}",Post-Monsoon,,False,True,Repair and Restoration,"{'Construction': 1, 'Drain': 1}"
2024_SCIDC_958993_2,35/24-25/MLACANTT/AGRA,"CONSTRUCTION OF C.C. ROAD, FOOTPATH AND DRAIN FROM MMIG NO. 01 TO MMIG NO. 65 AT NEHRU ENCLAVE, AGRA.",,,,,,,,,,,,,,,,U.P. State Construction and Infrastructure Development Corporation Ltd.||Unit Mathura,,,,,,"2,111,430.84",,2024-10-11,U.P. State Construction and Infrastructure Development Corporation Ltd.||Unit Mathura,True,"{'Flood': 0, 'Embankment': 0, 'embkt': 0, 'Relief': 0, 'Erosion': 0, 'SDRF': 0, 'Inundation': 0, 'Hydrology': 0, 'Silt': 0, 'Siltation': 0, 'Bund': 0, 'Trench': 0, 'Breach': 0, 'Culvert': 0, 'Sluice': 0, 'Dyke': 0, 'Storm water drain': 0, 'Emergency': 0, 'Immediate': 0, 'IM': 0, 'AE': 0, 'A E': 0, 'AAPDA MITRA': 0, 'Bridge': 0, 'River': 0, 'Drain': 1, 'Restoration': 0, 'Protection': 0, 'irr': 0, 'irrigation': 0, 'dam': 0, 'Nallah': 0, 'Retrofitting': 0, 'Pond': 0, 'Pokhari': 0, 'D/C': 0, 'Recharge shaft': 0, 'LFB': 0, 'RFB': 0}","{'Floodlight': 0, 'Flood Light': 0, 'GAS': 0, 'FIFA': 0, 'pipe': 0, 'pipes': 0, 'covid': 0, 'supply': 0, 'Beautification': 0, 'Installation': 0}",Post-Monsoon,,False,True,Repair and Restoration,"{'Construction': 1, 'Drain': 1}"
2024_SCIDC_957506_1,25/24-25/MLANORTH/AGRA,"CONSTRUCTION OF C.C. ROAD AND DRAIN FROM BANI SINGH HOUSE TO HARI DAS HOUSE, BRIJ MOHAN HOUSE TO DAYA CHAND HOUSE AND DIVAN SINGH HOUSE TO ASHOK HOUSE AT MANOHARPUR, AGRA.",,,,,,,,,,,,,,,,U.P. State Construction and Infrastructure Development Corporation Ltd.||Unit Mathura,,,,,,"1,206,090.21",,2024-10-07,U.P. State Construction and Infrastructure Development Corporation Ltd.||Unit Mathura,True,"{'Flood': 0, 'Embankment': 0, 'embkt': 0, 'Relief': 0, 'Erosion': 0, 'SDRF': 0, 'Inundation': 0, 'Hydrology': 0, 'Silt': 0, 'Siltation': 0, 'Bund': 0, 'Trench': 0, 'Breach': 0, 'Culvert': 0, 'Sluice': 0, 'Dyke': 0, 'Storm water drain': 0, 'Emergency': 0, 'Immediate': 0, 'IM': 0, 'AE': 0, 'A E': 0, 'AAPDA MITRA': 0, 'Bridge': 0, 'River': 0, 'Drain': 1, 'Restoration': 0, 'Protection': 0, 'irr': 0, 'irrigation': 0, 'dam': 0, 'Nallah': 0, 'Retrofitting': 0, 'Pond': 0, 'Pokhari': 0, 'D/C': 0, 'Recharge shaft': 0, 'LFB': 0, 'RFB': 0}","{'Floodlight': 0, 'Flood Light': 0, 'GAS': 0, 'FIFA': 0, 'pipe': 0, 'pipes': 0, 'covid': 0, 'supply': 0, 'Beautification': 0, 'Installation': 0}",Post-Monsoon,,False,True,Repair and Restoration,"{'Construction': 1, 'Drain': 1}"
2024_SCIDC_957510_1,26/24-25/MLANORTH/AGRA,"CONSTRUCTION OF C.C. ROAD AND DRAIN FROM SRI SHAILENDRA HOUSE TO SRI SUNIL HOUSE AT RENUKA BAGH, WARD-87, AGRA.",,,,,,,,,,,,,,,,U.P. State Construction and Infrastructure Development Corporation Ltd.||Unit Mathura,,,,,,"292,407.71",,2024-10-07,U.P. State Construction and Infrastructure Development Corporation Ltd.||Unit Mathura,True,"{'Flood': 0, 'Embankment': 0, 'embkt': 0, 'Relief': 0, 'Erosion': 0, 'SDRF': 0, 'Inundation': 0, 'Hydrology': 0, 'Silt': 0, 'Siltation': 0, 'Bund': 0, 'Trench': 0, 'Breach': 0, 'Culvert': 0, 'Sluice': 0, 'Dyke': 0, 'Storm water drain': 0, 'Emergency': 0, 'Immediate': 0, 'IM': 0, 'AE': 0, 'A E': 0, 'AAPDA MITRA': 0, 'Bridge': 0, 'River': 0, 'Drain': 1, 'Restoration': 0, 'Protection': 0, 'irr': 0, 'irrigation': 0, 'dam': 0, 'Nallah': 0, 'Retrofitting': 0, 'Pond': 0, 'Pokhari': 0, 'D/C': 0, 'Recharge shaft': 0, 'LFB': 0, 'RFB': 0}","{'Floodlight': 0, 'Flood Light': 0, 'GAS': 0, 'FIFA': 0, 'pipe': 0, 'pipes': 0, 'covid': 0, 'supply': 0, 'Beautification': 0, 'Installation': 0}",Post-Monsoon,,False,True,Repair and Restoration,"{'Construction': 1, 'Drain': 1}"
