Tender ID,tender_externalreference,tender_title,Work Description,Tender Category,Tender Type,Form of contract,Product Category,Is Multi Currency Allowed For BOQ,Allow Two Stage Bidding,Independent External Monitor/Remarks,Published Date,Pre Bid Meeting Date,Bid Validity(Days),Should Allow NDA Tender,Allow Preferential Bidder,Payment Mode,Bid Opening Date,Organisation Chain,location,Pincode,No of Bids Received,Tender Value in ₹,Bidder Name,Awarded Value,Status,Contract Date :,Department,is_flood_tender,positive_keywords_dict,negative_keywords_dict,Season,Scheme,Erosion,Roads_Bridges_Embkt,Response Type,Flood Response - Subhead
2025_UPIDC_1083668_59,01/EE/2025-26,Silt Clearance/Scraping work of Lalpur Mr (Between km 0.00 to 3.700),Silt Clearance/Scraping work of Lalpur Mr (Between km 0.00 to 3.700),Works,Open Tender,Item Rate,Civil Works - Canal,No,No,NA ,07-Nov-2025 10:00 AM,NA ,90.0,No ,No,Online,14-Nov-2025 03:00 PM,"U P Irrigation Department (Civil)||Chief Engineer-Saryu Project-2, Gonda||Drainage Cirlce, Gonda||EE Chitaurgarh Dam Construction Division Balrampur",Tulsipur Balrampur,271210.0,2.0,"94,000",DEV PRAKASH TRIPATHI,"92,430",Accepted-AOC,06-Dec-2025,"U P Irrigation Department (Civil)||Chief Engineer-Saryu Project-2, Gonda||Drainage Cirlce, Gonda||EE Chitaurgarh Dam Construction Division Balrampur",True,"{'Flood': 0, 'Embankment': 0, 'embkt': 0, 'Relief': 0, 'Erosion': 0, 'SDRF': 0, 'Inundation': 0, 'Hydrology': 0, 'Silt': 2, 'Siltation': 0, 'Bund': 0, 'Trench': 0, 'Breach': 0, 'Culvert': 0, 'Sluice': 0, 'Dyke': 0, 'Storm water drain': 0, 'Emergency': 0, 'Immediate': 0, 'IM': 0, 'AE': 0, 'A E': 0, 'AAPDA MITRA': 0}","{'Floodlight': 0, 'Flood Light': 0, 'GAS': 0, 'FIFA': 0, 'pipe': 0, 'pipes': 0, 'covid': 0}",Post-Monsoon,,False,True,Repair and Restoration,{'mr': 2}
2025_UPIDC_1083216_1,02 Date 08.10.2025 (Lot No-02),SILT CLEARANCE /SCRAPING AND JUNGLE CLEARANCE OF TARAUTI DY. FROM KM 0.000 TO KM 9.000,SILT CLEARANCE /SCRAPING AND JUNGLE CLEARANCE,Works,Open Tender,Item Rate,Civil Works,No,No,NA ,18-Oct-2025 10:00 AM,NA ,90.0,No ,No,Online,29-Oct-2025 03:00 PM,"U P Irrigation Department (Civil)||Chief Engineer-Sone, Varanasi||Irrigation Construction Circle, Varanasi||DPCD-2, ghazipur",GHZIPUR,233001.0,2.0,"4,14,000",M/S HARENDRA CONSTRUCTION,"400,853",Accepted-AOC,02-Dec-2025,"U P Irrigation Department (Civil)||Chief Engineer-Sone, Varanasi||Irrigation Construction Circle, Varanasi||DPCD-2, ghazipur",True,"{'Flood': 0, 'Embankment': 0, 'embkt': 0, 'Relief': 0, 'Erosion': 0, 'SDRF': 0, 'Inundation': 0, 'Hydrology': 0, 'Silt': 2, 'Siltation': 0, 'Bund': 0, 'Trench': 0, 'Breach': 0, 'Culvert': 0, 'Sluice': 0, 'Dyke': 0, 'Storm water drain': 0, 'Emergency': 0, 'Immediate': 0, 'IM': 0, 'AE': 0, 'A E': 0, 'AAPDA MITRA': 0}","{'Floodlight': 0, 'Flood Light': 0, 'GAS': 0, 'FIFA': 0, 'pipe': 0, 'pipes': 0, 'covid': 0}",Post-Monsoon,,False,True,Others,
2025_UPIDC_1086698_10,04/AE-IV/2025-26,Earth Work in Silt Clearance/Scraping of Chhatwara Mr. from Km. 0.000 to Km. 1.700 and Tamauli Mr. from Km. 0.000 to Km. 1.000,Silt Clearance/Scraping,Works,Open Tender,Item Rate,Civil Works,No,No,NA ,30-Oct-2025 10:00 AM,NA ,90.0,No ,No,Online,07-Nov-2025 12:30 PM,"U P Irrigation Department (Civil)||Chief Engineer-Sharda Sahayak, Lucknow||XIV Circle Irrigation Works, Azamgarh||SSD-32, azamgarh",AZAMGARH,276001.0,2.0,"70,000",ANAND CONSTRUCTION,"34,424",Accepted-AOC,06-Dec-2025,"U P Irrigation Department (Civil)||Chief Engineer-Sharda Sahayak, Lucknow||XIV Circle Irrigation Works, Azamgarh||SSD-32, azamgarh",True,"{'Flood': 0, 'Embankment': 0, 'embkt': 0, 'Relief': 0, 'Erosion': 0, 'SDRF': 0, 'Inundation': 0, 'Hydrology': 0, 'Silt': 2, 'Siltation': 0, 'Bund': 0, 'Trench': 0, 'Breach': 0, 'Culvert': 0, 'Sluice': 0, 'Dyke': 0, 'Storm water drain': 0, 'Emergency': 0, 'Immediate': 0, 'IM': 0, 'AE': 1, 'A E': 0, 'AAPDA MITRA': 0}","{'Floodlight': 0, 'Flood Light': 0, 'GAS': 0, 'FIFA': 0, 'pipe': 0, 'pipes': 0, 'covid': 0}",Post-Monsoon,,True,True,Repair and Restoration,{'mr': 2}
2025_UPIDC_1088427_94,01/AE/2025-26,Lot-34,Silt clearance and Scraping,Works,Open Tender,Item Rate,Civil Works,No,No,NA ,17-Nov-2025 11:00 AM,NA ,90.0,No ,No,Online,22-Nov-2025 11:00 AM,"U P Irrigation Department (Civil)||Chief Engineer-Sharda Sahayak, Lucknow||XIV Circle Irrigation Works, Azamgarh||SSD-23, azamgarh",Azamgarh,276001.0,2.0,,BITTU CONSTRUCTION,"106,553",Accepted-AOC,26-Dec-2025,"U P Irrigation Department (Civil)||Chief Engineer-Sharda Sahayak, Lucknow||XIV Circle Irrigation Works, Azamgarh||SSD-23, azamgarh",True,"{'Flood': 0, 'Embankment': 0, 'embkt': 0, 'Relief': 0, 'Erosion': 0, 'SDRF': 0, 'Inundation': 0, 'Hydrology': 0, 'Silt': 1, 'Siltation': 0, 'Bund': 0, 'Trench': 0, 'Breach': 0, 'Culvert': 0, 'Sluice': 0, 'Dyke': 0, 'Storm water drain': 0, 'Emergency': 0, 'Immediate': 0, 'IM': 0, 'AE': 1, 'A E': 0, 'AAPDA MITRA': 0}","{'Floodlight': 0, 'Flood Light': 0, 'GAS': 0, 'FIFA': 0, 'pipe': 0, 'pipes': 0, 'covid': 0}",Post-Monsoon,,True,True,Others,
2025_UPIDC_1084460_36,01/EE/2025-26,Earth work in silt clearance and scraping of sitadwar Mr. from km. 0.000 to km. 8.200,Earth work in silt clearance and scraping of sitadwar Mr. from km. 0.000 to km. 8.200,Works,Open Tender,Item Rate,Civil Works - Canal,No,No,NA ,06-Nov-2025 10:00 AM,NA ,90.0,No ,No,Online,12-Nov-2025 03:00 PM,"U P Irrigation Department (Civil)||Chief Engineer-Saryu Project-2, Gonda||Drainage Cirlce, Gonda||SCD-1 Balrampur",Shrawasti,271805.0,2.0,"2,22,000",BANKE BIHARI CONTRACTOR & GENERAL ORDER SUPPLIERS,"221,534.62",Accepted-AOC,08-Dec-2025,"U P Irrigation Department (Civil)||Chief Engineer-Saryu Project-2, Gonda||Drainage Cirlce, Gonda||SCD-1 Balrampur",True,"{'Flood': 0, 'Embankment': 0, 'embkt': 0, 'Relief': 0, 'Erosion': 0, 'SDRF': 0, 'Inundation': 0, 'Hydrology': 0, 'Silt': 2, 'Siltation': 0, 'Bund': 0, 'Trench': 0, 'Breach': 0, 'Culvert': 0, 'Sluice': 0, 'Dyke': 0, 'Storm water drain': 0, 'Emergency': 0, 'Immediate': 0, 'IM': 0, 'AE': 0, 'A E': 0, 'AAPDA MITRA': 0}","{'Floodlight': 0, 'Flood Light': 0, 'GAS': 0, 'FIFA': 0, 'pipe': 0, 'pipes': 0, 'covid': 0}",Post-Monsoon,,False,True,Repair and Restoration,{'mr': 2}
2025_UPIDC_1087576_2,04/EE/SSK41/2025-26,SILT CLEARANCE OF INHUANA DY FROM KM 32.370 TO KM 42.400,SILT CLEARANCE OF INHUANA DY FROM KM 32.370 TO KM 42.400,Works,Open Tender,Item Rate,Civil Works - Canal,No,No,NA ,12-Nov-2025 10:00 AM,NA ,90.0,No ,No,Online,17-Nov-2025 02:00 PM,"U P Irrigation Department (Civil)||Chief Engineer-Sharda Sahayak, Lucknow||XVI Circle Irrigation Works, Pratapgargh||Sharda Sahayak Division 41 Amethi",Amethi,227409.0,2.0,"6,52,000",ALTRA CONST ASSOCIATES,"443,540.2",Accepted-AOC,26-Nov-2025,"U P Irrigation Department (Civil)||Chief Engineer-Sharda Sahayak, Lucknow||XVI Circle Irrigation Works, Pratapgargh||Sharda Sahayak Division 41 Amethi",True,"{'Flood': 0, 'Embankment': 0, 'embkt': 0, 'Relief': 0, 'Erosion': 0, 'SDRF': 0, 'Inundation': 0, 'Hydrology': 0, 'Silt': 2, 'Siltation': 0, 'Bund': 0, 'Trench': 0, 'Breach': 0, 'Culvert': 0, 'Sluice': 0, 'Dyke': 0, 'Storm water drain': 0, 'Emergency': 0, 'Immediate': 0, 'IM': 0, 'AE': 0, 'A E': 0, 'AAPDA MITRA': 0}","{'Floodlight': 0, 'Flood Light': 0, 'GAS': 0, 'FIFA': 0, 'pipe': 0, 'pipes': 0, 'covid': 0}",Post-Monsoon,,False,True,Others,
2025_UPIDC_1079911_26,02/E.E/2025-26,Silt Clearance of Amoghpur Mr. from km. 0.00 to 4.94 And Amroli Mr. from km.0.00 to 3.84 for Year 2025-26,Silt Clearance of Amoghpur Mr. from km. 0.00 to 4.94 And Amroli Mr. from km.0.00 to 3.84 for Year 2025-2,Works,Open Tender,Item Rate,Civil Works - Canal,No,No,NA ,25-Oct-2025 11:00 AM,NA ,90.0,No ,No,Online,31-Oct-2025 12:00 PM,"U P Irrigation Department (Civil)||Chief Engineer-Ram Ganga, Kanpur||II Circle Irrigation Works, Kanpur||ID, farrukhabad",FARRUKHABAD,209625.0,2.0,,M/S EKTA CONSTRUCTION,"203,695.38",Accepted-AOC,14-Nov-2025,"U P Irrigation Department (Civil)||Chief Engineer-Ram Ganga, Kanpur||II Circle Irrigation Works, Kanpur||ID, farrukhabad",True,"{'Flood': 0, 'Embankment': 0, 'embkt': 0, 'Relief': 0, 'Erosion': 0, 'SDRF': 0, 'Inundation': 0, 'Hydrology': 0, 'Silt': 2, 'Siltation': 0, 'Bund': 0, 'Trench': 0, 'Breach': 0, 'Culvert': 0, 'Sluice': 0, 'Dyke': 0, 'Storm water drain': 0, 'Emergency': 0, 'Immediate': 0, 'IM': 0, 'AE': 0, 'A E': 0, 'AAPDA MITRA': 0}","{'Floodlight': 0, 'Flood Light': 0, 'GAS': 0, 'FIFA': 0, 'pipe': 0, 'pipes': 0, 'covid': 0}",Post-Monsoon,,False,True,Repair and Restoration,{'mr': 4}
2025_UPIDC_1079911_32,02/E.E/2025-26,Silt clearance of jirau minor from km 0.000 to 3.220 jaisinghpur minor from km 0.00 to 3.790 and Ludhaiya minor from km 0.00 to 1.610 km for year 2025-26,Silt clearance of jirau minor from km 0.000 to 3.220 jaisinghpur minor from km 0.00 to 3.790 and Ludhaiya minor from km 0.00 to 1.610 km for year 2025-26,Works,Open Tender,Item Rate,Civil Works - Canal,No,No,NA ,01-Nov-2025 01:00 PM,NA ,90.0,No ,No,Online,07-Nov-2025 12:00 PM,"U P Irrigation Department (Civil)||Chief Engineer-Ram Ganga, Kanpur||II Circle Irrigation Works, Kanpur||ID, farrukhabad",FARRUKHABAD,209625.0,2.0,,M/S EKTA CONSTRUCTION,"144,038.07",Accepted-AOC,11-Nov-2025,"U P Irrigation Department (Civil)||Chief Engineer-Ram Ganga, Kanpur||II Circle Irrigation Works, Kanpur||ID, farrukhabad",True,"{'Flood': 0, 'Embankment': 0, 'embkt': 0, 'Relief': 0, 'Erosion': 0, 'SDRF': 0, 'Inundation': 0, 'Hydrology': 0, 'Silt': 2, 'Siltation': 0, 'Bund': 0, 'Trench': 0, 'Breach': 0, 'Culvert': 0, 'Sluice': 0, 'Dyke': 0, 'Storm water drain': 0, 'Emergency': 0, 'Immediate': 0, 'IM': 0, 'AE': 0, 'A E': 0, 'AAPDA MITRA': 0}","{'Floodlight': 0, 'Flood Light': 0, 'GAS': 0, 'FIFA': 0, 'pipe': 0, 'pipes': 0, 'covid': 0}",Post-Monsoon,,False,True,Others,
2025_UPIDC_1082718_2,1649/2025-26 Dt. 06-10-2025 T.N.No-02/EE/2025-26,Lot 11 Retender E/W in Silt Clearance and Scrapping in Aharaulla Dy. From Km.0.000 to km. 9.200,Lot 11 Retender E/W in Silt Clearance and Scrapping in Aharaulla Dy. From Km.0.000 to km. 9.200,Works,Open Tender,Item Rate,Civil Works - Canal,No,No,NA ,05-Nov-2025 10:00 AM,NA ,90.0,No ,No,Online,10-Nov-2025 01:00 PM,"U P Irrigation Department (Civil)||Chief Engineer-Sharda Sahayak, Lucknow||XI Circle Irrigation Works, Faizabad||IDT, akbarpur",Ambedkarnagar,224122.0,2.0,"12,25,000",Ms A S Construction,"538,030",Accepted-AOC,15-Nov-2025,"U P Irrigation Department (Civil)||Chief Engineer-Sharda Sahayak, Lucknow||XI Circle Irrigation Works, Faizabad||IDT, akbarpur",True,"{'Flood': 0, 'Embankment': 0, 'embkt': 0, 'Relief': 0, 'Erosion': 0, 'SDRF': 0, 'Inundation': 0, 'Hydrology': 0, 'Silt': 2, 'Siltation': 0, 'Bund': 0, 'Trench': 0, 'Breach': 0, 'Culvert': 0, 'Sluice': 0, 'Dyke': 0, 'Storm water drain': 0, 'Emergency': 0, 'Immediate': 0, 'IM': 0, 'AE': 0, 'A E': 0, 'AAPDA MITRA': 0}","{'Floodlight': 0, 'Flood Light': 0, 'GAS': 0, 'FIFA': 0, 'pipe': 0, 'pipes': 0, 'covid': 0}",Post-Monsoon,,False,True,Others,
2025_UPIDC_1078505_94,01/EE/2025-26,SILT CLEARANCE OFLAHURADEVA MR. BETWEEN KM. 0.000 TO KM. 2.240,SILT CLEARANCE OF LAHURADEVA MR. BETWEEN KM. 0.000 TO KM. 2.240,Works,Open Tender,Item Rate,Civil Works,No,No,NA ,22-Oct-2025 04:00 PM,NA ,90.0,No ,No,Online,28-Oct-2025 03:00 PM,"U P Irrigation Department (Civil)||Chief Engineer-Saryu Project-2, Gonda||Irrigation Construction Circle, Basti||SCD Khaliabad",sant kabir nagar,272175.0,2.0,"47,325",M/S AMIT KUMAR SINGH,"41,939.65",Accepted-AOC,01-Dec-2025,"U P Irrigation Department (Civil)||Chief Engineer-Saryu Project-2, Gonda||Irrigation Construction Circle, Basti||SCD Khaliabad",True,"{'Flood': 0, 'Embankment': 0, 'embkt': 0, 'Relief': 0, 'Erosion': 0, 'SDRF': 0, 'Inundation': 0, 'Hydrology': 0, 'Silt': 2, 'Siltation': 0, 'Bund': 0, 'Trench': 0, 'Breach': 0, 'Culvert': 0, 'Sluice': 0, 'Dyke': 0, 'Storm water drain': 0, 'Emergency': 0, 'Immediate': 0, 'IM': 0, 'AE': 0, 'A E': 0, 'AAPDA MITRA': 0}","{'Floodlight': 0, 'Flood Light': 0, 'GAS': 0, 'FIFA': 0, 'pipe': 0, 'pipes': 0, 'covid': 0}",Post-Monsoon,,False,True,Repair and Restoration,{'mr': 2}
2025_UPIDC_1079911_33,02/E.E/2025-26,Silt clearance of Rajpalpur minor from km 0.000 to 2.950 Jyuni minor from km 0.00 to 3.420 and Kanasi minor from km 0.00 to 3.820 km for year 2025-26,Silt clearance of Rajpalpur minor from km 0.000 to 2.950 Jyuni minor from km 0.00 to 3.420 and Kanasi minor from km 0.00 to 3.820 km for year 2025-26,Works,Open Tender,Item Rate,Civil Works - Canal,No,No,NA ,01-Nov-2025 01:00 PM,NA ,90.0,No ,No,Online,07-Nov-2025 12:00 PM,"U P Irrigation Department (Civil)||Chief Engineer-Ram Ganga, Kanpur||II Circle Irrigation Works, Kanpur||ID, farrukhabad",FARRUKHABAD,209625.0,2.0,,M/S EKTA CONSTRUCTION,"163,269.24",Accepted-AOC,15-Nov-2025,"U P Irrigation Department (Civil)||Chief Engineer-Ram Ganga, Kanpur||II Circle Irrigation Works, Kanpur||ID, farrukhabad",True,"{'Flood': 0, 'Embankment': 0, 'embkt': 0, 'Relief': 0, 'Erosion': 0, 'SDRF': 0, 'Inundation': 0, 'Hydrology': 0, 'Silt': 2, 'Siltation': 0, 'Bund': 0, 'Trench': 0, 'Breach': 0, 'Culvert': 0, 'Sluice': 0, 'Dyke': 0, 'Storm water drain': 0, 'Emergency': 0, 'Immediate': 0, 'IM': 0, 'AE': 0, 'A E': 0, 'AAPDA MITRA': 0}","{'Floodlight': 0, 'Flood Light': 0, 'GAS': 0, 'FIFA': 0, 'pipe': 0, 'pipes': 0, 'covid': 0}",Post-Monsoon,,False,True,Others,
2025_UPIDC_1079911_27,02/E.E/2025-26,Silt Clearance of Rudayan Minor from km. 0.000 to 6.230 and Vijaypur Minor from km. 0.000 to 3.32 for the Year 2025-26,Silt Clearance of Rudayan Minor from km. 0.000 to 6.230 and Vijaypur Minor from km. 0.000 to 3.32 for the Year 2025-26,Works,Open Tender,Item Rate,Civil Works - Canal,No,No,NA ,25-Oct-2025 11:00 AM,NA ,90.0,No ,No,Online,31-Oct-2025 12:00 PM,"U P Irrigation Department (Civil)||Chief Engineer-Ram Ganga, Kanpur||II Circle Irrigation Works, Kanpur||ID, farrukhabad",FARRUKHABAD,209625.0,2.0,,M/S EKTA CONSTRUCTION,"168,196.55",Accepted-AOC,14-Nov-2025,"U P Irrigation Department (Civil)||Chief Engineer-Ram Ganga, Kanpur||II Circle Irrigation Works, Kanpur||ID, farrukhabad",True,"{'Flood': 0, 'Embankment': 0, 'embkt': 0, 'Relief': 0, 'Erosion': 0, 'SDRF': 0, 'Inundation': 0, 'Hydrology': 0, 'Silt': 2, 'Siltation': 0, 'Bund': 0, 'Trench': 0, 'Breach': 0, 'Culvert': 0, 'Sluice': 0, 'Dyke': 0, 'Storm water drain': 0, 'Emergency': 0, 'Immediate': 0, 'IM': 0, 'AE': 0, 'A E': 0, 'AAPDA MITRA': 0}","{'Floodlight': 0, 'Flood Light': 0, 'GAS': 0, 'FIFA': 0, 'pipe': 0, 'pipes': 0, 'covid': 0}",Post-Monsoon,,False,True,Others,
2025_UPIDC_1086698_11,04/AE-IV/2025-26,Earth Work in Silt Clearance/Scraping of Anaura Mr. from Km. 0.000 to Km. 2.400 and Nevarahi Mr. from Km. 0.000 to Km. 2.300,Silt Clearance/Scraping,Works,Open Tender,Item Rate,Civil Works,No,No,NA ,30-Oct-2025 10:00 AM,NA ,90.0,No ,No,Online,07-Nov-2025 12:30 PM,"U P Irrigation Department (Civil)||Chief Engineer-Sharda Sahayak, Lucknow||XIV Circle Irrigation Works, Azamgarh||SSD-32, azamgarh",AZAMGARH,276001.0,2.0,"1,00,000",ANAND CONSTRUCTION,"63,552.2",Accepted-AOC,06-Dec-2025,"U P Irrigation Department (Civil)||Chief Engineer-Sharda Sahayak, Lucknow||XIV Circle Irrigation Works, Azamgarh||SSD-32, azamgarh",True,"{'Flood': 0, 'Embankment': 0, 'embkt': 0, 'Relief': 0, 'Erosion': 0, 'SDRF': 0, 'Inundation': 0, 'Hydrology': 0, 'Silt': 2, 'Siltation': 0, 'Bund': 0, 'Trench': 0, 'Breach': 0, 'Culvert': 0, 'Sluice': 0, 'Dyke': 0, 'Storm water drain': 0, 'Emergency': 0, 'Immediate': 0, 'IM': 0, 'AE': 1, 'A E': 0, 'AAPDA MITRA': 0}","{'Floodlight': 0, 'Flood Light': 0, 'GAS': 0, 'FIFA': 0, 'pipe': 0, 'pipes': 0, 'covid': 0}",Post-Monsoon,,True,True,Repair and Restoration,{'mr': 2}
2025_UPIDC_1083668_64,01/EE/2025-26,Silt Clearance/Scraping work of Gulriha Mr. (km 0.00 to 5.800),Silt Clearance/Scraping work of Gulriha Mr. (km 0.00 to 5.800),Works,Open Tender,Item Rate,Civil Works - Canal,No,No,NA ,07-Nov-2025 10:00 AM,NA ,90.0,No ,No,Online,14-Nov-2025 03:00 PM,"U P Irrigation Department (Civil)||Chief Engineer-Saryu Project-2, Gonda||Drainage Cirlce, Gonda||EE Chitaurgarh Dam Construction Division Balrampur",Tulsipur Balrampur,271210.0,2.0,"1,38,000",M/S ANAND KUMAR,"137,008.18",Accepted-AOC,06-Dec-2025,"U P Irrigation Department (Civil)||Chief Engineer-Saryu Project-2, Gonda||Drainage Cirlce, Gonda||EE Chitaurgarh Dam Construction Division Balrampur",True,"{'Flood': 0, 'Embankment': 0, 'embkt': 0, 'Relief': 0, 'Erosion': 0, 'SDRF': 0, 'Inundation': 0, 'Hydrology': 0, 'Silt': 2, 'Siltation': 0, 'Bund': 0, 'Trench': 0, 'Breach': 0, 'Culvert': 0, 'Sluice': 0, 'Dyke': 0, 'Storm water drain': 0, 'Emergency': 0, 'Immediate': 0, 'IM': 0, 'AE': 0, 'A E': 0, 'AAPDA MITRA': 0}","{'Floodlight': 0, 'Flood Light': 0, 'GAS': 0, 'FIFA': 0, 'pipe': 0, 'pipes': 0, 'covid': 0}",Post-Monsoon,,False,True,Repair and Restoration,{'mr': 2}
2025_UPIDC_1083668_58,01/EE/2025-26,Silt Clearance/Scraping work of Sonpur Mr. (km 0.00 to 5.200),Silt Clearance/Scraping work of Sonpur Mr. (km 0.00 to 5.200),Works,Open Tender,Item Rate,Civil Works - Canal,No,No,NA ,07-Nov-2025 10:00 AM,NA ,90.0,No ,No,Online,14-Nov-2025 03:00 PM,"U P Irrigation Department (Civil)||Chief Engineer-Saryu Project-2, Gonda||Drainage Cirlce, Gonda||EE Chitaurgarh Dam Construction Division Balrampur",Tulsipur Balrampur,271210.0,2.0,"1,31,000",AMRENDRA KUMAR TRIPATHI,"125,878.19",Accepted-AOC,05-Dec-2025,"U P Irrigation Department (Civil)||Chief Engineer-Saryu Project-2, Gonda||Drainage Cirlce, Gonda||EE Chitaurgarh Dam Construction Division Balrampur",True,"{'Flood': 0, 'Embankment': 0, 'embkt': 0, 'Relief': 0, 'Erosion': 0, 'SDRF': 0, 'Inundation': 0, 'Hydrology': 0, 'Silt': 2, 'Siltation': 0, 'Bund': 0, 'Trench': 0, 'Breach': 0, 'Culvert': 0, 'Sluice': 0, 'Dyke': 0, 'Storm water drain': 0, 'Emergency': 0, 'Immediate': 0, 'IM': 0, 'AE': 0, 'A E': 0, 'AAPDA MITRA': 0}","{'Floodlight': 0, 'Flood Light': 0, 'GAS': 0, 'FIFA': 0, 'pipe': 0, 'pipes': 0, 'covid': 0}",Post-Monsoon,,False,True,Repair and Restoration,{'mr': 2}
2025_UPIDC_1083178_12,05/AE-1/2025-26,Earth work in silt clearance/Scarping of Gorari Mr. form km 0.000 km 4.270,Earth work in silt clearance/Scarping of Gorari Mr. form km 0.000 km 4.270,Works,Open Tender,Item Rate,Civil Works - Canal,No,No,NA ,06-Nov-2025 10:00 AM,NA ,90.0,No ,No,Online,12-Nov-2025 03:00 PM,"U P Irrigation Department (Civil)||Chief Engineer-Saryu Project-2, Gonda||Drainage Cirlce, Gonda||SCD-1 Balrampur",Shrawasti,271805.0,2.0,"1,06,000",M/S DHARMENDRA KUMAR THEKEDAR,"106,474.72",Accepted-AOC,22-Dec-2025,"U P Irrigation Department (Civil)||Chief Engineer-Saryu Project-2, Gonda||Drainage Cirlce, Gonda||SCD-1 Balrampur",True,"{'Flood': 0, 'Embankment': 0, 'embkt': 0, 'Relief': 0, 'Erosion': 0, 'SDRF': 0, 'Inundation': 0, 'Hydrology': 0, 'Silt': 2, 'Siltation': 0, 'Bund': 0, 'Trench': 0, 'Breach': 0, 'Culvert': 0, 'Sluice': 0, 'Dyke': 0, 'Storm water drain': 0, 'Emergency': 0, 'Immediate': 0, 'IM': 0, 'AE': 1, 'A E': 0, 'AAPDA MITRA': 0}","{'Floodlight': 0, 'Flood Light': 0, 'GAS': 0, 'FIFA': 0, 'pipe': 0, 'pipes': 0, 'covid': 0}",Post-Monsoon,,True,True,Repair and Restoration,{'mr': 2}
2025_UPIDC_1087895_11,03/E.E/2025-26,Estimate for Silt clearance of Rangauli Dy from km 0.000 to7.200,Estimate for Silt clearance of Rangauli Dy from km 0.000 to7.200,Works,Open Tender,Item Wise,Civil Works - Canal,No,No,NA ,03-Nov-2025 09:00 AM,NA ,15.0,No ,No,Online,11-Nov-2025 11:00 AM,"U P Irrigation Department (Civil)||Chief Engineer-Sharda Sahayak, Lucknow||XVI Circle Irrigation Works, Pratapgargh||ID, pratapgarh",pratapgarh,230001.0,2.0,"2,73,000",ANURUDDHA KUMAR MISHRA,"197,087",Accepted-AOC,18-Nov-2025,"U P Irrigation Department (Civil)||Chief Engineer-Sharda Sahayak, Lucknow||XVI Circle Irrigation Works, Pratapgargh||ID, pratapgarh",True,"{'Flood': 0, 'Embankment': 0, 'embkt': 0, 'Relief': 0, 'Erosion': 0, 'SDRF': 0, 'Inundation': 0, 'Hydrology': 0, 'Silt': 2, 'Siltation': 0, 'Bund': 0, 'Trench': 0, 'Breach': 0, 'Culvert': 0, 'Sluice': 0, 'Dyke': 0, 'Storm water drain': 0, 'Emergency': 0, 'Immediate': 0, 'IM': 0, 'AE': 0, 'A E': 0, 'AAPDA MITRA': 0}","{'Floodlight': 0, 'Flood Light': 0, 'GAS': 0, 'FIFA': 0, 'pipe': 0, 'pipes': 0, 'covid': 0}",Post-Monsoon,,False,True,Others,
2025_UPIDC_1084460_21,01/EE/2025-26,Earth work in silt clearance/Scarping of Gaur Dy form km 0.000 km 6.800,Earth work in silt clearance/Scarping of Gaur Dy form km 0.000 km 6.800,Works,Open Tender,Item Rate,Civil Works - Canal,No,No,NA ,06-Nov-2025 10:00 AM,NA ,90.0,No ,No,Online,12-Nov-2025 03:00 PM,"U P Irrigation Department (Civil)||Chief Engineer-Saryu Project-2, Gonda||Drainage Cirlce, Gonda||SCD-1 Balrampur",Balrampur,271201.0,2.0,"3,24,000",M/S ANAND KUMAR,"323,660.88",Accepted-AOC,02-Dec-2025,"U P Irrigation Department (Civil)||Chief Engineer-Saryu Project-2, Gonda||Drainage Cirlce, Gonda||SCD-1 Balrampur",True,"{'Flood': 0, 'Embankment': 0, 'embkt': 0, 'Relief': 0, 'Erosion': 0, 'SDRF': 0, 'Inundation': 0, 'Hydrology': 0, 'Silt': 2, 'Siltation': 0, 'Bund': 0, 'Trench': 0, 'Breach': 0, 'Culvert': 0, 'Sluice': 0, 'Dyke': 0, 'Storm water drain': 0, 'Emergency': 0, 'Immediate': 0, 'IM': 0, 'AE': 0, 'A E': 0, 'AAPDA MITRA': 0}","{'Floodlight': 0, 'Flood Light': 0, 'GAS': 0, 'FIFA': 0, 'pipe': 0, 'pipes': 0, 'covid': 0}",Post-Monsoon,,False,True,Others,
2025_UPIDC_1079911_25,02/E.E/2025-26,Silt Clearance of Hotepur Minor from km 0.000 to 4.830 and Katiya Minor from km. 0.000 to 6.130 for Year 2025-26,Silt Clearance of Hotepur Minor from km 0.000 to 4.830 and Katiya Minor from km. 0.000 to 6.130 for Year 2025-2,Works,Open Tender,Item Rate,Civil Works - Canal,No,No,NA ,25-Oct-2025 11:00 AM,NA ,90.0,No ,No,Online,31-Oct-2025 12:00 PM,"U P Irrigation Department (Civil)||Chief Engineer-Ram Ganga, Kanpur||II Circle Irrigation Works, Kanpur||ID, farrukhabad",FARRUKHABAD,209625.0,2.0,,M/S EKTA CONSTRUCTION,"207,062.63",Accepted-AOC,14-Nov-2025,"U P Irrigation Department (Civil)||Chief Engineer-Ram Ganga, Kanpur||II Circle Irrigation Works, Kanpur||ID, farrukhabad",True,"{'Flood': 0, 'Embankment': 0, 'embkt': 0, 'Relief': 0, 'Erosion': 0, 'SDRF': 0, 'Inundation': 0, 'Hydrology': 0, 'Silt': 2, 'Siltation': 0, 'Bund': 0, 'Trench': 0, 'Breach': 0, 'Culvert': 0, 'Sluice': 0, 'Dyke': 0, 'Storm water drain': 0, 'Emergency': 0, 'Immediate': 0, 'IM': 0, 'AE': 0, 'A E': 0, 'AAPDA MITRA': 0}","{'Floodlight': 0, 'Flood Light': 0, 'GAS': 0, 'FIFA': 0, 'pipe': 0, 'pipes': 0, 'covid': 0}",Post-Monsoon,,False,True,Others,
2025_UPIDC_1082147_55,03/EE/2025-26,SILT CLEARENCE FROM KM. 0.000 TO 4.650 OF DAMODARJOT MR. AND KM. 0.000 TO 5.200 OF RAMGAON MR. AND KM. 0.000 TO 2.400 OF BALDIPURVA MR.,SILT CLEARENCE FROM KM. 0.000 TO 4.650 OF DAMODARJOT MR. AND KM. 0.000 TO 5.200 OF RAMGAON MR. AND KM. 0.000 TO 2.400 OF BALDIPURVA MR.,Works,Open Tender,Item Rate,Civil Works - Canal,No,No,NA ,21-Oct-2025 09:00 AM,NA ,90.0,No ,No,Online,29-Oct-2025 03:00 PM,"U P Irrigation Department (Civil)||Chief Engineer-Saryu Project-1, Faizabad||Irrigation Construction Circle, Bahraich||SCD-1, bahraich",Bahraich,271801.0,2.0,"2,71,000",M/S G N CONSTRUCTION,"209,192.1",Accepted-AOC,26-Nov-2025,"U P Irrigation Department (Civil)||Chief Engineer-Saryu Project-1, Faizabad||Irrigation Construction Circle, Bahraich||SCD-1, bahraich",True,"{'Flood': 0, 'Embankment': 0, 'embkt': 0, 'Relief': 0, 'Erosion': 0, 'SDRF': 0, 'Inundation': 0, 'Hydrology': 0, 'Silt': 2, 'Siltation': 0, 'Bund': 0, 'Trench': 0, 'Breach': 0, 'Culvert': 0, 'Sluice': 0, 'Dyke': 0, 'Storm water drain': 0, 'Emergency': 0, 'Immediate': 0, 'IM': 0, 'AE': 0, 'A E': 0, 'AAPDA MITRA': 0}","{'Floodlight': 0, 'Flood Light': 0, 'GAS': 0, 'FIFA': 0, 'pipe': 0, 'pipes': 0, 'covid': 0}",Post-Monsoon,,False,True,Repair and Restoration,{'mr': 6}
2025_UPIDC_1082915_7,03/EE/2025-2026,Re Tender Lot No 01 Estimate for silt clearance of Pausra dy. From Km 13.700 to 17.000 AND Scraping work from Km 17.000 to Km 32.000,Silt clearance of Pausra dy. From Km 13.700 to 17.000 and Scraping work from Km 17.000 to Km 32.000,Works,Open Tender,Item Wise,Civil Works,No,No,NA ,12-Nov-2025 04:10 PM,NA ,90.0,No ,No,Online,18-Nov-2025 12:15 PM,"U P Irrigation Department (Civil)||Chief Engineer-Sharda Sahayak, Lucknow||XI Circle Irrigation Works, Faizabad||ID, faizabad",AYODHYA,224001.0,2.0,,M/S- S. CONSTRUCTION,"609,328",Accepted-AOC,06-Dec-2025,"U P Irrigation Department (Civil)||Chief Engineer-Sharda Sahayak, Lucknow||XI Circle Irrigation Works, Faizabad||ID, faizabad",True,"{'Flood': 0, 'Embankment': 0, 'embkt': 0, 'Relief': 0, 'Erosion': 0, 'SDRF': 0, 'Inundation': 0, 'Hydrology': 0, 'Silt': 2, 'Siltation': 0, 'Bund': 0, 'Trench': 0, 'Breach': 0, 'Culvert': 0, 'Sluice': 0, 'Dyke': 0, 'Storm water drain': 0, 'Emergency': 0, 'Immediate': 0, 'IM': 0, 'AE': 0, 'A E': 0, 'AAPDA MITRA': 0}","{'Floodlight': 0, 'Flood Light': 0, 'GAS': 0, 'FIFA': 0, 'pipe': 0, 'pipes': 0, 'covid': 0}",Post-Monsoon,,False,True,Others,
2025_UPIDC_1086402_23,04/AE-III/2025-26,Earth Work in Silt Clearance/Scraping of Ladanpur Mr. from Km. 0.000 to Km. 1.000 and Km. 1.000 to Km. 3.200,Silt Clearance/Scraping,Works,Open Tender,Item Rate,Civil Works,No,No,NA ,29-Oct-2025 10:00 AM,NA ,90.0,No ,No,Online,06-Nov-2025 12:30 PM,"U P Irrigation Department (Civil)||Chief Engineer-Sharda Sahayak, Lucknow||XIV Circle Irrigation Works, Azamgarh||SSD-32, azamgarh",AZAMGARH,276001.0,2.0,"58,000",arvind kumar yadav,"61,183",Accepted-AOC,12-Dec-2025,"U P Irrigation Department (Civil)||Chief Engineer-Sharda Sahayak, Lucknow||XIV Circle Irrigation Works, Azamgarh||SSD-32, azamgarh",True,"{'Flood': 0, 'Embankment': 0, 'embkt': 0, 'Relief': 0, 'Erosion': 0, 'SDRF': 0, 'Inundation': 0, 'Hydrology': 0, 'Silt': 2, 'Siltation': 0, 'Bund': 0, 'Trench': 0, 'Breach': 0, 'Culvert': 0, 'Sluice': 0, 'Dyke': 0, 'Storm water drain': 0, 'Emergency': 0, 'Immediate': 0, 'IM': 0, 'AE': 1, 'A E': 0, 'AAPDA MITRA': 0}","{'Floodlight': 0, 'Flood Light': 0, 'GAS': 0, 'FIFA': 0, 'pipe': 0, 'pipes': 0, 'covid': 0}",Post-Monsoon,,True,True,Repair and Restoration,{'mr': 1}
2025_UPIDC_1086698_12,04/AE-IV/2025-26,Earth Work in Silt Clearance/Scraping of Unaji Mr. from Km. 0.000 to Km. 3.900 and Unchaganw Mr. from Km. 0.000 to Km. 0.900,Silt Clearance/Scraping,Works,Open Tender,Item Rate,Civil Works,No,No,NA ,30-Oct-2025 10:00 AM,NA ,90.0,No ,No,Online,07-Nov-2025 12:30 PM,"U P Irrigation Department (Civil)||Chief Engineer-Sharda Sahayak, Lucknow||XIV Circle Irrigation Works, Azamgarh||SSD-32, azamgarh",AZAMGARH,276001.0,2.0,"1,00,000",ANAND CONSTRUCTION,"55,130",Accepted-AOC,06-Dec-2025,"U P Irrigation Department (Civil)||Chief Engineer-Sharda Sahayak, Lucknow||XIV Circle Irrigation Works, Azamgarh||SSD-32, azamgarh",True,"{'Flood': 0, 'Embankment': 0, 'embkt': 0, 'Relief': 0, 'Erosion': 0, 'SDRF': 0, 'Inundation': 0, 'Hydrology': 0, 'Silt': 2, 'Siltation': 0, 'Bund': 0, 'Trench': 0, 'Breach': 0, 'Culvert': 0, 'Sluice': 0, 'Dyke': 0, 'Storm water drain': 0, 'Emergency': 0, 'Immediate': 0, 'IM': 0, 'AE': 1, 'A E': 0, 'AAPDA MITRA': 0}","{'Floodlight': 0, 'Flood Light': 0, 'GAS': 0, 'FIFA': 0, 'pipe': 0, 'pipes': 0, 'covid': 0}",Post-Monsoon,,True,True,Repair and Restoration,{'mr': 2}
2025_UPIDC_1079112_25,01/S.S.K-51/2025-26,"SILT CLEARANCE/SCRAPING OF KHANAPUR MINOR FROM KM 0.000 TO KM 1.800, SONARI MINOR FROM KM 0.000 TO 2.451 and CHIRA MINOR FROM KM 0.000 TO 6.531","SILT CLEARANCE/SCRAPING OF KHANAPUR MINOR FROM KM 0.000 TO KM 1.800, SONARI MINOR FROM KM 0.000 TO 2.451 and CHIRA MINOR FROM KM 0.000 TO 6.531",Works,Open Tender,Item Rate,Civil Works,No,No,NA ,30-Oct-2025 03:00 PM,NA ,90.0,No ,No,Online,06-Nov-2025 03:00 PM,"U P Irrigation Department (Civil)||Chief Engineer-Sharda Sahayak, Lucknow||XVI Circle Irrigation Works, Pratapgargh||Sharda Sahayak Division 51 Pratapgarh",Pratapgarh,230001.0,2.0,"2,99,000",M/S AMAR NATH VERMA CONTRACTOR,"224,692.59",Accepted-AOC,21-Nov-2025,"U P Irrigation Department (Civil)||Chief Engineer-Sharda Sahayak, Lucknow||XVI Circle Irrigation Works, Pratapgargh||Sharda Sahayak Division 51 Pratapgarh",True,"{'Flood': 0, 'Embankment': 0, 'embkt': 0, 'Relief': 0, 'Erosion': 0, 'SDRF': 0, 'Inundation': 0, 'Hydrology': 0, 'Silt': 2, 'Siltation': 0, 'Bund': 0, 'Trench': 0, 'Breach': 0, 'Culvert': 0, 'Sluice': 0, 'Dyke': 0, 'Storm water drain': 0, 'Emergency': 0, 'Immediate': 0, 'IM': 0, 'AE': 0, 'A E': 0, 'AAPDA MITRA': 0}","{'Floodlight': 0, 'Flood Light': 0, 'GAS': 0, 'FIFA': 0, 'pipe': 0, 'pipes': 0, 'covid': 0}",Post-Monsoon,,False,True,Others,
2025_UPIDC_1081481_10,01/EE/2025-26,Silt Clearance/Scraping between Km. 8.000 to Km. 20.000 of Utraula Dy.,Silt Clearance/Scraping between Km. 8.000 to Km. 20.000 of Utraula Dy.,Works,Open Tender,Item Rate,Civil Works - Canal,No,No,NA ,11-Oct-2025 04:00 PM,NA ,90.0,No ,No,Online,24-Oct-2025 03:00 PM,"U P Irrigation Department (Civil)||Chief Engineer-Saryu Project-2, Gonda||Drainage Cirlce, Gonda||SCD-4 Balrampur",Balrampur,271201.0,2.0,"5,73,000",M/S ANAND KUMAR,"369,569.53",Accepted-AOC,22-Nov-2025,"U P Irrigation Department (Civil)||Chief Engineer-Saryu Project-2, Gonda||Drainage Cirlce, Gonda||SCD-4 Balrampur",True,"{'Flood': 0, 'Embankment': 0, 'embkt': 0, 'Relief': 0, 'Erosion': 0, 'SDRF': 0, 'Inundation': 0, 'Hydrology': 0, 'Silt': 2, 'Siltation': 0, 'Bund': 0, 'Trench': 0, 'Breach': 0, 'Culvert': 0, 'Sluice': 0, 'Dyke': 0, 'Storm water drain': 0, 'Emergency': 0, 'Immediate': 0, 'IM': 0, 'AE': 0, 'A E': 0, 'AAPDA MITRA': 0}","{'Floodlight': 0, 'Flood Light': 0, 'GAS': 0, 'FIFA': 0, 'pipe': 0, 'pipes': 0, 'covid': 0}",Monsoon,,False,True,Others,
2025_UPIDC_1081481_14,01/EE/2025-26,Silt Clearance/Scraping of Bhagautapur Mr. between Km. 0.000 to Km. 8.900,Silt Clearance/Scraping of Bhagautapur Mr. between Km. 0.000 to Km. 8.900,Works,Open Tender,Item Rate,Civil Works - Canal,No,No,NA ,27-Oct-2025 09:00 AM,NA ,90.0,No ,No,Online,03-Nov-2025 03:00 PM,"U P Irrigation Department (Civil)||Chief Engineer-Saryu Project-2, Gonda||Drainage Cirlce, Gonda||SCD-4 Balrampur",Balrampur,271201.0,2.0,"2,38,000",DEV CONTRACTOR,"171,447.24",Accepted-AOC,22-Nov-2025,"U P Irrigation Department (Civil)||Chief Engineer-Saryu Project-2, Gonda||Drainage Cirlce, Gonda||SCD-4 Balrampur",True,"{'Flood': 0, 'Embankment': 0, 'embkt': 0, 'Relief': 0, 'Erosion': 0, 'SDRF': 0, 'Inundation': 0, 'Hydrology': 0, 'Silt': 2, 'Siltation': 0, 'Bund': 0, 'Trench': 0, 'Breach': 0, 'Culvert': 0, 'Sluice': 0, 'Dyke': 0, 'Storm water drain': 0, 'Emergency': 0, 'Immediate': 0, 'IM': 0, 'AE': 0, 'A E': 0, 'AAPDA MITRA': 0}","{'Floodlight': 0, 'Flood Light': 0, 'GAS': 0, 'FIFA': 0, 'pipe': 0, 'pipes': 0, 'covid': 0}",Post-Monsoon,,False,True,Repair and Restoration,{'mr': 2}
2025_UPIDC_1083178_9,05/AE-1/2025-26,Earth work in silt clearance/Scarping of Ekgharwa Mr. form km 0.000 km 6.410,Earth work in silt clearance/Scarping of Ekgharwa Mr. form km 0.000 km 6.410,Works,Open Tender,Item Rate,Civil Works - Canal,No,No,NA ,06-Nov-2025 10:00 AM,NA ,90.0,No ,No,Online,12-Nov-2025 03:00 PM,"U P Irrigation Department (Civil)||Chief Engineer-Saryu Project-2, Gonda||Drainage Cirlce, Gonda||SCD-1 Balrampur",Shrawasti,271805.0,2.0,"1,65,000",Amar Singh,"163,618",Accepted-AOC,31-Dec-2025,"U P Irrigation Department (Civil)||Chief Engineer-Saryu Project-2, Gonda||Drainage Cirlce, Gonda||SCD-1 Balrampur",True,"{'Flood': 0, 'Embankment': 0, 'embkt': 0, 'Relief': 0, 'Erosion': 0, 'SDRF': 0, 'Inundation': 0, 'Hydrology': 0, 'Silt': 2, 'Siltation': 0, 'Bund': 0, 'Trench': 0, 'Breach': 0, 'Culvert': 0, 'Sluice': 0, 'Dyke': 0, 'Storm water drain': 0, 'Emergency': 0, 'Immediate': 0, 'IM': 0, 'AE': 1, 'A E': 0, 'AAPDA MITRA': 0}","{'Floodlight': 0, 'Flood Light': 0, 'GAS': 0, 'FIFA': 0, 'pipe': 0, 'pipes': 0, 'covid': 0}",Post-Monsoon,,True,True,Repair and Restoration,{'mr': 2}
2025_UPIDC_1082729_8,01/E.E/2025-26,silt clearance of Nera minor from k.m 0.000 to km 9.000,silt clearance of Nera minor from k.m 0.000 to km 9.000,Works,Open Tender,Item Rate,Civil Works - Canal,No,No,NA ,15-Oct-2025 10:00 AM,NA ,90.0,No ,No,Online,24-Oct-2025 10:00 AM,"U P Irrigation Department (Civil)||Chief Engineer-Ram Ganga, Kanpur||II Circle Irrigation Works, Kanpur||MDLGC, mainpuri",mainpuri,205001.0,2.0,"2,38,000",KUSUM YADAV,"148,199.78",Accepted-AOC,26-Dec-2025,"U P Irrigation Department (Civil)||Chief Engineer-Ram Ganga, Kanpur||II Circle Irrigation Works, Kanpur||MDLGC, mainpuri",True,"{'Flood': 0, 'Embankment': 0, 'embkt': 0, 'Relief': 0, 'Erosion': 0, 'SDRF': 0, 'Inundation': 0, 'Hydrology': 0, 'Silt': 2, 'Siltation': 0, 'Bund': 0, 'Trench': 0, 'Breach': 0, 'Culvert': 0, 'Sluice': 0, 'Dyke': 0, 'Storm water drain': 0, 'Emergency': 0, 'Immediate': 0, 'IM': 0, 'AE': 0, 'A E': 0, 'AAPDA MITRA': 0}","{'Floodlight': 0, 'Flood Light': 0, 'GAS': 0, 'FIFA': 0, 'pipe': 0, 'pipes': 0, 'covid': 0}",Post-Monsoon,,False,True,Others,
2025_UPIDC_1088427_92,01/AE/2025-26,Lot-31,Silt clearance and Scraping,Works,Open Tender,Item Rate,Civil Works,No,No,NA ,17-Nov-2025 11:00 AM,NA ,90.0,No ,No,Online,22-Nov-2025 11:00 AM,"U P Irrigation Department (Civil)||Chief Engineer-Sharda Sahayak, Lucknow||XIV Circle Irrigation Works, Azamgarh||SSD-23, azamgarh",Azamgarh,276001.0,2.0,,BITTU CONSTRUCTION,"120,114.9",Accepted-AOC,28-Dec-2025,"U P Irrigation Department (Civil)||Chief Engineer-Sharda Sahayak, Lucknow||XIV Circle Irrigation Works, Azamgarh||SSD-23, azamgarh",True,"{'Flood': 0, 'Embankment': 0, 'embkt': 0, 'Relief': 0, 'Erosion': 0, 'SDRF': 0, 'Inundation': 0, 'Hydrology': 0, 'Silt': 1, 'Siltation': 0, 'Bund': 0, 'Trench': 0, 'Breach': 0, 'Culvert': 0, 'Sluice': 0, 'Dyke': 0, 'Storm water drain': 0, 'Emergency': 0, 'Immediate': 0, 'IM': 0, 'AE': 1, 'A E': 0, 'AAPDA MITRA': 0}","{'Floodlight': 0, 'Flood Light': 0, 'GAS': 0, 'FIFA': 0, 'pipe': 0, 'pipes': 0, 'covid': 0}",Post-Monsoon,,True,True,Others,
2025_UPIDC_1088427_86,01/AE/2025-26,Lot-24,Silt clearance and Scraping,Works,Open Tender,Item Rate,Civil Works,No,No,NA ,17-Nov-2025 11:00 AM,NA ,90.0,No ,No,Online,22-Nov-2025 11:00 AM,"U P Irrigation Department (Civil)||Chief Engineer-Sharda Sahayak, Lucknow||XIV Circle Irrigation Works, Azamgarh||SSD-23, azamgarh",Azamgarh,276001.0,2.0,,KHUDDI RAM,"141,800",Accepted-AOC,29-Dec-2025,"U P Irrigation Department (Civil)||Chief Engineer-Sharda Sahayak, Lucknow||XIV Circle Irrigation Works, Azamgarh||SSD-23, azamgarh",True,"{'Flood': 0, 'Embankment': 0, 'embkt': 0, 'Relief': 0, 'Erosion': 0, 'SDRF': 0, 'Inundation': 0, 'Hydrology': 0, 'Silt': 1, 'Siltation': 0, 'Bund': 0, 'Trench': 0, 'Breach': 0, 'Culvert': 0, 'Sluice': 0, 'Dyke': 0, 'Storm water drain': 0, 'Emergency': 0, 'Immediate': 0, 'IM': 0, 'AE': 1, 'A E': 0, 'AAPDA MITRA': 0}","{'Floodlight': 0, 'Flood Light': 0, 'GAS': 0, 'FIFA': 0, 'pipe': 0, 'pipes': 0, 'covid': 0}",Post-Monsoon,,True,True,Others,
2025_UPIDC_1079911_34,02/E.E/2025-26,"Silt Clearance of Harsinghpur Minor from km. 0.00 to 3.220 Bighauna Minor from km 0.00 to 3.720 and Bairampur Minor from km 0.00 to 4.530, for the Year 2025-26","Silt Clearance of Harsinghpur Minor from km. 0.00 to 3.220 Bighauna Minor from km 0.00 to 3.720 and Bairampur Minor from km 0.00 to 4.530, for the Year 2025-2",Works,Open Tender,Item Rate,Civil Works - Canal,No,No,NA ,01-Nov-2025 01:00 PM,NA ,90.0,No ,No,Online,07-Nov-2025 12:00 PM,"U P Irrigation Department (Civil)||Chief Engineer-Ram Ganga, Kanpur||II Circle Irrigation Works, Kanpur||ID, farrukhabad",FARRUKHABAD,209625.0,2.0,,MS RAVENDRA SINGH CONTRACTOR,"245,465.7",Accepted-AOC,15-Nov-2025,"U P Irrigation Department (Civil)||Chief Engineer-Ram Ganga, Kanpur||II Circle Irrigation Works, Kanpur||ID, farrukhabad",True,"{'Flood': 0, 'Embankment': 0, 'embkt': 0, 'Relief': 0, 'Erosion': 0, 'SDRF': 0, 'Inundation': 0, 'Hydrology': 0, 'Silt': 2, 'Siltation': 0, 'Bund': 0, 'Trench': 0, 'Breach': 0, 'Culvert': 0, 'Sluice': 0, 'Dyke': 0, 'Storm water drain': 0, 'Emergency': 0, 'Immediate': 0, 'IM': 0, 'AE': 0, 'A E': 0, 'AAPDA MITRA': 0}","{'Floodlight': 0, 'Flood Light': 0, 'GAS': 0, 'FIFA': 0, 'pipe': 0, 'pipes': 0, 'covid': 0}",Post-Monsoon,,False,True,Others,
2025_UPIDC_1082147_45,03/EE/2025-26,SILT CLEARANCE AND SCRAPPING IN UNCHGAON MINOR FROM 0.000 KM. TO 7.500 KM. AND MEDNI MINOR FROM KMS.0.000 TO KMS. 2.558,SILT CLEARANCE AND SCRAPPING IN UNCHGAON MINOR FROM 0.000 KM. TO 7.500 KM. AND MEDNI MINOR FROM KMS.0.000 TO KMS. 2.558,Works,Open Tender,Item Rate,Civil Works - Canal,No,No,NA ,13-Oct-2025 09:00 AM,NA ,90.0,No ,No,Online,18-Oct-2025 04:30 PM,"U P Irrigation Department (Civil)||Chief Engineer-Saryu Project-1, Faizabad||Irrigation Construction Circle, Bahraich||SCD-1, bahraich",Bahraich,271801.0,2.0,"2,37,000",ANSHI VIDHI CONSTRUCTIONS,"232,086.92",Accepted-AOC,14-Nov-2025,"U P Irrigation Department (Civil)||Chief Engineer-Saryu Project-1, Faizabad||Irrigation Construction Circle, Bahraich||SCD-1, bahraich",True,"{'Flood': 0, 'Embankment': 0, 'embkt': 0, 'Relief': 0, 'Erosion': 0, 'SDRF': 0, 'Inundation': 0, 'Hydrology': 0, 'Silt': 2, 'Siltation': 0, 'Bund': 0, 'Trench': 0, 'Breach': 0, 'Culvert': 0, 'Sluice': 0, 'Dyke': 0, 'Storm water drain': 0, 'Emergency': 0, 'Immediate': 0, 'IM': 0, 'AE': 0, 'A E': 0, 'AAPDA MITRA': 0}","{'Floodlight': 0, 'Flood Light': 0, 'GAS': 0, 'FIFA': 0, 'pipe': 0, 'pipes': 0, 'covid': 0}",Monsoon,,False,True,Others,
2025_UPIDC_1086402_26,04/AE-III/2025-26,Earth Work in Silt Clearance/Scraping of Katwans Mr. from Km. 0.000 to Km. 1.000 and Km. 1.000 to Km. 3.000,Silt Clearance/Scraping,Works,Open Tender,Item Rate,Civil Works,No,No,NA ,29-Oct-2025 10:00 AM,NA ,90.0,No ,No,Online,06-Nov-2025 12:30 PM,"U P Irrigation Department (Civil)||Chief Engineer-Sharda Sahayak, Lucknow||XIV Circle Irrigation Works, Azamgarh||SSD-32, azamgarh",AZAMGARH,276001.0,2.0,"46,000",arvind kumar yadav,"52,686",Accepted-AOC,12-Dec-2025,"U P Irrigation Department (Civil)||Chief Engineer-Sharda Sahayak, Lucknow||XIV Circle Irrigation Works, Azamgarh||SSD-32, azamgarh",True,"{'Flood': 0, 'Embankment': 0, 'embkt': 0, 'Relief': 0, 'Erosion': 0, 'SDRF': 0, 'Inundation': 0, 'Hydrology': 0, 'Silt': 2, 'Siltation': 0, 'Bund': 0, 'Trench': 0, 'Breach': 0, 'Culvert': 0, 'Sluice': 0, 'Dyke': 0, 'Storm water drain': 0, 'Emergency': 0, 'Immediate': 0, 'IM': 0, 'AE': 1, 'A E': 0, 'AAPDA MITRA': 0}","{'Floodlight': 0, 'Flood Light': 0, 'GAS': 0, 'FIFA': 0, 'pipe': 0, 'pipes': 0, 'covid': 0}",Post-Monsoon,,True,True,Repair and Restoration,{'mr': 1}
2025_UPIDC_1084460_31,01/EE/2025-26,Earth work in silt clearance and scraping of Akbarpur dy. from km. 0.000 to km. 3.000 and 7.000 12.600,Earth work in silt clearance and scraping of Akbarpur dy. from km. 0.000 to km. 3.000 and 7.000 12.600,Works,Open Tender,Item Rate,Civil Works - Canal,No,No,NA ,06-Nov-2025 10:00 AM,NA ,90.0,No ,No,Online,12-Nov-2025 03:00 PM,"U P Irrigation Department (Civil)||Chief Engineer-Saryu Project-2, Gonda||Drainage Cirlce, Gonda||SCD-1 Balrampur",Shrawasti,271805.0,2.0,"4,13,000",BANKE BIHARI CONTRACTOR & GENERAL ORDER SUPPLIERS,"411,558.42",Accepted-AOC,02-Dec-2025,"U P Irrigation Department (Civil)||Chief Engineer-Saryu Project-2, Gonda||Drainage Cirlce, Gonda||SCD-1 Balrampur",True,"{'Flood': 0, 'Embankment': 0, 'embkt': 0, 'Relief': 0, 'Erosion': 0, 'SDRF': 0, 'Inundation': 0, 'Hydrology': 0, 'Silt': 2, 'Siltation': 0, 'Bund': 0, 'Trench': 0, 'Breach': 0, 'Culvert': 0, 'Sluice': 0, 'Dyke': 0, 'Storm water drain': 0, 'Emergency': 0, 'Immediate': 0, 'IM': 0, 'AE': 0, 'A E': 0, 'AAPDA MITRA': 0}","{'Floodlight': 0, 'Flood Light': 0, 'GAS': 0, 'FIFA': 0, 'pipe': 0, 'pipes': 0, 'covid': 0}",Post-Monsoon,,False,True,Others,
2025_UPIDC_1086698_17,04/AE-IV/2025-26,Earth Work in Silt Clearance/Scraping of Nayanpur Mr. from Km. 0.000 to Km. 5.600,Silt Clearance/Scraping,Works,Open Tender,Item Rate,Civil Works,No,No,NA ,30-Oct-2025 10:00 AM,NA ,90.0,No ,No,Online,07-Nov-2025 12:30 PM,"U P Irrigation Department (Civil)||Chief Engineer-Sharda Sahayak, Lucknow||XIV Circle Irrigation Works, Azamgarh||SSD-32, azamgarh",AZAMGARH,276001.0,2.0,"1,60,000",M/S BABU LAL YADAV THIKEDAR,"104,149.16",Accepted-AOC,06-Dec-2025,"U P Irrigation Department (Civil)||Chief Engineer-Sharda Sahayak, Lucknow||XIV Circle Irrigation Works, Azamgarh||SSD-32, azamgarh",True,"{'Flood': 0, 'Embankment': 0, 'embkt': 0, 'Relief': 0, 'Erosion': 0, 'SDRF': 0, 'Inundation': 0, 'Hydrology': 0, 'Silt': 2, 'Siltation': 0, 'Bund': 0, 'Trench': 0, 'Breach': 0, 'Culvert': 0, 'Sluice': 0, 'Dyke': 0, 'Storm water drain': 0, 'Emergency': 0, 'Immediate': 0, 'IM': 0, 'AE': 1, 'A E': 0, 'AAPDA MITRA': 0}","{'Floodlight': 0, 'Flood Light': 0, 'GAS': 0, 'FIFA': 0, 'pipe': 0, 'pipes': 0, 'covid': 0}",Post-Monsoon,,True,True,Repair and Restoration,{'mr': 1}
2025_UPIDC_1079237_8,03/EEAID/2025-26,LOT 08 SILT CLEARENCE OF NAWABPUR DY BETWEEN K.M. 0.000 TO 13.650 K.M. IN DISTT. BIJNOR- YEAR 2025-26,LOT 08 SILT CLEARENCE OF NAWABPUR DY BETWEEN K.M. 0.000 TO 13.650 K.M. IN DISTT. BIJNOR- YEAR 2025-26,Works,Open Tender,Item Rate,Civil Works,No,No,NA ,03-Oct-2025 11:00 AM,06-Oct-2025 03:00 PM ,90.0,No ,No,Online,09-Oct-2025 12:30 PM,"U P Irrigation Department (Civil)||Chief Engineer-Eastern Ganga, Moradabad||Irrigation Works Circle, Moradabad||AID, dhampur",DHAMPUR,246761.0,2.0,"6,94,000",M/S J S CONSTRUCTION,"686,991.22",Accepted-AOC,03-Nov-2025,"U P Irrigation Department (Civil)||Chief Engineer-Eastern Ganga, Moradabad||Irrigation Works Circle, Moradabad||AID, dhampur",True,"{'Flood': 0, 'Embankment': 0, 'embkt': 0, 'Relief': 0, 'Erosion': 0, 'SDRF': 0, 'Inundation': 0, 'Hydrology': 0, 'Silt': 2, 'Siltation': 0, 'Bund': 0, 'Trench': 0, 'Breach': 0, 'Culvert': 0, 'Sluice': 0, 'Dyke': 0, 'Storm water drain': 0, 'Emergency': 0, 'Immediate': 0, 'IM': 0, 'AE': 0, 'A E': 0, 'AAPDA MITRA': 0}","{'Floodlight': 0, 'Flood Light': 0, 'GAS': 0, 'FIFA': 0, 'pipe': 0, 'pipes': 0, 'covid': 0}",Monsoon,,False,True,Others,
2025_UPIDC_1083178_16,05/AE-1/2025-26,Earth work in silt clearance/Scarping of Belbhariya Mr. form km 0.000 km 4.700,Earth work in silt clearance/Scarping of Belbhariya Mr. form km 0.000 km 4.700,Works,Open Tender,Item Rate,Civil Works - Canal,No,No,NA ,06-Nov-2025 10:00 AM,NA ,90.0,No ,No,Online,12-Nov-2025 03:00 PM,"U P Irrigation Department (Civil)||Chief Engineer-Saryu Project-2, Gonda||Drainage Cirlce, Gonda||SCD-1 Balrampur",Bahraich,271801.0,2.0,"1,20,000",ITI CONSTRUCTION,"119,356.9",Accepted-AOC,31-Dec-2025,"U P Irrigation Department (Civil)||Chief Engineer-Saryu Project-2, Gonda||Drainage Cirlce, Gonda||SCD-1 Balrampur",True,"{'Flood': 0, 'Embankment': 0, 'embkt': 0, 'Relief': 0, 'Erosion': 0, 'SDRF': 0, 'Inundation': 0, 'Hydrology': 0, 'Silt': 2, 'Siltation': 0, 'Bund': 0, 'Trench': 0, 'Breach': 0, 'Culvert': 0, 'Sluice': 0, 'Dyke': 0, 'Storm water drain': 0, 'Emergency': 0, 'Immediate': 0, 'IM': 0, 'AE': 1, 'A E': 0, 'AAPDA MITRA': 0}","{'Floodlight': 0, 'Flood Light': 0, 'GAS': 0, 'FIFA': 0, 'pipe': 0, 'pipes': 0, 'covid': 0}",Post-Monsoon,,True,True,Repair and Restoration,{'mr': 2}
2025_UPIDC_1083668_60,01/EE/2025-26,Silt Clearance/Scraping work of Malda Mr (Between km 0.00 to 4.200),Silt Clearance/Scraping work of Malda Mr (Between km 0.00 to 4.200),Works,Open Tender,Item Rate,Civil Works - Canal,No,No,NA ,07-Nov-2025 10:00 AM,NA ,90.0,No ,No,Online,14-Nov-2025 03:00 PM,"U P Irrigation Department (Civil)||Chief Engineer-Saryu Project-2, Gonda||Drainage Cirlce, Gonda||EE Chitaurgarh Dam Construction Division Balrampur",Tulsipur Balrampur,271210.0,2.0,"1,08,000",M/S ANAND KUMAR,"106,930",Accepted-AOC,06-Dec-2025,"U P Irrigation Department (Civil)||Chief Engineer-Saryu Project-2, Gonda||Drainage Cirlce, Gonda||EE Chitaurgarh Dam Construction Division Balrampur",True,"{'Flood': 0, 'Embankment': 0, 'embkt': 0, 'Relief': 0, 'Erosion': 0, 'SDRF': 0, 'Inundation': 0, 'Hydrology': 0, 'Silt': 2, 'Siltation': 0, 'Bund': 0, 'Trench': 0, 'Breach': 0, 'Culvert': 0, 'Sluice': 0, 'Dyke': 0, 'Storm water drain': 0, 'Emergency': 0, 'Immediate': 0, 'IM': 0, 'AE': 0, 'A E': 0, 'AAPDA MITRA': 0}","{'Floodlight': 0, 'Flood Light': 0, 'GAS': 0, 'FIFA': 0, 'pipe': 0, 'pipes': 0, 'covid': 0}",Post-Monsoon,,False,True,Repair and Restoration,{'mr': 2}
2025_UPIDC_1081481_17,01/EE/2025-26,Silt Clearance/Scraping between Km. 0.000 to Km. 5.750 of Utraula Dy.,Silt Clearance/Scraping between Km. 0.000 to Km. 5.750 of Utraula Dy.,Works,Open Tender,Item Rate,Civil Works - Canal,No,No,NA ,27-Oct-2025 09:00 AM,NA ,90.0,No ,No,Online,03-Nov-2025 03:00 PM,"U P Irrigation Department (Civil)||Chief Engineer-Saryu Project-2, Gonda||Drainage Cirlce, Gonda||SCD-4 Balrampur",Balrampur,271201.0,2.0,"2,70,000",M/S SANTOSH KUMAR CONTRECTOR AND GENRERAL,"178,388.82",Accepted-AOC,24-Nov-2025,"U P Irrigation Department (Civil)||Chief Engineer-Saryu Project-2, Gonda||Drainage Cirlce, Gonda||SCD-4 Balrampur",True,"{'Flood': 0, 'Embankment': 0, 'embkt': 0, 'Relief': 0, 'Erosion': 0, 'SDRF': 0, 'Inundation': 0, 'Hydrology': 0, 'Silt': 2, 'Siltation': 0, 'Bund': 0, 'Trench': 0, 'Breach': 0, 'Culvert': 0, 'Sluice': 0, 'Dyke': 0, 'Storm water drain': 0, 'Emergency': 0, 'Immediate': 0, 'IM': 0, 'AE': 0, 'A E': 0, 'AAPDA MITRA': 0}","{'Floodlight': 0, 'Flood Light': 0, 'GAS': 0, 'FIFA': 0, 'pipe': 0, 'pipes': 0, 'covid': 0}",Post-Monsoon,,False,True,Others,
2025_UPIDC_1086698_15,04/AE-IV/2025-26,"Earth Work in Silt Clearance/Scraping of Shahigada Mr. from Km. 0.000 to Km. 2.400, Tandawa Mr. from Km. 0.000 to Km. 1.200 and Achalpur Mr. from Km. 0.000 to Km. 1.400",Silt Clearance/Scraping,Works,Open Tender,Item Rate,Civil Works,No,No,NA ,30-Oct-2025 10:00 AM,NA ,90.0,No ,No,Online,07-Nov-2025 12:30 PM,"U P Irrigation Department (Civil)||Chief Engineer-Sharda Sahayak, Lucknow||XIV Circle Irrigation Works, Azamgarh||SSD-32, azamgarh",AZAMGARH,276001.0,2.0,"1,00,000",ANAND CONSTRUCTION,"64,715.2",Accepted-AOC,06-Dec-2025,"U P Irrigation Department (Civil)||Chief Engineer-Sharda Sahayak, Lucknow||XIV Circle Irrigation Works, Azamgarh||SSD-32, azamgarh",True,"{'Flood': 0, 'Embankment': 0, 'embkt': 0, 'Relief': 0, 'Erosion': 0, 'SDRF': 0, 'Inundation': 0, 'Hydrology': 0, 'Silt': 2, 'Siltation': 0, 'Bund': 0, 'Trench': 0, 'Breach': 0, 'Culvert': 0, 'Sluice': 0, 'Dyke': 0, 'Storm water drain': 0, 'Emergency': 0, 'Immediate': 0, 'IM': 0, 'AE': 1, 'A E': 0, 'AAPDA MITRA': 0}","{'Floodlight': 0, 'Flood Light': 0, 'GAS': 0, 'FIFA': 0, 'pipe': 0, 'pipes': 0, 'covid': 0}",Post-Monsoon,,True,True,Repair and Restoration,{'mr': 3}
2025_UPIDC_1084460_27,01/EE/2025-26,Earth work in silt clearance/Scarping of Gilaula Dy form km 0.000 km 23.000,Earth work in silt clearance/Scarping of Gilaula Dy form km 0.000 km 23.000,Works,Open Tender,Item Rate,Civil Works - Canal,No,No,NA ,06-Nov-2025 10:00 AM,NA ,90.0,No ,No,Online,12-Nov-2025 03:00 PM,"U P Irrigation Department (Civil)||Chief Engineer-Saryu Project-2, Gonda||Drainage Cirlce, Gonda||SCD-1 Balrampur",Shrawasti,271805.0,2.0,"10,94,000",BANKE BIHARI CONTRACTOR & GENERAL ORDER SUPPLIERS,"1,092,597.76",Accepted-AOC,11-Dec-2025,"U P Irrigation Department (Civil)||Chief Engineer-Saryu Project-2, Gonda||Drainage Cirlce, Gonda||SCD-1 Balrampur",True,"{'Flood': 0, 'Embankment': 0, 'embkt': 0, 'Relief': 0, 'Erosion': 0, 'SDRF': 0, 'Inundation': 0, 'Hydrology': 0, 'Silt': 2, 'Siltation': 0, 'Bund': 0, 'Trench': 0, 'Breach': 0, 'Culvert': 0, 'Sluice': 0, 'Dyke': 0, 'Storm water drain': 0, 'Emergency': 0, 'Immediate': 0, 'IM': 0, 'AE': 0, 'A E': 0, 'AAPDA MITRA': 0}","{'Floodlight': 0, 'Flood Light': 0, 'GAS': 0, 'FIFA': 0, 'pipe': 0, 'pipes': 0, 'covid': 0}",Post-Monsoon,,False,True,Others,
2025_UPIDC_1086904_2,03/EE/SSK41/2025-26,Silt Clearance of Jais Distributary From Km. 0.000 to Km. 8.000,Silt Clearance of Jais Distributary From Km. 0.000 to Km. 8.000,Works,Open Tender,Item Rate,Civil Works - Canal,No,No,NA ,12-Nov-2025 10:00 AM,NA ,90.0,No ,No,Online,17-Nov-2025 01:00 PM,"U P Irrigation Department (Civil)||Chief Engineer-Sharda Sahayak, Lucknow||XVI Circle Irrigation Works, Pratapgargh||Sharda Sahayak Division 41 Amethi",Amethi,227409.0,2.0,"6,77,000",369 Building Solutions,"673,465.75",Accepted-AOC,24-Nov-2025,"U P Irrigation Department (Civil)||Chief Engineer-Sharda Sahayak, Lucknow||XVI Circle Irrigation Works, Pratapgargh||Sharda Sahayak Division 41 Amethi",True,"{'Flood': 0, 'Embankment': 0, 'embkt': 0, 'Relief': 0, 'Erosion': 0, 'SDRF': 0, 'Inundation': 0, 'Hydrology': 0, 'Silt': 2, 'Siltation': 0, 'Bund': 0, 'Trench': 0, 'Breach': 0, 'Culvert': 0, 'Sluice': 0, 'Dyke': 0, 'Storm water drain': 0, 'Emergency': 0, 'Immediate': 0, 'IM': 0, 'AE': 0, 'A E': 0, 'AAPDA MITRA': 0}","{'Floodlight': 0, 'Flood Light': 0, 'GAS': 0, 'FIFA': 0, 'pipe': 0, 'pipes': 0, 'covid': 0}",Post-Monsoon,,False,True,Others,
2025_UPIDC_1082147_53,03/EE/2025-26,SILT CLEARENCE FROM KM. 0.000 TO 3.400 OF SOHARWA MR. AND KM. 0.000 TO 4.400 OF MOHMMADNAGAR MR.,SILT CLEARENCE FROM KM. 0.000 TO 3.400 OF SOHARWA MR. AND KM. 0.000 TO 4.400 OF MOHMMADNAGAR MR.,Works,Open Tender,Item Rate,Civil Works - Canal,No,No,NA ,21-Oct-2025 09:00 AM,NA ,90.0,No ,No,Online,29-Oct-2025 03:00 PM,"U P Irrigation Department (Civil)||Chief Engineer-Saryu Project-1, Faizabad||Irrigation Construction Circle, Bahraich||SCD-1, bahraich",Bahraich,271801.0,2.0,"1,31,000",M/S G N CONSTRUCTION,"102,856.02",Accepted-AOC,14-Nov-2025,"U P Irrigation Department (Civil)||Chief Engineer-Saryu Project-1, Faizabad||Irrigation Construction Circle, Bahraich||SCD-1, bahraich",True,"{'Flood': 0, 'Embankment': 0, 'embkt': 0, 'Relief': 0, 'Erosion': 0, 'SDRF': 0, 'Inundation': 0, 'Hydrology': 0, 'Silt': 2, 'Siltation': 0, 'Bund': 0, 'Trench': 0, 'Breach': 0, 'Culvert': 0, 'Sluice': 0, 'Dyke': 0, 'Storm water drain': 0, 'Emergency': 0, 'Immediate': 0, 'IM': 0, 'AE': 0, 'A E': 0, 'AAPDA MITRA': 0}","{'Floodlight': 0, 'Flood Light': 0, 'GAS': 0, 'FIFA': 0, 'pipe': 0, 'pipes': 0, 'covid': 0}",Post-Monsoon,,False,True,Repair and Restoration,{'mr': 4}
2025_UPIDC_1086402_19,04/AE-III/2025-26,Earth Work in Silt Clearance/Scraping of Raisa Mr. from Km. 0.000 to Km. 2.800 and Km. 2.800 to Km. 8.000,Silt Clearance/Scraping,Works,Open Tender,Item Rate,Civil Works,No,No,NA ,29-Oct-2025 10:00 AM,NA ,90.0,No ,No,Online,06-Nov-2025 12:30 PM,"U P Irrigation Department (Civil)||Chief Engineer-Sharda Sahayak, Lucknow||XIV Circle Irrigation Works, Azamgarh||SSD-32, azamgarh",AZAMGARH,276001.0,2.0,"1,42,000",arvind kumar yadav,"164,572",Accepted-AOC,12-Dec-2025,"U P Irrigation Department (Civil)||Chief Engineer-Sharda Sahayak, Lucknow||XIV Circle Irrigation Works, Azamgarh||SSD-32, azamgarh",True,"{'Flood': 0, 'Embankment': 0, 'embkt': 0, 'Relief': 0, 'Erosion': 0, 'SDRF': 0, 'Inundation': 0, 'Hydrology': 0, 'Silt': 2, 'Siltation': 0, 'Bund': 0, 'Trench': 0, 'Breach': 0, 'Culvert': 0, 'Sluice': 0, 'Dyke': 0, 'Storm water drain': 0, 'Emergency': 0, 'Immediate': 0, 'IM': 0, 'AE': 1, 'A E': 0, 'AAPDA MITRA': 0}","{'Floodlight': 0, 'Flood Light': 0, 'GAS': 0, 'FIFA': 0, 'pipe': 0, 'pipes': 0, 'covid': 0}",Post-Monsoon,,True,True,Repair and Restoration,{'mr': 1}
2025_UPIDC_1082547_1,01/EE/2025-26,Silt clearance work of Dhikiyapur Mr. from km. 0.000 to km. 7.400,Silt clearance,Works,Open Tender,Item Rate,Civil Works - Canal,No,No,NA ,14-Oct-2025 02:00 PM,NA ,90.0,No ,No,Online,21-Oct-2025 03:00 PM,"U P Irrigation Department (Civil)||Chief Engineer-Ram Ganga, Kanpur||Irrigation Works Circle, Etawah||ID, auriya",Silt clearance work of Dhikiyapur Mr. from km. 0.0,206244.0,2.0,"2,20,000",BHOLE BABA CONSTRUCTION,"199,147.8",Accepted-AOC,14-Dec-2025,"U P Irrigation Department (Civil)||Chief Engineer-Ram Ganga, Kanpur||Irrigation Works Circle, Etawah||ID, auriya",True,"{'Flood': 0, 'Embankment': 0, 'embkt': 0, 'Relief': 0, 'Erosion': 0, 'SDRF': 0, 'Inundation': 0, 'Hydrology': 0, 'Silt': 2, 'Siltation': 0, 'Bund': 0, 'Trench': 0, 'Breach': 0, 'Culvert': 0, 'Sluice': 0, 'Dyke': 0, 'Storm water drain': 0, 'Emergency': 0, 'Immediate': 0, 'IM': 0, 'AE': 0, 'A E': 0, 'AAPDA MITRA': 0}","{'Floodlight': 0, 'Flood Light': 0, 'GAS': 0, 'FIFA': 0, 'pipe': 0, 'pipes': 0, 'covid': 0}",Monsoon,,False,True,Repair and Restoration,{'mr': 1}
2025_UPIDC_1082502_1,01/EE/2025-26,Silt clearance work of Phaphund Dy. from km. 8.000 to km. 30.570,Silt Clearance,Works,Open Tender,Item Rate,Civil Works - Canal,No,No,NA ,14-Oct-2025 02:00 PM,NA ,90.0,No ,No,Online,21-Oct-2025 03:00 PM,"U P Irrigation Department (Civil)||Chief Engineer-Ram Ganga, Kanpur||Irrigation Works Circle, Etawah||ID, auriya",Silt clearance work of Phaphund Dy. from km. 8.000,206244.0,2.0,"10,15,000",HIMNSHU TRADERS,"672,798.08",Accepted-AOC,14-Dec-2025,"U P Irrigation Department (Civil)||Chief Engineer-Ram Ganga, Kanpur||Irrigation Works Circle, Etawah||ID, auriya",True,"{'Flood': 0, 'Embankment': 0, 'embkt': 0, 'Relief': 0, 'Erosion': 0, 'SDRF': 0, 'Inundation': 0, 'Hydrology': 0, 'Silt': 2, 'Siltation': 0, 'Bund': 0, 'Trench': 0, 'Breach': 0, 'Culvert': 0, 'Sluice': 0, 'Dyke': 0, 'Storm water drain': 0, 'Emergency': 0, 'Immediate': 0, 'IM': 0, 'AE': 0, 'A E': 0, 'AAPDA MITRA': 0}","{'Floodlight': 0, 'Flood Light': 0, 'GAS': 0, 'FIFA': 0, 'pipe': 0, 'pipes': 0, 'covid': 0}",Monsoon,,False,True,Others,
2025_UPIDC_1082729_11,01/E.E/2025-26,silt clearance of Noner dy from km 0.000 to km 15.200,silt clearance of Noner dy from km 0.000 to km 15.200,Works,Open Tender,Item Rate,Civil Works - Canal,No,No,NA ,25-Oct-2025 10:00 AM,NA ,90.0,No ,No,Online,30-Oct-2025 01:00 PM,"U P Irrigation Department (Civil)||Chief Engineer-Ram Ganga, Kanpur||II Circle Irrigation Works, Kanpur||MDLGC, mainpuri",Mainpuri,205001.0,2.0,"4,43,000",KUSUM YADAV,"323,458.9",Accepted-AOC,26-Dec-2025,"U P Irrigation Department (Civil)||Chief Engineer-Ram Ganga, Kanpur||II Circle Irrigation Works, Kanpur||MDLGC, mainpuri",True,"{'Flood': 0, 'Embankment': 0, 'embkt': 0, 'Relief': 0, 'Erosion': 0, 'SDRF': 0, 'Inundation': 0, 'Hydrology': 0, 'Silt': 2, 'Siltation': 0, 'Bund': 0, 'Trench': 0, 'Breach': 0, 'Culvert': 0, 'Sluice': 0, 'Dyke': 0, 'Storm water drain': 0, 'Emergency': 0, 'Immediate': 0, 'IM': 0, 'AE': 0, 'A E': 0, 'AAPDA MITRA': 0}","{'Floodlight': 0, 'Flood Light': 0, 'GAS': 0, 'FIFA': 0, 'pipe': 0, 'pipes': 0, 'covid': 0}",Post-Monsoon,,False,True,Others,
2025_UPIDC_1088743_4,179/AE-4/NILAMI/2025-26,Siswa Sagar,Siswa Sagar,Services,Open Tender,Item Rate,Miscellaneous Services,No,No,NA ,10-Nov-2025 11:00 AM,NA ,270.0,No ,No,Online,20-Nov-2025 01:00 PM,"U P Irrigation Department (Civil)||Chief Engineer-Gandak, Gorakhpur||Gandak Flood Circle, Basti||DD, Siddharth Nagar",DRAINAG DIVISION SIDDHARTHNAGAR,272207.0,2.0,"1,50,000",DIWAKAR SAHANI,"1,405,000",Accepted-AOC,29-Dec-2025,"U P Irrigation Department (Civil)||Chief Engineer-Gandak, Gorakhpur||Gandak Flood Circle, Basti||DD, Siddharth Nagar",True,"{'Flood': 0, 'Embankment': 0, 'embkt': 0, 'Relief': 0, 'Erosion': 0, 'SDRF': 0, 'Inundation': 0, 'Hydrology': 0, 'Silt': 0, 'Siltation': 0, 'Bund': 0, 'Trench': 0, 'Breach': 0, 'Culvert': 0, 'Sluice': 0, 'Dyke': 0, 'Storm water drain': 0, 'Emergency': 0, 'Immediate': 0, 'IM': 0, 'AE': 1, 'A E': 0, 'AAPDA MITRA': 0}","{'Floodlight': 0, 'Flood Light': 0, 'GAS': 0, 'FIFA': 0, 'pipe': 0, 'pipes': 0, 'covid': 0}",Post-Monsoon,,True,False,Others,
2025_UPIDC_1082147_20,03/EE/2025-26,SILT AND SCRAPING WORK OF KAISARGANJ DY. FROM KM. 0.000 TO KM 8.000 AND KM 14.000 TO KM 42.230,SILT AND SCRAPING WORK OF KAISARGANJ DY. FROM KM. 0.000 TO KM 8.000 AND KM 14.000 TO KM 42.230,Works,Open Tender,Item Rate,Civil Works - Canal,No,No,NA ,13-Oct-2025 09:00 AM,NA ,90.0,No ,No,Online,18-Oct-2025 04:30 PM,"U P Irrigation Department (Civil)||Chief Engineer-Saryu Project-1, Faizabad||Irrigation Construction Circle, Bahraich||SCD-1, bahraich",Bahraich,271801.0,2.0,"17,28,000",M P Traders,"1,727,506.4",Accepted-AOC,14-Nov-2025,"U P Irrigation Department (Civil)||Chief Engineer-Saryu Project-1, Faizabad||Irrigation Construction Circle, Bahraich||SCD-1, bahraich",True,"{'Flood': 0, 'Embankment': 0, 'embkt': 0, 'Relief': 0, 'Erosion': 0, 'SDRF': 0, 'Inundation': 0, 'Hydrology': 0, 'Silt': 2, 'Siltation': 0, 'Bund': 0, 'Trench': 0, 'Breach': 0, 'Culvert': 0, 'Sluice': 0, 'Dyke': 0, 'Storm water drain': 0, 'Emergency': 0, 'Immediate': 0, 'IM': 0, 'AE': 0, 'A E': 0, 'AAPDA MITRA': 0}","{'Floodlight': 0, 'Flood Light': 0, 'GAS': 0, 'FIFA': 0, 'pipe': 0, 'pipes': 0, 'covid': 0}",Monsoon,,False,True,Others,
2025_UPIDC_1082147_35,03/EE/2025-26,SILT CLEARENCE FROM KM. 0.000 TO 4.400 OF NARHARGODA MR. AND KM. 0.000 TO 2.800 OF BEHTA MR.,SILT CLEARENCE FROM KM. 0.000 TO 4.400 OF NARHARGODA MR. AND KM. 0.000 TO 2.800 OF BEHTA MR.,Works,Open Tender,Item Rate,Civil Works - Canal,No,No,NA ,13-Oct-2025 09:00 AM,NA ,90.0,No ,No,Online,18-Oct-2025 04:30 PM,"U P Irrigation Department (Civil)||Chief Engineer-Saryu Project-1, Faizabad||Irrigation Construction Circle, Bahraich||SCD-1, bahraich",Bahraich,271801.0,2.0,"1,20,000",Basant Lal Varma,"95,750.8",Accepted-AOC,14-Nov-2025,"U P Irrigation Department (Civil)||Chief Engineer-Saryu Project-1, Faizabad||Irrigation Construction Circle, Bahraich||SCD-1, bahraich",True,"{'Flood': 0, 'Embankment': 0, 'embkt': 0, 'Relief': 0, 'Erosion': 0, 'SDRF': 0, 'Inundation': 0, 'Hydrology': 0, 'Silt': 2, 'Siltation': 0, 'Bund': 0, 'Trench': 0, 'Breach': 0, 'Culvert': 0, 'Sluice': 0, 'Dyke': 0, 'Storm water drain': 0, 'Emergency': 0, 'Immediate': 0, 'IM': 0, 'AE': 0, 'A E': 0, 'AAPDA MITRA': 0}","{'Floodlight': 0, 'Flood Light': 0, 'GAS': 0, 'FIFA': 0, 'pipe': 0, 'pipes': 0, 'covid': 0}",Monsoon,,False,True,Repair and Restoration,{'mr': 4}
2025_UPIDC_1082813_18,03/EE/2025-26,AS PER TENDER NOTICE-03 LOT 18,SILT CLEARANCE OF LILHAURA DY. FROM KM 0.000 TO 5.600 AND SCRAPING FROM KM 5.600 TO 7.300,Works,Open Tender,Item Rate,Civil Works - Canal,No,No,NA ,16-Oct-2025 11:00 AM,NA ,90.0,No ,No,Online,31-Oct-2025 03:00 PM,"U P Irrigation Department (Civil)||Chief Engineer-Sharda Sahayak, Lucknow||VII Circle Irrigation Works, Lucknow||EE SSK Division-28 Haidergarh",Haidergarh,225124.0,2.0,,AKANKSHA ASSOCIATES,"267,258.46",Accepted-AOC,20-Nov-2025,"U P Irrigation Department (Civil)||Chief Engineer-Sharda Sahayak, Lucknow||VII Circle Irrigation Works, Lucknow||EE SSK Division-28 Haidergarh",True,"{'Flood': 0, 'Embankment': 0, 'embkt': 0, 'Relief': 0, 'Erosion': 0, 'SDRF': 0, 'Inundation': 0, 'Hydrology': 0, 'Silt': 1, 'Siltation': 0, 'Bund': 0, 'Trench': 0, 'Breach': 0, 'Culvert': 0, 'Sluice': 0, 'Dyke': 0, 'Storm water drain': 0, 'Emergency': 0, 'Immediate': 0, 'IM': 0, 'AE': 0, 'A E': 0, 'AAPDA MITRA': 0}","{'Floodlight': 0, 'Flood Light': 0, 'GAS': 0, 'FIFA': 0, 'pipe': 0, 'pipes': 0, 'covid': 0}",Post-Monsoon,,False,True,Others,
2025_UPIDC_1082813_24,03/EE/2025-26,AS PER TENDER NOTICE-03 LOT 11,silt clearence of Hardioiya Dy from Km. 0.000 to Km. 6.351 and scarping from Km. 6.351 to km. 9.690 (Dist-Lucknow and Barabanki),Works,Open Tender,Item Rate,Civil Works - Canal,No,No,NA ,07-Nov-2025 03:00 PM,NA ,90.0,No ,No,Online,13-Nov-2025 03:00 PM,"U P Irrigation Department (Civil)||Chief Engineer-Sharda Sahayak, Lucknow||VII Circle Irrigation Works, Lucknow||EE SSK Division-28 Haidergarh",Haidergarh,225124.0,2.0,,J P ENTERPRISES,"455,699.92",Accepted-AOC,20-Nov-2025,"U P Irrigation Department (Civil)||Chief Engineer-Sharda Sahayak, Lucknow||VII Circle Irrigation Works, Lucknow||EE SSK Division-28 Haidergarh",True,"{'Flood': 0, 'Embankment': 0, 'embkt': 0, 'Relief': 0, 'Erosion': 0, 'SDRF': 0, 'Inundation': 0, 'Hydrology': 0, 'Silt': 1, 'Siltation': 0, 'Bund': 0, 'Trench': 0, 'Breach': 0, 'Culvert': 0, 'Sluice': 0, 'Dyke': 0, 'Storm water drain': 0, 'Emergency': 0, 'Immediate': 0, 'IM': 0, 'AE': 0, 'A E': 0, 'AAPDA MITRA': 0}","{'Floodlight': 0, 'Flood Light': 0, 'GAS': 0, 'FIFA': 0, 'pipe': 0, 'pipes': 0, 'covid': 0}",Post-Monsoon,,False,True,Others,
2025_UPIDC_1084580_17,03/AE4/2025-26,Earth work in silt clearance/Scraping of Amrahwa Mr. from km 0.000 to 3.460,Earth work in silt clearance/Scraping of Amrahwa Mr. from km 0.000 to 3.460,Works,Open Tender,Item Rate,Civil Works - Canal,No,No,NA ,08-Nov-2025 10:00 AM,NA ,90.0,No ,No,Online,14-Nov-2025 03:00 PM,"U P Irrigation Department (Civil)||Chief Engineer-Saryu Project-2, Gonda||Drainage Cirlce, Gonda||SCD-1 Balrampur",Balrampur,271201.0,2.0,"58,000",PRAVEEN KUMAR TRIPATHI CONTRACTOR AND GENERAL ORDER SUPPLIER,"56,762.61",Accepted-AOC,24-Dec-2025,"U P Irrigation Department (Civil)||Chief Engineer-Saryu Project-2, Gonda||Drainage Cirlce, Gonda||SCD-1 Balrampur",True,"{'Flood': 0, 'Embankment': 0, 'embkt': 0, 'Relief': 0, 'Erosion': 0, 'SDRF': 0, 'Inundation': 0, 'Hydrology': 0, 'Silt': 2, 'Siltation': 0, 'Bund': 0, 'Trench': 0, 'Breach': 0, 'Culvert': 0, 'Sluice': 0, 'Dyke': 0, 'Storm water drain': 0, 'Emergency': 0, 'Immediate': 0, 'IM': 0, 'AE': 0, 'A E': 0, 'AAPDA MITRA': 0}","{'Floodlight': 0, 'Flood Light': 0, 'GAS': 0, 'FIFA': 0, 'pipe': 0, 'pipes': 0, 'covid': 0}",Post-Monsoon,,False,True,Repair and Restoration,{'mr': 2}
2025_UPIDC_1086516_1,3304/rkd/2025-26 date 15-10-2025,silt clearance lot 15,silt clearance lot 15,Works,Open Tender,Item Rate,Civil Works - Canal,No,No,NA ,29-Oct-2025 11:00 AM,NA ,90.0,No ,No,Online,04-Nov-2025 02:00 PM,"U P Irrigation Department (Civil)||Chief Engineer-Sharda Sahayak, Lucknow||XVI Circle Irrigation Works, Pratapgargh||RDSSC, raibareilly",raebareli,229001.0,2.0,"7,99,000",M/S Kamlesh Kumar Singh,"762,109.58",Accepted-AOC,27-Nov-2025,"U P Irrigation Department (Civil)||Chief Engineer-Sharda Sahayak, Lucknow||XVI Circle Irrigation Works, Pratapgargh||RDSSC, raibareilly",True,"{'Flood': 0, 'Embankment': 0, 'embkt': 0, 'Relief': 0, 'Erosion': 0, 'SDRF': 0, 'Inundation': 0, 'Hydrology': 0, 'Silt': 2, 'Siltation': 0, 'Bund': 0, 'Trench': 0, 'Breach': 0, 'Culvert': 0, 'Sluice': 0, 'Dyke': 0, 'Storm water drain': 0, 'Emergency': 0, 'Immediate': 0, 'IM': 0, 'AE': 0, 'A E': 0, 'AAPDA MITRA': 0}","{'Floodlight': 0, 'Flood Light': 0, 'GAS': 0, 'FIFA': 0, 'pipe': 0, 'pipes': 0, 'covid': 0}",Post-Monsoon,,False,True,Others,
2025_UPIDC_1085715_113,02/AE-II/2025-26,Earth Work in Silt Clearance and Scraping of Kothiya Jahagirpur Mr. from Km. 0.000 to Km. 1.700,Silt Clearance and Scraping,Works,Open Tender,Item Rate,Civil Works,No,No,NA ,20-Nov-2025 01:00 PM,NA ,90.0,No ,No,Online,26-Nov-2025 03:00 PM,"U P Irrigation Department (Civil)||Chief Engineer-Sharda Sahayak, Lucknow||XIV Circle Irrigation Works, Azamgarh||SSD-32, azamgarh",AZAMGARH,276001.0,2.0,"35,000",Ravindra Yadav,"33,591.2",Accepted-AOC,26-Dec-2025,"U P Irrigation Department (Civil)||Chief Engineer-Sharda Sahayak, Lucknow||XIV Circle Irrigation Works, Azamgarh||SSD-32, azamgarh",True,"{'Flood': 0, 'Embankment': 0, 'embkt': 0, 'Relief': 0, 'Erosion': 0, 'SDRF': 0, 'Inundation': 0, 'Hydrology': 0, 'Silt': 2, 'Siltation': 0, 'Bund': 0, 'Trench': 0, 'Breach': 0, 'Culvert': 0, 'Sluice': 0, 'Dyke': 0, 'Storm water drain': 0, 'Emergency': 0, 'Immediate': 0, 'IM': 0, 'AE': 1, 'A E': 0, 'AAPDA MITRA': 0}","{'Floodlight': 0, 'Flood Light': 0, 'GAS': 0, 'FIFA': 0, 'pipe': 0, 'pipes': 0, 'covid': 0}",Post-Monsoon,,True,True,Repair and Restoration,{'mr': 1}
2025_UPIDC_1085715_107,02/AE-II/2025-26,Earth Work in Silt Clearance and Scraping of Koraghatam Mr. from Km. 0.000 to Km. 2.950,Silt Clearance and Scraping,Works,Open Tender,Item Rate,Civil Works,No,No,NA ,20-Nov-2025 01:00 PM,NA ,90.0,No ,No,Online,26-Nov-2025 03:00 PM,"U P Irrigation Department (Civil)||Chief Engineer-Sharda Sahayak, Lucknow||XIV Circle Irrigation Works, Azamgarh||SSD-32, azamgarh",AZAMGARH,276001.0,2.0,"62,000",Ravindra Yadav,"60,273.7",Accepted-AOC,26-Dec-2025,"U P Irrigation Department (Civil)||Chief Engineer-Sharda Sahayak, Lucknow||XIV Circle Irrigation Works, Azamgarh||SSD-32, azamgarh",True,"{'Flood': 0, 'Embankment': 0, 'embkt': 0, 'Relief': 0, 'Erosion': 0, 'SDRF': 0, 'Inundation': 0, 'Hydrology': 0, 'Silt': 2, 'Siltation': 0, 'Bund': 0, 'Trench': 0, 'Breach': 0, 'Culvert': 0, 'Sluice': 0, 'Dyke': 0, 'Storm water drain': 0, 'Emergency': 0, 'Immediate': 0, 'IM': 0, 'AE': 1, 'A E': 0, 'AAPDA MITRA': 0}","{'Floodlight': 0, 'Flood Light': 0, 'GAS': 0, 'FIFA': 0, 'pipe': 0, 'pipes': 0, 'covid': 0}",Post-Monsoon,,True,True,Repair and Restoration,{'mr': 1}
2025_UPIDC_1088427_110,01/AE/2025-26,Lot-62,Silt clearance and Scraping,Works,Open Tender,Item Rate,Civil Works,No,No,NA ,17-Nov-2025 12:30 PM,NA ,90.0,No ,No,Online,22-Nov-2025 12:30 PM,"U P Irrigation Department (Civil)||Chief Engineer-Sharda Sahayak, Lucknow||XIV Circle Irrigation Works, Azamgarh||SSD-23, azamgarh",Azamgarh,276001.0,2.0,,ANIL KUMAR YADAV,"114,508",Accepted-AOC,29-Dec-2025,"U P Irrigation Department (Civil)||Chief Engineer-Sharda Sahayak, Lucknow||XIV Circle Irrigation Works, Azamgarh||SSD-23, azamgarh",True,"{'Flood': 0, 'Embankment': 0, 'embkt': 0, 'Relief': 0, 'Erosion': 0, 'SDRF': 0, 'Inundation': 0, 'Hydrology': 0, 'Silt': 1, 'Siltation': 0, 'Bund': 0, 'Trench': 0, 'Breach': 0, 'Culvert': 0, 'Sluice': 0, 'Dyke': 0, 'Storm water drain': 0, 'Emergency': 0, 'Immediate': 0, 'IM': 0, 'AE': 1, 'A E': 0, 'AAPDA MITRA': 0}","{'Floodlight': 0, 'Flood Light': 0, 'GAS': 0, 'FIFA': 0, 'pipe': 0, 'pipes': 0, 'covid': 0}",Post-Monsoon,,True,True,Others,
2025_UPIDC_1086698_8,04/AE-IV/2025-26,Earth Work in Silt Clearance/Scraping of Devait Mr. from Km. 0.000 to Km. 3.000,Silt Clearance/Scraping,Works,Open Tender,Item Rate,Civil Works,No,No,NA ,30-Oct-2025 10:00 AM,NA ,90.0,No ,No,Online,07-Nov-2025 12:30 PM,"U P Irrigation Department (Civil)||Chief Engineer-Sharda Sahayak, Lucknow||XIV Circle Irrigation Works, Azamgarh||SSD-32, azamgarh",AZAMGARH,276001.0,2.0,"60,000",ANAND CONSTRUCTION,"38,230",Accepted-AOC,06-Dec-2025,"U P Irrigation Department (Civil)||Chief Engineer-Sharda Sahayak, Lucknow||XIV Circle Irrigation Works, Azamgarh||SSD-32, azamgarh",True,"{'Flood': 0, 'Embankment': 0, 'embkt': 0, 'Relief': 0, 'Erosion': 0, 'SDRF': 0, 'Inundation': 0, 'Hydrology': 0, 'Silt': 2, 'Siltation': 0, 'Bund': 0, 'Trench': 0, 'Breach': 0, 'Culvert': 0, 'Sluice': 0, 'Dyke': 0, 'Storm water drain': 0, 'Emergency': 0, 'Immediate': 0, 'IM': 0, 'AE': 1, 'A E': 0, 'AAPDA MITRA': 0}","{'Floodlight': 0, 'Flood Light': 0, 'GAS': 0, 'FIFA': 0, 'pipe': 0, 'pipes': 0, 'covid': 0}",Post-Monsoon,,True,True,Repair and Restoration,{'mr': 1}
2025_UPIDC_1083624_31,01/EE/2025-2026,SILT CLEARANCE/SCRAPPING OF TAIMURYA DY KM 0.00 TO 10.500,SILT CLEARANCE/SCRAPPING OF TAIMURYA DY KM 0.00 TO 10.500,Works,Open Tender,Item Rate,Civil Works - Canal,No,No,NA ,07-Nov-2025 03:00 PM,NA ,90.0,No ,No,Online,13-Nov-2025 03:00 PM,"U P Irrigation Department (Civil)||Chief Engineer-Sharda, Lucknow||VI Circle Irrigation Works, Lucknow||ID, unnao",UNNAO,209801.0,2.0,"3,15,000",M/s Veeru Construction,"294,415",Accepted-AOC,14-Nov-2025,"U P Irrigation Department (Civil)||Chief Engineer-Sharda, Lucknow||VI Circle Irrigation Works, Lucknow||ID, unnao",True,"{'Flood': 0, 'Embankment': 0, 'embkt': 0, 'Relief': 0, 'Erosion': 0, 'SDRF': 0, 'Inundation': 0, 'Hydrology': 0, 'Silt': 2, 'Siltation': 0, 'Bund': 0, 'Trench': 0, 'Breach': 0, 'Culvert': 0, 'Sluice': 0, 'Dyke': 0, 'Storm water drain': 0, 'Emergency': 0, 'Immediate': 0, 'IM': 0, 'AE': 0, 'A E': 0, 'AAPDA MITRA': 0}","{'Floodlight': 0, 'Flood Light': 0, 'GAS': 0, 'FIFA': 0, 'pipe': 0, 'pipes': 0, 'covid': 0}",Post-Monsoon,,False,True,Others,
2025_UPIDC_1084580_15,03/AE4/2025-26,Earth work in silt clearance/ Scrapping Work of Bhawanipur Mr. from km. 0.000 to km. 4.880,Earth work in silt clearance/ Scrapping Work of Bhawanipur Mr. from km. 0.000 to km. 4.880,Works,Open Tender,Item Rate,Civil Works - Canal,No,No,NA ,23-Oct-2025 10:00 AM,NA ,90.0,No ,No,Online,30-Oct-2025 03:00 PM,"U P Irrigation Department (Civil)||Chief Engineer-Saryu Project-2, Gonda||Drainage Cirlce, Gonda||SCD-1 Balrampur",Bahraich,271801.0,2.0,"1,27,000",AMRENDRA KUMAR TRIPATHI,"81,319.56",Accepted-AOC,27-Dec-2025,"U P Irrigation Department (Civil)||Chief Engineer-Saryu Project-2, Gonda||Drainage Cirlce, Gonda||SCD-1 Balrampur",True,"{'Flood': 0, 'Embankment': 0, 'embkt': 0, 'Relief': 0, 'Erosion': 0, 'SDRF': 0, 'Inundation': 0, 'Hydrology': 0, 'Silt': 2, 'Siltation': 0, 'Bund': 0, 'Trench': 0, 'Breach': 0, 'Culvert': 0, 'Sluice': 0, 'Dyke': 0, 'Storm water drain': 0, 'Emergency': 0, 'Immediate': 0, 'IM': 0, 'AE': 0, 'A E': 0, 'AAPDA MITRA': 0}","{'Floodlight': 0, 'Flood Light': 0, 'GAS': 0, 'FIFA': 0, 'pipe': 0, 'pipes': 0, 'covid': 0}",Post-Monsoon,,False,True,Repair and Restoration,{'mr': 2}
2025_UPIDC_1083636_19,03/EE/2025-26,03/EE/2025-26 lot No.3,Silt clearance/Scrapping Work of Kaudiya dy from km 0.000 to 8.700 (Rabi Fasli 1433 (Year 2025-26) District Gonda),Works,Open Tender,Item Wise,Civil Works - Canal,No,No,NA ,13-Nov-2025 10:00 AM,NA ,90.0,No ,No,Online,18-Nov-2025 04:00 PM,"U P Irrigation Department (Civil)||Chief Engineer-Saryu Project-1, Faizabad||XV Circle Irrigation Work, Gonda||SCD-4, gonda",Gonda,271602.0,2.0,"2,86,960",M/D U P CONSTRUCTION,"269,805.9",Accepted-AOC,25-Nov-2025,"U P Irrigation Department (Civil)||Chief Engineer-Saryu Project-1, Faizabad||XV Circle Irrigation Work, Gonda||SCD-4, gonda",True,"{'Flood': 0, 'Embankment': 0, 'embkt': 0, 'Relief': 0, 'Erosion': 0, 'SDRF': 0, 'Inundation': 0, 'Hydrology': 0, 'Silt': 1, 'Siltation': 0, 'Bund': 0, 'Trench': 0, 'Breach': 0, 'Culvert': 0, 'Sluice': 0, 'Dyke': 0, 'Storm water drain': 0, 'Emergency': 0, 'Immediate': 0, 'IM': 0, 'AE': 0, 'A E': 0, 'AAPDA MITRA': 0}","{'Floodlight': 0, 'Flood Light': 0, 'GAS': 0, 'FIFA': 0, 'pipe': 0, 'pipes': 0, 'covid': 0}",Post-Monsoon,,False,True,Others,
2025_UPIDC_1082147_23,03/EE/2025-26,SILT CLEARENCE OF PAKRI MR. FROM KM. 0.000 TO 6.800 AND DHAWARIYA MR KM 0.000 TO KM 2.950,SILT CLEARENCE OF PAKRI MR. FROM KM. 0.000 TO 6.800 AND DHAWARIYA MR KM 0.000 TO KM 2.950,Works,Open Tender,Item Rate,Civil Works - Canal,No,No,NA ,13-Oct-2025 09:00 AM,NA ,90.0,No ,No,Online,18-Oct-2025 04:30 PM,"U P Irrigation Department (Civil)||Chief Engineer-Saryu Project-1, Faizabad||Irrigation Construction Circle, Bahraich||SCD-1, bahraich",Bahraich,271801.0,2.0,"3,66,000",Mohammad Abdulla,"302,731.56",Accepted-AOC,14-Nov-2025,"U P Irrigation Department (Civil)||Chief Engineer-Saryu Project-1, Faizabad||Irrigation Construction Circle, Bahraich||SCD-1, bahraich",True,"{'Flood': 0, 'Embankment': 0, 'embkt': 0, 'Relief': 0, 'Erosion': 0, 'SDRF': 0, 'Inundation': 0, 'Hydrology': 0, 'Silt': 2, 'Siltation': 0, 'Bund': 0, 'Trench': 0, 'Breach': 0, 'Culvert': 0, 'Sluice': 0, 'Dyke': 0, 'Storm water drain': 0, 'Emergency': 0, 'Immediate': 0, 'IM': 0, 'AE': 0, 'A E': 0, 'AAPDA MITRA': 0}","{'Floodlight': 0, 'Flood Light': 0, 'GAS': 0, 'FIFA': 0, 'pipe': 0, 'pipes': 0, 'covid': 0}",Monsoon,,False,True,Repair and Restoration,{'mr': 4}
2025_UPIDC_1082147_22,03/EE/2025-26,SILT CLEARANCE OF MEERGANJ MR. FROM KM 0.000 TO 9.070,SILT CLEARANCE OF MEERGANJ MR. FROM KM 0.000 TO 9.070,Works,Open Tender,Item Rate,Civil Works - Canal,No,No,NA ,13-Oct-2025 09:00 AM,NA ,90.0,No ,No,Online,18-Oct-2025 04:30 PM,"U P Irrigation Department (Civil)||Chief Engineer-Saryu Project-1, Faizabad||Irrigation Construction Circle, Bahraich||SCD-1, bahraich",Bahraich,271801.0,2.0,"4,27,000",Basant Lal Varma,"328,042.76",Accepted-AOC,14-Nov-2025,"U P Irrigation Department (Civil)||Chief Engineer-Saryu Project-1, Faizabad||Irrigation Construction Circle, Bahraich||SCD-1, bahraich",True,"{'Flood': 0, 'Embankment': 0, 'embkt': 0, 'Relief': 0, 'Erosion': 0, 'SDRF': 0, 'Inundation': 0, 'Hydrology': 0, 'Silt': 2, 'Siltation': 0, 'Bund': 0, 'Trench': 0, 'Breach': 0, 'Culvert': 0, 'Sluice': 0, 'Dyke': 0, 'Storm water drain': 0, 'Emergency': 0, 'Immediate': 0, 'IM': 0, 'AE': 0, 'A E': 0, 'AAPDA MITRA': 0}","{'Floodlight': 0, 'Flood Light': 0, 'GAS': 0, 'FIFA': 0, 'pipe': 0, 'pipes': 0, 'covid': 0}",Monsoon,,False,True,Repair and Restoration,{'mr': 2}
2025_UPIDC_1086927_1,03/EE/SSK41/2025-26,SILT CLEARANCE OF GERAWAN DY FROM KM 0.000 TO KM 15.200,SILT CLEARANCE OF GERAWAN DY FROM KM 0.000 TO KM 15.200,Works,Open Tender,Item Rate,Civil Works - Canal,No,No,NA ,30-Oct-2025 10:00 AM,NA ,90.0,No ,No,Online,06-Nov-2025 11:00 AM,"U P Irrigation Department (Civil)||Chief Engineer-Sharda Sahayak, Lucknow||XVI Circle Irrigation Works, Pratapgargh||Sharda Sahayak Division 41 Amethi",Amethi,227811.0,2.0,"5,26,000",M/s MAHONA TRADERS,"373,746",Accepted-AOC,19-Nov-2025,"U P Irrigation Department (Civil)||Chief Engineer-Sharda Sahayak, Lucknow||XVI Circle Irrigation Works, Pratapgargh||Sharda Sahayak Division 41 Amethi",True,"{'Flood': 0, 'Embankment': 0, 'embkt': 0, 'Relief': 0, 'Erosion': 0, 'SDRF': 0, 'Inundation': 0, 'Hydrology': 0, 'Silt': 2, 'Siltation': 0, 'Bund': 0, 'Trench': 0, 'Breach': 0, 'Culvert': 0, 'Sluice': 0, 'Dyke': 0, 'Storm water drain': 0, 'Emergency': 0, 'Immediate': 0, 'IM': 0, 'AE': 0, 'A E': 0, 'AAPDA MITRA': 0}","{'Floodlight': 0, 'Flood Light': 0, 'GAS': 0, 'FIFA': 0, 'pipe': 0, 'pipes': 0, 'covid': 0}",Post-Monsoon,,False,True,Others,
2025_UPIDC_1088743_6,179/AE-4/NILAMI/2025-26,Mekhara nala Mauka Shivkot to Rambhari,Mekhara nala Mauka Shivkot to Rambhari,Services,Open Tender,Item Rate,Miscellaneous Services,No,No,NA ,10-Nov-2025 11:00 AM,NA ,270.0,No ,No,Online,20-Nov-2025 01:00 PM,"U P Irrigation Department (Civil)||Chief Engineer-Gandak, Gorakhpur||Gandak Flood Circle, Basti||DD, Siddharth Nagar",DRAINAG DIVISION SIDDHARTHNAGAR,272207.0,2.0,"2,50,000",DIWAKAR SAHANI,"251,500",Accepted-AOC,29-Dec-2025,"U P Irrigation Department (Civil)||Chief Engineer-Gandak, Gorakhpur||Gandak Flood Circle, Basti||DD, Siddharth Nagar",True,"{'Flood': 0, 'Embankment': 0, 'embkt': 0, 'Relief': 0, 'Erosion': 0, 'SDRF': 0, 'Inundation': 0, 'Hydrology': 0, 'Silt': 0, 'Siltation': 0, 'Bund': 0, 'Trench': 0, 'Breach': 0, 'Culvert': 0, 'Sluice': 0, 'Dyke': 0, 'Storm water drain': 0, 'Emergency': 0, 'Immediate': 0, 'IM': 0, 'AE': 1, 'A E': 0, 'AAPDA MITRA': 0}","{'Floodlight': 0, 'Flood Light': 0, 'GAS': 0, 'FIFA': 0, 'pipe': 0, 'pipes': 0, 'covid': 0}",Post-Monsoon,,True,False,Others,
2025_UPIDC_1080022_3,03/EE/2025-26,Silt Clearance of Approach Channel and Feeder Channel from km. 0.000 to 0.200,Silt Clearance of Approach Channel and Feeder Channel from km. 0.000 to 0.200,Works,Open Tender,Item Rate,Civil Works,No,No,NA ,24-Oct-2025 10:00 AM,NA ,90.0,No ,No,Online,29-Oct-2025 01:00 PM,"U P Irrigation Department (Civil)||Chief Engineer-Gandak, Gorakhpur||Drainage Circle, Ballia||ID, mau",Mau,275101.0,2.0,,M/S AARADHYA TRADERS,"826,200",Accepted-AOC,30-Dec-2025,"U P Irrigation Department (Civil)||Chief Engineer-Gandak, Gorakhpur||Drainage Circle, Ballia||ID, mau",True,"{'Flood': 0, 'Embankment': 0, 'embkt': 0, 'Relief': 0, 'Erosion': 0, 'SDRF': 0, 'Inundation': 0, 'Hydrology': 0, 'Silt': 2, 'Siltation': 0, 'Bund': 0, 'Trench': 0, 'Breach': 0, 'Culvert': 0, 'Sluice': 0, 'Dyke': 0, 'Storm water drain': 0, 'Emergency': 0, 'Immediate': 0, 'IM': 0, 'AE': 0, 'A E': 0, 'AAPDA MITRA': 0}","{'Floodlight': 0, 'Flood Light': 0, 'GAS': 0, 'FIFA': 0, 'pipe': 0, 'pipes': 0, 'covid': 0}",Post-Monsoon,,False,True,Others,
2025_UPIDC_1086698_9,04/AE-IV/2025-26,Earth Work in Silt Clearance/Scraping of Ghatipatti Mr. from Km. 0.000 to Km. 2.400,Silt Clearance/Scraping,Works,Open Tender,Item Rate,Civil Works,No,No,NA ,30-Oct-2025 10:00 AM,NA ,90.0,No ,No,Online,07-Nov-2025 12:30 PM,"U P Irrigation Department (Civil)||Chief Engineer-Sharda Sahayak, Lucknow||XIV Circle Irrigation Works, Azamgarh||SSD-32, azamgarh",AZAMGARH,276001.0,2.0,"50,000",ANAND CONSTRUCTION,"35,924",Accepted-AOC,06-Dec-2025,"U P Irrigation Department (Civil)||Chief Engineer-Sharda Sahayak, Lucknow||XIV Circle Irrigation Works, Azamgarh||SSD-32, azamgarh",True,"{'Flood': 0, 'Embankment': 0, 'embkt': 0, 'Relief': 0, 'Erosion': 0, 'SDRF': 0, 'Inundation': 0, 'Hydrology': 0, 'Silt': 2, 'Siltation': 0, 'Bund': 0, 'Trench': 0, 'Breach': 0, 'Culvert': 0, 'Sluice': 0, 'Dyke': 0, 'Storm water drain': 0, 'Emergency': 0, 'Immediate': 0, 'IM': 0, 'AE': 1, 'A E': 0, 'AAPDA MITRA': 0}","{'Floodlight': 0, 'Flood Light': 0, 'GAS': 0, 'FIFA': 0, 'pipe': 0, 'pipes': 0, 'covid': 0}",Post-Monsoon,,True,True,Repair and Restoration,{'mr': 1}
2025_UPIDC_1084343_12,02/EE/2025-26,LOT03,Silt clearence and scraiping between km 0.000 to 6.700 and km. 6.700 to 11.100 of Dumariyadeeh Mr.,Works,Open Tender,Item Wise,Civil Works,No,No,NA ,12-Nov-2025 04:10 PM,NA ,15.0,No ,No,Online,18-Nov-2025 03:00 PM,"U P Irrigation Department (Civil)||Chief Engineer-Saryu Project-1, Faizabad||XV Circle Irrigation Work, Gonda||EE SARYU NAHAR KHAND-3, GONDA",GONDA,271001.0,2.0,"2,94,000",SHRI MAHADEV CONSTRUCTION,"291,199.13",Accepted-AOC,08-Dec-2025,"U P Irrigation Department (Civil)||Chief Engineer-Saryu Project-1, Faizabad||XV Circle Irrigation Work, Gonda||EE SARYU NAHAR KHAND-3, GONDA",True,"{'Flood': 0, 'Embankment': 0, 'embkt': 0, 'Relief': 0, 'Erosion': 0, 'SDRF': 0, 'Inundation': 0, 'Hydrology': 0, 'Silt': 1, 'Siltation': 0, 'Bund': 0, 'Trench': 0, 'Breach': 0, 'Culvert': 0, 'Sluice': 0, 'Dyke': 0, 'Storm water drain': 0, 'Emergency': 0, 'Immediate': 0, 'IM': 0, 'AE': 0, 'A E': 0, 'AAPDA MITRA': 0}","{'Floodlight': 0, 'Flood Light': 0, 'GAS': 0, 'FIFA': 0, 'pipe': 0, 'pipes': 0, 'covid': 0}",Post-Monsoon,,False,True,Repair and Restoration,{'mr': 1}
2025_UPIDC_1083668_38,01/EE/2025-26,Silt Clearance/Scraping work of Mankaura Mr. (Between km 0.00 to 5.300)Babhani Mr. (km 0.000 to 4.800),Silt Clearance/Scraping work of Mankaura Mr. (Between km 0.00 to 5.300),Works,Open Tender,Item Rate,Civil Works - Canal,No,No,NA ,18-Oct-2025 10:00 AM,NA ,90.0,No ,No,Online,30-Oct-2025 04:00 PM,"U P Irrigation Department (Civil)||Chief Engineer-Saryu Project-2, Gonda||Drainage Cirlce, Gonda||EE Chitaurgarh Dam Construction Division Balrampur",Tulsipur Balrampur,271210.0,2.0,"1,38,000",M/S RAJ KISHORE SHUKLA CONTRACTOR,"137,507.79",Accepted-AOC,05-Dec-2025,"U P Irrigation Department (Civil)||Chief Engineer-Saryu Project-2, Gonda||Drainage Cirlce, Gonda||EE Chitaurgarh Dam Construction Division Balrampur",True,"{'Flood': 0, 'Embankment': 0, 'embkt': 0, 'Relief': 0, 'Erosion': 0, 'SDRF': 0, 'Inundation': 0, 'Hydrology': 0, 'Silt': 2, 'Siltation': 0, 'Bund': 0, 'Trench': 0, 'Breach': 0, 'Culvert': 0, 'Sluice': 0, 'Dyke': 0, 'Storm water drain': 0, 'Emergency': 0, 'Immediate': 0, 'IM': 0, 'AE': 0, 'A E': 0, 'AAPDA MITRA': 0}","{'Floodlight': 0, 'Flood Light': 0, 'GAS': 0, 'FIFA': 0, 'pipe': 0, 'pipes': 0, 'covid': 0}",Post-Monsoon,,False,True,Repair and Restoration,{'mr': 3}
2025_UPIDC_1085715_110,02/AE-II/2025-26,Earth Work in Silt Clearance and Scraping of Shekhpur Pipari Mr. from Km. 0.000 to Km. 3.000 and Rasulpur Mr. from Km. 0.000 to Km. 1.000,Silt Clearance and Scraping,Works,Open Tender,Item Rate,Civil Works,No,No,NA ,20-Nov-2025 01:00 PM,NA ,90.0,No ,No,Online,26-Nov-2025 03:00 PM,"U P Irrigation Department (Civil)||Chief Engineer-Sharda Sahayak, Lucknow||XIV Circle Irrigation Works, Azamgarh||SSD-32, azamgarh",AZAMGARH,276001.0,2.0,"83,000",Ravindra Yadav,"81,224.4",Accepted-AOC,26-Dec-2025,"U P Irrigation Department (Civil)||Chief Engineer-Sharda Sahayak, Lucknow||XIV Circle Irrigation Works, Azamgarh||SSD-32, azamgarh",True,"{'Flood': 0, 'Embankment': 0, 'embkt': 0, 'Relief': 0, 'Erosion': 0, 'SDRF': 0, 'Inundation': 0, 'Hydrology': 0, 'Silt': 2, 'Siltation': 0, 'Bund': 0, 'Trench': 0, 'Breach': 0, 'Culvert': 0, 'Sluice': 0, 'Dyke': 0, 'Storm water drain': 0, 'Emergency': 0, 'Immediate': 0, 'IM': 0, 'AE': 1, 'A E': 0, 'AAPDA MITRA': 0}","{'Floodlight': 0, 'Flood Light': 0, 'GAS': 0, 'FIFA': 0, 'pipe': 0, 'pipes': 0, 'covid': 0}",Post-Monsoon,,True,True,Repair and Restoration,{'mr': 2}
2025_UPIDC_1083624_34,01/EE/2025-2026,SILT CLEARANCE/SCRAPPING OF RASOOLABAD DY KM 0.00 TO 19.500,SILT CLEARANCE/SCRAPPING OF RASOOLABAD DY KM 0.00 TO 19.500,Works,Open Tender,Item Rate,Civil Works - Canal,No,No,NA ,18-Nov-2025 04:00 PM,NA ,90.0,No ,No,Online,24-Nov-2025 03:00 PM,"U P Irrigation Department (Civil)||Chief Engineer-Sharda, Lucknow||VI Circle Irrigation Works, Lucknow||ID, unnao",UNNAO,209801.0,2.0,"7,40,000",M/S AMAR SINGH,"738,985.2",Accepted-AOC,26-Nov-2025,"U P Irrigation Department (Civil)||Chief Engineer-Sharda, Lucknow||VI Circle Irrigation Works, Lucknow||ID, unnao",True,"{'Flood': 0, 'Embankment': 0, 'embkt': 0, 'Relief': 0, 'Erosion': 0, 'SDRF': 0, 'Inundation': 0, 'Hydrology': 0, 'Silt': 2, 'Siltation': 0, 'Bund': 0, 'Trench': 0, 'Breach': 0, 'Culvert': 0, 'Sluice': 0, 'Dyke': 0, 'Storm water drain': 0, 'Emergency': 0, 'Immediate': 0, 'IM': 0, 'AE': 0, 'A E': 0, 'AAPDA MITRA': 0}","{'Floodlight': 0, 'Flood Light': 0, 'GAS': 0, 'FIFA': 0, 'pipe': 0, 'pipes': 0, 'covid': 0}",Post-Monsoon,,False,True,Others,
2025_UPIDC_1083624_3,01/EE/2025-2026,SILT CLEARANCE/SCRAPPING OF KURSATH DY KM 0.00 TO 19.500,SILT CLEARANCE/SCRAPPING OF KURSATH DY KM 0.00 TO 19.500,Works,Open Tender,Item Rate,Civil Works - Canal,No,No,NA ,18-Oct-2025 10:00 AM,NA ,90.0,No ,No,Online,30-Oct-2025 11:00 AM,"U P Irrigation Department (Civil)||Chief Engineer-Sharda, Lucknow||VI Circle Irrigation Works, Lucknow||ID, unnao",UNNAO,209801.0,2.0,"6,68,000",M/S AMAR SINGH,"665,227",Accepted-AOC,14-Nov-2025,"U P Irrigation Department (Civil)||Chief Engineer-Sharda, Lucknow||VI Circle Irrigation Works, Lucknow||ID, unnao",True,"{'Flood': 0, 'Embankment': 0, 'embkt': 0, 'Relief': 0, 'Erosion': 0, 'SDRF': 0, 'Inundation': 0, 'Hydrology': 0, 'Silt': 2, 'Siltation': 0, 'Bund': 0, 'Trench': 0, 'Breach': 0, 'Culvert': 0, 'Sluice': 0, 'Dyke': 0, 'Storm water drain': 0, 'Emergency': 0, 'Immediate': 0, 'IM': 0, 'AE': 0, 'A E': 0, 'AAPDA MITRA': 0}","{'Floodlight': 0, 'Flood Light': 0, 'GAS': 0, 'FIFA': 0, 'pipe': 0, 'pipes': 0, 'covid': 0}",Post-Monsoon,,False,True,Others,
2025_UPIDC_1084482_15,03/E.E./2025-26,Earth Work in Silt Clearance/Scraping of Indara Dy. from Km. 20.100 to Km. 34.500,Earth Work in Silt Clearance/Scraping,Works,Open Tender,Item Rate,Civil Works,No,No,NA ,24-Oct-2025 10:00 AM,NA ,90.0,No ,No,Online,01-Nov-2025 11:30 AM,"U P Irrigation Department (Civil)||Chief Engineer-Sharda Sahayak, Lucknow||XIV Circle Irrigation Works, Azamgarh||SSD-32, azamgarh",AZAMGARH,276001.0,2.0,"8,10,000",AVICHAL SINGH,"648,573.69",Accepted-AOC,06-Dec-2025,"U P Irrigation Department (Civil)||Chief Engineer-Sharda Sahayak, Lucknow||XIV Circle Irrigation Works, Azamgarh||SSD-32, azamgarh",True,"{'Flood': 0, 'Embankment': 0, 'embkt': 0, 'Relief': 0, 'Erosion': 0, 'SDRF': 0, 'Inundation': 0, 'Hydrology': 0, 'Silt': 2, 'Siltation': 0, 'Bund': 0, 'Trench': 0, 'Breach': 0, 'Culvert': 0, 'Sluice': 0, 'Dyke': 0, 'Storm water drain': 0, 'Emergency': 0, 'Immediate': 0, 'IM': 0, 'AE': 0, 'A E': 0, 'AAPDA MITRA': 0}","{'Floodlight': 0, 'Flood Light': 0, 'GAS': 0, 'FIFA': 0, 'pipe': 0, 'pipes': 0, 'covid': 0}",Post-Monsoon,,False,True,Others,
2025_UPIDC_1082813_23,03/EE/2025-26,AS PER TENDER NOTICE-03 LOT 10,Silt clearence of Shahpur Dy from Km. 0.000 to Km. 6.000 and scarping from Km. 6.000 to km. 7.035 (Dist-Barabanki),Works,Open Tender,Item Rate,Civil Works - Canal,No,No,NA ,07-Nov-2025 03:00 PM,NA ,90.0,No ,No,Online,13-Nov-2025 03:00 PM,"U P Irrigation Department (Civil)||Chief Engineer-Sharda Sahayak, Lucknow||VII Circle Irrigation Works, Lucknow||EE SSK Division-28 Haidergarh",Haidergarh,225124.0,2.0,,J P ENTERPRISES,"266,601.3",Accepted-AOC,20-Nov-2025,"U P Irrigation Department (Civil)||Chief Engineer-Sharda Sahayak, Lucknow||VII Circle Irrigation Works, Lucknow||EE SSK Division-28 Haidergarh",True,"{'Flood': 0, 'Embankment': 0, 'embkt': 0, 'Relief': 0, 'Erosion': 0, 'SDRF': 0, 'Inundation': 0, 'Hydrology': 0, 'Silt': 1, 'Siltation': 0, 'Bund': 0, 'Trench': 0, 'Breach': 0, 'Culvert': 0, 'Sluice': 0, 'Dyke': 0, 'Storm water drain': 0, 'Emergency': 0, 'Immediate': 0, 'IM': 0, 'AE': 0, 'A E': 0, 'AAPDA MITRA': 0}","{'Floodlight': 0, 'Flood Light': 0, 'GAS': 0, 'FIFA': 0, 'pipe': 0, 'pipes': 0, 'covid': 0}",Post-Monsoon,,False,True,Others,
2025_UPIDC_1082147_32,03/EE/2025-26,SILT CLEARENCE FROM KM. 0.000 TO 11.210 OF ARAI MR. AND KM. 0.000 TO 0.900 OF BADHOLI MR.,SILT CLEARENCE FROM KM. 0.000 TO 11.210 OF ARAI MR. AND KM. 0.000 TO 0.900 OF BADHOLI MR.,Works,Open Tender,Item Rate,Civil Works - Canal,No,No,NA ,13-Oct-2025 09:00 PM,NA ,90.0,No ,No,Online,18-Oct-2025 04:30 PM,"U P Irrigation Department (Civil)||Chief Engineer-Saryu Project-1, Faizabad||Irrigation Construction Circle, Bahraich||SCD-1, bahraich",Bahraich,271801.0,2.0,"5,47,000",Mohammad Abdulla,"445,283.4",Accepted-AOC,14-Nov-2025,"U P Irrigation Department (Civil)||Chief Engineer-Saryu Project-1, Faizabad||Irrigation Construction Circle, Bahraich||SCD-1, bahraich",True,"{'Flood': 0, 'Embankment': 0, 'embkt': 0, 'Relief': 0, 'Erosion': 0, 'SDRF': 0, 'Inundation': 0, 'Hydrology': 0, 'Silt': 2, 'Siltation': 0, 'Bund': 0, 'Trench': 0, 'Breach': 0, 'Culvert': 0, 'Sluice': 0, 'Dyke': 0, 'Storm water drain': 0, 'Emergency': 0, 'Immediate': 0, 'IM': 0, 'AE': 0, 'A E': 0, 'AAPDA MITRA': 0}","{'Floodlight': 0, 'Flood Light': 0, 'GAS': 0, 'FIFA': 0, 'pipe': 0, 'pipes': 0, 'covid': 0}",Monsoon,,False,True,Repair and Restoration,{'mr': 4}
2025_UPIDC_1082813_22,03/EE/2025-26,AS PER TENDER NOTICE-03 LOT 09,silt clearence of Bahrauli Dy from Km. 0.000 to Km. 11.200 and scarping from Km. 11.200 to km. 15.165 (Dist-Lucknow and Barabanki),Works,Open Tender,Item Rate,Civil Works - Canal,No,No,NA ,07-Nov-2025 03:00 PM,NA ,90.0,No ,No,Online,13-Nov-2025 03:00 PM,"U P Irrigation Department (Civil)||Chief Engineer-Sharda Sahayak, Lucknow||VII Circle Irrigation Works, Lucknow||EE SSK Division-28 Haidergarh",Haidergarh,225124.0,2.0,,J P ENTERPRISES,"716,518.92",Accepted-AOC,20-Nov-2025,"U P Irrigation Department (Civil)||Chief Engineer-Sharda Sahayak, Lucknow||VII Circle Irrigation Works, Lucknow||EE SSK Division-28 Haidergarh",True,"{'Flood': 0, 'Embankment': 0, 'embkt': 0, 'Relief': 0, 'Erosion': 0, 'SDRF': 0, 'Inundation': 0, 'Hydrology': 0, 'Silt': 1, 'Siltation': 0, 'Bund': 0, 'Trench': 0, 'Breach': 0, 'Culvert': 0, 'Sluice': 0, 'Dyke': 0, 'Storm water drain': 0, 'Emergency': 0, 'Immediate': 0, 'IM': 0, 'AE': 0, 'A E': 0, 'AAPDA MITRA': 0}","{'Floodlight': 0, 'Flood Light': 0, 'GAS': 0, 'FIFA': 0, 'pipe': 0, 'pipes': 0, 'covid': 0}",Post-Monsoon,,False,True,Others,
2025_UPIDC_1088743_3,179/AE-4/NILAMI/2025-26,Masai sagar,Masai sagar,Services,Open Tender,Item Rate,Miscellaneous Services,No,No,NA ,10-Nov-2025 11:00 AM,NA ,270.0,No ,No,Online,20-Nov-2025 01:00 PM,"U P Irrigation Department (Civil)||Chief Engineer-Gandak, Gorakhpur||Gandak Flood Circle, Basti||DD, Siddharth Nagar",DRAINAG DIVISION SIDDHARTHNAGAR,272207.0,2.0,"1,50,000",VISHAMBHAR,"153,000",Accepted-AOC,29-Dec-2025,"U P Irrigation Department (Civil)||Chief Engineer-Gandak, Gorakhpur||Gandak Flood Circle, Basti||DD, Siddharth Nagar",True,"{'Flood': 0, 'Embankment': 0, 'embkt': 0, 'Relief': 0, 'Erosion': 0, 'SDRF': 0, 'Inundation': 0, 'Hydrology': 0, 'Silt': 0, 'Siltation': 0, 'Bund': 0, 'Trench': 0, 'Breach': 0, 'Culvert': 0, 'Sluice': 0, 'Dyke': 0, 'Storm water drain': 0, 'Emergency': 0, 'Immediate': 0, 'IM': 0, 'AE': 1, 'A E': 0, 'AAPDA MITRA': 0}","{'Floodlight': 0, 'Flood Light': 0, 'GAS': 0, 'FIFA': 0, 'pipe': 0, 'pipes': 0, 'covid': 0}",Post-Monsoon,,True,False,Others,
2025_UPIDC_1079237_47,03/EEAID/2025-26,LOT 16 SILT CLEARANCE/SCRAPPING OF SHERGARH MINOR FROM KM. 1.000 TO KM. 9.320 FOR THE YEAR 2025-26,LOT 16 SILT CLEARANCE/SCRAPPING OF SHERGARH MINOR FROM KM. 1.000 TO KM. 9.320 FOR THE YEAR 2025-26,Works,Open Tender,Item Rate,Civil Works,No,No,NA ,16-Oct-2025 01:00 PM,NA ,90.0,No ,No,Online,21-Oct-2025 01:30 PM,"U P Irrigation Department (Civil)||Chief Engineer-Eastern Ganga, Moradabad||Irrigation Works Circle, Moradabad||AID, dhampur",DHAMPUR,246761.0,2.0,"2,50,000",KAUSHIK CONSTRUCTION AND SUPPLIERS,"245,245.7",Accepted-AOC,03-Nov-2025,"U P Irrigation Department (Civil)||Chief Engineer-Eastern Ganga, Moradabad||Irrigation Works Circle, Moradabad||AID, dhampur",True,"{'Flood': 0, 'Embankment': 0, 'embkt': 0, 'Relief': 0, 'Erosion': 0, 'SDRF': 0, 'Inundation': 0, 'Hydrology': 0, 'Silt': 2, 'Siltation': 0, 'Bund': 0, 'Trench': 0, 'Breach': 0, 'Culvert': 0, 'Sluice': 0, 'Dyke': 0, 'Storm water drain': 0, 'Emergency': 0, 'Immediate': 0, 'IM': 0, 'AE': 0, 'A E': 0, 'AAPDA MITRA': 0}","{'Floodlight': 0, 'Flood Light': 0, 'GAS': 0, 'FIFA': 0, 'pipe': 0, 'pipes': 0, 'covid': 0}",Post-Monsoon,,False,True,Others,
2025_UPIDC_1086923_2,03/EE/SSK41/2025-26,SILT CLEARANCE OF SINDURWA DY FROM KM 0.000 TO KM 14.328,SILT CLEARANCE OF SINDURWA DY FROM KM 0.000 TO KM 14.328,Works,Open Tender,Item Rate,Civil Works - Canal,No,No,NA ,12-Nov-2025 10:00 AM,NA ,90.0,No ,No,Online,17-Nov-2025 01:00 PM,"U P Irrigation Department (Civil)||Chief Engineer-Sharda Sahayak, Lucknow||XVI Circle Irrigation Works, Pratapgargh||Sharda Sahayak Division 41 Amethi",Amethi,227817.0,2.0,"4,15,000",ALTRA CONST ASSOCIATES,"282,223.137",Accepted-AOC,26-Nov-2025,"U P Irrigation Department (Civil)||Chief Engineer-Sharda Sahayak, Lucknow||XVI Circle Irrigation Works, Pratapgargh||Sharda Sahayak Division 41 Amethi",True,"{'Flood': 0, 'Embankment': 0, 'embkt': 0, 'Relief': 0, 'Erosion': 0, 'SDRF': 0, 'Inundation': 0, 'Hydrology': 0, 'Silt': 2, 'Siltation': 0, 'Bund': 0, 'Trench': 0, 'Breach': 0, 'Culvert': 0, 'Sluice': 0, 'Dyke': 0, 'Storm water drain': 0, 'Emergency': 0, 'Immediate': 0, 'IM': 0, 'AE': 0, 'A E': 0, 'AAPDA MITRA': 0}","{'Floodlight': 0, 'Flood Light': 0, 'GAS': 0, 'FIFA': 0, 'pipe': 0, 'pipes': 0, 'covid': 0}",Post-Monsoon,,False,True,Others,
2025_UPIDC_1083910_6,10/EE/2025-26,Silt Clearance of Gudha Dy. from Km. 0.000 to Km. 20.000. (Lot-2),Silt Clearance of Gudha Dy. from Km. 0.000 to Km. 20.000. (Lot-2),Works,Open Tender,Item Rate,Civil Works - Canal,No,No,NA ,01-Nov-2025 09:00 AM,NA ,90.0,No ,No,Online,06-Nov-2025 10:30 AM,"U P Irrigation Department (Civil)||Chief Engineer-Sharda Sahayak, Lucknow||VII Circle Irrigation Works, Lucknow||Lucknow Division Sharda Canal Lucknow",gudha,226001.0,2.0,"10,54,302",M/S SINGH CONSTRUCTION,"990,597.9",Accepted-AOC,13-Nov-2025,"U P Irrigation Department (Civil)||Chief Engineer-Sharda Sahayak, Lucknow||VII Circle Irrigation Works, Lucknow||Lucknow Division Sharda Canal Lucknow",True,"{'Flood': 0, 'Embankment': 0, 'embkt': 0, 'Relief': 0, 'Erosion': 0, 'SDRF': 0, 'Inundation': 0, 'Hydrology': 0, 'Silt': 2, 'Siltation': 0, 'Bund': 0, 'Trench': 0, 'Breach': 0, 'Culvert': 0, 'Sluice': 0, 'Dyke': 0, 'Storm water drain': 0, 'Emergency': 0, 'Immediate': 0, 'IM': 0, 'AE': 0, 'A E': 0, 'AAPDA MITRA': 0}","{'Floodlight': 0, 'Flood Light': 0, 'GAS': 0, 'FIFA': 0, 'pipe': 0, 'pipes': 0, 'covid': 0}",Post-Monsoon,,False,True,Others,
2025_UPIDC_1082147_30,03/EE/2025-26,SILT CLEARENCE FROM KM. 0.000 TO 2.800 OF NAROTTAMPUR MR. AND KM. 0.000 TO 7.800 OF MAKRANDPUR MR.,SILT CLEARENCE FROM KM. 0.000 TO 2.800 OF NAROTTAMPUR MR. AND KM. 0.000 TO 7.800 OF MAKRANDPUR MR.,Works,Open Tender,Item Rate,Civil Works - Canal,No,No,NA ,13-Oct-2025 09:00 AM,NA ,90.0,No ,No,Online,18-Oct-2025 04:30 PM,"U P Irrigation Department (Civil)||Chief Engineer-Saryu Project-1, Faizabad||Irrigation Construction Circle, Bahraich||SCD-1, bahraich",Bahraich,271801.0,2.0,"2,72,000",BINNU SINGH CONTRACTOR,"268,935.57",Accepted-AOC,14-Nov-2025,"U P Irrigation Department (Civil)||Chief Engineer-Saryu Project-1, Faizabad||Irrigation Construction Circle, Bahraich||SCD-1, bahraich",True,"{'Flood': 0, 'Embankment': 0, 'embkt': 0, 'Relief': 0, 'Erosion': 0, 'SDRF': 0, 'Inundation': 0, 'Hydrology': 0, 'Silt': 2, 'Siltation': 0, 'Bund': 0, 'Trench': 0, 'Breach': 0, 'Culvert': 0, 'Sluice': 0, 'Dyke': 0, 'Storm water drain': 0, 'Emergency': 0, 'Immediate': 0, 'IM': 0, 'AE': 0, 'A E': 0, 'AAPDA MITRA': 0}","{'Floodlight': 0, 'Flood Light': 0, 'GAS': 0, 'FIFA': 0, 'pipe': 0, 'pipes': 0, 'covid': 0}",Monsoon,,False,True,Repair and Restoration,{'mr': 4}
2025_UPIDC_1086955_24,04/E.E./2025-26,Silt Clearance/Scraping of Koraon Minor From Km. 0.000 to Km. 6.600.,Silt Clearance/Scraping of Koraon Minor From Km. 0.000 to Km. 6.600.,Services,Open Tender,Item Wise,Miscellaneous Services,No,No,NA ,30-Oct-2025 12:00 PM,NA ,90.0,No ,No,Online,08-Nov-2025 03:30 PM,"U P Irrigation Department (Civil)||Chief Engineer-Sone, Varanasi||Irrigation Works Circle, Allahabad||BCD, allahabad",Prayagraj,211004.0,2.0,"1,82,000",JAY CONSTRUCTION,"116,964",Accepted-AOC,11-Dec-2025,"U P Irrigation Department (Civil)||Chief Engineer-Sone, Varanasi||Irrigation Works Circle, Allahabad||BCD, allahabad",True,"{'Flood': 0, 'Embankment': 0, 'embkt': 0, 'Relief': 0, 'Erosion': 0, 'SDRF': 0, 'Inundation': 0, 'Hydrology': 0, 'Silt': 2, 'Siltation': 0, 'Bund': 0, 'Trench': 0, 'Breach': 0, 'Culvert': 0, 'Sluice': 0, 'Dyke': 0, 'Storm water drain': 0, 'Emergency': 0, 'Immediate': 0, 'IM': 0, 'AE': 0, 'A E': 0, 'AAPDA MITRA': 0}","{'Floodlight': 0, 'Flood Light': 0, 'GAS': 0, 'FIFA': 0, 'pipe': 0, 'pipes': 0, 'covid': 0}",Post-Monsoon,,False,True,Others,
2025_UPIDC_1082525_1,01/EE/2025-26,Silt clearance work of Mangalpur Dy. from km.18.092 to km. 33.051,Silt Clearance,Works,Open Tender,Item Rate,Civil Works - Canal,No,No,NA ,14-Oct-2025 12:45 PM,NA ,90.0,No ,No,Online,21-Oct-2025 03:00 PM,"U P Irrigation Department (Civil)||Chief Engineer-Ram Ganga, Kanpur||Irrigation Works Circle, Etawah||ID, auriya",Silt clearance work of Mangalpur Dy. from km.18.09,206244.0,2.0,"6,80,000",HIMNSHU TRADERS,"406,015.8",Accepted-AOC,14-Dec-2025,"U P Irrigation Department (Civil)||Chief Engineer-Ram Ganga, Kanpur||Irrigation Works Circle, Etawah||ID, auriya",True,"{'Flood': 0, 'Embankment': 0, 'embkt': 0, 'Relief': 0, 'Erosion': 0, 'SDRF': 0, 'Inundation': 0, 'Hydrology': 0, 'Silt': 2, 'Siltation': 0, 'Bund': 0, 'Trench': 0, 'Breach': 0, 'Culvert': 0, 'Sluice': 0, 'Dyke': 0, 'Storm water drain': 0, 'Emergency': 0, 'Immediate': 0, 'IM': 0, 'AE': 0, 'A E': 0, 'AAPDA MITRA': 0}","{'Floodlight': 0, 'Flood Light': 0, 'GAS': 0, 'FIFA': 0, 'pipe': 0, 'pipes': 0, 'covid': 0}",Monsoon,,False,True,Others,
2025_UPIDC_1082813_21,03/EE/2025-26,AS PER TENDER NOTICE-03 LOT 05,SILT CLEARENCE/SCRAPING OF HASANPUR DY. FROM KM. 0.000 TO KM. 7.974 FOR THE YEAR 2025-26,Works,Open Tender,Item Rate,Civil Works - Canal,No,No,NA ,07-Nov-2025 03:00 PM,NA ,90.0,No ,No,Online,13-Nov-2025 03:00 PM,"U P Irrigation Department (Civil)||Chief Engineer-Sharda Sahayak, Lucknow||VII Circle Irrigation Works, Lucknow||EE SSK Division-28 Haidergarh",Haidergarh,225124.0,2.0,,m/s mohd. zamil,"355,118.06",Accepted-AOC,21-Nov-2025,"U P Irrigation Department (Civil)||Chief Engineer-Sharda Sahayak, Lucknow||VII Circle Irrigation Works, Lucknow||EE SSK Division-28 Haidergarh",True,"{'Flood': 0, 'Embankment': 0, 'embkt': 0, 'Relief': 0, 'Erosion': 0, 'SDRF': 0, 'Inundation': 0, 'Hydrology': 0, 'Silt': 1, 'Siltation': 0, 'Bund': 0, 'Trench': 0, 'Breach': 0, 'Culvert': 0, 'Sluice': 0, 'Dyke': 0, 'Storm water drain': 0, 'Emergency': 0, 'Immediate': 0, 'IM': 0, 'AE': 0, 'A E': 0, 'AAPDA MITRA': 0}","{'Floodlight': 0, 'Flood Light': 0, 'GAS': 0, 'FIFA': 0, 'pipe': 0, 'pipes': 0, 'covid': 0}",Post-Monsoon,,False,True,Others,
2025_UPIDC_1082164_10,04/EE/2025-26,Silt clearance of Bihat Dy. from km 0.000 to km 7.340 (Lot-10),Silt clearance of Bihat Dy. from km 0.000 to km 7.340 (Lot-10),Works,Open Tender,Item Rate,Civil Works - Canal,No,No,NA ,14-Oct-2025 09:00 AM,16-Oct-2025 12:00 PM ,90.0,No ,No,Online,27-Oct-2025 12:00 PM,"U P Irrigation Department (Civil)||Chief Engineer-Sharda, Lucknow||Irrigation Works Circle, Sitapur||SDSC, sitapur",Sitapur,261001.0,2.0,"2,42,000",JAI KARAN SINGH,"199,360",Accepted-AOC,12-Nov-2025,"U P Irrigation Department (Civil)||Chief Engineer-Sharda, Lucknow||Irrigation Works Circle, Sitapur||SDSC, sitapur",True,"{'Flood': 0, 'Embankment': 0, 'embkt': 0, 'Relief': 0, 'Erosion': 0, 'SDRF': 0, 'Inundation': 0, 'Hydrology': 0, 'Silt': 2, 'Siltation': 0, 'Bund': 0, 'Trench': 0, 'Breach': 0, 'Culvert': 0, 'Sluice': 0, 'Dyke': 0, 'Storm water drain': 0, 'Emergency': 0, 'Immediate': 0, 'IM': 0, 'AE': 0, 'A E': 0, 'AAPDA MITRA': 0}","{'Floodlight': 0, 'Flood Light': 0, 'GAS': 0, 'FIFA': 0, 'pipe': 0, 'pipes': 0, 'covid': 0}",Monsoon,,False,True,Others,
2025_UPIDC_1085715_102,02/AE-II/2025-26,Earth Work in Silt Clearance and Scraping of Molnapur Mr. from Km. 0.000 to Km. 2.800 and Pipraula Mr. from Km. 0.000 to Km. 1.500,Silt Clearance and Scraping,Works,Open Tender,Item Rate,Civil Works,No,No,NA ,20-Nov-2025 01:00 PM,NA ,90.0,No ,No,Online,26-Nov-2025 03:00 PM,"U P Irrigation Department (Civil)||Chief Engineer-Sharda Sahayak, Lucknow||XIV Circle Irrigation Works, Azamgarh||SSD-32, azamgarh",AZAMGARH,276001.0,2.0,"90,000",Ravindra Yadav,"85,630.8",Accepted-AOC,26-Dec-2025,"U P Irrigation Department (Civil)||Chief Engineer-Sharda Sahayak, Lucknow||XIV Circle Irrigation Works, Azamgarh||SSD-32, azamgarh",True,"{'Flood': 0, 'Embankment': 0, 'embkt': 0, 'Relief': 0, 'Erosion': 0, 'SDRF': 0, 'Inundation': 0, 'Hydrology': 0, 'Silt': 2, 'Siltation': 0, 'Bund': 0, 'Trench': 0, 'Breach': 0, 'Culvert': 0, 'Sluice': 0, 'Dyke': 0, 'Storm water drain': 0, 'Emergency': 0, 'Immediate': 0, 'IM': 0, 'AE': 1, 'A E': 0, 'AAPDA MITRA': 0}","{'Floodlight': 0, 'Flood Light': 0, 'GAS': 0, 'FIFA': 0, 'pipe': 0, 'pipes': 0, 'covid': 0}",Post-Monsoon,,True,True,Repair and Restoration,{'mr': 2}
2025_UPIDC_1083624_13,01/EE/2025-2026,SILT CLEARANCE/SCRAPPING OF SONHAR DY KM 0.00 TO 24.00,SILT CLEARANCE/SCRAPPING OF SONHAR DY KM 0.00 TO 24.00,Works,Open Tender,Item Rate,Civil Works - Canal,No,No,NA ,18-Oct-2025 10:00 AM,NA ,90.0,No ,No,Online,06-Nov-2025 11:00 AM,"U P Irrigation Department (Civil)||Chief Engineer-Sharda, Lucknow||VI Circle Irrigation Works, Lucknow||ID, unnao",UNNAO,209801.0,2.0,"8,40,000",M/S LAL BAHAUDAR SINGH,"791,756",Accepted-AOC,24-Nov-2025,"U P Irrigation Department (Civil)||Chief Engineer-Sharda, Lucknow||VI Circle Irrigation Works, Lucknow||ID, unnao",True,"{'Flood': 0, 'Embankment': 0, 'embkt': 0, 'Relief': 0, 'Erosion': 0, 'SDRF': 0, 'Inundation': 0, 'Hydrology': 0, 'Silt': 2, 'Siltation': 0, 'Bund': 0, 'Trench': 0, 'Breach': 0, 'Culvert': 0, 'Sluice': 0, 'Dyke': 0, 'Storm water drain': 0, 'Emergency': 0, 'Immediate': 0, 'IM': 0, 'AE': 0, 'A E': 0, 'AAPDA MITRA': 0}","{'Floodlight': 0, 'Flood Light': 0, 'GAS': 0, 'FIFA': 0, 'pipe': 0, 'pipes': 0, 'covid': 0}",Post-Monsoon,,False,True,Others,
2025_UPIDC_1086936_2,03/EE/SSK41/2025-26,SILT CLEARANCE OF INHUANA DY FROM KM 1.890 TO KM 10.781,SILT CLEARANCE OF INHUANA DY FROM KM 1.890 TO KM 10.781,Works,Open Tender,Item Rate,Civil Works - Canal,No,No,NA ,12-Nov-2025 10:00 AM,NA ,90.0,No ,No,Online,17-Nov-2025 01:00 PM,"U P Irrigation Department (Civil)||Chief Engineer-Sharda Sahayak, Lucknow||XVI Circle Irrigation Works, Pratapgargh||Sharda Sahayak Division 41 Amethi",Barabanki,225001.0,2.0,"15,01,000",ALTRA CONST ASSOCIATES,"1,020,639.2",Accepted-AOC,26-Nov-2025,"U P Irrigation Department (Civil)||Chief Engineer-Sharda Sahayak, Lucknow||XVI Circle Irrigation Works, Pratapgargh||Sharda Sahayak Division 41 Amethi",True,"{'Flood': 0, 'Embankment': 0, 'embkt': 0, 'Relief': 0, 'Erosion': 0, 'SDRF': 0, 'Inundation': 0, 'Hydrology': 0, 'Silt': 2, 'Siltation': 0, 'Bund': 0, 'Trench': 0, 'Breach': 0, 'Culvert': 0, 'Sluice': 0, 'Dyke': 0, 'Storm water drain': 0, 'Emergency': 0, 'Immediate': 0, 'IM': 0, 'AE': 0, 'A E': 0, 'AAPDA MITRA': 0}","{'Floodlight': 0, 'Flood Light': 0, 'GAS': 0, 'FIFA': 0, 'pipe': 0, 'pipes': 0, 'covid': 0}",Post-Monsoon,,False,True,Others,
2025_UPIDC_1084346_7,05/EE/2025-26,Silt Clearance in Raebareli Dy. from 0.000 to 19.800 for Rabi fasli 1433 year 2025-26 (Lot-7),Silt Clearance in Raebareli Dy. from 0.000 to 19.800 for Rabi fasli 1433 year 2025-26 (Lot-7),Works,Open Tender,Item Rate,Civil Works - Canal,No,No,NA ,24-Oct-2025 10:00 AM,NA ,90.0,No ,No,Online,30-Oct-2025 02:05 PM,"U P Irrigation Department (Civil)||Chief Engineer-Sharda, Lucknow||VI Circle Irrigation Works, Lucknow||LD-2SC, lucknow",Lucknow,226010.0,2.0,"10,14,000",Indal Enterprises,"756,240.17",Accepted-AOC,02-Dec-2025,"U P Irrigation Department (Civil)||Chief Engineer-Sharda, Lucknow||VI Circle Irrigation Works, Lucknow||LD-2SC, lucknow",True,"{'Flood': 0, 'Embankment': 0, 'embkt': 0, 'Relief': 0, 'Erosion': 0, 'SDRF': 0, 'Inundation': 0, 'Hydrology': 0, 'Silt': 2, 'Siltation': 0, 'Bund': 0, 'Trench': 0, 'Breach': 0, 'Culvert': 0, 'Sluice': 0, 'Dyke': 0, 'Storm water drain': 0, 'Emergency': 0, 'Immediate': 0, 'IM': 0, 'AE': 0, 'A E': 0, 'AAPDA MITRA': 0}","{'Floodlight': 0, 'Flood Light': 0, 'GAS': 0, 'FIFA': 0, 'pipe': 0, 'pipes': 0, 'covid': 0}",Post-Monsoon,,False,True,Others,
2025_UPIDC_1082147_29,03/EE/2025-26,SILT CLEARENCE FROM KM. 0.000 TO 5.600 OF CHATTARPUR MR. AND KM. 0.000 TO 5.000 OF KATKUIYAN MR,SILT CLEARENCE FROM KM. 0.000 TO 5.600 OF CHATTARPUR MR. AND KM. 0.000 TO 5.000 OF KATKUIYAN MR,Works,Open Tender,Item Rate,Civil Works - Canal,No,No,NA ,13-Oct-2025 09:00 AM,NA ,90.0,No ,No,Online,18-Oct-2025 04:30 PM,"U P Irrigation Department (Civil)||Chief Engineer-Saryu Project-1, Faizabad||Irrigation Construction Circle, Bahraich||SCD-1, bahraich",Bahraich,271801.0,2.0,"2,30,000",BINNU SINGH CONTRACTOR,"227,745.6",Accepted-AOC,14-Nov-2025,"U P Irrigation Department (Civil)||Chief Engineer-Saryu Project-1, Faizabad||Irrigation Construction Circle, Bahraich||SCD-1, bahraich",True,"{'Flood': 0, 'Embankment': 0, 'embkt': 0, 'Relief': 0, 'Erosion': 0, 'SDRF': 0, 'Inundation': 0, 'Hydrology': 0, 'Silt': 2, 'Siltation': 0, 'Bund': 0, 'Trench': 0, 'Breach': 0, 'Culvert': 0, 'Sluice': 0, 'Dyke': 0, 'Storm water drain': 0, 'Emergency': 0, 'Immediate': 0, 'IM': 0, 'AE': 0, 'A E': 0, 'AAPDA MITRA': 0}","{'Floodlight': 0, 'Flood Light': 0, 'GAS': 0, 'FIFA': 0, 'pipe': 0, 'pipes': 0, 'covid': 0}",Monsoon,,False,True,Repair and Restoration,{'mr': 4}
2025_UPIDC_1082040_20,02/EE/2025-26,Silt Clearance /scraping of jhal mr.from km 0.00 to 7.660 km(Lot-20),Silt Clearance /scraping of jhal mr.from km 0.00 to 7.660 km,Works,Open Tender,Item Wise,Civil Works - Canal,No,No,NA ,14-Oct-2025 10:00 AM,NA ,90.0,No ,No,Online,21-Oct-2025 11:00 AM,"U P Irrigation Department (Civil)||Chief Engineer-Eastern Ganga, Moradabad||EGCC Circle, Haridwar||ID, bijnore",Bijnor,246701.0,2.0,"4,00,000",MOHD YAIN,"291,703.17",Accepted-AOC,01-Nov-2025,"U P Irrigation Department (Civil)||Chief Engineer-Eastern Ganga, Moradabad||EGCC Circle, Haridwar||ID, bijnore",True,"{'Flood': 0, 'Embankment': 0, 'embkt': 0, 'Relief': 0, 'Erosion': 0, 'SDRF': 0, 'Inundation': 0, 'Hydrology': 0, 'Silt': 2, 'Siltation': 0, 'Bund': 0, 'Trench': 0, 'Breach': 0, 'Culvert': 0, 'Sluice': 0, 'Dyke': 0, 'Storm water drain': 0, 'Emergency': 0, 'Immediate': 0, 'IM': 0, 'AE': 0, 'A E': 0, 'AAPDA MITRA': 0}","{'Floodlight': 0, 'Flood Light': 0, 'GAS': 0, 'FIFA': 0, 'pipe': 0, 'pipes': 0, 'covid': 0}",Monsoon,,False,True,Repair and Restoration,{'mr': 2}
2025_UPIDC_1082147_28,03/EE/2025-26,SILT CLEARANCE FROM KM. 0.000 TO 11.600 OF GAMBHIRWA MR,SILT CLEARANCE FROM KM. 0.000 TO 11.600 OF GAMBHIRWA MR,Works,Open Tender,Item Rate,Civil Works - Canal,No,No,NA ,13-Oct-2025 09:00 AM,NA ,90.0,No ,No,Online,18-Oct-2025 04:30 PM,"U P Irrigation Department (Civil)||Chief Engineer-Saryu Project-1, Faizabad||Irrigation Construction Circle, Bahraich||SCD-1, bahraich",Bahraich,271801.0,2.0,"5,48,000",Mohammad Abdulla,"427,221.9",Accepted-AOC,14-Nov-2025,"U P Irrigation Department (Civil)||Chief Engineer-Saryu Project-1, Faizabad||Irrigation Construction Circle, Bahraich||SCD-1, bahraich",True,"{'Flood': 0, 'Embankment': 0, 'embkt': 0, 'Relief': 0, 'Erosion': 0, 'SDRF': 0, 'Inundation': 0, 'Hydrology': 0, 'Silt': 2, 'Siltation': 0, 'Bund': 0, 'Trench': 0, 'Breach': 0, 'Culvert': 0, 'Sluice': 0, 'Dyke': 0, 'Storm water drain': 0, 'Emergency': 0, 'Immediate': 0, 'IM': 0, 'AE': 0, 'A E': 0, 'AAPDA MITRA': 0}","{'Floodlight': 0, 'Flood Light': 0, 'GAS': 0, 'FIFA': 0, 'pipe': 0, 'pipes': 0, 'covid': 0}",Monsoon,,False,True,Repair and Restoration,{'mr': 2}
2025_UPIDC_1079274_13,01/EE/2025-26 DT. 26-09-2025,Silt clearance and Bed scrapping,Silt clearance Between Km 0.000 to Km 12.000 and Scrapping between km 12.000 to km 16.680 on Narayanpur Dy,Works,Open Tender,Item Rate,Civil Works - Canal,No,No,NA ,06-Oct-2025 10:00 AM,NA ,90.0,No ,No,Online,14-Oct-2025 02:00 PM,"U P Irrigation Department (Civil)||Chief Engineer-Gandak, Gorakhpur||Gandak IWC-1, Gorakhpur||ID-2, deoria",Narayanpur Dy,274001.0,2.0,"6,82,853",M/S J. D. Enterprises,"577,815",Accepted-AOC,03-Dec-2025,"U P Irrigation Department (Civil)||Chief Engineer-Gandak, Gorakhpur||Gandak IWC-1, Gorakhpur||ID-2, deoria",True,"{'Flood': 0, 'Embankment': 0, 'embkt': 0, 'Relief': 0, 'Erosion': 0, 'SDRF': 0, 'Inundation': 0, 'Hydrology': 0, 'Silt': 2, 'Siltation': 0, 'Bund': 0, 'Trench': 0, 'Breach': 0, 'Culvert': 0, 'Sluice': 0, 'Dyke': 0, 'Storm water drain': 0, 'Emergency': 0, 'Immediate': 0, 'IM': 0, 'AE': 0, 'A E': 0, 'AAPDA MITRA': 0}","{'Floodlight': 0, 'Flood Light': 0, 'GAS': 0, 'FIFA': 0, 'pipe': 0, 'pipes': 0, 'covid': 0}",Monsoon,,False,True,Others,
2025_UPIDC_1080412_60,02/EE/2025-26,Silt Clearance from Km 15.500 to 31.200 of Sheorajpur Dy.,Silt Clearance,Works,Open Tender,Item Wise,Civil Works - Canal,No,No,NA ,20-Nov-2025 12:00 PM,NA ,90.0,No ,No,Online,26-Nov-2025 12:00 PM,"U P Irrigation Department (Civil)||Chief Engineer-Ram Ganga, Kanpur||II Circle Irrigation Works, Kanpur||KDLGC, kanpur",Kanpur,208004.0,2.0,"12,72,000",M/S RAJESH KUMAR KATIYAR,"1,272,489.6",Accepted-AOC,03-Dec-2025,"U P Irrigation Department (Civil)||Chief Engineer-Ram Ganga, Kanpur||II Circle Irrigation Works, Kanpur||KDLGC, kanpur",True,"{'Flood': 0, 'Embankment': 0, 'embkt': 0, 'Relief': 0, 'Erosion': 0, 'SDRF': 0, 'Inundation': 0, 'Hydrology': 0, 'Silt': 2, 'Siltation': 0, 'Bund': 0, 'Trench': 0, 'Breach': 0, 'Culvert': 0, 'Sluice': 0, 'Dyke': 0, 'Storm water drain': 0, 'Emergency': 0, 'Immediate': 0, 'IM': 0, 'AE': 0, 'A E': 0, 'AAPDA MITRA': 0}","{'Floodlight': 0, 'Flood Light': 0, 'GAS': 0, 'FIFA': 0, 'pipe': 0, 'pipes': 0, 'covid': 0}",Post-Monsoon,,False,True,Others,
2025_UPIDC_1086698_3,04/AE-IV/2025-26,Earth Work in Silt Clearance/Scraping of Vishunpur Mr. from Km. 0.000 to Km. 1.350 and Muhammadpur Mr. from Km. 0.000 to Km. 1.350,Silt Clearance/Scraping,Works,Open Tender,Item Rate,Civil Works,No,No,NA ,30-Oct-2025 10:00 AM,NA ,90.0,No ,No,Online,07-Nov-2025 12:30 PM,"U P Irrigation Department (Civil)||Chief Engineer-Sharda Sahayak, Lucknow||XIV Circle Irrigation Works, Azamgarh||SSD-32, azamgarh",AZAMGARH,276001.0,2.0,"70,000",DEOMAN YADAV,"41,980.65",Accepted-AOC,06-Dec-2025,"U P Irrigation Department (Civil)||Chief Engineer-Sharda Sahayak, Lucknow||XIV Circle Irrigation Works, Azamgarh||SSD-32, azamgarh",True,"{'Flood': 0, 'Embankment': 0, 'embkt': 0, 'Relief': 0, 'Erosion': 0, 'SDRF': 0, 'Inundation': 0, 'Hydrology': 0, 'Silt': 2, 'Siltation': 0, 'Bund': 0, 'Trench': 0, 'Breach': 0, 'Culvert': 0, 'Sluice': 0, 'Dyke': 0, 'Storm water drain': 0, 'Emergency': 0, 'Immediate': 0, 'IM': 0, 'AE': 1, 'A E': 0, 'AAPDA MITRA': 0}","{'Floodlight': 0, 'Flood Light': 0, 'GAS': 0, 'FIFA': 0, 'pipe': 0, 'pipes': 0, 'covid': 0}",Post-Monsoon,,True,True,Repair and Restoration,{'mr': 2}
2025_UPIDC_1087895_5,03/E.E/2025-26,Silt clearance of Jajupur Mr. km 0.000 to 7.400,Silt clearance of Jajupur Mr. km 0.000 to 7.400,Works,Open Tender,Item Wise,Civil Works - Canal,No,No,NA ,03-Nov-2025 09:00 AM,NA ,15.0,No ,No,Online,11-Nov-2025 11:00 AM,"U P Irrigation Department (Civil)||Chief Engineer-Sharda Sahayak, Lucknow||XVI Circle Irrigation Works, Pratapgargh||ID, pratapgarh",pratapgarh,230001.0,2.0,"2,22,000",M/S ADITYA ENTERPRISES,"221,660.16",Accepted-AOC,18-Nov-2025,"U P Irrigation Department (Civil)||Chief Engineer-Sharda Sahayak, Lucknow||XVI Circle Irrigation Works, Pratapgargh||ID, pratapgarh",True,"{'Flood': 0, 'Embankment': 0, 'embkt': 0, 'Relief': 0, 'Erosion': 0, 'SDRF': 0, 'Inundation': 0, 'Hydrology': 0, 'Silt': 2, 'Siltation': 0, 'Bund': 0, 'Trench': 0, 'Breach': 0, 'Culvert': 0, 'Sluice': 0, 'Dyke': 0, 'Storm water drain': 0, 'Emergency': 0, 'Immediate': 0, 'IM': 0, 'AE': 0, 'A E': 0, 'AAPDA MITRA': 0}","{'Floodlight': 0, 'Flood Light': 0, 'GAS': 0, 'FIFA': 0, 'pipe': 0, 'pipes': 0, 'covid': 0}",Post-Monsoon,,False,True,Repair and Restoration,{'mr': 2}
2025_UPIDC_1083668_18,01/EE/2025-26,Silt Clearance/Scraping work of Semri Minor (km 0.00 to 2.800),Silt Clearance/Scraping work of Semri Minor (km 0.00 to 2.800),Works,Open Tender,Item Rate,Civil Works - Canal,No,No,NA ,18-Oct-2025 10:00 AM,NA ,90.0,No ,No,Online,30-Oct-2025 04:00 PM,"U P Irrigation Department (Civil)||Chief Engineer-Saryu Project-2, Gonda||Drainage Cirlce, Gonda||EE Chitaurgarh Dam Construction Division Balrampur",Tulsipur Balrampur,271210.0,2.0,"46,000",M/S ANAND KUMAR,"45,747.9",Accepted-AOC,05-Dec-2025,"U P Irrigation Department (Civil)||Chief Engineer-Saryu Project-2, Gonda||Drainage Cirlce, Gonda||EE Chitaurgarh Dam Construction Division Balrampur",True,"{'Flood': 0, 'Embankment': 0, 'embkt': 0, 'Relief': 0, 'Erosion': 0, 'SDRF': 0, 'Inundation': 0, 'Hydrology': 0, 'Silt': 2, 'Siltation': 0, 'Bund': 0, 'Trench': 0, 'Breach': 0, 'Culvert': 0, 'Sluice': 0, 'Dyke': 0, 'Storm water drain': 0, 'Emergency': 0, 'Immediate': 0, 'IM': 0, 'AE': 0, 'A E': 0, 'AAPDA MITRA': 0}","{'Floodlight': 0, 'Flood Light': 0, 'GAS': 0, 'FIFA': 0, 'pipe': 0, 'pipes': 0, 'covid': 0}",Post-Monsoon,,False,True,Others,
2025_UPIDC_1085715_124,02/AE-II/2025-26,Earth Work in Silt Clearance and Scraping of Sadaruddinpur Mr. from Km. 0.000 to Km. 1.000 and Chhagganpur Mr. from Km. 0.000 to Km. 1.900,Silt Clearance and Scraping,Works,Open Tender,Item Rate,Civil Works,No,No,NA ,20-Nov-2025 01:00 PM,NA ,90.0,No ,No,Online,26-Nov-2025 03:00 PM,"U P Irrigation Department (Civil)||Chief Engineer-Sharda Sahayak, Lucknow||XIV Circle Irrigation Works, Azamgarh||SSD-32, azamgarh",AZAMGARH,276001.0,2.0,"61,000",Ravindra Yadav,"59,778.7",Accepted-AOC,26-Dec-2025,"U P Irrigation Department (Civil)||Chief Engineer-Sharda Sahayak, Lucknow||XIV Circle Irrigation Works, Azamgarh||SSD-32, azamgarh",True,"{'Flood': 0, 'Embankment': 0, 'embkt': 0, 'Relief': 0, 'Erosion': 0, 'SDRF': 0, 'Inundation': 0, 'Hydrology': 0, 'Silt': 2, 'Siltation': 0, 'Bund': 0, 'Trench': 0, 'Breach': 0, 'Culvert': 0, 'Sluice': 0, 'Dyke': 0, 'Storm water drain': 0, 'Emergency': 0, 'Immediate': 0, 'IM': 0, 'AE': 1, 'A E': 0, 'AAPDA MITRA': 0}","{'Floodlight': 0, 'Flood Light': 0, 'GAS': 0, 'FIFA': 0, 'pipe': 0, 'pipes': 0, 'covid': 0}",Post-Monsoon,,True,True,Repair and Restoration,{'mr': 2}
2025_UPIDC_1085715_118,02/AE-II/2025-26,Earth Work in Silt Clearance and Scraping of Sikandarpur Mr. from Km. 0.000 to Km. 2.700,Silt Clearance and Scraping,Works,Open Tender,Item Rate,Civil Works,No,No,NA ,20-Nov-2025 01:00 PM,NA ,90.0,No ,No,Online,26-Nov-2025 03:00 PM,"U P Irrigation Department (Civil)||Chief Engineer-Sharda Sahayak, Lucknow||XIV Circle Irrigation Works, Azamgarh||SSD-32, azamgarh",AZAMGARH,276001.0,2.0,"56,000",Ravindra Yadav,"54,805.1",Accepted-AOC,26-Dec-2025,"U P Irrigation Department (Civil)||Chief Engineer-Sharda Sahayak, Lucknow||XIV Circle Irrigation Works, Azamgarh||SSD-32, azamgarh",True,"{'Flood': 0, 'Embankment': 0, 'embkt': 0, 'Relief': 0, 'Erosion': 0, 'SDRF': 0, 'Inundation': 0, 'Hydrology': 0, 'Silt': 2, 'Siltation': 0, 'Bund': 0, 'Trench': 0, 'Breach': 0, 'Culvert': 0, 'Sluice': 0, 'Dyke': 0, 'Storm water drain': 0, 'Emergency': 0, 'Immediate': 0, 'IM': 0, 'AE': 1, 'A E': 0, 'AAPDA MITRA': 0}","{'Floodlight': 0, 'Flood Light': 0, 'GAS': 0, 'FIFA': 0, 'pipe': 0, 'pipes': 0, 'covid': 0}",Post-Monsoon,,True,True,Repair and Restoration,{'mr': 1}
2025_UPIDC_1080412_62,02/EE/2025-26,Silt Clearance from Km 0.000 to 6.200 of Nadiha Dy.,Silt Clearance,Works,Open Tender,Item Wise,Civil Works - Canal,No,No,NA ,20-Nov-2025 12:00 PM,NA ,90.0,No ,No,Online,26-Nov-2025 12:00 PM,"U P Irrigation Department (Civil)||Chief Engineer-Ram Ganga, Kanpur||II Circle Irrigation Works, Kanpur||KDLGC, kanpur",Kanpur,208004.0,2.0,"4,20,000",DEV CONSTRUCTIONS AND SUPPLIERS,"221,209.32",Accepted-AOC,03-Dec-2025,"U P Irrigation Department (Civil)||Chief Engineer-Ram Ganga, Kanpur||II Circle Irrigation Works, Kanpur||KDLGC, kanpur",True,"{'Flood': 0, 'Embankment': 0, 'embkt': 0, 'Relief': 0, 'Erosion': 0, 'SDRF': 0, 'Inundation': 0, 'Hydrology': 0, 'Silt': 2, 'Siltation': 0, 'Bund': 0, 'Trench': 0, 'Breach': 0, 'Culvert': 0, 'Sluice': 0, 'Dyke': 0, 'Storm water drain': 0, 'Emergency': 0, 'Immediate': 0, 'IM': 0, 'AE': 0, 'A E': 0, 'AAPDA MITRA': 0}","{'Floodlight': 0, 'Flood Light': 0, 'GAS': 0, 'FIFA': 0, 'pipe': 0, 'pipes': 0, 'covid': 0}",Post-Monsoon,,False,True,Others,
2025_UPIDC_1082813_13,03/EE/2025-26,AS PER TENDER NOTICE-03 LOT 13,Silt clearence of Ramai Dy from Km. 0.000 to Km. 4.360 and scarping from Km. 4.360 to km. 7.425,Works,Open Tender,Item Rate,Civil Works - Canal,No,No,NA ,16-Oct-2025 11:00 AM,NA ,90.0,No ,No,Online,31-Oct-2025 03:00 PM,"U P Irrigation Department (Civil)||Chief Engineer-Sharda Sahayak, Lucknow||VII Circle Irrigation Works, Lucknow||EE SSK Division-28 Haidergarh",Haidergarh,225124.0,2.0,,M/S Kamlesh Kumar Singh,"310,724.55",Accepted-AOC,21-Nov-2025,"U P Irrigation Department (Civil)||Chief Engineer-Sharda Sahayak, Lucknow||VII Circle Irrigation Works, Lucknow||EE SSK Division-28 Haidergarh",True,"{'Flood': 0, 'Embankment': 0, 'embkt': 0, 'Relief': 0, 'Erosion': 0, 'SDRF': 0, 'Inundation': 0, 'Hydrology': 0, 'Silt': 1, 'Siltation': 0, 'Bund': 0, 'Trench': 0, 'Breach': 0, 'Culvert': 0, 'Sluice': 0, 'Dyke': 0, 'Storm water drain': 0, 'Emergency': 0, 'Immediate': 0, 'IM': 0, 'AE': 0, 'A E': 0, 'AAPDA MITRA': 0}","{'Floodlight': 0, 'Flood Light': 0, 'GAS': 0, 'FIFA': 0, 'pipe': 0, 'pipes': 0, 'covid': 0}",Post-Monsoon,,False,True,Others,
2025_UPIDC_1079274_11,01/EE/2025-26 DT. 26-09-2025,Silt clearance and Bed scrapping,silt clearance between km 0.000 to km 10.000 and scraping between Km 10.000 to Km 12.500 on MEDNIPUR DY,Works,Open Tender,Item Rate,Civil Works - Canal,No,No,NA ,06-Oct-2025 10:00 AM,NA ,90.0,No ,No,Online,14-Oct-2025 02:00 PM,"U P Irrigation Department (Civil)||Chief Engineer-Gandak, Gorakhpur||Gandak IWC-1, Gorakhpur||ID-2, deoria",MEDNIPUR DY,274001.0,2.0,"5,01,287",ABHYUDAY TRADERS,"443,303.4",Accepted-AOC,03-Dec-2025,"U P Irrigation Department (Civil)||Chief Engineer-Gandak, Gorakhpur||Gandak IWC-1, Gorakhpur||ID-2, deoria",True,"{'Flood': 0, 'Embankment': 0, 'embkt': 0, 'Relief': 0, 'Erosion': 0, 'SDRF': 0, 'Inundation': 0, 'Hydrology': 0, 'Silt': 2, 'Siltation': 0, 'Bund': 0, 'Trench': 0, 'Breach': 0, 'Culvert': 0, 'Sluice': 0, 'Dyke': 0, 'Storm water drain': 0, 'Emergency': 0, 'Immediate': 0, 'IM': 0, 'AE': 0, 'A E': 0, 'AAPDA MITRA': 0}","{'Floodlight': 0, 'Flood Light': 0, 'GAS': 0, 'FIFA': 0, 'pipe': 0, 'pipes': 0, 'covid': 0}",Monsoon,,False,True,Others,
2025_UPIDC_1082147_16,03/EE/2025-26,SILT AND JUNGLE CLEARANCE FROM INTERNAL SECTION OF FAKHARPUR DY. BETWEEN KM. 3.000 TO KM. 27.200,SILT AND JUNGLE CLEARANCE FROM INTERNAL SECTION OF FAKHARPUR DY. BETWEEN KM. 3.000 TO KM. 27.200,Works,Open Tender,Item Rate,Civil Works - Canal,No,No,NA ,13-Oct-2025 09:00 AM,NA ,90.0,No ,No,Online,18-Oct-2025 04:30 PM,"U P Irrigation Department (Civil)||Chief Engineer-Saryu Project-1, Faizabad||Irrigation Construction Circle, Bahraich||SCD-1, bahraich",Bahraich,271801.0,2.0,"11,51,000",AKSHYANTRA ENGINEERING CONSTRUCTION COMPANY,"736,292",Accepted-AOC,14-Nov-2025,"U P Irrigation Department (Civil)||Chief Engineer-Saryu Project-1, Faizabad||Irrigation Construction Circle, Bahraich||SCD-1, bahraich",True,"{'Flood': 0, 'Embankment': 0, 'embkt': 0, 'Relief': 0, 'Erosion': 0, 'SDRF': 0, 'Inundation': 0, 'Hydrology': 0, 'Silt': 2, 'Siltation': 0, 'Bund': 0, 'Trench': 0, 'Breach': 0, 'Culvert': 0, 'Sluice': 0, 'Dyke': 0, 'Storm water drain': 0, 'Emergency': 0, 'Immediate': 0, 'IM': 0, 'AE': 0, 'A E': 0, 'AAPDA MITRA': 0}","{'Floodlight': 0, 'Flood Light': 0, 'GAS': 0, 'FIFA': 0, 'pipe': 0, 'pipes': 0, 'covid': 0}",Monsoon,,False,True,Others,
2025_UPIDC_1086934_2,03/EE/SSK41/2025-26,Silt Clearance and Scrapping of existing internal section of Atheha Distributary From Km. 9.144 to Km. 27.450,Silt Clearance and Scrapping of existing internal section of Atheha Distributary From Km. 9.144 to Km. 27.450,Works,Open Tender,Item Rate,Civil Works - Canal,No,No,NA ,12-Nov-2025 10:00 AM,NA ,90.0,No ,No,Online,17-Nov-2025 01:00 PM,"U P Irrigation Department (Civil)||Chief Engineer-Sharda Sahayak, Lucknow||XVI Circle Irrigation Works, Pratapgargh||Sharda Sahayak Division 41 Amethi",Pratapgarh,229305.0,2.0,"11,15,000",M/s Jai Bajrang Bali Constructions,"613,179.183",Accepted-AOC,27-Nov-2025,"U P Irrigation Department (Civil)||Chief Engineer-Sharda Sahayak, Lucknow||XVI Circle Irrigation Works, Pratapgargh||Sharda Sahayak Division 41 Amethi",True,"{'Flood': 0, 'Embankment': 0, 'embkt': 0, 'Relief': 0, 'Erosion': 0, 'SDRF': 0, 'Inundation': 0, 'Hydrology': 0, 'Silt': 2, 'Siltation': 0, 'Bund': 0, 'Trench': 0, 'Breach': 0, 'Culvert': 0, 'Sluice': 0, 'Dyke': 0, 'Storm water drain': 0, 'Emergency': 0, 'Immediate': 0, 'IM': 0, 'AE': 0, 'A E': 0, 'AAPDA MITRA': 0}","{'Floodlight': 0, 'Flood Light': 0, 'GAS': 0, 'FIFA': 0, 'pipe': 0, 'pipes': 0, 'covid': 0}",Post-Monsoon,,False,True,Others,
2025_UPIDC_1084482_30,03/E.E./2025-26,Earth Work in Silt Clearance/Scraping of Kapsa Dy. from Km. 0.000 to Km. 13.000,Earth Work in Silt Clearance/Scraping,Works,Open Tender,Item Rate,Civil Works,No,No,NA ,17-Nov-2025 01:00 PM,NA ,90.0,No ,No,Online,22-Nov-2025 01:30 PM,"U P Irrigation Department (Civil)||Chief Engineer-Sharda Sahayak, Lucknow||XIV Circle Irrigation Works, Azamgarh||SSD-32, azamgarh",AZAMGARH,276001.0,2.0,"2,70,000",MS SURESH CONSTRUCTION,"187,026.61",Accepted-AOC,19-Dec-2025,"U P Irrigation Department (Civil)||Chief Engineer-Sharda Sahayak, Lucknow||XIV Circle Irrigation Works, Azamgarh||SSD-32, azamgarh",True,"{'Flood': 0, 'Embankment': 0, 'embkt': 0, 'Relief': 0, 'Erosion': 0, 'SDRF': 0, 'Inundation': 0, 'Hydrology': 0, 'Silt': 2, 'Siltation': 0, 'Bund': 0, 'Trench': 0, 'Breach': 0, 'Culvert': 0, 'Sluice': 0, 'Dyke': 0, 'Storm water drain': 0, 'Emergency': 0, 'Immediate': 0, 'IM': 0, 'AE': 0, 'A E': 0, 'AAPDA MITRA': 0}","{'Floodlight': 0, 'Flood Light': 0, 'GAS': 0, 'FIFA': 0, 'pipe': 0, 'pipes': 0, 'covid': 0}",Post-Monsoon,,False,True,Others,
2025_UPIDC_1082548_2,01/EE/2025-26,Silt clearance work of keshampur Mr. from km. 0.000 to km. 7.115,silt clearance,Works,Open Tender,Item Rate,Civil Works - Canal,No,No,NA ,22-Oct-2025 10:00 AM,NA ,90.0,No ,No,Online,27-Oct-2025 04:00 PM,"U P Irrigation Department (Civil)||Chief Engineer-Ram Ganga, Kanpur||Irrigation Works Circle, Etawah||ID, auriya",Dibiyapur,206244.0,2.0,"2,08,000",BHOLE BABA CONSTRUCTION,"188,349.62",Accepted-AOC,14-Nov-2025,"U P Irrigation Department (Civil)||Chief Engineer-Ram Ganga, Kanpur||Irrigation Works Circle, Etawah||ID, auriya",True,"{'Flood': 0, 'Embankment': 0, 'embkt': 0, 'Relief': 0, 'Erosion': 0, 'SDRF': 0, 'Inundation': 0, 'Hydrology': 0, 'Silt': 2, 'Siltation': 0, 'Bund': 0, 'Trench': 0, 'Breach': 0, 'Culvert': 0, 'Sluice': 0, 'Dyke': 0, 'Storm water drain': 0, 'Emergency': 0, 'Immediate': 0, 'IM': 0, 'AE': 0, 'A E': 0, 'AAPDA MITRA': 0}","{'Floodlight': 0, 'Flood Light': 0, 'GAS': 0, 'FIFA': 0, 'pipe': 0, 'pipes': 0, 'covid': 0}",Post-Monsoon,,False,True,Repair and Restoration,{'mr': 1}
2025_UPIDC_1084580_21,03/AE4/2025-26,Earth work in silt clearance/Scraping of Jhohna Mr. from km. 0.000 to km. 2.800,Earth work in silt clearance/Scraping of Jhohna Mr. from km. 0.000 to km. 2.800,Works,Open Tender,Item Rate,Civil Works - Canal,No,No,NA ,08-Nov-2025 10:00 AM,NA ,90.0,No ,No,Online,14-Nov-2025 03:00 PM,"U P Irrigation Department (Civil)||Chief Engineer-Saryu Project-2, Gonda||Drainage Cirlce, Gonda||SCD-1 Balrampur",EE S.N.K.-1 BALRAMPUR,271201.0,2.0,"68,000",Jagdish Prasad Tewari Contractor,"61,991.27",Accepted-AOC,27-Dec-2025,"U P Irrigation Department (Civil)||Chief Engineer-Saryu Project-2, Gonda||Drainage Cirlce, Gonda||SCD-1 Balrampur",True,"{'Flood': 0, 'Embankment': 0, 'embkt': 0, 'Relief': 0, 'Erosion': 0, 'SDRF': 0, 'Inundation': 0, 'Hydrology': 0, 'Silt': 2, 'Siltation': 0, 'Bund': 0, 'Trench': 0, 'Breach': 0, 'Culvert': 0, 'Sluice': 0, 'Dyke': 0, 'Storm water drain': 0, 'Emergency': 0, 'Immediate': 0, 'IM': 0, 'AE': 0, 'A E': 0, 'AAPDA MITRA': 0}","{'Floodlight': 0, 'Flood Light': 0, 'GAS': 0, 'FIFA': 0, 'pipe': 0, 'pipes': 0, 'covid': 0}",Post-Monsoon,,False,True,Repair and Restoration,{'mr': 2}
2025_UPIDC_1080412_63,02/EE/2025-26,Silt Clearance from Km 0.000 to 11.100 of Uttha Dy.,Silt Clearance,Works,Open Tender,Item Wise,Civil Works - Canal,No,No,NA ,20-Nov-2025 12:00 PM,NA ,90.0,No ,No,Online,26-Nov-2025 12:00 PM,"U P Irrigation Department (Civil)||Chief Engineer-Ram Ganga, Kanpur||II Circle Irrigation Works, Kanpur||KDLGC, kanpur",Kanpur,208004.0,2.0,"5,65,000",DEV CONSTRUCTIONS AND SUPPLIERS,"307,328.33",Accepted-AOC,03-Dec-2025,"U P Irrigation Department (Civil)||Chief Engineer-Ram Ganga, Kanpur||II Circle Irrigation Works, Kanpur||KDLGC, kanpur",True,"{'Flood': 0, 'Embankment': 0, 'embkt': 0, 'Relief': 0, 'Erosion': 0, 'SDRF': 0, 'Inundation': 0, 'Hydrology': 0, 'Silt': 2, 'Siltation': 0, 'Bund': 0, 'Trench': 0, 'Breach': 0, 'Culvert': 0, 'Sluice': 0, 'Dyke': 0, 'Storm water drain': 0, 'Emergency': 0, 'Immediate': 0, 'IM': 0, 'AE': 0, 'A E': 0, 'AAPDA MITRA': 0}","{'Floodlight': 0, 'Flood Light': 0, 'GAS': 0, 'FIFA': 0, 'pipe': 0, 'pipes': 0, 'covid': 0}",Post-Monsoon,,False,True,Others,
2025_UPIDC_1086698_50,04/AE-IV/2025-26,"Earth Work in Silt Clearance/Scraping of Sarsena Mr. from Km. 0.000 to Km. 5.000, and Sikandarpur Mr. from Km. 0.000 to Km. 1.800",Silt Clearance/Scraping,Works,Open Tender,Item Rate,Civil Works,No,No,NA ,13-Nov-2025 10:00 AM,NA ,90.0,No ,No,Online,19-Nov-2025 10:30 AM,"U P Irrigation Department (Civil)||Chief Engineer-Sharda Sahayak, Lucknow||XIV Circle Irrigation Works, Azamgarh||SSD-32, azamgarh",AZAMGARH,276001.0,2.0,"1,40,000",KHUDDI RAM,"107,477.42",Accepted-AOC,20-Dec-2025,"U P Irrigation Department (Civil)||Chief Engineer-Sharda Sahayak, Lucknow||XIV Circle Irrigation Works, Azamgarh||SSD-32, azamgarh",True,"{'Flood': 0, 'Embankment': 0, 'embkt': 0, 'Relief': 0, 'Erosion': 0, 'SDRF': 0, 'Inundation': 0, 'Hydrology': 0, 'Silt': 2, 'Siltation': 0, 'Bund': 0, 'Trench': 0, 'Breach': 0, 'Culvert': 0, 'Sluice': 0, 'Dyke': 0, 'Storm water drain': 0, 'Emergency': 0, 'Immediate': 0, 'IM': 0, 'AE': 1, 'A E': 0, 'AAPDA MITRA': 0}","{'Floodlight': 0, 'Flood Light': 0, 'GAS': 0, 'FIFA': 0, 'pipe': 0, 'pipes': 0, 'covid': 0}",Post-Monsoon,,True,True,Repair and Restoration,{'mr': 2}
2025_UPIDC_1083668_31,01/EE/2025-26,Silt Clearance/Scraping work of Siswa Mr. (km 0.00 to 4.600),Silt Clearance/Scraping work of Siswa Mr. (km 0.00 to 4.600),Works,Open Tender,Item Rate,Civil Works - Canal,No,No,NA ,18-Oct-2025 10:00 AM,NA ,90.0,No ,No,Online,30-Oct-2025 04:00 PM,"U P Irrigation Department (Civil)||Chief Engineer-Saryu Project-2, Gonda||Drainage Cirlce, Gonda||EE Chitaurgarh Dam Construction Division Balrampur",Tulsipur Balrampur,271210.0,2.0,"1,15,000",M/S DHARMENDRA KUMAR THEKEDAR,"114,151.8",Accepted-AOC,05-Dec-2025,"U P Irrigation Department (Civil)||Chief Engineer-Saryu Project-2, Gonda||Drainage Cirlce, Gonda||EE Chitaurgarh Dam Construction Division Balrampur",True,"{'Flood': 0, 'Embankment': 0, 'embkt': 0, 'Relief': 0, 'Erosion': 0, 'SDRF': 0, 'Inundation': 0, 'Hydrology': 0, 'Silt': 2, 'Siltation': 0, 'Bund': 0, 'Trench': 0, 'Breach': 0, 'Culvert': 0, 'Sluice': 0, 'Dyke': 0, 'Storm water drain': 0, 'Emergency': 0, 'Immediate': 0, 'IM': 0, 'AE': 0, 'A E': 0, 'AAPDA MITRA': 0}","{'Floodlight': 0, 'Flood Light': 0, 'GAS': 0, 'FIFA': 0, 'pipe': 0, 'pipes': 0, 'covid': 0}",Post-Monsoon,,False,True,Repair and Restoration,{'mr': 2}
2025_UPIDC_1087895_6,03/E.E/2025-26,Silt clearance of Bhadri Dy. from Km 0.000 to Km 14.00 and Jungle clearance and scrapping work from Km from 14.00 to Km 20.950,Silt clearance of Bhadri Dy. from Km 0.000 to Km 14.00 and Jungle clearance and scrapping work from Km from 14.00 to Km 20.950,Works,Open Tender,Item Wise,Civil Works - Canal,No,No,NA ,03-Nov-2025 09:00 AM,NA ,15.0,No ,No,Online,11-Nov-2025 11:00 AM,"U P Irrigation Department (Civil)||Chief Engineer-Sharda Sahayak, Lucknow||XVI Circle Irrigation Works, Pratapgargh||ID, pratapgarh",pratapgarh,230001.0,2.0,"9,44,000",AMARSHIVRAJ ENTERPRISES,"939,744.18",Accepted-AOC,18-Nov-2025,"U P Irrigation Department (Civil)||Chief Engineer-Sharda Sahayak, Lucknow||XVI Circle Irrigation Works, Pratapgargh||ID, pratapgarh",True,"{'Flood': 0, 'Embankment': 0, 'embkt': 0, 'Relief': 0, 'Erosion': 0, 'SDRF': 0, 'Inundation': 0, 'Hydrology': 0, 'Silt': 2, 'Siltation': 0, 'Bund': 0, 'Trench': 0, 'Breach': 0, 'Culvert': 0, 'Sluice': 0, 'Dyke': 0, 'Storm water drain': 0, 'Emergency': 0, 'Immediate': 0, 'IM': 0, 'AE': 0, 'A E': 0, 'AAPDA MITRA': 0}","{'Floodlight': 0, 'Flood Light': 0, 'GAS': 0, 'FIFA': 0, 'pipe': 0, 'pipes': 0, 'covid': 0}",Post-Monsoon,,False,True,Others,
2025_UPIDC_1081481_1,01/EE/2025-26,Silt Clearance/Scraping between Km. Km. 0.000 to Km. 3.800 and Km. 3.800 to Km. 9.900 of Sekhuiya Mr.,Silt Clearance/Scraping between Km. Km. 0.000 to Km. 3.800 and Km. 3.800 to Km. 9.900 of Sekhuiya Mr.,Works,Open Tender,Item Rate,Civil Works - Canal,No,No,NA ,11-Oct-2025 02:00 PM,NA ,90.0,No ,No,Online,24-Oct-2025 03:00 PM,"U P Irrigation Department (Civil)||Chief Engineer-Saryu Project-2, Gonda||Drainage Cirlce, Gonda||SCD-4 Balrampur",Balrampur,271201.0,2.0,"2,78,000",M/S SANTOSH KUMAR CONTRECTOR AND GENRERAL,"183,567.26",Accepted-AOC,24-Nov-2025,"U P Irrigation Department (Civil)||Chief Engineer-Saryu Project-2, Gonda||Drainage Cirlce, Gonda||SCD-4 Balrampur",True,"{'Flood': 0, 'Embankment': 0, 'embkt': 0, 'Relief': 0, 'Erosion': 0, 'SDRF': 0, 'Inundation': 0, 'Hydrology': 0, 'Silt': 2, 'Siltation': 0, 'Bund': 0, 'Trench': 0, 'Breach': 0, 'Culvert': 0, 'Sluice': 0, 'Dyke': 0, 'Storm water drain': 0, 'Emergency': 0, 'Immediate': 0, 'IM': 0, 'AE': 0, 'A E': 0, 'AAPDA MITRA': 0}","{'Floodlight': 0, 'Flood Light': 0, 'GAS': 0, 'FIFA': 0, 'pipe': 0, 'pipes': 0, 'covid': 0}",Monsoon,,False,True,Repair and Restoration,{'mr': 2}
2025_UPIDC_1085715_121,02/AE-II/2025-26,Earth Work in Silt Clearance and Scraping of Karauja Mr. from Km. 0.000 to Km. 1.200 and Andhipur Mr. from Km. 0.000 to Km. 2.850,Silt Clearance and Scraping,Works,Open Tender,Item Rate,Civil Works,No,No,NA ,20-Nov-2025 01:00 PM,NA ,90.0,No ,No,Online,26-Nov-2025 03:00 PM,"U P Irrigation Department (Civil)||Chief Engineer-Sharda Sahayak, Lucknow||XIV Circle Irrigation Works, Azamgarh||SSD-32, azamgarh",AZAMGARH,276001.0,2.0,"84,000",Ravindra Yadav,"81,663.85",Accepted-AOC,26-Dec-2025,"U P Irrigation Department (Civil)||Chief Engineer-Sharda Sahayak, Lucknow||XIV Circle Irrigation Works, Azamgarh||SSD-32, azamgarh",True,"{'Flood': 0, 'Embankment': 0, 'embkt': 0, 'Relief': 0, 'Erosion': 0, 'SDRF': 0, 'Inundation': 0, 'Hydrology': 0, 'Silt': 2, 'Siltation': 0, 'Bund': 0, 'Trench': 0, 'Breach': 0, 'Culvert': 0, 'Sluice': 0, 'Dyke': 0, 'Storm water drain': 0, 'Emergency': 0, 'Immediate': 0, 'IM': 0, 'AE': 1, 'A E': 0, 'AAPDA MITRA': 0}","{'Floodlight': 0, 'Flood Light': 0, 'GAS': 0, 'FIFA': 0, 'pipe': 0, 'pipes': 0, 'covid': 0}",Post-Monsoon,,True,True,Repair and Restoration,{'mr': 2}
2025_UPIDC_1080412_67,02/EE/2025-26,Silt Clearance from Km 0.000 to 14.700 of Auro Mr.,Silt Clearance,Works,Open Tender,Item Wise,Civil Works - Canal,No,No,NA ,20-Nov-2025 12:00 PM,NA ,90.0,No ,No,Online,26-Nov-2025 12:00 PM,"U P Irrigation Department (Civil)||Chief Engineer-Ram Ganga, Kanpur||II Circle Irrigation Works, Kanpur||KDLGC, kanpur",Kanpur,208004.0,2.0,"5,21,000",Mr. Dinesh Singh Sengar,"287,167.15",Accepted-AOC,03-Dec-2025,"U P Irrigation Department (Civil)||Chief Engineer-Ram Ganga, Kanpur||II Circle Irrigation Works, Kanpur||KDLGC, kanpur",True,"{'Flood': 0, 'Embankment': 0, 'embkt': 0, 'Relief': 0, 'Erosion': 0, 'SDRF': 0, 'Inundation': 0, 'Hydrology': 0, 'Silt': 2, 'Siltation': 0, 'Bund': 0, 'Trench': 0, 'Breach': 0, 'Culvert': 0, 'Sluice': 0, 'Dyke': 0, 'Storm water drain': 0, 'Emergency': 0, 'Immediate': 0, 'IM': 0, 'AE': 0, 'A E': 0, 'AAPDA MITRA': 0}","{'Floodlight': 0, 'Flood Light': 0, 'GAS': 0, 'FIFA': 0, 'pipe': 0, 'pipes': 0, 'covid': 0}",Post-Monsoon,,False,True,Repair and Restoration,{'mr': 1}
2025_UPIDC_1083624_15,01/EE/2025-2026,SILT CLEARANCE/SCRAPPING OF MAHOLIYA DY KM 0.00 TO 11.200,SILT CLEARANCE/SCRAPPING OF MAHOLIYA DY KM 0.00 TO 11.200,Works,Open Tender,Item Rate,Civil Works - Canal,No,No,NA ,18-Oct-2025 11:00 AM,NA ,90.0,No ,No,Online,30-Oct-2025 11:00 AM,"U P Irrigation Department (Civil)||Chief Engineer-Sharda, Lucknow||VI Circle Irrigation Works, Lucknow||ID, unnao",UNNAO,209801.0,2.0,"5,30,000",M/S DHUNNAR PRASAD,"497,522.2",Accepted-AOC,11-Nov-2025,"U P Irrigation Department (Civil)||Chief Engineer-Sharda, Lucknow||VI Circle Irrigation Works, Lucknow||ID, unnao",True,"{'Flood': 0, 'Embankment': 0, 'embkt': 0, 'Relief': 0, 'Erosion': 0, 'SDRF': 0, 'Inundation': 0, 'Hydrology': 0, 'Silt': 2, 'Siltation': 0, 'Bund': 0, 'Trench': 0, 'Breach': 0, 'Culvert': 0, 'Sluice': 0, 'Dyke': 0, 'Storm water drain': 0, 'Emergency': 0, 'Immediate': 0, 'IM': 0, 'AE': 0, 'A E': 0, 'AAPDA MITRA': 0}","{'Floodlight': 0, 'Flood Light': 0, 'GAS': 0, 'FIFA': 0, 'pipe': 0, 'pipes': 0, 'covid': 0}",Post-Monsoon,,False,True,Others,
2025_UPIDC_1084580_25,03/AE4/2025-26,Earth work in silt clearance/Scrapping Work of Bagahi Mr. from km. 0.000 to km. 3.400,Earth work in silt clearance/Scrapping Work of Bagahi Mr. from km. 0.000 to km. 3.400,Works,Open Tender,Item Rate,Civil Works - Canal,No,No,NA ,08-Nov-2025 10:00 AM,NA ,90.0,No ,No,Online,14-Nov-2025 03:00 PM,"U P Irrigation Department (Civil)||Chief Engineer-Saryu Project-2, Gonda||Drainage Cirlce, Gonda||SCD-1 Balrampur",Balrampur,271201.0,2.0,"57,000",DEV PRAKASH TRIPATHI,"46,231.9",Accepted-AOC,27-Dec-2025,"U P Irrigation Department (Civil)||Chief Engineer-Saryu Project-2, Gonda||Drainage Cirlce, Gonda||SCD-1 Balrampur",True,"{'Flood': 0, 'Embankment': 0, 'embkt': 0, 'Relief': 0, 'Erosion': 0, 'SDRF': 0, 'Inundation': 0, 'Hydrology': 0, 'Silt': 2, 'Siltation': 0, 'Bund': 0, 'Trench': 0, 'Breach': 0, 'Culvert': 0, 'Sluice': 0, 'Dyke': 0, 'Storm water drain': 0, 'Emergency': 0, 'Immediate': 0, 'IM': 0, 'AE': 0, 'A E': 0, 'AAPDA MITRA': 0}","{'Floodlight': 0, 'Flood Light': 0, 'GAS': 0, 'FIFA': 0, 'pipe': 0, 'pipes': 0, 'covid': 0}",Post-Monsoon,,False,True,Repair and Restoration,{'mr': 2}
2025_UPIDC_1084580_19,03/AE4/2025-26,Earth work in silt clearance/Scraping of Dharampur Mr. from km. 0.000 to km. 2.500,Earth work in silt clearance/Scraping of Dharampur Mr. from km. 0.000 to km. 2.500,Works,Open Tender,Item Rate,Civil Works - Canal,No,No,NA ,08-Nov-2025 10:00 AM,NA ,90.0,No ,No,Online,14-Nov-2025 03:00 PM,"U P Irrigation Department (Civil)||Chief Engineer-Saryu Project-2, Gonda||Drainage Cirlce, Gonda||SCD-1 Balrampur",Balrampur,271201.0,2.0,"40,000",DEV PRAKASH TRIPATHI,"38,938.88",Accepted-AOC,24-Dec-2025,"U P Irrigation Department (Civil)||Chief Engineer-Saryu Project-2, Gonda||Drainage Cirlce, Gonda||SCD-1 Balrampur",True,"{'Flood': 0, 'Embankment': 0, 'embkt': 0, 'Relief': 0, 'Erosion': 0, 'SDRF': 0, 'Inundation': 0, 'Hydrology': 0, 'Silt': 2, 'Siltation': 0, 'Bund': 0, 'Trench': 0, 'Breach': 0, 'Culvert': 0, 'Sluice': 0, 'Dyke': 0, 'Storm water drain': 0, 'Emergency': 0, 'Immediate': 0, 'IM': 0, 'AE': 0, 'A E': 0, 'AAPDA MITRA': 0}","{'Floodlight': 0, 'Flood Light': 0, 'GAS': 0, 'FIFA': 0, 'pipe': 0, 'pipes': 0, 'covid': 0}",Post-Monsoon,,False,True,Repair and Restoration,{'mr': 2}
2025_UPIDC_1079274_14,01/EE/2025-26 DT. 26-09-2025,Silt clearance,silt clearance of Sirsiya DY. in between km 0.000 to km 12.800,Works,Open Tender,Item Rate,Civil Works - Canal,No,No,NA ,06-Oct-2025 10:00 AM,NA ,90.0,No ,No,Online,14-Oct-2025 02:00 PM,"U P Irrigation Department (Civil)||Chief Engineer-Gandak, Gorakhpur||Gandak IWC-1, Gorakhpur||ID-2, deoria",Sirsiya DY,274001.0,2.0,"4,42,150",M/S TRIPATHI CONSTRUCTION AND SUPPLIER,"336,034",Accepted-AOC,03-Dec-2025,"U P Irrigation Department (Civil)||Chief Engineer-Gandak, Gorakhpur||Gandak IWC-1, Gorakhpur||ID-2, deoria",True,"{'Flood': 0, 'Embankment': 0, 'embkt': 0, 'Relief': 0, 'Erosion': 0, 'SDRF': 0, 'Inundation': 0, 'Hydrology': 0, 'Silt': 2, 'Siltation': 0, 'Bund': 0, 'Trench': 0, 'Breach': 0, 'Culvert': 0, 'Sluice': 0, 'Dyke': 0, 'Storm water drain': 0, 'Emergency': 0, 'Immediate': 0, 'IM': 0, 'AE': 0, 'A E': 0, 'AAPDA MITRA': 0}","{'Floodlight': 0, 'Flood Light': 0, 'GAS': 0, 'FIFA': 0, 'pipe': 0, 'pipes': 0, 'covid': 0}",Monsoon,,False,True,Others,
2025_UPIDC_1086855_2,03/EE/SSK41/2025-26,Silt Clearance and Scrapping of Shivratanganj Dy. from Km. 0.000 to 7.250,Silt Clearance and Scrapping of Shivratanganj Dy. from Km. 0.000 to 7.250,Works,Open Tender,Item Rate,Civil Works - Canal,No,No,NA ,07-Nov-2025 11:00 AM,NA ,90.0,No ,No,Online,12-Nov-2025 03:00 PM,"U P Irrigation Department (Civil)||Chief Engineer-Sharda Sahayak, Lucknow||XVI Circle Irrigation Works, Pratapgargh||Sharda Sahayak Division 41 Amethi",Amethi,227409.0,2.0,"3,35,000",369 Building Solutions,"300,222.12",Accepted-AOC,19-Nov-2025,"U P Irrigation Department (Civil)||Chief Engineer-Sharda Sahayak, Lucknow||XVI Circle Irrigation Works, Pratapgargh||Sharda Sahayak Division 41 Amethi",True,"{'Flood': 0, 'Embankment': 0, 'embkt': 0, 'Relief': 0, 'Erosion': 0, 'SDRF': 0, 'Inundation': 0, 'Hydrology': 0, 'Silt': 2, 'Siltation': 0, 'Bund': 0, 'Trench': 0, 'Breach': 0, 'Culvert': 0, 'Sluice': 0, 'Dyke': 0, 'Storm water drain': 0, 'Emergency': 0, 'Immediate': 0, 'IM': 0, 'AE': 0, 'A E': 0, 'AAPDA MITRA': 0}","{'Floodlight': 0, 'Flood Light': 0, 'GAS': 0, 'FIFA': 0, 'pipe': 0, 'pipes': 0, 'covid': 0}",Post-Monsoon,,False,True,Others,
2025_UPIDC_1082147_13,03/EE/2025-26,SILT AND JUNGLE CLEARANCE FROM INTERNAL SECTION OF SUTAULI MR. BETWEEN KM. 0.000 TO 12.600,SILT AND JUNGLE CLEARANCE FROM INTERNAL SECTION OF SUTAULI MR. BETWEEN KM. 0.000 TO 12.600,Works,Open Tender,Item Rate,Civil Works - Canal,No,No,NA ,13-Oct-2025 09:00 AM,NA ,90.0,No ,No,Online,18-Oct-2025 04:30 PM,"U P Irrigation Department (Civil)||Chief Engineer-Saryu Project-1, Faizabad||Irrigation Construction Circle, Bahraich||SCD-1, bahraich",Bahraich,271801.0,2.0,"5,96,000",M/S G N CONSTRUCTION,"590,592.62",Accepted-AOC,14-Nov-2025,"U P Irrigation Department (Civil)||Chief Engineer-Saryu Project-1, Faizabad||Irrigation Construction Circle, Bahraich||SCD-1, bahraich",True,"{'Flood': 0, 'Embankment': 0, 'embkt': 0, 'Relief': 0, 'Erosion': 0, 'SDRF': 0, 'Inundation': 0, 'Hydrology': 0, 'Silt': 2, 'Siltation': 0, 'Bund': 0, 'Trench': 0, 'Breach': 0, 'Culvert': 0, 'Sluice': 0, 'Dyke': 0, 'Storm water drain': 0, 'Emergency': 0, 'Immediate': 0, 'IM': 0, 'AE': 0, 'A E': 0, 'AAPDA MITRA': 0}","{'Floodlight': 0, 'Flood Light': 0, 'GAS': 0, 'FIFA': 0, 'pipe': 0, 'pipes': 0, 'covid': 0}",Monsoon,,False,True,Repair and Restoration,{'mr': 2}
2025_UPIDC_1082147_12,03/EE/2025-26,SILT AND JUNGLE CLEARANCE FROM INTERNAL SECTION OF UMRY DAHLU MR. BETWEEN KM. 0.000 TO 4.800 AND MADHOPUR MR. BETWEEN KM. 0.000 TO 3.000,SILT AND JUNGLE CLEARANCE FROM INTERNAL SECTION OF UMRY DAHLU MR. BETWEEN KM. 0.000 TO 4.800 AND MADHOPUR MR. BETWEEN KM. 0.000 TO 3.000,Works,Open Tender,Item Rate,Civil Works - Canal,No,No,NA ,13-Oct-2025 09:00 AM,NA ,90.0,No ,No,Online,18-Oct-2025 04:30 PM,"U P Irrigation Department (Civil)||Chief Engineer-Saryu Project-1, Faizabad||Irrigation Construction Circle, Bahraich||SCD-1, bahraich",Bahraich,271801.0,2.0,"1,96,000",M/S PESHKAR RAO,"150,326.9",Accepted-AOC,14-Nov-2025,"U P Irrigation Department (Civil)||Chief Engineer-Saryu Project-1, Faizabad||Irrigation Construction Circle, Bahraich||SCD-1, bahraich",True,"{'Flood': 0, 'Embankment': 0, 'embkt': 0, 'Relief': 0, 'Erosion': 0, 'SDRF': 0, 'Inundation': 0, 'Hydrology': 0, 'Silt': 2, 'Siltation': 0, 'Bund': 0, 'Trench': 0, 'Breach': 0, 'Culvert': 0, 'Sluice': 0, 'Dyke': 0, 'Storm water drain': 0, 'Emergency': 0, 'Immediate': 0, 'IM': 0, 'AE': 0, 'A E': 0, 'AAPDA MITRA': 0}","{'Floodlight': 0, 'Flood Light': 0, 'GAS': 0, 'FIFA': 0, 'pipe': 0, 'pipes': 0, 'covid': 0}",Monsoon,,False,True,Repair and Restoration,{'mr': 4}
2025_UPIDC_1084580_18,03/AE4/2025-26,Earth work in silt clearance/Scraping of Imiliya Mr. from km. 0.000 to km. 3.000,Earth work in silt clearance/Scraping of Imiliya Mr. from km. 0.000 to km. 3.000,Works,Open Tender,Item Rate,Civil Works - Canal,No,No,NA ,08-Nov-2025 10:00 AM,NA ,90.0,No ,No,Online,14-Nov-2025 03:00 PM,"U P Irrigation Department (Civil)||Chief Engineer-Saryu Project-2, Gonda||Drainage Cirlce, Gonda||SCD-1 Balrampur",Balrampur,271201.0,2.0,"49,000",DEV PRAKASH TRIPATHI,"46,125.52",Accepted-AOC,24-Dec-2025,"U P Irrigation Department (Civil)||Chief Engineer-Saryu Project-2, Gonda||Drainage Cirlce, Gonda||SCD-1 Balrampur",True,"{'Flood': 0, 'Embankment': 0, 'embkt': 0, 'Relief': 0, 'Erosion': 0, 'SDRF': 0, 'Inundation': 0, 'Hydrology': 0, 'Silt': 2, 'Siltation': 0, 'Bund': 0, 'Trench': 0, 'Breach': 0, 'Culvert': 0, 'Sluice': 0, 'Dyke': 0, 'Storm water drain': 0, 'Emergency': 0, 'Immediate': 0, 'IM': 0, 'AE': 0, 'A E': 0, 'AAPDA MITRA': 0}","{'Floodlight': 0, 'Flood Light': 0, 'GAS': 0, 'FIFA': 0, 'pipe': 0, 'pipes': 0, 'covid': 0}",Post-Monsoon,,False,True,Repair and Restoration,{'mr': 2}
2025_UPIDC_1083624_28,01/EE/2025-2026,SILT CLEARANCE/SCRAPPING OF KABIRPUR DY KM 0.00 TO 11.900,SILT CLEARANCE/SCRAPPING OF KABIRPUR DY KM 0.00 TO 11.900,Works,Open Tender,Item Rate,Civil Works - Canal,No,No,NA ,07-Nov-2025 03:00 PM,NA ,90.0,No ,No,Online,13-Nov-2025 03:00 PM,"U P Irrigation Department (Civil)||Chief Engineer-Sharda, Lucknow||VI Circle Irrigation Works, Lucknow||ID, unnao",UNNAO,209801.0,2.0,"4,80,000",M/s Veeru Construction,"436,249",Accepted-AOC,14-Nov-2025,"U P Irrigation Department (Civil)||Chief Engineer-Sharda, Lucknow||VI Circle Irrigation Works, Lucknow||ID, unnao",True,"{'Flood': 0, 'Embankment': 0, 'embkt': 0, 'Relief': 0, 'Erosion': 0, 'SDRF': 0, 'Inundation': 0, 'Hydrology': 0, 'Silt': 2, 'Siltation': 0, 'Bund': 0, 'Trench': 0, 'Breach': 0, 'Culvert': 0, 'Sluice': 0, 'Dyke': 0, 'Storm water drain': 0, 'Emergency': 0, 'Immediate': 0, 'IM': 0, 'AE': 0, 'A E': 0, 'AAPDA MITRA': 0}","{'Floodlight': 0, 'Flood Light': 0, 'GAS': 0, 'FIFA': 0, 'pipe': 0, 'pipes': 0, 'covid': 0}",Post-Monsoon,,False,True,Others,
2025_UPIDC_1085715_120,02/AE-II/2025-26,Earth Work in Silt Clearance and Scraping of Khemipur-1 Mr. from Km. 0.000 to Km. 1.700 and Khemipur-2 Mr. from Km. 0.000 to Km. 0.700,Silt Clearance and Scraping,Works,Open Tender,Item Rate,Civil Works,No,No,NA ,20-May-2026 06:52 PM,NA ,90.0,No ,No,Online,26-Nov-2025 03:00 PM,"U P Irrigation Department (Civil)||Chief Engineer-Sharda Sahayak, Lucknow||XIV Circle Irrigation Works, Azamgarh||SSD-32, azamgarh",AZAMGARH,276001.0,2.0,"51,000",Ravindra Yadav,"49,591.1",Accepted-AOC,26-Dec-2025,"U P Irrigation Department (Civil)||Chief Engineer-Sharda Sahayak, Lucknow||XIV Circle Irrigation Works, Azamgarh||SSD-32, azamgarh",True,"{'Flood': 0, 'Embankment': 0, 'embkt': 0, 'Relief': 0, 'Erosion': 0, 'SDRF': 0, 'Inundation': 0, 'Hydrology': 0, 'Silt': 2, 'Siltation': 0, 'Bund': 0, 'Trench': 0, 'Breach': 0, 'Culvert': 0, 'Sluice': 0, 'Dyke': 0, 'Storm water drain': 0, 'Emergency': 0, 'Immediate': 0, 'IM': 0, 'AE': 1, 'A E': 0, 'AAPDA MITRA': 0}","{'Floodlight': 0, 'Flood Light': 0, 'GAS': 0, 'FIFA': 0, 'pipe': 0, 'pipes': 0, 'covid': 0}",Monsoon,,True,True,Repair and Restoration,{'mr': 2}
2025_UPIDC_1088427_109,01/AE/2025-26,Lot-61,Silt clearance and Scraping,Works,Open Tender,Item Rate,Civil Works,No,No,NA ,17-Nov-2025 12:00 PM,NA ,90.0,No ,No,Online,22-Nov-2025 12:00 PM,"U P Irrigation Department (Civil)||Chief Engineer-Sharda Sahayak, Lucknow||XIV Circle Irrigation Works, Azamgarh||SSD-23, azamgarh",Azamgarh,276001.0,2.0,,K S ENTERPRISES,"64,876",Accepted-AOC,26-Dec-2025,"U P Irrigation Department (Civil)||Chief Engineer-Sharda Sahayak, Lucknow||XIV Circle Irrigation Works, Azamgarh||SSD-23, azamgarh",True,"{'Flood': 0, 'Embankment': 0, 'embkt': 0, 'Relief': 0, 'Erosion': 0, 'SDRF': 0, 'Inundation': 0, 'Hydrology': 0, 'Silt': 1, 'Siltation': 0, 'Bund': 0, 'Trench': 0, 'Breach': 0, 'Culvert': 0, 'Sluice': 0, 'Dyke': 0, 'Storm water drain': 0, 'Emergency': 0, 'Immediate': 0, 'IM': 0, 'AE': 1, 'A E': 0, 'AAPDA MITRA': 0}","{'Floodlight': 0, 'Flood Light': 0, 'GAS': 0, 'FIFA': 0, 'pipe': 0, 'pipes': 0, 'covid': 0}",Post-Monsoon,,True,True,Others,
2025_UPIDC_1083668_36,01/EE/2025-26,Silt Clearance/Scraping work of Tilkahna Mr. (Between km 0.00 to 6.000),Silt Clearance/Scraping work of Tilkahna Mr. (Between km 0.00 to 6.000),Works,Open Tender,Item Rate,Civil Works - Canal,No,No,NA ,18-Oct-2025 10:00 AM,NA ,90.0,No ,No,Online,30-Oct-2025 04:00 PM,"U P Irrigation Department (Civil)||Chief Engineer-Saryu Project-2, Gonda||Drainage Cirlce, Gonda||EE Chitaurgarh Dam Construction Division Balrampur",Tulsipur Balrampur,271210.0,2.0,"1,56,000",M/S RAJ KISHORE SHUKLA CONTRACTOR,"155,489.02",Accepted-AOC,05-Dec-2025,"U P Irrigation Department (Civil)||Chief Engineer-Saryu Project-2, Gonda||Drainage Cirlce, Gonda||EE Chitaurgarh Dam Construction Division Balrampur",True,"{'Flood': 0, 'Embankment': 0, 'embkt': 0, 'Relief': 0, 'Erosion': 0, 'SDRF': 0, 'Inundation': 0, 'Hydrology': 0, 'Silt': 2, 'Siltation': 0, 'Bund': 0, 'Trench': 0, 'Breach': 0, 'Culvert': 0, 'Sluice': 0, 'Dyke': 0, 'Storm water drain': 0, 'Emergency': 0, 'Immediate': 0, 'IM': 0, 'AE': 0, 'A E': 0, 'AAPDA MITRA': 0}","{'Floodlight': 0, 'Flood Light': 0, 'GAS': 0, 'FIFA': 0, 'pipe': 0, 'pipes': 0, 'covid': 0}",Post-Monsoon,,False,True,Repair and Restoration,{'mr': 2}
2025_UPIDC_1085715_122,02/AE-II/2025-26,Earth Work in Silt Clearance and Scraping of Ambari Mr. from Km. 0.000 to Km. 4.000,Silt Clearance and Scraping,Works,Open Tender,Item Rate,Civil Works,No,No,NA ,20-Nov-2025 01:00 PM,NA ,90.0,No ,No,Online,26-Nov-2025 03:00 PM,"U P Irrigation Department (Civil)||Chief Engineer-Sharda Sahayak, Lucknow||XIV Circle Irrigation Works, Azamgarh||SSD-32, azamgarh",AZAMGARH,276001.0,2.0,"1,17,000",Ravindra Yadav,"97,036.4",Accepted-AOC,26-Dec-2025,"U P Irrigation Department (Civil)||Chief Engineer-Sharda Sahayak, Lucknow||XIV Circle Irrigation Works, Azamgarh||SSD-32, azamgarh",True,"{'Flood': 0, 'Embankment': 0, 'embkt': 0, 'Relief': 0, 'Erosion': 0, 'SDRF': 0, 'Inundation': 0, 'Hydrology': 0, 'Silt': 2, 'Siltation': 0, 'Bund': 0, 'Trench': 0, 'Breach': 0, 'Culvert': 0, 'Sluice': 0, 'Dyke': 0, 'Storm water drain': 0, 'Emergency': 0, 'Immediate': 0, 'IM': 0, 'AE': 1, 'A E': 0, 'AAPDA MITRA': 0}","{'Floodlight': 0, 'Flood Light': 0, 'GAS': 0, 'FIFA': 0, 'pipe': 0, 'pipes': 0, 'covid': 0}",Post-Monsoon,,True,True,Repair and Restoration,{'mr': 1}
2025_UPIDC_1080412_64,02/EE/2025-26,Silt Clearance from Km 0.000 to 15.000 of Taktauli Dy.,Silt Clearance,Works,Open Tender,Item Wise,Civil Works - Canal,No,No,NA ,20-Nov-2025 12:00 PM,NA ,90.0,No ,No,Online,26-Nov-2025 12:00 PM,"U P Irrigation Department (Civil)||Chief Engineer-Ram Ganga, Kanpur||II Circle Irrigation Works, Kanpur||KDLGC, kanpur",Kanpur,208004.0,2.0,"10,17,000",Krishna Kumar Singh,"685,893.13",Accepted-AOC,03-Dec-2025,"U P Irrigation Department (Civil)||Chief Engineer-Ram Ganga, Kanpur||II Circle Irrigation Works, Kanpur||KDLGC, kanpur",True,"{'Flood': 0, 'Embankment': 0, 'embkt': 0, 'Relief': 0, 'Erosion': 0, 'SDRF': 0, 'Inundation': 0, 'Hydrology': 0, 'Silt': 2, 'Siltation': 0, 'Bund': 0, 'Trench': 0, 'Breach': 0, 'Culvert': 0, 'Sluice': 0, 'Dyke': 0, 'Storm water drain': 0, 'Emergency': 0, 'Immediate': 0, 'IM': 0, 'AE': 0, 'A E': 0, 'AAPDA MITRA': 0}","{'Floodlight': 0, 'Flood Light': 0, 'GAS': 0, 'FIFA': 0, 'pipe': 0, 'pipes': 0, 'covid': 0}",Post-Monsoon,,False,True,Others,
2025_UPIDC_1088776_1,04/EE/2025-26,Silt clearance of Heeraganj Dy from Km 0.000 to 7.000 and Scrapping work from Km 7.000 to km 14.600,Silt clearance of Heeraganj Dy from Km 0.000 to 7.000 and Scrapping work from Km 7.000 to km 14.600,Works,Open Tender,Item Rate,Civil Works - Canal,No,No,NA ,07-Nov-2025 09:00 AM,NA ,15.0,No ,No,Online,13-Nov-2025 04:00 PM,"U P Irrigation Department (Civil)||Chief Engineer-Sharda Sahayak, Lucknow||XVI Circle Irrigation Works, Pratapgargh||ID, pratapgarh",pratapgarh,230001.0,2.0,"8,81,000",DHARMENDRA ENTERPRISES,"876,245",Accepted-AOC,18-Nov-2025,"U P Irrigation Department (Civil)||Chief Engineer-Sharda Sahayak, Lucknow||XVI Circle Irrigation Works, Pratapgargh||ID, pratapgarh",True,"{'Flood': 0, 'Embankment': 0, 'embkt': 0, 'Relief': 0, 'Erosion': 0, 'SDRF': 0, 'Inundation': 0, 'Hydrology': 0, 'Silt': 2, 'Siltation': 0, 'Bund': 0, 'Trench': 0, 'Breach': 0, 'Culvert': 0, 'Sluice': 0, 'Dyke': 0, 'Storm water drain': 0, 'Emergency': 0, 'Immediate': 0, 'IM': 0, 'AE': 0, 'A E': 0, 'AAPDA MITRA': 0}","{'Floodlight': 0, 'Flood Light': 0, 'GAS': 0, 'FIFA': 0, 'pipe': 0, 'pipes': 0, 'covid': 0}",Post-Monsoon,,False,True,Others,
2025_UPIDC_1082040_1,02/EE/2025-26,Silt Clearance/Scraping of Shekhupura Dy from km. 0.000 to km. 34.600 for Rabi 1433 Crop for the year 2025-26 (Lot-1),Silt Clearance/Scraping of Shekhupura Dy from km. 0.000 to km. 34.600 for Rabi 1433 Crop for the year 2025-26.,Works,Open Tender,Item Wise,Civil Works - Canal,No,No,NA ,14-Oct-2025 10:00 AM,NA ,90.0,No ,No,Online,21-Oct-2025 11:00 AM,"U P Irrigation Department (Civil)||Chief Engineer-Eastern Ganga, Moradabad||EGCC Circle, Haridwar||ID, bijnore",Bijnor,246701.0,2.0,"16,75,000",CHHATAR PAL SINGH CONTRACTOR,"1,287,721",Accepted-AOC,28-Oct-2025,"U P Irrigation Department (Civil)||Chief Engineer-Eastern Ganga, Moradabad||EGCC Circle, Haridwar||ID, bijnore",True,"{'Flood': 0, 'Embankment': 0, 'embkt': 0, 'Relief': 0, 'Erosion': 0, 'SDRF': 0, 'Inundation': 0, 'Hydrology': 0, 'Silt': 2, 'Siltation': 0, 'Bund': 0, 'Trench': 0, 'Breach': 0, 'Culvert': 0, 'Sluice': 0, 'Dyke': 0, 'Storm water drain': 0, 'Emergency': 0, 'Immediate': 0, 'IM': 0, 'AE': 0, 'A E': 0, 'AAPDA MITRA': 0}","{'Floodlight': 0, 'Flood Light': 0, 'GAS': 0, 'FIFA': 0, 'pipe': 0, 'pipes': 0, 'covid': 0}",Monsoon,,False,True,Others,
2025_UPIDC_1082813_15,03/EE/2025-26,AS PER TENDER NOTICE-03 LOT 15,SILT CLEARANCE OF SUBEHA DY FROM KM 0.000 TO 18.000 AND SCRAPING FROM KM 18.000 TO 29.106,Works,Open Tender,Item Rate,Civil Works - Canal,No,No,NA ,16-Oct-2025 11:00 AM,NA ,90.0,No ,No,Online,31-Oct-2025 03:00 PM,"U P Irrigation Department (Civil)||Chief Engineer-Sharda Sahayak, Lucknow||VII Circle Irrigation Works, Lucknow||EE SSK Division-28 Haidergarh",Haidergarh,225124.0,2.0,,AKANKSHA ASSOCIATES,"1,066,105.97",Accepted-AOC,20-Nov-2025,"U P Irrigation Department (Civil)||Chief Engineer-Sharda Sahayak, Lucknow||VII Circle Irrigation Works, Lucknow||EE SSK Division-28 Haidergarh",True,"{'Flood': 0, 'Embankment': 0, 'embkt': 0, 'Relief': 0, 'Erosion': 0, 'SDRF': 0, 'Inundation': 0, 'Hydrology': 0, 'Silt': 1, 'Siltation': 0, 'Bund': 0, 'Trench': 0, 'Breach': 0, 'Culvert': 0, 'Sluice': 0, 'Dyke': 0, 'Storm water drain': 0, 'Emergency': 0, 'Immediate': 0, 'IM': 0, 'AE': 0, 'A E': 0, 'AAPDA MITRA': 0}","{'Floodlight': 0, 'Flood Light': 0, 'GAS': 0, 'FIFA': 0, 'pipe': 0, 'pipes': 0, 'covid': 0}",Post-Monsoon,,False,True,Others,
2025_UPIDC_1082040_24,02/EE/2025-26,Silt Clearance/Scraping of Aurangabad sikanderpur Dy.From Km. 0.000 to Km. 9.600 for Rabi 1433 Crop for the Year 2025-26(Lot-2),Silt Clearance/Scraping of Aurangabad sikanderpur Dy.From Km. 0.000 to Km. 9.600 for Rabi 1433 Crop for the Year 2025-26,Works,Open Tender,Item Wise,Civil Works - Canal,No,No,NA ,22-Oct-2025 09:00 AM,NA ,90.0,No ,No,Online,29-Oct-2025 04:00 PM,"U P Irrigation Department (Civil)||Chief Engineer-Eastern Ganga, Moradabad||EGCC Circle, Haridwar||ID, bijnore",Bijnor,246701.0,2.0,"4,49,000",MOHD YAIN,"323,112",Accepted-AOC,06-Nov-2025,"U P Irrigation Department (Civil)||Chief Engineer-Eastern Ganga, Moradabad||EGCC Circle, Haridwar||ID, bijnore",True,"{'Flood': 0, 'Embankment': 0, 'embkt': 0, 'Relief': 0, 'Erosion': 0, 'SDRF': 0, 'Inundation': 0, 'Hydrology': 0, 'Silt': 2, 'Siltation': 0, 'Bund': 0, 'Trench': 0, 'Breach': 0, 'Culvert': 0, 'Sluice': 0, 'Dyke': 0, 'Storm water drain': 0, 'Emergency': 0, 'Immediate': 0, 'IM': 0, 'AE': 0, 'A E': 0, 'AAPDA MITRA': 0}","{'Floodlight': 0, 'Flood Light': 0, 'GAS': 0, 'FIFA': 0, 'pipe': 0, 'pipes': 0, 'covid': 0}",Post-Monsoon,,False,True,Others,
2025_UPIDC_1082147_11,03/EE/2025-26,SILT CLEARENCE OF CHANDELA MR. FROM KM 0.000 TO 10.319,SILT CLEARENCE OF CHANDELA MR. FROM KM 0.000 TO 10.319,Works,Open Tender,Item Rate,Civil Works - Canal,No,No,NA ,13-Oct-2025 09:00 AM,NA ,90.0,No ,No,Online,18-Oct-2025 04:30 PM,"U P Irrigation Department (Civil)||Chief Engineer-Saryu Project-1, Faizabad||Irrigation Construction Circle, Bahraich||SCD-1, bahraich",Bahraich,271801.0,2.0,"4,87,000",Mohammad Abdulla,"378,238.09",Accepted-AOC,14-Nov-2025,"U P Irrigation Department (Civil)||Chief Engineer-Saryu Project-1, Faizabad||Irrigation Construction Circle, Bahraich||SCD-1, bahraich",True,"{'Flood': 0, 'Embankment': 0, 'embkt': 0, 'Relief': 0, 'Erosion': 0, 'SDRF': 0, 'Inundation': 0, 'Hydrology': 0, 'Silt': 2, 'Siltation': 0, 'Bund': 0, 'Trench': 0, 'Breach': 0, 'Culvert': 0, 'Sluice': 0, 'Dyke': 0, 'Storm water drain': 0, 'Emergency': 0, 'Immediate': 0, 'IM': 0, 'AE': 0, 'A E': 0, 'AAPDA MITRA': 0}","{'Floodlight': 0, 'Flood Light': 0, 'GAS': 0, 'FIFA': 0, 'pipe': 0, 'pipes': 0, 'covid': 0}",Monsoon,,False,True,Repair and Restoration,{'mr': 2}
2025_UPIDC_1079274_16,01/EE/2025-26 DT. 26-09-2025,Silt clearance,silt clearance between Km 0.000 to Km 9.200 of Parsa Dy,Works,Open Tender,Item Rate,Civil Works - Canal,No,No,NA ,06-Oct-2025 10:00 AM,NA ,90.0,No ,No,Online,14-Oct-2025 02:00 PM,"U P Irrigation Department (Civil)||Chief Engineer-Gandak, Gorakhpur||Gandak IWC-1, Gorakhpur||ID-2, deoria",PARASA DY,274001.0,2.0,"2,90,500",M/S Anil Kumar Rai,"198,992.5",Accepted-AOC,02-Dec-2025,"U P Irrigation Department (Civil)||Chief Engineer-Gandak, Gorakhpur||Gandak IWC-1, Gorakhpur||ID-2, deoria",True,"{'Flood': 0, 'Embankment': 0, 'embkt': 0, 'Relief': 0, 'Erosion': 0, 'SDRF': 0, 'Inundation': 0, 'Hydrology': 0, 'Silt': 2, 'Siltation': 0, 'Bund': 0, 'Trench': 0, 'Breach': 0, 'Culvert': 0, 'Sluice': 0, 'Dyke': 0, 'Storm water drain': 0, 'Emergency': 0, 'Immediate': 0, 'IM': 0, 'AE': 0, 'A E': 0, 'AAPDA MITRA': 0}","{'Floodlight': 0, 'Flood Light': 0, 'GAS': 0, 'FIFA': 0, 'pipe': 0, 'pipes': 0, 'covid': 0}",Monsoon,,False,True,Others,
2025_UPIDC_1084482_36,03/E.E./2025-26,Earth Work in Silt Clearance/Scraping of Indara Dy. from Km. 0.000 to Km. 9.400,Earth Work in Silt Clearance/Scraping,Works,Open Tender,Item Rate,Civil Works,No,No,NA ,03-Dec-2025 10:00 AM,NA ,90.0,No ,No,Online,08-Dec-2025 11:00 AM,"U P Irrigation Department (Civil)||Chief Engineer-Sharda Sahayak, Lucknow||XIV Circle Irrigation Works, Azamgarh||SSD-32, azamgarh",AZAMGARH,276001.0,2.0,"5,60,000",M/S. AARADHYA TRADERS,"559,335",Accepted-AOC,19-Dec-2025,"U P Irrigation Department (Civil)||Chief Engineer-Sharda Sahayak, Lucknow||XIV Circle Irrigation Works, Azamgarh||SSD-32, azamgarh",True,"{'Flood': 0, 'Embankment': 0, 'embkt': 0, 'Relief': 0, 'Erosion': 0, 'SDRF': 0, 'Inundation': 0, 'Hydrology': 0, 'Silt': 2, 'Siltation': 0, 'Bund': 0, 'Trench': 0, 'Breach': 0, 'Culvert': 0, 'Sluice': 0, 'Dyke': 0, 'Storm water drain': 0, 'Emergency': 0, 'Immediate': 0, 'IM': 0, 'AE': 0, 'A E': 0, 'AAPDA MITRA': 0}","{'Floodlight': 0, 'Flood Light': 0, 'GAS': 0, 'FIFA': 0, 'pipe': 0, 'pipes': 0, 'covid': 0}",Post-Monsoon,,False,True,Others,
2025_UPIDC_1086955_5,04/E.E./2025-26,Silt Clearance/Scraping of Ramnagar Dy From Km. 0.000 to Km. 15.200.,Silt Clearance/Scraping of Ramnagar Dy From Km. 0.000 to Km. 15.200.,Services,Open Tender,Item Wise,Miscellaneous Services,No,No,NA ,30-Oct-2025 12:00 PM,NA ,90.0,No ,No,Online,08-Nov-2025 03:30 PM,"U P Irrigation Department (Civil)||Chief Engineer-Sone, Varanasi||Irrigation Works Circle, Allahabad||BCD, allahabad",Prayagraj,211004.0,2.0,"7,35,000",M/S GANPATI KRIPA CONSTRUCTION AND SUPPLIAR,"488,878.56",Accepted-AOC,28-Dec-2025,"U P Irrigation Department (Civil)||Chief Engineer-Sone, Varanasi||Irrigation Works Circle, Allahabad||BCD, allahabad",True,"{'Flood': 0, 'Embankment': 0, 'embkt': 0, 'Relief': 0, 'Erosion': 0, 'SDRF': 0, 'Inundation': 0, 'Hydrology': 0, 'Silt': 2, 'Siltation': 0, 'Bund': 0, 'Trench': 0, 'Breach': 0, 'Culvert': 0, 'Sluice': 0, 'Dyke': 0, 'Storm water drain': 0, 'Emergency': 0, 'Immediate': 0, 'IM': 0, 'AE': 0, 'A E': 0, 'AAPDA MITRA': 0}","{'Floodlight': 0, 'Flood Light': 0, 'GAS': 0, 'FIFA': 0, 'pipe': 0, 'pipes': 0, 'covid': 0}",Post-Monsoon,,False,True,Others,
2025_UPIDC_1083624_8,01/EE/2025-2026,SILT CLEARANCE/SCRAPPING OF DEVGAON DY KM 0.00 TO 13.740,SILT CLEARANCE/SCRAPPING OF DEVGAON DY KM 0.00 TO 13.740,Works,Open Tender,Item Rate,Civil Works - Canal,No,No,NA ,18-Oct-2025 10:00 AM,NA ,90.0,No ,No,Online,30-Oct-2025 11:00 AM,"U P Irrigation Department (Civil)||Chief Engineer-Sharda, Lucknow||VI Circle Irrigation Works, Lucknow||ID, unnao",UNNAO,209801.0,2.0,"5,30,000",M/S AMAR SINGH,"527,146",Accepted-AOC,13-Nov-2025,"U P Irrigation Department (Civil)||Chief Engineer-Sharda, Lucknow||VI Circle Irrigation Works, Lucknow||ID, unnao",True,"{'Flood': 0, 'Embankment': 0, 'embkt': 0, 'Relief': 0, 'Erosion': 0, 'SDRF': 0, 'Inundation': 0, 'Hydrology': 0, 'Silt': 2, 'Siltation': 0, 'Bund': 0, 'Trench': 0, 'Breach': 0, 'Culvert': 0, 'Sluice': 0, 'Dyke': 0, 'Storm water drain': 0, 'Emergency': 0, 'Immediate': 0, 'IM': 0, 'AE': 0, 'A E': 0, 'AAPDA MITRA': 0}","{'Floodlight': 0, 'Flood Light': 0, 'GAS': 0, 'FIFA': 0, 'pipe': 0, 'pipes': 0, 'covid': 0}",Post-Monsoon,,False,True,Others,
2025_UPIDC_1080412_65,02/EE/2025-26,Silt Clearance from Km 0.000 to 10.200 of Maddupur Dy.,Silt Clearance,Works,Open Tender,Item Wise,Civil Works - Canal,No,No,NA ,20-Nov-2025 12:00 PM,NA ,90.0,No ,No,Online,26-Nov-2025 12:00 PM,"U P Irrigation Department (Civil)||Chief Engineer-Ram Ganga, Kanpur||II Circle Irrigation Works, Kanpur||KDLGC, kanpur",Kanpur,208004.0,2.0,"6,92,000",DEV CONSTRUCTIONS AND SUPPLIERS,"366,604.75",Accepted-AOC,03-Dec-2025,"U P Irrigation Department (Civil)||Chief Engineer-Ram Ganga, Kanpur||II Circle Irrigation Works, Kanpur||KDLGC, kanpur",True,"{'Flood': 0, 'Embankment': 0, 'embkt': 0, 'Relief': 0, 'Erosion': 0, 'SDRF': 0, 'Inundation': 0, 'Hydrology': 0, 'Silt': 2, 'Siltation': 0, 'Bund': 0, 'Trench': 0, 'Breach': 0, 'Culvert': 0, 'Sluice': 0, 'Dyke': 0, 'Storm water drain': 0, 'Emergency': 0, 'Immediate': 0, 'IM': 0, 'AE': 0, 'A E': 0, 'AAPDA MITRA': 0}","{'Floodlight': 0, 'Flood Light': 0, 'GAS': 0, 'FIFA': 0, 'pipe': 0, 'pipes': 0, 'covid': 0}",Post-Monsoon,,False,True,Others,
2025_UPIDC_1085715_123,02/AE-II/2025-26,Earth Work in Silt Clearance and Scraping of Durvasha Mr. from Km. 0.000 to Km. 3.400,Silt Clearance and Scraping,Works,Open Tender,Item Rate,Civil Works,No,No,NA ,20-Nov-2025 01:00 PM,NA ,90.0,No ,No,Online,26-Nov-2025 03:00 PM,"U P Irrigation Department (Civil)||Chief Engineer-Sharda Sahayak, Lucknow||XIV Circle Irrigation Works, Azamgarh||SSD-32, azamgarh",AZAMGARH,276001.0,2.0,"99,000",Ravindra Yadav,"81,121.22",Accepted-AOC,26-Dec-2025,"U P Irrigation Department (Civil)||Chief Engineer-Sharda Sahayak, Lucknow||XIV Circle Irrigation Works, Azamgarh||SSD-32, azamgarh",True,"{'Flood': 0, 'Embankment': 0, 'embkt': 0, 'Relief': 0, 'Erosion': 0, 'SDRF': 0, 'Inundation': 0, 'Hydrology': 0, 'Silt': 2, 'Siltation': 0, 'Bund': 0, 'Trench': 0, 'Breach': 0, 'Culvert': 0, 'Sluice': 0, 'Dyke': 0, 'Storm water drain': 0, 'Emergency': 0, 'Immediate': 0, 'IM': 0, 'AE': 1, 'A E': 0, 'AAPDA MITRA': 0}","{'Floodlight': 0, 'Flood Light': 0, 'GAS': 0, 'FIFA': 0, 'pipe': 0, 'pipes': 0, 'covid': 0}",Post-Monsoon,,True,True,Repair and Restoration,{'mr': 1}
2025_UPIDC_1083668_37,01/EE/2025-26,Silt Clearance/Scraping work of Dhawai Mr. (Between km 0.00 to 3.800),Silt Clearance/Scraping work of Dhawai Mr. (Between km 0.00 to 3.800),Works,Open Tender,Item Rate,Civil Works - Canal,No,No,NA ,18-Oct-2025 10:00 AM,NA ,90.0,No ,No,Online,30-Oct-2025 04:00 PM,"U P Irrigation Department (Civil)||Chief Engineer-Saryu Project-2, Gonda||Drainage Cirlce, Gonda||EE Chitaurgarh Dam Construction Division Balrampur",Tulsipur Balrampur,271210.0,2.0,"66,000",M/S DHARMENDRA KUMAR THEKEDAR,"65,364.16",Accepted-AOC,05-Dec-2025,"U P Irrigation Department (Civil)||Chief Engineer-Saryu Project-2, Gonda||Drainage Cirlce, Gonda||EE Chitaurgarh Dam Construction Division Balrampur",True,"{'Flood': 0, 'Embankment': 0, 'embkt': 0, 'Relief': 0, 'Erosion': 0, 'SDRF': 0, 'Inundation': 0, 'Hydrology': 0, 'Silt': 2, 'Siltation': 0, 'Bund': 0, 'Trench': 0, 'Breach': 0, 'Culvert': 0, 'Sluice': 0, 'Dyke': 0, 'Storm water drain': 0, 'Emergency': 0, 'Immediate': 0, 'IM': 0, 'AE': 0, 'A E': 0, 'AAPDA MITRA': 0}","{'Floodlight': 0, 'Flood Light': 0, 'GAS': 0, 'FIFA': 0, 'pipe': 0, 'pipes': 0, 'covid': 0}",Post-Monsoon,,False,True,Repair and Restoration,{'mr': 2}
2025_UPIDC_1083636_5,03/EE/2025-26,03/EE/2025-26 lot No.5,Silt clearance/Scrapping Work of Bisahupur Minor from km 0.000 to 16.000 (Rabi Fasli 1433 (Year 2025-26) District Gonda),Works,Open Tender,Item Wise,Civil Works - Canal,No,No,NA ,24-Oct-2025 10:00 AM,NA ,90.0,No ,No,Online,30-Oct-2025 04:00 PM,"U P Irrigation Department (Civil)||Chief Engineer-Saryu Project-1, Faizabad||XV Circle Irrigation Work, Gonda||SCD-4, gonda",Gonda,271001.0,2.0,"4,37,922",M/S KSHITIJ ENTERPRISES,"432,183.2",Accepted-AOC,11-Nov-2025,"U P Irrigation Department (Civil)||Chief Engineer-Saryu Project-1, Faizabad||XV Circle Irrigation Work, Gonda||SCD-4, gonda",True,"{'Flood': 0, 'Embankment': 0, 'embkt': 0, 'Relief': 0, 'Erosion': 0, 'SDRF': 0, 'Inundation': 0, 'Hydrology': 0, 'Silt': 1, 'Siltation': 0, 'Bund': 0, 'Trench': 0, 'Breach': 0, 'Culvert': 0, 'Sluice': 0, 'Dyke': 0, 'Storm water drain': 0, 'Emergency': 0, 'Immediate': 0, 'IM': 0, 'AE': 0, 'A E': 0, 'AAPDA MITRA': 0}","{'Floodlight': 0, 'Flood Light': 0, 'GAS': 0, 'FIFA': 0, 'pipe': 0, 'pipes': 0, 'covid': 0}",Post-Monsoon,,False,True,Others,
2025_UPIDC_1086402_28,04/AE-III/2025-26,Earth Work in Silt Clearance/Scraping of Adri Mr. from Km. 0.000 to Km. 2.000 and Km. 2.000 to Km. 3.200,Silt Clearance/Scraping,Works,Open Tender,Item Rate,Civil Works,No,No,NA ,29-Oct-2025 10:00 AM,NA ,90.0,No ,No,Online,06-Nov-2025 12:30 PM,"U P Irrigation Department (Civil)||Chief Engineer-Sharda Sahayak, Lucknow||XIV Circle Irrigation Works, Azamgarh||SSD-32, azamgarh",AZAMGARH,276001.0,2.0,"67,000",arvind kumar yadav,"77,439",Accepted-AOC,01-Dec-2025,"U P Irrigation Department (Civil)||Chief Engineer-Sharda Sahayak, Lucknow||XIV Circle Irrigation Works, Azamgarh||SSD-32, azamgarh",True,"{'Flood': 0, 'Embankment': 0, 'embkt': 0, 'Relief': 0, 'Erosion': 0, 'SDRF': 0, 'Inundation': 0, 'Hydrology': 0, 'Silt': 2, 'Siltation': 0, 'Bund': 0, 'Trench': 0, 'Breach': 0, 'Culvert': 0, 'Sluice': 0, 'Dyke': 0, 'Storm water drain': 0, 'Emergency': 0, 'Immediate': 0, 'IM': 0, 'AE': 1, 'A E': 0, 'AAPDA MITRA': 0}","{'Floodlight': 0, 'Flood Light': 0, 'GAS': 0, 'FIFA': 0, 'pipe': 0, 'pipes': 0, 'covid': 0}",Post-Monsoon,,True,True,Repair and Restoration,{'mr': 1}
2025_UPIDC_1082147_4,03/EE/2025-26,SILT CLEARENCE OF RAMWAPUR MR. FROM KM 0.000 TO 5.000,SILT CLEARENCE OF RAMWAPUR MR. FROM KM 0.000 TO 5.000,Works,Open Tender,Item Rate,Civil Works - Canal,No,No,NA ,13-Oct-2025 09:00 AM,NA ,90.0,No ,No,Online,18-Oct-2025 04:30 PM,"U P Irrigation Department (Civil)||Chief Engineer-Saryu Project-1, Faizabad||Irrigation Construction Circle, Bahraich||SCD-1, bahraich",Bahraich,271801.0,2.0,"1,28,000",ANSHI VIDHI CONSTRUCTIONS,"125,041.25",Accepted-AOC,14-Nov-2025,"U P Irrigation Department (Civil)||Chief Engineer-Saryu Project-1, Faizabad||Irrigation Construction Circle, Bahraich||SCD-1, bahraich",True,"{'Flood': 0, 'Embankment': 0, 'embkt': 0, 'Relief': 0, 'Erosion': 0, 'SDRF': 0, 'Inundation': 0, 'Hydrology': 0, 'Silt': 2, 'Siltation': 0, 'Bund': 0, 'Trench': 0, 'Breach': 0, 'Culvert': 0, 'Sluice': 0, 'Dyke': 0, 'Storm water drain': 0, 'Emergency': 0, 'Immediate': 0, 'IM': 0, 'AE': 0, 'A E': 0, 'AAPDA MITRA': 0}","{'Floodlight': 0, 'Flood Light': 0, 'GAS': 0, 'FIFA': 0, 'pipe': 0, 'pipes': 0, 'covid': 0}",Monsoon,,False,True,Repair and Restoration,{'mr': 2}
2025_UPIDC_1082533_1,01/EE/2025-26,Silt clearance work of Rajapur Mr. from km. 0.000 to km. 12.160,Silt clearance,Works,Open Tender,Item Rate,Civil Works - Canal,No,No,NA ,14-Oct-2025 02:00 PM,NA ,90.0,No ,No,Online,21-Oct-2025 03:00 PM,"U P Irrigation Department (Civil)||Chief Engineer-Ram Ganga, Kanpur||Irrigation Works Circle, Etawah||ID, auriya",Silt clearance work of Rajapur Mr. from km. 0.000,206244.0,2.0,"3,49,000",M/S BANKE BIHARI CONSTRUCTION,"280,028.8",Accepted-AOC,14-Dec-2025,"U P Irrigation Department (Civil)||Chief Engineer-Ram Ganga, Kanpur||Irrigation Works Circle, Etawah||ID, auriya",True,"{'Flood': 0, 'Embankment': 0, 'embkt': 0, 'Relief': 0, 'Erosion': 0, 'SDRF': 0, 'Inundation': 0, 'Hydrology': 0, 'Silt': 2, 'Siltation': 0, 'Bund': 0, 'Trench': 0, 'Breach': 0, 'Culvert': 0, 'Sluice': 0, 'Dyke': 0, 'Storm water drain': 0, 'Emergency': 0, 'Immediate': 0, 'IM': 0, 'AE': 0, 'A E': 0, 'AAPDA MITRA': 0}","{'Floodlight': 0, 'Flood Light': 0, 'GAS': 0, 'FIFA': 0, 'pipe': 0, 'pipes': 0, 'covid': 0}",Monsoon,,False,True,Repair and Restoration,{'mr': 1}
2025_UPIDC_1082147_5,03/EE/2025-26,SILT CLEARENCE OF PIPRIMAFI MR. FROM KM 0.000 TO 4.100,SILT CLEARENCE OF PIPRIMAFI MR. FROM KM 0.000 TO 4.100,Works,Open Tender,Item Rate,Civil Works - Canal,No,No,NA ,13-Oct-2025 09:00 AM,NA ,90.0,No ,No,Online,18-Oct-2025 04:30 PM,"U P Irrigation Department (Civil)||Chief Engineer-Saryu Project-1, Faizabad||Irrigation Construction Circle, Bahraich||SCD-1, bahraich",Bahraich,271801.0,2.0,"1,04,000",ANSHI VIDHI CONSTRUCTIONS,"101,463.75",Accepted-AOC,14-Nov-2025,"U P Irrigation Department (Civil)||Chief Engineer-Saryu Project-1, Faizabad||Irrigation Construction Circle, Bahraich||SCD-1, bahraich",True,"{'Flood': 0, 'Embankment': 0, 'embkt': 0, 'Relief': 0, 'Erosion': 0, 'SDRF': 0, 'Inundation': 0, 'Hydrology': 0, 'Silt': 2, 'Siltation': 0, 'Bund': 0, 'Trench': 0, 'Breach': 0, 'Culvert': 0, 'Sluice': 0, 'Dyke': 0, 'Storm water drain': 0, 'Emergency': 0, 'Immediate': 0, 'IM': 0, 'AE': 0, 'A E': 0, 'AAPDA MITRA': 0}","{'Floodlight': 0, 'Flood Light': 0, 'GAS': 0, 'FIFA': 0, 'pipe': 0, 'pipes': 0, 'covid': 0}",Monsoon,,False,True,Repair and Restoration,{'mr': 2}
2025_UPIDC_1079274_1,01/EE/2025-26 DT. 26-09-2025,Silt clearance and Bed scrapping,"Silt clearance of Hata Dy. at km 0.00 to 5.00 km , km 13.00 to 15.00 km and km 18.00 to 20.00 km ,side slope scraping of internal section from km 5.00 to km 13.00 and 15.00 TO 18.00 and 20.00 T0 22.200",Works,Open Tender,Item Rate,Civil Works - Canal,No,No,NA ,06-Oct-2025 10:00 AM,NA ,90.0,No ,No,Online,14-Oct-2025 02:00 PM,"U P Irrigation Department (Civil)||Chief Engineer-Gandak, Gorakhpur||Gandak IWC-1, Gorakhpur||ID-2, deoria",HATA DY,274001.0,2.0,"14,99,425",M/s Kant Enterprises,"1,055,111.09",Accepted-AOC,02-Dec-2025,"U P Irrigation Department (Civil)||Chief Engineer-Gandak, Gorakhpur||Gandak IWC-1, Gorakhpur||ID-2, deoria",True,"{'Flood': 0, 'Embankment': 0, 'embkt': 0, 'Relief': 0, 'Erosion': 0, 'SDRF': 0, 'Inundation': 0, 'Hydrology': 0, 'Silt': 2, 'Siltation': 0, 'Bund': 0, 'Trench': 0, 'Breach': 0, 'Culvert': 0, 'Sluice': 0, 'Dyke': 0, 'Storm water drain': 0, 'Emergency': 0, 'Immediate': 0, 'IM': 0, 'AE': 0, 'A E': 0, 'AAPDA MITRA': 0}","{'Floodlight': 0, 'Flood Light': 0, 'GAS': 0, 'FIFA': 0, 'pipe': 0, 'pipes': 0, 'covid': 0}",Monsoon,,False,True,Others,
2025_UPIDC_1083668_7,01/EE/2025-26,Silt Clearance/Scraping work of Devipatan Mr. (km 0.00 to 3.300),Silt Clearance/Scraping work of Devipatan Mr. (km 0.00 to 3.300),Works,Open Tender,Item Rate,Civil Works - Canal,No,No,NA ,18-Oct-2025 10:00 AM,NA ,90.0,No ,No,Online,30-Oct-2025 04:00 PM,"U P Irrigation Department (Civil)||Chief Engineer-Saryu Project-2, Gonda||Drainage Cirlce, Gonda||EE Chitaurgarh Dam Construction Division Balrampur",Tulsipur Balrampur,271210.0,2.0,"72,000",M/S ANAND KUMAR,"71,074.5",Accepted-AOC,06-Dec-2025,"U P Irrigation Department (Civil)||Chief Engineer-Saryu Project-2, Gonda||Drainage Cirlce, Gonda||EE Chitaurgarh Dam Construction Division Balrampur",True,"{'Flood': 0, 'Embankment': 0, 'embkt': 0, 'Relief': 0, 'Erosion': 0, 'SDRF': 0, 'Inundation': 0, 'Hydrology': 0, 'Silt': 2, 'Siltation': 0, 'Bund': 0, 'Trench': 0, 'Breach': 0, 'Culvert': 0, 'Sluice': 0, 'Dyke': 0, 'Storm water drain': 0, 'Emergency': 0, 'Immediate': 0, 'IM': 0, 'AE': 0, 'A E': 0, 'AAPDA MITRA': 0}","{'Floodlight': 0, 'Flood Light': 0, 'GAS': 0, 'FIFA': 0, 'pipe': 0, 'pipes': 0, 'covid': 0}",Post-Monsoon,,False,True,Repair and Restoration,{'mr': 2}
2025_UPIDC_1080914_2,03/EE/2025-26,SILT CLEARANCE/SCRAPING OF GURGWAN DY. B/W KM. 0.000 TO KM. 5.350,SILT CLEARANCE/SCRAPING OF GURGWAN DY. B/W KM. 0.000 TO KM. 5.350,Works,Open Tender,Item Rate,Civil Works - Canal,No,No,NA ,28-Oct-2025 04:00 PM,NA ,90.0,No ,No,Online,03-Nov-2025 01:30 PM,"U P Irrigation Department (Civil)||Chief Engineer-Sharda, Lucknow||Irrigation Works Circle, Sitapur||SDSC, shahjahanpur",SHAHJAHANPUR U.P,242001.0,2.0,"2,59,000",M/S SATYA PRAKASH MISRA,"217,008.15",Accepted-AOC,11-Nov-2025,"U P Irrigation Department (Civil)||Chief Engineer-Sharda, Lucknow||Irrigation Works Circle, Sitapur||SDSC, shahjahanpur",True,"{'Flood': 0, 'Embankment': 0, 'embkt': 0, 'Relief': 0, 'Erosion': 0, 'SDRF': 0, 'Inundation': 0, 'Hydrology': 0, 'Silt': 2, 'Siltation': 0, 'Bund': 0, 'Trench': 0, 'Breach': 0, 'Culvert': 0, 'Sluice': 0, 'Dyke': 0, 'Storm water drain': 0, 'Emergency': 0, 'Immediate': 0, 'IM': 0, 'AE': 0, 'A E': 0, 'AAPDA MITRA': 0}","{'Floodlight': 0, 'Flood Light': 0, 'GAS': 0, 'FIFA': 0, 'pipe': 0, 'pipes': 0, 'covid': 0}",Post-Monsoon,,False,True,Others,
2025_UPIDC_1083668_51,01/EE/2025-26,Silt Clearance/Scraping work of Gurchihwa Mr. ( km 0.00 to 5.100),Silt Clearance/Scraping work of Gurchihwa Mr. ( km 0.00 to 5.100),Works,Open Tender,Item Rate,Civil Works - Canal,No,No,NA ,07-Nov-2025 10:00 AM,NA ,90.0,No ,No,Online,14-Nov-2025 03:00 PM,"U P Irrigation Department (Civil)||Chief Engineer-Saryu Project-2, Gonda||Drainage Cirlce, Gonda||EE Chitaurgarh Dam Construction Division Balrampur",Tulsipur Balrampur,271210.0,2.0,"1,50,000",M/S ANAND KUMAR,"138,280.35",Accepted-AOC,06-Dec-2025,"U P Irrigation Department (Civil)||Chief Engineer-Saryu Project-2, Gonda||Drainage Cirlce, Gonda||EE Chitaurgarh Dam Construction Division Balrampur",True,"{'Flood': 0, 'Embankment': 0, 'embkt': 0, 'Relief': 0, 'Erosion': 0, 'SDRF': 0, 'Inundation': 0, 'Hydrology': 0, 'Silt': 2, 'Siltation': 0, 'Bund': 0, 'Trench': 0, 'Breach': 0, 'Culvert': 0, 'Sluice': 0, 'Dyke': 0, 'Storm water drain': 0, 'Emergency': 0, 'Immediate': 0, 'IM': 0, 'AE': 0, 'A E': 0, 'AAPDA MITRA': 0}","{'Floodlight': 0, 'Flood Light': 0, 'GAS': 0, 'FIFA': 0, 'pipe': 0, 'pipes': 0, 'covid': 0}",Post-Monsoon,,False,True,Repair and Restoration,{'mr': 2}
2025_UPIDC_1083668_45,01/EE/2025-26,Silt Clearance/Scraping work of Sonpur Mr. (km 0.00 to 3.000),Silt Clearance/Scraping work of Sonpur Mr. (km 0.00 to 3.000),Works,Open Tender,Item Rate,Civil Works - Canal,No,No,NA ,18-Oct-2025 10:00 AM,NA ,90.0,No ,No,Online,30-Oct-2025 04:00 PM,"U P Irrigation Department (Civil)||Chief Engineer-Saryu Project-2, Gonda||Drainage Cirlce, Gonda||EE Chitaurgarh Dam Construction Division Balrampur",Tulsipur Balrampur,271210.0,2.0,"65,000",M/S DINESH KUMAR,"64,710.9",Accepted-AOC,05-Dec-2025,"U P Irrigation Department (Civil)||Chief Engineer-Saryu Project-2, Gonda||Drainage Cirlce, Gonda||EE Chitaurgarh Dam Construction Division Balrampur",True,"{'Flood': 0, 'Embankment': 0, 'embkt': 0, 'Relief': 0, 'Erosion': 0, 'SDRF': 0, 'Inundation': 0, 'Hydrology': 0, 'Silt': 2, 'Siltation': 0, 'Bund': 0, 'Trench': 0, 'Breach': 0, 'Culvert': 0, 'Sluice': 0, 'Dyke': 0, 'Storm water drain': 0, 'Emergency': 0, 'Immediate': 0, 'IM': 0, 'AE': 0, 'A E': 0, 'AAPDA MITRA': 0}","{'Floodlight': 0, 'Flood Light': 0, 'GAS': 0, 'FIFA': 0, 'pipe': 0, 'pipes': 0, 'covid': 0}",Post-Monsoon,,False,True,Repair and Restoration,{'mr': 2}
2025_UPIDC_1086817_2,03/EE/SSK41/2025-26,Silt Clearance of Singhpur Dy. from Km. 0.000 to 10.500,Silt Clearance of Singhpur Dy. from Km. 0.000 to 10.500,Works,Open Tender,Item Rate,Civil Works - Canal,No,No,NA ,07-Nov-2025 11:00 AM,NA ,90.0,No ,No,Online,12-Nov-2025 03:00 PM,"U P Irrigation Department (Civil)||Chief Engineer-Sharda Sahayak, Lucknow||XVI Circle Irrigation Works, Pratapgargh||Sharda Sahayak Division 41 Amethi",Amethi,227409.0,2.0,"9,62,000",369 Building Solutions,"942,396.42",Accepted-AOC,19-Nov-2025,"U P Irrigation Department (Civil)||Chief Engineer-Sharda Sahayak, Lucknow||XVI Circle Irrigation Works, Pratapgargh||Sharda Sahayak Division 41 Amethi",True,"{'Flood': 0, 'Embankment': 0, 'embkt': 0, 'Relief': 0, 'Erosion': 0, 'SDRF': 0, 'Inundation': 0, 'Hydrology': 0, 'Silt': 2, 'Siltation': 0, 'Bund': 0, 'Trench': 0, 'Breach': 0, 'Culvert': 0, 'Sluice': 0, 'Dyke': 0, 'Storm water drain': 0, 'Emergency': 0, 'Immediate': 0, 'IM': 0, 'AE': 0, 'A E': 0, 'AAPDA MITRA': 0}","{'Floodlight': 0, 'Flood Light': 0, 'GAS': 0, 'FIFA': 0, 'pipe': 0, 'pipes': 0, 'covid': 0}",Post-Monsoon,,False,True,Others,
2025_UPIDC_1082147_49,03/EE/2025-26,SILT CLEARENCE OF DHARMANPUR MR. FROM KM 0.000 TO 4.740,SILT CLEARENCE OF DHARMANPUR MR. FROM KM 0.000 TO 4.740,Works,Open Tender,Item Rate,Civil Works - Canal,No,No,NA ,21-Oct-2025 09:00 AM,NA ,90.0,No ,No,Online,29-Oct-2025 03:00 PM,"U P Irrigation Department (Civil)||Chief Engineer-Saryu Project-1, Faizabad||Irrigation Construction Circle, Bahraich||SCD-1, bahraich",Bahraich,271801.0,2.0,"1,22,000",M/S G N CONSTRUCTION,"88,764.54",Accepted-AOC,14-Nov-2025,"U P Irrigation Department (Civil)||Chief Engineer-Saryu Project-1, Faizabad||Irrigation Construction Circle, Bahraich||SCD-1, bahraich",True,"{'Flood': 0, 'Embankment': 0, 'embkt': 0, 'Relief': 0, 'Erosion': 0, 'SDRF': 0, 'Inundation': 0, 'Hydrology': 0, 'Silt': 2, 'Siltation': 0, 'Bund': 0, 'Trench': 0, 'Breach': 0, 'Culvert': 0, 'Sluice': 0, 'Dyke': 0, 'Storm water drain': 0, 'Emergency': 0, 'Immediate': 0, 'IM': 0, 'AE': 0, 'A E': 0, 'AAPDA MITRA': 0}","{'Floodlight': 0, 'Flood Light': 0, 'GAS': 0, 'FIFA': 0, 'pipe': 0, 'pipes': 0, 'covid': 0}",Post-Monsoon,,False,True,Repair and Restoration,{'mr': 2}
2025_UPIDC_1082147_48,03/EE/2025-26,SILT CLEARENCE OF BHAGWANPUR MR. FROM KM 0.000 TO 3.870,SILT CLEARENCE OF BHAGWANPUR MR. FROM KM 0.000 TO 3.870,Works,Open Tender,Item Rate,Civil Works - Canal,No,No,NA ,21-Oct-2025 09:00 AM,NA ,90.0,No ,No,Online,29-Oct-2025 03:00 PM,"U P Irrigation Department (Civil)||Chief Engineer-Saryu Project-1, Faizabad||Irrigation Construction Circle, Bahraich||SCD-1, bahraich",Bahraich,271801.0,2.0,"65,000",M/S SAVAL DAS CONSTRUCTIONS,"55,931",Accepted-AOC,26-Nov-2025,"U P Irrigation Department (Civil)||Chief Engineer-Saryu Project-1, Faizabad||Irrigation Construction Circle, Bahraich||SCD-1, bahraich",True,"{'Flood': 0, 'Embankment': 0, 'embkt': 0, 'Relief': 0, 'Erosion': 0, 'SDRF': 0, 'Inundation': 0, 'Hydrology': 0, 'Silt': 2, 'Siltation': 0, 'Bund': 0, 'Trench': 0, 'Breach': 0, 'Culvert': 0, 'Sluice': 0, 'Dyke': 0, 'Storm water drain': 0, 'Emergency': 0, 'Immediate': 0, 'IM': 0, 'AE': 0, 'A E': 0, 'AAPDA MITRA': 0}","{'Floodlight': 0, 'Flood Light': 0, 'GAS': 0, 'FIFA': 0, 'pipe': 0, 'pipes': 0, 'covid': 0}",Post-Monsoon,,False,True,Repair and Restoration,{'mr': 2}
2025_UPIDC_1082147_6,03/EE/2025-26,SILT CLEARENCE OF NAUTLA DY. FROM KM 0.000 TO 9.957,SILT CLEARENCE OF NAUTLA DY. FROM KM 0.000 TO 9.957,Works,Open Tender,Item Rate,Civil Works - Canal,No,No,NA ,13-Oct-2025 09:00 AM,NA ,90.0,No ,No,Online,18-Oct-2025 04:30 PM,"U P Irrigation Department (Civil)||Chief Engineer-Saryu Project-1, Faizabad||Irrigation Construction Circle, Bahraich||SCD-1, bahraich",Bahraich,271801.0,2.0,"4,69,000",ANSHI VIDHI CONSTRUCTIONS,"459,841.58",Accepted-AOC,14-Nov-2025,"U P Irrigation Department (Civil)||Chief Engineer-Saryu Project-1, Faizabad||Irrigation Construction Circle, Bahraich||SCD-1, bahraich",True,"{'Flood': 0, 'Embankment': 0, 'embkt': 0, 'Relief': 0, 'Erosion': 0, 'SDRF': 0, 'Inundation': 0, 'Hydrology': 0, 'Silt': 2, 'Siltation': 0, 'Bund': 0, 'Trench': 0, 'Breach': 0, 'Culvert': 0, 'Sluice': 0, 'Dyke': 0, 'Storm water drain': 0, 'Emergency': 0, 'Immediate': 0, 'IM': 0, 'AE': 0, 'A E': 0, 'AAPDA MITRA': 0}","{'Floodlight': 0, 'Flood Light': 0, 'GAS': 0, 'FIFA': 0, 'pipe': 0, 'pipes': 0, 'covid': 0}",Monsoon,,False,True,Others,
2025_UPIDC_1085715_82,02/AE-II/2025-26,Earth Work in Silt Clearance and Scraping of Mainuddinpur Mr. from Km. 0.000 to Km. 1.600,Silt Clearance and Scraping,Works,Open Tender,Item Rate,Civil Works,No,No,NA ,10-Nov-2025 11:00 AM,NA ,90.0,No ,No,Online,17-Nov-2025 11:00 AM,"U P Irrigation Department (Civil)||Chief Engineer-Sharda Sahayak, Lucknow||XIV Circle Irrigation Works, Azamgarh||SSD-32, azamgarh",AZAMGARH,276001.0,2.0,"46,000",Shri Ramsingar,"44,203.2",Accepted-AOC,24-Dec-2025,"U P Irrigation Department (Civil)||Chief Engineer-Sharda Sahayak, Lucknow||XIV Circle Irrigation Works, Azamgarh||SSD-32, azamgarh",True,"{'Flood': 0, 'Embankment': 0, 'embkt': 0, 'Relief': 0, 'Erosion': 0, 'SDRF': 0, 'Inundation': 0, 'Hydrology': 0, 'Silt': 2, 'Siltation': 0, 'Bund': 0, 'Trench': 0, 'Breach': 0, 'Culvert': 0, 'Sluice': 0, 'Dyke': 0, 'Storm water drain': 0, 'Emergency': 0, 'Immediate': 0, 'IM': 0, 'AE': 1, 'A E': 0, 'AAPDA MITRA': 0}","{'Floodlight': 0, 'Flood Light': 0, 'GAS': 0, 'FIFA': 0, 'pipe': 0, 'pipes': 0, 'covid': 0}",Post-Monsoon,,True,True,Repair and Restoration,{'mr': 1}
2025_UPIDC_1086698_33,04/AE-IV/2025-26,"Earth Work in Silt Clearance/Scraping of Paliya Mr. from Km. 0.000 to Km. 5.000, and Asalpur Mr. from Km. 0.000 to Km. 1.400",Silt Clearance/Scraping,Works,Open Tender,Item Rate,Civil Works,No,No,NA ,30-Oct-2025 10:00 AM,NA ,90.0,No ,No,Online,07-Nov-2025 12:30 PM,"U P Irrigation Department (Civil)||Chief Engineer-Sharda Sahayak, Lucknow||XIV Circle Irrigation Works, Azamgarh||SSD-32, azamgarh",AZAMGARH,276001.0,2.0,"1,40,000",ANAND CONSTRUCTION,"86,490",Accepted-AOC,09-Dec-2025,"U P Irrigation Department (Civil)||Chief Engineer-Sharda Sahayak, Lucknow||XIV Circle Irrigation Works, Azamgarh||SSD-32, azamgarh",True,"{'Flood': 0, 'Embankment': 0, 'embkt': 0, 'Relief': 0, 'Erosion': 0, 'SDRF': 0, 'Inundation': 0, 'Hydrology': 0, 'Silt': 2, 'Siltation': 0, 'Bund': 0, 'Trench': 0, 'Breach': 0, 'Culvert': 0, 'Sluice': 0, 'Dyke': 0, 'Storm water drain': 0, 'Emergency': 0, 'Immediate': 0, 'IM': 0, 'AE': 1, 'A E': 0, 'AAPDA MITRA': 0}","{'Floodlight': 0, 'Flood Light': 0, 'GAS': 0, 'FIFA': 0, 'pipe': 0, 'pipes': 0, 'covid': 0}",Post-Monsoon,,True,True,Repair and Restoration,{'mr': 2}
2025_UPIDC_1083668_46,01/EE/2025-26,Silt Clearance/Scraping work of Ramwapur Mr. (Between km 0.00 to 4.200),Silt Clearance/Scraping work of Ramwapur Mr. (Between km 0.00 to 4.200),Works,Open Tender,Item Rate,Civil Works - Canal,No,No,NA ,18-Oct-2025 10:00 AM,NA ,90.0,No ,No,Online,30-Oct-2025 04:00 PM,"U P Irrigation Department (Civil)||Chief Engineer-Saryu Project-2, Gonda||Drainage Cirlce, Gonda||EE Chitaurgarh Dam Construction Division Balrampur",Tulsipur Balrampur,271210.0,2.0,"1,07,000",M/S ANAND KUMAR,"106,494.6",Accepted-AOC,05-Dec-2025,"U P Irrigation Department (Civil)||Chief Engineer-Saryu Project-2, Gonda||Drainage Cirlce, Gonda||EE Chitaurgarh Dam Construction Division Balrampur",True,"{'Flood': 0, 'Embankment': 0, 'embkt': 0, 'Relief': 0, 'Erosion': 0, 'SDRF': 0, 'Inundation': 0, 'Hydrology': 0, 'Silt': 2, 'Siltation': 0, 'Bund': 0, 'Trench': 0, 'Breach': 0, 'Culvert': 0, 'Sluice': 0, 'Dyke': 0, 'Storm water drain': 0, 'Emergency': 0, 'Immediate': 0, 'IM': 0, 'AE': 0, 'A E': 0, 'AAPDA MITRA': 0}","{'Floodlight': 0, 'Flood Light': 0, 'GAS': 0, 'FIFA': 0, 'pipe': 0, 'pipes': 0, 'covid': 0}",Post-Monsoon,,False,True,Repair and Restoration,{'mr': 2}
2025_UPIDC_1081481_19,01/EE/2025-26,Silt Clearance/Scraping of Garibnagar Mr. between Km. 0.000 to Km. 6.470,Silt Clearance/Scraping of Garibnagar Mr. between Km. 0.000 to Km. 6.470,Works,Open Tender,Item Rate,Civil Works - Canal,No,No,NA ,19-Nov-2025 04:30 PM,NA ,90.0,No ,No,Online,25-Nov-2025 01:00 PM,"U P Irrigation Department (Civil)||Chief Engineer-Saryu Project-2, Gonda||Drainage Cirlce, Gonda||SCD-4 Balrampur",Balrampur,271201.0,2.0,"1,66,000",M/S RAM KRISHAN MISHRA CONTRECTOR,"140,438.8",Accepted-AOC,03-Dec-2025,"U P Irrigation Department (Civil)||Chief Engineer-Saryu Project-2, Gonda||Drainage Cirlce, Gonda||SCD-4 Balrampur",True,"{'Flood': 0, 'Embankment': 0, 'embkt': 0, 'Relief': 0, 'Erosion': 0, 'SDRF': 0, 'Inundation': 0, 'Hydrology': 0, 'Silt': 2, 'Siltation': 0, 'Bund': 0, 'Trench': 0, 'Breach': 0, 'Culvert': 0, 'Sluice': 0, 'Dyke': 0, 'Storm water drain': 0, 'Emergency': 0, 'Immediate': 0, 'IM': 0, 'AE': 0, 'A E': 0, 'AAPDA MITRA': 0}","{'Floodlight': 0, 'Flood Light': 0, 'GAS': 0, 'FIFA': 0, 'pipe': 0, 'pipes': 0, 'covid': 0}",Post-Monsoon,,False,True,Repair and Restoration,{'mr': 2}
2025_UPIDC_1081481_21,01/EE/2025-26,Silt Clearance/Scraping between Km. 0.000 to Km. 1.100 and Km. 2.700 to Km. 4.000 of Sirsiya Dy.,Silt Clearance/Scraping between Km. 0.000 to Km. 1.100 and Km. 2.700 to Km. 4.000 of Sirsiya Dy.,Works,Open Tender,Item Rate,Civil Works - Canal,No,No,NA ,19-Nov-2025 04:30 PM,NA ,90.0,No ,No,Online,25-Nov-2025 01:00 PM,"U P Irrigation Department (Civil)||Chief Engineer-Saryu Project-2, Gonda||Drainage Cirlce, Gonda||SCD-4 Balrampur",Dumariyaganj (Siddharth Nagar),272189.0,2.0,"1,08,000",J P TRADERS,"75,396.75",Accepted-AOC,06-Dec-2025,"U P Irrigation Department (Civil)||Chief Engineer-Saryu Project-2, Gonda||Drainage Cirlce, Gonda||SCD-4 Balrampur",True,"{'Flood': 0, 'Embankment': 0, 'embkt': 0, 'Relief': 0, 'Erosion': 0, 'SDRF': 0, 'Inundation': 0, 'Hydrology': 0, 'Silt': 2, 'Siltation': 0, 'Bund': 0, 'Trench': 0, 'Breach': 0, 'Culvert': 0, 'Sluice': 0, 'Dyke': 0, 'Storm water drain': 0, 'Emergency': 0, 'Immediate': 0, 'IM': 0, 'AE': 0, 'A E': 0, 'AAPDA MITRA': 0}","{'Floodlight': 0, 'Flood Light': 0, 'GAS': 0, 'FIFA': 0, 'pipe': 0, 'pipes': 0, 'covid': 0}",Post-Monsoon,,False,True,Others,
2025_UPIDC_1079274_7,01/EE/2025-26 DT. 26-09-2025,Silt clearance and Bed scrapping,"silt clearance between km 0.000 to Km 24.00 and km 28.500 to Km 29.400 and Bed,side slope scraping of internal section from km 24.000 TO km 28.500 of Baitalpur Dy",Works,Open Tender,Item Rate,Civil Works - Canal,No,No,NA ,06-Oct-2025 10:00 AM,NA ,90.0,No ,No,Online,14-Oct-2025 02:00 PM,"U P Irrigation Department (Civil)||Chief Engineer-Gandak, Gorakhpur||Gandak IWC-1, Gorakhpur||ID-2, deoria",Baitalpur Dy,274001.0,2.0,"17,44,466",M/S AVADHESH SINGH THEKEDAR,"1,388,355.7",Accepted-AOC,02-Dec-2025,"U P Irrigation Department (Civil)||Chief Engineer-Gandak, Gorakhpur||Gandak IWC-1, Gorakhpur||ID-2, deoria",True,"{'Flood': 0, 'Embankment': 0, 'embkt': 0, 'Relief': 0, 'Erosion': 0, 'SDRF': 0, 'Inundation': 0, 'Hydrology': 0, 'Silt': 2, 'Siltation': 0, 'Bund': 0, 'Trench': 0, 'Breach': 0, 'Culvert': 0, 'Sluice': 0, 'Dyke': 0, 'Storm water drain': 0, 'Emergency': 0, 'Immediate': 0, 'IM': 0, 'AE': 0, 'A E': 0, 'AAPDA MITRA': 0}","{'Floodlight': 0, 'Flood Light': 0, 'GAS': 0, 'FIFA': 0, 'pipe': 0, 'pipes': 0, 'covid': 0}",Monsoon,,False,True,Others,
2025_UPIDC_1079911_28,02/E.E/2025-26,Silt clearance of Allahpur minor from km 0.000 to 3.420 Ijor minor from km 0.00 to 3.220 and Ritaul minor from km 0.00 to 1.920 km for year 2025-26,Silt clearance of Allahpur minor from km 0.000 to 3.420 Ijor minor from km 0.00 to 3.220 and Ritaul minor from km 0.00 to 1.920 km for year 2025-26,Works,Open Tender,Item Rate,Civil Works - Canal,No,No,NA ,25-Oct-2025 11:00 AM,NA ,90.0,No ,No,Online,31-Oct-2025 12:00 PM,"U P Irrigation Department (Civil)||Chief Engineer-Ram Ganga, Kanpur||II Circle Irrigation Works, Kanpur||ID, farrukhabad",FARRUKHABAD,209625.0,2.0,,M/S EKTA CONSTRUCTION,"150,836.68",Accepted-AOC,12-Nov-2025,"U P Irrigation Department (Civil)||Chief Engineer-Ram Ganga, Kanpur||II Circle Irrigation Works, Kanpur||ID, farrukhabad",True,"{'Flood': 0, 'Embankment': 0, 'embkt': 0, 'Relief': 0, 'Erosion': 0, 'SDRF': 0, 'Inundation': 0, 'Hydrology': 0, 'Silt': 2, 'Siltation': 0, 'Bund': 0, 'Trench': 0, 'Breach': 0, 'Culvert': 0, 'Sluice': 0, 'Dyke': 0, 'Storm water drain': 0, 'Emergency': 0, 'Immediate': 0, 'IM': 0, 'AE': 0, 'A E': 0, 'AAPDA MITRA': 0}","{'Floodlight': 0, 'Flood Light': 0, 'GAS': 0, 'FIFA': 0, 'pipe': 0, 'pipes': 0, 'covid': 0}",Post-Monsoon,,False,True,Others,
2025_UPIDC_1086698_22,04/AE-IV/2025-26,"Earth Work in Silt Clearance/Scraping of Godhaura Mr. from Km. 0.000 to Km. 1.800, Itaura Mr. from Km. 0.000 to Km. 1.800, and Karisath Mr. from Km. 0.000 to Km. 2.500",Silt Clearance/Scraping,Works,Open Tender,Item Rate,Civil Works,No,No,NA ,30-Oct-2025 10:00 AM,NA ,90.0,No ,No,Online,07-Nov-2025 12:30 PM,"U P Irrigation Department (Civil)||Chief Engineer-Sharda Sahayak, Lucknow||XIV Circle Irrigation Works, Azamgarh||SSD-32, azamgarh",AZAMGARH,276001.0,2.0,"1,10,000",ANAND CONSTRUCTION,"63,189.92",Accepted-AOC,28-Nov-2025,"U P Irrigation Department (Civil)||Chief Engineer-Sharda Sahayak, Lucknow||XIV Circle Irrigation Works, Azamgarh||SSD-32, azamgarh",True,"{'Flood': 0, 'Embankment': 0, 'embkt': 0, 'Relief': 0, 'Erosion': 0, 'SDRF': 0, 'Inundation': 0, 'Hydrology': 0, 'Silt': 2, 'Siltation': 0, 'Bund': 0, 'Trench': 0, 'Breach': 0, 'Culvert': 0, 'Sluice': 0, 'Dyke': 0, 'Storm water drain': 0, 'Emergency': 0, 'Immediate': 0, 'IM': 0, 'AE': 1, 'A E': 0, 'AAPDA MITRA': 0}","{'Floodlight': 0, 'Flood Light': 0, 'GAS': 0, 'FIFA': 0, 'pipe': 0, 'pipes': 0, 'covid': 0}",Post-Monsoon,,True,True,Repair and Restoration,{'mr': 3}
2025_UPIDC_1081481_20,01/EE/2025-26,Silt Clearance/Scraping between Km. 0.000 to Km 4.200 of Baishdeeh Minor.,Silt Clearance/Scraping between Km. 0.000 to Km 4.200 of Baishdeeh Minor.,Works,Open Tender,Item Rate,Civil Works - Canal,No,No,NA ,19-Nov-2025 04:30 PM,NA ,90.0,No ,No,Online,25-Nov-2025 01:00 PM,"U P Irrigation Department (Civil)||Chief Engineer-Saryu Project-2, Gonda||Drainage Cirlce, Gonda||SCD-4 Balrampur",Balrampur,271201.0,2.0,"1,08,000",J P TRADERS,"75,862.5",Accepted-AOC,06-Dec-2025,"U P Irrigation Department (Civil)||Chief Engineer-Saryu Project-2, Gonda||Drainage Cirlce, Gonda||SCD-4 Balrampur",True,"{'Flood': 0, 'Embankment': 0, 'embkt': 0, 'Relief': 0, 'Erosion': 0, 'SDRF': 0, 'Inundation': 0, 'Hydrology': 0, 'Silt': 2, 'Siltation': 0, 'Bund': 0, 'Trench': 0, 'Breach': 0, 'Culvert': 0, 'Sluice': 0, 'Dyke': 0, 'Storm water drain': 0, 'Emergency': 0, 'Immediate': 0, 'IM': 0, 'AE': 0, 'A E': 0, 'AAPDA MITRA': 0}","{'Floodlight': 0, 'Flood Light': 0, 'GAS': 0, 'FIFA': 0, 'pipe': 0, 'pipes': 0, 'covid': 0}",Post-Monsoon,,False,True,Others,
2025_UPIDC_1083668_57,01/EE/2025-26,Silt Clearance/Scraping work of Bakharkotwa Mr. (km 0.00 to 5.610),Silt Clearance/Scraping work of Bakharkotwa Mr. (km 0.00 to 5.610),Works,Open Tender,Item Rate,Civil Works - Canal,No,No,NA ,07-Nov-2025 10:00 AM,NA ,90.0,No ,No,Online,14-Nov-2025 03:00 PM,"U P Irrigation Department (Civil)||Chief Engineer-Saryu Project-2, Gonda||Drainage Cirlce, Gonda||EE Chitaurgarh Dam Construction Division Balrampur",Tulsipur Balrampur,271210.0,2.0,"1,49,000",ITI CONSTRUCTION,"145,447",Accepted-AOC,06-Dec-2025,"U P Irrigation Department (Civil)||Chief Engineer-Saryu Project-2, Gonda||Drainage Cirlce, Gonda||EE Chitaurgarh Dam Construction Division Balrampur",True,"{'Flood': 0, 'Embankment': 0, 'embkt': 0, 'Relief': 0, 'Erosion': 0, 'SDRF': 0, 'Inundation': 0, 'Hydrology': 0, 'Silt': 2, 'Siltation': 0, 'Bund': 0, 'Trench': 0, 'Breach': 0, 'Culvert': 0, 'Sluice': 0, 'Dyke': 0, 'Storm water drain': 0, 'Emergency': 0, 'Immediate': 0, 'IM': 0, 'AE': 0, 'A E': 0, 'AAPDA MITRA': 0}","{'Floodlight': 0, 'Flood Light': 0, 'GAS': 0, 'FIFA': 0, 'pipe': 0, 'pipes': 0, 'covid': 0}",Post-Monsoon,,False,True,Repair and Restoration,{'mr': 2}
2025_UPIDC_1079237_39,03/EEAID/2025-26,LOT 01 SILT CLEARANCE OF SUPPLY CHANNEL BETWEEN KM 0.00 TO 4.800 IN DISTT. BIJNOR FOR RABI 1433-F-YEAR 2025-26,LOT 01 SILT CLEARANCE OF SUPPLY CHANNEL BETWEEN KM 0.00 TO 4.800 IN DISTT. BIJNOR FOR RABI 1433-F-YEAR 2025-26,Works,Open Tender,Item Rate,Civil Works,No,No,NA ,10-Oct-2025 11:00 AM,NA ,90.0,No ,No,Online,15-Oct-2025 11:30 AM,"U P Irrigation Department (Civil)||Chief Engineer-Eastern Ganga, Moradabad||Irrigation Works Circle, Moradabad||AID, dhampur",DHAMPUR,246761.0,2.0,"2,44,000",M/S J S CONSTRUCTION,"242,998.7",Accepted-AOC,03-Nov-2025,"U P Irrigation Department (Civil)||Chief Engineer-Eastern Ganga, Moradabad||Irrigation Works Circle, Moradabad||AID, dhampur",True,"{'Flood': 0, 'Embankment': 0, 'embkt': 0, 'Relief': 0, 'Erosion': 0, 'SDRF': 0, 'Inundation': 0, 'Hydrology': 0, 'Silt': 2, 'Siltation': 0, 'Bund': 0, 'Trench': 0, 'Breach': 0, 'Culvert': 0, 'Sluice': 0, 'Dyke': 0, 'Storm water drain': 0, 'Emergency': 0, 'Immediate': 0, 'IM': 0, 'AE': 0, 'A E': 0, 'AAPDA MITRA': 0}","{'Floodlight': 0, 'Flood Light': 0, 'GAS': 0, 'FIFA': 0, 'pipe': 0, 'pipes': 0, 'covid': 0}",Monsoon,,False,True,Others,
2025_UPIDC_1083668_41,01/EE/2025-26,Silt Clearance/Scraping work of Shankarnagar Mr. (km 0.00 to 5.200),Silt Clearance/Scraping work of Shankarnagar Mr. (km 0.00 to 5.200),Works,Open Tender,Item Rate,Civil Works - Canal,No,No,NA ,18-Oct-2025 10:00 AM,NA ,90.0,No ,No,Online,30-Oct-2025 04:00 PM,"U P Irrigation Department (Civil)||Chief Engineer-Saryu Project-2, Gonda||Drainage Cirlce, Gonda||EE Chitaurgarh Dam Construction Division Balrampur",Tulsipur Balrampur,271210.0,2.0,"1,52,000",M/S ANAND KUMAR,"151,266.83",Accepted-AOC,05-Dec-2025,"U P Irrigation Department (Civil)||Chief Engineer-Saryu Project-2, Gonda||Drainage Cirlce, Gonda||EE Chitaurgarh Dam Construction Division Balrampur",True,"{'Flood': 0, 'Embankment': 0, 'embkt': 0, 'Relief': 0, 'Erosion': 0, 'SDRF': 0, 'Inundation': 0, 'Hydrology': 0, 'Silt': 2, 'Siltation': 0, 'Bund': 0, 'Trench': 0, 'Breach': 0, 'Culvert': 0, 'Sluice': 0, 'Dyke': 0, 'Storm water drain': 0, 'Emergency': 0, 'Immediate': 0, 'IM': 0, 'AE': 0, 'A E': 0, 'AAPDA MITRA': 0}","{'Floodlight': 0, 'Flood Light': 0, 'GAS': 0, 'FIFA': 0, 'pipe': 0, 'pipes': 0, 'covid': 0}",Post-Monsoon,,False,True,Repair and Restoration,{'mr': 2}
2025_UPIDC_1088751_1,05/EE/SSK41/2025-26,SILT CLEARANCE OF INHUANA DY FROM KM 10.800 TO KM 19.959,SILT CLEARANCE OF INHUANA DY FROM KM 10.800 TO KM 19.959,Works,Open Tender,Item Rate,Civil Works - Canal,No,No,NA ,07-Nov-2025 10:00 AM,NA ,90.0,No ,No,Online,14-Nov-2025 11:00 AM,"U P Irrigation Department (Civil)||Chief Engineer-Sharda Sahayak, Lucknow||XVI Circle Irrigation Works, Pratapgargh||Sharda Sahayak Division 41 Amethi",Amethi,227409.0,2.0,"11,54,000",ALTRA CONST ASSOCIATES,"784,465.68",Accepted-AOC,22-Nov-2025,"U P Irrigation Department (Civil)||Chief Engineer-Sharda Sahayak, Lucknow||XVI Circle Irrigation Works, Pratapgargh||Sharda Sahayak Division 41 Amethi",True,"{'Flood': 0, 'Embankment': 0, 'embkt': 0, 'Relief': 0, 'Erosion': 0, 'SDRF': 0, 'Inundation': 0, 'Hydrology': 0, 'Silt': 2, 'Siltation': 0, 'Bund': 0, 'Trench': 0, 'Breach': 0, 'Culvert': 0, 'Sluice': 0, 'Dyke': 0, 'Storm water drain': 0, 'Emergency': 0, 'Immediate': 0, 'IM': 0, 'AE': 0, 'A E': 0, 'AAPDA MITRA': 0}","{'Floodlight': 0, 'Flood Light': 0, 'GAS': 0, 'FIFA': 0, 'pipe': 0, 'pipes': 0, 'covid': 0}",Post-Monsoon,,False,True,Others,
2025_UPIDC_1082729_2,01/E.E/2025-26,silt clearance of jarari dy from km 0.000 to 16.800,ilt clearance of jarari dy from km 0.000 to 16.800,Works,Open Tender,Item Rate,Civil Works - Canal,No,No,NA ,15-Oct-2025 10:00 AM,NA ,90.0,No ,No,Online,24-Oct-2025 10:00 AM,"U P Irrigation Department (Civil)||Chief Engineer-Ram Ganga, Kanpur||II Circle Irrigation Works, Kanpur||MDLGC, mainpuri",mainpuri,205001.0,2.0,"6,77,000",M/s SANJEEV KUMAR SINGH CONTRACTOR AND SUPPLIERS,"464,434.4",Accepted-AOC,26-Dec-2025,"U P Irrigation Department (Civil)||Chief Engineer-Ram Ganga, Kanpur||II Circle Irrigation Works, Kanpur||MDLGC, mainpuri",True,"{'Flood': 0, 'Embankment': 0, 'embkt': 0, 'Relief': 0, 'Erosion': 0, 'SDRF': 0, 'Inundation': 0, 'Hydrology': 0, 'Silt': 1, 'Siltation': 0, 'Bund': 0, 'Trench': 0, 'Breach': 0, 'Culvert': 0, 'Sluice': 0, 'Dyke': 0, 'Storm water drain': 0, 'Emergency': 0, 'Immediate': 0, 'IM': 0, 'AE': 0, 'A E': 0, 'AAPDA MITRA': 0}","{'Floodlight': 0, 'Flood Light': 0, 'GAS': 0, 'FIFA': 0, 'pipe': 0, 'pipes': 0, 'covid': 0}",Post-Monsoon,,False,True,Others,
2025_UPIDC_1088427_98,01/AE/2025-26,Lot-40,Silt clearance and Scraping,Works,Open Tender,Item Rate,Civil Works,No,No,NA ,17-Nov-2025 12:00 PM,NA ,90.0,No ,No,Online,22-Nov-2025 12:00 PM,"U P Irrigation Department (Civil)||Chief Engineer-Sharda Sahayak, Lucknow||XIV Circle Irrigation Works, Azamgarh||SSD-23, azamgarh",Azamgarh,276001.0,2.0,,KHUDDI RAM,"103,128",Accepted-AOC,28-Dec-2025,"U P Irrigation Department (Civil)||Chief Engineer-Sharda Sahayak, Lucknow||XIV Circle Irrigation Works, Azamgarh||SSD-23, azamgarh",True,"{'Flood': 0, 'Embankment': 0, 'embkt': 0, 'Relief': 0, 'Erosion': 0, 'SDRF': 0, 'Inundation': 0, 'Hydrology': 0, 'Silt': 1, 'Siltation': 0, 'Bund': 0, 'Trench': 0, 'Breach': 0, 'Culvert': 0, 'Sluice': 0, 'Dyke': 0, 'Storm water drain': 0, 'Emergency': 0, 'Immediate': 0, 'IM': 0, 'AE': 1, 'A E': 0, 'AAPDA MITRA': 0}","{'Floodlight': 0, 'Flood Light': 0, 'GAS': 0, 'FIFA': 0, 'pipe': 0, 'pipes': 0, 'covid': 0}",Post-Monsoon,,True,True,Others,
2025_UPIDC_1083668_3,01/EE/2025-26,Silt Clearance/Scraping work of Sonbarsa Mr. ( km 0.00 to 1.700),Silt Clearance/Scraping work of Sonbarsa Mr. ( km 0.00 to 1.700),Works,Open Tender,Item Rate,Civil Works - Canal,No,No,NA ,18-Oct-2025 10:00 AM,NA ,90.0,No ,No,Online,30-Oct-2025 04:00 PM,"U P Irrigation Department (Civil)||Chief Engineer-Saryu Project-2, Gonda||Drainage Cirlce, Gonda||EE Chitaurgarh Dam Construction Division Balrampur",Bhinga Shrawasti,271840.0,2.0,"54,000",M/S DHARMENDRA KUMAR THEKEDAR,"52,785.75",Accepted-AOC,05-Dec-2025,"U P Irrigation Department (Civil)||Chief Engineer-Saryu Project-2, Gonda||Drainage Cirlce, Gonda||EE Chitaurgarh Dam Construction Division Balrampur",True,"{'Flood': 0, 'Embankment': 0, 'embkt': 0, 'Relief': 0, 'Erosion': 0, 'SDRF': 0, 'Inundation': 0, 'Hydrology': 0, 'Silt': 2, 'Siltation': 0, 'Bund': 0, 'Trench': 0, 'Breach': 0, 'Culvert': 0, 'Sluice': 0, 'Dyke': 0, 'Storm water drain': 0, 'Emergency': 0, 'Immediate': 0, 'IM': 0, 'AE': 0, 'A E': 0, 'AAPDA MITRA': 0}","{'Floodlight': 0, 'Flood Light': 0, 'GAS': 0, 'FIFA': 0, 'pipe': 0, 'pipes': 0, 'covid': 0}",Post-Monsoon,,False,True,Repair and Restoration,{'mr': 2}
2025_UPIDC_1079911_16,02/E.E/2025-26,Silt clearance of Jaura Minor from km. 0.000 to 6.270 for year 2025-26,Silt clearance of Jaura Minor from km. 0.000 to 6.270 for year 2025-26,Works,Open Tender,Item Rate,Civil Works - Canal,No,No,NA ,14-Oct-2025 02:00 PM,NA ,90.0,No ,No,Online,24-Oct-2025 12:00 PM,"U P Irrigation Department (Civil)||Chief Engineer-Ram Ganga, Kanpur||II Circle Irrigation Works, Kanpur||ID, farrukhabad",FARRUKHABAD,209625.0,2.0,,M/S EKTA CONSTRUCTION,"170,422.52",Accepted-AOC,28-Oct-2025,"U P Irrigation Department (Civil)||Chief Engineer-Ram Ganga, Kanpur||II Circle Irrigation Works, Kanpur||ID, farrukhabad",True,"{'Flood': 0, 'Embankment': 0, 'embkt': 0, 'Relief': 0, 'Erosion': 0, 'SDRF': 0, 'Inundation': 0, 'Hydrology': 0, 'Silt': 2, 'Siltation': 0, 'Bund': 0, 'Trench': 0, 'Breach': 0, 'Culvert': 0, 'Sluice': 0, 'Dyke': 0, 'Storm water drain': 0, 'Emergency': 0, 'Immediate': 0, 'IM': 0, 'AE': 0, 'A E': 0, 'AAPDA MITRA': 0}","{'Floodlight': 0, 'Flood Light': 0, 'GAS': 0, 'FIFA': 0, 'pipe': 0, 'pipes': 0, 'covid': 0}",Monsoon,,False,True,Others,
2025_UPIDC_1086915_2,03/EE/SSK41/2025-26,SILT CLEARANCE OF INHAUNA DY FROM KM 20.000 TO KM 32.370,SILT CLEARANCE OF INHAUNA DY FROM KM 20.000 TO KM 32.370,Works,Open Tender,Item Rate,Civil Works - Canal,No,No,NA ,12-Nov-2025 10:00 AM,NA ,90.0,No ,No,Online,17-Nov-2025 01:00 PM,"U P Irrigation Department (Civil)||Chief Engineer-Sharda Sahayak, Lucknow||XVI Circle Irrigation Works, Pratapgargh||Sharda Sahayak Division 41 Amethi",Amethi,227811.0,2.0,"11,81,000",ALTRA CONST ASSOCIATES,"802,872.6",Accepted-AOC,26-Nov-2025,"U P Irrigation Department (Civil)||Chief Engineer-Sharda Sahayak, Lucknow||XVI Circle Irrigation Works, Pratapgargh||Sharda Sahayak Division 41 Amethi",True,"{'Flood': 0, 'Embankment': 0, 'embkt': 0, 'Relief': 0, 'Erosion': 0, 'SDRF': 0, 'Inundation': 0, 'Hydrology': 0, 'Silt': 2, 'Siltation': 0, 'Bund': 0, 'Trench': 0, 'Breach': 0, 'Culvert': 0, 'Sluice': 0, 'Dyke': 0, 'Storm water drain': 0, 'Emergency': 0, 'Immediate': 0, 'IM': 0, 'AE': 0, 'A E': 0, 'AAPDA MITRA': 0}","{'Floodlight': 0, 'Flood Light': 0, 'GAS': 0, 'FIFA': 0, 'pipe': 0, 'pipes': 0, 'covid': 0}",Post-Monsoon,,False,True,Others,
2025_UPIDC_1085711_2,01/EE/2025-26,SILT CLEARANCE OF AMETHI DY FROM KM 3.050 TO KM 10.800,SILT CLEARANCE OF AMETHI DY FROM KM 3.050 TO KM 10.800,Works,Open Tender,Item Wise,Civil Works - Canal,No,No,NA ,06-Nov-2025 11:00 AM,NA ,90.0,No ,No,Online,11-Nov-2025 03:00 PM,"U P Irrigation Department (Civil)||Chief Engineer-Sharda Sahayak, Lucknow||VII Circle Irrigation Works, Lucknow||EE SSK Division-49 Sultanpur",AMETHI,227405.0,3.0,"6,24,000",M/S S. CONSTRUCTIONS,"524,821.87",Accepted-AOC,08-Dec-2025,"U P Irrigation Department (Civil)||Chief Engineer-Sharda Sahayak, Lucknow||VII Circle Irrigation Works, Lucknow||EE SSK Division-49 Sultanpur",True,"{'Flood': 0, 'Embankment': 0, 'embkt': 0, 'Relief': 0, 'Erosion': 0, 'SDRF': 0, 'Inundation': 0, 'Hydrology': 0, 'Silt': 2, 'Siltation': 0, 'Bund': 0, 'Trench': 0, 'Breach': 0, 'Culvert': 0, 'Sluice': 0, 'Dyke': 0, 'Storm water drain': 0, 'Emergency': 0, 'Immediate': 0, 'IM': 0, 'AE': 0, 'A E': 0, 'AAPDA MITRA': 0}","{'Floodlight': 0, 'Flood Light': 0, 'GAS': 0, 'FIFA': 0, 'pipe': 0, 'pipes': 0, 'covid': 0}",Post-Monsoon,,False,True,Others,
2025_UPIDC_1084062_1,08/SE/2025-26,Reconstruction work of Box Culvert at Km 5.110 of Mat Feeder.,Reconstruction work of Box Culvert at Km 5.110 of Mat Feeder.,Works,Open Tender,Item Wise,Civil Works,No,No,NA ,25-Oct-2025 09:00 AM,27-Oct-2025 01:00 PM ,90.0,No ,No,Online,31-Oct-2025 03:30 PM,"U P Irrigation Department (Civil)||Chief Engineer-Ganga, Meerut||Irrigation Works Circle, Mathura",KHURJA,203131.0,2.0,"1,37,00,000",GOMATINETRA CONSTRUCTIONS,"10,222,885",Accepted-AOC,20-Nov-2025,"U P Irrigation Department (Civil)||Chief Engineer-Ganga, Meerut||Irrigation Works Circle, Mathura",True,"{'Flood': 0, 'Embankment': 0, 'embkt': 0, 'Relief': 0, 'Erosion': 0, 'SDRF': 0, 'Inundation': 0, 'Hydrology': 0, 'Silt': 0, 'Siltation': 0, 'Bund': 0, 'Trench': 0, 'Breach': 0, 'Culvert': 2, 'Sluice': 0, 'Dyke': 0, 'Storm water drain': 0, 'Emergency': 0, 'Immediate': 0, 'IM': 0, 'AE': 0, 'A E': 0, 'AAPDA MITRA': 0}","{'Floodlight': 0, 'Flood Light': 0, 'GAS': 0, 'FIFA': 0, 'pipe': 0, 'pipes': 0, 'covid': 0}",Post-Monsoon,,False,True,Repair and Restoration,{'reconstruction': 2}
2025_UPIDC_1079237_2,03/EEAID/2025-26,LOT 02 SILT CLEARANCE/ SCRAPPING/ JUNGLE CLEARANCE OF NAGINA MAIN CANAL BETWEEN KM 0.000 TO 10.860 IN DISTT. BIJNOR FOR RABI 1433-F-YEAR 2024-25.,LOT 02 SILT CLEARANCE/ SCRAPPING/ JUNGLE CLEARANCE OF NAGINA MAIN CANAL BETWEEN KM 0.000 TO 10.860 IN DISTT. BIJNOR FOR RABI 1433-F-YEAR 2024-25.,Works,Open Tender,Item Rate,Civil Works,No,No,NA ,03-Oct-2025 11:00 AM,06-Oct-2025 03:00 PM ,90.0,No ,No,Online,09-Oct-2025 12:30 PM,"U P Irrigation Department (Civil)||Chief Engineer-Eastern Ganga, Moradabad||Irrigation Works Circle, Moradabad||AID, dhampur",DHAMPUR,246761.0,2.0,"5,52,000",CHAUDHARY ENTERPRISES AND CONSTRUCTION,"525,073.9",Accepted-AOC,03-Nov-2025,"U P Irrigation Department (Civil)||Chief Engineer-Eastern Ganga, Moradabad||Irrigation Works Circle, Moradabad||AID, dhampur",True,"{'Flood': 0, 'Embankment': 0, 'embkt': 0, 'Relief': 0, 'Erosion': 0, 'SDRF': 0, 'Inundation': 0, 'Hydrology': 0, 'Silt': 2, 'Siltation': 0, 'Bund': 0, 'Trench': 0, 'Breach': 0, 'Culvert': 0, 'Sluice': 0, 'Dyke': 0, 'Storm water drain': 0, 'Emergency': 0, 'Immediate': 0, 'IM': 0, 'AE': 0, 'A E': 0, 'AAPDA MITRA': 0}","{'Floodlight': 0, 'Flood Light': 0, 'GAS': 0, 'FIFA': 0, 'pipe': 0, 'pipes': 0, 'covid': 0}",Monsoon,,False,True,Others,
