{
  "type": "FeatureCollection",
  "features": [
    {
      "type": "Feature",
      "properties": {
        "objectid": "09-141-00742",
        "stcode11": "09",
        "dtcode11": "141",
        "sdtcode11": "00742",
        "stname": "UTTAR PRADESH",
        "dtname": "Gautam Buddha Nagar",
        "sdtname": "Dadri",
        "st_area_sh": 0.0,
        "st_length_": 0.0,
        "remarks": "",
        "dist_lgd": 144,
        "state_lgd": 9,
        "subdt_lgd": 742,
        "ac_no": 62,
        "st_length(shape)": 167537.0461512224,
        "st_area(shape)": 628343792.5460336
      },
      "geometry": {
        "type": "Polygon",
        "coordinates": [
          [
            [
              77.39053942762523,
              28.634749470121363
            ],
            [
              77.39107365662299,
              28.634313296942917
            ],
            [
              77.39202114299081,
              28.634746152346516
            ],
            [
              77.39859650993493,
              28.636784342275096
            ],
            [
              77.39870438502416,
              28.63659804888345
            ],
            [
              77.39879599701348,
              28.63644359835145
            ],
            [
              77.39988030757887,
              28.634562405959027
            ],
            [
              77.39988054293747,
              28.63456199281333
            ],
            [
              77.40051704063873,
              28.6334490520352
            ],
            [
              77.40108073886941,
              28.63259594411491
            ],
            [
              77.4030765349193,
              28.631623940170268
            ],
            [
              77.40525514621434,
              28.630609013654265
            ],
            [
              77.40525545343819,
              28.63060895688405
            ],
            [
              77.40627802728565,
              28.630419232115752
            ],
            [
              77.4068414820729,
              28.630322889630104
            ],
            [
              77.40727364358978,
              28.63004094928911
            ],
            [
              77.40821680995938,
              28.62968474103809
            ],
            [
              77.41019402974752,
              28.629349886123553
            ],
            [
              77.4117830416873,
              28.62968295039402
            ],
            [
              77.41318321517794,
              28.629847821196872
            ],
            [
              77.41380230173239,
              28.629825741349745
            ],
            [
              77.41474544564413,
              28.629469495309607
            ],
            [
              77.415867242008,
              28.628701984302598
            ],
            [
              77.41928583022906,
              28.626364391319385
            ],
            [
              77.42169461056115,
              28.62501812980235
            ],
            [
              77.42237374859405,
              28.625107065885818
            ],
            [
              77.42552523713842,
              28.625295502359318
            ],
            [
              77.42740650337944,
              28.62532123162021
            ],
            [
              77.4281060735935,
              28.62517655313639
            ],
            [
              77.42824441055399,
              28.62502283488726
            ],
            [
              77.4283343651516,
              28.6249463107985
            ],
            [
              77.42898790389381,
              28.62501645972187
            ],
            [
              77.42959905113781,
              28.624622671668206
            ],
            [
              77.43006988692433,
              28.62422662538285
            ],
            [
              77.43040445726535,
              28.6241356888558
            ],
            [
              77.43065493541434,
              28.624089266053666
            ],
            [
              77.43084569176662,
              28.624165721377032
            ],
            [
              77.43111760281995,
              28.624339801329903
            ],
            [
              77.43131941743337,
              28.624384326047753
            ],
            [
              77.43145027771577,
              28.624340564619946
            ],
            [
              77.43168072702716,
              28.624257123895354
            ],
            [
              77.43180459123012,
              28.624300395685104
            ],
            [
              77.43192553321343,
              28.6242335423119
            ],
            [
              77.4320678290494,
              28.624139510044554
            ],
            [
              77.43216932340516,
              28.623755862315395
            ],
            [
              77.43251514694177,
              28.6233715571272
            ],
            [
              77.43300448442984,
              28.62308587782031
            ],
            [
              77.43331014968001,
              28.622632123871796
            ],
            [
              77.4337354292035,
              28.62217570585444
            ],
            [
              77.43397767698787,
              28.622275918078273
            ],
            [
              77.43469062940467,
              28.622489185925236
            ],
            [
              77.4354458233011,
              28.622418755382476
            ],
            [
              77.43601243027668,
              28.622418679682916
            ],
            [
              77.43645733888742,
              28.62277441029424
            ],
            [
              77.43672094142269,
              28.623099707097122
            ],
            [
              77.43691377737485,
              28.62332754767873
            ],
            [
              77.43717199720496,
              28.623409665989197
            ],
            [
              77.43739969856993,
              28.62345918722386
            ],
            [
              77.43771753868712,
              28.623423006334917
            ],
            [
              77.43807402073456,
              28.62327736638172
            ],
            [
              77.43834008285712,
              28.62297891495028
            ],
            [
              77.43902791029375,
              28.622645947688596
            ],
            [
              77.43984054426608,
              28.622310391389238
            ],
            [
              77.43992454932155,
              28.622270470855714
            ],
            [
              77.44012777159502,
              28.62249846227031
            ],
            [
              77.44150637563737,
              28.623203968335883
            ],
            [
              77.44243176165256,
              28.623957241709533
            ],
            [
              77.44334023957751,
              28.624522185701935
            ],
            [
              77.4435431168979,
              28.62502079183803
            ],
            [
              77.44483695231678,
              28.626311997343596
            ],
            [
              77.44592332361741,
              28.627581522975017
            ],
            [
              77.44703074873337,
              28.628333089390257
            ],
            [
              77.44974056080535,
              28.62978447300472
            ],
            [
              77.45055822893653,
              28.630471758082432
            ],
            [
              77.45252593466746,
              28.63287900981885
            ],
            [
              77.45282362916613,
              28.63331948209805
            ],
            [
              77.45333330630886,
              28.63407063370021
            ],
            [
              77.45334842944668,
              28.634093809387558
            ],
            [
              77.45565015035982,
              28.636951227393272
            ],
            [
              77.45659276157062,
              28.63788813589802
            ],
            [
              77.45825341415429,
              28.638033821805255
            ],
            [
              77.45952485636978,
              28.637127567848033
            ],
            [
              77.46448450356243,
              28.633560071079675
            ],
            [
              77.4735649089146,
              28.627246058147513
            ],
            [
              77.4738730984307,
              28.62717296092999
            ],
            [
              77.47755032958834,
              28.62733198973432
            ],
            [
              77.47777535756701,
              28.627514420948692
            ],
            [
              77.47769005803923,
              28.627875415640858
            ],
            [
              77.47709379857443,
              28.628310897258526
            ],
            [
              77.47693194192317,
              28.62860188229376
            ],
            [
              77.47726433744293,
              28.628873155882932
            ],
            [
              77.47795763741628,
              28.629035463796473
            ],
            [
              77.47824169279393,
              28.629127093889757
            ],
            [
              77.47830160323686,
              28.630017838150657
            ],
            [
              77.478571351147,
              28.63055872781682
            ],
            [
              77.47990513913817,
              28.63195116494441
            ],
            [
              77.48080771333504,
              28.632818505851283
            ],
            [
              77.48132276419982,
              28.63305595713292
            ],
            [
              77.48310603592148,
              28.6335170073167
            ],
            [
              77.48317418211893,
              28.63353462610472
            ],
            [
              77.48325968556429,
              28.63355676588246
            ],
            [
              77.48349481779329,
              28.63361765024722
            ],
            [
              77.48519998818752,
              28.633616988735046
            ],
            [
              77.48612154917622,
              28.634833173729806
            ],
            [
              77.48591423238169,
              28.635316084288473
            ],
            [
              77.48599497924765,
              28.635693450859073
            ],
            [
              77.48605521667731,
              28.63605673462869
            ],
            [
              77.48617930276414,
              28.63634763984396
            ],
            [
              77.48700267789233,
              28.636507366700098
            ],
            [
              77.48780035401687,
              28.63690977026213
            ],
            [
              77.4893015152134,
              28.63748834498317
            ],
            [
              77.49034700418548,
              28.637977188011696
            ],
            [
              77.49081653741482,
              28.638411110009486
            ],
            [
              77.49137294671526,
              28.638919782064146
            ],
            [
              77.49578992433973,
              28.64366731707106
            ],
            [
              77.49658914017665,
              28.644771425368035
            ],
            [
              77.49716367658124,
              28.645931631255067
            ],
            [
              77.49812499790274,
              28.647249243859868
            ],
            [
              77.49875990019609,
              28.647736176176018
            ],
            [
              77.4998979893043,
              28.648455993627174
            ],
            [
              77.50056260068074,
              28.648826154817463
            ],
            [
              77.50079541705291,
              28.648630014366447
            ],
            [
              77.50114849718038,
              28.648348243045756
            ],
            [
              77.50142474889317,
              28.64814314690271
            ],
            [
              77.50207710006264,
              28.647705805104106
            ],
            [
              77.50269104196545,
              28.647239148241077
            ],
            [
              77.50294938935635,
              28.646993318125023
            ],
            [
              77.50325129964861,
              28.646799535366707
            ],
            [
              77.50355316682172,
              28.646519893208215
            ],
            [
              77.50378081698271,
              28.646321556021697
            ],
            [
              77.50408270571542,
              28.646102821242962
            ],
            [
              77.5043793923043,
              28.645884187706585
            ],
            [
              77.5049958962023,
              28.645480672285768
            ],
            [
              77.50537955318543,
              28.64531164534494
            ],
            [
              77.50573763872566,
              28.645111029858956
            ],
            [
              77.50602669232961,
              28.644966758651034
            ],
            [
              77.50647421773277,
              28.644754971311784
            ],
            [
              77.50687584730979,
              28.64458135961441
            ],
            [
              77.50721338029462,
              28.64439427119786
            ],
            [
              77.50759193933854,
              28.644157645774904
            ],
            [
              77.50802420595831,
              28.64393901212595
            ],
            [
              77.50830823258988,
              28.643697700349648
            ],
            [
              77.50856140658306,
              28.64344966866247
            ],
            [
              77.50950773412414,
              28.64300348608163
            ],
            [
              77.51001677525967,
              28.642730731379864
            ],
            [
              77.51066116555904,
              28.642464760035907
            ],
            [
              77.51092633026465,
              28.64235492195691
            ],
            [
              77.51100391775572,
              28.642322783338418
            ],
            [
              77.51107926035692,
              28.64237686829543
            ],
            [
              77.51135920684047,
              28.642577824074493
            ],
            [
              77.51182691469317,
              28.642941204629704
            ],
            [
              77.51139975409747,
              28.64338310736218
            ],
            [
              77.5117985342184,
              28.6436629478825
            ],
            [
              77.51207965300341,
              28.643888669606465
            ],
            [
              77.51239150584921,
              28.644116611694827
            ],
            [
              77.51266754735626,
              28.64434674811678
            ],
            [
              77.51294102776642,
              28.64459051180939
            ],
            [
              77.51326564118082,
              28.644892860181034
            ],
            [
              77.51361577932576,
              28.645177258949023
            ],
            [
              77.51390714968483,
              28.64548862766593
            ],
            [
              77.5141551314156,
              28.645739055094115
            ],
            [
              77.51446439082521,
              28.646102344285584
            ],
            [
              77.5149729720233,
              28.64664842986554
            ],
            [
              77.51544322390488,
              28.647239599177688
            ],
            [
              77.51562973302248,
              28.647465217814585
            ],
            [
              77.51591856564083,
              28.6477427856769
            ],
            [
              77.51622787805104,
              28.64805186136672
            ],
            [
              77.51680805138405,
              28.64864308189385
            ],
            [
              77.51716600038034,
              28.64889135987511
            ],
            [
              77.51746756032964,
              28.64914637439159
            ],
            [
              77.51777694370675,
              28.649358487905847
            ],
            [
              77.51803506112891,
              28.649586407858795
            ],
            [
              77.51840590544116,
              28.649428617356843
            ],
            [
              77.51870778159743,
              28.649245997989603
            ],
            [
              77.51903765464786,
              28.64915590695471
            ],
            [
              77.51927546655133,
              28.649051899328615
            ],
            [
              77.51936253306529,
              28.64901381869844
            ],
            [
              77.51942986089755,
              28.649000985353425
            ],
            [
              77.519705117277,
              28.648948508867917
            ],
            [
              77.52004272661864,
              28.648871928910904
            ],
            [
              77.52040330588211,
              28.64875928868829
            ],
            [
              77.52076137884595,
              28.648626336759055
            ],
            [
              77.52111178199388,
              28.648450427935526
            ],
            [
              77.52148258767855,
              28.648299417837276
            ],
            [
              77.52186880486025,
              28.648105532642372
            ],
            [
              77.52226773140653,
              28.647936520180092
            ],
            [
              77.52374342895808,
              28.647291802960716
            ],
            [
              77.52404522336765,
              28.64717007923513
            ],
            [
              77.52434189738014,
              28.647023508082256
            ],
            [
              77.52558226776824,
              28.64641484391361
            ],
            [
              77.52596850471286,
              28.646214162738858
            ],
            [
              77.52627788898828,
              28.646160154654474
            ],
            [
              77.52653499311081,
              28.645958626293417
            ],
            [
              77.52662319419696,
              28.64588948864521
            ],
            [
              77.52668599272356,
              28.64582744462687
            ],
            [
              77.52685601326411,
              28.64565946282536
            ],
            [
              77.52702989027219,
              28.645418155795326
            ],
            [
              77.5273879623377,
              28.645174654975353
            ],
            [
              77.52802736608893,
              28.644786815123375
            ],
            [
              77.52841864617558,
              28.644556852320125
            ],
            [
              77.52878182696011,
              28.644270496704884
            ],
            [
              77.52916804773501,
              28.64398633277932
            ],
            [
              77.5296079958488,
              28.643677405938302
            ],
            [
              77.5299250607199,
              28.643440603089672
            ],
            [
              77.53029338615606,
              28.643188080963952
            ],
            [
              77.53060281175402,
              28.642953543611657
            ],
            [
              77.53084329794208,
              28.64270326326828
            ],
            [
              77.53115273611641,
              28.64247322021221
            ],
            [
              77.53146215722279,
              28.64225445769879
            ],
            [
              77.53175884740492,
              28.642037974752473
            ],
            [
              77.53322689490348,
              28.640876611004117
            ],
            [
              77.5334953833756,
              28.640671430872324
            ],
            [
              77.53399572971749,
              28.640273344052922
            ],
            [
              77.53404526731383,
              28.64023393098756
            ],
            [
              77.53415070886693,
              28.640175895022804
            ],
            [
              77.53446724193542,
              28.640001672617124
            ],
            [
              77.53477667921142,
              28.639776209010968
            ],
            [
              77.53506558998322,
              28.639552902794378
            ],
            [
              77.53534948815572,
              28.639388317663414
            ],
            [
              77.53564101122835,
              28.639153768662425
            ],
            [
              77.53524226434507,
              28.63868676469446
            ],
            [
              77.5355874949936,
              28.638470289366165
            ],
            [
              77.53592507199593,
              28.638298918201006
            ],
            [
              77.53621142975568,
              28.638172620671792
            ],
            [
              77.5365311060293,
              28.63801252973527
            ],
            [
              77.53686869560802,
              28.637829873147073
            ],
            [
              77.53716277977753,
              28.6376179263296
            ],
            [
              77.53752840038638,
              28.637374333291856
            ],
            [
              77.53787114539651,
              28.637114975884245
            ],
            [
              77.53817543263102,
              28.63686016233877
            ],
            [
              77.53848233126807,
              28.636625659722593
            ],
            [
              77.53905786390429,
              28.635436992330657
            ],
            [
              77.53941840723515,
              28.6352813779282
            ],
            [
              77.53971497614472,
              28.6351009258
            ],
            [
              77.54031849220037,
              28.634735595072723
            ],
            [
              77.54066885672074,
              28.63445827663459
            ],
            [
              77.54094498356773,
              28.634275583109844
            ],
            [
              77.54128248331492,
              28.634117682058918
            ],
            [
              77.54162255943034,
              28.634255375970472
            ],
            [
              77.54180151641134,
              28.634023026309325
            ],
            [
              77.54191156542353,
              28.633799796155056
            ],
            [
              77.54201847212886,
              28.633578077779507
            ],
            [
              77.54204969038163,
              28.633513338640913
            ],
            [
              77.54211795964828,
              28.633579608955976
            ],
            [
              77.54240755673293,
              28.633860723743606
            ],
            [
              77.54289320484015,
              28.634381886364874
            ],
            [
              77.5434709185859,
              28.634916571355518
            ],
            [
              77.54405129493816,
              28.6354534951547
            ],
            [
              77.54427876004618,
              28.635697142323302
            ],
            [
              77.54517864289046,
              28.636387485641688
            ],
            [
              77.54577434539976,
              28.636712375213307
            ],
            [
              77.54607602302838,
              28.636899643687943
            ],
            [
              77.54648254842368,
              28.63686360225324
            ],
            [
              77.5468328087395,
              28.636838803014193
            ],
            [
              77.54713458608109,
              28.636820871774624
            ],
            [
              77.54752566494507,
              28.63740963816261
            ],
            [
              77.54783238032579,
              28.63803223865813
            ],
            [
              77.54783746928187,
              28.638327686778158
            ],
            [
              77.54749485901904,
              28.63852845084416
            ],
            [
              77.54704733541247,
              28.638697607765355
            ],
            [
              77.54672767261357,
              28.638968253699172
            ],
            [
              77.54684529262698,
              28.639288545942428
            ],
            [
              77.54696793512116,
              28.639744214669427
            ],
            [
              77.54720064189885,
              28.640028482329573
            ],
            [
              77.5473411258329,
              28.64043901736682
            ],
            [
              77.5474229057614,
              28.640784167292768
            ],
            [
              77.5474663797296,
              28.641178903854893
            ],
            [
              77.54747908909424,
              28.641530788958786
            ],
            [
              77.54755832679051,
              28.64178343490949
            ],
            [
              77.5475020671009,
              28.642078948151354
            ],
            [
              77.54714653996257,
              28.642369865839527
            ],
            [
              77.54682945532853,
              28.64269916524396
            ],
            [
              77.54698021958266,
              28.6430736253005
            ],
            [
              77.54713368507086,
              28.643416571710013
            ],
            [
              77.54689325457832,
              28.64350222437202
            ],
            [
              77.54655062994244,
              28.64367133779655
            ],
            [
              77.54626932071459,
              28.643894688067945
            ],
            [
              77.5464891860753,
              28.644192423306126
            ],
            [
              77.546783145379,
              28.64447671123607
            ],
            [
              77.54703376097024,
              28.644733823300715
            ],
            [
              77.54722038417387,
              28.644977477299076
            ],
            [
              77.54745304244256,
              28.645243669321342
            ],
            [
              77.54760383813772,
              28.645548230323133
            ],
            [
              77.54728930112583,
              28.64591141611193
            ],
            [
              77.54708720893301,
              28.64614598232683
            ],
            [
              77.54688776227867,
              28.64647304907679
            ],
            [
              77.5466396655635,
              28.64678882084664
            ],
            [
              77.5463992790884,
              28.64710902220237
            ],
            [
              77.5461587848155,
              28.647381979950335
            ],
            [
              77.54588768763581,
              28.64769327038268
            ],
            [
              77.54532252604953,
              28.648209731197756
            ],
            [
              77.54505400972964,
              28.648469139222097
            ],
            [
              77.54476496421054,
              28.64869915414984
            ],
            [
              77.54411540141174,
              28.64933970503954
            ],
            [
              77.54387501942824,
              28.649490754633224
            ],
            [
              77.54360903096757,
              28.649653451623735
            ],
            [
              77.54355787640371,
              28.649684743692095
            ],
            [
              77.54352860659681,
              28.649718508748943
            ],
            [
              77.54328418488946,
              28.65000048214221
            ],
            [
              77.54247596523847,
              28.650875610676778
            ],
            [
              77.54206160204231,
              28.651326682040143
            ],
            [
              77.54190926932968,
              28.651610142606692
            ],
            [
              77.54187493841447,
              28.651674026290106
            ],
            [
              77.54190777004146,
              28.65168600004213
            ],
            [
              77.5424195447504,
              28.651872651337776
            ],
            [
              77.54313553886278,
              28.65220205097923
            ],
            [
              77.54481547468234,
              28.652790995910472
            ],
            [
              77.54506956765205,
              28.652867477620244
            ],
            [
              77.5451529897009,
              28.652892588393325
            ],
            [
              77.54522261183038,
              28.652889887649305
            ],
            [
              77.54555958426647,
              28.652876820651088
            ],
            [
              77.54606855802837,
              28.652658074318545
            ],
            [
              77.54613758008321,
              28.652949085639978
            ],
            [
              77.54648279007051,
              28.652829547365958
            ],
            [
              77.54686891382737,
              28.65286565505117
            ],
            [
              77.54726782330572,
              28.652743911780874
            ],
            [
              77.54805300655958,
              28.6522815507801
            ],
            [
              77.54845963885441,
              28.652153043887935
            ],
            [
              77.54947999925302,
              28.651571186295712
            ],
            [
              77.55008612491457,
              28.65125539975722
            ],
            [
              77.55054128240441,
              28.651133686150274
            ],
            [
              77.55128534258121,
              28.65176535597224
            ],
            [
              77.55176613798925,
              28.651582665784023
            ],
            [
              77.55240034768151,
              28.651255652019763
            ],
            [
              77.55271228317235,
              28.651542127307867
            ],
            [
              77.55297309464204,
              28.651298550049127
            ],
            [
              77.55333112089349,
              28.651066183739946
            ],
            [
              77.55371729226111,
              28.65082489230296
            ],
            [
              77.55401910823024,
              28.650653394692675
            ],
            [
              77.554377118312,
              28.6504956018545
            ],
            [
              77.55466860185876,
              28.650251940178784
            ],
            [
              77.55477861044677,
              28.649972294612308
            ],
            [
              77.55510852122643,
              28.649730871371922
            ],
            [
              77.55543831612343,
              28.649548243859368
            ],
            [
              77.55571456334465,
              28.649412860918783
            ],
            [
              77.55582453600005,
              28.649584332177774
            ],
            [
              77.55597536313628,
              28.64993621509901
            ],
            [
              77.55611345216174,
              28.650058033367007
            ],
            [
              77.55654046543376,
              28.649949813798322
            ],
            [
              77.55718236111157,
              28.649579878095743
            ],
            [
              77.55756844803754,
              28.649347563950162
            ],
            [
              77.55788552818001,
              28.64920317007087
            ],
            [
              77.55824360922868,
              28.64894602639191
            ],
            [
              77.55843534025301,
              28.648666342656263
            ],
            [
              77.55878057808805,
              28.64848587019185
            ],
            [
              77.55911046910481,
              28.648303145121737
            ],
            [
              77.55938665613891,
              28.6482287531345
            ],
            [
              77.55972924574047,
              28.648034754287274
            ],
            [
              77.56002082900024,
              28.647901707626403
            ],
            [
              77.56022533227132,
              28.64775503895259
            ],
            [
              77.56047875419948,
              28.64764009161337
            ],
            [
              77.56057827405824,
              28.647594952390758
            ],
            [
              77.56056303503775,
              28.647523359327018
            ],
            [
              77.56035835210363,
              28.646561759640214
            ],
            [
              77.55991852256747,
              28.644833939878794
            ],
            [
              77.55971143843661,
              28.644238393361753
            ],
            [
              77.55951969842911,
              28.643645188887223
            ],
            [
              77.55940977518105,
              28.643153403224233
            ],
            [
              77.55907992189358,
              28.642535337957657
            ],
            [
              77.55885999095584,
              28.641784202014637
            ],
            [
              77.55854300603477,
              28.641019472663956
            ],
            [
              77.55824131762638,
              28.640211955818202
            ],
            [
              77.55800610185406,
              28.639763012657003
            ],
            [
              77.55776069020327,
              28.639266766100846
            ],
            [
              77.55749726283948,
              28.638745657701204
            ],
            [
              77.55729279729766,
              28.638441200730867
            ],
            [
              77.55696297724784,
              28.638071255187068
            ],
            [
              77.55670220440568,
              28.63790206098871
            ],
            [
              77.55637234303337,
              28.637671909640332
            ],
            [
              77.55607059443786,
              28.63739219584391
            ],
            [
              77.55583546041223,
              28.637209450660556
            ],
            [
              77.55534199696206,
              28.6367493028948
            ],
            [
              77.55505305564755,
              28.636458316007772
            ],
            [
              77.55440626055814,
              28.635912345318573
            ],
            [
              77.55334781159146,
              28.634971678010327
            ],
            [
              77.55311507157607,
              28.635143132665394
            ],
            [
              77.55281084722365,
              28.634910706913924
            ],
            [
              77.5525909989309,
              28.634633249383764
            ],
            [
              77.55224846143162,
              28.634292634087895
            ],
            [
              77.55201581214605,
              28.63402644424018
            ],
            [
              77.55172697413782,
              28.633699310301218
            ],
            [
              77.5514098975886,
              28.633369997630027
            ],
            [
              77.55091392244887,
              28.632817331835735
            ],
            [
              77.5505714397468,
              28.632210510672607
            ],
            [
              77.550297909031,
              28.63191947414163
            ],
            [
              77.55014451181478,
              28.6316893546142
            ],
            [
              77.54992462938606,
              28.631398405735055
            ],
            [
              77.5496230433856,
              28.631096112302856
            ],
            [
              77.54925234819372,
              28.630755424813966
            ],
            [
              77.54842664642895,
              28.63010568110799
            ],
            [
              77.54816581160306,
              28.629972611709256
            ],
            [
              77.54820678016993,
              28.629645485634548
            ],
            [
              77.54790517171158,
              28.629318420830632
            ],
            [
              77.54760348959142,
              28.62895291937229
            ],
            [
              77.5472584421992,
              28.628614544666164
            ],
            [
              77.54703857414351,
              28.62832349816361
            ],
            [
              77.54695790004111,
              28.62808779530643
            ],
            [
              77.54692356104105,
              28.627987463259696
            ],
            [
              77.54696579892739,
              28.627954497839667
            ],
            [
              77.54747845488365,
              28.627554392317567
            ],
            [
              77.5480691061661,
              28.627152963741572
            ],
            [
              77.54863413659832,
              28.62680113371616
            ],
            [
              77.54875680244871,
              28.62676503913747
            ],
            [
              77.54912759555694,
              28.626546264375968
            ],
            [
              77.54977439244297,
              28.626086157380104
            ],
            [
              77.55035230022483,
              28.625623797951064
            ],
            [
              77.55099909261928,
              28.62524257402471
            ],
            [
              77.55129574866545,
              28.625013392387995
            ],
            [
              77.55210619883331,
              28.624546517892774
            ],
            [
              77.55272233981196,
              28.62415857971415
            ],
            [
              77.55331798303244,
              28.623813529656765
            ],
            [
              77.55391371428784,
              28.62349554078826
            ],
            [
              77.55423588338641,
              28.623306002660886
            ],
            [
              77.55451959470932,
              28.62307368001506
            ],
            [
              77.55517922313089,
              28.622715109326194
            ],
            [
              77.5557953560247,
              28.622268449831957
            ],
            [
              77.55605866031931,
              28.6220902999455
            ],
            [
              77.55632460296592,
              28.621862470872625
            ],
            [
              77.55663644772689,
              28.621742946066853
            ],
            [
              77.55713505403207,
              28.621361720664787
            ],
            [
              77.55776902387419,
              28.620921930767143
            ],
            [
              77.5580834441051,
              28.620750430013164
            ],
            [
              77.55887856182768,
              28.620315117324765
            ],
            [
              77.55949467406025,
              28.620037686662073
            ],
            [
              77.56015928902993,
              28.61976246401493
            ],
            [
              77.56071406788814,
              28.619442171322824
            ],
            [
              77.56138893622851,
              28.619142147637184
            ],
            [
              77.561874636438,
              28.61893014021311
            ],
            [
              77.5618749176107,
              28.618930358645173
            ],
            [
              77.56225812723281,
              28.61922788635135
            ],
            [
              77.56292789404066,
              28.61999939520839
            ],
            [
              77.56361304000615,
              28.620766272764737
            ],
            [
              77.5642879730252,
              28.62150840730771
            ],
            [
              77.56530802170842,
              28.62258208812155
            ],
            [
              77.56595233834597,
              28.623349064305057
            ],
            [
              77.56636388262876,
              28.623919759924462
            ],
            [
              77.56705172533674,
              28.62506110637294
            ],
            [
              77.56718717690855,
              28.625290297367716
            ],
            [
              77.5672153561607,
              28.62580010934009
            ],
            [
              77.56731254219635,
              28.626077517679352
            ],
            [
              77.56826100503288,
              28.62668427100702
            ],
            [
              77.56909960930005,
              28.627194038361463
            ],
            [
              77.5694166705779,
              28.62737672923206
            ],
            [
              77.56973109709702,
              28.62746022030651
            ],
            [
              77.57000729041934,
              28.627728607792093
            ],
            [
              77.57036524480556,
              28.627994752899262
            ],
            [
              77.57098389298214,
              28.628333109891066
            ],
            [
              77.57129843179067,
              28.62856538620386
            ],
            [
              77.57192990521462,
              28.62891274116354
            ],
            [
              77.57252056278527,
              28.629300660195852
            ],
            [
              77.57304469561758,
              28.629677290665462
            ],
            [
              77.57338733282988,
              28.629871279304563
            ],
            [
              77.57357912404136,
              28.63005398365042
            ],
            [
              77.57377460104041,
              28.630206185383756
            ],
            [
              77.57383986634078,
              28.63025700203602
            ],
            [
              77.57385552936606,
              28.6302797527873
            ],
            [
              77.57388119603037,
              28.630317034393517
            ],
            [
              77.57405723887659,
              28.63057273824709
            ],
            [
              77.57431555482644,
              28.630926887934532
            ],
            [
              77.57440501624896,
              28.63105767901534
            ],
            [
              77.57463005590573,
              28.631262994640213
            ],
            [
              77.57489086288383,
              28.63140959569721
            ],
            [
              77.5751720786869,
              28.631666675130543
            ],
            [
              77.57531786807101,
              28.631761444179407
            ],
            [
              77.57544571630226,
              28.631912538795834
            ],
            [
              77.57590339895633,
              28.632280169048045
            ],
            [
              77.57574741998198,
              28.63241998396819
            ],
            [
              77.57562726132959,
              28.632487692339154
            ],
            [
              77.57561712833316,
              28.632650082970557
            ],
            [
              77.57568618901558,
              28.632803495954605
            ],
            [
              77.57532822205295,
              28.63295244367634
            ],
            [
              77.57558653890109,
              28.6333922667491
            ],
            [
              77.57569644597947,
              28.63359977837967
            ],
            [
              77.57582942089606,
              28.633935875736686
            ],
            [
              77.57585247525951,
              28.63417719971637
            ],
            [
              77.57611078042956,
              28.6340847130452
            ],
            [
              77.57663734230638,
              28.633804946321476
            ],
            [
              77.5768265499631,
              28.633725993894764
            ],
            [
              77.57694668885259,
              28.633638013623017
            ],
            [
              77.57733281889769,
              28.633441698121224
            ],
            [
              77.57746565816863,
              28.63335821968942
            ],
            [
              77.57764981459852,
              28.633276988289797
            ],
            [
              77.57801023306354,
              28.633087436286033
            ],
            [
              77.57829658902665,
              28.632990415810653
            ],
            [
              77.57859072440014,
              28.6333694086542
            ],
            [
              77.57870317101582,
              28.63361750122959
            ],
            [
              77.57889758620624,
              28.633730249171585
            ],
            [
              77.57901775743505,
              28.63397157835486
            ],
            [
              77.5792555774234,
              28.6342580771943
            ],
            [
              77.57936297011727,
              28.634429496746794
            ],
            [
              77.5800532050389,
              28.63408422814873
            ],
            [
              77.58025519212885,
              28.633973634633517
            ],
            [
              77.58079464483,
              28.633725513727367
            ],
            [
              77.58100934667446,
              28.633522464994016
            ],
            [
              77.581247190019,
              28.633423145787425
            ],
            [
              77.58152067042913,
              28.63333060404824
            ],
            [
              77.58183513108423,
              28.633156858330914
            ],
            [
              77.58198595372889,
              28.63307337494177
            ],
            [
              77.58216752480733,
              28.63295384713174
            ],
            [
              77.58283218199786,
              28.63265596961534
            ],
            [
              77.58301625218948,
              28.632595002692742
            ],
            [
              77.5830187629807,
              28.632599536342077
            ],
            [
              77.58336921373933,
              28.633382251007593
            ],
            [
              77.58353809341949,
              28.63370705369265
            ],
            [
              77.5838219862021,
              28.634325021950325
            ],
            [
              77.58400609142801,
              28.634647577013535
            ],
            [
              77.58430033190436,
              28.63538063703153
            ],
            [
              77.58441538093942,
              28.635640046032304
            ],
            [
              77.58474028630636,
              28.636240010070036
            ],
            [
              77.5848527724479,
              28.63642269307885
            ],
            [
              77.58495509055876,
              28.636582840054363
            ],
            [
              77.58502163326342,
              28.636711350254497
            ],
            [
              77.58469181141697,
              28.636936971036608
            ],
            [
              77.5847967436253,
              28.637144490637567
            ],
            [
              77.58490667585653,
              28.637239258681696
            ],
            [
              77.58531074885109,
              28.637676771054085
            ],
            [
              77.58546681855532,
              28.637863965272757
            ],
            [
              77.58553584061016,
              28.637988017752733
            ],
            [
              77.5858375676461,
              28.63831509890049
            ],
            [
              77.58596804434788,
              28.638497778296447
            ],
            [
              77.58606525104476,
              28.638637573894627
            ],
            [
              77.5863132866745,
              28.63892403161142
            ],
            [
              77.5864463586091,
              28.63900520581587
            ],
            [
              77.58654091168265,
              28.63911570020694
            ],
            [
              77.58666624642771,
              28.639284908216432
            ],
            [
              77.58711384908604,
              28.639708853818945
            ],
            [
              77.58723150682867,
              28.63983969387312
            ],
            [
              77.58737466684394,
              28.640006601725748
            ],
            [
              77.58767644418553,
              28.640272678640738
            ],
            [
              77.58790152157154,
              28.64052081087086
            ],
            [
              77.58861746088668,
              28.640491260012475
            ],
            [
              77.58884499606332,
              28.640414524084388
            ],
            [
              77.58912629271475,
              28.640396479926018
            ],
            [
              77.5893461940081,
              28.640364850015537
            ],
            [
              77.58998543157102,
              28.640317350337988
            ],
            [
              77.59031516628089,
              28.64029471529285
            ],
            [
              77.59060412466337,
              28.640267610785674
            ],
            [
              77.59092625872762,
              28.640256234128078
            ],
            [
              77.59114618697045,
              28.640217813656292
            ],
            [
              77.5912893299177,
              28.64020878091713
            ],
            [
              77.59169082025583,
              28.640174841715346
            ],
            [
              77.59190304185184,
              28.640147771078563
            ],
            [
              77.59211269157113,
              28.64011387285399
            ],
            [
              77.59228655869775,
              28.64011832891484
            ],
            [
              77.59255499955916,
              28.640082197919256
            ],
            [
              77.59285162236768,
              28.640088870186446
            ],
            [
              77.5930714473042,
              28.639980548876782
            ],
            [
              77.59331440206269,
              28.639955681783135
            ],
            [
              77.59369275808731,
              28.63995110824297
            ],
            [
              77.59375677203448,
              28.640194696086642
            ],
            [
              77.59387957442877,
              28.640393212787504
            ],
            [
              77.59400755201739,
              28.640754075666543
            ],
            [
              77.59407661090317,
              28.640758508836637
            ],
            [
              77.59422740480171,
              28.640638965340344
            ],
            [
              77.59435777999383,
              28.640607356001443
            ],
            [
              77.59478475104501,
              28.640476375780725
            ],
            [
              77.594981643789,
              28.64045154664789
            ],
            [
              77.59513754820318,
              28.640336481717167
            ],
            [
              77.5953063200855,
              28.64034094880615
            ],
            [
              77.59580229522521,
              28.640201007257758
            ],
            [
              77.59600169965871,
              28.640067790614292
            ],
            [
              77.59629828024642,
              28.639979792007708
            ],
            [
              77.59686328013593,
              28.639808229360195
            ],
            [
              77.59708318592087,
              28.639652480315675
            ],
            [
              77.59729534643138,
              28.63962310739286
            ],
            [
              77.59779903001457,
              28.639390629280705
            ],
            [
              77.59798560830245,
              28.639318400677496
            ],
            [
              77.59821063268788,
              28.639225835754694
            ],
            [
              77.59860171604343,
              28.639052110836275
            ],
            [
              77.59877815055513,
              28.639020456868124
            ],
            [
              77.5989263662888,
              28.63889408136608
            ],
            [
              77.599033759881,
              28.6388624888465
            ],
            [
              77.59956551491851,
              28.638602908053773
            ],
            [
              77.59976491755539,
              28.638485557052903
            ],
            [
              77.59992337677822,
              28.638415562988936
            ],
            [
              77.60042446962014,
              28.638160564169905
            ],
            [
              77.60060079184244,
              28.63801617065906
            ],
            [
              77.60079511270972,
              28.637930388159084
            ],
            [
              77.60130385290964,
              28.6376076200633
            ],
            [
              77.60147002057597,
              28.637515175048428
            ],
            [
              77.60159782209479,
              28.637449674355665
            ],
            [
              77.60209887271589,
              28.63721264693984
            ],
            [
              77.60226750715593,
              28.637056945290073
            ],
            [
              77.60255641523277,
              28.63697799215643
            ],
            [
              77.60350227205669,
              28.636438508235255
            ],
            [
              77.60398797226621,
              28.636145199336404
            ],
            [
              77.60413614308412,
              28.63606385577117
            ],
            [
              77.60426406767215,
              28.636018717874684
            ],
            [
              77.6046755850055,
              28.635781807068753
            ],
            [
              77.60497716920928,
              28.63565983503301
            ],
            [
              77.60539422914795,
              28.63621462960805
            ],
            [
              77.60547349199705,
              28.63637478636229
            ],
            [
              77.60559373688768,
              28.636566469075845
            ],
            [
              77.60575238026519,
              28.636821285699813
            ],
            [
              77.60605931483482,
              28.637123456202605
            ],
            [
              77.60625868513237,
              28.63698582282137
            ],
            [
              77.60647088337214,
              28.636775916330937
            ],
            [
              77.60694877632352,
              28.636385521656823
            ],
            [
              77.60714817806206,
              28.636256877812393
            ],
            [
              77.60736289068635,
              28.63614855096966
            ],
            [
              77.60779485457385,
              28.635821310899914
            ],
            [
              77.60795846204162,
              28.635672406671993
            ],
            [
              77.6081577999998,
              28.635568619842893
            ],
            [
              77.60857957429704,
              28.635214256383037
            ],
            [
              77.60875334171065,
              28.635126227687202
            ],
            [
              77.60886070565849,
              28.63499317726934
            ],
            [
              77.60910347985559,
              28.63478776013691
            ],
            [
              77.60932598626324,
              28.63499298725465
            ],
            [
              77.60949229676167,
              28.63515756193452
            ],
            [
              77.60963811489187,
              28.6353334796459
            ],
            [
              77.61012147319342,
              28.635669379859824
            ],
            [
              77.61030311344219,
              28.635804647292627
            ],
            [
              77.61043872671074,
              28.635949039116234
            ],
            [
              77.61090415463923,
              28.636271367637743
            ],
            [
              77.61102953699499,
              28.636390931879035
            ],
            [
              77.61200910309995,
              28.637141706703247
            ],
            [
              77.6123775219609,
              28.637529541705895
            ],
            [
              77.61249777044483,
              28.637651320769994
            ],
            [
              77.61277911111372,
              28.637998592832908
            ],
            [
              77.61306300838791,
              28.638050351027193
            ],
            [
              77.61322661316073,
              28.637955563216718
            ],
            [
              77.61361518662338,
              28.637797542344384
            ],
            [
              77.61397812935436,
              28.637598866989677
            ],
            [
              77.61415194797193,
              28.63747019861481
            ],
            [
              77.61431546560816,
              28.637379904301767
            ],
            [
              77.61459924520305,
              28.63725351972786
            ],
            [
              77.61484976287791,
              28.63714287515151
            ],
            [
              77.61524345763603,
              28.63691264171816
            ],
            [
              77.61524320790437,
              28.63649756413242
            ],
            [
              77.61529924032023,
              28.636064429751602
            ],
            [
              77.61536817883174,
              28.63589071536746
            ],
            [
              77.6155060190239,
              28.635426054310106
            ],
            [
              77.61561076078937,
              28.635261312113492
            ],
            [
              77.61574360724686,
              28.635078552180705
            ],
            [
              77.6161090329213,
              28.634597933329133
            ],
            [
              77.61656643979262,
              28.634189500306583
            ],
            [
              77.61698039066206,
              28.633769775851693
            ],
            [
              77.61725646540674,
              28.633562091885977
            ],
            [
              77.61768319930269,
              28.633142372806255
            ],
            [
              77.61783142312119,
              28.632997909313293
            ],
            [
              77.61823772124274,
              28.632684198067516
            ],
            [
              77.61840642395477,
              28.63251270312572
            ],
            [
              77.61852904758433,
              28.632336758608666
            ],
            [
              77.61885857837662,
              28.631894489233037
            ],
            [
              77.61894027566014,
              28.631607950825202
            ],
            [
              77.61901685074989,
              28.631447738699148
            ],
            [
              77.61903979102729,
              28.63126508014539
            ],
            [
              77.61914697800701,
              28.630983049295626
            ],
            [
              77.61930545429784,
              28.630802502255534
            ],
            [
              77.61944338611818,
              28.63061972194205
            ],
            [
              77.61990084688837,
              28.630272187339077
            ],
            [
              77.62005677376045,
              28.630105177269595
            ],
            [
              77.62019465437679,
              28.629963031671107
            ],
            [
              77.62066493680106,
              28.629624399233567
            ],
            [
              77.62085408876226,
              28.629486778094396
            ],
            [
              77.62104570480221,
              28.62936708061769
            ],
            [
              77.62151090366031,
              28.629033048659213
            ],
            [
              77.62233883414528,
              28.62844399320726
            ],
            [
              77.62272735730231,
              28.628177612690962
            ],
            [
              77.62283971857805,
              28.628064806743073
            ],
            [
              77.62339183393145,
              28.627719402873897
            ],
            [
              77.62356809057671,
              28.627608830249105
            ],
            [
              77.623727608015,
              28.62737857511047
            ],
            [
              77.62404477709066,
              28.627173505784526
            ],
            [
              77.62410254864488,
              28.62726629107993
            ],
            [
              77.62410637816295,
              28.62726383568839
            ],
            [
              77.62395942276564,
              28.626973934289495
            ],
            [
              77.62370309478753,
              28.62667032629217
            ],
            [
              77.62343960813489,
              28.62647652334436
            ],
            [
              77.62286417790662,
              28.62611131083531
            ],
            [
              77.62269287636845,
              28.626000886333497
            ],
            [
              77.62231181731312,
              28.625795789872328
            ],
            [
              77.62218140439175,
              28.62573266396063
            ],
            [
              77.62202270172544,
              28.625534271708528
            ],
            [
              77.62169019840788,
              28.625090022877647
            ],
            [
              77.6203935782116,
              28.62437190287586
            ],
            [
              77.61982835464161,
              28.62400664677272
            ],
            [
              77.61961350277845,
              28.62383080627605
            ],
            [
              77.61927853717869,
              28.62364602121229
            ],
            [
              77.61896140942552,
              28.623409304842568
            ],
            [
              77.61870819860144,
              28.623260502073002
            ],
            [
              77.61850365490618,
              28.623154529776652
            ],
            [
              77.61819167809284,
              28.622985495257975
            ],
            [
              77.6178899339889,
              28.622814227338182
            ],
            [
              77.61769042355421,
              28.622706034865185
            ],
            [
              77.61746800158818,
              28.62262713086424
            ],
            [
              77.61704604223796,
              28.622392699744246
            ],
            [
              77.61667517995943,
              28.622117659114505
            ],
            [
              77.61652686361445,
              28.62198014168363
            ],
            [
              77.61631685277239,
              28.62119976834902
            ],
            [
              77.6157746179888,
              28.62065632838799
            ],
            [
              77.61502034935712,
              28.620473893929887
            ],
            [
              77.61474417040785,
              28.620216865939703
            ],
            [
              77.61467741570078,
              28.619648507981083
            ],
            [
              77.61522433879185,
              28.619415882320848
            ],
            [
              77.6155182558747,
              28.61924662177458
            ],
            [
              77.61572018008256,
              28.61917432568573
            ],
            [
              77.61603705540914,
              28.619027607393736
            ],
            [
              77.6163975044169,
              28.618912451945846
            ],
            [
              77.61670680964059,
              28.618851387933095
            ],
            [
              77.61689337265713,
              28.618799408147087
            ],
            [
              77.61722559480202,
              28.618643652370324
            ],
            [
              77.61752713858162,
              28.61844505667765
            ],
            [
              77.61777764996826,
              28.618316333278965
            ],
            [
              77.61798459216536,
              28.618198976943855
            ],
            [
              77.6187385418951,
              28.617914478248057
            ],
            [
              77.61901200613558,
              28.61775417109698
            ],
            [
              77.61912706774706,
              28.617668375190885
            ],
            [
              77.61951805408458,
              28.617467440319235
            ],
            [
              77.61994226730783,
              28.617203337748688
            ],
            [
              77.6201390244062,
              28.617047666348068
            ],
            [
              77.6205095749693,
              28.616806153157096
            ],
            [
              77.62084939955648,
              28.61658940795382
            ],
            [
              77.62112798419408,
              28.616384042338254
            ],
            [
              77.62129404496083,
              28.616235066375687
            ],
            [
              77.62158272037404,
              28.61601838386916
            ],
            [
              77.62188678841959,
              28.615697996955316
            ],
            [
              77.62209883664075,
              28.615492556257763
            ],
            [
              77.62228536462295,
              28.61532783088025
            ],
            [
              77.62263798840625,
              28.61505027032951
            ],
            [
              77.62312852873853,
              28.614671012621343
            ],
            [
              77.6237840383845,
              28.614264762976806
            ],
            [
              77.62404754839334,
              28.61394459309868
            ],
            [
              77.6242137663653,
              28.61379800077376
            ],
            [
              77.6244566573434,
              28.613653741720594
            ],
            [
              77.62491712387654,
              28.613193857393853
            ],
            [
              77.62507565226969,
              28.61300889667792
            ],
            [
              77.62531350729229,
              28.612866946376595
            ],
            [
              77.62554117362293,
              28.612632469019566
            ],
            [
              77.62561545172053,
              28.612422680226405
            ],
            [
              77.62577401784294,
              28.61220845663848
            ],
            [
              77.62593011180164,
              28.611987500991646
            ],
            [
              77.62609646811417,
              28.6116536826575
            ],
            [
              77.6262678406192,
              28.611340211247924
            ],
            [
              77.62644180925547,
              28.61115758868588
            ],
            [
              77.62664133136826,
              28.610812520354198
            ],
            [
              77.62677441318435,
              28.610647910662134
            ],
            [
              77.6270352803496,
              28.610438233833445
            ],
            [
              77.62722701586551,
              28.610294035621976
            ],
            [
              77.62744186683035,
              28.610093305880554
            ],
            [
              77.62763879101537,
              28.60993322338055
            ],
            [
              77.62799672563861,
              28.609719115376198
            ],
            [
              77.62824985202106,
              28.609642516255324
            ],
            [
              77.62849521785776,
              28.609705786696274
            ],
            [
              77.6287687368955,
              28.6097645216753
            ],
            [
              77.629072924417,
              28.609719594076168
            ],
            [
              77.62954082810239,
              28.609516748120463
            ],
            [
              77.62971979406657,
              28.60937694370772
            ],
            [
              77.63000113743038,
              28.6090906009392
            ],
            [
              77.63049979044798,
              28.608714099302052
            ],
            [
              77.6308297641097,
              28.608281153125045
            ],
            [
              77.63115710570767,
              28.607969988692258
            ],
            [
              77.63132847372115,
              28.607699441069876
            ],
            [
              77.63139511703716,
              28.607376886806474
            ],
            [
              77.63147456044761,
              28.60709717824976
            ],
            [
              77.63158969122937,
              28.606864874162238
            ],
            [
              77.6317151706032,
              28.606465677254928
            ],
            [
              77.6317817447489,
              28.606217608058977
            ],
            [
              77.63195566218118,
              28.60602589595715
            ],
            [
              77.63228805231104,
              28.605705722260232
            ],
            [
              77.63260517467431,
              28.60549383992569
            ],
            [
              77.63250042931556,
              28.60530652804656
            ],
            [
              77.63237793324679,
              28.605074183720923
            ],
            [
              77.63229615780983,
              28.604886937341753
            ],
            [
              77.63229371529057,
              28.604665822756782
            ],
            [
              77.63237317756568,
              28.604379415883688
            ],
            [
              77.63249600331615,
              28.604032098857044
            ],
            [
              77.63265713592529,
              28.603867440684073
            ],
            [
              77.63280288578352,
              28.603664485632702
            ],
            [
              77.633022912841,
              28.603360072037567
            ],
            [
              77.63323514521674,
              28.603121040904433
            ],
            [
              77.63337831511349,
              28.602988039048107
            ],
            [
              77.63360341405907,
              28.602821208779734
            ],
            [
              77.63384376190658,
              28.602634056182545
            ],
            [
              77.63411988066875,
              28.60238606311812
            ],
            [
              77.63431937583209,
              28.602237199013572
            ],
            [
              77.63455966528912,
              28.602074904097726
            ],
            [
              77.63487680561872,
              28.60177954087262
            ],
            [
              77.6350353151472,
              28.60161043803713
            ],
            [
              77.63525775418125,
              28.60146842501185
            ],
            [
              77.63564387344657,
              28.601163990069345
            ],
            [
              77.63600697428102,
              28.60090021877256
            ],
            [
              77.63632387386211,
              28.600830422063108
            ],
            [
              77.63658468982341,
              28.600681637779555
            ],
            [
              77.63689921964878,
              28.600501264995714
            ],
            [
              77.63720083259868,
              28.60040436268625
            ],
            [
              77.63739773971568,
              28.6002601349288
            ],
            [
              77.63761243976353,
              28.60012029769218
            ],
            [
              77.6378323311754,
              28.599915130969585
            ],
            [
              77.6381417837228,
              28.599662578276895
            ],
            [
              77.6383309770065,
              28.599513831775365
            ],
            [
              77.63852782842795,
              28.59943262309255
            ],
            [
              77.63882435691333,
              28.599236477095843
            ],
            [
              77.63900843339317,
              28.599132786753213
            ],
            [
              77.63923597306136,
              28.598995338605782
            ],
            [
              77.63958116418401,
              28.598765326751323
            ],
            [
              77.63929499237554,
              28.598541944344277
            ],
            [
              77.63916987412443,
              28.598305069648998
            ],
            [
              77.63914187543368,
              28.59807715427892
            ],
            [
              77.63917774067139,
              28.5978358719476
            ],
            [
              77.63912167232296,
              28.5975425932363
            ],
            [
              77.6393236603112,
              28.59729450218532
            ],
            [
              77.63971213765413,
              28.59726988210564
            ],
            [
              77.64001361855169,
              28.59751358238729
            ],
            [
              77.64020271841058,
              28.597687278238965
            ],
            [
              77.64050431968238,
              28.597513770892387
            ],
            [
              77.64078561274056,
              28.59726565768902
            ],
            [
              77.64104635414168,
              28.597153007042266
            ],
            [
              77.64133010319382,
              28.597087664942542
            ],
            [
              77.64159857819122,
              28.596896052126272
            ],
            [
              77.6419001839546,
              28.596711166829564
            ],
            [
              77.64206130039409,
              28.596573650839062
            ],
            [
              77.64238345511957,
              28.59640677331705
            ],
            [
              77.64261606667588,
              28.59617683467074
            ],
            [
              77.64284111082424,
              28.596027969657804
            ],
            [
              77.64304559882392,
              28.59591072408484
            ],
            [
              77.64337539102596,
              28.595680751226354
            ],
            [
              77.64368092242715,
              28.595431035708998
            ],
            [
              77.64375883600668,
              28.595367356780788
            ],
            [
              77.64383442923787,
              28.5954261518319
            ],
            [
              77.64416507214449,
              28.595683323300744
            ],
            [
              77.64529187661607,
              28.596709945086474
            ],
            [
              77.64561138131147,
              28.596595034918316
            ],
            [
              77.64611501369066,
              28.5961259912733
            ],
            [
              77.64762093416161,
              28.594903803623893
            ],
            [
              77.64788412616682,
              28.595073078943184
            ],
            [
              77.6486122116029,
              28.59581548020003
            ],
            [
              77.64940173731286,
              28.596469800122843
            ],
            [
              77.64999491286129,
              28.595942159161982
            ],
            [
              77.65083595156287,
              28.595294963016844
            ],
            [
              77.65159526243825,
              28.59460491269066
            ],
            [
              77.65213476903833,
              28.59412234099682
            ],
            [
              77.65289900088482,
              28.593881215224357
            ],
            [
              77.65368610294014,
              28.594014425005117
            ],
            [
              77.65501489180673,
              28.594959918784497
            ],
            [
              77.6553726467669,
              28.594860779219854
            ],
            [
              77.65572273819947,
              28.59504131627793
            ],
            [
              77.65654596959719,
              28.594283563664767
            ],
            [
              77.65745094858408,
              28.59367699229076
            ],
            [
              77.65846543130579,
              28.59427044598891
            ],
            [
              77.65883348814569,
              28.59407650437928
            ],
            [
              77.65994301172614,
              28.592905993682354
            ],
            [
              77.66070477769719,
              28.59219786182224
            ],
            [
              77.661668424757,
              28.591487455113594
            ],
            [
              77.66250182508372,
              28.59060570029499
            ],
            [
              77.6624099759392,
              28.590073298795637
            ],
            [
              77.66246361344649,
              28.58994024177689
            ],
            [
              77.66258898861575,
              28.589568072938487
            ],
            [
              77.66295974579137,
              28.588864293218336
            ],
            [
              77.6631182202856,
              28.58863874110338
            ],
            [
              77.66341988893106,
              28.588187689059858
            ],
            [
              77.66406669659686,
              28.58719530875039
            ],
            [
              77.66439643490001,
              28.586588530039364
            ],
            [
              77.66484892439344,
              28.585887040014747
            ],
            [
              77.66499464101402,
              28.58562093572225
            ],
            [
              77.66545731560613,
              28.58520140525729
            ],
            [
              77.66582544071798,
              28.58469168889964
            ],
            [
              77.66669196013264,
              28.583697002192995
            ],
            [
              77.66714442087999,
              28.58332263329435
            ],
            [
              77.66737444798322,
              28.583088122354916
            ],
            [
              77.6678165825964,
              28.582499396929776
            ],
            [
              77.66811569194158,
              28.582282863362245
            ],
            [
              77.66820512910961,
              28.58216335269012
            ],
            [
              77.6682895231356,
              28.581619762874332
            ],
            [
              77.66845575098903,
              28.5813400086449
            ],
            [
              77.66869599103872,
              28.581125826610126
            ],
            [
              77.66923785302147,
              28.580627353711435
            ],
            [
              77.66950360073365,
              28.580399505721697
            ],
            [
              77.67000196629034,
              28.57998681037106
            ],
            [
              77.670893934977,
              28.579438764869504
            ],
            [
              77.67137695371538,
              28.579023822222975
            ],
            [
              77.67172711341985,
              28.578827566360165
            ],
            [
              77.67188806906088,
              28.578617818157674
            ],
            [
              77.67241711837275,
              28.578286289620504
            ],
            [
              77.67334736517196,
              28.57737954376668
            ],
            [
              77.67362598394554,
              28.577151785773065
            ],
            [
              77.67395059915661,
              28.576842775120422
            ],
            [
              77.67405533643053,
              28.576526982333736
            ],
            [
              77.67395574021498,
              28.576206651727052
            ],
            [
              77.67456910180614,
              28.575850290906423
            ],
            [
              77.67525399444673,
              28.575442037300288
            ],
            [
              77.67581361073277,
              28.575119563914164
            ],
            [
              77.67674890067399,
              28.574641375040965
            ],
            [
              77.67753087694227,
              28.57399178521358
            ],
            [
              77.67769252338778,
              28.57373855569187
            ],
            [
              77.67773534428072,
              28.5736714760764
            ],
            [
              77.67765942496112,
              28.5736356369939
            ],
            [
              77.67740570569057,
              28.57351586404704
            ],
            [
              77.67685636163984,
              28.573105233081773
            ],
            [
              77.67630955892301,
              28.572597670207756
            ],
            [
              77.67573217396067,
              28.571902881800646
            ],
            [
              77.67533364985961,
              28.5713298627154
            ],
            [
              77.67532602855272,
              28.570747859387804
            ],
            [
              77.67556109969628,
              28.5705471637853
            ],
            [
              77.67624085038022,
              28.570373494102192
            ],
            [
              77.67654240493962,
              28.57009606412917
            ],
            [
              77.67669060540192,
              28.56953889435669
            ],
            [
              77.67666504114557,
              28.569288535311294
            ],
            [
              77.67640712584436,
              28.56860949519499
            ],
            [
              77.67639946411329,
              28.568329856264008
            ],
            [
              77.67646587027406,
              28.568068176136663
            ],
            [
              77.67675213191404,
              28.56741852363465
            ],
            [
              77.67679819931847,
              28.566865918773942
            ],
            [
              77.67708442592416,
              28.56634029416776
            ],
            [
              77.67772583381681,
              28.56544710233255
            ],
            [
              77.67793533890737,
              28.565212455287917
            ],
            [
              77.67842597895262,
              28.564395960979354
            ],
            [
              77.67806571499783,
              28.564134216630553
            ],
            [
              77.67716131093272,
              28.56359731965687
            ],
            [
              77.67772852966098,
              28.563231920952514
            ],
            [
              77.67856160300097,
              28.56272443037837
            ],
            [
              77.67895757409,
              28.562598175325835
            ],
            [
              77.67972672241604,
              28.562147084988684
            ],
            [
              77.68049326293281,
              28.561328260665114
            ],
            [
              77.68087649141955,
              28.56080944666035
            ],
            [
              77.68130066242199,
              28.559972617078383
            ],
            [
              77.68240956796153,
              28.558684644107537
            ],
            [
              77.68309695342705,
              28.55798538477622
            ],
            [
              77.68367431143992,
              28.557407914764912
            ],
            [
              77.68429005356658,
              28.55678311086382
            ],
            [
              77.6850540446646,
              28.556047705831695
            ],
            [
              77.68529839271008,
              28.555910102743315
            ],
            [
              77.68537851075531,
              28.555864985643943
            ],
            [
              77.68538763494367,
              28.555839041330497
            ],
            [
              77.68540296918556,
              28.555795435206655
            ],
            [
              77.68544751933544,
              28.555668747340818
            ],
            [
              77.68622922880414,
              28.55452736611854
            ],
            [
              77.68645920290673,
              28.55420704034502
            ],
            [
              77.68707235159718,
              28.55339044804324
            ],
            [
              77.68734066579613,
              28.553047557287933
            ],
            [
              77.68785928656585,
              28.552262617172616
            ],
            [
              77.68814281014089,
              28.551906183947487
            ],
            [
              77.68856435087615,
              28.551709909859387
            ],
            [
              77.68930008367025,
              28.551407637326886
            ],
            [
              77.68930269058123,
              28.55133997061267
            ],
            [
              77.68910335262304,
              28.5510128727878
            ],
            [
              77.68875598488246,
              28.550633907222476
            ],
            [
              77.68891685159028,
              28.550313583807647
            ],
            [
              77.68919019455818,
              28.549878287165303
            ],
            [
              77.68923111641263,
              28.549571456362212
            ],
            [
              77.68896026626963,
              28.549167727227548
            ],
            [
              77.68842377621229,
              28.54858345581261
            ],
            [
              77.68840340511657,
              28.548499951792053
            ],
            [
              77.68896789566135,
              28.54831501299103
            ],
            [
              77.68925657376947,
              28.54813910505144
            ],
            [
              77.68962957493669,
              28.54769690112858
            ],
            [
              77.68969086159863,
              28.547345042646516
            ],
            [
              77.68957845001725,
              28.546449488029968
            ],
            [
              77.6894609395983,
              28.5460411890269
            ],
            [
              77.68936129667037,
              28.54565544129407
            ],
            [
              77.68914922060144,
              28.545242652298587
            ],
            [
              77.68895002098384,
              28.544886287640328
            ],
            [
              77.68853609616554,
              28.544092232276043
            ],
            [
              77.6884109177273,
              28.54385088135142
            ],
            [
              77.68895248506264,
              28.543422309791794
            ],
            [
              77.6888018187249,
              28.54312682920525
            ],
            [
              77.68833681120795,
              28.542292214662616
            ],
            [
              77.68792806607559,
              28.541410155653995
            ],
            [
              77.68782846536847,
              28.541067340317966
            ],
            [
              77.6877671553503,
              28.540246185045167
            ],
            [
              77.68787952201593,
              28.53933718038926
            ],
            [
              77.68789999821453,
              28.53875518721348
            ],
            [
              77.68794849286681,
              28.538644604658476
            ],
            [
              77.68831890419108,
              28.538385203252716
            ],
            [
              77.68881443107148,
              28.538191188611382
            ],
            [
              77.68978514607589,
              28.53787992728926
            ],
            [
              77.6899383753072,
              28.537796458187664
            ],
            [
              77.69010442978576,
              28.537537028650917
            ],
            [
              77.69069704029387,
              28.536600930930963
            ],
            [
              77.69089629470874,
              28.536181339991238
            ],
            [
              77.69127429589881,
              28.535786534956884
            ],
            [
              77.6916983339506,
              28.535570008663463
            ],
            [
              77.69252334940246,
              28.535276714208717
            ],
            [
              77.69260253858972,
              28.53522483121546
            ],
            [
              77.69257956058307,
              28.53468798570965
            ],
            [
              77.69252839793437,
              28.53424807318519
            ],
            [
              77.69244415482534,
              28.533833001315035
            ],
            [
              77.69218354817153,
              28.533449599379143
            ],
            [
              77.6914836267162,
              28.532930757722248
            ],
            [
              77.69136104261256,
              28.532281092819602
            ],
            [
              77.69097782221064,
              28.532179584166478
            ],
            [
              77.69048745076168,
              28.531951752050325
            ],
            [
              77.68958060507562,
              28.53143302613712
            ],
            [
              77.68911833742028,
              28.531157798869454
            ],
            [
              77.68829578784387,
              28.530542026623497
            ],
            [
              77.68790496859297,
              28.53019012426063
            ],
            [
              77.68723581533447,
              28.529526936305324
            ],
            [
              77.68692166369983,
              28.52919760823871
            ],
            [
              77.68615533608379,
              28.528487040609086
            ],
            [
              77.68571096376726,
              28.528038115067442
            ],
            [
              77.686525698899,
              28.52750799839355
            ],
            [
              77.68728434412277,
              28.527016239106757
            ],
            [
              77.68734577361683,
              28.526956668668117
            ],
            [
              77.68741456660128,
              28.52688995860813
            ],
            [
              77.68737180589545,
              28.526821632113524
            ],
            [
              77.68713360322482,
              28.526441019161002
            ],
            [
              77.68661509204956,
              28.525577069706173
            ],
            [
              77.68611706875099,
              28.52461166905223
            ],
            [
              77.68592043472184,
              28.52432064798807
            ],
            [
              77.68543003812003,
              28.523526639691653
            ],
            [
              77.6849167201054,
              28.522574680742842
            ],
            [
              77.68462047099608,
              28.521731008092107
            ],
            [
              77.68452085681422,
              28.52114450472723
            ],
            [
              77.68453363175587,
              28.520709175968282
            ],
            [
              77.6845463635784,
              28.519818148951455
            ],
            [
              77.68444422962217,
              28.51895416890068
            ],
            [
              77.68427821736441,
              28.518503032932138
            ],
            [
              77.68413786188948,
              28.51806318625194
            ],
            [
              77.68386714559546,
              28.517199142093855
            ],
            [
              77.68359892212634,
              28.51666459092307
            ],
            [
              77.68357344500657,
              28.51649311591462
            ],
            [
              77.68393358499384,
              28.51630815487719
            ],
            [
              77.68438561185494,
              28.516114161163813
            ],
            [
              77.68478143562025,
              28.51595402880082
            ],
            [
              77.68483760458003,
              28.515866033647125
            ],
            [
              77.68490408260601,
              28.515408179027514
            ],
            [
              77.68526417228765,
              28.51455548837989
            ],
            [
              77.68569830111501,
              28.51366441883649
            ],
            [
              77.68594093876818,
              28.513323797643594
            ],
            [
              77.6866738975647,
              28.512633579299116
            ],
            [
              77.68644921184413,
              28.512243336205252
            ],
            [
              77.68613755572936,
              28.511681639621074
            ],
            [
              77.68576221984071,
              28.511422242901
            ],
            [
              77.68548379510327,
              28.51129141037123
            ],
            [
              77.68515186221587,
              28.511580089819727
            ],
            [
              77.68502666042149,
              28.51157111786042
            ],
            [
              77.68422477389322,
              28.511237265076478
            ],
            [
              77.68376262661212,
              28.511004859859664
            ],
            [
              77.6833207938329,
              28.51078605110115
            ],
            [
              77.68286876697181,
              28.510540211290586
            ],
            [
              77.68232998082063,
              28.510262649754726
            ],
            [
              77.68183447819474,
              28.51002580765469
            ],
            [
              77.68135699757005,
              28.509741610799416
            ],
            [
              77.68100972055936,
              28.50977766502464
            ],
            [
              77.68089989432934,
              28.509768637655352
            ],
            [
              77.68063423465205,
              28.509622016997433
            ],
            [
              77.68053473006466,
              28.509621945952954
            ],
            [
              77.68003414836416,
              28.509741553174557
            ],
            [
              77.67987327716475,
              28.509662513908584
            ],
            [
              77.6796051165777,
              28.50964448362033
            ],
            [
              77.6791071552629,
              28.509840734234267
            ],
            [
              77.67865508168941,
              28.51003242107865
            ],
            [
              77.67782512999504,
              28.510424852611486
            ],
            [
              77.6773909778115,
              28.50993989072986
            ],
            [
              77.6768624603023,
              28.50909619829839
            ],
            [
              77.6766989893785,
              28.508705912120117
            ],
            [
              77.67651777313452,
              28.508164534641136
            ],
            [
              77.67618839775076,
              28.507325389953053
            ],
            [
              77.67607325169764,
              28.507174990982914
            ],
            [
              77.67601734774087,
              28.50710197135027
            ],
            [
              77.67594564870647,
              28.507114912011662
            ],
            [
              77.67576712561177,
              28.50714713538046
            ],
            [
              77.67548879070578,
              28.506984632247036
            ],
            [
              77.67518991132931,
              28.507054590659752
            ],
            [
              77.6751312836806,
              28.506756844359323
            ],
            [
              77.6746817999501,
              28.506838002983134
            ],
            [
              77.67417619127727,
              28.50698229008954
            ],
            [
              77.67354533409764,
              28.507070250816692
            ],
            [
              77.67306526722328,
              28.506937096780867
            ],
            [
              77.6722251573797,
              28.506684370705415
            ],
            [
              77.67124456180542,
              28.506296279630448
            ],
            [
              77.67082585974646,
              28.506036762307435
            ],
            [
              77.67032539213199,
              28.505650995249
            ],
            [
              77.66996029703759,
              28.505285554225882
            ],
            [
              77.6696769225829,
              28.50492681093816
            ],
            [
              77.66900030342606,
              28.504236434234173
            ],
            [
              77.66863264543815,
              28.50392508291669
            ],
            [
              77.66794579087696,
              28.503182895627564
            ],
            [
              77.66741221764936,
              28.502652681626966
            ],
            [
              77.66751187315371,
              28.502167692700024
            ],
            [
              77.66770091641874,
              28.501662449190363
            ],
            [
              77.66790789903996,
              28.50110306065976
            ],
            [
              77.66804327156002,
              28.50064061130621
            ],
            [
              77.66840406641916,
              28.50004254909359
            ],
            [
              77.66835985313752,
              28.497373766691293
            ],
            [
              77.66799727332591,
              28.49741902093835
            ],
            [
              77.66685871260222,
              28.498154801178007
            ],
            [
              77.6656128651858,
              28.498795784616167
            ],
            [
              77.66431583356115,
              28.499346555793814
            ],
            [
              77.66265623110802,
              28.499852367748012
            ],
            [
              77.66172163286957,
              28.499762335784848
            ],
            [
              77.66042433714024,
              28.49939733067377
            ],
            [
              77.65933128776375,
              28.498847136069458
            ],
            [
              77.65751283621894,
              28.49783708062129
            ],
            [
              77.65543896489277,
              28.4961411877083
            ],
            [
              77.6552018518786,
              28.49618702591208
            ],
            [
              77.65450438821391,
              28.496321863269326
            ],
            [
              77.65325868632456,
              28.49733268637818
            ],
            [
              77.65325820213263,
              28.495771756843556
            ],
            [
              77.65289526568985,
              28.4942604478555
            ],
            [
              77.65138820256189,
              28.492104266345393
            ],
            [
              77.6506118820866,
              28.49159912861311
            ],
            [
              77.6503003247865,
              28.491599126244573
            ],
            [
              77.64947321087013,
              28.492244507607364
            ],
            [
              77.64858982558603,
              28.49279501217029
            ],
            [
              77.64817620080503,
              28.492700376873277
            ],
            [
              77.64755315178185,
              28.492289969326915
            ],
            [
              77.64687902994152,
              28.492059916181933
            ],
            [
              77.64630715614342,
              28.492475086953977
            ],
            [
              77.64527063864608,
              28.493345994670577
            ],
            [
              77.64501017212947,
              28.49334600335512
            ],
            [
              77.64402444358167,
              28.492750673350155
            ],
            [
              77.63878448159622,
              28.48907888939437
            ],
            [
              77.63811041365476,
              28.489033859747718
            ],
            [
              77.63701771192633,
              28.489449082686995
            ],
            [
              77.63551623542108,
              28.487978463959124
            ],
            [
              77.6338564874409,
              28.486652187022866
            ],
            [
              77.62840778213621,
              28.482339436801503
            ],
            [
              77.62389393917469,
              28.478901669384733
            ],
            [
              77.62306151262172,
              28.478821601844004
            ],
            [
              77.6229085232406,
              28.47880688503161
            ],
            [
              77.62288448791686,
              28.478671100665647
            ],
            [
              77.62249489396804,
              28.47646994717622
            ],
            [
              77.62171884927555,
              28.47518412270101
            ],
            [
              77.62170520296809,
              28.475168319626075
            ],
            [
              77.62159044858043,
              28.475035427777463
            ],
            [
              77.62146834956701,
              28.474894025783815
            ],
            [
              77.62128827867505,
              28.474685489655943
            ],
            [
              77.62104489272521,
              28.47440362738016
            ],
            [
              77.62042715544031,
              28.473817104150527
            ],
            [
              77.61840530555224,
              28.472716262250284
            ],
            [
              77.61338688608214,
              28.471476369732738
            ],
            [
              77.61321798574075,
              28.47143463576349
            ],
            [
              77.61326130070708,
              28.471287479366328
            ],
            [
              77.6137849870767,
              28.469508236236052
            ],
            [
              77.61389247139877,
              28.466250949607556
            ],
            [
              77.61311151831158,
              28.46432445478414
            ],
            [
              77.61145254827241,
              28.462488114231913
            ],
            [
              77.61059162805694,
              28.46096600929615
            ],
            [
              77.6105185276507,
              28.460836767172832
            ],
            [
              77.61059855316945,
              28.460695345387723
            ],
            [
              77.61088102841055,
              28.460196155900036
            ],
            [
              77.61088122783653,
              28.458865259091077
            ],
            [
              77.61166242706214,
              28.45808484462037
            ],
            [
              77.61212785858389,
              28.456969291141842
            ],
            [
              77.61217815525663,
              28.456848741951198
            ],
            [
              77.61234153006072,
              28.45674036073729
            ],
            [
              77.6138373768241,
              28.455748022610365
            ],
            [
              77.61513419285308,
              28.453911954022114
            ],
            [
              77.61798574470387,
              28.451871209617757
            ],
            [
              77.61814100412766,
              28.451760093699054
            ],
            [
              77.61824273563863,
              28.451626181983514
            ],
            [
              77.62058118956209,
              28.448547918373286
            ],
            [
              77.62228982116508,
              28.44634024905473
            ],
            [
              77.62239337086622,
              28.446206453693527
            ],
            [
              77.62233850176864,
              28.446070203284563
            ],
            [
              77.62161760105819,
              28.44428001931814
            ],
            [
              77.6214914120153,
              28.443644282366
            ],
            [
              77.62146446884499,
              28.443508538127144
            ],
            [
              77.62144707386783,
              28.443372938261767
            ],
            [
              77.62127217906853,
              28.442009441906556
            ],
            [
              77.61781532261635,
              28.438936738204436
            ],
            [
              77.61429402192402,
              28.43638773429327
            ],
            [
              77.61414300075172,
              28.436278408679932
            ],
            [
              77.61398860730385,
              28.436345158624015
            ],
            [
              77.61198920272145,
              28.437209545307642
            ],
            [
              77.60959077726964,
              28.437518867290308
            ],
            [
              77.60706082318892,
              28.437049324877957
            ],
            [
              77.60335109817078,
              28.436993594842587
            ],
            [
              77.59764546571168,
              28.437519358621657
            ],
            [
              77.59750112531016,
              28.437532656954364
            ],
            [
              77.5974705538444,
              28.43745557873625
            ],
            [
              77.59692371699163,
              28.436076819659338
            ],
            [
              77.59472927199137,
              28.43593582687034
            ],
            [
              77.5939392989204,
              28.43512546719814
            ],
            [
              77.59210520231663,
              28.433225668133556
            ],
            [
              77.59195438416357,
              28.433069444373483
            ],
            [
              77.59180131303579,
              28.43309958668305
            ],
            [
              77.59094804556821,
              28.43326761467507
            ],
            [
              77.58895033610679,
              28.434316387351338
            ],
            [
              77.58733890581078,
              28.435586774374002
            ],
            [
              77.5863809711379,
              28.437147570213153
            ],
            [
              77.58552705957827,
              28.439637843702087
            ],
            [
              77.58540825468698,
              28.441988185220996
            ],
            [
              77.5854774438285,
              28.4434566187039
            ],
            [
              77.58513086031714,
              28.44611508300388
            ],
            [
              77.58321452025415,
              28.445580246153312
            ],
            [
              77.58020250863237,
              28.44855563036539
            ],
            [
              77.57800088070312,
              28.45128430937821
            ],
            [
              77.57725099135845,
              28.452179231344136
            ],
            [
              77.57728553966595,
              28.452913439121378
            ],
            [
              77.5754557468907,
              28.45409404132278
            ],
            [
              77.57622977306875,
              28.454995511360874
            ],
            [
              77.57420754588823,
              28.455499257998312
            ],
            [
              77.57124725926052,
              28.457051024294742
            ],
            [
              77.5698056797235,
              28.45923391162791
            ],
            [
              77.5666581222068,
              28.459484186945627
            ],
            [
              77.56665909867552,
              28.459513362962234
            ],
            [
              77.56675062891814,
              28.46224766798775
            ],
            [
              77.56881037782973,
              28.464307471820053
            ],
            [
              77.56944800830661,
              28.46541769704778
            ],
            [
              77.56791806059677,
              28.466235930955172
            ],
            [
              77.56677699716668,
              28.46714639716483
            ],
            [
              77.56617255943955,
              28.468086624608823
            ],
            [
              77.5658799889313,
              28.469312127005693
            ],
            [
              77.56434237499883,
              28.470518616392546
            ],
            [
              77.56320800042434,
              28.47108389999169
            ],
            [
              77.56089917114232,
              28.473012229138362
            ],
            [
              77.55892890790777,
              28.472615249829172
            ],
            [
              77.55637952326744,
              28.471864121345494
            ],
            [
              77.5551831442771,
              28.473097325664057
            ],
            [
              77.55563343918631,
              28.473794731766244
            ],
            [
              77.55535303366362,
              28.47439462462282
            ],
            [
              77.55597253613809,
              28.475180937291505
            ],
            [
              77.55603476603105,
              28.475742923691357
            ],
            [
              77.55670818628715,
              28.476271120320057
            ],
            [
              77.55553956883237,
              28.47733211863948
            ],
            [
              77.55619817586945,
              28.47861532229292
            ],
            [
              77.55577890068531,
              28.478824677387486
            ],
            [
              77.55514074469399,
              28.478987519983114
            ],
            [
              77.55372836938685,
              28.480023187361404
            ],
            [
              77.55263802483772,
              28.480826425018243
            ],
            [
              77.55207715360523,
              28.482026185883612
            ],
            [
              77.55143835891177,
              28.482288026784087
            ],
            [
              77.55128383610648,
              28.482351365090565
            ],
            [
              77.55138392909038,
              28.482488235932493
            ],
            [
              77.55211555838027,
              28.483488683007515
            ],
            [
              77.55435691609958,
              28.48574818962813
            ],
            [
              77.5544932399355,
              28.485885614286452
            ],
            [
              77.55449138940605,
              28.486020918798935
            ],
            [
              77.55448118993431,
              28.486767053743883
            ],
            [
              77.55356952209179,
              28.48655347606107
            ],
            [
              77.55201712817794,
              28.487252515321547
            ],
            [
              77.55260334986772,
              28.488491445735605
            ],
            [
              77.55147026437571,
              28.490221852610386
            ],
            [
              77.55263789368368,
              28.49418848589793
            ],
            [
              77.552806514649,
              28.495550459605397
            ],
            [
              77.55167397982426,
              28.496007786192905
            ],
            [
              77.55155721770195,
              28.49697698238218
            ],
            [
              77.55110469227589,
              28.4976408266262
            ],
            [
              77.55091961507284,
              28.498348152925363
            ],
            [
              77.54899975002066,
              28.498961620841765
            ],
            [
              77.54900613524569,
              28.49896676971678
            ],
            [
              77.55080561706666,
              28.500417835371536
            ],
            [
              77.55233967636555,
              28.50217266616328
            ],
            [
              77.55234236142995,
              28.502194516242294
            ],
            [
              77.55240342441138,
              28.502691476034492
            ],
            [
              77.55261021209819,
              28.503277989657292
            ],
            [
              77.55278383218811,
              28.50377655635554
            ],
            [
              77.55304676368189,
              28.504487147623497
            ],
            [
              77.55258197894715,
              28.50478260469897
            ],
            [
              77.55185420702308,
              28.505342022665925
            ],
            [
              77.55141488234013,
              28.50570511893937
            ],
            [
              77.5506895942578,
              28.50629612964297
            ],
            [
              77.55034229299257,
              28.50675394408794
            ],
            [
              77.55017625019207,
              28.50696828766524
            ],
            [
              77.55007408299818,
              28.507087826849506
            ],
            [
              77.5499667675594,
              28.50726829894824
            ],
            [
              77.54984676611217,
              28.507428391608766
            ],
            [
              77.54974716720167,
              28.50761788278507
            ],
            [
              77.54968333830747,
              28.50772617390487
            ],
            [
              77.54980321488888,
              28.50833750014399
            ],
            [
              77.54994369522964,
              28.508788674072466
            ],
            [
              77.550130066905,
              28.509124766202234
            ],
            [
              77.55053858656025,
              28.509515005046573
            ],
            [
              77.55090368434959,
              28.51007449422308
            ],
            [
              77.55060236964036,
              28.510232352631235
            ],
            [
              77.54984639510796,
              28.510523328115855
            ],
            [
              77.54898828931425,
              28.510899982987734
            ],
            [
              77.548051027571,
              28.511229176393975
            ],
            [
              77.54744574093594,
              28.51146823312962
            ],
            [
              77.5468149259771,
              28.51157422876071
            ],
            [
              77.54588527925252,
              28.511806456694217
            ],
            [
              77.54557636299937,
              28.511348469202613
            ],
            [
              77.54528017228051,
              28.51140932802782
            ],
            [
              77.54442204582557,
              28.511580627379455
            ],
            [
              77.54362795936892,
              28.510838453690273
            ],
            [
              77.54309414269787,
              28.511255669254187
            ],
            [
              77.54282335274199,
              28.511460866737533
            ],
            [
              77.54238912869322,
              28.511747313392515
            ],
            [
              77.54190894593616,
              28.51217810162886
            ],
            [
              77.5418169764174,
              28.512164574301945
            ],
            [
              77.5415769941842,
              28.511945727691643
            ],
            [
              77.54124240857178,
              28.512178014798845
            ],
            [
              77.54092571560321,
              28.512466727342023
            ],
            [
              77.54030268095306,
              28.512031227776703
            ],
            [
              77.53988646902405,
              28.511663507060153
            ],
            [
              77.5395135442136,
              28.511764916273933
            ],
            [
              77.53884698708629,
              28.511949782661933
            ],
            [
              77.53821359575925,
              28.51208047623622
            ],
            [
              77.53757765321677,
              28.512114241295222
            ],
            [
              77.53723303881254,
              28.51185028310266
            ],
            [
              77.53672992565957,
              28.511554611379385
            ],
            [
              77.53653589225314,
              28.511617764778226
            ],
            [
              77.53607109943357,
              28.511705637177766
            ],
            [
              77.53563184122595,
              28.511322135029083
            ],
            [
              77.53546847540501,
              28.511247589256136
            ],
            [
              77.53510321412227,
              28.511391953214908
            ],
            [
              77.53455436055167,
              28.51085720526195
            ],
            [
              77.53419405707098,
              28.511380471833423
            ],
            [
              77.53400753537699,
              28.51177742694779
            ],
            [
              77.53374444667801,
              28.5121383326878
            ],
            [
              77.53350428029019,
              28.512359311755596
            ],
            [
              77.53336378916963,
              28.512535221801038
            ],
            [
              77.53353479426376,
              28.51283751428517
            ],
            [
              77.53320017002379,
              28.51314428313297
            ],
            [
              77.5327326795634,
              28.51359304002514
            ],
            [
              77.53258453659326,
              28.51384562404151
            ],
            [
              77.53313339914703,
              28.5144954286099
            ],
            [
              77.53350618471859,
              28.514994060694434
            ],
            [
              77.53329665986509,
              28.515151929894465
            ],
            [
              77.53295944578217,
              28.51564132599109
            ],
            [
              77.532448445421,
              28.516324740336852
            ],
            [
              77.53197578605447,
              28.516981036848218
            ],
            [
              77.532006767152,
              28.51702605378007
            ],
            [
              77.53243538481509,
              28.517648818657882
            ],
            [
              77.53284640268511,
              28.518147491084413
            ],
            [
              77.53265222464992,
              28.518217334745888
            ],
            [
              77.53219496240739,
              28.518557891984823
            ],
            [
              77.53259835717391,
              28.519042958682864
            ],
            [
              77.53328260931572,
              28.519875409178386
            ],
            [
              77.53281004517062,
              28.52019114298751
            ],
            [
              77.53260061643684,
              28.520317449664578
            ],
            [
              77.53239884673921,
              28.52043470210841
            ],
            [
              77.53222003528528,
              28.52053616129613
            ],
            [
              77.53204628044806,
              28.520675955121035
            ],
            [
              77.53198755308638,
              28.520730094780472
            ],
            [
              77.53170147021112,
              28.520924024750908
            ],
            [
              77.53141530019926,
              28.52109088937379
            ],
            [
              77.53126457906426,
              28.521174340134685
            ],
            [
              77.53110880670239,
              28.521334413265812
            ],
            [
              77.53091465471836,
              28.521512608342338
            ],
            [
              77.5308175621075,
              28.521620833891518
            ],
            [
              77.53043432463761,
              28.521889223965612
            ],
            [
              77.53019929481658,
              28.522001922035752
            ],
            [
              77.52978296341163,
              28.52226805535412
            ],
            [
              77.52962198621103,
              28.522360428078823
            ],
            [
              77.52907534519099,
              28.52261298162339
            ],
            [
              77.52855936906145,
              28.522921883091293
            ],
            [
              77.52811996083516,
              28.52313609278236
            ],
            [
              77.5279513677176,
              28.52321953876729
            ],
            [
              77.52780582896345,
              28.523251046073604
            ],
            [
              77.5276141850757,
              28.523370558120547
            ],
            [
              77.52730507658306,
              28.523530635809955
            ],
            [
              77.52692445680393,
              28.52367712663185
            ],
            [
              77.52682231027127,
              28.523699673134637
            ],
            [
              77.52654397626365,
              28.523654531189003
            ],
            [
              77.52643161768286,
              28.52348526016537
            ],
            [
              77.52627079319585,
              28.523297989330054
            ],
            [
              77.52619164263618,
              28.523250614337027
            ],
            [
              77.5257982434238,
              28.523397178950994
            ],
            [
              77.52538694977095,
              28.52351887792391
            ],
            [
              77.52516730898904,
              28.523687954731297
            ],
            [
              77.52480703335615,
              28.523913474768243
            ],
            [
              77.52460273040938,
              28.524005905246877
            ],
            [
              77.52442384619191,
              28.524120840225642
            ],
            [
              77.52417868337446,
              28.52415235831243
            ],
            [
              77.52402289035138,
              28.524161408918008
            ],
            [
              77.52382103441545,
              28.52417258819462
            ],
            [
              77.52361168114017,
              28.52419512038451
            ],
            [
              77.52345065543055,
              28.524274000375165
            ],
            [
              77.52317480975627,
              28.52434384866028
            ],
            [
              77.52298321707246,
              28.5243821599479
            ],
            [
              77.52284540113483,
              28.52427607221725
            ],
            [
              77.5226436844378,
              28.52408201502529
            ],
            [
              77.5224445117696,
              28.523921852142013
            ],
            [
              77.52216621459291,
              28.523770553385198
            ],
            [
              77.52203595438513,
              28.523655498054342
            ],
            [
              77.52195169330982,
              28.523650977860235
            ],
            [
              77.52169365224444,
              28.52375018609167
            ],
            [
              77.52138969558995,
              28.52384932082704
            ],
            [
              77.52124407239421,
              28.523921464607618
            ],
            [
              77.52102439927293,
              28.524065763070464
            ],
            [
              77.52083536499106,
              28.524158150794815
            ],
            [
              77.52046488000497,
              28.52432726130492
            ],
            [
              77.52034226176532,
              28.524381320951335
            ],
            [
              77.52001279205844,
              28.524561712154778
            ],
            [
              77.51981351877897,
              28.524636047251875
            ],
            [
              77.51946610342767,
              28.524757807146916
            ],
            [
              77.51932307815972,
              28.524814118357476
            ],
            [
              77.51899603031086,
              28.525039590207744
            ],
            [
              77.51884017081244,
              28.52514561087162
            ],
            [
              77.51847227207601,
              28.525346225688487
            ],
            [
              77.51811972195458,
              28.525657450629932
            ],
            [
              77.51787438666057,
              28.525869330388126
            ],
            [
              77.5176700531711,
              28.52598890734318
            ],
            [
              77.51749883607458,
              28.526083585392
            ],
            [
              77.51736350038547,
              28.526191758893194
            ],
            [
              77.51719991357896,
              28.526268390371637
            ],
            [
              77.51681441055793,
              28.525914123321282
            ],
            [
              77.51648758459294,
              28.525706460682475
            ],
            [
              77.51613517281206,
              28.525505646867373
            ],
            [
              77.51573929694443,
              28.525494253841533
            ],
            [
              77.5152311720905,
              28.525090272215216
            ],
            [
              77.51506016070816,
              28.52493008087162
            ],
            [
              77.51475114114872,
              28.52481939067513
            ],
            [
              77.51437825496589,
              28.524749360383847
            ],
            [
              77.51391872178229,
              28.52441980270812
            ],
            [
              77.51356620939006,
              28.524354308100946
            ],
            [
              77.5131602903576,
              28.523993197915676
            ],
            [
              77.51295862216956,
              28.52377665212801
            ],
            [
              77.5127467554081,
              28.52358701160754
            ],
            [
              77.51227426133161,
              28.52348532883264
            ],
            [
              77.51156948538052,
              28.523295615963665
            ],
            [
              77.51134982214069,
              28.523241453943175
            ],
            [
              77.51094120906066,
              28.523223243652538
            ],
            [
              77.51061942983097,
              28.52318473620202
            ],
            [
              77.5102567287468,
              28.523234216237054
            ],
            [
              77.51003955833193,
              28.523299545001922
            ],
            [
              77.50977893011854,
              28.5234393367413
            ],
            [
              77.5092427284204,
              28.523240592048477
            ],
            [
              77.50907674131545,
              28.52314129888433
            ],
            [
              77.50878304611645,
              28.52302836130096
            ],
            [
              77.5082877797475,
              28.522658228200665
            ],
            [
              77.50788436970959,
              28.52231292164266
            ],
            [
              77.50816553161373,
              28.522024366289134
            ],
            [
              77.5082600676193,
              28.521852899996873
            ],
            [
              77.50847728384825,
              28.521562059958264
            ],
            [
              77.50878150191247,
              28.521081653019838
            ],
            [
              77.50903453127687,
              28.520714120142465
            ],
            [
              77.50919550039264,
              28.520544974632497
            ],
            [
              77.5090398349303,
              28.520267485996417
            ],
            [
              77.50888668115752,
              28.520150043933633
            ],
            [
              77.50852663728996,
              28.519958174205566
            ],
            [
              77.50799301734995,
              28.51961065110968
            ],
            [
              77.50782459760723,
              28.519477463968204
            ],
            [
              77.50731655539829,
              28.519014828376772
            ],
            [
              77.50714554132101,
              28.518829762047826
            ],
            [
              77.50702551561926,
              28.518692100082816
            ],
            [
              77.50695160133938,
              28.518586077664974
            ],
            [
              77.5069160082912,
              28.518267983724353
            ],
            [
              77.50674740080059,
              28.51817543692134
            ],
            [
              77.50658916525822,
              28.51799038727354
            ],
            [
              77.5063186367121,
              28.517717338166896
            ],
            [
              77.50584629894243,
              28.51743296865274
            ],
            [
              77.50550162704603,
              28.51714857469193
            ],
            [
              77.5053305923075,
              28.517042500994553
            ],
            [
              77.50490677973289,
              28.516726501225136
            ],
            [
              77.5046795661531,
              28.51657303095506
            ],
            [
              77.504480456367,
              28.516473673890523
            ],
            [
              77.50424050826977,
              28.51633367400382
            ],
            [
              77.5038549953673,
              28.516076438083417
            ],
            [
              77.50359707018458,
              28.516004141329212
            ],
            [
              77.50339525916446,
              28.516096492704264
            ],
            [
              77.50310664124343,
              28.516182072304392
            ],
            [
              77.50273896618754,
              28.515931534316525
            ],
            [
              77.50248366139053,
              28.515744226384477
            ],
            [
              77.5022334033288,
              28.515786915301025
            ],
            [
              77.5019294107417,
              28.51587252672583
            ],
            [
              77.50144404290887,
              28.516165583121005
            ],
            [
              77.50125500503374,
              28.516257949351964
            ],
            [
              77.50107352738004,
              28.516377405389726
            ],
            [
              77.50081303930384,
              28.516510395956733
            ],
            [
              77.50018201863084,
              28.516726667773696
            ],
            [
              77.49988069314182,
              28.516767176954207
            ],
            [
              77.49946640001423,
              28.519833740122262
            ],
            [
              77.49927565893333,
              28.522031589871098
            ],
            [
              77.49925192005364,
              28.523213000362695
            ],
            [
              77.49925188142606,
              28.52321496409412
            ],
            [
              77.49923491674195,
              28.524059168679884
            ],
            [
              77.49897681638777,
              28.524745578203788
            ],
            [
              77.49868865930249,
              28.52492114319738
            ],
            [
              77.49640669234246,
              28.524233950278813
            ],
            [
              77.49425169775623,
              28.52369092478272
            ],
            [
              77.49167707943955,
              28.523352290234733
            ],
            [
              77.49112815580034,
              28.52327071968586
            ],
            [
              77.49105565457039,
              28.523259946793207
            ],
            [
              77.49097597130977,
              28.52330411967143
            ],
            [
              77.49067745844589,
              28.523469604813666
            ],
            [
              77.49015092441684,
              28.524080613273593
            ],
            [
              77.48928631122723,
              28.524456933217465
            ],
            [
              77.48772757790242,
              28.5249966382647
            ],
            [
              77.48692368004625,
              28.525194995274326
            ],
            [
              77.48530864031942,
              28.52543561229637
            ],
            [
              77.4823104492783,
              28.525493837110123
            ],
            [
              77.47850520280274,
              28.525392457673664
            ],
            [
              77.47722136114139,
              28.525436384986314
            ],
            [
              77.47495500690101,
              28.52577669475676
            ],
            [
              77.47409573419574,
              28.52588695064366
            ],
            [
              77.4732574371524,
              28.525731470038796
            ],
            [
              77.47248226831731,
              28.525792589701435
            ],
            [
              77.47190155330023,
              28.52599757263202
            ],
            [
              77.4718230773753,
              28.526025273296113
            ],
            [
              77.47180008140236,
              28.526093720274407
            ],
            [
              77.47164063942256,
              28.526568275717928
            ],
            [
              77.47124166885882,
              28.527286751156968
            ],
            [
              77.47072945667033,
              28.52820985779475
            ],
            [
              77.4703828030904,
              28.52865392009505
            ],
            [
              77.46997940203563,
              28.52907873103096
            ],
            [
              77.46951561443088,
              28.52966313982632
            ],
            [
              77.4694310101991,
              28.529992083661572
            ],
            [
              77.46884576497803,
              28.531184675019453
            ],
            [
              77.46853059465384,
              28.53186776920814
            ],
            [
              77.46826206216426,
              28.532556190090652
            ],
            [
              77.46754358780338,
              28.533402611713115
            ],
            [
              77.46723017817719,
              28.533998570155497
            ],
            [
              77.46667742771487,
              28.534613666382867
            ],
            [
              77.46605029135715,
              28.535310148270987
            ],
            [
              77.46519058656227,
              28.53594788489757
            ],
            [
              77.46452609556007,
              28.53643733913478
            ],
            [
              77.46381293563243,
              28.537020678035397
            ],
            [
              77.4637284113507,
              28.537089814716218
            ],
            [
              77.46365866166047,
              28.53709920118942
            ],
            [
              77.46269183725951,
              28.53722930327304
            ],
            [
              77.46056408318597,
              28.53738353185692
            ],
            [
              77.45841386494214,
              28.537619946325968
            ],
            [
              77.45768539143386,
              28.537934036015457
            ],
            [
              77.45554627187533,
              28.538643075255656
            ],
            [
              77.45376838914707,
              28.539467944181485
            ],
            [
              77.45254892704718,
              28.53991179331937
            ],
            [
              77.45152298361907,
              28.54003761470907
            ],
            [
              77.45078530237913,
              28.540146560674227
            ],
            [
              77.45071014033928,
              28.540157660128955
            ],
            [
              77.45069886917743,
              28.54008867224408
            ],
            [
              77.45061320673025,
              28.53956435731844
            ],
            [
              77.45017816431626,
              28.53899317377389
            ],
            [
              77.44958214290503,
              28.538419415236646
            ],
            [
              77.44833766272447,
              28.53780317561875
            ],
            [
              77.4473516404276,
              28.537502994733774
            ],
            [
              77.44659448640721,
              28.53718811931791
            ],
            [
              77.44545991689832,
              28.53628002898363
            ],
            [
              77.44409222738666,
              28.53483606861321
            ],
            [
              77.44354383734677,
              28.53422176130433
            ],
            [
              77.44277463063021,
              28.53398924496364
            ],
            [
              77.44176466643438,
              28.533592308758873
            ],
            [
              77.44093212220207,
              28.533661529766253
            ],
            [
              77.44035940219102,
              28.53347343887581
            ],
            [
              77.4400437997772,
              28.53334427209828
            ],
            [
              77.43996276455204,
              28.53331110574214
            ],
            [
              77.4398908867529,
              28.53327006783708
            ],
            [
              77.43947501887862,
              28.533032630265666
            ],
            [
              77.43856118879124,
              28.53326567590662
            ],
            [
              77.4370003309508,
              28.533892008323445
            ],
            [
              77.43561328184646,
              28.534149548021503
            ],
            [
              77.43403514221659,
              28.534101240336614
            ],
            [
              77.4326509129239,
              28.534473480659404
            ],
            [
              77.43188103786082,
              28.53477761535877
            ],
            [
              77.43128566143993,
              28.534680871903937
            ],
            [
              77.43061288168262,
              28.534307644237792
            ],
            [
              77.43024460295887,
              28.533778760264546
            ],
            [
              77.43025536567428,
              28.533760583362458
            ],
            [
              77.43136248715966,
              28.53171412130721
            ],
            [
              77.43160438010949,
              28.53157122076082
            ],
            [
              77.4309121841656,
              28.53088115264802
            ],
            [
              77.42946012578082,
              28.529509090148114
            ],
            [
              77.42798592661917,
              28.527953160702268
            ],
            [
              77.4268345783774,
              28.527113459991803
            ],
            [
              77.42438447913551,
              28.525280268358
            ],
            [
              77.42377616877118,
              28.524807122275668
            ],
            [
              77.42348551796272,
              28.524545535254635
            ],
            [
              77.4234575983237,
              28.5245205327204
            ],
            [
              77.42355199778531,
              28.52359243473873
            ],
            [
              77.42343113126047,
              28.521402298154836
            ],
            [
              77.42347683484716,
              28.519437416785546
            ],
            [
              77.42347838264439,
              28.519370840096588
            ],
            [
              77.423402404036,
              28.519329016925553
            ],
            [
              77.42292889755815,
              28.51906837216913
            ],
            [
              77.42243839495514,
              28.51892741276518
            ],
            [
              77.421245623599,
              28.518839325374994
            ],
            [
              77.41927631437528,
              28.518628572048875
            ],
            [
              77.41843332273623,
              28.518454373144817
            ],
            [
              77.416617779038,
              28.517842381735885
            ],
            [
              77.41616591926358,
              28.517591929782313
            ],
            [
              77.41522538675436,
              28.517613393056553
            ],
            [
              77.41513311899489,
              28.517804570080404
            ],
            [
              77.41434544561103,
              28.517218377180765
            ],
            [
              77.41374397591761,
              28.516919619236397
            ],
            [
              77.41270047222234,
              28.516398081157718
            ],
            [
              77.41142276335945,
              28.515900260045004
            ],
            [
              77.41043257287963,
              28.51556306864464
            ],
            [
              77.40918622510164,
              28.515056563194527
            ],
            [
              77.4081709482692,
              28.514677661693018
            ],
            [
              77.40736816432397,
              28.514320558247434
            ],
            [
              77.40649250814458,
              28.513971440239278
            ],
            [
              77.40508849255946,
              28.513306363944356
            ],
            [
              77.40380651580065,
              28.51276712161332
            ],
            [
              77.40318143029674,
              28.512357837226727
            ],
            [
              77.4031988432402,
              28.51152320082789
            ],
            [
              77.40301007036808,
              28.511111841092276
            ],
            [
              77.40248739639979,
              28.510773032742065
            ],
            [
              77.40183617261603,
              28.510372490864494
            ],
            [
              77.40128986397265,
              28.51017091766979
            ],
            [
              77.40120473242978,
              28.51016429399253
            ],
            [
              77.40032024670947,
              28.510095482242143
            ],
            [
              77.39960270929144,
              28.509886524649666
            ],
            [
              77.3989246788813,
              28.509526821329764
            ],
            [
              77.39825107806381,
              28.509203886388526
            ],
            [
              77.39753394668429,
              28.509224300697344
            ],
            [
              77.39697547036035,
              28.509605125781896
            ],
            [
              77.39658986493139,
              28.510163094926195
            ],
            [
              77.39646414570736,
              28.510959267272888
            ],
            [
              77.39592316317528,
              28.511496347293342
            ],
            [
              77.39560427292753,
              28.5120921012059
            ],
            [
              77.39488800662562,
              28.512566677834073
            ],
            [
              77.39409076798064,
              28.512691282311472
            ],
            [
              77.39223909943158,
              28.51306930765892
            ],
            [
              77.39041847216714,
              28.51370013229933
            ],
            [
              77.3889077088785,
              28.514413994080872
            ],
            [
              77.38821909900926,
              28.514558694702988
            ],
            [
              77.38504313137341,
              28.515176437365362
            ],
            [
              77.38459953609957,
              28.5165132912239
            ],
            [
              77.38403558095074,
              28.519128063094083
            ],
            [
              77.38368142643817,
              28.521397620005153
            ],
            [
              77.38341078021277,
              28.5226593079429
            ],
            [
              77.38272036742472,
              28.52313424902032
            ],
            [
              77.38139746611652,
              28.523305212035517
            ],
            [
              77.37804726394309,
              28.523305237292504
            ],
            [
              77.37532331418514,
              28.52324384704291
            ],
            [
              77.3750361102124,
              28.523237373360836
            ],
            [
              77.37377831699936,
              28.522537735842068
            ],
            [
              77.3737680285944,
              28.522532978814166
            ],
            [
              77.37111322575713,
              28.521333223798
            ],
            [
              77.36810348417808,
              28.519979992185508
            ],
            [
              77.36682181913467,
              28.519422890334674
            ],
            [
              77.36424140758274,
              28.517169124016544
            ],
            [
              77.36219526365612,
              28.515442528710885
            ],
            [
              77.35919577634604,
              28.513365235623116
            ],
            [
              77.35680840017223,
              28.511816409816007
            ],
            [
              77.35562062883893,
              28.510764535128086
            ],
            [
              77.35558230221734,
              28.510595885963635
            ],
            [
              77.35523436584319,
              28.50906488332002
            ],
            [
              77.35444753238413,
              28.505602461363964
            ],
            [
              77.35366355197445,
              28.502166084613542
            ],
            [
              77.35314587443575,
              28.49989686463372
            ],
            [
              77.35306029283697,
              28.499781138271555
            ],
            [
              77.35281874573853,
              28.49945450567299
            ],
            [
              77.35281100315909,
              28.49945728535783
            ],
            [
              77.35280062043103,
              28.499457113255787
            ],
            [
              77.35246525508097,
              28.49959835130677
            ],
            [
              77.35163706138961,
              28.500078530845858
            ],
            [
              77.35163448861464,
              28.500080021335478
            ],
            [
              77.3513286176503,
              28.500379386697507
            ],
            [
              77.35008581642101,
              28.501595734180917
            ],
            [
              77.34949587121439,
              28.502052717216905
            ],
            [
              77.34949441863854,
              28.502053842957608
            ],
            [
              77.34874632592444,
              28.50304150606683
            ],
            [
              77.34850339542047,
              28.503328521869413
            ],
            [
              77.34850126641325,
              28.50333103699317
            ],
            [
              77.34815133667747,
              28.503723338727465
            ],
            [
              77.34774075628697,
              28.504183632074835
            ],
            [
              77.34773512834171,
              28.504189940358184
            ],
            [
              77.34728540655769,
              28.50579728671577
            ],
            [
              77.3472858440372,
              28.5067515079862
            ],
            [
              77.34743128128171,
              28.50821276737798
            ],
            [
              77.34749482810491,
              28.509617610662264
            ],
            [
              77.34757772463935,
              28.510114443920727
            ],
            [
              77.34761150488725,
              28.510460325622002
            ],
            [
              77.34761183097571,
              28.51046366310615
            ],
            [
              77.34712959916155,
              28.51096406429158
            ],
            [
              77.34688952440186,
              28.51121318295052
            ],
            [
              77.34661706896944,
              28.51154444431406
            ],
            [
              77.34610040832366,
              28.512172612393407
            ],
            [
              77.34557633208523,
              28.51292668968814
            ],
            [
              77.34557279631626,
              28.512931777890408
            ],
            [
              77.34557012921817,
              28.512935617328043
            ],
            [
              77.34557002591195,
              28.512935764938025
            ],
            [
              77.3455685589631,
              28.51293787489203
            ],
            [
              77.34556459739265,
              28.512943574846275
            ],
            [
              77.34554657808638,
              28.512981287206905
            ],
            [
              77.34552127164652,
              28.513034253885245
            ],
            [
              77.34545392584798,
              28.513175210905025
            ],
            [
              77.34543412428417,
              28.51321665525782
            ],
            [
              77.345433536786,
              28.51324416983452
            ],
            [
              77.34544406863436,
              28.513250690702087
            ],
            [
              77.34542686499834,
              28.5136293202675
            ],
            [
              77.34542673564097,
              28.513632155622943
            ],
            [
              77.34542977194663,
              28.513644737117026
            ],
            [
              77.34558898036444,
              28.514304629999252
            ],
            [
              77.34573545606139,
              28.514986017292575
            ],
            [
              77.34600477906842,
              28.51575202029798
            ],
            [
              77.34643623181455,
              28.51646566927883
            ],
            [
              77.34681479085842,
              28.51722431133343
            ],
            [
              77.34740811013728,
              28.518385632316527
            ],
            [
              77.34757046984508,
              28.51905351415624
            ],
            [
              77.34756902715074,
              28.519608572072183
            ],
            [
              77.34751242699966,
              28.520070964320546
            ],
            [
              77.3473791538424,
              28.520523013116552
            ],
            [
              77.34737245690195,
              28.52054573078292
            ],
            [
              77.34704428615899,
              28.520833871065626
            ],
            [
              77.34664077101819,
              28.5210014832961
            ],
            [
              77.34563476569784,
              28.52116824676644
            ],
            [
              77.34436091959066,
              28.521472756099026
            ],
            [
              77.34350228828252,
              28.52159731769208
            ],
            [
              77.34333972106386,
              28.521620901770696
            ],
            [
              77.34206704096995,
              28.52187036306547
            ],
            [
              77.34200435922435,
              28.521881424980666
            ],
            [
              77.34163951475993,
              28.521945813749365
            ],
            [
              77.34158527987297,
              28.521961208861548
            ],
            [
              77.34105945371633,
              28.522110469902003
            ],
            [
              77.3408454938803,
              28.522157366309006
            ],
            [
              77.34004627894167,
              28.522368826886783
            ],
            [
              77.33933912155676,
              28.522540438357886
            ],
            [
              77.33917956099934,
              28.522579159150943
            ],
            [
              77.33833791862988,
              28.52283119124411
            ],
            [
              77.33792380516536,
              28.523007779179117
            ],
            [
              77.33762059411256,
              28.523099054943053
            ],
            [
              77.33757986988749,
              28.5231223371801
            ],
            [
              77.33716836692719,
              28.52335757998971
            ],
            [
              77.3367784450933,
              28.52361714230308
            ],
            [
              77.33595314307883,
              28.524075868943683
            ],
            [
              77.33568950640758,
              28.52427140366641
            ],
            [
              77.33541478722061,
              28.524475159080467
            ],
            [
              77.33541281991016,
              28.52447615198421
            ],
            [
              77.33503671686026,
              28.524666104245448
            ],
            [
              77.33455165355629,
              28.525002057377034
            ],
            [
              77.33399222681479,
              28.52541475282343
            ],
            [
              77.33365264387447,
              28.525748547305
            ],
            [
              77.33313109639356,
              28.526574741302817
            ],
            [
              77.33284430115425,
              28.52711126113594
            ],
            [
              77.3326485088465,
              28.527763987826376
            ],
            [
              77.33202492891898,
              28.529196732186396
            ],
            [
              77.33199835675288,
              28.529257784333147
            ],
            [
              77.33131628572059,
              28.530301477293406
            ],
            [
              77.33102886255891,
              28.531108636664168
            ],
            [
              77.33067023623286,
              28.531602661644143
            ],
            [
              77.33016737101491,
              28.532282356349953
            ],
            [
              77.32948356623412,
              28.532679187788734
            ],
            [
              77.32839108459291,
              28.53323890761935
            ],
            [
              77.32770782239456,
              28.53336042633941
            ],
            [
              77.3277067785522,
              28.5333606102242
            ],
            [
              77.32725954330486,
              28.53344015102288
            ],
            [
              77.32684685726332,
              28.533547922371945
            ],
            [
              77.32655830132609,
              28.53368070818372
            ],
            [
              77.32597872806771,
              28.53406092170042
            ],
            [
              77.32559882604248,
              28.534253655975157
            ],
            [
              77.32547980016562,
              28.53431403910933
            ],
            [
              77.32527404464307,
              28.534477941199633
            ],
            [
              77.32472402775417,
              28.534916076289907
            ],
            [
              77.32438232299312,
              28.535346144823446
            ],
            [
              77.32394813218204,
              28.535728789341587
            ],
            [
              77.32348248596291,
              28.536124666304755
            ],
            [
              77.3231605594095,
              28.536600937244458
            ],
            [
              77.32313422619525,
              28.536645319188587
            ],
            [
              77.32278324722722,
              28.537236835959188
            ],
            [
              77.32232257408154,
              28.5377718802148
            ],
            [
              77.3222770977686,
              28.53782469712236
            ],
            [
              77.32193826222658,
              28.538603445720774
            ],
            [
              77.3213439413262,
              28.53966690528094
            ],
            [
              77.32113541180601,
              28.540424899765725
            ],
            [
              77.3208966512816,
              28.540897974153854
            ],
            [
              77.32067187213626,
              28.54105539893868
            ],
            [
              77.31969407481412,
              28.54174019366027
            ],
            [
              77.31886923722865,
              28.54240984590956
            ],
            [
              77.31809186482619,
              28.542805053046
            ],
            [
              77.31795239778508,
              28.543009137995696
            ],
            [
              77.31644185188874,
              28.543676425053295
            ],
            [
              77.31487817603325,
              28.544390659105417
            ],
            [
              77.31480487260772,
              28.54442413999008
            ],
            [
              77.31423455918329,
              28.544532327018484
            ],
            [
              77.31411630855257,
              28.54455475779339
            ],
            [
              77.31364708703865,
              28.544872557761423
            ],
            [
              77.31329774839432,
              28.545412563857685
            ],
            [
              77.31308981086393,
              28.545899902705724
            ],
            [
              77.31236447157767,
              28.546529909059092
            ],
            [
              77.31154753018355,
              28.547071208677067
            ],
            [
              77.31082955259102,
              28.54760041021243
            ],
            [
              77.3100790191543,
              28.548193281104616
            ],
            [
              77.30944798859981,
              28.548545037327187
            ],
            [
              77.30885780623792,
              28.548929591632863
            ],
            [
              77.30823586573581,
              28.549341129681032
            ],
            [
              77.3076026405971,
              28.549793762310223
            ],
            [
              77.30648066816343,
              28.550504202818562
            ],
            [
              77.30603207915493,
              28.550826913392406
            ],
            [
              77.30518203484262,
              28.551454777143494
            ],
            [
              77.30440357008875,
              28.551895766695008
            ],
            [
              77.30415341623159,
              28.55217136430293
            ],
            [
              77.30379449615646,
              28.552431360640675
            ],
            [
              77.30352468356759,
              28.55289470092929
            ],
            [
              77.30333507436396,
              28.553360400821557
            ],
            [
              77.30317417262182,
              28.553755587382238
            ],
            [
              77.30312958025114,
              28.55386510700138
            ],
            [
              77.30307837987321,
              28.554020008747873
            ],
            [
              77.30302907673713,
              28.554169168355322
            ],
            [
              77.30302631441764,
              28.554177526753605
            ],
            [
              77.30295165723102,
              28.55440339420644
            ],
            [
              77.30268225876551,
              28.555086925678275
            ],
            [
              77.30246188855159,
              28.555665778979815
            ],
            [
              77.30210610539342,
              28.55649922708029
            ],
            [
              77.30165822425737,
              28.557266895393674
            ],
            [
              77.3011987557525,
              28.558089410784337
            ],
            [
              77.30100101769384,
              28.558342950965457
            ],
            [
              77.30089385856192,
              28.558492517104078
            ],
            [
              77.30062661156151,
              28.558836624144366
            ],
            [
              77.3003636603048,
              28.559222087677064
            ],
            [
              77.29997277098533,
              28.55975676460988
            ],
            [
              77.30008508195542,
              28.56032747812699
            ],
            [
              77.30008774725687,
              28.560328019383157
            ],
            [
              77.3006023723202,
              28.560432559083736
            ],
            [
              77.30144520495743,
              28.56085966015295
            ],
            [
              77.30144668717763,
              28.560865355148287
            ],
            [
              77.30150929615967,
              28.561105948300266
            ],
            [
              77.30157949231263,
              28.56137569506904
            ],
            [
              77.30157839996122,
              28.56138319210144
            ],
            [
              77.3015428572187,
              28.56162737083356
            ],
            [
              77.30138622966071,
              28.56216892263637
            ],
            [
              77.30123391940597,
              28.56269554799613
            ],
            [
              77.3012305183843,
              28.56269719066359
            ],
            [
              77.30058280880993,
              28.56301022564822
            ],
            [
              77.29990383606707,
              28.563411586835354
            ],
            [
              77.29915723725128,
              28.563816385642376
            ],
            [
              77.29854527882858,
              28.564241810613055
            ],
            [
              77.29795359538186,
              28.564690510859776
            ],
            [
              77.29755008473265,
              28.565087348800713
            ],
            [
              77.29727423277015,
              28.56558726576459
            ],
            [
              77.29709446011884,
              28.565969541631585
            ],
            [
              77.29709530633184,
              28.5659787953523
            ],
            [
              77.29710610228493,
              28.56609696818989
            ],
            [
              77.2971206280431,
              28.566255942688024
            ],
            [
              77.29713321074527,
              28.56639367426441
            ],
            [
              77.29714483225008,
              28.566520854943644
            ],
            [
              77.2971456775648,
              28.56652342773127
            ],
            [
              77.29739339159764,
              28.56727735594022
            ],
            [
              77.29753046373021,
              28.567714298969427
            ],
            [
              77.29758291007145,
              28.56788148080145
            ],
            [
              77.2976504633808,
              28.568359686987172
            ],
            [
              77.2977714439917,
              28.56897331391907
            ],
            [
              77.29778856318606,
              28.56906014679627
            ],
            [
              77.29782932693706,
              28.56927411829553
            ],
            [
              77.29822890027036,
              28.57049441930394
            ],
            [
              77.29848880983154,
              28.571166708285855
            ],
            [
              77.29848999201445,
              28.571168551996145
            ],
            [
              77.29849022557639,
              28.571166683040403
            ],
            [
              77.29850783255597,
              28.571194165128592
            ],
            [
              77.29870181925001,
              28.57149693308759
            ],
            [
              77.2991319649474,
              28.57271220110265
            ],
            [
              77.2992928118923,
              28.573143480089126
            ],
            [
              77.29946300670599,
              28.57359982314412
            ],
            [
              77.29970878576773,
              28.574326483667353
            ],
            [
              77.29997018832889,
              28.575066412289846
            ],
            [
              77.30005249826344,
              28.575795844298625
            ],
            [
              77.30007321610883,
              28.57627820032888
            ],
            [
              77.29996857136138,
              28.577105538640925
            ],
            [
              77.29990480265431,
              28.57746301225557
            ],
            [
              77.29980959201399,
              28.578019515276893
            ],
            [
              77.29979671735931,
              28.578216747689503
            ],
            [
              77.29978659514269,
              28.578371783991276
            ],
            [
              77.29973019711251,
              28.57859830476776
            ],
            [
              77.29952200895217,
              28.578895068674267
            ],
            [
              77.2990726222397,
              28.579380883844077
            ],
            [
              77.29851829972564,
              28.579976746938694
            ],
            [
              77.29838483882054,
              28.580143229292315
            ],
            [
              77.29837898000824,
              28.58015053724021
            ],
            [
              77.29897512898025,
              28.580537424673018
            ],
            [
              77.3000933626257,
              28.581195153629135
            ],
            [
              77.30078649281745,
              28.581575877138437
            ],
            [
              77.3007926139378,
              28.581579116919727
            ],
            [
              77.30133972477678,
              28.581868745232303
            ],
            [
              77.30152128507547,
              28.581991980355934
            ],
            [
              77.30190848231912,
              28.582404954974997
            ],
            [
              77.3027526408697,
              28.583383102668805
            ],
            [
              77.30317079495636,
              28.583809084316194
            ],
            [
              77.30319689999853,
              28.583838174674703
            ],
            [
              77.30319618763448,
              28.583838984799776
            ],
            [
              77.30370367198965,
              28.58440454132049
            ],
            [
              77.30417380888686,
              28.58487023587682
            ],
            [
              77.30481482062245,
              28.585671370073687
            ],
            [
              77.30534294107632,
              28.586217277764696
            ],
            [
              77.30566491703708,
              28.58652518809685
            ],
            [
              77.30588059535026,
              28.586731442687128
            ],
            [
              77.3066456177142,
              28.587359029918286
            ],
            [
              77.30721275828904,
              28.587818550885807
            ],
            [
              77.30784466110767,
              28.588434862153022
            ],
            [
              77.30858062926039,
              28.589135111770645
            ],
            [
              77.30889437755147,
              28.58945909135615
            ],
            [
              77.30961266596107,
              28.590051365187453
            ],
            [
              77.31016843116947,
              28.590456932299396
            ],
            [
              77.3105074679341,
              28.59086794669809
            ],
            [
              77.31050970923076,
              28.59087066402465
            ],
            [
              77.3106838611233,
              28.591354911007908
            ],
            [
              77.31105750009435,
              28.592079365728466
            ],
            [
              77.31180518766827,
              28.593546307672607
            ],
            [
              77.31230337086696,
              28.594588932695203
            ],
            [
              77.31260784405274,
              28.595188247116354
            ],
            [
              77.3129322652277,
              28.595764662656155
            ],
            [
              77.31318957416612,
              28.596310644923093
            ],
            [
              77.31329314812176,
              28.59645294965064
            ],
            [
              77.31329870779503,
              28.596453321143475
            ],
            [
              77.31339792312491,
              28.596588045183232
            ],
            [
              77.31339925981807,
              28.596588236844905
            ],
            [
              77.31358153607404,
              28.59661427206755
            ],
            [
              77.31375267142386,
              28.59663871562513
            ],
            [
              77.31481758287069,
              28.596790819085605
            ],
            [
              77.31560049608184,
              28.59687737581488
            ],
            [
              77.31599822158063,
              28.596992505729506
            ],
            [
              77.31618930132639,
              28.597047817638924
            ],
            [
              77.31667791028079,
              28.596803750306826
            ],
            [
              77.31739318574093,
              28.596893746671903
            ],
            [
              77.3174903439288,
              28.59693517464599
            ],
            [
              77.31809871897181,
              28.597194577673623
            ],
            [
              77.31832642482834,
              28.59723968414837
            ],
            [
              77.31880881833928,
              28.59715086012768
            ],
            [
              77.31887431001506,
              28.597138799703828
            ],
            [
              77.31934046468064,
              28.59745395087824
            ],
            [
              77.31937367360004,
              28.597476905917496
            ],
            [
              77.3197757469448,
              28.59775482129002
            ],
            [
              77.32049001000364,
              28.59766909896368
            ],
            [
              77.32054693624318,
              28.597662267044665
            ],
            [
              77.32157933496492,
              28.597748393991218
            ],
            [
              77.32214620874012,
              28.597614109969108
            ],
            [
              77.3222845618703,
              28.5975813353505
            ],
            [
              77.3226923224491,
              28.597624241909806
            ],
            [
              77.32332166417089,
              28.59769046389062
            ],
            [
              77.32516931455567,
              28.598051687297136
            ],
            [
              77.32627284906813,
              28.59845547337865
            ],
            [
              77.32691870002816,
              28.598874521102726
            ],
            [
              77.32742728571783,
              28.599355890278336
            ],
            [
              77.32770312959552,
              28.599616969646156
            ],
            [
              77.32835682194968,
              28.600155402140352
            ],
            [
              77.3284849226075,
              28.60007518220062
            ],
            [
              77.32869925614271,
              28.599940961093232
            ],
            [
              77.3288819914378,
              28.600018883636675
            ],
            [
              77.32891023267372,
              28.600030926378505
            ],
            [
              77.32914130272097,
              28.60012945770725
            ],
            [
              77.32921427466813,
              28.600160573674756
            ],
            [
              77.32965638862004,
              28.600417477230447
            ],
            [
              77.32979947227854,
              28.600500619048958
            ],
            [
              77.33107843159628,
              28.600723826144677
            ],
            [
              77.33233984232501,
              28.60103846890028
            ],
            [
              77.33257206760572,
              28.601115739166026
            ],
            [
              77.33272116368839,
              28.60119161969162
            ],
            [
              77.33280151799052,
              28.60121802524992
            ],
            [
              77.33408883882699,
              28.601641041704188
            ],
            [
              77.33456779897688,
              28.601846273673296
            ],
            [
              77.33511588358964,
              28.601792379203005
            ],
            [
              77.3357526849215,
              28.601729757822373
            ],
            [
              77.3358010394366,
              28.601725002794932
            ],
            [
              77.33584385673632,
              28.601720791965164
            ],
            [
              77.3359324997936,
              28.60172975861108
            ],
            [
              77.33676699696328,
              28.601814169974055
            ],
            [
              77.33765140632684,
              28.60226008596948
            ],
            [
              77.33826927566408,
              28.602774943756767
            ],
            [
              77.33867079834158,
              28.603199040746563
            ],
            [
              77.33873824295479,
              28.603204752377906
            ],
            [
              77.33912536473997,
              28.603330462608657
            ],
            [
              77.3394597176887,
              28.603587398637234
            ],
            [
              77.33966227341222,
              28.603743052919206
            ],
            [
              77.3401100745982,
              28.60419085275799
            ],
            [
              77.34012772200195,
              28.604217064337465
            ],
            [
              77.34045114065708,
              28.60469742872254
            ],
            [
              77.34057856218854,
              28.604886684179057
            ],
            [
              77.34087732568237,
              28.60512805284793
            ],
            [
              77.34088000895014,
              28.605130220893564
            ],
            [
              77.34121390735133,
              28.605557770610933
            ],
            [
              77.34138915518854,
              28.6057467303466
            ],
            [
              77.34167622890556,
              28.606056261740132
            ],
            [
              77.3418069086266,
              28.606507947684065
            ],
            [
              77.34190643387522,
              28.606883319200318
            ],
            [
              77.34196082237412,
              28.60708845102354
            ],
            [
              77.3420457221516,
              28.6074935052287
            ],
            [
              77.34195411555218,
              28.60771251763714
            ],
            [
              77.34191425909965,
              28.6078078083103
            ],
            [
              77.3419810048236,
              28.60795103280245
            ],
            [
              77.34227121905086,
              28.608573782781658
            ],
            [
              77.34241620444277,
              28.608884893375844
            ],
            [
              77.34220896939493,
              28.609468971079146
            ],
            [
              77.34217837457298,
              28.609555196391206
            ],
            [
              77.34280766958233,
              28.610024352014708
            ],
            [
              77.34369107822262,
              28.610277564330943
            ],
            [
              77.34483624425863,
              28.610443389089156
            ],
            [
              77.34616169678223,
              28.610442490054215
            ],
            [
              77.34727077659495,
              28.610350835768017
            ],
            [
              77.34819749840499,
              28.610035980367535
            ],
            [
              77.34840650762553,
              28.609984408672133
            ],
            [
              77.34870278727757,
              28.610227842877215
            ],
            [
              77.34914356004477,
              28.610276441324153
            ],
            [
              77.35124152328854,
              28.61012319967605
            ],
            [
              77.35257734326886,
              28.609879318074494
            ],
            [
              77.35298574704144,
              28.60973931067714
            ],
            [
              77.35511364035384,
              28.610866231179866
            ],
            [
              77.35675365144893,
              28.610494336755472
            ],
            [
              77.35768005795029,
              28.609459292168086
            ],
            [
              77.35825222280253,
              28.608950451324382
            ],
            [
              77.359821075649,
              28.60825627063523
            ],
            [
              77.36050101318249,
              28.60805651886307
            ],
            [
              77.36158976591695,
              28.60794149570785
            ],
            [
              77.36305553259302,
              28.607695086945636
            ],
            [
              77.36382393441906,
              28.607735296144266
            ],
            [
              77.36468410813453,
              28.607859579024613
            ],
            [
              77.36552490968091,
              28.60816242437651
            ],
            [
              77.3659882633994,
              28.60837188729375
            ],
            [
              77.36639208306906,
              28.608447350119242
            ],
            [
              77.36670883622475,
              28.608461748357414
            ],
            [
              77.36671388475663,
              28.608223317947893
            ],
            [
              77.3667587322489,
              28.608223285613473
            ],
            [
              77.36676031957201,
              28.608223285613473
            ],
            [
              77.36751433757374,
              28.608222755644857
            ],
            [
              77.36816129615652,
              28.608352678322124
            ],
            [
              77.36856346831595,
              28.608506084224636
            ],
            [
              77.36885939582841,
              28.608767822241656
            ],
            [
              77.36904645830822,
              28.609261691716597
            ],
            [
              77.36901728731603,
              28.609903362653522
            ],
            [
              77.36913587840823,
              28.610194285929822
            ],
            [
              77.36832060967723,
              28.610648704019457
            ],
            [
              77.36687424481468,
              28.611450480826125
            ],
            [
              77.36068392185243,
              28.61486633726636
            ],
            [
              77.3598949620811,
              28.615302797861712
            ],
            [
              77.35883583488642,
              28.616711764896905
            ],
            [
              77.35842293504584,
              28.617796581292037
            ],
            [
              77.36177752728608,
              28.621874598638417
            ],
            [
              77.36384482474101,
              28.62464699989315
            ],
            [
              77.36751814373561,
              28.62449201923402
            ],
            [
              77.36852612265466,
              28.624270125068385
            ],
            [
              77.37013819434775,
              28.623750864630097
            ],
            [
              77.37135828616665,
              28.62333063004396
            ],
            [
              77.37226093761865,
              28.62268041378124
            ],
            [
              77.37284495035117,
              28.62210292367641
            ],
            [
              77.37318062202672,
              28.62196167169777
            ],
            [
              77.37342204515767,
              28.622098657677192
            ],
            [
              77.37343317887729,
              28.622309829161626
            ],
            [
              77.37343133373773,
              28.62231232882709
            ],
            [
              77.37324587744561,
              28.622563603259437
            ],
            [
              77.37310437661868,
              28.622863998030457
            ],
            [
              77.37324432066521,
              28.62337542328998
            ],
            [
              77.37355930234318,
              28.623967702290333
            ],
            [
              77.37378010374844,
              28.624342853701513
            ],
            [
              77.37417129400355,
              28.6250189443411
            ],
            [
              77.37516391173126,
              28.62675526483443
            ],
            [
              77.37594761456154,
              28.627800142610486
            ],
            [
              77.37655599858769,
              28.62877792374826
            ],
            [
              77.37495819573455,
              28.631081684840684
            ],
            [
              77.37385514361739,
              28.631618532856155
            ],
            [
              77.3738237690578,
              28.63162719023554
            ],
            [
              77.37477072541958,
              28.632573845134417
            ],
            [
              77.37681293292863,
              28.634093465623568
            ],
            [
              77.3782214957857,
              28.635093543617852
            ],
            [
              77.37974311611285,
              28.636650439301274
            ],
            [
              77.38016504761528,
              28.636902165082045
            ],
            [
              77.38024114210637,
              28.63694756435658
            ],
            [
              77.38021943521585,
              28.637014409631753
            ],
            [
              77.37970184930532,
              28.638608235377962
            ],
            [
              77.37976067009183,
              28.639517343988814
            ],
            [
              77.37966533817894,
              28.640093688125944
            ],
            [
              77.37984289109313,
              28.640302996676677
            ],
            [
              77.3800796438829,
              28.64041695709297
            ],
            [
              77.38090810976381,
              28.640732561819906
            ],
            [
              77.38091001778548,
              28.64073329030115
            ],
            [
              77.3809250304305,
              28.640761055366745
            ],
            [
              77.38095014642752,
              28.640802745130696
            ],
            [
              77.37981078260995,
              28.644292772182556
            ],
            [
              77.37953794000366,
              28.645150564865535
            ],
            [
              77.37911876902409,
              28.646290318923214
            ],
            [
              77.37900737613224,
              28.64664165395269
            ],
            [
              77.37879164481842,
              28.64700962283153
            ],
            [
              77.37896913844385,
              28.647961944318652
            ],
            [
              77.3794039670588,
              28.64829930668095
            ],
            [
              77.38030205686579,
              28.648612161611357
            ],
            [
              77.38125183842918,
              28.648939617993022
            ],
            [
              77.38179082131144,
              28.64926950930891
            ],
            [
              77.3818442108837,
              28.649696928156004
            ],
            [
              77.3816890817156,
              28.650643791316384
            ],
            [
              77.38155879635501,
              28.651398424653163
            ],
            [
              77.3815489687858,
              28.652852179706134
            ],
            [
              77.38171516340157,
              28.6533548292424
            ],
            [
              77.38223076942519,
              28.653808167343783
            ],
            [
              77.38282359013905,
              28.654051790800736
            ],
            [
              77.38388055958046,
              28.654229631018364
            ],
            [
              77.38492290444904,
              28.65436136028941
            ],
            [
              77.38597150788019,
              28.654442733022353
            ],
            [
              77.38669457981867,
              28.654427044342935
            ],
            [
              77.3870745977266,
              28.654405742987738
            ],
            [
              77.38780142731791,
              28.654211239232186
            ],
            [
              77.38826538470428,
              28.65390694460802
            ],
            [
              77.3883922510769,
              28.653808117680775
            ],
            [
              77.38881231408355,
              28.653365510771188
            ],
            [
              77.38909424943716,
              28.653062825780275
            ],
            [
              77.38829785610686,
              28.652114165821697
            ],
            [
              77.38813981100735,
              28.651964815672706
            ],
            [
              77.38789158493476,
              28.651405792286482
            ],
            [
              77.3873956349479,
              28.64976947834734
            ],
            [
              77.38686495339714,
              28.648054618207755
            ],
            [
              77.38654659495202,
              28.64687526226172
            ],
            [
              77.3859763929187,
              28.64481575615089
            ],
            [
              77.38601731477316,
              28.644353185177714
            ],
            [
              77.3861303354123,
              28.64367622731391
            ],
            [
              77.38631188133797,
              28.642954524360054
            ],
            [
              77.38664097644738,
              28.642138916981718
            ],
            [
              77.38693714740329,
              28.6414053278647
            ],
            [
              77.38734005258799,
              28.64054047201844
            ],
            [
              77.38766951959992,
              28.639706520133302
            ],
            [
              77.38911215465738,
              28.63711117409015
            ],
            [
              77.38931489633217,
              28.636714310020068
            ],
            [
              77.3897572743888,
              28.635851232850214
            ],
            [
              77.39019700331363,
              28.63521170892985
            ],
            [
              77.39053942762523,
              28.634749470121363
            ]
          ]
        ]
      }
    }
  ]
}