{
  "type": "FeatureCollection",
  "features": [
    {
      "type": "Feature",
      "properties": {
        "objectid": "09-143-00753",
        "stcode11": "09",
        "dtcode11": "143",
        "sdtcode11": "00753",
        "stname": "UTTAR PRADESH",
        "dtname": "Aligarh",
        "sdtname": "Gabhana",
        "st_area_sh": 0.0,
        "st_length_": 0.0,
        "remarks": "",
        "dist_lgd": 119,
        "state_lgd": 9,
        "subdt_lgd": 753,
        "ac_no": 72,
        "st_length(shape)": 219319.07675740003,
        "st_area(shape)": 640282980.8051969
      },
      "geometry": {
        "type": "Polygon",
        "coordinates": [
          [
            [
              77.84705925661342,
              28.172489809979044
            ],
            [
              77.84748930888601,
              28.17205292301265
            ],
            [
              77.84717273359675,
              28.171417297631518
            ],
            [
              77.84571988918604,
              28.169482855260213
            ],
            [
              77.84408720564873,
              28.16769034291139
            ],
            [
              77.84395579739403,
              28.167610354232767
            ],
            [
              77.84398035643558,
              28.16745372418166
            ],
            [
              77.84354519634229,
              28.167016952070963
            ],
            [
              77.84315439505771,
              28.16651285489934
            ],
            [
              77.8432079265638,
              28.165554446886105
            ],
            [
              77.84318894336522,
              28.165274223674867
            ],
            [
              77.84278264973527,
              28.164426152017086
            ],
            [
              77.84266710123691,
              28.164123782027563
            ],
            [
              77.84331295309525,
              28.16341940868581
            ],
            [
              77.84488723985089,
              28.162199813837255
            ],
            [
              77.8457450653702,
              28.161875017662712
            ],
            [
              77.8464945208286,
              28.16139554963729
            ],
            [
              77.84864708906522,
              28.160610030314032
            ],
            [
              77.84915976388609,
              28.158650581761993
            ],
            [
              77.84975201686468,
              28.156766372226226
            ],
            [
              77.84969737683754,
              28.155753154189497
            ],
            [
              77.84979141158317,
              28.155182003038743
            ],
            [
              77.84960345617795,
              28.154952088840336
            ],
            [
              77.84858445313372,
              28.154127125183926
            ],
            [
              77.84770178290857,
              28.153036421071373
            ],
            [
              77.84654381857474,
              28.151959240296527
            ],
            [
              77.84583104402435,
              28.151318134192135
            ],
            [
              77.84556352573273,
              28.151156347815075
            ],
            [
              77.84502789087156,
              28.1506934237155
            ],
            [
              77.84396073992473,
              28.149799660619603
            ],
            [
              77.84334652583235,
              28.149413872850882
            ],
            [
              77.84305905775491,
              28.14931019335897
            ],
            [
              77.84255133444792,
              28.149061058966172
            ],
            [
              77.84226091540476,
              28.14893044174928
            ],
            [
              77.84201016955781,
              28.14878751089285
            ],
            [
              77.84177402402919,
              28.14848882024785
            ],
            [
              77.84164569969086,
              28.14755435612097
            ],
            [
              77.84158023496451,
              28.1471235939036
            ],
            [
              77.84145230408828,
              28.146879611667103
            ],
            [
              77.84093852344131,
              28.146376576896834
            ],
            [
              77.84047393903086,
              28.14595131733324
            ],
            [
              77.83977596871638,
              28.145254384160964
            ],
            [
              77.83948603386516,
              28.144342134783972
            ],
            [
              77.83887629338292,
              28.142820240971343
            ],
            [
              77.83870905402645,
              28.142280966071496
            ],
            [
              77.83939996358285,
              28.141750417614055
            ],
            [
              77.84077176737848,
              28.14065659002943
            ],
            [
              77.84095235031018,
              28.139932940994527
            ],
            [
              77.84130173207362,
              28.139059296369698
            ],
            [
              77.84256541015012,
              28.137519871666633
            ],
            [
              77.84288269960003,
              28.137711991827942
            ],
            [
              77.84385931024768,
              28.136759458066262
            ],
            [
              77.8445149456578,
              28.136169566072248
            ],
            [
              77.84510430695951,
              28.13661184199175
            ],
            [
              77.8461141211367,
              28.135683978332978
            ],
            [
              77.84709279880781,
              28.13632144615951
            ],
            [
              77.84779687497132,
              28.13590018274527
            ],
            [
              77.84930164739532,
              28.137257828653652
            ],
            [
              77.84939737726188,
              28.137586100205972
            ],
            [
              77.84968703902524,
              28.137807666002978
            ],
            [
              77.85115557880057,
              28.1385230578332
            ],
            [
              77.85231030380952,
              28.138982493672774
            ],
            [
              77.85276572270911,
              28.1394176057775
            ],
            [
              77.85291953943859,
              28.13949394634705
            ],
            [
              77.85311323597676,
              28.140268559281594
            ],
            [
              77.85323947891858,
              28.140774403103556
            ],
            [
              77.85376334764618,
              28.141487382123398
            ],
            [
              77.8557869564356,
              28.141139337645296
            ],
            [
              77.85844589781135,
              28.140693621988635
            ],
            [
              77.86203773781305,
              28.140153011146758
            ],
            [
              77.8626355342953,
              28.140185650121122
            ],
            [
              77.86274124983454,
              28.14080393437632
            ],
            [
              77.86403879260062,
              28.140570038171532
            ],
            [
              77.86511066958414,
              28.13935511567392
            ],
            [
              77.86830580636983,
              28.136102721147953
            ],
            [
              77.86888271881837,
              28.135446406389516
            ],
            [
              77.8680622362654,
              28.134950540138924
            ],
            [
              77.86914533320683,
              28.133843683887676
            ],
            [
              77.87063086371744,
              28.131785970738157
            ],
            [
              77.87245283575987,
              28.128928236707278
            ],
            [
              77.87279997083678,
              28.128427083927907
            ],
            [
              77.87350436859715,
              28.127814861638413
            ],
            [
              77.87371921686703,
              28.127742554670036
            ],
            [
              77.87635931787632,
              28.12677625364064
            ],
            [
              77.87894000431277,
              28.125958747363963
            ],
            [
              77.88164365124697,
              28.125075087352645
            ],
            [
              77.88229138058428,
              28.12447914481992
            ],
            [
              77.88293035943236,
              28.12413047388312
            ],
            [
              77.88535574242754,
              28.121159338386626
            ],
            [
              77.88574077562966,
              28.120672059263647
            ],
            [
              77.88743114897453,
              28.118604671316277
            ],
            [
              77.88829506057992,
              28.11754606362612
            ],
            [
              77.88976352040517,
              28.11621742479527
            ],
            [
              77.89098015191361,
              28.115342398368266
            ],
            [
              77.89138415034802,
              28.11503573568764
            ],
            [
              77.89172826259399,
              28.115136413774803
            ],
            [
              77.8925101921499,
              28.114601044355453
            ],
            [
              77.89462494041476,
              28.11584677284657
            ],
            [
              77.8954512521356,
              28.11459384137232
            ],
            [
              77.89846432556605,
              28.11673753666305
            ],
            [
              77.89933340877249,
              28.117113921796722
            ],
            [
              77.8996682755576,
              28.11663815312111
            ],
            [
              77.90125038035117,
              28.114927834737305
            ],
            [
              77.9019329355754,
              28.114992934715673
            ],
            [
              77.90280356029088,
              28.114814770930433
            ],
            [
              77.90429017327142,
              28.11431223216301
            ],
            [
              77.90336534780492,
              28.11356840371979
            ],
            [
              77.90318154261635,
              28.113446824907868
            ],
            [
              77.90416740860636,
              28.112249008933937
            ],
            [
              77.9045396632736,
              28.111640979242836
            ],
            [
              77.9056585050785,
              28.110568832067397
            ],
            [
              77.90675977583642,
              28.10957410573822
            ],
            [
              77.90783310988736,
              28.108558808318644
            ],
            [
              77.90869259459502,
              28.107378938107384
            ],
            [
              77.90997668688632,
              28.10560189338142
            ],
            [
              77.90973075241602,
              28.105295721072913
            ],
            [
              77.91161348560593,
              28.102869247367703
            ],
            [
              77.91397763314312,
              28.09995288266874
            ],
            [
              77.91498324320477,
              28.09913501737602
            ],
            [
              77.91505389839685,
              28.09907599763558
            ],
            [
              77.91608834168416,
              28.099886573032663
            ],
            [
              77.91699275473243,
              28.100518171861196
            ],
            [
              77.91858848966379,
              28.101381066859226
            ],
            [
              77.92016492968115,
              28.102222853790714
            ],
            [
              77.9217705559621,
              28.10301653509863
            ],
            [
              77.92240516989624,
              28.103358983006366
            ],
            [
              77.92356749644911,
              28.104409669691492
            ],
            [
              77.92484656985293,
              28.10340006118242
            ],
            [
              77.92674699536236,
              28.101959104009836
            ],
            [
              77.93012183293412,
              28.09933282863925
            ],
            [
              77.93526242507953,
              28.095732844313964
            ],
            [
              77.93530662308982,
              28.093333481357135
            ],
            [
              77.93457790434144,
              28.092165670987004
            ],
            [
              77.93512392193071,
              28.09149105494776
            ],
            [
              77.93438228810349,
              28.090090815879293
            ],
            [
              77.93476886730623,
              28.089855781160132
            ],
            [
              77.93330207205918,
              28.088515600384238
            ],
            [
              77.93135672898893,
              28.086971342345745
            ],
            [
              77.9320703506506,
              28.085826136334305
            ],
            [
              77.93323905434366,
              28.086724104614238
            ],
            [
              77.93438193865883,
              28.08520826814374
            ],
            [
              77.93495607082156,
              28.085668220908968
            ],
            [
              77.93673506835907,
              28.086718590217746
            ],
            [
              77.93867300661647,
              28.08515713838318
            ],
            [
              77.94010230708187,
              28.085708582273202
            ],
            [
              77.94179543286475,
              28.086268661902132
            ],
            [
              77.94410257331401,
              28.08820900605153
            ],
            [
              77.94659407860227,
              28.087129327974075
            ],
            [
              77.94702181232313,
              28.08749985564722
            ],
            [
              77.94766174787702,
              28.087284404021965
            ],
            [
              77.9481737184187,
              28.088236659277484
            ],
            [
              77.94906431178464,
              28.08779732061144
            ],
            [
              77.94959276371682,
              28.08749982077633
            ],
            [
              77.95007353037879,
              28.08772377569515
            ],
            [
              77.95133452069592,
              28.087111568323067
            ],
            [
              77.95148597305958,
              28.087464384808595
            ],
            [
              77.95188318112875,
              28.087329967682997
            ],
            [
              77.95221172018097,
              28.087627506822237
            ],
            [
              77.9529620757513,
              28.08650948992649
            ],
            [
              77.95395613617333,
              28.085533684239486
            ],
            [
              77.95443905789367,
              28.08577776012781
            ],
            [
              77.95601934359877,
              28.087108283314315
            ],
            [
              77.95794444942233,
              28.08867419238907
            ],
            [
              77.96040036076408,
              28.090612162327883
            ],
            [
              77.96118831082904,
              28.09028270164865
            ],
            [
              77.96214832061023,
              28.089634510939373
            ],
            [
              77.96361442864611,
              28.088152362604585
            ],
            [
              77.96452122222988,
              28.087000954217366
            ],
            [
              77.9655349234173,
              28.085779762066267
            ],
            [
              77.96616342431592,
              28.0852403056649
            ],
            [
              77.96672304778849,
              28.08502126881588
            ],
            [
              77.9682141029381,
              28.08485664811242
            ],
            [
              77.96997682120605,
              28.08466950392969
            ],
            [
              77.97124128979996,
              28.08452371666395
            ],
            [
              77.97160591058389,
              28.08451368307786
            ],
            [
              77.97330649957016,
              28.084818866938637
            ],
            [
              77.97430065162038,
              28.085142199047784
            ],
            [
              77.974830857064,
              28.085402603650213
            ],
            [
              77.97708882732788,
              28.08719422370632
            ],
            [
              77.97920081057828,
              28.087282420339545
            ],
            [
              77.97998791982012,
              28.086962220391385
            ],
            [
              77.98020716444498,
              28.08652638185945
            ],
            [
              77.9805798062861,
              28.086174011656055
            ],
            [
              77.98125244321128,
              28.08580755302612
            ],
            [
              77.98189354388008,
              28.085143803936706
            ],
            [
              77.98235040457571,
              28.084902292850252
            ],
            [
              77.98271304367613,
              28.08479710378452
            ],
            [
              77.9829460172535,
              28.0846064532936
            ],
            [
              77.98330084729915,
              28.08442698683186
            ],
            [
              77.98370501102355,
              28.08437189398221
            ],
            [
              77.98409842820224,
              28.084328415041018
            ],
            [
              77.98451969495136,
              28.084207624173
            ],
            [
              77.98531523757707,
              28.083862994301427
            ],
            [
              77.98573788413846,
              28.0835279523825
            ],
            [
              77.98627191640522,
              28.08333349380791
            ],
            [
              77.98693970961438,
              28.08309216410708
            ],
            [
              77.98722163059493,
              28.082908000815802
            ],
            [
              77.98728095443798,
              28.082785188126923
            ],
            [
              77.9874946753222,
              28.08263881022613
            ],
            [
              77.98758339743122,
              28.08256713538056
            ],
            [
              77.9877664381535,
              28.082359044649532
            ],
            [
              77.98773724200848,
              28.082082994659476
            ],
            [
              77.98780467943514,
              28.081809637086685
            ],
            [
              77.98784309858324,
              28.081602836766855
            ],
            [
              77.98812425419916,
              28.08118309887929
            ],
            [
              77.98838398858884,
              28.08090437411622
            ],
            [
              77.98843363398302,
              28.080803836689068
            ],
            [
              77.98859829158133,
              28.080650868238447
            ],
            [
              77.98903263510606,
              28.08053968633639
            ],
            [
              77.9894129683226,
              28.079918870254062
            ],
            [
              77.99013767788985,
              28.07862123986466
            ],
            [
              77.99120313191914,
              28.078436147127242
            ],
            [
              77.99375485577245,
              28.07782705479173
            ],
            [
              77.99375519803058,
              28.07782697315479
            ],
            [
              77.99521470973733,
              28.078685474967177
            ],
            [
              77.99686829617299,
              28.079725881716328
            ],
            [
              77.99821382424658,
              28.08058851666841
            ],
            [
              77.99858966588673,
              28.080818170312234
            ],
            [
              77.99870286888387,
              28.08088734022151
            ],
            [
              78.00163265860601,
              28.08214203166898
            ],
            [
              78.0049014554484,
              28.084198222215512
            ],
            [
              78.00382082168747,
              28.08739622167517
            ],
            [
              78.00183335391858,
              28.094014744168906
            ],
            [
              78.00209581020356,
              28.094254184634867
            ],
            [
              78.00508999116529,
              28.095740139696392
            ],
            [
              78.00525592437131,
              28.096466389919815
            ],
            [
              78.00584984911465,
              28.097072068834247
            ],
            [
              78.0066385223234,
              28.097711672866033
            ],
            [
              78.00741120911337,
              28.098240874219584
            ],
            [
              78.00826041889079,
              28.098424690269894
            ],
            [
              78.00917611567733,
              28.098892701746625
            ],
            [
              78.01005055643614,
              28.099722274664234
            ],
            [
              78.01100373632624,
              28.101182532723286
            ],
            [
              78.01194569805507,
              28.102233332641603
            ],
            [
              78.01325992612921,
              28.103320265384685
            ],
            [
              78.01428118035153,
              28.1038525341909
            ],
            [
              78.01576995018706,
              28.105130534793993
            ],
            [
              78.0164159709287,
              28.10581552933219
            ],
            [
              78.01668398958195,
              28.10682639638488
            ],
            [
              78.0168166653595,
              28.107137806680154
            ],
            [
              78.01690650407444,
              28.10734867577257
            ],
            [
              78.01752103617041,
              28.107781390216353
            ],
            [
              78.01826082575633,
              28.10815269284047
            ],
            [
              78.01893211341198,
              28.10836571517411
            ],
            [
              78.01996793830821,
              28.109102775697593
            ],
            [
              78.02098178681933,
              28.110107177863767
            ],
            [
              78.02146984600476,
              28.11067998128087
            ],
            [
              78.0214243741834,
              28.111309111802413
            ],
            [
              78.02111337922867,
              28.111887708731334
            ],
            [
              78.02069562489231,
              28.11248071829847
            ],
            [
              78.01988733337609,
              28.113068859671326
            ],
            [
              78.01927953864474,
              28.113328907313253
            ],
            [
              78.01847747604667,
              28.113523560332524
            ],
            [
              78.01787042601872,
              28.113736382633277
            ],
            [
              78.01779417611905,
              28.114066021678337
            ],
            [
              78.01781694481825,
              28.114869165174238
            ],
            [
              78.0179702189653,
              28.115280378331185
            ],
            [
              78.0184217822957,
              28.115915699919057
            ],
            [
              78.01848704759603,
              28.116278586221053
            ],
            [
              78.0183895516416,
              28.116828352140608
            ],
            [
              78.01807952776569,
              28.117343979796836
            ],
            [
              78.01740996307879,
              28.11813848729848
            ],
            [
              78.01703092074128,
              28.118527313617506
            ],
            [
              78.0175717523564,
              28.119132265844886
            ],
            [
              78.01878218908263,
              28.120060406698613
            ],
            [
              78.01988463124368,
              28.12108164581533
            ],
            [
              78.02072030161318,
              28.122131037836088
            ],
            [
              78.02087035440158,
              28.1227468506291
            ],
            [
              78.02029053859809,
              28.123479511954375
            ],
            [
              78.02185934113893,
              28.124207439336885
            ],
            [
              78.02208489732696,
              28.12454082916923
            ],
            [
              78.02237284240982,
              28.124859254053668
            ],
            [
              78.02291995324879,
              28.125070707834375
            ],
            [
              78.02381213303953,
              28.125357288618634
            ],
            [
              78.02459406529037,
              28.12587862531157
            ],
            [
              78.02570734832031,
              28.126781883228453
            ],
            [
              78.02651480889489,
              28.127374365192065
            ],
            [
              78.02702419318688,
              28.12772701362874
            ],
            [
              78.02734176919935,
              28.12785689062068
            ],
            [
              78.02792788758292,
              28.127848421764664
            ],
            [
              78.0291548730733,
              28.127737703095786
            ],
            [
              78.02991852640473,
              28.12773142789629
            ],
            [
              78.03048143232132,
              28.128068985732153
            ],
            [
              78.03130494040019,
              28.12877183526617
            ],
            [
              78.03183482514524,
              28.128951558702003
            ],
            [
              78.03350814127948,
              28.128688911663957
            ],
            [
              78.03652237712993,
              28.12784462068201
            ],
            [
              78.03876011284201,
              28.126691594301132
            ],
            [
              78.04194317267701,
              28.12526682499046
            ],
            [
              78.04274009691164,
              28.124269146817735
            ],
            [
              78.04342852082965,
              28.123396065330592
            ],
            [
              78.0441021503932,
              28.12346732390911
            ],
            [
              78.04471363540374,
              28.122971100380717
            ],
            [
              78.04570336864109,
              28.123266629766043
            ],
            [
              78.04671623798852,
              28.122082680373584
            ],
            [
              78.04753237539047,
              28.122124190293317
            ],
            [
              78.0489270008859,
              28.123207342844317
            ],
            [
              78.05132182139846,
              28.125067237018495
            ],
            [
              78.05395106177598,
              28.12270665134899
            ],
            [
              78.05461369416386,
              28.1212035202031
            ],
            [
              78.05565168130498,
              28.120680988206313
            ],
            [
              78.05684918678269,
              28.120176141292923
            ],
            [
              78.05780108387857,
              28.119479377976866
            ],
            [
              78.05949181834617,
              28.11808323190435
            ],
            [
              78.05998505991246,
              28.11719194763269
            ],
            [
              78.06044776055576,
              28.11483625860912
            ],
            [
              78.06062312517395,
              28.114065712671916
            ],
            [
              78.06073358202129,
              28.113580363115297
            ],
            [
              78.06122093513093,
              28.113066813079016
            ],
            [
              78.06207130193845,
              28.11318738130782
            ],
            [
              78.06330806020078,
              28.113580271205294
            ],
            [
              78.06398384033113,
              28.113509792045278
            ],
            [
              78.06492638416827,
              28.113411074237625
            ],
            [
              78.06569457758516,
              28.113105578684443
            ],
            [
              78.06633753237675,
              28.112861526914095
            ],
            [
              78.06824351935609,
              28.112459661970934
            ],
            [
              78.0703041522099,
              28.112390239051436
            ],
            [
              78.07154627071957,
              28.112436799905094
            ],
            [
              78.07256857417417,
              28.11292147006166
            ],
            [
              78.07262598460566,
              28.113803734333317
            ],
            [
              78.07398781081343,
              28.1153000142764
            ],
            [
              78.07524703683939,
              28.116543162030755
            ],
            [
              78.07608120342903,
              28.11771818160774
            ],
            [
              78.07695282707114,
              28.11876771271612
            ],
            [
              78.0776388758435,
              28.119185307842727
            ],
            [
              78.07907295444792,
              28.119454520058802
            ],
            [
              78.08049025431944,
              28.119660547855705
            ],
            [
              78.08233009385285,
              28.118304602711092
            ],
            [
              78.08345346676005,
              28.117476663014532
            ],
            [
              78.08374643342533,
              28.116897734156517
            ],
            [
              78.08255353810166,
              28.1159545579873
            ],
            [
              78.08295301890851,
              28.115376916345703
            ],
            [
              78.08149870036246,
              28.11411573129152
            ],
            [
              78.08144955263492,
              28.113847519056208
            ],
            [
              78.08110322065185,
              28.11327661671663
            ],
            [
              78.08192680329087,
              28.112830033255552
            ],
            [
              78.08207243906304,
              28.112595653684398
            ],
            [
              78.08161790680066,
              28.112133642936744
            ],
            [
              78.08157383635111,
              28.111534903604277
            ],
            [
              78.08131457357699,
              28.111075247101972
            ],
            [
              78.08089627935314,
              28.110566443132164
            ],
            [
              78.0801567718382,
              28.11016395313889
            ],
            [
              78.07894065057287,
              28.109582533250478
            ],
            [
              78.07811869568117,
              28.108769735629664
            ],
            [
              78.07758754520987,
              28.107519664349542
            ],
            [
              78.0774269165556,
              28.105266553232234
            ],
            [
              78.0774605773276,
              28.103078754781556
            ],
            [
              78.0771453638843,
              28.101642372665488
            ],
            [
              78.07791418163029,
              28.10128959485846
            ],
            [
              78.08026345935461,
              28.100908684937863
            ],
            [
              78.0809557038075,
              28.100917044982626
            ],
            [
              78.08210075036754,
              28.10149759976455
            ],
            [
              78.08310996716506,
              28.102832147664657
            ],
            [
              78.08603907506591,
              28.101686762211152
            ],
            [
              78.0872472013252,
              28.1027875406808
            ],
            [
              78.0884091478907,
              28.102266277146878
            ],
            [
              78.08875476032324,
              28.102884391054072
            ],
            [
              78.08932036028736,
              28.103048617226197
            ],
            [
              78.09028392290553,
              28.102729606170943
            ],
            [
              78.09087901006883,
              28.103287742761857
            ],
            [
              78.09102457667076,
              28.104218297296185
            ],
            [
              78.09546432389271,
              28.10762469802832
            ],
            [
              78.09768008681297,
              28.10902082020253
            ],
            [
              78.09830954262074,
              28.10965804724881
            ],
            [
              78.09853503862166,
              28.110007075058622
            ],
            [
              78.09910283766162,
              28.11002960881547
            ],
            [
              78.0992306876895,
              28.10979500364203
            ],
            [
              78.09961136226586,
              28.10928005994436
            ],
            [
              78.10161019102814,
              28.107430607981623
            ],
            [
              78.1027336861062,
              28.105932756303975
            ],
            [
              78.10429175916929,
              28.103873348149047
            ],
            [
              78.10490672874484,
              28.10312504392012
            ],
            [
              78.10496881221242,
              28.102543313292017
            ],
            [
              78.10468631181848,
              28.10009985663965
            ],
            [
              78.1052347961815,
              28.09905164769415
            ],
            [
              78.1063694815731,
              28.097978935684996
            ],
            [
              78.10779921502647,
              28.097350520229572
            ],
            [
              78.10865071011798,
              28.097392141154938
            ],
            [
              78.11021099303666,
              28.097520901877882
            ],
            [
              78.11114252981659,
              28.096965244188553
            ],
            [
              78.11246596741903,
              28.096319778671766
            ],
            [
              78.11373075132163,
              28.09485499206567
            ],
            [
              78.11521513737858,
              28.092952001932556
            ],
            [
              78.11637098887488,
              28.091643321658882
            ],
            [
              78.1179144373651,
              28.090528135384613
            ],
            [
              78.11840146618293,
              28.090014393375228
            ],
            [
              78.11853660514102,
              28.089291825864393
            ],
            [
              78.11983910930238,
              28.087669995363697
            ],
            [
              78.12072462628865,
              28.08544499321267
            ],
            [
              78.12149652795105,
              28.083690921074428
            ],
            [
              78.12002562470819,
              28.082351122236634
            ],
            [
              78.12037395634108,
              28.08043460712758
            ],
            [
              78.12103651237214,
              28.078868148308423
            ],
            [
              78.11802814341884,
              28.075904343202467
            ],
            [
              78.11564738064217,
              28.073703581371408
            ],
            [
              78.11415054842695,
              28.071741546199778
            ],
            [
              78.11364530267348,
              28.07111369530327
            ],
            [
              78.11413239167842,
              28.07059208139254
            ],
            [
              78.11282951112295,
              28.068718913082463
            ],
            [
              78.1136581503787,
              28.06791010622885
            ],
            [
              78.1132805839732,
              28.06705548799869
            ],
            [
              78.11396511099949,
              28.066386656906502
            ],
            [
              78.11597960099043,
              28.06461582522735
            ],
            [
              78.11786365829704,
              28.06325274707682
            ],
            [
              78.11944685095042,
              28.061830980035182
            ],
            [
              78.12037926358778,
              28.06119653688533
            ],
            [
              78.12193756033136,
              28.06024674983384
            ],
            [
              78.12452569829306,
              28.059261876943506
            ],
            [
              78.12578670567822,
              28.059198041654184
            ],
            [
              78.12819376843146,
              28.05963575013185
            ],
            [
              78.13133259073034,
              28.05979864963816
            ],
            [
              78.13459915615755,
              28.05972683668091
            ],
            [
              78.13534276627836,
              28.05984577235664
            ],
            [
              78.1375804031758,
              28.063319810205467
            ],
            [
              78.13963573596945,
              28.06354855428683
            ],
            [
              78.14109801179228,
              28.06427412015075
            ],
            [
              78.14272605283621,
              28.062595878003467
            ],
            [
              78.14531567840804,
              28.060203590899935
            ],
            [
              78.14732703597357,
              28.058379650322202
            ],
            [
              78.14871831165132,
              28.057297877639712
            ],
            [
              78.15029330897435,
              28.055747664323626
            ],
            [
              78.15168658969182,
              28.054526456972354
            ],
            [
              78.15234560995393,
              28.053802126241802
            ],
            [
              78.15369544724592,
              28.052859251077084
            ],
            [
              78.15423710710775,
              28.052098690104526
            ],
            [
              78.15363995561586,
              28.04996546117636
            ],
            [
              78.1528869805582,
              28.04774326878169
            ],
            [
              78.15214543117263,
              28.04607891812366
            ],
            [
              78.15176310459447,
              28.044035306727412
            ],
            [
              78.15169426759255,
              28.04204762419355
            ],
            [
              78.15187972478294,
              28.040132608728985
            ],
            [
              78.15193961186968,
              28.038738996378726
            ],
            [
              78.15181082310234,
              28.03682031672625
            ],
            [
              78.15151281778662,
              28.035718824144215
            ],
            [
              78.15082512330065,
              28.034403645001923
            ],
            [
              78.150112644296,
              28.033436752734964
            ],
            [
              78.14907287579567,
              28.031359295034626
            ],
            [
              78.14818535915954,
              28.03027706104124
            ],
            [
              78.14730096416908,
              28.029648011694213
            ],
            [
              78.14571501817936,
              28.028644757014828
            ],
            [
              78.14365777916068,
              28.027635973969442
            ],
            [
              78.14268246568032,
              28.02718012701489
            ],
            [
              78.14120887108488,
              28.025890554138833
            ],
            [
              78.13974898208573,
              28.02500199777621
            ],
            [
              78.13880610677025,
              28.02500837968881
            ],
            [
              78.13743500276219,
              28.026072918333103
            ],
            [
              78.13586047974964,
              28.02760564317605
            ],
            [
              78.1341442879252,
              28.029415552691436
            ],
            [
              78.13252493987831,
              28.03131372429352
            ],
            [
              78.13158378124332,
              28.03284512802647
            ],
            [
              78.13130646682355,
              28.03431461998389
            ],
            [
              78.13105198937492,
              28.03491292796536
            ],
            [
              78.13026181957291,
              28.03652452399177
            ],
            [
              78.12976904962213,
              28.03729431334506
            ],
            [
              78.12895169410466,
              28.03809513228952
            ],
            [
              78.12815596193443,
              28.03941907039248
            ],
            [
              78.12725101708348,
              28.040820144303844
            ],
            [
              78.12629851631974,
              28.042116075360582
            ],
            [
              78.12545663230345,
              28.04323901634463
            ],
            [
              78.12536709721908,
              28.043969970270098
            ],
            [
              78.12338758403206,
              28.04497489368281
            ],
            [
              78.1213868283835,
              28.04608411430442
            ],
            [
              78.12019892859112,
              28.046697494961453
            ],
            [
              78.11818867505505,
              28.048433994331802
            ],
            [
              78.116346263645,
              28.04945787868159
            ],
            [
              78.11354137298501,
              28.050470313272726
            ],
            [
              78.11228350790674,
              28.050507654633645
            ],
            [
              78.1105823080661,
              28.04998199813267
            ],
            [
              78.10918932738592,
              28.049860850737044
            ],
            [
              78.10719299683844,
              28.04936649881612
            ],
            [
              78.10610905997224,
              28.047000700331047
            ],
            [
              78.10556771631738,
              28.045129363011547
            ],
            [
              78.10554169661518,
              28.041660709168678
            ],
            [
              78.10605461577778,
              28.04022022634764
            ],
            [
              78.10637323383604,
              28.03863799134903
            ],
            [
              78.10655704531285,
              28.034282925676848
            ],
            [
              78.10650197319603,
              28.032731080203796
            ],
            [
              78.10660929132978,
              28.030832583122702
            ],
            [
              78.10637958492508,
              28.02913921368086
            ],
            [
              78.10596891919465,
              28.027722548711758
            ],
            [
              78.1053037607442,
              28.026250557691274
            ],
            [
              78.10427659560733,
              28.02404220710198
            ],
            [
              78.10359051719054,
              28.02265709824688
            ],
            [
              78.1027942990317,
              28.020765213243074
            ],
            [
              78.1020443198555,
              28.019710485697402
            ],
            [
              78.10167809468047,
              28.01925294300393
            ],
            [
              78.10083476796984,
              28.019173141806647
            ],
            [
              78.09890479058254,
              28.01951606631326
            ],
            [
              78.09710643165567,
              28.020243992672896
            ],
            [
              78.09648813292372,
              28.020864042370604
            ],
            [
              78.0947600581847,
              28.022133094674675
            ],
            [
              78.0930741440769,
              28.023210910311363
            ],
            [
              78.09183960285665,
              28.024311558715755
            ],
            [
              78.0913531399775,
              28.025299186106558
            ],
            [
              78.09054820277053,
              28.026561848713737
            ],
            [
              78.08929582999191,
              28.027540254714182
            ],
            [
              78.08869869466972,
              28.028055947133076
            ],
            [
              78.08697977196684,
              28.028714991339747
            ],
            [
              78.085975016203,
              28.028912036228196
            ],
            [
              78.08505201341825,
              28.028900910312423
            ],
            [
              78.08357712255383,
              28.027732788218838
            ],
            [
              78.08199378886498,
              28.025953313307486
            ],
            [
              78.08130527331883,
              28.02474237224251
            ],
            [
              78.08062945635753,
              28.023984743190788
            ],
            [
              78.08000613604315,
              28.023646049252083
            ],
            [
              78.07845637778634,
              28.023522728740932
            ],
            [
              78.07725929272021,
              28.023455951647733
            ],
            [
              78.07559091103182,
              28.02338345465382
            ],
            [
              78.07389725703955,
              28.023676649985156
            ],
            [
              78.07293286976795,
              28.023804384895584
            ],
            [
              78.07108935971829,
              28.023625139658073
            ],
            [
              78.06932978735048,
              28.023098305046858
            ],
            [
              78.06768697620666,
              28.022642587959638
            ],
            [
              78.06637639259762,
              28.02229547526337
            ],
            [
              78.06529930808038,
              28.022090633355752
            ],
            [
              78.06417275513706,
              28.021275149949265
            ],
            [
              78.06269930157714,
              28.018764762145473
            ],
            [
              78.06181410708606,
              28.017586181735894
            ],
            [
              78.06041919502803,
              28.01634907996502
            ],
            [
              78.05799658333552,
              28.014262775004156
            ],
            [
              78.05528439432129,
              28.011859144959253
            ],
            [
              78.05418170242856,
              28.01078242435492
            ],
            [
              78.05321756129536,
              28.009637671683826
            ],
            [
              78.05312931709005,
              28.007736741745614
            ],
            [
              78.05338652990874,
              28.005090561088927
            ],
            [
              78.05330371062945,
              28.002841088240285
            ],
            [
              78.0528222513664,
              28.000970179181543
            ],
            [
              78.05974246178516,
              28.00028425222101
            ],
            [
              78.05991391064701,
              28.000267254731753
            ],
            [
              78.06008499928448,
              28.00026772825028
            ],
            [
              78.06158347721328,
              28.000119158341825
            ],
            [
              78.0626738028978,
              27.999433322730734
            ],
            [
              78.06343124527739,
              27.998948343707685
            ],
            [
              78.06441480529207,
              27.99842268918999
            ],
            [
              78.06514170225704,
              27.997858646909958
            ],
            [
              78.06536783875677,
              27.997549609634437
            ],
            [
              78.06619901575318,
              27.99703071814679
            ],
            [
              78.06619893400651,
              27.99652088636754
            ],
            [
              78.06606421276501,
              27.99447697895759
            ],
            [
              78.06615305434998,
              27.993567834965376
            ],
            [
              78.06689516697925,
              27.99251882912442
            ],
            [
              78.06743895944153,
              27.991029917224186
            ],
            [
              78.06777185891616,
              27.990062133371197
            ],
            [
              78.06781753285846,
              27.989696633061982
            ],
            [
              78.06716694957352,
              27.98930860735257
            ],
            [
              78.06596998039005,
              27.98874471172272
            ],
            [
              78.06441708611457,
              27.987995779746925
            ],
            [
              78.06178176324427,
              27.986743701694362
            ],
            [
              78.06099907012036,
              27.98618647830334
            ],
            [
              78.06059238033335,
              27.98546013285381
            ],
            [
              78.0603789145707,
              27.985112674260417
            ],
            [
              78.06010705831457,
              27.98472244974604
            ],
            [
              78.05978937809749,
              27.984372705714815
            ],
            [
              78.059527661126,
              27.984135840678658
            ],
            [
              78.05931924479357,
              27.98403661294681
            ],
            [
              78.05859243496518,
              27.98375228415519
            ],
            [
              78.05817063282016,
              27.983447721034473
            ],
            [
              78.05776151219196,
              27.983179301690615
            ],
            [
              78.05738289924918,
              27.982924385078373
            ],
            [
              78.05711091812724,
              27.98268298319287
            ],
            [
              78.0562075866506,
              27.982536112080588
            ],
            [
              78.05537025978771,
              27.982211411668885
            ],
            [
              78.05546182057307,
              27.981311288809025
            ],
            [
              78.05620383708256,
              27.980975157940396
            ],
            [
              78.05612760425092,
              27.979944255144087
            ],
            [
              78.0563412002693,
              27.979163696691845
            ],
            [
              78.05643010563465,
              27.978773381631132
            ],
            [
              78.05665880233295,
              27.978518460157456
            ],
            [
              78.05699173504523,
              27.978304200752873
            ],
            [
              78.05730939639771,
              27.978087644242322
            ],
            [
              78.05750509438235,
              27.977846271989815
            ],
            [
              78.05767277840484,
              27.977550753610974
            ],
            [
              78.05765753399447,
              27.977160449373233
            ],
            [
              78.05747714959047,
              27.976535556322172
            ],
            [
              78.05717475061468,
              27.97653552617532
            ],
            [
              78.05714428515016,
              27.976359604131524
            ],
            [
              78.05750770219163,
              27.97566029472836
            ],
            [
              78.05727897135735,
              27.97525865227034
            ],
            [
              78.0571595933409,
              27.974974401091625
            ],
            [
              78.05828021291175,
              27.97422320682588
            ],
            [
              78.0584911391371,
              27.973979632294373
            ],
            [
              78.0582649855694,
              27.97375173635683
            ],
            [
              78.0574468341446,
              27.973253176861682
            ],
            [
              78.05691572499579,
              27.972811013833674
            ],
            [
              78.05675055625606,
              27.97258542333207
            ],
            [
              78.05649399471598,
              27.97184546562634
            ],
            [
              78.05610022719435,
              27.97089118190708
            ],
            [
              78.05564540297947,
              27.969720291843768
            ],
            [
              78.05514751712316,
              27.968738928204058
            ],
            [
              78.05466222834204,
              27.96811175691655
            ],
            [
              78.05378560916864,
              27.96743947772046
            ],
            [
              78.05200716499336,
              27.965988730363033
            ],
            [
              78.05052316880521,
              27.967159430038485
            ],
            [
              78.04999224830264,
              27.966715037943324
            ],
            [
              78.04970505780462,
              27.96676907709732
            ],
            [
              78.0480714436127,
              27.965424458115407
            ],
            [
              78.04773866002071,
              27.965451489126803
            ],
            [
              78.04674003436041,
              27.96551678673621
            ],
            [
              78.04616331235475,
              27.965410708945043
            ],
            [
              78.04418932829826,
              27.96378163289083
            ],
            [
              78.04358725942853,
              27.963452212220588
            ],
            [
              78.04249737122359,
              27.962953522616466
            ],
            [
              78.04195113803866,
              27.962657838079963
            ],
            [
              78.0412677869071,
              27.962091529100814
            ],
            [
              78.04126300158156,
              27.96209549235441
            ],
            [
              78.04046987901721,
              27.96275239704535
            ],
            [
              78.03997172007304,
              27.963210285142782
            ],
            [
              78.03954742689972,
              27.96331623338663
            ],
            [
              78.03912315528598,
              27.963275550784
            ],
            [
              78.03824659719803,
              27.96308815465164
            ],
            [
              78.03753518629023,
              27.96290077564957
            ],
            [
              78.03718713313509,
              27.962846616336154
            ],
            [
              78.03679333776569,
              27.962887102327745
            ],
            [
              78.03629275516688,
              27.962925346841732
            ],
            [
              78.03588628726375,
              27.96276514682097
            ],
            [
              78.03474310291126,
              27.961968534868895
            ],
            [
              78.03442538586327,
              27.962399350090074
            ],
            [
              78.03407723658837,
              27.962654235862253
            ],
            [
              78.0338511683606,
              27.96277373500678
            ],
            [
              78.03344206030887,
              27.962827795176935
            ],
            [
              78.03313974128315,
              27.962798430797765
            ],
            [
              78.03301755333653,
              27.96340749584829
            ],
            [
              78.03276087860871,
              27.963743575930252
            ],
            [
              78.03221692355135,
              27.964481186702205
            ],
            [
              78.03120279566416,
              27.96558408292735
            ],
            [
              78.03067174760079,
              27.96565168216218
            ],
            [
              78.03017363267408,
              27.966215493041645
            ],
            [
              78.02967282280149,
              27.966995954767096
            ],
            [
              78.02911605597156,
              27.968078713391936
            ],
            [
              78.02844989410293,
              27.969395981282464
            ],
            [
              78.0281983442638,
              27.969635066062036
            ],
            [
              78.0281972617939,
              27.969634414689896
            ],
            [
              78.02789091472245,
              27.96945000322599
            ],
            [
              78.02668681111899,
              27.968508982165886
            ],
            [
              78.02630809576823,
              27.968817914644347
            ],
            [
              78.02582262642576,
              27.96946303386376
            ],
            [
              78.02555060757459,
              27.96981258981377
            ],
            [
              78.02518722377081,
              27.969988485245143
            ],
            [
              78.02476292161434,
              27.969771754156245
            ],
            [
              78.02384030510514,
              27.970351285030205
            ],
            [
              78.02275046540919,
              27.969798295351932
            ],
            [
              78.022720049352,
              27.969556899791066
            ],
            [
              78.0222678625908,
              27.969475517060943
            ],
            [
              78.02169101122773,
              27.969488895200353
            ],
            [
              78.02037513384673,
              27.96860198094761
            ],
            [
              78.01899242719846,
              27.969846826061698
            ],
            [
              78.01867480357527,
              27.9699143861303
            ],
            [
              78.01836975007782,
              27.970128547951806
            ],
            [
              78.01785661172624,
              27.9698735021147
            ],
            [
              78.01734087634526,
              27.969645508643747
            ],
            [
              78.01679697428848,
              27.96996787307195
            ],
            [
              78.01634230817709,
              27.969645150825475
            ],
            [
              78.0159332800754,
              27.969509661382613
            ],
            [
              78.01561058815734,
              27.969518571147827
            ],
            [
              78.01511733491293,
              27.970168151347732
            ],
            [
              78.01483025580602,
              27.97016804979447
            ],
            [
              78.01431162156157,
              27.970650571065303
            ],
            [
              78.01299826126001,
              27.970004920237216
            ],
            [
              78.01188240455679,
              27.970981362140776
            ],
            [
              78.01065716539132,
              27.97188333725393
            ],
            [
              78.0092946438875,
              27.973105485264494
            ],
            [
              78.00858283412772,
              27.973793249622524
            ],
            [
              78.00835605982412,
              27.975052035860482
            ],
            [
              78.00779395700141,
              27.976046683700506
            ],
            [
              78.00743025968558,
              27.976694004044077
            ],
            [
              78.00685566219558,
              27.977271282747868
            ],
            [
              78.00610557342492,
              27.97823647616678
            ],
            [
              78.00562018942236,
              27.978225050692977
            ],
            [
              78.00392536402698,
              27.9780077221162
            ],
            [
              78.00332059482153,
              27.977901413847537
            ],
            [
              78.00213929135826,
              27.977442992302326
            ],
            [
              78.00151070961124,
              27.977099704613444
            ],
            [
              78.00150670043013,
              27.97709751501209
            ],
            [
              78.00115623619678,
              27.976810864077958
            ],
            [
              78.00003869155915,
              27.9759103113735
            ],
            [
              77.99941653635966,
              27.97521064363774
            ],
            [
              77.99872081632495,
              27.974280874196587
            ],
            [
              77.99750558079849,
              27.97274801981257
            ],
            [
              77.99456508136151,
              27.971044258021116
            ],
            [
              77.99117733230416,
              27.970477613815433
            ],
            [
              77.98916317019828,
              27.972325086772074
            ],
            [
              77.98593600487945,
              27.973998415014083
            ],
            [
              77.98529071895975,
              27.97410133394642
            ],
            [
              77.98116652743919,
              27.972636259105
            ],
            [
              77.97644060212052,
              27.970798327906902
            ],
            [
              77.9757700025744,
              27.97136119395837
            ],
            [
              77.97364767881677,
              27.969937307861795
            ],
            [
              77.97308007111796,
              27.96966022282838
            ],
            [
              77.97385212459565,
              27.968352640001772
            ],
            [
              77.97418645059494,
              27.96757913989347
            ],
            [
              77.97229939830513,
              27.965983628701107
            ],
            [
              77.97278919123906,
              27.96554544661325
            ],
            [
              77.9723994409834,
              27.965326184316734
            ],
            [
              77.97195169998452,
              27.965376016659892
            ],
            [
              77.9714062357575,
              27.964837305332367
            ],
            [
              77.97177297027727,
              27.96427056823029
            ],
            [
              77.97083751324944,
              27.96352845566347
            ],
            [
              77.97212427533377,
              27.962449671751266
            ],
            [
              77.9699474957036,
              27.961088511823007
            ],
            [
              77.97004201014958,
              27.96077226220234
            ],
            [
              77.9709908960926,
              27.960133605323257
            ],
            [
              77.97005560435477,
              27.959383550300412
            ],
            [
              77.97157686086426,
              27.95817284427678
            ],
            [
              77.97156529325834,
              27.957783806153632
            ],
            [
              77.97128473502205,
              27.957446884677317
            ],
            [
              77.97046414287462,
              27.9573411536398
            ],
            [
              77.96940570019616,
              27.95647046869244
            ],
            [
              77.96927096278502,
              27.95596080461525
            ],
            [
              77.96965477966826,
              27.95544190584067
            ],
            [
              77.97140293714375,
              27.953464252293617
            ],
            [
              77.97316222744058,
              27.951899419390102
            ],
            [
              77.97499681093124,
              27.95009742566004
            ],
            [
              77.97557144704885,
              27.949382526841923
            ],
            [
              77.97554302165832,
              27.948929777784898
            ],
            [
              77.97274660839966,
              27.94721151077205
            ],
            [
              77.97277116384794,
              27.946799119256287
            ],
            [
              77.9731362957733,
              27.94632758612056
            ],
            [
              77.97289458697813,
              27.945800680018856
            ],
            [
              77.9747627728503,
              27.94412609166035
            ],
            [
              77.97428977122564,
              27.943532740241974
            ],
            [
              77.97186439811196,
              27.9420890281924
            ],
            [
              77.97053647701794,
              27.94131012516986
            ],
            [
              77.96916423394613,
              27.93995919894674
            ],
            [
              77.96864384708856,
              27.938984258091534
            ],
            [
              77.96863000584665,
              27.937634836064866
            ],
            [
              77.96861984230752,
              27.933856808378188
            ],
            [
              77.9684626065901,
              27.930330855009046
            ],
            [
              77.96848209374353,
              27.928029424376867
            ],
            [
              77.96685736478805,
              27.927929241837
            ],
            [
              77.96453944635202,
              27.928693203286294
            ],
            [
              77.96175976241892,
              27.929276588147847
            ],
            [
              77.95954873990843,
              27.930057721649817
            ],
            [
              77.95738560119585,
              27.930093380872265
            ],
            [
              77.95437229330511,
              27.92965771276761
            ],
            [
              77.95293320569468,
              27.930226476044265
            ],
            [
              77.95190248592422,
              27.930959234676145
            ],
            [
              77.9498082066714,
              27.931154415339506
            ],
            [
              77.94741465278342,
              27.93325053221738
            ],
            [
              77.94579669443024,
              27.934912191658192
            ],
            [
              77.94272044607911,
              27.93487979907784
            ],
            [
              77.93892416838337,
              27.938942160829637
            ],
            [
              77.94131638378161,
              27.94205693139261
            ],
            [
              77.94086404430682,
              27.94707633995202
            ],
            [
              77.94182647235276,
              27.955026413034325
            ],
            [
              77.93765035012396,
              27.958683985665363
            ],
            [
              77.93472228337055,
              27.96464184039534
            ],
            [
              77.93065779029052,
              27.962767543007402
            ],
            [
              77.93080972504949,
              27.963309206724517
            ],
            [
              77.93040837395021,
              27.96379603367614
            ],
            [
              77.93014372577592,
              27.96574495634201
            ],
            [
              77.93092284360499,
              27.967278916260327
            ],
            [
              77.93197113981233,
              27.96875288561329
            ],
            [
              77.93286021143219,
              27.971208884696328
            ],
            [
              77.93428817969601,
              27.97351315893015
            ],
            [
              77.93512049755283,
              27.975079516668675
            ],
            [
              77.93197547957347,
              27.972816384916985
            ],
            [
              77.92905771559803,
              27.974111649952285
            ],
            [
              77.92728704903642,
              27.975231373018044
            ],
            [
              77.93101204810935,
              27.977042064929723
            ],
            [
              77.93515998839104,
              27.979037580374957
            ],
            [
              77.93599424032068,
              27.981104127887285
            ],
            [
              77.93607561061744,
              27.98116709005607
            ],
            [
              77.93681990525451,
              27.981742990655672
            ],
            [
              77.9314406513994,
              27.984185486638246
            ],
            [
              77.92862352388862,
              27.985575813313616
            ],
            [
              77.92670620196701,
              27.986522013844642
            ],
            [
              77.92163976844326,
              27.985599220372155
            ],
            [
              77.91907381168257,
              27.98710736371854
            ],
            [
              77.91684820412513,
              27.989419359229654
            ],
            [
              77.91873486564776,
              27.99201369568604
            ],
            [
              77.91723090440246,
              27.993478616748384
            ],
            [
              77.9180299459662,
              27.995716062672354
            ],
            [
              77.91612005041706,
              27.998374774154332
            ],
            [
              77.9141185662348,
              27.998805298024326
            ],
            [
              77.91237959133814,
              27.99507084031735
            ],
            [
              77.90945385930614,
              27.996916688705365
            ],
            [
              77.90772588158516,
              27.996380010014875
            ],
            [
              77.90576582141559,
              27.99522603961642
            ],
            [
              77.90535419718273,
              27.994712693337423
            ],
            [
              77.90587460559986,
              27.99406879280762
            ],
            [
              77.90511137986648,
              27.99266195374817
            ],
            [
              77.90421166770211,
              27.99086443238312
            ],
            [
              77.90378591027488,
              27.990128677331402
            ],
            [
              77.90369460640773,
              27.98917512413595
            ],
            [
              77.90320942811938,
              27.98718465579126
            ],
            [
              77.90247701729521,
              27.987143233352107
            ],
            [
              77.90162798987578,
              27.986592344652486
            ],
            [
              77.89754733071392,
              27.98682405364046
            ],
            [
              77.8955118003824,
              27.986654224778412
            ],
            [
              77.89233783329468,
              27.985072472668996
            ],
            [
              77.89139707530832,
              27.984663163324413
            ],
            [
              77.88947440661411,
              27.985224895624956
            ],
            [
              77.88946384062976,
              27.985232334948677
            ],
            [
              77.88626081663585,
              27.987487505233034
            ],
            [
              77.88399442825946,
              27.988370946032457
            ],
            [
              77.88186195264079,
              27.98894207802741
            ],
            [
              77.87935976189219,
              27.990450430827924
            ],
            [
              77.87678738217721,
              27.99230041487907
            ],
            [
              77.874966048837,
              27.991590816779944
            ],
            [
              77.87265995312838,
              27.99101745714566
            ],
            [
              77.87125378607819,
              27.990484685908523
            ],
            [
              77.87063308525117,
              27.991047381797028
            ],
            [
              77.86942819921506,
              27.991916298035154
            ],
            [
              77.87160819301732,
              27.994229626118194
            ],
            [
              77.87269730687453,
              27.996385547287822
            ],
            [
              77.87288975385617,
              27.9996775639278
            ],
            [
              77.87279120417793,
              28.00038127824837
            ],
            [
              77.87278564360633,
              28.00043196925256
            ],
            [
              77.8727843958464,
              28.000431971632032
            ],
            [
              77.87278250668933,
              28.00044919514649
            ],
            [
              77.87268937115734,
              28.00129844305604
            ],
            [
              77.87220484324926,
              28.001779016645745
            ],
            [
              77.87133998392126,
              28.002549393920916
            ],
            [
              77.87112592616884,
              28.002405500384267
            ],
            [
              77.87058120395022,
              28.00281805532429
            ],
            [
              77.87027805308458,
              28.003028187670296
            ],
            [
              77.87003730818168,
              28.003181866160485
            ],
            [
              77.86991110656234,
              28.003388404871092
            ],
            [
              77.86959725496503,
              28.00388649984128
            ],
            [
              77.86879717315217,
              28.003342605763514
            ],
            [
              77.86850518565052,
              28.003267623800728
            ],
            [
              77.86810590157472,
              28.003230679274285
            ],
            [
              77.86758233737599,
              28.003184168651384
            ],
            [
              77.86705685707078,
              28.00325606931817
            ],
            [
              77.8662110941291,
              28.00334725911997
            ],
            [
              77.86554394770691,
              28.003385666157342
            ],
            [
              77.86517217633335,
              28.003300424152723
            ],
            [
              77.86466583104196,
              28.00329361503683
            ],
            [
              77.8640566591933,
              28.003056714641755
            ],
            [
              77.86387049413044,
              28.003030522683336
            ],
            [
              77.8635631490307,
              28.003334051740595
            ],
            [
              77.86261975718396,
              28.003423816996758
            ],
            [
              77.86241431876668,
              28.003484219358423
            ],
            [
              77.86207517061095,
              28.00357835230592
            ],
            [
              77.86183095910938,
              28.003571114912496
            ],
            [
              77.8614853134392,
              28.003258795344948
            ],
            [
              77.86133216056473,
              28.00338297503195
            ],
            [
              77.86106045342893,
              28.00368302994412
            ],
            [
              77.86051208764353,
              28.004058316909497
            ],
            [
              77.85995394818782,
              28.004484703301024
            ],
            [
              77.85943640090487,
              28.00487224370401
            ],
            [
              77.85924811042807,
              28.00497620785556
            ],
            [
              77.85874626120469,
              28.00522587416617
            ],
            [
              77.85814223131271,
              28.005474159067543
            ],
            [
              77.85770867201725,
              28.005626135197456
            ],
            [
              77.85714920934312,
              28.005863174291008
            ],
            [
              77.85669439411141,
              28.00596353830136
            ],
            [
              77.85593124473482,
              28.006170186681754
            ],
            [
              77.8556469513036,
              28.005905967188482
            ],
            [
              77.85517862541,
              28.005497227106314
            ],
            [
              77.85508924393754,
              28.005527602990696
            ],
            [
              77.85483146697689,
              28.00579239683962
            ],
            [
              77.85482989672178,
              28.005793477072697
            ],
            [
              77.85481215858817,
              28.005805507156666
            ],
            [
              77.85453484865995,
              28.005993588874595
            ],
            [
              77.85361247289927,
              28.006671460290665
            ],
            [
              77.85273273028365,
              28.00745640612637
            ],
            [
              77.85229961026437,
              28.0078410251345
            ],
            [
              77.85193647888718,
              28.008029469713644
            ],
            [
              77.85144731657059,
              28.0077980030044
            ],
            [
              77.85129476107576,
              28.00788664863925
            ],
            [
              77.85090599627195,
              28.00801947260944
            ],
            [
              77.85039468239874,
              28.0083005673503
            ],
            [
              77.85000218689154,
              28.00865028925726
            ],
            [
              77.84926403942593,
              28.009464765869716
            ],
            [
              77.84869494591366,
              28.010265737143943
            ],
            [
              77.84811847723293,
              28.01123627396461
            ],
            [
              77.84763637836936,
              28.012145011927768
            ],
            [
              77.84707357575904,
              28.013095989012243
            ],
            [
              77.84690440592306,
              28.013373811793294
            ],
            [
              77.84656319343881,
              28.013837975376592
            ],
            [
              77.84618710296532,
              28.014518982349287
            ],
            [
              77.84576986426194,
              28.015270308210518
            ],
            [
              77.84549140538846,
              28.015460160146826
            ],
            [
              77.84458160963503,
              28.015581214630746
            ],
            [
              77.84374825242743,
              28.015631046746755
            ],
            [
              77.84313366643252,
              28.015694954680896
            ],
            [
              77.84225635555636,
              28.015749782955346
            ],
            [
              77.84157995738512,
              28.01576840930405
            ],
            [
              77.8411235925595,
              28.015739985623124
            ],
            [
              77.84096475604426,
              28.01514867286171
            ],
            [
              77.8408564614418,
              28.014530226331033
            ],
            [
              77.84083135622456,
              28.014168697390733
            ],
            [
              77.84085500167944,
              28.013524226334344
            ],
            [
              77.84087912413978,
              28.012852032810937
            ],
            [
              77.84090533518315,
              28.01242445423957
            ],
            [
              77.84046695822282,
              28.01207392295942
            ],
            [
              77.84001501580336,
              28.011784260128294
            ],
            [
              77.8398238013103,
              28.011259248771903
            ],
            [
              77.83970232932096,
              28.010679548370234
            ],
            [
              77.83950910260165,
              28.010271200739055
            ],
            [
              77.83941807272065,
              28.0101032313469
            ],
            [
              77.8386932571522,
              28.009309656871302
            ],
            [
              77.838436119792,
              28.00897829497431
            ],
            [
              77.83826904482727,
              28.008864837312263
            ],
            [
              77.83788455780082,
              28.008659542373678
            ],
            [
              77.83744904556794,
              28.008503497147647
            ],
            [
              77.83721873459706,
              28.00843370487897
            ],
            [
              77.83698259535664,
              28.008336012757916
            ],
            [
              77.83659964355104,
              28.00803616908159
            ],
            [
              77.83554844668366,
              28.008738896915013
            ],
            [
              77.83495699230731,
              28.008197220270166
            ],
            [
              77.8345678394313,
              28.007897379379934
            ],
            [
              77.83328328899918,
              28.00689608166971
            ],
            [
              77.83276222032035,
              28.00725447684992
            ],
            [
              77.83227446566376,
              28.00764839578261
            ],
            [
              77.83192243027695,
              28.007893136256435
            ],
            [
              77.83136777897953,
              28.007878950739926
            ],
            [
              77.83105823210903,
              28.007809076376482
            ],
            [
              77.83075761359413,
              28.007653938028266
            ],
            [
              77.83039028618627,
              28.00749788737994
            ],
            [
              77.82983216200192,
              28.00725475999088
            ],
            [
              77.82939087988994,
              28.007104215348164
            ],
            [
              77.82842039305758,
              28.00674931016997
            ],
            [
              77.82742113228836,
              28.00634800639518
            ],
            [
              77.82682691379591,
              28.006057365317375
            ],
            [
              77.82668773241906,
              28.005976685081187
            ],
            [
              77.82645122576766,
              28.00596031822836
            ],
            [
              77.82615853308855,
              28.005772318937154
            ],
            [
              77.82600102338495,
              28.00589502686524
            ],
            [
              77.82565707642894,
              28.00568006602305
            ],
            [
              77.82513739474888,
              28.005350961301374
            ],
            [
              77.82472707486983,
              28.005121958636327
            ],
            [
              77.82406110434235,
              28.0046989400206
            ],
            [
              77.82382608799604,
              28.00459720430096
            ],
            [
              77.82326971013663,
              28.0042610691048
            ],
            [
              77.82269099656598,
              28.003924626709246
            ],
            [
              77.82190604058589,
              28.003539445659502
            ],
            [
              77.8213648182036,
              28.00317716203582
            ],
            [
              77.8209620720207,
              28.002941735045617
            ],
            [
              77.82049296728776,
              28.002685655619192
            ],
            [
              77.82013414423066,
              28.002470567815177
            ],
            [
              77.81999474276654,
              28.002402916309304
            ],
            [
              77.81975193443348,
              28.00232732534792
            ],
            [
              77.81961230389898,
              28.002272798775728
            ],
            [
              77.81937522232582,
              28.00229589208755
            ],
            [
              77.81921140914388,
              28.002352770331875
            ],
            [
              77.81870424458894,
              28.00258883312598
            ],
            [
              77.81788905041809,
              28.003090132916025
            ],
            [
              77.81753137271298,
              28.00323634071841
            ],
            [
              77.81700827563819,
              28.003531397675093
            ],
            [
              77.81667960183867,
              28.003710873057287
            ],
            [
              77.81648206859592,
              28.004010405172934
            ],
            [
              77.81619695859607,
              28.004236384393998
            ],
            [
              77.81618536943061,
              28.004248290922956
            ],
            [
              77.81596343075819,
              28.00447629292572
            ],
            [
              77.8149871354192,
              28.005303867852867
            ],
            [
              77.81480553200139,
              28.005537877919753
            ],
            [
              77.8143406574351,
              28.00588633662799
            ],
            [
              77.81374587480063,
              28.006476033900874
            ],
            [
              77.81341454827609,
              28.006806588172648
            ],
            [
              77.81294897482053,
              28.007194419226614
            ],
            [
              77.81207961313632,
              28.007826324091084
            ],
            [
              77.81176341334283,
              28.008137344000513
            ],
            [
              77.81138517679416,
              28.00861176037285
            ],
            [
              77.81109132259337,
              28.008916567251088
            ],
            [
              77.8105145314174,
              28.00931598578344
            ],
            [
              77.81000663114227,
              28.00959148820276
            ],
            [
              77.80971462567433,
              28.009784490006105
            ],
            [
              77.80956511726498,
              28.00987442436794
            ],
            [
              77.80840404206529,
              28.010686275331356
            ],
            [
              77.80793831320122,
              28.011087217159822
            ],
            [
              77.80724018657983,
              28.01165581066865
            ],
            [
              77.80661576223594,
              28.012245068716663
            ],
            [
              77.80645764976279,
              28.01240052561279
            ],
            [
              77.80568417694695,
              28.013046845693424
            ],
            [
              77.80539029759335,
              28.013351640020915
            ],
            [
              77.80505593296651,
              28.013852901622514
            ],
            [
              77.80434247928976,
              28.01487454633417
            ],
            [
              77.80399481420679,
              28.01529023604171
            ],
            [
              77.80376031888336,
              28.015582719047725
            ],
            [
              77.80373895514927,
              28.01557180825717
            ],
            [
              77.8028876442124,
              28.01513701972875
            ],
            [
              77.80216149374745,
              28.014772207985313
            ],
            [
              77.80117681173694,
              28.01438407430335
            ],
            [
              77.8007645416154,
              28.01426672127219
            ],
            [
              77.79995793084704,
              28.013848177344165
            ],
            [
              77.79955393241262,
              28.013678327622813
            ],
            [
              77.79944901367904,
              28.013755740218087
            ],
            [
              77.79896557183415,
              28.013479662374582
            ],
            [
              77.79884597732374,
              28.013550353089226
            ],
            [
              77.79837022865097,
              28.013254639950045
            ],
            [
              77.79836518011908,
              28.013259343634672
            ],
            [
              77.7980993919827,
              28.013507131800782
            ],
            [
              77.79771838413133,
              28.013712097894892
            ],
            [
              77.79735354236185,
              28.013845031261766
            ],
            [
              77.79670909816355,
              28.01388199593985
            ],
            [
              77.79615442440821,
              28.013867778696458
            ],
            [
              77.79577665498346,
              28.013888794076653
            ],
            [
              77.79496407401176,
              28.01423227310726
            ],
            [
              77.79420585458944,
              28.01443199173569
            ],
            [
              77.79278012223236,
              28.014721035205643
            ],
            [
              77.79274065924193,
              28.0148584798154
            ],
            [
              77.79224618698366,
              28.014785868383665
            ],
            [
              77.79145745268947,
              28.015037665100795
            ],
            [
              77.79093668135297,
              28.015194672350656
            ],
            [
              77.79091129855631,
              28.015378310857283
            ],
            [
              77.78990231981233,
              28.01510802329612
            ],
            [
              77.78981090724902,
              28.015257873140474
            ],
            [
              77.78971309239267,
              28.015348507162383
            ],
            [
              77.78915957387082,
              28.015268545253925
            ],
            [
              77.78901587666302,
              28.015444016789413
            ],
            [
              77.78842201659833,
              28.015344303191988
            ],
            [
              77.78841836943829,
              28.015343690162513
            ],
            [
              77.7884180235869,
              28.015343786914915
            ],
            [
              77.78767467128255,
              28.015550108009478
            ],
            [
              77.78758055928184,
              28.015437152927504
            ],
            [
              77.7874632958996,
              28.01536978237473
            ],
            [
              77.78682745037517,
              28.015341181737895
            ],
            [
              77.78639132459294,
              28.015315454322963
            ],
            [
              77.78638802238598,
              28.015343085856614
            ],
            [
              77.78638270256283,
              28.01538759035945
            ],
            [
              77.78637855414286,
              28.015387531673603
            ],
            [
              77.78589441340871,
              28.01538078200758
            ],
            [
              77.78569527218156,
              28.015345135896954
            ],
            [
              77.78549682894541,
              28.015270112326448
            ],
            [
              77.78526834155457,
              28.015220927967928
            ],
            [
              77.78480752378013,
              28.014918864662572
            ],
            [
              77.78435021213025,
              28.015254117241494
            ],
            [
              77.78390756278242,
              28.01476179435915
            ],
            [
              77.78354830044914,
              28.014993288135198
            ],
            [
              77.78327218707689,
              28.014706928307955
            ],
            [
              77.78296951591159,
              28.01466983305857
            ],
            [
              77.78274184329273,
              28.014574748617076
            ],
            [
              77.7818017150254,
              28.014594396627533
            ],
            [
              77.78124855493132,
              28.014908651693645
            ],
            [
              77.78050313380687,
              28.014385738935047
            ],
            [
              77.77996884731691,
              28.014056376102335
            ],
            [
              77.77960213525499,
              28.013873867835684
            ],
            [
              77.77941057491054,
              28.013825282395494
            ],
            [
              77.77923670868225,
              28.01361911898858
            ],
            [
              77.77868436425844,
              28.013887380838263
            ],
            [
              77.77812280761142,
              28.01426054491855
            ],
            [
              77.77766105379243,
              28.01443146435141
            ],
            [
              77.77765060279243,
              28.01445558682639
            ],
            [
              77.77732155619205,
              28.015215103784676
            ],
            [
              77.77694257224505,
              28.01613618128756
            ],
            [
              77.77670264211412,
              28.01673070203325
            ],
            [
              77.77690864467341,
              28.01679932394736
            ],
            [
              77.7770252181495,
              28.016899469197803
            ],
            [
              77.77704476998167,
              28.01705086614902
            ],
            [
              77.77724810184958,
              28.01726396127764
            ],
            [
              77.77721210006794,
              28.01762482874427
            ],
            [
              77.77678267661605,
              28.018472942031625
            ],
            [
              77.77731218586533,
              28.0190717139705
            ],
            [
              77.7777858064292,
              28.01948571023435
            ],
            [
              77.77819457042621,
              28.01980019289685
            ],
            [
              77.77851505428526,
              28.020087274306583
            ],
            [
              77.77885498128036,
              28.020532172809904
            ],
            [
              77.77875493141559,
              28.02116151729874
            ],
            [
              77.77877460182536,
              28.021306395279108
            ],
            [
              77.77903605738712,
              28.02157942694382
            ],
            [
              77.77940254127697,
              28.022195464291052
            ],
            [
              77.78010582871964,
              28.02342730399324
            ],
            [
              77.78053765067335,
              28.02411668929358
            ],
            [
              77.78105496259771,
              28.024991164066346
            ],
            [
              77.78057000259999,
              28.02562825683119
            ],
            [
              77.78077286105577,
              28.0267085821097
            ],
            [
              77.78073395142755,
              28.027233655322135
            ],
            [
              77.78065416306403,
              28.027561036673692
            ],
            [
              77.78059196461206,
              28.027731027845206
            ],
            [
              77.7807925233807,
              28.0281017143214
            ],
            [
              77.78050797662456,
              28.02912270920306
            ],
            [
              77.78044530925202,
              28.02931895008729
            ],
            [
              77.78044274366357,
              28.02946351497557
            ],
            [
              77.78063001455254,
              28.029755150672536
            ],
            [
              77.78081811458651,
              28.0299943743439
            ],
            [
              77.78071933673617,
              28.030557995390996
            ],
            [
              77.7810124866578,
              28.030719728919262
            ],
            [
              77.780626955789,
              28.03159470827064
            ],
            [
              77.7802524795881,
              28.03268008485333
            ],
            [
              77.77975219163669,
              28.034184188161184
            ],
            [
              77.77937167157054,
              28.033995249380798
            ],
            [
              77.77908901486977,
              28.033772513790012
            ],
            [
              77.77826309032281,
              28.034635725319596
            ],
            [
              77.7778030558793,
              28.03503756513142
            ],
            [
              77.77746654338061,
              28.035481345693665
            ],
            [
              77.77696886862834,
              28.03513073724574
            ],
            [
              77.77664529276808,
              28.034840955664972
            ],
            [
              77.77708340382706,
              28.0344386266853
            ],
            [
              77.77729299605423,
              28.034149789186777
            ],
            [
              77.77745629629814,
              28.034002976336698
            ],
            [
              77.77701226623972,
              28.033510445021964
            ],
            [
              77.77640908884895,
              28.032931402025287
            ],
            [
              77.77593745176522,
              28.033171214912723
            ],
            [
              77.77576703686425,
              28.033304982985
            ],
            [
              77.77514956458234,
              28.033529713733298
            ],
            [
              77.77494411987688,
              28.033585226727812
            ],
            [
              77.77440537055656,
              28.033078415360706
            ],
            [
              77.77454616530767,
              28.032963697765727
            ],
            [
              77.77413038457,
              28.032529945260485
            ],
            [
              77.77370203999477,
              28.032796249836608
            ],
            [
              77.77333095493405,
              28.032304822303953
            ],
            [
              77.77290210999719,
              28.031780080696496
            ],
            [
              77.77253090366392,
              28.031301593184704
            ],
            [
              77.77236891675696,
              28.03096219514602
            ],
            [
              77.77223308789273,
              28.03079824413312
            ],
            [
              77.77183099658167,
              28.030410030254455
            ],
            [
              77.77147057272673,
              28.03014560935724
            ],
            [
              77.77139180395103,
              28.030060222015234
            ],
            [
              77.77154729963178,
              28.02993919411972
            ],
            [
              77.77136900021755,
              28.029696792195665
            ],
            [
              77.77115679568956,
              28.029719704385922
            ],
            [
              77.77100187762557,
              28.029808330388832
            ],
            [
              77.7707459655674,
              28.029415736655544
            ],
            [
              77.770915122827,
              28.0293467746784
            ],
            [
              77.77064501559072,
              28.02852605405829
            ],
            [
              77.76990793801865,
              28.028496241315644
            ],
            [
              77.76971667591488,
              28.028162944963842
            ],
            [
              77.76943005584708,
              28.028262664927382
            ],
            [
              77.76928972372833,
              28.02835149512697
            ],
            [
              77.7688427966031,
              28.02843592514098
            ],
            [
              77.76847499218981,
              28.028579856851458
            ],
            [
              77.76780069158472,
              28.028719573027022
            ],
            [
              77.76742622526528,
              28.02883099963363
            ],
            [
              77.76709665584544,
              28.02888475786903
            ],
            [
              77.76678775666025,
              28.029003531795574
            ],
            [
              77.76645860136371,
              28.028622846097306
            ],
            [
              77.766268265423,
              28.02824411369233
            ],
            [
              77.76607597115499,
              28.02796909908796
            ],
            [
              77.76594716262468,
              28.02781818612998
            ],
            [
              77.76567437122237,
              28.027554983198876
            ],
            [
              77.76535737641984,
              28.027310621248244
            ],
            [
              77.76510419703683,
              28.027177422210677
            ],
            [
              77.7648519483084,
              28.026992268645497
            ],
            [
              77.7647223321927,
              28.02688669937107
            ],
            [
              77.76452679859973,
              28.02679323782241
            ],
            [
              77.76434653456998,
              28.026667489673986
            ],
            [
              77.76409650288369,
              28.026352731293777
            ],
            [
              77.76392637724025,
              28.02606507820559
            ],
            [
              77.7631918535785,
              28.024667195037154
            ],
            [
              77.76305917510601,
              28.024328194774007
            ],
            [
              77.7630137598785,
              28.02400979766601
            ],
            [
              77.76257489423462,
              28.024049060106492
            ],
            [
              77.76218546737243,
              28.02377126169677
            ],
            [
              77.76186267484307,
              28.023857421641974
            ],
            [
              77.7613211506269,
              28.023921124860134
            ],
            [
              77.76082992308343,
              28.024024464780705
            ],
            [
              77.75980160989961,
              28.02435361077091
            ],
            [
              77.75959664040293,
              28.024383128084292
            ],
            [
              77.75944250656816,
              28.024017840155295
            ],
            [
              77.75928032113349,
              28.023697884695387
            ],
            [
              77.75917786827536,
              28.023300916724743
            ],
            [
              77.75904706009524,
              28.02285819216588
            ],
            [
              77.75895137155119,
              28.022493727747037
            ],
            [
              77.7588487228603,
              28.022242478190556
            ],
            [
              77.75883951423032,
              28.022219937119434
            ],
            [
              77.75883791792408,
              28.022220431952515
            ],
            [
              77.75851588177616,
              28.022344906978635
            ],
            [
              77.75837659529641,
              28.02237535106745
            ],
            [
              77.7582470303847,
              28.022380976613295
            ],
            [
              77.75815004557165,
              28.022385189031958
            ],
            [
              77.75775214939297,
              28.02258054611092
            ],
            [
              77.75741875764159,
              28.02284815123737
            ],
            [
              77.75680399557689,
              28.023332220148188
            ],
            [
              77.75603397319006,
              28.023917837919946
            ],
            [
              77.75523256276891,
              28.024626219183755
            ],
            [
              77.75478157705524,
              28.024931083029056
            ],
            [
              77.75393010262499,
              28.02558035706912
            ],
            [
              77.75347128809364,
              28.02591751606707
            ],
            [
              77.75233888442288,
              28.026757353634817
            ],
            [
              77.7520699872173,
              28.027090677335227
            ],
            [
              77.75191436038256,
              28.02721811083258
            ],
            [
              77.75057067026202,
              28.028431000884655
            ],
            [
              77.74935341711941,
              28.029515940742467
            ],
            [
              77.74911681434833,
              28.029681151322375
            ],
            [
              77.74873002224487,
              28.030155073928253
            ],
            [
              77.7483955210741,
              28.030458110243597
            ],
            [
              77.74809056010314,
              28.03059829498723
            ],
            [
              77.74786187059135,
              28.03078344789954
            ],
            [
              77.74751625995546,
              28.030968777318346
            ],
            [
              77.74703854037895,
              28.0312218239143
            ],
            [
              77.74663191616897,
              28.031456782307128
            ],
            [
              77.7463880047047,
              28.031619404154892
            ],
            [
              77.74639985438161,
              28.031633396240146
            ],
            [
              77.74661707330552,
              28.03188991510174
            ],
            [
              77.74684101162775,
              28.03210636666353
            ],
            [
              77.74696326874465,
              28.03228676496658
            ],
            [
              77.74711095177739,
              28.032503237139153
            ],
            [
              77.74726366717232,
              28.03267011065379
            ],
            [
              77.7473961632868,
              28.03289104938399
            ],
            [
              77.74741158107206,
              28.03314374574618
            ],
            [
              77.74735584599854,
              28.03331978204357
            ],
            [
              77.74730525557669,
              28.033595046223546
            ],
            [
              77.74717328407831,
              28.033838857100864
            ],
            [
              77.7471379847792,
              28.034172820158897
            ],
            [
              77.7471026190048,
              28.034366864189376
            ],
            [
              77.74704688393129,
              28.0345428992787
            ],
            [
              77.7469553842314,
              28.03464222639038
            ],
            [
              77.74678772985331,
              28.034804737174383
            ],
            [
              77.74655393970734,
              28.03492224225748
            ],
            [
              77.74637609843394,
              28.035075795148682
            ],
            [
              77.74622362019424,
              28.035211345684697
            ],
            [
              77.74603566658563,
              28.035391930665288
            ],
            [
              77.74586803017385,
              28.035559032813733
            ],
            [
              77.74565971984262,
              28.03576677965451
            ],
            [
              77.74544626755468,
              28.035938372210104
            ],
            [
              77.74526835621266,
              28.03607842691503
            ],
            [
              77.74512112503254,
              28.036249949198552
            ],
            [
              77.74497381659732,
              28.03644864616655
            ],
            [
              77.74493836817788,
              28.03658402132882
            ],
            [
              77.74495380482774,
              28.036778049910406
            ],
            [
              77.7450353170583,
              28.03696301061714
            ],
            [
              77.7451320835807,
              28.037156909273914
            ],
            [
              77.74517798659342,
              28.037296837115946
            ],
            [
              77.74530028503283,
              28.037463646901315
            ],
            [
              77.74537666428984,
              28.037571873077315
            ],
            [
              77.74577361903411,
              28.037914539952727
            ],
            [
              77.74603830763257,
              28.038103845299563
            ],
            [
              77.7459570990326,
              28.03829797104353
            ],
            [
              77.74588097669371,
              28.038410825227842
            ],
            [
              77.74567770321627,
              28.038654633121546
            ],
            [
              77.74553562656925,
              28.038907387306917
            ],
            [
              77.74532734678075,
              28.039164802221602
            ],
            [
              77.74514955671128,
              28.039372430304518
            ],
            [
              77.74490060929156,
              28.039629817148757
            ],
            [
              77.74472789380515,
              28.039860102232016
            ],
            [
              77.74454500040656,
              28.04004075631825
            ],
            [
              77.74445865344312,
              28.040158146266815
            ],
            [
              77.74433679787315,
              28.040356744044214
            ],
            [
              77.74414873916169,
              28.040496743839643
            ],
            [
              77.74389956895975,
              28.040582719135408
            ],
            [
              77.74378783201311,
              28.04071361337043
            ],
            [
              77.74369645717906,
              28.040840020626003
            ],
            [
              77.74342202635134,
              28.04109291318497
            ],
            [
              77.74323912756287,
              28.04133673006456
            ],
            [
              77.74309194309512,
              28.041562508053747
            ],
            [
              77.74294461220201,
              28.04177919625007
            ],
            [
              77.7428023307391,
              28.041928200251476
            ],
            [
              77.74266014359932,
              28.042117783963324
            ],
            [
              77.7425534722526,
              28.042311914356855
            ],
            [
              77.7425078926334,
              28.04242924077731
            ],
            [
              77.74240632012422,
              28.042650433793746
            ],
            [
              77.742269229127,
              28.042867173712285
            ],
            [
              77.74228968556268,
              28.0429663432903
            ],
            [
              77.74239143144669,
              28.04305656865702
            ],
            [
              77.74266622519377,
              28.043173673853705
            ],
            [
              77.74246332361888,
              28.04375139000651
            ],
            [
              77.7443007296162,
              28.04521200708747
            ],
            [
              77.74433153105063,
              28.045500723710827
            ],
            [
              77.74441857510672,
              28.04609632937164
            ],
            [
              77.74459189875259,
              28.046538369260038
            ],
            [
              77.74467895987665,
              28.047115887370147
            ],
            [
              77.74486764291724,
              28.04769328662815
            ],
            [
              77.74514307356989,
              28.04848720683432
            ],
            [
              77.74519439522037,
              28.048929348680925
            ],
            [
              77.74519604273061,
              28.04892899905396
            ],
            [
              77.74553502110477,
              28.0488569742921
            ],
            [
              77.74571810943776,
              28.04879815287136
            ],
            [
              77.74589080516122,
              28.04860395094036
            ],
            [
              77.74617530161173,
              28.048269859056717
            ],
            [
              77.74647514128725,
              28.04796279072132
            ],
            [
              77.74680537456213,
              28.04762861201465
            ],
            [
              77.74696289055392,
              28.047484137337317
            ],
            [
              77.74722716682568,
              28.047289855337294
            ],
            [
              77.74771015861458,
              28.047086462709725
            ],
            [
              77.74805076383772,
              28.046905748310117
            ],
            [
              77.74859988241133,
              28.04670219004927
            ],
            [
              77.74873199764019,
              28.046611886080054
            ],
            [
              77.74936311173799,
              28.046055291116694
            ],
            [
              77.7498033697705,
              28.04582246004843
            ],
            [
              77.75012899199302,
              28.045542466210275
            ],
            [
              77.75057272830233,
              28.04511624083354
            ],
            [
              77.75090182700498,
              28.044642762309703
            ],
            [
              77.75151590455344,
              28.044013937282998
            ],
            [
              77.75203117640376,
              28.043884619269836
            ],
            [
              77.7526733945768,
              28.04382540267245
            ],
            [
              77.75303401336613,
              28.043739430761306
            ],
            [
              77.75389277493,
              28.043762962343006
            ],
            [
              77.75407103841161,
              28.04383378777442
            ],
            [
              77.75425906478371,
              28.044075425265124
            ],
            [
              77.75497876085336,
              28.043983233713668
            ],
            [
              77.75553496533794,
              28.043717870975712
            ],
            [
              77.75588781819168,
              28.044064293781695
            ],
            [
              77.75622400100863,
              28.0439097563246
            ],
            [
              77.75647392669373,
              28.0442774908244
            ],
            [
              77.75697779532985,
              28.044068306348603
            ],
            [
              77.75678061332837,
              28.043621534129414
            ],
            [
              77.75724650478752,
              28.04338904426618
            ],
            [
              77.75765019420149,
              28.04304183198708
            ],
            [
              77.75768952513958,
              28.042279730043457
            ],
            [
              77.7580998423237,
              28.041568311782815
            ],
            [
              77.75836078674406,
              28.041321539642507
            ],
            [
              77.75988824522226,
              28.03980630032157
            ],
            [
              77.75993590444133,
              28.039294676164864
            ],
            [
              77.760410829359,
              28.039267222040536
            ],
            [
              77.76080564431625,
              28.03870357128769
            ],
            [
              77.76140090575277,
              28.038404585243082
            ],
            [
              77.76197233668141,
              28.038720015622907
            ],
            [
              77.76263081076782,
              28.039184667749357
            ],
            [
              77.76374242742287,
              28.03868802766207
            ],
            [
              77.76435254429923,
              28.03827539606944
            ],
            [
              77.76407665101424,
              28.03792998061492
            ],
            [
              77.76455645198727,
              28.037629450252965
            ],
            [
              77.76494840581034,
              28.037942252110145
            ],
            [
              77.76507739220703,
              28.03789852999602
            ],
            [
              77.76611171601843,
              28.037423645624052
            ],
            [
              77.76640989830227,
              28.037245690108485
            ],
            [
              77.76740245494456,
              28.036235144199818
            ],
            [
              77.76778585141624,
              28.036308748144403
            ],
            [
              77.76822776594217,
              28.03597342713424
            ],
            [
              77.76842352680887,
              28.0357826432416
            ],
            [
              77.76892040116219,
              28.03524326569639
            ],
            [
              77.76943216688798,
              28.035307376072115
            ],
            [
              77.77032752940974,
              28.035433792851514
            ],
            [
              77.77140176536922,
              28.035596777389014
            ],
            [
              77.77230894433026,
              28.035780270086548
            ],
            [
              77.7733176284268,
              28.036022103277208
            ],
            [
              77.77409654143999,
              28.036203788233298
            ],
            [
              77.77447831824924,
              28.036368519150425
            ],
            [
              77.77538574604357,
              28.036538594728814
            ],
            [
              77.77579419742686,
              28.03664668307865
            ],
            [
              77.77657453426978,
              28.036748592291975
            ],
            [
              77.77741941416753,
              28.036828725368196
            ],
            [
              77.77862123515185,
              28.037027597289484
            ],
            [
              77.78012609471243,
              28.037310203665218
            ],
            [
              77.780569387254,
              28.037396915723622
            ],
            [
              77.78101827180822,
              28.037419255393772
            ],
            [
              77.78109425041666,
              28.037231004973314
            ],
            [
              77.78145262611271,
              28.037239959885092
            ],
            [
              77.78185123735038,
              28.036841567079815
            ],
            [
              77.78255160257343,
              28.036575459638843
            ],
            [
              77.78348538603993,
              28.03733747592416
            ],
            [
              77.78437632705386,
              28.038006893696608
            ],
            [
              77.78519457729334,
              28.038609649030466
            ],
            [
              77.7859995683992,
              28.03912022271123
            ],
            [
              77.78629181641229,
              28.039334447605402
            ],
            [
              77.78656238268768,
              28.03910171933481
            ],
            [
              77.78711765292434,
              28.039503684391395
            ],
            [
              77.78781502406255,
              28.040249246937638
            ],
            [
              77.78816157074297,
              28.04074020210963
            ],
            [
              77.7886396316793,
              28.041325070252306
            ],
            [
              77.78910324141766,
              28.04189651532301
            ],
            [
              77.78943384120512,
              28.042452977201627
            ],
            [
              77.78964725576384,
              28.0429421661552
            ],
            [
              77.78971565169293,
              28.043258387969377
            ],
            [
              77.78986332214924,
              28.044955499375046
            ],
            [
              77.79011196504007,
              28.045957556231926
            ],
            [
              77.7901080160461,
              28.046180962695676
            ],
            [
              77.79007610698888,
              28.046311895309195
            ],
            [
              77.79045846860134,
              28.047289554066854
            ],
            [
              77.79077910966564,
              28.048410856212374
            ],
            [
              77.79089374996721,
              28.048622691317128
            ],
            [
              77.7910974905686,
              28.04882263471306
            ],
            [
              77.79152338274314,
              28.049012540042927
            ],
            [
              77.79241757026853,
              28.04951109067745
            ],
            [
              77.79318843437676,
              28.050283898022073
            ],
            [
              77.79390069509081,
              28.05102962922945
            ],
            [
              77.79484365664453,
              28.05212017368855
            ],
            [
              77.79551307221112,
              28.05277330937823
            ],
            [
              77.79632938927612,
              28.05349421434066
            ],
            [
              77.79666267143304,
              28.053866021814652
            ],
            [
              77.79666329396555,
              28.053866717072626
            ],
            [
              77.7970050705918,
              28.053792686741513
            ],
            [
              77.7977577384256,
              28.053921371310086
            ],
            [
              77.79886500274316,
              28.054094352371212
            ],
            [
              77.79948359342757,
              28.05427377516646
            ],
            [
              77.8000864662895,
              28.05450549233668
            ],
            [
              77.80077903683083,
              28.054685934731044
            ],
            [
              77.8015573749222,
              28.05503841377179
            ],
            [
              77.8023647223091,
              28.05543058421155
            ],
            [
              77.80295050202778,
              28.055793427658916
            ],
            [
              77.80304154179025,
              28.055918810393333
            ],
            [
              77.80307012977583,
              28.056247138994333
            ],
            [
              77.80323165764369,
              28.056630920921307
            ],
            [
              77.80334990737612,
              28.05734571016659
            ],
            [
              77.80323687775382,
              28.05739390733372
            ],
            [
              77.80294678659574,
              28.05795386110032
            ],
            [
              77.80266271325178,
              28.05816549269604
            ],
            [
              77.80283817309137,
              28.05987634297538
            ],
            [
              77.80280177066113,
              28.060887542702044
            ],
            [
              77.80266049441302,
              28.06148269531196
            ],
            [
              77.80364368791508,
              28.061894361916504
            ],
            [
              77.80410317079301,
              28.06233192623929
            ],
            [
              77.80347768014887,
              28.067083488312644
            ],
            [
              77.80324208977909,
              28.067727089259797
            ],
            [
              77.80326807714195,
              28.06837430722963
            ],
            [
              77.80285063901258,
              28.069794908903717
            ],
            [
              77.80306058787092,
              28.07061046837965
            ],
            [
              77.80325763782005,
              28.071094250225997
            ],
            [
              77.80359314240897,
              28.072210093300118
            ],
            [
              77.80398987437106,
              28.073028322240795
            ],
            [
              77.80442150139035,
              28.073993460340535
            ],
            [
              77.80481777431332,
              28.074844362300873
            ],
            [
              77.80490179823343,
              28.07537596702014
            ],
            [
              77.80498738342547,
              28.075824694996918
            ],
            [
              77.80498981336831,
              28.07675305037689
            ],
            [
              77.80486337639041,
              28.07756358429625
            ],
            [
              77.8046491308901,
              28.078057924625497
            ],
            [
              77.80427865398882,
              28.0789313679637
            ],
            [
              77.80387547391963,
              28.07953913597751
            ],
            [
              77.80341128656457,
              28.080166714915336
            ],
            [
              77.80316653337889,
              28.080499881792555
            ],
            [
              77.80384106305435,
              28.080890741928233
            ],
            [
              77.80469882928485,
              28.081162584074058
            ],
            [
              77.80515312079879,
              28.081233857233265
            ],
            [
              77.80520984671404,
              28.081711100143636
            ],
            [
              77.80537423571607,
              28.082081594205384
            ],
            [
              77.80546206220477,
              28.082638768220647
            ],
            [
              77.80561802411114,
              28.083023556745736
            ],
            [
              77.80574301390315,
              28.083321256818365
            ],
            [
              77.80589420036544,
              28.083518334792014
            ],
            [
              77.80619171609935,
              28.08371733988132
            ],
            [
              77.8066267315639,
              28.083961576030102
            ],
            [
              77.80756811387936,
              28.08456660508229
            ],
            [
              77.8083576800135,
              28.085010624228964
            ],
            [
              77.80844453721998,
              28.085163481061645
            ],
            [
              77.80853114289823,
              28.08533074598852
            ],
            [
              77.80893076294394,
              28.085740557034942
            ],
            [
              77.80940441405053,
              28.086108055693746
            ],
            [
              77.81001481120127,
              28.086564100615284
            ],
            [
              77.81084405681983,
              28.087066488008674
            ],
            [
              77.81151239530637,
              28.087465487997246
            ],
            [
              77.81185978730147,
              28.087607517103645
            ],
            [
              77.81244351616635,
              28.087731043091242
            ],
            [
              77.8128898926243,
              28.087794931169213
            ],
            [
              77.81372597711709,
              28.087907512277447
            ],
            [
              77.81471667694169,
              28.088022214834222
            ],
            [
              77.8147166976029,
              28.08802395599293
            ],
            [
              77.81472333255961,
              28.08857100969767
            ],
            [
              77.81455231488907,
              28.08904520291603
            ],
            [
              77.81438217936417,
              28.08946882504892
            ],
            [
              77.81419503603594,
              28.089935544174587
            ],
            [
              77.81400942972523,
              28.090308461058896
            ],
            [
              77.81397652443634,
              28.090798965681227
            ],
            [
              77.81392035188335,
              28.09121690268211
            ],
            [
              77.81399585797791,
              28.09201928130793
            ],
            [
              77.81356581019688,
              28.092417659808305
            ],
            [
              77.81347009919493,
              28.092770146617777
            ],
            [
              77.81306875438388,
              28.093385478948242
            ],
            [
              77.8129604570865,
              28.093528393342574
            ],
            [
              77.81267384690013,
              28.093632772661152
            ],
            [
              77.8120938056195,
              28.094231229932653
            ],
            [
              77.81210588257018,
              28.09446971261326
            ],
            [
              77.81196997734916,
              28.09479988792559
            ],
            [
              77.81191919109457,
              28.0953768043242
            ],
            [
              77.81162100970906,
              28.09567472531439
            ],
            [
              77.81140504213833,
              28.0959242960323
            ],
            [
              77.81114662917045,
              28.096274355921246
            ],
            [
              77.81069866718603,
              28.096766114675827
            ],
            [
              77.81027390060056,
              28.097097816313294
            ],
            [
              77.80974438596138,
              28.097422472071212
            ],
            [
              77.80872514666024,
              28.097939490243967
            ],
            [
              77.8080327710533,
              28.09830614202083
            ],
            [
              77.80711406491058,
              28.09878028906243
            ],
            [
              77.80693762411067,
              28.09888856602188
            ],
            [
              77.806271929366,
              28.099155974095016
            ],
            [
              77.80500799257474,
              28.099404100829624
            ],
            [
              77.80433084161525,
              28.09961607788464
            ],
            [
              77.80355411060988,
              28.099815569003866
            ],
            [
              77.80300429314697,
              28.09987434030727
            ],
            [
              77.80259171580161,
              28.099935007067554
            ],
            [
              77.80205617077193,
              28.099894460869486
            ],
            [
              77.80157031784881,
              28.099865617248764
            ],
            [
              77.80081301021656,
              28.099667038310095
            ],
            [
              77.80059057028421,
              28.099553338736115
            ],
            [
              77.8002490191351,
              28.099825207322358
            ],
            [
              77.79958724912991,
              28.09916315592662
            ],
            [
              77.79892411907535,
              28.09857865484962
            ],
            [
              77.79875081429412,
              28.098420374643325
            ],
            [
              77.7984169320626,
              28.098162836975213
            ],
            [
              77.79767312790567,
              28.09791549981398
            ],
            [
              77.7972301075536,
              28.097782949302893
            ],
            [
              77.7962264270732,
              28.097121007344747
            ],
            [
              77.79483510019145,
              28.096216646914655
            ],
            [
              77.79324457638707,
              28.096510639757405
            ],
            [
              77.79272480307884,
              28.095681556319242
            ],
            [
              77.79272446621061,
              28.095681674395767
            ],
            [
              77.79254616499976,
              28.095710710916297
            ],
            [
              77.79043304717713,
              28.096345158632143
            ],
            [
              77.78835400874144,
              28.097059094847495
            ],
            [
              77.78810692263097,
              28.096929153611367
            ],
            [
              77.78708622716077,
              28.097231107025063
            ],
            [
              77.7858832114171,
              28.09776745384364
            ],
            [
              77.78560388117782,
              28.097447488830166
            ],
            [
              77.78379919990802,
              28.095746950093144
            ],
            [
              77.7820441442694,
              28.094087746687006
            ],
            [
              77.78060482758859,
              28.09389377796788
            ],
            [
              77.77828603509178,
              28.096074075271467
            ],
            [
              77.77782983555625,
              28.09668414500217
            ],
            [
              77.77727682458247,
              28.09697476627281
            ],
            [
              77.77652376328656,
              28.097046760366233
            ],
            [
              77.77611467589607,
              28.096951712303728
            ],
            [
              77.77574166125412,
              28.09744157717617
            ],
            [
              77.77472783789581,
              28.096925411658994
            ],
            [
              77.77408850511145,
              28.096703294615878
            ],
            [
              77.77339555368445,
              28.09644608803531
            ],
            [
              77.77268187363225,
              28.09605097910864
            ],
            [
              77.77211052624693,
              28.096359318217775
            ],
            [
              77.7711054704458,
              28.095788261788897
            ],
            [
              77.76984345335428,
              28.09658199069011
            ],
            [
              77.7678125807875,
              28.09572836137017
            ],
            [
              77.76710576655903,
              28.09624794416672
            ],
            [
              77.76666808040312,
              28.096021835698437
            ],
            [
              77.76605999641427,
              28.096652779726366
            ],
            [
              77.76534540906364,
              28.09717215280323
            ],
            [
              77.76462669215766,
              28.096625738064862
            ],
            [
              77.76197787838838,
              28.096526579172217
            ],
            [
              77.7611576123294,
              28.095160395362676
            ],
            [
              77.76064562382143,
              28.09388796438479
            ],
            [
              77.76035204540344,
              28.093402506897775
            ],
            [
              77.76111125297257,
              28.09298687739059
            ],
            [
              77.7611182679166,
              28.091728638694022
            ],
            [
              77.76041243464842,
              28.09132678810615
            ],
            [
              77.76068602555135,
              28.090766791924466
            ],
            [
              77.76072325263503,
              28.090416630860464
            ],
            [
              77.76067579733353,
              28.090037826857685
            ],
            [
              77.76077538456593,
              28.089667888849586
            ],
            [
              77.76072620629569,
              28.08938526875204
            ],
            [
              77.76050842772136,
              28.08899708731053
            ],
            [
              77.76021227383343,
              28.088655996319602
            ],
            [
              77.75941932105066,
              28.087929671059683
            ],
            [
              77.75921768789692,
              28.08750738062759
            ],
            [
              77.7591358648493,
              28.08731371464896
            ],
            [
              77.75893337110952,
              28.08693951536011
            ],
            [
              77.7585901392125,
              28.08706531031868
            ],
            [
              77.75773642079065,
              28.087569014119776
            ],
            [
              77.75672597958943,
              28.08686714596331
            ],
            [
              77.75637177297456,
              28.087171613034318
            ],
            [
              77.75541084601345,
              28.087598146352153
            ],
            [
              77.75562255197647,
              28.08789683389841
            ],
            [
              77.75465237236793,
              28.088405762010943
            ],
            [
              77.7540478690638,
              28.088404103279856
            ],
            [
              77.7536934073274,
              28.08829599802165
            ],
            [
              77.75323570221542,
              28.087890641959714
            ],
            [
              77.75283173342542,
              28.087513586061224
            ],
            [
              77.75153580313531,
              28.08803854305007
            ],
            [
              77.75110678841686,
              28.088190648230114
            ],
            [
              77.75021213736078,
              28.088384265076023
            ],
            [
              77.74997106996273,
              28.088429047644517
            ],
            [
              77.74950066177429,
              28.08829863630225
            ],
            [
              77.74877855642305,
              28.088326229274028
            ],
            [
              77.74841732318603,
              28.088335615812255
            ],
            [
              77.74805613755976,
              28.08841706721758
            ],
            [
              77.74763394195261,
              28.088448998376997
            ],
            [
              77.7472575253907,
              28.088485339862185
            ],
            [
              77.74675386067216,
              28.088517305871846
            ],
            [
              77.74630627059025,
              28.088648571276245
            ],
            [
              77.74585867422014,
              28.088820320346308
            ],
            [
              77.74563994792321,
              28.088843105023376
            ],
            [
              77.74534469684217,
              28.08871241125754
            ],
            [
              77.74495794875615,
              28.088626961853244
            ],
            [
              77.74421563490425,
              28.08913740732794
            ],
            [
              77.74231367686895,
              28.090068266839946
            ],
            [
              77.74299624377129,
              28.090866456995474
            ],
            [
              77.74341416609259,
              28.091610579147375
            ],
            [
              77.74363842780832,
              28.092084160611947
            ],
            [
              77.74365437290464,
              28.092783464267367
            ],
            [
              77.74363975641663,
              28.093415225356598
            ],
            [
              77.74346232387667,
              28.094114625738833
            ],
            [
              77.74325417614051,
              28.094588582879823
            ],
            [
              77.74199276092024,
              28.09497303298695
            ],
            [
              77.74091459303473,
              28.095573884733884
            ],
            [
              77.74036553105502,
              28.096048039092363
            ],
            [
              77.73954645436547,
              28.09613434161218
            ],
            [
              77.73890025755402,
              28.096134879690187
            ],
            [
              77.73811171819428,
              28.09622115123437
            ],
            [
              77.7377916457636,
              28.096717650682418
            ],
            [
              77.73727331425141,
              28.09744900161129
            ],
            [
              77.73698383304938,
              28.098022222081088
            ],
            [
              77.73635830557436,
              28.09842421797585
            ],
            [
              77.73597187189871,
              28.098708715331433
            ],
            [
              77.73514773679581,
              28.098867262955963
            ],
            [
              77.73437447328743,
              28.099012120234164
            ],
            [
              77.73390596144257,
              28.098570299377307
            ],
            [
              77.7335038575551,
              28.09843971413272
            ],
            [
              77.73310197105991,
              28.098525690621674
            ],
            [
              77.73209990934365,
              28.098756503269186
            ],
            [
              77.73126563944768,
              28.098982637673235
            ],
            [
              77.73073133139815,
              28.09893791973287
            ],
            [
              77.72948965396131,
              28.09878982366461
            ],
            [
              77.72929634819026,
              28.098785501713234
            ],
            [
              77.72886397377268,
              28.098926370771583
            ],
            [
              77.72886446604944,
              28.099507686756635
            ],
            [
              77.72891545981484,
              28.099715153094724
            ],
            [
              77.72925177468419,
              28.100269943102433
            ],
            [
              77.72927732726245,
              28.100396261287862
            ],
            [
              77.72915038363469,
              28.100739162107573
            ],
            [
              77.72901830344016,
              28.100960352381346
            ],
            [
              77.72870825710638,
              28.101420804229647
            ],
            [
              77.72851517411752,
              28.101637450970106
            ],
            [
              77.72851533940751,
              28.10186759922048
            ],
            [
              77.72861734131139,
              28.10213372091626
            ],
            [
              77.72891781699416,
              28.102444815982913
            ],
            [
              77.72901982967781,
              28.10275610270264
            ],
            [
              77.72885195970406,
              28.10283292897809
            ],
            [
              77.72839928695429,
              28.103063306046543
            ],
            [
              77.72802294315589,
              28.10334333621084
            ],
            [
              77.72790604808293,
              28.103514802651024
            ],
            [
              77.72795719456194,
              28.1037765248177
            ],
            [
              77.72809471495383,
              28.103956860678366
            ],
            [
              77.7283034852225,
              28.10414170418517
            ],
            [
              77.7285223965724,
              28.104304016380613
            ],
            [
              77.72862944071997,
              28.10449796232147
            ],
            [
              77.72871623234947,
              28.104786631368714
            ],
            [
              77.72871638865634,
              28.10497161290675
            ],
            [
              77.72835527669189,
              28.10523359300808
            ],
            [
              77.72827912291197,
              28.105373509866485
            ],
            [
              77.72837091366603,
              28.105603498756825
            ],
            [
              77.72843217697178,
              28.105923841981017
            ],
            [
              77.72838165841515,
              28.106293812702198
            ],
            [
              77.72830540671889,
              28.106478893858508
            ],
            [
              77.72834637977729,
              28.10679922337541
            ],
            [
              77.72835695025326,
              28.107214313660382
            ],
            [
              77.72835707511908,
              28.10732704713592
            ],
            [
              77.72863217788662,
              28.107764553925048
            ],
            [
              77.7286935184475,
              28.108143465716676
            ],
            [
              77.72852609134317,
              28.108662501092322
            ],
            [
              77.72851610656876,
              28.1088700107399
            ],
            [
              77.72820618510082,
              28.109447688220737
            ],
            [
              77.72814037182813,
              28.109889961091884
            ],
            [
              77.72797271116183,
              28.110273583832868
            ],
            [
              77.7278914127303,
              28.110377350222223
            ],
            [
              77.7277236703173,
              28.110526331198155
            ],
            [
              77.72769828033411,
              28.110630160730995
            ],
            [
              77.7277644538312,
              28.11072033720087
            ],
            [
              77.72795802370696,
              28.1109503098736
            ],
            [
              77.72814144980649,
              28.11120290430626
            ],
            [
              77.7282180329811,
              28.1114780236732
            ],
            [
              77.72814184416691,
              28.11167659976674
            ],
            [
              77.72794856534532,
              28.111812087752043
            ],
            [
              77.72774002504536,
              28.111961127745246
            ],
            [
              77.72692131307183,
              28.1125617266862
            ],
            [
              77.72628549180193,
              28.112954625214325
            ],
            [
              77.72588870234766,
              28.113013574725635
            ],
            [
              77.72557308735746,
              28.112941585007587
            ],
            [
              77.72537960102503,
              28.112837928064046
            ],
            [
              77.7251964749628,
              28.11291021497644
            ],
            [
              77.72504393833259,
              28.11301406121743
            ],
            [
              77.72479455073835,
              28.112978178083452
            ],
            [
              77.7245248252861,
              28.112910699091703
            ],
            [
              77.72442819890088,
              28.112936960162934
            ],
            [
              77.7242755167436,
              28.112978456984383
            ],
            [
              77.7242247592351,
              28.113104874301975
            ],
            [
              77.72422781799867,
              28.113113807044094
            ],
            [
              77.72427568113531,
              28.113253676384257
            ],
            [
              77.72474429987969,
              28.11371360324159
            ],
            [
              77.72493782394136,
              28.11393458215259
            ],
            [
              77.72533011373436,
              28.114498341385655
            ],
            [
              77.7259158332659,
              28.11515216660513
            ],
            [
              77.72622648506419,
              28.115485805651627
            ],
            [
              77.72640982402714,
              28.11556691793936
            ],
            [
              77.72649628417831,
              28.11558945211268
            ],
            [
              77.72661338406716,
              28.11556679988472
            ],
            [
              77.72683708972573,
              28.115426793321827
            ],
            [
              77.72692872327463,
              28.115426725975116
            ],
            [
              77.72717305155717,
              28.115530374077924
            ],
            [
              77.727651717958,
              28.115900011378077
            ],
            [
              77.72799287115346,
              28.116071228769222
            ],
            [
              77.72865475614297,
              28.11649488999395
            ],
            [
              77.72941844989863,
              28.116945613822047
            ],
            [
              77.7303909130246,
              28.11750892304594
            ],
            [
              77.73116997695477,
              28.1181174772426
            ],
            [
              77.73138887842322,
              28.11818504407177
            ],
            [
              77.73160774665396,
              28.118288598394727
            ],
            [
              77.73166392459689,
              28.118473547931952
            ],
            [
              77.73162943108663,
              28.118542501838434
            ],
            [
              77.73152167188009,
              28.118757932695218
            ],
            [
              77.73129801473054,
              28.119037757090208
            ],
            [
              77.7311811106744,
              28.119231895852923
            ],
            [
              77.73127291220825,
              28.119439386634703
            ],
            [
              77.73170077438819,
              28.119854183976603
            ],
            [
              77.73207778922807,
              28.12041788594274
            ],
            [
              77.73258742774328,
              28.121279254984834
            ],
            [
              77.73267428494978,
              28.121599587832694
            ],
            [
              77.73288314325333,
              28.12192422965099
            ],
            [
              77.7329904110814,
              28.122289650667017
            ],
            [
              77.73314349837885,
              28.122794799778294
            ],
            [
              77.73320992609919,
              28.12315119085083
            ],
            [
              77.73335264504162,
              28.1233947493947
            ],
            [
              77.73345494518618,
              28.123954160134634
            ],
            [
              77.7336386147292,
              28.12450894836322
            ],
            [
              77.7337969302216,
              28.125131487102486
            ],
            [
              77.73397570484458,
              28.125830694178763
            ],
            [
              77.73405772372497,
              28.126520900106588
            ],
            [
              77.73417094379012,
              28.126895293295572
            ],
            [
              77.73417504729436,
              28.126908860222226
            ],
            [
              77.73424134386065,
              28.127021614982112
            ],
            [
              77.73423035566807,
              28.12703048873215
            ],
            [
              77.73413967074016,
              28.1271037413087
            ],
            [
              77.7333971700387,
              28.127703482220586
            ],
            [
              77.7327004932982,
              28.128416731222302
            ],
            [
              77.7321055741198,
              28.129017231650018
            ],
            [
              77.7317903660664,
              28.129428027709874
            ],
            [
              77.73110387711951,
              28.130132325989358
            ],
            [
              77.73107859044259,
              28.13023606365397
            ],
            [
              77.73114488970383,
              28.13037140222634
            ],
            [
              77.73150662869232,
              28.130831330119463
            ],
            [
              77.73193516640536,
              28.131331841860014
            ],
            [
              77.73202833068348,
              28.131440653961732
            ],
            [
              77.73235227036147,
              28.131787258844277
            ],
            [
              77.73254579172817,
              28.131890905389152
            ],
            [
              77.7328971111577,
              28.13209814589354
            ],
            [
              77.73309063701596,
              28.132224374306855
            ],
            [
              77.73332487631959,
              28.132418193701504
            ],
            [
              77.7340530228411,
              28.132774101230314
            ],
            [
              77.73467419438533,
              28.13310754997154
            ],
            [
              77.73536677929972,
              28.1335176546224
            ],
            [
              77.735886233706,
              28.133887286939167
            ],
            [
              77.73602877029045,
              28.133896202106143
            ],
            [
              77.73613563297835,
              28.133873580680465
            ],
            [
              77.73637974566523,
              28.133665831861865
            ],
            [
              77.73648661374303,
              28.133665793045104
            ],
            [
              77.73672083867355,
              28.133769371229988
            ],
            [
              77.73787177458863,
              28.13460770593024
            ],
            [
              77.73856436219793,
              28.135035787873306
            ],
            [
              77.73911933958385,
              28.13527455214701
            ],
            [
              77.7393688762984,
              28.135459309190683
            ],
            [
              77.74043324067124,
              28.136036055210536
            ],
            [
              77.74107985609758,
              28.13635588608741
            ],
            [
              77.74139044860708,
              28.136445945860274
            ],
            [
              77.7415889439455,
              28.13650439369267
            ],
            [
              77.74175701244695,
              28.136630616123163
            ],
            [
              77.74188443308012,
              28.136725324832753
            ],
            [
              77.74195067125589,
              28.13680190734409
            ],
            [
              77.74175750472374,
              28.137135965391497
            ],
            [
              77.74178371397046,
              28.13796608769881
            ],
            [
              77.74237000932212,
              28.138931120213854
            ],
            [
              77.74278291994246,
              28.13957148061059
            ],
            [
              77.74306827338572,
              28.13994124888469
            ],
            [
              77.74344526037784,
              28.1403063510278
            ],
            [
              77.74384793020396,
              28.140883589004982
            ],
            [
              77.74409264835532,
              28.141307488811705
            ],
            [
              77.74410808859842,
              28.141478908007652
            ],
            [
              77.74396566610005,
              28.141663968031352
            ],
            [
              77.7436301022223,
              28.141998116269406
            ],
            [
              77.74363015073129,
              28.142092851126456
            ],
            [
              77.74364047417055,
              28.142192138191874
            ],
            [
              77.7438086244187,
              28.14235443239136
            ],
            [
              77.74395157332985,
              28.14280543561228
            ],
            [
              77.74382477612751,
              28.14336946598793
            ],
            [
              77.74382510491088,
              28.143712420282075
            ],
            [
              77.74395273844479,
              28.14405966033664
            ],
            [
              77.74401915808025,
              28.144384459073706
            ],
            [
              77.74427919789713,
              28.144763226384686
            ],
            [
              77.74446275694733,
              28.145110523231708
            ],
            [
              77.7445800032616,
              28.145281824656205
            ],
            [
              77.744554765992,
              28.145520962139905
            ],
            [
              77.74470776705118,
              28.14584570179133
            ],
            [
              77.7449829192261,
              28.14617933480076
            ],
            [
              77.74503398755166,
              28.146350799269545
            ],
            [
              77.74485098186366,
              28.146603578007728
            ],
            [
              77.7445559948873,
              28.146766186316146
            ],
            [
              77.74407284140165,
              28.1472493349108
            ],
            [
              77.74406271918504,
              28.14733951780244
            ],
            [
              77.74420543633083,
              28.147488323843213
            ],
            [
              77.74498486407867,
              28.14818252329517
            ],
            [
              77.74506132508239,
              28.148272648371805
            ],
            [
              77.74501055140422,
              28.14845772200345
            ],
            [
              77.7444006366488,
              28.14938758428196
            ],
            [
              77.74409063882405,
              28.149870526203205
            ],
            [
              77.74383137784652,
              28.150181979372263
            ],
            [
              77.7436127997716,
              28.150511541968164
            ],
            [
              77.74346538443685,
              28.150800347699665
            ],
            [
              77.74327234995702,
              28.151143399381663
            ],
            [
              77.74311976391948,
              28.151328494981396
            ],
            [
              77.7430384439284,
              28.151409772609775
            ],
            [
              77.74305384015405,
              28.151572193033438
            ],
            [
              77.74324765796482,
              28.15198260638436
            ],
            [
              77.74400186012113,
              28.1528933570892
            ],
            [
              77.74471557790258,
              28.153663962854647
            ],
            [
              77.74494968605215,
              28.153916728289715
            ],
            [
              77.74549488617448,
              28.154444199649856
            ],
            [
              77.74602981585821,
              28.15490396399651
            ],
            [
              77.74627440195722,
              28.15512480015861
            ],
            [
              77.74700263381874,
              28.15542206962768
            ],
            [
              77.74743049510033,
              28.15573747860874
            ],
            [
              77.7479761425837,
              28.15612624690701
            ],
            [
              77.74838195561497,
              28.156378094923603
            ],
            [
              77.74874735344164,
              28.1565277532785
            ],
            [
              77.74895588116516,
              28.15667509796553
            ],
            [
              77.74998615716791,
              28.157437435714325
            ],
            [
              77.75153356363528,
              28.158874236817738
            ],
            [
              77.75234181742229,
              28.159653428231415
            ],
            [
              77.7534590728024,
              28.159953136317935
            ],
            [
              77.75396558158715,
              28.160193539887725
            ],
            [
              77.75391061906481,
              28.160652281647305
            ],
            [
              77.75425920042935,
              28.16085116578024
            ],
            [
              77.75596162197877,
              28.16012212674844
            ],
            [
              77.75668587071029,
              28.160090489374063
            ],
            [
              77.75937046617395,
              28.159690487676844
            ],
            [
              77.76063547555368,
              28.15944504513765
            ],
            [
              77.75944334469631,
              28.157822134875804
            ],
            [
              77.75980000371189,
              28.15735708376262
            ],
            [
              77.76052973306494,
              28.15638920684189
            ],
            [
              77.76165708820382,
              28.154362385747117
            ],
            [
              77.76208197785846,
              28.153319525268664
            ],
            [
              77.76167858219361,
              28.15268918477823
            ],
            [
              77.76102656160417,
              28.15203358706604
            ],
            [
              77.76102913976905,
              28.15186086521679
            ],
            [
              77.76112302359773,
              28.15158065288579
            ],
            [
              77.76132243881099,
              28.15098294101051
            ],
            [
              77.76190599160608,
              28.15058120078206
            ],
            [
              77.7620912781166,
              28.150193681224067
            ],
            [
              77.76220454040258,
              28.14980294370819
            ],
            [
              77.76216363471778,
              28.148270951755126
            ],
            [
              77.76240184188,
              28.148097141073364
            ],
            [
              77.76278762337874,
              28.14786583028391
            ],
            [
              77.76358519619703,
              28.147355746691087
            ],
            [
              77.76403844297025,
              28.146982823808333
            ],
            [
              77.76524027922592,
              28.146121883940243
            ],
            [
              77.76570851888127,
              28.14599288295872
            ],
            [
              77.76585175525332,
              28.14564506460888
            ],
            [
              77.76565799942634,
              28.144961312294466
            ],
            [
              77.76619897477188,
              28.144644783227168
            ],
            [
              77.7663871466711,
              28.144384249959295
            ],
            [
              77.7661802152538,
              28.14357436737957
            ],
            [
              77.76646896792211,
              28.143196554316038
            ],
            [
              77.76682722504054,
              28.142748390087643
            ],
            [
              77.76630693879432,
              28.141682674739354
            ],
            [
              77.7663433780555,
              28.141341798020772
            ],
            [
              77.76678160320056,
              28.14107752422825
            ],
            [
              77.76706106279723,
              28.14092374265287
            ],
            [
              77.76851151768926,
              28.139439480632124
            ],
            [
              77.77097698081747,
              28.137161261230663
            ],
            [
              77.77263624640236,
              28.136558007745727
            ],
            [
              77.77302809063096,
              28.136994207027644
            ],
            [
              77.77446460456811,
              28.138430559210473
            ],
            [
              77.77539640455443,
              28.139477502390335
            ],
            [
              77.77585395066463,
              28.14022626029795
            ],
            [
              77.7761928913095,
              28.14044185669413
            ],
            [
              77.7769625292174,
              28.141146506367566
            ],
            [
              77.7773400183678,
              28.141733402885478
            ],
            [
              77.77788544935714,
              28.142718193976574
            ],
            [
              77.77810075307288,
              28.142962626106446
            ],
            [
              77.77860747116509,
              28.143370486222423
            ],
            [
              77.77850833219202,
              28.14485710570812
            ],
            [
              77.77887620308063,
              28.14535114785625
            ],
            [
              77.78025136298217,
              28.146396992101543
            ],
            [
              77.78108576223552,
              28.14711472894635
            ],
            [
              77.78229724639735,
              28.148007632081992
            ],
            [
              77.78392287995634,
              28.1484175838531
            ],
            [
              77.7852927640522,
              28.148754833352182
            ],
            [
              77.78720793810197,
              28.147957458190724
            ],
            [
              77.79150834764023,
              28.146095711000058
            ],
            [
              77.79305806187958,
              28.145293004261912
            ],
            [
              77.7933376059179,
              28.14534415763627
            ],
            [
              77.7937532016026,
              28.14540280101321
            ],
            [
              77.79406556019995,
              28.145484151259115
            ],
            [
              77.79513894006494,
              28.145651053606603
            ],
            [
              77.79564382379735,
              28.14577344184261
            ],
            [
              77.79663471496308,
              28.145837940900748
            ],
            [
              77.7978591106105,
              28.146174353366963
            ],
            [
              77.79895773044005,
              28.14648459509963
            ],
            [
              77.79990750930845,
              28.146843350166016
            ],
            [
              77.80048288024794,
              28.147150746395035
            ],
            [
              77.80080332458115,
              28.1468791522598
            ],
            [
              77.8015261476863,
              28.146829206751523
            ],
            [
              77.80211704870041,
              28.146990033327725
            ],
            [
              77.80274608230003,
              28.14732046832042
            ],
            [
              77.80364242757872,
              28.14775630298704
            ],
            [
              77.80451452822625,
              28.148057686346757
            ],
            [
              77.80580685178049,
              28.148061116022227
            ],
            [
              77.80803053334994,
              28.147852022051893
            ],
            [
              77.80858166235319,
              28.147925161384276
            ],
            [
              77.80829996774807,
              28.149435980114536
            ],
            [
              77.80777425837243,
              28.150888079368322
            ],
            [
              77.80863165898865,
              28.151243945335697
            ],
            [
              77.80925319524886,
              28.151502099238137
            ],
            [
              77.80984962359692,
              28.151916506345323
            ],
            [
              77.80966066297692,
              28.152858463096926
            ],
            [
              77.80894763689825,
              28.15388912368088
            ],
            [
              77.80724217455155,
              28.156318522983394
            ],
            [
              77.80697461493745,
              28.15670394610201
            ],
            [
              77.8067739339979,
              28.157238261700645
            ],
            [
              77.80662819222455,
              28.158005847186285
            ],
            [
              77.80660476595857,
              28.158962285795116
            ],
            [
              77.80664912297065,
              28.159585806768437
            ],
            [
              77.80649859677008,
              28.16030715138604
            ],
            [
              77.80617601085322,
              28.161542458374324
            ],
            [
              77.80559560305996,
              28.162271636621508
            ],
            [
              77.80539509459697,
              28.162718653945333
            ],
            [
              77.80629165277638,
              28.163060836667952
            ],
            [
              77.80877436355802,
              28.164066144391178
            ],
            [
              77.80892411361422,
              28.164126496053917
            ],
            [
              77.81091134243123,
              28.16371987204917
            ],
            [
              77.8113898695932,
              28.163589872228904
            ],
            [
              77.8143662423527,
              28.164609503742316
            ],
            [
              77.81579685435841,
              28.165255644631912
            ],
            [
              77.81698961583311,
              28.16568518082633
            ],
            [
              77.81800413987735,
              28.16666521938092
            ],
            [
              77.8187583968309,
              28.16731232905963
            ],
            [
              77.81975063367292,
              28.166604084341717
            ],
            [
              77.82063861743299,
              28.167649100105187
            ],
            [
              77.82212639103685,
              28.16648243028515
            ],
            [
              77.82249081868301,
              28.16669431982789
            ],
            [
              77.82314124835604,
              28.167071679351107
            ],
            [
              77.822435475275,
              28.168365276930757
            ],
            [
              77.82245713455481,
              28.168572564851335
            ],
            [
              77.82307532818386,
              28.16909432870524
            ],
            [
              77.82234491790783,
              28.17005373924692
            ],
            [
              77.82313435917612,
              28.170152669365077
            ],
            [
              77.82324182373526,
              28.17029834416582
            ],
            [
              77.8230119017349,
              28.170944163242428
            ],
            [
              77.82298077061876,
              28.171137508690617
            ],
            [
              77.82438786383203,
              28.17234959509799
            ],
            [
              77.82681360256002,
              28.171814208276487
            ],
            [
              77.82759590491679,
              28.171550165703515
            ],
            [
              77.82774554358187,
              28.171510719620958
            ],
            [
              77.82782923332869,
              28.171231257979684
            ],
            [
              77.82779593457774,
              28.170715945112214
            ],
            [
              77.82873391137996,
              28.170666520712174
            ],
            [
              77.82981088360778,
              28.17062972718851
            ],
            [
              77.83064379704764,
              28.171482269049662
            ],
            [
              77.83146224671312,
              28.172351220854562
            ],
            [
              77.83157518111399,
              28.172450977959585
            ],
            [
              77.83219257793742,
              28.172472980687022
            ],
            [
              77.8328124532127,
              28.17232235634658
            ],
            [
              77.83391641891652,
              28.173076958341962
            ],
            [
              77.83554396229376,
              28.17413388014949
            ],
            [
              77.83660085537836,
              28.174928668067604
            ],
            [
              77.83687956488176,
              28.175242069179667
            ],
            [
              77.83713793832379,
              28.17604783520982
            ],
            [
              77.83740421694031,
              28.1765348259952
            ],
            [
              77.83819458976159,
              28.177133399251424
            ],
            [
              77.83846771623551,
              28.177392748175677
            ],
            [
              77.83909027567687,
              28.178470659611715
            ],
            [
              77.8395393030632,
              28.179113232680375
            ],
            [
              77.83988980861906,
              28.179720505690362
            ],
            [
              77.84087629444666,
              28.178858224071046
            ],
            [
              77.84272814984529,
              28.177252424110147
            ],
            [
              77.84258068420486,
              28.17642853111908
            ],
            [
              77.84326700157354,
              28.175736009900422
            ],
            [
              77.84596870365513,
              28.17343352262601
            ],
            [
              77.84705925661342,
              28.172489809979044
            ]
          ]
        ]
      }
    }
  ]
}