{
  "type": "FeatureCollection",
  "features": [
    {
      "type": "Feature",
      "properties": {
        "objectid": "09-176-00898",
        "stcode11": "09",
        "dtcode11": "176",
        "sdtcode11": "00898",
        "stname": "UTTAR PRADESH",
        "dtname": "Barabanki",
        "sdtname": "Nawabganj",
        "st_area_sh": 0.0,
        "st_length_": 0.0,
        "remarks": "",
        "dist_lgd": 129,
        "state_lgd": 9,
        "subdt_lgd": 898,
        "ac_no": 268,
        "st_length(shape)": 270005.99642799055,
        "st_area(shape)": 1160843952.8639174
      },
      "geometry": {
        "type": "Polygon",
        "coordinates": [
          [
            [
              81.11111177707245,
              27.11983016794763
            ],
            [
              81.11135882365706,
              27.119740012242488
            ],
            [
              81.11164126925374,
              27.11984380267444
            ],
            [
              81.11164986433437,
              27.11987647628003
            ],
            [
              81.11198909783008,
              27.121165993089814
            ],
            [
              81.1122865336139,
              27.121513504050935
            ],
            [
              81.1126949993702,
              27.12166244669818
            ],
            [
              81.113068187387,
              27.121608251669112
            ],
            [
              81.11330023300467,
              27.121319498371914
            ],
            [
              81.11334061586994,
              27.12111196412475
            ],
            [
              81.11345661442428,
              27.120313214290764
            ],
            [
              81.11355753385827,
              27.119807843707388
            ],
            [
              81.11368872292402,
              27.11933405801133
            ],
            [
              81.11393587461151,
              27.118918916201668
            ],
            [
              81.11417799124183,
              27.11866629920674
            ],
            [
              81.11429396374503,
              27.118539935325774
            ],
            [
              81.11511595995924,
              27.118111349127087
            ],
            [
              81.11532272698481,
              27.117984983819763
            ],
            [
              81.11562029482099,
              27.117754857279035
            ],
            [
              81.11595307841291,
              27.117813526139216
            ],
            [
              81.11604384868083,
              27.11790377934449
            ],
            [
              81.11641699178183,
              27.118309934658086
            ],
            [
              81.11661362940427,
              27.11867543096292
            ],
            [
              81.11689605523804,
              27.119194447064725
            ],
            [
              81.11727925857193,
              27.119564501124476
            ],
            [
              81.11757682191654,
              27.119600532129397
            ],
            [
              81.11789951563122,
              27.11960963822368
            ],
            [
              81.11818197470264,
              27.119587046889126
            ],
            [
              81.11878715084491,
              27.119217053670084
            ],
            [
              81.11988144887962,
              27.118571816149572
            ],
            [
              81.12034537213,
              27.118373307841246
            ],
            [
              81.12051177695157,
              27.118305676196364
            ],
            [
              81.12101606779585,
              27.11826955282486
            ],
            [
              81.12155571722806,
              27.11830569138801
            ],
            [
              81.12204483283229,
              27.118341820344778
            ],
            [
              81.12225159087473,
              27.118422970931565
            ],
            [
              81.12254912098165,
              27.118513217248736
            ],
            [
              81.12284164657413,
              27.11857188331254
            ],
            [
              81.12293234497682,
              27.118549362929183
            ],
            [
              81.12315503913236,
              27.118471381889176
            ],
            [
              81.12316436184837,
              27.118468117286458
            ],
            [
              81.12330556982451,
              27.11824699480128
            ],
            [
              81.12371908231611,
              27.117705564890432
            ],
            [
              81.12395101205112,
              27.117326542324683
            ],
            [
              81.12402669241887,
              27.11708281694773
            ],
            [
              81.1241426757018,
              27.116843675782537
            ],
            [
              81.12439992355478,
              27.116609039700787
            ],
            [
              81.12477309270697,
              27.11655490938782
            ],
            [
              81.12511086823694,
              27.11650525586277
            ],
            [
              81.12523702673711,
              27.116324770310744
            ],
            [
              81.12534287971862,
              27.115859976316568
            ],
            [
              81.12554462516177,
              27.115598254790186
            ],
            [
              81.12574120529203,
              27.11549446601668
            ],
            [
              81.12606399602477,
              27.115480945899485
            ],
            [
              81.12634634370507,
              27.11556210335882
            ],
            [
              81.12672965034523,
              27.115792254399118
            ],
            [
              81.127208701225,
              27.116013355349764
            ],
            [
              81.12765752379545,
              27.11608109392452
            ],
            [
              81.12793986339094,
              27.116229983036497
            ],
            [
              81.12821216790637,
              27.116451091117913
            ],
            [
              81.12846935736886,
              27.11653233262835
            ],
            [
              81.12861056803993,
              27.11647360392787
            ],
            [
              81.12874171218996,
              27.116311183929138
            ],
            [
              81.12889298399222,
              27.116148711722175
            ],
            [
              81.12909976359423,
              27.116094568393294
            ],
            [
              81.12925607494523,
              27.116162285330276
            ],
            [
              81.12949815115137,
              27.11633370236428
            ],
            [
              81.12989647043655,
              27.116496184697073
            ],
            [
              81.13020912278297,
              27.116577394191822
            ],
            [
              81.13046637961911,
              27.116482630319247
            ],
            [
              81.13087986965283,
              27.116126097300633
            ],
            [
              81.13114710228017,
              27.116067380380578
            ],
            [
              81.13130344866546,
              27.116184724637353
            ],
            [
              81.13151019772474,
              27.11635620800168
            ],
            [
              81.13172704294949,
              27.11659985820241
            ],
            [
              81.13191868773556,
              27.116667502872044
            ],
            [
              81.13204560980373,
              27.116656385612803
            ],
            [
              81.13217587180814,
              27.116644975708788
            ],
            [
              81.132488502595,
              27.116586298240126
            ],
            [
              81.13270534242987,
              27.11657729504475
            ],
            [
              81.13286167623876,
              27.116635910151423
            ],
            [
              81.13315420542452,
              27.11684344390683
            ],
            [
              81.13353238627766,
              27.11694724422215
            ],
            [
              81.13393077113986,
              27.116956232195925
            ],
            [
              81.13398052433186,
              27.116945369228876
            ],
            [
              81.13413752738568,
              27.116911087629646
            ],
            [
              81.13448043588916,
              27.116667363746394
            ],
            [
              81.13493930611608,
              27.116378596097068
            ],
            [
              81.13528714816712,
              27.116067190880838
            ],
            [
              81.13535277099696,
              27.11594080567401
            ],
            [
              81.13528712121767,
              27.11553918737676
            ],
            [
              81.13541824740139,
              27.115056373889384
            ],
            [
              81.13565013940713,
              27.114848831222172
            ],
            [
              81.1358569513485,
              27.114821697278593
            ],
            [
              81.13588212932929,
              27.114880335693414
            ],
            [
              81.13602337593296,
              27.115042820136715
            ],
            [
              81.13638144171028,
              27.115376709251308
            ],
            [
              81.13670417405251,
              27.115539077834185
            ],
            [
              81.13688565979105,
              27.115516536850865
            ],
            [
              81.13711764522161,
              27.11539924386613
            ],
            [
              81.13733444193731,
              27.11512388836045
            ],
            [
              81.13764198466642,
              27.114672610393875
            ],
            [
              81.1378135062918,
              27.114672658369063
            ],
            [
              81.13798995427823,
              27.11469518832819
            ],
            [
              81.13828744126604,
              27.11484854417091
            ],
            [
              81.13850939071824,
              27.115110253857992
            ],
            [
              81.13872625570593,
              27.11552539220914
            ],
            [
              81.13894322310155,
              27.11596313788208
            ],
            [
              81.1391651456043,
              27.116346622697176
            ],
            [
              81.13942232877854,
              27.116608351268333
            ],
            [
              81.13961391517414,
              27.116680491130083
            ],
            [
              81.13978040443733,
              27.11670309024771
            ],
            [
              81.14027956590137,
              27.11670297031184
            ],
            [
              81.14060737282664,
              27.1166533568311
            ],
            [
              81.14085952543532,
              27.116585633794745
            ],
            [
              81.14130834531083,
              27.11648174519081
            ],
            [
              81.14180749419843,
              27.116310214044365
            ],
            [
              81.14208988859116,
              27.116111669740256
            ],
            [
              81.1424377009978,
              27.115628749980278
            ],
            [
              81.14265458844338,
              27.115421214771402
            ],
            [
              81.14290160538359,
              27.115285788754814
            ],
            [
              81.14308317197049,
              27.115227123366694
            ],
            [
              81.14320921279136,
              27.115263154169316
            ],
            [
              81.1432748185532,
              27.115339879702667
            ],
            [
              81.14341599059672,
              27.11558351132746
            ],
            [
              81.14353204843987,
              27.11565123097253
            ],
            [
              81.14368335617473,
              27.115642137349322
            ],
            [
              81.14390516638807,
              27.115569941647053
            ],
            [
              81.14413718415797,
              27.115524785327274
            ],
            [
              81.14435399704337,
              27.11556989767012
            ],
            [
              81.14458593037162,
              27.11558337779753
            ],
            [
              81.14466152629772,
              27.11549312831753
            ],
            [
              81.1446514049794,
              27.115271982361843
            ],
            [
              81.1444294887649,
              27.114856887847278
            ],
            [
              81.14446983929084,
              27.114617728331588
            ],
            [
              81.14463620368818,
              27.114581594174318
            ],
            [
              81.14492362056166,
              27.114518388356146
            ],
            [
              81.145125338157,
              27.114428139616336
            ],
            [
              81.14560434591766,
              27.114121178695143
            ],
            [
              81.14589168014611,
              27.1139587121037
            ],
            [
              81.14616909068563,
              27.113890980240022
            ],
            [
              81.14634551980744,
              27.113877471922986
            ],
            [
              81.14640100335265,
              27.11375556836326
            ],
            [
              81.14573005705684,
              27.112266589825342
            ],
            [
              81.1453517881688,
              27.111756681904016
            ],
            [
              81.14462038705096,
              27.11050691195051
            ],
            [
              81.14439842592067,
              27.109780433821584
            ],
            [
              81.14521522897422,
              27.10941927601052
            ],
            [
              81.14584030818997,
              27.108800971068508
            ],
            [
              81.14644035944355,
              27.108525660898536
            ],
            [
              81.14755966657579,
              27.107776366685485
            ],
            [
              81.14860834456711,
              27.10712196887799
            ],
            [
              81.149041799658,
              27.106711195794954
            ],
            [
              81.14949053509186,
              27.10633211120127
            ],
            [
              81.15138629205677,
              27.10552399668811
            ],
            [
              81.15391719835172,
              27.10430966129232
            ],
            [
              81.15451708611192,
              27.104043325887684
            ],
            [
              81.1551877359637,
              27.103889792906926
            ],
            [
              81.15508668357907,
              27.103172272105656
            ],
            [
              81.15441576243609,
              27.101836800733256
            ],
            [
              81.15429951684506,
              27.101119297162047
            ],
            [
              81.1539110493836,
              27.099910055210497
            ],
            [
              81.15329551297113,
              27.098181901776076
            ],
            [
              81.15315412443363,
              27.097599868746197
            ],
            [
              81.15305814483541,
              27.096963551353742
            ],
            [
              81.15286650094762,
              27.09637701437926
            ],
            [
              81.15238212575318,
              27.095154217834274
            ],
            [
              81.15221566882934,
              27.09458118762857
            ],
            [
              81.15203399444462,
              27.094017184293396
            ],
            [
              81.15141391974335,
              27.094373730955276
            ],
            [
              81.15075352685547,
              27.094712279370114
            ],
            [
              81.14994687386631,
              27.09478912535444
            ],
            [
              81.14928634802777,
              27.094640366068102
            ],
            [
              81.14892834692917,
              27.094220747727064
            ],
            [
              81.1482981401298,
              27.09428857706444
            ],
            [
              81.14711843207452,
              27.09473999239415
            ],
            [
              81.14643775522755,
              27.094983728037107
            ],
            [
              81.14535367193594,
              27.094171695290488
            ],
            [
              81.14406286294125,
              27.09348146486586
            ],
            [
              81.14349814871599,
              27.093093482343953
            ],
            [
              81.14286790328904,
              27.09313417716198
            ],
            [
              81.14231827357406,
              27.092642406666986
            ],
            [
              81.14170816118926,
              27.09221825826905
            ],
            [
              81.14100233690425,
              27.091997275864653
            ],
            [
              81.14036698724986,
              27.091631759622047
            ],
            [
              81.13982753724365,
              27.091185124694523
            ],
            [
              81.13929812501243,
              27.09083767791645
            ],
            [
              81.1389250600648,
              27.091144596317125
            ],
            [
              81.13885454141669,
              27.091613936358076
            ],
            [
              81.13824952427622,
              27.09160489196621
            ],
            [
              81.13753358226614,
              27.09141098799506
            ],
            [
              81.13695883835072,
              27.09119437225794
            ],
            [
              81.13633364504895,
              27.09088308412216
            ],
            [
              81.13548159030702,
              27.09045449919174
            ],
            [
              81.13490164694275,
              27.0897731272478
            ],
            [
              81.13457900622868,
              27.08921360879747
            ],
            [
              81.1341856950512,
              27.08870827374527
            ],
            [
              81.13380756180875,
              27.088211928294744
            ],
            [
              81.1335806940804,
              27.087647856896968
            ],
            [
              81.13336382190619,
              27.087156047918725
            ],
            [
              81.13303600240447,
              27.08589253324875
            ],
            [
              81.13283761576221,
              27.085299240799703
            ],
            [
              81.13263768042435,
              27.08470130476351
            ],
            [
              81.13248641670694,
              27.08429964397749
            ],
            [
              81.13141765777574,
              27.083424255216688
            ],
            [
              81.1318410768883,
              27.08277903613456
            ],
            [
              81.13246611208655,
              27.082151758881988
            ],
            [
              81.133217322853,
              27.08212916798622
            ],
            [
              81.13302062414513,
              27.081321405899665
            ],
            [
              81.13249623259803,
              27.080405431215112
            ],
            [
              81.13239037781989,
              27.07986842534349
            ],
            [
              81.1321432611667,
              27.078681615138976
            ],
            [
              81.13149292402015,
              27.07760771867673
            ],
            [
              81.13099380837018,
              27.07646159260447
            ],
            [
              81.1309810909207,
              27.07617967685752
            ],
            [
              81.1309685657107,
              27.075902038073217
            ],
            [
              81.13121047123691,
              27.075432749793304
            ],
            [
              81.13182046863736,
              27.07568534915794
            ],
            [
              81.13228423737749,
              27.076118592192696
            ],
            [
              81.13280851573687,
              27.0764525013974
            ],
            [
              81.13341351940265,
              27.07665099525032
            ],
            [
              81.13406377300588,
              27.07656065199987
            ],
            [
              81.13465351429495,
              27.07644335339954
            ],
            [
              81.13524329421159,
              27.07633046510876
            ],
            [
              81.13590368081125,
              27.07631687867314
            ],
            [
              81.13658422470758,
              27.076420606979987
            ],
            [
              81.13716399469698,
              27.07661007688321
            ],
            [
              81.1383637684208,
              27.077020613237902
            ],
            [
              81.1388981007248,
              27.077192023010976
            ],
            [
              81.13947794078285,
              27.077376981237492
            ],
            [
              81.14012818719958,
              27.077422088954492
            ],
            [
              81.1407281046042,
              27.077385851610096
            ],
            [
              81.1413985262839,
              27.077277501840438
            ],
            [
              81.1421143056989,
              27.077200714230774
            ],
            [
              81.14268896966422,
              27.077051785214955
            ],
            [
              81.14329893472531,
              27.076844052123167
            ],
            [
              81.14401468719088,
              27.07686651930669
            ],
            [
              81.14532540285225,
              27.076952119162737
            ],
            [
              81.14597564926898,
              27.076951983187154
            ],
            [
              81.14662597922903,
              27.076825558625863
            ],
            [
              81.1472912993762,
              27.076721725112545
            ],
            [
              81.14803233043386,
              27.076644817943194
            ],
            [
              81.14878851517206,
              27.076540958666914
            ],
            [
              81.14936813783777,
              27.076351343872073
            ],
            [
              81.15058292240998,
              27.075836688380836
            ],
            [
              81.15120796299813,
              27.075696733641024
            ],
            [
              81.15184811594435,
              27.075525143210903
            ],
            [
              81.1525588270645,
              27.075434740662647
            ],
            [
              81.15276554827602,
              27.075326334615774
            ],
            [
              81.15293697917159,
              27.07531731210525
            ],
            [
              81.153108315744,
              27.07530829199361
            ],
            [
              81.15357700904858,
              27.07492462422873
            ],
            [
              81.15383497555376,
              27.07470228392543
            ],
            [
              81.15411122277499,
              27.07446418726268
            ],
            [
              81.15455974530812,
              27.074076067693554
            ],
            [
              81.15494271328345,
              27.07359311461335
            ],
            [
              81.15544166274506,
              27.073218501252285
            ],
            [
              81.15597089800819,
              27.072821329062233
            ],
            [
              81.15660093502598,
              27.072803098863556
            ],
            [
              81.15725122456182,
              27.072843541888584
            ],
            [
              81.15787641157537,
              27.073023963147993
            ],
            [
              81.1584762768777,
              27.07316366766204
            ],
            [
              81.15910138214457,
              27.073312466664028
            ],
            [
              81.15968618719117,
              27.07355595376873
            ],
            [
              81.16028614142672,
              27.07370475065022
            ],
            [
              81.16096186855648,
              27.074679266795634
            ],
            [
              81.16318594538467,
              27.077792237099416
            ],
            [
              81.16361969422465,
              27.078320093077508
            ],
            [
              81.1652579518083,
              27.078202373999193
            ],
            [
              81.16755653400786,
              27.077908328114972
            ],
            [
              81.16827240684766,
              27.07797581219633
            ],
            [
              81.16903871110753,
              27.078156061225737
            ],
            [
              81.16966383883228,
              27.078214561273317
            ],
            [
              81.17081327276418,
              27.078376606221653
            ],
            [
              81.17103340043298,
              27.078012062147558
            ],
            [
              81.1711457662003,
              27.077825977180495
            ],
            [
              81.17145316969051,
              27.077437847656512
            ],
            [
              81.17252675257478,
              27.077117086207572
            ],
            [
              81.17324250324369,
              27.07709429113356
            ],
            [
              81.17439158323938,
              27.076358341852313
            ],
            [
              81.17520886778993,
              27.077756918903017
            ],
            [
              81.17664095213438,
              27.078830405215854
            ],
            [
              81.17858171559335,
              27.078649166264057
            ],
            [
              81.17976154671783,
              27.079172126381742
            ],
            [
              81.1805027906762,
              27.07946969303786
            ],
            [
              81.18088614313045,
              27.079925268838544
            ],
            [
              81.18207053679825,
              27.079464550077155
            ],
            [
              81.18275596483477,
              27.079207107399405
            ],
            [
              81.18311922377274,
              27.07967624790217
            ],
            [
              81.18365376538425,
              27.080113677836046
            ],
            [
              81.18386078483641,
              27.080695755338915
            ],
            [
              81.18408283130667,
              27.08118295688328
            ],
            [
              81.18465258867391,
              27.081291079725787
            ],
            [
              81.185267645386,
              27.081313381253814
            ],
            [
              81.1858977075566,
              27.08124990630882
            ],
            [
              81.18652271311049,
              27.080965330382718
            ],
            [
              81.18722836761395,
              27.080838690395993
            ],
            [
              81.18795423331298,
              27.080666856691927
            ],
            [
              81.18878655386476,
              27.08158253170531
            ],
            [
              81.18927062722527,
              27.08190267730806
            ],
            [
              81.18984047711899,
              27.082204802079428
            ],
            [
              81.1905413912127,
              27.08251126504151
            ],
            [
              81.19187249413947,
              27.082853673220644
            ],
            [
              81.19261357280782,
              27.082889420910444
            ],
            [
              81.1933294276813,
              27.082852933392502
            ],
            [
              81.1934204440876,
              27.0833673087214
            ],
            [
              81.19366776825163,
              27.083786843750744
            ],
            [
              81.19510941695893,
              27.0835695702244
            ],
            [
              81.19615764669092,
              27.083077152281728
            ],
            [
              81.1962841932633,
              27.083785556060615
            ],
            [
              81.196350072113,
              27.084376681860057
            ],
            [
              81.19678316338617,
              27.083681489853422
            ],
            [
              81.19744855270368,
              27.083455570178092
            ],
            [
              81.19811884322934,
              27.083161873999142
            ],
            [
              81.19930817313961,
              27.08259722210277
            ],
            [
              81.19990787764351,
              27.08232160915986
            ],
            [
              81.20050791093081,
              27.082447639609686
            ],
            [
              81.20089111965459,
              27.082609882389942
            ],
            [
              81.20127404720571,
              27.08234345378682
            ],
            [
              81.20164683187895,
              27.081842361991548
            ],
            [
              81.20220115888459,
              27.0815036691031
            ],
            [
              81.20611631872671,
              27.07896548420532
            ],
            [
              81.20771355114962,
              27.07792209432376
            ],
            [
              81.2087867872842,
              27.077145389878005
            ],
            [
              81.20931069823263,
              27.07679761960963
            ],
            [
              81.21003132136364,
              27.076427105043365
            ],
            [
              81.2103183079441,
              27.07590348582672
            ],
            [
              81.21073632369021,
              27.075456525042274
            ],
            [
              81.21111900869619,
              27.07486966989267
            ],
            [
              81.21171884704906,
              27.07486027460542
            ],
            [
              81.21242478182687,
              27.075121568241006
            ],
            [
              81.21372001322771,
              27.07471462515561
            ],
            [
              81.21309619434832,
              27.076330453910696
            ],
            [
              81.21240189544838,
              27.078135880265947
            ],
            [
              81.21264407855402,
              27.078356898810576
            ],
            [
              81.21268441021535,
              27.078397488603027
            ],
            [
              81.21214016859541,
              27.07865948985276
            ],
            [
              81.21184837243493,
              27.079377170898628
            ],
            [
              81.21161191339426,
              27.08000903873649
            ],
            [
              81.21154682236711,
              27.080555122012015
            ],
            [
              81.21198120721431,
              27.08168292467736
            ],
            [
              81.21239497392911,
              27.082224217679794
            ],
            [
              81.21276329756866,
              27.082566965858177
            ],
            [
              81.21439248935447,
              27.083671490649767
            ],
            [
              81.21497753155629,
              27.083955394264212
            ],
            [
              81.21557754597897,
              27.08419414179868
            ],
            [
              81.21623315893119,
              27.08440580509474
            ],
            [
              81.21664149173685,
              27.08440556435401
            ],
            [
              81.21704978771157,
              27.08440528602252
            ],
            [
              81.21732204192136,
              27.08440961535672
            ],
            [
              81.21776047817049,
              27.084120567746776
            ],
            [
              81.21826945732226,
              27.0839487110823
            ],
            [
              81.21889447904583,
              27.083799391130675
            ],
            [
              81.21945377104002,
              27.08344708739396
            ],
            [
              81.2198669233072,
              27.0831669600035
            ],
            [
              81.22023480228067,
              27.082972751894395
            ],
            [
              81.22066804626745,
              27.082710667150824
            ],
            [
              81.22099550105314,
              27.08243524484348
            ],
            [
              81.22154467622063,
              27.082046800157933
            ],
            [
              81.22217432157291,
              27.081401021265016
            ],
            [
              81.22240578687892,
              27.080990220217398
            ],
            [
              81.22264202762898,
              27.08018232914581
            ],
            [
              81.22266574135587,
              27.07835927435403
            ],
            [
              81.22268979015432,
              27.07703713025958
            ],
            [
              81.22308088967958,
              27.07465432436748
            ],
            [
              81.22334697425998,
              27.073399596208443
            ],
            [
              81.22392127081439,
              27.07303373613456
            ],
            [
              81.22488861983145,
              27.072437428016165
            ],
            [
              81.22605743671225,
              27.07166491220382
            ],
            [
              81.22647558271409,
              27.071441183215125
            ],
            [
              81.2272565681406,
              27.071023309752565
            ],
            [
              81.22784102014931,
              27.070774727380645
            ],
            [
              81.22855167916721,
              27.07063425678343
            ],
            [
              81.22916152924392,
              27.070611298810945
            ],
            [
              81.22978667493499,
              27.070714598051573
            ],
            [
              81.2302406691065,
              27.071102319711525
            ],
            [
              81.23118416156458,
              27.071990534199777
            ],
            [
              81.23217808184945,
              27.07297356722305
            ],
            [
              81.23281854471442,
              27.07326634784123
            ],
            [
              81.23340353391563,
              27.073450920604067
            ],
            [
              81.23408935271932,
              27.073698580379634
            ],
            [
              81.23472467183095,
              27.07390563860498
            ],
            [
              81.23508291457635,
              27.074316064084304
            ],
            [
              81.23535043735956,
              27.07466782461838
            ],
            [
              81.23622957900227,
              27.074262693203433
            ],
            [
              81.23664537411298,
              27.074071081261216
            ],
            [
              81.23710371882544,
              27.073705256174033
            ],
            [
              81.23817180761344,
              27.073158350837286
            ],
            [
              81.2387612246107,
              27.07274728120994
            ],
            [
              81.24020676392149,
              27.07160897239951
            ],
            [
              81.24126443584544,
              27.070705599966775
            ],
            [
              81.2413648450363,
              27.07034000866701
            ],
            [
              81.24169678870346,
              27.06963123193141
            ],
            [
              81.24218017305616,
              27.069152509634254
            ],
            [
              81.24271413255936,
              27.068764011713036
            ],
            [
              81.24324800402766,
              27.068398030921426
            ],
            [
              81.2438575558637,
              27.06805461227545
            ],
            [
              81.24456802174382,
              27.067783279148465
            ],
            [
              81.24510212407914,
              27.067597805140093
            ],
            [
              81.24579251440929,
              27.06739418133894
            ],
            [
              81.24642759995898,
              27.067371048319387
            ],
            [
              81.24647177820633,
              27.067365588033372
            ],
            [
              81.24716335071939,
              27.067280112044497
            ],
            [
              81.24769796778935,
              27.067573028320282
            ],
            [
              81.24824657971315,
              27.06776500493476
            ],
            [
              81.24910888872405,
              27.068241164618183
            ],
            [
              81.2497788846023,
              27.068611767835637
            ],
            [
              81.25070025335157,
              27.06952412492416
            ],
            [
              81.25145524063547,
              27.07058522601637
            ],
            [
              81.25245688643177,
              27.07194886303273
            ],
            [
              81.25248009261053,
              27.071918163972637
            ],
            [
              81.25263354821722,
              27.07172787984561
            ],
            [
              81.25278482810432,
              27.071628791382462
            ],
            [
              81.25304194121,
              27.071579317908746
            ],
            [
              81.25326865442817,
              27.071714922368432
            ],
            [
              81.2534347996366,
              27.071913598987518
            ],
            [
              81.25358062225833,
              27.072216022650267
            ],
            [
              81.25354511904168,
              27.07241456000049
            ],
            [
              81.2534339956444,
              27.072649175909167
            ],
            [
              81.2533581410035,
              27.0728475749119
            ],
            [
              81.25333768995773,
              27.073145439918704
            ],
            [
              81.25345320971002,
              27.073529079378652
            ],
            [
              81.25356403217167,
              27.073646486612958
            ],
            [
              81.2537100865588,
              27.07368273236526
            ],
            [
              81.25395212323905,
              27.073696430303404
            ],
            [
              81.25410326119234,
              27.073696604677153
            ],
            [
              81.25449154000759,
              27.07357963263027
            ],
            [
              81.25514734699593,
              27.07309738530836
            ],
            [
              81.25575788877539,
              27.07256540290984
            ],
            [
              81.25615137422604,
              27.072249856397278
            ],
            [
              81.25663560658838,
              27.072015569208173
            ],
            [
              81.25748265501923,
              27.071768180877555
            ],
            [
              81.25787613957155,
              27.071484155200675
            ],
            [
              81.25807811318678,
              27.07121811129543
            ],
            [
              81.25805823436785,
              27.070933801060594
            ],
            [
              81.25809897027102,
              27.070550295101317
            ],
            [
              81.25818978814962,
              27.07040149883214
            ],
            [
              81.2586035117453,
              27.070067860367985
            ],
            [
              81.25877009084004,
              27.069815333134734
            ],
            [
              81.25876023003313,
              27.069598682847523
            ],
            [
              81.25874029012878,
              27.069431744958205
            ],
            [
              81.25849847623073,
              27.069264559647777
            ],
            [
              81.25807510293224,
              27.069196527981617
            ],
            [
              81.25781316677183,
              27.06902931912295
            ],
            [
              81.2576822921164,
              27.068898378111918
            ],
            [
              81.25757156487616,
              27.068749353274363
            ],
            [
              81.25755161868358,
              27.06847864816355
            ],
            [
              81.2577384637711,
              27.068199028904534
            ],
            [
              81.25783436791085,
              27.068045689169647
            ],
            [
              81.25783450714971,
              27.06794633027851
            ],
            [
              81.25771862986795,
              27.067846980098487
            ],
            [
              81.25723504608926,
              27.067598449878094
            ],
            [
              81.25698316926336,
              27.067399632824394
            ],
            [
              81.25690781408578,
              27.06721457094309
            ],
            [
              81.25681742380524,
              27.066880547828816
            ],
            [
              81.25676251158856,
              27.066397710937554
            ],
            [
              81.25657653786686,
              27.065846984656712
            ],
            [
              81.25641079061211,
              27.06529637326205
            ],
            [
              81.25629041816067,
              27.06471414779542
            ],
            [
              81.25638140671916,
              27.064479596075845
            ],
            [
              81.25649750318986,
              27.064312675363148
            ],
            [
              81.25658325726518,
              27.064294187797987
            ],
            [
              81.2568100683997,
              27.064245291049293
            ],
            [
              81.25712755368237,
              27.064362886393972
            ],
            [
              81.25759083823058,
              27.06472876676444
            ],
            [
              81.25819013130607,
              27.065297881147984
            ],
            [
              81.2586734590649,
              27.06579916929852
            ],
            [
              81.25898580598414,
              27.065997960392448
            ],
            [
              81.25922765042495,
              27.066065787616427
            ],
            [
              81.25937906236439,
              27.065898950058322
            ],
            [
              81.25937946930121,
              27.065497381075765
            ],
            [
              81.2594151863169,
              27.06506418738638
            ],
            [
              81.25964215375829,
              27.06486586260345
            ],
            [
              81.25988420930318,
              27.064780284716107
            ],
            [
              81.26031264101496,
              27.064780624691956
            ],
            [
              81.26077621122747,
              27.06494796307776
            ],
            [
              81.2613454790129,
              27.065264361279194
            ],
            [
              81.26178876077468,
              27.065517429121417
            ],
            [
              81.26197519712875,
              27.065598749179806
            ],
            [
              81.26231287294576,
              27.065599074754296
            ],
            [
              81.26259019634868,
              27.065549608219033
            ],
            [
              81.26322536005178,
              27.065432838855482
            ],
            [
              81.26339167324517,
              27.065514134177135
            ],
            [
              81.26363833265589,
              27.065816662295372
            ],
            [
              81.26377925406946,
              27.06603795790923
            ],
            [
              81.2638748950028,
              27.06614629134503
            ],
            [
              81.26403108418295,
              27.066200551615818
            ],
            [
              81.26435356409857,
              27.06635421384692
            ],
            [
              81.26457045244246,
              27.066164879396414
            ],
            [
              81.26478745397407,
              27.065966534961994
            ],
            [
              81.26488835634005,
              27.06583125712263
            ],
            [
              81.26505980160864,
              27.06579973085352
            ],
            [
              81.26533699834913,
              27.06576836776254
            ],
            [
              81.26552354789091,
              27.06576852295015
            ],
            [
              81.26574531229015,
              27.065768762131047
            ],
            [
              81.26589660565199,
              27.065683077741255
            ],
            [
              81.26596727342044,
              27.06558388794315
            ],
            [
              81.2661947331386,
              27.064934257671133
            ],
            [
              81.26623044117113,
              27.0644514299979
            ],
            [
              81.26627130912668,
              27.06395063739047
            ],
            [
              81.26619597281369,
              27.063666220732195
            ],
            [
              81.26581317461999,
              27.063363597217553
            ],
            [
              81.26523887537064,
              27.063047344844676
            ],
            [
              81.2648661481896,
              27.062816882219792
            ],
            [
              81.26458924609652,
              27.06244667502854
            ],
            [
              81.26443832014562,
              27.062148711201154
            ],
            [
              81.26441852217508,
              27.061832780987697
            ],
            [
              81.26440364697228,
              27.061598155244507
            ],
            [
              81.26444919155719,
              27.06139962513993
            ],
            [
              81.26460053702131,
              27.06119665965739
            ],
            [
              81.26480218724302,
              27.061147244778102
            ],
            [
              81.26506427521876,
              27.06119707004135
            ],
            [
              81.26536156008564,
              27.061296521309412
            ],
            [
              81.26569897179793,
              27.061599144002304
            ],
            [
              81.26603121999396,
              27.062000982132624
            ],
            [
              81.26632835304554,
              27.062217895888082
            ],
            [
              81.26677704895354,
              27.06218211680676
            ],
            [
              81.26697873870113,
              27.062064959954668
            ],
            [
              81.26729660217453,
              27.06174934629133
            ],
            [
              81.26813396856325,
              27.061068513393334
            ],
            [
              81.26886022682606,
              27.060518627311662
            ],
            [
              81.26955620557558,
              27.060153637178367
            ],
            [
              81.26983850474689,
              27.0600184539239
            ],
            [
              81.27011600511791,
              27.05978404197933
            ],
            [
              81.27028245305861,
              27.059603652213518
            ],
            [
              81.2706205762366,
              27.05917067815257
            ],
            [
              81.27100916407232,
              27.0586519998586
            ],
            [
              81.27155400486856,
              27.058052277691242
            ],
            [
              81.271855756159,
              27.057578206729833
            ],
            [
              81.27215976401746,
              27.057100584174005
            ],
            [
              81.27238203237158,
              27.056500613711208
            ],
            [
              81.27273552302913,
              27.0558014199892
            ],
            [
              81.27287710470442,
              27.055232984626382
            ],
            [
              81.27300839078826,
              27.05496684376373
            ],
            [
              81.273134505271,
              27.054849552172808
            ],
            [
              81.2733210745757,
              27.054700798271483
            ],
            [
              81.27352786585581,
              27.054633223379188
            ],
            [
              81.27369416377785,
              27.054601822764834
            ],
            [
              81.27393612140636,
              27.054570359740453
            ],
            [
              81.27415787682244,
              27.054520862740294
            ],
            [
              81.27423359491944,
              27.054435228958404
            ],
            [
              81.2742891808726,
              27.054317956812117
            ],
            [
              81.27427410444717,
              27.05418710102621
            ],
            [
              81.27423395424555,
              27.054033562928087
            ],
            [
              81.27423407102653,
              27.053902769212065
            ],
            [
              81.27421911767031,
              27.05375380604967
            ],
            [
              81.27413359625864,
              27.053519105805368
            ],
            [
              81.27417410309143,
              27.0533521391797
            ],
            [
              81.27428513575886,
              27.053185334710808
            ],
            [
              81.27449179857985,
              27.05313577629763
            ],
            [
              81.27487993905456,
              27.053104507268504
            ],
            [
              81.27519748272772,
              27.053086677877815
            ],
            [
              81.27549491761323,
              27.052937940839648
            ],
            [
              81.2758831263599,
              27.052771279760115
            ],
            [
              81.27614531315031,
              27.052690200810293
            ],
            [
              81.27638719801529,
              27.052672339352576
            ],
            [
              81.27657361280977,
              27.05272211477838
            ],
            [
              81.27673989725709,
              27.052821504758054
            ],
            [
              81.27675997280706,
              27.052938900072768
            ],
            [
              81.27679516161335,
              27.053038157055923
            ],
            [
              81.27673947774385,
              27.053236682759195
            ],
            [
              81.2766083039494,
              27.053421574899893
            ],
            [
              81.27644170060019,
              27.05373736320016
            ],
            [
              81.27642639510438,
              27.053990065842232
            ],
            [
              81.27659246305768,
              27.054220251397084
            ],
            [
              81.27681410618437,
              27.054423512709537
            ],
            [
              81.27731789217549,
              27.05464047871989
            ],
            [
              81.27765039459477,
              27.054771514780278
            ],
            [
              81.27793266412168,
              27.05480782823502
            ],
            [
              81.278285401991,
              27.054808089039685
            ],
            [
              81.27862850542893,
              27.054424779936507
            ],
            [
              81.27878006738706,
              27.054023264272534
            ],
            [
              81.27896673011657,
              27.053793250318126
            ],
            [
              81.27905751296088,
              27.053725598877083
            ],
            [
              81.27929949933545,
              27.053626480106033
            ],
            [
              81.27958171676008,
              27.05357703389094
            ],
            [
              81.27976829235301,
              27.05354114165008
            ],
            [
              81.28013605544379,
              27.053676758322606
            ],
            [
              81.28041798001763,
              27.054074015122815
            ],
            [
              81.28054862380604,
              27.054525351631916
            ],
            [
              81.2806744238784,
              27.05474207184077
            ],
            [
              81.28088102291902,
              27.05482789339176
            ],
            [
              81.28125401600141,
              27.05476042737801
            ],
            [
              81.28140034796793,
              27.054643240373313
            ],
            [
              81.2815314786432,
              27.05444474195959
            ],
            [
              81.28160742221732,
              27.054128950850316
            ],
            [
              81.28168343586005,
              27.053628136953073
            ],
            [
              81.28170372700568,
              27.053361881079763
            ],
            [
              81.28182995287953,
              27.053145407812845
            ],
            [
              81.28209210194066,
              27.05301018171129
            ],
            [
              81.28229891657696,
              27.052874945846398
            ],
            [
              81.28257107197207,
              27.052825484899557
            ],
            [
              81.28277268176961,
              27.052875221856077
            ],
            [
              81.28295904895339,
              27.053010747330468
            ],
            [
              81.28306984266897,
              27.053073999856036
            ],
            [
              81.28318069208007,
              27.053092122858498
            ],
            [
              81.28335202775422,
              27.053092197260973
            ],
            [
              81.28357386761193,
              27.05301115774438
            ],
            [
              81.28362945356511,
              27.052844248764842
            ],
            [
              81.28370518873005,
              27.05260961862047
            ],
            [
              81.28370551032693,
              27.05225767688407
            ],
            [
              81.28372086882337,
              27.051991460960235
            ],
            [
              81.28374128034324,
              27.051707188384555
            ],
            [
              81.28378179076928,
              27.05144095035356
            ],
            [
              81.28398368533277,
              27.05112523319357
            ],
            [
              81.28435683112873,
              27.050791482178926
            ],
            [
              81.28490641772463,
              27.05047596000258
            ],
            [
              81.28514841577731,
              27.0503588157254
            ],
            [
              81.28539042730475,
              27.050273289973234
            ],
            [
              81.2856122447046,
              27.05016053774494
            ],
            [
              81.28570807428416,
              27.050074919036078
            ],
            [
              81.28570820004829,
              27.049926016395425
            ],
            [
              81.28570834557539,
              27.04975900682035
            ],
            [
              81.2857084937974,
              27.049592089802665
            ],
            [
              81.28572375078419,
              27.049407032940852
            ],
            [
              81.28572390619274,
              27.049190480838746
            ],
            [
              81.28579967369707,
              27.049009986032004
            ],
            [
              81.28587534597996,
              27.048910743886648
            ],
            [
              81.2860618101818,
              27.048874845352724
            ],
            [
              81.28654577394788,
              27.048658476236927
            ],
            [
              81.2869993980135,
              27.04870844625732
            ],
            [
              81.2871706124151,
              27.048807785388462
            ],
            [
              81.28748278865442,
              27.049241181871547
            ],
            [
              81.28763372628339,
              27.049475983070614
            ],
            [
              81.28785556434451,
              27.049476099078202
            ],
            [
              81.28809759024497,
              27.049241574698065
            ],
            [
              81.2883399422339,
              27.048727353221356
            ],
            [
              81.28820902266273,
              27.048492572057402
            ],
            [
              81.28755968803603,
              27.047481402121438
            ],
            [
              81.28754457298302,
              27.047458822641406
            ],
            [
              81.28702600701052,
              27.046858358178188
            ],
            [
              81.28691016835634,
              27.046722903679775
            ],
            [
              81.28640665365644,
              27.046158526711547
            ],
            [
              81.2856264910867,
              27.04490805861466
            ],
            [
              81.28529446297789,
              27.044176830656625
            ],
            [
              81.28518424777737,
              27.043373567731216
            ],
            [
              81.28529564965238,
              27.04279147891056
            ],
            [
              81.28533112412296,
              27.042525279734328
            ],
            [
              81.28531107103086,
              27.042340235222387
            ],
            [
              81.28531120398154,
              27.042141696642084
            ],
            [
              81.28510988883143,
              27.04185730230168
            ],
            [
              81.28500594117662,
              27.041732232764254
            ],
            [
              81.28490350089488,
              27.041608976933226
            ],
            [
              81.2847927287389,
              27.041405830027067
            ],
            [
              81.28480303421185,
              27.04115766688261
            ],
            [
              81.28483842513909,
              27.041004247775785
            ],
            [
              81.28491407226917,
              27.04092311311731
            ],
            [
              81.2850249531213,
              27.04090511136702
            ],
            [
              81.28539781504965,
              27.041040675301325
            ],
            [
              81.28556400876712,
              27.041122041107144
            ],
            [
              81.28575039032394,
              27.041189823363815
            ],
            [
              81.28595703517865,
              27.041221591781916
            ],
            [
              81.28619897034928,
              27.041140475683115
            ],
            [
              81.2862142057765,
              27.040973525843903
            ],
            [
              81.28615908335402,
              27.040671206767474
            ],
            [
              81.2855293912893,
              27.040323304988625
            ],
            [
              81.28519191489833,
              27.04012449080045
            ],
            [
              81.2848947081849,
              27.039988952963792
            ],
            [
              81.28470834459436,
              27.03982190139682
            ],
            [
              81.28454219219942,
              27.039623250345745
            ],
            [
              81.2841546922235,
              27.038986680639546
            ],
            [
              81.28373664503636,
              27.038787876886158
            ],
            [
              81.2832729508564,
              27.038904898019663
            ],
            [
              81.28291499736848,
              27.039053592847736
            ],
            [
              81.28258230091312,
              27.039152630875922
            ],
            [
              81.28236058502291,
              27.03915250765653
            ],
            [
              81.28209864796416,
              27.039053075965928
            ],
            [
              81.28193252970516,
              27.038786679093803
            ],
            [
              81.28206385531487,
              27.038416752667494
            ],
            [
              81.28223053861417,
              27.03792052303253
            ],
            [
              81.28241727231058,
              27.03764987314722
            ],
            [
              81.28254853683485,
              27.037284450959454
            ],
            [
              81.28280584936651,
              27.036919104395903
            ],
            [
              81.28330011501225,
              27.036468181164075
            ],
            [
              81.28346669859855,
              27.036134364158144
            ],
            [
              81.28347673188195,
              27.036071229308497
            ],
            [
              81.28350204281341,
              27.035935813801878
            ],
            [
              81.28341155820978,
              27.03576880581302
            ],
            [
              81.28330077168073,
              27.03558376376623
            ],
            [
              81.28298336185655,
              27.035569989960173
            ],
            [
              81.28249950229505,
              27.03565086603804
            ],
            [
              81.28218199275788,
              27.035718345940747
            ],
            [
              81.28182930968578,
              27.035718185110508
            ],
            [
              81.28153193678402,
              27.03568632231754
            ],
            [
              81.28129013905563,
              27.035618527136062
            ],
            [
              81.28099290000284,
              27.035519012300334
            ],
            [
              81.28071580836524,
              27.035482754215657
            ],
            [
              81.2804538479503,
              27.035450968170483
            ],
            [
              81.28019185160274,
              27.035365043784093
            ],
            [
              81.28008101656465,
              27.035265756767462
            ],
            [
              81.28000561557299,
              27.035148350967255
            ],
            [
              81.27985962496626,
              27.034881971234874
            ],
            [
              81.2798700840511,
              27.034516520834416
            ],
            [
              81.279925666411,
              27.03434960995427
            ],
            [
              81.2800012749135,
              27.034214245982085
            ],
            [
              81.2801324585894,
              27.034083486779288
            ],
            [
              81.28054067910564,
              27.03403411597078
            ],
            [
              81.28091349342327,
              27.034147171657494
            ],
            [
              81.28119057517942,
              27.034233156187813
            ],
            [
              81.28148781872376,
              27.034282943792473
            ],
            [
              81.28184046855823,
              27.034350847801992
            ],
            [
              81.28210244783781,
              27.03436461535633
            ],
            [
              81.28230916725268,
              27.034283516707482
            ],
            [
              81.2824907994166,
              27.03406704504861
            ],
            [
              81.2825311948583,
              27.033850439345066
            ],
            [
              81.28253135924999,
              27.033715045164993
            ],
            [
              81.28245601395383,
              27.03338108634576
            ],
            [
              81.2823253189615,
              27.032983878724092
            ],
            [
              81.2823104266907,
              27.032780865042387
            ],
            [
              81.28235610602289,
              27.032397295865355
            ],
            [
              81.2824318133401,
              27.032261930339782
            ],
            [
              81.28259817683912,
              27.032149264040882
            ],
            [
              81.28276449991398,
              27.032113256923527
            ],
            [
              81.28302652141437,
              27.03213152734234
            ],
            [
              81.28324809177751,
              27.032199299823755
            ],
            [
              81.28367639682689,
              27.03229884560783
            ],
            [
              81.2839937563454,
              27.03234874129352
            ],
            [
              81.28425581198177,
              27.032380520215167
            ],
            [
              81.28453294314524,
              27.032380648243024
            ],
            [
              81.28479500237485,
              27.032281537826606
            ],
            [
              81.2850722727772,
              27.03216438016123
            ],
            [
              81.28531423579562,
              27.032047232775913
            ],
            [
              81.28548561099564,
              27.032033792209706
            ],
            [
              81.2856870878425,
              27.032083619198
            ],
            [
              81.28579783574398,
              27.032214523160864
            ],
            [
              81.28578260929994,
              27.03233184000867
            ],
            [
              81.28574222733295,
              27.032498813901146
            ],
            [
              81.28542442494499,
              27.032949776279228
            ],
            [
              81.28514700542235,
              27.033233946733166
            ],
            [
              81.28509143114728,
              27.03340086087207
            ],
            [
              81.2850913269427,
              27.033531749696504
            ],
            [
              81.2851667746468,
              27.033784453026424
            ],
            [
              81.28524221516435,
              27.03391537020963
            ],
            [
              81.28546380529042,
              27.034014759240826
            ],
            [
              81.28560996837366,
              27.034014852059673
            ],
            [
              81.28581668419528,
              27.033933748357228
            ],
            [
              81.2860236245957,
              27.033532316214025
            ],
            [
              81.28616998530832,
              27.03314884082309
            ],
            [
              81.28633663177666,
              27.03275187323151
            ],
            [
              81.28675534731039,
              27.032151915823505
            ],
            [
              81.28688655883403,
              27.031903865052968
            ],
            [
              81.2869774449846,
              27.0316873023872
            ],
            [
              81.28699775679148,
              27.03143464314881
            ],
            [
              81.28686680937251,
              27.031285614156644
            ],
            [
              81.28653441295445,
              27.031149997633886
            ],
            [
              81.28606589661804,
              27.03103240588856
            ],
            [
              81.28558214844765,
              27.030950875934288
            ],
            [
              81.2854007687103,
              27.030919175826334
            ],
            [
              81.28506332555699,
              27.030801612645984
            ],
            [
              81.28474594088561,
              27.03064803775443
            ],
            [
              81.2842927542995,
              27.030331869214212
            ],
            [
              81.28382428108222,
              27.030096891936576
            ],
            [
              81.28347162855282,
              27.02999737380768
            ],
            [
              81.28338105142272,
              27.029911618889727
            ],
            [
              81.28332578437148,
              27.029694964360758
            ],
            [
              81.28332586881314,
              27.02958218185892
            ],
            [
              81.28338145207135,
              27.029365541097945
            ],
            [
              81.28352769959625,
              27.029162592092455
            ],
            [
              81.28412304727098,
              27.028228920637705
            ],
            [
              81.28426450228383,
              27.027827379278225
            ],
            [
              81.2844309313599,
              27.027610936784775
            ],
            [
              81.28459727868926,
              27.027547810746412
            ],
            [
              81.28476357391635,
              27.027529909278307
            ],
            [
              81.28500540039084,
              27.027561667957933
            ],
            [
              81.28521198056683,
              27.02762946960408
            ],
            [
              81.28582666088484,
              27.027729141870616
            ],
            [
              81.28623471072115,
              27.027846677859444
            ],
            [
              81.28651173588342,
              27.027928058028166
            ],
            [
              81.28686948814868,
              27.027964381768438
            ],
            [
              81.28731292621735,
              27.02792858536383
            ],
            [
              81.28749941826695,
              27.027797823643162
            ],
            [
              81.28768608279313,
              27.02756328918037
            ],
            [
              81.28778200759409,
              27.027247507260068
            ],
            [
              81.28778226810553,
              27.026981223216108
            ],
            [
              81.28776234526914,
              27.026597726255144
            ],
            [
              81.2877224115615,
              27.026164481615087
            ],
            [
              81.28739507984501,
              27.02588001239516
            ],
            [
              81.28715351657694,
              27.025581972280566
            ],
            [
              81.28704272735294,
              27.02544656493087
            ],
            [
              81.28672553042946,
              27.025229752946863
            ],
            [
              81.28657950928003,
              27.025031120092226
            ],
            [
              81.28654436988107,
              27.024846104364496
            ],
            [
              81.28663524525186,
              27.02467917591047
            ],
            [
              81.28691248241651,
              27.024530393227597
            ],
            [
              81.28719465492534,
              27.02446291700506
            ],
            [
              81.28776910868493,
              27.024413637994837
            ],
            [
              81.28843932015884,
              27.024364399774786
            ],
            [
              81.28859036468732,
              27.024481828052544
            ],
            [
              81.28873627983556,
              27.024730095272993
            ],
            [
              81.28894241624381,
              27.025398112983495
            ],
            [
              81.28916364884043,
              27.026016461908373
            ],
            [
              81.28946062019524,
              27.026332520964015
            ],
            [
              81.29003983233089,
              27.026748017004312
            ],
            [
              81.29041238164551,
              27.027167871058893
            ],
            [
              81.29055818360601,
              27.027565041636933
            ],
            [
              81.29079970195838,
              27.028048104852235
            ],
            [
              81.291358525032,
              27.028666621633985
            ],
            [
              81.29181168736358,
              27.02914969291449
            ],
            [
              81.29212889686345,
              27.029416127855306
            ],
            [
              81.29227995127343,
              27.029533551651816
            ],
            [
              81.29241099571045,
              27.0296013209
            ],
            [
              81.29257729183584,
              27.029583410156892
            ],
            [
              81.29263269992256,
              27.029551795283716
            ],
            [
              81.29268812956884,
              27.029502164820137
            ],
            [
              81.2927436679113,
              27.029402990248226
            ],
            [
              81.29277914777175,
              27.029069042611116
            ],
            [
              81.29281950997577,
              27.029001428280214
            ],
            [
              81.29296571438154,
              27.02891575582246
            ],
            [
              81.29300601370349,
              27.02890218925022
            ],
            [
              81.29311689994555,
              27.02891580063361
            ],
            [
              81.293162235223,
              27.028942912167786
            ],
            [
              81.29320757139874,
              27.028970022895237
            ],
            [
              81.29326301092651,
              27.02900164593415
            ],
            [
              81.29333845683396,
              27.02913255909093
            ],
            [
              81.29346928298035,
              27.02934923310938
            ],
            [
              81.29352463806647,
              27.029502737759508
            ],
            [
              81.29356474694559,
              27.029750949071193
            ],
            [
              81.29362012718457,
              27.02983671211377
            ],
            [
              81.29382160403141,
              27.029886437652348
            ],
            [
              81.294083748601,
              27.029836944969734
            ],
            [
              81.29413921867149,
              27.029751190729456
            ],
            [
              81.29419491960898,
              27.029367717630098
            ],
            [
              81.29417494107707,
              27.02915105084912
            ],
            [
              81.29415995268656,
              27.028970558228018
            ],
            [
              81.29419563017638,
              27.028365914636055
            ],
            [
              81.29425115414578,
              27.02818548636994
            ],
            [
              81.29449309560461,
              27.028117960329823
            ],
            [
              81.29486586410815,
              27.028267015131
            ],
            [
              81.295016875399,
              27.02847019461263
            ],
            [
              81.29519797665861,
              27.02893508782498
            ],
            [
              81.29497575501689,
              27.029634377708316
            ],
            [
              81.29484420482835,
              27.03038788801526
            ],
            [
              81.2948840909253,
              27.030884274970166
            ],
            [
              81.29513605039617,
              27.030952149827755
            ],
            [
              81.29526705530733,
              27.030965777766543
            ],
            [
              81.29550894825712,
              27.03085302934856
            ],
            [
              81.29569549240904,
              27.03071775398283
            ],
            [
              81.29584174173057,
              27.030636675105335
            ],
            [
              81.29600807917845,
              27.030582637691374
            ],
            [
              81.29619447061675,
              27.030582664897747
            ],
            [
              81.2963657541886,
              27.030650467920843
            ],
            [
              81.29643626385358,
              27.030700165092593
            ],
            [
              81.29658739102707,
              27.030804073216103
            ],
            [
              81.29664274341825,
              27.03091685769159
            ],
            [
              81.29664259070468,
              27.031101885824306
            ],
            [
              81.29658705326052,
              27.031250787831315
            ],
            [
              81.29645584533013,
              27.031467320932023
            ],
            [
              81.29623396504823,
              27.03171989527796
            ],
            [
              81.29599202987757,
              27.031868677238997
            ],
            [
              81.29572989788441,
              27.031949700014774
            ],
            [
              81.2955787698126,
              27.031985780000692
            ],
            [
              81.29532173306374,
              27.03205324770285
            ],
            [
              81.29515538483602,
              27.032116384011573
            ],
            [
              81.29498395034722,
              27.0321839748623
            ],
            [
              81.29492851620935,
              27.032283239798566
            ],
            [
              81.29491329425687,
              27.032450193758994
            ],
            [
              81.29492825030802,
              27.032567447146903
            ],
            [
              81.29500385342064,
              27.03265322564228
            ],
            [
              81.29511460042384,
              27.032702961136167
            ],
            [
              81.29539677383097,
              27.032784373793547
            ],
            [
              81.29554283001471,
              27.03283409322592
            ],
            [
              81.2958048703797,
              27.032883868648184
            ],
            [
              81.29602653596429,
              27.032920097165643
            ],
            [
              81.296500247258,
              27.0329023157793
            ],
            [
              81.29681768492996,
              27.032839311940634
            ],
            [
              81.29726629190475,
              27.03273579538394
            ],
            [
              81.29772994835548,
              27.032618731812686
            ],
            [
              81.29808270958104,
              27.032587329039643
            ],
            [
              81.2983044155898,
              27.03258743066156
            ],
            [
              81.29880828242928,
              27.032587685916653
            ],
            [
              81.29899465500296,
              27.032705087192785
            ],
            [
              81.29907019523351,
              27.032804467693214
            ],
            [
              81.29912549013251,
              27.03302111702331
            ],
            [
              81.29908500216433,
              27.03325574491009
            ],
            [
              81.2989740395655,
              27.033354920080374
            ],
            [
              81.29880775691484,
              27.0334044552217
            ],
            [
              81.29858605000776,
              27.03340435360051
            ],
            [
              81.29824848198861,
              27.03333645622011
            ],
            [
              81.29802684515015,
              27.033273206973536
            ],
            [
              81.29765397334033,
              27.033155687866415
            ],
            [
              81.29739194734836,
              27.03313744321962
            ],
            [
              81.29726600534215,
              27.0331373776058
            ],
            [
              81.29719031599126,
              27.033223115657414
            ],
            [
              81.2971145700465,
              27.03345316216887
            ],
            [
              81.29714976693768,
              27.03360214507544
            ],
            [
              81.29726558493061,
              27.033755607904748
            ],
            [
              81.29739143620698,
              27.033886562729247
            ],
            [
              81.29774909325081,
              27.034121400050353
            ],
            [
              81.29802612020973,
              27.034220775296486
            ],
            [
              81.29828814260843,
              27.03433828768776
            ],
            [
              81.29867602526664,
              27.03443775796089
            ],
            [
              81.29893805036029,
              27.034505545053584
            ],
            [
              81.2992151842187,
              27.03455537334556
            ],
            [
              81.29955279895024,
              27.034487876740723
            ],
            [
              81.29975449857929,
              27.034339055041404
            ],
            [
              81.29986546297475,
              27.03414061113252
            ],
            [
              81.29996127189308,
              27.03400525490996
            ],
            [
              81.3001276398837,
              27.033924098389807
            ],
            [
              81.30041484924634,
              27.034005459751587
            ],
            [
              81.30052557738489,
              27.03412284194187
            ],
            [
              81.30060109695418,
              27.03433950713194
            ],
            [
              81.30075199685393,
              27.03470959902254
            ],
            [
              81.30095339285243,
              27.03498947298834
            ],
            [
              81.30110431610835,
              27.03529191618633
            ],
            [
              81.30117984016923,
              27.035409312234606
            ],
            [
              81.30128942115917,
              27.03552108789409
            ],
            [
              81.30132589725132,
              27.035558294946128
            ],
            [
              81.30145684916182,
              27.035675690715877
            ],
            [
              81.30166338262542,
              27.03580661769617
            ],
            [
              81.30182962844516,
              27.03584283726909
            ],
            [
              81.30210680901597,
              27.035707634327053
            ],
            [
              81.30216234107021,
              27.0356083636164
            ],
            [
              81.30216248569897,
              27.035373702238303
            ],
            [
              81.30197628021195,
              27.035044162008415
            ],
            [
              81.30188570487847,
              27.034890676135383
            ],
            [
              81.30179006664007,
              27.034624451822545
            ],
            [
              81.3017550745648,
              27.03427693218563
            ],
            [
              81.30171991180964,
              27.034042284828278
            ],
            [
              81.30167982269343,
              27.033757953186488
            ],
            [
              81.30160941633473,
              27.03355935301844
            ],
            [
              81.30147836201624,
              27.033491591760008
            ],
            [
              81.30123652027042,
              27.033459949981292
            ],
            [
              81.30089896931926,
              27.03342367602851
            ],
            [
              81.30073277470348,
              27.033342324647347
            ],
            [
              81.30064206192777,
              27.0332249632457
            ],
            [
              81.30062207081944,
              27.03305793202059
            ],
            [
              81.30082380907606,
              27.032773808331314
            ],
            [
              81.30091959643481,
              27.032656558359573
            ],
            [
              81.30114140664816,
              27.032557384973018
            ],
            [
              81.30145885869314,
              27.032525898964803
            ],
            [
              81.30168058176986,
              27.032557614622654
            ],
            [
              81.30183175296084,
              27.032625394848655
            ],
            [
              81.30209371157915,
              27.03265714408561
            ],
            [
              81.30253720983491,
              27.03257617303136
            ],
            [
              81.30266832164557,
              27.0324407989195
            ],
            [
              81.30270373682734,
              27.03224233485215
            ],
            [
              81.30266892800842,
              27.03142548827863
            ],
            [
              81.3022717891095,
              27.029990376936038
            ],
            [
              81.30214117766046,
              27.029408156309508
            ],
            [
              81.30187964574189,
              27.028640887178693
            ],
            [
              81.30188997816427,
              27.028189674637897
            ],
            [
              81.30194561262644,
              27.02794150068616
            ],
            [
              81.30213225289809,
              27.02760767833712
            ],
            [
              81.30237429496826,
              27.02739123381983
            ],
            [
              81.3028179387511,
              27.026958220301196
            ],
            [
              81.30328682519342,
              27.026624540668866
            ],
            [
              81.30348854728037,
              27.026241048091567
            ],
            [
              81.30392752341699,
              27.02525757917145
            ],
            [
              81.30400351460182,
              27.024725117850522
            ],
            [
              81.30414970643116,
              27.02449052975808
            ],
            [
              81.30430102764076,
              27.02430562597262
            ],
            [
              81.3047648538731,
              27.023940365220263
            ],
            [
              81.30521831085213,
              27.023872906248474
            ],
            [
              81.30548029911485,
              27.024008425127153
            ],
            [
              81.3061149552698,
              27.0242433383204
            ],
            [
              81.30635680240555,
              27.024306683878947
            ],
            [
              81.30661376100099,
              27.02434287995308
            ],
            [
              81.30685568898508,
              27.024275333997714
            ],
            [
              81.30706228982235,
              27.024176093992885
            ],
            [
              81.30715315620999,
              27.02394150395366
            ],
            [
              81.30728426981727,
              27.02363920303831
            ],
            [
              81.30736021069643,
              27.023142863286722
            ],
            [
              81.30715364399516,
              27.023007439392746
            ],
            [
              81.3067858880909,
              27.02292602124855
            ],
            [
              81.30628209491327,
              27.022790397032526
            ],
            [
              81.30588925085972,
              27.02260522716842
            ],
            [
              81.30566766432689,
              27.022356868025085
            ],
            [
              81.3055570619525,
              27.02207256601733
            ],
            [
              81.30579906809004,
              27.02177486070842
            ],
            [
              81.30640403492487,
              27.02122458764053
            ],
            [
              81.30670149586155,
              27.02094048363155
            ],
            [
              81.30703925432351,
              27.0206428081333
            ],
            [
              81.30724087400252,
              27.02039019927456
            ],
            [
              81.30728129010546,
              27.020259340749806
            ],
            [
              81.30728140778476,
              27.020092419084527
            ],
            [
              81.30728144371737,
              27.020006659005272
            ],
            [
              81.30709504599088,
              27.019925389936063
            ],
            [
              81.30640483262881,
              27.019893434633506
            ],
            [
              81.30612776614409,
              27.019857221920734
            ],
            [
              81.3058456502291,
              27.019739702380356
            ],
            [
              81.30570479259592,
              27.019437358947965
            ],
            [
              81.30580066619292,
              27.019171106807025
            ],
            [
              81.3059469137178,
              27.01902227361479
            ],
            [
              81.30628458504322,
              27.018855490959268
            ],
            [
              81.30654157058811,
              27.018806019825135
            ],
            [
              81.30682370087615,
              27.018806159072273
            ],
            [
              81.30704538173208,
              27.018806247902322
            ],
            [
              81.30750884504502,
              27.01892382123688
            ],
            [
              81.3077394560532,
              27.019079437639185
            ],
            [
              81.30797723831225,
              27.019239893845608
            ],
            [
              81.30855140820422,
              27.01954249229386
            ],
            [
              81.30907522572785,
              27.0198090172449
            ],
            [
              81.30942773812008,
              27.02014305323225
            ],
            [
              81.30964900485264,
              27.020973522982413
            ],
            [
              81.31000136812452,
              27.021460968715502
            ],
            [
              81.31084752362997,
              27.02202996882902
            ],
            [
              81.31127563823652,
              27.022309967222114
            ],
            [
              81.31162823956194,
              27.022513107063936
            ],
            [
              81.311945572131,
              27.022680233195857
            ],
            [
              81.31214706424922,
              27.02276155388856
            ],
            [
              81.31242930413171,
              27.022712046862974
            ],
            [
              81.3125754627234,
              27.022545193661674
            ],
            [
              81.3126511880069,
              27.022247394375903
            ],
            [
              81.31267183937696,
              27.021380993906387
            ],
            [
              81.31243037761847,
              27.020663386760567
            ],
            [
              81.31226229115072,
              27.02038888924961
            ],
            [
              81.31209315455241,
              27.02011267290642
            ],
            [
              81.31183638639979,
              27.01967940085423
            ],
            [
              81.31178122534979,
              27.019309341862876
            ],
            [
              81.31166065077741,
              27.018560208353925
            ],
            [
              81.31171621876423,
              27.018357158998203
            ],
            [
              81.3118826711965,
              27.018109064158335
            ],
            [
              81.31218011057359,
              27.01777531422549
            ],
            [
              81.31255336686235,
              27.01704439694521
            ],
            [
              81.3128813830951,
              27.016078914070103
            ],
            [
              81.31288900440194,
              27.015921480051905
            ],
            [
              81.31289667331953,
              27.015763050249195
            ],
            [
              81.31288172804815,
              27.015460672107587
            ],
            [
              81.31273088384394,
              27.014860420667354
            ],
            [
              81.31231312232109,
              27.014142715855275
            ],
            [
              81.31186519087939,
              27.01337544330003
            ],
            [
              81.31162360156013,
              27.012860876693214
            ],
            [
              81.3114576800322,
              27.012211019682592
            ],
            [
              81.31141266006343,
              27.011759709940584
            ],
            [
              81.3114681822362,
              27.011443876396967
            ],
            [
              81.31165490066127,
              27.010875367699445
            ],
            [
              81.31178605828602,
              27.010609181707416
            ],
            [
              81.31227000678072,
              27.010162745160258
            ],
            [
              81.31296539264213,
              27.009779434893925
            ],
            [
              81.31339386028657,
              27.009445689035186
            ],
            [
              81.31354513298716,
              27.009278788922856
            ],
            [
              81.31376689738642,
              27.00896303724579
            ],
            [
              81.31402910573637,
              27.008579569222256
            ],
            [
              81.3143267050136,
              27.007997629006937
            ],
            [
              81.31459895563012,
              27.007465261170804
            ],
            [
              81.3145990957673,
              27.00721257466896
            ],
            [
              81.31453873975998,
              27.007013984396643
            ],
            [
              81.31428196531918,
              27.00676565002014
            ],
            [
              81.31387406190824,
              27.00643153024962
            ],
            [
              81.31337031544298,
              27.006363671791753
            ],
            [
              81.31297740311749,
              27.006395077893306
            ],
            [
              81.31219630809647,
              27.006764764025363
            ],
            [
              81.311843626821,
              27.00689547098971
            ],
            [
              81.3115463168013,
              27.00691339175259
            ],
            [
              81.31111821836443,
              27.00682743113107
            ],
            [
              81.310614548256,
              27.00662867130292
            ],
            [
              81.30994454878449,
              27.006411714159505
            ],
            [
              81.3093049474039,
              27.006176762086785
            ],
            [
              81.30911866825498,
              27.00599622135278
            ],
            [
              81.3090985675522,
              27.005829279302187
            ],
            [
              81.30914726702038,
              27.005718396117985
            ],
            [
              81.30920954721901,
              27.00557659072376
            ],
            [
              81.30943133497446,
              27.005292370319314
            ],
            [
              81.30980447807549,
              27.004809724708444
            ],
            [
              81.30974919126133,
              27.00447578401097
            ],
            [
              81.30963857541221,
              27.004159860368816
            ],
            [
              81.3094423878457,
              27.003627259857105
            ],
            [
              81.30938709025179,
              27.003460335098673
            ],
            [
              81.30946275085658,
              27.00332495231605
            ],
            [
              81.30951816343487,
              27.003275315069754
            ],
            [
              81.30966933642247,
              27.00325732729528
            ],
            [
              81.30978011217172,
              27.00336119276655
            ],
            [
              81.30994623492226,
              27.003478569357704
            ],
            [
              81.31013241795142,
              27.003857747951137
            ],
            [
              81.31035402604381,
              27.004060881930176
            ],
            [
              81.31054030339607,
              27.004191876971696
            ],
            [
              81.31085770064382,
              27.00419199222567
            ],
            [
              81.31098873699604,
              27.00404318561826
            ],
            [
              81.31109979212134,
              27.003709237841708
            ],
            [
              81.31112013357264,
              27.003425039129038
            ],
            [
              81.31124634687004,
              27.002910619863744
            ],
            [
              81.31130208014689,
              27.00237821913397
            ],
            [
              81.3112317429585,
              27.00205773297694
            ],
            [
              81.31090427469807,
              27.002075627297693
            ],
            [
              81.31070263795108,
              27.0021748331938
            ],
            [
              81.31036502411784,
              27.002490538305295
            ],
            [
              81.31008772496943,
              27.002725126702817
            ],
            [
              81.3098660737579,
              27.00277458490577
            ],
            [
              81.30956889129897,
              27.00267521305861
            ],
            [
              81.30932723999595,
              27.00250809319312
            ],
            [
              81.30904525792998,
              27.002192123202082
            ],
            [
              81.30845118496458,
              27.001654832671036
            ],
            [
              81.30826491210392,
              27.00137501813176
            ],
            [
              81.30805861669386,
              27.001054462682337
            ],
            [
              81.30798823458966,
              27.000788207012583
            ],
            [
              81.30798833340434,
              27.000589660619966
            ],
            [
              81.30795793172017,
              27.00048135916552
            ],
            [
              81.30798855079664,
              27.000273825308483
            ],
            [
              81.30874547664494,
              26.999673916184452
            ],
            [
              81.30895726435463,
              26.99937617315358
            ],
            [
              81.30923461560535,
              26.998879983176106
            ],
            [
              81.30935062943102,
              26.998717607326157
            ],
            [
              81.30961262577858,
              26.998591334757734
            ],
            [
              81.31001567110047,
              26.99851030793739
            ],
            [
              81.31155234359852,
              26.998059786033373
            ],
            [
              81.31209140104097,
              26.99792458164534
            ],
            [
              81.31244913444161,
              26.99784806391148
            ],
            [
              81.31337099636598,
              26.997758195908908
            ],
            [
              81.31404110004203,
              26.99766371420564
            ],
            [
              81.31441903026524,
              26.99749693987828
            ],
            [
              81.31469106079452,
              26.997438412962932
            ],
            [
              81.31534609972329,
              26.99715892571111
            ],
            [
              81.31584991625711,
              26.99690193376301
            ],
            [
              81.31620263256691,
              26.996807340881364
            ],
            [
              81.31646963881879,
              26.996798396103674
            ],
            [
              81.31664581102243,
              26.996866137869063
            ],
            [
              81.31691784694162,
              26.996965525255348
            ],
            [
              81.31737624375636,
              26.997046988620347
            ],
            [
              81.31761799836563,
              26.997047079068473
            ],
            [
              81.31785473678232,
              26.996979464679818
            ],
            [
              81.3180361713169,
              26.99685321097089
            ],
            [
              81.31825796536056,
              26.996523841909404
            ],
            [
              81.31843453641616,
              26.996108816036
            ],
            [
              81.31860089632195,
              26.995747831616868
            ],
            [
              81.3187168266043,
              26.99565760574215
            ],
            [
              81.31894852457395,
              26.995657777835813
            ],
            [
              81.31922562788968,
              26.9957119857286
            ],
            [
              81.31947238611504,
              26.995847428104344
            ],
            [
              81.31998594308152,
              26.99636660382362
            ],
            [
              81.32033337280588,
              26.996551756885474
            ],
            [
              81.32087736379586,
              26.996673855908796
            ],
            [
              81.32133583517076,
              26.996673959964465
            ],
            [
              81.32195045170836,
              26.996592962979392
            ],
            [
              81.32240386916149,
              26.996335913707863
            ],
            [
              81.32285244918685,
              26.99592098639474
            ],
            [
              81.32318011238168,
              26.995375075603413
            ],
            [
              81.32339182732784,
              26.995113438630664
            ],
            [
              81.32388061325035,
              26.99476609775379
            ],
            [
              81.32444991427344,
              26.9943962921275
            ],
            [
              81.32472705891163,
              26.994288159205738
            ],
            [
              81.32507969796633,
              26.994265701906453
            ],
            [
              81.32528112899911,
              26.994374034160607
            ],
            [
              81.3255933034418,
              26.99457270919218
            ],
            [
              81.32581491063587,
              26.994843569309417
            ],
            [
              81.3261066627789,
              26.995579227052527
            ],
            [
              81.32635839677265,
              26.996021537645564
            ],
            [
              81.32677117983224,
              26.99658575431532
            ],
            [
              81.32695753982948,
              26.99668501788301
            ],
            [
              81.32713386744165,
              26.996698605954254
            ],
            [
              81.32741097435063,
              26.99657686394918
            ],
            [
              81.3275973927384,
              26.99636939092308
            ],
            [
              81.32765293916566,
              26.996089669689578
            ],
            [
              81.32762356066262,
              26.994144708887156
            ],
            [
              81.32791124074245,
              26.99274592321616
            ],
            [
              81.32803220608196,
              26.992578987108278
            ],
            [
              81.32814815343234,
              26.99252037438612
            ],
            [
              81.32827409364191,
              26.992534017391634
            ],
            [
              81.32847553365784,
              26.992633337365326
            ],
            [
              81.32871211756435,
              26.992913167251572
            ],
            [
              81.32906448442948,
              26.99363525638488
            ],
            [
              81.32960816819562,
              26.994361977860073
            ],
            [
              81.32990525543312,
              26.994754632221568
            ],
            [
              81.33034332786457,
              26.995030089629022
            ],
            [
              81.33105357186082,
              26.99525139990697
            ],
            [
              81.33175369004718,
              26.995310279352804
            ],
            [
              81.33198038709563,
              26.995274258829507
            ],
            [
              81.33219198615913,
              26.995129899668964
            ],
            [
              81.3323633820204,
              26.994899842732636
            ],
            [
              81.3324692251204,
              26.994710326941505
            ],
            [
              81.33259517700809,
              26.99458856997716
            ],
            [
              81.33280685063174,
              26.99453897770154
            ],
            [
              81.33297305782395,
              26.994566064711268
            ],
            [
              81.33310903940178,
              26.994665381289806
            ],
            [
              81.33318454729297,
              26.99480988432564
            ],
            [
              81.33315915371651,
              26.99518439677467
            ],
            [
              81.33293221142796,
              26.99583858330459
            ],
            [
              81.33270545419236,
              26.996073244811203
            ],
            [
              81.33251404566323,
              26.996244642140947
            ],
            [
              81.33248876976606,
              26.996348450055255
            ],
            [
              81.33256935224033,
              26.996497321274955
            ],
            [
              81.33270526644446,
              26.996619250666487
            ],
            [
              81.3330931320347,
              26.996754671138483
            ],
            [
              81.33347087810327,
              26.99684504501255
            ],
            [
              81.33383346779635,
              26.997152017242716
            ],
            [
              81.33407017477202,
              26.997305538662456
            ],
            [
              81.33427161478795,
              26.997355213762667
            ],
            [
              81.33454872529018,
              26.99735084184886
            ],
            [
              81.3347502245949,
              26.99726061405845
            ],
            [
              81.33487617558427,
              26.99713876220312
            ],
            [
              81.33487628697536,
              26.996935710969694
            ],
            [
              81.33483123556556,
              26.99616856190085
            ],
            [
              81.33490684137314,
              26.996001638076624
            ],
            [
              81.33503285344794,
              26.995866272728296
            ],
            [
              81.33516887455161,
              26.99585280222033
            ],
            [
              81.33539051678,
              26.995852851847264
            ],
            [
              81.33564734871298,
              26.995988367693194
            ],
            [
              81.33587387687817,
              26.996295202986623
            ],
            [
              81.33593429756418,
              26.996642699226943
            ],
            [
              81.3358988985521,
              26.99703080881214
            ],
            [
              81.33574764741107,
              26.997292502156718
            ],
            [
              81.33546034642026,
              26.997662435932625
            ],
            [
              81.33536461296046,
              26.997915107879127
            ],
            [
              81.33536446743335,
              26.99816329211553
            ],
            [
              81.33543997891785,
              26.998307701010443
            ],
            [
              81.33557601978448,
              26.998402510343297
            ],
            [
              81.33575222702241,
              26.99844320509379
            ],
            [
              81.33618553838284,
              26.998411675107832
            ],
            [
              81.33668927137334,
              26.998344155988786
            ],
            [
              81.33701670370115,
              26.998285579088055
            ],
            [
              81.33720312837713,
              26.998186376164014
            ],
            [
              81.33747019481613,
              26.997902096257068
            ],
            [
              81.33774237266915,
              26.997509583352894
            ],
            [
              81.33801960264728,
              26.99721639220933
            ],
            [
              81.3382865630851,
              26.996999856337833
            ],
            [
              81.33893648521001,
              26.9967653552493
            ],
            [
              81.3392489004012,
              26.996548889747583
            ],
            [
              81.3394001156096,
              26.996390971330946
            ],
            [
              81.33944044906755,
              26.99624658879036
            ],
            [
              81.3393901227504,
              26.996039003094353
            ],
            [
              81.33911311285947,
              26.995781686812343
            ],
            [
              81.33851882519674,
              26.995465668304927
            ],
            [
              81.33818644315174,
              26.99523088226309
            ],
            [
              81.33807066468466,
              26.99507293718216
            ],
            [
              81.33795995361412,
              26.994666765255328
            ],
            [
              81.33793509004364,
              26.993714685018052
            ],
            [
              81.33782456941596,
              26.992667733806737
            ],
            [
              81.33790031985227,
              26.99223451365735
            ],
            [
              81.33809678499817,
              26.99200892537972
            ],
            [
              81.3382329201879,
              26.991909688102762
            ],
            [
              81.3385350963815,
              26.991851138268412
            ],
            [
              81.33876176378556,
              26.99190987701189
            ],
            [
              81.3391143121104,
              26.992131070158116
            ],
            [
              81.33989488880349,
              26.99289839404912
            ],
            [
              81.34016172078222,
              26.99317371992544
            ],
            [
              81.34039847626693,
              26.993331735711767
            ],
            [
              81.34123962905456,
              26.993521461142464
            ],
            [
              81.34171307804023,
              26.993580204616876
            ],
            [
              81.34226716968728,
              26.993580351099315
            ],
            [
              81.34282132421635,
              26.99356698197478
            ],
            [
              81.34306812915416,
              26.993598610173446
            ],
            [
              81.34327964377599,
              26.993688908939884
            ],
            [
              81.34336020379237,
              26.99388290816225
            ],
            [
              81.34333490274237,
              26.994176256878763
            ],
            [
              81.34329451628385,
              26.994469551200435
            ],
            [
              81.34334481565155,
              26.994722270342326
            ],
            [
              81.34348076668665,
              26.99494337071003
            ],
            [
              81.34359154782581,
              26.994997578146712
            ],
            [
              81.34368728398057,
              26.99499758695156
            ],
            [
              81.3438938830212,
              26.994866766901517
            ],
            [
              81.3446093210764,
              26.9941764930104
            ],
            [
              81.34580853964134,
              26.993003541810996
            ],
            [
              81.34737543595715,
              26.99160498368922
            ],
            [
              81.34748630423289,
              26.991456042757306
            ],
            [
              81.34750651632679,
              26.991311646677737
            ],
            [
              81.34739572979774,
              26.991122136847995
            ],
            [
              81.34676617517526,
              26.9908377022054
            ],
            [
              81.34658987720749,
              26.99064360407595
            ],
            [
              81.34653962724714,
              26.990386380313026
            ],
            [
              81.3465899903952,
              26.990192364654234
            ],
            [
              81.34691243707319,
              26.989966789091294
            ],
            [
              81.34765304412603,
              26.989389344903834
            ],
            [
              81.34798562290207,
              26.989123235322644
            ],
            [
              81.34813668270195,
              26.989087103151977
            ],
            [
              81.34838354064033,
              26.989105210063364
            ],
            [
              81.34862522518102,
              26.98918651021958
            ],
            [
              81.34898792806182,
              26.989425704313735
            ],
            [
              81.34935046205933,
              26.989764263632043
            ],
            [
              81.34948641578939,
              26.990138776870907
            ],
            [
              81.34951149944708,
              26.990671241146966
            ],
            [
              81.34955169636109,
              26.990860805367763
            ],
            [
              81.34988913681946,
              26.991366320935498
            ],
            [
              81.35019131480969,
              26.991596470748686
            ],
            [
              81.35041797592552,
              26.991673209661418
            ],
            [
              81.35086619931971,
              26.99170493364777
            ],
            [
              81.35145055790358,
              26.991619210344332
            ],
            [
              81.35202989939664,
              26.991438848755237
            ],
            [
              81.35238749355841,
              26.99142989314455
            ],
            [
              81.35275524317449,
              26.991583363940784
            ],
            [
              81.35290624278721,
              26.991800007896646
            ],
            [
              81.35304220011052,
              26.992192626375846
            ],
            [
              81.35308244643188,
              26.99262577624631
            ],
            [
              81.35306726490357,
              26.99293264472666
            ],
            [
              81.3530571049577,
              26.993171817247777
            ],
            [
              81.3531124923832,
              26.993361339633417
            ],
            [
              81.353339156194,
              26.993600588886675
            ],
            [
              81.35382761692637,
              26.994015819324666
            ],
            [
              81.3541852137831,
              26.99433170502964
            ],
            [
              81.35440691080868,
              26.99448063735125
            ],
            [
              81.35449751578656,
              26.99448068377698
            ],
            [
              81.35464864655333,
              26.99442202481955
            ],
            [
              81.35479986894826,
              26.994142296341536
            ],
            [
              81.35510216641441,
              26.993406813303892
            ],
            [
              81.35527366558193,
              26.992617120101155
            ],
            [
              81.35527883897964,
              26.99134011687014
            ],
            [
              81.35523859175996,
              26.991137043161377
            ],
            [
              81.35496667711338,
              26.99082106523602
            ],
            [
              81.35445290634786,
              26.99044650063687
            ],
            [
              81.35364208966736,
              26.989755893837692
            ],
            [
              81.35338026669466,
              26.9893182142027
            ],
            [
              81.35334511292265,
              26.988862405905294
            ],
            [
              81.35343081220074,
              26.988510439726596
            ],
            [
              81.35354674966965,
              26.988126868334202
            ],
            [
              81.35376847903458,
              26.987495210881505
            ],
            [
              81.35381883319951,
              26.98721542995681
            ],
            [
              81.35379369564293,
              26.98697628479678
            ],
            [
              81.35368292618188,
              26.986750561097075
            ],
            [
              81.35343620209247,
              26.986533912220306
            ],
            [
              81.35318433065646,
              26.98642108480514
            ],
            [
              81.35280164205722,
              26.986308189234155
            ],
            [
              81.35276636880927,
              26.986195428834872
            ],
            [
              81.35279158721424,
              26.98591567990031
            ],
            [
              81.35294778807248,
              26.98562230483978
            ],
            [
              81.35331049095328,
              26.98530656118461
            ],
            [
              81.35355734799336,
              26.984999719932933
            ],
            [
              81.35364807514212,
              26.984801216915656
            ],
            [
              81.35369347779317,
              26.984480756722455
            ],
            [
              81.35376913839798,
              26.98417842093223
            ],
            [
              81.35384966607502,
              26.984043062970578
            ],
            [
              81.35397570060769,
              26.983903269168657
            ],
            [
              81.35413185295693,
              26.983835558822406
            ],
            [
              81.354272864202,
              26.983858151890594
            ],
            [
              81.35443908127563,
              26.983934853654073
            ],
            [
              81.35471095370144,
              26.984210207070756
            ],
            [
              81.35534553619455,
              26.98495481763166
            ],
            [
              81.35561745533275,
              26.98540610607792
            ],
            [
              81.3561410392944,
              26.986466682156724
            ],
            [
              81.35649361367035,
              26.986832244792627
            ],
            [
              81.35679069012811,
              26.98710305630612
            ],
            [
              81.35695691169333,
              26.987179755857667
            ],
            [
              81.35710804874829,
              26.987179738246752
            ],
            [
              81.35730950044235,
              26.987116596704592
            ],
            [
              81.35747077588361,
              26.98698127669885
            ],
            [
              81.35762190934533,
              26.986570648788184
            ],
            [
              81.3578386252127,
              26.985875786726275
            ],
            [
              81.35793436406239,
              26.985609491922514
            ],
            [
              81.35811067101332,
              26.985383867145455
            ],
            [
              81.35914836710029,
              26.98450404530864
            ],
            [
              81.35948094587636,
              26.98417466810676
            ],
            [
              81.35968241912998,
              26.983894957376222
            ],
            [
              81.35996452516346,
              26.983376013086286
            ],
            [
              81.36009048244105,
              26.98292478614398
            ],
            [
              81.36014593544351,
              26.98267207412205
            ],
            [
              81.36006539339347,
              26.982414931400164
            ],
            [
              81.35955181037585,
              26.981503281844127
            ],
            [
              81.35921442830796,
              26.980880487621963
            ],
            [
              81.35909354112187,
              26.980496931848066
            ],
            [
              81.35909357974944,
              26.980348018640388
            ],
            [
              81.35913390242759,
              26.980262274675844
            ],
            [
              81.3592447805848,
              26.98014503716853
            ],
            [
              81.3594865136345,
              26.979955519738187
            ],
            [
              81.35986426599123,
              26.979725393345387
            ],
            [
              81.36035795312192,
              26.979409601922935
            ],
            [
              81.3606953810039,
              26.9792652160011
            ],
            [
              81.36085656212207,
              26.979265200790618
            ],
            [
              81.36100765785453,
              26.979319414980907
            ],
            [
              81.36114362326268,
              26.979454740998236
            ],
            [
              81.36124940887053,
              26.979702933939773
            ],
            [
              81.36126943501317,
              26.98054228103016
            ],
            [
              81.36124417887898,
              26.980921400053937
            ],
            [
              81.36129955193138,
              26.981146956126207
            ],
            [
              81.36136499060657,
              26.98126882930636
            ],
            [
              81.36140791300917,
              26.981298201844613
            ],
            [
              81.36145067820658,
              26.981327468704198
            ],
            [
              81.36158163820198,
              26.981341041819178
            ],
            [
              81.3617529038075,
              26.981295989958486
            ],
            [
              81.36206010966838,
              26.981079336984067
            ],
            [
              81.36269982962658,
              26.980614649314457
            ],
            [
              81.36321360218874,
              26.980334892109607
            ],
            [
              81.36351582778964,
              26.98020854607038
            ],
            [
              81.36380796980154,
              26.980041657805447
            ],
            [
              81.36439232569046,
              26.979486623736555
            ],
            [
              81.36465923312768,
              26.97921589796495
            ],
            [
              81.3648456021081,
              26.979125669238915
            ],
            [
              81.365047044819,
              26.979139270638797
            ],
            [
              81.36522332661708,
              26.97919795117387
            ],
            [
              81.36534921831765,
              26.97937840363435
            ],
            [
              81.3653241014223,
              26.979712389225988
            ],
            [
              81.36530386956548,
              26.9802990252994
            ],
            [
              81.36543983407529,
              26.980538127011258
            ],
            [
              81.36559088758696,
              26.98067350439904
            ],
            [
              81.36570175316774,
              26.980754810647596
            ],
            [
              81.36587801430458,
              26.98076385196541
            ],
            [
              81.3660543032892,
              26.980718658177747
            ],
            [
              81.36627084218846,
              26.980619433357614
            ],
            [
              81.36661843989772,
              26.980542785372403
            ],
            [
              81.36679474325541,
              26.98056533667285
            ],
            [
              81.3670818097859,
              26.980763874380568
            ],
            [
              81.36769112626334,
              26.981567119800356
            ],
            [
              81.3680033743679,
              26.981977776377157
            ],
            [
              81.36812424807927,
              26.982149261626848
            ],
            [
              81.3683156494219,
              26.9822486179863
            ],
            [
              81.36846682330781,
              26.982262102931738
            ],
            [
              81.36856748762023,
              26.9822350297707
            ],
            [
              81.36860273841029,
              26.98212671464643
            ],
            [
              81.36862796130683,
              26.981481483235992
            ],
            [
              81.36864308713959,
              26.98110695478983
            ],
            [
              81.36879429066991,
              26.98086774701398
            ],
            [
              81.36910656213065,
              26.980362402024536
            ],
            [
              81.36926772618081,
              26.980105181175496
            ],
            [
              81.36944401336882,
              26.979965304828703
            ],
            [
              81.36958005513375,
              26.97977577268585
            ],
            [
              81.36951456974617,
              26.979631381629947
            ],
            [
              81.36917711581306,
              26.979450844716624
            ],
            [
              81.36737409373157,
              26.97871524962699
            ],
            [
              81.36655810724663,
              26.978295456372173
            ],
            [
              81.36646250224588,
              26.97817366323046
            ],
            [
              81.36642219304245,
              26.977871313698248
            ],
            [
              81.36642224783968,
              26.977582495292754
            ],
            [
              81.36651288695354,
              26.977311732918494
            ],
            [
              81.36660859975213,
              26.97714029473647
            ],
            [
              81.3667344761813,
              26.977063549914885
            ],
            [
              81.36686044603528,
              26.9770049122983
            ],
            [
              81.36703670627381,
              26.977004942719905
            ],
            [
              81.36724827299794,
              26.977072597133205
            ],
            [
              81.36748998089483,
              26.977185490761585
            ],
            [
              81.36776694766658,
              26.977266730681162
            ],
            [
              81.3680540564179,
              26.977280229833177
            ],
            [
              81.36831089823235,
              26.977199034755078
            ],
            [
              81.36863831079722,
              26.977050122788008
            ],
            [
              81.36877427530708,
              26.977005001161398
            ],
            [
              81.36896069189817,
              26.977005033984696
            ],
            [
              81.36945928203372,
              26.977059247662506
            ],
            [
              81.36972120831267,
              26.977163046059914
            ],
            [
              81.37005355801836,
              26.977478936651085
            ],
            [
              81.37035072520591,
              26.977785756779706
            ],
            [
              81.37055220923929,
              26.977916644724793
            ],
            [
              81.37095512700043,
              26.978079145865614
            ],
            [
              81.37123712523609,
              26.9781603371066
            ],
            [
              81.37137317957745,
              26.978237009129977
            ],
            [
              81.37164511308868,
              26.978440082904918
            ],
            [
              81.37184650818885,
              26.978855283635625
            ],
            [
              81.37194725784124,
              26.979062884227172
            ],
            [
              81.37214876792578,
              26.97914863631042
            ],
            [
              81.37243584164278,
              26.979139605270035
            ],
            [
              81.37277831266677,
              26.9790357790749
            ],
            [
              81.37306541423158,
              26.97886882582708
            ],
            [
              81.37323158638945,
              26.97873344466743
            ],
            [
              81.37328203308086,
              26.978485275205898
            ],
            [
              81.37324674815483,
              26.977844521278918
            ],
            [
              81.37311578905778,
              26.976689286166263
            ],
            [
              81.37293455574583,
              26.976373369341836
            ],
            [
              81.37249136830714,
              26.97591312065148
            ],
            [
              81.37235530588094,
              26.975750686834417
            ],
            [
              81.37230494093625,
              26.97552499825991
            ],
            [
              81.37230494363116,
              26.97510987811216
            ],
            [
              81.37227480695,
              26.974545830746028
            ],
            [
              81.37224461008174,
              26.9743066370466
            ],
            [
              81.37211910914836,
              26.974036042121718
            ],
            [
              81.37210856382521,
              26.97401330537745
            ],
            [
              81.37202302265061,
              26.973562068919275
            ],
            [
              81.37201296870596,
              26.972646058846866
            ],
            [
              81.37191723794108,
              26.97246553074492
            ],
            [
              81.3713834500161,
              26.972059383688922
            ],
            [
              81.37103590890065,
              26.97167578664799
            ],
            [
              81.37074890615054,
              26.971481757945085
            ],
            [
              81.37036608639727,
              26.971382508169672
            ],
            [
              81.37015454482595,
              26.97137341165694
            ],
            [
              81.36997827740089,
              26.97150428303962
            ],
            [
              81.36989263920823,
              26.971847256369692
            ],
            [
              81.36990270393267,
              26.97261435190412
            ],
            [
              81.36984225360227,
              26.972858013333056
            ],
            [
              81.36962567338051,
              26.97297084874164
            ],
            [
              81.36948976456625,
              26.972916694740842
            ],
            [
              81.36935880996074,
              26.972713675849924
            ],
            [
              81.3690818386974,
              26.972072813812872
            ],
            [
              81.36878974070301,
              26.971427579209788
            ],
            [
              81.36854295103657,
              26.97114770710152
            ],
            [
              81.36817535772737,
              26.970682927191802
            ],
            [
              81.36774726827365,
              26.97035352315358
            ],
            [
              81.36701707628822,
              26.96997894326993
            ],
            [
              81.36677033243588,
              26.96972168188078
            ],
            [
              81.3666545144429,
              26.969428351075685
            ],
            [
              81.36665457283341,
              26.969130522399315
            ],
            [
              81.36670994408921,
              26.968805645366647
            ],
            [
              81.36679560743471,
              26.968710863935613
            ],
            [
              81.36702224070277,
              26.9685890283992
            ],
            [
              81.36768197422724,
              26.968530436808148
            ],
            [
              81.36864392526775,
              26.968489896968844
            ],
            [
              81.36889068169651,
              26.968530493652793
            ],
            [
              81.36907190872026,
              26.968620747684326
            ],
            [
              81.3692834170539,
              26.968778669047424
            ],
            [
              81.36980219323216,
              26.969505213189368
            ],
            [
              81.37030070790918,
              26.969942926646794
            ],
            [
              81.37068851061736,
              26.9701234860146
            ],
            [
              81.37094035240892,
              26.97015962187194
            ],
            [
              81.37104603920211,
              26.97012349482139
            ],
            [
              81.3710964032485,
              26.970037751875306
            ],
            [
              81.37119214658982,
              26.96978504934943
            ],
            [
              81.37115686076547,
              26.96936986720481
            ],
            [
              81.37100579377908,
              26.96897729479633
            ],
            [
              81.37070369394229,
              26.96872456587163
            ],
            [
              81.37021014335551,
              26.968214650008996
            ],
            [
              81.37001370785401,
              26.96787624603682
            ],
            [
              81.36991803997118,
              26.96738887707023
            ],
            [
              81.3699332026349,
              26.967131636985222
            ],
            [
              81.36998354242678,
              26.96699625612208
            ],
            [
              81.37021019366118,
              26.966829278614018
            ],
            [
              81.37052747502625,
              26.96667594619808
            ],
            [
              81.37075409032802,
              26.96647734761483
            ],
            [
              81.37117713574142,
              26.966125364274497
            ],
            [
              81.37149438297052,
              26.966035180301088
            ],
            [
              81.37199801624804,
              26.965868175747236
            ],
            [
              81.37230023915403,
              26.9657644253835
            ],
            [
              81.37250163066095,
              26.965633515303534
            ],
            [
              81.37258721585302,
              26.96547557992186
            ],
            [
              81.37258725268393,
              26.965299639266345
            ],
            [
              81.37247646256164,
              26.965186804977396
            ],
            [
              81.37211893757014,
              26.96500626171329
            ],
            [
              81.3713937249463,
              26.96486192377284
            ],
            [
              81.37062322914734,
              26.96470391284808
            ],
            [
              81.36999377423784,
              26.964478302212104
            ],
            [
              81.36954050141348,
              26.964275147206834
            ],
            [
              81.36925849958456,
              26.964162330306632
            ],
            [
              81.36880524831973,
              26.964216466099373
            ],
            [
              81.36847788785717,
              26.964329254121633
            ],
            [
              81.36823619523167,
              26.96432924211176
            ],
            [
              81.3680851830425,
              26.964243504361605
            ],
            [
              81.36805993319649,
              26.964081112156833
            ],
            [
              81.36815066124356,
              26.963905118080465
            ],
            [
              81.3684225642121,
              26.963711092000924
            ],
            [
              81.36868945008972,
              26.963499000997754
            ],
            [
              81.3688808424492,
              26.963268905819504
            ],
            [
              81.36915781281427,
              26.963088349072173
            ],
            [
              81.36938449369303,
              26.962952993773854
            ],
            [
              81.3702607777948,
              26.962546874859232
            ],
            [
              81.37037158229018,
              26.962425123129997
            ],
            [
              81.3704521575779,
              26.962231013632827
            ],
            [
              81.37046224386191,
              26.96196931321442
            ],
            [
              81.37038669913977,
              26.961757258965157
            ],
            [
              81.3701701997664,
              26.961450375139652
            ],
            [
              81.36987559726899,
              26.961084789323245
            ],
            [
              81.36958103429743,
              26.960719291196213
            ],
            [
              81.36913278036054,
              26.960362761176228
            ],
            [
              81.36875011332089,
              26.960037831626874
            ],
            [
              81.36852854385602,
              26.959925039307215
            ],
            [
              81.36831201214332,
              26.959888958616155
            ],
            [
              81.36808536899377,
              26.95996116002118
            ],
            [
              81.36778324220754,
              26.96038525726812
            ],
            [
              81.3675717168059,
              26.960480031293834
            ],
            [
              81.36737023906069,
              26.960489044614523
            ],
            [
              81.36725949385415,
              26.96040782781936
            ],
            [
              81.36724444437822,
              26.960069405193043
            ],
            [
              81.36735530906066,
              26.959261628194312
            ],
            [
              81.36756174730287,
              26.958990864199535
            ],
            [
              81.36806537519051,
              26.95840883482795
            ],
            [
              81.36842793523917,
              26.957853770982595
            ],
            [
              81.36843809428672,
              26.957655220098957
            ],
            [
              81.3683726196789,
              26.95732127877484
            ],
            [
              81.36823668840674,
              26.956960281243298
            ],
            [
              81.36823160484057,
              26.956585735282935
            ],
            [
              81.36824678996213,
              26.956292458343253
            ],
            [
              81.36815619127246,
              26.956044222605293
            ],
            [
              81.36787413644291,
              26.955877260889384
            ],
            [
              81.36721952601053,
              26.955786983834244
            ],
            [
              81.36685700189449,
              26.955615480050756
            ],
            [
              81.36640885216215,
              26.95520930105167
            ],
            [
              81.36618226291152,
              26.955105556083684
            ],
            [
              81.365829749621,
              26.955109996899363
            ],
            [
              81.36550243856577,
              26.95526340991911
            ],
            [
              81.36516503763325,
              26.955299524120523
            ],
            [
              81.36492334410941,
              26.955240767873512
            ],
            [
              81.36473207302251,
              26.955082848346972
            ],
            [
              81.3646615319165,
              26.954839125237736
            ],
            [
              81.36466160378173,
              26.954437508394964
            ],
            [
              81.36466159479856,
              26.953999857188837
            ],
            [
              81.36450556282361,
              26.953562089777606
            ],
            [
              81.36427399510966,
              26.953291359328034
            ],
            [
              81.36388626067348,
              26.953006998850267
            ],
            [
              81.36340790419143,
              26.952812958003044
            ],
            [
              81.36292958813355,
              26.952812874726067
            ],
            [
              81.36248640608478,
              26.952903123736107
            ],
            [
              81.36193255698285,
              26.952880527659094
            ],
            [
              81.36172099834356,
              26.952781150989157
            ],
            [
              81.36157504726273,
              26.95266833699079
            ],
            [
              81.36152468501297,
              26.952487864946846
            ],
            [
              81.36153477129697,
              26.952081749142128
            ],
            [
              81.36157010383371,
              26.951477039673893
            ],
            [
              81.36150973525,
              26.950958098910228
            ],
            [
              81.36131346773345,
              26.950678324877458
            ],
            [
              81.36086029282545,
              26.949983343789604
            ],
            [
              81.36030142483604,
              26.94954105888119
            ],
            [
              81.36020075603204,
              26.949184526318124
            ],
            [
              81.36018570925103,
              26.948873124742654
            ],
            [
              81.36022600497972,
              26.948728730096388
            ],
            [
              81.36035196944383,
              26.948548295785425
            ],
            [
              81.36063900543162,
              26.948313611274063
            ],
            [
              81.360941075624,
              26.948151232140983
            ],
            [
              81.36111741401596,
              26.94803847676869
            ],
            [
              81.36127847925144,
              26.94790756130421
            ],
            [
              81.36134399967334,
              26.947772231809346
            ],
            [
              81.36136923065472,
              26.947600759069026
            ],
            [
              81.36127861938863,
              26.94740666166674
            ],
            [
              81.36106204994668,
              26.947126878817254
            ],
            [
              81.36090601617508,
              26.946991537174032
            ],
            [
              81.36088085705894,
              26.946865175345206
            ],
            [
              81.36093120763061,
              26.94671168362584
            ],
            [
              81.36106720178483,
              26.946653054229476
            ],
            [
              81.36144483825893,
              26.946707239276027
            ],
            [
              81.36180225096102,
              26.9469690712399
            ],
            [
              81.36215473191218,
              26.94706833131653
            ],
            [
              81.36239142900642,
              26.947045782116465
            ],
            [
              81.3626180505964,
              26.946887914366872
            ],
            [
              81.36271873287514,
              26.94660814224141
            ],
            [
              81.36276915710864,
              26.946233570679162
            ],
            [
              81.36267854314762,
              26.94595380093341
            ],
            [
              81.36237646936199,
              26.945782311813094
            ],
            [
              81.3621297300012,
              26.945701073205655
            ],
            [
              81.3618024440988,
              26.94575970630038
            ],
            [
              81.36141469618788,
              26.945985246316162
            ],
            [
              81.3610873707596,
              26.94602135628403
            ],
            [
              81.36088600081224,
              26.94588594684776
            ],
            [
              81.36082057920507,
              26.945421097135167
            ],
            [
              81.36088609333872,
              26.945209010138228
            ],
            [
              81.36123861022249,
              26.94497890483264
            ],
            [
              81.36167665929779,
              26.944938342904045
            ],
            [
              81.36196365126811,
              26.94493843099164
            ],
            [
              81.36219027016315,
              26.94486623837832
            ],
            [
              81.36234636322354,
              26.944721850610534
            ],
            [
              81.36241184322124,
              26.944563908334864
            ],
            [
              81.36246217313168,
              26.94426609479967
            ],
            [
              81.36231629301774,
              26.94377868374818
            ],
            [
              81.36203931905943,
              26.94348986520117
            ],
            [
              81.36152082405388,
              26.943155885901454
            ],
            [
              81.36105767335464,
              26.94263693324961
            ],
            [
              81.36024209200986,
              26.941621504600416
            ],
            [
              81.35946180996419,
              26.94094000560928
            ],
            [
              81.35837433014248,
              26.940294619105803
            ],
            [
              81.35804706939288,
              26.940163693045548
            ],
            [
              81.35791615072,
              26.94015011576864
            ],
            [
              81.35781544239013,
              26.940132049034517
            ],
            [
              81.3577953560604,
              26.940105012994387
            ],
            [
              81.35782054571928,
              26.940005698736048
            ],
            [
              81.35795652909373,
              26.93987031490757
            ],
            [
              81.35806729226658,
              26.93971694580088
            ],
            [
              81.3581075727239,
              26.93942813606769
            ],
            [
              81.35798682836993,
              26.93896780288317
            ],
            [
              81.35792142023747,
              26.938503040764395
            ],
            [
              81.35797690108774,
              26.938263924291274
            ],
            [
              81.35811791143452,
              26.937957053363533
            ],
            [
              81.35860134519453,
              26.937541969350896
            ],
            [
              81.3588781871005,
              26.937505840649827
            ],
            [
              81.35942192386723,
              26.937519527160667
            ],
            [
              81.35994055272178,
              26.9377542333444
            ],
            [
              81.36033827642397,
              26.938047528895734
            ],
            [
              81.36061506802423,
              26.938444734643166
            ],
            [
              81.36089693959748,
              26.93961802360941
            ],
            [
              81.36093706734121,
              26.94009633279042
            ],
            [
              81.36100753029378,
              26.94070555591527
            ],
            [
              81.3613447856992,
              26.941201975097236
            ],
            [
              81.36171227570217,
              26.941477236002914
            ],
            [
              81.3620949454368,
              26.941581107233485
            ],
            [
              81.3624776618838,
              26.941603623091517
            ],
            [
              81.36298118017694,
              26.941490880388947
            ],
            [
              81.36373642527734,
              26.94123824836361
            ],
            [
              81.36422484199228,
              26.94116157517752
            ],
            [
              81.36486422687891,
              26.941102986138795
            ],
            [
              81.36542819909576,
              26.94099467389674
            ],
            [
              81.36564469128257,
              26.94085931928479
            ],
            [
              81.36576551199335,
              26.940678830733365
            ],
            [
              81.36575548589646,
              26.94053891583001
            ],
            [
              81.36557922116634,
              26.940362937834582
            ],
            [
              81.36540305165767,
              26.940290743091804
            ],
            [
              81.3652218003794,
              26.94013733131223
            ],
            [
              81.36483913872962,
              26.939929682995515
            ],
            [
              81.36453206042957,
              26.939559682027248
            ],
            [
              81.36442639429761,
              26.93923472292238
            ],
            [
              81.36447681134464,
              26.93886023977726
            ],
            [
              81.36463791610599,
              26.938449589350054
            ],
            [
              81.36478902082163,
              26.93803442786696
            ],
            [
              81.36481922757136,
              26.937574170678687
            ],
            [
              81.36487467877723,
              26.936630989665247
            ],
            [
              81.36498554795128,
              26.936450496747472
            ],
            [
              81.365212083303,
              26.93631514629035
            ],
            [
              81.36567525107024,
              26.93614372739852
            ],
            [
              81.36615356263653,
              26.935940644638908
            ],
            [
              81.36669229668546,
              26.935615785622634
            ],
            [
              81.36717569361456,
              26.935200675372162
            ],
            [
              81.36803674588238,
              26.934068104110015
            ],
            [
              81.36821299444283,
              26.933788311381548
            ],
            [
              81.36823306370458,
              26.933652912879904
            ],
            [
              81.36810221060871,
              26.9335310538492
            ],
            [
              81.36780515481223,
              26.93341376609961
            ],
            [
              81.36735205087116,
              26.93339564382638
            ],
            [
              81.36714816025112,
              26.933461054743525
            ],
            [
              81.36714748292137,
              26.93346129100247
            ],
            [
              81.36694424986814,
              26.933526508069207
            ],
            [
              81.36673275770416,
              26.9339236280314
            ],
            [
              81.36652125116716,
              26.934252999231568
            ],
            [
              81.36645578105093,
              26.93441094474022
            ],
            [
              81.36632998636841,
              26.934510215073455
            ],
            [
              81.3661688375896,
              26.934555372142317
            ],
            [
              81.36597745600992,
              26.93455528885182
            ],
            [
              81.36532297313832,
              26.934532750763598
            ],
            [
              81.36472385792925,
              26.934442439793155
            ],
            [
              81.36458794911495,
              26.93437467488348
            ],
            [
              81.36449729832302,
              26.934261933761828
            ],
            [
              81.36445713464666,
              26.934094883716497
            ],
            [
              81.36450747982842,
              26.93384670720598
            ],
            [
              81.36474916526741,
              26.933481224850542
            ],
            [
              81.36523753257501,
              26.932700577808692
            ],
            [
              81.36597272009172,
              26.931613139684885
            ],
            [
              81.36607848683498,
              26.9311889926302
            ],
            [
              81.36618934163596,
              26.930182632002065
            ],
            [
              81.3661842823243,
              26.929686273230022
            ],
            [
              81.36613899286094,
              26.929424582934022
            ],
            [
              81.36585211767155,
              26.9290906236419
            ],
            [
              81.36557021286069,
              26.928770226792444
            ],
            [
              81.36528321460214,
              26.928661856251157
            ],
            [
              81.36512213229865,
              26.928693404968882
            ],
            [
              81.36501644281054,
              26.928792685140262
            ],
            [
              81.36490559878932,
              26.92903182810384
            ],
            [
              81.36474445989194,
              26.92961852388332
            ],
            [
              81.36470420009586,
              26.929812562209353
            ],
            [
              81.36462861764448,
              26.929898249269
            ],
            [
              81.36445240322004,
              26.929934342764952
            ],
            [
              81.36419069523168,
              26.929898189201257
            ],
            [
              81.36398933336916,
              26.929789899033192
            ],
            [
              81.36377280794468,
              26.92947398764289
            ],
            [
              81.3637376568676,
              26.929067885035234
            ],
            [
              81.3637377278345,
              26.9287610339337
            ],
            [
              81.36382831664271,
              26.928526386721078
            ],
            [
              81.36395927663808,
              26.928354911138996
            ],
            [
              81.3640548852321,
              26.928129322239638
            ],
            [
              81.36405994903534,
              26.92797134791082
            ],
            [
              81.36399449239387,
              26.927835956041402
            ],
            [
              81.36380821144832,
              26.92781339498559
            ],
            [
              81.3635313174401,
              26.92789007324334
            ],
            [
              81.36303799772035,
              26.92828715218256
            ],
            [
              81.36252438505836,
              26.92839088419083
            ],
            [
              81.36218716917878,
              26.928408882325694
            ],
            [
              81.36186999830649,
              26.928345718246398
            ],
            [
              81.36162837664789,
              26.92816515199954
            ],
            [
              81.36104442589912,
              26.927546853978484
            ],
            [
              81.36081791120866,
              26.92740697083645
            ],
            [
              81.36047559559324,
              26.927294105014155
            ],
            [
              81.36008796087002,
              26.927248921811195
            ],
            [
              81.35984625836306,
              26.927298538115398
            ],
            [
              81.35945357690458,
              26.927546734641435
            ],
            [
              81.35913130809304,
              26.9282867709472
            ],
            [
              81.35891978538635,
              26.928625141641085
            ],
            [
              81.35874356916527,
              26.928746997963454
            ],
            [
              81.358345819412,
              26.928886852212777
            ],
            [
              81.35781716895212,
              26.92891835281295
            ],
            [
              81.35730877729856,
              26.9288595876197
            ],
            [
              81.35671972411897,
              26.928557177813296
            ],
            [
              81.35556696821715,
              26.927857631277767
            ],
            [
              81.35484715267154,
              26.92757316178989
            ],
            [
              81.35459538903338,
              26.927555106656367
            ],
            [
              81.35449974091352,
              26.927577626116022
            ],
            [
              81.35437391478999,
              26.927722023824742
            ],
            [
              81.35436876834171,
              26.92791162032258
            ],
            [
              81.35439392925451,
              26.928096636063493
            ],
            [
              81.35454498905436,
              26.928344823625274
            ],
            [
              81.35508859826037,
              26.928895376301202
            ],
            [
              81.35525971115229,
              26.929224836670702
            ],
            [
              81.35537032430649,
              26.929622015829672
            ],
            [
              81.3553803872343,
              26.92984310467038
            ],
            [
              81.35527964207353,
              26.930136391164453
            ],
            [
              81.35507827212618,
              26.930294309601578
            ],
            [
              81.3548869112077,
              26.930352952310546
            ],
            [
              81.354670396563,
              26.930294238321437
            ],
            [
              81.35431805485068,
              26.930059551850604
            ],
            [
              81.35360330490496,
              26.92946377208423
            ],
            [
              81.35313516226769,
              26.929179428384984
            ],
            [
              81.35217873137458,
              26.92875955384971
            ],
            [
              81.35137824981142,
              26.928411965843512
            ],
            [
              81.35126251087021,
              26.9282630302341
            ],
            [
              81.3511770640187,
              26.927983295987634
            ],
            [
              81.3511921152913,
              26.92778920085319
            ],
            [
              81.35131304739316,
              26.92760872101567
            ],
            [
              81.35156982183396,
              26.927491422301745
            ],
            [
              81.35214380936792,
              26.92721181108563
            ],
            [
              81.35259188274344,
              26.926886949351776
            ],
            [
              81.35282860768542,
              26.92661170729325
            ],
            [
              81.35311058525983,
              26.926137971893088
            ],
            [
              81.3534076877687,
              26.9255062679356
            ],
            [
              81.35356387784717,
              26.924874489958125
            ],
            [
              81.35361432723353,
              26.92449090368255
            ],
            [
              81.35359420407283,
              26.9242878271723
            ],
            [
              81.35349359635428,
              26.924057680774197
            ],
            [
              81.35280905136169,
              26.923434882935094
            ],
            [
              81.35270336367017,
              26.92313252506519
            ],
            [
              81.35270845172798,
              26.92287977422018
            ],
            [
              81.35275378610709,
              26.92279407622258
            ],
            [
              81.35299542124041,
              26.922681317117835
            ],
            [
              81.35347877055882,
              26.922568589938606
            ],
            [
              81.35378087219225,
              26.922356487992253
            ],
            [
              81.35384631535901,
              26.922176024292973
            ],
            [
              81.35387155622186,
              26.921679675144603
            ],
            [
              81.35392202177789,
              26.921029866817918
            ],
            [
              81.3539423758056,
              26.920000933037414
            ],
            [
              81.35410354614397,
              26.919585871849947
            ],
            [
              81.35429990259372,
              26.919306100869242
            ],
            [
              81.35466241593002,
              26.919143667948294
            ],
            [
              81.35513063941566,
              26.91900836080141
            ],
            [
              81.35544277433249,
              26.91880536012829
            ],
            [
              81.35582537040526,
              26.918421849337253
            ],
            [
              81.35607708373774,
              26.91808340799138
            ],
            [
              81.35616272821862,
              26.917893940756816
            ],
            [
              81.3561627336085,
              26.917884932040117
            ],
            [
              81.35657054000141,
              26.917519404376243
            ],
            [
              81.35684243758004,
              26.91736375569013
            ],
            [
              81.3571142893446,
              26.91720813322211
            ],
            [
              81.35756236182176,
              26.916973526060648
            ],
            [
              81.35829221963392,
              26.91692852215245
            ],
            [
              81.35910267159844,
              26.917149682326635
            ],
            [
              81.36038120870802,
              26.91719497690722
            ],
            [
              81.3623696062332,
              26.917195133901917
            ],
            [
              81.36301401629555,
              26.917195249244966
            ],
            [
              81.36356268930476,
              26.91738933136639
            ],
            [
              81.36550064822339,
              26.91838675018514
            ],
            [
              81.36619526333031,
              26.918477054786695
            ],
            [
              81.36743872841458,
              26.918359793836654
            ],
            [
              81.3686971486517,
              26.918657720642802
            ],
            [
              81.36933138619176,
              26.918806636893454
            ],
            [
              81.36992549868302,
              26.917732711292395
            ],
            [
              81.37065547686943,
              26.916753478125358
            ],
            [
              81.37181323099747,
              26.91595022799098
            ],
            [
              81.37239219699471,
              26.91576977727533
            ],
            [
              81.37300628083136,
              26.915593796678486
            ],
            [
              81.37363546804286,
              26.91525083477823
            ],
            [
              81.37424968123692,
              26.91480412102292
            ],
            [
              81.37396769917093,
              26.914343820310044
            ],
            [
              81.37365318821018,
              26.914240028126976
            ],
            [
              81.37333858382463,
              26.914136227838295
            ],
            [
              81.3720599272391,
              26.913973738614125
            ],
            [
              81.37133009457979,
              26.913811326053743
            ],
            [
              81.3707663541283,
              26.913513432111674
            ],
            [
              81.37008684329457,
              26.912619929804162
            ],
            [
              81.36929152794261,
              26.912592846317164
            ],
            [
              81.36796768430165,
              26.912308452890493
            ],
            [
              81.36611528721889,
              26.91174430907231
            ],
            [
              81.36410683929657,
              26.91162679681193
            ],
            [
              81.36336194997473,
              26.91138762576936
            ],
            [
              81.36427309409945,
              26.91048066516734
            ],
            [
              81.36425807965779,
              26.909830769126557
            ],
            [
              81.36381016977566,
              26.908671025364008
            ],
            [
              81.36414248444702,
              26.908165660997536
            ],
            [
              81.36470621411871,
              26.90850412086802
            ],
            [
              81.36515416801831,
              26.9088606843125
            ],
            [
              81.36593430902849,
              26.908937470774752
            ],
            [
              81.36725813110989,
              26.90871186228001
            ],
            [
              81.36782186527317,
              26.908490835369754
            ],
            [
              81.36835553462053,
              26.908012482693834
            ],
            [
              81.36823976872985,
              26.907434892399213
            ],
            [
              81.36762571723254,
              26.90713705372563
            ],
            [
              81.36633207495146,
              26.906956447933005
            ],
            [
              81.36589927383409,
              26.906645076353904
            ],
            [
              81.36537079495245,
              26.90617117782623
            ],
            [
              81.36485739608948,
              26.90578309963882
            ],
            [
              81.36384583468906,
              26.905097082336514
            ],
            [
              81.36335258324128,
              26.9048173002757
            ],
            [
              81.36265301482389,
              26.904384037093276
            ],
            [
              81.36224024613735,
              26.903950768242936
            ],
            [
              81.36224030901941,
              26.903490480152108
            ],
            [
              81.36280406204733,
              26.903120450995807
            ],
            [
              81.36345838861206,
              26.90287686872796
            ],
            [
              81.36411280321173,
              26.902633276321513
            ],
            [
              81.36535610570093,
              26.902069253989573
            ],
            [
              81.36603558419529,
              26.90164967032414
            ],
            [
              81.36693150187592,
              26.901144268923208
            ],
            [
              81.36726370425788,
              26.900878095123222
            ],
            [
              81.36761106660859,
              26.900923244022117
            ],
            [
              81.36812434869059,
              26.90188890685782
            ],
            [
              81.36855214170023,
              26.902439515704522
            ],
            [
              81.36972992466586,
              26.902719294844896
            ],
            [
              81.37238236762886,
              26.903346653057074
            ],
            [
              81.37306192068343,
              26.903360206725214
            ],
            [
              81.37366087958563,
              26.903062365314046
            ],
            [
              81.37418937104368,
              26.902809628803897
            ],
            [
              81.37480339738816,
              26.902511834006358
            ],
            [
              81.37546778688073,
              26.902705877286184
            ],
            [
              81.37606170264092,
              26.90297214611371
            ],
            [
              81.3764945980814,
              26.90332862609115
            ],
            [
              81.37629320837111,
              26.90389271903722
            ],
            [
              81.37571446605439,
              26.904267247761055
            ],
            [
              81.37571445796955,
              26.90493511121747
            ],
            [
              81.37642918276244,
              26.905070425622167
            ],
            [
              81.37763716798621,
              26.90442967164945
            ],
            [
              81.37868402509248,
              26.903626412325956
            ],
            [
              81.38028960016943,
              26.90185739470704
            ],
            [
              81.38091114092127,
              26.90112185634391
            ],
            [
              81.38153275084336,
              26.900386270731044
            ],
            [
              81.38263997204174,
              26.899510744983516
            ],
            [
              81.38320363164488,
              26.899673190133527
            ],
            [
              81.38338487124503,
              26.900268861207945
            ],
            [
              81.38373725787311,
              26.900819357787114
            ],
            [
              81.38433112512429,
              26.900593682601176
            ],
            [
              81.38474386236976,
              26.90011982917453
            ],
            [
              81.38545843444905,
              26.89840952809152
            ],
            [
              81.38581568814932,
              26.89791766971636
            ],
            [
              81.38617295622265,
              26.89742574030176
            ],
            [
              81.38721478994985,
              26.896595342233173
            ],
            [
              81.3883420759184,
              26.89588221927482
            ],
            [
              81.38930322925496,
              26.895092415360768
            ],
            [
              81.38923771062971,
              26.894541966176657
            ],
            [
              81.38890548129832,
              26.8938019233227
            ],
            [
              81.38812527021952,
              26.892357974250213
            ],
            [
              81.38742548081659,
              26.89071087781819
            ],
            [
              81.38730964485732,
              26.889993372879378
            ],
            [
              81.3872139778728,
              26.889488048314007
            ],
            [
              81.38794370992083,
              26.88932550919879
            ],
            [
              81.38820544216368,
              26.889772185149226
            ],
            [
              81.38875403432456,
              26.890246021094992
            ],
            [
              81.38925225255754,
              26.88997970864582
            ],
            [
              81.38973037727426,
              26.88956446177532
            ],
            [
              81.39017821079958,
              26.88926660000859
            ],
            [
              81.39087770286018,
              26.889225937931556
            ],
            [
              81.39152187307234,
              26.88905889893978
            ],
            [
              81.39223648108423,
              26.888733940221304
            ],
            [
              81.39274978742071,
              26.88837729800767
            ],
            [
              81.39341399275862,
              26.888214762101825
            ],
            [
              81.39382673629235,
              26.888584800831552
            ],
            [
              81.39418917417014,
              26.889162312070948
            ],
            [
              81.39485359779866,
              26.88944654987409
            ],
            [
              81.39596594298746,
              26.890100689332566
            ],
            [
              81.39645919623183,
              26.890592548095157
            ],
            [
              81.39664554455102,
              26.891228797034607
            ],
            [
              81.3968418857294,
              26.891720626850823
            ],
            [
              81.39745595878627,
              26.89192807866886
            ],
            [
              81.39823599828681,
              26.891882806799593
            ],
            [
              81.39944380115261,
              26.891765328349347
            ],
            [
              81.40149707500765,
              26.891318180373798
            ],
            [
              81.4034848940178,
              26.890785357203445
            ],
            [
              81.40477828027905,
              26.89050077104914
            ],
            [
              81.40544002243645,
              26.89041940770957
            ],
            [
              81.406101824781,
              26.890338077961133
            ],
            [
              81.40743046722218,
              26.89029263320011
            ],
            [
              81.40841681021764,
              26.8901953621858
            ],
            [
              81.40940315321308,
              26.890098083877106
            ],
            [
              81.41004738361234,
              26.890039261617773
            ],
            [
              81.41061108633458,
              26.89047234508254
            ],
            [
              81.41053074730381,
              26.89103641571145
            ],
            [
              81.40967041997641,
              26.891925655121725
            ],
            [
              81.40879002608222,
              26.892864434050214
            ],
            [
              81.40852343125871,
              26.893442122102375
            ],
            [
              81.40892115136761,
              26.893875226171385
            ],
            [
              81.4099681836453,
              26.894574435343905
            ],
            [
              81.4110957651596,
              26.895287164381898
            ],
            [
              81.4117400305932,
              26.895449427336782
            ],
            [
              81.41306366492665,
              26.895318208892824
            ],
            [
              81.41424124038146,
              26.894898254850222
            ],
            [
              81.41495596607268,
              26.894943212260955
            ],
            [
              81.41505178666908,
              26.895525278366456
            ],
            [
              81.41518789311273,
              26.8961796053458
            ],
            [
              81.41576677377002,
              26.896535860814122
            ],
            [
              81.41631531742185,
              26.896517682146683
            ],
            [
              81.41717609660182,
              26.896639270305727
            ],
            [
              81.41712592659152,
              26.897203345392427
            ],
            [
              81.41618000239396,
              26.898020392977234
            ],
            [
              81.41576740528566,
              26.898395045323337
            ],
            [
              81.41545051019615,
              26.898837416225778
            ],
            [
              81.41520416519579,
              26.899536920736868
            ],
            [
              81.41487212540888,
              26.900074020636946
            ],
            [
              81.41503839458481,
              26.90063807536516
            ],
            [
              81.41561730758146,
              26.90092216572968
            ],
            [
              81.41566006559236,
              26.900899761117365
            ],
            [
              81.41624635465581,
              26.900592538614468
            ],
            [
              81.41696102375313,
              26.90054721333884
            ],
            [
              81.41755491256389,
              26.90047484170661
            ],
            [
              81.41823444226222,
              26.90057847831183
            ],
            [
              81.41888370682035,
              26.900442906174003
            ],
            [
              81.4192458716103,
              26.899923818717205
            ],
            [
              81.41901393019718,
              26.89883636194712
            ],
            [
              81.41897839823447,
              26.898091775986998
            ],
            [
              81.41909900155291,
              26.8975005893891
            ],
            [
              81.41959202303198,
              26.897112329989262
            ],
            [
              81.42032183503005,
              26.897157217621118
            ],
            [
              81.42093594042628,
              26.8972157437599
            ],
            [
              81.42136893018984,
              26.897662285167446
            ],
            [
              81.4216007808731,
              26.898348193018712
            ],
            [
              81.42199855218597,
              26.898853426679754
            ],
            [
              81.42254229793588,
              26.899191679735235
            ],
            [
              81.42301057172718,
              26.899656376274628
            ],
            [
              81.4235039785835,
              26.90001264080451
            ],
            [
              81.4241682468035,
              26.899980883789965
            ],
            [
              81.42482745930506,
              26.89970086794449
            ],
            [
              81.42557734505647,
              26.899596808344647
            ],
            [
              81.42587431910626,
              26.899580939793978
            ],
            [
              81.42617127069813,
              26.89956503679303
            ],
            [
              81.42653848222338,
              26.899014354648372
            ],
            [
              81.42648787024194,
              26.898463786783072
            ],
            [
              81.42646751082435,
              26.897868174284344
            ],
            [
              81.42610479536712,
              26.89729065066808
            ],
            [
              81.42564159705717,
              26.89681249729523
            ],
            [
              81.4255255823332,
              26.896189803087577
            ],
            [
              81.42541335760136,
              26.89595866766731
            ],
            [
              81.42527365520162,
              26.895670935626168
            ],
            [
              81.42470986085122,
              26.895463595631703
            ],
            [
              81.4240152870668,
              26.89529687831042
            ],
            [
              81.42337100995513,
              26.8950895272144
            ],
            [
              81.42282221118178,
              26.894674557897645
            ],
            [
              81.42283703518058,
              26.894078807647634
            ],
            [
              81.42376283981072,
              26.893320458397273
            ],
            [
              81.42478911741212,
              26.89247174267296
            ],
            [
              81.42522171461192,
              26.89205643285612
            ],
            [
              81.42536745638527,
              26.89143356982174
            ],
            [
              81.4253017347408,
              26.890824389118308
            ],
            [
              81.425185726305,
              26.890210793806897
            ],
            [
              81.42492377038164,
              26.889646783952326
            ],
            [
              81.42465679377412,
              26.889055698975106
            ],
            [
              81.42487286824436,
              26.888414822099516
            ],
            [
              81.42540115129327,
              26.888085240208056
            ],
            [
              81.42603041037003,
              26.88851822620582
            ],
            [
              81.42636316072432,
              26.889813269255555
            ],
            [
              81.42651449540864,
              26.89042240814098
            ],
            [
              81.42725929669555,
              26.8903905490834
            ],
            [
              81.42767173659868,
              26.889898469115014
            ],
            [
              81.42783760422768,
              26.88937948382503
            ],
            [
              81.42780699503271,
              26.88862133297377
            ],
            [
              81.42725755126895,
              26.886568357606635
            ],
            [
              81.42821756913497,
              26.884009377329278
            ],
            [
              81.42888125165341,
              26.88274554087694
            ],
            [
              81.42911244117663,
              26.882129522007258
            ],
            [
              81.42934362710656,
              26.881513499780027
            ],
            [
              81.4295745534234,
              26.880367129045627
            ],
            [
              81.42952906004244,
              26.879861734992986
            ],
            [
              81.42932748707585,
              26.87932484828878
            ],
            [
              81.4291109400918,
              26.878941347639557
            ],
            [
              81.42886420342596,
              26.87855334096387
            ],
            [
              81.4285972717342,
              26.878183444064746
            ],
            [
              81.42808389083757,
              26.877885838355034
            ],
            [
              81.42722345571235,
              26.87818397370422
            ],
            [
              81.42664520926563,
              26.878987376279564
            ],
            [
              81.42587992728856,
              26.878270174302877
            ],
            [
              81.42513488884642,
              26.877692795701694
            ],
            [
              81.42426894165865,
              26.876546902244545
            ],
            [
              81.4233576367355,
              26.875504834663545
            ],
            [
              81.4228793637968,
              26.87495444791792
            ],
            [
              81.42266271530306,
              26.874331822361302
            ],
            [
              81.42216440634026,
              26.873794943048757
            ],
            [
              81.4215000231359,
              26.873348464376125
            ],
            [
              81.42107199656427,
              26.87279807514628
            ],
            [
              81.42098613828435,
              26.871954178253418
            ],
            [
              81.42063878042524,
              26.871521099152112
            ],
            [
              81.42017561175969,
              26.870898489947166
            ],
            [
              81.41943077543849,
              26.870497131244953
            ],
            [
              81.42022563175132,
              26.870095283911162
            ],
            [
              81.42070352110944,
              26.869738587694215
            ],
            [
              81.42153341710828,
              26.868980177686318
            ],
            [
              81.4211004803453,
              26.868474970727885
            ],
            [
              81.42092924887574,
              26.86796059335343
            ],
            [
              81.4209342210508,
              26.86795604333063
            ],
            [
              81.42136190266937,
              26.867775389327626
            ],
            [
              81.42179952594317,
              26.867603745359876
            ],
            [
              81.42224227320739,
              26.867441154741098
            ],
            [
              81.42269506273814,
              26.86728757423761
            ],
            [
              81.42315287205469,
              26.867161066275177
            ],
            [
              81.42359053575268,
              26.86704816187204
            ],
            [
              81.42402322907225,
              26.866930704086723
            ],
            [
              81.42445592239177,
              26.8667951356538
            ],
            [
              81.42488359323055,
              26.866650600733678
            ],
            [
              81.42531115896645,
              26.866506067231526
            ],
            [
              81.42573877500797,
              26.866365943394715
            ],
            [
              81.42642794991754,
              26.86602275509689
            ],
            [
              81.42678514432902,
              26.865864697887957
            ],
            [
              81.42630156594021,
              26.86456069604992
            ],
            [
              81.42640195985976,
              26.86401020875496
            ],
            [
              81.42595412274116,
              26.86393815270325
            ],
            [
              81.42563686293562,
              26.863401200003867
            ],
            [
              81.42525430638874,
              26.8629275368188
            ],
            [
              81.42459464472951,
              26.861768080930293
            ],
            [
              81.42399571457341,
              26.861276333957385
            ],
            [
              81.42293430026798,
              26.861840858008854
            ],
            [
              81.42197325203429,
              26.86167865338832
            ],
            [
              81.42182631639992,
              26.861516417281084
            ],
            [
              81.42147484515509,
              26.86112834360012
            ],
            [
              81.42039799509817,
              26.860812729777436
            ],
            [
              81.41902468842103,
              26.861499100083115
            ],
            [
              81.41809864483903,
              26.860655513163426
            ],
            [
              81.4175146653442,
              26.859793849979383
            ],
            [
              81.41676989998992,
              26.859392382148304
            ],
            [
              81.41625654065282,
              26.85895931424921
            ],
            [
              81.41567780192932,
              26.85845411382211
            ],
            [
              81.41479700918315,
              26.857592445892827
            ],
            [
              81.41441446431435,
              26.857087128766437
            ],
            [
              81.41371976835906,
              26.855972707748098
            ],
            [
              81.41337245002582,
              26.85540869297756
            ],
            [
              81.41289428757983,
              26.854903403766066
            ],
            [
              81.41244639925728,
              26.854501909766316
            ],
            [
              81.41204871238608,
              26.853951489734715
            ],
            [
              81.41176684081283,
              26.853446180391757
            ],
            [
              81.41126862078323,
              26.8528506023687
            ],
            [
              81.41019178959091,
              26.85241769937567
            ],
            [
              81.40955804612427,
              26.852747269028583
            ],
            [
              81.40861704199952,
              26.852242072122188
            ],
            [
              81.40795296242572,
              26.85231440010278
            ],
            [
              81.4073239970981,
              26.852107023061485
            ],
            [
              81.40647883692597,
              26.852062095099328
            ],
            [
              81.40495440577028,
              26.851958608762605
            ],
            [
              81.40410929859875,
              26.8523152360186
            ],
            [
              81.40246937464025,
              26.853118860033412
            ],
            [
              81.40185534470251,
              26.852270547773735
            ],
            [
              81.4012266147335,
              26.852554992130223
            ],
            [
              81.40089444109762,
              26.852139929187924
            ],
            [
              81.40041645472148,
              26.851959495172796
            ],
            [
              81.39990318880915,
              26.85149924859985
            ],
            [
              81.39904265397092,
              26.85059235231268
            ],
            [
              81.39746781295476,
              26.849329124187832
            ],
            [
              81.39716081999462,
              26.849001993092756
            ],
            [
              81.39685382793282,
              26.84867486265512
            ],
            [
              81.3963734592245,
              26.84801711329065
            ],
            [
              81.39505157930076,
              26.84770644092649
            ],
            [
              81.39368319898468,
              26.847760690292407
            ],
            [
              81.39228466941098,
              26.848018092703814
            ],
            [
              81.38970909798182,
              26.849318044604185
            ],
            [
              81.38701834187192,
              26.850941932602236
            ],
            [
              81.38691214393735,
              26.851006028790223
            ],
            [
              81.38655995314203,
              26.851060161965528
            ],
            [
              81.38589077473067,
              26.850920349200187
            ],
            [
              81.38588296657423,
              26.850875527361566
            ],
            [
              81.38547810216389,
              26.8485512592814
            ],
            [
              81.38449189840732,
              26.84735101580774
            ],
            [
              81.3835712492086,
              26.84740968875671
            ],
            [
              81.38265065660376,
              26.847211216093335
            ],
            [
              81.38131245429128,
              26.847522599132944
            ],
            [
              81.38048741727984,
              26.84725193335403
            ],
            [
              81.37966233714926,
              26.84696765520381
            ],
            [
              81.3792498379573,
              26.84656602965836
            ],
            [
              81.37797695574244,
              26.84511295732677
            ],
            [
              81.37699097566639,
              26.844968622335696
            ],
            [
              81.3764174965789,
              26.844427095974698
            ],
            [
              81.3754924707881,
              26.843262321610712
            ],
            [
              81.3754611959415,
              26.843222942251085
            ],
            [
              81.37479762301753,
              26.842387364973046
            ],
            [
              81.37441527937135,
              26.841787249821852
            ],
            [
              81.37406310115242,
              26.841331390347293
            ],
            [
              81.37365065226614,
              26.84090271868145
            ],
            [
              81.37320795800254,
              26.84050106360426
            ],
            [
              81.37269992837003,
              26.839905443918262
            ],
            [
              81.37253897722057,
              26.8393910023906
            ],
            [
              81.37155304924677,
              26.837121091235865
            ],
            [
              81.37053696572724,
              26.835866582962154
            ],
            [
              81.37005915182762,
              26.83467071709657
            ],
            [
              81.36983791384111,
              26.83315892723007
            ],
            [
              81.36947577959391,
              26.832518167278756
            ],
            [
              81.36924441759416,
              26.83254978693075
            ],
            [
              81.36850491097755,
              26.83258583297054
            ],
            [
              81.36795159188165,
              26.832554154010733
            ],
            [
              81.36739834285434,
              26.832491030129876
            ],
            [
              81.36706134257047,
              26.832486423370938
            ],
            [
              81.36659350625872,
              26.832617273046832
            ],
            [
              81.36621118596874,
              26.832752617097015
            ],
            [
              81.36607540381691,
              26.832838379373374
            ],
            [
              81.36559245784208,
              26.83332569929041
            ],
            [
              81.36541637097841,
              26.833465592300694
            ],
            [
              81.36515479863563,
              26.8337273068738
            ],
            [
              81.36492340609318,
              26.833898756139856
            ],
            [
              81.36449586191686,
              26.833528658725783
            ],
            [
              81.3650039562281,
              26.83307293433861
            ],
            [
              81.36490840692288,
              26.832499809985023
            ],
            [
              81.36465690289785,
              26.831899632814963
            ],
            [
              81.36430484684978,
              26.83143032435348
            ],
            [
              81.3638874383648,
              26.830915798635147
            ],
            [
              81.36331910303066,
              26.830460041290326
            ],
            [
              81.36347506134376,
              26.82994559292907
            ],
            [
              81.36299730583461,
              26.828889625736497
            ],
            [
              81.36265034323421,
              26.828320978124513
            ],
            [
              81.3619813831135,
              26.82823521002302
            ],
            [
              81.36125204632422,
              26.828090664335875
            ],
            [
              81.36058307003383,
              26.827688999091276
            ],
            [
              81.36153887929277,
              26.82694899895719
            ],
            [
              81.36096553225761,
              26.82643452663525
            ],
            [
              81.36070907043053,
              26.826037378368238
            ],
            [
              81.36017080260723,
              26.826506685122787
            ],
            [
              81.35912477374768,
              26.82527910277491
            ],
            [
              81.35782201356643,
              26.82547745916199
            ],
            [
              81.35724854705536,
              26.82593317803246
            ],
            [
              81.356106932958,
              26.825048588804048
            ],
            [
              81.35610699943335,
              26.824538617935282
            ],
            [
              81.35499072142026,
              26.822765051356544
            ],
            [
              81.35234353719494,
              26.824158833233188
            ],
            [
              81.3505438981688,
              26.825106348209427
            ],
            [
              81.34961847622098,
              26.824790318101655
            ],
            [
              81.34961877805492,
              26.823820112044277
            ],
            [
              81.34868403518773,
              26.82174672698491
            ],
            [
              81.34866862279239,
              26.82171253817226
            ],
            [
              81.34757196398512,
              26.822335074053655
            ],
            [
              81.34593265896584,
              26.82100804928505
            ],
            [
              81.34562770158811,
              26.82073770173231
            ],
            [
              81.34431354897248,
              26.819572622809662
            ],
            [
              81.34442432112846,
              26.8188597173041
            ],
            [
              81.34394700309889,
              26.817054484376463
            ],
            [
              81.34277020917837,
              26.816941444212937
            ],
            [
              81.34251860274539,
              26.817496411809536
            ],
            [
              81.34246813090114,
              26.817992841653858
            ],
            [
              81.3424830384433,
              26.818480162895582
            ],
            [
              81.34205544216468,
              26.8189629003872
            ],
            [
              81.34119534121275,
              26.819080108918552
            ],
            [
              81.34046614995054,
              26.818777518383104
            ],
            [
              81.33981245490143,
              26.81830805695733
            ],
            [
              81.33937003103074,
              26.817730329921204
            ],
            [
              81.33918689329042,
              26.81739899482452
            ],
            [
              81.3390382400772,
              26.81713005286544
            ],
            [
              81.33872166029633,
              26.816475676663128
            ],
            [
              81.33810318908785,
              26.816060334764504
            ],
            [
              81.33765536274905,
              26.816588189768503
            ],
            [
              81.33624249067356,
              26.815310706252962
            ],
            [
              81.33585026106768,
              26.81497563930326
            ],
            [
              81.33468895230601,
              26.81398356315782
            ],
            [
              81.3336224661125,
              26.814542864105878
            ],
            [
              81.3318923539944,
              26.814668694894127
            ],
            [
              81.3312889619063,
              26.814456379259255
            ],
            [
              81.3309370450971,
              26.81409078495444
            ],
            [
              81.33001706334666,
              26.81312027323528
            ],
            [
              81.33052507501286,
              26.8127503356407
            ],
            [
              81.3312444243328,
              26.812493345342705
            ],
            [
              81.33203406143387,
              26.812421375159147
            ],
            [
              81.33267279324525,
              26.812322366374552
            ],
            [
              81.3329595561452,
              26.811979488871955
            ],
            [
              81.33318109506733,
              26.81132972583205
            ],
            [
              81.33263639800153,
              26.81068176700978
            ],
            [
              81.33259297074575,
              26.810630107971786
            ],
            [
              81.333020534685,
              26.810260200735403
            ],
            [
              81.33345329178493,
              26.80967364384286
            ],
            [
              81.33319714885978,
              26.808653748256148
            ],
            [
              81.33310221400222,
              26.806956922709812
            ],
            [
              81.33242848831894,
              26.806613760385726
            ],
            [
              81.33175473478784,
              26.806270637112075
            ],
            [
              81.33110120682538,
              26.80577851683011
            ],
            [
              81.33073426479474,
              26.805336186922535
            ],
            [
              81.32925625497971,
              26.803896172964564
            ],
            [
              81.32804965765301,
              26.803146694941443
            ],
            [
              81.32684308098754,
              26.802388105046372
            ],
            [
              81.32479127857297,
              26.802558869678577
            ],
            [
              81.32337885565511,
              26.800983462680296
            ],
            [
              81.32241934803217,
              26.799620310259517
            ],
            [
              81.32233357509222,
              26.799498451860483
            ],
            [
              81.32184599560713,
              26.79899735376307
            ],
            [
              81.32115744143341,
              26.798293106993913
            ],
            [
              81.32098636537242,
              26.79844192196135
            ],
            [
              81.32088075942762,
              26.798532174812745
            ],
            [
              81.32072484782692,
              26.798622390708033
            ],
            [
              81.32036271807127,
              26.798694388893782
            ],
            [
              81.31999059006647,
              26.798721328866044
            ],
            [
              81.31978444108184,
              26.798739334815735
            ],
            [
              81.31942226641041,
              26.798915130017406
            ],
            [
              81.31921605274705,
              26.7989466499956
            ],
            [
              81.3185020286401,
              26.798932879350385
            ],
            [
              81.31831091924992,
              26.79902752503978
            ],
            [
              81.318059275986,
              26.799271159328622
            ],
            [
              81.31763173360632,
              26.799555250867463
            ],
            [
              81.31743557658258,
              26.79956866382249
            ],
            [
              81.31742051722514,
              26.799568699102863
            ],
            [
              81.31694814711615,
              26.798873559875545
            ],
            [
              81.31684074543907,
              26.79871107422948
            ],
            [
              81.31666179384798,
              26.798440263767574
            ],
            [
              81.31589827795874,
              26.7968695488959
            ],
            [
              81.3158181877613,
              26.796084236226505
            ],
            [
              81.31550165289617,
              26.795565227252354
            ],
            [
              81.31472284139264,
              26.794382519692203
            ],
            [
              81.31383363772044,
              26.792847869060314
            ],
            [
              81.31326603002164,
              26.791737487800628
            ],
            [
              81.31275348725315,
              26.79116411915457
            ],
            [
              81.31197907569785,
              26.791190910160495
            ],
            [
              81.31154697526641,
              26.790707883630635
            ],
            [
              81.31126063457464,
              26.790193301369413
            ],
            [
              81.31064223612968,
              26.790080138201617
            ],
            [
              81.31062748040283,
              26.789516120929928
            ],
            [
              81.31061251626684,
              26.789252415801993
            ],
            [
              81.31056268671801,
              26.788374315672694
            ],
            [
              81.31031166239332,
              26.787846286838644
            ],
            [
              81.31026181038663,
              26.786930158608712
            ],
            [
              81.31054883828959,
              26.78632565197791
            ],
            [
              81.30988131008344,
              26.78494378923944
            ],
            [
              81.30977040138349,
              26.78471419166828
            ],
            [
              81.30945437586318,
              26.783378367996033
            ],
            [
              81.30896224461456,
              26.78226797587966
            ],
            [
              81.3095004980648,
              26.78186658375947
            ],
            [
              81.30858781512606,
              26.78084988818656
            ],
            [
              81.30826448809908,
              26.78048969423013
            ],
            [
              81.3068679500904,
              26.778395157145578
            ],
            [
              81.30633028413837,
              26.777979739154084
            ],
            [
              81.30537004079517,
              26.77779869463665
            ],
            [
              81.30468607431764,
              26.77820450319464
            ],
            [
              81.3039316089549,
              26.778578714101112
            ],
            [
              81.30328752857429,
              26.779426784908757
            ],
            [
              81.30313650560535,
              26.779701928063634
            ],
            [
              81.30124077918316,
              26.780174773191906
            ],
            [
              81.30063718138085,
              26.780549004870725
            ],
            [
              81.29965115459237,
              26.781329189086456
            ],
            [
              81.29870550527933,
              26.78194243632904
            ],
            [
              81.29772007407388,
              26.781874180646994
            ],
            [
              81.29696564644038,
              26.782316024631513
            ],
            [
              81.29677414358811,
              26.78296118391447
            ],
            [
              81.29575300974004,
              26.783538261275776
            ],
            [
              81.29541154393088,
              26.782924345813633
            ],
            [
              81.29503488123055,
              26.782414244027983
            ],
            [
              81.29367289332603,
              26.7815650960594
            ],
            [
              81.29314038190707,
              26.780919466913783
            ],
            [
              81.29299006591225,
              26.780274090724337
            ],
            [
              81.29246262278814,
              26.779592283895063
            ],
            [
              81.29132680821425,
              26.778878702825523
            ],
            [
              81.2910255914214,
              26.778300852730577
            ],
            [
              81.29144321190876,
              26.77785886480166
            ],
            [
              81.29150733095881,
              26.777794429705
            ],
            [
              81.2917140351023,
              26.77758679278056
            ],
            [
              81.29209737498013,
              26.77707851879547
            ],
            [
              81.29209770376353,
              26.77660925287936
            ],
            [
              81.2923344637398,
              26.776081405902925
            ],
            [
              81.29174673108369,
              26.775381609955875
            ],
            [
              81.29128452271719,
              26.774826229381006
            ],
            [
              81.29088771080507,
              26.774325105744275
            ],
            [
              81.2902542314431,
              26.774360835859007
            ],
            [
              81.28776041209466,
              26.774589460688084
            ],
            [
              81.28750463927538,
              26.7738040868769
            ],
            [
              81.28699688273072,
              26.773763198066053
            ],
            [
              81.28651921615479,
              26.773830552354976
            ],
            [
              81.28524671213064,
              26.774475085373776
            ],
            [
              81.2847241989608,
              26.77400991417262
            ],
            [
              81.28390022375801,
              26.773382171032825
            ],
            [
              81.28308633573756,
              26.772637025260902
            ],
            [
              81.28248336675593,
              26.772266647673682
            ],
            [
              81.2821523223024,
              26.77124651125794
            ],
            [
              81.2817405543391,
              26.770659612308435
            ],
            [
              81.28030880776114,
              26.769363526367094
            ],
            [
              81.27946954233393,
              26.769092152620704
            ],
            [
              81.27844935531016,
              26.768563527206386
            ],
            [
              81.27761010964583,
              26.76828313412807
            ],
            [
              81.27740405139103,
              26.76823765561556
            ],
            [
              81.27735378076939,
              26.768226560886543
            ],
            [
              81.27709734858672,
              26.76816998922097
            ],
            [
              81.27608226938364,
              26.76810587185212
            ],
            [
              81.27550883521194,
              26.768069628864186
            ],
            [
              81.27498622232909,
              26.767852663152688
            ],
            [
              81.27439829833183,
              26.767567913173888
            ],
            [
              81.27317750223376,
              26.76663293813876
            ],
            [
              81.27262049914691,
              26.765490763168852
            ],
            [
              81.27206787804198,
              26.765007583974352
            ],
            [
              81.27136932921243,
              26.764822003110666
            ],
            [
              81.27012804883094,
              26.764392386061857
            ],
            [
              81.26870056386072,
              26.764084431338134
            ],
            [
              81.26807753370215,
              26.763727490374418
            ],
            [
              81.26728330621002,
              26.763641133624677
            ],
            [
              81.26671497177416,
              26.763938552648632
            ],
            [
              81.26634934487711,
              26.76435356081073
            ],
            [
              81.26588463829577,
              26.764881026772404
            ],
            [
              81.26517080283502,
              26.764835384879284
            ],
            [
              81.26503062612484,
              26.764235127109828
            ],
            [
              81.26464898765616,
              26.763824096827246
            ],
            [
              81.26426749201961,
              26.763273315023955
            ],
            [
              81.26345917535056,
              26.762216702186713
            ],
            [
              81.26296761632878,
              26.76104297798707
            ],
            [
              81.26354110080615,
              26.760646324252985
            ],
            [
              81.2626521567471,
              26.759810829810952
            ],
            [
              81.26161755984783,
              26.75888033009658
            ],
            [
              81.2607919110837,
              26.75813487823361
            ],
            [
              81.25909630684893,
              26.75660395200458
            ],
            [
              81.25639971977455,
              26.75395730279573
            ],
            [
              81.25544575385857,
              26.752927550158574
            ],
            [
              81.25406482856951,
              26.751586113654643
            ],
            [
              81.25366050943657,
              26.751044802303017
            ],
            [
              81.25325621096484,
              26.750503511636555
            ],
            [
              81.25266345403136,
              26.75003814120201
            ],
            [
              81.25209089661536,
              26.7495231412053
            ],
            [
              81.25125228785659,
              26.748687540119253
            ],
            [
              81.25071994711753,
              26.748168077038642
            ],
            [
              81.24953002701407,
              26.746817626210753
            ],
            [
              81.24832830664106,
              26.74560765566533
            ],
            [
              81.24802991774472,
              26.74558961802539
            ],
            [
              81.24694305776057,
              26.744539070776113
            ],
            [
              81.24646995732124,
              26.743948323608123
            ],
            [
              81.24610248887787,
              26.7433936068382
            ],
            [
              81.24585045215187,
              26.742757522245274
            ],
            [
              81.24562373444213,
              26.742175572722815
            ],
            [
              81.24534159696759,
              26.741539542286194
            ],
            [
              81.24508959886916,
              26.740916969892186
            ],
            [
              81.24496838828954,
              26.7403168978652
            ],
            [
              81.24485713014498,
              26.739739364267244
            ],
            [
              81.24450910304095,
              26.738462545680676
            ],
            [
              81.24402600974243,
              26.737966570229677
            ],
            [
              81.24345781903699,
              26.73767823065068
            ],
            [
              81.24281926778696,
              26.73739899765944
            ],
            [
              81.24215063914458,
              26.737237045002274
            ],
            [
              81.24145195826266,
              26.7371744409069
            ],
            [
              81.24002447958067,
              26.737058290218265
            ],
            [
              81.23936097133539,
              26.73703171669414
            ],
            [
              81.23865231825552,
              26.736996210708025
            ],
            [
              81.23794357803911,
              26.73695169282697
            ],
            [
              81.23717970462037,
              26.73696580633694
            ],
            [
              81.23585288126765,
              26.736953271691725
            ],
            [
              81.2354262937971,
              26.736957498845335
            ],
            [
              81.23436514539301,
              26.736968010168752
            ],
            [
              81.23363637903392,
              26.73692795128706
            ],
            [
              81.2329125884432,
              26.736883344327396
            ],
            [
              81.23217870258533,
              26.736811689633463
            ],
            [
              81.23138459187415,
              26.736780684312883
            ],
            [
              81.23070607906868,
              26.736727068602864
            ],
            [
              81.22999741431072,
              26.736732070757938
            ],
            [
              81.2291932855875,
              26.736723658954162
            ],
            [
              81.22848463520259,
              26.73675127309457
            ],
            [
              81.22820920365164,
              26.736796262788708
            ],
            [
              81.22779115287123,
              26.736864547961336
            ],
            [
              81.22706757697789,
              26.737063654983842
            ],
            [
              81.22637935158758,
              26.737371068385844
            ],
            [
              81.22576141397838,
              26.737651264964423
            ],
            [
              81.22448532837119,
              26.738279450995375
            ],
            [
              81.22386242038351,
              26.738618339270957
            ],
            [
              81.22330981544826,
              26.738952631222563
            ],
            [
              81.2227673120684,
              26.73933658319763
            ],
            [
              81.22214439509754,
              26.73964383481952
            ],
            [
              81.22159183956967,
              26.739973708187275
            ],
            [
              81.22097386243459,
              26.740294524053475
            ],
            [
              81.21982345383057,
              26.740994695760133
            ],
            [
              81.2195220537814,
              26.741161892116136
            ],
            [
              81.21922065193559,
              26.74132908662181
            ],
            [
              81.21891414316738,
              26.74148721881631
            ],
            [
              81.21855731886183,
              26.741546074094188
            ],
            [
              81.2179641361269,
              26.741433632601183
            ],
            [
              81.21726518664873,
              26.74104599660091
            ],
            [
              81.2164552341475,
              26.740040256994337
            ],
            [
              81.21556987526475,
              26.739093112330533
            ],
            [
              81.21509206226345,
              26.738687294838257
            ],
            [
              81.21467455676041,
              26.738227223901198
            ],
            [
              81.21422182292521,
              26.73771308498604
            ],
            [
              81.2137791394414,
              26.737221484236663
            ],
            [
              81.2132209415952,
              26.73679311307747
            ],
            [
              81.21266791175685,
              26.736486616714775
            ],
            [
              81.21237372877265,
              26.73633888304854
            ],
            [
              81.21208460060856,
              26.7361936851787
            ],
            [
              81.21148127858902,
              26.735810431806076
            ],
            [
              81.21096315997754,
              26.73530984291027
            ],
            [
              81.2106611912948,
              26.73473237614896
            ],
            [
              81.21055524129524,
              26.73408269084782
            ],
            [
              81.21083628821502,
              26.733554513134884
            ],
            [
              81.21156482909696,
              26.73336003883384
            ],
            [
              81.21233868010354,
              26.73319251971789
            ],
            [
              81.21293655833246,
              26.732998129039128
            ],
            [
              81.21342885037951,
              26.73269550718102
            ],
            [
              81.21397128638571,
              26.73226193530515
            ],
            [
              81.21446350117766,
              26.731823876090466
            ],
            [
              81.21486022685153,
              26.731358880103272
            ],
            [
              81.21524670544298,
              26.730808086209276
            ],
            [
              81.215527673311,
              26.730221239182278
            ],
            [
              81.2156779533732,
              26.729535182982094
            ],
            [
              81.21578285863208,
              26.728826675170453
            ],
            [
              81.21579751374763,
              26.728230945756195
            ],
            [
              81.21579699002982,
              26.727590191021502
            ],
            [
              81.21568592232809,
              26.726985505844706
            ],
            [
              81.21558494899521,
              26.726376328343925
            ],
            [
              81.21549399726761,
              26.725776267866326
            ],
            [
              81.2154181057958,
              26.725081294800248
            ],
            [
              81.21527114231361,
              26.72345685095527
            ],
            [
              81.21499411804969,
              26.722671857170827
            ],
            [
              81.21384318842284,
              26.72254615390033
            ],
            [
              81.21271226966726,
              26.722221963750638
            ],
            [
              81.2116571408739,
              26.722466318831824
            ],
            [
              81.21046154521447,
              26.72307621772983
            ],
            [
              81.20926585613027,
              26.7234740849273
            ],
            [
              81.2079596024009,
              26.72391710920285
            ],
            [
              81.20715095335517,
              26.724585423885852
            ],
            [
              81.20627212522453,
              26.72549746620874
            ],
            [
              81.20609167793846,
              26.726052635326766
            ],
            [
              81.206182432935,
              26.726539978172287
            ],
            [
              81.20600179430774,
              26.726946196844285
            ],
            [
              81.20494208410645,
              26.72787644362957
            ],
            [
              81.2041987084459,
              26.728468017233595
            ],
            [
              81.20343519614991,
              26.729064155394287
            ],
            [
              81.20311920386729,
              26.729957791144567
            ],
            [
              81.20313968455744,
              26.73048576010647
            ],
            [
              81.20336653162455,
              26.731437848056775
            ],
            [
              81.20379479085983,
              26.733089278719163
            ],
            [
              81.20433896959771,
              26.735051964064954
            ],
            [
              81.204656755816,
              26.736680880289082
            ],
            [
              81.20488378164787,
              26.737939773889007
            ],
            [
              81.20474973504119,
              26.740381252332746
            ],
            [
              81.20414328957938,
              26.742822947107257
            ],
            [
              81.203425620109,
              26.744393685228477
            ],
            [
              81.20276798325244,
              26.7455267690415
            ],
            [
              81.2022508788389,
              26.746470199671734
            ],
            [
              81.20209039481341,
              26.746975733123787
            ],
            [
              81.20205059225982,
              26.747028658122805
            ],
            [
              81.20148269440519,
              26.747783778656018
            ],
            [
              81.20060856536175,
              26.74845667960831
            ],
            [
              81.1998650953781,
              26.749215187897697
            ],
            [
              81.19933261540018,
              26.750236504804597
            ],
            [
              81.19933112599345,
              26.750258871846924
            ],
            [
              81.199322753695,
              26.750384792365246
            ],
            [
              81.1991523783199,
              26.750820886961726
            ],
            [
              81.19864521556164,
              26.751543196191196
            ],
            [
              81.19811789191343,
              26.752364769771404
            ],
            [
              81.19711832661532,
              26.753488936827534
            ],
            [
              81.19647537631533,
              26.754139086392033
            ],
            [
              81.19511388877241,
              26.755484541956896
            ],
            [
              81.19414934160072,
              26.75638527831542
            ],
            [
              81.19318478095428,
              26.757286008336784
            ],
            [
              81.19138109232284,
              26.759001724364193
            ],
            [
              81.19105450171645,
              26.759308711081154
            ],
            [
              81.1895271151035,
              26.760744459723632
            ],
            [
              81.18921572489003,
              26.761209374842508
            ],
            [
              81.1891054728586,
              26.761760018264447
            ],
            [
              81.18916098964148,
              26.762098401009485
            ],
            [
              81.18931703239623,
              26.762463878908992
            ],
            [
              81.19000132136897,
              26.763587179271095
            ],
            [
              81.19071057542175,
              26.764412672142008
            ],
            [
              81.19130916331973,
              26.76505769413225
            ],
            [
              81.19236057937606,
              26.766203478726492
            ],
            [
              81.19288879235638,
              26.7668349606361
            ],
            [
              81.19312028281517,
              26.767335749983
            ],
            [
              81.19317586966667,
              26.76777802189226
            ],
            [
              81.19342253895883,
              26.768269776024997
            ],
            [
              81.19365425938638,
              26.769000687730433
            ],
            [
              81.19391095297881,
              26.769501466726705
            ],
            [
              81.1943334459283,
              26.769857742303532
            ],
            [
              81.19505769735477,
              26.770398908693302
            ],
            [
              81.19603844115105,
              26.77107088092159
            ],
            [
              81.19696886671498,
              26.77165248519098
            ],
            [
              81.19798986761239,
              26.772279270656934
            ],
            [
              81.19851802040561,
              26.77267159538879
            ],
            [
              81.19956428282713,
              26.773573538048115
            ],
            [
              81.20049497608903,
              26.7744711162567
            ],
            [
              81.20131996818469,
              26.775206211376453
            ],
            [
              81.20189351644248,
              26.775738384372158
            ],
            [
              81.20247196411182,
              26.77611716112878
            ],
            [
              81.20320637368751,
              26.776631180052142
            ],
            [
              81.20501214820702,
              26.777920857032246
            ],
            [
              81.20667222586891,
              26.7791924148796
            ],
            [
              81.20750224763187,
              26.779760566265892
            ],
            [
              81.20806553173921,
              26.780017434243845
            ],
            [
              81.20908648772085,
              26.78042302876685
            ],
            [
              81.20980560976705,
              26.780607621784487
            ],
            [
              81.2107559294213,
              26.78079199235923
            ],
            [
              81.21136447783914,
              26.78091803702208
            ],
            [
              81.21181694217975,
              26.780971917381734
            ],
            [
              81.21229468601082,
              26.781066328644147
            ],
            [
              81.2125361315996,
              26.7812376787178
            ],
            [
              81.21324074944722,
              26.782045073191476
            ],
            [
              81.21363838421617,
              26.78264043397056
            ],
            [
              81.21380963095707,
              26.78306451433853
            ],
            [
              81.21382995084882,
              26.783335302956946
            ],
            [
              81.2137698643361,
              26.78366022021806
            ],
            [
              81.21349882375026,
              26.784238038220998
            ],
            [
              81.21314722943626,
              26.784748167095568
            ],
            [
              81.21282064601638,
              26.785014646940436
            ],
            [
              81.21196641285991,
              26.78567851422412
            ],
            [
              81.2109261224384,
              26.786468846754826
            ],
            [
              81.20996118988941,
              26.78704253583324
            ],
            [
              81.20908163681834,
              26.78755745635407
            ],
            [
              81.20821209906433,
              26.78808148661635
            ],
            [
              81.20783517944582,
              26.788217054648648
            ],
            [
              81.20732752441081,
              26.78853327330879
            ],
            [
              81.2055783141098,
              26.7894457792542
            ],
            [
              81.20474394629748,
              26.789825360282382
            ],
            [
              81.20307496722941,
              26.790485125820492
            ],
            [
              81.20234607330958,
              26.790796862820677
            ],
            [
              81.2008078431328,
              26.791343713395953
            ],
            [
              81.20048609714075,
              26.79146578423304
            ],
            [
              81.19999344397097,
              26.791768349022593
            ],
            [
              81.1990081340381,
              26.79212542396064
            ],
            [
              81.19817363327513,
              26.792365039629047
            ],
            [
              81.1973691613955,
              26.792487292997066
            ],
            [
              81.19678587540004,
              26.792469489731754
            ],
            [
              81.1962478510202,
              26.792514868727586
            ],
            [
              81.19567457135868,
              26.792461036347152
            ],
            [
              81.19525219069861,
              26.792461218373184
            ],
            [
              81.19479960778038,
              26.792398280651913
            ],
            [
              81.19421623913993,
              26.79220900539656
            ],
            [
              81.19387919933014,
              26.792100872824317
            ],
            [
              81.19344664884277,
              26.791902539028644
            ],
            [
              81.19298388980897,
              26.79167262435842
            ],
            [
              81.19253615330169,
              26.791275723980384
            ],
            [
              81.19227453155162,
              26.790919334388
            ],
            [
              81.19208818323243,
              26.790549409372954
            ],
            [
              81.19194210189588,
              26.790016998686102
            ],
            [
              81.19194695459505,
              26.789651413801632
            ],
            [
              81.19199187664746,
              26.789145962798855
            ],
            [
              81.19200161887673,
              26.788636088649202
            ],
            [
              81.1920763901494,
              26.787525913163908
            ],
            [
              81.19213134818015,
              26.78683549480835
            ],
            [
              81.19219110231622,
              26.78591482434626
            ],
            [
              81.19218057675603,
              26.785156683782965
            ],
            [
              81.1921900485924,
              26.784042126965634
            ],
            [
              81.19215916361462,
              26.78281920286651
            ],
            [
              81.19209351832693,
              26.782331871933838
            ],
            [
              81.19195247743741,
              26.781952864900592
            ],
            [
              81.1917812899853,
              26.78148361913205
            ],
            [
              81.19153966114017,
              26.78105048838278
            ],
            [
              81.19126289559102,
              26.78067159094961
            ],
            [
              81.19090066702071,
              26.780310717165122
            ],
            [
              81.190458043724,
              26.7799950433874
            ],
            [
              81.18981430919477,
              26.779697533284814
            ],
            [
              81.18913549365706,
              26.77955796207836
            ],
            [
              81.1883712159965,
              26.779513180179823
            ],
            [
              81.18726011138115,
              26.77951367740013
            ],
            [
              81.18625973131107,
              26.779699048200392
            ],
            [
              81.1857469199463,
              26.77989332773383
            ],
            [
              81.1852896091947,
              26.780173332865335
            ],
            [
              81.18492775342523,
              26.780615718377632
            ],
            [
              81.18456096320988,
              26.78108967361826
            ],
            [
              81.18434497857118,
              26.78134698607989
            ],
            [
              81.18367651881206,
              26.78199707164005
            ],
            [
              81.18266649442911,
              26.783049018389683
            ],
            [
              81.1820634562772,
              26.783631395320462
            ],
            [
              81.18135990742478,
              26.78439877232014
            ],
            [
              81.18055577959989,
              26.785103094905967
            ],
            [
              81.17958071674944,
              26.785987978147105
            ],
            [
              81.1787514253168,
              26.786665174026336
            ],
            [
              81.17756523681506,
              26.78768549026138
            ],
            [
              81.17701732108561,
              26.788141382691897
            ],
            [
              81.17612269967395,
              26.788890857210028
            ],
            [
              81.17568530277559,
              26.789125633023243
            ],
            [
              81.1751826190173,
              26.789324396679046
            ],
            [
              81.17466471869646,
              26.789351624352246
            ],
            [
              81.174081449769,
              26.789333827812044
            ],
            [
              81.17375451959944,
              26.789252698872506
            ],
            [
              81.17325162024552,
              26.788986617098818
            ],
            [
              81.17302030405986,
              26.78886487077084
            ],
            [
              81.17264301882705,
              26.788589665626827
            ],
            [
              81.1722003263601,
              26.788021297010836
            ],
            [
              81.17188328035361,
              26.787403169293526
            ],
            [
              81.17155111839583,
              26.786568361665573
            ],
            [
              81.17129944369087,
              26.785995344607063
            ],
            [
              81.17104783276632,
              26.785539641631463
            ],
            [
              81.17080630812578,
              26.784989258655045
            ],
            [
              81.17056972242264,
              26.784429734175692
            ],
            [
              81.17028792720625,
              26.78378899710678
            ],
            [
              81.17017720625421,
              26.78351372913208
            ],
            [
              81.16975456238778,
              26.782728684101773
            ],
            [
              81.16945774015328,
              26.78222339072574
            ],
            [
              81.16918601325455,
              26.78181729660354
            ],
            [
              81.16881883676363,
              26.78128043820561
            ],
            [
              81.16864779394028,
              26.78105030072476
            ],
            [
              81.16841638163487,
              26.78071644376563
            ],
            [
              81.16798373143448,
              26.78014347896472
            ],
            [
              81.16760143629735,
              26.77954338310228
            ],
            [
              81.16732478573253,
              26.779146421860887
            ],
            [
              81.16659031956299,
              26.778189917628904
            ],
            [
              81.16621803525135,
              26.777585330767636
            ],
            [
              81.16560945359585,
              26.776759726724222
            ],
            [
              81.16528254588414,
              26.77639880682163
            ],
            [
              81.16505620456854,
              26.776168705960576
            ],
            [
              81.16480475534074,
              26.77600406893819
            ],
            [
              81.16455330611292,
              26.775839430073066
            ],
            [
              81.16403032761575,
              26.775631938744624
            ],
            [
              81.16316553116982,
              26.775356918858012
            ],
            [
              81.16261747440488,
              26.775262325606104
            ],
            [
              81.16164711603162,
              26.775158811640686
            ],
            [
              81.16089294172302,
              26.77519509567423
            ],
            [
              81.16004327829638,
              26.77519530659989
            ],
            [
              81.15951545967648,
              26.775285627663777
            ],
            [
              81.1591083369015,
              26.775524917985862
            ],
            [
              81.15850507866234,
              26.776057562663524
            ],
            [
              81.15831919297554,
              26.776418602345352
            ],
            [
              81.158168515858,
              26.776955628893973
            ],
            [
              81.15814871698913,
              26.777925922334674
            ],
            [
              81.1581992669868,
              26.778882545878805
            ],
            [
              81.1582999941813,
              26.77961354806656
            ],
            [
              81.15861703389957,
              26.780475439366118
            ],
            [
              81.15896423814677,
              26.781364320342384
            ],
            [
              81.15920077893415,
              26.782293917316323
            ],
            [
              81.1594523260783,
              26.78282631772142
            ],
            [
              81.15956316021806,
              26.78350768731602
            ],
            [
              81.15966398443061,
              26.784505031698703
            ],
            [
              81.15964425563033,
              26.785470719306094
            ],
            [
              81.15970980839155,
              26.786319105101825
            ],
            [
              81.15984092379551,
              26.78763672126089
            ],
            [
              81.16000735287156,
              26.789062654158727
            ],
            [
              81.16016346479658,
              26.79007797228698
            ],
            [
              81.16023911102832,
              26.790551815043766
            ],
            [
              81.1602593797161,
              26.79105272912459
            ],
            [
              81.16020919533275,
              26.79142278320592
            ],
            [
              81.1598875966644,
              26.792280276339806
            ],
            [
              81.1596564673283,
              26.792826348362887
            ],
            [
              81.1592393157615,
              26.793620646870885
            ],
            [
              81.15888761095472,
              26.794279587675266
            ],
            [
              81.15868650421375,
              26.7944917013316
            ],
            [
              81.15822402006445,
              26.795024305920055
            ],
            [
              81.15772132193315,
              26.795439619029185
            ],
            [
              81.15714312309717,
              26.795945123784954
            ],
            [
              81.15644438472306,
              26.796522949799044
            ],
            [
              81.15638909341736,
              26.796683146099006
            ],
            [
              81.15633380031498,
              26.79684334137092
            ],
            [
              81.15632891527646,
              26.79738488908873
            ],
            [
              81.15644981863224,
              26.798282873968173
            ],
            [
              81.15670135230168,
              26.798598665262354
            ],
            [
              81.15711882097376,
              26.799000208279892
            ],
            [
              81.15786827014394,
              26.799361057112257
            ],
            [
              81.15854217099874,
              26.799672261366815
            ],
            [
              81.15919102862006,
              26.80012339091765
            ],
            [
              81.1599052593395,
              26.800619637845934
            ],
            [
              81.1607150231945,
              26.801142846856486
            ],
            [
              81.16215857004198,
              26.802112684946447
            ],
            [
              81.16291313871096,
              26.802703681252808
            ],
            [
              81.16458309514607,
              26.803935218816452
            ],
            [
              81.16601169312892,
              26.804977209231385
            ],
            [
              81.16680646589843,
              26.805613212383
            ],
            [
              81.16803895806153,
              26.806650752754205
            ],
            [
              81.16834584232554,
              26.806953058157656
            ],
            [
              81.16864777597398,
              26.807440283341737
            ],
            [
              81.16879369920704,
              26.807720064954022
            ],
            [
              81.16875348163177,
              26.807844226818194
            ],
            [
              81.16871330897226,
              26.807968249038918
            ],
            [
              81.16831109099874,
              26.808293295397338
            ],
            [
              81.16767264036001,
              26.80872223797814
            ],
            [
              81.16725522738348,
              26.80886673861628
            ],
            [
              81.16673217522445,
              26.80884433100342
            ],
            [
              81.16645560191478,
              26.808718042358485
            ],
            [
              81.16596766130696,
              26.8084474169459
            ],
            [
              81.16529863291426,
              26.80798285964068
            ],
            [
              81.16487604474335,
              26.807721217095935
            ],
            [
              81.1643730968804,
              26.80750025177886
            ],
            [
              81.16338226500348,
              26.807225254601946
            ],
            [
              81.16186850942664,
              26.807063157754527
            ],
            [
              81.16098838143375,
              26.8070047581579
            ],
            [
              81.16049560699139,
              26.80700941005033
            ],
            [
              81.16017879724184,
              26.807086127762545
            ],
            [
              81.15963576744922,
              26.807442807316423
            ],
            [
              81.1594497802528,
              26.807684257147447
            ],
            [
              81.15926376520859,
              26.80792573773328
            ],
            [
              81.15887171706241,
              26.808625327382597
            ],
            [
              81.15857010770578,
              26.809221003285323
            ],
            [
              81.15807248236085,
              26.81024103006706
            ],
            [
              81.15747931130404,
              26.811233903026704
            ],
            [
              81.15708224876192,
              26.812014702035484
            ],
            [
              81.15679062777292,
              26.812371264264375
            ],
            [
              81.15660960826001,
              26.812508938288506
            ],
            [
              81.15642858874713,
              26.812646612145464
            ],
            [
              81.15543804522942,
              26.813224457291906
            ],
            [
              81.15500054502479,
              26.813450160090223
            ],
            [
              81.15457310056148,
              26.8135540640407
            ],
            [
              81.15395452155514,
              26.813676010758616
            ],
            [
              81.15299890184073,
              26.81372587013629
            ],
            [
              81.15207860478161,
              26.813626711766297
            ],
            [
              81.15107263090228,
              26.813446444079112
            ],
            [
              81.15046869802835,
              26.813320530157746
            ],
            [
              81.15042384065461,
              26.813311177985117
            ],
            [
              81.14935754041238,
              26.813054115199243
            ],
            [
              81.14866848677538,
              26.81285119525219
            ],
            [
              81.14789400425317,
              26.81261662728751
            ],
            [
              81.1473105116452,
              26.812336990846475
            ],
            [
              81.14650584932271,
              26.812129481270876
            ],
            [
              81.14561557216375,
              26.81194916069328
            ],
            [
              81.14518302706624,
              26.81179574703091
            ],
            [
              81.14364409800018,
              26.81165158605536
            ],
            [
              81.1428846990899,
              26.811723858182035
            ],
            [
              81.14178837355762,
              26.812075947627164
            ],
            [
              81.14097367795172,
              26.81257243889259
            ],
            [
              81.13993783598748,
              26.81347504894334
            ],
            [
              81.13918851886967,
              26.814201722636117
            ],
            [
              81.13880132342264,
              26.814874100121425
            ],
            [
              81.13862039374128,
              26.81538859767027
            ],
            [
              81.13859031724722,
              26.816588947380858
            ],
            [
              81.1385853495637,
              26.817459890371005
            ],
            [
              81.1386106452238,
              26.81840305926234
            ],
            [
              81.13867117280934,
              26.819549240860347
            ],
            [
              81.13863096870877,
              26.820284832782523
            ],
            [
              81.13860097306312,
              26.821471660150205
            ],
            [
              81.13857082200894,
              26.822049232632313
            ],
            [
              81.13853570596618,
              26.822581709393162
            ],
            [
              81.13850058633011,
              26.823114259809586
            ],
            [
              81.13833965135035,
              26.82381367315093
            ],
            [
              81.13807821734817,
              26.82469823594639
            ],
            [
              81.13782684178223,
              26.825573714837173
            ],
            [
              81.13744470025696,
              26.826539408701983
            ],
            [
              81.13711781769813,
              26.82738325388375
            ],
            [
              81.13655952193557,
              26.828258834675225
            ],
            [
              81.13606671784879,
              26.828953748036355
            ],
            [
              81.13541284403496,
              26.829788643665335
            ],
            [
              81.13482444123565,
              26.83045206609159
            ],
            [
              81.1339945317621,
              26.831165126317288
            ],
            [
              81.13302883564516,
              26.83183301039429
            ],
            [
              81.13209319536098,
              26.832356517020752
            ],
            [
              81.13079545496554,
              26.833150795911543
            ],
            [
              81.12981969142923,
              26.833647273400558
            ],
            [
              81.1292839388887,
              26.833751057030952
            ],
            [
              81.1287481863482,
              26.83385483896312
            ],
            [
              81.12764658680688,
              26.833963140928216
            ],
            [
              81.12707819038727,
              26.834026332924765
            ],
            [
              81.12617272990336,
              26.83426100486545
            ],
            [
              81.12523217224133,
              26.834640076764018
            ],
            [
              81.12401480231775,
              26.835064240030277
            ],
            [
              81.12329048711092,
              26.835330511862992
            ],
            [
              81.12257616206833,
              26.835533551069208
            ],
            [
              81.12182660959188,
              26.83570502886224
            ],
            [
              81.12060931063523,
              26.835804271314945
            ],
            [
              81.11970883939442,
              26.83589903771638
            ],
            [
              81.11824001844639,
              26.83613363283404
            ],
            [
              81.11727413098829,
              26.836341104064346
            ],
            [
              81.11530724182596,
              26.836819341629266
            ],
            [
              81.11458294278877,
              26.83706746279104
            ],
            [
              81.11360692592751,
              26.837394496115355
            ],
            [
              81.1126310060843,
              26.837721615063376
            ],
            [
              81.11168529029591,
              26.83798783816561
            ],
            [
              81.11071442617114,
              26.83830810533218
            ],
            [
              81.10986931989792,
              26.838502080870988
            ],
            [
              81.1089134926727,
              26.83869150087013
            ],
            [
              81.10740425023181,
              26.83902069528556
            ],
            [
              81.10641833213951,
              26.839192107682297
            ],
            [
              81.1052410980445,
              26.83947168907104
            ],
            [
              81.10448657878287,
              26.839643027043113
            ],
            [
              81.1037520111037,
              26.83984602886023
            ],
            [
              81.10188059488974,
              26.840260911649946
            ],
            [
              81.10103544010748,
              26.840405104358325
            ],
            [
              81.10022055226213,
              26.8404591680603
            ],
            [
              81.09980802432408,
              26.840431994340406
            ],
            [
              81.09937543610745,
              26.840337203678526
            ],
            [
              81.09894283800932,
              26.840111407755792
            ],
            [
              81.09823368277121,
              26.83967811939396
            ],
            [
              81.09752951857283,
              26.839276325313083
            ],
            [
              81.09675998666617,
              26.838852000680838
            ],
            [
              81.09635753513065,
              26.83866239338747
            ],
            [
              81.09560820813134,
              26.838215489910738
            ],
            [
              81.09427535528641,
              26.837389377359685
            ],
            [
              81.09355613262893,
              26.837032715905707
            ],
            [
              81.09295751418821,
              26.836815964644128
            ],
            [
              81.09161961460804,
              26.83648170914796
            ],
            [
              81.09078964584567,
              26.836210751654573
            ],
            [
              81.09009050682296,
              26.836030080635542
            ],
            [
              81.08981387422449,
              26.836025565399403
            ],
            [
              81.08962766783914,
              26.836287212336245
            ],
            [
              81.08931556975323,
              26.83699561081498
            ],
            [
              81.08903353288997,
              26.83783940214889
            ],
            [
              81.08904361468245,
              26.837974750378642
            ],
            [
              81.08924454984516,
              26.838696873658215
            ],
            [
              81.08932486821475,
              26.839455045003202
            ],
            [
              81.08941031057468,
              26.83968970970227
            ],
            [
              81.08964160520078,
              26.839843197815217
            ],
            [
              81.09001870358401,
              26.84045699589425
            ],
            [
              81.09035059964043,
              26.840831620176907
            ],
            [
              81.09067751094535,
              26.840949048146385
            ],
            [
              81.09142205800904,
              26.840949210857758
            ],
            [
              81.09171383440659,
              26.840985335980527
            ],
            [
              81.0917942911167,
              26.841152372242615
            ],
            [
              81.09198026663502,
              26.841729983045568
            ],
            [
              81.09199511488835,
              26.842488145302436
            ],
            [
              81.09182404062398,
              26.842591931250276
            ],
            [
              81.091481868739,
              26.842713638319466
            ],
            [
              81.09125038097508,
              26.843061097275413
            ],
            [
              81.09108913697484,
              26.843900370967717
            ],
            [
              81.09104358610176,
              26.844857066361886
            ],
            [
              81.09109875343998,
              26.845335377764776
            ],
            [
              81.09132009922429,
              26.845664890294817
            ],
            [
              81.09191348228353,
              26.846445691676564
            ],
            [
              81.09231072898027,
              26.846991769666786
            ],
            [
              81.09296445097883,
              26.847957665621355
            ],
            [
              81.09329631020435,
              26.848526350883812
            ],
            [
              81.0935728700393,
              26.849135594385828
            ],
            [
              81.09367837627109,
              26.849650049339843
            ],
            [
              81.09380908114494,
              26.849961433684914
            ],
            [
              81.09436224034073,
              26.850602397881143
            ],
            [
              81.09464897000298,
              26.85084613608747
            ],
            [
              81.0939496064015,
              26.851076057364526
            ],
            [
              81.09416590994209,
              26.851401093860673
            ],
            [
              81.09457826540358,
              26.85186597485439
            ],
            [
              81.09508629773106,
              26.852407593859382
            ],
            [
              81.09515159177748,
              26.852538417307866
            ],
            [
              81.0949755336599,
              26.85271891211169
            ],
            [
              81.09476418432807,
              26.852931001353177
            ],
            [
              81.09468866565707,
              26.853075309360513
            ],
            [
              81.09526202437034,
              26.85373883418253
            ],
            [
              81.09508583330205,
              26.853986991995285
            ],
            [
              81.0946228811305,
              26.85447423932007
            ],
            [
              81.09496994703716,
              26.85477216390063
            ],
            [
              81.09489437536557,
              26.854993234976355
            ],
            [
              81.09435082814333,
              26.855642934308566
            ],
            [
              81.09343994273345,
              26.856590380603045
            ],
            [
              81.09281088487934,
              26.857131730158738
            ],
            [
              81.0917993980391,
              26.857957321171288
            ],
            [
              81.09142199512699,
              26.858241529242047
            ],
            [
              81.09102945829729,
              26.85839943521781
            ],
            [
              81.09096904928937,
              26.858525709350975
            ],
            [
              81.0912758473151,
              26.858931939810557
            ],
            [
              81.09180392195483,
              26.859478114627464
            ],
            [
              81.0925232236641,
              26.860114522665253
            ],
            [
              81.09285526704429,
              26.86038083815522
            ],
            [
              81.09291557544084,
              26.860480164759334
            ],
            [
              81.09267399330813,
              26.860872735675642
            ],
            [
              81.09259348000417,
              26.860985453107556
            ],
            [
              81.09283995795516,
              26.86120667232135
            ],
            [
              81.09364982242148,
              26.86194237431805
            ],
            [
              81.09402708519642,
              26.862280906140523
            ],
            [
              81.0942182017731,
              26.86239375439738
            ],
            [
              81.0947212807901,
              26.86248870930213
            ],
            [
              81.0950835902088,
              26.862615072632448
            ],
            [
              81.09543064443737,
              26.862849836768685
            ],
            [
              81.09582300609557,
              26.863427555615274
            ],
            [
              81.095943612109,
              26.863766033307936
            ],
            [
              81.0959384288298,
              26.864397727619217
            ],
            [
              81.09587283384775,
              26.865214533165698
            ],
            [
              81.09591805324253,
              26.865571001641097
            ],
            [
              81.09621478744212,
              26.866053960705486
            ],
            [
              81.09647123040459,
              26.86655944693194
            ],
            [
              81.09685346894788,
              26.867362738182244
            ],
            [
              81.09704454240543,
              26.86770568601748
            ],
            [
              81.09709991725451,
              26.867755400605837
            ],
            [
              81.09734143470853,
              26.867768976172915
            ],
            [
              81.09737651392037,
              26.8680667711846
            ],
            [
              81.09759292525885,
              26.868269898313297
            ],
            [
              81.09773364814473,
              26.868775361814237
            ],
            [
              81.09802047392674,
              26.868847638357035
            ],
            [
              81.09847827875171,
              26.868978566201044
            ],
            [
              81.0990317325949,
              26.869240377360985
            ],
            [
              81.09964051457476,
              26.869475138964248
            ],
            [
              81.10029960131217,
              26.869777574791087
            ],
            [
              81.10047065132207,
              26.86992659235365
            ],
            [
              81.10043038433943,
              26.870093544229412
            ],
            [
              81.1002190341093,
              26.870143103111953
            ],
            [
              81.09967055962774,
              26.87003018966602
            ],
            [
              81.09931841644308,
              26.86994439867432
            ],
            [
              81.09888566024149,
              26.869971418664793
            ],
            [
              81.09851333101409,
              26.869921713865217
            ],
            [
              81.09800517921073,
              26.8697185127758
            ],
            [
              81.09747690604327,
              26.869393549738373
            ],
            [
              81.09712464428102,
              26.869258113272405
            ],
            [
              81.0969837668849,
              26.869384397721305
            ],
            [
              81.09679251196764,
              26.869528776894658
            ],
            [
              81.09692331206291,
              26.8697769962311
            ],
            [
              81.0967923915934,
              26.870070248838633
            ],
            [
              81.096802365588,
              26.87034551172873
            ],
            [
              81.09707913742535,
              26.87049903439069
            ],
            [
              81.09788415907396,
              26.870738316047028
            ],
            [
              81.09900121412976,
              26.870788241652686
            ],
            [
              81.099277874576,
              26.870810853367644
            ],
            [
              81.09947404058292,
              26.87147873510284
            ],
            [
              81.09964489296344,
              26.872300043362923
            ],
            [
              81.09967502335638,
              26.872476061768417
            ],
            [
              81.0995139706973,
              26.87255725933358
            ],
            [
              81.09881457026486,
              26.87270151666341
            ],
            [
              81.09861324792823,
              26.872737581968767
            ],
            [
              81.09865346280856,
              26.87291812788113
            ],
            [
              81.0989099156525,
              26.8737168642374
            ],
            [
              81.09904067442524,
              26.874195274800247
            ],
            [
              81.09905070681032,
              26.874335122103737
            ],
            [
              81.09867828775141,
              26.874429838613096
            ],
            [
              81.09858263783494,
              26.87439373618659
            ],
            [
              81.09846195995628,
              26.874190585602395
            ],
            [
              81.0983915140717,
              26.874140977210693
            ],
            [
              81.09826065558595,
              26.874122860646924
            ],
            [
              81.09819023665081,
              26.874158930306667
            ],
            [
              81.09839647007713,
              26.874723044698037
            ],
            [
              81.09838129034544,
              26.874899104203887
            ],
            [
              81.09805422363196,
              26.87503441291816
            ],
            [
              81.09776728556055,
              26.87515169722011
            ],
            [
              81.09771190532159,
              26.87531406521173
            ],
            [
              81.09765659964282,
              26.875390844830537
            ],
            [
              81.09772192243533,
              26.875593921943366
            ],
            [
              81.09792812082735,
              26.875882705113924
            ],
            [
              81.09798343279432,
              26.87614900831452
            ],
            [
              81.09724362973367,
              26.876424080124096
            ],
            [
              81.09713298244348,
              26.87651429969211
            ],
            [
              81.09752022100965,
              26.87735827232316
            ],
            [
              81.0978823094428,
              26.87825637964745
            ],
            [
              81.09840054483526,
              26.87870772105371
            ],
            [
              81.0986923212328,
              26.878969520102082
            ],
            [
              81.09850610855923,
              26.87908224033004
            ],
            [
              81.09810346208933,
              26.879204012311995
            ],
            [
              81.09794251363479,
              26.879204032343576
            ],
            [
              81.09784685293852,
              26.879190450136765
            ],
            [
              81.09774120207796,
              26.87898287637888
            ],
            [
              81.09755006663664,
              26.87869398814916
            ],
            [
              81.09746960543495,
              26.878612731691245
            ],
            [
              81.09721793432327,
              26.878707522339635
            ],
            [
              81.09711225830988,
              26.878815726094956
            ],
            [
              81.0974845004007,
              26.879348342088246
            ],
            [
              81.0975146236071,
              26.87948823269545
            ],
            [
              81.09738879838187,
              26.87963711807179
            ],
            [
              81.09742402940901,
              26.879822110366618
            ],
            [
              81.09779120589992,
              26.880314036302828
            ],
            [
              81.09788182794578,
              26.880372789909032
            ],
            [
              81.09790692777315,
              26.88035919261883
            ],
            [
              81.09812836877889,
              26.880241907309507
            ],
            [
              81.0982441903651,
              26.880192283144318
            ],
            [
              81.09834478730389,
              26.8802780863914
            ],
            [
              81.09843530155189,
              26.880395398905847
            ],
            [
              81.0982239477285,
              26.880517212740827
            ],
            [
              81.09795217681231,
              26.880670611018047
            ],
            [
              81.09800746991469,
              26.880887178121917
            ],
            [
              81.09805272793703,
              26.881022642322694
            ],
            [
              81.09723735140815,
              26.881830236061763
            ],
            [
              81.09769508077466,
              26.882313164138367
            ],
            [
              81.09759440478412,
              26.88252521231055
            ],
            [
              81.09789119288263,
              26.88313897514973
            ],
            [
              81.09840440579434,
              26.8836941366429
            ],
            [
              81.09772492460502,
              26.88416781539616
            ],
            [
              81.09676854042429,
              26.88467752721975
            ],
            [
              81.09593806141885,
              26.885236915603134
            ],
            [
              81.09496670771223,
              26.88585492217693
            ],
            [
              81.09347179789174,
              26.886689471741903
            ],
            [
              81.09211784901068,
              26.88740664513099
            ],
            [
              81.09087460940354,
              26.88802908569891
            ],
            [
              81.08878585299313,
              26.888782214628495
            ],
            [
              81.08831772832215,
              26.88887683330411
            ],
            [
              81.08868486438887,
              26.889567342051027
            ],
            [
              81.08765303789397,
              26.890135617011655
            ],
            [
              81.0883220743715,
              26.891155715196238
            ],
            [
              81.08871930939014,
              26.891995122374613
            ],
            [
              81.08927810820924,
              26.8917019522828
            ],
            [
              81.09046097743604,
              26.89118327331525
            ],
            [
              81.09072774922764,
              26.89108857404975
            ],
            [
              81.09110524286959,
              26.890957805610366
            ],
            [
              81.09134165160458,
              26.89116999138752
            ],
            [
              81.09172895125617,
              26.892031981894625
            ],
            [
              81.09212126081212,
              26.89284429513964
            ],
            [
              81.09247337165742,
              26.89354840979344
            ],
            [
              81.09257398656248,
              26.893742414795597
            ],
            [
              81.09226182918779,
              26.894031215686447
            ],
            [
              81.09229199730996,
              26.894247774009635
            ],
            [
              81.09268948206024,
              26.894649496222826
            ],
            [
              81.09291591590234,
              26.894762372257414
            ],
            [
              81.09345446040675,
              26.89469933435643
            ],
            [
              81.09385714101266,
              26.89452793636583
            ],
            [
              81.0940583582464,
              26.89477161835806
            ],
            [
              81.09425968956617,
              26.894708532393057
            ],
            [
              81.09446600024759,
              26.894889022379544
            ],
            [
              81.09505462582909,
              26.89568341187304
            ],
            [
              81.09597526963793,
              26.896965185274812
            ],
            [
              81.09619673399986,
              26.897308188303583
            ],
            [
              81.09631743613302,
              26.89729916432486
            ],
            [
              81.09672516257585,
              26.89708267994815
            ],
            [
              81.09688120982219,
              26.897141344722037
            ],
            [
              81.09712766980687,
              26.89764679207591
            ],
            [
              81.09763595635758,
              26.897994408342395
            ],
            [
              81.0979278845704,
              26.898138811856395
            ],
            [
              81.09773151105267,
              26.89835989107556
            ],
            [
              81.09789253227073,
              26.898648800329514
            ],
            [
              81.09794775979609,
              26.899045909250802
            ],
            [
              81.09767590623491,
              26.899406786149534
            ],
            [
              81.09777397890772,
              26.899675360361265
            ],
            [
              81.09787199768165,
              26.899943837800443
            ],
            [
              81.09805816543941,
              26.900377080366795
            ],
            [
              81.09846563855736,
              26.90118043971013
            ],
            [
              81.09906438366052,
              26.90192960282962
            ],
            [
              81.09921037606388,
              26.902128248629875
            ],
            [
              81.0982690215962,
              26.902777859758352
            ],
            [
              81.09741823168217,
              26.903183777396713
            ],
            [
              81.09692988862909,
              26.9036124421231
            ],
            [
              81.09736256128738,
              26.904483376303133
            ],
            [
              81.09760907157775,
              26.904957288323466
            ],
            [
              81.09759899158195,
              26.90523709326869
            ],
            [
              81.0966928349037,
              26.90569266471995
            ],
            [
              81.0962699341191,
              26.905936279365086
            ],
            [
              81.09606862166393,
              26.90606251962499
            ],
            [
              81.09631005557465,
              26.906554485115958
            ],
            [
              81.09646826057427,
              26.907041196678627
            ],
            [
              81.09652128183727,
              26.907204316706768
            ],
            [
              81.09634006289838,
              26.907389342368187
            ],
            [
              81.09546413363113,
              26.907844878700203
            ],
            [
              81.0952929210262,
              26.908025327666266
            ],
            [
              81.09550426406983,
              26.908535337977757
            ],
            [
              81.09550917965109,
              26.908747472308647
            ],
            [
              81.09476917177453,
              26.9090451369109
            ],
            [
              81.09404928077046,
              26.909333741664017
            ],
            [
              81.09408446778014,
              26.909536838677063
            ],
            [
              81.09444669455385,
              26.910313031194303
            ],
            [
              81.09496484640299,
              26.911486453364578
            ],
            [
              81.09521636030948,
              26.91196933876986
            ],
            [
              81.09530698415197,
              26.912167911635446
            ],
            [
              81.0945115259679,
              26.912601002363665
            ],
            [
              81.09445609901653,
              26.912867146925674
            ],
            [
              81.09458670777065,
              26.913562121268704
            ],
            [
              81.09482335905078,
              26.913607357212722
            ],
            [
              81.09521087878962,
              26.913679578647056
            ],
            [
              81.0953467408915,
              26.913891717729076
            ],
            [
              81.09537181376939,
              26.91415794575726
            ],
            [
              81.09419376130917,
              26.914852652625218
            ],
            [
              81.09352422985992,
              26.915181904087675
            ],
            [
              81.09296781876284,
              26.91549995172905
            ],
            [
              81.09241148402255,
              26.915817953617996
            ],
            [
              81.09160606082702,
              26.91616974162304
            ],
            [
              81.09119838558811,
              26.9158898972919
            ],
            [
              81.09104742011138,
              26.915709299095052
            ],
            [
              81.08976860811731,
              26.916449071820146
            ],
            [
              81.08908891672219,
              26.916886661332782
            ],
            [
              81.0881373645794,
              26.91728798020586
            ],
            [
              81.08769933616541,
              26.917400678217966
            ],
            [
              81.08747295262897,
              26.916940316005636
            ],
            [
              81.08693463988989,
              26.915992601799182
            ],
            [
              81.08653218655779,
              26.915460004783068
            ],
            [
              81.0862000542444,
              26.91506729265379
            ],
            [
              81.08593334623319,
              26.91484161711036
            ],
            [
              81.08570175965461,
              26.91480092979778
            ],
            [
              81.08538459956209,
              26.914945237324233
            ],
            [
              81.08519336979766,
              26.914958691075793
            ],
            [
              81.08503229018913,
              26.91484131032351
            ],
            [
              81.08483606669006,
              26.914547948022584
            ],
            [
              81.08454937116376,
              26.913988348347754
            ],
            [
              81.08420721994001,
              26.913514345273867
            ],
            [
              81.08387010467176,
              26.91318490631383
            ],
            [
              81.08361849374722,
              26.91300876228303
            ],
            [
              81.0834172531573,
              26.912751559895995
            ],
            [
              81.08325119059384,
              26.912602588395018
            ],
            [
              81.08296921571437,
              26.91268818439194
            ],
            [
              81.082793112681,
              26.912683697047946
            ],
            [
              81.08250636774738,
              26.91216463062053
            ],
            [
              81.08225495714711,
              26.911460550329792
            ],
            [
              81.08220473323789,
              26.911068001314142
            ],
            [
              81.08216963605976,
              26.9106934583024
            ],
            [
              81.08200361661545,
              26.91054898833608
            ],
            [
              81.08178215225352,
              26.91050381364759
            ],
            [
              81.08109244284637,
              26.910620891311265
            ],
            [
              81.08065966867845,
              26.91056659600612
            ],
            [
              81.0802067390105,
              26.910277657165977
            ],
            [
              81.07977899720483,
              26.909984223726624
            ],
            [
              81.0792203268448,
              26.909668154348548
            ],
            [
              81.07899389120607,
              26.909568771637677
            ],
            [
              81.07876740795666,
              26.909631917390527
            ],
            [
              81.078495362156,
              26.91001537233833
            ],
            [
              81.07838459359327,
              26.91009656776092
            ],
            [
              81.07813304824572,
              26.90997465124425
            ],
            [
              81.0778511757742,
              26.909735367758913
            ],
            [
              81.07770530015183,
              26.90970373363576
            ],
            [
              81.076819148955,
              26.91010049367612
            ],
            [
              81.0758273495925,
              26.910614626377267
            ],
            [
              81.07557566410777,
              26.910704780994923
            ],
            [
              81.07534908743354,
              26.910673146342397
            ],
            [
              81.07487607143587,
              26.91042027066554
            ],
            [
              81.07461940209792,
              26.910298292818208
            ],
            [
              81.07436271659033,
              26.91030721722999
            ],
            [
              81.0737636337206,
              26.91044690128444
            ],
            [
              81.07320989960307,
              26.910541505816457
            ],
            [
              81.07277700865419,
              26.91061800115893
            ],
            [
              81.07264056174903,
              26.910659845879653
            ],
            [
              81.07240943510791,
              26.91073072665819
            ],
            [
              81.07206677543772,
              26.91162861435547
            ],
            [
              81.07139173641748,
              26.912679797656434
            ],
            [
              81.0710441692509,
              26.91323013760291
            ],
            [
              81.07081235539857,
              26.913839258326522
            ],
            [
              81.0705805388513,
              26.914448378165975
            ],
            [
              81.07044918359719,
              26.915405029348456
            ],
            [
              81.07036826155976,
              26.916154042810827
            ],
            [
              81.07028752906687,
              26.916501520397684
            ],
            [
              81.07004567743955,
              26.91694358486681
            ],
            [
              81.0690637002564,
              26.917755534685615
            ],
            [
              81.06900297324486,
              26.918468465832323
            ],
            [
              81.06872074504048,
              26.918951156363665
            ],
            [
              81.06777945435316,
              26.918901199976286
            ],
            [
              81.06720553419288,
              26.919063392151255
            ],
            [
              81.06672691540274,
              26.919776214913334
            ],
            [
              81.06641465112854,
              26.920128018613394
            ],
            [
              81.06559673865559,
              26.920412040709735
            ],
            [
              81.06558388196724,
              26.92041650612023
            ],
            [
              81.0651909085563,
              26.920890102948977
            ],
            [
              81.06514544032821,
              26.921323289161432
            ],
            [
              81.06437987538183,
              26.921927643744592
            ],
            [
              81.0636899144464,
              26.922608790673795
            ],
            [
              81.06355388525786,
              26.922798250792663
            ],
            [
              81.0641424829916,
              26.92347543577906
            ],
            [
              81.06495751456741,
              26.924504630218028
            ],
            [
              81.06471063596778,
              26.924743653320967
            ],
            [
              81.06501244025883,
              26.925217598014285
            ],
            [
              81.06425707927576,
              26.925709179663155
            ],
            [
              81.06324987470448,
              26.926363053782673
            ],
            [
              81.06308363517294,
              26.92660667667386
            ],
            [
              81.06362175836749,
              26.9276086969881
            ],
            [
              81.06389825801529,
              26.92823154867287
            ],
            [
              81.06389822028605,
              26.92834884501532
            ],
            [
              81.0631477964438,
              26.92884489091045
            ],
            [
              81.06230687092992,
              26.929250629907955
            ],
            [
              81.06149098415797,
              26.9297196236962
            ],
            [
              81.06069528342871,
              26.9302607302478
            ],
            [
              81.05992466456057,
              26.930797434076634
            ],
            [
              81.05955451734103,
              26.93100257639042
            ],
            [
              81.05918436383325,
              26.931207718331102
            ],
            [
              81.05825279201899,
              26.931496013322608
            ],
            [
              81.05766853135147,
              26.931852290283523
            ],
            [
              81.05699865135588,
              26.93240696161071
            ],
            [
              81.05614742396232,
              26.932984175019225
            ],
            [
              81.05481283916552,
              26.933795816385924
            ],
            [
              81.0543544558255,
              26.934048279284518
            ],
            [
              81.05347898829233,
              26.933172408383648
            ],
            [
              81.05341864216648,
              26.933118208822854
            ],
            [
              81.05296039537036,
              26.933325534115387
            ],
            [
              81.0530658566864,
              26.933637002666355
            ],
            [
              81.05244643056876,
              26.93399763122026
            ],
            [
              81.0523306107792,
              26.93395694921397
            ],
            [
              81.05219477113519,
              26.93375387773272
            ],
            [
              81.0517114873938,
              26.933812264765354
            ],
            [
              81.05164609004112,
              26.933631701663938
            ],
            [
              81.05098153525856,
              26.93367199536254
            ],
            [
              81.05028660214802,
              26.933870137606025
            ],
            [
              81.04968240966096,
              26.933991651894477
            ],
            [
              81.04897230670021,
              26.934253041677763
            ],
            [
              81.04882624871988,
              26.934424444222884
            ],
            [
              81.04897189976339,
              26.934821596261198
            ],
            [
              81.0493893387911,
              26.935503278793057
            ],
            [
              81.04998797340149,
              26.936230079966137
            ],
            [
              81.05003823503995,
              26.936379029080317
            ],
            [
              81.04896551633497,
              26.936906385863146
            ],
            [
              81.04866342458304,
              26.936888176858158
            ],
            [
              81.04801370278246,
              26.937185654305868
            ],
            [
              81.04739882842834,
              26.938123971954656
            ],
            [
              81.04670890971373,
              26.938299542612118
            ],
            [
              81.04580783480503,
              26.9381682042027
            ],
            [
              81.04514309676617,
              26.93827612834846
            ],
            [
              81.04463424517516,
              26.938817354813292
            ],
            [
              81.04392417814702,
              26.93898835961109
            ],
            [
              81.04329490469723,
              26.938870736380235
            ],
            [
              81.04267549205431,
              26.9390282653915
            ],
            [
              81.04213636993322,
              26.939619138370528
            ],
            [
              81.04172089282609,
              26.939783579927195
            ],
            [
              81.04130534026048,
              26.939948030854012
            ],
            [
              81.0411140179696,
              26.94004269233448
            ],
            [
              81.04128987037296,
              26.94043542002849
            ],
            [
              81.04150099243104,
              26.941013140904733
            ],
            [
              81.04202894489994,
              26.94195204412984
            ],
            [
              81.04269786908804,
              26.94299480305667
            ],
            [
              81.04279832678796,
              26.943211535706514
            ],
            [
              81.04186661663317,
              26.943635134632384
            ],
            [
              81.04215813072263,
              26.94432124836099
            ],
            [
              81.04180512515532,
              26.944984331026514
            ],
            [
              81.04129135259322,
              26.945281888011582
            ],
            [
              81.04077259078798,
              26.945484609604048
            ],
            [
              81.0405507527269,
              26.945822976739883
            ],
            [
              81.04022838959222,
              26.945998751620063
            ],
            [
              81.0404797543784,
              26.94651783373661
            ],
            [
              81.04107324882872,
              26.9473800966278
            ],
            [
              81.04111841162963,
              26.947583132355124
            ],
            [
              81.04099236362224,
              26.947907993722847
            ],
            [
              81.04105252828842,
              26.948201381371447
            ],
            [
              81.04162065611173,
              26.949307221244574
            ],
            [
              81.0418718789641,
              26.95005647401825
            ],
            [
              81.04187179272581,
              26.9501828683031
            ],
            [
              81.04174584982131,
              26.950309084677876
            ],
            [
              81.04170552714314,
              26.950394840240346
            ],
            [
              81.04185134437502,
              26.950588934097695
            ],
            [
              81.0418964344124,
              26.950931967115462
            ],
            [
              81.04162940300766,
              26.951089728305327
            ],
            [
              81.04147829290216,
              26.95116187689466
            ],
            [
              81.04145266306875,
              26.95179805823972
            ],
            [
              81.04148258864585,
              26.952168123932942
            ],
            [
              81.04130117656914,
              26.952334968631455
            ],
            [
              81.04113983914414,
              26.952610150300586
            ],
            [
              81.04116471618929,
              26.953102047330436
            ],
            [
              81.04140099197362,
              26.953580501077273
            ],
            [
              81.04177314243627,
              26.95430275205714
            ],
            [
              81.04199435167669,
              26.954794725774033
            ],
            [
              81.04236638715497,
              26.955489858950735
            ],
            [
              81.04276413241668,
              26.955620969790136
            ],
            [
              81.04360952435417,
              26.956496896878217
            ],
            [
              81.04404224462313,
              26.956962001170318
            ],
            [
              81.04439951539142,
              26.95724642613217
            ],
            [
              81.04459597155414,
              26.957223979858135
            ],
            [
              81.04469188198209,
              26.956876613328212
            ],
            [
              81.0448530604053,
              26.95686763735193
            ],
            [
              81.04493355664131,
              26.956976029624304
            ],
            [
              81.04536163441692,
              26.956904060113693
            ],
            [
              81.04585021103193,
              26.95670575337503
            ],
            [
              81.04647981057018,
              26.956430856353798
            ],
            [
              81.04673171434551,
              26.95634075109534
            ],
            [
              81.04687751181447,
              26.956679248980322
            ],
            [
              81.04693548099806,
              26.95718128764586
            ],
            [
              81.04695254809015,
              26.95732909929294
            ],
            [
              81.04699240993256,
              26.957992509776247
            ],
            [
              81.04754548468668,
              26.95923823029576
            ],
            [
              81.04787719030027,
              26.960136395602863
            ],
            [
              81.04813893601788,
              26.960317115618324
            ],
            [
              81.04836035097247,
              26.960569896238685
            ],
            [
              81.04839011395445,
              26.961300936313673
            ],
            [
              81.04918575359824,
              26.961229172138356
            ],
            [
              81.05007721922833,
              26.961035610648604
            ],
            [
              81.05094875303887,
              26.960530656249134
            ],
            [
              81.05180021938429,
              26.95999411800071
            ],
            [
              81.05271713967628,
              26.9593854363216
            ],
            [
              81.05298904533971,
              26.959295279779774
            ],
            [
              81.05358822702414,
              26.95944450187669
            ],
            [
              81.05442402675098,
              26.95972468731618
            ],
            [
              81.055143971654,
              26.95990103782621
            ],
            [
              81.055521562314,
              26.96010882069405
            ],
            [
              81.05609563698451,
              26.960149735069674
            ],
            [
              81.05719851123524,
              26.960141223753396
            ],
            [
              81.05741747738237,
              26.960148116078056
            ],
            [
              81.05763654324252,
              26.960155009202968
            ],
            [
              81.05820021991362,
              26.960705782051804
            ],
            [
              81.05929225060055,
              26.96199691889412
            ],
            [
              81.05987608905988,
              26.96263790793477
            ],
            [
              81.06002670958358,
              26.9633870648525
            ],
            [
              81.06103898514465,
              26.963238680671566
            ],
            [
              81.06113957220195,
              26.96351395180362
            ],
            [
              81.06199468031754,
              26.965292283679595
            ],
            [
              81.06248271255352,
              26.96611379894597
            ],
            [
              81.0629456296908,
              26.96694880861025
            ],
            [
              81.06336822325159,
              26.967770302184608
            ],
            [
              81.06361463472727,
              26.96829387320941
            ],
            [
              81.06278339125554,
              26.968771782054677
            ],
            [
              81.06181630544482,
              26.969114374604857
            ],
            [
              81.06095989297545,
              26.969479472397367
            ],
            [
              81.06045606117027,
              26.96991691934876
            ],
            [
              81.05994205684277,
              26.97046271667312
            ],
            [
              81.05985110242025,
              26.970932032956597
            ],
            [
              81.05896943291836,
              26.97146853670925
            ],
            [
              81.05749342904134,
              26.972149301840954
            ],
            [
              81.0560072688117,
              26.972807325067865
            ],
            [
              81.05521124738392,
              26.973357478824916
            ],
            [
              81.05394162695184,
              26.97405180812977
            ],
            [
              81.053634438159,
              26.974060666651063
            ],
            [
              81.05295487073137,
              26.973433079722874
            ],
            [
              81.05238082929851,
              26.973243244363562
            ],
            [
              81.0518922302256,
              26.973346795693658
            ],
            [
              81.05144423230855,
              26.97305325577021
            ],
            [
              81.05103152021591,
              26.972610750806993
            ],
            [
              81.05047804481315,
              26.971735042706385
            ],
            [
              81.05017631328563,
              26.971067045610532
            ],
            [
              81.04958262659584,
              26.970227359660132
            ],
            [
              81.04902412422074,
              26.969509598194463
            ],
            [
              81.04861155585853,
              26.96885961800136
            ],
            [
              81.04825940997895,
              26.968345002251834
            ],
            [
              81.0477054827236,
              26.968313025886733
            ],
            [
              81.04621478240854,
              26.968212916643058
            ],
            [
              81.04498609910227,
              26.96797758535147
            ],
            [
              81.04416028055651,
              26.967841785172755
            ],
            [
              81.04365170025673,
              26.96780986230721
            ],
            [
              81.04278030478673,
              26.967980823109627
            ],
            [
              81.04139492565052,
              26.96858472662357
            ],
            [
              81.04043246257027,
              26.9692836272984
            ],
            [
              81.04016076262103,
              26.96900368661151
            ],
            [
              81.03964238529471,
              26.968479854679558
            ],
            [
              81.03918413310875,
              26.9685428153271
            ],
            [
              81.03910882105025,
              26.968154670729042
            ],
            [
              81.03869598499007,
              26.968064097672414
            ],
            [
              81.03831353444441,
              26.967576591008942
            ],
            [
              81.03811234505841,
              26.967337269613335
            ],
            [
              81.03784550140158,
              26.967260345971976
            ],
            [
              81.03764424464195,
              26.966912832651172
            ],
            [
              81.03758397936451,
              26.9667322377106
            ],
            [
              81.03716096269721,
              26.96670037297735
            ],
            [
              81.03648657675215,
              26.966126910321425
            ],
            [
              81.03594817777484,
              26.96558508722243
            ],
            [
              81.03539970329328,
              26.965002608330362
            ],
            [
              81.03524370275933,
              26.964831005685216
            ],
            [
              81.0348307166805,
              26.96492095763253
            ],
            [
              81.03395394659017,
              26.965461887998934
            ],
            [
              81.03314791164192,
              26.96582236588573
            ],
            [
              81.03213524261878,
              26.966318125179765
            ],
            [
              81.03126368006212,
              26.966795855860905
            ],
            [
              81.03044738904828,
              26.967246562192727
            ],
            [
              81.02984285609975,
              26.967562041060166
            ],
            [
              81.02973184858513,
              26.967787606287228
            ],
            [
              81.02956534584722,
              26.968076316916903
            ],
            [
              81.02859781986206,
              26.96887886425572
            ],
            [
              81.02810885697141,
              26.969316200652674
            ],
            [
              81.02737794184218,
              26.97010092461602
            ],
            [
              81.02676287704524,
              26.970890217806662
            ],
            [
              81.02618811516352,
              26.971539617846535
            ],
            [
              81.02553767740565,
              26.972459663142416
            ],
            [
              81.02500826158119,
              26.973073005683435
            ],
            [
              81.02418126803902,
              26.974223074886176
            ],
            [
              81.02361673078188,
              26.974795827019623
            ],
            [
              81.02315301234738,
              26.975124884217724
            ],
            [
              81.02236208436727,
              26.975449173003422
            ],
            [
              81.02205960094986,
              26.97577386994981
            ],
            [
              81.0217772622527,
              26.976039880606436
            ],
            [
              81.02178219939348,
              26.976130207074487
            ],
            [
              81.02199861073197,
              26.976274770742354
            ],
            [
              81.02170113542223,
              26.976635559057485
            ],
            [
              81.02200804214414,
              26.976996741697004
            ],
            [
              81.02205293634877,
              26.977511201818462
            ],
            [
              81.02212805796441,
              26.978021143623113
            ],
            [
              81.02225891555183,
              26.97811607572702
            ],
            [
              81.02236971825054,
              26.978116090937657
            ],
            [
              81.0227577922499,
              26.977832109358474
            ],
            [
              81.02295929155467,
              26.977769121883277
            ],
            [
              81.02312530830403,
              26.97793616402352
            ],
            [
              81.02360793178366,
              26.978938261154692
            ],
            [
              81.02363797504002,
              26.979100763222213
            ],
            [
              81.02352213638584,
              26.979150326278106
            ],
            [
              81.02349683623417,
              26.97929471314786
            ],
            [
              81.02370816041318,
              26.97957010833897
            ],
            [
              81.02388403437614,
              26.97994032134469
            ],
            [
              81.02381334864135,
              26.980206428627238
            ],
            [
              81.02407485720373,
              26.980572129280585
            ],
            [
              81.02532933204014,
              26.98028424803899
            ],
            [
              81.0255660102697,
              26.98032057596771
            ],
            [
              81.02618977614848,
              26.981214472758758
            ],
            [
              81.0267078022335,
              26.982036070376047
            ],
            [
              81.0272209082457,
              26.982794551649675
            ],
            [
              81.0278599751287,
              26.983485381295935
            ],
            [
              81.02827757495483,
              26.98400466209984
            ],
            [
              81.02885138641899,
              26.984429256364866
            ],
            [
              81.02832690234538,
              26.985236610255278
            ],
            [
              81.0278632602677,
              26.98556567615327
            ],
            [
              81.02704174375384,
              26.986147283371224
            ],
            [
              81.02627066315164,
              26.986597937841655
            ],
            [
              81.02552455301937,
              26.987256253632108
            ],
            [
              81.02503601593017,
              26.98723783663136
            ],
            [
              81.02465296800484,
              26.98756250837243
            ],
            [
              81.02487915391191,
              26.988036438625564
            ],
            [
              81.0244860179059,
              26.98837009193417
            ],
            [
              81.0237455411088,
              26.988333455214324
            ],
            [
              81.02328700864842,
              26.988536177767497
            ],
            [
              81.02278817417114,
              26.98871636470171
            ],
            [
              81.02259672072621,
              26.98872974160709
            ],
            [
              81.02240554665734,
              26.988485928825938
            ],
            [
              81.02204272070735,
              26.988648132933847
            ],
            [
              81.02146320224618,
              26.98896359264588
            ],
            [
              81.02173473510881,
              26.98951426218535
            ],
            [
              81.02249479697578,
              26.990042822295774
            ],
            [
              81.02390464891526,
              26.99073425902262
            ],
            [
              81.02479033658146,
              26.991682516656432
            ],
            [
              81.02685807241423,
              26.99454939387423
            ],
            [
              81.02715470779913,
              26.995217450900498
            ],
            [
              81.02759269489064,
              26.995551747272504
            ],
            [
              81.02811627436071,
              26.99584991025116
            ],
            [
              81.02877595308793,
              26.99608954962468
            ],
            [
              81.02934512205869,
              26.996252383914225
            ],
            [
              81.02998473332077,
              26.996383686613026
            ],
            [
              81.03064958364907,
              26.996451764808857
            ],
            [
              81.0316021598713,
              26.9958296720681
            ],
            [
              81.03222197585778,
              26.99557292361692
            ],
            [
              81.03267019925192,
              26.995726611281412
            ],
            [
              81.03317424934775,
              26.995379529238647
            ],
            [
              81.03425281069532,
              26.994594999137497
            ],
            [
              81.0347921241576,
              26.994207326194786
            ],
            [
              81.03549763313397,
              26.993941544187848
            ],
            [
              81.03628876233672,
              26.99348170834302
            ],
            [
              81.03715562311116,
              26.992985887784005
            ],
            [
              81.03741166362838,
              26.99406451773164
            ],
            [
              81.03820160974989,
              26.995233748634092
            ],
            [
              81.03920844601188,
              26.996073762691175
            ],
            [
              81.03988771879209,
              26.997107491189237
            ],
            [
              81.04003349470145,
              26.997576871651038
            ],
            [
              81.04005055820028,
              26.997954358849523
            ],
            [
              81.04018931916559,
              26.998032767900654
            ],
            [
              81.04030512817536,
              26.9980779611368
            ],
            [
              81.0403907232489,
              26.998154698028728
            ],
            [
              81.04059205367038,
              26.998267620931223
            ],
            [
              81.04076826180663,
              26.998407641811117
            ],
            [
              81.04089417416843,
              26.99852051163221
            ],
            [
              81.04098989056027,
              26.998543133767825
            ],
            [
              81.04112581464591,
              26.998588378025417
            ],
            [
              81.04139272567639,
              26.9986652010138
            ],
            [
              81.04156896615198,
              26.998746578303777
            ],
            [
              81.04165962592708,
              26.998877512301895
            ],
            [
              81.0416947266985,
              26.998990337628754
            ],
            [
              81.04171470343378,
              26.99924757613323
            ],
            [
              81.04175489495789,
              26.99940550174434
            ],
            [
              81.04183034176368,
              26.999545452372338
            ],
            [
              81.04190083525899,
              26.99959508085989
            ],
            [
              81.04208221769125,
              26.99964039032767
            ],
            [
              81.04257585990617,
              26.999649622225533
            ],
            [
              81.04289319606849,
              26.99963180115618
            ],
            [
              81.04315513941546,
              26.99964100263927
            ],
            [
              81.04328110118459,
              26.999672614722506
            ],
            [
              81.0433868023508,
              26.999735889287898
            ],
            [
              81.04345224012766,
              26.999794558280282
            ],
            [
              81.04346227700434,
              26.999866738891946
            ],
            [
              81.04345209909219,
              27.000038232891942
            ],
            [
              81.04339653829183,
              27.000218762382726
            ],
            [
              81.04338927181952,
              27.000233608260714
            ],
            [
              81.04327545167975,
              27.00046682227522
            ],
            [
              81.04318957094196,
              27.000778166004583
            ],
            [
              81.04315921327526,
              27.001053385347614
            ],
            [
              81.04320942820131,
              27.001306103301477
            ],
            [
              81.04333523186696,
              27.001504730069257
            ],
            [
              81.04352644815665,
              27.00172149018068
            ],
            [
              81.0437227974199,
              27.00183894612159
            ],
            [
              81.04392930303572,
              27.00190669765687
            ],
            [
              81.04423669125458,
              27.001888848931543
            ],
            [
              81.04453397522313,
              27.001803231037993
            ],
            [
              81.04494212028092,
              27.001623029050688
            ],
            [
              81.04530990043968,
              27.001537493395254
            ],
            [
              81.04555179877941,
              27.001492500047227
            ],
            [
              81.04569282709247,
              27.001397806975643
            ],
            [
              81.04583912492303,
              27.001208403784922
            ],
            [
              81.04596511543824,
              27.00113173380895
            ],
            [
              81.04617666689104,
              27.001077658993317
            ],
            [
              81.04642863983665,
              27.001010171089707
            ],
            [
              81.04663519216489,
              27.000947119752013
            ],
            [
              81.04674095800978,
              27.00095615864667
            ],
            [
              81.04686691438903,
              27.00102389230475
            ],
            [
              81.04696256340722,
              27.00113677470739
            ],
            [
              81.04706820438632,
              27.00135345788981
            ],
            [
              81.04711848039784,
              27.001488884666784
            ],
            [
              81.04722415641122,
              27.001610709397468
            ],
            [
              81.0472996723873,
              27.00164688076629
            ],
            [
              81.04740044000597,
              27.00164694639853
            ],
            [
              81.04760205699003,
              27.001570323944794
            ],
            [
              81.04772811757384,
              27.00135384528105
            ],
            [
              81.04773829907927,
              27.001146227391885
            ],
            [
              81.04772854696854,
              27.000712991076387
            ],
            [
              81.04770859538608,
              27.000410714919553
            ],
            [
              81.04775913640059,
              27.00010833629881
            ],
            [
              81.04786510526475,
              26.999968559258836
            ],
            [
              81.04803639242986,
              26.99990997039779
            ],
            [
              81.04815225174535,
              26.999923537268835
            ],
            [
              81.0482579493183,
              27.000072567038423
            ],
            [
              81.04843409457246,
              27.00025311488334
            ],
            [
              81.04854998532896,
              27.00030740220219
            ],
            [
              81.0489176972158,
              27.00032563297052
            ],
            [
              81.0491393717835,
              27.00033025129262
            ],
            [
              81.04936096011296,
              27.000334901630637
            ],
            [
              81.04953725987735,
              27.00034852607937
            ],
            [
              81.04968327384026,
              27.000434322769785
            ],
            [
              81.04990487833938,
              27.000565297224036
            ],
            [
              81.05002070172223,
              27.000574360161426
            ],
            [
              81.05015680277597,
              27.00052933121034
            ],
            [
              81.0503130494483,
              27.000389493062748
            ],
            [
              81.05046426286009,
              27.000200052155456
            ],
            [
              81.05059032613882,
              27.00013247808192
            ],
            [
              81.05070611987729,
              27.000150547997457
            ],
            [
              81.05073634638995,
              27.000182150332588
            ],
            [
              81.0507898626247,
              27.000262679698512
            ],
            [
              81.05085213923007,
              27.000347748088345
            ],
            [
              81.05096272184154,
              27.000578000383697
            ],
            [
              81.05096257721277,
              27.000844194120106
            ],
            [
              81.0508364762048,
              27.00104266002354
            ],
            [
              81.0507104650283,
              27.00122761169074
            ],
            [
              81.05058438288492,
              27.001453192683407
            ],
            [
              81.05044310484017,
              27.0017148149068
            ],
            [
              81.05044302668675,
              27.00184120162536
            ],
            [
              81.05060412336327,
              27.00201274864138
            ],
            [
              81.05076012838877,
              27.002238467326535
            ],
            [
              81.05077520301757,
              27.002409977718997
            ],
            [
              81.05069449028758,
              27.002563375904476
            ],
            [
              81.0506338288531,
              27.00282050618705
            ],
            [
              81.05061857905284,
              27.003059685693476
            ],
            [
              81.05070912743682,
              27.003298895105598
            ],
            [
              81.05081987533832,
              27.003425276842016
            ],
            [
              81.05095081377415,
              27.003425413707053
            ],
            [
              81.05107680069611,
              27.003299104805503
            ],
            [
              81.0513439767296,
              27.00315935174152
            ],
            [
              81.05166136229926,
              27.00306025796732
            ],
            [
              81.05197371371005,
              27.003046864357483
            ],
            [
              81.05222554921345,
              27.00315980235674
            ],
            [
              81.05237158922752,
              27.003272712229215
            ],
            [
              81.05240167200974,
              27.00338547711938
            ],
            [
              81.05235128281049,
              27.00347120506093
            ],
            [
              81.05222526714246,
              27.00355688811588
            ],
            [
              81.05208417594731,
              27.00365609110427
            ],
            [
              81.05180192528503,
              27.003809365932234
            ],
            [
              81.05167590422708,
              27.00398080669679
            ],
            [
              81.05159518431059,
              27.00417023723236
            ],
            [
              81.05161530208139,
              27.004269557334595
            ],
            [
              81.05170590975419,
              27.004355354234573
            ],
            [
              81.05178647426214,
              27.004368970992783
            ],
            [
              81.05194265625573,
              27.004369030220456
            ],
            [
              81.05214916636315,
              27.004337501095723
            ],
            [
              81.05240109079976,
              27.004337654767518
            ],
            [
              81.05279903818241,
              27.00433784205499
            ],
            [
              81.0529098507626,
              27.004410082979668
            ],
            [
              81.0529551123782,
              27.004509418877443
            ],
            [
              81.05292485711942,
              27.004622220945077
            ],
            [
              81.05279886031599,
              27.004734926855015
            ],
            [
              81.05262235214244,
              27.004906338995642
            ],
            [
              81.05245099401041,
              27.005104832144724
            ],
            [
              81.05243575139666,
              27.005258252265186
            ],
            [
              81.05251128444071,
              27.005357569005135
            ],
            [
              81.05263718332779,
              27.00542980127089
            ],
            [
              81.05284367007897,
              27.00545700571224
            ],
            [
              81.05303514059192,
              27.005529260324327
            ],
            [
              81.0531911689736,
              27.00568281992936
            ],
            [
              81.05325153216744,
              27.00589492908126
            ],
            [
              81.05317581766371,
              27.00600766733051
            ],
            [
              81.05301455659549,
              27.00612492910815
            ],
            [
              81.05274746500363,
              27.006336838936694
            ],
            [
              81.05260621660331,
              27.006639180797954
            ],
            [
              81.05259095063336,
              27.00685124412585
            ],
            [
              81.05265131742044,
              27.006977593856536
            ],
            [
              81.05274696464201,
              27.007076960300225
            ],
            [
              81.05296863202321,
              27.00709055191781
            ],
            [
              81.05323568858076,
              27.007009532022536
            ],
            [
              81.0534271779583,
              27.00692387000715
            ],
            [
              81.05362873475525,
              27.00685174514869
            ],
            [
              81.05388562058712,
              27.006892491265436
            ],
            [
              81.0540568996674,
              27.006991901003513
            ],
            [
              81.05405672000435,
              27.007203954862145
            ],
            [
              81.05391548777372,
              27.00743405065412
            ],
            [
              81.05367851399838,
              27.007713686842404
            ],
            [
              81.05342629940597,
              27.008282136298693
            ],
            [
              81.05345642620564,
              27.008449132331535
            ],
            [
              81.05362765408195,
              27.008480800363383
            ],
            [
              81.05381917669715,
              27.00843576497472
            ],
            [
              81.05407108855732,
              27.0084088013577
            ],
            [
              81.05437337883696,
              27.008282595697217
            ],
            [
              81.05467078677302,
              27.008124804207487
            ],
            [
              81.05489241373004,
              27.008084345061746
            ],
            [
              81.055068817699,
              27.00808435786731
            ],
            [
              81.0552098046896,
              27.008156670016383
            ],
            [
              81.05533563620301,
              27.00826952925065
            ],
            [
              81.05549174992466,
              27.008481728762895
            ],
            [
              81.05546124942582,
              27.008847212641125
            ],
            [
              81.05535024370785,
              27.009194575650227
            ],
            [
              81.05523922541346,
              27.009478883829857
            ],
            [
              81.05520881384781,
              27.009830854815373
            ],
            [
              81.05526905936236,
              27.010015847248315
            ],
            [
              81.0555208292887,
              27.010241561069872
            ],
            [
              81.05626620729404,
              27.01072482282191
            ],
            [
              81.05637688512694,
              27.010964075148067
            ],
            [
              81.0562961283795,
              27.011234761326335
            ],
            [
              81.05620022603641,
              27.01147383729627
            ],
            [
              81.05605904141646,
              27.011721948385794
            ],
            [
              81.0559783403646,
              27.01188885927605
            ],
            [
              81.05587227717733,
              27.012213762371818
            ],
            [
              81.05588720538071,
              27.012624436709807
            ],
            [
              81.0559776109326,
              27.012967415138366
            ],
            [
              81.05629482222908,
              27.01336016138808
            ],
            [
              81.05665741102385,
              27.013644598284344
            ],
            [
              81.05703520290648,
              27.013771111644395
            ],
            [
              81.05749368685784,
              27.013717202169524
            ],
            [
              81.05801783855475,
              27.013478280629464
            ],
            [
              81.05856706133292,
              27.013280000743276
            ],
            [
              81.05875850938797,
              27.0133477421821
            ],
            [
              81.05888432832496,
              27.013519330862234
            ],
            [
              81.05893454594597,
              27.01381717008779
            ],
            [
              81.05886883687789,
              27.014205225189276
            ],
            [
              81.05883344415402,
              27.01439021602434
            ],
            [
              81.05885349994104,
              27.014615828226113
            ],
            [
              81.05896415441775,
              27.014814449884135
            ],
            [
              81.05918076428388,
              27.01485968599288
            ],
            [
              81.05945294573014,
              27.01471538399079
            ],
            [
              81.05980066471201,
              27.014535092259994
            ],
            [
              81.06000225294997,
              27.014575740355657
            ],
            [
              81.06022374426138,
              27.0147744421145
            ],
            [
              81.06055102297726,
              27.01511747560438
            ],
            [
              81.06055604276305,
              27.01518968799328
            ],
            [
              81.06068689765556,
              27.015532757829448
            ],
            [
              81.06080757194094,
              27.015848688721892
            ],
            [
              81.06099894633412,
              27.016029208828915
            ],
            [
              81.061250806092,
              27.016128619289276
            ],
            [
              81.06153281241251,
              27.016322775064257
            ],
            [
              81.06170414539172,
              27.016340921605924
            ],
            [
              81.06196616958705,
              27.016282350080832
            ],
            [
              81.06258083463369,
              27.016323240031905
            ],
            [
              81.06289314562031,
              27.016386574850625
            ],
            [
              81.06288298208118,
              27.016544557214083
            ],
            [
              81.06281740596376,
              27.016752086642516
            ],
            [
              81.06281728289457,
              27.016932611700543
            ],
            [
              81.0628827368411,
              27.017027394922618
            ],
            [
              81.06303386401463,
              27.01705900371729
            ],
            [
              81.0631497718391,
              27.017027522167673
            ],
            [
              81.0632908432713,
              27.01693731737165
            ],
            [
              81.06396627575369,
              27.016504423615018
            ],
            [
              81.06441473540477,
              27.016319580312274
            ],
            [
              81.06466670835037,
              27.016310614678876
            ],
            [
              81.06478255868267,
              27.016333269247667
            ],
            [
              81.06482277805456,
              27.016441550628752
            ],
            [
              81.06491839473343,
              27.016644681874162
            ],
            [
              81.0649938846583,
              27.016834254326117
            ],
            [
              81.06510957958209,
              27.017154719162033
            ],
            [
              81.06526058278808,
              27.0174390048042
            ],
            [
              81.0654165608641,
              27.01789936928484
            ],
            [
              81.06551218472949,
              27.018030253766245
            ],
            [
              81.06564812498479,
              27.01821987589846
            ],
            [
              81.06574381802042,
              27.01831013328327
            ],
            [
              81.06612167458177,
              27.018405097005484
            ],
            [
              81.06640373659783,
              27.018531500970578
            ],
            [
              81.06661011734782,
              27.018761731225567
            ],
            [
              81.06670580140033,
              27.01899648013087
            ],
            [
              81.06671560740995,
              27.019416103070675
            ],
            [
              81.06676569657188,
              27.019975715257704
            ],
            [
              81.06689155144149,
              27.020246474160327
            ],
            [
              81.06708296176728,
              27.020332314082545
            ],
            [
              81.06731476304321,
              27.020327891845668
            ],
            [
              81.06750126677093,
              27.02016099509037
            ],
            [
              81.06776846166903,
              27.01982718162965
            ],
            [
              81.06800035008152,
              27.01968736668833
            ],
            [
              81.06815647458296,
              27.019678402123933
            ],
            [
              81.06825719908251,
              27.01976871515588
            ],
            [
              81.06836795057727,
              27.019940214005082
            ],
            [
              81.06847368318454,
              27.020161383217044
            ],
            [
              81.06870531917042,
              27.020355499213007
            ],
            [
              81.06890680500044,
              27.020612873686293
            ],
            [
              81.06897718261307,
              27.020815898158816
            ],
            [
              81.06900228603367,
              27.021077688183144
            ],
            [
              81.06911296835814,
              27.021361967900745
            ],
            [
              81.0692539724167,
              27.02154254397049
            ],
            [
              81.06944531806381,
              27.02170503809755
            ],
            [
              81.06964684072477,
              27.021808911329245
            ],
            [
              81.06982809020637,
              27.022003093299926
            ],
            [
              81.06994894056155,
              27.022179118135668
            ],
            [
              81.07002442599486,
              27.02242732882637
            ],
            [
              81.07007967507981,
              27.022770258928325
            ],
            [
              81.07012993941319,
              27.023009450398227
            ],
            [
              81.07034145134011,
              27.023262250226338
            ],
            [
              81.07049753362072,
              27.023429303222375
            ],
            [
              81.07067891784963,
              27.0235421359156
            ],
            [
              81.07093073538671,
              27.023646033856423
            ],
            [
              81.07115739021437,
              27.02384468436479
            ],
            [
              81.07144955198916,
              27.024034339095913
            ],
            [
              81.07079172738469,
              27.02489932990693
            ],
            [
              81.07100385375927,
              27.0252723513225
            ],
            [
              81.07107671431531,
              27.02564631896235
            ],
            [
              81.07108042076419,
              27.026083168187192
            ],
            [
              81.07045928425426,
              27.026773818311085
            ],
            [
              81.07045981426027,
              27.026836225392348
            ],
            [
              81.07081448799906,
              27.02758273904631
            ],
            [
              81.07096063940419,
              27.028393079916594
            ],
            [
              81.0706872910464,
              27.029019043843036
            ],
            [
              81.07062617416605,
              27.030017933117023
            ],
            [
              81.07133014971822,
              27.03088688677343
            ],
            [
              81.07147693982553,
              27.03175963215393
            ],
            [
              81.07148594543627,
              27.032820451910933
            ],
            [
              81.07093605520981,
              27.033697935242763
            ],
            [
              81.07094399631693,
              27.03463403131585
            ],
            [
              81.07123112483119,
              27.035630636622102
            ],
            [
              81.07158572490815,
              27.03637705180841
            ],
            [
              81.07152249429191,
              27.03712640094799
            ],
            [
              81.07173888137586,
              27.03799866495915
            ],
            [
              81.07202231422104,
              27.038558422999692
            ],
            [
              81.07251525036015,
              27.03917907023328
            ],
            [
              81.07272697698444,
              27.03948967620709
            ],
            [
              81.07293807209304,
              27.039737876644214
            ],
            [
              81.07300829519544,
              27.039799807649693
            ],
            [
              81.07311478598079,
              27.040469503174627
            ],
            [
              81.0723840271584,
              27.04067228212213
            ],
            [
              81.06974774488737,
              27.041880595003416
            ],
            [
              81.06853302858714,
              27.042475715813033
            ],
            [
              81.067908002372,
              27.042705604948072
            ],
            [
              81.06735857118467,
              27.042989668298624
            ],
            [
              81.06668309288824,
              27.043323296899466
            ],
            [
              81.06625992979555,
              27.042953178197816
            ],
            [
              81.06592206533236,
              27.04337266282284
            ],
            [
              81.06482297478564,
              27.044256681219785
            ],
            [
              81.06368876639947,
              27.04486077598845
            ],
            [
              81.06321981527844,
              27.045415608913277
            ],
            [
              81.06169749696029,
              27.045974513088737
            ],
            [
              81.0614300559238,
              27.046592595886747
            ],
            [
              81.06112231556534,
              27.047143026271183
            ],
            [
              81.06052249517879,
              27.0473592951003
            ],
            [
              81.05990251390232,
              27.047571102345266
            ],
            [
              81.06003315319913,
              27.0482389833667
            ],
            [
              81.06042022108537,
              27.049994582983008
            ],
            [
              81.06077732117375,
              27.05116342472307
            ],
            [
              81.0612504350878,
              27.052296279244615
            ],
            [
              81.06170374564141,
              27.05277034212635
            ],
            [
              81.06175380695555,
              27.053388577097675
            ],
            [
              81.06189574256709,
              27.05365428169211
            ],
            [
              81.06204073514553,
              27.053925709804705
            ],
            [
              81.06265058612054,
              27.0540071646711
            ],
            [
              81.06337629641104,
              27.05412028184262
            ],
            [
              81.06415736807584,
              27.054224472294518
            ],
            [
              81.06476120213509,
              27.05489295132377
            ],
            [
              81.06492802557158,
              27.055077634331674
            ],
            [
              81.06494295197834,
              27.05560556925326
            ],
            [
              81.06546651438043,
              27.056724922110273
            ],
            [
              81.0656375347459,
              27.05727101000658
            ],
            [
              81.06608550122192,
              27.058530208989968
            ],
            [
              81.06635228738658,
              27.059049176641373
            ],
            [
              81.0671739323595,
              27.05894581625496
            ],
            [
              81.06758694269284,
              27.05941976383893
            ],
            [
              81.06814621582241,
              27.059817076299257
            ],
            [
              81.06837282663264,
              27.06024587039285
            ],
            [
              81.06847205903048,
              27.06054937189152
            ],
            [
              81.06854398174539,
              27.06076934274685
            ],
            [
              81.06804471877172,
              27.061179808314833
            ],
            [
              81.06742976177262,
              27.061409714326828
            ],
            [
              81.06670894280886,
              27.061346216111613
            ],
            [
              81.06533305796687,
              27.061115458002135
            ],
            [
              81.06466789502484,
              27.060943761257896
            ],
            [
              81.06397743013453,
              27.060875726943262
            ],
            [
              81.0631709424354,
              27.060830255781372
            ],
            [
              81.06259624163914,
              27.06100150711599
            ],
            [
              81.0622583466332,
              27.061497721085004
            ],
            [
              81.0615419680419,
              27.062621027734266
            ],
            [
              81.0611737566918,
              27.063090145657117
            ],
            [
              81.06112306476028,
              27.06361805966506
            ],
            [
              81.06156132314302,
              27.064092036301602
            ],
            [
              81.06306761910973,
              27.065383341049277
            ],
            [
              81.06328315099752,
              27.065641620212823
            ],
            [
              81.06350083075719,
              27.065902472972837
            ],
            [
              81.0643572620912,
              27.066850451326793
            ],
            [
              81.06500737555724,
              27.06703576018662
            ],
            [
              81.06574324938687,
              27.06701800580377
            ],
            [
              81.06706895523538,
              27.066928329128906
            ],
            [
              81.0676587342537,
              27.067032326899575
            ],
            [
              81.0695031453136,
              27.067782123261555
            ],
            [
              81.07076804330221,
              27.068378303357846
            ],
            [
              81.07128206829096,
              27.068676276229443
            ],
            [
              81.07184144742175,
              27.069055554661656
            ],
            [
              81.07241059034135,
              27.069931178041855
            ],
            [
              81.07230936637852,
              27.070838201859093
            ],
            [
              81.07201157755676,
              27.071582594277224
            ],
            [
              81.07218793930492,
              27.071700050743964
            ],
            [
              81.0725608030299,
              27.072106239277904
            ],
            [
              81.0730595683369,
              27.072611844375604
            ],
            [
              81.07547871163412,
              27.07371830620715
            ],
            [
              81.07735354324276,
              27.074598862779343
            ],
            [
              81.07795321361067,
              27.074905968040948
            ],
            [
              81.0785580340201,
              27.07526257632579
            ],
            [
              81.07918802342718,
              27.075452375332258
            ],
            [
              81.08000463783452,
              27.07560155363191
            ],
            [
              81.08069522938729,
              27.0756378083504
            ],
            [
              81.0814715516592,
              27.075601963963148
            ],
            [
              81.08170343198688,
              27.075642649937382
            ],
            [
              81.08207633074613,
              27.075868394996373
            ],
            [
              81.08233828127962,
              27.07644608972038
            ],
            [
              81.08205084643984,
              27.076572328342557
            ],
            [
              81.08241363016901,
              27.076983064799542
            ],
            [
              81.0825797538179,
              27.07766454092265
            ],
            [
              81.08269557360747,
              27.077939843780314
            ],
            [
              81.08270800000278,
              27.078186549017374
            ],
            [
              81.08272057282349,
              27.078436172348457
            ],
            [
              81.08267000396123,
              27.07896868037369
            ],
            [
              81.08264974605325,
              27.079144643059816
            ],
            [
              81.08264976042629,
              27.07915815396763
            ],
            [
              81.08241263034412,
              27.07979892761495
            ],
            [
              81.08234188172727,
              27.080038012737532
            ],
            [
              81.08230138926751,
              27.08065620215858
            ],
            [
              81.08210406263727,
              27.082334823752007
            ],
            [
              81.08216943124386,
              27.082953021297225
            ],
            [
              81.08205796469015,
              27.08427517317547
            ],
            [
              81.08219865164344,
              27.08546195532917
            ],
            [
              81.08227884874042,
              27.086671301299695
            ],
            [
              81.08252041739841,
              27.0878627183803
            ],
            [
              81.08266112680957,
              27.089099124235435
            ],
            [
              81.08238367764251,
              27.08955478804581
            ],
            [
              81.08196006269723,
              27.08993369831072
            ],
            [
              81.08153638307326,
              27.09038935312784
            ],
            [
              81.08085053911677,
              27.09080884666574
            ],
            [
              81.08047765113726,
              27.090217581257352
            ],
            [
              81.0801855432614,
              27.08965792826717
            ],
            [
              81.07988320716767,
              27.089102755989195
            ],
            [
              81.07951541443248,
              27.088565678234136
            ],
            [
              81.07836622843558,
              27.08788845924641
            ],
            [
              81.07785217020918,
              27.087441530269448
            ],
            [
              81.07741376899438,
              27.08696761317303
            ],
            [
              81.07606332623786,
              27.085468978333918
            ],
            [
              81.07571066742022,
              27.084981509097577
            ],
            [
              81.07443082056699,
              27.083424288008892
            ],
            [
              81.0740932408697,
              27.082981932151636
            ],
            [
              81.07338252256301,
              27.082950013998456
            ],
            [
              81.07300967680433,
              27.08248960360535
            ],
            [
              81.07153806658737,
              27.08140157714309
            ],
            [
              81.07119042036905,
              27.08109006983791
            ],
            [
              81.07014102911536,
              27.082759302304016
            ],
            [
              81.06979262831221,
              27.08378802586629
            ],
            [
              81.0696710709829,
              27.085110144697072
            ],
            [
              81.06899909881106,
              27.087907560348825
            ],
            [
              81.07141299235373,
              27.089961686036233
            ],
            [
              81.07125145729933,
              27.09048050818152
            ],
            [
              81.07095881312922,
              27.091026417257176
            ],
            [
              81.07108464194769,
              27.09136948400027
            ],
            [
              81.07120019224271,
              27.092231354930735
            ],
            [
              81.07148724260355,
              27.092876717109895
            ],
            [
              81.07163809758752,
              27.093711601327247
            ],
            [
              81.07202115539431,
              27.094077272328576
            ],
            [
              81.07266139907036,
              27.094122634835067
            ],
            [
              81.07335198074166,
              27.094411670232507
            ],
            [
              81.07433984638153,
              27.095206287206743
            ],
            [
              81.07474804803316,
              27.095653118824856
            ],
            [
              81.07517129556747,
              27.096190284152453
            ],
            [
              81.07556426628344,
              27.096704862145803
            ],
            [
              81.07580109632832,
              27.097237416090227
            ],
            [
              81.07601760737978,
              27.097855675341673
            ],
            [
              81.0762441193753,
              27.098550700210197
            ],
            [
              81.07635475768231,
              27.09931333433908
            ],
            [
              81.07444837364763,
              27.100521982969298
            ],
            [
              81.07471019572203,
              27.101239560740527
            ],
            [
              81.07345950189465,
              27.101834738362005
            ],
            [
              81.0722088089656,
              27.102407386788688
            ],
            [
              81.07132639206537,
              27.10231679561795
            ],
            [
              81.07197652529439,
              27.10302548634694
            ],
            [
              81.07259658562262,
              27.103409299376626
            ],
            [
              81.07318124334549,
              27.10382009577164
            ],
            [
              81.07370545702616,
              27.104163291249854
            ],
            [
              81.07425493402759,
              27.104578553372995
            ],
            [
              81.07480426190868,
              27.105012009329098
            ],
            [
              81.07534866342874,
              27.10537316616763
            ],
            [
              81.07598883613787,
              27.105860776149413
            ],
            [
              81.07532323930955,
              27.105968808799425
            ],
            [
              81.07415805880905,
              27.106758065308927
            ],
            [
              81.07279637363675,
              27.1074840376933
            ],
            [
              81.07273047322751,
              27.108043559212042
            ],
            [
              81.07260416920025,
              27.108697879664728
            ],
            [
              81.07263387738502,
              27.109812418693096
            ],
            [
              81.07294550026214,
              27.112109350759397
            ],
            [
              81.0730107511894,
              27.112705106268642
            ],
            [
              81.0731768344141,
              27.11334585110664
            ],
            [
              81.07343376516177,
              27.113860432602777
            ],
            [
              81.07389243865761,
              27.114329890112508
            ],
            [
              81.07461347231875,
              27.11458736719664
            ],
            [
              81.07660551610569,
              27.11410072116044
            ],
            [
              81.07919272161614,
              27.11339766974068
            ],
            [
              81.08052399612109,
              27.113122841042152
            ],
            [
              81.08121494071177,
              27.112996690790183
            ],
            [
              81.08179999010012,
              27.112690025792663
            ],
            [
              81.08227404005872,
              27.112482552299937
            ],
            [
              81.08297004216443,
              27.112144331085354
            ],
            [
              81.08423594536787,
              27.111603205081064
            ],
            [
              81.08477555257925,
              27.111400328132493
            ],
            [
              81.08546151690999,
              27.11110269518112
            ],
            [
              81.08624320931067,
              27.1107825242989
            ],
            [
              81.0868887296907,
              27.11051200071114
            ],
            [
              81.08712023901413,
              27.1103297023538
            ],
            [
              81.08735277601025,
              27.11014659288556
            ],
            [
              81.08789263205499,
              27.109104405036238
            ],
            [
              81.08878039033787,
              27.108319450301334
            ],
            [
              81.0918924158918,
              27.105278839014204
            ],
            [
              81.09477733386719,
              27.102617107646534
            ],
            [
              81.09554883577928,
              27.102563124103234
            ],
            [
              81.09643782295751,
              27.102303388262417
            ],
            [
              81.09732374867723,
              27.102044538660984
            ],
            [
              81.09847856890755,
              27.101525849257143
            ],
            [
              81.0996686641825,
              27.100907918149897
            ],
            [
              81.1002031366237,
              27.10067781567019
            ],
            [
              81.10081824543808,
              27.10088555015059
            ],
            [
              81.10135760022288,
              27.10127367680787
            ],
            [
              81.1018264210882,
              27.101675344697906
            ],
            [
              81.10311202524412,
              27.10255096106922
            ],
            [
              81.10285984388938,
              27.103119522720053
            ],
            [
              81.10246790982922,
              27.103832930385853
            ],
            [
              81.1009783342049,
              27.10654420924802
            ],
            [
              81.09994422509084,
              27.10857909701809
            ],
            [
              81.09916235212877,
              27.109910133218555
            ],
            [
              81.1006497161009,
              27.110442826650775
            ],
            [
              81.1006748249114,
              27.11096633878532
            ],
            [
              81.10172860623186,
              27.111629801668435
            ],
            [
              81.10241941877021,
              27.111562288287683
            ],
            [
              81.10374565192977,
              27.11139997630395
            ],
            [
              81.10368520159936,
              27.110876529367403
            ],
            [
              81.10428532202324,
              27.110750270234412
            ],
            [
              81.10486013690556,
              27.110736863888956
            ],
            [
              81.10538954644186,
              27.111179175687457
            ],
            [
              81.1071390936111,
              27.11278132900812
            ],
            [
              81.10819287942313,
              27.11352149031992
            ],
            [
              81.10866159069398,
              27.114744413278583
            ],
            [
              81.10917582678681,
              27.11592225306685
            ],
            [
              81.10879755340717,
              27.116319287623877
            ],
            [
              81.10788973035407,
              27.117302916687475
            ],
            [
              81.10701205835518,
              27.118318036608912
            ],
            [
              81.10668926043594,
              27.118764764781123
            ],
            [
              81.10674467930245,
              27.119392004046826
            ],
            [
              81.10734961379795,
              27.12042996962636
            ],
            [
              81.10771766704457,
              27.120948948804642
            ],
            [
              81.10839839599382,
              27.12154008069278
            ],
            [
              81.10884208738739,
              27.12234334232123
            ],
            [
              81.10885717908415,
              27.12236593629727
            ],
            [
              81.10897817855965,
              27.122483276346244
            ],
            [
              81.10906396856763,
              27.122532944008224
            ],
            [
              81.1091294728198,
              27.12242467789521
            ],
            [
              81.10977504170884,
              27.122099838950746
            ],
            [
              81.11005754659435,
              27.121743367008307
            ],
            [
              81.11009794383268,
              27.121373344142295
            ],
            [
              81.11058720406567,
              27.12034008704994
            ],
            [
              81.11111177707245,
              27.11983016794763
            ]
          ]
        ]
      }
    }
  ]
}