{
  "type": "FeatureCollection",
  "features": [
    {
      "type": "Feature",
      "properties": {
        "objectid": "09-168-00867",
        "stcode11": "09",
        "dtcode11": "168",
        "sdtcode11": "00867",
        "stname": "UTTAR PRADESH",
        "dtname": "Hamirpur",
        "sdtname": "Maudaha",
        "st_area_sh": 0.0,
        "st_length_": 0.0,
        "remarks": "",
        "dist_lgd": 149,
        "state_lgd": 9,
        "subdt_lgd": 867,
        "ac_no": 228,
        "st_length(shape)": 343025.2428872845,
        "st_area(shape)": 1483686870.502745
      },
      "geometry": {
        "type": "Polygon",
        "coordinates": [
          [
            [
              79.98091137817156,
              25.881570352786703
            ],
            [
              79.98105095211221,
              25.88136721805494
            ],
            [
              79.98132001909936,
              25.88104200762378
            ],
            [
              79.98131992926785,
              25.880960765694372
            ],
            [
              79.98127498475753,
              25.880879610188313
            ],
            [
              79.9811851801786,
              25.880861658062063
            ],
            [
              79.98096070107056,
              25.880920424351835
            ],
            [
              79.9805866857054,
              25.8811418376495
            ],
            [
              79.97999318137357,
              25.881368007680074
            ],
            [
              79.979738635653,
              25.881169610359112
            ],
            [
              79.97957869780318,
              25.880849222018334
            ],
            [
              79.97965819331591,
              25.88046556534534
            ],
            [
              79.97963291202888,
              25.880181262220447
            ],
            [
              79.97935318922582,
              25.879716591744497
            ],
            [
              79.97931286924259,
              25.879355552074756
            ],
            [
              79.98044975460832,
              25.878655158348717
            ],
            [
              79.98047442504097,
              25.878276092598504
            ],
            [
              79.980239723105,
              25.878037030927253
            ],
            [
              79.97986046696846,
              25.87800570123792
            ],
            [
              79.97893766810128,
              25.878132734214386
            ],
            [
              79.97878787402765,
              25.8780154970708
            ],
            [
              79.97884253381774,
              25.87774012797867
            ],
            [
              79.9791515686485,
              25.877419525849454
            ],
            [
              79.97921130212335,
              25.877220890738204
            ],
            [
              79.97895125511995,
              25.876512495637716
            ],
            [
              79.97897582673792,
              25.87613333895297
            ],
            [
              79.97833688292408,
              25.875745718647476
            ],
            [
              79.97724427731535,
              25.8757329611888
            ],
            [
              79.97694987244732,
              25.875566108633063
            ],
            [
              79.97677988604272,
              25.875214250190577
            ],
            [
              79.976714673743,
              25.874762947372414
            ],
            [
              79.97657468298405,
              25.874460682271216
            ],
            [
              79.97631508873157,
              25.87416750935942
            ],
            [
              79.97435297680987,
              25.872413180170735
            ],
            [
              79.97375860470551,
              25.871551619376632
            ],
            [
              79.97348871486156,
              25.870942485756466
            ],
            [
              79.97381112830188,
              25.8688300525961
            ],
            [
              79.97411983434925,
              25.868071687079865
            ],
            [
              79.97400968921734,
              25.867593323108903
            ],
            [
              79.97315092765348,
              25.866740912850975
            ],
            [
              79.97247169889074,
              25.865762020167743
            ],
            [
              79.9722716809079,
              25.865206995063797
            ],
            [
              79.97211637297507,
              25.86434964081849
            ],
            [
              79.9721408906941,
              25.863835138147415
            ],
            [
              79.97042299296895,
              25.861484853727774
            ],
            [
              79.96976366817796,
              25.86040207271837
            ],
            [
              79.97186805437602,
              25.859601901987705
            ],
            [
              79.9712988297097,
              25.858947806010324
            ],
            [
              79.97188726215342,
              25.858721757157536
            ],
            [
              79.970418559783,
              25.855996759986873
            ],
            [
              79.96888014185836,
              25.85336208221589
            ],
            [
              79.96776088593012,
              25.85090762326348
            ],
            [
              79.96776018883745,
              25.85090553915047
            ],
            [
              79.96729766965386,
              25.849887439094708
            ],
            [
              79.96729759419536,
              25.849887270132967
            ],
            [
              79.96683778792394,
              25.848868165317178
            ],
            [
              79.96683659136797,
              25.848868152382188
            ],
            [
              79.96655174008295,
              25.848232035761264
            ],
            [
              79.96604317415623,
              25.848435449776385
            ],
            [
              79.96448240255403,
              25.848968939290888
            ],
            [
              79.96394378259113,
              25.84899181801794
            ],
            [
              79.96326514312321,
              25.848662822305425
            ],
            [
              79.96229256141962,
              25.848622751272796
            ],
            [
              79.96134493581293,
              25.848767801943648
            ],
            [
              79.95967401728218,
              25.84866497598357
            ],
            [
              79.95786352301417,
              25.848769758361254
            ],
            [
              79.95560383966306,
              25.848441582596834
            ],
            [
              79.9541171916482,
              25.848013682193944
            ],
            [
              79.95287485305133,
              25.847423078125562
            ],
            [
              79.95117835499285,
              25.84646272175787
            ],
            [
              79.95023041138255,
              25.845872003228433
            ],
            [
              79.94932730089143,
              25.84531726795355
            ],
            [
              79.9478102943116,
              25.844176226995803
            ],
            [
              79.94429733357835,
              25.841248852736413
            ],
            [
              79.94203716244202,
              25.839674767035657
            ],
            [
              79.94186245000074,
              25.839525923050303
            ],
            [
              79.94186415859642,
              25.839524855021523
            ],
            [
              79.9414531182685,
              25.83916809568058
            ],
            [
              79.9400023130335,
              25.83790231737539
            ],
            [
              79.93855720132076,
              25.83663122729779
            ],
            [
              79.93785092158988,
              25.83600623161472
            ],
            [
              79.93785072575716,
              25.83600741367715
            ],
            [
              79.93647864887365,
              25.83478948529461
            ],
            [
              79.93295602675951,
              25.83150078512764
            ],
            [
              79.93148410303053,
              25.829908191858504
            ],
            [
              79.93024596315925,
              25.82697952018038
            ],
            [
              79.92913781310287,
              25.824587952766652
            ],
            [
              79.92729061996056,
              25.81987681777641
            ],
            [
              79.92611306876024,
              25.817104446067354
            ],
            [
              79.92486978783062,
              25.814177357251456
            ],
            [
              79.9260661928721,
              25.813603780032732
            ],
            [
              79.92677240882261,
              25.81321417000924
            ],
            [
              79.92773618883305,
              25.812682519993317
            ],
            [
              79.92884305699354,
              25.812393192882812
            ],
            [
              79.92999475737489,
              25.812085935653688
            ],
            [
              79.93374362737984,
              25.810531847002697
            ],
            [
              79.93962765177963,
              25.807541196288874
            ],
            [
              79.94213287883386,
              25.806267695340264
            ],
            [
              79.94488433320917,
              25.804795033332894
            ],
            [
              79.94488391279762,
              25.804118103646886
            ],
            [
              79.94508804596279,
              25.803585429377414
            ],
            [
              79.94562623293771,
              25.803178925621623
            ],
            [
              79.94909537744465,
              25.80150732062063
            ],
            [
              79.95200638159757,
              25.800440628735572
            ],
            [
              79.95548073902808,
              25.799396217069994
            ],
            [
              79.95880038500714,
              25.798211827607787
            ],
            [
              79.95938854076971,
              25.798044520353766
            ],
            [
              79.95911403268687,
              25.797638493378855
            ],
            [
              79.95728687736529,
              25.79409213676137
            ],
            [
              79.95708197973381,
              25.7934604169329
            ],
            [
              79.95762516403666,
              25.793071906183673
            ],
            [
              79.95749008616404,
              25.79245823867072
            ],
            [
              79.95694543581062,
              25.790558404303656
            ],
            [
              79.95692002965778,
              25.7899446736334
            ],
            [
              79.95725865409568,
              25.789411832137592
            ],
            [
              79.95759757407933,
              25.789208576351417
            ],
            [
              79.95991476937158,
              25.78786230573682
            ],
            [
              79.96135962236951,
              25.786778208963472
            ],
            [
              79.96244567027665,
              25.785753084089627
            ],
            [
              79.96284901204258,
              25.785179665346057
            ],
            [
              79.96312284099908,
              25.78471009687996
            ],
            [
              79.96364098476337,
              25.78426294297816
            ],
            [
              79.96334649635199,
              25.78377124961198
            ],
            [
              79.96316681083728,
              25.783423767652735
            ],
            [
              79.96388946685579,
              25.783197675687397
            ],
            [
              79.96454238576048,
              25.783034779132308
            ],
            [
              79.96513037892802,
              25.782808743047607
            ],
            [
              79.96633635282393,
              25.782302567743486
            ],
            [
              79.96953550507895,
              25.781381379057866
            ],
            [
              79.96954105936234,
              25.78137977986824
            ],
            [
              79.97471890464256,
              25.77956196862724
            ],
            [
              79.97645815532204,
              25.779028194723928
            ],
            [
              79.97824196423623,
              25.778128839230178
            ],
            [
              79.97945761837761,
              25.777491533684923
            ],
            [
              79.97995583301731,
              25.777206908705917
            ],
            [
              79.98051931924562,
              25.777391465743364
            ],
            [
              79.9809929766404,
              25.777531107840794
            ],
            [
              79.98232459070856,
              25.778207099719715
            ],
            [
              79.98359146499082,
              25.77902302495977
            ],
            [
              79.98412534993385,
              25.77955518996522
            ],
            [
              79.985117330756,
              25.779595036844103
            ],
            [
              79.98577518230991,
              25.779450175660198
            ],
            [
              79.98635833265976,
              25.77932784975654
            ],
            [
              79.98683680232955,
              25.779264308961928
            ],
            [
              79.9878737923407,
              25.77943047464848
            ],
            [
              79.98848183590538,
              25.7793442116007
            ],
            [
              79.98913470719938,
              25.779140631982898
            ],
            [
              79.98981247440315,
              25.77895508674729
            ],
            [
              79.99119299724694,
              25.778647017240527
            ],
            [
              79.99195989169992,
              25.77854719375745
            ],
            [
              79.99258854621048,
              25.778465361314804
            ],
            [
              79.99351539468297,
              25.778175835814285
            ],
            [
              79.99468654898013,
              25.77790857919888
            ],
            [
              79.99518483189182,
              25.777641849399007
            ],
            [
              79.99586228378693,
              25.777212533165358
            ],
            [
              79.99647031387687,
              25.777090169361696
            ],
            [
              79.99705852174178,
              25.777089721216488
            ],
            [
              79.9978960183862,
              25.777152117736662
            ],
            [
              79.99842768898206,
              25.7771866548254
            ],
            [
              79.99845983699112,
              25.777188742662666
            ],
            [
              79.99845983699112,
              25.777194436690607
            ],
            [
              79.9984829739996,
              25.7771959396745
            ],
            [
              79.99894160976619,
              25.777236983746413
            ],
            [
              80.00011295001464,
              25.77729210633573
            ],
            [
              80.00088520740988,
              25.777653903963277
            ],
            [
              80.00145787531865,
              25.7782501471329
            ],
            [
              80.00171641944057,
              25.77884611631965
            ],
            [
              80.001985025592,
              25.77940141372907
            ],
            [
              80.00248788901334,
              25.779997653778334
            ],
            [
              80.00308557320616,
              25.780440413617608
            ],
            [
              80.00437099230915,
              25.781168118802768
            ],
            [
              80.0051134049757,
              25.781543328239675
            ],
            [
              80.00540214776251,
              25.781918181385535
            ],
            [
              80.00545683090883,
              25.782062639962692
            ],
            [
              80.00564099272857,
              25.782297543722375
            ],
            [
              80.00599975380192,
              25.78246481091237
            ],
            [
              80.00664267625415,
              25.782672921071054
            ],
            [
              80.00723071523574,
              25.78279076471519
            ],
            [
              80.00788848055139,
              25.783048556075197
            ],
            [
              80.0082272343467,
              25.783360280011774
            ],
            [
              80.00864538124686,
              25.783942792888293
            ],
            [
              80.00900348565173,
              25.784809628026636
            ],
            [
              80.0092573791954,
              25.78507157502723
            ],
            [
              80.00961605942038,
              25.78535624180123
            ],
            [
              80.01008929011542,
              25.785758310181173
            ],
            [
              80.01034832292085,
              25.78594764078315
            ],
            [
              80.01060236199163,
              25.786133322294212
            ],
            [
              80.01090635907028,
              25.78629598083207
            ],
            [
              80.01106074712828,
              25.78637740182327
            ],
            [
              80.01109073019752,
              25.786395433805822
            ],
            [
              80.01150448074266,
              25.786418317344634
            ],
            [
              80.01204791028559,
              25.786369143331275
            ],
            [
              80.01299032835857,
              25.786099011865875
            ],
            [
              80.01379319764375,
              25.785801744727912
            ],
            [
              80.01422206863177,
              25.785635164119693
            ],
            [
              80.01450632792698,
              25.78556760177379
            ],
            [
              80.01453122383678,
              25.785522513004473
            ],
            [
              80.01455741960878,
              25.7854750663643
            ],
            [
              80.01462640393441,
              25.785080290622222
            ],
            [
              80.01457206933443,
              25.78450254599334
            ],
            [
              80.01438878876198,
              25.783220636687215
            ],
            [
              80.0141456597303,
              25.78200636206433
            ],
            [
              80.01402170569585,
              25.781365409809858
            ],
            [
              80.01395234138288,
              25.780850878064573
            ],
            [
              80.01407721439386,
              25.780580163754745
            ],
            [
              80.01432171066136,
              25.780386272073724
            ],
            [
              80.01454873020505,
              25.780212714333683
            ],
            [
              80.01477564734076,
              25.7800390649333
            ],
            [
              80.01610221557195,
              25.779345065810723
            ],
            [
              80.01773319859844,
              25.77831268864802
            ],
            [
              80.01942881540961,
              25.77744738262423
            ],
            [
              80.02005233335335,
              25.77705072691376
            ],
            [
              80.02067556742949,
              25.77682098262476
            ],
            [
              80.02128884817229,
              25.77664083174757
            ],
            [
              80.02195691716425,
              25.77654200964982
            ],
            [
              80.02267993161055,
              25.77625372278426
            ],
            [
              80.02382199306895,
              25.775685833306255
            ],
            [
              80.02560726264379,
              25.774802501885922
            ],
            [
              80.02650498503978,
              25.774184759826337
            ],
            [
              80.02740269755436,
              25.773567012123905
            ],
            [
              80.02914316724765,
              25.772534676096548
            ],
            [
              80.02972662392301,
              25.77228226735526
            ],
            [
              80.0303747988247,
              25.771980339144463
            ],
            [
              80.030778403797,
              25.77225142497436
            ],
            [
              80.03096252698921,
              25.772612543078154
            ],
            [
              80.03160044762193,
              25.77277095614975
            ],
            [
              80.03310563416929,
              25.772993045056776
            ],
            [
              80.03375857643016,
              25.773056673341202
            ],
            [
              80.03441634533908,
              25.77331435318537
            ],
            [
              80.03490959319362,
              25.773585409272478
            ],
            [
              80.03520331983366,
              25.774091142873836
            ],
            [
              80.03602493785714,
              25.77516125902108
            ],
            [
              80.03638847976438,
              25.775635413935344
            ],
            [
              80.03680689705743,
              25.77609151965672
            ],
            [
              80.03729510536323,
              25.776452833969074
            ],
            [
              80.03754813832089,
              25.77653866715054
            ],
            [
              80.03778844394756,
              25.77662018139493
            ],
            [
              80.03920916729867,
              25.776621030770997
            ],
            [
              80.04051017576508,
              25.776621714316487
            ],
            [
              80.04102352072914,
              25.776730341374645
            ],
            [
              80.04154659983762,
              25.777087215971445
            ],
            [
              80.04194012930567,
              25.777502644250625
            ],
            [
              80.04266221309739,
              25.77851855406723
            ],
            [
              80.04305568776823,
              25.77905589676099
            ],
            [
              80.04425243596616,
              25.77841570512522
            ],
            [
              80.04543931976394,
              25.777793447872305
            ],
            [
              80.04724437113964,
              25.776860176808178
            ],
            [
              80.0478925738891,
              25.776680003340495
            ],
            [
              80.0491740332183,
              25.77604885489479
            ],
            [
              80.05156737240895,
              25.77495331203398
            ],
            [
              80.0534720577295,
              25.774087746914994
            ],
            [
              80.05405538055585,
              25.773857882018028
            ],
            [
              80.05476333474641,
              25.773727345984906
            ],
            [
              80.05549104199179,
              25.77369157262324
            ],
            [
              80.05593986995214,
              25.773362281162097
            ],
            [
              80.05651307505346,
              25.77347994476039
            ],
            [
              80.0570714920886,
              25.773249984847528
            ],
            [
              80.05761003299975,
              25.772889188220805
            ],
            [
              80.05814829094159,
              25.77303391099477
            ],
            [
              80.05879125112301,
              25.773020605318063
            ],
            [
              80.05931477399926,
              25.77272301984464
            ],
            [
              80.05993813383951,
              25.772303568865915
            ],
            [
              80.06033706577573,
              25.772010351601782
            ],
            [
              80.0602176401486,
              25.771531926241078
            ],
            [
              80.06067145914867,
              25.77127034088325
            ],
            [
              80.06112024398986,
              25.770895946756866
            ],
            [
              80.0613846586022,
              25.770462735186502
            ],
            [
              80.0614546822786,
              25.77005204873701
            ],
            [
              80.06085706366275,
              25.769000195387093
            ],
            [
              80.060030284818,
              25.767903154732473
            ],
            [
              80.05887967229644,
              25.766377077764478
            ],
            [
              80.058511177977,
              25.76586239688724
            ],
            [
              80.05846657213158,
              25.76542460981422
            ],
            [
              80.05881063407192,
              25.76517650281616
            ],
            [
              80.0588956452405,
              25.764639475889805
            ],
            [
              80.0586965408443,
              25.764111390193477
            ],
            [
              80.05835293255316,
              25.763560536366615
            ],
            [
              80.0579146409328,
              25.76305038836375
            ],
            [
              80.05940519212753,
              25.76253657490092
            ],
            [
              80.06063161257761,
              25.761972885796894
            ],
            [
              80.06129968606113,
              25.761679837179187
            ],
            [
              80.06249599228795,
              25.761283242841966
            ],
            [
              80.06313916716675,
              25.760999121044268
            ],
            [
              80.06327873571749,
              25.760904474305043
            ],
            [
              80.06373706426028,
              25.76142361665169
            ],
            [
              80.06389646491759,
              25.76156810826932
            ],
            [
              80.06409575526503,
              25.761617897717443
            ],
            [
              80.06437986993151,
              25.761626983144687
            ],
            [
              80.06456928959065,
              25.761649632796285
            ],
            [
              80.06477349372273,
              25.76177616123014
            ],
            [
              80.06487321390577,
              25.761848351023325
            ],
            [
              80.0650824521967,
              25.761880100603083
            ],
            [
              80.06539154721459,
              25.761853104076067
            ],
            [
              80.06563082876188,
              25.76181711759649
            ],
            [
              80.06603462777029,
              25.76159160579769
            ],
            [
              80.06606947162355,
              25.76157355629191
            ],
            [
              80.06685216115419,
              25.761303070648594
            ],
            [
              80.06744527831212,
              25.761303276143238
            ],
            [
              80.06770438927096,
              25.761298931630645
            ],
            [
              80.06791372188499,
              25.761317061272525
            ],
            [
              80.06813802761816,
              25.761402903782727
            ],
            [
              80.06835726505652,
              25.761511293970713
            ],
            [
              80.06861640565981,
              25.761561052699427
            ],
            [
              80.06889056699293,
              25.761574642013038
            ],
            [
              80.06923944210659,
              25.76145293762809
            ],
            [
              80.06966315676486,
              25.761430575145734
            ],
            [
              80.06984252158098,
              25.76146223988877
            ],
            [
              80.06995219689404,
              25.761525405115943
            ],
            [
              80.07014646026914,
              25.76166996537739
            ],
            [
              80.07032081518096,
              25.761832476230243
            ],
            [
              80.07067463731688,
              25.76202214192511
            ],
            [
              80.07097869817595,
              25.762080986641266
            ],
            [
              80.0713275508317,
              25.76210364672362
            ],
            [
              80.07176610565845,
              25.762085780945196
            ],
            [
              80.07219472421984,
              25.762103985706588
            ],
            [
              80.07246393403913,
              25.761986728289557
            ],
            [
              80.07258365970358,
              25.76185141239382
            ],
            [
              80.07266867626205,
              25.76125116301654
            ],
            [
              80.07277837313467,
              25.761169955357644
            ],
            [
              80.07316700498784,
              25.76128295239871
            ],
            [
              80.07339622809889,
              25.761431907623283
            ],
            [
              80.07376499640446,
              25.76163066990245
            ],
            [
              80.07424843735105,
              25.761743618772208
            ],
            [
              80.07453256908553,
              25.761603805999965
            ],
            [
              80.07474685590834,
              25.761576836108187
            ],
            [
              80.074921267414,
              25.761649076182504
            ],
            [
              80.07513052726449,
              25.761888398015063
            ],
            [
              80.07533987514988,
              25.761929059046853
            ],
            [
              80.07556909736263,
              25.761897571605857
            ],
            [
              80.07574859872268,
              25.761811912294245
            ],
            [
              80.0759380345515,
              25.76169008517975
            ],
            [
              80.0762720084112,
              25.761636003039676
            ],
            [
              80.07647639040968,
              25.761527786098494
            ],
            [
              80.0767405651718,
              25.761496279943344
            ],
            [
              80.07694982771724,
              25.761564084143174
            ],
            [
              80.07705452456696,
              25.76162273815485
            ],
            [
              80.07730370375208,
              25.761658960930554
            ],
            [
              80.07765259234041,
              25.761573306300964
            ],
            [
              80.07792681386067,
              25.761519249996724
            ],
            [
              80.07823075883707,
              25.761550934941926
            ],
            [
              80.07844018218093,
              25.761546506299055
            ],
            [
              80.07859461784963,
              25.761519469244536
            ],
            [
              80.07884388506963,
              25.761370555390535
            ],
            [
              80.07899342132676,
              25.76130744994948
            ],
            [
              80.07927256741142,
              25.761330128787264
            ],
            [
              80.0795665985803,
              25.76143404832486
            ],
            [
              80.07968116971165,
              25.761519839781435
            ],
            [
              80.0797659320469,
              25.761546940749415
            ],
            [
              80.08000022704607,
              25.76150633460094
            ],
            [
              80.08010984576525,
              25.76147030109237
            ],
            [
              80.08021453003857,
              25.761343912295374
            ],
            [
              80.08037406005324,
              25.761339506297716
            ],
            [
              80.08051865018642,
              25.761330504987964
            ],
            [
              80.08071298273181,
              25.761407329194856
            ],
            [
              80.08085247133252,
              25.761524668087358
            ],
            [
              80.0808923349716,
              25.761574335389852
            ],
            [
              80.08105179491766,
              25.761619523871445
            ],
            [
              80.08124120828857,
              25.761628627097267
            ],
            [
              80.08136578575385,
              25.761628654604326
            ],
            [
              80.08138900720395,
              25.761627331028365
            ],
            [
              80.08125120923263,
              25.761375857796164
            ],
            [
              80.080882640353,
              25.760703240007896
            ],
            [
              80.08043947627054,
              25.759678610707773
            ],
            [
              80.08003608330061,
              25.758875162332696
            ],
            [
              80.07983870636474,
              25.75833333267368
            ],
            [
              80.07967759801008,
              25.7578910647857
            ],
            [
              80.07943865063608,
              25.757137309881717
            ],
            [
              80.07899570664084,
              25.755607144629376
            ],
            [
              80.07882643529526,
              25.754957146709856
            ],
            [
              80.0785077714229,
              25.754257533144404
            ],
            [
              80.07830867960314,
              25.75368879730503
            ],
            [
              80.07813966337905,
              25.752614607977957
            ],
            [
              80.07812473966723,
              25.75247015239292
            ],
            [
              80.07807746043552,
              25.752012449367122
            ],
            [
              80.07814489067569,
              25.752023317161395
            ],
            [
              80.07857842930991,
              25.752000925393915
            ],
            [
              80.07909180481668,
              25.75193791206531
            ],
            [
              80.07952045212417,
              25.75189288333724
            ],
            [
              80.07995898269644,
              25.75189302816581
            ],
            [
              80.08043737421276,
              25.751942838661673
            ],
            [
              80.08093574336273,
              25.752091922921515
            ],
            [
              80.08126458155394,
              25.752159659672607
            ],
            [
              80.08161348271871,
              25.75213721129408
            ],
            [
              80.08169822439274,
              25.752141767316026
            ],
            [
              80.08184774268355,
              25.75206964120414
            ],
            [
              80.08198232109292,
              25.751992921802508
            ],
            [
              80.08209701439515,
              25.751961392890077
            ],
            [
              80.08218672914256,
              25.7519568376703
            ],
            [
              80.08242591187516,
              25.751961497263665
            ],
            [
              80.08259531796807,
              25.75200667888514
            ],
            [
              80.08314857058862,
              25.752020372047504
            ],
            [
              80.0835273308551,
              25.75197986782402
            ],
            [
              80.0837117459998,
              25.75197986216033
            ],
            [
              80.08383133871357,
              25.751984397960886
            ],
            [
              80.08390106055606,
              25.75201601263153
            ],
            [
              80.08400567206581,
              25.752106316751735
            ],
            [
              80.0841601643284,
              25.752183158253654
            ],
            [
              80.08436944214517,
              25.752291530966293
            ],
            [
              80.0845089729667,
              25.7523321273203
            ],
            [
              80.08476309558077,
              25.752341283040202
            ],
            [
              80.08489272517123,
              25.752309650656077
            ],
            [
              80.08505219499878,
              25.752233008273546
            ],
            [
              80.0853014532356,
              25.752106719681876
            ],
            [
              80.08553569074257,
              25.752007492027943
            ],
            [
              80.08570019293235,
              25.752012002745424
            ],
            [
              80.08590950668176,
              25.75202108971675
            ],
            [
              80.08607891457129,
              25.752066268079147
            ],
            [
              80.08636796907352,
              25.752197230052598
            ],
            [
              80.08655230516645,
              25.752228873794017
            ],
            [
              80.0871998198064,
              25.752344076036287
            ],
            [
              80.08757402741105,
              25.752039581632427
            ],
            [
              80.08811741742808,
              25.751597421379817
            ],
            [
              80.08880546944354,
              25.750834872011666
            ],
            [
              80.08916114300726,
              25.750330887337206
            ],
            [
              80.09215275838052,
              25.748170109618837
            ],
            [
              80.09482181927794,
              25.746597813745993
            ],
            [
              80.09613010769144,
              25.746009129960687
            ],
            [
              80.09651640212824,
              25.745614329750826
            ],
            [
              80.09620530656218,
              25.74413160061067
            ],
            [
              80.09596399302573,
              25.742890367878413
            ],
            [
              80.09642256860523,
              25.742430099309885
            ],
            [
              80.09580242114042,
              25.741080519368147
            ],
            [
              80.0952022468176,
              25.739794138105758
            ],
            [
              80.0954865016213,
              25.739232300909443
            ],
            [
              80.09652815299049,
              25.738275617043367
            ],
            [
              80.09659800059707,
              25.738210243306774
            ],
            [
              80.09729313313358,
              25.737968913899397
            ],
            [
              80.09937134961079,
              25.73717719123887
            ],
            [
              80.10003161942946,
              25.73692906407241
            ],
            [
              80.10005667613767,
              25.736231750914886
            ],
            [
              80.10040566084575,
              25.735726359393215
            ],
            [
              80.10112823062603,
              25.73539251927466
            ],
            [
              80.10241145963636,
              25.734898478264473
            ],
            [
              80.10247133235004,
              25.734307235228712
            ],
            [
              80.10323876489389,
              25.73406592460089
            ],
            [
              80.10299229772265,
              25.733425011320055
            ],
            [
              80.10336110735074,
              25.732962386039947
            ],
            [
              80.10476393895632,
              25.7322991198829
            ],
            [
              80.10551143698568,
              25.73192687198923
            ],
            [
              80.10619410988924,
              25.731667475774746
            ],
            [
              80.10698643205465,
              25.73133135272581
            ],
            [
              80.10908678032553,
              25.730600487077684
            ],
            [
              80.10985912575566,
              25.730322977067953
            ],
            [
              80.11050444042148,
              25.73023271384901
            ],
            [
              80.11165795629803,
              25.730090741336245
            ],
            [
              80.11253991505745,
              25.730287115371418
            ],
            [
              80.11343178582774,
              25.730774616640804
            ],
            [
              80.11379795890046,
              25.731284672625353
            ],
            [
              80.11444324482018,
              25.731273436349205
            ],
            [
              80.11593073455644,
              25.73062132508536
            ],
            [
              80.11795381603477,
              25.729892605244036
            ],
            [
              80.12026831817779,
              25.72926080511245
            ],
            [
              80.12242586757266,
              25.72886594279078
            ],
            [
              80.1229041944103,
              25.72934432800334
            ],
            [
              80.12367159102156,
              25.729242872891486
            ],
            [
              80.12439164911228,
              25.729037472334333
            ],
            [
              80.12511159940516,
              25.728827652080042
            ],
            [
              80.12547038113972,
              25.72932185993875
            ],
            [
              80.12575691137602,
              25.729996570086314
            ],
            [
              80.12740623440735,
              25.730849605827267
            ],
            [
              80.12855472600653,
              25.73128279681065
            ],
            [
              80.12884873292089,
              25.731896672179545
            ],
            [
              80.13024153124306,
              25.733697377147493
            ],
            [
              80.13142513439342,
              25.735444047358396
            ],
            [
              80.13229475569075,
              25.736612928630404
            ],
            [
              80.1339767001433,
              25.739101904829944
            ],
            [
              80.13542206158768,
              25.74146684322222
            ],
            [
              80.13695465483602,
              25.743933181254988
            ],
            [
              80.13878388167267,
              25.746961541653153
            ],
            [
              80.13974590637503,
              25.748877270089146
            ],
            [
              80.13954124859374,
              25.750064173241526
            ],
            [
              80.13952465311719,
              25.75021904903795
            ],
            [
              80.13975907118552,
              25.750327325640495
            ],
            [
              80.14109436295647,
              25.752084255920487
            ],
            [
              80.14161782564554,
              25.75290115202909
            ],
            [
              80.14220100114821,
              25.753591655179775
            ],
            [
              80.14255995715598,
              25.75411967682002
            ],
            [
              80.14334255685509,
              25.755134988223638
            ],
            [
              80.14366149022199,
              25.755301978159366
            ],
            [
              80.14371138983938,
              25.755311042224857
            ],
            [
              80.14376118794716,
              25.75532001324605
            ],
            [
              80.14436422969234,
              25.755044607925797
            ],
            [
              80.1453857731722,
              25.75457512167425
            ],
            [
              80.14685094336687,
              25.75402883780821
            ],
            [
              80.14855536905773,
              25.753644904388636
            ],
            [
              80.14991589540331,
              25.75330167578662
            ],
            [
              80.15114182537323,
              25.752994543775156
            ],
            [
              80.15256706904682,
              25.752574581322257
            ],
            [
              80.15344914458723,
              25.75242998895161
            ],
            [
              80.15484958936908,
              25.75226721198381
            ],
            [
              80.15625492996925,
              25.752122453374152
            ],
            [
              80.15912046769067,
              25.75183302381735
            ],
            [
              80.16112385540302,
              25.751611419620048
            ],
            [
              80.16322695970518,
              25.751430358270852
            ],
            [
              80.1641290083876,
              25.751267557278236
            ],
            [
              80.16457251742315,
              25.7511907176113
            ],
            [
              80.16493122459757,
              25.751064278227226
            ],
            [
              80.16509070700155,
              25.750955900349307
            ],
            [
              80.16533488796038,
              25.75073922197097
            ],
            [
              80.16554270601485,
              25.750374160892132
            ],
            [
              80.16556439673569,
              25.75033319167888
            ],
            [
              80.16769164685437,
              25.749368349069755
            ],
            [
              80.16779574273119,
              25.74933226009468
            ],
            [
              80.16830454671145,
              25.749156054826617
            ],
            [
              80.17331993706246,
              25.747529715803726
            ],
            [
              80.1741695079626,
              25.747285665610782
            ],
            [
              80.17549006736289,
              25.747163369672194
            ],
            [
              80.17653172502025,
              25.747408980116436
            ],
            [
              80.17857234879945,
              25.747004275126532
            ],
            [
              80.1824143291836,
              25.746294256156627
            ],
            [
              80.18397142218471,
              25.74597773620445
            ],
            [
              80.18529435493394,
              25.745476158348907
            ],
            [
              80.18598194611367,
              25.74530667538527
            ],
            [
              80.18638590771712,
              25.74579396697853
            ],
            [
              80.18674995807088,
              25.746430186111457
            ],
            [
              80.18706173276327,
              25.747028005329852
            ],
            [
              80.18711668899739,
              25.747298833383244
            ],
            [
              80.18763808556135,
              25.74832086378774
            ],
            [
              80.1882707950671,
              25.74806328666443
            ],
            [
              80.18946885300868,
              25.747074420325063
            ],
            [
              80.18994200105872,
              25.746586715661252
            ],
            [
              80.19007645819552,
              25.746476133660238
            ],
            [
              80.19130206117867,
              25.745717347902858
            ],
            [
              80.19375552371298,
              25.744177108870396
            ],
            [
              80.19425371230156,
              25.743872286054515
            ],
            [
              80.19325580709013,
              25.741857556357633
            ],
            [
              80.19225815430524,
              25.7399894878737
            ],
            [
              80.19364294414663,
              25.739070377351513
            ],
            [
              80.19480111419468,
              25.73832286973299
            ],
            [
              80.19587438716016,
              25.737343029035415
            ],
            [
              80.19535336160041,
              25.736844495358895
            ],
            [
              80.19444832062979,
              25.735745943039106
            ],
            [
              80.19398958874343,
              25.73518429629178
            ],
            [
              80.19362547101603,
              25.734572932713164
            ],
            [
              80.19249574522316,
              25.73273428333913
            ],
            [
              80.19188763069157,
              25.73233282922652
            ],
            [
              80.19159096117068,
              25.73211180286801
            ],
            [
              80.19174034740917,
              25.731872561042188
            ],
            [
              80.19245518179649,
              25.73143220964753
            ],
            [
              80.1925096179061,
              25.730881516638807
            ],
            [
              80.19221042411925,
              25.730466432647653
            ],
            [
              80.19298010514623,
              25.730159159875985
            ],
            [
              80.19430029893219,
              25.729657596182903
            ],
            [
              80.19481325312913,
              25.729280424621333
            ],
            [
              80.19547338370892,
              25.729022871777698
            ],
            [
              80.1960638256839,
              25.728966185152206
            ],
            [
              80.19668383570648,
              25.728451399630238
            ],
            [
              80.19700740707519,
              25.7279998353954
            ],
            [
              80.19770737344626,
              25.72769262584571
            ],
            [
              80.1990697889489,
              25.727130051666666
            ],
            [
              80.19986445302224,
              25.72697168696831
            ],
            [
              80.20044469732215,
              25.726702805823795
            ],
            [
              80.20085821969519,
              25.726616882400542
            ],
            [
              80.20112739268357,
              25.726727324262825
            ],
            [
              80.20211372130598,
              25.72636120291692
            ],
            [
              80.20399913866194,
              25.725590685322103
            ],
            [
              80.20525931420711,
              25.725030304870817
            ],
            [
              80.2060015858382,
              25.724711776298935
            ],
            [
              80.20663672169351,
              25.724478962299102
            ],
            [
              80.20741638030839,
              25.724417562658527
            ],
            [
              80.20810398406454,
              25.724405882245108
            ],
            [
              80.20892850544298,
              25.724197832630225
            ],
            [
              80.20965582820939,
              25.7240010447037
            ],
            [
              80.21034320828504,
              25.723732167363032
            ],
            [
              80.21056713313254,
              25.723321285349567
            ],
            [
              80.21047162604818,
              25.72213660533726
            ],
            [
              80.21095705137319,
              25.721621850138096
            ],
            [
              80.21211476417876,
              25.72063266102641
            ],
            [
              80.21272231726327,
              25.72020358626161
            ],
            [
              80.21333978685023,
              25.71981507532614
            ],
            [
              80.21407982257456,
              25.720010976694873
            ],
            [
              80.21495676693807,
              25.720071328929173
            ],
            [
              80.21546990798456,
              25.719985229949117
            ],
            [
              80.21620950622935,
              25.719619266706317
            ],
            [
              80.21656064060589,
              25.719422689720272
            ],
            [
              80.21719336358636,
              25.719410952163965
            ],
            [
              80.21743741339118,
              25.719264121330966
            ],
            [
              80.21768610389277,
              25.718740472181246
            ],
            [
              80.2179973108499,
              25.71848303409581
            ],
            [
              80.2186845777378,
              25.718056032360245
            ],
            [
              80.21894109705707,
              25.717956569088912
            ],
            [
              80.21905806938516,
              25.717929443610636
            ],
            [
              80.21927993529404,
              25.718057956133972
            ],
            [
              80.21945682884486,
              25.71814355877242
            ],
            [
              80.2196709899035,
              25.718044154655228
            ],
            [
              80.21959115213264,
              25.71786814661114
            ],
            [
              80.2193492978104,
              25.71757495198614
            ],
            [
              80.21922709818567,
              25.717396795278194
            ],
            [
              80.21925942495947,
              25.71729295377005
            ],
            [
              80.21948354743633,
              25.71725666000648
            ],
            [
              80.2199146507378,
              25.717378251031114
            ],
            [
              80.22031311914333,
              25.717305822983672
            ],
            [
              80.22069401560358,
              25.71699859066541
            ],
            [
              80.2211197847089,
              25.716619244729955
            ],
            [
              80.22127402723983,
              25.71641152708263
            ],
            [
              80.22137359291266,
              25.716364087630016
            ],
            [
              80.22152313096642,
              25.716431693396807
            ],
            [
              80.22161058914587,
              25.716725012240133
            ],
            [
              80.22167302834632,
              25.716882916311558
            ],
            [
              80.22204179126201,
              25.71696161939788
            ],
            [
              80.2224652427139,
              25.717004263298836
            ],
            [
              80.22295099592401,
              25.717008445945208
            ],
            [
              80.22302575282363,
              25.716947422836014
            ],
            [
              80.2230804512413,
              25.716800762160258
            ],
            [
              80.22297058368879,
              25.716532228698345
            ],
            [
              80.22291563643779,
              25.716302080032374
            ],
            [
              80.22294288683194,
              25.71614413876964
            ],
            [
              80.22303745068527,
              25.71608318077378
            ],
            [
              80.22322654964583,
              25.71582802333345
            ],
            [
              80.22377930459973,
              25.715405606727934
            ],
            [
              80.2236567348691,
              25.714843832340147
            ],
            [
              80.22323020758567,
              25.714198665895836
            ],
            [
              80.22395987764995,
              25.71387997477299
            ],
            [
              80.22459972786386,
              25.71348917616908
            ],
            [
              80.22515742984002,
              25.713057730105874
            ],
            [
              80.22559539537195,
              25.712524867332508
            ],
            [
              80.225789165572,
              25.711872551284564
            ],
            [
              80.22577361663274,
              25.71117756383326
            ],
            [
              80.22580293135542,
              25.710464384743965
            ],
            [
              80.22645026902724,
              25.710127766322614
            ],
            [
              80.22720481344173,
              25.709876748251077
            ],
            [
              80.22863667320739,
              25.709304789130837
            ],
            [
              80.23014551499962,
              25.708509374999213
            ],
            [
              80.23059115573736,
              25.708254011109112
            ],
            [
              80.23111674114547,
              25.708228848630615
            ],
            [
              80.2313735640953,
              25.708594236628848
            ],
            [
              80.2303755501877,
              25.709511109233866
            ],
            [
              80.2297556856922,
              25.71003735180051
            ],
            [
              80.22997284712393,
              25.710488563353188
            ],
            [
              80.23098504542986,
              25.711514626868123
            ],
            [
              80.2313866103282,
              25.711988198135085
            ],
            [
              80.23198186098487,
              25.711890786401
            ],
            [
              80.23268161176028,
              25.71167138611868
            ],
            [
              80.23351869967125,
              25.71179260973147
            ],
            [
              80.23420614173067,
              25.711731122605276
            ],
            [
              80.2349338121451,
              25.71194948921193
            ],
            [
              80.23509068673978,
              25.71197419037231
            ],
            [
              80.23536270020108,
              25.712414082870293
            ],
            [
              80.23609044427737,
              25.71288963430761
            ],
            [
              80.2365093906781,
              25.713302341042006
            ],
            [
              80.23617096476787,
              25.713699725197195
            ],
            [
              80.23594247288544,
              25.71444458482885
            ],
            [
              80.2362194917595,
              25.71506049683895
            ],
            [
              80.23574166438515,
              25.71555056868874
            ],
            [
              80.2358269198955,
              25.716119108263605
            ],
            [
              80.23562560115211,
              25.71662026206808
            ],
            [
              80.23554649191496,
              25.717292842891332
            ],
            [
              80.23570905913358,
              25.717976469681233
            ],
            [
              80.23639730967675,
              25.71872067531018
            ],
            [
              80.23642537035126,
              25.71939309291507
            ],
            [
              80.23591012814532,
              25.71992830916981
            ],
            [
              80.23617966225642,
              25.720390747224354
            ],
            [
              80.23677291955154,
              25.720843858617453
            ],
            [
              80.23725906263047,
              25.721159382069764
            ],
            [
              80.23774548957704,
              25.721845088397068
            ],
            [
              80.23817668540501,
              25.72205238785906
            ],
            [
              80.23864792812832,
              25.72248975935499
            ],
            [
              80.23867595466686,
              25.723137423633794
            ],
            [
              80.23850039601257,
              25.724541224605087
            ],
            [
              80.2386230897107,
              25.725238433147986
            ],
            [
              80.23879815608824,
              25.72591071517276
            ],
            [
              80.2387987768241,
              25.72656973835564
            ],
            [
              80.23908143532151,
              25.727736168226976
            ],
            [
              80.23963417230908,
              25.72746718198825
            ],
            [
              80.24015946935799,
              25.726977121201347
            ],
            [
              80.24064542019744,
              25.72717301239137
            ],
            [
              80.24154840222948,
              25.728293849996795
            ],
            [
              80.24177811582065,
              25.728844304931435
            ],
            [
              80.24148219100316,
              25.72938167981608
            ],
            [
              80.24200836840103,
              25.72989348813349
            ],
            [
              80.24271086263133,
              25.72984555879847
            ],
            [
              80.2433034021725,
              25.729404981398133
            ],
            [
              80.2438963594303,
              25.729451903393397
            ],
            [
              80.24450476501603,
              25.729927594690594
            ],
            [
              80.24432837362349,
              25.730442244342026
            ],
            [
              80.24384527673165,
              25.73068638334495
            ],
            [
              80.24370843816105,
              25.730846706315322
            ],
            [
              80.24373633534222,
              25.731358917800456
            ],
            [
              80.24435662474083,
              25.731297491770643
            ],
            [
              80.24561195297674,
              25.73086764300729
            ],
            [
              80.24612058088724,
              25.731327659363007
            ],
            [
              80.24560801835581,
              25.731939640083546
            ],
            [
              80.24614909431268,
              25.732365650024903
            ],
            [
              80.24678153073059,
              25.731963459073892
            ],
            [
              80.24740152727844,
              25.731644744338247
            ],
            [
              80.24776570070136,
              25.731998703628786
            ],
            [
              80.24806285800746,
              25.73268228068185
            ],
            [
              80.24741556165813,
              25.73312287183229
            ],
            [
              80.24679633855973,
              25.734267523665075
            ],
            [
              80.2468787086814,
              25.73441406731276
            ],
            [
              80.24749914001384,
              25.734524145876918
            ],
            [
              80.24832186835499,
              25.73501319236169
            ],
            [
              80.2501865507976,
              25.734469799701717
            ],
            [
              80.25077115102832,
              25.734853120202196
            ],
            [
              80.25101684385176,
              25.73606522131516
            ],
            [
              80.25106780168457,
              25.738527671630273
            ],
            [
              80.25162255538999,
              25.741182631942788
            ],
            [
              80.25177864306048,
              25.743315488146674
            ],
            [
              80.25185626468755,
              25.744141019127486
            ],
            [
              80.25158126792118,
              25.74436478636126
            ],
            [
              80.2511826252425,
              25.744434255860526
            ],
            [
              80.25074544304152,
              25.744228569222486
            ],
            [
              80.25011726373972,
              25.743455633973372
            ],
            [
              80.24977471186737,
              25.74311222866397
            ],
            [
              80.24910891471477,
              25.74252853470245
            ],
            [
              80.24839431029616,
              25.74249618116946
            ],
            [
              80.24830967462333,
              25.742545912261722
            ],
            [
              80.24799081761326,
              25.74257770503223
            ],
            [
              80.24794601683338,
              25.742631973057165
            ],
            [
              80.2473435149757,
              25.743092825864984
            ],
            [
              80.24732853916161,
              25.743124411344773
            ],
            [
              80.24730878610684,
              25.743259797126914
            ],
            [
              80.24740392039034,
              25.74375165426785
            ],
            [
              80.24738448623751,
              25.74426172738814
            ],
            [
              80.24720535228838,
              25.744464997041646
            ],
            [
              80.24671225265585,
              25.744763265058303
            ],
            [
              80.24662032715456,
              25.74498028527698
            ],
            [
              80.2465879518717,
              25.745056716297274
            ],
            [
              80.24656900191079,
              25.745819830315217
            ],
            [
              80.24656899562257,
              25.745821212325414
            ],
            [
              80.2465688150612,
              25.745828479206647
            ],
            [
              80.24656885907865,
              25.745851114879397
            ],
            [
              80.24662119402878,
              25.745869933029503
            ],
            [
              80.24713222223774,
              25.746053669772397
            ],
            [
              80.24743133337958,
              25.74615726526743
            ],
            [
              80.24790479404331,
              25.746156880927284
            ],
            [
              80.24812899736855,
              25.746192778292404
            ],
            [
              80.24829862804029,
              25.746328047299244
            ],
            [
              80.24822414692345,
              25.746585349033523
            ],
            [
              80.24794035924373,
              25.746892487907267
            ],
            [
              80.24786597155169,
              25.74719947710705
            ],
            [
              80.24794107070943,
              25.74757404467224
            ],
            [
              80.24839695403803,
              25.74825064407674
            ],
            [
              80.24862718775378,
              25.748669315088453
            ],
            [
              80.24877998759034,
              25.749133473185264
            ],
            [
              80.24885662376555,
              25.74946009704521
            ],
            [
              80.24927498715967,
              25.749751760680397
            ],
            [
              80.24975008455385,
              25.749905861755227
            ],
            [
              80.24997818477081,
              25.750008646398303
            ],
            [
              80.25028221688379,
              25.75012860593422
            ],
            [
              80.25041568677207,
              25.750369103155112
            ],
            [
              80.25046410327091,
              25.750550848199428
            ],
            [
              80.25036773200723,
              25.750992307618162
            ],
            [
              80.24963948667104,
              25.751596451268785
            ],
            [
              80.24900109891438,
              25.751961484318123
            ],
            [
              80.24954866789412,
              25.75259385635413
            ],
            [
              80.25027577865816,
              25.753068316632827
            ],
            [
              80.25048447975652,
              25.75329422084491
            ],
            [
              80.2507130057749,
              25.753541583231204
            ],
            [
              80.25071392205649,
              25.75354259378072
            ],
            [
              80.25135176992568,
              25.753624380298096
            ],
            [
              80.25193513856613,
              25.753336075797563
            ],
            [
              80.25265805599437,
              25.753070362012558
            ],
            [
              80.25466202401842,
              25.752548505046367
            ],
            [
              80.25664098384324,
              25.75218005132447
            ],
            [
              80.25736887344662,
              25.75191890878391
            ],
            [
              80.25812179191038,
              25.75157647215782
            ],
            [
              80.25931309721604,
              25.75131565678564
            ],
            [
              80.26018541166256,
              25.75113127604395
            ],
            [
              80.26088259684951,
              25.751763729364438
            ],
            [
              80.2611711096676,
              25.752287456361856
            ],
            [
              80.26122913903833,
              25.754183145313643
            ],
            [
              80.26160692642941,
              25.755131184757225
            ],
            [
              80.2624787863284,
              25.7555561172061
            ],
            [
              80.26389895092738,
              25.755742257282538
            ],
            [
              80.26578816815699,
              25.755400710334634
            ],
            [
              80.26712394861146,
              25.75527080126394
            ],
            [
              80.2684345277289,
              25.755479356366628
            ],
            [
              80.26904235120634,
              25.75576870664836
            ],
            [
              80.27084087721981,
              25.756510177281452
            ],
            [
              80.27102570289459,
              25.755982243131292
            ],
            [
              80.27117589043033,
              25.75521963777149
            ],
            [
              80.27041875886782,
              25.754718090848442
            ],
            [
              80.26963696136426,
              25.754031540956326
            ],
            [
              80.26934325538548,
              25.753665738355576
            ],
            [
              80.26902463642892,
              25.753241270032625
            ],
            [
              80.2691146592985,
              25.75290277506608
            ],
            [
              80.26969325608816,
              25.752348120702248
            ],
            [
              80.27048096540459,
              25.75208690490339
            ],
            [
              80.27123349220294,
              25.75200618776307
            ],
            [
              80.27184657890962,
              25.751956996253448
            ],
            [
              80.27268879260761,
              25.751957549676245
            ],
            [
              80.2733863964095,
              25.752088921172533
            ],
            [
              80.27390967224903,
              25.75213897916978
            ],
            [
              80.27640789873227,
              25.750511328967793
            ],
            [
              80.27687157135267,
              25.750299607189156
            ],
            [
              80.27742593159597,
              25.75025583438671
            ],
            [
              80.2780008470896,
              25.748449561113784
            ],
            [
              80.28121998057149,
              25.74514291525607
            ],
            [
              80.2826791796645,
              25.744229044193737
            ],
            [
              80.283465062706,
              25.74345394931147
            ],
            [
              80.28450675988923,
              25.74254081939749
            ],
            [
              80.28471137005982,
              25.740666543957474
            ],
            [
              80.28719331996842,
              25.738873936907385
            ],
            [
              80.28868199997241,
              25.73842417225055
            ],
            [
              80.29021870121657,
              25.738232224985946
            ],
            [
              80.29268585766908,
              25.738330760958622
            ],
            [
              80.29335059570795,
              25.738553017858443
            ],
            [
              80.29376883962617,
              25.738896001810016
            ],
            [
              80.29463960537713,
              25.73796600808754
            ],
            [
              80.29494231966159,
              25.737552835878656
            ],
            [
              80.29549146338803,
              25.737036045120252
            ],
            [
              80.29564225010004,
              25.736605951689196
            ],
            [
              80.29566013465903,
              25.736124489157984
            ],
            [
              80.29584919319544,
              25.735814680388746
            ],
            [
              80.29653094173253,
              25.735226597026287
            ],
            [
              80.29681472492067,
              25.734847962271154
            ],
            [
              80.2969280914112,
              25.73462433005926
            ],
            [
              80.29698362526206,
              25.73403982888767
            ],
            [
              80.29808222083709,
              25.73316109237549
            ],
            [
              80.29789096771648,
              25.732525532937274
            ],
            [
              80.29853423961335,
              25.73169928278456
            ],
            [
              80.29870264228808,
              25.730684938037815
            ],
            [
              80.29828164503353,
              25.729155969679923
            ],
            [
              80.29843237425338,
              25.728708847699227
            ],
            [
              80.2996742843539,
              25.72827683937588
            ],
            [
              80.30028025640351,
              25.727760012337317
            ],
            [
              80.30057951217412,
              25.72593759362052
            ],
            [
              80.30057595574391,
              25.72442502912326
            ],
            [
              80.30296742015058,
              25.723769653662156
            ],
            [
              80.3050537026007,
              25.72328433385172
            ],
            [
              80.30602316894692,
              25.723987191310883
            ],
            [
              80.30791989339737,
              25.723588056225957
            ],
            [
              80.3083374635791,
              25.723656059294964
            ],
            [
              80.3103541436627,
              25.725766326666186
            ],
            [
              80.31176790237538,
              25.725765714044257
            ],
            [
              80.31443111793526,
              25.7283910281801
            ],
            [
              80.31538269523091,
              25.729506646776798
            ],
            [
              80.31709009075207,
              25.729262465697975
            ],
            [
              80.32121086418294,
              25.730337244056038
            ],
            [
              80.32594604214904,
              25.730464974389964
            ],
            [
              80.32722082340243,
              25.7317519130292
            ],
            [
              80.32790960934146,
              25.7321595969568
            ],
            [
              80.32810630625272,
              25.73227601712982
            ],
            [
              80.3281271480656,
              25.732163160816572
            ],
            [
              80.32849020398434,
              25.73187991617369
            ],
            [
              80.33189854512294,
              25.730371004938377
            ],
            [
              80.33311390192196,
              25.72985989462992
            ],
            [
              80.33364539824464,
              25.729790878692487
            ],
            [
              80.3339415656073,
              25.729790950715625
            ],
            [
              80.3343203240772,
              25.729804676380304
            ],
            [
              80.33451085585064,
              25.729678492621783
            ],
            [
              80.33466584937314,
              25.729658364160652
            ],
            [
              80.33759455842197,
              25.7278964458106
            ],
            [
              80.33761454683535,
              25.727887399076042
            ],
            [
              80.33770639957314,
              25.72783393196242
            ],
            [
              80.33825769925627,
              25.727543792597835
            ],
            [
              80.33902145499566,
              25.726711773340085
            ],
            [
              80.34178617838603,
              25.724797210673525
            ],
            [
              80.34378982660981,
              25.72222745982592
            ],
            [
              80.34516121897707,
              25.721034737343885
            ],
            [
              80.34569260840023,
              25.720289968343245
            ],
            [
              80.34613963434015,
              25.71870268970306
            ],
            [
              80.34619538468498,
              25.716558652798618
            ],
            [
              80.3465743991747,
              25.715107797603462
            ],
            [
              80.34657667640396,
              25.71509574397545
            ],
            [
              80.34665124465738,
              25.71508968438237
            ],
            [
              80.3466433287031,
              25.7147429516376
            ],
            [
              80.346796907379,
              25.713930030247102
            ],
            [
              80.34684715015285,
              25.712306359333105
            ],
            [
              80.34765294165767,
              25.712100675384384
            ],
            [
              80.34781282291361,
              25.71208400723869
            ],
            [
              80.3480879265795,
              25.711989638813193
            ],
            [
              80.34919787506307,
              25.71170630403555
            ],
            [
              80.34937129303204,
              25.71008235429633
            ],
            [
              80.34948173101476,
              25.707975354655115
            ],
            [
              80.35016360172274,
              25.707242558325543
            ],
            [
              80.35029820887817,
              25.70647390398627
            ],
            [
              80.35073505960082,
              25.703696918386328
            ],
            [
              80.34989597922655,
              25.703546801313486
            ],
            [
              80.349403944996,
              25.703373520643304
            ],
            [
              80.34910016261468,
              25.703301323662227
            ],
            [
              80.34902860461577,
              25.70339161864978
            ],
            [
              80.348819574734,
              25.703354219823396
            ],
            [
              80.34823804135165,
              25.703377286103795
            ],
            [
              80.34821760557728,
              25.703378097150956
            ],
            [
              80.3471650163212,
              25.703419844217166
            ],
            [
              80.34552228692407,
              25.705344470383597
            ],
            [
              80.34338299039744,
              25.706620433316637
            ],
            [
              80.34280571413125,
              25.706964735617508
            ],
            [
              80.34172650958993,
              25.707608389665275
            ],
            [
              80.34027550582726,
              25.708157684146112
            ],
            [
              80.33915792615531,
              25.708580744049815
            ],
            [
              80.33266772309338,
              25.710850372630397
            ],
            [
              80.33073303673736,
              25.7115926406829
            ],
            [
              80.32922464140779,
              25.712171334083678
            ],
            [
              80.32698206557295,
              25.71232475868462
            ],
            [
              80.32354921030854,
              25.712307174366227
            ],
            [
              80.32309130756721,
              25.712095714761876
            ],
            [
              80.32188321364725,
              25.711537811354155
            ],
            [
              80.32135844840099,
              25.71129546465772
            ],
            [
              80.32087344528415,
              25.710675457936254
            ],
            [
              80.32016656637694,
              25.70977179779737
            ],
            [
              80.31915853715226,
              25.708483128796704
            ],
            [
              80.31886132055732,
              25.70810316161462
            ],
            [
              80.31611159633725,
              25.70651268996541
            ],
            [
              80.31258367685793,
              25.704471971324374
            ],
            [
              80.31198632324514,
              25.704126445249404
            ],
            [
              80.31077331374395,
              25.703368638171572
            ],
            [
              80.30892541003422,
              25.70221415462333
            ],
            [
              80.3088224819673,
              25.702149848946622
            ],
            [
              80.30742370266199,
              25.70054156032283
            ],
            [
              80.30541891537443,
              25.69710014825287
            ],
            [
              80.30530245778098,
              25.69542544706727
            ],
            [
              80.30528288259262,
              25.695143933863324
            ],
            [
              80.30509320062544,
              25.692416114654115
            ],
            [
              80.30519021598117,
              25.68723553204066
            ],
            [
              80.30500475070593,
              25.683988904349494
            ],
            [
              80.3052093887243,
              25.68290046202688
            ],
            [
              80.30531751983334,
              25.682325317180414
            ],
            [
              80.305213450906,
              25.682323940099465
            ],
            [
              80.30521912197037,
              25.68151895867466
            ],
            [
              80.3054188803401,
              25.68062993632491
            ],
            [
              80.30563841601914,
              25.67994395936513
            ],
            [
              80.30606719987054,
              25.67919950564272
            ],
            [
              80.30666545090034,
              25.678238380109683
            ],
            [
              80.30785644718549,
              25.67711964725733
            ],
            [
              80.31013376895719,
              25.674958827698763
            ],
            [
              80.31157888066993,
              25.6734700063404
            ],
            [
              80.3129392534036,
              25.67213915165913
            ],
            [
              80.31410031063696,
              25.670907518404263
            ],
            [
              80.31440189304412,
              25.67096669563208
            ],
            [
              80.31523860006943,
              25.669839993089628
            ],
            [
              80.31827233295476,
              25.66376102915697
            ],
            [
              80.31886622715544,
              25.660710985200232
            ],
            [
              80.31923902260844,
              25.65852820139086
            ],
            [
              80.3192854574238,
              25.658256312975762
            ],
            [
              80.31990373100292,
              25.654636028184655
            ],
            [
              80.31968004331065,
              25.652678276149256
            ],
            [
              80.3183682766204,
              25.647401328895736
            ],
            [
              80.31650079682402,
              25.64400926235719
            ],
            [
              80.31278723420301,
              25.640249117118792
            ],
            [
              80.30920111826627,
              25.638223697601788
            ],
            [
              80.30756577212247,
              25.637154604216956
            ],
            [
              80.30516119500761,
              25.634984575332076
            ],
            [
              80.30187555385534,
              25.632760083639678
            ],
            [
              80.300955333153,
              25.632553351235455
            ],
            [
              80.30092439876789,
              25.632546401403722
            ],
            [
              80.2996133660012,
              25.632251858076046
            ],
            [
              80.29946178787343,
              25.632217802919843
            ],
            [
              80.29903113911948,
              25.632121049226424
            ],
            [
              80.29845150657229,
              25.63217518293647
            ],
            [
              80.29577882995585,
              25.632424769969024
            ],
            [
              80.29443540394003,
              25.632427316326503
            ],
            [
              80.29316828531601,
              25.63242970718121
            ],
            [
              80.29295684255936,
              25.63240799024932
            ],
            [
              80.2910355500842,
              25.632210647351016
            ],
            [
              80.28851198841501,
              25.631439971047886
            ],
            [
              80.28664011855184,
              25.630868285834964
            ],
            [
              80.28627591189125,
              25.630757049653276
            ],
            [
              80.28345837564702,
              25.629869861627622
            ],
            [
              80.28311586330054,
              25.629701258905232
            ],
            [
              80.28170859940738,
              25.629008511176295
            ],
            [
              80.27999674734407,
              25.628165795261122
            ],
            [
              80.27872440860993,
              25.626899370300702
            ],
            [
              80.27871941128201,
              25.626894397222188
            ],
            [
              80.27865444601898,
              25.62682973422353
            ],
            [
              80.27777649194908,
              25.62536878465094
            ],
            [
              80.27803247856738,
              25.623028739604752
            ],
            [
              80.27807049886349,
              25.62268128460887
            ],
            [
              80.27875078404497,
              25.621614350812166
            ],
            [
              80.27925839955415,
              25.621192842776615
            ],
            [
              80.28013207943994,
              25.62046735608012
            ],
            [
              80.2808814639314,
              25.62015508461124
            ],
            [
              80.28186242871324,
              25.619812643231164
            ],
            [
              80.28280862869357,
              25.619357436945535
            ],
            [
              80.28380473278288,
              25.61879833237376
            ],
            [
              80.28471094336007,
              25.61805769533708
            ],
            [
              80.28492342367086,
              25.61795906067451
            ],
            [
              80.28718186195698,
              25.616116725662756
            ],
            [
              80.28818542296148,
              25.615337053868323
            ],
            [
              80.29116920682206,
              25.613237749334953
            ],
            [
              80.29206544969281,
              25.612169388965526
            ],
            [
              80.29284025291359,
              25.6114289303685
            ],
            [
              80.29330439086134,
              25.610692476968964
            ],
            [
              80.29341910302816,
              25.610555731895538
            ],
            [
              80.29345236943978,
              25.6103164566003
            ],
            [
              80.2935979486181,
              25.609854173882752
            ],
            [
              80.29382762717498,
              25.608793627181008
            ],
            [
              80.29363897288047,
              25.60809395764233
            ],
            [
              80.2929924266244,
              25.607276624713876
            ],
            [
              80.29152262022451,
              25.606070001890725
            ],
            [
              80.291398968024,
              25.6059172020304
            ],
            [
              80.29105401944645,
              25.605678955987752
            ],
            [
              80.29049689688362,
              25.605169502150773
            ],
            [
              80.2890575029477,
              25.603853235670172
            ],
            [
              80.28829155711564,
              25.603035826763428
            ],
            [
              80.28786886114692,
              25.602448850853794
            ],
            [
              80.28590938757723,
              25.60024066237612
            ],
            [
              80.28460743857471,
              25.598638916179144
            ],
            [
              80.28317888101604,
              25.596523740781347
            ],
            [
              80.28310500356704,
              25.59641435461717
            ],
            [
              80.28221870684314,
              25.595101946171134
            ],
            [
              80.28122214461303,
              25.590151808652344
            ],
            [
              80.27961433093436,
              25.584840736710444
            ],
            [
              80.27937012392435,
              25.584034009688427
            ],
            [
              80.27865009996962,
              25.58413846067368
            ],
            [
              80.2765859223637,
              25.584097583381403
            ],
            [
              80.27546575734036,
              25.5840753877294
            ],
            [
              80.27413235292985,
              25.584279395708638
            ],
            [
              80.27410150029141,
              25.58428411614588
            ],
            [
              80.273818776217,
              25.584083426908485
            ],
            [
              80.27356999229063,
              25.583906828171177
            ],
            [
              80.27103175125139,
              25.584667807019063
            ],
            [
              80.27061802406244,
              25.584888759997824
            ],
            [
              80.2702475247033,
              25.585086624229845
            ],
            [
              80.26993363088515,
              25.5852542592745
            ],
            [
              80.26901035501254,
              25.58498583631919
            ],
            [
              80.26875774875465,
              25.584912396091696
            ],
            [
              80.26872771088817,
              25.585033820657248
            ],
            [
              80.26844512156104,
              25.586176148164963
            ],
            [
              80.26830666692123,
              25.586735821749294
            ],
            [
              80.26797550927998,
              25.58679455294619
            ],
            [
              80.26713192385452,
              25.586944162291985
            ],
            [
              80.26704000014982,
              25.586798864123438
            ],
            [
              80.26698308379174,
              25.586708899763476
            ],
            [
              80.26667551141823,
              25.586222732770164
            ],
            [
              80.26445981856659,
              25.587154953378143
            ],
            [
              80.26245175242825,
              25.587708567661252
            ],
            [
              80.26223557644838,
              25.58853439567241
            ],
            [
              80.26213718577195,
              25.58868853513831
            ],
            [
              80.26178850379607,
              25.589234780012436
            ],
            [
              80.26176319555958,
              25.58927442728266
            ],
            [
              80.2613093702713,
              25.58985973240474
            ],
            [
              80.26099337170047,
              25.5900581336794
            ],
            [
              80.26031489123433,
              25.59048412006781
            ],
            [
              80.26021126787138,
              25.590549178660115
            ],
            [
              80.2592070250456,
              25.59073996622145
            ],
            [
              80.25880386294273,
              25.59047220210764
            ],
            [
              80.25856157383585,
              25.590311283603018
            ],
            [
              80.25795435492459,
              25.590020020372837
            ],
            [
              80.25778433258739,
              25.589989476731905
            ],
            [
              80.25700621458323,
              25.58984968594136
            ],
            [
              80.25620872171504,
              25.59014992008397
            ],
            [
              80.25613488019867,
              25.59017771873832
            ],
            [
              80.25577078403087,
              25.59065540638325
            ],
            [
              80.25484917183819,
              25.591864525366997
            ],
            [
              80.254774193953,
              25.591759073255098
            ],
            [
              80.25374079001645,
              25.59030563734996
            ],
            [
              80.25356849943317,
              25.590063314080716
            ],
            [
              80.25351842913585,
              25.589992890094965
            ],
            [
              80.25333350284977,
              25.58984649132788
            ],
            [
              80.2533001843359,
              25.589820113685434
            ],
            [
              80.25244075712043,
              25.589139732646956
            ],
            [
              80.25235725961308,
              25.58907362974552
            ],
            [
              80.25235073694579,
              25.589068466315652
            ],
            [
              80.25173448457606,
              25.58920930237069
            ],
            [
              80.25166861470952,
              25.589224355131833
            ],
            [
              80.24954036656257,
              25.58657957967544
            ],
            [
              80.24955103764987,
              25.586570406354785
            ],
            [
              80.25056362312971,
              25.5856998240733
            ],
            [
              80.2508842974316,
              25.58542411816202
            ],
            [
              80.25090290333775,
              25.585408120196057
            ],
            [
              80.24932510776263,
              25.58312364784547
            ],
            [
              80.24840606924322,
              25.581601822862122
            ],
            [
              80.24832876472145,
              25.58145295794419
            ],
            [
              80.24795819709033,
              25.58077486936172
            ],
            [
              80.24788498529298,
              25.58064089763466
            ],
            [
              80.24722430404594,
              25.579321291931997
            ],
            [
              80.2471327603286,
              25.579070189002763
            ],
            [
              80.24707710610349,
              25.57891753534206
            ],
            [
              80.24692556390829,
              25.578639324642637
            ],
            [
              80.24655859582654,
              25.5779656183155
            ],
            [
              80.2462018460811,
              25.57712635739602
            ],
            [
              80.24594509319986,
              25.576575989603704
            ],
            [
              80.24570372756115,
              25.57644668935749
            ],
            [
              80.2456338790562,
              25.576409271806096
            ],
            [
              80.2445567424367,
              25.57668998823665
            ],
            [
              80.24376075514488,
              25.576965933045514
            ],
            [
              80.243551781857,
              25.577038107621554
            ],
            [
              80.24304689632795,
              25.577212481729827
            ],
            [
              80.24298388669729,
              25.577194175786616
            ],
            [
              80.24286999020073,
              25.577161086198984
            ],
            [
              80.24277562667173,
              25.577133671026694
            ],
            [
              80.24272188136659,
              25.577082408348794
            ],
            [
              80.24271952867886,
              25.577080163858966
            ],
            [
              80.24254396643131,
              25.57691271102355
            ],
            [
              80.242319700224,
              25.57657891474538
            ],
            [
              80.24185884472031,
              25.575990298635176
            ],
            [
              80.24181140379183,
              25.575845778824746
            ],
            [
              80.24176403742355,
              25.575701487342908
            ],
            [
              80.24205159084093,
              25.575453075916997
            ],
            [
              80.24206733022301,
              25.575439479146656
            ],
            [
              80.24246260332107,
              25.575098369057546
            ],
            [
              80.24249710311958,
              25.574723770687807
            ],
            [
              80.24235683478122,
              25.57378956118493
            ],
            [
              80.24234769442319,
              25.573683981322855
            ],
            [
              80.24231658666324,
              25.57332470960453
            ],
            [
              80.2422308397744,
              25.573111843260623
            ],
            [
              80.24195489618376,
              25.572426824599003
            ],
            [
              80.2417454800264,
              25.571998217378017
            ],
            [
              80.24172328624898,
              25.571817725046333
            ],
            [
              80.24171422584102,
              25.571744027160435
            ],
            [
              80.24162007521272,
              25.57097830596213
            ],
            [
              80.24149438473482,
              25.569590566884383
            ],
            [
              80.2414740540633,
              25.569193414149773
            ],
            [
              80.24138838622625,
              25.568044787007643
            ],
            [
              80.24136791092597,
              25.567516773110842
            ],
            [
              80.241284958696,
              25.56662314430354
            ],
            [
              80.24119781402861,
              25.566573585356565
            ],
            [
              80.24078238004061,
              25.566648400663713
            ],
            [
              80.23987349967042,
              25.566728253092165
            ],
            [
              80.2389688009579,
              25.56680773270423
            ],
            [
              80.23743640893218,
              25.5670481476751
            ],
            [
              80.23705820382453,
              25.567066485962958
            ],
            [
              80.23688954063837,
              25.566902539300575
            ],
            [
              80.23678682098056,
              25.56680269229812
            ],
            [
              80.23642524458712,
              25.565936355161256
            ],
            [
              80.23602339043128,
              25.564974023005966
            ],
            [
              80.23588167221206,
              25.56463464160506
            ],
            [
              80.23580010877752,
              25.564476866636706
            ],
            [
              80.23564494188018,
              25.564176709102473
            ],
            [
              80.23532206311258,
              25.56337587609306
            ],
            [
              80.23524836712329,
              25.563193088738366
            ],
            [
              80.23522790978933,
              25.563158905321345
            ],
            [
              80.23447351180023,
              25.561898342258065
            ],
            [
              80.23414986497303,
              25.56134877969682
            ],
            [
              80.23397269923271,
              25.561047944128603
            ],
            [
              80.23387141867603,
              25.560807388261257
            ],
            [
              80.23381313059049,
              25.560668942685822
            ],
            [
              80.23371768459155,
              25.56045907906079
            ],
            [
              80.23340680282455,
              25.559775515633767
            ],
            [
              80.23282607702767,
              25.558654396684098
            ],
            [
              80.23267079424762,
              25.55854383890376
            ],
            [
              80.23256601205796,
              25.558469234103892
            ],
            [
              80.23253483692432,
              25.558447037752813
            ],
            [
              80.23228599909908,
              25.55846075315165
            ],
            [
              80.23214993667287,
              25.558693438981532
            ],
            [
              80.23203517599701,
              25.55888969408365
            ],
            [
              80.23197989187777,
              25.5589010714043
            ],
            [
              80.23182615958996,
              25.55893270568257
            ],
            [
              80.23139847707307,
              25.558815740257362
            ],
            [
              80.23120902507458,
              25.558763928384504
            ],
            [
              80.23100925233184,
              25.55870011027285
            ],
            [
              80.23040526286402,
              25.558507168630076
            ],
            [
              80.22975519970362,
              25.558393423365125
            ],
            [
              80.22913377213953,
              25.558284684719688
            ],
            [
              80.22855464444552,
              25.558183474712624
            ],
            [
              80.2282977514271,
              25.55813857782337
            ],
            [
              80.22670052439405,
              25.55809913175915
            ],
            [
              80.22642827108258,
              25.558109967798696
            ],
            [
              80.225958418053,
              25.558128664036882
            ],
            [
              80.22595166002714,
              25.55812893309412
            ],
            [
              80.22510833690976,
              25.558154358190414
            ],
            [
              80.22448634340701,
              25.558100592934835
            ],
            [
              80.22431296765888,
              25.55809351802415
            ],
            [
              80.22396471058616,
              25.55807930579965
            ],
            [
              80.2239439424351,
              25.55807845891732
            ],
            [
              80.22355839629493,
              25.558177942022862
            ],
            [
              80.22302618311667,
              25.558354383401173
            ],
            [
              80.22190935084303,
              25.558677797265542
            ],
            [
              80.2213497920492,
              25.55882482331812
            ],
            [
              80.22100630592897,
              25.558667117686454
            ],
            [
              80.22058548564254,
              25.5582566322937
            ],
            [
              80.22018253464375,
              25.558324658301032
            ],
            [
              80.21961796235232,
              25.558566472048152
            ],
            [
              80.21933276880917,
              25.558789075375785
            ],
            [
              80.21924754923143,
              25.558855589669044
            ],
            [
              80.21902856242302,
              25.559156680347833
            ],
            [
              80.21897659668046,
              25.55922812737809
            ],
            [
              80.21872198717949,
              25.559434581356413
            ],
            [
              80.21860619972925,
              25.559528469117808
            ],
            [
              80.21800681772055,
              25.559768026706404
            ],
            [
              80.21755909199305,
              25.55993982214457
            ],
            [
              80.21746449400375,
              25.559854184595242
            ],
            [
              80.21742746365109,
              25.559807614851902
            ],
            [
              80.21725281768514,
              25.559587973010405
            ],
            [
              80.21697628659629,
              25.55912776504297
            ],
            [
              80.21639084823741,
              25.558072022611373
            ],
            [
              80.21614909093321,
              25.55747188621291
            ],
            [
              80.21579538288336,
              25.556901166740055
            ],
            [
              80.21548912025355,
              25.556549314354996
            ],
            [
              80.21516474938423,
              25.55618145501334
            ],
            [
              80.21484673140061,
              25.555820797635413
            ],
            [
              80.21436744156898,
              25.555113684907013
            ],
            [
              80.21427639192503,
              25.554979354623054
            ],
            [
              80.21360370289756,
              25.55365279375189
            ],
            [
              80.21340685866261,
              25.553206090153974
            ],
            [
              80.21291208007887,
              25.55218189837804
            ],
            [
              80.21288371757038,
              25.552123189915147
            ],
            [
              80.2128004644048,
              25.551818181647754
            ],
            [
              80.21268662540042,
              25.551401139683303
            ],
            [
              80.21260401902182,
              25.550710681837437
            ],
            [
              80.21380017882325,
              25.550170594193183
            ],
            [
              80.21411851391215,
              25.54998757434941
            ],
            [
              80.21410351384354,
              25.549874770056714
            ],
            [
              80.21402367068276,
              25.54950695587414
            ],
            [
              80.21335315288333,
              25.547760742181012
            ],
            [
              80.21300166457057,
              25.54679282159596
            ],
            [
              80.21222417628542,
              25.544875023902875
            ],
            [
              80.21171038485866,
              25.542977474637375
            ],
            [
              80.21163113817924,
              25.542758734044252
            ],
            [
              80.21155845459128,
              25.542558113008877
            ],
            [
              80.21140630513497,
              25.542138137969758
            ],
            [
              80.21093304030396,
              25.541244731629682
            ],
            [
              80.21071593366946,
              25.54024063778791
            ],
            [
              80.21076251041863,
              25.53926342604723
            ],
            [
              80.21018167143401,
              25.53746295468565
            ],
            [
              80.20849621187378,
              25.53165964222814
            ],
            [
              80.2081619694178,
              25.530393782943484
            ],
            [
              80.20802042816668,
              25.52941874364702
            ],
            [
              80.20801456576116,
              25.52937835836503
            ],
            [
              80.20869601785422,
              25.529285417286655
            ],
            [
              80.20954907062442,
              25.529183408663545
            ],
            [
              80.21012106030516,
              25.529079290747106
            ],
            [
              80.2104100393489,
              25.529073685380393
            ],
            [
              80.21062590271505,
              25.529069499391273
            ],
            [
              80.21072291896913,
              25.52906761715521
            ],
            [
              80.21087737979065,
              25.529428617656315
            ],
            [
              80.21112132359424,
              25.529678972683705
            ],
            [
              80.21204898144882,
              25.529547492363804
            ],
            [
              80.21220893277336,
              25.529537749682564
            ],
            [
              80.21373248178342,
              25.529444945720307
            ],
            [
              80.21414317715829,
              25.529419926323325
            ],
            [
              80.21470277907126,
              25.52936992074865
            ],
            [
              80.21486449468705,
              25.52934046082543
            ],
            [
              80.21563533543909,
              25.52920003587564
            ],
            [
              80.21617984296033,
              25.528922183932405
            ],
            [
              80.21631882760614,
              25.52886242001254
            ],
            [
              80.21664232531299,
              25.528723311747985
            ],
            [
              80.21723666687464,
              25.52852655574577
            ],
            [
              80.21837561567055,
              25.52835434240376
            ],
            [
              80.2191689735935,
              25.528227515997152
            ],
            [
              80.21929095133436,
              25.528213856314107
            ],
            [
              80.21981808992962,
              25.52815481835337
            ],
            [
              80.22085506556773,
              25.527964600668756
            ],
            [
              80.22100016055408,
              25.52792318460229
            ],
            [
              80.22156210617165,
              25.52776278191939
            ],
            [
              80.22175033286807,
              25.527709053291428
            ],
            [
              80.22240670489674,
              25.527494152319534
            ],
            [
              80.22380158820866,
              25.52688623729686
            ],
            [
              80.224408271724,
              25.52662400400846
            ],
            [
              80.22440820614699,
              25.526618066170197
            ],
            [
              80.22440780998993,
              25.526581656069197
            ],
            [
              80.22440549233652,
              25.526368997707085
            ],
            [
              80.22418126296012,
              25.525861415372976
            ],
            [
              80.22388700541578,
              25.524920571672308
            ],
            [
              80.22370258757614,
              25.524442197909075
            ],
            [
              80.22334880766108,
              25.5236796983589
            ],
            [
              80.22298276214907,
              25.523151887854187
            ],
            [
              80.22227050862156,
              25.522010463970982
            ],
            [
              80.22195173335817,
              25.52142386831646
            ],
            [
              80.22149586709754,
              25.520501194178326
            ],
            [
              80.22089798707198,
              25.519267203204127
            ],
            [
              80.2205044333494,
              25.518477602123685
            ],
            [
              80.22024281788751,
              25.517974483278607
            ],
            [
              80.22026498830874,
              25.517714930101477
            ],
            [
              80.22078460441176,
              25.51744611424889
            ],
            [
              80.22107296810957,
              25.51728566675472
            ],
            [
              80.22095831882478,
              25.517023915114894
            ],
            [
              80.2205499716461,
              25.516356273374278
            ],
            [
              80.22018862881463,
              25.515795692187673
            ],
            [
              80.22018643063714,
              25.51579228238549
            ],
            [
              80.21912876410309,
              25.513489063733946
            ],
            [
              80.2191276376157,
              25.5134866113208
            ],
            [
              80.21906530261984,
              25.513508233090615
            ],
            [
              80.2190414846884,
              25.51351645698286
            ],
            [
              80.21674331481556,
              25.514311768097752
            ],
            [
              80.21575879899339,
              25.514637354278193
            ],
            [
              80.21431175320788,
              25.515229534797882
            ],
            [
              80.21317811076035,
              25.515719950130183
            ],
            [
              80.211644090089,
              25.51641364062191
            ],
            [
              80.21045059199578,
              25.516721255329532
            ],
            [
              80.20948560015802,
              25.516726328647813
            ],
            [
              80.2090255477482,
              25.516654336635998
            ],
            [
              80.20880401601259,
              25.516446926146322
            ],
            [
              80.20864719801179,
              25.516182921372252
            ],
            [
              80.20812247857958,
              25.51625770732658
            ],
            [
              80.20764998540139,
              25.516330212746777
            ],
            [
              80.20697863576201,
              25.516481757656653
            ],
            [
              80.20614817472288,
              25.516768794372684
            ],
            [
              80.20519592908069,
              25.517198078213784
            ],
            [
              80.2046539125877,
              25.517496320979284
            ],
            [
              80.204492576061,
              25.51801769195957
            ],
            [
              80.20444065164094,
              25.51846455988073
            ],
            [
              80.20431153678516,
              25.518715139643874
            ],
            [
              80.2038764144211,
              25.51895231594218
            ],
            [
              80.20307325408177,
              25.51913779167207
            ],
            [
              80.20210831524457,
              25.51925334631742
            ],
            [
              80.20136987043662,
              25.51944784034005
            ],
            [
              80.20069596958184,
              25.519669395137452
            ],
            [
              80.19991264673894,
              25.519769057655637
            ],
            [
              80.1991541847715,
              25.519943228120553
            ],
            [
              80.19824403867511,
              25.520212194028893
            ],
            [
              80.19702553507761,
              25.520461022343127
            ],
            [
              80.19608806223029,
              25.520639819900627
            ],
            [
              80.19539169091696,
              25.520701067382266
            ],
            [
              80.19502862691343,
              25.52071928305432
            ],
            [
              80.19464305562045,
              25.520608871881322
            ],
            [
              80.19429233626553,
              25.520473659035204
            ],
            [
              80.19394905406284,
              25.520494148664913
            ],
            [
              80.19371283666901,
              25.52055739127323
            ],
            [
              80.19352130417234,
              25.520525879008012
            ],
            [
              80.1933795158845,
              25.520458230402514
            ],
            [
              80.19315056136975,
              25.52022595838857
            ],
            [
              80.192894331308,
              25.519998137320314
            ],
            [
              80.1925410634326,
              25.51991933762923
            ],
            [
              80.1921706188707,
              25.520018725933085
            ],
            [
              80.19178771108251,
              25.52026270603521
            ],
            [
              80.1914967593384,
              25.52041629210672
            ],
            [
              80.19111880665734,
              25.520448045979816
            ],
            [
              80.1907506707657,
              25.52039631723819
            ],
            [
              80.19054910408732,
              25.52016391620788
            ],
            [
              80.19010363492781,
              25.519667688670033
            ],
            [
              80.18978498183527,
              25.519128421867695
            ],
            [
              80.18942399294004,
              25.5184199642841
            ],
            [
              80.18914021334515,
              25.517797273937685
            ],
            [
              80.18895339161384,
              25.517242199200208
            ],
            [
              80.18883876029537,
              25.516948858866908
            ],
            [
              80.18852268267275,
              25.5164277142921
            ],
            [
              80.18818165613978,
              25.51583656521781
            ],
            [
              80.18784312692327,
              25.51528608863823
            ],
            [
              80.18768875413663,
              25.514929570947714
            ],
            [
              80.18760411307395,
              25.514681378920994
            ],
            [
              80.18741445625957,
              25.513566584285392
            ],
            [
              80.18743145957127,
              25.512711338179937
            ],
            [
              80.18701823993047,
              25.51191035435407
            ],
            [
              80.18693337159401,
              25.511226587123346
            ],
            [
              80.18683098071962,
              25.510486426935167
            ],
            [
              80.1867385521617,
              25.509692142010014
            ],
            [
              80.18659639197136,
              25.508940708671847
            ],
            [
              80.18645670304637,
              25.50807414476286
            ],
            [
              80.18626739477831,
              25.507394918621888
            ],
            [
              80.1860754760061,
              25.506453964220878
            ],
            [
              80.1848446583027,
              25.506808823130687
            ],
            [
              80.18375058394848,
              25.507055192631377
            ],
            [
              80.18225370142764,
              25.5073739938124
            ],
            [
              80.18155255107702,
              25.507667648602162
            ],
            [
              80.18006075841055,
              25.508225606858215
            ],
            [
              80.17868575032428,
              25.50869101897497
            ],
            [
              80.17698509935425,
              25.50952665431002
            ],
            [
              80.1752645219546,
              25.510267410631222
            ],
            [
              80.17330762475318,
              25.510854813978643
            ],
            [
              80.1715943299955,
              25.511383486857348
            ],
            [
              80.17083102161713,
              25.511717655228992
            ],
            [
              80.1706173860729,
              25.512514401076952
            ],
            [
              80.17071217989495,
              25.513101075135058
            ],
            [
              80.17075222229873,
              25.513850330803802
            ],
            [
              80.17039175712131,
              25.514209270858895
            ],
            [
              80.16991183757064,
              25.514351519611512
            ],
            [
              80.16923791335965,
              25.514498487328495
            ],
            [
              80.16885997594997,
              25.51460914814542
            ],
            [
              80.16844721534828,
              25.514846201222642
            ],
            [
              80.16803936583621,
              25.515040455121706
            ],
            [
              80.16765654698128,
              25.515297812213007
            ],
            [
              80.16720402604679,
              25.515690618189215
            ],
            [
              80.16662959205013,
              25.515923238662765
            ],
            [
              80.16617209175404,
              25.516155732216777
            ],
            [
              80.16582392900445,
              25.516239388829597
            ],
            [
              80.16542599419817,
              25.51626429180245
            ],
            [
              80.16491861225099,
              25.51619672916091
            ],
            [
              80.16452075559816,
              25.51628264434485
            ],
            [
              80.1640956584327,
              25.516637035620334
            ],
            [
              80.16380728934502,
              25.517086163212824
            ],
            [
              80.16370544105305,
              25.51754429829751
            ],
            [
              80.16352894006602,
              25.517758726623388
            ],
            [
              80.16340464107849,
              25.517871592742033
            ],
            [
              80.16304137944559,
              25.5174113689514
            ],
            [
              80.16286706495795,
              25.516872078229603
            ],
            [
              80.16262326218983,
              25.51631923997729
            ],
            [
              80.16213806503688,
              25.515829599689802
            ],
            [
              80.16138193689257,
              25.515301770875055
            ],
            [
              80.16092169763319,
              25.514812101305388
            ],
            [
              80.16058324297684,
              25.514225490737207
            ],
            [
              80.16024748057141,
              25.514004414750346
            ],
            [
              80.16009831442015,
              25.51426169623464
            ],
            [
              80.16015321316213,
              25.514776174046244
            ],
            [
              80.16031500243975,
              25.515204954270345
            ],
            [
              80.16024790637285,
              25.51540132108944
            ],
            [
              80.15988233157809,
              25.515511947024628
            ],
            [
              80.15955895963536,
              25.515387947745687
            ],
            [
              80.15928784359103,
              25.51495918601073
            ],
            [
              80.15834485957942,
              25.513641465101795
            ],
            [
              80.1578323752014,
              25.51279531823814
            ],
            [
              80.15745421141625,
              25.51247718813593
            ],
            [
              80.15681997926609,
              25.511913138386237
            ],
            [
              80.15653635597806,
              25.511608531318807
            ],
            [
              80.15638699668905,
              25.511130222052216
            ],
            [
              80.15607600442927,
              25.510584156989513
            ],
            [
              80.15558844740205,
              25.510033573630363
            ],
            [
              80.1554815038658,
              25.50973799019997
            ],
            [
              80.15554850291466,
              25.509541624657185
            ],
            [
              80.15585937210523,
              25.509322652842194
            ],
            [
              80.15626470363954,
              25.50930899506115
            ],
            [
              80.15667014925987,
              25.50955495000771
            ],
            [
              80.15711537677255,
              25.509823411401204
            ],
            [
              80.15774957029515,
              25.510033147992704
            ],
            [
              80.158060460147,
              25.51032640631511
            ],
            [
              80.15838138058731,
              25.510529464814102
            ],
            [
              80.15881161881117,
              25.510725693348807
            ],
            [
              80.15911005082663,
              25.510946810234795
            ],
            [
              80.15932657355619,
              25.511276237051263
            ],
            [
              80.15952801896204,
              25.511386742746186
            ],
            [
              80.1599184968531,
              25.51141146593309
            ],
            [
              80.1602019530545,
              25.511251227648767
            ],
            [
              80.1605673948986,
              25.511043510285305
            ],
            [
              80.16114682442651,
              25.510921525114643
            ],
            [
              80.1616069163622,
              25.510822026315285
            ],
            [
              80.16214641936905,
              25.510564702598042
            ],
            [
              80.16245725532197,
              25.51024641903111
            ],
            [
              80.16244469687429,
              25.50993951496509
            ],
            [
              80.16231770473752,
              25.509600979856106
            ],
            [
              80.1623599444205,
              25.509239904307012
            ],
            [
              80.16245930707409,
              25.508903617856582
            ],
            [
              80.16245920017457,
              25.508578663103794
            ],
            [
              80.16229746569417,
              25.50835308435456
            ],
            [
              80.1621083559538,
              25.50813195134156
            ],
            [
              80.1619765533387,
              25.50783630485575
            ],
            [
              80.16189679282296,
              25.507394003278094
            ],
            [
              80.16116559741933,
              25.50721815660664
            ],
            [
              80.16022065957198,
              25.507229716385496
            ],
            [
              80.15952427927552,
              25.506911639640446
            ],
            [
              80.15916106704996,
              25.506618346223092
            ],
            [
              80.15895719978612,
              25.506593616373934
            ],
            [
              80.15872595456736,
              25.506652290369114
            ],
            [
              80.158014821239,
              25.506866888140106
            ],
            [
              80.15709715983692,
              25.507038623158195
            ],
            [
              80.15632627955898,
              25.50707713094443
            ],
            [
              80.15577418756178,
              25.506820001891704
            ],
            [
              80.15544345123038,
              25.50687417038442
            ],
            [
              80.15453841115803,
              25.507339265868755
            ],
            [
              80.15383715211127,
              25.507425177662288
            ],
            [
              80.15328259693355,
              25.507817954265178
            ],
            [
              80.15238010807661,
              25.508565104960166
            ],
            [
              80.15198723707363,
              25.50873666323892
            ],
            [
              80.15173099713043,
              25.508504263957505
            ],
            [
              80.15129334870379,
              25.50863067664605
            ],
            [
              80.15061947390014,
              25.508985182935113
            ],
            [
              80.14971439969183,
              25.50962391005124
            ],
            [
              80.14889138927965,
              25.51019951302312
            ],
            [
              80.14833695178123,
              25.510542666012533
            ],
            [
              80.14777002500543,
              25.51096248979554
            ],
            [
              80.14638986238607,
              25.511572012890937
            ],
            [
              80.14590994642867,
              25.51190836969742
            ],
            [
              80.14588266818677,
              25.512179143688524
            ],
            [
              80.145977303007,
              25.51281552866958
            ],
            [
              80.14566649130859,
              25.513465544076315
            ],
            [
              80.14555963580722,
              25.513855939313768
            ],
            [
              80.14519410413159,
              25.514101996823747
            ],
            [
              80.14479627622487,
              25.514487969198978
            ],
            [
              80.14478399266167,
              25.515555331703506
            ],
            [
              80.14494574959994,
              25.516448965044496
            ],
            [
              80.14528165843076,
              25.517085307934025
            ],
            [
              80.14535130391643,
              25.517417098087574
            ],
            [
              80.14493855499283,
              25.517800783397284
            ],
            [
              80.14442622243008,
              25.518105505272512
            ],
            [
              80.14373745086408,
              25.518534352239904
            ],
            [
              80.14363049205649,
              25.518841274867412
            ],
            [
              80.14383207400621,
              25.519527345627335
            ],
            [
              80.14394157235114,
              25.51985679915875
            ],
            [
              80.14418290475226,
              25.52062400297987
            ],
            [
              80.1445535747913,
              25.52087001986393
            ],
            [
              80.1451207009931,
              25.521384393148583
            ],
            [
              80.14534211325277,
              25.52156944033377
            ],
            [
              80.145436631292,
              25.521740984892222
            ],
            [
              80.1454366492583,
              25.522115541354054
            ],
            [
              80.14555107486255,
              25.522311914701557
            ],
            [
              80.14596156542154,
              25.522605194098404
            ],
            [
              80.14618537887795,
              25.52293693089161
            ],
            [
              80.146143170636,
              25.523279959918852
            ],
            [
              80.14584486977454,
              25.523803513161255
            ],
            [
              80.14553399609235,
              25.52424360769805
            ],
            [
              80.14541216657354,
              25.52458671162206
            ],
            [
              80.14554655903164,
              25.52485742539746
            ],
            [
              80.14605397870808,
              25.52511463092591
            ],
            [
              80.14640225644203,
              25.525277101837737
            ],
            [
              80.14657628616372,
              25.525351571651978
            ],
            [
              80.14670072259348,
              25.525518487758983
            ],
            [
              80.14648932026105,
              25.525845753971097
            ],
            [
              80.14625319898694,
              25.526556710652756
            ],
            [
              80.14607422942952,
              25.5272224271622
            ],
            [
              80.14571622114438,
              25.527784410844745
            ],
            [
              80.14552468595278,
              25.528107147637044
            ],
            [
              80.14555709357496,
              25.528511121663602
            ],
            [
              80.14582831741711,
              25.52905042898269
            ],
            [
              80.14606220907268,
              25.52984928974134
            ],
            [
              80.14612948659926,
              25.53049922099734
            ],
            [
              80.14622164835752,
              25.5308218767218
            ],
            [
              80.14654516043743,
              25.531844095614836
            ],
            [
              80.14685869582779,
              25.532564011824977
            ],
            [
              80.14703534324019,
              25.53305371028135
            ],
            [
              80.14734139117265,
              25.53378476630029
            ],
            [
              80.14739621625279,
              25.534448236317598
            ],
            [
              80.1473864084465,
              25.53473942071108
            ],
            [
              80.14709539741358,
              25.53509372667452
            ],
            [
              80.14637410503765,
              25.535450369265767
            ],
            [
              80.14571010092236,
              25.535791217760405
            ],
            [
              80.14528224592895,
              25.535696552715628
            ],
            [
              80.14464793472705,
              25.5357462857348
            ],
            [
              80.14395900775251,
              25.53602843568625
            ],
            [
              80.14284717011186,
              25.536558894376014
            ],
            [
              80.14163348238264,
              25.53718192586454
            ],
            [
              80.1401634549972,
              25.537989968678982
            ],
            [
              80.13772835402727,
              25.538901924240523
            ],
            [
              80.13560167344049,
              25.539608443652035
            ],
            [
              80.13367642658146,
              25.54041415118017
            ],
            [
              80.13281326237441,
              25.540678271227186
            ],
            [
              80.1317934966605,
              25.541061971306224
            ],
            [
              80.13096763409732,
              25.541506607122287
            ],
            [
              80.12939061556492,
              25.542156532754106
            ],
            [
              80.12789557009879,
              25.54303441903515
            ],
            [
              80.12693039590305,
              25.543880754663956
            ],
            [
              80.12619658640195,
              25.544302743381888
            ],
            [
              80.12549758392316,
              25.544537424608617
            ],
            [
              80.12403993442405,
              25.545013635237066
            ],
            [
              80.12225630427456,
              25.545880191743635
            ],
            [
              80.11975118771312,
              25.547069378310702
            ],
            [
              80.11805210789652,
              25.547938119605544
            ],
            [
              80.1169351938762,
              25.54847290138
            ],
            [
              80.1149822411772,
              25.549772670344694
            ],
            [
              80.11417124303702,
              25.55017652681298
            ],
            [
              80.11337019643355,
              25.55059850309329
            ],
            [
              80.11260385534273,
              25.551038486340133
            ],
            [
              80.11215612242874,
              25.550514899618186
            ],
            [
              80.11094225503643,
              25.549729396917783
            ],
            [
              80.11038764685813,
              25.549129130395837
            ],
            [
              80.10957181757834,
              25.548045812392782
            ],
            [
              80.10919380021856,
              25.547285197338855
            ],
            [
              80.1083432654261,
              25.545558716094124
            ],
            [
              80.10777608083379,
              25.545287904772376
            ],
            [
              80.1070746025981,
              25.5453983613123
            ],
            [
              80.10626616375816,
              25.545337346086022
            ],
            [
              80.10569154381028,
              25.545269545320007
            ],
            [
              80.10528623114058,
              25.54446163504522
            ],
            [
              80.10435611100382,
              25.54307586959883
            ],
            [
              80.10374174779113,
              25.542394264115394
            ],
            [
              80.1018960099196,
              25.54271214631028
            ],
            [
              80.09949542671445,
              25.5432127590494
            ],
            [
              80.0975450872146,
              25.543805908929862
            ],
            [
              80.09645044243017,
              25.54407420372877
            ],
            [
              80.09576380795625,
              25.54436745666518
            ],
            [
              80.09483349288507,
              25.544502661221042
            ],
            [
              80.09395531243972,
              25.544770991743825
            ],
            [
              80.09262690086555,
              25.544996422603298
            ],
            [
              80.09084563957352,
              25.545350301925968
            ],
            [
              80.08867382583023,
              25.546011017108217
            ],
            [
              80.08803937269452,
              25.546256811722426
            ],
            [
              80.0877158767843,
              25.54670811076762
            ],
            [
              80.08781015497338,
              25.54735804467312
            ],
            [
              80.08809361117476,
              25.547836518311836
            ],
            [
              80.0879988568786,
              25.548569935090693
            ],
            [
              80.08779467969599,
              25.549355224130792
            ],
            [
              80.08769992629811,
              25.54979525813854
            ],
            [
              80.08775454027413,
              25.55044521339651
            ],
            [
              80.08759998512949,
              25.551408821212345
            ],
            [
              80.08755742295135,
              25.552069965768233
            ],
            [
              80.08782847791021,
              25.5526477421513
            ],
            [
              80.08808444656222,
              25.553266201779348
            ],
            [
              80.08820629314906,
              25.553719826338323
            ],
            [
              80.08796225502232,
              25.554380991372597
            ],
            [
              80.08698923224593,
              25.555238302812494
            ],
            [
              80.08668056392776,
              25.555752719149414
            ],
            [
              80.08662815082421,
              25.556258251008906
            ],
            [
              80.08662804302637,
              25.55670052966502
            ],
            [
              80.08681444165119,
              25.557201602648824
            ],
            [
              80.08745591242591,
              25.558688945260407
            ],
            [
              80.08810234279933,
              25.559986706272017
            ],
            [
              80.08878352000791,
              25.56163202662352
            ],
            [
              80.08903945721887,
              25.562611501731073
            ],
            [
              80.08894476490647,
              25.563001839112705
            ],
            [
              80.08863366844209,
              25.563541103926323
            ],
            [
              80.08814077721873,
              25.564403115610855
            ],
            [
              80.08750604830024,
              25.56512504940152
            ],
            [
              80.08692607259661,
              25.56595765710746
            ],
            [
              80.08602756058144,
              25.567015808911943
            ],
            [
              80.08492004473564,
              25.56810324132346
            ],
            [
              80.08425557439472,
              25.568705542365038
            ],
            [
              80.08360337144728,
              25.569614830767872
            ],
            [
              80.08227171156508,
              25.57122120268835
            ],
            [
              80.08138293728756,
              25.57255696138103
            ],
            [
              80.08090986289939,
              25.5732789643231
            ],
            [
              80.08024525691286,
              25.574224317066296
            ],
            [
              80.07981197340017,
              25.574993688161268
            ],
            [
              80.07926917716954,
              25.5758849540783
            ],
            [
              80.0791745549257,
              25.57612408514881
            ],
            [
              80.07900521890137,
              25.576636292073438
            ],
            [
              80.07874617980775,
              25.577141734170315
            ],
            [
              80.07858428003733,
              25.57770583767525
            ],
            [
              80.07849182183504,
              25.57866948224891
            ],
            [
              80.07840937805153,
              25.579416401384115
            ],
            [
              80.0783394576814,
              25.580068527054483
            ],
            [
              80.0781924744363,
              25.58064394259561
            ],
            [
              80.07796826122959,
              25.581370593008824
            ],
            [
              80.07793819012545,
              25.58181508895895
            ],
            [
              80.07786819339853,
              25.582512398033156
            ],
            [
              80.07765626555161,
              25.583597846396085
            ],
            [
              80.07759377155394,
              25.584462085244343
            ],
            [
              80.07749638968556,
              25.585186460845232
            ],
            [
              80.07737417209452,
              25.585956035336025
            ],
            [
              80.07723963141443,
              25.586317021653826
            ],
            [
              80.07701302599412,
              25.58663287031865
            ],
            [
              80.07645302522914,
              25.587036674609863
            ],
            [
              80.07593777314173,
              25.587440454042103
            ],
            [
              80.07521341481578,
              25.58790957814439
            ],
            [
              80.07442435622977,
              25.588459894629807
            ],
            [
              80.07379214708564,
              25.588786975194324
            ],
            [
              80.07298316656157,
              25.589122876361948
            ],
            [
              80.07243566405714,
              25.589233284377954
            ],
            [
              80.0716144592587,
              25.589311976115724
            ],
            [
              80.07110434194146,
              25.58932076681073
            ],
            [
              80.0705718125562,
              25.589356713049614
            ],
            [
              80.07028808236866,
              25.58935205519807
            ],
            [
              80.07000448423345,
              25.58921653829373
            ],
            [
              80.06974818320478,
              25.589081099825673
            ],
            [
              80.06954676474842,
              25.588916282363947
            ],
            [
              80.06906164934217,
              25.58861594303949
            ],
            [
              80.06869586074835,
              25.588487178384597
            ],
            [
              80.06840723564082,
              25.58843512575531
            ],
            [
              80.06770808044847,
              25.588263343653786
            ],
            [
              80.06707351412503,
              25.58819091739006
            ],
            [
              80.06612803639018,
              25.587933281699353
            ],
            [
              80.06546622326587,
              25.58775015508693
            ],
            [
              80.06441123640631,
              25.58744507064713
            ],
            [
              80.06349066086945,
              25.587252929631756
            ],
            [
              80.06275407916739,
              25.587092367344013
            ],
            [
              80.06220674644457,
              25.586927401303434
            ],
            [
              80.06161970818619,
              25.5864871099459
            ],
            [
              80.06143317391572,
              25.586220679664443
            ],
            [
              80.06103507741274,
              25.586191202928138
            ],
            [
              80.06036817802726,
              25.586166063311786
            ],
            [
              80.0596166968679,
              25.586240245744484
            ],
            [
              80.05905160535025,
              25.586499510384726
            ],
            [
              80.05830987989486,
              25.586835403390165
            ],
            [
              80.05754088158749,
              25.587008785291538
            ],
            [
              80.05709788728657,
              25.587105664630645
            ],
            [
              80.05659252205719,
              25.587520605345055
            ],
            [
              80.0564378636063,
              25.58819308470161
            ],
            [
              80.05643000694083,
              25.588791065113572
            ],
            [
              80.05653663157514,
              25.589422960010555
            ],
            [
              80.05656373284897,
              25.589901386329164
            ],
            [
              80.05650094779713,
              25.59089435400519
            ],
            [
              80.05635654720848,
              25.591131185743784
            ],
            [
              80.05598809241489,
              25.591390550781647
            ],
            [
              80.05508205341597,
              25.591766976616928
            ],
            [
              80.05437017718087,
              25.59199682608157
            ],
            [
              80.0536456490733,
              25.592553914698737
            ],
            [
              80.0531303143409,
              25.592986973151255
            ],
            [
              80.05230848700994,
              25.59387114488638
            ],
            [
              80.05150001762728,
              25.59341938837781
            ],
            [
              80.05009657337068,
              25.593208830316907
            ],
            [
              80.04939474569036,
              25.593222028082298
            ],
            [
              80.04838183681701,
              25.59337942894361
            ],
            [
              80.0472048425722,
              25.593293099927774
            ],
            [
              80.04647569083585,
              25.593231752622682
            ],
            [
              80.04473633864679,
              25.592959957781275
            ],
            [
              80.04390526765155,
              25.592794824022313
            ],
            [
              80.04261123011176,
              25.59286852271952
            ],
            [
              80.04166552779807,
              25.592818348370102
            ],
            [
              80.04053093762792,
              25.592646189347214
            ],
            [
              80.03952591955604,
              25.592088225351333
            ],
            [
              80.03901341631338,
              25.5919660520428
            ],
            [
              80.03771720125732,
              25.591511674675033
            ],
            [
              80.03673202337683,
              25.59105749002722
            ],
            [
              80.03544333260959,
              25.59059858265695
            ],
            [
              80.03498562031106,
              25.590415463364774
            ],
            [
              80.03426897761504,
              25.59037890331609
            ],
            [
              80.032554559065,
              25.590131903739486
            ],
            [
              80.03182789027211,
              25.59016978124321
            ],
            [
              80.03125309605102,
              25.590052105001273
            ],
            [
              80.02963326740543,
              25.58981858159931
            ],
            [
              80.02895910963247,
              25.58961054664605
            ],
            [
              80.02854110017459,
              25.58948611439703
            ],
            [
              80.02778442495625,
              25.58965713882633
            ],
            [
              80.02622143721025,
              25.589939920976526
            ],
            [
              80.02618784830348,
              25.58994599989256
            ],
            [
              80.02618785010011,
              25.589952257051873
            ],
            [
              80.02618785279503,
              25.589954286597848
            ],
            [
              80.02546722157916,
              25.59026259002933
            ],
            [
              80.02464327602078,
              25.59051928493
            ],
            [
              80.02387420494986,
              25.59066544467703
            ],
            [
              80.02348098001066,
              25.590665228355473
            ],
            [
              80.0232945265886,
              25.590446143819847
            ],
            [
              80.02304352023023,
              25.590143603790633
            ],
            [
              80.02261076582526,
              25.589825076963738
            ],
            [
              80.02155787832852,
              25.590045530249842
            ],
            [
              80.02063953241019,
              25.590166756779563
            ],
            [
              80.01893954529514,
              25.590583009924345
            ],
            [
              80.01793900442667,
              25.590776284722445
            ],
            [
              80.01666947023286,
              25.591192833896255
            ],
            [
              80.01573844998418,
              25.59151943059912
            ],
            [
              80.01414521416595,
              25.592204241146415
            ],
            [
              80.01163338898594,
              25.593109501084708
            ],
            [
              80.00925617904618,
              25.59379137132721
            ],
            [
              80.00824985662051,
              25.594688754164103
            ],
            [
              80.00796554342635,
              25.595313611631333
            ],
            [
              80.00784318479981,
              25.59578966007116
            ],
            [
              80.00756646686138,
              25.59620019339496
            ],
            [
              80.00737692413308,
              25.596664925336658
            ],
            [
              80.00725446130197,
              25.597168118118645
            ],
            [
              80.00711951727828,
              25.59771861318269
            ],
            [
              80.00694488838033,
              25.598183343275
            ],
            [
              80.00648387656977,
              25.598783265877866
            ],
            [
              80.0060528972358,
              25.59928389296184
            ],
            [
              80.00564687040549,
              25.59959043866328
            ],
            [
              80.00534556827266,
              25.599752687883058
            ],
            [
              80.00493954323896,
              25.600192390870934
            ],
            [
              80.00412737998386,
              25.600963573329302
            ],
            [
              80.00360179457574,
              25.60139186536853
            ],
            [
              80.00254077283411,
              25.60221696783374
            ],
            [
              80.0018258045978,
              25.60290237008066
            ],
            [
              80.00148704541257,
              25.603233841633973
            ],
            [
              80.00098894485888,
              25.60355160284738
            ],
            [
              80.00012213618673,
              25.60419853140061
            ],
            [
              79.99941983329761,
              25.604701161868526
            ],
            [
              79.99917067567209,
              25.604926617625498
            ],
            [
              79.99906247629106,
              25.606002927327992
            ],
            [
              79.99908916074658,
              25.606689056390017
            ],
            [
              79.99906103988491,
              25.607399846016563
            ],
            [
              79.99908752042288,
              25.60823256789246
            ],
            [
              79.99934347560013,
              25.6086615840192
            ],
            [
              79.99965190855968,
              25.608795021312094
            ],
            [
              80.000448316263,
              25.608845359073083
            ],
            [
              80.00093608708923,
              25.608926984129635
            ],
            [
              80.00125933955604,
              25.609184556776842
            ],
            [
              80.00143319859782,
              25.609563785323935
            ],
            [
              80.00128593597664,
              25.610003750333988
            ],
            [
              80.00100195965072,
              25.610224606287215
            ],
            [
              80.00044669210898,
              25.61042052577846
            ],
            [
              79.99978698643234,
              25.610602730665725
            ],
            [
              79.99938090660137,
              25.610909258687993
            ],
            [
              79.9992388137847,
              25.61118219865274
            ],
            [
              79.99947934758347,
              25.61196550389048
            ],
            [
              79.99978971281922,
              25.61267666068387
            ],
            [
              80.0004782544165,
              25.613557325983823
            ],
            [
              80.00101039932282,
              25.61410394328748
            ],
            [
              80.00203734796573,
              25.615034567901695
            ],
            [
              80.00311648333677,
              25.616114170047343
            ],
            [
              80.00335978843822,
              25.616692070660275
            ],
            [
              80.00302129156104,
              25.61673468320792
            ],
            [
              80.0014380234492,
              25.61693411397346
            ],
            [
              79.99985221130848,
              25.617176502672184
            ],
            [
              79.998461403653,
              25.617699665784517
            ],
            [
              79.998461403653,
              25.617708073687982
            ],
            [
              79.99844069658737,
              25.617715864363348
            ],
            [
              79.9984303075711,
              25.617715783362346
            ],
            [
              79.9976605789334,
              25.617709781998947
            ],
            [
              79.99633622235443,
              25.6176917220162
            ],
            [
              79.99451512257615,
              25.61791004220588
            ],
            [
              79.99380441415092,
              25.618178723366917
            ],
            [
              79.99218554580435,
              25.619177100305638
            ],
            [
              79.98997211131734,
              25.62083642396625
            ],
            [
              79.98818108623647,
              25.62234979732912
            ],
            [
              79.9881856541697,
              25.623473577235348
            ],
            [
              79.98882855775729,
              25.62488414367713
            ],
            [
              79.98859339408726,
              25.62579652918581
            ],
            [
              79.9864667790775,
              25.625600539329273
            ],
            [
              79.9854375810531,
              25.62593798533073
            ],
            [
              79.98340728700138,
              25.6274070136144
            ],
            [
              79.9817776855838,
              25.628247366623356
            ],
            [
              79.97831018499384,
              25.630163382225092
            ],
            [
              79.97583167563278,
              25.63163371838504
            ],
            [
              79.9725373280088,
              25.63329629004492
            ],
            [
              79.96822916331467,
              25.635476580138093
            ],
            [
              79.96443237986743,
              25.63730755040213
            ],
            [
              79.96111126244796,
              25.638563775640915
            ],
            [
              79.95785288336793,
              25.639305178803458
            ],
            [
              79.95605656182016,
              25.639595106337545
            ],
            [
              79.95513098715873,
              25.639742445161417
            ],
            [
              79.9540253038761,
              25.639651114726867
            ],
            [
              79.95381583471816,
              25.64089739298958
            ],
            [
              79.95387946508468,
              25.64321699584044
            ],
            [
              79.95358576090254,
              25.64324497570342
            ],
            [
              79.95107408843614,
              25.642684168105987
            ],
            [
              79.95046650930047,
              25.642654437235855
            ],
            [
              79.94967192787209,
              25.64186703214042
            ],
            [
              79.9496790344443,
              25.639795445661075
            ],
            [
              79.94946449339827,
              25.638338305605448
            ],
            [
              79.9494785259813,
              25.635440731186044
            ],
            [
              79.94945107705949,
              25.634768319183557
            ],
            [
              79.94914304025698,
              25.63360938565526
            ],
            [
              79.94792120121488,
              25.631722073655915
            ],
            [
              79.94582559335376,
              25.629164894619354
            ],
            [
              79.94476656587206,
              25.628211358372884
            ],
            [
              79.94518938490998,
              25.628110742882235
            ],
            [
              79.94678696857419,
              25.62795246360811
            ],
            [
              79.9513829229426,
              25.628154938027844
            ],
            [
              79.95320424460475,
              25.62793261601494
            ],
            [
              79.95579150131917,
              25.627495802902295
            ],
            [
              79.95731867143813,
              25.627179669355876
            ],
            [
              79.95725120975695,
              25.62644871864252
            ],
            [
              79.95724849684477,
              25.625753672833763
            ],
            [
              79.95740244113503,
              25.62434052639184
            ],
            [
              79.95684546769257,
              25.62319138062697
            ],
            [
              79.95465671441795,
              25.62100927381678
            ],
            [
              79.95227588696257,
              25.619391909677752
            ],
            [
              79.95150556723338,
              25.618410341332552
            ],
            [
              79.95137467730662,
              25.618027118357386
            ],
            [
              79.95152582873463,
              25.617164635163153
            ],
            [
              79.95248548457961,
              25.615545878391885
            ],
            [
              79.9543296000938,
              25.613504712379175
            ],
            [
              79.95516801122317,
              25.612757359674465
            ],
            [
              79.9556953483461,
              25.611370168335593
            ],
            [
              79.95620390798464,
              25.610253791959288
            ],
            [
              79.95577399315427,
              25.608458848934397
            ],
            [
              79.95481226220099,
              25.605564343382085
            ],
            [
              79.95416182534143,
              25.604690759398476
            ],
            [
              79.95272689603246,
              25.602993691347223
            ],
            [
              79.9514019582435,
              25.601445168045895
            ],
            [
              79.95030103603185,
              25.599877933355412
            ],
            [
              79.94971090667059,
              25.597794689861956
            ],
            [
              79.9496027036963,
              25.596815611182645
            ],
            [
              79.94862266238259,
              25.59561805866371
            ],
            [
              79.94781345997463,
              25.59484423462505
            ],
            [
              79.94614600355098,
              25.593459256248995
            ],
            [
              79.94452847998242,
              25.59214633332056
            ],
            [
              79.94476609515483,
              25.591784483918623
            ],
            [
              79.94529139759366,
              25.591187155277243
            ],
            [
              79.94552800395803,
              25.59056358795876
            ],
            [
              79.94542102808242,
              25.58989140468516
            ],
            [
              79.94517915040394,
              25.58907975569741
            ],
            [
              79.94512709303325,
              25.589077621620305
            ],
            [
              79.94186497965657,
              25.589220735145087
            ],
            [
              79.93803787717019,
              25.589281932189003
            ],
            [
              79.93639947136451,
              25.589020474683306
            ],
            [
              79.93498868338047,
              25.58975590621615
            ],
            [
              79.93362709522623,
              25.590301686836135
            ],
            [
              79.93306042806353,
              25.590528833067776
            ],
            [
              79.93119190801808,
              25.59132421416912
            ],
            [
              79.93005734479735,
              25.59139981366364
            ],
            [
              79.92947665133983,
              25.591834735669277
            ],
            [
              79.92813593104964,
              25.59272326334272
            ],
            [
              79.92644821492138,
              25.593996461331592
            ],
            [
              79.92588346117026,
              25.59472925840242
            ],
            [
              79.92403264242745,
              25.59492870481471
            ],
            [
              79.92141789097714,
              25.59443084566721
            ],
            [
              79.91967682659912,
              25.594702074911424
            ],
            [
              79.9190960693612,
              25.595159594934437
            ],
            [
              79.91909890624088,
              25.59597198528408
            ],
            [
              79.91838823374823,
              25.596285417691565
            ],
            [
              79.9178381620621,
              25.596982119076838
            ],
            [
              79.91728319815094,
              25.59770127039891
            ],
            [
              79.91677068592516,
              25.597738819017295
            ],
            [
              79.9164015448187,
              25.597500739772535
            ],
            [
              79.91621504917583,
              25.596833281396
            ],
            [
              79.91634590855989,
              25.595826422626057
            ],
            [
              79.9159712868319,
              25.595443862065054
            ],
            [
              79.91536506774558,
              25.59570736738682
            ],
            [
              79.914628495925,
              25.59573650475242
            ],
            [
              79.91396576472243,
              25.595521724164207
            ],
            [
              79.91359858284164,
              25.59585676466764
            ],
            [
              79.91333754499648,
              25.596647383102543
            ],
            [
              79.91285976702946,
              25.59664868096709
            ],
            [
              79.9122513057482,
              25.596316409360952
            ],
            [
              79.91167550182074,
              25.596751358048834
            ],
            [
              79.91109335219413,
              25.596820690022366
            ],
            [
              79.91022149768501,
              25.596561324605997
            ],
            [
              79.90956103383027,
              25.59701904005468
            ],
            [
              79.90916795711308,
              25.597069792709313
            ],
            [
              79.90870275735668,
              25.596362499874207
            ],
            [
              79.90777655117961,
              25.59478548874598
            ],
            [
              79.90621371794386,
              25.593304899321314
            ],
            [
              79.90228297502648,
              25.590693593214965
            ],
            [
              79.90019276244696,
              25.589236992676415
            ],
            [
              79.89738400364138,
              25.58720915606896
            ],
            [
              79.89622069343329,
              25.586088444672473
            ],
            [
              79.8952265710275,
              25.584953757624305
            ],
            [
              79.89408434158415,
              25.582682180598006
            ],
            [
              79.8927564833722,
              25.5802709553679
            ],
            [
              79.89262254276672,
              25.580027732639657
            ],
            [
              79.89140592832628,
              25.57931341934864
            ],
            [
              79.8896947598809,
              25.57955718802874
            ],
            [
              79.88690823078535,
              25.57967288862562
            ],
            [
              79.88524646698565,
              25.579799128250656
            ],
            [
              79.88400786807529,
              25.579991922964037
            ],
            [
              79.8819729746493,
              25.58014168261056
            ],
            [
              79.880045980567,
              25.579812786916346
            ],
            [
              79.87835809016559,
              25.579555370596744
            ],
            [
              79.8773144454348,
              25.58002296017758
            ],
            [
              79.87633444005371,
              25.58014733906637
            ],
            [
              79.87475039040756,
              25.579645915624564
            ],
            [
              79.87263664196763,
              25.57847778413931
            ],
            [
              79.87117899965499,
              25.57702369102229
            ],
            [
              79.87065163109104,
              25.577070186007234
            ],
            [
              79.87060750584428,
              25.577083527352542
            ],
            [
              79.87058606395675,
              25.577090009633373
            ],
            [
              79.87056992572269,
              25.57709487377461
            ],
            [
              79.86852869827561,
              25.577711940710913
            ],
            [
              79.86697477542916,
              25.578938974345782
            ],
            [
              79.8656841847251,
              25.58002090939627
            ],
            [
              79.86323178579607,
              25.58201286266318
            ],
            [
              79.8606378132766,
              25.58330112037026
            ],
            [
              79.85950596117145,
              25.58426065817995
            ],
            [
              79.85811288437156,
              25.58606041172342
            ],
            [
              79.85710992164503,
              25.58687529290068
            ],
            [
              79.8540396372091,
              25.587031740383736
            ],
            [
              79.85208284241558,
              25.58673403440447
            ],
            [
              79.85089598197399,
              25.58762149239743
            ],
            [
              79.85034594442385,
              25.588439706672766
            ],
            [
              79.84953179858691,
              25.589136743806225
            ],
            [
              79.8476841005914,
              25.590431940296533
            ],
            [
              79.84650112716004,
              25.590985409786104
            ],
            [
              79.84552093942094,
              25.59108253787448
            ],
            [
              79.84485103606916,
              25.59179266922335
            ],
            [
              79.84443460944277,
              25.592344307078058
            ],
            [
              79.84311099936382,
              25.592446689708115
            ],
            [
              79.84205596669017,
              25.592494304042177
            ],
            [
              79.84118745391392,
              25.59335835710571
            ],
            [
              79.84140619278729,
              25.595036826862074
            ],
            [
              79.8422675864149,
              25.59691232622107
            ],
            [
              79.8431699557959,
              25.599157889390483
            ],
            [
              79.84394103639812,
              25.60073576964868
            ],
            [
              79.84410110630029,
              25.60104678674709
            ],
            [
              79.84477992363463,
              25.603405667044594
            ],
            [
              79.8454742997897,
              25.606012743989357
            ],
            [
              79.84577392836113,
              25.608092680153867
            ],
            [
              79.84543170976373,
              25.608504147377143
            ],
            [
              79.84482587964793,
              25.60902918163852
            ],
            [
              79.84347773657855,
              25.609298656379647
            ],
            [
              79.84213374642073,
              25.609324354130354
            ],
            [
              79.83995425657334,
              25.60960473329973
            ],
            [
              79.83758103874675,
              25.610020981164958
            ],
            [
              79.83631202377917,
              25.610141215373254
            ],
            [
              79.83388419377316,
              25.610625263239704
            ],
            [
              79.8310481189964,
              25.61112364468255
            ],
            [
              79.82922731386554,
              25.611511376673576
            ],
            [
              79.82788384742555,
              25.61173102934633
            ],
            [
              79.82695894829723,
              25.612094231116355
            ],
            [
              79.82500923222815,
              25.612694343944042
            ],
            [
              79.82350248710377,
              25.613248279047614
            ],
            [
              79.82151258759544,
              25.613744591249496
            ],
            [
              79.82021976906945,
              25.61429809459785
            ],
            [
              79.81858327308207,
              25.61478005438324
            ],
            [
              79.8173945333649,
              25.615143719943347
            ],
            [
              79.81567690064276,
              25.6150752539843
            ],
            [
              79.8146769086449,
              25.615316640401026
            ],
            [
              79.8124740149894,
              25.61621950833868
            ],
            [
              79.81139107974474,
              25.617083859767213
            ],
            [
              79.81126444244249,
              25.618162859383684
            ],
            [
              79.81073737391583,
              25.61842568039966
            ],
            [
              79.8096522063577,
              25.61845058319312
            ],
            [
              79.80833540191531,
              25.619365054983614
            ],
            [
              79.80544727785266,
              25.621059108291064
            ],
            [
              79.80344486840565,
              25.62257073333274
            ],
            [
              79.80196358243478,
              25.623458438879123
            ],
            [
              79.80048718509563,
              25.624323590023003
            ],
            [
              79.79895994311144,
              25.62478256638873
            ],
            [
              79.79829699900817,
              25.624472420205528
            ],
            [
              79.79737338536903,
              25.62340017036434
            ],
            [
              79.79693211673178,
              25.62214182788554
            ],
            [
              79.79648099088095,
              25.620897092106908
            ],
            [
              79.79592085626699,
              25.61984665494466
            ],
            [
              79.79565475641523,
              25.61893546329673
            ],
            [
              79.79463317520612,
              25.616459713867275
            ],
            [
              79.79388973666352,
              25.613730614063563
            ],
            [
              79.79334083997375,
              25.611159124257377
            ],
            [
              79.79214673911099,
              25.60936519363926
            ],
            [
              79.79053891914411,
              25.60526127209817
            ],
            [
              79.78968896915488,
              25.60370584609741
            ],
            [
              79.78854833961107,
              25.601316005659648
            ],
            [
              79.78855887774769,
              25.599483638009406
            ],
            [
              79.78913248529427,
              25.595840169389845
            ],
            [
              79.78912946425996,
              25.59459452615938
            ],
            [
              79.78842454008685,
              25.593268971282402
            ],
            [
              79.78807854766694,
              25.592195495223336
            ],
            [
              79.78735797843484,
              25.590590156643
            ],
            [
              79.78656328292043,
              25.589206123944177
            ],
            [
              79.78562460363565,
              25.5879486975958
            ],
            [
              79.78464761300064,
              25.587278144369865
            ],
            [
              79.78398550882214,
              25.58720719534485
            ],
            [
              79.78285249339869,
              25.587954147078676
            ],
            [
              79.78145721033646,
              25.589319862624983
            ],
            [
              79.7802203703274,
              25.59035128133106
            ],
            [
              79.77962846140356,
              25.590523910328365
            ],
            [
              79.77921490669117,
              25.590308077659117
            ],
            [
              79.77866106657241,
              25.58970885631152
            ],
            [
              79.77708282543291,
              25.587306231318113
            ],
            [
              79.77478180340904,
              25.584412970398507
            ],
            [
              79.77231789706123,
              25.58204802191245
            ],
            [
              79.77107742606178,
              25.581477211321022
            ],
            [
              79.77052502055257,
              25.581478237914574
            ],
            [
              79.76998306694163,
              25.58170483209781
            ],
            [
              79.76737439888244,
              25.583528568337677
            ],
            [
              79.76502364881938,
              25.58499513291652
            ],
            [
              79.76375151040959,
              25.58585952939038
            ],
            [
              79.76307486699822,
              25.58597813098155
            ],
            [
              79.76196440737324,
              25.585668704068347
            ],
            [
              79.75999503257249,
              25.584033800647028
            ],
            [
              79.75732724189285,
              25.581619343804977
            ],
            [
              79.75358293622787,
              25.5783807973414
            ],
            [
              79.75202252125686,
              25.57704302929517
            ],
            [
              79.75003802691157,
              25.57517790388643
            ],
            [
              79.74911622158108,
              25.57460632234802
            ],
            [
              79.74849348517161,
              25.574268870029076
            ],
            [
              79.74736351503698,
              25.574094767947347
            ],
            [
              79.74617982295342,
              25.574457813366433
            ],
            [
              79.74494154743654,
              25.574866129161638
            ],
            [
              79.74380777114001,
              25.57527423936933
            ],
            [
              79.74249491299669,
              25.57572768821202
            ],
            [
              79.74086412041305,
              25.57644802309389
            ],
            [
              79.73824423239593,
              25.57780183890895
            ],
            [
              79.73684617264118,
              25.577971106336104
            ],
            [
              79.73550249060548,
              25.577995882238096
            ],
            [
              79.73337366574013,
              25.578549919720885
            ],
            [
              79.73247873261306,
              25.578980074604306
            ],
            [
              79.73158460886805,
              25.579843571373214
            ],
            [
              79.73129840292357,
              25.581130324284125
            ],
            [
              79.73074732242937,
              25.5818037316408
            ],
            [
              79.72938942096106,
              25.582198462837717
            ],
            [
              79.72812691608438,
              25.5830128906482
            ],
            [
              79.72684023844165,
              25.58421091774856
            ],
            [
              79.72573073372581,
              25.584402217762644
            ],
            [
              79.72473031502821,
              25.584308976626087
            ],
            [
              79.72383481416585,
              25.584499906206037
            ],
            [
              79.72344304988732,
              25.58524074626098
            ],
            [
              79.72286182822037,
              25.585841831628866
            ],
            [
              79.72183772364366,
              25.586416630380555
            ],
            [
              79.72116559067335,
              25.586309322918307
            ],
            [
              79.72074728117815,
              25.58613841766791
            ],
            [
              79.71998132995618,
              25.586428483926937
            ],
            [
              79.71924575077401,
              25.58698022591631
            ],
            [
              79.71863970236758,
              25.587599470784838
            ],
            [
              79.71769419498831,
              25.587627940888726
            ],
            [
              79.71653449331272,
              25.587602549597726
            ],
            [
              79.7153202297634,
              25.58765398196566
            ],
            [
              79.71453422455103,
              25.58787183604073
            ],
            [
              79.71299317905417,
              25.58883995292528
            ],
            [
              79.71247156958951,
              25.589436505770045
            ],
            [
              79.71220987058429,
              25.590560654246755
            ],
            [
              79.71158002939927,
              25.591852433354553
            ],
            [
              79.71094923959328,
              25.592616077392492
            ],
            [
              79.70999982633916,
              25.593276427327623
            ],
            [
              79.71084221161536,
              25.593992840679064
            ],
            [
              79.71086007102153,
              25.595698821018996
            ],
            [
              79.71065388879921,
              25.597301408639453
            ],
            [
              79.71080965487286,
              25.59811362808374
            ],
            [
              79.71130800875142,
              25.598487436262566
            ],
            [
              79.71173638117443,
              25.598662892245255
            ],
            [
              79.71310619789669,
              25.59925667972091
            ],
            [
              79.71465974165412,
              25.599610885601155
            ],
            [
              79.71521280023855,
              25.599898922221527
            ],
            [
              79.71641401755502,
              25.600840499316845
            ],
            [
              79.71728715575667,
              25.602008124074846
            ],
            [
              79.71805417327884,
              25.602246201637254
            ],
            [
              79.71897603969477,
              25.60281804972252
            ],
            [
              79.72026670675567,
              25.603628529666903
            ],
            [
              79.72045168604231,
              25.60406146700935
            ],
            [
              79.72076003456024,
              25.606651659637688
            ],
            [
              79.72086776681732,
              25.608348585847622
            ],
            [
              79.72115863142484,
              25.609517069668183
            ],
            [
              79.72152734044164,
              25.60975570337293
            ],
            [
              79.72342508178497,
              25.61039828397721
            ],
            [
              79.72511316262924,
              25.610707070153797
            ],
            [
              79.7258262470984,
              25.611373932651343
            ],
            [
              79.72652559902183,
              25.612627601976335
            ],
            [
              79.72688067879912,
              25.61350714087435
            ],
            [
              79.72695226913737,
              25.614536086122538
            ],
            [
              79.72716402271108,
              25.61594846074855
            ],
            [
              79.72758868419365,
              25.616760206016338
            ],
            [
              79.72844739006196,
              25.618036132933607
            ],
            [
              79.72944960988175,
              25.618892036671962
            ],
            [
              79.73087524162753,
              25.61987372579927
            ],
            [
              79.73253492223407,
              25.62082341068655
            ],
            [
              79.73414420914979,
              25.621515880272558
            ],
            [
              79.73716351958326,
              25.62278374736734
            ],
            [
              79.73908677218238,
              25.62354340966197
            ],
            [
              79.73938195858473,
              25.624283123350306
            ],
            [
              79.74001577211999,
              25.625071896606087
            ],
            [
              79.74091201678736,
              25.625142683850623
            ],
            [
              79.7422563060842,
              25.62516295389623
            ],
            [
              79.74330645641425,
              25.62502131864221
            ],
            [
              79.74478493155665,
              25.624991728356754
            ],
            [
              79.74591590600777,
              25.62539608509225
            ],
            [
              79.74644510893152,
              25.62613533697422
            ],
            [
              79.74787035709669,
              25.62680095109458
            ],
            [
              79.74849988926128,
              25.62773434076746
            ],
            [
              79.74897259084864,
              25.627742373771557
            ],
            [
              79.75037653816177,
              25.62773993989612
            ],
            [
              79.75172102508793,
              25.627882057081113
            ],
            [
              79.75388718213989,
              25.628094940963315
            ],
            [
              79.75430062635951,
              25.628198016251485
            ],
            [
              79.75386383133237,
              25.628835131864225
            ],
            [
              79.75277933661239,
              25.629247788727607
            ],
            [
              79.7515160807441,
              25.62986830818669
            ],
            [
              79.75014338132809,
              25.63054311761651
            ],
            [
              79.74853052540573,
              25.631321757958517
            ],
            [
              79.74834258437355,
              25.631380654344298
            ],
            [
              79.74739823492271,
              25.632050794180905
            ],
            [
              79.74602506029792,
              25.632481799778738
            ],
            [
              79.74524275614453,
              25.63220785882535
            ],
            [
              79.74433122484598,
              25.6319881798146
            ],
            [
              79.74340922278444,
              25.631524894037046
            ],
            [
              79.74229930484356,
              25.631680141113613
            ],
            [
              79.74034311102298,
              25.631927099391678
            ],
            [
              79.73866563928223,
              25.632083396401775
            ],
            [
              79.7380883845756,
              25.632215213632584
            ],
            [
              79.73581426080632,
              25.632846230269852
            ],
            [
              79.7337583656673,
              25.6329894088349
            ],
            [
              79.73148340915971,
              25.633178100660658
            ],
            [
              79.73030871729696,
              25.633324409106933
            ],
            [
              79.72949165193533,
              25.63303680211373
            ],
            [
              79.7286499403956,
              25.632884696810557
            ],
            [
              79.72777879914884,
              25.632967283002053
            ],
            [
              79.72686840871067,
              25.633365892385132
            ],
            [
              79.72637624063113,
              25.633763850896955
            ],
            [
              79.7257796389082,
              25.634198063987313
            ],
            [
              79.72447580434189,
              25.634534034363206
            ],
            [
              79.72290746263683,
              25.634522967135965
            ],
            [
              79.72247403180045,
              25.63437017531356
            ],
            [
              79.7220709658173,
              25.634492579837207
            ],
            [
              79.7214246073091,
              25.634971962871035
            ],
            [
              79.71995282371729,
              25.63606199028523
            ],
            [
              79.7185143101303,
              25.636276198323564
            ],
            [
              79.71770260142276,
              25.636187214712557
            ],
            [
              79.71684601018862,
              25.63605756264122
            ],
            [
              79.71627888039357,
              25.63632017339838
            ],
            [
              79.71563265573435,
              25.636862751340125
            ],
            [
              79.71511983538643,
              25.636895124670907
            ],
            [
              79.71434261479925,
              25.63658929097916
            ],
            [
              79.71333083780316,
              25.63599508481705
            ],
            [
              79.71095505259146,
              25.635529107126693
            ],
            [
              79.70943476087261,
              25.634515780929256
            ],
            [
              79.70857205660299,
              25.63378139578251
            ],
            [
              79.70793879373504,
              25.633218136689866
            ],
            [
              79.70723597611124,
              25.632754220716425
            ],
            [
              79.70611533408251,
              25.632516622653885
            ],
            [
              79.70431341692883,
              25.632735810698147
            ],
            [
              79.70173041283896,
              25.633326079129077
            ],
            [
              79.6993166315857,
              25.633861971181037
            ],
            [
              79.69756379478586,
              25.633661277692408
            ],
            [
              79.69649331827588,
              25.63367631027812
            ],
            [
              79.69553251707889,
              25.633758817361702
            ],
            [
              79.69461660828995,
              25.63387287567958
            ],
            [
              79.69403962577285,
              25.634207624024405
            ],
            [
              79.69339350980981,
              25.63488096570267
            ],
            [
              79.69298583726587,
              25.63526067313381
            ],
            [
              79.6922897839562,
              25.63588440332432
            ],
            [
              79.69221599903369,
              25.636426082656524
            ],
            [
              79.6921125858765,
              25.63713030625264
            ],
            [
              79.69184960497537,
              25.63774449202873
            ],
            [
              79.6918356352744,
              25.638317669305223
            ],
            [
              79.69213045157088,
              25.63898531874446
            ],
            [
              79.69228027259396,
              25.639287446841255
            ],
            [
              79.69230608927691,
              25.639865118719573
            ],
            [
              79.69255591435066,
              25.640374861131097
            ],
            [
              79.69261152635498,
              25.640889280695045
            ],
            [
              79.69246745904127,
              25.641106074835182
            ],
            [
              79.69243390696542,
              25.64188699565494
            ],
            [
              79.6921854302629,
              25.64220775172437
            ],
            [
              79.69143390328946,
              25.64241184028259
            ],
            [
              79.69074696698159,
              25.642521086352932
            ],
            [
              79.69047338955338,
              25.64272455322791
            ],
            [
              79.69061850609931,
              25.64316663773944
            ],
            [
              79.69073870607421,
              25.643586219365908
            ],
            [
              79.69051490160099,
              25.6437760751799
            ],
            [
              79.69005227192459,
              25.64402941015496
            ],
            [
              79.68966433896072,
              25.644332306969915
            ],
            [
              79.69012819124421,
              25.644832725403838
            ],
            [
              79.69041743169768,
              25.64508056185864
            ],
            [
              79.69077189073913,
              25.645689344909087
            ],
            [
              79.69094662114675,
              25.645977995239278
            ],
            [
              79.69137024956673,
              25.64623925688271
            ],
            [
              79.6916441773379,
              25.646229861392104
            ],
            [
              79.69182810918895,
              25.646071673352743
            ],
            [
              79.69217140666298,
              25.645881592011843
            ],
            [
              79.69264517544887,
              25.64635938418187
            ],
            [
              79.69289953701484,
              25.646634385910854
            ],
            [
              79.69293975908168,
              25.646837464351787
            ],
            [
              79.69262121109205,
              25.646910084254156
            ],
            [
              79.69237238674148,
              25.646991675202532
            ],
            [
              79.69227310493632,
              25.6471993551853
            ],
            [
              79.69253758063404,
              25.64753299640433
            ],
            [
              79.69283688042209,
              25.64786661239638
            ],
            [
              79.69344432840374,
              25.64785225940483
            ],
            [
              79.69354904321976,
              25.647960497147107
            ],
            [
              79.69349989189901,
              25.648389310666726
            ],
            [
              79.69339595861727,
              25.648759492378613
            ],
            [
              79.69363041261822,
              25.64899838132181
            ],
            [
              79.69371043544203,
              25.649201446022094
            ],
            [
              79.69362647260738,
              25.649625773685358
            ],
            [
              79.69366699021997,
              25.650045471076606
            ],
            [
              79.69400072692443,
              25.650162349716403
            ],
            [
              79.69456351695833,
              25.650188670311604
            ],
            [
              79.69476296810424,
              25.65037798035157
            ],
            [
              79.694683761849,
              25.650639902055133
            ],
            [
              79.69445008758572,
              25.650879341126497
            ],
            [
              79.69425163087483,
              25.65133546862845
            ],
            [
              79.69431710638098,
              25.65176413883497
            ],
            [
              79.69462098667863,
              25.65188565177097
            ],
            [
              79.69521351274508,
              25.651835189627487
            ],
            [
              79.69561737643221,
              25.652137073033717
            ],
            [
              79.69605159419281,
              25.652781884905746
            ],
            [
              79.69631610672147,
              25.653151589801418
            ],
            [
              79.69693873173985,
              25.653254578673717
            ],
            [
              79.69754184894347,
              25.65357874731666
            ],
            [
              79.69801977782747,
              25.653519401125866
            ],
            [
              79.69857231179577,
              25.65342385019846
            ],
            [
              79.69889110502548,
              25.65346854531672
            ],
            [
              79.69924547603205,
              25.653969088198984
            ],
            [
              79.69960491623173,
              25.65447405675185
            ],
            [
              79.70001867755666,
              25.654762328727422
            ],
            [
              79.70046732944722,
              25.65502352012212
            ],
            [
              79.70099572388722,
              25.65539740531033
            ],
            [
              79.70140424174583,
              25.655455518931216
            ],
            [
              79.70182755306054,
              25.655527093865008
            ],
            [
              79.70191779691565,
              25.65583838938552
            ],
            [
              79.70214192118914,
              25.655860719084778
            ],
            [
              79.70243540528406,
              25.655702269307703
            ],
            [
              79.70266926639691,
              25.655598181284557
            ],
            [
              79.70274944373098,
              25.655873384401506
            ],
            [
              79.70264586977534,
              25.656446752352355
            ],
            [
              79.70270681328086,
              25.657177789030925
            ],
            [
              79.70301110860018,
              25.65747973827206
            ],
            [
              79.70373818971981,
              25.657514803253868
            ],
            [
              79.7043064280359,
              25.6578344597976
            ],
            [
              79.70500403543107,
              25.658059210390476
            ],
            [
              79.705477453874,
              25.658288686171353
            ],
            [
              79.70563752736942,
              25.65870372708875
            ],
            [
              79.70573316021792,
              25.659281244245594
            ],
            [
              79.70603761723402,
              25.65965091523277
            ],
            [
              79.70607792014923,
              25.659962296348
            ],
            [
              79.70616822508981,
              25.66034131506965
            ],
            [
              79.70636738428324,
              25.66031840968795
            ],
            [
              79.7065911707902,
              25.660137551917337
            ],
            [
              79.70675486808948,
              25.659771803124958
            ],
            [
              79.70784532313141,
              25.659684501827872
            ],
            [
              79.70812392483698,
              25.65950806906038
            ],
            [
              79.70855693526181,
              25.65938557278265
            ],
            [
              79.70897050344894,
              25.659506801838603
            ],
            [
              79.70899628779256,
              25.660043881609127
            ],
            [
              79.70915592380842,
              25.6602106463182
            ],
            [
              79.7098390701241,
              25.660688126853177
            ],
            [
              79.71030251636907,
              25.660890514975137
            ],
            [
              79.71055129580387,
              25.660745769879387
            ],
            [
              79.71109409383114,
              25.66074493829904
            ],
            [
              79.71142299041287,
              25.660866371641383
            ],
            [
              79.71155801797985,
              25.66118657709617
            ],
            [
              79.71174749962272,
              25.661357810637423
            ],
            [
              79.71202799407861,
              25.662278165859398
            ],
            [
              79.71246886925377,
              25.66376234977358
            ],
            [
              79.7127739047849,
              25.66442987627561
            ],
            [
              79.71257723033153,
              25.665874414809256
            ],
            [
              79.71171169996202,
              25.66642631623251
            ],
            [
              79.71144898496225,
              25.667117267905795
            ],
            [
              79.71155720141127,
              25.6691977671955
            ],
            [
              79.71207371024174,
              25.671191874876417
            ],
            [
              79.71069184711155,
              25.672710400308354
            ],
            [
              79.70934380914504,
              25.673673635789225
            ],
            [
              79.70843449758353,
              25.674870952164728
            ],
            [
              79.7082013919538,
              25.675431006894122
            ],
            [
              79.70825327325475,
              25.67663591837892
            ],
            [
              79.7079649832188,
              25.676947783000173
            ],
            [
              79.70751667628133,
              25.676939396271326
            ],
            [
              79.70690881417633,
              25.676809331867585
            ],
            [
              79.70604238638988,
              25.676914440102504
            ],
            [
              79.70563362239287,
              25.676711868683014
            ],
            [
              79.70509046863275,
              25.67657272020172
            ],
            [
              79.70437844237898,
              25.67665501464961
            ],
            [
              79.70438945392773,
              25.67725067880143
            ],
            [
              79.70470999168572,
              25.678324417800827
            ],
            [
              79.70563413982246,
              25.67992537528091
            ],
            [
              79.70616471986358,
              25.6814320886157
            ],
            [
              79.70667893799009,
              25.682108296798123
            ],
            [
              79.70731264732073,
              25.682802487319794
            ],
            [
              79.70794520860447,
              25.682801557935562
            ],
            [
              79.70986820608204,
              25.68301100112981
            ],
            [
              79.71137167594888,
              25.682557473695244
            ],
            [
              79.71485895923804,
              25.68017379215052
            ],
            [
              79.71728077322659,
              25.6781166997222
            ],
            [
              79.7178186781305,
              25.678066237344197
            ],
            [
              79.71829725020822,
              25.67830469921622
            ],
            [
              79.71871530458188,
              25.67817322193207
            ],
            [
              79.71923285815303,
              25.67791061262837
            ],
            [
              79.71975503984456,
              25.67748108674281
            ],
            [
              79.72057153657259,
              25.67731287108913
            ],
            [
              79.72096354519292,
              25.676504355054114
            ],
            [
              79.72206680661752,
              25.67521188918495
            ],
            [
              79.7231989066577,
              25.673346182845318
            ],
            [
              79.7238297261081,
              25.672438056018443
            ],
            [
              79.72488516302361,
              25.672246867814483
            ],
            [
              79.72461910629097,
              25.67112347911439
            ],
            [
              79.72501142572837,
              25.670527055654222
            ],
            [
              79.72685786787913,
              25.66985175334551
            ],
            [
              79.72880374005709,
              25.66910850532262
            ],
            [
              79.72967597455354,
              25.669441109622543
            ],
            [
              79.72891497304882,
              25.66994782872259
            ],
            [
              79.727387595419,
              25.67080775503693
            ],
            [
              79.72694100156879,
              25.671670487040938
            ],
            [
              79.7273605228913,
              25.67226557939988
            ],
            [
              79.72820784800324,
              25.672620784825273
            ],
            [
              79.73002454513832,
              25.672044772627274
            ],
            [
              79.73113013409781,
              25.67199782476133
            ],
            [
              79.7323305474221,
              25.67205464620172
            ],
            [
              79.73386071432087,
              25.672674998937758
            ],
            [
              79.73510195158323,
              25.673223620630175
            ],
            [
              79.73615748911004,
              25.673077537607586
            ],
            [
              79.73650493859735,
              25.675013209958603
            ],
            [
              79.73669350395863,
              25.677183810195203
            ],
            [
              79.73651144239999,
              25.67826270613322
            ],
            [
              79.7362189805879,
              25.67900342781288
            ],
            [
              79.73663918283341,
              25.679891848630295
            ],
            [
              79.73842116637096,
              25.681870324234684
            ],
            [
              79.7388716283668,
              25.682970802086768
            ],
            [
              79.73961912010797,
              25.683132075011848
            ],
            [
              79.74124775134504,
              25.683052616900568
            ],
            [
              79.74195964015655,
              25.682893502175013
            ],
            [
              79.74264189534348,
              25.682824697010414
            ],
            [
              79.74253902207377,
              25.683682329215625
            ],
            [
              79.74264650100592,
              25.685126470090132
            ],
            [
              79.74311091293984,
              25.68567631435583
            ],
            [
              79.74389366535254,
              25.68604052729637
            ],
            [
              79.7448449147631,
              25.68598927006138
            ],
            [
              79.74562133225642,
              25.68571273594287
            ],
            [
              79.74633269375687,
              25.685260151396424
            ],
            [
              79.74754165185614,
              25.684554030192963
            ],
            [
              79.7482717207724,
              25.68418768761613
            ],
            [
              79.74849216105488,
              25.684150684299482
            ],
            [
              79.74982453509779,
              25.684195068362925
            ],
            [
              79.74991734993125,
              25.684196965968486
            ],
            [
              79.7527846869782,
              25.68366038117353
            ],
            [
              79.75358997991802,
              25.682927898265834
            ],
            [
              79.75504091630705,
              25.68129601880578
            ],
            [
              79.75838501622474,
              25.67760280421141
            ],
            [
              79.75999452232944,
              25.675659173286494
            ],
            [
              79.76294981701912,
              25.674218625758627
            ],
            [
              79.76448384487698,
              25.674215893269274
            ],
            [
              79.76546040432065,
              25.674430760658986
            ],
            [
              79.7658546380679,
              25.674741460335877
            ],
            [
              79.76556702805667,
              25.675315138324216
            ],
            [
              79.76628073685494,
              25.67600884217141
            ],
            [
              79.76691970312665,
              25.676653108827857
            ],
            [
              79.76707509190787,
              25.677086109292446
            ],
            [
              79.76689889634804,
              25.67848555290646
            ],
            [
              79.76647794041601,
              25.67956504506125
            ],
            [
              79.76629496886399,
              25.680165656620385
            ],
            [
              79.7655794787065,
              25.680929628970354
            ],
            [
              79.76468520943442,
              25.6819377310065
            ],
            [
              79.7637354539222,
              25.682684223926262
            ],
            [
              79.76247253222716,
              25.683688438981207
            ],
            [
              79.76183539133213,
              25.68385659706085
            ],
            [
              79.76165176311166,
              25.684195405948884
            ],
            [
              79.76094119841686,
              25.684959455273326
            ],
            [
              79.76046337463575,
              25.68513180827829
            ],
            [
              79.75964853619774,
              25.686040435008117
            ],
            [
              79.75803713913939,
              25.68719415816393
            ],
            [
              79.75776381593444,
              25.687483499756784
            ],
            [
              79.7579982357994,
              25.68762750566115
            ],
            [
              79.75860754598862,
              25.688389170763887
            ],
            [
              79.75916365076019,
              25.689850461741777
            ],
            [
              79.75962994825787,
              25.691280415642513
            ],
            [
              79.76005539666464,
              25.692186812236837
            ],
            [
              79.76103791104033,
              25.692762702781017
            ],
            [
              79.76193504414154,
              25.693000380783822
            ],
            [
              79.76323017582936,
              25.692970885880207
            ],
            [
              79.76418123030552,
              25.69282933193587
            ],
            [
              79.76526207067896,
              25.69280023202598
            ],
            [
              79.76605430211454,
              25.69287098960852
            ],
            [
              79.76677243601391,
              25.693253300334632
            ],
            [
              79.76743181290719,
              25.694060000344862
            ],
            [
              79.76722196915176,
              25.696023635220822
            ],
            [
              79.76653682408455,
              25.69703140633879
            ],
            [
              79.76503969093375,
              25.698085706656432
            ],
            [
              79.76364163477224,
              25.698878075647645
            ],
            [
              79.76224339176113,
              25.699598198046882
            ],
            [
              79.76095037201254,
              25.700579891706727
            ],
            [
              79.76024096434782,
              25.701921619972076
            ],
            [
              79.75971577509675,
              25.70326758504569
            ],
            [
              79.76016745969972,
              25.70477415283701
            ],
            [
              79.76105612078946,
              25.70567526970716
            ],
            [
              79.76306608866126,
              25.706705166788304
            ],
            [
              79.76533820828917,
              25.70686807413629
            ],
            [
              79.76655246914353,
              25.706315217163223
            ],
            [
              79.76771653213987,
              25.70554584778861
            ],
            [
              79.76890190227638,
              25.70539918762896
            ],
            [
              79.77088308363493,
              25.7047275327334
            ],
            [
              79.77241677462455,
              25.70443587681483
            ],
            [
              79.77334450344604,
              25.70488995794686
            ],
            [
              79.77416483508202,
              25.706346227210638
            ],
            [
              79.7741111257095,
              25.70685178567785
            ],
            [
              79.77373613118064,
              25.70840054229479
            ],
            [
              79.77321040024546,
              25.709430558244616
            ],
            [
              79.77276476759259,
              25.7106499681713
            ],
            [
              79.7727675712346,
              25.711873067662953
            ],
            [
              79.77308843597933,
              25.712734542334506
            ],
            [
              79.77393171328262,
              25.71330618307763
            ],
            [
              79.77498824793943,
              25.713448590828882
            ],
            [
              79.77570549609993,
              25.713375001385092
            ],
            [
              79.77649690557703,
              25.71306208285709
            ],
            [
              79.77744700694066,
              25.71243745009793
            ],
            [
              79.77928675035433,
              25.710890403624084
            ],
            [
              79.7808148960437,
              25.710309724247434
            ],
            [
              79.78200532728853,
              25.71019011626913
            ],
            [
              79.78338105492536,
              25.71047176790899
            ],
            [
              79.78438390536245,
              25.711119766332807
            ],
            [
              79.78480953343225,
              25.712003538118655
            ],
            [
              79.78475810937381,
              25.713407192067965
            ],
            [
              79.7842341157804,
              25.715132340285223
            ],
            [
              79.78434016459464,
              25.715732346739806
            ],
            [
              79.78489464341557,
              25.7163541367947
            ],
            [
              79.78621601489284,
              25.716807393058065
            ],
            [
              79.78743215322615,
              25.71702161707173
            ],
            [
              79.78854278892094,
              25.716847928692303
            ],
            [
              79.78938832818213,
              25.716227958997933
            ],
            [
              79.78985923403721,
              25.71524309227056
            ],
            [
              79.79012017127106,
              25.7139517986982
            ],
            [
              79.7902756786299,
              25.712344741965133
            ],
            [
              79.79030325241753,
              25.711387891136592
            ],
            [
              79.79064066682479,
              25.710836608356317
            ],
            [
              79.79156617141759,
              25.710356321929865
            ],
            [
              79.79267711792947,
              25.710326980252294
            ],
            [
              79.79318089493742,
              25.71059229101211
            ],
            [
              79.79455734032814,
              25.711140143981567
            ],
            [
              79.79743426419581,
              25.712059485781108
            ],
            [
              79.79941374504351,
              25.712700830673075
            ],
            [
              79.79989365561102,
              25.713367837736868
            ],
            [
              79.79957656558706,
              25.714063540815072
            ],
            [
              79.7982595212945,
              25.71536149086148
            ],
            [
              79.79636044864789,
              25.717017259609346
            ],
            [
              79.7949872012596,
              25.717787296161994
            ],
            [
              79.79343101735354,
              25.71910835217266
            ],
            [
              79.7924831941175,
              25.72066282080345
            ],
            [
              79.79173219265851,
              25.721232966698242
            ],
            [
              79.79062757028623,
              25.72180833876629
            ],
            [
              79.78851149970127,
              25.722435427102088
            ],
            [
              79.78727256032941,
              25.723132882685725
            ],
            [
              79.78714008307952,
              25.723995173319107
            ],
            [
              79.78740609220145,
              25.724811632088294
            ],
            [
              79.78822960207691,
              25.725383163811095
            ],
            [
              79.78915691587673,
              25.72559799309487
            ],
            [
              79.79010850844371,
              25.725569003975078
            ],
            [
              79.79060101698477,
              25.72524300881466
            ],
            [
              79.7921581117825,
              25.72423797162337
            ],
            [
              79.79413837775772,
              25.723105670174867
            ],
            [
              79.7951390641533,
              25.72279220021461
            ],
            [
              79.79585181983909,
              25.72288552012617
            ],
            [
              79.79714910568697,
              25.72360503676459
            ],
            [
              79.79846250102285,
              25.724811882965863
            ],
            [
              79.79941745867887,
              25.726127848314476
            ],
            [
              79.80045336622013,
              25.727921934307826
            ],
            [
              79.80122363564365,
              25.72907128214097
            ],
            [
              79.80204331959433,
              25.730071530630667
            ],
            [
              79.80339421600006,
              25.73028533907813
            ],
            [
              79.80386671007658,
              25.729950350732825
            ],
            [
              79.8053698206173,
              25.7292747210126
            ],
            [
              79.80579161288085,
              25.728605920816506
            ],
            [
              79.80647531794867,
              25.727047371286105
            ],
            [
              79.80671219919752,
              25.726184826012933
            ],
            [
              79.80655029763047,
              25.72522839079724
            ],
            [
              79.80676281477217,
              25.724555460724808
            ],
            [
              79.80697067414916,
              25.724004354691598
            ],
            [
              79.80728807319353,
              25.72343056489228
            ],
            [
              79.80799923886126,
              25.722900967150135
            ],
            [
              79.80905500815344,
              25.72268206789563
            ],
            [
              79.81003132415368,
              25.722607809209606
            ],
            [
              79.81081430923005,
              25.72289051671704
            ],
            [
              79.81171274399009,
              25.72348428405688
            ],
            [
              79.81312016868168,
              25.72439298709329
            ],
            [
              79.81401821896283,
              25.7248468747168
            ],
            [
              79.81462636942699,
              25.72494035325381
            ],
            [
              79.81533921404599,
              25.725060635909472
            ],
            [
              79.81668850336567,
              25.72467410416158
            ],
            [
              79.81798279512871,
              25.724237991046238
            ],
            [
              79.81919841064254,
              25.724190178396693
            ],
            [
              79.81967230609091,
              25.724401261226266
            ],
            [
              79.82001881414376,
              25.725407034290196
            ],
            [
              79.82007838592182,
              25.727180535331733
            ],
            [
              79.81992444702148,
              25.72922542136374
            ],
            [
              79.81932179514514,
              25.731190004639082
            ],
            [
              79.81914198117133,
              25.732914453896015
            ],
            [
              79.81948793226873,
              25.73368097988085
            ],
            [
              79.82007187762757,
              25.734040795095947
            ],
            [
              79.82122373431581,
              25.734322585281234
            ],
            [
              79.82370947062334,
              25.734032714228068
            ],
            [
              79.82669122608803,
              25.732947419385447
            ],
            [
              79.82793094789254,
              25.732560944026872
            ],
            [
              79.82893737003118,
              25.732509052158267
            ],
            [
              79.82954706200441,
              25.733157604612842
            ],
            [
              79.82986413226541,
              25.734298672894276
            ],
            [
              79.83076588540213,
              25.736043265129823
            ],
            [
              79.83161594678242,
              25.73709749003315
            ],
            [
              79.83254349324591,
              25.737334509807123
            ],
            [
              79.83336050740354,
              25.737260485229232
            ],
            [
              79.83464479912087,
              25.73675659510397
            ],
            [
              79.83557128826722,
              25.736632525886648
            ],
            [
              79.83644390364938,
              25.736847195661184
            ],
            [
              79.83721341399648,
              25.737612653232524
            ],
            [
              79.83776952864955,
              25.738662947744768
            ],
            [
              79.83761592661743,
              25.74073488763022
            ],
            [
              79.83777605760503,
              25.74272488899858
            ],
            [
              79.83854675911822,
              25.74386944026436
            ],
            [
              79.8401895343294,
              25.74499390480791
            ],
            [
              79.84207050232978,
              25.745779332068906
            ],
            [
              79.84336665180885,
              25.74592068707941
            ],
            [
              79.84471266407435,
              25.746084532714296
            ],
            [
              79.84569030059808,
              25.746393571114833
            ],
            [
              79.8479933968319,
              25.746649887991328
            ],
            [
              79.84969293658592,
              25.746690919159896
            ],
            [
              79.85159772700932,
              25.747070005706693
            ],
            [
              79.85429477941103,
              25.747397364265066
            ],
            [
              79.85500771116658,
              25.747494920065847
            ],
            [
              79.85625358912573,
              25.74746478894232
            ],
            [
              79.85767878968016,
              25.747438768183674
            ],
            [
              79.85879136483764,
              25.74786930626456
            ],
            [
              79.85948112185551,
              25.748535566658383
            ],
            [
              79.86022278173387,
              25.749874131629053
            ],
            [
              79.86037070282012,
              25.750271968024094
            ],
            [
              79.86110187217261,
              25.751265906709413
            ],
            [
              79.86239250240254,
              25.752737356250638
            ],
            [
              79.86252697840395,
              25.753351120793
            ],
            [
              79.86243720436771,
              25.7537799229931
            ],
            [
              79.86218803775901,
              25.754086756040053
            ],
            [
              79.86182415898352,
              25.754578712370463
            ],
            [
              79.860493276144,
              25.755905483376306
            ],
            [
              79.85945649633864,
              25.756889290743253
            ],
            [
              79.85904771078206,
              25.757543604938117
            ],
            [
              79.85904767484945,
              25.758036618947827
            ],
            [
              79.85904768832417,
              25.758116854646698
            ],
            [
              79.85938651937464,
              25.75852303712941
            ],
            [
              79.85981510200342,
              25.758811980323635
            ],
            [
              79.86058263156532,
              25.759128001681503
            ],
            [
              79.8612604751259,
              25.75922733827086
            ],
            [
              79.86220739465678,
              25.75941248231924
            ],
            [
              79.86369760988161,
              25.759146305600336
            ],
            [
              79.86545696934871,
              25.758798915767983
            ],
            [
              79.86619960210253,
              25.758839581094012
            ],
            [
              79.86703692177882,
              25.75918709863706
            ],
            [
              79.8675552640708,
              25.75965653833846
            ],
            [
              79.86809847442481,
              25.760351613740635
            ],
            [
              79.86832271008942,
              25.760965447340645
            ],
            [
              79.86834264011227,
              25.76164241380684
            ],
            [
              79.86834254039931,
              25.762134321036473
            ],
            [
              79.86820796827816,
              25.76256308585726
            ],
            [
              79.86789398103522,
              25.76305509606315
            ],
            [
              79.86726093466125,
              25.763727550049897
            ],
            [
              79.86543667460982,
              25.764661676774487
            ],
            [
              79.86326834902476,
              25.766132842209455
            ],
            [
              79.86096543335229,
              25.767788987721755
            ],
            [
              79.85992846579903,
              25.76932340167519
            ],
            [
              79.85900105498115,
              25.77128659867298
            ],
            [
              79.85882158506213,
              25.77212155213937
            ],
            [
              79.85880148435932,
              25.77283914706162
            ],
            [
              79.85880134871373,
              25.77369671268858
            ],
            [
              79.85891094497501,
              25.77439169778833
            ],
            [
              79.85936443609,
              25.775641925872367
            ],
            [
              79.85990761320633,
              25.77648148386514
            ],
            [
              79.86008700227698,
              25.77711340819647
            ],
            [
              79.86017660742996,
              25.7777903383777
            ],
            [
              79.86013168268258,
              25.77844478812687
            ],
            [
              79.85965791030343,
              25.78010115009134
            ],
            [
              79.85853104205148,
              25.782411775236366
            ],
            [
              79.85711008873169,
              25.784289106117022
            ],
            [
              79.8565915533019,
              25.7848442041385
            ],
            [
              79.85523539636188,
              25.785904685138703
            ],
            [
              79.85311140083948,
              25.787827051877063
            ],
            [
              79.85272735937743,
              25.78850399371418
            ],
            [
              79.85225359598141,
              25.78977212232689
            ],
            [
              79.8516451266153,
              25.79097709109678
            ],
            [
              79.85141569509511,
              25.791446412319942
            ],
            [
              79.85108158379316,
              25.792082727294876
            ],
            [
              79.85135070198429,
              25.792448365385415
            ],
            [
              79.85151020684614,
              25.7925927917242
            ],
            [
              79.8519838139353,
              25.792615416862123
            ],
            [
              79.8533349142586,
              25.79232676303409
            ],
            [
              79.85520955811937,
              25.791487614035145
            ],
            [
              79.85645098672288,
              25.79091451339136
            ],
            [
              79.85735336239208,
              25.790874028102515
            ],
            [
              79.85764750495208,
              25.790959867025066
            ],
            [
              79.85812103209116,
              25.79114045880565
            ],
            [
              79.85855475038845,
              25.791569262786425
            ],
            [
              79.85873412508606,
              25.792043104611718
            ],
            [
              79.85882378413793,
              25.79248999785422
            ],
            [
              79.85875387544588,
              25.793392575151355
            ],
            [
              79.85857434623806,
              25.793884493914945
            ],
            [
              79.8578679102003,
              25.79502194966507
            ],
            [
              79.8577615047549,
              25.79519327203891
            ],
            [
              79.85769163828367,
              25.79568519708029
            ],
            [
              79.85746708461546,
              25.797625893297557
            ],
            [
              79.8575364920476,
              25.799918617753764
            ],
            [
              79.8577356620208,
              25.80224752360932
            ],
            [
              79.85778514481991,
              25.804273941659762
            ],
            [
              79.85760052575768,
              25.80584910218275
            ],
            [
              79.85696682810512,
              25.808593037779012
            ],
            [
              79.85710635443505,
              25.80926558377844
            ],
            [
              79.85787415528814,
              25.809879448125056
            ],
            [
              79.85836775168903,
              25.810267632056473
            ],
            [
              79.85900096604793,
              25.810430237261038
            ],
            [
              79.859634157949,
              25.810430255861128
            ],
            [
              79.86044698685573,
              25.810227273065607
            ],
            [
              79.86150903716837,
              25.809861831344424
            ],
            [
              79.86250132521437,
              25.809329320376296
            ],
            [
              79.86374293437926,
              25.808814870361488
            ],
            [
              79.86464541425303,
              25.809081200893353
            ],
            [
              79.86520876214077,
              25.809469423832088
            ],
            [
              79.86563755317869,
              25.81002462068129
            ],
            [
              79.86577711094967,
              25.81061582219735
            ],
            [
              79.86561757374844,
              25.811044547633205
            ],
            [
              79.86545790988481,
              25.81149590922506
            ],
            [
              79.8647349071166,
              25.811924607215172
            ],
            [
              79.86310937776221,
              25.81257885965577
            ],
            [
              79.86218185106168,
              25.812989516088223
            ],
            [
              79.8609401727265,
              25.81399133393252
            ],
            [
              79.86022195169055,
              25.815318224877103
            ],
            [
              79.85992767168828,
              25.816139617597628
            ],
            [
              79.85990262665818,
              25.81710092438193
            ],
            [
              79.86006196533171,
              25.818549682749605
            ],
            [
              79.86053529663806,
              25.82217384935637
            ],
            [
              79.8606498264469,
              25.823238971728376
            ],
            [
              79.86069467124422,
              25.82397463364487
            ],
            [
              79.86107855999266,
              25.82452529011831
            ],
            [
              79.86159710799885,
              25.824936024798998
            ],
            [
              79.86209081938404,
              25.825283617118274
            ],
            [
              79.86270414324598,
              25.82548676332069
            ],
            [
              79.86464402096603,
              25.825464353077212
            ],
            [
              79.86525237983939,
              25.825464419382115
            ],
            [
              79.86570623387374,
              25.825730719752055
            ],
            [
              79.86617994876072,
              25.826060248215498
            ],
            [
              79.86638435501374,
              25.82648900507
            ],
            [
              79.86660870566266,
              25.82699902569692
            ],
            [
              79.86665351901894,
              25.827409704897338
            ],
            [
              79.86660858528842,
              25.82818595576096
            ],
            [
              79.86642909380981,
              25.828817817911045
            ],
            [
              79.86600016982125,
              25.829390948686623
            ],
            [
              79.86568099480753,
              25.829720437044063
            ],
            [
              79.86525209237848,
              25.829882832802976
            ],
            [
              79.86430456378984,
              25.82996408477277
            ],
            [
              79.86326720457109,
              25.83000458419628
            ],
            [
              79.86274859188622,
              25.830293407396475
            ],
            [
              79.8623395512081,
              25.83069954722857
            ],
            [
              79.86164129522933,
              25.83135394739928
            ],
            [
              79.86136701442027,
              25.83199022835252
            ],
            [
              79.86146161510453,
              25.83278914022051
            ],
            [
              79.86190531817618,
              25.833998724865108
            ],
            [
              79.86305724133973,
              25.835145167938908
            ],
            [
              79.86509186527115,
              25.83768171001094
            ],
            [
              79.8657201658455,
              25.83878756116941
            ],
            [
              79.86596949504923,
              25.839541240085662
            ],
            [
              79.86608413535083,
              25.840073794668285
            ],
            [
              79.86590787870557,
              25.84249951223858
            ],
            [
              79.86590095898293,
              25.842594591859974
            ],
            [
              79.86578959843042,
              25.844122218867398
            ],
            [
              79.86587927994017,
              25.844799206867986
            ],
            [
              79.8663780632135,
              25.845534878674183
            ],
            [
              79.86694164196821,
              25.84585987475841
            ],
            [
              79.86784435001408,
              25.846067478227514
            ],
            [
              79.86840796559974,
              25.846067494396625
            ],
            [
              79.8693356998111,
              25.84606753886168
            ],
            [
              79.87120111797392,
              25.845476368046597
            ],
            [
              79.87189937934257,
              25.844844564932828
            ],
            [
              79.87235320013929,
              25.84380201466729
            ],
            [
              79.87251281908718,
              25.843003139156632
            ],
            [
              79.87237321640045,
              25.842493110694694
            ],
            [
              79.87198920368448,
              25.841960616320048
            ],
            [
              79.87115627317662,
              25.841143624686556
            ],
            [
              79.86948562144553,
              25.839852818635038
            ],
            [
              79.86871757086075,
              25.83905399488072
            ],
            [
              79.8682886495671,
              25.83831829409012
            ],
            [
              79.86826378060675,
              25.837785722712145
            ],
            [
              79.86842337080857,
              25.837131302319108
            ],
            [
              79.86864788225594,
              25.83662129867197
            ],
            [
              79.86937104043271,
              25.83586761166722
            ],
            [
              79.87041333769055,
              25.835312560240425
            ],
            [
              79.87138093374435,
              25.835127500745553
            ],
            [
              79.87212903633993,
              25.835127563810897
            ],
            [
              79.87255792619254,
              25.8351907569019
            ],
            [
              79.87312143308205,
              25.835457032155475
            ],
            [
              79.87372984136272,
              25.83566013017378
            ],
            [
              79.87472229110548,
              25.836048290230398
            ],
            [
              79.87614874121648,
              25.83700954774669
            ],
            [
              79.87778952755767,
              25.838516943642468
            ],
            [
              79.87878206533532,
              25.839171352329213
            ],
            [
              79.88002394579141,
              25.839907005773554
            ],
            [
              79.88164988926916,
              25.840295054070516
            ],
            [
              79.88311616528996,
              25.84039874916158
            ],
            [
              79.88449770323004,
              25.840664948824287
            ],
            [
              79.88526574213671,
              25.840804817121754
            ],
            [
              79.88564984019264,
              25.84107109671976
            ],
            [
              79.88575955143828,
              25.841296691795584
            ],
            [
              79.88603398136767,
              25.841748013248267
            ],
            [
              79.8860090683899,
              25.842321212376373
            ],
            [
              79.88598411319131,
              25.842483682201415
            ],
            [
              79.88575969696535,
              25.84295313164433
            ],
            [
              79.88531094087023,
              25.843463085360337
            ],
            [
              79.88517128787782,
              25.843630162716945
            ],
            [
              79.88469746878629,
              25.843851279644714
            ],
            [
              79.88433834659021,
              25.843955168076814
            ],
            [
              79.883839574995,
              25.843995833299026
            ],
            [
              79.8833458393553,
              25.843977800381992
            ],
            [
              79.88302668859608,
              25.843955202841038
            ],
            [
              79.88231875506679,
              25.843783080275408
            ],
            [
              79.88121593381665,
              25.84351616404579
            ],
            [
              79.88121046217825,
              25.84351484623488
            ],
            [
              79.88099672063281,
              25.843463352156522
            ],
            [
              79.88018369409671,
              25.843034610714856
            ],
            [
              79.8798894338574,
              25.84293087508489
            ],
            [
              79.8776300613234,
              25.841215910062278
            ],
            [
              79.8762534668123,
              25.840787166943283
            ],
            [
              79.8755502781843,
              25.840886436732372
            ],
            [
              79.87485199076451,
              25.841482190351947
            ],
            [
              79.87460266515404,
              25.84191093661149
            ],
            [
              79.87421859494589,
              25.842669149791305
            ],
            [
              79.87417366480862,
              25.843793005066345
            ],
            [
              79.87412877329893,
              25.84456924790581
            ],
            [
              79.87442305689444,
              25.845061181305923
            ],
            [
              79.87464753061258,
              25.84540869592173
            ],
            [
              79.87597927942804,
              25.84641063232439
            ],
            [
              79.87724608723495,
              25.84718690002488
            ],
            [
              79.87778974944156,
              25.847430598292156
            ],
            [
              79.87898690098301,
              25.84812564491719
            ],
            [
              79.88074762678765,
              25.84910946877034
            ],
            [
              79.8814458621052,
              25.84935308789182
            ],
            [
              79.88334614208752,
              25.847656038953478
            ],
            [
              79.8836602829424,
              25.847493602103015
            ],
            [
              79.88402938991284,
              25.84771469725653
            ],
            [
              79.88538605440102,
              25.846667535011612
            ],
            [
              79.8856104355927,
              25.846586271874838
            ],
            [
              79.88573510468615,
              25.84657725520989
            ],
            [
              79.88588473526637,
              25.846626865048744
            ],
            [
              79.8860643570007,
              25.84668100623643
            ],
            [
              79.88625388355935,
              25.84680287131458
            ],
            [
              79.88657310438712,
              25.847213553738882
            ],
            [
              79.88695721412115,
              25.847836364817844
            ],
            [
              79.88701213711762,
              25.847935589077615
            ],
            [
              79.88695724017231,
              25.848152229702134
            ],
            [
              79.8871218950757,
              25.848346303948468
            ],
            [
              79.88774533756096,
              25.848314643011665
            ],
            [
              79.88783515112304,
              25.848283055634436
            ],
            [
              79.88786505064897,
              25.84816116621133
            ],
            [
              79.88785993294681,
              25.84727208210138
            ],
            [
              79.88790487386383,
              25.847159218767413
            ],
            [
              79.8879846927701,
              25.847159276167233
            ],
            [
              79.8880195590812,
              25.84717282737239
            ],
            [
              79.888049498133,
              25.84735327685743
            ],
            [
              79.88832392985901,
              25.848409366287605
            ],
            [
              79.88849854528229,
              25.84849515138752
            ],
            [
              79.88864814262486,
              25.848468024217034
            ],
            [
              79.88896734458801,
              25.84832812132484
            ],
            [
              79.88904214370848,
              25.848138545216347
            ],
            [
              79.88908704599795,
              25.84771874109454
            ],
            [
              79.88867289390588,
              25.84701927067079
            ],
            [
              79.88864794409717,
              25.846947026838475
            ],
            [
              79.88864800697925,
              25.84687489129433
            ],
            [
              79.88867291816041,
              25.846874816916912
            ],
            [
              79.88877266259796,
              25.846879304622664
            ],
            [
              79.88913685398718,
              25.847384783638315
            ],
            [
              79.8892265956841,
              25.847434440836803
            ],
            [
              79.88942615372949,
              25.847366680094648
            ],
            [
              79.88980517630407,
              25.847068839093385
            ],
            [
              79.88987491880779,
              25.846843098994682
            ],
            [
              79.88990986506899,
              25.8465271651295
            ],
            [
              79.88951071933373,
              25.845994704275146
            ],
            [
              79.88966533466548,
              25.845687780026534
            ],
            [
              79.89102190572886,
              25.84562441872352
            ],
            [
              79.89174519236468,
              25.845583702319832
            ],
            [
              79.89174516541524,
              25.845615352669284
            ],
            [
              79.89132623787914,
              25.846098291696293
            ],
            [
              79.89085254455172,
              25.84677082271673
            ],
            [
              79.89142606675834,
              25.846842989853897
            ],
            [
              79.89187005190098,
              25.84678873717419
            ],
            [
              79.89192530727411,
              25.846743407342238
            ],
            [
              79.8921194107491,
              25.846584079353114
            ],
            [
              79.89213385565891,
              25.846572220979088
            ],
            [
              79.89229893636372,
              25.84643663864249
            ],
            [
              79.89234378834752,
              25.846423144753135
            ],
            [
              79.89255821800248,
              25.84644114334237
            ],
            [
              79.89315682835834,
              25.84654487912772
            ],
            [
              79.89337119513122,
              25.84639587967038
            ],
            [
              79.8934011216066,
              25.846233411984873
            ],
            [
              79.89361061142583,
              25.84595808121298
            ],
            [
              79.8938848580989,
              25.845818138162777
            ],
            [
              79.89455324599278,
              25.846012085269294
            ],
            [
              79.89604954011713,
              25.846057069362555
            ],
            [
              79.89628398782988,
              25.845840360223768
            ],
            [
              79.89660305235081,
              25.84534841632035
            ],
            [
              79.89669277877634,
              25.8450414410785
            ],
            [
              79.89696200207034,
              25.84469391810752
            ],
            [
              79.89709674217646,
              25.844675879637652
            ],
            [
              79.89726632883074,
              25.84469384211183
            ],
            [
              79.89742594059211,
              25.844725414278322
            ],
            [
              79.89772021161119,
              25.84483822576754
            ],
            [
              79.89796960100206,
              25.844878782352076
            ],
            [
              79.89802440631921,
              25.844878817116
            ],
            [
              79.89809427368876,
              25.844860736634192
            ],
            [
              79.89819900557279,
              25.844729784838226
            ],
            [
              79.89854301990242,
              25.84430548000583
            ],
            [
              79.89880235903337,
              25.844233236941392
            ],
            [
              79.89933602299084,
              25.8442963313868
            ],
            [
              79.89956056408262,
              25.8445129730179
            ],
            [
              79.89963042426562,
              25.844634837904383
            ],
            [
              79.89971022610389,
              25.844914597285076
            ],
            [
              79.89993975733708,
              25.84512222424177
            ],
            [
              79.90019906592534,
              25.845090554357274
            ],
            [
              79.90071780527268,
              25.845131093877576
            ],
            [
              79.90076268420593,
              25.845212273934138
            ],
            [
              79.90078767443885,
              25.845374776977586
            ],
            [
              79.90078776427036,
              25.845519231755034
            ],
            [
              79.90067307995132,
              25.846029255253935
            ],
            [
              79.90078790620416,
              25.846254841682704
            ],
            [
              79.90112708759756,
              25.846417268107658
            ],
            [
              79.90164584670784,
              25.846439771397716
            ],
            [
              79.90313712014807,
              25.846277019196677
            ],
            [
              79.90336153996729,
              25.846398794144314
            ],
            [
              79.90405989835403,
              25.846786766171668
            ],
            [
              79.90428939185799,
              25.846786721706888
            ],
            [
              79.90548628019309,
              25.846375804157503
            ],
            [
              79.90611470114165,
              25.84619060108482
            ],
            [
              79.90684289976546,
              25.846244585632068
            ],
            [
              79.90790527975982,
              25.846357191133677
            ],
            [
              79.90986091931988,
              25.84778290406026
            ],
            [
              79.91065905089023,
              25.8481754117526
            ],
            [
              79.9105643567812,
              25.848360479133184
            ],
            [
              79.90887875708377,
              25.849376292343006
            ],
            [
              79.90670925740065,
              25.850053850932717
            ],
            [
              79.90201101187085,
              25.85117853904605
            ],
            [
              79.90079405966388,
              25.85155794960755
            ],
            [
              79.90009609384094,
              25.853381386940768
            ],
            [
              79.89885453588,
              25.85565172186426
            ],
            [
              79.89724883773384,
              25.857980871729122
            ],
            [
              79.89680007355389,
              25.85861727218684
            ],
            [
              79.89562289335781,
              25.85887917236151
            ],
            [
              79.89322876185305,
              25.859881452970882
            ],
            [
              79.89205662030739,
              25.860536019095637
            ],
            [
              79.89048047314081,
              25.861628435208104
            ],
            [
              79.88918864725319,
              25.863059257006537
            ],
            [
              79.88878469103963,
              25.863673121225133
            ],
            [
              79.8887847009211,
              25.86424623671145
            ],
            [
              79.88918889608652,
              25.865351997096916
            ],
            [
              79.88934863271375,
              25.86608761781756
            ],
            [
              79.88961802938262,
              25.866556954959677
            ],
            [
              79.8903664383037,
              25.867599467868477
            ],
            [
              79.89122462584407,
              25.868601293010013
            ],
            [
              79.89144915435944,
              25.86886753426237
            ],
            [
              79.89235217681565,
              25.86954441290881
            ],
            [
              79.89303076328298,
              25.86997308166387
            ],
            [
              79.89436286244135,
              25.8707898183288
            ],
            [
              79.89503638241048,
              25.87108754703087
            ],
            [
              79.89813420290481,
              25.870166396668544
            ],
            [
              79.8989472932213,
              25.870166281082977
            ],
            [
              79.8992865842092,
              25.87027000898377
            ],
            [
              79.89946626163902,
              25.870432425855775
            ],
            [
              79.89958104297615,
              25.870739344062976
            ],
            [
              79.89962595065553,
              25.87092439875277
            ],
            [
              79.89962601623255,
              25.87123124374473
            ],
            [
              79.89960118230653,
              25.87164194800253
            ],
            [
              79.8995812873179,
              25.872111355226394
            ],
            [
              79.89946668833882,
              25.8724769183216
            ],
            [
              79.89919740575597,
              25.873090799895316
            ],
            [
              79.8989230890143,
              25.87376779417656
            ],
            [
              79.89741693767634,
              25.875965963216107
            ],
            [
              79.89612008122315,
              25.877496192340413
            ],
            [
              79.89579090885863,
              25.878060342092287
            ],
            [
              79.89558646038482,
              25.87870581674227
            ],
            [
              79.89556661390525,
              25.878972070784886
            ],
            [
              79.89555160575178,
              25.87916619626555
            ],
            [
              79.89565642836564,
              25.8793376740738
            ],
            [
              79.89606062622607,
              25.8798205189732
            ],
            [
              79.89678195543289,
              25.88031996114739
            ],
            [
              79.89725319366464,
              25.88064623879957
            ],
            [
              79.89856550383567,
              25.881453902214346
            ],
            [
              79.90096049682478,
              25.882432824901898
            ],
            [
              79.902347599828,
              25.882847818952747
            ],
            [
              79.90415277067969,
              25.879426385140665
            ],
            [
              79.90501036623027,
              25.877237332004764
            ],
            [
              79.9066160625798,
              25.8743530557606
            ],
            [
              79.90860108243953,
              25.872393834907314
            ],
            [
              79.91025214460926,
              25.871757089944257
            ],
            [
              79.91122482422922,
              25.87144997392699
            ],
            [
              79.91246707209626,
              25.871490239292438
            ],
            [
              79.91420829637443,
              25.871941119759313
            ],
            [
              79.92001585617726,
              25.87387110427519
            ],
            [
              79.92170229669779,
              25.874357939279864
            ],
            [
              79.92170057732231,
              25.874356518355214
            ],
            [
              79.9221623437177,
              25.87448979584056
            ],
            [
              79.92271155661443,
              25.87464889466181
            ],
            [
              79.92271020195498,
              25.87465102281045
            ],
            [
              79.92523486675533,
              25.875381314197902
            ],
            [
              79.92807880897738,
              25.87611594298951
            ],
            [
              79.92862275684818,
              25.87642257485991
            ],
            [
              79.92916669483758,
              25.87675183923936
            ],
            [
              79.93171664631485,
              25.877892754094777
            ],
            [
              79.93354789615753,
              25.87860963059621
            ],
            [
              79.93751475943414,
              25.879645973840745
            ],
            [
              79.93959036001722,
              25.8799519742146
            ],
            [
              79.94096755370461,
              25.880235695971756
            ],
            [
              79.94216520021779,
              25.88083087386075
            ],
            [
              79.94261945130754,
              25.88123688215015
            ],
            [
              79.94304895291283,
              25.88195422974475
            ],
            [
              79.94350415082687,
              25.883917260263186
            ],
            [
              79.94379396620215,
              25.88475204601678
            ],
            [
              79.94427335215352,
              25.885406290091435
            ],
            [
              79.9446776838629,
              25.885816780999505
            ],
            [
              79.94564669296663,
              25.88750423772945
            ],
            [
              79.94802447872644,
              25.892201307369618
            ],
            [
              79.94992220569677,
              25.89484055691906
            ],
            [
              79.95355254928818,
              25.89912168003767
            ],
            [
              79.95585958643119,
              25.901598115791344
            ],
            [
              79.95904501871686,
              25.90408762728756
            ],
            [
              79.9603782587357,
              25.905377603217627
            ],
            [
              79.96160149106481,
              25.906211839635805
            ],
            [
              79.96486579363582,
              25.907193651782457
            ],
            [
              79.96753620110786,
              25.907950229967497
            ],
            [
              79.96888882138065,
              25.908296901871463
            ],
            [
              79.97112950895676,
              25.90839467018923
            ],
            [
              79.97316047405,
              25.908294008317192
            ],
            [
              79.97458732480963,
              25.907864307040402
            ],
            [
              79.97573954621386,
              25.907168471723605
            ],
            [
              79.97612335321564,
              25.906716878955724
            ],
            [
              79.97781415595519,
              25.905731753887395
            ],
            [
              79.97894622455433,
              25.904873502778013
            ],
            [
              79.98054680589667,
              25.903522890007267
            ],
            [
              79.98183284214225,
              25.901987476659084
            ],
            [
              79.98226131966815,
              25.901170243856605
            ],
            [
              79.98226340914951,
              25.901169413151912
            ],
            [
              79.98318811693667,
              25.899402547611384
            ],
            [
              79.98356577856359,
              25.898675183026537
            ],
            [
              79.983566355282,
              25.898673452893906
            ],
            [
              79.98384036030829,
              25.89814518588906
            ],
            [
              79.98406423485012,
              25.897440998868813
            ],
            [
              79.98458077781659,
              25.894863514041834
            ],
            [
              79.98588470041778,
              25.8912971238493
            ],
            [
              79.98644640888011,
              25.88906722567955
            ],
            [
              79.98776779023886,
              25.88575455569426
            ],
            [
              79.98777542232551,
              25.88573542274384
            ],
            [
              79.98657733114626,
              25.88497811376641
            ],
            [
              79.98451086732791,
              25.884027409327974
            ],
            [
              79.98419122519027,
              25.883738845069065
            ],
            [
              79.98387694509654,
              25.88369842304756
            ],
            [
              79.98369713830924,
              25.883558646718228
            ],
            [
              79.98347239509656,
              25.88326999887728
            ],
            [
              79.98310807614654,
              25.883211537640477
            ],
            [
              79.98297332076908,
              25.8831259571588
            ],
            [
              79.98281364432901,
              25.883067331785586
            ],
            [
              79.98251903105181,
              25.882765243111844
            ],
            [
              79.98229419621093,
              25.8824314178139
            ],
            [
              79.98186989135951,
              25.88223760401134
            ],
            [
              79.98109143558881,
              25.88203509921435
            ],
            [
              79.98093167021553,
              25.881904338119796
            ],
            [
              79.98091137817156,
              25.881570352786703
            ]
          ]
        ]
      }
    }
  ]
}