{
  "type": "FeatureCollection",
  "features": [
    {
      "type": "Feature",
      "properties": {
        "objectid": "09-191-00970",
        "stcode11": "09",
        "dtcode11": "191",
        "sdtcode11": "00970",
        "stname": "UTTAR PRADESH",
        "dtname": "Azamgarh",
        "sdtname": "Mehnagar",
        "st_area_sh": 0.0,
        "st_length_": 0.0,
        "remarks": "",
        "dist_lgd": 123,
        "state_lgd": 9,
        "subdt_lgd": 970,
        "ac_no": 352,
        "st_length(shape)": 191304.04912637456,
        "st_area(shape)": 504214001.2651848
      },
      "geometry": {
        "type": "Polygon",
        "coordinates": [
          [
            [
              83.07345699930913,
              25.946604074794642
            ],
            [
              83.07390128359077,
              25.946468779387047
            ],
            [
              83.07436056614438,
              25.94648254132962
            ],
            [
              83.07455526071087,
              25.94646903706504
            ],
            [
              83.07481494659153,
              25.946103545712496
            ],
            [
              83.07481513074613,
              25.94570636509379
            ],
            [
              83.07501005528135,
              25.945259697154622
            ],
            [
              83.07535464992262,
              25.944844584225315
            ],
            [
              83.07556941644583,
              25.944397799927867
            ],
            [
              83.07599380304391,
              25.944235558375926
            ],
            [
              83.07648791058615,
              25.944456784977426
            ],
            [
              83.07679733438746,
              25.944772855031434
            ],
            [
              83.07712671605944,
              25.94490383561807
            ],
            [
              83.0774361560304,
              25.94503935011594
            ],
            [
              83.0776357778562,
              25.94505298459669
            ],
            [
              83.07980165283715,
              25.94661519532339
            ],
            [
              83.082137315695,
              25.94827229664887
            ],
            [
              83.08389912396957,
              25.949297287226848
            ],
            [
              83.08472268594731,
              25.949414883247186
            ],
            [
              83.0856661613374,
              25.94941506983692
            ],
            [
              83.08711872457542,
              25.949984183319
            ],
            [
              83.08844157557795,
              25.949925856926615
            ],
            [
              83.09191116115771,
              25.949755186090393
            ],
            [
              83.09411764897261,
              25.94947130199335
            ],
            [
              83.09519088959877,
              25.9499274126421
            ],
            [
              83.09727257806453,
              25.94987362978525
            ],
            [
              83.09960873409747,
              25.950217090382655
            ],
            [
              83.10200494879535,
              25.950330270369285
            ],
            [
              83.10326322260708,
              25.948561353260303
            ],
            [
              83.10395737238669,
              25.947135316957485
            ],
            [
              83.10471634729217,
              25.945767893972256
            ],
            [
              83.1064187697399,
              25.944969239020608
            ],
            [
              83.10780655815772,
              25.944170582691335
            ],
            [
              83.10899961787308,
              25.94436028328519
            ],
            [
              83.10901198767455,
              25.944381625703663
            ],
            [
              83.1097032718284,
              25.945574408800827
            ],
            [
              83.11107093439058,
              25.94697368096176
            ],
            [
              83.11280793389196,
              25.948169826341076
            ],
            [
              83.11398595580945,
              25.948941661639505
            ],
            [
              83.11431044435807,
              25.949311742694803
            ],
            [
              83.11433034473656,
              25.94933885961639
            ],
            [
              83.11550842055298,
              25.950074608596324
            ],
            [
              83.11717569641526,
              25.950855503920405
            ],
            [
              83.118748185642,
              25.951406190064255
            ],
            [
              83.11928236523245,
              25.951609272826058
            ],
            [
              83.12085481762827,
              25.951816963344736
            ],
            [
              83.1227169210077,
              25.952051686597624
            ],
            [
              83.12379025326197,
              25.951149038739555
            ],
            [
              83.1252977942937,
              25.949831202182654
            ],
            [
              83.12639111316474,
              25.94881126227915
            ],
            [
              83.12687028891034,
              25.94838247365693
            ],
            [
              83.12755422664178,
              25.94783638405636
            ],
            [
              83.12935128570642,
              25.947434692281064
            ],
            [
              83.12989038896292,
              25.94730377266839
            ],
            [
              83.13345633682319,
              25.94674150578045
            ],
            [
              83.13346958068543,
              25.946739417705007
            ],
            [
              83.1335756609407,
              25.9467242422015
            ],
            [
              83.13523668183365,
              25.94648660440212
            ],
            [
              83.13958452691047,
              25.945588140960314
            ],
            [
              83.1402533882165,
              25.945457148210373
            ],
            [
              83.14131664316996,
              25.94541188372527
            ],
            [
              83.141858921971,
              25.945325901673144
            ],
            [
              83.14345310641016,
              25.945073124108838
            ],
            [
              83.14459661685109,
              25.946864795059923
            ],
            [
              83.14546535869773,
              25.947956811111393
            ],
            [
              83.14598716489346,
              25.947734654084517
            ],
            [
              83.14751184757742,
              25.947085512677408
            ],
            [
              83.14907928018742,
              25.946579731923705
            ],
            [
              83.14957376592042,
              25.9482225146591
            ],
            [
              83.15055274183221,
              25.950456333711056
            ],
            [
              83.15101408062952,
              25.950148684284258
            ],
            [
              83.15173065774852,
              25.94967082270187
            ],
            [
              83.15226964961391,
              25.949169793735216
            ],
            [
              83.15354265220304,
              25.949187565837676
            ],
            [
              83.15500034212641,
              25.949408461652084
            ],
            [
              83.15631834312471,
              25.949611283726846
            ],
            [
              83.15759625590518,
              25.94968321998731
            ],
            [
              83.15830013713428,
              25.949461899005495
            ],
            [
              83.15870899365775,
              25.947954332910463
            ],
            [
              83.1593120928951,
              25.944745321859468
            ],
            [
              83.15941185440066,
              25.944343631656345
            ],
            [
              83.16000075935823,
              25.944063711235447
            ],
            [
              83.1604750096411,
              25.943991332106798
            ],
            [
              83.16263138763287,
              25.943936722597503
            ],
            [
              83.16396929709451,
              25.944008491882133
            ],
            [
              83.16614069132454,
              25.944066629760787
            ],
            [
              83.16685952770649,
              25.943994231247093
            ],
            [
              83.16754825795,
              25.94379995395425
            ],
            [
              83.16710863592465,
              25.942780039356844
            ],
            [
              83.16640448609934,
              25.941846020610196
            ],
            [
              83.16552071543795,
              25.941006846204193
            ],
            [
              83.16437225438152,
              25.93986981575268
            ],
            [
              83.16370308225838,
              25.93899443131448
            ],
            [
              83.16329339299666,
              25.938001686727763
            ],
            [
              83.16276898168663,
              25.936909580790207
            ],
            [
              83.16355254258309,
              25.93649418880906
            ],
            [
              83.1660580148774,
              25.935875222117645
            ],
            [
              83.1674455373939,
              25.935518211748345
            ],
            [
              83.16875316374899,
              25.935251620799246
            ],
            [
              83.17295059401634,
              25.93427538704989
            ],
            [
              83.17353395906352,
              25.934035172124325
            ],
            [
              83.17394866002626,
              25.933864406360236
            ],
            [
              83.17342354982691,
              25.931472560163044
            ],
            [
              83.17326321132848,
              25.929856888188617
            ],
            [
              83.17296836359098,
              25.92903106112591
            ],
            [
              83.17278850829469,
              25.928372222114525
            ],
            [
              83.17378639104825,
              25.927645222818015
            ],
            [
              83.17545330758442,
              25.92730618912799
            ],
            [
              83.17729486559496,
              25.927143028074763
            ],
            [
              83.17917657560376,
              25.927214616926364
            ],
            [
              83.18053414828867,
              25.92711025396965
            ],
            [
              83.18164686537997,
              25.926505092744232
            ],
            [
              83.18207097080538,
              25.926265719974943
            ],
            [
              83.18206316893715,
              25.926066087716134
            ],
            [
              83.18198503616867,
              25.924067836603744
            ],
            [
              83.18169016956656,
              25.923210455768697
            ],
            [
              83.18125064366097,
              25.922456892127606
            ],
            [
              83.18044614303523,
              25.920462328700186
            ],
            [
              83.18013263100109,
              25.919743263981715
            ],
            [
              83.18000151380053,
              25.91944253525784
            ],
            [
              83.18033569606936,
              25.918973090830555
            ],
            [
              83.18162808520066,
              25.918588898798934
            ],
            [
              83.18326482732641,
              25.918159560641815
            ],
            [
              83.18512609617093,
              25.917626226079285
            ],
            [
              83.18589444589469,
              25.917269368073836
            ],
            [
              83.18590166026473,
              25.917025069748696
            ],
            [
              83.18592426996211,
              25.916258660972737
            ],
            [
              83.18595082685685,
              25.915358714646953
            ],
            [
              83.18605639237748,
              25.9117811777823
            ],
            [
              83.18592043595248,
              25.90937575876364
            ],
            [
              83.18584444476764,
              25.90934399701952
            ],
            [
              83.18531639977228,
              25.90912325314636
            ],
            [
              83.18351477816432,
              25.908902861967206
            ],
            [
              83.1822872078707,
              25.90899355875697
            ],
            [
              83.18140788656494,
              25.90835723177551
            ],
            [
              83.18115899573907,
              25.908177118683952
            ],
            [
              83.17883866442816,
              25.908430720397686
            ],
            [
              83.17863891234664,
              25.907983654208415
            ],
            [
              83.17805440284577,
              25.9066754482881
            ],
            [
              83.17681201843482,
              25.907032368249084
            ],
            [
              83.17653191115281,
              25.90546190620154
            ],
            [
              83.1762073363659,
              25.90495656980176
            ],
            [
              83.17543846921255,
              25.90417601269384
            ],
            [
              83.17547324209887,
              25.901857421296075
            ],
            [
              83.17548212643703,
              25.901264987788903
            ],
            [
              83.17573126699457,
              25.900217866182587
            ],
            [
              83.17620524957951,
              25.90010485382366
            ],
            [
              83.17629990685764,
              25.899946843047978
            ],
            [
              83.17631467875417,
              25.899889161793425
            ],
            [
              83.1763149275875,
              25.899888189664424
            ],
            [
              83.17632489888716,
              25.899888171078437
            ],
            [
              83.176669101863,
              25.899712003074058
            ],
            [
              83.17678376911407,
              25.89936897225055
            ],
            [
              83.17666856826372,
              25.898421213667987
            ],
            [
              83.17655353270338,
              25.897798405768157
            ],
            [
              83.17652337356432,
              25.897310991021484
            ],
            [
              83.17652319300298,
              25.89685066527965
            ],
            [
              83.17661785926424,
              25.896611482827378
            ],
            [
              83.1769620523586,
              25.896435313971768
            ],
            [
              83.17737625385801,
              25.896390054095214
            ],
            [
              83.17781533240257,
              25.896493648251703
            ],
            [
              83.17833945535341,
              25.896759778946418
            ],
            [
              83.17868382900917,
              25.89699883826586
            ],
            [
              83.17917818358812,
              25.89787425334984
            ],
            [
              83.17944290632255,
              25.898329917222476
            ],
            [
              83.17981737443864,
              25.898893957730525
            ],
            [
              83.18008194625612,
              25.899074362978958
            ],
            [
              83.18031142269209,
              25.899087900149457
            ],
            [
              83.18062079708604,
              25.899029033810432
            ],
            [
              83.18101482691576,
              25.898717476317035
            ],
            [
              83.18130907996853,
              25.898211931632016
            ],
            [
              83.18153835697848,
              25.897724373135016
            ],
            [
              83.18173272994811,
              25.897277465976156
            ],
            [
              83.1819321164153,
              25.89675839788864
            ],
            [
              83.18207659785233,
              25.896297968169257
            ],
            [
              83.18209639582287,
              25.89598659660467
            ],
            [
              83.18207624661108,
              25.895733836057932
            ],
            [
              83.18158208067831,
              25.895192490219912
            ],
            [
              83.18151703007533,
              25.894926197599194
            ],
            [
              83.18160171156221,
              25.894686940131805
            ],
            [
              83.18192598182021,
              25.89443864734691
            ],
            [
              83.18229035017754,
              25.89461452583417
            ],
            [
              83.18266463593562,
              25.89489419437726
            ],
            [
              83.18333348286865,
              25.895385860109485
            ],
            [
              83.18411699525608,
              25.895457734111282
            ],
            [
              83.18471076369258,
              25.895534219185496
            ],
            [
              83.18528445208753,
              25.895263149736746
            ],
            [
              83.18577339701184,
              25.89520428310606
            ],
            [
              83.18633206108363,
              25.89486559899575
            ],
            [
              83.186970613232,
              25.894535862270008
            ],
            [
              83.18744441615388,
              25.894197161695264
            ],
            [
              83.18759404314088,
              25.89401657524361
            ],
            [
              83.18757392716671,
              25.893781851152756
            ],
            [
              83.18742908999683,
              25.893470534367978
            ],
            [
              83.18729911275835,
              25.893037342109448
            ],
            [
              83.18719914643694,
              25.89268534904533
            ],
            [
              83.18710918285615,
              25.892346865398483
            ],
            [
              83.18720892190385,
              25.892152758354957
            ],
            [
              83.18748818836274,
              25.89202179107575
            ],
            [
              83.18799710912403,
              25.891859066897783
            ],
            [
              83.18873549015159,
              25.891709773029223
            ],
            [
              83.18901473325428,
              25.89152919893482
            ],
            [
              83.18905948372849,
              25.89123581302184
            ],
            [
              83.18905938760874,
              25.890951442084265
            ],
            [
              83.18899443671876,
              25.890730335691114
            ],
            [
              83.18874981199217,
              25.890509319396774
            ],
            [
              83.18835553512575,
              25.890374100220697
            ],
            [
              83.18807604588469,
              25.890166589127016
            ],
            [
              83.18781631598657,
              25.889719853773162
            ],
            [
              83.1875666562028,
              25.889395035675797
            ],
            [
              83.18687735822407,
              25.887946602807848
            ],
            [
              83.18687725222283,
              25.887738984809488
            ],
            [
              83.18707673301316,
              25.887603485257404
            ],
            [
              83.18742104288853,
              25.887531098132953
            ],
            [
              83.18776519735532,
              25.88739558137066
            ],
            [
              83.18812426744911,
              25.887038885683673
            ],
            [
              83.18835361632432,
              25.88680411619901
            ],
            [
              83.18896218809837,
              25.88650599635386
            ],
            [
              83.18968048818606,
              25.886149119371208
            ],
            [
              83.1904186904489,
              25.885778671095235
            ],
            [
              83.19098722610737,
              25.88534064917222
            ],
            [
              83.19157558758417,
              25.8846137951845
            ],
            [
              83.19211406740989,
              25.883959101402528
            ],
            [
              83.19250788523719,
              25.88347145897901
            ],
            [
              83.19290183781176,
              25.883159867694587
            ],
            [
              83.19314613734824,
              25.882848397626773
            ],
            [
              83.19331066019924,
              25.88249171972283
            ],
            [
              83.19339517639614,
              25.882076494889127
            ],
            [
              83.1935546246641,
              25.881765016306264
            ],
            [
              83.19448711725153,
              25.88087546807407
            ],
            [
              83.19452177695014,
              25.88046025210542
            ],
            [
              83.19466622874276,
              25.87997274798779
            ],
            [
              83.19496032818364,
              25.87952579625421
            ],
            [
              83.19505982468618,
              25.879124065698313
            ],
            [
              83.19514447922363,
              25.878726873615935
            ],
            [
              83.19530393108488,
              25.878501071931343
            ],
            [
              83.19561306293372,
              25.878167008273657
            ],
            [
              83.19561308090003,
              25.87816694280655
            ],
            [
              83.19571263579306,
              25.877796842895933
            ],
            [
              83.19554775181928,
              25.877323046880605
            ],
            [
              83.19552751906414,
              25.87696647433403
            ],
            [
              83.1954475366645,
              25.876596403799915
            ],
            [
              83.1956618405553,
              25.876298427916996
            ],
            [
              83.19605591709741,
              25.876167388090803
            ],
            [
              83.19589116697263,
              25.875986983398654
            ],
            [
              83.19564157096924,
              25.87576589262897
            ],
            [
              83.19571131976117,
              25.875630465013042
            ],
            [
              83.1960555577713,
              25.875544529872133
            ],
            [
              83.19637971843484,
              25.875363846997235
            ],
            [
              83.19669392037513,
              25.875187693314626
            ],
            [
              83.19708799242568,
              25.875097235653936
            ],
            [
              83.19731734758908,
              25.874921074299447
            ],
            [
              83.19757657622725,
              25.874650149889632
            ],
            [
              83.19787091012839,
              25.874622939812635
            ],
            [
              83.19831511266332,
              25.874843895317557
            ],
            [
              83.19859481660177,
              25.875421443244875
            ],
            [
              83.1989892884026,
              25.876044028923893
            ],
            [
              83.19939864798262,
              25.876400429673577
            ],
            [
              83.19974297223102,
              25.876625917733197
            ],
            [
              83.20008734498846,
              25.876711426141764
            ],
            [
              83.20077571860078,
              25.876697555832628
            ],
            [
              83.20121457436318,
              25.8764175047207
            ],
            [
              83.20149382016079,
              25.876060850231926
            ],
            [
              83.20178794475451,
              25.875794356041883
            ],
            [
              83.20210223742464,
              25.8758528678289
            ],
            [
              83.20229705955188,
              25.87613259293832
            ],
            [
              83.20238211114467,
              25.87660646081333
            ],
            [
              83.20252709743491,
              25.877008047174332
            ],
            [
              83.20287159865143,
              25.87737792082429
            ],
            [
              83.20326588809424,
              25.87764406389859
            ],
            [
              83.20385491612099,
              25.87807700874
            ],
            [
              83.2045635898621,
              25.878473714026384
            ],
            [
              83.20523230384445,
              25.878757765052256
            ],
            [
              83.20574146984578,
              25.879186179729025
            ],
            [
              83.20607084433124,
              25.879366590041755
            ],
            [
              83.20639032567045,
              25.879537909146638
            ],
            [
              83.20666961279059,
              25.879433870133887
            ],
            [
              83.20683407904775,
              25.87922617574205
            ],
            [
              83.20686369919765,
              25.878765871618143
            ],
            [
              83.20684841795632,
              25.87829195098065
            ],
            [
              83.20681825073247,
              25.87792187166767
            ],
            [
              83.20699254276221,
              25.877465951207938
            ],
            [
              83.20730661983666,
              25.877091175837972
            ],
            [
              83.20765056679267,
              25.876779561253585
            ],
            [
              83.20831893043204,
              25.876467798746088
            ],
            [
              83.20910705836339,
              25.876246147143203
            ],
            [
              83.20976055398651,
              25.876200653216866
            ],
            [
              83.21035417689593,
              25.876096478711414
            ],
            [
              83.21059835515983,
              25.875798509649872
            ],
            [
              83.21074279168111,
              25.87544636577753
            ],
            [
              83.21087720120718,
              25.87507169796394
            ],
            [
              83.2111215097268,
              25.874863915883964
            ],
            [
              83.21141600712131,
              25.875089485277584
            ],
            [
              83.21158097733338,
              25.87545945384324
            ],
            [
              83.21202538737916,
              25.875978179121475
            ],
            [
              83.21222011338666,
              25.87628946120501
            ],
            [
              83.21280925729609,
              25.876794614824306
            ],
            [
              83.21292414373607,
              25.87707431992218
            ],
            [
              83.21297433530593,
              25.877430917198662
            ],
            [
              83.21290973475894,
              25.87777396085359
            ],
            [
              83.21271537706069,
              25.878098974991765
            ],
            [
              83.21250106598335,
              25.878455688793338
            ],
            [
              83.21246640718303,
              25.878812196226736
            ],
            [
              83.2126662068753,
              25.879078369206546
            ],
            [
              83.21286088437377,
              25.879254273810048
            ],
            [
              83.21320516280807,
              25.879299169279584
            ],
            [
              83.21385837815683,
              25.878838513051278
            ],
            [
              83.21453160527513,
              25.878332527609118
            ],
            [
              83.21521979024126,
              25.87798011002486
            ],
            [
              83.21548420485355,
              25.877948329323914
            ],
            [
              83.2165068460747,
              25.877848432747953
            ],
            [
              83.21706566735169,
              25.87796545910744
            ],
            [
              83.217425226129,
              25.878393981728596
            ],
            [
              83.21775476231119,
              25.87870514025187
            ],
            [
              83.21785471875118,
              25.878989383888197
            ],
            [
              83.2176554266071,
              25.879328034338585
            ],
            [
              83.21746115963867,
              25.87964412462001
            ],
            [
              83.21736146460844,
              25.879833743144168
            ],
            [
              83.21741149627822,
              25.880014195303573
            ],
            [
              83.21755629392223,
              25.880176581805692
            ],
            [
              83.21787067013568,
              25.88022153269194
            ],
            [
              83.21855896469627,
              25.879909682282868
            ],
            [
              83.21932696497538,
              25.87957970738522
            ],
            [
              83.21993537235775,
              25.879222748852253
            ],
            [
              83.22060870188402,
              25.878910923285712
            ],
            [
              83.22101760601818,
              25.878703034806737
            ],
            [
              83.22149149428003,
              25.878598902111744
            ],
            [
              83.22190051968677,
              25.878585103148772
            ],
            [
              83.2223248020803,
              25.878792413949675
            ],
            [
              83.22291867921292,
              25.87907637287912
            ],
            [
              83.22317819261704,
              25.879148400675287
            ],
            [
              83.22356740208693,
              25.879251979249243
            ],
            [
              83.22394154231795,
              25.879129839689124
            ],
            [
              83.22435044375717,
              25.878849699781146
            ],
            [
              83.2247439345977,
              25.878109260608117
            ],
            [
              83.22513745777759,
              25.877382349178664
            ],
            [
              83.22523685905871,
              25.876980691348294
            ],
            [
              83.22553086776973,
              25.87657877593783
            ],
            [
              83.22587486862464,
              25.876267118780977
            ],
            [
              83.22623384709027,
              25.8760366916257
            ],
            [
              83.2262791742829,
              25.876009307285926
            ],
            [
              83.2266826382197,
              25.87576556528675
            ],
            [
              83.2268321017133,
              25.87548112799371
            ],
            [
              83.22683173699731,
              25.875129115729305
            ],
            [
              83.22643238734447,
              25.874849607281682
            ],
            [
              83.22553931373005,
              25.87474183887176
            ],
            [
              83.2245563618748,
              25.874539479641548
            ],
            [
              83.22393255108027,
              25.87431421714562
            ],
            [
              83.2234631229538,
              25.87381361962056
            ],
            [
              83.22323331234458,
              25.873366963038528
            ],
            [
              83.22370593937174,
              25.871777920121747
            ],
            [
              83.22380534424614,
              25.871304016711814
            ],
            [
              83.22368507779592,
              25.870739959977485
            ],
            [
              83.22349007241232,
              25.870148827660476
            ],
            [
              83.2234097962636,
              25.869589188399637
            ],
            [
              83.22347420097792,
              25.86903860993862
            ],
            [
              83.22381820991765,
              25.868772050601436
            ],
            [
              83.22455137891994,
              25.868640636266402
            ],
            [
              83.22553404241596,
              25.86845950634936
            ],
            [
              83.22641669736974,
              25.868165494075146
            ],
            [
              83.22666105978826,
              25.868045713811316
            ],
            [
              83.22690542310512,
              25.867925931809488
            ],
            [
              83.22761835665732,
              25.867397435894766
            ],
            [
              83.22827151720884,
              25.866995247004144
            ],
            [
              83.22856577565149,
              25.86694994027724
            ],
            [
              83.22907466587004,
              25.86701273807486
            ],
            [
              83.2294989087377,
              25.867215521627116
            ],
            [
              83.22985795188204,
              25.867129480942932
            ],
            [
              83.2300524353444,
              25.866980403962643
            ],
            [
              83.23005967935886,
              25.86696431288462
            ],
            [
              83.23015201179703,
              25.866759210656706
            ],
            [
              83.23023652260403,
              25.866461298876953
            ],
            [
              83.2302512630595,
              25.866240115915808
            ],
            [
              83.23038086929377,
              25.866136192905905
            ],
            [
              83.2307898938022,
              25.866063744933413
            ],
            [
              83.23103425442407,
              25.866000326650674
            ],
            [
              83.23126363923188,
              25.86592801600924
            ],
            [
              83.23131339422052,
              25.865751937981564
            ],
            [
              83.23131319120127,
              25.865571375928702
            ],
            [
              83.23116343395859,
              25.865381952758842
            ],
            [
              83.23101852133021,
              25.86510674579237
            ],
            [
              83.23036472656808,
              25.864768747311558
            ],
            [
              83.2298706100427,
              25.864529865239682
            ],
            [
              83.22953122383342,
              25.86429541233818
            ],
            [
              83.22925155403097,
              25.863952686829478
            ],
            [
              83.22923638687571,
              25.86373147977313
            ],
            [
              83.22926605733124,
              25.863465167940564
            ],
            [
              83.22954537140085,
              25.86331608067946
            ],
            [
              83.22998400438101,
              25.862959194256504
            ],
            [
              83.23008689112544,
              25.86287828101107
            ],
            [
              83.23024819710945,
              25.862751427250974
            ],
            [
              83.23062208132059,
              25.86248487636554
            ],
            [
              83.23093113142275,
              25.86220485219089
            ],
            [
              83.23101575002754,
              25.861983599020856
            ],
            [
              83.23124002701465,
              25.861798378360064
            ],
            [
              83.2313093886327,
              25.861252199835153
            ],
            [
              83.23146870844158,
              25.860972336835896
            ],
            [
              83.23174794615437,
              25.86083668370831
            ],
            [
              83.23219184236383,
              25.860764151651708
            ],
            [
              83.23250113860436,
              25.860718802926588
            ],
            [
              83.232580821865,
              25.860660088831256
            ],
            [
              83.23251564459957,
              25.86027196023319
            ],
            [
              83.2322209711352,
              25.85987506691837
            ],
            [
              83.2319911668142,
              25.85950508108238
            ],
            [
              83.23184613291325,
              25.85907645923466
            ],
            [
              83.23163127116867,
              25.858629775240296
            ],
            [
              83.23160108687678,
              25.85834997797725
            ],
            [
              83.23161579858619,
              25.858083699288585
            ],
            [
              83.23191113231228,
              25.857923081862605
            ],
            [
              83.23193987840135,
              25.857907448708204
            ],
            [
              83.23233387140012,
              25.857816901831637
            ],
            [
              83.23286282998214,
              25.858010601297803
            ],
            [
              83.23347662096802,
              25.858276438779995
            ],
            [
              83.23395044994103,
              25.858289607159605
            ],
            [
              83.23420012858942,
              25.858600829137686
            ],
            [
              83.2343599766077,
              25.858763168276536
            ],
            [
              83.23483376964813,
              25.85876280531899
            ],
            [
              83.23508290391744,
              25.858451253952033
            ],
            [
              83.23527718256392,
              25.85809454765839
            ],
            [
              83.23553125936394,
              25.857733286707955
            ],
            [
              83.23587520182835,
              25.857570512056444
            ],
            [
              83.23606954784852,
              25.85734476694543
            ],
            [
              83.23641324866611,
              25.856811932823565
            ],
            [
              83.23661248331803,
              25.856518349119217
            ],
            [
              83.23682186713602,
              25.856324133074946
            ],
            [
              83.2370510749757,
              25.856161531903076
            ],
            [
              83.23739524471388,
              25.856116090873
            ],
            [
              83.23775469030345,
              25.856395667075383
            ],
            [
              83.23819393144312,
              25.85669318710058
            ],
            [
              83.23858806637568,
              25.8567967166474
            ],
            [
              83.23893217502844,
              25.856764803332723
            ],
            [
              83.23926126205299,
              25.856602054024382
            ],
            [
              83.23947053897146,
              25.856335683284676
            ],
            [
              83.23956999325318,
              25.856010579372366
            ],
            [
              83.23969942072269,
              25.85574421215035
            ],
            [
              83.23981386788653,
              25.855432693247867
            ],
            [
              83.23988643110025,
              25.855334015284743
            ],
            [
              83.23994335194989,
              25.855256609286073
            ],
            [
              83.24025253140944,
              25.855211246322312
            ],
            [
              83.24045228259264,
              25.85541867169692
            ],
            [
              83.24068206535411,
              25.85577502713968
            ],
            [
              83.24084204362812,
              25.856086356785976
            ],
            [
              83.24102170399,
              25.856203549400192
            ],
            [
              83.24128612578882,
              25.85626200783395
            ],
            [
              83.24156547219779,
              25.856275335689922
            ],
            [
              83.24188972089621,
              25.856270517711007
            ],
            [
              83.24226855931614,
              25.856008434720234
            ],
            [
              83.2428017651328,
              25.855525110950104
            ],
            [
              83.24317562958102,
              25.855303623778035
            ],
            [
              83.24364935614611,
              25.855109230316874
            ],
            [
              83.24413794982912,
              25.85488765182546
            ],
            [
              83.24443192979408,
              25.85454892000883
            ],
            [
              83.24479060822237,
              25.854178560190935
            ],
            [
              83.24523462300947,
              25.85419176217138
            ],
            [
              83.24552162306463,
              25.85432789179549
            ],
            [
              83.24582343813547,
              25.85447104866731
            ],
            [
              83.24611829665275,
              25.854989857994788
            ],
            [
              83.24634809378729,
              25.855346205029306
            ],
            [
              83.24665758136898,
              25.85558060292638
            ],
            [
              83.2469520024067,
              25.855670638188165
            ],
            [
              83.24720140167904,
              25.855670406988676
            ],
            [
              83.24769013639755,
              25.85556624833609
            ],
            [
              83.24790957595685,
              25.855511880824864
            ],
            [
              83.24846950036502,
              25.85555505293469
            ],
            [
              83.24971317475675,
              25.854896651688872
            ],
            [
              83.25045733015497,
              25.854621768728524
            ],
            [
              83.25091623900941,
              25.85491580580174
            ],
            [
              83.25096551070445,
              25.855543639266752
            ],
            [
              83.25056045674958,
              25.85628863525092
            ],
            [
              83.25024014626534,
              25.857006460101424
            ],
            [
              83.25035446766502,
              25.857480896172675
            ],
            [
              83.25070852515952,
              25.857847066347272
            ],
            [
              83.25128746061407,
              25.85800109805449
            ],
            [
              83.25208146083243,
              25.857789500335315
            ],
            [
              83.25311512078885,
              25.857514818111497
            ],
            [
              83.25348427537003,
              25.8577906587372
            ],
            [
              83.25383819272736,
              25.858310426777038
            ],
            [
              83.25469611256977,
              25.859024802983626
            ],
            [
              83.2554594649656,
              25.859409371598662
            ],
            [
              83.25660768886681,
              25.859410303642676
            ],
            [
              83.25814600707848,
              25.85870692924435
            ],
            [
              83.25882512983999,
              25.858553839399676
            ],
            [
              83.25917923494522,
              25.858892932399208
            ],
            [
              83.25949755925438,
              25.860040452632784
            ],
            [
              83.25975193788832,
              25.860298158317107
            ],
            [
              83.2610395560671,
              25.8607734210583
            ],
            [
              83.26140849325598,
              25.861202757802765
            ],
            [
              83.26170748312526,
              25.861808329931176
            ],
            [
              83.26228158205028,
              25.861867444396495
            ],
            [
              83.26321508434407,
              25.861931450140233
            ],
            [
              83.2634395320111,
              25.862112285316627
            ],
            [
              83.26338907813316,
              25.862640690082273
            ],
            [
              83.26303869115489,
              25.863647691807817
            ],
            [
              83.26320819157091,
              25.863954933995757
            ],
            [
              83.26380188634556,
              25.864393542856106
            ],
            [
              83.26442537733986,
              25.864927055746392
            ],
            [
              83.26481425982298,
              25.865482879171303
            ],
            [
              83.26506822972348,
              25.86616062028166
            ],
            [
              83.26534710182199,
              25.867028067716216
            ],
            [
              83.26555646767366,
              25.867294714243545
            ],
            [
              83.26594561066824,
              25.86760213205251
            ],
            [
              83.26655423544287,
              25.868090391256885
            ],
            [
              83.26672374933362,
              25.86842928876924
            ],
            [
              83.26675818535172,
              25.86900293972392
            ],
            [
              83.26652807380688,
              25.86942743478763
            ],
            [
              83.26613336395249,
              25.869820041168783
            ],
            [
              83.26567359541032,
              25.8702939852875
            ],
            [
              83.26546330788715,
              25.87088105120068
            ],
            [
              83.26505856564766,
              25.871255641777264
            ],
            [
              83.26446419174665,
              25.871530670341883
            ],
            [
              83.26459368838644,
              25.871824391344536
            ],
            [
              83.26456343312766,
              25.872140510596882
            ],
            [
              83.26425875602433,
              25.8723074011304
            ],
            [
              83.26367953310893,
              25.872383779960085
            ],
            [
              83.26367424203188,
              25.872713458117197
            ],
            [
              83.26388353961163,
              25.87308851976366
            ],
            [
              83.26368859890677,
              25.873377444667966
            ],
            [
              83.26336874656336,
              25.873639168261267
            ],
            [
              83.26297717272763,
              25.873831216372945
            ],
            [
              83.2629641597324,
              25.873837599246485
            ],
            [
              83.26404692160223,
              25.874538556607728
            ],
            [
              83.26466552935467,
              25.875121681383476
            ],
            [
              83.26507963832759,
              25.875402071801663
            ],
            [
              83.26567390622738,
              25.875285063108866
            ],
            [
              83.26698729976664,
              25.875028634015425
            ],
            [
              83.26700738429977,
              25.87503814639685
            ],
            [
              83.26768601388618,
              25.875358910174686
            ],
            [
              83.26856370564805,
              25.8764796630119
            ],
            [
              83.26892362105649,
              25.87608244587177
            ],
            [
              83.26933361125387,
              25.875432375698146
            ],
            [
              83.27011857711543,
              25.874163708096912
            ],
            [
              83.27064343398986,
              25.873554292927
            ],
            [
              83.27143270457826,
              25.873080592244207
            ],
            [
              83.27186229421848,
              25.87281442999699
            ],
            [
              83.27184270286044,
              25.872376215309085
            ],
            [
              83.27149335702961,
              25.872213387271575
            ],
            [
              83.27068465139003,
              25.87206830474773
            ],
            [
              83.27014056158536,
              25.87189621906826
            ],
            [
              83.27002613687945,
              25.871480611041054
            ],
            [
              83.2703662507241,
              25.870744572870063
            ],
            [
              83.27058643858001,
              25.87020726626444
            ],
            [
              83.27124077233127,
              25.869887055112038
            ],
            [
              83.27178023221896,
              25.869625485673808
            ],
            [
              83.27213999760878,
              25.869255319396196
            ],
            [
              83.27222521898315,
              25.868794653907294
            ],
            [
              83.2720719556159,
              25.867096193863198
            ],
            [
              83.27211737982657,
              25.86653163205222
            ],
            [
              83.27250691718153,
              25.86634674265413
            ],
            [
              83.27316612519152,
              25.866225211347295
            ],
            [
              83.27320048485285,
              25.86624457621202
            ],
            [
              83.27375994123875,
              25.866559876211458
            ],
            [
              83.2741688678308,
              25.867102185877744
            ],
            [
              83.27440832814281,
              25.867228849056342
            ],
            [
              83.27514247181718,
              25.866998974940888
            ],
            [
              83.27624595512569,
              25.866823633265955
            ],
            [
              83.27680484826791,
              25.867113095659814
            ],
            [
              83.27670467443562,
              25.86756919995332
            ],
            [
              83.27620968205282,
              25.868467730017514
            ],
            [
              83.27618409174534,
              25.869217504834516
            ],
            [
              83.27653799832287,
              25.869886221762332
            ],
            [
              83.27702192795294,
              25.87030214901454
            ],
            [
              83.2776708538462,
              25.870460593103495
            ],
            [
              83.27846484418313,
              25.870203675030027
            ],
            [
              83.2787849103256,
              25.869544425841507
            ],
            [
              83.27934471615615,
              25.86884469494694
            ],
            [
              83.27974410084326,
              25.868844935820245
            ],
            [
              83.28012825459471,
              25.869202029983658
            ],
            [
              83.28054694138234,
              25.870110222067755
            ],
            [
              83.28096587790161,
              25.870652487149602
            ],
            [
              83.28153482409019,
              25.870865149792735
            ],
            [
              83.2820142351944,
              25.87082035134514
            ],
            [
              83.2827133050468,
              25.870594954856486
            ],
            [
              83.28324308468899,
              25.86998999194019
            ],
            [
              83.2838076974046,
              25.8693354240205
            ],
            [
              83.28478198321233,
              25.868468819609028
            ],
            [
              83.28549143938602,
              25.86781431762665
            ],
            [
              83.28577119273183,
              25.86753443460083
            ],
            [
              83.2863051567266,
              25.867814818776857
            ],
            [
              83.28674938171943,
              25.86802733537428
            ],
            [
              83.28758815307327,
              25.86797364368
            ],
            [
              83.28809254812217,
              25.86773456924298
            ],
            [
              83.28846235667683,
              25.867278560968423
            ],
            [
              83.28871265336612,
              25.866425008713986
            ],
            [
              83.28929252306855,
              25.865318766099158
            ],
            [
              83.29001696134458,
              25.864623615230244
            ],
            [
              83.29117059490045,
              25.864091307001868
            ],
            [
              83.29126583338855,
              25.863513166954775
            ],
            [
              83.29084203518698,
              25.862767636112128
            ],
            [
              83.29068789596232,
              25.86183261512387
            ],
            [
              83.2903939698963,
              25.861014852993776
            ],
            [
              83.29045930257027,
              25.86043670032319
            ],
            [
              83.29076395631743,
              25.860188490733936
            ],
            [
              83.2913579008237,
              25.860464370388804
            ],
            [
              83.29188172373725,
              25.86097503269508
            ],
            [
              83.29248054070564,
              25.86136842377397
            ],
            [
              83.29295474607277,
              25.86142282011745
            ],
            [
              83.29360884985533,
              25.861278666882843
            ],
            [
              83.29462764628703,
              25.860773387915756
            ],
            [
              83.29521184227588,
              25.86059297265285
            ],
            [
              83.29712883361744,
              25.86060761521591
            ],
            [
              83.2979373730687,
              25.8608971478026
            ],
            [
              83.29955443220828,
              25.861589034649434
            ],
            [
              83.30005868173008,
              25.86156224271473
            ],
            [
              83.30011895599068,
              25.86106536617244
            ],
            [
              83.30026906267804,
              25.860541552296283
            ],
            [
              83.3005886158825,
              25.86037454814258
            ],
            [
              83.30106287784348,
              25.86041548175171
            ],
            [
              83.30180640262435,
              25.860939769881863
            ],
            [
              83.30231055872136,
              25.861066484124553
            ],
            [
              83.30274995796448,
              25.860994491380715
            ],
            [
              83.30290485896052,
              25.860718970256144
            ],
            [
              83.30290371540515,
              25.86066924426789
            ],
            [
              83.30288541492618,
              25.859874331309783
            ],
            [
              83.30308042839461,
              25.859278234630477
            ],
            [
              83.30363975003321,
              25.8590571772656
            ],
            [
              83.30450318463318,
              25.859306030263827
            ],
            [
              83.30523160244591,
              25.860110404041652
            ],
            [
              83.30590018078263,
              25.860815360930854
            ],
            [
              83.30627439377719,
              25.861077442156642
            ],
            [
              83.30674865394153,
              25.861086698605014
            ],
            [
              83.30693339966624,
              25.861032617364597
            ],
            [
              83.30705341997808,
              25.860761699102543
            ],
            [
              83.30706389523262,
              25.859840220083125
            ],
            [
              83.30700459294914,
              25.858860034249776
            ],
            [
              83.30625597831384,
              25.858367353113557
            ],
            [
              83.30500840613212,
              25.857567284207608
            ],
            [
              83.30461945088544,
              25.856975386751156
            ],
            [
              83.30444505195617,
              25.856302271907147
            ],
            [
              83.30478469867691,
              25.856126274121088
            ],
            [
              83.30568806069628,
              25.85636608099315
            ],
            [
              83.30668630277596,
              25.856687251145143
            ],
            [
              83.30754956130612,
              25.85745101934605
            ],
            [
              83.30785895366641,
              25.85761829924458
            ],
            [
              83.30849788490379,
              25.857627640843372
            ],
            [
              83.30881754321115,
              25.85734778381357
            ],
            [
              83.30900275066988,
              25.85660251561136
            ],
            [
              83.30879328780014,
              25.856092038129688
            ],
            [
              83.30836429104801,
              25.85551370132124
            ],
            [
              83.30841951318348,
              25.85506653337992
            ],
            [
              83.30885880912034,
              25.854971881724886
            ],
            [
              83.30928802595973,
              25.855288283723713
            ],
            [
              83.30966214193623,
              25.85573111462548
            ],
            [
              83.31084009198848,
              25.856102002306997
            ],
            [
              83.31172875577319,
              25.855912656926147
            ],
            [
              83.31262745912952,
              25.855655632046503
            ],
            [
              83.31298166484603,
              25.856102927909998
            ],
            [
              83.31297129469442,
              25.85686629407827
            ],
            [
              83.31306593580285,
              25.857376723755987
            ],
            [
              83.3133403208165,
              25.85762526825841
            ],
            [
              83.31377968502532,
              25.85754864061022
            ],
            [
              83.31397459698412,
              25.85705643661164
            ],
            [
              83.31395533890104,
              25.855760089724363
            ],
            [
              83.31442491075794,
              25.855042077034415
            ],
            [
              83.31477450811705,
              25.85486602967708
            ],
            [
              83.31524370627479,
              25.854830086797662
            ],
            [
              83.3160822943723,
              25.855101493180662
            ],
            [
              83.31663649741041,
              25.854911970775742
            ],
            [
              83.31716584496294,
              25.85453734375584
            ],
            [
              83.31751563995141,
              25.853751560089407
            ],
            [
              83.31755578027159,
              25.85353621912767
            ],
            [
              83.31761078411643,
              25.853241135779285
            ],
            [
              83.31786561999287,
              25.852672089020786
            ],
            [
              83.31846470196426,
              25.852491727684203
            ],
            [
              83.31888415142154,
              25.852369861192443
            ],
            [
              83.31912885070834,
              25.852130602403978
            ],
            [
              83.31915897391474,
              25.85170153991082
            ],
            [
              83.31904959774072,
              25.85076650334646
            ],
            [
              83.31906989068297,
              25.849971536739957
            ],
            [
              83.3185611819241,
              25.84900469801175
            ],
            [
              83.31833678186779,
              25.84853486028283
            ],
            [
              83.31840690256224,
              25.848083224370992
            ],
            [
              83.31906088686887,
              25.847961512599255
            ],
            [
              83.31971972207803,
              25.848119846775123
            ],
            [
              83.32022875602702,
              25.848341381357702
            ],
            [
              83.32189598787187,
              25.848477461934554
            ],
            [
              83.32289415628968,
              25.848983796720578
            ],
            [
              83.32330851140102,
              25.84892065303571
            ],
            [
              83.32342843199989,
              25.84857747307539
            ],
            [
              83.32342843110156,
              25.848577380913426
            ],
            [
              83.32344881477366,
              25.84761536933052
            ],
            [
              83.323409014915,
              25.847177213202393
            ],
            [
              83.32266075870751,
              25.84621034516273
            ],
            [
              83.32193734630754,
              25.84524800387775
            ],
            [
              83.32101948098789,
              25.84388356672394
            ],
            [
              83.32032073363068,
              25.843851623244745
            ],
            [
              83.3190878354291,
              25.843882789783873
            ],
            [
              83.3176803056346,
              25.843624813056575
            ],
            [
              83.31697153218049,
              25.84343025972296
            ],
            [
              83.31652250928569,
              25.84302806124877
            ],
            [
              83.31640841066822,
              25.841636809315673
            ],
            [
              83.31590973159948,
              25.840642961062397
            ],
            [
              83.31540128155538,
              25.839441227772657
            ],
            [
              83.31563604098355,
              25.839098092266532
            ],
            [
              83.31607024706602,
              25.839048532631434
            ],
            [
              83.31684373515321,
              25.839550212819418
            ],
            [
              83.31756744130227,
              25.839658947939522
            ],
            [
              83.3182111461871,
              25.83995281119618
            ],
            [
              83.31880488318257,
              25.84038210792349
            ],
            [
              83.31985304015105,
              25.840549628643284
            ],
            [
              83.32013241889933,
              25.840951754694657
            ],
            [
              83.32026701078343,
              25.841249931259977
            ],
            [
              83.3206463181239,
              25.841349430271254
            ],
            [
              83.32150991531894,
              25.84123685719298
            ],
            [
              83.32219386383017,
              25.84102926626665
            ],
            [
              83.32294787823865,
              25.840216519270715
            ],
            [
              83.32332730505507,
              25.84014896460274
            ],
            [
              83.32409087663983,
              25.840397632631046
            ],
            [
              83.32470958680021,
              25.84092181467218
            ],
            [
              83.3249988380335,
              25.841378112987428
            ],
            [
              83.32505354992587,
              25.841947286042295
            ],
            [
              83.32575734042508,
              25.841970081236784
            ],
            [
              83.32655602984927,
              25.841852882601984
            ],
            [
              83.32696035077888,
              25.841834947993366
            ],
            [
              83.32724969723355,
              25.842286730652393
            ],
            [
              83.32741903774948,
              25.842995924312657
            ],
            [
              83.32739874121391,
              25.843831573979585
            ],
            [
              83.32771821716327,
              25.843976235992947
            ],
            [
              83.32814759569939,
              25.843655610992236
            ],
            [
              83.32846221086471,
              25.843154382364634
            ],
            [
              83.32847746964813,
              25.842503920879285
            ],
            [
              83.32857752400449,
              25.841930336181207
            ],
            [
              83.32926167463667,
              25.841045238792635
            ],
            [
              83.32972623658922,
              25.840245919396853
            ],
            [
              83.33027051414176,
              25.839780820251917
            ],
            [
              83.33124877499456,
              25.83971341329047
            ],
            [
              83.33252656380755,
              25.839704750224204
            ],
            [
              83.33297092983588,
              25.839569333035264
            ],
            [
              83.33372472056385,
              25.839108846974625
            ],
            [
              83.33413422836588,
              25.838589558068215
            ],
            [
              83.33441904281999,
              25.837622977200617
            ],
            [
              83.33484352733444,
              25.837112751713555
            ],
            [
              83.33592179044132,
              25.836697487108932
            ],
            [
              83.33686015531576,
              25.83646284318915
            ],
            [
              83.33789368591476,
              25.83533386578602
            ],
            [
              83.3386425332137,
              25.834895917239784
            ],
            [
              83.33922664386257,
              25.83460249662851
            ],
            [
              83.33928654801728,
              25.834354096174355
            ],
            [
              83.33896231638684,
              25.833825494669686
            ],
            [
              83.33830373540093,
              25.83308455677227
            ],
            [
              83.3380643514457,
              25.83228502108099
            ],
            [
              83.33838904301358,
              25.831693446656196
            ],
            [
              83.33963691343598,
              25.83109302122659
            ],
            [
              83.34098973403304,
              25.830330007816414
            ],
            [
              83.34149904286653,
              25.8296163808685
            ],
            [
              83.34180354928998,
              25.829485504377303
            ],
            [
              83.34240235458027,
              25.82984695914588
            ],
            [
              83.34292122328502,
              25.83034394905942
            ],
            [
              83.34324549623796,
              25.83088156214488
            ],
            [
              83.34351995671008,
              25.83098546600774
            ],
            [
              83.34402416490937,
              25.83084560065751
            ],
            [
              83.34444847784563,
              25.83049788559725
            ],
            [
              83.34481295040753,
              25.829838440090693
            ],
            [
              83.34541197398845,
              25.829463682720434
            ],
            [
              83.34654491036015,
              25.82952713434337
            ],
            [
              83.34796739800244,
              25.82940552395861
            ],
            [
              83.34865113900285,
              25.82919781767338
            ],
            [
              83.34941491540351,
              25.828827599222613
            ],
            [
              83.35043314499826,
              25.82840772334489
            ],
            [
              83.35146122192518,
              25.82836267594103
            ],
            [
              83.352344620684,
              25.828326720156973
            ],
            [
              83.35333320767106,
              25.828133682011007
            ],
            [
              83.35340777682278,
              25.82811910415667
            ],
            [
              83.35456079413433,
              25.827071369845203
            ],
            [
              83.35477050134584,
              25.826592586118878
            ],
            [
              83.35477068011059,
              25.825621506083674
            ],
            [
              83.35417703115,
              25.824049521089773
            ],
            [
              83.35401258914737,
              25.82302869617234
            ],
            [
              83.35452691058013,
              25.821036798183133
            ],
            [
              83.3545819809003,
              25.820327665383534
            ],
            [
              83.35445221656258,
              25.820110860607883
            ],
            [
              83.3538583672777,
              25.820142339871147
            ],
            [
              83.35315954176706,
              25.820729404886276
            ],
            [
              83.35282507293562,
              25.82153337225432
            ],
            [
              83.35275999628149,
              25.82231478505035
            ],
            [
              83.35273994229108,
              25.82273941374376
            ],
            [
              83.35241553459083,
              25.822951642615013
            ],
            [
              83.35141755841246,
              25.822445578095437
            ],
            [
              83.35028972716654,
              25.82180397039343
            ],
            [
              83.34966602327151,
              25.82130704974844
            ],
            [
              83.34915718156196,
              25.820471352618238
            ],
            [
              83.34839868186529,
              25.81998340059797
            ],
            [
              83.3472259662962,
              25.819974109396384
            ],
            [
              83.34718013874196,
              25.819989048095625
            ],
            [
              83.34636753171912,
              25.82025395133535
            ],
            [
              83.34562869165241,
              25.820863653331486
            ],
            [
              83.34479532097009,
              25.820940189108967
            ],
            [
              83.34426642437184,
              25.820253547828063
            ],
            [
              83.34398214890689,
              25.819472096361743
            ],
            [
              83.34395241107775,
              25.818939104598627
            ],
            [
              83.34459636210094,
              25.818189437186813
            ],
            [
              83.34545988293918,
              25.817448850223812
            ],
            [
              83.34562480464217,
              25.81673514886666
            ],
            [
              83.34532058567964,
              25.815786527835186
            ],
            [
              83.34575006931865,
              25.814711599622456
            ],
            [
              83.34552043208429,
              25.814675487662956
            ],
            [
              83.34521118614941,
              25.81431407795762
            ],
            [
              83.34505652500357,
              25.814232726293767
            ],
            [
              83.34474706167639,
              25.81433205797862
            ],
            [
              83.34472207503676,
              25.814476541750977
            ],
            [
              83.34456732316107,
              25.81461654127008
            ],
            [
              83.34419300057208,
              25.81469324362759
            ],
            [
              83.34419297541926,
              25.81487842321151
            ],
            [
              83.34414799138307,
              25.815059137853734
            ],
            [
              83.34381863216899,
              25.815059035152963
            ],
            [
              83.34366394227709,
              25.815298432785994
            ],
            [
              83.34343928260768,
              25.815316419935595
            ],
            [
              83.34313004026608,
              25.81495500733391
            ],
            [
              83.34302034968165,
              25.81435875305654
            ],
            [
              83.3428208823661,
              25.813956692732976
            ],
            [
              83.34239676077101,
              25.81387532869354
            ],
            [
              83.34173313484641,
              25.81353634037339
            ],
            [
              83.34095478328028,
              25.812912839313956
            ],
            [
              83.34033614408683,
              25.812388804146384
            ],
            [
              83.34006693157258,
              25.811765414306755
            ],
            [
              83.33982748832855,
              25.811245847754908
            ],
            [
              83.33926862393243,
              25.811046981804342
            ],
            [
              83.33862493431896,
              25.810924851048046
            ],
            [
              83.33845538090235,
              25.81092398412641
            ],
            [
              83.33770673033447,
              25.8109201541442
            ],
            [
              83.33741732369265,
              25.810942649627048
            ],
            [
              83.33732744814677,
              25.811001364944055
            ],
            [
              83.33744224206029,
              25.811222646340198
            ],
            [
              83.33735228656438,
              25.81142595090706
            ],
            [
              83.3371077399912,
              25.81142585709878
            ],
            [
              83.33697302234299,
              25.81148451961131
            ],
            [
              83.3367534345617,
              25.81152512078127
            ],
            [
              83.33635423133427,
              25.811665016232872
            ],
            [
              83.33603975989939,
              25.811841105222832
            ],
            [
              83.33577528420163,
              25.811841065597054
            ],
            [
              83.33548586318678,
              25.811664852068695
            ],
            [
              83.33515149317003,
              25.8116827847791
            ],
            [
              83.33477729185358,
              25.81162398326997
            ],
            [
              83.33462268640329,
              25.811443221334898
            ],
            [
              83.33437814791498,
              25.811361853951624
            ],
            [
              83.33408871612033,
              25.81146119532218
            ],
            [
              83.33384409229204,
              25.811664315098184
            ],
            [
              83.33350976180117,
              25.811664297306994
            ],
            [
              83.3331804313332,
              25.81150154176227
            ],
            [
              83.3327763277959,
              25.811244023342674
            ],
            [
              83.33231224913695,
              25.81124383572583
            ],
            [
              83.33196291318758,
              25.81142443460931
            ],
            [
              83.33169835035325,
              25.811681820820183
            ],
            [
              83.33158329143671,
              25.81220116307098
            ],
            [
              83.331518392649,
              25.812503788663626
            ],
            [
              83.33118387441024,
              25.812846976191974
            ],
            [
              83.33071964483435,
              25.81314498580447
            ],
            [
              83.33067463025546,
              25.813406965614867
            ],
            [
              83.3306295878288,
              25.813831483922232
            ],
            [
              83.33012038230159,
              25.814432059160303
            ],
            [
              83.32952142789094,
              25.814734511658784
            ],
            [
              83.32892254804048,
              25.814775025187185
            ],
            [
              83.3283885427232,
              25.814815528189037
            ],
            [
              83.32780972674462,
              25.814752064638547
            ],
            [
              83.32710119134407,
              25.81441305537603
            ],
            [
              83.32659240622837,
              25.813970280087045
            ],
            [
              83.32615845616577,
              25.813468748644134
            ],
            [
              83.32463629235787,
              25.813567535921052
            ],
            [
              83.32403225797431,
              25.814073293076387
            ],
            [
              83.32362282742734,
              25.81457452517744
            ],
            [
              83.32306901785132,
              25.81439362380131
            ],
            [
              83.32256036838126,
              25.8136120463314
            ],
            [
              83.32058590192949,
              25.80987579117143
            ],
            [
              83.31988805019259,
              25.808312703278393
            ],
            [
              83.31983509720155,
              25.80810063498762
            ],
            [
              83.31983497323405,
              25.808100137628013
            ],
            [
              83.31952935200134,
              25.806876198019317
            ],
            [
              83.31870611341706,
              25.8067177787461
            ],
            [
              83.31740856166786,
              25.806970195877863
            ],
            [
              83.31740988937787,
              25.804359439295517
            ],
            [
              83.31731570012201,
              25.803013377130785
            ],
            [
              83.31698189873886,
              25.801938222220528
            ],
            [
              83.31704213706685,
              25.80128328908423
            ],
            [
              83.31731166938133,
              25.80110727417587
            ],
            [
              83.31812004084765,
              25.800922349664184
            ],
            [
              83.32024074763775,
              25.800832852634947
            ],
            [
              83.32003717771627,
              25.798605927163784
            ],
            [
              83.3201528106563,
              25.796767674902608
            ],
            [
              83.32005842377106,
              25.79594999937612
            ],
            [
              83.31985886213239,
              25.79580994059628
            ],
            [
              83.31899071137718,
              25.79569666019582
            ],
            [
              83.31748898244538,
              25.795474747249546
            ],
            [
              83.31671083839008,
              25.795135698198568
            ],
            [
              83.31641665630421,
              25.7947426150976
            ],
            [
              83.31596799902373,
              25.793929356272756
            ],
            [
              83.31556935904001,
              25.792822532963555
            ],
            [
              83.31541013265588,
              25.792574024657128
            ],
            [
              83.31523038875069,
              25.792294001675582
            ],
            [
              83.31436275901837,
              25.791241158976288
            ],
            [
              83.3138994187746,
              25.789881407061
            ],
            [
              83.31362068591497,
              25.788602949821357
            ],
            [
              83.31349136265005,
              25.787722136296047
            ],
            [
              83.3120993925746,
              25.787694428194435
            ],
            [
              83.31146089971502,
              25.787445706926324
            ],
            [
              83.31076250719234,
              25.78733705166442
            ],
            [
              83.30963498227192,
              25.787255192122675
            ],
            [
              83.30917597370446,
              25.787255013365254
            ],
            [
              83.30881186855348,
              25.787033488239334
            ],
            [
              83.30853782489964,
              25.78648229918127
            ],
            [
              83.30835839630312,
              25.786039544100106
            ],
            [
              83.30826879115014,
              25.785849825388855
            ],
            [
              83.30802426883149,
              25.78593104689643
            ],
            [
              83.30772201178955,
              25.786477590793538
            ],
            [
              83.30768963740502,
              25.786536133001572
            ],
            [
              83.30774895675648,
              25.787529898266087
            ],
            [
              83.30765890334419,
              25.787832500311822
            ],
            [
              83.30744436409479,
              25.787913636340853
            ],
            [
              83.30725976120223,
              25.78785939063084
            ],
            [
              83.30711027075915,
              25.78763799524175
            ],
            [
              83.30692587986898,
              25.787199762753048
            ],
            [
              83.30680641830926,
              25.786811229872356
            ],
            [
              83.30653206743158,
              25.78670274793416
            ],
            [
              83.3057139519394,
              25.786453862813673
            ],
            [
              83.30507046624349,
              25.786196110400937
            ],
            [
              83.30479153395788,
              25.785428083996244
            ],
            [
              83.30461232634693,
              25.78483631034169
            ],
            [
              83.30452274185521,
              25.784411706775693
            ],
            [
              83.30454800966754,
              25.783860596127298
            ],
            [
              83.30456811935346,
              25.783675448155332
            ],
            [
              83.30479274309027,
              25.783512924342403
            ],
            [
              83.30508706261837,
              25.7835763463822
            ],
            [
              83.30544616325487,
              25.78361713183102
            ],
            [
              83.30568579514514,
              25.783413975312406
            ],
            [
              83.30566602232743,
              25.783070722778255
            ],
            [
              83.3055964747581,
              25.78256028170229
            ],
            [
              83.30533268896653,
              25.781462528398073
            ],
            [
              83.3053329818173,
              25.780952076357046
            ],
            [
              83.30542299839865,
              25.780667603665098
            ],
            [
              83.30566256022031,
              25.78050512992737
            ],
            [
              83.30624639778134,
              25.780302113681536
            ],
            [
              83.30660563496177,
              25.780117121936275
            ],
            [
              83.30660585594732,
              25.77985508310332
            ],
            [
              83.30647121285931,
              25.779751179694777
            ],
            [
              83.3060470732979,
              25.77977353710742
            ],
            [
              83.3059124149385,
              25.779814135388285
            ],
            [
              83.30570789459944,
              25.77966946861007
            ],
            [
              83.30557334942776,
              25.779384890110656
            ],
            [
              83.3056186379928,
              25.778833811921963
            ],
            [
              83.30543939804247,
              25.77820135639637
            ],
            [
              83.30543956063755,
              25.77798009182067
            ],
            [
              83.30555440755165,
              25.777794862676146
            ],
            [
              83.30573409216808,
              25.777573649922335
            ],
            [
              83.30615827844186,
              25.777388660393772
            ],
            [
              83.30667719835058,
              25.777230831059814
            ],
            [
              83.3069667586043,
              25.776887723228427
            ],
            [
              83.30708150131387,
              25.776761307975278
            ],
            [
              83.30708172229942,
              25.776499269010433
            ],
            [
              83.30687727202896,
              25.77631401409495
            ],
            [
              83.30651808874744,
              25.77627314200624
            ],
            [
              83.3059144370462,
              25.77635416864743
            ],
            [
              83.30553019615812,
              25.776417279031552
            ],
            [
              83.30526078242129,
              25.776498381613784
            ],
            [
              83.30490671055374,
              25.776376312333454
            ],
            [
              83.30470715610159,
              25.776254273666993
            ],
            [
              83.3045278083534,
              25.77594698990258
            ],
            [
              83.30439329641939,
              25.77558104774106
            ],
            [
              83.30405421204404,
              25.775291790241024
            ],
            [
              83.30374020863142,
              25.774903242623367
            ],
            [
              83.30360563201872,
              25.774577889226038
            ],
            [
              83.3036058251565,
              25.774275260646696
            ],
            [
              83.30390044292528,
              25.77386440214211
            ],
            [
              83.30396539561193,
              25.773683729857098
            ],
            [
              83.3038559870985,
              25.773195853774524
            ],
            [
              83.303631862825,
              25.772482063111067
            ],
            [
              83.30363217633705,
              25.77203493107064
            ],
            [
              83.30381181513935,
              25.771831760380596
            ],
            [
              83.30410139515602,
              25.771466014240662
            ],
            [
              83.3044156599784,
              25.77148428308961
            ],
            [
              83.30470985643733,
              25.771669569005482
            ],
            [
              83.30488956171494,
              25.77160638733427
            ],
            [
              83.305084112551,
              25.771484536295507
            ],
            [
              83.30508440809672,
              25.771123184203567
            ],
            [
              83.30515440841691,
              25.770694175252878
            ],
            [
              83.30488525069991,
              25.770368827303574
            ],
            [
              83.30497516397502,
              25.770206215689875
            ],
            [
              83.30515477043797,
              25.77008431467501
            ],
            [
              83.30528963810482,
              25.76989921234844
            ],
            [
              83.30519999612093,
              25.769574008644753
            ],
            [
              83.30502062321997,
              25.769167324381865
            ],
            [
              83.30462183142095,
              25.768801286077522
            ],
            [
              83.30421777010447,
              25.768679171665926
            ],
            [
              83.30365411858618,
              25.768615668044976
            ],
            [
              83.30226244405642,
              25.768492978254045
            ],
            [
              83.30199317135506,
              25.76837084977249
            ],
            [
              83.30176881801118,
              25.76818554980766
            ],
            [
              83.30156443511437,
              25.76792352507398
            ],
            [
              83.3013649561207,
              25.767819519801346
            ],
            [
              83.3011853182167,
              25.767842015372437
            ],
            [
              83.30078100716857,
              25.768307015111173
            ],
            [
              83.30035192777143,
              25.768451322800725
            ],
            [
              83.29994790418417,
              25.768428600020226
            ],
            [
              83.29963383519456,
              25.768103181950174
            ],
            [
              83.29923024908685,
              25.767393834384766
            ],
            [
              83.2986918950253,
              25.766779196711905
            ],
            [
              83.2985374306105,
              25.766517214177497
            ],
            [
              83.29853748540775,
              25.766291348066087
            ],
            [
              83.298762119026,
              25.76604755971256
            ],
            [
              83.29918619301037,
              25.765989051080414
            ],
            [
              83.29976990390894,
              25.76588546236719
            ],
            [
              83.29997454462226,
              25.76568231512823
            ],
            [
              83.30010943474699,
              25.765321052968666
            ],
            [
              83.3002194011142,
              25.764955164604718
            ],
            [
              83.3003791808605,
              25.764711367843923
            ],
            [
              83.30060370578265,
              25.764648252043518
            ],
            [
              83.3009180227073,
              25.764567124373475
            ],
            [
              83.3012521151446,
              25.76483376140099
            ],
            [
              83.30156601614928,
              25.76532172120813
            ],
            [
              83.30172552011281,
              25.765538677973442
            ],
            [
              83.30208474202186,
              25.765480156955384
            ],
            [
              83.3023990212173,
              25.765417066642932
            ],
            [
              83.30266835680072,
              25.76543978999996
            ],
            [
              83.30287286725829,
              25.765439866855512
            ],
            [
              83.30302757601484,
              25.765381175088443
            ],
            [
              83.30316229096813,
              25.765241267901267
            ],
            [
              83.30320736842909,
              25.76501545761064
            ],
            [
              83.30338719857252,
              25.764631609064107
            ],
            [
              83.30363671732081,
              25.764446465873455
            ],
            [
              83.30390617238017,
              25.76432468272219
            ],
            [
              83.30395118336581,
              25.76413955523314
            ],
            [
              83.30372683810673,
              25.763895535126842
            ],
            [
              83.30314344700842,
              25.76342996069198
            ],
            [
              83.3029390299756,
              25.763366651663542
            ],
            [
              83.30255977743235,
              25.763511013091392
            ],
            [
              83.30213073486613,
              25.763691404762024
            ],
            [
              83.30197609797477,
              25.763650691747653
            ],
            [
              83.30184148183619,
              25.7634880612218
            ],
            [
              83.30177193965679,
              25.763122114621783
            ],
            [
              83.30179267636683,
              25.761798696779934
            ],
            [
              83.30186270722974,
              25.761527718139764
            ],
            [
              83.30199741319983,
              25.761446441093188
            ],
            [
              83.30219688321036,
              25.761550446286435
            ],
            [
              83.30260065167607,
              25.761893927734977
            ],
            [
              83.30295984304242,
              25.761979908172098
            ],
            [
              83.30314438035796,
              25.761876125838366
            ],
            [
              83.30320948485988,
              25.76159163006864
            ],
            [
              83.30291695567414,
              25.758560617632124
            ],
            [
              83.30294201867056,
              25.75839800278733
            ],
            [
              83.30307678662443,
              25.75827613414437
            ],
            [
              83.30321142432258,
              25.758235539013143
            ],
            [
              83.30348078326222,
              25.758298942200796
            ],
            [
              83.30373007563503,
              25.758380350041538
            ],
            [
              83.30399944715106,
              25.75835787937628
            ],
            [
              83.30417416228731,
              25.758177266820372
            ],
            [
              83.30417443357854,
              25.757748170628577
            ],
            [
              83.30388543117856,
              25.757197005724812
            ],
            [
              83.30375119323072,
              25.756546463914958
            ],
            [
              83.30343723383557,
              25.755977235795445
            ],
            [
              83.30332771842262,
              25.7556925802589
            ],
            [
              83.30312330767806,
              25.755507317949323
            ],
            [
              83.30177660460807,
              25.755506635900378
            ],
            [
              83.30083381373424,
              25.755628069677307
            ],
            [
              83.30033986878706,
              25.75581305671422
            ],
            [
              83.30007043169401,
              25.75605678922188
            ],
            [
              83.299890577296,
              25.756463186681387
            ],
            [
              83.2997308514486,
              25.756689035082903
            ],
            [
              83.29926185900509,
              25.756891988971855
            ],
            [
              83.29881294570477,
              25.75686920329898
            ],
            [
              83.29842912522827,
              25.756525747768023
            ],
            [
              83.29820463623878,
              25.756444265030755
            ],
            [
              83.29773086565625,
              25.75640341118078
            ],
            [
              83.29724220998943,
              25.756136634668994
            ],
            [
              83.29621007088082,
              25.755648236620587
            ],
            [
              83.29578610379596,
              25.75560733314333
            ],
            [
              83.29538211883627,
              25.75558450596124
            ],
            [
              83.29522247922714,
              25.755625071254013
            ],
            [
              83.29481819512849,
              25.756031431355552
            ],
            [
              83.2942342910921,
              25.756401462137443
            ],
            [
              83.29354097944065,
              25.756482410110927
            ],
            [
              83.29286751157383,
              25.756540752715125
            ],
            [
              83.29237857473437,
              25.756739231109542
            ],
            [
              83.29166019559493,
              25.75698720120853
            ],
            [
              83.29128104456126,
              25.757068300886566
            ],
            [
              83.290767328593,
              25.757027350163693
            ],
            [
              83.29029852838894,
              25.75685999614806
            ],
            [
              83.28982469761928,
              25.756800987031408
            ],
            [
              83.28924107475562,
              25.756859345660377
            ],
            [
              83.2888119567309,
              25.757107538000785
            ],
            [
              83.28816344855427,
              25.757247156229273
            ],
            [
              83.28780422574685,
              25.757269474192075
            ],
            [
              83.28753510306416,
              25.75702545776504
            ],
            [
              83.28737570240689,
              25.75673623190522
            ],
            [
              83.2872861951703,
              25.7563116103158
            ],
            [
              83.28710693186375,
              25.755945673150705
            ],
            [
              83.28686270059924,
              25.755760310911054
            ],
            [
              83.2866133588191,
              25.75559751423548
            ],
            [
              83.28562582465759,
              25.755497524114453
            ],
            [
              83.28562174271293,
              25.755497883343097
            ],
            [
              83.28470799527055,
              25.75557829632618
            ],
            [
              83.28401448059986,
              25.755880469332794
            ],
            [
              83.28322599873226,
              25.75645367609881
            ],
            [
              83.28300127797743,
              25.756738035311322
            ],
            [
              83.28295611427819,
              25.757040694041027
            ],
            [
              83.28320538059988,
              25.75730731965455
            ],
            [
              83.28399337827551,
              25.757429759679393
            ],
            [
              83.2845966904136,
              25.757674090808532
            ],
            [
              83.28481593414016,
              25.757958743213365
            ],
            [
              83.2848404868935,
              25.758446588075206
            ],
            [
              83.2845508700459,
              25.75893425375077
            ],
            [
              83.28437100576646,
              25.759322592323556
            ],
            [
              83.28444039882551,
              25.75990981209784
            ],
            [
              83.28488848298082,
              25.76098963995033
            ],
            [
              83.28468367068932,
              25.761332853613066
            ],
            [
              83.28436929627246,
              25.761617173633947
            ],
            [
              83.28436893335311,
              25.762068911078483
            ],
            [
              83.2843935256323,
              25.762475390707404
            ],
            [
              83.2842137969985,
              25.762719223612073
            ],
            [
              83.28387454194322,
              25.762759702328918
            ],
            [
              83.28356047205529,
              25.762574244744123
            ],
            [
              83.28335629038108,
              25.76210887628395
            ],
            [
              83.28326676517817,
              25.761738466862756
            ],
            [
              83.28293279221681,
              25.7614943382649
            ],
            [
              83.28234924570991,
              25.761331407869687
            ],
            [
              83.28181074162971,
              25.761109722694393
            ],
            [
              83.28140707287699,
              25.760621592666233
            ],
            [
              83.281452347069,
              25.760129331281004
            ],
            [
              83.2816323209429,
              25.75958286989515
            ],
            [
              83.2815178845589,
              25.759239490982225
            ],
            [
              83.28138348581257,
              25.758914203868773
            ],
            [
              83.28120407518237,
              25.758751488376806
            ],
            [
              83.28084497903741,
              25.758688006952763
            ],
            [
              83.28053063336665,
              25.75872841422937
            ],
            [
              83.2801065306362,
              25.758931468191125
            ],
            [
              83.27979202326873,
              25.75930165417284
            ],
            [
              83.27963203421493,
              25.759744147384563
            ],
            [
              83.27974586243953,
              25.76088248468539
            ],
            [
              83.28019383700035,
              25.762066241283495
            ],
            [
              83.28039263237609,
              25.762978760763154
            ],
            [
              83.28022275466769,
              25.763349027972172
            ],
            [
              83.28024226697397,
              25.76385492411857
            ],
            [
              83.28062591587224,
              25.764469479851734
            ],
            [
              83.28084991258497,
              25.764998124598183
            ],
            [
              83.28081709802593,
              25.76536853436594
            ],
            [
              83.2808046949868,
              25.76550851502258
            ],
            [
              83.28042019628231,
              25.765991545233717
            ],
            [
              83.28015070259536,
              25.766172099789067
            ],
            [
              83.27995099363297,
              25.766275804748176
            ],
            [
              83.27965671363071,
              25.76633437795897
            ],
            [
              83.27954665473706,
              25.76665947970647
            ],
            [
              83.279521441722,
              25.767007275305673
            ],
            [
              83.27970079036847,
              25.767273903616044
            ],
            [
              83.28012924274154,
              25.767942647951337
            ],
            [
              83.27992452207816,
              25.76829036212793
            ],
            [
              83.27974467576504,
              25.768597420597033
            ],
            [
              83.27914084979064,
              25.76884088901917
            ],
            [
              83.27867182590606,
              25.768962508976486
            ],
            [
              83.27810776834924,
              25.76946808996672
            ],
            [
              83.27792795796874,
              25.769757014611795
            ],
            [
              83.2773892176316,
              25.769756674841723
            ],
            [
              83.27689533287152,
              25.769733758965756
            ],
            [
              83.2766956445704,
              25.769878140155267
            ],
            [
              83.2766504593116,
              25.770244024669434
            ],
            [
              83.27653514886677,
              25.770934995665186
            ],
            [
              83.27647957369341,
              25.77177509903462
            ],
            [
              83.27629928900244,
              25.77258800660366
            ],
            [
              83.27600462721618,
              25.773075665958874
            ],
            [
              83.27564504957424,
              25.77354517774162
            ],
            [
              83.27548976589595,
              25.774294880002042
            ],
            [
              83.27575866130488,
              25.77484614429757
            ],
            [
              83.27575815555335,
              25.77545590921698
            ],
            [
              83.27568799982463,
              25.77580363535518
            ],
            [
              83.2755331994399,
              25.776065522159023
            ],
            [
              83.27526361592146,
              25.77629116824446
            ],
            [
              83.27494917862258,
              25.77641292698287
            ],
            [
              83.2746797648857,
              25.776435347312294
            ],
            [
              83.27411606216346,
              25.776394288402294
            ],
            [
              83.27366725486436,
              25.776168111853142
            ],
            [
              83.27335326492647,
              25.775820093948642
            ],
            [
              83.27312932570592,
              25.775273402255344
            ],
            [
              83.27299510572438,
              25.774681564998687
            ],
            [
              83.27297540836516,
              25.77433379836069
            ],
            [
              83.2725966876245,
              25.773926945969066
            ],
            [
              83.27205822127355,
              25.77350200808772
            ],
            [
              83.27109087674803,
              25.773008956378106
            ],
            [
              83.27064205687252,
              25.7728054120003
            ],
            [
              83.27023798657288,
              25.77286839322122
            ],
            [
              83.27008301371164,
              25.773175376747222
            ],
            [
              83.27008230673752,
              25.77398845997284
            ],
            [
              83.27026128887135,
              25.774661549325252
            ],
            [
              83.27068478164573,
              25.775312287126546
            ],
            [
              83.27113326824629,
              25.77585923183727
            ],
            [
              83.27120279605263,
              25.776247643659474
            ],
            [
              83.27120259123677,
              25.776473511045552
            ],
            [
              83.27102277277139,
              25.776735367249387
            ],
            [
              83.27048375036325,
              25.77697891038412
            ],
            [
              83.26882214376874,
              25.77738418623312
            ],
            [
              83.2681685699922,
              25.777406290089644
            ],
            [
              83.26785441296767,
              25.77726157669323
            ],
            [
              83.26767521972972,
              25.77687749110072
            ],
            [
              83.26738632512765,
              25.776389496294215
            ],
            [
              83.26727166057151,
              25.776226786960677
            ],
            [
              83.26706721030104,
              25.7761859811744
            ],
            [
              83.26682262510032,
              25.776348409055753
            ],
            [
              83.26664284975409,
              25.77652889689189
            ],
            [
              83.26633337744376,
              25.776713856212794
            ],
            [
              83.2659741618229,
              25.77669102419111
            ],
            [
              83.26550039932519,
              25.776509987337864
            ],
            [
              83.2648270141034,
              25.77646880226052
            ],
            [
              83.26431301786074,
              25.7765903998396
            ],
            [
              83.26390878676268,
              25.776770807223713
            ],
            [
              83.26336988113555,
              25.77689227910946
            ],
            [
              83.26283111025568,
              25.776891889206293
            ],
            [
              83.26235722738373,
              25.7767695663273
            ],
            [
              83.26193341480912,
              25.77656602678259
            ],
            [
              83.26182394700692,
              25.776272326602832
            ],
            [
              83.26168971265231,
              25.775824982342982
            ],
            [
              83.26162508156257,
              25.775499784362243
            ],
            [
              83.26135605589792,
              25.775151720814684
            ],
            [
              83.26115188141023,
              25.774767690680733
            ],
            [
              83.26092813892073,
              25.77403570492587
            ],
            [
              83.26095357202306,
              25.77354341099363
            ],
            [
              83.26115384782241,
              25.77275311381868
            ],
            [
              83.26113406781816,
              25.77256788622161
            ],
            [
              83.26097461236364,
              25.772346470381482
            ],
            [
              83.26075030124058,
              25.772224341820568
            ],
            [
              83.26032621198482,
              25.772224026326338
            ],
            [
              83.25940808166219,
              25.772485229371828
            ],
            [
              83.25844498526965,
              25.77276899928558
            ],
            [
              83.25794587141634,
              25.77303513170642
            ],
            [
              83.2577458893661,
              25.773459565665195
            ],
            [
              83.2577454851242,
              25.773929338028108
            ],
            [
              83.25749571844092,
              25.774195588379545
            ],
            [
              83.25752028377067,
              25.774620199390807
            ],
            [
              83.25771929833537,
              25.775148841798618
            ],
            [
              83.25771886983897,
              25.775577933334826
            ],
            [
              83.25758403990135,
              25.77569976075579
            ],
            [
              83.25717995433035,
              25.77576270565623
            ],
            [
              83.2569105702379,
              25.775762454077302
            ],
            [
              83.25664139724957,
              25.775495746956494
            ],
            [
              83.25596831296336,
              25.775147387325212
            ],
            [
              83.25558925265953,
              25.775047725112476
            ],
            [
              83.25520547979376,
              25.77469965862098
            ],
            [
              83.25502616618157,
              25.7743968313518
            ],
            [
              83.25498163040473,
              25.774089618009043
            ],
            [
              83.25518655857893,
              25.773683308394332
            ],
            [
              83.25561083109098,
              25.77343973422653
            ],
            [
              83.25563615819209,
              25.7730739040576
            ],
            [
              83.25556670225097,
              25.772626670700724
            ],
            [
              83.25520786122756,
              25.77231922303075
            ],
            [
              83.25413091774584,
              25.771726656725363
            ],
            [
              83.25375191403587,
              25.771608858718558
            ],
            [
              83.25352746816552,
              25.77160867265688
            ],
            [
              83.2533475535804,
              25.771847962275046
            ],
            [
              83.25330246713631,
              25.772100813632488
            ],
            [
              83.25321255296289,
              25.77221820100846
            ],
            [
              83.25287832308334,
              25.772217917872602
            ],
            [
              83.25260913931518,
              25.77200992366142
            ],
            [
              83.25229530658248,
              25.771589610233555
            ],
            [
              83.2519118813647,
              25.7708755833973
            ],
            [
              83.25173285521342,
              25.770324333015147
            ],
            [
              83.25166817561464,
              25.77014363268909
            ],
            [
              83.25159850587444,
              25.770062253948147
            ],
            [
              83.25123929744012,
              25.770102616904584
            ],
            [
              83.25085988769166,
              25.770323613838585
            ],
            [
              83.25036590860849,
              25.770404527241464
            ],
            [
              83.24989200238036,
              25.770467347942258
            ],
            [
              83.24955751827758,
              25.770688323163867
            ],
            [
              83.2490832338587,
              25.77103573321424
            ],
            [
              83.24861428812756,
              25.771057949890896
            ],
            [
              83.24842483343414,
              25.770962871093047
            ],
            [
              83.24817077729539,
              25.77064199182362
            ],
            [
              83.2480162832362,
              25.770474762166117
            ],
            [
              83.24801476059179,
              25.770478081376034
            ],
            [
              83.24801160481017,
              25.770484960869116
            ],
            [
              83.24801160570853,
              25.7705106546073
            ],
            [
              83.24801160840344,
              25.7706624328844
            ],
            [
              83.24789706062832,
              25.77073468199103
            ],
            [
              83.24765287338124,
              25.77086126869443
            ],
            [
              83.24728909342043,
              25.770933841267343
            ],
            [
              83.24714454820301,
              25.770897833271643
            ],
            [
              83.24694501261548,
              25.770758049078726
            ],
            [
              83.24681509825909,
              25.770442214812114
            ],
            [
              83.24677471000392,
              25.769909695051254
            ],
            [
              83.24681348488483,
              25.768885142787003
            ],
            [
              83.24686265686685,
              25.76821720627701
            ],
            [
              83.24678761879454,
              25.767896821157372
            ],
            [
              83.24661795398686,
              25.767716376012267
            ],
            [
              83.24632371800206,
              25.767549668076896
            ],
            [
              83.24581513590563,
              25.767459772107525
            ],
            [
              83.2455858328445,
              25.767356225936403
            ],
            [
              83.24552066096898,
              25.767071897008833
            ],
            [
              83.24552062593466,
              25.766990628612028
            ],
            [
              83.24585405361869,
              25.76651648526987
            ],
            [
              83.24610795614554,
              25.766168713311636
            ],
            [
              83.2462222829351,
              25.765848241762367
            ],
            [
              83.24611725999694,
              25.76549175809402
            ],
            [
              83.24596764558636,
              25.765388114743395
            ],
            [
              83.24566857127543,
              25.765442489652287
            ],
            [
              83.24520054182588,
              25.765871580688017
            ],
            [
              83.24490655197948,
              25.765962111308966
            ],
            [
              83.24470711610495,
              25.765921724292358
            ],
            [
              83.24454248455775,
              25.765827044263492
            ],
            [
              83.2442730699226,
              25.7655609636355
            ],
            [
              83.24402870570744,
              25.76538060231206
            ],
            [
              83.24378439000131,
              25.76528601731438
            ],
            [
              83.24351026460076,
              25.765286302084792
            ],
            [
              83.24316149459001,
              25.765449025609797
            ],
            [
              83.24264838408627,
              25.76575636082749
            ],
            [
              83.24215507065473,
              25.765810911121424
            ],
            [
              83.24159663924655,
              25.765666910070312
            ],
            [
              83.24125273720634,
              25.7656853027805
            ],
            [
              83.24100364964943,
              25.76583895036239
            ],
            [
              83.24063520833056,
              25.76619572584628
            ],
            [
              83.24046088935137,
              25.766335850338415
            ],
            [
              83.24006186039712,
              25.766024694087566
            ],
            [
              83.23970243816373,
              25.76552403417079
            ],
            [
              83.23915377773092,
              25.765064126754396
            ],
            [
              83.23893430313733,
              25.76494692970079
            ],
            [
              83.2385206882378,
              25.764969805241485
            ],
            [
              83.23810217931661,
              25.765200328087353
            ],
            [
              83.23764399540256,
              25.76552564813622
            ],
            [
              83.23764925593687,
              25.765873167951593
            ],
            [
              83.23748020737347,
              25.766365225113553
            ],
            [
              83.23711170227423,
              25.766667876291073
            ],
            [
              83.2370529722176,
              25.767814331751065
            ],
            [
              83.23704836116524,
              25.768193442285387
            ],
            [
              83.23688915993395,
              25.76850499006254
            ],
            [
              83.23672497934103,
              25.7688526289743
            ],
            [
              83.23655556695994,
              25.76897009722542
            ],
            [
              83.23640601004153,
              25.76895663981348
            ],
            [
              83.23618660641485,
              25.768794339341273
            ],
            [
              83.23580231522116,
              25.768302746899625
            ],
            [
              83.23550786723395,
              25.767914762106216
            ],
            [
              83.23530353913436,
              25.76790594089058
            ],
            [
              83.2348699681608,
              25.768028070659547
            ],
            [
              83.2344263333611,
              25.768005909235878
            ],
            [
              83.23410733711214,
              25.767992567399954
            ],
            [
              83.23358419332496,
              25.768214115947142
            ],
            [
              83.23311587282126,
              25.76852140760111
            ],
            [
              83.23276709382736,
              25.768580287926778
            ],
            [
              83.23259255835418,
              25.76846757935866
            ],
            [
              83.2323579893689,
              25.768224039788898
            ],
            [
              83.2320538081356,
              25.76809340614307
            ],
            [
              83.23168995002133,
              25.76799438276993
            ],
            [
              83.23141544912501,
              25.76768310385529
            ],
            [
              83.23116095281178,
              25.76729069184375
            ],
            [
              83.23101083085307,
              25.766604718654072
            ],
            [
              83.2308505507451,
              25.765774455810543
            ],
            [
              83.23078937996583,
              25.764221932313177
            ],
            [
              83.23068944418713,
              25.763924053757776
            ],
            [
              83.23025549681947,
              25.76358138477423
            ],
            [
              83.22995635962647,
              25.76346877339589
            ],
            [
              83.22951759459393,
              25.763329147111882
            ],
            [
              83.22904386084235,
              25.763040683334467
            ],
            [
              83.22867486256801,
              25.762842357861512
            ],
            [
              83.22820599858356,
              25.762440951274613
            ],
            [
              83.22760761280651,
              25.76209837266649
            ],
            [
              83.22666521269983,
              25.761656805670462
            ],
            [
              83.22580230091934,
              25.760921731865754
            ],
            [
              83.22491968638977,
              25.760299440327216
            ],
            [
              83.22446599495049,
              25.760232082805004
            ],
            [
              83.22406719057503,
              25.760092442196868
            ],
            [
              83.22363336088668,
              25.75978132136056
            ],
            [
              83.22346378501216,
              25.759727310355988
            ],
            [
              83.22280090738425,
              25.75972769707937
            ],
            [
              83.22248183837173,
              25.759642175358017
            ],
            [
              83.2219633236032,
              25.759322034889838
            ],
            [
              83.22180873611923,
              25.759322199126483
            ],
            [
              83.22124063075377,
              25.759412839917953
            ],
            [
              83.22054794432978,
              25.759476419658125
            ],
            [
              83.21993482887702,
              25.75938657987179
            ],
            [
              83.21915718159003,
              25.75915241877205
            ],
            [
              83.21860885622883,
              25.759116639399462
            ],
            [
              83.21845939363355,
              25.759170904723042
            ],
            [
              83.21830991936015,
              25.75922066038737
            ],
            [
              83.21827544920606,
              25.759816403136806
            ],
            [
              83.21822572476016,
              25.75992023904976
            ],
            [
              83.21793173491373,
              25.759974639925314
            ],
            [
              83.21756778696796,
              25.759943233679362
            ],
            [
              83.21716908859374,
              25.759952492370008
            ],
            [
              83.21704461263805,
              25.76003836013807
            ],
            [
              83.21694506403324,
              25.76020995390569
            ],
            [
              83.21690032074554,
              25.76039044605886
            ],
            [
              83.21693826019326,
              25.760511780183847
            ],
            [
              83.21702027188714,
              25.760774068034145
            ],
            [
              83.21708548239025,
              25.761324582051365
            ],
            [
              83.2172202449542,
              25.761622392698268
            ],
            [
              83.2172760159603,
              25.76285455469917
            ],
            [
              83.21729653437971,
              25.763603691029182
            ],
            [
              83.2173273789333,
              25.764826794207274
            ],
            [
              83.2175573215949,
              25.765666122100185
            ],
            [
              83.21759222922852,
              25.765720254989542
            ],
            [
              83.2177170222895,
              25.76593681785131
            ],
            [
              83.21798632014367,
              25.76606755580481
            ],
            [
              83.21831542872779,
              25.766252372866994
            ],
            [
              83.21853494464388,
              25.766541065876535
            ],
            [
              83.21855509205908,
              25.766811885026797
            ],
            [
              83.21852057159936,
              25.767276748036434
            ],
            [
              83.21864531884621,
              25.767475269966834
            ],
            [
              83.21877024755278,
              25.767854275606528
            ],
            [
              83.21864582729266,
              25.768188370745605
            ],
            [
              83.21843180996441,
              25.76858110661898
            ],
            [
              83.21810312808006,
              25.7688566560893
            ],
            [
              83.21763980131104,
              25.769145849995425
            ],
            [
              83.21702176039555,
              25.769281591998194
            ],
            [
              83.21658812923486,
              25.769313474689447
            ],
            [
              83.21624417958394,
              25.76928211217209
            ],
            [
              83.2159650056515,
              25.769146880636622
            ],
            [
              83.2154612367284,
              25.76879963332549
            ],
            [
              83.21506210087462,
              25.768276361
            ],
            [
              83.21474801841025,
              25.768199833282747
            ],
            [
              83.21445400520763,
              25.768177467217438
            ],
            [
              83.21419984935586,
              25.768236282994813
            ],
            [
              83.21399062364137,
              25.76844851966671
            ],
            [
              83.21399667559145,
              25.769838627356062
            ],
            [
              83.21394795905529,
              25.771463457912112
            ],
            [
              83.21389839989935,
              25.771860612015015
            ],
            [
              83.21384868713155,
              25.772009634862336
            ],
            [
              83.21362952784659,
              25.77223542133011
            ],
            [
              83.21332065111932,
              25.77239808031876
            ],
            [
              83.2130016108529,
              25.7724479258961
            ],
            [
              83.21265272226456,
              25.772434604783466
            ],
            [
              83.21246320918064,
              25.772227106844294
            ],
            [
              83.21238315491576,
              25.771938289332944
            ],
            [
              83.21223349918272,
              25.771735306156852
            ],
            [
              83.21199412600726,
              25.77154586388572
            ],
            [
              83.21174977436851,
              25.771433191301462
            ],
            [
              83.21155538882249,
              25.771419717180567
            ],
            [
              83.21132615403334,
              25.77148758528305
            ],
            [
              83.21113685295185,
              25.771627616159524
            ],
            [
              83.2109874801881,
              25.77195264678086
            ],
            [
              83.21080839025642,
              25.772340875622852
            ],
            [
              83.21037485701208,
              25.772607435324133
            ],
            [
              83.21005603683291,
              25.772779128221245
            ],
            [
              83.20986676090426,
              25.773045524338325
            ],
            [
              83.2096127353082,
              25.77331196677657
            ],
            [
              83.20928390071023,
              25.773542309202963
            ],
            [
              83.208870303777,
              25.77370049210066
            ],
            [
              83.20858143432773,
              25.77397602563977
            ],
            [
              83.20856148633852,
              25.77396695814563
            ],
            [
              83.20845168615968,
              25.77380456664274
            ],
            [
              83.20838662028532,
              25.773452576327205
            ],
            [
              83.20809726844072,
              25.773041980311003
            ],
            [
              83.20780777735726,
              25.77257735991912
            ],
            [
              83.20770779576445,
              25.77216663224992
            ],
            [
              83.20738367103353,
              25.771905116243953
            ],
            [
              83.20683530524812,
              25.771873805376067
            ],
            [
              83.20616238625196,
              25.771905803052455
            ],
            [
              83.20583828218227,
              25.771729878824726
            ],
            [
              83.20577327739338,
              25.77143660513351
            ],
            [
              83.20577308156064,
              25.771089074911547
            ],
            [
              83.2056781413132,
              25.770737053890173
            ],
            [
              83.20544867475873,
              25.770443856215685
            ],
            [
              83.20487054688962,
              25.770534456965557
            ],
            [
              83.20432227003744,
              25.77065205217834
            ],
            [
              83.20374419786391,
              25.770882546191103
            ],
            [
              83.20325583774284,
              25.771058820339928
            ],
            [
              83.2028373261267,
              25.771320813882717
            ],
            [
              83.20238896169704,
              25.771673159184726
            ],
            [
              83.20177645709867,
              25.772548984934858
            ],
            [
              83.20153243603993,
              25.772995970235538
            ],
            [
              83.20150754372342,
              25.77302078005216
            ],
            [
              83.20148265320351,
              25.77304558986359
            ],
            [
              83.20132318966415,
              25.77317210938572
            ],
            [
              83.20076016876324,
              25.77345216538001
            ],
            [
              83.20033160859232,
              25.773763875703125
            ],
            [
              83.19986835997669,
              25.774265067123107
            ],
            [
              83.19952480468619,
              25.774788736928436
            ],
            [
              83.19904706804166,
              25.776106869971915
            ],
            [
              83.19896763091941,
              25.776644068274233
            ],
            [
              83.19881825186746,
              25.77694193431885
            ],
            [
              83.1986538808317,
              25.777140615617906
            ],
            [
              83.1983748317651,
              25.77725357480477
            ],
            [
              83.19816045241582,
              25.777253747914788
            ],
            [
              83.19780660692373,
              25.777335110398965
            ],
            [
              83.19736797843511,
              25.77745272718459
            ],
            [
              83.19714373917725,
              25.777534094385878
            ],
            [
              83.19675011987763,
              25.777805038100198
            ],
            [
              83.19648098821176,
              25.777981204086093
            ],
            [
              83.19617211867099,
              25.7782024549081
            ],
            [
              83.1958980292031,
              25.77842832908861
            ],
            [
              83.19566879531224,
              25.778545782198247
            ],
            [
              83.19518035973272,
              25.7786272327771
            ],
            [
              83.19451745605363,
              25.778817094893885
            ],
            [
              83.19415861233529,
              25.778772183946508
            ],
            [
              83.19390431275309,
              25.778704602322037
            ],
            [
              83.19359018267801,
              25.778533234285508
            ],
            [
              83.19344548474697,
              25.7783933620172
            ],
            [
              83.19337557964822,
              25.77808196234759
            ],
            [
              83.19332045812406,
              25.77754495337247
            ],
            [
              83.19329533673717,
              25.77725610431405
            ],
            [
              83.19319547911184,
              25.776998885220262
            ],
            [
              83.19292621719025,
              25.77684104323387
            ],
            [
              83.19253237690509,
              25.776782581987224
            ],
            [
              83.19226322817123,
              25.77679169294831
            ],
            [
              83.19194424988859,
              25.776832474258438
            ],
            [
              83.19159043673582,
              25.777049299967153
            ],
            [
              83.19145215906416,
              25.7770984851246
            ],
            [
              83.19119668538384,
              25.77718935663727
            ],
            [
              83.19053869908267,
              25.77714900822525
            ],
            [
              83.18991539403959,
              25.77682888827994
            ],
            [
              83.1889431716621,
              25.776405013210645
            ],
            [
              83.18846463731363,
              25.776418777171713
            ],
            [
              83.18815558271992,
              25.776486589834512
            ],
            [
              83.18786166024714,
              25.776753077126244
            ],
            [
              83.18753273132612,
              25.77700592288498
            ],
            [
              83.18714906086826,
              25.77715505818248
            ],
            [
              83.18684500539909,
              25.777272465634997
            ],
            [
              83.18673044594586,
              25.77752073582486
            ],
            [
              83.18672069203849,
              25.777936021833863
            ],
            [
              83.18649175369337,
              25.7785904910023
            ],
            [
              83.18642224834493,
              25.779055413031006
            ],
            [
              83.18648714803093,
              25.779321727108115
            ],
            [
              83.18662690792283,
              25.779565340162133
            ],
            [
              83.18659339627116,
              25.780040863940826
            ],
            [
              83.1865922347495,
              25.78005734297803
            ],
            [
              83.18549639520576,
              25.781668978035707
            ],
            [
              83.18465444381582,
              25.782856366282903
            ],
            [
              83.183293913877,
              25.783619667675683
            ],
            [
              83.18235662967585,
              25.783362727693596
            ],
            [
              83.18100043859984,
              25.78285774867087
            ],
            [
              83.17968897104856,
              25.7818382796716
            ],
            [
              83.17790890541417,
              25.78107622384465
            ],
            [
              83.17692692733267,
              25.781076578951414
            ],
            [
              83.17604463978986,
              25.78132053865428
            ],
            [
              83.17373656239776,
              25.781226628848906
            ],
            [
              83.17186729225902,
              25.78120464218557
            ],
            [
              83.17161814361666,
              25.78151160009814
            ],
            [
              83.17040679599874,
              25.781715111744315
            ],
            [
              83.16915069611,
              25.781778617252648
            ],
            [
              83.16869196512197,
              25.78170659812579
            ],
            [
              83.1664089857606,
              25.781874280302702
            ],
            [
              83.16409584636185,
              25.781568002801166
            ],
            [
              83.16225151255708,
              25.78187534399798
            ],
            [
              83.1608207738889,
              25.78189824539566
            ],
            [
              83.15959958522706,
              25.782300302040234
            ],
            [
              83.15885177188902,
              25.78201158023205
            ],
            [
              83.15879167279986,
              25.78123076717189
            ],
            [
              83.15880169620182,
              25.781212709328283
            ],
            [
              83.15891624307865,
              25.781023181076602
            ],
            [
              83.15896091629769,
              25.780409311272535
            ],
            [
              83.1589757618561,
              25.779912842322368
            ],
            [
              83.15863667388749,
              25.779425489333455
            ],
            [
              83.15839229889252,
              25.77887942660136
            ],
            [
              83.15834723580463,
              25.778364936653045
            ],
            [
              83.15845177275422,
              25.777836917692472
            ],
            [
              83.15859120476107,
              25.777277175197067
            ],
            [
              83.15854618299564,
              25.776735625297672
            ],
            [
              83.15840651832518,
              25.776510025357595
            ],
            [
              83.15817725568824,
              25.776537135036854
            ],
            [
              83.15799287917112,
              25.776636410948072
            ],
            [
              83.15765400859482,
              25.776970478127335
            ],
            [
              83.15725525811827,
              25.777209765022103
            ],
            [
              83.15659232120156,
              25.777223490870306
            ],
            [
              83.15594423792803,
              25.777151410735367
            ],
            [
              83.15545569814391,
              25.77701157404857
            ],
            [
              83.15508185076372,
              25.776930431370772
            ],
            [
              83.15466801487862,
              25.776831230935873
            ],
            [
              83.15446863829285,
              25.776582999749674
            ],
            [
              83.15420925514448,
              25.77599637208793
            ],
            [
              83.15403968196493,
              25.775572114653084
            ],
            [
              83.15387017076914,
              25.775405189632426
            ],
            [
              83.15364075991018,
              25.775179563703386
            ],
            [
              83.1533964001866,
              25.77471926981671
            ],
            [
              83.15317709178134,
              25.774511661811438
            ],
            [
              83.1529776729748,
              25.774425967919967
            ],
            [
              83.1516268322646,
              25.774457842757556
            ],
            [
              83.15077938588009,
              25.77431808298176
            ],
            [
              83.15025599595454,
              25.77417820008152
            ],
            [
              83.14990210464833,
              25.77410612133233
            ],
            [
              83.14897984566863,
              25.774106195755422
            ],
            [
              83.14790315820676,
              25.77409291608527
            ],
            [
              83.1464377203141,
              25.774011833700403
            ],
            [
              83.14528617983284,
              25.773885648360277
            ],
            [
              83.14476776567565,
              25.773691621160218
            ],
            [
              83.14407491575827,
              25.773493108819164
            ],
            [
              83.14315269810106,
              25.773412064045164
            ],
            [
              83.14220068422419,
              25.77332637016855
            ],
            [
              83.14172207890881,
              25.773159416102068
            ],
            [
              83.14135321717842,
              25.773118912618465
            ],
            [
              83.14113894922023,
              25.773218219703047
            ],
            [
              83.14102921372006,
              25.773385180158368
            ],
            [
              83.14085987140753,
              25.77396741601002
            ],
            [
              83.1405857927194,
              25.774387204908958
            ],
            [
              83.14024680985368,
              25.77454066002203
            ],
            [
              83.1397832629974,
              25.774527190298695
            ],
            [
              83.1394592631323,
              25.774554251085416
            ],
            [
              83.13951910530328,
              25.7745407109855
            ],
            [
              83.13951403521179,
              25.77410750463122
            ],
            [
              83.13942927197824,
              25.773773465793816
            ],
            [
              83.13927464407006,
              25.773421509362016
            ],
            [
              83.13916002263308,
              25.773001741315316
            ],
            [
              83.13923967175772,
              25.77239692593514
            ],
            [
              83.13937416572543,
              25.771331832804186
            ],
            [
              83.13965321569036,
              25.770569017013738
            ],
            [
              83.14014153808216,
              25.769946106216366
            ],
            [
              83.14043557374265,
              25.769594113354845
            ],
            [
              83.14052030912845,
              25.769237509072944
            ],
            [
              83.14061499066109,
              25.768777163014377
            ],
            [
              83.14053505227889,
              25.76802793879447
            ],
            [
              83.14052508367419,
              25.767490919914597
            ],
            [
              83.14063463142647,
              25.767188483601036
            ],
            [
              83.14090379183841,
              25.766854478682053
            ],
            [
              83.14099351377236,
              25.766646873906975
            ],
            [
              83.14104826339397,
              25.76633992931479
            ],
            [
              83.14104385895415,
              25.766023610025137
            ],
            [
              83.14104323642165,
              25.765978877070157
            ],
            [
              83.14096351183848,
              25.765816384837397
            ],
            [
              83.14045012285699,
              25.766254260264557
            ],
            [
              83.13995672857708,
              25.76638966336763
            ],
            [
              83.13924893428663,
              25.76655672808244
            ],
            [
              83.13885017662358,
              25.76669666122506
            ],
            [
              83.13841164874628,
              25.767066844027987
            ],
            [
              83.13821225419424,
              25.767423366651563
            ],
            [
              83.13784856137,
              25.768199762091893
            ],
            [
              83.13763418202069,
              25.76848857171273
            ],
            [
              83.1368666353908,
              25.76861955359578
            ],
            [
              83.13607911472057,
              25.768777534337584
            ],
            [
              83.13534142359916,
              25.769441074940893
            ],
            [
              83.13475327232814,
              25.769572020986708
            ],
            [
              83.13400069073253,
              25.770118141114942
            ],
            [
              83.13320821585349,
              25.770443158882067
            ],
            [
              83.13200699763875,
              25.77130975370299
            ],
            [
              83.13125432800827,
              25.771269219656293
            ],
            [
              83.129993194859,
              25.77096234202787
            ],
            [
              83.1283930923187,
              25.76995137830685
            ],
            [
              83.12790960286311,
              25.76920667399056
            ],
            [
              83.12790962711763,
              25.768150552212283
            ],
            [
              83.12703731177278,
              25.765695332813234
            ],
            [
              83.12616506110665,
              25.764946192693447
            ],
            [
              83.12524289734834,
              25.76547423422582
            ],
            [
              83.1238871751929,
              25.76613320059691
            ],
            [
              83.12248162079374,
              25.76652578713382
            ],
            [
              83.12083186836772,
              25.76542904316645
            ],
            [
              83.11967052457177,
              25.765383856943966
            ],
            [
              83.11879824066794,
              25.76565011918592
            ],
            [
              83.11777637738786,
              25.766308965657633
            ],
            [
              83.11700388104077,
              25.766087815628115
            ],
            [
              83.11559832843818,
              25.765956834996235
            ],
            [
              83.11423765027733,
              25.764990908239394
            ],
            [
              83.11302649220394,
              25.764990755336726
            ],
            [
              83.11229886940023,
              25.764246009379303
            ],
            [
              83.11026543124497,
              25.763144585194386
            ],
            [
              83.10959245206168,
              25.763789961685976
            ],
            [
              83.10895930956795,
              25.76493172032768
            ],
            [
              83.10895928800839,
              25.765414637198045
            ],
            [
              83.10915344538235,
              25.766470742870172
            ],
            [
              83.10915335734744,
              25.767301190147812
            ],
            [
              83.10857006326715,
              25.76809101315739
            ],
            [
              83.10735867971661,
              25.76936810101057
            ],
            [
              83.10634167003401,
              25.77050536069943
            ],
            [
              83.10556392572902,
              25.77164713321424
            ],
            [
              83.10430747729396,
              25.773668836284966
            ],
            [
              83.10522438860276,
              25.774810839650605
            ],
            [
              83.10653506743323,
              25.776873617954212
            ],
            [
              83.10784067796884,
              25.77964046599064
            ],
            [
              83.10818458360234,
              25.780254287194563
            ],
            [
              83.10934595524603,
              25.780958443209165
            ],
            [
              83.11004378272841,
              25.781491097812463
            ],
            [
              83.11059209281827,
              25.781865768313356
            ],
            [
              83.11134473370268,
              25.782240492635434
            ],
            [
              83.11207749486982,
              25.78285435134522
            ],
            [
              83.1131839578901,
              25.784930537602843
            ],
            [
              83.11390157885145,
              25.78768819516486
            ],
            [
              83.11449961787879,
              25.78987724962769
            ],
            [
              83.11506287862994,
              25.790712239678367
            ],
            [
              83.11533706511592,
              25.790928832145177
            ],
            [
              83.1153370714041,
              25.790825016894527
            ],
            [
              83.115880369793,
              25.79115457775105
            ],
            [
              83.11618453665325,
              25.791258378154208
            ],
            [
              83.11664313289401,
              25.79168267977829
            ],
            [
              83.11705189958595,
              25.79209794612875
            ],
            [
              83.11705185287356,
              25.792499588857442
            ],
            [
              83.11703691658533,
              25.79292840167266
            ],
            [
              83.1171864842835,
              25.79325783778668
            ],
            [
              83.11733096661885,
              25.79374530621265
            ],
            [
              83.11720125618002,
              25.79454860826488
            ],
            [
              83.11690712619647,
              25.79491417161973
            ],
            [
              83.11618413690294,
              25.79558209692992
            ],
            [
              83.11543136576286,
              25.79604243198182
            ],
            [
              83.11503739432365,
              25.796516289898232
            ],
            [
              83.11454884286144,
              25.796976577647698
            ],
            [
              83.11366628672234,
              25.797522608005295
            ],
            [
              83.11322253963323,
              25.798131919079378
            ],
            [
              83.11200113268079,
              25.797495445698974
            ],
            [
              83.11051537399806,
              25.79766227897059
            ],
            [
              83.10958306556526,
              25.797377838275903
            ],
            [
              83.10791299324754,
              25.796777355335667
            ],
            [
              83.10629763641543,
              25.79667790298188
            ],
            [
              83.10475710116164,
              25.79663252888939
            ],
            [
              83.10375004571068,
              25.796605309763585
            ],
            [
              83.1028973693346,
              25.796943697064265
            ],
            [
              83.10181547074575,
              25.797476055024195
            ],
            [
              83.10244829972741,
              25.79897455540343
            ],
            [
              83.10257765263677,
              25.80045952800378
            ],
            [
              83.10202912066302,
              25.80095585108311
            ],
            [
              83.10124125593804,
              25.801623706763916
            ],
            [
              83.10058324897558,
              25.801113601933952
            ],
            [
              83.0999201764132,
              25.800838189671317
            ],
            [
              83.09937673339554,
              25.800770416004543
            ],
            [
              83.09892304824446,
              25.800923759339515
            ],
            [
              83.09836943989106,
              25.80143360699204
            ],
            [
              83.0976164648334,
              25.802065315870834
            ],
            [
              83.09661920461231,
              25.80237202972412
            ],
            [
              83.09609575809289,
              25.801997372258185
            ],
            [
              83.09541777439512,
              25.80162265780344
            ],
            [
              83.09428608668165,
              25.801450877258876
            ],
            [
              83.0933638546514,
              25.80099035616792
            ],
            [
              83.0923668800946,
              25.80010547112904
            ],
            [
              83.09146464725751,
              25.799676568621013
            ],
            [
              83.09084140599485,
              25.799730546073373
            ],
            [
              83.09008851178558,
              25.799829614934634
            ],
            [
              83.08918612982815,
              25.799847527599496
            ],
            [
              83.08888687226091,
              25.80000090690562
            ],
            [
              83.08873723808743,
              25.80037541782585
            ],
            [
              83.08875204591656,
              25.800835755290443
            ],
            [
              83.08852757489338,
              25.8010252898871
            ],
            [
              83.0879242151446,
              25.801295969652866
            ],
            [
              83.08764492173621,
              25.80153509423858
            ],
            [
              83.08709637808438,
              25.801941077132305
            ],
            [
              83.08662773598383,
              25.801977061954883
            ],
            [
              83.08607935133381,
              25.80168808800922
            ],
            [
              83.0854612142986,
              25.801516459606315
            ],
            [
              83.08493266085678,
              25.801719379683835
            ],
            [
              83.08446389119541,
              25.802044255862207
            ],
            [
              83.08378569998686,
              25.80238699086205
            ],
            [
              83.08331199587964,
              25.80243650276082
            ],
            [
              83.08284323969305,
              25.802589821294976
            ],
            [
              83.08240937137711,
              25.80300041934479
            ],
            [
              83.08210984341699,
              25.803866866866493
            ],
            [
              83.08206957014615,
              25.80516221167001
            ],
            [
              83.08225866731009,
              25.806082946288097
            ],
            [
              83.08250280065823,
              25.806525302214304
            ],
            [
              83.08272716388359,
              25.80662918296955
            ],
            [
              83.08325564815514,
              25.80667899717626
            ],
            [
              83.08368937004568,
              25.806850606780078
            ],
            [
              83.08427260483715,
              25.80717570988989
            ],
            [
              83.08463148897967,
              25.807464669644826
            ],
            [
              83.08504530869507,
              25.80777168411379
            ],
            [
              83.08551389420178,
              25.80787117972478
            ],
            [
              83.08651108615092,
              25.807907549312876
            ],
            [
              83.08713433729504,
              25.80795731203301
            ],
            [
              83.08764287267908,
              25.80811095176222
            ],
            [
              83.087887065316,
              25.80845399512623
            ],
            [
              83.0881012856635,
              25.809171657289788
            ],
            [
              83.08791168993457,
              25.809492014208946
            ],
            [
              83.08719864409295,
              25.80968138939346
            ],
            [
              83.08639088168445,
              25.80959543625365
            ],
            [
              83.0855980483776,
              25.809681007685167
            ],
            [
              83.08525888584882,
              25.810005891148567
            ],
            [
              83.08497458792604,
              25.810430001929674
            ],
            [
              83.08475012858092,
              25.81070079526467
            ],
            [
              83.0843161668402,
              25.811007490808695
            ],
            [
              83.0836777692021,
              25.811521904615315
            ],
            [
              83.08297939195076,
              25.812356585300773
            ],
            [
              83.0823211388499,
              25.81267682766966
            ],
            [
              83.08122896443253,
              25.81296534783181
            ],
            [
              83.08019655133772,
              25.81361501175068
            ],
            [
              83.07942355462903,
              25.81403902631699
            ],
            [
              83.07869056169652,
              25.813989101990558
            ],
            [
              83.07831170171703,
              25.81379946035993
            ],
            [
              83.07745430738903,
              25.813212399000225
            ],
            [
              83.07691092006694,
              25.812824085624964
            ],
            [
              83.07651700162832,
              25.812751803127508
            ],
            [
              83.07615793961938,
              25.812923179121274
            ],
            [
              83.07557443712994,
              25.813265936025697
            ],
            [
              83.07478158675512,
              25.813297244859672
            ],
            [
              83.07477758476053,
              25.813299813225274
            ],
            [
              83.07435262773222,
              25.813572430037226
            ],
            [
              83.07356958426536,
              25.81414984779843
            ],
            [
              83.07263160925979,
              25.8152056698996
            ],
            [
              83.07151914100182,
              25.816333585039743
            ],
            [
              83.07097560815261,
              25.81643717012077
            ],
            [
              83.07007805284324,
              25.816499971286518
            ],
            [
              83.0702324166467,
              25.81690168738503
            ],
            [
              83.07027720574847,
              25.81719512437713
            ],
            [
              83.06998769310545,
              25.817641854845878
            ],
            [
              83.06978302723931,
              25.81818336263829
            ],
            [
              83.06967290905683,
              25.819176175211382
            ],
            [
              83.06945813444884,
              25.81995688873048
            ],
            [
              83.06895411399739,
              25.82070594090769
            ],
            [
              83.06831057440262,
              25.82125628023817
            ],
            [
              83.06773704141618,
              25.821373421642107
            ],
            [
              83.06721835417115,
              25.821449906146814
            ],
            [
              83.06596206563617,
              25.820808522700002
            ],
            [
              83.06453658929892,
              25.819557799743606
            ],
            [
              83.06414708607997,
              25.820473827835773
            ],
            [
              83.06404664185477,
              25.821913536098748
            ],
            [
              83.06400148264711,
              25.8224505138928
            ],
            [
              83.06392150743403,
              25.82282509535409
            ],
            [
              83.06372673112084,
              25.823474904104483
            ],
            [
              83.06311783505497,
              25.824368278779584
            ],
            [
              83.06272350339133,
              25.82519862216974
            ],
            [
              83.06262315977746,
              25.826173375870283
            ],
            [
              83.06269242886904,
              25.827346894963195
            ],
            [
              83.06255756030384,
              25.8278072230299
            ],
            [
              83.06206833869844,
              25.828709649342734
            ],
            [
              83.06201815341676,
              25.82922408328331
            ],
            [
              83.0619730876339,
              25.82962576834154
            ],
            [
              83.06177342987549,
              25.830013834991018
            ],
            [
              83.06146395127695,
              25.830546252142337
            ],
            [
              83.06084021324594,
              25.83120043889296
            ],
            [
              83.06016667620887,
              25.831674021960026
            ],
            [
              83.05960779115149,
              25.832179216648484
            ],
            [
              83.05886929873283,
              25.833027350638062
            ],
            [
              83.05828054379391,
              25.833559632952138
            ],
            [
              83.056793849965,
              25.834475185629337
            ],
            [
              83.05556145841322,
              25.83530502232437
            ],
            [
              83.05452903543699,
              25.83545348110039
            ],
            [
              83.05390577980128,
              25.835272626178156
            ],
            [
              83.0530728780395,
              25.83519996686479
            ],
            [
              83.05270897411118,
              25.834960641812984
            ],
            [
              83.05210598716323,
              25.834292353150083
            ],
            [
              83.05108892807328,
              25.833641930266165
            ],
            [
              83.05060969034395,
              25.833273878866052
            ],
            [
              83.05057920511645,
              25.833250465886326
            ],
            [
              83.05056554892751,
              25.83323997665646
            ],
            [
              83.05021666662735,
              25.83297347972432
            ],
            [
              83.04840776597065,
              25.830797206743735
            ],
            [
              83.04713176839836,
              25.829645655066006
            ],
            [
              83.04629446579004,
              25.828999782355243
            ],
            [
              83.04511750837614,
              25.828944948215614
            ],
            [
              83.04313211661388,
              25.829896171716996
            ],
            [
              83.03971562236575,
              25.830426756386696
            ],
            [
              83.03519707223211,
              25.83082119671182
            ],
            [
              83.03296269981246,
              25.831018342802633
            ],
            [
              83.0325789242517,
              25.83078791881644
            ],
            [
              83.0319298249836,
              25.8317759094042
            ],
            [
              83.03110137167913,
              25.832556176798974
            ],
            [
              83.03174908844002,
              25.833224597356125
            ],
            [
              83.03207260141822,
              25.834055227910586
            ],
            [
              83.0321570762926,
              25.834515671381194
            ],
            [
              83.03181266670425,
              25.83487200490819
            ],
            [
              83.0308747824285,
              25.83525498487679
            ],
            [
              83.02974731769518,
              25.835628857168533
            ],
            [
              83.0289095021488,
              25.835686940913416
            ],
            [
              83.02917349904452,
              25.836093367858528
            ],
            [
              83.02969129336417,
              25.83712719990599
            ],
            [
              83.03034313159557,
              25.83898255711322
            ],
            [
              83.03028761930427,
              25.8398175293104
            ],
            [
              83.02966861719148,
              25.84052118665729
            ],
            [
              83.02849088722643,
              25.841332802911204
            ],
            [
              83.02738309469953,
              25.842045128693922
            ],
            [
              83.0275164531967,
              25.843660984905384
            ],
            [
              83.02781461302264,
              25.845055706398615
            ],
            [
              83.02782777334154,
              25.845087778906596
            ],
            [
              83.02846664978173,
              25.846644814291416
            ],
            [
              83.02867055567314,
              25.847380679963866
            ],
            [
              83.02927296500435,
              25.84870790887048
            ],
            [
              83.02962640894951,
              25.849624371029755
            ],
            [
              83.02955081661665,
              25.850517890261372
            ],
            [
              83.02927078838641,
              25.851411335643007
            ],
            [
              83.02944931597271,
              25.85267520786787
            ],
            [
              83.02972856087204,
              25.852878497829437
            ],
            [
              83.03015694497316,
              25.853519617732918
            ],
            [
              83.03109366143904,
              25.85487419608658
            ],
            [
              83.03157173405347,
              25.855790709079415
            ],
            [
              83.03360188437475,
              25.855828109191773
            ],
            [
              83.03838064320853,
              25.85562799804126
            ],
            [
              83.03923347139992,
              25.855754830343884
            ],
            [
              83.04041550788845,
              25.856003793767304
            ],
            [
              83.04140813998919,
              25.855932136654776
            ],
            [
              83.04256564797886,
              25.855630398151558
            ],
            [
              83.04344389040797,
              25.855134402885163
            ],
            [
              83.0444369572933,
              25.854485045270273
            ],
            [
              83.0456191348173,
              25.85446321528996
            ],
            [
              83.04658180810334,
              25.854436652942166
            ],
            [
              83.04675112616135,
              25.854860911726032
            ],
            [
              83.04644636281975,
              25.855659620642445
            ],
            [
              83.04597705506752,
              25.856182882196734
            ],
            [
              83.04699426597278,
              25.856756666155565
            ],
            [
              83.04704861494578,
              25.85760062004856
            ],
            [
              83.04706791884294,
              25.858552935641864
            ],
            [
              83.04717643083767,
              25.86039895407515
            ],
            [
              83.04755987941164,
              25.861419146164312
            ],
            [
              83.04874188535742,
              25.86181695176928
            ],
            [
              83.05066686631514,
              25.862517514836366
            ],
            [
              83.05336579529747,
              25.86224356383442
            ],
            [
              83.05427320602386,
              25.862943509226017
            ],
            [
              83.05493622828054,
              25.86373815419274
            ],
            [
              83.05592317494386,
              25.86498428929352
            ],
            [
              83.05650127137189,
              25.866054197880036
            ],
            [
              83.05664037818859,
              25.86707879171917
            ],
            [
              83.05732823706629,
              25.86799984813974
            ],
            [
              83.05868993391667,
              25.8682983396358
            ],
            [
              83.0595180674209,
              25.86829873085468
            ],
            [
              83.06059068641285,
              25.86812313730076
            ],
            [
              83.06265645403684,
              25.867280120199272
            ],
            [
              83.06339950181231,
              25.8677994601385
            ],
            [
              83.06491058220624,
              25.86859891337064
            ],
            [
              83.06757966915484,
              25.86830211522133
            ],
            [
              83.06975500788727,
              25.86763050366855
            ],
            [
              83.07176587227772,
              25.86645778431872
            ],
            [
              83.07347242967077,
              25.86546553175565
            ],
            [
              83.07442068230151,
              25.864504520881297
            ],
            [
              83.07598747800598,
              25.86328648662923
            ],
            [
              83.07687075369564,
              25.86261433569917
            ],
            [
              83.07766879723113,
              25.862713878977498
            ],
            [
              83.07794310498963,
              25.863011881037863
            ],
            [
              83.07849130189179,
              25.86435692225933
            ],
            [
              83.07887967592845,
              25.86618496277893
            ],
            [
              83.07827521125186,
              25.868373689662597
            ],
            [
              83.07841451479959,
              25.869222210740688
            ],
            [
              83.07967595786765,
              25.87114074991489
            ],
            [
              83.08044862040309,
              25.872485938669094
            ],
            [
              83.08077754213761,
              25.873632376393914
            ],
            [
              83.08152032311344,
              25.874977598204897
            ],
            [
              83.08240289362561,
              25.876444655382258
            ],
            [
              83.08212790674072,
              25.878051220332623
            ],
            [
              83.08185305729805,
              25.879247146042463
            ],
            [
              83.08110961695881,
              25.879445544976583
            ],
            [
              83.08083003608958,
              25.879869714789127
            ],
            [
              83.0799765090089,
              25.88081719315837
            ],
            [
              83.07942735360434,
              25.881760302817625
            ],
            [
              83.07887813262279,
              25.8828568239606
            ],
            [
              83.07876795155825,
              25.884052797181717
            ],
            [
              83.07775008128958,
              25.88405248360178
            ],
            [
              83.07664746305872,
              25.884052090010478
            ],
            [
              83.07510601691324,
              25.883577662024322
            ],
            [
              83.07452699522047,
              25.8841281040233
            ],
            [
              83.07466641105759,
              25.88492250305232
            ],
            [
              83.0751847021456,
              25.88616827488366
            ],
            [
              83.0762319212729,
              25.887590324993944
            ],
            [
              83.07634131271831,
              25.88856071915896
            ],
            [
              83.07650519596886,
              25.890203591252625
            ],
            [
              83.0759010978049,
              25.89125047037425
            ],
            [
              83.07600537693803,
              25.892460051663193
            ],
            [
              83.07614405076676,
              25.894946853176425
            ],
            [
              83.07583931706955,
              25.895772654698067
            ],
            [
              83.07457668103882,
              25.896367970029658
            ],
            [
              83.07366305486902,
              25.897563677885348
            ],
            [
              83.07304364671765,
              25.898973798206352
            ],
            [
              83.07246484690873,
              25.898840456233874
            ],
            [
              83.07166152577098,
              25.8988266669095
            ],
            [
              83.07035398385749,
              25.89930006632591
            ],
            [
              83.06954519467459,
              25.9000394893627
            ],
            [
              83.069500297775,
              25.900080533671424
            ],
            [
              83.0694843993911,
              25.90197605939666
            ],
            [
              83.06759282677879,
              25.90268843094089
            ],
            [
              83.06637016128661,
              25.902940637610776
            ],
            [
              83.06515742936485,
              25.903238009697567
            ],
            [
              83.06440401323437,
              25.903206083071748
            ],
            [
              83.06319666132283,
              25.902614352083617
            ],
            [
              83.06255802922442,
              25.902379447116772
            ],
            [
              83.06150998005377,
              25.90264520898701
            ],
            [
              83.06067665788049,
              25.902658361915396
            ],
            [
              83.0601528610181,
              25.90239192695236
            ],
            [
              83.060058252249,
              25.90199015461261
            ],
            [
              83.06023811203688,
              25.901620169787396
            ],
            [
              83.05990893068919,
              25.901398869241124
            ],
            [
              83.05980938567764,
              25.900821145352893
            ],
            [
              83.05923084727846,
              25.900410195106666
            ],
            [
              83.05842751086935,
              25.90032400325236
            ],
            [
              83.05725501269251,
              25.900012131600175
            ],
            [
              83.05632206286263,
              25.899790525004963
            ],
            [
              83.05627241207856,
              25.89929850832588
            ],
            [
              83.05533943440088,
              25.899122080851566
            ],
            [
              83.05516004892348,
              25.898693256082666
            ],
            [
              83.05485119375577,
              25.897803979244614
            ],
            [
              83.0542282345641,
              25.896544467886603
            ],
            [
              83.05383941136976,
              25.895862805598902
            ],
            [
              83.05288630334492,
              25.895966153743412
            ],
            [
              83.05152892110281,
              25.896263312287342
            ],
            [
              83.05030626369549,
              25.89642520692817
            ],
            [
              83.04991235962993,
              25.896100058178007
            ],
            [
              83.048465301268,
              25.896004514914715
            ],
            [
              83.04845290631367,
              25.895939822957942
            ],
            [
              83.0482663819247,
              25.894966290103643
            ],
            [
              83.04822279476882,
              25.89293986896521
            ],
            [
              83.0484884292933,
              25.891229490083372
            ],
            [
              83.04879857623837,
              25.89000211920137
            ],
            [
              83.04845513413557,
              25.88862538687436
            ],
            [
              83.04831112880564,
              25.887560129279475
            ],
            [
              83.04811196512065,
              25.886923695601727
            ],
            [
              83.04796772173714,
              25.886273672171928
            ],
            [
              83.04773850221935,
              25.88575010098378
            ],
            [
              83.04715064918902,
              25.884400324047053
            ],
            [
              83.0467768718774,
              25.88388105062484
            ],
            [
              83.04618864963945,
              25.882996108925088
            ],
            [
              83.04543607163713,
              25.88191256166023
            ],
            [
              83.04484796528186,
              25.881023102635005
            ],
            [
              83.04482175873011,
              25.881030426691993
            ],
            [
              83.04463837125812,
              25.881081681338344
            ],
            [
              83.04341096894944,
              25.881094535205193
            ],
            [
              83.0424329892693,
              25.881315090660923
            ],
            [
              83.04167952283315,
              25.88145008906313
            ],
            [
              83.04037211476866,
              25.881819433971586
            ],
            [
              83.03912960639016,
              25.882112038308403
            ],
            [
              83.0386106487522,
              25.88218391392635
            ],
            [
              83.03654974640378,
              25.88268820584235
            ],
            [
              83.03442396233567,
              25.883147258937733
            ],
            [
              83.03432239072482,
              25.885525675328964
            ],
            [
              83.03429207797387,
              25.88601300135141
            ],
            [
              83.03417627525228,
              25.88735794314089
            ],
            [
              83.03402552626949,
              25.8887479198865
            ],
            [
              83.03374523842612,
              25.889961794686474
            ],
            [
              83.03362980221718,
              25.890801124758685
            ],
            [
              83.03292996700011,
              25.892457076098548
            ],
            [
              83.0325198366656,
              25.893670894977703
            ],
            [
              83.0331436411719,
              25.894533555884294
            ],
            [
              83.03317284630012,
              25.894573945103524
            ],
            [
              83.03316660570384,
              25.89616705720888
            ],
            [
              83.0331338360606,
              25.899800185695828
            ],
            [
              83.0331779756804,
              25.90083821767637
            ],
            [
              83.03295302765177,
              25.901339082846853
            ],
            [
              83.03254323508378,
              25.90203385680157
            ],
            [
              83.03150936581991,
              25.903274345920483
            ],
            [
              83.03023604522718,
              25.90434316177633
            ],
            [
              83.02936721804059,
              25.905037560073403
            ],
            [
              83.02943600473682,
              25.90550365889883
            ],
            [
              83.02912237502336,
              25.90543011997011
            ],
            [
              83.02866291819659,
              25.905813416729718
            ],
            [
              83.02796173370997,
              25.90624458318844
            ],
            [
              83.02785921976641,
              25.906265265873973
            ],
            [
              83.02757467121361,
              25.906322678973144
            ],
            [
              83.0264020499676,
              25.90623162701454
            ],
            [
              83.02604247412229,
              25.9065879439035
            ],
            [
              83.02561291861808,
              25.90697120296341
            ],
            [
              83.02466454740969,
              25.907295513719767
            ],
            [
              83.0246990606829,
              25.907823628246394
            ],
            [
              83.02465336068947,
              25.908667567124716
            ],
            [
              83.02483166190032,
              25.910310452610968
            ],
            [
              83.02479607783526,
              25.91101900930247
            ],
            [
              83.02410725865857,
              25.911257752886097
            ],
            [
              83.02348842992058,
              25.911225683797138
            ],
            [
              83.02289974055873,
              25.911035753713747
            ],
            [
              83.02239086201823,
              25.9108728949625
            ],
            [
              83.02182236588563,
              25.91045729001308
            ],
            [
              83.02116373728899,
              25.910321441626397
            ],
            [
              83.02073961389728,
              25.910235340239023
            ],
            [
              83.0198413480205,
              25.91027530068295
            ],
            [
              83.01874854388409,
              25.910157153314845
            ],
            [
              83.01726137843967,
              25.9101695822306
            ],
            [
              83.01652781238204,
              25.910169064291797
            ],
            [
              83.01585423671736,
              25.910037716232097
            ],
            [
              83.01440229511353,
              25.909788357651724
            ],
            [
              83.01366397157815,
              25.909535031160175
            ],
            [
              83.0136358632929,
              25.909519787031414
            ],
            [
              83.0136285932273,
              25.90993216321055
            ],
            [
              83.01364732938919,
              25.91123203636852
            ],
            [
              83.01381132492914,
              25.912026450920557
            ],
            [
              83.0139553140894,
              25.912762172738677
            ],
            [
              83.01397384274047,
              25.914332784829043
            ],
            [
              83.01417128435509,
              25.916648287748657
            ],
            [
              83.01424532439911,
              25.917528366842763
            ],
            [
              83.01435407175244,
              25.91859357365051
            ],
            [
              83.01334647910898,
              25.918105360915973
            ],
            [
              83.01192914510146,
              25.918036600865992
            ],
            [
              83.0107563738368,
              25.917990525154437
            ],
            [
              83.00938873103752,
              25.918233115872265
            ],
            [
              83.00772580302124,
              25.91918410060673
            ],
            [
              83.0075309764024,
              25.91933271011401
            ],
            [
              83.0052085223725,
              25.92110465315858
            ],
            [
              83.00229598120214,
              25.923904895669995
            ],
            [
              83.00065741729298,
              25.92542901183041
            ],
            [
              82.99844818332822,
              25.92839672871087
            ],
            [
              82.99865220869553,
              25.928988109774828
            ],
            [
              82.99909968828466,
              25.930617807899015
            ],
            [
              82.99925831100089,
              25.931601808116753
            ],
            [
              82.9998649451089,
              25.933804785879435
            ],
            [
              83.00004715758449,
              25.936079611280885
            ],
            [
              83.00015452961715,
              25.938417528197608
            ],
            [
              82.99983276116721,
              25.940619687028192
            ],
            [
              82.99932700517067,
              25.94215370223091
            ],
            [
              82.99940601199992,
              25.94289398420136
            ],
            [
              82.99955268442794,
              25.94345825581257
            ],
            [
              82.99969935685593,
              25.9440225271435
            ],
            [
              82.99996232068908,
              25.945507508928113
            ],
            [
              83.00022467187115,
              25.9475928599291
            ],
            [
              83.00050890511527,
              25.947940665647558
            ],
            [
              83.00294452980299,
              25.948398498704705
            ],
            [
              83.00453666338838,
              25.948666150363525
            ],
            [
              83.00652320589249,
              25.948907037386356
            ],
            [
              83.0083750882406,
              25.949052952716592
            ],
            [
              83.0087192606737,
              25.94936461628388
            ],
            [
              83.00919797468528,
              25.949938157255882
            ],
            [
              83.0101753417144,
              25.950967978138802
            ],
            [
              83.01086395787185,
              25.95125733991781
            ],
            [
              83.0115519559884,
              25.95228685282518
            ],
            [
              83.01281870899808,
              25.9535516133182
            ],
            [
              83.01462475660543,
              25.95479405932726
            ],
            [
              83.01541859333042,
              25.954663764182342
            ],
            [
              83.01690216820867,
              25.953717122985086
            ],
            [
              83.0182342449092,
              25.954634290776035
            ],
            [
              83.01993746506093,
              25.9536877826153
            ],
            [
              83.02112617872699,
              25.953065857135407
            ],
            [
              83.02360824272162,
              25.9519347918979
            ],
            [
              83.02606466700142,
              25.951611503783845
            ],
            [
              83.02765703055552,
              25.951743550238845
            ],
            [
              83.02913889324483,
              25.952656153602696
            ],
            [
              83.03051255385816,
              25.95174537894364
            ],
            [
              83.03174094161871,
              25.951322013637757
            ],
            [
              83.03285847996814,
              25.952202743262127
            ],
            [
              83.03253316407113,
              25.9531819446055
            ],
            [
              83.03192359337048,
              25.953881034754733
            ],
            [
              83.03454384430695,
              25.95469965727268
            ],
            [
              83.03632522866818,
              25.955901202000213
            ],
            [
              83.0378119629213,
              25.957188343643438
            ],
            [
              83.0393932897738,
              25.958859205251983
            ],
            [
              83.0410800743491,
              25.959880147651795
            ],
            [
              83.04142449471725,
              25.95983523762827
            ],
            [
              83.0415194367613,
              25.959731515794143
            ],
            [
              83.04150464600016,
              25.959478740891594
            ],
            [
              83.04134013842051,
              25.959167233331048
            ],
            [
              83.04121056991549,
              25.958797066952986
            ],
            [
              83.04099618607462,
              25.95840886378198
            ],
            [
              83.04080189664835,
              25.957821958848754
            ],
            [
              83.04080207271815,
              25.95764600665946
            ],
            [
              83.04091696544636,
              25.957465517398177
            ],
            [
              83.04124660762974,
              25.957334852863795
            ],
            [
              83.04169103115026,
              25.95717259360063
            ],
            [
              83.04200062922473,
              25.95712762519753
            ],
            [
              83.04228034933283,
              25.9568886110824
            ],
            [
              83.04226563043692,
              25.956459884996033
            ],
            [
              83.04223086204215,
              25.95626575104273
            ],
            [
              83.04196643305681,
              25.956058062719283
            ],
            [
              83.04169185939696,
              25.95595409766855
            ],
            [
              83.04123263074223,
              25.955849963715927
            ],
            [
              83.04101814179847,
              25.955687401939542
            ],
            [
              83.04098329884356,
              25.955434649851775
            ],
            [
              83.04098340843804,
              25.95528566264264
            ],
            [
              83.04104851473654,
              25.95510071363259
            ],
            [
              83.04122841315196,
              25.95481644018589
            ],
            [
              83.04140835468657,
              25.95456382111592
            ],
            [
              83.04147331096641,
              25.95441945696413
            ],
            [
              83.04147348523958,
              25.95416675707835
            ],
            [
              83.04147369364874,
              25.953941019853183
            ],
            [
              83.04144388305603,
              25.953719916882537
            ],
            [
              83.04111462175831,
              25.953363126190144
            ],
            [
              83.04096502711066,
              25.953083257097326
            ],
            [
              83.04090029720624,
              25.952857589681845
            ],
            [
              83.04090051280191,
              25.95263645398262
            ],
            [
              83.04090068707508,
              25.952383662227035
            ],
            [
              83.04093580221952,
              25.952072306319504
            ],
            [
              83.04091621355644,
              25.951575852071823
            ],
            [
              83.04082149609123,
              25.951381689870225
            ],
            [
              83.0403275969581,
              25.950984213654014
            ],
            [
              83.03996840559175,
              25.95053726929558
            ],
            [
              83.03978892489293,
              25.950284392258226
            ],
            [
              83.03967435016833,
              25.950004481920992
            ],
            [
              83.03967446155944,
              25.949778837682622
            ],
            [
              83.03973960468889,
              25.949467448230436
            ],
            [
              83.03993444568074,
              25.949246471751824
            ],
            [
              83.04019925375515,
              25.94898032625189
            ],
            [
              83.04049385355763,
              25.948845102233566
            ],
            [
              83.04087321839033,
              25.948845337289313
            ],
            [
              83.04121765133486,
              25.948908739318252
            ],
            [
              83.04151205620296,
              25.949012684743238
            ],
            [
              83.04182152941158,
              25.949039957629516
            ],
            [
              83.04197138457066,
              25.948981357749624
            ],
            [
              83.04200143591184,
              25.94884595683488
            ],
            [
              83.04185672270947,
              25.948714979017666
            ],
            [
              83.04169203097517,
              25.94863822472614
            ],
            [
              83.04154230068194,
              25.948638110025183
            ],
            [
              83.0411330291368,
              25.948497938927964
            ],
            [
              83.04103336914088,
              25.94825869000455
            ],
            [
              83.04104853090622,
              25.94794726099064
            ],
            [
              83.04119854416878,
              25.94769918213663
            ],
            [
              83.04149337304166,
              25.947279597956676
            ],
            [
              83.04173823043193,
              25.946941232248175
            ],
            [
              83.04224758687612,
              25.94657147492672
            ],
            [
              83.04262715293143,
              25.94634605997773
            ],
            [
              83.04288688013456,
              25.946170193222336
            ],
            [
              83.04333119495894,
              25.94603498374771
            ],
            [
              83.04377566788679,
              25.945787039801754
            ],
            [
              83.04397053043822,
              25.945593112001625
            ],
            [
              83.04410033430183,
              25.945462295352176
            ],
            [
              83.04411544126995,
              25.945268198192014
            ],
            [
              83.0440808067242,
              25.944943293179243
            ],
            [
              83.04400099230952,
              25.944780772887118
            ],
            [
              83.04410107181869,
              25.944496488253975
            ],
            [
              83.04416612332,
              25.944203133141325
            ],
            [
              83.04413135941678,
              25.944009088835145
            ],
            [
              83.04393681397065,
              25.943756234127957
            ],
            [
              83.04364235610201,
              25.943607109356176
            ],
            [
              83.04339289035433,
              25.943534774375244
            ],
            [
              83.04306846738274,
              25.943430771608355
            ],
            [
              83.04286889226931,
              25.9432952520283
            ],
            [
              83.04267435400972,
              25.94311914403397
            ],
            [
              83.04260955942658,
              25.942997280624436
            ],
            [
              83.04262459003792,
              25.942821220652124
            ],
            [
              83.04277448562118,
              25.94264528804807
            ],
            [
              83.04296936883387,
              25.942315994310864
            ],
            [
              83.04326408541733,
              25.942054318850666
            ],
            [
              83.04373843810816,
              25.94186054565585
            ],
            [
              83.0440829590876,
              25.94177504326756
            ],
            [
              83.04442738843889,
              25.941698468631103
            ],
            [
              83.04491661992577,
              25.941671701343434
            ],
            [
              83.0451461933798,
              25.941712399153683
            ],
            [
              83.04524596117356,
              25.941802750003163
            ],
            [
              83.04523070867835,
              25.942190838296195
            ],
            [
              83.0451955046007,
              25.942651187369165
            ],
            [
              83.04524514191002,
              25.943003221933058
            ],
            [
              83.04534488994085,
              25.94322893973987
            ],
            [
              83.04550944692784,
              25.94335989619444
            ],
            [
              83.0457390742808,
              25.943436757323493
            ],
            [
              83.04593370416856,
              25.943450438033743
            ],
            [
              83.04617841423511,
              25.943391912112155
            ],
            [
              83.04663212094577,
              25.944105248314674
            ],
            [
              83.04750995643803,
              25.94517985813439
            ],
            [
              83.04790405274306,
              25.945613313619994
            ],
            [
              83.04882225672759,
              25.946128264295055
            ],
            [
              83.05062337797392,
              25.947600553037844
            ],
            [
              83.05202517741523,
              25.949185364720712
            ],
            [
              83.05224444180303,
              25.949699993638433
            ],
            [
              83.05254789540095,
              25.951446734271684
            ],
            [
              83.0550027808667,
              25.953591739195947
            ],
            [
              83.05758753038315,
              25.955732223082943
            ],
            [
              83.0582457718059,
              25.956883313400887
            ],
            [
              83.05890359730867,
              25.959063505254395
            ],
            [
              83.05903252711153,
              25.960494235824598
            ],
            [
              83.05900151726792,
              25.962398803307508
            ],
            [
              83.05900130257054,
              25.962809506726153
            ],
            [
              83.05896551638457,
              25.964303373885233
            ],
            [
              83.05917393002206,
              25.96661872086298
            ],
            [
              83.05931765597593,
              25.968482672691863
            ],
            [
              83.05976188096876,
              25.96879879291491
            ],
            [
              83.0601911283509,
              25.969033672895172
            ],
            [
              83.06084520069243,
              25.968952733878076
            ],
            [
              83.06218348385322,
              25.96858780417826
            ],
            [
              83.06381650156382,
              25.96789802603941
            ],
            [
              83.06535458801014,
              25.967320985115865
            ],
            [
              83.06572913068638,
              25.96719472500914
            ],
            [
              83.06609865986502,
              25.966982797355648
            ],
            [
              83.06645818270974,
              25.96688811917817
            ],
            [
              83.06687769415079,
              25.966676217624123
            ],
            [
              83.06717238019154,
              25.966590542658587
            ],
            [
              83.06747695129367,
              25.966509459009966
            ],
            [
              83.0678664158851,
              25.966423850148743
            ],
            [
              83.06832073524677,
              25.966342760731806
            ],
            [
              83.06909466440678,
              25.966230255170906
            ],
            [
              83.07032297491217,
              25.96614496027571
            ],
            [
              83.0708821671934,
              25.966077442139653
            ],
            [
              83.07122180403266,
              25.965897102300488
            ],
            [
              83.07407766779679,
              25.965654454672883
            ],
            [
              83.07596495903846,
              25.965524185281716
            ],
            [
              83.076574170413,
              25.965289740880674
            ],
            [
              83.07589618312198,
              25.962933615907655
            ],
            [
              83.0748140348015,
              25.960031295229197
            ],
            [
              83.07390653244697,
              25.957462966705084
            ],
            [
              83.07308886970569,
              25.9550390838215
            ],
            [
              83.07251575263925,
              25.952818344781182
            ],
            [
              83.07211728423376,
              25.950633820044064
            ],
            [
              83.07219243459546,
              25.95013292360663
            ],
            [
              83.07252191418378,
              25.950060816379338
            ],
            [
              83.07281654542729,
              25.94983525302341
            ],
            [
              83.07293141300268,
              25.949672866299327
            ],
            [
              83.07298145006234,
              25.94945166565243
            ],
            [
              83.07271702467023,
              25.949140223638963
            ],
            [
              83.07260237179221,
              25.948855829983348
            ],
            [
              83.07260239963999,
              25.948679786847602
            ],
            [
              83.07273727898495,
              25.948427097258516
            ],
            [
              83.07278239237851,
              25.948115717963187
            ],
            [
              83.0727824840067,
              25.94784949074694
            ],
            [
              83.07303225607984,
              25.947583216078637
            ],
            [
              83.07317713097898,
              25.947344133311084
            ],
            [
              83.07330700041963,
              25.947077922121043
            ],
            [
              83.07332706878304,
              25.946766484329768
            ],
            [
              83.07345699930913,
              25.946604074794642
            ]
          ]
        ]
      }
    }
  ]
}