{
  "type": "FeatureCollection",
  "features": [
    {
      "type": "Feature",
      "properties": {
        "objectid": "09-176-00900",
        "stcode11": "09",
        "dtcode11": "176",
        "sdtcode11": "00900",
        "stname": "UTTAR PRADESH",
        "dtname": "Barabanki",
        "sdtname": "Ramsanehighat",
        "st_area_sh": 0.0,
        "st_length_": 0.0,
        "remarks": "",
        "dist_lgd": 129,
        "state_lgd": 9,
        "subdt_lgd": 900,
        "ac_no": 270,
        "st_length(shape)": 238370.90206338788,
        "st_area(shape)": 730953158.23344
      },
      "geometry": {
        "type": "Polygon",
        "coordinates": [
          [
            [
              81.64775068257138,
              26.997188611869603
            ],
            [
              81.6478564897388,
              26.99713437267155
            ],
            [
              81.64800260610966,
              26.997251698132093
            ],
            [
              81.64861728103774,
              26.99792851410651
            ],
            [
              81.64935792402322,
              26.998302869694363
            ],
            [
              81.64958963007768,
              26.99830282967353
            ],
            [
              81.64972562423193,
              26.998289270611135
            ],
            [
              81.65012860397681,
              26.998022976377285
            ],
            [
              81.65023435544869,
              26.99799594382818
            ],
            [
              81.65058698821515,
              26.99805447605631
            ],
            [
              81.65097489333125,
              26.998095079685065
            ],
            [
              81.65172544742924,
              26.997900875617
            ],
            [
              81.65265730490775,
              26.997548682384597
            ],
            [
              81.65375028421563,
              26.997119779318787
            ],
            [
              81.65401217007042,
              26.996979877699793
            ],
            [
              81.65425579137882,
              26.996530555111587
            ],
            [
              81.65427397507679,
              26.996497017111675
            ],
            [
              81.65433429784645,
              26.995838128657855
            ],
            [
              81.65417282118253,
              26.994822892303233
            ],
            [
              81.65383018217364,
              26.994398779909492
            ],
            [
              81.65329619931423,
              26.994078435903617
            ],
            [
              81.65309459400827,
              26.993916013098804
            ],
            [
              81.65301904928616,
              26.993694906709322
            ],
            [
              81.6529988111411,
              26.99329332760548
            ],
            [
              81.65304905571156,
              26.992796969910525
            ],
            [
              81.65300861715073,
              26.992404334329716
            ],
            [
              81.65273142130857,
              26.99163279982805
            ],
            [
              81.6524286989393,
              26.98967894789411
            ],
            [
              81.65215123629747,
              26.988149234002286
            ],
            [
              81.65187393625075,
              26.98689031934171
            ],
            [
              81.65184849236864,
              26.985933668046854
            ],
            [
              81.65161118262341,
              26.98345625669002
            ],
            [
              81.6514246034372,
              26.98222892411916
            ],
            [
              81.65119239612278,
              26.980297566706472
            ],
            [
              81.65119237815648,
              26.980076491192072
            ],
            [
              81.65205367386774,
              26.979995104398782
            ],
            [
              81.6521392069575,
              26.979945393613622
            ],
            [
              81.65264781869833,
              26.979390255798844
            ],
            [
              81.65326211543571,
              26.97881258681485
            ],
            [
              81.65464701756652,
              26.97787373139616
            ],
            [
              81.65480307828759,
              26.977819509304457
            ],
            [
              81.65564924906438,
              26.977900506196146
            ],
            [
              81.6562486786838,
              26.977927473124637
            ],
            [
              81.65673205584999,
              26.977507713757618
            ],
            [
              81.65776425424743,
              26.97663652294499
            ],
            [
              81.6585801050868,
              26.976167107153497
            ],
            [
              81.66007069940066,
              26.975507913904533
            ],
            [
              81.66109292829508,
              26.97522337174307
            ],
            [
              81.66141635144176,
              26.975153553046994
            ],
            [
              81.66364628169232,
              26.97467214311248
            ],
            [
              81.66512685799417,
              26.974423541186326
            ],
            [
              81.66593266566865,
              26.97415256466166
            ],
            [
              81.6684705716363,
              26.973064305602513
            ],
            [
              81.67011123311164,
              26.972452883655347
            ],
            [
              81.67067616742415,
              26.972242346273035
            ],
            [
              81.6729824374059,
              26.971370655962655
            ],
            [
              81.67432185603724,
              26.970833169392307
            ],
            [
              81.67583736243057,
              26.96994365200725
            ],
            [
              81.67736290570056,
              26.968923294996724
            ],
            [
              81.67987513602077,
              26.967315833352515
            ],
            [
              81.6820752529837,
              26.965879981295256
            ],
            [
              81.68247299824544,
              26.965726441019413
            ],
            [
              81.6825636732919,
              26.965771524731956
            ],
            [
              81.68376791882919,
              26.967052576297498
            ],
            [
              81.68390393364464,
              26.967120247900546
            ],
            [
              81.68426630055554,
              26.966713919833566
            ],
            [
              81.68588205623963,
              26.964989464797817
            ],
            [
              81.68747227461684,
              26.963007781090894
            ],
            [
              81.68864002609568,
              26.961833950165897
            ],
            [
              81.68883623073017,
              26.96153152312546
            ],
            [
              81.68882098182823,
              26.96124276369008
            ],
            [
              81.68856864057334,
              26.960408028791647
            ],
            [
              81.6878779205615,
              26.958833491201215
            ],
            [
              81.6874593128256,
              26.957746085776826
            ],
            [
              81.68745904961925,
              26.95715050036771
            ],
            [
              81.68753941470118,
              26.956915776921626
            ],
            [
              81.68764514641012,
              26.95687511519698
            ],
            [
              81.68790713377454,
              26.956974248843466
            ],
            [
              81.68836056829565,
              26.957420830798814
            ],
            [
              81.68883942783427,
              26.958318587025293
            ],
            [
              81.68971659587828,
              26.9600419703884
            ],
            [
              81.690008928333,
              26.96033069286776
            ],
            [
              81.69057803262503,
              26.960465775080706
            ],
            [
              81.69266287866904,
              26.96047387001577
            ],
            [
              81.69472267608967,
              26.96074805737336
            ],
            [
              81.69804654774377,
              26.961175143001658
            ],
            [
              81.69889266102842,
              26.9613416757081
            ],
            [
              81.69900844937698,
              26.96127837474888
            ],
            [
              81.6991946530674,
              26.96098946333558
            ],
            [
              81.6999036025913,
              26.959364642305104
            ],
            [
              81.70091475974982,
              26.957870388803705
            ],
            [
              81.70101043571749,
              26.957829733829264
            ],
            [
              81.70298498391595,
              26.958622922750962
            ],
            [
              81.70510581736852,
              26.95974083725769
            ],
            [
              81.70889911804743,
              26.961539103948432
            ],
            [
              81.7104205982374,
              26.962449730181785
            ],
            [
              81.71275341163918,
              26.964014196953258
            ],
            [
              81.71339823582481,
              26.96427550510137
            ],
            [
              81.71425919017629,
              26.96401323616036
            ],
            [
              81.71582517919366,
              26.963777560614925
            ],
            [
              81.71722509037623,
              26.96366382885884
            ],
            [
              81.71754236994467,
              26.963699708975618
            ],
            [
              81.71766844040995,
              26.963947818153006
            ],
            [
              81.71803692125467,
              26.964926847245557
            ],
            [
              81.71843085496465,
              26.966298393297173
            ],
            [
              81.7185528093493,
              26.96770618578951
            ],
            [
              81.71883081637017,
              26.96886572597937
            ],
            [
              81.71852426897442,
              26.969664688917817
            ],
            [
              81.71851979356765,
              26.970368608353446
            ],
            [
              81.71839424771849,
              26.97077031330448
            ],
            [
              81.71843990728777,
              26.971253157002476
            ],
            [
              81.71856604961825,
              26.971460632308503
            ],
            [
              81.71932706908932,
              26.972182108142164
            ],
            [
              81.72071124268643,
              26.971147799171685
            ],
            [
              81.72234231284948,
              26.97032992180108
            ],
            [
              81.72402413243621,
              26.97008959027366
            ],
            [
              81.72491519921428,
              26.96961973406267
            ],
            [
              81.72717514756843,
              26.96819665822994
            ],
            [
              81.7284736793796,
              26.967306710890856
            ],
            [
              81.72927376209077,
              26.96659312377233
            ],
            [
              81.73005875759675,
              26.96590212720293
            ],
            [
              81.73027486620296,
              26.965486820251908
            ],
            [
              81.73051054640428,
              26.96440364087869
            ],
            [
              81.73148065684254,
              26.96236323997002
            ],
            [
              81.73193284090877,
              26.961306995059488
            ],
            [
              81.73229934456157,
              26.960092843754047
            ],
            [
              81.73254513709801,
              26.959045762338466
            ],
            [
              81.73267526794838,
              26.95819731835333
            ],
            [
              81.73310783640211,
              26.957687048957347
            ],
            [
              81.73316807562841,
              26.957479367315823
            ],
            [
              81.73299612640493,
              26.956707884071545
            ],
            [
              81.73304591013968,
              26.95611220269277
            ],
            [
              81.7333376047905,
              26.955809674613953
            ],
            [
              81.73388110530034,
              26.955430185976507
            ],
            [
              81.73446466977356,
              26.95483854631286
            ],
            [
              81.73567682497688,
              26.95333494663643
            ],
            [
              81.7360688632416,
              26.952594559856223
            ],
            [
              81.73678735377216,
              26.95105971929593
            ],
            [
              81.73738560659854,
              26.950039429841034
            ],
            [
              81.736841329046,
              26.949606672633255
            ],
            [
              81.73619636472314,
              26.94912437515009
            ],
            [
              81.73460933177192,
              26.948200459681544
            ],
            [
              81.7329217027803,
              26.94732185595716
            ],
            [
              81.73268982694421,
              26.94710093511839
            ],
            [
              81.7326341664309,
              26.94678954620382
            ],
            [
              81.7324823349782,
              26.945972972624073
            ],
            [
              81.73191258569575,
              26.9451610929929
            ],
            [
              81.730440947631,
              26.943609927671943
            ],
            [
              81.72925655486154,
              26.94232916369821
            ],
            [
              81.72868699871685,
              26.941761060994967
            ],
            [
              81.72864154935337,
              26.941512895752087
            ],
            [
              81.72903859572581,
              26.940740931615267
            ],
            [
              81.72905351943761,
              26.94056490988967
            ],
            [
              81.7288617542773,
              26.94007317997078
            ],
            [
              81.7284428168597,
              26.93901307428845
            ],
            [
              81.72664581259231,
              26.939424982377524
            ],
            [
              81.72650946899344,
              26.939055090268578
            ],
            [
              81.72622091664944,
              26.937281837319446
            ],
            [
              81.72599700437837,
              26.93455640766732
            ],
            [
              81.72574776590444,
              26.931718178089884
            ],
            [
              81.72558083556848,
              26.9307526423139
            ],
            [
              81.72550020009362,
              26.930721077353333
            ],
            [
              81.72467961513271,
              26.93074423689862
            ],
            [
              81.72460406861394,
              26.930717210621037
            ],
            [
              81.72429646210449,
              26.930099237339256
            ],
            [
              81.72354983274599,
              26.928326296876733
            ],
            [
              81.7230551466887,
              26.92681948185114
            ],
            [
              81.72285308683522,
              26.926020899915077
            ],
            [
              81.72290834400496,
              26.925876424741233
            ],
            [
              81.72335085231728,
              26.925280469100723
            ],
            [
              81.72393409878684,
              26.92445424778556
            ],
            [
              81.72480380722077,
              26.923149511636847
            ],
            [
              81.72520573863169,
              26.922197123126235
            ],
            [
              81.72541644926136,
              26.92139823934642
            ],
            [
              81.72547110994978,
              26.920549769106305
            ],
            [
              81.72551545079222,
              26.919516356691187
            ],
            [
              81.72556061089816,
              26.91937649483022
            ],
            [
              81.72588255272294,
              26.919100941290186
            ],
            [
              81.7266371429515,
              26.91846412930325
            ],
            [
              81.72813119308428,
              26.917330392760384
            ],
            [
              81.72825702010613,
              26.917285251223756
            ],
            [
              81.72869100520303,
              26.918498738229033
            ],
            [
              81.72882205682657,
              26.91873787898403
            ],
            [
              81.72889263296686,
              26.918746846782504
            ],
            [
              81.72962204611295,
              26.91820480231734
            ],
            [
              81.73074381013748,
              26.917378138304127
            ],
            [
              81.73093579089348,
              26.918127094616874
            ],
            [
              81.73106314415298,
              26.919742466626783
            ],
            [
              81.7312500350546,
              26.920374084312957
            ],
            [
              81.73134063284593,
              26.920414638257043
            ],
            [
              81.73141608773656,
              26.92036048783322
            ],
            [
              81.73316582804357,
              26.918138929996093
            ],
            [
              81.73473942758801,
              26.91608899432377
            ],
            [
              81.73629283030995,
              26.913975921383265
            ],
            [
              81.73682066060793,
              26.913253491381756
            ],
            [
              81.73726796412726,
              26.9125221108927
            ],
            [
              81.7378057827929,
              26.911736500611866
            ],
            [
              81.73881611709466,
              26.91028716233509
            ],
            [
              81.73915276973052,
              26.909668694254073
            ],
            [
              81.73955465173414,
              26.908865090101106
            ],
            [
              81.73953940103554,
              26.908770294314607
            ],
            [
              81.73947399829297,
              26.908756860652815
            ],
            [
              81.73892090557254,
              26.909407140971023
            ],
            [
              81.73824716821115,
              26.91016576109506
            ],
            [
              81.73751802006807,
              26.91084776803981
            ],
            [
              81.73683901588416,
              26.911425887178503
            ],
            [
              81.73605961867905,
              26.912243303660567
            ],
            [
              81.73508901057411,
              26.913123959752525
            ],
            [
              81.73469163002838,
              26.913399540702763
            ],
            [
              81.73458079768527,
              26.91338614764291
            ],
            [
              81.73381517524669,
              26.912795573000363
            ],
            [
              81.7326513592871,
              26.91174053621143
            ],
            [
              81.7314670662306,
              26.910252260913797
            ],
            [
              81.73099324803736,
              26.909589232791177
            ],
            [
              81.73095792538207,
              26.90948095917845
            ],
            [
              81.73103833178652,
              26.909354588164696
            ],
            [
              81.73166711565449,
              26.908911909204352
            ],
            [
              81.73239663031019,
              26.908464532722064
            ],
            [
              81.73330207642104,
              26.907940380195686
            ],
            [
              81.7349019777387,
              26.907113368642616
            ],
            [
              81.7357321081978,
              26.906684077955028
            ],
            [
              81.73640612044369,
              26.906214220194627
            ],
            [
              81.73659210674178,
              26.90603354163035
            ],
            [
              81.73656680120023,
              26.905848581037255
            ],
            [
              81.73635016977451,
              26.905627579763397
            ],
            [
              81.73625945340555,
              26.905532881393057
            ],
            [
              81.73627411121606,
              26.905464692973776
            ],
            [
              81.73628952271307,
              26.90539299739785
            ],
            [
              81.73684250134744,
              26.904675062615613
            ],
            [
              81.73777229000586,
              26.903329571379402
            ],
            [
              81.7388781861892,
              26.9019072008205
            ],
            [
              81.74042128164155,
              26.899830204280892
            ],
            [
              81.74096570561949,
              26.899086404364407
            ],
            [
              81.7415119316179,
              26.898340132077863
            ],
            [
              81.7428690515519,
              26.896538478138236
            ],
            [
              81.74430134161057,
              26.894569851942734
            ],
            [
              81.74560297530442,
              26.892772734960555
            ],
            [
              81.74704545315677,
              26.891020557174688
            ],
            [
              81.7481280156006,
              26.890209438202245
            ],
            [
              81.74818225857241,
              26.890172796811175
            ],
            [
              81.7502865594305,
              26.8887516266051
            ],
            [
              81.75415955504812,
              26.885997886202514
            ],
            [
              81.75649202439514,
              26.883734540310552
            ],
            [
              81.76115074405246,
              26.87995678179764
            ],
            [
              81.76046774955205,
              26.878602429800868
            ],
            [
              81.75958804825892,
              26.877712797890997
            ],
            [
              81.75494802613593,
              26.873318087726663
            ],
            [
              81.74989495595037,
              26.874162132295744
            ],
            [
              81.7485983519238,
              26.87414098602498
            ],
            [
              81.74744501481199,
              26.874116121723546
            ],
            [
              81.74695161424387,
              26.87380516925362
            ],
            [
              81.74582299607373,
              26.87247491509308
            ],
            [
              81.74435678113834,
              26.870621427828894
            ],
            [
              81.74387292786506,
              26.869886353632463
            ],
            [
              81.74310234043793,
              26.869187465302225
            ],
            [
              81.74223115786864,
              26.86847074767206
            ],
            [
              81.74120901700915,
              26.86780819313308
            ],
            [
              81.73900869433201,
              26.866375018726107
            ],
            [
              81.73847494233962,
              26.865951219606433
            ],
            [
              81.73796607457896,
              26.865279286398593
            ],
            [
              81.73762822538713,
              26.864534944933077
            ],
            [
              81.7372301917662,
              26.86399830599847
            ],
            [
              81.73635283777092,
              26.86208112765836
            ],
            [
              81.73585885329787,
              26.861147371022778
            ],
            [
              81.73644697492448,
              26.86054678394586
            ],
            [
              81.7358273942966,
              26.859856848845325
            ],
            [
              81.73336424433028,
              26.856875899225148
            ],
            [
              81.73237234255987,
              26.8560237418335
            ],
            [
              81.73103494603623,
              26.85697687261944
            ],
            [
              81.7303510918481,
              26.857451256349616
            ],
            [
              81.73007425084047,
              26.85732513488951
            ],
            [
              81.72968628913051,
              26.856666547022503
            ],
            [
              81.72917326935656,
              26.85692869602862
            ],
            [
              81.72897690841526,
              26.856721241691265
            ],
            [
              81.7288060066274,
              26.856883826881656
            ],
            [
              81.72799626523027,
              26.857177735619363
            ],
            [
              81.7266878124251,
              26.856831179923073
            ],
            [
              81.72458879006761,
              26.85570448009016
            ],
            [
              81.7233605145965,
              26.85492923721881
            ],
            [
              81.72284246425696,
              26.85505590632455
            ],
            [
              81.72199139856015,
              26.8541674788786
            ],
            [
              81.72057436099671,
              26.851961684750126
            ],
            [
              81.720565768611,
              26.851948310054432
            ],
            [
              81.72075686362811,
              26.851853362332616
            ],
            [
              81.72068620843608,
              26.85154210261013
            ],
            [
              81.72052962579384,
              26.85087433718824
            ],
            [
              81.7203516946889,
              26.848622643073416
            ],
            [
              81.72010867884497,
              26.846777098107516
            ],
            [
              81.71968460755555,
              26.84504008693448
            ],
            [
              81.71968323403148,
              26.845040723329344
            ],
            [
              81.71797482521066,
              26.84583088010828
            ],
            [
              81.71613125766882,
              26.84289892905581
            ],
            [
              81.71559716341832,
              26.84187037624688
            ],
            [
              81.71525995023374,
              26.841604315364975
            ],
            [
              81.71357484730463,
              26.84181751791482
            ],
            [
              81.71213161217254,
              26.842477181270002
            ],
            [
              81.71084437667606,
              26.84331284605208
            ],
            [
              81.7087475480045,
              26.844573138868533
            ],
            [
              81.70746530175109,
              26.84531843800287
            ],
            [
              81.70499118335512,
              26.84679551880913
            ],
            [
              81.70243661543559,
              26.84825448928941
            ],
            [
              81.70105042332403,
              26.84892401498459
            ],
            [
              81.70096808913497,
              26.848963781077398
            ],
            [
              81.70072104794029,
              26.8483140730547
            ],
            [
              81.70049941469507,
              26.84785393909366
            ],
            [
              81.70030298368512,
              26.847461382320567
            ],
            [
              81.70011664434911,
              26.847163685353326
            ],
            [
              81.6998547557994,
              26.846811825972598
            ],
            [
              81.69964326902533,
              26.846496012720554
            ],
            [
              81.69942676695702,
              26.846157728623243
            ],
            [
              81.69922029996876,
              26.845864478150062
            ],
            [
              81.69894842574631,
              26.84556227895878
            ],
            [
              81.69836502566483,
              26.845774710225868
            ],
            [
              81.69697679617421,
              26.846082253235288
            ],
            [
              81.69628264729292,
              26.846344321763482
            ],
            [
              81.69564378163251,
              26.846403346289115
            ],
            [
              81.69503970772311,
              26.84568613887043
            ],
            [
              81.69449092332275,
              26.84506366960901
            ],
            [
              81.69323249679745,
              26.843836824601762
            ],
            [
              81.69226708634476,
              26.84459090509676
            ],
            [
              81.69136140667193,
              26.84430250611282
            ],
            [
              81.69048591937582,
              26.843964499196066
            ],
            [
              81.6894092238291,
              26.843793493178122
            ],
            [
              81.68805610768628,
              26.844028778072364
            ],
            [
              81.6873922562846,
              26.844403565265672
            ],
            [
              81.68549474311331,
              26.84261286861058
            ],
            [
              81.68303367364517,
              26.840335033113252
            ],
            [
              81.68034093225853,
              26.837452572253824
            ],
            [
              81.67788173577775,
              26.83875310716836
            ],
            [
              81.67475349114137,
              26.840342707039262
            ],
            [
              81.67370237512237,
              26.841047021985574
            ],
            [
              81.67299793424286,
              26.840587025206183
            ],
            [
              81.67207761113258,
              26.841115255677245
            ],
            [
              81.67120832221194,
              26.841839894961733
            ],
            [
              81.67116233026603,
              26.841878233618548
            ],
            [
              81.67040731513434,
              26.84089472337817
            ],
            [
              81.66936546164425,
              26.839500629624524
            ],
            [
              81.66830354877382,
              26.83819233624394
            ],
            [
              81.66751345892189,
              26.83722683229909
            ],
            [
              81.66751281482983,
              26.837227260332202
            ],
            [
              81.66687473070371,
              26.837651190274094
            ],
            [
              81.66501402779784,
              26.83901458428758
            ],
            [
              81.66381191575938,
              26.839696254298396
            ],
            [
              81.6631832432825,
              26.83991307939939
            ],
            [
              81.66184539310964,
              26.840694083162084
            ],
            [
              81.65980835181183,
              26.841849842719064
            ],
            [
              81.65867166766874,
              26.842468354898536
            ],
            [
              81.65729344990197,
              26.843199730295918
            ],
            [
              81.65473326481695,
              26.844414169233854
            ],
            [
              81.65220799185713,
              26.845276540234014
            ],
            [
              81.65153360770873,
              26.843990634911258
            ],
            [
              81.651513470175,
              26.84393191610699
            ],
            [
              81.65079363576478,
              26.84188782228836
            ],
            [
              81.65105514342882,
              26.841531300843563
            ],
            [
              81.65201077482136,
              26.8407414466929
            ],
            [
              81.65335368789913,
              26.839919837192536
            ],
            [
              81.6533889566555,
              26.839897309076417
            ],
            [
              81.65483241097652,
              26.839116367949444
            ],
            [
              81.65428891226333,
              26.838159786762066
            ],
            [
              81.65382595739685,
              26.837460421916486
            ],
            [
              81.65276852981464,
              26.83613381078211
            ],
            [
              81.65270389333502,
              26.836052719335942
            ],
            [
              81.65184343395528,
              26.835001362830592
            ],
            [
              81.6503897550097,
              26.83550712724061
            ],
            [
              81.64809032929207,
              26.832605815880683
            ],
            [
              81.64702880179894,
              26.831392155305366
            ],
            [
              81.64559989210069,
              26.829460898990078
            ],
            [
              81.64360251411759,
              26.82673562091551
            ],
            [
              81.64223916436708,
              26.82491267920615
            ],
            [
              81.64084620075492,
              26.82273396127753
            ],
            [
              81.64082552513032,
              26.822701622199162
            ],
            [
              81.6402119012311,
              26.822945324264175
            ],
            [
              81.63857732314686,
              26.823884158651246
            ],
            [
              81.63833092784085,
              26.82404660902424
            ],
            [
              81.63828061320179,
              26.824078209396166
            ],
            [
              81.63721442704558,
              26.824692072068498
            ],
            [
              81.63589156077165,
              26.825260701820895
            ],
            [
              81.63546906243229,
              26.8254909019177
            ],
            [
              81.63510698298228,
              26.82559920386305
            ],
            [
              81.63434752118994,
              26.825946727352203
            ],
            [
              81.63355280681091,
              26.82626271094603
            ],
            [
              81.63302968278667,
              26.82673206887341
            ],
            [
              81.63170692610723,
              26.827693327880514
            ],
            [
              81.63075630372076,
              26.828261905695275
            ],
            [
              81.63017280212961,
              26.827864814336582
            ],
            [
              81.63010243889006,
              26.82809042465006
            ],
            [
              81.62894048244308,
              26.828848645354537
            ],
            [
              81.62821114924706,
              26.829557140058288
            ],
            [
              81.62777861492934,
              26.830012945124427
            ],
            [
              81.6270089913945,
              26.83061759323385
            ],
            [
              81.62576658362732,
              26.82956167960071
            ],
            [
              81.62434808540323,
              26.83018442967237
            ],
            [
              81.62390045669376,
              26.82963384571587
            ],
            [
              81.6232163949948,
              26.82996775428355
            ],
            [
              81.62272844540381,
              26.83021146637105
            ],
            [
              81.62121435206043,
              26.830933456384738
            ],
            [
              81.62073146986596,
              26.83110944214581
            ],
            [
              81.61947901174739,
              26.831601260866112
            ],
            [
              81.61968016609907,
              26.8321201970601
            ],
            [
              81.61896079342291,
              26.832571486058114
            ],
            [
              81.61853832203303,
              26.83257593089177
            ],
            [
              81.61823652942005,
              26.83258492396407
            ],
            [
              81.6170292412889,
              26.83268414510301
            ],
            [
              81.6162445386337,
              26.83278792721117
            ],
            [
              81.61578177870162,
              26.832927743131346
            ],
            [
              81.61559561004552,
              26.83309928178259
            ],
            [
              81.61529885608296,
              26.833374467879523
            ],
            [
              81.61496679024494,
              26.833500801994276
            ],
            [
              81.61485111418578,
              26.83351881524524
            ],
            [
              81.6145694438352,
              26.833482728621437
            ],
            [
              81.61425248137203,
              26.833491779335997
            ],
            [
              81.6139004495785,
              26.833595515013744
            ],
            [
              81.61375449580271,
              26.833618067629516
            ],
            [
              81.6136589761419,
              26.8335774023783
            ],
            [
              81.61354326415018,
              26.83351438728189
            ],
            [
              81.61352820299612,
              26.833608992075916
            ],
            [
              81.61353825065258,
              26.833794050822668
            ],
            [
              81.61362372355521,
              26.8339790699895
            ],
            [
              81.61371924141939,
              26.8343085121652
            ],
            [
              81.61370418116364,
              26.834421289719362
            ],
            [
              81.61370413355293,
              26.834570227996846
            ],
            [
              81.61362363282537,
              26.834678529277863
            ],
            [
              81.61325129191991,
              26.835247031150647
            ],
            [
              81.61272812657315,
              26.83598707166128
            ],
            [
              81.61223502244908,
              26.837083608638782
            ],
            [
              81.61178215027331,
              26.838265874729327
            ],
            [
              81.61139970062595,
              26.839096125685288
            ],
            [
              81.61116315714365,
              26.839940048850877
            ],
            [
              81.61094679700916,
              26.840598786950228
            ],
            [
              81.6105417259863,
              26.841321145176323
            ],
            [
              81.61102716658269,
              26.841388525072617
            ],
            [
              81.6120835799669,
              26.84147440664929
            ],
            [
              81.61293880935504,
              26.841632401745
            ],
            [
              81.61300414382568,
              26.84166850581005
            ],
            [
              81.61264689192203,
              26.842160354820436
            ],
            [
              81.61183188100743,
              26.842769524379214
            ],
            [
              81.60972395904045,
              26.843531865990418
            ],
            [
              81.60881341499034,
              26.844037189138987
            ],
            [
              81.60997525555464,
              26.845494887920957
            ],
            [
              81.60897909307485,
              26.846094955366347
            ],
            [
              81.6074344992326,
              26.847195885201696
            ],
            [
              81.60673515359738,
              26.84766060393498
            ],
            [
              81.60599039363301,
              26.848729985168674
            ],
            [
              81.60496397769107,
              26.84965495835697
            ],
            [
              81.60413365229752,
              26.850412896825578
            ],
            [
              81.60360027759758,
              26.850922792060015
            ],
            [
              81.60311237202406,
              26.85051654406742
            ],
            [
              81.6024433993269,
              26.84978990535092
            ],
            [
              81.601975653745,
              26.84927542137803
            ],
            [
              81.60174423335474,
              26.84928440030047
            ],
            [
              81.60126120832818,
              26.849699448869593
            ],
            [
              81.60116052604943,
              26.849988233235457
            ],
            [
              81.60100953092827,
              26.850051369001797
            ],
            [
              81.60085865528303,
              26.849970164097236
            ],
            [
              81.60016957289996,
              26.8492164159825
            ],
            [
              81.59934979372788,
              26.848322781152607
            ],
            [
              81.59895746890057,
              26.847903042056576
            ],
            [
              81.59841931785829,
              26.847298248198385
            ],
            [
              81.59888224128373,
              26.84683349030734
            ],
            [
              81.59881690142325,
              26.846553749967544
            ],
            [
              81.59845983726746,
              26.846052746903826
            ],
            [
              81.59812789180367,
              26.845633033854725
            ],
            [
              81.59766023425665,
              26.845041767690144
            ],
            [
              81.59686062585598,
              26.843656237886872
            ],
            [
              81.59654384844575,
              26.843268085322414
            ],
            [
              81.59651873514366,
              26.843065068801277
            ],
            [
              81.59699166220815,
              26.842735726641628
            ],
            [
              81.59720298099725,
              26.842523688830248
            ],
            [
              81.59676049065126,
              26.841724846852262
            ],
            [
              81.59659960507878,
              26.841458578833574
            ],
            [
              81.5959860943673,
              26.840799560389986
            ],
            [
              81.59565924774107,
              26.840343749038777
            ],
            [
              81.59581019974311,
              26.84017231834695
            ],
            [
              81.59545314457048,
              26.839409561358178
            ],
            [
              81.59501581414744,
              26.838376129064656
            ],
            [
              81.5949354310992,
              26.838064728082077
            ],
            [
              81.59422632796338,
              26.837527567650543
            ],
            [
              81.59381886203198,
              26.837292850377203
            ],
            [
              81.59335109668712,
              26.837315246754162
            ],
            [
              81.59306935806457,
              26.8371437000604
            ],
            [
              81.59281809209307,
              26.836299784910878
            ],
            [
              81.5932356622748,
              26.836051734208283
            ],
            [
              81.59191307268198,
              26.834819488318
            ],
            [
              81.5907565160082,
              26.83365946631676
            ],
            [
              81.5898764688637,
              26.83287403815288
            ],
            [
              81.58950417826387,
              26.833104061659874
            ],
            [
              81.5890110220375,
              26.833640908010004
            ],
            [
              81.58842730305409,
              26.834204867719215
            ],
            [
              81.5870890270798,
              26.83517922677322
            ],
            [
              81.58715938492945,
              26.835395855320442
            ],
            [
              81.5871140828897,
              26.83547712598763
            ],
            [
              81.58665113790465,
              26.835883105718864
            ],
            [
              81.58618322703272,
              26.836122177626706
            ],
            [
              81.58529285465234,
              26.836171526148163
            ],
            [
              81.58419112126201,
              26.83640586179556
            ],
            [
              81.58364782826303,
              26.836559173205924
            ],
            [
              81.58308941661781,
              26.836667310669004
            ],
            [
              81.58212863608207,
              26.836675977981418
            ],
            [
              81.5816709201903,
              26.836567596850927
            ],
            [
              81.58078051906385,
              26.83641833496284
            ],
            [
              81.57946757108898,
              26.836530740092975
            ],
            [
              81.5786122410895,
              26.836941099790774
            ],
            [
              81.57794857384245,
              26.836187267332058
            ],
            [
              81.5770887899958,
              26.835320569945505
            ],
            [
              81.57686262924159,
              26.834878325671777
            ],
            [
              81.57668666005718,
              26.834598397081045
            ],
            [
              81.57644537706346,
              26.834332086654324
            ],
            [
              81.57624928471839,
              26.834016136791018
            ],
            [
              81.57621411118345,
              26.833858174354166
            ],
            [
              81.57621935914135,
              26.833415997314514
            ],
            [
              81.57621967265337,
              26.83268491062365
            ],
            [
              81.5761544989812,
              26.832134401345574
            ],
            [
              81.57600903658386,
              26.831358164192444
            ],
            [
              81.5755869721308,
              26.830292983645855
            ],
            [
              81.57524015415916,
              26.829616033853792
            ],
            [
              81.57493361844148,
              26.829038246632386
            ],
            [
              81.57472264280878,
              26.828316169988558
            ],
            [
              81.57437598563561,
              26.82740449867516
            ],
            [
              81.57412465498541,
              26.827070434250285
            ],
            [
              81.57387828662885,
              26.826822189381144
            ],
            [
              81.57373252688915,
              26.826646118399537
            ],
            [
              81.57337148768828,
              26.82603540633545
            ],
            [
              81.57336178857815,
              26.826011593635965
            ],
            [
              81.57335552642232,
              26.82599621738726
            ],
            [
              81.57336381607573,
              26.82599335312881
            ],
            [
              81.57383846521063,
              26.825829384834375
            ],
            [
              81.57425625008969,
              26.82526097678507
            ],
            [
              81.57480472457125,
              26.824588746698463
            ],
            [
              81.57512189993516,
              26.824047363380096
            ],
            [
              81.57555987355191,
              26.823027699734133
            ],
            [
              81.5754093329783,
              26.822278535776164
            ],
            [
              81.57507261566373,
              26.821727894158872
            ],
            [
              81.57475581759223,
              26.821443487801897
            ],
            [
              81.57409213417549,
              26.821140860286363
            ],
            [
              81.57304095527442,
              26.82102313600436
            ],
            [
              81.5726538119297,
              26.820734190387714
            ],
            [
              81.57257343786459,
              26.820558198130364
            ],
            [
              81.57237277758631,
              26.819353240674783
            ],
            [
              81.57215218728516,
              26.81776473238516
            ],
            [
              81.57240396619467,
              26.817254894688794
            ],
            [
              81.5731740074461,
              26.81606834865658
            ],
            [
              81.57397406500446,
              26.815170643310406
            ],
            [
              81.57440670981497,
              26.814918072758726
            ],
            [
              81.57469326610237,
              26.81511222464013
            ],
            [
              81.5746727485813,
              26.816023727080264
            ],
            [
              81.57487327501059,
              26.817463312828334
            ],
            [
              81.5751596121091,
              26.818289266049636
            ],
            [
              81.57555684173784,
              26.818573693149553
            ],
            [
              81.57590900109214,
              26.818316594196634
            ],
            [
              81.57622632557637,
              26.81732847482585
            ],
            [
              81.5765081684035,
              26.816732826290888
            ],
            [
              81.57669954010174,
              26.81614626761305
            ],
            [
              81.57700163275202,
              26.815383729658684
            ],
            [
              81.5772082021482,
              26.81469340309276
            ],
            [
              81.57744001869547,
              26.81353825397041
            ],
            [
              81.57750059299342,
              26.813005778816024
            ],
            [
              81.57759125007355,
              26.81252743030561
            ],
            [
              81.5773187389456,
              26.811618896660757
            ],
            [
              81.5773151007687,
              26.81160676791724
            ],
            [
              81.57639008216445,
              26.81075357393946
            ],
            [
              81.57560056903093,
              26.810446420867997
            ],
            [
              81.57505731196454,
              26.81072603230767
            ],
            [
              81.57465465920642,
              26.811542718380814
            ],
            [
              81.57409596369355,
              26.812517171305306
            ],
            [
              81.5736934438861,
              26.812950282946392
            ],
            [
              81.5733363536792,
              26.812950182729907
            ],
            [
              81.57304491325158,
              26.812404043236437
            ],
            [
              81.57259756661313,
              26.81175400923635
            ],
            [
              81.57209995474295,
              26.811140148641734
            ],
            [
              81.57151187803208,
              26.8104855438376
            ],
            [
              81.57169807184101,
              26.81026449812037
            ],
            [
              81.57208538496737,
              26.810124735212206
            ],
            [
              81.57285978125128,
              26.810346186887596
            ],
            [
              81.57337264292174,
              26.81061263867621
            ],
            [
              81.57402143227107,
              26.810513555352795
            ],
            [
              81.57425288140738,
              26.810265481868726
            ],
            [
              81.57437870663263,
              26.80998573700399
            ],
            [
              81.57437904080587,
              26.80940357632874
            ],
            [
              81.57411301461596,
              26.80810833531182
            ],
            [
              81.57376151193013,
              26.80706586293844
            ],
            [
              81.57348022426184,
              26.80633013231653
            ],
            [
              81.57351086759283,
              26.805161364619394
            ],
            [
              81.57385315356383,
              26.804385366854785
            ],
            [
              81.5737780319482,
              26.803897919276096
            ],
            [
              81.57337587685676,
              26.803419448953058
            ],
            [
              81.57171656994934,
              26.802931496897727
            ],
            [
              81.56984605744059,
              26.80248848317027
            ],
            [
              81.56869976401893,
              26.802041339999416
            ],
            [
              81.567970790149,
              26.80155361614414
            ],
            [
              81.56763416086932,
              26.801052593676893
            ],
            [
              81.56756892341674,
              26.8008314846696
            ],
            [
              81.56801660243184,
              26.800538325341584
            ],
            [
              81.56910289108751,
              26.800403357360423
            ],
            [
              81.56942987066441,
              26.80001090717693
            ],
            [
              81.5693648182648,
              26.799482902027844
            ],
            [
              81.56917892898473,
              26.799108265318893
            ],
            [
              81.56850027694041,
              26.798719884765685
            ],
            [
              81.56729365086761,
              26.79824556775794
            ],
            [
              81.56598663985847,
              26.797333503836377
            ],
            [
              81.56565466564858,
              26.797455232257324
            ],
            [
              81.56539815980403,
              26.79764010708188
            ],
            [
              81.56523204513833,
              26.797852122243565
            ],
            [
              81.56514650396373,
              26.79810930368578
            ],
            [
              81.5651110151201,
              26.79856963407896
            ],
            [
              81.5650857715623,
              26.79883136428968
            ],
            [
              81.56499002013618,
              26.799223890718885
            ],
            [
              81.56471322224768,
              26.799657020260977
            ],
            [
              81.56438603066836,
              26.800207413877935
            ],
            [
              81.56355105739158,
              26.800491365960614
            ],
            [
              81.56339535958988,
              26.80017084918441
            ],
            [
              81.56314943320446,
              26.799322392959514
            ],
            [
              81.56323024744405,
              26.798640956352926
            ],
            [
              81.56325576319136,
              26.79808593495027
            ],
            [
              81.56345188068926,
              26.79790552628984
            ],
            [
              81.5637539122541,
              26.79740024997429
            ],
            [
              81.56384457921571,
              26.797093461656363
            ],
            [
              81.5638748533391,
              26.796840692072365
            ],
            [
              81.56381498062541,
              26.796041958616126
            ],
            [
              81.56377001365723,
              26.795595208600506
            ],
            [
              81.56381022224936,
              26.795491376398413
            ],
            [
              81.56394609333438,
              26.795410218183605
            ],
            [
              81.5640465977467,
              26.795410320821137
            ],
            [
              81.56419745003572,
              26.795505172318943
            ],
            [
              81.56452412508372,
              26.7957669817669
            ],
            [
              81.56491617322992,
              26.796087534240286
            ],
            [
              81.56522788504024,
              26.796290740777607
            ],
            [
              81.56547429022774,
              26.796250221701207
            ],
            [
              81.56590732939867,
              26.79518095932408
            ],
            [
              81.56586250436429,
              26.794233223092235
            ],
            [
              81.56544550012121,
              26.793650983960614
            ],
            [
              81.56471658733673,
              26.793163240067294
            ],
            [
              81.5647318551033,
              26.79291512381952
            ],
            [
              81.56496336532507,
              26.7925406410318
            ],
            [
              81.56546122782518,
              26.792355842896203
            ],
            [
              81.5673169181318,
              26.79200459995477
            ],
            [
              81.5678701788372,
              26.79160318132637
            ],
            [
              81.56818219427808,
              26.791269445219516
            ],
            [
              81.56815208005482,
              26.79103024020924
            ],
            [
              81.5678856316567,
              26.79094886630311
            ],
            [
              81.56729722256918,
              26.7911426671
            ],
            [
              81.56646250980381,
              26.79126868022106
            ],
            [
              81.56601506704564,
              26.791115096649197
            ],
            [
              81.56571841638936,
              26.790952468381484
            ],
            [
              81.56497944966023,
              26.790586646745748
            ],
            [
              81.56460751569155,
              26.790333837004347
            ],
            [
              81.56350172191615,
              26.789588728723224
            ],
            [
              81.56230508421105,
              26.789367108214037
            ],
            [
              81.5611286127857,
              26.789127349891853
            ],
            [
              81.56030909681998,
              26.78907288160087
            ],
            [
              81.5595346978411,
              26.78911312177345
            ],
            [
              81.55887094705072,
              26.789212113130645
            ],
            [
              81.55794080715103,
              26.789017601759834
            ],
            [
              81.55755369614566,
              26.788836915655388
            ],
            [
              81.5570763520649,
              26.788250009002194
            ],
            [
              81.55659393879102,
              26.787875259820865
            ],
            [
              81.55551326191096,
              26.78729257989084
            ],
            [
              81.55501547037775,
              26.787166034694913
            ],
            [
              81.55330640938003,
              26.786465716062562
            ],
            [
              81.55297983943491,
              26.786099985816726
            ],
            [
              81.55307043812458,
              26.785811222259078
            ],
            [
              81.55365890290761,
              26.785572329721305
            ],
            [
              81.55502144866595,
              26.785685814144426
            ],
            [
              81.55599696157235,
              26.785632203063358
            ],
            [
              81.55680158796223,
              26.785352817654108
            ],
            [
              81.55832035164678,
              26.784825547823363
            ],
            [
              81.55948202692106,
              26.78449212939811
            ],
            [
              81.56038226639653,
              26.784158633007618
            ],
            [
              81.56087530494356,
              26.783576707868097
            ],
            [
              81.56070480919423,
              26.782868155176523
            ],
            [
              81.56025761167609,
              26.78220004598478
            ],
            [
              81.55946876419421,
              26.781405507148968
            ],
            [
              81.55888071712775,
              26.781044222689463
            ],
            [
              81.55806117690753,
              26.781016682665697
            ],
            [
              81.55655738095221,
              26.781724469020173
            ],
            [
              81.55496317764845,
              26.782337424624007
            ],
            [
              81.5533543794162,
              26.7821967708239
            ],
            [
              81.55262528427376,
              26.78211066068347
            ],
            [
              81.5526153542966,
              26.781952710926017
            ],
            [
              81.55284180610498,
              26.781740661244676
            ],
            [
              81.5531134036463,
              26.781551335333994
            ],
            [
              81.55337491310699,
              26.781366427078638
            ],
            [
              81.55349575986888,
              26.781222079067195
            ],
            [
              81.55361150330168,
              26.780987493007963
            ],
            [
              81.55371211191853,
              26.780838563725588
            ],
            [
              81.55379263510399,
              26.780789037941418
            ],
            [
              81.55396357911265,
              26.780761971011817
            ],
            [
              81.55404406277223,
              26.780725960621655
            ],
            [
              81.55410442596606,
              26.78064473009579
            ],
            [
              81.55415982956121,
              26.780518405245047
            ],
            [
              81.55421023133687,
              26.780301844250353
            ],
            [
              81.55425552080023,
              26.780261216813503
            ],
            [
              81.5545170311592,
              26.780243365116366
            ],
            [
              81.55463263265817,
              26.780189262267033
            ],
            [
              81.55466791488928,
              26.78012611724901
            ],
            [
              81.55472831221908,
              26.77997271187195
            ],
            [
              81.55479376975889,
              26.77986440003008
            ],
            [
              81.55494465708223,
              26.779805809999402
            ],
            [
              81.55514577370467,
              26.77978331564757
            ],
            [
              81.55537710516167,
              26.779702229603192
            ],
            [
              81.5554777155752,
              26.77961204999118
            ],
            [
              81.55555316058432,
              26.779449576861634
            ],
            [
              81.55559345810966,
              26.779327814689864
            ],
            [
              81.55569915119105,
              26.77925109905735
            ],
            [
              81.55587514822318,
              26.779151896113746
            ],
            [
              81.55595063185987,
              26.779084306795955
            ],
            [
              81.55600605431964,
              26.778926353629668
            ],
            [
              81.55615696410088,
              26.778678269612207
            ],
            [
              81.5562324728904,
              26.778637711366102
            ],
            [
              81.55635314268416,
              26.778637709762155
            ],
            [
              81.55649383323072,
              26.7786829298839
            ],
            [
              81.5566245946984,
              26.778737167380704
            ],
            [
              81.55668992018587,
              26.778759779829954
            ],
            [
              81.55683568801041,
              26.778759806295085
            ],
            [
              81.55691619592449,
              26.778750824992642
            ],
            [
              81.55697650072783,
              26.778773397340476
            ],
            [
              81.55731319288958,
              26.779071443175795
            ],
            [
              81.55742372699203,
              26.779130108970737
            ],
            [
              81.55752432213417,
              26.779130214028946
            ],
            [
              81.55762990831604,
              26.779103148307755
            ],
            [
              81.55790147711127,
              26.77900400698672
            ],
            [
              81.55825850982599,
              26.778832670383036
            ],
            [
              81.55851497255141,
              26.778737999027474
            ],
            [
              81.55871616642897,
              26.77863881969477
            ],
            [
              81.55877158080388,
              26.778530605223207
            ],
            [
              81.55878669316192,
              26.77842683600119
            ],
            [
              81.55874154383572,
              26.77813794385449
            ],
            [
              81.55874184027978,
              26.777704709716645
            ],
            [
              81.55878722316794,
              26.777497205757236
            ],
            [
              81.55873192108238,
              26.777406916125994
            ],
            [
              81.5585009139172,
              26.777023237122712
            ],
            [
              81.55831012702222,
              26.776653132082338
            ],
            [
              81.55829008470991,
              26.776531232177216
            ],
            [
              81.55831027524424,
              26.77638236120828
            ],
            [
              81.55840091615471,
              26.77615675467697
            ],
            [
              81.55854675674277,
              26.775971791119606
            ],
            [
              81.55872286426772,
              26.77578238822086
            ],
            [
              81.55882356002115,
              26.775574794934688
            ],
            [
              81.5588891127824,
              26.775200307062025
            ],
            [
              81.5589395711519,
              26.774947608212223
            ],
            [
              81.55903518064423,
              26.774776198119003
            ],
            [
              81.5590804763958,
              26.774586623201323
            ],
            [
              81.55908070366958,
              26.774189521922743
            ],
            [
              81.55911603440968,
              26.774022570646384
            ],
            [
              81.5592771230014,
              26.77372032105976
            ],
            [
              81.55942296897935,
              26.773544365725
            ],
            [
              81.55960927058612,
              26.77310220288799
            ],
            [
              81.55981053543059,
              26.77287669169536
            ],
            [
              81.56027821902872,
              26.77259263121498
            ],
            [
              81.56043909471971,
              26.772547544208635
            ],
            [
              81.560604997383,
              26.772561157652106
            ],
            [
              81.56083621295734,
              26.77263802136578
            ],
            [
              81.5612283464435,
              26.772764497743275
            ],
            [
              81.56153998908354,
              26.77285940906999
            ],
            [
              81.56220365094072,
              26.772810054644637
            ],
            [
              81.56232929111299,
              26.772765039906048
            ],
            [
              81.56253056134733,
              26.772449236876472
            ],
            [
              81.56316940904142,
              26.77181776131847
            ],
            [
              81.56442175127735,
              26.771024051305815
            ],
            [
              81.56559349127606,
              26.770356635951632
            ],
            [
              81.56756479116646,
              26.769202210355125
            ],
            [
              81.56838448859183,
              26.76867004201902
            ],
            [
              81.56848585359019,
              26.768618923679757
            ],
            [
              81.56894770442723,
              26.768386011921248
            ],
            [
              81.56966182555225,
              26.76788992080357
            ],
            [
              81.57005405425977,
              26.767628282054492
            ],
            [
              81.57049636314613,
              26.767795424796514
            ],
            [
              81.57117032059477,
              26.76724971118379
            ],
            [
              81.57145693617102,
              26.767078311929282
            ],
            [
              81.57218561090193,
              26.767556936281196
            ],
            [
              81.57279912700331,
              26.767151023101796
            ],
            [
              81.57279117601473,
              26.767146003837947
            ],
            [
              81.5724272648999,
              26.766916246758477
            ],
            [
              81.5716033202398,
              26.765900525773777
            ],
            [
              81.57095013363714,
              26.765124165692654
            ],
            [
              81.57060351239657,
              26.764537358627027
            ],
            [
              81.56920700043902,
              26.762411341287642
            ],
            [
              81.56847364279054,
              26.76133704463216
            ],
            [
              81.56883552191624,
              26.76135522013995
            ],
            [
              81.56898133555484,
              26.761368841341632
            ],
            [
              81.56943384840449,
              26.761179511143915
            ],
            [
              81.57061546268481,
              26.76056619990067
            ],
            [
              81.57109319573603,
              26.760214424666223
            ],
            [
              81.57246597330544,
              26.759325928390997
            ],
            [
              81.57415570794815,
              26.75785996036233
            ],
            [
              81.57555864555492,
              26.756732259046604
            ],
            [
              81.57592570706147,
              26.756493198649604
            ],
            [
              81.57517709691777,
              26.7555858679745
            ],
            [
              81.57458425374601,
              26.754890740961162
            ],
            [
              81.57285092565924,
              26.752994756370406
            ],
            [
              81.57222296824132,
              26.752101001628038
            ],
            [
              81.57147952520712,
              26.751234329071753
            ],
            [
              81.57099224575938,
              26.750525625139712
            ],
            [
              81.57118823839141,
              26.750498655280627
            ],
            [
              81.57128393771526,
              26.75025487220328
            ],
            [
              81.57035944462547,
              26.74901873732504
            ],
            [
              81.57033047665249,
              26.748980006291898
            ],
            [
              81.5703294768276,
              26.74897866824926
            ],
            [
              81.57032374916933,
              26.74897100177804
            ],
            [
              81.57389402780757,
              26.747156942281933
            ],
            [
              81.57721722482695,
              26.745362013006826
            ],
            [
              81.579635512928,
              26.74394132504642
            ],
            [
              81.58118398928886,
              26.742872317767468
            ],
            [
              81.58076698863904,
              26.742429940099598
            ],
            [
              81.58087272394123,
              26.741893016690245
            ],
            [
              81.58079752956206,
              26.74142365598047
            ],
            [
              81.58082282342552,
              26.74084147901526
            ],
            [
              81.58100405583914,
              26.740282004215548
            ],
            [
              81.58116004200004,
              26.739677360829663
            ],
            [
              81.58082350434849,
              26.739068025055815
            ],
            [
              81.58092425130593,
              26.738648381382493
            ],
            [
              81.58152259037061,
              26.737926555824092
            ],
            [
              81.58178401179637,
              26.73764679715748
            ],
            [
              81.58238217299461,
              26.737574843699925
            ],
            [
              81.58282453038998,
              26.737507216810876
            ],
            [
              81.58303063535719,
              26.737390021912223
            ],
            [
              81.58349798208712,
              26.737412706772115
            ],
            [
              81.58391519923092,
              26.737390200817458
            ],
            [
              81.58396555159922,
              26.736970603903035
            ],
            [
              81.5840963741524,
              26.736623106361474
            ],
            [
              81.58466941216707,
              26.736483449344977
            ],
            [
              81.58463933657136,
              26.736248738814524
            ],
            [
              81.58412178839006,
              26.735896569018223
            ],
            [
              81.58409167237018,
              26.735625815743543
            ],
            [
              81.58414697715065,
              26.735544621967282
            ],
            [
              81.58434305961421,
              26.73548600266268
            ],
            [
              81.58445861889237,
              26.735440887294697
            ],
            [
              81.58472997658353,
              26.73552218624351
            ],
            [
              81.5849109233329,
              26.73552228973749
            ],
            [
              81.58508185566346,
              26.735368853015924
            ],
            [
              81.58504177642874,
              26.735161275749856
            ],
            [
              81.5849707268763,
              26.73504139239334
            ],
            [
              81.58545903489505,
              26.734660460159663
            ],
            [
              81.58598177983025,
              26.734732874367513
            ],
            [
              81.58639381998307,
              26.734755558152795
            ],
            [
              81.58686127540919,
              26.734534575178124
            ],
            [
              81.58708253765016,
              26.734254845073657
            ],
            [
              81.58725354364259,
              26.733952544265577
            ],
            [
              81.58726404225334,
              26.732585196670648
            ],
            [
              81.58699310138047,
              26.731222257375148
            ],
            [
              81.58707382758517,
              26.730310710236225
            ],
            [
              81.58746100326927,
              26.729633930200986
            ],
            [
              81.58807426604575,
              26.729169280692314
            ],
            [
              81.58925039790789,
              26.728704722355953
            ],
            [
              81.5903308762603,
              26.72877726632022
            ],
            [
              81.59131584662994,
              26.72899861992015
            ],
            [
              81.59170303758539,
              26.728921445877674
            ],
            [
              81.59208476139403,
              26.72884536294603
            ],
            [
              81.59301969919566,
              26.728313066629248
            ],
            [
              81.59388936271378,
              26.727541631307165
            ],
            [
              81.59502528598381,
              26.726765644693465
            ],
            [
              81.59564849670375,
              26.72650857128797
            ],
            [
              81.59610590537169,
              26.72643643106041
            ],
            [
              81.59664868992422,
              26.726346318294453
            ],
            [
              81.59697532903965,
              26.7263463969241
            ],
            [
              81.59720651407127,
              26.72636896203008
            ],
            [
              81.59766371163512,
              26.72661274977706
            ],
            [
              81.59822156273161,
              26.726694144094697
            ],
            [
              81.5985431739764,
              26.726685168305185
            ],
            [
              81.59882970061939,
              26.726346734710717
            ],
            [
              81.59826218185384,
              26.724875478384302
            ],
            [
              81.59777998687056,
              26.723697579917587
            ],
            [
              81.59783046410469,
              26.722975555988285
            ],
            [
              81.5981270051665,
              26.722546912140228
            ],
            [
              81.59874017631482,
              26.722267215949575
            ],
            [
              81.59967493086013,
              26.722244819330864
            ],
            [
              81.60195627079611,
              26.722872535998256
            ],
            [
              81.60380045188727,
              26.723527122762743
            ],
            [
              81.60496903430779,
              26.72371920838997
            ],
            [
              81.60338907738605,
              26.71949722474856
            ],
            [
              81.60251516124337,
              26.71763997433815
            ],
            [
              81.6015103776318,
              26.716401218174607
            ],
            [
              81.60176670201665,
              26.716049291864966
            ],
            [
              81.60140493967194,
              26.715674618306238
            ],
            [
              81.60252571195642,
              26.714975406942088
            ],
            [
              81.60294286621814,
              26.7142263668775
            ],
            [
              81.60242083185035,
              26.711681054730835
            ],
            [
              81.60262190355701,
              26.71093651882281
            ],
            [
              81.60263708688194,
              26.710494275369808
            ],
            [
              81.60297376197572,
              26.71044918379659
            ],
            [
              81.60353155108844,
              26.710458289259332
            ],
            [
              81.6039335606528,
              26.7103094553361
            ],
            [
              81.60431038774483,
              26.710201240811386
            ],
            [
              81.60440584901514,
              26.710156129060675
            ],
            [
              81.60419499555331,
              26.709619007605177
            ],
            [
              81.60430058263348,
              26.709104578934205
            ],
            [
              81.60453179102133,
              26.70859024584045
            ],
            [
              81.60466247343729,
              26.708278858690434
            ],
            [
              81.60467758938857,
              26.70825176165426
            ],
            [
              81.60472782767084,
              26.7079990343565
            ],
            [
              81.60448172341898,
              26.70743496278142
            ],
            [
              81.60445670803327,
              26.70679415196603
            ],
            [
              81.60434123858663,
              26.70653686413201
            ],
            [
              81.60409000585283,
              26.70627057504542
            ],
            [
              81.60314633103673,
              26.705563202388998
            ],
            [
              81.60312049189592,
              26.705543880836146
            ],
            [
              81.60287434272828,
              26.705169313144594
            ],
            [
              81.60270845713293,
              26.705182868048887
            ],
            [
              81.60237184042968,
              26.70518281187441
            ],
            [
              81.60147258371114,
              26.70465914809903
            ],
            [
              81.60000564293703,
              26.703769887189754
            ],
            [
              81.59880998259891,
              26.70316950932747
            ],
            [
              81.5979356765874,
              26.7030384687122
            ],
            [
              81.59682034539861,
              26.70300210065945
            ],
            [
              81.59605659774408,
              26.70278082570995
            ],
            [
              81.59545880216014,
              26.702397133195117
            ],
            [
              81.59481091741432,
              26.701417748610027
            ],
            [
              81.59437918888538,
              26.700262380758815
            ],
            [
              81.59475635374396,
              26.6986875937795
            ],
            [
              81.5955754681627,
              26.698268069259328
            ],
            [
              81.59639452059774,
              26.69780339204145
            ],
            [
              81.59688155121219,
              26.697110404669996
            ],
            [
              81.59682696867722,
              26.69641809284711
            ],
            [
              81.59706323278347,
              26.695849553863052
            ],
            [
              81.59780199020513,
              26.695091539739746
            ],
            [
              81.5986712979904,
              26.694563721232452
            ],
            [
              81.59944012831284,
              26.693602641034076
            ],
            [
              81.59824442126232,
              26.69364756030255
            ],
            [
              81.59632521916686,
              26.693809619123233
            ],
            [
              81.5939773482043,
              26.694244814183122
            ],
            [
              81.59343116173174,
              26.694346047873918
            ],
            [
              81.59063261407601,
              26.695112524372135
            ],
            [
              81.58806502058482,
              26.695996421957243
            ],
            [
              81.58604000144047,
              26.696744960748795
            ],
            [
              81.58425127963997,
              26.697186642836872
            ],
            [
              81.58252793722586,
              26.69720872336511
            ],
            [
              81.58102092081029,
              26.696576497715093
            ],
            [
              81.57905215057572,
              26.69496936780257
            ],
            [
              81.57752036311618,
              26.69342999915964
            ],
            [
              81.57646034209777,
              26.693339415642804
            ],
            [
              81.57523939418442,
              26.693569139975423
            ],
            [
              81.57420418912574,
              26.69417343280802
            ],
            [
              81.57337975039223,
              26.695387069813144
            ],
            [
              81.5727814050394,
              26.696433753090115
            ],
            [
              81.57177065302103,
              26.698391919784335
            ],
            [
              81.57109334755134,
              26.699588871354074
            ],
            [
              81.57094090524424,
              26.69985826660546
            ],
            [
              81.57011158506552,
              26.700444559933405
            ],
            [
              81.56915200737397,
              26.700466756999017
            ],
            [
              81.56814217792544,
              26.700209096142157
            ],
            [
              81.56715545314597,
              26.69929746837707
            ],
            [
              81.56614849920469,
              26.698367129305563
            ],
            [
              81.56386375285713,
              26.696037577091968
            ],
            [
              81.5620259219567,
              26.694263328662316
            ],
            [
              81.56184699462011,
              26.69413621762111
            ],
            [
              81.55908298179712,
              26.692172607697287
            ],
            [
              81.55485428925958,
              26.6897698078781
            ],
            [
              81.55081198995698,
              26.68678484265462
            ],
            [
              81.54940097200422,
              26.685876983383455
            ],
            [
              81.54729688494518,
              26.684616789255422
            ],
            [
              81.54532833839112,
              26.683681562622947
            ],
            [
              81.54423816182693,
              26.683635839190078
            ],
            [
              81.54348928937517,
              26.684172383248185
            ],
            [
              81.54257904805732,
              26.68557079539594
            ],
            [
              81.54221647363559,
              26.686780009263327
            ],
            [
              81.54172264457111,
              26.688760868657845
            ],
            [
              81.54112413302988,
              26.689762289912135
            ],
            [
              81.54023859178913,
              26.691463043913274
            ],
            [
              81.53961899139833,
              26.693678396793477
            ],
            [
              81.5388890716024,
              26.695586886626295
            ],
            [
              81.53769784984013,
              26.69635779130087
            ],
            [
              81.53629590127849,
              26.696636705246895
            ],
            [
              81.53554228212874,
              26.696613737786713
            ],
            [
              81.5342966089855,
              26.696121030959866
            ],
            [
              81.53344313490544,
              26.69537585000051
            ],
            [
              81.53245973838412,
              26.693723564829863
            ],
            [
              81.53121609094184,
              26.690974554912547
            ],
            [
              81.52953565476066,
              26.687873112965026
            ],
            [
              81.52816531971052,
              26.68648229780997
            ],
            [
              81.5275684529846,
              26.68536273323794
            ],
            [
              81.52745140699464,
              26.684911505329772
            ],
            [
              81.5273331330077,
              26.684455545686053
            ],
            [
              81.52622503685024,
              26.681963717939507
            ],
            [
              81.52521198873802,
              26.680076722630567
            ],
            [
              81.52432343903936,
              26.678408232685243
            ],
            [
              81.52229823214708,
              26.674605169985306
            ],
            [
              81.52188207321866,
              26.673788084974312
            ],
            [
              81.52136590395136,
              26.672415847208168
            ],
            [
              81.51984169557785,
              26.669413789951882
            ],
            [
              81.51911434765861,
              26.66831658863783
            ],
            [
              81.51890903320886,
              26.66768466433082
            ],
            [
              81.5190407495857,
              26.666430270624243
            ],
            [
              81.51955923201487,
              26.665261874744953
            ],
            [
              81.52072694396787,
              26.66259121673977
            ],
            [
              81.52101412458443,
              26.661612085019033
            ],
            [
              81.52197555460208,
              26.659239125743095
            ],
            [
              81.5225503119922,
              26.6567891752081
            ],
            [
              81.52255131990196,
              26.6556473887372
            ],
            [
              81.52211028392838,
              26.654577570285845
            ],
            [
              81.5219046550683,
              26.654313386927498
            ],
            [
              81.52100675480584,
              26.653159787314355
            ],
            [
              81.52002347506551,
              26.651945149303828
            ],
            [
              81.51787079543777,
              26.649939809733773
            ],
            [
              81.51675670572074,
              26.649077032396832
            ],
            [
              81.51613937088108,
              26.648729073230765
            ],
            [
              81.51443258172272,
              26.6480012013119
            ],
            [
              81.51204728694542,
              26.647746606988374
            ],
            [
              81.51049048410016,
              26.647767952804596
            ],
            [
              81.50961095258863,
              26.648394530942674
            ],
            [
              81.50898689565568,
              26.649747834176956
            ],
            [
              81.50872447081173,
              26.651006713861637
            ],
            [
              81.50831065289296,
              26.653010025132385
            ],
            [
              81.50771044712914,
              26.65543286530419
            ],
            [
              81.50731811781026,
              26.65603717799942
            ],
            [
              81.50704694966363,
              26.65597832830624
            ],
            [
              81.506775866857,
              26.65591944727199
            ],
            [
              81.50558565030951,
              26.65577851112488
            ],
            [
              81.50478296697558,
              26.654938503286736
            ],
            [
              81.50398151523193,
              26.652943183812045
            ],
            [
              81.5033367997424,
              26.649959697910294
            ],
            [
              81.50295421175448,
              26.646064915708514
            ],
            [
              81.50222789240624,
              26.644340391138737
            ],
            [
              81.5008827667779,
              26.643707478958078
            ],
            [
              81.50010425082007,
              26.643801547244294
            ],
            [
              81.499325115923,
              26.644500303964428
            ],
            [
              81.49888231296327,
              26.645267106634687
            ],
            [
              81.49831882404007,
              26.64526991603208
            ],
            [
              81.49678166914666,
              26.64367844115921
            ],
            [
              81.49520886191632,
              26.642903470042715
            ],
            [
              81.49359640304931,
              26.642643066375484
            ],
            [
              81.49218969341666,
              26.64231025023198
            ],
            [
              81.49037196591398,
              26.642717970348883
            ],
            [
              81.4880583180688,
              26.644394182008686
            ],
            [
              81.4869446254071,
              26.6457309886736
            ],
            [
              81.48595140221491,
              26.647072160320494
            ],
            [
              81.48537256737168,
              26.647817461819034
            ],
            [
              81.48479755396171,
              26.648557831912125
            ],
            [
              81.48356301094485,
              26.64968260634789
            ],
            [
              81.48233356227395,
              26.650807319121572
            ],
            [
              81.48087361039273,
              26.652717452161163
            ],
            [
              81.48004585507923,
              26.65379669589432
            ],
            [
              81.47769256997047,
              26.656551435131764
            ],
            [
              81.47464583127642,
              26.659279546724576
            ],
            [
              81.47211103976785,
              26.661537879835848
            ],
            [
              81.47203943685317,
              26.66159587408912
            ],
            [
              81.46824061333191,
              26.664672557820438
            ],
            [
              81.46780901236377,
              26.66519189292236
            ],
            [
              81.46682521519385,
              26.66614929913429
            ],
            [
              81.46559012869623,
              26.667034655932742
            ],
            [
              81.46517353857648,
              26.667490763905437
            ],
            [
              81.46425001117562,
              26.66855645798245
            ],
            [
              81.463657510262,
              26.66893586134926
            ],
            [
              81.46245245983418,
              26.66979415295472
            ],
            [
              81.46189516120161,
              26.670200621369695
            ],
            [
              81.4612725739125,
              26.67067040734195
            ],
            [
              81.46057508599327,
              26.67177203714191
            ],
            [
              81.46018626100233,
              26.67217589607405
            ],
            [
              81.4596012241904,
              26.67278354932096
            ],
            [
              81.45839089795697,
              26.673402598707476
            ],
            [
              81.45678427005446,
              26.67470777689091
            ],
            [
              81.45626404938523,
              26.674925584076227
            ],
            [
              81.45606105528384,
              26.67501057211987
            ],
            [
              81.45536784873529,
              26.675137367353077
            ],
            [
              81.4539311272873,
              26.67538635791135
            ],
            [
              81.45315249814178,
              26.675463547362412
            ],
            [
              81.45238402175552,
              26.675712124620645
            ],
            [
              81.4516556515535,
              26.67584345914104
            ],
            [
              81.45120383579652,
              26.67639428369995
            ],
            [
              81.4502349380839,
              26.677482463763376
            ],
            [
              81.44932624995319,
              26.678475832069722
            ],
            [
              81.44869845782529,
              26.678954531400564
            ],
            [
              81.44729138527329,
              26.678327910755073
            ],
            [
              81.44615037933538,
              26.67752513383291
            ],
            [
              81.44504458915324,
              26.676614071923453
            ],
            [
              81.4445519862891,
              26.67614947899979
            ],
            [
              81.44411449506764,
              26.67559904577923
            ],
            [
              81.44395841458365,
              26.674917658159515
            ],
            [
              81.44401829628049,
              26.67420007705873
            ],
            [
              81.4442439378085,
              26.673577150069992
            ],
            [
              81.4449113743865,
              26.672313120240126
            ],
            [
              81.4455788046763,
              26.671157401960247
            ],
            [
              81.44586972857263,
              26.67050738766257
            ],
            [
              81.44601511191821,
              26.669857425852644
            ],
            [
              81.44540486029456,
              26.66947116128612
            ],
            [
              81.44536676274336,
              26.669447046850102
            ],
            [
              81.44481950188576,
              26.66998439217921
            ],
            [
              81.4450407551436,
              26.670385927093307
            ],
            [
              81.44412693942925,
              26.6710813976393
            ],
            [
              81.44356394817271,
              26.670661949718447
            ],
            [
              81.44294629802441,
              26.671005276068662
            ],
            [
              81.44237383493149,
              26.671407215978878
            ],
            [
              81.44134947163998,
              26.672346437300018
            ],
            [
              81.44083744270779,
              26.672969415962903
            ],
            [
              81.44053635078075,
              26.67350218366754
            ],
            [
              81.43980350876524,
              26.67464431724464
            ],
            [
              81.43975363519898,
              26.675343873268556
            ],
            [
              81.44018603926098,
              26.675889767655605
            ],
            [
              81.44042761869876,
              26.676114136240052
            ],
            [
              81.44119629361265,
              26.676828039401272
            ],
            [
              81.44174699591613,
              26.67743202927616
            ],
            [
              81.44214643629877,
              26.677870114726637
            ],
            [
              81.44278478722453,
              26.678271492646278
            ],
            [
              81.44275459484781,
              26.678298620090175
            ],
            [
              81.44332764633722,
              26.678690942280138
            ],
            [
              81.4449763082085,
              26.679958376981464
            ],
            [
              81.44617757403398,
              26.68087388862691
            ],
            [
              81.44674060930797,
              26.68139034225723
            ],
            [
              81.44775609275291,
              26.682321794344524
            ],
            [
              81.44813376605794,
              26.68363493782041
            ],
            [
              81.44866713087642,
              26.684893861796215
            ],
            [
              81.4490845654125,
              26.685502941770885
            ],
            [
              81.44949229544862,
              26.686739300253933
            ],
            [
              81.44988509728134,
              26.68803886880849
            ],
            [
              81.44999100775499,
              26.688661581950768
            ],
            [
              81.44994113059549,
              26.68932959389852
            ],
            [
              81.44995170376639,
              26.69004716003921
            ],
            [
              81.45005767712215,
              26.690737638116783
            ],
            [
              81.45046505501864,
              26.69135121909071
            ],
            [
              81.45147554293231,
              26.692158474186776
            ],
            [
              81.45259160624803,
              26.693110207707093
            ],
            [
              81.45306936804538,
              26.693637983990158
            ],
            [
              81.45429145142923,
              26.69526197204984
            ],
            [
              81.45466871240752,
              26.69584400417152
            ],
            [
              81.45467917508566,
              26.696335924087336
            ],
            [
              81.45587057381606,
              26.697183675010685
            ],
            [
              81.4570269813695,
              26.698058589717572
            ],
            [
              81.45804265525727,
              26.698987672931715
            ],
            [
              81.45911874893278,
              26.699952875242978
            ],
            [
              81.4597761189897,
              26.700219906189748
            ],
            [
              81.46035022240629,
              26.70045311084807
            ],
            [
              81.46146140697171,
              26.701404729340556
            ],
            [
              81.46301513757872,
              26.702690029739713
            ],
            [
              81.4634326179289,
              26.703159119270925
            ],
            [
              81.4632015927974,
              26.703312711768596
            ],
            [
              81.46366434913622,
              26.703890058682692
            ],
            [
              81.4634936943851,
              26.70413843993111
            ],
            [
              81.46415738678498,
              26.704580310830536
            ],
            [
              81.46465018458355,
              26.70508997707841
            ],
            [
              81.46500308414963,
              26.706461762922252
            ],
            [
              81.46510903774245,
              26.707098064070145
            ],
            [
              81.46541612322906,
              26.707774782305346
            ],
            [
              81.46558242743932,
              26.708388451278154
            ],
            [
              81.46625173161479,
              26.709471226218167
            ],
            [
              81.46648314481851,
              26.709836577953826
            ],
            [
              81.46638286588332,
              26.710053315737493
            ],
            [
              81.46649868297797,
              26.710364669949353
            ],
            [
              81.46672027579898,
              26.71096025776123
            ],
            [
              81.46694182190761,
              26.711560350609155
            ],
            [
              81.46691208318013,
              26.711989103234394
            ],
            [
              81.46681176831237,
              26.712273514155108
            ],
            [
              81.46644541018667,
              26.712959737805836
            ],
            [
              81.46611418068018,
              26.713505966375045
            ],
            [
              81.4658582093332,
              26.713867227208027
            ],
            [
              81.46566749879504,
              26.714205810251354
            ],
            [
              81.46572801200752,
              26.714444950714856
            ],
            [
              81.46602975161987,
              26.71472909872471
            ],
            [
              81.46652248833298,
              26.714999600814956
            ],
            [
              81.46726160687741,
              26.71545941582149
            ],
            [
              81.46746285824716,
              26.715721055070496
            ],
            [
              81.4674177700064,
              26.71597387114789
            ],
            [
              81.46712655056434,
              26.71623579166453
            ],
            [
              81.46695067121148,
              26.71629913186117
            ],
            [
              81.46667939436874,
              26.71647976882188
            ],
            [
              81.46654903444795,
              26.716795813204257
            ],
            [
              81.46646373581845,
              26.716962850139073
            ],
            [
              81.46621757497272,
              26.717066750906262
            ],
            [
              81.46572500265131,
              26.71708514372174
            ],
            [
              81.46541365106542,
              26.71730651765691
            ],
            [
              81.46510713690733,
              26.717424037354856
            ],
            [
              81.46468495836821,
              26.717464940815603
            ],
            [
              81.46443884513319,
              26.717564331606233
            ],
            [
              81.4642982758592,
              26.717812704693117
            ],
            [
              81.46423805909073,
              26.71797969118924
            ],
            [
              81.4641225923391,
              26.718088070034717
            ],
            [
              81.46395177499285,
              26.718155864934815
            ],
            [
              81.46376076711232,
              26.718124361855786
            ],
            [
              81.46322282717409,
              26.717876524651857
            ],
            [
              81.46239835160968,
              26.71757913036805
            ],
            [
              81.4618556712617,
              26.71764717030477
            ],
            [
              81.46129290638062,
              26.717891288067346
            ],
            [
              81.46088596057378,
              26.718090096098997
            ],
            [
              81.46056450922912,
              26.71829785215114
            ],
            [
              81.46017756441206,
              26.718419973388524
            ],
            [
              81.4598962075735,
              26.718429118333752
            ],
            [
              81.45935322359497,
              26.71827601964122
            ],
            [
              81.4586796308623,
              26.718028233318808
            ],
            [
              81.45768948080669,
              26.71788884635471
            ],
            [
              81.45701096710293,
              26.717871240826664
            ],
            [
              81.45668932172221,
              26.71787588112448
            ],
            [
              81.45644811957682,
              26.717993421899497
            ],
            [
              81.45566435386448,
              26.718323241696368
            ],
            [
              81.45532766978756,
              26.718400198254354
            ],
            [
              81.45495072501626,
              26.718341720968017
            ],
            [
              81.45457874074194,
              26.718242647804377
            ],
            [
              81.45416150383518,
              26.71816164703794
            ],
            [
              81.45364382360158,
              26.71804461435713
            ],
            [
              81.45316121180002,
              26.7179410458748
            ],
            [
              81.45274414108158,
              26.717927713150036
            ],
            [
              81.45224654717772,
              26.71794611064081
            ],
            [
              81.45094999076186,
              26.718032487654828
            ],
            [
              81.44961821320031,
              26.718109983623247
            ],
            [
              81.4486784730052,
              26.71821428614858
            ],
            [
              81.44808510970888,
              26.71825748017886
            ],
            [
              81.44749238691136,
              26.71830062604869
            ],
            [
              81.44640683217933,
              26.718260523683952
            ],
            [
              81.44442657069565,
              26.71816217261071
            ],
            [
              81.44399440199224,
              26.71820752511909
            ],
            [
              81.44383856944327,
              26.718189559362283
            ],
            [
              81.44353186214738,
              26.718031748642478
            ],
            [
              81.44331059092323,
              26.717779184275727
            ],
            [
              81.4435061029566,
              26.717115712282425
            ],
            [
              81.44315435143746,
              26.71695328381097
            ],
            [
              81.4431531665596,
              26.716952429244625
            ],
            [
              81.4427923034285,
              26.71669171479657
            ],
            [
              81.44228461874904,
              26.716543014198095
            ],
            [
              81.44184231076102,
              26.716443913791732
            ],
            [
              81.44121407935697,
              26.716471292130155
            ],
            [
              81.44094276209003,
              26.716534650651262
            ],
            [
              81.44094276298831,
              26.716552673640553
            ],
            [
              81.44071152405778,
              26.716503122248735
            ],
            [
              81.44071146387067,
              26.71627298037315
            ],
            [
              81.44114842688273,
              26.71592977593935
            ],
            [
              81.44162567214877,
              26.71549177180809
            ],
            [
              81.44186672517381,
              26.715279550776064
            ],
            [
              81.44188170907276,
              26.714977184310467
            ],
            [
              81.4417257723192,
              26.714823777658868
            ],
            [
              81.44122828980646,
              26.71483303683728
            ],
            [
              81.44068755520938,
              26.715066334343923
            ],
            [
              81.4402333939512,
              26.715262274639755
            ],
            [
              81.43931896289085,
              26.715628244914107
            ],
            [
              81.4385502718073,
              26.716061835232427
            ],
            [
              81.43835436182023,
              26.716210837365058
            ],
            [
              81.43821875663653,
              26.71635082739186
            ],
            [
              81.43807808225966,
              26.71640507778394
            ],
            [
              81.43795736844842,
              26.71635092368155
            ],
            [
              81.43773109360815,
              26.71605315870798
            ],
            [
              81.4375549860832,
              26.715638068930083
            ],
            [
              81.43736372577605,
              26.715195809234643
            ],
            [
              81.43726820072537,
              26.71506952237047
            ],
            [
              81.43713750663132,
              26.71502897512739
            ],
            [
              81.43611249475617,
              26.715584521894282
            ],
            [
              81.43580605875151,
              26.715701983990964
            ],
            [
              81.43571555169,
              26.715711085823965
            ],
            [
              81.43480080172775,
              26.71549032103272
            ],
            [
              81.43336348110347,
              26.715576645345607
            ],
            [
              81.43274533598343,
              26.71559047183365
            ],
            [
              81.43222748057833,
              26.71560647769056
            ],
            [
              81.43200658305335,
              26.715613304672914
            ],
            [
              81.43137343516975,
              26.715758012850813
            ],
            [
              81.43118750097392,
              26.715857356184312
            ],
            [
              81.43098159633102,
              26.716119166235686
            ],
            [
              81.43080579782655,
              26.716245633281194
            ],
            [
              81.43069521791,
              26.71631790033053
            ],
            [
              81.43047908415096,
              26.71631793884641
            ],
            [
              81.42974032493265,
              26.716340761910782
            ],
            [
              81.42939364440328,
              26.716485332753788
            ],
            [
              81.42883087413229,
              26.716679591962215
            ],
            [
              81.42854444720227,
              26.716783525084352
            ],
            [
              81.42830829089384,
              26.716869346107785
            ],
            [
              81.42783086596474,
              26.716914698328853
            ],
            [
              81.42755442201246,
              26.71695987560652
            ],
            [
              81.42735897016622,
              26.717041593779413
            ],
            [
              81.42698161216988,
              26.717199364949106
            ],
            [
              81.42633850017313,
              26.717596719893198
            ],
            [
              81.4259767135739,
              26.71767356380331
            ],
            [
              81.4254239217891,
              26.71780013905128
            ],
            [
              81.42495145915363,
              26.717840933249985
            ],
            [
              81.42460471933542,
              26.717953865060334
            ],
            [
              81.42433840388799,
              26.718035170887408
            ],
            [
              81.42382091769046,
              26.71833326928934
            ],
            [
              81.42350437923213,
              26.71845521075133
            ],
            [
              81.42319773391999,
              26.718419190246724
            ],
            [
              81.42302681236919,
              26.71830645067168
            ],
            [
              81.42299658226324,
              26.718058194207988
            ],
            [
              81.42317235830986,
              26.717746739872425
            ],
            [
              81.42323750682918,
              26.71742176092791
            ],
            [
              81.42301130924402,
              26.71720075070769
            ],
            [
              81.42279512607763,
              26.717160140031023
            ],
            [
              81.42258912262005,
              26.717187291918112
            ],
            [
              81.4224483835645,
              26.7172911788395
            ],
            [
              81.42234793664437,
              26.717354337907388
            ],
            [
              81.42234797617024,
              26.717458145238123
            ],
            [
              81.42247377893757,
              26.717747003863362
            ],
            [
              81.42256435337272,
              26.718107992864965
            ],
            [
              81.42254441167172,
              26.718365256157636
            ],
            [
              81.42245895583706,
              26.718514248053665
            ],
            [
              81.42243422162404,
              26.718532451269194
            ],
            [
              81.42198665938994,
              26.718861856270152
            ],
            [
              81.42162490513007,
              26.71906061125338
            ],
            [
              81.42082603155127,
              26.719485098201016
            ],
            [
              81.42046928270418,
              26.71974697212393
            ],
            [
              81.42024823965207,
              26.72006747513026
            ],
            [
              81.42017802283793,
              26.72031572239735
            ],
            [
              81.4200022988936,
              26.720933995241857
            ],
            [
              81.41977126657555,
              26.72128612389432
            ],
            [
              81.41939439097455,
              26.721543488324727
            ],
            [
              81.41882664763011,
              26.72190022313024
            ],
            [
              81.41842968569934,
              26.722265895244856
            ],
            [
              81.41816355620317,
              26.72277593406206
            ],
            [
              81.41787219572558,
              26.72320022983042
            ],
            [
              81.41773211064354,
              26.72328193710422
            ],
            [
              81.4175857346596,
              26.72336731032278
            ],
            [
              81.41739481391562,
              26.72347118598709
            ],
            [
              81.41732956298831,
              26.723669826206994
            ],
            [
              81.41738486776879,
              26.723927052055146
            ],
            [
              81.41752572360534,
              26.724161713387414
            ],
            [
              81.41768687867236,
              26.724937842925478
            ],
            [
              81.41770196318262,
              26.72506872996085
            ],
            [
              81.41765680038172,
              26.725131936063438
            ],
            [
              81.41760145068548,
              26.72517261690976
            ],
            [
              81.41738034025975,
              26.72514105318939
            ],
            [
              81.4170937651077,
              26.72500572200436
            ],
            [
              81.41671177539776,
              26.72478022610393
            ],
            [
              81.41654580625915,
              26.724726096847473
            ],
            [
              81.41629453399943,
              26.72474417871631
            ],
            [
              81.41611871124047,
              26.724861616918243
            ],
            [
              81.41608364191008,
              26.72518659387659
            ],
            [
              81.4160836967073,
              26.72549341594854
            ],
            [
              81.41630011074072,
              26.726102627060428
            ],
            [
              81.41630017182615,
              26.726373407012005
            ],
            [
              81.41625996772562,
              26.7264772999909
            ],
            [
              81.41622478430921,
              26.726554024774934
            ],
            [
              81.4160237817728,
              26.72658112307115
            ],
            [
              81.41587798699881,
              26.726499962956673
            ],
            [
              81.41561651975896,
              26.726220233155075
            ],
            [
              81.41526966765134,
              26.725877276953714
            ],
            [
              81.41485234630295,
              26.72569687234354
            ],
            [
              81.41453574496255,
              26.725724091196064
            ],
            [
              81.41411866526094,
              26.72593178517244
            ],
            [
              81.41372670425135,
              26.726243334251993
            ],
            [
              81.41322424507192,
              26.72662704268955
            ],
            [
              81.41281714834808,
              26.726812207714225
            ],
            [
              81.41246531777719,
              26.72684838282115
            ],
            [
              81.41214867421593,
              26.726807834960056
            ],
            [
              81.4119225377162,
              26.726812442799908
            ],
            [
              81.41182198299823,
              26.726839552267357
            ],
            [
              81.41174167540846,
              26.727002006746968
            ],
            [
              81.41174183530859,
              26.727512028348993
            ],
            [
              81.41175189464315,
              26.727651877707057
            ],
            [
              81.41167149812016,
              26.727742156324496
            ],
            [
              81.41145542544655,
              26.72785958260671
            ],
            [
              81.41104829818,
              26.727895791880936
            ],
            [
              81.41054564496447,
              26.727895896184144
            ],
            [
              81.41019393027622,
              26.72810814102994
            ],
            [
              81.40993265078424,
              26.72846024908853
            ],
            [
              81.40965628139216,
              26.728744635703084
            ],
            [
              81.40937985540619,
              26.728794286067703
            ],
            [
              81.40908839072404,
              26.728780812602594
            ],
            [
              81.40898644541403,
              26.728722696883096
            ],
            [
              81.40865603606939,
              26.72874938627865
            ],
            [
              81.40839489581629,
              26.729372177714684
            ],
            [
              81.40832961434626,
              26.729633979944822
            ],
            [
              81.40826438408023,
              26.72989127575201
            ],
            [
              81.40827963028723,
              26.730644907059045
            ],
            [
              81.40810898362089,
              26.731367105366033
            ],
            [
              81.4081191687196,
              26.731850002342927
            ],
            [
              81.40812423431949,
              26.73210271279126
            ],
            [
              81.40825496614279,
              26.732238078057197
            ],
            [
              81.40850134168588,
              26.732441089951728
            ],
            [
              81.40871250416814,
              26.732598994616446
            ],
            [
              81.40871254818559,
              26.732869772746305
            ],
            [
              81.40858695023414,
              26.73314057510283
            ],
            [
              81.40855187461555,
              26.733402380695484
            ],
            [
              81.40858710204942,
              26.733632571369622
            ],
            [
              81.40872795788597,
              26.733840113717747
            ],
            [
              81.4089995042233,
              26.734160495999276
            ],
            [
              81.40921588591736,
              26.735081127817566
            ],
            [
              81.40930141900716,
              26.73543315332149
            ],
            [
              81.40943215622033,
              26.735559415181744
            ],
            [
              81.40963325397817,
              26.735640634620356
            ],
            [
              81.41004043244867,
              26.73572625609678
            ],
            [
              81.41047777634643,
              26.735771332842287
            ],
            [
              81.41065866740024,
              26.73576676628139
            ],
            [
              81.4108245197579,
              26.735689973098435
            ],
            [
              81.41111106436722,
              26.73554552613528
            ],
            [
              81.41148805315599,
              26.735531839261345
            ],
            [
              81.4117091339373,
              26.735540791889083
            ],
            [
              81.41232753058561,
              26.735806925856636
            ],
            [
              81.4127600208859,
              26.73637097797601
            ],
            [
              81.4131622711988,
              26.736840227966955
            ],
            [
              81.41408750989028,
              26.73778775321349
            ],
            [
              81.41458028163768,
              26.73832008622532
            ],
            [
              81.41513325398387,
              26.738328984882223
            ],
            [
              81.41594240878112,
              26.737868402256932
            ],
            [
              81.41663599531704,
              26.73775990105259
            ],
            [
              81.41722903432151,
              26.737570199391794
            ],
            [
              81.41784727825626,
              26.7372631298981
            ],
            [
              81.41971791473254,
              26.739185150033848
            ],
            [
              81.4217279868089,
              26.73779900494864
            ],
            [
              81.42320148887787,
              26.739495363172423
            ],
            [
              81.4236839461692,
              26.739134150803125
            ],
            [
              81.42422202265135,
              26.739702637300773
            ],
            [
              81.42438303398794,
              26.739923773090684
            ],
            [
              81.42536787679686,
              26.738980125285895
            ],
            [
              81.42577524032032,
              26.73958932915944
            ],
            [
              81.42628312712068,
              26.740067515736463
            ],
            [
              81.4267960929957,
              26.740432839049163
            ],
            [
              81.42796124744507,
              26.7411473033991
            ],
            [
              81.42808331771242,
              26.741222153886632
            ],
            [
              81.4291544221448,
              26.74222370180974
            ],
            [
              81.43001964888373,
              26.743338093778075
            ],
            [
              81.43030101740041,
              26.743207084966595
            ],
            [
              81.431166112087,
              26.744163510718852
            ],
            [
              81.43193572663866,
              26.74510646010359
            ],
            [
              81.43285609915628,
              26.74603129430633
            ],
            [
              81.43238884585115,
              26.746496289669476
            ],
            [
              81.43201708795229,
              26.746947815828676
            ],
            [
              81.4317458919579,
              26.74744430481899
            ],
            [
              81.43224881287139,
              26.747958647612776
            ],
            [
              81.43303361344294,
              26.74900985073525
            ],
            [
              81.4341602508279,
              26.750392969725873
            ],
            [
              81.43394634758567,
              26.750938493969954
            ],
            [
              81.43386108309218,
              26.75131302332207
            ],
            [
              81.43427349514756,
              26.75177320334839
            ],
            [
              81.43470608426249,
              26.75235061004318
            ],
            [
              81.4354502737967,
              26.75267967567112
            ],
            [
              81.43594841836781,
              26.75373550364945
            ],
            [
              81.43617997979355,
              26.754240821099735
            ],
            [
              81.4376021108047,
              26.75361739337796
            ],
            [
              81.43881336230287,
              26.753156602357183
            ],
            [
              81.4393565322327,
              26.75370236360834
            ],
            [
              81.44015081721702,
              26.753823891751235
            ],
            [
              81.44141252259313,
              26.753927057774774
            ],
            [
              81.44192538067028,
              26.754193120633843
            ],
            [
              81.44224260993309,
              26.75515864728886
            ],
            [
              81.44269012186156,
              26.755235169034247
            ],
            [
              81.4428054161367,
              26.754756739832953
            ],
            [
              81.44298604488243,
              26.75417905498462
            ],
            [
              81.44329677483418,
              26.754293093779843
            ],
            [
              81.44351395692713,
              26.754372799824626
            ],
            [
              81.443810894146,
              26.754923199637297
            ],
            [
              81.4445250970177,
              26.755726191365085
            ],
            [
              81.44516917290673,
              26.756808871175057
            ],
            [
              81.44594901028633,
              26.75783283181937
            ],
            [
              81.44642694006862,
              26.758383214072204
            ],
            [
              81.44690954198872,
              26.758428047616974
            ],
            [
              81.44712599375137,
              26.758888250971623
            ],
            [
              81.44735744558264,
              26.75928974677079
            ],
            [
              81.44820710272107,
              26.760222224330473
            ],
            [
              81.44861509326861,
              26.76066997902557
            ],
            [
              81.44949539373805,
              26.761563076837113
            ],
            [
              81.45078821765391,
              26.762961261017946
            ],
            [
              81.45173394781536,
              26.763867807721095
            ],
            [
              81.45244335278512,
              26.764806048293142
            ],
            [
              81.45314290503283,
              26.765902239785373
            ],
            [
              81.45420464722334,
              26.767345741974527
            ],
            [
              81.45354129169168,
              26.767761303135075
            ],
            [
              81.45327547391089,
              26.768713617908766
            ],
            [
              81.45378853770227,
              26.76911497632354
            ],
            [
              81.4531454050443,
              26.769562067170792
            ],
            [
              81.452100243059,
              26.77043810722928
            ],
            [
              81.45051237108129,
              26.771553510601645
            ],
            [
              81.44951759380365,
              26.772655149235625
            ],
            [
              81.44875909410696,
              26.773621284913865
            ],
            [
              81.44816109101225,
              26.774050283996196
            ],
            [
              81.44690432996347,
              26.774290069352755
            ],
            [
              81.4461904873162,
              26.774335535817514
            ],
            [
              81.44554701419668,
              26.7743629756074
            ],
            [
              81.44387333783804,
              26.77528436692272
            ],
            [
              81.44288337193706,
              26.776060992786082
            ],
            [
              81.44197385825457,
              26.776878246811414
            ],
            [
              81.44137582282049,
              26.77744264928089
            ],
            [
              81.44069747620337,
              26.778025068607015
            ],
            [
              81.44023504505466,
              26.778336670613637
            ],
            [
              81.43962188109289,
              26.77872504394307
            ],
            [
              81.43905906141455,
              26.77917197986692
            ],
            [
              81.43843077880653,
              26.779438573048505
            ],
            [
              81.43781755196267,
              26.779813331640025
            ],
            [
              81.4371390211909,
              26.780255894987086
            ],
            [
              81.43664154137306,
              26.780675837328115
            ],
            [
              81.43548543655186,
              26.78137127730337
            ],
            [
              81.43427912488944,
              26.78212986978794
            ],
            [
              81.43353019314885,
              26.782518262218556
            ],
            [
              81.43407858768036,
              26.78317237804907
            ],
            [
              81.43412901191388,
              26.783409309279477
            ],
            [
              81.43417943255416,
              26.783646146990407
            ],
            [
              81.4353057528338,
              26.783763010301353
            ],
            [
              81.43593462832992,
              26.78449379661697
            ],
            [
              81.43724160430477,
              26.784019470660134
            ],
            [
              81.43697567962447,
              26.785057432271035
            ],
            [
              81.43758967093463,
              26.786099564807834
            ],
            [
              81.43719303060072,
              26.78711058632484
            ],
            [
              81.43739470238201,
              26.788152998318477
            ],
            [
              81.43650002078321,
              26.788807707159304
            ],
            [
              81.43691282360572,
              26.789696485996284
            ],
            [
              81.43709436503981,
              26.790662126222188
            ],
            [
              81.43793949556752,
              26.791316081248876
            ],
            [
              81.43687888525429,
              26.792029588938306
            ],
            [
              81.43628592979312,
              26.79274276577798
            ],
            [
              81.43509437206093,
              26.793086297233803
            ],
            [
              81.43468252684251,
              26.794052116294885
            ],
            [
              81.43411982125019,
              26.794986490259653
            ],
            [
              81.4344824280113,
              26.795893380254196
            ],
            [
              81.43395490403876,
              26.79685933177866
            ],
            [
              81.43433257285221,
              26.797928631257754
            ],
            [
              81.43360352981202,
              26.79813654288209
            ],
            [
              81.43332725833629,
              26.798763883713672
            ],
            [
              81.4338257191144,
              26.799878324797422
            ],
            [
              81.43418808512696,
              26.800518958187425
            ],
            [
              81.43500324606016,
              26.801542976091767
            ],
            [
              81.43543606065226,
              26.80219721237384
            ],
            [
              81.43496866092174,
              26.802657684132225
            ],
            [
              81.43407808462379,
              26.801796075165072
            ],
            [
              81.43326302969177,
              26.800889366264123
            ],
            [
              81.4327698842452,
              26.800397763057724
            ],
            [
              81.43241780843421,
              26.800248905754252
            ],
            [
              81.43212130061005,
              26.800592060878174
            ],
            [
              81.43109567877885,
              26.8010392233936
            ],
            [
              81.43063285955792,
              26.800682854850013
            ],
            [
              81.4302505230983,
              26.80029495276285
            ],
            [
              81.42917444469418,
              26.800593160974262
            ],
            [
              81.42832935459062,
              26.799835363842817
            ],
            [
              81.42786667281194,
              26.79995283991282
            ],
            [
              81.42725318725329,
              26.799953083667265
            ],
            [
              81.42665992636493,
              26.800102266899
            ],
            [
              81.42596097509012,
              26.800355194390292
            ],
            [
              81.4253476206855,
              26.800594563356178
            ],
            [
              81.42476954402039,
              26.801027966696292
            ],
            [
              81.42438746178397,
              26.801398176666353
            ],
            [
              81.42415628932875,
              26.80181344719623
            ],
            [
              81.42364348425217,
              26.802039208790937
            ],
            [
              81.4240710993954,
              26.8023640139627
            ],
            [
              81.42432269235364,
              26.802752013208092
            ],
            [
              81.42318143937905,
              26.803361614352326
            ],
            [
              81.42352860320206,
              26.80395717438495
            ],
            [
              81.42328249535693,
              26.804566474793802
            ],
            [
              81.42384561058101,
              26.804385767751036
            ],
            [
              81.42402699660653,
              26.805071549206605
            ],
            [
              81.42442453435743,
              26.80559043129764
            ],
            [
              81.42386153142277,
              26.806154706201877
            ],
            [
              81.42331354203147,
              26.80661513463102
            ],
            [
              81.42235258542595,
              26.80569489407809
            ],
            [
              81.42195506833632,
              26.80506779523685
            ],
            [
              81.42144199825675,
              26.804788165033063
            ],
            [
              81.4207632384146,
              26.80509972722751
            ],
            [
              81.42025035338796,
              26.80541125489101
            ],
            [
              81.42048186989793,
              26.805709066397426
            ],
            [
              81.41978807315621,
              26.806187625679136
            ],
            [
              81.4193557499426,
              26.80660286584306
            ],
            [
              81.41962244537741,
              26.807031555044013
            ],
            [
              81.42040224772273,
              26.80792476518936
            ],
            [
              81.42012083878186,
              26.80838516237821
            ],
            [
              81.42040255225162,
              26.808800198063217
            ],
            [
              81.42004075397428,
              26.809319334086197
            ],
            [
              81.41952286083995,
              26.809779752872036
            ],
            [
              81.41904525984107,
              26.81003257700111
            ],
            [
              81.41851733611823,
              26.810375769867463
            ],
            [
              81.417607216073,
              26.810809199163934
            ],
            [
              81.41639535821199,
              26.811463880670107
            ],
            [
              81.41520363698639,
              26.812014758157183
            ],
            [
              81.41526954817543,
              26.81342724909597
            ],
            [
              81.4158331233369,
              26.81424390929596
            ],
            [
              81.41525478077045,
              26.814451567328113
            ],
            [
              81.4156019589665,
              26.814911804927227
            ],
            [
              81.41483754386371,
              26.815092545702125
            ],
            [
              81.4142442632124,
              26.815449181628303
            ],
            [
              81.41378167126528,
              26.815819349325395
            ],
            [
              81.41364599331804,
              26.816193929221598
            ],
            [
              81.41424481387968,
              26.81703767266567
            ],
            [
              81.4146774586902,
              26.81745264380428
            ],
            [
              81.41502462880143,
              26.81800316269091
            ],
            [
              81.41475852086478,
              26.819239633605907
            ],
            [
              81.41477111973667,
              26.820263232313533
            ],
            [
              81.41477409226194,
              26.8205031701303
            ],
            [
              81.41487533239446,
              26.822362326670184
            ],
            [
              81.41515724259524,
              26.823224177766658
            ],
            [
              81.41633469587916,
              26.82451897670834
            ],
            [
              81.41711453864865,
              26.825024216347927
            ],
            [
              81.41678262282927,
              26.825407826800188
            ],
            [
              81.41736141275673,
              26.826314709968035
            ],
            [
              81.41731134335775,
              26.82674790676364
            ],
            [
              81.41661716483205,
              26.826865504051252
            ],
            [
              81.41585283956076,
              26.827326007880856
            ],
            [
              81.41547579417812,
              26.82790823762918
            ],
            [
              81.41613514861352,
              26.8290362377774
            ],
            [
              81.41631635138273,
              26.82954154064031
            ],
            [
              81.4163518123786,
              26.83018238476525
            ],
            [
              81.4159345323527,
              26.830805245252566
            ],
            [
              81.41555744205432,
              26.83126556633394
            ],
            [
              81.41558784733174,
              26.831784545748995
            ],
            [
              81.41500949757875,
              26.83217276172502
            ],
            [
              81.41454684813944,
              26.832542925292273
            ],
            [
              81.41333492559976,
              26.83345029962718
            ],
            [
              81.41199703410439,
              26.834109557229006
            ],
            [
              81.41109182425048,
              26.834651286036653
            ],
            [
              81.40962815064903,
              26.835116473079943
            ],
            [
              81.40935156655956,
              26.835301538982428
            ],
            [
              81.40907498157179,
              26.835486603780918
            ],
            [
              81.40869785174755,
              26.835965017291656
            ],
            [
              81.40708824682818,
              26.836543005641147
            ],
            [
              81.4061226656956,
              26.837170468178194
            ],
            [
              81.40556433579705,
              26.837621902975183
            ],
            [
              81.40488532712156,
              26.837653627007814
            ],
            [
              81.40315016467495,
              26.839129616715365
            ],
            [
              81.4031200935708,
              26.83949514385686
            ],
            [
              81.40215428875771,
              26.839653253128894
            ],
            [
              81.40164116657584,
              26.83977514129928
            ],
            [
              81.40079610162516,
              26.84005508194156
            ],
            [
              81.40052201664882,
              26.840292052224783
            ],
            [
              81.40024792987583,
              26.84052902121053
            ],
            [
              81.39968459456456,
              26.840975880288845
            ],
            [
              81.39985069216223,
              26.841454209692387
            ],
            [
              81.39943834837887,
              26.84213562776442
            ],
            [
              81.39844267278592,
              26.843755835655198
            ],
            [
              81.39749721301737,
              26.845479842131503
            ],
            [
              81.39723580955793,
              26.846504203192882
            ],
            [
              81.39783465167913,
              26.847217162343526
            ],
            [
              81.39826234587412,
              26.847736003732393
            ],
            [
              81.39746749944274,
              26.847826368009116
            ],
            [
              81.39685382793282,
              26.84867486265512
            ],
            [
              81.39716081999462,
              26.849001993092756
            ],
            [
              81.39746781295476,
              26.849329124187832
            ],
            [
              81.39904265397092,
              26.85059235231268
            ],
            [
              81.39990318880915,
              26.85149924859985
            ],
            [
              81.40041645472148,
              26.851959495172796
            ],
            [
              81.40089444109762,
              26.852139929187924
            ],
            [
              81.4012266147335,
              26.852554992130223
            ],
            [
              81.40185534470251,
              26.852270547773735
            ],
            [
              81.40246937464025,
              26.853118860033412
            ],
            [
              81.40410929859875,
              26.8523152360186
            ],
            [
              81.40495440577028,
              26.851958608762605
            ],
            [
              81.40647883692597,
              26.852062095099328
            ],
            [
              81.4073239970981,
              26.852107023061485
            ],
            [
              81.40795296242572,
              26.85231440010278
            ],
            [
              81.40861704199952,
              26.852242072122188
            ],
            [
              81.40955804612427,
              26.852747269028583
            ],
            [
              81.41019178959091,
              26.85241769937567
            ],
            [
              81.41126862078323,
              26.8528506023687
            ],
            [
              81.41176684081283,
              26.853446180391757
            ],
            [
              81.41204871238608,
              26.853951489734715
            ],
            [
              81.41244639925728,
              26.854501909766316
            ],
            [
              81.41289428757983,
              26.854903403766066
            ],
            [
              81.41337245002582,
              26.85540869297756
            ],
            [
              81.41371976835906,
              26.855972707748098
            ],
            [
              81.41441446431435,
              26.857087128766437
            ],
            [
              81.41479700918315,
              26.857592445892827
            ],
            [
              81.41567780192932,
              26.85845411382211
            ],
            [
              81.41625654065282,
              26.85895931424921
            ],
            [
              81.41676989998992,
              26.859392382148304
            ],
            [
              81.4175146653442,
              26.859793849979383
            ],
            [
              81.41809864483903,
              26.860655513163426
            ],
            [
              81.41902468842103,
              26.861499100083115
            ],
            [
              81.42039799509817,
              26.860812729777436
            ],
            [
              81.42147484515509,
              26.86112834360012
            ],
            [
              81.42182631639992,
              26.861516417281084
            ],
            [
              81.42197325203429,
              26.86167865338832
            ],
            [
              81.42293430026798,
              26.861840858008854
            ],
            [
              81.42399571457341,
              26.861276333957385
            ],
            [
              81.42459464472951,
              26.861768080930293
            ],
            [
              81.42525430638874,
              26.8629275368188
            ],
            [
              81.42563686293562,
              26.863401200003867
            ],
            [
              81.42595412274116,
              26.86393815270325
            ],
            [
              81.42640195985976,
              26.86401020875496
            ],
            [
              81.42630156594021,
              26.86456069604992
            ],
            [
              81.42678514432902,
              26.865864697887957
            ],
            [
              81.42642794991754,
              26.86602275509689
            ],
            [
              81.42573877500797,
              26.866365943394715
            ],
            [
              81.43063348298875,
              26.865932217032565
            ],
            [
              81.43545003304823,
              26.86744674172652
            ],
            [
              81.43823258889526,
              26.860328195228043
            ],
            [
              81.43954587912826,
              26.85872374704251
            ],
            [
              81.44024971364493,
              26.857863849086105
            ],
            [
              81.44450662316387,
              26.856488309714706
            ],
            [
              81.44760914094884,
              26.857551657820668
            ],
            [
              81.452126387627,
              26.859099775035922
            ],
            [
              81.4547027226242,
              26.85785305804571
            ],
            [
              81.45592243804899,
              26.854708375192963
            ],
            [
              81.45604696520863,
              26.854387288869773
            ],
            [
              81.45860151965344,
              26.85304737488901
            ],
            [
              81.46462204485728,
              26.849889133855008
            ],
            [
              81.47227178789805,
              26.849081521202184
            ],
            [
              81.47992153632875,
              26.848273624672505
            ],
            [
              81.48536420225977,
              26.84769851423004
            ],
            [
              81.4864802368294,
              26.84758056428004
            ],
            [
              81.4908069211914,
              26.84712321411833
            ],
            [
              81.49081056835145,
              26.847150972922787
            ],
            [
              81.49085184593875,
              26.847465134084427
            ],
            [
              81.49120907268959,
              26.85018386383123
            ],
            [
              81.49144841083071,
              26.852005303975318
            ],
            [
              81.49279664373164,
              26.8622652286889
            ],
            [
              81.49184913400761,
              26.866802048906564
            ],
            [
              81.48992824577432,
              26.869611080810056
            ],
            [
              81.48391078831716,
              26.87841006624436
            ],
            [
              81.48282746769524,
              26.88268970100468
            ],
            [
              81.48333824078263,
              26.883746230265857
            ],
            [
              81.48375690601068,
              26.88461224987812
            ],
            [
              81.4846864296661,
              26.88653484135957
            ],
            [
              81.48662886219483,
              26.887837924766046
            ],
            [
              81.48857139802983,
              26.889141028397795
            ],
            [
              81.4982168535772,
              26.88904938637551
            ],
            [
              81.49831967474461,
              26.889048405715254
            ],
            [
              81.50044672903056,
              26.888863099231628
            ],
            [
              81.50040381830607,
              26.88900526707113
            ],
            [
              81.4997992620013,
              26.8895959020439
            ],
            [
              81.49980377244233,
              26.89009679236593
            ],
            [
              81.49985370619572,
              26.89040814627654
            ],
            [
              81.49973779028645,
              26.89059311533205
            ],
            [
              81.4994960491519,
              26.890732766087375
            ],
            [
              81.49964114503658,
              26.891477494293323
            ],
            [
              81.4999777069426,
              26.892105020704054
            ],
            [
              81.50049525332727,
              26.89286356718862
            ],
            [
              81.50085176681573,
              26.89359046273229
            ],
            [
              81.50111316758029,
              26.893888489354406
            ],
            [
              81.5016359969571,
              26.894425979037464
            ],
            [
              81.5024558300281,
              26.89490050528488
            ],
            [
              81.50266215238763,
              26.8949547953047
            ],
            [
              81.5032558193145,
              26.895162949400003
            ],
            [
              81.50415200379477,
              26.894798145313228
            ],
            [
              81.50520459933902,
              26.89416275528693
            ],
            [
              81.5063779410339,
              26.893482350835907
            ],
            [
              81.5067755668197,
              26.893415014787426
            ],
            [
              81.50669963133039,
              26.893848186257717
            ],
            [
              81.50671436909097,
              26.89425879230965
            ],
            [
              81.50682947112664,
              26.894822970615174
            ],
            [
              81.50688923244921,
              26.89543226595211
            ],
            [
              81.5067981612457,
              26.895937562327376
            ],
            [
              81.5064300918294,
              26.896523931038924
            ],
            [
              81.50618804796264,
              26.896956943979436
            ],
            [
              81.50617281702698,
              26.897132862297678
            ],
            [
              81.5062177570457,
              26.897462369726778
            ],
            [
              81.5062124075782,
              26.897796312056943
            ],
            [
              81.50600034767895,
              26.89840526930227
            ],
            [
              81.50577325177848,
              26.89899175338256
            ],
            [
              81.50573262906305,
              26.899325666356088
            ],
            [
              81.50591324613069,
              26.899880849255933
            ],
            [
              81.50616432165933,
              26.900463212764468
            ],
            [
              81.50631890105848,
              26.90175840567225
            ],
            [
              81.5066855134074,
              26.902561946651392
            ],
            [
              81.50692679101125,
              26.902846455154343
            ],
            [
              81.50615113439098,
              26.90338276225563
            ],
            [
              81.50588925392607,
              26.903572072801378
            ],
            [
              81.50586663794047,
              26.903601615394944
            ],
            [
              81.50584402195489,
              26.90363115717969
            ],
            [
              81.50584479540436,
              26.90363152888526
            ],
            [
              81.50620104927972,
              26.903802495693785
            ],
            [
              81.50641225667776,
              26.903947100063995
            ],
            [
              81.50654316457086,
              26.903978755827303
            ],
            [
              81.5069759162809,
              26.90404236132609
            ],
            [
              81.5075245704255,
              26.903988653258313
            ],
            [
              81.50780639887958,
              26.90407907512242
            ],
            [
              81.50800274814279,
              26.90396650880666
            ],
            [
              81.50804309417715,
              26.90396198506708
            ],
            [
              81.50855125676034,
              26.904106771079622
            ],
            [
              81.5088982822428,
              26.90442749270115
            ],
            [
              81.50956723787193,
              26.904847717323868
            ],
            [
              81.51019123371944,
              26.905006186247274
            ],
            [
              81.51085975276735,
              26.905886700931518
            ],
            [
              81.51157825767096,
              26.907173336344048
            ],
            [
              81.51174387466999,
              26.90762017562447
            ],
            [
              81.51246695379498,
              26.909398767609595
            ],
            [
              81.51310975138138,
              26.910910978762317
            ],
            [
              81.51334043155983,
              26.911754967603947
            ],
            [
              81.51324375037738,
              26.912869526768123
            ],
            [
              81.51308705275079,
              26.91352823575154
            ],
            [
              81.51309172668522,
              26.9138756829739
            ],
            [
              81.51309148324178,
              26.914146415948256
            ],
            [
              81.51307588759013,
              26.91463378925578
            ],
            [
              81.51322627994173,
              26.915229604081972
            ],
            [
              81.51358321743503,
              26.915757791859953
            ],
            [
              81.51390415584164,
              26.916271466252798
            ],
            [
              81.51390482059496,
              26.91627253078165
            ],
            [
              81.51539933425845,
              26.916869366235954
            ],
            [
              81.51681816485919,
              26.91760150192296
            ],
            [
              81.51745711585954,
              26.91794043732175
            ],
            [
              81.51828744215138,
              26.918297561284152
            ],
            [
              81.5194647013992,
              26.919038531328766
            ],
            [
              81.520113668615,
              26.91945862226399
            ],
            [
              81.52059695055972,
              26.919472517616896
            ],
            [
              81.52074330139088,
              26.919030397373984
            ],
            [
              81.52097552577328,
              26.918267993700944
            ],
            [
              81.52100590410126,
              26.918150674862638
            ],
            [
              81.52105636336908,
              26.91792955830153
            ],
            [
              81.52122257325621,
              26.91789356829721
            ],
            [
              81.52182688521918,
              26.917645855959794
            ],
            [
              81.5228592749578,
              26.91715470535777
            ],
            [
              81.52372539821539,
              26.916771795311284
            ],
            [
              81.52452613400177,
              26.91645202590311
            ],
            [
              81.52471740329206,
              26.916402460097895
            ],
            [
              81.52561875398354,
              26.916109840377853
            ],
            [
              81.52616762192716,
              26.915934168697184
            ],
            [
              81.52791470771254,
              26.91546610363996
            ],
            [
              81.52860455456194,
              26.915195837614547
            ],
            [
              81.52936000357991,
              26.91482178730394
            ],
            [
              81.53026642795611,
              26.914348631998518
            ],
            [
              81.53117289814638,
              26.913879885909505
            ],
            [
              81.53156075744839,
              26.913645456864714
            ],
            [
              81.53308658009445,
              26.912820689122807
            ],
            [
              81.53329301025178,
              26.912762139031063
            ],
            [
              81.53399314909939,
              26.912243632082262
            ],
            [
              81.53439128422994,
              26.91158962167184
            ],
            [
              81.53484996670895,
              26.910804756275382
            ],
            [
              81.53552416939768,
              26.91122481698032
            ],
            [
              81.53663567915324,
              26.912349192367312
            ],
            [
              81.53732477770599,
              26.913040014193115
            ],
            [
              81.53717345739469,
              26.91340544181902
            ],
            [
              81.53740932085232,
              26.913725733311615
            ],
            [
              81.53777185844312,
              26.914218034674782
            ],
            [
              81.53878801831948,
              26.91512122373836
            ],
            [
              81.53916077963652,
              26.915423538994666
            ],
            [
              81.53951746560153,
              26.915712816303078
            ],
            [
              81.53935616410912,
              26.916033114063772
            ],
            [
              81.5391747843718,
              26.916254139822698
            ],
            [
              81.53940096668559,
              26.916705503232247
            ],
            [
              81.53992390835184,
              26.91744132934963
            ],
            [
              81.54004975244166,
              26.91745949183257
            ],
            [
              81.5402610838072,
              26.917617561780464
            ],
            [
              81.54100057964405,
              26.91824076338689
            ],
            [
              81.54112131142162,
              26.918276903064804
            ],
            [
              81.5412069406311,
              26.918276983163384
            ],
            [
              81.5413225026042,
              26.918629040643292
            ],
            [
              81.54036534138076,
              26.91949032413911
            ],
            [
              81.53899006918981,
              26.920798146280102
            ],
            [
              81.53747367166771,
              26.922317942745234
            ],
            [
              81.53666740225917,
              26.92328767080682
            ],
            [
              81.53635461516545,
              26.92425762761271
            ],
            [
              81.53621316733911,
              26.92487125096147
            ],
            [
              81.53627808139818,
              26.925444431782736
            ],
            [
              81.53625783696495,
              26.925651927362953
            ],
            [
              81.53721865343329,
              26.926627269293988
            ],
            [
              81.53792288141206,
              26.927282079975868
            ],
            [
              81.53848210513428,
              26.926749954329757
            ],
            [
              81.53936792215788,
              26.927097963937353
            ],
            [
              81.54021332487514,
              26.92749554624005
            ],
            [
              81.54130029086048,
              26.928114417998017
            ],
            [
              81.54246391188566,
              26.927257730350682
            ],
            [
              81.54338061658197,
              26.92659034738258
            ],
            [
              81.5438086889677,
              26.926346947114222
            ],
            [
              81.54541407360183,
              26.92718270476699
            ],
            [
              81.54746235282387,
              26.928163103257745
            ],
            [
              81.5482020301204,
              26.928709503293184
            ],
            [
              81.54867496257478,
              26.92914747774717
            ],
            [
              81.54973147477367,
              26.93028064864357
            ],
            [
              81.5505362161479,
              26.931355072293385
            ],
            [
              81.55059653891757,
              26.93159881975325
            ],
            [
              81.55107620873653,
              26.931982482770103
            ],
            [
              81.55192129165354,
              26.932957676258358
            ],
            [
              81.55228345285023,
              26.933526442397255
            ],
            [
              81.55260021229415,
              26.934239611850494
            ],
            [
              81.5531485044177,
              26.93499802178056
            ],
            [
              81.55339502908113,
              26.935286903727082
            ],
            [
              81.55479867725529,
              26.93686704793783
            ],
            [
              81.55520617013615,
              26.93740869680754
            ],
            [
              81.55496396008105,
              26.938220877330004
            ],
            [
              81.55501911394454,
              26.938627015850322
            ],
            [
              81.55503420025144,
              26.938744348630397
            ],
            [
              81.55507558743321,
              26.938724096978216
            ],
            [
              81.55578966364241,
              26.938374684931226
            ],
            [
              81.55668010878634,
              26.939561933173106
            ],
            [
              81.55695676923263,
              26.939972682055302
            ],
            [
              81.5573038090881,
              26.940451217166846
            ],
            [
              81.55757567792064,
              26.940622816903403
            ],
            [
              81.55842694933166,
              26.93988770337873
            ],
            [
              81.55874416781465,
              26.93996903827141
            ],
            [
              81.55953991435794,
              26.939522657838566
            ],
            [
              81.56020486080601,
              26.93890024410624
            ],
            [
              81.56176615073609,
              26.938039108808084
            ],
            [
              81.56309575796793,
              26.93726354588749
            ],
            [
              81.56452622893813,
              26.93619464038385
            ],
            [
              81.56503836926139,
              26.935824960316776
            ],
            [
              81.56497812105192,
              26.93538274639128
            ],
            [
              81.56499333042798,
              26.935211242792004
            ],
            [
              81.56506892096421,
              26.935012753727023
            ],
            [
              81.56528554700003,
              26.934823250854905
            ],
            [
              81.5657438396102,
              26.934611392190053
            ],
            [
              81.56637322624772,
              26.934467232350546
            ],
            [
              81.5670529329142,
              26.934386273902927
            ],
            [
              81.56744064309586,
              26.93430528176057
            ],
            [
              81.56775291725158,
              26.93412934609264
            ],
            [
              81.56830190287452,
              26.933705418330728
            ],
            [
              81.5685990709604,
              26.933452869771497
            ],
            [
              81.56886597390604,
              26.933340170174883
            ],
            [
              81.56898178291586,
              26.93325894582708
            ],
            [
              81.56903218469151,
              26.93310556692674
            ],
            [
              81.56905753874209,
              26.93288441320288
            ],
            [
              81.56914306644197,
              26.932825828672797
            ],
            [
              81.56923371274232,
              26.932807824835713
            ],
            [
              81.56935455770761,
              26.932785292004432
            ],
            [
              81.56939282414207,
              26.93280448115124
            ],
            [
              81.56952567239618,
              26.932871099340513
            ],
            [
              81.56970693804747,
              26.932907255154745
            ],
            [
              81.56997874130298,
              26.933015681682978
            ],
            [
              81.5703864902037,
              26.93321890666062
            ],
            [
              81.57110106138468,
              26.93390508698265
            ],
            [
              81.5722533878918,
              26.935069781037505
            ],
            [
              81.57307864678711,
              26.936085412849526
            ],
            [
              81.57357172486006,
              26.93673987310447
            ],
            [
              81.57383341128882,
              26.936965601748003
            ],
            [
              81.57387866931116,
              26.937083000325167
            ],
            [
              81.57457843805285,
              26.93737650424184
            ],
            [
              81.575187155354,
              26.93847785427917
            ],
            [
              81.57539841575264,
              26.938870472103222
            ],
            [
              81.5765919336088,
              26.938406137233244
            ],
            [
              81.57764434140519,
              26.937878491952482
            ],
            [
              81.57831932383155,
              26.93723797231432
            ],
            [
              81.57970922598524,
              26.936412573777247
            ],
            [
              81.57970939756345,
              26.93611472669571
            ],
            [
              81.5799208061841,
              26.936132919007548
            ],
            [
              81.57997605976061,
              26.9363766152969
            ],
            [
              81.58006167100382,
              26.936439827735004
            ],
            [
              81.58068069467623,
              26.937058161092637
            ],
            [
              81.58140550844804,
              26.9376631080891
            ],
            [
              81.58153626093261,
              26.938046692012414
            ],
            [
              81.58167709341294,
              26.938407743723747
            ],
            [
              81.581792789235,
              26.938719133368814
            ],
            [
              81.58228085830194,
              26.939427759674995
            ],
            [
              81.5829199808805,
              26.940240213151025
            ],
            [
              81.58355410343619,
              26.94102109068647
            ],
            [
              81.58480650585922,
              26.942753055032913
            ],
            [
              81.58481720030267,
              26.94276784602699
            ],
            [
              81.58539627858933,
              26.94261005396866
            ],
            [
              81.58552222598541,
              26.942429618671525
            ],
            [
              81.58564808714326,
              26.94247927714639
            ],
            [
              81.58577882794968,
              26.942966640962933
            ],
            [
              81.58654928691774,
              26.94270965662754
            ],
            [
              81.58711833012434,
              26.94243907308305
            ],
            [
              81.5877881140002,
              26.942015055640226
            ],
            [
              81.5885636188052,
              26.941613685394685
            ],
            [
              81.58898666871016,
              26.941446791990636
            ],
            [
              81.58939941314217,
              26.941830459939954
            ],
            [
              81.59000874758591,
              26.94146964662277
            ],
            [
              81.59036612974528,
              26.941871337708392
            ],
            [
              81.59106109070359,
              26.941329937711288
            ],
            [
              81.59104605739729,
              26.94103215407174
            ],
            [
              81.59088012059802,
              26.940382254625316
            ],
            [
              81.59149954042745,
              26.94009818431104
            ],
            [
              81.59155487036078,
              26.940053039071966
            ],
            [
              81.59139382129493,
              26.939872469146515
            ],
            [
              81.59144429134253,
              26.93962881164544
            ],
            [
              81.5918924734142,
              26.939430400830396
            ],
            [
              81.5925621324242,
              26.93905600322404
            ],
            [
              81.59363480980667,
              26.938465076039858
            ],
            [
              81.59407293344208,
              26.938144773094017
            ],
            [
              81.59414851589348,
              26.93781086204833
            ],
            [
              81.59413844398252,
              26.93763041907014
            ],
            [
              81.59405804566289,
              26.937192648941817
            ],
            [
              81.59365538931151,
              26.93671420330998
            ],
            [
              81.59317962896064,
              26.936584159639242
            ],
            [
              81.59312679185224,
              26.936569717807885
            ],
            [
              81.59375121529783,
              26.935960622096026
            ],
            [
              81.59408367729291,
              26.935550105263637
            ],
            [
              81.59475340098159,
              26.935044792400294
            ],
            [
              81.59495488321835,
              26.934877922108193
            ],
            [
              81.59498614908183,
              26.934882535907462
            ],
            [
              81.59568989107204,
              26.93498638598415
            ],
            [
              81.59651574105884,
              26.93450816084083
            ],
            [
              81.59723067156588,
              26.93411572324018
            ],
            [
              81.5977845970246,
              26.933700742014942
            ],
            [
              81.59815222087653,
              26.93341193769466
            ],
            [
              81.59822536979178,
              26.933519881609445
            ],
            [
              81.59910341009994,
              26.934815563320914
            ],
            [
              81.59944564576531,
              26.935235317605066
            ],
            [
              81.59975774025797,
              26.935898708385093
            ],
            [
              81.59995899342434,
              26.936110852139763
            ],
            [
              81.60024105993196,
              26.93592587437238
            ],
            [
              81.60053297107679,
              26.93616963597874
            ],
            [
              81.60086027943709,
              26.935953032344536
            ],
            [
              81.60119253212471,
              26.936183236959884
            ],
            [
              81.60152481086345,
              26.936002800987325
            ],
            [
              81.60178662305637,
              26.936169832189112
            ],
            [
              81.60223468116052,
              26.936521853851197
            ],
            [
              81.60249134510858,
              26.936711458780696
            ],
            [
              81.6029999325949,
              26.936377541888614
            ],
            [
              81.60322647692976,
              26.936553573355052
            ],
            [
              81.60353364955297,
              26.936391221328687
            ],
            [
              81.60383062270441,
              26.936580780829086
            ],
            [
              81.60454067625781,
              26.936039345816088
            ],
            [
              81.60540173032227,
              26.935484416056912
            ],
            [
              81.6066605287501,
              26.93451891332662
            ],
            [
              81.60676116431644,
              26.934496373629358
            ],
            [
              81.6074005042873,
              26.934992866599934
            ],
            [
              81.60759181490009,
              26.935164377739127
            ],
            [
              81.60697251005502,
              26.9354124776703
            ],
            [
              81.60501880905936,
              26.93659448907529
            ],
            [
              81.60560779935685,
              26.937438437162587
            ],
            [
              81.60436904503796,
              26.938426521081563
            ],
            [
              81.60410712774213,
              26.938647612682416
            ],
            [
              81.60439913410839,
              26.93891388800331
            ],
            [
              81.60376469175243,
              26.939328886080816
            ],
            [
              81.60412199665672,
              26.940028391892405
            ],
            [
              81.60389040019666,
              26.94022242191682
            ],
            [
              81.60407657334436,
              26.940691741658984
            ],
            [
              81.60339678313458,
              26.941219625232065
            ],
            [
              81.60300903702027,
              26.941386564619233
            ],
            [
              81.60314487307105,
              26.941761069003174
            ],
            [
              81.6019061951089,
              26.942541558020302
            ],
            [
              81.60132202337458,
              26.942983700624335
            ],
            [
              81.60173974806654,
              26.943651616011074
            ],
            [
              81.60187565418587,
              26.943845667827517
            ],
            [
              81.60164904427398,
              26.944134418996324
            ],
            [
              81.60237899730757,
              26.9446805646679
            ],
            [
              81.60368796125412,
              26.945831473121984
            ],
            [
              81.6042312686262,
              26.946290160689973
            ],
            [
              81.6040050009724,
              26.946436241712043
            ],
            [
              81.60318419233103,
              26.946887329795672
            ],
            [
              81.60240873783165,
              26.94731588934967
            ],
            [
              81.60027854034055,
              26.948227059761106
            ],
            [
              81.60006707332941,
              26.948416556919177
            ],
            [
              81.59897937072553,
              26.94885406565289
            ],
            [
              81.59990042506445,
              26.950532922790128
            ],
            [
              81.60018230202755,
              26.951002278877823
            ],
            [
              81.60003621619941,
              26.951146710648594
            ],
            [
              81.5996031078582,
              26.9513631898
            ],
            [
              81.59876718506214,
              26.951823322624186
            ],
            [
              81.59843984256587,
              26.95200829512491
            ],
            [
              81.59870661256087,
              26.952418974629857
            ],
            [
              81.59814760263765,
              26.952689587064285
            ],
            [
              81.59773975582054,
              26.952373645350022
            ],
            [
              81.59764414273498,
              26.952405228270816
            ],
            [
              81.59748289603979,
              26.952689536617598
            ],
            [
              81.59731672208528,
              26.95289254276067
            ],
            [
              81.59715050141835,
              26.953018882617155
            ],
            [
              81.59698938408059,
              26.952924088702034
            ],
            [
              81.59684831713994,
              26.953068465961508
            ],
            [
              81.59626408072694,
              26.953754188356275
            ],
            [
              81.5952869014457,
              26.95476030174453
            ],
            [
              81.59544296037012,
              26.954868663214608
            ],
            [
              81.59560413609839,
              26.954886698760447
            ],
            [
              81.59588105795439,
              26.95481007329394
            ],
            [
              81.5958457820115,
              26.95502213501584
            ],
            [
              81.59537725399696,
              26.955879407615946
            ],
            [
              81.59581008296212,
              26.956678260900603
            ],
            [
              81.59677713373851,
              26.95596549203777
            ],
            [
              81.59831326904403,
              26.954918850292607
            ],
            [
              81.5987765562872,
              26.954548920148653
            ],
            [
              81.59974335104373,
              26.954887578757933
            ],
            [
              81.60244723872644,
              26.955840164391095
            ],
            [
              81.60255797315321,
              26.955916895652578
            ],
            [
              81.60281992009342,
              26.955727434328253
            ],
            [
              81.60399804621548,
              26.956485666861006
            ],
            [
              81.60474831375089,
              26.956896458160298
            ],
            [
              81.60541542244383,
              26.95740645489307
            ],
            [
              81.60548336023211,
              26.95761856937876
            ],
            [
              81.60548432681937,
              26.957620398992486
            ],
            [
              81.60566467529077,
              26.95796152975017
            ],
            [
              81.60615803543467,
              26.958408306365545
            ],
            [
              81.6066565608915,
              26.958728814354984
            ],
            [
              81.60748236865744,
              26.959189194139356
            ],
            [
              81.60806142538456,
              26.959581863121887
            ],
            [
              81.60884685657342,
              26.960028677348802
            ],
            [
              81.60960724542716,
              26.960498080353684
            ],
            [
              81.61073515033495,
              26.96130145035026
            ],
            [
              81.61148750735171,
              26.961896478160707
            ],
            [
              81.61150554372597,
              26.961910743800882
            ],
            [
              81.61253780859874,
              26.962565149377134
            ],
            [
              81.61325289810762,
              26.963156340121408
            ],
            [
              81.61390247438113,
              26.96358953689217
            ],
            [
              81.61458691067759,
              26.963907939611712
            ],
            [
              81.6148324184481,
              26.96402215071702
            ],
            [
              81.61536291404758,
              26.963485927748206
            ],
            [
              81.6158867064184,
              26.962899305748255
            ],
            [
              81.61641547006597,
              26.962421010077538
            ],
            [
              81.61674783414466,
              26.962195410881943
            ],
            [
              81.6171407249106,
              26.961793796244088
            ],
            [
              81.6175738458282,
              26.961049251865962
            ],
            [
              81.6177752876408,
              26.96059803311553
            ],
            [
              81.61805735864,
              26.96014681335826
            ],
            [
              81.6181581226654,
              26.959916605640878
            ],
            [
              81.61863532301571,
              26.959630099216128
            ],
            [
              81.61866050997965,
              26.959614977347332
            ],
            [
              81.61882274931321,
              26.959939273970182
            ],
            [
              81.61951270575706,
              26.960521412334323
            ],
            [
              81.62013202767012,
              26.960954620039963
            ],
            [
              81.62072125691951,
              26.96136074309437
            ],
            [
              81.62121981022409,
              26.96163156384546
            ],
            [
              81.6218945294441,
              26.961744385682685
            ],
            [
              81.62297227691803,
              26.961559345896227
            ],
            [
              81.62313841134667,
              26.96152325131645
            ],
            [
              81.62398447791891,
              26.961414961903017
            ],
            [
              81.62437225816919,
              26.96114428315235
            ],
            [
              81.62460387888372,
              26.96103139665946
            ],
            [
              81.62519302458978,
              26.960688495276777
            ],
            [
              81.6256915787927,
              26.96037713910677
            ],
            [
              81.6270462660889,
              26.959569356307902
            ],
            [
              81.62753464237964,
              26.95911359168537
            ],
            [
              81.62798791789896,
              26.958784127383147
            ],
            [
              81.62830509955104,
              26.958544962657182
            ],
            [
              81.6293173382812,
              26.95780937110553
            ],
            [
              81.63016331232699,
              26.957394200861227
            ],
            [
              81.63078763965281,
              26.956870737707053
            ],
            [
              81.63207678856084,
              26.956148709774002
            ],
            [
              81.63333560944656,
              26.955620674324276
            ],
            [
              81.63419160689428,
              26.95520546798892
            ],
            [
              81.63587339863325,
              26.9543885950627
            ],
            [
              81.63741422314455,
              26.953666384669802
            ],
            [
              81.63760565862316,
              26.95396875835722
            ],
            [
              81.63824520700317,
              26.955033679062982
            ],
            [
              81.63925251577905,
              26.95647754201293
            ],
            [
              81.63982668836593,
              26.95731681402506
            ],
            [
              81.64055197375326,
              26.958282467386024
            ],
            [
              81.64135785778454,
              26.959505311309766
            ],
            [
              81.64195726404776,
              26.960200169609703
            ],
            [
              81.64247606358224,
              26.96125152713746
            ],
            [
              81.64294956736512,
              26.96198244428861
            ],
            [
              81.64353888644601,
              26.96286235408144
            ],
            [
              81.64405775694739,
              26.96403550413554
            ],
            [
              81.64461697078814,
              26.965186167658068
            ],
            [
              81.64491424128197,
              26.9660028461917
            ],
            [
              81.6454330848339,
              26.966927882283212
            ],
            [
              81.64614344740775,
              26.96823644478127
            ],
            [
              81.64679832014819,
              26.969238095041465
            ],
            [
              81.6455546601295,
              26.970754537229546
            ],
            [
              81.64493024027718,
              26.971318682851233
            ],
            [
              81.64466838406682,
              26.971111097600026
            ],
            [
              81.64422016965581,
              26.971120195735175
            ],
            [
              81.64299131117805,
              26.971341521816992
            ],
            [
              81.64166686117429,
              26.971770297380328
            ],
            [
              81.64097187596148,
              26.97185614388625
            ],
            [
              81.64041279686799,
              26.97220816295309
            ],
            [
              81.63942584930635,
              26.972975449772957
            ],
            [
              81.63844377420683,
              26.97343123915771
            ],
            [
              81.63709410579811,
              26.973896179848712
            ],
            [
              81.63613716556021,
              26.974361068983132
            ],
            [
              81.6352105021407,
              26.97444691031114
            ],
            [
              81.63425363736128,
              26.97464097793597
            ],
            [
              81.63328158566372,
              26.97483510607058
            ],
            [
              81.63190158833436,
              26.974884819112706
            ],
            [
              81.63128710744235,
              26.97469980812373
            ],
            [
              81.63016901213746,
              26.973634877213737
            ],
            [
              81.62869340441746,
              26.974957046929582
            ],
            [
              81.62793285835856,
              26.975530160392644
            ],
            [
              81.62620032258586,
              26.97459161304087
            ],
            [
              81.62493118275243,
              26.973720695878345
            ],
            [
              81.62319870177696,
              26.972511304278576
            ],
            [
              81.6226148219951,
              26.972031142394705
            ],
            [
              81.62127018235535,
              26.970677358925805
            ],
            [
              81.62132060658888,
              26.969946315665318
            ],
            [
              81.6213558492941,
              26.969702628719993
            ],
            [
              81.62127529376929,
              26.96944542834745
            ],
            [
              81.62095298902516,
              26.969016796049274
            ],
            [
              81.62038388203813,
              26.968470745122247
            ],
            [
              81.61964360197209,
              26.96809614776631
            ],
            [
              81.6188411522001,
              26.967697033735966
            ],
            [
              81.61854575469367,
              26.967550110789325
            ],
            [
              81.61848031332354,
              26.967735092695012
            ],
            [
              81.61781542885926,
              26.968520257614948
            ],
            [
              81.61716072500208,
              26.96929189373366
            ],
            [
              81.6167326139888,
              26.969797192348295
            ],
            [
              81.61633975466395,
              26.970131144719698
            ],
            [
              81.6156749375733,
              26.970586842340133
            ],
            [
              81.61547844817288,
              26.97092980725638
            ],
            [
              81.6152467241521,
              26.971710416867765
            ],
            [
              81.61519633315622,
              26.972238395300824
            ],
            [
              81.61515095475964,
              26.972757313285637
            ],
            [
              81.61483359703776,
              26.973131852702483
            ],
            [
              81.61416879162522,
              26.9736462808507
            ],
            [
              81.61317151882774,
              26.974124496019126
            ],
            [
              81.61253187432798,
              26.974408756749856
            ],
            [
              81.61277857506121,
              26.974670509118504
            ],
            [
              81.61303543394364,
              26.9748599962189
            ],
            [
              81.61375059711438,
              26.975306856305266
            ],
            [
              81.61489879676108,
              26.976200430255318
            ],
            [
              81.6154478030453,
              26.976602014326243
            ],
            [
              81.6157952148033,
              26.97689986406664
            ],
            [
              81.61605203415989,
              26.97726997617783
            ],
            [
              81.61655570696328,
              26.978104799031392
            ],
            [
              81.61664631104284,
              26.978289827640186
            ],
            [
              81.61732625755948,
              26.979052513853357
            ],
            [
              81.618182348432,
              26.979973055727747
            ],
            [
              81.61856512416783,
              26.980627381145094
            ],
            [
              81.61916945589375,
              26.9815164026349
            ],
            [
              81.61981920464379,
              26.982585950076018
            ],
            [
              81.62041351656104,
              26.98345236294852
            ],
            [
              81.62109341456866,
              26.984287190376108
            ],
            [
              81.62075593458442,
              26.984661666611316
            ],
            [
              81.62171751012917,
              26.986121053274623
            ],
            [
              81.61937024103784,
              26.987907943110212
            ],
            [
              81.61989404329012,
              26.989203071384964
            ],
            [
              81.62037749771143,
              26.99015978373328
            ],
            [
              81.62116830621561,
              26.99214984496418
            ],
            [
              81.62186345043023,
              26.993336656091543
            ],
            [
              81.62255343831511,
              26.995191330177537
            ],
            [
              81.622790234224,
              26.99565162328567
            ],
            [
              81.62316796142792,
              26.99665785614332
            ],
            [
              81.62322341083716,
              26.997339251714042
            ],
            [
              81.62363136185883,
              26.99834103196287
            ],
            [
              81.62439711275647,
              27.000249875652447
            ],
            [
              81.6287377183104,
              27.00034573267532
            ],
            [
              81.62866013441258,
              27.001387362623042
            ],
            [
              81.62911837671713,
              27.00357834228526
            ],
            [
              81.6292751902264,
              27.00573392237954
            ],
            [
              81.6289650441796,
              27.008356507608994
            ],
            [
              81.62858617611526,
              27.009789796032393
            ],
            [
              81.63000378141396,
              27.009698087198345
            ],
            [
              81.63100271339982,
              27.009649129850295
            ],
            [
              81.63248425628886,
              27.009518221201514
            ],
            [
              81.63374644226364,
              27.009042944060266
            ],
            [
              81.63485709322983,
              27.008492107628555
            ],
            [
              81.63598853300827,
              27.007883324069997
            ],
            [
              81.63662434260007,
              27.00718335216057
            ],
            [
              81.63704318210128,
              27.006331485330755
            ],
            [
              81.63705538840935,
              27.00561878596293
            ],
            [
              81.63717212807379,
              27.004673817706593
            ],
            [
              81.63700996869026,
              27.0037702650755
            ],
            [
              81.63686751115756,
              27.002731749891655
            ],
            [
              81.63688181682846,
              27.0021730883451
            ],
            [
              81.63745230542436,
              27.001415970334055
            ],
            [
              81.63772445183633,
              27.000854621714794
            ],
            [
              81.63791036537089,
              27.000274868233372
            ],
            [
              81.64352867888942,
              27.000269736850754
            ],
            [
              81.64724256759891,
              27.000266235088187
            ],
            [
              81.64721220364399,
              26.99962990339021
            ],
            [
              81.64734796333794,
              26.998528822344067
            ],
            [
              81.64762482770175,
              26.997342061201255
            ],
            [
              81.64775068257138,
              26.997188611869603
            ]
          ]
        ]
      }
    }
  ]
}