{
  "type": "FeatureCollection",
  "features": [
    {
      "type": "Feature",
      "properties": {
        "objectid": "09-133-00708",
        "stcode11": "09",
        "dtcode11": "133",
        "sdtcode11": "00708",
        "stname": "UTTAR PRADESH",
        "dtname": "Muzaffarnagar",
        "sdtname": "Muzaffarnagar",
        "st_area_sh": 0.0,
        "st_length_": 0.0,
        "remarks": "",
        "dist_lgd": 172,
        "state_lgd": 9,
        "subdt_lgd": 708,
        "ac_no": 13,
        "st_length(shape)": 274702.62279410457,
        "st_area(shape)": 1382692541.0480268
      },
      "geometry": {
        "type": "Polygon",
        "coordinates": [
          [
            [
              77.94033666855633,
              29.71194063938165
            ],
            [
              77.94094039930935,
              29.710841101383217
            ],
            [
              77.9425512394122,
              29.711409858063345
            ],
            [
              77.94404684363042,
              29.712065754130947
            ],
            [
              77.9451604060364,
              29.712815007675687
            ],
            [
              77.94554335604538,
              29.713063867922685
            ],
            [
              77.94654573486694,
              29.712608607246267
            ],
            [
              77.94702238814322,
              29.712484114999217
            ],
            [
              77.94769249631088,
              29.71158910323974
            ],
            [
              77.94791494163313,
              29.71133759830309
            ],
            [
              77.94839512259352,
              29.71083146409625
            ],
            [
              77.94960176483598,
              29.70995497815547
            ],
            [
              77.95052436876875,
              29.709350267157323
            ],
            [
              77.95120493871619,
              29.70883201834674
            ],
            [
              77.95195838808435,
              29.708307733262405
            ],
            [
              77.95259603742583,
              29.707664419852527
            ],
            [
              77.95301840011962,
              29.70734714113363
            ],
            [
              77.9519833819105,
              29.70600007937791
            ],
            [
              77.95139360918037,
              29.705443914365908
            ],
            [
              77.95018070837536,
              29.70456580369463
            ],
            [
              77.94956759292256,
              29.704133755841507
            ],
            [
              77.95010854221698,
              29.703137925336026
            ],
            [
              77.95059351299446,
              29.702442504095938
            ],
            [
              77.95090232773802,
              29.70189004917064
            ],
            [
              77.95098097703777,
              29.70159422664344
            ],
            [
              77.9499904883173,
              29.701418044227026
            ],
            [
              77.94945610391099,
              29.701101710220673
            ],
            [
              77.94929323306174,
              29.700819208971186
            ],
            [
              77.94925132126386,
              29.70056543603779
            ],
            [
              77.94821845990974,
              29.699994010158747
            ],
            [
              77.94744557369381,
              29.699787157329478
            ],
            [
              77.94654257998367,
              29.699603640749633
            ],
            [
              77.94490252037957,
              29.699204003629017
            ],
            [
              77.94395862996785,
              29.6986380759119
            ],
            [
              77.94220187741168,
              29.697354241853148
            ],
            [
              77.94068832575239,
              29.69662272927632
            ],
            [
              77.94017899715598,
              29.696265663911344
            ],
            [
              77.93989451328191,
              29.696083131924293
            ],
            [
              77.94068446030175,
              29.695350057993682
            ],
            [
              77.94175136241522,
              29.694452778791288
            ],
            [
              77.94338218105001,
              29.69311735014848
            ],
            [
              77.94479404970733,
              29.692282032289597
            ],
            [
              77.94567235322187,
              29.691824447113316
            ],
            [
              77.94495665914681,
              29.690777087286378
            ],
            [
              77.94589231290571,
              29.689961326661034
            ],
            [
              77.9464491839402,
              29.68980013219348
            ],
            [
              77.94710665281183,
              29.68961778511787
            ],
            [
              77.94800590863204,
              29.689492984214002
            ],
            [
              77.94869130882078,
              29.68929542135527
            ],
            [
              77.94932564158225,
              29.688896512696925
            ],
            [
              77.95007324830779,
              29.688250281149518
            ],
            [
              77.95053253714963,
              29.687865623115556
            ],
            [
              77.95079418944243,
              29.687561405874703
            ],
            [
              77.95093432842339,
              29.687356999765676
            ],
            [
              77.9506529536185,
              29.68720208337609
            ],
            [
              77.94948730958733,
              29.686003535893658
            ],
            [
              77.94837977487688,
              29.684710861307043
            ],
            [
              77.94769101858225,
              29.683759520308392
            ],
            [
              77.9474417594471,
              29.68308825367643
            ],
            [
              77.94761934110741,
              29.68207220632234
            ],
            [
              77.94792342981425,
              29.681725405982075
            ],
            [
              77.94834145184853,
              29.68104138098294
            ],
            [
              77.94882169569102,
              29.6804298331723
            ],
            [
              77.94936849301793,
              29.67980082037058
            ],
            [
              77.95017557719842,
              29.67905516827906
            ],
            [
              77.95092055725009,
              29.6784934868014
            ],
            [
              77.95155233610117,
              29.67814973981989
            ],
            [
              77.95230139540253,
              29.67813617438919
            ],
            [
              77.95302092618219,
              29.67810126296715
            ],
            [
              77.95372403665677,
              29.677912596222185
            ],
            [
              77.95410323619943,
              29.677631101374484
            ],
            [
              77.95481103587976,
              29.67697709714624
            ],
            [
              77.95507944170687,
              29.67668091795743
            ],
            [
              77.95559371732557,
              29.676132038086802
            ],
            [
              77.95651290137205,
              29.67541304004117
            ],
            [
              77.95678770410233,
              29.674794285193325
            ],
            [
              77.95752938643857,
              29.67382151906296
            ],
            [
              77.95812377740754,
              29.67351050634127
            ],
            [
              77.95871386634462,
              29.673414509729014
            ],
            [
              77.95942075603159,
              29.673261299127052
            ],
            [
              77.96020106233178,
              29.673030547339934
            ],
            [
              77.96068682721999,
              29.67297882107763
            ],
            [
              77.9611069656851,
              29.672825274190007
            ],
            [
              77.96151804643723,
              29.67233256837232
            ],
            [
              77.96200465574178,
              29.67178001815719
            ],
            [
              77.96214347509758,
              29.671646815389465
            ],
            [
              77.96283361030619,
              29.670984760876244
            ],
            [
              77.96320894888979,
              29.670667940803778
            ],
            [
              77.96386039635402,
              29.670125704824457
            ],
            [
              77.9650014813437,
              29.66944204737966
            ],
            [
              77.965772043618,
              29.668866328709672
            ],
            [
              77.96663056892493,
              29.668474010343076
            ],
            [
              77.9675127082457,
              29.668175192821295
            ],
            [
              77.96911367766026,
              29.66745389612357
            ],
            [
              77.9696297615876,
              29.66692265732426
            ],
            [
              77.96995900042742,
              29.666430725791038
            ],
            [
              77.96967874402509,
              29.666107927832964
            ],
            [
              77.96948091433826,
              29.665790196303274
            ],
            [
              77.96963466099918,
              29.66544374336159
            ],
            [
              77.96994108891896,
              29.665120452034593
            ],
            [
              77.9702249879898,
              29.664840918096715
            ],
            [
              77.97025635087132,
              29.66462376420249
            ],
            [
              77.97011029468757,
              29.663645979656533
            ],
            [
              77.96999415240282,
              29.662564464800216
            ],
            [
              77.96972246323334,
              29.662193154302333
            ],
            [
              77.96940240607404,
              29.66175439298942
            ],
            [
              77.96903384168601,
              29.661116881995362
            ],
            [
              77.96907954078112,
              29.66027243671405
            ],
            [
              77.96898486643501,
              29.659517052260004
            ],
            [
              77.96913189369755,
              29.658980246294476
            ],
            [
              77.96934445755168,
              29.658518611091854
            ],
            [
              77.96942848237009,
              29.658312098351114
            ],
            [
              77.96950726911209,
              29.657393441060535
            ],
            [
              77.96943748438756,
              29.656743295086976
            ],
            [
              77.96954653177822,
              29.656233568163504
            ],
            [
              77.96927274683918,
              29.655081564157594
            ],
            [
              77.96883650158101,
              29.654449419287214
            ],
            [
              77.96830140481066,
              29.653658630137286
            ],
            [
              77.96783309867999,
              29.652981576887495
            ],
            [
              77.96734888158906,
              29.652538263895103
            ],
            [
              77.96668849768432,
              29.651089838915812
            ],
            [
              77.96645055911839,
              29.650143464369947
            ],
            [
              77.96738227286647,
              29.64979893270806
            ],
            [
              77.96809228240241,
              29.649168489371338
            ],
            [
              77.96906168137497,
              29.648540483348675
            ],
            [
              77.96992921319094,
              29.64798059495226
            ],
            [
              77.97074423578358,
              29.647311629177985
            ],
            [
              77.9731589009791,
              29.646422225798517
            ],
            [
              77.9751761272384,
              29.645642801079866
            ],
            [
              77.9764235862324,
              29.645063653883025
            ],
            [
              77.97728225437145,
              29.644420836668264
            ],
            [
              77.97838200338332,
              29.64348409391718
            ],
            [
              77.97945268201426,
              29.642657037888007
            ],
            [
              77.9795890813087,
              29.642782907985243
            ],
            [
              77.9814264819161,
              29.64464745138229
            ],
            [
              77.98185974207257,
              29.64512470237226
            ],
            [
              77.98227433613577,
              29.645174114037033
            ],
            [
              77.98287080311138,
              29.64501199599882
            ],
            [
              77.9837674430375,
              29.64472369867364
            ],
            [
              77.98368583378888,
              29.64459934328646
            ],
            [
              77.9833153982101,
              29.643818797364005
            ],
            [
              77.98340879784685,
              29.643799271029426
            ],
            [
              77.9836741862329,
              29.64372979519169
            ],
            [
              77.98378702271742,
              29.64363707738757
            ],
            [
              77.98345724668503,
              29.643234832624234
            ],
            [
              77.98322644074246,
              29.6429914083629
            ],
            [
              77.9832668568454,
              29.642731779059673
            ],
            [
              77.98319693827192,
              29.642463353140663
            ],
            [
              77.98300671462061,
              29.641835039051173
            ],
            [
              77.98260916698824,
              29.64054779463398
            ],
            [
              77.9821205490507,
              29.63968225517221
            ],
            [
              77.9814282569871,
              29.638952427227473
            ],
            [
              77.98081246724972,
              29.63824296387542
            ],
            [
              77.98050898760066,
              29.637753411744136
            ],
            [
              77.98011693226796,
              29.637034657870768
            ],
            [
              77.97962775737494,
              29.63620489961323
            ],
            [
              77.97899795032588,
              29.634818486671527
            ],
            [
              77.97855406759116,
              29.63401437873741
            ],
            [
              77.97786847156969,
              29.63244622982675
            ],
            [
              77.97738599631207,
              29.631248992937085
            ],
            [
              77.97727990976857,
              29.63026139921954
            ],
            [
              77.97764884785575,
              29.629303565865523
            ],
            [
              77.97768880042804,
              29.627936880949008
            ],
            [
              77.97769963231373,
              29.626939208063703
            ],
            [
              77.9772742872132,
              29.625908502675674
            ],
            [
              77.9769453484107,
              29.624936508711702
            ],
            [
              77.9768399374003,
              29.624246323709187
            ],
            [
              77.97652988567661,
              29.622265757213604
            ],
            [
              77.97639397057412,
              29.62134040264463
            ],
            [
              77.976322839275,
              29.620452397338767
            ],
            [
              77.97613562408156,
              29.61972812068309
            ],
            [
              77.97599440622395,
              29.61852652496842
            ],
            [
              77.97596861828711,
              29.617379392951158
            ],
            [
              77.97619535126819,
              29.616770190787477
            ],
            [
              77.97666829629895,
              29.61550761835686
            ],
            [
              77.9770503309247,
              29.614757970842316
            ],
            [
              77.97736304794981,
              29.614157716819058
            ],
            [
              77.9776897571338,
              29.613445464919558
            ],
            [
              77.97737005480903,
              29.613316463930072
            ],
            [
              77.97657157559063,
              29.613020109110344
            ],
            [
              77.97514710177325,
              29.61256223683469
            ],
            [
              77.97443241201468,
              29.612594193884455
            ],
            [
              77.97309642135444,
              29.612618613658974
            ],
            [
              77.97153964995022,
              29.612629167079586
            ],
            [
              77.97074811381066,
              29.612624795137943
            ],
            [
              77.96889886711962,
              29.612063359100517
            ],
            [
              77.96694336500178,
              29.611420163370497
            ],
            [
              77.96579690090022,
              29.611397005389264
            ],
            [
              77.96324811813109,
              29.611461990957228
            ],
            [
              77.96167295372145,
              29.611527157673272
            ],
            [
              77.96021320935105,
              29.61164660631675
            ],
            [
              77.95906049028015,
              29.61190590806419
            ],
            [
              77.95772095576615,
              29.612238930324768
            ],
            [
              77.95698014659239,
              29.612480539702624
            ],
            [
              77.95533873502374,
              29.613290459721004
            ],
            [
              77.95393011916609,
              29.614001673241866
            ],
            [
              77.95164798242443,
              29.61519387637514
            ],
            [
              77.95024804159746,
              29.61587238402295
            ],
            [
              77.94842095185287,
              29.61691446897906
            ],
            [
              77.94810396513522,
              29.616648916102797
            ],
            [
              77.94753964976194,
              29.615811840264193
            ],
            [
              77.94655183981763,
              29.614429384216002
            ],
            [
              77.94530753930015,
              29.612354861349992
            ],
            [
              77.94402767178563,
              29.61051749018978
            ],
            [
              77.94330558799392,
              29.609342131207423
            ],
            [
              77.94276873591551,
              29.60864639730706
            ],
            [
              77.94230381463686,
              29.608218048698717
            ],
            [
              77.94061954444604,
              29.606807324650333
            ],
            [
              77.93780002741661,
              29.604340164134378
            ],
            [
              77.93540659839442,
              29.60232755861849
            ],
            [
              77.93330234155376,
              29.60051485390375
            ],
            [
              77.93587657089992,
              29.597581793650342
            ],
            [
              77.93729464691584,
              29.59605071099668
            ],
            [
              77.93819835568495,
              29.595056429691873
            ],
            [
              77.9395397901358,
              29.59360611508668
            ],
            [
              77.94034437430483,
              29.592710275183347
            ],
            [
              77.94117363339812,
              29.592387264348694
            ],
            [
              77.9425908470314,
              29.591872303827607
            ],
            [
              77.94534425614074,
              29.590540585161794
            ],
            [
              77.94710479509584,
              29.58971018163319
            ],
            [
              77.94845642991669,
              29.589493232104612
            ],
            [
              77.95048345140586,
              29.588651713303946
            ],
            [
              77.95263689819485,
              29.58774126126947
            ],
            [
              77.9546713891756,
              29.58685646833216
            ],
            [
              77.95638456266067,
              29.58615218936324
            ],
            [
              77.95758728196029,
              29.585681352314417
            ],
            [
              77.9584785742155,
              29.585257202745122
            ],
            [
              77.95874398775443,
              29.584894998033143
            ],
            [
              77.95900540199368,
              29.58449583733244
            ],
            [
              77.9595919012629,
              29.583724232369985
            ],
            [
              77.96053151838883,
              29.582955536212445
            ],
            [
              77.96159075338137,
              29.582054737096882
            ],
            [
              77.9625174868695,
              29.581734032693824
            ],
            [
              77.96364775075324,
              29.58126909984804
            ],
            [
              77.96512160855507,
              29.580717286667774
            ],
            [
              77.96591083871928,
              29.58058878520933
            ],
            [
              77.96636345128194,
              29.580498524098413
            ],
            [
              77.9671036738558,
              29.58013990926763
            ],
            [
              77.96749704522043,
              29.580065106051883
            ],
            [
              77.96756550672654,
              29.579693807067724
            ],
            [
              77.96773921215639,
              29.579325298090716
            ],
            [
              77.96765795325074,
              29.579164199110057
            ],
            [
              77.96748814022102,
              29.578973046225517
            ],
            [
              77.96718510883129,
              29.578531767755287
            ],
            [
              77.96688797488139,
              29.57814596704268
            ],
            [
              77.96674235707549,
              29.577980759143216
            ],
            [
              77.96639035402805,
              29.57728254016475
            ],
            [
              77.96631169664347,
              29.576748300744075
            ],
            [
              77.96653816731649,
              29.57607724801283
            ],
            [
              77.96703997431904,
              29.575588698680914
            ],
            [
              77.96767050091863,
              29.57510818081828
            ],
            [
              77.96762092289809,
              29.574646194119943
            ],
            [
              77.96780870492847,
              29.57421128292118
            ],
            [
              77.96827870977332,
              29.573427084698228
            ],
            [
              77.96836455727346,
              29.573233566930554
            ],
            [
              77.96815268602045,
              29.573045910805302
            ],
            [
              77.96763099570738,
              29.57275306598558
            ],
            [
              77.9673556620728,
              29.572570470964237
            ],
            [
              77.96731868382246,
              29.57242439799084
            ],
            [
              77.96734646512093,
              29.572086646352968
            ],
            [
              77.96762298722662,
              29.57148599931922
            ],
            [
              77.96760120038606,
              29.571282606851167
            ],
            [
              77.96743280040626,
              29.57090492511278
            ],
            [
              77.96720633871638,
              29.570382827878582
            ],
            [
              77.96729507879174,
              29.570217093173103
            ],
            [
              77.96815073128636,
              29.569252033372035
            ],
            [
              77.96813283684591,
              29.569085685818536
            ],
            [
              77.96813213166843,
              29.568880726654196
            ],
            [
              77.96816451144284,
              29.568784887373695
            ],
            [
              77.96834269138112,
              29.568658467017393
            ],
            [
              77.969082218659,
              29.568597819912142
            ],
            [
              77.96959258660617,
              29.568388217904296
            ],
            [
              77.96991407029017,
              29.568007550042708
            ],
            [
              77.96983350668054,
              29.567454872106033
            ],
            [
              77.96968976186207,
              29.566115017843295
            ],
            [
              77.96977487903183,
              29.565119906390358
            ],
            [
              77.96996222358267,
              29.564284325080678
            ],
            [
              77.96976155611789,
              29.564002393101138
            ],
            [
              77.96940957642663,
              29.563304161068555
            ],
            [
              77.96911228527155,
              29.562440401776502
            ],
            [
              77.96888016060213,
              29.561493486290228
            ],
            [
              77.968740610916,
              29.560783365346982
            ],
            [
              77.96820639359632,
              29.559766881871273
            ],
            [
              77.96758736094077,
              29.55837449273533
            ],
            [
              77.96696812796091,
              29.557274416249612
            ],
            [
              77.96606666587834,
              29.55558136676315
            ],
            [
              77.9653810950097,
              29.554402599241822
            ],
            [
              77.96501141671072,
              29.55382143534993
            ],
            [
              77.9644650945926,
              29.553224303245077
            ],
            [
              77.963192911267,
              29.55257037435849
            ],
            [
              77.96219356695447,
              29.552114308773053
            ],
            [
              77.95971482942132,
              29.550831685320126
            ],
            [
              77.95795341640547,
              29.54965545999991
            ],
            [
              77.95657774715917,
              29.5485575509707
            ],
            [
              77.95471091594642,
              29.547047417368915
            ],
            [
              77.95330079541063,
              29.546148043815986
            ],
            [
              77.95314488560656,
              29.546649852918122
            ],
            [
              77.95334143878735,
              29.547049446117786
            ],
            [
              77.95374663467605,
              29.547701063146537
            ],
            [
              77.95375885356053,
              29.548403187718517
            ],
            [
              77.95368650414588,
              29.54864138796608
            ],
            [
              77.9532435475742,
              29.549203473837462
            ],
            [
              77.9526993257172,
              29.54992590223699
            ],
            [
              77.95185453295602,
              29.55104730035857
            ],
            [
              77.95110829616132,
              29.55217222288285
            ],
            [
              77.95112563184968,
              29.55285554216815
            ],
            [
              77.95114324691406,
              29.553673302737536
            ],
            [
              77.9509058940497,
              29.554328563864697
            ],
            [
              77.95035467341832,
              29.55492396795502
            ],
            [
              77.95009128558038,
              29.55533675798703
            ],
            [
              77.95025789881107,
              29.55584888625069
            ],
            [
              77.95015344630309,
              29.55630985166745
            ],
            [
              77.95003992799725,
              29.556685992331815
            ],
            [
              77.94984510407338,
              29.55682427235824
            ],
            [
              77.94961215924212,
              29.55686774010596
            ],
            [
              77.94944580382794,
              29.556881374223373
            ],
            [
              77.94935356571287,
              29.556803274179455
            ],
            [
              77.94922067523795,
              29.556606334773985
            ],
            [
              77.94920343477101,
              29.556314251836064
            ],
            [
              77.94931179225553,
              29.555889600687173
            ],
            [
              77.9494967023719,
              29.55500637512428
            ],
            [
              77.94947429928706,
              29.55466577865452
            ],
            [
              77.94942837830804,
              29.554498427162642
            ],
            [
              77.94923532765853,
              29.55439193580034
            ],
            [
              77.9489114131334,
              29.554369589924377
            ],
            [
              77.94817546833687,
              29.55474156184538
            ],
            [
              77.94769120363519,
              29.5554413862169
            ],
            [
              77.94691974035067,
              29.556592794389463
            ],
            [
              77.9466551802113,
              29.556993382085153
            ],
            [
              77.94630305678959,
              29.5572301156921
            ],
            [
              77.94601462481985,
              29.557278092008048
            ],
            [
              77.94580936606563,
              29.55731934269784
            ],
            [
              77.94551060616506,
              29.55727047793685
            ],
            [
              77.94509143877876,
              29.55701136709486
            ],
            [
              77.94492519026409,
              29.557024906641864
            ],
            [
              77.94469350576915,
              29.557080564342915
            ],
            [
              77.94454879256676,
              29.557165720323862
            ],
            [
              77.94420770943991,
              29.55770104791728
            ],
            [
              77.94380607267637,
              29.558651008125526
            ],
            [
              77.94359903256297,
              29.558936933140078
            ],
            [
              77.94337777301692,
              29.559089521376617
            ],
            [
              77.94300878821731,
              29.559168515133678
            ],
            [
              77.9428147377429,
              29.559184446246267
            ],
            [
              77.94247707090908,
              29.55916319382276
            ],
            [
              77.94212582873467,
              29.55927739565831
            ],
            [
              77.94177669760118,
              29.559672774104232
            ],
            [
              77.94159734086988,
              29.559956485673286
            ],
            [
              77.94150895832401,
              29.560306104965093
            ],
            [
              77.94159630331572,
              29.56047004780606
            ],
            [
              77.9418197439713,
              29.560663753341228
            ],
            [
              77.94216038333039,
              29.561234793378425
            ],
            [
              77.94215381484905,
              29.56156530902412
            ],
            [
              77.94213592759512,
              29.56192123079102
            ],
            [
              77.94175457658733,
              29.56244522986963
            ],
            [
              77.94150420443954,
              29.563035646326895
            ],
            [
              77.94152259924161,
              29.563207316348535
            ],
            [
              77.94154842580602,
              29.56341076727395
            ],
            [
              77.9425438112431,
              29.564079820299316
            ],
            [
              77.94258650816857,
              29.564170111715622
            ],
            [
              77.94256601310536,
              29.564287162187995
            ],
            [
              77.9425343528815,
              29.564376412652308
            ],
            [
              77.94233690228371,
              29.564457504122046
            ],
            [
              77.9417017664284,
              29.564458826957193
            ],
            [
              77.94139948962348,
              29.5645629378592
            ],
            [
              77.94124664487119,
              29.564676466314026
            ],
            [
              77.94108230617476,
              29.56491357103003
            ],
            [
              77.94065801928964,
              29.56553619504743
            ],
            [
              77.94032826930844,
              29.565923844941263
            ],
            [
              77.93982488755918,
              29.56638345329669
            ],
            [
              77.93946345579451,
              29.56662948236528
            ],
            [
              77.9392962586589,
              29.56668641304426
            ],
            [
              77.93905577157251,
              29.566828672797033
            ],
            [
              77.93876359632296,
              29.567105073628998
            ],
            [
              77.93860403576558,
              29.56719378717046
            ],
            [
              77.93830674820374,
              29.567268560074776
            ],
            [
              77.9382645390635,
              29.567336978339313
            ],
            [
              77.93823441855201,
              29.567440441675146
            ],
            [
              77.93824048038356,
              29.56749766411522
            ],
            [
              77.93827133032704,
              29.567632221144677
            ],
            [
              77.93853994905488,
              29.567906085146205
            ],
            [
              77.93856060222159,
              29.568099213084142
            ],
            [
              77.93853773470771,
              29.568194893624682
            ],
            [
              77.93847262571424,
              29.568279594099245
            ],
            [
              77.93825764359536,
              29.568506339371904
            ],
            [
              77.93812933812167,
              29.568617796012045
            ],
            [
              77.93791637002569,
              29.56878668910268
            ],
            [
              77.93774489062109,
              29.568880102378312
            ],
            [
              77.93757306626344,
              29.56889411303397
            ],
            [
              77.93739682399124,
              29.568865300241992
            ],
            [
              77.93732684702724,
              29.56882777492191
            ],
            [
              77.93691091806751,
              29.56848654373589
            ],
            [
              77.93680595262153,
              29.56843016178041
            ],
            [
              77.93673066841082,
              29.56842187270363
            ],
            [
              77.93667148021335,
              29.56848448728974
            ],
            [
              77.93658097315186,
              29.568834528667978
            ],
            [
              77.93647865683762,
              29.569189181740818
            ],
            [
              77.93641749234659,
              29.569619912655128
            ],
            [
              77.93653445838646,
              29.570173074094654
            ],
            [
              77.9365482268648,
              29.57030173335329
            ],
            [
              77.93655891142681,
              29.570401872304252
            ],
            [
              77.93655240672582,
              29.57049620524905
            ],
            [
              77.93651636092673,
              29.570621845903325
            ],
            [
              77.9364578895849,
              29.57069161199532
            ],
            [
              77.9363977743261,
              29.570746979332927
            ],
            [
              77.93628866764664,
              29.570806389901794
            ],
            [
              77.93619202239677,
              29.570828688388776
            ],
            [
              77.93605076770825,
              29.57081863766284
            ],
            [
              77.93592351506004,
              29.57078568918219
            ],
            [
              77.93569427308438,
              29.5707250597619
            ],
            [
              77.93523044775036,
              29.570553730668003
            ],
            [
              77.93474273261967,
              29.570582739867938
            ],
            [
              77.93400640334421,
              29.570794371843473
            ],
            [
              77.93322785684366,
              29.571074419107855
            ],
            [
              77.93271932684952,
              29.571332372707356
            ],
            [
              77.93215738482523,
              29.57167041204268
            ],
            [
              77.93187835911485,
              29.572147796080188
            ],
            [
              77.93181005840717,
              29.57243474701123
            ],
            [
              77.93186154534769,
              29.572762428982525
            ],
            [
              77.93201378912705,
              29.5732225429593
            ],
            [
              77.93187256228632,
              29.573522660186068
            ],
            [
              77.93188940569789,
              29.573680022692383
            ],
            [
              77.9318341467315,
              29.573857705343993
            ],
            [
              77.93166549791836,
              29.57413127901354
            ],
            [
              77.93136202635414,
              29.57437958772866
            ],
            [
              77.93117567174676,
              29.57475916434625
            ],
            [
              77.9311276370319,
              29.575080530771835
            ],
            [
              77.93107453042894,
              29.575279670157745
            ],
            [
              77.93087113028903,
              29.575382922225025
            ],
            [
              77.93062979339639,
              29.57551801329254
            ],
            [
              77.93045522019395,
              29.57558271493716
            ],
            [
              77.93021932619362,
              29.575767967854212
            ],
            [
              77.93006967225718,
              29.575989401668895
            ],
            [
              77.93005912064582,
              29.576199526190013
            ],
            [
              77.93003196906638,
              29.576331597361527
            ],
            [
              77.92965902539133,
              29.576430563906516
            ],
            [
              77.92951659660474,
              29.57656481684057
            ],
            [
              77.9293478364005,
              29.57683829489236
            ],
            [
              77.92925628459834,
              29.576831350272965
            ],
            [
              77.92912249041824,
              29.576813421918153
            ],
            [
              77.92886382682038,
              29.57686339598835
            ],
            [
              77.92877025380878,
              29.576914392702207
            ],
            [
              77.92862012107031,
              29.57697711686712
            ],
            [
              77.92842846101284,
              29.57703600970212
            ],
            [
              77.92818462410878,
              29.577070331938657
            ],
            [
              77.92813409117909,
              29.577060066206727
            ],
            [
              77.92801573275051,
              29.577033637020453
            ],
            [
              77.92787128904273,
              29.576994874878498
            ],
            [
              77.92764748007791,
              29.576984396636522
            ],
            [
              77.92752425906868,
              29.57706651393025
            ],
            [
              77.92715986286358,
              29.577323462369502
            ],
            [
              77.92675461666924,
              29.57762347521801
            ],
            [
              77.92658751026345,
              29.5782215169923
            ],
            [
              77.92664289768892,
              29.57835409879856
            ],
            [
              77.92671524081537,
              29.5784130892675
            ],
            [
              77.92676077462052,
              29.578452686018423
            ],
            [
              77.92679648175474,
              29.57847860311629
            ],
            [
              77.92684855439681,
              29.578503266306033
            ],
            [
              77.92690001259122,
              29.57852077795615
            ],
            [
              77.92703617473043,
              29.578560074666132
            ],
            [
              77.92708752872026,
              29.578577584743936
            ],
            [
              77.92719390721622,
              29.578568880095794
            ],
            [
              77.92721965472889,
              29.57850181084283
            ],
            [
              77.92722024132875,
              29.578429655623705
            ],
            [
              77.92724609394432,
              29.57836258784077
            ],
            [
              77.92725427759656,
              29.578361869092515
            ],
            [
              77.9273554476605,
              29.578382493259014
            ],
            [
              77.92742114594878,
              29.578456507099325
            ],
            [
              77.92759704775953,
              29.578636975080173
            ],
            [
              77.92778586015753,
              29.578859643217775
            ],
            [
              77.92776163169601,
              29.578979571169913
            ],
            [
              77.92796718869086,
              29.579128551817494
            ],
            [
              77.92811341735116,
              29.579260836342062
            ],
            [
              77.92820865673755,
              29.579534406307584
            ],
            [
              77.92856222375192,
              29.57967860261667
            ],
            [
              77.92858677381032,
              29.57967653702364
            ],
            [
              77.92860468082719,
              29.579689496197513
            ],
            [
              77.92863539243012,
              29.579744745321438
            ],
            [
              77.92864524874541,
              29.57983763831157
            ],
            [
              77.92863812510524,
              29.57992481881871
            ],
            [
              77.92860576419542,
              29.58008612595643
            ],
            [
              77.92859343571646,
              29.580202450963387
            ],
            [
              77.92861740007329,
              29.580272633082423
            ],
            [
              77.92868238420095,
              29.580339401165464
            ],
            [
              77.92876482618786,
              29.58033991131045
            ],
            [
              77.92895303581629,
              29.580324563991116
            ],
            [
              77.92896857936564,
              29.580316062614195
            ],
            [
              77.92903924982906,
              29.580281439925184
            ],
            [
              77.92924717478303,
              29.5802211982305
            ],
            [
              77.92941829935309,
              29.580200044763096
            ],
            [
              77.92948817570577,
              29.580237572887757
            ],
            [
              77.92949006037122,
              29.58033118728353
            ],
            [
              77.92929106287455,
              29.580477258973016
            ],
            [
              77.92900749797703,
              29.580680668854576
            ],
            [
              77.92862666170387,
              29.580899313063675
            ],
            [
              77.92852395013095,
              29.58086438433306
            ],
            [
              77.92840299736783,
              29.580780228776444
            ],
            [
              77.92660140270932,
              29.57973627280149
            ],
            [
              77.9245015907327,
              29.578510980338695
            ],
            [
              77.92353371620116,
              29.57794896690792
            ],
            [
              77.92275909803337,
              29.577619203322097
            ],
            [
              77.92229053139128,
              29.577318563893424
            ],
            [
              77.92133822556195,
              29.57669794536156
            ],
            [
              77.92020469001395,
              29.576120769976367
            ],
            [
              77.9194909246218,
              29.57578682922873
            ],
            [
              77.91924358608473,
              29.575519896153466
            ],
            [
              77.91898194816496,
              29.575373840728712
            ],
            [
              77.91791149321453,
              29.57477237103456
            ],
            [
              77.91592732136444,
              29.57355183494685
            ],
            [
              77.914244590886,
              29.57264625869268
            ],
            [
              77.91258970728309,
              29.571743223696288
            ],
            [
              77.91172863076075,
              29.57125861538072
            ],
            [
              77.91069958904322,
              29.57063464138354
            ],
            [
              77.90922093423777,
              29.569640623770812
            ],
            [
              77.90865872092228,
              29.5691889950056
            ],
            [
              77.90816692025366,
              29.56888470983097
            ],
            [
              77.90681241621377,
              29.568181940007307
            ],
            [
              77.90541647917802,
              29.56750169735177
            ],
            [
              77.90448045890645,
              29.56697999038012
            ],
            [
              77.901231258812,
              29.565584826875593
            ],
            [
              77.8989410013002,
              29.564413004343187
            ],
            [
              77.8978097393882,
              29.563905559208248
            ],
            [
              77.89715153838964,
              29.565221203751793
            ],
            [
              77.8970294905802,
              29.565307618656202
            ],
            [
              77.89689534965038,
              29.565280226896757
            ],
            [
              77.89659087107471,
              29.56498952077531
            ],
            [
              77.89495867891584,
              29.56393675968784
            ],
            [
              77.89223893507008,
              29.562427434919158
            ],
            [
              77.89162439399097,
              29.562009213612086
            ],
            [
              77.89080353324728,
              29.560652806136382
            ],
            [
              77.89034190070086,
              29.559692320640625
            ],
            [
              77.88981446476326,
              29.55910672383468
            ],
            [
              77.88912140104681,
              29.558553114992296
            ],
            [
              77.88912239638017,
              29.558164920303426
            ],
            [
              77.88856673537633,
              29.557711096822974
            ],
            [
              77.8881028687198,
              29.55722486538745
            ],
            [
              77.8869261583426,
              29.556100130390114
            ],
            [
              77.88630321711726,
              29.555411152081277
            ],
            [
              77.88571110786908,
              29.554812050007914
            ],
            [
              77.88508968030501,
              29.55393800081903
            ],
            [
              77.88344248178934,
              29.552065618102876
            ],
            [
              77.88235326821913,
              29.550767249145505
            ],
            [
              77.88213565223988,
              29.550308130834576
            ],
            [
              77.88183405186638,
              29.54918998638263
            ],
            [
              77.88139065691686,
              29.548058709251105
            ],
            [
              77.88089109570254,
              29.54732525477418
            ],
            [
              77.88077996422041,
              29.54717323332654
            ],
            [
              77.88036510695085,
              29.54660628777739
            ],
            [
              77.87971523513158,
              29.54604476577105
            ],
            [
              77.8790910272817,
              29.545525981785403
            ],
            [
              77.87656680355416,
              29.543456771259525
            ],
            [
              77.87446758716052,
              29.5416174048062
            ],
            [
              77.87437625095406,
              29.54155108473405
            ],
            [
              77.87410310920873,
              29.541229138808433
            ],
            [
              77.8737101169332,
              29.540363072053008
            ],
            [
              77.87370986989649,
              29.540362528099763
            ],
            [
              77.8732305180811,
              29.53978810168633
            ],
            [
              77.87285627274721,
              29.53966282205706
            ],
            [
              77.87216272663547,
              29.539044727919492
            ],
            [
              77.87147212160798,
              29.53854783300503
            ],
            [
              77.87079144476102,
              29.5390585770235
            ],
            [
              77.8703197259306,
              29.539325629112625
            ],
            [
              77.8700050945956,
              29.539433612696
            ],
            [
              77.86915737242828,
              29.53874043089474
            ],
            [
              77.86792291025978,
              29.53780176389161
            ],
            [
              77.8663629390565,
              29.536804100013963
            ],
            [
              77.86582737695886,
              29.536433694002106
            ],
            [
              77.86455659590341,
              29.53540586169904
            ],
            [
              77.86389788286515,
              29.534890579328437
            ],
            [
              77.86287541232392,
              29.534172463370258
            ],
            [
              77.86236435716552,
              29.53359804399733
            ],
            [
              77.86198825681058,
              29.533170848663637
            ],
            [
              77.86120923599957,
              29.53242627729259
            ],
            [
              77.86062231272551,
              29.53171657895873
            ],
            [
              77.85946964755355,
              29.53071288584117
            ],
            [
              77.85883965814648,
              29.531265474757337
            ],
            [
              77.85777324202155,
              29.532018414737674
            ],
            [
              77.8565948230487,
              29.532659133076876
            ],
            [
              77.85537180002704,
              29.53356942201014
            ],
            [
              77.85437786536912,
              29.534572137151294
            ],
            [
              77.85321376913515,
              29.53574686305644
            ],
            [
              77.85250045559559,
              29.53627587331295
            ],
            [
              77.85160410672364,
              29.536856749649218
            ],
            [
              77.85011797883334,
              29.53764360223147
            ],
            [
              77.8476185171666,
              29.538852387740558
            ],
            [
              77.84667893687158,
              29.539315612767002
            ],
            [
              77.8446978282766,
              29.54029728104388
            ],
            [
              77.84387447560628,
              29.540623111064615
            ],
            [
              77.84255596166993,
              29.541396287190626
            ],
            [
              77.84229754421048,
              29.54157196416281
            ],
            [
              77.84175575499125,
              29.541141319210272
            ],
            [
              77.84089851786844,
              29.541547273198393
            ],
            [
              77.83934117423739,
              29.542171422165236
            ],
            [
              77.83804516399722,
              29.542757664959264
            ],
            [
              77.83783861885551,
              29.542841623212087
            ],
            [
              77.83710644967813,
              29.54341243494698
            ],
            [
              77.8343732724256,
              29.544740865320705
            ],
            [
              77.83265278126422,
              29.545751798126375
            ],
            [
              77.83194043700685,
              29.5461459126729
            ],
            [
              77.8299689412837,
              29.547621332079622
            ],
            [
              77.82906600326913,
              29.54817890587892
            ],
            [
              77.82741434282144,
              29.549332198096955
            ],
            [
              77.8261950181638,
              29.550171224304666
            ],
            [
              77.82631140568864,
              29.550508534239924
            ],
            [
              77.82583815972224,
              29.55083624123804
            ],
            [
              77.82408867094348,
              29.551973796724994
            ],
            [
              77.82373870976669,
              29.552193995660055
            ],
            [
              77.8233513867589,
              29.551914296152564
            ],
            [
              77.82275382833019,
              29.55110222678077
            ],
            [
              77.82219993880409,
              29.55132204938956
            ],
            [
              77.8214264902428,
              29.550482505247953
            ],
            [
              77.82056031488293,
              29.549384720861166
            ],
            [
              77.82023180008518,
              29.549115056305837
            ],
            [
              77.81881273322752,
              29.547590698609415
            ],
            [
              77.81774661444494,
              29.546347409828822
            ],
            [
              77.81744703977243,
              29.545987920365942
            ],
            [
              77.81769823567532,
              29.54550703192083
            ],
            [
              77.81690409262481,
              29.54462147502942
            ],
            [
              77.81621541987349,
              29.543878379852938
            ],
            [
              77.81569589719523,
              29.543271559898805
            ],
            [
              77.8153159790003,
              29.542635858978326
            ],
            [
              77.8145029452777,
              29.5418430766984
            ],
            [
              77.81421761519063,
              29.541490640967403
            ],
            [
              77.81463947392952,
              29.54100703013627
            ],
            [
              77.81401076731667,
              29.540250720637786
            ],
            [
              77.81326874002737,
              29.53938855715659
            ],
            [
              77.81266783537426,
              29.538577393013234
            ],
            [
              77.81162162236008,
              29.5392993408925
            ],
            [
              77.81085874157979,
              29.539871637244364
            ],
            [
              77.80985331477441,
              29.53889286205315
            ],
            [
              77.80914193710433,
              29.53809968934219
            ],
            [
              77.8085857550776,
              29.537531630760643
            ],
            [
              77.80776681493201,
              29.536604189183695
            ],
            [
              77.80730580761303,
              29.536273615346765
            ],
            [
              77.80619519976602,
              29.535158749927565
            ],
            [
              77.80598310303587,
              29.534942285806597
            ],
            [
              77.80516146165617,
              29.533933278614565
            ],
            [
              77.80417911706209,
              29.53311605162281
            ],
            [
              77.80329176481769,
              29.532451963120327
            ],
            [
              77.80236303167972,
              29.53158956978779
            ],
            [
              77.80165323234955,
              29.53105931491763
            ],
            [
              77.80100816472046,
              29.53189026089082
            ],
            [
              77.80009126778468,
              29.530835226741225
            ],
            [
              77.79932296567164,
              29.529916480271282
            ],
            [
              77.79766920675944,
              29.531314012870897
            ],
            [
              77.79581766666945,
              29.532829621335033
            ],
            [
              77.79395106722205,
              29.534259548074605
            ],
            [
              77.79203312725954,
              29.535811106377317
            ],
            [
              77.79059594138256,
              29.536884654007352
            ],
            [
              77.7907401991391,
              29.537256083781934
            ],
            [
              77.79092614231806,
              29.53766252230749
            ],
            [
              77.79007856028791,
              29.538374417294566
            ],
            [
              77.78942432984293,
              29.538787191292705
            ],
            [
              77.78941838838563,
              29.538781854058975
            ],
            [
              77.78808173207379,
              29.537581281939534
            ],
            [
              77.78707273266858,
              29.536666602303146
            ],
            [
              77.78664089364685,
              29.53631869415827
            ],
            [
              77.78702466202107,
              29.53533109335285
            ],
            [
              77.78763906386133,
              29.53433612424591
            ],
            [
              77.7882649982732,
              29.533409996924345
            ],
            [
              77.78876251492196,
              29.531784133387934
            ],
            [
              77.78931102713275,
              29.530963541374316
            ],
            [
              77.79040161512536,
              29.529977925961678
            ],
            [
              77.79149473097715,
              29.52865740481122
            ],
            [
              77.79184453225383,
              29.528305380379905
            ],
            [
              77.79279734922456,
              29.52701076613232
            ],
            [
              77.79379807604431,
              29.525811593349786
            ],
            [
              77.79478851535747,
              29.524396125237985
            ],
            [
              77.79527164189368,
              29.523474137313716
            ],
            [
              77.79626405660211,
              29.5223970962732
            ],
            [
              77.79706324818451,
              29.521361274735966
            ],
            [
              77.79811587606818,
              29.51997758298881
            ],
            [
              77.79914076397581,
              29.51885003921973
            ],
            [
              77.80044765730565,
              29.517644640263512
            ],
            [
              77.8012237460156,
              29.516949182063186
            ],
            [
              77.80136331456634,
              29.51663300200278
            ],
            [
              77.80157706509492,
              29.515474763696897
            ],
            [
              77.80159850159257,
              29.51456054785607
            ],
            [
              77.80175450122816,
              29.514485467040444
            ],
            [
              77.80200237156788,
              29.514443328794517
            ],
            [
              77.80203637190307,
              29.513329436838085
            ],
            [
              77.80206692630082,
              29.512502716257153
            ],
            [
              77.80191383271516,
              29.511569536109658
            ],
            [
              77.80177216210664,
              29.5106242361512
            ],
            [
              77.80169116910234,
              29.510134045291668
            ],
            [
              77.80145562005505,
              29.50981457298173
            ],
            [
              77.80064711294315,
              29.509054978171427
            ],
            [
              77.80046264030626,
              29.50886021294143
            ],
            [
              77.80024671765133,
              29.507928272754526
            ],
            [
              77.80039284390365,
              29.507320464704346
            ],
            [
              77.80046386021843,
              29.506597326200055
            ],
            [
              77.8005513803816,
              29.50631056284135
            ],
            [
              77.80076110016955,
              29.50614645790905
            ],
            [
              77.80082064409982,
              29.50591353328866
            ],
            [
              77.80064092624578,
              29.505405503686923
            ],
            [
              77.80068667744318,
              29.505000841632594
            ],
            [
              77.80031378856539,
              29.504574712354366
            ],
            [
              77.79973320021074,
              29.503613236776516
            ],
            [
              77.79923130158005,
              29.502560967884886
            ],
            [
              77.7997838085989,
              29.501898255810005
            ],
            [
              77.8000274343989,
              29.501617468829146
            ],
            [
              77.80150663538002,
              29.50081380623945
            ],
            [
              77.8022179573546,
              29.50046200394501
            ],
            [
              77.80297732123057,
              29.49994635675047
            ],
            [
              77.80347142697617,
              29.49942168506798
            ],
            [
              77.80396208319112,
              29.499049279807156
            ],
            [
              77.8045040179374,
              29.49869570671613
            ],
            [
              77.80507656277699,
              29.498351524954032
            ],
            [
              77.80568986418105,
              29.49803500689667
            ],
            [
              77.80651156484952,
              29.497585862038658
            ],
            [
              77.80716049882761,
              29.497107981244433
            ],
            [
              77.8074965513889,
              29.496926900129708
            ],
            [
              77.80803836306598,
              29.496573221112296
            ],
            [
              77.80887126392942,
              29.496070175292708
            ],
            [
              77.80947466230576,
              29.495726395880652
            ],
            [
              77.81144426977015,
              29.49471974209586
            ],
            [
              77.81236625476369,
              29.49441636575979
            ],
            [
              77.81366153377525,
              29.49397370479283
            ],
            [
              77.8149258218078,
              29.493530520361517
            ],
            [
              77.81603162456635,
              29.493026557891163
            ],
            [
              77.81706731561363,
              29.492697676831984
            ],
            [
              77.81786581908652,
              29.49238362133324
            ],
            [
              77.81847682260006,
              29.49219332473452
            ],
            [
              77.8191525551197,
              29.491841512044445
            ],
            [
              77.82025131508644,
              29.491147828267305
            ],
            [
              77.82112366995717,
              29.49073546826723
            ],
            [
              77.82215273682752,
              29.490198823665267
            ],
            [
              77.822923521884,
              29.48970383763558
            ],
            [
              77.82390139466462,
              29.489148538359284
            ],
            [
              77.82481278043615,
              29.488569619046167
            ],
            [
              77.82515518767973,
              29.488328041669376
            ],
            [
              77.82515505472907,
              29.488327424715667
            ],
            [
              77.82507103619886,
              29.487941300851155
            ],
            [
              77.82432546325911,
              29.486130699123922
            ],
            [
              77.82406133431108,
              29.48534199467242
            ],
            [
              77.8238244216212,
              29.48476111510276
            ],
            [
              77.82391236309425,
              29.484446489966007
            ],
            [
              77.82383493280834,
              29.484165627237715
            ],
            [
              77.82357071582538,
              29.483963482318924
            ],
            [
              77.8231134868205,
              29.483321002791396
            ],
            [
              77.82250024380696,
              29.48247334891758
            ],
            [
              77.82185725128616,
              29.481562089792064
            ],
            [
              77.82115097784347,
              29.480446906340422
            ],
            [
              77.82106478898355,
              29.480075701305477
            ],
            [
              77.82090128392372,
              29.479423719138108
            ],
            [
              77.82084942328405,
              29.478863468099274
            ],
            [
              77.82054000756762,
              29.47801532962571
            ],
            [
              77.82035541455652,
              29.47739008114113
            ],
            [
              77.82013505781731,
              29.477035100659066
            ],
            [
              77.81973249578903,
              29.47650618821113
            ],
            [
              77.81912807333327,
              29.475748942318454
            ],
            [
              77.81847546344902,
              29.47509472616811
            ],
            [
              77.81831584719609,
              29.474803764742532
            ],
            [
              77.8188367541782,
              29.474458820648245
            ],
            [
              77.81939947504185,
              29.47408732934936
            ],
            [
              77.81998179983994,
              29.473761349248896
            ],
            [
              77.820358857799,
              29.473405383960188
            ],
            [
              77.82072258835247,
              29.473163732895948
            ],
            [
              77.82106434791073,
              29.472814708669897
            ],
            [
              77.82137907177221,
              29.47248500966317
            ],
            [
              77.8247802245919,
              29.470270042706634
            ],
            [
              77.82559417459612,
              29.469658277355844
            ],
            [
              77.82618825564636,
              29.469251093387104
            ],
            [
              77.8267716000323,
              29.46887087517148
            ],
            [
              77.82781468870591,
              29.468108763897575
            ],
            [
              77.82857160018115,
              29.467518742873562
            ],
            [
              77.82965642907446,
              29.466721001779568
            ],
            [
              77.83055395563777,
              29.466038154338154
            ],
            [
              77.8315517773059,
              29.465216693128557
            ],
            [
              77.83186550134246,
              29.464941182379565
            ],
            [
              77.83161119457375,
              29.464766288274532
            ],
            [
              77.83121089001177,
              29.464697695827592
            ],
            [
              77.83093549529174,
              29.464549539112436
            ],
            [
              77.83091932471832,
              29.464296605844876
            ],
            [
              77.83117210255443,
              29.463975117335234
            ],
            [
              77.83130858718881,
              29.463647940125917
            ],
            [
              77.83078137672834,
              29.46335615589366
            ],
            [
              77.83035354239618,
              29.463097675851827
            ],
            [
              77.82989930657784,
              29.46287034936921
            ],
            [
              77.83020499877745,
              29.46246823537324
            ],
            [
              77.83063718005727,
              29.461896447814194
            ],
            [
              77.83172776086332,
              29.460773959352753
            ],
            [
              77.831100953289,
              29.4604089286107
            ],
            [
              77.83020460531536,
              29.45985532882622
            ],
            [
              77.82938382362339,
              29.459296330626472
            ],
            [
              77.82980459629913,
              29.459182101200735
            ],
            [
              77.8303652043252,
              29.45891889403197
            ],
            [
              77.8318204463394,
              29.457841796899114
            ],
            [
              77.83265695483703,
              29.45711294884992
            ],
            [
              77.83328483230487,
              29.456534714805407
            ],
            [
              77.83344323942543,
              29.456311240766034
            ],
            [
              77.83367522216103,
              29.45599844136247
            ],
            [
              77.83393564016863,
              29.455830472250394
            ],
            [
              77.83460510244761,
              29.455225679145546
            ],
            [
              77.83446264940649,
              29.45483877527421
            ],
            [
              77.83421331121959,
              29.453797887145484
            ],
            [
              77.83401332377947,
              29.45304601367638
            ],
            [
              77.83366924477112,
              29.451804435970395
            ],
            [
              77.83340297064618,
              29.450316401916005
            ],
            [
              77.83313745290272,
              29.449863901769348
            ],
            [
              77.8328105326146,
              29.449642046358974
            ],
            [
              77.83264339656445,
              29.44946337580003
            ],
            [
              77.83230578812108,
              29.44929596690813
            ],
            [
              77.83146166640142,
              29.448877442296634
            ],
            [
              77.83094311300536,
              29.44843618372998
            ],
            [
              77.83060707661376,
              29.448173712162557
            ],
            [
              77.82876308955869,
              29.446079162651053
            ],
            [
              77.82410950197661,
              29.44178862186993
            ],
            [
              77.82162691695909,
              29.43948847994991
            ],
            [
              77.8196565216722,
              29.437770666256437
            ],
            [
              77.81882856693271,
              29.438166800987673
            ],
            [
              77.81833349909142,
              29.438574129282028
            ],
            [
              77.81805851310487,
              29.438898059336633
            ],
            [
              77.81722433843034,
              29.439248758651868
            ],
            [
              77.81591374583816,
              29.440217158091972
            ],
            [
              77.8122883726252,
              29.442473157234655
            ],
            [
              77.81103914125514,
              29.44314656926213
            ],
            [
              77.80913400857361,
              29.44432867891164
            ],
            [
              77.80648914020507,
              29.445993863136845
            ],
            [
              77.80498674472334,
              29.446663774637088
            ],
            [
              77.80390960540885,
              29.447142167833846
            ],
            [
              77.80335786465291,
              29.446542905976393
            ],
            [
              77.80259527223181,
              29.446729714101814
            ],
            [
              77.80194065640954,
              29.447164578843378
            ],
            [
              77.80139274337505,
              29.44672685335955
            ],
            [
              77.80096215840148,
              29.446054033013766
            ],
            [
              77.79994338442768,
              29.444832091025464
            ],
            [
              77.7987323332538,
              29.443360922622826
            ],
            [
              77.79810378833768,
              29.4423414229329
            ],
            [
              77.79673327182783,
              29.44035032209109
            ],
            [
              77.79545272878023,
              29.438837218676397
            ],
            [
              77.79444904740149,
              29.437643827962248
            ],
            [
              77.793002779557,
              29.436126135647548
            ],
            [
              77.79151342401988,
              29.434626522065937
            ],
            [
              77.7903197453653,
              29.433318275663183
            ],
            [
              77.78989001379126,
              29.43287241013952
            ],
            [
              77.78958319869754,
              29.432119255813433
            ],
            [
              77.78918957580467,
              29.431439747077505
            ],
            [
              77.78875237114576,
              29.430815881895555
            ],
            [
              77.78820802532127,
              29.4302092286375
            ],
            [
              77.78806064861405,
              29.430094899185725
            ],
            [
              77.78772680411178,
              29.429659685918985
            ],
            [
              77.78754469943401,
              29.42909547334547
            ],
            [
              77.7877029960618,
              29.428694137795347
            ],
            [
              77.78832973985573,
              29.428188764752733
            ],
            [
              77.78957655296108,
              29.427129279150215
            ],
            [
              77.79059295987413,
              29.426413061817836
            ],
            [
              77.79081038990213,
              29.42619134293809
            ],
            [
              77.7910306047075,
              29.42581989006242
            ],
            [
              77.79154969080454,
              29.42545253810219
            ],
            [
              77.79284617805013,
              29.424590283925525
            ],
            [
              77.79397203030751,
              29.423725679798377
            ],
            [
              77.79515977379303,
              29.42297431360958
            ],
            [
              77.79618561391487,
              29.422323684277018
            ],
            [
              77.79650815940754,
              29.422197013695893
            ],
            [
              77.79630635826884,
              29.421538914728057
            ],
            [
              77.79676306175932,
              29.42107706890746
            ],
            [
              77.79734435439313,
              29.420804166780176
            ],
            [
              77.79782460991372,
              29.420481304196915
            ],
            [
              77.797903098415,
              29.4204285393039
            ],
            [
              77.79664801541918,
              29.419146945861705
            ],
            [
              77.7957662650689,
              29.418310979700372
            ],
            [
              77.79517825573168,
              29.417759983695497
            ],
            [
              77.79433696101022,
              29.41644720769798
            ],
            [
              77.79413997214651,
              29.41552699128867
            ],
            [
              77.79322787311266,
              29.413997777705852
            ],
            [
              77.79235411687011,
              29.41271256769801
            ],
            [
              77.79181500193549,
              29.41175860903467
            ],
            [
              77.79119740299114,
              29.41113325901946
            ],
            [
              77.79052946155993,
              29.410281497769123
            ],
            [
              77.7901326550377,
              29.40978916274779
            ],
            [
              77.78946392937728,
              29.410173245057273
            ],
            [
              77.7877148987393,
              29.411272669025468
            ],
            [
              77.78625005732799,
              29.41200149717591
            ],
            [
              77.78466075972398,
              29.412522667824895
            ],
            [
              77.78354133491244,
              29.413031517303565
            ],
            [
              77.78292574909263,
              29.413425644324963
            ],
            [
              77.78200182643302,
              29.413749930818696
            ],
            [
              77.78128869255652,
              29.41422698604422
            ],
            [
              77.78106348671142,
              29.414439153852577
            ],
            [
              77.78088416591272,
              29.41416525418721
            ],
            [
              77.78059643642554,
              29.4135433159015
            ],
            [
              77.78041516538435,
              29.4129416216475
            ],
            [
              77.78038551738672,
              29.412211022329114
            ],
            [
              77.7801172157642,
              29.41170174930386
            ],
            [
              77.77951268640888,
              29.41088828333195
            ],
            [
              77.77948618341308,
              29.40998907729754
            ],
            [
              77.77953997543061,
              29.409371933979553
            ],
            [
              77.77939623510368,
              29.40905161828692
            ],
            [
              77.77891176558612,
              29.40868922424359
            ],
            [
              77.77870232966582,
              29.408461623314484
            ],
            [
              77.77828423756293,
              29.407968961757508
            ],
            [
              77.77747363378313,
              29.40615091625952
            ],
            [
              77.77702063763988,
              29.405227123341138
            ],
            [
              77.77631183903291,
              29.40428110503407
            ],
            [
              77.7760851276114,
              29.4038285453161
            ],
            [
              77.77607942600429,
              29.403819856161036
            ],
            [
              77.77673286144027,
              29.40342553693839
            ],
            [
              77.77735992503447,
              29.402984864263036
            ],
            [
              77.77786710665734,
              29.40268296816263
            ],
            [
              77.77734393771736,
              29.40209522535798
            ],
            [
              77.7768834316583,
              29.40158337303083
            ],
            [
              77.7765503785718,
              29.401110563636028
            ],
            [
              77.77655375444061,
              29.400923364814783
            ],
            [
              77.77716014420685,
              29.40044493626098
            ],
            [
              77.77681216561186,
              29.399616206625186
            ],
            [
              77.77623613800394,
              29.398409920624744
            ],
            [
              77.77605491277683,
              29.397808205666422
            ],
            [
              77.77573810662052,
              29.39702680394791
            ],
            [
              77.77520207470397,
              29.395970750191278
            ],
            [
              77.77493406144065,
              29.395442766942914
            ],
            [
              77.77468647676518,
              29.39497122273911
            ],
            [
              77.77436099557818,
              29.394422289336042
            ],
            [
              77.77476904900777,
              29.393942495741793
            ],
            [
              77.7751379251112,
              29.393610566649603
            ],
            [
              77.77487396684307,
              29.392857919640626
            ],
            [
              77.7748265375927,
              29.39252957795493
            ],
            [
              77.7752197795999,
              29.392029516389297
            ],
            [
              77.77554361776824,
              29.391827962798992
            ],
            [
              77.77519094906918,
              29.391261337683964
            ],
            [
              77.77488162767584,
              29.390657842062467
            ],
            [
              77.77576711411938,
              29.39008964737566
            ],
            [
              77.77689030466856,
              29.389356167063962
            ],
            [
              77.77835223733497,
              29.388777138647907
            ],
            [
              77.77971186356862,
              29.38795327714642
            ],
            [
              77.7801538634345,
              29.387706623814317
            ],
            [
              77.78103997690211,
              29.387100936610953
            ],
            [
              77.78162360335907,
              29.386697012684195
            ],
            [
              77.78133189343683,
              29.386299799847343
            ],
            [
              77.78078710743787,
              29.385730440375372
            ],
            [
              77.78097053533402,
              29.385104705631154
            ],
            [
              77.78072702092514,
              29.3843252226719
            ],
            [
              77.7805744285994,
              29.3833120109813
            ],
            [
              77.77986875972292,
              29.382197446664772
            ],
            [
              77.77927319106259,
              29.38148703004982
            ],
            [
              77.77872405362433,
              29.381161193317304
            ],
            [
              77.77776353090512,
              29.381166617127985
            ],
            [
              77.77667749826932,
              29.38102051699216
            ],
            [
              77.77618943728727,
              29.38086398699406
            ],
            [
              77.77551029027119,
              29.380648657169317
            ],
            [
              77.77475313714916,
              29.3800201757158
            ],
            [
              77.77422646927111,
              29.379638384222186
            ],
            [
              77.77404760032499,
              29.380085355305027
            ],
            [
              77.77359680864744,
              29.38022890179995
            ],
            [
              77.77330007265122,
              29.380112480121596
            ],
            [
              77.77298606025543,
              29.379771002951998
            ],
            [
              77.77254472873615,
              29.37939038626407
            ],
            [
              77.77210633560611,
              29.378841334344344
            ],
            [
              77.77149536712687,
              29.378402115255422
            ],
            [
              77.77047345443944,
              29.377667063374407
            ],
            [
              77.76998294015836,
              29.37764157629956
            ],
            [
              77.76934513540829,
              29.377501637984274
            ],
            [
              77.76860439001491,
              29.37715432567076
            ],
            [
              77.76766444769883,
              29.37719744465911
            ],
            [
              77.76706602778579,
              29.37724529878504
            ],
            [
              77.7664045218853,
              29.377236115760674
            ],
            [
              77.76623376023463,
              29.377233744659957
            ],
            [
              77.7658313958357,
              29.377059591898373
            ],
            [
              77.76549607809636,
              29.37671789469386
            ],
            [
              77.7652034258414,
              29.376376788926724
            ],
            [
              77.7647780394184,
              29.376295940645985
            ],
            [
              77.76422150255716,
              29.376381834896915
            ],
            [
              77.76377308602522,
              29.37639438328268
            ],
            [
              77.76338822529961,
              29.376426411014595
            ],
            [
              77.76261601371847,
              29.376050600007616
            ],
            [
              77.76224031580875,
              29.375577235903815
            ],
            [
              77.7622145521264,
              29.37556711805068
            ],
            [
              77.76179529940013,
              29.375402479106725
            ],
            [
              77.76126189864908,
              29.375395057247594
            ],
            [
              77.76055491823227,
              29.375535003156074
            ],
            [
              77.75973492526111,
              29.37602919487755
            ],
            [
              77.75939412420529,
              29.376238364387774
            ],
            [
              77.75948147907843,
              29.377055569865792
            ],
            [
              77.75953731655989,
              29.377505796206012
            ],
            [
              77.75931312042114,
              29.37810190669061
            ],
            [
              77.75915451207796,
              29.3786053040757
            ],
            [
              77.75887515309259,
              29.378713728946032
            ],
            [
              77.75831486127346,
              29.37900549413994
            ],
            [
              77.75754896934033,
              29.380043499378683
            ],
            [
              77.75690027521242,
              29.380502592297514
            ],
            [
              77.75735269104402,
              29.381445166872357
            ],
            [
              77.75742037999899,
              29.381830053683196
            ],
            [
              77.75686357993136,
              29.381934606699755
            ],
            [
              77.75594186533074,
              29.382146476343486
            ],
            [
              77.755724686831,
              29.382349389200844
            ],
            [
              77.75571787760117,
              29.38272380086072
            ],
            [
              77.75571208975578,
              29.383042068044045
            ],
            [
              77.7558784343902,
              29.383287891224697
            ],
            [
              77.75646905962152,
              29.383670633374443
            ],
            [
              77.75701883037203,
              29.383959176654766
            ],
            [
              77.75744185781912,
              29.384171014686906
            ],
            [
              77.757970639433,
              29.384440574998063
            ],
            [
              77.75808809685135,
              29.385022658081898
            ],
            [
              77.75773237118537,
              29.385804178633617
            ],
            [
              77.75711417126807,
              29.38693785438141
            ],
            [
              77.75678720157265,
              29.387897678367267
            ],
            [
              77.7563549708855,
              29.388191308269082
            ],
            [
              77.75601034659977,
              29.389534728892635
            ],
            [
              77.75585239223011,
              29.39000065189091
            ],
            [
              77.756010236107,
              29.390714387960838
            ],
            [
              77.7561497058431,
              29.39125939582528
            ],
            [
              77.75616491342251,
              29.391596639224137
            ],
            [
              77.75558162563044,
              29.391981692696852
            ],
            [
              77.75518155013887,
              29.39226642264893
            ],
            [
              77.75464184321447,
              29.392595924335694
            ],
            [
              77.75425362368806,
              29.392815225239666
            ],
            [
              77.75395108457509,
              29.3930169396708
            ],
            [
              77.75375532191175,
              29.393220237057232
            ],
            [
              77.75366135903133,
              29.3936870487273
            ],
            [
              77.75337640174511,
              29.39409503826382
            ],
            [
              77.7533105678112,
              29.394527796005615
            ],
            [
              77.75267369820737,
              29.39517125173682
            ],
            [
              77.75163496905782,
              29.39594320618579
            ],
            [
              77.75096688299789,
              29.396289587184718
            ],
            [
              77.75042554293631,
              29.396712765344954
            ],
            [
              77.74976623880654,
              29.39716232397937
            ],
            [
              77.74931194010614,
              29.39749309021041
            ],
            [
              77.74873054686101,
              29.39776583031341
            ],
            [
              77.74844959067103,
              29.397746692369804
            ],
            [
              77.74719990565177,
              29.398490285665144
            ],
            [
              77.74640350693157,
              29.39781295708313
            ],
            [
              77.74600031787922,
              29.3979222779564
            ],
            [
              77.74615586925552,
              29.396399261889183
            ],
            [
              77.74316413620295,
              29.397562445748
            ],
            [
              77.74041231800993,
              29.398503492651884
            ],
            [
              77.73891316005647,
              29.39888248900398
            ],
            [
              77.73677823563033,
              29.3993193140501
            ],
            [
              77.73470127859115,
              29.399891500219326
            ],
            [
              77.73282309536815,
              29.400496506293003
            ],
            [
              77.73175579799596,
              29.400735954341794
            ],
            [
              77.73105205600572,
              29.400792357678778
            ],
            [
              77.73079619784653,
              29.4007849032365
            ],
            [
              77.73062927379874,
              29.400714300053867
            ],
            [
              77.7293327838582,
              29.399866405329007
            ],
            [
              77.7277394159876,
              29.398694682669458
            ],
            [
              77.72830528903958,
              29.397932425674917
            ],
            [
              77.7288516039712,
              29.3970047176312
            ],
            [
              77.72924527716975,
              29.395827141379616
            ],
            [
              77.72980316958873,
              29.394718387714622
            ],
            [
              77.72830930271228,
              29.392628577026752
            ],
            [
              77.72751826513769,
              29.39207663407687
            ],
            [
              77.72765607838038,
              29.391869802137172
            ],
            [
              77.72754960556134,
              29.3917665186753
            ],
            [
              77.72728210703264,
              29.391648046247735
            ],
            [
              77.72709513168942,
              29.391383309190704
            ],
            [
              77.72671538686937,
              29.391106045224618
            ],
            [
              77.72627236472069,
              29.390833932985593
            ],
            [
              77.72522400293634,
              29.390106754868825
            ],
            [
              77.72447011968192,
              29.389300093165645
            ],
            [
              77.72379089091918,
              29.388291748627424
            ],
            [
              77.72468445860704,
              29.387688763724213
            ],
            [
              77.72368842009475,
              29.385782820953647
            ],
            [
              77.7222236406672,
              29.383970268194933
            ],
            [
              77.72135768719117,
              29.383004699305516
            ],
            [
              77.72102571477791,
              29.383031328642573
            ],
            [
              77.71968243608582,
              29.381768485323516
            ],
            [
              77.71884050715376,
              29.382255375708056
            ],
            [
              77.71609306555283,
              29.37914703431421
            ],
            [
              77.71645651942521,
              29.378283342329176
            ],
            [
              77.71540192602774,
              29.377104801005085
            ],
            [
              77.71429437963923,
              29.37596278367952
            ],
            [
              77.7107144225521,
              29.378318819228888
            ],
            [
              77.70911285485958,
              29.379929193340196
            ],
            [
              77.70655004579565,
              29.381952026321354
            ],
            [
              77.70327431665423,
              29.38447930909777
            ],
            [
              77.7005619578584,
              29.386905461294
            ],
            [
              77.6978896199068,
              29.389412287893773
            ],
            [
              77.69743646835498,
              29.389193359266564
            ],
            [
              77.69459839841996,
              29.387658547619203
            ],
            [
              77.69359204814651,
              29.38717974905415
            ],
            [
              77.69269518992978,
              29.38744703619866
            ],
            [
              77.69121186927477,
              29.38759349889902
            ],
            [
              77.69023161416202,
              29.387671681654144
            ],
            [
              77.68938053319384,
              29.38746002467475
            ],
            [
              77.68848630434594,
              29.386832378975548
            ],
            [
              77.68726789417329,
              29.387992073308926
            ],
            [
              77.68620963115788,
              29.38701402525543
            ],
            [
              77.68509697605035,
              29.38673931124516
            ],
            [
              77.68267285788308,
              29.384584069167477
            ],
            [
              77.68044751443036,
              29.382804416252885
            ],
            [
              77.67707523256554,
              29.38460146720143
            ],
            [
              77.67580816873878,
              29.383330011169825
            ],
            [
              77.67437539089491,
              29.38247765382042
            ],
            [
              77.67323865644617,
              29.3819302341817
            ],
            [
              77.67226689759936,
              29.381060428114942
            ],
            [
              77.6721853512328,
              29.38048703778024
            ],
            [
              77.67233220062896,
              29.380204615363827
            ],
            [
              77.67268371409455,
              29.37955805986511
            ],
            [
              77.6734972598569,
              29.3792143679031
            ],
            [
              77.67358615983235,
              29.379176810673336
            ],
            [
              77.67288575059185,
              29.379116752266995
            ],
            [
              77.67231658701097,
              29.379152401088902
            ],
            [
              77.67163317299735,
              29.37936146633253
            ],
            [
              77.67107290543272,
              29.379696079887974
            ],
            [
              77.67088119237468,
              29.379972264969
            ],
            [
              77.67082013927471,
              29.38028643587897
            ],
            [
              77.67102502163482,
              29.381091652039064
            ],
            [
              77.67088194426458,
              29.381412331338026
            ],
            [
              77.67049260903056,
              29.38180090118105
            ],
            [
              77.66943287996462,
              29.38294857024464
            ],
            [
              77.66886604841021,
              29.38338028033477
            ],
            [
              77.66837630757857,
              29.383651225078136
            ],
            [
              77.66803964056965,
              29.383803735284857
            ],
            [
              77.66743955877334,
              29.38407381083398
            ],
            [
              77.6671445098132,
              29.38430992313113
            ],
            [
              77.6668356564421,
              29.38451816685625
            ],
            [
              77.66653070175936,
              29.384658400010043
            ],
            [
              77.66567221328334,
              29.38477511862577
            ],
            [
              77.66520720666473,
              29.38486044214652
            ],
            [
              77.66484166780259,
              29.384841211759422
            ],
            [
              77.66388640202442,
              29.38482065697009
            ],
            [
              77.66334892741348,
              29.384843999884005
            ],
            [
              77.66287205404997,
              29.384920623967037
            ],
            [
              77.66186571455633,
              29.385310010114942
            ],
            [
              77.6615110453091,
              29.385396191849697
            ],
            [
              77.66111894236569,
              29.3853876537535
            ],
            [
              77.66077121440067,
              29.3853282729498
            ],
            [
              77.66049799629856,
              29.385350043227785
            ],
            [
              77.66022582203885,
              29.385487717252634
            ],
            [
              77.6598155452789,
              29.38578113729264
            ],
            [
              77.65933555026977,
              29.385829029649784
            ],
            [
              77.65910418198182,
              29.385828138116022
            ],
            [
              77.65880597903674,
              29.38571661336971
            ],
            [
              77.65829933640302,
              29.38539931731873
            ],
            [
              77.65783838927118,
              29.385204162786184
            ],
            [
              77.6575552744296,
              29.385130049943758
            ],
            [
              77.65725712089186,
              29.385230970011996
            ],
            [
              77.65694717427105,
              29.385429652287954
            ],
            [
              77.65672072515761,
              29.385582919082573
            ],
            [
              77.65645840002668,
              29.38560383299345
            ],
            [
              77.65621689784399,
              29.38561332366045
            ],
            [
              77.65599438694474,
              29.38559231112687
            ],
            [
              77.65586332903301,
              29.385602767690475
            ],
            [
              77.65580366383016,
              29.38566547730594
            ],
            [
              77.65552854758785,
              29.385880603961976
            ],
            [
              77.65495914505512,
              29.386235089180772
            ],
            [
              77.6544395127824,
              29.38643098376304
            ],
            [
              77.65401935904593,
              29.386533234744448
            ],
            [
              77.65303783281703,
              29.38650123915429
            ],
            [
              77.65197941439308,
              29.38621132939049
            ],
            [
              77.6512716425605,
              29.38567359035374
            ],
            [
              77.65034210004049,
              29.384933443693683
            ],
            [
              77.65004354495582,
              29.384231182825776
            ],
            [
              77.64990224265654,
              29.3834723116433
            ],
            [
              77.64832150330224,
              29.383707835925442
            ],
            [
              77.64726759711594,
              29.38394564372174
            ],
            [
              77.6459852825906,
              29.38464155303679
            ],
            [
              77.6447550218427,
              29.38535525312788
            ],
            [
              77.64294186856145,
              29.386601281207284
            ],
            [
              77.64144055285465,
              29.387620537963073
            ],
            [
              77.63885804822807,
              29.38641745272427
            ],
            [
              77.63763225480207,
              29.38693282302375
            ],
            [
              77.63667125956901,
              29.38612910818454
            ],
            [
              77.63599044977137,
              29.386579181668584
            ],
            [
              77.63597004903126,
              29.38638274024378
            ],
            [
              77.63530286937146,
              29.386721702240497
            ],
            [
              77.63488796179622,
              29.386178871105088
            ],
            [
              77.63486896691954,
              29.386154018608934
            ],
            [
              77.63429896610883,
              29.38574529510935
            ],
            [
              77.63278935176544,
              29.386305102060945
            ],
            [
              77.63099643123932,
              29.38400517718544
            ],
            [
              77.63011024321155,
              29.382953425679244
            ],
            [
              77.62793185469872,
              29.380926091316613
            ],
            [
              77.62654152225198,
              29.37936429061528
            ],
            [
              77.6255334130772,
              29.377618199638793
            ],
            [
              77.62401430893117,
              29.376022584054436
            ],
            [
              77.62374546292956,
              29.37590482913565
            ],
            [
              77.6230497222336,
              29.37569675722477
            ],
            [
              77.62219215273414,
              29.374957679346327
            ],
            [
              77.62167029263952,
              29.374373163609253
            ],
            [
              77.62231709042385,
              29.374032118090096
            ],
            [
              77.62220925665714,
              29.373521515636128
            ],
            [
              77.62173756297956,
              29.37268964903745
            ],
            [
              77.62084062840601,
              29.371275877945024
            ],
            [
              77.62060740779197,
              29.370618301120643
            ],
            [
              77.61990750969284,
              29.36930958315411
            ],
            [
              77.6199946642417,
              29.368819817224047
            ],
            [
              77.62032648933125,
              29.368431330910127
            ],
            [
              77.62006632375024,
              29.368113883891997
            ],
            [
              77.61967406539829,
              29.367649913376823
            ],
            [
              77.6180067841461,
              29.368783889997754
            ],
            [
              77.61455466540876,
              29.37024035026832
            ],
            [
              77.61048192579446,
              29.371890718375656
            ],
            [
              77.61029832811668,
              29.371579342134407
            ],
            [
              77.60974909276209,
              29.37173150797586
            ],
            [
              77.60790067611434,
              29.37257611209579
            ],
            [
              77.60641321422584,
              29.373381631934144
            ],
            [
              77.60577209020084,
              29.373444374914026
            ],
            [
              77.60480797961038,
              29.37384650162841
            ],
            [
              77.60333818219365,
              29.374957788157914
            ],
            [
              77.60274401400683,
              29.375327300760464
            ],
            [
              77.60154312457546,
              29.37588831105911
            ],
            [
              77.60027160510487,
              29.376100399952033
            ],
            [
              77.60008714504443,
              29.376216287648287
            ],
            [
              77.60003927561958,
              29.37631121869014
            ],
            [
              77.60002049633856,
              29.376464758327526
            ],
            [
              77.60005863521226,
              29.37707455983867
            ],
            [
              77.60033418713746,
              29.37760498994045
            ],
            [
              77.6006131921866,
              29.37795792509308
            ],
            [
              77.60146056490927,
              29.378559543768798
            ],
            [
              77.60238471933421,
              29.379570531146637
            ],
            [
              77.60325157382044,
              29.380920449882694
            ],
            [
              77.60296289032244,
              29.38114591521838
            ],
            [
              77.60282313671874,
              29.381582475932248
            ],
            [
              77.60279795963629,
              29.38189853224605
            ],
            [
              77.60281339987937,
              29.38227217532797
            ],
            [
              77.60271331677694,
              29.382421936983285
            ],
            [
              77.6025039940444,
              29.382519593283522
            ],
            [
              77.60236226324874,
              29.382713164749724
            ],
            [
              77.60226111833764,
              29.38285283367536
            ],
            [
              77.6021475982352,
              29.382983430272045
            ],
            [
              77.60211308675862,
              29.383209107076944
            ],
            [
              77.60212337426523,
              29.383309576619173
            ],
            [
              77.60222115139236,
              29.383585506109217
            ],
            [
              77.60227216042914,
              29.38374356532776
            ],
            [
              77.60224808198623,
              29.38384681936319
            ],
            [
              77.60221481018473,
              29.38397110025606
            ],
            [
              77.60210645539517,
              29.38404039300099
            ],
            [
              77.60179596259871,
              29.384122615112098
            ],
            [
              77.60087226182296,
              29.384168391703383
            ],
            [
              77.59983582427571,
              29.38442254917552
            ],
            [
              77.59904943188947,
              29.38463664132523
            ],
            [
              77.59878287210024,
              29.384627440964728
            ],
            [
              77.598549693707,
              29.384493869702702
            ],
            [
              77.59846223642587,
              29.38442981069641
            ],
            [
              77.59828101658869,
              29.38446439234216
            ],
            [
              77.59821115371072,
              29.384571268965388
            ],
            [
              77.59819839404041,
              29.38511937886101
            ],
            [
              77.59821185439667,
              29.38525012674802
            ],
            [
              77.59816377117275,
              29.38534505327669
            ],
            [
              77.59810656915042,
              29.385349604112125
            ],
            [
              77.59790555763084,
              29.385304645230505
            ],
            [
              77.59774523889534,
              29.38520587463534
            ],
            [
              77.5974839243691,
              29.385023878373456
            ],
            [
              77.59720493638795,
              29.384782528059752
            ],
            [
              77.59709577760617,
              29.384618834705446
            ],
            [
              77.59694264000308,
              29.384479036702817
            ],
            [
              77.59678539889575,
              29.38441036105939
            ],
            [
              77.5966594712626,
              29.384420298784903
            ],
            [
              77.59638965418218,
              29.384492398143966
            ],
            [
              77.59568149068413,
              29.38468006710934
            ],
            [
              77.59499357161931,
              29.38486482706249
            ],
            [
              77.5944919308051,
              29.384905700231407
            ],
            [
              77.59265027487818,
              29.38552741215357
            ],
            [
              77.59174214909287,
              29.385680191157135
            ],
            [
              77.59128379629554,
              29.385716387159434
            ],
            [
              77.59109009526578,
              29.385741796286617
            ],
            [
              77.59083275129309,
              29.38582295798406
            ],
            [
              77.59074839140305,
              29.38590048069027
            ],
            [
              77.59055144655682,
              29.386118776912028
            ],
            [
              77.59005129155607,
              29.386533068023297
            ],
            [
              77.58890400639432,
              29.387393617022756
            ],
            [
              77.5870267223849,
              29.388314758873893
            ],
            [
              77.58427723442179,
              29.389767875376563
            ],
            [
              77.58340745591929,
              29.389958101090517
            ],
            [
              77.58329389629095,
              29.389977191189487
            ],
            [
              77.58318869907961,
              29.390076659235305
            ],
            [
              77.58315932596645,
              29.390241118680976
            ],
            [
              77.5830685287491,
              29.39048133522199
            ],
            [
              77.58298627720507,
              29.390578949347876
            ],
            [
              77.58272584662105,
              29.390629912314076
            ],
            [
              77.5823551235814,
              29.390618661829798
            ],
            [
              77.58219989290366,
              29.390570157310037
            ],
            [
              77.58203842971449,
              29.39057276995345
            ],
            [
              77.5818571990975,
              29.39060723993361
            ],
            [
              77.5816404499925,
              29.390745980702974
            ],
            [
              77.58142264267207,
              29.39087462765003
            ],
            [
              77.58114657331727,
              29.390997635124616
            ],
            [
              77.58100181879239,
              29.391049692869288
            ],
            [
              77.58084141471693,
              29.391062305192534
            ],
            [
              77.58066959035928,
              29.391075845788578
            ],
            [
              77.5805070680564,
              29.391068363239793
            ],
            [
              77.58038113144009,
              29.391078379366924
            ],
            [
              77.58029146789663,
              29.391105704753116
            ],
            [
              77.58022993599461,
              29.39118145767946
            ],
            [
              77.5801329916058,
              29.391361390709797
            ],
            [
              77.58000263617657,
              29.391554013953098
            ],
            [
              77.57973481874599,
              29.39175748567217
            ],
            [
              77.57919715908214,
              29.392032935161804
            ],
            [
              77.57830116234977,
              29.39252908721318
            ],
            [
              77.5774715807613,
              29.39322274005777
            ],
            [
              77.57676062889263,
              29.39383599916749
            ],
            [
              77.5765004165992,
              29.393934042891352
            ],
            [
              77.57623783814334,
              29.39380632180172
            ],
            [
              77.57594227444858,
              29.39362707402259
            ],
            [
              77.5754915717042,
              29.393176244346844
            ],
            [
              77.57489007685797,
              29.392605602194003
            ],
            [
              77.57426976859472,
              29.392076998025676
            ],
            [
              77.57343627304655,
              29.391159949285978
            ],
            [
              77.57191206018148,
              29.389253781163294
            ],
            [
              77.57118671909859,
              29.389837852952017
            ],
            [
              77.57088865090078,
              29.39008418568828
            ],
            [
              77.5707783620384,
              29.390021967202244
            ],
            [
              77.56989045822844,
              29.389362510900703
            ],
            [
              77.5695489241473,
              29.38929817083718
            ],
            [
              77.56938947318437,
              29.389432355695014
            ],
            [
              77.56772763212959,
              29.390469024948118
            ],
            [
              77.56672618036937,
              29.3910645679593
            ],
            [
              77.56454021097383,
              29.392047378065403
            ],
            [
              77.5632410772914,
              29.392443442179975
            ],
            [
              77.56239831741775,
              29.392671891389472
            ],
            [
              77.55996704866081,
              29.394079111708212
            ],
            [
              77.55836403737567,
              29.39511711969858
            ],
            [
              77.55697766110946,
              29.39623938388031
            ],
            [
              77.55522134423623,
              29.397583209276448
            ],
            [
              77.55381772301153,
              29.39605789964791
            ],
            [
              77.55234846817724,
              29.394684107750063
            ],
            [
              77.55189912727884,
              29.39413190906414
            ],
            [
              77.55178697261563,
              29.393826510832977
            ],
            [
              77.55171755530206,
              29.39337609999005
            ],
            [
              77.55139673637139,
              29.392499624703763
            ],
            [
              77.55105263310851,
              29.391847883761102
            ],
            [
              77.55045279655228,
              29.390841283276117
            ],
            [
              77.54991604059363,
              29.390224988802586
            ],
            [
              77.54956004812797,
              29.390019944701624
            ],
            [
              77.54924347373702,
              29.389973898362918
            ],
            [
              77.54895501661447,
              29.38997637483149
            ],
            [
              77.54873529318755,
              29.389973395085626
            ],
            [
              77.54860096720479,
              29.389915831262364
            ],
            [
              77.54782172900146,
              29.389173898799598
            ],
            [
              77.54661610095697,
              29.387890810018188
            ],
            [
              77.54650160528412,
              29.387788381941373
            ],
            [
              77.54624764436679,
              29.38767658930558
            ],
            [
              77.54601439320997,
              29.38765443521008
            ],
            [
              77.54579268720123,
              29.38751986290855
            ],
            [
              77.54567618559037,
              29.38739734199517
            ],
            [
              77.54555544393132,
              29.38734602909828
            ],
            [
              77.545250185618,
              29.387362534356946
            ],
            [
              77.54468082800103,
              29.38715138237378
            ],
            [
              77.54444228037734,
              29.387190433227136
            ],
            [
              77.54331656196894,
              29.388038713061253
            ],
            [
              77.54154060882192,
              29.389079972231677
            ],
            [
              77.5392206350405,
              29.390447550060077
            ],
            [
              77.53786336239288,
              29.39140520418617
            ],
            [
              77.53646170578371,
              29.392153565003795
            ],
            [
              77.53544577318111,
              29.3924967593034
            ],
            [
              77.53497912444217,
              29.392563726372387
            ],
            [
              77.53435222613801,
              29.392420458695863
            ],
            [
              77.53403589159723,
              29.392262892743155
            ],
            [
              77.53380769705717,
              29.392291002060507
            ],
            [
              77.53358783439138,
              29.392399398259208
            ],
            [
              77.53311988758686,
              29.39256784484449
            ],
            [
              77.53254908098734,
              29.39263293186604
            ],
            [
              77.53136252507461,
              29.392776701724017
            ],
            [
              77.52986452504952,
              29.393036061285535
            ],
            [
              77.52852468331169,
              29.39337423800467
            ],
            [
              77.52658199925466,
              29.394367598074187
            ],
            [
              77.52491914310359,
              29.39550091619814
            ],
            [
              77.52466464229877,
              29.395588337639925
            ],
            [
              77.5244393663851,
              29.395606034332793
            ],
            [
              77.5241515380832,
              29.395628631246442
            ],
            [
              77.52312775420505,
              29.395609301931945
            ],
            [
              77.52261009103944,
              29.395605639090203
            ],
            [
              77.52234834172857,
              29.395637153612583
            ],
            [
              77.52196807319069,
              29.395866189685016
            ],
            [
              77.52146141259067,
              29.396215763391172
            ],
            [
              77.52116774164618,
              29.39630514085129
            ],
            [
              77.52106539658587,
              29.39629110474931
            ],
            [
              77.52085258928834,
              29.396307797958613
            ],
            [
              77.52062260979582,
              29.39640328628768
            ],
            [
              77.52043010262707,
              29.396617530102613
            ],
            [
              77.52031147739886,
              29.396814956684363
            ],
            [
              77.52030103807692,
              29.396959633198446
            ],
            [
              77.52030876538498,
              29.397158182996527
            ],
            [
              77.52056641837815,
              29.397580634379985
            ],
            [
              77.52124128671852,
              29.398258051382246
            ],
            [
              77.52192663929654,
              29.398669039639323
            ],
            [
              77.52241556625454,
              29.39888525874314
            ],
            [
              77.5234552655846,
              29.39893653294837
            ],
            [
              77.52383298111042,
              29.398928971149306
            ],
            [
              77.52423207025178,
              29.39900840131651
            ],
            [
              77.52475709600951,
              29.399454010831366
            ],
            [
              77.52497967697732,
              29.39977963010112
            ],
            [
              77.52505541932884,
              29.400149987011904
            ],
            [
              77.52512276333074,
              29.400808694840393
            ],
            [
              77.52522506257696,
              29.401685881911643
            ],
            [
              77.52572815506869,
              29.403366881960345
            ],
            [
              77.52595017908106,
              29.404826896345487
            ],
            [
              77.52580481100684,
              29.405502299225112
            ],
            [
              77.52565070681648,
              29.405846396962627
            ],
            [
              77.5253740445736,
              29.405978732665613
            ],
            [
              77.52515894208048,
              29.405973410347986
            ],
            [
              77.52483827676171,
              29.40592111607788
            ],
            [
              77.52450849084788,
              29.405781010844144
            ],
            [
              77.52377721190095,
              29.405539544659096
            ],
            [
              77.52320417658123,
              29.40536317086083
            ],
            [
              77.52241683018414,
              29.40531422417026
            ],
            [
              77.52207532664572,
              29.405429616082685
            ],
            [
              77.5217940659269,
              29.405639744066708
            ],
            [
              77.52166271516437,
              29.40595991164705
            ],
            [
              77.52157211467808,
              29.406553523328974
            ],
            [
              77.52138835620188,
              29.406977317697823
            ],
            [
              77.52108065806422,
              29.407300174666364
            ],
            [
              77.52044174209819,
              29.407715492305822
            ],
            [
              77.51990795596984,
              29.407923281959942
            ],
            [
              77.51794901510111,
              29.408508421147193
            ],
            [
              77.51744664036333,
              29.40890182932304
            ],
            [
              77.51702509333983,
              29.409344302828185
            ],
            [
              77.51651697207915,
              29.409804586011294
            ],
            [
              77.51585541227975,
              29.4101219702585
            ],
            [
              77.51539089614124,
              29.410390816974157
            ],
            [
              77.51520270537745,
              29.41064890614719
            ],
            [
              77.51516374993514,
              29.410884380800585
            ],
            [
              77.51510865086888,
              29.411209658271247
            ],
            [
              77.5151656516686,
              29.41189128526793
            ],
            [
              77.51536381463038,
              29.41247331218919
            ],
            [
              77.51631034429245,
              29.414944222821575
            ],
            [
              77.51666988240852,
              29.41618519962184
            ],
            [
              77.51740753041081,
              29.417901312658714
            ],
            [
              77.51765411705796,
              29.41883374476668
            ],
            [
              77.51764223863498,
              29.41921089379654
            ],
            [
              77.51755334135444,
              29.420191647022108
            ],
            [
              77.5173304890954,
              29.42085089711477
            ],
            [
              77.51703521465812,
              29.42117283130638
            ],
            [
              77.5168030118353,
              29.421246381894186
            ],
            [
              77.51651387917964,
              29.421257952145822
            ],
            [
              77.51607823669102,
              29.42119250865056
            ],
            [
              77.51490539625608,
              29.420952441348838
            ],
            [
              77.51389832463548,
              29.42097600366543
            ],
            [
              77.51315497861933,
              29.421111641220566
            ],
            [
              77.51284484784388,
              29.42131873604655
            ],
            [
              77.51260699461788,
              29.421552965340634
            ],
            [
              77.5123259998004,
              29.42226095971104
            ],
            [
              77.51230707139902,
              29.4228157152302
            ],
            [
              77.51229890840804,
              29.423723780029125
            ],
            [
              77.51221601187366,
              29.424394252384484
            ],
            [
              77.51181908857042,
              29.425697818251205
            ],
            [
              77.51146303591766,
              29.426411791948063
            ],
            [
              77.51107763440628,
              29.426962067369338
            ],
            [
              77.51047827575375,
              29.427396355646422
            ],
            [
              77.50975931630262,
              29.428016860262435
            ],
            [
              77.50943993737133,
              29.428473521609767
            ],
            [
              77.50931179269604,
              29.428948256733733
            ],
            [
              77.50811408958901,
              29.429329763730287
            ],
            [
              77.50665987614582,
              29.42991944663409
            ],
            [
              77.50656081802111,
              29.42993824834966
            ],
            [
              77.50633661739083,
              29.429966837027962
            ],
            [
              77.50621494417885,
              29.429887819904554
            ],
            [
              77.50615253282616,
              29.4297709723425
            ],
            [
              77.50609798442719,
              29.42973100992279
            ],
            [
              77.50604674811663,
              29.42972389638037
            ],
            [
              77.50590902829872,
              29.429734679358756
            ],
            [
              77.50544100334075,
              29.42997054792228
            ],
            [
              77.50490243637849,
              29.430134420192847
            ],
            [
              77.50450288909629,
              29.430176685034453
            ],
            [
              77.50345707942569,
              29.43019216388281
            ],
            [
              77.50198212028931,
              29.430207937690597
            ],
            [
              77.50052401983588,
              29.430388393132375
            ],
            [
              77.49954278825442,
              29.430542533368634
            ],
            [
              77.49907822181031,
              29.43068958023831
            ],
            [
              77.49880626673949,
              29.430852905242425
            ],
            [
              77.49692624915669,
              29.43116738212258
            ],
            [
              77.492693863645,
              29.43257434883196
            ],
            [
              77.49141886589767,
              29.433258289135324
            ],
            [
              77.49098584379473,
              29.4330419467824
            ],
            [
              77.48954854473003,
              29.43384316272474
            ],
            [
              77.48870597619748,
              29.433789347015814
            ],
            [
              77.48835566108444,
              29.43387970068478
            ],
            [
              77.48664003430035,
              29.434667569254096
            ],
            [
              77.48556070668982,
              29.435139336118752
            ],
            [
              77.4828684953092,
              29.435940944679633
            ],
            [
              77.48227053713022,
              29.43543820667254
            ],
            [
              77.48190210479453,
              29.4355646307292
            ],
            [
              77.48132484020644,
              29.435294157614205
            ],
            [
              77.47972755208794,
              29.43575704816209
            ],
            [
              77.47770781503745,
              29.43655608888998
            ],
            [
              77.4765177197625,
              29.437257910086753
            ],
            [
              77.47631181781456,
              29.43771582229499
            ],
            [
              77.47585832220797,
              29.43796859495129
            ],
            [
              77.47531213124387,
              29.43809734563979
            ],
            [
              77.47411129840636,
              29.437574405114656
            ],
            [
              77.47310395459623,
              29.437951306971144
            ],
            [
              77.47084445539971,
              29.43858343898017
            ],
            [
              77.47040624013613,
              29.438238439771645
            ],
            [
              77.4695686545585,
              29.437690577148665
            ],
            [
              77.46872358242128,
              29.43776294070986
            ],
            [
              77.46646400956296,
              29.43817854924788
            ],
            [
              77.4662989620958,
              29.438016192035974
            ],
            [
              77.46512666065003,
              29.43821484077846
            ],
            [
              77.46496431621354,
              29.438124709237513
            ],
            [
              77.46453148724842,
              29.4380886711501
            ],
            [
              77.46348283171497,
              29.43826937623237
            ],
            [
              77.46286679673753,
              29.437412412287813
            ],
            [
              77.4618592669761,
              29.437430606305313
            ],
            [
              77.46093440467872,
              29.437987912298084
            ],
            [
              77.4584069937285,
              29.4394295547654
            ],
            [
              77.45620679861216,
              29.440677179363735
            ],
            [
              77.4565572260146,
              29.440837252668274
            ],
            [
              77.45727373755656,
              29.441768648111832
            ],
            [
              77.45768619093442,
              29.442742962701196
            ],
            [
              77.45811678039958,
              29.44374650907671
            ],
            [
              77.45870441244435,
              29.444407274098545
            ],
            [
              77.45926108315456,
              29.444950754133746
            ],
            [
              77.46102678293094,
              29.44732321038113
            ],
            [
              77.46212233681044,
              29.448951420264628
            ],
            [
              77.46304522910239,
              29.450142059105413
            ],
            [
              77.46376189784955,
              29.451213288340252
            ],
            [
              77.46401461460022,
              29.45167335989948
            ],
            [
              77.46369776083321,
              29.452174107312693
            ],
            [
              77.46253823073583,
              29.45288480976742
            ],
            [
              77.46190186778182,
              29.4533021961557
            ],
            [
              77.46058248517457,
              29.453809937876187
            ],
            [
              77.45778415041954,
              29.455258345345964
            ],
            [
              77.45586178086435,
              29.456246502715945
            ],
            [
              77.45516065925985,
              29.455509108653423
            ],
            [
              77.4540319997672,
              29.45602347467401
            ],
            [
              77.45326920522515,
              29.456337056973307
            ],
            [
              77.45214057627523,
              29.45711760284891
            ],
            [
              77.45058154381142,
              29.45827257408127
            ],
            [
              77.45002763811564,
              29.459163515304912
            ],
            [
              77.44978791459725,
              29.45950413990448
            ],
            [
              77.44802269901281,
              29.460311760132125
            ],
            [
              77.44500225760041,
              29.461649421764406
            ],
            [
              77.44413896583258,
              29.46219302219459
            ],
            [
              77.44419052014673,
              29.462574168822748
            ],
            [
              77.44337871172617,
              29.463158427664595
            ],
            [
              77.44352303056813,
              29.463507980220857
            ],
            [
              77.44285301672357,
              29.46395232210139
            ],
            [
              77.44228080426065,
              29.464329057167294
            ],
            [
              77.44188394114452,
              29.464926677100323
            ],
            [
              77.44131187690361,
              29.465643981242042
            ],
            [
              77.44132726414614,
              29.465921408614246
            ],
            [
              77.44147167461627,
              29.466074752662443
            ],
            [
              77.44155155640456,
              29.466422090390687
            ],
            [
              77.44147173031179,
              29.467035552106132
            ],
            [
              77.44175776198308,
              29.467633209272876
            ],
            [
              77.44144077436711,
              29.46813398896313
            ],
            [
              77.44147172582024,
              29.468503812746622
            ],
            [
              77.44173984328812,
              29.469031660283214
            ],
            [
              77.44162902621635,
              29.469408299052645
            ],
            [
              77.44153368082874,
              29.469755595643278
            ],
            [
              77.44175796679899,
              29.47027211991969
            ],
            [
              77.44207499124589,
              29.470869807280902
            ],
            [
              77.44238431713082,
              29.471187809335074
            ],
            [
              77.44240135817176,
              29.471203152886304
            ],
            [
              77.44291784903596,
              29.471668203176737
            ],
            [
              77.44355459018068,
              29.472017781144743
            ],
            [
              77.44430202532803,
              29.472531976635693
            ],
            [
              77.44490521799018,
              29.47266722387687
            ],
            [
              77.4445108854282,
              29.47302589769198
            ],
            [
              77.44433052797366,
              29.473409310678665
            ],
            [
              77.44390522329735,
              29.474155871649728
            ],
            [
              77.44363460222473,
              29.474550583335446
            ],
            [
              77.44310881559399,
              29.475538466717598
            ],
            [
              77.44295162119907,
              29.47623312932491
            ],
            [
              77.44265267624556,
              29.477286439656474
            ],
            [
              77.44334611276282,
              29.477881849856885
            ],
            [
              77.44456540238615,
              29.478840361841648
            ],
            [
              77.44546001391637,
              29.479731242793395
            ],
            [
              77.44604516122106,
              29.480466439252893
            ],
            [
              77.4466613659801,
              29.481289601309008
            ],
            [
              77.44721560315422,
              29.482112784048997
            ],
            [
              77.4476023269857,
              29.482678942245816
            ],
            [
              77.44846601760554,
              29.483847124766704
            ],
            [
              77.44960821381119,
              29.485414586203802
            ],
            [
              77.45005168601581,
              29.485890403042756
            ],
            [
              77.45008522731192,
              29.486237721361146
            ],
            [
              77.45022449762197,
              29.486560240271878
            ],
            [
              77.44954649056803,
              29.48686478178915
            ],
            [
              77.44997707284664,
              29.487417334077374
            ],
            [
              77.44971672760256,
              29.487552713936843
            ],
            [
              77.44956207993145,
              29.487836871006085
            ],
            [
              77.4495776926511,
              29.488403002695698
            ],
            [
              77.44991540529902,
              29.48897130423036
            ],
            [
              77.45022492791499,
              29.48965246225876
            ],
            [
              77.45090303558025,
              29.490705654231522
            ],
            [
              77.45263055785536,
              29.492406081770763
            ],
            [
              77.45355617383929,
              29.493425434004546
            ],
            [
              77.4549124646283,
              29.494640913016653
            ],
            [
              77.45603936342299,
              29.495745863296786
            ],
            [
              77.45617861127518,
              29.49623305883425
            ],
            [
              77.45616325367706,
              29.49649019868453
            ],
            [
              77.45600850539466,
              29.496611959363303
            ],
            [
              77.45536156387988,
              29.49710377162313
            ],
            [
              77.45514507259135,
              29.497442094355833
            ],
            [
              77.4551605748182,
              29.49783225868098
            ],
            [
              77.45540815320544,
              29.498427689673562
            ],
            [
              77.45559393738262,
              29.49891259787363
            ],
            [
              77.45594723759733,
              29.49941324803485
            ],
            [
              77.45604206825028,
              29.499972739636497
            ],
            [
              77.45654711817102,
              29.50112152689087
            ],
            [
              77.4571441349156,
              29.501751322322946
            ],
            [
              77.45800918288978,
              29.50216890705877
            ],
            [
              77.45883404742469,
              29.502138689051158
            ],
            [
              77.4599717906815,
              29.502127781638187
            ],
            [
              77.46094705655118,
              29.50199880575004
            ],
            [
              77.46166944127847,
              29.502140071339497
            ],
            [
              77.46298569864685,
              29.502261836953092
            ],
            [
              77.46432514243101,
              29.502859971276287
            ],
            [
              77.46533657088075,
              29.503380847353153
            ],
            [
              77.46603601263571,
              29.50383910368932
            ],
            [
              77.46666091757828,
              29.50471458662427
            ],
            [
              77.46709979579853,
              29.505817955631816
            ],
            [
              77.4676862232025,
              29.506966872803883
            ],
            [
              77.46828055308607,
              29.507726455137337
            ],
            [
              77.46938167292706,
              29.508695959693554
            ],
            [
              77.46933863284515,
              29.509185762716477
            ],
            [
              77.46927678743111,
              29.509790770964774
            ],
            [
              77.46834821329496,
              29.51005022562546
            ],
            [
              77.46847418135232,
              29.51034081533808
            ],
            [
              77.46848498988182,
              29.51061503000625
            ],
            [
              77.46808817168144,
              29.51147443519706
            ],
            [
              77.46848340974523,
              29.51230296378548
            ],
            [
              77.46923261996352,
              29.512747509181263
            ],
            [
              77.46938879926218,
              29.51316835693837
            ],
            [
              77.4687980868943,
              29.51383713430143
            ],
            [
              77.46703564530746,
              29.51455966214306
            ],
            [
              77.46524090569288,
              29.515252811881066
            ],
            [
              77.46218588902352,
              29.517094619947116
            ],
            [
              77.46014025534001,
              29.517956774914335
            ],
            [
              77.45856199264088,
              29.518537854167874
            ],
            [
              77.45709521176691,
              29.519308165338185
            ],
            [
              77.45592164818815,
              29.519894965130714
            ],
            [
              77.45482955012756,
              29.520441002337844
            ],
            [
              77.45306574040654,
              29.521221052166055
            ],
            [
              77.4516936482517,
              29.522194765800243
            ],
            [
              77.45284239317576,
              29.523251662906244
            ],
            [
              77.45598434790003,
              29.525999102702702
            ],
            [
              77.45727020627919,
              29.527606291259918
            ],
            [
              77.45856936870769,
              29.52937239824784
            ],
            [
              77.4592441705727,
              29.530234182844126
            ],
            [
              77.46063707759102,
              29.531453489082008
            ],
            [
              77.46094160737066,
              29.531876667172387
            ],
            [
              77.4609492340674,
              29.53230963777546
            ],
            [
              77.46024557741717,
              29.532846708677933
            ],
            [
              77.45927550560646,
              29.533509447900247
            ],
            [
              77.45948514903758,
              29.534536989969812
            ],
            [
              77.46015374264564,
              29.535701638616544
            ],
            [
              77.461610403998,
              29.53783084892848
            ],
            [
              77.46230250022887,
              29.537856130097794
            ],
            [
              77.46248929321409,
              29.53839284719743
            ],
            [
              77.46277325067543,
              29.53901764322445
            ],
            [
              77.4634173121914,
              29.538970082623056
            ],
            [
              77.46379376827919,
              29.539105879671204
            ],
            [
              77.46433543083596,
              29.539229804781545
            ],
            [
              77.46471693365903,
              29.539120407935208
            ],
            [
              77.46528897813702,
              29.538566781829395
            ],
            [
              77.46588094994294,
              29.538648173027333
            ],
            [
              77.46636435944846,
              29.538396122703766
            ],
            [
              77.46716567285158,
              29.537918267335066
            ],
            [
              77.46803531391184,
              29.537325987022925
            ],
            [
              77.4691339292498,
              29.53682394171734
            ],
            [
              77.46968032413149,
              29.536717120668136
            ],
            [
              77.47073321971304,
              29.53683458278369
            ],
            [
              77.4719998460603,
              29.5369843313472
            ],
            [
              77.47334473633003,
              29.53733724938091
            ],
            [
              77.47361497022874,
              29.537831939988447
            ],
            [
              77.47450739705619,
              29.53853833397246
            ],
            [
              77.47509346243912,
              29.538908190658276
            ],
            [
              77.47589297292345,
              29.538516815385755
            ],
            [
              77.47633511023156,
              29.538667990922207
            ],
            [
              77.47640599179903,
              29.539231724270213
            ],
            [
              77.47629464022968,
              29.539835925283942
            ],
            [
              77.47581803995404,
              29.540564182150092
            ],
            [
              77.47585564433012,
              29.54114177328269
            ],
            [
              77.47619363186253,
              29.541550965941088
            ],
            [
              77.47687117269082,
              29.541879019282767
            ],
            [
              77.47699364809836,
              29.5419386359587
            ],
            [
              77.47732410685035,
              29.54231171494579
            ],
            [
              77.47769276825643,
              29.542829550246434
            ],
            [
              77.47770001586414,
              29.542856193922994
            ],
            [
              77.47804549085441,
              29.544126171331047
            ],
            [
              77.47830172361114,
              29.544497994955165
            ],
            [
              77.47867085393777,
              29.545802103291297
            ],
            [
              77.47906025744376,
              29.546515059282708
            ],
            [
              77.47971915014509,
              29.547362098809334
            ],
            [
              77.48018802221438,
              29.548220540864676
            ],
            [
              77.47941199458991,
              29.54866999865335
            ],
            [
              77.47750133637106,
              29.549765327612278
            ],
            [
              77.47774990290512,
              29.550512071144
            ],
            [
              77.47806193092242,
              29.551382530257598
            ],
            [
              77.47802895197172,
              29.551785997948347
            ],
            [
              77.47774657285039,
              29.55228639901793
            ],
            [
              77.4774674438337,
              29.55303220572435
            ],
            [
              77.47706016475188,
              29.55359567376636
            ],
            [
              77.47677881240489,
              29.55404562261653
            ],
            [
              77.47664332759545,
              29.55462048766064
            ],
            [
              77.47655077057844,
              29.555513458620865
            ],
            [
              77.47658612287815,
              29.55580250335825
            ],
            [
              77.47660847386072,
              29.556322230901813
            ],
            [
              77.47699686855866,
              29.557489514313218
            ],
            [
              77.47709218160692,
              29.558068080033365
            ],
            [
              77.47717376660106,
              29.559317102275813
            ],
            [
              77.47740635569946,
              29.560445855294834
            ],
            [
              77.47763481075093,
              29.561372686646973
            ],
            [
              77.47818821069517,
              29.562535395383637
            ],
            [
              77.47870606520198,
              29.56301954939056
            ],
            [
              77.4793417939454,
              29.563390147081623
            ],
            [
              77.47976895184614,
              29.563468995267673
            ],
            [
              77.48096988978655,
              29.563617541704332
            ],
            [
              77.48223886882153,
              29.56366621899393
            ],
            [
              77.48301058363434,
              29.56383698703526
            ],
            [
              77.48478542466704,
              29.564153181251022
            ],
            [
              77.48601906936861,
              29.564316671693682
            ],
            [
              77.48722207972237,
              29.564364279750748
            ],
            [
              77.48834531878059,
              29.564280862106283
            ],
            [
              77.48932075173691,
              29.564166193986974
            ],
            [
              77.49069565112704,
              29.563870177660533
            ],
            [
              77.49193399671249,
              29.563802905647826
            ],
            [
              77.49282406725895,
              29.563831223720154
            ],
            [
              77.49336087891315,
              29.564200228370396
            ],
            [
              77.49385697263048,
              29.564943629643096
            ],
            [
              77.49466624061547,
              29.566514129333317
            ],
            [
              77.49630056267985,
              29.568876435636625
            ],
            [
              77.49664898324593,
              29.569588680334608
            ],
            [
              77.49524429302605,
              29.570533323668634
            ],
            [
              77.49036990224207,
              29.57338583824276
            ],
            [
              77.48806585918393,
              29.57474913276214
            ],
            [
              77.48568940832058,
              29.576428682625075
            ],
            [
              77.48427183625954,
              29.57718555494199
            ],
            [
              77.48328156493137,
              29.578021160751923
            ],
            [
              77.48266794013381,
              29.578184667023937
            ],
            [
              77.48182396034797,
              29.57831572466284
            ],
            [
              77.48153660635656,
              29.578657503097244
            ],
            [
              77.48160901056845,
              29.57914904926616
            ],
            [
              77.48195766828981,
              29.579846938152617
            ],
            [
              77.48254801863666,
              29.58082260733671
            ],
            [
              77.48312153365674,
              29.581812479851855
            ],
            [
              77.48397579376271,
              29.581984524186918
            ],
            [
              77.48489196755466,
              29.581551634378418
            ],
            [
              77.4861337321281,
              29.581325751187826
            ],
            [
              77.48721766270614,
              29.581559055219365
            ],
            [
              77.48779455988326,
              29.582390253136165
            ],
            [
              77.49013630074232,
              29.584850116662373
            ],
            [
              77.49179280310939,
              29.586130904336947
            ],
            [
              77.49360257603024,
              29.58799100198725
            ],
            [
              77.49426491377069,
              29.588679257299873
            ],
            [
              77.49491934094674,
              29.589756872352257
            ],
            [
              77.49495499418207,
              29.590435381652537
            ],
            [
              77.49530639984985,
              29.59100340915214
            ],
            [
              77.49474158142,
              29.591196564770044
            ],
            [
              77.49327250265551,
              29.592053707061865
            ],
            [
              77.494230855045,
              29.593597595300416
            ],
            [
              77.49453254794497,
              29.594987035067902
            ],
            [
              77.4962921975679,
              29.59769731895343
            ],
            [
              77.49755102204692,
              29.599072755150583
            ],
            [
              77.49815682072168,
              29.599298553311257
            ],
            [
              77.49876186121837,
              29.600057416138227
            ],
            [
              77.49877131239346,
              29.60006121687408
            ],
            [
              77.49976433795634,
              29.60077599090454
            ],
            [
              77.50004468419017,
              29.600805154662822
            ],
            [
              77.50082101724186,
              29.60039959895629
            ],
            [
              77.50180658499121,
              29.600041513345328
            ],
            [
              77.50202216718469,
              29.60029302712511
            ],
            [
              77.5022111808053,
              29.600712722281926
            ],
            [
              77.50233390863943,
              29.601342015314923
            ],
            [
              77.50214972256514,
              29.60162442334441
            ],
            [
              77.50157159289941,
              29.602027652800825
            ],
            [
              77.5004826030097,
              29.60280272784153
            ],
            [
              77.49928610813672,
              29.603241233650106
            ],
            [
              77.49876100961549,
              29.603545181714058
            ],
            [
              77.49825334200402,
              29.604290887087885
            ],
            [
              77.49668894659797,
              29.60495892326731
            ],
            [
              77.49578713866403,
              29.605493095343206
            ],
            [
              77.4950284889487,
              29.606289101960414
            ],
            [
              77.49448955727041,
              29.606828810724526
            ],
            [
              77.49273768526122,
              29.607782448059297
            ],
            [
              77.49166888860078,
              29.60841491319687
            ],
            [
              77.49156166209521,
              29.60881718531477
            ],
            [
              77.49167956417962,
              29.60951132868751
            ],
            [
              77.49178532014308,
              29.60998898435638
            ],
            [
              77.49204892627164,
              29.610815245664917
            ],
            [
              77.4919296596463,
              29.611000844700982
            ],
            [
              77.49156686064576,
              29.610995202009253
            ],
            [
              77.49104159593618,
              29.610857267970726
            ],
            [
              77.49055805797158,
              29.61110935926417
            ],
            [
              77.49010153324589,
              29.611650422235645
            ],
            [
              77.48994102855914,
              29.612239315350756
            ],
            [
              77.4896785812573,
              29.612970851144595
            ],
            [
              77.48828540384609,
              29.613324157338464
            ],
            [
              77.48824534257767,
              29.613669685348302
            ],
            [
              77.48898084989463,
              29.614012915335003
            ],
            [
              77.4895152244195,
              29.614511616293782
            ],
            [
              77.48997801040275,
              29.61528337624471
            ],
            [
              77.49053265271704,
              29.616402620842646
            ],
            [
              77.49165793544253,
              29.617862510733758
            ],
            [
              77.4927625748828,
              29.618716215965772
            ],
            [
              77.49110101500067,
              29.619281759349487
            ],
            [
              77.49012397136505,
              29.619454096664914
            ],
            [
              77.48917463626437,
              29.619886474746636
            ],
            [
              77.48820432640012,
              29.62053490563426
            ],
            [
              77.4867715808956,
              29.621204880175778
            ],
            [
              77.48511643767954,
              29.621453157374695
            ],
            [
              77.48414379039893,
              29.62140914034454
            ],
            [
              77.48284268671108,
              29.62128783297714
            ],
            [
              77.48281680355282,
              29.62174895872152
            ],
            [
              77.48315212937702,
              29.6222951146682
            ],
            [
              77.48338825873596,
              29.622854101024227
            ],
            [
              77.48333563003675,
              29.623408577709945
            ],
            [
              77.48308215600628,
              29.624507985690943
            ],
            [
              77.48313799528432,
              29.625006463703837
            ],
            [
              77.48342299209644,
              29.625595145251378
            ],
            [
              77.48431068839557,
              29.62697196016738
            ],
            [
              77.48470630195513,
              29.62780026789418
            ],
            [
              77.48492629218168,
              29.628344616143387
            ],
            [
              77.48472431227823,
              29.62893998183833
            ],
            [
              77.48431774196717,
              29.62945294538087
            ],
            [
              77.48389398239316,
              29.63000162699659
            ],
            [
              77.48406559115513,
              29.63048743830145
            ],
            [
              77.48445330942164,
              29.63089731673275
            ],
            [
              77.48487896713587,
              29.631466479640512
            ],
            [
              77.48519832091434,
              29.631990671186145
            ],
            [
              77.4855745290671,
              29.632559060361768
            ],
            [
              77.4857647446336,
              29.632986275611522
            ],
            [
              77.486365684321,
              29.63345716195844
            ],
            [
              77.48698377194886,
              29.633899558746943
            ],
            [
              77.4875964921429,
              29.63379372506887
            ],
            [
              77.48822929776837,
              29.633515040324276
            ],
            [
              77.49065647290253,
              29.632644158118534
            ],
            [
              77.49215152555516,
              29.63216257838969
            ],
            [
              77.49371482411824,
              29.631566664073027
            ],
            [
              77.49499360377298,
              29.63116823234375
            ],
            [
              77.49634483884354,
              29.63045361836443
            ],
            [
              77.49669476318944,
              29.63028597869078
            ],
            [
              77.49723656768002,
              29.63042414537944
            ],
            [
              77.49773261917656,
              29.63037415177484
            ],
            [
              77.49800095763,
              29.6301620216654
            ],
            [
              77.49781885385055,
              29.62938028703987
            ],
            [
              77.49876104285315,
              29.62917787569591
            ],
            [
              77.49876094044521,
              29.6291468320388
            ],
            [
              77.4993146655796,
              29.628642745300965
            ],
            [
              77.4993906666459,
              29.62857355807569
            ],
            [
              77.5009054139628,
              29.62762875304979
            ],
            [
              77.50206370618174,
              29.627137098762027
            ],
            [
              77.50373533168661,
              29.626775630110053
            ],
            [
              77.50647406501919,
              29.626458574813256
            ],
            [
              77.50841209759965,
              29.626392194118537
            ],
            [
              77.5092749779391,
              29.62654361291092
            ],
            [
              77.51256366887173,
              29.630234532643406
            ],
            [
              77.51296881355644,
              29.62994198267488
            ],
            [
              77.51298867081582,
              29.629963009363745
            ],
            [
              77.51412594874529,
              29.631167192266037
            ],
            [
              77.51603111376618,
              29.62986564532531
            ],
            [
              77.51649536939318,
              29.6297858932617
            ],
            [
              77.51670053741756,
              29.62972632611647
            ],
            [
              77.51723328689006,
              29.62946723029349
            ],
            [
              77.51781361203834,
              29.62894339886568
            ],
            [
              77.51856799655269,
              29.626600968158865
            ],
            [
              77.51886881898515,
              29.626262108663802
            ],
            [
              77.51906307427544,
              29.626156035040744
            ],
            [
              77.51906765478506,
              29.62607955114067
            ],
            [
              77.51904205010455,
              29.625951047344227
            ],
            [
              77.5190208184228,
              29.625865650322392
            ],
            [
              77.51905235917076,
              29.62580881237974
            ],
            [
              77.51913417323524,
              29.62575888129782
            ],
            [
              77.51934964044435,
              29.625676759130876
            ],
            [
              77.51991681874844,
              29.625632461266477
            ],
            [
              77.52011958467774,
              29.62567092594471
            ],
            [
              77.52026957278746,
              29.62580070137227
            ],
            [
              77.5203289074103,
              29.625893826037654
            ],
            [
              77.52059568459178,
              29.625829523674675
            ],
            [
              77.52126393773838,
              29.625679268884507
            ],
            [
              77.52196122712992,
              29.625570392060613
            ],
            [
              77.52220677083304,
              29.625540374152653
            ],
            [
              77.5222604820022,
              29.62557966035434
            ],
            [
              77.52229399904375,
              29.62566405496637
            ],
            [
              77.52230066274653,
              29.625728715078566
            ],
            [
              77.52239798622443,
              29.62582993285605
            ],
            [
              77.52254600163378,
              29.625818286804005
            ],
            [
              77.52342472016998,
              29.6257821507687
            ],
            [
              77.52448278375941,
              29.625797295951443
            ],
            [
              77.52489762935087,
              29.625781227767508
            ],
            [
              77.52571390239841,
              29.624935628651606
            ],
            [
              77.52611435428408,
              29.624566508747783
            ],
            [
              77.52738920740269,
              29.623227306626223
            ],
            [
              77.53165715721646,
              29.6247099097718
            ],
            [
              77.53223061474439,
              29.624909107369323
            ],
            [
              77.53229338991476,
              29.624935524793628
            ],
            [
              77.53253212259139,
              29.62497846109739
            ],
            [
              77.53420883974731,
              29.625554315250753
            ],
            [
              77.53420926734536,
              29.62555446127583
            ],
            [
              77.53427569776062,
              29.625592013913337
            ],
            [
              77.53428355532442,
              29.62560266514754
            ],
            [
              77.53427269559096,
              29.625658174926585
            ],
            [
              77.53421454404935,
              29.625767171911285
            ],
            [
              77.53412244607149,
              29.625959347312428
            ],
            [
              77.53380320637905,
              29.62668081488692
            ],
            [
              77.53327649358528,
              29.626986210292557
            ],
            [
              77.53272091702307,
              29.627277884900657
            ],
            [
              77.53204762432775,
              29.627402744254308
            ],
            [
              77.53168355241444,
              29.627599362010205
            ],
            [
              77.53160905872119,
              29.627765249207375
            ],
            [
              77.53157177504363,
              29.62793628436883
            ],
            [
              77.53166071274833,
              29.628001378744635
            ],
            [
              77.53189817880045,
              29.628086879372617
            ],
            [
              77.53203002633131,
              29.628212609946548
            ],
            [
              77.53199611942094,
              29.628283242013424
            ],
            [
              77.53153183774275,
              29.628751942860664
            ],
            [
              77.53131109203304,
              29.629097450771553
            ],
            [
              77.53126654367976,
              29.629196948846676
            ],
            [
              77.53121938841556,
              29.62923539108095
            ],
            [
              77.53119046356171,
              29.629258968186157
            ],
            [
              77.53109887223367,
              29.629258206853635
            ],
            [
              77.5309554526053,
              29.629197315067344
            ],
            [
              77.53074780972231,
              29.62895742382545
            ],
            [
              77.53061017614269,
              29.628864110681853
            ],
            [
              77.53050877521176,
              29.62885605614209
            ],
            [
              77.53044683188133,
              29.628876902679647
            ],
            [
              77.53035682428313,
              29.628980099106943
            ],
            [
              77.53037646415018,
              29.62908259265876
            ],
            [
              77.53042820621222,
              29.629230633337002
            ],
            [
              77.53045345426162,
              29.62947679729513
            ],
            [
              77.53034607144917,
              29.6295892508817
            ],
            [
              77.53021000632805,
              29.629511803674195
            ],
            [
              77.53002299415387,
              29.62938247967493
            ],
            [
              77.52982813699234,
              29.62944570219382
            ],
            [
              77.52976531960114,
              29.629546659336786
            ],
            [
              77.5297865414014,
              29.62975311083883
            ],
            [
              77.52988521594548,
              29.630001590296736
            ],
            [
              77.53031179443286,
              29.630592531309624
            ],
            [
              77.53036668868324,
              29.630860393869312
            ],
            [
              77.53049116643555,
              29.63091477009356
            ],
            [
              77.53065638009103,
              29.63082975833006
            ],
            [
              77.53081833555697,
              29.63062501205376
            ],
            [
              77.53098107974373,
              29.630428061316362
            ],
            [
              77.53109583233476,
              29.63038714503891
            ],
            [
              77.53120450243298,
              29.63046664363291
            ],
            [
              77.53129489271349,
              29.630767739957587
            ],
            [
              77.53128234055406,
              29.630912781291382
            ],
            [
              77.53114354635107,
              29.631075849666587
            ],
            [
              77.53104658040266,
              29.63137966382728
            ],
            [
              77.53113140562002,
              29.631493046046806
            ],
            [
              77.53125353337951,
              29.631523484613567
            ],
            [
              77.5315307480863,
              29.631461704823458
            ],
            [
              77.53169420104383,
              29.631448914715595
            ],
            [
              77.53174603383572,
              29.631508954029083
            ],
            [
              77.53173348257458,
              29.631653994295615
            ],
            [
              77.53167460160095,
              29.63188275301926
            ],
            [
              77.53171731918766,
              29.63203147671483
            ],
            [
              77.53186643862652,
              29.632148040089128
            ],
            [
              77.53193242707066,
              29.632254904631196
            ],
            [
              77.5318316136379,
              29.632342826907017
            ],
            [
              77.53173316816422,
              29.632542685609938
            ],
            [
              77.53169586831697,
              29.632625628295838
            ],
            [
              77.53171974194397,
              29.632767927814392
            ],
            [
              77.53174271635737,
              29.63281406529141
            ],
            [
              77.53193168685885,
              29.63278325778371
            ],
            [
              77.53220154795673,
              29.632738122093492
            ],
            [
              77.53230127891958,
              29.632730308358195
            ],
            [
              77.53237305341246,
              29.63280475471781
            ],
            [
              77.53234641207608,
              29.63294683066726
            ],
            [
              77.53234780266814,
              29.633138876810563
            ],
            [
              77.53236165828308,
              29.63327388115799
            ],
            [
              77.53228814016022,
              29.633359656064382
            ],
            [
              77.53209838273455,
              29.63338257631386
            ],
            [
              77.53201897076514,
              29.633500860615726
            ],
            [
              77.53215828509262,
              29.63361003807353
            ],
            [
              77.53217635829783,
              29.633696666129428
            ],
            [
              77.53206484233678,
              29.63376940724709
            ],
            [
              77.53170418671652,
              29.633909668776848
            ],
            [
              77.53159679941251,
              29.634022214235994
            ],
            [
              77.5316765204024,
              29.63417608191034
            ],
            [
              77.5318200523202,
              29.63423688401646
            ],
            [
              77.53208981190843,
              29.63419174663522
            ],
            [
              77.53225257226488,
              29.634082978174984
            ],
            [
              77.53242671337763,
              29.633997277281367
            ],
            [
              77.53260833116852,
              29.63398302424386
            ],
            [
              77.53278660093834,
              29.633937127013297
            ],
            [
              77.53294336414193,
              29.633860773170912
            ],
            [
              77.53299391144466,
              29.633728770298543
            ],
            [
              77.5330717378876,
              29.6335064356776
            ],
            [
              77.53317746510498,
              29.633466204650027
            ],
            [
              77.53333335694275,
              29.633469962742804
            ],
            [
              77.5333966773905,
              29.633553070199103
            ],
            [
              77.5334228030939,
              29.633719120153053
            ],
            [
              77.53345159589541,
              29.633909020698006
            ],
            [
              77.53356185511338,
              29.634092475245566
            ],
            [
              77.533812600062,
              29.634216906854913
            ],
            [
              77.5340063846351,
              29.634233698289975
            ],
            [
              77.53417708789527,
              29.634204441135324
            ],
            [
              77.53435616255557,
              29.634254428154016
            ],
            [
              77.53444177739203,
              29.634375786278458
            ],
            [
              77.53445239188544,
              29.634479056715303
            ],
            [
              77.53438378934383,
              29.63461252497001
            ],
            [
              77.53418796739169,
              29.634843952031588
            ],
            [
              77.53414399216356,
              29.634951425087397
            ],
            [
              77.53412093241022,
              29.634993286632632
            ],
            [
              77.5341826852978,
              29.635060528357588
            ],
            [
              77.5345926961564,
              29.635088406355383
            ],
            [
              77.53466279978285,
              29.635146984168877
            ],
            [
              77.53466517133522,
              29.635258827080367
            ],
            [
              77.53462286966847,
              29.63538225937812
            ],
            [
              77.53459470299275,
              29.635464517301376
            ],
            [
              77.53460443084896,
              29.635559714659617
            ],
            [
              77.5347569944286,
              29.635619918614903
            ],
            [
              77.53494018067798,
              29.635621619988076
            ],
            [
              77.53505396578346,
              29.63566062819603
            ],
            [
              77.53512652630221,
              29.635743050641498
            ],
            [
              77.53518652208508,
              29.635882423211836
            ],
            [
              77.53511291682564,
              29.636056288268968
            ],
            [
              77.53511272638279,
              29.63614437587936
            ],
            [
              77.5351730159148,
              29.636195753321037
            ],
            [
              77.53526117657678,
              29.63625286571033
            ],
            [
              77.535494637041,
              29.63629855575458
            ],
            [
              77.53555069101641,
              29.63631021699171
            ],
            [
              77.53559517289436,
              29.636386808682325
            ],
            [
              77.53560411741962,
              29.636474120671267
            ],
            [
              77.53562140729389,
              29.63655286099158
            ],
            [
              77.5356715719143,
              29.63659694011546
            ],
            [
              77.53578702968285,
              29.636651905086605
            ],
            [
              77.53585221682975,
              29.636662882305163
            ],
            [
              77.53585459107705,
              29.636774725875597
            ],
            [
              77.5358701229483,
              29.63692559734049
            ],
            [
              77.53589222509756,
              29.63705202584241
            ],
            [
              77.53625161409326,
              29.63721089610875
            ],
            [
              77.5365253029126,
              29.63698541867105
            ],
            [
              77.53673074132986,
              29.636922899695595
            ],
            [
              77.53681493772648,
              29.63691631135154
            ],
            [
              77.53685132578372,
              29.636857894630158
            ],
            [
              77.53686391926564,
              29.636773385249498
            ],
            [
              77.5368736022061,
              29.63666135975199
            ],
            [
              77.5369318516641,
              29.636610419794117
            ],
            [
              77.53718912736483,
              29.636534591112714
            ],
            [
              77.53735725964665,
              29.636623509072543
            ],
            [
              77.53744970796751,
              29.636801742181568
            ],
            [
              77.53750118233158,
              29.63689043581742
            ],
            [
              77.53758441124266,
              29.636874583340724
            ],
            [
              77.53762834155499,
              29.63688972217105
            ],
            [
              77.53770468667605,
              29.63701359127606
            ],
            [
              77.53776176562921,
              29.6371574953704
            ],
            [
              77.53782103916659,
              29.6372178287629
            ],
            [
              77.53796919830641,
              29.63721542001895
            ],
            [
              77.53840612269093,
              29.637134822710507
            ],
            [
              77.53857706041138,
              29.637251344262218
            ],
            [
              77.53870977661317,
              29.637407847637487
            ],
            [
              77.53883764730227,
              29.637518401296514
            ],
            [
              77.53910541981709,
              29.637441814370483
            ],
            [
              77.54002931373064,
              29.636942749050913
            ],
            [
              77.54050654911521,
              29.636738407941145
            ],
            [
              77.54069354511971,
              29.637011299646304
            ],
            [
              77.54075574896156,
              29.63706932978603
            ],
            [
              77.54090449200629,
              29.637208093845306
            ],
            [
              77.54108608194939,
              29.637221667918045
            ],
            [
              77.54293193300869,
              29.63625617005447
            ],
            [
              77.5444154773442,
              29.635323684824687
            ],
            [
              77.54537063712118,
              29.635026151677437
            ],
            [
              77.54599201707458,
              29.634935612126785
            ],
            [
              77.5464338193111,
              29.634799027302982
            ],
            [
              77.5471433617231,
              29.634381635357663
            ],
            [
              77.54858964304232,
              29.633396347669265
            ],
            [
              77.54907850262666,
              29.632996287349183
            ],
            [
              77.54939023330162,
              29.632832626312542
            ],
            [
              77.550908375352,
              29.632495628973093
            ],
            [
              77.55174022428825,
              29.632235560330358
            ],
            [
              77.55260456888159,
              29.63188019813182
            ],
            [
              77.55363650137768,
              29.6312983536287
            ],
            [
              77.5541271036937,
              29.63096762208755
            ],
            [
              77.55432701477703,
              29.630849963388297
            ],
            [
              77.55462345163428,
              29.63068514321692
            ],
            [
              77.55484712944505,
              29.630753549711336
            ],
            [
              77.55528557916895,
              29.630895263120365
            ],
            [
              77.55549851402726,
              29.631008467853555
            ],
            [
              77.55565906812136,
              29.63112563912388
            ],
            [
              77.55577558410529,
              29.631227766621944
            ],
            [
              77.55588063039967,
              29.631321661642822
            ],
            [
              77.5559599372662,
              29.631371030107164
            ],
            [
              77.55611470441326,
              29.631331069177406
            ],
            [
              77.55702129767269,
              29.630768273272817
            ],
            [
              77.55747357157048,
              29.63063071611392
            ],
            [
              77.5584322410653,
              29.630675998766044
            ],
            [
              77.5589463244445,
              29.630677369926183
            ],
            [
              77.55923489834807,
              29.630803069156656
            ],
            [
              77.55939534733926,
              29.63092041869764
            ],
            [
              77.55949565232557,
              29.630968088249446
            ],
            [
              77.55962269836128,
              29.63096744561754
            ],
            [
              77.55999844118674,
              29.6309100389775
            ],
            [
              77.56077278177513,
              29.6307101309655
            ],
            [
              77.56130228204124,
              29.630705684066555
            ],
            [
              77.56181162590903,
              29.630814022025717
            ],
            [
              77.56218054064003,
              29.6307943237267
            ],
            [
              77.56282672667167,
              29.630687887098635
            ],
            [
              77.56587530601371,
              29.62987792027381
            ],
            [
              77.5673931489251,
              29.62979578662826
            ],
            [
              77.56872448810877,
              29.62960424088359
            ],
            [
              77.57002596998736,
              29.629475419090976
            ],
            [
              77.57073318935602,
              29.62944633078009
            ],
            [
              77.57262725838649,
              29.629350220292434
            ],
            [
              77.57361806421227,
              29.629285553134284
            ],
            [
              77.57551943115614,
              29.628818654645777
            ],
            [
              77.57615072491699,
              29.628716794101358
            ],
            [
              77.57655529557825,
              29.628679651017485
            ],
            [
              77.57731317903063,
              29.62840844916569
            ],
            [
              77.5781827401408,
              29.628049088720882
            ],
            [
              77.57840060675004,
              29.627938994748217
            ],
            [
              77.57847781784702,
              29.627796846142786
            ],
            [
              77.57846787888674,
              29.627630769247123
            ],
            [
              77.57837303835227,
              29.62746497475179
            ],
            [
              77.57834506481433,
              29.62733113470319
            ],
            [
              77.57835604132879,
              29.627231395839228
            ],
            [
              77.57851688198546,
              29.626940508215377
            ],
            [
              77.57874790172708,
              29.626507913645
            ],
            [
              77.57977235844339,
              29.62530593727127
            ],
            [
              77.57991067025105,
              29.624934491679554
            ],
            [
              77.58057087179779,
              29.624187099224272
            ],
            [
              77.58103681266428,
              29.624444903757386
            ],
            [
              77.58168421681145,
              29.62463665687652
            ],
            [
              77.58209770864178,
              29.62493423867205
            ],
            [
              77.58278467818732,
              29.625240954382182
            ],
            [
              77.58399670493161,
              29.626062379620194
            ],
            [
              77.5841197902952,
              29.626060376666402
            ],
            [
              77.58419127463223,
              29.625985352937946
            ],
            [
              77.58421997490726,
              29.62583670465122
            ],
            [
              77.58431701182256,
              29.625752081385684
            ],
            [
              77.5845790189499,
              29.6257314629997
            ],
            [
              77.58486164061638,
              29.62582470329937
            ],
            [
              77.58514831907469,
              29.625871485059072
            ],
            [
              77.58543013225743,
              29.62587240884027
            ],
            [
              77.58623485297039,
              29.625562487967777
            ],
            [
              77.58655418069772,
              29.625414068636967
            ],
            [
              77.58670754557457,
              29.625278822614025
            ],
            [
              77.58669257425208,
              29.625133639637305
            ],
            [
              77.58681098837617,
              29.625000985782425
            ],
            [
              77.58684592655251,
              29.624934935223603
            ],
            [
              77.58687803144248,
              29.624853001360005
            ],
            [
              77.58731702464708,
              29.62459337136922
            ],
            [
              77.5872218634141,
              29.624480870038106
            ],
            [
              77.58720530476846,
              29.624320372617284
            ],
            [
              77.58729299830651,
              29.62418826431692
            ],
            [
              77.58746688519604,
              29.62408070403101
            ],
            [
              77.58765456392017,
              29.624050179659744
            ],
            [
              77.58776962193836,
              29.624067285147138
            ],
            [
              77.58793315484594,
              29.624033469301953
            ],
            [
              77.58870656657633,
              29.623549904754626
            ],
            [
              77.5898548749192,
              29.62285711218821
            ],
            [
              77.59011956711092,
              29.62276317804205
            ],
            [
              77.59023251498654,
              29.62275955464637
            ],
            [
              77.59039061937486,
              29.62278883933296
            ],
            [
              77.59072188122072,
              29.62293499088425
            ],
            [
              77.59201497103791,
              29.623616093659365
            ],
            [
              77.59233007398845,
              29.623865294964105
            ],
            [
              77.592609191327,
              29.6238538033024
            ],
            [
              77.59278078571592,
              29.6237828323448
            ],
            [
              77.59301097990581,
              29.623759436687862
            ],
            [
              77.59318900892714,
              29.623750647697165
            ],
            [
              77.59334827483711,
              29.623790295370775
            ],
            [
              77.59357613520386,
              29.623918505963776
            ],
            [
              77.5936875325873,
              29.62395661364642
            ],
            [
              77.59378316543584,
              29.623959506081448
            ],
            [
              77.59392202072425,
              29.623917348676972
            ],
            [
              77.59446112487907,
              29.623650400048152
            ],
            [
              77.59455682599956,
              29.62368195532472
            ],
            [
              77.59625206461997,
              29.624675784129177
            ],
            [
              77.5963763797772,
              29.624723423057635
            ],
            [
              77.596513475266,
              29.624723084932654
            ],
            [
              77.59666029142444,
              29.624643589615204
            ],
            [
              77.59714631682408,
              29.624266049057976
            ],
            [
              77.5972823936233,
              29.624226593671157
            ],
            [
              77.59750934220004,
              29.6244017641944
            ],
            [
              77.59764104600049,
              29.62452194489244
            ],
            [
              77.59775346656507,
              29.624513088030778
            ],
            [
              77.597903193265,
              29.624364957645874
            ],
            [
              77.5983578710545,
              29.624793599189115
            ],
            [
              77.59865295684554,
              29.624935990983385
            ],
            [
              77.59895544565288,
              29.625096624859488
            ],
            [
              77.59927617924359,
              29.625272912097202
            ],
            [
              77.59967351038196,
              29.625563064259126
            ],
            [
              77.60026793908017,
              29.62643643464499
            ],
            [
              77.6005456137244,
              29.626789543706742
            ],
            [
              77.60069960382873,
              29.62681518523124
            ],
            [
              77.60109233559282,
              29.626787786742387
            ],
            [
              77.60147192410605,
              29.626552692143406
            ],
            [
              77.60201365493477,
              29.626150600130085
            ],
            [
              77.60202618822959,
              29.626061412892433
            ],
            [
              77.60211193691504,
              29.625985309989616
            ],
            [
              77.60332211762142,
              29.625271643159458
            ],
            [
              77.6035715959455,
              29.624936079223637
            ],
            [
              77.60404045004846,
              29.624319626084354
            ],
            [
              77.6068599149756,
              29.622818595677003
            ],
            [
              77.60910501866968,
              29.621547637819702
            ],
            [
              77.6100183052763,
              29.621012384120476
            ],
            [
              77.61060139543905,
              29.621041535777977
            ],
            [
              77.61142811768994,
              29.62075937814754
            ],
            [
              77.61286343417282,
              29.620044755935304
            ],
            [
              77.61399181698435,
              29.61963033364274
            ],
            [
              77.6138965057327,
              29.619470411850706
            ],
            [
              77.61404071408188,
              29.619340681373526
            ],
            [
              77.61538645685282,
              29.618849977650136
            ],
            [
              77.61720171758176,
              29.61825558161191
            ],
            [
              77.61821921864282,
              29.617763758980526
            ],
            [
              77.61949496738178,
              29.616923735726118
            ],
            [
              77.62066222299059,
              29.61585078898016
            ],
            [
              77.6206074509111,
              29.61564815365567
            ],
            [
              77.62059418818426,
              29.615521038380532
            ],
            [
              77.62063280226671,
              29.615458880945642
            ],
            [
              77.62080652027302,
              29.61539587769135
            ],
            [
              77.62111523620186,
              29.61533202705402
            ],
            [
              77.62137923758914,
              29.61527172897378
            ],
            [
              77.62153059832461,
              29.615210500730853
            ],
            [
              77.621549957019,
              29.615070955084008
            ],
            [
              77.62149711272409,
              29.61499627616977
            ],
            [
              77.62150021281013,
              29.614917202710025
            ],
            [
              77.62163627703295,
              29.614817746763766
            ],
            [
              77.62205377624777,
              29.61471575570181
            ],
            [
              77.62235136115194,
              29.614544323235744
            ],
            [
              77.6226490448708,
              29.614156137695886
            ],
            [
              77.62255382165405,
              29.613454016611175
            ],
            [
              77.62252856821478,
              29.613263904134833
            ],
            [
              77.62278860264175,
              29.613056020895023
            ],
            [
              77.62356859273496,
              29.612432548229712
            ],
            [
              77.6234620417625,
              29.612165048261485
            ],
            [
              77.62348449605135,
              29.61194642729443
            ],
            [
              77.62357487555205,
              29.611732285610287
            ],
            [
              77.6237439178273,
              29.611607124121676
            ],
            [
              77.62431596140696,
              29.611038914313415
            ],
            [
              77.62404996755639,
              29.610556704929007
            ],
            [
              77.6245411690487,
              29.6095993028301
            ],
            [
              77.62392232234437,
              29.608629025219727
            ],
            [
              77.6244109618415,
              29.60764658323709
            ],
            [
              77.62402971144503,
              29.606468814891663
            ],
            [
              77.62675299465303,
              29.60509574067595
            ],
            [
              77.62731129939876,
              29.605064213946278
            ],
            [
              77.62806351178675,
              29.604796343739515
            ],
            [
              77.62899759798546,
              29.60563535194954
            ],
            [
              77.62960880002669,
              29.60525120913388
            ],
            [
              77.63106156538564,
              29.603990330246194
            ],
            [
              77.63251538267177,
              29.602700422354527
            ],
            [
              77.63348626476285,
              29.601925387143012
            ],
            [
              77.63348900282784,
              29.60153751621328
            ],
            [
              77.63485616143514,
              29.600654003384722
            ],
            [
              77.63641941867574,
              29.599592398223816
            ],
            [
              77.63670764133802,
              29.599682062692
            ],
            [
              77.6404219064416,
              29.597712273862598
            ],
            [
              77.6434603222445,
              29.595845795647143
            ],
            [
              77.64629037741054,
              29.5942459976471
            ],
            [
              77.64792943629142,
              29.592953049156264
            ],
            [
              77.64777440414137,
              29.590564480654642
            ],
            [
              77.64740854368237,
              29.58869270979723
            ],
            [
              77.64742880069203,
              29.587303135694498
            ],
            [
              77.64769064073272,
              29.58610692420702
            ],
            [
              77.64753854517532,
              29.585468696935543
            ],
            [
              77.64668217762173,
              29.583623356674053
            ],
            [
              77.64703541315772,
              29.583445356853527
            ],
            [
              77.64691812821592,
              29.58272933430341
            ],
            [
              77.6467796187789,
              29.582427760134888
            ],
            [
              77.64795173068015,
              29.581734582674105
            ],
            [
              77.64769010084522,
              29.581280200282006
            ],
            [
              77.64852950281637,
              29.58068839365809
            ],
            [
              77.6479416956001,
              29.579434531098574
            ],
            [
              77.64830084474565,
              29.57883086217555
            ],
            [
              77.64733928267562,
              29.578106819390225
            ],
            [
              77.64749389171921,
              29.577669405119387
            ],
            [
              77.6471576801561,
              29.57677068463868
            ],
            [
              77.64741877998503,
              29.576462393339327
            ],
            [
              77.64800569427588,
              29.57620266999967
            ],
            [
              77.64927794587345,
              29.575639657756533
            ],
            [
              77.65055694471711,
              29.574600376128345
            ],
            [
              77.6512494137488,
              29.573695128042566
            ],
            [
              77.65184831426053,
              29.572647204837697
            ],
            [
              77.65219136379953,
              29.57195720103913
            ],
            [
              77.65249035726208,
              29.572083539917372
            ],
            [
              77.65314924098026,
              29.570580687371024
            ],
            [
              77.65321570283655,
              29.57046296679752
            ],
            [
              77.65344777540366,
              29.57049455199927
            ],
            [
              77.65453577085835,
              29.569132742359994
            ],
            [
              77.65431284044585,
              29.56891281786567
            ],
            [
              77.65477831329014,
              29.568300689120893
            ],
            [
              77.65420589331636,
              29.567470788629105
            ],
            [
              77.65487309723068,
              29.5668050881266
            ],
            [
              77.65516961763126,
              29.566218797311784
            ],
            [
              77.65570589388956,
              29.565738652879475
            ],
            [
              77.65545319869845,
              29.565371033711415
            ],
            [
              77.65595868699702,
              29.565143296898086
            ],
            [
              77.6562395973729,
              29.564820894808054
            ],
            [
              77.65667929126344,
              29.56464852118464
            ],
            [
              77.65681793185452,
              29.56466244179024
            ],
            [
              77.65718010293264,
              29.565189720038934
            ],
            [
              77.65769865902367,
              29.56619182694291
            ],
            [
              77.65838001859026,
              29.567557582117328
            ],
            [
              77.6590723420949,
              29.56895911504381
            ],
            [
              77.6599342046431,
              29.570547087201426
            ],
            [
              77.6605092297312,
              29.57164523777601
            ],
            [
              77.66089642966978,
              29.572345858376117
            ],
            [
              77.66150703882295,
              29.57344121972881
            ],
            [
              77.66189496190533,
              29.574010520268274
            ],
            [
              77.6622663793427,
              29.57445613037659
            ],
            [
              77.66230188076273,
              29.575003283106774
            ],
            [
              77.66242364829782,
              29.575487489064788
            ],
            [
              77.66294346742013,
              29.576190112729606
            ],
            [
              77.6634125029828,
              29.576852894294948
            ],
            [
              77.66398005768096,
              29.577464168064296
            ],
            [
              77.66457072962469,
              29.578061120938006
            ],
            [
              77.66436198720382,
              29.57852762167852
            ],
            [
              77.66408353461856,
              29.578874608731507
            ],
            [
              77.66390437282165,
              29.579007641238533
            ],
            [
              77.66524300093553,
              29.58053835518186
            ],
            [
              77.66621412197851,
              29.581593754030013
            ],
            [
              77.66660404471074,
              29.582181653159093
            ],
            [
              77.66709106364706,
              29.582843118883083
            ],
            [
              77.6672837343092,
              29.582771454244767
            ],
            [
              77.66770595956073,
              29.582500446847874
            ],
            [
              77.66809659735192,
              29.582957029109618
            ],
            [
              77.6685497929212,
              29.583739890092648
            ],
            [
              77.66923600518695,
              29.584666873252324
            ],
            [
              77.6695085980616,
              29.585089048876696
            ],
            [
              77.67086557875672,
              29.587069241088486
            ],
            [
              77.67149093824683,
              29.58806346127797
            ],
            [
              77.67231456310664,
              29.58941704925776
            ],
            [
              77.67351856879375,
              29.59119673037359
            ],
            [
              77.67394763471616,
              29.591712727016226
            ],
            [
              77.6744137004485,
              29.592000772952563
            ],
            [
              77.67472514815414,
              29.59217605571501
            ],
            [
              77.67490106793119,
              29.59228720110602
            ],
            [
              77.67472772182742,
              29.592544685713705
            ],
            [
              77.67478453577758,
              29.592837891021855
            ],
            [
              77.67484344100568,
              29.593141875904486
            ],
            [
              77.67485121322953,
              29.593285121661225
            ],
            [
              77.67504858657217,
              29.59332569680385
            ],
            [
              77.67522912458811,
              29.593686363674042
            ],
            [
              77.67554108882501,
              29.59386787769129
            ],
            [
              77.67629276761373,
              29.59415197591342
            ],
            [
              77.67730817829514,
              29.594358642078603
            ],
            [
              77.67777809330846,
              29.594271270166743
            ],
            [
              77.67878170461863,
              29.593747622172273
            ],
            [
              77.67953802500242,
              29.593218576954666
            ],
            [
              77.68041343234846,
              29.592836296723185
            ],
            [
              77.681213977692,
              29.592628854113084
            ],
            [
              77.68225796108766,
              29.59245833161727
            ],
            [
              77.6826714708843,
              29.592455667152162
            ],
            [
              77.6831965038285,
              29.593815607711864
            ],
            [
              77.68336929118014,
              29.59519676619088
            ],
            [
              77.68340440632461,
              29.59594800810479
            ],
            [
              77.68292885707783,
              29.597732665212796
            ],
            [
              77.68294274593042,
              29.598743213684042
            ],
            [
              77.6829726553378,
              29.599375694898935
            ],
            [
              77.68300232758997,
              29.59953060901337
            ],
            [
              77.68324491763244,
              29.600332078690045
            ],
            [
              77.68326568488516,
              29.60053155175787
            ],
            [
              77.68315128802699,
              29.600986683207836
            ],
            [
              77.68263064784453,
              29.60164696418342
            ],
            [
              77.68264015202023,
              29.601658095180433
            ],
            [
              77.68298180557727,
              29.6020582346106
            ],
            [
              77.68353568612024,
              29.602427272139696
            ],
            [
              77.68333572832451,
              29.603119174130757
            ],
            [
              77.68383221460562,
              29.603693059956523
            ],
            [
              77.68465998519048,
              29.604766383689828
            ],
            [
              77.68446639195857,
              29.604969462649898
            ],
            [
              77.68582697220302,
              29.60723960468122
            ],
            [
              77.68677763411542,
              29.608941494278657
            ],
            [
              77.68705126634084,
              29.60895732303407
            ],
            [
              77.68786887877646,
              29.61020665987046
            ],
            [
              77.68804120708897,
              29.61014283328133
            ],
            [
              77.68963256812323,
              29.61277024683082
            ],
            [
              77.68997767660089,
              29.61285330185413
            ],
            [
              77.69044658909435,
              29.613504231036423
            ],
            [
              77.69039238385179,
              29.613533490297353
            ],
            [
              77.69171483420571,
              29.61509230507132
            ],
            [
              77.69158971505632,
              29.61526505096505
            ],
            [
              77.69192932584444,
              29.61577603098593
            ],
            [
              77.69218358859568,
              29.615942668623635
            ],
            [
              77.69230202966929,
              29.616204519290886
            ],
            [
              77.69265340569265,
              29.61654094636002
            ],
            [
              77.69271066520719,
              29.616812910342418
            ],
            [
              77.69271586914763,
              29.617139164316953
            ],
            [
              77.69285334821703,
              29.61749258163278
            ],
            [
              77.69321268511048,
              29.618042024979715
            ],
            [
              77.69352660138652,
              29.618431665278912
            ],
            [
              77.69413615771411,
              29.61878807919587
            ],
            [
              77.69470911757539,
              29.619084263213157
            ],
            [
              77.6953005135612,
              29.619537752962827
            ],
            [
              77.69591635629918,
              29.619676491973955
            ],
            [
              77.69659667831162,
              29.619472116620344
            ],
            [
              77.69685527723075,
              29.619206040230306
            ],
            [
              77.69670517323837,
              29.61831675177742
            ],
            [
              77.69856120041318,
              29.6171674689857
            ],
            [
              77.69923298124392,
              29.618209984125386
            ],
            [
              77.69954665227986,
              29.618378188205774
            ],
            [
              77.69991251812878,
              29.61824888662015
            ],
            [
              77.70056170902504,
              29.617746626651982
            ],
            [
              77.70077714658974,
              29.61747901271106
            ],
            [
              77.70180319242581,
              29.61674641161748
            ],
            [
              77.70452716733658,
              29.615615468938767
            ],
            [
              77.70638710757278,
              29.61477868284657
            ],
            [
              77.70641147257824,
              29.6146014721093
            ],
            [
              77.70661513233121,
              29.61394687866047
            ],
            [
              77.70701134596538,
              29.613627432265222
            ],
            [
              77.70811107790927,
              29.613464591030706
            ],
            [
              77.70948234810562,
              29.61322785497207
            ],
            [
              77.71083789958116,
              29.613182360643236
            ],
            [
              77.71162266601674,
              29.613157237343465
            ],
            [
              77.71224222777998,
              29.61292006399497
            ],
            [
              77.71333800264502,
              29.612444776880928
            ],
            [
              77.71453950113414,
              29.612144877724827
            ],
            [
              77.71477982832043,
              29.61180234270593
            ],
            [
              77.71479924360867,
              29.611774669131947
            ],
            [
              77.71516157189201,
              29.611958277225394
            ],
            [
              77.71565286501246,
              29.612144078775604
            ],
            [
              77.71586316062047,
              29.612377270927855
            ],
            [
              77.71593665179388,
              29.61253389338547
            ],
            [
              77.71586587802419,
              29.612677117066763
            ],
            [
              77.71580015817635,
              29.612869861774456
            ],
            [
              77.71582089578467,
              29.61306822604118
            ],
            [
              77.7159384448312,
              29.613233805244214
            ],
            [
              77.71603511433554,
              29.613338650715612
            ],
            [
              77.71593982105017,
              29.61352117899476
            ],
            [
              77.71591547490938,
              29.61369811829019
            ],
            [
              77.71601874972598,
              29.613864868699395
            ],
            [
              77.71615025679537,
              29.61402945475951
            ],
            [
              77.71613417964676,
              29.61421823111359
            ],
            [
              77.71617944036402,
              29.614377109273892
            ],
            [
              77.71646453958405,
              29.614504403271404
            ],
            [
              77.71679829694979,
              29.614415175268352
            ],
            [
              77.71704470842546,
              29.614583035027337
            ],
            [
              77.71736319982126,
              29.614757684227673
            ],
            [
              77.71755159719756,
              29.614917579916124
            ],
            [
              77.71773479961662,
              29.61516549383683
            ],
            [
              77.71759314877104,
              29.615451849174022
            ],
            [
              77.7173316824295,
              29.6159603096618
            ],
            [
              77.71726741156421,
              29.61616534501552
            ],
            [
              77.71740422498198,
              29.616654442897236
            ],
            [
              77.71772494869121,
              29.6170538387031
            ],
            [
              77.71794808302128,
              29.617273563785062
            ],
            [
              77.71838908216394,
              29.617250867126366
            ],
            [
              77.71898477658839,
              29.61734079234697
            ],
            [
              77.719064776056,
              29.61755940630018
            ],
            [
              77.71911251612347,
              29.617743132712462
            ],
            [
              77.718971042246,
              29.618167030099738
            ],
            [
              77.71872000175166,
              29.61877453465756
            ],
            [
              77.71850482020682,
              29.619041717207175
            ],
            [
              77.71827037788394,
              29.619398000894105
            ],
            [
              77.71806872676395,
              29.619726635358475
            ],
            [
              77.71803911919046,
              29.619853956960668
            ],
            [
              77.71805728043059,
              29.620027559177753
            ],
            [
              77.7182843439917,
              29.62028442318806
            ],
            [
              77.71857970556552,
              29.620373396099914
            ],
            [
              77.71884022957433,
              29.620402539352085
            ],
            [
              77.71912767519389,
              29.620279594738285
            ],
            [
              77.71925780963753,
              29.62015671635309
            ],
            [
              77.71942805206196,
              29.620143099372786
            ],
            [
              77.71966779803823,
              29.620111417259096
            ],
            [
              77.71984694276718,
              29.62004710261586
            ],
            [
              77.72006997019768,
              29.619854294321048
            ],
            [
              77.72013297174352,
              29.619774235237596
            ],
            [
              77.72036373816023,
              29.61965579971842
            ],
            [
              77.72051977822001,
              29.61978089420528
            ],
            [
              77.72059596433928,
              29.619962273789984
            ],
            [
              77.72067490918472,
              29.620306049298755
            ],
            [
              77.72081035267169,
              29.620507770951072
            ],
            [
              77.7210218349542,
              29.62061588169546
            ],
            [
              77.72126692321152,
              29.620771262183812
            ],
            [
              77.72136512434341,
              29.621026025972697
            ],
            [
              77.72164763731375,
              29.62126590408179
            ],
            [
              77.7220732150779,
              29.621369347264686
            ],
            [
              77.72249378473437,
              29.621698347795746
            ],
            [
              77.72308621198613,
              29.621688490336844
            ],
            [
              77.72362765176072,
              29.621670219323885
            ],
            [
              77.7241059345809,
              29.62145701665353
            ],
            [
              77.72444489498876,
              29.621279848114074
            ],
            [
              77.72474276555718,
              29.62125612232949
            ],
            [
              77.72505212108652,
              29.621206367040465
            ],
            [
              77.72536800557133,
              29.621081158747273
            ],
            [
              77.72594388495727,
              29.620435006201106
            ],
            [
              77.72667564360455,
              29.619638948845726
            ],
            [
              77.72674498366305,
              29.619345891743414
            ],
            [
              77.72668192193011,
              29.618538352259634
            ],
            [
              77.72663774637768,
              29.617979327907136
            ],
            [
              77.72695066911702,
              29.61755426924674
            ],
            [
              77.72749585037472,
              29.61729813627246
            ],
            [
              77.72888111003503,
              29.616359902675736
            ],
            [
              77.73251058495553,
              29.614517822647663
            ],
            [
              77.73464969193768,
              29.613345453808346
            ],
            [
              77.73569193978815,
              29.612636306042756
            ],
            [
              77.73747202877878,
              29.611317468320348
            ],
            [
              77.74021153196753,
              29.60863580910491
            ],
            [
              77.74307369382012,
              29.61354314628114
            ],
            [
              77.7438315063056,
              29.613261361270958
            ],
            [
              77.74436647371857,
              29.613994552337715
            ],
            [
              77.74501908360278,
              29.61339152130063
            ],
            [
              77.74800224672755,
              29.615355298151677
            ],
            [
              77.74872674069914,
              29.61559470868694
            ],
            [
              77.75021030839085,
              29.61648698877864
            ],
            [
              77.75109574542705,
              29.616981004297703
            ],
            [
              77.75171393995447,
              29.617205732287076
            ],
            [
              77.75227157994684,
              29.617521367264313
            ],
            [
              77.7529141583443,
              29.617306155031702
            ],
            [
              77.75344246924101,
              29.6170755232972
            ],
            [
              77.75446074644648,
              29.61780853667914
            ],
            [
              77.75477155455164,
              29.61799426106577
            ],
            [
              77.75536073978355,
              29.618350531275016
            ],
            [
              77.75570961938875,
              29.618551804679086
            ],
            [
              77.75584689364227,
              29.61896660937864
            ],
            [
              77.75601260137115,
              29.61920718195261
            ],
            [
              77.75629401031199,
              29.619344240855845
            ],
            [
              77.75670153732884,
              29.61983560205589
            ],
            [
              77.75794085668807,
              29.621335636718634
            ],
            [
              77.75927010189884,
              29.623021331377167
            ],
            [
              77.76111370806824,
              29.624935198382694
            ],
            [
              77.7611223345899,
              29.62494493292457
            ],
            [
              77.76102921612586,
              29.625057186196585
            ],
            [
              77.76072550381312,
              29.625304145141236
            ],
            [
              77.76121028504612,
              29.625854615703798
            ],
            [
              77.76187666071375,
              29.62650530864525
            ],
            [
              77.7624966177357,
              29.62705774200171
            ],
            [
              77.76340679617151,
              29.62762161280597
            ],
            [
              77.76414902198846,
              29.6281598002354
            ],
            [
              77.7646377279609,
              29.628460876905905
            ],
            [
              77.7647303379785,
              29.62848624392322
            ],
            [
              77.76523457672052,
              29.628151220899753
            ],
            [
              77.76557138656155,
              29.627934290041765
            ],
            [
              77.76689901121154,
              29.627448129870235
            ],
            [
              77.76781946367923,
              29.628041970371047
            ],
            [
              77.76902515370745,
              29.629032488287727
            ],
            [
              77.77032389931772,
              29.63007711780442
            ],
            [
              77.77115644624494,
              29.63086814762491
            ],
            [
              77.77233091532547,
              29.63228381566342
            ],
            [
              77.77306141812801,
              29.633102818360253
            ],
            [
              77.7741691154335,
              29.634097976877936
            ],
            [
              77.77488299311506,
              29.63454497218244
            ],
            [
              77.77613178071736,
              29.635175607033645
            ],
            [
              77.77689674828407,
              29.635893605084476
            ],
            [
              77.77774673600254,
              29.636936459752416
            ],
            [
              77.77833593201426,
              29.637550661186157
            ],
            [
              77.77862663941663,
              29.63787313614963
            ],
            [
              77.77910704226089,
              29.63825508633086
            ],
            [
              77.77933551887193,
              29.63836106132728
            ],
            [
              77.77969936171482,
              29.63811572485197
            ],
            [
              77.7815089244299,
              29.636975703250886
            ],
            [
              77.7829130469145,
              29.636148924823107
            ],
            [
              77.78514903540336,
              29.63485758888777
            ],
            [
              77.7860711542459,
              29.63436424428191
            ],
            [
              77.78639465374938,
              29.634233529633864
            ],
            [
              77.78749639342792,
              29.635467596018533
            ],
            [
              77.788339382372,
              29.634862724278204
            ],
            [
              77.78939952556131,
              29.635962973893598
            ],
            [
              77.79004272918618,
              29.6365436272817
            ],
            [
              77.78907881892,
              29.637636367644735
            ],
            [
              77.78915623123962,
              29.637872481069266
            ],
            [
              77.78966450880715,
              29.63857178593897
            ],
            [
              77.7901947968958,
              29.638483273363835
            ],
            [
              77.79021795187056,
              29.63906769665071
            ],
            [
              77.78986230166306,
              29.639318937376594
            ],
            [
              77.79027329527861,
              29.640019560292085
            ],
            [
              77.79038759511873,
              29.640221290879655
            ],
            [
              77.79074645141345,
              29.64079602572384
            ],
            [
              77.79087376784204,
              29.641008463698974
            ],
            [
              77.7913002843457,
              29.641072358183447
            ],
            [
              77.79178147501246,
              29.641085997319266
            ],
            [
              77.79220219109432,
              29.641613592871785
            ],
            [
              77.79365229115183,
              29.643279064972322
            ],
            [
              77.79468125741087,
              29.644593281660065
            ],
            [
              77.79500686166703,
              29.644907775281904
            ],
            [
              77.79554298341515,
              29.645513302612112
            ],
            [
              77.79603539403982,
              29.646200913843423
            ],
            [
              77.79710082740783,
              29.647500955249154
            ],
            [
              77.79780855522294,
              29.648452917163787
            ],
            [
              77.79861701202918,
              29.649452854866972
            ],
            [
              77.79929154529792,
              29.65037477766695
            ],
            [
              77.79965875772146,
              29.6508202142884
            ],
            [
              77.80025958781442,
              29.651256657028362
            ],
            [
              77.80046809218175,
              29.65145608863171
            ],
            [
              77.80076579656185,
              29.65172046616878
            ],
            [
              77.80098801910188,
              29.65204983128429
            ],
            [
              77.80114430530007,
              29.65210928061417
            ],
            [
              77.80134365583466,
              29.652152195965208
            ],
            [
              77.80158226184886,
              29.652139606777144
            ],
            [
              77.80182940724815,
              29.651995097212115
            ],
            [
              77.80208599034779,
              29.651797608225813
            ],
            [
              77.80234956323866,
              29.651737012674218
            ],
            [
              77.80272230030121,
              29.651503930361105
            ],
            [
              77.8041780318972,
              29.650476616305433
            ],
            [
              77.80475292493297,
              29.650240327897517
            ],
            [
              77.80546900079202,
              29.650916387819017
            ],
            [
              77.80603236574773,
              29.651438552175417
            ],
            [
              77.80656256400484,
              29.65205750534063
            ],
            [
              77.80696035957222,
              29.652700384644938
            ],
            [
              77.8074355980019,
              29.65344512826569
            ],
            [
              77.80814003438984,
              29.654364574156567
            ],
            [
              77.80852592458476,
              29.654834961610835
            ],
            [
              77.80899267932492,
              29.65549195528963
            ],
            [
              77.80935988366357,
              29.656058502187847
            ],
            [
              77.80956383806402,
              29.65672098905529
            ],
            [
              77.80994217163075,
              29.657463670148022
            ],
            [
              77.81019402959203,
              29.658144384061018
            ],
            [
              77.8102894782859,
              29.65891353029261
            ],
            [
              77.81032291268247,
              29.659585692086836
            ],
            [
              77.81053264864006,
              29.66001806103122
            ],
            [
              77.81145481868654,
              29.661460328119936
            ],
            [
              77.81191926655305,
              29.66228464977007
            ],
            [
              77.81222682185857,
              29.662793880024633
            ],
            [
              77.81244568919102,
              29.663090763615187
            ],
            [
              77.81295593766231,
              29.663875229272286
            ],
            [
              77.81375417433556,
              29.66491420106852
            ],
            [
              77.81474474210775,
              29.66591539193923
            ],
            [
              77.81524111789612,
              29.66642570519295
            ],
            [
              77.81604522505977,
              29.66730716132365
            ],
            [
              77.81640093096281,
              29.667763375051493
            ],
            [
              77.81716610424374,
              29.669398579753917
            ],
            [
              77.81800954414209,
              29.670505702264467
            ],
            [
              77.8186798607189,
              29.67152624135775
            ],
            [
              77.81944989029222,
              29.672718790680992
            ],
            [
              77.8198984730125,
              29.673272202887325
            ],
            [
              77.82019492963269,
              29.673523604870216
            ],
            [
              77.82046581930155,
              29.67369720119449
            ],
            [
              77.82365843271963,
              29.671448799874263
            ],
            [
              77.82709063580712,
              29.669424034804972
            ],
            [
              77.8274128183804,
              29.66935878690537
            ],
            [
              77.8279230264275,
              29.669635670060234
            ],
            [
              77.82804401512324,
              29.669386145710014
            ],
            [
              77.82859579271009,
              29.668661905663026
            ],
            [
              77.82891202933449,
              29.668963185922397
            ],
            [
              77.83004879971584,
              29.668299458194024
            ],
            [
              77.83062089270285,
              29.669181470043032
            ],
            [
              77.83117488823014,
              29.66890150716268
            ],
            [
              77.83194777803935,
              29.670407728811483
            ],
            [
              77.8322240980241,
              29.670333157275603
            ],
            [
              77.83352874017584,
              29.669090431222855
            ],
            [
              77.83381727455352,
              29.668988733968593
            ],
            [
              77.83434987041412,
              29.66963845971277
            ],
            [
              77.83461750818168,
              29.66968169775591
            ],
            [
              77.83540887364134,
              29.66952622414077
            ],
            [
              77.83568145843115,
              29.669556526321376
            ],
            [
              77.83598310731365,
              29.670002812332623
            ],
            [
              77.83617977458047,
              29.670588235112717
            ],
            [
              77.83660636115273,
              29.671508006706397
            ],
            [
              77.83677951771195,
              29.671713502653116
            ],
            [
              77.83861729112019,
              29.67048685861144
            ],
            [
              77.83907123678271,
              29.67124080803777
            ],
            [
              77.83973047623377,
              29.672448623013473
            ],
            [
              77.84017128673021,
              29.67323489516321
            ],
            [
              77.8402975925541,
              29.673296557216073
            ],
            [
              77.84109591726227,
              29.672852917720483
            ],
            [
              77.84133455381917,
              29.672774803672997
            ],
            [
              77.84175621672533,
              29.673505603173197
            ],
            [
              77.8418990856864,
              29.673794739041117
            ],
            [
              77.84233238536876,
              29.674370588720546
            ],
            [
              77.84310387470444,
              29.67522462971848
            ],
            [
              77.84369555725286,
              29.67494796878381
            ],
            [
              77.8441367028209,
              29.67494498181216
            ],
            [
              77.844797315796,
              29.67520422283268
            ],
            [
              77.84581151914168,
              29.67573672833551
            ],
            [
              77.84635609313827,
              29.675509603726493
            ],
            [
              77.84694321404166,
              29.67533138765029
            ],
            [
              77.84708640190468,
              29.675411308120772
            ],
            [
              77.8473678144388,
              29.675806939153524
            ],
            [
              77.84786363596658,
              29.67656260400822
            ],
            [
              77.84846924869012,
              29.677899577093115
            ],
            [
              77.84862843105678,
              29.678210348340553
            ],
            [
              77.8488255618543,
              29.678305541949918
            ],
            [
              77.8494598137674,
              29.67835895129375
            ],
            [
              77.84971026766186,
              29.67846291336806
            ],
            [
              77.85006492163771,
              29.679408229354937
            ],
            [
              77.85021190488281,
              29.67988940665107
            ],
            [
              77.85025114868432,
              29.679977733740667
            ],
            [
              77.85132749478639,
              29.679825248822723
            ],
            [
              77.85143127804947,
              29.680450974187764
            ],
            [
              77.8524791493537,
              29.6802419746693
            ],
            [
              77.8529819247401,
              29.6803255749971
            ],
            [
              77.85324589738129,
              29.681121438176366
            ],
            [
              77.853388503136,
              29.68134948586745
            ],
            [
              77.85373091576948,
              29.681544026060227
            ],
            [
              77.85396759130411,
              29.681446550362583
            ],
            [
              77.85517882214108,
              29.680395714710848
            ],
            [
              77.85570423237769,
              29.68005898432376
            ],
            [
              77.85636831823969,
              29.68125935714241
            ],
            [
              77.85714546875828,
              29.68223589889519
            ],
            [
              77.85816890319182,
              29.68343105037303
            ],
            [
              77.85923955487331,
              29.684649615196896
            ],
            [
              77.86010058917482,
              29.685429757738497
            ],
            [
              77.86089071495938,
              29.68612151564111
            ],
            [
              77.86130846210919,
              29.686604344925232
            ],
            [
              77.86157895741766,
              29.686896062167524
            ],
            [
              77.86152438656079,
              29.687435530144004
            ],
            [
              77.86175888368086,
              29.687916293643013
            ],
            [
              77.86215285242514,
              29.68863959978029
            ],
            [
              77.86251470100811,
              29.689196117700096
            ],
            [
              77.86281030602538,
              29.68944925212138
            ],
            [
              77.86313784794767,
              29.689288603104153
            ],
            [
              77.86370550685044,
              29.68885673380821
            ],
            [
              77.86431676368888,
              29.688528623904183
            ],
            [
              77.864907049357,
              29.688025177168
            ],
            [
              77.86522086592005,
              29.687899682852855
            ],
            [
              77.86560408093204,
              29.687811454031102
            ],
            [
              77.8661359275977,
              29.687889810805718
            ],
            [
              77.866881089109,
              29.688129562365862
            ],
            [
              77.86737046971623,
              29.688347071305188
            ],
            [
              77.86836963975561,
              29.68877246319537
            ],
            [
              77.8691111253608,
              29.6889768141393
            ],
            [
              77.86960294938561,
              29.688986969361437
            ],
            [
              77.86992863988006,
              29.6888962317561
            ],
            [
              77.87069453360985,
              29.688484075099375
            ],
            [
              77.8713445940753,
              29.68831814204092
            ],
            [
              77.8720526731317,
              29.688132096315393
            ],
            [
              77.87290158377014,
              29.687884819373508
            ],
            [
              77.87370933090735,
              29.687586090753744
            ],
            [
              77.87471002898101,
              29.68729255405217
            ],
            [
              77.8750373840537,
              29.687748609990077
            ],
            [
              77.87606161978445,
              29.688970652175087
            ],
            [
              77.87694881302704,
              29.690041458690025
            ],
            [
              77.87770972559855,
              29.690962734806103
            ],
            [
              77.87853562409437,
              29.69209919262428
            ],
            [
              77.87894621256969,
              29.692497553239974
            ],
            [
              77.87948390457291,
              29.692907558370518
            ],
            [
              77.87935330659857,
              29.69385317862741
            ],
            [
              77.87915515261994,
              29.696898757012885
            ],
            [
              77.879143188857,
              29.698395719755407
            ],
            [
              77.87900548520875,
              29.70023957886866
            ],
            [
              77.87934735615815,
              29.70055599986255
            ],
            [
              77.87992149999893,
              29.701122761054968
            ],
            [
              77.8804506903463,
              29.700945227896646
            ],
            [
              77.88099526074963,
              29.70075132296991
            ],
            [
              77.8823232788617,
              29.702124775039078
            ],
            [
              77.8826466274482,
              29.702427577223794
            ],
            [
              77.88317539828232,
              29.702085504673832
            ],
            [
              77.88386539155711,
              29.701326405683407
            ],
            [
              77.88429160622681,
              29.700745764899043
            ],
            [
              77.8847883961385,
              29.700585737115762
            ],
            [
              77.88557234420885,
              29.70038744619817
            ],
            [
              77.88618637594321,
              29.70020294831306
            ],
            [
              77.88670486196563,
              29.700086136827792
            ],
            [
              77.88713370061429,
              29.699931621632395
            ],
            [
              77.88790695244455,
              29.699793971746956
            ],
            [
              77.88851028704052,
              29.699670208026575
            ],
            [
              77.88900117142752,
              29.699615470999177
            ],
            [
              77.88954229319847,
              29.699309610104095
            ],
            [
              77.89089826059397,
              29.698855456761567
            ],
            [
              77.89189583432712,
              29.698894033130294
            ],
            [
              77.89292132680093,
              29.699035236231314
            ],
            [
              77.8934420954425,
              29.699262132110928
            ],
            [
              77.89388411237636,
              29.699390859884225
            ],
            [
              77.89450248656682,
              29.699729626086267
            ],
            [
              77.89499141082986,
              29.700138662217466
            ],
            [
              77.89543316904893,
              29.70082834002505
            ],
            [
              77.89560450741801,
              29.70082947613969
            ],
            [
              77.89602472134163,
              29.700915064707225
            ],
            [
              77.89611001997112,
              29.701010843102345
            ],
            [
              77.8961455663069,
              29.701084734870907
            ],
            [
              77.89649239865159,
              29.702088852112553
            ],
            [
              77.89660691768063,
              29.702199204386805
            ],
            [
              77.89697686008431,
              29.701974587344946
            ],
            [
              77.89765685690661,
              29.701605231889435
            ],
            [
              77.89847110784643,
              29.7012098803125
            ],
            [
              77.8991455476904,
              29.701110167853116
            ],
            [
              77.90068665786598,
              29.70118689124188
            ],
            [
              77.90207469691374,
              29.70119376876833
            ],
            [
              77.9028506580629,
              29.700921130742604
            ],
            [
              77.90360915416633,
              29.700485476265335
            ],
            [
              77.90493931476036,
              29.69962922002438
            ],
            [
              77.90666615521414,
              29.69871831026516
            ],
            [
              77.90799084866137,
              29.69813176923556
            ],
            [
              77.90872478572321,
              29.69778778431285
            ],
            [
              77.91067193710214,
              29.696133322303748
            ],
            [
              77.91126691017945,
              29.695770678125093
            ],
            [
              77.91187882907624,
              29.696528714149164
            ],
            [
              77.91253331194784,
              29.695921924647685
            ],
            [
              77.91271279085004,
              29.69607934183526
            ],
            [
              77.91289781595079,
              29.69652806803431
            ],
            [
              77.91343838435954,
              29.697740752725178
            ],
            [
              77.9139622018832,
              29.698476121290014
            ],
            [
              77.91444755534299,
              29.69869095710216
            ],
            [
              77.91560789122917,
              29.69897053972409
            ],
            [
              77.9166581152211,
              29.699101931075766
            ],
            [
              77.91832566776449,
              29.69916061831975
            ],
            [
              77.91972002466365,
              29.6992265686643
            ],
            [
              77.92006913872916,
              29.699287923717087
            ],
            [
              77.91987492386302,
              29.69939345675481
            ],
            [
              77.91908843895033,
              29.699726833367233
            ],
            [
              77.91846848641994,
              29.70001666787285
            ],
            [
              77.91805563059681,
              29.700319609064117
            ],
            [
              77.91726679389468,
              29.70095242224052
            ],
            [
              77.91576582763253,
              29.702213808253745
            ],
            [
              77.91604009227191,
              29.7031778491647
            ],
            [
              77.9167359039348,
              29.70472027430817
            ],
            [
              77.91692205372631,
              29.70555636888049
            ],
            [
              77.91769419883212,
              29.70544685361535
            ],
            [
              77.9190583858125,
              29.705211206996076
            ],
            [
              77.91978733363126,
              29.705001239945453
            ],
            [
              77.92016408167153,
              29.705526121247036
            ],
            [
              77.92113102195515,
              29.70674800494026
            ],
            [
              77.92196737234927,
              29.708195707840563
            ],
            [
              77.92245740333676,
              29.709136410711842
            ],
            [
              77.92280069272597,
              29.70966872471625
            ],
            [
              77.9240279099817,
              29.710914436644195
            ],
            [
              77.92468841965052,
              29.711841205969687
            ],
            [
              77.92585214218536,
              29.713297111818004
            ],
            [
              77.9264435273914,
              29.714219592266193
            ],
            [
              77.92689256106597,
              29.713812734062472
            ],
            [
              77.9277532504144,
              29.71323729920098
            ],
            [
              77.92816527619419,
              29.713233706370147
            ],
            [
              77.92850914140347,
              29.713235738016547
            ],
            [
              77.92921352928238,
              29.713608514780734
            ],
            [
              77.9296538394172,
              29.713762752248318
            ],
            [
              77.92984687299871,
              29.713747008630992
            ],
            [
              77.93007904527884,
              29.713667955021762
            ],
            [
              77.93027292327672,
              29.713552154732785
            ],
            [
              77.93147358543435,
              29.71272883083165
            ],
            [
              77.93387567511418,
              29.7113022560327
            ],
            [
              77.93456606724097,
              29.71111590021238
            ],
            [
              77.93557926896507,
              29.711967026934712
            ],
            [
              77.9368943432522,
              29.713229778832492
            ],
            [
              77.93777140619335,
              29.714170701366996
            ],
            [
              77.93815053566742,
              29.71448416522896
            ],
            [
              77.93874221911416,
              29.714186945022746
            ],
            [
              77.93934230899531,
              29.71346896200752
            ],
            [
              77.94033666855633,
              29.71194063938165
            ]
          ]
        ]
      }
    }
  ]
}