{
  "type": "FeatureCollection",
  "features": [
    {
      "type": "Feature",
      "properties": {
        "objectid": "09-161-00836",
        "stcode11": "09",
        "dtcode11": "161",
        "sdtcode11": "00836",
        "stname": "UTTAR PRADESH",
        "dtname": "Etawah",
        "sdtname": "Jaswantnagar",
        "st_area_sh": 0.0,
        "st_length_": 0.0,
        "remarks": "",
        "dist_lgd": 139,
        "state_lgd": 9,
        "subdt_lgd": 836,
        "ac_no": 199,
        "st_length(shape)": 136676.10067413718,
        "st_area(shape)": 357941578.5227976
      },
      "geometry": {
        "type": "Polygon",
        "coordinates": [
          [
            [
              78.85603549069073,
              26.968853378720336
            ],
            [
              78.85638253144452,
              26.968163919621762
            ],
            [
              78.85666373556951,
              26.967584747081847
            ],
            [
              78.85705134334323,
              26.96701406714843
            ],
            [
              78.85789490541246,
              26.966016598097323
            ],
            [
              78.85793817725973,
              26.96584860391534
            ],
            [
              78.85788686279575,
              26.965374468943132
            ],
            [
              78.85838938216229,
              26.965035414311835
            ],
            [
              78.85845351109383,
              26.96499214538682
            ],
            [
              78.85892263019979,
              26.964640179822815
            ],
            [
              78.85936293494476,
              26.96440024128478
            ],
            [
              78.85979153643817,
              26.964683894047788
            ],
            [
              78.85988814934862,
              26.964765669019066
            ],
            [
              78.85993687396967,
              26.964766022908755
            ],
            [
              78.85998583394927,
              26.964728966167854
            ],
            [
              78.86092776513536,
              26.964023583099046
            ],
            [
              78.86210332656731,
              26.963209211344658
            ],
            [
              78.8629795756348,
              26.96243641901087
            ],
            [
              78.86292093361307,
              26.96199964279079
            ],
            [
              78.86296324336462,
              26.961937533606545
            ],
            [
              78.86401013370852,
              26.96073577568107
            ],
            [
              78.86401063766338,
              26.960679707765074
            ],
            [
              78.86376321558299,
              26.960359961975396
            ],
            [
              78.86417597977795,
              26.9600887410254
            ],
            [
              78.86416829828397,
              26.959893535360628
            ],
            [
              78.86457392177073,
              26.9596858713987
            ],
            [
              78.86507885940205,
              26.95927081135971
            ],
            [
              78.86566313623923,
              26.95890733791455
            ],
            [
              78.86611968342285,
              26.958808504629385
            ],
            [
              78.86642811278911,
              26.95870860312577
            ],
            [
              78.86670247714152,
              26.95859825160794
            ],
            [
              78.86696600511662,
              26.958426602373095
            ],
            [
              78.86708014685325,
              26.958406925156982
            ],
            [
              78.86711384355789,
              26.958458275677714
            ],
            [
              78.8671927309112,
              26.958560971044033
            ],
            [
              78.86733936920322,
              26.95871516885312
            ],
            [
              78.86795394980822,
              26.95878090537459
            ],
            [
              78.86857918443249,
              26.958928344200157
            ],
            [
              78.8691101121216,
              26.95894186877096
            ],
            [
              78.86913729514211,
              26.95894256217442
            ],
            [
              78.86977015915807,
              26.959498551060094
            ],
            [
              78.87042518281548,
              26.960146618790997
            ],
            [
              78.87100149518939,
              26.96066138329884
            ],
            [
              78.87204365859824,
              26.96132242576356
            ],
            [
              78.87305141024353,
              26.96073739786697
            ],
            [
              78.87357016935381,
              26.961323163189757
            ],
            [
              78.8737587877157,
              26.961498981147976
            ],
            [
              78.87392021676891,
              26.961583326206252
            ],
            [
              78.87428156678688,
              26.96134682487955
            ],
            [
              78.87470113841508,
              26.96106909836504
            ],
            [
              78.87517329113177,
              26.961394754358476
            ],
            [
              78.87579240463567,
              26.960837814812784
            ],
            [
              78.87617128797137,
              26.961235601603086
            ],
            [
              78.87701314683484,
              26.96117206598473
            ],
            [
              78.87701476559899,
              26.96117194428122
            ],
            [
              78.87705243824705,
              26.961169094657635
            ],
            [
              78.8775144022718,
              26.961349158060223
            ],
            [
              78.87796310536632,
              26.9617057986542
            ],
            [
              78.87841081492417,
              26.962197648764892
            ],
            [
              78.87869770897811,
              26.9625011973589
            ],
            [
              78.87978852065122,
              26.96232181797122
            ],
            [
              78.87994821415927,
              26.962614071969995
            ],
            [
              78.88056288010422,
              26.962545645828953
            ],
            [
              78.88105732541302,
              26.962985792345695
            ],
            [
              78.8819324156538,
              26.962295524674193
            ],
            [
              78.88329422479357,
              26.962918593855346
            ],
            [
              78.88376668383582,
              26.963212971274416
            ],
            [
              78.88401929997515,
              26.963485104665075
            ],
            [
              78.88499796417156,
              26.962878654098805
            ],
            [
              78.88561447256116,
              26.962612774883414
            ],
            [
              78.88614865035497,
              26.962481434382017
            ],
            [
              78.88640391921938,
              26.96244160095984
            ],
            [
              78.88787789919206,
              26.963481276687922
            ],
            [
              78.8887881719509,
              26.96406985006865
            ],
            [
              78.88923764669828,
              26.964343365727277
            ],
            [
              78.89002162890462,
              26.96480621019911
            ],
            [
              78.89029907717337,
              26.96488096974615
            ],
            [
              78.89043596964288,
              26.96512102175336
            ],
            [
              78.89065775739833,
              26.964945914024888
            ],
            [
              78.89109309266313,
              26.9655103473584
            ],
            [
              78.89126786439321,
              26.965397229049497
            ],
            [
              78.89169135087941,
              26.96600312561736
            ],
            [
              78.89185416603308,
              26.965931563799312
            ],
            [
              78.89239048810546,
              26.966570553659974
            ],
            [
              78.89240433383893,
              26.966551036393856
            ],
            [
              78.8929040199191,
              26.966388175937187
            ],
            [
              78.89319534356574,
              26.9662031661983
            ],
            [
              78.89378574421822,
              26.966259256184664
            ],
            [
              78.89423696798544,
              26.96633523094577
            ],
            [
              78.89467770392172,
              26.96629668872495
            ],
            [
              78.89503756093971,
              26.966216120636943
            ],
            [
              78.89525387615843,
              26.966654265615553
            ],
            [
              78.89533283358033,
              26.96690429462422
            ],
            [
              78.89601179015354,
              26.967439261931716
            ],
            [
              78.89656590156349,
              26.967692533368922
            ],
            [
              78.89662434685421,
              26.967682045855625
            ],
            [
              78.89662471516345,
              26.967681980203572
            ],
            [
              78.8968444511668,
              26.967642551340166
            ],
            [
              78.89712445334591,
              26.96742620275039
            ],
            [
              78.89809149334253,
              26.96681959086051
            ],
            [
              78.89866253619898,
              26.966449288267878
            ],
            [
              78.898988795327,
              26.96623325924487
            ],
            [
              78.89930175220232,
              26.966225063041833
            ],
            [
              78.89986354959785,
              26.966243880600793
            ],
            [
              78.90008948038339,
              26.966251440289792
            ],
            [
              78.90100515561038,
              26.966216202302718
            ],
            [
              78.90206010833394,
              26.96616124600896
            ],
            [
              78.90257128206996,
              26.96600882461991
            ],
            [
              78.90303717173252,
              26.965731438667824
            ],
            [
              78.90320026536392,
              26.965638817202763
            ],
            [
              78.90340962043584,
              26.96554670087161
            ],
            [
              78.90367711267632,
              26.96543421591389
            ],
            [
              78.90381539573787,
              26.965528755103996
            ],
            [
              78.90402267480316,
              26.965675803187175
            ],
            [
              78.9042082164352,
              26.96565622972055
            ],
            [
              78.90488264280442,
              26.965380292078386
            ],
            [
              78.90542849330706,
              26.965238487880452
            ],
            [
              78.90581351662772,
              26.964939757795037
            ],
            [
              78.90640904755878,
              26.964403311007594
            ],
            [
              78.90673296118563,
              26.96446788485733
            ],
            [
              78.90721186743663,
              26.96402419960778
            ],
            [
              78.90730531917565,
              26.963941477716478
            ],
            [
              78.9083885535593,
              26.96463509965838
            ],
            [
              78.90925219297515,
              26.965254483306193
            ],
            [
              78.90963236090171,
              26.965516979943846
            ],
            [
              78.91171138137109,
              26.963608110689098
            ],
            [
              78.91248217900399,
              26.962906567813054
            ],
            [
              78.91295745606125,
              26.962569265627014
            ],
            [
              78.91223944523105,
              26.961861395743533
            ],
            [
              78.91177378014737,
              26.962188264869003
            ],
            [
              78.91104411726961,
              26.96285405674877
            ],
            [
              78.91057260774663,
              26.962478050743545
            ],
            [
              78.91069294336715,
              26.96228722729977
            ],
            [
              78.91101504329545,
              26.962097802310883
            ],
            [
              78.91180491665342,
              26.96133664423634
            ],
            [
              78.91206624555272,
              26.961306462607276
            ],
            [
              78.9122687446824,
              26.961222744274583
            ],
            [
              78.91269908800915,
              26.960863640851112
            ],
            [
              78.91360963834742,
              26.959869090290532
            ],
            [
              78.91389484087371,
              26.95981783809718
            ],
            [
              78.91379035063649,
              26.95955090995575
            ],
            [
              78.91354494437559,
              26.959102016028464
            ],
            [
              78.91360598310254,
              26.958910780911882
            ],
            [
              78.91360781386909,
              26.958697811311133
            ],
            [
              78.91345592672086,
              26.958419893303557
            ],
            [
              78.91355318911329,
              26.958143696120683
            ],
            [
              78.91372247034035,
              26.957782877379625
            ],
            [
              78.91355786035275,
              26.95760074565673
            ],
            [
              78.91340505782124,
              26.957429267054135
            ],
            [
              78.91332372615203,
              26.95723704662805
            ],
            [
              78.91332482479164,
              26.95710928383586
            ],
            [
              78.91355201771013,
              26.95690853288697
            ],
            [
              78.91339005415936,
              26.956407082332063
            ],
            [
              78.91272580121073,
              26.954996911384846
            ],
            [
              78.9121813898092,
              26.954822813647596
            ],
            [
              78.91159105114045,
              26.954467309916865
            ],
            [
              78.91109633723538,
              26.954038009657406
            ],
            [
              78.91046864661715,
              26.95386333070784
            ],
            [
              78.90928561030373,
              26.95343991595855
            ],
            [
              78.90908533001281,
              26.953268102720767
            ],
            [
              78.90896720963778,
              26.953203396734853
            ],
            [
              78.9089202726642,
              26.953139186368652
            ],
            [
              78.90895678289228,
              26.953032993237485
            ],
            [
              78.9091367738342,
              26.952810594217436
            ],
            [
              78.90978404323407,
              26.95205911286312
            ],
            [
              78.9107435912812,
              26.950873158944123
            ],
            [
              78.91131857235186,
              26.95025951293147
            ],
            [
              78.91242900862065,
              26.948809140928827
            ],
            [
              78.91250057380606,
              26.94871566794512
            ],
            [
              78.91261090758422,
              26.948766332619734
            ],
            [
              78.91344975978642,
              26.949443731625145
            ],
            [
              78.91455857190115,
              26.95021802402308
            ],
            [
              78.91544240005467,
              26.950926961603663
            ],
            [
              78.91594937955665,
              26.951313774663763
            ],
            [
              78.91730489599787,
              26.952377280725464
            ],
            [
              78.91817538057617,
              26.951893508913894
            ],
            [
              78.91876937179487,
              26.951823043964083
            ],
            [
              78.91995697783814,
              26.951714003733514
            ],
            [
              78.92077802722804,
              26.952848356327525
            ],
            [
              78.92183542426751,
              26.95409076905439
            ],
            [
              78.92204544229608,
              26.9545180849082
            ],
            [
              78.92200857723348,
              26.95466692978455
            ],
            [
              78.92193530255406,
              26.95491130825967
            ],
            [
              78.92162431837912,
              26.955196708074816
            ],
            [
              78.92188306372366,
              26.955443361852645
            ],
            [
              78.92283689579067,
              26.9563124033677
            ],
            [
              78.9226331399179,
              26.956545316055454
            ],
            [
              78.92361223261071,
              26.95724410167431
            ],
            [
              78.9235615811034,
              26.95745151711397
            ],
            [
              78.92332929473723,
              26.95840267824079
            ],
            [
              78.92339775714166,
              26.958722575313384
            ],
            [
              78.92384258400574,
              26.960125771268885
            ],
            [
              78.92586249532941,
              26.957930424805753
            ],
            [
              78.92727322941455,
              26.95672613311322
            ],
            [
              78.93053134259326,
              26.955981603283025
            ],
            [
              78.93269423786239,
              26.955634308190167
            ],
            [
              78.93407266314,
              26.95545190715418
            ],
            [
              78.93533625677482,
              26.95480028361512
            ],
            [
              78.93601840057065,
              26.955528970178595
            ],
            [
              78.9377321660455,
              26.95496558302032
            ],
            [
              78.93799302782088,
              26.954988671124998
            ],
            [
              78.93892301860025,
              26.954483768892505
            ],
            [
              78.94002603208983,
              26.953149511885478
            ],
            [
              78.93962807033412,
              26.952486643814236
            ],
            [
              78.94005848283113,
              26.95210623033398
            ],
            [
              78.94070182838986,
              26.951812368399032
            ],
            [
              78.94146330420506,
              26.951583278312626
            ],
            [
              78.9421463597909,
              26.952205408213747
            ],
            [
              78.94353033126708,
              26.95134154230394
            ],
            [
              78.94390586388677,
              26.951855152329394
            ],
            [
              78.94519598387362,
              26.950841541962237
            ],
            [
              78.94540848304905,
              26.951053519066512
            ],
            [
              78.94569036989361,
              26.951334712699854
            ],
            [
              78.94623481273621,
              26.951508693311983
            ],
            [
              78.94715913784104,
              26.95166398178371
            ],
            [
              78.94753876767675,
              26.9516878496931
            ],
            [
              78.94734597304709,
              26.952027315245374
            ],
            [
              78.94715398959615,
              26.95228157422297
            ],
            [
              78.94670025773267,
              26.95261929236959
            ],
            [
              78.94624748886316,
              26.952829241858275
            ],
            [
              78.94626950657077,
              26.953042373892355
            ],
            [
              78.94652859058017,
              26.95327832733293
            ],
            [
              78.94692836872937,
              26.95372820614643
            ],
            [
              78.94758634784408,
              26.954520657648082
            ],
            [
              78.94840827039644,
              26.955569655610002
            ],
            [
              78.94925392823524,
              26.956640130945328
            ],
            [
              78.94958261461117,
              26.95706829308919
            ],
            [
              78.95003256097407,
              26.95719906819597
            ],
            [
              78.95081350058653,
              26.95748114808865
            ],
            [
              78.95108304368078,
              26.95774446434856
            ],
            [
              78.95171290642539,
              26.957567485911284
            ],
            [
              78.9525633253352,
              26.957499983122634
            ],
            [
              78.95343884497068,
              26.95721331681544
            ],
            [
              78.95385397263313,
              26.95769664461452
            ],
            [
              78.95484998958587,
              26.956930205736914
            ],
            [
              78.95511588821502,
              26.957151389155328
            ],
            [
              78.95540742027082,
              26.957101023712788
            ],
            [
              78.95544134424921,
              26.95721615132564
            ],
            [
              78.95569496111177,
              26.957520808710914
            ],
            [
              78.95586618719146,
              26.957939821867626
            ],
            [
              78.95600416302922,
              26.958149677368173
            ],
            [
              78.95620245894168,
              26.958098688624453
            ],
            [
              78.95651736156788,
              26.958038088216316
            ],
            [
              78.95660018623707,
              26.957871524202602
            ],
            [
              78.95638206091304,
              26.957504503914677
            ],
            [
              78.95631445370476,
              26.957232427338106
            ],
            [
              78.95652702923694,
              26.956868264309083
            ],
            [
              78.95693943141086,
              26.956254665358824
            ],
            [
              78.95669800827991,
              26.955877010264455
            ],
            [
              78.95641664066159,
              26.955384822676315
            ],
            [
              78.95426615561809,
              26.954416080088578
            ],
            [
              78.95321687306058,
              26.953699880181997
            ],
            [
              78.95236443922958,
              26.95238322064041
            ],
            [
              78.95044166004266,
              26.950006329617093
            ],
            [
              78.94894057071131,
              26.948835757680907
            ],
            [
              78.9496413491594,
              26.948195691077302
            ],
            [
              78.95022293644064,
              26.947468858939487
            ],
            [
              78.9504661256594,
              26.94706214207846
            ],
            [
              78.95085738508477,
              26.946151357037557
            ],
            [
              78.95175367466793,
              26.945066631204483
            ],
            [
              78.95186324218315,
              26.94469411817605
            ],
            [
              78.95195338632527,
              26.94384277612389
            ],
            [
              78.95181774700558,
              26.943032673361895
            ],
            [
              78.95182128097788,
              26.942606724188696
            ],
            [
              78.9518910755839,
              26.941340028067643
            ],
            [
              78.95197011565078,
              26.94039282476282
            ],
            [
              78.95200512838733,
              26.939040772883647
            ],
            [
              78.9519599718746,
              26.937326005028954
            ],
            [
              78.95201892740842,
              26.93593136266824
            ],
            [
              78.95245796193551,
              26.93518886020279
            ],
            [
              78.95246423397285,
              26.935178256741906
            ],
            [
              78.95349786697977,
              26.93502546668646
            ],
            [
              78.95464777432385,
              26.93516088996869
            ],
            [
              78.95537186585017,
              26.935133714186705
            ],
            [
              78.95557306242267,
              26.935198936693162
            ],
            [
              78.9556526971743,
              26.93561477813754
            ],
            [
              78.9562109902419,
              26.935533271922562
            ],
            [
              78.95646116476033,
              26.93541782103477
            ],
            [
              78.95685210258884,
              26.935494965831147
            ],
            [
              78.95756605572889,
              26.93525481466807
            ],
            [
              78.95918879761093,
              26.93417966814251
            ],
            [
              78.9604791412783,
              26.93310193813767
            ],
            [
              78.96142173901434,
              26.932479959082627
            ],
            [
              78.96206624789137,
              26.932026248106816
            ],
            [
              78.96340383395952,
              26.930959652397778
            ],
            [
              78.96375191136919,
              26.93047208210765
            ],
            [
              78.96424129017976,
              26.930123972385623
            ],
            [
              78.96601403364627,
              26.929539235047052
            ],
            [
              78.9667499856293,
              26.929512174842674
            ],
            [
              78.96796365539225,
              26.929094169265536
            ],
            [
              78.96903671455868,
              26.928462425798816
            ],
            [
              78.96995318659134,
              26.92811700575702
            ],
            [
              78.97137261906335,
              26.92719988214926
            ],
            [
              78.97273275913336,
              26.926282267323945
            ],
            [
              78.97360398931333,
              26.925670592311203
            ],
            [
              78.97414863517515,
              26.92557026096953
            ],
            [
              78.97481574296977,
              26.9240279881511
            ],
            [
              78.97534401883215,
              26.923264686740616
            ],
            [
              78.9761385975656,
              26.92183234070773
            ],
            [
              78.9767496585713,
              26.921101561272675
            ],
            [
              78.97796120741187,
              26.919448353734875
            ],
            [
              78.97875170420062,
              26.91852697531756
            ],
            [
              78.97900870681352,
              26.918104312149108
            ],
            [
              78.97906369089543,
              26.91765883600428
            ],
            [
              78.97930281883077,
              26.91703805339147
            ],
            [
              78.97946420206989,
              26.91601256837118
            ],
            [
              78.97980505163478,
              26.915061051996833
            ],
            [
              78.97990128006631,
              26.914293821031446
            ],
            [
              78.97987129340383,
              26.913550038695565
            ],
            [
              78.97990276228656,
              26.91299262006532
            ],
            [
              78.97982528259331,
              26.912555653071617
            ],
            [
              78.97951384656575,
              26.91210098884511
            ],
            [
              78.97886936733316,
              26.911619984027258
            ],
            [
              78.9782785094382,
              26.911203857077936
            ],
            [
              78.97750881044486,
              26.91062504870878
            ],
            [
              78.97689939155948,
              26.910273511771294
            ],
            [
              78.97617379894832,
              26.90980805307299
            ],
            [
              78.9752961790517,
              26.90921235301651
            ],
            [
              78.97447185260765,
              26.908721973978444
            ],
            [
              78.97373791285085,
              26.90817564617783
            ],
            [
              78.97320128175798,
              26.907727585876476
            ],
            [
              78.97276301529044,
              26.90737723990882
            ],
            [
              78.97240397484106,
              26.907245553083165
            ],
            [
              78.97201793372918,
              26.907105599114015
            ],
            [
              78.971694816908,
              26.906982326367167
            ],
            [
              78.97149764838124,
              26.906867874831775
            ],
            [
              78.97140887686486,
              26.90671368462085
            ],
            [
              78.97133969311324,
              26.906357568602346
            ],
            [
              78.97131483223775,
              26.906098817008022
            ],
            [
              78.97120103275925,
              26.9056939616603
            ],
            [
              78.97093241582806,
              26.905514326065827
            ],
            [
              78.97056515040393,
              26.905285689866048
            ],
            [
              78.97037789298967,
              26.905050050166288
            ],
            [
              78.96992205906842,
              26.904642862311483
            ],
            [
              78.96956151483924,
              26.904697126018995
            ],
            [
              78.96950543840596,
              26.904947257998028
            ],
            [
              78.96947533675909,
              26.90531890415114
            ],
            [
              78.96945521988663,
              26.90558545280093
            ],
            [
              78.96934596588348,
              26.90573025595756
            ],
            [
              78.96921949476955,
              26.905785961076273
            ],
            [
              78.96903928284209,
              26.905792868739766
            ],
            [
              78.96885917422088,
              26.905799777203953
            ],
            [
              78.96867913027839,
              26.905798595619483
            ],
            [
              78.96859865919522,
              26.905733444234805
            ],
            [
              78.9685365918973,
              26.905611784958094
            ],
            [
              78.96846563576963,
              26.905473889332566
            ],
            [
              78.96823373657736,
              26.90520568779462
            ],
            [
              78.96775841101109,
              26.904976244282242
            ],
            [
              78.96722793158129,
              26.904883866096434
            ],
            [
              78.96681559857767,
              26.904662922214428
            ],
            [
              78.9663583228604,
              26.904433592955215
            ],
            [
              78.96580024988003,
              26.904405654349706
            ],
            [
              78.96556643907283,
              26.904371849396824
            ],
            [
              78.96566733604888,
              26.904146097196282
            ],
            [
              78.96578793038421,
              26.903718511960445
            ],
            [
              78.96589394865576,
              26.902979292675436
            ],
            [
              78.96591551540907,
              26.902987889217144
            ],
            [
              78.96593557478938,
              26.902729338986873
            ],
            [
              78.96582959694204,
              26.902486230125216
            ],
            [
              78.9657410625809,
              26.902291681775516
            ],
            [
              78.96576109321512,
              26.90204930978548
            ],
            [
              78.96587114132898,
              26.901807530091126
            ],
            [
              78.96598013122745,
              26.901695085681983
            ],
            [
              78.96616109414651,
              26.90158311381228
            ],
            [
              78.9663594403646,
              26.901552151133767
            ],
            [
              78.96664793791136,
              26.90150551082942
            ],
            [
              78.9668108563713,
              26.901393420208127
            ],
            [
              78.96681257395011,
              26.901183286043203
            ],
            [
              78.96681482063666,
              26.900908530055794
            ],
            [
              78.96651287800503,
              26.90040535803852
            ],
            [
              78.96651710907003,
              26.899888112175155
            ],
            [
              78.96637636642117,
              26.89948307513716
            ],
            [
              78.9662038997681,
              26.898544373645866
            ],
            [
              78.96607964659465,
              26.89831723185667
            ],
            [
              78.96600992295556,
              26.898042002639414
            ],
            [
              78.96593983280383,
              26.89779903670336
            ],
            [
              78.96601561108791,
              26.897346884692915
            ],
            [
              78.96629147562683,
              26.896637457327746
            ],
            [
              78.96645978038522,
              26.8958787823646
            ],
            [
              78.96642657056746,
              26.89553907491966
            ],
            [
              78.96596629986705,
              26.895071459674057
            ],
            [
              78.965962188278,
              26.89506728167513
            ],
            [
              78.96645228843573,
              26.894325338716897
            ],
            [
              78.96712355004021,
              26.893984104400005
            ],
            [
              78.96778193429512,
              26.89385099832572
            ],
            [
              78.96838664690672,
              26.89366100011284
            ],
            [
              78.96926258336049,
              26.89302564214642
            ],
            [
              78.96980513435105,
              26.892738155001982
            ],
            [
              78.97023439430957,
              26.8931047258991
            ],
            [
              78.97053909926066,
              26.89326842366733
            ],
            [
              78.97072087425673,
              26.893067465345673
            ],
            [
              78.97167451767751,
              26.8918891248491
            ],
            [
              78.97233609903651,
              26.891335725345947
            ],
            [
              78.97289878037427,
              26.890789765299605
            ],
            [
              78.97342386182751,
              26.89042943612048
            ],
            [
              78.9739784969553,
              26.88976216709542
            ],
            [
              78.97551971762361,
              26.888422346946317
            ],
            [
              78.97612639485075,
              26.88799791499888
            ],
            [
              78.97717712818746,
              26.887188340685544
            ],
            [
              78.97733491996205,
              26.886388763702758
            ],
            [
              78.97750314297375,
              26.88563007039137
            ],
            [
              78.97815081481885,
              26.884583445854563
            ],
            [
              78.97878184178006,
              26.883375101237867
            ],
            [
              78.9790107747353,
              26.88289157276511
            ],
            [
              78.97939190655416,
              26.882514106332447
            ],
            [
              78.97992179938406,
              26.881563785194405
            ],
            [
              78.97971655500288,
              26.88133612370933
            ],
            [
              78.9794125462461,
              26.881075553650255
            ],
            [
              78.97903677287793,
              26.880790248357208
            ],
            [
              78.9783738260797,
              26.880381820047234
            ],
            [
              78.97772292029958,
              26.879625974951953
            ],
            [
              78.9773845752377,
              26.879163026109023
            ],
            [
              78.97654785563597,
              26.87798548291426
            ],
            [
              78.97605758928991,
              26.8773841046539
            ],
            [
              78.9755674585894,
              26.87676654775429
            ],
            [
              78.97564980625319,
              26.876573113766824
            ],
            [
              78.97589435641962,
              26.876388733944047
            ],
            [
              78.9762371400573,
              26.87630207117282
            ],
            [
              78.97665227760123,
              26.876167340900416
            ],
            [
              78.97716732217782,
              26.875936274299313
            ],
            [
              78.97754752244371,
              26.87567206115761
            ],
            [
              78.97807893342643,
              26.87563506889669
            ],
            [
              78.97788474820474,
              26.875156875967196
            ],
            [
              78.98030224399169,
              26.87404138775775
            ],
            [
              78.97999952701234,
              26.87362279778826
            ],
            [
              78.98052996871287,
              26.873285365650016
            ],
            [
              78.98070115975827,
              26.87299294432269
            ],
            [
              78.98128352138725,
              26.872750534320993
            ],
            [
              78.9820601158487,
              26.871988687645445
            ],
            [
              78.98248450963331,
              26.87170737321079
            ],
            [
              78.98292212841555,
              26.871094736661597
            ],
            [
              78.98371666941975,
              26.870711656033826
            ],
            [
              78.98429000387847,
              26.87028935962479
            ],
            [
              78.98482335971379,
              26.869573271612456
            ],
            [
              78.985207561076,
              26.86903603234375
            ],
            [
              78.9852305013534,
              26.868808929003333
            ],
            [
              78.98545438757334,
              26.868526310092562
            ],
            [
              78.98561675087443,
              26.868016135991034
            ],
            [
              78.98602626406635,
              26.866967740865526
            ],
            [
              78.98630882824065,
              26.8659375540692
            ],
            [
              78.9864064248064,
              26.865616244782704
            ],
            [
              78.98656521371095,
              26.865550986886213
            ],
            [
              78.98690248798101,
              26.86560997494888
            ],
            [
              78.98719788728408,
              26.865611878978207
            ],
            [
              78.98740976482532,
              26.865509086991914
            ],
            [
              78.98734082092392,
              26.86490263705323
            ],
            [
              78.98720812987494,
              26.864333744797843
            ],
            [
              78.98703133963042,
              26.86401066473478
            ],
            [
              78.98708609823518,
              26.863764828044136
            ],
            [
              78.98738234015802,
              26.86293163987491
            ],
            [
              78.98738842175248,
              26.862914580136007
            ],
            [
              78.98554237126721,
              26.861510842824945
            ],
            [
              78.98682029392916,
              26.858754359218764
            ],
            [
              78.98531892073017,
              26.85792455618249
            ],
            [
              78.98509777796511,
              26.857802329322922
            ],
            [
              78.98508685984116,
              26.857796282650618
            ],
            [
              78.98508686163778,
              26.857796164842686
            ],
            [
              78.98509631371121,
              26.857346342006522
            ],
            [
              78.98517477526305,
              26.857097439028216
            ],
            [
              78.98508001467867,
              26.856784995604492
            ],
            [
              78.98494353902744,
              26.85645978223055
            ],
            [
              78.98498620810514,
              26.85622618373106
            ],
            [
              78.98531504809299,
              26.85595389263492
            ],
            [
              78.9856365156073,
              26.855731473027966
            ],
            [
              78.98564548708204,
              26.855482030340006
            ],
            [
              78.98535419667306,
              26.85540531734838
            ],
            [
              78.98525101617955,
              26.85527364769589
            ],
            [
              78.98527222181013,
              26.855223865911576
            ],
            [
              78.98559990656452,
              26.85509507239327
            ],
            [
              78.98596970703439,
              26.85492904006585
            ],
            [
              78.98641551126548,
              26.854807165807877
            ],
            [
              78.98681934979977,
              26.854716277355386
            ],
            [
              78.98700188836384,
              26.854486614324095
            ],
            [
              78.9869639237633,
              26.854018621680606
            ],
            [
              78.98700204197574,
              26.853903576331675
            ],
            [
              78.98704227931397,
              26.853782128138317
            ],
            [
              78.98727896562838,
              26.853739985856464
            ],
            [
              78.98793899559685,
              26.853769244942367
            ],
            [
              78.98858648777895,
              26.853636159638977
            ],
            [
              78.98896424372894,
              26.853333010646224
            ],
            [
              78.9893445401146,
              26.85303235975707
            ],
            [
              78.98981885507617,
              26.852817165087703
            ],
            [
              78.99032019764971,
              26.85270813901399
            ],
            [
              78.99053766989854,
              26.852453783170393
            ],
            [
              78.99064423793901,
              26.85216138893341
            ],
            [
              78.99097917838596,
              26.85199512228389
            ],
            [
              78.99135518172285,
              26.85191020081878
            ],
            [
              78.99174616806036,
              26.85169446463454
            ],
            [
              78.99206119465411,
              26.851415819080618
            ],
            [
              78.99214590937865,
              26.851241693011595
            ],
            [
              78.99208627561683,
              26.850879558723005
            ],
            [
              78.99215760185037,
              26.85064926837279
            ],
            [
              78.99227611568752,
              26.850606360326314
            ],
            [
              78.99233843181877,
              26.850631765174597
            ],
            [
              78.99246879712945,
              26.850850847091177
            ],
            [
              78.99253614562289,
              26.85111944370564
            ],
            [
              78.99268731501725,
              26.851338750689987
            ],
            [
              78.99288801122812,
              26.851452286292368
            ],
            [
              78.9930551050575,
              26.85140969031816
            ],
            [
              78.9932305109982,
              26.85121122867613
            ],
            [
              78.99331537214815,
              26.851018441040775
            ],
            [
              78.99346952305089,
              26.850863511819796
            ],
            [
              78.99362984717627,
              26.85080846167562
            ],
            [
              78.99380306482092,
              26.85087190073907
            ],
            [
              78.99398907896682,
              26.851078925797363
            ],
            [
              78.9942498122831,
              26.851504676882264
            ],
            [
              78.9943775482249,
              26.851616639055607
            ],
            [
              78.99475096171884,
              26.8516735249467
            ],
            [
              78.99490948921365,
              26.85133054694264
            ],
            [
              78.9949615259231,
              26.850814890218157
            ],
            [
              78.9951075551574,
              26.85053632985842
            ],
            [
              78.99570794417752,
              26.85038967191829
            ],
            [
              78.99657265977508,
              26.850158700925927
            ],
            [
              78.996635906561,
              26.849739863881936
            ],
            [
              78.99662776333294,
              26.849256071369005
            ],
            [
              78.99711935289741,
              26.84922696099213
            ],
            [
              78.99744180496532,
              26.849368765909798
            ],
            [
              78.99774438360413,
              26.84899445279887
            ],
            [
              78.99805868795238,
              26.84865246531928
            ],
            [
              78.99850832170154,
              26.848570573344343
            ],
            [
              78.99935191072025,
              26.847625555735696
            ],
            [
              79.00052068897347,
              26.847833038769522
            ],
            [
              79.00142227682018,
              26.846588130052822
            ],
            [
              79.0027526736711,
              26.847497053326464
            ],
            [
              79.00359780060558,
              26.84635188627876
            ],
            [
              79.00476066794423,
              26.847309650178246
            ],
            [
              79.00620928398487,
              26.84736892186044
            ],
            [
              79.00688555459537,
              26.846422713617226
            ],
            [
              79.00833023960836,
              26.846982052389222
            ],
            [
              79.00911867566187,
              26.845936520063702
            ],
            [
              79.01039425461921,
              26.84674501115047
            ],
            [
              79.0116266174249,
              26.845952316796463
            ],
            [
              79.01224435470978,
              26.845355885012324
            ],
            [
              79.01307639229226,
              26.845861407607305
            ],
            [
              79.01414079978422,
              26.84516775295825
            ],
            [
              79.01353634409077,
              26.844063345676695
            ],
            [
              79.01437968697108,
              26.843118243150666
            ],
            [
              79.01360848599461,
              26.841962777877388
            ],
            [
              79.01344943837523,
              26.840911266241115
            ],
            [
              79.01490032266199,
              26.840670222245993
            ],
            [
              79.01418409858091,
              26.839615215900473
            ],
            [
              79.01564003229784,
              26.838723865041217
            ],
            [
              79.01626005130358,
              26.837827267394715
            ],
            [
              79.01515293071651,
              26.83686992906282
            ],
            [
              79.01571252544298,
              26.836573275135972
            ],
            [
              79.01699466569515,
              26.836531292371287
            ],
            [
              79.01733826769808,
              26.835332796347664
            ],
            [
              79.01834177121039,
              26.835289057676395
            ],
            [
              79.01997315039391,
              26.83322339420103
            ],
            [
              79.02126483434768,
              26.831930774887404
            ],
            [
              79.0221691216318,
              26.830944722136557
            ],
            [
              79.02218857824258,
              26.828428990383674
            ],
            [
              79.02221757316498,
              26.828049083247677
            ],
            [
              79.02230214775236,
              26.826940921703923
            ],
            [
              79.02241571366886,
              26.825452944105553
            ],
            [
              79.02234157660678,
              26.82231872568727
            ],
            [
              79.02130652875329,
              26.82266539985511
            ],
            [
              79.02047757508718,
              26.82177747983193
            ],
            [
              79.02038536571824,
              26.820982407709803
            ],
            [
              79.01949194804905,
              26.822080321295864
            ],
            [
              79.01860063064099,
              26.822957107881777
            ],
            [
              79.01860022819572,
              26.82295750470404
            ],
            [
              79.0160434216745,
              26.822985638196222
            ],
            [
              79.01432171958412,
              26.823107229250986
            ],
            [
              79.01230295361242,
              26.823491796157388
            ],
            [
              79.01018176712192,
              26.824405324314196
            ],
            [
              79.0082171605787,
              26.826019428860356
            ],
            [
              79.00816243790653,
              26.82672531911136
            ],
            [
              79.00757739839966,
              26.827539136305703
            ],
            [
              79.0051301108846,
              26.830943275240212
            ],
            [
              79.00327231762193,
              26.82960737962854
            ],
            [
              79.00161154825726,
              26.82822858380059
            ],
            [
              79.00038977658879,
              26.82729393785769
            ],
            [
              78.99878143739569,
              26.82938254268875
            ],
            [
              78.99903719404529,
              26.82943648339431
            ],
            [
              78.99913953820727,
              26.82975062877535
            ],
            [
              78.99902916939486,
              26.83045009173084
            ],
            [
              78.99858446470164,
              26.83126438236727
            ],
            [
              78.99853288074307,
              26.83135615137059
            ],
            [
              78.99788550444367,
              26.83224037471782
            ],
            [
              78.99736801105965,
              26.83288502075013
            ],
            [
              78.99657993523057,
              26.833883256716195
            ],
            [
              78.99615491172693,
              26.834612054379086
            ],
            [
              78.99576072020048,
              26.834400569675786
            ],
            [
              78.99535459814872,
              26.83422026690119
            ],
            [
              78.99517921915749,
              26.83430271272791
            ],
            [
              78.99488568385863,
              26.834603939196427
            ],
            [
              78.99473624282292,
              26.83436266935642
            ],
            [
              78.99454050980395,
              26.834079181266812
            ],
            [
              78.99429767272478,
              26.833868662278697
            ],
            [
              78.99427599098708,
              26.833669947045422
            ],
            [
              78.99445392838024,
              26.833253065796637
            ],
            [
              78.99391939036202,
              26.833113765699924
            ],
            [
              78.99385222692148,
              26.83297570388885
            ],
            [
              78.99379617294609,
              26.832860438359845
            ],
            [
              78.99345522366819,
              26.833042670320985
            ],
            [
              78.99285809373592,
              26.83347975473492
            ],
            [
              78.99254900859947,
              26.833725808711563
            ],
            [
              78.99250648325224,
              26.833918504755967
            ],
            [
              78.99290242290023,
              26.834334375167046
            ],
            [
              78.99202928110533,
              26.83472381282551
            ],
            [
              78.9918437170154,
              26.834888010321972
            ],
            [
              78.99111880981877,
              26.834653706803355
            ],
            [
              78.99079277437124,
              26.834467838262572
            ],
            [
              78.99035453215821,
              26.834216986028313
            ],
            [
              78.99024245744504,
              26.834161196746784
            ],
            [
              78.99046883559159,
              26.834006457677326
            ],
            [
              78.9905107788305,
              26.833887306317592
            ],
            [
              78.9901051876831,
              26.833397821324972
            ],
            [
              78.98983139106596,
              26.833074477398508
            ],
            [
              78.98967876909585,
              26.832963268017142
            ],
            [
              78.98976196476923,
              26.83279850661623
            ],
            [
              78.9897321344136,
              26.832697187810666
            ],
            [
              78.98947630679707,
              26.832677248202618
            ],
            [
              78.98887215114097,
              26.832710042142654
            ],
            [
              78.98841088061562,
              26.832789811752946
            ],
            [
              78.98822737366767,
              26.83269669723623
            ],
            [
              78.98803530936836,
              26.832392354707522
            ],
            [
              78.9878823217839,
              26.83232701593
            ],
            [
              78.98768739096052,
              26.832380920764837
            ],
            [
              78.98743218318155,
              26.83229662826741
            ],
            [
              78.98718832741284,
              26.832074506863606
            ],
            [
              78.98704382172129,
              26.832229769609587
            ],
            [
              78.98692110556529,
              26.832210592236734
            ],
            [
              78.98678924815293,
              26.83205354671328
            ],
            [
              78.9865335256393,
              26.832033602182353
            ],
            [
              78.9860937086796,
              26.83199399126417
            ],
            [
              78.98562182366084,
              26.83211955898946
            ],
            [
              78.98522233297253,
              26.832162853998955
            ],
            [
              78.98478207314335,
              26.832178396142623
            ],
            [
              78.98447430403878,
              26.832259147279988
            ],
            [
              78.98427973972804,
              26.832267083073322
            ],
            [
              78.98423000989222,
              26.83209217886129
            ],
            [
              78.98419985883804,
              26.83201852975467
            ],
            [
              78.98378906914009,
              26.831899300953445
            ],
            [
              78.98322624317352,
              26.83187727304214
            ],
            [
              78.9825684140775,
              26.83221289201464
            ],
            [
              78.98241454344911,
              26.832257860719526
            ],
            [
              78.98216988189156,
              26.832136855031504
            ],
            [
              78.98196492317467,
              26.832163107303273
            ],
            [
              78.98165567274823,
              26.83242752465503
            ],
            [
              78.98133857104618,
              26.83240708320152
            ],
            [
              78.98117556275476,
              26.83231409261736
            ],
            [
              78.9810616150542,
              26.832478741698228
            ],
            [
              78.98092687584641,
              26.832679936743343
            ],
            [
              78.98050792225916,
              26.83259457033391
            ],
            [
              78.98001526819104,
              26.832765953980914
            ],
            [
              78.97958448289319,
              26.83286419060752
            ],
            [
              78.97935977112148,
              26.83299652599503
            ],
            [
              78.97921421709599,
              26.833082242396134
            ],
            [
              78.97887110467492,
              26.83314147102629
            ],
            [
              78.9788703680564,
              26.83313783421661
            ],
            [
              78.97868775403384,
              26.832237169939162
            ],
            [
              78.97834988777403,
              26.830956637186897
            ],
            [
              78.97767954784102,
              26.829049063666574
            ],
            [
              78.97763058157321,
              26.828440190651527
            ],
            [
              78.9776145538319,
              26.828241278314955
            ],
            [
              78.9776207432242,
              26.828237966005574
            ],
            [
              78.977612508368,
              26.828215432359197
            ],
            [
              78.97718933719048,
              26.82705743498456
            ],
            [
              78.9767846766977,
              26.826221602153378
            ],
            [
              78.97656656844168,
              26.82578468934215
            ],
            [
              78.97611387323401,
              26.82566810901798
            ],
            [
              78.97410701083815,
              26.825967498643834
            ],
            [
              78.97396089536561,
              26.825777160328414
            ],
            [
              78.97314726605995,
              26.82594228867154
            ],
            [
              78.97217224722701,
              26.826485125921664
            ],
            [
              78.9718295399461,
              26.827107759834732
            ],
            [
              78.97251918287792,
              26.827926622922345
            ],
            [
              78.97210731520164,
              26.827980743083632
            ],
            [
              78.97217942386777,
              26.828199006282095
            ],
            [
              78.9717885093955,
              26.82827220174832
            ],
            [
              78.97192145376934,
              26.82878431697888
            ],
            [
              78.97135013962169,
              26.828988899011062
            ],
            [
              78.97112120936141,
              26.828599161868972
            ],
            [
              78.969450274661,
              26.829090076040753
            ],
            [
              78.96773775335281,
              26.829514414000894
            ],
            [
              78.96726131567219,
              26.829719604742277
            ],
            [
              78.96692463518853,
              26.82961322980794
            ],
            [
              78.96513475635798,
              26.830472612908572
            ],
            [
              78.96437072303917,
              26.829719604742277
            ],
            [
              78.96383788373514,
              26.82909112535836
            ],
            [
              78.96419809558766,
              26.82867639724486
            ],
            [
              78.96507568583984,
              26.82803680475528
            ],
            [
              78.96469626890487,
              26.827543929243674
            ],
            [
              78.9651035416985,
              26.82698728573915
            ],
            [
              78.9646301205606,
              26.826261471614057
            ],
            [
              78.96414541478613,
              26.82575061718419
            ],
            [
              78.96405148244844,
              26.825509038292147
            ],
            [
              78.96422027589033,
              26.824830480667462
            ],
            [
              78.96469835838623,
              26.82380976107412
            ],
            [
              78.96508389105166,
              26.823554149850533
            ],
            [
              78.96603290904703,
              26.82356039876596
            ],
            [
              78.96656760696538,
              26.82382206888419
            ],
            [
              78.96731191328057,
              26.824239933995802
            ],
            [
              78.96773108965003,
              26.824569607312927
            ],
            [
              78.96778611415614,
              26.824871145050448
            ],
            [
              78.96794643378993,
              26.825190566694264
            ],
            [
              78.96823384257858,
              26.825218289189667
            ],
            [
              78.96860963301474,
              26.824988438858615
            ],
            [
              78.96902258944915,
              26.82488790669868
            ],
            [
              78.96912293665629,
              26.825525209836783
            ],
            [
              78.96984092233365,
              26.825641803935895
            ],
            [
              78.96981678819522,
              26.82508241105955
            ],
            [
              78.96978183205258,
              26.82466912085936
            ],
            [
              78.96948706785838,
              26.824374652345483
            ],
            [
              78.96947057209486,
              26.824047626322415
            ],
            [
              78.97039178363892,
              26.82393314133841
            ],
            [
              78.97156971662321,
              26.824078574950004
            ],
            [
              78.97178058805133,
              26.824079955396815
            ],
            [
              78.97168590382377,
              26.823941618029885
            ],
            [
              78.97133285334067,
              26.823732822199773
            ],
            [
              78.97133383340264,
              26.823612395019904
            ],
            [
              78.97117252562204,
              26.8234134028597
            ],
            [
              78.97066661242033,
              26.82315202921349
            ],
            [
              78.97023545072835,
              26.82312336987369
            ],
            [
              78.96998798103725,
              26.82289807113562
            ],
            [
              78.96979851466571,
              26.822621484736718
            ],
            [
              78.96960736844461,
              26.82255137202637
            ],
            [
              78.96918605228817,
              26.82249694063084
            ],
            [
              78.96902562934811,
              26.82217751780691
            ],
            [
              78.96882783020398,
              26.821754701193086
            ],
            [
              78.9685043540567,
              26.821451398699345
            ],
            [
              78.96831503500891,
              26.821157620081372
            ],
            [
              78.9685079338431,
              26.82101261883201
            ],
            [
              78.96841497797415,
              26.820650613941087
            ],
            [
              78.96890497572396,
              26.82052475532168
            ],
            [
              78.96889864170289,
              26.820120292645534
            ],
            [
              78.96947494778858,
              26.819977807351048
            ],
            [
              78.96970258896641,
              26.82027183594502
            ],
            [
              78.96993474867013,
              26.820023847950967
            ],
            [
              78.97033997869481,
              26.81969958480226
            ],
            [
              78.96980669382637,
              26.81926583435151
            ],
            [
              78.96996464729774,
              26.818995110658857
            ],
            [
              78.96985052801898,
              26.81889121169603
            ],
            [
              78.96935137194482,
              26.818368872647724
            ],
            [
              78.96943428285232,
              26.818266267045434
            ],
            [
              78.96915686602456,
              26.818058051608087
            ],
            [
              78.96887754387012,
              26.81807102064011
            ],
            [
              78.96845732994653,
              26.817242777772133
            ],
            [
              78.96830078593185,
              26.816298313285408
            ],
            [
              78.9677565964142,
              26.815005808733908
            ],
            [
              78.96775308220481,
              26.81499751015704
            ],
            [
              78.96684041543571,
              26.814136604264917
            ],
            [
              78.9665830175641,
              26.81348630681022
            ],
            [
              78.96582243197933,
              26.81211036062637
            ],
            [
              78.96553022708541,
              26.81169573873086
            ],
            [
              78.96525090133771,
              26.811723410009048
            ],
            [
              78.96487532470056,
              26.811455517694508
            ],
            [
              78.96466432660998,
              26.811159381694132
            ],
            [
              78.96433815372022,
              26.810877103912397
            ],
            [
              78.96360312700192,
              26.810400534322557
            ],
            [
              78.96340828421346,
              26.81013392168507
            ],
            [
              78.96339432708888,
              26.809824283100934
            ],
            [
              78.96331322808332,
              26.809705884815607
            ],
            [
              78.96292259927527,
              26.80927580585636
            ],
            [
              78.96267872284534,
              26.808979357890223
            ],
            [
              78.962415553298,
              26.80903654982167
            ],
            [
              78.96221916091565,
              26.808946809636716
            ],
            [
              78.9616980239648,
              26.80842742175775
            ],
            [
              78.96119112261628,
              26.808158743942393
            ],
            [
              78.96038960619394,
              26.80790935201076
            ],
            [
              78.9599056738689,
              26.808224152779264
            ],
            [
              78.95735945219667,
              26.809996890989506
            ],
            [
              78.95588832617162,
              26.81122916792623
            ],
            [
              78.95510025213918,
              26.810678382029863
            ],
            [
              78.95495843330863,
              26.81084145103823
            ],
            [
              78.95474820956585,
              26.8107642973111
            ],
            [
              78.95455191689649,
              26.810712518048575
            ],
            [
              78.95436830394738,
              26.81082483563572
            ],
            [
              78.9541307390806,
              26.810659334099675
            ],
            [
              78.95384897979679,
              26.810745715210683
            ],
            [
              78.9535982141869,
              26.81047917794762
            ],
            [
              78.95315460543836,
              26.80974450614237
            ],
            [
              78.95287284705287,
              26.80983097774683
            ],
            [
              78.95267822704655,
              26.80957731613517
            ],
            [
              78.95231936176864,
              26.808792825868174
            ],
            [
              78.95207194867142,
              26.80812261797322
            ],
            [
              78.95183711108984,
              26.80762910183032
            ],
            [
              78.95135068414328,
              26.80696989221013
            ],
            [
              78.95106363468076,
              26.80650893925543
            ],
            [
              78.95086745699575,
              26.806431965385528
            ],
            [
              78.95046032793256,
              26.806391367348716
            ],
            [
              78.95006943681646,
              26.806073413701572
            ],
            [
              78.94981795255435,
              26.805907717613078
            ],
            [
              78.94950876231505,
              26.805905650619813
            ],
            [
              78.94920197776402,
              26.805626043328434
            ],
            [
              78.9486877111285,
              26.80494144706241
            ],
            [
              78.94693316393638,
              26.803012176668048
            ],
            [
              78.94612471611326,
              26.80222465184221
            ],
            [
              78.94346375891803,
              26.803950161881254
            ],
            [
              78.94216548492331,
              26.804597387849274
            ],
            [
              78.94109281293075,
              26.80515777261361
            ],
            [
              78.93986944675264,
              26.805250466371202
            ],
            [
              78.93887392028005,
              26.805262929337754
            ],
            [
              78.93856239891258,
              26.805266827622567
            ],
            [
              78.93729840732406,
              26.805182616783462
            ],
            [
              78.9366503626781,
              26.805380030162837
            ],
            [
              78.93606983990048,
              26.805893332044608
            ],
            [
              78.93511270203322,
              26.80607604915418
            ],
            [
              78.93380000468832,
              26.806773580031102
            ],
            [
              78.93339968575332,
              26.807578243973143
            ],
            [
              78.93244020058825,
              26.808546797123753
            ],
            [
              78.93209600300229,
              26.809377029349676
            ],
            [
              78.93187950901884,
              26.810044205619477
            ],
            [
              78.93145461307594,
              26.810432318091255
            ],
            [
              78.93045394015509,
              26.81077872475419
            ],
            [
              78.92944210926011,
              26.810784425978916
            ],
            [
              78.92873547918623,
              26.811090608824866
            ],
            [
              78.92855349667938,
              26.81116946122655
            ],
            [
              78.92738630844418,
              26.812482792904213
            ],
            [
              78.92583725985645,
              26.812850706195288
            ],
            [
              78.92561183122916,
              26.812924827153488
            ],
            [
              78.92689261682192,
              26.814346447186242
            ],
            [
              78.92773638909694,
              26.815941679229194
            ],
            [
              78.92865367500322,
              26.817158909336253
            ],
            [
              78.92932734409267,
              26.818215792360053
            ],
            [
              78.93030230363684,
              26.81925679532745
            ],
            [
              78.931095551067,
              26.82018310675526
            ],
            [
              78.93158096381562,
              26.820955904327803
            ],
            [
              78.93097334066249,
              26.82134276811209
            ],
            [
              78.93159933975305,
              26.82210392478476
            ],
            [
              78.93274310980712,
              26.823133462772084
            ],
            [
              78.93431397937141,
              26.824699566683424
            ],
            [
              78.93519140702853,
              26.82565161363033
            ],
            [
              78.93574726566172,
              26.826399681093214
            ],
            [
              78.93601190036125,
              26.82669819981396
            ],
            [
              78.93631144988098,
              26.82703610194851
            ],
            [
              78.93652179489634,
              26.82710059324651
            ],
            [
              78.93700949655229,
              26.82759592527279
            ],
            [
              78.93723607232816,
              26.828046097194136
            ],
            [
              78.93733178872004,
              26.828362170325796
            ],
            [
              78.93728692326145,
              26.828677201270374
            ],
            [
              78.9369753381136,
              26.828965236033408
            ],
            [
              78.93607322205752,
              26.829274462399745
            ],
            [
              78.93474689187985,
              26.82988363714664
            ],
            [
              78.93527331092454,
              26.830795420773885
            ],
            [
              78.9361649328615,
              26.831734957241135
            ],
            [
              78.93641432404898,
              26.8321655169008
            ],
            [
              78.93610273261291,
              26.832440955363744
            ],
            [
              78.9356240617205,
              26.832538563021433
            ],
            [
              78.93548044266616,
              26.83273863332685
            ],
            [
              78.93541397901319,
              26.832855689734323
            ],
            [
              78.9336524330467,
              26.83339874635667
            ],
            [
              78.93163530829703,
              26.83424287309851
            ],
            [
              78.93042174004373,
              26.8348148992885
            ],
            [
              78.9291224410713,
              26.835537654316916
            ],
            [
              78.92777587634188,
              26.83686554691956
            ],
            [
              78.92630465329879,
              26.837965592613983
            ],
            [
              78.92523022509984,
              26.838631394238856
            ],
            [
              78.92521002468403,
              26.838643929681893
            ],
            [
              78.92488574903618,
              26.838755248908196
            ],
            [
              78.92465802521333,
              26.839081615280435
            ],
            [
              78.92362419457702,
              26.8399954289045
            ],
            [
              78.92192548217139,
              26.841396606906304
            ],
            [
              78.92111838990606,
              26.84208479180573
            ],
            [
              78.92015190506827,
              26.843327059353395
            ],
            [
              78.91925753787983,
              26.844355243859752
            ],
            [
              78.91847708784921,
              26.84520769589997
            ],
            [
              78.91813993844497,
              26.84518009371373
            ],
            [
              78.91775594998352,
              26.844757221896757
            ],
            [
              78.917903096722,
              26.844700321308544
            ],
            [
              78.91807723873309,
              26.844602509329306
            ],
            [
              78.91823144712804,
              26.84433099017391
            ],
            [
              78.91822470617011,
              26.844196631392915
            ],
            [
              78.91769412612904,
              26.843599182854387
            ],
            [
              78.91672187500544,
              26.843069292003893
            ],
            [
              78.91571114724161,
              26.84242614508385
            ],
            [
              78.91571217760924,
              26.842305903693383
            ],
            [
              78.91638115300135,
              26.841462254651034
            ],
            [
              78.91638200190927,
              26.84136324879938
            ],
            [
              78.91584950306674,
              26.840991935006034
            ],
            [
              78.91500879584346,
              26.84006459381793
            ],
            [
              78.91293168788731,
              26.837929428854725
            ],
            [
              78.91190791838223,
              26.83697496819232
            ],
            [
              78.9117038427092,
              26.836895870834415
            ],
            [
              78.9114324095596,
              26.83654629766854
            ],
            [
              78.9106596491078,
              26.83572089515602
            ],
            [
              78.91031692296228,
              26.835273099942683
            ],
            [
              78.91037254125477,
              26.835216947266613
            ],
            [
              78.91049888660454,
              26.83518251964181
            ],
            [
              78.91060180568833,
              26.835119523874674
            ],
            [
              78.91059505395064,
              26.834999319613587
            ],
            [
              78.91022768432195,
              26.834664524904447
            ],
            [
              78.91003499838848,
              26.834168309182324
            ],
            [
              78.90933426934771,
              26.833216159864694
            ],
            [
              78.9085573820355,
              26.832445231867766
            ],
            [
              78.90802573659248,
              26.831982052275016
            ],
            [
              78.9071868915768,
              26.831516640735437
            ],
            [
              78.90563352209256,
              26.830798947037177
            ],
            [
              78.90481465291384,
              26.8300877378303
            ],
            [
              78.90480478761538,
              26.830079119713584
            ],
            [
              78.90364899900116,
              26.82935535108038
            ],
            [
              78.90329019660531,
              26.82967884430269
            ],
            [
              78.90251408184426,
              26.83038407367209
            ],
            [
              78.90145209171874,
              26.83136760786156
            ],
            [
              78.90036114260342,
              26.832344493902372
            ],
            [
              78.89944656871096,
              26.833094338380853
            ],
            [
              78.89832625995719,
              26.834097112664388
            ],
            [
              78.89737566991008,
              26.83481414500431
            ],
            [
              78.89621221058162,
              26.835790492321983
            ],
            [
              78.89596359913182,
              26.8359778520151
            ],
            [
              78.89551708702824,
              26.836365890098552
            ],
            [
              78.89534430865979,
              26.83657025483983
            ],
            [
              78.89515000126717,
              26.8368000848772
            ],
            [
              78.89496436980359,
              26.837261756269594
            ],
            [
              78.89451319813868,
              26.837349871715794
            ],
            [
              78.89401131567764,
              26.837388311286194
            ],
            [
              78.89319077832745,
              26.83657806528697
            ],
            [
              78.89246724375658,
              26.835434459876566
            ],
            [
              78.89186250060229,
              26.834524004936892
            ],
            [
              78.89168224555567,
              26.834406528622512
            ],
            [
              78.89144136321056,
              26.834319699026402
            ],
            [
              78.89126026105265,
              26.83431060589425
            ],
            [
              78.89103808971656,
              26.83405346329315
            ],
            [
              78.89077413683833,
              26.83364111401751
            ],
            [
              78.88997031713559,
              26.83279893065814
            ],
            [
              78.88954248639668,
              26.83237769995829
            ],
            [
              78.88750952524686,
              26.82957403568443
            ],
            [
              78.88687626237888,
              26.828965450065596
            ],
            [
              78.88581818621307,
              26.829562048343337
            ],
            [
              78.88545682182203,
              26.829938437742943
            ],
            [
              78.88468621283536,
              26.830414520365157
            ],
            [
              78.88347128273608,
              26.8312829402618
            ],
            [
              78.88269994880893,
              26.83182777194908
            ],
            [
              78.88192977281022,
              26.832252267988817
            ],
            [
              78.88174013126721,
              26.832027333694338
            ],
            [
              78.88145559259591,
              26.831698575060475
            ],
            [
              78.88076378831751,
              26.83191723109294
            ],
            [
              78.87962907238321,
              26.832390693002377
            ],
            [
              78.87907215463632,
              26.832524252174707
            ],
            [
              78.87886442282012,
              26.832178845036307
            ],
            [
              78.87825719223078,
              26.831503759013586
            ],
            [
              78.87782318737095,
              26.83074394966205
            ],
            [
              78.87727248596579,
              26.830189697051523
            ],
            [
              78.87725546199282,
              26.829948800177377
            ],
            [
              78.87737333263621,
              26.829622907693793
            ],
            [
              78.87729867185631,
              26.829398789833967
            ],
            [
              78.87638549214918,
              26.828652742218154
            ],
            [
              78.87490064705314,
              26.827558667185983
            ],
            [
              78.87359734069621,
              26.82661238238583
            ],
            [
              78.87282917692373,
              26.82657923877071
            ],
            [
              78.87151194039168,
              26.82637929306327
            ],
            [
              78.869643995268,
              26.826365861635892
            ],
            [
              78.86875861931722,
              26.826001403193896
            ],
            [
              78.86823553571719,
              26.82568836730991
            ],
            [
              78.86746252822869,
              26.824917807343816
            ],
            [
              78.86672386243515,
              26.82437530408784
            ],
            [
              78.86594586390694,
              26.824174328375825
            ],
            [
              78.86551322718127,
              26.823878207167517
            ],
            [
              78.86517502674816,
              26.82317586496042
            ],
            [
              78.86518422998823,
              26.822150488811005
            ],
            [
              78.86564496871094,
              26.821323642608384
            ],
            [
              78.86601629541848,
              26.820365970790025
            ],
            [
              78.8662042409422,
              26.820100714787234
            ],
            [
              78.86646929156173,
              26.819909932104807
            ],
            [
              78.86654664369424,
              26.819465248266567
            ],
            [
              78.8665566572147,
              26.819239894956013
            ],
            [
              78.86658946279054,
              26.818575072060046
            ],
            [
              78.86650319218393,
              26.818208638036563
            ],
            [
              78.86604891234812,
              26.81762019017665
            ],
            [
              78.86561007634867,
              26.81710383879887
            ],
            [
              78.86550991688944,
              26.816949583108478
            ],
            [
              78.86443759434152,
              26.815070760650407
            ],
            [
              78.86392044680888,
              26.814342752049317
            ],
            [
              78.86365201043904,
              26.81388517627298
            ],
            [
              78.8636548113861,
              26.81357344339969
            ],
            [
              78.86386961114697,
              26.81230315596806
            ],
            [
              78.8637621223333,
              26.811779539052274
            ],
            [
              78.86342157190741,
              26.811024027084446
            ],
            [
              78.86327863108107,
              26.810284378334163
            ],
            [
              78.86277293257673,
              26.810302598118923
            ],
            [
              78.86201349593722,
              26.810383424977392
            ],
            [
              78.86171917191754,
              26.81042450103118
            ],
            [
              78.8612832877821,
              26.81017669994779
            ],
            [
              78.86086651171111,
              26.81017367814624
            ],
            [
              78.86030596027888,
              26.810116840360983
            ],
            [
              78.8597037234242,
              26.809944592642196
            ],
            [
              78.85944557995087,
              26.809813639815783
            ],
            [
              78.85922335830914,
              26.809562603114113
            ],
            [
              78.85921443264847,
              26.809370666604472
            ],
            [
              78.85927107232547,
              26.809020893861017
            ],
            [
              78.85932059285383,
              26.80885815897372
            ],
            [
              78.85926416517925,
              26.808593983275063
            ],
            [
              78.85907459100989,
              26.808290412250905
            ],
            [
              78.85860583123002,
              26.808133473083327
            ],
            [
              78.85789982368867,
              26.808209886967713
            ],
            [
              78.85748898907492,
              26.808139786188466
            ],
            [
              78.85697329232146,
              26.80784827173782
            ],
            [
              78.85614634639003,
              26.808031089125166
            ],
            [
              78.85490008125704,
              26.80817544873162
            ],
            [
              78.85403299770039,
              26.808332218668745
            ],
            [
              78.85325489317098,
              26.80844991764701
            ],
            [
              78.85391179520563,
              26.809247388345767
            ],
            [
              78.85394877525262,
              26.809836142645825
            ],
            [
              78.85390078455521,
              26.810462337200384
            ],
            [
              78.85349035957323,
              26.811408581274396
            ],
            [
              78.85287070258858,
              26.812106448145553
            ],
            [
              78.85148573577908,
              26.81323541293149
            ],
            [
              78.85004390112049,
              26.814823626330558
            ],
            [
              78.84889069426438,
              26.81604913968663
            ],
            [
              78.84786102103122,
              26.817636305124815
            ],
            [
              78.84729053333363,
              26.819891248086503
            ],
            [
              78.8465121817675,
              26.82174602632559
            ],
            [
              78.84596615429678,
              26.823640473836857
            ],
            [
              78.84571595642214,
              26.82555602979794
            ],
            [
              78.84533218714965,
              26.826298063966682
            ],
            [
              78.84470807631777,
              26.82747051366056
            ],
            [
              78.84312206115777,
              26.82973697890728
            ],
            [
              78.84216336201861,
              26.830994468906393
            ],
            [
              78.84140930628764,
              26.831983456673438
            ],
            [
              78.83908762660552,
              26.83417834338287
            ],
            [
              78.83731637164742,
              26.83587383636687
            ],
            [
              78.83492700570527,
              26.83805831564811
            ],
            [
              78.83083914744468,
              26.840913554620847
            ],
            [
              78.825728665031,
              26.843904543643866
            ],
            [
              78.82591538884597,
              26.8444240806971
            ],
            [
              78.82605756700261,
              26.84525971187226
            ],
            [
              78.82597188119924,
              26.845878332059502
            ],
            [
              78.82622721025075,
              26.846382746257873
            ],
            [
              78.82667254196804,
              26.846888669822036
            ],
            [
              78.82691999459112,
              26.84715978931132
            ],
            [
              78.82694827355628,
              26.847348462265423
            ],
            [
              78.82690572485284,
              26.847626333979093
            ],
            [
              78.82690272717475,
              26.847949363046382
            ],
            [
              78.82697949989385,
              26.84829091504122
            ],
            [
              78.82743754726395,
              26.848509732992998
            ],
            [
              78.82779765401362,
              26.848503502285176
            ],
            [
              78.82807705521978,
              26.848568377289546
            ],
            [
              78.82803409239304,
              26.84889110872461
            ],
            [
              78.82784159061416,
              26.84915894297767
            ],
            [
              78.82756971639174,
              26.849354293689384
            ],
            [
              78.82753835620517,
              26.849497658114537
            ],
            [
              78.82756730172025,
              26.849614536902546
            ],
            [
              78.82759400144711,
              26.849973733844255
            ],
            [
              78.82681299715595,
              26.849997873313857
            ],
            [
              78.82574874686918,
              26.85003965873239
            ],
            [
              78.82550087203788,
              26.85047531263824
            ],
            [
              78.82503944071412,
              26.8512375686936
            ],
            [
              78.82420181022069,
              26.85192741529509
            ],
            [
              78.82328604156892,
              26.852686356387544
            ],
            [
              78.82262060104748,
              26.85392438737621
            ],
            [
              78.82202147595693,
              26.855182861400063
            ],
            [
              78.82155332613314,
              26.85574914614181
            ],
            [
              78.82099341699633,
              26.856361534020145
            ],
            [
              78.82065750816551,
              26.856726925376794
            ],
            [
              78.82024634387005,
              26.856853094787557
            ],
            [
              78.81907290605545,
              26.8567050938358
            ],
            [
              78.81923747202563,
              26.85688532233318
            ],
            [
              78.81962120716217,
              26.857325801669155
            ],
            [
              78.81956428361757,
              26.857494345325193
            ],
            [
              78.81947107891526,
              26.857980975685738
            ],
            [
              78.81935321725504,
              26.858725933283363
            ],
            [
              78.8192362009095,
              26.8593912842259
            ],
            [
              78.8196956828891,
              26.86004120032643
            ],
            [
              78.81972424841683,
              26.860538580866095
            ],
            [
              78.81967995069353,
              26.861703941152467
            ],
            [
              78.81954078458803,
              26.862359194795964
            ],
            [
              78.8193869337226,
              26.863412217304113
            ],
            [
              78.8191736116904,
              26.863699003310327
            ],
            [
              78.81844090532049,
              26.864128606374308
            ],
            [
              78.81827024068785,
              26.86459966569899
            ],
            [
              78.81810539623994,
              26.86562116112075
            ],
            [
              78.81825769481658,
              26.865930551011623
            ],
            [
              78.81800313023138,
              26.86659417834212
            ],
            [
              78.81797832505143,
              26.86665884263643
            ],
            [
              78.81692492461667,
              26.868712835896332
            ],
            [
              78.8160918566666,
              26.86932516401543
            ],
            [
              78.81611018140006,
              26.86982016625387
            ],
            [
              78.81829410802663,
              26.86975414230783
            ],
            [
              78.81822040664747,
              26.870269137360125
            ],
            [
              78.81780536432495,
              26.8704103453617
            ],
            [
              78.81775423671056,
              26.87096669362007
            ],
            [
              78.81644369172908,
              26.871018606400565
            ],
            [
              78.81612599534233,
              26.870583218307143
            ],
            [
              78.81513817012666,
              26.870534588352328
            ],
            [
              78.81498295292367,
              26.869935407768867
            ],
            [
              78.81547151606398,
              26.86929989638584
            ],
            [
              78.81492209026652,
              26.869068959990418
            ],
            [
              78.81428683403698,
              26.868649112745427
            ],
            [
              78.81397447993118,
              26.869321793609497
            ],
            [
              78.81292571570161,
              26.870901329831142
            ],
            [
              78.81193914543239,
              26.872021407693403
            ],
            [
              78.81067912260082,
              26.87319133810589
            ],
            [
              78.80959863975687,
              26.87373950581615
            ],
            [
              78.80898454963203,
              26.87394997388185
            ],
            [
              78.808130873431,
              26.874128951319154
            ],
            [
              78.80736901583177,
              26.874219603817128
            ],
            [
              78.80659208719707,
              26.874154362904697
            ],
            [
              78.80588286997519,
              26.873926434889007
            ],
            [
              78.80522496631897,
              26.87352086326607
            ],
            [
              78.80482865387013,
              26.873443669705978
            ],
            [
              78.80503444532535,
              26.87442440902684
            ],
            [
              78.80629012120926,
              26.874597146826744
            ],
            [
              78.80635433009083,
              26.87480533762103
            ],
            [
              78.8054439369577,
              26.87485776467224
            ],
            [
              78.80565464219748,
              26.87531928000945
            ],
            [
              78.80447830282448,
              26.875503201636484
            ],
            [
              78.80394264191216,
              26.875245515599605
            ],
            [
              78.80387108840482,
              26.874844797336813
            ],
            [
              78.80334344944798,
              26.874737726817592
            ],
            [
              78.80134556481505,
              26.874557577247035
            ],
            [
              78.80084079876197,
              26.87447117189082
            ],
            [
              78.80073352195076,
              26.87366623798422
            ],
            [
              78.80029112143626,
              26.87184833421398
            ],
            [
              78.7992848367398,
              26.8713251921354
            ],
            [
              78.79874229113912,
              26.87037250437831
            ],
            [
              78.79767802558099,
              26.868694163136084
            ],
            [
              78.79725727266823,
              26.867020831060973
            ],
            [
              78.79770940912377,
              26.865395268991215
            ],
            [
              78.79775043787774,
              26.86388377165426
            ],
            [
              78.79775043967436,
              26.863883717160977
            ],
            [
              78.79678548376923,
              26.863441550019324
            ],
            [
              78.79501284540558,
              26.862953414919325
            ],
            [
              78.79309983360069,
              26.862632968256115
            ],
            [
              78.79161852876518,
              26.862659550837087
            ],
            [
              78.79015924702718,
              26.862591325325425
            ],
            [
              78.78833685636982,
              26.862881023218183
            ],
            [
              78.78746999110383,
              26.862817430611834
            ],
            [
              78.78609646344114,
              26.86263592534917
            ],
            [
              78.78468802365327,
              26.862606217379014
            ],
            [
              78.78467914919659,
              26.86260602985599
            ],
            [
              78.78342512711109,
              26.86320381079997
            ],
            [
              78.78235557406919,
              26.864410492605227
            ],
            [
              78.7817700943878,
              26.86588669514504
            ],
            [
              78.78113567898136,
              26.868045836930904
            ],
            [
              78.78110109743616,
              26.869431430314627
            ],
            [
              78.78165787235093,
              26.870935417248123
            ],
            [
              78.78267656996799,
              26.87282265367059
            ],
            [
              78.78372087765545,
              26.87423553282181
            ],
            [
              78.78453682461452,
              26.875210057671634
            ],
            [
              78.7851293632574,
              26.87561324981929
            ],
            [
              78.78559775832126,
              26.87602770660134
            ],
            [
              78.78599657257818,
              26.876354291600205
            ],
            [
              78.78633589141381,
              26.876717463729012
            ],
            [
              78.78652785240686,
              26.877042448986693
            ],
            [
              78.78691116623355,
              26.877712825935557
            ],
            [
              78.78691157676366,
              26.877713560703274
            ],
            [
              78.7867096184198,
              26.878525767745796
            ],
            [
              78.78660508775837,
              26.878949217660942
            ],
            [
              78.7863403407694,
              26.879435047394782
            ],
            [
              78.78586352310145,
              26.879959686355974
            ],
            [
              78.78527289966675,
              26.880527845374356
            ],
            [
              78.78423647110266,
              26.88134710721228
            ],
            [
              78.7834257514402,
              26.882051451356038
            ],
            [
              78.78340494106834,
              26.88206232662175
            ],
            [
              78.78288820855732,
              26.882332547753524
            ],
            [
              78.78214645255925,
              26.88262373425094
            ],
            [
              78.78153631412334,
              26.882756900023384
            ],
            [
              78.7809858831111,
              26.88282157911126
            ],
            [
              78.78056041404307,
              26.88281294578041
            ],
            [
              78.77968076844549,
              26.88268945903076
            ],
            [
              78.77907323961549,
              26.88255217721377
            ],
            [
              78.77868462213537,
              26.882390027139763
            ],
            [
              78.77812462226872,
              26.88203440972526
            ],
            [
              78.7777830082375,
              26.88190976432795
            ],
            [
              78.77732889009845,
              26.88180014372936
            ],
            [
              78.7767727224448,
              26.881854190857002
            ],
            [
              78.77649932557799,
              26.88200052917044
            ],
            [
              78.7760757986676,
              26.882394920313743
            ],
            [
              78.77566825458275,
              26.882969800679515
            ],
            [
              78.77528256022057,
              26.883797012250852
            ],
            [
              78.77498960792833,
              26.884754475946526
            ],
            [
              78.77468739131056,
              26.886095945218724
            ],
            [
              78.77456317766297,
              26.886715409302113
            ],
            [
              78.77399721298283,
              26.887766251651325
            ],
            [
              78.77322287958096,
              26.889675648376798
            ],
            [
              78.77295031185913,
              26.890346994336145
            ],
            [
              78.77250810358412,
              26.891435933291213
            ],
            [
              78.77219478019617,
              26.89268169836182
            ],
            [
              78.77198042510138,
              26.893448915153616
            ],
            [
              78.77176560467927,
              26.89426384039395
            ],
            [
              78.77146140458137,
              26.895233883969784
            ],
            [
              78.77111745762537,
              26.8959471351986
            ],
            [
              78.77078756660865,
              26.896427088392173
            ],
            [
              78.77041733674407,
              26.8968059728275
            ],
            [
              78.76995862821393,
              26.897173589625336
            ],
            [
              78.76929376890247,
              26.897652848634
            ],
            [
              78.76866834383537,
              26.898125242340164
            ],
            [
              78.76834701825484,
              26.898345468385543
            ],
            [
              78.76828036595573,
              26.898503981683184
            ],
            [
              78.76832638664774,
              26.898642234309374
            ],
            [
              78.76885722270869,
              26.899270402672336
            ],
            [
              78.76936554339535,
              26.899884234772934
            ],
            [
              78.76983208703143,
              26.90054545009248
            ],
            [
              78.76915830026267,
              26.901128792331477
            ],
            [
              78.76911051977102,
              26.901181460320416
            ],
            [
              78.76914511479094,
              26.901271820343894
            ],
            [
              78.76923245708771,
              26.901410395631714
            ],
            [
              78.76973701024008,
              26.901812026679547
            ],
            [
              78.76999056691554,
              26.90200264725564
            ],
            [
              78.76967306366656,
              26.902429650181663
            ],
            [
              78.76907970037027,
              26.9033871233969
            ],
            [
              78.76864692620235,
              26.90411023818074
            ],
            [
              78.7677915018798,
              26.905126967392885
            ],
            [
              78.76720906838554,
              26.905875470680307
            ],
            [
              78.7671580853999,
              26.905940983267044
            ],
            [
              78.7666278161759,
              26.906355738156805
            ],
            [
              78.76598133459854,
              26.906784195380787
            ],
            [
              78.765156550912,
              26.90708530813723
            ],
            [
              78.76432592009128,
              26.907375705873132
            ],
            [
              78.76372086342491,
              26.90758302559999
            ],
            [
              78.76246859485086,
              26.908061030834187
            ],
            [
              78.76117510079179,
              26.90852812928541
            ],
            [
              78.76008904300319,
              26.908848022876153
            ],
            [
              78.75927815625408,
              26.908931805735257
            ],
            [
              78.75843789729015,
              26.908999448146588
            ],
            [
              78.75759836775822,
              26.908992814638896
            ],
            [
              78.75680130428475,
              26.908880428652502
            ],
            [
              78.7562473069608,
              26.90869044531043
            ],
            [
              78.75568892765492,
              26.908362532702654
            ],
            [
              78.75507430303249,
              26.907915586615285
            ],
            [
              78.75447550223375,
              26.90747602535434
            ],
            [
              78.7541997347129,
              26.90726176261099
            ],
            [
              78.75378426658892,
              26.90682356061828
            ],
            [
              78.75370012768448,
              26.90636160118992
            ],
            [
              78.75351626141045,
              26.90522005433412
            ],
            [
              78.75352641057651,
              26.904232922061297
            ],
            [
              78.75353738080278,
              26.903713340129933
            ],
            [
              78.75354034344656,
              26.90221797022049
            ],
            [
              78.75368495783427,
              26.900696051740677
            ],
            [
              78.75375060222368,
              26.900028437194127
            ],
            [
              78.75405898757248,
              26.898742322814673
            ],
            [
              78.75465707780381,
              26.896180876758862
            ],
            [
              78.75476919114453,
              26.895603809180372
            ],
            [
              78.75498168043846,
              26.89443349306889
            ],
            [
              78.75509854227377,
              26.89337392718388
            ],
            [
              78.75519844930643,
              26.89110057810741
            ],
            [
              78.75521030706818,
              26.88989685872913
            ],
            [
              78.75518804412049,
              26.88927404628192
            ],
            [
              78.75472560039539,
              26.888510403320183
            ],
            [
              78.75452914333432,
              26.888221475347464
            ],
            [
              78.75411794130966,
              26.887897381921523
            ],
            [
              78.75355214910601,
              26.887509732883146
            ],
            [
              78.75253217588129,
              26.88697791810003
            ],
            [
              78.75150355996522,
              26.886605709237763
            ],
            [
              78.75107057469323,
              26.886474578269816
            ],
            [
              78.75102723457404,
              26.886544468708674
            ],
            [
              78.75085293715438,
              26.886887911192044
            ],
            [
              78.75069623144297,
              26.88689310061836
            ],
            [
              78.75044724988726,
              26.886878342360426
            ],
            [
              78.749708222971,
              26.886738339917514
            ],
            [
              78.74911866134497,
              26.886599523092528
            ],
            [
              78.74892613171835,
              26.886629981902466
            ],
            [
              78.74870157894843,
              26.886761906688385
            ],
            [
              78.74844667480005,
              26.88696647364863
            ],
            [
              78.74843346237886,
              26.887002718680527
            ],
            [
              78.74834086224276,
              26.88708053273
            ],
            [
              78.74825549803623,
              26.887316001606276
            ],
            [
              78.74822214358973,
              26.88749642087903
            ],
            [
              78.74809238733683,
              26.88805353432188
            ],
            [
              78.74768596973938,
              26.888550012882448
            ],
            [
              78.7471974730744,
              26.888863143297318
            ],
            [
              78.74612436719553,
              26.889052978123747
            ],
            [
              78.74560600873387,
              26.889290432247673
            ],
            [
              78.74472524293715,
              26.889887375879358
            ],
            [
              78.74406867238083,
              26.890486105398416
            ],
            [
              78.74336499596764,
              26.891326046328565
            ],
            [
              78.74240873755107,
              26.892747802652853
            ],
            [
              78.74199589969426,
              26.893650459246135
            ],
            [
              78.7415795494247,
              26.89491546999315
            ],
            [
              78.7415288296454,
              26.89549890380001
            ],
            [
              78.7414749019823,
              26.896404429727653
            ],
            [
              78.74134439743275,
              26.898255562663493
            ],
            [
              78.74133396978897,
              26.89930236096786
            ],
            [
              78.74151659009969,
              26.9012365243946
            ],
            [
              78.74248126393383,
              26.903499059030914
            ],
            [
              78.74298206123,
              26.90503311374169
            ],
            [
              78.74367614543259,
              26.90743439333721
            ],
            [
              78.7444517679169,
              26.91066172912403
            ],
            [
              78.74480013638072,
              26.911731510982907
            ],
            [
              78.74525348466358,
              26.913526882829835
            ],
            [
              78.74577969260417,
              26.915370080648245
            ],
            [
              78.74581862289367,
              26.915363405862614
            ],
            [
              78.74798668617063,
              26.91620609823427
            ],
            [
              78.74921583929577,
              26.916699049600716
            ],
            [
              78.7499666368372,
              26.916879683860497
            ],
            [
              78.75036986002551,
              26.917303545895553
            ],
            [
              78.75184703530569,
              26.918787327621068
            ],
            [
              78.7519927564178,
              26.918933702988994
            ],
            [
              78.75222887859024,
              26.919395024650466
            ],
            [
              78.7526900844369,
              26.92019017166116
            ],
            [
              78.75310295463305,
              26.920885377242907
            ],
            [
              78.75419720056547,
              26.92246148615866
            ],
            [
              78.75456093381389,
              26.923128626034703
            ],
            [
              78.75485820610436,
              26.923651282340487
            ],
            [
              78.75519706410427,
              26.924345801814056
            ],
            [
              78.7557193535936,
              26.925137925639504
            ],
            [
              78.7561568070858,
              26.92584985863407
            ],
            [
              78.75647254963681,
              26.9263726569121
            ],
            [
              78.75685639257121,
              26.926884869350726
            ],
            [
              78.75723844156998,
              26.92757981422843
            ],
            [
              78.75788532379597,
              26.92887657332901
            ],
            [
              78.75836809729427,
              26.929727755278535
            ],
            [
              78.75902484841195,
              26.930805158725736
            ],
            [
              78.75951039860281,
              26.931625653605764
            ],
            [
              78.75998180481953,
              26.93247719923346
            ],
            [
              78.76090696356094,
              26.933608738125532
            ],
            [
              78.76122409221244,
              26.933879290004608
            ],
            [
              78.76132116865364,
              26.933905058151186
            ],
            [
              78.76175494444307,
              26.93362791992436
            ],
            [
              78.7618594239005,
              26.933609989895984
            ],
            [
              78.7619007958109,
              26.93364772960711
            ],
            [
              78.76203178275574,
              26.933761000721677
            ],
            [
              78.76227265342276,
              26.934006040397446
            ],
            [
              78.76265833880181,
              26.934376866868384
            ],
            [
              78.76315462475863,
              26.93481713862876
            ],
            [
              78.76374077458318,
              26.935307940043195
            ],
            [
              78.76491505142427,
              26.936267213351822
            ],
            [
              78.7652875360602,
              26.9365631019381
            ],
            [
              78.76579154393521,
              26.93692859913139
            ],
            [
              78.76601197523456,
              26.937136056766573
            ],
            [
              78.76613024023834,
              26.93712448285638
            ],
            [
              78.76620044088286,
              26.937056549777775
            ],
            [
              78.76633289657318,
              26.937020175860308
            ],
            [
              78.76649841385924,
              26.937158626368568
            ],
            [
              78.76695867557652,
              26.937677381602345
            ],
            [
              78.76739176056151,
              26.93818571866894
            ],
            [
              78.76798120899981,
              26.93905682007893
            ],
            [
              78.76914002763148,
              26.940546155311157
            ],
            [
              78.77011729135434,
              26.9415761837909
            ],
            [
              78.77057183080328,
              26.94202226139226
            ],
            [
              78.77119650757375,
              26.94285005012429
            ],
            [
              78.7728929113091,
              26.94459790384863
            ],
            [
              78.77329927770263,
              26.945000116316297
            ],
            [
              78.7737465030685,
              26.945483538944544
            ],
            [
              78.77397314981131,
              26.945772108942926
            ],
            [
              78.77396466342684,
              26.94592785376137
            ],
            [
              78.77388000888939,
              26.946058093257662
            ],
            [
              78.77387206688395,
              26.946157768143824
            ],
            [
              78.7741398519752,
              26.94650898185764
            ],
            [
              78.77428531527083,
              26.94655993900993
            ],
            [
              78.77439010464705,
              26.9465109333711
            ],
            [
              78.7744596423349,
              26.946511476303442
            ],
            [
              78.77465952557047,
              26.94669384696755
            ],
            [
              78.77556133709766,
              26.94743295203236
            ],
            [
              78.77590656684785,
              26.947678777985033
            ],
            [
              78.77600226886665,
              26.947847834666508
            ],
            [
              78.77588296810536,
              26.947965304391044
            ],
            [
              78.77588212189237,
              26.94805262404749
            ],
            [
              78.77682756638953,
              26.948789302680066
            ],
            [
              78.77756012902901,
              26.94925627174056
            ],
            [
              78.77834832523234,
              26.948277529266857
            ],
            [
              78.77913810786045,
              26.94752593760539
            ],
            [
              78.779669826067,
              26.94718728089487
            ],
            [
              78.7799125032461,
              26.947251488246263
            ],
            [
              78.78007907156099,
              26.947283943050106
            ],
            [
              78.78033171644648,
              26.947049015671553
            ],
            [
              78.78048013160614,
              26.946794526274314
            ],
            [
              78.78035037714984,
              26.946550475334615
            ],
            [
              78.78103276977903,
              26.945732863799673
            ],
            [
              78.78115921843504,
              26.945596694065525
            ],
            [
              78.78133251872471,
              26.945654202903675
            ],
            [
              78.78203411643635,
              26.946438785007373
            ],
            [
              78.78257749208035,
              26.947060168152703
            ],
            [
              78.78266700830008,
              26.947148096302914
            ],
            [
              78.78274395888565,
              26.947092619007726
            ],
            [
              78.78341672157498,
              26.9465492253094
            ],
            [
              78.78390005113043,
              26.94618517670006
            ],
            [
              78.78489378995562,
              26.945519609834353
            ],
            [
              78.78506948425552,
              26.945541650836812
            ],
            [
              78.78529579682503,
              26.94586761436994
            ],
            [
              78.78547567188427,
              26.945956239336237
            ],
            [
              78.78592338503536,
              26.94567914514588
            ],
            [
              78.78604898927499,
              26.945630292075272
            ],
            [
              78.78619313743707,
              26.94581837780252
            ],
            [
              78.78629057140775,
              26.94581912974443
            ],
            [
              78.78788421955268,
              26.944940037389085
            ],
            [
              78.78829665316763,
              26.94544190333448
            ],
            [
              78.78974233980213,
              26.94685753908165
            ],
            [
              78.78936409157534,
              26.947153838700714
            ],
            [
              78.78935616214632,
              26.947253515020172
            ],
            [
              78.78962351514791,
              26.947654520849692
            ],
            [
              78.79053116392784,
              26.948715039341067
            ],
            [
              78.79076411325069,
              26.949078364693868
            ],
            [
              78.79067263690699,
              26.949183650279934
            ],
            [
              78.7901132640644,
              26.949509720191354
            ],
            [
              78.78999600427542,
              26.949415331714114
            ],
            [
              78.78987709068801,
              26.94948299069075
            ],
            [
              78.78960674270324,
              26.949714947772563
            ],
            [
              78.78996344843122,
              26.950222626784683
            ],
            [
              78.79054164906383,
              26.95084415562451
            ],
            [
              78.79065253171262,
              26.950876171381267
            ],
            [
              78.79073649724221,
              26.95082699465629
            ],
            [
              78.79182203041472,
              26.950012441820476
            ],
            [
              78.79204932124958,
              26.950238664380567
            ],
            [
              78.79233894079212,
              26.950490184801662
            ],
            [
              78.79291131225686,
              26.950993262395905
            ],
            [
              78.79318752174885,
              26.951188698083495
            ],
            [
              78.79327744939701,
              26.95124546097078
            ],
            [
              78.79339316408368,
              26.951190551023444
            ],
            [
              78.793847750245,
              26.95091358100715
            ],
            [
              78.79436690641063,
              26.950437539027856
            ],
            [
              78.79469683156334,
              26.950109697317735
            ],
            [
              78.7948361656538,
              26.95007335083408
            ],
            [
              78.79496098296927,
              26.95011787867819
            ],
            [
              78.79529183338673,
              26.95041346585973
            ],
            [
              78.79584339358128,
              26.95091637403664
            ],
            [
              78.7968523741219,
              26.951566180716124
            ],
            [
              78.79713455741054,
              26.95186754869591
            ],
            [
              78.7974479293075,
              26.952222194223594
            ],
            [
              78.79787700241641,
              26.952437358090304
            ],
            [
              78.7986863710127,
              26.952873742989734
            ],
            [
              78.79906677160292,
              26.95309478223137
            ],
            [
              78.79917078842797,
              26.953126737293285
            ],
            [
              78.79987646179603,
              26.952764341040336
            ],
            [
              78.80001554256158,
              26.952765402822546
            ],
            [
              78.80055466468272,
              26.953112388865467
            ],
            [
              78.80092686724767,
              26.95345184932541
            ],
            [
              78.8010014894,
              26.953651889776268
            ],
            [
              78.80090804933907,
              26.953975297936612
            ],
            [
              78.80085778859895,
              26.954137067328624
            ],
            [
              78.80112382736527,
              26.95434711568191
            ],
            [
              78.80196645428829,
              26.954945705018396
            ],
            [
              78.80237419061262,
              26.955216856676945
            ],
            [
              78.80257063958884,
              26.95503138338554
            ],
            [
              78.80279837508978,
              26.95521383634863
            ],
            [
              78.803212866745,
              26.95549753866898
            ],
            [
              78.80357035041402,
              26.95593036533538
            ],
            [
              78.80412044994792,
              26.956582879938303
            ],
            [
              78.80449904133114,
              26.956997205219956
            ],
            [
              78.80482991690145,
              26.957305178130383
            ],
            [
              78.80510136711904,
              26.957269827647252
            ],
            [
              78.805374060605,
              26.957623504131114
            ],
            [
              78.80573668533239,
              26.95751411319944
            ],
            [
              78.8063097314319,
              26.957954819852215
            ],
            [
              78.80695222179448,
              26.95839605004059
            ],
            [
              78.80706345298958,
              26.958403145049264
            ],
            [
              78.80727304342011,
              26.9582924969727
            ],
            [
              78.8082965874481,
              26.957824282631368
            ],
            [
              78.8085436115748,
              26.95818152610443
            ],
            [
              78.80973641886355,
              26.957548474733112
            ],
            [
              78.8097596187541,
              26.957536155058744
            ],
            [
              78.81100657738652,
              26.95655447862375
            ],
            [
              78.81204411357336,
              26.95566460424053
            ],
            [
              78.81296189355307,
              26.954942220262147
            ],
            [
              78.81393508341611,
              26.954402256302455
            ],
            [
              78.81470368466815,
              26.954009105642417
            ],
            [
              78.81535015995729,
              26.95402647912069
            ],
            [
              78.8159881856929,
              26.95421209579564
            ],
            [
              78.81617606294468,
              26.95419475837888
            ],
            [
              78.81685313934402,
              26.953913145893026
            ],
            [
              78.81716356566515,
              26.9541835281322
            ],
            [
              78.81742168488395,
              26.954091891679667
            ],
            [
              78.81775310842656,
              26.954343770234082
            ],
            [
              78.81792702136727,
              26.954338827330755
            ],
            [
              78.81938909776412,
              26.953772995987663
            ],
            [
              78.82010093627,
              26.95349153939181
            ],
            [
              78.82024693496152,
              26.953498885339606
            ],
            [
              78.82071312825464,
              26.954137284326723
            ],
            [
              78.82072751028234,
              26.95415697990466
            ],
            [
              78.82073067055552,
              26.95415451765735
            ],
            [
              78.82102870910889,
              26.95392235271564
            ],
            [
              78.82155447328176,
              26.953465024632155
            ],
            [
              78.82159343141899,
              26.953016458780446
            ],
            [
              78.82165098737755,
              26.952817417326155
            ],
            [
              78.82192416595377,
              26.95259508033846
            ],
            [
              78.82333170473142,
              26.95192272336053
            ],
            [
              78.82357121984069,
              26.952329711748426
            ],
            [
              78.8242634238694,
              26.95192969065743
            ],
            [
              78.82433832719443,
              26.95209231177654
            ],
            [
              78.82496797524166,
              26.951679320121062
            ],
            [
              78.8248255024376,
              26.951304312989137
            ],
            [
              78.82558765558255,
              26.950848644653437
            ],
            [
              78.82624555384885,
              26.950386036711315
            ],
            [
              78.82718484398804,
              26.949576401379247
            ],
            [
              78.8282051954035,
              26.949016748865688
            ],
            [
              78.82851437396472,
              26.949411840380726
            ],
            [
              78.82891149489733,
              26.94932747099547
            ],
            [
              78.82882408343029,
              26.949008950192148
            ],
            [
              78.82932032716627,
              26.948732095730126
            ],
            [
              78.82951991665274,
              26.949021484603744
            ],
            [
              78.82978152313147,
              26.949303981348137
            ],
            [
              78.83002450663604,
              26.949349360709462
            ],
            [
              78.83013613488649,
              26.949312870643567
            ],
            [
              78.83027447633856,
              26.94938247473936
            ],
            [
              78.83044111741701,
              26.949408625311005
            ],
            [
              78.8306506584402,
              26.949310446727136
            ],
            [
              78.83111933557507,
              26.94900847133321
            ],
            [
              78.83137028533959,
              26.948935510988083
            ],
            [
              78.8317656150315,
              26.94904443539364
            ],
            [
              78.83222195470427,
              26.94932212268492
            ],
            [
              78.83271266212316,
              26.94964363665563
            ],
            [
              78.83319822758536,
              26.949778139118532
            ],
            [
              78.83409333139235,
              26.949971841665366
            ],
            [
              78.83484322433027,
              26.950095796130405
            ],
            [
              78.83519629816955,
              26.950260565128172
            ],
            [
              78.8356140686756,
              26.950584193620976
            ],
            [
              78.83633747029577,
              26.95131270726261
            ],
            [
              78.83717794844864,
              26.952160477619024
            ],
            [
              78.83839377596487,
              26.95341915367482
            ],
            [
              78.83870671128062,
              26.953421466200556
            ],
            [
              78.83913751993471,
              26.953455808163323
            ],
            [
              78.83951817564648,
              26.95364568008068
            ],
            [
              78.839824252325,
              26.953635437885694
            ],
            [
              78.84000755355873,
              26.953356240624743
            ],
            [
              78.84028063421859,
              26.95315253306989
            ],
            [
              78.8407687508962,
              26.953000323088993
            ],
            [
              78.84111399681608,
              26.953270913308117
            ],
            [
              78.84105755836173,
              26.953351573932203
            ],
            [
              78.84092367614672,
              26.95354380819402
            ],
            [
              78.84104616772395,
              26.95384391933879
            ],
            [
              78.84103547328046,
              26.95424903588687
            ],
            [
              78.84057411921181,
              26.954513680902664
            ],
            [
              78.84059934031171,
              26.95479441589296
            ],
            [
              78.8402420677468,
              26.95508473805619
            ],
            [
              78.83943505004163,
              26.955569834971456
            ],
            [
              78.83890385824782,
              26.955865121193973
            ],
            [
              78.83847554511361,
              26.956316974652438
            ],
            [
              78.83841765767671,
              26.956565932033218
            ],
            [
              78.83855903004456,
              26.957065654749275
            ],
            [
              78.83883763624172,
              26.957768159618983
            ],
            [
              78.83906735971436,
              26.958499168233217
            ],
            [
              78.83857035420704,
              26.95885702930588
            ],
            [
              78.83805355432237,
              26.959102595732134
            ],
            [
              78.83751625578127,
              26.95854378162523
            ],
            [
              78.83748874577402,
              26.9585124166141
            ],
            [
              78.83654183612461,
              26.959403034766385
            ],
            [
              78.836595020881,
              26.959430918114876
            ],
            [
              78.83696396615471,
              26.95962438067424
            ],
            [
              78.83757025800459,
              26.959831552324857
            ],
            [
              78.83858232066491,
              26.960188148881922
            ],
            [
              78.83938639459089,
              26.960462130358003
            ],
            [
              78.83963906912075,
              26.960962671703065
            ],
            [
              78.83940227860174,
              26.961010838347374
            ],
            [
              78.83925483811417,
              26.961159307132768
            ],
            [
              78.83973662975389,
              26.96169894966144
            ],
            [
              78.83978426382015,
              26.961817790115692
            ],
            [
              78.83952468394067,
              26.962012770658724
            ],
            [
              78.84013206814195,
              26.962515927311923
            ],
            [
              78.84067077973299,
              26.962912681718606
            ],
            [
              78.84065597190386,
              26.963006057252873
            ],
            [
              78.84057086102227,
              26.963192398948507
            ],
            [
              78.84139136603311,
              26.96395900579189
            ],
            [
              78.84158365670785,
              26.963461746876416
            ],
            [
              78.84240130956768,
              26.96377938212197
            ],
            [
              78.84244786206233,
              26.964016606942163
            ],
            [
              78.84407013322719,
              26.964564625063677
            ],
            [
              78.84434432689969,
              26.964230023662953
            ],
            [
              78.84503479358662,
              26.964771183132843
            ],
            [
              78.8446923081896,
              26.965226068165006
            ],
            [
              78.84445970561646,
              26.96556713585638
            ],
            [
              78.8445214225714,
              26.965661164921435
            ],
            [
              78.84494976355339,
              26.96596976587015
            ],
            [
              78.84501743184711,
              26.966175982689105
            ],
            [
              78.84483589041302,
              26.966261883900863
            ],
            [
              78.84478499725893,
              26.96649839091949
            ],
            [
              78.84529752834932,
              26.96673278614999
            ],
            [
              78.8465676302784,
              26.96547671524407
            ],
            [
              78.84666513611428,
              26.965471180347965
            ],
            [
              78.84790888955776,
              26.966346748212906
            ],
            [
              78.84724344634137,
              26.966871706160703
            ],
            [
              78.84722875529324,
              26.966952673298994
            ],
            [
              78.84813739132166,
              26.967568033817034
            ],
            [
              78.84849405572709,
              26.96734626637251
            ],
            [
              78.84891572222652,
              26.967623645945068
            ],
            [
              78.84935088860804,
              26.96795094269773
            ],
            [
              78.84984307375558,
              26.968122852034327
            ],
            [
              78.85039590506626,
              26.968507172138263
            ],
            [
              78.85083652422155,
              26.96823609890878
            ],
            [
              78.85103774325191,
              26.968287483378518
            ],
            [
              78.85116907155658,
              26.96837567518259
            ],
            [
              78.85277870612032,
              26.970313630868368
            ],
            [
              78.85259552166758,
              26.97058033735092
            ],
            [
              78.85271661816114,
              26.970857993974622
            ],
            [
              78.85235864760527,
              26.971223157367557
            ],
            [
              78.85245424362286,
              26.97141707282978
            ],
            [
              78.85258489819104,
              26.97158008293197
            ],
            [
              78.85261837121514,
              26.971723723740027
            ],
            [
              78.85269359523873,
              26.971867669395333
            ],
            [
              78.85308601438912,
              26.97230687879984
            ],
            [
              78.85478914381103,
              26.97133150780335
            ],
            [
              78.85551613869237,
              26.970919203155315
            ],
            [
              78.85564984663418,
              26.97074561760154
            ],
            [
              78.85565092101928,
              26.970627139639095
            ],
            [
              78.85542455095757,
              26.970282627010416
            ],
            [
              78.85535686559585,
              26.970076415310174
            ],
            [
              78.85540656309232,
              26.969958383388654
            ],
            [
              78.85582152187152,
              26.969450228877744
            ],
            [
              78.85603549069073,
              26.968853378720336
            ]
          ]
        ]
      }
    }
  ]
}