{
  "type": "FeatureCollection",
  "features": [
    {
      "type": "Feature",
      "properties": {
        "objectid": "09-147-00773",
        "stcode11": "09",
        "dtcode11": "147",
        "sdtcode11": "00773",
        "stname": "UTTAR PRADESH",
        "dtname": "Firozabad",
        "sdtname": "Jasrana",
        "st_area_sh": 0.0,
        "st_length_": 0.0,
        "remarks": "",
        "dist_lgd": 143,
        "state_lgd": 9,
        "subdt_lgd": 773,
        "ac_no": 96,
        "st_length(shape)": 211578.0969840703,
        "st_area(shape)": 1048127390.615976
      },
      "geometry": {
        "type": "Polygon",
        "coordinates": [
          [
            [
              78.60915595500333,
              27.510163006088277
            ],
            [
              78.61031456342923,
              27.509913639166747
            ],
            [
              78.61247151724109,
              27.50903567599774
            ],
            [
              78.61313545038948,
              27.508472306997003
            ],
            [
              78.61516228502904,
              27.507110209283113
            ],
            [
              78.61728730642751,
              27.50561095471711
            ],
            [
              78.61846451986126,
              27.504103385981843
            ],
            [
              78.6193453287771,
              27.503162417910207
            ],
            [
              78.62025167140663,
              27.502978988954343
            ],
            [
              78.62048914374692,
              27.50293092793417
            ],
            [
              78.62169154504292,
              27.503007109398304
            ],
            [
              78.6227303694139,
              27.50307291895384
            ],
            [
              78.62333067758564,
              27.503110944306346
            ],
            [
              78.62338202169406,
              27.501955742369223
            ],
            [
              78.623374773188,
              27.500851774306533
            ],
            [
              78.62387795101968,
              27.499924741039628
            ],
            [
              78.62488918633164,
              27.49782859318102
            ],
            [
              78.62574031041893,
              27.495787815690615
            ],
            [
              78.62656195808681,
              27.493519309949633
            ],
            [
              78.62731370514747,
              27.491819124166813
            ],
            [
              78.62761839931882,
              27.49096035136693
            ],
            [
              78.62780294471924,
              27.49044021008842
            ],
            [
              78.62793419217549,
              27.490099969329194
            ],
            [
              78.63002608370624,
              27.488269181819888
            ],
            [
              78.63125611807871,
              27.489474587332218
            ],
            [
              78.63268973315242,
              27.489543864282552
            ],
            [
              78.63278296480418,
              27.491005120122402
            ],
            [
              78.63279868711828,
              27.491251528843545
            ],
            [
              78.63527138168452,
              27.49102663190935
            ],
            [
              78.63851014155874,
              27.49073199696187
            ],
            [
              78.63960508368552,
              27.489238375665913
            ],
            [
              78.64099887644268,
              27.490046866357275
            ],
            [
              78.64241050704646,
              27.489205546048407
            ],
            [
              78.64308013461546,
              27.489182911082498
            ],
            [
              78.64394073592901,
              27.489190298286722
            ],
            [
              78.64552849022738,
              27.489744374644253
            ],
            [
              78.6468508624279,
              27.49057874918345
            ],
            [
              78.64853648098992,
              27.490934556331712
            ],
            [
              78.64878193935311,
              27.491818493042125
            ],
            [
              78.65134934689301,
              27.493177375008482
            ],
            [
              78.65273506110081,
              27.491176493124474
            ],
            [
              78.65303190219997,
              27.490747862890796
            ],
            [
              78.65592981430592,
              27.491203699375856
            ],
            [
              78.6570633139213,
              27.491381980999325
            ],
            [
              78.65891196502932,
              27.491397681084024
            ],
            [
              78.65996527832752,
              27.49126440560593
            ],
            [
              78.66002314510318,
              27.491238464016256
            ],
            [
              78.66108628956383,
              27.490761837815842
            ],
            [
              78.66182907323461,
              27.4898579042626
            ],
            [
              78.66183967425327,
              27.488862329052072
            ],
            [
              78.66216674635666,
              27.488039298157247
            ],
            [
              78.66215028293242,
              27.487524698310196
            ],
            [
              78.66236867595441,
              27.48689495294842
            ],
            [
              78.6625932754367,
              27.48634987136889
            ],
            [
              78.66341133972493,
              27.48495010581471
            ],
            [
              78.6637341160846,
              27.483734843719553
            ],
            [
              78.6639474012859,
              27.482344012134664
            ],
            [
              78.66412608967062,
              27.480524960775856
            ],
            [
              78.66458224698538,
              27.47959009993365
            ],
            [
              78.66471882324791,
              27.478737883277
            ],
            [
              78.66467138681101,
              27.477201338139597
            ],
            [
              78.66414387271998,
              27.475275799984164
            ],
            [
              78.66409946899547,
              27.473454845819198
            ],
            [
              78.66407207576923,
              27.473027879318852
            ],
            [
              78.66350607964803,
              27.472311928777255
            ],
            [
              78.66306234513536,
              27.47208061304589
            ],
            [
              78.6624231219455,
              27.47224589680004
            ],
            [
              78.65976012108294,
              27.473901696719835
            ],
            [
              78.65781135902469,
              27.4713534063752
            ],
            [
              78.65655628231707,
              27.469814665245266
            ],
            [
              78.65564149462557,
              27.46892502208419
            ],
            [
              78.65507739125472,
              27.46803835827553
            ],
            [
              78.65366858405588,
              27.465665288918075
            ],
            [
              78.65219161269329,
              27.463718264815746
            ],
            [
              78.65055583356153,
              27.461784567178174
            ],
            [
              78.64967337713543,
              27.460866676194975
            ],
            [
              78.6493022031415,
              27.460636304919568
            ],
            [
              78.6493494185928,
              27.45838907807072
            ],
            [
              78.64920753328695,
              27.456766333183232
            ],
            [
              78.64831948933981,
              27.45372880502285
            ],
            [
              78.64718184938927,
              27.44987862713486
            ],
            [
              78.64691925835696,
              27.44762899435449
            ],
            [
              78.64667670065386,
              27.446618613045164
            ],
            [
              78.64662176687759,
              27.446456194280746
            ],
            [
              78.64605913225222,
              27.444792675660228
            ],
            [
              78.6451192213772,
              27.4433053691446
            ],
            [
              78.64398781932796,
              27.44184479861963
            ],
            [
              78.64396582138332,
              27.44093423735057
            ],
            [
              78.64402264611324,
              27.44035334973389
            ],
            [
              78.64403845197064,
              27.440109929297527
            ],
            [
              78.64411350711096,
              27.43927084993261
            ],
            [
              78.6437722245581,
              27.43841450508741
            ],
            [
              78.64304298658348,
              27.437545179670835
            ],
            [
              78.64269572574241,
              27.437291472258043
            ],
            [
              78.64235270225456,
              27.437093751787266
            ],
            [
              78.6414030572351,
              27.436516611076144
            ],
            [
              78.64095856634096,
              27.43637056623829
            ],
            [
              78.64154834805422,
              27.43486789570724
            ],
            [
              78.64091512740708,
              27.434492562928362
            ],
            [
              78.64084561577037,
              27.432350010223335
            ],
            [
              78.64081656784737,
              27.43181762315177
            ],
            [
              78.63941111136455,
              27.43214692619277
            ],
            [
              78.63987187524006,
              27.43096792031
            ],
            [
              78.64084453240214,
              27.429411670096528
            ],
            [
              78.64184068230556,
              27.428623686131093
            ],
            [
              78.64305807828026,
              27.42800829997544
            ],
            [
              78.6428770659539,
              27.42777953767649
            ],
            [
              78.64227682425748,
              27.427318587874666
            ],
            [
              78.6410064231894,
              27.42622684334436
            ],
            [
              78.64195049416251,
              27.424357404954566
            ],
            [
              78.64285300817225,
              27.422930070942982
            ],
            [
              78.64312510158364,
              27.421339289946108
            ],
            [
              78.64326104363556,
              27.4205438972335
            ],
            [
              78.64511447467923,
              27.420019305964228
            ],
            [
              78.648084032819,
              27.419390417355174
            ],
            [
              78.65038167178749,
              27.419221632751423
            ],
            [
              78.65296182103137,
              27.419062301871016
            ],
            [
              78.65735411295182,
              27.4194410258137
            ],
            [
              78.65955214043342,
              27.41945969927405
            ],
            [
              78.66125894755808,
              27.41773882911747
            ],
            [
              78.6626759833249,
              27.416300023993788
            ],
            [
              78.66334047073384,
              27.415755496096775
            ],
            [
              78.66398756406392,
              27.41482218262605
            ],
            [
              78.66582151064905,
              27.416117889016924
            ],
            [
              78.66683563943457,
              27.416610089351703
            ],
            [
              78.66854380211699,
              27.417762383014537
            ],
            [
              78.67021464159596,
              27.416410911636433
            ],
            [
              78.6708904899983,
              27.41576235314913
            ],
            [
              78.6726998317278,
              27.413359393933806
            ],
            [
              78.67299132695268,
              27.41290668693858
            ],
            [
              78.67068592025193,
              27.41100971091561
            ],
            [
              78.67204596240555,
              27.408915893939966
            ],
            [
              78.67257122442017,
              27.407441001778484
            ],
            [
              78.67269046768929,
              27.40519450995089
            ],
            [
              78.67302143937933,
              27.403164691068564
            ],
            [
              78.67396256298,
              27.40152257095237
            ],
            [
              78.6750279927547,
              27.40016593785146
            ],
            [
              78.6744954651661,
              27.399308016865792
            ],
            [
              78.67520640625497,
              27.398346694082708
            ],
            [
              78.67461147000861,
              27.39737450260533
            ],
            [
              78.673764094591,
              27.396172512960007
            ],
            [
              78.67349014256533,
              27.395362693639647
            ],
            [
              78.67345523493168,
              27.395259496601458
            ],
            [
              78.67349281864655,
              27.395178960110833
            ],
            [
              78.67384627426982,
              27.394421544793
            ],
            [
              78.67503786793463,
              27.393179799212096
            ],
            [
              78.67683782586269,
              27.391630203777858
            ],
            [
              78.6789871951986,
              27.39016877271205
            ],
            [
              78.67956406003638,
              27.389832268916624
            ],
            [
              78.6815766132596,
              27.388661463981418
            ],
            [
              78.68250847702632,
              27.387872651752986
            ],
            [
              78.68242845959236,
              27.3863925478185
            ],
            [
              78.68313618740748,
              27.38571569871229
            ],
            [
              78.68415232033439,
              27.38561529638208
            ],
            [
              78.68528953717842,
              27.383462574761726
            ],
            [
              78.68742353005162,
              27.383451850257234
            ],
            [
              78.68822177930129,
              27.38325938171725
            ],
            [
              78.68953317858059,
              27.382141900645106
            ],
            [
              78.69040035196878,
              27.38143785921515
            ],
            [
              78.69289320832323,
              27.38060504900197
            ],
            [
              78.69596064060815,
              27.379634626354864
            ],
            [
              78.69772711742726,
              27.37911805230595
            ],
            [
              78.6990813879052,
              27.37872917437044
            ],
            [
              78.70262615708432,
              27.377791034875955
            ],
            [
              78.70511231560003,
              27.377583861262142
            ],
            [
              78.70594123423182,
              27.37750530216181
            ],
            [
              78.70671190340565,
              27.3768857321307
            ],
            [
              78.70797484396527,
              27.377948651175803
            ],
            [
              78.71013785511707,
              27.379012943203048
            ],
            [
              78.71198642088515,
              27.37983078969064
            ],
            [
              78.71213446773555,
              27.379846698691335
            ],
            [
              78.71308003709855,
              27.3778135770303
            ],
            [
              78.71368955659523,
              27.37708736460874
            ],
            [
              78.7135068581311,
              27.376565283261964
            ],
            [
              78.71346557156063,
              27.375194178906533
            ],
            [
              78.713211176757,
              27.374833505717568
            ],
            [
              78.71333081079328,
              27.372706165631907
            ],
            [
              78.71537534314226,
              27.371560621856215
            ],
            [
              78.7165474110261,
              27.370778972729294
            ],
            [
              78.71720817042657,
              27.369967983847253
            ],
            [
              78.7181339463106,
              27.368751010324853
            ],
            [
              78.71848915544531,
              27.367250814707276
            ],
            [
              78.71891511140021,
              27.36554298775297
            ],
            [
              78.71921789485492,
              27.36464160967726
            ],
            [
              78.71923661574547,
              27.363944842117377
            ],
            [
              78.71916571261839,
              27.363358337680477
            ],
            [
              78.71900528339012,
              27.363094714750495
            ],
            [
              78.71874977198061,
              27.362567814053815
            ],
            [
              78.71801645206133,
              27.360899997340514
            ],
            [
              78.71731498191049,
              27.35931990423244
            ],
            [
              78.71693789520536,
              27.358283901689163
            ],
            [
              78.7166188468541,
              27.357581536337094
            ],
            [
              78.71656074741476,
              27.35688138135895
            ],
            [
              78.71599717135497,
              27.35495186404059
            ],
            [
              78.7158383033987,
              27.354164057776405
            ],
            [
              78.71604382356263,
              27.353203537111547
            ],
            [
              78.71631387959492,
              27.35230188464351
            ],
            [
              78.71681770241695,
              27.35087738960607
            ],
            [
              78.71692000974805,
              27.350440858693585
            ],
            [
              78.71773141841831,
              27.34761938877722
            ],
            [
              78.71797933008055,
              27.345697184314435
            ],
            [
              78.71802174673164,
              27.34473532709665
            ],
            [
              78.71805851926779,
              27.34432747865434
            ],
            [
              78.7150075099829,
              27.342088086048754
            ],
            [
              78.7141480710893,
              27.34259921770573
            ],
            [
              78.71323412961084,
              27.34248270230515
            ],
            [
              78.7118587550119,
              27.342744099342145
            ],
            [
              78.70980640282839,
              27.34060031502669
            ],
            [
              78.70954490324917,
              27.340151888187332
            ],
            [
              78.70954017002596,
              27.34014377203911
            ],
            [
              78.7104938691423,
              27.33934050821819
            ],
            [
              78.7138006251953,
              27.336717555320494
            ],
            [
              78.71410320922402,
              27.33572178969084
            ],
            [
              78.71450485227577,
              27.329963246760364
            ],
            [
              78.71503261340348,
              27.324615225830176
            ],
            [
              78.71521219740858,
              27.32264399363743
            ],
            [
              78.71538191701352,
              27.32026161533001
            ],
            [
              78.71434445179358,
              27.31947361591781
            ],
            [
              78.71333234242083,
              27.318430025757824
            ],
            [
              78.7124568946506,
              27.317359121632926
            ],
            [
              78.71477756103309,
              27.316233077940883
            ],
            [
              78.71425310840054,
              27.314866005267575
            ],
            [
              78.71355039498131,
              27.31359802818728
            ],
            [
              78.71220944562076,
              27.31197346168425
            ],
            [
              78.71165940896891,
              27.311501083141405
            ],
            [
              78.7121603185545,
              27.309294735893207
            ],
            [
              78.71172009914953,
              27.308325130015586
            ],
            [
              78.7117549043752,
              27.307517355712523
            ],
            [
              78.7120282239869,
              27.30678274184594
            ],
            [
              78.71250399242261,
              27.305343757654416
            ],
            [
              78.71254866474337,
              27.30520863728325
            ],
            [
              78.71285250102362,
              27.304094036614483
            ],
            [
              78.71299475913034,
              27.3031683241884
            ],
            [
              78.71295113783844,
              27.30271923270612
            ],
            [
              78.71287461215603,
              27.30193135934779
            ],
            [
              78.71264801841383,
              27.300693615197375
            ],
            [
              78.71247071163799,
              27.29983650480374
            ],
            [
              78.71260931899137,
              27.299368271067184
            ],
            [
              78.71309024016357,
              27.299110771884585
            ],
            [
              78.71372932411458,
              27.298997173950692
            ],
            [
              78.71558737429541,
              27.299226228859123
            ],
            [
              78.71716417004565,
              27.298359597342785
            ],
            [
              78.71911484282049,
              27.297329666699664
            ],
            [
              78.71909189894983,
              27.29686535232722
            ],
            [
              78.71856981786964,
              27.29593413769113
            ],
            [
              78.71867992886558,
              27.295554797125153
            ],
            [
              78.7194846864095,
              27.29482447714994
            ],
            [
              78.72042317525141,
              27.294000224246634
            ],
            [
              78.71902500769879,
              27.29259280724391
            ],
            [
              78.71860662544006,
              27.291923856746706
            ],
            [
              78.71848197431292,
              27.291114770395353
            ],
            [
              78.71849589101332,
              27.289889081003516
            ],
            [
              78.71787511113452,
              27.2882202873526
            ],
            [
              78.71698923572048,
              27.286478024721045
            ],
            [
              78.71699426179447,
              27.285984801896987
            ],
            [
              78.71729244318003,
              27.28541677585686
            ],
            [
              78.71828258964234,
              27.28473555991772
            ],
            [
              78.71855074124622,
              27.284500018700705
            ],
            [
              78.71839680414251,
              27.283952116065304
            ],
            [
              78.71800988088505,
              27.283034941244143
            ],
            [
              78.71738018163379,
              27.282245540615392
            ],
            [
              78.71667481099797,
              27.28105138734642
            ],
            [
              78.71628058623386,
              27.280620337226875
            ],
            [
              78.71587156442038,
              27.280486723685513
            ],
            [
              78.71545955301363,
              27.28035213194386
            ],
            [
              78.71415743333121,
              27.280365322304196
            ],
            [
              78.70872842808072,
              27.28115284888989
            ],
            [
              78.70249365827485,
              27.282880123999014
            ],
            [
              78.70174344733333,
              27.282138186378294
            ],
            [
              78.7001679810897,
              27.28029503038391
            ],
            [
              78.69837903560874,
              27.27915103292997
            ],
            [
              78.69695011243574,
              27.278568868789637
            ],
            [
              78.69615763216682,
              27.27811067567985
            ],
            [
              78.69563220935378,
              27.277535874706267
            ],
            [
              78.69355628986875,
              27.275284457030477
            ],
            [
              78.6921696351248,
              27.27381740964674
            ],
            [
              78.69159345210831,
              27.273004446672235
            ],
            [
              78.69091155085759,
              27.272143095957023
            ],
            [
              78.68967741118429,
              27.270730492235213
            ],
            [
              78.68891719929871,
              27.270084057988583
            ],
            [
              78.68838515141044,
              27.26969745563149
            ],
            [
              78.68888652273007,
              27.268743930385618
            ],
            [
              78.68941503125615,
              27.26803772415108
            ],
            [
              78.68983717835424,
              27.267818393610693
            ],
            [
              78.69084931018484,
              27.268238290620914
            ],
            [
              78.69398567828635,
              27.269064121641282
            ],
            [
              78.69485269357105,
              27.269071300781764
            ],
            [
              78.69577490314339,
              27.26898198508657
            ],
            [
              78.69667282766038,
              27.268625793153536
            ],
            [
              78.69732785131775,
              27.268170736228726
            ],
            [
              78.69784820403935,
              27.267641693281853
            ],
            [
              78.69835441997331,
              27.268470050350288
            ],
            [
              78.69985816113136,
              27.267173548200525
            ],
            [
              78.70114012531378,
              27.2663599353602
            ],
            [
              78.70335521090429,
              27.26549085631348
            ],
            [
              78.70658511608477,
              27.264959870613673
            ],
            [
              78.70905489202464,
              27.264567973861148
            ],
            [
              78.71105940442771,
              27.264632889761515
            ],
            [
              78.71372838088354,
              27.2648711808417
            ],
            [
              78.71641314792541,
              27.264650644688043
            ],
            [
              78.71814727012293,
              27.264205750969385
            ],
            [
              78.7194805604474,
              27.26365907381228
            ],
            [
              78.72024557203153,
              27.26303508887699
            ],
            [
              78.72158273319656,
              27.261547815836188
            ],
            [
              78.72224451487988,
              27.26041389866604
            ],
            [
              78.72295703071546,
              27.25961974809691
            ],
            [
              78.7238857809214,
              27.258875860839268
            ],
            [
              78.72619579058967,
              27.257132497675375
            ],
            [
              78.72636737509713,
              27.256220194021672
            ],
            [
              78.72683606929999,
              27.25542405219494
            ],
            [
              78.72784696684543,
              27.254583856338794
            ],
            [
              78.72795826990576,
              27.254293820351304
            ],
            [
              78.72781736825513,
              27.252098826809675
            ],
            [
              78.72745450727083,
              27.25047177627573
            ],
            [
              78.7277009349162,
              27.250179246667766
            ],
            [
              78.72772322481335,
              27.248369675801698
            ],
            [
              78.72825324430569,
              27.247890958745874
            ],
            [
              78.7292160622205,
              27.247620927082977
            ],
            [
              78.73004872772533,
              27.24766549568571
            ],
            [
              78.73078109273543,
              27.247848196741618
            ],
            [
              78.73151753070705,
              27.247626777881106
            ],
            [
              78.73215554925612,
              27.247366705374386
            ],
            [
              78.73437917962163,
              27.246676896056243
            ],
            [
              78.7361236683775,
              27.245895181372955
            ],
            [
              78.73700298519168,
              27.245510759090227
            ],
            [
              78.73762957896697,
              27.244972684982006
            ],
            [
              78.73810346363554,
              27.244180769028777
            ],
            [
              78.7385768353661,
              27.243439389354236
            ],
            [
              78.73887524222874,
              27.24323969981924
            ],
            [
              78.73939961041967,
              27.24304181810944
            ],
            [
              78.7397676061741,
              27.24295635824407
            ],
            [
              78.73989694560872,
              27.2427300457827
            ],
            [
              78.73985787608039,
              27.242401303194946
            ],
            [
              78.74022778794134,
              27.24211378161989
            ],
            [
              78.74059691736969,
              27.241914655967232
            ],
            [
              78.7410645865948,
              27.241741586797275
            ],
            [
              78.74144779711523,
              27.24154256989756
            ],
            [
              78.7419001410816,
              27.241483049173198
            ],
            [
              78.74246407826412,
              27.241563270042192
            ],
            [
              78.74280303957032,
              27.24155338320378
            ],
            [
              78.74324356799572,
              27.241266417715597
            ],
            [
              78.74466743365366,
              27.240065215119767
            ],
            [
              78.74562626125197,
              27.23877189770567
            ],
            [
              78.74723671238431,
              27.237256494788674
            ],
            [
              78.74747976056759,
              27.23695526601765
            ],
            [
              78.74837459398167,
              27.23640668497744
            ],
            [
              78.74869017034433,
              27.236265741998235
            ],
            [
              78.75084828208459,
              27.23434745901451
            ],
            [
              78.75212018333917,
              27.233216010653518
            ],
            [
              78.75319093383536,
              27.232317663047127
            ],
            [
              78.75374162266408,
              27.23212297207905
            ],
            [
              78.75511231344711,
              27.231496692762317
            ],
            [
              78.75640861384309,
              27.230896279196795
            ],
            [
              78.75778744695585,
              27.230223450065722
            ],
            [
              78.75865246079407,
              27.229739082781904
            ],
            [
              78.75905440657807,
              27.22958299238421
            ],
            [
              78.75957847742661,
              27.229082702873256
            ],
            [
              78.76003067856088,
              27.228342917629494
            ],
            [
              78.76030481204623,
              27.227615055628043
            ],
            [
              78.76054939275535,
              27.226682950912522
            ],
            [
              78.76082639276481,
              27.22566306473255
            ],
            [
              78.76079955829064,
              27.22537080780508
            ],
            [
              78.76086236490205,
              27.225026232121678
            ],
            [
              78.76060273471694,
              27.224280845088256
            ],
            [
              78.75980562722602,
              27.22267521784999
            ],
            [
              78.75925263421856,
              27.22159568133189
            ],
            [
              78.75878251259273,
              27.219888957370376
            ],
            [
              78.75864515210091,
              27.218786220252998
            ],
            [
              78.75862058587285,
              27.21826451392627
            ],
            [
              78.75853458296417,
              27.217958557320863
            ],
            [
              78.7577568162013,
              27.21712949264229
            ],
            [
              78.75668400317326,
              27.21613875089343
            ],
            [
              78.75606927075295,
              27.21531096364038
            ],
            [
              78.75545661703423,
              27.214283957619834
            ],
            [
              78.75494764866225,
              27.21327109271604
            ],
            [
              78.7540562135749,
              27.211936686309524
            ],
            [
              78.75322936106825,
              27.21050720832468
            ],
            [
              78.7521624248188,
              27.208932462651354
            ],
            [
              78.75115323586905,
              27.207517425800468
            ],
            [
              78.75054718297103,
              27.207636132030235
            ],
            [
              78.74975833638744,
              27.20793525266547
            ],
            [
              78.74907187169508,
              27.208367791607344
            ],
            [
              78.74858503242181,
              27.20846675972232
            ],
            [
              78.74833097897799,
              27.208598361821547
            ],
            [
              78.74712709905505,
              27.208864674123443
            ],
            [
              78.74638989841374,
              27.209054095384293
            ],
            [
              78.74583656135157,
              27.20924506700762
            ],
            [
              78.7453311089856,
              27.209230751337433
            ],
            [
              78.74482678400528,
              27.209113608677153
            ],
            [
              78.74429820630898,
              27.20911969238425
            ],
            [
              78.74223407272046,
              27.209369185604757
            ],
            [
              78.74062408601714,
              27.20951053411709
            ],
            [
              78.73857246955382,
              27.209637579614732
            ],
            [
              78.73803238174375,
              27.209653750295022
            ],
            [
              78.737595684633,
              27.209660544999917
            ],
            [
              78.73721571792908,
              27.209739748619395
            ],
            [
              78.73689371861208,
              27.20976804668328
            ],
            [
              78.73637809372386,
              27.209630295977153
            ],
            [
              78.7347852684357,
              27.208399321635323
            ],
            [
              78.73404624870598,
              27.20763265831909
            ],
            [
              78.73231762689294,
              27.206429053239038
            ],
            [
              78.73132188033313,
              27.20605087577151
            ],
            [
              78.730313488189,
              27.205785716799323
            ],
            [
              78.72748976075586,
              27.20499320575992
            ],
            [
              78.7266559364243,
              27.20480695339115
            ],
            [
              78.72663009009695,
              27.20480117863916
            ],
            [
              78.72674915460132,
              27.20361683763616
            ],
            [
              78.72667095625583,
              27.202150794758246
            ],
            [
              78.72625682302841,
              27.200781928228945
            ],
            [
              78.72550079280045,
              27.198404185990015
            ],
            [
              78.72513844385585,
              27.1974353979382
            ],
            [
              78.72473391092385,
              27.19694919501975
            ],
            [
              78.72453250594222,
              27.19663115733366
            ],
            [
              78.72466675556817,
              27.1962325752398
            ],
            [
              78.72493316264375,
              27.195651906055016
            ],
            [
              78.72545729637439,
              27.19448433907472
            ],
            [
              78.72501248208673,
              27.19458352326476
            ],
            [
              78.7247151478125,
              27.194649819128966
            ],
            [
              78.72413690316245,
              27.194735567751408
            ],
            [
              78.72321093324231,
              27.194947616289703
            ],
            [
              78.72214067771785,
              27.19515858096582
            ],
            [
              78.72192664332162,
              27.194911381864713
            ],
            [
              78.72129929316488,
              27.19414408085319
            ],
            [
              78.72059942021858,
              27.193414967892263
            ],
            [
              78.71972747677628,
              27.192568293798967
            ],
            [
              78.71931325820886,
              27.19213860602754
            ],
            [
              78.71879920986393,
              27.19159185301004
            ],
            [
              78.71863078473133,
              27.19112547116778
            ],
            [
              78.7197472918148,
              27.190617793611263
            ],
            [
              78.71981370516207,
              27.18976568791714
            ],
            [
              78.71989880526387,
              27.18850036723324
            ],
            [
              78.71974161895379,
              27.186897365615398
            ],
            [
              78.71967525681046,
              27.18632842378274
            ],
            [
              78.71950699606957,
              27.18583612581863
            ],
            [
              78.71936508830582,
              27.185602464835704
            ],
            [
              78.7190243429455,
              27.18504415939209
            ],
            [
              78.71850901090802,
              27.184626602333744
            ],
            [
              78.71796875241806,
              27.183821204169977
            ],
            [
              78.71787076598349,
              27.183523291797766
            ],
            [
              78.7177577669039,
              27.183276905959016
            ],
            [
              78.71740251644673,
              27.182731435210094
            ],
            [
              78.71684748965347,
              27.181964876681754
            ],
            [
              78.71666236124648,
              27.18171790325396
            ],
            [
              78.71644822713723,
              27.18148365029606
            ],
            [
              78.71646524482198,
              27.181225364389814
            ],
            [
              78.71674343779411,
              27.180840085223604
            ],
            [
              78.71752981311235,
              27.18014886820726
            ],
            [
              78.7166397820918,
              27.179676604133086
            ],
            [
              78.71582080960681,
              27.179321075821754
            ],
            [
              78.71462965072661,
              27.178652710088464
            ],
            [
              78.7143143905709,
              27.17843049439705
            ],
            [
              78.71387162803535,
              27.177974728367296
            ],
            [
              78.71291464198339,
              27.176998000806755
            ],
            [
              78.71227189380434,
              27.1763339093763
            ],
            [
              78.7121148332584,
              27.176177589144228
            ],
            [
              78.71198839178886,
              27.175840657080986
            ],
            [
              78.71196295239837,
              27.175504548725144
            ],
            [
              78.71187976840305,
              27.17516797025355
            ],
            [
              78.71179526298596,
              27.174960592740213
            ],
            [
              78.71148025076526,
              27.174725598363505
            ],
            [
              78.71069247227855,
              27.17413787810053
            ],
            [
              78.70946104461908,
              27.173184703618755
            ],
            [
              78.70841629406218,
              27.17233643827073
            ],
            [
              78.70721583492382,
              27.172584927713856
            ],
            [
              78.70638191087927,
              27.170859888912993
            ],
            [
              78.70403864468088,
              27.166940678940115
            ],
            [
              78.70388358288643,
              27.166712036621725
            ],
            [
              78.70371431693067,
              27.166335959093985
            ],
            [
              78.70361943507375,
              27.165740937725136
            ],
            [
              78.70343595058371,
              27.16533891809562
            ],
            [
              78.70322067381746,
              27.165220889346585
            ],
            [
              78.7027648102518,
              27.164648720001725
            ],
            [
              78.70192314901769,
              27.163685909623496
            ],
            [
              78.7016066186442,
              27.16359286887558
            ],
            [
              78.70132002193259,
              27.163396776685694
            ],
            [
              78.70123577882354,
              27.163176435210698
            ],
            [
              78.70076318413571,
              27.162823675667475
            ],
            [
              78.7003054763288,
              27.162432346631288
            ],
            [
              78.69993334293412,
              27.162132155256245
            ],
            [
              78.69953100907793,
              27.1619609283298
            ],
            [
              78.69931797720156,
              27.161636130745613
            ],
            [
              78.69949348824517,
              27.161405066219235
            ],
            [
              78.69942363255372,
              27.161184842300784
            ],
            [
              78.69925078860821,
              27.161157590123164
            ],
            [
              78.69890646256317,
              27.16096101570168
            ],
            [
              78.69858900782323,
              27.160958393342998
            ],
            [
              78.69834754336982,
              27.160581711378768
            ],
            [
              78.6977836555946,
              27.160693399723804
            ],
            [
              78.69732089117095,
              27.160792964825852
            ],
            [
              78.69704251763744,
              27.161204041186988
            ],
            [
              78.69682324696142,
              27.161473525392164
            ],
            [
              78.69634546001126,
              27.161624612737658
            ],
            [
              78.69605593569014,
              27.16171264862032
            ],
            [
              78.69596692432359,
              27.16194442623947
            ],
            [
              78.69597726662744,
              27.16234502424347
            ],
            [
              78.69606080096572,
              27.16264283729572
            ],
            [
              78.69602578373764,
              27.163236881719943
            ],
            [
              78.69584922615674,
              27.16355836660485
            ],
            [
              78.69543077203278,
              27.163554901111755
            ],
            [
              78.69507059341792,
              27.163500270028617
            ],
            [
              78.69468248079099,
              27.163354881395893
            ],
            [
              78.69439629730441,
              27.16311999606049
            ],
            [
              78.69426978127473,
              27.162796001090392
            ],
            [
              78.69405505337909,
              27.162626224211245
            ],
            [
              78.69385307078072,
              27.1626245489958
            ],
            [
              78.69364774016131,
              27.162945885386275
            ],
            [
              78.69344455292212,
              27.163060456626372
            ],
            [
              78.69312722843792,
              27.163044865833275
            ],
            [
              78.69279353844584,
              27.16321009679915
            ],
            [
              78.69256027381431,
              27.163440674051387
            ],
            [
              78.69242786663303,
              27.163685048046617
            ],
            [
              78.69216666978606,
              27.163824960687776
            ],
            [
              78.69189805914307,
              27.163293096224834
            ],
            [
              78.691398900374,
              27.162720440652265
            ],
            [
              78.6907567091504,
              27.162030430180938
            ],
            [
              78.69009115993283,
              27.16081049333231
            ],
            [
              78.68925227808622,
              27.159602067768617
            ],
            [
              78.6889552240864,
              27.159031175639505
            ],
            [
              78.68867188197103,
              27.15852500416812
            ],
            [
              78.68822928292889,
              27.15806915606653
            ],
            [
              78.68850710938837,
              27.157722604376495
            ],
            [
              78.68925000624685,
              27.157044107882783
            ],
            [
              78.68974723812966,
              27.156415214316524
            ],
            [
              78.69082717659455,
              27.155235695729257
            ],
            [
              78.69143935959606,
              27.15464653403816
            ],
            [
              78.69175907809051,
              27.154429541162415
            ],
            [
              78.69154490355712,
              27.154208111726675
            ],
            [
              78.69124624157291,
              27.15379224894225
            ],
            [
              78.69073448483029,
              27.153051571651904
            ],
            [
              78.69090973176918,
              27.152846336784457
            ],
            [
              78.6915057774349,
              27.15242494724875
            ],
            [
              78.69207284883946,
              27.15200331472892
            ],
            [
              78.69255181078601,
              27.151735990622075
            ],
            [
              78.69265520507861,
              27.151504331699694
            ],
            [
              78.6927026055829,
              27.151104207980108
            ],
            [
              78.69286279496096,
              27.150963453697635
            ],
            [
              78.69344340218026,
              27.150632362182602
            ],
            [
              78.69334633472224,
              27.150243996720636
            ],
            [
              78.69365272760776,
              27.149923587783558
            ],
            [
              78.69361272383154,
              27.14960030590902
            ],
            [
              78.69339879094491,
              27.14936592160868
            ],
            [
              78.69324195228283,
              27.14918375292736
            ],
            [
              78.69325954758432,
              27.148873906658153
            ],
            [
              78.69342133955689,
              27.14857803127346
            ],
            [
              78.69340869756587,
              27.14841001692188
            ],
            [
              78.69300842713989,
              27.14804496072843
            ],
            [
              78.692669104711,
              27.147370326281482
            ],
            [
              78.69239825007642,
              27.147057992984994
            ],
            [
              78.69203905691346,
              27.146912926672723
            ],
            [
              78.69171989357784,
              27.147078276626367
            ],
            [
              78.6915876373135,
              27.147309696926364
            ],
            [
              78.69126364463492,
              27.147940042213268
            ],
            [
              78.69112923870209,
              27.14837813581246
            ],
            [
              78.69089801055135,
              27.148414997644988
            ],
            [
              78.69071110437837,
              27.148348835782713
            ],
            [
              78.69056915708875,
              27.14812809612187
            ],
            [
              78.68981118021158,
              27.14747579928282
            ],
            [
              78.68917082065288,
              27.146617783103917
            ],
            [
              78.68867039615756,
              27.146174406815636
            ],
            [
              78.6882828809103,
              27.14597744631281
            ],
            [
              78.68808482394971,
              27.145601102321496
            ],
            [
              78.68816016205932,
              27.145291736130165
            ],
            [
              78.68909267800292,
              27.144420982739113
            ],
            [
              78.69038946169259,
              27.143204382849525
            ],
            [
              78.69020726089511,
              27.14268608811411
            ],
            [
              78.6897851326616,
              27.141649106923836
            ],
            [
              78.6889330500719,
              27.14173245172033
            ],
            [
              78.68848351962902,
              27.1419482701679
            ],
            [
              78.68790334180443,
              27.14224065938115
            ],
            [
              78.68655416567249,
              27.142952888692562
            ],
            [
              78.68483067503637,
              27.14357154923328
            ],
            [
              78.68380441090969,
              27.14375671194543
            ],
            [
              78.68329888757681,
              27.14380422862256
            ],
            [
              78.68294025496256,
              27.14360740383378
            ],
            [
              78.6822110376492,
              27.142981406740294
            ],
            [
              78.68166713559243,
              27.142563467727335
            ],
            [
              78.68078007530052,
              27.14184543394229
            ],
            [
              78.67999372603343,
              27.141154153784182
            ],
            [
              78.67903389861023,
              27.140500107114875
            ],
            [
              78.67882978700463,
              27.140705088866664
            ],
            [
              78.67842781966105,
              27.140507981227334
            ],
            [
              78.67770381437299,
              27.14076025070855
            ],
            [
              78.67700893965294,
              27.140987026794864
            ],
            [
              78.6764416292965,
              27.141421475228704
            ],
            [
              78.6760477692484,
              27.14183192180696
            ],
            [
              78.67541007319451,
              27.142110729675945
            ],
            [
              78.67460095163496,
              27.1422201838075
            ],
            [
              78.67354245415927,
              27.142715188982667
            ],
            [
              78.67310523512734,
              27.143124893778168
            ],
            [
              78.67320386655229,
              27.143358243979414
            ],
            [
              78.6728703409519,
              27.143510478957012
            ],
            [
              78.67191562494266,
              27.143747909982768
            ],
            [
              78.67259651379203,
              27.144851819055177
            ],
            [
              78.67191694187287,
              27.14498817410893
            ],
            [
              78.67037008517444,
              27.145272253131413
            ],
            [
              78.66891049980585,
              27.145492445272243
            ],
            [
              78.66765436578115,
              27.145572258800918
            ],
            [
              78.6666855147809,
              27.145783806023108
            ],
            [
              78.66538247163037,
              27.146199116682308
            ],
            [
              78.6639764896331,
              27.146807278080864
            ],
            [
              78.66240959062235,
              27.14762084567991
            ],
            [
              78.66074310078596,
              27.148291373969702
            ],
            [
              78.65991391535452,
              27.148930317836193
            ],
            [
              78.65979584079359,
              27.149174789925457
            ],
            [
              78.65977769123157,
              27.149210202291748
            ],
            [
              78.65935374840124,
              27.150036581707365
            ],
            [
              78.65913080810728,
              27.150654853722965
            ],
            [
              78.65885956809547,
              27.151737749130294
            ],
            [
              78.65868628307712,
              27.153105734653494
            ],
            [
              78.65844651284634,
              27.15394341861656
            ],
            [
              78.65817787255894,
              27.154780855708562
            ],
            [
              78.65821933519918,
              27.154949208973477
            ],
            [
              78.65826299691527,
              27.15491079785713
            ],
            [
              78.65850625620264,
              27.155106693932858
            ],
            [
              78.65870575226428,
              27.15534090872762
            ],
            [
              78.65901838305113,
              27.155795736876293
            ],
            [
              78.65920253588776,
              27.15612025410999
            ],
            [
              78.65911387216923,
              27.156313324175983
            ],
            [
              78.65892449742586,
              27.15647961936248
            ],
            [
              78.65860468101506,
              27.156709504741496
            ],
            [
              78.65795104525475,
              27.15710436108756
            ],
            [
              78.65755859286669,
              27.15737231736763
            ],
            [
              78.6573830108562,
              27.157603427804027
            ],
            [
              78.65735166594101,
              27.157835675934486
            ],
            [
              78.65740706324794,
              27.158055797755743
            ],
            [
              78.65760683599069,
              27.15826419137854
            ],
            [
              78.65798993781499,
              27.158874752050334
            ],
            [
              78.65810049527363,
              27.159327857773768
            ],
            [
              78.65825495789177,
              27.15972968883837
            ],
            [
              78.65850848582117,
              27.160313135379283
            ],
            [
              78.65853089429594,
              27.160920530185233
            ],
            [
              78.65890347415326,
              27.161169175316637
            ],
            [
              78.65894411393671,
              27.161414993737043
            ],
            [
              78.65874007239972,
              27.16160708116196
            ],
            [
              78.65855041378872,
              27.16179919782874
            ],
            [
              78.6583749638306,
              27.1620173520809
            ],
            [
              78.65837276475476,
              27.162224023127607
            ],
            [
              78.65887167019895,
              27.16279669083688
            ],
            [
              78.65845143291914,
              27.162961110939765
            ],
            [
              78.657134899768,
              27.163273024928436
            ],
            [
              78.65615117087002,
              27.163497152202165
            ],
            [
              78.65445691231155,
              27.164051109714404
            ],
            [
              78.65190667876327,
              27.165024066325593
            ],
            [
              78.64880513924363,
              27.166276505292643
            ],
            [
              78.64875311241563,
              27.165733557711704
            ],
            [
              78.64806843986227,
              27.16499126764998
            ],
            [
              78.64664980060267,
              27.164061897771695
            ],
            [
              78.64558101831528,
              27.16279952495174
            ],
            [
              78.64464987140418,
              27.163502110673136
            ],
            [
              78.64372145806645,
              27.163959149835826
            ],
            [
              78.64302430701548,
              27.164379668650508
            ],
            [
              78.64167370435884,
              27.165168962859493
            ],
            [
              78.64107192474664,
              27.16477621861653
            ],
            [
              78.64062376243791,
              27.164849918658987
            ],
            [
              78.6388893860172,
              27.16643690101051
            ],
            [
              78.63844512509174,
              27.166148807787142
            ],
            [
              78.63715245209282,
              27.166897574970985
            ],
            [
              78.63687751910686,
              27.16701853026233
            ],
            [
              78.63660176595906,
              27.167158317246134
            ],
            [
              78.63629654717161,
              27.16736236376183
            ],
            [
              78.63583234903675,
              27.167577992035515
            ],
            [
              78.63552908498336,
              27.16760119065971
            ],
            [
              78.63537286795545,
              27.167367233348816
            ],
            [
              78.63486443408105,
              27.1676729076011
            ],
            [
              78.63425482565111,
              27.168003528219035
            ],
            [
              78.6340066786303,
              27.16825980675641
            ],
            [
              78.63361001763512,
              27.167571600764557
            ],
            [
              78.63350159996351,
              27.167355058182125
            ],
            [
              78.63280262802745,
              27.166498710016835
            ],
            [
              78.63241766219895,
              27.166069032137504
            ],
            [
              78.63212758900721,
              27.16553035299807
            ],
            [
              78.6318416579472,
              27.165282397718272
            ],
            [
              78.63146911941234,
              27.165705500229265
            ],
            [
              78.63099625522996,
              27.16605659468526
            ],
            [
              78.63060518984071,
              27.166188846243276
            ],
            [
              78.63030905032582,
              27.16621862192357
            ],
            [
              78.63014530092424,
              27.16601694060637
            ],
            [
              78.62994658190529,
              27.165705134185608
            ],
            [
              78.6297981290164,
              27.165419678910915
            ],
            [
              78.6294713668318,
              27.165610567805846
            ],
            [
              78.62898728628474,
              27.164999153623196
            ],
            [
              78.62857375043698,
              27.164543391891325
            ],
            [
              78.62850555303554,
              27.163841946836794
            ],
            [
              78.62768257136948,
              27.16255585714914
            ],
            [
              78.62713071383254,
              27.16155619681696
            ],
            [
              78.62693355698389,
              27.161102315266213
            ],
            [
              78.62659437379385,
              27.160453462265426
            ],
            [
              78.62643874426412,
              27.160167848099444
            ],
            [
              78.62644156138086,
              27.15990944013384
            ],
            [
              78.62647394834183,
              27.159586773819537
            ],
            [
              78.62658155124147,
              27.158980505923708
            ],
            [
              78.62657396317226,
              27.158347407886588
            ],
            [
              78.6265508656897,
              27.15781747396868
            ],
            [
              78.62638494056851,
              27.15715707781939
            ],
            [
              78.62597538066417,
              27.156339607198877
            ],
            [
              78.6257654039581,
              27.155743432736557
            ],
            [
              78.6255407631533,
              27.155173047620913
            ],
            [
              78.62519952910947,
              27.154704945348954
            ],
            [
              78.62483032961255,
              27.15432892330013
            ],
            [
              78.62482854466008,
              27.154327105684228
            ],
            [
              78.62357869524907,
              27.154460295926487
            ],
            [
              78.62270208505885,
              27.15410569682739
            ],
            [
              78.62224146760873,
              27.15416508277321
            ],
            [
              78.62170736976495,
              27.154461395766646
            ],
            [
              78.62111827975446,
              27.154609535183255
            ],
            [
              78.62095086702318,
              27.154651634378403
            ],
            [
              78.6187631962185,
              27.15569395887103
            ],
            [
              78.61870817530564,
              27.155867725965642
            ],
            [
              78.6191562334098,
              27.156964850059225
            ],
            [
              78.61906517568104,
              27.157201715375923
            ],
            [
              78.61872452194889,
              27.15761064130529
            ],
            [
              78.61794010585625,
              27.15814240894466
            ],
            [
              78.61771637234993,
              27.158101203057665
            ],
            [
              78.61738283507145,
              27.157860612614822
            ],
            [
              78.61702936777007,
              27.157825895964994
            ],
            [
              78.61649385058818,
              27.158248914031013
            ],
            [
              78.6136572098728,
              27.16037856362813
            ],
            [
              78.6155895237782,
              27.163092825877666
            ],
            [
              78.61655692310093,
              27.16522419174601
            ],
            [
              78.61619769759858,
              27.165712165740164
            ],
            [
              78.61478676139252,
              27.166897813136565
            ],
            [
              78.61475759219694,
              27.166924760212197
            ],
            [
              78.613812749571,
              27.167779416384903
            ],
            [
              78.61298122223161,
              27.168635064216883
            ],
            [
              78.61215684368526,
              27.16883090984448
            ],
            [
              78.61167135008827,
              27.16915656162052
            ],
            [
              78.61030119200622,
              27.169674301177604
            ],
            [
              78.60951189985823,
              27.169902147827553
            ],
            [
              78.60776480598805,
              27.17023567409001
            ],
            [
              78.60710955685349,
              27.170262690688617
            ],
            [
              78.60709711878008,
              27.17024906131292
            ],
            [
              78.60706001386727,
              27.17020839774819
            ],
            [
              78.6068046300185,
              27.169747455334647
            ],
            [
              78.60635473306296,
              27.169203180384773
            ],
            [
              78.60587206556588,
              27.16887228919434
            ],
            [
              78.60550898090108,
              27.168729199663417
            ],
            [
              78.6051442469294,
              27.168725970894126
            ],
            [
              78.60462272729629,
              27.1687679480845
            ],
            [
              78.60384196016035,
              27.16869881326432
            ],
            [
              78.60300910331432,
              27.168629304375255
            ],
            [
              78.60243773167451,
              27.168468738380298
            ],
            [
              78.60155175295417,
              27.168491939217006
            ],
            [
              78.60137932672531,
              27.168381594939618
            ],
            [
              78.60074351174362,
              27.167769483838505
            ],
            [
              78.60027926420142,
              27.167345548380187
            ],
            [
              78.59833825460407,
              27.16775591489818
            ],
            [
              78.5977502237073,
              27.16753296461668
            ],
            [
              78.59664223265268,
              27.167212100974005
            ],
            [
              78.59505692716178,
              27.16689533477572
            ],
            [
              78.59504433996804,
              27.166900002182086
            ],
            [
              78.59501058666955,
              27.16689529001978
            ],
            [
              78.59453175587703,
              27.166205330922757
            ],
            [
              78.5945016317723,
              27.165672577075178
            ],
            [
              78.59466070813774,
              27.164334599980176
            ],
            [
              78.59438304068004,
              27.163380004664894
            ],
            [
              78.59388487724429,
              27.161716796730502
            ],
            [
              78.59387182831648,
              27.16167072792187
            ],
            [
              78.59326553556828,
              27.16085932232907
            ],
            [
              78.5919648873263,
              27.15929480725422
            ],
            [
              78.59130851709426,
              27.15828590928258
            ],
            [
              78.59130388178741,
              27.158278782945903
            ],
            [
              78.59105948433458,
              27.15771543324426
            ],
            [
              78.5908812271412,
              27.157356792120783
            ],
            [
              78.58996768631133,
              27.15691152418157
            ],
            [
              78.58894619762869,
              27.15655553171317
            ],
            [
              78.58778467776294,
              27.156483823617204
            ],
            [
              78.58731081914553,
              27.1564573336126
            ],
            [
              78.58611278995002,
              27.156599606811948
            ],
            [
              78.58526634788198,
              27.156887938880363
            ],
            [
              78.58417754394357,
              27.157449523147605
            ],
            [
              78.58356124665804,
              27.15753579591178
            ],
            [
              78.58295703979793,
              27.15756096604892
            ],
            [
              78.58244567741573,
              27.157433949954644
            ],
            [
              78.58195425314123,
              27.157562144188
            ],
            [
              78.58085781621784,
              27.157786992682986
            ],
            [
              78.58000663374001,
              27.15781011101571
            ],
            [
              78.57962741173947,
              27.157736937048252
            ],
            [
              78.57854626504052,
              27.157734997997427
            ],
            [
              78.57715137274543,
              27.157730216710323
            ],
            [
              78.57643479472813,
              27.157879888803176
            ],
            [
              78.57586653305582,
              27.158015273620062
            ],
            [
              78.5745688043385,
              27.15866717562384
            ],
            [
              78.57423545840118,
              27.158843646822493
            ],
            [
              78.57287297732155,
              27.159822768771942
            ],
            [
              78.5726535745932,
              27.15995348993118
            ],
            [
              78.5709066585894,
              27.1609994159455
            ],
            [
              78.57063839828938,
              27.160817402908798
            ],
            [
              78.57014040463521,
              27.160906533609715
            ],
            [
              78.56938604886693,
              27.16131343585166
            ],
            [
              78.56921213502794,
              27.16126507781393
            ],
            [
              78.56917229744002,
              27.160936803839625
            ],
            [
              78.5688222994323,
              27.16105842976934
            ],
            [
              78.56785980401268,
              27.16135416020234
            ],
            [
              78.56769667714364,
              27.161134129603127
            ],
            [
              78.56741569669914,
              27.1613032509652
            ],
            [
              78.5654520576415,
              27.162237871677355
            ],
            [
              78.56330298744459,
              27.16336579580016
            ],
            [
              78.56267241233594,
              27.163609930188173
            ],
            [
              78.56159831112377,
              27.164012725705447
            ],
            [
              78.56159531703895,
              27.16401384862933
            ],
            [
              78.56001288795356,
              27.165146898630773
            ],
            [
              78.55862510043404,
              27.166032010692504
            ],
            [
              78.55715114381755,
              27.167019713096924
            ],
            [
              78.55643131479725,
              27.167446443029743
            ],
            [
              78.55599444610829,
              27.167636149627413
            ],
            [
              78.5559942314109,
              27.167636243933966
            ],
            [
              78.55475924911786,
              27.166822305824734
            ],
            [
              78.55475920599874,
              27.16682225387584
            ],
            [
              78.55425489089993,
              27.1662053676868
            ],
            [
              78.55384055105998,
              27.16556486824622
            ],
            [
              78.55383412720737,
              27.1645129659899
            ],
            [
              78.55385912732172,
              27.162826491399084
            ],
            [
              78.55387175404135,
              27.16172596892895
            ],
            [
              78.55397270042478,
              27.16087090435647
            ],
            [
              78.55411578138828,
              27.160301494148726
            ],
            [
              78.55416570795515,
              27.160078258831724
            ],
            [
              78.55342409299256,
              27.15941553180054
            ],
            [
              78.55473502514793,
              27.15833932881844
            ],
            [
              78.55502198567723,
              27.157999066679228
            ],
            [
              78.55474305878151,
              27.157638726398613
            ],
            [
              78.55551456788012,
              27.15715383912409
            ],
            [
              78.55599807530203,
              27.15684000814263
            ],
            [
              78.55588687105637,
              27.156376894023946
            ],
            [
              78.55564293893084,
              27.155867713176956
            ],
            [
              78.5554575554023,
              27.155806516938835
            ],
            [
              78.55541069568382,
              27.155791049023453
            ],
            [
              78.55422619511648,
              27.156506687246857
            ],
            [
              78.55421980539987,
              27.156499086818954
            ],
            [
              78.55316481943863,
              27.155248605971824
            ],
            [
              78.55297650830055,
              27.155005719394083
            ],
            [
              78.55263567041376,
              27.154419087082484
            ],
            [
              78.55210599317954,
              27.153636156123422
            ],
            [
              78.55077343588033,
              27.154674279374625
            ],
            [
              78.55040884204587,
              27.15388514119107
            ],
            [
              78.54999638956632,
              27.15424694112065
            ],
            [
              78.54983354117499,
              27.15405088127815
            ],
            [
              78.54959591612108,
              27.15355856563796
            ],
            [
              78.54922954182571,
              27.152925002841176
            ],
            [
              78.54889669894496,
              27.153163094875726
            ],
            [
              78.54863947804142,
              27.152865159827883
            ],
            [
              78.54829714266309,
              27.152410752976596
            ],
            [
              78.54812575937825,
              27.152206891759803
            ],
            [
              78.54797902316983,
              27.15211988270339
            ],
            [
              78.54781357864732,
              27.152149514260874
            ],
            [
              78.54769150209181,
              27.152187263691513
            ],
            [
              78.54753380643693,
              27.15230253018456
            ],
            [
              78.54723486238171,
              27.15260324195712
            ],
            [
              78.54690840292938,
              27.153035952284917
            ],
            [
              78.54649827439147,
              27.153195574103368
            ],
            [
              78.54601849587631,
              27.153354461127506
            ],
            [
              78.54568591440533,
              27.15356929715858
            ],
            [
              78.54539156702943,
              27.154227832159158
            ],
            [
              78.54515055981848,
              27.154038949247003
            ],
            [
              78.54435795827698,
              27.153448125074235
            ],
            [
              78.5430664369183,
              27.15243258632108
            ],
            [
              78.54280311914896,
              27.152663496758095
            ],
            [
              78.54224112502236,
              27.1531795806787
            ],
            [
              78.54110630757843,
              27.15438276676048
            ],
            [
              78.53920765085181,
              27.153283822852394
            ],
            [
              78.53831019525542,
              27.15275421421113
            ],
            [
              78.53807402906553,
              27.152884273019055
            ],
            [
              78.53703097183295,
              27.15367590731839
            ],
            [
              78.53630023187517,
              27.153007865234954
            ],
            [
              78.53566404409266,
              27.152426168605132
            ],
            [
              78.53429758167971,
              27.15112973366803
            ],
            [
              78.53488822308069,
              27.150396128795556
            ],
            [
              78.53570829690017,
              27.14944794174168
            ],
            [
              78.53485724018653,
              27.14901349573533
            ],
            [
              78.53387676139329,
              27.148321243149113
            ],
            [
              78.53293110040211,
              27.14778067427345
            ],
            [
              78.53227047215564,
              27.14753685380308
            ],
            [
              78.53181608901356,
              27.14781780088793
            ],
            [
              78.5312837527661,
              27.147955475245027
            ],
            [
              78.53082992208793,
              27.148188817757223
            ],
            [
              78.52895037342572,
              27.150072427838776
            ],
            [
              78.52776512995162,
              27.15158219777974
            ],
            [
              78.52716161838755,
              27.15227898707337
            ],
            [
              78.52646475210254,
              27.152866541841547
            ],
            [
              78.52664826444035,
              27.15305831705001
            ],
            [
              78.52596882996342,
              27.154430255738994
            ],
            [
              78.52583304511666,
              27.154690454026575
            ],
            [
              78.52480370605674,
              27.15420548761083
            ],
            [
              78.52392108434064,
              27.154791292170042
            ],
            [
              78.52115895977639,
              27.157236790298338
            ],
            [
              78.52062667113962,
              27.157742504825556
            ],
            [
              78.52104317861438,
              27.15843551429101
            ],
            [
              78.52162060130598,
              27.15898748914626
            ],
            [
              78.5220605593012,
              27.159942181156637
            ],
            [
              78.52222986837607,
              27.161345764847454
            ],
            [
              78.5227229527372,
              27.162300952211325
            ],
            [
              78.52093510320086,
              27.163268008902033
            ],
            [
              78.51994543374391,
              27.16392400589281
            ],
            [
              78.51860796804999,
              27.164814480880317
            ],
            [
              78.51799368927892,
              27.165141394361477
            ],
            [
              78.51770058876467,
              27.16523366496428
            ],
            [
              78.51748581595328,
              27.165445504233077
            ],
            [
              78.51719281605033,
              27.165537867294432
            ],
            [
              78.51692856133812,
              27.165440258927042
            ],
            [
              78.516664586002,
              27.165318943073935
            ],
            [
              78.5163723227176,
              27.165339993052683
            ],
            [
              78.51589245167597,
              27.165525622395805
            ],
            [
              78.5158778783071,
              27.165515374754904
            ],
            [
              78.51520805580373,
              27.16504384718794
            ],
            [
              78.51424019115365,
              27.16384659119298
            ],
            [
              78.51414442625278,
              27.16296644507809
            ],
            [
              78.51498271610961,
              27.161643581363965
            ],
            [
              78.5157637787913,
              27.160676667259878
            ],
            [
              78.51648612489102,
              27.160184431177715
            ],
            [
              78.51691156521298,
              27.160117118954716
            ],
            [
              78.51701936664033,
              27.159975591152946
            ],
            [
              78.51702132317101,
              27.15980926200776
            ],
            [
              78.51731626523161,
              27.15955066378639
            ],
            [
              78.51668640787688,
              27.15895066517094
            ],
            [
              78.51714537422355,
              27.158347682837064
            ],
            [
              78.51886025720259,
              27.15552516311997
            ],
            [
              78.5187299412993,
              27.15537992316446
            ],
            [
              78.51863568107652,
              27.15527013023317
            ],
            [
              78.51843006479282,
              27.155019225939892
            ],
            [
              78.51835325793772,
              27.15490178575813
            ],
            [
              78.51825064428111,
              27.1547685688661
            ],
            [
              78.51825210763671,
              27.154644053007523
            ],
            [
              78.5183243878811,
              27.154403575013287
            ],
            [
              78.51836057381739,
              27.15427947598441
            ],
            [
              78.51833549734624,
              27.154201396771565
            ],
            [
              78.51828404184677,
              27.15413869293113
            ],
            [
              78.51822414218361,
              27.154060285904666
            ],
            [
              78.51811206387718,
              27.153989293184114
            ],
            [
              78.51780935857592,
              27.15386963384359
            ],
            [
              78.51765291337591,
              27.15387597314455
            ],
            [
              78.5175058286212,
              27.15382009120702
            ],
            [
              78.51747138092499,
              27.153796422125133
            ],
            [
              78.51740219986831,
              27.153764615289727
            ],
            [
              78.51736829924613,
              27.153694356945234
            ],
            [
              78.51736039137667,
              27.153624251224482
            ],
            [
              78.51734394591878,
              27.15354625308315
            ],
            [
              78.51732814006134,
              27.153413853067878
            ],
            [
              78.51739915098625,
              27.15329008225553
            ],
            [
              78.51743478895018,
              27.153212573858756
            ],
            [
              78.51743561180699,
              27.153142550164738
            ],
            [
              78.5173935302275,
              27.153025434928868
            ],
            [
              78.51734199567628,
              27.15297826268042
            ],
            [
              78.51729936432787,
              27.15290792231139
            ],
            [
              78.51722210382353,
              27.152829351360992
            ],
            [
              78.51713629315432,
              27.15273516814016
            ],
            [
              78.5170590317517,
              27.15265668898953
            ],
            [
              78.51700776130517,
              27.15257836325246
            ],
            [
              78.51697441314687,
              27.1524613297547
            ],
            [
              78.51703126482624,
              27.152065110941624
            ],
            [
              78.51681320597756,
              27.1517635400483
            ],
            [
              78.51621959205129,
              27.152006921260778
            ],
            [
              78.51628482411397,
              27.15236541330346
            ],
            [
              78.51608972171235,
              27.152705829287317
            ],
            [
              78.5158937820809,
              27.153108548232137
            ],
            [
              78.5156807645776,
              27.153495575283927
            ],
            [
              78.51527436943799,
              27.15406752761047
            ],
            [
              78.51551524908814,
              27.15427208002676
            ],
            [
              78.51537259212947,
              27.15458192491267
            ],
            [
              78.51501735784193,
              27.15523211088266
            ],
            [
              78.51450301574792,
              27.156114141135625
            ],
            [
              78.51429208682761,
              27.15631443438862
            ],
            [
              78.51417081965417,
              27.15628222622766
            ],
            [
              78.51379167670535,
              27.1560140571188
            ],
            [
              78.51332627662464,
              27.15569847567911
            ],
            [
              78.51301676478843,
              27.15541552219761
            ],
            [
              78.5121919811019,
              27.154629670382207
            ],
            [
              78.5115573653711,
              27.153923544667055
            ],
            [
              78.51077338765636,
              27.152624595674652
            ],
            [
              78.50956366778574,
              27.151048471732214
            ],
            [
              78.5101669619575,
              27.14788307978346
            ],
            [
              78.51050595470468,
              27.14665144408722
            ],
            [
              78.51004710334242,
              27.144116480683977
            ],
            [
              78.5097931801543,
              27.143296944963254
            ],
            [
              78.51003055817151,
              27.14300435626919
            ],
            [
              78.5100999242811,
              27.142802634632936
            ],
            [
              78.50974354913316,
              27.142507002973648
            ],
            [
              78.50937034494667,
              27.14221865537381
            ],
            [
              78.5090466630852,
              27.141990789018113
            ],
            [
              78.50872165261542,
              27.141875311239836
            ],
            [
              78.50827837624351,
              27.1418485971391
            ],
            [
              78.50782890778439,
              27.141642054668985
            ],
            [
              78.50693662558571,
              27.140754148884803
            ],
            [
              78.50650109179324,
              27.14008296462373
            ],
            [
              78.50623083184337,
              27.139578318111454
            ],
            [
              78.50589448104145,
              27.139154932770232
            ],
            [
              78.50582354018513,
              27.138787093159593
            ],
            [
              78.50469753880742,
              27.137764610085053
            ],
            [
              78.50332344969769,
              27.136856480740313
            ],
            [
              78.50319481813554,
              27.13711756094809
            ],
            [
              78.50310879187066,
              27.137311584788083
            ],
            [
              78.50303827501916,
              27.137618250234613
            ],
            [
              78.5029815589854,
              27.137748860673728
            ],
            [
              78.5028376973859,
              27.137882320896193
            ],
            [
              78.50267860215581,
              27.137888345332907
            ],
            [
              78.50234493282501,
              27.13780273210923
            ],
            [
              78.50199692638225,
              27.13751460500554
            ],
            [
              78.5015817573973,
              27.137233373005216
            ],
            [
              78.501214782129,
              27.137132460658137
            ],
            [
              78.50092202926274,
              27.13712223039816
            ],
            [
              78.50081325316332,
              27.13712119514087
            ],
            [
              78.50048082081264,
              27.136923097085997
            ],
            [
              78.4997138374264,
              27.13668354426582
            ],
            [
              78.49938015911245,
              27.1365903898934
            ],
            [
              78.49924332683003,
              27.136495431927187
            ],
            [
              78.4991628261025,
              27.136224826622936
            ],
            [
              78.49945341133396,
              27.135717973036158
            ],
            [
              78.49972661416469,
              27.135255896182404
            ],
            [
              78.49964639281319,
              27.134970404669808
            ],
            [
              78.49933124584523,
              27.13472752517784
            ],
            [
              78.4990996323172,
              27.134500514146776
            ],
            [
              78.49922325217841,
              27.1339620153497
            ],
            [
              78.49950244138218,
              27.13300534973787
            ],
            [
              78.49976810824599,
              27.13184654279565
            ],
            [
              78.49965394584811,
              27.131590689179436
            ],
            [
              78.49909056112946,
              27.13112063894877
            ],
            [
              78.49888645940534,
              27.130794031246776
            ],
            [
              78.49876094140394,
              27.130480947292458
            ],
            [
              78.4985123470221,
              27.130240079122462
            ],
            [
              78.49803773561649,
              27.129837962122423
            ],
            [
              78.49721728001296,
              27.12916757496439
            ],
            [
              78.49629061569512,
              27.128721435187355
            ],
            [
              78.49536174691154,
              27.12846073671637
            ],
            [
              78.49476988380178,
              27.12846840780726
            ],
            [
              78.4943664414245,
              27.128809021301016
            ],
            [
              78.4941885408623,
              27.12883388131246
            ],
            [
              78.49399753657501,
              27.12872599385947
            ],
            [
              78.49373574773828,
              27.128352458752644
            ],
            [
              78.49348063338412,
              27.12815122394977
            ],
            [
              78.49296710157049,
              27.127801749269732
            ],
            [
              78.49257004711322,
              27.12759924467799
            ],
            [
              78.49236283092998,
              27.127610495964273
            ],
            [
              78.49196023027415,
              27.127871703295636
            ],
            [
              78.49194211394982,
              27.12814973369927
            ],
            [
              78.49177118161926,
              27.128837219165327
            ],
            [
              78.49149096294614,
              27.128768270697513
            ],
            [
              78.49144405741359,
              27.128979852120768
            ],
            [
              78.49128938638628,
              27.129544153369775
            ],
            [
              78.49107809903822,
              27.12988668873039
            ],
            [
              78.49093927788574,
              27.13036245000004
            ],
            [
              78.49060116458922,
              27.130186884396892
            ],
            [
              78.49010632132679,
              27.13073873097522
            ],
            [
              78.48985538144373,
              27.130935121126235
            ],
            [
              78.4895564005576,
              27.131197315231052
            ],
            [
              78.48872041667612,
              27.131825384973904
            ],
            [
              78.48794342695595,
              27.132467252263314
            ],
            [
              78.4872860209664,
              27.13177181925143
            ],
            [
              78.48692172267768,
              27.131304555128974
            ],
            [
              78.48606870673837,
              27.132117917387006
            ],
            [
              78.485603837562,
              27.132643568175332
            ],
            [
              78.48544682732168,
              27.133006838324754
            ],
            [
              78.48445448358014,
              27.133103353395047
            ],
            [
              78.48464129004012,
              27.133568912763888
            ],
            [
              78.48446178868004,
              27.133726184822866
            ],
            [
              78.4836179265735,
              27.13378432806119
            ],
            [
              78.48375738732643,
              27.13448802361409
            ],
            [
              78.48288112568252,
              27.13477111483096
            ],
            [
              78.48187881962447,
              27.135079454880614
            ],
            [
              78.48115729278827,
              27.135201523070002
            ],
            [
              78.48031287013299,
              27.134892120098606
            ],
            [
              78.47947330736339,
              27.1345844918374
            ],
            [
              78.47930253044136,
              27.13402634699719
            ],
            [
              78.47889718363571,
              27.133293609180903
            ],
            [
              78.47827324168716,
              27.132280463133547
            ],
            [
              78.47714206870833,
              27.130646262393974
            ],
            [
              78.47681866083302,
              27.13047090110233
            ],
            [
              78.47652525758647,
              27.13026926717602
            ],
            [
              78.47635498102605,
              27.129671324285916
            ],
            [
              78.47599767432517,
              27.129853336893323
            ],
            [
              78.47538626207817,
              27.129039092321182
            ],
            [
              78.47498346199637,
              27.1293134877744
            ],
            [
              78.47429842832025,
              27.128472056671974
            ],
            [
              78.47396293720605,
              27.1280058668689
            ],
            [
              78.47396216555322,
              27.128137471910975
            ],
            [
              78.47289018795838,
              27.12871354425499
            ],
            [
              78.47206940896136,
              27.129301880090292
            ],
            [
              78.47139877258432,
              27.129706199185694
            ],
            [
              78.47102602384372,
              27.129941173156485
            ],
            [
              78.47042965298782,
              27.13031964691059
            ],
            [
              78.47014570810293,
              27.13055860576674
            ],
            [
              78.46928491365158,
              27.130785616806694
            ],
            [
              78.46824407885101,
              27.13121279294653
            ],
            [
              78.46701042067471,
              27.131691117255926
            ],
            [
              78.46620702407846,
              27.13205432414447
            ],
            [
              78.46560976389047,
              27.132512272231153
            ],
            [
              78.46540130533718,
              27.132616301041317
            ],
            [
              78.4651218987411,
              27.13248104773991
            ],
            [
              78.46471185913643,
              27.132132492382294
            ],
            [
              78.46458213432453,
              27.131852932113247
            ],
            [
              78.46440594056133,
              27.131745244241458
            ],
            [
              78.46400375402888,
              27.131966587075794
            ],
            [
              78.4635699890192,
              27.13235985598683
            ],
            [
              78.46312310411481,
              27.132607322320496
            ],
            [
              78.4626151167031,
              27.13301319000161
            ],
            [
              78.46233118888621,
              27.13324891730389
            ],
            [
              78.46199683414085,
              27.133492055832818
            ],
            [
              78.46077895038091,
              27.133877749389644
            ],
            [
              78.46007786291236,
              27.13434789435572
            ],
            [
              78.45931647423376,
              27.1349102722365
            ],
            [
              78.45882433130701,
              27.135236783173816
            ],
            [
              78.45842196241654,
              27.135471342605122
            ],
            [
              78.45772717842632,
              27.13542483767247
            ],
            [
              78.4573723618554,
              27.135408127805583
            ],
            [
              78.45655915026637,
              27.135360366128456
            ],
            [
              78.45577448713703,
              27.135405703907363
            ],
            [
              78.45522625520063,
              27.135479827842587
            ],
            [
              78.4548055777463,
              27.135631851307178
            ],
            [
              78.45465939220519,
              27.135858530673563
            ],
            [
              78.4545823517881,
              27.13610960030532
            ],
            [
              78.4543073559201,
              27.13681311494088
            ],
            [
              78.45413425864965,
              27.13765944129217
            ],
            [
              78.45391564643873,
              27.13859823690694
            ],
            [
              78.45394786002485,
              27.13904568028656
            ],
            [
              78.45424642139773,
              27.13937000794669
            ],
            [
              78.45462622281163,
              27.139771323232107
            ],
            [
              78.45521110960493,
              27.140337506169523
            ],
            [
              78.45585537863172,
              27.140887084310567
            ],
            [
              78.45669242971181,
              27.141398841935505
            ],
            [
              78.45786969165458,
              27.14191392828458
            ],
            [
              78.45817847136382,
              27.14207604170621
            ],
            [
              78.45888419503756,
              27.14244073928858
            ],
            [
              78.45935396542211,
              27.142736861146943
            ],
            [
              78.45956940208852,
              27.143274229713466
            ],
            [
              78.45971278578426,
              27.143646658984498
            ],
            [
              78.45969492008989,
              27.143898214731085
            ],
            [
              78.45954376327198,
              27.144161794127612
            ],
            [
              78.45918784716315,
              27.144224577909398
            ],
            [
              78.45872703298197,
              27.144405626758505
            ],
            [
              78.45857706822845,
              27.144563156956576
            ],
            [
              78.45870495059565,
              27.145001697853232
            ],
            [
              78.45892358975603,
              27.145268894186298
            ],
            [
              78.4590690800011,
              27.145469110959485
            ],
            [
              78.45910892118228,
              27.14584052411829
            ],
            [
              78.45929635915788,
              27.14623985213903
            ],
            [
              78.45909871811727,
              27.14667520580969
            ],
            [
              78.45885955065604,
              27.14687689807369
            ],
            [
              78.45865019288918,
              27.14706031591174
            ],
            [
              78.45863329468037,
              27.147232473746783
            ],
            [
              78.45877846332863,
              27.147459155165752
            ],
            [
              78.45890932540762,
              27.147645901345815
            ],
            [
              78.45870012664257,
              27.147816178207485
            ],
            [
              78.45855096857618,
              27.147907451147542
            ],
            [
              78.45848936930051,
              27.148105640842857
            ],
            [
              78.4587809426788,
              27.14846628285329
            ],
            [
              78.45905713689942,
              27.148866568694615
            ],
            [
              78.45924587473722,
              27.149159939781242
            ],
            [
              78.4594342316894,
              27.14949301002458
            ],
            [
              78.45938629219593,
              27.149784066188285
            ],
            [
              78.45923648285094,
              27.149928363010112
            ],
            [
              78.45891104927465,
              27.14992518005863
            ],
            [
              78.45855373987882,
              27.15010053081408
            ],
            [
              78.45800382360122,
              27.15030717515244
            ],
            [
              78.45776651116104,
              27.1503901402037
            ],
            [
              78.45697920428984,
              27.150601901317454
            ],
            [
              78.45569833695042,
              27.15129168984151
            ],
            [
              78.45466948208245,
              27.151930912298344
            ],
            [
              78.45358170940999,
              27.152556314920442
            ],
            [
              78.45312058980157,
              27.152750578928057
            ],
            [
              78.45256866489103,
              27.153110848652354
            ],
            [
              78.45222555336827,
              27.1533835616156
            ],
            [
              78.45222007723828,
              27.153389510081496
            ],
            [
              78.45162513919529,
              27.154035795187646
            ],
            [
              78.45096339793618,
              27.15490395026057
            ],
            [
              78.4503331911368,
              27.155613325303403
            ],
            [
              78.4502419887793,
              27.155811127259625
            ],
            [
              78.45071769523125,
              27.156838707705287
            ],
            [
              78.45100721056922,
              27.157358337132326
            ],
            [
              78.45110516915601,
              27.157823144049576
            ],
            [
              78.45101256093507,
              27.158126989309316
            ],
            [
              78.45055572808721,
              27.159182617967517
            ],
            [
              78.45068642667283,
              27.15938269311276
            ],
            [
              78.45089158301913,
              27.1595437053763
            ],
            [
              78.45080021626987,
              27.159754831306074
            ],
            [
              78.45033607472888,
              27.160200781668486
            ],
            [
              78.44996182939498,
              27.16054688927336
            ],
            [
              78.44928834895177,
              27.161163006670815
            ],
            [
              78.44858722914385,
              27.161619945110765
            ],
            [
              78.44846463785366,
              27.161963287712123
            ],
            [
              78.4484303859902,
              27.16234187201716
            ],
            [
              78.44889508897826,
              27.1630620151461
            ],
            [
              78.44984018313247,
              27.164422860707933
            ],
            [
              78.45059687721545,
              27.16546395031725
            ],
            [
              78.45109163603627,
              27.166148444941832
            ],
            [
              78.45143856000908,
              27.166814483118223
            ],
            [
              78.4513003640841,
              27.1672238429839
            ],
            [
              78.4506278313635,
              27.16776056628443
            ],
            [
              78.45014957728938,
              27.168140110757804
            ],
            [
              78.44952266101892,
              27.168584546711276
            ],
            [
              78.4488813330763,
              27.16898895224903
            ],
            [
              78.44810445025566,
              27.16958685498423
            ],
            [
              78.44763901873392,
              27.170125603260914
            ],
            [
              78.44733953029966,
              27.170414169730794
            ],
            [
              78.44673334624764,
              27.17108396179636
            ],
            [
              78.44602987644696,
              27.17172632282724
            ],
            [
              78.44548718442087,
              27.17252925972692
            ],
            [
              78.44513714868391,
              27.173307626840895
            ],
            [
              78.4447137259781,
              27.174045566108525
            ],
            [
              78.4443947450005,
              27.174704948134988
            ],
            [
              78.44426586011339,
              27.175223203783073
            ],
            [
              78.44410257693748,
              27.175597749764805
            ],
            [
              78.44399361039521,
              27.176033948775395
            ],
            [
              78.44361871018948,
              27.17642781776597
            ],
            [
              78.44331830637194,
              27.176472455609773
            ],
            [
              78.44286026708667,
              27.176725073807244
            ],
            [
              78.44239849170813,
              27.17697232360099
            ],
            [
              78.44220375402251,
              27.17715585903324
            ],
            [
              78.44170348583405,
              27.176925657735666
            ],
            [
              78.44082154683755,
              27.176439864879022
            ],
            [
              78.44055430432876,
              27.176503481605838
            ],
            [
              78.44025347291313,
              27.176898076158313
            ],
            [
              78.43977433310015,
              27.177343841370188
            ],
            [
              78.43955075679898,
              27.177474149637934
            ],
            [
              78.43896847871328,
              27.178124200708538
            ],
            [
              78.43850347029803,
              27.178623130315188
            ],
            [
              78.43815692631257,
              27.179123230008713
            ],
            [
              78.43810449344606,
              27.179772003267384
            ],
            [
              78.4380110147576,
              27.180142178785772
            ],
            [
              78.43781405194504,
              27.181706336974266
            ],
            [
              78.43763601843213,
              27.182936890833968
            ],
            [
              78.43732776783061,
              27.183927664780754
            ],
            [
              78.43736509283065,
              27.184497830274076
            ],
            [
              78.43720812211622,
              27.18521430491097
            ],
            [
              78.43707890215755,
              27.186087653652965
            ],
            [
              78.43693904794254,
              27.186534105312436
            ],
            [
              78.4369317644022,
              27.1872124529347
            ],
            [
              78.43664322643126,
              27.18780594229222
            ],
            [
              78.43666920391267,
              27.188097712027997
            ],
            [
              78.43654211565617,
              27.18879876492522
            ],
            [
              78.436552574741,
              27.189148555390787
            ],
            [
              78.43622775830731,
              27.190271677771914
            ],
            [
              78.43600990876607,
              27.191130816744668
            ],
            [
              78.4358859385619,
              27.191580087994915
            ],
            [
              78.43591339467027,
              27.191752674984826
            ],
            [
              78.43604344826551,
              27.192005683670146
            ],
            [
              78.43639590675882,
              27.192225058930127
            ],
            [
              78.43815696224517,
              27.19344835987874
            ],
            [
              78.43938736402858,
              27.1944940702883
            ],
            [
              78.44019281058033,
              27.19519111908666
            ],
            [
              78.44066191261832,
              27.195553532210567
            ],
            [
              78.4412624336908,
              27.19606823691483
            ],
            [
              78.44153976428025,
              27.19638895685897
            ],
            [
              78.44182141576624,
              27.196351948668926
            ],
            [
              78.44249495819322,
              27.195749119654828
            ],
            [
              78.44319972605949,
              27.195014074935894
            ],
            [
              78.44390006882468,
              27.19463666175374
            ],
            [
              78.44489505271481,
              27.194368207653987
            ],
            [
              78.4455872253025,
              27.19417763402298
            ],
            [
              78.44598741488008,
              27.1941285543288
            ],
            [
              78.44623826133835,
              27.19419728826712
            ],
            [
              78.44647338997409,
              27.194332127250988
            ],
            [
              78.44639123365143,
              27.19499383196373
            ],
            [
              78.44657886656147,
              27.195380010668806
            ],
            [
              78.44712289707734,
              27.195676883825076
            ],
            [
              78.44754730074341,
              27.196065302970265
            ],
            [
              78.44803067521464,
              27.19648086125009
            ],
            [
              78.44860740710179,
              27.1965263332175
            ],
            [
              78.44908039165843,
              27.196583922813232
            ],
            [
              78.44947814410669,
              27.196733592342085
            ],
            [
              78.44960904301661,
              27.19692042788538
            ],
            [
              78.44991485020059,
              27.197334232379255
            ],
            [
              78.45002541215081,
              27.19797136469231
            ],
            [
              78.45027192872939,
              27.198384493336977
            ],
            [
              78.45075405274576,
              27.198660799788996
            ],
            [
              78.45094382274783,
              27.198874680124625
            ],
            [
              78.45119093580774,
              27.19924811121882
            ],
            [
              78.45150023294661,
              27.19937043684955
            ],
            [
              78.45203372532585,
              27.1993226521926
            ],
            [
              78.45246183813576,
              27.199419675630534
            ],
            [
              78.45290188326759,
              27.19974197190601
            ],
            [
              78.45324073138602,
              27.199843447680422
            ],
            [
              78.453401074376,
              27.20004371119691
            ],
            [
              78.45320706881736,
              27.200174326919335
            ],
            [
              78.45302678412637,
              27.20038457221762
            ],
            [
              78.45327406696788,
              27.200744767295664
            ],
            [
              78.45378989936698,
              27.20092214190902
            ],
            [
              78.45396612097794,
              27.201043065909534
            ],
            [
              78.45402271394252,
              27.20125563536338
            ],
            [
              78.45392855612769,
              27.201692064017635
            ],
            [
              78.453627280046,
              27.202113044647938
            ],
            [
              78.45363427343051,
              27.20274915495001
            ],
            [
              78.45358304700143,
              27.203305200205435
            ],
            [
              78.45371005800281,
              27.203809966151134
            ],
            [
              78.45380665833689,
              27.204380693919347
            ],
            [
              78.45399145796051,
              27.205009173384322
            ],
            [
              78.45412595462318,
              27.206110258045307
            ],
            [
              78.45400040877404,
              27.206692038394504
            ],
            [
              78.45359650106946,
              27.207032608249996
            ],
            [
              78.45316472223489,
              27.20724038392033
            ],
            [
              78.45243978359723,
              27.207206800328102
            ],
            [
              78.45172948210877,
              27.20718658992896
            ],
            [
              78.45085555608466,
              27.207224228069403
            ],
            [
              78.45067535763191,
              27.207434468859052
            ],
            [
              78.45040375829396,
              27.207855824065923
            ],
            [
              78.45041627631745,
              27.20804149292268
            ],
            [
              78.45057254993921,
              27.20857301385332
            ],
            [
              78.45055514418229,
              27.208784856316566
            ],
            [
              78.45041803791374,
              27.209101572283405
            ],
            [
              78.45017853627918,
              27.20931122872424
            ],
            [
              78.44982172005845,
              27.20944023896548
            ],
            [
              78.44879996637282,
              27.209469885662884
            ],
            [
              78.44782446514456,
              27.209340996890184
            ],
            [
              78.44703672528539,
              27.209598274969306
            ],
            [
              78.4466794131946,
              27.20976706562633
            ],
            [
              78.44633842528917,
              27.210045743772675
            ],
            [
              78.44621512702486,
              27.210442085890033
            ],
            [
              78.44619231969808,
              27.211091129932218
            ],
            [
              78.44606885704206,
              27.211500702808326
            ],
            [
              78.4457966396632,
              27.21196174271646
            ],
            [
              78.44540775807842,
              27.21228920428816
            ],
            [
              78.44519751636929,
              27.212525608646153
            ],
            [
              78.44511795707615,
              27.21297540562382
            ],
            [
              78.44514118032289,
              27.213492383385233
            ],
            [
              78.445413817215,
              27.214197366043226
            ],
            [
              78.4453376113328,
              27.214375358346338
            ],
            [
              78.44483152655287,
              27.2145956098869
            ],
            [
              78.44435471337648,
              27.214842707019024
            ],
            [
              78.44392931527538,
              27.215187907764392
            ],
            [
              78.44292559796402,
              27.21539628016029
            ],
            [
              78.44277189621891,
              27.215428187660784
            ],
            [
              78.44195465209255,
              27.215706744601036
            ],
            [
              78.44135762366987,
              27.216098397240252
            ],
            [
              78.44050652832868,
              27.216686218324202
            ],
            [
              78.43995284721174,
              27.217171017839664
            ],
            [
              78.43971281916444,
              27.217420445101446
            ],
            [
              78.43901822831202,
              27.218044176972782
            ],
            [
              78.43822614509845,
              27.218645894043558
            ],
            [
              78.43755196576593,
              27.2192884756271
            ],
            [
              78.43716261076898,
              27.219642377093685
            ],
            [
              78.43596562272087,
              27.220655999676673
            ],
            [
              78.43530665725602,
              27.22127216294875
            ],
            [
              78.43484097869758,
              27.221810842895447
            ],
            [
              78.43474739939776,
              27.22219414081318
            ],
            [
              78.43478488878954,
              27.222751047616267
            ],
            [
              78.43504107124059,
              27.223577642879366
            ],
            [
              78.43509286899815,
              27.224174391858284
            ],
            [
              78.43508628524546,
              27.224704394791267
            ],
            [
              78.43525725620357,
              27.225249300723128
            ],
            [
              78.43545641090546,
              27.225900535851782
            ],
            [
              78.43563681776735,
              27.226869644385772
            ],
            [
              78.43554323756923,
              27.227252939270986
            ],
            [
              78.43537375691615,
              27.227787848019418
            ],
            [
              78.43488930266997,
              27.228644303897862
            ],
            [
              78.43433017506743,
              27.229553040320017
            ],
            [
              78.43410337291608,
              27.2299350112067
            ],
            [
              78.43393750528709,
              27.23041830570466
            ],
            [
              78.4334370763002,
              27.231367320670046
            ],
            [
              78.43319332204108,
              27.23192142831649
            ],
            [
              78.43296390489395,
              27.232504625035407
            ],
            [
              78.43282557601827,
              27.232914031315083
            ],
            [
              78.43296733376337,
              27.23341894427048
            ],
            [
              78.43337627113522,
              27.23506603575771
            ],
            [
              78.43357131334973,
              27.236048514126708
            ],
            [
              78.43372336758459,
              27.236916427874647
            ],
            [
              78.43389105430204,
              27.237726416720893
            ],
            [
              78.4342593195511,
              27.23840450387975
            ],
            [
              78.43540291084038,
              27.23879079570394
            ],
            [
              78.43667156199027,
              27.23917436822704
            ],
            [
              78.43803123583464,
              27.239373292719737
            ],
            [
              78.43912554734406,
              27.239490179123226
            ],
            [
              78.43986251622002,
              27.239762504391216
            ],
            [
              78.44036428190006,
              27.239899891167365
            ],
            [
              78.44089194421313,
              27.240287490843492
            ],
            [
              78.44224164406289,
              27.239673364830516
            ],
            [
              78.44304618511282,
              27.239270535103547
            ],
            [
              78.44395712621825,
              27.238643514072177
            ],
            [
              78.44472264624888,
              27.23780304612421
            ],
            [
              78.44550083342331,
              27.237134915215556
            ],
            [
              78.44577016271852,
              27.23691233128284
            ],
            [
              78.4464445576467,
              27.236489820820342
            ],
            [
              78.44692504313602,
              27.23595126220276
            ],
            [
              78.44721217075194,
              27.23547714587608
            ],
            [
              78.44751763298284,
              27.234724855115598
            ],
            [
              78.44797002994983,
              27.23405359067538
            ],
            [
              78.4481820997305,
              27.23367136634259
            ],
            [
              78.44875892414413,
              27.23275494769189
            ],
            [
              78.44916777887099,
              27.233222684110473
            ],
            [
              78.44985511043757,
              27.233918486650868
            ],
            [
              78.45024649113547,
              27.23339227285193
            ],
            [
              78.45071426276857,
              27.23268136121539
            ],
            [
              78.45111956376013,
              27.23223486435382
            ],
            [
              78.45152280491475,
              27.231947327698855
            ],
            [
              78.45199852933303,
              27.23179301761206
            ],
            [
              78.45256273870508,
              27.23166604211194
            ],
            [
              78.45309496176485,
              27.2317242900878
            ],
            [
              78.45351500231358,
              27.231926909321217
            ],
            [
              78.45392951463009,
              27.232487687683626
            ],
            [
              78.45432114865295,
              27.233154014179227
            ],
            [
              78.45462323321838,
              27.233552866772396
            ],
            [
              78.45469148092548,
              27.234350190671158
            ],
            [
              78.45481316401889,
              27.23529213217362
            ],
            [
              78.45499324658897,
              27.236300899884945
            ],
            [
              78.45508657975033,
              27.237140463853965
            ],
            [
              78.45528829375245,
              27.23759291776238
            ],
            [
              78.45550377713123,
              27.23813832130741
            ],
            [
              78.45543709339105,
              27.238747125277193
            ],
            [
              78.45552087386771,
              27.23915872338071
            ],
            [
              78.45585630659143,
              27.239572784727248
            ],
            [
              78.45601713197675,
              27.23974657289735
            ],
            [
              78.45607212144854,
              27.24009163095641
            ],
            [
              78.45595099531059,
              27.240302450257463
            ],
            [
              78.45572763640172,
              27.240407412893113
            ],
            [
              78.45542929870933,
              27.240590027628112
            ],
            [
              78.45541173305226,
              27.240815095300302
            ],
            [
              78.45537903976583,
              27.241066570135757
            ],
            [
              78.4552273313823,
              27.241356576713027
            ],
            [
              78.45504628042838,
              27.24163306491461
            ],
            [
              78.4548520493926,
              27.24177690907903
            ],
            [
              78.45481951690458,
              27.242015059842874
            ],
            [
              78.45497162773333,
              27.24289103275311
            ],
            [
              78.45517042490572,
              27.24358201721491
            ],
            [
              78.45529790931924,
              27.244060298372396
            ],
            [
              78.45558052918909,
              27.24462353936023
            ],
            [
              78.45604183564707,
              27.24497781313776
            ],
            [
              78.45658470104799,
              27.245380576682617
            ],
            [
              78.45668826691879,
              27.245394823814138
            ],
            [
              78.457240871854,
              27.24500278304401
            ],
            [
              78.45766148013804,
              27.244516635172616
            ],
            [
              78.45782545411842,
              27.244425517151544
            ],
            [
              78.45854590656953,
              27.244843243895087
            ],
            [
              78.45891253418982,
              27.245138321658
            ],
            [
              78.4591040091943,
              27.24521977460792
            ],
            [
              78.45937582412792,
              27.24478509862296
            ],
            [
              78.45954076918713,
              27.244614497772123
            ],
            [
              78.45989534860281,
              27.244684219650434
            ],
            [
              78.46001523596402,
              27.244566110368336
            ],
            [
              78.46064113713824,
              27.244241030264465
            ],
            [
              78.46095201171869,
              27.244244065168708
            ],
            [
              78.46120199579427,
              27.244392252254716
            ],
            [
              78.46143478342037,
              27.244694011969315
            ],
            [
              78.46178404930116,
              27.245232620924597
            ],
            [
              78.46226512767852,
              27.24584685761924
            ],
            [
              78.46283853490078,
              27.246183733013325
            ],
            [
              78.4634306288776,
              27.2462027367714
            ],
            [
              78.46380647680596,
              27.24622349195427
            ],
            [
              78.46422700603823,
              27.24695632121302
            ],
            [
              78.4650256604281,
              27.248249347045135
            ],
            [
              78.46574050918848,
              27.24913078138178
            ],
            [
              78.46605342923287,
              27.249802402909157
            ],
            [
              78.4663557141226,
              27.250182901934963
            ],
            [
              78.46675894000586,
              27.250742971784724
            ],
            [
              78.4674734402199,
              27.251410275889846
            ],
            [
              78.46824371772826,
              27.25201489524
            ],
            [
              78.46848523967388,
              27.252192760805798
            ],
            [
              78.46894441712463,
              27.25254145861768
            ],
            [
              78.46923300989279,
              27.25271288823733
            ],
            [
              78.46986509866268,
              27.253056185113017
            ],
            [
              78.47040598417672,
              27.25314579310972
            ],
            [
              78.47143345743575,
              27.25327512790703
            ],
            [
              78.47206174633199,
              27.253288294328378
            ],
            [
              78.47236871683424,
              27.253242105234477
            ],
            [
              78.47281737321639,
              27.253162091635957
            ],
            [
              78.4730251481517,
              27.252876104821112
            ],
            [
              78.47325815137349,
              27.25244278123123
            ],
            [
              78.4737011187249,
              27.252187191355702
            ],
            [
              78.47438619282521,
              27.252053313638516
            ],
            [
              78.47502224226716,
              27.25208749463794
            ],
            [
              78.47524232142693,
              27.25207556271436
            ],
            [
              78.47559985001172,
              27.252388155370426
            ],
            [
              78.47628457826063,
              27.25292868204186
            ],
            [
              78.47704403735801,
              27.25378604572361
            ],
            [
              78.47823798371054,
              27.25509025536187
            ],
            [
              78.47930093413511,
              27.256217487657654
            ],
            [
              78.4803228791619,
              27.257463777693573
            ],
            [
              78.48066683420272,
              27.257923716123397
            ],
            [
              78.48018638015449,
              27.258677763382366
            ],
            [
              78.47956505769326,
              27.25938836360325
            ],
            [
              78.47724387298285,
              27.261656237640324
            ],
            [
              78.47655850872674,
              27.262464532369155
            ],
            [
              78.47557047061035,
              27.26360705503881
            ],
            [
              78.47439190431378,
              27.264916350997233
            ],
            [
              78.47366952407806,
              27.266187966229737
            ],
            [
              78.47337985243323,
              27.266747181734964
            ],
            [
              78.47340603742546,
              27.267182917733003
            ],
            [
              78.4739281050309,
              27.268185563336573
            ],
            [
              78.47435436192141,
              27.269313633032123
            ],
            [
              78.47440884743834,
              27.27000262324776
            ],
            [
              78.47432518374266,
              27.270423325648984
            ],
            [
              78.47463311723894,
              27.270946144080146
            ],
            [
              78.47521956799912,
              27.271822959083263
            ],
            [
              78.47543332032433,
              27.272344863084808
            ],
            [
              78.47564969393358,
              27.272641930291908
            ],
            [
              78.47591503201397,
              27.27278499897828
            ],
            [
              78.47682593628849,
              27.272821917890678
            ],
            [
              78.47779875065575,
              27.272943697197338
            ],
            [
              78.47933955270916,
              27.272860235681378
            ],
            [
              78.48086387786365,
              27.272846808087845
            ],
            [
              78.48150723510047,
              27.272923303111163
            ],
            [
              78.48217975524464,
              27.273182665114515
            ],
            [
              78.48289168897196,
              27.274088683955753
            ],
            [
              78.48356810600785,
              27.275331603075067
            ],
            [
              78.48395945526474,
              27.27675445838374
            ],
            [
              78.48402752959697,
              27.2776261583972
            ],
            [
              78.48403463616918,
              27.278342801254944
            ],
            [
              78.48398371876057,
              27.279958046750686
            ],
            [
              78.48400317716793,
              27.28095571966547
            ],
            [
              78.48427294394271,
              27.282040154010918
            ],
            [
              78.48498223841968,
              27.283170986778085
            ],
            [
              78.48591056192588,
              27.28437412288582
            ],
            [
              78.48603227466371,
              27.284712531783548
            ],
            [
              78.48620041323377,
              27.28510753260201
            ],
            [
              78.4861171160507,
              27.28550012096056
            ],
            [
              78.48545789097273,
              27.285437645869475
            ],
            [
              78.48373449286308,
              27.284999580759283
            ],
            [
              78.48210398594371,
              27.28468883381343
            ],
            [
              78.48001907701766,
              27.284261308247494
            ],
            [
              78.47962590597736,
              27.284285637820588
            ],
            [
              78.47915247405967,
              27.284449600833454
            ],
            [
              78.47762998326502,
              27.28560110660895
            ],
            [
              78.47522978004726,
              27.287853974187268
            ],
            [
              78.47494210805225,
              27.28824457773808
            ],
            [
              78.47482774892332,
              27.28860873888626
            ],
            [
              78.47475878795392,
              27.289113838889183
            ],
            [
              78.47391942191535,
              27.289639606234736
            ],
            [
              78.47292062467685,
              27.290360563993676
            ],
            [
              78.47290267543913,
              27.290543068751706
            ],
            [
              78.47319525942214,
              27.291037609322473
            ],
            [
              78.47385389340864,
              27.292448991298016
            ],
            [
              78.4739108726488,
              27.29294124979649
            ],
            [
              78.47409444427545,
              27.29335046792395
            ],
            [
              78.47407496430849,
              27.29365940003952
            ],
            [
              78.47404001984397,
              27.293954122320734
            ],
            [
              78.47378601490914,
              27.294162368759093
            ],
            [
              78.47339315288932,
              27.294158567252452
            ],
            [
              78.47185812071496,
              27.293736259926813
            ],
            [
              78.4714499702673,
              27.293704187281595
            ],
            [
              78.47162927130306,
              27.29446466395929
            ],
            [
              78.47216478668835,
              27.295664059079105
            ],
            [
              78.47288882970568,
              27.29686527569226
            ],
            [
              78.47313466356462,
              27.297331332705102
            ],
            [
              78.47415773507878,
              27.298507317950246
            ],
            [
              78.4758581515885,
              27.300856011761272
            ],
            [
              78.47670488201575,
              27.3023112696225
            ],
            [
              78.47710245929251,
              27.303228397791244
            ],
            [
              78.47738958421351,
              27.304186452336673
            ],
            [
              78.47705511358545,
              27.304548482620014
            ],
            [
              78.4758797506812,
              27.305562799386276
            ],
            [
              78.47394765776139,
              27.306766428035676
            ],
            [
              78.47202785289633,
              27.308251148956682
            ],
            [
              78.47001641627902,
              27.309510103739857
            ],
            [
              78.4681096962744,
              27.31120559969207
            ],
            [
              78.46571362979853,
              27.313064926637665
            ],
            [
              78.46485688674915,
              27.313716994764512
            ],
            [
              78.46456957497855,
              27.31395255780495
            ],
            [
              78.4630786455931,
              27.31517485595125
            ],
            [
              78.46209412168609,
              27.315994185897903
            ],
            [
              78.46125033413972,
              27.316871024364847
            ],
            [
              78.46102653325971,
              27.317177952346334
            ],
            [
              78.46043526034308,
              27.317972987613803
            ],
            [
              78.45998428271426,
              27.3188536510061
            ],
            [
              78.46027526410278,
              27.319488771386336
            ],
            [
              78.46190714185127,
              27.321007971892673
            ],
            [
              78.46286236990024,
              27.32259076464212
            ],
            [
              78.46326988703561,
              27.323971482757035
            ],
            [
              78.4632585655681,
              27.32489860819774
            ],
            [
              78.46313648991087,
              27.32588088626059
            ],
            [
              78.46287570898387,
              27.326636965363203
            ],
            [
              78.46220100323862,
              27.327824646019454
            ],
            [
              78.46162549485688,
              27.32860577072355
            ],
            [
              78.46122163835628,
              27.329500945149345
            ],
            [
              78.46101053067125,
              27.330046806605427
            ],
            [
              78.46114459434594,
              27.33065226924522
            ],
            [
              78.46192041715454,
              27.331488649719958
            ],
            [
              78.46318191771478,
              27.33245628629356
            ],
            [
              78.46512866125855,
              27.333964528770693
            ],
            [
              78.46682604056433,
              27.33528756036163
            ],
            [
              78.46758841199988,
              27.335941199962072
            ],
            [
              78.46920442011057,
              27.336210032213742
            ],
            [
              78.47056838790199,
              27.33651830475679
            ],
            [
              78.47232314170662,
              27.337012926112134
            ],
            [
              78.47381079942784,
              27.337490978218447
            ],
            [
              78.47526232601,
              27.338361937939176
            ],
            [
              78.47580861219552,
              27.33869037663605
            ],
            [
              78.47671566808737,
              27.34038505224044
            ],
            [
              78.47743412807519,
              27.342063931930916
            ],
            [
              78.47768064465377,
              27.342941516993896
            ],
            [
              78.47839878304472,
              27.343355862630297
            ],
            [
              78.48015827366586,
              27.344763590802117
            ],
            [
              78.48124970876977,
              27.34550458389438
            ],
            [
              78.48261674340958,
              27.346866327707794
            ],
            [
              78.48329998315006,
              27.34757526323028
            ],
            [
              78.48379944375307,
              27.347875103719534
            ],
            [
              78.4843009372436,
              27.34800635489211
            ],
            [
              78.48470791628812,
              27.348150662940473
            ],
            [
              78.48540894626449,
              27.348691242153233
            ],
            [
              78.48702245436374,
              27.350476779939306
            ],
            [
              78.4881558048588,
              27.351667619291085
            ],
            [
              78.48894750988163,
              27.352518054605053
            ],
            [
              78.49005177292777,
              27.35351196583403
            ],
            [
              78.49004320299997,
              27.353518656799235
            ],
            [
              78.48960738533987,
              27.353858894161476
            ],
            [
              78.48731619088521,
              27.354820290782243
            ],
            [
              78.48657275593587,
              27.35519236838596
            ],
            [
              78.48638066917869,
              27.355471506152686
            ],
            [
              78.48614037882332,
              27.355848404610896
            ],
            [
              78.48593383278333,
              27.356029088632873
            ],
            [
              78.48504822776214,
              27.356456119038103
            ],
            [
              78.48355793258726,
              27.357481286398794
            ],
            [
              78.48331836986728,
              27.357788080396258
            ],
            [
              78.48373299716815,
              27.35860679460423
            ],
            [
              78.48425485097458,
              27.359665434121087
            ],
            [
              78.48473236034529,
              27.36048474797417
            ],
            [
              78.48545045292217,
              27.360913110310253
            ],
            [
              78.48648452879857,
              27.361217973654085
            ],
            [
              78.48759805706854,
              27.362113574730195
            ],
            [
              78.48853154588761,
              27.362937244036402
            ],
            [
              78.4887076740738,
              27.363978494034754
            ],
            [
              78.48846495736886,
              27.365858570940556
            ],
            [
              78.48817083726676,
              27.366782848890566
            ],
            [
              78.4872802663587,
              27.368601451908486
            ],
            [
              78.4866233751038,
              27.369942829840628
            ],
            [
              78.48572330540995,
              27.37156372667281
            ],
            [
              78.48481803357228,
              27.37360584428499
            ],
            [
              78.48439472764746,
              27.374809933099826
            ],
            [
              78.48436242602645,
              27.37516740991272
            ],
            [
              78.48438520101386,
              27.37632367505169
            ],
            [
              78.48429915768102,
              27.378151687256633
            ],
            [
              78.48428263317135,
              27.379523154603074
            ],
            [
              78.48430672059737,
              27.380180622855477
            ],
            [
              78.48468185167013,
              27.380927186016887
            ],
            [
              78.4853419561988,
              27.381933662314832
            ],
            [
              78.48606746167339,
              27.382826460285024
            ],
            [
              78.48516609301562,
              27.38324644368938
            ],
            [
              78.48458376192934,
              27.383755211749488
            ],
            [
              78.48473966993677,
              27.384099611655234
            ],
            [
              78.48557599877135,
              27.38376473415817
            ],
            [
              78.48602616971304,
              27.38359759893653
            ],
            [
              78.48669111077118,
              27.384204058659744
            ],
            [
              78.48830221767369,
              27.385991165342674
            ],
            [
              78.4891419807676,
              27.38537054607714
            ],
            [
              78.49028604007913,
              27.38606729997656
            ],
            [
              78.49034114094204,
              27.386810783627613
            ],
            [
              78.49145286898822,
              27.38753579160958
            ],
            [
              78.49089363987609,
              27.388787755857738
            ],
            [
              78.49018955832267,
              27.39143851197575
            ],
            [
              78.49029702018684,
              27.393154044316496
            ],
            [
              78.48893886808858,
              27.39428405336154
            ],
            [
              78.48687847777987,
              27.39257838960876
            ],
            [
              78.48575022073248,
              27.393224799080322
            ],
            [
              78.48466738609913,
              27.3927572079219
            ],
            [
              78.48343585243845,
              27.39400268534679
            ],
            [
              78.47504717141462,
              27.402008578140187
            ],
            [
              78.47189345684498,
              27.408607409115678
            ],
            [
              78.47118796403828,
              27.410015018685858
            ],
            [
              78.46420999104843,
              27.417719537373202
            ],
            [
              78.46389418022545,
              27.422602649325718
            ],
            [
              78.46367449901936,
              27.424857862694427
            ],
            [
              78.46446657684302,
              27.42555134331092
            ],
            [
              78.46770110205901,
              27.428154415677763
            ],
            [
              78.46886544263474,
              27.42852288185518
            ],
            [
              78.47170818830077,
              27.429121896001796
            ],
            [
              78.47404801395166,
              27.42894450475241
            ],
            [
              78.4755875296176,
              27.428745068623027
            ],
            [
              78.47792126199587,
              27.426424520290333
            ],
            [
              78.47902025911785,
              27.42557788960417
            ],
            [
              78.4796647697915,
              27.425241208967922
            ],
            [
              78.48152458516188,
              27.42503051065169
            ],
            [
              78.48469782371589,
              27.424775253112916
            ],
            [
              78.48928087288692,
              27.424447700618007
            ],
            [
              78.49123236043374,
              27.42326625070135
            ],
            [
              78.49453128138087,
              27.428555334866868
            ],
            [
              78.49410921602943,
              27.429037065861447
            ],
            [
              78.49790155012109,
              27.43191627009371
            ],
            [
              78.49864132443567,
              27.432955991142293
            ],
            [
              78.50078826382871,
              27.43443793585401
            ],
            [
              78.50213745523205,
              27.435468528188547
            ],
            [
              78.50330185779151,
              27.436073263381367
            ],
            [
              78.504277217086,
              27.43659139778987
            ],
            [
              78.50439915080938,
              27.436988348614094
            ],
            [
              78.5039822363978,
              27.4374366986777
            ],
            [
              78.50327897590462,
              27.43799543213546
            ],
            [
              78.50292392487339,
              27.438557555901873
            ],
            [
              78.50307588658181,
              27.439096094776502
            ],
            [
              78.5031968088022,
              27.43957783637284
            ],
            [
              78.50354233589476,
              27.439807305299087
            ],
            [
              78.50417623027836,
              27.43975680822436
            ],
            [
              78.50496982535658,
              27.43959462969561
            ],
            [
              78.50576039311224,
              27.43968700169481
            ],
            [
              78.5066280237429,
              27.43994960887957
            ],
            [
              78.50657885086255,
              27.441419225252005
            ],
            [
              78.50659713157859,
              27.442550276874798
            ],
            [
              78.50655206220247,
              27.445009407828767
            ],
            [
              78.50571482157788,
              27.450175073297043
            ],
            [
              78.50513514501324,
              27.45364680136322
            ],
            [
              78.5048657483444,
              27.456329966831376
            ],
            [
              78.50542967115386,
              27.456844184676925
            ],
            [
              78.50655383996839,
              27.458183476045846
            ],
            [
              78.50780110941791,
              27.45983500031647
            ],
            [
              78.50903110695943,
              27.461599349175078
            ],
            [
              78.50986739087824,
              27.46319028393787
            ],
            [
              78.51046097156686,
              27.463874447335648
            ],
            [
              78.5109336866289,
              27.464076794651156
            ],
            [
              78.51204198580565,
              27.46408723793123
            ],
            [
              78.51394379202566,
              27.46396374938877
            ],
            [
              78.51530876772684,
              27.46369389415649
            ],
            [
              78.5162594476055,
              27.463646233660132
            ],
            [
              78.5170882305917,
              27.463201730827727
            ],
            [
              78.51769651759982,
              27.462642060136584
            ],
            [
              78.51861670596276,
              27.461152354336818
            ],
            [
              78.51996267241421,
              27.459808020667413
            ],
            [
              78.52070202182567,
              27.45888207593959
            ],
            [
              78.52128730387766,
              27.457587102697975
            ],
            [
              78.52183653743563,
              27.456659279617273
            ],
            [
              78.52205833956413,
              27.4553043976316
            ],
            [
              78.5219189075573,
              27.453691739130743
            ],
            [
              78.52167589620498,
              27.452812999300487
            ],
            [
              78.52175119029714,
              27.45179602669486
            ],
            [
              78.52208212156295,
              27.45058346012182
            ],
            [
              78.52282073794915,
              27.449713990635118
            ],
            [
              78.52358531295205,
              27.449325349181017
            ],
            [
              78.52473873360721,
              27.449534021719465
            ],
            [
              78.5265075855719,
              27.449918023661635
            ],
            [
              78.52739350590174,
              27.449982788746865
            ],
            [
              78.52828306800174,
              27.449736683133896
            ],
            [
              78.52878836136588,
              27.449854486192674
            ],
            [
              78.52909980907154,
              27.450309677942677
            ],
            [
              78.52972052157665,
              27.451389728154435
            ],
            [
              78.53019146516098,
              27.451733398278176
            ],
            [
              78.53063443071578,
              27.45176581576636
            ],
            [
              78.53130669573846,
              27.45115008832801
            ],
            [
              78.53213623061451,
              27.45062061793627
            ],
            [
              78.5334087202656,
              27.450123552610414
            ],
            [
              78.53458889544488,
              27.449399521355193
            ],
            [
              78.53517036864008,
              27.44841544036879
            ],
            [
              78.53529038625699,
              27.447624973306876
            ],
            [
              78.53616663173119,
              27.445795535299823
            ],
            [
              78.53677649887591,
              27.445094402673753
            ],
            [
              78.53772998868475,
              27.444792240381005
            ],
            [
              78.53887147791629,
              27.44466150267356
            ],
            [
              78.5394770556055,
              27.444327814806133
            ],
            [
              78.53997294720193,
              27.44252312876766
            ],
            [
              78.54039215141914,
              27.441876719944286
            ],
            [
              78.54126610079949,
              27.441602097392984
            ],
            [
              78.54227828832568,
              27.44169624315864
            ],
            [
              78.54309952456515,
              27.441873511070284
            ],
            [
              78.54376152543735,
              27.442134014731693
            ],
            [
              78.54438166841061,
              27.443270606123708
            ],
            [
              78.54588002955842,
              27.44650724234496
            ],
            [
              78.54649432988906,
              27.44815264925341
            ],
            [
              78.54865551656253,
              27.451593230357503
            ],
            [
              78.55037678386832,
              27.453361783746374
            ],
            [
              78.55256704541426,
              27.455671790285336
            ],
            [
              78.55347454866713,
              27.45661297438812
            ],
            [
              78.55349715656787,
              27.45740475207086
            ],
            [
              78.55321951516133,
              27.45813727667637
            ],
            [
              78.55231724818829,
              27.459485960610746
            ],
            [
              78.55205414960786,
              27.460331710202702
            ],
            [
              78.5521448641802,
              27.460700028277614
            ],
            [
              78.55330453710972,
              27.461756613162613
            ],
            [
              78.55507618642821,
              27.463299456977317
            ],
            [
              78.55679413086575,
              27.465378959312456
            ],
            [
              78.55946615710197,
              27.46851299773809
            ],
            [
              78.56235162574464,
              27.47099884468754
            ],
            [
              78.56395054789861,
              27.472426812957863
            ],
            [
              78.56458070798557,
              27.47271522438226
            ],
            [
              78.56677020955681,
              27.473752841730295
            ],
            [
              78.56894549888193,
              27.474648910374018
            ],
            [
              78.56976698844632,
              27.474826032066126
            ],
            [
              78.57068579160713,
              27.474806051335488
            ],
            [
              78.57170148076628,
              27.474617347621383
            ],
            [
              78.57297469895106,
              27.474063485274993
            ],
            [
              78.5747180926606,
              27.473937833683433
            ],
            [
              78.57685684211322,
              27.473872318342426
            ],
            [
              78.5781853758583,
              27.47402557581716
            ],
            [
              78.5786377045533,
              27.473238092249254
            ],
            [
              78.5799649546058,
              27.473504507343964
            ],
            [
              78.58144774076322,
              27.474026697200877
            ],
            [
              78.58271085739264,
              27.473797883679893
            ],
            [
              78.58391162105988,
              27.47461416839206
            ],
            [
              78.58532695990915,
              27.47550319497708
            ],
            [
              78.58669346544127,
              27.47650486275593
            ],
            [
              78.58687903761603,
              27.47690229794437
            ],
            [
              78.58683746358466,
              27.47777827231832
            ],
            [
              78.5866197829267,
              27.480235763272916
            ],
            [
              78.58655863280869,
              27.48145082967137
            ],
            [
              78.58677243903283,
              27.482159493336624
            ],
            [
              78.58726489187832,
              27.483436007743087
            ],
            [
              78.58775195393378,
              27.485193036767452
            ],
            [
              78.58797009991908,
              27.486919453951113
            ],
            [
              78.58786211074383,
              27.48807750163064
            ],
            [
              78.58736312804452,
              27.49019318116781
            ],
            [
              78.58730070591207,
              27.49060504394794
            ],
            [
              78.58726042725135,
              27.490870801051305
            ],
            [
              78.58782240610658,
              27.491610769947577
            ],
            [
              78.58882138300818,
              27.492920086196527
            ],
            [
              78.59010698896073,
              27.49409056709807
            ],
            [
              78.59110440099712,
              27.493647246117696
            ],
            [
              78.59160336573008,
              27.493425466623922
            ],
            [
              78.59404295558149,
              27.49197721361585
            ],
            [
              78.59582507656124,
              27.49408498271592
            ],
            [
              78.59810428928664,
              27.497073461638852
            ],
            [
              78.59872393459321,
              27.498322747680298
            ],
            [
              78.59896599642629,
              27.49934260012183
            ],
            [
              78.59889413569513,
              27.50010519499932
            ],
            [
              78.59871662859501,
              27.500445314797346
            ],
            [
              78.59855362659175,
              27.501185557980342
            ],
            [
              78.59836724144166,
              27.502287810374227
            ],
            [
              78.59770019563082,
              27.50312707139277
            ],
            [
              78.59671153767685,
              27.505050125841272
            ],
            [
              78.59647618985223,
              27.50602038065179
            ],
            [
              78.59628570299454,
              27.50680568569615
            ],
            [
              78.59635208939235,
              27.50778943566976
            ],
            [
              78.59661196122428,
              27.50834936060851
            ],
            [
              78.59672988576654,
              27.508603465382585
            ],
            [
              78.59745643238857,
              27.509368843661687
            ],
            [
              78.59764173237382,
              27.509429191694935
            ],
            [
              78.59851643274573,
              27.509723214889792
            ],
            [
              78.59963965832921,
              27.50961243222425
            ],
            [
              78.6003725686167,
              27.509808656992085
            ],
            [
              78.60110317742043,
              27.510211836788915
            ],
            [
              78.60194252459436,
              27.510187202337374
            ],
            [
              78.60381232384081,
              27.510132303638734
            ],
            [
              78.60464463900269,
              27.510087909164255
            ],
            [
              78.60535687636053,
              27.51040466637512
            ],
            [
              78.60560998028511,
              27.51048238037219
            ],
            [
              78.60639794741803,
              27.51072431961242
            ],
            [
              78.60700699979076,
              27.510608366324995
            ],
            [
              78.6076967900463,
              27.510477042217477
            ],
            [
              78.60915595500333,
              27.510163006088277
            ]
          ]
        ]
      }
    }
  ]
}