{
  "type": "FeatureCollection",
  "features": [
    {
      "type": "Feature",
      "properties": {
        "objectid": "09-152-00793",
        "stcode11": "09",
        "dtcode11": "152",
        "sdtcode11": "00793",
        "stname": "UTTAR PRADESH",
        "dtname": "Shahjahanpur",
        "sdtname": "Powayan",
        "st_area_sh": 0.0,
        "st_length_": 0.0,
        "remarks": "",
        "dist_lgd": 180,
        "state_lgd": 9,
        "subdt_lgd": 793,
        "ac_no": 134,
        "st_length(shape)": 325505.0971670036,
        "st_area(shape)": 1645476218.937201
      },
      "geometry": {
        "type": "Polygon",
        "coordinates": [
          [
            [
              80.02954936655452,
              28.374035221285155
            ],
            [
              80.0310069837143,
              28.374034940694813
            ],
            [
              80.03212083178455,
              28.37407120323462
            ],
            [
              80.03356469573734,
              28.374058738704264
            ],
            [
              80.03532469480494,
              28.373559703390292
            ],
            [
              80.03663094314443,
              28.373218860731104
            ],
            [
              80.0379372328064,
              28.373036116612806
            ],
            [
              80.03918847819934,
              28.372731755792117
            ],
            [
              80.04032972937732,
              28.372488222244066
            ],
            [
              80.04140217858769,
              28.372123077374866
            ],
            [
              80.04323080534971,
              28.371429335810454
            ],
            [
              80.0444407650705,
              28.37111277977823
            ],
            [
              80.04589820256724,
              28.370723169050898
            ],
            [
              80.04743805240648,
              28.37011460004471
            ],
            [
              80.04845535404156,
              28.369481849901554
            ],
            [
              80.05099844777997,
              28.367620213874797
            ],
            [
              80.05234541495466,
              28.36626975065032
            ],
            [
              80.05358245798294,
              28.36516256030802
            ],
            [
              80.05410469087842,
              28.36454209767682
            ],
            [
              80.05417313441824,
              28.36383665499956
            ],
            [
              80.05424146117707,
              28.362875799616532
            ],
            [
              80.05539589064026,
              28.36162266810523
            ],
            [
              80.05627530357418,
              28.36036962298188
            ],
            [
              80.05661853726784,
              28.359262714165048
            ],
            [
              80.05719518830658,
              28.35747461713194
            ],
            [
              80.0573459274079,
              28.356392094337217
            ],
            [
              80.0580463258686,
              28.354664754900927
            ],
            [
              80.05834854518133,
              28.354117326965653
            ],
            [
              80.05845822498596,
              28.353460505690055
            ],
            [
              80.05895276012626,
              28.352572450333863
            ],
            [
              80.06005258369828,
              28.352413921770598
            ],
            [
              80.06139951763531,
              28.351525534320487
            ],
            [
              80.06280142128118,
              28.35062494569174
            ],
            [
              80.0637908383115,
              28.349700188617703
            ],
            [
              80.0650422328248,
              28.35024699975392
            ],
            [
              80.06567491268615,
              28.35072108129045
            ],
            [
              80.06617046471936,
              28.351852002324364
            ],
            [
              80.06706510319903,
              28.35365169335955
            ],
            [
              80.06772582037871,
              28.355062270660106
            ],
            [
              80.06798775743744,
              28.35635139168981
            ],
            [
              80.06895105235763,
              28.357883455992695
            ],
            [
              80.06965293124196,
              28.35906291296181
            ],
            [
              80.0704509738791,
              28.360072047047282
            ],
            [
              80.07137228513619,
              28.360229746799973
            ],
            [
              80.07239012306549,
              28.360861732369983
            ],
            [
              80.07267244020309,
              28.361627838685575
            ],
            [
              80.07359338494756,
              28.361140915310923
            ],
            [
              80.07394475558105,
              28.362405648090363
            ],
            [
              80.07502371578059,
              28.361742287017755
            ],
            [
              80.07550565294736,
              28.362885325671677
            ],
            [
              80.07660526721193,
              28.362276677722786
            ],
            [
              80.07703188522518,
              28.36287851332895
            ],
            [
              80.07782900259762,
              28.362282162883435
            ],
            [
              80.07839251308039,
              28.361910929353286
            ],
            [
              80.07800027898294,
              28.361333405314028
            ],
            [
              80.07928521569062,
              28.360298958051406
            ],
            [
              80.0801165903164,
              28.359562709727125
            ],
            [
              80.0806937605814,
              28.359088080324696
            ],
            [
              80.08102414656986,
              28.35969603510674
            ],
            [
              80.08170414968036,
              28.358789578273456
            ],
            [
              80.08240490567054,
              28.358089871275904
            ],
            [
              80.08281759710196,
              28.358405881968803
            ],
            [
              80.08323663063929,
              28.35792524263968
            ],
            [
              80.08369764873807,
              28.358539208010924
            ],
            [
              80.08419239857571,
              28.358204475201454
            ],
            [
              80.08542383072675,
              28.35945655538347
            ],
            [
              80.08664801976164,
              28.360149154693712
            ],
            [
              80.08721826760909,
              28.359638016978806
            ],
            [
              80.08783084856424,
              28.360665407611275
            ],
            [
              80.08846297686001,
              28.360166394679297
            ],
            [
              80.08886892374028,
              28.36063442336891
            ],
            [
              80.08955712128282,
              28.360036958357966
            ],
            [
              80.08956284624611,
              28.360031989277548
            ],
            [
              80.09048533519454,
              28.361770700274118
            ],
            [
              80.09201079042963,
              28.360736010639194
            ],
            [
              80.09376977799421,
              28.359457919793194
            ],
            [
              80.09491021440023,
              28.358447753785374
            ],
            [
              80.09624286781916,
              28.357109071189747
            ],
            [
              80.09728684672324,
              28.355880016772577
            ],
            [
              80.09694260601815,
              28.355223449887017
            ],
            [
              80.09644672340492,
              28.354043980299913
            ],
            [
              80.09577197723543,
              28.35268217617101
            ],
            [
              80.09486322891762,
              28.35094346731076
            ],
            [
              80.09420229165067,
              28.349618129903043
            ],
            [
              80.09367900772632,
              28.348499472357684
            ],
            [
              80.0934035474293,
              28.347842847182946
            ],
            [
              80.09391203879588,
              28.347587131210013
            ],
            [
              80.09315528542412,
              28.34678483830112
            ],
            [
              80.0936362308508,
              28.34646832261161
            ],
            [
              80.09309966443666,
              28.345945641035375
            ],
            [
              80.09359440888443,
              28.34570209425088
            ],
            [
              80.09308521413699,
              28.345009116864688
            ],
            [
              80.09192956116839,
              28.34389081714851
            ],
            [
              80.09137905739259,
              28.343088390373413
            ],
            [
              80.09042943123777,
              28.34166588697473
            ],
            [
              80.08952134587662,
              28.340632562931834
            ],
            [
              80.08899850841495,
              28.340024713262324
            ],
            [
              80.09030396893195,
              28.33928204023612
            ],
            [
              80.09085453469147,
              28.340206102120284
            ],
            [
              80.09192656079536,
              28.339840600305635
            ],
            [
              80.09335584239614,
              28.339255947066498
            ],
            [
              80.09490867109456,
              28.338452274778305
            ],
            [
              80.0957330316746,
              28.337843634619432
            ],
            [
              80.09467386405571,
              28.337005031666695
            ],
            [
              80.09382070438599,
              28.335886549642524
            ],
            [
              80.09426040097148,
              28.335618704298522
            ],
            [
              80.0948783044447,
              28.334693953358958
            ],
            [
              80.09567461243505,
              28.33339203608325
            ],
            [
              80.09670527381505,
              28.332965709092388
            ],
            [
              80.09742092027939,
              28.334011284382864
            ],
            [
              80.0981490524279,
              28.33345133999255
            ],
            [
              80.09839703236207,
              28.334132311786668
            ],
            [
              80.09875539458339,
              28.335324058854493
            ],
            [
              80.098976362177,
              28.336601027252037
            ],
            [
              80.09966341706249,
              28.336235709122295
            ],
            [
              80.1002963960628,
              28.337001575643548
            ],
            [
              80.10080586479643,
              28.338022934315255
            ],
            [
              80.10226482493758,
              28.340162666325256
            ],
            [
              80.10320081915795,
              28.341572947630965
            ],
            [
              80.10390286872219,
              28.342679307165636
            ],
            [
              80.10479748115071,
              28.343882834260203
            ],
            [
              80.10600663059114,
              28.343115776855708
            ],
            [
              80.10624095703129,
              28.343833223643642
            ],
            [
              80.10701048444638,
              28.343431334022828
            ],
            [
              80.10738256933203,
              28.344464920204807
            ],
            [
              80.10783553044101,
              28.343637543377877
            ],
            [
              80.10834436496401,
              28.34383180131785
            ],
            [
              80.10865325875928,
              28.343338997888527
            ],
            [
              80.10923688431792,
              28.342596665866637
            ],
            [
              80.10997927272996,
              28.342614397311237
            ],
            [
              80.11001443368849,
              28.34350833674251
            ],
            [
              80.1105781337158,
              28.34355659712797
            ],
            [
              80.11086721786245,
              28.343982093373494
            ],
            [
              80.11119101919985,
              28.34479677185296
            ],
            [
              80.11187810732304,
              28.344455731670866
            ],
            [
              80.11218811592755,
              28.345209604674732
            ],
            [
              80.11387818923514,
              28.34420497103897
            ],
            [
              80.11459273795818,
              28.34383957390505
            ],
            [
              80.11500595041248,
              28.34467850635325
            ],
            [
              80.11515766957577,
              28.34521355772453
            ],
            [
              80.11649057003139,
              28.344519306632318
            ],
            [
              80.11765843290135,
              28.34377651639328
            ],
            [
              80.1188539306444,
              28.343191811288552
            ],
            [
              80.1182755548403,
              28.342170570306155
            ],
            [
              80.11986939522471,
              28.34125715961076
            ],
            [
              80.11927762284479,
              28.340600813034296
            ],
            [
              80.12010193761074,
              28.340052862719503
            ],
            [
              80.11948259323981,
              28.33931139563726
            ],
            [
              80.11977096861567,
              28.338982779612035
            ],
            [
              80.12056777696763,
              28.338434847043224
            ],
            [
              80.12184564483235,
              28.33780140204146
            ],
            [
              80.1221076654344,
              28.338640439105205
            ],
            [
              80.1234953226982,
              28.337824453089684
            ],
            [
              80.12377098960773,
              28.338554011358426
            ],
            [
              80.12447153808712,
              28.337993970727286
            ],
            [
              80.12514492510557,
              28.337774508354894
            ],
            [
              80.12554434123372,
              28.338516129273128
            ],
            [
              80.1265886677858,
              28.33806527433535
            ],
            [
              80.12691910857147,
              28.33856368665843
            ],
            [
              80.12752366128296,
              28.33824696778106
            ],
            [
              80.12814224478086,
              28.338209980615755
            ],
            [
              80.12811601756783,
              28.339438453639065
            ],
            [
              80.1291466969141,
              28.339084895198805
            ],
            [
              80.12925728311886,
              28.339668624317362
            ],
            [
              80.1304253454148,
              28.33922980407926
            ],
            [
              80.13079744287685,
              28.340105223394037
            ],
            [
              80.13164914907247,
              28.33950853867295
            ],
            [
              80.13222614506428,
              28.339143173613554
            ],
            [
              80.1331333473815,
              28.33903295069704
            ],
            [
              80.13415065710142,
              28.33904425707649
            ],
            [
              80.13487911444005,
              28.338909847075964
            ],
            [
              80.13557995756683,
              28.338665993196784
            ],
            [
              80.13694438799061,
              28.341802839333987
            ],
            [
              80.13770237744421,
              28.343492812075272
            ],
            [
              80.13841945312821,
              28.345462559244034
            ],
            [
              80.13865371219472,
              28.345948864329834
            ],
            [
              80.13945079632946,
              28.34568058501348
            ],
            [
              80.14039889714495,
              28.34522972885911
            ],
            [
              80.14067512280661,
              28.346348457214606
            ],
            [
              80.14156807964008,
              28.345763851654045
            ],
            [
              80.14228447889262,
              28.347076786858338
            ],
            [
              80.14306730856045,
              28.34637064465266
            ],
            [
              80.14375369959095,
              28.3454943076884
            ],
            [
              80.14434480542096,
              28.34544512000936
            ],
            [
              80.14453874719922,
              28.346709868214607
            ],
            [
              80.14521183507865,
              28.34622274596808
            ],
            [
              80.14595318683489,
              28.34533418575893
            ],
            [
              80.14668074855315,
              28.344421306681472
            ],
            [
              80.14721772190416,
              28.345101925122943
            ],
            [
              80.14736944106743,
              28.345515318090055
            ],
            [
              80.14790516037026,
              28.345137775362502
            ],
            [
              80.1481939983785,
              28.345246969686144
            ],
            [
              80.1481673435674,
              28.345952434699566
            ],
            [
              80.1491704356513,
              28.345525799175793
            ],
            [
              80.14886751565265,
              28.345136875647736
            ],
            [
              80.14866119419148,
              28.34505192925754
            ],
            [
              80.14844115455757,
              28.344991320989696
            ],
            [
              80.14822084722572,
              28.344705701887655
            ],
            [
              80.14819294555299,
              28.344365171360632
            ],
            [
              80.14810331075562,
              28.344134163316358
            ],
            [
              80.14785560480762,
              28.343927625237097
            ],
            [
              80.14773848785077,
              28.34370880287623
            ],
            [
              80.1477656807527,
              28.343453359992576
            ],
            [
              80.1478686061247,
              28.343301228987574
            ],
            [
              80.14804035143061,
              28.343215929301255
            ],
            [
              80.14816405303851,
              28.34319148871354
            ],
            [
              80.14834284383119,
              28.343252135167823
            ],
            [
              80.14852165169184,
              28.343324945338424
            ],
            [
              80.14873463326258,
              28.343233526236276
            ],
            [
              80.14878938198589,
              28.34303278802078
            ],
            [
              80.1487891708818,
              28.342856426055487
            ],
            [
              80.14891275660699,
              28.34273468279292
            ],
            [
              80.14909148092434,
              28.342740595902544
            ],
            [
              80.14924287399917,
              28.34288032830309
            ],
            [
              80.14938731321541,
              28.342953167981765
            ],
            [
              80.14952475994544,
              28.342928712311693
            ],
            [
              80.14993664558807,
              28.342478300669686
            ],
            [
              80.15063700003135,
              28.341839089167138
            ],
            [
              80.15080152288235,
              28.341467968373752
            ],
            [
              80.15068435022995,
              28.341206577652876
            ],
            [
              80.15048468169176,
              28.340933103701413
            ],
            [
              80.15044321096666,
              28.340744616899677
            ],
            [
              80.15046358206237,
              28.340537831083022
            ],
            [
              80.15069698593273,
              28.34028827010049
            ],
            [
              80.15097163774604,
              28.340044752248346
            ],
            [
              80.1509716305595,
              28.340038672952492
            ],
            [
              80.1510263972491,
              28.33985617610824
            ],
            [
              80.15100562999636,
              28.339734566980336
            ],
            [
              80.15083371490887,
              28.33967391693647
            ],
            [
              80.15069626368727,
              28.33969229008695
            ],
            [
              80.15049701376398,
              28.3397654576997
            ],
            [
              80.15025660662764,
              28.339905557712605
            ],
            [
              80.14999552476506,
              28.340003108788032
            ],
            [
              80.14983057880751,
              28.34002150797298
            ],
            [
              80.1496724106388,
              28.33996084307061
            ],
            [
              80.1495759953577,
              28.33980889919168
            ],
            [
              80.14958263480594,
              28.33961428600794
            ],
            [
              80.14964430864177,
              28.339456111289483
            ],
            [
              80.14989148727874,
              28.33923086434689
            ],
            [
              80.15011798040962,
              28.338950905088296
            ],
            [
              80.15026205401153,
              28.338725754325534
            ],
            [
              80.15027546136714,
              28.338445995354263
            ],
            [
              80.15016522101378,
              28.338227168026517
            ],
            [
              80.15003441822358,
              28.33805701032381
            ],
            [
              80.14995162769036,
              28.33780166770496
            ],
            [
              80.14995787008328,
              28.337278655678446
            ],
            [
              80.14988193728894,
              28.337011145135016
            ],
            [
              80.14970991709855,
              28.336859271360513
            ],
            [
              80.14948977505672,
              28.33670136136913
            ],
            [
              80.14937273625327,
              28.336543352308745
            ],
            [
              80.14937939007461,
              28.336360901644806
            ],
            [
              80.14946859907053,
              28.33623918968137
            ],
            [
              80.1496335189769,
              28.336202545761566
            ],
            [
              80.14986031304343,
              28.33617800630697
            ],
            [
              80.15010761744449,
              28.336062225010295
            ],
            [
              80.15025180513244,
              28.335934376245092
            ],
            [
              80.15030653768606,
              28.335721473848835
            ],
            [
              80.15016178316118,
              28.33538104893738
            ],
            [
              80.14983119864507,
              28.33483402764143
            ],
            [
              80.14956943855441,
              28.3343599186808
            ],
            [
              80.14961010798227,
              28.33388552690829
            ],
            [
              80.14991200839306,
              28.33344737464459
            ],
            [
              80.15044762438964,
              28.3330333258753
            ],
            [
              80.15072229057597,
              28.33281413237444
            ],
            [
              80.1507221154045,
              28.332668177340977
            ],
            [
              80.15055701044516,
              28.33254670310311
            ],
            [
              80.1503507671374,
              28.33251040977339
            ],
            [
              80.15010337380312,
              28.332547133246205
            ],
            [
              80.14980097931891,
              28.332571743911956
            ],
            [
              80.14955333804957,
              28.332401697339378
            ],
            [
              80.14945687785271,
              28.33220717970525
            ],
            [
              80.14938776416967,
              28.331891005655457
            ],
            [
              80.149291176412,
              28.331587021853387
            ],
            [
              80.14907075229918,
              28.33118584973573
            ],
            [
              80.14905656790084,
              28.330820972394864
            ],
            [
              80.14911066265063,
              28.330078975151547
            ],
            [
              80.1488762634469,
              28.329483208300097
            ],
            [
              80.14836688544314,
              28.328839042170706
            ],
            [
              80.1482564223076,
              28.328425601708435
            ],
            [
              80.14828343644481,
              28.328024193878147
            ],
            [
              80.14814538155531,
              28.327525635647948
            ],
            [
              80.14778739393145,
              28.32702728462666
            ],
            [
              80.14733300000961,
              28.32637089917507
            ],
            [
              80.14680983915443,
              28.32567808590485
            ],
            [
              80.1465615960139,
              28.32498501665715
            ],
            [
              80.1465057845836,
              28.324279606155276
            ],
            [
              80.14664213536899,
              28.323342917889153
            ],
            [
              80.14686150306306,
              28.32286835199701
            ],
            [
              80.14756162663929,
              28.32211358662827
            ],
            [
              80.14779473316733,
              28.321639005758918
            ],
            [
              80.14815145865822,
              28.321091329337655
            ],
            [
              80.14819211461135,
              28.32060476418166
            ],
            [
              80.14812211429117,
              28.319534464675918
            ],
            [
              80.14809347869486,
              28.318573595975735
            ],
            [
              80.14817499272203,
              28.317770744725888
            ],
            [
              80.1484769739812,
              28.317429892215728
            ],
            [
              80.14908141260663,
              28.317149570270153
            ],
            [
              80.14949342131847,
              28.316869427892737
            ],
            [
              80.14987762986715,
              28.316333881090397
            ],
            [
              80.15041302757312,
              28.315798190823312
            ],
            [
              80.15074291319996,
              28.315810041392307
            ],
            [
              80.15110017139182,
              28.315724559100218
            ],
            [
              80.15174578429831,
              28.3154076970312
            ],
            [
              80.15221301424725,
              28.315334269863268
            ],
            [
              80.15252923021042,
              28.315406947322714
            ],
            [
              80.15276309671319,
              28.315577007638783
            ],
            [
              80.15299692099511,
              28.315710578027154
            ],
            [
              80.15336817763404,
              28.315831853236926
            ],
            [
              80.1536844394113,
              28.31594101678218
            ],
            [
              80.153918325677,
              28.316123239154702
            ],
            [
              80.15419326584946,
              28.316159463742075
            ],
            [
              80.1544542488974,
              28.31602541309465
            ],
            [
              80.15467346836941,
              28.315465687913818
            ],
            [
              80.15470033608126,
              28.314966965606107
            ],
            [
              80.154809794002,
              28.3145654697877
            ],
            [
              80.1550021098296,
              28.31448014070868
            ],
            [
              80.15519464035455,
              28.314565093348815
            ],
            [
              80.15541490366897,
              28.314844635225747
            ],
            [
              80.15562148204832,
              28.3151728426882
            ],
            [
              80.15599275575525,
              28.315306273606893
            ],
            [
              80.1564051552342,
              28.315354520702904
            ],
            [
              80.15668046102101,
              28.31568266095283
            ],
            [
              80.15695629142395,
              28.316424349039053
            ],
            [
              80.15727372819758,
              28.317457911637486
            ],
            [
              80.15774188520788,
              28.318114264341737
            ],
            [
              80.15855404666637,
              28.3190621893511
            ],
            [
              80.1597379480574,
              28.320484099372983
            ],
            [
              80.16090817708984,
              28.32194250163153
            ],
            [
              80.16297310568734,
              28.32432437613798
            ],
            [
              80.16403320306256,
              28.325600413935273
            ],
            [
              80.16550649043415,
              28.327472004377892
            ],
            [
              80.16653885501995,
              28.32852911122585
            ],
            [
              80.16803607710398,
              28.327712608700896
            ],
            [
              80.1697534951288,
              28.32710262839185
            ],
            [
              80.17100355384723,
              28.326505295778865
            ],
            [
              80.17312116055132,
              28.327038177933094
            ],
            [
              80.1744822106147,
              28.3271826461923
            ],
            [
              80.17588458677442,
              28.327387873352368
            ],
            [
              80.17624362003728,
              28.32854296567728
            ],
            [
              80.17665678038928,
              28.32908984618795
            ],
            [
              80.17812677992696,
              28.32850437706007
            ],
            [
              80.17896518566646,
              28.32843045682048
            ],
            [
              80.18011964387576,
              28.328283195005817
            ],
            [
              80.18013772606409,
              28.328251092703365
            ],
            [
              80.18032530777016,
              28.327918069687055
            ],
            [
              80.18114792382191,
              28.326445399675716
            ],
            [
              80.18153053516603,
              28.324888082821698
            ],
            [
              80.18158399121367,
              28.323841992340814
            ],
            [
              80.18183012960151,
              28.32296596062416
            ],
            [
              80.18270694640425,
              28.320994520059774
            ],
            [
              80.18341904542152,
              28.3191935426933
            ],
            [
              80.1838568717146,
              28.317830751685563
            ],
            [
              80.18591855200405,
              28.31779186262448
            ],
            [
              80.18939621433653,
              28.31792155129299
            ],
            [
              80.1923101910147,
              28.31795454005273
            ],
            [
              80.1932586448681,
              28.317989878306246
            ],
            [
              80.19328653306609,
              28.31824527406156
            ],
            [
              80.19375541411851,
              28.31924208773997
            ],
            [
              80.19432070865545,
              28.32036041596332
            ],
            [
              80.19529863982659,
              28.321648514952503
            ],
            [
              80.19597319555321,
              28.322304497798072
            ],
            [
              80.19672988514459,
              28.322741436291814
            ],
            [
              80.19846343781022,
              28.3237609859359
            ],
            [
              80.19979886702336,
              28.325072931788846
            ],
            [
              80.20133390279098,
              28.326548813859485
            ],
            [
              80.20191209713538,
              28.327083256725917
            ],
            [
              80.20221340106484,
              28.326401740008503
            ],
            [
              80.20251490801353,
              28.32584793368558
            ],
            [
              80.20283086256696,
              28.325725901286702
            ],
            [
              80.2031331303887,
              28.325640373195487
            ],
            [
              80.20340085529281,
              28.325445420131246
            ],
            [
              80.20350347074606,
              28.325153373382683
            ],
            [
              80.20364767190873,
              28.325074128208442
            ],
            [
              80.20411503391,
              28.32507960975531
            ],
            [
              80.2046922338194,
              28.32500588877782
            ],
            [
              80.20514938916243,
              28.324937862808817
            ],
            [
              80.20518695940257,
              28.324932272920385
            ],
            [
              80.2052703158744,
              28.325467342286657
            ],
            [
              80.20543594634819,
              28.325880673270706
            ],
            [
              80.20562875085929,
              28.3260993623384
            ],
            [
              80.20580810938723,
              28.326500513327808
            ],
            [
              80.20593282788802,
              28.327108503624977
            ],
            [
              80.20843564476237,
              28.327737722606166
            ],
            [
              80.20927447720162,
              28.32793122994965
            ],
            [
              80.20928822412044,
              28.327931211762685
            ],
            [
              80.21236550283916,
              28.326856776875534
            ],
            [
              80.21766847804855,
              28.325171091132347
            ],
            [
              80.22209168459119,
              28.32353510869154
            ],
            [
              80.22593800114322,
              28.322191737986653
            ],
            [
              80.22772378724935,
              28.321581030895707
            ],
            [
              80.22805153488582,
              28.32041289230747
            ],
            [
              80.22568405639555,
              28.318591786143553
            ],
            [
              80.22400454188586,
              28.317134570018933
            ],
            [
              80.22227026158487,
              28.315774716649287
            ],
            [
              80.22160852481733,
              28.31465661619754
            ],
            [
              80.22108389880992,
              28.313343706675205
            ],
            [
              80.22073692363314,
              28.311446704689065
            ],
            [
              80.2206239506047,
              28.3097439851623
            ],
            [
              80.22033160287863,
              28.307640116604734
            ],
            [
              80.21994357469332,
              28.305828299156268
            ],
            [
              80.22063019120095,
              28.305511095987423
            ],
            [
              80.22196153667285,
              28.304511837025245
            ],
            [
              80.22241361114462,
              28.303696247069876
            ],
            [
              80.22235805303927,
              28.303367910864928
            ],
            [
              80.22157373216805,
              28.302833810700466
            ],
            [
              80.2209266109902,
              28.302165718041785
            ],
            [
              80.22217545967798,
              28.30116656290957
            ],
            [
              80.22422475219967,
              28.302039461784545
            ],
            [
              80.2257239029666,
              28.30266984387108
            ],
            [
              80.22784164890959,
              28.303372308386855
            ],
            [
              80.22905184398898,
              28.303796290340347
            ],
            [
              80.2301660666567,
              28.304342039000467
            ],
            [
              80.23061977875724,
              28.3044386878549
            ],
            [
              80.23086709214148,
              28.304401837617522
            ],
            [
              80.23105913757618,
              28.304206942896535
            ],
            [
              80.23114110255766,
              28.303939225744212
            ],
            [
              80.23192497157626,
              28.304205681387124
            ],
            [
              80.2331217862495,
              28.30481210503572
            ],
            [
              80.23484116439828,
              28.305575875065983
            ],
            [
              80.23578988415296,
              28.30579341163105
            ],
            [
              80.23702691999475,
              28.305852390847917
            ],
            [
              80.23856620030207,
              28.305850086948176
            ],
            [
              80.24000932134814,
              28.305872240132615
            ],
            [
              80.24174169542411,
              28.306222356324465
            ],
            [
              80.24335050623274,
              28.30663345823641
            ],
            [
              80.24485000105446,
              28.3073609646828
            ],
            [
              80.24614381221882,
              28.30831987839417
            ],
            [
              80.24736875404194,
              28.309193741974713
            ],
            [
              80.24849672901834,
              28.3097426216958
            ],
            [
              80.25009276758024,
              28.31046118509105
            ],
            [
              80.25117938142603,
              28.31091011510738
            ],
            [
              80.25226533321344,
              28.311028512300286
            ],
            [
              80.25318037243318,
              28.31051640114226
            ],
            [
              80.25267003143546,
              28.309856249642525
            ],
            [
              80.2526017334227,
              28.309615942612904
            ],
            [
              80.25314343011544,
              28.309074325669318
            ],
            [
              80.25477152775323,
              28.308831399058374
            ],
            [
              80.25497567798637,
              28.309131500655354
            ],
            [
              80.25531727944116,
              28.310272565951777
            ],
            [
              80.25592947591738,
              28.31099264818116
            ],
            [
              80.25718581026642,
              28.311471359783013
            ],
            [
              80.25847456391574,
              28.311228853849553
            ],
            [
              80.25939132969748,
              28.31155788626606
            ],
            [
              80.2599000411513,
              28.311466945987785
            ],
            [
              80.26006860731943,
              28.31095592437986
            ],
            [
              80.26105140107117,
              28.310383459298066
            ],
            [
              80.2633542367936,
              28.308396772103517
            ],
            [
              80.26735133556605,
              28.30541579897469
            ],
            [
              80.26830470859393,
              28.307006458821213
            ],
            [
              80.2691586884255,
              28.309708976335774
            ],
            [
              80.26919564691296,
              28.31112094768564
            ],
            [
              80.26927669291788,
              28.312014755020808
            ],
            [
              80.26939405691144,
              28.313590198391584
            ],
            [
              80.26987407258183,
              28.314659415761515
            ],
            [
              80.27088881132336,
              28.316051178238972
            ],
            [
              80.27090318436792,
              28.31617558235883
            ],
            [
              80.26996066568363,
              28.316624798256314
            ],
            [
              80.269894784139,
              28.316656198656162
            ],
            [
              80.26770378956776,
              28.31787234531423
            ],
            [
              80.2661461629674,
              28.31906513272553
            ],
            [
              80.26373328092774,
              28.320912777631268
            ],
            [
              80.2634874246109,
              28.320425661265247
            ],
            [
              80.26153274355323,
              28.32194578417216
            ],
            [
              80.26171708503608,
              28.32232472595916
            ],
            [
              80.2585406475813,
              28.324876089345967
            ],
            [
              80.25909252937275,
              28.32547117113144
            ],
            [
              80.25903247519935,
              28.326013020072274
            ],
            [
              80.25878875597456,
              28.32650093716936
            ],
            [
              80.26099655443151,
              28.328881061650385
            ],
            [
              80.26608788206839,
              28.333807432380233
            ],
            [
              80.26584977821246,
              28.333955562628734
            ],
            [
              80.26561236156768,
              28.33437795828814
            ],
            [
              80.2656375655996,
              28.33501096035862
            ],
            [
              80.26613886774898,
              28.33538991170417
            ],
            [
              80.26618118558537,
              28.33544443877529
            ],
            [
              80.2664496039889,
              28.335790284386416
            ],
            [
              80.26630767466558,
              28.33629693832267
            ],
            [
              80.26659523796444,
              28.33701391406481
            ],
            [
              80.26620057482246,
              28.33728168631269
            ],
            [
              80.26536656543797,
              28.337388602099843
            ],
            [
              80.26477124920423,
              28.33762174300919
            ],
            [
              80.26472444068975,
              28.338043818107298
            ],
            [
              80.26479685208814,
              28.338444588769537
            ],
            [
              80.26455905186276,
              28.338740446335844
            ],
            [
              80.26405881421701,
              28.338867813376783
            ],
            [
              80.26355906794973,
              28.339227416302684
            ],
            [
              80.2635602285731,
              28.339776035812164
            ],
            [
              80.26356236027524,
              28.340145541688816
            ],
            [
              80.26353913343526,
              28.340440949384703
            ],
            [
              80.26332505771654,
              28.340631243346945
            ],
            [
              80.26299108924674,
              28.340526274228118
            ],
            [
              80.26277616821329,
              28.34031567786151
            ],
            [
              80.26234702503578,
              28.34027417761446
            ],
            [
              80.26208546257452,
              28.34056997790293
            ],
            [
              80.26213419258542,
              28.341055205607834
            ],
            [
              80.2623974007603,
              28.341540170186
            ],
            [
              80.26232650661636,
              28.341856759859308
            ],
            [
              80.26199339513936,
              28.342110561275238
            ],
            [
              80.26182763081661,
              28.342638348632313
            ],
            [
              80.26163734428322,
              28.3428496132182
            ],
            [
              80.26108915816087,
              28.342871618752266
            ],
            [
              80.26063775742556,
              28.34354760221794
            ],
            [
              80.25997154704793,
              28.34411841578628
            ],
            [
              80.25997220820797,
              28.344434886298302
            ],
            [
              80.25982993393158,
              28.344793890858984
            ],
            [
              80.25947307099844,
              28.34515315273578
            ],
            [
              80.2591163535924,
              28.345533610378805
            ],
            [
              80.25894978168421,
              28.345681518719733
            ],
            [
              80.25852129517513,
              28.34591436234512
            ],
            [
              80.25797353126097,
              28.346147305076016
            ],
            [
              80.25747367809419,
              28.34652799001302
            ],
            [
              80.25697431720414,
              28.347098517970423
            ],
            [
              80.25642641584773,
              28.34726823505936
            ],
            [
              80.25585435340345,
              28.347290261023982
            ],
            [
              80.25528269879429,
              28.347459920883793
            ],
            [
              80.25514066706305,
              28.347945452323536
            ],
            [
              80.25509390795585,
              28.34840981597315
            ],
            [
              80.25480845659624,
              28.348705638668086
            ],
            [
              80.25355353080556,
              28.348741777835397
            ],
            [
              80.25326825012584,
              28.349122105616612
            ],
            [
              80.25267392742882,
              28.349882613998517
            ],
            [
              80.25219866743957,
              28.350643022065448
            ],
            [
              80.25129564857662,
              28.35201602769501
            ],
            [
              80.2509876009943,
              28.352944903932638
            ],
            [
              80.25087241900862,
              28.353125846199095
            ],
            [
              80.25039692366072,
              28.35378072638259
            ],
            [
              80.24980243477538,
              28.354477996875758
            ],
            [
              80.24987837116298,
              28.35506030301444
            ],
            [
              80.24992347737,
              28.355406194640576
            ],
            [
              80.24951962266603,
              28.356103164334105
            ],
            [
              80.24956902910837,
              28.356947146991306
            ],
            [
              80.24961778157714,
              28.357516781807632
            ],
            [
              80.24883272857899,
              28.35831977307314
            ],
            [
              80.24888440775898,
              28.359109615304405
            ],
            [
              80.24924267386058,
              28.359467816901393
            ],
            [
              80.24991100875386,
              28.359888749860904
            ],
            [
              80.25041229832681,
              28.36018332162468
            ],
            [
              80.25074616169373,
              28.360267210871633
            ],
            [
              80.25122265956145,
              28.360097629182935
            ],
            [
              80.25155575576711,
              28.359801741787145
            ],
            [
              80.25198483426595,
              28.359779958730364
            ],
            [
              80.25222251771034,
              28.35944201406331
            ],
            [
              80.25257948484808,
              28.359103787690483
            ],
            [
              80.25279360727919,
              28.35891351418073
            ],
            [
              80.25281677842362,
              28.358575909046134
            ],
            [
              80.25324546615529,
              28.358364188791437
            ],
            [
              80.25343487144137,
              28.35775206114953
            ],
            [
              80.25393630923634,
              28.35791733827692
            ],
            [
              80.26243907630128,
              28.3526475688585
            ],
            [
              80.26487621195528,
              28.354828243103384
            ],
            [
              80.26577193829476,
              28.355491611811274
            ],
            [
              80.26630816424743,
              28.35533243620618
            ],
            [
              80.26842413511939,
              28.357830233725295
            ],
            [
              80.26957978988462,
              28.357223699889786
            ],
            [
              80.2706724278327,
              28.356454949888455
            ],
            [
              80.27226595740002,
              28.355362537388192
            ],
            [
              80.27285865055312,
              28.355321148161906
            ],
            [
              80.27354243197772,
              28.355239319884387
            ],
            [
              80.2745896555966,
              28.354591735896985
            ],
            [
              80.27581842424283,
              28.3535401953253
            ],
            [
              80.27731970940688,
              28.352003969293296
            ],
            [
              80.27855719440632,
              28.354867352610047
            ],
            [
              80.28049438616368,
              28.358936252348702
            ],
            [
              80.28192071230718,
              28.35690730780769
            ],
            [
              80.28363590610336,
              28.356081024780302
            ],
            [
              80.28617534369857,
              28.355918196228235
            ],
            [
              80.2864335293927,
              28.355157717637066
            ],
            [
              80.28638417595097,
              28.353543358307615
            ],
            [
              80.28688345329766,
              28.352533505998466
            ],
            [
              80.28770251381754,
              28.351845872317877
            ],
            [
              80.28861265182913,
              28.35107741383239
            ],
            [
              80.28897696718585,
              28.350874887157545
            ],
            [
              80.28833584136423,
              28.349625078285424
            ],
            [
              80.28833577399058,
              28.349624948630794
            ],
            [
              80.29061100178934,
              28.347683452976177
            ],
            [
              80.29220205559976,
              28.34570289513507
            ],
            [
              80.29083067580893,
              28.344131403268943
            ],
            [
              80.28927698023625,
              28.34264088180796
            ],
            [
              80.29073073284368,
              28.34041833296867
            ],
            [
              80.2902717108015,
              28.339087302744947
            ],
            [
              80.2904530078938,
              28.33860267169629
            ],
            [
              80.29145419285439,
              28.337833923673934
            ],
            [
              80.29131697160146,
              28.337163697087153
            ],
            [
              80.29044833665434,
              28.336156216822626
            ],
            [
              80.28976158270447,
              28.334865965864548
            ],
            [
              80.28976064306669,
              28.33446232098711
            ],
            [
              80.28998782879866,
              28.334179381695865
            ],
            [
              80.28948443626963,
              28.333332721861783
            ],
            [
              80.28834125191717,
              28.33184141869514
            ],
            [
              80.28870504355609,
              28.331437110781486
            ],
            [
              80.28957061794303,
              28.33119338366169
            ],
            [
              80.28988830534665,
              28.330587376923837
            ],
            [
              80.28995028371136,
              28.330305103381484
            ],
            [
              80.29080743818918,
              28.329923654983624
            ],
            [
              80.29317201062946,
              28.332050606212892
            ],
            [
              80.2984348212642,
              28.329490456894366
            ],
            [
              80.29874529160281,
              28.32974313102063
            ],
            [
              80.29960571415162,
              28.33073324625483
            ],
            [
              80.29991193725556,
              28.331587774610583
            ],
            [
              80.30054157003144,
              28.332721737988443
            ],
            [
              80.30134291667225,
              28.334183319342287
            ],
            [
              80.30256031893518,
              28.335500498951323
            ],
            [
              80.30387460809477,
              28.336986317272228
            ],
            [
              80.30427271268259,
              28.336632378264035
            ],
            [
              80.30755515583245,
              28.33892158200449
            ],
            [
              80.30744688817947,
              28.341482943843726
            ],
            [
              80.30958773968983,
              28.34349048764436
            ],
            [
              80.31475739592793,
              28.34824795835659
            ],
            [
              80.31545356242533,
              28.34796323268234
            ],
            [
              80.31590719188088,
              28.347991054312907
            ],
            [
              80.3166506241353,
              28.347329933838438
            ],
            [
              80.3177174741465,
              28.34643886166659
            ],
            [
              80.31794463742061,
              28.346610454321258
            ],
            [
              80.31894726777045,
              28.34592017487092
            ],
            [
              80.32040251876779,
              28.34491351608315
            ],
            [
              80.32095236138353,
              28.34456831685183
            ],
            [
              80.32137396140763,
              28.34476813979761
            ],
            [
              80.32169752379316,
              28.344595439677878
            ],
            [
              80.32270328297517,
              28.34516697734822
            ],
            [
              80.32354406925019,
              28.344912111165293
            ],
            [
              80.32181533963933,
              28.34342997177903
            ],
            [
              80.32195396855228,
              28.34293447598203
            ],
            [
              80.32069158135486,
              28.341533865644077
            ],
            [
              80.31909871294759,
              28.33844197563714
            ],
            [
              80.31821028901304,
              28.337412025642266
            ],
            [
              80.31858079825369,
              28.33646213261422
            ],
            [
              80.31857889741853,
              28.335719258361785
            ],
            [
              80.31820037340896,
              28.333532761244154
            ],
            [
              80.3172176039117,
              28.332007852627726
            ],
            [
              80.31467145320637,
              28.330415197766833
            ],
            [
              80.31468117387607,
              28.330403892050583
            ],
            [
              80.3152425239106,
              28.329749453658135
            ],
            [
              80.31579441738013,
              28.32929368984428
            ],
            [
              80.3165044826116,
              28.32889009733875
            ],
            [
              80.3166805524073,
              28.328190169626424
            ],
            [
              80.31695670800038,
              28.3280672123815
            ],
            [
              80.31750841012874,
              28.32754152085423
            ],
            [
              80.31776356580541,
              28.326911354188436
            ],
            [
              80.3205209670279,
              28.32960750260612
            ],
            [
              80.32267186080486,
              28.332203154217133
            ],
            [
              80.32434700141744,
              28.33104422163273
            ],
            [
              80.3237392354322,
              28.33034386925702
            ],
            [
              80.32541445240156,
              28.329267413935646
            ],
            [
              80.32700291187743,
              28.330626049391608
            ],
            [
              80.32863045166144,
              28.329137016381118
            ],
            [
              80.33163959765746,
              28.3305392782794
            ],
            [
              80.33413180991987,
              28.330422575184866
            ],
            [
              80.33659843816298,
              28.33012759667171
            ],
            [
              80.33765620171508,
              28.330236842796864
            ],
            [
              80.33820965465993,
              28.33007958321722
            ],
            [
              80.33848561621691,
              28.329700029378696
            ],
            [
              80.33850942157194,
              28.3291873186318
            ],
            [
              80.33868439901622,
              28.328741084688392
            ],
            [
              80.33885941778307,
              28.328272647378615
            ],
            [
              80.3386820346504,
              28.32787175769544
            ],
            [
              80.33643469504962,
              28.325446816608174
            ],
            [
              80.33721427281613,
              28.325088493940967
            ],
            [
              80.3385477167525,
              28.324773583701923
            ],
            [
              80.34063722595116,
              28.3247246189139
            ],
            [
              80.3410407051593,
              28.324946640253607
            ],
            [
              80.34189985838863,
              28.326081612322625
            ],
            [
              80.34288579983715,
              28.327572973381734
            ],
            [
              80.34359229516369,
              28.328128705650375
            ],
            [
              80.3450529279679,
              28.32823703183173
            ],
            [
              80.34567241606928,
              28.32878762165987
            ],
            [
              80.34607597971909,
              28.32903192599503
            ],
            [
              80.34720929787483,
              28.329163240924593
            ],
            [
              80.34808962439537,
              28.328826943973457
            ],
            [
              80.34849177858851,
              28.32860308832964
            ],
            [
              80.34874406594446,
              28.328780916250754
            ],
            [
              80.34871999019653,
              28.329182232661395
            ],
            [
              80.34869722509062,
              28.33005161298396
            ],
            [
              80.34940338624386,
              28.33047353391512
            ],
            [
              80.34970689194408,
              28.33094102294419
            ],
            [
              80.34978389103865,
              28.331475810614993
            ],
            [
              80.35013707087913,
              28.331720214725824
            ],
            [
              80.35109246421808,
              28.331227747308276
            ],
            [
              80.3525772248725,
              28.330979280948153
            ],
            [
              80.35383697102299,
              28.331288557944074
            ],
            [
              80.35554969535043,
              28.331485323672855
            ],
            [
              80.35661948105597,
              28.331509722673722
            ],
            [
              80.35777726482846,
              28.331373336638613
            ],
            [
              80.35815376134046,
              28.330993615835375
            ],
            [
              80.35825257332677,
              28.330302351672753
            ],
            [
              80.35867625384903,
              28.328807918962394
            ],
            [
              80.35766751585356,
              28.326813954778245
            ],
            [
              80.35657735366243,
              28.32418600712936
            ],
            [
              80.35576197982847,
              28.320777368069756
            ],
            [
              80.35553260580048,
              28.319797049038876
            ],
            [
              80.35268920256763,
              28.31800991116675
            ],
            [
              80.34535052185522,
              28.313082733943332
            ],
            [
              80.34307978024295,
              28.311259751272317
            ],
            [
              80.34082836498573,
              28.309236923900205
            ],
            [
              80.3369021334077,
              28.305961200821137
            ],
            [
              80.33690208040711,
              28.305961064786004
            ],
            [
              80.33659643132663,
              28.30517791870063
            ],
            [
              80.33608806572421,
              28.303907067054876
            ],
            [
              80.33476709040394,
              28.301759568299143
            ],
            [
              80.33397910171145,
              28.300282915061555
            ],
            [
              80.33298544463295,
              28.297530067904926
            ],
            [
              80.33185132518004,
              28.29628398997229
            ],
            [
              80.33068276072582,
              28.29568353627428
            ],
            [
              80.32931822430085,
              28.294480585877942
            ],
            [
              80.32790192515252,
              28.292115071772294
            ],
            [
              80.32687746663957,
              28.29078218938019
            ],
            [
              80.32527149899882,
              28.29022562597806
            ],
            [
              80.32424776362969,
              28.289194259683153
            ],
            [
              80.32273448685487,
              28.28682878789389
            ],
            [
              80.32185410014719,
              28.28480659406506
            ],
            [
              80.3186961024103,
              28.28224443333953
            ],
            [
              80.31346586828101,
              28.27928877385053
            ],
            [
              80.31083964175124,
              28.27780455518471
            ],
            [
              80.31143046012035,
              28.27708147236159
            ],
            [
              80.31165714189748,
              28.27670019463792
            ],
            [
              80.3116311778908,
              28.27643146211899
            ],
            [
              80.3121864544157,
              28.276049632237203
            ],
            [
              80.31195746576493,
              28.275467637742587
            ],
            [
              80.3118290408153,
              28.27468392473086
            ],
            [
              80.31233371613854,
              28.27425740989333
            ],
            [
              80.31225604330751,
              28.2735407697923
            ],
            [
              80.31134399996921,
              28.272848158366717
            ],
            [
              80.31124153722958,
              28.272288394372662
            ],
            [
              80.31189863689362,
              28.272175150375695
            ],
            [
              80.3124044252295,
              28.272196547897394
            ],
            [
              80.3125555110805,
              28.271972246338866
            ],
            [
              80.31217595670331,
              28.27186094429216
            ],
            [
              80.3114677716457,
              28.271772769203345
            ],
            [
              80.31121428683545,
              28.27150447916946
            ],
            [
              80.31121339211342,
              28.271146129100618
            ],
            [
              80.31143979271786,
              28.270697676947485
            ],
            [
              80.31131265415569,
              28.270384355777423
            ],
            [
              80.31025039812884,
              28.27029677679756
            ],
            [
              80.30964076005455,
              28.270109842081922
            ],
            [
              80.30921629170975,
              28.270024130035203
            ],
            [
              80.3083088881699,
              28.26913620689773
            ],
            [
              80.3080371217453,
              28.268428288345675
            ],
            [
              80.3083148826278,
              28.26736984930342
            ],
            [
              80.30873960878907,
              28.26693661328328
            ],
            [
              80.3094319134291,
              28.266318768951574
            ],
            [
              80.30989765756456,
              28.265710723227127
            ],
            [
              80.31002065399495,
              28.265029655234052
            ],
            [
              80.30995719340999,
              28.26456065890269
            ],
            [
              80.31013217265094,
              28.263943910077472
            ],
            [
              80.31015109206915,
              28.263217066666098
            ],
            [
              80.31049274203293,
              28.262811608622208
            ],
            [
              80.3111044812667,
              28.262442420390276
            ],
            [
              80.31148761902357,
              28.26200925612028
            ],
            [
              80.31159048331014,
              28.261613531166834
            ],
            [
              80.31126738894686,
              28.260772736074532
            ],
            [
              80.31106818843088,
              28.260027871837686
            ],
            [
              80.31108777978892,
              28.259531087854963
            ],
            [
              80.3112010771092,
              28.25916287336547
            ],
            [
              80.31152176488584,
              28.25871147400429
            ],
            [
              80.31162314066398,
              28.25838475961887
            ],
            [
              80.31148629939842,
              28.257667484992893
            ],
            [
              80.31138065572438,
              28.25695005599124
            ],
            [
              80.3113795750511,
              28.256517732675356
            ],
            [
              80.31161745612485,
              28.256112472285622
            ],
            [
              80.31179329056195,
              28.255845260894862
            ],
            [
              80.31232038783467,
              28.255463198986178
            ],
            [
              80.31273475372578,
              28.255094388063263
            ],
            [
              80.31274456332869,
              28.25487357091826
            ],
            [
              80.31259861314616,
              28.254616260916404
            ],
            [
              80.3123280998714,
              28.25440517162965
            ],
            [
              80.31215116320145,
              28.254230789698745
            ],
            [
              80.31216104197463,
              28.25403750362237
            ],
            [
              80.31237873161577,
              28.253889876939816
            ],
            [
              80.31257572766597,
              28.253797535877112
            ],
            [
              80.31264820464143,
              28.25368699506021
            ],
            [
              80.31264778961977,
              28.253521350978144
            ],
            [
              80.31273038971014,
              28.25335563621365
            ],
            [
              80.31284416134088,
              28.253180591044316
            ],
            [
              80.31305160030628,
              28.253078960358465
            ],
            [
              80.31341474964977,
              28.252995467650084
            ],
            [
              80.31394055604345,
              28.252642766931938
            ],
            [
              80.3141056924438,
              28.252246819668184
            ],
            [
              80.31407305934448,
              28.251676534677628
            ],
            [
              80.3136809402314,
              28.250090144337577
            ],
            [
              80.313654979818,
              28.249493688313606
            ],
            [
              80.31355458500016,
              28.249094040993437
            ],
            [
              80.31329360913877,
              28.248055164769315
            ],
            [
              80.3129169554216,
              28.247005960145028
            ],
            [
              80.31231767132925,
              28.246027853297445
            ],
            [
              80.31209210436141,
              28.245507038017983
            ],
            [
              80.31213249261658,
              28.245081966962996
            ],
            [
              80.31221345058663,
              28.244552932768457
            ],
            [
              80.31227811581236,
              28.244097345393282
            ],
            [
              80.31218373521534,
              28.243115763086212
            ],
            [
              80.31205778692093,
              28.24264614171
            ],
            [
              80.31173203983262,
              28.241762196689375
            ],
            [
              80.31148954141828,
              28.24113862719871
            ],
            [
              80.31133910415093,
              28.240779086094093
            ],
            [
              80.31112290391653,
              28.2405594422146
            ],
            [
              80.3110066574272,
              28.24048625228442
            ],
            [
              80.31069340320953,
              28.240493198298473
            ],
            [
              80.31049486385362,
              28.24058186934715
            ],
            [
              80.31028833937319,
              28.240751316354633
            ],
            [
              80.31013929629113,
              28.24082520806206
            ],
            [
              80.30995665442083,
              28.240722779754467
            ],
            [
              80.30977356159626,
              28.24048104415851
            ],
            [
              80.30964849005757,
              28.24027571907273
            ],
            [
              80.30953150694968,
              28.23998961862645
            ],
            [
              80.30948926367344,
              28.239754674692225
            ],
            [
              80.30962067282648,
              28.239423856604898
            ],
            [
              80.3099096851079,
              28.239129349224704
            ],
            [
              80.31001698707196,
              28.238982121345884
            ],
            [
              80.31004054808523,
              28.238622147198736
            ],
            [
              80.30984800498385,
              28.23807923294312
            ],
            [
              80.3093651407557,
              28.237426848025148
            ],
            [
              80.30923290694923,
              28.237298534124612
            ],
            [
              80.3092489266057,
              28.23711486706105
            ],
            [
              80.30942194841762,
              28.236850043251327
            ],
            [
              80.30953722292985,
              28.23665874932567
            ],
            [
              80.30955299375296,
              28.236416440239484
            ],
            [
              80.30945286214151,
              28.236196291157487
            ],
            [
              80.30918709736135,
              28.236042814126805
            ],
            [
              80.30888807964426,
              28.235852602211356
            ],
            [
              80.30839002759963,
              28.235589540936676
            ],
            [
              80.30813414967746,
              28.23541016362511
            ],
            [
              80.30802585776996,
              28.235241512224167
            ],
            [
              80.30806641131517,
              28.23496226313445
            ],
            [
              80.30823012119083,
              28.234411036034533
            ],
            [
              80.30870060932934,
              28.23388096278831
            ],
            [
              80.30902927684065,
              28.23353654538261
            ],
            [
              80.30923609686683,
              28.233447856606702
            ],
            [
              80.3094514913124,
              28.23343257072545
            ],
            [
              80.30988247513794,
              28.23343879619646
            ],
            [
              80.3102219188394,
              28.23338646613903
            ],
            [
              80.31036264442024,
              28.2333052476547
            ],
            [
              80.31053587014974,
              28.233084471662092
            ],
            [
              80.31054366033986,
              28.232966896391922
            ],
            [
              80.31043499024165,
              28.232688120174267
            ],
            [
              80.31025228279432,
              28.232346898745107
            ],
            [
              80.31009414516832,
              28.232134386675465
            ],
            [
              80.31001049225245,
              28.231914295240554
            ],
            [
              80.30995140466632,
              28.23161330490971
            ],
            [
              80.30993406987628,
              28.231392992375447
            ],
            [
              80.30980945019016,
              28.231283200007713
            ],
            [
              80.30970993841626,
              28.231268801830655
            ],
            [
              80.30949452869935,
              28.23127674726294
            ],
            [
              80.30894797840911,
              28.231381055640593
            ],
            [
              80.3083268850183,
              28.231470914321953
            ],
            [
              80.30799513538726,
              28.231405665162622
            ],
            [
              80.30751422140158,
              28.23131886223876
            ],
            [
              80.30683461624476,
              28.231254651377633
            ],
            [
              80.30617193534785,
              28.231329805703126
            ],
            [
              80.3053684866493,
              28.23142743810285
            ],
            [
              80.30502296404832,
              28.23140782029611
            ],
            [
              80.30487372782848,
              28.231356804642424
            ],
            [
              80.30477384325371,
              28.231232277686388
            ],
            [
              80.30471526321573,
              28.231048844741373
            ],
            [
              80.30451574469619,
              28.230902390839965
            ],
            [
              80.30401786602638,
              28.23069823213723
            ],
            [
              80.30371913127863,
              28.230530033128428
            ],
            [
              80.30336242734731,
              28.230428205154883
            ],
            [
              80.3031220803981,
              28.23040682061911
            ],
            [
              80.30293933701816,
              28.230297134084413
            ],
            [
              80.30289767495191,
              28.230209112195112
            ],
            [
              80.30295502968785,
              28.230018023225448
            ],
            [
              80.30327740809388,
              28.229811468642087
            ],
            [
              80.3036678365776,
              28.229551555977253
            ],
            [
              80.30394067020075,
              28.22938180467038
            ],
            [
              80.30412254580813,
              28.229263804257915
            ],
            [
              80.30422974356759,
              28.22911666961494
            ],
            [
              80.3042209921801,
              28.228969757964677
            ],
            [
              80.30413733387434,
              28.22874241325548
            ],
            [
              80.30403695432784,
              28.228456181365697
            ],
            [
              80.30401947311242,
              28.228213932801086
            ],
            [
              80.30402664526166,
              28.227883351993086
            ],
            [
              80.30412505390439,
              28.22757462303584
            ],
            [
              80.30435567209906,
              28.227177445350804
            ],
            [
              80.30448737230627,
              28.226923714922464
            ],
            [
              80.30450318714684,
              28.226695902833097
            ],
            [
              80.30422035257963,
              28.22637358604976
            ],
            [
              80.30368850411735,
              28.22595639171322
            ],
            [
              80.30314854207143,
              28.22552452768442
            ],
            [
              80.30289911764628,
              28.225260787961556
            ],
            [
              80.30267556290467,
              28.22481179771238
            ],
            [
              80.3026502340069,
              28.224665008360645
            ],
            [
              80.30257517078175,
              28.22451831299635
            ],
            [
              80.3024913965933,
              28.224283532874257
            ],
            [
              80.3023331035588,
              28.22399750036044
            ],
            [
              80.30205068940313,
              28.223799897207666
            ],
            [
              80.3017518549424,
              28.223668586084063
            ],
            [
              80.30145323158575,
              28.223581234680815
            ],
            [
              80.30108857486923,
              28.223523465254853
            ],
            [
              80.30064118600995,
              28.223531931288388
            ],
            [
              80.3002686124408,
              28.2236285386881
            ],
            [
              80.29984649408881,
              28.223761766112133
            ],
            [
              80.29959795809745,
              28.223777101660755
            ],
            [
              80.29939892556648,
              28.223696899289514
            ],
            [
              80.29918433960466,
              28.223566893245277
            ],
            [
              80.29901804707254,
              28.223398342646703
            ],
            [
              80.29890974528357,
              28.22321499913493
            ],
            [
              80.29883449610718,
              28.223031683802922
            ],
            [
              80.29873434383445,
              28.222833641152306
            ],
            [
              80.29872563376945,
              28.222701504076184
            ],
            [
              80.29887424206692,
              28.22253951936375
            ],
            [
              80.29898985344734,
              28.222443764239237
            ],
            [
              80.2991219354385,
              28.222259691678058
            ],
            [
              80.29913781136455,
              28.222053995924316
            ],
            [
              80.29912056820264,
              28.22186304670214
            ],
            [
              80.29897830560438,
              28.221474284675214
            ],
            [
              80.29868626240717,
              28.22084342770338
            ],
            [
              80.29841325271425,
              28.220458306990334
            ],
            [
              80.29802255293929,
              28.220077535189567
            ],
            [
              80.29768197197066,
              28.219814047175852
            ],
            [
              80.2973246769479,
              28.219535904666674
            ],
            [
              80.29705047968214,
              28.219301567934114
            ],
            [
              80.29687569807058,
              28.219045018291613
            ],
            [
              80.29668526062024,
              28.218696998160723
            ],
            [
              80.29655148979633,
              28.21834483470183
            ],
            [
              80.2965418248222,
              28.217940859626868
            ],
            [
              80.29663999990295,
              28.217573395231305
            ],
            [
              80.29685429031902,
              28.217235081170067
            ],
            [
              80.29723466665472,
              28.217028335623176
            ],
            [
              80.29773968603276,
              28.216909460334243
            ],
            [
              80.29797172266724,
              28.21684542365622
            ],
            [
              80.29825278755337,
              28.216661073102564
            ],
            [
              80.29837624392117,
              28.216425713689087
            ],
            [
              80.2985152106007,
              28.21587443676737
            ],
            [
              80.2985714640021,
              28.21535286638113
            ],
            [
              80.29861171661163,
              28.214855829210247
            ],
            [
              80.29866839042462,
              28.214466413154106
            ],
            [
              80.29885741572332,
              28.214010486766
            ],
            [
              80.2992698870675,
              28.213497605249017
            ],
            [
              80.2997569625977,
              28.212989537315412
            ],
            [
              80.29997141201558,
              28.212724543614517
            ],
            [
              80.30010243399471,
              28.212449979651264
            ],
            [
              80.30014282224988,
              28.212141355675307
            ],
            [
              80.30008354062765,
              28.211788957655948
            ],
            [
              80.29999960384413,
              28.21148075131962
            ],
            [
              80.30014738928479,
              28.211069043198716
            ],
            [
              80.3004114221131,
              28.210745127685524
            ],
            [
              80.3006422109877,
              28.210384655372966
            ],
            [
              80.30074876465511,
              28.210061219877044
            ],
            [
              80.30078059016901,
              28.209725536306742
            ],
            [
              80.30074618738858,
              28.209336380194227
            ],
            [
              80.3007687413904,
              28.20893702182154
            ],
            [
              80.30100720008089,
              28.208407574124266
            ],
            [
              80.30131961796704,
              28.207745645234237
            ],
            [
              80.30144235298766,
              28.207260560383435
            ],
            [
              80.30148285982045,
              28.207003418169077
            ],
            [
              80.30144907508095,
              28.206827273368418
            ],
            [
              80.30134914199716,
              28.206673279128047
            ],
            [
              80.30109187617789,
              28.206534450113168
            ],
            [
              80.30087596520103,
              28.20640279397649
            ],
            [
              80.30054451291235,
              28.206389012298835
            ],
            [
              80.29993175588736,
              28.206449366201536
            ],
            [
              80.29917787622622,
              28.206458680644133
            ],
            [
              80.2984813818437,
              28.20629167365791
            ],
            [
              80.29813534181311,
              28.20615576135066
            ],
            [
              80.29782814313877,
              28.205972969300284
            ],
            [
              80.29768705463854,
              28.20589256197846
            ],
            [
              80.29762038437313,
              28.205782554974395
            ],
            [
              80.29765303004885,
              28.205613625604524
            ],
            [
              80.2977932786243,
              28.205429535906884
            ],
            [
              80.29781744510204,
              28.20526787173656
            ],
            [
              80.29769256670113,
              28.20507730415696
            ],
            [
              80.2975259687418,
              28.204769339700256
            ],
            [
              80.29730321170419,
              28.204501310191848
            ],
            [
              80.2968631162667,
              28.20419404073318
            ],
            [
              80.29631533258961,
              28.20390908806321
            ],
            [
              80.2960161001752,
              28.203630737089995
            ],
            [
              80.29596572894229,
              28.203403226010863
            ],
            [
              80.29614660023314,
              28.2030061389142
            ],
            [
              80.29617918302682,
              28.20281041037808
            ],
            [
              80.29650797989555,
              28.20206044129566
            ],
            [
              80.29675513158301,
              28.201655795035514
            ],
            [
              80.2970759963278,
              28.201144549975186
            ],
            [
              80.29731570996472,
              28.200967614917058
            ],
            [
              80.2976633229454,
              28.200900607791652
            ],
            [
              80.29801095029906,
              28.200796891106698
            ],
            [
              80.29828362222547,
              28.20058318175555
            ],
            [
              80.2984148085963,
              28.200208210243915
            ],
            [
              80.2985293482866,
              28.19975994039337
            ],
            [
              80.29862764284331,
              28.199407055806365
            ],
            [
              80.29879992983334,
              28.19915122473684
            ],
            [
              80.29903977911589,
              28.19903293203194
            ],
            [
              80.2992632278563,
              28.198944314348225
            ],
            [
              80.2994697846761,
              28.19876743660757
            ],
            [
              80.29949401583258,
              28.19859108663725
            ],
            [
              80.29940816743412,
              28.198258741256616
            ],
            [
              80.29936552171264,
              28.197928423187314
            ],
            [
              80.29938887521509,
              28.19747288936148
            ],
            [
              80.29958623059142,
              28.197046486159653
            ],
            [
              80.29977542118014,
              28.196627258138204
            ],
            [
              80.29980722243954,
              28.196282022266367
            ],
            [
              80.29985587519529,
              28.195966032147044
            ],
            [
              80.3000456038749,
              28.19568648715276
            ],
            [
              80.3002677482615,
              28.19544606913223
            ],
            [
              80.30054856700922,
              28.195180850609226
            ],
            [
              80.30070576230247,
              28.195114382186595
            ],
            [
              80.30085486467333,
              28.195128692606954
            ],
            [
              80.3009795068173,
              28.195223814298597
            ],
            [
              80.30100467132335,
              28.19534867539395
            ],
            [
              80.30106357834812,
              28.19559085600457
            ],
            [
              80.30108099937644,
              28.195855232704492
            ],
            [
              80.30119765280259,
              28.196031134326887
            ],
            [
              80.30129705138877,
              28.1960528796448
            ],
            [
              80.30142957714772,
              28.19602316806247
            ],
            [
              80.3017764687812,
              28.195750480303374
            ],
            [
              80.3019993956004,
              28.195492805269176
            ],
            [
              80.30198237881399,
              28.19535333468265
            ],
            [
              80.3018988552555,
              28.19516993827591
            ],
            [
              80.30183197658091,
              28.195015787890547
            ],
            [
              80.30178172212896,
              28.19483976108767
            ],
            [
              80.3018642952699,
              28.19475874921714
            ],
            [
              80.30202164956494,
              28.19475835731218
            ],
            [
              80.3022708332416,
              28.19494859731134
            ],
            [
              80.30247029426897,
              28.195139023027068
            ],
            [
              80.30264994744434,
              28.195277448818487
            ],
            [
              80.30281578093735,
              28.195313844334557
            ],
            [
              80.3029647422727,
              28.19526932336145
            ],
            [
              80.30303063190217,
              28.19514428799404
            ],
            [
              80.3030635533607,
              28.195092829858567
            ],
            [
              80.3031378197802,
              28.19500439812998
            ],
            [
              80.30325368358722,
              28.194982058804598
            ],
            [
              80.3037759101945,
              28.19507623293209
            ],
            [
              80.30404926843376,
              28.195068093208732
            ],
            [
              80.30410697890255,
              28.19498712584791
            ],
            [
              80.30412295094831,
              28.194825567804163
            ],
            [
              80.30412240028103,
              28.194641921097467
            ],
            [
              80.30411905944648,
              28.194461400614657
            ],
            [
              80.30425116030229,
              28.194343489082947
            ],
            [
              80.30433397868329,
              28.194321212166155
            ],
            [
              80.30448304512151,
              28.19432083530246
            ],
            [
              80.30459920896587,
              28.1943792578669
            ],
            [
              80.30465759317113,
              28.19448927898636
            ],
            [
              80.30474099905031,
              28.194665331701767
            ],
            [
              80.30480795318337,
              28.19484875905997
            ],
            [
              80.30487466027974,
              28.194973447997324
            ],
            [
              80.30499068578355,
              28.195017186869112
            ],
            [
              80.30511499465256,
              28.195016855927946
            ],
            [
              80.30529717478882,
              28.195001730015438
            ],
            [
              80.30538854513128,
              28.195045516379132
            ],
            [
              80.30545483001947,
              28.19508200777291
            ],
            [
              80.30548808744793,
              28.1951259967852
            ],
            [
              80.30549669420665,
              28.195214087180208
            ],
            [
              80.3054065240134,
              28.19544939436501
            ],
            [
              80.30527469265219,
              28.195677439372567
            ],
            [
              80.30520058792946,
              28.195831952202774
            ],
            [
              80.30526741719669,
              28.19596389134089
            ],
            [
              80.30532578433397,
              28.196066661072212
            ],
            [
              80.30545834961877,
              28.196095592009204
            ],
            [
              80.3055992342014,
              28.19609522861098
            ],
            [
              80.30594675555389,
              28.195998744356533
            ],
            [
              80.30634380372295,
              28.19582148963251
            ],
            [
              80.30647588571411,
              28.195696234812846
            ],
            [
              80.30668262668854,
              28.195600203854315
            ],
            [
              80.3068403331232,
              28.19565854417222
            ],
            [
              80.3069977251475,
              28.19567274130372
            ],
            [
              80.3071209452584,
              28.195356605289433
            ],
            [
              80.30720305486862,
              28.195172800358648
            ],
            [
              80.30740118010115,
              28.194944533382802
            ],
            [
              80.30810198639702,
              28.19494932332387
            ],
            [
              80.30874826136187,
              28.1950209380634
            ],
            [
              80.30913706479328,
              28.19482166775838
            ],
            [
              80.30958383201836,
              28.194688179382535
            ],
            [
              80.30990606579563,
              28.194422863971255
            ],
            [
              80.3101291255655,
              28.19426805933046
            ],
            [
              80.31029467608921,
              28.194230840057923
            ],
            [
              80.31050207642706,
              28.194318449818635
            ],
            [
              80.31067617981059,
              28.19434738677097
            ],
            [
              80.31077104909112,
              28.194339767158898
            ],
            [
              80.31086195859787,
              28.19428076027559
            ],
            [
              80.31097731395845,
              28.194096795148237
            ],
            [
              80.31113439157237,
              28.19398626216529
            ],
            [
              80.31125004068207,
              28.19391977162294
            ],
            [
              80.31132426488074,
              28.19381674330537
            ],
            [
              80.31137328594579,
              28.1936183163289
            ],
            [
              80.31135633204143,
              28.193508215139246
            ],
            [
              80.31145540633581,
              28.193441850185692
            ],
            [
              80.31164568568266,
              28.193353094062168
            ],
            [
              80.31186066959813,
              28.193242447091535
            ],
            [
              80.31201696028792,
              28.193025177221333
            ],
            [
              80.31207418207319,
              28.192834167392963
            ],
            [
              80.31210653399982,
              28.19259896766987
            ],
            [
              80.31209752569417,
              28.192393404021345
            ],
            [
              80.31197231311997,
              28.192114643804913
            ],
            [
              80.31178911159924,
              28.19184334113532
            ],
            [
              80.31166429787703,
              28.191682057035663
            ],
            [
              80.3115975692211,
              28.19155011894591
            ],
            [
              80.3115636991416,
              28.191344511317467
            ],
            [
              80.31156326525534,
              28.191212351911847
            ],
            [
              80.31161209138598,
              28.19081256238112
            ],
            [
              80.31161978635468,
              28.19065826794573
            ],
            [
              80.31148663267338,
              28.19047506538162
            ],
            [
              80.31131236759312,
              28.190379956882637
            ],
            [
              80.31115470337929,
              28.19033639505102
            ],
            [
              80.3109724567677,
              28.190322159998008
            ],
            [
              80.31082310825846,
              28.19024912169177
            ],
            [
              80.31071487204649,
              28.190087804308057
            ],
            [
              80.31072258587986,
              28.18994094268846
            ],
            [
              80.31082977285956,
              28.189764335082643
            ],
            [
              80.31106901937254,
              28.189499270315952
            ],
            [
              80.31117585061938,
              28.189263924695723
            ],
            [
              80.31116684321202,
              28.189058266747384
            ],
            [
              80.3110087208574,
              28.188831057979915
            ],
            [
              80.31051886144814,
              28.188248122047394
            ],
            [
              80.31024417100731,
              28.18788163629273
            ],
            [
              80.31013596803301,
              28.187690948237403
            ],
            [
              80.31011850029232,
              28.187455938310457
            ],
            [
              80.31008450624533,
              28.187199023979204
            ],
            [
              80.30997636435649,
              28.18707450729165
            ],
            [
              80.30983536209453,
              28.18702347916926
            ],
            [
              80.30962820699678,
              28.186987262940914
            ],
            [
              80.30933094728272,
              28.18687330288457
            ],
            [
              80.3090980743167,
              28.186616867768258
            ],
            [
              80.30896467898857,
              28.186374830726006
            ],
            [
              80.30897200025812,
              28.186110402073606
            ],
            [
              80.30911195598277,
              28.185823595897187
            ],
            [
              80.30947537571916,
              28.185550855989188
            ],
            [
              80.30961537635957,
              28.18532480687666
            ],
            [
              80.30963100075729,
              28.185067611878384
            ],
            [
              80.3094231108376,
              28.18481846887598
            ],
            [
              80.30919953094318,
              28.184756771738932
            ],
            [
              80.30883497124469,
              28.184735729618154
            ],
            [
              80.30831265929748,
              28.184590357153205
            ],
            [
              80.30763887073209,
              28.184178565217127
            ],
            [
              80.30724937919122,
              28.183748601269915
            ],
            [
              80.30642720241562,
              28.183097088765
            ],
            [
              80.30569652533994,
              28.18258490135429
            ],
            [
              80.30507771905984,
              28.182156012625825
            ],
            [
              80.30482019901734,
              28.181936514207695
            ],
            [
              80.30468669139981,
              28.181643076392742
            ],
            [
              80.30469364705503,
              28.181268419306033
            ],
            [
              80.30478344893905,
              28.180886259902085
            ],
            [
              80.30483178908112,
              28.180491975380423
            ],
            [
              80.30474686864238,
              28.17990465709108
            ],
            [
              80.30469443757252,
              28.17904900389525
            ],
            [
              80.30454225218357,
              28.178145999139627
            ],
            [
              80.3043500908662,
              28.177669020762583
            ],
            [
              80.30413315311498,
              28.17722476217179
            ],
            [
              80.30395984923209,
              28.176961318929305
            ],
            [
              80.3032132989253,
              28.176632705654704
            ],
            [
              80.30230196884935,
              28.17656175326412
            ],
            [
              80.30178823221983,
              28.17651904338962
            ],
            [
              80.30124933557583,
              28.176351558846868
            ],
            [
              80.30062782626504,
              28.17624305923841
            ],
            [
              80.30013867023666,
              28.17612678102863
            ],
            [
              80.29964544304339,
              28.175783170384204
            ],
            [
              80.29945979541014,
              28.175506712379946
            ],
            [
              80.29931772594965,
              28.175176571074346
            ],
            [
              80.29919179023162,
              28.174662837998873
            ],
            [
              80.29898376466635,
              28.1743842176476
            ],
            [
              80.29839593678884,
              28.173802610925804
            ],
            [
              80.29807158208921,
              28.173428848128122
            ],
            [
              80.29791303213649,
              28.17304733936057
            ],
            [
              80.29786202579467,
              28.17268031212204
            ],
            [
              80.29792656525623,
              28.172165943837413
            ],
            [
              80.29804844777568,
              28.171420457312585
            ],
            [
              80.29800480133098,
              28.170752283260907
            ],
            [
              80.29811075043222,
              28.170230494232058
            ],
            [
              80.2982499291141,
              28.169789316962753
            ],
            [
              80.29838991538146,
              28.169512151335578
            ],
            [
              80.298694732622,
              28.169041291619884
            ],
            [
              80.29908240417612,
              28.168570091681765
            ],
            [
              80.29951034361117,
              28.16791965876921
            ],
            [
              80.2999474916762,
              28.16739696579702
            ],
            [
              80.30006232870886,
              28.16704403378661
            ],
            [
              80.30012749070295,
              28.16675002689611
            ],
            [
              80.3001432875772,
              28.166514944819298
            ],
            [
              80.29979336502795,
              28.165666719062244
            ],
            [
              80.29936073908206,
              28.165095003091277
            ],
            [
              80.29915187269367,
              28.1645447071317
            ],
            [
              80.29904426440409,
              28.164284066271456
            ],
            [
              80.29869491767494,
              28.1638442638707
            ],
            [
              80.29852000131608,
              28.163543640089035
            ],
            [
              80.29828646000347,
              28.16306681439602
            ],
            [
              80.29796188791153,
              28.162590342170958
            ],
            [
              80.2978212323993,
              28.16245339226593
            ],
            [
              80.29749777870988,
              28.16227061735906
            ],
            [
              80.29731538477459,
              28.162219654223957
            ],
            [
              80.29705833814425,
              28.162132206654547
            ],
            [
              80.29686762311448,
              28.16206657380841
            ],
            [
              80.29668524714552,
              28.162023041626735
            ],
            [
              80.29646958859523,
              28.161920739702545
            ],
            [
              80.29622257704494,
              28.161827861343898
            ],
            [
              80.29571772744855,
              28.1619247138095
            ],
            [
              80.2946763383874,
              28.162559118140233
            ],
            [
              80.29430492813657,
              28.162897933154024
            ],
            [
              80.29386676677191,
              28.16312682132715
            ],
            [
              80.293245744348,
              28.163194511037478
            ],
            [
              80.29220473257932,
              28.16320450795927
            ],
            [
              80.29073243604945,
              28.16377396269852
            ],
            [
              80.2895036000296,
              28.164339198053064
            ],
            [
              80.28833702803868,
              28.16469486329181
            ],
            [
              80.28795716194608,
              28.164791005160396
            ],
            [
              80.28755168218974,
              28.16487296789818
            ],
            [
              80.28693035793192,
              28.16485986511002
            ],
            [
              80.28613475961063,
              28.164678289365472
            ],
            [
              80.28549963004355,
              28.164651164285807
            ],
            [
              80.2846550169454,
              28.164682783681087
            ],
            [
              80.28359547922061,
              28.164839792379894
            ],
            [
              80.28242435007627,
              28.1651135528601
            ],
            [
              80.28153902892274,
              28.165372847769778
            ],
            [
              80.28121620764732,
              28.165417748652757
            ],
            [
              80.28006759297892,
              28.165714032078007
            ],
            [
              80.27994266157742,
              28.165516005153545
            ],
            [
              80.27987520708275,
              28.165178368132988
            ],
            [
              80.27967534630508,
              28.164818937200508
            ],
            [
              80.27936724212893,
              28.164312936115813
            ],
            [
              80.27870173513216,
              28.163389222363854
            ],
            [
              80.27821960662423,
              28.16281744195602
            ],
            [
              80.27731499864154,
              28.16161952683397
            ],
            [
              80.27665772380603,
              28.160658981795322
            ],
            [
              80.27629371028323,
              28.160055688805837
            ],
            [
              80.2760687793226,
              28.159637646303533
            ],
            [
              80.27571089500499,
              28.159087666007316
            ],
            [
              80.2750880849337,
              28.15857504129907
            ],
            [
              80.2741174615574,
              28.158034009884958
            ],
            [
              80.27368109592497,
              28.1576273413495
            ],
            [
              80.27350705183026,
              28.15759836278147
            ],
            [
              80.27316764585802,
              28.157628683793018
            ],
            [
              80.27261339880246,
              28.157821003898892
            ],
            [
              80.27216653994923,
              28.157917590710206
            ],
            [
              80.27137154170255,
              28.15793428131548
            ],
            [
              80.2707351284429,
              28.158347195163465
            ],
            [
              80.26969613698529,
              28.159081938326253
            ],
            [
              80.26935710201728,
              28.159236982394216
            ],
            [
              80.26873581638698,
              28.15917975396122
            ],
            [
              80.2682516388219,
              28.159311637737613
            ],
            [
              80.26768899611166,
              28.1594598980914
            ],
            [
              80.26730706299558,
              28.159122966636595
            ],
            [
              80.26679407286608,
              28.15929316933011
            ],
            [
              80.26654427294511,
              28.158853124662148
            ],
            [
              80.26508714536718,
              28.15898883337045
            ],
            [
              80.26359321381202,
              28.159353583875532
            ],
            [
              80.26246712619601,
              28.159422360996885
            ],
            [
              80.26180511903559,
              28.15960031835605
            ],
            [
              80.26126759501734,
              28.159829374354533
            ],
            [
              80.26033211283665,
              28.15908242777688
            ],
            [
              80.25990153684626,
              28.159098094155894
            ],
            [
              80.2593141527365,
              28.15930519727784
            ],
            [
              80.25872739834573,
              28.159666492057656
            ],
            [
              80.25721197459741,
              28.16081999509668
            ],
            [
              80.25645315689712,
              28.161820728060853
            ],
            [
              80.25600854922196,
              28.16267391586659
            ],
            [
              80.25520927858781,
              28.163604034020203
            ],
            [
              80.25516024135308,
              28.163831823823912
            ],
            [
              80.25521897140973,
              28.164088718258018
            ],
            [
              80.25531063190806,
              28.164242764339846
            ],
            [
              80.25523679757823,
              28.164499962688748
            ],
            [
              80.2549979014082,
              28.164919236685346
            ],
            [
              80.25488266732019,
              28.165139790050535
            ],
            [
              80.25488526973956,
              28.16575407900576
            ],
            [
              80.25474525562441,
              28.166011566740156
            ],
            [
              80.25424201221574,
              28.16666640728373
            ],
            [
              80.25359951825992,
              28.167449869069436
            ],
            [
              80.25346796357982,
              28.167795361172733
            ],
            [
              80.2533017483028,
              28.16759747114392
            ],
            [
              80.25315168832788,
              28.167296575978707
            ],
            [
              80.25287740662047,
              28.16697412672329
            ],
            [
              80.25271962742227,
              28.166798250157242
            ],
            [
              80.25218847156108,
              28.1664616142308
            ],
            [
              80.25166542658859,
              28.166036854966492
            ],
            [
              80.25113346314195,
              28.165399083312778
            ],
            [
              80.24969165543284,
              28.163870992385
            ],
            [
              80.24915146880811,
              28.163255251252366
            ],
            [
              80.24841312820473,
              28.162922605969015
            ],
            [
              80.24815761320193,
              28.16281929277511
            ],
            [
              80.24815472960988,
              28.162817559958597
            ],
            [
              80.24788957298915,
              28.162592445630928
            ],
            [
              80.24788778983331,
              28.162590418991602
            ],
            [
              80.24692982192275,
              28.16112130762843
            ],
            [
              80.24692959285234,
              28.16112094173541
            ],
            [
              80.24612354442937,
              28.160008591084264
            ],
            [
              80.24612220324468,
              28.16000585477791
            ],
            [
              80.24586951883332,
              28.159116336879617
            ],
            [
              80.24586894570817,
              28.159114866152205
            ],
            [
              80.24470766659095,
              28.15679804067941
            ],
            [
              80.24395035895866,
              28.1552832390092
            ],
            [
              80.24395010114219,
              28.155282655290886
            ],
            [
              80.24394984602064,
              28.155282118301713
            ],
            [
              80.24368602609303,
              28.15447752570711
            ],
            [
              80.24329222802866,
              28.15327665167034
            ],
            [
              80.24329213011232,
              28.15327633089646
            ],
            [
              80.24258355338924,
              28.150781548329903
            ],
            [
              80.24258170196146,
              28.15077817893756
            ],
            [
              80.2425816768086,
              28.15077814091903
            ],
            [
              80.24238524040881,
              28.150553532740986
            ],
            [
              80.24172638992829,
              28.149800207933055
            ],
            [
              80.24172544939219,
              28.149798833708964
            ],
            [
              80.24101937986707,
              28.148596624045723
            ],
            [
              80.24101906815169,
              28.148596074349907
            ],
            [
              80.23905191757957,
              28.145700057868975
            ],
            [
              80.2381453773207,
              28.1443655999622
            ],
            [
              80.23814390498195,
              28.14436062636509
            ],
            [
              80.23819123901092,
              28.14284672284332
            ],
            [
              80.23819124170588,
              28.142846588184373
            ],
            [
              80.23819124260417,
              28.142846452733327
            ],
            [
              80.2381891162919,
              28.141732311344597
            ],
            [
              80.23818911898684,
              28.141732254311997
            ],
            [
              80.23818921420826,
              28.141730766711266
            ],
            [
              80.2383882566207,
              28.140705689255753
            ],
            [
              80.23838834106236,
              28.1407049589144
            ],
            [
              80.23853648133753,
              28.139278686285973
            ],
            [
              80.23853646786282,
              28.139276832683535
            ],
            [
              80.23851103655711,
              28.13907724703951
            ],
            [
              80.23848559536995,
              28.13887756121394
            ],
            [
              80.2384856968796,
              28.13887516815668
            ],
            [
              80.23883365391501,
              28.136868838969257
            ],
            [
              80.23883375183136,
              28.136868359715105
            ],
            [
              80.23923276371764,
              28.13517363234912
            ],
            [
              80.239232861634,
              28.135172997822433
            ],
            [
              80.23923291193967,
              28.135172355374042
            ],
            [
              80.23928175423994,
              28.134505002322626
            ],
            [
              80.2392817623248,
              28.134504957168765
            ],
            [
              80.2392821548886,
              28.134502888804786
            ],
            [
              80.23959852266704,
              28.133579245837833
            ],
            [
              80.23983163099169,
              28.13289859237792
            ],
            [
              80.2398320783527,
              28.132895903702103
            ],
            [
              80.23983097162827,
              28.132320316388828
            ],
            [
              80.23983097881478,
              28.13232027361062
            ],
            [
              80.23983282844594,
              28.132315000006713
            ],
            [
              80.24088425618038,
              28.13097819364634
            ],
            [
              80.24088519491984,
              28.130977174086013
            ],
            [
              80.24088522007267,
              28.13097714477465
            ],
            [
              80.24183860837189,
              28.130084026798688
            ],
            [
              80.2427398566554,
              28.12923746523637
            ],
            [
              80.24274146823304,
              28.129234329661116
            ],
            [
              80.2427425893305,
              28.129232063142407
            ],
            [
              80.24277636598521,
              28.12892769562492
            ],
            [
              80.24279172807486,
              28.128789195082422
            ],
            [
              80.24279173436308,
              28.12878884492324
            ],
            [
              80.24289065504553,
              28.128121883877505
            ],
            [
              80.24289230704736,
              28.128117915646065
            ],
            [
              80.2439434616939,
              28.12673679185374
            ],
            [
              80.24394348774506,
              28.126736750657766
            ],
            [
              80.24394495110066,
              28.1267337227527
            ],
            [
              80.24444311902796,
              28.124818932767795
            ],
            [
              80.24444291960197,
              28.124814195936693
            ],
            [
              80.24444291241545,
              28.12481415632444
            ],
            [
              80.24393801341171,
              28.123345703239895
            ],
            [
              80.2439376891199,
              28.123344968818976
            ],
            [
              80.24314846793881,
              28.121588641058516
            ],
            [
              80.24277619979688,
              28.120760198273988
            ],
            [
              80.24277600126919,
              28.120759817189878
            ],
            [
              80.24206969638546,
              28.119379057326366
            ],
            [
              80.24206879357861,
              28.11937765260525
            ],
            [
              80.2404057415948,
              28.117239994342295
            ],
            [
              80.24040569398409,
              28.117239933335146
            ],
            [
              80.24040527626751,
              28.117239435770323
            ],
            [
              80.23928577509916,
              28.11601327607973
            ],
            [
              80.23925392802572,
              28.11597839384455
            ],
            [
              80.23925683317734,
              28.115964679749553
            ],
            [
              80.23994797899064,
              28.11561299885695
            ],
            [
              80.23995183006826,
              28.115611854757375
            ],
            [
              80.240750905768,
              28.115522016756607
            ],
            [
              80.24075668193528,
              28.11551962634708
            ],
            [
              80.2413549132021,
              28.11503157364645
            ],
            [
              80.24135762970752,
              28.115027924234223
            ],
            [
              80.24135765036878,
              28.11502788778764
            ],
            [
              80.24160592225543,
              28.114407783024017
            ],
            [
              80.24160932687036,
              28.11440356232664
            ],
            [
              80.24245979339085,
              28.113824642232046
            ],
            [
              80.24246161158102,
              28.11382311938159
            ],
            [
              80.24246165380181,
              28.113823078972953
            ],
            [
              80.24366318732527,
              28.112486216316867
            ],
            [
              80.24366540257074,
              28.112481120012763
            ],
            [
              80.24381162134956,
              28.110574184391396
            ],
            [
              80.24381789877674,
              28.110568974690388
            ],
            [
              80.24382191783933,
              28.110565627803993
            ],
            [
              80.24440499273068,
              28.110564730071435
            ],
            [
              80.24441527035584,
              28.110555171160442
            ],
            [
              80.24436368909224,
              28.109542897947787
            ],
            [
              80.24436308362773,
              28.10954179736312
            ],
            [
              80.24436002216925,
              28.10953628017721
            ],
            [
              80.24371014136685,
              28.109050184320385
            ],
            [
              80.24371010633253,
              28.10905015262593
            ],
            [
              80.24370982156661,
              28.109049861037
            ],
            [
              80.24370785964602,
              28.109047892811752
            ],
            [
              80.2433436565787,
              28.108511560385658
            ],
            [
              80.24310487090145,
              28.108159945382994
            ],
            [
              80.24310338868123,
              28.10815574266421
            ],
            [
              80.24300008781344,
              28.106555242040358
            ],
            [
              80.24299782944884,
              28.10655003531367
            ],
            [
              80.24184431806385,
              28.10526445974009
            ],
            [
              80.24184272984242,
              28.105255549323555
            ],
            [
              80.24198925674337,
              28.10490734678116
            ],
            [
              80.24198926303158,
              28.104907306369174
            ],
            [
              80.24198862612603,
              28.10489973110326
            ],
            [
              80.2416393871947,
              28.1043267486421
            ],
            [
              80.2416345318006,
              28.104322735948216
            ],
            [
              80.2410896981909,
              28.104104005869452
            ],
            [
              80.24108364893577,
              28.104096486014654
            ],
            [
              80.24103348162042,
              28.10361614369871
            ],
            [
              80.241037383902,
              28.103608089731168
            ],
            [
              80.24103740096999,
              28.10360805011111
            ],
            [
              80.24536151974355,
              28.100592829290648
            ],
            [
              80.2483996202378,
              28.098511444153612
            ],
            [
              80.24979169361951,
              28.096833351030927
            ],
            [
              80.25104713594145,
              28.095482506840703
            ],
            [
              80.25209294112052,
              28.0941784299781
            ],
            [
              80.2532943425916,
              28.092083318991296
            ],
            [
              80.25381680186251,
              28.091198718931008
            ],
            [
              80.2539205078705,
              28.090686909860647
            ],
            [
              80.25397156272136,
              28.089989122075625
            ],
            [
              80.2534977130871,
              28.088966498032764
            ],
            [
              80.25297196059232,
              28.08822309300657
            ],
            [
              80.25281379871181,
              28.08775823836467
            ],
            [
              80.25281163107705,
              28.0866884076493
            ],
            [
              80.25233582670873,
              28.084689022633338
            ],
            [
              80.25214146182394,
              28.083258936123215
            ],
            [
              80.25179429889926,
              28.081808803311098
            ],
            [
              80.25138346159059,
              28.08070234570544
            ],
            [
              80.25086507258622,
              28.079634243049036
            ],
            [
              80.24965755089308,
              28.07816627162738
            ],
            [
              80.24839978912107,
              28.076401784694873
            ],
            [
              80.24640799506578,
              28.07416385290103
            ],
            [
              80.24640209043943,
              28.074160557192197
            ],
            [
              80.2459535939574,
              28.074072857058347
            ],
            [
              80.24595255819987,
              28.074072676341128
            ],
            [
              80.2442444036023,
              28.07389604333312
            ],
            [
              80.24423527941394,
              28.073887428338
            ],
            [
              80.24414007236687,
              28.07251443705894
            ],
            [
              80.24414007236687,
              28.07251406927819
            ],
            [
              80.24403794469885,
              28.07162309530877
            ],
            [
              80.24403752698224,
              28.07162144265954
            ],
            [
              80.24378539862809,
              28.07086535892271
            ],
            [
              80.24378425597105,
              28.070863249699403
            ],
            [
              80.24348265200429,
              28.070418972316237
            ],
            [
              80.24348223698263,
              28.07041842063437
            ],
            [
              80.24286707965923,
              28.069342714034917
            ],
            [
              80.24286687214838,
              28.06934234782862
            ],
            [
              80.24286666643421,
              28.069341981622316
            ],
            [
              80.24217037327432,
              28.067833308862678
            ],
            [
              80.24005073817432,
              28.063509712123253
            ],
            [
              80.2400504255606,
              28.06350916199131
            ],
            [
              80.2390923327842,
              28.061860322974937
            ],
            [
              80.23778496334727,
              28.059638462839953
            ],
            [
              80.23777284776902,
              28.05963389118951
            ],
            [
              80.23351305555633,
              28.060752593697377
            ],
            [
              80.23350746803528,
              28.060752694372542
            ],
            [
              80.23295712236298,
              28.06062040239159
            ],
            [
              80.23223598988719,
              28.060464031385884
            ],
            [
              80.23223257359416,
              28.060463850645778
            ],
            [
              80.23195198301855,
              28.06048803811031
            ],
            [
              80.23195094815932,
              28.060488039695745
            ],
            [
              80.23130130541048,
              28.060488989373887
            ],
            [
              80.23129529927449,
              28.060487345273327
            ],
            [
              80.23044506182435,
              28.059956539677483
            ],
            [
              80.2304390556884,
              28.059954896361518
            ],
            [
              80.22974523020059,
              28.059955903120464
            ],
            [
              80.22973582214462,
              28.059961239735404
            ],
            [
              80.22938821455388,
              28.060625238768058
            ],
            [
              80.22938780312546,
              28.06062597361824
            ],
            [
              80.22888968909706,
              28.061380146827855
            ],
            [
              80.22888079757234,
              28.06138465815782
            ],
            [
              80.22818510089382,
              28.061385660939827
            ],
            [
              80.22818096325362,
              28.06138640133377
            ],
            [
              80.22748916077188,
              28.061650754946434
            ],
            [
              80.22748369901495,
              28.0616627882998
            ],
            [
              80.22763036425644,
              28.06196504064476
            ],
            [
              80.2276320252414,
              28.061967517066858
            ],
            [
              80.22798347941821,
              28.062322714201922
            ],
            [
              80.22798357733457,
              28.062322807741264
            ],
            [
              80.22798367525095,
              28.062322905244113
            ],
            [
              80.22848052984133,
              28.062850188275366
            ],
            [
              80.22847900180703,
              28.06286322584802
            ],
            [
              80.2282390303536,
              28.063034126741822
            ],
            [
              80.22823261817912,
              28.063036155263315
            ],
            [
              80.22748372057451,
              28.06303723175107
            ],
            [
              80.22748072020146,
              28.063036868694077
            ],
            [
              80.22617879455514,
              28.06268339329303
            ],
            [
              80.22617072498895,
              28.062684139227
            ],
            [
              80.22537287998112,
              28.06308384809946
            ],
            [
              80.22536957328256,
              28.06308642437605
            ],
            [
              80.22481911711748,
              28.063754828135572
            ],
            [
              80.22426896278635,
              28.064422770355463
            ],
            [
              80.22426710776533,
              28.064426995396403
            ],
            [
              80.22416813318391,
              28.06509310471272
            ],
            [
              80.2241681367772,
              28.065094941365416
            ],
            [
              80.22427057256736,
              28.066296107887865
            ],
            [
              80.2242697524055,
              28.06630033206246
            ],
            [
              80.22412314375788,
              28.066605203836744
            ],
            [
              80.22411363329394,
              28.066610816764896
            ],
            [
              80.2232247018113,
              28.066612072361263
            ],
            [
              80.22321433974449,
              28.066604099641125
            ],
            [
              80.2231141236914,
              28.06594433161407
            ],
            [
              80.2231141191998,
              28.06594176174742
            ],
            [
              80.22321284943943,
              28.065366163179796
            ],
            [
              80.22321159628962,
              28.065360290186334
            ],
            [
              80.22296294172064,
              28.064964455713408
            ],
            [
              80.22295827856601,
              28.064960607219756
            ],
            [
              80.22210639270737,
              28.064606282041634
            ],
            [
              80.22210577107319,
              28.064606007771168
            ],
            [
              80.22129779217067,
              28.06420746268333
            ],
            [
              80.22054063455703,
              28.06316922032397
            ],
            [
              80.220540221332,
              28.063168670190255
            ],
            [
              80.21931161977244,
              28.06171974060515
            ],
            [
              80.21764192295046,
              28.059741197690737
            ],
            [
              80.2176415079288,
              28.059740648332212
            ],
            [
              80.21685552697095,
              28.05893411087664
            ],
            [
              80.2168523145955,
              28.058931912633266
            ],
            [
              80.21648116395777,
              28.058767923391933
            ],
            [
              80.21647205773574,
              28.058767843325967
            ],
            [
              80.21588152503088,
              28.059016953623445
            ],
            [
              80.21587759490151,
              28.059017877947195
            ],
            [
              80.21509741616212,
              28.059046659609166
            ],
            [
              80.21509058357606,
              28.059044650037897
            ],
            [
              80.21415047686827,
              28.058379306275125
            ],
            [
              80.21414819694411,
              28.05837710564221
            ],
            [
              80.21380332382506,
              28.057905560335474
            ],
            [
              80.21380135471796,
              28.057903634773186
            ],
            [
              80.2135510211977,
              28.057709917004956
            ],
            [
              80.21355008964478,
              28.057709275678196
            ],
            [
              80.21264009356702,
              28.057154034294843
            ],
            [
              80.21263667368072,
              28.05715045901831
            ],
            [
              80.21229142326926,
              28.056512392332433
            ],
            [
              80.21229007489802,
              28.0565105579113
            ],
            [
              80.21153508761412,
              28.055703491235246
            ],
            [
              80.2115345692862,
              28.055702941063345
            ],
            [
              80.21065604568443,
              28.05489777729249
            ],
            [
              80.21064900468922,
              28.054894940794032
            ],
            [
              80.20986772371694,
              28.05486825487357
            ],
            [
              80.2098664813469,
              28.054868255666346
            ],
            [
              80.20896563640694,
              28.05493480476811
            ],
            [
              80.20826350868929,
              28.054285356676626
            ],
            [
              80.20826195280722,
              28.054283339088688
            ],
            [
              80.20782129143115,
              28.053559831994548
            ],
            [
              80.20782108302197,
              28.05355928101889
            ],
            [
              80.20696981161099,
              28.051942583384008
            ],
            [
              80.206969395691,
              28.051941847681707
            ],
            [
              80.20504683389636,
              28.048959037633857
            ],
            [
              80.2050467305901,
              28.048958947254132
            ],
            [
              80.20438532979247,
              28.047872471161536
            ],
            [
              80.20438418893207,
              28.047870911699015
            ],
            [
              80.20363697477033,
              28.047072139650407
            ],
            [
              80.20363635223784,
              28.04707140629322
            ],
            [
              80.20218031880785,
              28.045140855916518
            ],
            [
              80.20217866141618,
              28.04513920603141
            ],
            [
              80.20147882619912,
              28.04457315837995
            ],
            [
              80.19836433476976,
              28.042005479152664
            ],
            [
              80.19836392064639,
              28.042005296795782
            ],
            [
              80.19682200737697,
              28.04083542439035
            ],
            [
              80.19682169655987,
              28.040835241238636
            ],
            [
              80.19502885059394,
              28.039359699897567
            ],
            [
              80.195025745118,
              28.039357960328886
            ],
            [
              80.19445917587169,
              28.039152202614776
            ],
            [
              80.19420972629368,
              28.038552334823144
            ],
            [
              80.19420723796036,
              28.038548941290838
            ],
            [
              80.19342212926665,
              28.037854073651236
            ],
            [
              80.19342140432622,
              28.03785352338798
            ],
            [
              80.19200592174649,
              28.036823252020294
            ],
            [
              80.19200530011233,
              28.036822885703216
            ],
            [
              80.19112804044015,
              28.036268473680792
            ],
            [
              80.18996251857983,
              28.03610023482345
            ],
            [
              80.18995962241137,
              28.036100237995047
            ],
            [
              80.18820121156519,
              28.036297407325122
            ],
            [
              80.1882004884214,
              28.03629740891092
            ],
            [
              80.18704265344495,
              28.036354318355954
            ],
            [
              80.1870344751826,
              28.036351390185196
            ],
            [
              80.18640845992236,
              28.035741761218063
            ],
            [
              80.18640783828816,
              28.035741118967373
            ],
            [
              80.18521174765705,
              28.03434792310077
            ],
            [
              80.18521122932913,
              28.034347372819582
            ],
            [
              80.18445600758493,
              28.03359523573091
            ],
            [
              80.18445590697362,
              28.033595139787845
            ],
            [
              80.1844558072606,
              28.03359504780938
            ],
            [
              80.18231647839463,
              28.031589613678328
            ],
            [
              80.18231461259379,
              28.03158713814246
            ],
            [
              80.1820290920639,
              28.03103245016082
            ],
            [
              80.18184236914726,
              28.030473701841668
            ],
            [
              80.18184153910393,
              28.0304718669764
            ],
            [
              80.18099153880904,
              28.02910668921577
            ],
            [
              80.18099112378738,
              28.02910604692547
            ],
            [
              80.18036169942062,
              28.02788087915197
            ],
            [
              80.18035941859812,
              28.02787812837368
            ],
            [
              80.17981552013461,
              28.027415067270667
            ],
            [
              80.17891459075304,
              28.027295097386908
            ],
            [
              80.17891345258755,
              28.027295006196006
            ],
            [
              80.1781321437675,
              28.027268164350474
            ],
            [
              80.17812520787521,
              28.027265416728373
            ],
            [
              80.17797190588037,
              28.027129634946142
            ],
            [
              80.17797004007954,
              28.02712734168981
            ],
            [
              80.17762440339253,
              28.026543611201603
            ],
            [
              80.17762367755377,
              28.0265425113524
            ],
            [
              80.1768105827457,
              28.02554574361966
            ],
            [
              80.17679754459766,
              28.025542912690995
            ],
            [
              80.17617795498664,
              28.025818725676668
            ],
            [
              80.17617640359616,
              28.025819554335744
            ],
            [
              80.17536112767856,
              28.026349866288548
            ],
            [
              80.17536009461601,
              28.026350601372933
            ],
            [
              80.17479281839556,
              28.02683097119881
            ],
            [
              80.1707124314232,
              28.029368986769196
            ],
            [
              80.1694874662439,
              28.03015160004384
            ],
            [
              80.1694873602427,
              28.03015169519702
            ],
            [
              80.16888254342652,
              28.030555405648013
            ],
            [
              80.1683568987296,
              28.03090628988007
            ],
            [
              80.1683567927284,
              28.030906385825528
            ],
            [
              80.16700694106335,
              28.031856095819183
            ],
            [
              80.16700580379619,
              28.031856831658867
            ],
            [
              80.16571846319681,
              28.032527484811855
            ],
            [
              80.16571835809393,
              28.032527578377092
            ],
            [
              80.16446517144166,
              28.03314099827411
            ],
            [
              80.16445793012217,
              28.033141923613208
            ],
            [
              80.16389787635659,
              28.033031978683827
            ],
            [
              80.16389404683854,
              28.033030513363876
            ],
            [
              80.16310939538731,
              28.032530287804384
            ],
            [
              80.16310929118275,
              28.032530195032066
            ],
            [
              80.16226009038847,
              28.032028929995157
            ],
            [
              80.16225946965261,
              28.03202856286884
            ],
            [
              80.16137909192807,
              28.031415972382913
            ],
            [
              80.16137847119221,
              28.031415606047428
            ],
            [
              80.16015397403517,
              28.030692739648167
            ],
            [
              80.16015065925176,
              28.030689621810858
            ],
            [
              80.15983271133673,
              28.03018192694798
            ],
            [
              80.15938105458156,
              28.02955365334067
            ],
            [
              80.15938155943476,
              28.029543096034764
            ],
            [
              80.15959539530331,
              28.02929860300357
            ],
            [
              80.15959735632556,
              28.02929474530391
            ],
            [
              80.15968993400381,
              28.028881098392684
            ],
            [
              80.15968920277517,
              28.02887559133651
            ],
            [
              80.15940803368449,
              28.028322509389856
            ],
            [
              80.15940720004792,
              28.028318103722086
            ],
            [
              80.15943750201907,
              28.02790552672492
            ],
            [
              80.15944090843062,
              28.02789928137319
            ],
            [
              80.16037991200722,
              28.02714741561092
            ],
            [
              80.16182396101297,
              28.02600231117235
            ],
            [
              80.16182509738181,
              28.02600148330767
            ],
            [
              80.16232872437111,
              28.02570537219179
            ],
            [
              80.1613823608974,
              28.024188985960937
            ],
            [
              80.16138163595696,
              28.02418806768175
            ],
            [
              80.16097308755563,
              28.023687258617894
            ],
            [
              80.16097215510436,
              28.023686249933473
            ],
            [
              80.16009169742978,
              28.022878477820324
            ],
            [
              80.1600912824081,
              28.022878110662806
            ],
            [
              80.1588650353329,
              28.021847607107986
            ],
            [
              80.15886348214579,
              28.021846599199307
            ],
            [
              80.1574173679132,
              28.021011378291185
            ],
            [
              80.15601720699895,
              28.020180136605706
            ],
            [
              80.15522923267952,
              28.019744494362843
            ],
            [
              80.15522695455195,
              28.019742752098015
            ],
            [
              80.15444456326199,
              28.018966611157918
            ],
            [
              80.15443607687752,
              28.018963497739097
            ],
            [
              80.1535342069598,
              28.019019639185217
            ],
            [
              80.15352697013186,
              28.019023042849657
            ],
            [
              80.15271363457529,
              28.019913465367633
            ],
            [
              80.15271342975943,
              28.019913833328303
            ],
            [
              80.15190493702057,
              28.020882184097573
            ],
            [
              80.15188900719565,
              28.02088302468982
            ],
            [
              80.15148882390625,
              28.02050124525413
            ],
            [
              80.15148789235329,
              28.020500421312203
            ],
            [
              80.15076478268553,
              28.019971331133178
            ],
            [
              80.14991537258379,
              28.019358178764833
            ],
            [
              80.14840532615078,
              28.018271309384147
            ],
            [
              80.14749238539551,
              28.01762579307551
            ],
            [
              80.14802358527416,
              28.016852705945364
            ],
            [
              80.14802419612855,
              28.016844168063066
            ],
            [
              80.14771200731279,
              28.01623609717146
            ],
            [
              80.14771034902277,
              28.01623389567638
            ],
            [
              80.14708231614642,
              28.015593985916855
            ],
            [
              80.14708179781849,
              28.01559343633285
            ],
            [
              80.14648429059376,
              28.014869131348984
            ],
            [
              80.14648377316416,
              28.01486839697927
            ],
            [
              80.14598213414659,
              28.014118755948623
            ],
            [
              80.14597643972601,
              28.01411462965023
            ],
            [
              80.14538808184247,
              28.013950388094983
            ],
            [
              80.14537846268242,
              28.01395195835893
            ],
            [
              80.14462985074205,
              28.01447921363423
            ],
            [
              80.14462830024989,
              28.014480499975466
            ],
            [
              80.14406234814616,
              28.015086901091546
            ],
            [
              80.14363086485731,
              28.01443651693061
            ],
            [
              80.14377905004828,
              28.014036406803612
            ],
            [
              80.14378194172517,
              28.014032457354872
            ],
            [
              80.1452241321166,
              28.012888860628667
            ],
            [
              80.14522454534163,
              28.012888492643967
            ],
            [
              80.14666095956576,
              28.01187129570675
            ],
            [
              80.14697756270283,
              28.011497738703792
            ],
            [
              80.14697682428765,
              28.011485990006072
            ],
            [
              80.14556704780664,
              28.010153513300704
            ],
            [
              80.14556694539867,
              28.010153418129846
            ],
            [
              80.14556684388907,
              28.010153326924424
            ],
            [
              80.14399397826821,
              28.00873202628098
            ],
            [
              80.14399346083859,
              28.008731567868562
            ],
            [
              80.14276218140115,
              28.007766746617055
            ],
            [
              80.14167124576056,
              28.007951788898097
            ],
            [
              80.1416635903177,
              28.007950419202686
            ],
            [
              80.14081784893558,
              28.007450946354044
            ],
            [
              80.13943411371633,
              28.00664293824188
            ],
            [
              80.13773625740517,
              28.00564011162596
            ],
            [
              80.13773522164763,
              28.00563956199117
            ],
            [
              80.13607055539127,
              28.004884829081437
            ],
            [
              80.13550455118524,
              28.005250686343665
            ],
            [
              80.13550341391812,
              28.005251514367878
            ],
            [
              80.13299454778864,
              28.007409242218277
            ],
            [
              80.13228203105474,
              28.007068153286212
            ],
            [
              80.13228027125508,
              28.007067053238107
            ],
            [
              80.13089718731443,
              28.0060363492023
            ],
            [
              80.12935610408833,
              28.004921482755407
            ],
            [
              80.12935599359555,
              28.004921396304347
            ],
            [
              80.12935588759433,
              28.004921309060148
            ],
            [
              80.12778329865458,
              28.003722728883467
            ],
            [
              80.12630556462233,
              28.002608150994607
            ],
            [
              80.1257023261461,
              28.002275571623173
            ],
            [
              80.12465223420651,
              28.00273844261511
            ],
            [
              80.12330673757397,
              28.000473585668747
            ],
            [
              80.1232887595902,
              28.000443321781646
            ],
            [
              80.1232267704457,
              28.000443175046662
            ],
            [
              80.12316578292274,
              28.000340512860248
            ],
            [
              80.12304710559225,
              28.000140736378274
            ],
            [
              80.12303707320716,
              28.000127343798525
            ],
            [
              80.12292615193081,
              27.999557620249643
            ],
            [
              80.12283410336026,
              27.999212370866083
            ],
            [
              80.12259386241227,
              27.99831135881894
            ],
            [
              80.12245187829171,
              27.997908337313547
            ],
            [
              80.12230221537212,
              27.997483516024886
            ],
            [
              80.12213091203732,
              27.99670904774763
            ],
            [
              80.12213090305418,
              27.996709011260915
            ],
            [
              80.12182896221918,
              27.995703163704423
            ],
            [
              80.12113517176569,
              27.99395854463636
            ],
            [
              80.12113515379939,
              27.993958501803053
            ],
            [
              80.12028074367481,
              27.99210718821013
            ],
            [
              80.11863284267656,
              27.98909008030793
            ],
            [
              80.11802014134713,
              27.98815558930388
            ],
            [
              80.11780450076319,
              27.988155750334148
            ],
            [
              80.11758885658597,
              27.988155906604863
            ],
            [
              80.11733791400798,
              27.987978005310726
            ],
            [
              80.11718717131342,
              27.987702144606356
            ],
            [
              80.11718720455106,
              27.987702103357034
            ],
            [
              80.11746768373561,
              27.987301217297833
            ],
            [
              80.11723661458664,
              27.986936365242105
            ],
            [
              80.1169948429094,
              27.986480565766445
            ],
            [
              80.1168046012918,
              27.98612191428524
            ],
            [
              80.11608173955906,
              27.985374507006142
            ],
            [
              80.11585254788908,
              27.98505544263637
            ],
            [
              80.115519254054,
              27.98459145174652
            ],
            [
              80.11551840065451,
              27.983662660378858
            ],
            [
              80.11551754725501,
              27.982733959379352
            ],
            [
              80.11577430642446,
              27.982242041624684
            ],
            [
              80.11599820162756,
              27.98181307707133
            ],
            [
              80.11639869842898,
              27.981100470754125
            ],
            [
              80.11639872627676,
              27.981100436642016
            ],
            [
              80.1173206995922,
              27.980280605799567
            ],
            [
              80.11796210838315,
              27.979781538614013
            ],
            [
              80.11796214701072,
              27.979781505294824
            ],
            [
              80.11818259088648,
              27.97956315727041
            ],
            [
              80.11826077306229,
              27.979432801143176
            ],
            [
              80.11834282967192,
              27.979295961866647
            ],
            [
              80.11834254221102,
              27.97899321238271
            ],
            [
              80.11834242543004,
              27.978868566683246
            ],
            [
              80.11834243441321,
              27.978868527810512
            ],
            [
              80.11820314793346,
              27.978755421624086
            ],
            [
              80.11810151344052,
              27.978672871716253
            ],
            [
              80.1177704123931,
              27.9785128370812
            ],
            [
              80.11713840626821,
              27.97840644283808
            ],
            [
              80.11705345438844,
              27.97837442109515
            ],
            [
              80.11666686710088,
              27.978228681743904
            ],
            [
              80.11657039342924,
              27.978158477966605
            ],
            [
              80.11638581029958,
              27.978024159059906
            ],
            [
              80.11615463514944,
              27.97741887106175
            ],
            [
              80.11615461897975,
              27.97741882266854
            ],
            [
              80.11591298204982,
              27.976421755104482
            ],
            [
              80.11520870107042,
              27.973995919907473
            ],
            [
              80.11520752607404,
              27.972713745610353
            ],
            [
              80.1149664964052,
              27.97235775135271
            ],
            [
              80.11496647304901,
              27.972357714064398
            ],
            [
              80.11442461735447,
              27.972019791628778
            ],
            [
              80.11350099203723,
              27.97098753780127
            ],
            [
              80.11316960712217,
              27.970699474280725
            ],
            [
              80.11245712362593,
              27.9700801236824
            ],
            [
              80.11187524169726,
              27.96981338161441
            ],
            [
              80.11093222175302,
              27.96951134733559
            ],
            [
              80.10996960506085,
              27.969645535618977
            ],
            [
              80.10900694884283,
              27.96977974595032
            ],
            [
              80.10705802418954,
              27.969781066147355
            ],
            [
              80.10705797657883,
              27.969781066147355
            ],
            [
              80.10441369840346,
              27.969782817947227
            ],
            [
              80.10321021733246,
              27.969783601020833
            ],
            [
              80.10321017421333,
              27.969783601020833
            ],
            [
              80.1026084799411,
              27.96978398978075
            ],
            [
              80.10200674434633,
              27.96978437616053
            ],
            [
              80.10187625955975,
              27.9696687160522
            ],
            [
              80.10174577297653,
              27.969553088348867
            ],
            [
              80.1017455079735,
              27.969225611652057
            ],
            [
              80.10202588115683,
              27.968644653759597
            ],
            [
              80.10232641433178,
              27.968181485638766
            ],
            [
              80.10319273342209,
              27.967829902022878
            ],
            [
              80.1034692681042,
              27.967717683187736
            ],
            [
              80.1041507911642,
              27.967200813341833
            ],
            [
              80.10483244088663,
              27.966861967888168
            ],
            [
              80.10509322900012,
              27.966861799685432
            ],
            [
              80.10557379803272,
              27.965953321015853
            ],
            [
              80.10571310068215,
              27.96460869504309
            ],
            [
              80.10499077883692,
              27.964288599677023
            ],
            [
              80.102623150328,
              27.963186044084924
            ],
            [
              80.1004162537796,
              27.96236825509708
            ],
            [
              80.09889144443318,
              27.961728109634006
            ],
            [
              80.0974467405556,
              27.960909803376317
            ],
            [
              80.09694511680935,
              27.960642987065757
            ],
            [
              80.09644349126653,
              27.96037616930216
            ],
            [
              80.09576147503147,
              27.960234104738657
            ],
            [
              80.09499925271624,
              27.9601277027848
            ],
            [
              80.09460068100447,
              27.95996713520697
            ],
            [
              80.09411650164273,
              27.959772078810172
            ],
            [
              80.09393583337113,
              27.959540661628417
            ],
            [
              80.09375515162476,
              27.959309262200215
            ],
            [
              80.09331306102904,
              27.958169778297147
            ],
            [
              80.09315223833867,
              27.95770687467612
            ],
            [
              80.09309579718936,
              27.957175645676063
            ],
            [
              80.0930311014209,
              27.956567185008996
            ],
            [
              80.0927496188182,
              27.95560569775913
            ],
            [
              80.09246808590987,
              27.95460856272991
            ],
            [
              80.09190587439096,
              27.95368287293509
            ],
            [
              80.09158450569133,
              27.953077592810367
            ],
            [
              80.0909822652434,
              27.952223092167362
            ],
            [
              80.09158336572925,
              27.951510412619815
            ],
            [
              80.09170295934133,
              27.95047739763261
            ],
            [
              80.09158233625995,
              27.950032278223013
            ],
            [
              80.09146172755158,
              27.949587168088144
            ],
            [
              80.09114037142834,
              27.94898177692126
            ],
            [
              80.09097963767118,
              27.948590124282507
            ],
            [
              80.09049842993642,
              27.948697251002354
            ],
            [
              80.09001706230154,
              27.948626287636635
            ],
            [
              80.09001701558915,
              27.94862628366894
            ],
            [
              80.09125895443576,
              27.946559772013874
            ],
            [
              80.09201988856684,
              27.94502777061095
            ],
            [
              80.0922592734204,
              27.943246780248167
            ],
            [
              80.09225736899198,
              27.940646711045563
            ],
            [
              80.09508205492757,
              27.936967481225736
            ],
            [
              80.09441980342537,
              27.936273318870292
            ],
            [
              80.09323611224012,
              27.935508227689436
            ],
            [
              80.0930592124011,
              27.935384764293982
            ],
            [
              80.09201232115889,
              27.934654076927334
            ],
            [
              80.09129380367888,
              27.934459880358233
            ],
            [
              80.09082895157051,
              27.934334240375414
            ],
            [
              80.09008691080645,
              27.934147644806774
            ],
            [
              80.08920422800492,
              27.93364950875058
            ],
            [
              80.08884162573543,
              27.93348870338801
            ],
            [
              80.08832175091756,
              27.933258147347363
            ],
            [
              80.08751966496332,
              27.93325858862014
            ],
            [
              80.08720635864337,
              27.93313958776816
            ],
            [
              80.08695798614539,
              27.933045249698022
            ],
            [
              80.08539317661601,
              27.931870668153675
            ],
            [
              80.08539313080192,
              27.931870630851353
            ],
            [
              80.08410871332048,
              27.93076575688548
            ],
            [
              80.08406898712367,
              27.93073158364373
            ],
            [
              80.08270619702357,
              27.931800888996015
            ],
            [
              80.08174297756187,
              27.9306971722887
            ],
            [
              80.0808198454197,
              27.929557881751297
            ],
            [
              80.0801570504368,
              27.929011827905867
            ],
            [
              80.07969642580012,
              27.928632346327944
            ],
            [
              80.07917492143835,
              27.928454481836894
            ],
            [
              80.07890336611784,
              27.928397901155265
            ],
            [
              80.0784930992394,
              27.928312411790948
            ],
            [
              80.07171821557232,
              27.932554091985217
            ],
            [
              80.07123709587246,
              27.932732430687274
            ],
            [
              80.07292297314932,
              27.935296137637987
            ],
            [
              80.07366508757521,
              27.936081240249507
            ],
            [
              80.07396628460515,
              27.936399867689083
            ],
            [
              80.07332505188397,
              27.93714814114686
            ],
            [
              80.07316509696616,
              27.937967412376135
            ],
            [
              80.07316507899985,
              27.937967453644436
            ],
            [
              80.07332714316195,
              27.93849400432222
            ],
            [
              80.07340619400863,
              27.93875087739474
            ],
            [
              80.0733664830832,
              27.939427612807705
            ],
            [
              80.07304588064649,
              27.93992647535815
            ],
            [
              80.07244454210709,
              27.940318511773366
            ],
            [
              80.07220392027338,
              27.940327523942077
            ],
            [
              80.07220386906943,
              27.94032751838684
            ],
            [
              80.07230435282048,
              27.940683697643326
            ],
            [
              80.07226441462126,
              27.940986415717166
            ],
            [
              80.07170308973956,
              27.941218202802226
            ],
            [
              80.07070052586504,
              27.941467926242257
            ],
            [
              80.07043965420822,
              27.941399437321248
            ],
            [
              80.07015903758145,
              27.941325765376337
            ],
            [
              80.06963727180992,
              27.94059581338405
            ],
            [
              80.06903538709483,
              27.940008407320043
            ],
            [
              80.06903534667063,
              27.940008367639738
            ],
            [
              80.06817263521451,
              27.93918953964457
            ],
            [
              80.06706911417677,
              27.93808582301277
            ],
            [
              80.06546373044095,
              27.935878232115453
            ],
            [
              80.06510281341092,
              27.93582494494679
            ],
            [
              80.06502277531573,
              27.93619893471417
            ],
            [
              80.06488260219881,
              27.936590811643956
            ],
            [
              80.06446064015367,
              27.936723956748498
            ],
            [
              80.06426108031161,
              27.936786928142645
            ],
            [
              80.06398051309218,
              27.937161054258645
            ],
            [
              80.06418129643967,
              27.93764180011433
            ],
            [
              80.06406110095632,
              27.937891191357746
            ],
            [
              80.06372345029217,
              27.938021276244303
            ],
            [
              80.0634596438393,
              27.938122916038807
            ],
            [
              80.06291841786378,
              27.9384437159387
            ],
            [
              80.0625774982303,
              27.938497270058527
            ],
            [
              80.06257736527962,
              27.93823012297881
            ],
            [
              80.06261734300472,
              27.937980827752334
            ],
            [
              80.06221617156851,
              27.937820690716922
            ],
            [
              80.06177522542646,
              27.938177003630244
            ],
            [
              80.06143436059023,
              27.938337428221153
            ],
            [
              80.06123219204059,
              27.93835246967596
            ],
            [
              80.06119379175712,
              27.93835532829022
            ],
            [
              80.06101313157035,
              27.93798144836424
            ],
            [
              80.06075143975167,
              27.938020245330534
            ],
            [
              80.0605319310221,
              27.938052786963755
            ],
            [
              80.06027121028224,
              27.938052885372716
            ],
            [
              80.05974987929531,
              27.938070891040496
            ],
            [
              80.05836613688953,
              27.938035778874507
            ],
            [
              80.0570026452052,
              27.938178771815405
            ],
            [
              80.05630067828601,
              27.938361283604046
            ],
            [
              80.05569937657754,
              27.938517622378935
            ],
            [
              80.05495747774732,
              27.93862475591454
            ],
            [
              80.05446997102577,
              27.938725577716973
            ],
            [
              80.0540952675511,
              27.93880307031207
            ],
            [
              80.05355383675969,
              27.938723100841774
            ],
            [
              80.05269103906528,
              27.937530221305995
            ],
            [
              80.05242592017377,
              27.937138154138307
            ],
            [
              80.05226964834863,
              27.93690705193135
            ],
            [
              80.05146722103459,
              27.936088102813795
            ],
            [
              80.050785397039,
              27.93598146595992
            ],
            [
              80.04978280262175,
              27.936053016193405
            ],
            [
              80.0497827478245,
              27.936052986035246
            ],
            [
              80.04902061893407,
              27.93569708118991
            ],
            [
              80.0486452156718,
              27.935482870903922
            ],
            [
              80.04845907216853,
              27.93537665805039
            ],
            [
              80.04942117861759,
              27.93430784998429
            ],
            [
              80.05002282707576,
              27.934521367365143
            ],
            [
              80.05066437959718,
              27.934271841359788
            ],
            [
              80.05103373809591,
              27.93407784965911
            ],
            [
              80.05154650813816,
              27.933808524982254
            ],
            [
              80.05242867800169,
              27.933523293219963
            ],
            [
              80.05226751574816,
              27.93177809567838
            ],
            [
              80.05184397715968,
              27.93068212897455
            ],
            [
              80.05130404924974,
              27.929285094866383
            ],
            [
              80.05118340999864,
              27.928465910991303
            ],
            [
              80.05126339868649,
              27.92793161101709
            ],
            [
              80.05104793057909,
              27.927716470999354
            ],
            [
              80.05094245129673,
              27.927611164852085
            ],
            [
              80.04997997204681,
              27.92761148233108
            ],
            [
              80.0492981983569,
              27.927469196084758
            ],
            [
              80.0477337014412,
              27.92611616889595
            ],
            [
              80.04592846591086,
              27.92430014464717
            ],
            [
              80.04504618735119,
              27.924086688032435
            ],
            [
              80.04436394024911,
              27.92262651604568
            ],
            [
              80.03991280508427,
              27.922841423311688
            ],
            [
              80.03843195120302,
              27.92290834923083
            ],
            [
              80.03674487916686,
              27.922984577641955
            ],
            [
              80.03590297538764,
              27.923768388609247
            ],
            [
              80.03373776156673,
              27.924552481220235
            ],
            [
              80.03317635763331,
              27.924552598690763
            ],
            [
              80.03269513193224,
              27.924517082097392
            ],
            [
              80.03305589804526,
              27.923982734823547
            ],
            [
              80.03313598285285,
              27.923519691828037
            ],
            [
              80.03305564292371,
              27.922985414234937
            ],
            [
              80.03305563124562,
              27.92298537613583
            ],
            [
              80.03291518504085,
              27.92269160301703
            ],
            [
              80.03307548670837,
              27.92222855766628
            ],
            [
              80.03307550736959,
              27.922228517979434
            ],
            [
              80.03349640940272,
              27.921640723945416
            ],
            [
              80.03349643904713,
              27.92164068267088
            ],
            [
              80.03363900976757,
              27.921414400268677
            ],
            [
              80.03377697841877,
              27.921195423812353
            ],
            [
              80.03417796031046,
              27.92103504679934
            ],
            [
              80.03447864530068,
              27.920839092215694
            ],
            [
              80.0350399360464,
              27.920447166901702
            ],
            [
              80.03510508815903,
              27.920350661926207
            ],
            [
              80.03522027733126,
              27.92017994107105
            ],
            [
              80.03528029197876,
              27.91966347870033
            ],
            [
              80.0352601167158,
              27.919164844878157
            ],
            [
              80.03534026440545,
              27.918986732237546
            ],
            [
              80.02421910501836,
              27.919578195948958
            ],
            [
              80.01214094610461,
              27.913617111682548
            ],
            [
              80.00926981457388,
              27.912199861751137
            ],
            [
              80.00449352071725,
              27.91160400281448
            ],
            [
              80.00152632694332,
              27.910606711731493
            ],
            [
              79.99843788126725,
              27.90864699110965
            ],
            [
              79.99843788126725,
              27.90860843286533
            ],
            [
              79.99839116527924,
              27.908578788605862
            ],
            [
              79.99708228218104,
              27.907748230837964
            ],
            [
              79.994676567799,
              27.9069645482542
            ],
            [
              79.99315293794056,
              27.906964491890907
            ],
            [
              79.99312723085207,
              27.905988265084815
            ],
            [
              79.99045217190348,
              27.907370671944804
            ],
            [
              79.9898650213557,
              27.908032897121515
            ],
            [
              79.98764380027178,
              27.909475358148825
            ],
            [
              79.98770059176402,
              27.91003175499953
            ],
            [
              79.9873970141986,
              27.910267786369367
            ],
            [
              79.98754881690523,
              27.910537546762384
            ],
            [
              79.98711241264522,
              27.910891548308335
            ],
            [
              79.98758667460623,
              27.911296210126586
            ],
            [
              79.98716940625843,
              27.911481456756864
            ],
            [
              79.98715035568623,
              27.911801795141844
            ],
            [
              79.98690375556431,
              27.91171739764366
            ],
            [
              79.98631548481734,
              27.912341222665717
            ],
            [
              79.98578428044712,
              27.912813284336632
            ],
            [
              79.98517713609606,
              27.912998692686124
            ],
            [
              79.98451301609806,
              27.913369557647297
            ],
            [
              79.98407659027853,
              27.91375724511874
            ],
            [
              79.98455083427321,
              27.91431368027118
            ],
            [
              79.98466471280348,
              27.914499155108558
            ],
            [
              79.98381078237921,
              27.915139746375413
            ],
            [
              79.98506285961213,
              27.916185163119277
            ],
            [
              79.98504391414278,
              27.916454907959366
            ],
            [
              79.98445564339582,
              27.916825777737554
            ],
            [
              79.98388648610315,
              27.917230434021512
            ],
            [
              79.98400022000467,
              27.917769940039562
            ],
            [
              79.98295659503681,
              27.91839361108409
            ],
            [
              79.98354462144202,
              27.91920300406689
            ],
            [
              79.98473981735111,
              27.920838492142792
            ],
            [
              79.98616264455659,
              27.922558363632085
            ],
            [
              79.98845826411234,
              27.925171708019842
            ],
            [
              79.98931213434946,
              27.925778735903975
            ],
            [
              79.98999516927405,
              27.926082218803668
            ],
            [
              79.99132324757326,
              27.9276165659635
            ],
            [
              79.99272732783706,
              27.92931946778044
            ],
            [
              79.99303091887721,
              27.929488047923503
            ],
            [
              79.99384682990367,
              27.929504973227722
            ],
            [
              79.9942073777261,
              27.92975792703998
            ],
            [
              79.99523190630765,
              27.93225312094824
            ],
            [
              79.99532679265616,
              27.932539667191715
            ],
            [
              79.99498522982896,
              27.932944359896084
            ],
            [
              79.99413134432048,
              27.933264661675985
            ],
            [
              79.9934102010649,
              27.933315222312924
            ],
            [
              79.99284103029751,
              27.933146540996155
            ],
            [
              79.99238556738047,
              27.933062237937722
            ],
            [
              79.99166450587158,
              27.93345001431889
            ],
            [
              79.99107619200548,
              27.933584852982268
            ],
            [
              79.99050688379587,
              27.933888256026407
            ],
            [
              79.98984278715407,
              27.934090567106317
            ],
            [
              79.98910272088703,
              27.93412421468344
            ],
            [
              79.98836266629809,
              27.934039879848118
            ],
            [
              79.98767955860998,
              27.93407352426642
            ],
            [
              79.9869015510986,
              27.93414094402378
            ],
            [
              79.98618042760596,
              27.933938532244504
            ],
            [
              79.98553524589082,
              27.93409023932891
            ],
            [
              79.98515573642933,
              27.934258769966604
            ],
            [
              79.98481418078865,
              27.934292433364316
            ],
            [
              79.98458644888096,
              27.934258715998496
            ],
            [
              79.98426391686303,
              27.934258685046206
            ],
            [
              79.98399822304978,
              27.934410422633373
            ],
            [
              79.98363761324357,
              27.9346970202988
            ],
            [
              79.98344788636065,
              27.934949847673455
            ],
            [
              79.98312524115498,
              27.93501729624885
            ],
            [
              79.98251799798923,
              27.935101512862254
            ],
            [
              79.98173988627326,
              27.93582636635098
            ],
            [
              79.98234701714964,
              27.936568265362503
            ],
            [
              79.9826315540243,
              27.937006600769337
            ],
            [
              79.98236580361717,
              27.937512356813347
            ],
            [
              79.98223299758388,
              27.93800132619632
            ],
            [
              79.98261242799359,
              27.938523953064824
            ],
            [
              79.98312469318267,
              27.939130967060002
            ],
            [
              79.98327627131044,
              27.93972875988204
            ],
            [
              79.98336192297783,
              27.940109231799244
            ],
            [
              79.98362459126523,
              27.94028177027433
            ],
            [
              79.98392718068386,
              27.94030714021845
            ],
            [
              79.98412135243083,
              27.940124549182116
            ],
            [
              79.98413854618535,
              27.93986077895843
            ],
            [
              79.98413279606923,
              27.939541187172576
            ],
            [
              79.98417285194773,
              27.939165778090853
            ],
            [
              79.98426427529084,
              27.938876583667167
            ],
            [
              79.98452118358064,
              27.93878020783968
            ],
            [
              79.98472679267779,
              27.938881677880264
            ],
            [
              79.9851721019372,
              27.93929266318753
            ],
            [
              79.98548041631912,
              27.93988119689138
            ],
            [
              79.98560015366165,
              27.94057621061571
            ],
            [
              79.98550882194672,
              27.94099724517232
            ],
            [
              79.98530316523885,
              27.94127118733111
            ],
            [
              79.98488633077731,
              27.941286298214013
            ],
            [
              79.98417258155484,
              27.941326901013333
            ],
            [
              79.98388702599064,
              27.941463760658152
            ],
            [
              79.98368715173824,
              27.941752943394484
            ],
            [
              79.98371561665464,
              27.942285629116626
            ],
            [
              79.98402391576523,
              27.94300095186524
            ],
            [
              79.98459480411144,
              27.943767069251344
            ],
            [
              79.98484596498004,
              27.9442743419108
            ],
            [
              79.98469748424337,
              27.944462080194242
            ],
            [
              79.9842634775869,
              27.944467086850846
            ],
            [
              79.98354403214718,
              27.944451774845177
            ],
            [
              79.98321278557268,
              27.9444923209045
            ],
            [
              79.98301860124931,
              27.94471043992053
            ],
            [
              79.98298433860604,
              27.945024977245968
            ],
            [
              79.98324696826586,
              27.945557684129476
            ],
            [
              79.98357799475312,
              27.94644542575333
            ],
            [
              79.98365786665998,
              27.94678531216468
            ],
            [
              79.98367498136278,
              27.947160723333692
            ],
            [
              79.98363494704383,
              27.947343327869817
            ],
            [
              79.98282396597162,
              27.948251329122048
            ],
            [
              79.98206440266965,
              27.94883965213175
            ],
            [
              79.98159609474236,
              27.94929616690555
            ],
            [
              79.9812134393808,
              27.949423002012406
            ],
            [
              79.98066523529214,
              27.949691847349573
            ],
            [
              79.979739994804,
              27.95045778792885
            ],
            [
              79.97903176033905,
              27.951218608812553
            ],
            [
              79.9787347458651,
              27.95169542607107
            ],
            [
              79.97841474889292,
              27.952938291170902
            ],
            [
              79.9782204936026,
              27.95344550805573
            ],
            [
              79.97764918125156,
              27.954459914045927
            ],
            [
              79.97702072077712,
              27.955839614142125
            ],
            [
              79.97657513304,
              27.95675267461344
            ],
            [
              79.97630092409617,
              27.95734617636233
            ],
            [
              79.97573560171145,
              27.95714319391343
            ],
            [
              79.97519880982017,
              27.95699089473635
            ],
            [
              79.97498749013273,
              27.956904652766273
            ],
            [
              79.97475331281288,
              27.956848797152105
            ],
            [
              79.97441065404102,
              27.95690456230929
            ],
            [
              79.97421075463582,
              27.95709218579777
            ],
            [
              79.97427925297286,
              27.957350912638724
            ],
            [
              79.97453625738238,
              27.957518411963044
            ],
            [
              79.97513582803727,
              27.95759452311941
            ],
            [
              79.97551845375447,
              27.957787379175286
            ],
            [
              79.97583253801544,
              27.957934595023158
            ],
            [
              79.97591812410583,
              27.958071494718826
            ],
            [
              79.97577528838238,
              27.958320088957425
            ],
            [
              79.97530126627159,
              27.958614261121763
            ],
            [
              79.97441022374801,
              27.959024961862855
            ],
            [
              79.97373061679451,
              27.959456072893094
            ],
            [
              79.97338210999017,
              27.959750260211194
            ],
            [
              79.97308516738143,
              27.95969944217133
            ],
            [
              79.97286820178243,
              27.9594001098945
            ],
            [
              79.9726570312153,
              27.959090682310666
            ],
            [
              79.9725428239017,
              27.958882624948465
            ],
            [
              79.97233731002594,
              27.95871522375072
            ],
            [
              79.9719718376391,
              27.958573133990548
            ],
            [
              79.97122947797315,
              27.958491843747964
            ],
            [
              79.97094387928982,
              27.95858313964727
            ],
            [
              79.97094959886323,
              27.958882436103163
            ],
            [
              79.97130920974283,
              27.959333919904164
            ],
            [
              79.97207430756525,
              27.95995302511059
            ],
            [
              79.97239415541709,
              27.960232083801557
            ],
            [
              79.97239981121012,
              27.960374111868717
            ],
            [
              79.97225700063952,
              27.96046029393806
            ],
            [
              79.97179438892947,
              27.96052108218477
            ],
            [
              79.97129189291908,
              27.960460124931902
            ],
            [
              79.97050952768025,
              27.960292615890033
            ],
            [
              79.96935014939815,
              27.960251818683247
            ],
            [
              79.96831651369627,
              27.96016026870167
            ],
            [
              79.96799099657667,
              27.96025660164615
            ],
            [
              79.96784814198861,
              27.96050509722465
            ],
            [
              79.96804222031079,
              27.960905877371474
            ],
            [
              79.96846467642933,
              27.961423481156423
            ],
            [
              79.96878437516085,
              27.961864863285104
            ],
            [
              79.96881294428185,
              27.962159021028096
            ],
            [
              79.96849878635899,
              27.962295935995538
            ],
            [
              79.96793903173241,
              27.96252405766362
            ],
            [
              79.96749933694359,
              27.962691333938288
            ],
            [
              79.96732786292887,
              27.962843516371397
            ],
            [
              79.96715656588226,
              27.963102195309194
            ],
            [
              79.96699655616725,
              27.96330000604928
            ],
            [
              79.9667452812126,
              27.96335577263427
            ],
            [
              79.96652259873514,
              27.96320350999299
            ],
            [
              79.96611716030134,
              27.96285850363295
            ],
            [
              79.96580305178581,
              27.962792518883795
            ],
            [
              79.96552894794488,
              27.962767028858778
            ],
            [
              79.96533469265455,
              27.9630308423126
            ],
            [
              79.9653402900571,
              27.96335547430276
            ],
            [
              79.96524312917428,
              27.963603976234996
            ],
            [
              79.96506037321795,
              27.963781491659987
            ],
            [
              79.96480908209362,
              27.963888024895116
            ],
            [
              79.96445493656421,
              27.96388794634545
            ],
            [
              79.96431242333598,
              27.963572978387937
            ],
            [
              79.96425519077091,
              27.963446490766604
            ],
            [
              79.96364448459973,
              27.96247246018337
            ],
            [
              79.96268551955922,
              27.96088442637045
            ],
            [
              79.96212032293862,
              27.95994583318984
            ],
            [
              79.96185215157179,
              27.959473967875013
            ],
            [
              79.9611441488722,
              27.958961509897772
            ],
            [
              79.96027050941062,
              27.95846415399962
            ],
            [
              79.95946543296479,
              27.95794652094771
            ],
            [
              79.95925996580142,
              27.95769280237115
            ],
            [
              79.9587746869018,
              27.957205636053704
            ],
            [
              79.95811803909037,
              27.956870640142014
            ],
            [
              79.95683916870578,
              27.955936884085997
            ],
            [
              79.95587437090411,
              27.955155421934908
            ],
            [
              79.95524065708187,
              27.95463019272187
            ],
            [
              79.9549208074334,
              27.95479242030056
            ],
            [
              79.95407595628174,
              27.954031269903012
            ],
            [
              79.95295627365371,
              27.955004940234037
            ],
            [
              79.9525680496357,
              27.954690289146885
            ],
            [
              79.95119707408674,
              27.955745030077118
            ],
            [
              79.94986030099392,
              27.956789669184566
            ],
            [
              79.94960911856575,
              27.95662727321445
            ],
            [
              79.94861514797523,
              27.957245833747592
            ],
            [
              79.94687727980298,
              27.958419990990595
            ],
            [
              79.94685645595636,
              27.958434060026892
            ],
            [
              79.9450278552455,
              27.959669470736138
            ],
            [
              79.94523331791726,
              27.959872438119685
            ],
            [
              79.94339379009925,
              27.961251665967726
            ],
            [
              79.9421026469313,
              27.962184608790253
            ],
            [
              79.94160036741492,
              27.96167709813076
            ],
            [
              79.9411661586375,
              27.961981279976442
            ],
            [
              79.93993332691123,
              27.960499593814838
            ],
            [
              79.93832243111284,
              27.961280169874318
            ],
            [
              79.93491764281117,
              27.96328765702171
            ],
            [
              79.93328366659814,
              27.964372511005198
            ],
            [
              79.9322106011435,
              27.963184988021432
            ],
            [
              79.93096630062604,
              27.96185544666946
            ],
            [
              79.93015589806889,
              27.96087091624455
            ],
            [
              79.92866063341384,
              27.959115068699134
            ],
            [
              79.92822685133616,
              27.95863802395079
            ],
            [
              79.92668557766724,
              27.95750101337409
            ],
            [
              79.92520138205313,
              27.95640459033269
            ],
            [
              79.92498436614846,
              27.956566804929793
            ],
            [
              79.92318065775412,
              27.955054226656326
            ],
            [
              79.92270055943874,
              27.955632297189627
            ],
            [
              79.92236944761153,
              27.955540878183918
            ],
            [
              79.92195809107663,
              27.955804441892866
            ],
            [
              79.92009563196436,
              27.95683838110403
            ],
            [
              79.919524418428,
              27.956939542177476
            ],
            [
              79.91941041503193,
              27.956716298153403
            ],
            [
              79.91915916702676,
              27.956716169609056
            ],
            [
              79.9187594679293,
              27.956523168812154
            ],
            [
              79.91785751087502,
              27.95597488587441
            ],
            [
              79.91737818331414,
              27.95549778519407
            ],
            [
              79.91718391005753,
              27.955649902387556
            ],
            [
              79.91648685512628,
              27.956085718793112
            ],
            [
              79.91698864416254,
              27.957303542724162
            ],
            [
              79.91743355995982,
              27.958074870949492
            ],
            [
              79.91659935114932,
              27.95872370434698
            ],
            [
              79.91701008515173,
              27.959434143938775
            ],
            [
              79.91627872894969,
              27.95995119063128
            ],
            [
              79.91464473926197,
              27.96088373289248
            ],
            [
              79.91422195166508,
              27.961177748901388
            ],
            [
              79.91251926870588,
              27.962414664311336
            ],
            [
              79.91227912926749,
              27.962779742134465
            ],
            [
              79.9121415989941,
              27.963530467017662
            ],
            [
              79.91198090655945,
              27.964575329901724
            ],
            [
              79.91185486214532,
              27.965163744063556
            ],
            [
              79.91166041820881,
              27.96552884591079
            ],
            [
              79.91135177055192,
              27.96581281730365
            ],
            [
              79.90926060935148,
              27.96705957100458
            ],
            [
              79.90642716843514,
              27.96789998319744
            ],
            [
              79.90575365565256,
              27.967412550349707
            ],
            [
              79.90440485501637,
              27.968517650027685
            ],
            [
              79.90481545337319,
              27.96935994786147
            ],
            [
              79.903901148077,
              27.970039226242058
            ],
            [
              79.90417493301604,
              27.970485754713106
            ],
            [
              79.90315786763789,
              27.970982272146276
            ],
            [
              79.9029169996658,
              27.972230049066038
            ],
            [
              79.90277904269266,
              27.973447406804006
            ],
            [
              79.90274353139117,
              27.974969254633653
            ],
            [
              79.9029477678626,
              27.976967993666385
            ],
            [
              79.90312465602352,
              27.977237041716094
            ],
            [
              79.90330143099672,
              27.97750591535525
            ],
            [
              79.90378083760933,
              27.978054010364694
            ],
            [
              79.90399790381963,
              27.977912118220615
            ],
            [
              79.90560724912585,
              27.97975956460481
            ],
            [
              79.90593831693559,
              27.98011486408642
            ],
            [
              79.90465805595899,
              27.98120979676962
            ],
            [
              79.9040977371904,
              27.98177755074985
            ],
            [
              79.90534219401476,
              27.98278273574303
            ],
            [
              79.90458709174646,
              27.9840910551375
            ],
            [
              79.90380956124052,
              27.985094931079928
            ],
            [
              79.90422039405762,
              27.985693836970682
            ],
            [
              79.90378593375193,
              27.98609935217018
            ],
            [
              79.90496200363033,
              27.98692180096084
            ],
            [
              79.90524782958744,
              27.98667850577905
            ],
            [
              79.90620651704852,
              27.987926972109324
            ],
            [
              79.90489108792683,
              27.990016113632414
            ],
            [
              79.90410146789378,
              27.9917708403373
            ],
            [
              79.90399846436836,
              27.992034529714857
            ],
            [
              79.9035295527732,
              27.992693673791045
            ],
            [
              79.90295769873808,
              27.993393328832678
            ],
            [
              79.90263747718704,
              27.993819284670984
            ],
            [
              79.90263731189705,
              27.994032360713444
            ],
            [
              79.9026252726756,
              27.994884566279865
            ],
            [
              79.90287598438657,
              27.9956759729098
            ],
            [
              79.90312686318416,
              27.996254395303495
            ],
            [
              79.90313802924315,
              27.996660264200315
            ],
            [
              79.90277191186594,
              27.997309274017187
            ],
            [
              79.90262286069907,
              27.997988983932387
            ],
            [
              79.90186721135679,
              27.999976971624566
            ],
            [
              79.90158036581184,
              28.00037308725882
            ],
            [
              79.90156330860123,
              28.000373130882753
            ],
            [
              79.90154883674198,
              28.000393114611875
            ],
            [
              79.90054458313642,
              28.00177989863099
            ],
            [
              79.90028145131834,
              28.002145814025702
            ],
            [
              79.89816816191752,
              28.004290173151222
            ],
            [
              79.89621735798862,
              28.006110083246107
            ],
            [
              79.89447025244034,
              28.007208904629717
            ],
            [
              79.89349522821747,
              28.007622925083623
            ],
            [
              79.89381610643694,
              28.009066260745517
            ],
            [
              79.89375393134118,
              28.010544774305206
            ],
            [
              79.8938747601368,
              28.01175295889908
            ],
            [
              79.89409906766662,
              28.01242711182999
            ],
            [
              79.89472740956343,
              28.013725778254333
            ],
            [
              79.89499095370823,
              28.014248849657278
            ],
            [
              79.8945439008189,
              28.014717382385335
            ],
            [
              79.89328419329598,
              28.015564048256074
            ],
            [
              79.8922073594087,
              28.016284510226175
            ],
            [
              79.89226767229685,
              28.016879601142524
            ],
            [
              79.89265253032751,
              28.01803379322876
            ],
            [
              79.89358556280243,
              28.019296672693166
            ],
            [
              79.89388962725477,
              28.019741556223945
            ],
            [
              79.8943564870978,
              28.019976231192935
            ],
            [
              79.89480334595105,
              28.01988637981074
            ],
            [
              79.8955550786387,
              28.01940005670386
            ],
            [
              79.89612394397886,
              28.01900375964589
            ],
            [
              79.89646925817071,
              28.018985899919517
            ],
            [
              79.89703754230092,
              28.019292879662977
            ],
            [
              79.89910799014753,
              28.02033999200641
            ],
            [
              79.90075017606394,
              28.021480742007252
            ],
            [
              79.90135661793246,
              28.02190199926933
            ],
            [
              79.90401544342556,
              28.023778814928903
            ],
            [
              79.9048888349521,
              28.02354497375326
            ],
            [
              79.906351789003,
              28.022463979945616
            ],
            [
              79.90816010575477,
              28.02113071918434
            ],
            [
              79.90954172005164,
              28.0201578766238
            ],
            [
              79.9117764203564,
              28.018752658171316
            ],
            [
              79.91355132337284,
              28.01786132992546
            ],
            [
              79.91521691489397,
              28.01719510888535
            ],
            [
              79.91537876166377,
              28.017874243687206
            ],
            [
              79.91552069458034,
              28.01832505861851
            ],
            [
              79.91566250083446,
              28.018812043207074
            ],
            [
              79.91576376162824,
              28.019136610350092
            ],
            [
              79.91576353255783,
              28.01947920824806
            ],
            [
              79.91570236088026,
              28.019839766943097
            ],
            [
              79.91539757418245,
              28.020200287951933
            ],
            [
              79.91572222083455,
              28.02061512126366
            ],
            [
              79.9159251646303,
              28.020795522966523
            ],
            [
              79.91600626273748,
              28.020957869094147
            ],
            [
              79.91604672465452,
              28.02124641686249
            ],
            [
              79.91626989761212,
              28.02149889235338
            ],
            [
              79.91679765514662,
              28.021859851095964
            ],
            [
              79.91704113092796,
              28.02207634979094
            ],
            [
              79.91706126127515,
              28.02245494291828
            ],
            [
              79.91706101064518,
              28.02283361639293
            ],
            [
              79.9173653733382,
              28.02312230108
            ],
            [
              79.91746680571016,
              28.02335671888697
            ],
            [
              79.91677583866161,
              28.02418576881183
            ],
            [
              79.91720120442338,
              28.024685013378907
            ],
            [
              79.91801297601303,
              28.02547876319317
            ],
            [
              79.91742021907955,
              28.025769278111074
            ],
            [
              79.91705460925047,
              28.025949383327266
            ],
            [
              79.91705417985575,
              28.02659849580313
            ],
            [
              79.91729741399031,
              28.027355965310772
            ],
            [
              79.91711410197682,
              28.028131206025275
            ],
            [
              79.91666675174508,
              28.028942292908866
            ],
            [
              79.91646366691387,
              28.02941917408808
            ],
            [
              79.91652378576595,
              28.03064527112031
            ],
            [
              79.91664525416203,
              28.031096066667168
            ],
            [
              79.91851345530559,
              28.031565846311622
            ],
            [
              79.92072687811451,
              28.031909553608767
            ],
            [
              79.92237240756039,
              28.03113503075767
            ],
            [
              79.92271773882023,
              28.030972898213154
            ],
            [
              79.92363121766633,
              28.031532299696188
            ],
            [
              79.92578337627121,
              28.03263315321935
            ],
            [
              79.92763051641292,
              28.034383035632725
            ],
            [
              79.92652637643594,
              28.035508804748574
            ],
            [
              79.92823155760995,
              28.03700616302155
            ],
            [
              79.92961202206327,
              28.03812460063967
            ],
            [
              79.93111446156247,
              28.03891866283506
            ],
            [
              79.93190612616112,
              28.039730309844355
            ],
            [
              79.93119106809328,
              28.03959561337655
            ],
            [
              79.92995216734896,
              28.039486935712155
            ],
            [
              79.92918028095794,
              28.03977502389023
            ],
            [
              79.928611219785,
              28.040351810026113
            ],
            [
              79.92836740084724,
              28.040640128990653
            ],
            [
              79.92794010011431,
              28.04190205897707
            ],
            [
              79.92800003930336,
              28.043651007308465
            ],
            [
              79.92828405335854,
              28.044192094876298
            ],
            [
              79.92862893096914,
              28.044877421830236
            ],
            [
              79.92836446425456,
              28.045796832680157
            ],
            [
              79.9276118494213,
              28.047581480769896
            ],
            [
              79.92690386558634,
              28.04944490290715
            ],
            [
              79.92692374799853,
              28.05012998788303
            ],
            [
              79.927552786988,
              28.051320320130284
            ],
            [
              79.92836446874614,
              28.052690926387367
            ],
            [
              79.92905448807205,
              28.053682904824356
            ],
            [
              79.92935831267421,
              28.054535469108682
            ],
            [
              79.92966206541111,
              28.055387910889642
            ],
            [
              79.93087796389426,
              28.057909052349373
            ],
            [
              79.93213625926553,
              28.060001052681915
            ],
            [
              79.93341491585107,
              28.062020894096168
            ],
            [
              79.93485333780988,
              28.0635454611828
            ],
            [
              79.93599055914548,
              28.064249066333318
            ],
            [
              79.93710697819408,
              28.066016458281176
            ],
            [
              79.93795915061528,
              28.06794593705432
            ],
            [
              79.93891073958905,
              28.069359469953522
            ],
            [
              79.93744750975536,
              28.070458684685722
            ],
            [
              79.93651272376901,
              28.0710352388496
            ],
            [
              79.93608596202529,
              28.07139572699942
            ],
            [
              79.93604497908541,
              28.07200870721516
            ],
            [
              79.9364507040818,
              28.073144720265635
            ],
            [
              79.93748598459898,
              28.074875981243487
            ],
            [
              79.93886355378211,
              28.076594142747137
            ],
            [
              79.93900517677992,
              28.077784199348383
            ],
            [
              79.93857778262223,
              28.07940665392234
            ],
            [
              79.93804920582421,
              28.080091589133417
            ],
            [
              79.9374234923979,
              28.080464755788157
            ],
            [
              79.93559437785068,
              28.081527719915197
            ],
            [
              79.93321652292056,
              28.082915009372655
            ],
            [
              79.93203781738515,
              28.08361763805669
            ],
            [
              79.93122488427383,
              28.083905792633335
            ],
            [
              79.93057491633483,
              28.08370724123094
            ],
            [
              79.92923449428534,
              28.08280516368476
            ],
            [
              79.92754882362097,
              28.081542357786468
            ],
            [
              79.926533508161,
              28.080676477786014
            ],
            [
              79.92623633917681,
              28.080199204122852
            ],
            [
              79.92593207440018,
              28.07929756869383
            ],
            [
              79.92566823201471,
              28.078828753703757
            ],
            [
              79.92528243344795,
              28.078431939281554
            ],
            [
              79.92514044573414,
              28.078071217944597
            ],
            [
              79.9252626408673,
              28.077602490334876
            ],
            [
              79.9256082883341,
              28.077115874937675
            ],
            [
              79.92617732794747,
              28.07688179067645
            ],
            [
              79.92686827343647,
              28.076485472363117
            ],
            [
              79.92749838860767,
              28.076034963785663
            ],
            [
              79.92774215544317,
              28.0759630166321
            ],
            [
              79.92763059636299,
              28.0756835031517
            ],
            [
              79.92751903818112,
              28.075403988943926
            ],
            [
              79.92581337101853,
              28.073852636242364
            ],
            [
              79.92520403298154,
              28.073654078143246
            ],
            [
              79.92331419501606,
              28.074500525118015
            ],
            [
              79.92048920365325,
              28.07612176984511
            ],
            [
              79.91851786783026,
              28.07725671298744
            ],
            [
              79.91413759626664,
              28.080456417927603
            ],
            [
              79.9120031731004,
              28.082113943342975
            ],
            [
              79.91139380362237,
              28.08193332587908
            ],
            [
              79.91037810637839,
              28.081608181024862
            ],
            [
              79.90966731530817,
              28.081283295147937
            ],
            [
              79.90915943120272,
              28.081174784058963
            ],
            [
              79.9083874226408,
              28.08121041707388
            ],
            [
              79.90781843512971,
              28.081300229909058
            ],
            [
              79.90737120706888,
              28.081606465124175
            ],
            [
              79.90675136772623,
              28.08201760762056
            ],
            [
              79.90601965489302,
              28.08241381279061
            ],
            [
              79.9052879375682,
              28.08281001412119
            ],
            [
              79.90406818710915,
              28.083656709922455
            ],
            [
              79.90327496662842,
              28.084737997698607
            ],
            [
              79.90244141358808,
              28.085494681214765
            ],
            [
              79.902786109739,
              28.08637838596013
            ],
            [
              79.90174977819295,
              28.086612095262037
            ],
            [
              79.90105840959747,
              28.087242734795893
            ],
            [
              79.90073274066258,
              28.0879636470577
            ],
            [
              79.89951346002239,
              28.088251384203296
            ],
            [
              79.89846523298532,
              28.08908831618569
            ],
            [
              79.89818013286697,
              28.089917467986798
            ],
            [
              79.898605918142,
              28.091107627365716
            ],
            [
              79.89931586928743,
              28.092514404630535
            ],
            [
              79.90004667122894,
              28.093362184880093
            ],
            [
              79.90073638063612,
              28.09487706937475
            ],
            [
              79.90083457907309,
              28.09648805165154
            ],
            [
              79.90054939271646,
              28.097425419974325
            ],
            [
              79.90138212559495,
              28.097912709620594
            ],
            [
              79.90221483601555,
              28.09839997565833
            ],
            [
              79.90333176261228,
              28.09928404328461
            ],
            [
              79.9044283962667,
              28.100059961086934
            ],
            [
              79.90536278609599,
              28.100493215249923
            ],
            [
              79.90668273733684,
              28.101665870964528
            ],
            [
              79.90767282181544,
              28.103807437135718
            ],
            [
              79.90852515234015,
              28.105250211789564
            ],
            [
              79.90870409674476,
              28.105727068216027
            ],
            [
              79.9093138129725,
              28.105583215241147
            ],
            [
              79.9097802056916,
              28.106953705245886
            ],
            [
              79.91042110334116,
              28.107657354039567
            ],
            [
              79.91222625173491,
              28.10767001296578
            ],
            [
              79.91261203772527,
              28.108156981135096
            ],
            [
              79.91454126322267,
              28.110069065658728
            ],
            [
              79.91543517137204,
              28.11052031408983
            ],
            [
              79.9160448543621,
              28.110448489884277
            ],
            [
              79.91636990525609,
              28.110610943083746
            ],
            [
              79.91663376830282,
              28.111097835306293
            ],
            [
              79.91665372258021,
              28.111602681382365
            ],
            [
              79.91659208827025,
              28.11228555391352
            ],
            [
              79.91669297356822,
              28.1132951849681
            ],
            [
              79.91677392435176,
              28.114080656696682
            ],
            [
              79.91886558591379,
              28.116389372978926
            ],
            [
              79.91945498135149,
              28.11635359793583
            ],
            [
              79.92175004305345,
              28.118518172161437
            ],
            [
              79.92240053740517,
              28.118302145811022
            ],
            [
              79.92300067310042,
              28.118997817874316
            ],
            [
              79.92470803538392,
              28.11869215363321
            ],
            [
              79.92639493943516,
              28.118476595877627
            ],
            [
              79.92686231221623,
              28.118566944807515
            ],
            [
              79.92732968769225,
              28.118657293661304
            ],
            [
              79.92773600288179,
              28.118891812103453
            ],
            [
              79.92804073837561,
              28.119162447210734
            ],
            [
              79.92791867888808,
              28.119342662129167
            ],
            [
              79.92718700198745,
              28.119414475624282
            ],
            [
              79.92667872711489,
              28.11968464830379
            ],
            [
              79.92667853757035,
              28.120009116073035
            ],
            [
              79.92688152358689,
              28.120423904080276
            ],
            [
              79.92688144004359,
              28.12056810238958
            ],
            [
              79.92663743874779,
              28.120892549262926
            ],
            [
              79.92675908321368,
              28.12125314490358
            ],
            [
              79.92706397860762,
              28.121253284343283
            ],
            [
              79.92742984265992,
              28.12127144081717
            ],
            [
              79.92767354122347,
              28.1214699037033
            ],
            [
              79.92761251058137,
              28.121560010053408
            ],
            [
              79.92736859282888,
              28.121740168652174
            ],
            [
              79.92720579025165,
              28.12201050026227
            ],
            [
              79.92724638422102,
              28.12217279809259
            ],
            [
              79.9276120425591,
              28.122371314768547
            ],
            [
              79.92822169500646,
              28.122443642789968
            ],
            [
              79.92879080468842,
              28.122443897106148
            ],
            [
              79.92919746033944,
              28.122101529146434
            ],
            [
              79.92964474858736,
              28.121849404054732
            ],
            [
              79.92978697884631,
              28.121885448219246
            ],
            [
              79.93001038177263,
              28.12210188725012
            ],
            [
              79.93003062710419,
              28.122372392245918
            ],
            [
              79.93001008982017,
              28.12262470466579
            ],
            [
              79.9298881237574,
              28.12282300263355
            ],
            [
              79.92962371992488,
              28.123165435630984
            ],
            [
              79.92937967820491,
              28.123381669260297
            ],
            [
              79.92946079877002,
              28.12365210923109
            ],
            [
              79.92974417502134,
              28.123911669324006
            ],
            [
              79.93002755486592,
              28.124171228788434
            ],
            [
              79.93033232719067,
              28.124405785080775
            ],
            [
              79.93051488641596,
              28.12491060019262
            ],
            [
              79.9307383180884,
              28.12527123381364
            ],
            [
              79.93290517672456,
              28.124861870836856
            ],
            [
              79.93530393185807,
              28.12385329780985
            ],
            [
              79.93719450734041,
              28.12286247774516
            ],
            [
              79.93782451381549,
              28.122826653364985
            ],
            [
              79.93814955482797,
              28.123133254942765
            ],
            [
              79.93902355900558,
              28.12293523880068
            ],
            [
              79.93953173326685,
              28.122845296019637
            ],
            [
              79.93969433821472,
              28.122935493115694
            ],
            [
              79.93999902340293,
              28.12317003230549
            ],
            [
              79.94050701889948,
              28.123458707346874
            ],
            [
              79.94142172394594,
              28.12300827868166
            ],
            [
              79.94351571843279,
              28.121692989907842
            ],
            [
              79.94565015866698,
              28.12059393534113
            ],
            [
              79.94649506281927,
              28.120101964938126
            ],
            [
              79.94795890799891,
              28.11873224666716
            ],
            [
              79.94960572293398,
              28.11718229819774
            ],
            [
              79.95039860744475,
              28.116461461797748
            ],
            [
              79.95039545256148,
              28.116451560343606
            ],
            [
              79.94991148430387,
              28.114982976079062
            ],
            [
              79.94964772636003,
              28.113883088930734
            ],
            [
              79.9512941954437,
              28.112747812799633
            ],
            [
              79.95188344715092,
              28.11301849035278
            ],
            [
              79.95284725321254,
              28.112448589074543
            ],
            [
              79.9545140008654,
              28.11149355439246
            ],
            [
              79.95510334420081,
              28.111511802053712
            ],
            [
              79.955774040765,
              28.111277560639152
            ],
            [
              79.95626161755511,
              28.111602258271557
            ],
            [
              79.95792819722303,
              28.11104380362907
            ],
            [
              79.95833441988609,
              28.11165687283114
            ],
            [
              79.9592897099188,
              28.11104415622323
            ],
            [
              79.95985883038053,
              28.110845944231137
            ],
            [
              79.96002135807332,
              28.110845983848527
            ],
            [
              79.96077333689934,
              28.110846170050312
            ],
            [
              79.96144408556577,
              28.11039565116093
            ],
            [
              79.96205399133804,
              28.1094943406806
            ],
            [
              79.96241776860394,
              28.10842426230863
            ],
            [
              79.96247894028151,
              28.107757246682226
            ],
            [
              79.96213362698799,
              28.10732447429775
            ],
            [
              79.96158514981147,
              28.10676544113369
            ],
            [
              79.96144304801163,
              28.10633271308322
            ],
            [
              79.96211393771358,
              28.10532328511086
            ],
            [
              79.96286237358414,
              28.104228872624578
            ],
            [
              79.96412264255407,
              28.10289500137984
            ],
            [
              79.96472225542985,
              28.102327230992312
            ],
            [
              79.96532186111907,
              28.10175945997756
            ],
            [
              79.96609419037952,
              28.101326928065827
            ],
            [
              79.96701724167332,
              28.10084384662731
            ],
            [
              79.96757759996774,
              28.10107481118775
            ],
            [
              79.97067411790493,
              28.10409876732788
            ],
            [
              79.97185282883027,
              28.103738338255003
            ],
            [
              79.97295001494862,
              28.10409916669636
            ],
            [
              79.97542891687344,
              28.105109151351122
            ],
            [
              79.97616050304421,
              28.104928987791535
            ],
            [
              79.9773392876314,
              28.104099841026855
            ],
            [
              79.97721724161859,
              28.104676719314035
            ],
            [
              79.97778591921086,
              28.106696066033273
            ],
            [
              79.97835482228031,
              28.106876416795817
            ],
            [
              79.97924905112819,
              28.106624114071117
            ],
            [
              79.9807935793934,
              28.105650698050336
            ],
            [
              79.98164695196388,
              28.10651618326405
            ],
            [
              79.98335408966857,
              28.10550677920488
            ],
            [
              79.98465168004533,
              28.105009668285962
            ],
            [
              79.98467367799002,
              28.105001241206846
            ],
            [
              79.9846535359647,
              28.10551792175561
            ],
            [
              79.98439240559307,
              28.106016679269715
            ],
            [
              79.98403096484525,
              28.106515516080165
            ],
            [
              79.98403093070927,
              28.106782714182042
            ],
            [
              79.98417148740684,
              28.106960891309836
            ],
            [
              79.98449271237604,
              28.10688960116022
            ],
            [
              79.98455296238212,
              28.106871799613423
            ],
            [
              79.98489440214014,
              28.10655121278986
            ],
            [
              79.98523583022009,
              28.106319660185658
            ],
            [
              79.98541159458857,
              28.106384204383307
            ],
            [
              79.98563245797757,
              28.106776162800937
            ],
            [
              79.98547156881189,
              28.108807067818844
            ],
            [
              79.98527061208956,
              28.109929349051672
            ],
            [
              79.9856722560396,
              28.110071932394288
            ],
            [
              79.98595331373919,
              28.110071956957256
            ],
            [
              79.98635496218081,
              28.110196731984118
            ],
            [
              79.98679666739929,
              28.1103570303687
            ],
            [
              79.98701756582258,
              28.110517402202284
            ],
            [
              79.98703761801636,
              28.110820306225868
            ],
            [
              79.9868970146064,
              28.111034069652167
            ],
            [
              79.98661593444896,
              28.111230015189648
            ],
            [
              79.9861339218237,
              28.11137243120332
            ],
            [
              79.98549428990037,
              28.11204041081087
            ],
            [
              79.98449014499093,
              28.11271725723126
            ],
            [
              79.98424908657601,
              28.11318048882337
            ],
            [
              79.98449006324427,
              28.113394286369747
            ],
            [
              79.9856346040528,
              28.11351903930798
            ],
            [
              79.98613667785499,
              28.113661628971073
            ],
            [
              79.9864379090209,
              28.113875428727525
            ],
            [
              79.98641780741978,
              28.114053586942433
            ],
            [
              79.98631738295754,
              28.114106999883113
            ],
            [
              79.98601611406237,
              28.11423171396078
            ],
            [
              79.98569474985433,
              28.114463267708263
            ],
            [
              79.98537349164748,
              28.11465920618823
            ],
            [
              79.98503206356754,
              28.114694789262987
            ],
            [
              79.984811161551,
              28.1145344149603
            ],
            [
              79.98457017859454,
              28.114356232982207
            ],
            [
              79.98424892937085,
              28.11446313539062
            ],
            [
              79.9840681416233,
              28.11474811869078
            ],
            [
              79.98418861109279,
              28.11501541671668
            ],
            [
              79.98442959674418,
              28.11517570235298
            ],
            [
              79.98473073089201,
              28.11533608282746
            ],
            [
              79.98519263922124,
              28.115514286154593
            ],
            [
              79.98597576982466,
              28.11585286809484
            ],
            [
              79.98635733283487,
              28.116155708718505
            ],
            [
              79.98630710533237,
              28.116324960778904
            ],
            [
              79.98542348828295,
              28.116538659356525
            ],
            [
              79.98474059169888,
              28.116859301897048
            ],
            [
              79.98421843965177,
              28.11742925262731
            ],
            [
              79.98340790234732,
              28.11843314422284
            ],
            [
              79.9832351033176,
              28.119308501956787
            ],
            [
              79.98337064112766,
              28.119964979716634
            ],
            [
              79.9837653545753,
              28.120293342269154
            ],
            [
              79.98417236955244,
              28.120796650826037
            ],
            [
              79.98439427678382,
              28.121289110041474
            ],
            [
              79.98470263608151,
              28.121759640207333
            ],
            [
              79.98482600980432,
              28.121721331699806
            ],
            [
              79.9849492541697,
              28.12168302080177
            ],
            [
              79.98510155723793,
              28.12159803974007
            ],
            [
              79.98514176044016,
              28.121312952635552
            ],
            [
              79.98524669983502,
              28.12075370399821
            ],
            [
              79.98524673666594,
              28.12043299862953
            ],
            [
              79.98548777621626,
              28.120219249184675
            ],
            [
              79.98574890209629,
              28.11998769202108
            ],
            [
              79.9857891044002,
              28.11970269570835
            ],
            [
              79.98603006310213,
              28.119257364674958
            ],
            [
              79.98609031580318,
              28.119257370220968
            ],
            [
              79.98629114765968,
              28.119382034732965
            ],
            [
              79.98649196065153,
              28.119684949371205
            ],
            [
              79.98673295618438,
              28.11988093535405
            ],
            [
              79.98711445361756,
              28.119934385006122
            ],
            [
              79.98743582231718,
              28.11977405815389
            ],
            [
              79.98781733232678,
              28.11970285891856
            ],
            [
              79.98829934585035,
              28.119881052611678
            ],
            [
              79.98837966511823,
              28.12009483204511
            ],
            [
              79.98829930812111,
              28.12029079192581
            ],
            [
              79.98799801676809,
              28.12052234922711
            ],
            [
              79.98757631343774,
              28.120825122787902
            ],
            [
              79.98721476040049,
              28.121110185836915
            ],
            [
              79.98715446727526,
              28.12150211262028
            ],
            [
              79.98721469662014,
              28.12175150203735
            ],
            [
              79.9874757659063,
              28.122107747632462
            ],
            [
              79.98773675434411,
              28.122232506278575
            ],
            [
              79.98833926967652,
              28.12260667439058
            ],
            [
              79.98864052509697,
              28.12282046581879
            ],
            [
              79.98878098387814,
              28.123212405363862
            ],
            [
              79.9886003021318,
              28.123426163893875
            ],
            [
              79.9882186573749,
              28.123728941929844
            ],
            [
              79.98781963470884,
              28.123845299235125
            ],
            [
              79.98695599259806,
              28.124646898279934
            ],
            [
              79.98673500074997,
              28.125163454869956
            ],
            [
              79.98747811230581,
              28.12568017930197
            ],
            [
              79.98800019069108,
              28.126107758979494
            ],
            [
              79.98824119430876,
              28.1263749668914
            ],
            [
              79.98814073391391,
              28.126731274760314
            ],
            [
              79.98793984187029,
              28.127105289321815
            ],
            [
              79.98804025375611,
              28.127283454073826
            ],
            [
              79.98858253974369,
              28.1276219996394
            ],
            [
              79.98866275301036,
              28.127924809395868
            ],
            [
              79.98876310830232,
              28.128779895266092
            ],
            [
              79.98886178913457,
              28.129860589680764
            ],
            [
              79.989002353917,
              28.130323751166284
            ],
            [
              79.98918312279991,
              28.13041288833898
            ],
            [
              79.98950440885454,
              28.130288170902094
            ],
            [
              79.9896450356207,
              28.130003185337905
            ],
            [
              79.98978565609863,
              28.129789424079778
            ],
            [
              79.99008694655338,
              28.129807248757185
            ],
            [
              79.99072956806997,
              28.130270438200384
            ],
            [
              79.99155296385939,
              28.130840563212967
            ],
            [
              79.99241655656283,
              28.131143405070056
            ],
            [
              79.99307939017332,
              28.131481940819395
            ],
            [
              79.99329019782104,
              28.13170460137579
            ],
            [
              79.99329023375367,
              28.131704630686958
            ],
            [
              79.9935010791306,
              28.131927301079152
            ],
            [
              79.99392287588576,
              28.13239046709979
            ],
            [
              79.99460570419785,
              28.132711188977435
            ],
            [
              79.99494716731203,
              28.13296058083361
            ],
            [
              79.99502749915635,
              28.133352507064888
            ],
            [
              79.99488687778008,
              28.133744427109555
            ],
            [
              79.99480652257958,
              28.133922580032323
            ],
            [
              79.99482658555316,
              28.134546078866013
            ],
            [
              79.99486901657728,
              28.135124418891657
            ],
            [
              79.99432676203077,
              28.13530255684531
            ],
            [
              79.99360362810852,
              28.135320337828684
            ],
            [
              79.99304129172378,
              28.135356020195903
            ],
            [
              79.99229816938815,
              28.13544502009878
            ],
            [
              79.99187632322568,
              28.135712187302627
            ],
            [
              79.99151483396882,
              28.136104090794817
            ],
            [
              79.99137417755827,
              28.13678099917371
            ],
            [
              79.99139424322676,
              28.13713730967622
            ],
            [
              79.99167544375848,
              28.137493633252465
            ],
            [
              79.99223777116003,
              28.1377608460455
            ],
            [
              79.9927599393768,
              28.137796481655304
            ],
            [
              79.9933022963313,
              28.137885626870506
            ],
            [
              79.99354333228831,
              28.138188435350074
            ],
            [
              79.99336251399805,
              28.13877630973399
            ],
            [
              79.99354326940625,
              28.13948884102911
            ],
            [
              79.99370384865317,
              28.13988076793672
            ],
            [
              79.99382435675021,
              28.140254886316566
            ],
            [
              79.99376407889635,
              28.140593386149074
            ],
            [
              79.9934026031142,
              28.14053995392865
            ],
            [
              79.99322182075653,
              28.14036179299803
            ],
            [
              79.99290042600576,
              28.14016581911748
            ],
            [
              79.99235813822159,
              28.14046859184322
            ],
            [
              79.99239787429987,
              28.140946425167904
            ],
            [
              79.99257864408112,
              28.141338353079785
            ],
            [
              79.9927995937084,
              28.141659056886255
            ],
            [
              79.9926790469838,
              28.141997461188083
            ],
            [
              79.99233753715718,
              28.142211212349512
            ],
            [
              79.99189568730995,
              28.14242495674749
            ],
            [
              79.99149390412101,
              28.142710019376683
            ],
            [
              79.99145372158004,
              28.142799047231108
            ],
            [
              79.99155414963556,
              28.143012818179926
            ],
            [
              79.9916344976495,
              28.143101944796364
            ],
            [
              79.99191573411385,
              28.143101958262218
            ],
            [
              79.99221694911006,
              28.14320880903095
            ],
            [
              79.99227719911617,
              28.14345818991728
            ],
            [
              79.99211658483493,
              28.143636334608455
            ],
            [
              79.99179536884893,
              28.14378620325403
            ],
            [
              79.9918956900049,
              28.144071198100168
            ],
            [
              79.99243807660378,
              28.144089029114802
            ],
            [
              79.99300872869307,
              28.144208097854875
            ],
            [
              79.99313214014511,
              28.14458010364407
            ],
            [
              79.99304057756315,
              28.145051044034382
            ],
            [
              79.99271924120286,
              28.145460753653733
            ],
            [
              79.99219689601799,
              28.146102023936304
            ],
            [
              79.99195578999235,
              28.146778918248273
            ],
            [
              79.99177507141506,
              28.147135213713362
            ],
            [
              79.99153128032505,
              28.147612751159915
            ],
            [
              79.99235479738705,
              28.14812944099623
            ],
            [
              79.99283692230172,
              28.148396643890912
            ],
            [
              79.99315823979738,
              28.148503494129795
            ],
            [
              79.9934595958291,
              28.148111681940794
            ],
            [
              79.99335917406181,
              28.14766625193094
            ],
            [
              79.99358017040149,
              28.147310047737474
            ],
            [
              79.99410237994077,
              28.14731006674735
            ],
            [
              79.99444389785222,
              28.147185343633403
            ],
            [
              79.99484557503993,
              28.147167551154094
            ],
            [
              79.99512681509752,
              28.1473100976384
            ],
            [
              79.9950665408369,
              28.147523861167727
            ],
            [
              79.99486563711518,
              28.147862261989168
            ],
            [
              79.99454429805995,
              28.148289780080194
            ],
            [
              79.99400186025709,
              28.149002369276396
            ],
            [
              79.99364034584741,
              28.149216119130905
            ],
            [
              79.99319837472763,
              28.149358642294754
            ],
            [
              79.9929372030335,
              28.14955458826649
            ],
            [
              79.99273640082141,
              28.149768344147258
            ],
            [
              79.99233459697125,
              28.150053312777676
            ],
            [
              79.9919529782655,
              28.150427404338203
            ],
            [
              79.99193287217282,
              28.150712390223962
            ],
            [
              79.99209347477594,
              28.150872742865573
            ],
            [
              79.99233454666557,
              28.150926170723263
            ],
            [
              79.99273634243093,
              28.15083715992134
            ],
            [
              79.99315813469448,
              28.150534292945537
            ],
            [
              79.99345949701441,
              28.15014238997195
            ],
            [
              79.99394155814869,
              28.14975049269255
            ],
            [
              79.99428308504332,
              28.14955463895845
            ],
            [
              79.99476522972093,
              28.14955465400764
            ],
            [
              79.99498610568637,
              28.149608077770615
            ],
            [
              79.99512672257104,
              28.14988719588535
            ],
            [
              79.99502627115935,
              28.150029641326356
            ],
            [
              79.99430313544048,
              28.150510654074804
            ],
            [
              79.99390133069198,
              28.150813433199627
            ],
            [
              79.993559905307,
              28.15095596136594
            ],
            [
              79.99333890267911,
              28.15129444876353
            ],
            [
              79.9933020214468,
              28.15159402580336
            ],
            [
              79.99357467630519,
              28.151733179608087
            ],
            [
              79.99423753327191,
              28.15171539818098
            ],
            [
              79.99464461921593,
              28.151454746674233
            ],
            [
              79.99538783587465,
              28.151347932646228
            ],
            [
              79.99550836642962,
              28.15159731121307
            ],
            [
              79.99556862272392,
              28.15195361361571
            ],
            [
              79.99554852741102,
              28.152185183285397
            ],
            [
              79.99534762009604,
              28.15241674611795
            ],
            [
              79.99516681168721,
              28.152434547229575
            ],
            [
              79.99502618581938,
              28.152345513128292
            ],
            [
              79.99484538190215,
              28.152256387076154
            ],
            [
              79.99464459406312,
              28.152078229794448
            ],
            [
              79.99434324791284,
              28.152078220289916
            ],
            [
              79.99400171203507,
              28.152291971132826
            ],
            [
              79.99404187840639,
              28.152630469355703
            ],
            [
              79.99412221384392,
              28.15316492329817
            ],
            [
              79.99430299709992,
              28.153770511617996
            ],
            [
              79.9945440653963,
              28.15407340270489
            ],
            [
              79.9950662830204,
              28.154643481825104
            ],
            [
              79.99574923170672,
              28.155088828953204
            ],
            [
              79.9961704849811,
              28.155833837615532
            ],
            [
              79.99600975571555,
              28.15606540206074
            ],
            [
              79.99546741043919,
              28.15629704837431
            ],
            [
              79.99470395563539,
              28.156777965645272
            ],
            [
              79.99442277576493,
              28.1571520630143
            ],
            [
              79.99410131274222,
              28.157490453206506
            ],
            [
              79.99371958174706,
              28.15766859039387
            ],
            [
              79.99313703686173,
              28.158042671186458
            ],
            [
              79.99273520426544,
              28.15838114805889
            ],
            [
              79.99261475096564,
              28.158612709369862
            ],
            [
              79.99267490934359,
              28.158790861321524
            ],
            [
              79.99277535267045,
              28.158986819334775
            ],
            [
              79.99311689393811,
              28.1590580566174
            ],
            [
              79.99345844598555,
              28.158915532901194
            ],
            [
              79.99367935159538,
              28.158701781026792
            ],
            [
              79.99412136763091,
              28.158292080095162
            ],
            [
              79.99448300960138,
              28.158096138234068
            ],
            [
              79.99478426861505,
              28.158042729794367
            ],
            [
              79.99524634762416,
              28.15825650436874
            ],
            [
              79.99534679184934,
              28.15852368436658
            ],
            [
              79.99518604641409,
              28.15909373899622
            ],
            [
              79.9949248468722,
              28.15957466983838
            ],
            [
              79.99498510675974,
              28.159930968659097
            ],
            [
              79.99536527827958,
              28.16008682565668
            ],
            [
              79.99586755060945,
              28.160175958653603
            ],
            [
              79.99614871790348,
              28.160300696730477
            ],
            [
              79.99622907579891,
              28.160532264184575
            ],
            [
              79.99613419394197,
              28.160616403377002
            ],
            [
              79.99606844714464,
              28.16067470575813
            ],
            [
              79.9957268950972,
              28.160781623733534
            ],
            [
              79.99504389430857,
              28.160941948621883
            ],
            [
              79.99460188635788,
              28.160959741188165
            ],
            [
              79.99397915533828,
              28.161137868642044
            ],
            [
              79.99365768692569,
              28.161315915018054
            ],
            [
              79.99365767973913,
              28.161476257321475
            ],
            [
              79.99391886311136,
              28.16154758164825
            ],
            [
              79.99434067693451,
              28.16154759590377
            ],
            [
              79.99470231980327,
              28.16154760699141
            ],
            [
              79.99500368661478,
              28.16160103268959
            ],
            [
              79.99532503734811,
              28.16179699585369
            ],
            [
              79.99530493574699,
              28.162081977608892
            ],
            [
              79.99502375587655,
              28.162224508196335
            ],
            [
              79.99476256980935,
              28.162153185112622
            ],
            [
              79.99440092963556,
              28.16202853472745
            ],
            [
              79.99412058609664,
              28.161988416712205
            ],
            [
              79.9937991069042,
              28.16234470195407
            ],
            [
              79.99406028039496,
              28.162701007392947
            ],
            [
              79.99422099259255,
              28.163128531963718
            ],
            [
              79.99408033169044,
              28.163609462099227
            ],
            [
              79.9936182095622,
              28.163912232687544
            ],
            [
              79.99365836964527,
              28.16439326067107
            ],
            [
              79.99399991540452,
              28.16473167073557
            ],
            [
              79.99454228044384,
              28.164981151171684
            ],
            [
              79.99468290541334,
              28.16542647825589
            ],
            [
              79.99494408698892,
              28.165764882677227
            ],
            [
              79.99536590530366,
              28.166032161930833
            ],
            [
              79.99564718937866,
              28.166156809236675
            ],
            [
              79.99554671820403,
              28.166495295293693
            ],
            [
              79.99525061372344,
              28.16664819435661
            ],
            [
              79.99450717518084,
              28.167431890686824
            ],
            [
              79.99378392088434,
              28.16821567630803
            ],
            [
              79.99340224109315,
              28.168803518091554
            ],
            [
              79.99338212511901,
              28.169284448855603
            ],
            [
              79.99336199926339,
              28.16996142307651
            ],
            [
              79.9931007781619,
              28.170282002344653
            ],
            [
              79.99281947432397,
              28.170406720722912
            ],
            [
              79.99257836829834,
              28.1702819801712
            ],
            [
              79.99257837997644,
              28.170068221698248
            ],
            [
              79.99269896263364,
              28.169587297624883
            ],
            [
              79.99277936274986,
              28.1690350560604
            ],
            [
              79.9927392035651,
              28.16857192735484
            ],
            [
              79.9923173735723,
              28.168447179120538
            ],
            [
              79.99181504644521,
              28.16873222710984
            ],
            [
              79.99085064120733,
              28.16976535211672
            ],
            [
              79.99075015116804,
              28.170139354199787
            ],
            [
              79.99099125090547,
              28.1703175130967
            ],
            [
              79.99141317791634,
              28.170620411207558
            ],
            [
              79.99127250084452,
              28.17103011166577
            ],
            [
              79.99101475712152,
              28.171893477145968
            ],
            [
              79.9909343579036,
              28.17228537571358
            ],
            [
              79.99055266373935,
              28.17269506187685
            ],
            [
              79.99023116029244,
              28.17289099522195
            ],
            [
              79.98980919465404,
              28.173033411634165
            ],
            [
              79.98946772165834,
              28.17294436378403
            ],
            [
              79.98938736286459,
              28.17278401886716
            ],
            [
              79.98936730078934,
              28.172392115791055
            ],
            [
              79.98900562108967,
              28.17246340512594
            ],
            [
              79.98880461675664,
              28.17331841731282
            ],
            [
              79.98832243704474,
              28.173834922097356
            ],
            [
              79.98792054965125,
              28.174084352008432
            ],
            [
              79.98701643035209,
              28.174333649094184
            ],
            [
              79.98663475595077,
              28.17436923135414
            ],
            [
              79.98607213390184,
              28.174440403757337
            ],
            [
              79.98575072298138,
              28.17463632836256
            ],
            [
              79.9856904235679,
              28.174814467100607
            ],
            [
              79.98579087228468,
              28.17497481610088
            ],
            [
              79.9858913183065,
              28.17517077536155
            ],
            [
              79.98623279489546,
              28.175242024834844
            ],
            [
              79.9867753216315,
              28.175224264734528
            ],
            [
              79.98719720192996,
              28.175010542268524
            ],
            [
              79.98747852732751,
              28.174832418902653
            ],
            [
              79.98775983655533,
              28.174814634978063
            ],
            [
              79.98775982487723,
              28.17493936311781
            ],
            [
              79.98763925389811,
              28.175063992127978
            ],
            [
              79.98737801572867,
              28.17529553317712
            ],
            [
              79.98687565266896,
              28.175544950971798
            ],
            [
              79.98631311955319,
              28.175705153965154
            ],
            [
              79.98573048214138,
              28.17597236720963
            ],
            [
              79.98573045159867,
              28.176239537817793
            ],
            [
              79.9857705964104,
              28.176631441843888
            ],
            [
              79.98579063962104,
              28.17707675923781
            ],
            [
              79.98554948328973,
              28.17736171375888
            ],
            [
              79.98503057056756,
              28.17731394186611
            ],
            [
              79.98456851132138,
              28.177349508881267
            ],
            [
              79.98418316011563,
              28.17773568136597
            ],
            [
              79.98396214041976,
              28.178466042347026
            ],
            [
              79.98399953908167,
              28.179235250082893
            ],
            [
              79.98452188516488,
              28.18007251219205
            ],
            [
              79.9850240847312,
              28.18053567662638
            ],
            [
              79.98554652244258,
              28.18067825785492
            ],
            [
              79.98614923630264,
              28.180785140005014
            ],
            [
              79.98633007974574,
              28.180838662994464
            ],
            [
              79.98641042955637,
              28.181105839658752
            ],
            [
              79.98641038464058,
              28.181533346905116
            ],
            [
              79.98635006815917,
              28.181836120613525
            ],
            [
              79.98622945226425,
              28.18229932016792
            ],
            [
              79.98604857378686,
              28.182548669369776
            ],
            [
              79.98580753243995,
              28.182637674384097
            ],
            [
              79.98562668899685,
              28.182548632154333
            ],
            [
              79.98554634098289,
              28.182281455927466
            ],
            [
              79.985325338355,
              28.18194295488889
            ],
            [
              79.98512442744673,
              28.181657962689016
            ],
            [
              79.98480302191619,
              28.181622230823542
            ],
            [
              79.98460205531241,
              28.18180035634281
            ],
            [
              79.98452161656861,
              28.182299168138577
            ],
            [
              79.98434072371815,
              28.182637538983375
            ],
            [
              79.98417991629915,
              28.183047225086323
            ],
            [
              79.98428033896477,
              28.183456937333055
            ],
            [
              79.98472241698407,
              28.183528291347944
            ],
            [
              79.98508403020843,
              28.183439206310222
            ],
            [
              79.98534527107284,
              28.183368009014536
            ],
            [
              79.9857269975764,
              28.18402710696058
            ],
            [
              79.98586763512232,
              28.18427648301388
            ],
            [
              79.98604834561479,
              28.184650587968875
            ],
            [
              79.98638992730662,
              28.184971291866066
            ],
            [
              79.98673153235465,
              28.185078150722116
            ],
            [
              79.98707304757117,
              28.185042567274117
            ],
            [
              79.98739457617093,
              28.184971371837836
            ],
            [
              79.98759554636797,
              28.184757634802317
            ],
            [
              79.98789689341655,
              28.18449039679153
            ],
            [
              79.98811795084167,
              28.184347972672253
            ],
            [
              79.98831889229264,
              28.184437012611877
            ],
            [
              79.98882112240167,
              28.184917968103328
            ],
            [
              79.98884121232469,
              28.184971476355393
            ],
            [
              79.98874071420057,
              28.185238637151233
            ],
            [
              79.98855995699576,
              28.185292039933806
            ],
            [
              79.98793699061757,
              28.18548794307631
            ],
            [
              79.98743467966014,
              28.185861994701476
            ],
            [
              79.98719350715919,
              28.186164753777973
            ],
            [
              79.98719348919289,
              28.18634289627575
            ],
            [
              79.98723366185239,
              28.18652104085208
            ],
            [
              79.98737431736465,
              28.1866457790929
            ],
            [
              79.98759535412849,
              28.18677043088346
            ],
            [
              79.98793687114164,
              28.186770456220604
            ],
            [
              79.98837897341548,
              28.186717073971142
            ],
            [
              79.98870049662533,
              28.186734901048364
            ],
            [
              79.98900181762276,
              28.186806141233955
            ],
            [
              79.98904196512945,
              28.187304958974085
            ],
            [
              79.98890128356607,
              28.187465286871618
            ],
            [
              79.98862002194892,
              28.187803654036525
            ],
            [
              79.98845923339451,
              28.188088706658665
            ],
            [
              79.9882984133991,
              28.18869433961032
            ],
            [
              79.9879322016988,
              28.18907271495465
            ],
            [
              79.98785179888759,
              28.189286460782778
            ],
            [
              79.98793217295268,
              28.189375491859078
            ],
            [
              79.9880928276581,
              28.18946462024846
            ],
            [
              79.98833397770119,
              28.18946463687557
            ],
            [
              79.98855503871958,
              28.189375536198014
            ],
            [
              79.98895687041752,
              28.18914400663094
            ],
            [
              79.9891377426067,
              28.18900148736417
            ],
            [
              79.98925832256897,
              28.1889302763534
            ],
            [
              79.98962003011646,
              28.189126244880484
            ],
            [
              79.98988115419986,
              28.1893400119793
            ],
            [
              79.99024287342542,
              28.189411254387796
            ],
            [
              79.99048402167189,
              28.189411267847852
            ],
            [
              79.99086575087041,
              28.18923314788165
            ],
            [
              79.99128776232287,
              28.189215366351785
            ],
            [
              79.99160928732937,
              28.189322303309822
            ],
            [
              79.99185031699821,
              28.189553871287274
            ],
            [
              79.99193067669026,
              28.189945767691313
            ],
            [
              79.99172968942523,
              28.19040887035666
            ],
            [
              79.99152880277148,
              28.190889776022797
            ],
            [
              79.99104645956622,
              28.19145978329057
            ],
            [
              79.99086556312251,
              28.19190508010425
            ],
            [
              79.99066468455361,
              28.19219012970757
            ],
            [
              79.99036324228364,
              28.192190113080912
            ],
            [
              79.98986084957951,
              28.192011942322623
            ],
            [
              79.98939876697715,
              28.191709046997318
            ],
            [
              79.98911742091836,
              28.19170902799532
            ],
            [
              79.98893654333928,
              28.191851547611183
            ],
            [
              79.98905708467399,
              28.192279056230372
            ],
            [
              79.98961972109599,
              28.19300946038881
            ],
            [
              79.98951920141235,
              28.19347256403259
            ],
            [
              79.98947897126064,
              28.193935669628523
            ],
            [
              79.98972010064249,
              28.194291964848315
            ],
            [
              79.99000134878489,
              28.194291983058104
            ],
            [
              79.99030280273298,
              28.19422069006472
            ],
            [
              79.99054397613226,
              28.194006953311213
            ],
            [
              79.9905439851154,
              28.19388232025116
            ],
            [
              79.99036313897736,
              28.193597249033242
            ],
            [
              79.99010190799443,
              28.193294458751
            ],
            [
              79.99012202037531,
              28.19308070985266
            ],
            [
              79.9902627010404,
              28.192991693738435
            ],
            [
              79.99084539235112,
              28.192991726991526
            ],
            [
              79.99132771489515,
              28.192831416883156
            ],
            [
              79.99176974440542,
              28.192599883716724
            ],
            [
              79.99187022366489,
              28.192608790827137
            ],
            [
              79.99197070741594,
              28.192617698728576
            ],
            [
              79.99211136741977,
              28.19284926035909
            ],
            [
              79.9920711624209,
              28.193045204283536
            ],
            [
              79.99191036757831,
              28.193419281721717
            ],
            [
              79.99156881912415,
              28.193633014899998
            ],
            [
              79.99108649208854,
              28.19381103806882
            ],
            [
              79.99100607939589,
              28.19420292361568
            ],
            [
              79.99118455757484,
              28.194320960395864
            ],
            [
              79.99166678938904,
              28.19403601464991
            ],
            [
              79.992229477015,
              28.194285400609296
            ],
            [
              79.99261118734893,
              28.194659503792682
            ],
            [
              79.99293271864362,
              28.19492668233939
            ],
            [
              79.9932341672018,
              28.194962302875496
            ],
            [
              79.99355559968184,
              28.195158261135884
            ],
            [
              79.99363597374693,
              28.195425428143427
            ],
            [
              79.99389722000122,
              28.195674795818192
            ],
            [
              79.99411828371454,
              28.195674803735383
            ],
            [
              79.99447992478667,
              28.1956214021808
            ],
            [
              79.9945804076394,
              28.195639208771844
            ],
            [
              79.99470098041516,
              28.195852962845883
            ],
            [
              79.99468086983092,
              28.196191435677523
            ],
            [
              79.99456027459726,
              28.196547712293395
            ],
            [
              79.99417853461897,
              28.19661891902118
            ],
            [
              79.99403785664884,
              28.196583303787502
            ],
            [
              79.99383688735013,
              28.19661890714548
            ],
            [
              79.99369620219346,
              28.196743625686143
            ],
            [
              79.99345503059081,
              28.196921756888468
            ],
            [
              79.99313359002599,
              28.196761409130538
            ],
            [
              79.99267137267633,
              28.19652983618292
            ],
            [
              79.99220925683628,
              28.19638728638619
            ],
            [
              79.99184731842179,
              28.19618572502569
            ],
            [
              79.99116412808866,
              28.19618569098189
            ],
            [
              79.99108372976903,
              28.196345930346887
            ],
            [
              79.99122439336614,
              28.19657749102558
            ],
            [
              79.99158612157481,
              28.196809154916807
            ],
            [
              79.99202812593228,
              28.197236675375056
            ],
            [
              79.99247023718925,
              28.197628583196263
            ],
            [
              79.99261089090486,
              28.19809169532671
            ],
            [
              79.9925907749307,
              28.198430077147755
            ],
            [
              79.99249027141671,
              28.198750741289526
            ],
            [
              79.99230938215952,
              28.198982284882057
            ],
            [
              79.9921084065726,
              28.199017885857423
            ],
            [
              79.99184715133514,
              28.198875435174756
            ],
            [
              79.99174668375376,
              28.198572565633928
            ],
            [
              79.99164631768201,
              28.198305399368593
            ],
            [
              79.99144535467148,
              28.198162859065533
            ],
            [
              79.99120418396717,
              28.198234066300547
            ],
            [
              79.99082231822474,
              28.19851910535818
            ],
            [
              79.99058124184351,
              28.19869722964256
            ],
            [
              79.99027977262402,
              28.19883965126997
            ],
            [
              79.99001849762367,
              28.19896436009366
            ],
            [
              79.98977741495423,
              28.199213702093505
            ],
            [
              79.98993806157479,
              28.19956999000937
            ],
            [
              79.99023951462458,
              28.19967683585543
            ],
            [
              79.9911236823413,
              28.199908530237277
            ],
            [
              79.99194756771254,
              28.200015398703798
            ],
            [
              79.99253039107562,
              28.200086645872112
            ],
            [
              79.9925504801003,
              28.20022917569217
            ],
            [
              79.99244998377286,
              28.2003717013637
            ],
            [
              79.99228920240499,
              28.20040730187613
            ],
            [
              79.9917867638868,
              28.200407278125578
            ],
            [
              79.99150549687975,
              28.200478483073336
            ],
            [
              79.99128441430183,
              28.200621001287146
            ],
            [
              79.99120400879569,
              28.20085254874395
            ],
            [
              79.99114370039909,
              28.20108409807404
            ],
            [
              79.9911436779412,
              28.201404766126686
            ],
            [
              79.99120394142204,
              28.201867872975203
            ],
            [
              79.9912441167765,
              28.202152841380975
            ],
            [
              79.99148527939599,
              28.202330991274902
            ],
            [
              79.99174644031035,
              28.202455727690722
            ],
            [
              79.99200771171745,
              28.20245574114913
            ],
            [
              79.99236947226552,
              28.202491367092314
            ],
            [
              79.99273112142251,
              28.20265171733561
            ],
            [
              79.99271732599469,
              28.202963663645164
            ],
            [
              79.99229535855963,
              28.20317739198505
            ],
            [
              79.99191346676606,
              28.203693982113602
            ],
            [
              79.99181294079418,
              28.204246103270222
            ],
            [
              79.99179282661667,
              28.20451335363881
            ],
            [
              79.99177270435429,
              28.204905145314996
            ],
            [
              79.99173249486387,
              28.2051010861342
            ],
            [
              79.9916319931465,
              28.205261412669476
            ],
            [
              79.99143111278096,
              28.205279208154337
            ],
            [
              79.991290426726,
              28.205243591848884
            ],
            [
              79.99116985125532,
              28.205029839142956
            ],
            [
              79.99108947898686,
              28.204727064628845
            ],
            [
              79.99098900421896,
              28.204495416320146
            ],
            [
              79.9907478371079,
              28.204335163051013
            ],
            [
              79.99038618256104,
              28.204210417746197
            ],
            [
              79.99002442111463,
              28.20413917807757
            ],
            [
              79.98952206973304,
              28.204156952374596
            ],
            [
              79.98938935532789,
              28.204227428082348
            ],
            [
              79.98930883573573,
              28.204509726275905
            ],
            [
              79.9895621157301,
              28.2047416603404
            ],
            [
              79.98994397159106,
              28.204887241311503
            ],
            [
              79.99024542014926,
              28.205225729067884
            ],
            [
              79.99016500476165,
              28.20551068930919
            ],
            [
              79.98998409484322,
              28.205831343284668
            ],
            [
              79.98982330000064,
              28.205938160703386
            ],
            [
              79.98940133436221,
              28.20595602890678
            ],
            [
              79.98918024639438,
              28.20602723411488
            ],
            [
              79.98893904424902,
              28.20627657388225
            ],
            [
              79.988939027181,
              28.206472515352683
            ],
            [
              79.98926056656055,
              28.2069000280215
            ],
            [
              79.9897026113422,
              28.20718502021194
            ],
            [
              79.99006434494083,
              28.207719451745582
            ],
            [
              79.99006432427957,
              28.207986611095738
            ],
            [
              79.9899437218594,
              28.208111326659
            ],
            [
              79.98970253588371,
              28.208129116127715
            ],
            [
              79.9895217616109,
              28.207986577055664
            ],
            [
              79.98918010356223,
              28.207737200906372
            ],
            [
              79.98883842395405,
              28.207754983312707
            ],
            [
              79.98833764103092,
              28.208601211224742
            ],
            [
              79.98819688580568,
              28.209295850076252
            ],
            [
              79.98821695327081,
              28.209652124161245
            ],
            [
              79.98839781827347,
              28.209937100301453
            ],
            [
              79.98900066598256,
              28.210186494271596
            ],
            [
              79.98966392000462,
              28.210382477649958
            ],
            [
              79.99008586408343,
              28.21082779693718
            ],
            [
              79.9903270311945,
              28.2111484737406
            ],
            [
              79.99032699795684,
              28.211611572389987
            ],
            [
              79.99014605659738,
              28.212217185232863
            ],
            [
              79.99024651699222,
              28.21271589703217
            ],
            [
              79.99028667977028,
              28.21321469674402
            ],
            [
              79.99018617086641,
              28.213357125140938
            ],
            [
              79.98994497500922,
              28.213357110892325
            ],
            [
              79.98974399043912,
              28.213214664288824
            ],
            [
              79.98960340679214,
              28.213089933311345
            ],
            [
              79.9893823547569,
              28.21255560464163
            ],
            [
              79.98914116788288,
              28.21246647572115
            ],
            [
              79.98883966901901,
              28.21255556901986
            ],
            [
              79.98865885791527,
              28.21276930112525
            ],
            [
              79.98827693557897,
              28.213107649124485
            ],
            [
              79.9879553342157,
              28.21321454317547
            ],
            [
              79.98739263311498,
              28.213374832993846
            ],
            [
              79.9870710101921,
              28.21365976832932
            ],
            [
              79.98707100120896,
              28.213748790181345
            ],
            [
              79.98703077465053,
              28.214016035773458
            ],
            [
              79.98674947440584,
              28.214105035164163
            ],
            [
              79.98630726613081,
              28.214229719835803
            ],
            [
              79.98538273621007,
              28.214621518619353
            ],
            [
              79.98518171480903,
              28.214817440032046
            ],
            [
              79.98530229387299,
              28.21499549360551
            ],
            [
              79.98552338633243,
              28.2150490176699
            ],
            [
              79.98582488429795,
              28.21504904537509
            ],
            [
              79.98646797832839,
              28.215049097619158
            ],
            [
              79.98680968398774,
              28.21496001431645
            ],
            [
              79.98707089341111,
              28.21483540411423
            ],
            [
              79.98745281215416,
              28.21460379434997
            ],
            [
              79.9876940250793,
              28.214443573660567
            ],
            [
              79.98799542423019,
              28.214390091246557
            ],
            [
              79.98821652118117,
              28.214390107078195
            ],
            [
              79.98855819989106,
              28.214586070077665
            ],
            [
              79.98867876188703,
              28.215013565312223
            ],
            [
              79.98861842294771,
              28.21545894365536
            ],
            [
              79.9884829354433,
              28.216266735328418
            ],
            [
              79.98848290759551,
              28.216569499296213
            ],
            [
              79.98838237623374,
              28.21692576019924
            ],
            [
              79.98810095381818,
              28.21713948276664
            ],
            [
              79.98781954487734,
              28.217192875148843
            ],
            [
              79.98745784900795,
              28.21713943527296
            ],
            [
              79.98723675744685,
              28.217032592644404
            ],
            [
              79.98675448431017,
              28.216765307899152
            ],
            [
              79.9864931688856,
              28.216890007670624
            ],
            [
              79.98633231205925,
              28.217406500611357
            ],
            [
              79.98643276526757,
              28.217869694814908
            ],
            [
              79.98677441343476,
              28.21842183530892
            ],
            [
              79.98713610930412,
              28.21851097825619
            ],
            [
              79.98743761265956,
              28.218546609926314
            ],
            [
              79.98761851359482,
              28.218582231294384
            ],
            [
              79.98775909634355,
              28.218760376742406
            ],
            [
              79.98775908466546,
              28.218885097138884
            ],
            [
              79.9876988732869,
              28.219027526679852
            ],
            [
              79.98757826278191,
              28.219098826074585
            ],
            [
              79.98737725126236,
              28.219170027269993
            ],
            [
              79.98717620920009,
              28.219526278704826
            ],
            [
              79.98703545217822,
              28.22006057724469
            ],
            [
              79.98701532272933,
              28.220345626135657
            ],
            [
              79.98691479496085,
              28.220577164080535
            ],
            [
              79.98669375909526,
              28.22087990791066
            ],
            [
              79.9867138148823,
              28.221307392195143
            ],
            [
              79.98703529766799,
              28.221592467043745
            ],
            [
              79.9873739921745,
              28.221762643124062
            ],
            [
              79.98755486526201,
              28.222136634258604
            ],
            [
              79.98753473042323,
              28.222492897957085
            ],
            [
              79.98747440406032,
              28.222724439160285
            ],
            [
              79.98709254730105,
              28.223116284342673
            ],
            [
              79.9869518028556,
              28.223472537648224
            ],
            [
              79.98713268312963,
              28.223775312051803
            ],
            [
              79.98745417759342,
              28.224006882133935
            ],
            [
              79.98799688578913,
              28.22430977612272
            ],
            [
              79.98851938997583,
              28.22463037682134
            ],
            [
              79.98900180235141,
              28.224897653749437
            ],
            [
              79.98940371040614,
              28.22512922535433
            ],
            [
              79.98940369693142,
              28.225271748668646
            ],
            [
              79.9892629731472,
              28.225431976062964
            ],
            [
              79.98906193737314,
              28.2256814027053
            ],
            [
              79.98865997721612,
              28.22603754772178
            ],
            [
              79.98849913476282,
              28.226358192303653
            ],
            [
              79.9884187014089,
              28.2266609458585
            ],
            [
              79.9879966297693,
              28.227070592189154
            ],
            [
              79.98763479735601,
              28.227070565278556
            ],
            [
              79.98733328322076,
              28.226928110059674
            ],
            [
              79.98701177797722,
              28.226732149925287
            ],
            [
              79.98673038790098,
              28.226393667013646
            ],
            [
              79.98641592904252,
              28.226212848763694
            ],
            [
              79.98610735774241,
              28.22621548364741
            ],
            [
              79.98586610798635,
              28.22648261492943
            ],
            [
              79.98576557842122,
              28.22667854227931
            ],
            [
              79.98562480433137,
              28.22723072902823
            ],
            [
              79.98564486371164,
              28.227604798357973
            ],
            [
              79.9857252521498,
              28.227782936664884
            ],
            [
              79.98580563968963,
              28.227961074674468
            ],
            [
              79.98616741910232,
              28.22847760270027
            ],
            [
              79.98654924711553,
              28.228548850669327
            ],
            [
              79.98693119190969,
              28.228495470298263
            ],
            [
              79.98749395768911,
              28.228370794371536
            ],
            [
              79.98771506721651,
              28.228513334727356
            ],
            [
              79.98781554827261,
              28.22883399719887
            ],
            [
              79.9877331458116,
              28.22909012916311
            ],
            [
              79.98702965984127,
              28.22923259811726
            ],
            [
              79.98636636270008,
              28.229499694938085
            ],
            [
              79.9862256218479,
              28.22974902976198
            ],
            [
              79.9863261253619,
              28.229820345739903
            ],
            [
              79.9865270353718,
              28.22990938181862
            ],
            [
              79.98696928496935,
              28.229909416643153
            ],
            [
              79.98753204356223,
              28.22992726500624
            ],
            [
              79.9878335666806,
              28.230052006389315
            ],
            [
              79.9880546582417,
              28.230408284825582
            ],
            [
              79.98811493968883,
              28.2306932427682
            ],
            [
              79.98807470414725,
              28.2310316970065
            ],
            [
              79.98781333572207,
              28.23140565091642
            ],
            [
              79.98739123982797,
              28.23188659917311
            ],
            [
              79.98702933644775,
              28.232456569718394
            ],
            [
              79.98710972219095,
              28.232705921377324
            ],
            [
              79.98743125707894,
              28.232759359000767
            ],
            [
              79.98771269476585,
              28.232759380369806
            ],
            [
              79.98801423585054,
              28.232759401738814
            ],
            [
              79.98825546135211,
              28.232848437739776
            ],
            [
              79.98843627065924,
              28.232973169376756
            ],
            [
              79.98845636507382,
              28.233062190161903
            ],
            [
              79.98841614031201,
              28.233293820030678
            ],
            [
              79.9881146746858,
              28.233578752064993
            ],
            [
              79.9880141343409,
              28.233863698375796
            ],
            [
              79.9880543168819,
              28.234113045955148
            ],
            [
              79.98831563769635,
              28.234308998077147
            ],
            [
              79.98879798898649,
              28.23450496487651
            ],
            [
              79.98924024756714,
              28.23459410468139
            ],
            [
              79.98952158194783,
              28.234647534236405
            ],
            [
              79.98964217628317,
              28.234968194104574
            ],
            [
              79.98952151996409,
              28.235431266993537
            ],
            [
              79.989400863645,
              28.23587653720165
            ],
            [
              79.98950133571796,
              28.236428734923546
            ],
            [
              79.98972244165208,
              28.236820615265295
            ],
            [
              79.99024508867093,
              28.237372746370937
            ],
            [
              79.99048599437224,
              28.237718279942467
            ],
            [
              79.99052615086208,
              28.238412901878863
            ],
            [
              79.99012416285726,
              28.238662313218555
            ],
            [
              79.9893603029133,
              28.238947216671278
            ],
            [
              79.98865666243273,
              28.23905399304617
            ],
            [
              79.98821447032736,
              28.23919648431025
            ],
            [
              79.98821445415768,
              28.23937461118072
            ],
            [
              79.98829485607057,
              28.23951713762934
            ],
            [
              79.9883953559913,
              28.239730880648658
            ],
            [
              79.98859627588268,
              28.23990902403746
            ],
            [
              79.98903854703978,
              28.240087090363858
            ],
            [
              79.98944061589296,
              28.240194028624256
            ],
            [
              79.99016425287178,
              28.240211877641194
            ],
            [
              79.990706953881,
              28.240247516311896
            ],
            [
              79.99100849766062,
              28.24046126815588
            ],
            [
              79.991028585787,
              28.240692808362642
            ],
            [
              79.99092805083197,
              28.240906537946962
            ],
            [
              79.99076721556519,
              28.240942227825617
            ],
            [
              79.9905460710035,
              28.24096001894631
            ],
            [
              79.99022451186102,
              28.24092430216653
            ],
            [
              79.99002347069707,
              28.240924290295737
            ],
            [
              79.9895610700911,
              28.241013370923184
            ],
            [
              79.98952095672041,
              28.241137994883402
            ],
            [
              79.98954093704896,
              28.241369626212926
            ],
            [
              79.98958112138654,
              28.241672382287195
            ],
            [
              79.98954089931969,
              28.24185050660619
            ],
            [
              79.98940027075692,
              28.24188610516056
            ],
            [
              79.98927964767549,
              28.241850489987264
            ],
            [
              79.98893789171052,
              28.241672340344085
            ],
            [
              79.98877602966934,
              28.241578171692996
            ],
            [
              79.98833371808806,
              28.241809680194454
            ],
            [
              79.98809244856906,
              28.242005593647747
            ],
            [
              79.98761002900697,
              28.24223709726467
            ],
            [
              79.98720795206896,
              28.24214804773144
            ],
            [
              79.98708734066567,
              28.242005517675565
            ],
            [
              79.98692663565458,
              28.241756163217698
            ],
            [
              79.98652456141153,
              28.241667020691573
            ],
            [
              79.98602194233194,
              28.241809499760198
            ],
            [
              79.98570034007034,
              28.242147924276807
            ],
            [
              79.98563999394449,
              28.242450671811056
            ],
            [
              79.98578070066071,
              28.242664417657558
            ],
            [
              79.98596163303704,
              28.24271784475365
            ],
            [
              79.9864038260407,
              28.242717881948103
            ],
            [
              79.98682601715626,
              28.242717915977096
            ],
            [
              79.98724809418574,
              28.2428248626793
            ],
            [
              79.98730838371772,
              28.243056405669314
            ],
            [
              79.98714751072171,
              28.243430451175264
            ],
            [
              79.98660476928829,
              28.243679750280425
            ],
            [
              79.98626294055975,
              28.24416060126637
            ],
            [
              79.98626290732209,
              28.24448124836832
            ],
            [
              79.98660460309998,
              28.245282802158787
            ],
            [
              79.98664478384431,
              28.245549949806133
            ],
            [
              79.9866246112763,
              28.246208952925
            ],
            [
              79.98678541689868,
              28.24652961286104
            ],
            [
              79.98748892892016,
              28.247135260247028
            ],
            [
              79.98795117591423,
              28.247829904742563
            ],
            [
              79.98789083427997,
              28.24811484780683
            ],
            [
              79.98752900186668,
              28.248560091186437
            ],
            [
              79.98714695286792,
              28.2490410293716
            ],
            [
              79.98708660404711,
              28.249361577128866
            ],
            [
              79.98743861158614,
              28.250079701327355
            ],
            [
              79.98653617303488,
              28.250547109902442
            ],
            [
              79.98648567334288,
              28.25081452369552
            ],
            [
              79.98658348909753,
              28.250984672955983
            ],
            [
              79.9866611879797,
              28.25126182428275
            ],
            [
              79.98666550977454,
              28.251561178147284
            ],
            [
              79.98643851358709,
              28.25183876319274
            ],
            [
              79.98581126673658,
              28.252096307792847
            ],
            [
              79.98521915659009,
              28.252297965392145
            ],
            [
              79.98412700373227,
              28.252362101865852
            ],
            [
              79.98377720155729,
              28.25253954997072
            ],
            [
              79.98363279917197,
              28.252801354802884
            ],
            [
              79.9836091429373,
              28.25301361600815
            ],
            [
              79.9836395652827,
              28.253385377737292
            ],
            [
              79.98385237258024,
              28.25392628887649
            ],
            [
              79.98369604505955,
              28.254226819024463
            ],
            [
              79.98341401717947,
              28.2544050062511
            ],
            [
              79.98289246969858,
              28.25462942074906
            ],
            [
              79.98221915095208,
              28.255124077668697
            ],
            [
              79.98163834161187,
              28.255879182024543
            ],
            [
              79.9812864068364,
              28.256371760017146
            ],
            [
              79.98122180539103,
              28.256595485927683
            ],
            [
              79.9812647960656,
              28.25673369515303
            ],
            [
              79.98138097158802,
              28.256782070871616
            ],
            [
              79.98146833993592,
              28.25680327999763
            ],
            [
              79.98161509321231,
              28.256826146032456
            ],
            [
              79.98186674006949,
              28.25680846437969
            ],
            [
              79.98224359770423,
              28.256710862331627
            ],
            [
              79.9825850275808,
              28.25646679312328
            ],
            [
              79.98280065289339,
              28.256100474223842
            ],
            [
              79.98298374032808,
              28.2556773452491
            ],
            [
              79.98307817392569,
              28.255555393011345
            ],
            [
              79.98326660903123,
              28.25543914020421
            ],
            [
              79.98340113623662,
              28.25543318900789
            ],
            [
              79.98356292012436,
              28.255439538216685
            ],
            [
              79.98378967197007,
              28.25555931932468
            ],
            [
              79.98393766042996,
              28.25565706802178
            ],
            [
              79.98395537341074,
              28.255730210350727
            ],
            [
              79.98391742677651,
              28.255831427837848
            ],
            [
              79.9838341843907,
              28.255974671343182
            ],
            [
              79.98313410842516,
              28.25659193234006
            ],
            [
              79.98295539398927,
              28.256849602347394
            ],
            [
              79.98296240803501,
              28.257103802035434
            ],
            [
              79.98305100078666,
              28.257267437071736
            ],
            [
              79.98322219991687,
              28.257415202295743
            ],
            [
              79.98369643492839,
              28.257682665328485
            ],
            [
              79.98407324405412,
              28.257982328745594
            ],
            [
              79.98417758606931,
              28.25820423613308
            ],
            [
              79.98413360904458,
              28.258456137160508
            ],
            [
              79.98398071129162,
              28.258651315024984
            ],
            [
              79.98339027470652,
              28.259265006233214
            ],
            [
              79.98329696130807,
              28.259529290933305
            ],
            [
              79.98337819506088,
              28.2597009976993
            ],
            [
              79.98381689990632,
              28.259889534745643
            ],
            [
              79.98426670164044,
              28.26003200370951
            ],
            [
              79.9845141883995,
              28.260179684394522
            ],
            [
              79.98447000566057,
              28.260431584709746
            ],
            [
              79.98441277489215,
              28.260579692901455
            ],
            [
              79.98422237427273,
              28.260613720924265
            ],
            [
              79.98345965518918,
              28.26053995607576
            ],
            [
              79.98308195134145,
              28.260697668166763
            ],
            [
              79.98305622898158,
              28.260827700966583
            ],
            [
              79.98315302155515,
              28.260922966679857
            ],
            [
              79.98336869627508,
              28.2610213648106
            ],
            [
              79.9839583863602,
              28.26146466561976
            ],
            [
              79.98427488529265,
              28.26175541864569
            ],
            [
              79.98439808474231,
              28.262057991827113
            ],
            [
              79.98437245940052,
              28.26225538327813
            ],
            [
              79.98423717581367,
              28.262456342789065
            ],
            [
              79.98408501378096,
              28.26252405265158
            ],
            [
              79.98386393569457,
              28.26251613961354
            ],
            [
              79.98322977001976,
              28.262122206299065
            ],
            [
              79.98281696899386,
              28.261938626295716
            ],
            [
              79.98264325368255,
              28.26197091001651
            ],
            [
              79.98249408393805,
              28.262128277388545
            ],
            [
              79.98226828430656,
              28.262548185000806
            ],
            [
              79.98202672642832,
              28.262977083980225
            ],
            [
              79.98142001506524,
              28.26339759036523
            ],
            [
              79.98128689013001,
              28.263680679146702
            ],
            [
              79.98131599195193,
              28.263842745392985
            ],
            [
              79.98141734976377,
              28.26390763686029
            ],
            [
              79.98159200111962,
              28.263882603625518
            ],
            [
              79.98198659329469,
              28.2638582373789
            ],
            [
              79.98209291340017,
              28.264027561947955
            ],
            [
              79.9820858346757,
              28.264238169320787
            ],
            [
              79.98199718173696,
              28.26447189227688
            ],
            [
              79.98180504287747,
              28.26502330501409
            ],
            [
              79.9819785946954,
              28.265455734665313
            ],
            [
              79.9822742239672,
              28.26604840490326
            ],
            [
              79.98252618074316,
              28.266165620103585
            ],
            [
              79.9830445338149,
              28.266181274738493
            ],
            [
              79.98329659569374,
              28.266298580780287
            ],
            [
              79.98349028414711,
              28.266556559623716
            ],
            [
              79.98380802185635,
              28.266989643697908
            ],
            [
              79.98390893679874,
              28.267316989183666
            ],
            [
              79.98367223431465,
              28.26785031969711
            ],
            [
              79.98344789264885,
              28.26815010168662
            ],
            [
              79.982810393326,
              28.26846121965972
            ],
            [
              79.98176878417766,
              28.26925498839191
            ],
            [
              79.98121018568284,
              28.270052934119896
            ],
            [
              79.98121449490125,
              28.270352371292937
            ],
            [
              79.98132351983402,
              28.27047636125695
            ],
            [
              79.98144064128245,
              28.27053226104836
            ],
            [
              79.98164690884475,
              28.270556602033928
            ],
            [
              79.98191983499436,
              28.27050680293173
            ],
            [
              79.98268158659236,
              28.2705056011515
            ],
            [
              79.982843475583,
              28.270646848606415
            ],
            [
              79.98307747683302,
              28.271020825005554
            ],
            [
              79.9833042044242,
              28.271537954640415
            ],
            [
              79.98326173117925,
              28.27213434586109
            ],
            [
              79.98332119785442,
              28.27236831099504
            ],
            [
              79.98338066722457,
              28.27260227798865
            ],
            [
              79.98357333878504,
              28.272785464616547
            ],
            [
              79.98363769499028,
              28.272891461843457
            ],
            [
              79.9835922806611,
              28.273000936055396
            ],
            [
              79.98345316126799,
              28.27310480172037
            ],
            [
              79.98340952200981,
              28.273094152893496
            ],
            [
              79.98332597509513,
              28.273102587302443
            ],
            [
              79.98316427295408,
              28.273096238354764
            ],
            [
              79.98298951469872,
              28.27305373164578
            ],
            [
              79.98288805358062,
              28.272921393329177
            ],
            [
              79.98288305894765,
              28.272284621367987
            ],
            [
              79.98277403131993,
              28.272160632717267
            ],
            [
              79.98268022294977,
              28.272155025023945
            ],
            [
              79.98251695055363,
              28.272268799114336
            ],
            [
              79.98206624331766,
              28.273115942639045
            ],
            [
              79.98165647500421,
              28.273951525622085
            ],
            [
              79.98180613792378,
              28.27406404937657
            ],
            [
              79.98200495755407,
              28.274029199699434
            ],
            [
              79.98246168799395,
              28.273893618128618
            ],
            [
              79.98304924368196,
              28.273654994144835
            ],
            [
              79.98416171373653,
              28.273416329278188
            ],
            [
              79.98448967607034,
              28.27346609933035
            ],
            [
              79.98466109798277,
              28.27368139929707
            ],
            [
              79.98464366797131,
              28.27381051435289
            ],
            [
              79.98450661111009,
              28.273996695739456
            ],
            [
              79.98423469556518,
              28.27418864736162
            ],
            [
              79.98402650920146,
              28.274546882766305
            ],
            [
              79.98402615706186,
              28.274876784126413
            ],
            [
              79.98420307666382,
              28.27506905298869
            ],
            [
              79.98444749387957,
              28.275127072974964
            ],
            [
              79.9850885145983,
              28.275107953708652
            ],
            [
              79.98527726501257,
              28.27519404773691
            ],
            [
              79.98533788871782,
              28.275337943215117
            ],
            [
              79.98525016643369,
              28.27557909820214
            ],
            [
              79.98452204775995,
              28.276641412077915
            ],
            [
              79.98438410426152,
              28.277284865069085
            ],
            [
              79.98438850690474,
              28.2785814306539
            ],
            [
              79.98415212691584,
              28.278852394988775
            ],
            [
              79.98398398924411,
              28.278861646151537
            ],
            [
              79.98383151190271,
              28.278794459306592
            ],
            [
              79.9836760413748,
              28.278637523177384
            ],
            [
              79.98321190073213,
              28.277454424621492
            ],
            [
              79.9831514782495,
              28.277378068664984
            ],
            [
              79.98302148304474,
              28.27742109420142
            ],
            [
              79.98291042881772,
              28.277679497046456
            ],
            [
              79.98285612026889,
              28.278382144684983
            ],
            [
              79.98279541481695,
              28.279632636055048
            ],
            [
              79.98290370672444,
              28.27988417789906
            ],
            [
              79.98325476115099,
              28.280246507832096
            ],
            [
              79.98411656710529,
              28.28056520472611
            ],
            [
              79.98541539715718,
              28.2810576496235
            ],
            [
              79.98578481674134,
              28.28136555685923
            ],
            [
              79.98582895366621,
              28.281578640065224
            ],
            [
              79.98575335324851,
              28.281848516948607
            ],
            [
              79.98525024818039,
              28.2820862373583
            ],
            [
              79.98504768886362,
              28.282091449780207
            ],
            [
              79.98476231655572,
              28.28197754220512
            ],
            [
              79.98425327721681,
              28.281571063861605
            ],
            [
              79.98361169505102,
              28.280855502174415
            ],
            [
              79.98343403523727,
              28.280723341261872
            ],
            [
              79.98318140023329,
              28.280801041253447
            ],
            [
              79.98292273214386,
              28.281029327913345
            ],
            [
              79.98247896888509,
              28.281665860111044
            ],
            [
              79.98200934312929,
              28.28190017928131
            ],
            [
              79.9816751177413,
              28.282001083957763
            ],
            [
              79.98121387506372,
              28.282302023026094
            ],
            [
              79.9811887303206,
              28.282701844058423
            ],
            [
              79.98132927264513,
              28.282875297352234
            ],
            [
              79.98166762309688,
              28.282938928913715
            ],
            [
              79.98216636055612,
              28.282866581303878
            ],
            [
              79.98248576194526,
              28.282782191122877
            ],
            [
              79.98309957808395,
              28.282615976809048
            ],
            [
              79.98333188511135,
              28.282645181728277
            ],
            [
              79.98331641971542,
              28.282789161277524
            ],
            [
              79.98323334890786,
              28.283067385650362
            ],
            [
              79.98293205216491,
              28.283427351321418
            ],
            [
              79.98255289484308,
              28.283840072003574
            ],
            [
              79.9824692769615,
              28.284313206153975
            ],
            [
              79.98217499785754,
              28.28485991223076
            ],
            [
              79.98166460655418,
              28.285173326091115
            ],
            [
              79.98060538234138,
              28.285631478893173
            ],
            [
              79.979831722676,
              28.28627089622064
            ],
            [
              79.9791978480553,
              28.286611632606903
            ],
            [
              79.97890204091709,
              28.286881017361797
            ],
            [
              79.97887276841524,
              28.287116391380454
            ],
            [
              79.97911804531873,
              28.287114402700812
            ],
            [
              79.97943093661705,
              28.286978173311702
            ],
            [
              79.98001949212994,
              28.286746997062057
            ],
            [
              79.98055189575108,
              28.286274012159836
            ],
            [
              79.98114389270981,
              28.285870039655588
            ],
            [
              79.98158696157087,
              28.285893215873127
            ],
            [
              79.98177042629798,
              28.28606988433203
            ],
            [
              79.9818936419173,
              28.28637235602598
            ],
            [
              79.98177541464277,
              28.286706551727217
            ],
            [
              79.9814056662752,
              28.28719332414315
            ],
            [
              79.98117775470446,
              28.287530901332023
            ],
            [
              79.98101988926801,
              28.288086428328135
            ],
            [
              79.98087126839411,
              28.28851357598016
            ],
            [
              79.98043554326053,
              28.288549678657485
            ],
            [
              79.97976206641053,
              28.288182078631202
            ],
            [
              79.97922195614261,
              28.28753130634397
            ],
            [
              79.97882670011252,
              28.287353414197668
            ],
            [
              79.97859187870063,
              28.287436888687
            ],
            [
              79.97807225361443,
              28.288275918172907
            ],
            [
              79.97800698561915,
              28.288627278014463
            ],
            [
              79.97812328331247,
              28.288743008919088
            ],
            [
              79.97830262836565,
              28.288755144899472
            ],
            [
              79.9789174110916,
              28.288596290170076
            ],
            [
              79.97949815665142,
              28.28863573096906
            ],
            [
              79.97964057914983,
              28.288756420039533
            ],
            [
              79.97958435539283,
              28.288979493379905
            ],
            [
              79.97938943624754,
              28.289111427303723
            ],
            [
              79.97886307559334,
              28.289298925894258
            ],
            [
              79.97821136402436,
              28.289566425959052
            ],
            [
              79.97789978785968,
              28.28984498225405
            ],
            [
              79.97778127042929,
              28.29057651268507
            ],
            [
              79.97774328426918,
              28.29110878701245
            ],
            [
              79.97770529900738,
              28.29164106263339
            ],
            [
              79.97764253731174,
              28.291879733326642
            ],
            [
              79.97743950009125,
              28.29214747369968
            ],
            [
              79.97719823865704,
              28.292246453644335
            ],
            [
              79.97694258531372,
              28.292234488918826
            ],
            [
              79.9762071866929,
              28.291978083879567
            ],
            [
              79.97565813908619,
              28.291987913709214
            ],
            [
              79.97542422497273,
              28.292146171706058
            ],
            [
              79.97536062964052,
              28.292377499968957
            ],
            [
              79.97547422430311,
              28.29253856386069
            ],
            [
              79.97562587070287,
              28.292665863646096
            ],
            [
              79.97615469723254,
              28.29269558233197
            ],
            [
              79.97650985426495,
              28.292824929827557
            ],
            [
              79.9766811854475,
              28.293040234161257
            ],
            [
              79.97659996786436,
              28.29326577829823
            ],
            [
              79.97640876504938,
              28.293427347082712
            ],
            [
              79.97617756744134,
              28.293472920256427
            ],
            [
              79.97576682086255,
              28.2934389066847
            ],
            [
              79.97501798614,
              28.2934762329425
            ],
            [
              79.97483798621492,
              28.293591552795622
            ],
            [
              79.97479441882197,
              28.293715885889103
            ],
            [
              79.97488023218612,
              28.293857306637108
            ],
            [
              79.97505053928924,
              28.293997732921714
            ],
            [
              79.97558478086346,
              28.294469206734234
            ],
            [
              79.97570623219154,
              28.29475699760816
            ],
            [
              79.97574391292446,
              28.295053032911344
            ],
            [
              79.9757042657794,
              28.29527436238929
            ],
            [
              79.97544462301789,
              28.295495198626586
            ],
            [
              79.97520491926241,
              28.295541686078053
            ],
            [
              79.9746405598717,
              28.2958303813029
            ],
            [
              79.97456659618446,
              28.296047665696904
            ],
            [
              79.974604378427,
              28.296343793908882
            ],
            [
              79.97481218659999,
              28.296645362387896
            ],
            [
              79.97536313144857,
              28.29711518637771
            ],
            [
              79.97548644767919,
              28.297417747705445
            ],
            [
              79.97547571999809,
              28.297666150908295
            ],
            [
              79.9754380401635,
              28.29790234503581
            ],
            [
              79.97531101029747,
              28.29803501614894
            ],
            [
              79.97500648590773,
              28.298170320993083
            ],
            [
              79.97398638961378,
              28.298272108778296
            ],
            [
              79.97372831710742,
              28.29837282392662
            ],
            [
              79.97352731816426,
              28.298722777340185
            ],
            [
              79.973377339936,
              28.299007677640713
            ],
            [
              79.97326932560793,
              28.29942325731781
            ],
            [
              79.97339430821339,
              28.29967324090055
            ],
            [
              79.97375536807554,
              28.299914545626976
            ],
            [
              79.97461850084159,
              28.300375611304
            ],
            [
              79.97485952062891,
              28.300538986089354
            ],
            [
              79.97494720159055,
              28.300695182042702
            ],
            [
              79.97486278061508,
              28.30083097705105
            ],
            [
              79.97470404560943,
              28.300846828280147
            ],
            [
              79.97445014757417,
              28.300782278067764
            ],
            [
              79.97350185272258,
              28.30051711416087
            ],
            [
              79.97315068600666,
              28.300552108611534
            ],
            [
              79.97296153763875,
              28.3007284466472
            ],
            [
              79.97296293002745,
              28.301005663935314
            ],
            [
              79.97304043756849,
              28.301215355838476
            ],
            [
              79.97338936388607,
              28.30149538205069
            ],
            [
              79.97445996256695,
              28.30198823237367
            ],
            [
              79.97462402907385,
              28.302279237024184
            ],
            [
              79.9745733802615,
              28.302546626954904
            ],
            [
              79.97434803697415,
              28.302771594133343
            ],
            [
              79.9734817062057,
              28.30315043498697
            ],
            [
              79.97298260403049,
              28.303552640639534
            ],
            [
              79.97296479223505,
              28.303944190329997
            ],
            [
              79.97303026594452,
              28.304192603606786
            ],
            [
              79.97321858157416,
              28.30454114903772
            ],
            [
              79.97330835561038,
              28.30484705378283
            ],
            [
              79.97339813413821,
              28.30515296002109
            ],
            [
              79.97371098141906,
              28.305481520870675
            ],
            [
              79.9744058983599,
              28.305817024834283
            ],
            [
              79.97569674777878,
              28.305845578802252
            ],
            [
              79.9759217200619,
              28.30595068024287
            ],
            [
              79.97598255397295,
              28.30609448116156
            ],
            [
              79.97592528008538,
              28.3063101137623
            ],
            [
              79.97558753060655,
              28.306583698943047
            ],
            [
              79.97522794757472,
              28.30661961516617
            ],
            [
              79.97491285630228,
              28.306606078171303
            ],
            [
              79.97438743798084,
              28.30686843662493
            ],
            [
              79.97416973306836,
              28.307219943090935
            ],
            [
              79.97412477418501,
              28.307531835872588
            ],
            [
              79.97426002812743,
              28.307795765910797
            ],
            [
              79.97442521483347,
              28.30822909431532
            ],
            [
              79.97434789144708,
              28.30861907112891
            ],
            [
              79.97421917993486,
              28.308804410254098
            ],
            [
              79.97365017715242,
              28.309191095697194
            ],
            [
              79.97340457865205,
              28.309522957842944
            ],
            [
              79.97349002101197,
              28.3099942616351
            ],
            [
              79.97378421926751,
              28.310309695705133
            ],
            [
              79.97391434023646,
              28.310334216614866
            ],
            [
              79.97410035438233,
              28.31033057703365
            ],
            [
              79.97431209717627,
              28.310264450044603
            ],
            [
              79.97451599677945,
              28.31000433734345
            ],
            [
              79.97483631355186,
              28.309859862350308
            ],
            [
              79.97499441434692,
              28.309970552081822
            ],
            [
              79.97513685570995,
              28.310091148942718
            ],
            [
              79.97519001711018,
              28.310243205693734
            ],
            [
              79.97519628106264,
              28.310557492267268
            ],
            [
              79.97540317025909,
              28.31091897437847
            ],
            [
              79.97561268702776,
              28.311100419237516
            ],
            [
              79.97598123973769,
              28.311400901163992
            ],
            [
              79.97612107059649,
              28.31163427227521
            ],
            [
              79.97615390402012,
              28.31182587528081
            ],
            [
              79.97606146558077,
              28.31209738530357
            ],
            [
              79.97560860059153,
              28.31239737724731
            ],
            [
              79.9751938978322,
              28.312666819314614
            ],
            [
              79.97508941388317,
              28.31302430600322
            ],
            [
              79.97515190608422,
              28.313187926298372
            ],
            [
              79.97530615131011,
              28.313416251841968
            ],
            [
              79.97600498760053,
              28.31412191077793
            ],
            [
              79.97643959522993,
              28.314455068749357
            ],
            [
              79.97672041577428,
              28.314301592926377
            ],
            [
              79.97675831569612,
              28.31400970536827
            ],
            [
              79.97675858339409,
              28.313684777902584
            ],
            [
              79.97678652010109,
              28.31344565234809
            ],
            [
              79.97696870383061,
              28.313434941916103
            ],
            [
              79.97713178937718,
              28.313536818698008
            ],
            [
              79.9773554267638,
              28.313654765348716
            ],
            [
              79.97761772135202,
              28.31387961729819
            ],
            [
              79.97818662082818,
              28.314155161693968
            ],
            [
              79.97833818009134,
              28.31436155281168
            ],
            [
              79.97834768426706,
              28.314567374916344
            ],
            [
              79.97825557461108,
              28.314761163254886
            ],
            [
              79.97802887486769,
              28.31494630662172
            ],
            [
              79.97748084325556,
              28.315096994615192
            ],
            [
              79.9773796067163,
              28.31528426631881
            ],
            [
              79.97745776284097,
              28.315438986283173
            ],
            [
              79.97756776514078,
              28.315516539934517
            ],
            [
              79.97777918723615,
              28.315539784033792
            ],
            [
              79.97867941413519,
              28.315664058265003
            ],
            [
              79.97917541442773,
              28.316020706091564
            ],
            [
              79.97931514018366,
              28.316331702367993
            ],
            [
              79.97930575638219,
              28.316650204222
            ],
            [
              79.97910382678444,
              28.31689921810957
            ],
            [
              79.97872167358108,
              28.317173626183166
            ],
            [
              79.97755193143556,
              28.318272579957473
            ],
            [
              79.9774392449697,
              28.31869741669199
            ],
            [
              79.97762592386889,
              28.319114496313095
            ],
            [
              79.97814152180767,
              28.320148524637922
            ],
            [
              79.97828164461896,
              28.321183234846412
            ],
            [
              79.97853224763377,
              28.321970480324957
            ],
            [
              79.97891890768486,
              28.322123862837703
            ],
            [
              79.97913687580372,
              28.32213168999525
            ],
            [
              79.97932706801399,
              28.322053626369538
            ],
            [
              79.97961262627315,
              28.321545126842157
            ],
            [
              79.97988879983251,
              28.321355126086676
            ],
            [
              79.98004361189533,
              28.321391390012554
            ],
            [
              79.98020038228545,
              28.321508586984272
            ],
            [
              79.98026169589684,
              28.32198978570609
            ],
            [
              79.98005485161615,
              28.322460949634
            ],
            [
              79.97935395009887,
              28.32318072237898
            ],
            [
              79.9791478361485,
              28.323592789113164
            ],
            [
              79.97910110309248,
              28.32401093525399
            ],
            [
              79.9793710657,
              28.324427099675464
            ],
            [
              79.97969737333706,
              28.324630756955703
            ],
            [
              79.98033890699384,
              28.32495080281817
            ],
            [
              79.98049215059815,
              28.325105345028952
            ],
            [
              79.98059965827642,
              28.325294016143378
            ],
            [
              79.98062501412362,
              28.32562380370135
            ],
            [
              79.9805761313991,
              28.325894581838572
            ],
            [
              79.98062569055502,
              28.325956066084633
            ],
            [
              79.98077398444212,
              28.325941219691302
            ],
            [
              79.98100368186364,
              28.32591087373597
            ],
            [
              79.98123441863595,
              28.32588786833938
            ],
            [
              79.98148909012068,
              28.32598800776665
            ],
            [
              79.98181962433115,
              28.326420233275638
            ],
            [
              79.98194940573688,
              28.326783799642115
            ],
            [
              79.98188123797988,
              28.327034387891278
            ],
            [
              79.98155961056541,
              28.327391388993885
            ],
            [
              79.98131724240683,
              28.32751899816296
            ],
            [
              79.9806338122235,
              28.327786581628562
            ],
            [
              79.98047211457406,
              28.327957785319292
            ],
            [
              79.9805281999905,
              28.328070380866816
            ],
            [
              79.98087016885624,
              28.32833166078188
            ],
            [
              79.98137423063014,
              28.32855451118385
            ],
            [
              79.98175914435635,
              28.328759820303357
            ],
            [
              79.98193270605574,
              28.329008324272397
            ],
            [
              79.98190821259121,
              28.329143665625992
            ],
            [
              79.98168586159208,
              28.329232372791246
            ],
            [
              79.98147814414894,
              28.32923831432787
            ],
            [
              79.98111105299797,
              28.3298288353049
            ],
            [
              79.98099699300802,
              28.330438376932616
            ],
            [
              79.98102652422467,
              28.330605290656642
            ],
            [
              79.98113655167732,
              28.33061649909307
            ],
            [
              79.98153812016889,
              28.33042871433493
            ],
            [
              79.98170457439777,
              28.330360372385506
            ],
            [
              79.98181376372226,
              28.33043076309038
            ],
            [
              79.98185885286131,
              28.33058859384007
            ],
            [
              79.98179627711693,
              28.330882857847307
            ],
            [
              79.98178233167046,
              28.331231357708496
            ],
            [
              79.98188228272053,
              28.331361667296303
            ],
            [
              79.9820867743135,
              28.331459412824444
            ],
            [
              79.98228286576024,
              28.33155798376554
            ],
            [
              79.98239754828265,
              28.33167214426898
            ],
            [
              79.98248298076115,
              28.33181869212129
            ],
            [
              79.98253936172331,
              28.332064154201305
            ],
            [
              79.98259991356336,
              28.33214665187759
            ],
            [
              79.982893277284,
              28.33228725691899
            ],
            [
              79.98314723011653,
              28.33244648524999
            ],
            [
              79.98325921140487,
              28.332605147989167
            ],
            [
              79.98329630823288,
              28.332830420048357
            ],
            [
              79.98342737782271,
              28.332942838060646
            ],
            [
              79.98357121516769,
              28.332958084361433
            ],
            [
              79.98371318761014,
              28.33295864892204
            ],
            [
              79.98385560022707,
              28.332767162279726
            ],
            [
              79.98400017059733,
              28.33272313199767
            ],
            [
              79.98411922342362,
              28.332740853229662
            ],
            [
              79.98440458674834,
              28.333015147667073
            ],
            [
              79.98454749343867,
              28.333023053092653
            ],
            [
              79.98472327307854,
              28.333027657342562
            ],
            [
              79.98491107217687,
              28.333127049947592
            ],
            [
              79.9850818490989,
              28.333353617645468
            ],
            [
              79.98532378786281,
              28.333418147297646
            ],
            [
              79.98550496458088,
              28.33340008538783
            ],
            [
              79.98604708617677,
              28.332939778837424
            ],
            [
              79.98637077432646,
              28.33273013683445
            ],
            [
              79.98659602239236,
              28.332729788134507
            ],
            [
              79.98682706728681,
              28.332839642797314
            ],
            [
              79.98711522796532,
              28.333202204364927
            ],
            [
              79.98740183096515,
              28.333616793312416
            ],
            [
              79.9873435294049,
              28.333814528075436
            ],
            [
              79.98720411895765,
              28.33409438068326
            ],
            [
              79.98704497521855,
              28.33467887097972
            ],
            [
              79.98696341986883,
              28.335085906283926
            ],
            [
              79.98704895655189,
              28.335298884277968
            ],
            [
              79.9873973896944,
              28.335544641150047
            ],
            [
              79.98775568903366,
              28.335671294083898
            ],
            [
              79.98819624171362,
              28.335656829365337
            ],
            [
              79.9883786536152,
              28.33577897212591
            ],
            [
              79.98840726226206,
              28.33593844982326
            ],
            [
              79.98824606587254,
              28.336309143201458
            ],
            [
              79.98834000000686,
              28.336587728113745
            ],
            [
              79.98868481293877,
              28.336804393166208
            ],
            [
              79.98934551933866,
              28.337078152108646
            ],
            [
              79.98958673226382,
              28.337268199080345
            ],
            [
              79.98970079405039,
              28.33750778735526
            ],
            [
              79.98964486134753,
              28.33791959534085
            ],
            [
              79.9894720317751,
              28.338527571701047
            ],
            [
              79.98935646980198,
              28.33886404194199
            ],
            [
              79.98939181311852,
              28.33914124520571
            ],
            [
              79.98952836243161,
              28.33962234116637
            ],
            [
              79.9897104994487,
              28.340002963308674
            ],
            [
              79.9898926400591,
              28.340383585668537
            ],
            [
              79.99008429023506,
              28.340512150938522
            ],
            [
              79.99049913402992,
              28.340559247275113
            ],
            [
              79.99061839616367,
              28.34064339633596
            ],
            [
              79.99075714724748,
              28.340880504660994
            ],
            [
              79.99088210559846,
              28.341074946327925
            ],
            [
              79.99111669883827,
              28.341147539774212
            ],
            [
              79.99152355122035,
              28.34132841517158
            ],
            [
              79.9918646514152,
              28.341515801160725
            ],
            [
              79.99210774181928,
              28.341720432962617
            ],
            [
              79.99213386392944,
              28.341924593942814
            ],
            [
              79.99212110156417,
              28.34202185695472
            ],
            [
              79.99181772162814,
              28.342325376055477
            ],
            [
              79.99176605771949,
              28.342574311607972
            ],
            [
              79.99182142897531,
              28.342745994312782
            ],
            [
              79.99209107268088,
              28.34296282864981
            ],
            [
              79.99213555276218,
              28.343179928984856
            ],
            [
              79.99211106828079,
              28.343315269681437
            ],
            [
              79.99196731717406,
              28.343366555871533
            ],
            [
              79.99168489044202,
              28.34357207830169
            ],
            [
              79.99160460531013,
              28.343727694766816
            ],
            [
              79.99164421742091,
              28.343841934696854
            ],
            [
              79.99176628229833,
              28.343947828726332
            ],
            [
              79.99196313102486,
              28.343987294065883
            ],
            [
              79.99222604634896,
              28.344020063640144
            ],
            [
              79.99224117667326,
              28.34420321270573
            ],
            [
              79.99220630317562,
              28.34464988533462
            ],
            [
              79.99237337724205,
              28.344847261971363
            ],
            [
              79.99256669828448,
              28.34492397983481
            ],
            [
              79.99278554136241,
              28.34487251413706
            ],
            [
              79.99324863906106,
              28.34470810377211
            ],
            [
              79.9935982678612,
              28.344636271748858
            ],
            [
              79.99381274602517,
              28.344747764901317
            ],
            [
              79.9940422556988,
              28.345042404764648
            ],
            [
              79.99402284759707,
              28.345347129609433
            ],
            [
              79.99391361874673,
              28.345668184350323
            ],
            [
              79.99351439306145,
              28.346136498323144
            ],
            [
              79.99349487895853,
              28.346441221610036
            ],
            [
              79.99349258555961,
              28.34668511061013
            ],
            [
              79.99366266808391,
              28.346970850093932
            ],
            [
              79.99385713088506,
              28.347121430228086
            ],
            [
              79.99441865429442,
              28.34720558911147
            ],
            [
              79.99460305865932,
              28.347342221252635
            ],
            [
              79.99463084804263,
              28.347494539374168
            ],
            [
              79.9945692281057,
              28.347796142255888
            ],
            [
              79.99465758639708,
              28.348030949811662
            ],
            [
              79.99493377882106,
              28.348298796273752
            ],
            [
              79.99502317466654,
              28.348540944092285
            ],
            [
              79.99499007444327,
              28.34893559003806
            ],
            [
              79.99481052277756,
              28.349293251211197
            ],
            [
              79.9948547010249,
              28.349443917387713
            ],
            [
              79.99499306223991,
              28.349481816130776
            ],
            [
              79.99515424066313,
              28.349502650235237
            ],
            [
              79.99543365983563,
              28.349533762637872
            ],
            [
              79.9956191035513,
              28.34974425692628
            ],
            [
              79.99571223459176,
              28.350015492211476
            ],
            [
              79.99567238622409,
              28.350684212310828
            ],
            [
              79.99532250769228,
              28.351538913807087
            ],
            [
              79.99485533613382,
              28.351866195256484
            ],
            [
              79.99479164288522,
              28.35208677482335
            ],
            [
              79.99490095887215,
              28.35222358725573
            ],
            [
              79.99503122985969,
              28.35232874324364
            ],
            [
              79.99529489258211,
              28.35230232519798
            ],
            [
              79.995690589685,
              28.352329310863556
            ],
            [
              79.99577211359366,
              28.352380146036165
            ],
            [
              79.99578517869114,
              28.35248227087803
            ],
            [
              79.9957342478078,
              28.352605497906016
            ],
            [
              79.99545087065815,
              28.352870116069496
            ],
            [
              79.9945572796141,
              28.353454208970685
            ],
            [
              79.9942895609982,
              28.353709925044676
            ],
            [
              79.99429732873047,
              28.353967575756368
            ],
            [
              79.99439731571316,
              28.35403153318073
            ],
            [
              79.99443226736423,
              28.354109252352448
            ],
            [
              79.99466865184472,
              28.354129903723937
            ],
            [
              79.99525966335163,
              28.354248103359946
            ],
            [
              79.9954998800451,
              28.354430886947807
            ],
            [
              79.9956296291115,
              28.354727995676846
            ],
            [
              79.99563127841834,
              28.355067583856595
            ],
            [
              79.99560419960244,
              28.355247608646707
            ],
            [
              79.99532694177651,
              28.35536385599954
            ],
            [
              79.99469245360652,
              28.355493763643224
            ],
            [
              79.99431861790438,
              28.355833890096633
            ],
            [
              79.99414641715262,
              28.356249905363473
            ],
            [
              79.99407992026202,
              28.356448553740364
            ],
            [
              79.99418550824053,
              28.356556186212703
            ],
            [
              79.99440457140572,
              28.35663767196847
            ],
            [
              79.99458059089575,
              28.356708789144673
            ],
            [
              79.99465226118404,
              28.356812290867488
            ],
            [
              79.99468005326231,
              28.356964605681124
            ],
            [
              79.99466780203846,
              28.357261251189108
            ],
            [
              79.99458791935184,
              28.357616342803027
            ],
            [
              79.99486879828666,
              28.35792061338199
            ],
            [
              79.99522353939909,
              28.358018067277207
            ],
            [
              79.99573034103463,
              28.35819645228248
            ],
            [
              79.99582483392105,
              28.358282887759902
            ],
            [
              79.99589276092956,
              28.358748915280238
            ],
            [
              79.99598746042851,
              28.35890187316017
            ],
            [
              79.99627716531101,
              28.35907960925522
            ],
            [
              79.9963808901836,
              28.35917265106294
            ],
            [
              79.99631066438627,
              28.359275691099896
            ],
            [
              79.99608816786005,
              28.35929789085632
            ],
            [
              79.99580882863762,
              28.35933321061735
            ],
            [
              79.9955592532955,
              28.359535432623467
            ],
            [
              79.99557511934007,
              28.35965939532747
            ],
            [
              79.99575155205513,
              28.35992980134365
            ],
            [
              79.99580486257564,
              28.360086887089828
            ],
            [
              79.9957640934348,
              28.360290399333316
            ],
            [
              79.99569468240941,
              28.36079220607845
            ],
            [
              79.99562185778598,
              28.361006269252506
            ],
            [
              79.99575680540288,
              28.361147850291314
            ],
            [
              79.99594548664687,
              28.361188042813872
            ],
            [
              79.99627710961546,
              28.36116960698116
            ],
            [
              79.99641102057656,
              28.361303939007737
            ],
            [
              79.99641879639366,
              28.361495156818876
            ],
            [
              79.99634544895069,
              28.361901354200565
            ],
            [
              79.99647043784441,
              28.36209560165202
            ],
            [
              79.9966559022213,
              28.36230609237763
            ],
            [
              79.9969517309191,
              28.362726975347545
            ],
            [
              79.99701904886987,
              28.36292700126358
            ],
            [
              79.99700389788427,
              28.363200888906633
            ],
            [
              79.9969739184083,
              28.363292460769948
            ],
            [
              79.99643759992917,
              28.36438717333809
            ],
            [
              79.99865069664966,
              28.364606160976027
            ],
            [
              79.99929007434977,
              28.364618323868626
            ],
            [
              80.00008757979438,
              28.36501360170536
            ],
            [
              80.00115322606311,
              28.365956179793514
            ],
            [
              80.00166887610419,
              28.366965650675013
            ],
            [
              80.00179951270606,
              28.367433899951152
            ],
            [
              80.00217765493164,
              28.367810926279258
            ],
            [
              80.0026382966363,
              28.36790213609481
            ],
            [
              80.00300268206163,
              28.367847398042098
            ],
            [
              80.00331207442188,
              28.368041987936703
            ],
            [
              80.00402023432669,
              28.36838251682466
            ],
            [
              80.00453589514753,
              28.368856832751955
            ],
            [
              80.00490032638692,
              28.369829807340768
            ],
            [
              80.00513412910931,
              28.370814943093624
            ],
            [
              80.00573922080997,
              28.371946013632826
            ],
            [
              80.00642681198966,
              28.372845992966724
            ],
            [
              80.00677063497812,
              28.373685174389767
            ],
            [
              80.00696318526603,
              28.374268951982984
            ],
            [
              80.00697696901574,
              28.37485273821939
            ],
            [
              80.00694952278889,
              28.375777066706416
            ],
            [
              80.00740336604345,
              28.37656758834941
            ],
            [
              80.00782970198573,
              28.377224324318302
            ],
            [
              80.008008545779,
              28.378343233172966
            ],
            [
              80.00820798973838,
              28.379015182028017
            ],
            [
              80.00831115855384,
              28.379437810211595
            ],
            [
              80.00862747512828,
              28.379814818380364
            ],
            [
              80.00960391599438,
              28.380641783616355
            ],
            [
              80.01053909095124,
              28.381225502373496
            ],
            [
              80.01631793610596,
              28.378312171894745
            ],
            [
              80.01771013255687,
              28.377272152850654
            ],
            [
              80.01872764619439,
              28.37665176261537
            ],
            [
              80.02011988756104,
              28.376122535142446
            ],
            [
              80.02062867357505,
              28.376055577310776
            ],
            [
              80.02110309543613,
              28.376049432104196
            ],
            [
              80.02171152437808,
              28.375666240030018
            ],
            [
              80.02329287997668,
              28.37544709184957
            ],
            [
              80.02465419683969,
              28.375154991315892
            ],
            [
              80.0260017308513,
              28.37475342023629
            ],
            [
              80.02774802072938,
              28.37425447039123
            ],
            [
              80.02954936655452,
              28.374035221285155
            ]
          ]
        ]
      }
    }
  ]
}