Tender ID,tender_externalreference,tender_title,Work Description,Tender Category,Tender Type,Form of contract,Product Category,Is Multi Currency Allowed For BOQ,Allow Two Stage Bidding,Independent External Monitor/Remarks,Published Date,Pre Bid Meeting Date,Bid Validity(Days),Should Allow NDA Tender,Allow Preferential Bidder,Payment Mode,Bid Opening Date,Organisation Chain,location,Pincode,No of Bids Received,Tender Value in ₹,Bidder Name,Awarded Value,Status,Contract Date,Department
2018_DVVNL_160249_2,98/SE/EDCB/2017-18,"HEAVY STORM RELATED WORKS_EDSD, ATARRA UNDER EDD, BANDA","HEAVY STORM RELATED WORKS_EDSD, ATARRA UNDER EDD, BANDA",Works,Open Tender,Item Rate,Electrical Works,No,No,NA ,07-Mar-2018 05:30 PM,NA ,180.0,No ,No,Offline,13-Mar-2018 03:00 PM,Dakshinanchal Vidyut Vitran Nigam Ltd.,BANDA,210001.0,2.0,"14,30,000","Ms VAKAR KHAN CONSTRUCTION AND SUPPLIERS, BABERU, BANDA","1,220,034.5",Rejected-AOC,2019-12-05,Dakshinanchal Vidyut Vitran Nigam Ltd.
2018_UPTCL_208581_1,Short Term T. No. 33 ETC(GZP)/2018-19,Goods,"SUPPLY OF MATERIALS REQUIRED FOR INCREASING CAPACITY OF 132 KV S/S DIGHAR UNDER ETD, BALLIA",Goods,Open Tender,Turn-key,Electrical Work/ Equipment,No,No,NA ,26-May-2018 09:00 AM,NA ,180.0,No ,No,Offline,08-Jun-2018 03:00 PM,UP Power Transmission Corp.Ltd (Operation)||Chief Engineer (TE) East Allahabad||S.E. ETC Ghazipur||Accountant ETC Ghazipur,Ballia,277001.0,2.0,"2,00,000",M S Traders,"189,490",Accepted-AOC,2019-12-25,UP Power Transmission Corp.Ltd (Operation)||Chief Engineer (TE) East Allahabad||S.E. ETC Ghazipur||Accountant ETC Ghazipur
2019_CEBLY_368668_2,6540(2)/142C (E tender)-3/19-20 DATE 29.07.19,Special Repair of Katra Jalalabad to Jaurabhure Link Road in Distt. Shahjahanpur,Special Repair of Katra Jalalabad to Jaurabhure Link Road in Distt. Shahjahanpur,Works,Open Tender,Fixed-rate,Civil Works - Roads,No,No,NA ,28-Sep-2019 05:00 PM,03-Oct-2019 12:00 PM ,90.0,No ,No,Online,11-Oct-2019 12:30 PM,Cheif Engineer Bareilly Zone PWD Bareilly||SE BAREILLY CIRCLE PWD BAREILLY,SHAHJAHANPUR,242001.0,2.0,"40,18,875",RACHANA ENTERPRISES,"4,083,159",Accepted-AOC,2019-12-31,Cheif Engineer Bareilly Zone PWD Bareilly||SE BAREILLY CIRCLE PWD BAREILLY
2019_CEBLY_382175_2,8330/142C (E tender)-3/19-20 DATE 17.09.19,Renewal with General Maintenance of Tilhar Barikhas Road to Gopalpur Thithora Link Road Distt. Shahjahanpur,Renewal with General Maintenance of Tilhar Barikhas Road to Gopalpur Thithora Link Road Distt. Shahjahanpur,Works,Open Tender,Fixed-rate,Civil Works - Roads,No,No,NA ,17-Oct-2019 10:00 AM,NA ,90.0,No ,No,Online,02-Nov-2019 12:30 PM,Cheif Engineer Bareilly Zone PWD Bareilly||SE BAREILLY CIRCLE PWD BAREILLY,SHAHJAHANPUR,242001.0,2.0,"39,13,500",OMENDRA PAL SINGH,"3,903,716",Rejected-Technical,2019-12-31,Cheif Engineer Bareilly Zone PWD Bareilly||SE BAREILLY CIRCLE PWD BAREILLY
2019_CEBLY_389536_1,4064/E-TENDER/19-20 DATED 05/10/2019,Annual Repair (2019-20) of Residancial Buildings at P.W.D Compound Bareilly,Annual Repair (2019-20) of Residancial Buildings at P.W.D Compound Bareilly,Works,Open Tender,Fixed-rate,Civil Works - Buildings,No,No,NA ,05-Oct-2019 04:00 PM,09-Oct-2019 03:00 PM ,90.0,No ,No,Online,19-Oct-2019 12:30 PM,Cheif Engineer Bareilly Zone PWD Bareilly||SE BAREILLY CIRCLE PWD BAREILLY ||EE PROVINCIAL DIVISION PWD BAREILLY,BAREILLY,243001.0,2.0,"7,39,068",MOHD UMAR KHAN,"881,313",Rejected-Finance,2019-12-05,Cheif Engineer Bareilly Zone PWD Bareilly||SE BAREILLY CIRCLE PWD BAREILLY ||EE PROVINCIAL DIVISION PWD BAREILLY
2019_CEBLY_389544_1,2. 4064/E-TENDER/19-20 DATED 05/10/2019,"Annual Repair 2019-20 of D.M. Compound, A.D.M. Compound AND Jail Road Residencial Compound in District Bareilly.","Annual Repair 2019-20 of D.M. Compound, A.D.M. Compound and Jail Road Residencial Compound in District Bareilly.",Works,Open Tender,Fixed-rate,Civil Works - Buildings,No,No,NA ,05-Oct-2019 04:00 PM,09-Oct-2019 03:00 PM ,90.0,No ,No,Online,19-Oct-2019 12:30 PM,Cheif Engineer Bareilly Zone PWD Bareilly||SE BAREILLY CIRCLE PWD BAREILLY ||EE PROVINCIAL DIVISION PWD BAREILLY,BAREILLY,243001.0,2.0,"10,34,159",MOHD UMAR KHAN,"1,048,126",Accepted-AOC,2019-12-05,Cheif Engineer Bareilly Zone PWD Bareilly||SE BAREILLY CIRCLE PWD BAREILLY ||EE PROVINCIAL DIVISION PWD BAREILLY
2019_CEBLY_399610_3,4867/12A Date 02-11-2019,Widening of Keruganj Tiraha at City Portion with Hot Mix Plant in Distt. Shahjahanpur.,Widening of Keruganj Tiraha at City Portion with Hot Mix Plant in Distt. Shahjahanpur.,Works,Open Tender,Percentage,Civil Works - Roads,No,No,NA ,30-Nov-2019 11:55 AM,NA ,90.0,No ,No,Online,05-Dec-2019 12:30 PM,Cheif Engineer Bareilly Zone PWD Bareilly||SE BAREILLY CIRCLE PWD BAREILLY ||EE CONSTRUCTION DIVISION-1 PWD SHAHJAHANPUR,Shahjahanpur,242001.0,2.0,"17,95,926",M/s Shri Ganesh Enterprises,"1,651,533.76",Accepted-AOC,2019-12-28,Cheif Engineer Bareilly Zone PWD Bareilly||SE BAREILLY CIRCLE PWD BAREILLY ||EE CONSTRUCTION DIVISION-1 PWD SHAHJAHANPUR
2019_CEBLY_403474_2,4505/E-Tender/19-20 Date 14-11-2019,"Repair and painting work of Treasury Office at collectorate, Bareilly","Repair and painting work of Treasury Office at collectorate, Bareilly",Works,Open Tender,Fixed-rate,Civil Works - Buildings,No,No,NA ,14-Nov-2019 12:00 PM,16-Nov-2019 03:00 PM ,90.0,No ,No,Online,19-Nov-2019 04:00 PM,Cheif Engineer Bareilly Zone PWD Bareilly||SE BAREILLY CIRCLE PWD BAREILLY ||EE PROVINCIAL DIVISION PWD BAREILLY,Bareilly,243001.0,2.0,"7,00,670",MOHD UMAR KHAN,"624,514",Rejected-Finance,2019-12-05,Cheif Engineer Bareilly Zone PWD Bareilly||SE BAREILLY CIRCLE PWD BAREILLY ||EE PROVINCIAL DIVISION PWD BAREILLY
2019_CEJNS_406602_1,"1281/NIVIDA-PRAKASHAN/2019-20, DATED-21-11-2019","Patch repair work of Roads in Block-Babina, District-Jhansi","Patch repair work of Roads in Block-Babina, District-Jhansi",Works,Open Tender,Fixed-rate,Road Works,No,No,NA ,22-Nov-2019 02:30 PM,24-Nov-2019 03:00 PM ,90.0,No ,No,Online,29-Nov-2019 04:00 PM,Chief Engineer Jhansi Zone PWD Jhansi UP||JHANSI CIRLCE PWD JHANSI||CONSTRUCTION DIVISION (BHAWAN WING) PWD JHANSI,JHANSI,284001.0,2.0,"7,00,000",M/S RAMNATH,"528,659.05",Rejected-Finance,2019-12-16,Chief Engineer Jhansi Zone PWD Jhansi UP||JHANSI CIRLCE PWD JHANSI||CONSTRUCTION DIVISION (BHAWAN WING) PWD JHANSI
2019_CEKNP_385936_3,1741/26A/19-20 Dated 13.09.2019,Renovation of Dining Hall at Circuit House Kanpur Nagar,Renovation of Dining Hall at Circuit House Kanpur Nagar,Works,Open Tender,Percentage,Civil Works - Buildings,No,No,NA ,03-Oct-2019 09:00 AM,05-Oct-2019 12:00 PM ,90.0,No ,No,Online,11-Oct-2019 12:30 PM,Cheif Engineer Kanpur Zone PWD Kanpur||SE KANPUR CIRCLE PWD KANPUR||EE CD -BUILDING- PWD KANPUR NAGAR,Kanpur Nagar,208001.0,2.0,"13,00,000",SHAKTI CONSTRUCTION,"1,129,752",Rejected-Finance,2019-12-27,Cheif Engineer Kanpur Zone PWD Kanpur||SE KANPUR CIRCLE PWD KANPUR||EE CD -BUILDING- PWD KANPUR NAGAR
2019_CEKNP_408959_1,2114/26A/2019 Dated 23.11.2019,"Protection work ofapproach road of Minor Bridge at Pandu River situated in Km. 122 of Lucknow Etawah Road (SH 40) Km 122, Kanpur","Protection work ofapproach road of Minor Bridge at Pandu River situated in Km. 122 of Lucknow Etawah Road (SH 40) Km 122, Kanpur",Works,Open Tender,Percentage,Civil Works - Roads,No,No,NA ,30-Nov-2019 09:00 AM,03-Dec-2019 12:00 PM ,90.0,No ,No,Online,12-Dec-2019 12:30 PM,Cheif Engineer Kanpur Zone PWD Kanpur||SE KANPUR CIRCLE PWD KANPUR||EE CD -BUILDING- PWD KANPUR NAGAR,Kanpur Nagar,208001.0,2.0,"32,00,000",OM CONSTRUCTION,"3,018,709",Rejected-Finance,2019-12-31,Cheif Engineer Kanpur Zone PWD Kanpur||SE KANPUR CIRCLE PWD KANPUR||EE CD -BUILDING- PWD KANPUR NAGAR
2019_CEMRT_371126_1,1799/3A dt. 18-07-2019,1. Thermoplastic line and other signage works on Janta road. T.No. 1799/3A dt. 18.07.2019,1. Thermoplastic line and other signage works on Janta road.,Works,Open Tender,Percentage,Civil Works,No,No,NA ,08-Aug-2019 02:00 PM,NA ,90.0,No ,No,Online,14-Aug-2019 04:00 PM,Cheif Engineer Meerut Zone PWD Meerut||SE SAHARANPUR CIRCLE PWD SAHARANPUR||EE PROVINCIAL DIVISION PWD SAHARANPUR,Saharanpur,247001.0,2.0,"25,00,000",M/S DISHA,"2,359,896.3",Rejected-Technical,2019-12-30,Cheif Engineer Meerut Zone PWD Meerut||SE SAHARANPUR CIRCLE PWD SAHARANPUR||EE PROVINCIAL DIVISION PWD SAHARANPUR
2019_CEMRT_371126_2,1799/3A dt. 18-07-2019,2 Thermoplastic line and other signage works on Delhi yamunautri road. T.No. 1799/3A dt. 18.07.2019,2 Thermoplastic line and other signage works on Delhi yamunautri road.,Works,Open Tender,Percentage,Civil Works,No,No,NA ,08-Aug-2019 02:00 PM,NA ,90.0,No ,No,Online,14-Aug-2019 04:00 PM,Cheif Engineer Meerut Zone PWD Meerut||SE SAHARANPUR CIRCLE PWD SAHARANPUR||EE PROVINCIAL DIVISION PWD SAHARANPUR,Saharanpur,247001.0,2.0,"25,00,000",M/S DISHA,"2,349,208.1",Rejected-Technical,2019-12-30,Cheif Engineer Meerut Zone PWD Meerut||SE SAHARANPUR CIRCLE PWD SAHARANPUR||EE PROVINCIAL DIVISION PWD SAHARANPUR
2019_CEMRT_371126_3,1799/3A dt. 18-07-2019,3 Thermoplastic line and other signage works on Saharanpur Nagal road. T.No. 1799/3A dt. 18.07.2019,3 Thermoplastic line and other signage works on Saharanpur Nagal road.,Works,Open Tender,Percentage,Civil Works,No,No,NA ,08-Aug-2019 02:00 PM,NA ,90.0,No ,No,Online,14-Aug-2019 04:00 PM,Cheif Engineer Meerut Zone PWD Meerut||SE SAHARANPUR CIRCLE PWD SAHARANPUR||EE PROVINCIAL DIVISION PWD SAHARANPUR,Saharanpur,247001.0,2.0,"15,00,000",M/S DISHA,"1,141,118.55",Rejected-Technical,2019-12-04,Cheif Engineer Meerut Zone PWD Meerut||SE SAHARANPUR CIRCLE PWD SAHARANPUR||EE PROVINCIAL DIVISION PWD SAHARANPUR
2019_CEUCZ_376143_2,1264/1A/19-20 DATED 01/08/2019,Repair of Vikash Bhawan Raebareli,Repair of Vikash Bhawan Raebareli,Works,Open Tender,Fixed-rate,Civil Works,No,No,NA ,28-Aug-2019 09:00 AM,29-Aug-2019 12:00 PM ,90.0,No ,No,Online,11-Sep-2019 03:00 PM,"Chief Engineer PWD Central Zone,Lucknow||S.E. UPPWD Lucknow||Provincial Division, Raebarelli",Raebareli,229001.0,2.0,"4,00,000",RAMESH KUMAR SINGH,"235,398.38",Rejected-Finance,2019-12-13,"Chief Engineer PWD Central Zone,Lucknow||S.E. UPPWD Lucknow||Provincial Division, Raebarelli"
2019_CEUCZ_376177_2,1301/1A/19 Dated 09-08-19,Special Repair of Inspaction House Raebareli,Special Repair of Inspaction House Raebareli,Works,Open Tender,Fixed-rate,Civil Works,No,No,NA ,28-Aug-2019 09:00 AM,29-Aug-2019 12:00 PM ,90.0,No ,No,Online,11-Sep-2019 03:00 PM,"Chief Engineer PWD Central Zone,Lucknow||S.E. UPPWD Lucknow||Provincial Division, Raebarelli",Raebareli,229001.0,2.0,"9,00,000",RAMESH KUMAR SINGH,"693,685.89",Rejected-Finance,2019-12-04,"Chief Engineer PWD Central Zone,Lucknow||S.E. UPPWD Lucknow||Provincial Division, Raebarelli"
2019_CEUCZ_405768_3,2471/A-1 Dt. 15-11-2019,Construction of Rau Chaurahe to Bhimehshwar road Via Banda Kheda Under Special Repair,Construction of Rau Chaurahe to Bhimehshwar road Via Banda Kheda Under Special Repair,Works,Open Tender,Fixed-rate,Civil Works,No,No,NA ,26-Nov-2019 09:00 AM,27-Nov-2019 12:00 PM ,90.0,No ,No,Online,05-Dec-2019 12:30 PM,"Chief Engineer PWD Central Zone,Lucknow||S.E. UPPWD Unnao||Provincial Division, Unnao",Unnao,209801.0,2.0,"15,41,000",SUNDAR CONSTRUCTION,"1,533,684",Rejected-Finance,2019-12-21,"Chief Engineer PWD Central Zone,Lucknow||S.E. UPPWD Unnao||Provincial Division, Unnao"
2019_CEUCZ_405768_4,2471/A-1 Dt. 15-11-2019,Construction of CC road with drain at Pariyar Maraunda Majhawara road at Maraunda Majhawara vill.,Construction of CC road with drain at Pariyar Maraunda Majhawara road at Maraunda Majhawara vill.,Works,Open Tender,Fixed-rate,Civil Works,No,No,NA ,26-Nov-2019 09:00 AM,27-Nov-2019 12:00 PM ,90.0,No ,No,Online,05-Dec-2019 12:30 PM,"Chief Engineer PWD Central Zone,Lucknow||S.E. UPPWD Unnao||Provincial Division, Unnao",Unnao,209801.0,2.0,"27,22,000",M/S UDAY RAJ SINGH AND COMPANY,"2,722,174",Rejected-Finance,2019-12-19,"Chief Engineer PWD Central Zone,Lucknow||S.E. UPPWD Unnao||Provincial Division, Unnao"
2019_CEUCZ_405768_5,2471/A-1 Dt. 15-11-2019,Construction of CC road at Rau Poora Nispansari road to Pawai Via Dhaukal Kheda link road,Construction of CC road at Rau Poora Nispansari road to Pawai Via Dhaukal Kheda link road,Works,Open Tender,Fixed-rate,Civil Works,No,No,NA ,26-Nov-2019 09:00 AM,27-Nov-2019 12:00 PM ,90.0,No ,No,Online,05-Dec-2019 12:30 PM,"Chief Engineer PWD Central Zone,Lucknow||S.E. UPPWD Unnao||Provincial Division, Unnao",Unnao,209801.0,2.0,"25,82,000",SUNDAR CONSTRUCTION,"2,569,459",Rejected-Finance,2019-12-21,"Chief Engineer PWD Central Zone,Lucknow||S.E. UPPWD Unnao||Provincial Division, Unnao"
2019_CEUCZ_406289_1,2302/ETENDER DATED 21-11-2019,"Patch Repair Work on Village Roads situated in Block Nakha, Lakhimpur","Patch Repair Work on Village Roads situated in Block Nakha, Lakhimpur",Works,Open Tender,Fixed-rate,Civil Works - Roads,No,No,NA ,11-Jun-2025 07:11 PM,NA ,90.0,No ,No,Online,27-Nov-2019 02:00 PM,"Chief Engineer PWD Central Zone,Lucknow||S.E. UPPWD Sitapur||Construction Division-1, Khiri",KHERI,262701.0,2.0,"13,70,000",M/S PERVEZ AKHTAR KHAN,"862,053.63",Accepted-AOC,2019-12-27,"Chief Engineer PWD Central Zone,Lucknow||S.E. UPPWD Sitapur||Construction Division-1, Khiri"
2019_CEUCZ_407497_1,2484/A-1 Dt. 15-11-2019,Construction of CC Road at Kishuni Kheda link road in Ahiraura and Kishuni Kheda Vill. Abadi Portion Under Special Repair.,Construction of CC Road at Kishuni Kheda link road in Ahiraura and Kishuni Kheda Vill. Abadi Portion Under Special Repair.,Works,Open Tender,Fixed-rate,Civil Works,No,No,NA ,26-Nov-2019 09:00 AM,27-Nov-2019 12:00 PM ,90.0,No ,No,Online,05-Dec-2019 12:30 PM,"Chief Engineer PWD Central Zone,Lucknow||S.E. UPPWD Unnao||Provincial Division, Unnao",Unnao,209801.0,2.0,"27,60,000",M/S DHIRENDRA SINGH,"2,749,963",Accepted-AOC,2019-12-30,"Chief Engineer PWD Central Zone,Lucknow||S.E. UPPWD Unnao||Provincial Division, Unnao"
2019_CEUCZ_407497_2,2484/A-1 Dt. 15-11-2019,Construction of CC Road at Rujhai to Ranipur link road in Rujhai Vill. Abadi Portion Under Special Repair.,Construction of CC Road at Rujhai to Ranipur link road in Rujhai Vill. Abadi Portion Under Special Repair.,Works,Open Tender,Fixed-rate,Civil Works,No,No,NA ,26-Nov-2019 09:00 AM,27-Nov-2019 12:00 PM ,90.0,No ,No,Online,05-Dec-2019 12:30 PM,"Chief Engineer PWD Central Zone,Lucknow||S.E. UPPWD Unnao||Provincial Division, Unnao",Unnao,209801.0,2.0,"13,70,000",M/S DHIRENDRA SINGH,"1,372,785",Accepted-AOC,2019-12-30,"Chief Engineer PWD Central Zone,Lucknow||S.E. UPPWD Unnao||Provincial Division, Unnao"
2019_CEUCZ_407497_3,2484/A-1 Dt. 15-11-2019,Construction of CC Road at Vikrampur road to Chilauli Furast Kheda link road in Kushbuddin Vill. Abadi Portion Under Special Repair.,Construction of CC Road at Vikrampur road to Chilauli Furast Kheda link road in Kushbuddin Vill. Abadi Portion Under Special Repair.,Works,Open Tender,Fixed-rate,Civil Works,No,No,NA ,26-Nov-2019 09:00 AM,27-Nov-2019 12:00 PM ,90.0,No ,No,Online,05-Dec-2019 12:30 PM,"Chief Engineer PWD Central Zone,Lucknow||S.E. UPPWD Unnao||Provincial Division, Unnao",Unnao,209801.0,2.0,"13,30,000",M/S DHIRENDRA SINGH,"1,345,170",Accepted-AOC,2019-12-31,"Chief Engineer PWD Central Zone,Lucknow||S.E. UPPWD Unnao||Provincial Division, Unnao"
2019_CEUCZ_407497_4,2484/A-1 Dt. 15-11-2019,Construction of CC Road at Vikrampur Unchgaon road to Ardhurjpur link road in Ardhurjpur Vill. Abadi Portion Under Special Repair,Construction of CC Road at Vikrampur Unchgaon road to Ardhurjpur link road in Ardhurjpur Vill. Abadi Portion Under Special Repair,Works,Open Tender,Fixed-rate,Civil Works,No,No,NA ,26-Nov-2019 09:00 AM,27-Nov-2019 12:00 PM ,90.0,No ,No,Online,05-Dec-2019 12:30 PM,"Chief Engineer PWD Central Zone,Lucknow||S.E. UPPWD Unnao||Provincial Division, Unnao",Unnao,209801.0,2.0,"13,40,000",M/S DHIRENDRA SINGH,"1,355,658",Accepted-AOC,2019-12-28,"Chief Engineer PWD Central Zone,Lucknow||S.E. UPPWD Unnao||Provincial Division, Unnao"
2019_CEUCZ_407497_5,2484/A-1 Dt. 15-11-2019,Construction of CC Road at Vidyapur (Bighapur) to Ghatampur road in Ghatampur Chauraha Abadi Portion Under Special Repair,Construction of CC Road at Vidyapur (Bighapur) to Ghatampur road in Ghatampur Chauraha Abadi Portion Under Special Repair,Works,Open Tender,Fixed-rate,Civil Works,No,No,NA ,26-Nov-2019 09:00 AM,27-Nov-2019 12:00 PM ,90.0,No ,No,Online,05-Dec-2019 12:30 PM,"Chief Engineer PWD Central Zone,Lucknow||S.E. UPPWD Unnao||Provincial Division, Unnao",Unnao,209801.0,2.0,"16,90,000",M/s Sai Nath Construction Company,"1,692,518",Accepted-AOC,2019-12-31,"Chief Engineer PWD Central Zone,Lucknow||S.E. UPPWD Unnao||Provincial Division, Unnao"
2019_CEUCZ_407497_6,2484/A-1 Dt. 15-11-2019,Construction of CC Road at Vikarmpur Unchgaon road to Ghatam road in Ghatam Vill. Abadi Portion Under Special Repair,Construction of CC Road at Vikarmpur Unchgaon road to Ghatam road in Ghatam Vill. Abadi Portion Under Special Repair,Works,Open Tender,Fixed-rate,Civil Works,No,No,NA ,26-Nov-2019 09:00 AM,27-Nov-2019 12:00 PM ,90.0,No ,No,Online,05-Dec-2019 12:30 PM,"Chief Engineer PWD Central Zone,Lucknow||S.E. UPPWD Unnao||Provincial Division, Unnao",Unnao,209801.0,2.0,"26,65,000",M/S DHIRENDRA SINGH,"2,636,385",Accepted-AOC,2019-12-30,"Chief Engineer PWD Central Zone,Lucknow||S.E. UPPWD Unnao||Provincial Division, Unnao"
2019_CEUFZ_381542_3,3424/2A/2018-19 Date 05.09.2019,DALPATSHAH KA PURWA CHORMA LINK ROAD,AS PER NIT,Works,Open Tender,Fixed-rate,Civil Works,No,No,NA ,18-Sep-2019 09:00 AM,24-Sep-2019 12:00 PM ,90.0,No ,No,Online,01-Oct-2019 12:30 PM,Chief Engineer PWD Faizabad Zone||Sultanpur-Amethi Circle PWD Sultanpur||EE Provincial Division PWD Sultanpur,SULTANPUR,228001.0,2.0,"10,12,000",ATUL CONSTRUCTION,"1,012,314.76",Accepted-AOC,2019-12-06,Chief Engineer PWD Faizabad Zone||Sultanpur-Amethi Circle PWD Sultanpur||EE Provincial Division PWD Sultanpur
2019_CEUFZ_382951_2,3430/2A/2019-20 Date 06.09.2019,KATKA MAYANG MARG SE SARVAN HOTEY HUEY MOHGHADWA KINK ROAD,AS PER NIT,Works,Open Tender,Fixed-rate,Civil Works,No,No,NA ,19-Sep-2019 09:30 AM,24-Sep-2019 12:00 PM ,90.0,No ,No,Online,01-Oct-2019 12:30 PM,Chief Engineer PWD Faizabad Zone||Sultanpur-Amethi Circle PWD Sultanpur||EE Provincial Division PWD Sultanpur,SULTANPUR,228001.0,2.0,"3,60,000",YASH CONSTRUCTION,"308,429.3",Rejected-Finance,2019-12-18,Chief Engineer PWD Faizabad Zone||Sultanpur-Amethi Circle PWD Sultanpur||EE Provincial Division PWD Sultanpur
2019_CEUVZ_401806_14,3025/Nivida/2019-20 Dt. 02-11-2019,Patch Repair work of Village roads under Chhanbey Block Package-1,Please attached for Documents,Works,Open Tender,Fixed-rate,Civil Works - Roads,No,No,NA ,09-Nov-2019 09:00 AM,NA ,90.0,No ,No,Online,15-Nov-2019 04:00 PM,"Chief Engineer PWD Varanasi Zone||S.E. Mirzapur Circle,PWD, Mirzapur||PROVINCIAL DIVISION PWD MIRZAPUR",Mirzapur,231001.0,2.0,"2,00,000",MISHRA CONSTRUCTION COMPANY,"175,726",Rejected-Finance,2019-12-09,"Chief Engineer PWD Varanasi Zone||S.E. Mirzapur Circle,PWD, Mirzapur||PROVINCIAL DIVISION PWD MIRZAPUR"
2019_DOLBU_399912_1,433/NPP/2019-20 03/ET,ward number 21 mein Shaadi ke makan se kabristan Tak level uthakar vibrated rubber moulded CC interlocking tile dwara sadak nirman karya,ward number 21 mein Shaadi ke makan se kabristan Tak level uthakar vibrated rubber moulded CC interlocking tile dwara sadak nirman karya,Works,Open Tender,Percentage,Civil Works - Roads,No,No,NA ,06-Nov-2019 04:00 PM,NA ,10.0,No ,No,Offline,18-Nov-2019 01:00 PM,Directorate of Local Bodies UP||Nagar Palika Parishad Baghpat Baghpat,NPP Baghpat,250609.0,2.0,"11,34,000",M/S BHARTI CONTRACTOR,"1,134,000",Accepted-AOC,2019-12-11,Directorate of Local Bodies UP||Nagar Palika Parishad Baghpat Baghpat
2019_DOLBU_400045_1,433/Npp/2019-20 03/ET 04-11-2019,ward number 20 mein aas Mohammed ke makan se Imran ke makan Tak level uthakar vibrated rubber moulded CC interlocking tiles dwara sadak vah nirman karya,ward number 20 mein aas Mohammed ke makan se Imran ke makan Tak level uthakar vibrated rubber moulded CC interlocking tiles dwara sadak vah nirman karya,Works,Open Tender,Percentage,Civil Works - Roads,No,No,NA ,06-Nov-2019 04:00 PM,NA ,11.0,No ,No,Offline,18-Nov-2019 01:00 PM,Directorate of Local Bodies UP||Nagar Palika Parishad Baghpat Baghpat,NPP Baghpat,250609.0,2.0,"4,12,000",M/S SUDARSHAN KUMAR CONTRACTOR,"412,000",Rejected-AOC,2019-12-11,Directorate of Local Bodies UP||Nagar Palika Parishad Baghpat Baghpat
2019_DOLBU_400090_1,433/NPP/2019-20 03/ET 04-11-2019,Ward number 4 mein fauji ke plot se parvinder master ke makan Tak level uthakar vibrated rubber moulded CC interlocking tiles dwara sadak Vah nali nirman karya,Ward number 4 mein fauji ke plot se parvinder master ke makan Tak level uthakar vibrated rubber moulded CC interlocking tiles dwara sadak Vah nali nirman karya,Works,Open Tender,Percentage,Civil Works - Roads,No,No,NA ,06-Nov-2019 04:00 PM,NA ,11.0,No ,No,Offline,18-Nov-2019 01:00 PM,Directorate of Local Bodies UP||Nagar Palika Parishad Baghpat Baghpat,NPP Baghpat,250609.0,2.0,"3,58,000",M/S TANVIR AHAMAD CONTRACTOR,"358,000",Rejected-AOC,2019-12-11,Directorate of Local Bodies UP||Nagar Palika Parishad Baghpat Baghpat
2019_DOLBU_400102_1,433/NPP/2019-20 03/ET 04-11-2019,ward number 2 mein masjid wale raste ka shesh bhag asgar ke plot Tak vibrator rubber moulded CC interlocking tiles dwara sadak banaa vah mitti bharao ka nirman karya,ward number 2 mein masjid wale raste ka shesh bhag asgar ke plot Tak vibrator rubber moulded CC interlocking tiles dwara sadak banaa vah mitti bharao ka nirman karya,Works,Open Tender,Percentage,Civil Works - Roads,No,No,NA ,06-Nov-2019 04:00 PM,NA ,11.0,No ,No,Offline,18-Nov-2019 01:00 PM,Directorate of Local Bodies UP||Nagar Palika Parishad Baghpat Baghpat,NPP Baghpat,250609.0,2.0,"4,82,000",M/S TANVIR AHAMAD CONTRACTOR,"482,000",Rejected-AOC,2019-12-11,Directorate of Local Bodies UP||Nagar Palika Parishad Baghpat Baghpat
2019_DOLBU_400145_1,433/NPP/2019-20 03/ET 04-11-2019,Nalkoop number 4 mein boundary wall ka nirman karya,Nalkoop number 4 mein boundary wall ka nirman karya,Works,Open Tender,Percentage,Civil Works - Others,No,No,NA ,06-Nov-2019 04:00 PM,NA ,11.0,No ,No,Offline,18-Nov-2019 01:00 PM,Directorate of Local Bodies UP||Nagar Palika Parishad Baghpat Baghpat,NPP Baghpat,250609.0,2.0,"7,11,000",M/S SUNIL TRADERS,"711,000",Rejected-AOC,2019-12-11,Directorate of Local Bodies UP||Nagar Palika Parishad Baghpat Baghpat
2019_DOLBU_400161_1,433/NPP/2019-20 03/ET 04-11-2019,Ward number 17 mein Ali Hasan Baghu wale ke makan se Jagdish kashyap ke plot vibrator rubber moulded CC interlocking tiles dwara sadak vah nirman karya,Ward number 17 mein Ali Hasan Baghu wale ke makan se Jagdish kashyap ke plot vibrator rubber moulded CC interlocking tiles dwara sadak vah nirman karya,Works,Open Tender,Percentage,Civil Works - Roads,No,No,NA ,06-Nov-2019 04:00 PM,NA ,11.0,No ,No,Offline,18-Nov-2019 01:00 PM,Directorate of Local Bodies UP||Nagar Palika Parishad Baghpat Baghpat,NPP Bahgpt,250609.0,2.0,"9,14,000",M/S TANVIR AHAMAD CONTRACTOR,"914,000",Rejected-AOC,2019-12-10,Directorate of Local Bodies UP||Nagar Palika Parishad Baghpat Baghpat
2019_DOLBU_400171_1,433/NPP/2019-20 03/ET 04-11-2019,Ward number 23 mein lakshman ki dukaan se dharmveer patwari ke makan Tak vibrator rubber moulded CC interlocking tiles dwara sadak vah nirman karya,Ward number 23 mein lakshman ki dukaan se dharmveer patwari ke makan Tak vibrator rubber moulded CC interlocking tiles dwara sadak vah nirman karya,Works,Open Tender,Percentage,Civil Works - Roads,No,No,NA ,06-Nov-2019 04:00 PM,NA ,11.0,No ,No,Offline,18-Nov-2019 01:00 PM,Directorate of Local Bodies UP||Nagar Palika Parishad Baghpat Baghpat,NPP Baghpat,250609.0,2.0,"4,64,000",M/S SUNIL TRADERS,"464,000",Rejected-AOC,2019-12-11,Directorate of Local Bodies UP||Nagar Palika Parishad Baghpat Baghpat
2019_DOLBU_400182_1,433/NPP/2019-20 03/ET 04-11-2019,Ward number 16 mein aadesh Jain ke makan se Subhash ke makan Tak aur Subhash ke makan se Narayan das ke makan tak hua pra pah. 03 se Manju member ke makan Tak vibrator rubber moulded CC interlocking tiles dwara sadak vah nirman karya,Ward number 16 mein aadesh Jain ke makan se Subhash ke makan Tak aur Subhash ke makan se Narayan das ke makan tak hua pra pah. 03 se Manju member ke makan Tak vibrator rubber moulded CC interlocking tiles dwara sadak vah nirman karya,Works,Open Tender,Percentage,Civil Works - Roads,No,No,NA ,06-Nov-2019 04:00 PM,NA ,11.0,No ,No,Offline,18-Nov-2019 01:00 PM,Directorate of Local Bodies UP||Nagar Palika Parishad Baghpat Baghpat,NPP Baghpat,250609.0,2.0,"5,05,000",MONARK BUILDERS,"504,899",Accepted-AOC,2019-12-11,Directorate of Local Bodies UP||Nagar Palika Parishad Baghpat Baghpat
2019_DOLBU_400195_1,433/NPP/2019-20 03/ET 04-11-2019,ward no. 19 main shkeel mistri ke makan se naim ke makan tak vah shokat ke makan se anil yadav ki daire tak nala ripair ka karya,ward no. 19 main shkeel mistri ke makan se naim ke makan tak vah shokat ke makan se anil yadav ki daire tak nala ripair ka karya,Works,Open Tender,Percentage,Civil Works - Roads,No,No,NA ,06-Nov-2019 04:00 PM,NA ,11.0,No ,No,Offline,18-Nov-2025 06:57 PM,Directorate of Local Bodies UP||Nagar Palika Parishad Baghpat Baghpat,NPP BAGHPAT,250609.0,2.0,"4,04,000",M/S BHARTI CONTRACTOR,"404,000",Accepted-AOC,2019-12-11,Directorate of Local Bodies UP||Nagar Palika Parishad Baghpat Baghpat
2019_DOLBU_400196_1,433/NPP/2019-20 03/ET 04-11-2019,Ward number 15 mein naushad ke makan se aata chakki ki dukaan Tak vibrator rubber moulded CC interlocking tiles dwara sadak vah nirman karya,Ward number 15 mein naushad ke makan se aata chakki ki dukaan Tak vibrator rubber moulded CC interlocking tiles dwara sadak vah nirman karya,Works,Open Tender,Percentage,Civil Works - Roads,No,No,NA ,06-Nov-2019 04:00 PM,NA ,11.0,No ,No,Offline,18-Nov-2019 01:00 PM,Directorate of Local Bodies UP||Nagar Palika Parishad Baghpat Baghpat,NPP Baghpat,250609.0,2.0,"1,75,000",M/S SUDARSHAN KUMAR CONTRACTOR,"175,000",Rejected-AOC,2019-12-11,Directorate of Local Bodies UP||Nagar Palika Parishad Baghpat Baghpat
2019_DOLBU_400219_1,433/NPP/2019-20 03/ET 04-11-2019,ward number 3 mein Rahul chaudhari ke makan se Amar Singh ke makan Tak billu ke makan se satpal ke makan Tak nali vah interlocking tiles dwara sadak sudhar karya,ward number 3 mein Rahul chaudhari ke makan se Amar Singh ke makan Tak billu ke makan se satpal ke makan Tak nali vah interlocking tiles dwara sadak sudhar karya,Works,Open Tender,Percentage,Civil Works - Roads,No,No,NA ,06-Nov-2019 04:00 PM,NA ,11.0,No ,No,Offline,18-Nov-2019 01:00 PM,Directorate of Local Bodies UP||Nagar Palika Parishad Baghpat Baghpat,NPP Baghpat,250609.0,2.0,"6,54,000",MONARK BUILDERS,"653,934.6",Accepted-AOC,2019-12-11,Directorate of Local Bodies UP||Nagar Palika Parishad Baghpat Baghpat
2019_DOLBU_400226_1,433/NPP/2019-20 03/ET 04-11-2019,ward number 21 mein Imran ke makan se yaseen ke plot Tak vah sahayak galiyon ka level uthakar vibrated rubber moulded CC interlocking tiles dwara sadak vah nali nirman karya,ward number 21 mein Imran ke makan se yaseen ke plot Tak vah sahayak galiyon ka level uthakar vibrated rubber moulded CC interlocking tiles dwara sadak vah nali nirman karya,Works,Open Tender,Percentage,Civil Works - Roads,No,No,NA ,06-Nov-2019 04:00 PM,NA ,11.0,No ,No,Offline,18-Nov-2019 01:00 PM,Directorate of Local Bodies UP||Nagar Palika Parishad Baghpat Baghpat,NPP Baghpat,250609.0,2.0,"10,21,000",M/S BHARTI CONTRACTOR,"1,021,000",Accepted-AOC,2019-12-11,Directorate of Local Bodies UP||Nagar Palika Parishad Baghpat Baghpat
2019_DOLBU_400227_1,433/NPP/2019-20 03/ET 04-11-2019,Ward number 8 mein Jay prakash Verma ke makan se Jain mandir Tak aur sahayak gali ka moulded CC interlocking tiles dwara sadak nirman karya,Ward number 8 mein Jay prakash Verma ke makan se Jain mandir Tak aur sahayak gali ka moulded CC interlocking tiles dwara sadak nirman karya,Works,Open Tender,Percentage,Civil Works - Roads,No,No,NA ,06-Nov-2019 04:00 PM,NA ,11.0,No ,No,Offline,18-Nov-2019 01:00 PM,Directorate of Local Bodies UP||Nagar Palika Parishad Baghpat Baghpat,NPP Baghpat,250609.0,2.0,"15,02,000",A.D. ENTERPRISES,"1,502,000",Accepted-AOC,2019-12-11,Directorate of Local Bodies UP||Nagar Palika Parishad Baghpat Baghpat
2019_DOLBU_400235_1,433/NPP/2019-20 03/ET 04-11-2019,Ward number 10 mein mangeram Store se langade ki bagichi mandir Tak nali AVN interlocking tiles dwara sadak sudhar karya,Ward number 10 mein mangeram Store se langade ki bagichi mandir Tak nali AVN interlocking tiles dwara sadak sudhar karya,Works,Open Tender,Percentage,Civil Works - Roads,No,No,NA ,06-Nov-2019 04:00 PM,NA ,11.0,No ,No,Offline,18-Nov-2019 01:00 PM,Directorate of Local Bodies UP||Nagar Palika Parishad Baghpat Baghpat,NPP Baghpat,250609.0,2.0,"9,06,000",A.D. ENTERPRISES,"906,000",Accepted-AOC,2019-12-11,Directorate of Local Bodies UP||Nagar Palika Parishad Baghpat Baghpat
2019_DOLBU_400239_1,433/NPP/2019-20 03/ET 04-11-2019,Ward number 10 mein Om datt Sharma ke makan se yakub Ali ke makan Tak nali AVN interlocking tiles dwara sadak sudhar karya,Ward number 10 mein Om datt Sharma ke makan se yakub Ali ke makan Tak nali AVN interlocking tiles dwara sadak sudhar karya,Works,Open Tender,Percentage,Civil Works - Roads,No,No,NA ,06-Nov-2019 04:00 PM,NA ,11.0,No ,No,Offline,18-Nov-2019 01:00 PM,Directorate of Local Bodies UP||Nagar Palika Parishad Baghpat Baghpat,NPP Baghpat,250609.0,2.0,"2,98,000",M/S RAJEEV RAJ CONSTRUCTIONS,"298,000",Rejected-AOC,2019-12-11,Directorate of Local Bodies UP||Nagar Palika Parishad Baghpat Baghpat
2019_DOLBU_400249_1,433/NPP/2019-20 03/ET 04-11-2019,Ward No. 6 Me Sandeep Kosik Wali Gali me lavel utahkar raubber moldid cc tailes dwara sadak vah nali nirman karya,Ward No. 6 Me Sandeep Kosik Wali Gali me lavel utahkar raubber moldid cc tailes dwara sadak vah nali nirman karya,Works,Open Tender,Percentage,Civil Works - Roads,No,No,NA ,06-Nov-2019 04:00 PM,NA ,11.0,No ,No,Offline,18-Nov-2019 01:00 PM,Directorate of Local Bodies UP||Nagar Palika Parishad Baghpat Baghpat,NPP BAGHPAT,250609.0,2.0,"9,27,000",M/S RAJEEV RAJ CONSTRUCTIONS,"927,000",Rejected-AOC,2019-12-11,Directorate of Local Bodies UP||Nagar Palika Parishad Baghpat Baghpat
2019_DOLBU_400258_1,433/NPP/2019-20 03/ET 04-11-2019,ward no.5 me sanjay ke makan se majid vah seckutry ke makan se guddo ke school vah Dr. dinesh se jamalu vah sanvar se shakil mahboob dr. sukke vah haji maksood master babu wali gali me CC tailes dwara sadak vha nali nirman karya,ward no.5 me sanjay ke makan se majid vah seckutry ke makan se guddo ke school vah Dr. dinesh se jamalu vah sanvar se shakil mahboob dr. sukke vah haji maksood master babu wali gali me CC tailes dwara sadak vha nali nirman karya,Works,Open Tender,Percentage,Civil Works - Roads,No,No,NA ,06-Nov-2019 04:00 PM,NA ,11.0,No ,No,Offline,18-Nov-2019 01:00 PM,Directorate of Local Bodies UP||Nagar Palika Parishad Baghpat Baghpat,NPP Baghpat,250609.0,2.0,"23,03,000",M/S RAJEEV RAJ CONSTRUCTIONS,"2,303,000",Rejected-AOC,2019-12-11,Directorate of Local Bodies UP||Nagar Palika Parishad Baghpat Baghpat
2019_DOLBU_400263_1,433/NPP/2019-20 03/ET 04-11-2019,ward no. 17 me mata wala main raste par liyakat ke makan ke pas puliya vah metti bharav kar CC tailes dwara sadak vah nali nirman karya,ward no. 17 me mata wala main raste par liyakat ke makan ke pas puliya vah metti bharav kar CC tailes dwara sadak vah nali nirman karya,Works,Open Tender,Percentage,Civil Works - Roads,No,No,NA ,06-Nov-2019 04:00 PM,NA ,11.0,No ,No,Offline,18-Nov-2019 01:00 PM,Directorate of Local Bodies UP||Nagar Palika Parishad Baghpat Baghpat,NPP Baghapt,250609.0,2.0,"4,56,000",M/S TANVIR AHAMAD CONTRACTOR,"456,000",Rejected-AOC,2019-12-11,Directorate of Local Bodies UP||Nagar Palika Parishad Baghpat Baghpat
2019_DOLBU_400267_1,433/NPP/2019-20 03/ET 04-11-2019,ward no. 4 me sachin dhama wali gali vah yogesh ke makan se chamrawal road puliya tak lavel uthakar veibrated ruber moldid CC interlocking Tailes dwara sadak vah nali ka nirman karya,ward no. 4 me sachin dhama wali gali vah yogesh ke makan se chamrawal road puliya tak lavel uthakar veibrated ruber moldid CC interlocking Tailes dwara sadak vah nali ka nirman karya,Works,Open Tender,Percentage,Civil Works - Roads,No,No,NA ,06-Nov-2019 04:00 PM,NA ,11.0,No ,No,Offline,18-Nov-2019 01:00 PM,Directorate of Local Bodies UP||Nagar Palika Parishad Baghpat Baghpat,NPP Baghpat,250609.0,2.0,"15,04,000",M/S TANVIR AHAMAD CONTRACTOR,"1,504,000",Rejected-AOC,2019-12-11,Directorate of Local Bodies UP||Nagar Palika Parishad Baghpat Baghpat
2019_DOLBU_400271_1,433/NPP/2019-20 03/ET 04-11-2019,Ward number 15 Mein Telephone Exchange Road c JM jaj sahab ke Makan se Jay Mata wali Puliya Mehtab ke Makan Tak Vyas Sahayak Galiyon Ka level uthakar rubber moulded interlocking tiles dwara Sadak Nali Nirman Karya,Ward number 15 Mein Telephone Exchange Road c JM jaj sahab ke Makan se Jay Mata wali Puliya Mehtab ke Makan Tak Vyas Sahayak Galiyon Ka level uthakar rubber moulded interlocking tiles dwara Sadak Nali Nirman Karya,Works,Open Tender,Percentage,Civil Works - Roads,No,No,NA ,06-Nov-2019 04:00 PM,NA ,11.0,No ,No,Offline,18-Nov-2019 01:00 PM,Directorate of Local Bodies UP||Nagar Palika Parishad Baghpat Baghpat,NPP Baghpat,250609.0,2.0,"18,22,776",M/S TANVIR AHAMAD CONTRACTOR,"1,822,776.703",Rejected-AOC,2019-12-12,Directorate of Local Bodies UP||Nagar Palika Parishad Baghpat Baghpat
2019_DOLBU_400284_1,433/NPP/2019-20 03/ET 04-11-2019,ward no. 2 me nirojpur road par isthit islam nagar me paijal pipe line bichay jane ka karya,ward no. 2 me nirojpur road par isthit islam nagar me paijal pipe line bichay jane ka karya,Works,Open Tender,Percentage,Civil Works - Water Works,No,No,NA ,06-Nov-2025 06:57 PM,NA ,11.0,No ,No,Offline,18-Nov-2019 01:00 PM,Directorate of Local Bodies UP||Nagar Palika Parishad Baghpat Baghpat,NPP Baghpat,250690.0,2.0,"4,28,000",M/S SUNIL TRADERS,"428,000",Rejected-AOC,2019-12-11,Directorate of Local Bodies UP||Nagar Palika Parishad Baghpat Baghpat
2019_DOLBU_400289_1,433/NPP/2019-20 03/ET 04-11-2019,Ward number 17 Mein Ekta Colony mein liaqat wali Gali Hua Sahayak Gali Mein level uthakar vibrated rubber moulded CC interlocking tiles dwara Sadak Mein Nali ka Nirman Karya,Ward number 17 Mein Ekta Colony mein liaqat wali Gali Hua Sahayak Gali Mein level uthakar vibrated rubber moulded CC interlocking tiles dwara Sadak Mein Nali ka Nirman Karya,Works,Open Tender,Percentage,Civil Works - Roads,No,No,NA ,06-Nov-2019 04:00 PM,NA ,11.0,No ,No,Offline,18-Nov-2019 01:00 PM,Directorate of Local Bodies UP||Nagar Palika Parishad Baghpat Baghpat,NPP BAGHPAT,250609.0,2.0,"15,90,000",M/S BHARTI CONTRACTOR,"1,590,483.04",Accepted-AOC,2019-12-11,Directorate of Local Bodies UP||Nagar Palika Parishad Baghpat Baghpat
2019_DOLBU_400290_1,433/NPP/2019-20 03/ET 04-11-2019,Nagar Baghpat me vibhin sthano par 25 nag India marka dittya hunpump rebore karane ka karya,Nagar Baghpat me vibhin sthano par 25 nag India marka dittya hunpump rebore karane ka karya,Works,Open Tender,Percentage,Civil Works - Water Works,No,No,NA ,06-Nov-2019 04:00 PM,NA ,11.0,No ,No,Offline,18-Nov-2019 01:00 PM,Directorate of Local Bodies UP||Nagar Palika Parishad Baghpat Baghpat,NPP Baghpat,250609.0,2.0,"24,80,000",M/S BHARTI CONTRACTOR,"2,480,000",Accepted-AOC,2019-12-12,Directorate of Local Bodies UP||Nagar Palika Parishad Baghpat Baghpat
2019_DOLBU_400300_1,433/NPP/2019-20 03/ET 04-11-2019,Ward number 19 Mein Jab Bahar Ke Makan se Anil ki deri Tak vah Naeem ke Makan se Salman ke Makan Tak aur Tanvir ke Makan se Vijay Pal Ke Makan Tak level uthakar vibrated rubber moulded CC interlocking tiles dwara Sadak venali Ka Nirman Karya,Ward number 19 Mein Jab Bahar Ke Makan se Anil ki deri Tak vah Naeem ke Makan se Salman ke Makan Tak aur Tanvir ke Makan se Vijay Pal Ke Makan Tak level uthakar vibrated rubber moulded CC interlocking tiles dwara Sadak venali Ka Nirman Karya,Works,Open Tender,Percentage,Civil Works - Water Works,No,No,NA ,06-Nov-2019 04:00 PM,NA ,11.0,No ,No,Offline,18-Nov-2019 01:00 PM,Directorate of Local Bodies UP||Nagar Palika Parishad Baghpat Baghpat,NPP BAGHPAT,250609.0,2.0,"3,87,000",M/S BHARTI CONTRACTOR,"386,781.43",Accepted-AOC,2019-12-11,Directorate of Local Bodies UP||Nagar Palika Parishad Baghpat Baghpat
2019_DOLBU_400300_2,433/NPP/2019-20 03/ET 04-11-2019,Ward number 20 Mein ashu ke Makan se Mohini ke Makan Tak vah Sahayak gali ka level uthakar vibrated rubber moulded CC interlocking tiles dwara Sadak Mein Nali Nirman Karya,Ward number 20 Mein ashu ke Makan se Mohini ke Makan Tak vah Sahayak gali ka level uthakar vibrated rubber moulded CC interlocking tiles dwara Sadak Mein Nali Nirman Karya,Works,Open Tender,Percentage,Civil Works - Roads,No,No,NA ,06-Nov-2019 04:00 PM,NA ,11.0,No ,No,Offline,18-Nov-2019 01:00 PM,Directorate of Local Bodies UP||Nagar Palika Parishad Baghpat Baghpat,NPP Baghpat,250609.0,2.0,"3,68,000",M/S SUDARSHAN KUMAR CONTRACTOR,"368,417.997",Rejected-AOC,2019-12-11,Directorate of Local Bodies UP||Nagar Palika Parishad Baghpat Baghpat
2019_DOLBU_400307_1,433/NPP/2019-20 03/ET 04-11-2019,Ward number 20 mein Imran ke Makan se Babu ke Makan Tak level uthakar vibrated rubber moulded CC interlocking tiles dwara Sadak vah Nali Nirman Karya,Ward number 20 mein Imran ke Makan se Babu ke Makan Tak level uthakar vibrated rubber moulded CC interlocking tiles dwara Sadak vah Nali Nirman Karya,Works,Open Tender,Percentage,Civil Works - Roads,No,No,NA ,06-Nov-2019 04:00 PM,NA ,11.0,No ,No,Offline,18-Nov-2019 01:00 PM,Directorate of Local Bodies UP||Nagar Palika Parishad Baghpat Baghpat,NPP BAGHPAT,250609.0,2.0,"1,48,000",M/S TANVIR AHAMAD CONTRACTOR,"148,234.2",Rejected-AOC,2019-12-12,Directorate of Local Bodies UP||Nagar Palika Parishad Baghpat Baghpat
2019_DOLBU_400364_1,433/NPP/2019-20 03/ET 04-11-2019,Ward No. 14 Me Naresh ke makan se jaibhagwan ke makan tak vibrated rubber molded cc interlocking tiles dwara sadak vah nali nirman karya,Ward No. 14 Me Naresh ke makan se jaibhagwan ke makan tak vibrated rubber molded cc interlocking tiles dwara sadak vah nali nirman karya,Works,Open Tender,Percentage,Civil Works - Roads,No,No,NA ,06-Nov-2019 04:00 PM,NA ,10.0,No ,No,Offline,18-Nov-2019 01:00 PM,Directorate of Local Bodies UP||Nagar Palika Parishad Baghpat Baghpat,NPP Baghpat,250609.0,2.0,"22,81,000",M/S RAJEEV RAJ CONSTRUCTIONS,"2,275,848.02",Rejected-AOC,2019-12-11,Directorate of Local Bodies UP||Nagar Palika Parishad Baghpat Baghpat
2019_DOLBU_400367_1,433/NPP/2019 03/ET 04-11-2019,Ward number 20 Mein Munna ke Makan Se jahir Ke Makan Tak level uthakar vibrated rubber moulded CC interlocking tiles dwara Sadak Nali Nirman Karya,Ward number 20 Mein Munna ke Makan Se jahir Ke Makan Tak level uthakar vibrated rubber moulded CC interlocking tiles dwara Sadak Nali Nirman Karya,Works,Open Tender,Percentage,Civil Works - Roads,No,No,NA ,06-Nov-2019 04:00 PM,NA ,10.0,No ,No,Offline,18-Nov-2019 01:00 PM,Directorate of Local Bodies UP||Nagar Palika Parishad Baghpat Baghpat,NPP Baghpat,250609.0,2.0,"48,436",M/S TANVIR AHAMAD CONTRACTOR,"48,436.735",Rejected-AOC,2019-12-12,Directorate of Local Bodies UP||Nagar Palika Parishad Baghpat Baghpat
2019_DOLBU_400368_1,433/NPP/2019 03/ET 04-11-2019,Ward number 20 Mein Rishipal ke Makan se Bali ke Makan Tak Raebareli ke Makan se Lukman ke Makan Tak level uthakar rubber moulded Sashi interlocking tiles dwara Sadak Ka Nirman Karya,Ward number 20 Mein Rishipal ke Makan se Bali ke Makan Tak Raebareli ke Makan se Lukman ke Makan Tak level uthakar rubber moulded Sashi interlocking tiles dwara Sadak Ka Nirman Karya,Works,Open Tender,Percentage,Civil Works - Roads,No,No,NA ,06-Nov-2019 04:00 PM,NA ,10.0,No ,No,Offline,18-Nov-2019 01:00 PM,Directorate of Local Bodies UP||Nagar Palika Parishad Baghpat Baghpat,NPP Baghpat,250609.0,2.0,"9,60,000",MONARK BUILDERS,"959,738.582",Accepted-AOC,2019-12-11,Directorate of Local Bodies UP||Nagar Palika Parishad Baghpat Baghpat
2019_DOLBU_400371_1,433/NPP/2019-20 03/ET 04-11-2019,Ward No. 23 mein mahamai chowk pr puliya I ramp dwara nirman karya,Ward No. 23 mein mahamai chowk pr puliya I ramp dwara nirman karya,Works,Open Tender,Percentage,Civil Works - Roads,No,No,NA ,06-Nov-2025 06:56 PM,NA ,10.0,No ,No,Offline,18-Nov-2019 01:00 PM,Directorate of Local Bodies UP||Nagar Palika Parishad Baghpat Baghpat,NPP Baghpat,250609.0,2.0,"5,21,800",M/S SUNIL TRADERS,"521,809.754",Rejected-AOC,2019-12-11,Directorate of Local Bodies UP||Nagar Palika Parishad Baghpat Baghpat
2019_DOLBU_400373_1,433/NPP/2019-20 03/ET 04-11-2019,Ward No. 15 main aalam pathan ke makan se chand maszid wali gali main lavel uthakar rubber molded cc interlocking tiles dwara sadak vah nali nirman karya,Ward No. 15 main aalam pathan ke makan se chand maszid wali gali main lavel uthakar rubber molded cc interlocking tiles dwara sadak vah nali nirman karya,Works,Open Tender,Percentage,Civil Works - Roads,No,No,NA ,06-Nov-2019 04:00 PM,NA ,10.0,No ,No,Offline,18-Nov-2019 01:00 PM,Directorate of Local Bodies UP||Nagar Palika Parishad Baghpat Baghpat,NPP Baghpat,250609.0,2.0,"5,72,000",M/S RAJEEV RAJ CONSTRUCTIONS,"572,135.78",Rejected-AOC,2019-12-11,Directorate of Local Bodies UP||Nagar Palika Parishad Baghpat Baghpat
2019_DOLBU_400377_1,433/NPP/2019-20 03/ET 04-11-2019,Ward No. 16 ward main jaikishan ke makan se moolchand yadav ke makan tak level uthakar rubber moldid c.c interlocking tailes dwara sadak vah nali nirman karya,Ward No. 16 ward main jaikishan ke makan se moolchand yadav ke makan tak level uthakar rubber moldid c.c interlocking tailes dwara sadak vah nali nirman karya,Works,Open Tender,Percentage,Civil Works - Roads,No,No,NA ,06-Nov-2019 04:00 PM,NA ,10.0,No ,No,Offline,18-Nov-2019 01:00 PM,Directorate of Local Bodies UP||Nagar Palika Parishad Baghpat Baghpat,NPP Baghpat,250609.0,2.0,"1,48,000",M/S RAJEEV RAJ CONSTRUCTIONS,"148,407.48",Rejected-AOC,2019-12-11,Directorate of Local Bodies UP||Nagar Palika Parishad Baghpat Baghpat
2019_DOLBU_400379_1,433/NPP/2019-20 03/ET 04-11-2019,Ward No. 17 Me alalah bande ke makan se aasmohmmad ke makan tak level utahkar rubber moldid c.c interlocking tiles dwara sadak vah nali nirman karya,Ward No. 17 Me alalah bande ke makan se aasmohmmad ke makan tak level utahkar rubber moldid c.c interlocking tiles dwara sadak vah nali nirman karya,Works,Open Tender,Percentage,Civil Works - Roads,No,No,NA ,06-Nov-2019 04:00 PM,NA ,691.0,No ,No,Offline,18-Nov-2019 01:00 PM,Directorate of Local Bodies UP||Nagar Palika Parishad Baghpat Baghpat,NPP Baghpat,250609.0,2.0,"2,93,000",M/S RAJEEV RAJ CONSTRUCTIONS,"293,159.333",Accepted-AOC,2019-12-11,Directorate of Local Bodies UP||Nagar Palika Parishad Baghpat Baghpat
2019_DOLBU_400382_1,433/NPP/2019-20 03/ET 04-11-2019,Ward number 4 Mein munnalal Enclave Mein Lalla Suresh ke Makan se Naresh advocate ke Makan Tak Mitti bhawkar level uthakar CC tiles dwara Sadak Nirman Karya,Ward number 4 Mein munnalal Enclave Mein Lalla Suresh ke Makan se Naresh advocate ke Makan Tak Mitti bhawkar level uthakar CC tiles dwara Sadak Nirman Karya,Works,Open Tender,Percentage,Civil Works - Roads,No,No,NA ,06-Nov-2019 04:00 PM,NA ,10.0,No ,No,Offline,18-Nov-2019 01:00 PM,Directorate of Local Bodies UP||Nagar Palika Parishad Baghpat Baghpat,NPP Baghpat,250609.0,2.0,"22,67,600",M/S TANVIR AHAMAD CONTRACTOR,"2,267,590.08",Rejected-AOC,2019-12-11,Directorate of Local Bodies UP||Nagar Palika Parishad Baghpat Baghpat
2019_DOLBU_400391_1,433/NPP/2019-20 03/ET 04-11-2019,Ward number 08 Mein Chawla Cloth House se Yashwant Verma ki dukaan Tak vah Jain bartan wale ki dukaan se Satish Gupta ki dukaan Tak vibrated rubber moulded CC interlocking tiles Sadak Nali Nirman Karya Hua pratirodhak Deewar ka Nirman Karya,Ward number 08 Mein Chawla Cloth House se Yashwant Verma ki dukaan Tak vah Jain bartan wale ki dukaan se Satish Gupta ki dukaan Tak vibrated rubber moulded CC interlocking tiles Sadak Nali Nirman Karya Hua pratirodhak Deewar ka Nirman Karya,Works,Open Tender,Percentage,Civil Works - Roads,No,No,NA ,06-Nov-2019 04:00 PM,NA ,10.0,No ,No,Offline,18-Nov-2019 01:00 PM,Directorate of Local Bodies UP||Nagar Palika Parishad Baghpat Baghpat,NPP Baghpat,250609.0,2.0,"10,72,000",M/S TANVIR AHAMAD CONTRACTOR,"1,072,155.06",Rejected-AOC,2019-12-11,Directorate of Local Bodies UP||Nagar Palika Parishad Baghpat Baghpat
2019_DOLBU_400406_1,433/NPP/2019-20 03/ET 04-11-2019,Ward No. Ward number 21 mein Pandav Road Kabristan ke barabar mein Main mukhya Marg vibhinn Galiyan main IRTC Puliya ka Nirman Karya,Ward No. Ward number 21 mein Pandav Road Kabristan ke barabar mein Main mukhya Marg vibhinn Galiyan main IRTC Puliya ka Nirman Karya,Works,Open Tender,Percentage,Civil Works - Roads,No,No,NA ,06-Nov-2019 04:00 PM,NA ,10.0,No ,No,Offline,18-Nov-2019 01:00 PM,Directorate of Local Bodies UP||Nagar Palika Parishad Baghpat Baghpat,NPP Baghpat,250609.0,2.0,"1,63,382",M/S SUDARSHAN KUMAR CONTRACTOR,"163,382.2",Rejected-AOC,2019-12-12,Directorate of Local Bodies UP||Nagar Palika Parishad Baghpat Baghpat
2019_DOLBU_400425_1,433/NPP/2019-20 03/ET 04-11-2019,Meerut Road per Suman ke Makan se a Shekhar Jain ke Makan Tak CC interlocking tiles dwara Sadak where Nali Nirman Karya,Meerut Road per Suman ke Makan se a Shekhar Jain ke Makan Tak CC interlocking tiles dwara Sadak where Nali Nirman Karya,Works,Open Tender,Percentage,Civil Works - Roads,No,No,NA ,06-Nov-2019 04:00 PM,NA ,10.0,No ,No,Offline,18-Nov-2019 01:00 PM,Directorate of Local Bodies UP||Nagar Palika Parishad Baghpat Baghpat,NPP Baghpat,250609.0,2.0,"6,48,600",MONARK BUILDERS,"648,401.564",Accepted-AOC,2019-12-11,Directorate of Local Bodies UP||Nagar Palika Parishad Baghpat Baghpat
2019_DOLBU_400436_1,433/NPP/2019-20 03/ET 04-11-2019,Ward number 5 mein Pandav Road per sabbir ke Makan se Kayam Mistri ke Makan Tak CC tiles dwara Sadak Hua Nali Nirman Karya,Ward number 5 mein Pandav Road per sabbir ke Makan se Kayam Mistri ke Makan Tak CC tiles dwara Sadak Hua Nali Nirman Karya,Works,Open Tender,Percentage,Civil Works - Roads,No,No,NA ,06-Nov-2019 06:55 PM,NA ,10.0,No ,No,Offline,18-Nov-2019 01:00 PM,Directorate of Local Bodies UP||Nagar Palika Parishad Baghpat Baghpat,NPP Baghpat,250609.0,2.0,"2,67,700",M/S TANVIR AHAMAD CONTRACTOR,"267,625.43",Rejected-AOC,2019-12-11,Directorate of Local Bodies UP||Nagar Palika Parishad Baghpat Baghpat
2019_DOLBU_400441_1,433/NPP/2019-20 03/ET 04-11-2019,Ward number 7 mein Rajesh ke Makan se Balaya ke Makan Tak Nali vah interlocking tiles dwara Sadak Sudhar Karya,Ward number 7 mein Rajesh ke Makan se Balaya ke Makan Tak Nali vah interlocking tiles dwara Sadak Sudhar Karya,Works,Open Tender,Percentage,Civil Works - Roads,No,No,NA ,06-Nov-2019 04:00 PM,NA ,10.0,No ,No,Offline,18-Nov-2019 01:00 PM,Directorate of Local Bodies UP||Nagar Palika Parishad Baghpat Baghpat,NPP Baghpat,250609.0,2.0,"3,85,400",M/S SUNIL TRADERS,"385,303.633",Rejected-AOC,2019-12-11,Directorate of Local Bodies UP||Nagar Palika Parishad Baghpat Baghpat
2019_DOLBU_400451_1,433/NPP/2019-20 03/ET 04-11-2019,Ward number 18 Mein chhate wali Masjid se Jahangir ke Makan Tak vah Sahayak Galiyon Mein level uthakar vibrating rubber moulded CC interlocking tiles dwara Sadak vah Nali ka Nirman Karya,Ward number 18 Mein chhate wali Masjid se Jahangir ke Makan Tak vah Sahayak Galiyon Mein level uthakar vibrating rubber moulded CC interlocking tiles dwara Sadak vah Nali ka Nirman Karya,Works,Open Tender,Percentage,Civil Works - Roads,No,No,NA ,06-Nov-2019 04:00 PM,NA ,10.0,No ,No,Offline,18-Nov-2019 04:00 PM,Directorate of Local Bodies UP||Nagar Palika Parishad Baghpat Baghpat,NPP Baghpat,250609.0,2.0,"5,93,000",M/S BHARTI CONTRACTOR,"592,712.54",Accepted-AOC,2019-12-11,Directorate of Local Bodies UP||Nagar Palika Parishad Baghpat Baghpat
2019_DOLBU_400459_1,433/NPP/2019-20 03/ET 04-11-2019,Ward Number 11 mein Ilyas ke Makan se a Shyam Lal ke Makan Tak Nali vah interlocking tiles dwara Sadak Sudhar Karya,Ward Number 11 mein Ilyas ke Makan se a Shyam Lal ke Makan Tak Nali vah interlocking tiles dwara Sadak Sudhar Karya,Works,Open Tender,Percentage,Civil Works - Roads,No,No,NA ,06-Nov-2019 04:00 PM,NA ,10.0,No ,No,Offline,18-Nov-2019 01:00 PM,Directorate of Local Bodies UP||Nagar Palika Parishad Baghpat Baghpat,NPP Baghpat,250609.0,2.0,"4,31,500",M/S BHARTI CONTRACTOR,"431,954.22",Accepted-AOC,2019-12-11,Directorate of Local Bodies UP||Nagar Palika Parishad Baghpat Baghpat
2019_DOLBU_400473_1,433/NPP/2019-20 03/ET 04-11-2019,construction of tin shade dead body place seating bench and fencing barbed wire ivn boundry wall and two seated toilet and plantation work in shamshan ghat i ward no 14,construction of tin shade dead body place seating bench and fencing barbed wire ivn boundry wall and two seated toilet and plantation work in shamshan ghat i ward no 14,Works,Open Tender,Percentage,Civil Works - Buildings,No,No,NA ,06-Nov-2019 04:00 PM,NA ,10.0,No ,No,Offline,18-Nov-2019 01:00 PM,Directorate of Local Bodies UP||Nagar Palika Parishad Baghpat Baghpat,NPP BAGHPAT,250609.0,2.0,"28,37,000",M/S RAJEEV RAJ CONSTRUCTIONS,"2,837,000",Accepted-AOC,2019-12-12,Directorate of Local Bodies UP||Nagar Palika Parishad Baghpat Baghpat
2019_DOLBU_400474_1,433/NPP/2019-20 03/ET 04-11-2019,Ward Number 11 Mein Masjid se Khurshid ke Makan Tak Nali interlocking dwara Sadak Sudhar Karya,Ward Number 11 Mein Masjid se Khurshid ke Makan Tak Nali interlocking dwara Sadak Sudhar Karya,Works,Open Tender,Percentage,Civil Works - Roads,No,No,NA ,06-Nov-2019 04:00 PM,NA ,10.0,No ,No,Offline,18-Nov-2019 01:00 PM,Directorate of Local Bodies UP||Nagar Palika Parishad Baghpat Baghpat,NPP Baghpat,250609.0,2.0,"6,44,800",M/S BHARTI CONTRACTOR,"648,441.26",Accepted-AOC,2019-12-11,Directorate of Local Bodies UP||Nagar Palika Parishad Baghpat Baghpat
2019_DOLBU_400488_1,433/NPP/2019-20 03/ET 04-11-2019,Ward Number 12 Mein Asgar ke Makan se a Anish ke Makan Tak level uthakar rubber moulded cc interlocking tiles dwara Sadak vah Nali Nirman Karya aur aur Javed ke Makan se aur Chauhan ke Makan Tak Nali Nirman Karya,Ward Number 12 Mein Asgar ke Makan se a Anish ke Makan Tak level uthakar rubber moulded cc interlocking tiles dwara Sadak vah Nali Nirman Karya aur aur Javed ke Makan se aur Chauhan ke Makan Tak Nali Nirman Karya,Works,Open Tender,Percentage,Civil Works - Roads,No,No,NA ,06-Nov-2019 04:00 PM,NA ,10.0,No ,No,Offline,18-Nov-2019 01:00 PM,Directorate of Local Bodies UP||Nagar Palika Parishad Baghpat Baghpat,NPP Baghpat,250609.0,2.0,"3,79,000",M/S BHARTI CONTRACTOR,"380,229.419",Accepted-AOC,2019-12-11,Directorate of Local Bodies UP||Nagar Palika Parishad Baghpat Baghpat
2019_DOLBU_400499_1,433/NPP/2019-20 03/ET 04-11-2019,Ward Number 12 mein Shakil ke Makan se Babu ke Makan Tak level uthakar rubber moulded interlocking tiles dwara Sadak Hua Nali Nirman Karya,Ward Number 12 mein Shakil ke Makan se Babu ke Makan Tak level uthakar rubber moulded interlocking tiles dwara Sadak Hua Nali Nirman Karya,Works,Open Tender,Percentage,Civil Works - Roads,No,No,NA ,06-Nov-2019 04:00 PM,NA ,10.0,No ,No,Offline,18-Nov-2019 01:00 PM,Directorate of Local Bodies UP||Nagar Palika Parishad Baghpat Baghpat,NPP Baghpat,250609.0,2.0,"12,04,000",M/S BHARTI CONTRACTOR,"1,204,180.68",Accepted-AOC,2019-12-11,Directorate of Local Bodies UP||Nagar Palika Parishad Baghpat Baghpat
2019_DOLBU_400505_1,433/NPP/2019-20 03/ET 04-11-2019,ward no. 15 me bebuddin ke makan se tawar wale plat tak c.c tailes vah mitte bharav dwara sadak vah nali nirman karya,ward no. 15 me bebuddin ke makan se tawar wale plat tak c.c tailes vah mitte bharav dwara sadak vah nali nirman karya,Works,Open Tender,Percentage,Civil Works - Roads,No,No,NA ,06-Nov-2019 04:00 PM,NA ,10.0,No ,No,Offline,18-Nov-2019 01:00 PM,Directorate of Local Bodies UP||Nagar Palika Parishad Baghpat Baghpat,NPP Baghpat,250609.0,2.0,"2,75,970",M/S TANVIR AHAMAD CONTRACTOR,"275,949.87",Rejected-AOC,2019-12-12,Directorate of Local Bodies UP||Nagar Palika Parishad Baghpat Baghpat
2019_DOLBU_400529_1,433/NPP/2019-20 03/ET 04-11-2019,ward no. 1 me nanak ke makan se kartar ke makan tak nali vah interlocking dwara sadak sudhar karya,ward no. 1 me nanak ke makan se kartar ke makan tak nali vah interlocking dwara sadak sudhar karya,Works,Open Tender,Percentage,Civil Works - Roads,No,No,NA ,06-Nov-2019 04:00 PM,NA ,10.0,No ,No,Offline,18-Nov-2019 01:00 PM,Directorate of Local Bodies UP||Nagar Palika Parishad Baghpat Baghpat,NPP Baghpat,250609.0,2.0,"17,07,510",A.D. ENTERPRISES,"1,705,846.78",Accepted-AOC,2019-12-11,Directorate of Local Bodies UP||Nagar Palika Parishad Baghpat Baghpat
2019_DOLBU_400531_1,433/NPP/2019-20 03/ET 04-11-2019,ward no. 21 me maszid humja se lekar bhoora ke makan tak vah shayak gali me nali vah interlocing dwara sadak nirman karya,ward no. 21 me maszid humja se lekar bhoora ke makan tak vah shayak gali me nali vah interlocing dwara sadak nirman karya,Works,Open Tender,Percentage,Civil Works - Roads,No,No,NA ,06-Nov-2019 04:00 PM,NA ,10.0,No ,No,Offline,18-Nov-2019 01:00 PM,Directorate of Local Bodies UP||Nagar Palika Parishad Baghpat Baghpat,NPP BAGHPAT,250609.0,2.0,"4,33,400",M/S SUDARSHAN KUMAR CONTRACTOR,"433,400",Rejected-AOC,2019-12-11,Directorate of Local Bodies UP||Nagar Palika Parishad Baghpat Baghpat
2019_DOLBU_400536_1,433/NPP/2019-20 03/ET 04-11-2019,ward no. 2 baraut road bansi wale se manoj ke makan tak c.c interlocing tailes dwara sadak vah nali nirman karya,ward no. 2 baraut road bansi wale se manoj ke makan tak c.c interlocing tailes dwara sadak vah nali nirman karya,Works,Open Tender,Percentage,Civil Works - Roads,No,No,NA ,06-Nov-2019 04:00 PM,NA ,10.0,No ,No,Offline,18-Nov-2019 01:00 PM,Directorate of Local Bodies UP||Nagar Palika Parishad Baghpat Baghpat,NPP Baghpat,250609.0,2.0,"2,41,980",M/S SUNIL TRADERS,"241,970.87",Rejected-AOC,2019-12-11,Directorate of Local Bodies UP||Nagar Palika Parishad Baghpat Baghpat
2019_DOLBU_400537_1,433/NPP/2019-20 03/ET 04-11-2019,Ward No. 25 mein samay ke Makan se Sahab Singh ke Makan Tak level uthakar vibrated rubber mould CC interlocking tiles dwara Sadak Ka Nirman Karya,Ward No. 25 mein samay ke Makan se Sahab Singh ke Makan Tak level uthakar vibrated rubber mould CC interlocking tiles dwara Sadak Ka Nirman Karya,Works,Open Tender,Percentage,Civil Works - Roads,No,No,NA ,06-Nov-2019 04:00 PM,NA ,10.0,No ,No,Offline,18-Nov-2019 01:00 PM,Directorate of Local Bodies UP||Nagar Palika Parishad Baghpat Baghpat,NPP BAGHPAT,250609.0,2.0,"13,48,000",M/S SUNIL TRADERS,"1,348,019.084",Rejected-AOC,2019-12-11,Directorate of Local Bodies UP||Nagar Palika Parishad Baghpat Baghpat
2019_DOLBU_400561_1,npprmu/112019/pwd01,Construction of RCC Nala,Construction of RCC Nala from Jauhar Ali Road to Railway Fatak,Works,Open Tender,Item Rate,Civil Works,No,No,NA ,06-Nov-2019 03:00 PM,NA ,60.0,No ,No,Offline,15-Nov-2019 02:00 PM,Directorate of Local Bodies UP||Nagar Palika Parishad Rampur Rampur,Nagar Palika Parishad Rampur,244901.0,2.0,"62,67,500",NAEEM KHAN,"5,088,531",Rejected-AOC,2019-12-18,Directorate of Local Bodies UP||Nagar Palika Parishad Rampur Rampur
2019_DOLBU_400604_1,npprmu/112019/pwd03,Construction of RCC Nala,Construction of RCC Nala Covered Mahila ITI Kila Rampur,Works,Open Tender,Fixed-rate,Civil Works,No,No,NA ,06-Nov-2019 05:00 PM,NA ,60.0,No ,No,Offline,15-Nov-2019 02:00 PM,Directorate of Local Bodies UP||Nagar Palika Parishad Rampur Rampur,Nagar Palika Parishad Rampur,244901.0,2.0,"12,47,900",M/S MAKHDOOM ALI CONTRACTOR,"974,902",Accepted-AOC,2019-12-27,Directorate of Local Bodies UP||Nagar Palika Parishad Rampur Rampur
2019_DOLBU_400636_1,npprmu/112019/pwd04,Construction of RCC Nala,Construction of RCC Nala Astabal camp to Thana Ganj,Works,Open Tender,Item Rate,Civil Works,No,No,NA ,06-Nov-2019 05:00 PM,NA ,60.0,No ,No,Offline,15-Nov-2019 02:00 PM,Directorate of Local Bodies UP||Nagar Palika Parishad Rampur Rampur,Nagar Palika Parishad Rampur,244901.0,2.0,"12,14,000",M/S MAKHDOOM ALI CONTRACTOR,"940,068",Accepted-AOC,2019-12-27,Directorate of Local Bodies UP||Nagar Palika Parishad Rampur Rampur
2019_DOLBU_400749_1,npprmu/112019/pwd05,Construction of RCC Nala,Construction of RCC Nala from Railway Fatak to Agapur Road,Works,Open Tender,Item Rate,Civil Works,No,No,NA ,06-Nov-2019 06:55 PM,NA ,60.0,No ,No,Offline,15-Nov-2019 02:00 PM,Directorate of Local Bodies UP||Nagar Palika Parishad Rampur Rampur,Nagar Palika Parishad Rampur,244901.0,2.0,"23,58,150",Shri Abdul Gaffar Khan,"1,898,111",Rejected-AOC,2019-12-21,Directorate of Local Bodies UP||Nagar Palika Parishad Rampur Rampur
2019_DOLBU_400792_1,npprmu/112019/pwd09,Construction of RCC Nala,Construction of RCC Nala from Jaji Gate to B Amma Road,Works,Open Tender,Item Rate,Civil Works,No,No,NA ,07-Nov-2019 09:00 AM,NA ,60.0,No ,No,Offline,15-Nov-2019 02:00 PM,Directorate of Local Bodies UP||Nagar Palika Parishad Rampur Rampur,Nagar Palika Parishad Rampur,244901.0,2.0,"17,51,800",NAEEM KHAN,"1,392,084",Rejected-AOC,2019-12-18,Directorate of Local Bodies UP||Nagar Palika Parishad Rampur Rampur
2019_DOLBU_400794_1,npprmu/112019/pwd10,Construction of Covered RCC,Construction of RCC Nala from Darakht Kaith to Mursheed Miyan,Works,Open Tender,Item Rate,Civil Works,No,No,NA ,07-Nov-2019 09:00 AM,NA ,60.0,No ,No,Offline,15-Nov-2019 02:00 PM,Directorate of Local Bodies UP||Nagar Palika Parishad Rampur Rampur,Nagar Palika Parishad Rampur,244901.0,2.0,"31,15,500",Shri Abdul Gaffar Khan,"2,525,988",Rejected-AOC,2019-12-21,Directorate of Local Bodies UP||Nagar Palika Parishad Rampur Rampur
2019_DOLBU_400798_1,npprmu/112019/pwd11,Constructio of RCC NALA,Constructio of RCC NALA from Betuk Road to Pankhe Walan ki puliya,Works,Open Tender,Item Rate,Civil Works,No,No,NA ,07-Nov-2019 09:00 AM,NA ,60.0,No ,No,Offline,15-Nov-2019 02:00 PM,Directorate of Local Bodies UP||Nagar Palika Parishad Rampur Rampur,Nagar Palika Parishad Rampur,244901.0,2.0,"37,58,000",Shri Abdul Gaffar Khan,"2,988,132",Rejected-AOC,2019-12-21,Directorate of Local Bodies UP||Nagar Palika Parishad Rampur Rampur
2019_DOLBU_400802_1,npprmu/112019/pwd12,Construction of RCC Nala,Construction of RCC Nala from Chini Mill Raju Shop to NH87,Works,Open Tender,Item Rate,Civil Works,No,No,NA ,07-Nov-2019 09:00 AM,NA ,60.0,No ,No,Offline,15-Nov-2019 02:00 PM,Directorate of Local Bodies UP||Nagar Palika Parishad Rampur Rampur,Nagar Palika Parishad Rampur,244901.0,2.0,"24,06,300",M/S Salman Mehmood Contractor,"1,834,272",Rejected-AOC,2019-12-21,Directorate of Local Bodies UP||Nagar Palika Parishad Rampur Rampur
2019_DOLBU_400806_1,npprmu/112019/pwd13,Construction of RCC Nala,Construction of RCC Nala from Lal Bhai to Main Nala Near Chah Jatta Ward 10,Works,Open Tender,Item Rate,Civil Works,No,No,NA ,07-Nov-2019 09:00 AM,NA ,60.0,No ,No,Offline,15-Nov-2019 02:00 PM,Directorate of Local Bodies UP||Nagar Palika Parishad Rampur Rampur,Nagar Palika Parishad Rampur,244901.0,2.0,"5,17,550",M/S MAKHDOOM ALI CONTRACTOR,"401,434",Accepted-AOC,2019-12-18,Directorate of Local Bodies UP||Nagar Palika Parishad Rampur Rampur
2019_DOLBU_400818_1,npprmu/112019/pwd16,Construction of RCC Nala,Construction of RCC Nala from Rajdwara Gate to Mitha Kuan,Works,Open Tender,Item Rate,Civil Works,No,No,NA ,07-Jun-2025 06:54 PM,NA ,60.0,No ,No,Offline,15-Nov-2019 02:00 PM,Directorate of Local Bodies UP||Nagar Palika Parishad Rampur Rampur,Nagar Palika Parishad Rampur,244901.0,2.0,"17,66,250",M/S MAKHDOOM ALI CONTRACTOR,"1,367,646",Accepted-AOC,2019-12-27,Directorate of Local Bodies UP||Nagar Palika Parishad Rampur Rampur
2019_DOLBU_400819_1,npprmu/112019/pwd17,Construction of RCC NAla,Construction of RCC Nala from Rajdwara Gate to Meethe kuen ki puliya right side,Works,Open Tender,Item Rate,Civil Works,No,No,NA ,07-Nov-2019 09:00 AM,NA ,60.0,No ,No,Offline,15-Nov-2019 02:00 PM,Directorate of Local Bodies UP||Nagar Palika Parishad Rampur Rampur,Nagar Palika Parishad Rampur,244901.0,2.0,"2,124",M/S MAKHDOOM ALI CONTRACTOR,"1,366,864",Accepted-AOC,2019-12-27,Directorate of Local Bodies UP||Nagar Palika Parishad Rampur Rampur
2019_DOLBU_400848_1,npprmu/112019/pwd21,Construction of RCC Nala,Construction of RCC Nala from back side ganj thana to shappu bhai house,Works,Open Tender,Item Rate,Civil Works,No,No,NA ,07-Nov-2019 10:00 AM,NA ,60.0,No ,No,Offline,15-Nov-2019 02:00 PM,Directorate of Local Bodies UP||Nagar Palika Parishad Rampur Rampur,Nagar Palika Parishad Rampur,244901.0,2.0,"9,66,500",SABIR CONTRACTOR,"798,470",Rejected-AOC,2019-12-18,Directorate of Local Bodies UP||Nagar Palika Parishad Rampur Rampur
2019_DOLBU_400851_1,npprmu/112019/pwd22,Construction of RCC Nala,Construction of RCC Nala Chauki Kunda to Balmiki Basti Ward 13,Works,Open Tender,Item Rate,Civil Works,No,No,NA ,07-Nov-2019 10:00 AM,NA ,60.0,No ,No,Offline,15-Nov-2019 02:00 PM,Directorate of Local Bodies UP||Nagar Palika Parishad Rampur Rampur,Nagar Palika Parishad Rampur,244901.0,2.0,"15,51,200",M/s Shaman Constraction,"1,272,361",Accepted-AOC,2019-12-30,Directorate of Local Bodies UP||Nagar Palika Parishad Rampur Rampur
2019_DOLBU_400853_1,npprmu/112019/pwd23,Construction of RCC Nala,Construction of RCC Nala from Chini Mill Road J K Tyre to NH 87,Works,Open Tender,Item Rate,Civil Works,No,No,NA ,07-Nov-2019 10:00 AM,NA ,60.0,No ,No,Offline,15-Nov-2019 02:00 PM,Directorate of Local Bodies UP||Nagar Palika Parishad Rampur Rampur,Nagar Palika Parishad Rampur,244901.0,2.0,"24,06,300",M/S Salman Mehmood Contractor,"1,834,272",Rejected-AOC,2019-12-21,Directorate of Local Bodies UP||Nagar Palika Parishad Rampur Rampur
2019_DOLBU_400856_1,npprmu/112019/pwd24,Construction Of RCC Slab Colvert,Construction of RCC Slab Culvert Mo. Ghosiyan Ward 20,Works,Open Tender,Item Rate,Civil Works,No,No,NA ,09-Nov-2019 01:00 PM,NA ,60.0,No ,No,Offline,15-Nov-2019 02:00 PM,Directorate of Local Bodies UP||Nagar Palika Parishad Rampur Rampur,Nagar Palika Parishad Rampur,244901.0,2.0,"8,47,210",arshcontractor,"657,853",Accepted-AOC,2019-12-27,Directorate of Local Bodies UP||Nagar Palika Parishad Rampur Rampur
2019_DOLBU_400857_1,npprmu/112019/pwd25,Construction of remaining part of RCC Nala and Interlocking Road,Construction of remaining part of RCC Nala and Interlocking Road from Khatta Buddhan Khan to Jail Road,Works,Open Tender,Item Rate,Civil Works,No,No,NA ,07-Nov-2019 10:00 AM,NA ,60.0,No ,No,Offline,15-Nov-2019 02:00 PM,Directorate of Local Bodies UP||Nagar Palika Parishad Rampur Rampur,Nagar Palika Parishad Rampur,244901.0,2.0,"63,93,600",M/s A. N. Construction,"4,879,016",Accepted-AOC,2019-12-18,Directorate of Local Bodies UP||Nagar Palika Parishad Rampur Rampur
2019_DOLBU_401069_1,npprmu/112019/pwd27,Construction of Interlocking Tiles Road,Construction of Interlocking Tiles Road from Saray Kala and Kalghar MAzar Allah hu Dada Road,Works,Open Tender,Item Rate,Civil Works,No,No,NA ,07-Nov-2019 04:00 PM,NA ,60.0,No ,No,Offline,15-Nov-2019 02:00 PM,Directorate of Local Bodies UP||Nagar Palika Parishad Rampur Rampur,Nagar Palika Parishad Rampur,244901.0,2.0,"24,31,000",M/S ABDUL WAHAB CONTRACTOR,"1,907,360",Accepted-AOC,2019-12-30,Directorate of Local Bodies UP||Nagar Palika Parishad Rampur Rampur
2019_DOLBU_401305_1,npprmu/112019/pwd32,Construction of Interlocking Road and Nali,Construction of Interlocking Road and Nali from Mori Gate Saleem plot to Pappu House,Works,Open Tender,Item Rate,Civil Works,No,No,NA ,08-Nov-2019 09:00 AM,NA ,60.0,No ,No,Offline,15-Nov-2019 02:00 PM,Directorate of Local Bodies UP||Nagar Palika Parishad Rampur Rampur,Nagar Palika Parishad Rampur,244901.0,2.0,"9,39,200",NAEEM KHAN,"743,763",Accepted-AOC,2019-12-18,Directorate of Local Bodies UP||Nagar Palika Parishad Rampur Rampur
2019_DOLBU_401323_1,npprmu/112019/pwd35,Construction of Interlocking Road and Nali,Construction of Interlocking road and nali from Shaukat ali Road bata show room to Dovar Jamatus Swalehat,Works,Open Tender,Item Rate,Civil Works,No,No,NA ,08-Nov-2019 09:00 AM,NA ,60.0,No ,No,Offline,15-Nov-2019 02:00 PM,Directorate of Local Bodies UP||Nagar Palika Parishad Rampur Rampur,Nagar Palika Parishad Rampur,244901.0,2.0,"11,51,270",arshcontractor,"903,993",Accepted-AOC,2019-12-26,Directorate of Local Bodies UP||Nagar Palika Parishad Rampur Rampur
2019_DOLBU_401327_1,npprmu/112019/pwd36,Construction of Interlocking Road and NAli,Construction of Interlocking Road and NAli from Vikash Nagar Kameshwar House to Agapur Main Road,Works,Open Tender,Item Rate,Civil Works,No,No,NA ,08-Nov-2019 09:00 AM,NA ,60.0,No ,No,Offline,15-Nov-2019 02:00 PM,Directorate of Local Bodies UP||Nagar Palika Parishad Rampur Rampur,Nagar Palika Parishad Rampur,244901.0,2.0,"10,37,625",RADHEY LAL CONTRACTOR,"926,026",Rejected-AOC,2019-12-18,Directorate of Local Bodies UP||Nagar Palika Parishad Rampur Rampur
2019_DOLBU_401328_1,npprmu/112019/pwd37,Construction of Interlocking Road and Nali,Construction of Interlocking Road and Nali from Shiv Bihar Jwala Nagar Rajesh Lodhi House to CMS School,Works,Open Tender,Item Rate,Civil Works,No,No,NA ,08-Nov-2019 09:00 AM,NA ,60.0,No ,No,Offline,15-Nov-2019 02:00 PM,Directorate of Local Bodies UP||Nagar Palika Parishad Rampur Rampur,Nagar Palika Parishad Rampur,244901.0,2.0,"12,06,200",HARPYARI CONTRACTER,"1,071,518",Accepted-AOC,2019-12-23,Directorate of Local Bodies UP||Nagar Palika Parishad Rampur Rampur
2019_DOLBU_401332_1,npprmu/112019/pwd40,Constructio of Interlocking Road,Constructio of Interlocking Road from Shakir Haji House to Bhura Pahalwan House Ward 03,Works,Open Tender,Item Rate,Civil Works,No,No,NA ,08-Nov-2019 09:00 AM,NA ,60.0,No ,No,Offline,15-Nov-2019 02:00 PM,Directorate of Local Bodies UP||Nagar Palika Parishad Rampur Rampur,Nagar Palika Parishad Rampur,244901.0,2.0,"29,59,000",M/s A. N. Construction,"2,274,185",Rejected-AOC,2019-12-18,Directorate of Local Bodies UP||Nagar Palika Parishad Rampur Rampur
2019_DOLBU_401333_1,npprmu/112019/pwd41,Construction of Interlocking Road,Construction of Interlocking Road from State Bank to Rajesh Gulati House,Works,Open Tender,Item Rate,Civil Works,No,No,NA ,08-Nov-2019 09:00 AM,NA ,60.0,No ,No,Offline,15-Nov-2019 02:00 PM,Directorate of Local Bodies UP||Nagar Palika Parishad Rampur Rampur,Nagar Palika Parishad Rampur,244901.0,2.0,"19,89,000",arshcontractor,"1,577,941",Accepted-AOC,2019-12-27,Directorate of Local Bodies UP||Nagar Palika Parishad Rampur Rampur
2019_DOLBU_401334_1,npprmu/112019/pwd42,Construction of Interlocking Road and Nali,Construction of Interlocking Road and Nali From Satune Sangh Dulli Bhai House to Main Road,Works,Open Tender,Item Rate,Civil Works,No,No,NA ,08-Nov-2019 09:00 AM,NA ,60.0,No ,No,Offline,15-Nov-2019 02:00 PM,Directorate of Local Bodies UP||Nagar Palika Parishad Rampur Rampur,Nagar Palika Parishad Rampur,244901.0,2.0,"14,66,500",M/S IBADUR REHMAN KHAN CONTRACTOR,"1,150,061",Accepted-AOC,2019-12-27,Directorate of Local Bodies UP||Nagar Palika Parishad Rampur Rampur
2019_DOLBU_401341_1,npprmu/112019/pwd44,Construction of Interlocking Road from Pul Wali Masjid,Construction of Interlocking Road from Pul Wali Masjid to Transformer Nala Boath Side,Works,Open Tender,Item Rate,Civil Works,No,No,NA ,08-Jun-2025 06:53 PM,NA ,60.0,No ,No,Offline,15-Nov-2019 02:00 PM,Directorate of Local Bodies UP||Nagar Palika Parishad Rampur Rampur,Nagar Palika Parishad Rampur,244901.0,2.0,"33,28,800",M/s A. N. Construction,"2,569,944",Rejected-AOC,2019-12-18,Directorate of Local Bodies UP||Nagar Palika Parishad Rampur Rampur
2019_DOLBU_401386_1,npprmu/112019/pwd47,Construction of Interlocking Road and Nali,Construction of Interlocking Road and Nali from Jauhar Road to B Amma Road,Works,Open Tender,Item Rate,Civil Works,No,No,NA ,08-Nov-2019 12:00 PM,NA ,60.0,No ,No,Offline,15-Nov-2019 02:00 PM,Directorate of Local Bodies UP||Nagar Palika Parishad Rampur Rampur,Nagar Palika Parishad Rampur,244901.0,2.0,"28,46,640",M/s A. N. Construction,"2,311,211",Rejected-AOC,2019-12-18,Directorate of Local Bodies UP||Nagar Palika Parishad Rampur Rampur
2019_DOLBU_401405_1,npprmu/112019/pwd48,Construction of Interlocking Road and Nali,Construction of Interlocking Road and Nali from trenching ground to Chapta Colony,Works,Open Tender,Item Rate,Civil Works,No,No,NA ,08-Nov-2019 12:00 PM,NA ,60.0,No ,No,Offline,15-Nov-2019 02:00 PM,Directorate of Local Bodies UP||Nagar Palika Parishad Rampur Rampur,Nagar Palika Parishad Rampur,244901.0,2.0,"37,92,900",M/s A. N. Construction,"2,956,460",Rejected-AOC,2019-12-18,Directorate of Local Bodies UP||Nagar Palika Parishad Rampur Rampur
2019_DOLBU_401474_1,npprmu/112019/pwd51,Reconstruction of Interlocking Road and Nali,Reconstruction of Interlocking Road and Nali in Gali Mahmood Khan Gali Rajdwara,Works,Open Tender,Item Rate,Civil Works,No,No,NA ,08-Nov-2019 02:00 PM,NA ,60.0,No ,No,Offline,15-Nov-2019 02:00 PM,Directorate of Local Bodies UP||Nagar Palika Parishad Rampur Rampur,Nagar Palika Parishad Rampur,244901.0,2.0,"6,43,800",MANSOOR ALI KHAN CONTRACTOR,"546,230",Accepted-AOC,2019-12-18,Directorate of Local Bodies UP||Nagar Palika Parishad Rampur Rampur
2019_DOLBU_401500_1,npprmu/112019/pwd53,Construction of RCC Nala Covered,Construction of RCC Nala Covered opp. LIU Office,Works,Open Tender,Item Rate,Civil Works,No,No,NA ,08-Nov-2019 02:00 PM,NA ,60.0,No ,No,Offline,15-Nov-2019 02:00 PM,Directorate of Local Bodies UP||Nagar Palika Parishad Rampur Rampur,Nagar Palika Parishad Rampur,244901.0,2.0,"23,42,350",M/s A. N. Construction,"1,853,975",Accepted-AOC,2019-12-18,Directorate of Local Bodies UP||Nagar Palika Parishad Rampur Rampur
2019_DOLBU_401566_1,npprmu/112019/pwd55,Construction of Interlocking Road and Nali,Construction of Interlocking Road and Nali from Jnaid Khan House to Tashka main road,Works,Open Tender,Item Rate,Civil Works,No,No,NA ,08-Nov-2019 03:15 PM,NA ,60.0,No ,No,Offline,15-Nov-2019 02:00 PM,Directorate of Local Bodies UP||Nagar Palika Parishad Rampur Rampur,Nagar Palika Parishad Rampur,244901.0,2.0,"35,81,270",M/s A. N. Construction,"2,748,055",Rejected-AOC,2019-12-18,Directorate of Local Bodies UP||Nagar Palika Parishad Rampur Rampur
2019_DOLBU_402879_1,npprmu/112019/pwd49,Construction of Interlocking Road and Nali,Construction of Interlocking Road and Nali from LIC Chauraha to S K Agarwal House,Works,Open Tender,Item Rate,Civil Works,No,No,NA ,13-Nov-2019 09:00 AM,NA ,60.0,No ,No,Offline,18-Nov-2019 05:00 PM,Directorate of Local Bodies UP||Nagar Palika Parishad Rampur Rampur,Nagar Palika Parishad Rampur,244901.0,2.0,"76,07,000",M/S Salman Mehmood Contractor,"5,798,853",Rejected-AOC,2019-12-21,Directorate of Local Bodies UP||Nagar Palika Parishad Rampur Rampur
2019_DOLBU_412562_1,645(4)/NPPDATAGANJ/2019-20 DATE 11-12-2019,CIVIL WORK,"NPP, DATAGANJ KE WARD 04 ME AJEET KE MAKAN SE BRAHMDEV KE MAKAN TAK INTERLOCKING BRICKS LAGANE AVAM NALI NIRMAN KA KARYA",Works,Open Tender,Percentage,Civil Works,No,No,NA ,12-Dec-2019 09:00 AM,NA ,30.0,No ,No,Offline,18-Dec-2019 12:00 PM,Directorate of Local Bodies UP||Nagar Palika Parishad Dataganj Badaun,WARD N.18 OFFICE CAMPUS NPP DATAGANJ,243635.0,2.0,"6,12,544",ANIL GUPTA,"600,293",Accepted-AOC,2019-12-31,Directorate of Local Bodies UP||Nagar Palika Parishad Dataganj Badaun
2019_DOLBU_412562_10,645(4)/NPPDATAGANJ/2019-20 DATE 11-12-2019,CIVIL WORK,"NPP, DATAGANJ KE WARD NO. 19 ME PREMPAL SINGH THAKUR KE MAKAN SE DR. SHYAMPAL KE MAKAN TAK INTERLOCKING BRICKS LAGANE AVAM NALI NIRMAN KA KARYA",Works,Open Tender,Percentage,Civil Works,No,No,NA ,12-Dec-2019 09:00 AM,NA ,30.0,No ,No,Offline,18-Dec-2019 12:00 PM,Directorate of Local Bodies UP||Nagar Palika Parishad Dataganj Badaun,WARD N.18 OFFICE CAMPUS NPP DATAGANJ,243635.0,2.0,"4,52,794",MANOJ KUMAR SANTOSH KUMAR,"448,266",Accepted-AOC,2019-12-31,Directorate of Local Bodies UP||Nagar Palika Parishad Dataganj Badaun
2019_DOLBU_412562_11,645(4)/NPPDATAGANJ/2019-20 DATE 11-12-2019,CIVIL WORK,"NPP, DATAGANJ KE WARD NO 20 ME RAMNIWAS KASHYAP KE MAKAN SE RAMDAS KASHYAP KE MAKAN TAK INTERLOCKING BRICKS LAGANE AVAM NALI NIRMAN KA KARYA",Works,Open Tender,Percentage,Civil Works,No,No,NA ,12-Dec-2019 09:00 AM,NA ,30.0,No ,No,Offline,18-Dec-2019 12:00 PM,Directorate of Local Bodies UP||Nagar Palika Parishad Dataganj Badaun,WARD N.18 OFFICE CAMPUS NPP DATAGANJ,243635.0,2.0,"1,06,483",M/S MAHESH CHAND GUPTA THEKEDAR,"104,353",Rejected-AOC,2019-12-31,Directorate of Local Bodies UP||Nagar Palika Parishad Dataganj Badaun
2019_DOLBU_412562_12,645(4)/NPPDATAGANJ/2019-20 DATE 11-12-2019,CIVIL WORK,"NPP, DATAGANJ KE WARD NO. 20 KHILAUNA PRAJAPATI KE MAKAN SE SATPAL KE PLOT TAK INTERLOCKING BRICKS LAGANE AVAM NALI NIRMAN KA KARYA",Works,Open Tender,Percentage,Civil Works,No,No,NA ,12-Jun-2025 06:49 PM,NA ,30.0,No ,No,Offline,18-Dec-2019 12:00 PM,Directorate of Local Bodies UP||Nagar Palika Parishad Dataganj Badaun,WARD N.18 OFFICE CAMPUS NPP DATAGANJ,243635.0,2.0,"4,41,748",MS KRISHNA DEVI THEKEDAR,"432,913",Accepted-AOC,2019-12-31,Directorate of Local Bodies UP||Nagar Palika Parishad Dataganj Badaun
2019_DOLBU_412562_13,645(4)/NPPDATAGANJ/2019-20 DATE 11-12-2019,CIVIL WORK,"NPP,DATAGANJ KE WARD NO.21 ME VASEER AHMAD KE PLOT SE JAAN MOHAMMAD KE MAKAN HOTE HUYE KAMRUDDIN KE PLOT TAK INTERLOCKING BRICKS LAGANE AVAM NALI NIRMAN KA KARYA",Works,Open Tender,Percentage,Civil Works,No,No,NA ,12-Dec-2019 09:00 AM,NA ,30.0,No ,No,Offline,18-Dec-2019 12:00 PM,Directorate of Local Bodies UP||Nagar Palika Parishad Dataganj Badaun,WARD N.18 OFFICE CAMPUS NPP DATAGANJ,243635.0,2.0,"4,68,398",M/S MAHESH CHAND GUPTA THEKEDAR,"459,030",Rejected-AOC,2019-12-31,Directorate of Local Bodies UP||Nagar Palika Parishad Dataganj Badaun
2019_DOLBU_412562_14,645(4)/NPPDATAGANJ/2019-20 DATE 11-12-2019,CIVIL WORK,"NPP, DATAGANJ KE WAD NO.21 ME AMIT GUPTA KE PLOT SE RAM SANEI KE MAKAN TAK INTERLOCKING BRICKS LAGANE AVAM NALI NIRMAN KA KARYA",Works,Open Tender,Percentage,Civil Works,No,No,NA ,12-Dec-2019 09:00 AM,NA ,30.0,No ,No,Offline,18-Dec-2019 12:00 PM,Directorate of Local Bodies UP||Nagar Palika Parishad Dataganj Badaun,WARD N.18 OFFICE CAMPUS NPP DATAGANJ,243635.0,2.0,"1,30,273",MS KRISHNA DEVI THEKEDAR,"128,970",Accepted-AOC,2019-12-31,Directorate of Local Bodies UP||Nagar Palika Parishad Dataganj Badaun
2019_DOLBU_412562_15,645(4)/NPPDATAGANJ/2019-20 DATE 11-12-2019,CIVIL WORK,"NPP, DATAGANJ KE WARD NO. 21 ME BABBU PANDIT KI DUKAN SE DHURV GUPTA MASTER KE MAKAN HOTE HUYE AVNESH KE MAKAN TAK INTERLOCKING BRICKS LAGANE AVAM NALI NIRMAN KA KARYA",Works,Open Tender,Percentage,Civil Works,No,No,NA ,12-Dec-2019 09:00 AM,NA ,30.0,No ,No,Offline,18-Dec-2019 12:00 PM,Directorate of Local Bodies UP||Nagar Palika Parishad Dataganj Badaun,WARD N.18 OFFICE CAMPUS NPP DATAGANJ,243635.0,2.0,"2,76,671",M/S MAHESH CHAND GUPTA THEKEDAR,"271,137",Rejected-AOC,2019-12-31,Directorate of Local Bodies UP||Nagar Palika Parishad Dataganj Badaun
2019_DOLBU_412562_2,645(4)/NPPDATAGANJ/2019-20 DATE 11-12-2019,CIVIL WORK,"NPP, DATAGANJ KE WARD NO. 04 ME ALLARAKHKHA KE MAKAN SE SHAHID KE MAKAN HOTE HUYE NASIR KE MAKAN TAK INTERLOCKING BRICS LAGANE AVAM NALI NIRMAN KA KARYA",Works,Open Tender,Percentage,Civil Works,No,No,NA ,12-Dec-2019 09:00 AM,NA ,30.0,No ,No,Offline,18-Dec-2019 12:00 PM,Directorate of Local Bodies UP||Nagar Palika Parishad Dataganj Badaun,WARD N.18 OFFICE CAMPUS NPP DATAGANJ,243635.0,2.0,"2,89,448",MANOJ KUMAR SANTOSH KUMAR,"283,659",Accepted-AOC,2019-12-31,Directorate of Local Bodies UP||Nagar Palika Parishad Dataganj Badaun
2019_DOLBU_412562_3,645(4)/NPPDATAGANJ/2019-20 DATE 11-12-2019,CIVIL WORK,NPP. DATAGANJ KE WARD NO 06 ME ANIL MASTER KE MAKAN SE MANDIR KE SAMNE TAK INTERLOCKING BRICKS LAGANE AVAM NALI NIRMAN KA KARYA,Works,Open Tender,Percentage,Civil Works,No,No,NA ,12-Dec-2019 09:00 AM,NA ,30.0,No ,No,Offline,18-Dec-2019 12:00 PM,Directorate of Local Bodies UP||Nagar Palika Parishad Dataganj Badaun,WARD N.18 OFFICE CAMPUS NPP DATAGANJ,243635.0,2.0,"5,88,732",M/S MAHESH CHAND GUPTA THEKEDAR,"576,957",Rejected-AOC,2019-12-31,Directorate of Local Bodies UP||Nagar Palika Parishad Dataganj Badaun
2019_DOLBU_412562_4,645(4)/NPPDATAGANJ/2019-20 DATE 11-12-2019,CIVIL WORK,"NPP, DATAGANJ KE WARD NO. 08 ME DHARMSHALA SE SHUKRABAZAR TAK INTERLOCKING BRICKS LAGANE AVAM NALI NIRMAN KA KARYA",Works,Open Tender,Percentage,Civil Works,No,No,NA ,12-Dec-2019 09:00 AM,NA ,30.0,No ,No,Offline,18-Dec-2019 12:00 PM,Directorate of Local Bodies UP||Nagar Palika Parishad Dataganj Badaun,WARD N.18 OFFICE CAMPUS NPP DATAGANJ,243635.0,2.0,"6,41,308",M/S VIJAY KUMAR SINGH CONTRACTOR,"628,184",Rejected-AOC,2019-12-31,Directorate of Local Bodies UP||Nagar Palika Parishad Dataganj Badaun
2019_DOLBU_412562_5,645(4)/NPPDATAGANJ/2019-20 DATE 11-12-2019,CIVIL WORK,"NPP, DATAGANJ KE WARD NO. 08 ME RAMESH KE MAKAN SE VEER SINGH KE MAKAN TAK INTERLOCKING BRICKS LAGANE AVAM NALI NIRMAN KA KARYA",Works,Open Tender,Percentage,Civil Works,No,No,NA ,12-Dec-2019 09:00 AM,NA ,30.0,No ,No,Offline,18-Dec-2019 12:00 PM,Directorate of Local Bodies UP||Nagar Palika Parishad Dataganj Badaun,WARD N.18 OFFICE CAMPUS NPP DATAGANJ,243635.0,2.0,"2,36,724",MS KRISHNA DEVI THEKEDAR,"231,989",Accepted-AOC,2019-12-31,Directorate of Local Bodies UP||Nagar Palika Parishad Dataganj Badaun
2019_DOLBU_412562_6,645(4)/NPPDATAGANJ/2019-20 DATE 11-12-2019,CIVIL WORK,"NPP, DATAGANJ KE WARD NO. 12 ME BELADANDI MUKHYA MARG DAKRUDDIN KE MAKAN SE IKRAR KE MAKAN TAK INTERLOCKING BRICKS LAGANE AVAM NALI NIRMAN KA KARYA",Works,Open Tender,Percentage,Civil Works,No,No,NA ,12-Dec-2019 09:00 AM,NA ,30.0,No ,No,Offline,18-Dec-2019 12:00 PM,Directorate of Local Bodies UP||Nagar Palika Parishad Dataganj Badaun,WARD N.18 OFFICE CAMPUS NPP DATAGANJ,243635.0,2.0,"1,37,183",M/S MAHESH CHAND GUPTA THEKEDAR,"134,439",Rejected-AOC,2019-12-31,Directorate of Local Bodies UP||Nagar Palika Parishad Dataganj Badaun
2019_DOLBU_412562_7,645(4)/NPPDATAGANJ/2019-20 DATE 11-12-2019,CIVIL WORK,"NPP, DATAGANJ KE WARD NO. 12 ME CHODHRY JAGANNATH KE MAKAN SEBANVARI YADAV KE MAKAN TAK INTERLOCKING BRICKS LAGANE AVAM NALI NIRMAN KA KARYA",Works,Open Tender,Percentage,Civil Works,No,No,NA ,12-Dec-2019 09:00 AM,NA ,30.0,No ,No,Offline,18-Dec-2019 12:00 PM,Directorate of Local Bodies UP||Nagar Palika Parishad Dataganj Badaun,WARD N.18 OFFICE CAMPUS NPP DATAGANJ,243635.0,2.0,"11,42,049",M/S VIJAY KUMAR SINGH CONTRACTOR,"1,119,208",Rejected-AOC,2019-12-31,Directorate of Local Bodies UP||Nagar Palika Parishad Dataganj Badaun
2019_DOLBU_412562_8,645(4)/NPPDATAGANJ/2019-20 DATE 11-12-2019,CIVIL WORK,"NPP, DATAGANJ KE WARD NO.15 ME BUDDH BAZAR KI BOUNDRYVALL GATE MITTI BHARAB RANGAI PUTAI AVAM INTERLOCKING BRICKS LAGANE NALI NIRMAN KA KARYA",Works,Open Tender,Percentage,Civil Works,No,No,NA ,12-Dec-2019 09:00 AM,NA ,30.0,No ,No,Offline,18-Dec-2019 12:00 PM,Directorate of Local Bodies UP||Nagar Palika Parishad Dataganj Badaun,WARD N.18 OFFICE CAMPUS NPP DATAGANJ,243635.0,2.0,"12,06,083",MS KRISHNA DEVI THEKEDAR,"1,181,961",Accepted-AOC,2019-12-31,Directorate of Local Bodies UP||Nagar Palika Parishad Dataganj Badaun
2019_DOLBU_412562_9,645(4)/NPPDATAGANJ/2019-20 DATE 11-12-2019,CIVIL WORK,"NPP, DATAGANJ KE WARD NO. 16 ME SADDIQ KE PLOT SE NAVI HASAN KE MAKAN TAK INTERLOCKING BRICKS LAGANE AVAM NALI NIRMAN KA KARYA",Works,Open Tender,Percentage,Civil Works,No,No,NA ,12-Dec-2019 09:00 AM,NA ,30.0,No ,No,Offline,18-Dec-2019 12:00 PM,Directorate of Local Bodies UP||Nagar Palika Parishad Dataganj Badaun,WARD N.18 OFFICE CAMPUS NPP DATAGANJ,243635.0,2.0,"2,08,136",M/S MAHESH CHAND GUPTA THEKEDAR,"203,973",Rejected-AOC,2019-12-31,Directorate of Local Bodies UP||Nagar Palika Parishad Dataganj Badaun
2019_DOLBU_413016_1,49/E-T/2019-20,butification of nagina chock,butification of nagina chock,Works,Open Tender,Percentage,Civil Works,No,No,NA ,12-Dec-2019 06:00 PM,NA ,60.0,No ,No,Offline,31-Dec-2019 10:00 AM,Directorate of Local Bodies UP||Nagar Palika Parishad Dhampur Bijnor,NPPDHAMPUR,246761.0,2.0,"26,13,571",SHASHI KARAN SINGH CONTRACTOR,"2,605,730.287",Rejected-AOC,2019-12-31,Directorate of Local Bodies UP||Nagar Palika Parishad Dhampur Bijnor
2019_DOLBU_414817_1,308/NPA/Etender/date 19-12-2019,Construction of 05 sitter urinal near Nalkoop no 01 in ward Azad Nagar,Construction of 05 sitter urinal near Nalkoop no 01 in ward Azad Nagar,Works,Open Tender,Percentage,Civil Works,No,No,NA ,19-Dec-2019 02:30 PM,NA ,30.0,No ,No,Offline,26-Dec-2019 04:00 PM,Directorate of Local Bodies UP||Nagar Panchayat Amraudha Kanpur Dehat,Construction of 05 sitter urinal near Nalkoop no,209112.0,1.0,"1,98,800",MOHD ISRAR CONTRACTOR,"198,800",Accepted-AOC,2019-12-30,Directorate of Local Bodies UP||Nagar Panchayat Amraudha Kanpur Dehat
2019_DOLBU_414817_3,308/NPA/Etender/date 19-12-2019,Construction of 05 sitter urinal near Taimpo Sataind in ward Tandanbazar,Construction of 05 sitter urinal near Taimpo Sataind in ward Tandanbazarr,Works,Open Tender,Percentage,Civil Works,No,No,NA ,19-Dec-2019 02:30 PM,NA ,30.0,No ,No,Offline,26-Dec-2019 04:00 PM,Directorate of Local Bodies UP||Nagar Panchayat Amraudha Kanpur Dehat,Construction of 05 sitter urinal near Nalkoop no,209112.0,1.0,"1,98,800",MOHD ISRAR CONTRACTOR,"198,800",Accepted-AOC,2019-12-30,Directorate of Local Bodies UP||Nagar Panchayat Amraudha Kanpur Dehat
2019_DOLBU_414817_4,308/NPA/Etender/date 19-12-2019,Construction of 05 sitter urinal nagra ki mukhymarg par near Taimpo Sataind in ward Tandanbazar,Construction of 05 sitter urinal nagra ki mukhymarg par,Works,Open Tender,Percentage,Civil Works,No,No,NA ,19-Dec-2019 02:30 PM,NA ,30.0,No ,No,Offline,26-Dec-2019 04:00 PM,Directorate of Local Bodies UP||Nagar Panchayat Amraudha Kanpur Dehat,Construction of 05 sitter urinal nagra ki mukhyma,209112.0,1.0,"1,98,800",MOHD ISRAR CONTRACTOR,"198,800",Accepted-AOC,2019-12-30,Directorate of Local Bodies UP||Nagar Panchayat Amraudha Kanpur Dehat
2019_DOLBU_414817_5,308/NPA/Etender/date 19-12-2019,Construction of 10 sitter Public Toilet near Nalkoop in ward Katra,Construction of 10 sitter Public Toilet near Nalkoop in ward Katra,Works,Open Tender,Percentage,Civil Works,No,No,NA ,19-Dec-2019 02:30 PM,NA ,30.0,No ,No,Offline,26-Dec-2019 04:00 PM,Directorate of Local Bodies UP||Nagar Panchayat Amraudha Kanpur Dehat,Construction of 10 sitter Public Toilet near Nalk,209112.0,1.0,"9,82,700",Taiba construction company,"982,700",Rejected-Finance,2019-12-30,Directorate of Local Bodies UP||Nagar Panchayat Amraudha Kanpur Dehat
2019_DOLBU_414817_6,308/NPA/Etender/date 19-12-2019,Construction of 10 sitter Public Toilet Calony in ward Julaithi near Nalkoop no 01 in ward Azad Nagar,Construction of 10 sitter Public Toilet Calony in ward Julaithi,Works,Open Tender,Percentage,Civil Works,No,No,NA ,19-Dec-2019 02:30 PM,NA ,30.0,No ,No,Offline,26-Dec-2019 04:00 PM,Directorate of Local Bodies UP||Nagar Panchayat Amraudha Kanpur Dehat,Construction of 10 sitter Public Toilet Calony in,209112.0,1.0,"9,82,700",M/S HAMDAN CONSTRUCTION AND SUPPLIERS,"982,700",Rejected-Finance,2019-12-30,Directorate of Local Bodies UP||Nagar Panchayat Amraudha Kanpur Dehat
2019_DVVNL_369985_1,18/EDC(L)/2019-20,Disconnection and Reconnection work in the area of Bansi Sub station,Disconnection and Reconnection work in the area of Bansi Sub station,Services,Open Tender,Percentage,Miscellaneous Services,No,No,NA ,04-Aug-2019 09:00 AM,NA ,180.0,No ,No,Offline,26-Sep-2019 03:00 PM,Dakshinanchal Vidyut Vitran Nigam Ltd.,Lalitpur,284403.0,2.0,"8,00,000",Devraj construction and Suppliers,"748,992",Rejected-AOC,2019-12-28,Dakshinanchal Vidyut Vitran Nigam Ltd.
2019_DVVNL_369998_1,25/EDC(L)/2019-20,Disconnection and Reconnection work in the area of Jakhlon Sub station.,Disconnection and Reconnection work in the area of Jakhlon Sub station.,Services,Open Tender,Percentage,Miscellaneous Services,No,No,NA ,04-Aug-2019 09:00 AM,NA ,180.0,No ,No,Offline,26-Sep-2019 03:00 PM,Dakshinanchal Vidyut Vitran Nigam Ltd.,Lalitpur,284403.0,2.0,"8,00,000",Anuradha Associates,"748,992",Accepted-AOC,2019-12-28,Dakshinanchal Vidyut Vitran Nigam Ltd.
2019_DVVNL_369999_1,21/EDC(L)/2019-20,Disconnection and Reconection work in the area of Purakalan Sub Station,Disconnection and Reconection work in the area of Purakalan Sub Station,Services,Open Tender,Percentage,Miscellaneous Services,No,No,NA ,04-Aug-2019 09:00 AM,NA ,180.0,No ,No,Offline,26-Sep-2019 03:00 PM,Dakshinanchal Vidyut Vitran Nigam Ltd.,Lalitpur,284403.0,2.0,"8,00,000",SUYASH IMPAX,"748,992",Rejected-AOC,2019-12-28,Dakshinanchal Vidyut Vitran Nigam Ltd.
2019_DVVNL_370002_1,22/EDC(L)/2019-20,Disconnection and Reconnection Work in the area of Bypass Sub Station,Disconnection and Reconnection Work in the area of Bypass Sub Station,Services,Open Tender,Percentage,Miscellaneous Services,No,No,NA ,04-Aug-2019 09:00 AM,NA ,180.0,No ,No,Offline,26-Sep-2019 03:00 PM,Dakshinanchal Vidyut Vitran Nigam Ltd.,Lalitpur,284403.0,2.0,"8,00,000",SUYASH IMPAX,"748,992",Rejected-AOC,2019-12-28,Dakshinanchal Vidyut Vitran Nigam Ltd.
2019_DVVNL_370006_1,23/EDC(L)/2019-20,Disconnection and Reconnection Work in the area of Birdha Sub Station,Disconnection and Reconnection Work in the area of Birdha Sub Station,Services,Open Tender,Percentage,Miscellaneous Services,No,No,NA ,04-Aug-2019 09:00 AM,NA ,180.0,No ,No,Offline,26-Sep-2019 03:00 PM,Dakshinanchal Vidyut Vitran Nigam Ltd.,Lalitpur,284403.0,2.0,"8,00,000",Devraj construction and Suppliers,"748,992",Rejected-AOC,2019-12-28,Dakshinanchal Vidyut Vitran Nigam Ltd.
2019_GWDWB_356932_1,03(P)/GWD/WBP/NHP (DWLR),"Supply, Installation, Testing and Commissioning of 171 Digital Water Level Recorder (DWLRs) (Non-Vented pressure type) with Telemetry","Supply, Installation, Testing and Commissioning of 171 Digital Water Level Recorder (DWLRs) (Non-Vented pressure type) with Telemetry, including protection box, fencing and security arrangements, establishment of Data Acquisition system.",Goods,Open Tender,Lump-sum,Electronics Equipment,No,No,NA ,24-Jun-2019 10:00 AM,12-Jul-2019 03:30 PM ,120.0,No ,No,Offline,29-Jul-2019 03:30 PM,Ground Water Department - World Bank,AS PER BID DOCUMENT,123456.0,2.0,"2,57,00,000",Encardio-Rite Electronics Pvt. Ltd.,"27,342,476.2",Accepted-AOC,2019-12-13,Ground Water Department - World Bank
2019_MVVNL_384403_1,T-82/EUDCB/2018-19,T-82/EUDCB/2019-20,"Hiring of 01 no. Diesel operated Vehicle with driver with maintenance for Executive Engineer under, EUDD-III, Bareilly.",Works,Open Tender,Item Rate,Electrical Works,No,No,NA ,24-Sep-2019 12:00 PM,NA ,120.0,No ,No,Offline,04-Oct-2019 11:30 AM,Madhyanchal Vidyut Vitran Nigam Ltd||C E - BAREILLY ZONE||S E - Bareilly (Urban),EE EUDD-III BAREILLY,243006.0,3.0,"2,00,000",Adarsh Enterprises,"198,000",Accepted-AOC,2019-12-10,Madhyanchal Vidyut Vitran Nigam Ltd||C E - BAREILLY ZONE||S E - Bareilly (Urban)
2019_MVVNL_393880_1,T-84/EUDCB/2019-20,T-84/EUDCB/2019-20,"Hiring of 01 no. Diesel operated Vehicle with driver with maintenance for SDO-III Under, EUDD-II, Bareilly.",Services,Open Tender,Lump-sum,Miscellaneous Services,No,No,NA ,19-Oct-2019 10:00 AM,NA ,120.0,No ,No,Offline,06-Nov-2019 11:30 AM,Madhyanchal Vidyut Vitran Nigam Ltd||C E - BAREILLY ZONE||S E - Bareilly (Urban),EE EUDD-II BAREILLY,243001.0,3.0,"2,00,000",M/S ZAHOOR TRADERS,"198,000",Rejected-AOC,2019-12-11,Madhyanchal Vidyut Vitran Nigam Ltd||C E - BAREILLY ZONE||S E - Bareilly (Urban)
2019_MVVNL_400183_2,T-101/EUDCB/2019-20,T-101/EUDCB/2019-20,"Hiring of 01 No. Computer Operator along with UPS, Printer and individual Computer, UPS Printer and its operation for Account Saction for Revenue and Accountant work under EUDD-II, Bareilly (for 12 Months",Services,Open Tender,Lump-sum,Miscellaneous Services,No,No,NA ,23-Nov-2019 09:00 AM,NA ,120.0,No ,No,Offline,02-Dec-2019 11:30 AM,Madhyanchal Vidyut Vitran Nigam Ltd||C E - BAREILLY ZONE||S E - Bareilly (Urban),EE EUDD-II BAREILLY,243001.0,3.0,"1,50,000",joshi electricals,"144,000",Rejected-AOC,2019-12-09,Madhyanchal Vidyut Vitran Nigam Ltd||C E - BAREILLY ZONE||S E - Bareilly (Urban)
2019_MVVNL_400198_2,T-102/EUDCB/2019-20,T-102/EUDCB/2019-20,"For the work of Hiring of 01 no. Diesel operated Vehicle with driver with maintenance for Executive E.E. EUTD, Bareilly for official work. (09 Months)",Services,Open Tender,Lump-sum,Miscellaneous Services,No,No,NA ,23-Nov-2019 09:00 AM,NA ,120.0,No ,No,Offline,02-Dec-2019 11:30 AM,Madhyanchal Vidyut Vitran Nigam Ltd||C E - BAREILLY ZONE||S E - Bareilly (Urban),EE EUTD BAREILLY,243001.0,3.0,"2,00,000",Naveen Kumar,"198,000",Rejected-AOC,2019-12-07,Madhyanchal Vidyut Vitran Nigam Ltd||C E - BAREILLY ZONE||S E - Bareilly (Urban)
2019_MVVNL_400208_2,T-103/EUDCB/2019-20,T-103/EUDCB/2019-20,"Hiring of 02 No. Computer Operator along with UPS, Printer individual Computer, UPS Printer and its operation for J.E.-Meter.I II under EUTD, Bareilly (for 08 Months)",Services,Open Tender,Lump-sum,Miscellaneous Services,No,No,NA ,23-Nov-2019 09:00 AM,NA ,120.0,No ,No,Offline,02-Dec-2019 11:30 AM,Madhyanchal Vidyut Vitran Nigam Ltd||C E - BAREILLY ZONE||S E - Bareilly (Urban),EE EUTD BAREILLY,243001.0,3.0,"2,00,000",PL ENTERPRISES,"192,000",Rejected-AOC,2019-12-07,Madhyanchal Vidyut Vitran Nigam Ltd||C E - BAREILLY ZONE||S E - Bareilly (Urban)
2019_MVVNL_400221_2,T-104/EUDCB/2019-20,T-104/EUDCB/2019-20,"For the work of Hiring of 01 no. Diesel operated Vehicle with driver with maintenance for A.E.(Test) EUTD, Bareilly for official work for the period. 09 Months.",Services,Open Tender,Lump-sum,Miscellaneous Services,No,No,NA ,23-Nov-2019 09:00 AM,NA ,120.0,No ,No,Offline,02-Dec-2019 11:30 AM,Madhyanchal Vidyut Vitran Nigam Ltd||C E - BAREILLY ZONE||S E - Bareilly (Urban),EE EUTD BAREILLY,243001.0,3.0,"2,00,000",Qazi contractor and suppliers,"198,000",Rejected-AOC,2019-12-06,Madhyanchal Vidyut Vitran Nigam Ltd||C E - BAREILLY ZONE||S E - Bareilly (Urban)
2019_MVVNL_408102_1,T-111/EUDCB/2019-20,T-111/EUDCB/2019-20,"Work for Providing of 01 No. Computer Operator along with Computer, UPS and Printer and its operation for E.E. under EUDD-IV, Bareilly (for 12 Months)",Services,Open Tender,Lump-sum,Miscellaneous Services,No,No,NA ,28-Nov-2019 09:00 AM,NA ,120.0,No ,No,Offline,17-Dec-2019 11:30 AM,Madhyanchal Vidyut Vitran Nigam Ltd||C E - BAREILLY ZONE||S E - Bareilly (Urban),EE EUDD-IV BAREILLY,243001.0,3.0,"1,50,000",Adarsh Enterprises,"144,000",Accepted-AOC,2019-12-21,Madhyanchal Vidyut Vitran Nigam Ltd||C E - BAREILLY ZONE||S E - Bareilly (Urban)
2019_MVVNL_408108_1,T-112/EUDCB/2019-20,T-112/EUDCB/2019-20,"For the work of Hiring of 01 no. Diesel operated Vehicle with driver with maintenance for Executive Enginee, EUDD-IV Bareilly for official work. (09 Months)",Services,Open Tender,Lump-sum,Miscellaneous Services,No,No,NA ,28-Nov-2019 09:00 AM,NA ,120.0,No ,No,Offline,17-Dec-2019 11:30 AM,Madhyanchal Vidyut Vitran Nigam Ltd||C E - BAREILLY ZONE||S E - Bareilly (Urban),EE EUDD-IV BAREILLY,243001.0,3.0,"2,00,000",Adarsh Enterprises,"198,000",Accepted-AOC,2019-12-21,Madhyanchal Vidyut Vitran Nigam Ltd||C E - BAREILLY ZONE||S E - Bareilly (Urban)
2019_MVVNL_411849_1,T-113/EUDCB/2019-20,T-113/EUDCB/2019-20,"Hiring of 02 No. Computer Operator for A.E. (Meter), Urban Test Lab-II, III under EUTD, Bareilly (for 12 Months)",Services,Open Tender,Lump-sum,Miscellaneous Services,No,No,NA ,10-Dec-2019 09:00 AM,NA ,120.0,No ,No,Offline,17-Dec-2019 11:30 AM,Madhyanchal Vidyut Vitran Nigam Ltd||C E - BAREILLY ZONE||S E - Bareilly (Urban),EE EUTD BAREILLY,243001.0,3.0,"2,00,000",PL ENTERPRISES,"199,200",Rejected-AOC,2019-12-21,Madhyanchal Vidyut Vitran Nigam Ltd||C E - BAREILLY ZONE||S E - Bareilly (Urban)
2019_MVVNL_411860_1,T-114/EUDCB/2019-20,T-114/EUDCB/2019-20,Work of repairing of Damaged Fencing of T/F in the area under 33/11 KV S/s Suncity under EUDD-IV Bareilly,Works,Open Tender,Lump-sum,Miscellaneous Works,No,No,NA ,10-Dec-2019 09:00 AM,NA ,120.0,No ,No,Offline,17-Dec-2019 11:30 AM,Madhyanchal Vidyut Vitran Nigam Ltd||C E - BAREILLY ZONE||S E - Bareilly (Urban),EE EUDD-IV BAREILLY,243001.0,3.0,"1,50,000",PL ENTERPRISES,"140,000",Rejected-AOC,2019-12-21,Madhyanchal Vidyut Vitran Nigam Ltd||C E - BAREILLY ZONE||S E - Bareilly (Urban)
2019_MVVNL_411865_1,T-115/EUDCB/2019-20,T-115/EUDCB/2019-20,"Hiring of 02 No. Computer Operator for Account Section for Account work under EUDD-III, Bareilly (for 12 Months)",Services,Open Tender,Lump-sum,Miscellaneous Services,No,No,NA ,10-Dec-2019 09:00 AM,NA ,120.0,No ,No,Offline,17-Dec-2019 11:30 AM,Madhyanchal Vidyut Vitran Nigam Ltd||C E - BAREILLY ZONE||S E - Bareilly (Urban),EE EUDD-III BAREILLY,243001.0,3.0,"2,00,000",PL ENTERPRISES,"199,992",Rejected-AOC,2019-12-20,Madhyanchal Vidyut Vitran Nigam Ltd||C E - BAREILLY ZONE||S E - Bareilly (Urban)
2019_MVVNL_411871_1,T-117/EUDCB/2019-20,T-117/EUDCB/2019-20,work of Cutting of Tree branches of 11 KV Line form 33/11 KV S/s Harunagla to Balipur under EUDD-IV Bareilly,Works,Open Tender,Item Rate,Electrical Works,No,No,NA ,10-Dec-2019 09:00 AM,NA ,120.0,No ,No,Offline,17-Dec-2019 11:30 AM,Madhyanchal Vidyut Vitran Nigam Ltd||C E - BAREILLY ZONE||S E - Bareilly (Urban),EE EUDD-IV BAREILLY,243001.0,3.0,"2,00,000",PL ENTERPRISES,"187,100",Rejected-AOC,2019-12-21,Madhyanchal Vidyut Vitran Nigam Ltd||C E - BAREILLY ZONE||S E - Bareilly (Urban)
2019_MVVNL_413935_1,T-120/EUDC/2019-20,T-120/EUDCB/2019-20,"Work of Operation of generator at EUDD-III Office Bareilly as per requirement of Electricity Urban Distribution Division-III, Bareilly",Services,Open Tender,Item Rate,Miscellaneous Services,No,No,NA ,17-Dec-2019 09:00 AM,NA ,120.0,No ,No,Offline,24-Dec-2019 11:30 AM,Madhyanchal Vidyut Vitran Nigam Ltd||C E - BAREILLY ZONE||S E - Bareilly (Urban),EE EUDD-III BAREILLY,243001.0,3.0,"1,50,000",PL ENTERPRISES,"149,400",Rejected-AOC,2019-12-24,Madhyanchal Vidyut Vitran Nigam Ltd||C E - BAREILLY ZONE||S E - Bareilly (Urban)
2019_PWDBL_381660_3,1996/Tender/2019 Dt. 24.08.2019,"Under the head 2216 special Repair work in house no- L-1 1219/7, L-2 1133/7, L-3 1183/2, E-2 1281/3, L-1 1227/3 ,L-3 1181/6 in Indira Nagar Sec-4 Colony.","Under the head 2216 special Repair work in house no- L-1 1219/7, L-2 1133/7, L-3 1183/2, E-2 1281/3, L-1 1227/3 ,L-3 1181/6 in Indira Nagar Sec-4 Colony.",Works,Open Tender,Percentage,Civil Works - Buildings,No,No,NA ,16-Sep-2019 06:55 PM,18-Sep-2019 12:00 PM ,90.0,No ,No,Online,10-Oct-2019 12:30 PM,Chief Engineer (Building)||S E 39 Circle PWD Lucknow||Maintenance Division 1 (Civil) PWD Lucknow,Lucknow,226001.0,1.0,"2,02,000",M/S SHAN TRADERS,"180,557",Rejected-Technical,2019-12-20,Chief Engineer (Building)||S E 39 Circle PWD Lucknow||Maintenance Division 1 (Civil) PWD Lucknow
2019_PWDBL_381660_4,1996/Tender/2019 Dt. 24.08.2019,Under the head 2216 repair works in Indira Nagar Colony Sector-4,Under the head 2216 repair works in Indira Nagar Colony Sector-4,Works,Open Tender,Percentage,Civil Works - Buildings,No,No,NA ,16-Sep-2019 06:55 PM,18-Sep-2019 12:00 PM ,90.0,No ,No,Online,30-Sep-2019 12:30 PM,Chief Engineer (Building)||S E 39 Circle PWD Lucknow||Maintenance Division 1 (Civil) PWD Lucknow,Lucknow,226001.0,1.0,"2,20,000",M/S NISAR ENTERPRISES,"241,166",Accepted-AOC,2019-12-20,Chief Engineer (Building)||S E 39 Circle PWD Lucknow||Maintenance Division 1 (Civil) PWD Lucknow
2019_PWDBL_385425_13,2231 / Tender Notice /2019 Dt. 18.09.2019,Painting and Distempering in Different rooms of South Wing of Engineer in Chief Office,Painting and Distempering in Different rooms of South Wing of Engineer in Chief Office,Works,Open Tender,Percentage,Civil Works - Buildings,No,No,NA ,05-Oct-2019 11:00 AM,10-Oct-2019 12:00 PM ,90.0,No ,No,Online,18-Oct-2019 12:30 PM,Chief Engineer (Building)||S E 39 Circle PWD Lucknow||Maintenance Division 1 (Civil) PWD Lucknow,Lucknow,226001.0,1.0,"1,98,000",AMAN CONSTRUCTION COMOPANY,"194,737",Accepted-AOC,2019-12-13,Chief Engineer (Building)||S E 39 Circle PWD Lucknow||Maintenance Division 1 (Civil) PWD Lucknow
2019_PWDBL_385425_17,2231 / Tender Notice /2019 Dt. 18.09.2019,"Different Civil Works, Painting and Distempering Work in Residences of Diamond Dairy Colony","Different Civil Works, Painting and Distempering Work in Residences of Diamond Dairy Colony",Works,Open Tender,Percentage,Civil Works - Buildings,No,No,NA ,05-Oct-2019 11:00 AM,10-Oct-2019 12:00 PM ,90.0,No ,No,Online,18-Oct-2019 12:30 PM,Chief Engineer (Building)||S E 39 Circle PWD Lucknow||Maintenance Division 1 (Civil) PWD Lucknow,Lucknow,226001.0,1.0,"3,96,000",AMAN CONSTRUCTION COMOPANY,"390,975",Accepted-AOC,2019-12-20,Chief Engineer (Building)||S E 39 Circle PWD Lucknow||Maintenance Division 1 (Civil) PWD Lucknow
2019_PWDBL_385425_19,2231 / Tender Notice /2019 Dt. 18.09.2019,Different civil works and Painting /Distempering in works in bhartiya Lipic Awas at ENC Office Campus,Different civil works and Painting /Distempering in works in bhartiya Lipic Awas at ENC Office Campus,Works,Open Tender,Percentage,Civil Works - Buildings,No,No,NA ,05-Oct-2019 11:00 AM,10-Oct-2019 12:00 PM ,90.0,No ,No,Online,18-Oct-2019 12:30 PM,Chief Engineer (Building)||S E 39 Circle PWD Lucknow||Maintenance Division 1 (Civil) PWD Lucknow,Lucknow,226001.0,1.0,"2,03,000",AMAN CONSTRUCTION COMOPANY,"204,615",Accepted-AOC,2019-12-20,Chief Engineer (Building)||S E 39 Circle PWD Lucknow||Maintenance Division 1 (Civil) PWD Lucknow
2019_PWDBL_385425_5,2231 / Tender Notice /2019 Dt. 18.09.2019,Supply of different items in different rooms of South wing of Engineer in chief office.,Supply of different items in different rooms of South wing of Engineer in chief office.,Works,Open Tender,Percentage,Civil Works - Buildings,No,No,NA ,05-Oct-2019 11:00 AM,10-Oct-2019 12:00 PM ,90.0,No ,No,Online,18-Oct-2019 12:30 PM,Chief Engineer (Building)||S E 39 Circle PWD Lucknow||Maintenance Division 1 (Civil) PWD Lucknow,Lucknow,226001.0,1.0,"1,92,000",AMAN CONSTRUCTION COMOPANY,"190,881",Accepted-AOC,2019-12-13,Chief Engineer (Building)||S E 39 Circle PWD Lucknow||Maintenance Division 1 (Civil) PWD Lucknow
2019_PWDBL_385425_8,2231 / Tender Notice /2019 Dt. 18.09.2019,Supply of different materials in residential colony of type 1 and type 2 situated at the campus of Engineer in chief building,Supply of different materials in residential colony of type 1 and type 2 situated at the campus of Engineer in chief building,Works,Open Tender,Percentage,Civil Works - Buildings,No,No,NA ,05-Oct-2019 11:00 AM,10-Oct-2019 12:00 PM ,90.0,No ,No,Online,18-Oct-2019 12:30 PM,Chief Engineer (Building)||S E 39 Circle PWD Lucknow||Maintenance Division 1 (Civil) PWD Lucknow,Lucknow,226001.0,1.0,"2,00,000",AMAN CONSTRUCTION COMOPANY,"197,715",Accepted-AOC,2019-12-13,Chief Engineer (Building)||S E 39 Circle PWD Lucknow||Maintenance Division 1 (Civil) PWD Lucknow
2019_PWDBL_393747_1,2263/Tender Notice/2019-20 Dt 20/09/2019,"Under 2216 AR Painting work in various houses of R.S.I. colony at Aliganj, Lucknow.","Under 2216 AR Painting work in various houses of R.S.I. colony at Aliganj, Lucknow.",Works,Open Tender,Percentage,Civil Works - Buildings,No,No,NA ,18-Oct-2019 06:00 PM,22-Oct-2019 12:00 PM ,90.0,No ,No,Online,25-Oct-2019 12:30 PM,Chief Engineer (Building)||S E 39 Circle PWD Lucknow||Maintenance Division 1 (Civil) PWD Lucknow,Lucknow,226001.0,1.0,"1,50,000",M/S A R CONSTRUCTION,"134,884",Accepted-AOC,2019-12-15,Chief Engineer (Building)||S E 39 Circle PWD Lucknow||Maintenance Division 1 (Civil) PWD Lucknow
2019_PWDBL_393747_3,2263/Tender Notice/2019-20 Dt 20/09/2019,"Under 2216 AR Painting work in various houses of R.S.J. colony at Aliganj, Lucknow.","Under 2216 AR Painting work in various houses of R.S.J. colony at Aliganj, Lucknow.",Works,Open Tender,Percentage,Civil Works - Buildings,No,No,NA ,18-Oct-2019 06:00 PM,22-Oct-2019 12:00 PM ,90.0,No ,No,Online,25-Oct-2019 12:30 PM,Chief Engineer (Building)||S E 39 Circle PWD Lucknow||Maintenance Division 1 (Civil) PWD Lucknow,LUCKNOW,226001.0,1.0,"1,48,000",M/S A R CONSTRUCTION,"132,531",Accepted-AOC,2019-12-15,Chief Engineer (Building)||S E 39 Circle PWD Lucknow||Maintenance Division 1 (Civil) PWD Lucknow
2019_PWDBL_393747_6,2263/Tender Notice/2019-20 Dt 20/09/2019,"Under 2216 AR Supply of material work in various houses of L.K.S. colony at Aliganj, Lucknow.","Under 2216 AR Supply of material work in various houses of L.K.S. colony at Aliganj, Lucknow.",Works,Open Tender,Percentage,Civil Works - Buildings,No,No,NA ,18-Oct-2019 06:00 PM,22-Oct-2019 12:00 PM ,90.0,No ,No,Online,25-Oct-2019 12:30 PM,Chief Engineer (Building)||S E 39 Circle PWD Lucknow||Maintenance Division 1 (Civil) PWD Lucknow,Lucknow,226001.0,1.0,"1,57,000",M/S KRISHNA KUMAR SINGH,"154,981",Rejected-Technical,2019-12-20,Chief Engineer (Building)||S E 39 Circle PWD Lucknow||Maintenance Division 1 (Civil) PWD Lucknow
2019_PWDBL_393747_7,2263/Tender Notice/2019-20 Dt 20/09/2019,"Under 2216 AR Different civil works in various houses of L.K.S. colony at Aliganj, Lucknow.","Under 2216 AR Different civil works in various houses of L.K.S. colony at Aliganj, Lucknow.",Works,Open Tender,Percentage,Civil Works - Buildings,No,No,NA ,18-Oct-2019 06:00 PM,22-Oct-2019 12:00 PM ,90.0,No ,No,Online,25-Oct-2019 12:30 PM,Chief Engineer (Building)||S E 39 Circle PWD Lucknow||Maintenance Division 1 (Civil) PWD Lucknow,Lucknow,226001.0,1.0,"2,45,000",M/S KRISHNA KUMAR SINGH,"243,050",Rejected-Technical,2019-12-20,Chief Engineer (Building)||S E 39 Circle PWD Lucknow||Maintenance Division 1 (Civil) PWD Lucknow
2019_PWDBL_396689_1,2511 / Tender /2019 Dt. 16/10/ 2019,"Under 2059 AR Providing and laying vitrified Tiles and various civil work in 7th floor, room no. G-1/4 at Bapu Bhawan","Under 2059 AR Providing and laying vitrified Tiles and various civil work in 7th floor, room no. G-1/4 at Bapu Bhawan",Works,Open Tender,Percentage,Civil Works - Buildings,No,No,NA ,26-Oct-2019 06:00 PM,11-Nov-2019 12:00 PM ,90.0,No ,No,Online,15-Nov-2019 12:30 PM,Chief Engineer (Building)||S E 39 Circle PWD Lucknow||Maintenance Division 1 (Civil) PWD Lucknow,Lucknow,226001.0,1.0,"1,83,000",M/S ASHOK KUMAR SINGH ASSOCIATES,"182,317",Accepted-AOC,2019-12-17,Chief Engineer (Building)||S E 39 Circle PWD Lucknow||Maintenance Division 1 (Civil) PWD Lucknow
2019_PWDBL_396689_2,2511 / Tender /2019 Dt. 16/10/ 2019,"Under 2059 AR Various civil works in damaged (Fire) room no. 201 to 215 and related rooms and corridors D Block, IInd floor in Bapu Bhawan under the upgrade work item.","Under 2059 AR Various civil works in damaged (Fire) room no. 201 to 215 and related rooms and corridors D Block, IInd floor in Bapu Bhawan under the upgrade work item.",Works,Open Tender,Percentage,Civil Works - Buildings,No,No,NA ,26-Oct-2019 06:00 PM,11-Nov-2019 12:00 PM ,90.0,No ,No,Online,15-Nov-2019 12:30 PM,Chief Engineer (Building)||S E 39 Circle PWD Lucknow||Maintenance Division 1 (Civil) PWD Lucknow,Lucknow,226001.0,1.0,"4,64,000",M/S ASHOK KUMAR SINGH ASSOCIATES,"462,006",Accepted-AOC,2019-12-17,Chief Engineer (Building)||S E 39 Circle PWD Lucknow||Maintenance Division 1 (Civil) PWD Lucknow
2019_PWDBL_396689_3,2511 / Tender /2019 Dt. 16/10/ 2019,Under 2059 AR various civil work in different floors at Bapu Bhawan Sachivalaya .,Under 2059 AR various civil work in different floors at Bapu Bhawan Sachivalaya .,Works,Open Tender,Percentage,Civil Works - Buildings,No,No,NA ,26-Oct-2019 06:00 PM,11-Nov-2019 12:00 PM ,90.0,No ,No,Online,15-Nov-2019 12:30 PM,Chief Engineer (Building)||S E 39 Circle PWD Lucknow||Maintenance Division 1 (Civil) PWD Lucknow,Lucknow,226001.0,1.0,"4,27,000",M/S ASHOK KUMAR SINGH ASSOCIATES,"422,678",Accepted-AOC,2019-12-17,Chief Engineer (Building)||S E 39 Circle PWD Lucknow||Maintenance Division 1 (Civil) PWD Lucknow
2019_PWDBL_396689_5,2511 / Tender /2019 Dt. 16/10/ 2019,"Under-2059 AR (Non-Residential-bld) changing of damaged tiles around Bapu ji statue at Bapu-bhawan, Lucknow.","Under-2059 AR (Non-Residential-bld) changing of damaged tiles around Bapu ji statue at Bapu-bhawan, Lucknow.",Works,Open Tender,Percentage,Civil Works - Buildings,No,No,NA ,26-Oct-2019 06:00 PM,11-Nov-2019 12:00 PM ,90.0,No ,No,Online,15-Nov-2019 12:30 PM,Chief Engineer (Building)||S E 39 Circle PWD Lucknow||Maintenance Division 1 (Civil) PWD Lucknow,Lucknow,226001.0,1.0,"3,75,000",M/S ASHOK KUMAR SINGH ASSOCIATES,"274,113",Accepted-AOC,2019-12-17,Chief Engineer (Building)||S E 39 Circle PWD Lucknow||Maintenance Division 1 (Civil) PWD Lucknow
2019_PWDBL_396689_6,2511 / Tender /2019 Dt. 16/10/ 2019,"2059 head AR (Non-Residential-bld) making of planter and changing of damaged floor tiles in pathways at Bapu-bhawan, Lucknow.","2059 head AR (Non-Residential-bld) making of planter and changing of damaged floor tiles in pathways at Bapu-bhawan, Lucknow.",Works,Open Tender,Percentage,Civil Works - Buildings,No,No,NA ,26-Oct-2019 06:00 PM,11-Nov-2019 12:00 PM ,90.0,No ,No,Online,15-Nov-2019 12:30 PM,Chief Engineer (Building)||S E 39 Circle PWD Lucknow||Maintenance Division 1 (Civil) PWD Lucknow,Lucknow,226001.0,1.0,"1,85,000",M/S ASHOK KUMAR SINGH ASSOCIATES,"184,495",Accepted-AOC,2019-12-17,Chief Engineer (Building)||S E 39 Circle PWD Lucknow||Maintenance Division 1 (Civil) PWD Lucknow
2019_REDUP_380868_13,1609/RED/TENDER/LEKHA/04-09-19,Construction of Aganwadi Kendra Ahimalpur 2 in Block Bewar.,Construction of Aganwadi Kendra Ahimalpur 2 in Block Bewar.,Works,Open Tender,Lump-sum,Civil Works - Buildings,No,No,NA ,16-Sep-2019 10:00 AM,NA ,90.0,No ,No,Online,21-Sep-2019 01:00 PM,Director Cum Chief Engineer RED||CHIEF ENGINEER WEST||SE AGRA CIRCLE||EE MAINPURI,Mainpuri,205001.0,2.0,"4,70,501",m/s sanjeev kumar singh contractor,"470,413",Accepted-AOC,2019-12-02,Director Cum Chief Engineer RED||CHIEF ENGINEER WEST||SE AGRA CIRCLE||EE MAINPURI
2019_REDUP_380868_16,1609/RED/TENDER/LEKHA/04-09-19,Construction of Aganwadi Kendra Gazipur Gulalpur in Block Bewar.,Construction of Aganwadi Kendra Gazipur Gulalpur in Block Bewar.,Works,Open Tender,Lump-sum,Civil Works - Buildings,No,No,NA ,16-Sep-2019 10:00 AM,NA ,90.0,No ,No,Online,21-Sep-2019 01:00 PM,Director Cum Chief Engineer RED||CHIEF ENGINEER WEST||SE AGRA CIRCLE||EE MAINPURI,Mainpuri,205001.0,2.0,"4,70,501",m/s sanjeev kumar singh contractor,"470,313",Accepted-AOC,2019-12-02,Director Cum Chief Engineer RED||CHIEF ENGINEER WEST||SE AGRA CIRCLE||EE MAINPURI
2019_REDUP_380868_26,1609/RED/TENDER/LEKHA/04-09-19,Construction of Aganwadi Kendra Ahimalpur 2 in Block Bewar.,Construction of Aganwadi Kendra Ahimalpur 2 in Block Bewar.,Works,Open Tender,Lump-sum,Civil Works - Buildings,No,No,NA ,16-Sep-2019 12:00 PM,NA ,90.0,No ,No,Online,21-Sep-2019 01:00 PM,Director Cum Chief Engineer RED||CHIEF ENGINEER WEST||SE AGRA CIRCLE||EE MAINPURI,Mainpuri,205001.0,2.0,"4,70,501",m/s sanjeev kumar singh contractor,"470,313",Accepted-AOC,2019-12-02,Director Cum Chief Engineer RED||CHIEF ENGINEER WEST||SE AGRA CIRCLE||EE MAINPURI
2019_REDUP_380868_5,1609/RED/TENDER/LEKHA/04-09-19,Construction of Aganwadi Kendra Banhar in Block Sultanganj,Construction of Aganwadi Kendra Banhar in Block Sultanganj,Works,Open Tender,Lump-sum,Civil Works - Buildings,No,No,NA ,16-Sep-2019 10:00 AM,NA ,90.0,No ,No,Online,21-Sep-2019 01:00 PM,Director Cum Chief Engineer RED||CHIEF ENGINEER WEST||SE AGRA CIRCLE||EE MAINPURI,Mainpuri,205001.0,2.0,"4,70,501",M/S KIRAN DEVI CONSTRUCTION,"470,313",Accepted-AOC,2019-12-12,Director Cum Chief Engineer RED||CHIEF ENGINEER WEST||SE AGRA CIRCLE||EE MAINPURI
2019_REDUP_384893_1,856/EE/RED/DT- 29.08.2019,Construction at main road to bhadur singh in gram arahana block mathura,Construction at main road to bhadur singh in gram arahana block mathura,Works,Open Tender,Percentage,Civil Works,No,No,NA ,11-Jun-2025 06:25 PM,NA ,90.0,No ,No,Online,30-Sep-2019 12:30 PM,Director Cum Chief Engineer RED||CHIEF ENGINEER WEST||SE AGRA CIRCLE||EE MATHURA,MATHURA,281001.0,2.0,"14,86,000",M/s Karv Constructions,"1,396,564",Rejected-Technical,2019-12-02,Director Cum Chief Engineer RED||CHIEF ENGINEER WEST||SE AGRA CIRCLE||EE MATHURA
2019_REDUP_394943_1,949 DT 17.10.19,Construction of corridor from Collectrate to Vikas Bhawan at District Shahjahanpur,Construction of corridor from Collectrate to Vikas Bhawan at District Shahjahanpur,Works,Open Tender,Fixed-rate,Civil Works,No,No,NA ,01-Nov-2019 10:00 AM,NA ,90.0,No ,No,Online,08-Nov-2019 12:30 PM,Director Cum Chief Engineer RED||CHIEF ENGINEER EAST||SE LUCKNOW CIRCLE||EE HARDOI,SHAHJAHANPUR,242001.0,2.0,"13,15,800",M/s.D.K.Associates,"1,236,999.5",Accepted-AOC,2019-12-07,Director Cum Chief Engineer RED||CHIEF ENGINEER EAST||SE LUCKNOW CIRCLE||EE HARDOI
2019_REDUP_405034_1,1132/01 Dtd 04/11/2019,Gram Kotana road baraut se bhramkumari ashram wali gali me khanja and nali nirman karya,Gram Kotana road baraut se bhramkumari ashram wali gali me khanja and nali nirman karya,Works,Open Tender,Percentage,Civil Works,No,No,NA ,27-Nov-2019 09:00 AM,NA ,90.0,No ,No,Online,03-Dec-2019 12:30 PM,Director Cum Chief Engineer RED||CHIEF ENGINEER WEST||SE MEERUT CIRCLE||EE BAGHPAT,Baghpat,250609.0,2.0,"11,05,000",NABAB SINGH TOMER CONTRACTOR,"1,103,076.2",Rejected-AOC,2019-12-30,Director Cum Chief Engineer RED||CHIEF ENGINEER WEST||SE MEERUT CIRCLE||EE BAGHPAT
2019_REDUP_406232_1,1447/RED/Chandauli/01 Date- 11-11-2019,Shahid Smarak Dhanapur ke pass Interlocking kary,Shahid Smarak Dhanapur ke pass Interlocking kary Block- Dhanapur,Works,Open Tender,Percentage,Civil Works - Roads,No,No,NA ,22-Nov-2019 10:00 AM,NA ,90.0,No ,No,Online,06-Dec-2019 12:30 PM,Director Cum Chief Engineer RED||CHIEF ENGINEER EAST||SE VARANASI CIRCLE||EE CHANDAULI,Block Dhanapur,232104.0,2.0,"16,58,000",M/S YASH CONSTRUCTIONS,"1,652,176",Rejected-Finance,2019-12-28,Director Cum Chief Engineer RED||CHIEF ENGINEER EAST||SE VARANASI CIRCLE||EE CHANDAULI
2019_RVUNL_347295_2,T-13/SE-III/EMD-II/BTPS/19-20,Replacement of PCB1 and PCB2 card Relay card LED set fuse base of ALI controller and repairing of RF Sensing Probe in ESP hoppers of Unit 9 10 and 11 of BTPS Obra,Replacement of PCB1 and PCB2 card Relay card LED set fuse base of ALI controller and repairing of RF Sensing Probe in ESP hoppers of Unit 9 10 and 11 of BTPS Obra,Works,Open Tender,Fixed-rate,Electrical Works,No,No,NA ,26-Oct-2019 06:00 PM,NA ,120.0,No ,No,Offline,16-Nov-2019 04:00 PM,UP Rajya Vidyut Utpadan Nigam Ltd||Obra Thermal Power Project- UPRVUNL- Sonebhadra,OBRA,231219.0,2.0,"2,38,000",rpelectricals,"235,200",Rejected-Finance,2019-12-28,UP Rajya Vidyut Utpadan Nigam Ltd||Obra Thermal Power Project- UPRVUNL- Sonebhadra
2019_RVUNL_374895_1,08/BMD-II/ATPS/2019-2020,Attending dust leakage from joint of duct and Chimney,"Attending dust leakage from joint of duct and Chimney of unit No-1 and 2 of 3X210MW, ATPS Anpara",Works,Open Tender,Fixed-rate,Repair and Maintenance Works,No,No,NA ,26-Aug-2019 10:00 AM,NA ,120.0,No ,No,Offline,13-Sep-2019 05:00 PM,UP Rajya Vidyut Utpadan Nigam Ltd||Anpara Thermal Power Project- UPRVUNL- Sonebhadra,ANPARA,231225.0,2.0,"4,21,000",M/S SURYA CONSTRUCTION COMPANY,"368,400",Rejected-AOC,2019-12-18,UP Rajya Vidyut Utpadan Nigam Ltd||Anpara Thermal Power Project- UPRVUNL- Sonebhadra
2019_RVUNL_381637_1,ET-25/OandmC IV/DTPS/EMD-III/CTPS/2019-20,Erection of 11 KV HT Line 0.4 KV LT Over head Line construction of 11 0.4 KV new sub station for feeding temporary power supply for typeIV (Block B) quarters and type III (Block B) quarters in new constructed tower buildings of new colony HTPS Ka,Erection of 11 KV HT Line 0.4 KV LT Over head Line construction of 11 0.4 KV new sub station for feeding temporary power supply for typeIV (Block B) quarters and type III (Block B) quarters in new constructed tower buildings of new colony HTPS Ka,Works,Open Tender,Fixed-rate,Electrical Works,No,No,NA ,18-Sep-2019 06:00 PM,NA ,120.0,No ,No,Offline,02-Dec-2019 04:00 PM,UP Rajya Vidyut Utpadan Nigam Ltd||Harduaganj Thermal Power Project- UPRVUNL- Aligarh,Office of the SE OMC-IV DTPS Kasimpur Aligarh,202127.0,2.0,"4,12,046",R R ENGG. COMPANY,"349,230",Rejected-Finance,2019-12-26,UP Rajya Vidyut Utpadan Nigam Ltd||Harduaganj Thermal Power Project- UPRVUNL- Aligarh
2019_RVUNL_396610_1,T-15/SE-III/BTPS/EMD-II/19-20,Over hauling and shifting of 0.4 KV LT motors Of Unit no 13 and related common plant of 5x200MW BTPS Obra,Over hauling and shifting of 0.4 KV LT motors Of Unit no 13 and related common plant of 5x200MW BTPS Obra,Works,Open Tender,Fixed-rate,Electrical Works,No,No,NA ,26-Oct-2019 06:00 PM,NA ,120.0,No ,No,Offline,29-Nov-2019 04:00 PM,UP Rajya Vidyut Utpadan Nigam Ltd||Obra Thermal Power Project- UPRVUNL- Sonebhadra,OBRA,231219.0,2.0,"1,79,150",M/S B. B. S. CONSTRUCTION,"177,419",Accepted-AOC,2019-12-31,UP Rajya Vidyut Utpadan Nigam Ltd||Obra Thermal Power Project- UPRVUNL- Sonebhadra
2019_SCIDC_380893_2,312(1)/2019-20 date 12.09.2019,Construction work of C C Road from intersection east to Jaidev s house in Dadupur village in Shamsabad block Sansad Nidhi,Construction work of C C Road from intersection east to Jaidev s house in Dadupur village in Shamsabad block Sansad Nidhi,Works,Open Tender,Percentage,Civil Works - Roads,No,No,NA ,14-Oct-2019 09:00 AM,NA ,90.0,No ,No,Offline,19-Oct-2019 04:00 PM,U.P. State Construction and Infrastructure Development Corporation Ltd.||Unit Kannauj,SHAMSABAD,209603.0,2.0,"3,37,603",BAJRANG TRADEARS,"337,536.4",Accepted-AOC,2019-12-02,U.P. State Construction and Infrastructure Development Corporation Ltd.||Unit Kannauj
2019_SCIDC_381006_2,312(2)/2019-20 date 12.09.2019,Construction of C C Road from Gandua Gangayiya Road to Kalicharan s house in Shamsabad block Sansad Nidhi,Construction of C C Road from Gandua Gangayiya Road to Kalicharan s house in Shamsabad block Sansad Nidhi,Works,Open Tender,Percentage,Civil Works - Roads,No,No,NA ,14-Oct-2019 09:00 AM,NA ,90.0,No ,No,Offline,19-Oct-2019 04:00 PM,U.P. State Construction and Infrastructure Development Corporation Ltd.||Unit Kannauj,Shamshabad,209603.0,2.0,"3,29,182",BAJRANG TRADEARS,"329,149.14",Accepted-AOC,2019-12-02,U.P. State Construction and Infrastructure Development Corporation Ltd.||Unit Kannauj
2019_SCIDC_381027_2,312(3)/2019-20 Date 12.09.2019,Construction of C C Road from Jagdish Sharma s house in village Chhatrai to the end of primary school at Shamsabad Sansad Nidhi,Construction of C C Road from Jagdish Sharma s house in village Chhatrai to the end of primary school at Shamsabad Sansad Nidhi,Works,Open Tender,Percentage,Civil Works - Roads,No,No,NA ,14-Oct-2019 09:00 AM,NA ,90.0,No ,No,Offline,19-Oct-2019 04:00 PM,U.P. State Construction and Infrastructure Development Corporation Ltd.||Unit Kannauj,SAMSHABAD,209603.0,2.0,"5,65,661",BAJRANG TRADEARS,"565,548.3",Accepted-AOC,2019-12-02,U.P. State Construction and Infrastructure Development Corporation Ltd.||Unit Kannauj
2019_SCIDC_381039_2,312(4)/2019-20 Date 12.09.2019,Construction of C C Road from Ramchandra s house in village Hasnapur to Dr Satish Chandra s house at Shamsabad Sansad Nidhi,Construction of C C Road from Ramchandra s house in village Hasnapur to Dr Satish Chandra s house at Shamsabad Sansad Nidhi,Works,Open Tender,Percentage,Civil Works - Roads,No,No,NA ,14-Oct-2019 09:00 AM,NA ,90.0,No ,No,Offline,19-Oct-2019 04:00 PM,U.P. State Construction and Infrastructure Development Corporation Ltd.||Unit Kannauj,SHAMSABAD,209603.0,2.0,"10,18,205",BAJRANG TRADEARS,"1,018,001.86",Accepted-AOC,2019-12-02,U.P. State Construction and Infrastructure Development Corporation Ltd.||Unit Kannauj
2019_SCIDC_381062_2,312(5)/2019-20 Date 12.09.2019,Construction of CC road from Om Prakash s Shivala machine to Surendra s house in village Sikanderpur Cola in Shamsabad block Sansad Nidhi,Construction of CC road from Om Prakash s Shivala machine to Surendra s house in village Sikanderpur Cola in Shamsabad block Sansad Nidhi,Works,Open Tender,Percentage,Civil Works - Roads,No,No,NA ,14-Oct-2019 09:00 AM,NA ,90.0,No ,No,Offline,19-Oct-2019 04:00 PM,U.P. State Construction and Infrastructure Development Corporation Ltd.||Unit Kannauj,SHAMSABAD,209603.0,2.0,"5,93,761",BAJRANG TRADEARS,"593,701.82",Accepted-AOC,2019-12-02,U.P. State Construction and Infrastructure Development Corporation Ltd.||Unit Kannauj
2019_SCIDC_381155_2,312(8)/2019-20 Date 12.09.2019,Construction of C C road from Rajesh Jatav s house in village Shahipur to Narottam Balmiki s house at Block Kayamganj Sansad NidhiConstruction of C C road from Rajesh Jatav s house in village Shahipur to Narottam Balmiki s house at Block Kayamganj Sa,Construction of C C road from Rajesh Jatav s house in village Shahipur to Narottam Balmiki s house at Block Kayamganj Sansad Nidhi,Works,Open Tender,Percentage,Civil Works - Roads,No,No,NA ,14-Oct-2019 09:00 AM,NA ,90.0,No ,No,Offline,19-Oct-2019 04:00 PM,U.P. State Construction and Infrastructure Development Corporation Ltd.||Unit Kannauj,KAYAMGANJ,209603.0,2.0,"12,99,578",BAJRANG TRADEARS,"1,299,448.29",Accepted-AOC,2019-12-02,U.P. State Construction and Infrastructure Development Corporation Ltd.||Unit Kannauj
2019_SCIDC_392352_2,373/2019-20 date 15.10.2019,Construction work of 50x30 feet hall in Swami Vamdev Bal Kalyan Saraswati Vidya Mandir Shamsabad Vidhayak Nidhi,Construction work of 50x30 feet hall in Swami Vamdev Bal Kalyan Saraswati Vidya Mandir Shamsabad Vidhayak Nidhi,Works,Open Tender,Percentage,Civil Works,No,No,NA ,14-Nov-2019 02:00 PM,NA ,90.0,No ,No,Offline,25-Nov-2019 03:00 PM,U.P. State Construction and Infrastructure Development Corporation Ltd.||Unit Kannauj,Shamsabad Farrukhabad,209625.0,2.0,"12,90,247",SHREE HATHIWAN MAHARAJ ENTERPRISES,"1,290,118.92",Rejected-Finance,2019-12-13,U.P. State Construction and Infrastructure Development Corporation Ltd.||Unit Kannauj
2019_UPCDS_391779_1,"1192/E-Tender/103, Dt. 11.10.2019",Construction of Proposed Addition of Ramp and Fire Fighting System for Faculty Block at IMHH Agra,As per Tender Documents,Works,Open Tender,Percentage,Civil Works - Buildings,No,No,NA ,14-Oct-2019 10:00 AM,NA ,120.0,No ,No,Offline,30-Oct-2019 04:00 PM,Construction and Design Services UP Jal Nigam||C.G.M. (II) Noida||G.M. (09) Noida||Unit-35 Agra,"IMHH Campus, Agra",282009.0,2.0,"1,43,67,896",m/s anuragagarwal,"14,081,975",Rejected-Finance,2019-12-07,Construction and Design Services UP Jal Nigam||C.G.M. (II) Noida||G.M. (09) Noida||Unit-35 Agra
2019_UPHDB_387029_1,1529/PRO-50E/22 Dt. 27.9.2019,Supply of Security Personals Gunman and Gaurds Generator Operator Gardener and Sweeper for Office Complex at Mandola Vihar Yojna Ghaziabad,Supply of Security Personals Gunman and Gaurds Generator Operator Gardener and Sweeper for Office Complex at Mandola Vihar Yojna Ghaziabad,Services,Open Tender,Percentage,Manpower Supply,No,No,NA ,30-Sep-2019 06:00 PM,NA ,90.0,No ,No,Offline,18-Oct-2019 12:30 PM,U.P. Housing and Development Board||Circle-Mandola Baghpat||CD-38 Baghpat,Mandola Vihar,201102.0,2.0,"18,43,710",SIDDHARTH SECURITY SERVICE,"1,966,287.22",Rejected-Technical,2019-12-31,U.P. Housing and Development Board||Circle-Mandola Baghpat||CD-38 Baghpat
2019_UPHDB_387194_1,1529/PRO50(E)/22 Dt. 27.09.2019,Construction of park in sec15 Mandola Vihar Yojna Ghaziabad,Construction of park in sec15 Mandola Vihar Yojna Ghaziabad,Works,Open Tender,Percentage,Civil Works,No,No,NA ,30-Sep-2019 06:30 PM,NA ,90.0,No ,No,Offline,14-Oct-2019 12:30 PM,U.P. Housing and Development Board||Circle-Mandola Baghpat||CD-38 Baghpat,Mandola vihar ghaziabad,201102.0,2.0,"15,42,405",M/S S N G ENTERPRISES,"1,409,634.66",Rejected-AOC,2019-12-31,U.P. Housing and Development Board||Circle-Mandola Baghpat||CD-38 Baghpat
2019_UPIDC_397640_2,01/EE/2019-20,Repairing metalled service road from Km. 16.620 to 17.000 of Agra Canal.,Repairing metalled service road from Km. 16.620 to 17.000 of Agra Canal.,Works,Open Tender,Item Rate,Civil Works,No,No,NA ,31-Oct-2019 11:00 AM,NA ,90.0,No ,No,Offline,07-Nov-2019 11:00 AM,U P Irrigation Department (Civil)||Chief Engineer ( Yamuna) Okhla||S E Irrigation Works Circle III Agra||E E Head Works Division Agra Canal Okhla,Agra Canal,110025.0,2.0,"27,70,000",UMESH CHANDRA MISHRA,"2,539,250",Rejected-AOC,2019-12-19,U P Irrigation Department (Civil)||Chief Engineer ( Yamuna) Okhla||S E Irrigation Works Circle III Agra||E E Head Works Division Agra Canal Okhla
2019_UPIDC_397640_3,01/EE/2019-20,Repairing metalled service road from Km. 18.000 to 18.400 of Agra Canal.,Repairing metalled service road from Km. 18.000 to 18.400 of Agra Canal.,Works,Open Tender,Item Rate,Civil Works,No,No,NA ,31-Oct-2019 11:00 AM,NA ,90.0,No ,No,Offline,07-Nov-2019 11:00 AM,U P Irrigation Department (Civil)||Chief Engineer ( Yamuna) Okhla||S E Irrigation Works Circle III Agra||E E Head Works Division Agra Canal Okhla,Agra Canal,110025.0,2.0,"25,50,000",Mukut Bihari Lal Contractor,"2,319,133",Accepted-AOC,2019-12-19,U P Irrigation Department (Civil)||Chief Engineer ( Yamuna) Okhla||S E Irrigation Works Circle III Agra||E E Head Works Division Agra Canal Okhla
2019_UPIDM_405879_1,10/EE/WEDK/2019-20,Providing the complete fabricated Winch box mechanisms as per IDUP drawing,"Providing the complete fabricated Winch box mechanisms as per IDUP drawing for the Kyolodia Head Regulator gates (Gate Size- 3.00 x 2.00 2 Nos.)of Shahjahanpur Branch, Sharda Canal, Shahjahanpur, UP",Works,Open Tender,Lump-sum,Miscellaneous Works,No,No,NA ,22-Nov-2019 10:00 AM,NA ,90.0,No ,No,Offline,27-Nov-2019 12:00 PM,U P Irrigation Department (Mechanical)||Central Equipment and Stores Procurement||S E Irrigation Workshop Circle - I Kanpur||E E Irrigation Erection Division Kanpur,"Kyolodia, Bhadpur, Bareilly",262406.0,2.0,"11,95,550",NEW ASIATIC ENGINEERING WORKS,"1,098,000",Rejected-Finance,2019-12-12,U P Irrigation Department (Mechanical)||Central Equipment and Stores Procurement||S E Irrigation Workshop Circle - I Kanpur||E E Irrigation Erection Division Kanpur
2019_UPIDM_405917_1,12/EE/WEDK/2019-20,Fabrication of Gate assembly and superstructure parts of Head regulator gates and Dy Gates,"Fabrication of Gate assembly and superstructure parts of Head regulator gates (2 Nos.) and Dy Gates (11 Nos.) of Shahjahanpur branch, Sharda canal, Shahjahanpur, U.P.",Works,Open Tender,Lump-sum,Miscellaneous Works,No,No,NA ,22-Nov-2019 10:00 AM,NA ,90.0,No ,No,Offline,27-Nov-2019 12:00 PM,U P Irrigation Department (Mechanical)||Central Equipment and Stores Procurement||S E Irrigation Workshop Circle - I Kanpur||E E Irrigation Erection Division Kanpur,"Katra Bakkas, Sultanpur Road, Lucknow",226027.0,2.0,"12,75,875",swastik traders,"1,172,000",Rejected-Finance,2019-12-13,U P Irrigation Department (Mechanical)||Central Equipment and Stores Procurement||S E Irrigation Workshop Circle - I Kanpur||E E Irrigation Erection Division Kanpur
2019_UPIDM_406121_1,13/EE/WEDK/2019-20,"Erection of Gate assembly, lifting mechanism and superstructure of Head regulator gates and Dy. Gates","Erection of Gate assembly, lifting mechanism and superstructure of Head regulator gates (2 Nos.) and Dy. Gates (4 Nos.) of different sizes of Shahjahanpur branch, Sharda canal. Shahjahanpur, U.P.",Works,Open Tender,Lump-sum,Miscellaneous Works,No,No,NA ,22-Nov-2019 10:00 AM,NA ,90.0,No ,No,Offline,28-Nov-2019 12:00 PM,U P Irrigation Department (Mechanical)||Central Equipment and Stores Procurement||S E Irrigation Workshop Circle - I Kanpur||E E Irrigation Erection Division Kanpur,"Kyolodia, Bhadpur, Bareilly",262406.0,2.0,"10,55,539",S K ENGINEERING WORKS,"1,006,000",Rejected-Finance,2019-12-23,U P Irrigation Department (Mechanical)||Central Equipment and Stores Procurement||S E Irrigation Workshop Circle - I Kanpur||E E Irrigation Erection Division Kanpur
2019_UPIDM_406137_1,14/EE/WEDK/2019-20,"Erection of Gate assembly, lifting mechanism and superstructure of Dy. Gates","Erection of Gate assembly, lifting mechanism and superstructure of Dy. Gates (7 nos.) of different sizes of Shahjahanpur branch, Sharda canal. Shahjahanpur, U.P.",Works,Open Tender,Lump-sum,Miscellaneous Works,No,No,NA ,22-Nov-2019 10:00 AM,NA ,90.0,No ,No,Offline,28-Nov-2019 12:00 PM,U P Irrigation Department (Mechanical)||Central Equipment and Stores Procurement||S E Irrigation Workshop Circle - I Kanpur||E E Irrigation Erection Division Kanpur,"Katra, Shahjahanpur",242301.0,2.0,"11,85,357",Singh Contractor,"1,107,000",Accepted-AOC,2019-12-28,U P Irrigation Department (Mechanical)||Central Equipment and Stores Procurement||S E Irrigation Workshop Circle - I Kanpur||E E Irrigation Erection Division Kanpur
2019_UPIDM_410234_1,16/EE/WEDK/2019-20,Manufacturing of the lifting,"Manufacturing of the lifting Machanism as per UPID drawing and IS code DY gates of Shahjhanpur branch, Sharda Canal, Shahjahnpur,u.p",Works,Open Tender,Lump-sum,Miscellaneous Works,No,No,NA ,07-Dec-2019 10:00 AM,07-Dec-2019 10:00 AM ,90.0,No ,No,Offline,12-Dec-2019 01:00 PM,U P Irrigation Department (Mechanical)||Central Equipment and Stores Procurement||S E Irrigation Workshop Circle - I Kanpur||E E Irrigation Erection Division Kanpur,"Katra,Shahjahanpur",242301.0,2.0,"13,70,000",M/S SINGH CONTRACTOR AND SUPPLIERS,"1,253,680",Rejected-Finance,2019-12-18,U P Irrigation Department (Mechanical)||Central Equipment and Stores Procurement||S E Irrigation Workshop Circle - I Kanpur||E E Irrigation Erection Division Kanpur
2019_UPJNM_350661_1,3179/NIVIDA/85,Nankar Rani Village Water Supply Scheme,"Construction of works like Pump House, R.C.C. O.H.T., Rising Main, Distribution System, Staff Quarter etc. complete in all respect including commissioning, testing, trial run, defect liability and handing over completed.",Works,Open Tender,Percentage,Civil Works - Water Works,No,No,NA ,04-Jun-2019 05:00 PM,10-Jun-2019 12:30 PM ,120.0,No ,No,Offline,19-Jun-2019 12:30 PM,"U P Jal Nigam (HQ), Lucknow||Chief Engineer (Moradabad)||SE, 8th Circle, Moradabad||EE Temp Construction Division Rampur",Rampur,244901.0,2.0,"1,61,84,195",M/S VIDDUT KUMARJAIN,"14,554,447",Accepted-AOC,2019-12-20,"U P Jal Nigam (HQ), Lucknow||Chief Engineer (Moradabad)||SE, 8th Circle, Moradabad||EE Temp Construction Division Rampur"
2019_UPJNM_350683_1,3179/NIVIDA/85,Mathurapur Village Water Supply Scheme,"Construction of works like Pump House, R.C.C. O.H.T., Rising Main, Distribution System, Staff Quarter etc. complete in all respect including commissioning, testing, trial run, defect liability and handing over completed.",Works,Open Tender,Percentage,Civil Works - Water Works,No,No,NA ,04-Jun-2019 05:00 PM,10-Jun-2019 12:30 PM ,120.0,No ,No,Offline,19-Jun-2019 12:30 PM,"U P Jal Nigam (HQ), Lucknow||Chief Engineer (Moradabad)||SE, 8th Circle, Moradabad||EE Temp Construction Division Rampur",Rampur,244901.0,2.0,"1,55,59,234",M/S VIDDUT KUMARJAIN,"13,992,420",Rejected-Finance,2019-12-20,"U P Jal Nigam (HQ), Lucknow||Chief Engineer (Moradabad)||SE, 8th Circle, Moradabad||EE Temp Construction Division Rampur"
2019_UPPAN_411517_1,785/PAN/CUA/E-TENDERING/19-20,Supply of Cement at Fire Station Bidhuna Distt. Auriya,Supply of Cement at Fire Station Bidhuna Distt. Auriya,Works,Open Tender,Item Rate,Civil Works - Buildings,No,No,NA ,07-Dec-2019 04:30 PM,NA ,90.0,No ,No,Offline,13-Dec-2019 12:00 PM,UP Police Awas Nigam Limited||UP Police Awas Nigam Ltd HQ Lucknow||Construction Unit Agra,Fire Station Bidhuna,206122.0,2.0,"2,82,000",Lovin Traders,"267,192",Rejected-AOC,2019-12-19,UP Police Awas Nigam Limited||UP Police Awas Nigam Ltd HQ Lucknow||Construction Unit Agra
2019_UPPAN_411536_1,786/PAN/CUA/E-TENDERING/19-20,Supply of Cement at Fire Station Chakar Nagar Distt. Etawah,Supply of Cement at Fire Station Chakar Nagar Distt. Etawah,Works,Open Tender,Item Rate,Civil Works - Buildings,No,No,NA ,07-Dec-2019 04:30 PM,NA ,90.0,No ,No,Offline,13-Dec-2019 12:15 PM,UP Police Awas Nigam Limited||UP Police Awas Nigam Ltd HQ Lucknow||Construction Unit Agra,Fire Station Chakar Nagar,206125.0,2.0,"2,82,000",Lovin Traders,"267,192",Rejected-AOC,2019-12-19,UP Police Awas Nigam Limited||UP Police Awas Nigam Ltd HQ Lucknow||Construction Unit Agra
2019_UPPAN_411551_1,784/PAN/CUA/E-TENDRING/19-20,Supply of Cement at Police Line Mainpuri Distt. Mainpuri,Supply of Cement at Police Line Mainpuri Distt. Mainpuri,Works,Open Tender,Item Wise,Civil Works - Buildings,No,No,NA ,07-Dec-2019 05:00 PM,NA ,90.0,No ,No,Offline,13-Dec-2019 12:30 PM,UP Police Awas Nigam Limited||UP Police Awas Nigam Ltd HQ Lucknow||Construction Unit Agra,Police Line Mainpuri,205001.0,2.0,"4,70,000",Lovin Traders,"444,540",Rejected-AOC,2019-12-19,UP Police Awas Nigam Limited||UP Police Awas Nigam Ltd HQ Lucknow||Construction Unit Agra
2019_UPPAN_411561_1,783/PAN/CUA/E-TENDERING/19-20,Supply of Coarse Sand at Police Line Mainpuri Distt. Mainpuri,Supply of Coarse Sand at Police Line Mainpuri Distt. Mainpuri,Works,Open Tender,Item Rate,Civil Works - Buildings,No,No,NA ,07-Dec-2019 05:00 PM,NA ,90.0,No ,No,Offline,13-Dec-2019 12:45 PM,UP Police Awas Nigam Limited||UP Police Awas Nigam Ltd HQ Lucknow||Construction Unit Agra,Police Line Mainpuri,205001.0,2.0,"7,36,000",M/S OM AMBEY ASSOCIATE,"733,000",Accepted-AOC,2019-12-19,UP Police Awas Nigam Limited||UP Police Awas Nigam Ltd HQ Lucknow||Construction Unit Agra
2019_UPPCL_373312_1,27/MU/SBE/2019-20,Carrying out the work for Replacement of old and damaged drinkin water supply pipes in shakti bhawan extn. Lko.,Carrying out the work for Replacement of old and damaged drinkin water supply pipes in shakti bhawan extn. Lko.,Works,Open Tender,Percentage,Electrical Works,No,No,NA ,17-Aug-2019 04:50 PM,NA ,180.0,No ,No,Offline,05-Sep-2019 04:00 PM,Uttar Pradesh Power Corporation Ltd.||SE Civil HQ Shakti Bhawan Extension||EE Civil HQ Attached to CE Civil 2||SE Civil HQ||EE Maintenance Unit,Maintenance unit shakti bhawan extn lko,226001.0,2.0,,SIMS ENGINEERING COMPANY,"626,205",Rejected-AOC,2019-12-20,Uttar Pradesh Power Corporation Ltd.||SE Civil HQ Shakti Bhawan Extension||EE Civil HQ Attached to CE Civil 2||SE Civil HQ||EE Maintenance Unit
2019_UPTCL_310034_1,208-ETC-II(P)/ 2018-19,208-ETC-II(P)/ 2018-19,"Providing fixing of round pole LED at 400 KV SS Masauli under Electy. Trans. Division-II, Prayagraj.",Works,Open Tender,Item Rate,Electrical Works,No,No,NA ,16-Feb-2019 10:00 AM,NA ,120.0,No ,No,Offline,27-Feb-2019 01:00 PM,UP Power Transmission Corp.Ltd (Operation)||Chief Engineer (TE) East Allahabad||S.E. ETC-II Allahabad,Masauli,225204.0,2.0,"26,00,000",CHIRAG ENTERPRISES,"1,683,750",Accepted-AOC,2019-12-19,UP Power Transmission Corp.Ltd (Operation)||Chief Engineer (TE) East Allahabad||S.E. ETC-II Allahabad
2019_UPTCL_337428_1,224-ETC-II(P)/ 2018-19,224-ETC-II(P)/ 2018-19,"Revetment of tower foundation at Location No-50 H pole of 132 KV SC Rewa-Road Meja Line under Electy. Trans. Division-III, Prayagraj",Works,Open Tender,Item Rate,Electrical Works,No,No,NA ,18-Mar-2019 09:00 AM,NA ,120.0,No ,No,Offline,30-Mar-2019 01:00 PM,UP Power Transmission Corp.Ltd (Operation)||Chief Engineer (TE) East Allahabad||S.E. ETC-II Allahabad,"Meja Line,Prayagraj",212302.0,2.0,"4,60,000",V S Enterprises,"315,990.79",Rejected-AOC,2019-12-19,UP Power Transmission Corp.Ltd (Operation)||Chief Engineer (TE) East Allahabad||S.E. ETC-II Allahabad
2019_UPTCL_337432_1,225-ETC-II(P)/ 2018-19,225-ETC-II(P)/ 2018-19,"Construction of open store yard at 132 KV S/S Shankergarh under Electy. Trans. Division-III, Prayagraj.",Works,Open Tender,Item Rate,Electrical Works,No,No,NA ,11-Jun-2025 05:33 PM,NA ,120.0,No ,No,Offline,30-Mar-2019 01:00 PM,UP Power Transmission Corp.Ltd (Operation)||Chief Engineer (TE) East Allahabad||S.E. ETC-II Allahabad,"Shankergarh,Prayagraj",212108.0,2.0,"4,50,000",V S Enterprises,"395,145",Rejected-AOC,2019-12-19,UP Power Transmission Corp.Ltd (Operation)||Chief Engineer (TE) East Allahabad||S.E. ETC-II Allahabad
2019_UPTCL_341488_1,242-ETC-I(A)/ 2018-19,242-ETC-I(A)/ 2018-19,"Annual Maintenance of 132 KV Substation Handia, under Electy. Trans. Division-I, Prayagraj",Works,Open Tender,Item Rate,Electrical Works,No,No,NA ,08-Apr-2019 09:00 AM,NA ,120.0,No ,No,Offline,16-Apr-2019 01:00 PM,UP Power Transmission Corp.Ltd (Operation)||Chief Engineer (TE) East Allahabad||S.E. ETC- I Allahabad,"Handia, Prayagraj",221503.0,2.0,"11,03,000",AMIT TRADERS,"901,486",Accepted-AOC,2019-12-26,UP Power Transmission Corp.Ltd (Operation)||Chief Engineer (TE) East Allahabad||S.E. ETC- I Allahabad
2019_UPTCL_341497_1,245-ETC-I(A)/ 2018-19,245-ETC-I(A)/ 2018-19,"Providing and fixing of High Mast at 220 KV Substation Phulpur under Electy. Trans. Division- I, Prayagraj.",Works,Open Tender,Item Rate,Electrical Works,No,No,NA ,08-Apr-2019 10:00 AM,NA ,120.0,No ,No,Offline,16-Apr-2019 01:00 PM,UP Power Transmission Corp.Ltd (Operation)||Chief Engineer (TE) East Allahabad||S.E. ETC- I Allahabad,"Phulpur, Allahabad",212402.0,2.0,"21,00,000",Katyani Construction Co.,"1,490,400",Accepted-AOC,2019-12-27,UP Power Transmission Corp.Ltd (Operation)||Chief Engineer (TE) East Allahabad||S.E. ETC- I Allahabad
2019_UPTCL_344888_1,T-03/CE(TSE)/2019-20,"Supply of material for maintenance of 765KV Anpara C - Unnao line under Electricity Transmission Division - I, Prayagraj","Supply of material for maintenance of 765KV Anpara C - Unnao line under Electricity Transmission Division - I, Prayagraj",Goods,Open Tender,Fixed-rate,Electrical Work/ Equipment,No,No,NA ,29-Apr-2019 04:00 PM,NA ,180.0,No ,No,Offline,25-Jun-2019 03:00 PM,UP Power Transmission Corp.Ltd (Operation)||Chief Engineer (TE) East Allahabad||S.E. Attached (Trans. East),Prayagraj,211002.0,2.0,"21,00,000",Nike Energy Manufacturing Private Limited,"628,000",Accepted-AOC,2019-12-18,UP Power Transmission Corp.Ltd (Operation)||Chief Engineer (TE) East Allahabad||S.E. Attached (Trans. East)
2019_UPTCL_344992_1,11-ETC-II(P)/ 2019-20,11-ETC-II(P)/ 2019-20,"Providing fixing of AMF control panel at 220 KV SAS S/S Sirathu, Kaushambi under Electy. Trans. Division-IV, Prayagraj.",Works,Open Tender,Item Rate,Electrical Works,No,No,NA ,01-May-2019 09:00 AM,NA ,120.0,No ,No,Offline,09-May-2019 01:00 PM,UP Power Transmission Corp.Ltd (Operation)||Chief Engineer (TE) East Allahabad||S.E. ETC-II Allahabad,"Sirathu,Kaushambi",212217.0,2.0,"5,50,000",GANPATI ASSOCIATES,"326,999",Accepted-AOC,2019-12-19,UP Power Transmission Corp.Ltd (Operation)||Chief Engineer (TE) East Allahabad||S.E. ETC-II Allahabad
2019_UPTCL_348316_1,44-ETC-II(P)/ 2019-20,44-ETC-II(P)/ 2019-20,"Changing of old and used CT PT at 220 KV S/S Rewa-Road under Electy. Trans. Division-II, Prayagraj.",Works,Open Tender,Item Rate,Electrical Works,No,No,NA ,30-May-2019 09:00 AM,NA ,120.0,No ,No,Offline,06-Jun-2019 01:00 PM,UP Power Transmission Corp.Ltd (Operation)||Chief Engineer (TE) East Allahabad||S.E. ETC-II Allahabad,"Rewa-Road,Prayagraj",211008.0,2.0,"2,00,000",M/S SHIVA CONSTRUCTION,"167,979",Rejected-AOC,2019-12-19,UP Power Transmission Corp.Ltd (Operation)||Chief Engineer (TE) East Allahabad||S.E. ETC-II Allahabad
2019_UPTCL_350756_1,28-ETC-I(A)/ 2019-20,28-ETC-I(A)/ 2019-20,"Supply and fixing of 100 watt LED flood light fitting at 132 KV Substation Kaurihar and Soraon under Electy. Trans. Division-I, Prayagraj.",Works,Open Tender,Item Rate,Electrical Works,No,No,NA ,08-Jun-2019 09:00 AM,NA ,120.0,No ,No,Offline,21-Jun-2019 01:00 PM,UP Power Transmission Corp.Ltd (Operation)||Chief Engineer (TE) East Allahabad||S.E. ETC- I Allahabad,"Kaudihar Soraon,Prayagraj",212411.0,2.0,"1,76,000",M/S OM ENTERPRISES,"124,800",Rejected-AOC,2019-12-26,UP Power Transmission Corp.Ltd (Operation)||Chief Engineer (TE) East Allahabad||S.E. ETC- I Allahabad
2019_UPTCL_350784_1,31-ETC-I(A)/ 2019-20,31-ETC-I(A)/ 2019-20,"Providing and fixing of CT/PT junction box at 132 KV Substation Soraon under Electy. Trans. Division- I, Prayagraj.",Works,Open Tender,Item Rate,Electrical Works,No,No,NA ,11-Jun-2019 09:00 AM,NA ,120.0,No ,No,Offline,25-Jun-2019 01:00 PM,UP Power Transmission Corp.Ltd (Operation)||Chief Engineer (TE) East Allahabad||S.E. ETC- I Allahabad,"Soraon,Prayagraj",212502.0,2.0,"1,60,000",M/S OM ENTERPRISES,"133,742",Rejected-AOC,2019-12-26,UP Power Transmission Corp.Ltd (Operation)||Chief Engineer (TE) East Allahabad||S.E. ETC- I Allahabad
2019_UPTCL_350931_1,49-ETC-II(P)/ 2019-20,49-ETC-II(P)/ 2019-20,"Overhauling of 08 Nos 33 KV VCB installed at 220 KV S/S Cantt, under Electy. Trans. Division-II, Prayagraj",Works,Open Tender,Item Rate,Electrical Works,No,No,NA ,06-Jun-2019 09:00 AM,NA ,120.0,No ,No,Offline,05-Jul-2019 01:00 PM,UP Power Transmission Corp.Ltd (Operation)||Chief Engineer (TE) East Allahabad||S.E. ETC-II Allahabad,"Cantt,Prayagraj",211001.0,2.0,"2,00,000",alfa engineering,"132,000",Accepted-AOC,2019-12-31,UP Power Transmission Corp.Ltd (Operation)||Chief Engineer (TE) East Allahabad||S.E. ETC-II Allahabad
2019_UPTCL_355587_1,57-ETC-II(P)/ 2019-20,57-ETC-II(P)/ 2019-20,"Providing skilled Manpower for maintenance of 132/33 KV 3 40MVA 1 63 MVA AIS S/S Minto Park under Electy. Trans. Division-II, Prayagraj",Works,Open Tender,Item Rate,Electrical Works,No,No,NA ,20-Jun-2019 09:00 AM,NA ,120.0,No ,No,Offline,29-Jun-2019 01:00 PM,UP Power Transmission Corp.Ltd (Operation)||Chief Engineer (TE) East Allahabad||S.E. ETC-II Allahabad,"Minto-Park,Pryagraj",211005.0,2.0,"7,02,000",AMIT TRADERS,"647,000",Accepted-AOC,2019-12-26,UP Power Transmission Corp.Ltd (Operation)||Chief Engineer (TE) East Allahabad||S.E. ETC-II Allahabad
2019_UPTCL_355606_1,58-ETC-II(P)/ 2019-20,58-ETC-II(P)/ 2019-20,"Providing skilled Manpower for maintenance of 132 33 KV 2A 3 MVA AIS S/S Teliarganj under Electy. Trans. Division-II, Prayagraj.",Works,Open Tender,Item Rate,Electrical Works,No,No,NA ,19-Jun-2019 09:00 AM,NA ,120.0,No ,No,Offline,29-Jun-2019 01:00 PM,UP Power Transmission Corp.Ltd (Operation)||Chief Engineer (TE) East Allahabad||S.E. ETC-II Allahabad,"Teliarganj,Prayagraj",211004.0,2.0,"7,10,000",AMIT TRADERS,"655,200",Accepted-AOC,2019-12-26,UP Power Transmission Corp.Ltd (Operation)||Chief Engineer (TE) East Allahabad||S.E. ETC-II Allahabad
2019_UPTCL_358233_1,38-ETC-I(A)/ 2019-20,38-ETC-I(A)/ 2019-20,"Lawn maintenance and cleaning of Roads situated in the campus of Chief Engineer TSE 57-George Town, Prayagraj.",Works,Open Tender,Item Rate,Electrical Works,No,No,NA ,27-Jun-2019 09:00 AM,NA ,120.0,No ,No,Offline,09-Jul-2019 01:00 PM,UP Power Transmission Corp.Ltd (Operation)||Chief Engineer (TE) East Allahabad||S.E. ETC- I Allahabad,Prayagraj,211002.0,2.0,"1,88,000",AMIT TRADERS,"184,200",Accepted-AOC,2019-12-26,UP Power Transmission Corp.Ltd (Operation)||Chief Engineer (TE) East Allahabad||S.E. ETC- I Allahabad
2019_UPTCL_358467_1,67-ETC-II(P)/ 2019-20,67-ETC-II(P)/ 2019-20,"Painting of pale fencing at 132 KV S/S Bharwari under Electy. Trans. Division-IV, Prayagraj.",Works,Open Tender,Item Rate,Electrical Works,No,No,NA ,29-Jun-2019 09:00 AM,NA ,120.0,No ,No,Offline,11-Jul-2019 01:00 PM,UP Power Transmission Corp.Ltd (Operation)||Chief Engineer (TE) East Allahabad||S.E. ETC-II Allahabad,"Bharwari,Prayagraj",212201.0,2.0,"1,50,000",M/S OM SHANTI ENTERPRISES,"133,350",Accepted-AOC,2019-12-21,UP Power Transmission Corp.Ltd (Operation)||Chief Engineer (TE) East Allahabad||S.E. ETC-II Allahabad
2019_UPTCL_365814_1,88-ETC-II(P)/ 2019-20,88-ETC-II(P)/ 2019-20,"Maintenance of ductable air condition installed in control room building at 220 KV S/S Rewa-Road under Electy. Trans. Division-II, Prayagraj",Works,Open Tender,Item Rate,Electrical Works,No,No,NA ,22-Jul-2019 09:00 AM,NA ,120.0,No ,No,Offline,30-Jul-2019 01:00 PM,UP Power Transmission Corp.Ltd (Operation)||Chief Engineer (TE) East Allahabad||S.E. ETC-II Allahabad,"Rewa-Road,Prayagraj",211008.0,2.0,"4,50,000",Duaa Design,"329,535",Accepted-AOC,2019-12-28,UP Power Transmission Corp.Ltd (Operation)||Chief Engineer (TE) East Allahabad||S.E. ETC-II Allahabad
2019_UPTCL_368852_1,93-ETC-II(P)/ 2019-20,93-ETC-II(P)/ 2019-20,93-ETC-II(P)/ 2019-20,Works,Open Tender,Item Rate,Electrical Works,No,No,NA ,05-Aug-2019 09:00 AM,NA ,120.0,No ,No,Offline,27-Aug-2019 01:00 PM,UP Power Transmission Corp.Ltd (Operation)||Chief Engineer (TE) East Allahabad||S.E. ETC-II Allahabad,Manauri,212208.0,2.0,"2,00,000",S G AGENCIES,"153,940",Rejected-AOC,2019-12-19,UP Power Transmission Corp.Ltd (Operation)||Chief Engineer (TE) East Allahabad||S.E. ETC-II Allahabad
2019_UPTCL_373387_1,71-ETC-I(A)/2019-2020,71-ETC-I(A)/2019-2020,"Providing and fixing of Air Conditioner in the office of Superintending Engineer, Electy. Trans. Circle-I, Prayagraj",Works,Open Tender,Item Rate,Miscellaneous Works,No,No,NA ,17-Aug-2019 03:25 PM,NA ,60.0,No ,No,Offline,22-Aug-2019 04:30 PM,UP Power Transmission Corp.Ltd (Operation)||Chief Engineer (TE) East Allahabad||S.E. ETC- I Allahabad,Prayagraj,211002.0,2.0,"1,71,000",S G AGENCIES,"148,705",Rejected-AOC,2019-12-19,UP Power Transmission Corp.Ltd (Operation)||Chief Engineer (TE) East Allahabad||S.E. ETC- I Allahabad
2019_UPTCL_373487_1,100-ETC-II(P)/ 2019-20,100-ETC-II(P)/ 2019-20,"Grass cutting and uprooting of small trees at 132 KV S/S Naini Complex under Electy. Trans. Division-III, Prayagraj",Works,Open Tender,Item Rate,Electrical Works,No,No,NA ,19-Aug-2019 09:00 AM,NA ,120.0,No ,No,Offline,26-Aug-2019 01:00 PM,UP Power Transmission Corp.Ltd (Operation)||Chief Engineer (TE) East Allahabad||S.E. ETC-II Allahabad,Naini Complex,211008.0,2.0,"2,00,000",A K ENTERPRISES,"174,780",Accepted-AOC,2019-12-28,UP Power Transmission Corp.Ltd (Operation)||Chief Engineer (TE) East Allahabad||S.E. ETC-II Allahabad
2019_UPTCL_373493_1,102-ETC-II(P)/ 2019-20,102-ETC-II(P)/ 2019-20,"Construction of sand barrier at 132 KV S/S Shankergarh and 132 KV S/S Yamuna Pump Canal under Electy. Trans. Division-III, Prayagraj",Works,Open Tender,Item Rate,Electrical Works,No,No,NA ,19-Aug-2019 09:00 AM,NA ,120.0,No ,No,Offline,26-Aug-2019 01:00 PM,UP Power Transmission Corp.Ltd (Operation)||Chief Engineer (TE) East Allahabad||S.E. ETC-II Allahabad,YPC Prayagraj,211008.0,2.0,"1,50,000",A K ENTERPRISES,"125,450",Accepted-AOC,2019-12-21,UP Power Transmission Corp.Ltd (Operation)||Chief Engineer (TE) East Allahabad||S.E. ETC-II Allahabad
2019_UPTCL_376026_1,108-ETC-II(P)/ 2019-20,108-ETC-II(P)/ 2019-20,"Refixing of damaged fall ceiling on control room Kiosk 1st and providing fixing of decorative LED Light in control room at 132KV S/S Koraon, under Electy. Trans. Division-III, Prayagraj.",Works,Open Tender,Item Rate,Electrical Works,No,No,NA ,28-Aug-2019 09:00 AM,NA ,120.0,No ,No,Offline,09-Sep-2019 01:00 PM,UP Power Transmission Corp.Ltd (Operation)||Chief Engineer (TE) East Allahabad||S.E. ETC-II Allahabad,"Koraon,Prayagraj",212306.0,2.0,"2,00,000",M/S OM SHANTI ENTERPRISES,"185,090",Rejected-AOC,2019-12-21,UP Power Transmission Corp.Ltd (Operation)||Chief Engineer (TE) East Allahabad||S.E. ETC-II Allahabad
2019_UPTCL_376389_1,83-ETC-I(A)/ 2019-20,83-ETC-I(A)/ 2019-20,Strengthening the existing earthing system at 220 KV Substation Radhanagar under Electy. Trans. Division- Fatehpur,Works,Open Tender,Item Rate,Electrical Works,No,No,NA ,31-Aug-2019 09:00 AM,NA ,120.0,No ,No,Offline,17-Sep-2019 01:00 PM,UP Power Transmission Corp.Ltd (Operation)||Chief Engineer (TE) East Allahabad||S.E. ETC- I Allahabad,"Radhanger,fatehpur",212601.0,2.0,"18,20,000",Katyani Construction Co.,"1,475,225",Rejected-AOC,2019-12-23,UP Power Transmission Corp.Ltd (Operation)||Chief Engineer (TE) East Allahabad||S.E. ETC- I Allahabad
2019_UPTCL_377297_1,E-tender No. 53 ETC(GZP)/2019-20,Work,"PROVIDING INSTALLATION TESTING COMMISSIONIING OF FIRE HYDRANT SYSTEM AT 400 KV SUBSTATION KASARA, MAU UNDER ELECTY. 400 KV SUBSTAION DIVISION KASARA, MAU",Works,Open Tender,Item Rate,Electrical Works,No,No,NA ,04-Sep-2019 09:00 AM,NA ,180.0,No ,No,Offline,27-Sep-2019 03:00 PM,UP Power Transmission Corp.Ltd (Operation)||Chief Engineer (TE) East Allahabad||S.E. ETC Ghazipur,Kasara-Mau,275307.0,2.0,"47,28,000",Progressive Engineering.,"3,378,560",Rejected-Finance,2019-12-24,UP Power Transmission Corp.Ltd (Operation)||Chief Engineer (TE) East Allahabad||S.E. ETC Ghazipur
2019_UPTCL_382090_1,124-ETC-II(P)/ 2019-20,124-ETC-II(P)/ 2019-20,"Replacement of control/relay panel at 220 KV S/S Cantt, under Electy. Trans. Division-II, Prayagraj.",Works,Open Tender,Item Rate,Electrical Works,No,No,NA ,19-Sep-2019 09:00 AM,NA ,120.0,No ,No,Offline,26-Sep-2019 01:00 PM,UP Power Transmission Corp.Ltd (Operation)||Chief Engineer (TE) East Allahabad||S.E. ETC-II Allahabad,"Cantt,Prayagraj",211001.0,2.0,"1,50,000",M/S New Sharma Electricals,"101,100",Accepted-AOC,2019-12-31,UP Power Transmission Corp.Ltd (Operation)||Chief Engineer (TE) East Allahabad||S.E. ETC-II Allahabad
2019_UPTCL_388779_1,42 - CE (TSE)/2019-20,"Supply of MS Flat for various construction work at 400KV S/s Sarnath, Varanasi","Supply of MS Flat for various construction work at 400KV S/s Sarnath, Varanasi",Goods,Open Tender,Fixed-rate,Electrical Work/ Equipment,No,No,NA ,04-Oct-2019 02:30 PM,NA ,180.0,No ,No,Offline,10-Oct-2019 03:00 PM,UP Power Transmission Corp.Ltd (Operation)||Chief Engineer (TE) East Allahabad,PRAYAGRAJ,211002.0,2.0,,AGARWAL ASSOCIATES,"612,000",Accepted-AOC,2019-12-18,UP Power Transmission Corp.Ltd (Operation)||Chief Engineer (TE) East Allahabad
2019_UPTCL_401120_1,146-ETC-II(P)/ 2019-20,146-ETC-II(P)/ 2019-20,146-ETC-II(P)/ 2019-20,Works,Open Tender,Item Rate,Electrical Works,No,No,NA ,08-Nov-2019 09:00 PM,NA ,120.0,No ,No,Offline,16-Nov-2019 01:00 PM,UP Power Transmission Corp.Ltd (Operation)||Chief Engineer (TE) East Allahabad||S.E. ETC-II Allahabad,Shankergarh,212108.0,2.0,"1,50,000",AMAR ELECTRICAL,"149,517",Accepted-AOC,2019-12-28,UP Power Transmission Corp.Ltd (Operation)||Chief Engineer (TE) East Allahabad||S.E. ETC-II Allahabad
2019_UPTCL_403846_1,VST NO 53/ETC-II(K)/19-20,Work,Work,Works,Open Tender,Fixed-rate,Electrical Works,No,No,NA ,15-Nov-2019 03:00 PM,NA ,120.0,No ,No,Offline,22-Nov-2019 01:00 PM,"UP Power Transmission Corp.Ltd (Operation)||Chief Engineer (TSC) South Central Jhansi||SE ETC-II, Kanpur",Etawah,206002.0,2.0,,TAJ ENTERPRISES,"110,000",Not Admitted-Fee/PreQual/Technical,2019-12-06,"UP Power Transmission Corp.Ltd (Operation)||Chief Engineer (TSC) South Central Jhansi||SE ETC-II, Kanpur"
2019_UPTCL_403931_1,VST NO 59/ETC-II(K)/19-20,Work,Work,Works,Open Tender,Fixed-rate,Electrical Works,No,No,NA ,15-Nov-2019 03:00 PM,NA ,120.0,No ,No,Offline,22-Nov-2019 02:00 PM,"UP Power Transmission Corp.Ltd (Operation)||Chief Engineer (TSC) South Central Jhansi||SE ETC-II, Kanpur",Kanpur,208006.0,2.0,"1,52,200",TAJ ENTERPRISES,"104,500",Rejected-AOC,2019-12-06,"UP Power Transmission Corp.Ltd (Operation)||Chief Engineer (TSC) South Central Jhansi||SE ETC-II, Kanpur"
2019_UPTCL_404150_1,ST E-Tender No 65/ETC-II/19-20,Work,Work,Works,Open Tender,Fixed-rate,Electrical Works,No,No,NA ,16-Nov-2019 12:00 PM,NA ,120.0,No ,No,Offline,03-Dec-2019 01:00 PM,"UP Power Transmission Corp.Ltd (Operation)||Chief Engineer (TSC) South Central Jhansi||SE ETC-II, Kanpur",Kanpur,206002.0,2.0,,Indra Enterprises,"148,800",Accepted-AOC,2019-12-06,"UP Power Transmission Corp.Ltd (Operation)||Chief Engineer (TSC) South Central Jhansi||SE ETC-II, Kanpur"
2019_UPTCL_404155_1,ST E-Tender No 66/ETC-II/2019-20,Work,Work,Works,Open Tender,Fixed-rate,Electrical Works,No,No,NA ,16-Nov-2019 12:00 PM,NA ,120.0,No ,No,Offline,03-Dec-2019 01:00 PM,"UP Power Transmission Corp.Ltd (Operation)||Chief Engineer (TSC) South Central Jhansi||SE ETC-II, Kanpur",Etawah,206002.0,2.0,,TRANS ENGINEEERING WORKS,"177,350",Rejected-AOC,2019-12-06,"UP Power Transmission Corp.Ltd (Operation)||Chief Engineer (TSC) South Central Jhansi||SE ETC-II, Kanpur"
2019_UPTCL_404162_1,ST E-Tender No 67/ETC-II/2019-20,Work,Work,Works,Open Tender,Fixed-rate,Electrical Works,No,No,NA ,16-Nov-2019 12:00 PM,NA ,120.0,No ,No,Offline,03-Dec-2019 01:00 PM,"UP Power Transmission Corp.Ltd (Operation)||Chief Engineer (TSC) South Central Jhansi||SE ETC-II, Kanpur",Etawah,206002.0,2.0,,Indra Enterprises,"149,060",Accepted-AOC,2019-12-06,"UP Power Transmission Corp.Ltd (Operation)||Chief Engineer (TSC) South Central Jhansi||SE ETC-II, Kanpur"
2019_UPTCL_412223_1,167-ETC-II(P)/ 2019-2020,167-ETC-II(P)/ 2019-2020,167-ETC-II(P)/ 2019-2020,Works,Open Tender,Item Rate,Electrical Works,No,No,NA ,11-Dec-2025 05:25 PM,NA ,120.0,No ,No,Offline,17-Dec-2019 01:00 PM,UP Power Transmission Corp.Ltd (Operation)||Chief Engineer (TE) East Allahabad||S.E. ETC-II Allahabad,Teliarganj Mainto Park,211005.0,2.0,"2,00,000",M/S Maa Enterprises,"176,000",Rejected-AOC,2019-12-31,UP Power Transmission Corp.Ltd (Operation)||Chief Engineer (TE) East Allahabad||S.E. ETC-II Allahabad
2018_RVUNL_272545_1,PRAGATI/1/2018-19,Implementation of Integrated Modular Software Solution at UPRVUNL,Implementation of Integrated Modular Software Solution at UPRVUNL Including Selection of System Integrator for Related Supply and Services at Uttar Pradesh Rajya Vidyut Utpadan Nigam Limited,Services,Open Tender,Item Rate,Information Technology,No,No,NA ,13-Nov-2018 03:15 PM,30-Nov-2018 11:00 AM ,180.0,No ,No,Offline,30-Mar-2019 03:30 PM,"UP Rajya Vidyut Utpadan Nigam Ltd||UP Rajya Vidyut Utpadan Nigam Ltd,HQ",Lucknow,226010.0,2.0,"1,00,00,00,000",Larsen and Toubro Infotech Limited,"1,220,000,000",Accepted-AOC,2019-12-27,"UP Rajya Vidyut Utpadan Nigam Ltd||UP Rajya Vidyut Utpadan Nigam Ltd,HQ"
2019_CEJNS_386113_1,1067/12A/CD Dated 27.09.2019,Renewel work with ordinary repair of singepur ka mazra mogyana link road,Renewel work with ordinary repair of singepur ka mazra mogyana link road,Works,Open Tender,Fixed-rate,Civil Works - Roads,No,No,NA ,30-Sep-2019 12:00 PM,05-Oct-2019 12:00 PM ,90.0,No ,No,Online,11-Oct-2019 12:30 PM,Chief Engineer Jhansi Zone PWD Jhansi UP||JHANSI CIRLCE PWD JHANSI||Construction Division PWD Lalitpur,LALITPUR,284403.0,2.0,"7,00,000",M/S VANMALI TYHEKEDAR,"651,695",Accepted-AOC,2019-12-14,Chief Engineer Jhansi Zone PWD Jhansi UP||JHANSI CIRLCE PWD JHANSI||Construction Division PWD Lalitpur
2019_CEMRT_368330_1,3632/25 MS-S/18-19 Date 12-06-2019,Widening and Strengthning work at Meerut Karnal Raod (Titolli Pulia) to Panipat Khatima Link Road via Bamnauli Kaserva in Distt. Shamli in F.Y. 2018-19,Widening and Strengthning work at Meerut Karnal Raod (Titolli Pulia) to Panipat Khatima Link Road via Bamnauli Kaserva in Distt. Shamli in F.Y. 2018-19,Works,Open Tender,Fixed-rate,Civil Works,No,No,NA ,29-Jul-2019 05:30 PM,NA ,90.0,No ,No,Both(Online/Offline),07-Aug-2019 12:30 PM,Cheif Engineer Meerut Zone PWD Meerut||SE SAHARANPUR CIRCLE PWD SAHARANPUR,shamli,247776.0,2.0,"2,40,00,000",M/S CHAUDHARY ASSOCIATES,"23,880,560",Rejected-Finance,2019-12-30,Cheif Engineer Meerut Zone PWD Meerut||SE SAHARANPUR CIRCLE PWD SAHARANPUR
2019_CEUCZ_398120_1,3316/E-tender/19-20 dt. 24-10-2019,Installation of PVC Shed over Connecting path between civil court and High court,Installation of PVC Shed over Connecting path between civil court and High court,Works,Open Tender,Percentage,Civil Works - Roads,No,No,NA ,01-Nov-2019 09:00 AM,NA ,90.0,No ,No,Online,07-Nov-2019 12:30 PM,"Chief Engineer PWD Central Zone,Lucknow||S.E. UPPWD Lucknow||Construction Division-1, Lucknow",LUCKNOW,226001.0,2.0,"5,80,000",SATYA ASSOCIATES,"444,259.44",Rejected-Finance,2019-12-31,"Chief Engineer PWD Central Zone,Lucknow||S.E. UPPWD Lucknow||Construction Division-1, Lucknow"
2019_CEUCZ_407733_1,1675/8 Lekha/2019 Dt. 20-11-2019,"Cartage of Bulk Bitumen from I.O.C. Mathura, Refinery to Central Store of C.D.-1, P.W.D., Raebareli","Cartage of Bulk Bitumen from I.O.C. Mathura, Refinery to Central Store of C.D.-1, P.W.D., Raebareli",Works,Open Tender,Fixed-rate,Civil Works,No,No,NA ,27-Nov-2019 09:00 AM,27-Nov-2019 12:00 PM ,90.0,No ,No,Online,02-Dec-2019 12:30 PM,"Chief Engineer PWD Central Zone,Lucknow||S.E. UPPWD Lucknow||Provincial Division, Raebarelli",RAEBARELI,229001.0,2.0,"35,65,000",Brijwasi Transport Company,"2,861,831.78",Accepted-AOC,2019-12-03,"Chief Engineer PWD Central Zone,Lucknow||S.E. UPPWD Lucknow||Provincial Division, Raebarelli"
2019_DOLBU_391283_1,02/E-T/2019-20,WORK,INSTALLAION OF STREET LIGHT POLE FROM PATHSHALA TO NALA,Works,Open Tender,Percentage,Electrical Works,No,No,NA ,14-Oct-2019 09:00 AM,NA ,90.0,No ,No,Offline,22-Oct-2019 11:00 AM,Directorate of Local Bodies UP||Nagar Palika Parishad Khekra Baghpat,KHEKRA BAGHPAT,250101.0,2.0,,ARASHAD,"3,325,977",Accepted-AOC,2019-12-04,Directorate of Local Bodies UP||Nagar Palika Parishad Khekra Baghpat
2019_DOLBU_391541_2,03/E-T/2019-20,WORK,INSTALLATION OF HIGH MAST LIGHT,Works,Open Tender,Percentage,Electrical Works,No,No,NA ,04-Nov-2019 09:00 AM,NA ,90.0,No ,No,Offline,13-Nov-2019 11:00 AM,Directorate of Local Bodies UP||Nagar Palika Parishad Khekra Baghpat,KHEKRA,250101.0,2.0,,A.N. CONTRACTOR AND SUPPLIER,"868,598",Accepted-AOC,2019-12-09,Directorate of Local Bodies UP||Nagar Palika Parishad Khekra Baghpat
2019_DOLBU_399120_3,06/ET/2019-20(01),work,Work for Improvement of Road and Repair of Nali from Police Chowki to Farakpur Mod via Anwar shop and Madarse road with a Mastic Asphalt Road in Ward No.14,Works,Open Tender,Percentage,Civil Works,No,No,NA ,02-Dec-2019 11:00 AM,NA ,90.0,No ,No,Offline,10-Dec-2019 11:00 AM,Directorate of Local Bodies UP||Nagar Palika Parishad Khekra Baghpat,khekra,250101.0,2.0,,M/S B S CONTRACTOR,"6,366,543",Not Admitted-Fee/PreQual/Technical,2019-12-31,Directorate of Local Bodies UP||Nagar Palika Parishad Khekra Baghpat
2019_DOLBU_399122_2,06/ET/2019-20(02),WORK,"Work for Improvement of C.C. Road from Tanga Stand, Nehru Nagar to Puliya in Padav in Ward No.25",Works,Open Tender,Percentage,Civil Works,No,No,NA ,22-Nov-2019 09:00 AM,NA ,90.0,No ,No,Offline,30-Nov-2019 11:00 AM,Directorate of Local Bodies UP||Nagar Palika Parishad Khekra Baghpat,KHEKRA,250101.0,2.0,,M/S M.K. CONSTRUCTION COMPANY,"3,560,053",Rejected-AOC,2019-12-09,Directorate of Local Bodies UP||Nagar Palika Parishad Khekra Baghpat
2019_DOLBU_399123_2,06/ET/2019-20(03),work,Work for Improvement of Road via Interlocking tiles and Deep Nali from Police Chowki to Syndicate bank in Ward No. 14,Works,Open Tender,Percentage,Civil Works,No,No,NA ,22-Nov-2019 09:00 AM,NA ,90.0,No ,No,Offline,30-Nov-2019 11:00 AM,Directorate of Local Bodies UP||Nagar Palika Parishad Khekra Baghpat,khekra,250101.0,2.0,,MONARK BUILDERS,"4,996,707",Accepted-AOC,2019-12-09,Directorate of Local Bodies UP||Nagar Palika Parishad Khekra Baghpat
2019_DOLBU_399124_1,06/ET/2019-20(04),WORK,"Beautification work of Small park in Tehsil, Khekra, Baghpat",Works,Open Tender,Percentage,Civil Works,No,No,NA ,04-Nov-2019 09:00 AM,NA ,90.0,No ,No,Offline,18-Nov-2019 11:00 AM,Directorate of Local Bodies UP||Nagar Palika Parishad Khekra Baghpat,KHEKRA,250101.0,2.0,,M/s ISHI CONTRACTOR,"812,923",Rejected-AOC,2019-12-04,Directorate of Local Bodies UP||Nagar Palika Parishad Khekra Baghpat
2019_DOLBU_399125_1,06/ET/2019-20(05),WORK,"Beautification work of Big Park in Tehsil, Khekra, Baghpat",Works,Open Tender,Percentage,Civil Works,No,No,NA ,04-Nov-2019 09:00 AM,NA ,90.0,No ,No,Offline,18-Nov-2019 11:00 AM,Directorate of Local Bodies UP||Nagar Palika Parishad Khekra Baghpat,KHEKRA,250101.0,2.0,,M/S AWAN ENTERPRISES,"942,316",Accepted-AOC,2019-12-04,Directorate of Local Bodies UP||Nagar Palika Parishad Khekra Baghpat
2019_DOLBU_399126_1,06/ET/2019-20(06),work,TAHSIL KHEKRA KE PICHHE KASHIRAM KALONI KE PAS NAV NIRMIT PRATHMIK VIDYALAY KA PAHUNCH MARG,Works,Open Tender,Percentage,Civil Works,No,No,NA ,04-Nov-2019 09:00 AM,NA ,90.0,No ,No,Offline,18-Nov-2019 11:00 AM,Directorate of Local Bodies UP||Nagar Palika Parishad Khekra Baghpat,KHEKRA,250101.0,2.0,,M/S B S CONTRACTOR,"1,475,491",Rejected-AOC,2019-12-04,Directorate of Local Bodies UP||Nagar Palika Parishad Khekra Baghpat
2019_DOLBU_399127_1,06/ET/2019-20(07),WORK,WARD 07 ME ALIMU KE PLOT SE ISHAK KE MAKAAN V NIJAM KE MAKAN SE YASIN KE MAKAN TAK LEVEL UTHA KR RAUBBER MOLDING INTERLOCKING TILES SADAK V NALI NIRMAN KARY,Works,Open Tender,Percentage,Civil Works,No,No,NA ,04-Nov-2019 09:00 AM,NA ,90.0,No ,No,Offline,18-Nov-2019 11:00 AM,Directorate of Local Bodies UP||Nagar Palika Parishad Khekra Baghpat,KHEKRA,250101.0,2.0,"10,32,052",M/S B S CONTRACTOR,"1,031,020",Rejected-AOC,2019-12-04,Directorate of Local Bodies UP||Nagar Palika Parishad Khekra Baghpat
2019_DOLBU_399129_1,06/ET/2019-20(08),work,ward 22 me kalu ke makan se vidyanand ke makan tak level utha kr interlocking tile sadak v nali,Works,Open Tender,Percentage,Civil Works,No,No,NA ,04-Nov-2019 09:00 AM,NA ,90.0,No ,No,Offline,18-Nov-2019 11:00 AM,Directorate of Local Bodies UP||Nagar Palika Parishad Khekra Baghpat,khekra,250101.0,2.0,,M/S AWAN ENTERPRISES,"589,871",Accepted-AOC,2019-12-04,Directorate of Local Bodies UP||Nagar Palika Parishad Khekra Baghpat
2019_DOLBU_399130_1,06/ET/2019-20(09),WORK,WARD 07 ME SUDHEER SHARMA KE MAKAAN SE BASI NALE TAK NALA NIRMAN,Works,Open Tender,Percentage,Civil Works,No,No,NA ,04-Nov-2019 09:00 AM,NA ,90.0,No ,No,Offline,18-Nov-2019 11:00 AM,Directorate of Local Bodies UP||Nagar Palika Parishad Khekra Baghpat,KHEKRA,250101.0,2.0,,M/S B S CONTRACTOR,"1,243,537",Rejected-AOC,2019-12-04,Directorate of Local Bodies UP||Nagar Palika Parishad Khekra Baghpat
2019_DOLBU_399131_1,06/ET/2019-20(10),WORK,WARD 11 JHAHARVEER BABA KE MANDIR SE BASSI NALE TAK NALA NIRMAN KARY,Works,Open Tender,Percentage,Civil Works,No,No,NA ,04-Nov-2019 09:00 AM,NA ,90.0,No ,No,Offline,18-Nov-2019 11:00 AM,Directorate of Local Bodies UP||Nagar Palika Parishad Khekra Baghpat,KHEKRA,250101.0,2.0,,M/S B S CONTRACTOR,"1,548,315",Rejected-AOC,2019-12-04,Directorate of Local Bodies UP||Nagar Palika Parishad Khekra Baghpat
2019_DOLBU_403390_1,07/ET/2019-20(01),work,Improvement of road with interlocking tiles from Laxman House Via Manju Plot to JAYPAL Plot in Ward No 7,Works,Open Tender,Percentage,Civil Works,No,No,NA ,18-Nov-2019 11:00 AM,NA ,90.0,No ,No,Offline,25-Nov-2019 12:30 PM,Directorate of Local Bodies UP||Nagar Palika Parishad Khekra Baghpat,khekra,250101.0,3.0,,M/S M.K. CONSTRUCTION COMPANY,"1,519,501",Rejected-AOC,2019-12-09,Directorate of Local Bodies UP||Nagar Palika Parishad Khekra Baghpat
2019_DOLBU_404639_1,07/ET/2019-20(02),work,Improvement of road and nali with interlocking tiles on one side from Mubarik Crossing to Syndicate Bank in Ward No 14,Works,Open Tender,Percentage,Civil Works,No,No,NA ,18-Nov-2019 11:00 AM,NA ,90.0,No ,No,Offline,25-Nov-2019 12:30 PM,Directorate of Local Bodies UP||Nagar Palika Parishad Khekra Baghpat,khekra,250101.0,3.0,,MONARK BUILDERS,"5,444,649",Accepted-AOC,2019-12-09,Directorate of Local Bodies UP||Nagar Palika Parishad Khekra Baghpat
2019_DOLBU_404644_1,07/ET/2019-20(03),work,"Repair of Nali and PuliyaS in whole Jurisdictional area of Nagar Palika Parishad, Khekra",Works,Open Tender,Percentage,Civil Works,No,No,NA ,18-Nov-2019 11:00 AM,NA ,90.0,No ,No,Offline,25-Nov-2019 12:30 PM,Directorate of Local Bodies UP||Nagar Palika Parishad Khekra Baghpat,khekra,250101.0,3.0,,M/S B S CONTRACTOR,"2,478,267",Accepted-AOC,2019-12-09,Directorate of Local Bodies UP||Nagar Palika Parishad Khekra Baghpat
2019_DOLBU_404653_1,07/ET/2019-20(04),work,Contruction of Road with Interlocking Tiles from Surendar House to Shishpal Khataria House in Ward No 7,Works,Open Tender,Percentage,Civil Works,No,No,NA ,18-Nov-2019 11:00 AM,NA ,90.0,No ,No,Offline,25-Nov-2019 12:30 PM,Directorate of Local Bodies UP||Nagar Palika Parishad Khekra Baghpat,khekra,250101.0,3.0,,M/s ISHI CONTRACTOR,"761,873",Rejected-AOC,2019-12-09,Directorate of Local Bodies UP||Nagar Palika Parishad Khekra Baghpat
2019_DVVNL_369964_1,EDCH-51/2019-20,Providing Jeep,Providing Jeep,Works,Open Tender,Item Rate,Electrical Works,No,No,NA ,04-Aug-2019 09:00 AM,NA ,30.0,No ,No,Offline,21-Aug-2019 03:00 PM,Dakshinanchal Vidyut Vitran Nigam Ltd.,SE EDC Hathras,204101.0,2.0,"5,00,000",Shanidev Tour and Travels,"377,820",Rejected-AOC,2019-12-31,Dakshinanchal Vidyut Vitran Nigam Ltd.
2019_MVVNL_383896_1,T-73/EUDCB/2019-20,T-73/EUDCB/2019-20,"For the work of Electrification of M/s Dhurav Enclave Prop. Shri Anil Lumar Agarwal S/o Late Sharvan Kumar Agrawal at Surkha Chawani Chungi , bareilly for Load 340 KVA/LMV-I under Deposited fund -2019-20 under EUDD-II, Bareilly",Works,Open Tender,Item Rate,Electrical Works,No,No,NA ,21-Sep-2019 04:00 PM,NA ,120.0,No ,No,Offline,26-Sep-2019 04:30 PM,Madhyanchal Vidyut Vitran Nigam Ltd||C E - BAREILLY ZONE||S E - Bareilly (Urban),EE EUDD-II BAREILLY,243001.0,3.0,"4,15,000",joshi electricals,"344,200",Rejected-AOC,2019-12-10,Madhyanchal Vidyut Vitran Nigam Ltd||C E - BAREILLY ZONE||S E - Bareilly (Urban)
2019_PWDBL_405700_1,2706/Tender Notice/2019-20 Dt 07/11/2019,"Waterproofing of the Roof of Vidhan Sabha at Mukhya Bhawan, Vidhan Bhawan U.P.(Above Room No. 29 To 43 Top Side)","Waterproofing of the Roof of Vidhan Sabha at Mukhya Bhawan, Vidhan Bhawan U.P.(Above Room No. 29 To 43 Top Side)",Works,Open Tender,Percentage,Civil Works - Buildings,No,No,NA ,21-Nov-2019 12:00 PM,02-Dec-2019 12:00 PM ,90.0,No ,No,Online,10-Dec-2019 12:30 PM,Chief Engineer (Building)||S E 39 Circle PWD Lucknow||Maintenance Division 1 (Civil) PWD Lucknow,Lucknow,226001.0,2.0,"26,36,000",Artwalk Buildcon Pvt. Ltd.,"2,609,326",Accepted-AOC,2019-12-26,Chief Engineer (Building)||S E 39 Circle PWD Lucknow||Maintenance Division 1 (Civil) PWD Lucknow
2019_REDUP_398090_1,1397/RED/TENDER/2019-20 Dt. 19.10.2019,Construction of CC Tiles and Drain from Rajo devi house to verma ji house and from lakhmi chand house towards maya devi house in Moh. Poonam Vihar Ward no 1,Construction of CC Tiles and Drain from Rajo devi house to verma ji house and from lakhmi chand house towards maya devi house in Moh. Poonam Vihar Ward no 1,Works,Open Tender,Percentage,Civil Works,No,No,NA ,31-Oct-2019 06:45 PM,02-Nov-2019 12:30 PM ,90.0,No ,No,Online,06-Nov-2019 12:30 PM,Director Cum Chief Engineer RED||CHIEF ENGINEER WEST||SE MORADABAD CIRCLE||EE MORADABAD,Moradabad,244001.0,2.0,"11,31,000",MAHESH CONSTRUCTIONS,"1,007,101.1",Rejected-Finance,2019-12-05,Director Cum Chief Engineer RED||CHIEF ENGINEER WEST||SE MORADABAD CIRCLE||EE MORADABAD
2019_REDUP_398090_2,1397/RED/TENDER/2019-20 Dt. 19.10.2019,Construction of CC Tiles road and Drain from Vipin gupta house to ramesh bhatnagar house to Pawan saini house in Ward no 23,Construction of CC Tiles road and Drain from Vipin gupta house to ramesh bhatnagar house to Pawan saini house in Ward no 23,Works,Open Tender,Percentage,Civil Works,No,No,NA ,31-Oct-2019 06:45 PM,02-Nov-2019 12:30 PM ,90.0,No ,No,Online,06-Nov-2019 12:30 PM,Director Cum Chief Engineer RED||CHIEF ENGINEER WEST||SE MORADABAD CIRCLE||EE MORADABAD,Moradabad,244001.0,2.0,"12,09,000",MAHESH CONSTRUCTIONS,"1,076,981.21",Rejected-Finance,2019-12-05,Director Cum Chief Engineer RED||CHIEF ENGINEER WEST||SE MORADABAD CIRCLE||EE MORADABAD
2019_REDUP_412009_2,"806/RED/E-Tender/MLAY/2019-20, dt. 11.12.2019",Construction of Interlocking at the house of Sri Ram Kumar Verma Ex. Pradhan Itha Block Shivpur,Construction of Interlocking at the house of Sri Ram Kumar Verma Ex. Pradhan Itha Block Shivpur,Works,Open Tender,Fixed-rate,Civil Works,No,No,NA ,11-Dec-2019 12:00 PM,12-Dec-2019 12:30 PM ,90.0,No ,No,Online,16-Dec-2019 12:30 PM,Director Cum Chief Engineer RED||CHIEF ENGINEER EAST||SE DEVIPATAN CIRCLE||EE BAHRAICH,Bahraich,271801.0,2.0,"15,96,308",M/s Ram Phal Verma,"1,594,551.83",Rejected-Finance,2019-12-31,Director Cum Chief Engineer RED||CHIEF ENGINEER EAST||SE DEVIPATAN CIRCLE||EE BAHRAICH
2019_REDUP_412009_3,"806/RED/E-Tender/MLAY/2019-20, dt. 11.12.2019",Construction of Brick Solling from Rajwapur Road to house of Mukhlal Verma newly constructed house at Nanpara Mihinpurwa Road,Construction of Brick Solling from Rajwapur Road to house of Mukhlal Verma newly constructed house at Nanpara Mihinpurwa Road,Works,Open Tender,Fixed-rate,Civil Works,No,No,NA ,11-Dec-2019 12:00 PM,12-Dec-2019 12:30 PM ,90.0,No ,No,Online,16-Dec-2019 12:30 PM,Director Cum Chief Engineer RED||CHIEF ENGINEER EAST||SE DEVIPATAN CIRCLE||EE BAHRAICH,Bahraich,271801.0,2.0,"11,08,166",M/s Ram Phal Verma,"1,106,647.41",Rejected-Finance,2019-12-31,Director Cum Chief Engineer RED||CHIEF ENGINEER EAST||SE DEVIPATAN CIRCLE||EE BAHRAICH
2019_RVUNL_370952_1,ET-15/OMC-IV/EMD-I/DTPS/19-20,"Overhauling of 6.6 kV Motors, HT/LT Transformers, IP/SP Bus-Ducts, 220kV Switchyard Bays and other Electrical Systems of Unit # 9, DTPS HTPP, Kasimpur, Aligarh","Overhauling of 6.6 kV Motors, HT/LT Transformers, IP/SP Bus-Ducts, 220kV Switchyard Bays and other Electrical Systems of Unit # 9, DTPS HTPP, Kasimpur, Aligarh",Works,Open Tender,Fixed-rate,Repair and Maintenance Works,No,No,NA ,08-Aug-2019 10:00 AM,NA ,120.0,No ,No,Offline,18-Sep-2019 04:00 PM,UP Rajya Vidyut Utpadan Nigam Ltd||Harduaganj Thermal Power Project- UPRVUNL- Aligarh,"Kasimpur, Aligarh",202127.0,2.0,"9,96,140",VISION ENGINEERING COMPANY,"1,155,531",Rejected-AOC,2019-12-18,UP Rajya Vidyut Utpadan Nigam Ltd||Harduaganj Thermal Power Project- UPRVUNL- Aligarh
2019_SCIDC_406100_1,598(1)/2019-20 date 20.11.2019,Installation of India Marka 2 Hand Pump Under Parliament Local Area Development Scheme,Installation of India Marka 2 Hand Pump Under Parliament Local Area Development Scheme,Works,Open Tender,Percentage,Civil Works - Others,No,No,NA ,21-Nov-2019 01:00 PM,NA ,90.0,No ,No,Offline,27-Nov-2019 03:00 PM,U.P. State Construction and Infrastructure Development Corporation Ltd.||Unit Kanpur,Kanpur Dehat,209111.0,2.0,"19,56,900",M/S KRISHNA TRADERS,"1,956,900",Rejected-Finance,2019-12-10,U.P. State Construction and Infrastructure Development Corporation Ltd.||Unit Kanpur
2019_SCIDC_407817_1,613(2)/2019-20 Date 26.11.2019,Installation of Solar Street Light 18 watt 80 No under Parliament Local Area Development Scheme Sansad Nidhi at Distt Auraiya,Installation of Solar Street Light 18 watt 80 No under Parliament Local Area Development Scheme Sansad Nidhi at Distt Auraiya,Works,Open Tender,Percentage,Electrical Works,No,No,NA ,26-Nov-2019 03:00 PM,NA ,90.0,No ,No,Offline,04-Dec-2019 03:00 PM,U.P. State Construction and Infrastructure Development Corporation Ltd.||Electrical Division Kanpur,Auraiya,206122.0,2.0,"19,83,600",M/S KRISHNA TRADERS,"1,983,600",Rejected-Finance,2019-12-16,U.P. State Construction and Infrastructure Development Corporation Ltd.||Electrical Division Kanpur
2019_SCIDC_407843_1,614(3)/2019-20 date 26.11.2019,Installation of Solar Street Light 18 watt 80 No under Parliament Local Area Development Scheme Sansad Nidhi at Distt Auraiya,Installation of Solar Street Light 18 watt 80 No under Parliament Local Area Development Scheme Sansad Nidhi at Distt Auraiya,Works,Open Tender,Percentage,Electrical Works,No,No,NA ,26-Nov-2019 04:00 PM,NA ,90.0,No ,No,Offline,04-Dec-2019 03:00 PM,U.P. State Construction and Infrastructure Development Corporation Ltd.||Electrical Division Kanpur,Auraiya,206122.0,2.0,"19,83,600",M/S KRISHNA TRADERS,"1,983,600",Rejected-Finance,2019-12-16,U.P. State Construction and Infrastructure Development Corporation Ltd.||Electrical Division Kanpur
2019_UPJNM_375643_1,377/Nivida/22,Desilting of 200 Cusec Settling Tank,"Dewatering, excavation, taking out of excavated silt from 2 Nos. settling basin at Muradnagar Campus and disposal b/w 6.00Km to 10.00Km distance along pipe line land or at directed places under Maintenance of 200 cusec Delhi Water Supply Scheme",Works,Open Tender,Fixed-rate,Civil Works,No,No,NA ,26-Aug-2019 05:00 PM,NA ,120.0,No ,No,Offline,11-Sep-2019 03:00 PM,"U P Jal Nigam (HQ), Lucknow||Chief Engineer (Ghaziabad)||SE, 18th Circle, Ghaziabad||EE, Delhi w-s Maintenance Unit, Ghaziabad","Muradnagar, Ghaziabad",201206.0,2.0,"1,50,93,000",M/S SATISH KUMAR CONTRACTOR,"9,131,265",Rejected-Finance,2019-12-04,"U P Jal Nigam (HQ), Lucknow||Chief Engineer (Ghaziabad)||SE, 18th Circle, Ghaziabad||EE, Delhi w-s Maintenance Unit, Ghaziabad"
2019_UPJNM_375655_1,376/Nivida/21,Desilting of 270 Cusec Settling Tank,"Dewatering, excavation, taking out of excavated silt from 2 Nos. settling basin at Muradnagar Campus and disposal b/w 6.00Km to 10.00Km distance along pipe line land or at directed places under Maintenance of 270 cusec Delhi Water Supply Scheme",Works,Open Tender,Fixed-rate,Civil Works,No,No,NA ,26-Aug-2019 05:00 PM,NA ,120.0,No ,No,Offline,11-Sep-2019 03:30 PM,"U P Jal Nigam (HQ), Lucknow||Chief Engineer (Ghaziabad)||SE, 18th Circle, Ghaziabad||EE, Delhi w-s Maintenance Unit, Ghaziabad","Muradnagar, Ghaziabad",201206.0,2.0,"2,26,92,000",SHARMA CONSTRUCTION CO.,"14,023,656",Rejected-Finance,2019-12-11,"U P Jal Nigam (HQ), Lucknow||Chief Engineer (Ghaziabad)||SE, 18th Circle, Ghaziabad||EE, Delhi w-s Maintenance Unit, Ghaziabad"
2019_UPJNM_376994_1,407/Nivida/28,horticulture works,Horticulture works in 270 cusec campus,Works,Open Tender,Fixed-rate,Civil Works,No,No,NA ,02-Sep-2019 05:00 PM,NA ,120.0,No ,No,Offline,17-Sep-2019 04:00 PM,"U P Jal Nigam (HQ), Lucknow||Chief Engineer (Ghaziabad)||SE, 18th Circle, Ghaziabad||EE, Delhi w-s Maintenance Unit, Ghaziabad","Muradnagar, Ghaziabad",201206.0,2.0,"66,00,898",M/S SATISH KUMAR CONTRACTOR,"14,023,656",Rejected-Finance,2019-12-11,"U P Jal Nigam (HQ), Lucknow||Chief Engineer (Ghaziabad)||SE, 18th Circle, Ghaziabad||EE, Delhi w-s Maintenance Unit, Ghaziabad"
2019_UPRNN_399456_1,90/e-Tender/RNN/Bhadohi Unit/19,Ground Clearance Work of Shree Kashi Vishwanath Corridor Varanasi,Ground Clearance Work of Shree Kashi Vishwanath Corridor Varanasi,Works,Open Tender,Item Rate,Civil Works - Buildings,No,No,NA ,04-Nov-2019 02:40 PM,NA ,90.0,No ,No,Offline,11-Nov-2019 03:00 PM,UP Rajkiya Nirman Nigam Ltd||G M - Allahabad Zone||Bhadohi Unit||Unit Incharge,Varanasi,221002.0,2.0,"38,50,000",sri sadguru enterprises,"3,088,500",Rejected-Finance,2019-12-14,UP Rajkiya Nirman Nigam Ltd||G M - Allahabad Zone||Bhadohi Unit||Unit Incharge
2019_UPRNN_409660_1,105/e-Tender/RNN/Bhadohi Unit/19,Supply of Marble and Kota Stone at District Collectorate Chandauli,Supply of Marble and Kota Stone at District Collectorate Chandauli,Goods,Open Tender,Item Rate,Supply of Materials,No,No,NA ,12-Jun-2025 09:25 PM,NA ,90.0,No ,No,Offline,09-Dec-2019 03:00 PM,UP Rajkiya Nirman Nigam Ltd||G M - Allahabad Zone||Bhadohi Unit||Unit Incharge,COLLECTORATE CHANDAULI,232102.0,2.0,"3,43,500",M/S. KASHI ENTERPRISES PRIVATE LIMITED,"342,800",Rejected-Finance,2019-12-27,UP Rajkiya Nirman Nigam Ltd||G M - Allahabad Zone||Bhadohi Unit||Unit Incharge
2019_UPTCL_324147_1,E-Tender No. 321-ETC(G)/2018-19,"WORK OF PROVIDING AND FIXING OF GLOW SIGN BOARD AND SINGLE LINE DIAGRAMAT 132KV S/S DEORIA AND SALEMPUR UNDER ETD, DEORIA","WORK OF PROVIDING AND FIXING OF GLOW SIGN BOARD AND SINGLE LINE DIAGRAMAT 132KV S/S DEORIA AND SALEMPUR UNDER ETD, DEORIA",Works,Open Tender,Item Rate,Miscellaneous Works,No,No,NA ,26-Feb-2019 06:00 PM,NA ,180.0,No ,No,Offline,29-Mar-2019 01:00 PM,"UP Power Transmission Corp.Ltd (Operation)||Chief Engineer (TNE) North-East Gorakhpur||SE, ETC, Gorakhpur||O.A.-I, ETC-, Gorakhpur",Gorakhpur,273008.0,2.0,"1,38,000",M/s Kritika Construction,"135,100",Accepted-AOC,2019-12-30,"UP Power Transmission Corp.Ltd (Operation)||Chief Engineer (TNE) North-East Gorakhpur||SE, ETC, Gorakhpur||O.A.-I, ETC-, Gorakhpur"
2019_UPTCL_392258_1,05-ETD-I(A)/ 2019-2020,05-ETD-I(A)/ 2019-2020,Various MR work at 132 KV SS Gyanpur PC under ETD-I Prayagraj,Works,Open Tender,Item Rate,Electrical Works,No,No,NA ,16-Oct-2019 09:00 AM,NA ,120.0,No ,No,Offline,30-Oct-2019 01:00 PM,UP Power Transmission Corp.Ltd (Operation)||Chief Engineer (TE) East Allahabad||S.E. ETC- I Allahabad||E.E. ETD-I Allahabad,Gyanpur,221304.0,2.0,"84,000",GANGOTRI CONSTRUCTION,"82,964",Accepted-AOC,2019-12-07,UP Power Transmission Corp.Ltd (Operation)||Chief Engineer (TE) East Allahabad||S.E. ETC- I Allahabad||E.E. ETD-I Allahabad
2019_DOLBU_410571_1,1437/NPPGARH/TENDER/2019-20 DATE 29-11-2019,Garhmukteshwar me mela road par khana gousala avam pashu shalter homes ka nirman karya,Garhmukteshwar me mela road par khana gousala avam pashu shalter homes ka nirman karya,Works,Open Tender,Percentage,Civil Works,No,No,NA ,07-Dec-2019 02:00 PM,NA ,90.0,No ,No,Offline,13-Dec-2019 02:00 PM,Directorate of Local Bodies UP||Nagar Palika Parishad Garhmukteswar Hapur,NPP GARH,245205.0,2.0,"92,79,660",M/s Raj Brothers and Suppliers Contractor,"9,274,092.71",Accepted-AOC,2019-12-31,Directorate of Local Bodies UP||Nagar Palika Parishad Garhmukteswar Hapur
2019_DVVNL_363224_1,36/SE/EDCB/2019-20,"Replacement work of damaged CT/PT combined unit in HT/industrial consumers and feeders under ETD, Banda","Replacement work of damaged CT/PT combined unit in HT/industrial consumers and feeders under ETD, Banda",Works,Open Tender,Item Rate,Electrical Works,No,No,NA ,07-Sep-2019 05:10 PM,10-Sep-2019 10:00 AM ,180.0,No ,No,Offline,13-Sep-2019 02:00 PM,Dakshinanchal Vidyut Vitran Nigam Ltd.,BANDA,210001.0,2.0,"2,00,000",M/s. RAGHAV ENTERPRISES,"175,000",Rejected-AOC,2019-12-05,Dakshinanchal Vidyut Vitran Nigam Ltd.
2019_DVVNL_363235_3,38/SE/EDCB/2019-20,"Regarding Jeep with Driver for EE (IT), Zonal Office, Banda","Regarding Jeep with Driver for EE (IT), Zonal Office, Banda",Services,Open Tender,Item Rate,Miscellaneous Services,No,No,NA ,07-Sep-2019 09:00 AM,10-Sep-2019 10:00 AM ,180.0,No ,No,Offline,13-Sep-2019 03:00 PM,Dakshinanchal Vidyut Vitran Nigam Ltd.,BANDA,210001.0,2.0,"1,76,000",ASHU ELECTRICAL ENTERPRISES,"169,600",Accepted-AOC,2019-12-05,Dakshinanchal Vidyut Vitran Nigam Ltd.
2019_PWDBL_385425_11,2231 / Tender Notice /2019 Dt. 18.09.2019,Supply of different materials in the residences of Diamond Dairy Colony,Supply of different materials in the residences of Diamond Dairy Colony,Works,Open Tender,Percentage,Civil Works - Buildings,No,No,NA ,05-Oct-2019 11:00 AM,10-Oct-2019 12:00 PM ,90.0,No ,No,Online,18-Oct-2019 12:30 PM,Chief Engineer (Building)||S E 39 Circle PWD Lucknow||Maintenance Division 1 (Civil) PWD Lucknow,Lucknow,226001.0,1.0,"2,02,000",AMAN CONSTRUCTION COMOPANY,"199,519",Accepted-AOC,2019-12-21,Chief Engineer (Building)||S E 39 Circle PWD Lucknow||Maintenance Division 1 (Civil) PWD Lucknow
2019_REDUP_395058_1,1142/EEREDAGRA/DT03-10-2019,Gram nagariya taj pur mai akbar k makan se atar singh k ghr tak cc construction work,Gram nagariya taj pur mai akbar k makan se atar singh k ghr tak cc construction work,Works,Open Tender,Percentage,Civil Works,No,No,NA ,25-Oct-2019 10:00 AM,NA ,90.0,No ,No,Online,02-Nov-2019 12:30 PM,Director Cum Chief Engineer RED||CHIEF ENGINEER WEST||SE AGRA CIRCLE||EE AGRA,AGRA,280002.0,2.0,"12,09,300",KAILA DEVI TRADERS,"1,292,852",Accepted-AOC,2019-12-12,Director Cum Chief Engineer RED||CHIEF ENGINEER WEST||SE AGRA CIRCLE||EE AGRA
2019_REDUP_401721_2,1216/EERED/DATE/16/10/2019,Agar ki pachimpuri colony mai panch vatika marg se bishamber jatav k makan hote hue jan sewa kendra tak cc,Agar ki pachimpuri colony mai panch vatika marg se bishamber jatav k makan hote hue jan sewa kendra tak cc,Works,Open Tender,Percentage,Civil Works,No,No,NA ,11-Nov-2019 10:00 AM,NA ,90.0,No ,No,Online,18-Nov-2019 12:30 PM,Director Cum Chief Engineer RED||CHIEF ENGINEER WEST||SE AGRA CIRCLE||EE AGRA,AGRA,280002.0,2.0,"23,00,000",Uttam Ventures,"2,271,248",Rejected-Finance,2019-12-12,Director Cum Chief Engineer RED||CHIEF ENGINEER WEST||SE AGRA CIRCLE||EE AGRA
2019_SCIDC_397565_1,128/E E/Tender/Ayo/80/Sul/2019- 20,Architectural Consultancy,Architectural Consultancy,Works,Open Tender,Item Rate,Architecture/Interior Design,No,No,NA ,04-Nov-2019 09:00 AM,07-Nov-2019 02:30 PM ,60.0,No ,No,Offline,15-Nov-2019 03:00 PM,U.P. State Construction and Infrastructure Development Corporation Ltd.||Unit Faizabad,kendriya Vidyalay Amethi,228001.0,2.0,1.0,Gharonda Group,0.93,Not Admitted-Fee/PreQual/Technical,2019-12-16,U.P. State Construction and Infrastructure Development Corporation Ltd.||Unit Faizabad
2019_SCIDC_404100_1,562/EE/AZH/2019-20 Dt.15.11.2019,Sansad Nidhi Block Palahni- Bageshwar Nagar Life Line C.C. Rode,Sansad Nidhi Block Palahni- Bageshwar Nagar Life Line Chouraha to Shri Rajbahadur Yadav House C.C. Road,Works,Open Tender,Percentage,Civil Works,No,No,NA ,16-Nov-2019 12:00 PM,NA ,90.0,No ,No,Offline,22-Nov-2019 03:00 PM,U.P. State Construction and Infrastructure Development Corporation Ltd.||Unit Azamgarh,Executive Engineer U.P.SCIDC Ltd. Azamgarh,276001.0,2.0,"21,78,765",SHRI DINESH SINGH,"2,178,546.62",Rejected-Finance,2019-12-02,U.P. State Construction and Infrastructure Development Corporation Ltd.||Unit Azamgarh
2019_SCIDC_404400_1,563/EE/Azh/2019-20 Dt.15.11.2019,Sansad Nidhi Block Mahrajganj- Ram Dulare House to Ram Sawrop Vishvakarma House Interlocking Road,Sansad Nidhi Block Mahrajganj- Ram Dulare House to Ram Sawrop Vishvakarma House Interlocking Road,Works,Open Tender,Percentage,Civil Works,No,No,NA ,16-Nov-2019 04:00 PM,NA ,90.0,No ,No,Offline,22-Nov-2019 03:30 PM,U.P. State Construction and Infrastructure Development Corporation Ltd.||Unit Azamgarh,Executive Engineer U.P. SCIDC Ltd. Azamgarh,276001.0,2.0,"16,93,105",BINU CONSTRUCTION,"1,690,057.41",Accepted-AOC,2019-12-03,U.P. State Construction and Infrastructure Development Corporation Ltd.||Unit Azamgarh
2019_SCIDC_406577_1,130/E E/E-Tender/ATS-Sultanpur/2019- 20,"A.T.S. Asaidapur, Gauriganj, Amethi.","Constuction of Balance Work at Guest House/Transit Hostel Principal Residence for A.T.S. Asaidapur, Gauriganj, Amethi.",Works,Open Tender,Percentage,Construction Works,No,No,NA ,22-Nov-2019 02:00 PM,25-Nov-2019 02:00 PM ,180.0,No ,No,Offline,28-Nov-2019 02:00 PM,U.P. State Construction and Infrastructure Development Corporation Ltd.||Unit Faizabad,"A.T.S. Asaidapur, Gauriganj, Amethi.",228001.0,2.0,"1,48,67,155",M/S OM PRAKSH TRIPATHI CONSTRUCTION,"14,822,554.48",Accepted-AOC,2019-12-09,U.P. State Construction and Infrastructure Development Corporation Ltd.||Unit Faizabad
2019_SCIDC_407393_1,132/E E/E- Tender/Ayodhya/2019- 20,Solar Street Light Work at Block Dhanpat ganj Sultanpur,Solar Street Light Work at Block Dhanpat ganj Sultanpur,Works,Open Tender,Percentage,Solar Street Lights,No,No,NA ,26-Nov-2019 09:00 AM,29-Nov-2019 02:00 PM ,60.0,No ,No,Offline,02-Dec-2019 02:00 PM,U.P. State Construction and Infrastructure Development Corporation Ltd.||Unit Faizabad,Block Dhanpat ganj Sultanpur,228001.0,2.0,"16,90,500",BANDANA TIWARI,"1,688,809.5",Rejected-Finance,2019-12-13,U.P. State Construction and Infrastructure Development Corporation Ltd.||Unit Faizabad
2019_SCIDC_407428_1,133/E E/E- Tender/Ayodhya/2019- 20,"Solar Street Light Work at Block dhanpat ganj, shahar, jaysinhgpur and Sultanpur","Solar Street Light Work at Block dhanpat ganj, shahar, jaysinhgpur and Sultanpur",Works,Open Tender,Percentage,Solar Street Lights,No,No,NA ,26-Nov-2019 09:00 AM,29-Nov-2019 02:00 PM ,60.0,No ,No,Offline,02-Dec-2019 02:00 PM,U.P. State Construction and Infrastructure Development Corporation Ltd.||Unit Faizabad,"dhanpat ganj, shahar, jaysinhgpur and Sultanpur",228001.0,2.0,"17,39,500",BANDANA TIWARI,"1,737,760.5",Rejected-Finance,2019-12-13,U.P. State Construction and Infrastructure Development Corporation Ltd.||Unit Faizabad
2019_SCIDC_407782_2,473(1)/2019-20 date 18.11.2019,Supply of Misc Material at Samekit Madhyamik Vidyalaya Chhibramau Kannauj,Supply of Misc Material at Samekit Madhyamik Vidyalaya Chhibramau Kannauj,Goods,Open Tender,Item Wise,Civil Construction Goods,No,No,NA ,30-Nov-2019 06:00 PM,NA ,90.0,No ,No,Offline,06-Dec-2019 02:00 PM,U.P. State Construction and Infrastructure Development Corporation Ltd.||Unit Kannauj,Samekit Vidyalaya,209625.0,2.0,0.0,S K AND S K BROTHERS,"2,928,090.5",Rejected-Finance,2019-12-09,U.P. State Construction and Infrastructure Development Corporation Ltd.||Unit Kannauj
2019_SCIDC_408813_1,025/EE /Maharajganj/2019-20,"Vidhan Mandal Chetra Vikas Nidhi Yojnantargat, Vikas Khand-Ghughli, gramsabha Barwa Chamainiya me shamshan ghat jaane waale marg ke minor 1X4.00 mtr. Span ki RCC Puliya Ka Nirmaan Karya.","Vidhan Mandal Chetra Vikas Nidhi Yojnantargat, Vikas Khand-Ghughli, gramsabha Barwa Chamainiya me shamshan ghat jaane waale marg ke minor 1X4.00 mtr. Span ki RCC Puliya Ka Nirmaan Karya.",Works,Open Tender,Percentage,Civil Works,No,No,NA ,29-Nov-2019 03:00 PM,30-Nov-2019 12:00 PM ,60.0,No ,No,Offline,04-Dec-2019 03:00 PM,U.P. State Construction and Infrastructure Development Corporation Ltd.||Unit Maharajganj,Work,273303.0,2.0,"11,52,540",M/S ASHWINI KUMAR PATEL THEKEDAR,"1,152,540",Accepted-AOC,2019-12-25,U.P. State Construction and Infrastructure Development Corporation Ltd.||Unit Maharajganj
2019_SCIDC_409601_1,026/EE /Maharajganj/2019-20,"Vidhan Mandal Chetra Vikas Nidhi Yojnantargat, Vikas Khand-Mithaura, Grampanchayat-Basantpur Raja me Jaihind Pathak ke khet ke paas minor par 1X4.00 mtr. Span ki RCC Puliya Ka Nirmaan Karya.","Vidhan Mandal Chetra Vikas Nidhi Yojnantargat, Vikas Khand-Mithaura, Grampanchayat-Basantpur Raja me Jaihind Pathak ke khet ke paas minor par 1X4.00 mtr. Span ki RCC Puliya Ka Nirmaan Karya.",Works,Open Tender,Percentage,Civil Works,No,No,NA ,02-Dec-2019 01:30 PM,03-Dec-2019 12:00 PM ,60.0,No ,No,Offline,07-Dec-2019 02:00 PM,U.P. State Construction and Infrastructure Development Corporation Ltd.||Unit Maharajganj,Work,273303.0,2.0,"11,57,500",M/S RAMESH CHANDRA PATEL,"1,157,996.37",Rejected-Finance,2019-12-15,U.P. State Construction and Infrastructure Development Corporation Ltd.||Unit Maharajganj
2019_SCIDC_409613_2,028/EE /Maharajganj/2019-20,"Vidhan Mandal Chetra Vikas Nidhi Yojnantargat, Vikas Khand-Partawal, Gramsabha-Pipra Khadar Tola Khapardhika ke drain par 1X4.00 mtr. Span ki RCC Puliya Ka Nirmaan Karya.","Vidhan Mandal Chetra Vikas Nidhi Yojnantargat, Vikas Khand-Partawal, Gramsabha-Pipra Khadar Tola Khapardhika ke drain par 1X4.00 mtr. Span ki RCC Puliya Ka Nirmaan Karya.",Works,Open Tender,Percentage,Civil Works,No,No,NA ,13-Dec-2019 06:00 PM,14-Dec-2019 12:00 PM ,60.0,No ,No,Offline,18-Dec-2019 06:00 PM,U.P. State Construction and Infrastructure Development Corporation Ltd.||Unit Maharajganj,Work,273303.0,2.0,"11,36,002",M/S ASHWINI KUMAR PATEL THEKEDAR,"1,136,002.12",Accepted-AOC,2019-12-29,U.P. State Construction and Infrastructure Development Corporation Ltd.||Unit Maharajganj
2019_SCIDC_410604_1,"611/E.E./Azh/2019-20 Dt, 4.12.2019",Supply of Building Material Site C.H.C. Sahatwar in distt- Ballia,"Supply of Building Material (Cement, Bricks, Corse Send, Stone Grit, Tor Steel, Stone Ballast)",Goods,Open Tender,Item Rate,Supply of Materials,No,No,NA ,06-Dec-2019 10:00 AM,NA ,90.0,No ,No,Offline,14-Dec-2019 03:30 PM,U.P. State Construction and Infrastructure Development Corporation Ltd.||Unit Azamgarh,Executive Engineer UPSCIDC Ltd. Azamgarh,276001.0,2.0,"9,74,015",SAROJ COUNSTRUCTION AND SUPPLIERS,"1,198,825",Not Admitted-Fee/PreQual/Technical,2019-12-26,U.P. State Construction and Infrastructure Development Corporation Ltd.||Unit Azamgarh
2019_SCIDC_410736_1,612/E.E./Azh/2019-2020 Dt. 04.12.2019,Supply of Building Material at Site A.T.S Husainabad in Dist.Ballia,"Supply of Building Material (Kota Stone, Veterfidetile and white Glazed Tile)",Goods,Open Tender,Item Rate,Supply of Materials,No,No,NA ,06-Dec-2019 09:00 AM,NA ,90.0,No ,No,Offline,14-Dec-2019 03:00 PM,U.P. State Construction and Infrastructure Development Corporation Ltd.||Unit Azamgarh,Executive Enginer UPSCIDC Lit. Azamgarh,276001.0,2.0,"23,48,650",RAM JANM SINGH,"2,346,682.5",Not Admitted-Fee/PreQual/Technical,2019-12-26,U.P. State Construction and Infrastructure Development Corporation Ltd.||Unit Azamgarh
2019_SCIDC_410789_1,"615/E.E./Azh/2019-20, Dt. 05.12.2019",Supply of Building Material at Site A.T.S. husainabad in District Ballia,"Supply of Building Material (cement, Corse Sand, Stone Grit, Tor Steel)",Goods,Open Tender,Item Rate,Supply of Materials,No,No,NA ,06-Dec-2019 09:00 AM,NA ,90.0,No ,No,Offline,14-Dec-2019 03:10 PM,U.P. State Construction and Infrastructure Development Corporation Ltd.||Unit Azamgarh,Executive engineer UPSCIDC Ltd. Azamgarh,276001.0,2.0,"17,59,200",RAM JANM SINGH,"2,394,250",Not Admitted-Fee/PreQual/Technical,2019-12-26,U.P. State Construction and Infrastructure Development Corporation Ltd.||Unit Azamgarh
2019_SCIDC_411450_1,"621/E.E./Azh/e-Tender/2019-20, Dt. 07.12.2019",Electrical Work of C.H.C. Main Building SAHATWAR in Distt-Ballia,Electrical Estimate of C.H.C. Main Building SAHATWAR in Distt-Ballia,Works,Open Tender,Percentage,Electrical Works,No,No,NA ,07-Dec-2019 04:00 PM,NA ,90.0,No ,No,Offline,17-Dec-2019 03:30 PM,U.P. State Construction and Infrastructure Development Corporation Ltd.||Unit Azamgarh,Exective engineer UPSCIDCO Ltd. Azamgarh,276001.0,2.0,"1,53,720",SAROJ COUNSTRUCTION AND SUPPLIERS,"153,720",Accepted-AOC,2019-12-26,U.P. State Construction and Infrastructure Development Corporation Ltd.||Unit Azamgarh
2019_SCIDC_415552_1,135A/E E/ E Tender/H- Bhiti/2019-20,CONSTRUCTION BALANCE WORK OF GIRLS HOSTEL BHITI AMBEDKAR NAGAR,CONSTRUCTION BALANCE WORK OF GIRLS HOSTEL BHITI AMBEDKAR NAGAR,Works,Open Tender,Percentage,Construction Works,No,No,NA ,21-Dec-2019 03:00 PM,24-Dec-2019 02:00 PM ,90.0,No ,No,Offline,27-Dec-2019 03:00 PM,U.P. State Construction and Infrastructure Development Corporation Ltd.||Unit Faizabad,GIRLS HOSTEL BHITI AMBEDKAR NAGAR,224122.0,2.0,"27,19,000",PIYUSH KUMAR SINGH CONTRACTOR,"2,718,494.06",Rejected-Finance,2019-12-31,U.P. State Construction and Infrastructure Development Corporation Ltd.||Unit Faizabad
2019_UPJNM_295231_4,2925/V-15/310 DATED 24.12.2018,CONSTRUCTION OF ALL WORK AT TURN KEY BASIS of BAHIRABARI WS BLOK SEWARAHI DIST KUSHINAGAR,CONSTRUCTION OF ALL WORK AT TURN KEY BASIS of BAHIRABARI WS BLOK SEWARAHI DIST KUSHINAGAR,Works,Open Tender,Percentage,Civil Works - Water Works,No,No,NA ,16-Jan-2019 12:00 PM,NA ,120.0,No ,No,Offline,29-Jan-2019 11:00 AM,"U P Jal Nigam (HQ), Lucknow||Chief Engineer (Gorakhpur)||SE, 17th Circle, Gorakhpur||EE, Construction Division, Kushi Nagar",SEWARAHI KUSHINAGAR,274304.0,2.0,"1,79,90,247",SAIMUDDIN ANSARI,"15,827,819.06",Rejected-AOC,2019-12-05,"U P Jal Nigam (HQ), Lucknow||Chief Engineer (Gorakhpur)||SE, 17th Circle, Gorakhpur||EE, Construction Division, Kushi Nagar"
2019_UPJNM_307592_3,280/V-15/46 DATED 02.02.2019,CONSTRUCTION OF ALL WORK AT TURN KEY BASIS of MADHOPUR BUJURG WS BLOCK KASIA DIST KUSHINAGAR,CONSTRUCTION OF ALL WORK AT TURN KEY BASIS of MADHOPUR BUJURG WS BLOCK KASIA DIST KUSHINAGAR,Works,Open Tender,Percentage,Civil Works - Water Works,No,No,NA ,14-Feb-2019 09:00 AM,NA ,120.0,No ,No,Offline,23-Feb-2019 03:00 PM,"U P Jal Nigam (HQ), Lucknow||Chief Engineer (Gorakhpur)||SE, 17th Circle, Gorakhpur||EE, Construction Division, Kushi Nagar",BLOCK KASIA DIST KUSHINAGAR,274304.0,2.0,"2,25,17,935",M/S VANDANA CONSTRUCTION,"18,966,856.38",Accepted-AOC,2019-12-30,"U P Jal Nigam (HQ), Lucknow||Chief Engineer (Gorakhpur)||SE, 17th Circle, Gorakhpur||EE, Construction Division, Kushi Nagar"
2019_UPJNM_307592_4,280/V-15/46 DATED 02.02.2019,CONSTRUCTION OF ALL WORK AT TURN KEY BASIS of SISAWA MATHIA WS BLOCK PADRAUNA DIST KUSHINAGAR,CONSTRUCTION OF ALL WORK AT TURN KEY BASIS of SISAWA MATHIA WS BLOCK PADRAUNA DIST KUSHINAGAR,Works,Open Tender,Percentage,Civil Works - Water Works,No,No,NA ,14-Feb-2019 09:00 AM,NA ,120.0,No ,No,Offline,23-Feb-2019 03:00 PM,"U P Jal Nigam (HQ), Lucknow||Chief Engineer (Gorakhpur)||SE, 17th Circle, Gorakhpur||EE, Construction Division, Kushi Nagar",BLOCK PADRAUNA DIST KUSHINAGAR,274304.0,2.0,"1,98,71,929",M/S Trilokinath Tripathi,"18,127,174.05",Rejected-Technical,2019-12-30,"U P Jal Nigam (HQ), Lucknow||Chief Engineer (Gorakhpur)||SE, 17th Circle, Gorakhpur||EE, Construction Division, Kushi Nagar"
