Tender ID,Tender ID,tender_externalreference,tender_title,Work Description,Tender Category,Tender Type,Form of contract,Product Category,Is Multi Currency Allowed For BOQ,Allow Two Stage Bidding,Independent External Monitor/Remarks,Published Date,Pre Bid Meeting Date,Bid Validity(Days),Should Allow NDA Tender,Allow Preferential Bidder,Payment Mode,Bid Opening Date,Organisation Chain,location,Pincode,No of Bids Received,Tender Value in ₹,Bidder Name,Awarded Value,Status,Contract Date :,Department
2024_REDUP_877500_1,2024_REDUP_877500_1,1514/RED/Tender/2023-24,"Laying of Interlocking from Santalal house to Kasturba Gandhi Vidyalaya via Mannu Yadav house in village Bara Singha of Gram Sabha Pachdevra, Block- Sakran",,,,,,,,,,,,,,,,Director Cum Chief Engineer RED||CHIEF ENGINEER EAST||SE LUCKNOW CIRCLE||EE SITAPUR,,,,,,"1,642,972",,,Director Cum Chief Engineer RED||CHIEF ENGINEER EAST||SE LUCKNOW CIRCLE||EE SITAPUR
2024_REDUP_877500_2,2024_REDUP_877500_2,1514/RED/Tender/2023-24,"Laying of Interlocking till primary school in Gram Sabha Karaundi Majra Rampur Khurd, Block- Biswan",,,,,,,,,,,,,,,,Director Cum Chief Engineer RED||CHIEF ENGINEER EAST||SE LUCKNOW CIRCLE||EE SITAPUR,,,,,,"1,292,763",,,Director Cum Chief Engineer RED||CHIEF ENGINEER EAST||SE LUCKNOW CIRCLE||EE SITAPUR
2024_REDUP_876532_1,2024_REDUP_876532_1,21/gra.a.vi./Etender/Fileno 118/23-24,Gram Sabha Bedhan Ganga Ram Purwa Harijan Basti CC Road and Nali Block Kunda,,,,,,,,,,,,,,,,Director Cum Chief Engineer RED||CHIEF ENGINEER EAST||SE ALLAHABAD CIRCLE||EE PRATAPGARH,,,,,,"1,329,166.954",,,Director Cum Chief Engineer RED||CHIEF ENGINEER EAST||SE ALLAHABAD CIRCLE||EE PRATAPGARH
2024_REDUP_876536_1,2024_REDUP_876536_1,21/gra.a.vi./Etender/Fileno 118/23-24,Gram Sabha Bedhan Babura men Ram Vangaman Marg se Patel Basti Amarnath patel ke Ghar tak Inaterlocking Work Block Kunda,,,,,,,,,,,,,,,,Director Cum Chief Engineer RED||CHIEF ENGINEER EAST||SE ALLAHABAD CIRCLE||EE PRATAPGARH,,,,,,"1,843,560.505",,,Director Cum Chief Engineer RED||CHIEF ENGINEER EAST||SE ALLAHABAD CIRCLE||EE PRATAPGARH
2024_REDUP_876658_17,2024_REDUP_876658_17,1257/RED/TENDER/23-24 dt- 06.12.2023,Construction of CC road from bankhandi bhagel to virpaal house in village Vithori,,,,,,,,,,,,,,,,Director Cum Chief Engineer RED||CHIEF ENGINEER WEST||SE AGRA CIRCLE||EE AGRA,,,,,,"860,972.07",,,Director Cum Chief Engineer RED||CHIEF ENGINEER WEST||SE AGRA CIRCLE||EE AGRA
2024_PWDBL_905508_21,2024_PWDBL_905508_21,396/E-Tender/2023-24 dt. 17.02.2024,Vidhayak niwas-2 (purana) sthit vibhinn aawason me rangai putai va anya marammati karya,,,,,,,,,,,,,,,,Chief Engineer (Building)||S E 39 Circle PWD Lucknow||Maintenance Division 2 (Civil) PWD Lucknow,,,,,,"103,463.45",,,Chief Engineer (Building)||S E 39 Circle PWD Lucknow||Maintenance Division 2 (Civil) PWD Lucknow
2024_PWDBL_910938_12,2024_PWDBL_910938_12,436/E-Tender/2023-24 dt. 21.02.2024,Vikramaditya Marg stith naya upmantri awas no-01 se 11 tak awaso me civil anurakshan ka  karya,,,,,,,,,,,,,,,,Chief Engineer (Building)||S E 39 Circle PWD Lucknow||Maintenance Division 2 (Civil) PWD Lucknow,,,,,,"217,551",,,Chief Engineer (Building)||S E 39 Circle PWD Lucknow||Maintenance Division 2 (Civil) PWD Lucknow
2024_PWDBL_903029_15,2024_PWDBL_903029_15,378/E-Tender/2023-24 dt. 15.02.2024,Vishisht atithi greh Dalibag me satah sudharikaran ke sath rangai putai wa anya ati awashyak vibihinn marramati karya.,,,,,,,,,,,,,,,,Chief Engineer (Building)||S E 39 Circle PWD Lucknow||Maintenance Division 2 (Civil) PWD Lucknow,,,,,,"246,640",,,Chief Engineer (Building)||S E 39 Circle PWD Lucknow||Maintenance Division 2 (Civil) PWD Lucknow
2024_PWDBL_903029_6,2024_PWDBL_903029_6,378/E-Tender/2023-24 dt. 15.02.2024,Rajbhawan colony sthit aawas no 4 me samagri aapoorti va civil anurakshan avem anya ati awashyak vibhinn marammati karya,,,,,,,,,,,,,,,,Chief Engineer (Building)||S E 39 Circle PWD Lucknow||Maintenance Division 2 (Civil) PWD Lucknow,,,,,,"285,293",,,Chief Engineer (Building)||S E 39 Circle PWD Lucknow||Maintenance Division 2 (Civil) PWD Lucknow
2024_PWDBL_905508_19,2024_PWDBL_905508_19,396/E-Tender/2023-24 dt. 17.02.2024,Vidhayak niwas-2 (purana) sthit aawas no 01 -02 B se 98B me vibhinn civil anurakshan karya,,,,,,,,,,,,,,,,Chief Engineer (Building)||S E 39 Circle PWD Lucknow||Maintenance Division 2 (Civil) PWD Lucknow,,,,,,"179,041.61",,,Chief Engineer (Building)||S E 39 Circle PWD Lucknow||Maintenance Division 2 (Civil) PWD Lucknow
2024_PWDBL_905508_1,2024_PWDBL_905508_1,396/E-Tender/2023-24 dt. 17.02.2024,"Mall Avenue colony sthit aawas no 2,3 me rangai putai ka karya",,,,,,,,,,,,,,,,Chief Engineer (Building)||S E 39 Circle PWD Lucknow||Maintenance Division 2 (Civil) PWD Lucknow,,,,,,"98,849",,,Chief Engineer (Building)||S E 39 Circle PWD Lucknow||Maintenance Division 2 (Civil) PWD Lucknow
2024_PWDBL_905508_20,2024_PWDBL_905508_20,396/E-Tender/2023-24 dt. 17.02.2024,Vidhayak niwas-2 (naya) sthit aawas no 99B se 158B me vibhinn civil anurakshan karya,,,,,,,,,,,,,,,,Chief Engineer (Building)||S E 39 Circle PWD Lucknow||Maintenance Division 2 (Civil) PWD Lucknow,,,,,,"187,382.46",,,Chief Engineer (Building)||S E 39 Circle PWD Lucknow||Maintenance Division 2 (Civil) PWD Lucknow
2024_PWDBL_905508_2,2024_PWDBL_905508_2,396/E-Tender/2023-24 dt. 17.02.2024,Mall Avenue colony me awasthit aawason ke boundary wall ke vahya bhaag ki marammat ka karya,,,,,,,,,,,,,,,,Chief Engineer (Building)||S E 39 Circle PWD Lucknow||Maintenance Division 2 (Civil) PWD Lucknow,,,,,,"198,043",,,Chief Engineer (Building)||S E 39 Circle PWD Lucknow||Maintenance Division 2 (Civil) PWD Lucknow
2024_PWDBL_898355_20,2024_PWDBL_898355_20,228/E-Tender/2023-24 dt. 01.02.2024,"Gomti Nagar phase 2 Mantri aawas stith awas no 3 type 6 me adhyasan parivartan ke Karan servant quarter room ke shatigrast zeene ke sthan per lohe ka zeena lagane ka karya, asthai shatigrast shade badalna aangan me shatigrast farsh par Kota stone ka",,,,,,,,,,,,,,,,Chief Engineer (Building)||S E 39 Circle PWD Lucknow||Maintenance Division 2 (Civil) PWD Lucknow,,,,,,"322,822.05",,,Chief Engineer (Building)||S E 39 Circle PWD Lucknow||Maintenance Division 2 (Civil) PWD Lucknow
2024_PWDBL_898355_4,2024_PWDBL_898355_4,228/E-Tender/2023-24 dt. 01.02.2024,"Gautam palli colony sthit aawas no. 01 naya mein kitchen mein shatigrast cabinet, 3 snangreh/ shauchalayon ka navinikaran va shatigrast Kota stone badalna, aangan mein jali va awaas ke vahya bhaag ke rangai putai va Anya atiavashyak vibhinn marammati",,,,,,,,,,,,,,,,Chief Engineer (Building)||S E 39 Circle PWD Lucknow||Maintenance Division 2 (Civil) PWD Lucknow,,,,,,"537,876.43",,,Chief Engineer (Building)||S E 39 Circle PWD Lucknow||Maintenance Division 2 (Civil) PWD Lucknow
2024_PWDBL_903015_1,2024_PWDBL_903015_1,338/E-Tender/2023-24 dt. 09.02.2024,Kalidas Marg sthit aawas no-5 me Annexie bhawan ke peeche ek room ke saath snangrih / shauchalay ki vyavastha ka karya,,,,,,,,,,,,,,,,Chief Engineer (Building)||S E 39 Circle PWD Lucknow||Maintenance Division 2 (Civil) PWD Lucknow,,,,,,"785,244",,,Chief Engineer (Building)||S E 39 Circle PWD Lucknow||Maintenance Division 2 (Civil) PWD Lucknow
2024_PWDBL_903015_2,2024_PWDBL_903015_2,338/E-Tender/2023-24 dt. 09.02.2024,"Vishisht atithi greh Dalibag me 10 kamro ki chatigrast wooden flooring ko hatakar tiles lagana, bathroom ki purani fittings badalna, chatigrast satah per plaster evam satah sudharikaran ke sath rangai putai wa anya ati awashyak karya",,,,,,,,,,,,,,,,Chief Engineer (Building)||S E 39 Circle PWD Lucknow||Maintenance Division 2 (Civil) PWD Lucknow,,,,,,"783,372",,,Chief Engineer (Building)||S E 39 Circle PWD Lucknow||Maintenance Division 2 (Civil) PWD Lucknow
2024_PWDBL_903029_14,2024_PWDBL_903029_13,378/E-Tender/2023-24 dt. 15.02.2024,Vishisht atithi greh Dalibag me civil anurakshan sambandhi vibihinn marramati karya.,,,,,,,,,,,,,,,,Chief Engineer (Building)||S E 39 Circle PWD Lucknow||Maintenance Division 2 (Civil) PWD Lucknow,,,,,,"271,701",,,Chief Engineer (Building)||S E 39 Circle PWD Lucknow||Maintenance Division 2 (Civil) PWD Lucknow
2024_PWDBL_903029_14,2024_PWDBL_903029_14,378/E-Tender/2023-24 dt. 15.02.2024,Vishisht atithi greh Dalibag me civil anurakshan sambandhi vibihinn marramati karya.,,,,,,,,,,,,,,,,Chief Engineer (Building)||S E 39 Circle PWD Lucknow||Maintenance Division 2 (Civil) PWD Lucknow,,,,,,"271,701",,,Chief Engineer (Building)||S E 39 Circle PWD Lucknow||Maintenance Division 2 (Civil) PWD Lucknow
2024_PWDBL_895853_13,2024_PWDBL_895853_13,218/E-Tender/2023-24 dt. 30.01.2024,Rajbhawan colony stith type-5 ke  awas no-01 se 44 tak ke vibihinn awaso ke civil anurakshan ka karya.,,,,,,,,,,,,,,,,Chief Engineer (Building)||S E 39 Circle PWD Lucknow||Maintenance Division 2 (Civil) PWD Lucknow,,,,,,"286,260",,,Chief Engineer (Building)||S E 39 Circle PWD Lucknow||Maintenance Division 2 (Civil) PWD Lucknow
2024_PWDBL_895853_4,2024_PWDBL_895853_14,218/E-Tender/2023-24 dt. 30.01.2024,Vikramaditya marg naya mantri awas 07 me aantarik bhaag ki rangai putai ka karya.,,,,,,,,,,,,,,,,Chief Engineer (Building)||S E 39 Circle PWD Lucknow||Maintenance Division 2 (Civil) PWD Lucknow,,,,,,"98,312",,,Chief Engineer (Building)||S E 39 Circle PWD Lucknow||Maintenance Division 2 (Civil) PWD Lucknow
2024_PWDBL_895853_4,2024_PWDBL_895853_4,218/E-Tender/2023-24 dt. 30.01.2024,Vikramaditya marg naya mantri awas 07 me aantarik bhaag ki rangai putai ka karya.,,,,,,,,,,,,,,,,Chief Engineer (Building)||S E 39 Circle PWD Lucknow||Maintenance Division 2 (Civil) PWD Lucknow,,,,,,"98,312",,,Chief Engineer (Building)||S E 39 Circle PWD Lucknow||Maintenance Division 2 (Civil) PWD Lucknow
2024_PWDBL_898355_12,2024_PWDBL_898355_12,228/E-Tender/2023-24 dt. 01.02.2024,"Rajbhawan colony sthit aawas no 27 type 5 me chaardiwaari per carbonate sheet lagane ka karya, khidki ke darwaze per macchar jaali lagane ka karya, bathroomon me nikaasi per SS jaali lagane ka karya",,,,,,,,,,,,,,,,Chief Engineer (Building)||S E 39 Circle PWD Lucknow||Maintenance Division 2 (Civil) PWD Lucknow,,,,,,"59,333",,,Chief Engineer (Building)||S E 39 Circle PWD Lucknow||Maintenance Division 2 (Civil) PWD Lucknow
2024_PWDBL_898355_13,2024_PWDBL_898355_13,228/E-Tender/2023-24 dt. 01.02.2024,"Rajbhawan colony sthit aawas no 24 type 5 me deemak lagi 3 shatigrast khidkiyon ke sthan per UPVC khidki lagane ka karya, kitchen cabinet banane ka karya, shatigrast chhat ke plaster ko todkar puneh karne ka karya, jurjur ho chuki bathroom fittings k",,,,,,,,,,,,,,,,Chief Engineer (Building)||S E 39 Circle PWD Lucknow||Maintenance Division 2 (Civil) PWD Lucknow,,,,,,"315,129",,,Chief Engineer (Building)||S E 39 Circle PWD Lucknow||Maintenance Division 2 (Civil) PWD Lucknow
2024_PWDBL_898355_16,2024_PWDBL_898355_16,228/E-Tender/2023-24 dt. 01.02.2024,Kalidas Marg sthit aawas no 10 me shatigrast tiles ki jagah puneh tiles lagana avem purane shatigrast furniture ki jagah naye furniture ki aapoorti karna va anya awashyak vibhinn marammati karya,,,,,,,,,,,,,,,,Chief Engineer (Building)||S E 39 Circle PWD Lucknow||Maintenance Division 2 (Civil) PWD Lucknow,,,,,,"63,999",,,Chief Engineer (Building)||S E 39 Circle PWD Lucknow||Maintenance Division 2 (Civil) PWD Lucknow
2024_PWDBL_898355_19,2024_PWDBL_898355_19,228/E-Tender/2023-24 dt. 01.02.2024,Rajbhawan colony sthit aawas no 01 new type 6 ki chhat ke seelan wale sthano per waterproofing ka karya aawas ki bahri deewaron ke shatigrast bhaagon ki marammat avem rangai putai ka karya avem awas ke ek bathroom ki purani fittings badalne ka karya,,,,,,,,,,,,,,,,Chief Engineer (Building)||S E 39 Circle PWD Lucknow||Maintenance Division 2 (Civil) PWD Lucknow,,,,,,"338,827",,,Chief Engineer (Building)||S E 39 Circle PWD Lucknow||Maintenance Division 2 (Civil) PWD Lucknow
2024_PWDBL_893603_14,2024_PWDBL_893603_14,201/E-Tender/2023-24 dt. 27.01.2024,"Laplas colony sthit aawas no-A 303 type 5 aawas me deemak rodhi upchar karne ka karya , ek ati jeernsheern bathroom mein navinikaran ka karya, dusre bathroom ki farsh ke tiles va fittings badalne ka karya aawas ke shatigrast darwaze chaukhat sahit ba",,,,,,,,,,,,,,,,Chief Engineer (Building)||S E 39 Circle PWD Lucknow||Maintenance Division 2 (Civil) PWD Lucknow,,,,,,"285,458.43",,,Chief Engineer (Building)||S E 39 Circle PWD Lucknow||Maintenance Division 2 (Civil) PWD Lucknow
2024_PWDBL_893603_27,2024_PWDBL_893603_27,201/E-Tender/2023-24 dt. 27.01.2024,Rajbhavan colony sthit awas no. 6 type-6 me Kota polish ka karya.,,,,,,,,,,,,,,,,Chief Engineer (Building)||S E 39 Circle PWD Lucknow||Maintenance Division 2 (Civil) PWD Lucknow,,,,,,"120,925",,,Chief Engineer (Building)||S E 39 Circle PWD Lucknow||Maintenance Division 2 (Civil) PWD Lucknow
2024_PWDBL_893603_28,2024_PWDBL_893603_28,201/E-Tender/2023-24 dt. 27.01.2024,"Rajbhavan colony sthit awas no 28 type-5 me awas ke 02 kamron ki marammat va shatigrast false cealing ko badalvane, kitchen ke navinikaran ka karya, garage ke shatigrast Shade avem  02 tute darwazon Ko badalne ka karya",,,,,,,,,,,,,,,,Chief Engineer (Building)||S E 39 Circle PWD Lucknow||Maintenance Division 2 (Civil) PWD Lucknow,,,,,,"322,461",,,Chief Engineer (Building)||S E 39 Circle PWD Lucknow||Maintenance Division 2 (Civil) PWD Lucknow
2024_PWDBL_893603_6,2024_PWDBL_893603_6,201/E-Tender/2023-24 dt. 27.01.2024,Raj bhavan colony sthit aawas no-  21 type-5 aawas ke lawn me profile seat dwara shade banane ka karya avem shade ke niche tiles lagane ka karya,,,,,,,,,,,,,,,,Chief Engineer (Building)||S E 39 Circle PWD Lucknow||Maintenance Division 2 (Civil) PWD Lucknow,,,,,,"103,249",,,Chief Engineer (Building)||S E 39 Circle PWD Lucknow||Maintenance Division 2 (Civil) PWD Lucknow
2024_PWDBL_893603_8,2024_PWDBL_893603_8,201/E-Tender/2023-24 dt. 27.01.2024,"Vidhayak Nivas 2 (purana) sthit aawas no 6-7 bi mein do bedroom mein Bani lakdi ki jarjar almari ke sthan per lohe ki almari banane, s.s parda rod lagane sambandhi civil karya avam Vidhayak niwas-2 purana sthit garage no-18 me naali ke paani ko rokne",,,,,,,,,,,,,,,,Chief Engineer (Building)||S E 39 Circle PWD Lucknow||Maintenance Division 2 (Civil) PWD Lucknow,,,,,,"143,402.37",,,Chief Engineer (Building)||S E 39 Circle PWD Lucknow||Maintenance Division 2 (Civil) PWD Lucknow
2024_PWDBL_895853_13,2024_PWDBL_895853_12,218/E-Tender/2023-24 dt. 30.01.2024,Rajbhawan colony stith type-5 ke  awas no-01 se 44 tak ke vibihinn awaso ke civil anurakshan ka karya.,,,,,,,,,,,,,,,,Chief Engineer (Building)||S E 39 Circle PWD Lucknow||Maintenance Division 2 (Civil) PWD Lucknow,,,,,,"286,260",,,Chief Engineer (Building)||S E 39 Circle PWD Lucknow||Maintenance Division 2 (Civil) PWD Lucknow
2024_PWDBL_882728_6,2024_PWDBL_882728_3,11/E-Tender/2023-24 dated 02.01.2024,Darulshafa stith navnirmit vidhayak niwas ke 6th tal se 10th tal tak ke awaso me civil anuraskshan ka karya.,,,,,,,,,,,,,,,,Chief Engineer (Building)||S E 39 Circle PWD Lucknow||Maintenance Division 2 (Civil) PWD Lucknow,,,,,,"173,163.22",,,Chief Engineer (Building)||S E 39 Circle PWD Lucknow||Maintenance Division 2 (Civil) PWD Lucknow
2024_PWDBL_882728_6,2024_PWDBL_882728_4,11/E-Tender/2023-24 dated 02.01.2024,Darulshafa stith navnirmit vidhayak niwas ke 6th tal se 10th tal tak ke awaso me civil anuraskshan ka karya.,,,,,,,,,,,,,,,,Chief Engineer (Building)||S E 39 Circle PWD Lucknow||Maintenance Division 2 (Civil) PWD Lucknow,,,,,,"173,163.22",,,Chief Engineer (Building)||S E 39 Circle PWD Lucknow||Maintenance Division 2 (Civil) PWD Lucknow
2024_PWDBL_882728_6,2024_PWDBL_882728_6,11/E-Tender/2023-24 dated 02.01.2024,Darulshafa stith navnirmit vidhayak niwas ke 6th tal se 10th tal tak ke awaso me civil anuraskshan ka karya.,,,,,,,,,,,,,,,,Chief Engineer (Building)||S E 39 Circle PWD Lucknow||Maintenance Division 2 (Civil) PWD Lucknow,,,,,,"173,163.22",,,Chief Engineer (Building)||S E 39 Circle PWD Lucknow||Maintenance Division 2 (Civil) PWD Lucknow
2024_PWDBL_882728_7,2024_PWDBL_882728_7,11/E-Tender/2023-24 dated 02.01.2024,Darulshafa compound stith mandir lane evam mushtak lane ke awaso me civil anuraskshan evam rangai putai ka karya.,,,,,,,,,,,,,,,,Chief Engineer (Building)||S E 39 Circle PWD Lucknow||Maintenance Division 2 (Civil) PWD Lucknow,,,,,,"188,345.34",,,Chief Engineer (Building)||S E 39 Circle PWD Lucknow||Maintenance Division 2 (Civil) PWD Lucknow
2024_PWDBL_886845_10,2024_PWDBL_882728_9,116/E-Tender/2023-24 dt. 15.01.2024,Vidhayak niwas-1 khand-A ke bhutal ke aawas no-21A se 38A me rangai putai ka karya.,,,,,,,,,,,,,,,,Chief Engineer (Building)||S E 39 Circle PWD Lucknow||Maintenance Division 2 (Civil) PWD Lucknow,,,,,,"167,951.92",,,Chief Engineer (Building)||S E 39 Circle PWD Lucknow||Maintenance Division 2 (Civil) PWD Lucknow
2024_PWDBL_886845_10,2024_PWDBL_886845_10,116/E-Tender/2023-24 dt. 15.01.2024,Vidhayak niwas-1 khand-A ke bhutal ke aawas no-21A se 38A me rangai putai ka karya.,,,,,,,,,,,,,,,,Chief Engineer (Building)||S E 39 Circle PWD Lucknow||Maintenance Division 2 (Civil) PWD Lucknow,,,,,,"167,951.92",,,Chief Engineer (Building)||S E 39 Circle PWD Lucknow||Maintenance Division 2 (Civil) PWD Lucknow
2024_PWDBL_886845_11,2024_PWDBL_886845_11,116/E-Tender/2023-24 dt. 15.01.2024,Vidhayak niwas-1 khand-B ke pratham tal ke aawas no-54B se 73B me rangai putai ka karya.,,,,,,,,,,,,,,,,Chief Engineer (Building)||S E 39 Circle PWD Lucknow||Maintenance Division 2 (Civil) PWD Lucknow,,,,,,"172,938.75",,,Chief Engineer (Building)||S E 39 Circle PWD Lucknow||Maintenance Division 2 (Civil) PWD Lucknow
2024_PWDBL_893603_14,2024_PWDBL_893603_10,201/E-Tender/2023-24 dt. 27.01.2024,"Laplas colony sthit aawas no-A 303 type 5 aawas me deemak rodhi upchar karne ka karya , ek ati jeernsheern bathroom mein navinikaran ka karya, dusre bathroom ki farsh ke tiles va fittings badalne ka karya aawas ke shatigrast darwaze chaukhat sahit ba",,,,,,,,,,,,,,,,Chief Engineer (Building)||S E 39 Circle PWD Lucknow||Maintenance Division 2 (Civil) PWD Lucknow,,,,,,"285,458.43",,,Chief Engineer (Building)||S E 39 Circle PWD Lucknow||Maintenance Division 2 (Civil) PWD Lucknow
2024_PWDBL_893603_14,2024_PWDBL_893603_12,201/E-Tender/2023-24 dt. 27.01.2024,"Laplas colony sthit aawas no-A 303 type 5 aawas me deemak rodhi upchar karne ka karya , ek ati jeernsheern bathroom mein navinikaran ka karya, dusre bathroom ki farsh ke tiles va fittings badalne ka karya aawas ke shatigrast darwaze chaukhat sahit ba",,,,,,,,,,,,,,,,Chief Engineer (Building)||S E 39 Circle PWD Lucknow||Maintenance Division 2 (Civil) PWD Lucknow,,,,,,"285,458.43",,,Chief Engineer (Building)||S E 39 Circle PWD Lucknow||Maintenance Division 2 (Civil) PWD Lucknow
2024_PWDBL_893603_14,2024_PWDBL_893603_13,201/E-Tender/2023-24 dt. 27.01.2024,"Laplas colony sthit aawas no-A 303 type 5 aawas me deemak rodhi upchar karne ka karya , ek ati jeernsheern bathroom mein navinikaran ka karya, dusre bathroom ki farsh ke tiles va fittings badalne ka karya aawas ke shatigrast darwaze chaukhat sahit ba",,,,,,,,,,,,,,,,Chief Engineer (Building)||S E 39 Circle PWD Lucknow||Maintenance Division 2 (Civil) PWD Lucknow,,,,,,"285,458.43",,,Chief Engineer (Building)||S E 39 Circle PWD Lucknow||Maintenance Division 2 (Civil) PWD Lucknow
2024_PWDBL_882728_6,2024_PVVNV_918624_1,11/E-Tender/2023-24 dated 02.01.2024,Darulshafa stith navnirmit vidhayak niwas ke 6th tal se 10th tal tak ke awaso me civil anuraskshan ka karya.,,,,,,,,,,,,,,,,Chief Engineer (Building)||S E 39 Circle PWD Lucknow||Maintenance Division 2 (Civil) PWD Lucknow,,,,,,"173,163.22",,,Chief Engineer (Building)||S E 39 Circle PWD Lucknow||Maintenance Division 2 (Civil) PWD Lucknow
2024_PWDBL_882728_6,2024_PVVNV_919222_1,11/E-Tender/2023-24 dated 02.01.2024,Darulshafa stith navnirmit vidhayak niwas ke 6th tal se 10th tal tak ke awaso me civil anuraskshan ka karya.,,,,,,,,,,,,,,,,Chief Engineer (Building)||S E 39 Circle PWD Lucknow||Maintenance Division 2 (Civil) PWD Lucknow,,,,,,"173,163.22",,,Chief Engineer (Building)||S E 39 Circle PWD Lucknow||Maintenance Division 2 (Civil) PWD Lucknow
2024_PWDBL_882728_6,2024_PVVNV_919224_1,11/E-Tender/2023-24 dated 02.01.2024,Darulshafa stith navnirmit vidhayak niwas ke 6th tal se 10th tal tak ke awaso me civil anuraskshan ka karya.,,,,,,,,,,,,,,,,Chief Engineer (Building)||S E 39 Circle PWD Lucknow||Maintenance Division 2 (Civil) PWD Lucknow,,,,,,"173,163.22",,,Chief Engineer (Building)||S E 39 Circle PWD Lucknow||Maintenance Division 2 (Civil) PWD Lucknow
2024_UPIDM_898440_1,2024_UPIDM_898440_1,22/EEBMMDVNS/2023-24,"Composite work of excavation  under project of dredging work  to protect group of village Maipur,Mahuwapar,Gangapur and other villages from flood and erosion situated at Left bank of Ghaghra river In District Basti.",,,,,,,,,,,,,,,,U P Irrigation Department (Mechanical)||Central Equipment and Stores Procurement||S E  Irrigation Workshop Circle - I Kanpur||E E Barrage Mechanical Maintenance Div Varanasi,,,,,,"3,367,000",,,U P Irrigation Department (Mechanical)||Central Equipment and Stores Procurement||S E  Irrigation Workshop Circle - I Kanpur||E E Barrage Mechanical Maintenance Div Varanasi
2024_UPIDM_898480_1,2024_UPIDM_898480_1,23/EEBMMDVNS/2023-24,"Composite work of excavation under project of dredging work  to protect group of village Kevtala, Pipariya and other villages from flood and erosion situated at right bank of Ghaghra river In District Ambedkar Nagar.",,,,,,,,,,,,,,,,U P Irrigation Department (Mechanical)||Central Equipment and Stores Procurement||S E  Irrigation Workshop Circle - I Kanpur||E E Barrage Mechanical Maintenance Div Varanasi,,,,,,"3,195,000",,,U P Irrigation Department (Mechanical)||Central Equipment and Stores Procurement||S E  Irrigation Workshop Circle - I Kanpur||E E Barrage Mechanical Maintenance Div Varanasi
2024_UPIDM_916095_1,2024_UPIDM_916095_1,31/EEBMMDVNS/2023_24,Repairing of Departmantal  Amphibious Hydraulic Excavator MB 205 (G-2).,,,,,,,,,,,,,,,,U P Irrigation Department (Mechanical)||Central Equipment and Stores Procurement||S E  Irrigation Workshop Circle - I Kanpur||E E Barrage Mechanical Maintenance Div Varanasi,,,,,,"1,696,340",,,U P Irrigation Department (Mechanical)||Central Equipment and Stores Procurement||S E  Irrigation Workshop Circle - I Kanpur||E E Barrage Mechanical Maintenance Div Varanasi
2024_UPIDM_916095_2,2024_UPIDM_916095_2,31/EEBMMDVNS/2023_24,Repairing and maintenance work of Amphibious hydraulic excavator MB205 (L3),,,,,,,,,,,,,,,,U P Irrigation Department (Mechanical)||Central Equipment and Stores Procurement||S E  Irrigation Workshop Circle - I Kanpur||E E Barrage Mechanical Maintenance Div Varanasi,,,,,,"1,578,600",,,U P Irrigation Department (Mechanical)||Central Equipment and Stores Procurement||S E  Irrigation Workshop Circle - I Kanpur||E E Barrage Mechanical Maintenance Div Varanasi
2024_PVVNV_908959_1,2024_PVVNV_908959_1,70/EUDC(G)/2023-24,"SUPPLY OF PAPER AND REFILLING OF CARTRIDGE, MAINTENANCE OF PRINTER",,,,,,,,,,,,,,,,Purvanchal Vidyut Vitran Nigam Limited  Varanasi||Chief Engineer (D) PuVVNL Gorakhpur,,,,,,"177,120",,,Purvanchal Vidyut Vitran Nigam Limited  Varanasi||Chief Engineer (D) PuVVNL Gorakhpur
2024_PVVNV_908976_1,2024_PVVNV_908976_1,71/EUDC(G)/2023-24,"SUPPLY OF PAPER AND REFILLING OF CARTRIDGE, MAINTENANCE OF PRINTER",,,,,,,,,,,,,,,,Purvanchal Vidyut Vitran Nigam Limited  Varanasi||Chief Engineer (D) PuVVNL Gorakhpur,,,,,,"218,976",,,Purvanchal Vidyut Vitran Nigam Limited  Varanasi||Chief Engineer (D) PuVVNL Gorakhpur
2024_PVVNV_909011_1,2024_PVVNV_908998_1,73/EUDC(G)/2023-24,CARRIAGE OF TRANSFORMER,,,,,,,,,,,,,,,,Purvanchal Vidyut Vitran Nigam Limited  Varanasi||Chief Engineer (D) PuVVNL Gorakhpur,,,,,,"533,349",,,Purvanchal Vidyut Vitran Nigam Limited  Varanasi||Chief Engineer (D) PuVVNL Gorakhpur
2024_PVVNV_909011_1,2024_PVVNV_909011_1,73/EUDC(G)/2023-24,CARRIAGE OF TRANSFORMER,,,,,,,,,,,,,,,,Purvanchal Vidyut Vitran Nigam Limited  Varanasi||Chief Engineer (D) PuVVNL Gorakhpur,,,,,,"533,349",,,Purvanchal Vidyut Vitran Nigam Limited  Varanasi||Chief Engineer (D) PuVVNL Gorakhpur
2024_PVVNV_909027_1,2024_PVVNV_909027_1,74/EUDC(G)/2023-24,CARRIAGE OF TRANSFORMER,,,,,,,,,,,,,,,,Purvanchal Vidyut Vitran Nigam Limited  Varanasi||Chief Engineer (D) PuVVNL Gorakhpur,,,,,,"520,350",,,Purvanchal Vidyut Vitran Nigam Limited  Varanasi||Chief Engineer (D) PuVVNL Gorakhpur
2024_PVVNV_909058_1,2024_PVVNV_909058_1,67/EUDC(G)/2023-24,WORK OF EMERGENCY LINE MAINTENANCE,,,,,,,,,,,,,,,,Purvanchal Vidyut Vitran Nigam Limited  Varanasi||Chief Engineer (D) PuVVNL Gorakhpur,,,,,,"1,491,710",,,Purvanchal Vidyut Vitran Nigam Limited  Varanasi||Chief Engineer (D) PuVVNL Gorakhpur
2024_PVVNV_906118_1,2024_PVVNV_905699_1,79/EDC-II(G)/2023-24,"WORK OF LOPPING AND CHOPPING OF TREE BRANCHES LAYING ON 33 K.V., 11 K.V. AND L.T. LINE",,,,,,,,,,,,,,,,Purvanchal Vidyut Vitran Nigam Limited  Varanasi||Chief Engineer (D) PuVVNL Gorakhpur,,,,,,"198,000",,,Purvanchal Vidyut Vitran Nigam Limited  Varanasi||Chief Engineer (D) PuVVNL Gorakhpur
2024_PVVNV_906118_1,2024_PVVNV_906113_1,79/EDC-II(G)/2023-24,"WORK OF LOPPING AND CHOPPING OF TREE BRANCHES LAYING ON 33 K.V., 11 K.V. AND L.T. LINE",,,,,,,,,,,,,,,,Purvanchal Vidyut Vitran Nigam Limited  Varanasi||Chief Engineer (D) PuVVNL Gorakhpur,,,,,,"198,000",,,Purvanchal Vidyut Vitran Nigam Limited  Varanasi||Chief Engineer (D) PuVVNL Gorakhpur
2024_PVVNV_906118_1,2024_PVVNV_906118_1,79/EDC-II(G)/2023-24,"WORK OF LOPPING AND CHOPPING OF TREE BRANCHES LAYING ON 33 K.V., 11 K.V. AND L.T. LINE",,,,,,,,,,,,,,,,Purvanchal Vidyut Vitran Nigam Limited  Varanasi||Chief Engineer (D) PuVVNL Gorakhpur,,,,,,"198,000",,,Purvanchal Vidyut Vitran Nigam Limited  Varanasi||Chief Engineer (D) PuVVNL Gorakhpur
2024_PVVNV_906125_1,2024_PVVNV_906125_1,80/EDC-II(G)/2023-24,"WORK OF LOPPING AND CHOPPING OF TREE BRANCHES LAYING ON 33 K.V., 11 K.V. AND L.T. LINE",,,,,,,,,,,,,,,,Purvanchal Vidyut Vitran Nigam Limited  Varanasi||Chief Engineer (D) PuVVNL Gorakhpur,,,,,,"198,000",,,Purvanchal Vidyut Vitran Nigam Limited  Varanasi||Chief Engineer (D) PuVVNL Gorakhpur
2024_PVVNV_908905_1,2024_PVVNV_906131_1,64/EUDC(G)/2023-24,WORK OF EMERGENCY LINE MAINTENANCE,,,,,,,,,,,,,,,,Purvanchal Vidyut Vitran Nigam Limited  Varanasi||Chief Engineer (D) PuVVNL Gorakhpur,,,,,,"3,499,650",,,Purvanchal Vidyut Vitran Nigam Limited  Varanasi||Chief Engineer (D) PuVVNL Gorakhpur
2024_PVVNV_908905_1,2024_PVVNV_907481_1,64/EUDC(G)/2023-24,WORK OF EMERGENCY LINE MAINTENANCE,,,,,,,,,,,,,,,,Purvanchal Vidyut Vitran Nigam Limited  Varanasi||Chief Engineer (D) PuVVNL Gorakhpur,,,,,,"3,499,650",,,Purvanchal Vidyut Vitran Nigam Limited  Varanasi||Chief Engineer (D) PuVVNL Gorakhpur
2024_PVVNV_908905_1,2024_PVVNV_908905_1,64/EUDC(G)/2023-24,WORK OF EMERGENCY LINE MAINTENANCE,,,,,,,,,,,,,,,,Purvanchal Vidyut Vitran Nigam Limited  Varanasi||Chief Engineer (D) PuVVNL Gorakhpur,,,,,,"3,499,650",,,Purvanchal Vidyut Vitran Nigam Limited  Varanasi||Chief Engineer (D) PuVVNL Gorakhpur
2024_PVVNV_908921_1,2024_PVVNV_908921_1,65/EUDC(G)/2023-24,WORK OF EMERGENCY LINE MAINTENANCE,,,,,,,,,,,,,,,,Purvanchal Vidyut Vitran Nigam Limited  Varanasi||Chief Engineer (D) PuVVNL Gorakhpur,,,,,,"1,999,353.5",,,Purvanchal Vidyut Vitran Nigam Limited  Varanasi||Chief Engineer (D) PuVVNL Gorakhpur
2024_PVVNV_908936_1,2024_PVVNV_908936_1,68/EUDC(G)/2023-24,"SUPPLY OF PAPER AND REFILLING OF CARTRIDGE, MAINTENANCE OF PRINTER",,,,,,,,,,,,,,,,Purvanchal Vidyut Vitran Nigam Limited  Varanasi||Chief Engineer (D) PuVVNL Gorakhpur,,,,,,"384,744",,,Purvanchal Vidyut Vitran Nigam Limited  Varanasi||Chief Engineer (D) PuVVNL Gorakhpur
2024_PVVNV_908959_1,2024_PVVNV_908945_1,70/EUDC(G)/2023-24,"SUPPLY OF PAPER AND REFILLING OF CARTRIDGE, MAINTENANCE OF PRINTER",,,,,,,,,,,,,,,,Purvanchal Vidyut Vitran Nigam Limited  Varanasi||Chief Engineer (D) PuVVNL Gorakhpur,,,,,,"177,120",,,Purvanchal Vidyut Vitran Nigam Limited  Varanasi||Chief Engineer (D) PuVVNL Gorakhpur
2024_PVVNL_924837_1,2024_PVVNL_924835_1,WORK E-TENDER NO-09/2024-25,"Work of deposit Scheme against passed estimate from R.Tender area ofEDSD-2,Th.bhawan under EDD3",,,,,,,,,,,,,,,,Paschimanchal Vidyut Vitran Nigam Ltd.,,,,,,"197,760",,,Paschimanchal Vidyut Vitran Nigam Ltd.
2024_PVVNL_924837_1,2024_PVVNL_924837_1,WORK E-TENDER NO-09/2024-25,"Work of deposit Scheme against passed estimate from R.Tender area ofEDSD-2,Th.bhawan under EDD3",,,,,,,,,,,,,,,,Paschimanchal Vidyut Vitran Nigam Ltd.,,,,,,"197,760",,,Paschimanchal Vidyut Vitran Nigam Ltd.
2024_PVVNL_924840_1,2024_PVVNL_924840_1,WORK E-TENDER NO-10/2024-25,"Work of deposit Scheme against passed estimate (01)nder jurisdiction of EDD-3, shamli under EDC,Shamli",,,,,,,,,,,,,,,,Paschimanchal Vidyut Vitran Nigam Ltd.,,,,,,"104,730",,,Paschimanchal Vidyut Vitran Nigam Ltd.
2024_PVVNV_906118_1,2024_PVVNV_905657_1,79/EDC-II(G)/2023-24,"WORK OF LOPPING AND CHOPPING OF TREE BRANCHES LAYING ON 33 K.V., 11 K.V. AND L.T. LINE",,,,,,,,,,,,,,,,Purvanchal Vidyut Vitran Nigam Limited  Varanasi||Chief Engineer (D) PuVVNL Gorakhpur,,,,,,"198,000",,,Purvanchal Vidyut Vitran Nigam Limited  Varanasi||Chief Engineer (D) PuVVNL Gorakhpur
2024_PVVNL_922825_2,2024_PVVNL_922825_2,WORK E-TENDER NO-01/2024-25,"Work of Deposit Scheme. passed Estimate (07 nos) under jurisdiction of EDD-1, shamli under EDC,Shamli",,,,,,,,,,,,,,,,Paschimanchal Vidyut Vitran Nigam Ltd.,,,,,,"171,250",,,Paschimanchal Vidyut Vitran Nigam Ltd.
2024_PVVNL_924105_1,2024_PVVNL_922827_2,WORK E-TENDER 03/2024-25,"Work of deposit Scheme against passed estimate (05 Nos)under jurisdiction of EDD-1, shamli U EDC SML",,,,,,,,,,,,,,,,Paschimanchal Vidyut Vitran Nigam Ltd.,,,,,,"196,335",,,Paschimanchal Vidyut Vitran Nigam Ltd.
2024_PVVNL_924105_1,2024_PVVNL_924105_1,WORK E-TENDER 03/2024-25,"Work of deposit Scheme against passed estimate (05 Nos)under jurisdiction of EDD-1, shamli U EDC SML",,,,,,,,,,,,,,,,Paschimanchal Vidyut Vitran Nigam Ltd.,,,,,,"196,335",,,Paschimanchal Vidyut Vitran Nigam Ltd.
2024_PVVNL_924111_1,2024_PVVNL_924109_1,WORK E-TENDER NO-06/2024-25,"Work of deposit Scheme against passedestimate from R.Tender area of  EDSD-2,Jhinjhana under jurisdiction ofEDD-4, shamli under EDC,Shamli",,,,,,,,,,,,,,,,Paschimanchal Vidyut Vitran Nigam Ltd.,,,,,,"198,546",,,Paschimanchal Vidyut Vitran Nigam Ltd.
2024_PVVNL_924111_1,2024_PVVNL_924110_1,WORK E-TENDER NO-06/2024-25,"Work of deposit Scheme against passedestimate from R.Tender area of  EDSD-2,Jhinjhana under jurisdiction ofEDD-4, shamli under EDC,Shamli",,,,,,,,,,,,,,,,Paschimanchal Vidyut Vitran Nigam Ltd.,,,,,,"198,546",,,Paschimanchal Vidyut Vitran Nigam Ltd.
2024_PVVNL_924111_1,2024_PVVNL_924111_1,WORK E-TENDER NO-06/2024-25,"Work of deposit Scheme against passedestimate from R.Tender area of  EDSD-2,Jhinjhana under jurisdiction ofEDD-4, shamli under EDC,Shamli",,,,,,,,,,,,,,,,Paschimanchal Vidyut Vitran Nigam Ltd.,,,,,,"198,546",,,Paschimanchal Vidyut Vitran Nigam Ltd.
2024_PVVNL_924124_1,2024_PVVNL_924124_1,WORK E-TENDER NO-07/2024-25,WORK OF DEPOSIT sCHEME AGAINST PASSED ESTIMATE R.TENDER AREA OF EDSD-3 KAIRNA EDD-4,,,,,,,,,,,,,,,,Paschimanchal Vidyut Vitran Nigam Ltd.,,,,,,"198,946",,,Paschimanchal Vidyut Vitran Nigam Ltd.
2024_MVVNL_907116_1,2024_MVVNL_902385_1,130/EDCB/2023-24,130/EDCB/2023-24,,,,,,,,,,,,,,,,Madhyanchal Vidyut Vitran Nigam Ltd||C E - BAREILLY ZONE||S E - Bareilly (Rural),,,,,,"679,542",,,Madhyanchal Vidyut Vitran Nigam Ltd||C E - BAREILLY ZONE||S E - Bareilly (Rural)
2024_MVVNL_907116_1,2024_MVVNL_907116_1,130/EDCB/2023-24,130/EDCB/2023-24,,,,,,,,,,,,,,,,Madhyanchal Vidyut Vitran Nigam Ltd||C E - BAREILLY ZONE||S E - Bareilly (Rural),,,,,,"679,542",,,Madhyanchal Vidyut Vitran Nigam Ltd||C E - BAREILLY ZONE||S E - Bareilly (Rural)
2024_DVVNL_895812_1,2024_DOLBU_929496_1,EDCBNDA-68/2023-24,"Supply of Ashida Relay for used in EDD, Banda",,,,,,,,,,,,,,,,Dakshinanchal Vidyut Vitran Nigam Ltd.,,,,,,"164,570",,,Dakshinanchal Vidyut Vitran Nigam Ltd.
2024_DVVNL_895812_1,2024_DVVNL_895812_1,EDCBNDA-68/2023-24,"Supply of Ashida Relay for used in EDD, Banda",,,,,,,,,,,,,,,,Dakshinanchal Vidyut Vitran Nigam Ltd.,,,,,,"164,570",,,Dakshinanchal Vidyut Vitran Nigam Ltd.
2024_UPIDM_887702_2,2024_UPIDM_887683_1,18/EEBMMDVNS/2023-24,"Balli piling work under project of dredging work to protect group of village Kevtala, Pipariya and other villages from flood and erosion situated at right bank of Ghaghra river In District Ambedkar Nagar.",,,,,,,,,,,,,,,,U P Irrigation Department (Mechanical)||Central Equipment and Stores Procurement||S E  Irrigation Workshop Circle - I Kanpur||E E Barrage Mechanical Maintenance Div Varanasi,,,,,,"1,446,000",,,U P Irrigation Department (Mechanical)||Central Equipment and Stores Procurement||S E  Irrigation Workshop Circle - I Kanpur||E E Barrage Mechanical Maintenance Div Varanasi
2024_UPIDM_887702_2,2024_UPIDM_887683_2,18/EEBMMDVNS/2023-24,"Balli piling work under project of dredging work to protect group of village Kevtala, Pipariya and other villages from flood and erosion situated at right bank of Ghaghra river In District Ambedkar Nagar.",,,,,,,,,,,,,,,,U P Irrigation Department (Mechanical)||Central Equipment and Stores Procurement||S E  Irrigation Workshop Circle - I Kanpur||E E Barrage Mechanical Maintenance Div Varanasi,,,,,,"1,446,000",,,U P Irrigation Department (Mechanical)||Central Equipment and Stores Procurement||S E  Irrigation Workshop Circle - I Kanpur||E E Barrage Mechanical Maintenance Div Varanasi
2024_UPIDM_887702_2,2024_UPIDM_887702_2,18/EEBMMDVNS/2023-24,"Balli piling work under project of dredging work to protect group of village Kevtala, Pipariya and other villages from flood and erosion situated at right bank of Ghaghra river In District Ambedkar Nagar.",,,,,,,,,,,,,,,,U P Irrigation Department (Mechanical)||Central Equipment and Stores Procurement||S E  Irrigation Workshop Circle - I Kanpur||E E Barrage Mechanical Maintenance Div Varanasi,,,,,,"1,446,000",,,U P Irrigation Department (Mechanical)||Central Equipment and Stores Procurement||S E  Irrigation Workshop Circle - I Kanpur||E E Barrage Mechanical Maintenance Div Varanasi
2024_UPIDM_887716_1,2024_UPIDM_887702_4,19/EEBMMDVNS/2023-24,Installation/ laying of Geotube under project of dredging work in Ghaghra river to protect Belha Behrauli Embankment and other villages from flood and erosion in District Bahraich.,,,,,,,,,,,,,,,,U P Irrigation Department (Mechanical)||Central Equipment and Stores Procurement||S E  Irrigation Workshop Circle - I Kanpur||E E Barrage Mechanical Maintenance Div Varanasi,,,,,,"3,039,544",,,U P Irrigation Department (Mechanical)||Central Equipment and Stores Procurement||S E  Irrigation Workshop Circle - I Kanpur||E E Barrage Mechanical Maintenance Div Varanasi
2024_UPIDM_887716_1,2024_UPIDM_887716_1,19/EEBMMDVNS/2023-24,Installation/ laying of Geotube under project of dredging work in Ghaghra river to protect Belha Behrauli Embankment and other villages from flood and erosion in District Bahraich.,,,,,,,,,,,,,,,,U P Irrigation Department (Mechanical)||Central Equipment and Stores Procurement||S E  Irrigation Workshop Circle - I Kanpur||E E Barrage Mechanical Maintenance Div Varanasi,,,,,,"3,039,544",,,U P Irrigation Department (Mechanical)||Central Equipment and Stores Procurement||S E  Irrigation Workshop Circle - I Kanpur||E E Barrage Mechanical Maintenance Div Varanasi
2024_UPIDM_887716_4,2024_UPIDM_887716_4,19/EEBMMDVNS/2023-24,Balli piling work under project of dredging work in Ghaghra river to protect Belha Behrauli Embankment and other villages from flood and erosion in District Bahraich.,,,,,,,,,,,,,,,,U P Irrigation Department (Mechanical)||Central Equipment and Stores Procurement||S E  Irrigation Workshop Circle - I Kanpur||E E Barrage Mechanical Maintenance Div Varanasi,,,,,,"2,809,200",,,U P Irrigation Department (Mechanical)||Central Equipment and Stores Procurement||S E  Irrigation Workshop Circle - I Kanpur||E E Barrage Mechanical Maintenance Div Varanasi
2024_UPIDM_887846_2,2024_UPIDM_887846_1,20/EEBMMDVNS/2023-24,"Balli piling work under project of dredging to protect group of village Mohammadpur Kala ,Andhar Purwa embankment and other villages from flood and erosion situated at Left bank of Rapti river in District- Shravasti.",,,,,,,,,,,,,,,,U P Irrigation Department (Mechanical)||Central Equipment and Stores Procurement||S E  Irrigation Workshop Circle - I Kanpur||E E Barrage Mechanical Maintenance Div Varanasi,,,,,,"2,205,000",,,U P Irrigation Department (Mechanical)||Central Equipment and Stores Procurement||S E  Irrigation Workshop Circle - I Kanpur||E E Barrage Mechanical Maintenance Div Varanasi
2024_UPIDM_887846_2,2024_UPIDM_887846_2,20/EEBMMDVNS/2023-24,"Balli piling work under project of dredging to protect group of village Mohammadpur Kala ,Andhar Purwa embankment and other villages from flood and erosion situated at Left bank of Rapti river in District- Shravasti.",,,,,,,,,,,,,,,,U P Irrigation Department (Mechanical)||Central Equipment and Stores Procurement||S E  Irrigation Workshop Circle - I Kanpur||E E Barrage Mechanical Maintenance Div Varanasi,,,,,,"2,205,000",,,U P Irrigation Department (Mechanical)||Central Equipment and Stores Procurement||S E  Irrigation Workshop Circle - I Kanpur||E E Barrage Mechanical Maintenance Div Varanasi
2024_UPIDM_887882_1,2024_UPIDM_887882_1,21/EEBMMDVNS/2023-24,"Installation /Laying of Geo tube with balli piling work under project of dredging work to protect group of village Kevtala, Pipariya and other villages from flood and erosion situated at right bank of Ghaghra river In District Ambedkar Nagar.",,,,,,,,,,,,,,,,U P Irrigation Department (Mechanical)||Central Equipment and Stores Procurement||S E  Irrigation Workshop Circle - I Kanpur||E E Barrage Mechanical Maintenance Div Varanasi,,,,,,"3,148,800",,,U P Irrigation Department (Mechanical)||Central Equipment and Stores Procurement||S E  Irrigation Workshop Circle - I Kanpur||E E Barrage Mechanical Maintenance Div Varanasi
2024_DOLBU_924969_1,2024_DOLBU_924969_1,988/NPI(2024-25) 1,Nala Safai Bhaag-1,,,,,,,,,,,,,,,,Directorate of Local Bodies UP||Nagar Panchayat Islamnagar Badaun,,,,,,"932,922.497",,,Directorate of Local Bodies UP||Nagar Panchayat Islamnagar Badaun
2024_DOLBU_924972_1,2024_DOLBU_924972_1,988/NPI(2024-25) 2,Nala Safai Bhaag 2,,,,,,,,,,,,,,,,Directorate of Local Bodies UP||Nagar Panchayat Islamnagar Badaun,,,,,,"990,970.835",,,Directorate of Local Bodies UP||Nagar Panchayat Islamnagar Badaun
2024_DOLBU_924969_1,2024_DOLBU_918265_2,988/NPI(2024-25) 1,Nala Safai Bhaag-1,,,,,,,,,,,,,,,,Directorate of Local Bodies UP||Nagar Panchayat Islamnagar Badaun,,,,,,"932,922.497",,,Directorate of Local Bodies UP||Nagar Panchayat Islamnagar Badaun
2024_DOLBU_924969_1,2024_DOLBU_918265_3,988/NPI(2024-25) 1,Nala Safai Bhaag-1,,,,,,,,,,,,,,,,Directorate of Local Bodies UP||Nagar Panchayat Islamnagar Badaun,,,,,,"932,922.497",,,Directorate of Local Bodies UP||Nagar Panchayat Islamnagar Badaun
2024_UPIDM_887536_1,2024_UPIDM_881855_5,15/EEBMMDVNS/2023-24,"Moblization of Departmental dredger Elicot-350 capacity 350 m3/Hr solid for Dredging work in Ghaghra river to protect group of Villages-Maipur,Mahuwaparfrom flood and erosion in District- Basti.",,,,,,,,,,,,,,,,U P Irrigation Department (Mechanical)||Central Equipment and Stores Procurement||S E  Irrigation Workshop Circle - I Kanpur||E E Barrage Mechanical Maintenance Div Varanasi,,,,,,"1,647,000",,,U P Irrigation Department (Mechanical)||Central Equipment and Stores Procurement||S E  Irrigation Workshop Circle - I Kanpur||E E Barrage Mechanical Maintenance Div Varanasi
2024_UPIDM_887536_1,2024_UPIDM_882621_1,15/EEBMMDVNS/2023-24,"Moblization of Departmental dredger Elicot-350 capacity 350 m3/Hr solid for Dredging work in Ghaghra river to protect group of Villages-Maipur,Mahuwaparfrom flood and erosion in District- Basti.",,,,,,,,,,,,,,,,U P Irrigation Department (Mechanical)||Central Equipment and Stores Procurement||S E  Irrigation Workshop Circle - I Kanpur||E E Barrage Mechanical Maintenance Div Varanasi,,,,,,"1,647,000",,,U P Irrigation Department (Mechanical)||Central Equipment and Stores Procurement||S E  Irrigation Workshop Circle - I Kanpur||E E Barrage Mechanical Maintenance Div Varanasi
2024_UPIDM_887536_1,2024_UPIDM_882648_1,15/EEBMMDVNS/2023-24,"Moblization of Departmental dredger Elicot-350 capacity 350 m3/Hr solid for Dredging work in Ghaghra river to protect group of Villages-Maipur,Mahuwaparfrom flood and erosion in District- Basti.",,,,,,,,,,,,,,,,U P Irrigation Department (Mechanical)||Central Equipment and Stores Procurement||S E  Irrigation Workshop Circle - I Kanpur||E E Barrage Mechanical Maintenance Div Varanasi,,,,,,"1,647,000",,,U P Irrigation Department (Mechanical)||Central Equipment and Stores Procurement||S E  Irrigation Workshop Circle - I Kanpur||E E Barrage Mechanical Maintenance Div Varanasi
2024_UPIDM_887536_1,2024_UPIDM_887529_1,15/EEBMMDVNS/2023-24,"Moblization of Departmental dredger Elicot-350 capacity 350 m3/Hr solid for Dredging work in Ghaghra river to protect group of Villages-Maipur,Mahuwaparfrom flood and erosion in District- Basti.",,,,,,,,,,,,,,,,U P Irrigation Department (Mechanical)||Central Equipment and Stores Procurement||S E  Irrigation Workshop Circle - I Kanpur||E E Barrage Mechanical Maintenance Div Varanasi,,,,,,"1,647,000",,,U P Irrigation Department (Mechanical)||Central Equipment and Stores Procurement||S E  Irrigation Workshop Circle - I Kanpur||E E Barrage Mechanical Maintenance Div Varanasi
2024_UPIDM_887536_1,2024_UPIDM_887536_1,15/EEBMMDVNS/2023-24,"Moblization of Departmental dredger Elicot-350 capacity 350 m3/Hr solid for Dredging work in Ghaghra river to protect group of Villages-Maipur,Mahuwaparfrom flood and erosion in District- Basti.",,,,,,,,,,,,,,,,U P Irrigation Department (Mechanical)||Central Equipment and Stores Procurement||S E  Irrigation Workshop Circle - I Kanpur||E E Barrage Mechanical Maintenance Div Varanasi,,,,,,"1,647,000",,,U P Irrigation Department (Mechanical)||Central Equipment and Stores Procurement||S E  Irrigation Workshop Circle - I Kanpur||E E Barrage Mechanical Maintenance Div Varanasi
2024_UPIDM_887644_1,2024_UPIDM_887536_2,16/EEBMMDVNS/2023-24/Lot-2,"Balli piling work under project of river training by dredging to protect group of village Maipur,Mahuwapar,Gangapur and other villages from flood and erosion situated at Left bank of Ghaghra river in District- Basti.",,,,,,,,,,,,,,,,U P Irrigation Department (Mechanical)||Central Equipment and Stores Procurement||S E  Irrigation Workshop Circle - I Kanpur||E E Barrage Mechanical Maintenance Div Varanasi,,,,,,"2,950,000",,,U P Irrigation Department (Mechanical)||Central Equipment and Stores Procurement||S E  Irrigation Workshop Circle - I Kanpur||E E Barrage Mechanical Maintenance Div Varanasi
2024_UPIDM_887644_1,2024_UPIDM_887614_1,16/EEBMMDVNS/2023-24/Lot-2,"Balli piling work under project of river training by dredging to protect group of village Maipur,Mahuwapar,Gangapur and other villages from flood and erosion situated at Left bank of Ghaghra river in District- Basti.",,,,,,,,,,,,,,,,U P Irrigation Department (Mechanical)||Central Equipment and Stores Procurement||S E  Irrigation Workshop Circle - I Kanpur||E E Barrage Mechanical Maintenance Div Varanasi,,,,,,"2,950,000",,,U P Irrigation Department (Mechanical)||Central Equipment and Stores Procurement||S E  Irrigation Workshop Circle - I Kanpur||E E Barrage Mechanical Maintenance Div Varanasi
2024_UPIDM_887644_1,2024_UPIDM_887644_1,16/EEBMMDVNS/2023-24/Lot-2,"Balli piling work under project of river training by dredging to protect group of village Maipur,Mahuwapar,Gangapur and other villages from flood and erosion situated at Left bank of Ghaghra river in District- Basti.",,,,,,,,,,,,,,,,U P Irrigation Department (Mechanical)||Central Equipment and Stores Procurement||S E  Irrigation Workshop Circle - I Kanpur||E E Barrage Mechanical Maintenance Div Varanasi,,,,,,"2,950,000",,,U P Irrigation Department (Mechanical)||Central Equipment and Stores Procurement||S E  Irrigation Workshop Circle - I Kanpur||E E Barrage Mechanical Maintenance Div Varanasi
2024_DOLBU_897756_1,2024_DOLBU_897756_1,Tender,work from Saraswati Vidya Mandir School to Vrindavan Colony in Subhash Chand Bose Nagar,,,,,,,,,,,,,,,,Directorate of Local Bodies UP||Gorakhpur Municipal Corporation,,,,,,"33,282,054.539",,,Directorate of Local Bodies UP||Gorakhpur Municipal Corporation
2024_DOLBU_895258_1,2024_DOLBU_895258_1,FFC_02,Ward number 2 mughalahan mukhya Marg se SBV public school se sent Paul School Tak CC Sadak aur Nali Nirman ka Karya,,,,,,,,,,,,,,,,Directorate of Local Bodies UP||Gorakhpur Municipal Corporation,,,,,,"1,468,729.239",,,Directorate of Local Bodies UP||Gorakhpur Municipal Corporation
2024_DOLBU_895851_1,2024_DOLBU_895367_1,FFC_Drain,Takiya Ghat AVN usse Girne wale naalon ka phyto ride Vidhi se jald shodhan ka Karya,,,,,,,,,,,,,,,,Directorate of Local Bodies UP||Gorakhpur Municipal Corporation,,,,,,"23,531,041.25",,,Directorate of Local Bodies UP||Gorakhpur Municipal Corporation
2024_DOLBU_895851_1,2024_DOLBU_895851_1,FFC_Drain,Takiya Ghat AVN usse Girne wale naalon ka phyto ride Vidhi se jald shodhan ka Karya,,,,,,,,,,,,,,,,Directorate of Local Bodies UP||Gorakhpur Municipal Corporation,,,,,,"23,531,041.25",,,Directorate of Local Bodies UP||Gorakhpur Municipal Corporation
2024_DOLBU_892079_8,2024_DOLBU_892079_7,NNMV/NIRMAN/14/15V/RV/1-40,Work No. 08 Out Of 35 15VITT Works,,,,,,,,,,,,,,,,Directorate of Local Bodies UP||Mathura Municipal Corporation,,,,,,"1,606,119.9",,,Directorate of Local Bodies UP||Mathura Municipal Corporation
2024_DOLBU_892079_8,2024_DOLBU_892079_8,NNMV/NIRMAN/14/15V/RV/1-40,Work No. 08 Out Of 35 15VITT Works,,,,,,,,,,,,,,,,Directorate of Local Bodies UP||Mathura Municipal Corporation,,,,,,"1,606,119.9",,,Directorate of Local Bodies UP||Mathura Municipal Corporation
2024_DOLBU_892079_19,2024_DOLBU_892079_19,NNMV/NIRMAN/14/15V/RV/1-40,Work No. 19 Out Of 35 15VITT Works,,,,,,,,,,,,,,,,Directorate of Local Bodies UP||Mathura Municipal Corporation,,,,,,"1,582,054.09",,,Directorate of Local Bodies UP||Mathura Municipal Corporation
2024_DOLBU_892079_4,2024_DOLBU_892079_37,NNMV/NIRMAN/14/15V/RV/1-40,Work No. 04 Out Of 35 15VITT Works,,,,,,,,,,,,,,,,Directorate of Local Bodies UP||Mathura Municipal Corporation,,,,,,"517,301.86",,,Directorate of Local Bodies UP||Mathura Municipal Corporation
2024_DOLBU_892079_4,2024_DOLBU_892079_4,NNMV/NIRMAN/14/15V/RV/1-40,Work No. 04 Out Of 35 15VITT Works,,,,,,,,,,,,,,,,Directorate of Local Bodies UP||Mathura Municipal Corporation,,,,,,"517,301.86",,,Directorate of Local Bodies UP||Mathura Municipal Corporation
2024_DOLBU_879882_38,2024_DOLBU_879882_38,NNMV/NIRMAN/122/15VITT/1-50,Work No. 38  Out Of 93 15VITT Works,,,,,,,,,,,,,,,,Directorate of Local Bodies UP||Mathura Municipal Corporation,,,,,,"981,090.5",,,Directorate of Local Bodies UP||Mathura Municipal Corporation
2024_DOLBU_879897_25,2024_DOLBU_879897_25,NNMV/NIRMAN/122/15VITT/51-93,Work No. 75 Out of 93 15VITT works,,,,,,,,,,,,,,,,Directorate of Local Bodies UP||Mathura Municipal Corporation,,,,,,"845,180.91",,,Directorate of Local Bodies UP||Mathura Municipal Corporation
2024_DOLBU_879897_2,2024_DOLBU_879897_2,NNMV/NIRMAN/122/15VITT/51-93,Work No. 52 Out of 93 15VITT works,,,,,,,,,,,,,,,,Directorate of Local Bodies UP||Mathura Municipal Corporation,,,,,,"196,479.56",,,Directorate of Local Bodies UP||Mathura Municipal Corporation
2024_DOLBU_879882_14,2024_DOLBU_879882_11,NNMV/NIRMAN/122/15VITT/1-50,Work No. 14 Out Of 93 15VITT Works,,,,,,,,,,,,,,,,Directorate of Local Bodies UP||Mathura Municipal Corporation,,,,,,"758,932.03",,,Directorate of Local Bodies UP||Mathura Municipal Corporation
2024_DOLBU_879882_14,2024_DOLBU_879882_14,NNMV/NIRMAN/122/15VITT/1-50,Work No. 14 Out Of 93 15VITT Works,,,,,,,,,,,,,,,,Directorate of Local Bodies UP||Mathura Municipal Corporation,,,,,,"758,932.03",,,Directorate of Local Bodies UP||Mathura Municipal Corporation
2024_DOLBU_879882_22,2024_DOLBU_879882_22,NNMV/NIRMAN/122/15VITT/1-50,Work No. 22  Out Of 93 15VITT Works,,,,,,,,,,,,,,,,Directorate of Local Bodies UP||Mathura Municipal Corporation,,,,,,"1,194,110.18",,,Directorate of Local Bodies UP||Mathura Municipal Corporation
2024_DEO10_900536_37,2024_DEO10_900536_37,430/E-TENDER/EXCISE/HAMIRPUR,CL JHINNAVEERA,,,,,,,,,,,,,,,,Uttar Pradesh Excise Department||Joint Excise Commissioner Agra||Deputy Excise Commissioner Chitrakoot Dham||District Excise Officer Hamirpur,,,,,,"10,500",,,Uttar Pradesh Excise Department||Joint Excise Commissioner Agra||Deputy Excise Commissioner Chitrakoot Dham||District Excise Officer Hamirpur
2024_CEUVZ_908396_11,2024_CEUVZ_907617_7,"646/183COM-VNS CIRCLE/2023-24, DATE-17.02.2024","Lohata reservesh marg pr samany marammt ke sath navinikran ka karya ( any jila marg km-1(850), 2(750) 3,4(900)5,6 (400)",,,,,,,,,,,,,,,,"Chief Engineer PWD Varanasi Zone||S.E. Varanasi Circle,PWD, Varanasi||CONSTURCTION DIVISION 1 PWD VARANASI",,,,,,"3,810,811.4",,,"Chief Engineer PWD Varanasi Zone||S.E. Varanasi Circle,PWD, Varanasi||CONSTURCTION DIVISION 1 PWD VARANASI"
2024_CEUVZ_908396_11,2024_CEUVZ_908396_11,"646/183COM-VNS CIRCLE/2023-24, DATE-17.02.2024","Lohata reservesh marg pr samany marammt ke sath navinikran ka karya ( any jila marg km-1(850), 2(750) 3,4(900)5,6 (400)",,,,,,,,,,,,,,,,"Chief Engineer PWD Varanasi Zone||S.E. Varanasi Circle,PWD, Varanasi||CONSTURCTION DIVISION 1 PWD VARANASI",,,,,,"3,810,811.4",,,"Chief Engineer PWD Varanasi Zone||S.E. Varanasi Circle,PWD, Varanasi||CONSTURCTION DIVISION 1 PWD VARANASI"
2024_CEUVZ_908396_13,2024_CEUVZ_908396_13,"646/183COM-VNS CIRCLE/2023-24, DATE-17.02.2024","JAKHINI ADALPURA MARG PAR SAMANY MARMMAT KE SATH NAVINIKARAN KA 	KARYA (ODR) KM-1,2,3,5(600)",,,,,,,,,,,,,,,,"Chief Engineer PWD Varanasi Zone||S.E. Varanasi Circle,PWD, Varanasi||CONSTURCTION DIVISION 1 PWD VARANASI",,,,,,"6,585,051",,,"Chief Engineer PWD Varanasi Zone||S.E. Varanasi Circle,PWD, Varanasi||CONSTURCTION DIVISION 1 PWD VARANASI"
2024_CEUVZ_908396_7,2024_CEUVZ_908396_7,"646/183COM-VNS CIRCLE/2023-24, DATE-17.02.2024","Lahartara akelwa km-4 chitauni se mahmudpur vaya bharthara marg par samany marammt ke sath navinikarn ka karya (any jila marg) km 1,2,3,4,5,(600)",,,,,,,,,,,,,,,,"Chief Engineer PWD Varanasi Zone||S.E. Varanasi Circle,PWD, Varanasi||CONSTURCTION DIVISION 1 PWD VARANASI",,,,,,"3,563,761.08",,,"Chief Engineer PWD Varanasi Zone||S.E. Varanasi Circle,PWD, Varanasi||CONSTURCTION DIVISION 1 PWD VARANASI"
2024_CEUVZ_910446_2,2024_CEUVZ_910446_2,620/53 M-MZP Circle/24 Date-08.02.2024,General Repair and Renewal with PC on Satbahani link road Km 1-6  (400),,,,,,,,,,,,,,,,"Chief Engineer PWD Varanasi Zone||S.E. Sonebhadra Circle,PWD, Sonebhadra||Contruction Division,PWD ,Sonebhadra",,,,,,"3,087,521.74",,,"Chief Engineer PWD Varanasi Zone||S.E. Sonebhadra Circle,PWD, Sonebhadra||Contruction Division,PWD ,Sonebhadra"
2024_CEUVZ_904659_4,2024_CEUVZ_904659_4,549/24A date 19-02-2024,ramchandrapur se sadurpur lot4,,,,,,,,,,,,,,,,"Chief Engineer PWD Varanasi Zone||S.E. Mirzapur Circle,PWD, Mirzapur||PROVINCIAL DIVISON PWD SANT RAVIDAS NAGAR",,,,,,"1,189,615.3",,,"Chief Engineer PWD Varanasi Zone||S.E. Mirzapur Circle,PWD, Mirzapur||PROVINCIAL DIVISON PWD SANT RAVIDAS NAGAR"
2024_CEUVZ_904659_5,2024_CEUVZ_904659_5,549/24A date 19-02-2024,suriyawa kushaghat se bela road lot5,,,,,,,,,,,,,,,,"Chief Engineer PWD Varanasi Zone||S.E. Mirzapur Circle,PWD, Mirzapur||PROVINCIAL DIVISON PWD SANT RAVIDAS NAGAR",,,,,,"915,725.64",,,"Chief Engineer PWD Varanasi Zone||S.E. Mirzapur Circle,PWD, Mirzapur||PROVINCIAL DIVISON PWD SANT RAVIDAS NAGAR"
2024_CEUVZ_904778_2,2024_CEUVZ_904659_6,528/24A date 16-02-2024,gyanpur bhabhnauti road se deep carpet gyanpur bhadohi road,,,,,,,,,,,,,,,,"Chief Engineer PWD Varanasi Zone||S.E. Mirzapur Circle,PWD, Mirzapur||PROVINCIAL DIVISON PWD SANT RAVIDAS NAGAR",,,,,,"1,013,325",,,"Chief Engineer PWD Varanasi Zone||S.E. Mirzapur Circle,PWD, Mirzapur||PROVINCIAL DIVISON PWD SANT RAVIDAS NAGAR"
2024_CEUVZ_904778_2,2024_CEUVZ_904778_2,528/24A date 16-02-2024,gyanpur bhabhnauti road se deep carpet gyanpur bhadohi road,,,,,,,,,,,,,,,,"Chief Engineer PWD Varanasi Zone||S.E. Mirzapur Circle,PWD, Mirzapur||PROVINCIAL DIVISON PWD SANT RAVIDAS NAGAR",,,,,,"1,013,325",,,"Chief Engineer PWD Varanasi Zone||S.E. Mirzapur Circle,PWD, Mirzapur||PROVINCIAL DIVISON PWD SANT RAVIDAS NAGAR"
2024_CEUVZ_906914_1,2024_CEUVZ_906914_1,786/SE Tender/jnp-gzp circle/23 date 23-02-2024,Renewal of Bahariyabad Paliwar Raipur Road	 (5 Year Maintenance),,,,,,,,,,,,,,,,Chief Engineer PWD Varanasi Zone||S.E. Jaunpur - Ghazipur Circle PWD Jaunpur,,,,,,"5,845,687.32",,,Chief Engineer PWD Varanasi Zone||S.E. Jaunpur - Ghazipur Circle PWD Jaunpur
2024_CEUVZ_907036_3,2024_CEUVZ_907036_2,398/9A Dated 23-02-2024,Patch Repair Work at SH and ODR roads in Vikash khand Barsathi in Distt Jaunpur,,,,,,,,,,,,,,,,"Chief Engineer PWD Varanasi Zone||S.E. Jaunpur - Ghazipur Circle PWD Jaunpur||Construction Division, PWD Jaunpur",,,,,,"314,353.62",,,"Chief Engineer PWD Varanasi Zone||S.E. Jaunpur - Ghazipur Circle PWD Jaunpur||Construction Division, PWD Jaunpur"
2024_CEUVZ_907036_3,2024_CEUVZ_907036_3,398/9A Dated 23-02-2024,Patch Repair Work at SH and ODR roads in Vikash khand Barsathi in Distt Jaunpur,,,,,,,,,,,,,,,,"Chief Engineer PWD Varanasi Zone||S.E. Jaunpur - Ghazipur Circle PWD Jaunpur||Construction Division, PWD Jaunpur",,,,,,"314,353.62",,,"Chief Engineer PWD Varanasi Zone||S.E. Jaunpur - Ghazipur Circle PWD Jaunpur||Construction Division, PWD Jaunpur"
2024_CEUVZ_903425_6,2024_CEUVZ_903425_6,447/24A date 09-02-2024,bhadohi aurai road se saroi bazar deep narayan bharti ke ghar tak cc road ka nirman karya lot6,,,,,,,,,,,,,,,,"Chief Engineer PWD Varanasi Zone||S.E. Mirzapur Circle,PWD, Mirzapur||PROVINCIAL DIVISON PWD SANT RAVIDAS NAGAR",,,,,,"1,045,660.1",,,"Chief Engineer PWD Varanasi Zone||S.E. Mirzapur Circle,PWD, Mirzapur||PROVINCIAL DIVISON PWD SANT RAVIDAS NAGAR"
2024_CEUVZ_903890_10,2024_CEUVZ_903890_10,620/53 M-MZP Circle/24 Date-08.02.2024,General Repair and Renewal with PC on Jhapar Bajar se Pathkhirna link road,,,,,,,,,,,,,,,,"Chief Engineer PWD Varanasi Zone||S.E. Sonebhadra Circle,PWD, Sonebhadra||Contruction Division,PWD ,Sonebhadra",,,,,,"2,782,856.07",,,"Chief Engineer PWD Varanasi Zone||S.E. Sonebhadra Circle,PWD, Sonebhadra||Contruction Division,PWD ,Sonebhadra"
2024_CEUVZ_903890_11,2024_CEUVZ_903890_11,620/53 M-MZP Circle/24 Date-08.02.2024,General Repair and Renewal with PC on Banmahari se kota link road,,,,,,,,,,,,,,,,"Chief Engineer PWD Varanasi Zone||S.E. Sonebhadra Circle,PWD, Sonebhadra||Contruction Division,PWD ,Sonebhadra",,,,,,"3,625,729.27",,,"Chief Engineer PWD Varanasi Zone||S.E. Sonebhadra Circle,PWD, Sonebhadra||Contruction Division,PWD ,Sonebhadra"
2024_CEUVZ_903890_12,2024_CEUVZ_903890_12,620/53 M-MZP Circle/24 Date-08.02.2024,General Repair and Renewal with PC on Ghaghara Chakelwa Pandit tola hote hue Dhankhor tak link road,,,,,,,,,,,,,,,,"Chief Engineer PWD Varanasi Zone||S.E. Sonebhadra Circle,PWD, Sonebhadra||Contruction Division,PWD ,Sonebhadra",,,,,,"2,757,047.17",,,"Chief Engineer PWD Varanasi Zone||S.E. Sonebhadra Circle,PWD, Sonebhadra||Contruction Division,PWD ,Sonebhadra"
2024_CEUVZ_904659_4,2024_CEUVZ_903890_9,549/24A date 19-02-2024,ramchandrapur se sadurpur lot4,,,,,,,,,,,,,,,,"Chief Engineer PWD Varanasi Zone||S.E. Mirzapur Circle,PWD, Mirzapur||PROVINCIAL DIVISON PWD SANT RAVIDAS NAGAR",,,,,,"1,189,615.3",,,"Chief Engineer PWD Varanasi Zone||S.E. Mirzapur Circle,PWD, Mirzapur||PROVINCIAL DIVISON PWD SANT RAVIDAS NAGAR"
2024_CEUVZ_897889_21,2024_CEUVZ_897889_21,264/2A DT 02-02-2024,RENEWAL OF MAHUTI UMA YADAV KE GHAR TO KOL BASTI MAURYA BASTI ROAD,,,,,,,,,,,,,,,,"Chief Engineer PWD Varanasi Zone||S.E. Mirzapur Circle,PWD, Mirzapur||CONSTRUCTION DIVISION 2 PWD MIRZAPUR",,,,,,"1,356,936",,,"Chief Engineer PWD Varanasi Zone||S.E. Mirzapur Circle,PWD, Mirzapur||CONSTRUCTION DIVISION 2 PWD MIRZAPUR"
2024_CEUVZ_898015_1,2024_CEUVZ_898015_1,427/10 LEKHA DT. 07.02.2024,Interlocking Concrete Block Drain work between Boundary Wall and main road at Auditorium Hall District Ghazipur,,,,,,,,,,,,,,,,"Chief Engineer PWD Varanasi Zone||S.E. Jaunpur - Ghazipur Circle PWD Jaunpur||Provincial Division, PWD Ghazipur",,,,,,"1,240,059.94",,,"Chief Engineer PWD Varanasi Zone||S.E. Jaunpur - Ghazipur Circle PWD Jaunpur||Provincial Division, PWD Ghazipur"
2024_CEUVZ_898101_4,2024_CEUVZ_898101_1,Ref No 349/10A Date 16.02.2024,Special Repair of Barthi Link Road,,,,,,,,,,,,,,,,"Chief Engineer PWD Varanasi Zone||S.E. Jaunpur - Ghazipur Circle PWD Jaunpur||Construction Division - 1, PWD Ghazipur",,,,,,"915,685.22",,,"Chief Engineer PWD Varanasi Zone||S.E. Jaunpur - Ghazipur Circle PWD Jaunpur||Construction Division - 1, PWD Ghazipur"
2024_CEUVZ_898101_4,2024_CEUVZ_898101_4,Ref No 349/10A Date 16.02.2024,Special Repair of Barthi Link Road,,,,,,,,,,,,,,,,"Chief Engineer PWD Varanasi Zone||S.E. Jaunpur - Ghazipur Circle PWD Jaunpur||Construction Division - 1, PWD Ghazipur",,,,,,"915,685.22",,,"Chief Engineer PWD Varanasi Zone||S.E. Jaunpur - Ghazipur Circle PWD Jaunpur||Construction Division - 1, PWD Ghazipur"
2024_CEUVZ_897213_6,2024_CEUVZ_897213_4,428/10 lekha dt. 07.02.2024,Renewal of Nayakdih Maudha Road Nayakdih to Soniyapar Link Road,,,,,,,,,,,,,,,,"Chief Engineer PWD Varanasi Zone||S.E. Jaunpur - Ghazipur Circle PWD Jaunpur||Provincial Division, PWD Ghazipur",,,,,,"1,431,576.89",,,"Chief Engineer PWD Varanasi Zone||S.E. Jaunpur - Ghazipur Circle PWD Jaunpur||Provincial Division, PWD Ghazipur"
2024_CEUVZ_897213_6,2024_CEUVZ_897213_6,428/10 lekha dt. 07.02.2024,Renewal of Nayakdih Maudha Road Nayakdih to Soniyapar Link Road,,,,,,,,,,,,,,,,"Chief Engineer PWD Varanasi Zone||S.E. Jaunpur - Ghazipur Circle PWD Jaunpur||Provincial Division, PWD Ghazipur",,,,,,"1,431,576.89",,,"Chief Engineer PWD Varanasi Zone||S.E. Jaunpur - Ghazipur Circle PWD Jaunpur||Provincial Division, PWD Ghazipur"
2024_CEUVZ_897213_8,2024_CEUVZ_897213_8,428/10 lekha dt. 07.02.2024,Renewal of Makdumpur Ikara Link Road,,,,,,,,,,,,,,,,"Chief Engineer PWD Varanasi Zone||S.E. Jaunpur - Ghazipur Circle PWD Jaunpur||Provincial Division, PWD Ghazipur",,,,,,"1,013,550.27",,,"Chief Engineer PWD Varanasi Zone||S.E. Jaunpur - Ghazipur Circle PWD Jaunpur||Provincial Division, PWD Ghazipur"
2024_CEUVZ_897213_9,2024_CEUVZ_897213_9,428/10 lekha dt. 07.02.2024,Renewal of Bhimapar Mai Road to Rampur Harvansh Urf Itaha Rajbhar Basti Link Road,,,,,,,,,,,,,,,,"Chief Engineer PWD Varanasi Zone||S.E. Jaunpur - Ghazipur Circle PWD Jaunpur||Provincial Division, PWD Ghazipur",,,,,,"763,726.86",,,"Chief Engineer PWD Varanasi Zone||S.E. Jaunpur - Ghazipur Circle PWD Jaunpur||Provincial Division, PWD Ghazipur"
2024_CEUVZ_897720_2,2024_CEUVZ_897546_11,417/24a date 7/2/24,varansi bhadohi gopignaj road km 56 se yadav basti gupta yadav basti vedpur hote hue bhuduala road lot2,,,,,,,,,,,,,,,,"Chief Engineer PWD Varanasi Zone||S.E. Mirzapur Circle,PWD, Mirzapur||PROVINCIAL DIVISON PWD SANT RAVIDAS NAGAR",,,,,,"2,453,120",,,"Chief Engineer PWD Varanasi Zone||S.E. Mirzapur Circle,PWD, Mirzapur||PROVINCIAL DIVISON PWD SANT RAVIDAS NAGAR"
2024_CEUVZ_897720_2,2024_CEUVZ_897720_2,417/24a date 7/2/24,varansi bhadohi gopignaj road km 56 se yadav basti gupta yadav basti vedpur hote hue bhuduala road lot2,,,,,,,,,,,,,,,,"Chief Engineer PWD Varanasi Zone||S.E. Mirzapur Circle,PWD, Mirzapur||PROVINCIAL DIVISON PWD SANT RAVIDAS NAGAR",,,,,,"2,453,120",,,"Chief Engineer PWD Varanasi Zone||S.E. Mirzapur Circle,PWD, Mirzapur||PROVINCIAL DIVISON PWD SANT RAVIDAS NAGAR"
2024_CEUVZ_893503_1,2024_CEUVZ_893503_1,317/SE Tender/jnp-gzp circle/23 date 31-01-2024,SR of Baruin Dildarnagar mainar to tokawa lokwa gawn tak link road,,,,,,,,,,,,,,,,Chief Engineer PWD Varanasi Zone||S.E. Jaunpur - Ghazipur Circle PWD Jaunpur,,,,,,"3,531,013.62",,,Chief Engineer PWD Varanasi Zone||S.E. Jaunpur - Ghazipur Circle PWD Jaunpur
2024_CEUVZ_894780_1,2024_CEUVZ_894401_2,179/9A Dated 05-02-2024,Maintinance of Machhlishahar Mariyahun mukhya marg par gram Jamalpur me mukhya marg se Suryabhan yadav ke ghar tak  Link Road in Distt Jaunpur,,,,,,,,,,,,,,,,"Chief Engineer PWD Varanasi Zone||S.E. Jaunpur - Ghazipur Circle PWD Jaunpur||Construction Division, PWD Jaunpur",,,,,,"622,887.19",,,"Chief Engineer PWD Varanasi Zone||S.E. Jaunpur - Ghazipur Circle PWD Jaunpur||Construction Division, PWD Jaunpur"
2024_CEUVZ_894780_1,2024_CEUVZ_894779_1,179/9A Dated 05-02-2024,Maintinance of Machhlishahar Mariyahun mukhya marg par gram Jamalpur me mukhya marg se Suryabhan yadav ke ghar tak  Link Road in Distt Jaunpur,,,,,,,,,,,,,,,,"Chief Engineer PWD Varanasi Zone||S.E. Jaunpur - Ghazipur Circle PWD Jaunpur||Construction Division, PWD Jaunpur",,,,,,"622,887.19",,,"Chief Engineer PWD Varanasi Zone||S.E. Jaunpur - Ghazipur Circle PWD Jaunpur||Construction Division, PWD Jaunpur"
2024_CEUVZ_894780_1,2024_CEUVZ_894780_1,179/9A Dated 05-02-2024,Maintinance of Machhlishahar Mariyahun mukhya marg par gram Jamalpur me mukhya marg se Suryabhan yadav ke ghar tak  Link Road in Distt Jaunpur,,,,,,,,,,,,,,,,"Chief Engineer PWD Varanasi Zone||S.E. Jaunpur - Ghazipur Circle PWD Jaunpur||Construction Division, PWD Jaunpur",,,,,,"622,887.19",,,"Chief Engineer PWD Varanasi Zone||S.E. Jaunpur - Ghazipur Circle PWD Jaunpur||Construction Division, PWD Jaunpur"
2024_CEUVZ_896102_12,2024_CEUVZ_896102_12,200/9A Dated 07-02-2024,Patch Repair Work at SH and ODR roads in Vikash khand Machhlishahar in Distt Jaunpur,,,,,,,,,,,,,,,,"Chief Engineer PWD Varanasi Zone||S.E. Jaunpur - Ghazipur Circle PWD Jaunpur||Construction Division, PWD Jaunpur",,,,,,"643,804.24",,,"Chief Engineer PWD Varanasi Zone||S.E. Jaunpur - Ghazipur Circle PWD Jaunpur||Construction Division, PWD Jaunpur"
2024_CEUVZ_896102_1,2024_CEUVZ_896102_1,200/9A Dated 07-02-2024,SR Work of Karmauwa Dhanethu Link Road in Distt Jaunpur,,,,,,,,,,,,,,,,"Chief Engineer PWD Varanasi Zone||S.E. Jaunpur - Ghazipur Circle PWD Jaunpur||Construction Division, PWD Jaunpur",,,,,,"684,433.22",,,"Chief Engineer PWD Varanasi Zone||S.E. Jaunpur - Ghazipur Circle PWD Jaunpur||Construction Division, PWD Jaunpur"
2024_CEUVZ_896820_4,2024_CEUVZ_896820_4,Ref No 267/10A Date 06.02.2024,Special Repair of Zamania Lahuar Nahasar to Pachokhar Nahar tak Link Road,,,,,,,,,,,,,,,,"Chief Engineer PWD Varanasi Zone||S.E. Jaunpur - Ghazipur Circle PWD Jaunpur||Construction Division - 1, PWD Ghazipur",,,,,,"2,435,742",,,"Chief Engineer PWD Varanasi Zone||S.E. Jaunpur - Ghazipur Circle PWD Jaunpur||Construction Division - 1, PWD Ghazipur"
2024_CEUVZ_897213_6,2024_CEUVZ_897213_2,428/10 lekha dt. 07.02.2024,Renewal of Nayakdih Maudha Road Nayakdih to Soniyapar Link Road,,,,,,,,,,,,,,,,"Chief Engineer PWD Varanasi Zone||S.E. Jaunpur - Ghazipur Circle PWD Jaunpur||Provincial Division, PWD Ghazipur",,,,,,"1,431,576.89",,,"Chief Engineer PWD Varanasi Zone||S.E. Jaunpur - Ghazipur Circle PWD Jaunpur||Provincial Division, PWD Ghazipur"
2024_CEUVZ_890382_1,2024_CEUVZ_890382_1,265/24A date 24/01/2024,bhadohi ke tashil aurai vadiya (jathi) moder school chakmasud (pipyopur) road punha nirman,,,,,,,,,,,,,,,,"Chief Engineer PWD Varanasi Zone||S.E. Mirzapur Circle,PWD, Mirzapur||PROVINCIAL DIVISON PWD SANT RAVIDAS NAGAR",,,,,,"1,945,970.02",,,"Chief Engineer PWD Varanasi Zone||S.E. Mirzapur Circle,PWD, Mirzapur||PROVINCIAL DIVISON PWD SANT RAVIDAS NAGAR"
2024_CEUVZ_892523_4,2024_CEUVZ_892523_12,232/SE Tender/jnp-gzp circle/23 date 23-01-2024,Renewal of Saidpur Chochakpur Road,,,,,,,,,,,,,,,,Chief Engineer PWD Varanasi Zone||S.E. Jaunpur - Ghazipur Circle PWD Jaunpur,,,,,,"16,085,824.98",,,Chief Engineer PWD Varanasi Zone||S.E. Jaunpur - Ghazipur Circle PWD Jaunpur
2024_CEUVZ_892523_4,2024_CEUVZ_892523_4,232/SE Tender/jnp-gzp circle/23 date 23-01-2024,Renewal of Saidpur Chochakpur Road,,,,,,,,,,,,,,,,Chief Engineer PWD Varanasi Zone||S.E. Jaunpur - Ghazipur Circle PWD Jaunpur,,,,,,"16,085,824.98",,,Chief Engineer PWD Varanasi Zone||S.E. Jaunpur - Ghazipur Circle PWD Jaunpur
2024_CEUVZ_892523_5,2024_CEUVZ_892523_5,232/SE Tender/jnp-gzp circle/23 date 23-01-2024,Renewal of Saidpur Chiraiyakot Km1 to Khanpur Bazar to Lucknow Manjhighat Road Tak via Karampur National Stadium Road,,,,,,,,,,,,,,,,Chief Engineer PWD Varanasi Zone||S.E. Jaunpur - Ghazipur Circle PWD Jaunpur,,,,,,"4,998,241.92",,,Chief Engineer PWD Varanasi Zone||S.E. Jaunpur - Ghazipur Circle PWD Jaunpur
2024_CEUVZ_893313_7,2024_CEUVZ_893313_2,229/SE Tender/jnp-gzp circle/23 date 23-01-2024,Renewal of Gahamar Shayar Baraji Rajamal sewarai link road,,,,,,,,,,,,,,,,Chief Engineer PWD Varanasi Zone||S.E. Jaunpur - Ghazipur Circle PWD Jaunpur,,,,,,"4,563,217.25",,,Chief Engineer PWD Varanasi Zone||S.E. Jaunpur - Ghazipur Circle PWD Jaunpur
2024_CEUVZ_893313_7,2024_CEUVZ_893313_7,229/SE Tender/jnp-gzp circle/23 date 23-01-2024,Renewal of Gahamar Shayar Baraji Rajamal sewarai link road,,,,,,,,,,,,,,,,Chief Engineer PWD Varanasi Zone||S.E. Jaunpur - Ghazipur Circle PWD Jaunpur,,,,,,"4,563,217.25",,,Chief Engineer PWD Varanasi Zone||S.E. Jaunpur - Ghazipur Circle PWD Jaunpur
2024_CEUVZ_893313_8,2024_CEUVZ_893313_8,229/SE Tender/jnp-gzp circle/23 date 23-01-2024,Renewal of Dewachandpur to Mahuliya link road,,,,,,,,,,,,,,,,Chief Engineer PWD Varanasi Zone||S.E. Jaunpur - Ghazipur Circle PWD Jaunpur,,,,,,"3,656,077.02",,,Chief Engineer PWD Varanasi Zone||S.E. Jaunpur - Ghazipur Circle PWD Jaunpur
2024_CEUVZ_890378_84,2024_CEUVZ_890378_82,148/6A Dated 15-01-2024,Renewal With General Repair of Bichala Tola Link Road,,,,,,,,,,,,,,,,"Chief Engineer PWD Varanasi Zone||S.E. Sonebhadra Circle,PWD, Sonebhadra||PROVINCIAL DIVISON PWD SONEBHADRA",,,,,,"701,593",,,"Chief Engineer PWD Varanasi Zone||S.E. Sonebhadra Circle,PWD, Sonebhadra||PROVINCIAL DIVISON PWD SONEBHADRA"
2024_CEUVZ_890378_84,2024_CEUVZ_890378_84,148/6A Dated 15-01-2024,Renewal With General Repair of Bichala Tola Link Road,,,,,,,,,,,,,,,,"Chief Engineer PWD Varanasi Zone||S.E. Sonebhadra Circle,PWD, Sonebhadra||PROVINCIAL DIVISON PWD SONEBHADRA",,,,,,"701,593",,,"Chief Engineer PWD Varanasi Zone||S.E. Sonebhadra Circle,PWD, Sonebhadra||PROVINCIAL DIVISON PWD SONEBHADRA"
2024_CEUVZ_890378_52,2024_CEUVZ_890378_52,148/6A Dated 15-01-2024,Renewal With General Repair of Robertsganj Ghorawal Link Road to Tahasail,,,,,,,,,,,,,,,,"Chief Engineer PWD Varanasi Zone||S.E. Sonebhadra Circle,PWD, Sonebhadra||PROVINCIAL DIVISON PWD SONEBHADRA",,,,,,"300,818",,,"Chief Engineer PWD Varanasi Zone||S.E. Sonebhadra Circle,PWD, Sonebhadra||PROVINCIAL DIVISON PWD SONEBHADRA"
2024_CEUVZ_889598_7,2024_CEUVZ_889598_7,186/24A date 18-01-2024,ld road powwer house hote hue rajapur digree coldge lot7,,,,,,,,,,,,,,,,"Chief Engineer PWD Varanasi Zone||S.E. Mirzapur Circle,PWD, Mirzapur||PROVINCIAL DIVISON PWD SANT RAVIDAS NAGAR",,,,,,"272,911.8",,,"Chief Engineer PWD Varanasi Zone||S.E. Mirzapur Circle,PWD, Mirzapur||PROVINCIAL DIVISON PWD SANT RAVIDAS NAGAR"
2024_CEUVZ_889598_37,2024_CEUVZ_889598_37,186/24A date 18-01-2024,bhadohi suriyawa road se dudhwa dharampur lot37,,,,,,,,,,,,,,,,"Chief Engineer PWD Varanasi Zone||S.E. Mirzapur Circle,PWD, Mirzapur||PROVINCIAL DIVISON PWD SANT RAVIDAS NAGAR",,,,,,"956,681.55",,,"Chief Engineer PWD Varanasi Zone||S.E. Mirzapur Circle,PWD, Mirzapur||PROVINCIAL DIVISON PWD SANT RAVIDAS NAGAR"
2024_CEUVZ_889598_41,2024_CEUVZ_889598_41,186/24A date 18-01-2024,tikaitpur kachhuabojh se govindpur road se brhamn basti road lot41,,,,,,,,,,,,,,,,"Chief Engineer PWD Varanasi Zone||S.E. Mirzapur Circle,PWD, Mirzapur||PROVINCIAL DIVISON PWD SANT RAVIDAS NAGAR",,,,,,"301,147",,,"Chief Engineer PWD Varanasi Zone||S.E. Mirzapur Circle,PWD, Mirzapur||PROVINCIAL DIVISON PWD SANT RAVIDAS NAGAR"
2024_CEUVZ_889598_5,2024_CEUVZ_889598_47,186/24A date 18-01-2024,banuali link road lot5,,,,,,,,,,,,,,,,"Chief Engineer PWD Varanasi Zone||S.E. Mirzapur Circle,PWD, Mirzapur||PROVINCIAL DIVISON PWD SANT RAVIDAS NAGAR",,,,,,"281,522.7",,,"Chief Engineer PWD Varanasi Zone||S.E. Mirzapur Circle,PWD, Mirzapur||PROVINCIAL DIVISON PWD SANT RAVIDAS NAGAR"
2024_CEUVZ_889598_53,2024_CEUVZ_889598_50,186/24A date 18-01-2024,anegpur  brhamn basti road lot53,,,,,,,,,,,,,,,,"Chief Engineer PWD Varanasi Zone||S.E. Mirzapur Circle,PWD, Mirzapur||PROVINCIAL DIVISON PWD SANT RAVIDAS NAGAR",,,,,,"580,195",,,"Chief Engineer PWD Varanasi Zone||S.E. Mirzapur Circle,PWD, Mirzapur||PROVINCIAL DIVISON PWD SANT RAVIDAS NAGAR"
2024_CEUVZ_889598_53,2024_CEUVZ_889598_52,186/24A date 18-01-2024,anegpur  brhamn basti road lot53,,,,,,,,,,,,,,,,"Chief Engineer PWD Varanasi Zone||S.E. Mirzapur Circle,PWD, Mirzapur||PROVINCIAL DIVISON PWD SANT RAVIDAS NAGAR",,,,,,"580,195",,,"Chief Engineer PWD Varanasi Zone||S.E. Mirzapur Circle,PWD, Mirzapur||PROVINCIAL DIVISON PWD SANT RAVIDAS NAGAR"
2024_CEUVZ_889598_53,2024_CEUVZ_889598_53,186/24A date 18-01-2024,anegpur  brhamn basti road lot53,,,,,,,,,,,,,,,,"Chief Engineer PWD Varanasi Zone||S.E. Mirzapur Circle,PWD, Mirzapur||PROVINCIAL DIVISON PWD SANT RAVIDAS NAGAR",,,,,,"580,195",,,"Chief Engineer PWD Varanasi Zone||S.E. Mirzapur Circle,PWD, Mirzapur||PROVINCIAL DIVISON PWD SANT RAVIDAS NAGAR"
2024_CEUVZ_889598_5,2024_CEUVZ_889598_5,186/24A date 18-01-2024,banuali link road lot5,,,,,,,,,,,,,,,,"Chief Engineer PWD Varanasi Zone||S.E. Mirzapur Circle,PWD, Mirzapur||PROVINCIAL DIVISON PWD SANT RAVIDAS NAGAR",,,,,,"281,522.7",,,"Chief Engineer PWD Varanasi Zone||S.E. Mirzapur Circle,PWD, Mirzapur||PROVINCIAL DIVISON PWD SANT RAVIDAS NAGAR"
2024_CEUVZ_889598_21,2024_CEUVZ_889598_16,186/24A date 18-01-2024,gopiganj se biadapali road,,,,,,,,,,,,,,,,"Chief Engineer PWD Varanasi Zone||S.E. Mirzapur Circle,PWD, Mirzapur||PROVINCIAL DIVISON PWD SANT RAVIDAS NAGAR",,,,,,"928,522",,,"Chief Engineer PWD Varanasi Zone||S.E. Mirzapur Circle,PWD, Mirzapur||PROVINCIAL DIVISON PWD SANT RAVIDAS NAGAR"
2024_CEUVZ_889598_21,2024_CEUVZ_889598_21,186/24A date 18-01-2024,gopiganj se biadapali road,,,,,,,,,,,,,,,,"Chief Engineer PWD Varanasi Zone||S.E. Mirzapur Circle,PWD, Mirzapur||PROVINCIAL DIVISON PWD SANT RAVIDAS NAGAR",,,,,,"928,522",,,"Chief Engineer PWD Varanasi Zone||S.E. Mirzapur Circle,PWD, Mirzapur||PROVINCIAL DIVISON PWD SANT RAVIDAS NAGAR"
2024_CEUVZ_889598_26,2024_CEUVZ_889598_26,186/24A date 18-01-2024,chakmandhata se turantpur road lot26,,,,,,,,,,,,,,,,"Chief Engineer PWD Varanasi Zone||S.E. Mirzapur Circle,PWD, Mirzapur||PROVINCIAL DIVISON PWD SANT RAVIDAS NAGAR",,,,,,"575,127.61",,,"Chief Engineer PWD Varanasi Zone||S.E. Mirzapur Circle,PWD, Mirzapur||PROVINCIAL DIVISON PWD SANT RAVIDAS NAGAR"
2024_CEUVZ_889598_21,2024_CEUVZ_889598_2,186/24A date 18-01-2024,gopiganj se biadapali road,,,,,,,,,,,,,,,,"Chief Engineer PWD Varanasi Zone||S.E. Mirzapur Circle,PWD, Mirzapur||PROVINCIAL DIVISON PWD SANT RAVIDAS NAGAR",,,,,,"928,522",,,"Chief Engineer PWD Varanasi Zone||S.E. Mirzapur Circle,PWD, Mirzapur||PROVINCIAL DIVISON PWD SANT RAVIDAS NAGAR"
2024_CEUVZ_889598_30,2024_CEUVZ_889598_30,186/24A date 18-01-2024,pali suriyawa se balapur pakrikurd road lot30,,,,,,,,,,,,,,,,"Chief Engineer PWD Varanasi Zone||S.E. Mirzapur Circle,PWD, Mirzapur||PROVINCIAL DIVISON PWD SANT RAVIDAS NAGAR",,,,,,"1,552,300.4",,,"Chief Engineer PWD Varanasi Zone||S.E. Mirzapur Circle,PWD, Mirzapur||PROVINCIAL DIVISON PWD SANT RAVIDAS NAGAR"
2024_CEUVZ_889598_31,2024_CEUVZ_889598_31,186/24A date 18-01-2024,kasiyapur se chaknandapur road se bhikharrampur 31,,,,,,,,,,,,,,,,"Chief Engineer PWD Varanasi Zone||S.E. Mirzapur Circle,PWD, Mirzapur||PROVINCIAL DIVISON PWD SANT RAVIDAS NAGAR",,,,,,"367,582",,,"Chief Engineer PWD Varanasi Zone||S.E. Mirzapur Circle,PWD, Mirzapur||PROVINCIAL DIVISON PWD SANT RAVIDAS NAGAR"
2024_CEUVZ_889598_37,2024_CEUVZ_889598_36,186/24A date 18-01-2024,bhadohi suriyawa road se dudhwa dharampur lot37,,,,,,,,,,,,,,,,"Chief Engineer PWD Varanasi Zone||S.E. Mirzapur Circle,PWD, Mirzapur||PROVINCIAL DIVISON PWD SANT RAVIDAS NAGAR",,,,,,"956,681.55",,,"Chief Engineer PWD Varanasi Zone||S.E. Mirzapur Circle,PWD, Mirzapur||PROVINCIAL DIVISON PWD SANT RAVIDAS NAGAR"
2024_CEUVZ_889598_3,2024_CEUVZ_889598_3,186/24A date 18-01-2024,maharajganj parsipur se chaetnipur road lot3,,,,,,,,,,,,,,,,"Chief Engineer PWD Varanasi Zone||S.E. Mirzapur Circle,PWD, Mirzapur||PROVINCIAL DIVISON PWD SANT RAVIDAS NAGAR",,,,,,"1,418,031.6",,,"Chief Engineer PWD Varanasi Zone||S.E. Mirzapur Circle,PWD, Mirzapur||PROVINCIAL DIVISON PWD SANT RAVIDAS NAGAR"
2024_CEUVZ_888409_11,2024_CEUVZ_888276_1,296/53mzp circle/2023-24 dt 23-01-2024,Construction of Devpura to Van Pokhara Link Road Under RIDF-29 Scheme,,,,,,,,,,,,,,,,"Chief Engineer PWD Varanasi Zone||S.E. Mirzapur Circle,PWD, Mirzapur||CONSTRUCTION DIVISION 2 PWD MIRZAPUR",,,,,,"3,589,034",,,"Chief Engineer PWD Varanasi Zone||S.E. Mirzapur Circle,PWD, Mirzapur||CONSTRUCTION DIVISION 2 PWD MIRZAPUR"
2024_CEUVZ_888409_11,2024_CEUVZ_888409_11,296/53mzp circle/2023-24 dt 23-01-2024,Construction of Devpura to Van Pokhara Link Road Under RIDF-29 Scheme,,,,,,,,,,,,,,,,"Chief Engineer PWD Varanasi Zone||S.E. Mirzapur Circle,PWD, Mirzapur||CONSTRUCTION DIVISION 2 PWD MIRZAPUR",,,,,,"3,589,034",,,"Chief Engineer PWD Varanasi Zone||S.E. Mirzapur Circle,PWD, Mirzapur||CONSTRUCTION DIVISION 2 PWD MIRZAPUR"
2024_CEUVZ_889598_11,2024_CEUVZ_889598_11,186/24A date 18-01-2024,garuli se naktapur pmgsy pasi basti road lot11,,,,,,,,,,,,,,,,"Chief Engineer PWD Varanasi Zone||S.E. Mirzapur Circle,PWD, Mirzapur||PROVINCIAL DIVISON PWD SANT RAVIDAS NAGAR",,,,,,"278,993.4",,,"Chief Engineer PWD Varanasi Zone||S.E. Mirzapur Circle,PWD, Mirzapur||PROVINCIAL DIVISON PWD SANT RAVIDAS NAGAR"
2024_CEUVZ_889598_12,2024_CEUVZ_889598_12,186/24A date 18-01-2024,gt road goshiya ugapur hwaipatti se seurar samnya basti lot12,,,,,,,,,,,,,,,,"Chief Engineer PWD Varanasi Zone||S.E. Mirzapur Circle,PWD, Mirzapur||PROVINCIAL DIVISON PWD SANT RAVIDAS NAGAR",,,,,,"271,150.43",,,"Chief Engineer PWD Varanasi Zone||S.E. Mirzapur Circle,PWD, Mirzapur||PROVINCIAL DIVISON PWD SANT RAVIDAS NAGAR"
2024_CEUVZ_889598_21,2024_CEUVZ_889598_13,186/24A date 18-01-2024,gopiganj se biadapali road,,,,,,,,,,,,,,,,"Chief Engineer PWD Varanasi Zone||S.E. Mirzapur Circle,PWD, Mirzapur||PROVINCIAL DIVISON PWD SANT RAVIDAS NAGAR",,,,,,"928,522",,,"Chief Engineer PWD Varanasi Zone||S.E. Mirzapur Circle,PWD, Mirzapur||PROVINCIAL DIVISON PWD SANT RAVIDAS NAGAR"
2024_CEUVZ_889598_21,2024_CEUVZ_889598_14,186/24A date 18-01-2024,gopiganj se biadapali road,,,,,,,,,,,,,,,,"Chief Engineer PWD Varanasi Zone||S.E. Mirzapur Circle,PWD, Mirzapur||PROVINCIAL DIVISON PWD SANT RAVIDAS NAGAR",,,,,,"928,522",,,"Chief Engineer PWD Varanasi Zone||S.E. Mirzapur Circle,PWD, Mirzapur||PROVINCIAL DIVISON PWD SANT RAVIDAS NAGAR"
2024_UPIDC_912158_1,2024_UPIDC_912158_1,07/SE/2023-24,Flood protection work between km 1.075 and km 1.540 of Harishchand Udaya embankment located on the right bank of Ghaghra (Saryu) River in Ayodhya District.,,,,,,,,,,,,,,,,"U P Irrigation Department (Civil)||Chief Engineer-Saryu Project-1, Faizabad||XV Circle Irrigation Work, Gonda",,,,,,"60,734,445",,,"U P Irrigation Department (Civil)||Chief Engineer-Saryu Project-1, Faizabad||XV Circle Irrigation Work, Gonda"
2024_UPIDC_916143_1,2024_UPIDC_916143_1,06/SE/2023-24,Anti Erosion Works for flood protection of Village Kachar Dera Durjan Dera Naya Dera and Nari Village group situated on the right bank of Ken River under Tehsil pailani of Banda District (LOT-01),,,,,,,,,,,,,,,,"U P Irrigation Department (Civil)||Chief Engineer-Betwa, Jhansi||Irrigation Works Circle, Banda",,,,,,"21,817,925",,,"U P Irrigation Department (Civil)||Chief Engineer-Betwa, Jhansi||Irrigation Works Circle, Banda"
2024_UPIDC_916149_1,2024_UPIDC_916146_1,06/SE/2023-24,Anti Erosion Work to protect Tikra Mankunwar Paschim Patai Village group located on the right bank of Yamuna river in Mau Development block of Chitrakoot District (LOT-04),,,,,,,,,,,,,,,,"U P Irrigation Department (Civil)||Chief Engineer-Betwa, Jhansi||Irrigation Works Circle, Banda",,,,,,"39,945,046.98",,,"U P Irrigation Department (Civil)||Chief Engineer-Betwa, Jhansi||Irrigation Works Circle, Banda"
2024_UPIDC_916149_1,2024_UPIDC_916148_1,06/SE/2023-24,Anti Erosion Work to protect Tikra Mankunwar Paschim Patai Village group located on the right bank of Yamuna river in Mau Development block of Chitrakoot District (LOT-04),,,,,,,,,,,,,,,,"U P Irrigation Department (Civil)||Chief Engineer-Betwa, Jhansi||Irrigation Works Circle, Banda",,,,,,"39,945,046.98",,,"U P Irrigation Department (Civil)||Chief Engineer-Betwa, Jhansi||Irrigation Works Circle, Banda"
2024_UPIDC_916149_1,2024_UPIDC_916149_1,06/SE/2023-24,Anti Erosion Work to protect Tikra Mankunwar Paschim Patai Village group located on the right bank of Yamuna river in Mau Development block of Chitrakoot District (LOT-04),,,,,,,,,,,,,,,,"U P Irrigation Department (Civil)||Chief Engineer-Betwa, Jhansi||Irrigation Works Circle, Banda",,,,,,"39,945,046.98",,,"U P Irrigation Department (Civil)||Chief Engineer-Betwa, Jhansi||Irrigation Works Circle, Banda"
2024_CEUVZ_886686_42,2024_CEUVZ_886686_42,113/4A  date 16.01.2024,"RO Utargawan yadav basti LR Km 1, 2(800)",,,,,,,,,,,,,,,,"Chief Engineer PWD Varanasi Zone||S.E. Jaunpur - Ghazipur Circle PWD Jaunpur||Construction Division - 2, PWD Jaunpur",,,,,,"1,447,729.6",,,"Chief Engineer PWD Varanasi Zone||S.E. Jaunpur - Ghazipur Circle PWD Jaunpur||Construction Division - 2, PWD Jaunpur"
2024_CEUVZ_887030_1,2024_CEUVZ_887030_1,267/10 lekha dt.20.01.2024,SR of Maudha Patarhi marg,,,,,,,,,,,,,,,,"Chief Engineer PWD Varanasi Zone||S.E. Jaunpur - Ghazipur Circle PWD Jaunpur||Provincial Division, PWD Ghazipur",,,,,,"2,633,603.52",,,"Chief Engineer PWD Varanasi Zone||S.E. Jaunpur - Ghazipur Circle PWD Jaunpur||Provincial Division, PWD Ghazipur"
2024_CEUVZ_887030_4,2024_CEUVZ_887030_4,267/10 lekha dt.20.01.2024,Renewal of Budhanpur Sawas sampark marg,,,,,,,,,,,,,,,,"Chief Engineer PWD Varanasi Zone||S.E. Jaunpur - Ghazipur Circle PWD Jaunpur||Provincial Division, PWD Ghazipur",,,,,,"1,266,425.59",,,"Chief Engineer PWD Varanasi Zone||S.E. Jaunpur - Ghazipur Circle PWD Jaunpur||Provincial Division, PWD Ghazipur"
2024_CEUVZ_888159_23,2024_CEUVZ_887761_8,249/8A date 16-01-2024,Renewal of Batauveer singaramau marg ke km 2 se right kuhikala link road,,,,,,,,,,,,,,,,"Chief Engineer PWD Varanasi Zone||S.E. Jaunpur - Ghazipur Circle PWD Jaunpur||Provincial Division, PWD Jaunpur",,,,,,"453,936",,,"Chief Engineer PWD Varanasi Zone||S.E. Jaunpur - Ghazipur Circle PWD Jaunpur||Provincial Division, PWD Jaunpur"
2024_CEUVZ_888159_23,2024_CEUVZ_888159_23,249/8A date 16-01-2024,Renewal of Batauveer singaramau marg ke km 2 se right kuhikala link road,,,,,,,,,,,,,,,,"Chief Engineer PWD Varanasi Zone||S.E. Jaunpur - Ghazipur Circle PWD Jaunpur||Provincial Division, PWD Jaunpur",,,,,,"453,936",,,"Chief Engineer PWD Varanasi Zone||S.E. Jaunpur - Ghazipur Circle PWD Jaunpur||Provincial Division, PWD Jaunpur"
2024_CEUVZ_888159_24,2024_CEUVZ_888159_24,249/8A date 16-01-2024,Renewal of Tiyara Khalgawan basti link road,,,,,,,,,,,,,,,,"Chief Engineer PWD Varanasi Zone||S.E. Jaunpur - Ghazipur Circle PWD Jaunpur||Provincial Division, PWD Jaunpur",,,,,,"204,995",,,"Chief Engineer PWD Varanasi Zone||S.E. Jaunpur - Ghazipur Circle PWD Jaunpur||Provincial Division, PWD Jaunpur"
2024_CEUVZ_888159_28,2024_CEUVZ_888159_28,249/8A date 16-01-2024,Renewal of Chandpur link road,,,,,,,,,,,,,,,,"Chief Engineer PWD Varanasi Zone||S.E. Jaunpur - Ghazipur Circle PWD Jaunpur||Provincial Division, PWD Jaunpur",,,,,,"206,363",,,"Chief Engineer PWD Varanasi Zone||S.E. Jaunpur - Ghazipur Circle PWD Jaunpur||Provincial Division, PWD Jaunpur"
2024_CEUVZ_886364_7,2024_CEUVZ_886364_7,92/9A Dated 18-01-2024,Renewal of Basahara Link Road in Distt Jaunpur,,,,,,,,,,,,,,,,"Chief Engineer PWD Varanasi Zone||S.E. Jaunpur - Ghazipur Circle PWD Jaunpur||Construction Division, PWD Jaunpur",,,,,,"402,862.66",,,"Chief Engineer PWD Varanasi Zone||S.E. Jaunpur - Ghazipur Circle PWD Jaunpur||Construction Division, PWD Jaunpur"
2024_CEUVZ_886686_21,2024_CEUVZ_886686_21,113/4A  date 16.01.2024,R/o Narendrapur link road km  1,,,,,,,,,,,,,,,,"Chief Engineer PWD Varanasi Zone||S.E. Jaunpur - Ghazipur Circle PWD Jaunpur||Construction Division - 2, PWD Jaunpur",,,,,,"610,093",,,"Chief Engineer PWD Varanasi Zone||S.E. Jaunpur - Ghazipur Circle PWD Jaunpur||Construction Division - 2, PWD Jaunpur"
2024_CEUVZ_886686_22,2024_CEUVZ_886686_22,113/4A  date 16.01.2024,R/O Magrawan link road km  1,,,,,,,,,,,,,,,,"Chief Engineer PWD Varanasi Zone||S.E. Jaunpur - Ghazipur Circle PWD Jaunpur||Construction Division - 2, PWD Jaunpur",,,,,,"611,499",,,"Chief Engineer PWD Varanasi Zone||S.E. Jaunpur - Ghazipur Circle PWD Jaunpur||Construction Division - 2, PWD Jaunpur"
2024_CEUVZ_886686_28,2024_CEUVZ_886686_28,113/4A  date 16.01.2024,R/o Manhan Than Ghat par setu ke pahunch marg km 1(400),,,,,,,,,,,,,,,,"Chief Engineer PWD Varanasi Zone||S.E. Jaunpur - Ghazipur Circle PWD Jaunpur||Construction Division - 2, PWD Jaunpur",,,,,,"568,172",,,"Chief Engineer PWD Varanasi Zone||S.E. Jaunpur - Ghazipur Circle PWD Jaunpur||Construction Division - 2, PWD Jaunpur"
2024_CEUVZ_886364_21,2024_CEUVZ_886364_21,92/9A Dated 18-01-2024,Renewal of Pauha Harijan Basti Link Road in Distt Jaunpur,,,,,,,,,,,,,,,,"Chief Engineer PWD Varanasi Zone||S.E. Jaunpur - Ghazipur Circle PWD Jaunpur||Construction Division, PWD Jaunpur",,,,,,"614,488.56",,,"Chief Engineer PWD Varanasi Zone||S.E. Jaunpur - Ghazipur Circle PWD Jaunpur||Construction Division, PWD Jaunpur"
2024_CEUVZ_886364_25,2024_CEUVZ_886364_25,92/9A Dated 18-01-2024,Renewal of Pakadi Link Road in Distt Jaunpur,,,,,,,,,,,,,,,,"Chief Engineer PWD Varanasi Zone||S.E. Jaunpur - Ghazipur Circle PWD Jaunpur||Construction Division, PWD Jaunpur",,,,,,"378,953.78",,,"Chief Engineer PWD Varanasi Zone||S.E. Jaunpur - Ghazipur Circle PWD Jaunpur||Construction Division, PWD Jaunpur"
2024_CEUVZ_886364_26,2024_CEUVZ_886364_26,92/9A Dated 18-01-2024,Renewal of Pratapgarh road se Hadiya Baba ki Kuti se Brahman basti Ramchauki Link Road in Distt Jaunpur,,,,,,,,,,,,,,,,"Chief Engineer PWD Varanasi Zone||S.E. Jaunpur - Ghazipur Circle PWD Jaunpur||Construction Division, PWD Jaunpur",,,,,,"533,156.57",,,"Chief Engineer PWD Varanasi Zone||S.E. Jaunpur - Ghazipur Circle PWD Jaunpur||Construction Division, PWD Jaunpur"
2024_CEUVZ_886364_31,2024_CEUVZ_886364_27,92/9A Dated 18-01-2024,Renewal of Mariyahun Machhlishahar pakki sarak se Dewariya Padan basti tak Road in Distt Jaunpur,,,,,,,,,,,,,,,,"Chief Engineer PWD Varanasi Zone||S.E. Jaunpur - Ghazipur Circle PWD Jaunpur||Construction Division, PWD Jaunpur",,,,,,"725,939.94",,,"Chief Engineer PWD Varanasi Zone||S.E. Jaunpur - Ghazipur Circle PWD Jaunpur||Construction Division, PWD Jaunpur"
2024_CEUVZ_886364_31,2024_CEUVZ_886364_31,92/9A Dated 18-01-2024,Renewal of Mariyahun Machhlishahar pakki sarak se Dewariya Padan basti tak Road in Distt Jaunpur,,,,,,,,,,,,,,,,"Chief Engineer PWD Varanasi Zone||S.E. Jaunpur - Ghazipur Circle PWD Jaunpur||Construction Division, PWD Jaunpur",,,,,,"725,939.94",,,"Chief Engineer PWD Varanasi Zone||S.E. Jaunpur - Ghazipur Circle PWD Jaunpur||Construction Division, PWD Jaunpur"
2024_CEUVZ_886364_37,2024_CEUVZ_886364_35,92/9A Dated 18-01-2024,Renewal of LD Road Lohra Pahi to Soitha Basdev Patti Pal Basti Link Road in Distt Jaunpur,,,,,,,,,,,,,,,,"Chief Engineer PWD Varanasi Zone||S.E. Jaunpur - Ghazipur Circle PWD Jaunpur||Construction Division, PWD Jaunpur",,,,,,"813,819.24",,,"Chief Engineer PWD Varanasi Zone||S.E. Jaunpur - Ghazipur Circle PWD Jaunpur||Construction Division, PWD Jaunpur"
2024_CEUVZ_886364_37,2024_CEUVZ_886364_37,92/9A Dated 18-01-2024,Renewal of LD Road Lohra Pahi to Soitha Basdev Patti Pal Basti Link Road in Distt Jaunpur,,,,,,,,,,,,,,,,"Chief Engineer PWD Varanasi Zone||S.E. Jaunpur - Ghazipur Circle PWD Jaunpur||Construction Division, PWD Jaunpur",,,,,,"813,819.24",,,"Chief Engineer PWD Varanasi Zone||S.E. Jaunpur - Ghazipur Circle PWD Jaunpur||Construction Division, PWD Jaunpur"
2024_CEUVZ_886364_53,2024_CEUVZ_886364_53,92/9A Dated 18-01-2024,Renewal of Bami Link Road Sripal Yadav Judge sahab ke ghar tak Link road in Distt Jaunpur,,,,,,,,,,,,,,,,"Chief Engineer PWD Varanasi Zone||S.E. Jaunpur - Ghazipur Circle PWD Jaunpur||Construction Division, PWD Jaunpur",,,,,,"683,612.9",,,"Chief Engineer PWD Varanasi Zone||S.E. Jaunpur - Ghazipur Circle PWD Jaunpur||Construction Division, PWD Jaunpur"
2024_CEUVZ_886364_60,2024_CEUVZ_886364_60,92/9A Dated 18-01-2024,SR Work of Karkauli Link Road  in Distt Jaunpur,,,,,,,,,,,,,,,,"Chief Engineer PWD Varanasi Zone||S.E. Jaunpur - Ghazipur Circle PWD Jaunpur||Construction Division, PWD Jaunpur",,,,,,"168,336.5",,,"Chief Engineer PWD Varanasi Zone||S.E. Jaunpur - Ghazipur Circle PWD Jaunpur||Construction Division, PWD Jaunpur"
2024_CEUVZ_886146_28,2024_CEUVZ_886146_28,5871/8A date 23-12-2023,Sr of Chackpahalwan Tahir Samanya basti link road,,,,,,,,,,,,,,,,"Chief Engineer PWD Varanasi Zone||S.E. Jaunpur - Ghazipur Circle PWD Jaunpur||Provincial Division, PWD Jaunpur",,,,,,"662,269",,,"Chief Engineer PWD Varanasi Zone||S.E. Jaunpur - Ghazipur Circle PWD Jaunpur||Provincial Division, PWD Jaunpur"
2024_CEUVZ_886146_47,2024_CEUVZ_886146_47,5871/8A date 23-12-2023,Sr of Rahimapur Bhiri link road,,,,,,,,,,,,,,,,"Chief Engineer PWD Varanasi Zone||S.E. Jaunpur - Ghazipur Circle PWD Jaunpur||Provincial Division, PWD Jaunpur",,,,,,"805,992",,,"Chief Engineer PWD Varanasi Zone||S.E. Jaunpur - Ghazipur Circle PWD Jaunpur||Provincial Division, PWD Jaunpur"
2024_CEUVZ_886146_48,2024_CEUVZ_886146_48,5871/8A date 23-12-2023,Sr of Sawyan se sonara link road,,,,,,,,,,,,,,,,"Chief Engineer PWD Varanasi Zone||S.E. Jaunpur - Ghazipur Circle PWD Jaunpur||Provincial Division, PWD Jaunpur",,,,,,"569,050",,,"Chief Engineer PWD Varanasi Zone||S.E. Jaunpur - Ghazipur Circle PWD Jaunpur||Provincial Division, PWD Jaunpur"
2024_CEUVZ_886146_58,2024_CEUVZ_886146_58,5871/8A date 23-12-2023,Sr of Songar link road,,,,,,,,,,,,,,,,"Chief Engineer PWD Varanasi Zone||S.E. Jaunpur - Ghazipur Circle PWD Jaunpur||Provincial Division, PWD Jaunpur",,,,,,"665,887",,,"Chief Engineer PWD Varanasi Zone||S.E. Jaunpur - Ghazipur Circle PWD Jaunpur||Provincial Division, PWD Jaunpur"
2024_CEUVZ_886146_6,2024_CEUVZ_886146_6,5871/8A date 23-12-2023,Sr of Mirsadpur dohobi basti link road,,,,,,,,,,,,,,,,"Chief Engineer PWD Varanasi Zone||S.E. Jaunpur - Ghazipur Circle PWD Jaunpur||Provincial Division, PWD Jaunpur",,,,,,"206,413",,,"Chief Engineer PWD Varanasi Zone||S.E. Jaunpur - Ghazipur Circle PWD Jaunpur||Provincial Division, PWD Jaunpur"
2024_CEUVZ_886364_20,2024_CEUVZ_886364_20,92/9A Dated 18-01-2024,Renewal of Dharmdaspur Khas Link Road in Distt Jaunpur,,,,,,,,,,,,,,,,"Chief Engineer PWD Varanasi Zone||S.E. Jaunpur - Ghazipur Circle PWD Jaunpur||Construction Division, PWD Jaunpur",,,,,,"489,533.97",,,"Chief Engineer PWD Varanasi Zone||S.E. Jaunpur - Ghazipur Circle PWD Jaunpur||Construction Division, PWD Jaunpur"
2024_CEUVZ_886146_2,2024_CEUVZ_886146_2,5871/8A date 23-12-2023,Sr of Naharpur link road,,,,,,,,,,,,,,,,"Chief Engineer PWD Varanasi Zone||S.E. Jaunpur - Ghazipur Circle PWD Jaunpur||Provincial Division, PWD Jaunpur",,,,,,"654,871",,,"Chief Engineer PWD Varanasi Zone||S.E. Jaunpur - Ghazipur Circle PWD Jaunpur||Provincial Division, PWD Jaunpur"
2024_CEUVZ_880756_16,2024_CEUVZ_880756_16,122/10 LEKHA DT. 11.04.2024,Renewal of Uchauri Bazar to Hansbori Inter college sampark marg,,,,,,,,,,,,,,,,"Chief Engineer PWD Varanasi Zone||S.E. Jaunpur - Ghazipur Circle PWD Jaunpur||Provincial Division, PWD Ghazipur",,,,,,"1,348,965.58",,,"Chief Engineer PWD Varanasi Zone||S.E. Jaunpur - Ghazipur Circle PWD Jaunpur||Provincial Division, PWD Ghazipur"
2024_CEUVZ_880756_21,2024_CEUVZ_880756_21,122/10 LEKHA DT. 11.04.2024,Renewal of Jiuli Devgaon Road to Pokhara sampark marg,,,,,,,,,,,,,,,,"Chief Engineer PWD Varanasi Zone||S.E. Jaunpur - Ghazipur Circle PWD Jaunpur||Provincial Division, PWD Ghazipur",,,,,,"1,275,851.4",,,"Chief Engineer PWD Varanasi Zone||S.E. Jaunpur - Ghazipur Circle PWD Jaunpur||Provincial Division, PWD Ghazipur"
2024_CEUVZ_882475_27,2024_CEUVZ_882475_27,Ref No 88/10A Date 11.01.2024,Special Repair of NH 29 to Fateullahpur Nai Basti Link Road,,,,,,,,,,,,,,,,"Chief Engineer PWD Varanasi Zone||S.E. Jaunpur - Ghazipur Circle PWD Jaunpur||Construction Division - 1, PWD Ghazipur",,,,,,"1,562,821.77",,,"Chief Engineer PWD Varanasi Zone||S.E. Jaunpur - Ghazipur Circle PWD Jaunpur||Construction Division - 1, PWD Ghazipur"
2024_CEUVZ_882475_28,2024_CEUVZ_882475_28,Ref No 88/10A Date 11.01.2024,Special Repair of Diliya Talawal Road to Narayanpur Link Road,,,,,,,,,,,,,,,,"Chief Engineer PWD Varanasi Zone||S.E. Jaunpur - Ghazipur Circle PWD Jaunpur||Construction Division - 1, PWD Ghazipur",,,,,,"1,856,281.15",,,"Chief Engineer PWD Varanasi Zone||S.E. Jaunpur - Ghazipur Circle PWD Jaunpur||Construction Division - 1, PWD Ghazipur"
2024_CEUVZ_878448_7,2024_CEUVZ_878448_7,2352/9A Dated 30-12-2023,SR Work of Bhiduna Pasi Basti Link Road in Distt Jaunpur,,,,,,,,,,,,,,,,"Chief Engineer PWD Varanasi Zone||S.E. Jaunpur - Ghazipur Circle PWD Jaunpur||Construction Division, PWD Jaunpur",,,,,,"620,128.87",,,"Chief Engineer PWD Varanasi Zone||S.E. Jaunpur - Ghazipur Circle PWD Jaunpur||Construction Division, PWD Jaunpur"
2024_CEUVZ_880756_16,2024_CEUVZ_880756_15,122/10 LEKHA DT. 11.04.2024,Renewal of Uchauri Bazar to Hansbori Inter college sampark marg,,,,,,,,,,,,,,,,"Chief Engineer PWD Varanasi Zone||S.E. Jaunpur - Ghazipur Circle PWD Jaunpur||Provincial Division, PWD Ghazipur",,,,,,"1,348,965.58",,,"Chief Engineer PWD Varanasi Zone||S.E. Jaunpur - Ghazipur Circle PWD Jaunpur||Provincial Division, PWD Ghazipur"
2024_CEUFZ_913012_1,2024_CEUFZ_913012_1,1436/ 1Bhawan-CD-2-Ayo.Amb.Circle/24 Date- 23-02-2024,Construction of flood shelter homes in village batnera of Ramnagar tehsil Barabanki,,,,,,,,,,,,,,,,Chief Engineer PWD Faizabad Zone||Faizabad Ambedkar Nagar Circle PWD Faizabad||Construction Division 2 Faizabad,,,,,,"40,250,250",,,Chief Engineer PWD Faizabad Zone||Faizabad Ambedkar Nagar Circle PWD Faizabad||Construction Division 2 Faizabad
2024_CEUFZ_894273_1,2024_CEUFZ_893634_5,477/6A Date 05.02.2024,SR of Saraswati Vihar Colony Type4 Awas no 1to4 One Block and Outer Painting of Saraswati Vihar Type4 awas no 5to6 One Block in District Ayodhya,,,,,,,,,,,,,,,,Chief Engineer PWD Faizabad Zone||Faizabad Ambedkar Nagar Circle PWD Faizabad||Construction Division-4 Ayodhya,,,,,,"1,422,747",,,Chief Engineer PWD Faizabad Zone||Faizabad Ambedkar Nagar Circle PWD Faizabad||Construction Division-4 Ayodhya
2024_CEUFZ_894273_1,2024_CEUFZ_894273_1,477/6A Date 05.02.2024,SR of Saraswati Vihar Colony Type4 Awas no 1to4 One Block and Outer Painting of Saraswati Vihar Type4 awas no 5to6 One Block in District Ayodhya,,,,,,,,,,,,,,,,Chief Engineer PWD Faizabad Zone||Faizabad Ambedkar Nagar Circle PWD Faizabad||Construction Division-4 Ayodhya,,,,,,"1,422,747",,,Chief Engineer PWD Faizabad Zone||Faizabad Ambedkar Nagar Circle PWD Faizabad||Construction Division-4 Ayodhya
2024_CEUFZ_894273_8,2024_CEUFZ_894273_8,477/6A Date 05.02.2024,SR of Officers Hostel Colony Type2 Awas no 1to4 One Block and 5to8 one Block in District Ayodhya,,,,,,,,,,,,,,,,Chief Engineer PWD Faizabad Zone||Faizabad Ambedkar Nagar Circle PWD Faizabad||Construction Division-4 Ayodhya,,,,,,"1,323,338",,,Chief Engineer PWD Faizabad Zone||Faizabad Ambedkar Nagar Circle PWD Faizabad||Construction Division-4 Ayodhya
2024_CEUFZ_894273_9,2024_CEUFZ_894273_9,477/6A Date 05.02.2024,SR of Officers Hostel Colony Type3 Awas no 1to4 One Block and awas no 5to8 one Block in District Ayodhya,,,,,,,,,,,,,,,,Chief Engineer PWD Faizabad Zone||Faizabad Ambedkar Nagar Circle PWD Faizabad||Construction Division-4 Ayodhya,,,,,,"1,661,374",,,Chief Engineer PWD Faizabad Zone||Faizabad Ambedkar Nagar Circle PWD Faizabad||Construction Division-4 Ayodhya
2024_CEUFZ_887904_18,2024_CEUFZ_887904_18,117/4a/2023-24 Date 23.01.2024,Renewal of Ram Milan Ka Purwa Link Road under Lambhua assembly constituency,,,,,,,,,,,,,,,,Chief Engineer PWD Faizabad Zone||Sultanpur-Amethi Circle PWD Sultanpur||EE Construction Division-3 PWD Sultanpur,,,,,,"1,131,165",,,Chief Engineer PWD Faizabad Zone||Sultanpur-Amethi Circle PWD Sultanpur||EE Construction Division-3 PWD Sultanpur
2024_CEUFZ_887904_18,2024_CEUFZ_887904_10,117/4a/2023-24 Date 23.01.2024,Renewal of Ram Milan Ka Purwa Link Road under Lambhua assembly constituency,,,,,,,,,,,,,,,,Chief Engineer PWD Faizabad Zone||Sultanpur-Amethi Circle PWD Sultanpur||EE Construction Division-3 PWD Sultanpur,,,,,,"1,131,165",,,Chief Engineer PWD Faizabad Zone||Sultanpur-Amethi Circle PWD Sultanpur||EE Construction Division-3 PWD Sultanpur
2024_CEUFZ_883596_9,2024_CEUFZ_883596_9,176/Nivida Date 15-01-2024,Renewal Of Tanda Haswar Road to Harsaman Link Road,,,,,,,,,,,,,,,,Chief Engineer PWD Faizabad Zone||Faizabad Ambedkar Nagar Circle PWD Faizabad||Provincial Division Ambedkar Nagar,,,,,,"941,052",,,Chief Engineer PWD Faizabad Zone||Faizabad Ambedkar Nagar Circle PWD Faizabad||Provincial Division Ambedkar Nagar
2024_CEUCZ_913872_4,2024_CEUCZ_913872_4,1901/523 (PDL) C- Lko.Cir./2023-24 Dt. 06.03.2024,Renewal Work on road from Daliganj Crossing To Puraniya Railway  Crossing road in KM 1 in Lucknow city,,,,,,,,,,,,,,,,"Chief Engineer PWD Central Zone,Lucknow||S.E. UPPWD Lucknow||Provincial Division, Lucknow",,,,,,"3,662,100.15",,,"Chief Engineer PWD Central Zone,Lucknow||S.E. UPPWD Lucknow||Provincial Division, Lucknow"
2024_CEUCZ_913872_7,2024_CEUCZ_913872_7,1901/523 (PDL) C- Lko.Cir./2023-24 Dt. 06.03.2024,Renewal Work at Amity College Road to Khargapur via STP Chauraha Road in Lucknow City,,,,,,,,,,,,,,,,"Chief Engineer PWD Central Zone,Lucknow||S.E. UPPWD Lucknow||Provincial Division, Lucknow",,,,,,"3,396,690.23",,,"Chief Engineer PWD Central Zone,Lucknow||S.E. UPPWD Lucknow||Provincial Division, Lucknow"
2024_CEUFZ_883596_10,2024_CEUFZ_883596_10,176/Nivida Date 15-01-2024,Renewal Of Singhpur Road to Gohila Link Road,,,,,,,,,,,,,,,,Chief Engineer PWD Faizabad Zone||Faizabad Ambedkar Nagar Circle PWD Faizabad||Provincial Division Ambedkar Nagar,,,,,,"907,975",,,Chief Engineer PWD Faizabad Zone||Faizabad Ambedkar Nagar Circle PWD Faizabad||Provincial Division Ambedkar Nagar
2024_CEUCZ_905946_3,2024_CEUCZ_905946_3,264/e-Tender/2024 Dt.23-02-2024,Renewal of Girda Gauri link road.,,,,,,,,,,,,,,,,"Chief Engineer PWD Central Zone,Lucknow||S.E. UPPWD Sitapur||Construction Division-3, Kheeri",,,,,,"285,418.05",,,"Chief Engineer PWD Central Zone,Lucknow||S.E. UPPWD Sitapur||Construction Division-3, Kheeri"
2024_UPIDC_907309_1,2024_UPIDC_907309_1,565 dt 14.02.2024,RECONSTRUCTION  WORK OF I-SHAPED CC TILE INTERLOKING ROAD BETWEEN KM 1.240 TO KM 1.320 OF KOIL DY,,,,,,,,,,,,,,,,"U P Irrigation Department (Civil)||Chief Engineer-Ganga, Meerut||Drainage Circle, Aligarh||ADGC, Aligarh",,,,,,"492,766",,,"U P Irrigation Department (Civil)||Chief Engineer-Ganga, Meerut||Drainage Circle, Aligarh||ADGC, Aligarh"
2024_CEUCZ_905752_4,2024_CEUCZ_905752_4,1357/E-Tender/2023-24 Dated 19.02.2024,Road Restoration work of Bharaura Crossing To Malhaur Road,,,,,,,,,,,,,,,,"Chief Engineer PWD Central Zone,Lucknow||S.E. UPPWD Lucknow||Provincial Division, Lucknow",,,,,,"382,160.64",,,"Chief Engineer PWD Central Zone,Lucknow||S.E. UPPWD Lucknow||Provincial Division, Lucknow"
2024_CEUCZ_905752_5,2024_CEUCZ_905752_5,1357/E-Tender/2023-24 Dated 19.02.2024,Road Restoration work of Deva Road To Naubasta Road,,,,,,,,,,,,,,,,"Chief Engineer PWD Central Zone,Lucknow||S.E. UPPWD Lucknow||Provincial Division, Lucknow",,,,,,"477,700.8",,,"Chief Engineer PWD Central Zone,Lucknow||S.E. UPPWD Lucknow||Provincial Division, Lucknow"
2024_CEUCZ_901239_1,2024_CEUCZ_900051_1,458/E-TENDER/2023-24 Dated 19-02-2024,Dandi link road,,,,,,,,,,,,,,,,"Chief Engineer PWD Central Zone,Lucknow||S.E. UPPWD Sitapur||Construction Division-1, Sitapur",,,,,,"1,501,689.82",,,"Chief Engineer PWD Central Zone,Lucknow||S.E. UPPWD Sitapur||Construction Division-1, Sitapur"
2024_CEUCZ_901239_1,2024_CEUCZ_900642_1,458/E-TENDER/2023-24 Dated 19-02-2024,Dandi link road,,,,,,,,,,,,,,,,"Chief Engineer PWD Central Zone,Lucknow||S.E. UPPWD Sitapur||Construction Division-1, Sitapur",,,,,,"1,501,689.82",,,"Chief Engineer PWD Central Zone,Lucknow||S.E. UPPWD Sitapur||Construction Division-1, Sitapur"
2024_CEUCZ_901239_1,2024_CEUCZ_901109_2,458/E-TENDER/2023-24 Dated 19-02-2024,Dandi link road,,,,,,,,,,,,,,,,"Chief Engineer PWD Central Zone,Lucknow||S.E. UPPWD Sitapur||Construction Division-1, Sitapur",,,,,,"1,501,689.82",,,"Chief Engineer PWD Central Zone,Lucknow||S.E. UPPWD Sitapur||Construction Division-1, Sitapur"
2024_CEUCZ_901239_1,2024_CEUCZ_901239_1,458/E-TENDER/2023-24 Dated 19-02-2024,Dandi link road,,,,,,,,,,,,,,,,"Chief Engineer PWD Central Zone,Lucknow||S.E. UPPWD Sitapur||Construction Division-1, Sitapur",,,,,,"1,501,689.82",,,"Chief Engineer PWD Central Zone,Lucknow||S.E. UPPWD Sitapur||Construction Division-1, Sitapur"
2024_CEUCZ_901239_2,2024_CEUCZ_901239_2,458/E-TENDER/2023-24 Dated 19-02-2024,Shahpur link road,,,,,,,,,,,,,,,,"Chief Engineer PWD Central Zone,Lucknow||S.E. UPPWD Sitapur||Construction Division-1, Sitapur",,,,,,"238,371.39",,,"Chief Engineer PWD Central Zone,Lucknow||S.E. UPPWD Sitapur||Construction Division-1, Sitapur"
2024_CEUCZ_901239_3,2024_CEUCZ_901239_3,458/E-TENDER/2023-24 Dated 19-02-2024,Lachchipur link road,,,,,,,,,,,,,,,,"Chief Engineer PWD Central Zone,Lucknow||S.E. UPPWD Sitapur||Construction Division-1, Sitapur",,,,,,"713,632.22",,,"Chief Engineer PWD Central Zone,Lucknow||S.E. UPPWD Sitapur||Construction Division-1, Sitapur"
2024_CEUCZ_901239_4,2024_CEUCZ_901239_4,458/E-TENDER/2023-24 Dated 19-02-2024,NH 24 km 462 to Ramnagar link road,,,,,,,,,,,,,,,,"Chief Engineer PWD Central Zone,Lucknow||S.E. UPPWD Sitapur||Construction Division-1, Sitapur",,,,,,"590,109.87",,,"Chief Engineer PWD Central Zone,Lucknow||S.E. UPPWD Sitapur||Construction Division-1, Sitapur"
2024_CEUCZ_884082_10,2024_CEUCZ_884082_10,49/e-Tender/2024 Dt.12-01-2024,Renewal of Tharupurwa link road,,,,,,,,,,,,,,,,"Chief Engineer PWD Central Zone,Lucknow||S.E. UPPWD Sitapur||Construction Division-3, Kheeri",,,,,,"1,037,607.12",,,"Chief Engineer PWD Central Zone,Lucknow||S.E. UPPWD Sitapur||Construction Division-3, Kheeri"
2024_CEUCZ_884082_19,2024_CEUCZ_884082_19,49/e-Tender/2024 Dt.12-01-2024,Renewal of Jankapur link road.,,,,,,,,,,,,,,,,"Chief Engineer PWD Central Zone,Lucknow||S.E. UPPWD Sitapur||Construction Division-3, Kheeri",,,,,,"1,152,666.78",,,"Chief Engineer PWD Central Zone,Lucknow||S.E. UPPWD Sitapur||Construction Division-3, Kheeri"
2024_CEUCZ_884082_9,2024_CEUCZ_884082_9,49/e-Tender/2024 Dt.12-01-2024,Renewal of Palia Hawahi patti link road.,,,,,,,,,,,,,,,,"Chief Engineer PWD Central Zone,Lucknow||S.E. UPPWD Sitapur||Construction Division-3, Kheeri",,,,,,"1,055,331.7",,,"Chief Engineer PWD Central Zone,Lucknow||S.E. UPPWD Sitapur||Construction Division-3, Kheeri"
2024_UPIDC_901199_62,2024_UPIDC_901199_42,03/EE/2023-24,Silt Cleaning and clearance of Mehandiya Drain between chainage 6.500 Km to 9.000 Km,,,,,,,,,,,,,,,,"U P Irrigation Department (Civil)||Chief Engineer-Saryu Project-2, Gonda||Irrigation Construction Circle, Basti||SCD-4, basti",,,,,,"245,675",,,"U P Irrigation Department (Civil)||Chief Engineer-Saryu Project-2, Gonda||Irrigation Construction Circle, Basti||SCD-4, basti"
2024_UPIDC_901199_62,2024_UPIDC_901199_58,03/EE/2023-24,Silt Cleaning and clearance of Mehandiya Drain between chainage 6.500 Km to 9.000 Km,,,,,,,,,,,,,,,,"U P Irrigation Department (Civil)||Chief Engineer-Saryu Project-2, Gonda||Irrigation Construction Circle, Basti||SCD-4, basti",,,,,,"245,675",,,"U P Irrigation Department (Civil)||Chief Engineer-Saryu Project-2, Gonda||Irrigation Construction Circle, Basti||SCD-4, basti"
2024_UPIDC_901199_62,2024_UPIDC_901199_60,03/EE/2023-24,Silt Cleaning and clearance of Mehandiya Drain between chainage 6.500 Km to 9.000 Km,,,,,,,,,,,,,,,,"U P Irrigation Department (Civil)||Chief Engineer-Saryu Project-2, Gonda||Irrigation Construction Circle, Basti||SCD-4, basti",,,,,,"245,675",,,"U P Irrigation Department (Civil)||Chief Engineer-Saryu Project-2, Gonda||Irrigation Construction Circle, Basti||SCD-4, basti"
2024_UPIDC_901199_62,2024_UPIDC_901199_61,03/EE/2023-24,Silt Cleaning and clearance of Mehandiya Drain between chainage 6.500 Km to 9.000 Km,,,,,,,,,,,,,,,,"U P Irrigation Department (Civil)||Chief Engineer-Saryu Project-2, Gonda||Irrigation Construction Circle, Basti||SCD-4, basti",,,,,,"245,675",,,"U P Irrigation Department (Civil)||Chief Engineer-Saryu Project-2, Gonda||Irrigation Construction Circle, Basti||SCD-4, basti"
2024_UPIDC_901199_62,2024_UPIDC_901199_62,03/EE/2023-24,Silt Cleaning and clearance of Mehandiya Drain between chainage 6.500 Km to 9.000 Km,,,,,,,,,,,,,,,,"U P Irrigation Department (Civil)||Chief Engineer-Saryu Project-2, Gonda||Irrigation Construction Circle, Basti||SCD-4, basti",,,,,,"245,675",,,"U P Irrigation Department (Civil)||Chief Engineer-Saryu Project-2, Gonda||Irrigation Construction Circle, Basti||SCD-4, basti"
2024_UPIDC_904299_2,2024_UPIDC_904299_2,21/SE-6/2023-24 (LOT-2),FLOOD PROTECTION WORK IN SENSITIVE VILLAGES NOKHEPURWA AMD KATRI BILUHI AT LEFT BANK OF RIVER GANGA IN DISTRICT HARDOI,,,,,,,,,,,,,,,,"U P Irrigation Department (Civil)||Chief Engineer-Sharda, Lucknow||VI Circle Irrigation Works, Lucknow",,,,,,"26,774,258.65",,,"U P Irrigation Department (Civil)||Chief Engineer-Sharda, Lucknow||VI Circle Irrigation Works, Lucknow"
2024_CEUAZ_914102_1,2024_CEUAZ_912809_1,726/4A DATE 28.02.2024,Special repair work of the road from Sikandarpur Devkali Canal to Gram Sabha Phalpura Koth via Kalyani Tola,,,,,,,,,,,,,,,,"Chief Engineer PWD Azamgarh Zone,Azamgarh||S.E. Balia Circle,PWD, Balia||Provincial Division, PWD, Balia",,,,,,"1,800,592.85",,,"Chief Engineer PWD Azamgarh Zone,Azamgarh||S.E. Balia Circle,PWD, Balia||Provincial Division, PWD, Balia"
2024_CEUAZ_914102_1,2024_CEUAZ_914102_1,726/4A DATE 28.02.2024,Special repair work of the road from Sikandarpur Devkali Canal to Gram Sabha Phalpura Koth via Kalyani Tola,,,,,,,,,,,,,,,,"Chief Engineer PWD Azamgarh Zone,Azamgarh||S.E. Balia Circle,PWD, Balia||Provincial Division, PWD, Balia",,,,,,"1,800,592.85",,,"Chief Engineer PWD Azamgarh Zone,Azamgarh||S.E. Balia Circle,PWD, Balia||Provincial Division, PWD, Balia"
2024_CEUAZ_914102_2,2024_CEUAZ_914102_2,726/4A DATE 28.02.2024,Special repair work of the road from tube well of village Siwankalan Azizuddin via Tal to Jalalipur Sikandarpur via Majhli Kishore,,,,,,,,,,,,,,,,"Chief Engineer PWD Azamgarh Zone,Azamgarh||S.E. Balia Circle,PWD, Balia||Provincial Division, PWD, Balia",,,,,,"2,762,887.88",,,"Chief Engineer PWD Azamgarh Zone,Azamgarh||S.E. Balia Circle,PWD, Balia||Provincial Division, PWD, Balia"
2024_CEUAZ_914102_3,2024_CEUAZ_914102_3,726/4A DATE 28.02.2024,Special repair work of the road from Sandavapur to Bhanti village on Sikandarpur Nagara road,,,,,,,,,,,,,,,,"Chief Engineer PWD Azamgarh Zone,Azamgarh||S.E. Balia Circle,PWD, Balia||Provincial Division, PWD, Balia",,,,,,"2,062,132.85",,,"Chief Engineer PWD Azamgarh Zone,Azamgarh||S.E. Balia Circle,PWD, Balia||Provincial Division, PWD, Balia"
2024_CEUAZ_914883_1,2024_CEUAZ_914883_1,685(1)/4A Dt. 01.03.2024,Anvasiya Bhawan nirikchhan bhawan ballia avam karyalaya bhavan ke anurakchhan ka karya,,,,,,,,,,,,,,,,"Chief Engineer PWD Azamgarh Zone,Azamgarh||S.E. Balia Circle,PWD, Balia||Construction Division, PWD, Balia",,,,,,"594,149.66",,,"Chief Engineer PWD Azamgarh Zone,Azamgarh||S.E. Balia Circle,PWD, Balia||Construction Division, PWD, Balia"
2024_CEUBZ_906103_1,2024_CEUBZ_906103_1,82/4A,SPECIAL REPAIR OF EXECUTIVE ENGINEER INSPECTION HOUSE  N H BUILDING COMPOUND AT DISTRICT BASTI,,,,,,,,,,,,,,,,Chief Engineer Basti Zone PWD Basti||SE Basti Circle PWD Basti||EE Construction Divison Building PWD Basti,,,,,,"747,507.69",,,Chief Engineer Basti Zone PWD Basti||SE Basti Circle PWD Basti||EE Construction Divison Building PWD Basti
2024_CEUAZ_902526_11,2024_CEUAZ_902526_11,347/14A Date 14-02-2024,General Repair of Asona link road km 2 to Chakbasti Link road,,,,,,,,,,,,,,,,"Chief Engineer PWD Azamgarh Zone,Azamgarh||S.E. Azamgarh Circle,PWD,Azamgarh||Construction Division, PWD, Azamgarh",,,,,,"832,439.48",,,"Chief Engineer PWD Azamgarh Zone,Azamgarh||S.E. Azamgarh Circle,PWD,Azamgarh||Construction Division, PWD, Azamgarh"
2024_CEUAZ_902526_2,2024_CEUAZ_902526_2,347/14A Date 14-02-2024,General Repair of Nathpur link road to Nathpur SC Basti Link road,,,,,,,,,,,,,,,,"Chief Engineer PWD Azamgarh Zone,Azamgarh||S.E. Azamgarh Circle,PWD,Azamgarh||Construction Division, PWD, Azamgarh",,,,,,"407,948.35",,,"Chief Engineer PWD Azamgarh Zone,Azamgarh||S.E. Azamgarh Circle,PWD,Azamgarh||Construction Division, PWD, Azamgarh"
2024_CEUAZ_902526_6,2024_CEUAZ_902526_6,347/14A Date 14-02-2024,General Repair of Trawa Lalganj road to Chaurikhas Nahar tak Link road,,,,,,,,,,,,,,,,"Chief Engineer PWD Azamgarh Zone,Azamgarh||S.E. Azamgarh Circle,PWD,Azamgarh||Construction Division, PWD, Azamgarh",,,,,,"832,298.4",,,"Chief Engineer PWD Azamgarh Zone,Azamgarh||S.E. Azamgarh Circle,PWD,Azamgarh||Construction Division, PWD, Azamgarh"
2024_CEUAZ_906989_2,2024_CEUAZ_906989_1,EE Tender Notice No. 531 /8A Date 27-02-2024,General repair with renewal work of Rasulpur Beenapara road to Meerpur Khas link road,,,,,,,,,,,,,,,,"Chief Engineer PWD Azamgarh Zone,Azamgarh||S.E. Azamgarh Circle,PWD,Azamgarh||Construction Division-2, PWD, Azamgarh",,,,,,"400,355",,,"Chief Engineer PWD Azamgarh Zone,Azamgarh||S.E. Azamgarh Circle,PWD,Azamgarh||Construction Division-2, PWD, Azamgarh"
2024_CEUAZ_906989_2,2024_CEUAZ_906989_2,EE Tender Notice No. 531 /8A Date 27-02-2024,General repair with renewal work of Rasulpur Beenapara road to Meerpur Khas link road,,,,,,,,,,,,,,,,"Chief Engineer PWD Azamgarh Zone,Azamgarh||S.E. Azamgarh Circle,PWD,Azamgarh||Construction Division-2, PWD, Azamgarh",,,,,,"400,355",,,"Chief Engineer PWD Azamgarh Zone,Azamgarh||S.E. Azamgarh Circle,PWD,Azamgarh||Construction Division-2, PWD, Azamgarh"
2024_CEUAZ_909518_1,2024_CEUAZ_909518_1,628/NIVIDA(CD)-BALLIA CIRCLE/2023 DATE 03.02.2024,Construction work of culvert in Mangarh in Ballia district,,,,,,,,,,,,,,,,"Chief Engineer PWD Azamgarh Zone,Azamgarh||S.E. Balia Circle,PWD, Balia",,,,,,"13,389,853.91",,,"Chief Engineer PWD Azamgarh Zone,Azamgarh||S.E. Balia Circle,PWD, Balia"
2024_CEUAZ_893574_2,2024_CEUAZ_893115_5,617/NIVIDA(PD)BALLIA CIRCLE/23 DATE 03.02.2024,Reconstruction work of Bahera Nala link road from Pur Rajwaha via Chakra Prasadpur,,,,,,,,,,,,,,,,"Chief Engineer PWD Azamgarh Zone,Azamgarh||S.E. Balia Circle,PWD, Balia",,,,,,"3,812,954.25",,,"Chief Engineer PWD Azamgarh Zone,Azamgarh||S.E. Balia Circle,PWD, Balia"
2024_CEUAZ_893574_2,2024_CEUAZ_893574_2,617/NIVIDA(PD)BALLIA CIRCLE/23 DATE 03.02.2024,Reconstruction work of Bahera Nala link road from Pur Rajwaha via Chakra Prasadpur,,,,,,,,,,,,,,,,"Chief Engineer PWD Azamgarh Zone,Azamgarh||S.E. Balia Circle,PWD, Balia",,,,,,"3,812,954.25",,,"Chief Engineer PWD Azamgarh Zone,Azamgarh||S.E. Balia Circle,PWD, Balia"
2024_CEUAZ_891738_6,2024_CEUAZ_891738_6,110/4A DATE 15.01.2023,Renewal work of the road from Km 03 of Khejuri Maniyar road to Anusuchit Basti Hathauj Chatti Anusuchit Basti,,,,,,,,,,,,,,,,"Chief Engineer PWD Azamgarh Zone,Azamgarh||S.E. Balia Circle,PWD, Balia||Provincial Division, PWD, Balia",,,,,,"631,142.82",,,"Chief Engineer PWD Azamgarh Zone,Azamgarh||S.E. Balia Circle,PWD, Balia||Provincial Division, PWD, Balia"
2024_CEUAZ_892922_6,2024_CEUAZ_892922_6,EE Tender Notice No. 330 /8A Date 08-02-2024,General repair with renewal work of Tilahuwa link road,,,,,,,,,,,,,,,,"Chief Engineer PWD Azamgarh Zone,Azamgarh||S.E. Azamgarh Circle,PWD,Azamgarh||Construction Division-2, PWD, Azamgarh",,,,,,"1,376,821",,,"Chief Engineer PWD Azamgarh Zone,Azamgarh||S.E. Azamgarh Circle,PWD,Azamgarh||Construction Division-2, PWD, Azamgarh"
2024_CEUAZ_892922_7,2024_CEUAZ_892922_7,EE Tender Notice No. 330 /8A Date 08-02-2024,General repair with renewal work of Gauspur Jaminbari Chakbari link road,,,,,,,,,,,,,,,,"Chief Engineer PWD Azamgarh Zone,Azamgarh||S.E. Azamgarh Circle,PWD,Azamgarh||Construction Division-2, PWD, Azamgarh",,,,,,"995,950",,,"Chief Engineer PWD Azamgarh Zone,Azamgarh||S.E. Azamgarh Circle,PWD,Azamgarh||Construction Division-2, PWD, Azamgarh"
2024_CEUAZ_885098_52,2024_CEUAZ_885098_52,120/14A Date 12-01-2024,General Repair of Bahorikpur Link road,,,,,,,,,,,,,,,,"Chief Engineer PWD Azamgarh Zone,Azamgarh||S.E. Azamgarh Circle,PWD,Azamgarh||Construction Division, PWD, Azamgarh",,,,,,"1,557,901.84",,,"Chief Engineer PWD Azamgarh Zone,Azamgarh||S.E. Azamgarh Circle,PWD,Azamgarh||Construction Division, PWD, Azamgarh"
2024_CEUAZ_885098_61,2024_CEUAZ_885098_61,120/14A Date 12-01-2024,General Repair of Diha Link road,,,,,,,,,,,,,,,,"Chief Engineer PWD Azamgarh Zone,Azamgarh||S.E. Azamgarh Circle,PWD,Azamgarh||Construction Division, PWD, Azamgarh",,,,,,"359,010.84",,,"Chief Engineer PWD Azamgarh Zone,Azamgarh||S.E. Azamgarh Circle,PWD,Azamgarh||Construction Division, PWD, Azamgarh"
2024_CEUAZ_885965_16,2024_CEUAZ_885965_16,120/14A Date 12-01-2024,General Repair of Saraipaltu SC Basti Link road,,,,,,,,,,,,,,,,"Chief Engineer PWD Azamgarh Zone,Azamgarh||S.E. Azamgarh Circle,PWD,Azamgarh||Construction Division, PWD, Azamgarh",,,,,,"210,879.47",,,"Chief Engineer PWD Azamgarh Zone,Azamgarh||S.E. Azamgarh Circle,PWD,Azamgarh||Construction Division, PWD, Azamgarh"
2024_CEUAZ_888175_12,2024_CEUAZ_885965_23,EE Tender Notice No. 218 /8A Date 30-01-2024,Special repair of B D B to Sajani link road,,,,,,,,,,,,,,,,"Chief Engineer PWD Azamgarh Zone,Azamgarh||S.E. Azamgarh Circle,PWD,Azamgarh||Construction Division-2, PWD, Azamgarh",,,,,,"282,851",,,"Chief Engineer PWD Azamgarh Zone,Azamgarh||S.E. Azamgarh Circle,PWD,Azamgarh||Construction Division-2, PWD, Azamgarh"
2024_CEUAZ_885965_2,2024_CEUAZ_885965_2,120/14A Date 12-01-2024,General Repair of Asausa Lohar Basti Link road,,,,,,,,,,,,,,,,"Chief Engineer PWD Azamgarh Zone,Azamgarh||S.E. Azamgarh Circle,PWD,Azamgarh||Construction Division, PWD, Azamgarh",,,,,,"623,910",,,"Chief Engineer PWD Azamgarh Zone,Azamgarh||S.E. Azamgarh Circle,PWD,Azamgarh||Construction Division, PWD, Azamgarh"
2024_CEUAZ_888175_12,2024_CEUAZ_888175_12,EE Tender Notice No. 218 /8A Date 30-01-2024,Special repair of B D B to Sajani link road,,,,,,,,,,,,,,,,"Chief Engineer PWD Azamgarh Zone,Azamgarh||S.E. Azamgarh Circle,PWD,Azamgarh||Construction Division-2, PWD, Azamgarh",,,,,,"282,851",,,"Chief Engineer PWD Azamgarh Zone,Azamgarh||S.E. Azamgarh Circle,PWD,Azamgarh||Construction Division-2, PWD, Azamgarh"
2024_CEUAZ_888175_13,2024_CEUAZ_888175_13,EE Tender Notice No. 218 /8A Date 30-01-2024,Special repair of Samshabad Bidahar link road,,,,,,,,,,,,,,,,"Chief Engineer PWD Azamgarh Zone,Azamgarh||S.E. Azamgarh Circle,PWD,Azamgarh||Construction Division-2, PWD, Azamgarh",,,,,,"254,248",,,"Chief Engineer PWD Azamgarh Zone,Azamgarh||S.E. Azamgarh Circle,PWD,Azamgarh||Construction Division-2, PWD, Azamgarh"
2024_CEUAZ_891738_34,2024_CEUAZ_891738_29,110/4A DATE 15.01.2023,Renewal work of Banshibazar to Duha road,,,,,,,,,,,,,,,,"Chief Engineer PWD Azamgarh Zone,Azamgarh||S.E. Balia Circle,PWD, Balia||Provincial Division, PWD, Balia",,,,,,"628,830.4",,,"Chief Engineer PWD Azamgarh Zone,Azamgarh||S.E. Balia Circle,PWD, Balia||Provincial Division, PWD, Balia"
2024_CEUAZ_891738_34,2024_CEUAZ_891738_34,110/4A DATE 15.01.2023,Renewal work of Banshibazar to Duha road,,,,,,,,,,,,,,,,"Chief Engineer PWD Azamgarh Zone,Azamgarh||S.E. Balia Circle,PWD, Balia||Provincial Division, PWD, Balia",,,,,,"628,830.4",,,"Chief Engineer PWD Azamgarh Zone,Azamgarh||S.E. Balia Circle,PWD, Balia||Provincial Division, PWD, Balia"
2024_CEUAZ_884928_35,2024_CEUAZ_884928_34,EE Tender Notice No. 112/8A Date 12-01-2024,General repair with renewal work of Asut Mirzapur Old protion to Ramaipokhar Anusuchit Basti link road,,,,,,,,,,,,,,,,"Chief Engineer PWD Azamgarh Zone,Azamgarh||S.E. Azamgarh Circle,PWD,Azamgarh||Construction Division-2, PWD, Azamgarh",,,,,,"295,754.86",,,"Chief Engineer PWD Azamgarh Zone,Azamgarh||S.E. Azamgarh Circle,PWD,Azamgarh||Construction Division-2, PWD, Azamgarh"
2024_CEUAZ_884928_35,2024_CEUAZ_884928_35,EE Tender Notice No. 112/8A Date 12-01-2024,General repair with renewal work of Asut Mirzapur Old protion to Ramaipokhar Anusuchit Basti link road,,,,,,,,,,,,,,,,"Chief Engineer PWD Azamgarh Zone,Azamgarh||S.E. Azamgarh Circle,PWD,Azamgarh||Construction Division-2, PWD, Azamgarh",,,,,,"295,754.86",,,"Chief Engineer PWD Azamgarh Zone,Azamgarh||S.E. Azamgarh Circle,PWD,Azamgarh||Construction Division-2, PWD, Azamgarh"
2024_CEUAZ_884928_41,2024_CEUAZ_884928_41,EE Tender Notice No. 112/8A Date 12-01-2024,General repair with renewal work of Mahul Pawai road to Dostpur link road,,,,,,,,,,,,,,,,"Chief Engineer PWD Azamgarh Zone,Azamgarh||S.E. Azamgarh Circle,PWD,Azamgarh||Construction Division-2, PWD, Azamgarh",,,,,,"356,129",,,"Chief Engineer PWD Azamgarh Zone,Azamgarh||S.E. Azamgarh Circle,PWD,Azamgarh||Construction Division-2, PWD, Azamgarh"
2024_CEUAZ_884928_42,2024_CEUAZ_884928_42,EE Tender Notice No. 112/8A Date 12-01-2024,General repair with renewal work of Bagbahar Nahar ki Patri road to Andhipur to Mairwa via bhar Basti link road,,,,,,,,,,,,,,,,"Chief Engineer PWD Azamgarh Zone,Azamgarh||S.E. Azamgarh Circle,PWD,Azamgarh||Construction Division-2, PWD, Azamgarh",,,,,,"531,821",,,"Chief Engineer PWD Azamgarh Zone,Azamgarh||S.E. Azamgarh Circle,PWD,Azamgarh||Construction Division-2, PWD, Azamgarh"
2024_CEUAZ_884928_43,2024_CEUAZ_884928_43,EE Tender Notice No. 112/8A Date 12-01-2024,General repair with renewal work of Mahul Pawai road to Dostpur Anusuchit Basti link road,,,,,,,,,,,,,,,,"Chief Engineer PWD Azamgarh Zone,Azamgarh||S.E. Azamgarh Circle,PWD,Azamgarh||Construction Division-2, PWD, Azamgarh",,,,,,"718,714",,,"Chief Engineer PWD Azamgarh Zone,Azamgarh||S.E. Azamgarh Circle,PWD,Azamgarh||Construction Division-2, PWD, Azamgarh"
2024_CEUAZ_884928_4,2024_CEUAZ_884928_4,EE Tender Notice No. 112/8A Date 12-01-2024,General repair with renewal work of Khuraso Enter College to Newada Noniyadih road,,,,,,,,,,,,,,,,"Chief Engineer PWD Azamgarh Zone,Azamgarh||S.E. Azamgarh Circle,PWD,Azamgarh||Construction Division-2, PWD, Azamgarh",,,,,,"1,560,201",,,"Chief Engineer PWD Azamgarh Zone,Azamgarh||S.E. Azamgarh Circle,PWD,Azamgarh||Construction Division-2, PWD, Azamgarh"
2024_CEUAZ_885098_42,2024_CEUAZ_885098_29,120/14A Date 12-01-2024,General Repair of Sultanipur Link road,,,,,,,,,,,,,,,,"Chief Engineer PWD Azamgarh Zone,Azamgarh||S.E. Azamgarh Circle,PWD,Azamgarh||Construction Division, PWD, Azamgarh",,,,,,"872,000",,,"Chief Engineer PWD Azamgarh Zone,Azamgarh||S.E. Azamgarh Circle,PWD,Azamgarh||Construction Division, PWD, Azamgarh"
2024_CEUAZ_885098_42,2024_CEUAZ_885098_42,120/14A Date 12-01-2024,General Repair of Sultanipur Link road,,,,,,,,,,,,,,,,"Chief Engineer PWD Azamgarh Zone,Azamgarh||S.E. Azamgarh Circle,PWD,Azamgarh||Construction Division, PWD, Azamgarh",,,,,,"872,000",,,"Chief Engineer PWD Azamgarh Zone,Azamgarh||S.E. Azamgarh Circle,PWD,Azamgarh||Construction Division, PWD, Azamgarh"
2024_CEUAZ_881846_2,2024_CEUAZ_881846_2,158/NIVIDA(CD)-BALLIA CIRCLE/2023 DATE 10.01.2024,Construction work of culvert from JP Inter College to Bihar border in Ballia district,,,,,,,,,,,,,,,,"Chief Engineer PWD Azamgarh Zone,Azamgarh||S.E. Balia Circle,PWD, Balia",,,,,,"16,011,326.61",,,"Chief Engineer PWD Azamgarh Zone,Azamgarh||S.E. Balia Circle,PWD, Balia"
2024_CEUAZ_883534_2,2024_CEUAZ_881846_3,64/4A dt. 06.01.2024,Manier Bansdih Marg se Halpur se Balapur tak marg,,,,,,,,,,,,,,,,"Chief Engineer PWD Azamgarh Zone,Azamgarh||S.E. Balia Circle,PWD, Balia||Construction Division, PWD, Balia",,,,,,"872,751",,,"Chief Engineer PWD Azamgarh Zone,Azamgarh||S.E. Balia Circle,PWD, Balia||Construction Division, PWD, Balia"
2024_CEUAZ_883534_2,2024_CEUAZ_883534_2,64/4A dt. 06.01.2024,Manier Bansdih Marg se Halpur se Balapur tak marg,,,,,,,,,,,,,,,,"Chief Engineer PWD Azamgarh Zone,Azamgarh||S.E. Balia Circle,PWD, Balia||Construction Division, PWD, Balia",,,,,,"872,751",,,"Chief Engineer PWD Azamgarh Zone,Azamgarh||S.E. Balia Circle,PWD, Balia||Construction Division, PWD, Balia"
2024_CEUAZ_884928_15,2024_CEUAZ_883534_8,EE Tender Notice No. 112/8A Date 12-01-2024,General repair with renewal work of Sanjerpur Mohanpur road to Muhajjabpur link road,,,,,,,,,,,,,,,,"Chief Engineer PWD Azamgarh Zone,Azamgarh||S.E. Azamgarh Circle,PWD,Azamgarh||Construction Division-2, PWD, Azamgarh",,,,,,"292,784",,,"Chief Engineer PWD Azamgarh Zone,Azamgarh||S.E. Azamgarh Circle,PWD,Azamgarh||Construction Division-2, PWD, Azamgarh"
2024_CEUAZ_884928_15,2024_CEUAZ_884928_15,EE Tender Notice No. 112/8A Date 12-01-2024,General repair with renewal work of Sanjerpur Mohanpur road to Muhajjabpur link road,,,,,,,,,,,,,,,,"Chief Engineer PWD Azamgarh Zone,Azamgarh||S.E. Azamgarh Circle,PWD,Azamgarh||Construction Division-2, PWD, Azamgarh",,,,,,"292,784",,,"Chief Engineer PWD Azamgarh Zone,Azamgarh||S.E. Azamgarh Circle,PWD,Azamgarh||Construction Division-2, PWD, Azamgarh"
2024_CEUAZ_884928_2,2024_CEUAZ_884928_18,EE Tender Notice No. 112/8A Date 12-01-2024,General repair with renewal work of Saraimeer Beenapar road to Sadarpur Harijen Basti balance portion,,,,,,,,,,,,,,,,"Chief Engineer PWD Azamgarh Zone,Azamgarh||S.E. Azamgarh Circle,PWD,Azamgarh||Construction Division-2, PWD, Azamgarh",,,,,,"359,559.66",,,"Chief Engineer PWD Azamgarh Zone,Azamgarh||S.E. Azamgarh Circle,PWD,Azamgarh||Construction Division-2, PWD, Azamgarh"
2024_CEUAZ_884928_2,2024_CEUAZ_884928_2,EE Tender Notice No. 112/8A Date 12-01-2024,General repair with renewal work of Saraimeer Beenapar road to Sadarpur Harijen Basti balance portion,,,,,,,,,,,,,,,,"Chief Engineer PWD Azamgarh Zone,Azamgarh||S.E. Azamgarh Circle,PWD,Azamgarh||Construction Division-2, PWD, Azamgarh",,,,,,"359,559.66",,,"Chief Engineer PWD Azamgarh Zone,Azamgarh||S.E. Azamgarh Circle,PWD,Azamgarh||Construction Division-2, PWD, Azamgarh"
2024_CEUAZ_879188_52,2024_CEUAZ_879188_52,EE Tender Notice No. 3268/8A Date 23-12-2023,Special repair of Pawai Mittupur to Hamirpur road,,,,,,,,,,,,,,,,"Chief Engineer PWD Azamgarh Zone,Azamgarh||S.E. Azamgarh Circle,PWD,Azamgarh||Construction Division-2, PWD, Azamgarh",,,,,,"70,005.12",,,"Chief Engineer PWD Azamgarh Zone,Azamgarh||S.E. Azamgarh Circle,PWD,Azamgarh||Construction Division-2, PWD, Azamgarh"
2024_CEUAZ_879188_63,2024_CEUAZ_879188_54,EE Tender Notice No. 3268/8A Date 23-12-2023,Special repair of Rani ki Sarai Sonwara Koilari road to Sammopur Aima link road,,,,,,,,,,,,,,,,"Chief Engineer PWD Azamgarh Zone,Azamgarh||S.E. Azamgarh Circle,PWD,Azamgarh||Construction Division-2, PWD, Azamgarh",,,,,,"875,932",,,"Chief Engineer PWD Azamgarh Zone,Azamgarh||S.E. Azamgarh Circle,PWD,Azamgarh||Construction Division-2, PWD, Azamgarh"
2024_CEUAZ_879188_63,2024_CEUAZ_879188_63,EE Tender Notice No. 3268/8A Date 23-12-2023,Special repair of Rani ki Sarai Sonwara Koilari road to Sammopur Aima link road,,,,,,,,,,,,,,,,"Chief Engineer PWD Azamgarh Zone,Azamgarh||S.E. Azamgarh Circle,PWD,Azamgarh||Construction Division-2, PWD, Azamgarh",,,,,,"875,932",,,"Chief Engineer PWD Azamgarh Zone,Azamgarh||S.E. Azamgarh Circle,PWD,Azamgarh||Construction Division-2, PWD, Azamgarh"
2024_CEUAZ_879218_2,2024_CEUAZ_879218_2,5943/NIVIDA(CD)-BALLIA CIRCLE/2023 DATE 23.12.2023,Construction work of the road from Gram Sabha Dumri to Kunwar Jasanv Kudiya(Including 05 years maintenance cost),,,,,,,,,,,,,,,,"Chief Engineer PWD Azamgarh Zone,Azamgarh||S.E. Balia Circle,PWD, Balia",,,,,,"12,756,316.44",,,"Chief Engineer PWD Azamgarh Zone,Azamgarh||S.E. Balia Circle,PWD, Balia"
2024_CEUAZ_879399_31,2024_CEUAZ_879399_31,No-2845/9A Date 26-12-2023,Special Repair of laudah Imadpur SC Basti South Link road,,,,,,,,,,,,,,,,"Chief Engineer PWD Azamgarh Zone,Azamgarh||S.E. Azamgarh Circle,PWD,Azamgarh||Construction Division, PWD, Azamgarh",,,,,,"1,395,985",,,"Chief Engineer PWD Azamgarh Zone,Azamgarh||S.E. Azamgarh Circle,PWD,Azamgarh||Construction Division, PWD, Azamgarh"
2024_CEUAZ_878102_3,2024_CEUAZ_878102_3,5940/NIVIDA(CD)-BALLIA CIRCLE/2023 DATE 23.12.2023,Special repair work of the road from Dera of Sivan Tola Khakhan to the house of Laxman Chhapra Tulsi Godda,,,,,,,,,,,,,,,,"Chief Engineer PWD Azamgarh Zone,Azamgarh||S.E. Balia Circle,PWD, Balia",,,,,,"4,426,726.02",,,"Chief Engineer PWD Azamgarh Zone,Azamgarh||S.E. Balia Circle,PWD, Balia"
2024_CEUAZ_879188_15,2024_CEUAZ_879188_15,EE Tender Notice No. 3268/8A Date 23-12-2023,Special repair of Sofipur Maslampatti Dadara road to Larpur road,,,,,,,,,,,,,,,,"Chief Engineer PWD Azamgarh Zone,Azamgarh||S.E. Azamgarh Circle,PWD,Azamgarh||Construction Division-2, PWD, Azamgarh",,,,,,"90,800.55",,,"Chief Engineer PWD Azamgarh Zone,Azamgarh||S.E. Azamgarh Circle,PWD,Azamgarh||Construction Division-2, PWD, Azamgarh"
2024_CEUAZ_879188_22,2024_CEUAZ_879188_22,EE Tender Notice No. 3268/8A Date 23-12-2023,Special repair of Amauda Mohiuddinpur to Allipur link road,,,,,,,,,,,,,,,,"Chief Engineer PWD Azamgarh Zone,Azamgarh||S.E. Azamgarh Circle,PWD,Azamgarh||Construction Division-2, PWD, Azamgarh",,,,,,"307,402",,,"Chief Engineer PWD Azamgarh Zone,Azamgarh||S.E. Azamgarh Circle,PWD,Azamgarh||Construction Division-2, PWD, Azamgarh"
2024_CEUAZ_879188_39,2024_CEUAZ_879188_33,EE Tender Notice No. 3268/8A Date 23-12-2023,Special repair of Sumhadih Sulemapur road to Badapurva road,,,,,,,,,,,,,,,,"Chief Engineer PWD Azamgarh Zone,Azamgarh||S.E. Azamgarh Circle,PWD,Azamgarh||Construction Division-2, PWD, Azamgarh",,,,,,"297,423.9",,,"Chief Engineer PWD Azamgarh Zone,Azamgarh||S.E. Azamgarh Circle,PWD,Azamgarh||Construction Division-2, PWD, Azamgarh"
2024_CEUAZ_879188_39,2024_CEUAZ_879188_36,EE Tender Notice No. 3268/8A Date 23-12-2023,Special repair of Sumhadih Sulemapur road to Badapurva road,,,,,,,,,,,,,,,,"Chief Engineer PWD Azamgarh Zone,Azamgarh||S.E. Azamgarh Circle,PWD,Azamgarh||Construction Division-2, PWD, Azamgarh",,,,,,"297,423.9",,,"Chief Engineer PWD Azamgarh Zone,Azamgarh||S.E. Azamgarh Circle,PWD,Azamgarh||Construction Division-2, PWD, Azamgarh"
2024_CEUAZ_879188_39,2024_CEUAZ_879188_39,EE Tender Notice No. 3268/8A Date 23-12-2023,Special repair of Sumhadih Sulemapur road to Badapurva road,,,,,,,,,,,,,,,,"Chief Engineer PWD Azamgarh Zone,Azamgarh||S.E. Azamgarh Circle,PWD,Azamgarh||Construction Division-2, PWD, Azamgarh",,,,,,"297,423.9",,,"Chief Engineer PWD Azamgarh Zone,Azamgarh||S.E. Azamgarh Circle,PWD,Azamgarh||Construction Division-2, PWD, Azamgarh"
2024_CEUAZ_879188_40,2024_CEUAZ_879188_40,EE Tender Notice No. 3268/8A Date 23-12-2023,Special repair of Naharpur link road,,,,,,,,,,,,,,,,"Chief Engineer PWD Azamgarh Zone,Azamgarh||S.E. Azamgarh Circle,PWD,Azamgarh||Construction Division-2, PWD, Azamgarh",,,,,,"266,984.96",,,"Chief Engineer PWD Azamgarh Zone,Azamgarh||S.E. Azamgarh Circle,PWD,Azamgarh||Construction Division-2, PWD, Azamgarh"
2024_CEUAZ_879188_4,2024_CEUAZ_879188_4,EE Tender Notice No. 3268/8A Date 23-12-2023,Special repair of Rasulpur Harijen Basti via canal tak road,,,,,,,,,,,,,,,,"Chief Engineer PWD Azamgarh Zone,Azamgarh||S.E. Azamgarh Circle,PWD,Azamgarh||Construction Division-2, PWD, Azamgarh",,,,,,"119,646",,,"Chief Engineer PWD Azamgarh Zone,Azamgarh||S.E. Azamgarh Circle,PWD,Azamgarh||Construction Division-2, PWD, Azamgarh"
2024_UPIDC_899767_43,2024_UPIDC_899767_43,02/EE/2023-24,Silt Cleaning and clearance of Bhanguri Drain between chainage 9.500 Km to 12.500 Km,,,,,,,,,,,,,,,,"U P Irrigation Department (Civil)||Chief Engineer-Saryu Project-2, Gonda||Irrigation Construction Circle, Basti||SCD-4, basti",,,,,,"222,439.95",,,"U P Irrigation Department (Civil)||Chief Engineer-Saryu Project-2, Gonda||Irrigation Construction Circle, Basti||SCD-4, basti"
2024_CEMRT_911583_1,2024_CEMRT_911532_1,1863/28MS-S/2024 Date 04-03-2024,"Renewal Work of K.K. Road to Parasouli Biral Road Km. 1,2,3,4(370),5,6,7(450)",,,,,,,,,,,,,,,,Cheif Engineer Meerut Zone PWD Meerut||SE SAHARANPUR CIRCLE PWD SAHARANPUR,,,,,,"4,604,230.65",,,Cheif Engineer Meerut Zone PWD Meerut||SE SAHARANPUR CIRCLE PWD SAHARANPUR
2024_CEMRT_911583_1,2024_CEMRT_911583_1,1863/28MS-S/2024 Date 04-03-2024,"Renewal Work of K.K. Road to Parasouli Biral Road Km. 1,2,3,4(370),5,6,7(450)",,,,,,,,,,,,,,,,Cheif Engineer Meerut Zone PWD Meerut||SE SAHARANPUR CIRCLE PWD SAHARANPUR,,,,,,"4,604,230.65",,,Cheif Engineer Meerut Zone PWD Meerut||SE SAHARANPUR CIRCLE PWD SAHARANPUR
2024_CEMRT_912620_1,2024_CEMRT_912620_1,1864/24MS-S/2024 Date 04-03-2024,Renewal of Tisang to Janshath ODR In Km- 1-600- 2-650-3 to 8 and Km-9-250,,,,,,,,,,,,,,,,Cheif Engineer Meerut Zone PWD Meerut||SE SAHARANPUR CIRCLE PWD SAHARANPUR,,,,,,"5,447,861.73",,,Cheif Engineer Meerut Zone PWD Meerut||SE SAHARANPUR CIRCLE PWD SAHARANPUR
2024_CEMRT_906093_9,2024_CEMRT_906093_9,1404/28MS-S/2024 Date 22-02-2024,Special Repair Work on Chapar Simarthi Tejalhera Khaikehri Rd. Km. 1 to Kasampur  Patedi Rd. Km. 1 to Sahadra Road.,,,,,,,,,,,,,,,,Cheif Engineer Meerut Zone PWD Meerut||SE SAHARANPUR CIRCLE PWD SAHARANPUR,,,,,,"3,772,085",,,Cheif Engineer Meerut Zone PWD Meerut||SE SAHARANPUR CIRCLE PWD SAHARANPUR
2024_CEMRT_907865_1,2024_CEMRT_907865_1,714/11Cashier-MC CD Meerut Dt 21-02-24,Reconstruction work of Rohta Road to Salahpur Badam road under Block Rohta for agricultural marketing facilities in the sugar mill area,,,,,,,,,,,,,,,,Cheif Engineer Meerut Zone PWD Meerut||SE MEERUT CIRCLE PWD MEERUT,,,,,,"4,777,546.11",,,Cheif Engineer Meerut Zone PWD Meerut||SE MEERUT CIRCLE PWD MEERUT
2024_CEMRT_908164_5,2024_CEMRT_908164_4,454/8A DT 28.02.2024,8 Special repair work of Culvert No. 3/1 at Babri to D Y Road Via Raipur Panwarkhera Titarsi Road in F.Y. 2023-24 in distt. Shamli,,,,,,,,,,,,,,,,Cheif Engineer Meerut Zone PWD Meerut||SE SAHARANPUR CIRCLE PWD SAHARANPUR||EE PROVINCIAL DIVISION PWD SHAMLI,,,,,,"3,127,459.65",,,Cheif Engineer Meerut Zone PWD Meerut||SE SAHARANPUR CIRCLE PWD SAHARANPUR||EE PROVINCIAL DIVISION PWD SHAMLI
2024_CEMRT_908164_5,2024_CEMRT_908164_5,454/8A DT 28.02.2024,8 Special repair work of Culvert No. 3/1 at Babri to D Y Road Via Raipur Panwarkhera Titarsi Road in F.Y. 2023-24 in distt. Shamli,,,,,,,,,,,,,,,,Cheif Engineer Meerut Zone PWD Meerut||SE SAHARANPUR CIRCLE PWD SAHARANPUR||EE PROVINCIAL DIVISION PWD SHAMLI,,,,,,"3,127,459.65",,,Cheif Engineer Meerut Zone PWD Meerut||SE SAHARANPUR CIRCLE PWD SAHARANPUR||EE PROVINCIAL DIVISION PWD SHAMLI
2024_CEMRT_904027_1,2024_CEMRT_904027_1,1078/96MS-S/2024 Date 13-02-2024,"Financial year 2023-24, the work of widening and strengthening of the road (other district road) from Rampur-Badgaon to Saharanpur-Badgaon via Alauddinpur Chakwali Mirzapur in Saharanpur district.",,,,,,,,,,,,,,,,Cheif Engineer Meerut Zone PWD Meerut||SE SAHARANPUR CIRCLE PWD SAHARANPUR,,,,,,"83,679,598",,,Cheif Engineer Meerut Zone PWD Meerut||SE SAHARANPUR CIRCLE PWD SAHARANPUR
2024_CEMRT_904263_4,2024_CEMRT_904263_2,1954/96M/BSR/2023-24 Date 22.02.2024,Reconstruction of Saloni Link Road,,,,,,,,,,,,,,,,Cheif Engineer Meerut Zone PWD Meerut||SE BULAND SHAHAR PWD BULANDSHAHAR||EE PROVINCIAL DIVISION PWD HAPUR,,,,,,"3,315,815.04",,,Cheif Engineer Meerut Zone PWD Meerut||SE BULAND SHAHAR PWD BULANDSHAHAR||EE PROVINCIAL DIVISION PWD HAPUR
2024_CEMRT_904263_4,2024_CEMRT_904263_4,1954/96M/BSR/2023-24 Date 22.02.2024,Reconstruction of Saloni Link Road,,,,,,,,,,,,,,,,Cheif Engineer Meerut Zone PWD Meerut||SE BULAND SHAHAR PWD BULANDSHAHAR||EE PROVINCIAL DIVISION PWD HAPUR,,,,,,"3,315,815.04",,,Cheif Engineer Meerut Zone PWD Meerut||SE BULAND SHAHAR PWD BULANDSHAHAR||EE PROVINCIAL DIVISION PWD HAPUR
2024_CEMRT_904263_5,2024_CEMRT_904263_5,1954/96M/BSR/2023-24 Date 22.02.2024,Reconstruction of Madhya Ganga Nahar to Buklana Saini Basti Road,,,,,,,,,,,,,,,,Cheif Engineer Meerut Zone PWD Meerut||SE BULAND SHAHAR PWD BULANDSHAHAR||EE PROVINCIAL DIVISION PWD HAPUR,,,,,,"3,272,195",,,Cheif Engineer Meerut Zone PWD Meerut||SE BULAND SHAHAR PWD BULANDSHAHAR||EE PROVINCIAL DIVISION PWD HAPUR
2024_CEMRT_904263_7,2024_CEMRT_904263_7,1954/96M/BSR/2023-24 Date 22.02.2024,Reconstruction of Ist Part of Village Chhapkauli Junior High School to Kakodi Sattavan Road,,,,,,,,,,,,,,,,Cheif Engineer Meerut Zone PWD Meerut||SE BULAND SHAHAR PWD BULANDSHAHAR||EE PROVINCIAL DIVISION PWD HAPUR,,,,,,"2,984,643.98",,,Cheif Engineer Meerut Zone PWD Meerut||SE BULAND SHAHAR PWD BULANDSHAHAR||EE PROVINCIAL DIVISION PWD HAPUR
2024_CEMRT_904317_2,2024_CEMRT_904317_2,417/8A DT 23.02.2024,2 Special repair work on Culvert No. 12/1 at Hathi Karoda to Thanabhawan Road in Distt. Shamli in F.Y. 2023-24,,,,,,,,,,,,,,,,Cheif Engineer Meerut Zone PWD Meerut||SE SAHARANPUR CIRCLE PWD SAHARANPUR||EE PROVINCIAL DIVISION PWD SHAMLI,,,,,,"1,125,395.03",,,Cheif Engineer Meerut Zone PWD Meerut||SE SAHARANPUR CIRCLE PWD SAHARANPUR||EE PROVINCIAL DIVISION PWD SHAMLI
2024_CEMRT_904317_3,2024_CEMRT_904317_3,417/8A DT 23.02.2024,3 Special repair work on Culvert No. 10/2 at Dholra Jasoi Pipalhera Kutubagarh Mullapur Thanabhawan Road in Distt. Shamli in F.Y. 2023-24,,,,,,,,,,,,,,,,Cheif Engineer Meerut Zone PWD Meerut||SE SAHARANPUR CIRCLE PWD SAHARANPUR||EE PROVINCIAL DIVISION PWD SHAMLI,,,,,,"971,983.8",,,Cheif Engineer Meerut Zone PWD Meerut||SE SAHARANPUR CIRCLE PWD SAHARANPUR||EE PROVINCIAL DIVISION PWD SHAMLI
2024_CEMRT_901201_1,2024_CEMRT_900860_4,553/11Cashier-MC CD Meerut Dt 12-02-24,Improvement and road safety work of Black Spot Lavd village BS UP 5978 on Daurala Mussoorie (other district road) in Meerut district,,,,,,,,,,,,,,,,Cheif Engineer Meerut Zone PWD Meerut||SE MEERUT CIRCLE PWD MEERUT,,,,,,"3,653,952.24",,,Cheif Engineer Meerut Zone PWD Meerut||SE MEERUT CIRCLE PWD MEERUT
2024_CEMRT_901201_1,2024_CEMRT_901201_1,553/11Cashier-MC CD Meerut Dt 12-02-24,Improvement and road safety work of Black Spot Lavd village BS UP 5978 on Daurala Mussoorie (other district road) in Meerut district,,,,,,,,,,,,,,,,Cheif Engineer Meerut Zone PWD Meerut||SE MEERUT CIRCLE PWD MEERUT,,,,,,"3,653,952.24",,,Cheif Engineer Meerut Zone PWD Meerut||SE MEERUT CIRCLE PWD MEERUT
2024_CEMRT_894266_1,2024_CEMRT_894266_1,7914/25MS/2024 date 21.11.2023,Reconstruction work at Delhi Saharanpur Road to Titarsi Bridge in Distt. Shamli in. F.Y. 2023-24,,,,,,,,,,,,,,,,Cheif Engineer Meerut Zone PWD Meerut||SE SAHARANPUR CIRCLE PWD SAHARANPUR,,,,,,"2,080,301.86",,,Cheif Engineer Meerut Zone PWD Meerut||SE SAHARANPUR CIRCLE PWD SAHARANPUR
2024_CEMRT_894881_1,2024_CEMRT_894881_1,571/4A-Camp date 29.01.2024,Patch Repair work on Remaining Other District Roads in Vidhansabha Muradnagar,,,,,,,,,,,,,,,,Cheif Engineer Meerut Zone PWD Meerut||SE BULAND SHAHAR PWD BULANDSHAHAR||EE CONSTRUCTION DIVISION-2  PWD GAZIABAD,,,,,,"1,387,584",,,Cheif Engineer Meerut Zone PWD Meerut||SE BULAND SHAHAR PWD BULANDSHAHAR||EE CONSTRUCTION DIVISION-2  PWD GAZIABAD
2024_CEMRT_894881_2,2024_CEMRT_894881_2,571/4A-Camp date 29.01.2024,Patch Repair work on Remaining Village Roads in Vidhansabha Muradnagar,,,,,,,,,,,,,,,,Cheif Engineer Meerut Zone PWD Meerut||SE BULAND SHAHAR PWD BULANDSHAHAR||EE CONSTRUCTION DIVISION-2  PWD GAZIABAD,,,,,,"1,334,718",,,Cheif Engineer Meerut Zone PWD Meerut||SE BULAND SHAHAR PWD BULANDSHAHAR||EE CONSTRUCTION DIVISION-2  PWD GAZIABAD
2024_CEMRT_894881_3,2024_CEMRT_894881_3,571/4A-Camp date 29.01.2024,"Repair and Improvement work (painting of railing, Divider) on Various  Roads in District Ghaziabad",,,,,,,,,,,,,,,,Cheif Engineer Meerut Zone PWD Meerut||SE BULAND SHAHAR PWD BULANDSHAHAR||EE CONSTRUCTION DIVISION-2  PWD GAZIABAD,,,,,,"1,449,259.76",,,Cheif Engineer Meerut Zone PWD Meerut||SE BULAND SHAHAR PWD BULANDSHAHAR||EE CONSTRUCTION DIVISION-2  PWD GAZIABAD
2024_CEMRT_895645_4,2024_CEMRT_895645_4,155/ 8A DT 24.01.2024,4 Rehabilitation of Bridge No. 1/2 at Jalabad to Dakodi Road in F.Y. 2023-24 in distt. Shamli,,,,,,,,,,,,,,,,Cheif Engineer Meerut Zone PWD Meerut||SE SAHARANPUR CIRCLE PWD SAHARANPUR||EE PROVINCIAL DIVISION PWD SHAMLI,,,,,,"943,315.87",,,Cheif Engineer Meerut Zone PWD Meerut||SE SAHARANPUR CIRCLE PWD SAHARANPUR||EE PROVINCIAL DIVISION PWD SHAMLI
2024_CEMRT_896266_2,2024_CEMRT_896215_1,417/8A Dated 07.02.2024,2- CC and Drain work on Shahpur Basi Bhorakalan Shikarpur Road (ODR) in Km-2 Basi Abadi Portion Under Special Repair,,,,,,,,,,,,,,,,Cheif Engineer Meerut Zone PWD Meerut||SE SAHARANPUR CIRCLE PWD SAHARANPUR||EE PROVINCIAL DIVISION PWD MUZAFFARNAGAR,,,,,,"2,273,810.28",,,Cheif Engineer Meerut Zone PWD Meerut||SE SAHARANPUR CIRCLE PWD SAHARANPUR||EE PROVINCIAL DIVISION PWD MUZAFFARNAGAR
2024_CEMRT_896266_2,2024_CEMRT_896215_2,417/8A Dated 07.02.2024,2- CC and Drain work on Shahpur Basi Bhorakalan Shikarpur Road (ODR) in Km-2 Basi Abadi Portion Under Special Repair,,,,,,,,,,,,,,,,Cheif Engineer Meerut Zone PWD Meerut||SE SAHARANPUR CIRCLE PWD SAHARANPUR||EE PROVINCIAL DIVISION PWD MUZAFFARNAGAR,,,,,,"2,273,810.28",,,Cheif Engineer Meerut Zone PWD Meerut||SE SAHARANPUR CIRCLE PWD SAHARANPUR||EE PROVINCIAL DIVISION PWD MUZAFFARNAGAR
2024_CEMRT_896266_2,2024_CEMRT_896266_2,417/8A Dated 07.02.2024,2- CC and Drain work on Shahpur Basi Bhorakalan Shikarpur Road (ODR) in Km-2 Basi Abadi Portion Under Special Repair,,,,,,,,,,,,,,,,Cheif Engineer Meerut Zone PWD Meerut||SE SAHARANPUR CIRCLE PWD SAHARANPUR||EE PROVINCIAL DIVISION PWD MUZAFFARNAGAR,,,,,,"2,273,810.28",,,Cheif Engineer Meerut Zone PWD Meerut||SE SAHARANPUR CIRCLE PWD SAHARANPUR||EE PROVINCIAL DIVISION PWD MUZAFFARNAGAR
2024_CEMRT_884809_4,2024_CEMRT_884809_4,313/24MS-S(MZN)/24 Dt. 11.01.2024,4-Special Repair Work of CC and RCC Nala in Km-6-350 Km-7-400 and Km-8-400 at Delhi Nitipass Road Khatauli Portion ODR,,,,,,,,,,,,,,,,Cheif Engineer Meerut Zone PWD Meerut||SE SAHARANPUR CIRCLE PWD SAHARANPUR,,,,,,"30,151,775.64",,,Cheif Engineer Meerut Zone PWD Meerut||SE SAHARANPUR CIRCLE PWD SAHARANPUR
2024_CEMRT_888785_9,2024_CEMRT_888785_9,8853/96M/BSRO/2023-24 Date 07.12.2023,New Construction of Basatpur to Solana road under NABARD Scheme in FY 2023-24,,,,,,,,,,,,,,,,Cheif Engineer Meerut Zone PWD Meerut||SE BULAND SHAHAR PWD BULANDSHAHAR||EE PROVINCIAL DIVISION PWD HAPUR,,,,,,"9,653,179.42",,,Cheif Engineer Meerut Zone PWD Meerut||SE BULAND SHAHAR PWD BULANDSHAHAR||EE PROVINCIAL DIVISION PWD HAPUR
2024_CEMRT_894210_1,2024_CEMRT_894210_1,693/25M-S/2024 Date 30.01.2024,Reconstruction of minor bridge in Km. 17 of Khatauli Morna State Highway (SH-116) in Distt. Shamli in. F.Y. 2023-24,,,,,,,,,,,,,,,,Cheif Engineer Meerut Zone PWD Meerut||SE SAHARANPUR CIRCLE PWD SAHARANPUR,,,,,,"7,411,379.43",,,Cheif Engineer Meerut Zone PWD Meerut||SE SAHARANPUR CIRCLE PWD SAHARANPUR
2024_CEMBD_907090_5,2024_CEMBD_907090_5,1288/Nivida-Moradabad/23-24 Dated 26-02-2024,Nauganwa-Dhanaura road ODR,,,,,,,,,,,,,,,,Chief Engineer Moradabad Zone PWD Moradabad UP||MORADABAD CIRCLE PWD MORADABAD||PROVINCIAL DIVISION PWD AMROHA,,,,,,"35,676,301.25",,,Chief Engineer Moradabad Zone PWD Moradabad UP||MORADABAD CIRCLE PWD MORADABAD||PROVINCIAL DIVISION PWD AMROHA
2024_CEMBD_907090_6,2024_CEMBD_907090_6,1288/Nivida-Moradabad/23-24 Dated 26-02-2024,"SR of Dhanaura-Feena road (ODR) Km 3, 4, 5 and 7",,,,,,,,,,,,,,,,Chief Engineer Moradabad Zone PWD Moradabad UP||MORADABAD CIRCLE PWD MORADABAD||PROVINCIAL DIVISION PWD AMROHA,,,,,,"12,606,969.6",,,Chief Engineer Moradabad Zone PWD Moradabad UP||MORADABAD CIRCLE PWD MORADABAD||PROVINCIAL DIVISION PWD AMROHA
2024_CEMBD_909449_5,2024_CEMBD_909449_5,1347/Nivida MBD Cricle dt 29-02-2024,BHOJPUR ROSHANPUR TANDA ROAD KM 11 TO 18 19-825,,,,,,,,,,,,,,,,Chief Engineer Moradabad Zone PWD Moradabad UP||MORADABAD CIRCLE PWD MORADABAD||PROVINCIAL DIVISION PWD MORADABAD,,,,,,"14,313,683.1",,,Chief Engineer Moradabad Zone PWD Moradabad UP||MORADABAD CIRCLE PWD MORADABAD||PROVINCIAL DIVISION PWD MORADABAD
2024_CEMBD_892298_2,2024_CEMBD_892298_2,391/E-Tender-R.Circle/23-24 Dt. 27.01.2024,Special repair of Bundki Sugar Mill to Raipur Road,,,,,,,,,,,,,,,,Chief Engineer Moradabad Zone PWD Moradabad UP||RAMPUR CIRCLE PWD RAMPUR||CONSTRUCTION DIVISION 2 PWD BIJNOR -HQ NAJIBABAD-,,,,,,"7,163,400.04",,,Chief Engineer Moradabad Zone PWD Moradabad UP||RAMPUR CIRCLE PWD RAMPUR||CONSTRUCTION DIVISION 2 PWD BIJNOR -HQ NAJIBABAD-
2024_CEMBD_899420_1,2024_CEMBD_899420_1,6249/E-Nivida-MBD Circle/23-24 DT 20-12-2023,Year 2023-24 Under IRQP Scheme Improving Riding Quality of Moradabad Gawan Bulandshehar road (Anupshahar Dibai Bhag sahit) SH-148 Km 20 to 37(410).,,,,,,,,,,,,,,,,Chief Engineer Moradabad Zone PWD Moradabad UP||MORADABAD CIRCLE PWD MORADABAD||PROVINCIAL DIVISION PWD SAMBHAL,,,,,,"136,674,830",,,Chief Engineer Moradabad Zone PWD Moradabad UP||MORADABAD CIRCLE PWD MORADABAD||PROVINCIAL DIVISION PWD SAMBHAL
2024_CEMBD_902683_2,2024_CEMBD_902683_2,383/E-TENDER MBD CIRLCE DT 23-01-2024,HARIDWARI ROAD KAWAR PATH ROAD,,,,,,,,,,,,,,,,Chief Engineer Moradabad Zone PWD Moradabad UP||MORADABAD CIRCLE PWD MORADABAD||PROVINCIAL DIVISION PWD MORADABAD,,,,,,"4,534,246.83",,,Chief Engineer Moradabad Zone PWD Moradabad UP||MORADABAD CIRCLE PWD MORADABAD||PROVINCIAL DIVISION PWD MORADABAD
2024_UPIDC_894744_34,2024_UPIDC_894744_34,08/SE/2023-24,Flood Protection Work of Kunhra-Ghoghi Bund between Km. 33.200 to 33.700 near Village Khairahawa in Distt. Siddharthnagar on left Bank of River Kunhra.,,,,,,,,,,,,,,,,"U P Irrigation Department (Civil)||Chief Engineer-Gandak, Gorakhpur||Gandak Flood Circle, Basti",,,,,,"12,156,571.22",,,"U P Irrigation Department (Civil)||Chief Engineer-Gandak, Gorakhpur||Gandak Flood Circle, Basti"
2024_UPIDC_894906_22,2024_UPIDC_894906_22,07/S.E./2023-24,Flood Protection Work at Village group Tirahipur on the right Bank of River Tonse in District Ballia. (U.P.) Lot 11,,,,,,,,,,,,,,,,"U P Irrigation Department (Civil)||Chief Engineer-Gandak, Gorakhpur||Drainage Circle, Ballia",,,,,,"10,793,160",,,"U P Irrigation Department (Civil)||Chief Engineer-Gandak, Gorakhpur||Drainage Circle, Ballia"
2024_UPIDC_895593_32,2024_UPIDC_895593_32,02/SE/2023-24,RESTORATION OF RAJDHANI SILHATA BUND FROM KM. 0.000 TO 10.600 ON LEFT BANK OF GURRA RIVER IN DISTRICT GORAKHPUR,,,,,,,,,,,,,,,,"U P Irrigation Department (Civil)||Chief Engineer-Gandak, Gorakhpur||Gandak Flood Circle, Gorakhpur",,,,,,"29,999,037.82",,,"U P Irrigation Department (Civil)||Chief Engineer-Gandak, Gorakhpur||Gandak Flood Circle, Gorakhpur"
2024_CEMBD_882530_2,2024_CEMBD_882530_2,409/ETEN_RC/23_24_D_27_01_24,Reconstruction of NH-87 Km 40 to Temra Link Road,,,,,,,,,,,,,,,,Chief Engineer Moradabad Zone PWD Moradabad UP||RAMPUR CIRCLE PWD RAMPUR||PROVINCIAL DIVISION PWD RAMPUR,,,,,,"3,738,671.81",,,Chief Engineer Moradabad Zone PWD Moradabad UP||RAMPUR CIRCLE PWD RAMPUR||PROVINCIAL DIVISION PWD RAMPUR
2024_CEMBD_889521_11,2024_CEMBD_884018_16,97/E.TENDER/2023-24 Dated 10-01-2024,Renewal from PC on  Wasepur to Kanjar Baseda road,,,,,,,,,,,,,,,,Chief Engineer Moradabad Zone PWD Moradabad UP||MORADABAD CIRCLE PWD MORADABAD||PROVINCIAL DIVISION PWD AMROHA,,,,,,"799,599.6",,,Chief Engineer Moradabad Zone PWD Moradabad UP||MORADABAD CIRCLE PWD MORADABAD||PROVINCIAL DIVISION PWD AMROHA
2024_CEMBD_889521_11,2024_CEMBD_889521_11,97/E.TENDER/2023-24 Dated 10-01-2024,Renewal from PC on  Wasepur to Kanjar Baseda road,,,,,,,,,,,,,,,,Chief Engineer Moradabad Zone PWD Moradabad UP||MORADABAD CIRCLE PWD MORADABAD||PROVINCIAL DIVISION PWD AMROHA,,,,,,"799,599.6",,,Chief Engineer Moradabad Zone PWD Moradabad UP||MORADABAD CIRCLE PWD MORADABAD||PROVINCIAL DIVISION PWD AMROHA
2024_CEMBD_890113_25,2024_CEMBD_890113_25,262/E-Ten/23-24_Dt_27-01-24,Bilaspur Aharo Shishgarh Road to Tehri Khwaja Link Road,,,,,,,,,,,,,,,,Chief Engineer Moradabad Zone PWD Moradabad UP||RAMPUR CIRCLE PWD RAMPUR||PROVINCIAL DIVISION PWD RAMPUR,,,,,,"1,134,775",,,Chief Engineer Moradabad Zone PWD Moradabad UP||RAMPUR CIRCLE PWD RAMPUR||PROVINCIAL DIVISION PWD RAMPUR
2024_CEMBD_878778_12,2024_CEKNP_915245_1,3389/E.TENDER/2023-24 Dated 26-12-2023,SR of Hazarpur to Jamania road,,,,,,,,,,,,,,,,Chief Engineer Moradabad Zone PWD Moradabad UP||MORADABAD CIRCLE PWD MORADABAD||PROVINCIAL DIVISION PWD AMROHA,,,,,,"311,538.15",,,Chief Engineer Moradabad Zone PWD Moradabad UP||MORADABAD CIRCLE PWD MORADABAD||PROVINCIAL DIVISION PWD AMROHA
2024_CEMBD_878778_12,2024_CEMBD_878778_12,3389/E.TENDER/2023-24 Dated 26-12-2023,SR of Hazarpur to Jamania road,,,,,,,,,,,,,,,,Chief Engineer Moradabad Zone PWD Moradabad UP||MORADABAD CIRCLE PWD MORADABAD||PROVINCIAL DIVISION PWD AMROHA,,,,,,"311,538.15",,,Chief Engineer Moradabad Zone PWD Moradabad UP||MORADABAD CIRCLE PWD MORADABAD||PROVINCIAL DIVISION PWD AMROHA
2024_CEMBD_882529_1,2024_CEMBD_882529_1,244/E-Ten/23-24_Dt_24-01-24,Reconstruction work of RSB Km 41 to Daroga Farma Kishanpur Road,,,,,,,,,,,,,,,,Chief Engineer Moradabad Zone PWD Moradabad UP||RAMPUR CIRCLE PWD RAMPUR||PROVINCIAL DIVISION PWD RAMPUR,,,,,,"1,785,028.03",,,Chief Engineer Moradabad Zone PWD Moradabad UP||RAMPUR CIRCLE PWD RAMPUR||PROVINCIAL DIVISION PWD RAMPUR
2024_CEMBD_882530_1,2024_CEMBD_882530_1,409/ETEN_RC/23_24_D_27_01_24,Reconstruction of SRB to Amrit Farm,,,,,,,,,,,,,,,,Chief Engineer Moradabad Zone PWD Moradabad UP||RAMPUR CIRCLE PWD RAMPUR||PROVINCIAL DIVISION PWD RAMPUR,,,,,,"3,883,990.02",,,Chief Engineer Moradabad Zone PWD Moradabad UP||RAMPUR CIRCLE PWD RAMPUR||PROVINCIAL DIVISION PWD RAMPUR
2024_CEKNP_901565_3,2024_CEKNP_901565_3,293/8A/24 DT. 20-02-2024,Yakubpur to Chabbapurwa via gaja ka purwa,,,,,,,,,,,,,,,,Cheif Engineer Kanpur Zone PWD Kanpur||SE ETAWAH CIRCLE PWD ETAWAH||EE CONSTRUCTION DIVISION  PWD AURAIYA,,,,,,"644,447",,,Cheif Engineer Kanpur Zone PWD Kanpur||SE ETAWAH CIRCLE PWD ETAWAH||EE CONSTRUCTION DIVISION  PWD AURAIYA
2024_CEKNP_901565_7,2024_CEKNP_901565_7,293/8A/24 DT. 20-02-2024,Amohar to Mudariya link road,,,,,,,,,,,,,,,,Cheif Engineer Kanpur Zone PWD Kanpur||SE ETAWAH CIRCLE PWD ETAWAH||EE CONSTRUCTION DIVISION  PWD AURAIYA,,,,,,"737,000",,,Cheif Engineer Kanpur Zone PWD Kanpur||SE ETAWAH CIRCLE PWD ETAWAH||EE CONSTRUCTION DIVISION  PWD AURAIYA
2024_CEKNP_909586_5,2024_CEKNP_909586_5,253/55-C-EV/2024 Date. 15-01-2024,Renovation work along with general repairs on Udi Chakarnagar road to Nagla Garh road,,,,,,,,,,,,,,,,Cheif Engineer Kanpur Zone PWD Kanpur||SE ETAWAH CIRCLE PWD ETAWAH,,,,,,"3,631,972",,,Cheif Engineer Kanpur Zone PWD Kanpur||SE ETAWAH CIRCLE PWD ETAWAH
2024_CEKNP_909586_6,2024_CEKNP_909586_6,253/55-C-EV/2024 Date. 15-01-2024,Renovation work along with general repair in Phup Chaurela Marg to Padri Baba link road,,,,,,,,,,,,,,,,Cheif Engineer Kanpur Zone PWD Kanpur||SE ETAWAH CIRCLE PWD ETAWAH,,,,,,"3,719,953",,,Cheif Engineer Kanpur Zone PWD Kanpur||SE ETAWAH CIRCLE PWD ETAWAH
2024_CEKNP_910871_2,2024_CEKNP_910871_2,1141/55C-EC/2024 DATE 28-02-2024,Route from Bakauli to Nagla Haldhar Nagla Jind till Panchhi (VR),,,,,,,,,,,,,,,,Cheif Engineer Kanpur Zone PWD Kanpur||SE ETAWAH CIRCLE PWD ETAWAH,,,,,,"2,742,239",,,Cheif Engineer Kanpur Zone PWD Kanpur||SE ETAWAH CIRCLE PWD ETAWAH
2024_CEKNP_910871_4,2024_CEKNP_910871_3,1141/55C-EC/2024 DATE 28-02-2024,Raura to Nagla Harchandi Mehndipura via Nagla Jind Road (VR),,,,,,,,,,,,,,,,Cheif Engineer Kanpur Zone PWD Kanpur||SE ETAWAH CIRCLE PWD ETAWAH,,,,,,"2,720,333",,,Cheif Engineer Kanpur Zone PWD Kanpur||SE ETAWAH CIRCLE PWD ETAWAH
2024_CEKNP_910871_4,2024_CEKNP_910871_4,1141/55C-EC/2024 DATE 28-02-2024,Raura to Nagla Harchandi Mehndipura via Nagla Jind Road (VR),,,,,,,,,,,,,,,,Cheif Engineer Kanpur Zone PWD Kanpur||SE ETAWAH CIRCLE PWD ETAWAH,,,,,,"2,720,333",,,Cheif Engineer Kanpur Zone PWD Kanpur||SE ETAWAH CIRCLE PWD ETAWAH
2024_CEKNP_900122_3,2024_CEKNP_900122_2,765/55C-EC/2024 DATE 09-02-2024,Gangapura to Kheda Helu Masnai Punja Nagla Peepal Nagla Bhagat Marg on NH-92 (Other District Roads) (Renovation work along with general repairs by Departmental Hotmix Plant),,,,,,,,,,,,,,,,Cheif Engineer Kanpur Zone PWD Kanpur||SE ETAWAH CIRCLE PWD ETAWAH,,,,,,"2,774,083",,,Cheif Engineer Kanpur Zone PWD Kanpur||SE ETAWAH CIRCLE PWD ETAWAH
2024_CEKNP_900122_3,2024_CEKNP_900122_3,765/55C-EC/2024 DATE 09-02-2024,Gangapura to Kheda Helu Masnai Punja Nagla Peepal Nagla Bhagat Marg on NH-92 (Other District Roads) (Renovation work along with general repairs by Departmental Hotmix Plant),,,,,,,,,,,,,,,,Cheif Engineer Kanpur Zone PWD Kanpur||SE ETAWAH CIRCLE PWD ETAWAH,,,,,,"2,774,083",,,Cheif Engineer Kanpur Zone PWD Kanpur||SE ETAWAH CIRCLE PWD ETAWAH
2024_CEKNP_884628_26,2024_CEKNP_884628_26,44/11A/2023-24 dt 15.1.24,Renewal on Lakhana Sandosh Marg se BeriKhera Marg,,,,,,,,,,,,,,,,Cheif Engineer Kanpur Zone PWD Kanpur||SE ETAWAH CIRCLE PWD ETAWAH||EE CONSTRUCTION DIVISION-3  PWD ETAWAH,,,,,,"2,316,014.4",,,Cheif Engineer Kanpur Zone PWD Kanpur||SE ETAWAH CIRCLE PWD ETAWAH||EE CONSTRUCTION DIVISION-3  PWD ETAWAH
2024_CEKNP_886514_5,2024_CEKNP_885211_3,53/11A/2023-24 dt 16.01.2024,Renewal work on Bakewar Shahari abadi bhag marg old NH 2 by HMP,,,,,,,,,,,,,,,,Cheif Engineer Kanpur Zone PWD Kanpur||SE ETAWAH CIRCLE PWD ETAWAH||EE CONSTRUCTION DIVISION-3  PWD ETAWAH,,,,,,"1,965,628.86",,,Cheif Engineer Kanpur Zone PWD Kanpur||SE ETAWAH CIRCLE PWD ETAWAH||EE CONSTRUCTION DIVISION-3  PWD ETAWAH
2024_CEKNP_886514_5,2024_CEKNP_886514_5,53/11A/2023-24 dt 16.01.2024,Renewal work on Bakewar Shahari abadi bhag marg old NH 2 by HMP,,,,,,,,,,,,,,,,Cheif Engineer Kanpur Zone PWD Kanpur||SE ETAWAH CIRCLE PWD ETAWAH||EE CONSTRUCTION DIVISION-3  PWD ETAWAH,,,,,,"1,965,628.86",,,Cheif Engineer Kanpur Zone PWD Kanpur||SE ETAWAH CIRCLE PWD ETAWAH||EE CONSTRUCTION DIVISION-3  PWD ETAWAH
2024_CEJNS_895939_1,2024_CEJNS_895939_1,300/10A Dt. 03.02.2024,Work of widening of link road from main road to Raktadantika Devi temple,,,,,,,,,,,,,,,,Chief Engineer Jhansi Zone PWD Jhansi UP||JHANSI CIRLCE PWD JHANSI,,,,,,"2,622,800",,,Chief Engineer Jhansi Zone PWD Jhansi UP||JHANSI CIRLCE PWD JHANSI
2024_CEJNS_886038_8,2024_CEJNS_886038_8,119 / 18A / 2023-24 Dated. 12.01.2024,Renewal work of Bijna to NOTA link road,,,,,,,,,,,,,,,,Chief Engineer Jhansi Zone PWD Jhansi UP||JHANSI CIRLCE PWD JHANSI||PROVINCIAL DIVISION PWD JHANSI,,,,,,"586,534.5",,,Chief Engineer Jhansi Zone PWD Jhansi UP||JHANSI CIRLCE PWD JHANSI||PROVINCIAL DIVISION PWD JHANSI
2024_CEJNS_891392_1,2024_CEJNS_886244_4,131/12A Date 27-01-2024,Repair And white washing work in 06 Type-V residence (from 01 to 06 ) at Lalitpur Judgeship.,,,,,,,,,,,,,,,,Chief Engineer Jhansi Zone PWD Jhansi UP||JHANSI CIRLCE PWD JHANSI||PROVINCIAL DIVISION PWD JHANSI,,,,,,"2,393,182.91",,,Chief Engineer Jhansi Zone PWD Jhansi UP||JHANSI CIRLCE PWD JHANSI||PROVINCIAL DIVISION PWD JHANSI
2024_CEJNS_891392_1,2024_CEJNS_891392_1,131/12A Date 27-01-2024,Repair And white washing work in 06 Type-V residence (from 01 to 06 ) at Lalitpur Judgeship.,,,,,,,,,,,,,,,,Chief Engineer Jhansi Zone PWD Jhansi UP||JHANSI CIRLCE PWD JHANSI||PROVINCIAL DIVISION PWD JHANSI,,,,,,"2,393,182.91",,,Chief Engineer Jhansi Zone PWD Jhansi UP||JHANSI CIRLCE PWD JHANSI||PROVINCIAL DIVISION PWD JHANSI
2024_CEJNS_894733_2,2024_CEJNS_891885_1,314 / 18A / 2023-24 Dated. 08.02.2024,Renewal work of Syawari link road,,,,,,,,,,,,,,,,Chief Engineer Jhansi Zone PWD Jhansi UP||JHANSI CIRLCE PWD JHANSI||PROVINCIAL DIVISION PWD JHANSI,,,,,,"582,379.2",,,Chief Engineer Jhansi Zone PWD Jhansi UP||JHANSI CIRLCE PWD JHANSI||PROVINCIAL DIVISION PWD JHANSI
2024_CEJNS_894733_2,2024_CEJNS_894733_1,314 / 18A / 2023-24 Dated. 08.02.2024,Renewal work of Syawari link road,,,,,,,,,,,,,,,,Chief Engineer Jhansi Zone PWD Jhansi UP||JHANSI CIRLCE PWD JHANSI||PROVINCIAL DIVISION PWD JHANSI,,,,,,"582,379.2",,,Chief Engineer Jhansi Zone PWD Jhansi UP||JHANSI CIRLCE PWD JHANSI||PROVINCIAL DIVISION PWD JHANSI
2024_CEJNS_894733_2,2024_CEJNS_894733_2,314 / 18A / 2023-24 Dated. 08.02.2024,Renewal work of Syawari link road,,,,,,,,,,,,,,,,Chief Engineer Jhansi Zone PWD Jhansi UP||JHANSI CIRLCE PWD JHANSI||PROVINCIAL DIVISION PWD JHANSI,,,,,,"582,379.2",,,Chief Engineer Jhansi Zone PWD Jhansi UP||JHANSI CIRLCE PWD JHANSI||PROVINCIAL DIVISION PWD JHANSI
2024_CEJNS_894733_4,2024_CEJNS_894733_3,314 / 18A / 2023-24 Dated. 08.02.2024,Renewal work of Haspura Baraich link road,,,,,,,,,,,,,,,,Chief Engineer Jhansi Zone PWD Jhansi UP||JHANSI CIRLCE PWD JHANSI||PROVINCIAL DIVISION PWD JHANSI,,,,,,"685,488.96",,,Chief Engineer Jhansi Zone PWD Jhansi UP||JHANSI CIRLCE PWD JHANSI||PROVINCIAL DIVISION PWD JHANSI
2024_CEJNS_894733_4,2024_CEJNS_894733_4,314 / 18A / 2023-24 Dated. 08.02.2024,Renewal work of Haspura Baraich link road,,,,,,,,,,,,,,,,Chief Engineer Jhansi Zone PWD Jhansi UP||JHANSI CIRLCE PWD JHANSI||PROVINCIAL DIVISION PWD JHANSI,,,,,,"685,488.96",,,Chief Engineer Jhansi Zone PWD Jhansi UP||JHANSI CIRLCE PWD JHANSI||PROVINCIAL DIVISION PWD JHANSI
2024_CEJNS_894733_5,2024_CEJNS_894733_5,314 / 18A / 2023-24 Dated. 08.02.2024,Renewal work of Rupadhamna Kharkasani Ranipur Nagar Panchayat road,,,,,,,,,,,,,,,,Chief Engineer Jhansi Zone PWD Jhansi UP||JHANSI CIRLCE PWD JHANSI||PROVINCIAL DIVISION PWD JHANSI,,,,,,"769,497.12",,,Chief Engineer Jhansi Zone PWD Jhansi UP||JHANSI CIRLCE PWD JHANSI||PROVINCIAL DIVISION PWD JHANSI
2024_CEJNS_894733_6,2024_CEJNS_894733_6,314 / 18A / 2023-24 Dated. 08.02.2024,Renewal work of Jhankari link road,,,,,,,,,,,,,,,,Chief Engineer Jhansi Zone PWD Jhansi UP||JHANSI CIRLCE PWD JHANSI||PROVINCIAL DIVISION PWD JHANSI,,,,,,"873,419.4",,,Chief Engineer Jhansi Zone PWD Jhansi UP||JHANSI CIRLCE PWD JHANSI||PROVINCIAL DIVISION PWD JHANSI
2024_CEJNS_886038_10,2024_CEJNS_886038_10,119 / 18A / 2023-24 Dated. 12.01.2024,Renewal work of Dhipkai link road,,,,,,,,,,,,,,,,Chief Engineer Jhansi Zone PWD Jhansi UP||JHANSI CIRLCE PWD JHANSI||PROVINCIAL DIVISION PWD JHANSI,,,,,,"554,700",,,Chief Engineer Jhansi Zone PWD Jhansi UP||JHANSI CIRLCE PWD JHANSI||PROVINCIAL DIVISION PWD JHANSI
2024_CEJNS_886038_23,2024_CEJNS_886038_17,119 / 18A / 2023-24 Dated. 12.01.2024,Renewal work on the road connecting Km 02 to Raksa Ambavay Km 08 of Jhansi Agra road,,,,,,,,,,,,,,,,Chief Engineer Jhansi Zone PWD Jhansi UP||JHANSI CIRLCE PWD JHANSI||PROVINCIAL DIVISION PWD JHANSI,,,,,,"1,401,054.67",,,Chief Engineer Jhansi Zone PWD Jhansi UP||JHANSI CIRLCE PWD JHANSI||PROVINCIAL DIVISION PWD JHANSI
2024_CEJNS_886038_1,2024_CEJNS_886038_1,119 / 18A / 2023-24 Dated. 12.01.2024,Repair and painting work in boundary ball camp office etc in the residential complex of Commissioner Jhansi Division Jhansi,,,,,,,,,,,,,,,,Chief Engineer Jhansi Zone PWD Jhansi UP||JHANSI CIRLCE PWD JHANSI||PROVINCIAL DIVISION PWD JHANSI,,,,,,"2,210,354.99",,,Chief Engineer Jhansi Zone PWD Jhansi UP||JHANSI CIRLCE PWD JHANSI||PROVINCIAL DIVISION PWD JHANSI
2024_CEJNS_886038_23,2024_CEJNS_886038_23,119 / 18A / 2023-24 Dated. 12.01.2024,Renewal work on the road connecting Km 02 to Raksa Ambavay Km 08 of Jhansi Agra road,,,,,,,,,,,,,,,,Chief Engineer Jhansi Zone PWD Jhansi UP||JHANSI CIRLCE PWD JHANSI||PROVINCIAL DIVISION PWD JHANSI,,,,,,"1,401,054.67",,,Chief Engineer Jhansi Zone PWD Jhansi UP||JHANSI CIRLCE PWD JHANSI||PROVINCIAL DIVISION PWD JHANSI
2024_CEJNS_886038_27,2024_CEJNS_886038_27,119 / 18A / 2023-24 Dated. 12.01.2024,Renewal work of Simardha link road,,,,,,,,,,,,,,,,Chief Engineer Jhansi Zone PWD Jhansi UP||JHANSI CIRLCE PWD JHANSI||PROVINCIAL DIVISION PWD JHANSI,,,,,,"1,580,172.3",,,Chief Engineer Jhansi Zone PWD Jhansi UP||JHANSI CIRLCE PWD JHANSI||PROVINCIAL DIVISION PWD JHANSI
2024_CEJNS_886038_32,2024_CEJNS_886038_29,119 / 18A / 2023-24 Dated. 12.01.2024,Renewal work of Khajraha Ghaghri link road,,,,,,,,,,,,,,,,Chief Engineer Jhansi Zone PWD Jhansi UP||JHANSI CIRLCE PWD JHANSI||PROVINCIAL DIVISION PWD JHANSI,,,,,,"2,376,567",,,Chief Engineer Jhansi Zone PWD Jhansi UP||JHANSI CIRLCE PWD JHANSI||PROVINCIAL DIVISION PWD JHANSI
2024_CEJNS_886038_32,2024_CEJNS_886038_32,119 / 18A / 2023-24 Dated. 12.01.2024,Renewal work of Khajraha Ghaghri link road,,,,,,,,,,,,,,,,Chief Engineer Jhansi Zone PWD Jhansi UP||JHANSI CIRLCE PWD JHANSI||PROVINCIAL DIVISION PWD JHANSI,,,,,,"2,376,567",,,Chief Engineer Jhansi Zone PWD Jhansi UP||JHANSI CIRLCE PWD JHANSI||PROVINCIAL DIVISION PWD JHANSI
2024_CEJNS_886038_4,2024_CEJNS_886038_4,119 / 18A / 2023-24 Dated. 12.01.2024,Renewal work of Adjar link road,,,,,,,,,,,,,,,,Chief Engineer Jhansi Zone PWD Jhansi UP||JHANSI CIRLCE PWD JHANSI||PROVINCIAL DIVISION PWD JHANSI,,,,,,"438,276.96",,,Chief Engineer Jhansi Zone PWD Jhansi UP||JHANSI CIRLCE PWD JHANSI||PROVINCIAL DIVISION PWD JHANSI
2024_CEJNS_886038_5,2024_CEJNS_886038_5,119 / 18A / 2023-24 Dated. 12.01.2024,Renewal work of Chadharudhwari link road,,,,,,,,,,,,,,,,Chief Engineer Jhansi Zone PWD Jhansi UP||JHANSI CIRLCE PWD JHANSI||PROVINCIAL DIVISION PWD JHANSI,,,,,,"476,454.83",,,Chief Engineer Jhansi Zone PWD Jhansi UP||JHANSI CIRLCE PWD JHANSI||PROVINCIAL DIVISION PWD JHANSI
2024_CEJNS_886038_8,2024_CEJNS_886038_6,119 / 18A / 2023-24 Dated. 12.01.2024,Renewal work of Bijna to NOTA link road,,,,,,,,,,,,,,,,Chief Engineer Jhansi Zone PWD Jhansi UP||JHANSI CIRLCE PWD JHANSI||PROVINCIAL DIVISION PWD JHANSI,,,,,,"586,534.5",,,Chief Engineer Jhansi Zone PWD Jhansi UP||JHANSI CIRLCE PWD JHANSI||PROVINCIAL DIVISION PWD JHANSI
2024_UPIDC_894260_2,2024_UPIDC_894260_2,06/EE/2023-24,Re-Construction of  V.R.B.  at Km. 0.230 on AsuaMr.,,,,,,,,,,,,,,,,"U P Irrigation Department (Civil)||Chief Engineer-Sharda, Lucknow||Irrigation Works Circle, Sitapur||SDSC, shahjahanpur",,,,,,"806,047.362",,,"U P Irrigation Department (Civil)||Chief Engineer-Sharda, Lucknow||Irrigation Works Circle, Sitapur||SDSC, shahjahanpur"
2024_CEJNS_885042_4,2024_CEJNS_881766_1,127/10 A Dt. 16.01.2024,Renewal of Rudawali to Gaderna link road,,,,,,,,,,,,,,,,Chief Engineer Jhansi Zone PWD Jhansi UP||JHANSI CIRLCE PWD JHANSI,,,,,,"1,111,797",,,Chief Engineer Jhansi Zone PWD Jhansi UP||JHANSI CIRLCE PWD JHANSI
2024_CEJNS_885042_4,2024_CEJNS_885042_4,127/10 A Dt. 16.01.2024,Renewal of Rudawali to Gaderna link road,,,,,,,,,,,,,,,,Chief Engineer Jhansi Zone PWD Jhansi UP||JHANSI CIRLCE PWD JHANSI,,,,,,"1,111,797",,,Chief Engineer Jhansi Zone PWD Jhansi UP||JHANSI CIRLCE PWD JHANSI
2024_CEJNS_886038_1,2024_CEJNS_885625_1,119 / 18A / 2023-24 Dated. 12.01.2024,Repair and painting work in boundary ball camp office etc in the residential complex of Commissioner Jhansi Division Jhansi,,,,,,,,,,,,,,,,Chief Engineer Jhansi Zone PWD Jhansi UP||JHANSI CIRLCE PWD JHANSI||PROVINCIAL DIVISION PWD JHANSI,,,,,,"2,210,354.99",,,Chief Engineer Jhansi Zone PWD Jhansi UP||JHANSI CIRLCE PWD JHANSI||PROVINCIAL DIVISION PWD JHANSI
2024_CEGKP_903105_10,2024_CEGKP_903105_10,272/1A Dated 21-02-2024,Special repair of Jhagrahwa to Chudihari link road,,,,,,,,,,,,,,,,Chief Engineer Gorakhpur Zone PWD Gorakhpur UP||GORAKHPUAR CIRCLE PWD GORAKHPUR||Construction Division-2 PWD Gorakhpur,,,,,,"1,279,804",,,Chief Engineer Gorakhpur Zone PWD Gorakhpur UP||GORAKHPUAR CIRCLE PWD GORAKHPUR||Construction Division-2 PWD Gorakhpur
2024_CEGKP_903105_11,2024_CEGKP_903105_11,272/1A Dated 21-02-2024,Special repair of Gramsabha Bhakhra Brahmpur Asthan to Bhakhra Siyar link road Length 0.750km,,,,,,,,,,,,,,,,Chief Engineer Gorakhpur Zone PWD Gorakhpur UP||GORAKHPUAR CIRCLE PWD GORAKHPUR||Construction Division-2 PWD Gorakhpur,,,,,,"1,679,610.88",,,Chief Engineer Gorakhpur Zone PWD Gorakhpur UP||GORAKHPUAR CIRCLE PWD GORAKHPUR||Construction Division-2 PWD Gorakhpur
2024_CEGKP_903105_2,2024_CEGKP_903105_2,272/1A Dated 21-02-2024,Special repair of Jogiya Sihapar link road Length 0.650km,,,,,,,,,,,,,,,,Chief Engineer Gorakhpur Zone PWD Gorakhpur UP||GORAKHPUAR CIRCLE PWD GORAKHPUR||Construction Division-2 PWD Gorakhpur,,,,,,"869,089.2",,,Chief Engineer Gorakhpur Zone PWD Gorakhpur UP||GORAKHPUAR CIRCLE PWD GORAKHPUR||Construction Division-2 PWD Gorakhpur
2024_CEGKP_904381_1,2024_CEGKP_903105_5,523/7A DATE 14-02-2024,Construction work of CC road from the house of late Virendra Gupta in Gram Sabha Dhadha Elderly/Baldiha on National State Highway 28 to the pitch road,,,,,,,,,,,,,,,,Chief Engineer Gorakhpur Zone PWD Gorakhpur UP||SE DEORIA CIRCLE PWD DEORIA||EE PROVINCIAL DIVISION PWD KUSHINAGAR,,,,,,"869,299.97",,,Chief Engineer Gorakhpur Zone PWD Gorakhpur UP||SE DEORIA CIRCLE PWD DEORIA||EE PROVINCIAL DIVISION PWD KUSHINAGAR
2024_CEGKP_904381_1,2024_CEGKP_904381_1,523/7A DATE 14-02-2024,Construction work of CC road from the house of late Virendra Gupta in Gram Sabha Dhadha Elderly/Baldiha on National State Highway 28 to the pitch road,,,,,,,,,,,,,,,,Chief Engineer Gorakhpur Zone PWD Gorakhpur UP||SE DEORIA CIRCLE PWD DEORIA||EE PROVINCIAL DIVISION PWD KUSHINAGAR,,,,,,"869,299.97",,,Chief Engineer Gorakhpur Zone PWD Gorakhpur UP||SE DEORIA CIRCLE PWD DEORIA||EE PROVINCIAL DIVISION PWD KUSHINAGAR
2024_CEGKP_904710_11,2024_CEGKP_904710_11,35/15 LEKHA Date- 09.02.2024,Patch repair work on rural roads in development block Ramkola,,,,,,,,,,,,,,,,Chief Engineer Gorakhpur Zone PWD Gorakhpur UP||SE DEORIA CIRCLE PWD DEORIA||EE CONSTRUCTION DIVISION PWD KUSHINAGAR,,,,,,"1,033,398.83",,,Chief Engineer Gorakhpur Zone PWD Gorakhpur UP||SE DEORIA CIRCLE PWD DEORIA||EE CONSTRUCTION DIVISION PWD KUSHINAGAR
2024_CEGKP_904710_13,2024_CEGKP_904710_13,35/15 LEKHA Date- 09.02.2024,Patch repair work on rural roads in development block Khadda,,,,,,,,,,,,,,,,Chief Engineer Gorakhpur Zone PWD Gorakhpur UP||SE DEORIA CIRCLE PWD DEORIA||EE CONSTRUCTION DIVISION PWD KUSHINAGAR,,,,,,"1,033,213.71",,,Chief Engineer Gorakhpur Zone PWD Gorakhpur UP||SE DEORIA CIRCLE PWD DEORIA||EE CONSTRUCTION DIVISION PWD KUSHINAGAR
2024_CEGKP_904710_4,2024_CEGKP_904710_3,35/15 LEKHA Date- 09.02.2024,Patch repair work on major district road and other district road in Ramkola development block,,,,,,,,,,,,,,,,Chief Engineer Gorakhpur Zone PWD Gorakhpur UP||SE DEORIA CIRCLE PWD DEORIA||EE CONSTRUCTION DIVISION PWD KUSHINAGAR,,,,,,"955,004.51",,,Chief Engineer Gorakhpur Zone PWD Gorakhpur UP||SE DEORIA CIRCLE PWD DEORIA||EE CONSTRUCTION DIVISION PWD KUSHINAGAR
2024_CEGKP_904710_4,2024_CEGKP_904710_4,35/15 LEKHA Date- 09.02.2024,Patch repair work on major district road and other district road in Ramkola development block,,,,,,,,,,,,,,,,Chief Engineer Gorakhpur Zone PWD Gorakhpur UP||SE DEORIA CIRCLE PWD DEORIA||EE CONSTRUCTION DIVISION PWD KUSHINAGAR,,,,,,"955,004.51",,,Chief Engineer Gorakhpur Zone PWD Gorakhpur UP||SE DEORIA CIRCLE PWD DEORIA||EE CONSTRUCTION DIVISION PWD KUSHINAGAR
2024_CEGKP_896760_1,2024_CEGKP_896760_1,271/5A Date 06-02-2024,Special Repair of Rajmarg Link Road,,,,,,,,,,,,,,,,Chief Engineer Gorakhpur Zone PWD Gorakhpur UP||SE DEORIA CIRCLE PWD DEORIA||EE CONSTRUCTION DIVISION PWD DEORIA,,,,,,"2,278,760.13",,,Chief Engineer Gorakhpur Zone PWD Gorakhpur UP||SE DEORIA CIRCLE PWD DEORIA||EE CONSTRUCTION DIVISION PWD DEORIA
2024_CEGKP_901617_10,2024_CEGKP_901617_10,571/7A DATE 19-02-2024,Construction work of kitchen cum store in Upper Primary School Vishrampatti Mishrauli Gram Panchayat Mishrauli Bazar,,,,,,,,,,,,,,,,Chief Engineer Gorakhpur Zone PWD Gorakhpur UP||SE DEORIA CIRCLE PWD DEORIA||EE PROVINCIAL DIVISION PWD KUSHINAGAR,,,,,,"172,384.51",,,Chief Engineer Gorakhpur Zone PWD Gorakhpur UP||SE DEORIA CIRCLE PWD DEORIA||EE PROVINCIAL DIVISION PWD KUSHINAGAR
2024_CEGKP_901617_3,2024_CEGKP_901617_3,571/7A DATE 19-02-2024,Construction work of boundary wall in JSY subcentre Singhapatti,,,,,,,,,,,,,,,,Chief Engineer Gorakhpur Zone PWD Gorakhpur UP||SE DEORIA CIRCLE PWD DEORIA||EE PROVINCIAL DIVISION PWD KUSHINAGAR,,,,,,"131,568",,,Chief Engineer Gorakhpur Zone PWD Gorakhpur UP||SE DEORIA CIRCLE PWD DEORIA||EE PROVINCIAL DIVISION PWD KUSHINAGAR
2024_CEGKP_901617_4,2024_CEGKP_901617_4,571/7A DATE 19-02-2024,Construction work of kitchen cum store in primary school Pipra Khurd Gram Panchayat Mitha Mafi,,,,,,,,,,,,,,,,Chief Engineer Gorakhpur Zone PWD Gorakhpur UP||SE DEORIA CIRCLE PWD DEORIA||EE PROVINCIAL DIVISION PWD KUSHINAGAR,,,,,,"172,384.51",,,Chief Engineer Gorakhpur Zone PWD Gorakhpur UP||SE DEORIA CIRCLE PWD DEORIA||EE PROVINCIAL DIVISION PWD KUSHINAGAR
2024_CEGKP_901617_6,2024_CEGKP_901617_6,571/7A DATE 19-02-2024,Construction work of kitchen cum store in Upper Primary School Karamahwan Gram Panchayat Jungle Singha Patti,,,,,,,,,,,,,,,,Chief Engineer Gorakhpur Zone PWD Gorakhpur UP||SE DEORIA CIRCLE PWD DEORIA||EE PROVINCIAL DIVISION PWD KUSHINAGAR,,,,,,"172,384.51",,,Chief Engineer Gorakhpur Zone PWD Gorakhpur UP||SE DEORIA CIRCLE PWD DEORIA||EE PROVINCIAL DIVISION PWD KUSHINAGAR
2024_CEGKP_901617_7,2024_CEGKP_901617_7,571/7A DATE 19-02-2024,Construction work of kitchen cum store in Upper Primary School Khesia Mansachhapar Gram Panchayat Khesia,,,,,,,,,,,,,,,,Chief Engineer Gorakhpur Zone PWD Gorakhpur UP||SE DEORIA CIRCLE PWD DEORIA||EE PROVINCIAL DIVISION PWD KUSHINAGAR,,,,,,"172,384.51",,,Chief Engineer Gorakhpur Zone PWD Gorakhpur UP||SE DEORIA CIRCLE PWD DEORIA||EE PROVINCIAL DIVISION PWD KUSHINAGAR
2024_CEGKP_903105_1,2024_CEGKP_903105_1,272/1A Dated 21-02-2024,Special repair of Tharuwapar link road Length 0.500km,,,,,,,,,,,,,,,,Chief Engineer Gorakhpur Zone PWD Gorakhpur UP||GORAKHPUAR CIRCLE PWD GORAKHPUR||Construction Division-2 PWD Gorakhpur,,,,,,"517,140",,,Chief Engineer Gorakhpur Zone PWD Gorakhpur UP||GORAKHPUAR CIRCLE PWD GORAKHPUR||Construction Division-2 PWD Gorakhpur
2024_CEGKP_890585_1,2024_CEGKP_890585_1,340/7A DATE 02-02-2024,Construction work of Anganwadi center in the premises of primary school Bhujauli name of Anganwadi center Bhujauli,,,,,,,,,,,,,,,,Chief Engineer Gorakhpur Zone PWD Gorakhpur UP||SE DEORIA CIRCLE PWD DEORIA||EE PROVINCIAL DIVISION PWD KUSHINAGAR,,,,,,"844,064.84",,,Chief Engineer Gorakhpur Zone PWD Gorakhpur UP||SE DEORIA CIRCLE PWD DEORIA||EE PROVINCIAL DIVISION PWD KUSHINAGAR
2024_CEGKP_890585_4,2024_CEGKP_890585_20,340/7A DATE 02-02-2024,Construction work of Anganwadi center in primary school Baghparna name of Anganwadi center Baghparna,,,,,,,,,,,,,,,,Chief Engineer Gorakhpur Zone PWD Gorakhpur UP||SE DEORIA CIRCLE PWD DEORIA||EE PROVINCIAL DIVISION PWD KUSHINAGAR,,,,,,"853,728.29",,,Chief Engineer Gorakhpur Zone PWD Gorakhpur UP||SE DEORIA CIRCLE PWD DEORIA||EE PROVINCIAL DIVISION PWD KUSHINAGAR
2024_CEGKP_890585_4,2024_CEGKP_890585_4,340/7A DATE 02-02-2024,Construction work of Anganwadi center in primary school Baghparna name of Anganwadi center Baghparna,,,,,,,,,,,,,,,,Chief Engineer Gorakhpur Zone PWD Gorakhpur UP||SE DEORIA CIRCLE PWD DEORIA||EE PROVINCIAL DIVISION PWD KUSHINAGAR,,,,,,"853,728.29",,,Chief Engineer Gorakhpur Zone PWD Gorakhpur UP||SE DEORIA CIRCLE PWD DEORIA||EE PROVINCIAL DIVISION PWD KUSHINAGAR
2024_CEGKP_884356_53,2024_CEGKP_884356_16,165/4A DATE 16-01-2024,Renewal of SH 26 Km 412 to Prasakhal Road,,,,,,,,,,,,,,,,Chief Engineer Gorakhpur Zone PWD Gorakhpur UP||SE BASTI CIRCLE PWD BASTI||EE CONSTRUCTION DIVISION PWD BASTI,,,,,,"361,954.71",,,Chief Engineer Gorakhpur Zone PWD Gorakhpur UP||SE BASTI CIRCLE PWD BASTI||EE CONSTRUCTION DIVISION PWD BASTI
2024_CEGKP_884356_53,2024_CEGKP_884356_53,165/4A DATE 16-01-2024,Renewal of SH 26 Km 412 to Prasakhal Road,,,,,,,,,,,,,,,,Chief Engineer Gorakhpur Zone PWD Gorakhpur UP||SE BASTI CIRCLE PWD BASTI||EE CONSTRUCTION DIVISION PWD BASTI,,,,,,"361,954.71",,,Chief Engineer Gorakhpur Zone PWD Gorakhpur UP||SE BASTI CIRCLE PWD BASTI||EE CONSTRUCTION DIVISION PWD BASTI
2024_CEGKP_886671_22,2024_CEGKP_886300_19,377/135C-Gkp Circle/2023 Dated 18-01-2024,SR work of Dashwatpur Gopalpur to Dewaribari Hatwar Link Road Lot No 22 of 37,,,,,,,,,,,,,,,,Chief Engineer Gorakhpur Zone PWD Gorakhpur UP||GORAKHPUAR CIRCLE PWD GORAKHPUR,,,,,,"2,804,808",,,Chief Engineer Gorakhpur Zone PWD Gorakhpur UP||GORAKHPUAR CIRCLE PWD GORAKHPUR
2024_CEGKP_886671_22,2024_CEGKP_886671_22,377/135C-Gkp Circle/2023 Dated 18-01-2024,SR work of Dashwatpur Gopalpur to Dewaribari Hatwar Link Road Lot No 22 of 37,,,,,,,,,,,,,,,,Chief Engineer Gorakhpur Zone PWD Gorakhpur UP||GORAKHPUAR CIRCLE PWD GORAKHPUR,,,,,,"2,804,808",,,Chief Engineer Gorakhpur Zone PWD Gorakhpur UP||GORAKHPUAR CIRCLE PWD GORAKHPUR
2024_CEEMP_898294_3,2024_CEDPW_924584_4,293/3WE(mrt)-47/23-24 DT. 03.02.2024,Electrification of 48 persons capacity  Hostel Barrack and Vivechana room in Sector39 Thana at  Gautam Budh Nagar,,,,,,,,,,,,,,,,Chief Engineer Electrical  Mechanical PWD Lucknow||47th Circle Electrical Mechanical PWD Moradabad||Electrical Division PWD Meerut,,,,,,"2,059,303",,,Chief Engineer Electrical  Mechanical PWD Lucknow||47th Circle Electrical Mechanical PWD Moradabad||Electrical Division PWD Meerut
2024_CEEMP_898294_3,2024_CEDPW_924584_5,293/3WE(mrt)-47/23-24 DT. 03.02.2024,Electrification of 48 persons capacity  Hostel Barrack and Vivechana room in Sector39 Thana at  Gautam Budh Nagar,,,,,,,,,,,,,,,,Chief Engineer Electrical  Mechanical PWD Lucknow||47th Circle Electrical Mechanical PWD Moradabad||Electrical Division PWD Meerut,,,,,,"2,059,303",,,Chief Engineer Electrical  Mechanical PWD Lucknow||47th Circle Electrical Mechanical PWD Moradabad||Electrical Division PWD Meerut
2024_CEEMP_898294_3,2024_CEEMP_898193_3,293/3WE(mrt)-47/23-24 DT. 03.02.2024,Electrification of 48 persons capacity  Hostel Barrack and Vivechana room in Sector39 Thana at  Gautam Budh Nagar,,,,,,,,,,,,,,,,Chief Engineer Electrical  Mechanical PWD Lucknow||47th Circle Electrical Mechanical PWD Moradabad||Electrical Division PWD Meerut,,,,,,"2,059,303",,,Chief Engineer Electrical  Mechanical PWD Lucknow||47th Circle Electrical Mechanical PWD Moradabad||Electrical Division PWD Meerut
2024_CEEMP_898294_3,2024_CEEMP_898294_3,293/3WE(mrt)-47/23-24 DT. 03.02.2024,Electrification of 48 persons capacity  Hostel Barrack and Vivechana room in Sector39 Thana at  Gautam Budh Nagar,,,,,,,,,,,,,,,,Chief Engineer Electrical  Mechanical PWD Lucknow||47th Circle Electrical Mechanical PWD Moradabad||Electrical Division PWD Meerut,,,,,,"2,059,303",,,Chief Engineer Electrical  Mechanical PWD Lucknow||47th Circle Electrical Mechanical PWD Moradabad||Electrical Division PWD Meerut
2024_CEEMP_898314_1,2024_CEEMP_898314_1,293/3WE(mrt)-47/23-24 DT. 03.02.2024,Electrification of Vivechana room in  Surajpur Thana at Gautam Budh Nagar,,,,,,,,,,,,,,,,Chief Engineer Electrical  Mechanical PWD Lucknow||47th Circle Electrical Mechanical PWD Moradabad||Electrical Division PWD Meerut,,,,,,"315,563.18",,,Chief Engineer Electrical  Mechanical PWD Lucknow||47th Circle Electrical Mechanical PWD Moradabad||Electrical Division PWD Meerut
2024_CEEMP_910698_3,2024_CEEMP_910698_3,451/3WE(MBD)-47-2024 Dt. 21.02.2024,JANPAD SAMBHAL ME LOK NIRMAN VIBHAG PARISAR ME TYPE 4 KE 3 MANJILA (06 No) AWASO ME VIDHUTIKARAN KA KARYA,,,,,,,,,,,,,,,,Chief Engineer Electrical  Mechanical PWD Lucknow||47th Circle Electrical Mechanical PWD Moradabad||Electrical Mechanical Division PWD Moradabad,,,,,,"1,999,697.166",,,Chief Engineer Electrical  Mechanical PWD Lucknow||47th Circle Electrical Mechanical PWD Moradabad||Electrical Mechanical Division PWD Moradabad
2024_CEGKP_877048_14,2024_CEGKP_877048_14,2826/5A Date 23-12-2023,Special Repair of Mushaila Bhagalpur km 17 to Bagha Link road,,,,,,,,,,,,,,,,Chief Engineer Gorakhpur Zone PWD Gorakhpur UP||SE DEORIA CIRCLE PWD DEORIA||EE CONSTRUCTION DIVISION PWD DEORIA,,,,,,"481,354.61",,,Chief Engineer Gorakhpur Zone PWD Gorakhpur UP||SE DEORIA CIRCLE PWD DEORIA||EE CONSTRUCTION DIVISION PWD DEORIA
2024_CEGKP_877048_2,2024_CEGKP_877048_2,2826/5A Date 23-12-2023,Special Repair of Dohani Satranw road to Padari Banjariya link road,,,,,,,,,,,,,,,,Chief Engineer Gorakhpur Zone PWD Gorakhpur UP||SE DEORIA CIRCLE PWD DEORIA||EE CONSTRUCTION DIVISION PWD DEORIA,,,,,,"501,133.69",,,Chief Engineer Gorakhpur Zone PWD Gorakhpur UP||SE DEORIA CIRCLE PWD DEORIA||EE CONSTRUCTION DIVISION PWD DEORIA
2024_CEDPW_887652_18,2024_CEDPW_882882_1,180/ 1A-Nivida dated 20.01.2024,Renewal of Gram Panchyat Ranjeetnagar Link Road to Dhobipurwa Gaon Link Road,,,,,,,,,,,,,,,,Chief Engineer Devipatan (Gonda) Zone PWD Gonda||SE Gonda Circle PWD Gonda||EE Provincial Division PWD Gonda,,,,,,"384,243.9",,,Chief Engineer Devipatan (Gonda) Zone PWD Gonda||SE Gonda Circle PWD Gonda||EE Provincial Division PWD Gonda
2024_CEDPW_887652_18,2024_CEDPW_887652_15,180/ 1A-Nivida dated 20.01.2024,Renewal of Gram Panchyat Ranjeetnagar Link Road to Dhobipurwa Gaon Link Road,,,,,,,,,,,,,,,,Chief Engineer Devipatan (Gonda) Zone PWD Gonda||SE Gonda Circle PWD Gonda||EE Provincial Division PWD Gonda,,,,,,"384,243.9",,,Chief Engineer Devipatan (Gonda) Zone PWD Gonda||SE Gonda Circle PWD Gonda||EE Provincial Division PWD Gonda
2024_CEDPW_887652_18,2024_CEDPW_887652_18,180/ 1A-Nivida dated 20.01.2024,Renewal of Gram Panchyat Ranjeetnagar Link Road to Dhobipurwa Gaon Link Road,,,,,,,,,,,,,,,,Chief Engineer Devipatan (Gonda) Zone PWD Gonda||SE Gonda Circle PWD Gonda||EE Provincial Division PWD Gonda,,,,,,"384,243.9",,,Chief Engineer Devipatan (Gonda) Zone PWD Gonda||SE Gonda Circle PWD Gonda||EE Provincial Division PWD Gonda
2024_CEDPW_887652_19,2024_CEDPW_887652_19,180/ 1A-Nivida dated 20.01.2024,Renewal of Itiyathok Srinagar Road Km 12 to Chodahi  Link Road,,,,,,,,,,,,,,,,Chief Engineer Devipatan (Gonda) Zone PWD Gonda||SE Gonda Circle PWD Gonda||EE Provincial Division PWD Gonda,,,,,,"1,230,410.7",,,Chief Engineer Devipatan (Gonda) Zone PWD Gonda||SE Gonda Circle PWD Gonda||EE Provincial Division PWD Gonda
2024_CEBLY_896911_2,2024_CEBLY_896911_2,732/7NIVIDA(CD)ET-08/23-24 DTD 30-01-2024,Strengthening and Repair work of Major Bridge situated at Meeruth Budaun Road Km. 170,,,,,,,,,,,,,,,,Cheif Engineer Bareilly Zone PWD Bareilly||SE BADAUN-PILIBHIT CIRCLE PWD BAREILLY||EE CONSTRUCTION DIVISION  PWD BADAUN,,,,,,"7,019,694.509",,,Cheif Engineer Bareilly Zone PWD Bareilly||SE BADAUN-PILIBHIT CIRCLE PWD BAREILLY||EE CONSTRUCTION DIVISION  PWD BADAUN
2024_CEDPW_876235_2,2024_CEDPW_876235_2,3165/1A Nivida dated 30.12.2023,Special Repair  of  Babhni Bujurg Link Road,,,,,,,,,,,,,,,,Chief Engineer Devipatan (Gonda) Zone PWD Gonda||SE Gonda Circle PWD Gonda||EE Provincial Division PWD Gonda,,,,,,"2,424,255.38",,,Chief Engineer Devipatan (Gonda) Zone PWD Gonda||SE Gonda Circle PWD Gonda||EE Provincial Division PWD Gonda
2024_CEDPW_876235_3,2024_CEDPW_876235_3,3165/1A Nivida dated 30.12.2023,Special Repair  of   Sahiyapur Mamaipur Link Road,,,,,,,,,,,,,,,,Chief Engineer Devipatan (Gonda) Zone PWD Gonda||SE Gonda Circle PWD Gonda||EE Provincial Division PWD Gonda,,,,,,"1,468,060.59",,,Chief Engineer Devipatan (Gonda) Zone PWD Gonda||SE Gonda Circle PWD Gonda||EE Provincial Division PWD Gonda
2024_CEDPW_876235_5,2024_CEDPW_876235_5,3165/1A Nivida dated 30.12.2023,Special Repair  of  Mankapur Babhnan to Sangwa via Gram hariya  Link Road,,,,,,,,,,,,,,,,Chief Engineer Devipatan (Gonda) Zone PWD Gonda||SE Gonda Circle PWD Gonda||EE Provincial Division PWD Gonda,,,,,,"1,977,795.3",,,Chief Engineer Devipatan (Gonda) Zone PWD Gonda||SE Gonda Circle PWD Gonda||EE Provincial Division PWD Gonda
2024_CEBLY_893679_10,2024_CEBLY_893632_4,8990/76C(A)(ET)-08/23-24 DT 11.12.23,New Construction work of Shahgarh Sandai to Balkaranpur Link road in financial year 2023-24 under RIDF-29 scheme in district Pilibhit with 5 year Maintenance Period,,,,,,,,,,,,,,,,Cheif Engineer Bareilly Zone PWD Bareilly||SE BADAUN-PILIBHIT CIRCLE PWD BAREILLY||EE PROVINCIAL DIVISION PWD PILIBHIT,,,,,,"5,568,031.49",,,Cheif Engineer Bareilly Zone PWD Bareilly||SE BADAUN-PILIBHIT CIRCLE PWD BAREILLY||EE PROVINCIAL DIVISION PWD PILIBHIT
2024_CEBLY_893679_10,2024_CEBLY_893679_10,8990/76C(A)(ET)-08/23-24 DT 11.12.23,New Construction work of Shahgarh Sandai to Balkaranpur Link road in financial year 2023-24 under RIDF-29 scheme in district Pilibhit with 5 year Maintenance Period,,,,,,,,,,,,,,,,Cheif Engineer Bareilly Zone PWD Bareilly||SE BADAUN-PILIBHIT CIRCLE PWD BAREILLY||EE PROVINCIAL DIVISION PWD PILIBHIT,,,,,,"5,568,031.49",,,Cheif Engineer Bareilly Zone PWD Bareilly||SE BADAUN-PILIBHIT CIRCLE PWD BAREILLY||EE PROVINCIAL DIVISION PWD PILIBHIT
2024_CEBLY_877860_1,2024_CEBLY_877860_1,9197/7NIVIDA-PD-DT16122023,W/S of BBTM road,,,,,,,,,,,,,,,,Cheif Engineer Bareilly Zone PWD Bareilly||SE BADAUN-PILIBHIT CIRCLE PWD BAREILLY||EE PROVINCIAL DIVISION PWD BADAUN,,,,,,"138,949,464.5",,,Cheif Engineer Bareilly Zone PWD Bareilly||SE BADAUN-PILIBHIT CIRCLE PWD BAREILLY||EE PROVINCIAL DIVISION PWD BADAUN
2024_CEBLY_878776_4,2024_CEBLY_878776_4,9048/533C(E.T.)-08/2023-24 Date 12-12-2023,New construction work of Deorajpur to Rahmanganj road under RIDF-29 scheme in district Pilibhit,,,,,,,,,,,,,,,,Cheif Engineer Bareilly Zone PWD Bareilly||SE BADAUN-PILIBHIT CIRCLE PWD BAREILLY||EE CONSTRUCTION DIVISION-1   PWD PILIBHIT,,,,,,"8,304,416.85",,,Cheif Engineer Bareilly Zone PWD Bareilly||SE BADAUN-PILIBHIT CIRCLE PWD BAREILLY||EE CONSTRUCTION DIVISION-1   PWD PILIBHIT
2024_CEALG_883951_1,2024_CEALG_883951_1,221-13A DT-15.01.2024,Renewal work of Dadon Jirauli Road to Muzaffar Road,,,,,,,,,,,,,,,,Chief Engineer Aligarh Zone PWD Aligarh||Superintending Engineer Aligarh Circle PWD Aligarh||Provincial Division PWD Aligarh,,,,,,"927,857.51",,,Chief Engineer Aligarh Zone PWD Aligarh||Superintending Engineer Aligarh Circle PWD Aligarh||Provincial Division PWD Aligarh
2024_CEALG_884402_4,2024_CEALG_884402_4,"175/3A-2023-24, Date 15-01-2024",Renewal of Aligarh Raya Mathura Road Km-37 to Syora Road Via Bamba Patri Road in Km-1,,,,,,,,,,,,,,,,Chief Engineer Aligarh Zone PWD Aligarh||Superintending Engineer Aligarh Circle PWD Aligarh||Construction Division - 1 PWD Aligarh,,,,,,"810,757.04",,,Chief Engineer Aligarh Zone PWD Aligarh||Superintending Engineer Aligarh Circle PWD Aligarh||Construction Division - 1 PWD Aligarh
2024_CEALG_884402_5,2024_CEALG_884402_5,"175/3A-2023-24, Date 15-01-2024","Renewal of Aligarh Raya Mathura Road to Maanchuhra Road in Km-1, 2(100)",,,,,,,,,,,,,,,,Chief Engineer Aligarh Zone PWD Aligarh||Superintending Engineer Aligarh Circle PWD Aligarh||Construction Division - 1 PWD Aligarh,,,,,,"884,209.01",,,Chief Engineer Aligarh Zone PWD Aligarh||Superintending Engineer Aligarh Circle PWD Aligarh||Construction Division - 1 PWD Aligarh
2024_CEALG_888853_1,2024_CEALG_888853_1,126/17A Dt 20-01-2024,"General Renewal with B C At Etah Amanpur Sahawar Road in KM 13, 14 (with HMP)",,,,,,,,,,,,,,,,Chief Engineer Aligarh Zone PWD Aligarh||Superintending Engineer Aligarh Circle PWD Aligarh||Provincial Division PWD Kasganj,,,,,,"2,509,462.65",,,Chief Engineer Aligarh Zone PWD Aligarh||Superintending Engineer Aligarh Circle PWD Aligarh||Provincial Division PWD Kasganj
2024_CEALG_897627_1,2024_CEALG_891619_1,674/Cashier(PDK)-AC/23-24 Dt 06-02-2024,"Renewal with BC on Kasganj Byepass Road (2 Lane with Paved Shoulder) KM 1 to 17(600), 18(400) in Distt-Kasganj with 5 Year Maintenance",,,,,,,,,,,,,,,,Chief Engineer Aligarh Zone PWD Aligarh||Superintending Engineer Aligarh Circle PWD Aligarh||Provincial Division PWD Kasganj,,,,,,"53,340,303",,,Chief Engineer Aligarh Zone PWD Aligarh||Superintending Engineer Aligarh Circle PWD Aligarh||Provincial Division PWD Kasganj
2024_CEALG_897627_1,2024_CEALG_894199_1,674/Cashier(PDK)-AC/23-24 Dt 06-02-2024,"Renewal with BC on Kasganj Byepass Road (2 Lane with Paved Shoulder) KM 1 to 17(600), 18(400) in Distt-Kasganj with 5 Year Maintenance",,,,,,,,,,,,,,,,Chief Engineer Aligarh Zone PWD Aligarh||Superintending Engineer Aligarh Circle PWD Aligarh||Provincial Division PWD Kasganj,,,,,,"53,340,303",,,Chief Engineer Aligarh Zone PWD Aligarh||Superintending Engineer Aligarh Circle PWD Aligarh||Provincial Division PWD Kasganj
2024_CEALG_897627_1,2024_CEALG_897627_1,674/Cashier(PDK)-AC/23-24 Dt 06-02-2024,"Renewal with BC on Kasganj Byepass Road (2 Lane with Paved Shoulder) KM 1 to 17(600), 18(400) in Distt-Kasganj with 5 Year Maintenance",,,,,,,,,,,,,,,,Chief Engineer Aligarh Zone PWD Aligarh||Superintending Engineer Aligarh Circle PWD Aligarh||Provincial Division PWD Kasganj,,,,,,"53,340,303",,,Chief Engineer Aligarh Zone PWD Aligarh||Superintending Engineer Aligarh Circle PWD Aligarh||Provincial Division PWD Kasganj
2024_CEALD_908749_3,2024_CEALD_908749_3,382/A-5/E-Tendering/2024 Dated 24-02-2024,Renewal of NH-2 ka Nishkashit Bhag  Bilnda Abadi Bhag  Road ODR With General Repair,,,,,,,,,,,,,,,,Cheif Engineer Allahabad Zone PWD Allahabad||SE PRATAPGARH CIRCLE PWD PRATAPGARH||EE PROVINCIAL DIVISION PWD FATEHPUR,,,,,,"2,852,402",,,Cheif Engineer Allahabad Zone PWD Allahabad||SE PRATAPGARH CIRCLE PWD PRATAPGARH||EE PROVINCIAL DIVISION PWD FATEHPUR
2024_CEALD_898598_1,2024_CEALD_898195_7,11337/10Com(P)-PRJ.CIRCLE/23 DATED 02.12.2023,Proposed Development and Beautification of Road From Civil Airport Road to Kalindipuram Tiraha,,,,,,,,,,,,,,,,Cheif Engineer Allahabad Zone PWD Allahabad||SE ALLAHABAD CIRCLE PWD ALLAHABAD||EE PROVINCIAL DIVISION PWD ALLAHABAD,,,,,,"249,902,410",,,Cheif Engineer Allahabad Zone PWD Allahabad||SE ALLAHABAD CIRCLE PWD ALLAHABAD||EE PROVINCIAL DIVISION PWD ALLAHABAD
2024_CEALD_898598_1,2024_CEALD_898598_1,11337/10Com(P)-PRJ.CIRCLE/23 DATED 02.12.2023,Proposed Development and Beautification of Road From Civil Airport Road to Kalindipuram Tiraha,,,,,,,,,,,,,,,,Cheif Engineer Allahabad Zone PWD Allahabad||SE ALLAHABAD CIRCLE PWD ALLAHABAD||EE PROVINCIAL DIVISION PWD ALLAHABAD,,,,,,"249,902,410",,,Cheif Engineer Allahabad Zone PWD Allahabad||SE ALLAHABAD CIRCLE PWD ALLAHABAD||EE PROVINCIAL DIVISION PWD ALLAHABAD
2024_CEALD_883098_94,2024_CEALD_883098_94,98/19A-E-Tendring/2024 Dated. 12.01.2024,Renewal of Pure Ganga Baksh Link Road (Year 2024-25) (Length 1.080Km),,,,,,,,,,,,,,,,Cheif Engineer Allahabad Zone PWD Allahabad||SE PRATAPGARH CIRCLE PWD PRATAPGARH||EE CONSTRUCTION DIVISION-1  PWD PRATAPGARH,,,,,,"787,590",,,Cheif Engineer Allahabad Zone PWD Allahabad||SE PRATAPGARH CIRCLE PWD PRATAPGARH||EE CONSTRUCTION DIVISION-1  PWD PRATAPGARH
2024_CEAGR_906346_2,2024_CEAGR_906346_2,502/14M-AC/2024 dated 30-01-2024,Work of widening and strengthening of Jaingara Kirawali Kagaraul road via Agra Jaipur road Kaurai to Malikpur Jajau Sarsa Masaila,,,,,,,,,,,,,,,,Chief Engineer Agra Zone PWD Agra UP||AGRA CIRCLE PWD AGRA,,,,,,"87,965,370",,,Chief Engineer Agra Zone PWD Agra UP||AGRA CIRCLE PWD AGRA
2024_CEAGR_907585_1,2024_CEAGR_907571_1,512/14M-AC/2023-24 dated 31-01-2024,Strengthening work of Chhata Shergarh Naujheel Bajna Gomat Road (MDR139) in District. Mathura,,,,,,,,,,,,,,,,Chief Engineer Agra Zone PWD Agra UP||AGRA CIRCLE PWD AGRA,,,,,,"316,643,516.25",,,Chief Engineer Agra Zone PWD Agra UP||AGRA CIRCLE PWD AGRA
2024_CEAGR_907585_1,2024_CEAGR_907585_1,512/14M-AC/2023-24 dated 31-01-2024,Strengthening work of Chhata Shergarh Naujheel Bajna Gomat Road (MDR139) in District. Mathura,,,,,,,,,,,,,,,,Chief Engineer Agra Zone PWD Agra UP||AGRA CIRCLE PWD AGRA,,,,,,"316,643,516.25",,,Chief Engineer Agra Zone PWD Agra UP||AGRA CIRCLE PWD AGRA
2024_CEAGR_899799_4,2024_CEAGR_899799_4,469/14M-AC/2023-24 dated 29-01-2024,Renewal work along with general repairs on Samshabad Nayaboss Chandipur Nihawa Iradatnagar road,,,,,,,,,,,,,,,,Chief Engineer Agra Zone PWD Agra UP||AGRA CIRCLE PWD AGRA,,,,,,"3,715,332.71",,,Chief Engineer Agra Zone PWD Agra UP||AGRA CIRCLE PWD AGRA
2024_CEAGR_899799_5,2024_CEAGR_899799_5,469/14M-AC/2023-24 dated 29-01-2024,Renewal work along with general repairs on ABK to Rihawali road via Bilauni Tarauli Gujar road,,,,,,,,,,,,,,,,Chief Engineer Agra Zone PWD Agra UP||AGRA CIRCLE PWD AGRA,,,,,,"5,879,636.32",,,Chief Engineer Agra Zone PWD Agra UP||AGRA CIRCLE PWD AGRA
2024_CEAGR_900665_5,2024_CEAGR_900059_7,357/10A/2024 Date 17.02.2024,Shekhpur Gram to Garhi Tikat road,,,,,,,,,,,,,,,,Chief Engineer Agra Zone PWD Agra UP||AGRA CIRCLE PWD AGRA||CONSTRUCTION DIVISON 2 PWD AGRA,,,,,,"1,136,288.98",,,Chief Engineer Agra Zone PWD Agra UP||AGRA CIRCLE PWD AGRA||CONSTRUCTION DIVISON 2 PWD AGRA
2024_CEAGR_900665_5,2024_CEAGR_900665_5,357/10A/2024 Date 17.02.2024,Shekhpur Gram to Garhi Tikat road,,,,,,,,,,,,,,,,Chief Engineer Agra Zone PWD Agra UP||AGRA CIRCLE PWD AGRA||CONSTRUCTION DIVISON 2 PWD AGRA,,,,,,"1,136,288.98",,,Chief Engineer Agra Zone PWD Agra UP||AGRA CIRCLE PWD AGRA||CONSTRUCTION DIVISON 2 PWD AGRA
2024_CEAGR_901678_1,2024_CEAGR_900665_6,567/14M-AC/2024 dated 01-02-2024,Renewal work with General Repair of NH-2 to NH-3 via Dakshini Byepass Road in Distt Agra,,,,,,,,,,,,,,,,Chief Engineer Agra Zone PWD Agra UP||AGRA CIRCLE PWD AGRA,,,,,,"34,936,454.15",,,Chief Engineer Agra Zone PWD Agra UP||AGRA CIRCLE PWD AGRA
2024_CEAGR_901678_1,2024_CEAGR_901678_1,567/14M-AC/2024 dated 01-02-2024,Renewal work with General Repair of NH-2 to NH-3 via Dakshini Byepass Road in Distt Agra,,,,,,,,,,,,,,,,Chief Engineer Agra Zone PWD Agra UP||AGRA CIRCLE PWD AGRA,,,,,,"34,936,454.15",,,Chief Engineer Agra Zone PWD Agra UP||AGRA CIRCLE PWD AGRA
2024_CEAGR_896451_4,2024_CEAGR_896451_4,203/6A/2023-24 Date 05-02-2024,Spaical Repair work of Sikarari Mode to Bhootnagariya road,,,,,,,,,,,,,,,,Chief Engineer Agra Zone PWD Agra UP||MAINPURI CIRCLE PWD MAINPURI||CONSTRUCTION DIVISION-2 PWD FIROZABAD,,,,,,"757,282.86",,,Chief Engineer Agra Zone PWD Agra UP||MAINPURI CIRCLE PWD MAINPURI||CONSTRUCTION DIVISION-2 PWD FIROZABAD
2024_CEAGR_898579_8,2024_CEAGR_898579_8,212/10A/2024 Date 30.01.2024,Agra Jalesar Road to Garhi Fouzi Road CC and PC,,,,,,,,,,,,,,,,Chief Engineer Agra Zone PWD Agra UP||AGRA CIRCLE PWD AGRA||CONSTRUCTION DIVISON 2 PWD AGRA,,,,,,"1,509,124.5",,,Chief Engineer Agra Zone PWD Agra UP||AGRA CIRCLE PWD AGRA||CONSTRUCTION DIVISON 2 PWD AGRA
2024_CEAGR_899710_16,2024_CEAGR_899710_11,303/5A date 13.02.2024,Renwal of Kurawali Nogaun road to km 4 to Hardata road,,,,,,,,,,,,,,,,Chief Engineer Agra Zone PWD Agra UP||MAINPURI CIRCLE PWD MAINPURI||CONSTRUCTION DIVISION PWD MAINPURI,,,,,,"463,334",,,Chief Engineer Agra Zone PWD Agra UP||MAINPURI CIRCLE PWD MAINPURI||CONSTRUCTION DIVISION PWD MAINPURI
2024_CEAGR_899710_16,2024_CEAGR_899710_16,303/5A date 13.02.2024,Renwal of Kurawali Nogaun road to km 4 to Hardata road,,,,,,,,,,,,,,,,Chief Engineer Agra Zone PWD Agra UP||MAINPURI CIRCLE PWD MAINPURI||CONSTRUCTION DIVISION PWD MAINPURI,,,,,,"463,334",,,Chief Engineer Agra Zone PWD Agra UP||MAINPURI CIRCLE PWD MAINPURI||CONSTRUCTION DIVISION PWD MAINPURI
2024_CEAGR_899710_1,2024_CEAGR_899710_1,303/5A date 13.02.2024,Renwal of Lekhrajpur to Nagla Popi road,,,,,,,,,,,,,,,,Chief Engineer Agra Zone PWD Agra UP||MAINPURI CIRCLE PWD MAINPURI||CONSTRUCTION DIVISION PWD MAINPURI,,,,,,"31,337.62",,,Chief Engineer Agra Zone PWD Agra UP||MAINPURI CIRCLE PWD MAINPURI||CONSTRUCTION DIVISION PWD MAINPURI
2024_CEAGR_899766_6,2024_CEAGR_899766_6,466/14M-AC/2023-24 dated 29-01-2024,Special Repair work Firozabad Fatehabad Saiya Kheragar Achhanera Bharatpur  Road,,,,,,,,,,,,,,,,Chief Engineer Agra Zone PWD Agra UP||AGRA CIRCLE PWD AGRA,,,,,,"7,141,393.64",,,Chief Engineer Agra Zone PWD Agra UP||AGRA CIRCLE PWD AGRA
2024_CEAGR_891650_5,2024_CEAGR_891650_5,155/10A/2024 Date 23.01.2024,Reconstruction work of Kukrasan to Garhi Karimpur Road,,,,,,,,,,,,,,,,Chief Engineer Agra Zone PWD Agra UP||AGRA CIRCLE PWD AGRA||CONSTRUCTION DIVISON 2 PWD AGRA,,,,,,"1,277,023.97",,,Chief Engineer Agra Zone PWD Agra UP||AGRA CIRCLE PWD AGRA||CONSTRUCTION DIVISON 2 PWD AGRA
2024_CEAGR_881242_6,2024_CEAGR_876698_16,2938/10A/2023-24 Date 23.12.2023,Special Repair work of IBans Dalel to Neherra Road,,,,,,,,,,,,,,,,Chief Engineer Agra Zone PWD Agra UP||AGRA CIRCLE PWD AGRA||CONSTRUCTION DIVISON 2 PWD AGRA,,,,,,"528,212.03",,,Chief Engineer Agra Zone PWD Agra UP||AGRA CIRCLE PWD AGRA||CONSTRUCTION DIVISON 2 PWD AGRA
2024_CEAGR_881242_6,2024_CEAGR_881242_6,2938/10A/2023-24 Date 23.12.2023,Special Repair work of IBans Dalel to Neherra Road,,,,,,,,,,,,,,,,Chief Engineer Agra Zone PWD Agra UP||AGRA CIRCLE PWD AGRA||CONSTRUCTION DIVISON 2 PWD AGRA,,,,,,"528,212.03",,,Chief Engineer Agra Zone PWD Agra UP||AGRA CIRCLE PWD AGRA||CONSTRUCTION DIVISON 2 PWD AGRA
2024_CEAGR_882998_5,2024_CEAGR_882998_4,34/14M-AC/2023 dated 03-01-2024,New Construction work of Nagla Goverdhan to Nagla Bari Road,,,,,,,,,,,,,,,,Chief Engineer Agra Zone PWD Agra UP||AGRA CIRCLE PWD AGRA,,,,,,"10,525,929.26",,,Chief Engineer Agra Zone PWD Agra UP||AGRA CIRCLE PWD AGRA
2024_CEAGR_882998_5,2024_CEAGR_882998_5,34/14M-AC/2023 dated 03-01-2024,New Construction work of Nagla Goverdhan to Nagla Bari Road,,,,,,,,,,,,,,,,Chief Engineer Agra Zone PWD Agra UP||AGRA CIRCLE PWD AGRA,,,,,,"10,525,929.26",,,Chief Engineer Agra Zone PWD Agra UP||AGRA CIRCLE PWD AGRA
2023_UPTCL_871379_1,2023_UPTCL_871379_1,76/ETC-II(P)/ 2023-2024,76/ETC-II(P)/ 2023-2024,,,,,,,,,,,,,,,,UP Power Transmission Corp.Ltd (Operation)||Chief Engineer (TE) East Allahabad||S.E.  ETC-II  Allahabad,,,,,,"148,100",,,UP Power Transmission Corp.Ltd (Operation)||Chief Engineer (TE) East Allahabad||S.E.  ETC-II  Allahabad
2023_UPTCL_871508_1,2023_UPTCL_871508_1,77/ETC-II(P)/ 2023-2024,77/ETC-II(P)/ 2023-2024,,,,,,,,,,,,,,,,UP Power Transmission Corp.Ltd (Operation)||Chief Engineer (TE) East Allahabad||S.E.  ETC-II  Allahabad,,,,,,"113,450",,,UP Power Transmission Corp.Ltd (Operation)||Chief Engineer (TE) East Allahabad||S.E.  ETC-II  Allahabad
2023_UPTCL_873040_1,2023_UPTCL_873040_1,80/ETC-II(P)/ 2023-2024,80/ETC-II(P)/ 2023-2024,,,,,,,,,,,,,,,,UP Power Transmission Corp.Ltd (Operation)||Chief Engineer (TE) East Allahabad||S.E.  ETC-II  Allahabad,,,,,,"319,970",,,UP Power Transmission Corp.Ltd (Operation)||Chief Engineer (TE) East Allahabad||S.E.  ETC-II  Allahabad
2023_UPTCL_876027_1,2023_UPTCL_876027_1,85/ETC-II(P)/ 2023-2024,85/ETC-II(P)/ 2023-2024,,,,,,,,,,,,,,,,UP Power Transmission Corp.Ltd (Operation)||Chief Engineer (TE) East Allahabad||S.E.  ETC-II  Allahabad,,,,,,"81,689",,,UP Power Transmission Corp.Ltd (Operation)||Chief Engineer (TE) East Allahabad||S.E.  ETC-II  Allahabad
2023_UPTCL_835714_2,2023_UPTCL_835714_2,89-ETC-I(A)/ 2023-2024,89-ETC-I(A)/2023-2024,,,,,,,,,,,,,,,,UP Power Transmission Corp.Ltd (Operation)||Chief Engineer (TE) East Allahabad||S.E. ETC- I  Allahabad,,,,,,"77,085",,,UP Power Transmission Corp.Ltd (Operation)||Chief Engineer (TE) East Allahabad||S.E. ETC- I  Allahabad
2023_UPTCL_836244_3,2023_UPTCL_836244_3,99-ETC-I(A)/ 2023-2024,99-ETC-I(A)/2023-2024,,,,,,,,,,,,,,,,UP Power Transmission Corp.Ltd (Operation)||Chief Engineer (TE) East Allahabad||S.E. ETC- I  Allahabad,,,,,,"139,710",,,UP Power Transmission Corp.Ltd (Operation)||Chief Engineer (TE) East Allahabad||S.E. ETC- I  Allahabad
2023_UPTCL_848866_3,2023_UPTCL_848866_3,108-ETC-I(A)/ 2023-2024,108-ETC-I(A)/ 2023-2024,,,,,,,,,,,,,,,,UP Power Transmission Corp.Ltd (Operation)||Chief Engineer (TE) East Allahabad||S.E. ETC- I  Allahabad,,,,,,"194,380",,,UP Power Transmission Corp.Ltd (Operation)||Chief Engineer (TE) East Allahabad||S.E. ETC- I  Allahabad
2023_UPTCL_849422_2,2023_UPTCL_848878_3,50/ETC-II (P)/2023-2024,50/ETC-II(P)/2023-2024,,,,,,,,,,,,,,,,UP Power Transmission Corp.Ltd (Operation)||Chief Engineer (TE) East Allahabad||S.E.  ETC-II  Allahabad,,,,,,"351,000",,,UP Power Transmission Corp.Ltd (Operation)||Chief Engineer (TE) East Allahabad||S.E.  ETC-II  Allahabad
2023_UPTCL_849422_2,2023_UPTCL_849422_2,50/ETC-II (P)/2023-2024,50/ETC-II(P)/2023-2024,,,,,,,,,,,,,,,,UP Power Transmission Corp.Ltd (Operation)||Chief Engineer (TE) East Allahabad||S.E.  ETC-II  Allahabad,,,,,,"351,000",,,UP Power Transmission Corp.Ltd (Operation)||Chief Engineer (TE) East Allahabad||S.E.  ETC-II  Allahabad
2023_UPTCL_849521_3,2023_UPTCL_849521_3,66/ETC-II(P)/ 2023-2024,66/ETC-II(P)/2023-2024,,,,,,,,,,,,,,,,UP Power Transmission Corp.Ltd (Operation)||Chief Engineer (TE) East Allahabad||S.E.  ETC-II  Allahabad,,,,,,"193,980",,,UP Power Transmission Corp.Ltd (Operation)||Chief Engineer (TE) East Allahabad||S.E.  ETC-II  Allahabad
2023_UPTCL_853365_2,2023_UPTCL_853365_2,59/ETC-II (P)/2023-2024,59/ETC-II(P)/2023-2024,,,,,,,,,,,,,,,,UP Power Transmission Corp.Ltd (Operation)||Chief Engineer (TE) East Allahabad||S.E.  ETC-II  Allahabad,,,,,,"255,920",,,UP Power Transmission Corp.Ltd (Operation)||Chief Engineer (TE) East Allahabad||S.E.  ETC-II  Allahabad
2023_UPTCL_857864_1,2023_UPTCL_857864_1,67/ETC-II(P)/ 2023-2024,67/ETC-II(P)/ 2023-2024,,,,,,,,,,,,,,,,UP Power Transmission Corp.Ltd (Operation)||Chief Engineer (TE) East Allahabad||S.E.  ETC-II  Allahabad,,,,,,"189,000",,,UP Power Transmission Corp.Ltd (Operation)||Chief Engineer (TE) East Allahabad||S.E.  ETC-II  Allahabad
2023_UPTCL_828534_1,2023_UPTCL_828534_1,83-ETC-I(A)/ 2023-2024,83-ETC-I(A)/ 2023-2024,,,,,,,,,,,,,,,,UP Power Transmission Corp.Ltd (Operation)||Chief Engineer (TE) East Allahabad||S.E. ETC- I  Allahabad,,,,,,"297,620",,,UP Power Transmission Corp.Ltd (Operation)||Chief Engineer (TE) East Allahabad||S.E. ETC- I  Allahabad
2023_UPPAN_801278_1,2023_UPPAN_801278_1,"1406/PAN/ET/22-23,  DT. 09-05-2023","CONSTRUCTION OF 20 PERSON PRE FABRICATED BARRACK AND TOILET, BATH ROOM FOR G.R.P. OFFICE JHANSI DISTT  JHANSI  U.P.",,,,,,,,,,,,,,,,UP Police Awas Nigam Limited||UP Police Awas Nigam Ltd HQ Lucknow,,,,,,"2,892,780",,,UP Police Awas Nigam Limited||UP Police Awas Nigam Ltd HQ Lucknow
2023_UPPAN_801279_1,2023_UPPAN_801279_1,"1403/PAN/ET/22-23,  DT. 09-05-2023","CONSTRUCTION OF 20 PERSON PRE FABRICATED BARRACK AND TOILET, BATH ROOM FOR G.R.P. THANA JHANSI DISTT  JHANSI  U.P.",,,,,,,,,,,,,,,,UP Police Awas Nigam Limited||UP Police Awas Nigam Ltd HQ Lucknow,,,,,,"2,947,324",,,UP Police Awas Nigam Limited||UP Police Awas Nigam Ltd HQ Lucknow
2023_UPPAN_828884_1,2023_UPPAN_828884_1,"3509/PAN/ET/23-24,  dt. 11-08-2023","CONSTRUCTION OF 20 PERSON PRE FABRICATED BARRACK AND TOILET, BATH ROOM FOR G.R.P. THANA AZAMGARH DISTT AZAMGARH U.P.",,,,,,,,,,,,,,,,UP Police Awas Nigam Limited||UP Police Awas Nigam Ltd HQ Lucknow,,,,,,"2,610,366.3",,,UP Police Awas Nigam Limited||UP Police Awas Nigam Ltd HQ Lucknow
2023_UPPAN_799014_1,2023_UPPAN_799014_1,"1154/PAN/ET/22-23,  DT. 25-04-2023",CONSTRUCTION OF 20 PERSON PRE FABRICATED BARRACK AND TOILET FOR G.R.P. THANA SULTANPUR DISTT  SULTANPUR  U.P.,,,,,,,,,,,,,,,,UP Police Awas Nigam Limited||UP Police Awas Nigam Ltd HQ Lucknow,,,,,,"2,901,780",,,UP Police Awas Nigam Limited||UP Police Awas Nigam Ltd HQ Lucknow
2023_UPIDC_857381_72,2023_UPIDC_857381_72,06/AE-IV/2023-24,Silt clearance of Sohauli minor from  Km. 0.000 to Km. 3.400,,,,,,,,,,,,,,,,"U P Irrigation Department (Civil)||Chief Engineer-Sharda Sahayak, Lucknow||XIV Circle Irrigation Works, Azamgarh||SSD-23, azamgarh",,,,,,"63,220.2",,,"U P Irrigation Department (Civil)||Chief Engineer-Sharda Sahayak, Lucknow||XIV Circle Irrigation Works, Azamgarh||SSD-23, azamgarh"
2023_UPIDC_857381_76,2023_UPIDC_857381_76,06/AE-IV/2023-24,Silt clearance of Sethuwapara minor from  Km. 0.000 to Km. 1.800 and Darana minor from km. 0.000 to 1.200,,,,,,,,,,,,,,,,"U P Irrigation Department (Civil)||Chief Engineer-Sharda Sahayak, Lucknow||XIV Circle Irrigation Works, Azamgarh||SSD-23, azamgarh",,,,,,"30,847",,,"U P Irrigation Department (Civil)||Chief Engineer-Sharda Sahayak, Lucknow||XIV Circle Irrigation Works, Azamgarh||SSD-23, azamgarh"
2023_UPIDC_857381_77,2023_UPIDC_857381_77,06/AE-IV/2023-24,"Silt clearance of Argupur minor from  Km. 0.000 to Km. 1.500, Bela minor from  Km. 0.000 to Km. 1.000, Dihapur minor from  Km. 0.000 to Km. 1.250 and Kaithauli minor from  Km. 0.000 to Km. 1.600",,,,,,,,,,,,,,,,"U P Irrigation Department (Civil)||Chief Engineer-Sharda Sahayak, Lucknow||XIV Circle Irrigation Works, Azamgarh||SSD-23, azamgarh",,,,,,"62,383.23",,,"U P Irrigation Department (Civil)||Chief Engineer-Sharda Sahayak, Lucknow||XIV Circle Irrigation Works, Azamgarh||SSD-23, azamgarh"
2023_UPIDC_857381_71,2023_UPIDC_857381_68,06/AE-IV/2023-24,Silt clearance of Rajapur minor from  Km. 0.000 to Km. 3.600,,,,,,,,,,,,,,,,"U P Irrigation Department (Civil)||Chief Engineer-Sharda Sahayak, Lucknow||XIV Circle Irrigation Works, Azamgarh||SSD-23, azamgarh",,,,,,"71,657.67",,,"U P Irrigation Department (Civil)||Chief Engineer-Sharda Sahayak, Lucknow||XIV Circle Irrigation Works, Azamgarh||SSD-23, azamgarh"
2023_UPIDC_857381_71,2023_UPIDC_857381_70,06/AE-IV/2023-24,Silt clearance of Rajapur minor from  Km. 0.000 to Km. 3.600,,,,,,,,,,,,,,,,"U P Irrigation Department (Civil)||Chief Engineer-Sharda Sahayak, Lucknow||XIV Circle Irrigation Works, Azamgarh||SSD-23, azamgarh",,,,,,"71,657.67",,,"U P Irrigation Department (Civil)||Chief Engineer-Sharda Sahayak, Lucknow||XIV Circle Irrigation Works, Azamgarh||SSD-23, azamgarh"
2023_UPIDC_857381_71,2023_UPIDC_857381_71,06/AE-IV/2023-24,Silt clearance of Rajapur minor from  Km. 0.000 to Km. 3.600,,,,,,,,,,,,,,,,"U P Irrigation Department (Civil)||Chief Engineer-Sharda Sahayak, Lucknow||XIV Circle Irrigation Works, Azamgarh||SSD-23, azamgarh",,,,,,"71,657.67",,,"U P Irrigation Department (Civil)||Chief Engineer-Sharda Sahayak, Lucknow||XIV Circle Irrigation Works, Azamgarh||SSD-23, azamgarh"
2023_UPIDC_857381_35,2023_UPIDC_857381_35,06/AE-IV/2023-24,Silt clearance and Scraping of  Abbopur Mr. from  Km. 0.000 to Km. 3.100,,,,,,,,,,,,,,,,"U P Irrigation Department (Civil)||Chief Engineer-Sharda Sahayak, Lucknow||XIV Circle Irrigation Works, Azamgarh||SSD-23, azamgarh",,,,,,"37,625.16",,,"U P Irrigation Department (Civil)||Chief Engineer-Sharda Sahayak, Lucknow||XIV Circle Irrigation Works, Azamgarh||SSD-23, azamgarh"
2023_UPIDC_857381_41,2023_UPIDC_857381_40,06/AE-IV/2023-24,Scraping of Bharauli Dy. from  Km. 10.000 to Km. 18.950,,,,,,,,,,,,,,,,"U P Irrigation Department (Civil)||Chief Engineer-Sharda Sahayak, Lucknow||XIV Circle Irrigation Works, Azamgarh||SSD-23, azamgarh",,,,,,"162,274.35",,,"U P Irrigation Department (Civil)||Chief Engineer-Sharda Sahayak, Lucknow||XIV Circle Irrigation Works, Azamgarh||SSD-23, azamgarh"
2023_UPIDC_857381_41,2023_UPIDC_857381_41,06/AE-IV/2023-24,Scraping of Bharauli Dy. from  Km. 10.000 to Km. 18.950,,,,,,,,,,,,,,,,"U P Irrigation Department (Civil)||Chief Engineer-Sharda Sahayak, Lucknow||XIV Circle Irrigation Works, Azamgarh||SSD-23, azamgarh",,,,,,"162,274.35",,,"U P Irrigation Department (Civil)||Chief Engineer-Sharda Sahayak, Lucknow||XIV Circle Irrigation Works, Azamgarh||SSD-23, azamgarh"
2023_UPIDC_857381_45,2023_UPIDC_857381_45,06/AE-IV/2023-24,Silt clearance and Scraping of Thekma Dy. from  Km. 76.000 to Km. 78.000 and 79.000 to 83.200,,,,,,,,,,,,,,,,"U P Irrigation Department (Civil)||Chief Engineer-Sharda Sahayak, Lucknow||XIV Circle Irrigation Works, Azamgarh||SSD-23, azamgarh",,,,,,"94,989.84",,,"U P Irrigation Department (Civil)||Chief Engineer-Sharda Sahayak, Lucknow||XIV Circle Irrigation Works, Azamgarh||SSD-23, azamgarh"
2023_UPIDC_857381_24,2023_UPIDC_857381_23,06/AE-IV/2023-24,Silt clearance and Scraping of Amanawa Mr. from  Km. 0.000 to Km. 3.500,,,,,,,,,,,,,,,,"U P Irrigation Department (Civil)||Chief Engineer-Sharda Sahayak, Lucknow||XIV Circle Irrigation Works, Azamgarh||SSD-23, azamgarh",,,,,,"45,976",,,"U P Irrigation Department (Civil)||Chief Engineer-Sharda Sahayak, Lucknow||XIV Circle Irrigation Works, Azamgarh||SSD-23, azamgarh"
2023_UPIDC_857381_24,2023_UPIDC_857381_24,06/AE-IV/2023-24,Silt clearance and Scraping of Amanawa Mr. from  Km. 0.000 to Km. 3.500,,,,,,,,,,,,,,,,"U P Irrigation Department (Civil)||Chief Engineer-Sharda Sahayak, Lucknow||XIV Circle Irrigation Works, Azamgarh||SSD-23, azamgarh",,,,,,"45,976",,,"U P Irrigation Department (Civil)||Chief Engineer-Sharda Sahayak, Lucknow||XIV Circle Irrigation Works, Azamgarh||SSD-23, azamgarh"
2023_UPIDC_857381_26,2023_UPIDC_857381_25,06/AE-IV/2023-24,Silt clearance and Scraping of Palthi Mr. from  Km. 0.000 to Km. 4.5000,,,,,,,,,,,,,,,,"U P Irrigation Department (Civil)||Chief Engineer-Sharda Sahayak, Lucknow||XIV Circle Irrigation Works, Azamgarh||SSD-23, azamgarh",,,,,,"88,716",,,"U P Irrigation Department (Civil)||Chief Engineer-Sharda Sahayak, Lucknow||XIV Circle Irrigation Works, Azamgarh||SSD-23, azamgarh"
2023_UPIDC_857381_26,2023_UPIDC_857381_26,06/AE-IV/2023-24,Silt clearance and Scraping of Palthi Mr. from  Km. 0.000 to Km. 4.5000,,,,,,,,,,,,,,,,"U P Irrigation Department (Civil)||Chief Engineer-Sharda Sahayak, Lucknow||XIV Circle Irrigation Works, Azamgarh||SSD-23, azamgarh",,,,,,"88,716",,,"U P Irrigation Department (Civil)||Chief Engineer-Sharda Sahayak, Lucknow||XIV Circle Irrigation Works, Azamgarh||SSD-23, azamgarh"
2023_UPIDC_857381_31,2023_UPIDC_857381_27,06/AE-IV/2023-24,Silt clearance and Scraping of Jr. Kauragahani Mr. from  Km. 0.000 to Km. 2.200,,,,,,,,,,,,,,,,"U P Irrigation Department (Civil)||Chief Engineer-Sharda Sahayak, Lucknow||XIV Circle Irrigation Works, Azamgarh||SSD-23, azamgarh",,,,,,"38,752",,,"U P Irrigation Department (Civil)||Chief Engineer-Sharda Sahayak, Lucknow||XIV Circle Irrigation Works, Azamgarh||SSD-23, azamgarh"
2023_UPIDC_857381_31,2023_UPIDC_857381_29,06/AE-IV/2023-24,Silt clearance and Scraping of Jr. Kauragahani Mr. from  Km. 0.000 to Km. 2.200,,,,,,,,,,,,,,,,"U P Irrigation Department (Civil)||Chief Engineer-Sharda Sahayak, Lucknow||XIV Circle Irrigation Works, Azamgarh||SSD-23, azamgarh",,,,,,"38,752",,,"U P Irrigation Department (Civil)||Chief Engineer-Sharda Sahayak, Lucknow||XIV Circle Irrigation Works, Azamgarh||SSD-23, azamgarh"
2023_UPIDC_857381_31,2023_UPIDC_857381_30,06/AE-IV/2023-24,Silt clearance and Scraping of Jr. Kauragahani Mr. from  Km. 0.000 to Km. 2.200,,,,,,,,,,,,,,,,"U P Irrigation Department (Civil)||Chief Engineer-Sharda Sahayak, Lucknow||XIV Circle Irrigation Works, Azamgarh||SSD-23, azamgarh",,,,,,"38,752",,,"U P Irrigation Department (Civil)||Chief Engineer-Sharda Sahayak, Lucknow||XIV Circle Irrigation Works, Azamgarh||SSD-23, azamgarh"
2023_UPIDC_857381_31,2023_UPIDC_857381_31,06/AE-IV/2023-24,Silt clearance and Scraping of Jr. Kauragahani Mr. from  Km. 0.000 to Km. 2.200,,,,,,,,,,,,,,,,"U P Irrigation Department (Civil)||Chief Engineer-Sharda Sahayak, Lucknow||XIV Circle Irrigation Works, Azamgarh||SSD-23, azamgarh",,,,,,"38,752",,,"U P Irrigation Department (Civil)||Chief Engineer-Sharda Sahayak, Lucknow||XIV Circle Irrigation Works, Azamgarh||SSD-23, azamgarh"
2023_UPIDC_856580_12,2023_UPIDC_856580_12,03/EE/2023-24,Silt clearance of Bhagwanpur Dy. from  Km. 3.100 to Km. 11.850,,,,,,,,,,,,,,,,"U P Irrigation Department (Civil)||Chief Engineer-Sharda Sahayak, Lucknow||XIV Circle Irrigation Works, Azamgarh||SSD-23, azamgarh",,,,,,"201,585",,,"U P Irrigation Department (Civil)||Chief Engineer-Sharda Sahayak, Lucknow||XIV Circle Irrigation Works, Azamgarh||SSD-23, azamgarh"
2023_UPIDC_856580_13,2023_UPIDC_856580_13,03/EE/2023-24,Scraping of Thekma Dy. from  Km. 29.000 to Km. 34.000,,,,,,,,,,,,,,,,"U P Irrigation Department (Civil)||Chief Engineer-Sharda Sahayak, Lucknow||XIV Circle Irrigation Works, Azamgarh||SSD-23, azamgarh",,,,,,"175,820",,,"U P Irrigation Department (Civil)||Chief Engineer-Sharda Sahayak, Lucknow||XIV Circle Irrigation Works, Azamgarh||SSD-23, azamgarh"
2023_UPIDC_847417_59,2023_UPIDC_847417_59,01/EEAID/2023-24,LOT 10 OF TENDER NOTICE NO.01-EE-2023-24,,,,,,,,,,,,,,,,"U P Irrigation Department (Civil)||Chief Engineer-Eastern Ganga, Moradabad||Irrigation Works Circle, Moradabad||AID, dhampur",,,,,,"609,148.8",,,"U P Irrigation Department (Civil)||Chief Engineer-Eastern Ganga, Moradabad||Irrigation Works Circle, Moradabad||AID, dhampur"
2023_UPIDC_855836_12,2023_UPIDC_855836_12,02/EE/2023-24,Scraping of Thekma Dy. from  Km. 19.200 to Km. 23.400,,,,,,,,,,,,,,,,"U P Irrigation Department (Civil)||Chief Engineer-Sharda Sahayak, Lucknow||XIV Circle Irrigation Works, Azamgarh||SSD-23, azamgarh",,,,,,"256,514.78",,,"U P Irrigation Department (Civil)||Chief Engineer-Sharda Sahayak, Lucknow||XIV Circle Irrigation Works, Azamgarh||SSD-23, azamgarh"
2023_UPIDC_847417_55,2023_UPIDC_847417_50,01/EEAID/2023-24,LOT 13 OF TENDER NOTICE NO.01-EE-2023-24,,,,,,,,,,,,,,,,"U P Irrigation Department (Civil)||Chief Engineer-Eastern Ganga, Moradabad||Irrigation Works Circle, Moradabad||AID, dhampur",,,,,,"1,572,500",,,"U P Irrigation Department (Civil)||Chief Engineer-Eastern Ganga, Moradabad||Irrigation Works Circle, Moradabad||AID, dhampur"
2023_UPIDC_847417_55,2023_UPIDC_847417_54,01/EEAID/2023-24,LOT 13 OF TENDER NOTICE NO.01-EE-2023-24,,,,,,,,,,,,,,,,"U P Irrigation Department (Civil)||Chief Engineer-Eastern Ganga, Moradabad||Irrigation Works Circle, Moradabad||AID, dhampur",,,,,,"1,572,500",,,"U P Irrigation Department (Civil)||Chief Engineer-Eastern Ganga, Moradabad||Irrigation Works Circle, Moradabad||AID, dhampur"
2023_UPIDC_847417_55,2023_UPIDC_847417_55,01/EEAID/2023-24,LOT 13 OF TENDER NOTICE NO.01-EE-2023-24,,,,,,,,,,,,,,,,"U P Irrigation Department (Civil)||Chief Engineer-Eastern Ganga, Moradabad||Irrigation Works Circle, Moradabad||AID, dhampur",,,,,,"1,572,500",,,"U P Irrigation Department (Civil)||Chief Engineer-Eastern Ganga, Moradabad||Irrigation Works Circle, Moradabad||AID, dhampur"
2024_UPTCL_920485_1,2024_UPTCL_920473_1,165-ETC-I(A)/ 2023-2024,165-ETC-I(A)/ 2023-2024,,,,,,,,,,,,,,,,UP Power Transmission Corp.Ltd (Operation)||Chief Engineer (TE) East Allahabad||S.E. ETC- I  Allahabad,,,,,,"193,500",,,UP Power Transmission Corp.Ltd (Operation)||Chief Engineer (TE) East Allahabad||S.E. ETC- I  Allahabad
2024_UPTCL_920485_1,2024_UPTCL_920485_1,165-ETC-I(A)/ 2023-2024,165-ETC-I(A)/ 2023-2024,,,,,,,,,,,,,,,,UP Power Transmission Corp.Ltd (Operation)||Chief Engineer (TE) East Allahabad||S.E. ETC- I  Allahabad,,,,,,"193,500",,,UP Power Transmission Corp.Ltd (Operation)||Chief Engineer (TE) East Allahabad||S.E. ETC- I  Allahabad
2024_UPTCL_920491_1,2024_UPTCL_920489_1,167-ETC-I(A)/ 2023-2024,167-ETC-I(A)/ 2023-2024,,,,,,,,,,,,,,,,UP Power Transmission Corp.Ltd (Operation)||Chief Engineer (TE) East Allahabad||S.E. ETC- I  Allahabad,,,,,,"198,195",,,UP Power Transmission Corp.Ltd (Operation)||Chief Engineer (TE) East Allahabad||S.E. ETC- I  Allahabad
2024_UPTCL_920491_1,2024_UPTCL_920491_1,167-ETC-I(A)/ 2023-2024,167-ETC-I(A)/ 2023-2024,,,,,,,,,,,,,,,,UP Power Transmission Corp.Ltd (Operation)||Chief Engineer (TE) East Allahabad||S.E. ETC- I  Allahabad,,,,,,"198,195",,,UP Power Transmission Corp.Ltd (Operation)||Chief Engineer (TE) East Allahabad||S.E. ETC- I  Allahabad
2024_UPVDS_922109_1,2024_UPVDS_922109_1,445/V.S./01(pro.)/2024,Annual Maintenance of Communicatio System,,,,,,,,,,,,,,,,UP Vidhansabha,,,,,,"23,950,000",,,UP Vidhansabha
2023_UPECL_848393_1,2023_UPECL_848393_1,UPLC-CONSUL/EMP/2023,"EMPANELMENT OF CONSULTANT(S) FOR PROVIDING ADVISORY CONSULTANCY SERVICES IN IMPLEMENTATION OF GOVERNMENT PROJECTS / SCHEMES TO U.P. ELECTRONICS CORPORATION LTD (UPLC) AND TO THE STATE GOVERNMENT DEPARTMENTS, ON BEHALF OF UPLC",,,,,,,,,,,,,,,,UP Electronics Corporation Ltd.||UPLC HQ,,,,,,1,,,UP Electronics Corporation Ltd.||UPLC HQ
2023_UPGWD_835778_3,2023_UPGWD_835778_3,03/PEZO/MZP/2023-24,Construction of 18 Nos Piezometers,,,,,,,,,,,,,,,,"Office of The Director Ground Water Department||Joint Director Allahabad||Sr. Geophysicist, GWD Dn- Mirzapur (Geophysical)",,,,,,,,,"Office of The Director Ground Water Department||Joint Director Allahabad||Sr. Geophysicist, GWD Dn- Mirzapur (Geophysical)"
2023_UPGWD_835803_2,2023_UPGWD_835803_2,04/PEZO/MZP/2023-24,Construction of Piezometer,,,,,,,,,,,,,,,,"Office of The Director Ground Water Department||Joint Director Allahabad||Sr. Geophysicist, GWD Dn- Mirzapur (Geophysical)",,,,,,,,,"Office of The Director Ground Water Department||Joint Director Allahabad||Sr. Geophysicist, GWD Dn- Mirzapur (Geophysical)"
2023_UPGWD_835902_3,2023_UPGWD_835902_3,05/RWH/MZP/2023-24,Construction of RWH,,,,,,,,,,,,,,,,"Office of The Director Ground Water Department||Joint Director Allahabad||Sr. Geophysicist, GWD Dn- Mirzapur (Geophysical)",,,,,,,,,"Office of The Director Ground Water Department||Joint Director Allahabad||Sr. Geophysicist, GWD Dn- Mirzapur (Geophysical)"
2023_UPGWD_835915_1,2023_UPGWD_835915_1,06/RWH/MZP/2023-24,CONSTRUCTION OF RWH,,,,,,,,,,,,,,,,"Office of The Director Ground Water Department||Joint Director Allahabad||Sr. Geophysicist, GWD Dn- Mirzapur (Geophysical)",,,,,,,,,"Office of The Director Ground Water Department||Joint Director Allahabad||Sr. Geophysicist, GWD Dn- Mirzapur (Geophysical)"
2023_UPCTL_829319_1,2023_UPCTL_819494_1,22(01)-ECTC/MBD/2023-24,"Roof Treatment, Plaster Repair and Painting of C.R.B., Kiosk and Store at 132 KV S/s Kirthal, Baghpat.",,,,,,,,,,,,,,,,UP Power Transmission Corp.Ltd (Works and Projects))||Chief Engineer (Civil-1)||Moradabad Circle,,,,,,,,,UP Power Transmission Corp.Ltd (Works and Projects))||Chief Engineer (Civil-1)||Moradabad Circle
2023_UPCTL_829319_1,2023_UPCTL_829319_1,22(01)-ECTC/MBD/2023-24,"Roof Treatment, Plaster Repair and Painting of C.R.B., Kiosk and Store at 132 KV S/s Kirthal, Baghpat.",,,,,,,,,,,,,,,,UP Power Transmission Corp.Ltd (Works and Projects))||Chief Engineer (Civil-1)||Moradabad Circle,,,,,,,,,UP Power Transmission Corp.Ltd (Works and Projects))||Chief Engineer (Civil-1)||Moradabad Circle
2023_UPCTL_844902_1,2023_UPCTL_844902_1,34(01)-ECTC/MBD/2023-24,Civil Work of 132 KV Bay for M/s Amba Shakti Steel at 220 KV S/s Nara Distt. Muzaffarnagar.,,,,,,,,,,,,,,,,UP Power Transmission Corp.Ltd (Works and Projects))||Chief Engineer (Civil-1)||Moradabad Circle,,,,,,,,,UP Power Transmission Corp.Ltd (Works and Projects))||Chief Engineer (Civil-1)||Moradabad Circle
2023_UPCTL_859052_1,2023_UPCTL_859052_1,39(02)-ECTC/MBD/2023-24,Civil works for construction of 33 KV Bay for M/s Sidhbali Steel Pvt. Ltd. at 132 KV S/s Bhopa Road Distt. Muzaffarnagar.,,,,,,,,,,,,,,,,UP Power Transmission Corp.Ltd (Works and Projects))||Chief Engineer (Civil-1)||Moradabad Circle,,,,,,"475,813",,,UP Power Transmission Corp.Ltd (Works and Projects))||Chief Engineer (Civil-1)||Moradabad Circle
2023_UPCTL_867515_1,2023_UPCTL_867515_1,47(01)-ECTC/MBD/2023-24,"Design and Drawing work for Relocation and Protection Work of foundation of Tower No. 508 of 400 KV Vishnuprayag- Muzaffarnagar D/C Line situated at Najibabad, Bijnor under 400 KV Substation Division Muzaffarnagar",,,,,,,,,,,,,,,,UP Power Transmission Corp.Ltd (Works and Projects))||Chief Engineer (Civil-1)||Moradabad Circle,,,,,,"249,375",,,UP Power Transmission Corp.Ltd (Works and Projects))||Chief Engineer (Civil-1)||Moradabad Circle
2023_UPCTL_870180_1,2023_UPCTL_870170_1,50(02)-ECTC/MBD/2023-24,Civil work for increasing capacity from 2X40 MVA to 3X40 MVA and Shifting of T.B.C. Bay at 220 KV S/s Badhai Kalan Distt. Muzaffarnagar.,,,,,,,,,,,,,,,,UP Power Transmission Corp.Ltd (Works and Projects))||Chief Engineer (Civil-1)||Moradabad Circle,,,,,,"3,147,985",,,UP Power Transmission Corp.Ltd (Works and Projects))||Chief Engineer (Civil-1)||Moradabad Circle
2023_UPCTL_870180_1,2023_UPCTL_870180_1,50(02)-ECTC/MBD/2023-24,Civil work for increasing capacity from 2X40 MVA to 3X40 MVA and Shifting of T.B.C. Bay at 220 KV S/s Badhai Kalan Distt. Muzaffarnagar.,,,,,,,,,,,,,,,,UP Power Transmission Corp.Ltd (Works and Projects))||Chief Engineer (Civil-1)||Moradabad Circle,,,,,,"3,147,985",,,UP Power Transmission Corp.Ltd (Works and Projects))||Chief Engineer (Civil-1)||Moradabad Circle
2023_UPCTL_870188_1,2023_UPCTL_870188_1,50(03)-ECTC/MBD/2023-24,Civil work for Increasing Capacity from (2X63) MVA to (2X63 1X40) MVA at 132 KV S/s Nagli Kithore Meerut.,,,,,,,,,,,,,,,,UP Power Transmission Corp.Ltd (Works and Projects))||Chief Engineer (Civil-1)||Moradabad Circle,,,,,,"4,511,594",,,UP Power Transmission Corp.Ltd (Works and Projects))||Chief Engineer (Civil-1)||Moradabad Circle
2023_UPCTL_870206_1,2023_UPCTL_870206_1,50(04)-ECTC/MBD/2023-24,Civil works for Installation of RTU and FOTE Panel in Control Room Building at 132 KV S/s Rampur.,,,,,,,,,,,,,,,,UP Power Transmission Corp.Ltd (Works and Projects))||Chief Engineer (Civil-1)||Moradabad Circle,,,,,,"597,185",,,UP Power Transmission Corp.Ltd (Works and Projects))||Chief Engineer (Civil-1)||Moradabad Circle
2023_UPCTL_870216_1,2023_UPCTL_870216_1,50(05)-ECTC/MBD/2023-24,"Civil work for Increasing Capacity from (63 40) MVA to (2X63) MVA at 132 KV S/s Nirpura, Baghpat.",,,,,,,,,,,,,,,,UP Power Transmission Corp.Ltd (Works and Projects))||Chief Engineer (Civil-1)||Moradabad Circle,,,,,,"150,995",,,UP Power Transmission Corp.Ltd (Works and Projects))||Chief Engineer (Civil-1)||Moradabad Circle
2023_UPCTL_804304_1,2023_UPCTL_804277_1,02(06)-ECTC/MBD/2023-24,"Annual M and R Works of Park and Plantation at Paareshan Bhawan, Victoria Park, Meerut",,,,,,,,,,,,,,,,UP Power Transmission Corp.Ltd (Works and Projects))||Chief Engineer (Civil-1)||Moradabad Circle,,,,,,"171,828.41",,,UP Power Transmission Corp.Ltd (Works and Projects))||Chief Engineer (Civil-1)||Moradabad Circle
2023_UPCTL_804304_1,2023_UPCTL_804304_1,02(06)-ECTC/MBD/2023-24,"Annual M and R Works of Park and Plantation at Paareshan Bhawan, Victoria Park, Meerut",,,,,,,,,,,,,,,,UP Power Transmission Corp.Ltd (Works and Projects))||Chief Engineer (Civil-1)||Moradabad Circle,,,,,,"171,828.41",,,UP Power Transmission Corp.Ltd (Works and Projects))||Chief Engineer (Civil-1)||Moradabad Circle
2023_UPCTL_804986_1,2023_UPCTL_804324_1,03(01)-ECTC/MBD/2023-24,Civil works for Construction of 02 No. 132 KV Bay at 220 KV S/s Amroha Distt. Amroha.,,,,,,,,,,,,,,,,UP Power Transmission Corp.Ltd (Works and Projects))||Chief Engineer (Civil-1)||Moradabad Circle,,,,,,"2,234,127.66",,,UP Power Transmission Corp.Ltd (Works and Projects))||Chief Engineer (Civil-1)||Moradabad Circle
2023_UPCTL_804986_1,2023_UPCTL_804986_1,03(01)-ECTC/MBD/2023-24,Civil works for Construction of 02 No. 132 KV Bay at 220 KV S/s Amroha Distt. Amroha.,,,,,,,,,,,,,,,,UP Power Transmission Corp.Ltd (Works and Projects))||Chief Engineer (Civil-1)||Moradabad Circle,,,,,,"2,234,127.66",,,UP Power Transmission Corp.Ltd (Works and Projects))||Chief Engineer (Civil-1)||Moradabad Circle
2023_UPCTL_805004_1,2023_UPCTL_805004_1,03(02)-ECTC/MBD/2023-24,"Construction of 01 No. 220 KV AIS Bay, 01 No. 220 KV Hybrid Module Bay and 01 No. 220 KV Bus Coupler Bay, Road and Partition wall for NCRTC at 220 KV S/s Modipuram, Meerut.",,,,,,,,,,,,,,,,UP Power Transmission Corp.Ltd (Works and Projects))||Chief Engineer (Civil-1)||Moradabad Circle,,,,,,"9,795,054",,,UP Power Transmission Corp.Ltd (Works and Projects))||Chief Engineer (Civil-1)||Moradabad Circle
2023_UPCTL_814761_1,2023_UPCTL_810851_1,05(01)-ECTC/MBD/2023-24,"Civil Works for Construction of Security wall, Approach Road and Residene (01 No. Type-III and 02 Nos. Type-II) at 132/33 KV Sub-Station Dudhali Distt. Saharanpur",,,,,,,,,,,,,,,,UP Power Transmission Corp.Ltd (Works and Projects))||Chief Engineer (Civil-1)||Moradabad Circle,,,,,,"21,719,192",,,UP Power Transmission Corp.Ltd (Works and Projects))||Chief Engineer (Civil-1)||Moradabad Circle
2023_UPCTL_814761_1,2023_UPCTL_814761_1,05(01)-ECTC/MBD/2023-24,"Civil Works for Construction of Security wall, Approach Road and Residene (01 No. Type-III and 02 Nos. Type-II) at 132/33 KV Sub-Station Dudhali Distt. Saharanpur",,,,,,,,,,,,,,,,UP Power Transmission Corp.Ltd (Works and Projects))||Chief Engineer (Civil-1)||Moradabad Circle,,,,,,"21,719,192",,,UP Power Transmission Corp.Ltd (Works and Projects))||Chief Engineer (Civil-1)||Moradabad Circle
2023_UPCTL_818625_1,2023_UPCTL_814766_1,09(02)-ECTC/MBD/2023-24,Civil works for Installation of Tube well Boring at 132 KV S/s Rampur,,,,,,,,,,,,,,,,UP Power Transmission Corp.Ltd (Works and Projects))||Chief Engineer (Civil-1)||Moradabad Circle,,,,,,"763,304",,,UP Power Transmission Corp.Ltd (Works and Projects))||Chief Engineer (Civil-1)||Moradabad Circle
2023_UPCTL_818625_1,2023_UPCTL_818625_1,09(02)-ECTC/MBD/2023-24,Civil works for Installation of Tube well Boring at 132 KV S/s Rampur,,,,,,,,,,,,,,,,UP Power Transmission Corp.Ltd (Works and Projects))||Chief Engineer (Civil-1)||Moradabad Circle,,,,,,"763,304",,,UP Power Transmission Corp.Ltd (Works and Projects))||Chief Engineer (Civil-1)||Moradabad Circle
2023_UPCTL_818694_1,2023_UPCTL_818694_1,09(05)-ECTC/MBD/2023-24,Reconstruction/ Maintenance of Damaged Security wall of Switch Yard at 220 KV S/s Shamli Distt. Shamli,,,,,,,,,,,,,,,,UP Power Transmission Corp.Ltd (Works and Projects))||Chief Engineer (Civil-1)||Moradabad Circle,,,,,,"1,401,899",,,UP Power Transmission Corp.Ltd (Works and Projects))||Chief Engineer (Civil-1)||Moradabad Circle
2023_RVUNL_867863_1,2023_RVUNL_867863_1,ET06/OMC-III/CIMD-II/DTPS/2023,Comprehensive AMC for Preventive and Breakdown maintenance of installed instruments Hardware and software etc for online EQMS and LED Display board installed for displaying CSEMS and EQMS parameters of HTPS Aligarh for a period of two year,,,,,,,,,,,,,,,,UP Rajya Vidyut Utpadan Nigam Ltd||Harduaganj Thermal Power Project- UPRVUNL- Aligarh,,,,,,"1,173,136",,,UP Rajya Vidyut Utpadan Nigam Ltd||Harduaganj Thermal Power Project- UPRVUNL- Aligarh
2023_RVUNL_870431_1,2023_RVUNL_870431_1,W-OBR////6000004161_00,W-OBR////6000004161_00,,,,,,,,,,,,,,,,UP Rajya Vidyut Utpadan Nigam Ltd||Obra Thermal Power Project- UPRVUNL- Sonebhadra,,,,,,"5,958,000",,,UP Rajya Vidyut Utpadan Nigam Ltd||Obra Thermal Power Project- UPRVUNL- Sonebhadra
2023_UPCTL_804206_1,2023_UPCTL_804206_1,02(01)-ECTC/MBD/2023-24,Civil Work for Construction of Boundary wall including Retaining wall after Dismantling of old boundary wall and Earth filling of 01 Nos. 132 KV TSS Bay at 220/132 KV S/s Chandpur Distt. Bijnor,,,,,,,,,,,,,,,,UP Power Transmission Corp.Ltd (Works and Projects))||Chief Engineer (Civil-1)||Moradabad Circle,,,,,,"6,289,392",,,UP Power Transmission Corp.Ltd (Works and Projects))||Chief Engineer (Civil-1)||Moradabad Circle
2023_RVUNL_795239_1,2023_RVUNL_795239_1,W-OBR////6000001280_00,"Work of Overhauling, testing, servicing  commissioning  MARP,TSP-III Panels, solenoid operated valve, FCNRV, TTS   Annunciation System of unit no. 9th, 3x200 MW, BTPS,Obra",,,,,,,,,,,,,,,,UP Rajya Vidyut Utpadan Nigam Ltd||Obra Thermal Power Project- UPRVUNL- Sonebhadra,,,,,,"415,492",,,UP Rajya Vidyut Utpadan Nigam Ltd||Obra Thermal Power Project- UPRVUNL- Sonebhadra
2023_RVUNL_795263_1,2023_RVUNL_795263_1,N-OBR////6000001281_00,"works of Miscellaneous works/Repairing of C and I  Equipments (0.4KV Module, Power supply module, Cards etc)of unit 9, 3X200 MW,BTPS Obra of U.P. Rajya Vidyut Utpadan  Nigam Ltd.",,,,,,,,,,,,,,,,UP Rajya Vidyut Utpadan Nigam Ltd||Obra Thermal Power Project- UPRVUNL- Sonebhadra,,,,,,"295,400",,,UP Rajya Vidyut Utpadan Nigam Ltd||Obra Thermal Power Project- UPRVUNL- Sonebhadra
2023_RVUNL_866245_1,2023_RVUNL_866245_1,N-OBR/B/MMCII/PDIII/6000004052,"Supply of Spares of Bowl Mill for 2X200MW units, BTPS, Obra, Sonebhadra (U.P.)",,,,,,,,,,,,,,,,UP Rajya Vidyut Utpadan Nigam Ltd||Obra Thermal Power Project- UPRVUNL- Sonebhadra,,,,,,"347,600",,,UP Rajya Vidyut Utpadan Nigam Ltd||Obra Thermal Power Project- UPRVUNL- Sonebhadra
2023_RVUNL_867863_1,2023_RVUNL_867295_1,ET06/OMC-III/CIMD-II/DTPS/2023,Comprehensive AMC for Preventive and Breakdown maintenance of installed instruments Hardware and software etc for online EQMS and LED Display board installed for displaying CSEMS and EQMS parameters of HTPS Aligarh for a period of two year,,,,,,,,,,,,,,,,UP Rajya Vidyut Utpadan Nigam Ltd||Harduaganj Thermal Power Project- UPRVUNL- Aligarh,,,,,,"1,173,136",,,UP Rajya Vidyut Utpadan Nigam Ltd||Harduaganj Thermal Power Project- UPRVUNL- Aligarh
2023_RVUNL_771026_1,2023_RVUNL_771026_1,N-PAR/B/MMC1/PD01/6000000865,SUPPLY OF DOUBLE ROLL CRUSHER FOR COAL TECHNICAL,,,,,,,,,,,,,,,,UP Rajya Vidyut Utpadan Nigam Ltd||Parichha Thermal Power Project- UPRVUNL- Jhansi,,,,,,"262,698",,,UP Rajya Vidyut Utpadan Nigam Ltd||Parichha Thermal Power Project- UPRVUNL- Jhansi
2023_REDUP_872856_1,2023_REDUP_872856_1,3160/SE RED GKP/Gorakhpur/23-24 Dt 9-11-23,"Under District Gorakhpur, CC in various streets in Khand -Piprauli Village -Chhapiya Road construction Lot No 1",,,,,,,,,,,,,,,,Director Cum Chief Engineer RED||CHIEF ENGINEER EAST||SE GORAKHPUR CIRCLE,,,,,,"10,903,778",,,Director Cum Chief Engineer RED||CHIEF ENGINEER EAST||SE GORAKHPUR CIRCLE
2023_REDUP_873480_5,2023_REDUP_873480_5,1364/cashier dt 08-11-2023,GRAM PUJNA ME PRATHMIK VIDHALYE SE RAVIDAS MANDIR KI OR CC ROAD OR NALI NIRMAN WORK.,,,,,,,,,,,,,,,,Director Cum Chief Engineer RED||CHIEF ENGINEER WEST||SE SAHARANPUR CIRCLE,,,,,,"1,139,313.35",,,Director Cum Chief Engineer RED||CHIEF ENGINEER WEST||SE SAHARANPUR CIRCLE
2023_REDUP_876180_1,2023_REDUP_876180_1,2373/RED/TENDER/MRT/BOND CLECK/2023-24 06.12.23,GRAM JAISINGHPUR ME SUSHIL KE GHAR SE ANIL KE GHAR TAK INTERLOCKING TILES NIRMAAN KARYA,,,,,,,,,,,,,,,,Director Cum Chief Engineer RED||CHIEF ENGINEER WEST||SE MEERUT CIRCLE||EE MEERUT,,,,,,"1,750,202",,,Director Cum Chief Engineer RED||CHIEF ENGINEER WEST||SE MEERUT CIRCLE||EE MEERUT
2023_REDUP_870091_2,2023_REDUP_870091_2,"1549/RED/E-TENDER/2023-24, DATE 28.11.23",SARKARI I.T.I. KE SAMANE KRISHNA COACHING WALI GALI ME SHRI SHANKAR DAYAL MISHRA  (PARSIYA AHIR) KE GHAR KE SAMANE SE HOKAR CHANDRASHEKHAR SINGH/DAYA GOND KE GHAR HOTE HUE SMT. DURGA SHARMA KE GHAR TAK C.C. ROAD KA NIRMAN KARYA,,,,,,,,,,,,,,,,Director Cum Chief Engineer RED||CHIEF ENGINEER EAST||SE GORAKHPUR CIRCLE||EE DEORIA,,,,,,"1,083,911.55",,,Director Cum Chief Engineer RED||CHIEF ENGINEER EAST||SE GORAKHPUR CIRCLE||EE DEORIA
2023_REDUP_855271_2,2023_REDUP_855271_2,858/EE/RED/TENDER/23-24 dt- 15-09-23,CONSTRUCTION OF cc road from rajveer house to rajjo pradhan submersible in pahadi kalan,,,,,,,,,,,,,,,,Director Cum Chief Engineer RED||CHIEF ENGINEER WEST||SE AGRA CIRCLE||EE AGRA,,,,,,"1,704,754.007",,,Director Cum Chief Engineer RED||CHIEF ENGINEER WEST||SE AGRA CIRCLE||EE AGRA
2023_REDUP_855271_3,2023_REDUP_855271_3,858/EE/RED/TENDER/23-24 dt- 15-09-23,CONSTRUCTION OF cc road from sunil sharma house to govt school in chachond,,,,,,,,,,,,,,,,Director Cum Chief Engineer RED||CHIEF ENGINEER WEST||SE AGRA CIRCLE||EE AGRA,,,,,,"1,533,895.698",,,Director Cum Chief Engineer RED||CHIEF ENGINEER WEST||SE AGRA CIRCLE||EE AGRA
2023_REDUP_855271_5,2023_REDUP_855271_4,858/EE/RED/TENDER/23-24 dt- 15-09-23,CONSTRUCTION OF cc road from murarilal house to pramod house in pramod house in iradat nagar,,,,,,,,,,,,,,,,Director Cum Chief Engineer RED||CHIEF ENGINEER WEST||SE AGRA CIRCLE||EE AGRA,,,,,,"1,505,397.037",,,Director Cum Chief Engineer RED||CHIEF ENGINEER WEST||SE AGRA CIRCLE||EE AGRA
2023_REDUP_855271_5,2023_REDUP_855271_5,858/EE/RED/TENDER/23-24 dt- 15-09-23,CONSTRUCTION OF cc road from murarilal house to pramod house in pramod house in iradat nagar,,,,,,,,,,,,,,,,Director Cum Chief Engineer RED||CHIEF ENGINEER WEST||SE AGRA CIRCLE||EE AGRA,,,,,,"1,505,397.037",,,Director Cum Chief Engineer RED||CHIEF ENGINEER WEST||SE AGRA CIRCLE||EE AGRA
2023_REDUP_855271_6,2023_REDUP_855271_6,858/EE/RED/TENDER/23-24 dt- 15-09-23,CONSTRUCTION OF cc road from atar singh house to bhagwan singh kushwaha house in chhattapura,,,,,,,,,,,,,,,,Director Cum Chief Engineer RED||CHIEF ENGINEER WEST||SE AGRA CIRCLE||EE AGRA,,,,,,"1,921,478.26",,,Director Cum Chief Engineer RED||CHIEF ENGINEER WEST||SE AGRA CIRCLE||EE AGRA
2023_REDUP_854583_6,2023_REDUP_854583_6,1269/RED/Tender/2023-24,"Construction of Computer Lab in Government Girls Inter College Khairabad, Block- Khairabad",,,,,,,,,,,,,,,,Director Cum Chief Engineer RED||CHIEF ENGINEER EAST||SE LUCKNOW CIRCLE||EE SITAPUR,,,,,,"1,248,679",,,Director Cum Chief Engineer RED||CHIEF ENGINEER EAST||SE LUCKNOW CIRCLE||EE SITAPUR
2023_REDUP_855181_1,2023_REDUP_855181_1,823/EE/RED/TENDER/23-24 dt- 11-09-23,CONSTRUCTION OF cc road from ramprasad house to vijy singh house in jodhapura,,,,,,,,,,,,,,,,Director Cum Chief Engineer RED||CHIEF ENGINEER WEST||SE AGRA CIRCLE||EE AGRA,,,,,,"938,632.942",,,Director Cum Chief Engineer RED||CHIEF ENGINEER WEST||SE AGRA CIRCLE||EE AGRA
2023_REDUP_855181_2,2023_REDUP_855181_2,823/EE/RED/TENDER/23-24 dt- 11-09-23,CONSTRUCTION OF cc road from banwari lal tomar to pond in dudipura,,,,,,,,,,,,,,,,Director Cum Chief Engineer RED||CHIEF ENGINEER WEST||SE AGRA CIRCLE||EE AGRA,,,,,,"1,321,722.989",,,Director Cum Chief Engineer RED||CHIEF ENGINEER WEST||SE AGRA CIRCLE||EE AGRA
2023_REDUP_855181_3,2023_REDUP_855181_3,823/EE/RED/TENDER/23-24 dt- 11-09-23,CONSTRUCTION OF cc road from ramveer house to kamal singh house in majra simariya of jodhapur,,,,,,,,,,,,,,,,Director Cum Chief Engineer RED||CHIEF ENGINEER WEST||SE AGRA CIRCLE||EE AGRA,,,,,,"1,684,039.439",,,Director Cum Chief Engineer RED||CHIEF ENGINEER WEST||SE AGRA CIRCLE||EE AGRA
2023_REDUP_855181_4,2023_REDUP_855181_4,823/EE/RED/TENDER/23-24 dt- 11-09-23,CONSTRUCTION OF cc road from charan singh house to shreekant house in shekhupura,,,,,,,,,,,,,,,,Director Cum Chief Engineer RED||CHIEF ENGINEER WEST||SE AGRA CIRCLE||EE AGRA,,,,,,"235,366.834",,,Director Cum Chief Engineer RED||CHIEF ENGINEER WEST||SE AGRA CIRCLE||EE AGRA
2023_REDUP_855181_5,2023_REDUP_855181_5,823/EE/RED/TENDER/23-24 dt- 11-09-23,CONSTRUCTION OF cc road from prem singh house to soni house in bas sujaan,,,,,,,,,,,,,,,,Director Cum Chief Engineer RED||CHIEF ENGINEER WEST||SE AGRA CIRCLE||EE AGRA,,,,,,"654,815.214",,,Director Cum Chief Engineer RED||CHIEF ENGINEER WEST||SE AGRA CIRCLE||EE AGRA
2023_REDUP_855181_6,2023_REDUP_855181_6,823/EE/RED/TENDER/23-24 dt- 11-09-23,CONSTRUCTION OF cc road from main kharanja to nawaan house in bas sujaan,,,,,,,,,,,,,,,,Director Cum Chief Engineer RED||CHIEF ENGINEER WEST||SE AGRA CIRCLE||EE AGRA,,,,,,"428,914.56",,,Director Cum Chief Engineer RED||CHIEF ENGINEER WEST||SE AGRA CIRCLE||EE AGRA
2023_REDUP_855181_7,2023_REDUP_855181_7,823/EE/RED/TENDER/23-24 dt- 11-09-23,CONSTRUCTION OF cc road from lakshman singh house to mahendra singh in jharpura,,,,,,,,,,,,,,,,Director Cum Chief Engineer RED||CHIEF ENGINEER WEST||SE AGRA CIRCLE||EE AGRA,,,,,,"916,512.376",,,Director Cum Chief Engineer RED||CHIEF ENGINEER WEST||SE AGRA CIRCLE||EE AGRA
2023_REDUP_855271_1,2023_REDUP_855271_1,858/EE/RED/TENDER/23-24 dt- 15-09-23,CONSTRUCTION OF cc road from bhajan lal hopuse to lakshman singh house in jodhapura,,,,,,,,,,,,,,,,Director Cum Chief Engineer RED||CHIEF ENGINEER WEST||SE AGRA CIRCLE||EE AGRA,,,,,,"2,080,481.658",,,Director Cum Chief Engineer RED||CHIEF ENGINEER WEST||SE AGRA CIRCLE||EE AGRA
2023_REDUP_834475_4,2023_REDUP_834475_4,NIT-1106A Dt. 19.08.2023 SE TVY,Construction work of CC Road from Shiv Dairy to Tiraha C Block Govindpuram in Akash Nagar.,,,,,,,,,,,,,,,,Director Cum Chief Engineer RED||CHIEF ENGINEER WEST||SE MEERUT CIRCLE||EE GHAZIABAD,,,,,,0,,,Director Cum Chief Engineer RED||CHIEF ENGINEER WEST||SE MEERUT CIRCLE||EE GHAZIABAD
2023_REDUP_834681_1,2023_REDUP_834681_1,742/EE RED JAUNPUR/23-24 Dt 07/08/2023c,"Under District Jaunpur, Construction of drain from Prem Gaur house to Manoj Nau house in Gram Sabha Porai Khurd Lot No 1",,,,,,,,,,,,,,,,Director Cum Chief Engineer RED||CHIEF ENGINEER EAST||SE VARANASI CIRCLE||EE JAUNPUR,,,,,,"1,135,217",,,Director Cum Chief Engineer RED||CHIEF ENGINEER EAST||SE VARANASI CIRCLE||EE JAUNPUR
2023_REDUP_840370_13,2023_REDUP_839750_3,1010/RED/Tender/2023-24,"Construction of Computer Lab in Government Inter College Bansura, Block- Rampur Mathura",,,,,,,,,,,,,,,,Director Cum Chief Engineer RED||CHIEF ENGINEER EAST||SE LUCKNOW CIRCLE||EE SITAPUR,,,,,,,,,Director Cum Chief Engineer RED||CHIEF ENGINEER EAST||SE LUCKNOW CIRCLE||EE SITAPUR
2023_REDUP_840370_13,2023_REDUP_840370_13,1010/RED/Tender/2023-24,"Construction of Computer Lab in Government Inter College Bansura, Block- Rampur Mathura",,,,,,,,,,,,,,,,Director Cum Chief Engineer RED||CHIEF ENGINEER EAST||SE LUCKNOW CIRCLE||EE SITAPUR,,,,,,,,,Director Cum Chief Engineer RED||CHIEF ENGINEER EAST||SE LUCKNOW CIRCLE||EE SITAPUR
2023_REDUP_840370_14,2023_REDUP_840370_14,1010/RED/Tender/2023-24,"Construction of Computer Lab in Government Inter College Rampur Mathura, Block- Rampur Mathura",,,,,,,,,,,,,,,,Director Cum Chief Engineer RED||CHIEF ENGINEER EAST||SE LUCKNOW CIRCLE||EE SITAPUR,,,,,,,,,Director Cum Chief Engineer RED||CHIEF ENGINEER EAST||SE LUCKNOW CIRCLE||EE SITAPUR
2023_REDUP_829515_10,2023_REDUP_826746_9,591/EE/RED/TENDER/23-24 dt- 12-07-23,CONSTRUCTION OF cc road from devi mandir to mangilal house via mahavir singh house in nagla jheelara,,,,,,,,,,,,,,,,Director Cum Chief Engineer RED||CHIEF ENGINEER WEST||SE AGRA CIRCLE||EE AGRA,,,,,,"1,670,149.574",,,Director Cum Chief Engineer RED||CHIEF ENGINEER WEST||SE AGRA CIRCLE||EE AGRA
2023_REDUP_829515_10,2023_REDUP_829515_10,591/EE/RED/TENDER/23-24 dt- 12-07-23,CONSTRUCTION OF cc road from devi mandir to mangilal house via mahavir singh house in nagla jheelara,,,,,,,,,,,,,,,,Director Cum Chief Engineer RED||CHIEF ENGINEER WEST||SE AGRA CIRCLE||EE AGRA,,,,,,"1,670,149.574",,,Director Cum Chief Engineer RED||CHIEF ENGINEER WEST||SE AGRA CIRCLE||EE AGRA
2023_REDUP_829515_11,2023_REDUP_829515_11,591/EE/RED/TENDER/23-24 dt- 12-07-23,CONSTRUCTION OF cc road from chetan chahar house to mangla master house in nagla beech of raymal,,,,,,,,,,,,,,,,Director Cum Chief Engineer RED||CHIEF ENGINEER WEST||SE AGRA CIRCLE||EE AGRA,,,,,,"1,388,528.639",,,Director Cum Chief Engineer RED||CHIEF ENGINEER WEST||SE AGRA CIRCLE||EE AGRA
2023_REDUP_829515_15,2023_REDUP_829515_12,591/EE/RED/TENDER/23-24 dt- 12-07-23,CONSTRUCTION OF cc road from urmila farm house to khusbu residency in in village semri,,,,,,,,,,,,,,,,Director Cum Chief Engineer RED||CHIEF ENGINEER WEST||SE AGRA CIRCLE||EE AGRA,,,,,,"2,109,831.617",,,Director Cum Chief Engineer RED||CHIEF ENGINEER WEST||SE AGRA CIRCLE||EE AGRA
2023_REDUP_829515_15,2023_REDUP_829515_15,591/EE/RED/TENDER/23-24 dt- 12-07-23,CONSTRUCTION OF cc road from urmila farm house to khusbu residency in in village semri,,,,,,,,,,,,,,,,Director Cum Chief Engineer RED||CHIEF ENGINEER WEST||SE AGRA CIRCLE||EE AGRA,,,,,,"2,109,831.617",,,Director Cum Chief Engineer RED||CHIEF ENGINEER WEST||SE AGRA CIRCLE||EE AGRA
2023_REDUP_829515_16,2023_REDUP_829515_16,591/EE/RED/TENDER/23-24 dt- 12-07-23,CONSTRUCTION OF cc road from aakash gupta house to omveer mukhiya house in mahadev nagar of rajpur chung,,,,,,,,,,,,,,,,Director Cum Chief Engineer RED||CHIEF ENGINEER WEST||SE AGRA CIRCLE||EE AGRA,,,,,,"1,762,205.238",,,Director Cum Chief Engineer RED||CHIEF ENGINEER WEST||SE AGRA CIRCLE||EE AGRA
2023_REDUP_829515_2,2023_REDUP_829515_2,591/EE/RED/TENDER/23-24 dt- 12-07-23,CONSTRUCTION OF cc road from ashok farm land to ayodhya prasad master house in dudipura,,,,,,,,,,,,,,,,Director Cum Chief Engineer RED||CHIEF ENGINEER WEST||SE AGRA CIRCLE||EE AGRA,,,,,,"1,409,853.552",,,Director Cum Chief Engineer RED||CHIEF ENGINEER WEST||SE AGRA CIRCLE||EE AGRA
2023_REDUP_829515_3,2023_REDUP_829515_3,591/EE/RED/TENDER/23-24 dt- 12-07-23,CONSTRUCTION OF cc road from omkar house to shivram singh plot in village kagarol,,,,,,,,,,,,,,,,Director Cum Chief Engineer RED||CHIEF ENGINEER WEST||SE AGRA CIRCLE||EE AGRA,,,,,,"484,015.711",,,Director Cum Chief Engineer RED||CHIEF ENGINEER WEST||SE AGRA CIRCLE||EE AGRA
2023_REDUP_834475_4,2023_REDUP_829515_9,NIT-1106A Dt. 19.08.2023 SE TVY,Construction work of CC Road from Shiv Dairy to Tiraha C Block Govindpuram in Akash Nagar.,,,,,,,,,,,,,,,,Director Cum Chief Engineer RED||CHIEF ENGINEER WEST||SE MEERUT CIRCLE||EE GHAZIABAD,,,,,,0,,,Director Cum Chief Engineer RED||CHIEF ENGINEER WEST||SE MEERUT CIRCLE||EE GHAZIABAD
2023_REDUP_834475_4,2023_REDUP_832233_1,NIT-1106A Dt. 19.08.2023 SE TVY,Construction work of CC Road from Shiv Dairy to Tiraha C Block Govindpuram in Akash Nagar.,,,,,,,,,,,,,,,,Director Cum Chief Engineer RED||CHIEF ENGINEER WEST||SE MEERUT CIRCLE||EE GHAZIABAD,,,,,,0,,,Director Cum Chief Engineer RED||CHIEF ENGINEER WEST||SE MEERUT CIRCLE||EE GHAZIABAD
2023_REDUP_823237_13,2023_REDUP_823237_13,360/RED/TENDER/23-24 dt- 14.06.2023,construction of cc road from ramesh kushwaha house to lokendra plot in pura khadar of village ayela,,,,,,,,,,,,,,,,Director Cum Chief Engineer RED||CHIEF ENGINEER WEST||SE AGRA CIRCLE||EE AGRA,,,,,,"1,665,615.875",,,Director Cum Chief Engineer RED||CHIEF ENGINEER WEST||SE AGRA CIRCLE||EE AGRA
2023_REDUP_823237_4,2023_REDUP_823237_14,360/RED/TENDER/23-24 dt- 14.06.2023,construction of cc road from munnalal house to indal singh house in qwari,,,,,,,,,,,,,,,,Director Cum Chief Engineer RED||CHIEF ENGINEER WEST||SE AGRA CIRCLE||EE AGRA,,,,,,"2,273,647.727",,,Director Cum Chief Engineer RED||CHIEF ENGINEER WEST||SE AGRA CIRCLE||EE AGRA
2023_REDUP_823237_4,2023_REDUP_823237_2,360/RED/TENDER/23-24 dt- 14.06.2023,construction of cc road from munnalal house to indal singh house in qwari,,,,,,,,,,,,,,,,Director Cum Chief Engineer RED||CHIEF ENGINEER WEST||SE AGRA CIRCLE||EE AGRA,,,,,,"2,273,647.727",,,Director Cum Chief Engineer RED||CHIEF ENGINEER WEST||SE AGRA CIRCLE||EE AGRA
2023_REDUP_823237_4,2023_REDUP_823237_3,360/RED/TENDER/23-24 dt- 14.06.2023,construction of cc road from munnalal house to indal singh house in qwari,,,,,,,,,,,,,,,,Director Cum Chief Engineer RED||CHIEF ENGINEER WEST||SE AGRA CIRCLE||EE AGRA,,,,,,"2,273,647.727",,,Director Cum Chief Engineer RED||CHIEF ENGINEER WEST||SE AGRA CIRCLE||EE AGRA
2023_REDUP_823237_4,2023_REDUP_823237_4,360/RED/TENDER/23-24 dt- 14.06.2023,construction of cc road from munnalal house to indal singh house in qwari,,,,,,,,,,,,,,,,Director Cum Chief Engineer RED||CHIEF ENGINEER WEST||SE AGRA CIRCLE||EE AGRA,,,,,,"2,273,647.727",,,Director Cum Chief Engineer RED||CHIEF ENGINEER WEST||SE AGRA CIRCLE||EE AGRA
2023_REDUP_823237_5,2023_REDUP_823237_5,360/RED/TENDER/23-24 dt- 14.06.2023,construction of cc road from ambedkar park to rajendra singh house in village bhaupura,,,,,,,,,,,,,,,,Director Cum Chief Engineer RED||CHIEF ENGINEER WEST||SE AGRA CIRCLE||EE AGRA,,,,,,"1,454,331.014",,,Director Cum Chief Engineer RED||CHIEF ENGINEER WEST||SE AGRA CIRCLE||EE AGRA
2023_REDUP_823237_6,2023_REDUP_823237_6,360/RED/TENDER/23-24 dt- 14.06.2023,construction of cc road from simrai road to udal baghel house in village gosili,,,,,,,,,,,,,,,,Director Cum Chief Engineer RED||CHIEF ENGINEER WEST||SE AGRA CIRCLE||EE AGRA,,,,,,"1,793,667.474",,,Director Cum Chief Engineer RED||CHIEF ENGINEER WEST||SE AGRA CIRCLE||EE AGRA
2023_REDUP_823237_7,2023_REDUP_823237_7,360/RED/TENDER/23-24 dt- 14.06.2023,construction of cc road from ramlal house to kalyaan ki thar in village emanpura,,,,,,,,,,,,,,,,Director Cum Chief Engineer RED||CHIEF ENGINEER WEST||SE AGRA CIRCLE||EE AGRA,,,,,,"1,181,621.5",,,Director Cum Chief Engineer RED||CHIEF ENGINEER WEST||SE AGRA CIRCLE||EE AGRA
2023_REDUP_823237_8,2023_REDUP_823237_8,360/RED/TENDER/23-24 dt- 14.06.2023,construction of cc road from shyam sundar house to anil house in jagner,,,,,,,,,,,,,,,,Director Cum Chief Engineer RED||CHIEF ENGINEER WEST||SE AGRA CIRCLE||EE AGRA,,,,,,"1,854,067.077",,,Director Cum Chief Engineer RED||CHIEF ENGINEER WEST||SE AGRA CIRCLE||EE AGRA
2023_REDUP_823237_9,2023_REDUP_823237_9,360/RED/TENDER/23-24 dt- 14.06.2023,construction of cc road from sovaran house towards manroop adda in nagla bhumma,,,,,,,,,,,,,,,,Director Cum Chief Engineer RED||CHIEF ENGINEER WEST||SE AGRA CIRCLE||EE AGRA,,,,,,"1,361,283.278",,,Director Cum Chief Engineer RED||CHIEF ENGINEER WEST||SE AGRA CIRCLE||EE AGRA
2023_REDUP_813513_11,2023_REDUP_813513_11,88/EE RED BHADOHI/23-24 Dt 22-05-2023,"Under District Bhadohi, Construction work of interlocking from Record Gautam house to Om Prakash Gautam house in Gram Sabha Keshavpur Sarpathan. Lot No 11",,,,,,,,,,,,,,,,Director Cum Chief Engineer RED||CHIEF ENGINEER EAST||SE MIRZAPUR CIRCLE||EE BHADOHI,,,,,,"440,627",,,Director Cum Chief Engineer RED||CHIEF ENGINEER EAST||SE MIRZAPUR CIRCLE||EE BHADOHI
2023_REDUP_813513_9,2023_REDUP_813513_8,88/EE RED BHADOHI/23-24 Dt 22-05-2023,"Under District Bhadohi, Construction of interlocking from Tubal drain to Jhangur house in Gram Sabha Raipur Lot No 9",,,,,,,,,,,,,,,,Director Cum Chief Engineer RED||CHIEF ENGINEER EAST||SE MIRZAPUR CIRCLE||EE BHADOHI,,,,,,"440,627",,,Director Cum Chief Engineer RED||CHIEF ENGINEER EAST||SE MIRZAPUR CIRCLE||EE BHADOHI
2023_REDUP_813513_9,2023_REDUP_813513_9,88/EE RED BHADOHI/23-24 Dt 22-05-2023,"Under District Bhadohi, Construction of interlocking from Tubal drain to Jhangur house in Gram Sabha Raipur Lot No 9",,,,,,,,,,,,,,,,Director Cum Chief Engineer RED||CHIEF ENGINEER EAST||SE MIRZAPUR CIRCLE||EE BHADOHI,,,,,,"440,627",,,Director Cum Chief Engineer RED||CHIEF ENGINEER EAST||SE MIRZAPUR CIRCLE||EE BHADOHI
2023_REDUP_823237_10,2023_REDUP_823237_10,360/RED/TENDER/23-24 dt- 14.06.2023,construction of cc road from firangi towards taraith in village turrakpura,,,,,,,,,,,,,,,,Director Cum Chief Engineer RED||CHIEF ENGINEER WEST||SE AGRA CIRCLE||EE AGRA,,,,,,"1,985,731.444",,,Director Cum Chief Engineer RED||CHIEF ENGINEER WEST||SE AGRA CIRCLE||EE AGRA
2023_REDUP_823237_11,2023_REDUP_823237_11,360/RED/TENDER/23-24 dt- 14.06.2023,construction of cc road from bachchu singh house towards mohar singh house in bhesakuri,,,,,,,,,,,,,,,,Director Cum Chief Engineer RED||CHIEF ENGINEER WEST||SE AGRA CIRCLE||EE AGRA,,,,,,"1,966,680.328",,,Director Cum Chief Engineer RED||CHIEF ENGINEER WEST||SE AGRA CIRCLE||EE AGRA
2023_REDUP_823237_12,2023_REDUP_823237_12,360/RED/TENDER/23-24 dt- 14.06.2023,construction of cc road from rajveer house to harkesh house in village murkiya,,,,,,,,,,,,,,,,Director Cum Chief Engineer RED||CHIEF ENGINEER WEST||SE AGRA CIRCLE||EE AGRA,,,,,,"2,277,752.664",,,Director Cum Chief Engineer RED||CHIEF ENGINEER WEST||SE AGRA CIRCLE||EE AGRA
2023_REDUP_823237_1,2023_REDUP_823237_1,360/RED/TENDER/23-24 dt- 14.06.2023,construction of cc road from cc road to shiva tomar house in village palokhara,,,,,,,,,,,,,,,,Director Cum Chief Engineer RED||CHIEF ENGINEER WEST||SE AGRA CIRCLE||EE AGRA,,,,,,"1,997,159.349",,,Director Cum Chief Engineer RED||CHIEF ENGINEER WEST||SE AGRA CIRCLE||EE AGRA
2023_REDUP_813144_1,2023_REDUP_813144_1,278/RED/Tender/2023-24,Laying of Interlocking Road from Damar Road to Diwakar Verma House Via Rakesh Verma House and Const. of Nala and Culvert to the pond outside the village-Majhigawan at Gram Panchayat-Banni Kharaila,,,,,,,,,,,,,,,,Director Cum Chief Engineer RED||CHIEF ENGINEER EAST||SE LUCKNOW CIRCLE||EE SITAPUR,,,,,,"1,930,547",,,Director Cum Chief Engineer RED||CHIEF ENGINEER EAST||SE LUCKNOW CIRCLE||EE SITAPUR
2023_REDUP_813144_3,2023_REDUP_813144_2,278/RED/Tender/2023-24,Laying of Interlocking Road from Shivpuri Link Road to Sarkari Handpump Via Mahatma Budha Park at Gram Panchayat-Karausa,,,,,,,,,,,,,,,,Director Cum Chief Engineer RED||CHIEF ENGINEER EAST||SE LUCKNOW CIRCLE||EE SITAPUR,,,,,,"1,033,427",,,Director Cum Chief Engineer RED||CHIEF ENGINEER EAST||SE LUCKNOW CIRCLE||EE SITAPUR
2023_REDUP_813144_3,2023_REDUP_813144_3,278/RED/Tender/2023-24,Laying of Interlocking Road from Shivpuri Link Road to Sarkari Handpump Via Mahatma Budha Park at Gram Panchayat-Karausa,,,,,,,,,,,,,,,,Director Cum Chief Engineer RED||CHIEF ENGINEER EAST||SE LUCKNOW CIRCLE||EE SITAPUR,,,,,,"1,033,427",,,Director Cum Chief Engineer RED||CHIEF ENGINEER EAST||SE LUCKNOW CIRCLE||EE SITAPUR
2023_REDUP_813513_11,2023_REDUP_813144_5,88/EE RED BHADOHI/23-24 Dt 22-05-2023,"Under District Bhadohi, Construction work of interlocking from Record Gautam house to Om Prakash Gautam house in Gram Sabha Keshavpur Sarpathan. Lot No 11",,,,,,,,,,,,,,,,Director Cum Chief Engineer RED||CHIEF ENGINEER EAST||SE MIRZAPUR CIRCLE||EE BHADOHI,,,,,,"440,627",,,Director Cum Chief Engineer RED||CHIEF ENGINEER EAST||SE MIRZAPUR CIRCLE||EE BHADOHI
2023_REDUP_813513_11,2023_REDUP_813513_10,88/EE RED BHADOHI/23-24 Dt 22-05-2023,"Under District Bhadohi, Construction work of interlocking from Record Gautam house to Om Prakash Gautam house in Gram Sabha Keshavpur Sarpathan. Lot No 11",,,,,,,,,,,,,,,,Director Cum Chief Engineer RED||CHIEF ENGINEER EAST||SE MIRZAPUR CIRCLE||EE BHADOHI,,,,,,"440,627",,,Director Cum Chief Engineer RED||CHIEF ENGINEER EAST||SE MIRZAPUR CIRCLE||EE BHADOHI
2023_REDUP_800750_1,2023_REDUP_800750_1,1936/SE/RED/22-23/Dt-31-3-23,Construction work for Miscellaneous of Govt. ITI at Kharkhoda (Meerut),,,,,,,,,,,,,,,,Director Cum Chief Engineer RED||CHIEF ENGINEER WEST||SE MEERUT CIRCLE,,,,,,"11,152,109",,,Director Cum Chief Engineer RED||CHIEF ENGINEER WEST||SE MEERUT CIRCLE
2023_PWDBL_861059_27,2023_PWDBL_861059_27,2441/E-Tender/2023-24 dt. 18.10.2023,"Vidhayak Nivas-1 sthit aawas no 65B  me awas ke shatigrast plaster ko todkar punah karne ka karya, awas ke kitchen ke shatigrast tiles Ko badalne ka karya, awas ke kitchen me cupboard banane ka karya, awas ki khidkiyon ke shatigrast machhar jali ko b",,,,,,,,,,,,,,,,Chief Engineer (Building)||S E 39 Circle PWD Lucknow||Maintenance Division 2 (Civil) PWD Lucknow,,,,,,"272,161.06",,,Chief Engineer (Building)||S E 39 Circle PWD Lucknow||Maintenance Division 2 (Civil) PWD Lucknow
2023_PWDBL_861059_4,2023_PWDBL_861059_4,2441/E-Tender/2023-24 dt. 18.10.2023,"Rajbhawan colony stith awas no-37  type-5 me dining hall me wash basin lagane ka karya, dining hall ke shatigrast farsh ko todkar puneh tiles lagane ka karya, awas avem servant quarter ke shatigrast plaster ki marammat va anya karya.",,,,,,,,,,,,,,,,Chief Engineer (Building)||S E 39 Circle PWD Lucknow||Maintenance Division 2 (Civil) PWD Lucknow,,,,,,"118,698",,,Chief Engineer (Building)||S E 39 Circle PWD Lucknow||Maintenance Division 2 (Civil) PWD Lucknow
2023_REDUP_780513_5,2023_REDUP_780513_5,1635/red/tender/2022-23,construction of cc road from charan singh house to satyabhan house,,,,,,,,,,,,,,,,Director Cum Chief Engineer RED||CHIEF ENGINEER WEST||SE AGRA CIRCLE||EE AGRA,,,,,,"1,073,418.888",,,Director Cum Chief Engineer RED||CHIEF ENGINEER WEST||SE AGRA CIRCLE||EE AGRA
2023_REDUP_780513_8,2023_REDUP_780513_8,1635/red/tender/2022-23,construction of cc road from motiram plot to dauji diwakar house in block jagner,,,,,,,,,,,,,,,,Director Cum Chief Engineer RED||CHIEF ENGINEER WEST||SE AGRA CIRCLE||EE AGRA,,,,,,"1,259,766.258",,,Director Cum Chief Engineer RED||CHIEF ENGINEER WEST||SE AGRA CIRCLE||EE AGRA
2023_REDUP_797431_6,2023_REDUP_797431_6,1615/RED/Tender Notice/2022-23 Dt 28-03-2023,Gram Idi Madhopur me Prathamik Vidyalay Idi Madhopur ke Purnnirman Kary,,,,,,,,,,,,,,,,Director Cum Chief Engineer RED||CHIEF ENGINEER EAST||SE MIRZAPUR CIRCLE||EE MIRZAPUR,,,,,,"1,397,604",,,Director Cum Chief Engineer RED||CHIEF ENGINEER EAST||SE MIRZAPUR CIRCLE||EE MIRZAPUR
2023_PVVNL_848481_1,2023_PVVNL_848481_1,14/W/2023-24/EUDC-2/GZB,ELECTRICAL WORKS,,,,,,,,,,,,,,,,Paschimanchal Vidyut Vitran Nigam Ltd.,,,,,,,,,Paschimanchal Vidyut Vitran Nigam Ltd.
2023_PWDBL_814223_27,2023_PWDBL_814223_27,1515/E-Tender/2023-24 dt. 15.06.2023,"Kalidas Marg stith awas no 7 me suraksha karmiyo hetu asthai kaksh banana, suraksha ki drishti se 06 KD ki boundary wall per PVC sheet lagana, shatigrast floor tiles badalna, awas ke kuch darwaze/ window me polish karna, porch wa gym room me shatigra",,,,,,,,,,,,,,,,Chief Engineer (Building)||S E 39 Circle PWD Lucknow||Maintenance Division 2 (Civil) PWD Lucknow,,,,,,"558,514",,,Chief Engineer (Building)||S E 39 Circle PWD Lucknow||Maintenance Division 2 (Civil) PWD Lucknow
2023_PWDBL_814223_28,2023_PWDBL_814223_28,1515/E-Tender/2023-24 dt. 15.06.2023,Vikramaditya Marg stith naya upmantri awas no 5 me chhat se aa rahi seelan ko dur karne ke liye chhat per damp proof karna avem anya awashyak marammati karya.,,,,,,,,,,,,,,,,Chief Engineer (Building)||S E 39 Circle PWD Lucknow||Maintenance Division 2 (Civil) PWD Lucknow,,,,,,"193,722",,,Chief Engineer (Building)||S E 39 Circle PWD Lucknow||Maintenance Division 2 (Civil) PWD Lucknow
2023_PWDBL_860320_12,2023_PWDBL_860320_11,2430/E-Tender/2023-24 dt. 17.10.2023,17 Mall Avenue colony stith awas no. BG-3 ke parisar ki shatigrast boundary wall ka nirmaan karya shatigrast shade ko puneh banane ka karya va anya awashyak civil sambandhi karya.,,,,,,,,,,,,,,,,Chief Engineer (Building)||S E 39 Circle PWD Lucknow||Maintenance Division 2 (Civil) PWD Lucknow,,,,,,"136,736.77",,,Chief Engineer (Building)||S E 39 Circle PWD Lucknow||Maintenance Division 2 (Civil) PWD Lucknow
2023_PWDBL_860320_12,2023_PWDBL_860320_12,2430/E-Tender/2023-24 dt. 17.10.2023,17 Mall Avenue colony stith awas no. BG-3 ke parisar ki shatigrast boundary wall ka nirmaan karya shatigrast shade ko puneh banane ka karya va anya awashyak civil sambandhi karya.,,,,,,,,,,,,,,,,Chief Engineer (Building)||S E 39 Circle PWD Lucknow||Maintenance Division 2 (Civil) PWD Lucknow,,,,,,"136,736.77",,,Chief Engineer (Building)||S E 39 Circle PWD Lucknow||Maintenance Division 2 (Civil) PWD Lucknow
2023_PWDBL_860320_14,2023_PWDBL_860320_14,2430/E-Tender/2023-24 dt. 17.10.2023,Vidhayka Niwas-6 PArk road stith awas no. J-2 me shatigrast bathroomo va kitchen ka navinikaran shatigrast khidki darwaze badalna shatigrast almari me aluminium ke palle lagane ka karya aangan ki frash marammat va interlocking tiles ka karya avem any,,,,,,,,,,,,,,,,Chief Engineer (Building)||S E 39 Circle PWD Lucknow||Maintenance Division 2 (Civil) PWD Lucknow,,,,,,"245,661",,,Chief Engineer (Building)||S E 39 Circle PWD Lucknow||Maintenance Division 2 (Civil) PWD Lucknow
2023_PWDBL_860320_4,2023_PWDBL_860320_4,2430/E-Tender/2023-24 dt. 17.10.2023,"Vidhayak Niwas-6, park road sthit awas no.- J-1   me aangan ki farsh per interlocking tiles lagane ka karya.",,,,,,,,,,,,,,,,Chief Engineer (Building)||S E 39 Circle PWD Lucknow||Maintenance Division 2 (Civil) PWD Lucknow,,,,,,"98,072",,,Chief Engineer (Building)||S E 39 Circle PWD Lucknow||Maintenance Division 2 (Civil) PWD Lucknow
2023_PWDBL_861059_12,2023_PWDBL_861059_12,2441/E-Tender/2023-24 dt. 18.10.2023,Kalidas Marg sthit awas no. 09 me shatigrast boundary wall ko todkar puneh Banana va awas ke anya awashyak marammati karya.,,,,,,,,,,,,,,,,Chief Engineer (Building)||S E 39 Circle PWD Lucknow||Maintenance Division 2 (Civil) PWD Lucknow,,,,,,"46,369",,,Chief Engineer (Building)||S E 39 Circle PWD Lucknow||Maintenance Division 2 (Civil) PWD Lucknow
2023_PVVNL_845648_1,2023_PVVNL_845648_1,11/W/2023-24/EUDC-2/GZB,ELECTRICAL WORKS,,,,,,,,,,,,,,,,Paschimanchal Vidyut Vitran Nigam Ltd.,,,,,,,,,Paschimanchal Vidyut Vitran Nigam Ltd.
2023_PVVNL_845694_1,2023_PVVNL_845694_1,13/W/2023-24/EUDC-2/GZB,ELECTRICAL WORKS,,,,,,,,,,,,,,,,Paschimanchal Vidyut Vitran Nigam Ltd.,,,,,,,,,Paschimanchal Vidyut Vitran Nigam Ltd.
2023_GSSCA_861084_1,2023_GNIDA_855918_8,09/AGR./SNP-III/2023-24 dt 02-11-2023,CADWM WORKSIDDHARTHNAGAR1(LOT-176),,,,,,,,,,,,,,,,Greater Sharda Sahayak Command Area Development Authority,,,,,,"5,076,554",,,Greater Sharda Sahayak Command Area Development Authority
2023_GSSCA_861084_1,2023_GSSCA_861084_1,09/AGR./SNP-III/2023-24 dt 02-11-2023,CADWM WORKSIDDHARTHNAGAR1(LOT-176),,,,,,,,,,,,,,,,Greater Sharda Sahayak Command Area Development Authority,,,,,,"5,076,554",,,Greater Sharda Sahayak Command Area Development Authority
2023_DOLBU_875088_1,2023_DOLBU_873097_1,Ward 42,Ward number 42 Maharana Pratap Nagar Mein lagn Palace se Durga Kunj Singh Nivas hari bhavan se Hote hue Transformer Tak CC Sadak aur hot mix plant dwara Sadak Nirman aur RCC Nali ka Nirman Karya,,,,,,,,,,,,,,,,Directorate of Local Bodies UP||Gorakhpur Municipal Corporation,,,,,,"8,143,171.372",,,Directorate of Local Bodies UP||Gorakhpur Municipal Corporation
2023_DOLBU_875088_1,2023_DOLBU_875088_1,Ward 42,Ward number 42 Maharana Pratap Nagar Mein lagn Palace se Durga Kunj Singh Nivas hari bhavan se Hote hue Transformer Tak CC Sadak aur hot mix plant dwara Sadak Nirman aur RCC Nali ka Nirman Karya,,,,,,,,,,,,,,,,Directorate of Local Bodies UP||Gorakhpur Municipal Corporation,,,,,,"8,143,171.372",,,Directorate of Local Bodies UP||Gorakhpur Municipal Corporation
2023_DOLBU_875096_1,2023_DOLBU_875096_1,Ward 42 2nd,Ward number 42 Swatantrata senani Tiraha se GD Shukla Ka Makan Hote Hue Juber ke Makan Tak CC Sadak aur RCC Nali ka Nirman Karya,,,,,,,,,,,,,,,,Directorate of Local Bodies UP||Gorakhpur Municipal Corporation,,,,,,"9,922,962.259",,,Directorate of Local Bodies UP||Gorakhpur Municipal Corporation
2023_DOLBU_868984_1,2023_DOLBU_868984_1,Ward 40 2nd FFC,Ward number 40 lalman Yadav ke Makan se Jagdish Jaiswal ke Makan Tak tatha Gopal Ojha ke Makan se Prashant ke Makan Tak Sidhi Sadak aur Nali Nirman ka Karya,,,,,,,,,,,,,,,,Directorate of Local Bodies UP||Gorakhpur Municipal Corporation,,,,,,"866,634.925",,,Directorate of Local Bodies UP||Gorakhpur Municipal Corporation
2023_DOLBU_870461_1,2023_DOLBU_870461_1,NCAP ward 02,Ward number 2 Simra Mein medical road se sent Pal school tak HMP dwara Sadak Nirman AVN Nali ka Nirman Karya,,,,,,,,,,,,,,,,Directorate of Local Bodies UP||Gorakhpur Municipal Corporation,,,,,,"1,441,937.651",,,Directorate of Local Bodies UP||Gorakhpur Municipal Corporation
2023_DOLBU_870484_1,2023_DOLBU_870484_1,NCAP Ward 09,Ward number 9 gaytri Puram L1 Vikas Kumar shrivtastav ke Makan se Virendra Verma ke Makan Tak CC Sadak aur Nali ka Nirman Karya,,,,,,,,,,,,,,,,Directorate of Local Bodies UP||Gorakhpur Municipal Corporation,,,,,,"2,629,628.666",,,Directorate of Local Bodies UP||Gorakhpur Municipal Corporation
2023_DOLBU_870554_1,2023_DOLBU_870554_1,NCAP Ward 47,Ward number 47 Mahatma Jyotiba Phule Nagar dilejapur Mein Mahir dental clinic se Jatashankar Chauk Hote Hue Vijay marriage hall Tak CC Sadak aur side Patari per interlocking ka Karya,,,,,,,,,,,,,,,,Directorate of Local Bodies UP||Gorakhpur Municipal Corporation,,,,,,"2,212,604.734",,,Directorate of Local Bodies UP||Gorakhpur Municipal Corporation
2023_DOLBU_870583_1,2023_DOLBU_870572_1,NCAP Ward 55,Ward Number 55 Ilahi bag Chauk se tiwaripur Chauraha aur Surajkund Tiraha Hote Hue Puliya Tak hot mix plant ka Karya,,,,,,,,,,,,,,,,Directorate of Local Bodies UP||Gorakhpur Municipal Corporation,,,,,,"6,867,230.009",,,Directorate of Local Bodies UP||Gorakhpur Municipal Corporation
2023_DOLBU_870583_1,2023_DOLBU_870583_1,NCAP Ward 55,Ward Number 55 Ilahi bag Chauk se tiwaripur Chauraha aur Surajkund Tiraha Hote Hue Puliya Tak hot mix plant ka Karya,,,,,,,,,,,,,,,,Directorate of Local Bodies UP||Gorakhpur Municipal Corporation,,,,,,"6,867,230.009",,,Directorate of Local Bodies UP||Gorakhpur Municipal Corporation
2023_DOLBU_847264_1,2023_DOLBU_847264_1,FFC_71,Ward number 71 durgabadi road se Sunauli mukhya Marg Tak CC Sadak aur Nali marmmat ka Karya,,,,,,,,,,,,,,,,Directorate of Local Bodies UP||Gorakhpur Municipal Corporation,,,,,,"934,587.912",,,Directorate of Local Bodies UP||Gorakhpur Municipal Corporation
2023_DOLBU_853978_1,2023_DOLBU_853974_1,Pond_Jhungiya,Jhungiya Talab ka vikas kary,,,,,,,,,,,,,,,,Directorate of Local Bodies UP||Gorakhpur Municipal Corporation,,,,,,"13,555,271.218",,,Directorate of Local Bodies UP||Gorakhpur Municipal Corporation
2023_DOLBU_853978_1,2023_DOLBU_853978_1,Pond_Jhungiya,Jhungiya Talab ka vikas kary,,,,,,,,,,,,,,,,Directorate of Local Bodies UP||Gorakhpur Municipal Corporation,,,,,,"13,555,271.218",,,Directorate of Local Bodies UP||Gorakhpur Municipal Corporation
2023_DOLBU_853979_1,2023_DOLBU_853979_1,Pond_Sports college,ward 09 Sports college ke samne jhajhahwan talab ka vikas kary,,,,,,,,,,,,,,,,Directorate of Local Bodies UP||Gorakhpur Municipal Corporation,,,,,,"13,160,794.749",,,Directorate of Local Bodies UP||Gorakhpur Municipal Corporation
2023_DOLBU_862888_1,2023_DOLBU_862888_1,Pond Divyanagar,Ward number 1 Divya Nagar Talab ka Vikas Karya,,,,,,,,,,,,,,,,Directorate of Local Bodies UP||Gorakhpur Municipal Corporation,,,,,,"17,870,245.417",,,Directorate of Local Bodies UP||Gorakhpur Municipal Corporation
2023_DOLBU_833694_1,2023_DOLBU_820240_1,urinal_nng2,02 seated aadhunik modular urinal ki aapurti AVN sthapna ka Karya,,,,,,,,,,,,,,,,Directorate of Local Bodies UP||Gorakhpur Municipal Corporation,,,,,,"179,000",,,Directorate of Local Bodies UP||Gorakhpur Municipal Corporation
2023_DOLBU_833694_1,2023_DOLBU_833694_1,urinal_nng2,02 seated aadhunik modular urinal ki aapurti AVN sthapna ka Karya,,,,,,,,,,,,,,,,Directorate of Local Bodies UP||Gorakhpur Municipal Corporation,,,,,,"179,000",,,Directorate of Local Bodies UP||Gorakhpur Municipal Corporation
2023_DOLBU_845315_1,2023_DOLBU_845315_1,FFC_Ward_06,Ward number 06 jangal sikari me pitch sadak se rajesh kumar verma ke makan tak cc sadak ka nirman,,,,,,,,,,,,,,,,Directorate of Local Bodies UP||Gorakhpur Municipal Corporation,,,,,,"899,463.695",,,Directorate of Local Bodies UP||Gorakhpur Municipal Corporation
2023_DOLBU_846528_1,2023_DOLBU_846149_1,FFC_46,Ward number 46 Subhash Pal ki awaaz se mithaai Lal ki Aawas Hote Hue kushhar yadav tak RCC Nali AVN CC Sadak Ka Nirman Karya,,,,,,,,,,,,,,,,Directorate of Local Bodies UP||Gorakhpur Municipal Corporation,,,,,,"1,438,295",,,Directorate of Local Bodies UP||Gorakhpur Municipal Corporation
2023_DOLBU_846528_1,2023_DOLBU_846158_1,FFC_46,Ward number 46 Subhash Pal ki awaaz se mithaai Lal ki Aawas Hote Hue kushhar yadav tak RCC Nali AVN CC Sadak Ka Nirman Karya,,,,,,,,,,,,,,,,Directorate of Local Bodies UP||Gorakhpur Municipal Corporation,,,,,,"1,438,295",,,Directorate of Local Bodies UP||Gorakhpur Municipal Corporation
2023_DOLBU_846528_1,2023_DOLBU_846528_1,FFC_46,Ward number 46 Subhash Pal ki awaaz se mithaai Lal ki Aawas Hote Hue kushhar yadav tak RCC Nali AVN CC Sadak Ka Nirman Karya,,,,,,,,,,,,,,,,Directorate of Local Bodies UP||Gorakhpur Municipal Corporation,,,,,,"1,438,295",,,Directorate of Local Bodies UP||Gorakhpur Municipal Corporation
2023_DOLBU_846537_1,2023_DOLBU_846537_1,FFC_46,Ward number 46 mukhya Marg dharmpur Aditya Puri tirahe se doctor Kunal ki awaaz Hote Hue doctor Pradeep Kumar Tak RCC Nali AVN CC road ka Nirman Karya,,,,,,,,,,,,,,,,Directorate of Local Bodies UP||Gorakhpur Municipal Corporation,,,,,,"1,448,533",,,Directorate of Local Bodies UP||Gorakhpur Municipal Corporation
2023_CEUVZ_875722_8,2023_CEUVZ_875722_8,2962/2A DT 06-12-2023,SR OF PATIHATA LINK ROAD,,,,,,,,,,,,,,,,"Chief Engineer PWD Varanasi Zone||S.E. Mirzapur Circle,PWD, Mirzapur||CONSTRUCTION DIVISION 2 PWD MIRZAPUR",,,,,,"2,055,102",,,"Chief Engineer PWD Varanasi Zone||S.E. Mirzapur Circle,PWD, Mirzapur||CONSTRUCTION DIVISION 2 PWD MIRZAPUR"
2023_CEUVZ_875722_2,2023_CEUVZ_869410_1,2962/2A DT 06-12-2023,SR OF MANAI LINK ROAD,,,,,,,,,,,,,,,,"Chief Engineer PWD Varanasi Zone||S.E. Mirzapur Circle,PWD, Mirzapur||CONSTRUCTION DIVISION 2 PWD MIRZAPUR",,,,,,"1,098,480",,,"Chief Engineer PWD Varanasi Zone||S.E. Mirzapur Circle,PWD, Mirzapur||CONSTRUCTION DIVISION 2 PWD MIRZAPUR"
2023_CEUVZ_875722_2,2023_CEUVZ_875722_11,2962/2A DT 06-12-2023,SR OF MANAI LINK ROAD,,,,,,,,,,,,,,,,"Chief Engineer PWD Varanasi Zone||S.E. Mirzapur Circle,PWD, Mirzapur||CONSTRUCTION DIVISION 2 PWD MIRZAPUR",,,,,,"1,098,480",,,"Chief Engineer PWD Varanasi Zone||S.E. Mirzapur Circle,PWD, Mirzapur||CONSTRUCTION DIVISION 2 PWD MIRZAPUR"
2023_CEUVZ_875722_2,2023_CEUVZ_875722_12,2962/2A DT 06-12-2023,SR OF MANAI LINK ROAD,,,,,,,,,,,,,,,,"Chief Engineer PWD Varanasi Zone||S.E. Mirzapur Circle,PWD, Mirzapur||CONSTRUCTION DIVISION 2 PWD MIRZAPUR",,,,,,"1,098,480",,,"Chief Engineer PWD Varanasi Zone||S.E. Mirzapur Circle,PWD, Mirzapur||CONSTRUCTION DIVISION 2 PWD MIRZAPUR"
2023_CEUVZ_875722_2,2023_CEUVZ_875722_2,2962/2A DT 06-12-2023,SR OF MANAI LINK ROAD,,,,,,,,,,,,,,,,"Chief Engineer PWD Varanasi Zone||S.E. Mirzapur Circle,PWD, Mirzapur||CONSTRUCTION DIVISION 2 PWD MIRZAPUR",,,,,,"1,098,480",,,"Chief Engineer PWD Varanasi Zone||S.E. Mirzapur Circle,PWD, Mirzapur||CONSTRUCTION DIVISION 2 PWD MIRZAPUR"
2024_UPCTL_877839_1,2024_UPCTL_877839_1,56(03)-ECTC/MBD/2023-24,Civil Works for Construction of 01 No. 220 KV Bay at 220 KV S/s Rampur.,,,,,,,,,,,,,,,,UP Power Transmission Corp.Ltd (Works and Projects))||Chief Engineer (Civil-1)||Moradabad Circle,,,,,,"672,877",,,UP Power Transmission Corp.Ltd (Works and Projects))||Chief Engineer (Civil-1)||Moradabad Circle
2024_UPCTL_880470_1,2024_UPCTL_880470_1,57(01)-ECTC/MBD/2023-24,Civil works for Construction of 01 No. 33 KV Additional TBC Bay at 132 KV S/s Medical College Meerut.,,,,,,,,,,,,,,,,UP Power Transmission Corp.Ltd (Works and Projects))||Chief Engineer (Civil-1)||Moradabad Circle,,,,,,"319,882",,,UP Power Transmission Corp.Ltd (Works and Projects))||Chief Engineer (Civil-1)||Moradabad Circle
2024_UPCTL_881274_1,2024_UPCTL_881274_1,58(01)-ECTC/MBD/2023-24,"Civil Works for Construction of 01 No. 33 KV Bay (Deposit Scheme) for M/s Froster Foods Pvt. Ltd. at 132 KV S/s Thakurdwara, Distt. Moradabad.",,,,,,,,,,,,,,,,UP Power Transmission Corp.Ltd (Works and Projects))||Chief Engineer (Civil-1)||Moradabad Circle,,,,,,"425,699",,,UP Power Transmission Corp.Ltd (Works and Projects))||Chief Engineer (Civil-1)||Moradabad Circle
2024_UPCTL_890789_1,2024_UPCTL_882309_1,64(04)-ECTC/MBD/2023-24,"M and R Works at Various Voltes Transmission Substations under jurisdiction of Electricity Transmission Circle, Muzaffarnagar.",,,,,,,,,,,,,,,,UP Power Transmission Corp.Ltd (Works and Projects))||Chief Engineer (Civil-1)||Moradabad Circle,,,,,,"49,976,203",,,UP Power Transmission Corp.Ltd (Works and Projects))||Chief Engineer (Civil-1)||Moradabad Circle
2024_UPCTL_890789_1,2024_UPCTL_890789_1,64(04)-ECTC/MBD/2023-24,"M and R Works at Various Voltes Transmission Substations under jurisdiction of Electricity Transmission Circle, Muzaffarnagar.",,,,,,,,,,,,,,,,UP Power Transmission Corp.Ltd (Works and Projects))||Chief Engineer (Civil-1)||Moradabad Circle,,,,,,"49,976,203",,,UP Power Transmission Corp.Ltd (Works and Projects))||Chief Engineer (Civil-1)||Moradabad Circle
2024_UPCTL_909676_1,2024_UPCTL_909676_1,72(02)-ECTC/MBD/2023-24,"Civil works for Construction of 01 No. 132 KV Bay at 220 KV S/s Khatauli, Muzaffarnagar.",,,,,,,,,,,,,,,,UP Power Transmission Corp.Ltd (Works and Projects))||Chief Engineer (Civil-1)||Moradabad Circle,,,,,,"621,383",,,UP Power Transmission Corp.Ltd (Works and Projects))||Chief Engineer (Civil-1)||Moradabad Circle
2023_CEUVZ_862644_2,2023_CEUVZ_862644_2,1932/9A Dated 04-11-2023,SR Work of Rampur Kathawatiya road ke pul ke pas se Chauhan basti Gokul Chauhan ke ghar tak Road  in Distt Jaunpur,,,,,,,,,,,,,,,,"Chief Engineer PWD Varanasi Zone||S.E. Jaunpur - Ghazipur Circle PWD Jaunpur||Construction Division, PWD Jaunpur",,,,,,"1,285,193.52",,,"Chief Engineer PWD Varanasi Zone||S.E. Jaunpur - Ghazipur Circle PWD Jaunpur||Construction Division, PWD Jaunpur"
2023_CEUVZ_864396_1,2023_CEUVZ_863209_13,4907/SE Tender/jnp-gzp circle/23 date 07-11-2023,C/O Matehu gai ghariha salamatpur road ke km 3 se chapka link road,,,,,,,,,,,,,,,,Chief Engineer PWD Varanasi Zone||S.E. Jaunpur - Ghazipur Circle PWD Jaunpur,,,,,,"3,138,109.4",,,Chief Engineer PWD Varanasi Zone||S.E. Jaunpur - Ghazipur Circle PWD Jaunpur
2023_CEUVZ_864396_1,2023_CEUVZ_864396_1,4907/SE Tender/jnp-gzp circle/23 date 07-11-2023,C/O Matehu gai ghariha salamatpur road ke km 3 se chapka link road,,,,,,,,,,,,,,,,Chief Engineer PWD Varanasi Zone||S.E. Jaunpur - Ghazipur Circle PWD Jaunpur,,,,,,"3,138,109.4",,,Chief Engineer PWD Varanasi Zone||S.E. Jaunpur - Ghazipur Circle PWD Jaunpur
2023_CEUVZ_862040_17,2023_CEUVZ_862040_17,3659/10 LEKHA DT. 04.11.2023,SR of Govindpur Mahar se Govindpur Kirat sampark Link Road,,,,,,,,,,,,,,,,"Chief Engineer PWD Varanasi Zone||S.E. Jaunpur - Ghazipur Circle PWD Jaunpur||Provincial Division, PWD Ghazipur",,,,,,"1,184,797.33",,,"Chief Engineer PWD Varanasi Zone||S.E. Jaunpur - Ghazipur Circle PWD Jaunpur||Provincial Division, PWD Ghazipur"
2023_CEUVZ_862040_18,2023_CEUVZ_862040_18,3659/10 LEKHA DT. 04.11.2023,SR of NH29  se Sultanpur naher ki patri sampark Link Road,,,,,,,,,,,,,,,,"Chief Engineer PWD Varanasi Zone||S.E. Jaunpur - Ghazipur Circle PWD Jaunpur||Provincial Division, PWD Ghazipur",,,,,,"617,060.95",,,"Chief Engineer PWD Varanasi Zone||S.E. Jaunpur - Ghazipur Circle PWD Jaunpur||Provincial Division, PWD Ghazipur"
2023_CEUVZ_862040_31,2023_CEUVZ_862040_31,3659/10 LEKHA DT. 04.11.2023,SR of Karampur se Dihbaba via Karampur Harijan Basti sampark Link Road,,,,,,,,,,,,,,,,"Chief Engineer PWD Varanasi Zone||S.E. Jaunpur - Ghazipur Circle PWD Jaunpur||Provincial Division, PWD Ghazipur",,,,,,"796,572.45",,,"Chief Engineer PWD Varanasi Zone||S.E. Jaunpur - Ghazipur Circle PWD Jaunpur||Provincial Division, PWD Ghazipur"
2023_CEUVZ_862040_41,2023_CEUVZ_862040_41,3659/10 LEKHA DT. 04.11.2023,SR of Kajipur sampark Link Road,,,,,,,,,,,,,,,,"Chief Engineer PWD Varanasi Zone||S.E. Jaunpur - Ghazipur Circle PWD Jaunpur||Provincial Division, PWD Ghazipur",,,,,,"890,336",,,"Chief Engineer PWD Varanasi Zone||S.E. Jaunpur - Ghazipur Circle PWD Jaunpur||Provincial Division, PWD Ghazipur"
2023_CEUVZ_811683_5,2023_CEUVZ_807096_1,2235/SE Tender/jnp-gzp circle/23 date 15-05-2023,C/O Mahuari Pokhara and Prayamari Pathshala to harijan basti link road,,,,,,,,,,,,,,,,Chief Engineer PWD Varanasi Zone||S.E. Jaunpur - Ghazipur Circle PWD Jaunpur,,,,,,"2,817,743.92",,,Chief Engineer PWD Varanasi Zone||S.E. Jaunpur - Ghazipur Circle PWD Jaunpur
2023_CEUVZ_811683_5,2023_CEUVZ_811683_5,2235/SE Tender/jnp-gzp circle/23 date 15-05-2023,C/O Mahuari Pokhara and Prayamari Pathshala to harijan basti link road,,,,,,,,,,,,,,,,Chief Engineer PWD Varanasi Zone||S.E. Jaunpur - Ghazipur Circle PWD Jaunpur,,,,,,"2,817,743.92",,,Chief Engineer PWD Varanasi Zone||S.E. Jaunpur - Ghazipur Circle PWD Jaunpur
2023_CEUVZ_827988_2,2023_CEUVZ_827988_2,2866/8A date 24-07-2023,Sarkari awash B 19 ke Rangai putai ke sath Visesh marmmat ka karya,,,,,,,,,,,,,,,,"Chief Engineer PWD Varanasi Zone||S.E. Jaunpur - Ghazipur Circle PWD Jaunpur||Provincial Division, PWD Jaunpur",,,,,,,,,"Chief Engineer PWD Varanasi Zone||S.E. Jaunpur - Ghazipur Circle PWD Jaunpur||Provincial Division, PWD Jaunpur"
2023_CEUVZ_827988_8,2023_CEUVZ_827988_8,2866/8A date 24-07-2023,Sarkari awash B 13 ke Rangai putai ke sath Visesh marmmat ka karya,,,,,,,,,,,,,,,,"Chief Engineer PWD Varanasi Zone||S.E. Jaunpur - Ghazipur Circle PWD Jaunpur||Provincial Division, PWD Jaunpur",,,,,,,,,"Chief Engineer PWD Varanasi Zone||S.E. Jaunpur - Ghazipur Circle PWD Jaunpur||Provincial Division, PWD Jaunpur"
2023_CEUVZ_811683_5,2023_CEUVZ_806993_4,2235/SE Tender/jnp-gzp circle/23 date 15-05-2023,C/O Mahuari Pokhara and Prayamari Pathshala to harijan basti link road,,,,,,,,,,,,,,,,Chief Engineer PWD Varanasi Zone||S.E. Jaunpur - Ghazipur Circle PWD Jaunpur,,,,,,"2,817,743.92",,,Chief Engineer PWD Varanasi Zone||S.E. Jaunpur - Ghazipur Circle PWD Jaunpur
2023_CEUFZ_871646_4,2023_CEUFZ_871646_4,9167/1Com Ayo-Amb Circle Dt 11.12.2023,Construction of Akbarpur Gauhaniya Road to Gramsabha Bangaon Dihwa Kachana Link Road,,,,,,,,,,,,,,,,Chief Engineer PWD Faizabad Zone||Faizabad Ambedkar Nagar Circle PWD Faizabad||Provincial Division Ambedkar Nagar,,,,,,"2,765,517",,,Chief Engineer PWD Faizabad Zone||Faizabad Ambedkar Nagar Circle PWD Faizabad||Provincial Division Ambedkar Nagar
2023_CEUFZ_857289_11,2023_CEUFZ_857289_11,NIT 2910/3A-E Tendering/2023 Date 19-10-2023,Special Repair work of Dingri link road Block in Nindura District Barabanki,,,,,,,,,,,,,,,,"Chief Engineer PWD Faizabad Zone||Faizabad Ambedkar Nagar Circle PWD Faizabad||Construction Division-3, PWD, Barabanki",,,,,,"1,482,179",,,"Chief Engineer PWD Faizabad Zone||Faizabad Ambedkar Nagar Circle PWD Faizabad||Construction Division-3, PWD, Barabanki"
2023_CEUCZ_858319_7,2023_CEUCZ_858319_7,4589/A-1 Dt. 19-10-2023,Special Repair of Sahjani Shankarpur road to Kanhwapur link road in Vidhan Sabha Sadar Unnao,,,,,,,,,,,,,,,,"Chief Engineer PWD Central Zone,Lucknow||S.E. UPPWD Unnao||Provincial Division, Unnao",,,,,,"1,122,077",,,"Chief Engineer PWD Central Zone,Lucknow||S.E. UPPWD Unnao||Provincial Division, Unnao"
2023_CEUAZ_863298_1,2023_CEUAZ_863298_1,5241/NIVIDA(PD)BALLIA CIRCLE/23 DATE- 09.11.2023,Special repair work of Kundel Niyamat Ali Hahanala road from Turtipar to Atya Chandayal Balipur,,,,,,,,,,,,,,,,"Chief Engineer PWD Azamgarh Zone,Azamgarh||S.E. Balia Circle,PWD, Balia",,,,,,"7,522,452.63",,,"Chief Engineer PWD Azamgarh Zone,Azamgarh||S.E. Balia Circle,PWD, Balia"
2023_CEUAZ_863354_2,2023_CEUAZ_863354_2,5265/NIVIDA(PD)BALLIA CIRCLE/23 DATE 13.11.2023,Special repair work of Nagara Barauli to Veerchandraha Ambedkar Gram Road,,,,,,,,,,,,,,,,"Chief Engineer PWD Azamgarh Zone,Azamgarh||S.E. Balia Circle,PWD, Balia",,,,,,"3,461,844.81",,,"Chief Engineer PWD Azamgarh Zone,Azamgarh||S.E. Balia Circle,PWD, Balia"
2023_CEUCZ_793976_11,2023_CEUCZ_793976_11,845/M-11/E-TENDERING/2023 DT. 21.03.2023,BP ROAD PRIMARY HEALTH CENTER TO BUXAPUR BHATTA LINK ROAD,,,,,,,,,,,,,,,,"Chief Engineer PWD Central Zone,Lucknow||S.E. UPPWD Unnao||Provincial Division, Hardoi",,,,,,"819,379.46",,,"Chief Engineer PWD Central Zone,Lucknow||S.E. UPPWD Unnao||Provincial Division, Hardoi"
2023_CEUAZ_858510_51,2023_CEUAZ_858510_51,3053/4A dt. 21.10.2023,Gadwar Ratsar marg se Badanpur sampark marg,,,,,,,,,,,,,,,,"Chief Engineer PWD Azamgarh Zone,Azamgarh||S.E. Balia Circle,PWD, Balia||Construction Division, PWD, Balia",,,,,,"488,669.79",,,"Chief Engineer PWD Azamgarh Zone,Azamgarh||S.E. Balia Circle,PWD, Balia||Construction Division, PWD, Balia"
2023_CEUAZ_860541_3,2023_CEUAZ_860541_3,EE T.Notice No.2764 /8A Date 04.11.2023,Special repair work of Asut Mirzapur Mahul Belwai Road Km 55 to Ramjag Yadav house,,,,,,,,,,,,,,,,"Chief Engineer PWD Azamgarh Zone,Azamgarh||S.E. Azamgarh Circle,PWD,Azamgarh||Construction Division-2, PWD, Azamgarh",,,,,,"857,268",,,"Chief Engineer PWD Azamgarh Zone,Azamgarh||S.E. Azamgarh Circle,PWD,Azamgarh||Construction Division-2, PWD, Azamgarh"
2023_CEUAZ_860541_4,2023_CEUAZ_860541_4,EE T.Notice No.2764 /8A Date 04.11.2023,Special repair work of Jaldipur link road,,,,,,,,,,,,,,,,"Chief Engineer PWD Azamgarh Zone,Azamgarh||S.E. Azamgarh Circle,PWD,Azamgarh||Construction Division-2, PWD, Azamgarh",,,,,,"1,050,263",,,"Chief Engineer PWD Azamgarh Zone,Azamgarh||S.E. Azamgarh Circle,PWD,Azamgarh||Construction Division-2, PWD, Azamgarh"
2023_CEUAZ_860584_5,2023_CEUAZ_860584_5,EE T.Notice No.2765 /8A Date 04.11.2023,Special repair work of Pratappur to Bhimalpur link road from Powai Mittupur road,,,,,,,,,,,,,,,,"Chief Engineer PWD Azamgarh Zone,Azamgarh||S.E. Azamgarh Circle,PWD,Azamgarh||Construction Division-2, PWD, Azamgarh",,,,,,"892,214",,,"Chief Engineer PWD Azamgarh Zone,Azamgarh||S.E. Azamgarh Circle,PWD,Azamgarh||Construction Division-2, PWD, Azamgarh"
2023_CEUAZ_860584_9,2023_CEUAZ_860584_9,EE T.Notice No.2765 /8A Date 04.11.2023,Special repair work of Lumbini-Dugdhi road km 0-192 to Belwai link road from PMGSY road,,,,,,,,,,,,,,,,"Chief Engineer PWD Azamgarh Zone,Azamgarh||S.E. Azamgarh Circle,PWD,Azamgarh||Construction Division-2, PWD, Azamgarh",,,,,,"365,902",,,"Chief Engineer PWD Azamgarh Zone,Azamgarh||S.E. Azamgarh Circle,PWD,Azamgarh||Construction Division-2, PWD, Azamgarh"
2023_CEUAZ_809748_3,2023_CEUAZ_809748_3,2093/NIVIDA(CD)-BALLIA CIRCLE/2023 DATE 18.05.2023,Special repair work of NH-19 to Mahindawa link road,,,,,,,,,,,,,,,,"Chief Engineer PWD Azamgarh Zone,Azamgarh||S.E. Balia Circle,PWD, Balia",,,,,,"6,259,107.24",,,"Chief Engineer PWD Azamgarh Zone,Azamgarh||S.E. Balia Circle,PWD, Balia"
2023_CEUAZ_852040_38,2023_CEUAZ_852040_38,2225/14A,Special Repair of Asaur Tikar Link road,,,,,,,,,,,,,,,,"Chief Engineer PWD Azamgarh Zone,Azamgarh||S.E. Azamgarh Circle,PWD,Azamgarh||Construction Division, PWD, Azamgarh",,,,,,"1,135,621.26",,,"Chief Engineer PWD Azamgarh Zone,Azamgarh||S.E. Azamgarh Circle,PWD,Azamgarh||Construction Division, PWD, Azamgarh"
2023_CEUAZ_855791_16,2023_CEUAZ_855791_16,EE T.Notice No.2575 /8A Date 16.10.2023,Special repair work of Kadipur to Nassopur link road,,,,,,,,,,,,,,,,"Chief Engineer PWD Azamgarh Zone,Azamgarh||S.E. Azamgarh Circle,PWD,Azamgarh||Construction Division-2, PWD, Azamgarh",,,,,,"695,624",,,"Chief Engineer PWD Azamgarh Zone,Azamgarh||S.E. Azamgarh Circle,PWD,Azamgarh||Construction Division-2, PWD, Azamgarh"
2023_CEUAZ_857295_41,2023_CEUAZ_857295_41,2359/14A Date 19-10-2023,Special Repair of Dhanehari Link road to SC Basti Link road,,,,,,,,,,,,,,,,"Chief Engineer PWD Azamgarh Zone,Azamgarh||S.E. Azamgarh Circle,PWD,Azamgarh||Construction Division, PWD, Azamgarh",,,,,,"573,384.38",,,"Chief Engineer PWD Azamgarh Zone,Azamgarh||S.E. Azamgarh Circle,PWD,Azamgarh||Construction Division, PWD, Azamgarh"
2023_CEMRT_851068_73,2023_CEMRT_851068_73,3264/8A Dt 07.10.2023,73- Special Repair work on Jolly Road to Chorawala Road,,,,,,,,,,,,,,,,Cheif Engineer Meerut Zone PWD Meerut||SE SAHARANPUR CIRCLE PWD SAHARANPUR||EE PROVINCIAL DIVISION PWD MUZAFFARNAGAR,,,,,,"571,096.75",,,Cheif Engineer Meerut Zone PWD Meerut||SE SAHARANPUR CIRCLE PWD SAHARANPUR||EE PROVINCIAL DIVISION PWD MUZAFFARNAGAR
2023_CEMRT_851068_74,2023_CEMRT_851068_74,3264/8A Dt 07.10.2023,74-Special Repair work on Tewda to kamheda Road,,,,,,,,,,,,,,,,Cheif Engineer Meerut Zone PWD Meerut||SE SAHARANPUR CIRCLE PWD SAHARANPUR||EE PROVINCIAL DIVISION PWD MUZAFFARNAGAR,,,,,,"549,185.48",,,Cheif Engineer Meerut Zone PWD Meerut||SE SAHARANPUR CIRCLE PWD SAHARANPUR||EE PROVINCIAL DIVISION PWD MUZAFFARNAGAR
2023_CEMRT_873218_3,2023_CEMRT_871228_1,8101/25MS-S/2023 Date 29-11-2023,Special repair work at SNGT to Kail Shikarpur Rajwaha Ki Patri Road in Distt. Shamli in. F.Y. 2023-24,,,,,,,,,,,,,,,,Cheif Engineer Meerut Zone PWD Meerut||SE SAHARANPUR CIRCLE PWD SAHARANPUR,,,,,,"3,010,084.48",,,Cheif Engineer Meerut Zone PWD Meerut||SE SAHARANPUR CIRCLE PWD SAHARANPUR
2023_CEMRT_873218_3,2023_CEMRT_873218_3,8101/25MS-S/2023 Date 29-11-2023,Special repair work at SNGT to Kail Shikarpur Rajwaha Ki Patri Road in Distt. Shamli in. F.Y. 2023-24,,,,,,,,,,,,,,,,Cheif Engineer Meerut Zone PWD Meerut||SE SAHARANPUR CIRCLE PWD SAHARANPUR,,,,,,"3,010,084.48",,,Cheif Engineer Meerut Zone PWD Meerut||SE SAHARANPUR CIRCLE PWD SAHARANPUR
2023_CEMBD_856720_10,2023_CEMBD_856720_10,2851/E-Ten/23-24_Dt_18-10-23,Special repair work of Swar Milak Marg to Mehndi Nagar Marg.,,,,,,,,,,,,,,,,Chief Engineer Moradabad Zone PWD Moradabad UP||RAMPUR CIRCLE PWD RAMPUR||PROVINCIAL DIVISION PWD RAMPUR,,,,,,"1,048,531.49",,,Chief Engineer Moradabad Zone PWD Moradabad UP||RAMPUR CIRCLE PWD RAMPUR||PROVINCIAL DIVISION PWD RAMPUR
2023_CEMBD_859096_1,2023_CEMBD_859096_1,4768 E Tender dt 07-10-2023,MORADABAD BYPASS BHAG I KM 03 TO BARKHERA BASANTPUR LINK ROAD,,,,,,,,,,,,,,,,Chief Engineer Moradabad Zone PWD Moradabad UP||MORADABAD CIRCLE PWD MORADABAD||PROVINCIAL DIVISION PWD MORADABAD,,,,,,"4,691,923.67",,,Chief Engineer Moradabad Zone PWD Moradabad UP||MORADABAD CIRCLE PWD MORADABAD||PROVINCIAL DIVISION PWD MORADABAD
2023_CEMRT_843315_2,2023_CEMRT_843315_2,3023/4A-Camp date 25.09.2023,Patch repair work by filling potholes on SH/MDR/ODR roads of Loni assembly constituency.,,,,,,,,,,,,,,,,Cheif Engineer Meerut Zone PWD Meerut||SE BULAND SHAHAR PWD BULANDSHAHAR||EE CONSTRUCTION DIVISION-2  PWD GAZIABAD,,,,,,"766,537",,,Cheif Engineer Meerut Zone PWD Meerut||SE BULAND SHAHAR PWD BULANDSHAHAR||EE CONSTRUCTION DIVISION-2  PWD GAZIABAD
2023_CEMRT_851068_70,2023_CEMRT_851068_70,3264/8A Dt 07.10.2023,70-Special Repair work on Rudkali talabali to jolly behda sadat Road Ko Jordhna.,,,,,,,,,,,,,,,,Cheif Engineer Meerut Zone PWD Meerut||SE SAHARANPUR CIRCLE PWD SAHARANPUR||EE PROVINCIAL DIVISION PWD MUZAFFARNAGAR,,,,,,"555,481.8",,,Cheif Engineer Meerut Zone PWD Meerut||SE SAHARANPUR CIRCLE PWD SAHARANPUR||EE PROVINCIAL DIVISION PWD MUZAFFARNAGAR
2023_CEMBD_852840_1,2023_CEMBD_852840_1,4621/E-Nivida-MBD Circle/23-24 DT 03-10-2023,Year 2023-24 Construction of Kasturba Gandhi Residencial Girls School At Khirni Block Pawasa Distt Sambhal,,,,,,,,,,,,,,,,Chief Engineer Moradabad Zone PWD Moradabad UP||MORADABAD CIRCLE PWD MORADABAD||PROVINCIAL DIVISION PWD SAMBHAL,,,,,,"12,263,528.56",,,Chief Engineer Moradabad Zone PWD Moradabad UP||MORADABAD CIRCLE PWD MORADABAD||PROVINCIAL DIVISION PWD SAMBHAL
2023_CEEMP_825460_1,2023_CEEMP_806611_2,1440/3WE(MBD)-47/24 Dt. 24.07.2023,Electrification of  06 No. Residence of Type IIIrd for Chief office employees At Chief Engineer P.W.D. Campus Distt.- Moradabad.,,,,,,,,,,,,,,,,Chief Engineer Electrical  Mechanical PWD Lucknow||47th Circle Electrical Mechanical PWD Moradabad||Electrical Mechanical Division PWD Moradabad,,,,,,"863,219.332",,,Chief Engineer Electrical  Mechanical PWD Lucknow||47th Circle Electrical Mechanical PWD Moradabad||Electrical Mechanical Division PWD Moradabad
2023_CEEMP_825460_1,2023_CEEMP_806611_3,1440/3WE(MBD)-47/24 Dt. 24.07.2023,Electrification of  06 No. Residence of Type IIIrd for Chief office employees At Chief Engineer P.W.D. Campus Distt.- Moradabad.,,,,,,,,,,,,,,,,Chief Engineer Electrical  Mechanical PWD Lucknow||47th Circle Electrical Mechanical PWD Moradabad||Electrical Mechanical Division PWD Moradabad,,,,,,"863,219.332",,,Chief Engineer Electrical  Mechanical PWD Lucknow||47th Circle Electrical Mechanical PWD Moradabad||Electrical Mechanical Division PWD Moradabad
2023_CEEMP_825460_1,2023_CEEMP_825460_1,1440/3WE(MBD)-47/24 Dt. 24.07.2023,Electrification of  06 No. Residence of Type IIIrd for Chief office employees At Chief Engineer P.W.D. Campus Distt.- Moradabad.,,,,,,,,,,,,,,,,Chief Engineer Electrical  Mechanical PWD Lucknow||47th Circle Electrical Mechanical PWD Moradabad||Electrical Mechanical Division PWD Moradabad,,,,,,"863,219.332",,,Chief Engineer Electrical  Mechanical PWD Lucknow||47th Circle Electrical Mechanical PWD Moradabad||Electrical Mechanical Division PWD Moradabad
2023_CEEMP_870771_2,2023_CEEMP_870771_2,2462/3WE(BLY)-47/23,Electrification of 32 Person Hostel) and Vivechna Room in Thana Complex at Bhojipura in District Bareilly,,,,,,,,,,,,,,,,Chief Engineer Electrical  Mechanical PWD Lucknow||47th Circle Electrical Mechanical PWD Moradabad||Electrical Mechanical Division 1 PWD Bareilly,,,,,,"1,239,372.06",,,Chief Engineer Electrical  Mechanical PWD Lucknow||47th Circle Electrical Mechanical PWD Moradabad||Electrical Mechanical Division 1 PWD Bareilly
2023_CEEMP_870810_2,2023_CEEMP_870810_2,2462/3WE(BLY)-47/23,Electrification of 32 Person Hostel and Vivechna Room in Thana Complex at Kyoladia in District Bareilly,,,,,,,,,,,,,,,,Chief Engineer Electrical  Mechanical PWD Lucknow||47th Circle Electrical Mechanical PWD Moradabad||Electrical Mechanical Division 1 PWD Bareilly,,,,,,"1,378,563",,,Chief Engineer Electrical  Mechanical PWD Lucknow||47th Circle Electrical Mechanical PWD Moradabad||Electrical Mechanical Division 1 PWD Bareilly
2023_CEDPW_807273_3,2023_CEDPW_807273_3,1660/98Com-Gonda Circle/23-24 Dt. 20.05.23,Construction of Dhanepur Datauli Marg Ke KM 01 to Jainpurwa Gosaipurwa Via Banrwa Banjariya Link Road Under Nabard Yojana Year 2022-23,,,,,,,,,,,,,,,,Chief Engineer Devipatan (Gonda) Zone PWD Gonda||SE Gonda Circle PWD Gonda,,,,,,"9,170,826.07",,,Chief Engineer Devipatan (Gonda) Zone PWD Gonda||SE Gonda Circle PWD Gonda
2023_CEDPW_779536_1,2023_CEDPW_779536_1,507/98Com-Gonda Circle/22-23 Dt. 16.12.22,Construction of Jigariapurwa Link road at Khwajajote under Pandit Deen Dayal Yojna  in 2022-23,,,,,,,,,,,,,,,,Chief Engineer Devipatan (Gonda) Zone PWD Gonda||SE Gonda Circle PWD Gonda,,,,,,"3,603,005.68",,,Chief Engineer Devipatan (Gonda) Zone PWD Gonda||SE Gonda Circle PWD Gonda
2023_CEDPW_805999_1,2023_CEDPW_805999_1,1118/ 1A-Nivida dated 17.05.2023,Re Construction of Gonda Balrampur Road to Gilauli Naremahrepur Link Road,,,,,,,,,,,,,,,,Chief Engineer Devipatan (Gonda) Zone PWD Gonda||SE Gonda Circle PWD Gonda||EE Provincial Division PWD Gonda,,,,,,"2,389,107.84",,,Chief Engineer Devipatan (Gonda) Zone PWD Gonda||SE Gonda Circle PWD Gonda||EE Provincial Division PWD Gonda
2023_CEDPW_805999_2,2023_CEDPW_805999_2,1118/ 1A-Nivida dated 17.05.2023,Re Construction of Itiyathok Balrampur Road to Narura Bharrapur Link Road,,,,,,,,,,,,,,,,Chief Engineer Devipatan (Gonda) Zone PWD Gonda||SE Gonda Circle PWD Gonda||EE Provincial Division PWD Gonda,,,,,,"2,377,250.61",,,Chief Engineer Devipatan (Gonda) Zone PWD Gonda||SE Gonda Circle PWD Gonda||EE Provincial Division PWD Gonda
2023_CEAGR_855850_26,2023_BDAUP_830306_1,1600/6A Date 21-10-2023,Special Repair Work at Vasdevpur road to Tikait road,,,,,,,,,,,,,,,,Chief Engineer Agra Zone PWD Agra UP||MAINPURI CIRCLE PWD MAINPURI||CONSTRUCTION DIVISION-2 PWD FIROZABAD,,,,,,"272,910.15",,,Chief Engineer Agra Zone PWD Agra UP||MAINPURI CIRCLE PWD MAINPURI||CONSTRUCTION DIVISION-2 PWD FIROZABAD
2023_CEAGR_855850_26,2023_CEAGR_855850_26,1600/6A Date 21-10-2023,Special Repair Work at Vasdevpur road to Tikait road,,,,,,,,,,,,,,,,Chief Engineer Agra Zone PWD Agra UP||MAINPURI CIRCLE PWD MAINPURI||CONSTRUCTION DIVISION-2 PWD FIROZABAD,,,,,,"272,910.15",,,Chief Engineer Agra Zone PWD Agra UP||MAINPURI CIRCLE PWD MAINPURI||CONSTRUCTION DIVISION-2 PWD FIROZABAD
2023_CEAGR_861401_6,2023_CEAGR_859966_9,1681/6A Dated 08-11-2023,Special Repair Work at Tundla Avagarh Road to Ramgarh Road,,,,,,,,,,,,,,,,Chief Engineer Agra Zone PWD Agra UP||MAINPURI CIRCLE PWD MAINPURI||CONSTRUCTION DIVISION-2 PWD FIROZABAD,,,,,,"481,031.25",,,Chief Engineer Agra Zone PWD Agra UP||MAINPURI CIRCLE PWD MAINPURI||CONSTRUCTION DIVISION-2 PWD FIROZABAD
2023_CEAGR_861401_6,2023_CEAGR_861401_6,1681/6A Dated 08-11-2023,Special Repair Work at Tundla Avagarh Road to Ramgarh Road,,,,,,,,,,,,,,,,Chief Engineer Agra Zone PWD Agra UP||MAINPURI CIRCLE PWD MAINPURI||CONSTRUCTION DIVISION-2 PWD FIROZABAD,,,,,,"481,031.25",,,Chief Engineer Agra Zone PWD Agra UP||MAINPURI CIRCLE PWD MAINPURI||CONSTRUCTION DIVISION-2 PWD FIROZABAD
2022_UPIDC_736623_16,2022_UPIDC_736623_16,N-5/BCD-II/1914/dt- 26.09.2022,Reconstruction of V.R.B. at Km. 1.320 of Kailiya Mr,,,,,,,,,,,,,,,,"U P Irrigation Department (Civil)||Chief Engineer-Betwa, Jhansi||IV Circle Irrigation Works, Jhansi||BCD-II, orai",,,,,,"514,940.81",,,"U P Irrigation Department (Civil)||Chief Engineer-Betwa, Jhansi||IV Circle Irrigation Works, Jhansi||BCD-II, orai"
2022_UPIDC_736623_17,2022_UPIDC_736623_17,N-5/BCD-II/1914/dt- 26.09.2022,Reconstruction of V.R.B. at Km. 9.391 of Jaitpura Mr,,,,,,,,,,,,,,,,"U P Irrigation Department (Civil)||Chief Engineer-Betwa, Jhansi||IV Circle Irrigation Works, Jhansi||BCD-II, orai",,,,,,"516,199.82",,,"U P Irrigation Department (Civil)||Chief Engineer-Betwa, Jhansi||IV Circle Irrigation Works, Jhansi||BCD-II, orai"
2022_UPIDC_736623_39,2022_UPIDC_736623_39,N-5/BCD-II/1914/dt- 26.09.2022,Construction of V.R.B. at Km. 2.800 of Gatara Mr,,,,,,,,,,,,,,,,"U P Irrigation Department (Civil)||Chief Engineer-Betwa, Jhansi||IV Circle Irrigation Works, Jhansi||BCD-II, orai",,,,,,"465,423.68",,,"U P Irrigation Department (Civil)||Chief Engineer-Betwa, Jhansi||IV Circle Irrigation Works, Jhansi||BCD-II, orai"
2022_UPIDC_736623_41,2022_UPIDC_736623_41,N-5/BCD-II/1914/dt- 26.09.2022,Construction of V.R.B. at Km. 3.950 of Gatara Mr,,,,,,,,,,,,,,,,"U P Irrigation Department (Civil)||Chief Engineer-Betwa, Jhansi||IV Circle Irrigation Works, Jhansi||BCD-II, orai",,,,,,"456,225.43",,,"U P Irrigation Department (Civil)||Chief Engineer-Betwa, Jhansi||IV Circle Irrigation Works, Jhansi||BCD-II, orai"
2022_DOLBU_731849_1,2022_DOLBU_731849_1,TAY_23,Rapti Nagar Pratham Charan awasiy Yojana mein Himanshu gas Godam se MIG 8 Tak CC Sadak Ka Karya,,,,,,,,,,,,,,,,Directorate of Local Bodies UP||Gorakhpur Municipal Corporation,,,,,,"2,486,743.796",,,Directorate of Local Bodies UP||Gorakhpur Municipal Corporation
2022_DOLBU_732173_1,2022_DOLBU_732173_1,TAY_45,Shankar Nagar Colony Mein Alok Singh se Shyam Sundar Mani Tak aur vibhinn Galiyon Mein CC Sadak aur RCC Nali ka Nirman Karya,,,,,,,,,,,,,,,,Directorate of Local Bodies UP||Gorakhpur Municipal Corporation,,,,,,"4,564,592.908",,,Directorate of Local Bodies UP||Gorakhpur Municipal Corporation
2022_DOLBU_733664_1,2022_DOLBU_733070_1,TAY_139,Ward sankhya 12 Lajpat Nagar Mein Ram Mani Upadhyay se Ranjan Vishwas Hote Hue ashvni Pande Ramesh Jayaswal brijbhushan Gupta Vijay Chaudhari Subhash Nigam se Ashok Singh AVN Ram Jor Chaudhari ke ghar Tak CC sadak,,,,,,,,,,,,,,,,Directorate of Local Bodies UP||Gorakhpur Municipal Corporation,,,,,,"2,436,380.588",,,Directorate of Local Bodies UP||Gorakhpur Municipal Corporation
2022_DOLBU_733664_1,2022_DOLBU_733664_1,TAY_139,Ward sankhya 12 Lajpat Nagar Mein Ram Mani Upadhyay se Ranjan Vishwas Hote Hue ashvni Pande Ramesh Jayaswal brijbhushan Gupta Vijay Chaudhari Subhash Nigam se Ashok Singh AVN Ram Jor Chaudhari ke ghar Tak CC sadak,,,,,,,,,,,,,,,,Directorate of Local Bodies UP||Gorakhpur Municipal Corporation,,,,,,"2,436,380.588",,,Directorate of Local Bodies UP||Gorakhpur Municipal Corporation
2021_UPJNM_577448_1,2021_UPJNM_577448_1,"783/NIVIDA/35, DT. 18.03.2021",Ground Water Artificial Recharging by Rain Water Harvesting under water sustainability roof top for rain water harvesting in the residence situated at both court complex of judicial officers compound and Etah judgeship in Distt. Etah.,,,,,,,,,,,,,,,,"U P Jal Nigam (HQ), Lucknow||Chief Engineer (Agra)||SE, CC, Aligarh||EE, Construction Division, Etah",,,,,,"11,132,176.44",,,"U P Jal Nigam (HQ), Lucknow||Chief Engineer (Agra)||SE, CC, Aligarh||EE, Construction Division, Etah"
2021_DEO22_648460_1,2021_CEUFZ_658167_6,1421/CL/ETENDER/SAMEDA,COUNTRY LIQUOR SHOP SAMEDA AZAMGARH SHOP ID 9227,,,,,,,,,,,,,,,,Uttar Pradesh Excise Department||Joint Excise Commissioner Gorakhpur||Deputy Excise Commissioner Azamgarh||District Excise Officer Azamgarh,,,,,,"84,647",,,Uttar Pradesh Excise Department||Joint Excise Commissioner Gorakhpur||Deputy Excise Commissioner Azamgarh||District Excise Officer Azamgarh
2021_DEO22_648460_1,2021_CEUFZ_659882_4,1421/CL/ETENDER/SAMEDA,COUNTRY LIQUOR SHOP SAMEDA AZAMGARH SHOP ID 9227,,,,,,,,,,,,,,,,Uttar Pradesh Excise Department||Joint Excise Commissioner Gorakhpur||Deputy Excise Commissioner Azamgarh||District Excise Officer Azamgarh,,,,,,"84,647",,,Uttar Pradesh Excise Department||Joint Excise Commissioner Gorakhpur||Deputy Excise Commissioner Azamgarh||District Excise Officer Azamgarh
2021_DEO22_648460_1,2021_DEO22_648460_1,1421/CL/ETENDER/SAMEDA,COUNTRY LIQUOR SHOP SAMEDA AZAMGARH SHOP ID 9227,,,,,,,,,,,,,,,,Uttar Pradesh Excise Department||Joint Excise Commissioner Gorakhpur||Deputy Excise Commissioner Azamgarh||District Excise Officer Azamgarh,,,,,,"84,647",,,Uttar Pradesh Excise Department||Joint Excise Commissioner Gorakhpur||Deputy Excise Commissioner Azamgarh||District Excise Officer Azamgarh
2021_DEO22_648502_1,2021_DEO22_648502_1,1421/CL/ETENDER/MAIGANA,COUNTRY LIQUOR SHOP MAIGANA AZAMGARH SHOP ID 14009,,,,,,,,,,,,,,,,Uttar Pradesh Excise Department||Joint Excise Commissioner Gorakhpur||Deputy Excise Commissioner Azamgarh||District Excise Officer Azamgarh,,,,,,"68,629",,,Uttar Pradesh Excise Department||Joint Excise Commissioner Gorakhpur||Deputy Excise Commissioner Azamgarh||District Excise Officer Azamgarh
2020_UPJNM_506803_1,2020_UPJNM_506803_1,"2076/Nivida/45, Dt. 24.08.2020",Making House Connection and partial strengthening of Loya Badshahpur existing W/S Scheme in Etah tehsil of Distt. Etah,,,,,,,,,,,,,,,,"U P Jal Nigam (HQ), Lucknow||Chief Engineer (Agra)||SE, CC, Aligarh||EE, Construction Division, Etah",,,,,,"3,621,726.56",,,"U P Jal Nigam (HQ), Lucknow||Chief Engineer (Agra)||SE, CC, Aligarh||EE, Construction Division, Etah"
2021_CEUFZ_571495_10,2021_CEUFZ_571495_10,506/10 AE-tendering_20-21 Dated 27-02-2021,Construction of Lokhariya link road (length 0.400 Km),,,,,,,,,,,,,,,,"Chief Engineer PWD Faizabad Zone||Barabanki Circle, PWD, Barabanki||Provincial Division, PWD, Barabanki",,,,,,"1,732,021",,,"Chief Engineer PWD Faizabad Zone||Barabanki Circle, PWD, Barabanki||Provincial Division, PWD, Barabanki"
2020_CEUAZ_447652_2,2020_CEUAZ_447652_2,807/Tender(C.D)-Ballia Circle/19 Date 29.02.2020,Construction of  Garwar Harpur Road to Maniyar Link Road,,,,,,,,,,,,,,,,"Chief Engineer PWD Azamgarh Zone,Azamgarh||S.E. Balia Circle,PWD, Balia",,,,,,"4,266,018.03",,,"Chief Engineer PWD Azamgarh Zone,Azamgarh||S.E. Balia Circle,PWD, Balia"
2020_UPJNM_506797_1,2020_UPJNM_506797_1,"2076/Nivida/45, Dt. 24.08.2020",Making House Connection and partial strengthening of Takhawan existing W/S Scheme in Jalesar tehsil of Distt. Etah,,,,,,,,,,,,,,,,"U P Jal Nigam (HQ), Lucknow||Chief Engineer (Agra)||SE, CC, Aligarh||EE, Construction Division, Etah",,,,,,"10,895,966.05",,,"U P Jal Nigam (HQ), Lucknow||Chief Engineer (Agra)||SE, CC, Aligarh||EE, Construction Division, Etah"
2024_UPTCL_881489_2,2024_UPTCL_881489_2,139-ETC-I(A)/ 2023-2024,139-ETC-I(A)/ 2023-2024,,,,,,,,,,,,,,,,UP Power Transmission Corp.Ltd (Operation)||Chief Engineer (TE) East Allahabad||S.E. ETC- I  Allahabad,,,,,,"741,500",,,UP Power Transmission Corp.Ltd (Operation)||Chief Engineer (TE) East Allahabad||S.E. ETC- I  Allahabad
2024_UPTCL_908082_1,2024_UPTCL_908082_1,107/ETC-II(P)/ 2023-2024,107/ETC-II(P)/ 2023-2024,,,,,,,,,,,,,,,,UP Power Transmission Corp.Ltd (Operation)||Chief Engineer (TE) East Allahabad||S.E.  ETC-II  Allahabad,,,,,,"154,164",,,UP Power Transmission Corp.Ltd (Operation)||Chief Engineer (TE) East Allahabad||S.E.  ETC-II  Allahabad
2024_UPTCL_917889_1,2024_UPTCL_917889_1,159-ETC-I(A)/ 2023-2024,159-ETC-I(A)/ 2023-2024,,,,,,,,,,,,,,,,UP Power Transmission Corp.Ltd (Operation)||Chief Engineer (TE) East Allahabad||S.E. ETC- I  Allahabad,,,,,,"1,338,000",,,UP Power Transmission Corp.Ltd (Operation)||Chief Engineer (TE) East Allahabad||S.E. ETC- I  Allahabad
2024_RVUNL_919332_1,2024_RVUNL_919332_1,W-OBR////6000005013_00,"Miscellaneous Overhauling works ( Cleaning ,Painting and Overhauling of Control panels, Power supply  modules/CP Indicators/Power distribution panels works/Unit control Panels works and any foreseen work etc) of unit no 11 , 3X200MW,BTPS Obra",,,,,,,,,,,,,,,,UP Rajya Vidyut Utpadan Nigam Ltd||Obra Thermal Power Project- UPRVUNL- Sonebhadra,,,,,,"426,000",,,UP Rajya Vidyut Utpadan Nigam Ltd||Obra Thermal Power Project- UPRVUNL- Sonebhadra
2024_RVUNL_913758_1,2024_RVUNL_913758_1,N-ANP/B/OMC2/BMD1/6000004918,ESP and PC Pipe maintenance,,,,,,,,,,,,,,,,UP Rajya Vidyut Utpadan Nigam Ltd||Anpara Thermal Power Project- UPRVUNL- Sonebhadra,,,,,,"1,559,559",,,UP Rajya Vidyut Utpadan Nigam Ltd||Anpara Thermal Power Project- UPRVUNL- Sonebhadra
2024_RVUNL_916916_1,2024_RVUNL_916916_1,N-OBR////6000004816_00,Overhauling Servicing Testing and Commissioning of Control Gate valve Actuator Damper and Gravimetric Feeder of Unit No 11  3x200 MW BTPS OBRA,,,,,,,,,,,,,,,,UP Rajya Vidyut Utpadan Nigam Ltd||Obra Thermal Power Project- UPRVUNL- Sonebhadra,,,,,,"454,338",,,UP Rajya Vidyut Utpadan Nigam Ltd||Obra Thermal Power Project- UPRVUNL- Sonebhadra
2024_RVUNL_917963_1,2024_RVUNL_917963_1,W-OBR////6000004811_00,"Work of Overhauling, Calibration, Testing , commissioning of Pyrometry Instruments of Unit 11, 3 X200  MWBTPS,OBRA",,,,,,,,,,,,,,,,UP Rajya Vidyut Utpadan Nigam Ltd||Obra Thermal Power Project- UPRVUNL- Sonebhadra,,,,,,"283,599",,,UP Rajya Vidyut Utpadan Nigam Ltd||Obra Thermal Power Project- UPRVUNL- Sonebhadra
2024_RVUNL_918028_1,2024_RVUNL_918005_1,W-OBR////6000004814_00,"Work of Overhauling, Calibration, Testing , commissioning of  SIEMENS make PLC control system along  with Gate Valves, Electrical Drives , all Control and  Instrumentation system of ASH HANDLING SYSTEM of Unit 11",,,,,,,,,,,,,,,,UP Rajya Vidyut Utpadan Nigam Ltd||Obra Thermal Power Project- UPRVUNL- Sonebhadra,,,,,,"366,676",,,UP Rajya Vidyut Utpadan Nigam Ltd||Obra Thermal Power Project- UPRVUNL- Sonebhadra
2024_RVUNL_918028_1,2024_RVUNL_918028_1,W-OBR////6000004814_00,"Work of Overhauling, Calibration, Testing , commissioning of  SIEMENS make PLC control system along  with Gate Valves, Electrical Drives , all Control and  Instrumentation system of ASH HANDLING SYSTEM of Unit 11",,,,,,,,,,,,,,,,UP Rajya Vidyut Utpadan Nigam Ltd||Obra Thermal Power Project- UPRVUNL- Sonebhadra,,,,,,"366,676",,,UP Rajya Vidyut Utpadan Nigam Ltd||Obra Thermal Power Project- UPRVUNL- Sonebhadra
2024_RVUNL_918050_1,2024_RVUNL_918050_1,W-OBR////6000004813_00,"Work of Overhauling, testing, servicing , commissioning  MARP,TSP-III Panels, solenoid operated valve, FCNRV, TTS  ,Annunciation System of unit no. 11, 3x200 MW, BTPS, Obra",,,,,,,,,,,,,,,,UP Rajya Vidyut Utpadan Nigam Ltd||Obra Thermal Power Project- UPRVUNL- Sonebhadra,,,,,,"431,067",,,UP Rajya Vidyut Utpadan Nigam Ltd||Obra Thermal Power Project- UPRVUNL- Sonebhadra
2024_RVUNL_918071_1,2024_RVUNL_918071_1,W-OBR////6000004812_00,"Miscellaneous works/Repairing of C and I Equipments 0.4KV  Module, Power supply module, Cards etc)of unit 11, 3X200  MW,BTPS Obra",,,,,,,,,,,,,,,,UP Rajya Vidyut Utpadan Nigam Ltd||Obra Thermal Power Project- UPRVUNL- Sonebhadra,,,,,,"458,641",,,UP Rajya Vidyut Utpadan Nigam Ltd||Obra Thermal Power Project- UPRVUNL- Sonebhadra
2024_RVUNL_890557_1,2024_RVUNL_890557_1,21/O and MC-IV/EMD-II/ATPS/2023-24,Overhauling of 6.6 KV VCB Breakers and interrupter Testing (VIDAR) of Vacuum bottles of 6.6 KV VCB Breakers,,,,,,,,,,,,,,,,UP Rajya Vidyut Utpadan Nigam Ltd||Anpara Thermal Power Project- UPRVUNL- Sonebhadra,,,,,,"166,200",,,UP Rajya Vidyut Utpadan Nigam Ltd||Anpara Thermal Power Project- UPRVUNL- Sonebhadra
2024_RVUNL_892266_1,2024_RVUNL_892266_1,OBR/B/OMC2/TMD1/6000004573,Condenser tube cleaning with the help of bullet shot method,,,,,,,,,,,,,,,,UP Rajya Vidyut Utpadan Nigam Ltd||Obra Thermal Power Project- UPRVUNL- Sonebhadra,,,,,,"297,000",,,UP Rajya Vidyut Utpadan Nigam Ltd||Obra Thermal Power Project- UPRVUNL- Sonebhadra
2024_RVUNL_893021_1,2024_RVUNL_893021_1,20/O AND MC-IV/EMD-II/ATPS/2023-24,"Testing of Over current, Earth fault etc. Protection of Numerical Relay",,,,,,,,,,,,,,,,UP Rajya Vidyut Utpadan Nigam Ltd||Anpara Thermal Power Project- UPRVUNL- Sonebhadra,,,,,,"184,575",,,UP Rajya Vidyut Utpadan Nigam Ltd||Anpara Thermal Power Project- UPRVUNL- Sonebhadra
2024_RVUNL_900628_1,2024_RVUNL_896134_1,07/CHD-II/ATPS/2023-24,Spare maintenance (Repairing and Reconditioning) of Mechanical equipments installed in CHP 3X210 MW,,,,,,,,,,,,,,,,UP Rajya Vidyut Utpadan Nigam Ltd||Anpara Thermal Power Project- UPRVUNL- Sonebhadra,,,,,,"2,269,812",,,UP Rajya Vidyut Utpadan Nigam Ltd||Anpara Thermal Power Project- UPRVUNL- Sonebhadra
2024_RVUNL_900628_1,2024_RVUNL_896505_1,07/CHD-II/ATPS/2023-24,Spare maintenance (Repairing and Reconditioning) of Mechanical equipments installed in CHP 3X210 MW,,,,,,,,,,,,,,,,UP Rajya Vidyut Utpadan Nigam Ltd||Anpara Thermal Power Project- UPRVUNL- Sonebhadra,,,,,,"2,269,812",,,UP Rajya Vidyut Utpadan Nigam Ltd||Anpara Thermal Power Project- UPRVUNL- Sonebhadra
2024_RVUNL_900628_1,2024_RVUNL_900628_1,07/CHD-II/ATPS/2023-24,Spare maintenance (Repairing and Reconditioning) of Mechanical equipments installed in CHP 3X210 MW,,,,,,,,,,,,,,,,UP Rajya Vidyut Utpadan Nigam Ltd||Anpara Thermal Power Project- UPRVUNL- Sonebhadra,,,,,,"2,269,812",,,UP Rajya Vidyut Utpadan Nigam Ltd||Anpara Thermal Power Project- UPRVUNL- Sonebhadra
2024_REDUP_914949_1,2024_REDUP_914245_2,2832/EE RED SULTANPUR/23-24 Dt 23-2-24,"Under District Sultanpur, Construction Of Community Building In Village Katawan Under Block Dubeypur Lot No 1",,,,,,,,,,,,,,,,Director Cum Chief Engineer RED||CHIEF ENGINEER EAST||SE FAIZABAD CIRCLE||EE SULTANPUR,,,,,,"959,505.34",,,Director Cum Chief Engineer RED||CHIEF ENGINEER EAST||SE FAIZABAD CIRCLE||EE SULTANPUR
2024_REDUP_914949_1,2024_REDUP_914949_1,2832/EE RED SULTANPUR/23-24 Dt 23-2-24,"Under District Sultanpur, Construction Of Community Building In Village Katawan Under Block Dubeypur Lot No 1",,,,,,,,,,,,,,,,Director Cum Chief Engineer RED||CHIEF ENGINEER EAST||SE FAIZABAD CIRCLE||EE SULTANPUR,,,,,,"959,505.34",,,Director Cum Chief Engineer RED||CHIEF ENGINEER EAST||SE FAIZABAD CIRCLE||EE SULTANPUR
2024_REDUP_914949_3,2024_REDUP_914949_3,2832/EE RED SULTANPUR/23-24 Dt 23-2-24,"Under District Sultanpur, Construction Of Community Building In Gram Panchayat Palia Under Block Kurebhar Lot No 3",,,,,,,,,,,,,,,,Director Cum Chief Engineer RED||CHIEF ENGINEER EAST||SE FAIZABAD CIRCLE||EE SULTANPUR,,,,,,"960,273.72",,,Director Cum Chief Engineer RED||CHIEF ENGINEER EAST||SE FAIZABAD CIRCLE||EE SULTANPUR
2024_REDUP_913137_1,2024_REDUP_913137_1,1914/RED/cahier/2023-24 dt 12-02-2024,GRAM JHBHIRAN ME KARN SINGH MASTER K GHAR SE JAGPAL K GHAR KI OR CC ROAD OR NALI NIRMAN WORK.,,,,,,,,,,,,,,,,Director Cum Chief Engineer RED||CHIEF ENGINEER WEST||SE SAHARANPUR CIRCLE,,,,,,"1,641,269.36",,,Director Cum Chief Engineer RED||CHIEF ENGINEER WEST||SE SAHARANPUR CIRCLE
2024_REDUP_914949_1,2024_REDUP_914224_4,2832/EE RED SULTANPUR/23-24 Dt 23-2-24,"Under District Sultanpur, Construction Of Community Building In Village Katawan Under Block Dubeypur Lot No 1",,,,,,,,,,,,,,,,Director Cum Chief Engineer RED||CHIEF ENGINEER EAST||SE FAIZABAD CIRCLE||EE SULTANPUR,,,,,,"959,505.34",,,Director Cum Chief Engineer RED||CHIEF ENGINEER EAST||SE FAIZABAD CIRCLE||EE SULTANPUR
2024_REDUP_910697_5,2024_REDUP_910697_5,"2140/RED/E-TENDER/2023-24, DATE 15.02.24",DEORIA NAGAR PALIKA PARISHAD SAKETNAGAR PURVI ME ANURUDH KUMAR KE MAKAN SE VIDHYAWATI DEVI KE MAKAN TAK CC V NALI NIRMAN KARYA,,,,,,,,,,,,,,,,Director Cum Chief Engineer RED||CHIEF ENGINEER EAST||SE GORAKHPUR CIRCLE||EE DEORIA,,,,,,"1,490,515.89",,,Director Cum Chief Engineer RED||CHIEF ENGINEER EAST||SE GORAKHPUR CIRCLE||EE DEORIA
2024_REDUP_910697_6,2024_REDUP_910697_6,"2140/RED/E-TENDER/2023-24, DATE 15.02.24",DEORIA NAGAR PALIKA ME WARD NO. 19 UMANAGAR ME DR. RANDHIR SINGH KE GHAR KE PURV SE BHANU PRATAP CHAURASIYA KE GHAR TAK CC KARYA,,,,,,,,,,,,,,,,Director Cum Chief Engineer RED||CHIEF ENGINEER EAST||SE GORAKHPUR CIRCLE||EE DEORIA,,,,,,"1,519,061.77",,,Director Cum Chief Engineer RED||CHIEF ENGINEER EAST||SE GORAKHPUR CIRCLE||EE DEORIA
2024_REDUP_910697_7,2024_REDUP_910697_7,"2140/RED/E-TENDER/2023-24, DATE 15.02.24",VIKAS KHAND BAITALPUR ME GRAMSABHA UDHOPUR ME RAMKHYALI KE GHAR SE KANHAIYA GUPTA KE GHAR TAK CC KARYA,,,,,,,,,,,,,,,,Director Cum Chief Engineer RED||CHIEF ENGINEER EAST||SE GORAKHPUR CIRCLE||EE DEORIA,,,,,,"1,172,183.25",,,Director Cum Chief Engineer RED||CHIEF ENGINEER EAST||SE GORAKHPUR CIRCLE||EE DEORIA
2024_REDUP_910199_3,2024_REDUP_910199_3,"2120/RED/E-TENDER/2023-24, DATE 13.02.24",GRAMSABHA PIPARAHIYA ME GENA KE GHAR SE BALIRAM KE GHAR TAK CC ROAD KA NIRMAN KARYA,,,,,,,,,,,,,,,,Director Cum Chief Engineer RED||CHIEF ENGINEER EAST||SE GORAKHPUR CIRCLE||EE DEORIA,,,,,,"1,413,809.9",,,Director Cum Chief Engineer RED||CHIEF ENGINEER EAST||SE GORAKHPUR CIRCLE||EE DEORIA
2024_REDUP_910697_10,2024_REDUP_910697_10,"2140/RED/E-TENDER/2023-24, DATE 15.02.24",DEORIA NAGARPALIKA KE WARD NO. 24 UMANAGAR ME BHARAT YADAV KE DEARY SE SATSANG BHAWAN TAK CC KARYA,,,,,,,,,,,,,,,,Director Cum Chief Engineer RED||CHIEF ENGINEER EAST||SE GORAKHPUR CIRCLE||EE DEORIA,,,,,,"860,231.32",,,Director Cum Chief Engineer RED||CHIEF ENGINEER EAST||SE GORAKHPUR CIRCLE||EE DEORIA
2024_REDUP_910697_11,2024_REDUP_910697_11,"2140/RED/E-TENDER/2023-24, DATE 15.02.24",VIKAS KHAND DEORIA SADAR ME MAJHGAWA DURGA MANDIR SE SUDHIR BARNAWAL KE GHAR TAK CC KARYA,,,,,,,,,,,,,,,,Director Cum Chief Engineer RED||CHIEF ENGINEER EAST||SE GORAKHPUR CIRCLE||EE DEORIA,,,,,,"986,368.41",,,Director Cum Chief Engineer RED||CHIEF ENGINEER EAST||SE GORAKHPUR CIRCLE||EE DEORIA
2024_REDUP_910697_10,2024_REDUP_910697_1,"2140/RED/E-TENDER/2023-24, DATE 15.02.24",DEORIA NAGARPALIKA KE WARD NO. 24 UMANAGAR ME BHARAT YADAV KE DEARY SE SATSANG BHAWAN TAK CC KARYA,,,,,,,,,,,,,,,,Director Cum Chief Engineer RED||CHIEF ENGINEER EAST||SE GORAKHPUR CIRCLE||EE DEORIA,,,,,,"860,231.32",,,Director Cum Chief Engineer RED||CHIEF ENGINEER EAST||SE GORAKHPUR CIRCLE||EE DEORIA
2024_REDUP_910697_4,2024_REDUP_910697_2,"2140/RED/E-TENDER/2023-24, DATE 15.02.24",VIKAS KHAND GAURI BAZAR ME GRAMSABHA KATAURA ME DURGA MANDIR KE SAMANE PITCH ROAD SE SANTOSH RAI KE GHAR TAK CC KARYA,,,,,,,,,,,,,,,,Director Cum Chief Engineer RED||CHIEF ENGINEER EAST||SE GORAKHPUR CIRCLE||EE DEORIA,,,,,,"1,176,324.51",,,Director Cum Chief Engineer RED||CHIEF ENGINEER EAST||SE GORAKHPUR CIRCLE||EE DEORIA
2024_REDUP_910697_4,2024_REDUP_910697_4,"2140/RED/E-TENDER/2023-24, DATE 15.02.24",VIKAS KHAND GAURI BAZAR ME GRAMSABHA KATAURA ME DURGA MANDIR KE SAMANE PITCH ROAD SE SANTOSH RAI KE GHAR TAK CC KARYA,,,,,,,,,,,,,,,,Director Cum Chief Engineer RED||CHIEF ENGINEER EAST||SE GORAKHPUR CIRCLE||EE DEORIA,,,,,,"1,176,324.51",,,Director Cum Chief Engineer RED||CHIEF ENGINEER EAST||SE GORAKHPUR CIRCLE||EE DEORIA
2024_REDUP_910199_1,2024_REDUP_910199_1,"2120/RED/E-TENDER/2023-24, DATE 13.02.24",GRAMSABHA JANGAL BELWA HETIMPUR MAHUADIH MARG PAR MUNIB KE GHAR SE SHYAM NARAYAN SINGH KE GHOTHA HOTE HUE MUKURJI CHAUKIDAR KE GHAR TAK CC ROAD NIRMAN KARYA,,,,,,,,,,,,,,,,Director Cum Chief Engineer RED||CHIEF ENGINEER EAST||SE GORAKHPUR CIRCLE||EE DEORIA,,,,,,"1,819,070.71",,,Director Cum Chief Engineer RED||CHIEF ENGINEER EAST||SE GORAKHPUR CIRCLE||EE DEORIA
2024_REDUP_910199_2,2024_REDUP_910199_2,"2120/RED/E-TENDER/2023-24, DATE 13.02.24",GRAMSABHA KOTWA MISHRA ME KAILASH DHOBI KE DARWAJE SE PUNDEV PRASAD KE DARWAJE HOTE HUE NANDU KE DARWAJE TAK CC ROAD KA NIRMAN KARYA,,,,,,,,,,,,,,,,Director Cum Chief Engineer RED||CHIEF ENGINEER EAST||SE GORAKHPUR CIRCLE||EE DEORIA,,,,,,"888,260.11",,,Director Cum Chief Engineer RED||CHIEF ENGINEER EAST||SE GORAKHPUR CIRCLE||EE DEORIA
2024_REDUP_905440_12,2024_REDUP_905440_12,2990/RED/TENDER/BC/mrt/23-24 DT-02.02.2024,GRAM GAGOL WARD 20 VIDHAN SABHA MEERUT SOUTH MEERUT ME SHAHID SMAPRAK PAR SHAHIDO KI GARIMA BHADANE K LEYA CC KARYA AVAM SHAHID SANGRALY NIRMAAN KARYA,,,,,,,,,,,,,,,,Director Cum Chief Engineer RED||CHIEF ENGINEER WEST||SE MEERUT CIRCLE||EE MEERUT,,,,,,"1,997,747",,,Director Cum Chief Engineer RED||CHIEF ENGINEER WEST||SE MEERUT CIRCLE||EE MEERUT
2024_REDUP_904356_1,2024_REDUP_904356_1,1405/RED/Tender/ST/2023-24 Dt 05.02.2024,In district Azamgarh block Haraiya from Shri Jairam s house across Gram Sabha Israpar via Shri Sohan Paswan Phoolchandra Bechu s house to Shri Vinod Singh s Tubel Pitch Road,,,,,,,,,,,,,,,,Director Cum Chief Engineer RED||CHIEF ENGINEER EAST||SE AZAMGARH CIRCLE||EE AZAMGARH,,,,,,"2,118,426.5",,,Director Cum Chief Engineer RED||CHIEF ENGINEER EAST||SE AZAMGARH CIRCLE||EE AZAMGARH
2024_REDUP_904318_1,2024_REDUP_904318_1,34/gra.a.vi./Etender/Fileno 118/23-24,Nagar Panchayat Kunda Jethwara Kunda Rd se Vikram pur Tilauri tk CC Road and Nali Block Kunda,,,,,,,,,,,,,,,,Director Cum Chief Engineer RED||CHIEF ENGINEER EAST||SE ALLAHABAD CIRCLE||EE PRATAPGARH,,,,,,"1,979,536.936",,,Director Cum Chief Engineer RED||CHIEF ENGINEER EAST||SE ALLAHABAD CIRCLE||EE PRATAPGARH
2024_REDUP_902737_1,2024_REDUP_902737_1,3666/RED Tender KUSHINAGAR,Gramsabha rohari tola narkatiya mein vijay gupta ke ghar ke aage se ramkola singah mukhya maag tak CC Road ka nirmad karya.,,,,,,,,,,,,,,,,Director Cum Chief Engineer RED||CHIEF ENGINEER EAST||SE GORAKHPUR CIRCLE||EE KUSHINAGAR,,,,,,100,,,Director Cum Chief Engineer RED||CHIEF ENGINEER EAST||SE GORAKHPUR CIRCLE||EE KUSHINAGAR
2024_REDUP_902737_4,2024_REDUP_902737_4,3666/RED Tender KUSHINAGAR,Gramsabha banjari ghat me kishori yadav ji ke khet ke bagal me 6 miter puliya ka nirmad karya.,,,,,,,,,,,,,,,,Director Cum Chief Engineer RED||CHIEF ENGINEER EAST||SE GORAKHPUR CIRCLE||EE KUSHINAGAR,,,,,,100,,,Director Cum Chief Engineer RED||CHIEF ENGINEER EAST||SE GORAKHPUR CIRCLE||EE KUSHINAGAR
2024_REDUP_902924_1,2024_REDUP_902924_1,1405/RED/Tender/ST/2023-24 Dt 05.02.2024,CC Road construction work from Phulpur Shabana Azmi Pich Road to village Sudnipur Pappu Singh,,,,,,,,,,,,,,,,Director Cum Chief Engineer RED||CHIEF ENGINEER EAST||SE AZAMGARH CIRCLE||EE AZAMGARH,,,,,,"1,295,789.12",,,Director Cum Chief Engineer RED||CHIEF ENGINEER EAST||SE AZAMGARH CIRCLE||EE AZAMGARH
2024_REDUP_902932_1,2024_REDUP_902932_1,1405/RED/Tender/ST/2023-24 Dt 05.02.2024,CC road work from Pitch Road to Primary School in Basti Purva of village Badsara Khalsa,,,,,,,,,,,,,,,,Director Cum Chief Engineer RED||CHIEF ENGINEER EAST||SE AZAMGARH CIRCLE||EE AZAMGARH,,,,,,"2,508,745.83",,,Director Cum Chief Engineer RED||CHIEF ENGINEER EAST||SE AZAMGARH CIRCLE||EE AZAMGARH
2024_REDUP_902944_1,2024_REDUP_902944_1,1405/RED/Tender/ST/2023-24 Dt 05.02.2024,Plastering work from Durvasa Samsabad Pitch Road towards Santlal s house in Gram Panchayat Banhar May Chak Gajdi,,,,,,,,,,,,,,,,Director Cum Chief Engineer RED||CHIEF ENGINEER EAST||SE AZAMGARH CIRCLE||EE AZAMGARH,,,,,,"1,424,426.2",,,Director Cum Chief Engineer RED||CHIEF ENGINEER EAST||SE AZAMGARH CIRCLE||EE AZAMGARH
2024_REDUP_902954_1,2024_REDUP_902954_1,1405/RED/Tender/ST/2023-24 Dt 05.02.2024,Plastering work from Rajbhar Basti towards the population in Gram Panchayat Mahuwara,,,,,,,,,,,,,,,,Director Cum Chief Engineer RED||CHIEF ENGINEER EAST||SE AZAMGARH CIRCLE||EE AZAMGARH,,,,,,"1,522,940.4",,,Director Cum Chief Engineer RED||CHIEF ENGINEER EAST||SE AZAMGARH CIRCLE||EE AZAMGARH
2024_REDUP_902545_10,2024_REDUP_902455_6,1003/ee/tender/dt.05.02.2024,"CC Road and drain construction work from Saurabh Dixit to Atul Tiwari, Basant Dubey to Manish and Narendra Sharma to Rajendra Vashisht near JP School in Mohalla Nagla Bhau Nayi Aadi.",,,,,,,,,,,,,,,,Director Cum Chief Engineer RED||CHIEF ENGINEER WEST||SE AGRA CIRCLE||EE FIROZABAD,,,,,,"2,491,814.99",,,Director Cum Chief Engineer RED||CHIEF ENGINEER WEST||SE AGRA CIRCLE||EE FIROZABAD
2024_REDUP_902545_10,2024_REDUP_902545_10,1003/ee/tender/dt.05.02.2024,"CC Road and drain construction work from Saurabh Dixit to Atul Tiwari, Basant Dubey to Manish and Narendra Sharma to Rajendra Vashisht near JP School in Mohalla Nagla Bhau Nayi Aadi.",,,,,,,,,,,,,,,,Director Cum Chief Engineer RED||CHIEF ENGINEER WEST||SE AGRA CIRCLE||EE FIROZABAD,,,,,,"2,491,814.99",,,Director Cum Chief Engineer RED||CHIEF ENGINEER WEST||SE AGRA CIRCLE||EE FIROZABAD
2024_REDUP_902545_11,2024_REDUP_902545_11,1003/ee/tender/dt.05.02.2024,CC Road and drain construction work from Kedar Singh Baghel to Veerpal house in Mohalla New Ramgarh.,,,,,,,,,,,,,,,,Director Cum Chief Engineer RED||CHIEF ENGINEER WEST||SE AGRA CIRCLE||EE FIROZABAD,,,,,,"2,047,662.74",,,Director Cum Chief Engineer RED||CHIEF ENGINEER WEST||SE AGRA CIRCLE||EE FIROZABAD
2024_REDUP_902545_14,2024_REDUP_902545_12,1003/ee/tender/dt.05.02.2024,Construction of Dabur road from Station Road Bajrang Glass Emporium to Durga Glass Bapu Glass to opposite Shiv Charan Bharti street in Mohalla Joshiyan.,,,,,,,,,,,,,,,,Director Cum Chief Engineer RED||CHIEF ENGINEER WEST||SE AGRA CIRCLE||EE FIROZABAD,,,,,,"2,345,337.86",,,Director Cum Chief Engineer RED||CHIEF ENGINEER WEST||SE AGRA CIRCLE||EE FIROZABAD
2024_REDUP_902545_14,2024_REDUP_902545_13,1003/ee/tender/dt.05.02.2024,Construction of Dabur road from Station Road Bajrang Glass Emporium to Durga Glass Bapu Glass to opposite Shiv Charan Bharti street in Mohalla Joshiyan.,,,,,,,,,,,,,,,,Director Cum Chief Engineer RED||CHIEF ENGINEER WEST||SE AGRA CIRCLE||EE FIROZABAD,,,,,,"2,345,337.86",,,Director Cum Chief Engineer RED||CHIEF ENGINEER WEST||SE AGRA CIRCLE||EE FIROZABAD
2024_REDUP_902545_14,2024_REDUP_902545_14,1003/ee/tender/dt.05.02.2024,Construction of Dabur road from Station Road Bajrang Glass Emporium to Durga Glass Bapu Glass to opposite Shiv Charan Bharti street in Mohalla Joshiyan.,,,,,,,,,,,,,,,,Director Cum Chief Engineer RED||CHIEF ENGINEER WEST||SE AGRA CIRCLE||EE FIROZABAD,,,,,,"2,345,337.86",,,Director Cum Chief Engineer RED||CHIEF ENGINEER WEST||SE AGRA CIRCLE||EE FIROZABAD
2024_REDUP_902545_9,2024_REDUP_902545_9,1003/ee/tender/dt.05.02.2024,CC Road and drain construction work from Urmila Kirana Store to Geetam Singh Shankwar  house in Mohalla Ram Krishna Gali No. 03.,,,,,,,,,,,,,,,,Director Cum Chief Engineer RED||CHIEF ENGINEER WEST||SE AGRA CIRCLE||EE FIROZABAD,,,,,,"2,193,023",,,Director Cum Chief Engineer RED||CHIEF ENGINEER WEST||SE AGRA CIRCLE||EE FIROZABAD
2024_REDUP_902679_1,2024_REDUP_902679_1,NIT - 2621 dt 06.02.2024 Tender 55,Construction work of InterLocking Tiles and Drain from Zihaan Nursing Home to Abhishek house in Best City Phase-2 Village Chirodi.,,,,,,,,,,,,,,,,Director Cum Chief Engineer RED||CHIEF ENGINEER WEST||SE MEERUT CIRCLE||EE GHAZIABAD,,,,,,"1,675,637",,,Director Cum Chief Engineer RED||CHIEF ENGINEER WEST||SE MEERUT CIRCLE||EE GHAZIABAD
2024_REDUP_901685_7,2024_REDUP_901685_7,1658/RED/Tender Notice/2023-24 Dt 05-02-2024,Gram rampur dhabahi me shri ramashrey ke ghar se bandh tak interlocking kary,,,,,,,,,,,,,,,,Director Cum Chief Engineer RED||CHIEF ENGINEER EAST||SE MIRZAPUR CIRCLE||EE MIRZAPUR,,,,,,"1,356,406",,,Director Cum Chief Engineer RED||CHIEF ENGINEER EAST||SE MIRZAPUR CIRCLE||EE MIRZAPUR
2024_REDUP_901685_9,2024_REDUP_901685_9,1658/RED/Tender Notice/2023-24 Dt 05-02-2024,Gram bhokraudh me me shri banarsi singh ke ghar se virendra singh ke ghar hote hua shri rangbahadur singh ke ghar tak nali and interlocking kary,,,,,,,,,,,,,,,,Director Cum Chief Engineer RED||CHIEF ENGINEER EAST||SE MIRZAPUR CIRCLE||EE MIRZAPUR,,,,,,"1,471,029",,,Director Cum Chief Engineer RED||CHIEF ENGINEER EAST||SE MIRZAPUR CIRCLE||EE MIRZAPUR
2024_REDUP_902199_7,2024_REDUP_902199_7,1662/RED/Tender Notice/2023-24 Dt 05-02-2024,Gram Sabha gorahi  Lachi Rampur Mein Bhagwati Mata Mandir se DrVed Prakash Shukla ke ghar Hote Hue Yogesh Mishra ke ghar Tak interlocking ka Karya,,,,,,,,,,,,,,,,Director Cum Chief Engineer RED||CHIEF ENGINEER EAST||SE MIRZAPUR CIRCLE||EE MIRZAPUR,,,,,,"1,203,298",,,Director Cum Chief Engineer RED||CHIEF ENGINEER EAST||SE MIRZAPUR CIRCLE||EE MIRZAPUR
2024_REDUP_902545_10,2024_REDUP_902199_8,1003/ee/tender/dt.05.02.2024,"CC Road and drain construction work from Saurabh Dixit to Atul Tiwari, Basant Dubey to Manish and Narendra Sharma to Rajendra Vashisht near JP School in Mohalla Nagla Bhau Nayi Aadi.",,,,,,,,,,,,,,,,Director Cum Chief Engineer RED||CHIEF ENGINEER WEST||SE AGRA CIRCLE||EE FIROZABAD,,,,,,"2,491,814.99",,,Director Cum Chief Engineer RED||CHIEF ENGINEER WEST||SE AGRA CIRCLE||EE FIROZABAD
2024_REDUP_900630_9,2024_REDUP_900630_9,"2038/RED/E-TENDER/2023-24, DATE 02.02.24",VIKAS KHAND PATHARDEVA ME GRAMSABHA KANTHIPATTI ME PWD KI SADAK SE AWADHESH SINGH KE GHAR TAK CC ROAD,,,,,,,,,,,,,,,,Director Cum Chief Engineer RED||CHIEF ENGINEER EAST||SE GORAKHPUR CIRCLE||EE DEORIA,,,,,,"866,403.97",,,Director Cum Chief Engineer RED||CHIEF ENGINEER EAST||SE GORAKHPUR CIRCLE||EE DEORIA
2024_REDUP_901685_2,2024_REDUP_901685_13,1658/RED/Tender Notice/2023-24 Dt 05-02-2024,Gram sabha mahamalpur pipariya me jaiswal ke ghar se talab ke aage tak interlocking kary,,,,,,,,,,,,,,,,Director Cum Chief Engineer RED||CHIEF ENGINEER EAST||SE MIRZAPUR CIRCLE||EE MIRZAPUR,,,,,,"1,039,368",,,Director Cum Chief Engineer RED||CHIEF ENGINEER EAST||SE MIRZAPUR CIRCLE||EE MIRZAPUR
2024_REDUP_901685_1,2024_REDUP_901685_1,1658/RED/Tender Notice/2023-24 Dt 05-02-2024,Gram sabha karsad me ram sajivan ke ghar se kailash ke ghar tak interlocking kary,,,,,,,,,,,,,,,,Director Cum Chief Engineer RED||CHIEF ENGINEER EAST||SE MIRZAPUR CIRCLE||EE MIRZAPUR,,,,,,"1,196,314",,,Director Cum Chief Engineer RED||CHIEF ENGINEER EAST||SE MIRZAPUR CIRCLE||EE MIRZAPUR
2024_REDUP_901685_26,2024_REDUP_901685_22,1658/RED/Tender Notice/2023-24 Dt 05-02-2024,Gram Bhagautideyi mein Sichayi Nahar Se Panchayat Bhawan tak C C Road ka nirman kary,,,,,,,,,,,,,,,,Director Cum Chief Engineer RED||CHIEF ENGINEER EAST||SE MIRZAPUR CIRCLE||EE MIRZAPUR,,,,,,"2,213,903",,,Director Cum Chief Engineer RED||CHIEF ENGINEER EAST||SE MIRZAPUR CIRCLE||EE MIRZAPUR
2024_REDUP_901685_26,2024_REDUP_901685_26,1658/RED/Tender Notice/2023-24 Dt 05-02-2024,Gram Bhagautideyi mein Sichayi Nahar Se Panchayat Bhawan tak C C Road ka nirman kary,,,,,,,,,,,,,,,,Director Cum Chief Engineer RED||CHIEF ENGINEER EAST||SE MIRZAPUR CIRCLE||EE MIRZAPUR,,,,,,"2,213,903",,,Director Cum Chief Engineer RED||CHIEF ENGINEER EAST||SE MIRZAPUR CIRCLE||EE MIRZAPUR
2024_REDUP_901685_2,2024_REDUP_901685_2,1658/RED/Tender Notice/2023-24 Dt 05-02-2024,Gram sabha mahamalpur pipariya me jaiswal ke ghar se talab ke aage tak interlocking kary,,,,,,,,,,,,,,,,Director Cum Chief Engineer RED||CHIEF ENGINEER EAST||SE MIRZAPUR CIRCLE||EE MIRZAPUR,,,,,,"1,039,368",,,Director Cum Chief Engineer RED||CHIEF ENGINEER EAST||SE MIRZAPUR CIRCLE||EE MIRZAPUR
2024_UPPCL_905653_1,2024_UPPCL_905615_1,70/ ECCD-I /2023-24,M and R of Internal Painting and other Misc  Civil Works in Res  No  17by10 at Clyed Road Officers Hydel Colony Lucknow,,,,,,,,,,,,,,,,Uttar Pradesh Power Corporation Ltd.||SE Civil HQ Shakti Bhawan Extension||EE Civil HQ Attached to CE Civil 2||SE Civil HQ||EE ECCD Ist,,,,,,"93,297.35",,,Uttar Pradesh Power Corporation Ltd.||SE Civil HQ Shakti Bhawan Extension||EE Civil HQ Attached to CE Civil 2||SE Civil HQ||EE ECCD Ist
2024_UPPCL_905653_1,2024_UPPCL_905653_1,70/ ECCD-I /2023-24,M and R of Internal Painting and other Misc  Civil Works in Res  No  17by10 at Clyed Road Officers Hydel Colony Lucknow,,,,,,,,,,,,,,,,Uttar Pradesh Power Corporation Ltd.||SE Civil HQ Shakti Bhawan Extension||EE Civil HQ Attached to CE Civil 2||SE Civil HQ||EE ECCD Ist,,,,,,"93,297.35",,,Uttar Pradesh Power Corporation Ltd.||SE Civil HQ Shakti Bhawan Extension||EE Civil HQ Attached to CE Civil 2||SE Civil HQ||EE ECCD Ist
2024_UPPCL_910779_1,2024_UPPCL_910779_1,66/ ECCD-I /2023-24,M and R of Plaster repairing internal painting and other misc. civil works in res no 18 T M and R of bathroom renovation in res no 29 above res no 28 due to seepage in res. 28 at Chandralok officers hydel colony Lucknow,,,,,,,,,,,,,,,,Uttar Pradesh Power Corporation Ltd.||SE Civil HQ Shakti Bhawan Extension||EE Civil HQ Attached to CE Civil 2||SE Civil HQ||EE ECCD Ist,,,,,,"112,129.36",,,Uttar Pradesh Power Corporation Ltd.||SE Civil HQ Shakti Bhawan Extension||EE Civil HQ Attached to CE Civil 2||SE Civil HQ||EE ECCD Ist
2024_REDUP_900630_1,2024_REDUP_900630_1,"2038/RED/E-TENDER/2023-24, DATE 02.02.24",GRAMSABHA BASANTPUR ME NAKAIL MUNSHI KE KUNWA SE MAIN ROAD TAK CC ROAD,,,,,,,,,,,,,,,,Director Cum Chief Engineer RED||CHIEF ENGINEER EAST||SE GORAKHPUR CIRCLE||EE DEORIA,,,,,,"1,168,335.98",,,Director Cum Chief Engineer RED||CHIEF ENGINEER EAST||SE GORAKHPUR CIRCLE||EE DEORIA
2024_REDUP_898186_17,2024_REDUP_898186_17,4097/EE RED AYODHYA/23-24 Dt 31/01/24,"Under District Ayodhya, Development block- Interling work from Belgara Lala Belgara Lala Purva Padki Road to Khadanja, Lot No 17",,,,,,,,,,,,,,,,Director Cum Chief Engineer RED||CHIEF ENGINEER EAST||SE FAIZABAD CIRCLE||EE FAIZABAD,,,,,,"1,146,376",,,Director Cum Chief Engineer RED||CHIEF ENGINEER EAST||SE FAIZABAD CIRCLE||EE FAIZABAD
2024_REDUP_898186_3,2024_REDUP_898186_2,4097/EE RED AYODHYA/23-24 Dt 31/01/24,"Under District Ayodhya, Gram Panchayat Hainsha Ke Sonaisa me Nankau Nishad Ke Ghar Se Ram Nath Nishad Ke Ghar tak Interlocking Work , Lot No 3",,,,,,,,,,,,,,,,Director Cum Chief Engineer RED||CHIEF ENGINEER EAST||SE FAIZABAD CIRCLE||EE FAIZABAD,,,,,,"1,100,722",,,Director Cum Chief Engineer RED||CHIEF ENGINEER EAST||SE FAIZABAD CIRCLE||EE FAIZABAD
2024_REDUP_898186_3,2024_REDUP_898186_3,4097/EE RED AYODHYA/23-24 Dt 31/01/24,"Under District Ayodhya, Gram Panchayat Hainsha Ke Sonaisa me Nankau Nishad Ke Ghar Se Ram Nath Nishad Ke Ghar tak Interlocking Work , Lot No 3",,,,,,,,,,,,,,,,Director Cum Chief Engineer RED||CHIEF ENGINEER EAST||SE FAIZABAD CIRCLE||EE FAIZABAD,,,,,,"1,100,722",,,Director Cum Chief Engineer RED||CHIEF ENGINEER EAST||SE FAIZABAD CIRCLE||EE FAIZABAD
2024_REDUP_898186_14,2024_REDUP_898186_14,4097/EE RED AYODHYA/23-24 Dt 31/01/24,"Under District Ayodhya, Interlocking road work from Para house to Kallu house in Maharajipur Gram Sabha of Development Block Maya., Lot No 14",,,,,,,,,,,,,,,,Director Cum Chief Engineer RED||CHIEF ENGINEER EAST||SE FAIZABAD CIRCLE||EE FAIZABAD,,,,,,"1,095,773",,,Director Cum Chief Engineer RED||CHIEF ENGINEER EAST||SE FAIZABAD CIRCLE||EE FAIZABAD
2024_REDUP_896804_7,2024_REDUP_896804_7,4167/EE RED AYODHYA/23-24 Dt 05/02/24,"Under District Ayodhya, Construction of Interlocking Road at Kotsarai Committee (B Packs) in Hajipur Singhpur, Khand Masodha ,Lot No 1",,,,,,,,,,,,,,,,Director Cum Chief Engineer RED||CHIEF ENGINEER EAST||SE FAIZABAD CIRCLE||EE FAIZABAD,,,,,,"1,119,798",,,Director Cum Chief Engineer RED||CHIEF ENGINEER EAST||SE FAIZABAD CIRCLE||EE FAIZABAD
2024_REDUP_896595_1,2024_REDUP_896589_1,1368/RED/Tender/ST/2023-24 Dt 30.01.2024,CC Road from main road to Shashikant Singh s house in Gram Panchayat Mohabbatpur,,,,,,,,,,,,,,,,Director Cum Chief Engineer RED||CHIEF ENGINEER EAST||SE AZAMGARH CIRCLE||EE AZAMGARH,,,,,,"1,277,619.3",,,Director Cum Chief Engineer RED||CHIEF ENGINEER EAST||SE AZAMGARH CIRCLE||EE AZAMGARH
2024_REDUP_896595_1,2024_REDUP_896595_1,1368/RED/Tender/ST/2023-24 Dt 30.01.2024,CC Road from main road to Shashikant Singh s house in Gram Panchayat Mohabbatpur,,,,,,,,,,,,,,,,Director Cum Chief Engineer RED||CHIEF ENGINEER EAST||SE AZAMGARH CIRCLE||EE AZAMGARH,,,,,,"1,277,619.3",,,Director Cum Chief Engineer RED||CHIEF ENGINEER EAST||SE AZAMGARH CIRCLE||EE AZAMGARH
2024_REDUP_896699_2,2024_REDUP_896699_2,1182/RED/Chandauli/23-24 Date-05-02-2024,Vikash khand Chakia ke Gram Panchayat Dadara me Dadara gaon k Paschim nahar se gaon tak sampark marg.,,,,,,,,,,,,,,,,Director Cum Chief Engineer RED||CHIEF ENGINEER EAST||SE VARANASI CIRCLE||EE CHANDAULI,,,,,,"3,779,681",,,Director Cum Chief Engineer RED||CHIEF ENGINEER EAST||SE VARANASI CIRCLE||EE CHANDAULI
2024_REDUP_896804_1,2024_REDUP_896804_1,4167/EE RED AYODHYA/23-24 Dt 05/02/24,"Under District Ayodhya,  Construction of Interlocking Roadfrom Karamraj Prajapati house to Sheetla Singh house in Ramnagar Dhaurahra, Gram Panchayat of Khand Sohawal. ,Lot No 8",,,,,,,,,,,,,,,,Director Cum Chief Engineer RED||CHIEF ENGINEER EAST||SE FAIZABAD CIRCLE||EE FAIZABAD,,,,,,"1,006,448",,,Director Cum Chief Engineer RED||CHIEF ENGINEER EAST||SE FAIZABAD CIRCLE||EE FAIZABAD
2024_REDUP_896475_1,2024_REDUP_896475_1,1359/RED/Tender/ST/2023-24 Dt 27.01.2024,Interlocking from the gate of E Shan Public School to the second campus located on Azamgarh Varanasi road in Rohua Mustafabad of Azamgarh district,,,,,,,,,,,,,,,,Director Cum Chief Engineer RED||CHIEF ENGINEER EAST||SE AZAMGARH CIRCLE||EE AZAMGARH,,,,,,"1,083,691.95",,,Director Cum Chief Engineer RED||CHIEF ENGINEER EAST||SE AZAMGARH CIRCLE||EE AZAMGARH
2024_REDUP_893598_8,2024_REDUP_893598_8,1411/EE/RED/2023-24 dt 08.01.2024,Construction of CC road from Vishnu house to Virendra kumar house in Arnota Pinhat,,,,,,,,,,,,,,,,Director Cum Chief Engineer RED||CHIEF ENGINEER WEST||SE AGRA CIRCLE||EE AGRA,,,,,,"2,215,228.84",,,Director Cum Chief Engineer RED||CHIEF ENGINEER WEST||SE AGRA CIRCLE||EE AGRA
2024_REDUP_893598_9,2024_REDUP_893598_9,1411/EE/RED/2023-24 dt 08.01.2024,CC road construction from Bhavesh rathore field to Hira Singh house in Jaitpur,,,,,,,,,,,,,,,,Director Cum Chief Engineer RED||CHIEF ENGINEER WEST||SE AGRA CIRCLE||EE AGRA,,,,,,"2,457,343.37",,,Director Cum Chief Engineer RED||CHIEF ENGINEER WEST||SE AGRA CIRCLE||EE AGRA
2024_REDUP_893867_3,2024_REDUP_893867_2,2798/EE/RED/DATE-31-01-2024,3-Construction of CC road from main road to Jammu Ram s house in village Bhogpur.,,,,,,,,,,,,,,,,Director Cum Chief Engineer RED||CHIEF ENGINEER WEST||SE MORADABAD CIRCLE||EE BIJNOR,,,,,,"1,675,369.93",,,Director Cum Chief Engineer RED||CHIEF ENGINEER WEST||SE MORADABAD CIRCLE||EE BIJNOR
2024_REDUP_893867_3,2024_REDUP_893867_3,2798/EE/RED/DATE-31-01-2024,3-Construction of CC road from main road to Jammu Ram s house in village Bhogpur.,,,,,,,,,,,,,,,,Director Cum Chief Engineer RED||CHIEF ENGINEER WEST||SE MORADABAD CIRCLE||EE BIJNOR,,,,,,"1,675,369.93",,,Director Cum Chief Engineer RED||CHIEF ENGINEER WEST||SE MORADABAD CIRCLE||EE BIJNOR
2024_REDUP_893867_4,2024_REDUP_893867_4,2798/EE/RED/DATE-31-01-2024,4-Construction of CC road from Near Premchand s house to Baba Bhumad Shah Ji temple in village Bhogpur.,,,,,,,,,,,,,,,,Director Cum Chief Engineer RED||CHIEF ENGINEER WEST||SE MORADABAD CIRCLE||EE BIJNOR,,,,,,"1,517,157.94",,,Director Cum Chief Engineer RED||CHIEF ENGINEER WEST||SE MORADABAD CIRCLE||EE BIJNOR
2024_REDUP_893867_8,2024_REDUP_893867_5,2798/EE/RED/DATE-31-01-2024,8-Gram kishorpur Raman wala mein Mohammed shaakir ke Ghar se guljar ke plot Tak Nala Nirman karya,,,,,,,,,,,,,,,,Director Cum Chief Engineer RED||CHIEF ENGINEER WEST||SE MORADABAD CIRCLE||EE BIJNOR,,,,,,"962,829.98",,,Director Cum Chief Engineer RED||CHIEF ENGINEER WEST||SE MORADABAD CIRCLE||EE BIJNOR
2024_REDUP_893867_8,2024_REDUP_893867_8,2798/EE/RED/DATE-31-01-2024,8-Gram kishorpur Raman wala mein Mohammed shaakir ke Ghar se guljar ke plot Tak Nala Nirman karya,,,,,,,,,,,,,,,,Director Cum Chief Engineer RED||CHIEF ENGINEER WEST||SE MORADABAD CIRCLE||EE BIJNOR,,,,,,"962,829.98",,,Director Cum Chief Engineer RED||CHIEF ENGINEER WEST||SE MORADABAD CIRCLE||EE BIJNOR
2024_REDUP_893867_9,2024_REDUP_893867_9,2798/EE/RED/DATE-31-01-2024,9-Najibabad ke mohalla mugalsara sthit kabristan mein boundi Bal ka Nirman karya.,,,,,,,,,,,,,,,,Director Cum Chief Engineer RED||CHIEF ENGINEER WEST||SE MORADABAD CIRCLE||EE BIJNOR,,,,,,"1,026,175.64",,,Director Cum Chief Engineer RED||CHIEF ENGINEER WEST||SE MORADABAD CIRCLE||EE BIJNOR
2024_REDUP_893974_1,2024_REDUP_893974_1,2115/RED/TEN/2023-24/03/02/24,Construction work of inter locking road from village Rauni Saloni towards Kamalpur link road.,,,,,,,,,,,,,,,,Director Cum Chief Engineer RED||CHIEF ENGINEER WEST||SE MEERUT CIRCLE||EE BULANDSHAHAR,,,,,,"1,217,345",,,Director Cum Chief Engineer RED||CHIEF ENGINEER WEST||SE MEERUT CIRCLE||EE BULANDSHAHAR
2024_REDUP_893598_10,2024_REDUP_893598_10,1411/EE/RED/2023-24 dt 08.01.2024,Construction CC road from main road to Bhavesh rathore field in jaitpur,,,,,,,,,,,,,,,,Director Cum Chief Engineer RED||CHIEF ENGINEER WEST||SE AGRA CIRCLE||EE AGRA,,,,,,"2,459,963.31",,,Director Cum Chief Engineer RED||CHIEF ENGINEER WEST||SE AGRA CIRCLE||EE AGRA
2024_REDUP_893598_11,2024_REDUP_893598_11,1411/EE/RED/2023-24 dt 08.01.2024,Construction of CC road from Surendra house to Ravi house in Nagurpura Pinhat,,,,,,,,,,,,,,,,Director Cum Chief Engineer RED||CHIEF ENGINEER WEST||SE AGRA CIRCLE||EE AGRA,,,,,,"736,309.67",,,Director Cum Chief Engineer RED||CHIEF ENGINEER WEST||SE AGRA CIRCLE||EE AGRA
2024_REDUP_893598_2,2024_REDUP_893598_12,1411/EE/RED/2023-24 dt 08.01.2024,CC construction from Mohan temple wali gali to Ashok house in bagh mujaffarkhan,,,,,,,,,,,,,,,,Director Cum Chief Engineer RED||CHIEF ENGINEER WEST||SE AGRA CIRCLE||EE AGRA,,,,,,"220,248.92",,,Director Cum Chief Engineer RED||CHIEF ENGINEER WEST||SE AGRA CIRCLE||EE AGRA
2024_REDUP_893598_1,2024_REDUP_893598_1,1411/EE/RED/2023-24 dt 08.01.2024,Construction of CC from Vinod Pradhan field to kalyanpura in Emanpura,,,,,,,,,,,,,,,,Director Cum Chief Engineer RED||CHIEF ENGINEER WEST||SE AGRA CIRCLE||EE AGRA,,,,,,"1,978,002.9",,,Director Cum Chief Engineer RED||CHIEF ENGINEER WEST||SE AGRA CIRCLE||EE AGRA
2024_REDUP_893598_2,2024_REDUP_893598_2,1411/EE/RED/2023-24 dt 08.01.2024,CC construction from Mohan temple wali gali to Ashok house in bagh mujaffarkhan,,,,,,,,,,,,,,,,Director Cum Chief Engineer RED||CHIEF ENGINEER WEST||SE AGRA CIRCLE||EE AGRA,,,,,,"220,248.92",,,Director Cum Chief Engineer RED||CHIEF ENGINEER WEST||SE AGRA CIRCLE||EE AGRA
2024_REDUP_893598_3,2024_REDUP_893598_3,1411/EE/RED/2023-24 dt 08.01.2024,CC construction from Akash house to Kelash house in Kanharpura,,,,,,,,,,,,,,,,Director Cum Chief Engineer RED||CHIEF ENGINEER WEST||SE AGRA CIRCLE||EE AGRA,,,,,,"393,826.94",,,Director Cum Chief Engineer RED||CHIEF ENGINEER WEST||SE AGRA CIRCLE||EE AGRA
2024_REDUP_893598_4,2024_REDUP_893598_4,1411/EE/RED/2023-24 dt 08.01.2024,Naali construction from Ramraj house to Raju house in Gram Gurja Basoni,,,,,,,,,,,,,,,,Director Cum Chief Engineer RED||CHIEF ENGINEER WEST||SE AGRA CIRCLE||EE AGRA,,,,,,"294,924.44",,,Director Cum Chief Engineer RED||CHIEF ENGINEER WEST||SE AGRA CIRCLE||EE AGRA
2024_REDUP_893598_5,2024_REDUP_893598_5,1411/EE/RED/2023-24 dt 08.01.2024,CC road construction from Manoj house to Ramvilas house in Gram Vijayigadhi,,,,,,,,,,,,,,,,Director Cum Chief Engineer RED||CHIEF ENGINEER WEST||SE AGRA CIRCLE||EE AGRA,,,,,,"529,829.12",,,Director Cum Chief Engineer RED||CHIEF ENGINEER WEST||SE AGRA CIRCLE||EE AGRA
2024_REDUP_893598_7,2024_REDUP_893598_6,1411/EE/RED/2023-24 dt 08.01.2024,Construction of CC road from Suresh sharma house to Rai singh house in Fatehabad Road,,,,,,,,,,,,,,,,Director Cum Chief Engineer RED||CHIEF ENGINEER WEST||SE AGRA CIRCLE||EE AGRA,,,,,,"1,592,307.7",,,Director Cum Chief Engineer RED||CHIEF ENGINEER WEST||SE AGRA CIRCLE||EE AGRA
2024_REDUP_893598_7,2024_REDUP_893598_7,1411/EE/RED/2023-24 dt 08.01.2024,Construction of CC road from Suresh sharma house to Rai singh house in Fatehabad Road,,,,,,,,,,,,,,,,Director Cum Chief Engineer RED||CHIEF ENGINEER WEST||SE AGRA CIRCLE||EE AGRA,,,,,,"1,592,307.7",,,Director Cum Chief Engineer RED||CHIEF ENGINEER WEST||SE AGRA CIRCLE||EE AGRA
2024_REDUP_893457_1,2024_REDUP_893457_1,1355/RED/Tender/ST/2023-24 Dt 27.01.2024,Interlocking construction work from main road to Ram Awadh s house in Gram Sabha Chakbrahmani development block Ahiroula,,,,,,,,,,,,,,,,Director Cum Chief Engineer RED||CHIEF ENGINEER EAST||SE AZAMGARH CIRCLE||EE AZAMGARH,,,,,,"1,551,302.47",,,Director Cum Chief Engineer RED||CHIEF ENGINEER EAST||SE AZAMGARH CIRCLE||EE AZAMGARH
2024_REDUP_893598_1,2024_REDUP_893498_1,1411/EE/RED/2023-24 dt 08.01.2024,Construction of CC from Vinod Pradhan field to kalyanpura in Emanpura,,,,,,,,,,,,,,,,Director Cum Chief Engineer RED||CHIEF ENGINEER WEST||SE AGRA CIRCLE||EE AGRA,,,,,,"1,978,002.9",,,Director Cum Chief Engineer RED||CHIEF ENGINEER WEST||SE AGRA CIRCLE||EE AGRA
2024_REDUP_892460_27,2024_REDUP_892460_26,3499/EE/RED/23-24 Dt. 19.01.2024,27.	Block Moth Ke Gram Emiliya Me Vrishbhan Pal Ke Makan Se Mohar Singh Ke Makan Ki Aur C.C. Road Ka Nirman.,,,,,,,,,,,,,,,,Director Cum Chief Engineer RED||CHIEF ENGINEER WEST||SE JHANSI CIRCLE||EE JHANSI,,,,,,"1,517,334.18",,,Director Cum Chief Engineer RED||CHIEF ENGINEER WEST||SE JHANSI CIRCLE||EE JHANSI
2024_REDUP_892460_27,2024_REDUP_892460_27,3499/EE/RED/23-24 Dt. 19.01.2024,27.	Block Moth Ke Gram Emiliya Me Vrishbhan Pal Ke Makan Se Mohar Singh Ke Makan Ki Aur C.C. Road Ka Nirman.,,,,,,,,,,,,,,,,Director Cum Chief Engineer RED||CHIEF ENGINEER WEST||SE JHANSI CIRCLE||EE JHANSI,,,,,,"1,517,334.18",,,Director Cum Chief Engineer RED||CHIEF ENGINEER WEST||SE JHANSI CIRCLE||EE JHANSI
2024_REDUP_892460_30,2024_REDUP_892460_30,3499/EE/RED/23-24 Dt. 19.01.2024,30.	Block Moth Ke Gram Shahjanhapur Me Main Bazar Se Bus Stand Ki Aur C.C. Road NaliKaNirman.,,,,,,,,,,,,,,,,Director Cum Chief Engineer RED||CHIEF ENGINEER WEST||SE JHANSI CIRCLE||EE JHANSI,,,,,,"3,014,942.99",,,Director Cum Chief Engineer RED||CHIEF ENGINEER WEST||SE JHANSI CIRCLE||EE JHANSI
2024_UPPCL_889023_2,2024_UPPCL_889023_2,62/ ECCD-I /2023-24,M and R OF Development Boring of Chandralok officers hydel colony colony Lucknow,,,,,,,,,,,,,,,,Uttar Pradesh Power Corporation Ltd.||SE Civil HQ Shakti Bhawan Extension||EE Civil HQ Attached to CE Civil 2||SE Civil HQ||EE ECCD Ist,,,,,,"81,056.25",,,Uttar Pradesh Power Corporation Ltd.||SE Civil HQ Shakti Bhawan Extension||EE Civil HQ Attached to CE Civil 2||SE Civil HQ||EE ECCD Ist
2024_REDUP_891600_4,2024_REDUP_891600_3,"1774/RED/E-TENDER/2023-24, DATE 30.12.23",MAJURI KHURD ME MITHILESH PANDEY KE DARWAJE SE GOND BASTI HOTE HUE SHIV MANDIR TAK CC ROAD KA NIRMAN,,,,,,,,,,,,,,,,Director Cum Chief Engineer RED||CHIEF ENGINEER EAST||SE GORAKHPUR CIRCLE||EE DEORIA,,,,,,"1,324,662.61",,,Director Cum Chief Engineer RED||CHIEF ENGINEER EAST||SE GORAKHPUR CIRCLE||EE DEORIA
2024_REDUP_891600_4,2024_REDUP_891600_4,"1774/RED/E-TENDER/2023-24, DATE 30.12.23",MAJURI KHURD ME MITHILESH PANDEY KE DARWAJE SE GOND BASTI HOTE HUE SHIV MANDIR TAK CC ROAD KA NIRMAN,,,,,,,,,,,,,,,,Director Cum Chief Engineer RED||CHIEF ENGINEER EAST||SE GORAKHPUR CIRCLE||EE DEORIA,,,,,,"1,324,662.61",,,Director Cum Chief Engineer RED||CHIEF ENGINEER EAST||SE GORAKHPUR CIRCLE||EE DEORIA
2024_REDUP_891600_7,2024_REDUP_891600_6,"1774/RED/E-TENDER/2023-24, DATE 30.12.23",HARPUR ME MUKHYA MARG PAR TUBEWELL KE LEKAR NAHAR TAK NALI NIRMAN KA KARYA,,,,,,,,,,,,,,,,Director Cum Chief Engineer RED||CHIEF ENGINEER EAST||SE GORAKHPUR CIRCLE||EE DEORIA,,,,,,"899,835.97",,,Director Cum Chief Engineer RED||CHIEF ENGINEER EAST||SE GORAKHPUR CIRCLE||EE DEORIA
2024_REDUP_891600_7,2024_REDUP_891600_7,"1774/RED/E-TENDER/2023-24, DATE 30.12.23",HARPUR ME MUKHYA MARG PAR TUBEWELL KE LEKAR NAHAR TAK NALI NIRMAN KA KARYA,,,,,,,,,,,,,,,,Director Cum Chief Engineer RED||CHIEF ENGINEER EAST||SE GORAKHPUR CIRCLE||EE DEORIA,,,,,,"899,835.97",,,Director Cum Chief Engineer RED||CHIEF ENGINEER EAST||SE GORAKHPUR CIRCLE||EE DEORIA
2024_REDUP_892108_1,2024_REDUP_892108_1,"1404/EE/RED/23-24, dt-04.01.24",CC Construction from Nekram to Chakhan singh in Gram Panchayat Pawawali majara Bansrandheer,,,,,,,,,,,,,,,,Director Cum Chief Engineer RED||CHIEF ENGINEER WEST||SE AGRA CIRCLE||EE AGRA,,,,,,"1,199,986.58",,,Director Cum Chief Engineer RED||CHIEF ENGINEER WEST||SE AGRA CIRCLE||EE AGRA
2024_REDUP_892108_2,2024_REDUP_892108_2,"1404/EE/RED/23-24, dt-04.01.24",CC Road Construction from foran singh to mahendra singh house in gram panchayat pawawali majra truckpura,,,,,,,,,,,,,,,,Director Cum Chief Engineer RED||CHIEF ENGINEER WEST||SE AGRA CIRCLE||EE AGRA,,,,,,"1,199,772.11",,,Director Cum Chief Engineer RED||CHIEF ENGINEER WEST||SE AGRA CIRCLE||EE AGRA
2024_REDUP_892460_17,2024_REDUP_892460_17,3499/EE/RED/23-24 Dt. 19.01.2024,17.	Block Moth Ke Gram Sajokhari Me Mukhya Marg Se Mahatoliya Ji Ke Makan Ki Aur C.C. Road Ka Nirman.,,,,,,,,,,,,,,,,Director Cum Chief Engineer RED||CHIEF ENGINEER WEST||SE JHANSI CIRCLE||EE JHANSI,,,,,,"1,261,253.63",,,Director Cum Chief Engineer RED||CHIEF ENGINEER WEST||SE JHANSI CIRCLE||EE JHANSI
2024_REDUP_892460_18,2024_REDUP_892460_18,3499/EE/RED/23-24 Dt. 19.01.2024,18.	Block Moth Ke Gram Karai Me School Se Main Road Ki Aur C.C. Road Ka Nirman.,,,,,,,,,,,,,,,,Director Cum Chief Engineer RED||CHIEF ENGINEER WEST||SE JHANSI CIRCLE||EE JHANSI,,,,,,"1,301,999.11",,,Director Cum Chief Engineer RED||CHIEF ENGINEER WEST||SE JHANSI CIRCLE||EE JHANSI
2024_REDUP_892460_24,2024_REDUP_892460_24,3499/EE/RED/23-24 Dt. 19.01.2024,24.	Block Moth Ke Gram Bamhrauli State Me Sarkari School Se Pappu Tailor Ke Makan Ke Age Ki Aur C.C. Road Ka Nirman.,,,,,,,,,,,,,,,,Director Cum Chief Engineer RED||CHIEF ENGINEER WEST||SE JHANSI CIRCLE||EE JHANSI,,,,,,"927,009.72",,,Director Cum Chief Engineer RED||CHIEF ENGINEER WEST||SE JHANSI CIRCLE||EE JHANSI
2024_REDUP_891600_11,2024_REDUP_891600_11,"1774/RED/E-TENDER/2023-24, DATE 30.12.23",KARANPUR URF PACHAFEDA ME RAMNAGINA PRAJAPATI KE GHAR SE BEEK PRASAD KE GHAR TAK CC ROAD KA NIRMAN KARYA,,,,,,,,,,,,,,,,Director Cum Chief Engineer RED||CHIEF ENGINEER EAST||SE GORAKHPUR CIRCLE||EE DEORIA,,,,,,"1,364,972.87",,,Director Cum Chief Engineer RED||CHIEF ENGINEER EAST||SE GORAKHPUR CIRCLE||EE DEORIA
2024_REDUP_891600_16,2024_REDUP_891600_12,"1774/RED/E-TENDER/2023-24, DATE 30.12.23",PIPARA DIXIT ME PITCH MARG SE ANIL KE GHAR HOTE HUE PURV ME NIRMIT CC TAK CC ROAD KA NIRMAN KARYA,,,,,,,,,,,,,,,,Director Cum Chief Engineer RED||CHIEF ENGINEER EAST||SE GORAKHPUR CIRCLE||EE DEORIA,,,,,,"1,366,800.59",,,Director Cum Chief Engineer RED||CHIEF ENGINEER EAST||SE GORAKHPUR CIRCLE||EE DEORIA
2024_REDUP_891600_16,2024_REDUP_891600_14,"1774/RED/E-TENDER/2023-24, DATE 30.12.23",PIPARA DIXIT ME PITCH MARG SE ANIL KE GHAR HOTE HUE PURV ME NIRMIT CC TAK CC ROAD KA NIRMAN KARYA,,,,,,,,,,,,,,,,Director Cum Chief Engineer RED||CHIEF ENGINEER EAST||SE GORAKHPUR CIRCLE||EE DEORIA,,,,,,"1,366,800.59",,,Director Cum Chief Engineer RED||CHIEF ENGINEER EAST||SE GORAKHPUR CIRCLE||EE DEORIA
2024_REDUP_891600_16,2024_REDUP_891600_16,"1774/RED/E-TENDER/2023-24, DATE 30.12.23",PIPARA DIXIT ME PITCH MARG SE ANIL KE GHAR HOTE HUE PURV ME NIRMIT CC TAK CC ROAD KA NIRMAN KARYA,,,,,,,,,,,,,,,,Director Cum Chief Engineer RED||CHIEF ENGINEER EAST||SE GORAKHPUR CIRCLE||EE DEORIA,,,,,,"1,366,800.59",,,Director Cum Chief Engineer RED||CHIEF ENGINEER EAST||SE GORAKHPUR CIRCLE||EE DEORIA
2024_REDUP_891600_18,2024_REDUP_891600_18,"1774/RED/E-TENDER/2023-24, DATE 30.12.23",PADARI TIWARI ME SUKHDEV KE GHAR SE AMBIKA KE GHAR TAK CC ROAD KA NIRMAN KARYA,,,,,,,,,,,,,,,,Director Cum Chief Engineer RED||CHIEF ENGINEER EAST||SE GORAKHPUR CIRCLE||EE DEORIA,,,,,,"1,027,405.3",,,Director Cum Chief Engineer RED||CHIEF ENGINEER EAST||SE GORAKHPUR CIRCLE||EE DEORIA
2024_REDUP_891600_22,2024_REDUP_891600_20,"1774/RED/E-TENDER/2023-24, DATE 30.12.23",THAKUR KODARA PITCH MARG SE BUTH AKDHYAKSHA HARERAM TIWARI KE GHAR HOTE HUE VIJAY TIWARI KE GHAR TAK CC ROAD KA NIRMNA KARYA,,,,,,,,,,,,,,,,Director Cum Chief Engineer RED||CHIEF ENGINEER EAST||SE GORAKHPUR CIRCLE||EE DEORIA,,,,,,"1,282,640.33",,,Director Cum Chief Engineer RED||CHIEF ENGINEER EAST||SE GORAKHPUR CIRCLE||EE DEORIA
2024_REDUP_891600_22,2024_REDUP_891600_22,"1774/RED/E-TENDER/2023-24, DATE 30.12.23",THAKUR KODARA PITCH MARG SE BUTH AKDHYAKSHA HARERAM TIWARI KE GHAR HOTE HUE VIJAY TIWARI KE GHAR TAK CC ROAD KA NIRMNA KARYA,,,,,,,,,,,,,,,,Director Cum Chief Engineer RED||CHIEF ENGINEER EAST||SE GORAKHPUR CIRCLE||EE DEORIA,,,,,,"1,282,640.33",,,Director Cum Chief Engineer RED||CHIEF ENGINEER EAST||SE GORAKHPUR CIRCLE||EE DEORIA
2024_REDUP_891600_4,2024_REDUP_891600_23,"1774/RED/E-TENDER/2023-24, DATE 30.12.23",MAJURI KHURD ME MITHILESH PANDEY KE DARWAJE SE GOND BASTI HOTE HUE SHIV MANDIR TAK CC ROAD KA NIRMAN,,,,,,,,,,,,,,,,Director Cum Chief Engineer RED||CHIEF ENGINEER EAST||SE GORAKHPUR CIRCLE||EE DEORIA,,,,,,"1,324,662.61",,,Director Cum Chief Engineer RED||CHIEF ENGINEER EAST||SE GORAKHPUR CIRCLE||EE DEORIA
2024_REDUP_891600_2,2024_REDUP_891600_2,"1774/RED/E-TENDER/2023-24, DATE 30.12.23",BANKATA DIXIT JANARDAN KE GHAR SE SHAMBHU DIXIT KE GHAR HOTE HUE RAMNAKSHATRA KE GHAR TAK CC ROAD KA NIRMAN,,,,,,,,,,,,,,,,Director Cum Chief Engineer RED||CHIEF ENGINEER EAST||SE GORAKHPUR CIRCLE||EE DEORIA,,,,,,"1,235,783.07",,,Director Cum Chief Engineer RED||CHIEF ENGINEER EAST||SE GORAKHPUR CIRCLE||EE DEORIA
2024_REDUP_890876_11,2024_REDUP_890876_10,"1771/RED/E-TENDER/2023-24, DATE 30.12.23",VIKAS KHAND BHAGALPUR KE GRAM NADUA ME VIVEKANAND KE GHAR SE BACHCHA UPADHYAY KE GHAR TAK CC ROAD KA NIRMAN KARYA,,,,,,,,,,,,,,,,Director Cum Chief Engineer RED||CHIEF ENGINEER EAST||SE GORAKHPUR CIRCLE||EE DEORIA,,,,,,"970,080.07",,,Director Cum Chief Engineer RED||CHIEF ENGINEER EAST||SE GORAKHPUR CIRCLE||EE DEORIA
2024_REDUP_890876_11,2024_REDUP_890876_11,"1771/RED/E-TENDER/2023-24, DATE 30.12.23",VIKAS KHAND BHAGALPUR KE GRAM NADUA ME VIVEKANAND KE GHAR SE BACHCHA UPADHYAY KE GHAR TAK CC ROAD KA NIRMAN KARYA,,,,,,,,,,,,,,,,Director Cum Chief Engineer RED||CHIEF ENGINEER EAST||SE GORAKHPUR CIRCLE||EE DEORIA,,,,,,"970,080.07",,,Director Cum Chief Engineer RED||CHIEF ENGINEER EAST||SE GORAKHPUR CIRCLE||EE DEORIA
2024_REDUP_890876_7,2024_REDUP_890876_7,"1771/RED/E-TENDER/2023-24, DATE 30.12.23",VIKAS KHAND DEORIA SADAR KE GRAM TADAWA ME B.R.J. ACCEDAMY SCHOOL SE ASHOK KE GHAR TAK CC ROAD KA NIRMAN KARYA,,,,,,,,,,,,,,,,Director Cum Chief Engineer RED||CHIEF ENGINEER EAST||SE GORAKHPUR CIRCLE||EE DEORIA,,,,,,"1,041,561.13",,,Director Cum Chief Engineer RED||CHIEF ENGINEER EAST||SE GORAKHPUR CIRCLE||EE DEORIA
2024_REDUP_890876_9,2024_REDUP_890876_9,"1771/RED/E-TENDER/2023-24, DATE 30.12.23",VIKAS KHAND BHAGALPUR KE GRAM BARTHA BAREJI PITCH MARG SE ANAND MISHRA KE GHAR TAK CC ROAD KA NIRMAN KARYA,,,,,,,,,,,,,,,,Director Cum Chief Engineer RED||CHIEF ENGINEER EAST||SE GORAKHPUR CIRCLE||EE DEORIA,,,,,,"3,349,755.19",,,Director Cum Chief Engineer RED||CHIEF ENGINEER EAST||SE GORAKHPUR CIRCLE||EE DEORIA
2024_REDUP_887894_1,2024_REDUP_887894_1,1672 dt 04-01-2024,GRAM ALIPURA ME MASTER PADAMSINGH KE MAKAN SE ANKIT KE MAKAN KI OR CC ROAD AND NALI NIRMAN WORK.,,,,,,,,,,,,,,,,Director Cum Chief Engineer RED||CHIEF ENGINEER WEST||SE SAHARANPUR CIRCLE,,,,,,"1,289,535.74",,,Director Cum Chief Engineer RED||CHIEF ENGINEER WEST||SE SAHARANPUR CIRCLE
2024_REDUP_887894_2,2024_REDUP_887894_2,1672 dt 04-01-2024,DEVBAND NANOTA MARG SE SANGH OFFICE TAK CC ROAD OR NALI NIRMAN WORK.,,,,,,,,,,,,,,,,Director Cum Chief Engineer RED||CHIEF ENGINEER WEST||SE SAHARANPUR CIRCLE,,,,,,"1,115,801.3",,,Director Cum Chief Engineer RED||CHIEF ENGINEER WEST||SE SAHARANPUR CIRCLE
2024_REDUP_887032_18,2024_REDUP_887032_18,1366/EE RED JAUNPUR/23-24 Dt 04/01/2024,"Under District Jaunpur, Construction work of interlocking from Pramod Verma house to Sahab Lal Pal house in Gram Sabha Sheikh Ashrafpur ,Lot No 18",,,,,,,,,,,,,,,,Director Cum Chief Engineer RED||CHIEF ENGINEER EAST||SE VARANASI CIRCLE||EE JAUNPUR,,,,,,"1,665,744",,,Director Cum Chief Engineer RED||CHIEF ENGINEER EAST||SE VARANASI CIRCLE||EE JAUNPUR
2024_REDUP_887032_3,2024_REDUP_887032_3,1366/EE RED JAUNPUR/23-24 Dt 04/01/2024,"Under District Jaunpur, Construction of Interlocking Road from Pich Road to Sushil house in Gram Sabha Rampur of Khand Maharajganj ,Lot No 3",,,,,,,,,,,,,,,,Director Cum Chief Engineer RED||CHIEF ENGINEER EAST||SE VARANASI CIRCLE||EE JAUNPUR,,,,,,"1,076,787",,,Director Cum Chief Engineer RED||CHIEF ENGINEER EAST||SE VARANASI CIRCLE||EE JAUNPUR
2024_REDUP_887032_8,2024_REDUP_887032_8,1366/EE RED JAUNPUR/23-24 Dt 04/01/2024,"Under District Jaunpur, Construction of CC Roadof From Hariram house to Nandlal Bind house in Gram Sabha Dipipur Sheikhwalia ,Lot No 8",,,,,,,,,,,,,,,,Director Cum Chief Engineer RED||CHIEF ENGINEER EAST||SE VARANASI CIRCLE||EE JAUNPUR,,,,,,"1,087,929",,,Director Cum Chief Engineer RED||CHIEF ENGINEER EAST||SE VARANASI CIRCLE||EE JAUNPUR
2024_REDUP_887775_5,2024_REDUP_887775_5,2474/EE/RED/DATE-15-01-2024,5-Block Kotiwali ke Gram  Haqikatpur Dangwali me gram  ke main Tirahe se Rampal Singh ji ke ghar tak C.C. Raod nirman karya.,,,,,,,,,,,,,,,,Director Cum Chief Engineer RED||CHIEF ENGINEER WEST||SE MORADABAD CIRCLE||EE BIJNOR,,,,,,"1,729,626.21",,,Director Cum Chief Engineer RED||CHIEF ENGINEER WEST||SE MORADABAD CIRCLE||EE BIJNOR
2024_REDUP_884162_3,2024_REDUP_884162_3,1689/RED/Tender/2023-24,"Laying of 160 Meter Interlocking from the painted road to Saroj Kumar house in village Badripurwa of G.S. Unsiya, Block- Khairabad",,,,,,,,,,,,,,,,Director Cum Chief Engineer RED||CHIEF ENGINEER EAST||SE LUCKNOW CIRCLE||EE SITAPUR,,,,,,"1,338,042",,,Director Cum Chief Engineer RED||CHIEF ENGINEER EAST||SE LUCKNOW CIRCLE||EE SITAPUR
2024_REDUP_882320_15,2024_REDUP_882320_15,1574/RED/Tender/2023-24,"Construction of 240 m CC road from Suleman house to Amalora border in Majra Semariapurwa of Bhadmara village of Reusa, Block- Reusa",,,,,,,,,,,,,,,,Director Cum Chief Engineer RED||CHIEF ENGINEER EAST||SE LUCKNOW CIRCLE||EE SITAPUR,,,,,,"1,954,930",,,Director Cum Chief Engineer RED||CHIEF ENGINEER EAST||SE LUCKNOW CIRCLE||EE SITAPUR
2024_REDUP_883057_1,2024_REDUP_883057_1,3554/EE RED AYODHYA/23-24 Dt 02/01/2024,"Under District Ayodhya, Construction of Interlocking road from front of primary school to Panchayat Bhawan in the grazing of Khand Tarun Lot No 1",,,,,,,,,,,,,,,,Director Cum Chief Engineer RED||CHIEF ENGINEER EAST||SE FAIZABAD CIRCLE||EE FAIZABAD,,,,,,"1,233,751",,,Director Cum Chief Engineer RED||CHIEF ENGINEER EAST||SE FAIZABAD CIRCLE||EE FAIZABAD
2024_REDUP_883057_3,2024_REDUP_883057_3,3554/EE RED AYODHYA/23-24 Dt 02/01/2024,"Under District Ayodhya, Construction of Interlocking road from Heera house to Ramchander house in Khiruni, Khand Maya Lot No 3",,,,,,,,,,,,,,,,Director Cum Chief Engineer RED||CHIEF ENGINEER EAST||SE FAIZABAD CIRCLE||EE FAIZABAD,,,,,,"1,194,306",,,Director Cum Chief Engineer RED||CHIEF ENGINEER EAST||SE FAIZABAD CIRCLE||EE FAIZABAD
2024_REDUP_880352_1,2024_REDUP_880352_1,1707/EE/RED/DT-04.01.2024,UCHATTAR PRATHMIK VIDYALAYE  ALHANIPUR KA NIRMAN,,,,,,,,,,,,,,,,Director Cum Chief Engineer RED||CHIEF ENGINEER EAST||SE KANPUR CIRCLE||EE KANPUR DEHAT,,,,,,"2,167,994.37",,,Director Cum Chief Engineer RED||CHIEF ENGINEER EAST||SE KANPUR CIRCLE||EE KANPUR DEHAT
2024_REDUP_881649_6,2024_REDUP_880847_1,"1772/RED/E-TENDER/2023-24, DATE 30.12.23",GRAMSABHA PIPARAHIYA ME AYODHYA KE GHOTHA SE SAMDEI KE GHAR TAK INTERLOCKING KARYA,,,,,,,,,,,,,,,,Director Cum Chief Engineer RED||CHIEF ENGINEER EAST||SE GORAKHPUR CIRCLE||EE DEORIA,,,,,,"550,747.02",,,Director Cum Chief Engineer RED||CHIEF ENGINEER EAST||SE GORAKHPUR CIRCLE||EE DEORIA
2024_REDUP_881649_6,2024_REDUP_881309_15,"1772/RED/E-TENDER/2023-24, DATE 30.12.23",GRAMSABHA PIPARAHIYA ME AYODHYA KE GHOTHA SE SAMDEI KE GHAR TAK INTERLOCKING KARYA,,,,,,,,,,,,,,,,Director Cum Chief Engineer RED||CHIEF ENGINEER EAST||SE GORAKHPUR CIRCLE||EE DEORIA,,,,,,"550,747.02",,,Director Cum Chief Engineer RED||CHIEF ENGINEER EAST||SE GORAKHPUR CIRCLE||EE DEORIA
2024_REDUP_881649_6,2024_REDUP_881649_6,"1772/RED/E-TENDER/2023-24, DATE 30.12.23",GRAMSABHA PIPARAHIYA ME AYODHYA KE GHOTHA SE SAMDEI KE GHAR TAK INTERLOCKING KARYA,,,,,,,,,,,,,,,,Director Cum Chief Engineer RED||CHIEF ENGINEER EAST||SE GORAKHPUR CIRCLE||EE DEORIA,,,,,,"550,747.02",,,Director Cum Chief Engineer RED||CHIEF ENGINEER EAST||SE GORAKHPUR CIRCLE||EE DEORIA
2024_REDUP_878804_1,2024_REDUP_878804_1,999dt25.11.2023,Rajkiya Alankrit Udyan Chandrabhanpur me Childrain Park ka Sundarikaran ewam Bal Matri  Khel Upkaran Ka karya,,,,,,,,,,,,,,,,Director Cum Chief Engineer RED||CHIEF ENGINEER EAST||SE AZAMGARH CIRCLE||EE MAU,,,,,,"886,955.17",,,Director Cum Chief Engineer RED||CHIEF ENGINEER EAST||SE AZAMGARH CIRCLE||EE MAU
2024_REDUP_878828_1,2024_REDUP_878818_1,999dt25.11.2023,"Operation Kayakalp Yojna ke Antargat Prathmik Vidyalay Hakikatpura Me Ek Viklang Shuchalay, 2 Sheeter Balak Urinal, Baundriwall Uchhikaran Tiles, Ramp and Interlocking Karya.  (Block-Pardahan)",,,,,,,,,,,,,,,,Director Cum Chief Engineer RED||CHIEF ENGINEER EAST||SE AZAMGARH CIRCLE||EE MAU,,,,,,"2,006,538.89",,,Director Cum Chief Engineer RED||CHIEF ENGINEER EAST||SE AZAMGARH CIRCLE||EE MAU
2024_REDUP_878828_1,2024_REDUP_878828_1,999dt25.11.2023,"Operation Kayakalp Yojna ke Antargat Prathmik Vidyalay Hakikatpura Me Ek Viklang Shuchalay, 2 Sheeter Balak Urinal, Baundriwall Uchhikaran Tiles, Ramp and Interlocking Karya.  (Block-Pardahan)",,,,,,,,,,,,,,,,Director Cum Chief Engineer RED||CHIEF ENGINEER EAST||SE AZAMGARH CIRCLE||EE MAU,,,,,,"2,006,538.89",,,Director Cum Chief Engineer RED||CHIEF ENGINEER EAST||SE AZAMGARH CIRCLE||EE MAU
2024_REDUP_878831_3,2024_REDUP_878831_3,"1664/RED/E-TENDER/2023-24, DATE 11.12.23",VIKAS KHAND SALEMPUR ME CHERO MARG SE ETAHUA DALIT BASTI ME KRISHNA MOHAN KE GHAR TAK CC ROAD KA NIRMAN KARYA,,,,,,,,,,,,,,,,Director Cum Chief Engineer RED||CHIEF ENGINEER EAST||SE GORAKHPUR CIRCLE||EE DEORIA,,,,,,"1,090,306.38",,,Director Cum Chief Engineer RED||CHIEF ENGINEER EAST||SE GORAKHPUR CIRCLE||EE DEORIA
2024_REDUP_878835_1,2024_REDUP_878835_1,999dt25.11.2023,Operation Kayakalp Yojna ke Antargat Prathmik Vidyalay Belchaura Me Baundriwall ka Nirman Karya.  (Block-Pardahan),,,,,,,,,,,,,,,,Director Cum Chief Engineer RED||CHIEF ENGINEER EAST||SE AZAMGARH CIRCLE||EE MAU,,,,,,"1,954,310.17",,,Director Cum Chief Engineer RED||CHIEF ENGINEER EAST||SE AZAMGARH CIRCLE||EE MAU
2024_REDUP_880282_1,2024_REDUP_880282_1,1247/RED/Tender/ST/2023-24 Dt 02.01.2024,Construction work of CC road from Pitch Road to Dheeraj s house in development block Sathiyaanv village Ranipur,,,,,,,,,,,,,,,,Director Cum Chief Engineer RED||CHIEF ENGINEER EAST||SE AZAMGARH CIRCLE||EE AZAMGARH,,,,,,"3,250,196.31",,,Director Cum Chief Engineer RED||CHIEF ENGINEER EAST||SE AZAMGARH CIRCLE||EE AZAMGARH
