Tender ID,tender_externalreference,tender_title,Work Description,Tender Category,Tender Type,Form of contract,Product Category,Is Multi Currency Allowed For BOQ,Allow Two Stage Bidding,Independent External Monitor/Remarks,Published Date,Pre Bid Meeting Date,Bid Validity(Days),Should Allow NDA Tender,Allow Preferential Bidder,Payment Mode,Bid Opening Date,Organisation Chain,location,Pincode,No of Bids Received,Tender Value in ₹,Bidder Name,Awarded Value,Status,Contract Date,Department
2024_DEO40_900878_1,1268,E tender of Foreign liquor shop Gauspur A,,,,,,,,,,,,,,,,Uttar Pradesh Excise Department||Joint Excise Commissioner Lucknow||Deputy Excise Commissioner Devipatan||District Excise Officer Shrawasti,,,,,,"265,000",,2024-04-01,Uttar Pradesh Excise Department||Joint Excise Commissioner Lucknow||Deputy Excise Commissioner Devipatan||District Excise Officer Shrawasti
2024_DEO44_901316_1,BS_  MAHADEVAb_BBK_2024_25,BS SHOP ( 64872) MAHADEVA- (B) BARABANKI,,,,,,,,,,,,,,,,Uttar Pradesh Excise Department||Joint Excise Commissioner Lucknow||Deputy Excise Commissioner Faizabad||District Excise Officer Barabanki,,,,,,"77,000",,2024-04-01,Uttar Pradesh Excise Department||Joint Excise Commissioner Lucknow||Deputy Excise Commissioner Faizabad||District Excise Officer Barabanki
2024_DEO49_903063_1,2226/20-02-2024,CL-BANDRAHA,,,,,,,,,,,,,,,,Uttar Pradesh Excise Department||Joint Excise Commissioner Lucknow||Deputy Excise Commissioner Lucknow||District Excise Officer Hardoi,,,,,,"924,100",,2024-04-01,Uttar Pradesh Excise Department||Joint Excise Commissioner Lucknow||Deputy Excise Commissioner Lucknow||District Excise Officer Hardoi
2024_PVVNL_877896_1,E.T.No. 164/2023-24,"Providing of 01 nos light diesel vehicle with driver for SE,EDC Shamli on hire basis (P 2024-25)",,,,,,,,,,,,,,,,Paschimanchal Vidyut Vitran Nigam Ltd.,,,,,,"260,400",,2024-04-01,Paschimanchal Vidyut Vitran Nigam Ltd.
2024_PVVNL_877798_1,E.T.No. 154/2023-24,"Providing of 01 nos light diesel vehicle with driver for SDO-1,sml on hire basis (Period 2024-2025) under  jurisdiction of EDD-3, shamli",,,,,,,,,,,,,,,,Paschimanchal Vidyut Vitran Nigam Ltd.,,,,,,"262,800",,2024-04-01,Paschimanchal Vidyut Vitran Nigam Ltd.
2024_PVVNL_877809_1,E.T.No. 155/2023-24,"Providing of 01 nos light diesel vehicle with driver for SDO-2,T.bhwan on hire basis (Period 2024-2025) under jurisdiction of EDD-3, shamli",,,,,,,,,,,,,,,,Paschimanchal Vidyut Vitran Nigam Ltd.,,,,,,"262,800",,2024-04-01,Paschimanchal Vidyut Vitran Nigam Ltd.
2024_PVVNL_877819_1,E.T.No. 157/2023-24,"Providing of 01 nos light diesel vehicle with driver for SDO-1,Khrikarmu on hire basis (Period 2024-2025) under jurisdiction of EDD-4, shamli",,,,,,,,,,,,,,,,Paschimanchal Vidyut Vitran Nigam Ltd.,,,,,,"264,000",,2024-04-01,Paschimanchal Vidyut Vitran Nigam Ltd.
2024_PVVNL_877819_1,E.T.No. 157/2023-24,"Providing of 01 nos light diesel vehicle with driver for SDO-1,Khrikarmu on hire basis (Period 2024-2025) under jurisdiction of EDD-4, shamli",,,,,,,,,,,,,,,,Paschimanchal Vidyut Vitran Nigam Ltd.,,,,,,"264,000",,2024-04-01,Paschimanchal Vidyut Vitran Nigam Ltd.
2024_PVVNL_877850_1,E.T.No. 160/2023-24,"Providing of 01 nos light diesel vehicle with driver for EE,,ETD. Shamli on hire basis (Period 2024-2025) under  jurisdiction of ETD, shamli",,,,,,,,,,,,,,,,Paschimanchal Vidyut Vitran Nigam Ltd.,,,,,,"204,000",,2024-04-01,Paschimanchal Vidyut Vitran Nigam Ltd.
2024_PVVNL_877850_1,E.T.No. 160/2023-24,"Providing of 01 nos light diesel vehicle with driver for EE,,ETD. Shamli on hire basis (Period 2024-2025) under  jurisdiction of ETD, shamli",,,,,,,,,,,,,,,,Paschimanchal Vidyut Vitran Nigam Ltd.,,,,,,"204,000",,2024-04-01,Paschimanchal Vidyut Vitran Nigam Ltd.
2024_PVVNL_877850_1,E.T.No. 160/2023-24,"Providing of 01 nos light diesel vehicle with driver for EE,,ETD. Shamli on hire basis (Period 2024-2025) under  jurisdiction of ETD, shamli",,,,,,,,,,,,,,,,Paschimanchal Vidyut Vitran Nigam Ltd.,,,,,,"204,000",,2024-04-01,Paschimanchal Vidyut Vitran Nigam Ltd.
2024_PVVNL_877859_1,E.T.No. 161/2023-24,"Providing of 01 nos light diesel vehicle with driver for AE(M),,ETL-1. Shamli on hire basis (Period 2024-2025) under jurisdiction of ETD, shamli",,,,,,,,,,,,,,,,Paschimanchal Vidyut Vitran Nigam Ltd.,,,,,,"222,000",,2024-04-01,Paschimanchal Vidyut Vitran Nigam Ltd.
2024_PVVNL_877870_1,E.T.No. 162/2023-24,"Providing of 01 nos light diesel vehicle with driver for AE(M),,ETL-2. Shamli on hire basis (Period 2024-2025) under jurisdiction of ETD, shamli",,,,,,,,,,,,,,,,Paschimanchal Vidyut Vitran Nigam Ltd.,,,,,,"260,280",,2024-04-01,Paschimanchal Vidyut Vitran Nigam Ltd.
2024_PVVNL_877883_1,E.T.No. 163/2023-24,"Providing of 01 nos light diesel vehicle with driver for AE(M),,ETL-3. Shamli on hire basis (Period 2024-2025) under  jurisdiction of ETD, shamli",,,,,,,,,,,,,,,,Paschimanchal Vidyut Vitran Nigam Ltd.,,,,,,"260,280",,2024-04-01,Paschimanchal Vidyut Vitran Nigam Ltd.
2024_PVVNL_876436_1,E.T.NO. 144/2023-24,"Providing of 01 nos light diesel vehicle with driver for I/C, Police Vigilance team, Shamli on hire basis (Period 2024-2025) under  jurisdiction of EDC, shamli",,,,,,,,,,,,,,,,Paschimanchal Vidyut Vitran Nigam Ltd.,,,,,,"298,800",,2024-04-01,Paschimanchal Vidyut Vitran Nigam Ltd.
2024_PVVNL_876454_1,E.T.NO. 146/2023-24,"Providing of 01 nos light diesel vehicle with driver for EE,,EDD-1. Shamli on hire basis (Period 2024-2025) under  jurisdiction of EDD-1, shamli",,,,,,,,,,,,,,,,Paschimanchal Vidyut Vitran Nigam Ltd.,,,,,,"266,400",,2024-04-01,Paschimanchal Vidyut Vitran Nigam Ltd.
2024_PVVNL_876454_1,E.T.NO. 146/2023-24,"Providing of 01 nos light diesel vehicle with driver for EE,,EDD-1. Shamli on hire basis (Period 2024-2025) under  jurisdiction of EDD-1, shamli",,,,,,,,,,,,,,,,Paschimanchal Vidyut Vitran Nigam Ltd.,,,,,,"266,400",,2024-04-01,Paschimanchal Vidyut Vitran Nigam Ltd.
2024_PVVNL_876475_1,E.T.NO. 149/2023-24,"Providing of 01 nos light diesel vehicle with driver for EE,,EDD-2. Shamli on hire basis (Period 2024-2025) under jurisdiction of EDD-2, shamli",,,,,,,,,,,,,,,,Paschimanchal Vidyut Vitran Nigam Ltd.,,,,,,"251,868",,2024-04-01,Paschimanchal Vidyut Vitran Nigam Ltd.
2024_PVVNL_876475_1,E.T.NO. 149/2023-24,"Providing of 01 nos light diesel vehicle with driver for EE,,EDD-2. Shamli on hire basis (Period 2024-2025) under jurisdiction of EDD-2, shamli",,,,,,,,,,,,,,,,Paschimanchal Vidyut Vitran Nigam Ltd.,,,,,,"251,868",,2024-04-01,Paschimanchal Vidyut Vitran Nigam Ltd.
2024_PVVNL_876475_1,E.T.NO. 149/2023-24,"Providing of 01 nos light diesel vehicle with driver for EE,,EDD-2. Shamli on hire basis (Period 2024-2025) under jurisdiction of EDD-2, shamli",,,,,,,,,,,,,,,,Paschimanchal Vidyut Vitran Nigam Ltd.,,,,,,"251,868",,2024-04-01,Paschimanchal Vidyut Vitran Nigam Ltd.
2024_PVVNL_876482_1,E.T.NO. 150/2023-24,"Providing of 01 nos light diesel vehicle with driver for SDO-1,sml on hire basis (Period 2024-2025) under  jurisdiction of EDD-2, shamli",,,,,,,,,,,,,,,,Paschimanchal Vidyut Vitran Nigam Ltd.,,,,,,"264,000",,2024-04-01,Paschimanchal Vidyut Vitran Nigam Ltd.
2024_PVVNL_876487_1,E.T.NO. 151/2023-24,"Providing of 01 nos light diesel vehicle with driver for SDO-2,Kandhla on hire basis (Period 2024-2025) under  jurisdiction of EDD-2, shamli",,,,,,,,,,,,,,,,Paschimanchal Vidyut Vitran Nigam Ltd.,,,,,,"262,800",,2024-04-01,Paschimanchal Vidyut Vitran Nigam Ltd.
2024_PVVNL_877777_2,E.T.No.152/2023-24,"Providing of 01 nos light diesel vehicle with driver for I/C, Anti Power theft Thana, Shamli",,,,,,,,,,,,,,,,Paschimanchal Vidyut Vitran Nigam Ltd.,,,,,,"296,388",,2024-04-01,Paschimanchal Vidyut Vitran Nigam Ltd.
2024_PVVNL_877788_1,E.T.No. 153/2023-24,"Providing of 01 nos light diesel vehicle with driver for EE,,EDD-3. Shamli on hire basis (Period 2024-2025)",,,,,,,,,,,,,,,,Paschimanchal Vidyut Vitran Nigam Ltd.,,,,,,"262,800",,2024-04-01,Paschimanchal Vidyut Vitran Nigam Ltd.
2024_PVVNL_876436_1,E.T.NO. 144/2023-24,"Providing of 01 nos light diesel vehicle with driver for I/C, Police Vigilance team, Shamli on hire basis (Period 2024-2025) under  jurisdiction of EDC, shamli",,,,,,,,,,,,,,,,Paschimanchal Vidyut Vitran Nigam Ltd.,,,,,,"298,800",,2024-04-01,Paschimanchal Vidyut Vitran Nigam Ltd.
2024_PVVNL_917196_1,26/S/2023-24/D-6/EUDC-2/GZB,Providing Furniture,,,,,,,,,,,,,,,,Paschimanchal Vidyut Vitran Nigam Ltd.,,,,,,"77,300",,2024-04-29,Paschimanchal Vidyut Vitran Nigam Ltd.
2024_MVVNL_919186_1,T-204/EUDCB/2023-24,T-204/EUDCB/2023-24,,,,,,,,,,,,,,,,Madhyanchal Vidyut Vitran Nigam Ltd||C E - BAREILLY ZONE||S E - Bareilly (Urban),,,,,,"199,300",,2024-04-25,Madhyanchal Vidyut Vitran Nigam Ltd||C E - BAREILLY ZONE||S E - Bareilly (Urban)
2024_MVVNL_919186_1,T-204/EUDCB/2023-24,T-204/EUDCB/2023-24,,,,,,,,,,,,,,,,Madhyanchal Vidyut Vitran Nigam Ltd||C E - BAREILLY ZONE||S E - Bareilly (Urban),,,,,,"199,300",,2024-04-25,Madhyanchal Vidyut Vitran Nigam Ltd||C E - BAREILLY ZONE||S E - Bareilly (Urban)
2024_MVVNL_919186_1,T-204/EUDCB/2023-24,T-204/EUDCB/2023-24,,,,,,,,,,,,,,,,Madhyanchal Vidyut Vitran Nigam Ltd||C E - BAREILLY ZONE||S E - Bareilly (Urban),,,,,,"199,300",,2024-04-25,Madhyanchal Vidyut Vitran Nigam Ltd||C E - BAREILLY ZONE||S E - Bareilly (Urban)
2024_CEUCZ_907704_5,942/352C/E-TENDER/STP-LMP/24 Dt 09-02-2024,Construction work of the missing link between village Dihua and Tulsirampurwa link road.,,,,,,,,,,,,,,,,"Chief Engineer PWD Central Zone,Lucknow||S.E. UPPWD Sitapur",,,,,,"20,870,829",,2024-04-14,"Chief Engineer PWD Central Zone,Lucknow||S.E. UPPWD Sitapur"
2024_CEUCZ_892609_65,524/E-Tender/24 Dated 03/02/2024,Renewal work of Kakori Jehata Road to Leelakheda link road,,,,,,,,,,,,,,,,"Chief Engineer PWD Central Zone,Lucknow||S.E. UPPWD Lucknow||Construction Division-2, Lucknow",,,,,,"330,084.1",,2024-04-15,"Chief Engineer PWD Central Zone,Lucknow||S.E. UPPWD Lucknow||Construction Division-2, Lucknow"
2024_CEUCZ_892609_56,524/E-Tender/24 Dated 03/02/2024,Renewal work of Karorwa link road,,,,,,,,,,,,,,,,"Chief Engineer PWD Central Zone,Lucknow||S.E. UPPWD Lucknow||Construction Division-2, Lucknow",,,,,,"156,944.25",,2024-04-15,"Chief Engineer PWD Central Zone,Lucknow||S.E. UPPWD Lucknow||Construction Division-2, Lucknow"
2024_CEUCZ_892609_56,524/E-Tender/24 Dated 03/02/2024,Renewal work of Karorwa link road,,,,,,,,,,,,,,,,"Chief Engineer PWD Central Zone,Lucknow||S.E. UPPWD Lucknow||Construction Division-2, Lucknow",,,,,,"156,944.25",,2024-04-15,"Chief Engineer PWD Central Zone,Lucknow||S.E. UPPWD Lucknow||Construction Division-2, Lucknow"
2024_CEMRT_901668_1,301/3A Date 16.02.2024,Reconstruction work on Nakud Road to Jainpur road with 05 year maintenance,,,,,,,,,,,,,,,,Cheif Engineer Meerut Zone PWD Meerut||SE SAHARANPUR CIRCLE PWD SAHARANPUR||EE CONSTRUCTION DIVISION-3 PWD SAHARANPUR,,,,,,"853,210.31",,2024-04-07,Cheif Engineer Meerut Zone PWD Meerut||SE SAHARANPUR CIRCLE PWD SAHARANPUR||EE CONSTRUCTION DIVISION-3 PWD SAHARANPUR
2023_SCIDC_875389_3,240/7-5(4)/E-TENDER/2022-23 date 28-12-2023,Construction work of 50 beded critical care block in the Government Medical College campus of District Ambedkar Nagar,,,,,,,,,,,,,,,,U.P. State Construction and Infrastructure Development Corporation Ltd.,,,,,,"126,242,374.5",,2024-04-29,U.P. State Construction and Infrastructure Development Corporation Ltd.
2023_SCIDC_875389_3,240/7-5(4)/E-TENDER/2022-23 date 28-12-2023,Construction work of 50 beded critical care block in the Government Medical College campus of District Ambedkar Nagar,,,,,,,,,,,,,,,,U.P. State Construction and Infrastructure Development Corporation Ltd.,,,,,,"126,242,374.5",,2024-04-29,U.P. State Construction and Infrastructure Development Corporation Ltd.
2023_MVVNL_844909_1,T-123/EUDCB/2023-24,T-123/EUDCB/2023-24,,,,,,,,,,,,,,,,Madhyanchal Vidyut Vitran Nigam Ltd||C E - BAREILLY ZONE||S E - Bareilly (Urban),,,,,,"535,535",,2024-04-18,Madhyanchal Vidyut Vitran Nigam Ltd||C E - BAREILLY ZONE||S E - Bareilly (Urban)
2023_CEUFZ_857289_20,NIT 2910/3A-E Tendering/2023 Date 19-10-2023,Special Repair work of Khasi Saray Link road block Fatehpur in District Barabanki.,,,,,,,,,,,,,,,,"Chief Engineer PWD Faizabad Zone||Faizabad Ambedkar Nagar Circle PWD Faizabad||Construction Division-3, PWD, Barabanki",,,,,,"550,726.8",,2024-04-04,"Chief Engineer PWD Faizabad Zone||Faizabad Ambedkar Nagar Circle PWD Faizabad||Construction Division-3, PWD, Barabanki"
2023_CEUFZ_857289_20,NIT 2910/3A-E Tendering/2023 Date 19-10-2023,Special Repair work of Khasi Saray Link road block Fatehpur in District Barabanki.,,,,,,,,,,,,,,,,"Chief Engineer PWD Faizabad Zone||Faizabad Ambedkar Nagar Circle PWD Faizabad||Construction Division-3, PWD, Barabanki",,,,,,"550,726.8",,2024-04-04,"Chief Engineer PWD Faizabad Zone||Faizabad Ambedkar Nagar Circle PWD Faizabad||Construction Division-3, PWD, Barabanki"
2024_SCIDC_898446_1,243/7-5(4)/E-TENDER/2023-24 date 16-02-2024,Construction work of Netaji Subhash Chandra Bose Residential School in Birdpur Kakarhwa District Siddharth Nagar,,,,,,,,,,,,,,,,U.P. State Construction and Infrastructure Development Corporation Ltd.,,,,,,"74,262,465",,2024-04-25,U.P. State Construction and Infrastructure Development Corporation Ltd.
2024_UPCTL_891429_1,Short T Tender Notice 18(03)/ECTC/GKP/2023-24,Civil M and R Works at Various Volts Energized Transmission Substations under jurisdiction of Electricity Transmission Circle Azamgarh,,,,,,,,,,,,,,,,UP Power Transmission Corp.Ltd (Works and Projects))||Chief Engineer (Civil-2)||Gorakhpur Circle,,,,,,"39,661,337.59",,2024-04-01,UP Power Transmission Corp.Ltd (Works and Projects))||Chief Engineer (Civil-2)||Gorakhpur Circle
2024_CEGKP_910235_2,667/4A DATE 02-03-2024,Renewal of  Gaunaria se Tal Kolhua Link Road,,,,,,,,,,,,,,,,Chief Engineer Gorakhpur Zone PWD Gorakhpur UP||SE DEORIA CIRCLE PWD DEORIA||EE PROVINCIAL DIVISION PWD DEORIA,,,,,,"167,506.64",,2024-04-23,Chief Engineer Gorakhpur Zone PWD Gorakhpur UP||SE DEORIA CIRCLE PWD DEORIA||EE PROVINCIAL DIVISION PWD DEORIA
2024_CEGKP_910235_2,667/4A DATE 02-03-2024,Renewal of  Gaunaria se Tal Kolhua Link Road,,,,,,,,,,,,,,,,Chief Engineer Gorakhpur Zone PWD Gorakhpur UP||SE DEORIA CIRCLE PWD DEORIA||EE PROVINCIAL DIVISION PWD DEORIA,,,,,,"167,506.64",,2024-04-23,Chief Engineer Gorakhpur Zone PWD Gorakhpur UP||SE DEORIA CIRCLE PWD DEORIA||EE PROVINCIAL DIVISION PWD DEORIA
2024_CEGKP_910235_2,667/4A DATE 02-03-2024,Renewal of  Gaunaria se Tal Kolhua Link Road,,,,,,,,,,,,,,,,Chief Engineer Gorakhpur Zone PWD Gorakhpur UP||SE DEORIA CIRCLE PWD DEORIA||EE PROVINCIAL DIVISION PWD DEORIA,,,,,,"167,506.64",,2024-04-23,Chief Engineer Gorakhpur Zone PWD Gorakhpur UP||SE DEORIA CIRCLE PWD DEORIA||EE PROVINCIAL DIVISION PWD DEORIA
2024_CEGKP_912297_1,331/4A/2024 Dt. 05.03.2024,Matiyar urf bhutahwa se ghurhujot pathardeiya parsa diwan marg ke km 2 me 100 and 3 me 300 me CC and nail ka karya,,,,,,,,,,,,,,,,Chief Engineer Gorakhpur Zone PWD Gorakhpur UP||SE BASTI CIRCLE PWD BASTI||EE CONSTRUCTION DIVISION 1 PWD SIDDHARTHNAGAR ETWA,,,,,,"2,921,935",,2024-04-06,Chief Engineer Gorakhpur Zone PWD Gorakhpur UP||SE BASTI CIRCLE PWD BASTI||EE CONSTRUCTION DIVISION 1 PWD SIDDHARTHNAGAR ETWA
2024_CEGKP_912297_1,331/4A/2024 Dt. 05.03.2024,Matiyar urf bhutahwa se ghurhujot pathardeiya parsa diwan marg ke km 2 me 100 and 3 me 300 me CC and nail ka karya,,,,,,,,,,,,,,,,Chief Engineer Gorakhpur Zone PWD Gorakhpur UP||SE BASTI CIRCLE PWD BASTI||EE CONSTRUCTION DIVISION 1 PWD SIDDHARTHNAGAR ETWA,,,,,,"2,921,935",,2024-04-06,Chief Engineer Gorakhpur Zone PWD Gorakhpur UP||SE BASTI CIRCLE PWD BASTI||EE CONSTRUCTION DIVISION 1 PWD SIDDHARTHNAGAR ETWA
2024_CEGKP_905502_1,572/7A DATE 19-02-2024,Road safety work on Tamkuhi Barwa Patti Road (ODR),,,,,,,,,,,,,,,,Chief Engineer Gorakhpur Zone PWD Gorakhpur UP||SE DEORIA CIRCLE PWD DEORIA||EE PROVINCIAL DIVISION PWD KUSHINAGAR,,,,,,"1,712,006.13",,2024-04-18,Chief Engineer Gorakhpur Zone PWD Gorakhpur UP||SE DEORIA CIRCLE PWD DEORIA||EE PROVINCIAL DIVISION PWD KUSHINAGAR
2024_CEGKP_905502_1,572/7A DATE 19-02-2024,Road safety work on Tamkuhi Barwa Patti Road (ODR),,,,,,,,,,,,,,,,Chief Engineer Gorakhpur Zone PWD Gorakhpur UP||SE DEORIA CIRCLE PWD DEORIA||EE PROVINCIAL DIVISION PWD KUSHINAGAR,,,,,,"1,712,006.13",,2024-04-18,Chief Engineer Gorakhpur Zone PWD Gorakhpur UP||SE DEORIA CIRCLE PWD DEORIA||EE PROVINCIAL DIVISION PWD KUSHINAGAR
2024_CEGKP_905502_1,572/7A DATE 19-02-2024,Road safety work on Tamkuhi Barwa Patti Road (ODR),,,,,,,,,,,,,,,,Chief Engineer Gorakhpur Zone PWD Gorakhpur UP||SE DEORIA CIRCLE PWD DEORIA||EE PROVINCIAL DIVISION PWD KUSHINAGAR,,,,,,"1,712,006.13",,2024-04-18,Chief Engineer Gorakhpur Zone PWD Gorakhpur UP||SE DEORIA CIRCLE PWD DEORIA||EE PROVINCIAL DIVISION PWD KUSHINAGAR
2024_CEGKP_906412_1,220/1A/2024 Dt. 14.02.2024,Janpad Siddharthnagar ke antargat Itwa Tahseel me sthit gram nyayalay ko kriyasheel kiye jane hetu nyayaly bhawan me civil nirman/marmmat karya,,,,,,,,,,,,,,,,Chief Engineer Gorakhpur Zone PWD Gorakhpur UP||SE BASTI CIRCLE PWD BASTI||EE CONSTRUCTION DIVISION 1 PWD SIDDHARTHNAGAR ETWA,,,,,,"1,604,013",,2024-04-05,Chief Engineer Gorakhpur Zone PWD Gorakhpur UP||SE BASTI CIRCLE PWD BASTI||EE CONSTRUCTION DIVISION 1 PWD SIDDHARTHNAGAR ETWA
2024_CEGKP_904956_3,36/15 LEKHA Date- 09.02.2024,Road safety work on Tinhawa Bodarwar (other district road).,,,,,,,,,,,,,,,,Chief Engineer Gorakhpur Zone PWD Gorakhpur UP||SE DEORIA CIRCLE PWD DEORIA||EE CONSTRUCTION DIVISION PWD KUSHINAGAR,,,,,,"1,014,704.31",,2024-04-20,Chief Engineer Gorakhpur Zone PWD Gorakhpur UP||SE DEORIA CIRCLE PWD DEORIA||EE CONSTRUCTION DIVISION PWD KUSHINAGAR
2024_CEGKP_904973_3,37/15 LEKHA Date- 09.02.2024,"Laying of foundation stone and installation of stone slabs, work of painting/painting of kilometer stone, hectometer stone, bridges and culverts on various roads under Assembly Ramkola in Kushinagar district",,,,,,,,,,,,,,,,Chief Engineer Gorakhpur Zone PWD Gorakhpur UP||SE DEORIA CIRCLE PWD DEORIA||EE CONSTRUCTION DIVISION PWD KUSHINAGAR,,,,,,"856,901.05",,2024-04-10,Chief Engineer Gorakhpur Zone PWD Gorakhpur UP||SE DEORIA CIRCLE PWD DEORIA||EE CONSTRUCTION DIVISION PWD KUSHINAGAR
2024_UPCBL_915280_1,1063/E-TENDER/2023-24,SSS LTD AOUSER BLOCK UMARDA KANNAUJ,,,,,,,,,,,,,,,,UP Cooperative Bank Ltd.||District Cooperative Bank Ltd. Farrukhabad,,,,,,"1,687,471.2",,2024-04-06,UP Cooperative Bank Ltd.||District Cooperative Bank Ltd. Farrukhabad
2024_UPCBL_915280_1,1063/E-TENDER/2023-24,SSS LTD AOUSER BLOCK UMARDA KANNAUJ,,,,,,,,,,,,,,,,UP Cooperative Bank Ltd.||District Cooperative Bank Ltd. Farrukhabad,,,,,,"1,687,471.2",,2024-04-06,UP Cooperative Bank Ltd.||District Cooperative Bank Ltd. Farrukhabad
2024_UPCBL_915282_1,1062/E-TENDER/2023-24,KISAN SSS LTD HASERAN BLOCK HASERAN KANNAUJ,,,,,,,,,,,,,,,,UP Cooperative Bank Ltd.||District Cooperative Bank Ltd. Farrukhabad,,,,,,"1,810,710",,2024-04-06,UP Cooperative Bank Ltd.||District Cooperative Bank Ltd. Farrukhabad
2024_UPCBL_915283_1,1061/T-TENDER/2023-24,KISAN SSS LTD PREMPUR BLOCK CHHIBRAMAU,,,,,,,,,,,,,,,,UP Cooperative Bank Ltd.||District Cooperative Bank Ltd. Farrukhabad,,,,,,"1,898,820",,2024-04-06,UP Cooperative Bank Ltd.||District Cooperative Bank Ltd. Farrukhabad
2024_UPCTL_891282_1,Short T Tender Notice 17(04)/ECTC/GKP/2023-24,Daily Upkeep and Running of Chief Engineer TNE Office Transmission Building Gorakhpur,,,,,,,,,,,,,,,,UP Power Transmission Corp.Ltd (Works and Projects))||Chief Engineer (Civil-2)||Gorakhpur Circle,,,,,,"700,407.39",,2024-04-13,UP Power Transmission Corp.Ltd (Works and Projects))||Chief Engineer (Civil-2)||Gorakhpur Circle
2024_UPCTL_891429_1,Short T Tender Notice 18(03)/ECTC/GKP/2023-24,Civil M and R Works at Various Volts Energized Transmission Substations under jurisdiction of Electricity Transmission Circle Azamgarh,,,,,,,,,,,,,,,,UP Power Transmission Corp.Ltd (Works and Projects))||Chief Engineer (Civil-2)||Gorakhpur Circle,,,,,,"39,661,337.59",,2024-04-01,UP Power Transmission Corp.Ltd (Works and Projects))||Chief Engineer (Civil-2)||Gorakhpur Circle
2024_UPCTL_891429_1,Short T Tender Notice 18(03)/ECTC/GKP/2023-24,Civil M and R Works at Various Volts Energized Transmission Substations under jurisdiction of Electricity Transmission Circle Azamgarh,,,,,,,,,,,,,,,,UP Power Transmission Corp.Ltd (Works and Projects))||Chief Engineer (Civil-2)||Gorakhpur Circle,,,,,,"39,661,337.59",,2024-04-01,UP Power Transmission Corp.Ltd (Works and Projects))||Chief Engineer (Civil-2)||Gorakhpur Circle
2024_UPCTL_891429_1,Short T Tender Notice 18(03)/ECTC/GKP/2023-24,Civil M and R Works at Various Volts Energized Transmission Substations under jurisdiction of Electricity Transmission Circle Azamgarh,,,,,,,,,,,,,,,,UP Power Transmission Corp.Ltd (Works and Projects))||Chief Engineer (Civil-2)||Gorakhpur Circle,,,,,,"39,661,337.59",,2024-04-01,UP Power Transmission Corp.Ltd (Works and Projects))||Chief Engineer (Civil-2)||Gorakhpur Circle
2024_CEGKP_904710_8,35/15 LEKHA Date- 09.02.2024,Patch repair work on rural roads in development block Hata,,,,,,,,,,,,,,,,Chief Engineer Gorakhpur Zone PWD Gorakhpur UP||SE DEORIA CIRCLE PWD DEORIA||EE CONSTRUCTION DIVISION PWD KUSHINAGAR,,,,,,"901,289.1",,2024-04-10,Chief Engineer Gorakhpur Zone PWD Gorakhpur UP||SE DEORIA CIRCLE PWD DEORIA||EE CONSTRUCTION DIVISION PWD KUSHINAGAR
2024_CEGKP_904470_3,90/5Lekha Date 23.02.2024,SR work of Sriramjanki Road to Surdapar Shukl Link Road in Distt Gorakhpur FY 2023 24 Lot No 03 of 04,,,,,,,,,,,,,,,,Chief Engineer Gorakhpur Zone PWD Gorakhpur UP||GORAKHPUAR CIRCLE PWD GORAKHPUR||EE PROVINCIAL DIVISION PWD GORAKHPUR,,,,,,"1,261,113",,2024-04-06,Chief Engineer Gorakhpur Zone PWD Gorakhpur UP||GORAKHPUAR CIRCLE PWD GORAKHPUR||EE PROVINCIAL DIVISION PWD GORAKHPUR
2024_CEGKP_901617_2,571/7A DATE 19-02-2024,Construction work of boundary wall in JSY Sub Center Hiranhi,,,,,,,,,,,,,,,,Chief Engineer Gorakhpur Zone PWD Gorakhpur UP||SE DEORIA CIRCLE PWD DEORIA||EE PROVINCIAL DIVISION PWD KUSHINAGAR,,,,,,"813,510.9",,2024-04-24,Chief Engineer Gorakhpur Zone PWD Gorakhpur UP||SE DEORIA CIRCLE PWD DEORIA||EE PROVINCIAL DIVISION PWD KUSHINAGAR
2024_CEGKP_901756_1,524/7A DATE 14-02-2024,Construction work of west boundary wall of District Joint Hospital,,,,,,,,,,,,,,,,Chief Engineer Gorakhpur Zone PWD Gorakhpur UP||SE DEORIA CIRCLE PWD DEORIA||EE PROVINCIAL DIVISION PWD KUSHINAGAR,,,,,,"446,783",,2024-04-24,Chief Engineer Gorakhpur Zone PWD Gorakhpur UP||SE DEORIA CIRCLE PWD DEORIA||EE PROVINCIAL DIVISION PWD KUSHINAGAR
2024_CEGKP_901756_2,524/7A DATE 14-02-2024,Construction work of the boundary wall of the sports ground complex of District Sports Office Sports Stadium,,,,,,,,,,,,,,,,Chief Engineer Gorakhpur Zone PWD Gorakhpur UP||SE DEORIA CIRCLE PWD DEORIA||EE PROVINCIAL DIVISION PWD KUSHINAGAR,,,,,,"709,380.79",,2024-04-24,Chief Engineer Gorakhpur Zone PWD Gorakhpur UP||SE DEORIA CIRCLE PWD DEORIA||EE PROVINCIAL DIVISION PWD KUSHINAGAR
2024_CEGKP_901617_1,571/7A DATE 19-02-2024,Construction work of Anganwadi center in primary school Dandopur name of Anganwadi center Dandopur,,,,,,,,,,,,,,,,Chief Engineer Gorakhpur Zone PWD Gorakhpur UP||SE DEORIA CIRCLE PWD DEORIA||EE PROVINCIAL DIVISION PWD KUSHINAGAR,,,,,,"836,260.68",,2024-04-24,Chief Engineer Gorakhpur Zone PWD Gorakhpur UP||SE DEORIA CIRCLE PWD DEORIA||EE PROVINCIAL DIVISION PWD KUSHINAGAR
2024_CEGKP_901617_16,571/7A DATE 19-02-2024,Construction work of Cluster Level Federation CLF building in Padri Piparpoti,,,,,,,,,,,,,,,,Chief Engineer Gorakhpur Zone PWD Gorakhpur UP||SE DEORIA CIRCLE PWD DEORIA||EE PROVINCIAL DIVISION PWD KUSHINAGAR,,,,,,"678,162.45",,2024-04-24,Chief Engineer Gorakhpur Zone PWD Gorakhpur UP||SE DEORIA CIRCLE PWD DEORIA||EE PROVINCIAL DIVISION PWD KUSHINAGAR
2024_CEGKP_901617_1,571/7A DATE 19-02-2024,Construction work of Anganwadi center in primary school Dandopur name of Anganwadi center Dandopur,,,,,,,,,,,,,,,,Chief Engineer Gorakhpur Zone PWD Gorakhpur UP||SE DEORIA CIRCLE PWD DEORIA||EE PROVINCIAL DIVISION PWD KUSHINAGAR,,,,,,"836,260.68",,2024-04-24,Chief Engineer Gorakhpur Zone PWD Gorakhpur UP||SE DEORIA CIRCLE PWD DEORIA||EE PROVINCIAL DIVISION PWD KUSHINAGAR
2024_CEGKP_897251_25,288/5Lekha Date 03.02.2024,SR work of Hata Badgo to Loharpar Link Road in Distt Gorakhpur FY 2023 24 Lot No 25 of 30,,,,,,,,,,,,,,,,Chief Engineer Gorakhpur Zone PWD Gorakhpur UP||GORAKHPUAR CIRCLE PWD GORAKHPUR||EE PROVINCIAL DIVISION PWD GORAKHPUR,,,,,,"458,495",,2024-04-01,Chief Engineer Gorakhpur Zone PWD Gorakhpur UP||GORAKHPUAR CIRCLE PWD GORAKHPUR||EE PROVINCIAL DIVISION PWD GORAKHPUR
2024_CEGKP_897251_29,288/5Lekha Date 03.02.2024,SR work of Jogiyakol Link Road in Distt Gorakhpur FY 2023 24,,,,,,,,,,,,,,,,Chief Engineer Gorakhpur Zone PWD Gorakhpur UP||GORAKHPUAR CIRCLE PWD GORAKHPUR||EE PROVINCIAL DIVISION PWD GORAKHPUR,,,,,,"1,474,365",,2024-04-04,Chief Engineer Gorakhpur Zone PWD Gorakhpur UP||GORAKHPUAR CIRCLE PWD GORAKHPUR||EE PROVINCIAL DIVISION PWD GORAKHPUR
2024_CEGKP_897251_29,288/5Lekha Date 03.02.2024,SR work of Jogiyakol Link Road in Distt Gorakhpur FY 2023 24,,,,,,,,,,,,,,,,Chief Engineer Gorakhpur Zone PWD Gorakhpur UP||GORAKHPUAR CIRCLE PWD GORAKHPUR||EE PROVINCIAL DIVISION PWD GORAKHPUR,,,,,,"1,474,365",,2024-04-04,Chief Engineer Gorakhpur Zone PWD Gorakhpur UP||GORAKHPUAR CIRCLE PWD GORAKHPUR||EE PROVINCIAL DIVISION PWD GORAKHPUR
2024_CEGKP_897251_4,288/5Lekha Date 03.02.2024,SR work of Dadava Manohar Link Road in Distt Gorakhpur in FY 2023 24 Lot No 04 of 30,,,,,,,,,,,,,,,,Chief Engineer Gorakhpur Zone PWD Gorakhpur UP||GORAKHPUAR CIRCLE PWD GORAKHPUR||EE PROVINCIAL DIVISION PWD GORAKHPUR,,,,,,"896,044.5",,2024-04-24,Chief Engineer Gorakhpur Zone PWD Gorakhpur UP||GORAKHPUAR CIRCLE PWD GORAKHPUR||EE PROVINCIAL DIVISION PWD GORAKHPUR
2024_CEGKP_897251_5,288/5Lekha Date 03.02.2024,SR work of Khajani Jakha Link Road in Distt Gorakhpur in FY 2023 24 Lot No 05 of 30,,,,,,,,,,,,,,,,Chief Engineer Gorakhpur Zone PWD Gorakhpur UP||GORAKHPUAR CIRCLE PWD GORAKHPUR||EE PROVINCIAL DIVISION PWD GORAKHPUR,,,,,,"929,323",,2024-04-24,Chief Engineer Gorakhpur Zone PWD Gorakhpur UP||GORAKHPUAR CIRCLE PWD GORAKHPUR||EE PROVINCIAL DIVISION PWD GORAKHPUR
2024_CEGKP_897251_6,288/5Lekha Date 03.02.2024,SR work GGC to Ramdih Link Road in Distt Gorakhpur FY 2023 24 Lot No 06 of 30,,,,,,,,,,,,,,,,Chief Engineer Gorakhpur Zone PWD Gorakhpur UP||GORAKHPUAR CIRCLE PWD GORAKHPUR||EE PROVINCIAL DIVISION PWD GORAKHPUR,,,,,,"1,227,004",,2024-04-04,Chief Engineer Gorakhpur Zone PWD Gorakhpur UP||GORAKHPUAR CIRCLE PWD GORAKHPUR||EE PROVINCIAL DIVISION PWD GORAKHPUR
2024_UPCBL_915265_1,1064/E-TENDER/2023-24,K SSS LTD TALGRAM DISTRICT KANNAUJ,,,,,,,,,,,,,,,,UP Cooperative Bank Ltd.||District Cooperative Bank Ltd. Farrukhabad,,,,,,"1,655,280",,2024-04-06,UP Cooperative Bank Ltd.||District Cooperative Bank Ltd. Farrukhabad
2024_UPCBL_915265_1,1064/E-TENDER/2023-24,K SSS LTD TALGRAM DISTRICT KANNAUJ,,,,,,,,,,,,,,,,UP Cooperative Bank Ltd.||District Cooperative Bank Ltd. Farrukhabad,,,,,,"1,655,280",,2024-04-06,UP Cooperative Bank Ltd.||District Cooperative Bank Ltd. Farrukhabad
2024_UPCBL_915269_1,1059/E-TENDER/2023-24,KISAN SSS LTD KAIMGANJ UTTARI BLOCK KAIMGANJ DISTRICT FARRUKHABAD,,,,,,,,,,,,,,,,UP Cooperative Bank Ltd.||District Cooperative Bank Ltd. Farrukhabad,,,,,,"1,881,000",,2024-04-06,UP Cooperative Bank Ltd.||District Cooperative Bank Ltd. Farrukhabad
2024_UPCBL_915269_1,1059/E-TENDER/2023-24,KISAN SSS LTD KAIMGANJ UTTARI BLOCK KAIMGANJ DISTRICT FARRUKHABAD,,,,,,,,,,,,,,,,UP Cooperative Bank Ltd.||District Cooperative Bank Ltd. Farrukhabad,,,,,,"1,881,000",,2024-04-06,UP Cooperative Bank Ltd.||District Cooperative Bank Ltd. Farrukhabad
2024_UPCBL_915272_1,1058/E-TENDER/2023-24,SSS LTD JADEPURVA KANNAUJ,,,,,,,,,,,,,,,,UP Cooperative Bank Ltd.||District Cooperative Bank Ltd. Farrukhabad,,,,,,"1,758,772.8",,2024-04-06,UP Cooperative Bank Ltd.||District Cooperative Bank Ltd. Farrukhabad
2024_CEGKP_897251_2,288/5Lekha Date 03.02.2024,SR work of Shahdodand Link Road in Distt Gorakhpur in FY 2023 24 Lot No 02 of 30,,,,,,,,,,,,,,,,Chief Engineer Gorakhpur Zone PWD Gorakhpur UP||GORAKHPUAR CIRCLE PWD GORAKHPUR||EE PROVINCIAL DIVISION PWD GORAKHPUR,,,,,,"869,193",,2024-04-24,Chief Engineer Gorakhpur Zone PWD Gorakhpur UP||GORAKHPUAR CIRCLE PWD GORAKHPUR||EE PROVINCIAL DIVISION PWD GORAKHPUR
2024_CEGKP_897251_10,288/5Lekha Date 03.02.2024,SR work of Lalmanpura Link Road in Distt Gorakhpur FY 2023 24 Lot No 10 of 30,,,,,,,,,,,,,,,,Chief Engineer Gorakhpur Zone PWD Gorakhpur UP||GORAKHPUAR CIRCLE PWD GORAKHPUR||EE PROVINCIAL DIVISION PWD GORAKHPUR,,,,,,"2,073,847",,2024-04-04,Chief Engineer Gorakhpur Zone PWD Gorakhpur UP||GORAKHPUAR CIRCLE PWD GORAKHPUR||EE PROVINCIAL DIVISION PWD GORAKHPUR
2024_CEGKP_897251_10,288/5Lekha Date 03.02.2024,SR work of Lalmanpura Link Road in Distt Gorakhpur FY 2023 24 Lot No 10 of 30,,,,,,,,,,,,,,,,Chief Engineer Gorakhpur Zone PWD Gorakhpur UP||GORAKHPUAR CIRCLE PWD GORAKHPUR||EE PROVINCIAL DIVISION PWD GORAKHPUR,,,,,,"2,073,847",,2024-04-04,Chief Engineer Gorakhpur Zone PWD Gorakhpur UP||GORAKHPUAR CIRCLE PWD GORAKHPUR||EE PROVINCIAL DIVISION PWD GORAKHPUR
2024_CEGKP_896512_1,735/33Com-Gkp Circle/2024 Dated 02-02-2024,Reconstruction of Pharenda Brijmanganj road to Ghammar Chauraha via Vijay Salahiya Road Lot No 1 of 1,,,,,,,,,,,,,,,,Chief Engineer Gorakhpur Zone PWD Gorakhpur UP||GORAKHPUAR CIRCLE PWD GORAKHPUR,,,,,,"3,704,904",,2024-04-15,Chief Engineer Gorakhpur Zone PWD Gorakhpur UP||GORAKHPUAR CIRCLE PWD GORAKHPUR
2024_CEGKP_896512_1,735/33Com-Gkp Circle/2024 Dated 02-02-2024,Reconstruction of Pharenda Brijmanganj road to Ghammar Chauraha via Vijay Salahiya Road Lot No 1 of 1,,,,,,,,,,,,,,,,Chief Engineer Gorakhpur Zone PWD Gorakhpur UP||GORAKHPUAR CIRCLE PWD GORAKHPUR,,,,,,"3,704,904",,2024-04-15,Chief Engineer Gorakhpur Zone PWD Gorakhpur UP||GORAKHPUAR CIRCLE PWD GORAKHPUR
2024_CEGKP_896512_1,735/33Com-Gkp Circle/2024 Dated 02-02-2024,Reconstruction of Pharenda Brijmanganj road to Ghammar Chauraha via Vijay Salahiya Road Lot No 1 of 1,,,,,,,,,,,,,,,,Chief Engineer Gorakhpur Zone PWD Gorakhpur UP||GORAKHPUAR CIRCLE PWD GORAKHPUR,,,,,,"3,704,904",,2024-04-15,Chief Engineer Gorakhpur Zone PWD Gorakhpur UP||GORAKHPUAR CIRCLE PWD GORAKHPUR
2024_CEGKP_894919_31,181/1A Dated 05-02-2024,Renewal work with General Repair of Kaudiram Gola road to Darahiya Khurd link road Length 0.455 km,,,,,,,,,,,,,,,,Chief Engineer Gorakhpur Zone PWD Gorakhpur UP||GORAKHPUAR CIRCLE PWD GORAKHPUR||Construction Division-2 PWD Gorakhpur,,,,,,"413,767",,2024-04-16,Chief Engineer Gorakhpur Zone PWD Gorakhpur UP||GORAKHPUAR CIRCLE PWD GORAKHPUR||Construction Division-2 PWD Gorakhpur
2024_CEGKP_894909_4,158/1A/2024 Dt. 06.02.2024,Kohdaura sohna marg se barhara hote huye jigna habibpur nahar patri marg ka punarnirman karya,,,,,,,,,,,,,,,,Chief Engineer Gorakhpur Zone PWD Gorakhpur UP||SE BASTI CIRCLE PWD BASTI||EE CONSTRUCTION DIVISION 1 PWD SIDDHARTHNAGAR ETWA,,,,,,"1,357,118",,2024-04-04,Chief Engineer Gorakhpur Zone PWD Gorakhpur UP||SE BASTI CIRCLE PWD BASTI||EE CONSTRUCTION DIVISION 1 PWD SIDDHARTHNAGAR ETWA
2024_CEGKP_894909_6,158/1A/2024 Dt. 06.02.2024,BTIB marg ke km 37 se malhwar bujurg link road ke km 1(550) me navinikaran karya,,,,,,,,,,,,,,,,Chief Engineer Gorakhpur Zone PWD Gorakhpur UP||SE BASTI CIRCLE PWD BASTI||EE CONSTRUCTION DIVISION 1 PWD SIDDHARTHNAGAR ETWA,,,,,,"572,791",,2024-04-06,Chief Engineer Gorakhpur Zone PWD Gorakhpur UP||SE BASTI CIRCLE PWD BASTI||EE CONSTRUCTION DIVISION 1 PWD SIDDHARTHNAGAR ETWA
2024_CEGKP_894909_6,158/1A/2024 Dt. 06.02.2024,BTIB marg ke km 37 se malhwar bujurg link road ke km 1(550) me navinikaran karya,,,,,,,,,,,,,,,,Chief Engineer Gorakhpur Zone PWD Gorakhpur UP||SE BASTI CIRCLE PWD BASTI||EE CONSTRUCTION DIVISION 1 PWD SIDDHARTHNAGAR ETWA,,,,,,"572,791",,2024-04-06,Chief Engineer Gorakhpur Zone PWD Gorakhpur UP||SE BASTI CIRCLE PWD BASTI||EE CONSTRUCTION DIVISION 1 PWD SIDDHARTHNAGAR ETWA
2024_CEGKP_894919_12,181/1A Dated 05-02-2024,Special repair of Sonbarsa to Basdeela Rausad link road Length 1.700 km,,,,,,,,,,,,,,,,Chief Engineer Gorakhpur Zone PWD Gorakhpur UP||GORAKHPUAR CIRCLE PWD GORAKHPUR||Construction Division-2 PWD Gorakhpur,,,,,,"2,801,521.52",,2024-04-10,Chief Engineer Gorakhpur Zone PWD Gorakhpur UP||GORAKHPUAR CIRCLE PWD GORAKHPUR||Construction Division-2 PWD Gorakhpur
2024_CEGKP_894919_13,181/1A Dated 05-02-2024,Special repair of Surendra Singh ke Khet to Parsaghat  link road Length 1.000 km,,,,,,,,,,,,,,,,Chief Engineer Gorakhpur Zone PWD Gorakhpur UP||GORAKHPUAR CIRCLE PWD GORAKHPUR||Construction Division-2 PWD Gorakhpur,,,,,,"1,031,549.75",,2024-04-16,Chief Engineer Gorakhpur Zone PWD Gorakhpur UP||GORAKHPUAR CIRCLE PWD GORAKHPUR||Construction Division-2 PWD Gorakhpur
2024_CEGKP_892524_5,370/7A DATE 03-02-2024,Spacial Repair  Nadah Bazaar via Sugi Babu Chapra Link road to,,,,,,,,,,,,,,,,Chief Engineer Gorakhpur Zone PWD Gorakhpur UP||SE DEORIA CIRCLE PWD DEORIA||EE PROVINCIAL DIVISION PWD KUSHINAGAR,,,,,,"1,669,947.03",,2024-04-12,Chief Engineer Gorakhpur Zone PWD Gorakhpur UP||SE DEORIA CIRCLE PWD DEORIA||EE PROVINCIAL DIVISION PWD KUSHINAGAR
2024_CEGKP_892524_16,370/7A DATE 03-02-2024,Special Repair Kuber place Shivpur road to Singha link road,,,,,,,,,,,,,,,,Chief Engineer Gorakhpur Zone PWD Gorakhpur UP||SE DEORIA CIRCLE PWD DEORIA||EE PROVINCIAL DIVISION PWD KUSHINAGAR,,,,,,"2,511,618.78",,2024-04-12,Chief Engineer Gorakhpur Zone PWD Gorakhpur UP||SE DEORIA CIRCLE PWD DEORIA||EE PROVINCIAL DIVISION PWD KUSHINAGAR
2024_CEGKP_892524_16,370/7A DATE 03-02-2024,Special Repair Kuber place Shivpur road to Singha link road,,,,,,,,,,,,,,,,Chief Engineer Gorakhpur Zone PWD Gorakhpur UP||SE DEORIA CIRCLE PWD DEORIA||EE PROVINCIAL DIVISION PWD KUSHINAGAR,,,,,,"2,511,618.78",,2024-04-12,Chief Engineer Gorakhpur Zone PWD Gorakhpur UP||SE DEORIA CIRCLE PWD DEORIA||EE PROVINCIAL DIVISION PWD KUSHINAGAR
2024_CEGKP_891845_5,1891/15 LEKHA Date- 12.12.2023,Reconstruction work of Bodhi Chhapra to Ahirauli link road. (By Hot Mix Plant),,,,,,,,,,,,,,,,Chief Engineer Gorakhpur Zone PWD Gorakhpur UP||SE DEORIA CIRCLE PWD DEORIA||EE CONSTRUCTION DIVISION PWD KUSHINAGAR,,,,,,"2,237,497.73",,2024-04-29,Chief Engineer Gorakhpur Zone PWD Gorakhpur UP||SE DEORIA CIRCLE PWD DEORIA||EE CONSTRUCTION DIVISION PWD KUSHINAGAR
2024_CEGKP_888148_17,24/5Lekha Date 16.01.2024,Basiyakhor Sahidabad Link Road in Distt Gorakhpur Lot no 17 of 20,,,,,,,,,,,,,,,,Chief Engineer Gorakhpur Zone PWD Gorakhpur UP||GORAKHPUAR CIRCLE PWD GORAKHPUR||EE PROVINCIAL DIVISION PWD GORAKHPUR,,,,,,"1,352,017",,2024-04-01,Chief Engineer Gorakhpur Zone PWD Gorakhpur UP||GORAKHPUAR CIRCLE PWD GORAKHPUR||EE PROVINCIAL DIVISION PWD GORAKHPUR
2024_CEGKP_888148_19,24/5Lekha Date 16.01.2024,NH 28 to KM 246 to Dihwa Link Road in Distt Gorakhpur Lot No 19 of 20,,,,,,,,,,,,,,,,Chief Engineer Gorakhpur Zone PWD Gorakhpur UP||GORAKHPUAR CIRCLE PWD GORAKHPUR||EE PROVINCIAL DIVISION PWD GORAKHPUR,,,,,,"639,751",,2024-04-01,Chief Engineer Gorakhpur Zone PWD Gorakhpur UP||GORAKHPUAR CIRCLE PWD GORAKHPUR||EE PROVINCIAL DIVISION PWD GORAKHPUR
2024_CEGKP_888148_19,24/5Lekha Date 16.01.2024,NH 28 to KM 246 to Dihwa Link Road in Distt Gorakhpur Lot No 19 of 20,,,,,,,,,,,,,,,,Chief Engineer Gorakhpur Zone PWD Gorakhpur UP||GORAKHPUAR CIRCLE PWD GORAKHPUR||EE PROVINCIAL DIVISION PWD GORAKHPUR,,,,,,"639,751",,2024-04-01,Chief Engineer Gorakhpur Zone PWD Gorakhpur UP||GORAKHPUAR CIRCLE PWD GORAKHPUR||EE PROVINCIAL DIVISION PWD GORAKHPUR
2024_CEGKP_888148_2,24/5Lekha Date 16.01.2024,Renewal work of Dashwatpur Bharthari Lakhansuti Road  ODR  By Hot Mix Plant in Distt Gorakhpur Lot No 02 of 20,,,,,,,,,,,,,,,,Chief Engineer Gorakhpur Zone PWD Gorakhpur UP||GORAKHPUAR CIRCLE PWD GORAKHPUR||EE PROVINCIAL DIVISION PWD GORAKHPUR,,,,,,"2,512,073",,2024-04-06,Chief Engineer Gorakhpur Zone PWD Gorakhpur UP||GORAKHPUAR CIRCLE PWD GORAKHPUR||EE PROVINCIAL DIVISION PWD GORAKHPUR
2024_CEGKP_888148_10,24/5Lekha Date 16.01.2024,Kaudiram Gola Road KM 20 to Belnapar hote hue Pandeypur Goan Link Road in Distt Gorakhpur Lot 10 of 20,,,,,,,,,,,,,,,,Chief Engineer Gorakhpur Zone PWD Gorakhpur UP||GORAKHPUAR CIRCLE PWD GORAKHPUR||EE PROVINCIAL DIVISION PWD GORAKHPUR,,,,,,"850,676",,2024-04-01,Chief Engineer Gorakhpur Zone PWD Gorakhpur UP||GORAKHPUAR CIRCLE PWD GORAKHPUR||EE PROVINCIAL DIVISION PWD GORAKHPUR
2024_CEGKP_888148_14,24/5Lekha Date 16.01.2024,Gajhada Sonaicha Link Road in Distt Gorakhpur Lot 14 of 20,,,,,,,,,,,,,,,,Chief Engineer Gorakhpur Zone PWD Gorakhpur UP||GORAKHPUAR CIRCLE PWD GORAKHPUR||EE PROVINCIAL DIVISION PWD GORAKHPUR,,,,,,"1,547,149",,2024-04-01,Chief Engineer Gorakhpur Zone PWD Gorakhpur UP||GORAKHPUAR CIRCLE PWD GORAKHPUR||EE PROVINCIAL DIVISION PWD GORAKHPUR
2024_CEGKP_888148_14,24/5Lekha Date 16.01.2024,Gajhada Sonaicha Link Road in Distt Gorakhpur Lot 14 of 20,,,,,,,,,,,,,,,,Chief Engineer Gorakhpur Zone PWD Gorakhpur UP||GORAKHPUAR CIRCLE PWD GORAKHPUR||EE PROVINCIAL DIVISION PWD GORAKHPUR,,,,,,"1,547,149",,2024-04-01,Chief Engineer Gorakhpur Zone PWD Gorakhpur UP||GORAKHPUAR CIRCLE PWD GORAKHPUR||EE PROVINCIAL DIVISION PWD GORAKHPUR
2024_CEGKP_888148_1,24/5Lekha Date 16.01.2024,Renewal work of Dadi Bhupgarh dhuriyapar chhini mil Urawa Road  ODR By Hot Mix Plant in Distt Gorakhpur Lot No 01 of 20,,,,,,,,,,,,,,,,Chief Engineer Gorakhpur Zone PWD Gorakhpur UP||GORAKHPUAR CIRCLE PWD GORAKHPUR||EE PROVINCIAL DIVISION PWD GORAKHPUR,,,,,,"2,929,417",,2024-04-01,Chief Engineer Gorakhpur Zone PWD Gorakhpur UP||GORAKHPUAR CIRCLE PWD GORAKHPUR||EE PROVINCIAL DIVISION PWD GORAKHPUR
2024_CEGKP_886912_3,406/135C-Gorakhpur Circle/2024 Dated 18-01-2024,Special Repair of Aaraji Basdela link road Lot No 3 of 11,,,,,,,,,,,,,,,,Chief Engineer Gorakhpur Zone PWD Gorakhpur UP||GORAKHPUAR CIRCLE PWD GORAKHPUR,,,,,,"5,245,760",,2024-04-26,Chief Engineer Gorakhpur Zone PWD Gorakhpur UP||GORAKHPUAR CIRCLE PWD GORAKHPUR
2024_CEGKP_886590_3,86/1A/2024 Dt. 18.01.2024,Vikas khand-Itwa me Dumariyaganj-Dhebaruwa SH-75 ke Left Side ke margo ka patch marmmat karya,,,,,,,,,,,,,,,,Chief Engineer Gorakhpur Zone PWD Gorakhpur UP||SE BASTI CIRCLE PWD BASTI||EE CONSTRUCTION DIVISION 1 PWD SIDDHARTHNAGAR ETWA,,,,,,"1,220,555",,2024-04-06,Chief Engineer Gorakhpur Zone PWD Gorakhpur UP||SE BASTI CIRCLE PWD BASTI||EE CONSTRUCTION DIVISION 1 PWD SIDDHARTHNAGAR ETWA
2024_CEGKP_886131_3,115/1A Dated 16-01-2024,Renewal work with General Repair of Mahabir Chhapara Kakarakhore to Jungle Akhilas Kunwar Link Road Length 1.50 km,,,,,,,,,,,,,,,,Chief Engineer Gorakhpur Zone PWD Gorakhpur UP||GORAKHPUAR CIRCLE PWD GORAKHPUR||Construction Division-2 PWD Gorakhpur,,,,,,"969,443.34",,2024-04-18,Chief Engineer Gorakhpur Zone PWD Gorakhpur UP||GORAKHPUAR CIRCLE PWD GORAKHPUR||Construction Division-2 PWD Gorakhpur
2024_CEGKP_885992_29,85/1A/2024 Dt. 18.01.2024,Naudeeh Biskohar se muravdeeh link road ke km-1 and 2(500) me samanya marmmat ke sath navinikaran ka karya,,,,,,,,,,,,,,,,Chief Engineer Gorakhpur Zone PWD Gorakhpur UP||SE BASTI CIRCLE PWD BASTI||EE CONSTRUCTION DIVISION 1 PWD SIDDHARTHNAGAR ETWA,,,,,,"1,596,358",,2024-04-04,Chief Engineer Gorakhpur Zone PWD Gorakhpur UP||SE BASTI CIRCLE PWD BASTI||EE CONSTRUCTION DIVISION 1 PWD SIDDHARTHNAGAR ETWA
2024_CEGKP_885992_29,85/1A/2024 Dt. 18.01.2024,Naudeeh Biskohar se muravdeeh link road ke km-1 and 2(500) me samanya marmmat ke sath navinikaran ka karya,,,,,,,,,,,,,,,,Chief Engineer Gorakhpur Zone PWD Gorakhpur UP||SE BASTI CIRCLE PWD BASTI||EE CONSTRUCTION DIVISION 1 PWD SIDDHARTHNAGAR ETWA,,,,,,"1,596,358",,2024-04-04,Chief Engineer Gorakhpur Zone PWD Gorakhpur UP||SE BASTI CIRCLE PWD BASTI||EE CONSTRUCTION DIVISION 1 PWD SIDDHARTHNAGAR ETWA
2024_CEGKP_885992_13,85/1A/2024 Dt. 18.01.2024,Singhorawa Dhandhara road se dhandhari link road ke km-1(600) me samanya marmmat ke sath navinikaran ka karya.,,,,,,,,,,,,,,,,Chief Engineer Gorakhpur Zone PWD Gorakhpur UP||SE BASTI CIRCLE PWD BASTI||EE CONSTRUCTION DIVISION 1 PWD SIDDHARTHNAGAR ETWA,,,,,,"573,398",,2024-04-06,Chief Engineer Gorakhpur Zone PWD Gorakhpur UP||SE BASTI CIRCLE PWD BASTI||EE CONSTRUCTION DIVISION 1 PWD SIDDHARTHNAGAR ETWA
2024_CEGKP_885992_21,85/1A/2024 Dt. 18.01.2024,Sohna Trilokpur Kograuda ODR ke Km-5 se Dokam amya kamsar budhu road ke km-9(500) and 10 me samanya marmmat ke sath navinikaran ka karya,,,,,,,,,,,,,,,,Chief Engineer Gorakhpur Zone PWD Gorakhpur UP||SE BASTI CIRCLE PWD BASTI||EE CONSTRUCTION DIVISION 1 PWD SIDDHARTHNAGAR ETWA,,,,,,"1,487,415",,2024-04-06,Chief Engineer Gorakhpur Zone PWD Gorakhpur UP||SE BASTI CIRCLE PWD BASTI||EE CONSTRUCTION DIVISION 1 PWD SIDDHARTHNAGAR ETWA
2024_CEGKP_885992_21,85/1A/2024 Dt. 18.01.2024,Sohna Trilokpur Kograuda ODR ke Km-5 se Dokam amya kamsar budhu road ke km-9(500) and 10 me samanya marmmat ke sath navinikaran ka karya,,,,,,,,,,,,,,,,Chief Engineer Gorakhpur Zone PWD Gorakhpur UP||SE BASTI CIRCLE PWD BASTI||EE CONSTRUCTION DIVISION 1 PWD SIDDHARTHNAGAR ETWA,,,,,,"1,487,415",,2024-04-06,Chief Engineer Gorakhpur Zone PWD Gorakhpur UP||SE BASTI CIRCLE PWD BASTI||EE CONSTRUCTION DIVISION 1 PWD SIDDHARTHNAGAR ETWA
2024_CEGKP_885992_21,85/1A/2024 Dt. 18.01.2024,Sohna Trilokpur Kograuda ODR ke Km-5 se Dokam amya kamsar budhu road ke km-9(500) and 10 me samanya marmmat ke sath navinikaran ka karya,,,,,,,,,,,,,,,,Chief Engineer Gorakhpur Zone PWD Gorakhpur UP||SE BASTI CIRCLE PWD BASTI||EE CONSTRUCTION DIVISION 1 PWD SIDDHARTHNAGAR ETWA,,,,,,"1,487,415",,2024-04-06,Chief Engineer Gorakhpur Zone PWD Gorakhpur UP||SE BASTI CIRCLE PWD BASTI||EE CONSTRUCTION DIVISION 1 PWD SIDDHARTHNAGAR ETWA
2024_CEGKP_885074_6,75/135C-Gorakhpur Circle/2023 Dated 03-01-2024,Construction of  Gram Beldaripur to Gram Yashwantpur Link Road (with 05 year Maintainance) Lot No 6 of 14,,,,,,,,,,,,,,,,Chief Engineer Gorakhpur Zone PWD Gorakhpur UP||GORAKHPUAR CIRCLE PWD GORAKHPUR,,,,,,"7,808,286",,2024-04-08,Chief Engineer Gorakhpur Zone PWD Gorakhpur UP||GORAKHPUAR CIRCLE PWD GORAKHPUR
2024_CEGKP_885074_6,75/135C-Gorakhpur Circle/2023 Dated 03-01-2024,Construction of  Gram Beldaripur to Gram Yashwantpur Link Road (with 05 year Maintainance) Lot No 6 of 14,,,,,,,,,,,,,,,,Chief Engineer Gorakhpur Zone PWD Gorakhpur UP||GORAKHPUAR CIRCLE PWD GORAKHPUR,,,,,,"7,808,286",,2024-04-08,Chief Engineer Gorakhpur Zone PWD Gorakhpur UP||GORAKHPUAR CIRCLE PWD GORAKHPUR
2024_CEGKP_885074_6,75/135C-Gorakhpur Circle/2023 Dated 03-01-2024,Construction of  Gram Beldaripur to Gram Yashwantpur Link Road (with 05 year Maintainance) Lot No 6 of 14,,,,,,,,,,,,,,,,Chief Engineer Gorakhpur Zone PWD Gorakhpur UP||GORAKHPUAR CIRCLE PWD GORAKHPUR,,,,,,"7,808,286",,2024-04-08,Chief Engineer Gorakhpur Zone PWD Gorakhpur UP||GORAKHPUAR CIRCLE PWD GORAKHPUR
2024_CEGKP_885074_6,75/135C-Gorakhpur Circle/2023 Dated 03-01-2024,Construction of  Gram Beldaripur to Gram Yashwantpur Link Road (with 05 year Maintainance) Lot No 6 of 14,,,,,,,,,,,,,,,,Chief Engineer Gorakhpur Zone PWD Gorakhpur UP||GORAKHPUAR CIRCLE PWD GORAKHPUR,,,,,,"7,808,286",,2024-04-08,Chief Engineer Gorakhpur Zone PWD Gorakhpur UP||GORAKHPUAR CIRCLE PWD GORAKHPUR
2024_CEGKP_885074_6,75/135C-Gorakhpur Circle/2023 Dated 03-01-2024,Construction of  Gram Beldaripur to Gram Yashwantpur Link Road (with 05 year Maintainance) Lot No 6 of 14,,,,,,,,,,,,,,,,Chief Engineer Gorakhpur Zone PWD Gorakhpur UP||GORAKHPUAR CIRCLE PWD GORAKHPUR,,,,,,"7,808,286",,2024-04-08,Chief Engineer Gorakhpur Zone PWD Gorakhpur UP||GORAKHPUAR CIRCLE PWD GORAKHPUR
2024_CEGKP_884954_10,69/135C-Gorakhpur Circle/2024 Dated 03-01-2024,Construction of Machligoa to Magrahiya tola link road under RIDF-29 (1.300 Km) including 05 Year maintenance work Lot No 10 of 11,,,,,,,,,,,,,,,,Chief Engineer Gorakhpur Zone PWD Gorakhpur UP||GORAKHPUAR CIRCLE PWD GORAKHPUR,,,,,,"6,206,152",,2024-04-12,Chief Engineer Gorakhpur Zone PWD Gorakhpur UP||GORAKHPUAR CIRCLE PWD GORAKHPUR
2024_CEGKP_884356_58,165/4A DATE 16-01-2024,Renewal of Keshawapur Gotwa to Chanchaura Road,,,,,,,,,,,,,,,,Chief Engineer Gorakhpur Zone PWD Gorakhpur UP||SE BASTI CIRCLE PWD BASTI||EE CONSTRUCTION DIVISION PWD BASTI,,,,,,"195,345.32",,2024-04-10,Chief Engineer Gorakhpur Zone PWD Gorakhpur UP||SE BASTI CIRCLE PWD BASTI||EE CONSTRUCTION DIVISION PWD BASTI
2024_CEGKP_883711_47,80/1A/2024 Dt.12.01.2024,Renewal of LD Km 36 Rehara se Badgo link Road,,,,,,,,,,,,,,,,Chief Engineer Gorakhpur Zone PWD Gorakhpur UP||SE BASTI CIRCLE PWD BASTI||EE PROVINCIAL DIVISION PWD SIDDHARTH  NAGAR,,,,,,"124,038",,2024-04-12,Chief Engineer Gorakhpur Zone PWD Gorakhpur UP||SE BASTI CIRCLE PWD BASTI||EE PROVINCIAL DIVISION PWD SIDDHARTH  NAGAR
2024_CEGKP_878474_23,1460/04A/2023-24 dt. 27/12/2023,SR OF SUPA CHETIYA ROAD,,,,,,,,,,,,,,,,Chief Engineer Gorakhpur Zone PWD Gorakhpur UP||SE BASTI CIRCLE PWD BASTI||EE CONSTRUCTION DIVISION PWD BANSI,,,,,,"939,631.07",,2024-04-10,Chief Engineer Gorakhpur Zone PWD Gorakhpur UP||SE BASTI CIRCLE PWD BASTI||EE CONSTRUCTION DIVISION PWD BANSI
2024_CEGKP_878474_33,1460/04A/2023-24 dt. 27/12/2023,SR OF KARAHI LINK ROAD,,,,,,,,,,,,,,,,Chief Engineer Gorakhpur Zone PWD Gorakhpur UP||SE BASTI CIRCLE PWD BASTI||EE CONSTRUCTION DIVISION PWD BANSI,,,,,,"292,301.82",,2024-04-09,Chief Engineer Gorakhpur Zone PWD Gorakhpur UP||SE BASTI CIRCLE PWD BASTI||EE CONSTRUCTION DIVISION PWD BANSI
2024_CEGKP_878474_33,1460/04A/2023-24 dt. 27/12/2023,SR OF KARAHI LINK ROAD,,,,,,,,,,,,,,,,Chief Engineer Gorakhpur Zone PWD Gorakhpur UP||SE BASTI CIRCLE PWD BASTI||EE CONSTRUCTION DIVISION PWD BANSI,,,,,,"292,301.82",,2024-04-09,Chief Engineer Gorakhpur Zone PWD Gorakhpur UP||SE BASTI CIRCLE PWD BASTI||EE CONSTRUCTION DIVISION PWD BANSI
2024_CEGKP_877313_9,563/5Lekh Date 23.12.2023,SR work of Gagaha Uco Bank to Tekua Madho Roadin Distt Gorakhpur  FY 2023 24 Lot 09 of 14,,,,,,,,,,,,,,,,Chief Engineer Gorakhpur Zone PWD Gorakhpur UP||GORAKHPUAR CIRCLE PWD GORAKHPUR||EE PROVINCIAL DIVISION PWD GORAKHPUR,,,,,,"550,356",,2024-04-06,Chief Engineer Gorakhpur Zone PWD Gorakhpur UP||GORAKHPUAR CIRCLE PWD GORAKHPUR||EE PROVINCIAL DIVISION PWD GORAKHPUR
2024_CEGKP_877313_6,563/5Lekh Date 23.12.2023,SR work of Bela Ghudsaav Dumri Manjharia Link Road  in Distt Gorakhpur  FY 2023 24 Lot 06 of 14,,,,,,,,,,,,,,,,Chief Engineer Gorakhpur Zone PWD Gorakhpur UP||GORAKHPUAR CIRCLE PWD GORAKHPUR||EE PROVINCIAL DIVISION PWD GORAKHPUR,,,,,,"1,412,996",,2024-04-06,Chief Engineer Gorakhpur Zone PWD Gorakhpur UP||GORAKHPUAR CIRCLE PWD GORAKHPUR||EE PROVINCIAL DIVISION PWD GORAKHPUR
2024_CEGKP_877313_9,563/5Lekh Date 23.12.2023,SR work of Gagaha Uco Bank to Tekua Madho Roadin Distt Gorakhpur  FY 2023 24 Lot 09 of 14,,,,,,,,,,,,,,,,Chief Engineer Gorakhpur Zone PWD Gorakhpur UP||GORAKHPUAR CIRCLE PWD GORAKHPUR||EE PROVINCIAL DIVISION PWD GORAKHPUR,,,,,,"550,356",,2024-04-06,Chief Engineer Gorakhpur Zone PWD Gorakhpur UP||GORAKHPUAR CIRCLE PWD GORAKHPUR||EE PROVINCIAL DIVISION PWD GORAKHPUR
2024_CEGKP_876321_25,1283/1A/2023 Dt. 23.12.2023,"Mahadev ghurhu hote huye singhowa tiwari ki basawat singhorwa anwal link road ke km-1, 2(800) me navinikaran karya",,,,,,,,,,,,,,,,Chief Engineer Gorakhpur Zone PWD Gorakhpur UP||SE BASTI CIRCLE PWD BASTI||EE CONSTRUCTION DIVISION 1 PWD SIDDHARTHNAGAR ETWA,,,,,,"2,030,131",,2024-04-02,Chief Engineer Gorakhpur Zone PWD Gorakhpur UP||SE BASTI CIRCLE PWD BASTI||EE CONSTRUCTION DIVISION 1 PWD SIDDHARTHNAGAR ETWA
2024_CEGKP_876321_27,1283/1A/2023 Dt. 23.12.2023,Shahpur dhobaha marg se dhobaha ahatmali ki basawat khalgadeeh link road ke km-1(500) me navinikaran karya,,,,,,,,,,,,,,,,Chief Engineer Gorakhpur Zone PWD Gorakhpur UP||SE BASTI CIRCLE PWD BASTI||EE CONSTRUCTION DIVISION 1 PWD SIDDHARTHNAGAR ETWA,,,,,,"459,583",,2024-04-06,Chief Engineer Gorakhpur Zone PWD Gorakhpur UP||SE BASTI CIRCLE PWD BASTI||EE CONSTRUCTION DIVISION 1 PWD SIDDHARTHNAGAR ETWA
2024_CEGKP_876321_25,1283/1A/2023 Dt. 23.12.2023,"Mahadev ghurhu hote huye singhowa tiwari ki basawat singhorwa anwal link road ke km-1, 2(800) me navinikaran karya",,,,,,,,,,,,,,,,Chief Engineer Gorakhpur Zone PWD Gorakhpur UP||SE BASTI CIRCLE PWD BASTI||EE CONSTRUCTION DIVISION 1 PWD SIDDHARTHNAGAR ETWA,,,,,,"2,030,131",,2024-04-02,Chief Engineer Gorakhpur Zone PWD Gorakhpur UP||SE BASTI CIRCLE PWD BASTI||EE CONSTRUCTION DIVISION 1 PWD SIDDHARTHNAGAR ETWA
2024_CEEMP_898270_2,293/3WE(mrt)-47/23-24 DT. 03.02.2024,Electrification of 32 persons capacity Hoste lBarrack and Vivechana room in Rabupura Thana at Gautam Budh Nagar,,,,,,,,,,,,,,,,Chief Engineer Electrical  Mechanical PWD Lucknow||47th Circle Electrical Mechanical PWD Moradabad||Electrical Division PWD Meerut,,,,,,"1,614,185",,2024-04-27,Chief Engineer Electrical  Mechanical PWD Lucknow||47th Circle Electrical Mechanical PWD Moradabad||Electrical Division PWD Meerut
2024_CEEMP_898270_2,293/3WE(mrt)-47/23-24 DT. 03.02.2024,Electrification of 32 persons capacity Hoste lBarrack and Vivechana room in Rabupura Thana at Gautam Budh Nagar,,,,,,,,,,,,,,,,Chief Engineer Electrical  Mechanical PWD Lucknow||47th Circle Electrical Mechanical PWD Moradabad||Electrical Division PWD Meerut,,,,,,"1,614,185",,2024-04-27,Chief Engineer Electrical  Mechanical PWD Lucknow||47th Circle Electrical Mechanical PWD Moradabad||Electrical Division PWD Meerut
2024_CEEMP_898270_2,293/3WE(mrt)-47/23-24 DT. 03.02.2024,Electrification of 32 persons capacity Hoste lBarrack and Vivechana room in Rabupura Thana at Gautam Budh Nagar,,,,,,,,,,,,,,,,Chief Engineer Electrical  Mechanical PWD Lucknow||47th Circle Electrical Mechanical PWD Moradabad||Electrical Division PWD Meerut,,,,,,"1,614,185",,2024-04-27,Chief Engineer Electrical  Mechanical PWD Lucknow||47th Circle Electrical Mechanical PWD Moradabad||Electrical Division PWD Meerut
2024_CEEMP_898270_2,293/3WE(mrt)-47/23-24 DT. 03.02.2024,Electrification of 32 persons capacity Hoste lBarrack and Vivechana room in Rabupura Thana at Gautam Budh Nagar,,,,,,,,,,,,,,,,Chief Engineer Electrical  Mechanical PWD Lucknow||47th Circle Electrical Mechanical PWD Moradabad||Electrical Division PWD Meerut,,,,,,"1,614,185",,2024-04-27,Chief Engineer Electrical  Mechanical PWD Lucknow||47th Circle Electrical Mechanical PWD Moradabad||Electrical Division PWD Meerut
2024_CEDPW_909625_1,778/98Com-Gonda Circle/23-24 Dt. 26.2.24,Construction and Maintenance of Matwaria to Chilwa Link Road under RIDF-29 in 2023-24,,,,,,,,,,,,,,,,Chief Engineer Devipatan (Gonda) Zone PWD Gonda||SE Gonda Circle PWD Gonda,,,,,,"17,486,041",,2024-04-05,Chief Engineer Devipatan (Gonda) Zone PWD Gonda||SE Gonda Circle PWD Gonda
2024_CEDPW_909625_1,778/98Com-Gonda Circle/23-24 Dt. 26.2.24,Construction and Maintenance of Matwaria to Chilwa Link Road under RIDF-29 in 2023-24,,,,,,,,,,,,,,,,Chief Engineer Devipatan (Gonda) Zone PWD Gonda||SE Gonda Circle PWD Gonda,,,,,,"17,486,041",,2024-04-05,Chief Engineer Devipatan (Gonda) Zone PWD Gonda||SE Gonda Circle PWD Gonda
2024_CEDPW_901695_6,547/98Com-Gonda Circle/23-24 Dt. 12.2.24,Renewal of Vishunapur Bazar to Chitnapur Rod Harishchandpur Raniyapur Via Dudhara Bangha Link Road,,,,,,,,,,,,,,,,Chief Engineer Devipatan (Gonda) Zone PWD Gonda||SE Gonda Circle PWD Gonda,,,,,,"7,325,378.19",,2024-04-05,Chief Engineer Devipatan (Gonda) Zone PWD Gonda||SE Gonda Circle PWD Gonda
2024_CEDPW_896063_2,258/2A/Nivida-2024 Date 01.02.2024,Lot 2,,,,,,,,,,,,,,,,Chief Engineer Devipatan (Gonda) Zone PWD Gonda||SE Gonda Circle PWD Gonda||EE Construction Division PWD Balrampur,,,,,,"1,829,904.89",,2024-04-06,Chief Engineer Devipatan (Gonda) Zone PWD Gonda||SE Gonda Circle PWD Gonda||EE Construction Division PWD Balrampur
2024_CEDPW_895384_2,422/98Com-Gonda Circle/23-24 Dt. 02.02.24,Reconstruction of Phrenda Jarwal Raod Km 61 to Jankaura link road,,,,,,,,,,,,,,,,Chief Engineer Devipatan (Gonda) Zone PWD Gonda||SE Gonda Circle PWD Gonda,,,,,,"10,192,422",,2024-04-05,Chief Engineer Devipatan (Gonda) Zone PWD Gonda||SE Gonda Circle PWD Gonda
2024_CEDPW_896063_2,258/2A/Nivida-2024 Date 01.02.2024,Lot 2,,,,,,,,,,,,,,,,Chief Engineer Devipatan (Gonda) Zone PWD Gonda||SE Gonda Circle PWD Gonda||EE Construction Division PWD Balrampur,,,,,,"1,829,904.89",,2024-04-06,Chief Engineer Devipatan (Gonda) Zone PWD Gonda||SE Gonda Circle PWD Gonda||EE Construction Division PWD Balrampur
2024_CEDPW_891970_5,235/1A Nivida dated 29.01.2024,Special Repair  of  Dharikartola  Link Road,,,,,,,,,,,,,,,,Chief Engineer Devipatan (Gonda) Zone PWD Gonda||SE Gonda Circle PWD Gonda||EE Provincial Division PWD Gonda,,,,,,"1,357,205.43",,2024-04-24,Chief Engineer Devipatan (Gonda) Zone PWD Gonda||SE Gonda Circle PWD Gonda||EE Provincial Division PWD Gonda
2024_CEDPW_891970_5,235/1A Nivida dated 29.01.2024,Special Repair  of  Dharikartola  Link Road,,,,,,,,,,,,,,,,Chief Engineer Devipatan (Gonda) Zone PWD Gonda||SE Gonda Circle PWD Gonda||EE Provincial Division PWD Gonda,,,,,,"1,357,205.43",,2024-04-24,Chief Engineer Devipatan (Gonda) Zone PWD Gonda||SE Gonda Circle PWD Gonda||EE Provincial Division PWD Gonda
2024_CEBLY_910441_1,720/E-Tender /4A Dt 02-03-2024,"In view of the upcoming Lok Sabha elections, patch repair work of the roads for the polling party to reach various polling places in Dadraul Assembly of District Shahjahapur",,,,,,,,,,,,,,,,Cheif Engineer Bareilly Zone PWD Bareilly||SE BAREILLY CIRCLE PWD BAREILLY ||EE CONSTRUCTION DIVISION-1 PWD SHAHJAHANPUR,,,,,,"129,675",,2024-04-14,Cheif Engineer Bareilly Zone PWD Bareilly||SE BAREILLY CIRCLE PWD BAREILLY ||EE CONSTRUCTION DIVISION-1 PWD SHAHJAHANPUR
2024_CEBLY_910441_1,720/E-Tender /4A Dt 02-03-2024,"In view of the upcoming Lok Sabha elections, patch repair work of the roads for the polling party to reach various polling places in Dadraul Assembly of District Shahjahapur",,,,,,,,,,,,,,,,Cheif Engineer Bareilly Zone PWD Bareilly||SE BAREILLY CIRCLE PWD BAREILLY ||EE CONSTRUCTION DIVISION-1 PWD SHAHJAHANPUR,,,,,,"129,675",,2024-04-14,Cheif Engineer Bareilly Zone PWD Bareilly||SE BAREILLY CIRCLE PWD BAREILLY ||EE CONSTRUCTION DIVISION-1 PWD SHAHJAHANPUR
2024_CEBLY_910614_1,720/E-Tender /4A dT 02-03-2024,"In view of the upcoming Lok Sabha elections, patch repair work of the roads for the polling party to reach various polling places in Katra Assembly of District Shahjahapur",,,,,,,,,,,,,,,,Cheif Engineer Bareilly Zone PWD Bareilly||SE BAREILLY CIRCLE PWD BAREILLY ||EE CONSTRUCTION DIVISION-1 PWD SHAHJAHANPUR,,,,,,"129,772",,2024-04-15,Cheif Engineer Bareilly Zone PWD Bareilly||SE BAREILLY CIRCLE PWD BAREILLY ||EE CONSTRUCTION DIVISION-1 PWD SHAHJAHANPUR
2024_CEDPW_876235_7,3165/1A Nivida dated 30.12.2023,Special Repair  of  Harijan Basti Link Road,,,,,,,,,,,,,,,,Chief Engineer Devipatan (Gonda) Zone PWD Gonda||SE Gonda Circle PWD Gonda||EE Provincial Division PWD Gonda,,,,,,"624,712.49",,2024-04-16,Chief Engineer Devipatan (Gonda) Zone PWD Gonda||SE Gonda Circle PWD Gonda||EE Provincial Division PWD Gonda
2024_CEDPW_876235_7,3165/1A Nivida dated 30.12.2023,Special Repair  of  Harijan Basti Link Road,,,,,,,,,,,,,,,,Chief Engineer Devipatan (Gonda) Zone PWD Gonda||SE Gonda Circle PWD Gonda||EE Provincial Division PWD Gonda,,,,,,"624,712.49",,2024-04-16,Chief Engineer Devipatan (Gonda) Zone PWD Gonda||SE Gonda Circle PWD Gonda||EE Provincial Division PWD Gonda
2024_CEDPW_876235_7,3165/1A Nivida dated 30.12.2023,Special Repair  of  Harijan Basti Link Road,,,,,,,,,,,,,,,,Chief Engineer Devipatan (Gonda) Zone PWD Gonda||SE Gonda Circle PWD Gonda||EE Provincial Division PWD Gonda,,,,,,"624,712.49",,2024-04-16,Chief Engineer Devipatan (Gonda) Zone PWD Gonda||SE Gonda Circle PWD Gonda||EE Provincial Division PWD Gonda
2024_CEDPW_876249_1,3166/1A Nivida dated 30.12.2023,Special Repair  of  Kot Tiraha road Km 7 to Chitaijote Link Road,,,,,,,,,,,,,,,,Chief Engineer Devipatan (Gonda) Zone PWD Gonda||SE Gonda Circle PWD Gonda||EE Provincial Division PWD Gonda,,,,,,"244,002.94",,2024-04-16,Chief Engineer Devipatan (Gonda) Zone PWD Gonda||SE Gonda Circle PWD Gonda||EE Provincial Division PWD Gonda
2024_CEBLY_897428_1,799/453C(E-Tender)-3/2023-24 Date 27.01.2024,Widening and Strengthening work of FARIDPUR BISALPUR ROAD to MEHATTARPUR TIJASINGH KHANPURA Via MADHAIYA  ROAD(ODR)(Length 14.100 Km.) in Distt. Bareilly Fin. Year 2023-24,,,,,,,,,,,,,,,,Cheif Engineer Bareilly Zone PWD Bareilly||SE BAREILLY CIRCLE PWD BAREILLY ||EE CONSTRUCTION DIVISION-1  PWD BAREILLY,,,,,,"193,162,834.9",,2024-04-03,Cheif Engineer Bareilly Zone PWD Bareilly||SE BAREILLY CIRCLE PWD BAREILLY ||EE CONSTRUCTION DIVISION-1  PWD BAREILLY
2024_CEBLY_897428_1,799/453C(E-Tender)-3/2023-24 Date 27.01.2024,Widening and Strengthening work of FARIDPUR BISALPUR ROAD to MEHATTARPUR TIJASINGH KHANPURA Via MADHAIYA  ROAD(ODR)(Length 14.100 Km.) in Distt. Bareilly Fin. Year 2023-24,,,,,,,,,,,,,,,,Cheif Engineer Bareilly Zone PWD Bareilly||SE BAREILLY CIRCLE PWD BAREILLY ||EE CONSTRUCTION DIVISION-1  PWD BAREILLY,,,,,,"193,162,834.9",,2024-04-03,Cheif Engineer Bareilly Zone PWD Bareilly||SE BAREILLY CIRCLE PWD BAREILLY ||EE CONSTRUCTION DIVISION-1  PWD BAREILLY
2024_CEBLY_897428_1,799/453C(E-Tender)-3/2023-24 Date 27.01.2024,Widening and Strengthening work of FARIDPUR BISALPUR ROAD to MEHATTARPUR TIJASINGH KHANPURA Via MADHAIYA  ROAD(ODR)(Length 14.100 Km.) in Distt. Bareilly Fin. Year 2023-24,,,,,,,,,,,,,,,,Cheif Engineer Bareilly Zone PWD Bareilly||SE BAREILLY CIRCLE PWD BAREILLY ||EE CONSTRUCTION DIVISION-1  PWD BAREILLY,,,,,,"193,162,834.9",,2024-04-03,Cheif Engineer Bareilly Zone PWD Bareilly||SE BAREILLY CIRCLE PWD BAREILLY ||EE CONSTRUCTION DIVISION-1  PWD BAREILLY
2024_CEBLY_895342_1,614(3)/7Nivida-08-Dt240124,"Renewal work with general repair of Sainjani Hazratpur Miaon road(ODR) KM 1(700), 2, 3(800), 4,5,6,7,8,9,10,11,12,13(500)  in District Budaun FY 2024-25",,,,,,,,,,,,,,,,Cheif Engineer Bareilly Zone PWD Bareilly||SE BADAUN-PILIBHIT CIRCLE PWD BAREILLY||EE PROVINCIAL DIVISION PWD BADAUN,,,,,,"21,936,992",,2024-04-09,Cheif Engineer Bareilly Zone PWD Bareilly||SE BADAUN-PILIBHIT CIRCLE PWD BAREILLY||EE PROVINCIAL DIVISION PWD BADAUN
2024_CEBLY_895342_1,614(3)/7Nivida-08-Dt240124,"Renewal work with general repair of Sainjani Hazratpur Miaon road(ODR) KM 1(700), 2, 3(800), 4,5,6,7,8,9,10,11,12,13(500)  in District Budaun FY 2024-25",,,,,,,,,,,,,,,,Cheif Engineer Bareilly Zone PWD Bareilly||SE BADAUN-PILIBHIT CIRCLE PWD BAREILLY||EE PROVINCIAL DIVISION PWD BADAUN,,,,,,"21,936,992",,2024-04-09,Cheif Engineer Bareilly Zone PWD Bareilly||SE BADAUN-PILIBHIT CIRCLE PWD BAREILLY||EE PROVINCIAL DIVISION PWD BADAUN
2024_CEBLY_895342_1,614(3)/7Nivida-08-Dt240124,"Renewal work with general repair of Sainjani Hazratpur Miaon road(ODR) KM 1(700), 2, 3(800), 4,5,6,7,8,9,10,11,12,13(500)  in District Budaun FY 2024-25",,,,,,,,,,,,,,,,Cheif Engineer Bareilly Zone PWD Bareilly||SE BADAUN-PILIBHIT CIRCLE PWD BAREILLY||EE PROVINCIAL DIVISION PWD BADAUN,,,,,,"21,936,992",,2024-04-09,Cheif Engineer Bareilly Zone PWD Bareilly||SE BADAUN-PILIBHIT CIRCLE PWD BAREILLY||EE PROVINCIAL DIVISION PWD BADAUN
2024_CEBLY_895410_1,614(8)/7Nivida-08-Dt240124,Renewal work with general repair of Usawan Akbarpur road to Udaiya Nagla road Km 1 to 5(136)  in District Budaun FY 2024-25,,,,,,,,,,,,,,,,Cheif Engineer Bareilly Zone PWD Bareilly||SE BADAUN-PILIBHIT CIRCLE PWD BAREILLY||EE PROVINCIAL DIVISION PWD BADAUN,,,,,,"4,174,023",,2024-04-09,Cheif Engineer Bareilly Zone PWD Bareilly||SE BADAUN-PILIBHIT CIRCLE PWD BAREILLY||EE PROVINCIAL DIVISION PWD BADAUN
2024_CEBLY_895410_1,614(8)/7Nivida-08-Dt240124,Renewal work with general repair of Usawan Akbarpur road to Udaiya Nagla road Km 1 to 5(136)  in District Budaun FY 2024-25,,,,,,,,,,,,,,,,Cheif Engineer Bareilly Zone PWD Bareilly||SE BADAUN-PILIBHIT CIRCLE PWD BAREILLY||EE PROVINCIAL DIVISION PWD BADAUN,,,,,,"4,174,023",,2024-04-09,Cheif Engineer Bareilly Zone PWD Bareilly||SE BADAUN-PILIBHIT CIRCLE PWD BAREILLY||EE PROVINCIAL DIVISION PWD BADAUN
2024_CEBLY_895410_1,614(8)/7Nivida-08-Dt240124,Renewal work with general repair of Usawan Akbarpur road to Udaiya Nagla road Km 1 to 5(136)  in District Budaun FY 2024-25,,,,,,,,,,,,,,,,Cheif Engineer Bareilly Zone PWD Bareilly||SE BADAUN-PILIBHIT CIRCLE PWD BAREILLY||EE PROVINCIAL DIVISION PWD BADAUN,,,,,,"4,174,023",,2024-04-09,Cheif Engineer Bareilly Zone PWD Bareilly||SE BADAUN-PILIBHIT CIRCLE PWD BAREILLY||EE PROVINCIAL DIVISION PWD BADAUN
2024_CEBLY_895410_1,614(8)/7Nivida-08-Dt240124,Renewal work with general repair of Usawan Akbarpur road to Udaiya Nagla road Km 1 to 5(136)  in District Budaun FY 2024-25,,,,,,,,,,,,,,,,Cheif Engineer Bareilly Zone PWD Bareilly||SE BADAUN-PILIBHIT CIRCLE PWD BAREILLY||EE PROVINCIAL DIVISION PWD BADAUN,,,,,,"4,174,023",,2024-04-09,Cheif Engineer Bareilly Zone PWD Bareilly||SE BADAUN-PILIBHIT CIRCLE PWD BAREILLY||EE PROVINCIAL DIVISION PWD BADAUN
2024_CEBLY_893616_1,583(5)/Nivida (E.T)-08/23-24 Date 24.01.2024,"Renewal with General Repair (B.C.) with Hot Mix Plant of Aonla Kuvargaon Badaun road in km 17, 18, 20, 21, 22,  24 in F.Y. 2024-25 in Distt. Badaun",,,,,,,,,,,,,,,,Cheif Engineer Bareilly Zone PWD Bareilly||SE BADAUN-PILIBHIT CIRCLE PWD BAREILLY||EE Construction Division - 2 Budaun,,,,,,"10,589,320.27",,2024-04-15,Cheif Engineer Bareilly Zone PWD Bareilly||SE BADAUN-PILIBHIT CIRCLE PWD BAREILLY||EE Construction Division - 2 Budaun
2024_CEBLY_893213_1,142(17)/NIVIDA-DT160124,Renewal work of Badaun Kakrala road to Dauri Narottampur road,,,,,,,,,,,,,,,,Cheif Engineer Bareilly Zone PWD Bareilly||SE BADAUN-PILIBHIT CIRCLE PWD BAREILLY||EE PROVINCIAL DIVISION PWD BADAUN,,,,,,"735,701",,2024-04-02,Cheif Engineer Bareilly Zone PWD Bareilly||SE BADAUN-PILIBHIT CIRCLE PWD BAREILLY||EE PROVINCIAL DIVISION PWD BADAUN
2024_CEBLY_893213_1,142(17)/NIVIDA-DT160124,Renewal work of Badaun Kakrala road to Dauri Narottampur road,,,,,,,,,,,,,,,,Cheif Engineer Bareilly Zone PWD Bareilly||SE BADAUN-PILIBHIT CIRCLE PWD BAREILLY||EE PROVINCIAL DIVISION PWD BADAUN,,,,,,"735,701",,2024-04-02,Cheif Engineer Bareilly Zone PWD Bareilly||SE BADAUN-PILIBHIT CIRCLE PWD BAREILLY||EE PROVINCIAL DIVISION PWD BADAUN
2024_CEBLY_893250_1,142(20)/NIVIDA-DT160124,Renewal work of Dataganj to Mehla Sirsa Sisaiya Khurd road,,,,,,,,,,,,,,,,Cheif Engineer Bareilly Zone PWD Bareilly||SE BADAUN-PILIBHIT CIRCLE PWD BAREILLY||EE PROVINCIAL DIVISION PWD BADAUN,,,,,,"2,448,808",,2024-04-09,Cheif Engineer Bareilly Zone PWD Bareilly||SE BADAUN-PILIBHIT CIRCLE PWD BAREILLY||EE PROVINCIAL DIVISION PWD BADAUN
2024_CEBLY_893208_1,142(12)/NIVIDA-DT160124,Renewal work of Badaun Kadar Chowk road to Nasrullapur and Budaun Quaderchowk road km 6 to Loki Nagla road,,,,,,,,,,,,,,,,Cheif Engineer Bareilly Zone PWD Bareilly||SE BADAUN-PILIBHIT CIRCLE PWD BAREILLY||EE PROVINCIAL DIVISION PWD BADAUN,,,,,,"697,823.3",,2024-04-08,Cheif Engineer Bareilly Zone PWD Bareilly||SE BADAUN-PILIBHIT CIRCLE PWD BAREILLY||EE PROVINCIAL DIVISION PWD BADAUN
2024_CEBLY_893209_1,142(13)/NIVIDA-DT160124,"Renewal work of Usaihat Katra road to Bhundi road, Bhundi Road to Durjan Nagla road",,,,,,,,,,,,,,,,Cheif Engineer Bareilly Zone PWD Bareilly||SE BADAUN-PILIBHIT CIRCLE PWD BAREILLY||EE PROVINCIAL DIVISION PWD BADAUN,,,,,,"1,614,922.7",,2024-04-06,Cheif Engineer Bareilly Zone PWD Bareilly||SE BADAUN-PILIBHIT CIRCLE PWD BAREILLY||EE PROVINCIAL DIVISION PWD BADAUN
2024_CEBLY_893213_1,142(17)/NIVIDA-DT160124,Renewal work of Badaun Kakrala road to Dauri Narottampur road,,,,,,,,,,,,,,,,Cheif Engineer Bareilly Zone PWD Bareilly||SE BADAUN-PILIBHIT CIRCLE PWD BAREILLY||EE PROVINCIAL DIVISION PWD BADAUN,,,,,,"735,701",,2024-04-02,Cheif Engineer Bareilly Zone PWD Bareilly||SE BADAUN-PILIBHIT CIRCLE PWD BAREILLY||EE PROVINCIAL DIVISION PWD BADAUN
2024_CEBLY_889904_1,8985(7)/7NIVIDA-8/23DT081223,SR work in year 2023-24 at Sadullaganj Samrer Kaman Kundra Kharsai Beladandi road (ODR) in District Budaun,,,,,,,,,,,,,,,,Cheif Engineer Bareilly Zone PWD Bareilly||SE BADAUN-PILIBHIT CIRCLE PWD BAREILLY||EE PROVINCIAL DIVISION PWD BADAUN,,,,,,"9,185,773",,2024-04-09,Cheif Engineer Bareilly Zone PWD Bareilly||SE BADAUN-PILIBHIT CIRCLE PWD BAREILLY||EE PROVINCIAL DIVISION PWD BADAUN
2024_CEBLY_889876_1,8985(5)/7NIVIDA-8/23DT081223,SR work in year 2023-24 at  Dataganj Maihla road KM 5.5 to Raipur Dheerpur road in District Budaun,,,,,,,,,,,,,,,,Cheif Engineer Bareilly Zone PWD Bareilly||SE BADAUN-PILIBHIT CIRCLE PWD BAREILLY||EE PROVINCIAL DIVISION PWD BADAUN,,,,,,"4,555,878",,2024-04-09,Cheif Engineer Bareilly Zone PWD Bareilly||SE BADAUN-PILIBHIT CIRCLE PWD BAREILLY||EE PROVINCIAL DIVISION PWD BADAUN
2024_CEBLY_887306_3,98/31A Date 12-01-2024,Renewal work of Shahi Railway Feeder ODR road,,,,,,,,,,,,,,,,Cheif Engineer Bareilly Zone PWD Bareilly||SE BADAUN-PILIBHIT CIRCLE PWD BAREILLY||EE CONSTRUCTION DIVISION-1   PWD PILIBHIT,,,,,,"573,744.29",,2024-04-30,Cheif Engineer Bareilly Zone PWD Bareilly||SE BADAUN-PILIBHIT CIRCLE PWD BAREILLY||EE CONSTRUCTION DIVISION-1   PWD PILIBHIT
2024_CEBLY_887125_1,521/142C(E-Tender)-3/23 Dt 18-01-2024,Renewal with General Maintenance of Jalalabad Budhvana road (ODR)  By Hot Mix Plant in Distt. Shahjahanpur. (Fin Year 2023-24),,,,,,,,,,,,,,,,Cheif Engineer Bareilly Zone PWD Bareilly||SE BAREILLY CIRCLE PWD BAREILLY ||EE CONSTRUCTION DIVISION-1 PWD SHAHJAHANPUR,,,,,,"13,840,110.17",,2024-04-15,Cheif Engineer Bareilly Zone PWD Bareilly||SE BAREILLY CIRCLE PWD BAREILLY ||EE CONSTRUCTION DIVISION-1 PWD SHAHJAHANPUR
2024_CEBLY_887140_3,521/142C(E-Tender)-3/23 Dt 18-01-2024,Renewal with General Maintenance of PSHL (Sehramau Sauth) to Sujatpur Link Road (ODR) By Hot Mix Plant in Distt. Shahjahanpur. (Fin Year 2023-24),,,,,,,,,,,,,,,,Cheif Engineer Bareilly Zone PWD Bareilly||SE BAREILLY CIRCLE PWD BAREILLY ||EE CONSTRUCTION DIVISION-1 PWD SHAHJAHANPUR,,,,,,"7,545,770.31",,2024-04-16,Cheif Engineer Bareilly Zone PWD Bareilly||SE BAREILLY CIRCLE PWD BAREILLY ||EE CONSTRUCTION DIVISION-1 PWD SHAHJAHANPUR
2024_CEBLY_887140_3,521/142C(E-Tender)-3/23 Dt 18-01-2024,Renewal with General Maintenance of PSHL (Sehramau Sauth) to Sujatpur Link Road (ODR) By Hot Mix Plant in Distt. Shahjahanpur. (Fin Year 2023-24),,,,,,,,,,,,,,,,Cheif Engineer Bareilly Zone PWD Bareilly||SE BAREILLY CIRCLE PWD BAREILLY ||EE CONSTRUCTION DIVISION-1 PWD SHAHJAHANPUR,,,,,,"7,545,770.31",,2024-04-16,Cheif Engineer Bareilly Zone PWD Bareilly||SE BAREILLY CIRCLE PWD BAREILLY ||EE CONSTRUCTION DIVISION-1 PWD SHAHJAHANPUR
2024_CEBLY_878947_1,11049/142C(E-Tender)-3/2023 Dt. 13-12-2023,Reconstruction work in Block Tilhar roads owned by the sugarcane department in Distt. Shahjahanpur Fin. Year 2023-24,,,,,,,,,,,,,,,,Cheif Engineer Bareilly Zone PWD Bareilly||SE BAREILLY CIRCLE PWD BAREILLY ||EE CONSTRUCTION DIVISION-1 PWD SHAHJAHANPUR,,,,,,"9,447,412.59",,2024-04-14,Cheif Engineer Bareilly Zone PWD Bareilly||SE BAREILLY CIRCLE PWD BAREILLY ||EE CONSTRUCTION DIVISION-1 PWD SHAHJAHANPUR
2024_CEBLY_878947_1,11049/142C(E-Tender)-3/2023 Dt. 13-12-2023,Reconstruction work in Block Tilhar roads owned by the sugarcane department in Distt. Shahjahanpur Fin. Year 2023-24,,,,,,,,,,,,,,,,Cheif Engineer Bareilly Zone PWD Bareilly||SE BAREILLY CIRCLE PWD BAREILLY ||EE CONSTRUCTION DIVISION-1 PWD SHAHJAHANPUR,,,,,,"9,447,412.59",,2024-04-14,Cheif Engineer Bareilly Zone PWD Bareilly||SE BAREILLY CIRCLE PWD BAREILLY ||EE CONSTRUCTION DIVISION-1 PWD SHAHJAHANPUR
2024_CEBLY_878950_2,11049/142C(E-Tender)-3/2023 Dt. 13-12-2023,Reconstruction work in Block Kanth and Dadraul roads owned by the sugarcane department in Distt. Shahjahanpur Fin. Year 2023-24,,,,,,,,,,,,,,,,Cheif Engineer Bareilly Zone PWD Bareilly||SE BAREILLY CIRCLE PWD BAREILLY ||EE CONSTRUCTION DIVISION-1 PWD SHAHJAHANPUR,,,,,,"3,311,404.72",,2024-04-27,Cheif Engineer Bareilly Zone PWD Bareilly||SE BAREILLY CIRCLE PWD BAREILLY ||EE CONSTRUCTION DIVISION-1 PWD SHAHJAHANPUR
2024_CEBLY_878950_2,11049/142C(E-Tender)-3/2023 Dt. 13-12-2023,Reconstruction work in Block Kanth and Dadraul roads owned by the sugarcane department in Distt. Shahjahanpur Fin. Year 2023-24,,,,,,,,,,,,,,,,Cheif Engineer Bareilly Zone PWD Bareilly||SE BAREILLY CIRCLE PWD BAREILLY ||EE CONSTRUCTION DIVISION-1 PWD SHAHJAHANPUR,,,,,,"3,311,404.72",,2024-04-27,Cheif Engineer Bareilly Zone PWD Bareilly||SE BAREILLY CIRCLE PWD BAREILLY ||EE CONSTRUCTION DIVISION-1 PWD SHAHJAHANPUR
2024_CEALG_905786_1,1136/Cashier(CD-1ETAH) DT 26.02.2024,Renewal of Etah Nidhauli Road to Jamalpur Gaduri (VR) in KM- 1 to 5 and 6(500) By P.C.In FY-2023-24,,,,,,,,,,,,,,,,Chief Engineer Aligarh Zone PWD Aligarh||Superintending Engineer Aligarh Circle PWD Aligarh||Construction Division - 1 PWD Etah,,,,,,"4,997,325.99",,2024-04-19,Chief Engineer Aligarh Zone PWD Aligarh||Superintending Engineer Aligarh Circle PWD Aligarh||Construction Division - 1 PWD Etah
2024_CEALG_905786_1,1136/Cashier(CD-1ETAH) DT 26.02.2024,Renewal of Etah Nidhauli Road to Jamalpur Gaduri (VR) in KM- 1 to 5 and 6(500) By P.C.In FY-2023-24,,,,,,,,,,,,,,,,Chief Engineer Aligarh Zone PWD Aligarh||Superintending Engineer Aligarh Circle PWD Aligarh||Construction Division - 1 PWD Etah,,,,,,"4,997,325.99",,2024-04-19,Chief Engineer Aligarh Zone PWD Aligarh||Superintending Engineer Aligarh Circle PWD Aligarh||Construction Division - 1 PWD Etah
2024_CEALG_906008_1,532/Cashier PDETAH-Ali.Cir/2023-24 Dt- 24.02.2024,"For FY 2024-25 Renewal Work with Ordinary Repair by BC at Km 17 to 19(870),20 to 22(825),23(850),24(660),25 to 29(410),30 to 38 of Dhumari Saronth Aliganj Sankisa MDR Road",,,,,,,,,,,,,,,,Chief Engineer Aligarh Zone PWD Aligarh||Superintending Engineer Aligarh Circle PWD Aligarh||Provincial Division PWD Etah,,,,,,"32,768,638.08",,2024-04-10,Chief Engineer Aligarh Zone PWD Aligarh||Superintending Engineer Aligarh Circle PWD Aligarh||Provincial Division PWD Etah
2024_CEALG_906008_1,532/Cashier PDETAH-Ali.Cir/2023-24 Dt- 24.02.2024,"For FY 2024-25 Renewal Work with Ordinary Repair by BC at Km 17 to 19(870),20 to 22(825),23(850),24(660),25 to 29(410),30 to 38 of Dhumari Saronth Aliganj Sankisa MDR Road",,,,,,,,,,,,,,,,Chief Engineer Aligarh Zone PWD Aligarh||Superintending Engineer Aligarh Circle PWD Aligarh||Provincial Division PWD Etah,,,,,,"32,768,638.08",,2024-04-10,Chief Engineer Aligarh Zone PWD Aligarh||Superintending Engineer Aligarh Circle PWD Aligarh||Provincial Division PWD Etah
2024_CEALG_903962_1,265/16A Date 23.02.2024,Special Repair of Tundla Etah road to Nagla Galu in FY 2023-24,,,,,,,,,,,,,,,,Chief Engineer Aligarh Zone PWD Aligarh||Superintending Engineer Aligarh Circle PWD Aligarh||Construction Division - 1 PWD Etah,,,,,,"2,901,513.22",,2024-04-19,Chief Engineer Aligarh Zone PWD Aligarh||Superintending Engineer Aligarh Circle PWD Aligarh||Construction Division - 1 PWD Etah
2024_CEALG_902520_1,847/Cashier(CDK)AC/2023 Date 14-02-2024,Under Special Repair PC Work of Bhavani Nagla to Khaduiya Road,,,,,,,,,,,,,,,,Chief Engineer Aligarh Zone PWD Aligarh||Superintending Engineer Aligarh Circle PWD Aligarh||Construction Division PWD Kasganj,,,,,,"2,896,468.06",,2024-04-08,Chief Engineer Aligarh Zone PWD Aligarh||Superintending Engineer Aligarh Circle PWD Aligarh||Construction Division PWD Kasganj
2024_CEALG_898857_4,162/17A Date 08-02-2024,Renewal Work With General Repair on Thana Dariaoganj Sihori Road to Nagla Manshukh Via Nagla Havi (Nagla Chhavi).,,,,,,,,,,,,,,,,Chief Engineer Aligarh Zone PWD Aligarh||Superintending Engineer Aligarh Circle PWD Aligarh||Construction Division PWD Kasganj,,,,,,"1,336,751.52",,2024-04-08,Chief Engineer Aligarh Zone PWD Aligarh||Superintending Engineer Aligarh Circle PWD Aligarh||Construction Division PWD Kasganj
2024_CEALG_898857_5,162/17A Date 08-02-2024,Renewal Work With General Repair on Nagla Mansukh to Bahuri Road,,,,,,,,,,,,,,,,Chief Engineer Aligarh Zone PWD Aligarh||Superintending Engineer Aligarh Circle PWD Aligarh||Construction Division PWD Kasganj,,,,,,"882,113.71",,2024-04-08,Chief Engineer Aligarh Zone PWD Aligarh||Superintending Engineer Aligarh Circle PWD Aligarh||Construction Division PWD Kasganj
2024_CEALG_898857_7,162/17A Date 08-02-2024,Renewal Work With General Repair on Ganjdundwara Kadarganj Road to Samaspur Road.,,,,,,,,,,,,,,,,Chief Engineer Aligarh Zone PWD Aligarh||Superintending Engineer Aligarh Circle PWD Aligarh||Construction Division PWD Kasganj,,,,,,"707,344.47",,2024-04-08,Chief Engineer Aligarh Zone PWD Aligarh||Superintending Engineer Aligarh Circle PWD Aligarh||Construction Division PWD Kasganj
2024_CEALG_898857_7,162/17A Date 08-02-2024,Renewal Work With General Repair on Ganjdundwara Kadarganj Road to Samaspur Road.,,,,,,,,,,,,,,,,Chief Engineer Aligarh Zone PWD Aligarh||Superintending Engineer Aligarh Circle PWD Aligarh||Construction Division PWD Kasganj,,,,,,"707,344.47",,2024-04-08,Chief Engineer Aligarh Zone PWD Aligarh||Superintending Engineer Aligarh Circle PWD Aligarh||Construction Division PWD Kasganj
2024_CEALG_899568_1,313/Cashier(CD-1ETAH) DT 18.01.2024,"Renewal of Etah Tundla Road (SH-31) in KM- 23(500),24,25, 41 and 49 By B.C. In FY-2023-24",,,,,,,,,,,,,,,,Chief Engineer Aligarh Zone PWD Aligarh||Superintending Engineer Aligarh Circle PWD Aligarh||Construction Division - 1 PWD Etah,,,,,,"11,358,679.95",,2024-04-19,Chief Engineer Aligarh Zone PWD Aligarh||Superintending Engineer Aligarh Circle PWD Aligarh||Construction Division - 1 PWD Etah
2024_CEALG_899568_1,313/Cashier(CD-1ETAH) DT 18.01.2024,"Renewal of Etah Tundla Road (SH-31) in KM- 23(500),24,25, 41 and 49 By B.C. In FY-2023-24",,,,,,,,,,,,,,,,Chief Engineer Aligarh Zone PWD Aligarh||Superintending Engineer Aligarh Circle PWD Aligarh||Construction Division - 1 PWD Etah,,,,,,"11,358,679.95",,2024-04-19,Chief Engineer Aligarh Zone PWD Aligarh||Superintending Engineer Aligarh Circle PWD Aligarh||Construction Division - 1 PWD Etah
2024_CEALG_899568_1,313/Cashier(CD-1ETAH) DT 18.01.2024,"Renewal of Etah Tundla Road (SH-31) in KM- 23(500),24,25, 41 and 49 By B.C. In FY-2023-24",,,,,,,,,,,,,,,,Chief Engineer Aligarh Zone PWD Aligarh||Superintending Engineer Aligarh Circle PWD Aligarh||Construction Division - 1 PWD Etah,,,,,,"11,358,679.95",,2024-04-19,Chief Engineer Aligarh Zone PWD Aligarh||Superintending Engineer Aligarh Circle PWD Aligarh||Construction Division - 1 PWD Etah
2024_CEALG_899577_1,313/Cashier(CD-1ETAH) DT 18.01.2024,"Renewal of Marhara Pachpeda Nagariya Road (ODR) in KM 1(820),2 ,3 ,4, 5(835),  6(795),7, 8, 9, 10(685), 11, 12, 13(825) and 14(220) By B.C.In FY-2023-24",,,,,,,,,,,,,,,,Chief Engineer Aligarh Zone PWD Aligarh||Superintending Engineer Aligarh Circle PWD Aligarh||Construction Division - 1 PWD Etah,,,,,,"20,905,418.85",,2024-04-12,Chief Engineer Aligarh Zone PWD Aligarh||Superintending Engineer Aligarh Circle PWD Aligarh||Construction Division - 1 PWD Etah
2024_CEALG_899820_1,313/Cashier(CD-1ETAH) DT 18.01.2024,"Renewal of Jalesar Devkaranpur Road (ODR) in KM- 1(640), 2(655),3,4,5, 6(695) and 7(700) By B.C.In FY-2023-24",,,,,,,,,,,,,,,,Chief Engineer Aligarh Zone PWD Aligarh||Superintending Engineer Aligarh Circle PWD Aligarh||Construction Division - 1 PWD Etah,,,,,,"9,079,117",,2024-04-12,Chief Engineer Aligarh Zone PWD Aligarh||Superintending Engineer Aligarh Circle PWD Aligarh||Construction Division - 1 PWD Etah
2024_CEALG_898857_4,162/17A Date 08-02-2024,Renewal Work With General Repair on Thana Dariaoganj Sihori Road to Nagla Manshukh Via Nagla Havi (Nagla Chhavi).,,,,,,,,,,,,,,,,Chief Engineer Aligarh Zone PWD Aligarh||Superintending Engineer Aligarh Circle PWD Aligarh||Construction Division PWD Kasganj,,,,,,"1,336,751.52",,2024-04-08,Chief Engineer Aligarh Zone PWD Aligarh||Superintending Engineer Aligarh Circle PWD Aligarh||Construction Division PWD Kasganj
2024_CEALG_897437_1,676/Cashier(PDK)-AC/23-24 Dt 06-02-2024,Reconstruction of Basupura to Roshan Nagar Link Road with 5 Year Maintenance,,,,,,,,,,,,,,,,Chief Engineer Aligarh Zone PWD Aligarh||Superintending Engineer Aligarh Circle PWD Aligarh||Provincial Division PWD Kasganj,,,,,,"4,643,623.79",,2024-04-15,Chief Engineer Aligarh Zone PWD Aligarh||Superintending Engineer Aligarh Circle PWD Aligarh||Provincial Division PWD Kasganj
2024_CEALG_895635_1,132/16A Date 05.02.2023,Renewal of Jalesar Sikandrarao to Jalesar Dehat in FY 2023-24,,,,,,,,,,,,,,,,Chief Engineer Aligarh Zone PWD Aligarh||Superintending Engineer Aligarh Circle PWD Aligarh||Construction Division - 1 PWD Etah,,,,,,"1,670,995.48",,2024-04-12,Chief Engineer Aligarh Zone PWD Aligarh||Superintending Engineer Aligarh Circle PWD Aligarh||Construction Division - 1 PWD Etah
2024_CEALG_888621_5,406/Cashier(PDK)-AC/2023-24 Dt 23-01-2024,"General Renewal with P C At Salempur BB to Narayani via Mohini Dadanpur Mafi Road in KM 1, 2, 3, 4, 5(500)",,,,,,,,,,,,,,,,Chief Engineer Aligarh Zone PWD Aligarh||Superintending Engineer Aligarh Circle PWD Aligarh||Provincial Division PWD Kasganj,,,,,,"4,549,816.6",,2024-04-15,Chief Engineer Aligarh Zone PWD Aligarh||Superintending Engineer Aligarh Circle PWD Aligarh||Provincial Division PWD Kasganj
2024_CEALG_888621_5,406/Cashier(PDK)-AC/2023-24 Dt 23-01-2024,"General Renewal with P C At Salempur BB to Narayani via Mohini Dadanpur Mafi Road in KM 1, 2, 3, 4, 5(500)",,,,,,,,,,,,,,,,Chief Engineer Aligarh Zone PWD Aligarh||Superintending Engineer Aligarh Circle PWD Aligarh||Provincial Division PWD Kasganj,,,,,,"4,549,816.6",,2024-04-15,Chief Engineer Aligarh Zone PWD Aligarh||Superintending Engineer Aligarh Circle PWD Aligarh||Provincial Division PWD Kasganj
2024_CEALG_888621_5,406/Cashier(PDK)-AC/2023-24 Dt 23-01-2024,"General Renewal with P C At Salempur BB to Narayani via Mohini Dadanpur Mafi Road in KM 1, 2, 3, 4, 5(500)",,,,,,,,,,,,,,,,Chief Engineer Aligarh Zone PWD Aligarh||Superintending Engineer Aligarh Circle PWD Aligarh||Provincial Division PWD Kasganj,,,,,,"4,549,816.6",,2024-04-15,Chief Engineer Aligarh Zone PWD Aligarh||Superintending Engineer Aligarh Circle PWD Aligarh||Provincial Division PWD Kasganj
2024_CEALG_888180_1,62/17A date 15-01-2024,Renewal Work With General Repair in Various Village Roads Under Patiyali Block in Distt Kasganj,,,,,,,,,,,,,,,,Chief Engineer Aligarh Zone PWD Aligarh||Superintending Engineer Aligarh Circle PWD Aligarh||Construction Division PWD Kasganj,,,,,,"2,189,845.35",,2024-04-08,Chief Engineer Aligarh Zone PWD Aligarh||Superintending Engineer Aligarh Circle PWD Aligarh||Construction Division PWD Kasganj
2024_CEALG_888197_10,62/17A date 15-01-2024,Renewal Work With General Repair on Aliganj Soron Road to Nagla Panni,,,,,,,,,,,,,,,,Chief Engineer Aligarh Zone PWD Aligarh||Superintending Engineer Aligarh Circle PWD Aligarh||Construction Division PWD Kasganj,,,,,,"969,111",,2024-04-08,Chief Engineer Aligarh Zone PWD Aligarh||Superintending Engineer Aligarh Circle PWD Aligarh||Construction Division PWD Kasganj
2024_CEALG_888197_13,62/17A date 15-01-2024,Renewal Work With General Repair on Samaspur to Bara Road,,,,,,,,,,,,,,,,Chief Engineer Aligarh Zone PWD Aligarh||Superintending Engineer Aligarh Circle PWD Aligarh||Construction Division PWD Kasganj,,,,,,"1,923,760.61",,2024-04-08,Chief Engineer Aligarh Zone PWD Aligarh||Superintending Engineer Aligarh Circle PWD Aligarh||Construction Division PWD Kasganj
2024_CEALG_888026_1,271/Cashier(CDK)AC/2023 Date 16-01-2024,Special Repair Work With CC in Abadi Portion and PC in Remaining Portion of Indrajasanpur to Pritam Nagar Road.,,,,,,,,,,,,,,,,Chief Engineer Aligarh Zone PWD Aligarh||Superintending Engineer Aligarh Circle PWD Aligarh||Construction Division PWD Kasganj,,,,,,"3,463,456.22",,2024-04-08,Chief Engineer Aligarh Zone PWD Aligarh||Superintending Engineer Aligarh Circle PWD Aligarh||Construction Division PWD Kasganj
2024_CEALD_908749_2,382/A-5/E-Tendering/2024 Dated 24-02-2024,Special Repair of  Naraini marg to Paliya via Ratanpur Link Road,,,,,,,,,,,,,,,,Cheif Engineer Allahabad Zone PWD Allahabad||SE PRATAPGARH CIRCLE PWD PRATAPGARH||EE PROVINCIAL DIVISION PWD FATEHPUR,,,,,,"1,081,872",,2024-04-02,Cheif Engineer Allahabad Zone PWD Allahabad||SE PRATAPGARH CIRCLE PWD PRATAPGARH||EE PROVINCIAL DIVISION PWD FATEHPUR
2024_CEALD_909366_1,695/95C/etendering/P.F.C/2024 Dt 06.02.2024,Amauli Gangupur Railway fatak via Kahinjara Aitmadpur road (ODR) in Ch. 10.100 to 13.600,,,,,,,,,,,,,,,,Cheif Engineer Allahabad Zone PWD Allahabad||SE PRATAPGARH CIRCLE PWD PRATAPGARH,,,,,,"4,316,903",,2024-04-15,Cheif Engineer Allahabad Zone PWD Allahabad||SE PRATAPGARH CIRCLE PWD PRATAPGARH
2024_CEALD_904835_15,882/1A Nivida /24 Dt 21-02-2024,Renewal Work of GT MARG TO HANDIYA RAM JIYAMAN KA GHAR VIA MAHAMAYA AWAR MARG,,,,,,,,,,,,,,,,Cheif Engineer Allahabad Zone PWD Allahabad||SE ALLAHABAD CIRCLE PWD ALLAHABAD||EE CD-4  -KUMBH MELA-  PWD ALLAHABAD,,,,,,"720,098",,2024-04-18,Cheif Engineer Allahabad Zone PWD Allahabad||SE ALLAHABAD CIRCLE PWD ALLAHABAD||EE CD-4  -KUMBH MELA-  PWD ALLAHABAD
2024_CEALD_904835_15,882/1A Nivida /24 Dt 21-02-2024,Renewal Work of GT MARG TO HANDIYA RAM JIYAMAN KA GHAR VIA MAHAMAYA AWAR MARG,,,,,,,,,,,,,,,,Cheif Engineer Allahabad Zone PWD Allahabad||SE ALLAHABAD CIRCLE PWD ALLAHABAD||EE CD-4  -KUMBH MELA-  PWD ALLAHABAD,,,,,,"720,098",,2024-04-18,Cheif Engineer Allahabad Zone PWD Allahabad||SE ALLAHABAD CIRCLE PWD ALLAHABAD||EE CD-4  -KUMBH MELA-  PWD ALLAHABAD
2024_CEALD_904835_17,882/1A Nivida /24 Dt 21-02-2024,Renewal Work of AG MARG KM 40 TO ARWASI LINK ROAD,,,,,,,,,,,,,,,,Cheif Engineer Allahabad Zone PWD Allahabad||SE ALLAHABAD CIRCLE PWD ALLAHABAD||EE CD-4  -KUMBH MELA-  PWD ALLAHABAD,,,,,,"965,712",,2024-04-10,Cheif Engineer Allahabad Zone PWD Allahabad||SE ALLAHABAD CIRCLE PWD ALLAHABAD||EE CD-4  -KUMBH MELA-  PWD ALLAHABAD
2024_CEALD_900610_11,274/A-5/E-Tendering/2024 Dated 13-02-2024,Renewal of GT Road Purain Mode to Chheemi Airana Bichhiyawa road,,,,,,,,,,,,,,,,Cheif Engineer Allahabad Zone PWD Allahabad||SE PRATAPGARH CIRCLE PWD PRATAPGARH||EE PROVINCIAL DIVISION PWD FATEHPUR,,,,,,"1,814,354",,2024-04-02,Cheif Engineer Allahabad Zone PWD Allahabad||SE PRATAPGARH CIRCLE PWD PRATAPGARH||EE PROVINCIAL DIVISION PWD FATEHPUR
2024_CEALD_900610_1,274/A-5/E-Tendering/2024 Dated 13-02-2024,Renewal of Kot dariyamau to Salwan Link Road Km-1 evam 2 ka 200,,,,,,,,,,,,,,,,Cheif Engineer Allahabad Zone PWD Allahabad||SE PRATAPGARH CIRCLE PWD PRATAPGARH||EE PROVINCIAL DIVISION PWD FATEHPUR,,,,,,"920,694",,2024-04-02,Cheif Engineer Allahabad Zone PWD Allahabad||SE PRATAPGARH CIRCLE PWD PRATAPGARH||EE PROVINCIAL DIVISION PWD FATEHPUR
2024_CEALD_899536_3,248/A-5/E-Tendering/2024 Dated 07-02-2024,Special Repair of  Husainganj Hathgaon marg to Bhalewa  Link Road,,,,,,,,,,,,,,,,Cheif Engineer Allahabad Zone PWD Allahabad||SE PRATAPGARH CIRCLE PWD PRATAPGARH||EE PROVINCIAL DIVISION PWD FATEHPUR,,,,,,"1,932,493",,2024-04-02,Cheif Engineer Allahabad Zone PWD Allahabad||SE PRATAPGARH CIRCLE PWD PRATAPGARH||EE PROVINCIAL DIVISION PWD FATEHPUR
2024_CEALD_899536_3,248/A-5/E-Tendering/2024 Dated 07-02-2024,Special Repair of  Husainganj Hathgaon marg to Bhalewa  Link Road,,,,,,,,,,,,,,,,Cheif Engineer Allahabad Zone PWD Allahabad||SE PRATAPGARH CIRCLE PWD PRATAPGARH||EE PROVINCIAL DIVISION PWD FATEHPUR,,,,,,"1,932,493",,2024-04-02,Cheif Engineer Allahabad Zone PWD Allahabad||SE PRATAPGARH CIRCLE PWD PRATAPGARH||EE PROVINCIAL DIVISION PWD FATEHPUR
2024_CEALD_899536_3,248/A-5/E-Tendering/2024 Dated 07-02-2024,Special Repair of  Husainganj Hathgaon marg to Bhalewa  Link Road,,,,,,,,,,,,,,,,Cheif Engineer Allahabad Zone PWD Allahabad||SE PRATAPGARH CIRCLE PWD PRATAPGARH||EE PROVINCIAL DIVISION PWD FATEHPUR,,,,,,"1,932,493",,2024-04-02,Cheif Engineer Allahabad Zone PWD Allahabad||SE PRATAPGARH CIRCLE PWD PRATAPGARH||EE PROVINCIAL DIVISION PWD FATEHPUR
2024_CEALD_899536_6,248/A-5/E-Tendering/2024 Dated 07-02-2024,Special Repair of Gazipur Vijaipur marg to Beraw Ghanghaul  Link Road,,,,,,,,,,,,,,,,Cheif Engineer Allahabad Zone PWD Allahabad||SE PRATAPGARH CIRCLE PWD PRATAPGARH||EE PROVINCIAL DIVISION PWD FATEHPUR,,,,,,"779,926",,2024-04-02,Cheif Engineer Allahabad Zone PWD Allahabad||SE PRATAPGARH CIRCLE PWD PRATAPGARH||EE PROVINCIAL DIVISION PWD FATEHPUR
2024_CEALD_899695_1,474/95C/etendering/P.F.C/2024 Dt 24.01.2024,I.R.Q.P. Work from Km. 0.000 to 12.400 of Fatehpur Dalamau Road(ODR) in Distt Fatehpur,,,,,,,,,,,,,,,,Cheif Engineer Allahabad Zone PWD Allahabad||SE PRATAPGARH CIRCLE PWD PRATAPGARH,,,,,,"48,550,420",,2024-04-06,Cheif Engineer Allahabad Zone PWD Allahabad||SE PRATAPGARH CIRCLE PWD PRATAPGARH
2024_CEALD_899377_1,25/1ANIVIDA/24,Construction work of RCC culvert on Raipur Rajwaha in Lahti Karnaipur Marg Ggam Sarydatte,,,,,,,,,,,,,,,,Cheif Engineer Allahabad Zone PWD Allahabad||SE ALLAHABAD CIRCLE PWD ALLAHABAD||EE CD-4  -KUMBH MELA-  PWD ALLAHABAD,,,,,,"1,334,990",,2024-04-23,Cheif Engineer Allahabad Zone PWD Allahabad||SE ALLAHABAD CIRCLE PWD ALLAHABAD||EE CD-4  -KUMBH MELA-  PWD ALLAHABAD
2024_CEALD_892801_6,122/A-5/E-Tendering/2024 Date 24-01-2024,Special Repair of Tharyaon Hathgaon to MalawLink Road,,,,,,,,,,,,,,,,Cheif Engineer Allahabad Zone PWD Allahabad||SE PRATAPGARH CIRCLE PWD PRATAPGARH||EE PROVINCIAL DIVISION PWD FATEHPUR,,,,,,"2,695,113",,2024-04-02,Cheif Engineer Allahabad Zone PWD Allahabad||SE PRATAPGARH CIRCLE PWD PRATAPGARH||EE PROVINCIAL DIVISION PWD FATEHPUR
2024_CEALD_887736_7,75/A-5/E-Tendering/2024 Dated 18-01-2024,Renewal of Mahicha Sawat Marg to Ahiran Dera Link Road Km-1 ka 480,,,,,,,,,,,,,,,,Cheif Engineer Allahabad Zone PWD Allahabad||SE PRATAPGARH CIRCLE PWD PRATAPGARH||EE PROVINCIAL DIVISION PWD FATEHPUR,,,,,,"341,989",,2024-04-10,Cheif Engineer Allahabad Zone PWD Allahabad||SE PRATAPGARH CIRCLE PWD PRATAPGARH||EE PROVINCIAL DIVISION PWD FATEHPUR
2024_CEALD_887736_38,75/A-5/E-Tendering/2024 Dated 18-01-2024,Renewal of Alai Ukathu marg to Kasba Sohan Link Road Km-1 ka 700,,,,,,,,,,,,,,,,Cheif Engineer Allahabad Zone PWD Allahabad||SE PRATAPGARH CIRCLE PWD PRATAPGARH||EE PROVINCIAL DIVISION PWD FATEHPUR,,,,,,"399,964",,2024-04-10,Cheif Engineer Allahabad Zone PWD Allahabad||SE PRATAPGARH CIRCLE PWD PRATAPGARH||EE PROVINCIAL DIVISION PWD FATEHPUR
2024_CEALD_887736_45,75/A-5/E-Tendering/2024 Dated 18-01-2024,Renewal of Mawai Lohari marg ke km 5 se Agnihotri ka purwa Link Road,,,,,,,,,,,,,,,,Cheif Engineer Allahabad Zone PWD Allahabad||SE PRATAPGARH CIRCLE PWD PRATAPGARH||EE PROVINCIAL DIVISION PWD FATEHPUR,,,,,,"840,964",,2024-04-02,Cheif Engineer Allahabad Zone PWD Allahabad||SE PRATAPGARH CIRCLE PWD PRATAPGARH||EE PROVINCIAL DIVISION PWD FATEHPUR
2024_CEALD_887736_45,75/A-5/E-Tendering/2024 Dated 18-01-2024,Renewal of Mawai Lohari marg ke km 5 se Agnihotri ka purwa Link Road,,,,,,,,,,,,,,,,Cheif Engineer Allahabad Zone PWD Allahabad||SE PRATAPGARH CIRCLE PWD PRATAPGARH||EE PROVINCIAL DIVISION PWD FATEHPUR,,,,,,"840,964",,2024-04-02,Cheif Engineer Allahabad Zone PWD Allahabad||SE PRATAPGARH CIRCLE PWD PRATAPGARH||EE PROVINCIAL DIVISION PWD FATEHPUR
2024_CEALD_887736_45,75/A-5/E-Tendering/2024 Dated 18-01-2024,Renewal of Mawai Lohari marg ke km 5 se Agnihotri ka purwa Link Road,,,,,,,,,,,,,,,,Cheif Engineer Allahabad Zone PWD Allahabad||SE PRATAPGARH CIRCLE PWD PRATAPGARH||EE PROVINCIAL DIVISION PWD FATEHPUR,,,,,,"840,964",,2024-04-02,Cheif Engineer Allahabad Zone PWD Allahabad||SE PRATAPGARH CIRCLE PWD PRATAPGARH||EE PROVINCIAL DIVISION PWD FATEHPUR
2024_CEALD_887736_45,75/A-5/E-Tendering/2024 Dated 18-01-2024,Renewal of Mawai Lohari marg ke km 5 se Agnihotri ka purwa Link Road,,,,,,,,,,,,,,,,Cheif Engineer Allahabad Zone PWD Allahabad||SE PRATAPGARH CIRCLE PWD PRATAPGARH||EE PROVINCIAL DIVISION PWD FATEHPUR,,,,,,"840,964",,2024-04-02,Cheif Engineer Allahabad Zone PWD Allahabad||SE PRATAPGARH CIRCLE PWD PRATAPGARH||EE PROVINCIAL DIVISION PWD FATEHPUR
2024_CEALD_887736_45,75/A-5/E-Tendering/2024 Dated 18-01-2024,Renewal of Mawai Lohari marg ke km 5 se Agnihotri ka purwa Link Road,,,,,,,,,,,,,,,,Cheif Engineer Allahabad Zone PWD Allahabad||SE PRATAPGARH CIRCLE PWD PRATAPGARH||EE PROVINCIAL DIVISION PWD FATEHPUR,,,,,,"840,964",,2024-04-02,Cheif Engineer Allahabad Zone PWD Allahabad||SE PRATAPGARH CIRCLE PWD PRATAPGARH||EE PROVINCIAL DIVISION PWD FATEHPUR
2024_CEALD_887736_4,75/A-5/E-Tendering/2024 Dated 18-01-2024,Renewal of GT Marg to Majhilgaon Link Road Km-1-2 ka 350,,,,,,,,,,,,,,,,Cheif Engineer Allahabad Zone PWD Allahabad||SE PRATAPGARH CIRCLE PWD PRATAPGARH||EE PROVINCIAL DIVISION PWD FATEHPUR,,,,,,"836,578",,2024-04-02,Cheif Engineer Allahabad Zone PWD Allahabad||SE PRATAPGARH CIRCLE PWD PRATAPGARH||EE PROVINCIAL DIVISION PWD FATEHPUR
2024_CEALD_887736_35,75/A-5/E-Tendering/2024 Dated 18-01-2024,Renewal of Fatehpur Joniha marg to Bilandpur Link Road Km-1,,,,,,,,,,,,,,,,Cheif Engineer Allahabad Zone PWD Allahabad||SE PRATAPGARH CIRCLE PWD PRATAPGARH||EE PROVINCIAL DIVISION PWD FATEHPUR,,,,,,"568,555",,2024-04-10,Cheif Engineer Allahabad Zone PWD Allahabad||SE PRATAPGARH CIRCLE PWD PRATAPGARH||EE PROVINCIAL DIVISION PWD FATEHPUR
2024_CEALD_887736_3,75/A-5/E-Tendering/2024 Dated 18-01-2024,Renewal of GT Marg ke Km-120 to Katoghan Link Road Km-1-2-3-4 ka 800,,,,,,,,,,,,,,,,Cheif Engineer Allahabad Zone PWD Allahabad||SE PRATAPGARH CIRCLE PWD PRATAPGARH||EE PROVINCIAL DIVISION PWD FATEHPUR,,,,,,"2,360,747",,2024-04-02,Cheif Engineer Allahabad Zone PWD Allahabad||SE PRATAPGARH CIRCLE PWD PRATAPGARH||EE PROVINCIAL DIVISION PWD FATEHPUR
2024_CEALD_887736_18,75/A-5/E-Tendering/2024 Dated 18-01-2024,Renewal of Khaga Naubasta Chakaspeerpur marg to Raheempur Dharmangatpur Road Km-1 ka 870,,,,,,,,,,,,,,,,Cheif Engineer Allahabad Zone PWD Allahabad||SE PRATAPGARH CIRCLE PWD PRATAPGARH||EE PROVINCIAL DIVISION PWD FATEHPUR,,,,,,"495,766",,2024-04-10,Cheif Engineer Allahabad Zone PWD Allahabad||SE PRATAPGARH CIRCLE PWD PRATAPGARH||EE PROVINCIAL DIVISION PWD FATEHPUR
2024_CEALD_887736_19,75/A-5/E-Tendering/2024 Dated 18-01-2024,Renewal of Khaga Naubasta marg to Mulkipur Link Road Km-1 ka 300,,,,,,,,,,,,,,,,Cheif Engineer Allahabad Zone PWD Allahabad||SE PRATAPGARH CIRCLE PWD PRATAPGARH||EE PROVINCIAL DIVISION PWD FATEHPUR,,,,,,"220,357",,2024-04-10,Cheif Engineer Allahabad Zone PWD Allahabad||SE PRATAPGARH CIRCLE PWD PRATAPGARH||EE PROVINCIAL DIVISION PWD FATEHPUR
2024_CEALD_887736_20,75/A-5/E-Tendering/2024 Dated 18-01-2024,Renewal of Khaga Naubasta marg to Malkanpur Link Road Km-1 ka 600,,,,,,,,,,,,,,,,Cheif Engineer Allahabad Zone PWD Allahabad||SE PRATAPGARH CIRCLE PWD PRATAPGARH||EE PROVINCIAL DIVISION PWD FATEHPUR,,,,,,"440,400",,2024-04-10,Cheif Engineer Allahabad Zone PWD Allahabad||SE PRATAPGARH CIRCLE PWD PRATAPGARH||EE PROVINCIAL DIVISION PWD FATEHPUR
2024_CEALD_887736_25,75/A-5/E-Tendering/2024 Dated 18-01-2024,Renewal of Khaga Naubasta Marg to Airaya Sadat  Link road,,,,,,,,,,,,,,,,Cheif Engineer Allahabad Zone PWD Allahabad||SE PRATAPGARH CIRCLE PWD PRATAPGARH||EE PROVINCIAL DIVISION PWD FATEHPUR,,,,,,"576,389",,2024-04-10,Cheif Engineer Allahabad Zone PWD Allahabad||SE PRATAPGARH CIRCLE PWD PRATAPGARH||EE PROVINCIAL DIVISION PWD FATEHPUR
2024_CEALD_885719_15,32/5A/2024 DT. 05-01-2024,Nawabganj Shastri road per Panchdevra to Pavna tak road,,,,,,,,,,,,,,,,Cheif Engineer Allahabad Zone PWD Allahabad||SE ALLAHABAD CIRCLE PWD ALLAHABAD||EE CONSTRUCTION DIVISION-3  PWD ALLAHABAD,,,,,,"629,386.26",,2024-04-01,Cheif Engineer Allahabad Zone PWD Allahabad||SE ALLAHABAD CIRCLE PWD ALLAHABAD||EE CONSTRUCTION DIVISION-3  PWD ALLAHABAD
2024_CEALD_885719_15,32/5A/2024 DT. 05-01-2024,Nawabganj Shastri road per Panchdevra to Pavna tak road,,,,,,,,,,,,,,,,Cheif Engineer Allahabad Zone PWD Allahabad||SE ALLAHABAD CIRCLE PWD ALLAHABAD||EE CONSTRUCTION DIVISION-3  PWD ALLAHABAD,,,,,,"629,386.26",,2024-04-01,Cheif Engineer Allahabad Zone PWD Allahabad||SE ALLAHABAD CIRCLE PWD ALLAHABAD||EE CONSTRUCTION DIVISION-3  PWD ALLAHABAD
2024_CEALD_885280_18,515/ Camp Nivida /23 dt 24-12-2023,Special Repair Work of  Mirakpur Majra Khajuha from Ramanand Binds shop via Prajapati Basti to Abhaipur Link Road,,,,,,,,,,,,,,,,Cheif Engineer Allahabad Zone PWD Allahabad||SE ALLAHABAD CIRCLE PWD ALLAHABAD||EE CD-4  -KUMBH MELA-  PWD ALLAHABAD,,,,,,"2,042,059",,2024-04-23,Cheif Engineer Allahabad Zone PWD Allahabad||SE ALLAHABAD CIRCLE PWD ALLAHABAD||EE CD-4  -KUMBH MELA-  PWD ALLAHABAD
2024_CEALD_885280_18,515/ Camp Nivida /23 dt 24-12-2023,Special Repair Work of  Mirakpur Majra Khajuha from Ramanand Binds shop via Prajapati Basti to Abhaipur Link Road,,,,,,,,,,,,,,,,Cheif Engineer Allahabad Zone PWD Allahabad||SE ALLAHABAD CIRCLE PWD ALLAHABAD||EE CD-4  -KUMBH MELA-  PWD ALLAHABAD,,,,,,"2,042,059",,2024-04-23,Cheif Engineer Allahabad Zone PWD Allahabad||SE ALLAHABAD CIRCLE PWD ALLAHABAD||EE CD-4  -KUMBH MELA-  PWD ALLAHABAD
2024_SCIDC_905896_1,252/7-5(4)/E-TENDER/2023-24 date 26-02-2024,"Construction work of mini swimming pool, modern gym and upgradation of boundary wall in the sports stadium of District Firozabad",,,,,,,,,,,,,,,,U.P. State Construction and Infrastructure Development Corporation Ltd.,,,,,,"80,590,838.9",,2024-04-15,U.P. State Construction and Infrastructure Development Corporation Ltd.
2024_CEAGR_911804_1,1124/14M-AC/2024 dated 29-02-2024,Renewal Work of Akabarpur Karahari Dadisara Road,,,,,,,,,,,,,,,,Chief Engineer Agra Zone PWD Agra UP||AGRA CIRCLE PWD AGRA,,,,,,"4,270,038.08",,2024-04-05,Chief Engineer Agra Zone PWD Agra UP||AGRA CIRCLE PWD AGRA
2024_CEAGR_907217_2,800/9A-PD/2024 Dated 26/02/2024,Special Repair work of PPT Road to Sukhbhan ka pura Road,,,,,,,,,,,,,,,,Chief Engineer Agra Zone PWD Agra UP||AGRA CIRCLE PWD AGRA||PROVINCIAL DIVISION PWD AGRA,,,,,,"612,535",,2024-04-25,Chief Engineer Agra Zone PWD Agra UP||AGRA CIRCLE PWD AGRA||PROVINCIAL DIVISION PWD AGRA
2024_CEAGR_907217_9,800/9A-PD/2024 Dated 26/02/2024,Special Repair work of Purana Shikohabad Road Km-23 to Singaich via Ramdayal Ki Thar (Bah Shikohabad Road to Ramdayal Ki Thar) Road,,,,,,,,,,,,,,,,Chief Engineer Agra Zone PWD Agra UP||AGRA CIRCLE PWD AGRA||PROVINCIAL DIVISION PWD AGRA,,,,,,"600,495",,2024-04-25,Chief Engineer Agra Zone PWD Agra UP||AGRA CIRCLE PWD AGRA||PROVINCIAL DIVISION PWD AGRA
2024_CEAGR_907217_9,800/9A-PD/2024 Dated 26/02/2024,Special Repair work of Purana Shikohabad Road Km-23 to Singaich via Ramdayal Ki Thar (Bah Shikohabad Road to Ramdayal Ki Thar) Road,,,,,,,,,,,,,,,,Chief Engineer Agra Zone PWD Agra UP||AGRA CIRCLE PWD AGRA||PROVINCIAL DIVISION PWD AGRA,,,,,,"600,495",,2024-04-25,Chief Engineer Agra Zone PWD Agra UP||AGRA CIRCLE PWD AGRA||PROVINCIAL DIVISION PWD AGRA
2024_CEAGR_907217_9,800/9A-PD/2024 Dated 26/02/2024,Special Repair work of Purana Shikohabad Road Km-23 to Singaich via Ramdayal Ki Thar (Bah Shikohabad Road to Ramdayal Ki Thar) Road,,,,,,,,,,,,,,,,Chief Engineer Agra Zone PWD Agra UP||AGRA CIRCLE PWD AGRA||PROVINCIAL DIVISION PWD AGRA,,,,,,"600,495",,2024-04-25,Chief Engineer Agra Zone PWD Agra UP||AGRA CIRCLE PWD AGRA||PROVINCIAL DIVISION PWD AGRA
2024_CEAGR_907217_9,800/9A-PD/2024 Dated 26/02/2024,Special Repair work of Purana Shikohabad Road Km-23 to Singaich via Ramdayal Ki Thar (Bah Shikohabad Road to Ramdayal Ki Thar) Road,,,,,,,,,,,,,,,,Chief Engineer Agra Zone PWD Agra UP||AGRA CIRCLE PWD AGRA||PROVINCIAL DIVISION PWD AGRA,,,,,,"600,495",,2024-04-25,Chief Engineer Agra Zone PWD Agra UP||AGRA CIRCLE PWD AGRA||PROVINCIAL DIVISION PWD AGRA
2024_CEAGR_907201_2,405/6A/2023-24 Date 27-02-2024,Spaical Repair work at NH2 to Basai Mohammadpur road,,,,,,,,,,,,,,,,Chief Engineer Agra Zone PWD Agra UP||MAINPURI CIRCLE PWD MAINPURI||CONSTRUCTION DIVISION-2 PWD FIROZABAD,,,,,,"474,041.6",,2024-04-25,Chief Engineer Agra Zone PWD Agra UP||MAINPURI CIRCLE PWD MAINPURI||CONSTRUCTION DIVISION-2 PWD FIROZABAD
2024_CEAGR_907201_3,405/6A/2023-24 Date 27-02-2024,Spaical Repair work at Tundla Avagarh road to Marsaina road,,,,,,,,,,,,,,,,Chief Engineer Agra Zone PWD Agra UP||MAINPURI CIRCLE PWD MAINPURI||CONSTRUCTION DIVISION-2 PWD FIROZABAD,,,,,,"329,075.5",,2024-04-25,Chief Engineer Agra Zone PWD Agra UP||MAINPURI CIRCLE PWD MAINPURI||CONSTRUCTION DIVISION-2 PWD FIROZABAD
2024_CEAGR_906629_1,866/7m dt. 20.02.24,Special Repair of Ghiror Jasarana Fariha Kotala Road,,,,,,,,,,,,,,,,Chief Engineer Agra Zone PWD Agra UP||MAINPURI CIRCLE PWD MAINPURI||CONSTRUCTION DIVISION 3 PWD MAINPURI,,,,,,"20,835,341.24",,2024-04-08,Chief Engineer Agra Zone PWD Agra UP||MAINPURI CIRCLE PWD MAINPURI||CONSTRUCTION DIVISION 3 PWD MAINPURI
2024_CEAGR_902800_1,317/10A/2024 Date 12.02.2024,Special Repair work of Razrai to Nagla Kali Road Transformar to Vakil House.,,,,,,,,,,,,,,,,Chief Engineer Agra Zone PWD Agra UP||AGRA CIRCLE PWD AGRA||CONSTRUCTION DIVISON 2 PWD AGRA,,,,,,"464,716.8",,2024-04-16,Chief Engineer Agra Zone PWD Agra UP||AGRA CIRCLE PWD AGRA||CONSTRUCTION DIVISON 2 PWD AGRA
2024_CEAGR_902830_1,774/7M dt. 15.02.2024,Special Repair work of Kirthua Pashupur Mohabbatpur road,,,,,,,,,,,,,,,,Chief Engineer Agra Zone PWD Agra UP||MAINPURI CIRCLE PWD MAINPURI||PROVINCIAL DIVISION PWD MAINPURI,,,,,,"5,069,462",,2024-04-24,Chief Engineer Agra Zone PWD Agra UP||MAINPURI CIRCLE PWD MAINPURI||PROVINCIAL DIVISION PWD MAINPURI
2024_CEAGR_904342_1,329/5A date 17.02.2024,Renwal of Dannahar kuchela via Tindoli road,,,,,,,,,,,,,,,,Chief Engineer Agra Zone PWD Agra UP||MAINPURI CIRCLE PWD MAINPURI||CONSTRUCTION DIVISION PWD MAINPURI,,,,,,"2,087,445.71",,2024-04-08,Chief Engineer Agra Zone PWD Agra UP||MAINPURI CIRCLE PWD MAINPURI||CONSTRUCTION DIVISION PWD MAINPURI
2024_CEAGR_905573_2,596/2A dt. 26.02.2024,Pengu Chandrapura to Nagla Tal road,,,,,,,,,,,,,,,,Chief Engineer Agra Zone PWD Agra UP||MAINPURI CIRCLE PWD MAINPURI||PROVINCIAL DIVISION PWD FIROZABAD,,,,,,"2,467,128.24",,2024-04-08,Chief Engineer Agra Zone PWD Agra UP||MAINPURI CIRCLE PWD MAINPURI||PROVINCIAL DIVISION PWD FIROZABAD
2024_CEAGR_901456_1,362 DT 14.02.2024,CONST OF TOILET FOR NYAYIK AND NAYAB TAHSILDAR IN TAHSIL KARAHL DISTT MAINPURI,,,,,,,,,,,,,,,,Chief Engineer Agra Zone PWD Agra UP||MAINPURI CIRCLE PWD MAINPURI||PROVINCIAL DIVISION PWD MAINPURI,,,,,,"431,914.68",,2024-04-16,Chief Engineer Agra Zone PWD Agra UP||MAINPURI CIRCLE PWD MAINPURI||PROVINCIAL DIVISION PWD MAINPURI
2024_CEAGR_899766_5,466/14M-AC/2023-24 dated 29-01-2024,Special Repair work Fatehpur Sikari to Dabar Khanua Road,,,,,,,,,,,,,,,,Chief Engineer Agra Zone PWD Agra UP||AGRA CIRCLE PWD AGRA,,,,,,"3,043,297.78",,2024-04-12,Chief Engineer Agra Zone PWD Agra UP||AGRA CIRCLE PWD AGRA
2024_CEAGR_899776_1,494/2A dt. 17.02.2024,Galpura Bamba ki pattri to Thar pop singh road,,,,,,,,,,,,,,,,Chief Engineer Agra Zone PWD Agra UP||MAINPURI CIRCLE PWD MAINPURI||PROVINCIAL DIVISION PWD FIROZABAD,,,,,,"319,276.1",,2024-04-08,Chief Engineer Agra Zone PWD Agra UP||MAINPURI CIRCLE PWD MAINPURI||PROVINCIAL DIVISION PWD FIROZABAD
2024_CEAGR_899776_3,494/2A dt. 17.02.2024,Sirsganj Aron road to Jagmudi Road,,,,,,,,,,,,,,,,Chief Engineer Agra Zone PWD Agra UP||MAINPURI CIRCLE PWD MAINPURI||PROVINCIAL DIVISION PWD FIROZABAD,,,,,,"217,308.48",,2024-04-08,Chief Engineer Agra Zone PWD Agra UP||MAINPURI CIRCLE PWD MAINPURI||PROVINCIAL DIVISION PWD FIROZABAD
2024_CEAGR_899799_1,469/14M-AC/2023-24 dated 29-01-2024,Renewal work along with general repair on NH-11 to Sikaruda canal track in Km-3 of Fatehpur Sikri Kagaraul,,,,,,,,,,,,,,,,Chief Engineer Agra Zone PWD Agra UP||AGRA CIRCLE PWD AGRA,,,,,,"6,295,147.55",,2024-04-05,Chief Engineer Agra Zone PWD Agra UP||AGRA CIRCLE PWD AGRA
2024_CEAGR_899799_1,469/14M-AC/2023-24 dated 29-01-2024,Renewal work along with general repair on NH-11 to Sikaruda canal track in Km-3 of Fatehpur Sikri Kagaraul,,,,,,,,,,,,,,,,Chief Engineer Agra Zone PWD Agra UP||AGRA CIRCLE PWD AGRA,,,,,,"6,295,147.55",,2024-04-05,Chief Engineer Agra Zone PWD Agra UP||AGRA CIRCLE PWD AGRA
2024_CEAGR_899799_3,469/14M-AC/2023-24 dated 29-01-2024,Renewal work along with general repairs on the route from Samshabad Fatehabad road to Paitikheda Wajidpur Gadhghat Yamuna river,,,,,,,,,,,,,,,,Chief Engineer Agra Zone PWD Agra UP||AGRA CIRCLE PWD AGRA,,,,,,"10,474,355.69",,2024-04-03,Chief Engineer Agra Zone PWD Agra UP||AGRA CIRCLE PWD AGRA
2024_CEAGR_899799_3,469/14M-AC/2023-24 dated 29-01-2024,Renewal work along with general repairs on the route from Samshabad Fatehabad road to Paitikheda Wajidpur Gadhghat Yamuna river,,,,,,,,,,,,,,,,Chief Engineer Agra Zone PWD Agra UP||AGRA CIRCLE PWD AGRA,,,,,,"10,474,355.69",,2024-04-03,Chief Engineer Agra Zone PWD Agra UP||AGRA CIRCLE PWD AGRA
2024_CEAGR_899766_1,466/14M-AC/2023-24 dated 29-01-2024,Repair work of Bhadroli Rampur Chandraseni Road. (Under Special Repair),,,,,,,,,,,,,,,,Chief Engineer Agra Zone PWD Agra UP||AGRA CIRCLE PWD AGRA,,,,,,"4,032,416.75",,2024-04-03,Chief Engineer Agra Zone PWD Agra UP||AGRA CIRCLE PWD AGRA
2024_CEAGR_899766_2,466/14M-AC/2023-24 dated 29-01-2024,Special Repair work of NKUP to Guman Singh Ka Pura Chaurangahar Madepura Road,,,,,,,,,,,,,,,,Chief Engineer Agra Zone PWD Agra UP||AGRA CIRCLE PWD AGRA,,,,,,"6,699,132",,2024-04-05,Chief Engineer Agra Zone PWD Agra UP||AGRA CIRCLE PWD AGRA
2024_CEAGR_899710_22,303/5A date 13.02.2024,Renwal of G.T. Road to Nagla Khumani,,,,,,,,,,,,,,,,Chief Engineer Agra Zone PWD Agra UP||MAINPURI CIRCLE PWD MAINPURI||CONSTRUCTION DIVISION PWD MAINPURI,,,,,,"707,081.76",,2024-04-18,Chief Engineer Agra Zone PWD Agra UP||MAINPURI CIRCLE PWD MAINPURI||CONSTRUCTION DIVISION PWD MAINPURI
2024_CEAGR_899710_24,303/5A date 13.02.2024,Renwal of Mainpuri Angotha Padria road rest part,,,,,,,,,,,,,,,,Chief Engineer Agra Zone PWD Agra UP||MAINPURI CIRCLE PWD MAINPURI||CONSTRUCTION DIVISION PWD MAINPURI,,,,,,"441,483.02",,2024-04-08,Chief Engineer Agra Zone PWD Agra UP||MAINPURI CIRCLE PWD MAINPURI||CONSTRUCTION DIVISION PWD MAINPURI
2024_CEAGR_899710_24,303/5A date 13.02.2024,Renwal of Mainpuri Angotha Padria road rest part,,,,,,,,,,,,,,,,Chief Engineer Agra Zone PWD Agra UP||MAINPURI CIRCLE PWD MAINPURI||CONSTRUCTION DIVISION PWD MAINPURI,,,,,,"441,483.02",,2024-04-08,Chief Engineer Agra Zone PWD Agra UP||MAINPURI CIRCLE PWD MAINPURI||CONSTRUCTION DIVISION PWD MAINPURI
2024_CEAGR_899710_2,303/5A date 13.02.2024,Renwal of Veerpur Kala Link road,,,,,,,,,,,,,,,,Chief Engineer Agra Zone PWD Agra UP||MAINPURI CIRCLE PWD MAINPURI||CONSTRUCTION DIVISION PWD MAINPURI,,,,,,"584,131.84",,2024-04-08,Chief Engineer Agra Zone PWD Agra UP||MAINPURI CIRCLE PWD MAINPURI||CONSTRUCTION DIVISION PWD MAINPURI
2024_CEAGR_899706_6,353/2A dt. 08.02.2024,Construction of Culvert Firozabad Fatehabad road in km 3,,,,,,,,,,,,,,,,Chief Engineer Agra Zone PWD Agra UP||MAINPURI CIRCLE PWD MAINPURI||PROVINCIAL DIVISION PWD FIROZABAD,,,,,,"1,720,548",,2024-04-08,Chief Engineer Agra Zone PWD Agra UP||MAINPURI CIRCLE PWD MAINPURI||PROVINCIAL DIVISION PWD FIROZABAD
2024_CEAGR_899706_6,353/2A dt. 08.02.2024,Construction of Culvert Firozabad Fatehabad road in km 3,,,,,,,,,,,,,,,,Chief Engineer Agra Zone PWD Agra UP||MAINPURI CIRCLE PWD MAINPURI||PROVINCIAL DIVISION PWD FIROZABAD,,,,,,"1,720,548",,2024-04-08,Chief Engineer Agra Zone PWD Agra UP||MAINPURI CIRCLE PWD MAINPURI||PROVINCIAL DIVISION PWD FIROZABAD
2024_CEAGR_899710_12,303/5A date 13.02.2024,Renwal of Chatari to Thorawa to gadi chatari road,,,,,,,,,,,,,,,,Chief Engineer Agra Zone PWD Agra UP||MAINPURI CIRCLE PWD MAINPURI||CONSTRUCTION DIVISION PWD MAINPURI,,,,,,"200,509.85",,2024-04-08,Chief Engineer Agra Zone PWD Agra UP||MAINPURI CIRCLE PWD MAINPURI||CONSTRUCTION DIVISION PWD MAINPURI
2024_CEAGR_899710_13,303/5A date 13.02.2024,Renwal of Lakhora Auncha road to Ballampur road,,,,,,,,,,,,,,,,Chief Engineer Agra Zone PWD Agra UP||MAINPURI CIRCLE PWD MAINPURI||CONSTRUCTION DIVISION PWD MAINPURI,,,,,,"516,878.43",,2024-04-18,Chief Engineer Agra Zone PWD Agra UP||MAINPURI CIRCLE PWD MAINPURI||CONSTRUCTION DIVISION PWD MAINPURI
2024_CEAGR_899710_14,303/5A date 13.02.2024,Renwal of mainpuri Kurawali road to GT road via nanamau road,,,,,,,,,,,,,,,,Chief Engineer Agra Zone PWD Agra UP||MAINPURI CIRCLE PWD MAINPURI||CONSTRUCTION DIVISION PWD MAINPURI,,,,,,"449,761.73",,2024-04-08,Chief Engineer Agra Zone PWD Agra UP||MAINPURI CIRCLE PWD MAINPURI||CONSTRUCTION DIVISION PWD MAINPURI
2024_CEAGR_899505_11,348 DT 12.02.2024,RENEWAL OF KISHNI BEWAR ROAD TO MANIPURA MANIKPUR RAOD,,,,,,,,,,,,,,,,Chief Engineer Agra Zone PWD Agra UP||MAINPURI CIRCLE PWD MAINPURI||PROVINCIAL DIVISION PWD MAINPURI,,,,,,"558,672.79",,2024-04-09,Chief Engineer Agra Zone PWD Agra UP||MAINPURI CIRCLE PWD MAINPURI||PROVINCIAL DIVISION PWD MAINPURI
2024_CEAGR_899505_1,348 DT 12.02.2024,RENEWAL OF SIRSAGANJ KISHNI BIDHUNA SH 103 JATPURA CHOURAHA TO GAPCHARIYA CHANDARPUR KISHNI SHAMSERGANJ ROAD,,,,,,,,,,,,,,,,Chief Engineer Agra Zone PWD Agra UP||MAINPURI CIRCLE PWD MAINPURI||PROVINCIAL DIVISION PWD MAINPURI,,,,,,"1,943,765.95",,2024-04-09,Chief Engineer Agra Zone PWD Agra UP||MAINPURI CIRCLE PWD MAINPURI||PROVINCIAL DIVISION PWD MAINPURI
2024_CEAGR_896620_4,204/6A/2023-24 Dt 05-02-2024,RENUWAL WORK AT NAGLA BALIA LINK ROAD,,,,,,,,,,,,,,,,Chief Engineer Agra Zone PWD Agra UP||MAINPURI CIRCLE PWD MAINPURI||CONSTRUCTION DIVISION-2 PWD FIROZABAD,,,,,,"1,342,450.66",,2024-04-06,Chief Engineer Agra Zone PWD Agra UP||MAINPURI CIRCLE PWD MAINPURI||CONSTRUCTION DIVISION-2 PWD FIROZABAD
2024_CEAGR_896235_11,249 DT 03.02.2024,SR ON KARHAL GARIYA FATEHPUR ROAD KM 6 TO PRATHVIPUR ROAD,,,,,,,,,,,,,,,,Chief Engineer Agra Zone PWD Agra UP||MAINPURI CIRCLE PWD MAINPURI||PROVINCIAL DIVISION PWD MAINPURI,,,,,,"456,982",,2024-04-04,Chief Engineer Agra Zone PWD Agra UP||MAINPURI CIRCLE PWD MAINPURI||PROVINCIAL DIVISION PWD MAINPURI
2024_CEAGR_895901_1,563/7M Dt. 03-02-2024,Etawah mainpuri karhal Abadi bhag,,,,,,,,,,,,,,,,Chief Engineer Agra Zone PWD Agra UP||MAINPURI CIRCLE PWD MAINPURI||PROVINCIAL DIVISION PWD MAINPURI,,,,,,"2,970,389",,2024-04-27,Chief Engineer Agra Zone PWD Agra UP||MAINPURI CIRCLE PWD MAINPURI||PROVINCIAL DIVISION PWD MAINPURI
2024_CEAGR_895525_54,462/9A-PD/2024 Dated 03/02-2024,Special Repair work of Fatehabad Nibohara Road to Basai Gangora Road,,,,,,,,,,,,,,,,Chief Engineer Agra Zone PWD Agra UP||AGRA CIRCLE PWD AGRA||PROVINCIAL DIVISION PWD AGRA,,,,,,"1,315,178.82",,2024-04-20,Chief Engineer Agra Zone PWD Agra UP||AGRA CIRCLE PWD AGRA||PROVINCIAL DIVISION PWD AGRA
2024_CEAGR_895525_58,462/9A-PD/2024 Dated 03/02-2024,Special Repair work of Rihawali Road to Jajpura Road,,,,,,,,,,,,,,,,Chief Engineer Agra Zone PWD Agra UP||AGRA CIRCLE PWD AGRA||PROVINCIAL DIVISION PWD AGRA,,,,,,"587,706",,2024-04-20,Chief Engineer Agra Zone PWD Agra UP||AGRA CIRCLE PWD AGRA||PROVINCIAL DIVISION PWD AGRA
2024_CEAGR_895525_58,462/9A-PD/2024 Dated 03/02-2024,Special Repair work of Rihawali Road to Jajpura Road,,,,,,,,,,,,,,,,Chief Engineer Agra Zone PWD Agra UP||AGRA CIRCLE PWD AGRA||PROVINCIAL DIVISION PWD AGRA,,,,,,"587,706",,2024-04-20,Chief Engineer Agra Zone PWD Agra UP||AGRA CIRCLE PWD AGRA||PROVINCIAL DIVISION PWD AGRA
2024_CEAGR_895525_41,462/9A-PD/2024 Dated 03/02-2024,Special Repair work of Fatehpur Sikari Mai Burj Road to nagla Bich Road,,,,,,,,,,,,,,,,Chief Engineer Agra Zone PWD Agra UP||AGRA CIRCLE PWD AGRA||PROVINCIAL DIVISION PWD AGRA,,,,,,"641,430.36",,2024-04-18,Chief Engineer Agra Zone PWD Agra UP||AGRA CIRCLE PWD AGRA||PROVINCIAL DIVISION PWD AGRA
2024_CEAGR_895525_41,462/9A-PD/2024 Dated 03/02-2024,Special Repair work of Fatehpur Sikari Mai Burj Road to nagla Bich Road,,,,,,,,,,,,,,,,Chief Engineer Agra Zone PWD Agra UP||AGRA CIRCLE PWD AGRA||PROVINCIAL DIVISION PWD AGRA,,,,,,"641,430.36",,2024-04-18,Chief Engineer Agra Zone PWD Agra UP||AGRA CIRCLE PWD AGRA||PROVINCIAL DIVISION PWD AGRA
2024_CEAGR_895525_41,462/9A-PD/2024 Dated 03/02-2024,Special Repair work of Fatehpur Sikari Mai Burj Road to nagla Bich Road,,,,,,,,,,,,,,,,Chief Engineer Agra Zone PWD Agra UP||AGRA CIRCLE PWD AGRA||PROVINCIAL DIVISION PWD AGRA,,,,,,"641,430.36",,2024-04-18,Chief Engineer Agra Zone PWD Agra UP||AGRA CIRCLE PWD AGRA||PROVINCIAL DIVISION PWD AGRA
2024_CEAGR_895525_43,462/9A-PD/2024 Dated 03/02-2024,Special Repair work of Vidhyapur to Brahmpur Road,,,,,,,,,,,,,,,,Chief Engineer Agra Zone PWD Agra UP||AGRA CIRCLE PWD AGRA||PROVINCIAL DIVISION PWD AGRA,,,,,,"2,634,441.44",,2024-04-18,Chief Engineer Agra Zone PWD Agra UP||AGRA CIRCLE PWD AGRA||PROVINCIAL DIVISION PWD AGRA
2024_CEAGR_895525_48,462/9A-PD/2024 Dated 03/02-2024,Special Repair work of Agra Fatehabad Road to Mal Ka Pura Road,,,,,,,,,,,,,,,,Chief Engineer Agra Zone PWD Agra UP||AGRA CIRCLE PWD AGRA||PROVINCIAL DIVISION PWD AGRA,,,,,,"766,285.52",,2024-04-20,Chief Engineer Agra Zone PWD Agra UP||AGRA CIRCLE PWD AGRA||PROVINCIAL DIVISION PWD AGRA
2024_CEAGR_895525_48,462/9A-PD/2024 Dated 03/02-2024,Special Repair work of Agra Fatehabad Road to Mal Ka Pura Road,,,,,,,,,,,,,,,,Chief Engineer Agra Zone PWD Agra UP||AGRA CIRCLE PWD AGRA||PROVINCIAL DIVISION PWD AGRA,,,,,,"766,285.52",,2024-04-20,Chief Engineer Agra Zone PWD Agra UP||AGRA CIRCLE PWD AGRA||PROVINCIAL DIVISION PWD AGRA
2024_CEAGR_895525_41,462/9A-PD/2024 Dated 03/02-2024,Special Repair work of Fatehpur Sikari Mai Burj Road to nagla Bich Road,,,,,,,,,,,,,,,,Chief Engineer Agra Zone PWD Agra UP||AGRA CIRCLE PWD AGRA||PROVINCIAL DIVISION PWD AGRA,,,,,,"641,430.36",,2024-04-18,Chief Engineer Agra Zone PWD Agra UP||AGRA CIRCLE PWD AGRA||PROVINCIAL DIVISION PWD AGRA
2024_CEAGR_895525_32,462/9A-PD/2024 Dated 03/02-2024,Special Repair work of Singarpur Satha Road to Nagla Bahrawati Road,,,,,,,,,,,,,,,,Chief Engineer Agra Zone PWD Agra UP||AGRA CIRCLE PWD AGRA||PROVINCIAL DIVISION PWD AGRA,,,,,,"1,623,836.6",,2024-04-05,Chief Engineer Agra Zone PWD Agra UP||AGRA CIRCLE PWD AGRA||PROVINCIAL DIVISION PWD AGRA
2024_CEAGR_895525_32,462/9A-PD/2024 Dated 03/02-2024,Special Repair work of Singarpur Satha Road to Nagla Bahrawati Road,,,,,,,,,,,,,,,,Chief Engineer Agra Zone PWD Agra UP||AGRA CIRCLE PWD AGRA||PROVINCIAL DIVISION PWD AGRA,,,,,,"1,623,836.6",,2024-04-05,Chief Engineer Agra Zone PWD Agra UP||AGRA CIRCLE PWD AGRA||PROVINCIAL DIVISION PWD AGRA
2024_CEAGR_895525_34,462/9A-PD/2024 Dated 03/02-2024,"Under Special Repair, PC work on NH-11 to Kurra to Nagla Brahman Road",,,,,,,,,,,,,,,,Chief Engineer Agra Zone PWD Agra UP||AGRA CIRCLE PWD AGRA||PROVINCIAL DIVISION PWD AGRA,,,,,,"1,696,429.1",,2024-04-05,Chief Engineer Agra Zone PWD Agra UP||AGRA CIRCLE PWD AGRA||PROVINCIAL DIVISION PWD AGRA
2024_CEAGR_895525_32,462/9A-PD/2024 Dated 03/02-2024,Special Repair work of Singarpur Satha Road to Nagla Bahrawati Road,,,,,,,,,,,,,,,,Chief Engineer Agra Zone PWD Agra UP||AGRA CIRCLE PWD AGRA||PROVINCIAL DIVISION PWD AGRA,,,,,,"1,623,836.6",,2024-04-05,Chief Engineer Agra Zone PWD Agra UP||AGRA CIRCLE PWD AGRA||PROVINCIAL DIVISION PWD AGRA
2024_CEAGR_895525_11,462/9A-PD/2024 Dated 03/02-2024,Special Repair work of PPT Road Km-8 to Chobe Ka Pura Road,,,,,,,,,,,,,,,,Chief Engineer Agra Zone PWD Agra UP||AGRA CIRCLE PWD AGRA||PROVINCIAL DIVISION PWD AGRA,,,,,,"398,081.63",,2024-04-26,Chief Engineer Agra Zone PWD Agra UP||AGRA CIRCLE PWD AGRA||PROVINCIAL DIVISION PWD AGRA
2024_CEAGR_890983_16,222/9A-PD/2023-24 Dated 12/01/2024,Renewal work along with general repairs of Fatehabad Firozabad Road to Muraval Road,,,,,,,,,,,,,,,,Chief Engineer Agra Zone PWD Agra UP||AGRA CIRCLE PWD AGRA||PROVINCIAL DIVISION PWD AGRA,,,,,,"913,346.01",,2024-04-15,Chief Engineer Agra Zone PWD Agra UP||AGRA CIRCLE PWD AGRA||PROVINCIAL DIVISION PWD AGRA
2024_CEAGR_890983_18,222/9A-PD/2023-24 Dated 12/01/2024,Renewal work along with general repairs of Rihavali Road to Jajpura Road,,,,,,,,,,,,,,,,Chief Engineer Agra Zone PWD Agra UP||AGRA CIRCLE PWD AGRA||PROVINCIAL DIVISION PWD AGRA,,,,,,"410,417.28",,2024-04-15,Chief Engineer Agra Zone PWD Agra UP||AGRA CIRCLE PWD AGRA||PROVINCIAL DIVISION PWD AGRA
2024_CEAGR_890983_1,222/9A-PD/2023-24 Dated 12/01/2024,Renewal work along with general repairs of Agra Fatehpur Sikari Road to Nagla Bahrawati Road,,,,,,,,,,,,,,,,Chief Engineer Agra Zone PWD Agra UP||AGRA CIRCLE PWD AGRA||PROVINCIAL DIVISION PWD AGRA,,,,,,"2,329,724.43",,2024-04-05,Chief Engineer Agra Zone PWD Agra UP||AGRA CIRCLE PWD AGRA||PROVINCIAL DIVISION PWD AGRA
2024_CEAGR_890983_1,222/9A-PD/2023-24 Dated 12/01/2024,Renewal work along with general repairs of Agra Fatehpur Sikari Road to Nagla Bahrawati Road,,,,,,,,,,,,,,,,Chief Engineer Agra Zone PWD Agra UP||AGRA CIRCLE PWD AGRA||PROVINCIAL DIVISION PWD AGRA,,,,,,"2,329,724.43",,2024-04-05,Chief Engineer Agra Zone PWD Agra UP||AGRA CIRCLE PWD AGRA||PROVINCIAL DIVISION PWD AGRA
2024_CEAGR_890983_1,222/9A-PD/2023-24 Dated 12/01/2024,Renewal work along with general repairs of Agra Fatehpur Sikari Road to Nagla Bahrawati Road,,,,,,,,,,,,,,,,Chief Engineer Agra Zone PWD Agra UP||AGRA CIRCLE PWD AGRA||PROVINCIAL DIVISION PWD AGRA,,,,,,"2,329,724.43",,2024-04-05,Chief Engineer Agra Zone PWD Agra UP||AGRA CIRCLE PWD AGRA||PROVINCIAL DIVISION PWD AGRA
2024_CEAGR_890983_15,222/9A-PD/2023-24 Dated 12/01/2024,Renewal work along with general repairs of Fatehabad Rihavali Road to Kutuvpur Gujar via Pura Gugran Road,,,,,,,,,,,,,,,,Chief Engineer Agra Zone PWD Agra UP||AGRA CIRCLE PWD AGRA||PROVINCIAL DIVISION PWD AGRA,,,,,,"1,454,737.4",,2024-04-15,Chief Engineer Agra Zone PWD Agra UP||AGRA CIRCLE PWD AGRA||PROVINCIAL DIVISION PWD AGRA
2024_CEAGR_890983_15,222/9A-PD/2023-24 Dated 12/01/2024,Renewal work along with general repairs of Fatehabad Rihavali Road to Kutuvpur Gujar via Pura Gugran Road,,,,,,,,,,,,,,,,Chief Engineer Agra Zone PWD Agra UP||AGRA CIRCLE PWD AGRA||PROVINCIAL DIVISION PWD AGRA,,,,,,"1,454,737.4",,2024-04-15,Chief Engineer Agra Zone PWD Agra UP||AGRA CIRCLE PWD AGRA||PROVINCIAL DIVISION PWD AGRA
2024_CEAGR_890983_1,222/9A-PD/2023-24 Dated 12/01/2024,Renewal work along with general repairs of Agra Fatehpur Sikari Road to Nagla Bahrawati Road,,,,,,,,,,,,,,,,Chief Engineer Agra Zone PWD Agra UP||AGRA CIRCLE PWD AGRA||PROVINCIAL DIVISION PWD AGRA,,,,,,"2,329,724.43",,2024-04-05,Chief Engineer Agra Zone PWD Agra UP||AGRA CIRCLE PWD AGRA||PROVINCIAL DIVISION PWD AGRA
2024_CEAGR_890405_9,310/2A dt. 03.02.2024,NH 2 to Aswai Road,,,,,,,,,,,,,,,,Chief Engineer Agra Zone PWD Agra UP||MAINPURI CIRCLE PWD MAINPURI||PROVINCIAL DIVISION PWD FIROZABAD,,,,,,"1,789,218.59",,2024-04-08,Chief Engineer Agra Zone PWD Agra UP||MAINPURI CIRCLE PWD MAINPURI||PROVINCIAL DIVISION PWD FIROZABAD
2024_CEAGR_890405_9,310/2A dt. 03.02.2024,NH 2 to Aswai Road,,,,,,,,,,,,,,,,Chief Engineer Agra Zone PWD Agra UP||MAINPURI CIRCLE PWD MAINPURI||PROVINCIAL DIVISION PWD FIROZABAD,,,,,,"1,789,218.59",,2024-04-08,Chief Engineer Agra Zone PWD Agra UP||MAINPURI CIRCLE PWD MAINPURI||PROVINCIAL DIVISION PWD FIROZABAD
2024_CEAGR_890405_9,310/2A dt. 03.02.2024,NH 2 to Aswai Road,,,,,,,,,,,,,,,,Chief Engineer Agra Zone PWD Agra UP||MAINPURI CIRCLE PWD MAINPURI||PROVINCIAL DIVISION PWD FIROZABAD,,,,,,"1,789,218.59",,2024-04-08,Chief Engineer Agra Zone PWD Agra UP||MAINPURI CIRCLE PWD MAINPURI||PROVINCIAL DIVISION PWD FIROZABAD
2024_CEAGR_890360_1,112/6A Dated 24-01-2024,Reconstruction at Firozabad Kotla Road to Bheetri Goan Link Road,,,,,,,,,,,,,,,,Chief Engineer Agra Zone PWD Agra UP||MAINPURI CIRCLE PWD MAINPURI||CONSTRUCTION DIVISION-2 PWD FIROZABAD,,,,,,"2,660,490",,2024-04-06,Chief Engineer Agra Zone PWD Agra UP||MAINPURI CIRCLE PWD MAINPURI||CONSTRUCTION DIVISION-2 PWD FIROZABAD
2024_CEAGR_889688_1,125/5a date 19.01.2024,Renwal of Mainpuri bhawant kishni road to Maidepur road,,,,,,,,,,,,,,,,Chief Engineer Agra Zone PWD Agra UP||MAINPURI CIRCLE PWD MAINPURI||CONSTRUCTION DIVISION PWD MAINPURI,,,,,,"1,044,080.37",,2024-04-08,Chief Engineer Agra Zone PWD Agra UP||MAINPURI CIRCLE PWD MAINPURI||CONSTRUCTION DIVISION PWD MAINPURI
2024_CEAGR_889688_28,125/5a date 19.01.2024,Renwal of Anjani to Adupur road,,,,,,,,,,,,,,,,Chief Engineer Agra Zone PWD Agra UP||MAINPURI CIRCLE PWD MAINPURI||CONSTRUCTION DIVISION PWD MAINPURI,,,,,,"424,084",,2024-04-08,Chief Engineer Agra Zone PWD Agra UP||MAINPURI CIRCLE PWD MAINPURI||CONSTRUCTION DIVISION PWD MAINPURI
2024_CEAGR_889688_28,125/5a date 19.01.2024,Renwal of Anjani to Adupur road,,,,,,,,,,,,,,,,Chief Engineer Agra Zone PWD Agra UP||MAINPURI CIRCLE PWD MAINPURI||CONSTRUCTION DIVISION PWD MAINPURI,,,,,,"424,084",,2024-04-08,Chief Engineer Agra Zone PWD Agra UP||MAINPURI CIRCLE PWD MAINPURI||CONSTRUCTION DIVISION PWD MAINPURI
2024_CEAGR_889347_63,133 DATE 18.01.2024,RENEWAL OF HANNUKHEDA TO NAGLA BHAJAN SATHIYA ROADD,,,,,,,,,,,,,,,,Chief Engineer Agra Zone PWD Agra UP||MAINPURI CIRCLE PWD MAINPURI||PROVINCIAL DIVISION PWD MAINPURI,,,,,,"1,806,425.1",,2024-04-05,Chief Engineer Agra Zone PWD Agra UP||MAINPURI CIRCLE PWD MAINPURI||PROVINCIAL DIVISION PWD MAINPURI
2024_CEAGR_889347_63,133 DATE 18.01.2024,RENEWAL OF HANNUKHEDA TO NAGLA BHAJAN SATHIYA ROADD,,,,,,,,,,,,,,,,Chief Engineer Agra Zone PWD Agra UP||MAINPURI CIRCLE PWD MAINPURI||PROVINCIAL DIVISION PWD MAINPURI,,,,,,"566,011.53",,2024-04-04,Chief Engineer Agra Zone PWD Agra UP||MAINPURI CIRCLE PWD MAINPURI||PROVINCIAL DIVISION PWD MAINPURI
2024_CEAGR_889347_63,133 DATE 18.01.2024,RENEWAL OF HANNUKHEDA TO NAGLA BHAJAN SATHIYA ROADD,,,,,,,,,,,,,,,,Chief Engineer Agra Zone PWD Agra UP||MAINPURI CIRCLE PWD MAINPURI||PROVINCIAL DIVISION PWD MAINPURI,,,,,,"566,011.53",,2024-04-04,Chief Engineer Agra Zone PWD Agra UP||MAINPURI CIRCLE PWD MAINPURI||PROVINCIAL DIVISION PWD MAINPURI
2024_CEAGR_889347_65,133 DATE 18.01.2024,RENEWAL OF NAGLA SEMAR TO MADHUPURUI ROAD,,,,,,,,,,,,,,,,Chief Engineer Agra Zone PWD Agra UP||MAINPURI CIRCLE PWD MAINPURI||PROVINCIAL DIVISION PWD MAINPURI,,,,,,"1,764,837.88",,2024-04-04,Chief Engineer Agra Zone PWD Agra UP||MAINPURI CIRCLE PWD MAINPURI||PROVINCIAL DIVISION PWD MAINPURI
2024_CEAGR_889347_49,133 DATE 18.01.2024,RENEWAL OF NAGLA SEWARAM TO NAGLA DIK HOKAR ADBAR SINGH BHATTE ROAD,,,,,,,,,,,,,,,,Chief Engineer Agra Zone PWD Agra UP||MAINPURI CIRCLE PWD MAINPURI||PROVINCIAL DIVISION PWD MAINPURI,,,,,,"1,065,908.03",,2024-04-16,Chief Engineer Agra Zone PWD Agra UP||MAINPURI CIRCLE PWD MAINPURI||PROVINCIAL DIVISION PWD MAINPURI
2024_CEAGR_889347_49,133 DATE 18.01.2024,RENEWAL OF NAGLA SEWARAM TO NAGLA DIK HOKAR ADBAR SINGH BHATTE ROAD,,,,,,,,,,,,,,,,Chief Engineer Agra Zone PWD Agra UP||MAINPURI CIRCLE PWD MAINPURI||PROVINCIAL DIVISION PWD MAINPURI,,,,,,"1,065,908.03",,2024-04-16,Chief Engineer Agra Zone PWD Agra UP||MAINPURI CIRCLE PWD MAINPURI||PROVINCIAL DIVISION PWD MAINPURI
2024_CEAGR_889347_34,133 DATE 18.01.2024,RENEWAL OF LAIGOAN DUMHAR ROAD TO BARUA NADI VIA KHERIYA PRATAPPUR ROAD,,,,,,,,,,,,,,,,Chief Engineer Agra Zone PWD Agra UP||MAINPURI CIRCLE PWD MAINPURI||PROVINCIAL DIVISION PWD MAINPURI,,,,,,"2,187,864.51",,2024-04-09,Chief Engineer Agra Zone PWD Agra UP||MAINPURI CIRCLE PWD MAINPURI||PROVINCIAL DIVISION PWD MAINPURI
2024_CEAGR_889347_23,133 DATE 18.01.2024,RENEWAL OF NAGLA KANKAN BHOJPUR PAKKTI SADAK TO NAGLA DANDI ROAD,,,,,,,,,,,,,,,,Chief Engineer Agra Zone PWD Agra UP||MAINPURI CIRCLE PWD MAINPURI||PROVINCIAL DIVISION PWD MAINPURI,,,,,,"872,711.15",,2024-04-04,Chief Engineer Agra Zone PWD Agra UP||MAINPURI CIRCLE PWD MAINPURI||PROVINCIAL DIVISION PWD MAINPURI
2024_CEAGR_889347_28,133 DATE 18.01.2024,RENEWAL OF MAINPURI BHANWAT KISHNI ROAD TO ROOPPUR ROAD,,,,,,,,,,,,,,,,Chief Engineer Agra Zone PWD Agra UP||MAINPURI CIRCLE PWD MAINPURI||PROVINCIAL DIVISION PWD MAINPURI,,,,,,"519,714.36",,2024-04-04,Chief Engineer Agra Zone PWD Agra UP||MAINPURI CIRCLE PWD MAINPURI||PROVINCIAL DIVISION PWD MAINPURI
2024_CEAGR_884521_8,161/6A dt. 12.01.2024,Renuwal  Work  at Mustfabad Awagarh road to Nagla Krapi Road in  Km 1(500),,,,,,,,,,,,,,,,Chief Engineer Agra Zone PWD Agra UP||MAINPURI CIRCLE PWD MAINPURI||CONSTRUCTION DIVISION PWD FIROZABAD,,,,,,"279,858.65",,2024-04-02,Chief Engineer Agra Zone PWD Agra UP||MAINPURI CIRCLE PWD MAINPURI||CONSTRUCTION DIVISION PWD FIROZABAD
2024_CEAGR_884521_11,161/6A dt. 12.01.2024,"Renuwal  Work  at Jhapara to Kodari Road in  Km 1,2(380)",,,,,,,,,,,,,,,,Chief Engineer Agra Zone PWD Agra UP||MAINPURI CIRCLE PWD MAINPURI||CONSTRUCTION DIVISION PWD FIROZABAD,,,,,,"1,230,172",,2024-04-02,Chief Engineer Agra Zone PWD Agra UP||MAINPURI CIRCLE PWD MAINPURI||CONSTRUCTION DIVISION PWD FIROZABAD
2024_CEAGR_883000_3,35/14M-AC/2023 dated 03-01-2024,New Construction work of Dabar to Siroli Road,,,,,,,,,,,,,,,,Chief Engineer Agra Zone PWD Agra UP||AGRA CIRCLE PWD AGRA,,,,,,"7,128,096.85",,2024-04-05,Chief Engineer Agra Zone PWD Agra UP||AGRA CIRCLE PWD AGRA
2024_CEAGR_883000_7,35/14M-AC/2023 dated 03-01-2024,New Construction work of Pinnapura and Muraval Bich Ka Pura Link Road,,,,,,,,,,,,,,,,Chief Engineer Agra Zone PWD Agra UP||AGRA CIRCLE PWD AGRA,,,,,,"15,315,928.61",,2024-04-01,Chief Engineer Agra Zone PWD Agra UP||AGRA CIRCLE PWD AGRA
2024_CEAGR_883000_9,35/14M-AC/2023 dated 03-01-2024,New Construction work of Shankarpur to Majra Sudarai Road,,,,,,,,,,,,,,,,Chief Engineer Agra Zone PWD Agra UP||AGRA CIRCLE PWD AGRA,,,,,,"6,857,539.9",,2024-04-01,Chief Engineer Agra Zone PWD Agra UP||AGRA CIRCLE PWD AGRA
2024_CEAGR_882115_3,66/6A DATE 16-01-2024,SPECIAL REPAIR WORK AT GANGAPUR TO FIROZABAD RAJWAHA,,,,,,,,,,,,,,,,Chief Engineer Agra Zone PWD Agra UP||MAINPURI CIRCLE PWD MAINPURI||CONSTRUCTION DIVISION-2 PWD FIROZABAD,,,,,,"793,909.52",,2024-04-06,Chief Engineer Agra Zone PWD Agra UP||MAINPURI CIRCLE PWD MAINPURI||CONSTRUCTION DIVISION-2 PWD FIROZABAD
2024_CEAGR_882998_2,34/14M-AC/2023 dated 03-01-2024,New Construction work of Ladukhera to Garhi Garsaan Road,,,,,,,,,,,,,,,,Chief Engineer Agra Zone PWD Agra UP||AGRA CIRCLE PWD AGRA,,,,,,"10,735,271.16",,2024-04-01,Chief Engineer Agra Zone PWD Agra UP||AGRA CIRCLE PWD AGRA
2024_CEAGR_882998_3,34/14M-AC/2023 dated 03-01-2024,New Construction work of Bhilawali to Samadhi Hokar Vidholi Tak,,,,,,,,,,,,,,,,Chief Engineer Agra Zone PWD Agra UP||AGRA CIRCLE PWD AGRA,,,,,,"9,946,673.55",,2024-04-01,Chief Engineer Agra Zone PWD Agra UP||AGRA CIRCLE PWD AGRA
2024_CEAGR_881242_3,2938/10A/2023-24 Date 23.12.2023,Special Repair work of Kuberpur Raipur Road to Dalel Nagar via Garhi Sampark Road,,,,,,,,,,,,,,,,Chief Engineer Agra Zone PWD Agra UP||AGRA CIRCLE PWD AGRA||CONSTRUCTION DIVISON 2 PWD AGRA,,,,,,"317,121.92",,2024-04-05,Chief Engineer Agra Zone PWD Agra UP||AGRA CIRCLE PWD AGRA||CONSTRUCTION DIVISON 2 PWD AGRA
2024_CEAGR_882115_2,66/6A DATE 16-01-2024,SPECIAL REPAIR WORK AT FIROZABAD JALESAR TO JAKHAI ROAD,,,,,,,,,,,,,,,,Chief Engineer Agra Zone PWD Agra UP||MAINPURI CIRCLE PWD MAINPURI||CONSTRUCTION DIVISION-2 PWD FIROZABAD,,,,,,"422,424.61",,2024-04-10,Chief Engineer Agra Zone PWD Agra UP||MAINPURI CIRCLE PWD MAINPURI||CONSTRUCTION DIVISION-2 PWD FIROZABAD
2024_CEAGR_876972_8,3066/6 A dt. 23.12.2023,SPECIAL REPAIR WORK AT ETAH SHIKOHABAD ROAD PER BANWARA TO NAGLA MADNA TAK ROAD,,,,,,,,,,,,,,,,Chief Engineer Agra Zone PWD Agra UP||MAINPURI CIRCLE PWD MAINPURI||CONSTRUCTION DIVISION-2 PWD FIROZABAD,,,,,,"388,521.12",,2024-04-01,Chief Engineer Agra Zone PWD Agra UP||MAINPURI CIRCLE PWD MAINPURI||CONSTRUCTION DIVISION-2 PWD FIROZABAD
2024_CEAGR_876972_9,3066/6 A dt. 23.12.2023,SPECIAL REPAIR WORK AT POPGARH TO DUGNA  ROAD,,,,,,,,,,,,,,,,Chief Engineer Agra Zone PWD Agra UP||MAINPURI CIRCLE PWD MAINPURI||CONSTRUCTION DIVISION-2 PWD FIROZABAD,,,,,,"1,244,371.42",,2024-04-01,Chief Engineer Agra Zone PWD Agra UP||MAINPURI CIRCLE PWD MAINPURI||CONSTRUCTION DIVISION-2 PWD FIROZABAD
2024_CEAGR_876972_3,3066/6 A dt. 23.12.2023,SPECIAL REPAIR WORK AT JASRANA ROAD TO KATORA HOTI HUI NAGLA MANDHA TAK ROAD,,,,,,,,,,,,,,,,Chief Engineer Agra Zone PWD Agra UP||MAINPURI CIRCLE PWD MAINPURI||CONSTRUCTION DIVISION-2 PWD FIROZABAD,,,,,,"863,897.32",,2024-04-01,Chief Engineer Agra Zone PWD Agra UP||MAINPURI CIRCLE PWD MAINPURI||CONSTRUCTION DIVISION-2 PWD FIROZABAD
2024_CEAGR_876972_1,3066/6 A dt. 23.12.2023,SPECIAL REPAIR WORK AT ETAH SHIKOHABAD ROAD TO NAGLA PUSE VIA NAGLA DEVSEN GADIA ROAD,,,,,,,,,,,,,,,,Chief Engineer Agra Zone PWD Agra UP||MAINPURI CIRCLE PWD MAINPURI||CONSTRUCTION DIVISION-2 PWD FIROZABAD,,,,,,"224,722.96",,2024-04-01,Chief Engineer Agra Zone PWD Agra UP||MAINPURI CIRCLE PWD MAINPURI||CONSTRUCTION DIVISION-2 PWD FIROZABAD
2024_CEAGR_876972_3,3066/6 A dt. 23.12.2023,SPECIAL REPAIR WORK AT JASRANA ROAD TO KATORA HOTI HUI NAGLA MANDHA TAK ROAD,,,,,,,,,,,,,,,,Chief Engineer Agra Zone PWD Agra UP||MAINPURI CIRCLE PWD MAINPURI||CONSTRUCTION DIVISION-2 PWD FIROZABAD,,,,,,"863,897.32",,2024-04-01,Chief Engineer Agra Zone PWD Agra UP||MAINPURI CIRCLE PWD MAINPURI||CONSTRUCTION DIVISION-2 PWD FIROZABAD
2024_CDSNW_907442_1,145/M4/18 DATE-23-02-2024,"Construction of R.C.C. (M30 Grade) Over Head Tank of 150 KL capacity and 18 M staging at Anapra , District-Sonbhadra.",,,,,,,,,,,,,,,,Construction and Design Services Nalkoop Wing||Project Manager Varanasi (Unit - 4),,,,,,"3,029,893.9",,2024-04-15,Construction and Design Services Nalkoop Wing||Project Manager Varanasi (Unit - 4)
2024_CDSNW_907492_1,146/M4/19 DATE-23-02-2024,"Supply and Installation of 15 Kw. Offgrid Solar Power Plant Near Gurudwara School, Block- Chopan, District-Sonbhadra",,,,,,,,,,,,,,,,Construction and Design Services Nalkoop Wing||Project Manager Varanasi (Unit - 4),,,,,,"2,139,637.5",,2024-04-15,Construction and Design Services Nalkoop Wing||Project Manager Varanasi (Unit - 4)
2024_CDSNW_907500_1,147/M4/20 DATE-23-02-2024,"Construction of Multipurpose building Near Gurudwara Shankar Ji Mandir at Myorpur, District-Sonbhadra",,,,,,,,,,,,,,,,Construction and Design Services Nalkoop Wing||Project Manager Varanasi (Unit - 4),,,,,,"4,229,355.67",,2024-04-15,Construction and Design Services Nalkoop Wing||Project Manager Varanasi (Unit - 4)
2024_CEAGR_876698_12,1891/6A Date 27-12-2023,SPECIAL REPAIR WORK AT FIROZABAD JALESAR ROAD TO JALIMPUR,,,,,,,,,,,,,,,,Chief Engineer Agra Zone PWD Agra UP||MAINPURI CIRCLE PWD MAINPURI||CONSTRUCTION DIVISION-2 PWD FIROZABAD,,,,,,"707,952.93",,2024-04-06,Chief Engineer Agra Zone PWD Agra UP||MAINPURI CIRCLE PWD MAINPURI||CONSTRUCTION DIVISION-2 PWD FIROZABAD
2024_CEAGR_876698_12,1891/6A Date 27-12-2023,SPECIAL REPAIR WORK AT FIROZABAD JALESAR ROAD TO JALIMPUR,,,,,,,,,,,,,,,,Chief Engineer Agra Zone PWD Agra UP||MAINPURI CIRCLE PWD MAINPURI||CONSTRUCTION DIVISION-2 PWD FIROZABAD,,,,,,"707,952.93",,2024-04-06,Chief Engineer Agra Zone PWD Agra UP||MAINPURI CIRCLE PWD MAINPURI||CONSTRUCTION DIVISION-2 PWD FIROZABAD
2024_CEAGR_876698_1,1891/6A Date 27-12-2023,SPECIAL REPAIR WORK AT FIROZABAD JALESAR KM 17 TO GADI BARAN VIA ALAMPUR PRATHMIK COLLEGE,,,,,,,,,,,,,,,,Chief Engineer Agra Zone PWD Agra UP||MAINPURI CIRCLE PWD MAINPURI||CONSTRUCTION DIVISION-2 PWD FIROZABAD,,,,,,"1,037,205",,2024-04-06,Chief Engineer Agra Zone PWD Agra UP||MAINPURI CIRCLE PWD MAINPURI||CONSTRUCTION DIVISION-2 PWD FIROZABAD
2024_CEAGR_876698_6,1891/6A Date 27-12-2023,SPECIAL REPAIR WORK AT BHODELA TO NAGLA DHEEMAR,,,,,,,,,,,,,,,,Chief Engineer Agra Zone PWD Agra UP||MAINPURI CIRCLE PWD MAINPURI||CONSTRUCTION DIVISION-2 PWD FIROZABAD,,,,,,"2,210,380.67",,2024-04-06,Chief Engineer Agra Zone PWD Agra UP||MAINPURI CIRCLE PWD MAINPURI||CONSTRUCTION DIVISION-2 PWD FIROZABAD
2023_YEIDA_849476_1,YEA/GM(PROJECT)/2023/820 DT-04/10/2023,Construction and development work of IT facilities CSF-01 of Plot F-13 in Sector-28 Yeida,,,,,,,,,,,,,,,,Yamuna Expressway Industrial Development Authority,,,,,,"35,815,510.11",,2024-04-12,Yamuna Expressway Industrial Development Authority
2023_YEIDA_852189_3,YEA/GM(PROJECT)/2023/824 DT-13/10/2023,Supply of Sweepers for Government School in Villages yea,,,,,,,,,,,,,,,,Yamuna Expressway Industrial Development Authority,,,,,,"1,052,474.27",,2024-04-30,Yamuna Expressway Industrial Development Authority
2023_UPTCL_871920_1,126-ETC-I(A)/2023-2024,126-ETC-I(A)/2023-2024,,,,,,,,,,,,,,,,UP Power Transmission Corp.Ltd (Operation)||Chief Engineer (TE) East Allahabad||S.E. ETC- I  Allahabad,,,,,,"109,200",,2024-04-01,UP Power Transmission Corp.Ltd (Operation)||Chief Engineer (TE) East Allahabad||S.E. ETC- I  Allahabad
2023_UPTCL_869218_1,117-ETC-I(A)/2023-2024,117-ETC-I(A)/2023-2024,,,,,,,,,,,,,,,,UP Power Transmission Corp.Ltd (Operation)||Chief Engineer (TE) East Allahabad||S.E. ETC- I  Allahabad||E.E. ETD-I  Allahabad,,,,,,"196,200",,2024-04-15,UP Power Transmission Corp.Ltd (Operation)||Chief Engineer (TE) East Allahabad||S.E. ETC- I  Allahabad||E.E. ETD-I  Allahabad
2023_UPTCL_871920_1,126-ETC-I(A)/2023-2024,126-ETC-I(A)/2023-2024,,,,,,,,,,,,,,,,UP Power Transmission Corp.Ltd (Operation)||Chief Engineer (TE) East Allahabad||S.E. ETC- I  Allahabad,,,,,,"109,200",,2024-04-01,UP Power Transmission Corp.Ltd (Operation)||Chief Engineer (TE) East Allahabad||S.E. ETC- I  Allahabad
2023_UPTCL_836241_1,95-ETC-I(A)/ 2023-2024,95-ETC-I(A)/ 2023-2024,,,,,,,,,,,,,,,,UP Power Transmission Corp.Ltd (Operation)||Chief Engineer (TE) East Allahabad||S.E. ETC- I  Allahabad,,,,,,"78,975",,2024-04-15,UP Power Transmission Corp.Ltd (Operation)||Chief Engineer (TE) East Allahabad||S.E. ETC- I  Allahabad
2023_UPTCL_826879_1,69-ETC-I(A)/ 2023-2024,69-ETC-I(A)/ 2023-2024,,,,,,,,,,,,,,,,UP Power Transmission Corp.Ltd (Operation)||Chief Engineer (TE) East Allahabad||S.E. ETC- I  Allahabad,,,,,,"138,960",,2024-04-01,UP Power Transmission Corp.Ltd (Operation)||Chief Engineer (TE) East Allahabad||S.E. ETC- I  Allahabad
2023_UPTCL_826879_1,69-ETC-I(A)/ 2023-2024,69-ETC-I(A)/ 2023-2024,,,,,,,,,,,,,,,,UP Power Transmission Corp.Ltd (Operation)||Chief Engineer (TE) East Allahabad||S.E. ETC- I  Allahabad,,,,,,"138,960",,2024-04-01,UP Power Transmission Corp.Ltd (Operation)||Chief Engineer (TE) East Allahabad||S.E. ETC- I  Allahabad
2023_UPTCL_831868_2,85-ETC-I(A)/ 2023-2024,85-ETC-I(A)/2023-2024,,,,,,,,,,,,,,,,UP Power Transmission Corp.Ltd (Operation)||Chief Engineer (TE) East Allahabad||S.E. ETC- I  Allahabad,,,,,,"74,800",,2024-04-01,UP Power Transmission Corp.Ltd (Operation)||Chief Engineer (TE) East Allahabad||S.E. ETC- I  Allahabad
2023_UPPCL_874413_1,57/ ECCD-I /2023-24,MR of Plaster Repairing Internal Painting and other Miss Civil Works in Res No 15 and 35 Type IV at Vivekanandpuri Officer Hydel Colony Lucknow,,,,,,,,,,,,,,,,Uttar Pradesh Power Corporation Ltd.||SE Civil HQ Shakti Bhawan Extension||EE Civil HQ Attached to CE Civil 2||SE Civil HQ||EE ECCD Ist,,,,,,"286,821.48",,2024-04-18,Uttar Pradesh Power Corporation Ltd.||SE Civil HQ Shakti Bhawan Extension||EE Civil HQ Attached to CE Civil 2||SE Civil HQ||EE ECCD Ist
2023_UPPCL_874413_1,57/ ECCD-I /2023-24,MR of Plaster Repairing Internal Painting and other Miss Civil Works in Res No 15 and 35 Type IV at Vivekanandpuri Officer Hydel Colony Lucknow,,,,,,,,,,,,,,,,Uttar Pradesh Power Corporation Ltd.||SE Civil HQ Shakti Bhawan Extension||EE Civil HQ Attached to CE Civil 2||SE Civil HQ||EE ECCD Ist,,,,,,"286,821.48",,2024-04-18,Uttar Pradesh Power Corporation Ltd.||SE Civil HQ Shakti Bhawan Extension||EE Civil HQ Attached to CE Civil 2||SE Civil HQ||EE ECCD Ist
2023_UPPCL_848451_1,04/PMA-AMISP/DVVNL/23,PMA Smart Metering,,,,,,,,,,,,,,,,Uttar Pradesh Power Corporation Ltd.||SE Civil HQ Shakti Bhawan Extension||EE Civil HQ Attached to CE Civil 2||SE Civil HQ||EE Maintenance Unit,,,,,,"69,300,000",,2024-04-08,Uttar Pradesh Power Corporation Ltd.||SE Civil HQ Shakti Bhawan Extension||EE Civil HQ Attached to CE Civil 2||SE Civil HQ||EE Maintenance Unit
2023_UPPCL_848538_1,02/PMA-AMISP/MVVNL/23,PMA Smart Metering,,,,,,,,,,,,,,,,Uttar Pradesh Power Corporation Ltd.||SE Civil HQ Shakti Bhawan Extension||EE Civil HQ Attached to CE Civil 2||SE Civil HQ||EE Maintenance Unit,,,,,,"69,300,000",,2024-04-08,Uttar Pradesh Power Corporation Ltd.||SE Civil HQ Shakti Bhawan Extension||EE Civil HQ Attached to CE Civil 2||SE Civil HQ||EE Maintenance Unit
2023_UPPCL_848538_1,02/PMA-AMISP/MVVNL/23,PMA Smart Metering,,,,,,,,,,,,,,,,Uttar Pradesh Power Corporation Ltd.||SE Civil HQ Shakti Bhawan Extension||EE Civil HQ Attached to CE Civil 2||SE Civil HQ||EE Maintenance Unit,,,,,,"69,300,000",,2024-04-08,Uttar Pradesh Power Corporation Ltd.||SE Civil HQ Shakti Bhawan Extension||EE Civil HQ Attached to CE Civil 2||SE Civil HQ||EE Maintenance Unit
2023_UPIDC_868082_3,06/EE/2023-24,Construction of V.R.B. at Km 1.425 of  Bhalakhurd Minor,,,,,,,,,,,,,,,,"U P Irrigation Department (Civil)||Chief Engineer-Sharda Sahayak, Lucknow||XIV Circle Irrigation Works, Azamgarh||SSD-23, azamgarh",,,,,,"333,391",,2024-04-27,"U P Irrigation Department (Civil)||Chief Engineer-Sharda Sahayak, Lucknow||XIV Circle Irrigation Works, Azamgarh||SSD-23, azamgarh"
2023_UPIDC_868082_6,06/EE/2023-24,Construction of V.R.B. at Km 1.500 of  Bhalakhurd Minor,,,,,,,,,,,,,,,,"U P Irrigation Department (Civil)||Chief Engineer-Sharda Sahayak, Lucknow||XIV Circle Irrigation Works, Azamgarh||SSD-23, azamgarh",,,,,,"333,050",,2024-04-27,"U P Irrigation Department (Civil)||Chief Engineer-Sharda Sahayak, Lucknow||XIV Circle Irrigation Works, Azamgarh||SSD-23, azamgarh"
2023_UPIDC_868082_3,06/EE/2023-24,Construction of V.R.B. at Km 1.425 of  Bhalakhurd Minor,,,,,,,,,,,,,,,,"U P Irrigation Department (Civil)||Chief Engineer-Sharda Sahayak, Lucknow||XIV Circle Irrigation Works, Azamgarh||SSD-23, azamgarh",,,,,,"333,391",,2024-04-27,"U P Irrigation Department (Civil)||Chief Engineer-Sharda Sahayak, Lucknow||XIV Circle Irrigation Works, Azamgarh||SSD-23, azamgarh"
2023_UPIDC_852518_1,03/E.E./2023-24,Repairing of Bed Floor of Manda Dy Head.,,,,,,,,,,,,,,,,"U P Irrigation Department (Civil)||Chief Engineer-Sone, Varanasi||Irrigation Works Circle, Varansi||BD, varanasi",,,,,,"359,568.04",,2024-04-07,"U P Irrigation Department (Civil)||Chief Engineer-Sone, Varanasi||Irrigation Works Circle, Varansi||BD, varanasi"
2023_UPIDC_853452_30,04/E.E./2023-24,Silt Clearance/Scraping of Unchdih  Minor From Km. 0.000 to Km. 7.415.,,,,,,,,,,,,,,,,"U P Irrigation Department (Civil)||Chief Engineer-Sone, Varanasi||Irrigation Works Circle, Varansi||BD, varanasi",,,,,,"215,170",,2024-04-07,"U P Irrigation Department (Civil)||Chief Engineer-Sone, Varanasi||Irrigation Works Circle, Varansi||BD, varanasi"
2023_UPIDC_855836_17,02/EE/2023-24,Silt clearance of Belakhas Dy. from  Km. 4.000 to Km. 12.000,,,,,,,,,,,,,,,,"U P Irrigation Department (Civil)||Chief Engineer-Sharda Sahayak, Lucknow||XIV Circle Irrigation Works, Azamgarh||SSD-23, azamgarh",,,,,,"141,707.4",,2024-04-20,"U P Irrigation Department (Civil)||Chief Engineer-Sharda Sahayak, Lucknow||XIV Circle Irrigation Works, Azamgarh||SSD-23, azamgarh"
2023_UPIDC_847889_1,6/EE/2023-24,06/EEIDCM/LOT 3,,,,,,,,,,,,,,,,"U P Irrigation Department (Civil)||Chief Engineer-Sone, Varanasi||Irrigation Works Circle, Mirzapur||ID, chunar",,,,,,"2,028,815",,2024-04-09,"U P Irrigation Department (Civil)||Chief Engineer-Sone, Varanasi||Irrigation Works Circle, Mirzapur||ID, chunar"
2023_UPIDC_843016_32,03/EE/2023-24,Reconstruction of 18 Nos. damaged outlets on Jagpur  Minor,,,,,,,,,,,,,,,,"U P Irrigation Department (Civil)||Chief Engineer-Gandak, Gorakhpur||Gandak IWC-1, Gorakhpur||ID, gorakhpur",,,,,,,,2024-04-06,"U P Irrigation Department (Civil)||Chief Engineer-Gandak, Gorakhpur||Gandak IWC-1, Gorakhpur||ID, gorakhpur"
2023_UPIDC_842522_19,05/AE III/2023-24,"Scrapping of Internal Section (Bed and Side Slope) of Bajehta Mr. Km. 0.000 to 1.500, Chhani Khurd Mr2 Km. 0.00 to 1.900, Chhani Bujurg Mr. 2 Km. 0.000 to 2.500, Bahdena Mr. Km. 0.000 to 2.000",,,,,,,,,,,,,,,,U P Irrigation Department (Civil),,,,,,"149,840.4",,2024-04-15,U P Irrigation Department (Civil)
2023_UPIDC_842522_21,05/AE III/2023-24,"Scrapping of Internal Section (Bed and Side Slope) of Lodhipur Mr. Km. 0.000 to 2.000, Devkali Mr. 1 Km. 0.000 to 2.200, Devkali Mr 2 Km. 0.000 to 2.00, Mawaijar Mr. Km. 0.000 to 2.000",,,,,,,,,,,,,,,,U P Irrigation Department (Civil),,,,,,"141,984",,2024-04-15,U P Irrigation Department (Civil)
2023_UPIDC_842522_21,05/AE III/2023-24,"Scrapping of Internal Section (Bed and Side Slope) of Lodhipur Mr. Km. 0.000 to 2.000, Devkali Mr. 1 Km. 0.000 to 2.200, Devkali Mr 2 Km. 0.000 to 2.00, Mawaijar Mr. Km. 0.000 to 2.000",,,,,,,,,,,,,,,,U P Irrigation Department (Civil),,,,,,"141,984",,2024-04-15,U P Irrigation Department (Civil)
2023_UPIDC_842522_23,05/AE III/2023-24,"Scrapping of Internal Section (Bed and Side Slope) of Jalla Mr. 2 Km. 0.00 to 3.600, Mahera Mr. 2 Km. 0.000 to 2.000, Mahera Mr. 3 Km. 0.000 to 2.00",,,,,,,,,,,,,,,,U P Irrigation Department (Civil),,,,,,"151,275",,2024-04-15,U P Irrigation Department (Civil)
2023_UPIDC_842522_24,05/AE III/2023-24,"Scrapping of Internal Section (Bed and Side Slope) of Chilli Mr. Km. 0.000 to 2.400, Jalla Mr. 1 Km. 0.000 to 4.400, Umari Mr. 2 Km. 0.000 to 1.000",,,,,,,,,,,,,,,,U P Irrigation Department (Civil),,,,,,"156,289.5",,2024-04-15,U P Irrigation Department (Civil)
2023_UPIDC_842522_4,05/AE III/2023-24,"Scrapping of Internal Section (Bed and Side Slope) of Bandhur Khurd Mr-1 Km. 0.00 to 1.800, Bandhur Khurd Mr. 2 Km. 0.000 to 1.500, Bandhur Khurd Mr-3 Km. 0.00 to 1.500, Bandhur Khurd Mr-4 Km. 0.000 to 1.000, Chhedi Basayak Mr-1 Km. 0.000 to 1.000",,,,,,,,,,,,,,,,U P Irrigation Department (Civil),,,,,,"140,330.13",,2024-04-15,U P Irrigation Department (Civil)
2023_UPIDC_842522_9,05/AE III/2023-24,"Scrapping of Internal Section (Bed and Side Slope) of Chhani Minor 1 Km. 0.000 to 5.000, Chhani Minor-2 Km. 0.000 to 2.000, Bharkhari Minor -4 Km. 0.000 to 1.000",,,,,,,,,,,,,,,,U P Irrigation Department (Civil),,,,,,"96,956.65",,2024-04-10,U P Irrigation Department (Civil)
2023_UPIDC_842381_2,13/AEII/23-24,"Scrapping of Internal Section (Bed and Side Slope) Rigaura Minor from Km. 0.000 to 4.500, Mawaijar Minor from Km. 0.000 to 4.200",,,,,,,,,,,,,,,,"U P Irrigation Department (Civil)||Chief Engineer-Betwa Project, Jhansi||Irrigation Contruction Circle, Mahoba||Maudha Dam Construction Division, Hamirpur",,,,,,"171,134",,2024-04-16,"U P Irrigation Department (Civil)||Chief Engineer-Betwa Project, Jhansi||Irrigation Contruction Circle, Mahoba||Maudha Dam Construction Division, Hamirpur"
2023_UPIDC_842381_3,13/AEII/23-24,"Scrapping of Internal Section (Bed and Side Slope) of Sayar Minor from 6 from Km. 0.000 to 1.500, Bharsawa Minor-2 Km. 0.000 to 3.800, Banda Minor -1 Km. 0.000 to 2.000 and Banda Minro -2 km. 0.000 to 1.500",,,,,,,,,,,,,,,,"U P Irrigation Department (Civil)||Chief Engineer-Betwa Project, Jhansi||Irrigation Contruction Circle, Mahoba||Maudha Dam Construction Division, Hamirpur",,,,,,"149,330.2",,2024-04-16,"U P Irrigation Department (Civil)||Chief Engineer-Betwa Project, Jhansi||Irrigation Contruction Circle, Mahoba||Maudha Dam Construction Division, Hamirpur"
2023_UPIDC_842381_5,13/AEII/23-24,Scrapping of Internal Section (Bed and Side Slope) of Bharsawa Minor-1 (0.000 to 3.000) and Bidokhar Thokpurai Minor (0.000 to 2.000),,,,,,,,,,,,,,,,"U P Irrigation Department (Civil)||Chief Engineer-Betwa Project, Jhansi||Irrigation Contruction Circle, Mahoba||Maudha Dam Construction Division, Hamirpur",,,,,,"120,376",,2024-04-16,"U P Irrigation Department (Civil)||Chief Engineer-Betwa Project, Jhansi||Irrigation Contruction Circle, Mahoba||Maudha Dam Construction Division, Hamirpur"
2023_UPIDC_842381_5,13/AEII/23-24,Scrapping of Internal Section (Bed and Side Slope) of Bharsawa Minor-1 (0.000 to 3.000) and Bidokhar Thokpurai Minor (0.000 to 2.000),,,,,,,,,,,,,,,,"U P Irrigation Department (Civil)||Chief Engineer-Betwa Project, Jhansi||Irrigation Contruction Circle, Mahoba||Maudha Dam Construction Division, Hamirpur",,,,,,"120,376",,2024-04-16,"U P Irrigation Department (Civil)||Chief Engineer-Betwa Project, Jhansi||Irrigation Contruction Circle, Mahoba||Maudha Dam Construction Division, Hamirpur"
2023_UPIDC_842522_10,05/AE III/2023-24,"Scrapping of Internal Section (Bed and Side Slope) of Atrar Mr. Km. 0.000 to 3.500, Barethi Mr. - 2 Km. 0.000 to 1.800, Bilpura Mr-2 Km. 0.000 to 1.200, Chilehta Mr Km. 0.000 to 1.500",,,,,,,,,,,,,,,,U P Irrigation Department (Civil),,,,,,"160,253.22",,2024-04-15,U P Irrigation Department (Civil)
2023_UPIDC_842522_12,05/AE III/2023-24,"Scrapping of Internal Section (Bed and Side Slope) of Bagarka Mr. Km. 0.000 to 1.500, Chhedi Basayak Mr.2 Km. 0.000 to 1.000, Ruripara Mr Km. 0.000 to 1.000, Chhani Khurd Mr Km. 0.000 to 1.600, Bhojpur Mr. Km. 0.000 to 2.000",,,,,,,,,,,,,,,,U P Irrigation Department (Civil),,,,,,"171,214.73",,2024-04-15,U P Irrigation Department (Civil)
2023_UPIDC_842522_13,05/AE III/2023-24,"Scrapping of Internal Section (Bed and Side Slope) of Bharkhari Mr.1 Km. 0.000 to 3.000, Bharkhari Mr. 2 Km. 0.000 to 4.500",,,,,,,,,,,,,,,,U P Irrigation Department (Civil),,,,,,"83,653.2",,2024-04-10,U P Irrigation Department (Civil)
2023_UPIDC_842522_18,05/AE III/2023-24,"Scrapping of Internal Section (Bed and Side Slope) Jalalpur Mr. from Km. 0.000 to 3.000, Khadehi Lodhan Minor from Km. 0.000 to 1.600",,,,,,,,,,,,,,,,U P Irrigation Department (Civil),,,,,,"112,330.05",,2024-04-15,U P Irrigation Department (Civil)
2023_UPIDC_842522_18,05/AE III/2023-24,"Scrapping of Internal Section (Bed and Side Slope) Jalalpur Mr. from Km. 0.000 to 3.000, Khadehi Lodhan Minor from Km. 0.000 to 1.600",,,,,,,,,,,,,,,,U P Irrigation Department (Civil),,,,,,"112,330.05",,2024-04-15,U P Irrigation Department (Civil)
2023_UPIDC_837270_1,08/SE/2023-24,janpad bijnor mai nirikshan bhawan pili bundh ki chaardeewari nirmaan avasiya bhawano ki punarsthapna ka karya,,,,,,,,,,,,,,,,"U P Irrigation Department (Civil)||Chief Engineer-Eastern Ganga, Moradabad||Irrigation Works Circle, Moradabad",,,,,,"10,488,469",,2024-04-03,"U P Irrigation Department (Civil)||Chief Engineer-Eastern Ganga, Moradabad||Irrigation Works Circle, Moradabad"
2023_UPIDC_803720_10,01/EE/2023-24,Reconstruction of Fall at Km. 2.400 of Mailha Minor.,,,,,,,,,,,,,,,,"U P Irrigation Department (Civil)||Chief Engineer-Sone, Varanasi||Irrigation Works Circle, Varansi||BD, varanasi",,,,,,"208,950.5",,2024-04-07,"U P Irrigation Department (Civil)||Chief Engineer-Sone, Varanasi||Irrigation Works Circle, Varansi||BD, varanasi"
2023_UPIDC_803720_15,01/EE/2023-24,Reconstruction and Fixing of 12 Nos. Outlets of Birha Minor offtaking from Tikar Dy.,,,,,,,,,,,,,,,,"U P Irrigation Department (Civil)||Chief Engineer-Sone, Varanasi||Irrigation Works Circle, Varansi||BD, varanasi",,,,,,"547,691",,2024-04-07,"U P Irrigation Department (Civil)||Chief Engineer-Sone, Varanasi||Irrigation Works Circle, Varansi||BD, varanasi"
2023_UPIDC_837270_1,08/SE/2023-24,janpad bijnor mai nirikshan bhawan pili bundh ki chaardeewari nirmaan avasiya bhawano ki punarsthapna ka karya,,,,,,,,,,,,,,,,"U P Irrigation Department (Civil)||Chief Engineer-Eastern Ganga, Moradabad||Irrigation Works Circle, Moradabad",,,,,,"10,488,469",,2024-04-03,"U P Irrigation Department (Civil)||Chief Engineer-Eastern Ganga, Moradabad||Irrigation Works Circle, Moradabad"
2023_UPCTL_856830_1,S.T. E. Tender Notice-12/2023-24 Sl No-17/2023-24,"Construction of Balance civil work at 400/132/33 KV GIS S/s Sector-123 Noida (Energized 400 KV GIS Building, 132 KV GIS Building, 33 KV GIS Building, CRB, Pump House, Store Room, Guard Room, Energized Switch Yard, 02 No Type-IV, 04 No Type-III, 08 No",,,,,,,,,,,,,,,,UP Power Transmission Corp.Ltd (Works and Projects))||Chief Engineer (Civil-1)||Moradabad Circle,,,,,,"49,684,364",,2024-04-27,UP Power Transmission Corp.Ltd (Works and Projects))||Chief Engineer (Civil-1)||Moradabad Circle
2023_UPCTL_856830_1,S.T. E. Tender Notice-12/2023-24 Sl No-17/2023-24,"Construction of Balance civil work at 400/132/33 KV GIS S/s Sector-123 Noida (Energized 400 KV GIS Building, 132 KV GIS Building, 33 KV GIS Building, CRB, Pump House, Store Room, Guard Room, Energized Switch Yard, 02 No Type-IV, 04 No Type-III, 08 No",,,,,,,,,,,,,,,,UP Power Transmission Corp.Ltd (Works and Projects))||Chief Engineer (Civil-1)||Moradabad Circle,,,,,,"49,684,364",,2024-04-27,UP Power Transmission Corp.Ltd (Works and Projects))||Chief Engineer (Civil-1)||Moradabad Circle
2023_UPCTL_856845_1,S.T. E. Tender Notice-12/2023-24 Sl No-18/2023-24,"Construction of Balance civil work at 400/220/132/33 KV GIS S/S Sector-148 Noida (Energized 400 KV GIS Building, 220 KV GIS Building, 132 KV GIS Building, 33 KV GIS Building CRB, Pump House, Store Room,  Energized Switch Yard, 02 No Type-IV, 04 No Ty",,,,,,,,,,,,,,,,UP Power Transmission Corp.Ltd (Works and Projects))||Chief Engineer (Civil-1)||Moradabad Circle,,,,,,"29,867,359.4",,2024-04-27,UP Power Transmission Corp.Ltd (Works and Projects))||Chief Engineer (Civil-1)||Moradabad Circle
2023_UPCTL_780497_1,S.T. E. Tender Notice-25/2022-23 Sl No-32/2022-23,"Civil Works For Construction of 1 Nos. 132 KV Bay (for M/S Adani Enterprises Pvt. Ltd. for Data center) at 132 KV S/S Sector-62, Noida.",,,,,,,,,,,,,,,,UP Power Transmission Corp.Ltd (Works and Projects))||Chief Engineer (Civil-1)||Moradabad Circle,,,,,,"1,351,353",,2024-04-24,UP Power Transmission Corp.Ltd (Works and Projects))||Chief Engineer (Civil-1)||Moradabad Circle
2023_UPCTL_780497_1,S.T. E. Tender Notice-25/2022-23 Sl No-32/2022-23,"Civil Works For Construction of 1 Nos. 132 KV Bay (for M/S Adani Enterprises Pvt. Ltd. for Data center) at 132 KV S/S Sector-62, Noida.",,,,,,,,,,,,,,,,UP Power Transmission Corp.Ltd (Works and Projects))||Chief Engineer (Civil-1)||Moradabad Circle,,,,,,"1,351,353",,2024-04-24,UP Power Transmission Corp.Ltd (Works and Projects))||Chief Engineer (Civil-1)||Moradabad Circle
2023_UPCTL_783334_1,88-ECTC/MBD/2022-23,"Special M and R of Type III Quarter for JE Transmission Residence under ECTD, Meerut.",,,,,,,,,,,,,,,,UP Power Transmission Corp.Ltd (Works and Projects))||Chief Engineer (Civil-1)||Moradabad Circle,,,,,,"1,865,524",,2024-04-22,UP Power Transmission Corp.Ltd (Works and Projects))||Chief Engineer (Civil-1)||Moradabad Circle
2023_UPCTL_783352_1,88-ECTC/MBD/2022-23,Construction of 01 No. Tube well Boring at 132 KV S/s Deoband Distt. Saharanpur.,,,,,,,,,,,,,,,,UP Power Transmission Corp.Ltd (Works and Projects))||Chief Engineer (Civil-1)||Moradabad Circle,,,,,,"693,663",,2024-04-22,UP Power Transmission Corp.Ltd (Works and Projects))||Chief Engineer (Civil-1)||Moradabad Circle
2023_UPCTL_790083_1,93-ECTC/MBD/2022-23,"Civil works for Const. of 01 No. 33 KV Bay for 10 MVAR T/F (Deposit Scheme) at 132 KV S/s Gajraula, Amroha.",,,,,,,,,,,,,,,,UP Power Transmission Corp.Ltd (Works and Projects))||Chief Engineer (Civil-1)||Moradabad Circle,,,,,,"144,089",,2024-04-22,UP Power Transmission Corp.Ltd (Works and Projects))||Chief Engineer (Civil-1)||Moradabad Circle
2023_UPCTL_791805_1,S.T. E. Tender Notice-26/2022-23 Sl No-33/2022-23,"Civil Works For Construction Of 01 No. 33 KV Independent Bay (M/s SMV Agency Pvt. Ltd.) at 132 KV Sub Station Lalkuan, Ghaziabad .",,,,,,,,,,,,,,,,UP Power Transmission Corp.Ltd (Works and Projects))||Chief Engineer (Civil-1)||Moradabad Circle,,,,,,"227,833",,2024-04-24,UP Power Transmission Corp.Ltd (Works and Projects))||Chief Engineer (Civil-1)||Moradabad Circle
2023_UPCTL_856830_1,S.T. E. Tender Notice-12/2023-24 Sl No-17/2023-24,"Construction of Balance civil work at 400/132/33 KV GIS S/s Sector-123 Noida (Energized 400 KV GIS Building, 132 KV GIS Building, 33 KV GIS Building, CRB, Pump House, Store Room, Guard Room, Energized Switch Yard, 02 No Type-IV, 04 No Type-III, 08 No",,,,,,,,,,,,,,,,UP Power Transmission Corp.Ltd (Works and Projects))||Chief Engineer (Civil-1)||Moradabad Circle,,,,,,"49,684,364",,2024-04-27,UP Power Transmission Corp.Ltd (Works and Projects))||Chief Engineer (Civil-1)||Moradabad Circle
2023_UPCTL_856830_1,S.T. E. Tender Notice-12/2023-24 Sl No-17/2023-24,"Construction of Balance civil work at 400/132/33 KV GIS S/s Sector-123 Noida (Energized 400 KV GIS Building, 132 KV GIS Building, 33 KV GIS Building, CRB, Pump House, Store Room, Guard Room, Energized Switch Yard, 02 No Type-IV, 04 No Type-III, 08 No",,,,,,,,,,,,,,,,UP Power Transmission Corp.Ltd (Works and Projects))||Chief Engineer (Civil-1)||Moradabad Circle,,,,,,"49,684,364",,2024-04-27,UP Power Transmission Corp.Ltd (Works and Projects))||Chief Engineer (Civil-1)||Moradabad Circle
2023_UPCTL_856830_1,S.T. E. Tender Notice-12/2023-24 Sl No-17/2023-24,"Construction of Balance civil work at 400/132/33 KV GIS S/s Sector-123 Noida (Energized 400 KV GIS Building, 132 KV GIS Building, 33 KV GIS Building, CRB, Pump House, Store Room, Guard Room, Energized Switch Yard, 02 No Type-IV, 04 No Type-III, 08 No",,,,,,,,,,,,,,,,UP Power Transmission Corp.Ltd (Works and Projects))||Chief Engineer (Civil-1)||Moradabad Circle,,,,,,"49,684,364",,2024-04-27,UP Power Transmission Corp.Ltd (Works and Projects))||Chief Engineer (Civil-1)||Moradabad Circle
2023_UPCTL_856830_1,S.T. E. Tender Notice-12/2023-24 Sl No-17/2023-24,"Construction of Balance civil work at 400/132/33 KV GIS S/s Sector-123 Noida (Energized 400 KV GIS Building, 132 KV GIS Building, 33 KV GIS Building, CRB, Pump House, Store Room, Guard Room, Energized Switch Yard, 02 No Type-IV, 04 No Type-III, 08 No",,,,,,,,,,,,,,,,UP Power Transmission Corp.Ltd (Works and Projects))||Chief Engineer (Civil-1)||Moradabad Circle,,,,,,"49,684,364",,2024-04-27,UP Power Transmission Corp.Ltd (Works and Projects))||Chief Engineer (Civil-1)||Moradabad Circle
2023_UPCTL_767921_1,72-ECTC/MBD/2022-23,Civil work for increasing Capacity 63 MVA Transformer Bay at 220 KV S/s Behat Distt. Saharanpur,,,,,,,,,,,,,,,,UP Power Transmission Corp.Ltd (Works and Projects))||Chief Engineer (Civil-1)||Moradabad Circle,,,,,,"2,143,579",,2024-04-20,UP Power Transmission Corp.Ltd (Works and Projects))||Chief Engineer (Civil-1)||Moradabad Circle
2023_UPCTL_767921_1,72-ECTC/MBD/2022-23,Civil work for increasing Capacity 63 MVA Transformer Bay at 220 KV S/s Behat Distt. Saharanpur,,,,,,,,,,,,,,,,UP Power Transmission Corp.Ltd (Works and Projects))||Chief Engineer (Civil-1)||Moradabad Circle,,,,,,"2,143,579",,2024-04-20,UP Power Transmission Corp.Ltd (Works and Projects))||Chief Engineer (Civil-1)||Moradabad Circle
2023_UPCTL_767955_1,72-ECTC/MBD/2022-23,Civil work for increasing Capacity from 2X160 MVA to 3X160 MVA at 400 KV S/S Jolly Road Distt. Muzaffarnagar,,,,,,,,,,,,,,,,UP Power Transmission Corp.Ltd (Works and Projects))||Chief Engineer (Civil-1)||Moradabad Circle,,,,,,"7,903,947",,2024-04-22,UP Power Transmission Corp.Ltd (Works and Projects))||Chief Engineer (Civil-1)||Moradabad Circle
2023_UPCTL_768048_1,72-ECTC/MBD/2022-23,Civil Works for Installation of Tube Well Boring at 132 KV S/s Afjalgarh Distt. Bijnore,,,,,,,,,,,,,,,,UP Power Transmission Corp.Ltd (Works and Projects))||Chief Engineer (Civil-1)||Moradabad Circle,,,,,,"577,876",,2024-04-20,UP Power Transmission Corp.Ltd (Works and Projects))||Chief Engineer (Civil-1)||Moradabad Circle
2023_UPCTL_768748_1,75-ECTC/MBD/2022-23,"Civil works for Construction of 01 No. 132 KV Bay (Deposit Scheme) for M/s Jubliant Ingrevia and other miscellaneous work at 132 KV S/s Gajraula, Distt. Amroha.",,,,,,,,,,,,,,,,UP Power Transmission Corp.Ltd (Works and Projects))||Chief Engineer (Civil-1)||Moradabad Circle,,,,,,"2,457,913",,2024-04-20,UP Power Transmission Corp.Ltd (Works and Projects))||Chief Engineer (Civil-1)||Moradabad Circle
2023_UPCTL_776000_1,E-Tender Notice-22/2022-23 Sl No-29/2022-23,"Construction of Boundary Wall, Security Hut and Gate at 220/132/33 KV GIS Substation Sector-28, YEIDA (Gautambuddhnagar)",,,,,,,,,,,,,,,,UP Power Transmission Corp.Ltd (Works and Projects))||Chief Engineer (Civil-1)||Moradabad Circle,,,,,,"17,548,235.6",,2024-04-27,UP Power Transmission Corp.Ltd (Works and Projects))||Chief Engineer (Civil-1)||Moradabad Circle
2023_UPCTL_776093_1,S.T.E. Tender Notice-21/2022-23 Sl No-28/2022-23,"Civil Works For Construction Of 1 No 160 MVA, 220/132 KV ICT  Bay at 400 K.V S/S Sec-148 Noida.",,,,,,,,,,,,,,,,UP Power Transmission Corp.Ltd (Works and Projects))||Chief Engineer (Civil-1)||Moradabad Circle,,,,,,"495,875",,2024-04-24,UP Power Transmission Corp.Ltd (Works and Projects))||Chief Engineer (Civil-1)||Moradabad Circle
2023_UPCTL_777646_1,84-ECTC/MBD/2022-23,"Requirement of One Nos. Tubewell and Sump House Operator at 220 KV S/s Majhola, Moradabad (2023-24)",,,,,,,,,,,,,,,,UP Power Transmission Corp.Ltd (Works and Projects))||Chief Engineer (Civil-1)||Moradabad Circle,,,,,,"131,531",,2024-04-20,UP Power Transmission Corp.Ltd (Works and Projects))||Chief Engineer (Civil-1)||Moradabad Circle
2023_UPCTL_780497_1,S.T. E. Tender Notice-25/2022-23 Sl No-32/2022-23,"Civil Works For Construction of 1 Nos. 132 KV Bay (for M/S Adani Enterprises Pvt. Ltd. for Data center) at 132 KV S/S Sector-62, Noida.",,,,,,,,,,,,,,,,UP Power Transmission Corp.Ltd (Works and Projects))||Chief Engineer (Civil-1)||Moradabad Circle,,,,,,"1,351,353",,2024-04-24,UP Power Transmission Corp.Ltd (Works and Projects))||Chief Engineer (Civil-1)||Moradabad Circle
2023_UPCTL_780497_1,S.T. E. Tender Notice-25/2022-23 Sl No-32/2022-23,"Civil Works For Construction of 1 Nos. 132 KV Bay (for M/S Adani Enterprises Pvt. Ltd. for Data center) at 132 KV S/S Sector-62, Noida.",,,,,,,,,,,,,,,,UP Power Transmission Corp.Ltd (Works and Projects))||Chief Engineer (Civil-1)||Moradabad Circle,,,,,,"1,351,353",,2024-04-24,UP Power Transmission Corp.Ltd (Works and Projects))||Chief Engineer (Civil-1)||Moradabad Circle
2023_UPCTL_767899_1,72-ECTC/MBD/2022-23,Civil work for increasing Capacity 40 MVA Transformer Bay at 132 KV S/s Chhutmalpur Distt. Saharanpur,,,,,,,,,,,,,,,,UP Power Transmission Corp.Ltd (Works and Projects))||Chief Engineer (Civil-1)||Moradabad Circle,,,,,,"2,900,505",,2024-04-20,UP Power Transmission Corp.Ltd (Works and Projects))||Chief Engineer (Civil-1)||Moradabad Circle
2023_UPCTL_767899_1,72-ECTC/MBD/2022-23,Civil work for increasing Capacity 40 MVA Transformer Bay at 132 KV S/s Chhutmalpur Distt. Saharanpur,,,,,,,,,,,,,,,,UP Power Transmission Corp.Ltd (Works and Projects))||Chief Engineer (Civil-1)||Moradabad Circle,,,,,,"2,900,505",,2024-04-20,UP Power Transmission Corp.Ltd (Works and Projects))||Chief Engineer (Civil-1)||Moradabad Circle
2023_RVUNL_826702_1,N-OBR/B/MMCII/PDIII/6000002974,"Supply of Miscellaneous items for BTPS, Obra, Sonebhadra (U.P.)",,,,,,,,,,,,,,,,UP Rajya Vidyut Utpadan Nigam Ltd||Obra Thermal Power Project- UPRVUNL- Sonebhadra,,,,,,"88,770",,2024-04-08,UP Rajya Vidyut Utpadan Nigam Ltd||Obra Thermal Power Project- UPRVUNL- Sonebhadra
2023_RVUNL_842528_1,N-OBR/B/MMCII/PDIII/6000003502,"Pipe Coupling for 2X200MW units, BTPS, Obra, Sonebhadra, U.P.",,,,,,,,,,,,,,,,UP Rajya Vidyut Utpadan Nigam Ltd||Obra Thermal Power Project- UPRVUNL- Sonebhadra,,,,,,"220,000",,2024-04-16,UP Rajya Vidyut Utpadan Nigam Ltd||Obra Thermal Power Project- UPRVUNL- Sonebhadra
2023_RVUNL_861314_1,N-ANP/D/OMC2/TMD/6000003961_00,"General Maintenance including round the clock routine maintenance work, maintenance of Turbine auxiliaries including BFP, CEP, Other pumps, HP and LP valves, Pipelines, and other static equipments of Unit  6 and 7 of 2X500 MW, DTPS, Anpara.",,,,,,,,,,,,,,,,UP Rajya Vidyut Utpadan Nigam Ltd||Anpara Thermal Power Project- UPRVUNL- Sonebhadra,,,,,,"11,113,178",,2024-04-01,UP Rajya Vidyut Utpadan Nigam Ltd||Anpara Thermal Power Project- UPRVUNL- Sonebhadra
2023_RVUNL_865858_1,T-6/CMD-II/ATP/2023-24,CATERING AND UP KEEPING OF CANTEENS SITUATED AT 2x500W B AND D TPS AREA ANPARA FOR 02 YEARS,,,,,,,,,,,,,,,,UP Rajya Vidyut Utpadan Nigam Ltd||Anpara Thermal Power Project- UPRVUNL- Sonebhadra,,,,,,"3,947,424",,2024-04-01,UP Rajya Vidyut Utpadan Nigam Ltd||Anpara Thermal Power Project- UPRVUNL- Sonebhadra
2023_REDUP_876091_2,1022/EE RED Ambedkarnagar/23-24 Dt 7-12-23,"Under District Ambedkarnagar, Construction of  Road Gosaiganj-Sainpur route to Basaitpur (Hridaypur) Soling Lot No 2",,,,,,,,,,,,,,,,Director Cum Chief Engineer RED||CHIEF ENGINEER EAST||SE FAIZABAD CIRCLE||EE AMBEDKAR NAGAR,,,,,,"1,992,910",,2024-04-16,Director Cum Chief Engineer RED||CHIEF ENGINEER EAST||SE FAIZABAD CIRCLE||EE AMBEDKAR NAGAR
2023_REDUP_876091_3,1022/EE RED Ambedkarnagar/23-24 Dt 7-12-23,"Under District Ambedkarnagar, Construction of Soil and Soling road  work on Mahruva-Bhiti route to Chandapur route Lot No 3",,,,,,,,,,,,,,,,Director Cum Chief Engineer RED||CHIEF ENGINEER EAST||SE FAIZABAD CIRCLE||EE AMBEDKAR NAGAR,,,,,,"1,971,913",,2024-04-16,Director Cum Chief Engineer RED||CHIEF ENGINEER EAST||SE FAIZABAD CIRCLE||EE AMBEDKAR NAGAR
2023_REDUP_876091_6,1022/EE RED Ambedkarnagar/23-24 Dt 7-12-23,"Under District Ambedkarnagar, Construction of Soil and Soling road  work from Semri Usra Basti to village Parashuram house Lot No 6",,,,,,,,,,,,,,,,Director Cum Chief Engineer RED||CHIEF ENGINEER EAST||SE FAIZABAD CIRCLE||EE AMBEDKAR NAGAR,,,,,,"1,328,143",,2024-04-16,Director Cum Chief Engineer RED||CHIEF ENGINEER EAST||SE FAIZABAD CIRCLE||EE AMBEDKAR NAGAR
2023_REDUP_876091_6,1022/EE RED Ambedkarnagar/23-24 Dt 7-12-23,"Under District Ambedkarnagar, Construction of Soil and Soling road  work from Semri Usra Basti to village Parashuram house Lot No 6",,,,,,,,,,,,,,,,Director Cum Chief Engineer RED||CHIEF ENGINEER EAST||SE FAIZABAD CIRCLE||EE AMBEDKAR NAGAR,,,,,,"1,328,143",,2024-04-16,Director Cum Chief Engineer RED||CHIEF ENGINEER EAST||SE FAIZABAD CIRCLE||EE AMBEDKAR NAGAR
2023_REDUP_876091_7,1022/EE RED Ambedkarnagar/23-24 Dt 7-12-23,"Under District Ambedkarnagar, Construction of Soil and Soling road  work from Rampur Grint-Maharuva Marg to Shri Shyamnarayan Yadav house in Rampur Grint Lot No 7",,,,,,,,,,,,,,,,Director Cum Chief Engineer RED||CHIEF ENGINEER EAST||SE FAIZABAD CIRCLE||EE AMBEDKAR NAGAR,,,,,,"1,537,510",,2024-04-16,Director Cum Chief Engineer RED||CHIEF ENGINEER EAST||SE FAIZABAD CIRCLE||EE AMBEDKAR NAGAR
2023_REDUP_876091_8,1022/EE RED Ambedkarnagar/23-24 Dt 7-12-23,"Under District Ambedkarnagar, Construction of Soil and Soling road  work from Gram Sabha Kodra late Parmanand Verma house to Rajbhar Basti Lot No 8",,,,,,,,,,,,,,,,Director Cum Chief Engineer RED||CHIEF ENGINEER EAST||SE FAIZABAD CIRCLE||EE AMBEDKAR NAGAR,,,,,,"1,251,558",,2024-04-16,Director Cum Chief Engineer RED||CHIEF ENGINEER EAST||SE FAIZABAD CIRCLE||EE AMBEDKAR NAGAR
2023_REDUP_874563_4,"1546/RED/E-TENDER/2023-24, DATE 28.11.23",DEORIA NAGAR PALIKA ME MAYANK VIHAR COLONY CC ROAD P.D. ACEDAMY KE SAMANE SE ARUN SRIVASTAVA KE MAKAN SE RAMESH DWIVEDI KE MAKAN TAK TATHA HARERAM KE ZAMIN TAK TATHA PAHALE MOD SE AWADHESH MANI KE MAKAN TAK CC SADAK NIRMAN,,,,,,,,,,,,,,,,Director Cum Chief Engineer RED||CHIEF ENGINEER EAST||SE GORAKHPUR CIRCLE||EE DEORIA,,,,,,"2,025,856.41",,2024-04-03,Director Cum Chief Engineer RED||CHIEF ENGINEER EAST||SE GORAKHPUR CIRCLE||EE DEORIA
2023_REDUP_876081_3,1018/EE RED Ambedkarnagar/23-24 Dt 07/12/23,"Under District Ambedkarnagar, Construction of C.C. Road from the house of Atma Sagar Verma in the village Faridpur art to the house of Phulchand Chaurasia via Vijay Gupta house Lot No 3",,,,,,,,,,,,,,,,Director Cum Chief Engineer RED||CHIEF ENGINEER EAST||SE FAIZABAD CIRCLE||EE AMBEDKAR NAGAR,,,,,,"1,324,321",,2024-04-16,Director Cum Chief Engineer RED||CHIEF ENGINEER EAST||SE FAIZABAD CIRCLE||EE AMBEDKAR NAGAR
2023_REDUP_876081_3,1018/EE RED Ambedkarnagar/23-24 Dt 07/12/23,"Under District Ambedkarnagar, Construction of C.C. Road from the house of Atma Sagar Verma in the village Faridpur art to the house of Phulchand Chaurasia via Vijay Gupta house Lot No 3",,,,,,,,,,,,,,,,Director Cum Chief Engineer RED||CHIEF ENGINEER EAST||SE FAIZABAD CIRCLE||EE AMBEDKAR NAGAR,,,,,,"1,324,321",,2024-04-16,Director Cum Chief Engineer RED||CHIEF ENGINEER EAST||SE FAIZABAD CIRCLE||EE AMBEDKAR NAGAR
2023_REDUP_876081_3,1018/EE RED Ambedkarnagar/23-24 Dt 07/12/23,"Under District Ambedkarnagar, Construction of C.C. Road from the house of Atma Sagar Verma in the village Faridpur art to the house of Phulchand Chaurasia via Vijay Gupta house Lot No 3",,,,,,,,,,,,,,,,Director Cum Chief Engineer RED||CHIEF ENGINEER EAST||SE FAIZABAD CIRCLE||EE AMBEDKAR NAGAR,,,,,,"1,324,321",,2024-04-16,Director Cum Chief Engineer RED||CHIEF ENGINEER EAST||SE FAIZABAD CIRCLE||EE AMBEDKAR NAGAR
2023_REDUP_876081_4,1018/EE RED Ambedkarnagar/23-24 Dt 07/12/23,"Under District Ambedkarnagar, Construction of C.C. Road from village Khajawa Sampark Marg to Achkwa village Lot No 4",,,,,,,,,,,,,,,,Director Cum Chief Engineer RED||CHIEF ENGINEER EAST||SE FAIZABAD CIRCLE||EE AMBEDKAR NAGAR,,,,,,"1,311,218",,2024-04-16,Director Cum Chief Engineer RED||CHIEF ENGINEER EAST||SE FAIZABAD CIRCLE||EE AMBEDKAR NAGAR
2023_REDUP_876088_1,1072/EE RED Ambedkarnagar/23-24 Dt 20/12/2023,"Under District Ambedkarnagar, Construction of road to the house of Mathia Ankit Pandey in Tanda Baruwa-Utrethu Road Daulatpur Eksara Lot No 1",,,,,,,,,,,,,,,,Director Cum Chief Engineer RED||CHIEF ENGINEER EAST||SE FAIZABAD CIRCLE||EE AMBEDKAR NAGAR,,,,,,"1,586,426",,2024-04-16,Director Cum Chief Engineer RED||CHIEF ENGINEER EAST||SE FAIZABAD CIRCLE||EE AMBEDKAR NAGAR
2023_REDUP_876089_1,1066/EE RED Ambedkarnagar/23-24 Dt 20/12/2023,"Under District Ambedkarnagar, Construction of CC road  from Shankar Yadav house to south paved road in village Khargpur Lot No 1",,,,,,,,,,,,,,,,Director Cum Chief Engineer RED||CHIEF ENGINEER EAST||SE FAIZABAD CIRCLE||EE AMBEDKAR NAGAR,,,,,,"1,219,738",,2024-04-16,Director Cum Chief Engineer RED||CHIEF ENGINEER EAST||SE FAIZABAD CIRCLE||EE AMBEDKAR NAGAR
2023_REDUP_876089_2,1066/EE RED Ambedkarnagar/23-24 Dt 20/12/2023,"Under District Ambedkarnagar, Construction of interlocking from the house of Yashwant Yadav to Mohammad Ayub house in village Aamadarvesh Lot No 2",,,,,,,,,,,,,,,,Director Cum Chief Engineer RED||CHIEF ENGINEER EAST||SE FAIZABAD CIRCLE||EE AMBEDKAR NAGAR,,,,,,"1,618,699",,2024-04-16,Director Cum Chief Engineer RED||CHIEF ENGINEER EAST||SE FAIZABAD CIRCLE||EE AMBEDKAR NAGAR
2023_REDUP_876091_1,1022/EE RED Ambedkarnagar/23-24 Dt 7-12-23,"Under District Ambedkarnagar, Construction of remaining part from Kasiapur (Pratappur Chamarkha) to Imlia Sharda Assistant Rajwaha Lot No 1",,,,,,,,,,,,,,,,Director Cum Chief Engineer RED||CHIEF ENGINEER EAST||SE FAIZABAD CIRCLE||EE AMBEDKAR NAGAR,,,,,,"1,251,726",,2024-04-16,Director Cum Chief Engineer RED||CHIEF ENGINEER EAST||SE FAIZABAD CIRCLE||EE AMBEDKAR NAGAR
2023_REDUP_876091_1,1022/EE RED Ambedkarnagar/23-24 Dt 7-12-23,"Under District Ambedkarnagar, Construction of remaining part from Kasiapur (Pratappur Chamarkha) to Imlia Sharda Assistant Rajwaha Lot No 1",,,,,,,,,,,,,,,,Director Cum Chief Engineer RED||CHIEF ENGINEER EAST||SE FAIZABAD CIRCLE||EE AMBEDKAR NAGAR,,,,,,"1,251,726",,2024-04-16,Director Cum Chief Engineer RED||CHIEF ENGINEER EAST||SE FAIZABAD CIRCLE||EE AMBEDKAR NAGAR
2023_REDUP_873624_30,1789/EE RED Lucknow/23-24 Dt 29/11/2023,"Under District Lucknow, Construction of Interlocking and drain from in front of Rajkumar Sharma house from Bairagi Rawat house in Harinagar Colony of Semra Lot No 30",,,,,,,,,,,,,,,,Director Cum Chief Engineer RED||CHIEF ENGINEER EAST||SE LUCKNOW CIRCLE||EE LUCKNOW,,,,,,"2,490,210",,2024-04-08,Director Cum Chief Engineer RED||CHIEF ENGINEER EAST||SE LUCKNOW CIRCLE||EE LUCKNOW
2023_REDUP_873624_3,1789/EE RED Lucknow/23-24 Dt 29/11/2023,"Under District Lucknow, Renovation/Civil Work in Primary School Karmo Mukarim Nagar Composite under Lucknow Smart City Lot No 3",,,,,,,,,,,,,,,,Director Cum Chief Engineer RED||CHIEF ENGINEER EAST||SE LUCKNOW CIRCLE||EE LUCKNOW,,,,,,"1,069,643",,2024-04-08,Director Cum Chief Engineer RED||CHIEF ENGINEER EAST||SE LUCKNOW CIRCLE||EE LUCKNOW
2023_REDUP_873624_4,1789/EE RED Lucknow/23-24 Dt 29/11/2023,"Under District Lucknow, Renovation/Civil Work in Primary School Faizullaganj under Lucknow Smart City Lot No 4",,,,,,,,,,,,,,,,Director Cum Chief Engineer RED||CHIEF ENGINEER EAST||SE LUCKNOW CIRCLE||EE LUCKNOW,,,,,,"1,157,615",,2024-04-08,Director Cum Chief Engineer RED||CHIEF ENGINEER EAST||SE LUCKNOW CIRCLE||EE LUCKNOW
2023_REDUP_873624_6,1789/EE RED Lucknow/23-24 Dt 29/11/2023,"Under District Lucknow, Renovation/Civil work in Composite School Chandan under Lucknow Smart City. Lot No 6",,,,,,,,,,,,,,,,Director Cum Chief Engineer RED||CHIEF ENGINEER EAST||SE LUCKNOW CIRCLE||EE LUCKNOW,,,,,,"1,358,073",,2024-04-08,Director Cum Chief Engineer RED||CHIEF ENGINEER EAST||SE LUCKNOW CIRCLE||EE LUCKNOW
2023_REDUP_873624_8,1789/EE RED Lucknow/23-24 Dt 29/11/2023,"Under District Lucknow, Renovation/Civil Work in Primary School Kamata-1 under Lucknow Smart City Lot No 8",,,,,,,,,,,,,,,,Director Cum Chief Engineer RED||CHIEF ENGINEER EAST||SE LUCKNOW CIRCLE||EE LUCKNOW,,,,,,"1,508,423",,2024-04-08,Director Cum Chief Engineer RED||CHIEF ENGINEER EAST||SE LUCKNOW CIRCLE||EE LUCKNOW
2023_REDUP_873624_9,1789/EE RED Lucknow/23-24 Dt 29/11/2023,"Under District Lucknow, Primary school in rejuvenation scheme under Lucknow Smart City Renovation/Civil work in Pani Village Lot No 9",,,,,,,,,,,,,,,,Director Cum Chief Engineer RED||CHIEF ENGINEER EAST||SE LUCKNOW CIRCLE||EE LUCKNOW,,,,,,"1,001,866",,2024-04-08,Director Cum Chief Engineer RED||CHIEF ENGINEER EAST||SE LUCKNOW CIRCLE||EE LUCKNOW
2023_REDUP_873624_13,1789/EE RED Lucknow/23-24 Dt 29/11/2023,"Under District Lucknow, Renovation/Civil work in Primary School Chinhat (PS-2) under Lucknow Smart City Lot No 13",,,,,,,,,,,,,,,,Director Cum Chief Engineer RED||CHIEF ENGINEER EAST||SE LUCKNOW CIRCLE||EE LUCKNOW,,,,,,"1,802,510",,2024-04-08,Director Cum Chief Engineer RED||CHIEF ENGINEER EAST||SE LUCKNOW CIRCLE||EE LUCKNOW
2023_REDUP_873624_14,1789/EE RED Lucknow/23-24 Dt 29/11/2023,"Under District Lucknow, Renovation of primary school Ishwarikheda in rejuvenation scheme under Lucknow Smart City Lot No 14",,,,,,,,,,,,,,,,Director Cum Chief Engineer RED||CHIEF ENGINEER EAST||SE LUCKNOW CIRCLE||EE LUCKNOW,,,,,,"1,799,813",,2024-04-08,Director Cum Chief Engineer RED||CHIEF ENGINEER EAST||SE LUCKNOW CIRCLE||EE LUCKNOW
2023_REDUP_873624_15,1789/EE RED Lucknow/23-24 Dt 29/11/2023,"Under District Lucknow, Renovation / Civil work in Primary / Composite School Telibagh Composite in Rejuvenation Scheme under Lucknow Smart City Lot No 15",,,,,,,,,,,,,,,,Director Cum Chief Engineer RED||CHIEF ENGINEER EAST||SE LUCKNOW CIRCLE||EE LUCKNOW,,,,,,"1,836,879",,2024-04-08,Director Cum Chief Engineer RED||CHIEF ENGINEER EAST||SE LUCKNOW CIRCLE||EE LUCKNOW
2023_REDUP_873624_25,1789/EE RED Lucknow/23-24 Dt 29/11/2023,"Under District Lucknow, Renovation/Civil Work in Primary School Chinhat (PS-1) under Lucknow Smart City Lot No 25",,,,,,,,,,,,,,,,Director Cum Chief Engineer RED||CHIEF ENGINEER EAST||SE LUCKNOW CIRCLE||EE LUCKNOW,,,,,,"2,824,023",,2024-04-08,Director Cum Chief Engineer RED||CHIEF ENGINEER EAST||SE LUCKNOW CIRCLE||EE LUCKNOW
2023_REDUP_873624_25,1789/EE RED Lucknow/23-24 Dt 29/11/2023,"Under District Lucknow, Renovation/Civil Work in Primary School Chinhat (PS-1) under Lucknow Smart City Lot No 25",,,,,,,,,,,,,,,,Director Cum Chief Engineer RED||CHIEF ENGINEER EAST||SE LUCKNOW CIRCLE||EE LUCKNOW,,,,,,"2,824,023",,2024-04-08,Director Cum Chief Engineer RED||CHIEF ENGINEER EAST||SE LUCKNOW CIRCLE||EE LUCKNOW
2023_REDUP_873624_29,1789/EE RED Lucknow/23-24 Dt 29/11/2023,"Under District Lucknow, Construction of Interlocking and drain from in ITI Colege Nai basti front of Sachin Bajpai house from college Lot No 29",,,,,,,,,,,,,,,,Director Cum Chief Engineer RED||CHIEF ENGINEER EAST||SE LUCKNOW CIRCLE||EE LUCKNOW,,,,,,"1,777,925",,2024-04-08,Director Cum Chief Engineer RED||CHIEF ENGINEER EAST||SE LUCKNOW CIRCLE||EE LUCKNOW
2023_REDUP_873624_29,1789/EE RED Lucknow/23-24 Dt 29/11/2023,"Under District Lucknow, Construction of Interlocking and drain from in ITI Colege Nai basti front of Sachin Bajpai house from college Lot No 29",,,,,,,,,,,,,,,,Director Cum Chief Engineer RED||CHIEF ENGINEER EAST||SE LUCKNOW CIRCLE||EE LUCKNOW,,,,,,"1,777,925",,2024-04-08,Director Cum Chief Engineer RED||CHIEF ENGINEER EAST||SE LUCKNOW CIRCLE||EE LUCKNOW
2023_REDUP_873624_29,1789/EE RED Lucknow/23-24 Dt 29/11/2023,"Under District Lucknow, Construction of Interlocking and drain from in ITI Colege Nai basti front of Sachin Bajpai house from college Lot No 29",,,,,,,,,,,,,,,,Director Cum Chief Engineer RED||CHIEF ENGINEER EAST||SE LUCKNOW CIRCLE||EE LUCKNOW,,,,,,"1,777,925",,2024-04-08,Director Cum Chief Engineer RED||CHIEF ENGINEER EAST||SE LUCKNOW CIRCLE||EE LUCKNOW
2023_REDUP_873624_1,1789/EE RED Lucknow/23-24 Dt 29/11/2023,"Under District Lucknow, Renovation/Civil Work in Primary School Amrai Village (PS) under Lucknow Smart City Lot No 1",,,,,,,,,,,,,,,,Director Cum Chief Engineer RED||CHIEF ENGINEER EAST||SE LUCKNOW CIRCLE||EE LUCKNOW,,,,,,"1,593,541",,2024-04-08,Director Cum Chief Engineer RED||CHIEF ENGINEER EAST||SE LUCKNOW CIRCLE||EE LUCKNOW
2023_REDUP_871598_10,1769/EE RED Lucknow/23-24 Dt 20/11/2023,"Under District Lucknow, Hostel construction work at Shiva Prasad Sanskrit Higher Secondary School in Chitwapur Punjabi Gandhinagar , Lot No 10",,,,,,,,,,,,,,,,Director Cum Chief Engineer RED||CHIEF ENGINEER EAST||SE LUCKNOW CIRCLE||EE LUCKNOW,,,,,,"2,482,427",,2024-04-08,Director Cum Chief Engineer RED||CHIEF ENGINEER EAST||SE LUCKNOW CIRCLE||EE LUCKNOW
2023_REDUP_871598_10,1769/EE RED Lucknow/23-24 Dt 20/11/2023,"Under District Lucknow, Hostel construction work at Shiva Prasad Sanskrit Higher Secondary School in Chitwapur Punjabi Gandhinagar , Lot No 10",,,,,,,,,,,,,,,,Director Cum Chief Engineer RED||CHIEF ENGINEER EAST||SE LUCKNOW CIRCLE||EE LUCKNOW,,,,,,"2,482,427",,2024-04-08,Director Cum Chief Engineer RED||CHIEF ENGINEER EAST||SE LUCKNOW CIRCLE||EE LUCKNOW
2023_REDUP_871598_3,1769/EE RED Lucknow/23-24 Dt 20/11/2023,"Under District Lucknow, Construction of Interlocking and Drain from Pragya Niketan to RK residence under Mohalla Saketpuri of Geetapalli Ward-54 , Lot No 3",,,,,,,,,,,,,,,,Director Cum Chief Engineer RED||CHIEF ENGINEER EAST||SE LUCKNOW CIRCLE||EE LUCKNOW,,,,,,"2,010,998",,2024-04-08,Director Cum Chief Engineer RED||CHIEF ENGINEER EAST||SE LUCKNOW CIRCLE||EE LUCKNOW
2023_REDUP_871598_5,1769/EE RED Lucknow/23-24 Dt 20/11/2023,"Under District Lucknow, Construction of Interlocking and Drain from Main Road to Hostel in Seva Dedication Institute Bindoua located in Mohanlalganj , Lot No 5",,,,,,,,,,,,,,,,Director Cum Chief Engineer RED||CHIEF ENGINEER EAST||SE LUCKNOW CIRCLE||EE LUCKNOW,,,,,,"2,010,998",,2024-04-08,Director Cum Chief Engineer RED||CHIEF ENGINEER EAST||SE LUCKNOW CIRCLE||EE LUCKNOW
2023_REDUP_869643_8,931/EE RED Ambedkarnagar/23-24 Dt 18/11/2023,"Under District Ambedkarnagar, CC road construction work on the route going to Rajaram house to Rajaram house in Gram Sabha Padaria Lot No 8",,,,,,,,,,,,,,,,Director Cum Chief Engineer RED||CHIEF ENGINEER EAST||SE FAIZABAD CIRCLE||EE AMBEDKAR NAGAR,,,,,,"1,176,527",,2024-04-16,Director Cum Chief Engineer RED||CHIEF ENGINEER EAST||SE FAIZABAD CIRCLE||EE AMBEDKAR NAGAR
2023_REDUP_869643_8,931/EE RED Ambedkarnagar/23-24 Dt 18/11/2023,"Under District Ambedkarnagar, CC road construction work on the route going to Rajaram house to Rajaram house in Gram Sabha Padaria Lot No 8",,,,,,,,,,,,,,,,Director Cum Chief Engineer RED||CHIEF ENGINEER EAST||SE FAIZABAD CIRCLE||EE AMBEDKAR NAGAR,,,,,,"1,176,527",,2024-04-16,Director Cum Chief Engineer RED||CHIEF ENGINEER EAST||SE FAIZABAD CIRCLE||EE AMBEDKAR NAGAR
2023_REDUP_869590_4,925/EE RED Ambedkarnagar/23-24 Dt 18/11/2023,"Under District Ambedkarnagar, The construction work of soil and khadanja from the tube well of Ram Ajor Shukla to Chitai Patti Khadanje on Rafiganj Chitai Patti connectivity under the development block Jalalpur. Lot No 4",,,,,,,,,,,,,,,,Director Cum Chief Engineer RED||CHIEF ENGINEER EAST||SE FAIZABAD CIRCLE||EE AMBEDKAR NAGAR,,,,,,"1,097,296",,2024-04-06,Director Cum Chief Engineer RED||CHIEF ENGINEER EAST||SE FAIZABAD CIRCLE||EE AMBEDKAR NAGAR
2023_REDUP_869590_4,925/EE RED Ambedkarnagar/23-24 Dt 18/11/2023,"Under District Ambedkarnagar, The construction work of soil and khadanja from the tube well of Ram Ajor Shukla to Chitai Patti Khadanje on Rafiganj Chitai Patti connectivity under the development block Jalalpur. Lot No 4",,,,,,,,,,,,,,,,Director Cum Chief Engineer RED||CHIEF ENGINEER EAST||SE FAIZABAD CIRCLE||EE AMBEDKAR NAGAR,,,,,,"1,097,296",,2024-04-06,Director Cum Chief Engineer RED||CHIEF ENGINEER EAST||SE FAIZABAD CIRCLE||EE AMBEDKAR NAGAR
2023_REDUP_869636_1,LETTAR NO 1411 DATE 18.11.2023,Jarha Me Primari School Se Lala Maurya Ke Makan Taq Interlocking And Nali Kary,,,,,,,,,,,,,,,,Director Cum Chief Engineer RED||CHIEF ENGINEER EAST||SE LUCKNOW CIRCLE||EE HARDOI,,,,,,"2,491,487",,2024-04-20,Director Cum Chief Engineer RED||CHIEF ENGINEER EAST||SE LUCKNOW CIRCLE||EE HARDOI
2023_REDUP_869636_1,LETTAR NO 1411 DATE 18.11.2023,Jarha Me Primari School Se Lala Maurya Ke Makan Taq Interlocking And Nali Kary,,,,,,,,,,,,,,,,Director Cum Chief Engineer RED||CHIEF ENGINEER EAST||SE LUCKNOW CIRCLE||EE HARDOI,,,,,,"2,491,487",,2024-04-20,Director Cum Chief Engineer RED||CHIEF ENGINEER EAST||SE LUCKNOW CIRCLE||EE HARDOI
2023_REDUP_869636_1,LETTAR NO 1411 DATE 18.11.2023,Jarha Me Primari School Se Lala Maurya Ke Makan Taq Interlocking And Nali Kary,,,,,,,,,,,,,,,,Director Cum Chief Engineer RED||CHIEF ENGINEER EAST||SE LUCKNOW CIRCLE||EE HARDOI,,,,,,"2,491,487",,2024-04-20,Director Cum Chief Engineer RED||CHIEF ENGINEER EAST||SE LUCKNOW CIRCLE||EE HARDOI
2023_REDUP_869537_19,918/EE RED Ambedkarnagar/23-24 Dt 16/11/2023,"Under District Ambedkarnagar, Soling work from Prime Minister road to Dalit settlement in front of PMGSY road in Majre Prahladapatti of Gram Sabha Sarangpur Lot No 19",,,,,,,,,,,,,,,,Director Cum Chief Engineer RED||CHIEF ENGINEER EAST||SE FAIZABAD CIRCLE||EE AMBEDKAR NAGAR,,,,,,"2,037,033",,2024-04-25,Director Cum Chief Engineer RED||CHIEF ENGINEER EAST||SE FAIZABAD CIRCLE||EE AMBEDKAR NAGAR
2023_REDUP_869537_20,918/EE RED Ambedkarnagar/23-24 Dt 16/11/2023,"Under District Ambedkarnagar, Interlocking construction work from Brahman Basti to Kannaujia Basti in village Nasedi Lot No 20",,,,,,,,,,,,,,,,Director Cum Chief Engineer RED||CHIEF ENGINEER EAST||SE FAIZABAD CIRCLE||EE AMBEDKAR NAGAR,,,,,,"1,381,384",,2024-04-16,Director Cum Chief Engineer RED||CHIEF ENGINEER EAST||SE FAIZABAD CIRCLE||EE AMBEDKAR NAGAR
2023_REDUP_869537_3,918/EE RED Ambedkarnagar/23-24 Dt 16/11/2023,"Under District Ambedkarnagar, Interlocking construction work from Jagram Rajbhar house to Ramsubhavan house in Gram Panchayat Nandupur Khas Lot No 3",,,,,,,,,,,,,,,,Director Cum Chief Engineer RED||CHIEF ENGINEER EAST||SE FAIZABAD CIRCLE||EE AMBEDKAR NAGAR,,,,,,"1,029,682",,2024-04-25,Director Cum Chief Engineer RED||CHIEF ENGINEER EAST||SE FAIZABAD CIRCLE||EE AMBEDKAR NAGAR
2023_REDUP_869537_2,918/EE RED Ambedkarnagar/23-24 Dt 16/11/2023,"Under District Ambedkarnagar, Interlocking construction work from Ankit Pandey house to Sharada Canal via Sonhan Dalit Basti in Puri Ka Poori Gram Sabha Lot No 2",,,,,,,,,,,,,,,,Director Cum Chief Engineer RED||CHIEF ENGINEER EAST||SE FAIZABAD CIRCLE||EE AMBEDKAR NAGAR,,,,,,"1,354,375",,2024-04-25,Director Cum Chief Engineer RED||CHIEF ENGINEER EAST||SE FAIZABAD CIRCLE||EE AMBEDKAR NAGAR
2023_REDUP_869537_3,918/EE RED Ambedkarnagar/23-24 Dt 16/11/2023,"Under District Ambedkarnagar, Interlocking construction work from Jagram Rajbhar house to Ramsubhavan house in Gram Panchayat Nandupur Khas Lot No 3",,,,,,,,,,,,,,,,Director Cum Chief Engineer RED||CHIEF ENGINEER EAST||SE FAIZABAD CIRCLE||EE AMBEDKAR NAGAR,,,,,,"1,029,682",,2024-04-25,Director Cum Chief Engineer RED||CHIEF ENGINEER EAST||SE FAIZABAD CIRCLE||EE AMBEDKAR NAGAR
2023_REDUP_869537_8,918/EE RED Ambedkarnagar/23-24 Dt 16/11/2023,"Under District Ambedkarnagar, Rubbermold interlocking work near the house of Shyambali Pal via Mainroad to Pal Basti in Gram Sabha Beluwa Bariyarpur. Lot No 8",,,,,,,,,,,,,,,,Director Cum Chief Engineer RED||CHIEF ENGINEER EAST||SE FAIZABAD CIRCLE||EE AMBEDKAR NAGAR,,,,,,"1,126,102",,2024-04-25,Director Cum Chief Engineer RED||CHIEF ENGINEER EAST||SE FAIZABAD CIRCLE||EE AMBEDKAR NAGAR
2023_REDUP_869537_8,918/EE RED Ambedkarnagar/23-24 Dt 16/11/2023,"Under District Ambedkarnagar, Rubbermold interlocking work near the house of Shyambali Pal via Mainroad to Pal Basti in Gram Sabha Beluwa Bariyarpur. Lot No 8",,,,,,,,,,,,,,,,Director Cum Chief Engineer RED||CHIEF ENGINEER EAST||SE FAIZABAD CIRCLE||EE AMBEDKAR NAGAR,,,,,,"1,126,102",,2024-04-25,Director Cum Chief Engineer RED||CHIEF ENGINEER EAST||SE FAIZABAD CIRCLE||EE AMBEDKAR NAGAR
2023_REDUP_869590_11,925/EE RED Ambedkarnagar/23-24 Dt 18/11/2023,"Under District Ambedkarnagar, CC Road construction work from Nevada Khurd Jai Prakash Chak to Nevada Khurd Basti. Lot No 11",,,,,,,,,,,,,,,,Director Cum Chief Engineer RED||CHIEF ENGINEER EAST||SE FAIZABAD CIRCLE||EE AMBEDKAR NAGAR,,,,,,"1,409,163",,2024-04-25,Director Cum Chief Engineer RED||CHIEF ENGINEER EAST||SE FAIZABAD CIRCLE||EE AMBEDKAR NAGAR
2023_REDUP_869590_11,925/EE RED Ambedkarnagar/23-24 Dt 18/11/2023,"Under District Ambedkarnagar, CC Road construction work from Nevada Khurd Jai Prakash Chak to Nevada Khurd Basti. Lot No 11",,,,,,,,,,,,,,,,Director Cum Chief Engineer RED||CHIEF ENGINEER EAST||SE FAIZABAD CIRCLE||EE AMBEDKAR NAGAR,,,,,,"1,409,163",,2024-04-25,Director Cum Chief Engineer RED||CHIEF ENGINEER EAST||SE FAIZABAD CIRCLE||EE AMBEDKAR NAGAR
2023_REDUP_869537_10,918/EE RED Ambedkarnagar/23-24 Dt 16/11/2023,"Under District Ambedkarnagar, Soil and Khadanja work from Gram Panchayat Verma Pratappur Link Marg to Sanjay Mishra house from Sanjay Mishra. Lot No 10",,,,,,,,,,,,,,,,Director Cum Chief Engineer RED||CHIEF ENGINEER EAST||SE FAIZABAD CIRCLE||EE AMBEDKAR NAGAR,,,,,,"1,669,479",,2024-04-25,Director Cum Chief Engineer RED||CHIEF ENGINEER EAST||SE FAIZABAD CIRCLE||EE AMBEDKAR NAGAR
2023_REDUP_869537_10,918/EE RED Ambedkarnagar/23-24 Dt 16/11/2023,"Under District Ambedkarnagar, Soil and Khadanja work from Gram Panchayat Verma Pratappur Link Marg to Sanjay Mishra house from Sanjay Mishra. Lot No 10",,,,,,,,,,,,,,,,Director Cum Chief Engineer RED||CHIEF ENGINEER EAST||SE FAIZABAD CIRCLE||EE AMBEDKAR NAGAR,,,,,,"1,669,479",,2024-04-25,Director Cum Chief Engineer RED||CHIEF ENGINEER EAST||SE FAIZABAD CIRCLE||EE AMBEDKAR NAGAR
2023_REDUP_869537_11,918/EE RED Ambedkarnagar/23-24 Dt 16/11/2023,"Under District Ambedkarnagar, Interlocking construction work from village Deeipur paved road to Fateh Bahadur Srivastava house Lot No 11",,,,,,,,,,,,,,,,Director Cum Chief Engineer RED||CHIEF ENGINEER EAST||SE FAIZABAD CIRCLE||EE AMBEDKAR NAGAR,,,,,,"1,281,685",,2024-04-16,Director Cum Chief Engineer RED||CHIEF ENGINEER EAST||SE FAIZABAD CIRCLE||EE AMBEDKAR NAGAR
2023_REDUP_869537_12,918/EE RED Ambedkarnagar/23-24 Dt 16/11/2023,"Under District Ambedkarnagar, Interlocking construction work from village Saidpur Rajjipur Purva to Shri Satyanarayana Upadhyay house from Shri Satyanarayan Upadhyay house to Shri Surendra Upadhyay and Shri Surendra Upadhyay house Lot No 12",,,,,,,,,,,,,,,,Director Cum Chief Engineer RED||CHIEF ENGINEER EAST||SE FAIZABAD CIRCLE||EE AMBEDKAR NAGAR,,,,,,"1,045,653",,2024-04-16,Director Cum Chief Engineer RED||CHIEF ENGINEER EAST||SE FAIZABAD CIRCLE||EE AMBEDKAR NAGAR
2023_REDUP_869537_15,918/EE RED Ambedkarnagar/23-24 Dt 16/11/2023,"Under District Ambedkarnagar, Rubbermold interlocking work in front of Ghanshyam Tiwari house via Harsinghpur Sheetla Kanaujia house. Lot No 15",,,,,,,,,,,,,,,,Director Cum Chief Engineer RED||CHIEF ENGINEER EAST||SE FAIZABAD CIRCLE||EE AMBEDKAR NAGAR,,,,,,"1,261,940",,2024-04-25,Director Cum Chief Engineer RED||CHIEF ENGINEER EAST||SE FAIZABAD CIRCLE||EE AMBEDKAR NAGAR
2023_REDUP_869537_16,918/EE RED Ambedkarnagar/23-24 Dt 16/11/2023,"Under District Ambedkarnagar, Construction of a unique community building in Gram Panchayat Bihra Jaganpur. Lot No 16",,,,,,,,,,,,,,,,Director Cum Chief Engineer RED||CHIEF ENGINEER EAST||SE FAIZABAD CIRCLE||EE AMBEDKAR NAGAR,,,,,,"1,647,761",,2024-04-25,Director Cum Chief Engineer RED||CHIEF ENGINEER EAST||SE FAIZABAD CIRCLE||EE AMBEDKAR NAGAR
2023_REDUP_869537_18,918/EE RED Ambedkarnagar/23-24 Dt 16/11/2023,"Under District Ambedkarnagar, Interlocking construction work from Omprakash Pandey house to Omprakash Verma house in Bhagwanpur village in Gram Panchayat Basantpur Lot No 18",,,,,,,,,,,,,,,,Director Cum Chief Engineer RED||CHIEF ENGINEER EAST||SE FAIZABAD CIRCLE||EE AMBEDKAR NAGAR,,,,,,"1,341,559",,2024-04-25,Director Cum Chief Engineer RED||CHIEF ENGINEER EAST||SE FAIZABAD CIRCLE||EE AMBEDKAR NAGAR
2023_REDUP_869537_18,918/EE RED Ambedkarnagar/23-24 Dt 16/11/2023,"Under District Ambedkarnagar, Interlocking construction work from Omprakash Pandey house to Omprakash Verma house in Bhagwanpur village in Gram Panchayat Basantpur Lot No 18",,,,,,,,,,,,,,,,Director Cum Chief Engineer RED||CHIEF ENGINEER EAST||SE FAIZABAD CIRCLE||EE AMBEDKAR NAGAR,,,,,,"1,341,559",,2024-04-25,Director Cum Chief Engineer RED||CHIEF ENGINEER EAST||SE FAIZABAD CIRCLE||EE AMBEDKAR NAGAR
2023_REDUP_869537_10,918/EE RED Ambedkarnagar/23-24 Dt 16/11/2023,"Under District Ambedkarnagar, Soil and Khadanja work from Gram Panchayat Verma Pratappur Link Marg to Sanjay Mishra house from Sanjay Mishra. Lot No 10",,,,,,,,,,,,,,,,Director Cum Chief Engineer RED||CHIEF ENGINEER EAST||SE FAIZABAD CIRCLE||EE AMBEDKAR NAGAR,,,,,,"1,669,479",,2024-04-25,Director Cum Chief Engineer RED||CHIEF ENGINEER EAST||SE FAIZABAD CIRCLE||EE AMBEDKAR NAGAR
2023_REDUP_867245_1,1832/RED Tender KUSHINAGAR,Vikas Khand Ramkola me gram Vishunpura me Khesasrari Nahar Adha Rai ke khet ke pas puliya nirmad Karya.,,,,,,,,,,,,,,,,Director Cum Chief Engineer RED||CHIEF ENGINEER EAST||SE GORAKHPUR CIRCLE||EE KUSHINAGAR,,,,,,100,,2024-04-05,Director Cum Chief Engineer RED||CHIEF ENGINEER EAST||SE GORAKHPUR CIRCLE||EE KUSHINAGAR
2023_REDUP_868608_1,2588/red/tender/unnao/23-24 dt-08-11-2023,Swtantrata Sangram Senani Parmeswardeen Lodhi ke Patrak Gram Gobraha me Interlocking Road evem Saoondaryeekarna ka karye,,,,,,,,,,,,,,,,Director Cum Chief Engineer RED||CHIEF ENGINEER EAST||SE LUCKNOW CIRCLE||EE UNNAO,,,,,,"1,104,866.3",,2024-04-02,Director Cum Chief Engineer RED||CHIEF ENGINEER EAST||SE LUCKNOW CIRCLE||EE UNNAO
2023_REDUP_867080_1,2535/red/tender/unnao/23-24 dt-03-11-2023,Gram Panchyat gaoora kala maza Bala Khera vikas khand Miyaganj me Guddu pasi ke Ghar se Bhudi pasi ke ghar tak interlocking Road ka Nirman karye.,,,,,,,,,,,,,,,,Director Cum Chief Engineer RED||CHIEF ENGINEER EAST||SE LUCKNOW CIRCLE||EE UNNAO,,,,,,"1,259,265.46",,2024-04-25,Director Cum Chief Engineer RED||CHIEF ENGINEER EAST||SE LUCKNOW CIRCLE||EE UNNAO
2023_REDUP_867080_1,2535/red/tender/unnao/23-24 dt-03-11-2023,Gram Panchyat gaoora kala maza Bala Khera vikas khand Miyaganj me Guddu pasi ke Ghar se Bhudi pasi ke ghar tak interlocking Road ka Nirman karye.,,,,,,,,,,,,,,,,Director Cum Chief Engineer RED||CHIEF ENGINEER EAST||SE LUCKNOW CIRCLE||EE UNNAO,,,,,,"1,259,265.46",,2024-04-25,Director Cum Chief Engineer RED||CHIEF ENGINEER EAST||SE LUCKNOW CIRCLE||EE UNNAO
2023_REDUP_867080_1,2535/red/tender/unnao/23-24 dt-03-11-2023,Gram Panchyat gaoora kala maza Bala Khera vikas khand Miyaganj me Guddu pasi ke Ghar se Bhudi pasi ke ghar tak interlocking Road ka Nirman karye.,,,,,,,,,,,,,,,,Director Cum Chief Engineer RED||CHIEF ENGINEER EAST||SE LUCKNOW CIRCLE||EE UNNAO,,,,,,"1,259,265.46",,2024-04-25,Director Cum Chief Engineer RED||CHIEF ENGINEER EAST||SE LUCKNOW CIRCLE||EE UNNAO
2023_REDUP_867080_1,2535/red/tender/unnao/23-24 dt-03-11-2023,Gram Panchyat gaoora kala maza Bala Khera vikas khand Miyaganj me Guddu pasi ke Ghar se Bhudi pasi ke ghar tak interlocking Road ka Nirman karye.,,,,,,,,,,,,,,,,Director Cum Chief Engineer RED||CHIEF ENGINEER EAST||SE LUCKNOW CIRCLE||EE UNNAO,,,,,,"1,259,265.46",,2024-04-25,Director Cum Chief Engineer RED||CHIEF ENGINEER EAST||SE LUCKNOW CIRCLE||EE UNNAO
2023_REDUP_867080_1,2535/red/tender/unnao/23-24 dt-03-11-2023,Gram Panchyat gaoora kala maza Bala Khera vikas khand Miyaganj me Guddu pasi ke Ghar se Bhudi pasi ke ghar tak interlocking Road ka Nirman karye.,,,,,,,,,,,,,,,,Director Cum Chief Engineer RED||CHIEF ENGINEER EAST||SE LUCKNOW CIRCLE||EE UNNAO,,,,,,"1,259,265.46",,2024-04-25,Director Cum Chief Engineer RED||CHIEF ENGINEER EAST||SE LUCKNOW CIRCLE||EE UNNAO
2023_REDUP_862662_16,"1351/RED/E-TENDER/2023-24, DATE 21.10.23",MEHRAUNA ME PD. DINDAYAL UPADHYAY AASHRAM PDHYATI VIDHYALAY JANE WALE MARG KA C.C. ROAD KA NIRMAN KARYA,,,,,,,,,,,,,,,,Director Cum Chief Engineer RED||CHIEF ENGINEER EAST||SE GORAKHPUR CIRCLE||EE DEORIA,,,,,,"1,610,201.67",,2024-04-29,Director Cum Chief Engineer RED||CHIEF ENGINEER EAST||SE GORAKHPUR CIRCLE||EE DEORIA
2023_REDUP_862662_16,"1351/RED/E-TENDER/2023-24, DATE 21.10.23",MEHRAUNA ME PD. DINDAYAL UPADHYAY AASHRAM PDHYATI VIDHYALAY JANE WALE MARG KA C.C. ROAD KA NIRMAN KARYA,,,,,,,,,,,,,,,,Director Cum Chief Engineer RED||CHIEF ENGINEER EAST||SE GORAKHPUR CIRCLE||EE DEORIA,,,,,,"1,610,201.67",,2024-04-29,Director Cum Chief Engineer RED||CHIEF ENGINEER EAST||SE GORAKHPUR CIRCLE||EE DEORIA
2023_REDUP_862662_16,"1351/RED/E-TENDER/2023-24, DATE 21.10.23",MEHRAUNA ME PD. DINDAYAL UPADHYAY AASHRAM PDHYATI VIDHYALAY JANE WALE MARG KA C.C. ROAD KA NIRMAN KARYA,,,,,,,,,,,,,,,,Director Cum Chief Engineer RED||CHIEF ENGINEER EAST||SE GORAKHPUR CIRCLE||EE DEORIA,,,,,,"1,610,201.67",,2024-04-29,Director Cum Chief Engineer RED||CHIEF ENGINEER EAST||SE GORAKHPUR CIRCLE||EE DEORIA
2023_REDUP_857568_2,652/EE/RED-Gonda/23-24 Date 28/08/2023,Aganwadi Kendra Badgaon Khaira ka Nirman Prathmik Vidhalaya Khaira (Balak) me Nirman Karya,,,,,,,,,,,,,,,,Director Cum Chief Engineer RED||CHIEF ENGINEER EAST||SE DEVIPATAN CIRCLE||EE GONDA,,,,,,"897,349.41",,2024-04-20,Director Cum Chief Engineer RED||CHIEF ENGINEER EAST||SE DEVIPATAN CIRCLE||EE GONDA
2023_REDUP_857568_3,652/EE/RED-Gonda/23-24 Date 28/08/2023,Arth avam Sankya Adhikari Karyalaya me Sankhikiye Pravaidhik Kaksha ki Sthapana ka Karya,,,,,,,,,,,,,,,,Director Cum Chief Engineer RED||CHIEF ENGINEER EAST||SE DEVIPATAN CIRCLE||EE GONDA,,,,,,"183,722.63",,2024-04-20,Director Cum Chief Engineer RED||CHIEF ENGINEER EAST||SE DEVIPATAN CIRCLE||EE GONDA
2023_REDUP_858983_3,1778/EE/RED/DATE-25-10-2023,Electrification of 02 Extra Room Varandah and Principal Room in Primary School in Raipur Bijju Block Noorpur Distt Bijnor,,,,,,,,,,,,,,,,Director Cum Chief Engineer RED||CHIEF ENGINEER WEST||SE MORADABAD CIRCLE||EE BIJNOR,,,,,,"1,378,042",,2024-04-01,Director Cum Chief Engineer RED||CHIEF ENGINEER WEST||SE MORADABAD CIRCLE||EE BIJNOR
2023_REDUP_858983_3,1778/EE/RED/DATE-25-10-2023,Electrification of 02 Extra Room Varandah and Principal Room in Primary School in Raipur Bijju Block Noorpur Distt Bijnor,,,,,,,,,,,,,,,,Director Cum Chief Engineer RED||CHIEF ENGINEER WEST||SE MORADABAD CIRCLE||EE BIJNOR,,,,,,"1,378,042",,2024-04-01,Director Cum Chief Engineer RED||CHIEF ENGINEER WEST||SE MORADABAD CIRCLE||EE BIJNOR
2023_REDUP_855517_3,763/EE RED AMBEDKARNAGAR/23-24 Dt 7-10-23,"Under District Ambedkarnagar, Construction of CC Road and Hume Pipe Drain from Awadhesh Verma house to Ultratech Cement Factory in Hunsepur Lot No 3",,,,,,,,,,,,,,,,Director Cum Chief Engineer RED||CHIEF ENGINEER EAST||SE FAIZABAD CIRCLE||EE AMBEDKAR NAGAR,,,,,,"2,497,120",,2024-04-16,Director Cum Chief Engineer RED||CHIEF ENGINEER EAST||SE FAIZABAD CIRCLE||EE AMBEDKAR NAGAR
2023_REDUP_855517_5,763/EE RED AMBEDKARNAGAR/23-24 Dt 7-10-23,"Under District Ambedkarnagar, Construction of CC road from Taravati house to Sarvesh Gupta house in village Samaisa Khan. Lot No 5",,,,,,,,,,,,,,,,Director Cum Chief Engineer RED||CHIEF ENGINEER EAST||SE FAIZABAD CIRCLE||EE AMBEDKAR NAGAR,,,,,,"1,977,649",,2024-04-16,Director Cum Chief Engineer RED||CHIEF ENGINEER EAST||SE FAIZABAD CIRCLE||EE AMBEDKAR NAGAR
2023_REDUP_855517_6,763/EE RED AMBEDKARNAGAR/23-24 Dt 7-10-23,"Under District Ambedkarnagar, Construction work of CC road from village Marela Primary School to Kallu Rajbhar house. Lot No 6",,,,,,,,,,,,,,,,Director Cum Chief Engineer RED||CHIEF ENGINEER EAST||SE FAIZABAD CIRCLE||EE AMBEDKAR NAGAR,,,,,,"2,369,670",,2024-04-16,Director Cum Chief Engineer RED||CHIEF ENGINEER EAST||SE FAIZABAD CIRCLE||EE AMBEDKAR NAGAR
2023_REDUP_855517_7,763/EE RED AMBEDKARNAGAR/23-24 Dt 7-10-23,"Under District Ambedkarnagar, Construction of CC road from village Tarakhurd Phoolchand Yadav house to Jairam Yadav farm. Lot No 7",,,,,,,,,,,,,,,,Director Cum Chief Engineer RED||CHIEF ENGINEER EAST||SE FAIZABAD CIRCLE||EE AMBEDKAR NAGAR,,,,,,"2,005,646",,2024-04-16,Director Cum Chief Engineer RED||CHIEF ENGINEER EAST||SE FAIZABAD CIRCLE||EE AMBEDKAR NAGAR
2023_REDUP_829515_5,591/EE/RED/TENDER/23-24 dt- 12-07-23,CONSTRUCTION OF cc road from kamal singh house to virma house in jajau,,,,,,,,,,,,,,,,Director Cum Chief Engineer RED||CHIEF ENGINEER WEST||SE AGRA CIRCLE||EE AGRA,,,,,,"1,343,982.523",,2024-04-19,Director Cum Chief Engineer RED||CHIEF ENGINEER WEST||SE AGRA CIRCLE||EE AGRA
2023_REDUP_829515_6,591/EE/RED/TENDER/23-24 dt- 12-07-23,CONSTRUCTION OF cc road from santosh house to omprakash room in jajau,,,,,,,,,,,,,,,,Director Cum Chief Engineer RED||CHIEF ENGINEER WEST||SE AGRA CIRCLE||EE AGRA,,,,,,"403,058.32",,2024-04-19,Director Cum Chief Engineer RED||CHIEF ENGINEER WEST||SE AGRA CIRCLE||EE AGRA
2023_REDUP_829515_7,591/EE/RED/TENDER/23-24 dt- 12-07-23,CONSTRUCTION OF cc road from bhura house to omee lavania house in village gadmukkha,,,,,,,,,,,,,,,,Director Cum Chief Engineer RED||CHIEF ENGINEER WEST||SE AGRA CIRCLE||EE AGRA,,,,,,"1,865,266.506",,2024-04-19,Director Cum Chief Engineer RED||CHIEF ENGINEER WEST||SE AGRA CIRCLE||EE AGRA
2023_REDUP_829515_8,591/EE/RED/TENDER/23-24 dt- 12-07-23,CONSTRUCTION OF cc road from surendra sharma house to rajkumar bansal house in ramchandrapuri,,,,,,,,,,,,,,,,Director Cum Chief Engineer RED||CHIEF ENGINEER WEST||SE AGRA CIRCLE||EE AGRA,,,,,,"510,791.055",,2024-04-19,Director Cum Chief Engineer RED||CHIEF ENGINEER WEST||SE AGRA CIRCLE||EE AGRA
2023_REDUP_829580_6,1939/red/tender/unnao/2023-24 date-02-08-2023,Rajkiya Balika Inter collage Ganjmuradabad Unnao me Computer lab ka Nirman karye.,,,,,,,,,,,,,,,,Director Cum Chief Engineer RED||CHIEF ENGINEER EAST||SE LUCKNOW CIRCLE||EE UNNAO,,,,,,"1,041,282.84",,2024-04-25,Director Cum Chief Engineer RED||CHIEF ENGINEER EAST||SE LUCKNOW CIRCLE||EE UNNAO
2023_REDUP_834469_1,321/RED BHADOHI/23-24 Date-04-08-2023,Alampur Kabhristan ke bagal Sahjad ke Makan se Nijam ke Mod hote hue Rasid ke ghar tak awm Anus ke ghar ke samne gali se Ghamhapur Hafiz ke Makan tak Interlocking ka nirman kary.,,,,,,,,,,,,,,,,Director Cum Chief Engineer RED||CHIEF ENGINEER EAST||SE MIRZAPUR CIRCLE||EE BHADOHI,,,,,,"1,558,046",,2024-04-01,Director Cum Chief Engineer RED||CHIEF ENGINEER EAST||SE MIRZAPUR CIRCLE||EE BHADOHI
2023_REDUP_825416_1,1077/RED/TENDER/UNNAO/2022-23 DATE 07-07-2023,Gram Panchyat Haripur me Rajkumar ke Makan se Ginnari baba Sthan ki Our CC Road ka Nirmna karye,,,,,,,,,,,,,,,,Director Cum Chief Engineer RED||CHIEF ENGINEER EAST||SE LUCKNOW CIRCLE||EE UNNAO,,,,,,"1,694,365.53",,2024-04-25,Director Cum Chief Engineer RED||CHIEF ENGINEER EAST||SE LUCKNOW CIRCLE||EE UNNAO
2023_REDUP_827485_1,1004/EE/RED/MRT/Dt-18-07-23,Ganpati vihar gali no.2 me krishnpal ke makaan se mahaveer ke makaan tatha sushil som ke samane 30 M interlocking tiles road niman karya.,,,,,,,,,,,,,,,,Director Cum Chief Engineer RED||CHIEF ENGINEER WEST||SE MEERUT CIRCLE||EE MEERUT,,,,,,"2,487,330",,2024-04-08,Director Cum Chief Engineer RED||CHIEF ENGINEER WEST||SE MEERUT CIRCLE||EE MEERUT
2023_REDUP_827485_1,1004/EE/RED/MRT/Dt-18-07-23,Ganpati vihar gali no.2 me krishnpal ke makaan se mahaveer ke makaan tatha sushil som ke samane 30 M interlocking tiles road niman karya.,,,,,,,,,,,,,,,,Director Cum Chief Engineer RED||CHIEF ENGINEER WEST||SE MEERUT CIRCLE||EE MEERUT,,,,,,"2,487,330",,2024-04-08,Director Cum Chief Engineer RED||CHIEF ENGINEER WEST||SE MEERUT CIRCLE||EE MEERUT
2023_REDUP_827496_1,1004/EE/RED/MRT/Dt-18-07-23,ISHAPURAM HANUMAN MANDIR KE SAMNE WALI GALI NIRMAN SE BACHI INTERLOCKING TILES SADAK KARYA,,,,,,,,,,,,,,,,Director Cum Chief Engineer RED||CHIEF ENGINEER WEST||SE MEERUT CIRCLE||EE MEERUT,,,,,,"1,053,768",,2024-04-08,Director Cum Chief Engineer RED||CHIEF ENGINEER WEST||SE MEERUT CIRCLE||EE MEERUT
2023_REDUP_829515_1,591/EE/RED/TENDER/23-24 dt- 12-07-23,CONSTRUCTION OF cc road from shed mata chabutara to nanika kushwaha house in bargawan khurd,,,,,,,,,,,,,,,,Director Cum Chief Engineer RED||CHIEF ENGINEER WEST||SE AGRA CIRCLE||EE AGRA,,,,,,"451,991.899",,2024-04-19,Director Cum Chief Engineer RED||CHIEF ENGINEER WEST||SE AGRA CIRCLE||EE AGRA
2023_REDUP_829515_13,591/EE/RED/TENDER/23-24 dt- 12-07-23,CONSTRUCTION OF interlocking in mokshdham parisar of nagla kaare,,,,,,,,,,,,,,,,Director Cum Chief Engineer RED||CHIEF ENGINEER WEST||SE AGRA CIRCLE||EE AGRA,,,,,,"1,427,591.229",,2024-04-19,Director Cum Chief Engineer RED||CHIEF ENGINEER WEST||SE AGRA CIRCLE||EE AGRA
2023_REDUP_829515_4,591/EE/RED/TENDER/23-24 dt- 12-07-23,CONSTRUCTION OF cc road from ravindra solanki house upto chhatri mandir in kagarol,,,,,,,,,,,,,,,,Director Cum Chief Engineer RED||CHIEF ENGINEER WEST||SE AGRA CIRCLE||EE AGRA,,,,,,"2,490,041.864",,2024-04-19,Director Cum Chief Engineer RED||CHIEF ENGINEER WEST||SE AGRA CIRCLE||EE AGRA
2023_REDUP_829515_1,591/EE/RED/TENDER/23-24 dt- 12-07-23,CONSTRUCTION OF cc road from shed mata chabutara to nanika kushwaha house in bargawan khurd,,,,,,,,,,,,,,,,Director Cum Chief Engineer RED||CHIEF ENGINEER WEST||SE AGRA CIRCLE||EE AGRA,,,,,,"451,991.899",,2024-04-19,Director Cum Chief Engineer RED||CHIEF ENGINEER WEST||SE AGRA CIRCLE||EE AGRA
2023_REDUP_829515_4,591/EE/RED/TENDER/23-24 dt- 12-07-23,CONSTRUCTION OF cc road from ravindra solanki house upto chhatri mandir in kagarol,,,,,,,,,,,,,,,,Director Cum Chief Engineer RED||CHIEF ENGINEER WEST||SE AGRA CIRCLE||EE AGRA,,,,,,"2,490,041.864",,2024-04-19,Director Cum Chief Engineer RED||CHIEF ENGINEER WEST||SE AGRA CIRCLE||EE AGRA
2023_REDUP_813792_22,175/EE RED AMBEDKARNAGAR/23-24 DT 8-6-23,"Under District Ambedkarnagar, CC ROAD work from Dhavaruva Sarafa Gali to Shri Ram Kewal house Jalalpur Lot No 22",,,,,,,,,,,,,,,,Director Cum Chief Engineer RED||CHIEF ENGINEER EAST||SE FAIZABAD CIRCLE||EE AMBEDKAR NAGAR,,,,,,"1,018,068.44",,2024-04-25,Director Cum Chief Engineer RED||CHIEF ENGINEER EAST||SE FAIZABAD CIRCLE||EE AMBEDKAR NAGAR
2023_REDUP_813792_22,175/EE RED AMBEDKARNAGAR/23-24 DT 8-6-23,"Under District Ambedkarnagar, CC ROAD work from Dhavaruva Sarafa Gali to Shri Ram Kewal house Jalalpur Lot No 22",,,,,,,,,,,,,,,,Director Cum Chief Engineer RED||CHIEF ENGINEER EAST||SE FAIZABAD CIRCLE||EE AMBEDKAR NAGAR,,,,,,"1,018,068.44",,2024-04-25,Director Cum Chief Engineer RED||CHIEF ENGINEER EAST||SE FAIZABAD CIRCLE||EE AMBEDKAR NAGAR
2023_REDUP_813792_27,175/EE RED AMBEDKARNAGAR/23-24 DT 8-6-23,"Under District Ambedkarnagar, Gram Sabha Vangaon Dihwa Main Pitch Road to Shri Tiranju Rajbhar shop to CC ROAD Works Akbarpur Lot No 27",,,,,,,,,,,,,,,,Director Cum Chief Engineer RED||CHIEF ENGINEER EAST||SE FAIZABAD CIRCLE||EE AMBEDKAR NAGAR,,,,,,"1,131,600.95",,2024-04-25,Director Cum Chief Engineer RED||CHIEF ENGINEER EAST||SE FAIZABAD CIRCLE||EE AMBEDKAR NAGAR
2023_REDUP_813792_35,175/EE RED AMBEDKARNAGAR/23-24 DT 8-6-23,"Under District Ambedkarnagar, From Maya Tanda Road to Rasulpur Mosque Lepan Tanda Lot No 35",,,,,,,,,,,,,,,,Director Cum Chief Engineer RED||CHIEF ENGINEER EAST||SE FAIZABAD CIRCLE||EE AMBEDKAR NAGAR,,,,,,"1,080,459.05",,2024-04-25,Director Cum Chief Engineer RED||CHIEF ENGINEER EAST||SE FAIZABAD CIRCLE||EE AMBEDKAR NAGAR
2023_REDUP_813792_35,175/EE RED AMBEDKARNAGAR/23-24 DT 8-6-23,"Under District Ambedkarnagar, From Maya Tanda Road to Rasulpur Mosque Lepan Tanda Lot No 35",,,,,,,,,,,,,,,,Director Cum Chief Engineer RED||CHIEF ENGINEER EAST||SE FAIZABAD CIRCLE||EE AMBEDKAR NAGAR,,,,,,"1,080,459.05",,2024-04-25,Director Cum Chief Engineer RED||CHIEF ENGINEER EAST||SE FAIZABAD CIRCLE||EE AMBEDKAR NAGAR
2023_PWDBL_874876_9,2808/E-Tender/2023-24 dt. 11.12.2023,Lal Bahadur Shastri Marg sthit aawas no-4 me aantarik rangai putai ka karya.,,,,,,,,,,,,,,,,Chief Engineer (Building)||S E 39 Circle PWD Lucknow||Maintenance Division 2 (Civil) PWD Lucknow,,,,,,"188,229.07",,2024-04-26,Chief Engineer (Building)||S E 39 Circle PWD Lucknow||Maintenance Division 2 (Civil) PWD Lucknow
2023_PWDBL_861059_26,2441/E-Tender/2023-24 dt. 18.10.2023,Vidhayak Nivas-1 sthit awas no. 98B  me avshesh dainye bathroom ke purn navinikaran aven Anya awashyak karya,,,,,,,,,,,,,,,,Chief Engineer (Building)||S E 39 Circle PWD Lucknow||Maintenance Division 2 (Civil) PWD Lucknow,,,,,,"134,467",,2024-04-10,Chief Engineer (Building)||S E 39 Circle PWD Lucknow||Maintenance Division 2 (Civil) PWD Lucknow
2023_DVVNL_873276_1,146/EDCE/2023-24,146/EDCE/2023-24,,,,,,,,,,,,,,,,Dakshinanchal Vidyut Vitran Nigam Ltd.,,,,,,"200,723.9",,2024-04-24,Dakshinanchal Vidyut Vitran Nigam Ltd.
2023_DVVNL_873276_1,146/EDCE/2023-24,146/EDCE/2023-24,,,,,,,,,,,,,,,,Dakshinanchal Vidyut Vitran Nigam Ltd.,,,,,,"200,723.9",,2024-04-24,Dakshinanchal Vidyut Vitran Nigam Ltd.
2023_DVVNL_839378_1,76/EDCE/2023-24,76/EDCE/2023-24,,,,,,,,,,,,,,,,Dakshinanchal Vidyut Vitran Nigam Ltd.,,,,,,,,2024-04-24,Dakshinanchal Vidyut Vitran Nigam Ltd.
2023_DVVNL_839378_1,76/EDCE/2023-24,76/EDCE/2023-24,,,,,,,,,,,,,,,,Dakshinanchal Vidyut Vitran Nigam Ltd.,,,,,,,,2024-04-24,Dakshinanchal Vidyut Vitran Nigam Ltd.
2023_DVVNL_839430_1,79/EDCE/2023-24,79/EDCE/2023-24,,,,,,,,,,,,,,,,Dakshinanchal Vidyut Vitran Nigam Ltd.,,,,,,,,2024-04-24,Dakshinanchal Vidyut Vitran Nigam Ltd.
2023_DVVNL_843746_2,90/EDCE/2023-24,90/EDCE/2023-24,,,,,,,,,,,,,,,,Dakshinanchal Vidyut Vitran Nigam Ltd.,,,,,,,,2024-04-25,Dakshinanchal Vidyut Vitran Nigam Ltd.
2023_DVVNL_851145_1,129/EDCE/2023-24,129/EDCE/2023-24,,,,,,,,,,,,,,,,Dakshinanchal Vidyut Vitran Nigam Ltd.,,,,,,,,2024-04-24,Dakshinanchal Vidyut Vitran Nigam Ltd.
2023_DVVNL_869135_1,143/EDCE/2023-24,143/EDCE/2023-24,,,,,,,,,,,,,,,,Dakshinanchal Vidyut Vitran Nigam Ltd.,,,,,,"399,830.26",,2024-04-24,Dakshinanchal Vidyut Vitran Nigam Ltd.
2023_DVVNL_869135_1,143/EDCE/2023-24,143/EDCE/2023-24,,,,,,,,,,,,,,,,Dakshinanchal Vidyut Vitran Nigam Ltd.,,,,,,"399,830.26",,2024-04-24,Dakshinanchal Vidyut Vitran Nigam Ltd.
2023_DVVNL_872217_1,60/EDCA/2023-24,FOR THE WORK OF INSTALLATION OF SINGLE PHASE METERS AT THE IDF CONSUMER PREMISES ALONG WITH OTHER ASSOCIATED WORKS UNDER EDC-1 AGRA.,,,,,,,,,,,,,,,,Dakshinanchal Vidyut Vitran Nigam Ltd.,,,,,,"500,000",,2024-04-16,Dakshinanchal Vidyut Vitran Nigam Ltd.
2023_DVVNL_873255_1,144/EDCE/2023-24,144/EDCE/2023-24,,,,,,,,,,,,,,,,Dakshinanchal Vidyut Vitran Nigam Ltd.,,,,,,"199,804.24",,2024-04-24,Dakshinanchal Vidyut Vitran Nigam Ltd.
2023_DOLBU_872787_1,Ward 48 FFC,Ward number 48 Lohiya park ke aaspaas tatha vibhinn Galiyon Mein CC Sadak aur Nali Nirman ka Karya,,,,,,,,,,,,,,,,Directorate of Local Bodies UP||Gorakhpur Municipal Corporation,,,,,,"1,043,677.297",,2024-04-25,Directorate of Local Bodies UP||Gorakhpur Municipal Corporation
2023_DOLBU_872767_1,NNG ward 56,Ward number 56 gopalapur Dhale se Puliya Tak RCC Nali Nirman ka Karya,,,,,,,,,,,,,,,,Directorate of Local Bodies UP||Gorakhpur Municipal Corporation,,,,,,"1,239,766.856",,2024-04-12,Directorate of Local Bodies UP||Gorakhpur Municipal Corporation
2023_DOLBU_872778_1,FFC Ward 9,ward 9 nakaha me prince lan sristi lan tak cc sadak aur rcc nali nirman kary,,,,,,,,,,,,,,,,Directorate of Local Bodies UP||Gorakhpur Municipal Corporation,,,,,,"973,317.753",,2024-04-18,Directorate of Local Bodies UP||Gorakhpur Municipal Corporation
2023_DOLBU_872778_1,FFC Ward 9,ward 9 nakaha me prince lan sristi lan tak cc sadak aur rcc nali nirman kary,,,,,,,,,,,,,,,,Directorate of Local Bodies UP||Gorakhpur Municipal Corporation,,,,,,"973,317.753",,2024-04-18,Directorate of Local Bodies UP||Gorakhpur Municipal Corporation
2023_DOLBU_870511_1,NCAP Ward 25,Ward number 25 girdharganj Mahadeva Jharkhandi devriya mukhya Marg se Pradushan Chauraha Hote Hue Puliya Tak Sadak ke donon Patari per road dust management Hetu and Tu and paving ka Karya,,,,,,,,,,,,,,,,Directorate of Local Bodies UP||Gorakhpur Municipal Corporation,,,,,,"2,876,895.15",,2024-04-09,Directorate of Local Bodies UP||Gorakhpur Municipal Corporation
2023_DOLBU_868708_1,Ward 13 2nd FFC,Ward number 13 sanjhai me awdhesh ke makan se govind ke makan tak tatha aaspas ki galiyon me cc sadak aur nali nirman,,,,,,,,,,,,,,,,Directorate of Local Bodies UP||Gorakhpur Municipal Corporation,,,,,,"888,883.136",,2024-04-26,Directorate of Local Bodies UP||Gorakhpur Municipal Corporation
2023_DOLBU_869026_1,Ward 58 2nd FFC,Ward number 58 paalu ke Makan se Jaakir ke Makan Tak CC Sadak Ka Nirman Karya,,,,,,,,,,,,,,,,Directorate of Local Bodies UP||Gorakhpur Municipal Corporation,,,,,,"1,084,505.291",,2024-04-18,Directorate of Local Bodies UP||Gorakhpur Municipal Corporation
2023_DOLBU_869026_1,Ward 58 2nd FFC,Ward number 58 paalu ke Makan se Jaakir ke Makan Tak CC Sadak Ka Nirman Karya,,,,,,,,,,,,,,,,Directorate of Local Bodies UP||Gorakhpur Municipal Corporation,,,,,,"1,084,505.291",,2024-04-18,Directorate of Local Bodies UP||Gorakhpur Municipal Corporation
2023_DOLBU_869026_1,Ward 58 2nd FFC,Ward number 58 paalu ke Makan se Jaakir ke Makan Tak CC Sadak Ka Nirman Karya,,,,,,,,,,,,,,,,Directorate of Local Bodies UP||Gorakhpur Municipal Corporation,,,,,,"1,084,505.291",,2024-04-18,Directorate of Local Bodies UP||Gorakhpur Municipal Corporation
2023_DOLBU_869665_5,356_CMNSY_23-24_11-12-23,RCC Nala Construction Work,,,,,,,,,,,,,,,,Directorate of Local Bodies UP||Nagar Panchayat Munderabazar Gorakhpur,,,,,,"3,993,094.069",,2024-04-23,Directorate of Local Bodies UP||Nagar Panchayat Munderabazar Gorakhpur
2023_DOLBU_869665_5,356_CMNSY_23-24_11-12-23,RCC Nala Construction Work,,,,,,,,,,,,,,,,Directorate of Local Bodies UP||Nagar Panchayat Munderabazar Gorakhpur,,,,,,"3,993,094.069",,2024-04-23,Directorate of Local Bodies UP||Nagar Panchayat Munderabazar Gorakhpur
2023_DOLBU_869665_6,356_CMNSY_23-24_11-12-23,RCC Nala Ke Upar Slab Construction Work,,,,,,,,,,,,,,,,Directorate of Local Bodies UP||Nagar Panchayat Munderabazar Gorakhpur,,,,,,"1,218,162.818",,2024-04-23,Directorate of Local Bodies UP||Nagar Panchayat Munderabazar Gorakhpur
2023_DOLBU_870511_1,NCAP Ward 25,Ward number 25 girdharganj Mahadeva Jharkhandi devriya mukhya Marg se Pradushan Chauraha Hote Hue Puliya Tak Sadak ke donon Patari per road dust management Hetu and Tu and paving ka Karya,,,,,,,,,,,,,,,,Directorate of Local Bodies UP||Gorakhpur Municipal Corporation,,,,,,"2,876,895.15",,2024-04-09,Directorate of Local Bodies UP||Gorakhpur Municipal Corporation
2023_DOLBU_870511_1,NCAP Ward 25,Ward number 25 girdharganj Mahadeva Jharkhandi devriya mukhya Marg se Pradushan Chauraha Hote Hue Puliya Tak Sadak ke donon Patari per road dust management Hetu and Tu and paving ka Karya,,,,,,,,,,,,,,,,Directorate of Local Bodies UP||Gorakhpur Municipal Corporation,,,,,,"2,876,895.15",,2024-04-09,Directorate of Local Bodies UP||Gorakhpur Municipal Corporation
2023_DOLBU_868702_1,Ward 10 2nd FFC,Ward number 10 shree bhawan se chhotu ke makan ke pass tak cc sadak nirman,,,,,,,,,,,,,,,,Directorate of Local Bodies UP||Gorakhpur Municipal Corporation,,,,,,"852,126.631",,2024-04-26,Directorate of Local Bodies UP||Gorakhpur Municipal Corporation
2023_DOLBU_847221_1,FFC_65,Ward number 65 Krishna Mohan Pande Nagar Mein rete Sahab Dharmshala Park mein Charon Taraf CC Sadak aur Nali Nirman ka Karya,,,,,,,,,,,,,,,,Directorate of Local Bodies UP||Gorakhpur Municipal Corporation,,,,,,"901,621.523",,2024-04-08,Directorate of Local Bodies UP||Gorakhpur Municipal Corporation
2023_DOLBU_847233_1,FFC_67,Ward number 67 mohaddipur tajhaj a Shailesh Gupta ke Makan Hote hue Ramesh Nishad ke Makan Tak Nali aur Shishi Sadak aur Pradeep Nishad ke Makan se Janardan Tiwari ke Makan Tak CC Sadak Nirman ka Karya,,,,,,,,,,,,,,,,Directorate of Local Bodies UP||Gorakhpur Municipal Corporation,,,,,,"1,017,364.277",,2024-04-05,Directorate of Local Bodies UP||Gorakhpur Municipal Corporation
2023_DOLBU_847375_1,FFC_72,Ward number 72 mukhya Marg se Bansgaon Colony Mein ACC office se Subhash Singh Hote Hue Abhimanyu Singh ke Makan Tak CC Sadak aur Nali Nirman,,,,,,,,,,,,,,,,Directorate of Local Bodies UP||Gorakhpur Municipal Corporation,,,,,,"1,092,065.558",,2024-04-05,Directorate of Local Bodies UP||Gorakhpur Municipal Corporation
2023_DOLBU_847375_1,FFC_72,Ward number 72 mukhya Marg se Bansgaon Colony Mein ACC office se Subhash Singh Hote Hue Abhimanyu Singh ke Makan Tak CC Sadak aur Nali Nirman,,,,,,,,,,,,,,,,Directorate of Local Bodies UP||Gorakhpur Municipal Corporation,,,,,,"1,092,065.558",,2024-04-05,Directorate of Local Bodies UP||Gorakhpur Municipal Corporation
2023_DOLBU_845288_1,FFC_Ward_01,Ward 01 Abhishek nagar me savita singh se mina diwedi ke makan tak cc sadak nirman kary,,,,,,,,,,,,,,,,Directorate of Local Bodies UP||Gorakhpur Municipal Corporation,,,,,,"927,273.489",,2024-04-05,Directorate of Local Bodies UP||Gorakhpur Municipal Corporation
2023_DOLBU_845293_1,FFC_Ward_03,Ward number 03 khorabar me sanjiv singh ke makan se gabbu paswan tak cc sadak nirman kary,,,,,,,,,,,,,,,,Directorate of Local Bodies UP||Gorakhpur Municipal Corporation,,,,,,"1,096,530.886",,2024-04-05,Directorate of Local Bodies UP||Gorakhpur Municipal Corporation
2023_DOLBU_845296_1,Ward_ward_04,Ward number 04 rambhushan mishra ke makan se ashok singh ke makan hote huye shree harishchand ke makan tak cc sadak nirman kary,,,,,,,,,,,,,,,,Directorate of Local Bodies UP||Gorakhpur Municipal Corporation,,,,,,"946,277.229",,2024-04-05,Directorate of Local Bodies UP||Gorakhpur Municipal Corporation
2023_DOLBU_845305_1,FFC_Ward_04,ward number 04 subhas ke makan se shree sanjay nath tiwari ke makan tak cc sadak aur rcc nali ka kary,,,,,,,,,,,,,,,,Directorate of Local Bodies UP||Gorakhpur Municipal Corporation,,,,,,"1,796,719.568",,2024-04-05,Directorate of Local Bodies UP||Gorakhpur Municipal Corporation
2023_DOLBU_845913_1,FFC_24,Ward number 24 Mein indal ke Makan se Kuldeep ke Makan Tak aur vibhinn Galiyon Mein RCC Nali aur CC Sadak Ka Nirman Karya,,,,,,,,,,,,,,,,Directorate of Local Bodies UP||Gorakhpur Municipal Corporation,,,,,,"1,058,025.297",,2024-04-05,Directorate of Local Bodies UP||Gorakhpur Municipal Corporation
2023_DOLBU_846211_1,FFC_37,Ward number 37 bharvaliya Mein Shri Ram Aadhar ke Makan se Mahendra Pratap Singh ke Makan Tak RCC Nali V CC Sadak Ka Nirman Karya,,,,,,,,,,,,,,,,Directorate of Local Bodies UP||Gorakhpur Municipal Corporation,,,,,,"1,023,782.981",,2024-04-18,Directorate of Local Bodies UP||Gorakhpur Municipal Corporation
2023_DOLBU_846211_1,FFC_37,Ward number 37 bharvaliya Mein Shri Ram Aadhar ke Makan se Mahendra Pratap Singh ke Makan Tak RCC Nali V CC Sadak Ka Nirman Karya,,,,,,,,,,,,,,,,Directorate of Local Bodies UP||Gorakhpur Municipal Corporation,,,,,,"1,023,782.981",,2024-04-18,Directorate of Local Bodies UP||Gorakhpur Municipal Corporation
2023_DOLBU_846211_1,FFC_37,Ward number 37 bharvaliya Mein Shri Ram Aadhar ke Makan se Mahendra Pratap Singh ke Makan Tak RCC Nali V CC Sadak Ka Nirman Karya,,,,,,,,,,,,,,,,Directorate of Local Bodies UP||Gorakhpur Municipal Corporation,,,,,,"1,023,782.981",,2024-04-18,Directorate of Local Bodies UP||Gorakhpur Municipal Corporation
2023_DOLBU_846221_1,FFC_39,Ward 39 Gayghat me dyashankar gupta ke makan se vk singh ke makan tak aur link gali me interlocking aur nali ka nirman,,,,,,,,,,,,,,,,Directorate of Local Bodies UP||Gorakhpur Municipal Corporation,,,,,,"1,258,876.186",,2024-04-05,Directorate of Local Bodies UP||Gorakhpur Municipal Corporation
2023_DOLBU_846484_1,FFC_42,Ward number 42 Raju ke Makan se Bihari vah Haji ji Ashraf ke Makan Hote Hue Mata aapke karkhane Tak Kisi Sadak aur Nali Nirman Karya,,,,,,,,,,,,,,,,Directorate of Local Bodies UP||Gorakhpur Municipal Corporation,,,,,,"1,172,094.328",,2024-04-18,Directorate of Local Bodies UP||Gorakhpur Municipal Corporation
2023_DOLBU_844989_1,NCAP_WARD_22,Ward 52 purdalipur me mukhy marg ganesh chauraha se vijay chauk aur AD mall tak sadak ke dono patari par end to end paving ka kary,,,,,,,,,,,,,,,,Directorate of Local Bodies UP||Gorakhpur Municipal Corporation,,,,,,"2,769,777.411",,2024-04-03,Directorate of Local Bodies UP||Gorakhpur Municipal Corporation
2023_DOLBU_811217_1,TAY_3rd_11_1623,Ward number 20 bishanpurva Mein Bishan Purva mukhya Marg se Dharmendra Sharma Ke Ghar Tak interlocking Sadak aur nale Nirman ka Karya,,,,,,,,,,,,,,,,Directorate of Local Bodies UP||Gorakhpur Municipal Corporation,,,,,,"1,603,959.045",,2024-04-03,Directorate of Local Bodies UP||Gorakhpur Municipal Corporation
2023_DOLBU_811527_1,TAY_3rd_27_1623,Ward number 30 Mein Mahewa Mein Kanha upawan ke Paschim Pani Tanki ke pass girjesh Tripathi ke Makan se Pradeep Ojha ke Makan ke aage Tak CC Sadak aur Nali Nirman,,,,,,,,,,,,,,,,Directorate of Local Bodies UP||Gorakhpur Municipal Corporation,,,,,,"468,197.165",,2024-04-12,Directorate of Local Bodies UP||Gorakhpur Municipal Corporation
2023_DOLBU_811527_1,TAY_3rd_27_1623,Ward number 30 Mein Mahewa Mein Kanha upawan ke Paschim Pani Tanki ke pass girjesh Tripathi ke Makan se Pradeep Ojha ke Makan ke aage Tak CC Sadak aur Nali Nirman,,,,,,,,,,,,,,,,Directorate of Local Bodies UP||Gorakhpur Municipal Corporation,,,,,,"468,197.165",,2024-04-12,Directorate of Local Bodies UP||Gorakhpur Municipal Corporation
2023_DOLBU_811527_1,TAY_3rd_27_1623,Ward number 30 Mein Mahewa Mein Kanha upawan ke Paschim Pani Tanki ke pass girjesh Tripathi ke Makan se Pradeep Ojha ke Makan ke aage Tak CC Sadak aur Nali Nirman,,,,,,,,,,,,,,,,Directorate of Local Bodies UP||Gorakhpur Municipal Corporation,,,,,,"468,197.165",,2024-04-12,Directorate of Local Bodies UP||Gorakhpur Municipal Corporation
2023_DOLBU_811541_1,TAY_3rd_29_1623,Ward number 32 Madhavpur bahrampur Uttari Mein satuhar howart Bandhe se Vindhyachal ke Makan Tak aur Mod Se ramavat Ke Makan Tak cc Sadak aur Nali Nirman ka Karya,,,,,,,,,,,,,,,,Directorate of Local Bodies UP||Gorakhpur Municipal Corporation,,,,,,"648,574.984",,2024-04-12,Directorate of Local Bodies UP||Gorakhpur Municipal Corporation
2023_DOLBU_811870_1,TAY_3rd_42_1623,Ward number 43 sahpur me bijali office se little flower school ke mod tak road dust management hetu and to and paving ka kary,,,,,,,,,,,,,,,,Directorate of Local Bodies UP||Gorakhpur Municipal Corporation,,,,,,"2,899,991.779",,2024-04-18,Directorate of Local Bodies UP||Gorakhpur Municipal Corporation
2023_DOLBU_794767_1,TAY_2nd_35_010423,Ward number 64 pachapedwa Mein Dayanand Ke Ghar Se mukhya Marg Tak aur Sati Galiyon Mein Nali aur CC road ka Nirman Karya,,,,,,,,,,,,,,,,Directorate of Local Bodies UP||Gorakhpur Municipal Corporation,,,,,,"3,052,360.693",,2024-04-20,Directorate of Local Bodies UP||Gorakhpur Municipal Corporation
2023_DOLBU_794767_1,TAY_2nd_35_010423,Ward number 64 pachapedwa Mein Dayanand Ke Ghar Se mukhya Marg Tak aur Sati Galiyon Mein Nali aur CC road ka Nirman Karya,,,,,,,,,,,,,,,,Directorate of Local Bodies UP||Gorakhpur Municipal Corporation,,,,,,"3,052,360.693",,2024-04-20,Directorate of Local Bodies UP||Gorakhpur Municipal Corporation
2023_CEUVZ_875722_7,2962/2A DT 06-12-2023,SR OF JMUIE AHRAURA ROAD KM 1 TO BISUNPUR JARHA LINK ROAD,,,,,,,,,,,,,,,,"Chief Engineer PWD Varanasi Zone||S.E. Mirzapur Circle,PWD, Mirzapur||CONSTRUCTION DIVISION 2 PWD MIRZAPUR",,,,,,"1,807,806",,2024-04-05,"Chief Engineer PWD Varanasi Zone||S.E. Mirzapur Circle,PWD, Mirzapur||CONSTRUCTION DIVISION 2 PWD MIRZAPUR"
2023_CEUVZ_875722_7,2962/2A DT 06-12-2023,SR OF JMUIE AHRAURA ROAD KM 1 TO BISUNPUR JARHA LINK ROAD,,,,,,,,,,,,,,,,"Chief Engineer PWD Varanasi Zone||S.E. Mirzapur Circle,PWD, Mirzapur||CONSTRUCTION DIVISION 2 PWD MIRZAPUR",,,,,,"1,807,806",,2024-04-05,"Chief Engineer PWD Varanasi Zone||S.E. Mirzapur Circle,PWD, Mirzapur||CONSTRUCTION DIVISION 2 PWD MIRZAPUR"
2023_CEUVZ_875722_7,2962/2A DT 06-12-2023,SR OF JMUIE AHRAURA ROAD KM 1 TO BISUNPUR JARHA LINK ROAD,,,,,,,,,,,,,,,,"Chief Engineer PWD Varanasi Zone||S.E. Mirzapur Circle,PWD, Mirzapur||CONSTRUCTION DIVISION 2 PWD MIRZAPUR",,,,,,"1,807,806",,2024-04-05,"Chief Engineer PWD Varanasi Zone||S.E. Mirzapur Circle,PWD, Mirzapur||CONSTRUCTION DIVISION 2 PWD MIRZAPUR"
2023_CEUVZ_869412_1,3972/6A Dated 18-11-2023,Repair and Painting work of residential and Non residential buildings of District Court Duddhi Sonbhadra,,,,,,,,,,,,,,,,"Chief Engineer PWD Varanasi Zone||S.E. Sonebhadra Circle,PWD, Sonebhadra||PROVINCIAL DIVISON PWD SONEBHADRA",,,,,,"581,251",,2024-04-29,"Chief Engineer PWD Varanasi Zone||S.E. Sonebhadra Circle,PWD, Sonebhadra||PROVINCIAL DIVISON PWD SONEBHADRA"
2023_CEUVZ_865221_10,3171/10A drt 04-11-2023,SR of Jakrauli to Dalsagar link road,,,,,,,,,,,,,,,,"Chief Engineer PWD Varanasi Zone||S.E. Jaunpur - Ghazipur Circle PWD Jaunpur||Construction Division - 3, PWD Ghazipur",,,,,,"683,810",,2024-04-10,"Chief Engineer PWD Varanasi Zone||S.E. Jaunpur - Ghazipur Circle PWD Jaunpur||Construction Division - 3, PWD Ghazipur"
2023_CEUVZ_865221_10,3171/10A drt 04-11-2023,SR of Jakrauli to Dalsagar link road,,,,,,,,,,,,,,,,"Chief Engineer PWD Varanasi Zone||S.E. Jaunpur - Ghazipur Circle PWD Jaunpur||Construction Division - 3, PWD Ghazipur",,,,,,"683,810",,2024-04-10,"Chief Engineer PWD Varanasi Zone||S.E. Jaunpur - Ghazipur Circle PWD Jaunpur||Construction Division - 3, PWD Ghazipur"
2023_CEUVZ_864214_1,1808/3A Date-03.11.2023,SR of Mahuari tola link road,,,,,,,,,,,,,,,,"Chief Engineer PWD Varanasi Zone||S.E. Sonebhadra Circle,PWD, Sonebhadra||Contruction Division,PWD ,Sonebhadra",,,,,,"621,365.66",,2024-04-03,"Chief Engineer PWD Varanasi Zone||S.E. Sonebhadra Circle,PWD, Sonebhadra||Contruction Division,PWD ,Sonebhadra"
2023_CEUVZ_862627_1,4833/SE Tender/jnp-gzp circle/23 date 02-11-2023,SR of Matehu Gai Ghariha Salamatpur Sidhagarghat link road,,,,,,,,,,,,,,,,Chief Engineer PWD Varanasi Zone||S.E. Jaunpur - Ghazipur Circle PWD Jaunpur,,,,,,"10,059,363.98",,2024-04-25,Chief Engineer PWD Varanasi Zone||S.E. Jaunpur - Ghazipur Circle PWD Jaunpur
2023_CEUVZ_862627_1,4833/SE Tender/jnp-gzp circle/23 date 02-11-2023,SR of Matehu Gai Ghariha Salamatpur Sidhagarghat link road,,,,,,,,,,,,,,,,Chief Engineer PWD Varanasi Zone||S.E. Jaunpur - Ghazipur Circle PWD Jaunpur,,,,,,"10,059,363.98",,2024-04-25,Chief Engineer PWD Varanasi Zone||S.E. Jaunpur - Ghazipur Circle PWD Jaunpur
2023_CEUVZ_862040_63,3659/10 LEKHA DT. 04.11.2023,SR of Raipur Yadav Basti sampark Link Road,,,,,,,,,,,,,,,,"Chief Engineer PWD Varanasi Zone||S.E. Jaunpur - Ghazipur Circle PWD Jaunpur||Provincial Division, PWD Ghazipur",,,,,,"550,645.88",,2024-04-02,"Chief Engineer PWD Varanasi Zone||S.E. Jaunpur - Ghazipur Circle PWD Jaunpur||Provincial Division, PWD Ghazipur"
2023_CEUVZ_862040_63,3659/10 LEKHA DT. 04.11.2023,SR of Raipur Yadav Basti sampark Link Road,,,,,,,,,,,,,,,,"Chief Engineer PWD Varanasi Zone||S.E. Jaunpur - Ghazipur Circle PWD Jaunpur||Provincial Division, PWD Ghazipur",,,,,,"550,645.88",,2024-04-02,"Chief Engineer PWD Varanasi Zone||S.E. Jaunpur - Ghazipur Circle PWD Jaunpur||Provincial Division, PWD Ghazipur"
2023_CEUVZ_862040_63,3659/10 LEKHA DT. 04.11.2023,SR of Raipur Yadav Basti sampark Link Road,,,,,,,,,,,,,,,,"Chief Engineer PWD Varanasi Zone||S.E. Jaunpur - Ghazipur Circle PWD Jaunpur||Provincial Division, PWD Ghazipur",,,,,,"550,645.88",,2024-04-02,"Chief Engineer PWD Varanasi Zone||S.E. Jaunpur - Ghazipur Circle PWD Jaunpur||Provincial Division, PWD Ghazipur"
2023_CEUVZ_862001_15,2657/2A DT 20-10-2023,SR OF CHAUKIYA LINK ROAD,,,,,,,,,,,,,,,,"Chief Engineer PWD Varanasi Zone||S.E. Mirzapur Circle,PWD, Mirzapur||CONSTRUCTION DIVISION 2 PWD MIRZAPUR",,,,,,"1,518,685",,2024-04-12,"Chief Engineer PWD Varanasi Zone||S.E. Mirzapur Circle,PWD, Mirzapur||CONSTRUCTION DIVISION 2 PWD MIRZAPUR"
2023_CEUVZ_862001_15,2657/2A DT 20-10-2023,SR OF CHAUKIYA LINK ROAD,,,,,,,,,,,,,,,,"Chief Engineer PWD Varanasi Zone||S.E. Mirzapur Circle,PWD, Mirzapur||CONSTRUCTION DIVISION 2 PWD MIRZAPUR",,,,,,"1,518,685",,2024-04-12,"Chief Engineer PWD Varanasi Zone||S.E. Mirzapur Circle,PWD, Mirzapur||CONSTRUCTION DIVISION 2 PWD MIRZAPUR"
2023_CEUVZ_862001_16,2657/2A DT 20-10-2023,SR OF PRIRALLIPUR TO NUWAN LINK ROAD,,,,,,,,,,,,,,,,"Chief Engineer PWD Varanasi Zone||S.E. Mirzapur Circle,PWD, Mirzapur||CONSTRUCTION DIVISION 2 PWD MIRZAPUR",,,,,,"1,426,401",,2024-04-12,"Chief Engineer PWD Varanasi Zone||S.E. Mirzapur Circle,PWD, Mirzapur||CONSTRUCTION DIVISION 2 PWD MIRZAPUR"
2023_CEUVZ_858564_1,3549/24A 23 date 20-10-2023,sr of purediwan link road lot23,,,,,,,,,,,,,,,,"Chief Engineer PWD Varanasi Zone||S.E. Mirzapur Circle,PWD, Mirzapur||PROVINCIAL DIVISON PWD SANT RAVIDAS NAGAR",,,,,,"292,260.25",,2024-04-03,"Chief Engineer PWD Varanasi Zone||S.E. Mirzapur Circle,PWD, Mirzapur||PROVINCIAL DIVISON PWD SANT RAVIDAS NAGAR"
2023_CEUVZ_859450_2,6024/53MZP CIRCLE/2021-22 DT 2-11-2023,RENEWAL OF SHERWA NAHAR KI PATARI ROAD WORK FOR HOT MIX PLANT,,,,,,,,,,,,,,,,"Chief Engineer PWD Varanasi Zone||S.E. Mirzapur Circle,PWD, Mirzapur||CONSTRUCTION DIVISION 2 PWD MIRZAPUR",,,,,,"3,842,520",,2024-04-27,"Chief Engineer PWD Varanasi Zone||S.E. Mirzapur Circle,PWD, Mirzapur||CONSTRUCTION DIVISION 2 PWD MIRZAPUR"
2023_CEUVZ_857244_1,2395/4A  date 19-10-2023,S/R Work of Kohari Anusuchit basti L/R Km-1(900),,,,,,,,,,,,,,,,"Chief Engineer PWD Varanasi Zone||S.E. Jaunpur - Ghazipur Circle PWD Jaunpur||Construction Division - 2, PWD Jaunpur",,,,,,"567,210",,2024-04-22,"Chief Engineer PWD Varanasi Zone||S.E. Jaunpur - Ghazipur Circle PWD Jaunpur||Construction Division - 2, PWD Jaunpur"
2023_CEUVZ_857244_1,2395/4A  date 19-10-2023,S/R Work of Kohari Anusuchit basti L/R Km-1(900),,,,,,,,,,,,,,,,"Chief Engineer PWD Varanasi Zone||S.E. Jaunpur - Ghazipur Circle PWD Jaunpur||Construction Division - 2, PWD Jaunpur",,,,,,"567,210",,2024-04-22,"Chief Engineer PWD Varanasi Zone||S.E. Jaunpur - Ghazipur Circle PWD Jaunpur||Construction Division - 2, PWD Jaunpur"
2023_CEUVZ_857258_4,1846/9A Dated 21-10-2023,SR Work of Malethu Mahadev Link Road  in Distt Jaunpur,,,,,,,,,,,,,,,,"Chief Engineer PWD Varanasi Zone||S.E. Jaunpur - Ghazipur Circle PWD Jaunpur||Construction Division, PWD Jaunpur",,,,,,"922,888.33",,2024-04-04,"Chief Engineer PWD Varanasi Zone||S.E. Jaunpur - Ghazipur Circle PWD Jaunpur||Construction Division, PWD Jaunpur"
2023_CEUVZ_857258_4,1846/9A Dated 21-10-2023,SR Work of Malethu Mahadev Link Road  in Distt Jaunpur,,,,,,,,,,,,,,,,"Chief Engineer PWD Varanasi Zone||S.E. Jaunpur - Ghazipur Circle PWD Jaunpur||Construction Division, PWD Jaunpur",,,,,,"922,888.33",,2024-04-04,"Chief Engineer PWD Varanasi Zone||S.E. Jaunpur - Ghazipur Circle PWD Jaunpur||Construction Division, PWD Jaunpur"
2023_CEUVZ_857258_5,1846/9A Dated 21-10-2023,SR Work of Mahayakpur Sureri se Jagdishpur Avasesh Road  in Distt Jaunpur,,,,,,,,,,,,,,,,"Chief Engineer PWD Varanasi Zone||S.E. Jaunpur - Ghazipur Circle PWD Jaunpur||Construction Division, PWD Jaunpur",,,,,,"1,129,745.84",,2024-04-04,"Chief Engineer PWD Varanasi Zone||S.E. Jaunpur - Ghazipur Circle PWD Jaunpur||Construction Division, PWD Jaunpur"
2023_CEUVZ_855931_25,Ref No 2013/10A Date 17.10.2023,Special Repair of Matasa Saidabad to Tisaura Link Road,,,,,,,,,,,,,,,,"Chief Engineer PWD Varanasi Zone||S.E. Jaunpur - Ghazipur Circle PWD Jaunpur||Construction Division - 1, PWD Ghazipur",,,,,,"518,284",,2024-04-05,"Chief Engineer PWD Varanasi Zone||S.E. Jaunpur - Ghazipur Circle PWD Jaunpur||Construction Division - 1, PWD Ghazipur"
2023_CEUVZ_850061_24,1642/9A Dated 09-10-2023,SR Work of Chaukikhurd se Chitav Link Road  in Distt Jaunpur,,,,,,,,,,,,,,,,"Chief Engineer PWD Varanasi Zone||S.E. Jaunpur - Ghazipur Circle PWD Jaunpur||Construction Division, PWD Jaunpur",,,,,,"1,824,135.96",,2024-04-04,"Chief Engineer PWD Varanasi Zone||S.E. Jaunpur - Ghazipur Circle PWD Jaunpur||Construction Division, PWD Jaunpur"
2023_CEUVZ_850435_6,230/4A  date 07-10-2023,S/R Work of Khutahana Yadav Anusuchit basti Link Road Km-2(100) and Kanuvani Prathamik Pathasala Link Road Km-1(100),,,,,,,,,,,,,,,,"Chief Engineer PWD Varanasi Zone||S.E. Jaunpur - Ghazipur Circle PWD Jaunpur||Construction Division - 2, PWD Jaunpur",,,,,,"708,178.34",,2024-04-22,"Chief Engineer PWD Varanasi Zone||S.E. Jaunpur - Ghazipur Circle PWD Jaunpur||Construction Division - 2, PWD Jaunpur"
2023_CEUVZ_827385_9,1825/2A DT 02-08-2023,RENEWAL OF SARSO SAMERI PATARI ROAD,,,,,,,,,,,,,,,,"Chief Engineer PWD Varanasi Zone||S.E. Mirzapur Circle,PWD, Mirzapur||CONSTRUCTION DIVISION 2 PWD MIRZAPUR",,,,,,"2,291,640",,2024-04-12,"Chief Engineer PWD Varanasi Zone||S.E. Mirzapur Circle,PWD, Mirzapur||CONSTRUCTION DIVISION 2 PWD MIRZAPUR"
2023_CEUFZ_875862_16,4440/6A Date 19.12.2023,Construction of CC road in Abadi portion of Karamdada Link Road,,,,,,,,,,,,,,,,Chief Engineer PWD Faizabad Zone||Faizabad Ambedkar Nagar Circle PWD Faizabad||Construction Division-4 Ayodhya,,,,,,"344,159.91",,2024-04-01,Chief Engineer PWD Faizabad Zone||Faizabad Ambedkar Nagar Circle PWD Faizabad||Construction Division-4 Ayodhya
2024_UPPAN_876569_2,"5812/PAN/ET/23-24, DT. 30-12-2023",REMAINING WORK OF NON RESIDENTIAL BUILDING FOR POLICE STATION PADUWA DISTT - KHIRI U.P.,,,,,,,,,,,,,,,,UP Police Awas Nigam Limited||UP Police Awas Nigam Ltd HQ Lucknow,,,,,,"1,916,651.8",,2024-04-15,UP Police Awas Nigam Limited||UP Police Awas Nigam Ltd HQ Lucknow
2024_UPPAN_902123_1,"6626/PAN/ET/23-24,  DT.21-02-2024",CONSTRUCTION  OF REMAINING WORK THANA BHAWAN POLICE STATION MAKKHANPUR DISTT  FIROZABAD  U.P,,,,,,,,,,,,,,,,UP Police Awas Nigam Limited||UP Police Awas Nigam Ltd HQ Lucknow,,,,,,"6,335,756",,2024-04-22,UP Police Awas Nigam Limited||UP Police Awas Nigam Ltd HQ Lucknow
2024_UPPAN_902123_1,"6626/PAN/ET/23-24,  DT.21-02-2024",CONSTRUCTION  OF REMAINING WORK THANA BHAWAN POLICE STATION MAKKHANPUR DISTT  FIROZABAD  U.P,,,,,,,,,,,,,,,,UP Police Awas Nigam Limited||UP Police Awas Nigam Ltd HQ Lucknow,,,,,,"6,335,756",,2024-04-22,UP Police Awas Nigam Limited||UP Police Awas Nigam Ltd HQ Lucknow
2024_UPPAN_906715_1,"6731/PAN/ET/23-24,  DT. 27-02-2024",REPAIR MAINTENANCE WORK OF POLICE MORERN SCHOOL DISTT - BADAUN U.P,,,,,,,,,,,,,,,,UP Police Awas Nigam Limited||UP Police Awas Nigam Ltd HQ Lucknow,,,,,,"1,756,575",,2024-04-04,UP Police Awas Nigam Limited||UP Police Awas Nigam Ltd HQ Lucknow
2024_UPPCL_904415_1,67/ ECCD-I /2023-24,MR of Plaster Repairing Internal Painting and other Misc Civil Works in Res No 2 by 48 Res No 09 Type IV and MR of Tiles Flooring and other Misc Civil Works in Res No 16 at PN Road Staff Officers Hydel Colony Lucknow,,,,,,,,,,,,,,,,Uttar Pradesh Power Corporation Ltd.||SE Civil HQ Shakti Bhawan Extension||EE Civil HQ Attached to CE Civil 2||SE Civil HQ||EE ECCD Ist,,,,,,"214,272.72",,2024-04-18,Uttar Pradesh Power Corporation Ltd.||SE Civil HQ Shakti Bhawan Extension||EE Civil HQ Attached to CE Civil 2||SE Civil HQ||EE ECCD Ist
2023_CEUFZ_875046_1,3845/10 AE-tendering_23-24 Dated 18-12-2023,Special repair of Dilouna link road in km 1,,,,,,,,,,,,,,,,"Chief Engineer PWD Faizabad Zone||Faizabad Ambedkar Nagar Circle PWD Faizabad||Provincial Division, PWD, Barabanki",,,,,,"1,369,086",,2024-04-08,"Chief Engineer PWD Faizabad Zone||Faizabad Ambedkar Nagar Circle PWD Faizabad||Provincial Division, PWD, Barabanki"
2023_CEUCZ_873169_1,3549/16A/Etender/2023-24 dt 13.12.2023,Road Safety work on Oyal Behjam Bhadura Road ODR Ch 12.350 to 24.300,,,,,,,,,,,,,,,,"Chief Engineer PWD Central Zone,Lucknow||S.E. UPPWD Sitapur||Provincial Division, Khiri",,,,,,"1,425,547.47",,2024-04-03,"Chief Engineer PWD Central Zone,Lucknow||S.E. UPPWD Sitapur||Provincial Division, Khiri"
2023_CEUCZ_873169_3,3549/16A/Etender/2023-24 dt 13.12.2023,Road Safety work on Maigalganj Madhiyaghat Road ODR Ch 0.000 to 6.000,,,,,,,,,,,,,,,,"Chief Engineer PWD Central Zone,Lucknow||S.E. UPPWD Sitapur||Provincial Division, Khiri",,,,,,"1,491,021.96",,2024-04-03,"Chief Engineer PWD Central Zone,Lucknow||S.E. UPPWD Sitapur||Provincial Division, Khiri"
2023_CEUCZ_873169_3,3549/16A/Etender/2023-24 dt 13.12.2023,Road Safety work on Maigalganj Madhiyaghat Road ODR Ch 0.000 to 6.000,,,,,,,,,,,,,,,,"Chief Engineer PWD Central Zone,Lucknow||S.E. UPPWD Sitapur||Provincial Division, Khiri",,,,,,"1,491,021.96",,2024-04-03,"Chief Engineer PWD Central Zone,Lucknow||S.E. UPPWD Sitapur||Provincial Division, Khiri"
2023_CEUCZ_857803_2,2743/1A/2023-24 DATED 19.10.2023,Saraichatradhari to kasana link road,,,,,,,,,,,,,,,,"Chief Engineer PWD Central Zone,Lucknow||S.E. UPPWD Lucknow||Provincial Division, Raebarelli",,,,,,"441,138.66",,2024-04-03,"Chief Engineer PWD Central Zone,Lucknow||S.E. UPPWD Lucknow||Provincial Division, Raebarelli"
2023_CEUCZ_852958_9,2622/1A/2023-24 DATED 09.10.2023,Rampal khera link road,,,,,,,,,,,,,,,,"Chief Engineer PWD Central Zone,Lucknow||S.E. UPPWD Lucknow||Provincial Division, Raebarelli",,,,,,"597,925.63",,2024-04-18,"Chief Engineer PWD Central Zone,Lucknow||S.E. UPPWD Lucknow||Provincial Division, Raebarelli"
2023_CEUAZ_868842_1,2954/4A DATE 21.10.2023,Special repair work of Ambedkar village Devsalpur road,,,,,,,,,,,,,,,,"Chief Engineer PWD Azamgarh Zone,Azamgarh||S.E. Balia Circle,PWD, Balia||Provincial Division, PWD, Balia",,,,,,"2,280,195.56",,2024-04-25,"Chief Engineer PWD Azamgarh Zone,Azamgarh||S.E. Balia Circle,PWD, Balia||Provincial Division, PWD, Balia"
2023_CEUAZ_868842_2,2954/4A DATE 21.10.2023,Special repair work of the road from Nagara Pandeypur PWD to the house of former head of Ambedkar Vidyalaya Saraya via Anusuchit Basti,,,,,,,,,,,,,,,,"Chief Engineer PWD Azamgarh Zone,Azamgarh||S.E. Balia Circle,PWD, Balia||Provincial Division, PWD, Balia",,,,,,"1,329,820.08",,2024-04-25,"Chief Engineer PWD Azamgarh Zone,Azamgarh||S.E. Balia Circle,PWD, Balia||Provincial Division, PWD, Balia"
2023_CEUAZ_869549_5,2636/14A Date 02-12-2023,Special Repair of Lucknow Baliya road to Jamudi SC Basti Link road,,,,,,,,,,,,,,,,"Chief Engineer PWD Azamgarh Zone,Azamgarh||S.E. Azamgarh Circle,PWD,Azamgarh||Construction Division, PWD, Azamgarh",,,,,,"786,927.22",,2024-04-27,"Chief Engineer PWD Azamgarh Zone,Azamgarh||S.E. Azamgarh Circle,PWD,Azamgarh||Construction Division, PWD, Azamgarh"
2023_CEUAZ_868551_2,2964/4A DATE 21.10.2023,Special repair work of PMGSY road from Bankata to Kaudia road,,,,,,,,,,,,,,,,"Chief Engineer PWD Azamgarh Zone,Azamgarh||S.E. Balia Circle,PWD, Balia||Provincial Division, PWD, Balia",,,,,,"2,726,611.89",,2024-04-27,"Chief Engineer PWD Azamgarh Zone,Azamgarh||S.E. Balia Circle,PWD, Balia||Provincial Division, PWD, Balia"
2023_CEUAZ_868692_1,2955/4A DATE 21.10.2023,Special repair work of Kamtaila Koeri colony link road,,,,,,,,,,,,,,,,"Chief Engineer PWD Azamgarh Zone,Azamgarh||S.E. Balia Circle,PWD, Balia||Provincial Division, PWD, Balia",,,,,,"1,807,499.2",,2024-04-29,"Chief Engineer PWD Azamgarh Zone,Azamgarh||S.E. Balia Circle,PWD, Balia||Provincial Division, PWD, Balia"
2023_CEUAZ_868692_1,2955/4A DATE 21.10.2023,Special repair work of Kamtaila Koeri colony link road,,,,,,,,,,,,,,,,"Chief Engineer PWD Azamgarh Zone,Azamgarh||S.E. Balia Circle,PWD, Balia||Provincial Division, PWD, Balia",,,,,,"1,807,499.2",,2024-04-29,"Chief Engineer PWD Azamgarh Zone,Azamgarh||S.E. Balia Circle,PWD, Balia||Provincial Division, PWD, Balia"
2023_CEUAZ_868692_3,2955/4A DATE 21.10.2023,Special repair work of the road from RNT Km 12 to Sonapali main village Lal Yadav Basti Chauhan Basti,,,,,,,,,,,,,,,,"Chief Engineer PWD Azamgarh Zone,Azamgarh||S.E. Balia Circle,PWD, Balia||Provincial Division, PWD, Balia",,,,,,"1,695,024.75",,2024-04-29,"Chief Engineer PWD Azamgarh Zone,Azamgarh||S.E. Balia Circle,PWD, Balia||Provincial Division, PWD, Balia"
2023_CEUAZ_868842_1,2954/4A DATE 21.10.2023,Special repair work of Ambedkar village Devsalpur road,,,,,,,,,,,,,,,,"Chief Engineer PWD Azamgarh Zone,Azamgarh||S.E. Balia Circle,PWD, Balia||Provincial Division, PWD, Balia",,,,,,"2,280,195.56",,2024-04-25,"Chief Engineer PWD Azamgarh Zone,Azamgarh||S.E. Balia Circle,PWD, Balia||Provincial Division, PWD, Balia"
2023_CEUAZ_868842_1,2954/4A DATE 21.10.2023,Special repair work of Ambedkar village Devsalpur road,,,,,,,,,,,,,,,,"Chief Engineer PWD Azamgarh Zone,Azamgarh||S.E. Balia Circle,PWD, Balia||Provincial Division, PWD, Balia",,,,,,"2,280,195.56",,2024-04-25,"Chief Engineer PWD Azamgarh Zone,Azamgarh||S.E. Balia Circle,PWD, Balia||Provincial Division, PWD, Balia"
2023_CEUAZ_868842_1,2954/4A DATE 21.10.2023,Special repair work of Ambedkar village Devsalpur road,,,,,,,,,,,,,,,,"Chief Engineer PWD Azamgarh Zone,Azamgarh||S.E. Balia Circle,PWD, Balia||Provincial Division, PWD, Balia",,,,,,"2,280,195.56",,2024-04-25,"Chief Engineer PWD Azamgarh Zone,Azamgarh||S.E. Balia Circle,PWD, Balia||Provincial Division, PWD, Balia"
2023_CEUAZ_863456_2,5235/NIVIDA(PD)BALLIA CIRCLE/23 DATE 08.11.2023,Special repair work of the road from Hahanala to the house of Shaheed Ram Pravesh Yadav via Buddhipur Tanguni,,,,,,,,,,,,,,,,"Chief Engineer PWD Azamgarh Zone,Azamgarh||S.E. Balia Circle,PWD, Balia",,,,,,"3,280,853.26",,2024-04-02,"Chief Engineer PWD Azamgarh Zone,Azamgarh||S.E. Balia Circle,PWD, Balia"
2023_CEUAZ_863456_3,5235/NIVIDA(PD)BALLIA CIRCLE/23 DATE 08.11.2023,Special repair work of the road from Odsara Bridge to Mahmoodpur,,,,,,,,,,,,,,,,"Chief Engineer PWD Azamgarh Zone,Azamgarh||S.E. Balia Circle,PWD, Balia",,,,,,"3,202,619.61",,2024-04-02,"Chief Engineer PWD Azamgarh Zone,Azamgarh||S.E. Balia Circle,PWD, Balia"
2023_CEUAZ_868504_1,5240/NIVIDA(PD)BALLIA CIRCLE/23 DATE 09.11.2023,Special repair work of the road from Chhitanhara Primary School to Surendra Singh house via Virendra Advocate house,,,,,,,,,,,,,,,,"Chief Engineer PWD Azamgarh Zone,Azamgarh||S.E. Balia Circle,PWD, Balia",,,,,,"4,437,292.84",,2024-04-25,"Chief Engineer PWD Azamgarh Zone,Azamgarh||S.E. Balia Circle,PWD, Balia"
2023_CEUAZ_868504_1,5240/NIVIDA(PD)BALLIA CIRCLE/23 DATE 09.11.2023,Special repair work of the road from Chhitanhara Primary School to Surendra Singh house via Virendra Advocate house,,,,,,,,,,,,,,,,"Chief Engineer PWD Azamgarh Zone,Azamgarh||S.E. Balia Circle,PWD, Balia",,,,,,"4,437,292.84",,2024-04-25,"Chief Engineer PWD Azamgarh Zone,Azamgarh||S.E. Balia Circle,PWD, Balia"
2023_CEUAZ_863407_18,2839/4A DATE 13.10.2023,Special repair work of Dumri to Jagdishpur link road.,,,,,,,,,,,,,,,,"Chief Engineer PWD Azamgarh Zone,Azamgarh||S.E. Balia Circle,PWD, Balia||Provincial Division, PWD, Balia",,,,,,"2,041,837.61",,2024-04-29,"Chief Engineer PWD Azamgarh Zone,Azamgarh||S.E. Balia Circle,PWD, Balia||Provincial Division, PWD, Balia"
2023_CEUAZ_863407_18,2839/4A DATE 13.10.2023,Special repair work of Dumri to Jagdishpur link road.,,,,,,,,,,,,,,,,"Chief Engineer PWD Azamgarh Zone,Azamgarh||S.E. Balia Circle,PWD, Balia||Provincial Division, PWD, Balia",,,,,,"2,041,837.61",,2024-04-29,"Chief Engineer PWD Azamgarh Zone,Azamgarh||S.E. Balia Circle,PWD, Balia||Provincial Division, PWD, Balia"
2023_CEUAZ_860541_2,EE T.Notice No.2764 /8A Date 04.11.2023,Special repair work of Milkipur to Nasopur link road,,,,,,,,,,,,,,,,"Chief Engineer PWD Azamgarh Zone,Azamgarh||S.E. Azamgarh Circle,PWD,Azamgarh||Construction Division-2, PWD, Azamgarh",,,,,,"1,273,611",,2024-04-10,"Chief Engineer PWD Azamgarh Zone,Azamgarh||S.E. Azamgarh Circle,PWD,Azamgarh||Construction Division-2, PWD, Azamgarh"
2023_CEUAZ_860541_2,EE T.Notice No.2764 /8A Date 04.11.2023,Special repair work of Milkipur to Nasopur link road,,,,,,,,,,,,,,,,"Chief Engineer PWD Azamgarh Zone,Azamgarh||S.E. Azamgarh Circle,PWD,Azamgarh||Construction Division-2, PWD, Azamgarh",,,,,,"1,273,611",,2024-04-10,"Chief Engineer PWD Azamgarh Zone,Azamgarh||S.E. Azamgarh Circle,PWD,Azamgarh||Construction Division-2, PWD, Azamgarh"
2023_CEUAZ_856258_1,1813/4A DATED 25/10/2023,Special Repair of Bharauni Gram Mitti star to Lepan star tak Link Road,,,,,,,,,,,,,,,,"Chief Engineer PWD Azamgarh Zone,Azamgarh||S.E. Azamgarh Circle,PWD,Azamgarh||Provincial Division, PWD, Azamgarh",,,,,,"2,015,802.91",,2024-04-02,"Chief Engineer PWD Azamgarh Zone,Azamgarh||S.E. Azamgarh Circle,PWD,Azamgarh||Provincial Division, PWD, Azamgarh"
2023_CEUAZ_856322_11,EE T.Notice No.2645 /8A Date 25.10.2023,Special repair work of Milkipur Bazaar Mudhar road to Mutkallipur road,,,,,,,,,,,,,,,,"Chief Engineer PWD Azamgarh Zone,Azamgarh||S.E. Azamgarh Circle,PWD,Azamgarh||Construction Division-2, PWD, Azamgarh",,,,,,"1,176,880.22",,2024-04-02,"Chief Engineer PWD Azamgarh Zone,Azamgarh||S.E. Azamgarh Circle,PWD,Azamgarh||Construction Division-2, PWD, Azamgarh"
2023_CEUAZ_855791_36,EE T.Notice No.2575 /8A Date 16.10.2023,Special repair work of KTM route Km. 16 to Bhairopur Kala Harijan Basti link road,,,,,,,,,,,,,,,,"Chief Engineer PWD Azamgarh Zone,Azamgarh||S.E. Azamgarh Circle,PWD,Azamgarh||Construction Division-2, PWD, Azamgarh",,,,,,"1,629,732",,2024-04-02,"Chief Engineer PWD Azamgarh Zone,Azamgarh||S.E. Azamgarh Circle,PWD,Azamgarh||Construction Division-2, PWD, Azamgarh"
2023_CEUAZ_855791_36,EE T.Notice No.2575 /8A Date 16.10.2023,Special repair work of KTM route Km. 16 to Bhairopur Kala Harijan Basti link road,,,,,,,,,,,,,,,,"Chief Engineer PWD Azamgarh Zone,Azamgarh||S.E. Azamgarh Circle,PWD,Azamgarh||Construction Division-2, PWD, Azamgarh",,,,,,"1,629,732",,2024-04-02,"Chief Engineer PWD Azamgarh Zone,Azamgarh||S.E. Azamgarh Circle,PWD,Azamgarh||Construction Division-2, PWD, Azamgarh"
2023_CEUAZ_855791_45,EE T.Notice No.2575 /8A Date 16.10.2023,Special repair work of Chhatwara Mehnagar road to Mirpur Mumarij link road.,,,,,,,,,,,,,,,,"Chief Engineer PWD Azamgarh Zone,Azamgarh||S.E. Azamgarh Circle,PWD,Azamgarh||Construction Division-2, PWD, Azamgarh",,,,,,"1,667,779",,2024-04-12,"Chief Engineer PWD Azamgarh Zone,Azamgarh||S.E. Azamgarh Circle,PWD,Azamgarh||Construction Division-2, PWD, Azamgarh"
2023_CEUAZ_853599_1,1705/4A DATED 10/10/2023,Special Repair of Deaurpur Koilsa to Koilsa Anu. Basti Link Road,,,,,,,,,,,,,,,,"Chief Engineer PWD Azamgarh Zone,Azamgarh||S.E. Azamgarh Circle,PWD,Azamgarh||Provincial Division, PWD, Azamgarh",,,,,,"231,913.97",,2024-04-02,"Chief Engineer PWD Azamgarh Zone,Azamgarh||S.E. Azamgarh Circle,PWD,Azamgarh||Provincial Division, PWD, Azamgarh"
2023_CEUAZ_797591_5,1083/4A DATE 06.04.2023,Special repair work of Sahadesh Chatti to Bhadaura link road,,,,,,,,,,,,,,,,"Chief Engineer PWD Azamgarh Zone,Azamgarh||S.E. Balia Circle,PWD, Balia||Provincial Division, PWD, Balia",,,,,,"1,960,599.08",,2024-04-30,"Chief Engineer PWD Azamgarh Zone,Azamgarh||S.E. Balia Circle,PWD, Balia||Provincial Division, PWD, Balia"
2023_CEUAZ_852040_40,2225/14A,Special Repair of Awadah khas Paschimi Basti Link road,,,,,,,,,,,,,,,,"Chief Engineer PWD Azamgarh Zone,Azamgarh||S.E. Azamgarh Circle,PWD,Azamgarh||Construction Division, PWD, Azamgarh",,,,,,"857,220.83",,2024-04-10,"Chief Engineer PWD Azamgarh Zone,Azamgarh||S.E. Azamgarh Circle,PWD,Azamgarh||Construction Division, PWD, Azamgarh"
2023_CEUAZ_784179_1,962/NIVIDA(CD)-BALLIA CIRCLE/22 DATE- 04.03.2023,Construction work of culvert from Jamua Ring Bandha to Dharikshan Das hut road in Ballia district,,,,,,,,,,,,,,,,"Chief Engineer PWD Azamgarh Zone,Azamgarh||S.E. Balia Circle,PWD, Balia",,,,,,"22,036,691.31",,2024-04-10,"Chief Engineer PWD Azamgarh Zone,Azamgarh||S.E. Balia Circle,PWD, Balia"
2023_CEUAZ_784179_2,962/NIVIDA(CD)-BALLIA CIRCLE/22 DATE- 04.03.2023,Construction work of culvert for Tekar Ring Bandha to Muktidham road in Ballia district,,,,,,,,,,,,,,,,"Chief Engineer PWD Azamgarh Zone,Azamgarh||S.E. Balia Circle,PWD, Balia",,,,,,"21,778,523.87",,2024-04-10,"Chief Engineer PWD Azamgarh Zone,Azamgarh||S.E. Balia Circle,PWD, Balia"
2023_CEUAZ_792352_60,EE T.Notice No. 537 /8A Date 11.03.2023,General repair with renewal work of Mudiyar Durvasa Kalhauraghat road to Gajdi Yadav Basti link road,,,,,,,,,,,,,,,,"Chief Engineer PWD Azamgarh Zone,Azamgarh||S.E. Azamgarh Circle,PWD,Azamgarh||Construction Division-2, PWD, Azamgarh",,,,,,"926,506",,2024-04-10,"Chief Engineer PWD Azamgarh Zone,Azamgarh||S.E. Azamgarh Circle,PWD,Azamgarh||Construction Division-2, PWD, Azamgarh"
2023_CEMRT_858229_1,2200/8A DT 19.10.2023,1 Miscellaneous work in renewal on bridge at Kairana Khatoli Morana S.H. in F.Y. 2023-24,,,,,,,,,,,,,,,,Cheif Engineer Meerut Zone PWD Meerut||SE SAHARANPUR CIRCLE PWD SAHARANPUR||EE PROVINCIAL DIVISION PWD SHAMLI,,,,,,"196,702.43",,2024-04-15,Cheif Engineer Meerut Zone PWD Meerut||SE SAHARANPUR CIRCLE PWD SAHARANPUR||EE PROVINCIAL DIVISION PWD SHAMLI
2023_CEMRT_858229_2,2200/8A DT 19.10.2023,2 Miscellaneous work in renewal on bridge at Saharanpur Nakud Gangoh Thanabhawan Road (MDR) in F.Y. 2023-24,,,,,,,,,,,,,,,,Cheif Engineer Meerut Zone PWD Meerut||SE SAHARANPUR CIRCLE PWD SAHARANPUR||EE PROVINCIAL DIVISION PWD SHAMLI,,,,,,"196,972.07",,2024-04-15,Cheif Engineer Meerut Zone PWD Meerut||SE SAHARANPUR CIRCLE PWD SAHARANPUR||EE PROVINCIAL DIVISION PWD SHAMLI
2023_CEKNP_806851_1,2884C/131C-KV/2022-23 Dt. 25.05.2023,Special repair of Shivrajpur Sakhrej road Km 4 to Sughardeva Sailaha Road,,,,,,,,,,,,,,,,Cheif Engineer Kanpur Zone PWD Kanpur||SE KANPUR CIRCLE PWD  KANPUR,,,,,,"3,244,005",,2024-04-06,Cheif Engineer Kanpur Zone PWD Kanpur||SE KANPUR CIRCLE PWD  KANPUR
2023_CEKNP_806851_1,2884C/131C-KV/2022-23 Dt. 25.05.2023,Special repair of Shivrajpur Sakhrej road Km 4 to Sughardeva Sailaha Road,,,,,,,,,,,,,,,,Cheif Engineer Kanpur Zone PWD Kanpur||SE KANPUR CIRCLE PWD  KANPUR,,,,,,"3,244,005",,2024-04-06,Cheif Engineer Kanpur Zone PWD Kanpur||SE KANPUR CIRCLE PWD  KANPUR
2023_CEKNP_806851_2,2884C/131C-KV/2022-23 Dt. 25.05.2023,Special repair of G.T.Road Km. 367 to Sanjati Badshahpur Road,,,,,,,,,,,,,,,,Cheif Engineer Kanpur Zone PWD Kanpur||SE KANPUR CIRCLE PWD  KANPUR,,,,,,"3,905,846",,2024-04-06,Cheif Engineer Kanpur Zone PWD Kanpur||SE KANPUR CIRCLE PWD  KANPUR
2023_CEJNS_861050_1,1469/Nivida-Prakashan/2023-24 Date 02.11.2023,"Repair work of non-residential revenue buildings of the office of Sub-Collector, Mauranipur",,,,,,,,,,,,,,,,Chief Engineer Jhansi Zone PWD Jhansi UP||JHANSI CIRLCE PWD JHANSI||CONSTRUCTION DIVISION (BHAWAN WING) PWD JHANSI,,,,,,"218,331.25",,2024-04-15,Chief Engineer Jhansi Zone PWD Jhansi UP||JHANSI CIRLCE PWD JHANSI||CONSTRUCTION DIVISION (BHAWAN WING) PWD JHANSI
2023_CEJNS_861050_1,1469/Nivida-Prakashan/2023-24 Date 02.11.2023,"Repair work of non-residential revenue buildings of the office of Sub-Collector, Mauranipur",,,,,,,,,,,,,,,,Chief Engineer Jhansi Zone PWD Jhansi UP||JHANSI CIRLCE PWD JHANSI||CONSTRUCTION DIVISION (BHAWAN WING) PWD JHANSI,,,,,,"218,331.25",,2024-04-15,Chief Engineer Jhansi Zone PWD Jhansi UP||JHANSI CIRLCE PWD JHANSI||CONSTRUCTION DIVISION (BHAWAN WING) PWD JHANSI
2023_CEJNS_850387_20,2021/10A date 06.10.2023,"Special repair work of Ramhetpura link road in 1,2(250) for Patch repair and CC road work.",,,,,,,,,,,,,,,,Chief Engineer Jhansi Zone PWD Jhansi UP||JHANSI CIRLCE PWD JHANSI||CONSTRUCTION DIVISION 1 PWD ORAI,,,,,,"634,282.63",,2024-04-10,Chief Engineer Jhansi Zone PWD Jhansi UP||JHANSI CIRLCE PWD JHANSI||CONSTRUCTION DIVISION 1 PWD ORAI
2023_CEJNS_850387_21,2021/10A date 06.10.2023,"Special repair/Patch repair work of Teehar Kandwa link road in 1(600),2(825),3 and 4(500)",,,,,,,,,,,,,,,,Chief Engineer Jhansi Zone PWD Jhansi UP||JHANSI CIRLCE PWD JHANSI||CONSTRUCTION DIVISION 1 PWD ORAI,,,,,,"533,958",,2024-04-10,Chief Engineer Jhansi Zone PWD Jhansi UP||JHANSI CIRLCE PWD JHANSI||CONSTRUCTION DIVISION 1 PWD ORAI
2023_CEJNS_850387_28,2021/10A date 06.10.2023,In Year 2023-24 Special Repair  work of Makrandpura link road.,,,,,,,,,,,,,,,,Chief Engineer Jhansi Zone PWD Jhansi UP||JHANSI CIRLCE PWD JHANSI||CONSTRUCTION DIVISION 1 PWD ORAI,,,,,,"179,551",,2024-04-10,Chief Engineer Jhansi Zone PWD Jhansi UP||JHANSI CIRLCE PWD JHANSI||CONSTRUCTION DIVISION 1 PWD ORAI
2023_CEJNS_850387_28,2021/10A date 06.10.2023,In Year 2023-24 Special Repair  work of Makrandpura link road.,,,,,,,,,,,,,,,,Chief Engineer Jhansi Zone PWD Jhansi UP||JHANSI CIRLCE PWD JHANSI||CONSTRUCTION DIVISION 1 PWD ORAI,,,,,,"179,551",,2024-04-10,Chief Engineer Jhansi Zone PWD Jhansi UP||JHANSI CIRLCE PWD JHANSI||CONSTRUCTION DIVISION 1 PWD ORAI
2023_CEJNS_850387_28,2021/10A date 06.10.2023,In Year 2023-24 Special Repair  work of Makrandpura link road.,,,,,,,,,,,,,,,,Chief Engineer Jhansi Zone PWD Jhansi UP||JHANSI CIRLCE PWD JHANSI||CONSTRUCTION DIVISION 1 PWD ORAI,,,,,,"179,551",,2024-04-10,Chief Engineer Jhansi Zone PWD Jhansi UP||JHANSI CIRLCE PWD JHANSI||CONSTRUCTION DIVISION 1 PWD ORAI
2023_CEJNS_850387_28,2021/10A date 06.10.2023,In Year 2023-24 Special Repair  work of Makrandpura link road.,,,,,,,,,,,,,,,,Chief Engineer Jhansi Zone PWD Jhansi UP||JHANSI CIRLCE PWD JHANSI||CONSTRUCTION DIVISION 1 PWD ORAI,,,,,,"179,551",,2024-04-10,Chief Engineer Jhansi Zone PWD Jhansi UP||JHANSI CIRLCE PWD JHANSI||CONSTRUCTION DIVISION 1 PWD ORAI
2023_CEJNS_858882_1,2171/10A Date 27.10.2023,"Special repair/Patch repair work of Gaderna to Gaderna Khurd link road in 1,2(500)",,,,,,,,,,,,,,,,Chief Engineer Jhansi Zone PWD Jhansi UP||JHANSI CIRLCE PWD JHANSI||CONSTRUCTION DIVISION 1 PWD ORAI,,,,,,"1,351,138.16",,2024-04-03,Chief Engineer Jhansi Zone PWD Jhansi UP||JHANSI CIRLCE PWD JHANSI||CONSTRUCTION DIVISION 1 PWD ORAI
2023_CEJNS_811685_1,"498/NIVIDA/2023-24,Date 08-06-2023",Renewal with General Repair in Marodkhurd to Kaila link road,,,,,,,,,,,,,,,,Chief Engineer Jhansi Zone PWD Jhansi UP||JHANSI CIRLCE PWD JHANSI||CONSTRUCTION DIVISION 3 PWD JHANSI,,,,,,"1,165,182.2",,2024-04-08,Chief Engineer Jhansi Zone PWD Jhansi UP||JHANSI CIRLCE PWD JHANSI||CONSTRUCTION DIVISION 3 PWD JHANSI
2023_CEJNS_850387_18,2021/10A date 06.10.2023,Special repair work of Rampura Sidhpura-Rithaura to MP Border link road.,,,,,,,,,,,,,,,,Chief Engineer Jhansi Zone PWD Jhansi UP||JHANSI CIRLCE PWD JHANSI||CONSTRUCTION DIVISION 1 PWD ORAI,,,,,,"682,800.32",,2024-04-10,Chief Engineer Jhansi Zone PWD Jhansi UP||JHANSI CIRLCE PWD JHANSI||CONSTRUCTION DIVISION 1 PWD ORAI
2023_CEJNS_850387_19,2021/10A date 06.10.2023,Special repair work of Morori to Jeepura link road in 1,,,,,,,,,,,,,,,,Chief Engineer Jhansi Zone PWD Jhansi UP||JHANSI CIRLCE PWD JHANSI||CONSTRUCTION DIVISION 1 PWD ORAI,,,,,,"661,443",,2024-04-10,Chief Engineer Jhansi Zone PWD Jhansi UP||JHANSI CIRLCE PWD JHANSI||CONSTRUCTION DIVISION 1 PWD ORAI
2023_CEGKP_873211_16,4234/76Yat-Deo Circle/2023 Date 08.12.2023,construction work of Jungle Jagdishpur link road from Bakulha to Mishran Chowk via PMGSY road under NABARD funded RIDF scheme in district Kushinagar in FY 2023-24,,,,,,,,,,,,,,,,Chief Engineer Gorakhpur Zone PWD Gorakhpur UP||SE DEORIA CIRCLE PWD DEORIA,,,,,,"11,696,509",,2024-04-15,Chief Engineer Gorakhpur Zone PWD Gorakhpur UP||SE DEORIA CIRCLE PWD DEORIA
2023_CEGKP_873211_16,4234/76Yat-Deo Circle/2023 Date 08.12.2023,construction work of Jungle Jagdishpur link road from Bakulha to Mishran Chowk via PMGSY road under NABARD funded RIDF scheme in district Kushinagar in FY 2023-24,,,,,,,,,,,,,,,,Chief Engineer Gorakhpur Zone PWD Gorakhpur UP||SE DEORIA CIRCLE PWD DEORIA,,,,,,"11,696,509",,2024-04-15,Chief Engineer Gorakhpur Zone PWD Gorakhpur UP||SE DEORIA CIRCLE PWD DEORIA
2023_CEGKP_869745_34,3206/5Lekha Date 01.12.2023,SR work of Beldand hote hue Primary School se Gulaur Link Road in Distt Gorakhpur  FY 2023 24 Lot 34 of 42,,,,,,,,,,,,,,,,Chief Engineer Gorakhpur Zone PWD Gorakhpur UP||GORAKHPUAR CIRCLE PWD GORAKHPUR||EE PROVINCIAL DIVISION PWD GORAKHPUR,,,,,,"1,632,833",,2024-04-06,Chief Engineer Gorakhpur Zone PWD Gorakhpur UP||GORAKHPUAR CIRCLE PWD GORAKHPUR||EE PROVINCIAL DIVISION PWD GORAKHPUR
2023_CEGKP_869745_37,3206/5Lekha Date 01.12.2023,SR work of Sonbarsa Pachauri Road Km 5  to Madaria pitch Road se Sindhwalia Siwan Link Road in Distt Gorakhpur  FY 2023 24 Lot 37 of 42,,,,,,,,,,,,,,,,Chief Engineer Gorakhpur Zone PWD Gorakhpur UP||GORAKHPUAR CIRCLE PWD GORAKHPUR||EE PROVINCIAL DIVISION PWD GORAKHPUR,,,,,,"775,589",,2024-04-01,Chief Engineer Gorakhpur Zone PWD Gorakhpur UP||GORAKHPUAR CIRCLE PWD GORAKHPUR||EE PROVINCIAL DIVISION PWD GORAKHPUR
2023_CEGKP_869745_37,3206/5Lekha Date 01.12.2023,SR work of Sonbarsa Pachauri Road Km 5  to Madaria pitch Road se Sindhwalia Siwan Link Road in Distt Gorakhpur  FY 2023 24 Lot 37 of 42,,,,,,,,,,,,,,,,Chief Engineer Gorakhpur Zone PWD Gorakhpur UP||GORAKHPUAR CIRCLE PWD GORAKHPUR||EE PROVINCIAL DIVISION PWD GORAKHPUR,,,,,,"775,589",,2024-04-01,Chief Engineer Gorakhpur Zone PWD Gorakhpur UP||GORAKHPUAR CIRCLE PWD GORAKHPUR||EE PROVINCIAL DIVISION PWD GORAKHPUR
2023_CEGKP_869745_39,3206/5Lekha Date 01.12.2023,SR work of Kursa Pachauri Road Km 4 to Gangtahi Ramvriksh Mishra ke Ghar hote hue Dhobauli Siwan Link Road in Distt Gorakhpur  FY 2023 24 Lot 39 of 42,,,,,,,,,,,,,,,,Chief Engineer Gorakhpur Zone PWD Gorakhpur UP||GORAKHPUAR CIRCLE PWD GORAKHPUR||EE PROVINCIAL DIVISION PWD GORAKHPUR,,,,,,"827,035",,2024-04-01,Chief Engineer Gorakhpur Zone PWD Gorakhpur UP||GORAKHPUAR CIRCLE PWD GORAKHPUR||EE PROVINCIAL DIVISION PWD GORAKHPUR
2023_CEGKP_869745_41,3206/5Lekha Date 01.12.2023,SR work of Suraina Badahara Link Road in Distt Gorakhpur  FY 2023 24 Lot 41 of 42,,,,,,,,,,,,,,,,Chief Engineer Gorakhpur Zone PWD Gorakhpur UP||GORAKHPUAR CIRCLE PWD GORAKHPUR||EE PROVINCIAL DIVISION PWD GORAKHPUR,,,,,,"998,560",,2024-04-06,Chief Engineer Gorakhpur Zone PWD Gorakhpur UP||GORAKHPUAR CIRCLE PWD GORAKHPUR||EE PROVINCIAL DIVISION PWD GORAKHPUR
2023_CEGKP_869745_2,3206/5Lekha Date 01.12.2023,SR work of Khajani Malhanpar to Bhitaha Pandey Link Road in Distt Gorakhpur  FY 2023 24 Lot 02 of 42,,,,,,,,,,,,,,,,Chief Engineer Gorakhpur Zone PWD Gorakhpur UP||GORAKHPUAR CIRCLE PWD GORAKHPUR||EE PROVINCIAL DIVISION PWD GORAKHPUR,,,,,,"1,010,042",,2024-04-01,Chief Engineer Gorakhpur Zone PWD Gorakhpur UP||GORAKHPUAR CIRCLE PWD GORAKHPUR||EE PROVINCIAL DIVISION PWD GORAKHPUR
2023_CEGKP_869745_2,3206/5Lekha Date 01.12.2023,SR work of Khajani Malhanpar to Bhitaha Pandey Link Road in Distt Gorakhpur  FY 2023 24 Lot 02 of 42,,,,,,,,,,,,,,,,Chief Engineer Gorakhpur Zone PWD Gorakhpur UP||GORAKHPUAR CIRCLE PWD GORAKHPUR||EE PROVINCIAL DIVISION PWD GORAKHPUR,,,,,,"1,010,042",,2024-04-01,Chief Engineer Gorakhpur Zone PWD Gorakhpur UP||GORAKHPUAR CIRCLE PWD GORAKHPUR||EE PROVINCIAL DIVISION PWD GORAKHPUR
2023_CEGKP_869745_2,3206/5Lekha Date 01.12.2023,SR work of Khajani Malhanpar to Bhitaha Pandey Link Road in Distt Gorakhpur  FY 2023 24 Lot 02 of 42,,,,,,,,,,,,,,,,Chief Engineer Gorakhpur Zone PWD Gorakhpur UP||GORAKHPUAR CIRCLE PWD GORAKHPUR||EE PROVINCIAL DIVISION PWD GORAKHPUR,,,,,,"1,010,042",,2024-04-01,Chief Engineer Gorakhpur Zone PWD Gorakhpur UP||GORAKHPUAR CIRCLE PWD GORAKHPUR||EE PROVINCIAL DIVISION PWD GORAKHPUR
2023_CEGKP_865239_1,504/5Lekha Date 23.11.2023,Reconstrution work of Rest Portion of Riyao Aswanpar  Link Road in Distt Gorakhpur FY 2023 24 Lot No 01 of 4,,,,,,,,,,,,,,,,Chief Engineer Gorakhpur Zone PWD Gorakhpur UP||GORAKHPUAR CIRCLE PWD GORAKHPUR||EE PROVINCIAL DIVISION PWD GORAKHPUR,,,,,,"1,598,988",,2024-04-10,Chief Engineer Gorakhpur Zone PWD Gorakhpur UP||GORAKHPUAR CIRCLE PWD GORAKHPUR||EE PROVINCIAL DIVISION PWD GORAKHPUR
2023_CEGKP_863676_1,3092/5Lekh Date 18.11.2023,Constrution of Pantoon Bridge in Aami River near Gram Panchayet Kudabhart in Bansgoan Block in Distt Gorakhpur FY 2023 24,,,,,,,,,,,,,,,,Chief Engineer Gorakhpur Zone PWD Gorakhpur UP||GORAKHPUAR CIRCLE PWD GORAKHPUR||EE PROVINCIAL DIVISION PWD GORAKHPUR,,,,,,"1,509,237",,2024-04-30,Chief Engineer Gorakhpur Zone PWD Gorakhpur UP||GORAKHPUAR CIRCLE PWD GORAKHPUR||EE PROVINCIAL DIVISION PWD GORAKHPUR
2023_CEGKP_858190_41,432/5Lekha Date 19.10.2023,SR work of Khadesari Parvati asthan to Daunadih Link Road in Distt Gorakhpur FY 2023 24,,,,,,,,,,,,,,,,Chief Engineer Gorakhpur Zone PWD Gorakhpur UP||GORAKHPUAR CIRCLE PWD GORAKHPUR||EE PROVINCIAL DIVISION PWD GORAKHPUR,,,,,,"802,970",,2024-04-10,Chief Engineer Gorakhpur Zone PWD Gorakhpur UP||GORAKHPUAR CIRCLE PWD GORAKHPUR||EE PROVINCIAL DIVISION PWD GORAKHPUR
2023_CEGKP_855314_39,2686/5Lekha Date 07-10-2023,SR of Maurya urf Baniya Tola Link Road in Distt Gorakhpur FY 2023 24 Lot No 39 of 84 PC work,,,,,,,,,,,,,,,,Chief Engineer Gorakhpur Zone PWD Gorakhpur UP||GORAKHPUAR CIRCLE PWD GORAKHPUR||EE PROVINCIAL DIVISION PWD GORAKHPUR,,,,,,"588,278",,2024-04-10,Chief Engineer Gorakhpur Zone PWD Gorakhpur UP||GORAKHPUAR CIRCLE PWD GORAKHPUR||EE PROVINCIAL DIVISION PWD GORAKHPUR
2023_CEGKP_855314_43,2686/5Lekha Date 07-10-2023,SR of Pali Anushucit Basti Link Road in Distt Gorakhpur FY 2023 24 Lot No 43 of 84 PC CC work,,,,,,,,,,,,,,,,Chief Engineer Gorakhpur Zone PWD Gorakhpur UP||GORAKHPUAR CIRCLE PWD GORAKHPUR||EE PROVINCIAL DIVISION PWD GORAKHPUR,,,,,,"2,099,712",,2024-04-09,Chief Engineer Gorakhpur Zone PWD Gorakhpur UP||GORAKHPUAR CIRCLE PWD GORAKHPUR||EE PROVINCIAL DIVISION PWD GORAKHPUR
2023_CEGKP_855314_44,2686/5Lekha Date 07-10-2023,SR of Gagaha Devkali to Mathdharm Link Road in Distt Gorakhpur FY 2023 24 Lot No 44 of 84 PC work,,,,,,,,,,,,,,,,Chief Engineer Gorakhpur Zone PWD Gorakhpur UP||GORAKHPUAR CIRCLE PWD GORAKHPUR||EE PROVINCIAL DIVISION PWD GORAKHPUR,,,,,,"1,149,297",,2024-04-10,Chief Engineer Gorakhpur Zone PWD Gorakhpur UP||GORAKHPUAR CIRCLE PWD GORAKHPUR||EE PROVINCIAL DIVISION PWD GORAKHPUR
2023_CEGKP_855314_58,2686/5Lekha Date 07-10-2023,SR of Ramgarawa to Pohila Rajauli Bujurag Link Road in Distt Gorakhpur FY 2023 24 Lot No 58 of 84 PC work,,,,,,,,,,,,,,,,Chief Engineer Gorakhpur Zone PWD Gorakhpur UP||GORAKHPUAR CIRCLE PWD GORAKHPUR||EE PROVINCIAL DIVISION PWD GORAKHPUR,,,,,,"1,172,742",,2024-04-10,Chief Engineer Gorakhpur Zone PWD Gorakhpur UP||GORAKHPUAR CIRCLE PWD GORAKHPUR||EE PROVINCIAL DIVISION PWD GORAKHPUR
2023_CEGKP_855314_5,2686/5Lekha Date 07-10-2023,SR of Badni Gopalpur Link Road in Distt Gorakhpur FY 2023 24 (Lot No 05 of 84) PC work,,,,,,,,,,,,,,,,Chief Engineer Gorakhpur Zone PWD Gorakhpur UP||GORAKHPUAR CIRCLE PWD GORAKHPUR||EE PROVINCIAL DIVISION PWD GORAKHPUR,,,,,,"1,480,226",,2024-04-10,Chief Engineer Gorakhpur Zone PWD Gorakhpur UP||GORAKHPUAR CIRCLE PWD GORAKHPUR||EE PROVINCIAL DIVISION PWD GORAKHPUR
2023_CEGKP_855314_9,2686/5Lekha Date 07-10-2023,SR of Bansgoan Bhaisarani to Harijanpur via Dhedhui Kamalchek Patraitha Link Road in Distt Gorakhpur FY 2023 24 (Lot No 09 of 84) PC CC work,,,,,,,,,,,,,,,,Chief Engineer Gorakhpur Zone PWD Gorakhpur UP||GORAKHPUAR CIRCLE PWD GORAKHPUR||EE PROVINCIAL DIVISION PWD GORAKHPUR,,,,,,"1,658,708",,2024-04-10,Chief Engineer Gorakhpur Zone PWD Gorakhpur UP||GORAKHPUAR CIRCLE PWD GORAKHPUR||EE PROVINCIAL DIVISION PWD GORAKHPUR
2023_CEGKP_855314_10,2686/5Lekha Date 07-10-2023,SR of Mahatha Pali Link Road in Distt Gorakhpur FY 2023 24 (Lot No 10 of 84) PC work,,,,,,,,,,,,,,,,Chief Engineer Gorakhpur Zone PWD Gorakhpur UP||GORAKHPUAR CIRCLE PWD GORAKHPUR||EE PROVINCIAL DIVISION PWD GORAKHPUR,,,,,,"1,834,262",,2024-04-10,Chief Engineer Gorakhpur Zone PWD Gorakhpur UP||GORAKHPUAR CIRCLE PWD GORAKHPUR||EE PROVINCIAL DIVISION PWD GORAKHPUR
2023_CEGKP_855314_10,2686/5Lekha Date 07-10-2023,SR of Mahatha Pali Link Road in Distt Gorakhpur FY 2023 24 (Lot No 10 of 84) PC work,,,,,,,,,,,,,,,,Chief Engineer Gorakhpur Zone PWD Gorakhpur UP||GORAKHPUAR CIRCLE PWD GORAKHPUR||EE PROVINCIAL DIVISION PWD GORAKHPUR,,,,,,"1,834,262",,2024-04-10,Chief Engineer Gorakhpur Zone PWD Gorakhpur UP||GORAKHPUAR CIRCLE PWD GORAKHPUR||EE PROVINCIAL DIVISION PWD GORAKHPUR
2023_CEGKP_855314_11,2686/5Lekha Date 07-10-2023,SR of Bansgoan to Sarsopar Link Road in Distt Gorakhpur FY 2023 24 (Lot No 11 of 84) PC work,,,,,,,,,,,,,,,,Chief Engineer Gorakhpur Zone PWD Gorakhpur UP||GORAKHPUAR CIRCLE PWD GORAKHPUR||EE PROVINCIAL DIVISION PWD GORAKHPUR,,,,,,"1,686,208",,2024-04-09,Chief Engineer Gorakhpur Zone PWD Gorakhpur UP||GORAKHPUAR CIRCLE PWD GORAKHPUR||EE PROVINCIAL DIVISION PWD GORAKHPUR
2023_CEGKP_855314_32,2686/5Lekha Date 07-10-2023,SR of Sriramjaniki Road KM 94 to Barauli Link Road in Distt Gorakhpur FY 2023 24 Lot No 32 of 84 PC CC work,,,,,,,,,,,,,,,,Chief Engineer Gorakhpur Zone PWD Gorakhpur UP||GORAKHPUAR CIRCLE PWD GORAKHPUR||EE PROVINCIAL DIVISION PWD GORAKHPUR,,,,,,"2,442,806",,2024-04-09,Chief Engineer Gorakhpur Zone PWD Gorakhpur UP||GORAKHPUAR CIRCLE PWD GORAKHPUR||EE PROVINCIAL DIVISION PWD GORAKHPUR
2023_CEGKP_782970_1,476/5Lekh Date 17.02.2023,Lot No 1 Errection and Maintenance of Balui Gadah Pantoon Bridge in Rapti River in Financial Year 2022 23,,,,,,,,,,,,,,,,Chief Engineer Gorakhpur Zone PWD Gorakhpur UP||GORAKHPUAR CIRCLE PWD GORAKHPUR||EE PROVINCIAL DIVISION PWD GORAKHPUR,,,,,,"575,891.58",,2024-04-25,Chief Engineer Gorakhpur Zone PWD Gorakhpur UP||GORAKHPUAR CIRCLE PWD GORAKHPUR||EE PROVINCIAL DIVISION PWD GORAKHPUR
2023_CEGKP_801548_2,1261/5Lekh Date 27.04.2023,Renewal work of Barval Mafi to Bagoda Link Road  in Distt Gorakhpur FY 2023 24 By Hot Mix Plant (Lot 02 of 05),,,,,,,,,,,,,,,,Chief Engineer Gorakhpur Zone PWD Gorakhpur UP||GORAKHPUAR CIRCLE PWD GORAKHPUR||EE PROVINCIAL DIVISION PWD GORAKHPUR,,,,,,"2,826,217",,2024-04-30,Chief Engineer Gorakhpur Zone PWD Gorakhpur UP||GORAKHPUAR CIRCLE PWD GORAKHPUR||EE PROVINCIAL DIVISION PWD GORAKHPUR
2023_CEGKP_801548_2,1261/5Lekh Date 27.04.2023,Renewal work of Barval Mafi to Bagoda Link Road  in Distt Gorakhpur FY 2023 24 By Hot Mix Plant (Lot 02 of 05),,,,,,,,,,,,,,,,Chief Engineer Gorakhpur Zone PWD Gorakhpur UP||GORAKHPUAR CIRCLE PWD GORAKHPUR||EE PROVINCIAL DIVISION PWD GORAKHPUR,,,,,,"2,826,217",,2024-04-30,Chief Engineer Gorakhpur Zone PWD Gorakhpur UP||GORAKHPUAR CIRCLE PWD GORAKHPUR||EE PROVINCIAL DIVISION PWD GORAKHPUR
2023_CEGKP_801548_3,1261/5Lekh Date 27.04.2023,Renewal work of Kurmaoul Link Road  in Distt Gorakhpur FY 2023 24 By Hot Mix Plant (Lot 03 of 05),,,,,,,,,,,,,,,,Chief Engineer Gorakhpur Zone PWD Gorakhpur UP||GORAKHPUAR CIRCLE PWD GORAKHPUR||EE PROVINCIAL DIVISION PWD GORAKHPUR,,,,,,"994,412",,2024-04-30,Chief Engineer Gorakhpur Zone PWD Gorakhpur UP||GORAKHPUAR CIRCLE PWD GORAKHPUR||EE PROVINCIAL DIVISION PWD GORAKHPUR
2023_CEDPW_871426_11,4332/2Com(B)-Gonda Circle/23-24 Dt. 08.12.23,Special Repair of Lalpur Via Bhelaya Madanpur Marg,,,,,,,,,,,,,,,,Chief Engineer Devipatan (Gonda) Zone PWD Gonda||SE Gonda Circle PWD Gonda,,,,,,"4,968,222.74",,2024-04-20,Chief Engineer Devipatan (Gonda) Zone PWD Gonda||SE Gonda Circle PWD Gonda
2023_CEDPW_871426_11,4332/2Com(B)-Gonda Circle/23-24 Dt. 08.12.23,Special Repair of Lalpur Via Bhelaya Madanpur Marg,,,,,,,,,,,,,,,,Chief Engineer Devipatan (Gonda) Zone PWD Gonda||SE Gonda Circle PWD Gonda,,,,,,"4,968,222.74",,2024-04-20,Chief Engineer Devipatan (Gonda) Zone PWD Gonda||SE Gonda Circle PWD Gonda
2023_CEDPW_871426_11,4332/2Com(B)-Gonda Circle/23-24 Dt. 08.12.23,Special Repair of Lalpur Via Bhelaya Madanpur Marg,,,,,,,,,,,,,,,,Chief Engineer Devipatan (Gonda) Zone PWD Gonda||SE Gonda Circle PWD Gonda,,,,,,"4,968,222.74",,2024-04-20,Chief Engineer Devipatan (Gonda) Zone PWD Gonda||SE Gonda Circle PWD Gonda
2023_CEDPW_862342_4,4015/98Com-Gonda Circle/23-24 Dt. 7-11-23,Special Repair of Belmathar link road in 2023-24,,,,,,,,,,,,,,,,Chief Engineer Devipatan (Gonda) Zone PWD Gonda||SE Gonda Circle PWD Gonda,,,,,,"5,174,320.5",,2024-04-20,Chief Engineer Devipatan (Gonda) Zone PWD Gonda||SE Gonda Circle PWD Gonda
2023_CEALG_875390_1,5904/Cashier PDETAH-Ali.Cir/2023-24 Dt- 10.11.2023,F.Y. 2023-24 New Construction Work of S.D.M and Tahsildar Residence in Campus of Tehsil Sadar Etah in District Etah,,,,,,,,,,,,,,,,Chief Engineer Aligarh Zone PWD Aligarh||Superintending Engineer Aligarh Circle PWD Aligarh||Provincial Division PWD Etah,,,,,,"5,520,638.46",,2024-04-02,Chief Engineer Aligarh Zone PWD Aligarh||Superintending Engineer Aligarh Circle PWD Aligarh||Provincial Division PWD Etah
2024_UPJNM_898551_1,84 /  NIVIDA / 02 DATED 08-02-2024,"Operation of Electrical and Mechanical equipment including removal and disposal of chocking materials garbage etc. at 7.5/15 MLD Vivekanand Park sewage pumping station, Prayagraj.",,,,,,,,,,,,,,,,"U P Jal Nigam (HQ), Lucknow||Chief Engineer (Allahabad)||SE, Yantrik Circle, Allahabad||PM, Ganga Pollution Control Unit (II) E-M, Alld",,,,,,"542,375",,2024-04-05,"U P Jal Nigam (HQ), Lucknow||Chief Engineer (Allahabad)||SE, Yantrik Circle, Allahabad||PM, Ganga Pollution Control Unit (II) E-M, Alld"
2024_UPJNM_903606_1,100/ NIVIDA / 05 DATED 17-02-2024,"Operation of Electrical and Mechanical equipment including removal and disposal of chocking materials garbage etc. at 05 MLD Allahpur sewage pumping station, Prayagraj",,,,,,,,,,,,,,,,"U P Jal Nigam (HQ), Lucknow||Chief Engineer (Allahabad)||SE, Yantrik Circle, Allahabad||PM, Ganga Pollution Control Unit (II) E-M, Alld",,,,,,"542,375",,2024-04-05,"U P Jal Nigam (HQ), Lucknow||Chief Engineer (Allahabad)||SE, Yantrik Circle, Allahabad||PM, Ganga Pollution Control Unit (II) E-M, Alld"
2024_UPJNM_903606_1,100/ NIVIDA / 05 DATED 17-02-2024,"Operation of Electrical and Mechanical equipment including removal and disposal of chocking materials garbage etc. at 05 MLD Allahpur sewage pumping station, Prayagraj",,,,,,,,,,,,,,,,"U P Jal Nigam (HQ), Lucknow||Chief Engineer (Allahabad)||SE, Yantrik Circle, Allahabad||PM, Ganga Pollution Control Unit (II) E-M, Alld",,,,,,"542,375",,2024-04-05,"U P Jal Nigam (HQ), Lucknow||Chief Engineer (Allahabad)||SE, Yantrik Circle, Allahabad||PM, Ganga Pollution Control Unit (II) E-M, Alld"
2024_UPJNM_911312_1,146  /  NIVIDA  / 18 DATED 01-03-2024,"Operation of Electrical and Mechanical equipment including removal and disposal of chocking materials garbage etc. at 2 MLD Daraganj sewage pumping station, Prayagraj.",,,,,,,,,,,,,,,,"U P Jal Nigam (HQ), Lucknow||Chief Engineer (Allahabad)||SE, Yantrik Circle, Allahabad||PM, Ganga Pollution Control Unit (II) E-M, Alld",,,,,,"545,171",,2024-04-05,"U P Jal Nigam (HQ), Lucknow||Chief Engineer (Allahabad)||SE, Yantrik Circle, Allahabad||PM, Ganga Pollution Control Unit (II) E-M, Alld"
2024_UPJNM_911364_1,146 / NIVIDA  / 18 DATED 01-03-2023,"Operation of Electrical and Mechanical equipment     including removal and disposal of choking materials garbage etc. at 12 MLD Morigate (old) sewage pumping station including associated Tapings, Prayagraj.",,,,,,,,,,,,,,,,"U P Jal Nigam (HQ), Lucknow||Chief Engineer (Allahabad)||SE, Yantrik Circle, Allahabad||PM, Ganga Pollution Control Unit (II) E-M, Alld",,,,,,"374,673",,2024-04-05,"U P Jal Nigam (HQ), Lucknow||Chief Engineer (Allahabad)||SE, Yantrik Circle, Allahabad||PM, Ganga Pollution Control Unit (II) E-M, Alld"
2024_UPJNM_911364_1,146 / NIVIDA  / 18 DATED 01-03-2023,"Operation of Electrical and Mechanical equipment     including removal and disposal of choking materials garbage etc. at 12 MLD Morigate (old) sewage pumping station including associated Tapings, Prayagraj.",,,,,,,,,,,,,,,,"U P Jal Nigam (HQ), Lucknow||Chief Engineer (Allahabad)||SE, Yantrik Circle, Allahabad||PM, Ganga Pollution Control Unit (II) E-M, Alld",,,,,,"374,673",,2024-04-05,"U P Jal Nigam (HQ), Lucknow||Chief Engineer (Allahabad)||SE, Yantrik Circle, Allahabad||PM, Ganga Pollution Control Unit (II) E-M, Alld"
2023_CEALD_866243_1,10558/06COM(3)-PRCIR/2023 DT. 18-11-2023,"Repeated bar, road signage and other miscellaneous works under the road safety work for the improvement of 02 black spots (Shastri Setu, Jhunsi police station) identified on the state road (SH 106) from GT Road to Prayagraj Varanasi Road in Prayagraj",,,,,,,,,,,,,,,,Cheif Engineer Allahabad Zone PWD Allahabad||SE ALLAHABAD CIRCLE PWD ALLAHABAD||EE CONSTRUCTION DIVISION-3  PWD ALLAHABAD,,,,,,"4,362,175.47",,2024-04-27,Cheif Engineer Allahabad Zone PWD Allahabad||SE ALLAHABAD CIRCLE PWD ALLAHABAD||EE CONSTRUCTION DIVISION-3  PWD ALLAHABAD
2023_CEAGR_859512_4,2642/6 A dt. 02-11-2023,SPECIAL REPAIR WORK AT JASRANA KORARA ARAON ROAD TO NAGLA UDAI ROAD,,,,,,,,,,,,,,,,Chief Engineer Agra Zone PWD Agra UP||MAINPURI CIRCLE PWD MAINPURI||CONSTRUCTION DIVISION-2 PWD FIROZABAD,,,,,,"342,792.56",,2024-04-01,Chief Engineer Agra Zone PWD Agra UP||MAINPURI CIRCLE PWD MAINPURI||CONSTRUCTION DIVISION-2 PWD FIROZABAD
2023_CEAGR_859966_4,1658/6A Date 04-11-2023,Special Repair Work at Narkhi Panchayat Ghar to Tara Garhi via Kanwara Tak,,,,,,,,,,,,,,,,Chief Engineer Agra Zone PWD Agra UP||MAINPURI CIRCLE PWD MAINPURI||CONSTRUCTION DIVISION-2 PWD FIROZABAD,,,,,,"1,250,826.8",,2024-04-06,Chief Engineer Agra Zone PWD Agra UP||MAINPURI CIRCLE PWD MAINPURI||CONSTRUCTION DIVISION-2 PWD FIROZABAD
2023_CEAGR_861401_1,1681/6A Dated 08-11-2023,Special Repair Work at Kotla Dorsa Mohammadpur Chaman Nagariya Marg,,,,,,,,,,,,,,,,Chief Engineer Agra Zone PWD Agra UP||MAINPURI CIRCLE PWD MAINPURI||CONSTRUCTION DIVISION-2 PWD FIROZABAD,,,,,,"493,560.44",,2024-04-06,Chief Engineer Agra Zone PWD Agra UP||MAINPURI CIRCLE PWD MAINPURI||CONSTRUCTION DIVISION-2 PWD FIROZABAD
2023_CEAGR_862168_7,5159/7M-Mainpuri Circle/2023 Date 02-11-2023,SPECIAL REPAIR WORK AT PULIYA NIHAL SINGH ANANDIPUR ROAD,,,,,,,,,,,,,,,,Chief Engineer Agra Zone PWD Agra UP||MAINPURI CIRCLE PWD MAINPURI||CONSTRUCTION DIVISION-2 PWD FIROZABAD,,,,,,"2,858,759.19",,2024-04-06,Chief Engineer Agra Zone PWD Agra UP||MAINPURI CIRCLE PWD MAINPURI||CONSTRUCTION DIVISION-2 PWD FIROZABAD
2023_CEAGR_862625_1,2268 DT 03.11.2023,SR ON DHANDHOUS MUDHOUSI ROAD TO RAYPUR PUL NGL JASI DHEERPUR HOKAR TRILOKPUR ROAD,,,,,,,,,,,,,,,,Chief Engineer Agra Zone PWD Agra UP||MAINPURI CIRCLE PWD MAINPURI||PROVINCIAL DIVISION PWD MAINPURI,,,,,,"777,369.56",,2024-04-22,Chief Engineer Agra Zone PWD Agra UP||MAINPURI CIRCLE PWD MAINPURI||PROVINCIAL DIVISION PWD MAINPURI
2023_CEAGR_862979_2,6245/14M-AC/2023-24 dated 02-11-2023,Special Repair of work of Agra Fatehpur Sikari Road to Turist Village Barara Nagla Bhuria and Nagla Hatti via Agra Jagner Road,,,,,,,,,,,,,,,,Chief Engineer Agra Zone PWD Agra UP||AGRA CIRCLE PWD AGRA,,,,,,"2,560,490.16",,2024-04-01,Chief Engineer Agra Zone PWD Agra UP||AGRA CIRCLE PWD AGRA
2023_CEAGR_850132_35,2399/6A dt. 06.10.2023,SPECIAL REPAIR WORK AT JASRANA FARIHA ROAD TO PALIA KALA ROAD,,,,,,,,,,,,,,,,Chief Engineer Agra Zone PWD Agra UP||MAINPURI CIRCLE PWD MAINPURI||CONSTRUCTION DIVISION-2 PWD FIROZABAD,,,,,,"608,975.04",,2024-04-01,Chief Engineer Agra Zone PWD Agra UP||MAINPURI CIRCLE PWD MAINPURI||CONSTRUCTION DIVISION-2 PWD FIROZABAD
2023_CEAGR_851375_25,5243/9A-PD/2023 Dated 07-10-2023,Special Repair work of Kiraoli Kagarol Road Km-15 to Gahra Kalan via Nagla Jasola Road,,,,,,,,,,,,,,,,Chief Engineer Agra Zone PWD Agra UP||AGRA CIRCLE PWD AGRA||PROVINCIAL DIVISION PWD AGRA,,,,,,"2,518,308.65",,2024-04-05,Chief Engineer Agra Zone PWD Agra UP||AGRA CIRCLE PWD AGRA||PROVINCIAL DIVISION PWD AGRA
2023_CEAGR_851375_29,5243/9A-PD/2023 Dated 07-10-2023,Special Repair work of Mehdau to Rajsthan Boarder Road,,,,,,,,,,,,,,,,Chief Engineer Agra Zone PWD Agra UP||AGRA CIRCLE PWD AGRA||PROVINCIAL DIVISION PWD AGRA,,,,,,"812,469.24",,2024-04-05,Chief Engineer Agra Zone PWD Agra UP||AGRA CIRCLE PWD AGRA||PROVINCIAL DIVISION PWD AGRA
2023_CEAGR_799588_1,2000/7M dt. 21-04-2023,Renovation with general repair on Kishni Shamsherganj Legaon Sakrava road in ODR,,,,,,,,,,,,,,,,Chief Engineer Agra Zone PWD Agra UP||MAINPURI CIRCLE PWD MAINPURI||PROVINCIAL DIVISION PWD MAINPURI,,,,,,"10,244,344.76",,2024-04-29,Chief Engineer Agra Zone PWD Agra UP||MAINPURI CIRCLE PWD MAINPURI||PROVINCIAL DIVISION PWD MAINPURI
2023_CEAGR_799588_1,2000/7M dt. 21-04-2023,Renovation with general repair on Kishni Shamsherganj Legaon Sakrava road in ODR,,,,,,,,,,,,,,,,Chief Engineer Agra Zone PWD Agra UP||MAINPURI CIRCLE PWD MAINPURI||PROVINCIAL DIVISION PWD MAINPURI,,,,,,"10,244,344.76",,2024-04-29,Chief Engineer Agra Zone PWD Agra UP||MAINPURI CIRCLE PWD MAINPURI||PROVINCIAL DIVISION PWD MAINPURI
2023_CEAGR_799588_1,2000/7M dt. 21-04-2023,Renovation with general repair on Kishni Shamsherganj Legaon Sakrava road in ODR,,,,,,,,,,,,,,,,Chief Engineer Agra Zone PWD Agra UP||MAINPURI CIRCLE PWD MAINPURI||PROVINCIAL DIVISION PWD MAINPURI,,,,,,"10,244,344.76",,2024-04-29,Chief Engineer Agra Zone PWD Agra UP||MAINPURI CIRCLE PWD MAINPURI||PROVINCIAL DIVISION PWD MAINPURI
2023_CEAGR_799588_1,2000/7M dt. 21-04-2023,Renovation with general repair on Kishni Shamsherganj Legaon Sakrava road in ODR,,,,,,,,,,,,,,,,Chief Engineer Agra Zone PWD Agra UP||MAINPURI CIRCLE PWD MAINPURI||PROVINCIAL DIVISION PWD MAINPURI,,,,,,"10,244,344.76",,2024-04-29,Chief Engineer Agra Zone PWD Agra UP||MAINPURI CIRCLE PWD MAINPURI||PROVINCIAL DIVISION PWD MAINPURI
2023_CEAGR_803438_30,1902/9A-PD/2023 Dated 10/05/2023,Renewal of NH-11 to Karahi Road,,,,,,,,,,,,,,,,Chief Engineer Agra Zone PWD Agra UP||AGRA CIRCLE PWD AGRA||PROVINCIAL DIVISION PWD AGRA,,,,,,"1,227,960",,2024-04-15,Chief Engineer Agra Zone PWD Agra UP||AGRA CIRCLE PWD AGRA||PROVINCIAL DIVISION PWD AGRA
2023_CEAGR_831826_6,4349/9A-PD/2023 Dated 08/08/2023,Repair and maintenance work of Circuit House Compound  Agra,,,,,,,,,,,,,,,,Chief Engineer Agra Zone PWD Agra UP||AGRA CIRCLE PWD AGRA||PROVINCIAL DIVISION PWD AGRA,,,,,,"412,524.8",,2024-04-20,Chief Engineer Agra Zone PWD Agra UP||AGRA CIRCLE PWD AGRA||PROVINCIAL DIVISION PWD AGRA
2023_CEAGR_850132_24,2399/6A dt. 06.10.2023,SPECIAL REPAIR WORK AT SHIKOHABAD MUSTFABAD ROAD TO ALIPUR MOHANIPUR ROAD,,,,,,,,,,,,,,,,Chief Engineer Agra Zone PWD Agra UP||MAINPURI CIRCLE PWD MAINPURI||CONSTRUCTION DIVISION-2 PWD FIROZABAD,,,,,,"1,402,725.85",,2024-04-01,Chief Engineer Agra Zone PWD Agra UP||MAINPURI CIRCLE PWD MAINPURI||CONSTRUCTION DIVISION-2 PWD FIROZABAD
2023_CEAGR_850132_29,2399/6A dt. 06.10.2023,SPECIAL REPAIR WORK AT JASRANA FIROZABAD ROAD KA SHESH BHAG ROAD,,,,,,,,,,,,,,,,Chief Engineer Agra Zone PWD Agra UP||MAINPURI CIRCLE PWD MAINPURI||CONSTRUCTION DIVISION-2 PWD FIROZABAD,,,,,,"1,661,840.25",,2024-04-01,Chief Engineer Agra Zone PWD Agra UP||MAINPURI CIRCLE PWD MAINPURI||CONSTRUCTION DIVISION-2 PWD FIROZABAD
2022_UPCTL_762580_1,64-ECTC/MBD/2022-23,"Civil Work for construciton of increasing capacity from (2X40 1X20) MVA to (3X40 1X20) MVA at 132 KV S/s Babrala, Sambhal",,,,,,,,,,,,,,,,UP Power Transmission Corp.Ltd (Works and Projects))||Chief Engineer (Civil-1)||Moradabad Circle,,,,,,"3,097,648",,2024-04-18,UP Power Transmission Corp.Ltd (Works and Projects))||Chief Engineer (Civil-1)||Moradabad Circle
2022_UPCTL_762586_1,64-ECTC/MBD/2022-23,Civil Work for increasing capacity from (2X40 1X20) MVA to (2X40 1X63) MVA at 132 KV S/s Bijnor,,,,,,,,,,,,,,,,UP Power Transmission Corp.Ltd (Works and Projects))||Chief Engineer (Civil-1)||Moradabad Circle,,,,,,"492,947",,2024-04-18,UP Power Transmission Corp.Ltd (Works and Projects))||Chief Engineer (Civil-1)||Moradabad Circle
2022_UPCTL_762594_1,64-ECTC/MBD/2022-23,"Civil Work for increasing capacity from (2X40) MVA to (3X40) MVA at 132 KV S/s Chandak, Bijnor",,,,,,,,,,,,,,,,UP Power Transmission Corp.Ltd (Works and Projects))||Chief Engineer (Civil-1)||Moradabad Circle,,,,,,"1,954,890",,2024-04-18,UP Power Transmission Corp.Ltd (Works and Projects))||Chief Engineer (Civil-1)||Moradabad Circle
2022_UPCTL_762599_1,64-ECTC/MBD/2022-23,Civil works for Const. of 01 No. Circuit Breaker (Siemens Make) Foundation at 220 KV S/s Rampur.,,,,,,,,,,,,,,,,UP Power Transmission Corp.Ltd (Works and Projects))||Chief Engineer (Civil-1)||Moradabad Circle,,,,,,"105,731",,2024-04-20,UP Power Transmission Corp.Ltd (Works and Projects))||Chief Engineer (Civil-1)||Moradabad Circle
2022_UPIDC_705491_10,01/EE/2022-23,Reconstruction of 02 Nos of Fall at Km. 4.200 and Km. 4.800 of Belha Minor,,,,,,,,,,,,,,,,"U P Irrigation Department (Civil)||Chief Engineer-Sone, Varanasi||Irrigation Works Circle, Varansi||BD, varanasi",,,,,,"623,854",,2024-04-08,"U P Irrigation Department (Civil)||Chief Engineer-Sone, Varanasi||Irrigation Works Circle, Varansi||BD, varanasi"
2022_UPIDC_727213_27,02/EE/2022-23,"Construction of Lining from km. 0.000 to km. 0.030,  Km. 0.600 to 0.670 of Chandi Minor.",,,,,,,,,,,,,,,,"U P Irrigation Department (Civil)||Chief Engineer-Sone, Varanasi||Irrigation Works Circle, Varansi||BD, varanasi",,,,,,"1,090,290.25",,2024-04-08,"U P Irrigation Department (Civil)||Chief Engineer-Sone, Varanasi||Irrigation Works Circle, Varansi||BD, varanasi"
2022_UPCTL_753631_1,56-ECTC/MBD/2022-23,"Special M and R of Type III Quarter for JE Transmission Residence under ECTD, Muzaffarnagar.",,,,,,,,,,,,,,,,UP Power Transmission Corp.Ltd (Works and Projects))||Chief Engineer (Civil-1)||Moradabad Circle,,,,,,"2,283,868",,2024-04-18,UP Power Transmission Corp.Ltd (Works and Projects))||Chief Engineer (Civil-1)||Moradabad Circle
2022_UPCTL_753722_1,S.T.E. Tender Notice-16/2022-23 Sl No-21/2022-23,"Civil Works for Increasing Capacity from (2x100)MVA T/F to   (2x100 Plus 160) MVA T/F with Transformer bay at 220 KV S/S Debai, Bulandshahr",,,,,,,,,,,,,,,,UP Power Transmission Corp.Ltd (Works and Projects))||Chief Engineer (Civil-1)||Moradabad Circle,,,,,,"6,721,940",,2024-04-27,UP Power Transmission Corp.Ltd (Works and Projects))||Chief Engineer (Civil-1)||Moradabad Circle
2022_UPCTL_753722_1,S.T.E. Tender Notice-16/2022-23 Sl No-21/2022-23,"Civil Works for Increasing Capacity from (2x100)MVA T/F to   (2x100 Plus 160) MVA T/F with Transformer bay at 220 KV S/S Debai, Bulandshahr",,,,,,,,,,,,,,,,UP Power Transmission Corp.Ltd (Works and Projects))||Chief Engineer (Civil-1)||Moradabad Circle,,,,,,"6,721,940",,2024-04-27,UP Power Transmission Corp.Ltd (Works and Projects))||Chief Engineer (Civil-1)||Moradabad Circle
2022_UPCTL_753737_1,S.T.E. Tender Notice-16/2021-22 Sl No-22/2022-23,Civil Works for Increasing Capacity from (2x160)MVA T/F to (3x160)MVA T/F with Transformer Bay at 220 KV S/S Jahangirabad Bulandshahr,,,,,,,,,,,,,,,,UP Power Transmission Corp.Ltd (Works and Projects))||Chief Engineer (Civil-1)||Moradabad Circle,,,,,,"7,125,116",,2024-04-27,UP Power Transmission Corp.Ltd (Works and Projects))||Chief Engineer (Civil-1)||Moradabad Circle
2022_UPCTL_757006_1,S.T.E. Tender Notice-18/2022-23 Sl No-24/2022-23,"Civil Works For Construction of Increasing Capacity From 3x63 MVA to 4x63 MVA  for 132/33 KV Transformer At 220 KV Substation Sahibabad , Ghaziabad",,,,,,,,,,,,,,,,UP Power Transmission Corp.Ltd (Works and Projects))||Chief Engineer (Civil-1)||Moradabad Circle,,,,,,"2,317,748",,2024-04-27,UP Power Transmission Corp.Ltd (Works and Projects))||Chief Engineer (Civil-1)||Moradabad Circle
2022_UPCTL_757006_1,S.T.E. Tender Notice-18/2022-23 Sl No-24/2022-23,"Civil Works For Construction of Increasing Capacity From 3x63 MVA to 4x63 MVA  for 132/33 KV Transformer At 220 KV Substation Sahibabad , Ghaziabad",,,,,,,,,,,,,,,,UP Power Transmission Corp.Ltd (Works and Projects))||Chief Engineer (Civil-1)||Moradabad Circle,,,,,,"2,317,748",,2024-04-27,UP Power Transmission Corp.Ltd (Works and Projects))||Chief Engineer (Civil-1)||Moradabad Circle
2022_UPCTL_760194_1,61-ECTC/MBD/2022-23,Civil work for Increasing Capacity 63 MVA Transformer Bay at 132 KV S/s Budhana Distt. Shamli.,,,,,,,,,,,,,,,,UP Power Transmission Corp.Ltd (Works and Projects))||Chief Engineer (Civil-1)||Moradabad Circle,,,,,,"4,301,403",,2024-04-20,UP Power Transmission Corp.Ltd (Works and Projects))||Chief Engineer (Civil-1)||Moradabad Circle
2022_UPCTL_760194_1,61-ECTC/MBD/2022-23,Civil work for Increasing Capacity 63 MVA Transformer Bay at 132 KV S/s Budhana Distt. Shamli.,,,,,,,,,,,,,,,,UP Power Transmission Corp.Ltd (Works and Projects))||Chief Engineer (Civil-1)||Moradabad Circle,,,,,,"4,301,403",,2024-04-20,UP Power Transmission Corp.Ltd (Works and Projects))||Chief Engineer (Civil-1)||Moradabad Circle
2022_UPCTL_762580_1,64-ECTC/MBD/2022-23,"Civil Work for construciton of increasing capacity from (2X40 1X20) MVA to (3X40 1X20) MVA at 132 KV S/s Babrala, Sambhal",,,,,,,,,,,,,,,,UP Power Transmission Corp.Ltd (Works and Projects))||Chief Engineer (Civil-1)||Moradabad Circle,,,,,,"3,097,648",,2024-04-18,UP Power Transmission Corp.Ltd (Works and Projects))||Chief Engineer (Civil-1)||Moradabad Circle
2022_UPCTL_762580_1,64-ECTC/MBD/2022-23,"Civil Work for construciton of increasing capacity from (2X40 1X20) MVA to (3X40 1X20) MVA at 132 KV S/s Babrala, Sambhal",,,,,,,,,,,,,,,,UP Power Transmission Corp.Ltd (Works and Projects))||Chief Engineer (Civil-1)||Moradabad Circle,,,,,,"3,097,648",,2024-04-18,UP Power Transmission Corp.Ltd (Works and Projects))||Chief Engineer (Civil-1)||Moradabad Circle
2022_UPCTL_750097_1,52-ECTC/MBD/2022-23,"M and R Works at Various Voltes Transmission Substations under jurisdiction of Electricity Transmission Circle-II, Moradabad.",,,,,,,,,,,,,,,,UP Power Transmission Corp.Ltd (Works and Projects))||Chief Engineer (Civil-1)||Moradabad Circle,,,,,,"17,980,186",,2024-04-18,UP Power Transmission Corp.Ltd (Works and Projects))||Chief Engineer (Civil-1)||Moradabad Circle
2022_UPCTL_750126_1,52-ECTC/MBD/2022-23,Civil Works for Construction of 01 No. 33 KV Independent feeder Bay for M/s Ennercell Alloys Steel Pvt. Ltd. at 132 KV S/s Chandpur Distt. Bijnor.,,,,,,,,,,,,,,,,UP Power Transmission Corp.Ltd (Works and Projects))||Chief Engineer (Civil-1)||Moradabad Circle,,,,,,"274,340",,2024-04-18,UP Power Transmission Corp.Ltd (Works and Projects))||Chief Engineer (Civil-1)||Moradabad Circle
2022_UPCTL_750145_1,52-ECTC/MBD/2022-23,"Civil Works for Const. of 220 KV Bus Coupler Bay at 220 KV S/s Majhola, Moradabad.",,,,,,,,,,,,,,,,UP Power Transmission Corp.Ltd (Works and Projects))||Chief Engineer (Civil-1)||Moradabad Circle,,,,,,"1,167,368",,2024-04-18,UP Power Transmission Corp.Ltd (Works and Projects))||Chief Engineer (Civil-1)||Moradabad Circle
2022_UPCTL_750171_1,52-ECTC/MBD/2022-23,"Civil Works for extns of switch yard for 132 KV Bus Coupler Bay and 2X10 MVAR C.Bank alongwith Dismantling of existing B/Wall (74.50M), Const. of new B/Wall (98.00M), Turfing in switch yard and other misc. Civil work at 132 KV S/s Bachhraun, Amroha",,,,,,,,,,,,,,,,UP Power Transmission Corp.Ltd (Works and Projects))||Chief Engineer (Civil-1)||Moradabad Circle,,,,,,"5,495,107",,2024-04-18,UP Power Transmission Corp.Ltd (Works and Projects))||Chief Engineer (Civil-1)||Moradabad Circle
2022_UPCTL_752866_1,54-ECTC/MBD/2022-23,Const. of 50 MVAR Reactor at 400 KV S/s Moradabad and Cons. of Station T/F And Auxiliary Foundation at 132 KV S/s Kanthroad Moradabad.,,,,,,,,,,,,,,,,UP Power Transmission Corp.Ltd (Works and Projects))||Chief Engineer (Civil-1)||Moradabad Circle,,,,,,"1,593,980",,2024-04-18,UP Power Transmission Corp.Ltd (Works and Projects))||Chief Engineer (Civil-1)||Moradabad Circle
2022_UPCTL_752916_1,54-ECTC/MBD/2022-23,"Civil work for Special M and R (floor tiles work, repair of toilet and painting work) of office of the Executive Engineer, Electricity Transmission Division-Amroha and Const. of 01 No. dustbin in colony premises at 132 KV S/s Amroha, Distt. Amroha.",,,,,,,,,,,,,,,,UP Power Transmission Corp.Ltd (Works and Projects))||Chief Engineer (Civil-1)||Moradabad Circle,,,,,,"335,868",,2024-04-18,UP Power Transmission Corp.Ltd (Works and Projects))||Chief Engineer (Civil-1)||Moradabad Circle
2022_UPCTL_752983_1,54-ECTC/MBD/2022-23,"Special M and R of Erecter Hostel at 220 KV S/s Majhola, Moradabad.",,,,,,,,,,,,,,,,UP Power Transmission Corp.Ltd (Works and Projects))||Chief Engineer (Civil-1)||Moradabad Circle,,,,,,"282,567",,2024-04-20,UP Power Transmission Corp.Ltd (Works and Projects))||Chief Engineer (Civil-1)||Moradabad Circle
2022_UPCTL_753407_1,S.T.E. Tender Notice-13/2022-23 Sl No-17/2022-23,Special Civil Maintenance Works for Type- 3rd Residences of Junior Engineer (Transmission) at Various Substation of Transmission West Meerut  under ECTC Noida and ECTD Gautam Buddha Nagar,,,,,,,,,,,,,,,,UP Power Transmission Corp.Ltd (Works and Projects))||Chief Engineer (Civil-1)||Moradabad Circle,,,,,,"2,597,384",,2024-04-27,UP Power Transmission Corp.Ltd (Works and Projects))||Chief Engineer (Civil-1)||Moradabad Circle
2022_UPCTL_753602_1,56-ECTC/MBD/2022-23,"Special M and R of Type III Quarter for JE Transmission Residence under ECTD, Moradabad.",,,,,,,,,,,,,,,,UP Power Transmission Corp.Ltd (Works and Projects))||Chief Engineer (Civil-1)||Moradabad Circle,,,,,,"807,439",,2024-04-18,UP Power Transmission Corp.Ltd (Works and Projects))||Chief Engineer (Civil-1)||Moradabad Circle
2022_UPCTL_753602_1,56-ECTC/MBD/2022-23,"Special M and R of Type III Quarter for JE Transmission Residence under ECTD, Moradabad.",,,,,,,,,,,,,,,,UP Power Transmission Corp.Ltd (Works and Projects))||Chief Engineer (Civil-1)||Moradabad Circle,,,,,,"807,439",,2024-04-18,UP Power Transmission Corp.Ltd (Works and Projects))||Chief Engineer (Civil-1)||Moradabad Circle
2022_UPCTL_726717_1,S.T E-Tender Notice-07/22-23/S.l No-08/22-23,"Civil works for M and R at various voltage Transmission Substations under Jurisdiction of Electricity Transmission Circle, Ghaziabad",,,,,,,,,,,,,,,,UP Power Transmission Corp.Ltd (Works and Projects))||Chief Engineer (Civil-1)||Noida Circle||Ghaziabad Division,,,,,,"26,562,367.89",,2024-04-24,UP Power Transmission Corp.Ltd (Works and Projects))||Chief Engineer (Civil-1)||Noida Circle||Ghaziabad Division
2022_UPCTL_739324_1,E-Tender Notice-09/22-23/S.l No-12/22-23,"Civil Works For Construction of Increasing Capacity From 2x63 MVA to 3x63 MVA With Transformer Bay At 220/132/33 KV Substation Murad Nagar, Ghaziabad",,,,,,,,,,,,,,,,UP Power Transmission Corp.Ltd (Works and Projects))||Chief Engineer (Civil-1)||Noida Circle||Ghaziabad Division,,,,,,"3,365,928",,2024-04-27,UP Power Transmission Corp.Ltd (Works and Projects))||Chief Engineer (Civil-1)||Noida Circle||Ghaziabad Division
2022_UPCTL_739324_1,E-Tender Notice-09/22-23/S.l No-12/22-23,"Civil Works For Construction of Increasing Capacity From 2x63 MVA to 3x63 MVA With Transformer Bay At 220/132/33 KV Substation Murad Nagar, Ghaziabad",,,,,,,,,,,,,,,,UP Power Transmission Corp.Ltd (Works and Projects))||Chief Engineer (Civil-1)||Noida Circle||Ghaziabad Division,,,,,,"3,365,928",,2024-04-27,UP Power Transmission Corp.Ltd (Works and Projects))||Chief Engineer (Civil-1)||Noida Circle||Ghaziabad Division
2022_UPCTL_739324_1,E-Tender Notice-09/22-23/S.l No-12/22-23,"Civil Works For Construction of Increasing Capacity From 2x63 MVA to 3x63 MVA With Transformer Bay At 220/132/33 KV Substation Murad Nagar, Ghaziabad",,,,,,,,,,,,,,,,UP Power Transmission Corp.Ltd (Works and Projects))||Chief Engineer (Civil-1)||Noida Circle||Ghaziabad Division,,,,,,"3,365,928",,2024-04-27,UP Power Transmission Corp.Ltd (Works and Projects))||Chief Engineer (Civil-1)||Noida Circle||Ghaziabad Division
2022_UPCTL_739344_1,E-Tender Notice-09/22-23/S.l No-13/22-23,"Civil Works For Construction of 02 No. Fire Protection Wall at 220 KV S/S Sahibabad, Ghaziabad.",,,,,,,,,,,,,,,,UP Power Transmission Corp.Ltd (Works and Projects))||Chief Engineer (Civil-1)||Noida Circle||Ghaziabad Division,,,,,,"813,677",,2024-04-27,UP Power Transmission Corp.Ltd (Works and Projects))||Chief Engineer (Civil-1)||Noida Circle||Ghaziabad Division
2022_UPCTL_744692_1,49-ECTC/MBD/2022-23,"Annual Civil O and M of Paareshan Bhawan at Victoria Park, Meerut",,,,,,,,,,,,,,,,UP Power Transmission Corp.Ltd (Works and Projects))||Chief Engineer (Civil-1)||Moradabad Circle,,,,,,"745,004",,2024-04-18,UP Power Transmission Corp.Ltd (Works and Projects))||Chief Engineer (Civil-1)||Moradabad Circle
2022_UPCTL_744692_1,49-ECTC/MBD/2022-23,"Annual Civil O and M of Paareshan Bhawan at Victoria Park, Meerut",,,,,,,,,,,,,,,,UP Power Transmission Corp.Ltd (Works and Projects))||Chief Engineer (Civil-1)||Moradabad Circle,,,,,,"745,004",,2024-04-18,UP Power Transmission Corp.Ltd (Works and Projects))||Chief Engineer (Civil-1)||Moradabad Circle
2022_UPCTL_750097_1,52-ECTC/MBD/2022-23,"M and R Works at Various Voltes Transmission Substations under jurisdiction of Electricity Transmission Circle-II, Moradabad.",,,,,,,,,,,,,,,,UP Power Transmission Corp.Ltd (Works and Projects))||Chief Engineer (Civil-1)||Moradabad Circle,,,,,,"17,980,186",,2024-04-18,UP Power Transmission Corp.Ltd (Works and Projects))||Chief Engineer (Civil-1)||Moradabad Circle
2022_DOLBU_733441_1,TAY_117,Ward number 34 Shahpur Mein Shri Vijendra Swaroop Jaiswal ke Makan se Vishal Samiyana Road Tak CC Sadak aur Nali ka Nirman Karya,,,,,,,,,,,,,,,,Directorate of Local Bodies UP||Gorakhpur Municipal Corporation,,,,,,"410,131.657",,2024-04-18,Directorate of Local Bodies UP||Gorakhpur Municipal Corporation
2022_DOLBU_733446_1,TAY_118,Ward number 34 Shahpur Mein Shamshad ke Makan se Vijendra Swaroop ke Makan Tak CC Sadak aur Nali ka Nirman Karya,,,,,,,,,,,,,,,,Directorate of Local Bodies UP||Gorakhpur Municipal Corporation,,,,,,"340,066.314",,2024-04-18,Directorate of Local Bodies UP||Gorakhpur Municipal Corporation
2022_DOLBU_733449_1,TAY_119,Ward number 34 Shahpur Mein Surendra Kumar ke Makan se Amarjeet ke Makan Tak Shishi Sadak aur Nali ka Nirman Karya,,,,,,,,,,,,,,,,Directorate of Local Bodies UP||Gorakhpur Municipal Corporation,,,,,,"250,755.993",,2024-04-18,Directorate of Local Bodies UP||Gorakhpur Municipal Corporation
2022_DOLBU_733454_1,TAY_120,Ward 34 Shri Chandrashekhar Mishra ke Makan se Manjeet Singh ke Makan Tak CC road aur Nali ka Nirman Karya,,,,,,,,,,,,,,,,Directorate of Local Bodies UP||Gorakhpur Municipal Corporation,,,,,,"291,684.389",,2024-04-18,Directorate of Local Bodies UP||Gorakhpur Municipal Corporation
2022_DOLBU_733463_1,TAY_122,Ward 34 Shahpur Mein Krishna Mohan ke Makan se Jugal Kishor ke Makan Tak CC road aur Nali ka Nirman Karya,,,,,,,,,,,,,,,,Directorate of Local Bodies UP||Gorakhpur Municipal Corporation,,,,,,"275,813.527",,2024-04-18,Directorate of Local Bodies UP||Gorakhpur Municipal Corporation
2022_DOLBU_733470_1,TAY_123,Ward 34 Bangali ke Makan se SP Pande ke Makan Tak CC road aur Nali ka Karya,,,,,,,,,,,,,,,,Directorate of Local Bodies UP||Gorakhpur Municipal Corporation,,,,,,"690,466.345",,2024-04-18,Directorate of Local Bodies UP||Gorakhpur Municipal Corporation
2022_DOLBU_733473_1,TAY_124,Ward 34 Shahpur Mein Murari Mishra Ke Ghar Se krishnanand Ke Ghar Tak CC road aur Nali ka Nirman Karya,,,,,,,,,,,,,,,,Directorate of Local Bodies UP||Gorakhpur Municipal Corporation,,,,,,"638,355.319",,2024-04-18,Directorate of Local Bodies UP||Gorakhpur Municipal Corporation
2022_DOLBU_727230_1,Rohini_RH_92,Rohini RH 92 me RCC nala Nirman,,,,,,,,,,,,,,,,Directorate of Local Bodies UP||Gorakhpur Municipal Corporation,,,,,,"28,158,865.894",,2024-04-25,Directorate of Local Bodies UP||Gorakhpur Municipal Corporation
2022_DOLBU_727369_1,Steping_Stone_Drain,Steping Stone me RCC Nala Nirman,,,,,,,,,,,,,,,,Directorate of Local Bodies UP||Gorakhpur Municipal Corporation,,,,,,"31,189,959.638",,2024-04-23,Directorate of Local Bodies UP||Gorakhpur Municipal Corporation
2022_DOLBU_731584_1,TAY_1,Graam khoraabaar men pich road se raamadaras v maadho pandey ke makaan hote hue snskaar school vaale road aur jaj saahab ke ghar hote hue snskaar school tak CC Sadak aur RCC Nali kaa nirman kaary.,,,,,,,,,,,,,,,,Directorate of Local Bodies UP||Gorakhpur Municipal Corporation,,,,,,"22,209,635.995",,2024-04-25,Directorate of Local Bodies UP||Gorakhpur Municipal Corporation
2022_DOLBU_731593_1,TAY_2,Ward 70 me motee laan ke bagal se koilahavaa gaanv hote huye sports college ko jodate huye aantarik galiyon men Rcc Nali aur CC sadak kaa kaary,,,,,,,,,,,,,,,,Directorate of Local Bodies UP||Gorakhpur Municipal Corporation,,,,,,"50,797,640.22",,2024-04-25,Directorate of Local Bodies UP||Gorakhpur Municipal Corporation
2022_DOLBU_731696_1,TAY_17,Gram Jungle Sikri mein dallu Yadav ke Makan se Neelu Singh ke Makan Tak vibhinn Galiyon Mein CC road AVN RCC Nali ka Nirman Karya,,,,,,,,,,,,,,,,Directorate of Local Bodies UP||Gorakhpur Municipal Corporation,,,,,,"11,398,625.79",,2024-04-23,Directorate of Local Bodies UP||Gorakhpur Municipal Corporation
2022_DOLBU_731700_1,TAY_19,Gram khorabar Amrita Nagari mein Swaminath Jaiswal ke dukaan se Rani diha siktaur Marg ke vibhinn Galiyon Mein CC Sadak aur Nali ka Nirman Karya,,,,,,,,,,,,,,,,Directorate of Local Bodies UP||Gorakhpur Municipal Corporation,,,,,,"10,027,302.82",,2024-04-25,Directorate of Local Bodies UP||Gorakhpur Municipal Corporation
2022_DOLBU_733407_1,TAY_115,Ward number 34 Shahpur Mein Ravindra Govind Rao ke Makan se Ajay Singh ke Makan Tak CC Sadak aur Nali ka Nirman Karya,,,,,,,,,,,,,,,,Directorate of Local Bodies UP||Gorakhpur Municipal Corporation,,,,,,"831,043.671",,2024-04-18,Directorate of Local Bodies UP||Gorakhpur Municipal Corporation
2022_DOLBU_733415_1,TAY_116,Ward number 34 Shahpur Mein Balkrishna ke Makan se Raju ke Makan Tak Shishi Sadak aur Nali ka Nirman Karya,,,,,,,,,,,,,,,,Directorate of Local Bodies UP||Gorakhpur Municipal Corporation,,,,,,"404,477.12",,2024-04-18,Directorate of Local Bodies UP||Gorakhpur Municipal Corporation
2022_CEUVZ_743695_7,2874/10 Lekha dt. 17.10.2022,SR of NH29 to Taranpur mod to samudaik milan Kendra Lr,,,,,,,,,,,,,,,,"Chief Engineer PWD Varanasi Zone||S.E. Jaunpur - Ghazipur Circle PWD Jaunpur||Provincial Division, PWD Ghazipur",,,,,,"390,845",,2024-04-08,"Chief Engineer PWD Varanasi Zone||S.E. Jaunpur - Ghazipur Circle PWD Jaunpur||Provincial Division, PWD Ghazipur"
2022_CEUVZ_743695_7,2874/10 Lekha dt. 17.10.2022,SR of NH29 to Taranpur mod to samudaik milan Kendra Lr,,,,,,,,,,,,,,,,"Chief Engineer PWD Varanasi Zone||S.E. Jaunpur - Ghazipur Circle PWD Jaunpur||Provincial Division, PWD Ghazipur",,,,,,"390,845",,2024-04-08,"Chief Engineer PWD Varanasi Zone||S.E. Jaunpur - Ghazipur Circle PWD Jaunpur||Provincial Division, PWD Ghazipur"
2022_CEUVZ_743695_8,2874/10 Lekha dt. 17.10.2022,SR of Jangipur Subhakharpur to Sathipur Lr,,,,,,,,,,,,,,,,"Chief Engineer PWD Varanasi Zone||S.E. Jaunpur - Ghazipur Circle PWD Jaunpur||Provincial Division, PWD Ghazipur",,,,,,"842,352",,2024-04-08,"Chief Engineer PWD Varanasi Zone||S.E. Jaunpur - Ghazipur Circle PWD Jaunpur||Provincial Division, PWD Ghazipur"
2022_CEUAZ_717764_1,2469/NIVIDA(CD)-BALLIA CIRCLE/22 DATE- 15.07.2022,Special repair and paint painting work of type-4 housing number-(J016 to J019) located in Judicial Residential Complex Ballia,,,,,,,,,,,,,,,,"Chief Engineer PWD Azamgarh Zone,Azamgarh||S.E. Balia Circle,PWD, Balia",,,,,,"3,983,778.64",,2024-04-10,"Chief Engineer PWD Azamgarh Zone,Azamgarh||S.E. Balia Circle,PWD, Balia"
2022_CEUAZ_717764_2,2469/NIVIDA(CD)-BALLIA CIRCLE/22 DATE- 15.07.2022,Special repair and paint painting work of Type-4 K-(06 No) - (J010 to J015) located in Judicial Residential Complex Ballia,,,,,,,,,,,,,,,,"Chief Engineer PWD Azamgarh Zone,Azamgarh||S.E. Balia Circle,PWD, Balia",,,,,,"5,770,251.63",,2024-04-10,"Chief Engineer PWD Azamgarh Zone,Azamgarh||S.E. Balia Circle,PWD, Balia"
2022_CEGKP_709821_46,1230/5Lekh Date 16.06.2022,Lot No 46 Renewal of Baranagar Canal Road to Nawali Link Road,,,,,,,,,,,,,,,,Chief Engineer Gorakhpur Zone PWD Gorakhpur UP||GORAKHPUAR CIRCLE PWD GORAKHPUR||EE PROVINCIAL DIVISION PWD GORAKHPUR,,,,,,"429,607",,2024-04-30,Chief Engineer Gorakhpur Zone PWD Gorakhpur UP||GORAKHPUAR CIRCLE PWD GORAKHPUR||EE PROVINCIAL DIVISION PWD GORAKHPUR
2022_CEGKP_709821_46,1230/5Lekh Date 16.06.2022,Lot No 46 Renewal of Baranagar Canal Road to Nawali Link Road,,,,,,,,,,,,,,,,Chief Engineer Gorakhpur Zone PWD Gorakhpur UP||GORAKHPUAR CIRCLE PWD GORAKHPUR||EE PROVINCIAL DIVISION PWD GORAKHPUR,,,,,,"429,607",,2024-04-30,Chief Engineer Gorakhpur Zone PWD Gorakhpur UP||GORAKHPUAR CIRCLE PWD GORAKHPUR||EE PROVINCIAL DIVISION PWD GORAKHPUR
2022_CEDPW_761725_4,4584 /98Com/Gonda Circle/2022-23 dated 19.12.2022,Construction of Jamadaarpurwa at Payerkhas  Link roadunder RIDF-27 in 2022-23,,,,,,,,,,,,,,,,Chief Engineer Devipatan (Gonda) Zone PWD Gonda||SE Gonda Circle PWD Gonda||EE Provincial Division PWD Gonda,,,,,,"16,504,779.75",,2024-04-24,Chief Engineer Devipatan (Gonda) Zone PWD Gonda||SE Gonda Circle PWD Gonda||EE Provincial Division PWD Gonda
2022_CEDPW_761725_4,4584 /98Com/Gonda Circle/2022-23 dated 19.12.2022,Construction of Jamadaarpurwa at Payerkhas  Link roadunder RIDF-27 in 2022-23,,,,,,,,,,,,,,,,Chief Engineer Devipatan (Gonda) Zone PWD Gonda||SE Gonda Circle PWD Gonda||EE Provincial Division PWD Gonda,,,,,,"16,504,779.75",,2024-04-24,Chief Engineer Devipatan (Gonda) Zone PWD Gonda||SE Gonda Circle PWD Gonda||EE Provincial Division PWD Gonda
2021_CEUAZ_578108_1,471/12A dt. 19-03-2021,renewal of surhurpur bandi kala to kudhwa link road,,,,,,,,,,,,,,,,"Chief Engineer PWD Azamgarh Zone,Azamgarh||S.E. Balia Circle,PWD, Balia||Provincial Division, PWD, Mau",,,,,,"925,230.42",,2024-04-06,"Chief Engineer PWD Azamgarh Zone,Azamgarh||S.E. Balia Circle,PWD, Balia||Provincial Division, PWD, Mau"
2021_CEUAZ_578115_1,471/12A dt. 19-03-2021,RENEWAL OF BADHUAGODAM KAJHA ROAD TO USMANPUR VIA MATHIYA,,,,,,,,,,,,,,,,"Chief Engineer PWD Azamgarh Zone,Azamgarh||S.E. Balia Circle,PWD, Balia||Provincial Division, PWD, Mau",,,,,,"662,453.35",,2024-04-06,"Chief Engineer PWD Azamgarh Zone,Azamgarh||S.E. Balia Circle,PWD, Balia||Provincial Division, PWD, Mau"
2021_DVVNL_666559_1,108/EDCE/2021-22,108/EDCE/2021-22,,,,,,,,,,,,,,,,Dakshinanchal Vidyut Vitran Nigam Ltd.,,,,,,"1,399,936.13",,2024-04-25,Dakshinanchal Vidyut Vitran Nigam Ltd.
2021_DVVNL_666559_1,108/EDCE/2021-22,108/EDCE/2021-22,,,,,,,,,,,,,,,,Dakshinanchal Vidyut Vitran Nigam Ltd.,,,,,,"1,399,936.13",,2024-04-25,Dakshinanchal Vidyut Vitran Nigam Ltd.
2021_REDUP_611380_9,499/red/tender/unnao/2021-22 date-05-07-2021,"Construction of Health and Wellness Center in Village-Satan, Vikash Khand Bhighapur, Distt. Unnao.",,,,,,,,,,,,,,,,Director Cum Chief Engineer RED||CHIEF ENGINEER EAST||SE LUCKNOW CIRCLE||EE UNNAO,,,,,,"406,084.48",,2024-04-16,Director Cum Chief Engineer RED||CHIEF ENGINEER EAST||SE LUCKNOW CIRCLE||EE UNNAO
2018_REDUP_258159_1,2534/RED/JyotaTajpur/2018-19,Tajpur Jamunapur,,,,,,,,,,,,,,,,Director Cum Chief Engineer RED||CHIEF ENGINEER EAST||SE KANPUR CIRCLE||EE FARRUKHABAD,,,,,,"1,155,882.68",,2024-04-22,Director Cum Chief Engineer RED||CHIEF ENGINEER EAST||SE KANPUR CIRCLE||EE FARRUKHABAD
2018_REDUP_258159_1,2534/RED/JyotaTajpur/2018-19,Tajpur Jamunapur,,,,,,,,,,,,,,,,Director Cum Chief Engineer RED||CHIEF ENGINEER EAST||SE KANPUR CIRCLE||EE FARRUKHABAD,,,,,,"1,155,882.68",,2024-04-22,Director Cum Chief Engineer RED||CHIEF ENGINEER EAST||SE KANPUR CIRCLE||EE FARRUKHABAD
2024_UPJNM_898496_1,84/  NIVIDA  / 02 DATED 08-02-2024,"Operation of Electrical and Mechanical equipment  including removal and disposal of choking materials garbage etc. at  12 MLD Morigate (New) sewage pumping station, Prayagraj.",,,,,,,,,,,,,,,,"U P Jal Nigam (HQ), Lucknow||Chief Engineer (Allahabad)||SE, Yantrik Circle, Allahabad||PM, Ganga Pollution Control Unit (II) E-M, Alld",,,,,,"538,977",,2024-04-05,"U P Jal Nigam (HQ), Lucknow||Chief Engineer (Allahabad)||SE, Yantrik Circle, Allahabad||PM, Ganga Pollution Control Unit (II) E-M, Alld"
2024_RVUNL_876899_1,T-01/UNL/COMMERCIAL/2023-24,Misc Works of Commercial Unit for FY 2024-25,,,,,,,,,,,,,,,,"UP Rajya Vidyut Utpadan Nigam Ltd||UP Rajya Vidyut Utpadan Nigam Ltd,HQ",,,,,,"850,000",,2024-04-01,"UP Rajya Vidyut Utpadan Nigam Ltd||UP Rajya Vidyut Utpadan Nigam Ltd,HQ"
2024_RVUNL_878552_1,01/SE-TRAINING/UNL/2024-25,Consultancy Services  for ISO Certification at UPRVUNL,,,,,,,,,,,,,,,,"UP Rajya Vidyut Utpadan Nigam Ltd||UP Rajya Vidyut Utpadan Nigam Ltd,HQ",,,,,,"226,560",,2024-04-27,"UP Rajya Vidyut Utpadan Nigam Ltd||UP Rajya Vidyut Utpadan Nigam Ltd,HQ"
2024_RVUNL_889261_1,N-OBR/B/MMCII/PDIII/6000004411,"Miscellaneous items for BTPS, Obra, Sonebhadra (U.P.)",,,,,,,,,,,,,,,,UP Rajya Vidyut Utpadan Nigam Ltd||Obra Thermal Power Project- UPRVUNL- Sonebhadra,,,,,,"118,016",,2024-04-08,UP Rajya Vidyut Utpadan Nigam Ltd||Obra Thermal Power Project- UPRVUNL- Sonebhadra
2024_RVUNL_889261_1,N-OBR/B/MMCII/PDIII/6000004411,"Miscellaneous items for BTPS, Obra, Sonebhadra (U.P.)",,,,,,,,,,,,,,,,UP Rajya Vidyut Utpadan Nigam Ltd||Obra Thermal Power Project- UPRVUNL- Sonebhadra,,,,,,"118,016",,2024-04-08,UP Rajya Vidyut Utpadan Nigam Ltd||Obra Thermal Power Project- UPRVUNL- Sonebhadra
2024_RVUNL_889261_1,N-OBR/B/MMCII/PDIII/6000004411,"Miscellaneous items for BTPS, Obra, Sonebhadra (U.P.)",,,,,,,,,,,,,,,,UP Rajya Vidyut Utpadan Nigam Ltd||Obra Thermal Power Project- UPRVUNL- Sonebhadra,,,,,,"118,016",,2024-04-08,UP Rajya Vidyut Utpadan Nigam Ltd||Obra Thermal Power Project- UPRVUNL- Sonebhadra
2024_REDUP_910975_2,1434/EE/RED-Gonda/23-24 Date 29/02/2024,Gram Panchayat Gokula me sadak se Sabha Bahadur Singh ke ghar hote hue Pradeep Singh ke ghar tak rabarmold Interlocking karya,,,,,,,,,,,,,,,,Director Cum Chief Engineer RED||CHIEF ENGINEER EAST||SE DEVIPATAN CIRCLE||EE GONDA,,,,,,"354,148.11",,2024-04-22,Director Cum Chief Engineer RED||CHIEF ENGINEER EAST||SE DEVIPATAN CIRCLE||EE GONDA
2024_REDUP_910975_2,1434/EE/RED-Gonda/23-24 Date 29/02/2024,Gram Panchayat Gokula me sadak se Sabha Bahadur Singh ke ghar hote hue Pradeep Singh ke ghar tak rabarmold Interlocking karya,,,,,,,,,,,,,,,,Director Cum Chief Engineer RED||CHIEF ENGINEER EAST||SE DEVIPATAN CIRCLE||EE GONDA,,,,,,"354,148.11",,2024-04-22,Director Cum Chief Engineer RED||CHIEF ENGINEER EAST||SE DEVIPATAN CIRCLE||EE GONDA
2024_REDUP_911957_5,1030/NOTICE/2023-24 DATE 12-02-2024,Repair and painting work of boundary ball of Balrampur Sports Stadium.,,,,,,,,,,,,,,,,Director Cum Chief Engineer RED||CHIEF ENGINEER EAST||SE DEVIPATAN CIRCLE||EE BALRAMPUR,,,,,,"1,204,934.6",,2024-04-24,Director Cum Chief Engineer RED||CHIEF ENGINEER EAST||SE DEVIPATAN CIRCLE||EE BALRAMPUR
2024_REDUP_911957_5,1030/NOTICE/2023-24 DATE 12-02-2024,Repair and painting work of boundary ball of Balrampur Sports Stadium.,,,,,,,,,,,,,,,,Director Cum Chief Engineer RED||CHIEF ENGINEER EAST||SE DEVIPATAN CIRCLE||EE BALRAMPUR,,,,,,"1,204,934.6",,2024-04-24,Director Cum Chief Engineer RED||CHIEF ENGINEER EAST||SE DEVIPATAN CIRCLE||EE BALRAMPUR
2024_REDUP_912276_1,3604/RED/Tender/2023-24 Dt. 02.02.2024,Maharani Laxmibai Medical College Jhansi mai pump house mai sthapit CWR Tank Ki water proofing and jirondhar ka karya,,,,,,,,,,,,,,,,Director Cum Chief Engineer RED||CHIEF ENGINEER WEST||SE JHANSI CIRCLE||EE JHANSI,,,,,,"3,308,697.49",,2024-04-12,Director Cum Chief Engineer RED||CHIEF ENGINEER WEST||SE JHANSI CIRCLE||EE JHANSI
2024_REDUP_910406_2,3521/red/tender/unnao/23-24 dt-12-02-2024,Gram Panchyat  Khargaoora Vikash Khand Safipur me Ramdas Charasiya Ke Ghar Se Bargadiya Minder tak Interlocking Road Ka Nirman karYE,,,,,,,,,,,,,,,,Director Cum Chief Engineer RED||CHIEF ENGINEER EAST||SE LUCKNOW CIRCLE||EE UNNAO,,,,,,"1,479,669.52",,2024-04-16,Director Cum Chief Engineer RED||CHIEF ENGINEER EAST||SE LUCKNOW CIRCLE||EE UNNAO
2024_REDUP_910406_5,3521/red/tender/unnao/23-24 dt-12-02-2024,Gram Panchyat Pidna Vikash Khand Bangarmau me Devi Minder se Ram Narayan Kuril Ke Ghar tak Interlocking Road Ka Nirman karye,,,,,,,,,,,,,,,,Director Cum Chief Engineer RED||CHIEF ENGINEER EAST||SE LUCKNOW CIRCLE||EE UNNAO,,,,,,"1,198,804.52",,2024-04-18,Director Cum Chief Engineer RED||CHIEF ENGINEER EAST||SE LUCKNOW CIRCLE||EE UNNAO
2024_REDUP_910406_5,3521/red/tender/unnao/23-24 dt-12-02-2024,Gram Panchyat Pidna Vikash Khand Bangarmau me Devi Minder se Ram Narayan Kuril Ke Ghar tak Interlocking Road Ka Nirman karye,,,,,,,,,,,,,,,,Director Cum Chief Engineer RED||CHIEF ENGINEER EAST||SE LUCKNOW CIRCLE||EE UNNAO,,,,,,"1,198,804.52",,2024-04-18,Director Cum Chief Engineer RED||CHIEF ENGINEER EAST||SE LUCKNOW CIRCLE||EE UNNAO
2024_REDUP_910975_2,1434/EE/RED-Gonda/23-24 Date 29/02/2024,Gram Panchayat Gokula me sadak se Sabha Bahadur Singh ke ghar hote hue Pradeep Singh ke ghar tak rabarmold Interlocking karya,,,,,,,,,,,,,,,,Director Cum Chief Engineer RED||CHIEF ENGINEER EAST||SE DEVIPATAN CIRCLE||EE GONDA,,,,,,"354,148.11",,2024-04-22,Director Cum Chief Engineer RED||CHIEF ENGINEER EAST||SE DEVIPATAN CIRCLE||EE GONDA
2024_REDUP_910975_2,1434/EE/RED-Gonda/23-24 Date 29/02/2024,Gram Panchayat Gokula me sadak se Sabha Bahadur Singh ke ghar hote hue Pradeep Singh ke ghar tak rabarmold Interlocking karya,,,,,,,,,,,,,,,,Director Cum Chief Engineer RED||CHIEF ENGINEER EAST||SE DEVIPATAN CIRCLE||EE GONDA,,,,,,"354,148.11",,2024-04-22,Director Cum Chief Engineer RED||CHIEF ENGINEER EAST||SE DEVIPATAN CIRCLE||EE GONDA
2024_REDUP_910172_2,"2139/RED/E-TENDER/2023-24, DATE 15.02.24",VIKAS KHAND SALEMPUR KE GRAM MALKAULI (MISHRAULI) ME DALIT BASTI ME CC ROAD KA NIRMAN KARYA,,,,,,,,,,,,,,,,Director Cum Chief Engineer RED||CHIEF ENGINEER EAST||SE GORAKHPUR CIRCLE||EE DEORIA,,,,,,"1,330,495.06",,2024-04-18,Director Cum Chief Engineer RED||CHIEF ENGINEER EAST||SE GORAKHPUR CIRCLE||EE DEORIA
2024_REDUP_910172_3,"2139/RED/E-TENDER/2023-24, DATE 15.02.24",VIKAS KHAND SALEMPUR KE GRAM DUMWALIA BABA CHAURAHA ME HARIJAN BASTI TAK CC ROAD KA NIRMAN KARYA,,,,,,,,,,,,,,,,Director Cum Chief Engineer RED||CHIEF ENGINEER EAST||SE GORAKHPUR CIRCLE||EE DEORIA,,,,,,"2,203,393.81",,2024-04-18,Director Cum Chief Engineer RED||CHIEF ENGINEER EAST||SE GORAKHPUR CIRCLE||EE DEORIA
2024_REDUP_910172_4,"2139/RED/E-TENDER/2023-24, DATE 15.02.24",VIKAS KHAND LAR KE GRAM BALUA GAURI ME PANKAJ GUPTA KE GHAR SE SURYABHAN KUSHWAHA KE GHAR TAK CC ROAD KA NIRMAN KARYA,,,,,,,,,,,,,,,,Director Cum Chief Engineer RED||CHIEF ENGINEER EAST||SE GORAKHPUR CIRCLE||EE DEORIA,,,,,,"968,830.97",,2024-04-18,Director Cum Chief Engineer RED||CHIEF ENGINEER EAST||SE GORAKHPUR CIRCLE||EE DEORIA
2024_REDUP_910360_1,1134/NOTICE/2023-24 DATE 29-02-2024,SUPPLY AND FIXING OF SUBMERCIBLE PUMP GOVT UCCHATAR MADHAYMIC VIDYALAYA SHIVPUR MAHANT IN GRAM PANCHAYAT SHIVPUR MAHANT.,,,,,,,,,,,,,,,,Director Cum Chief Engineer RED||CHIEF ENGINEER EAST||SE DEVIPATAN CIRCLE||EE BALRAMPUR,,,,,,"167,562.4",,2024-04-24,Director Cum Chief Engineer RED||CHIEF ENGINEER EAST||SE DEVIPATAN CIRCLE||EE BALRAMPUR
2024_REDUP_910360_2,1134/NOTICE/2023-24 DATE 29-02-2024,Work of establishment of drinking water in Government HR Sector Bahadurganj.,,,,,,,,,,,,,,,,Director Cum Chief Engineer RED||CHIEF ENGINEER EAST||SE DEVIPATAN CIRCLE||EE BALRAMPUR,,,,,,"167,562.4",,2024-04-24,Director Cum Chief Engineer RED||CHIEF ENGINEER EAST||SE DEVIPATAN CIRCLE||EE BALRAMPUR
2024_REDUP_910360_3,1134/NOTICE/2023-24 DATE 29-02-2024,SUPPLY AND FIXING OF SUBMERCIBLE PUMP GOVT HIGH SCHOOL VISHUNPUR VISHRAM IN GRAM PANCHAYAT VISHUNPUR VISHRAM .,,,,,,,,,,,,,,,,Director Cum Chief Engineer RED||CHIEF ENGINEER EAST||SE DEVIPATAN CIRCLE||EE BALRAMPUR,,,,,,"168,408.68",,2024-04-24,Director Cum Chief Engineer RED||CHIEF ENGINEER EAST||SE DEVIPATAN CIRCLE||EE BALRAMPUR
2024_REDUP_910360_4,1134/NOTICE/2023-24 DATE 29-02-2024,SUPPLY AND FIXING OF SUBMERCIBLE PUMP GOVT HIGH SCHOOL BAGHELKHAND IN GRAM PANCHAYAT BAGHELKHAND.,,,,,,,,,,,,,,,,Director Cum Chief Engineer RED||CHIEF ENGINEER EAST||SE DEVIPATAN CIRCLE||EE BALRAMPUR,,,,,,"167,562.4",,2024-04-24,Director Cum Chief Engineer RED||CHIEF ENGINEER EAST||SE DEVIPATAN CIRCLE||EE BALRAMPUR
2024_REDUP_910360_5,1134/NOTICE/2023-24 DATE 29-02-2024,SUPPLY AND FIXING OF SUBMERCIBLE PUMP GOVT UCCHATAR MADHAYMIC VIDYALAYA RAMNAGAR IN GRAM PANCHAYAT RAMNAGAR,,,,,,,,,,,,,,,,Director Cum Chief Engineer RED||CHIEF ENGINEER EAST||SE DEVIPATAN CIRCLE||EE BALRAMPUR,,,,,,"167,562.4",,2024-04-24,Director Cum Chief Engineer RED||CHIEF ENGINEER EAST||SE DEVIPATAN CIRCLE||EE BALRAMPUR
2024_REDUP_910406_1,3521/red/tender/unnao/23-24 dt-12-02-2024,Lucknow Bangarmau Bilharoor Marg per Takiya Chaurahe ke Nikat Kalyan Singh Dawar Ka Nirman karye.,,,,,,,,,,,,,,,,Director Cum Chief Engineer RED||CHIEF ENGINEER EAST||SE LUCKNOW CIRCLE||EE UNNAO,,,,,,"1,058,443.9",,2024-04-16,Director Cum Chief Engineer RED||CHIEF ENGINEER EAST||SE LUCKNOW CIRCLE||EE UNNAO
2024_REDUP_910091_29,1874/RED/Tender/2023-24,"Construction of CC road and drain from Chetram house to Gurucharan, Sandeep house to Naresh, primary school to Kishor house, Block- Kasmanda",,,,,,,,,,,,,,,,Director Cum Chief Engineer RED||CHIEF ENGINEER EAST||SE LUCKNOW CIRCLE||EE SITAPUR,,,,,,"1,524,872",,2024-04-29,Director Cum Chief Engineer RED||CHIEF ENGINEER EAST||SE LUCKNOW CIRCLE||EE SITAPUR
2024_REDUP_910172_2,"2139/RED/E-TENDER/2023-24, DATE 15.02.24",VIKAS KHAND SALEMPUR KE GRAM MALKAULI (MISHRAULI) ME DALIT BASTI ME CC ROAD KA NIRMAN KARYA,,,,,,,,,,,,,,,,Director Cum Chief Engineer RED||CHIEF ENGINEER EAST||SE GORAKHPUR CIRCLE||EE DEORIA,,,,,,"1,330,495.06",,2024-04-18,Director Cum Chief Engineer RED||CHIEF ENGINEER EAST||SE GORAKHPUR CIRCLE||EE DEORIA
2024_REDUP_910091_26,1874/RED/Tender/2023-24,"Laying of B.O.E. Soling from primary school to Pipri pond, Block- Sidhauli",,,,,,,,,,,,,,,,Director Cum Chief Engineer RED||CHIEF ENGINEER EAST||SE LUCKNOW CIRCLE||EE SITAPUR,,,,,,"1,585,704",,2024-04-29,Director Cum Chief Engineer RED||CHIEF ENGINEER EAST||SE LUCKNOW CIRCLE||EE SITAPUR
2024_REDUP_910091_26,1874/RED/Tender/2023-24,"Laying of B.O.E. Soling from primary school to Pipri pond, Block- Sidhauli",,,,,,,,,,,,,,,,Director Cum Chief Engineer RED||CHIEF ENGINEER EAST||SE LUCKNOW CIRCLE||EE SITAPUR,,,,,,"1,585,704",,2024-04-29,Director Cum Chief Engineer RED||CHIEF ENGINEER EAST||SE LUCKNOW CIRCLE||EE SITAPUR
2024_REDUP_910091_29,1874/RED/Tender/2023-24,"Construction of CC road and drain from Chetram house to Gurucharan, Sandeep house to Naresh, primary school to Kishor house, Block- Kasmanda",,,,,,,,,,,,,,,,Director Cum Chief Engineer RED||CHIEF ENGINEER EAST||SE LUCKNOW CIRCLE||EE SITAPUR,,,,,,"1,524,872",,2024-04-29,Director Cum Chief Engineer RED||CHIEF ENGINEER EAST||SE LUCKNOW CIRCLE||EE SITAPUR
2024_REDUP_910091_29,1874/RED/Tender/2023-24,"Construction of CC road and drain from Chetram house to Gurucharan, Sandeep house to Naresh, primary school to Kishor house, Block- Kasmanda",,,,,,,,,,,,,,,,Director Cum Chief Engineer RED||CHIEF ENGINEER EAST||SE LUCKNOW CIRCLE||EE SITAPUR,,,,,,"1,524,872",,2024-04-29,Director Cum Chief Engineer RED||CHIEF ENGINEER EAST||SE LUCKNOW CIRCLE||EE SITAPUR
2024_REDUP_910045_8,1040/ee/tender/dt.16.02.2024,Interlocking construction work from Hotilal house to Anoop house in village Charai.,,,,,,,,,,,,,,,,Director Cum Chief Engineer RED||CHIEF ENGINEER WEST||SE AGRA CIRCLE||EE FIROZABAD,,,,,,"1,175,416.16",,2024-04-18,Director Cum Chief Engineer RED||CHIEF ENGINEER WEST||SE AGRA CIRCLE||EE FIROZABAD
2024_REDUP_909964_2,835/EERED/FBD/2023-24,Construction of CC road and drain from Ram Niwas Sharmas house in village Veerpur to Kadakka Dam,,,,,,,,,,,,,,,,Director Cum Chief Engineer RED||CHIEF ENGINEER EAST||SE KANPUR CIRCLE||EE FARRUKHABAD,,,,,,"846,880.62",,2024-04-22,Director Cum Chief Engineer RED||CHIEF ENGINEER EAST||SE KANPUR CIRCLE||EE FARRUKHABAD
2024_UPIDM_908282_1,01/SE/2023-24,CHUDHARI CHARAN SINGH RAMGARH PURVII PUMP NAHAR KE PURNOUDHAR EWAM AADHUNIKIKARAN KI PARIYOJANA KE ANTRGAT PURANI LINNING (REACH 0.00 TO 3.450 KM) KE MARAMMAT SE SAMBANDHIT CIVIL KARYA,,,,,,,,,,,,,,,,U P Irrigation Department (Mechanical)||Chief Engineer (Tubewell East)||Superintending Engineer (Tubewell) Gorakhpur,,,,,,"6,886,774.5",,2024-04-10,U P Irrigation Department (Mechanical)||Chief Engineer (Tubewell East)||Superintending Engineer (Tubewell) Gorakhpur
2024_UPIDM_908282_1,01/SE/2023-24,CHUDHARI CHARAN SINGH RAMGARH PURVII PUMP NAHAR KE PURNOUDHAR EWAM AADHUNIKIKARAN KI PARIYOJANA KE ANTRGAT PURANI LINNING (REACH 0.00 TO 3.450 KM) KE MARAMMAT SE SAMBANDHIT CIVIL KARYA,,,,,,,,,,,,,,,,U P Irrigation Department (Mechanical)||Chief Engineer (Tubewell East)||Superintending Engineer (Tubewell) Gorakhpur,,,,,,"6,886,774.5",,2024-04-10,U P Irrigation Department (Mechanical)||Chief Engineer (Tubewell East)||Superintending Engineer (Tubewell) Gorakhpur
2024_REDUP_909238_1,1136/RED/Tender Notice/2023-24 Dt 14-02-2024,Gram Sabha Kamapur Vikash Khand Chhanbey me setuhar nala per rapata nirman,,,,,,,,,,,,,,,,Director Cum Chief Engineer RED||CHIEF ENGINEER EAST||SE MIRZAPUR CIRCLE||EE MIRZAPUR,,,,,,"4,595,946",,2024-04-19,Director Cum Chief Engineer RED||CHIEF ENGINEER EAST||SE MIRZAPUR CIRCLE||EE MIRZAPUR
2024_REDUP_908292_6,3521/red/tender/unnao/23-24 dt-12-02-2024,Sandeela Chaklwansi Bithoor Chaubeypur marg per Inayatpur  Ke Nikat Saheed Satan Pasi Dawar Ka Nirman karye.,,,,,,,,,,,,,,,,Director Cum Chief Engineer RED||CHIEF ENGINEER EAST||SE LUCKNOW CIRCLE||EE UNNAO,,,,,,"1,057,384.39",,2024-04-16,Director Cum Chief Engineer RED||CHIEF ENGINEER EAST||SE LUCKNOW CIRCLE||EE UNNAO
2024_REDUP_908292_9,3521/red/tender/unnao/23-24 dt-12-02-2024,Lucknow Bangarmau Bilharoor Marg per Akbarpur ke Nikat Atal Bihari Bajpai  Dawar Ka Nirman karye.,,,,,,,,,,,,,,,,Director Cum Chief Engineer RED||CHIEF ENGINEER EAST||SE LUCKNOW CIRCLE||EE UNNAO,,,,,,"1,058,443.9",,2024-04-10,Director Cum Chief Engineer RED||CHIEF ENGINEER EAST||SE LUCKNOW CIRCLE||EE UNNAO
2024_REDUP_908292_9,3521/red/tender/unnao/23-24 dt-12-02-2024,Lucknow Bangarmau Bilharoor Marg per Akbarpur ke Nikat Atal Bihari Bajpai  Dawar Ka Nirman karye.,,,,,,,,,,,,,,,,Director Cum Chief Engineer RED||CHIEF ENGINEER EAST||SE LUCKNOW CIRCLE||EE UNNAO,,,,,,"1,058,443.9",,2024-04-10,Director Cum Chief Engineer RED||CHIEF ENGINEER EAST||SE LUCKNOW CIRCLE||EE UNNAO
2024_REDUP_907876_1,3792/RED/NIVIDA/2023-24 Dt- 16.02.2024,Vikas Khand Chirgaon ke Gram Baghera main Chirgaon- Gursarai marg par isthit Parsuram Sastri ashram ke pass Swami Vivekanand ke naam par Gate ka Nirman karya.,,,,,,,,,,,,,,,,Director Cum Chief Engineer RED||CHIEF ENGINEER WEST||SE JHANSI CIRCLE||EE JHANSI,,,,,,"1,242,955.93",,2024-04-12,Director Cum Chief Engineer RED||CHIEF ENGINEER WEST||SE JHANSI CIRCLE||EE JHANSI
2024_REDUP_908292_1,3521/red/tender/unnao/23-24 dt-12-02-2024,Janpad Unnao me Safipur Miyanganj Marg per Miyanganj Chaurahe Ke Nikat Dr. Bheem Rav Ambadakar Dawar Ka Nirman karye.,,,,,,,,,,,,,,,,Director Cum Chief Engineer RED||CHIEF ENGINEER EAST||SE LUCKNOW CIRCLE||EE UNNAO,,,,,,"923,828.65",,2024-04-19,Director Cum Chief Engineer RED||CHIEF ENGINEER EAST||SE LUCKNOW CIRCLE||EE UNNAO
2024_REDUP_908292_2,3521/red/tender/unnao/23-24 dt-12-02-2024,Safipur Miyanganj Marg par Safipur Chaurahe Ke Nikat Pandit Deen Dayal Upadhyai  Dawar Ka Nirman karye.,,,,,,,,,,,,,,,,Director Cum Chief Engineer RED||CHIEF ENGINEER EAST||SE LUCKNOW CIRCLE||EE UNNAO,,,,,,"923,643.7",,2024-04-16,Director Cum Chief Engineer RED||CHIEF ENGINEER EAST||SE LUCKNOW CIRCLE||EE UNNAO
2024_REDUP_908292_4,3521/red/tender/unnao/23-24 dt-12-02-2024,Sandeela Chakalwansi Bithoor  Chabeyper Marg Per Chakalwansi Ke Nikat Mahirsi Balmiki  Dawar Ka Nirman karye.,,,,,,,,,,,,,,,,Director Cum Chief Engineer RED||CHIEF ENGINEER EAST||SE LUCKNOW CIRCLE||EE UNNAO,,,,,,"1,057,808.19",,2024-04-16,Director Cum Chief Engineer RED||CHIEF ENGINEER EAST||SE LUCKNOW CIRCLE||EE UNNAO
2024_REDUP_908292_4,3521/red/tender/unnao/23-24 dt-12-02-2024,Sandeela Chakalwansi Bithoor  Chabeyper Marg Per Chakalwansi Ke Nikat Mahirsi Balmiki  Dawar Ka Nirman karye.,,,,,,,,,,,,,,,,Director Cum Chief Engineer RED||CHIEF ENGINEER EAST||SE LUCKNOW CIRCLE||EE UNNAO,,,,,,"1,057,808.19",,2024-04-16,Director Cum Chief Engineer RED||CHIEF ENGINEER EAST||SE LUCKNOW CIRCLE||EE UNNAO
2024_REDUP_908292_5,3521/red/tender/unnao/23-24 dt-12-02-2024,Bilgram Unnao Prayagraj Marg per Gulab Could Storage Ke Nikat Bhagwati Charan Verma  Dawar Ka Nirman karye.,,,,,,,,,,,,,,,,Director Cum Chief Engineer RED||CHIEF ENGINEER EAST||SE LUCKNOW CIRCLE||EE UNNAO,,,,,,"1,057,808.19",,2024-04-16,Director Cum Chief Engineer RED||CHIEF ENGINEER EAST||SE LUCKNOW CIRCLE||EE UNNAO
2024_REDUP_907683_3,3757/EE/TENDER/23-24 DT. 13.02.2024,Vikas Khan Bamaur ke Gram Singar main Dr. Bangali ke samne Sarvajanik Bhumi par Vradhao ke liye Samudayik Bhawan/manoranjan kendra ka nirman karya.,,,,,,,,,,,,,,,,Director Cum Chief Engineer RED||CHIEF ENGINEER WEST||SE JHANSI CIRCLE||EE JHANSI,,,,,,"1,189,784.24",,2024-04-12,Director Cum Chief Engineer RED||CHIEF ENGINEER WEST||SE JHANSI CIRCLE||EE JHANSI
2024_REDUP_907683_4,3757/EE/TENDER/23-24 DT. 13.02.2024,Vikas khand bamaur ke gram Singar main Samudayik Gaushala main chaya Shed ka nirman karya.,,,,,,,,,,,,,,,,Director Cum Chief Engineer RED||CHIEF ENGINEER WEST||SE JHANSI CIRCLE||EE JHANSI,,,,,,"15,184,693.49",,2024-04-12,Director Cum Chief Engineer RED||CHIEF ENGINEER WEST||SE JHANSI CIRCLE||EE JHANSI
2024_REDUP_907750_1,3753/EE/RED/TENDER/23-24 DT. 13.02.2024,Jhansi main Bundelkhand Degree College ke Gate ka Nirman karya.,,,,,,,,,,,,,,,,Director Cum Chief Engineer RED||CHIEF ENGINEER WEST||SE JHANSI CIRCLE||EE JHANSI,,,,,,"1,240,530.32",,2024-04-12,Director Cum Chief Engineer RED||CHIEF ENGINEER WEST||SE JHANSI CIRCLE||EE JHANSI
2024_REDUP_907750_3,3753/EE/RED/TENDER/23-24 DT. 13.02.2024,Ward no 30 Ayodhyapuri ke G-Block main Panna Chakki bali gali siddhi vinayak mart ke samne ki gali ka nali sahit nirman.,,,,,,,,,,,,,,,,Director Cum Chief Engineer RED||CHIEF ENGINEER WEST||SE JHANSI CIRCLE||EE JHANSI,,,,,,"1,383,559.14",,2024-04-12,Director Cum Chief Engineer RED||CHIEF ENGINEER WEST||SE JHANSI CIRCLE||EE JHANSI
2024_REDUP_907750_6,3753/EE/RED/TENDER/23-24 DT. 13.02.2024,Samudayik Swasth kendra Mauranipur main Taylikaran abam Vidhutikaran ka karya.,,,,,,,,,,,,,,,,Director Cum Chief Engineer RED||CHIEF ENGINEER WEST||SE JHANSI CIRCLE||EE JHANSI,,,,,,"1,859,718.81",,2024-04-12,Director Cum Chief Engineer RED||CHIEF ENGINEER WEST||SE JHANSI CIRCLE||EE JHANSI
2024_REDUP_907750_6,3753/EE/RED/TENDER/23-24 DT. 13.02.2024,Samudayik Swasth kendra Mauranipur main Taylikaran abam Vidhutikaran ka karya.,,,,,,,,,,,,,,,,Director Cum Chief Engineer RED||CHIEF ENGINEER WEST||SE JHANSI CIRCLE||EE JHANSI,,,,,,"1,859,718.81",,2024-04-12,Director Cum Chief Engineer RED||CHIEF ENGINEER WEST||SE JHANSI CIRCLE||EE JHANSI
2024_REDUP_907750_7,3753/EE/RED/TENDER/23-24 DT. 13.02.2024,Samudayik Swasth kendra Mauranipur main Doctor ka liye Chamber Nirman Karya.,,,,,,,,,,,,,,,,Director Cum Chief Engineer RED||CHIEF ENGINEER WEST||SE JHANSI CIRCLE||EE JHANSI,,,,,,"1,999,004.36",,2024-04-12,Director Cum Chief Engineer RED||CHIEF ENGINEER WEST||SE JHANSI CIRCLE||EE JHANSI
2024_REDUP_907750_8,3753/EE/RED/TENDER/23-24 DT. 13.02.2024,Samudayik Swasth kendra Mauranipur main Emergency Bard ka Nirman Karya.,,,,,,,,,,,,,,,,Director Cum Chief Engineer RED||CHIEF ENGINEER WEST||SE JHANSI CIRCLE||EE JHANSI,,,,,,"2,076,913.43",,2024-04-12,Director Cum Chief Engineer RED||CHIEF ENGINEER WEST||SE JHANSI CIRCLE||EE JHANSI
2024_REDUP_907750_9,3753/EE/RED/TENDER/23-24 DT. 13.02.2024,mauranipur ke Parvaripura main Shantiniketan Dhanudhari mandir ke pass Teen Shed ka Nirman,,,,,,,,,,,,,,,,Director Cum Chief Engineer RED||CHIEF ENGINEER WEST||SE JHANSI CIRCLE||EE JHANSI,,,,,,"1,675,933.95",,2024-04-12,Director Cum Chief Engineer RED||CHIEF ENGINEER WEST||SE JHANSI CIRCLE||EE JHANSI
2024_REDUP_907683_1,3757/EE/TENDER/23-24 DT. 13.02.2024,Vikas Khan Bamaur ke Gram Singar main Hanuman mandir ke pass Samudayik bhawan/Vishramalay ka Nirman,,,,,,,,,,,,,,,,Director Cum Chief Engineer RED||CHIEF ENGINEER WEST||SE JHANSI CIRCLE||EE JHANSI,,,,,,"1,272,874.24",,2024-04-12,Director Cum Chief Engineer RED||CHIEF ENGINEER WEST||SE JHANSI CIRCLE||EE JHANSI
2024_REDUP_907683_1,3757/EE/TENDER/23-24 DT. 13.02.2024,Vikas Khan Bamaur ke Gram Singar main Hanuman mandir ke pass Samudayik bhawan/Vishramalay ka Nirman,,,,,,,,,,,,,,,,Director Cum Chief Engineer RED||CHIEF ENGINEER WEST||SE JHANSI CIRCLE||EE JHANSI,,,,,,"1,272,874.24",,2024-04-12,Director Cum Chief Engineer RED||CHIEF ENGINEER WEST||SE JHANSI CIRCLE||EE JHANSI
2024_REDUP_907683_2,3757/EE/TENDER/23-24 DT. 13.02.2024,Vikas Khan Bamaur ke Gram Singar main Mata mandir ke pass Samudayik bhawan/Vishramalay ka Nirman,,,,,,,,,,,,,,,,Director Cum Chief Engineer RED||CHIEF ENGINEER WEST||SE JHANSI CIRCLE||EE JHANSI,,,,,,"1,272,746.2",,2024-04-12,Director Cum Chief Engineer RED||CHIEF ENGINEER WEST||SE JHANSI CIRCLE||EE JHANSI
2024_REDUP_906527_1,3114/red/tender/unnao/22-23 Dt-24-01-2024,Gram Sadheera Mazra Purana Khera me Shankar Ke Ghar va Sandeep ke Ghar hote huwe Naresh Ke Ghar  tak Interlocking Road evm Nali ka Nirmna karye.,,,,,,,,,,,,,,,,Director Cum Chief Engineer RED||CHIEF ENGINEER EAST||SE LUCKNOW CIRCLE||EE UNNAO,,,,,,"1,497,089.23",,2024-04-16,Director Cum Chief Engineer RED||CHIEF ENGINEER EAST||SE LUCKNOW CIRCLE||EE UNNAO
2024_REDUP_905192_1,31/gra.a.vi./Etender/Fileno 118/23-24,Gram Sabha Devar Patti Sudeen ka Purwa men Ram Chander Saroj ke ghr se ram bhadur ke ghr tk Interlocking work Block Bihar,,,,,,,,,,,,,,,,Director Cum Chief Engineer RED||CHIEF ENGINEER EAST||SE ALLAHABAD CIRCLE||EE PRATAPGARH,,,,,,"1,133,270.181",,2024-04-13,Director Cum Chief Engineer RED||CHIEF ENGINEER EAST||SE ALLAHABAD CIRCLE||EE PRATAPGARH
2024_REDUP_905440_6,2990/RED/TENDER/BC/mrt/23-24 DT-02.02.2024,MEERUT KE VIKAS KHAND MAWANA K GRAM NEDU ME MAIN ROAD SE MAANGE KASHYAP KE MAKAAN TAK CC ROAD NIRMAAN KARYA,,,,,,,,,,,,,,,,Director Cum Chief Engineer RED||CHIEF ENGINEER WEST||SE MEERUT CIRCLE||EE MEERUT,,,,,,"1,386,566",,2024-04-22,Director Cum Chief Engineer RED||CHIEF ENGINEER WEST||SE MEERUT CIRCLE||EE MEERUT
2024_REDUP_904293_1,30/gra.a.vi./Etender/Fileno 118/23-24,Gram Wajidpur me Nazar Ki Bagh se Rajendra Singh ghr tk Sampark Marg Lepan Star Tk Block Kalakankar,,,,,,,,,,,,,,,,Director Cum Chief Engineer RED||CHIEF ENGINEER EAST||SE ALLAHABAD CIRCLE||EE PRATAPGARH,,,,,,"2,486,880.037",,2024-04-13,Director Cum Chief Engineer RED||CHIEF ENGINEER EAST||SE ALLAHABAD CIRCLE||EE PRATAPGARH
2024_REDUP_904309_1,30/gra.a.vi./Etender/Fileno 118/23-24,Khurhuji me Interlocking se nahar tk CC road and Puliya  Block Kalakankar,,,,,,,,,,,,,,,,Director Cum Chief Engineer RED||CHIEF ENGINEER EAST||SE ALLAHABAD CIRCLE||EE PRATAPGARH,,,,,,"1,159,383.074",,2024-04-15,Director Cum Chief Engineer RED||CHIEF ENGINEER EAST||SE ALLAHABAD CIRCLE||EE PRATAPGARH
2024_REDUP_904309_1,30/gra.a.vi./Etender/Fileno 118/23-24,Khurhuji me Interlocking se nahar tk CC road and Puliya  Block Kalakankar,,,,,,,,,,,,,,,,Director Cum Chief Engineer RED||CHIEF ENGINEER EAST||SE ALLAHABAD CIRCLE||EE PRATAPGARH,,,,,,"1,159,383.074",,2024-04-15,Director Cum Chief Engineer RED||CHIEF ENGINEER EAST||SE ALLAHABAD CIRCLE||EE PRATAPGARH
2024_REDUP_904184_1,1294dt01.02.2024,Vikas Khand Fattahpur Mandaw Gram Sabha Kandharapur Deeh Sthan se Jaiprakash Rajbhar ke Ghar tak Ruber Mold Interlocking Karya.,,,,,,,,,,,,,,,,Director Cum Chief Engineer RED||CHIEF ENGINEER EAST||SE AZAMGARH CIRCLE||EE MAU,,,,,,"988,046.71",,2024-04-03,Director Cum Chief Engineer RED||CHIEF ENGINEER EAST||SE AZAMGARH CIRCLE||EE MAU
2024_REDUP_904184_1,1294dt01.02.2024,Vikas Khand Fattahpur Mandaw Gram Sabha Kandharapur Deeh Sthan se Jaiprakash Rajbhar ke Ghar tak Ruber Mold Interlocking Karya.,,,,,,,,,,,,,,,,Director Cum Chief Engineer RED||CHIEF ENGINEER EAST||SE AZAMGARH CIRCLE||EE MAU,,,,,,"988,046.71",,2024-04-03,Director Cum Chief Engineer RED||CHIEF ENGINEER EAST||SE AZAMGARH CIRCLE||EE MAU
2024_REDUP_904189_1,1294dt01.02.2024,Vikas Khand Fattahpur Mandaw Gram Panchayat Lauwasath me Adalat Rajbahr ke ghar se Beerbal ke Ghar Tak Ruber Mold Interlocking Karya.,,,,,,,,,,,,,,,,Director Cum Chief Engineer RED||CHIEF ENGINEER EAST||SE AZAMGARH CIRCLE||EE MAU,,,,,,"2,109,160.53",,2024-04-03,Director Cum Chief Engineer RED||CHIEF ENGINEER EAST||SE AZAMGARH CIRCLE||EE MAU
2024_UPIDM_901475_1,47/LCDJ/EE/2023-24  Lot No 02,Construction of Brick Lining from Reach 0.00 k.m. to 0.230 k.m. in Barehta Branch Minor of Barehta Pump Canal Dist Jhansi,,,,,,,,,,,,,,,,U P Irrigation Department (Mechanical)||Chief Engineer (Tubewell Centre)||Superintending Engineer(Tubewell) - Jhansi||Executive Engineer (LCD)-Jhansi,,,,,,"1,488,116",,2024-04-18,U P Irrigation Department (Mechanical)||Chief Engineer (Tubewell Centre)||Superintending Engineer(Tubewell) - Jhansi||Executive Engineer (LCD)-Jhansi
2024_UPIDM_901475_1,47/LCDJ/EE/2023-24  Lot No 02,Construction of Brick Lining from Reach 0.00 k.m. to 0.230 k.m. in Barehta Branch Minor of Barehta Pump Canal Dist Jhansi,,,,,,,,,,,,,,,,U P Irrigation Department (Mechanical)||Chief Engineer (Tubewell Centre)||Superintending Engineer(Tubewell) - Jhansi||Executive Engineer (LCD)-Jhansi,,,,,,"1,488,116",,2024-04-18,U P Irrigation Department (Mechanical)||Chief Engineer (Tubewell Centre)||Superintending Engineer(Tubewell) - Jhansi||Executive Engineer (LCD)-Jhansi
2024_REDUP_904121_1,1294dt01.02.2024,Gram Sabha Parsupur Kohar Basti se Dhananjay Singh ke ghar hote huwe Mubarakpur ke Bagicha Tak Interlocking Karya.,,,,,,,,,,,,,,,,Director Cum Chief Engineer RED||CHIEF ENGINEER EAST||SE AZAMGARH CIRCLE||EE MAU,,,,,,"881,666.6",,2024-04-03,Director Cum Chief Engineer RED||CHIEF ENGINEER EAST||SE AZAMGARH CIRCLE||EE MAU
2024_REDUP_903666_2,3761/RED Tender KUSHINAGAR,Vikas Khand Khaddha me Rajkiya u.m.vi. Katai Bharpurwa me Sauchalay ka nirmad karya,,,,,,,,,,,,,,,,Director Cum Chief Engineer RED||CHIEF ENGINEER EAST||SE GORAKHPUR CIRCLE||EE KUSHINAGAR,,,,,,100,,2024-04-05,Director Cum Chief Engineer RED||CHIEF ENGINEER EAST||SE GORAKHPUR CIRCLE||EE KUSHINAGAR
2024_REDUP_903666_4,3761/RED Tender KUSHINAGAR,Vikas Khand Hata ke Naya Prathmik swasth Kendra Sakrauli me Boundrawall Nirmad Karya,,,,,,,,,,,,,,,,Director Cum Chief Engineer RED||CHIEF ENGINEER EAST||SE GORAKHPUR CIRCLE||EE KUSHINAGAR,,,,,,100,,2024-04-05,Director Cum Chief Engineer RED||CHIEF ENGINEER EAST||SE GORAKHPUR CIRCLE||EE KUSHINAGAR
2024_REDUP_903692_1,3784/RED Tender KUSHINAGAR,Gram Sabha Pandey Basdila me Mandir ke pass Rain Basera ka Nirmad karya,,,,,,,,,,,,,,,,Director Cum Chief Engineer RED||CHIEF ENGINEER EAST||SE GORAKHPUR CIRCLE||EE KUSHINAGAR,,,,,,100,,2024-04-08,Director Cum Chief Engineer RED||CHIEF ENGINEER EAST||SE GORAKHPUR CIRCLE||EE KUSHINAGAR
2024_REDUP_903620_2,3728/RED Tender KUSHINAGAR,GramSabha baluchaha me Ramchandra Pandey ke ghar se Santraaj yadav ke ghar tak CC road avm Nali nirmad karya,,,,,,,,,,,,,,,,Director Cum Chief Engineer RED||CHIEF ENGINEER EAST||SE GORAKHPUR CIRCLE||EE KUSHINAGAR,,,,,,100,,2024-04-05,Director Cum Chief Engineer RED||CHIEF ENGINEER EAST||SE GORAKHPUR CIRCLE||EE KUSHINAGAR
2024_REDUP_903620_2,3728/RED Tender KUSHINAGAR,GramSabha baluchaha me Ramchandra Pandey ke ghar se Santraaj yadav ke ghar tak CC road avm Nali nirmad karya,,,,,,,,,,,,,,,,Director Cum Chief Engineer RED||CHIEF ENGINEER EAST||SE GORAKHPUR CIRCLE||EE KUSHINAGAR,,,,,,100,,2024-04-05,Director Cum Chief Engineer RED||CHIEF ENGINEER EAST||SE GORAKHPUR CIRCLE||EE KUSHINAGAR
2024_REDUP_903420_18,3717/RED Tender KUSHINAGAR,Gram Sabha Rampur Sohraura me Jayram Paswan ke ghar se Lakshman Paswan ke ghar ke taraf CC road ka nirmad karya,,,,,,,,,,,,,,,,Director Cum Chief Engineer RED||CHIEF ENGINEER EAST||SE GORAKHPUR CIRCLE||EE KUSHINAGAR,,,,,,100,,2024-04-05,Director Cum Chief Engineer RED||CHIEF ENGINEER EAST||SE GORAKHPUR CIRCLE||EE KUSHINAGAR
2024_REDUP_903420_7,3717/RED Tender KUSHINAGAR,Gram Sabha Belwa Ghat me Baijnath Kiri ke khet se Nand Kishor Singh ke Ghar tak CC road karya,,,,,,,,,,,,,,,,Director Cum Chief Engineer RED||CHIEF ENGINEER EAST||SE GORAKHPUR CIRCLE||EE KUSHINAGAR,,,,,,100,,2024-04-05,Director Cum Chief Engineer RED||CHIEF ENGINEER EAST||SE GORAKHPUR CIRCLE||EE KUSHINAGAR
2024_REDUP_903420_8,3717/RED Tender KUSHINAGAR,Gram Sabha Raipur Bhaisahi me Yogendra Tiwari ke ghar se Birjhan Singh ke ghar jane wale marg par CC road nirmad karya,,,,,,,,,,,,,,,,Director Cum Chief Engineer RED||CHIEF ENGINEER EAST||SE GORAKHPUR CIRCLE||EE KUSHINAGAR,,,,,,100,,2024-04-05,Director Cum Chief Engineer RED||CHIEF ENGINEER EAST||SE GORAKHPUR CIRCLE||EE KUSHINAGAR
2024_REDUP_903254_24,1959 date 24.01.2024,VIKASH KHAND SAIDPUR KE GRAM PANCHAYAT MALIKPUR ME RAVI PRAKASH KE GHAR SE DIH BABA MANDIR TAK MITTI AND ENTERLOCKING ROAD NIRMAN,,,,,,,,,,,,,,,,Director Cum Chief Engineer RED||CHIEF ENGINEER EAST||SE VARANASI CIRCLE||EE GHAZIPUR,,,,,,"1,525,160.421",,2024-04-09,Director Cum Chief Engineer RED||CHIEF ENGINEER EAST||SE VARANASI CIRCLE||EE GHAZIPUR
2024_REDUP_903254_26,1959 date 24.01.2024,GRAM SABHA FULPUR ME LALMAN YADAV KE GHAR SE RAMKRIT KUSHWAHA KE KATRA TAK C.C. NIRMAN KARY,,,,,,,,,,,,,,,,Director Cum Chief Engineer RED||CHIEF ENGINEER EAST||SE VARANASI CIRCLE||EE GHAZIPUR,,,,,,"981,808.615",,2024-04-09,Director Cum Chief Engineer RED||CHIEF ENGINEER EAST||SE VARANASI CIRCLE||EE GHAZIPUR
2024_REDUP_903254_29,1959 date 24.01.2024,GRAM PANCHAYAT MAHUWARI ME SHYAM NARAYAN RAM KE GHAR SE BATKHARI RAM KE MAJAR KE AAGE TAK ENTERLOCKING NIRMAN KARY,,,,,,,,,,,,,,,,Director Cum Chief Engineer RED||CHIEF ENGINEER EAST||SE VARANASI CIRCLE||EE GHAZIPUR,,,,,,"1,099,484",,2024-04-02,Director Cum Chief Engineer RED||CHIEF ENGINEER EAST||SE VARANASI CIRCLE||EE GHAZIPUR
2024_REDUP_903420_11,3717/RED Tender KUSHINAGAR,Vikas khand Hata ke Gramsabha Rampur Patti me Samudayak Bhawan ka nirmad karya,,,,,,,,,,,,,,,,Director Cum Chief Engineer RED||CHIEF ENGINEER EAST||SE GORAKHPUR CIRCLE||EE KUSHINAGAR,,,,,,100,,2024-04-05,Director Cum Chief Engineer RED||CHIEF ENGINEER EAST||SE GORAKHPUR CIRCLE||EE KUSHINAGAR
2024_REDUP_903420_14,3717/RED Tender KUSHINAGAR,Vikas Khand Hata ke Gram Ahirauli me main Bazar me interlaking nirmad karya,,,,,,,,,,,,,,,,Director Cum Chief Engineer RED||CHIEF ENGINEER EAST||SE GORAKHPUR CIRCLE||EE KUSHINAGAR,,,,,,100,,2024-04-05,Director Cum Chief Engineer RED||CHIEF ENGINEER EAST||SE GORAKHPUR CIRCLE||EE KUSHINAGAR
2024_REDUP_903420_16,3717/RED Tender KUSHINAGAR,Vikas khand Kasya Sapha marg par Miliyam School ke samne CC road nirmad karya,,,,,,,,,,,,,,,,Director Cum Chief Engineer RED||CHIEF ENGINEER EAST||SE GORAKHPUR CIRCLE||EE KUSHINAGAR,,,,,,100,,2024-04-08,Director Cum Chief Engineer RED||CHIEF ENGINEER EAST||SE GORAKHPUR CIRCLE||EE KUSHINAGAR
2024_REDUP_903420_17,3717/RED Tender KUSHINAGAR,Vikas Khand Padrauna ke Dharmpur Bujurg me CC road va nali nirmad karya,,,,,,,,,,,,,,,,Director Cum Chief Engineer RED||CHIEF ENGINEER EAST||SE GORAKHPUR CIRCLE||EE KUSHINAGAR,,,,,,100,,2024-04-05,Director Cum Chief Engineer RED||CHIEF ENGINEER EAST||SE GORAKHPUR CIRCLE||EE KUSHINAGAR
2024_REDUP_903239_1,1132TENDER/ 23-24 Dt- 20.01.2024,Vikash khand kone ke gram panchayat mishri ke doma me Dr. ashok ke ghar se prathamik vidyalaya hote huye ambika ke ghar tak cc road ka nirman,,,,,,,,,,,,,,,,Director Cum Chief Engineer RED||CHIEF ENGINEER EAST||SE MIRZAPUR CIRCLE||EE SONBHADRA,,,,,,"2,507,656.65",,2024-04-06,Director Cum Chief Engineer RED||CHIEF ENGINEER EAST||SE MIRZAPUR CIRCLE||EE SONBHADRA
2024_REDUP_903241_1,1132TENDER/ 23-24 Dt- 20.01.2024,VIKASH KHAND CHOPAN KE ADALGANJ ME PAPPU HARIJAN KE GHAR SE PAIKA SAMPARK MARGE TAK CC ROAD KA NIRMAN,,,,,,,,,,,,,,,,Director Cum Chief Engineer RED||CHIEF ENGINEER EAST||SE MIRZAPUR CIRCLE||EE SONBHADRA,,,,,,"2,556,826.84",,2024-04-06,Director Cum Chief Engineer RED||CHIEF ENGINEER EAST||SE MIRZAPUR CIRCLE||EE SONBHADRA
2024_REDUP_903247_1,1132TENDER/ 23-24 Dt- 20.01.2024,Block kone ke gram panchayat karail me charki tola par vivah mandap ka nirman karya,,,,,,,,,,,,,,,,Director Cum Chief Engineer RED||CHIEF ENGINEER EAST||SE MIRZAPUR CIRCLE||EE SONBHADRA,,,,,,"1,161,505.61",,2024-04-06,Director Cum Chief Engineer RED||CHIEF ENGINEER EAST||SE MIRZAPUR CIRCLE||EE SONBHADRA
2024_REDUP_903252_1,1132TENDER/ 23-24 Dt- 20.01.2024,Block kone ke gram panchyat kharodhi ke tola bodar me pokhara ke pakchim dakchin kone se ramsurat harijan ke ghar tak sampark marge,,,,,,,,,,,,,,,,Director Cum Chief Engineer RED||CHIEF ENGINEER EAST||SE MIRZAPUR CIRCLE||EE SONBHADRA,,,,,,"3,042,206.68",,2024-04-06,Director Cum Chief Engineer RED||CHIEF ENGINEER EAST||SE MIRZAPUR CIRCLE||EE SONBHADRA
2024_REDUP_902897_1,1220/red/fzd dt 02.02.2024,C C work of the connecting road towards Kargil Thaar at the house of Veeresh ji in village Machan of development block Eka.,,,,,,,,,,,,,,,,Director Cum Chief Engineer RED||CHIEF ENGINEER WEST||SE AGRA CIRCLE,,,,,,"4,456,385",,2024-04-05,Director Cum Chief Engineer RED||CHIEF ENGINEER WEST||SE AGRA CIRCLE
2024_UPIDM_894608_1,33/SE/IWC1K/2023-24,"COMPOSITE WORK OF DREDGING BY DREDGER UNDER PROJECT  OF DREDGER WORK TO PROTECT VILLAGE ITHAUA PURAB, OTHER  VILLAGES AND ALINAGAR-GANESHPUR EMBANKMENT BLOCK- BARINBAGH, DISTT. BARABANKI SITUATED AT RIGHT BANK OF  RIVER SARYU",,,,,,,,,,,,,,,,U P Irrigation Department (Mechanical)||Central Equipment and Stores Procurement||S E  Irrigation Workshop Circle - I Kanpur,,,,,,"22,408,100",,2024-04-21,U P Irrigation Department (Mechanical)||Central Equipment and Stores Procurement||S E  Irrigation Workshop Circle - I Kanpur
2024_UPIDM_894608_1,33/SE/IWC1K/2023-24,"COMPOSITE WORK OF DREDGING BY DREDGER UNDER PROJECT  OF DREDGER WORK TO PROTECT VILLAGE ITHAUA PURAB, OTHER  VILLAGES AND ALINAGAR-GANESHPUR EMBANKMENT BLOCK- BARINBAGH, DISTT. BARABANKI SITUATED AT RIGHT BANK OF  RIVER SARYU",,,,,,,,,,,,,,,,U P Irrigation Department (Mechanical)||Central Equipment and Stores Procurement||S E  Irrigation Workshop Circle - I Kanpur,,,,,,"22,408,100",,2024-04-21,U P Irrigation Department (Mechanical)||Central Equipment and Stores Procurement||S E  Irrigation Workshop Circle - I Kanpur
2024_UPIDM_898313_1,36/SE/IWC1K/2023-24,"Operation and Maintenanace of Departmantal Dredger ELLICOTT Model-670 Capacity 350 m3 per hour solid with allied equpiment for  Dredging work under project of Dredging work in Ghaghra river to  protect Maipur, Mahuwapar,Gangapur  in District Basti.",,,,,,,,,,,,,,,,U P Irrigation Department (Mechanical)||Central Equipment and Stores Procurement||S E  Irrigation Workshop Circle - I Kanpur,,,,,,"13,121,120",,2024-04-21,U P Irrigation Department (Mechanical)||Central Equipment and Stores Procurement||S E  Irrigation Workshop Circle - I Kanpur
2024_UPIDM_898313_1,36/SE/IWC1K/2023-24,"Operation and Maintenanace of Departmantal Dredger ELLICOTT Model-670 Capacity 350 m3 per hour solid with allied equpiment for  Dredging work under project of Dredging work in Ghaghra river to  protect Maipur, Mahuwapar,Gangapur  in District Basti.",,,,,,,,,,,,,,,,U P Irrigation Department (Mechanical)||Central Equipment and Stores Procurement||S E  Irrigation Workshop Circle - I Kanpur,,,,,,"13,121,120",,2024-04-21,U P Irrigation Department (Mechanical)||Central Equipment and Stores Procurement||S E  Irrigation Workshop Circle - I Kanpur
2024_UPIDM_898313_1,36/SE/IWC1K/2023-24,"Operation and Maintenanace of Departmantal Dredger ELLICOTT Model-670 Capacity 350 m3 per hour solid with allied equpiment for  Dredging work under project of Dredging work in Ghaghra river to  protect Maipur, Mahuwapar,Gangapur  in District Basti.",,,,,,,,,,,,,,,,U P Irrigation Department (Mechanical)||Central Equipment and Stores Procurement||S E  Irrigation Workshop Circle - I Kanpur,,,,,,"13,121,120",,2024-04-21,U P Irrigation Department (Mechanical)||Central Equipment and Stores Procurement||S E  Irrigation Workshop Circle - I Kanpur
2024_REDUP_902737_15,3666/RED Tender KUSHINAGAR,Vikash khand ramkola ke gram pathardeva me bharti ke ghar se lakshman ke tak CC Road ka nirmad karya.,,,,,,,,,,,,,,,,Director Cum Chief Engineer RED||CHIEF ENGINEER EAST||SE GORAKHPUR CIRCLE||EE KUSHINAGAR,,,,,,"1,199,412",,2024-04-05,Director Cum Chief Engineer RED||CHIEF ENGINEER EAST||SE GORAKHPUR CIRCLE||EE KUSHINAGAR
2024_REDUP_902737_15,3666/RED Tender KUSHINAGAR,Vikash khand ramkola ke gram pathardeva me bharti ke ghar se lakshman ke tak CC Road ka nirmad karya.,,,,,,,,,,,,,,,,Director Cum Chief Engineer RED||CHIEF ENGINEER EAST||SE GORAKHPUR CIRCLE||EE KUSHINAGAR,,,,,,"1,199,412",,2024-04-05,Director Cum Chief Engineer RED||CHIEF ENGINEER EAST||SE GORAKHPUR CIRCLE||EE KUSHINAGAR
2024_REDUP_902737_16,3666/RED Tender KUSHINAGAR,Vikash khand dudahi kishan U M N lakhibag se brahm sthan tak CC Road ka nirmad karya.,,,,,,,,,,,,,,,,Director Cum Chief Engineer RED||CHIEF ENGINEER EAST||SE GORAKHPUR CIRCLE||EE KUSHINAGAR,,,,,,100,,2024-04-04,Director Cum Chief Engineer RED||CHIEF ENGINEER EAST||SE GORAKHPUR CIRCLE||EE KUSHINAGAR
2024_REDUP_902737_2,3666/RED Tender KUSHINAGAR,Gramsabha chiraihawa ke sishan tola me madan sadhu ke ghar ke paas bansi nadi par 2X5 miter span ki RCC puliya nimad.,,,,,,,,,,,,,,,,Director Cum Chief Engineer RED||CHIEF ENGINEER EAST||SE GORAKHPUR CIRCLE||EE KUSHINAGAR,,,,,,100,,2024-04-05,Director Cum Chief Engineer RED||CHIEF ENGINEER EAST||SE GORAKHPUR CIRCLE||EE KUSHINAGAR
2024_REDUP_902622_1,"2039/RED/E-TENDER/2023-24, DATE 02.02.24",GRAMSABHA KURAITI PWD SADAK SE RAMSANEHI KE GHAR TAK CC KARYA,,,,,,,,,,,,,,,,Director Cum Chief Engineer RED||CHIEF ENGINEER EAST||SE GORAKHPUR CIRCLE||EE DEORIA,,,,,,"1,124,575",,2024-04-24,Director Cum Chief Engineer RED||CHIEF ENGINEER EAST||SE GORAKHPUR CIRCLE||EE DEORIA
2024_REDUP_902622_1,"2039/RED/E-TENDER/2023-24, DATE 02.02.24",GRAMSABHA KURAITI PWD SADAK SE RAMSANEHI KE GHAR TAK CC KARYA,,,,,,,,,,,,,,,,Director Cum Chief Engineer RED||CHIEF ENGINEER EAST||SE GORAKHPUR CIRCLE||EE DEORIA,,,,,,"1,124,575",,2024-04-24,Director Cum Chief Engineer RED||CHIEF ENGINEER EAST||SE GORAKHPUR CIRCLE||EE DEORIA
2024_REDUP_902622_2,"2039/RED/E-TENDER/2023-24, DATE 02.02.24",GRAMSABHA FATEHPUR ME PIPARHAWA TOLA PWD SADAK SE JAYRAM V BADHU NISHAD KE GHAR TAK CC KARYA,,,,,,,,,,,,,,,,Director Cum Chief Engineer RED||CHIEF ENGINEER EAST||SE GORAKHPUR CIRCLE||EE DEORIA,,,,,,"925,513.46",,2024-04-24,Director Cum Chief Engineer RED||CHIEF ENGINEER EAST||SE GORAKHPUR CIRCLE||EE DEORIA
2024_REDUP_902622_3,"2039/RED/E-TENDER/2023-24, DATE 02.02.24",GRAMSABHA JADDU PARSIYA UJAGIR DHOBI KE GHAR SE RISHI SINGH KA GHAR HOTE HUE CHANDRABHUSHAN SINGH KE GHAR TAK SADAK NIRMAN,,,,,,,,,,,,,,,,Director Cum Chief Engineer RED||CHIEF ENGINEER EAST||SE GORAKHPUR CIRCLE||EE DEORIA,,,,,,"1,070,764.6",,2024-04-24,Director Cum Chief Engineer RED||CHIEF ENGINEER EAST||SE GORAKHPUR CIRCLE||EE DEORIA
2024_REDUP_902737_10,3666/RED Tender KUSHINAGAR,Gramsabha pipra mustakil amarva me shabhi yadav ke ghar se hira khushwaha ke ghar tak interlocking nirmad karya.,,,,,,,,,,,,,,,,Director Cum Chief Engineer RED||CHIEF ENGINEER EAST||SE GORAKHPUR CIRCLE||EE KUSHINAGAR,,,,,,100,,2024-04-08,Director Cum Chief Engineer RED||CHIEF ENGINEER EAST||SE GORAKHPUR CIRCLE||EE KUSHINAGAR
2024_REDUP_902737_11,3666/RED Tender KUSHINAGAR,Gramsabha gauri shreeram tola shrijan me prathamik vidyalay se vahid ansari ke ghar tak CC Road ka nirmad karya.,,,,,,,,,,,,,,,,Director Cum Chief Engineer RED||CHIEF ENGINEER EAST||SE GORAKHPUR CIRCLE||EE KUSHINAGAR,,,,,,100,,2024-04-05,Director Cum Chief Engineer RED||CHIEF ENGINEER EAST||SE GORAKHPUR CIRCLE||EE KUSHINAGAR
2024_REDUP_902737_15,3666/RED Tender KUSHINAGAR,Vikash khand ramkola ke gram pathardeva me bharti ke ghar se lakshman ke tak CC Road ka nirmad karya.,,,,,,,,,,,,,,,,Director Cum Chief Engineer RED||CHIEF ENGINEER EAST||SE GORAKHPUR CIRCLE||EE KUSHINAGAR,,,,,,"1,199,412",,2024-04-05,Director Cum Chief Engineer RED||CHIEF ENGINEER EAST||SE GORAKHPUR CIRCLE||EE KUSHINAGAR
2024_REDUP_902545_3,1003/ee/tender/dt.05.02.2024,Construction of drain and CC road from Vishnu house to Beniram mill in Nagla Bari Vijay Nagar.,,,,,,,,,,,,,,,,Director Cum Chief Engineer RED||CHIEF ENGINEER WEST||SE AGRA CIRCLE||EE FIROZABAD,,,,,,"1,413,815",,2024-04-26,Director Cum Chief Engineer RED||CHIEF ENGINEER WEST||SE AGRA CIRCLE||EE FIROZABAD
2024_REDUP_902545_4,1003/ee/tender/dt.05.02.2024,CC Road and drain construction work in total 03 streets from Ramjilal house to Sunil house and 02 link streets in front of the water tank in Mohalla Charbagh Ward No 18.,,,,,,,,,,,,,,,,Director Cum Chief Engineer RED||CHIEF ENGINEER WEST||SE AGRA CIRCLE||EE FIROZABAD,,,,,,"2,386,910",,2024-04-26,Director Cum Chief Engineer RED||CHIEF ENGINEER WEST||SE AGRA CIRCLE||EE FIROZABAD
2024_REDUP_902545_6,1003/ee/tender/dt.05.02.2024,CC Road and drain construction work from Murari Lal House to the ashram gate adjacent to Mohalla Jagdamba Nagar Indra Colony.,,,,,,,,,,,,,,,,Director Cum Chief Engineer RED||CHIEF ENGINEER WEST||SE AGRA CIRCLE||EE FIROZABAD,,,,,,"1,511,885",,2024-04-27,Director Cum Chief Engineer RED||CHIEF ENGINEER WEST||SE AGRA CIRCLE||EE FIROZABAD
2024_REDUP_902545_6,1003/ee/tender/dt.05.02.2024,CC Road and drain construction work from Murari Lal House to the ashram gate adjacent to Mohalla Jagdamba Nagar Indra Colony.,,,,,,,,,,,,,,,,Director Cum Chief Engineer RED||CHIEF ENGINEER WEST||SE AGRA CIRCLE||EE FIROZABAD,,,,,,"1,511,885",,2024-04-27,Director Cum Chief Engineer RED||CHIEF ENGINEER WEST||SE AGRA CIRCLE||EE FIROZABAD
2024_REDUP_902545_7,1003/ee/tender/dt.05.02.2024,CC Road and drain construction work from mohalla new ojha nagar main selaish tailor chandrapal kashyap house from selaish chakki Via Sitaram house to Virendra Parchuni shop .,,,,,,,,,,,,,,,,Director Cum Chief Engineer RED||CHIEF ENGINEER WEST||SE AGRA CIRCLE||EE FIROZABAD,,,,,,"2,449,435",,2024-04-27,Director Cum Chief Engineer RED||CHIEF ENGINEER WEST||SE AGRA CIRCLE||EE FIROZABAD
2024_REDUP_902545_8,1003/ee/tender/dt.05.02.2024,CC Road and drain construction work from Satya Prakash Prajapati house to Vijay Arya house on the main road in Mohalla Kaushalya Nagar in ward number 11.,,,,,,,,,,,,,,,,Director Cum Chief Engineer RED||CHIEF ENGINEER WEST||SE AGRA CIRCLE||EE FIROZABAD,,,,,,"1,985,461",,2024-04-27,Director Cum Chief Engineer RED||CHIEF ENGINEER WEST||SE AGRA CIRCLE||EE FIROZABAD
2024_REDUP_902199_4,1662/RED/Tender Notice/2023-24 Dt 05-02-2024,Gram Sabha hinauta tedha Mein Ram dular Morya Ke Ghar Ke Samne Pakki Sadak se Diwesh kushwaha ke ghar Tak interlocking ka Karya,,,,,,,,,,,,,,,,Director Cum Chief Engineer RED||CHIEF ENGINEER EAST||SE MIRZAPUR CIRCLE||EE MIRZAPUR,,,,,,"1,626,075",,2024-04-18,Director Cum Chief Engineer RED||CHIEF ENGINEER EAST||SE MIRZAPUR CIRCLE||EE MIRZAPUR
2024_REDUP_902199_5,1662/RED/Tender Notice/2023-24 Dt 05-02-2024,Gram Sabha Noha main harijan basti se Jaiswal Basti Tak interlocking Karya,,,,,,,,,,,,,,,,Director Cum Chief Engineer RED||CHIEF ENGINEER EAST||SE MIRZAPUR CIRCLE||EE MIRZAPUR,,,,,,"2,497,750",,2024-04-18,Director Cum Chief Engineer RED||CHIEF ENGINEER EAST||SE MIRZAPUR CIRCLE||EE MIRZAPUR
2024_REDUP_902199_6,1662/RED/Tender Notice/2023-24 Dt 05-02-2024,Gram Sabha gorahi Lacha Patti Mein Bablu Gupta Ke Ghar Se Atma Ram Gupta ke Makan Tak interlocking karya,,,,,,,,,,,,,,,,Director Cum Chief Engineer RED||CHIEF ENGINEER EAST||SE MIRZAPUR CIRCLE||EE MIRZAPUR,,,,,,"2,497,687",,2024-04-18,Director Cum Chief Engineer RED||CHIEF ENGINEER EAST||SE MIRZAPUR CIRCLE||EE MIRZAPUR
2024_REDUP_902199_9,1662/RED/Tender Notice/2023-24 Dt 05-02-2024,Gram Sabha vijaypura Bhavandasvan main Shyam Ji bind k se  Shyam Lal bind ke ghar Tak interlocking ka Karya,,,,,,,,,,,,,,,,Director Cum Chief Engineer RED||CHIEF ENGINEER EAST||SE MIRZAPUR CIRCLE||EE MIRZAPUR,,,,,,"1,041,436",,2024-04-18,Director Cum Chief Engineer RED||CHIEF ENGINEER EAST||SE MIRZAPUR CIRCLE||EE MIRZAPUR
2024_REDUP_902453_2,2881/RED/TENDER/BC/23-24 DT-23.01.2024,GRAM NAWAL SURAJPUR ME SHRI SHYAMSINGH KE MAKAAN SE JAMEEL PUNCHAR WALE KI DUKAAN TAK CC TILES KA NIRMAAN KARYA,,,,,,,,,,,,,,,,Director Cum Chief Engineer RED||CHIEF ENGINEER WEST||SE MEERUT CIRCLE||EE MEERUT,,,,,,"1,369,171",,2024-04-02,Director Cum Chief Engineer RED||CHIEF ENGINEER WEST||SE MEERUT CIRCLE||EE MEERUT
2024_REDUP_902455_4,2881/RED/TENDER/BC/23-24 DT-23.01.2024,GRAM SATWAI  ME SEKALME WALE RIGHT BHOLA RAJWAHA BHOLA SATWAI ROAD PAR RIGHT PATRI PAR INTERLOCKING TILES KARYA,,,,,,,,,,,,,,,,Director Cum Chief Engineer RED||CHIEF ENGINEER WEST||SE MEERUT CIRCLE||EE MEERUT,,,,,,"1,695,132",,2024-04-08,Director Cum Chief Engineer RED||CHIEF ENGINEER WEST||SE MEERUT CIRCLE||EE MEERUT
2024_REDUP_902545_1,1003/ee/tender/dt.05.02.2024,Construction work of barat ghar near Man Singh and Anand Kumar in Mohalla Karbala street number 09.,,,,,,,,,,,,,,,,Director Cum Chief Engineer RED||CHIEF ENGINEER WEST||SE AGRA CIRCLE||EE FIROZABAD,,,,,,"1,830,717",,2024-04-26,Director Cum Chief Engineer RED||CHIEF ENGINEER WEST||SE AGRA CIRCLE||EE FIROZABAD
2024_REDUP_902545_3,1003/ee/tender/dt.05.02.2024,Construction of drain and CC road from Vishnu house to Beniram mill in Nagla Bari Vijay Nagar.,,,,,,,,,,,,,,,,Director Cum Chief Engineer RED||CHIEF ENGINEER WEST||SE AGRA CIRCLE||EE FIROZABAD,,,,,,"1,413,815",,2024-04-26,Director Cum Chief Engineer RED||CHIEF ENGINEER WEST||SE AGRA CIRCLE||EE FIROZABAD
2024_REDUP_902199_3,1662/RED/Tender Notice/2023-24 Dt 05-02-2024,Gram Sabha Akhbar Mein Sharma Basti Se bachanu Bind ke Ghar Hote hue Gopal bind ke machine Tak,,,,,,,,,,,,,,,,Director Cum Chief Engineer RED||CHIEF ENGINEER EAST||SE MIRZAPUR CIRCLE||EE MIRZAPUR,,,,,,"2,493,749",,2024-04-18,Director Cum Chief Engineer RED||CHIEF ENGINEER EAST||SE MIRZAPUR CIRCLE||EE MIRZAPUR
2024_REDUP_902199_1,1662/RED/Tender Notice/2023-24 Dt 05-02-2024,Sukhram Sabha Pahadi mein men road se Ratan Moriya ke ghar Hote Hue Lallu Chauhan ke ghar interlocking ka Karya,,,,,,,,,,,,,,,,Director Cum Chief Engineer RED||CHIEF ENGINEER EAST||SE MIRZAPUR CIRCLE||EE MIRZAPUR,,,,,,"2,133,606",,2024-04-18,Director Cum Chief Engineer RED||CHIEF ENGINEER EAST||SE MIRZAPUR CIRCLE||EE MIRZAPUR
2024_REDUP_902199_3,1662/RED/Tender Notice/2023-24 Dt 05-02-2024,Gram Sabha Akhbar Mein Sharma Basti Se bachanu Bind ke Ghar Hote hue Gopal bind ke machine Tak,,,,,,,,,,,,,,,,Director Cum Chief Engineer RED||CHIEF ENGINEER EAST||SE MIRZAPUR CIRCLE||EE MIRZAPUR,,,,,,"2,493,749",,2024-04-18,Director Cum Chief Engineer RED||CHIEF ENGINEER EAST||SE MIRZAPUR CIRCLE||EE MIRZAPUR
2024_REDUP_902199_3,1662/RED/Tender Notice/2023-24 Dt 05-02-2024,Gram Sabha Akhbar Mein Sharma Basti Se bachanu Bind ke Ghar Hote hue Gopal bind ke machine Tak,,,,,,,,,,,,,,,,Director Cum Chief Engineer RED||CHIEF ENGINEER EAST||SE MIRZAPUR CIRCLE||EE MIRZAPUR,,,,,,"2,493,749",,2024-04-18,Director Cum Chief Engineer RED||CHIEF ENGINEER EAST||SE MIRZAPUR CIRCLE||EE MIRZAPUR
2024_REDUP_901289_3,110/EE/RED-Gonda/23-24 Date 29/01/2024,Dhanai Patti me Gonda Belsar marg se Ramesh Shukla ke ghar tak rabarmold Interlocking karya,,,,,,,,,,,,,,,,Director Cum Chief Engineer RED||CHIEF ENGINEER EAST||SE DEVIPATAN CIRCLE||EE GONDA,,,,,,"753,091.19",,2024-04-22,Director Cum Chief Engineer RED||CHIEF ENGINEER EAST||SE DEVIPATAN CIRCLE||EE GONDA
2024_REDUP_901289_8,110/EE/RED-Gonda/23-24 Date 29/01/2024,Golhipur me Interlocking se Goan ke Purab nahar Pulia tak CC Road Ka Nirman Karya,,,,,,,,,,,,,,,,Director Cum Chief Engineer RED||CHIEF ENGINEER EAST||SE DEVIPATAN CIRCLE||EE GONDA,,,,,,"1,740,856.66",,2024-04-22,Director Cum Chief Engineer RED||CHIEF ENGINEER EAST||SE DEVIPATAN CIRCLE||EE GONDA
2024_REDUP_901289_8,110/EE/RED-Gonda/23-24 Date 29/01/2024,Golhipur me Interlocking se Goan ke Purab nahar Pulia tak CC Road Ka Nirman Karya,,,,,,,,,,,,,,,,Director Cum Chief Engineer RED||CHIEF ENGINEER EAST||SE DEVIPATAN CIRCLE||EE GONDA,,,,,,"1,740,856.66",,2024-04-22,Director Cum Chief Engineer RED||CHIEF ENGINEER EAST||SE DEVIPATAN CIRCLE||EE GONDA
2024_REDUP_901289_8,110/EE/RED-Gonda/23-24 Date 29/01/2024,Golhipur me Interlocking se Goan ke Purab nahar Pulia tak CC Road Ka Nirman Karya,,,,,,,,,,,,,,,,Director Cum Chief Engineer RED||CHIEF ENGINEER EAST||SE DEVIPATAN CIRCLE||EE GONDA,,,,,,"1,740,856.66",,2024-04-22,Director Cum Chief Engineer RED||CHIEF ENGINEER EAST||SE DEVIPATAN CIRCLE||EE GONDA
2024_REDUP_901426_1,1241/EE RED Ambedkarnagar/23-24 Dt 31-01-2024,"Under District Ambedkarnagar, Construction Of Road from Mahrua Petrol Pump to Hidi Pakaria Marg Lot No 1",,,,,,,,,,,,,,,,Director Cum Chief Engineer RED||CHIEF ENGINEER EAST||SE FAIZABAD CIRCLE||EE AMBEDKAR NAGAR,,,,,,"1,984,792",,2024-04-16,Director Cum Chief Engineer RED||CHIEF ENGINEER EAST||SE FAIZABAD CIRCLE||EE AMBEDKAR NAGAR
2024_REDUP_901685_24,1658/RED/Tender Notice/2023-24 Dt 05-02-2024,Gram Sikta Mein Chhotku ke ghar se Keshav ke ghar tak Interlocking Ka Kary,,,,,,,,,,,,,,,,Director Cum Chief Engineer RED||CHIEF ENGINEER EAST||SE MIRZAPUR CIRCLE||EE MIRZAPUR,,,,,,"999,248",,2024-04-20,Director Cum Chief Engineer RED||CHIEF ENGINEER EAST||SE MIRZAPUR CIRCLE||EE MIRZAPUR
2024_REDUP_901685_24,1658/RED/Tender Notice/2023-24 Dt 05-02-2024,Gram Sikta Mein Chhotku ke ghar se Keshav ke ghar tak Interlocking Ka Kary,,,,,,,,,,,,,,,,Director Cum Chief Engineer RED||CHIEF ENGINEER EAST||SE MIRZAPUR CIRCLE||EE MIRZAPUR,,,,,,"999,248",,2024-04-20,Director Cum Chief Engineer RED||CHIEF ENGINEER EAST||SE MIRZAPUR CIRCLE||EE MIRZAPUR
2024_REDUP_901250_2,108/EE/RED-Gonda/23-24 Date 29/01/2024,Gram Panchayat Sirsha me Pich Road se Suvidhanpurva Ram Baksha ke ghar hote hue Ramesh Bari ke ghar tak rabarmold interlocking Karya,,,,,,,,,,,,,,,,Director Cum Chief Engineer RED||CHIEF ENGINEER EAST||SE DEVIPATAN CIRCLE||EE GONDA,,,,,,"1,735,936.7",,2024-04-20,Director Cum Chief Engineer RED||CHIEF ENGINEER EAST||SE DEVIPATAN CIRCLE||EE GONDA
2024_REDUP_901250_2,108/EE/RED-Gonda/23-24 Date 29/01/2024,Gram Panchayat Sirsha me Pich Road se Suvidhanpurva Ram Baksha ke ghar hote hue Ramesh Bari ke ghar tak rabarmold interlocking Karya,,,,,,,,,,,,,,,,Director Cum Chief Engineer RED||CHIEF ENGINEER EAST||SE DEVIPATAN CIRCLE||EE GONDA,,,,,,"1,735,936.7",,2024-04-20,Director Cum Chief Engineer RED||CHIEF ENGINEER EAST||SE DEVIPATAN CIRCLE||EE GONDA
2024_REDUP_901250_3,108/EE/RED-Gonda/23-24 Date 29/01/2024,Gram Panchayat Amdahi Niyawan sampark Marg se Rajendra Mishra ke Purane ghar tak rabarmold Interlocking Karya,,,,,,,,,,,,,,,,Director Cum Chief Engineer RED||CHIEF ENGINEER EAST||SE DEVIPATAN CIRCLE||EE GONDA,,,,,,"1,378,603.35",,2024-04-20,Director Cum Chief Engineer RED||CHIEF ENGINEER EAST||SE DEVIPATAN CIRCLE||EE GONDA
2024_REDUP_901250_4,108/EE/RED-Gonda/23-24 Date 29/01/2024,Maharajganj Baleswarganj sampark Marg se Dhobin Tola hote hue kharhata pitch Road tak rabarmold interlocking ka Nirman karya,,,,,,,,,,,,,,,,Director Cum Chief Engineer RED||CHIEF ENGINEER EAST||SE DEVIPATAN CIRCLE||EE GONDA,,,,,,"1,981,566.1",,2024-04-20,Director Cum Chief Engineer RED||CHIEF ENGINEER EAST||SE DEVIPATAN CIRCLE||EE GONDA
2024_REDUP_901289_1,110/EE/RED-Gonda/23-24 Date 29/01/2024,Gau Aashrye Chandipur me Tin Shade va Gauvansho ke Pani Pene hetu Pani Tank Charhi ka Nirman Karya,,,,,,,,,,,,,,,,Director Cum Chief Engineer RED||CHIEF ENGINEER EAST||SE DEVIPATAN CIRCLE||EE GONDA,,,,,,"2,114,318.87",,2024-04-22,Director Cum Chief Engineer RED||CHIEF ENGINEER EAST||SE DEVIPATAN CIRCLE||EE GONDA
2024_REDUP_901289_2,110/EE/RED-Gonda/23-24 Date 29/01/2024,Gram Panchayat Hariharpur Ke Chaipurva me Aabadi Bhag me rabarmold Interlocking Karya,,,,,,,,,,,,,,,,Director Cum Chief Engineer RED||CHIEF ENGINEER EAST||SE DEVIPATAN CIRCLE||EE GONDA,,,,,,"760,774.6",,2024-04-22,Director Cum Chief Engineer RED||CHIEF ENGINEER EAST||SE DEVIPATAN CIRCLE||EE GONDA
2024_REDUP_901020_2,3114/red/tender/unnao/22-23 Dt-24-01-2024,Gram  Panchyat Susumau me Damar road se Thakur Dawara minder hote huwe Holika Dahan tak tak  Interlocking Road va Nali ka Nirmna karye.,,,,,,,,,,,,,,,,Director Cum Chief Engineer RED||CHIEF ENGINEER EAST||SE LUCKNOW CIRCLE||EE UNNAO,,,,,,"1,245,148.42",,2024-04-10,Director Cum Chief Engineer RED||CHIEF ENGINEER EAST||SE LUCKNOW CIRCLE||EE UNNAO
2024_REDUP_901020_4,3114/red/tender/unnao/22-23 Dt-24-01-2024,Gram Panchyat Roori me Bahadur Katehariya ke Ghar se Shiv minder tak CC Road evm Nali ka Nirmna karye.,,,,,,,,,,,,,,,,Director Cum Chief Engineer RED||CHIEF ENGINEER EAST||SE LUCKNOW CIRCLE||EE UNNAO,,,,,,"1,232,927.77",,2024-04-16,Director Cum Chief Engineer RED||CHIEF ENGINEER EAST||SE LUCKNOW CIRCLE||EE UNNAO
2024_REDUP_901020_4,3114/red/tender/unnao/22-23 Dt-24-01-2024,Gram Panchyat Roori me Bahadur Katehariya ke Ghar se Shiv minder tak CC Road evm Nali ka Nirmna karye.,,,,,,,,,,,,,,,,Director Cum Chief Engineer RED||CHIEF ENGINEER EAST||SE LUCKNOW CIRCLE||EE UNNAO,,,,,,"1,232,927.77",,2024-04-16,Director Cum Chief Engineer RED||CHIEF ENGINEER EAST||SE LUCKNOW CIRCLE||EE UNNAO
2024_REDUP_901020_5,3114/red/tender/unnao/22-23 Dt-24-01-2024,Gram  Panchyat Tirwa Jagirabad ke Mzara Kamlapur me sahablal ke Ghar se babu lal ke ghar hote huwe samudayik saoochalaya  tak Interlocking Road evm Nali ka Nirmna karye.,,,,,,,,,,,,,,,,Director Cum Chief Engineer RED||CHIEF ENGINEER EAST||SE LUCKNOW CIRCLE||EE UNNAO,,,,,,"944,926.15",,2024-04-16,Director Cum Chief Engineer RED||CHIEF ENGINEER EAST||SE LUCKNOW CIRCLE||EE UNNAO
2024_REDUP_901020_6,3114/red/tender/unnao/22-23 Dt-24-01-2024,Gram  Panchyat  Kushrajpur ke Mazra bajipur me Damar road se Ramasrey  ke Darwaje tak Interlocking Road evm Nali ka Nirmna karye.,,,,,,,,,,,,,,,,Director Cum Chief Engineer RED||CHIEF ENGINEER EAST||SE LUCKNOW CIRCLE||EE UNNAO,,,,,,"1,114,188.97",,2024-04-16,Director Cum Chief Engineer RED||CHIEF ENGINEER EAST||SE LUCKNOW CIRCLE||EE UNNAO
2024_REDUP_901020_7,3114/red/tender/unnao/22-23 Dt-24-01-2024,Vikash Khand Gangajmuradabad  me Ashok Mahavidalya Prangadh me Interlocking Road evm Nali ka Nirmna karye.,,,,,,,,,,,,,,,,Director Cum Chief Engineer RED||CHIEF ENGINEER EAST||SE LUCKNOW CIRCLE||EE UNNAO,,,,,,"1,108,601.33",,2024-04-16,Director Cum Chief Engineer RED||CHIEF ENGINEER EAST||SE LUCKNOW CIRCLE||EE UNNAO
2024_REDUP_900630_7,"2038/RED/E-TENDER/2023-24, DATE 02.02.24",VIKAS KHAND TARKULWA KE GRAMSABHA MAHUAWA BAJARATAR NAHAR SE RAMLAKSHAN GOND KE GHAR TAK CC,,,,,,,,,,,,,,,,Director Cum Chief Engineer RED||CHIEF ENGINEER EAST||SE GORAKHPUR CIRCLE||EE DEORIA,,,,,,"1,151,771.99",,2024-04-12,Director Cum Chief Engineer RED||CHIEF ENGINEER EAST||SE GORAKHPUR CIRCLE||EE DEORIA
2024_REDUP_900630_7,"2038/RED/E-TENDER/2023-24, DATE 02.02.24",VIKAS KHAND TARKULWA KE GRAMSABHA MAHUAWA BAJARATAR NAHAR SE RAMLAKSHAN GOND KE GHAR TAK CC,,,,,,,,,,,,,,,,Director Cum Chief Engineer RED||CHIEF ENGINEER EAST||SE GORAKHPUR CIRCLE||EE DEORIA,,,,,,"1,151,771.99",,2024-04-12,Director Cum Chief Engineer RED||CHIEF ENGINEER EAST||SE GORAKHPUR CIRCLE||EE DEORIA
2024_REDUP_900630_7,"2038/RED/E-TENDER/2023-24, DATE 02.02.24",VIKAS KHAND TARKULWA KE GRAMSABHA MAHUAWA BAJARATAR NAHAR SE RAMLAKSHAN GOND KE GHAR TAK CC,,,,,,,,,,,,,,,,Director Cum Chief Engineer RED||CHIEF ENGINEER EAST||SE GORAKHPUR CIRCLE||EE DEORIA,,,,,,"1,151,771.99",,2024-04-12,Director Cum Chief Engineer RED||CHIEF ENGINEER EAST||SE GORAKHPUR CIRCLE||EE DEORIA
2024_REDUP_898971_3,1531/EE RED BARABANKI/23-24 Dt 20/01/2024,"Under District Barabanki, Construction of Interlocking road from Deva-Fatehpur Road to Karbala Sharif in Mamapur Gram Panchayat of Block Deva, Lot No 3",,,,,,,,,,,,,,,,Director Cum Chief Engineer RED||CHIEF ENGINEER EAST||SE FAIZABAD CIRCLE||EE BARABANKI,,,,,,"1,255,121",,2024-04-16,Director Cum Chief Engineer RED||CHIEF ENGINEER EAST||SE FAIZABAD CIRCLE||EE BARABANKI
2024_REDUP_898971_4,1531/EE RED BARABANKI/23-24 Dt 20/01/2024,"Under District Barabanki, Construction of Interlocking road from Kalender Mill to Prakash house in Municipality Nawabganj Barabanki, Lot No 4",,,,,,,,,,,,,,,,Director Cum Chief Engineer RED||CHIEF ENGINEER EAST||SE FAIZABAD CIRCLE||EE BARABANKI,,,,,,"2,369,622",,2024-04-16,Director Cum Chief Engineer RED||CHIEF ENGINEER EAST||SE FAIZABAD CIRCLE||EE BARABANKI
2024_REDUP_898971_5,1531/EE RED BARABANKI/23-24 Dt 20/01/2024,"Under District Barabanki, Construction of Interlocking road from Chodasi Doctor shop to Ejaz Buxy in Nagar Panchayat Banki, Lot No 5",,,,,,,,,,,,,,,,Director Cum Chief Engineer RED||CHIEF ENGINEER EAST||SE FAIZABAD CIRCLE||EE BARABANKI,,,,,,"2,428,142",,2024-04-16,Director Cum Chief Engineer RED||CHIEF ENGINEER EAST||SE FAIZABAD CIRCLE||EE BARABANKI
2024_REDUP_898186_18,4097/EE RED AYODHYA/23-24 Dt 31/01/24,"Under District Ayodhya, Development block- Interlocking work from Dilsiganj-Kurkey Sampark Marg of Maya to Jamaluddinpur village, Lot No 18",,,,,,,,,,,,,,,,Director Cum Chief Engineer RED||CHIEF ENGINEER EAST||SE FAIZABAD CIRCLE||EE FAIZABAD,,,,,,"1,153,235",,2024-04-29,Director Cum Chief Engineer RED||CHIEF ENGINEER EAST||SE FAIZABAD CIRCLE||EE FAIZABAD
2024_REDUP_898186_20,4097/EE RED AYODHYA/23-24 Dt 31/01/24,"Under District Ayodhya, Interlocking road work from paved road to Rampal Rawat house in Gram Panchayat Baghedi., Lot No 20",,,,,,,,,,,,,,,,Director Cum Chief Engineer RED||CHIEF ENGINEER EAST||SE FAIZABAD CIRCLE||EE FAIZABAD,,,,,,"1,080,839",,2024-04-29,Director Cum Chief Engineer RED||CHIEF ENGINEER EAST||SE FAIZABAD CIRCLE||EE FAIZABAD
2024_REDUP_898186_21,4097/EE RED AYODHYA/23-24 Dt 31/01/24,"Under District Ayodhya, Interlocking road work from paved road to Dr. Budharam house in the Dwarka Pure Malhan., Lot No 21",,,,,,,,,,,,,,,,Director Cum Chief Engineer RED||CHIEF ENGINEER EAST||SE FAIZABAD CIRCLE||EE FAIZABAD,,,,,,"1,161,996",,2024-04-29,Director Cum Chief Engineer RED||CHIEF ENGINEER EAST||SE FAIZABAD CIRCLE||EE FAIZABAD
2024_REDUP_898971_2,1531/EE RED BARABANKI/23-24 Dt 20/01/2024,"Under District Barabanki, Construction of Interlocking road and drain from Sher Bahadur house in Majre Chhoti Chheriya of Narayanabhari, Gram Panchayat of Block Deva and Hardev house Sumeri Lal house, Lot No 2",,,,,,,,,,,,,,,,Director Cum Chief Engineer RED||CHIEF ENGINEER EAST||SE FAIZABAD CIRCLE||EE BARABANKI,,,,,,"1,474,146",,2024-04-16,Director Cum Chief Engineer RED||CHIEF ENGINEER EAST||SE FAIZABAD CIRCLE||EE BARABANKI
2024_REDUP_898971_2,1531/EE RED BARABANKI/23-24 Dt 20/01/2024,"Under District Barabanki, Construction of Interlocking road and drain from Sher Bahadur house in Majre Chhoti Chheriya of Narayanabhari, Gram Panchayat of Block Deva and Hardev house Sumeri Lal house, Lot No 2",,,,,,,,,,,,,,,,Director Cum Chief Engineer RED||CHIEF ENGINEER EAST||SE FAIZABAD CIRCLE||EE BARABANKI,,,,,,"1,474,146",,2024-04-16,Director Cum Chief Engineer RED||CHIEF ENGINEER EAST||SE FAIZABAD CIRCLE||EE BARABANKI
2024_REDUP_897561_2,1280/EE/RED-Gonda/23-24 Date 24/01/2024,Mijhaura me Balpur Marg se Furi ke ghar tak rabarmold Interlocking ka Nirman Karya,,,,,,,,,,,,,,,,Director Cum Chief Engineer RED||CHIEF ENGINEER EAST||SE DEVIPATAN CIRCLE||EE GONDA,,,,,,"983,680.17",,2024-04-20,Director Cum Chief Engineer RED||CHIEF ENGINEER EAST||SE DEVIPATAN CIRCLE||EE GONDA
2024_REDUP_897561_5,1280/EE/RED-Gonda/23-24 Date 24/01/2024,Durgodawa ke SantLal ke ghar se Vinod Tiwari ke ghar tak rabarmold Interlocking ka Nirman Karya,,,,,,,,,,,,,,,,Director Cum Chief Engineer RED||CHIEF ENGINEER EAST||SE DEVIPATAN CIRCLE||EE GONDA,,,,,,"821,247.08",,2024-04-20,Director Cum Chief Engineer RED||CHIEF ENGINEER EAST||SE DEVIPATAN CIRCLE||EE GONDA
2024_REDUP_897561_5,1280/EE/RED-Gonda/23-24 Date 24/01/2024,Durgodawa ke SantLal ke ghar se Vinod Tiwari ke ghar tak rabarmold Interlocking ka Nirman Karya,,,,,,,,,,,,,,,,Director Cum Chief Engineer RED||CHIEF ENGINEER EAST||SE DEVIPATAN CIRCLE||EE GONDA,,,,,,"821,247.08",,2024-04-20,Director Cum Chief Engineer RED||CHIEF ENGINEER EAST||SE DEVIPATAN CIRCLE||EE GONDA
2024_REDUP_897561_5,1280/EE/RED-Gonda/23-24 Date 24/01/2024,Durgodawa ke SantLal ke ghar se Vinod Tiwari ke ghar tak rabarmold Interlocking ka Nirman Karya,,,,,,,,,,,,,,,,Director Cum Chief Engineer RED||CHIEF ENGINEER EAST||SE DEVIPATAN CIRCLE||EE GONDA,,,,,,"821,247.08",,2024-04-20,Director Cum Chief Engineer RED||CHIEF ENGINEER EAST||SE DEVIPATAN CIRCLE||EE GONDA
2024_REDUP_897561_6,1280/EE/RED-Gonda/23-24 Date 24/01/2024,Chandpur ke Pahuva majra se Devendra Mishra va Brijendra Mishra ke ghar tak rabarmold Interlocking ka Nirman Karya,,,,,,,,,,,,,,,,Director Cum Chief Engineer RED||CHIEF ENGINEER EAST||SE DEVIPATAN CIRCLE||EE GONDA,,,,,,"530,743.45",,2024-04-20,Director Cum Chief Engineer RED||CHIEF ENGINEER EAST||SE DEVIPATAN CIRCLE||EE GONDA
2024_REDUP_897561_7,1280/EE/RED-Gonda/23-24 Date 24/01/2024,Buttpurva me Chaubeypurva gaon se Khadanza marg tak rabarmold Interlocking ka Nirman Karya,,,,,,,,,,,,,,,,Director Cum Chief Engineer RED||CHIEF ENGINEER EAST||SE DEVIPATAN CIRCLE||EE GONDA,,,,,,"1,637,754.43",,2024-04-20,Director Cum Chief Engineer RED||CHIEF ENGINEER EAST||SE DEVIPATAN CIRCLE||EE GONDA
2024_REDUP_897561_8,1280/EE/RED-Gonda/23-24 Date 24/01/2024,Chachri Bhauriganj road se Panchayat Bhawan Ramesh Chandra Ojha ke ghar hote hue Omkar ke ghar tak rabarmold interlocking ka Nirman Karya,,,,,,,,,,,,,,,,Director Cum Chief Engineer RED||CHIEF ENGINEER EAST||SE DEVIPATAN CIRCLE||EE GONDA,,,,,,"1,193,391.43",,2024-04-20,Director Cum Chief Engineer RED||CHIEF ENGINEER EAST||SE DEVIPATAN CIRCLE||EE GONDA
2024_REDUP_897561_9,1280/EE/RED-Gonda/23-24 Date 24/01/2024,Reksadiya me Mukhya Marg se Tej Bahadur ke ghar se Vijay Singh ke ghar se hote hue Reksadiya Marg tak rabarmold Interlocking Ka Nirman Karya,,,,,,,,,,,,,,,,Director Cum Chief Engineer RED||CHIEF ENGINEER EAST||SE DEVIPATAN CIRCLE||EE GONDA,,,,,,"433,969.31",,2024-04-20,Director Cum Chief Engineer RED||CHIEF ENGINEER EAST||SE DEVIPATAN CIRCLE||EE GONDA
2024_REDUP_897561_12,1280/EE/RED-Gonda/23-24 Date 24/01/2024,Colonailganj Gramin ke Kalhans barwaliya me Rabarmold Interlocking ka Nirman Karya,,,,,,,,,,,,,,,,Director Cum Chief Engineer RED||CHIEF ENGINEER EAST||SE DEVIPATAN CIRCLE||EE GONDA,,,,,,"1,140,242.86",,2024-04-20,Director Cum Chief Engineer RED||CHIEF ENGINEER EAST||SE DEVIPATAN CIRCLE||EE GONDA
2024_REDUP_897561_12,1280/EE/RED-Gonda/23-24 Date 24/01/2024,Colonailganj Gramin ke Kalhans barwaliya me Rabarmold Interlocking ka Nirman Karya,,,,,,,,,,,,,,,,Director Cum Chief Engineer RED||CHIEF ENGINEER EAST||SE DEVIPATAN CIRCLE||EE GONDA,,,,,,"1,140,242.86",,2024-04-20,Director Cum Chief Engineer RED||CHIEF ENGINEER EAST||SE DEVIPATAN CIRCLE||EE GONDA
2024_REDUP_897561_12,1280/EE/RED-Gonda/23-24 Date 24/01/2024,Colonailganj Gramin ke Kalhans barwaliya me Rabarmold Interlocking ka Nirman Karya,,,,,,,,,,,,,,,,Director Cum Chief Engineer RED||CHIEF ENGINEER EAST||SE DEVIPATAN CIRCLE||EE GONDA,,,,,,"1,140,242.86",,2024-04-20,Director Cum Chief Engineer RED||CHIEF ENGINEER EAST||SE DEVIPATAN CIRCLE||EE GONDA
2024_REDUP_897561_13,1280/EE/RED-Gonda/23-24 Date 24/01/2024,Masauliya me Forelane se Prathmik School tak rabarmold Interlockina ka Nirman Karya,,,,,,,,,,,,,,,,Director Cum Chief Engineer RED||CHIEF ENGINEER EAST||SE DEVIPATAN CIRCLE||EE GONDA,,,,,,"864,597.54",,2024-04-20,Director Cum Chief Engineer RED||CHIEF ENGINEER EAST||SE DEVIPATAN CIRCLE||EE GONDA
2024_REDUP_897561_15,1280/EE/RED-Gonda/23-24 Date 24/01/2024,Saalpur Dhautaal me Nahar se Rahul Singh ke ghar tak rabarmold Interlocking ka Nirman Karya,,,,,,,,,,,,,,,,Director Cum Chief Engineer RED||CHIEF ENGINEER EAST||SE DEVIPATAN CIRCLE||EE GONDA,,,,,,"482,724.83",,2024-04-20,Director Cum Chief Engineer RED||CHIEF ENGINEER EAST||SE DEVIPATAN CIRCLE||EE GONDA
2024_REDUP_897561_15,1280/EE/RED-Gonda/23-24 Date 24/01/2024,Saalpur Dhautaal me Nahar se Rahul Singh ke ghar tak rabarmold Interlocking ka Nirman Karya,,,,,,,,,,,,,,,,Director Cum Chief Engineer RED||CHIEF ENGINEER EAST||SE DEVIPATAN CIRCLE||EE GONDA,,,,,,"482,724.83",,2024-04-20,Director Cum Chief Engineer RED||CHIEF ENGINEER EAST||SE DEVIPATAN CIRCLE||EE GONDA
2024_REDUP_897561_16,1280/EE/RED-Gonda/23-24 Date 24/01/2024,Tyorashi Susanda marg me Pitambarpura me Udavram Shukla ke ghar tak rabarmold Interlocking ka Nirman Karya,,,,,,,,,,,,,,,,Director Cum Chief Engineer RED||CHIEF ENGINEER EAST||SE DEVIPATAN CIRCLE||EE GONDA,,,,,,"864,251.35",,2024-04-20,Director Cum Chief Engineer RED||CHIEF ENGINEER EAST||SE DEVIPATAN CIRCLE||EE GONDA
2024_REDUP_897561_12,1280/EE/RED-Gonda/23-24 Date 24/01/2024,Colonailganj Gramin ke Kalhans barwaliya me Rabarmold Interlocking ka Nirman Karya,,,,,,,,,,,,,,,,Director Cum Chief Engineer RED||CHIEF ENGINEER EAST||SE DEVIPATAN CIRCLE||EE GONDA,,,,,,"1,140,242.86",,2024-04-20,Director Cum Chief Engineer RED||CHIEF ENGINEER EAST||SE DEVIPATAN CIRCLE||EE GONDA
2024_REDUP_896544_1,3673/SE RED GKP/Gorakhpur/23-24 Dt 3-2-24,"Under Gorakhpur district, Construction of C.C. road  from Ward No. 20 Mu0-Azadnagar Sector-3 from Pich Road to Arvind Yadav house to Ajay Master house and in other related streets Lot No 1",,,,,,,,,,,,,,,,Director Cum Chief Engineer RED||CHIEF ENGINEER EAST||SE GORAKHPUR CIRCLE,,,,,,"4,857,636",,2024-04-06,Director Cum Chief Engineer RED||CHIEF ENGINEER EAST||SE GORAKHPUR CIRCLE
2024_REDUP_895976_5,3133/red/tender/unnao/23-24 dt-27-01-2024,Gram Panchyat Bizimau Mazra Champa khera vikash Khand Miyanganj me Omkar Pradhan Ke Ghar se Mohan Ke Ghar tak Interlocking Road ka Nirmna karye.,,,,,,,,,,,,,,,,Director Cum Chief Engineer RED||CHIEF ENGINEER EAST||SE LUCKNOW CIRCLE||EE UNNAO,,,,,,"1,147,263.41",,2024-04-25,Director Cum Chief Engineer RED||CHIEF ENGINEER EAST||SE LUCKNOW CIRCLE||EE UNNAO
2024_REDUP_895976_6,3133/red/tender/unnao/23-24 dt-27-01-2024,Gram Panchyat Jamalpur vikash Khand Miyanganj me Jaskaran ke Ghar se Hardev baba tak Interlocking Road ka Nirmna karye.,,,,,,,,,,,,,,,,Director Cum Chief Engineer RED||CHIEF ENGINEER EAST||SE LUCKNOW CIRCLE||EE UNNAO,,,,,,"991,724.87",,2024-04-25,Director Cum Chief Engineer RED||CHIEF ENGINEER EAST||SE LUCKNOW CIRCLE||EE UNNAO
2024_REDUP_895976_9,3133/red/tender/unnao/23-24 dt-27-01-2024,Vikash Khand Miyanganj ke Gram Kulha Ataura Junier Vidhalaya se Gyandev Vasudev singh ke Ghar tak Interlocking Road ka Nirmna karye.,,,,,,,,,,,,,,,,Director Cum Chief Engineer RED||CHIEF ENGINEER EAST||SE LUCKNOW CIRCLE||EE UNNAO,,,,,,"971,796.31",,2024-04-25,Director Cum Chief Engineer RED||CHIEF ENGINEER EAST||SE LUCKNOW CIRCLE||EE UNNAO
2024_REDUP_895976_9,3133/red/tender/unnao/23-24 dt-27-01-2024,Vikash Khand Miyanganj ke Gram Kulha Ataura Junier Vidhalaya se Gyandev Vasudev singh ke Ghar tak Interlocking Road ka Nirmna karye.,,,,,,,,,,,,,,,,Director Cum Chief Engineer RED||CHIEF ENGINEER EAST||SE LUCKNOW CIRCLE||EE UNNAO,,,,,,"971,796.31",,2024-04-25,Director Cum Chief Engineer RED||CHIEF ENGINEER EAST||SE LUCKNOW CIRCLE||EE UNNAO
2024_REDUP_895976_9,3133/red/tender/unnao/23-24 dt-27-01-2024,Vikash Khand Miyanganj ke Gram Kulha Ataura Junier Vidhalaya se Gyandev Vasudev singh ke Ghar tak Interlocking Road ka Nirmna karye.,,,,,,,,,,,,,,,,Director Cum Chief Engineer RED||CHIEF ENGINEER EAST||SE LUCKNOW CIRCLE||EE UNNAO,,,,,,"971,796.31",,2024-04-25,Director Cum Chief Engineer RED||CHIEF ENGINEER EAST||SE LUCKNOW CIRCLE||EE UNNAO
2024_REDUP_893867_7,2798/EE/RED/DATE-31-01-2024,7-Gram purushottampur mein Kumkum marriage hall se Rakesh medical wale ke plot Tak CC road Nirman karya,,,,,,,,,,,,,,,,Director Cum Chief Engineer RED||CHIEF ENGINEER WEST||SE MORADABAD CIRCLE||EE BIJNOR,,,,,,"972,792.1",,2024-04-22,Director Cum Chief Engineer RED||CHIEF ENGINEER WEST||SE MORADABAD CIRCLE||EE BIJNOR
2024_REDUP_893867_7,2798/EE/RED/DATE-31-01-2024,7-Gram purushottampur mein Kumkum marriage hall se Rakesh medical wale ke plot Tak CC road Nirman karya,,,,,,,,,,,,,,,,Director Cum Chief Engineer RED||CHIEF ENGINEER WEST||SE MORADABAD CIRCLE||EE BIJNOR,,,,,,"972,792.1",,2024-04-22,Director Cum Chief Engineer RED||CHIEF ENGINEER WEST||SE MORADABAD CIRCLE||EE BIJNOR
2024_REDUP_893948_1,2115/RED/TEN/2023-24/03/02/24,Construction work of inter locking road from main road to Devi Mandir in village Kanakpur.,,,,,,,,,,,,,,,,Director Cum Chief Engineer RED||CHIEF ENGINEER WEST||SE MEERUT CIRCLE||EE BULANDSHAHAR,,,,,,"1,696,348",,2024-04-30,Director Cum Chief Engineer RED||CHIEF ENGINEER WEST||SE MEERUT CIRCLE||EE BULANDSHAHAR
2024_REDUP_893019_4,2785/EE/RED/DATE-27-01-2024,"4-Const. of C.C. Road and Nali in village- Bhareki me Dharamveer  Singh ke makan se Prathmuk Vidyalay tak,.(Block- Kotwali) district-Bijnor.",,,,,,,,,,,,,,,,Director Cum Chief Engineer RED||CHIEF ENGINEER WEST||SE MORADABAD CIRCLE||EE BIJNOR,,,,,,"846,679.89",,2024-04-22,Director Cum Chief Engineer RED||CHIEF ENGINEER WEST||SE MORADABAD CIRCLE||EE BIJNOR
2024_REDUP_893362_1,3114/red/tender/unnao/22-23 Dt-24-01-2024,Bhagu Khera ke Mazra Mohari me Damar road se Raju Rawat Ke Ghar Tak Interlocking Road evm Nali ka Nirmna karye.,,,,,,,,,,,,,,,,Director Cum Chief Engineer RED||CHIEF ENGINEER EAST||SE LUCKNOW CIRCLE||EE UNNAO,,,,,,"1,023,468.59",,2024-04-16,Director Cum Chief Engineer RED||CHIEF ENGINEER EAST||SE LUCKNOW CIRCLE||EE UNNAO
2024_REDUP_893362_2,3114/red/tender/unnao/22-23 Dt-24-01-2024,Gram Kusumbhi me Badal ki Dukan se Kusher ke Ghar tak Interlocking Road evm Nali ka Nirmna karye.,,,,,,,,,,,,,,,,Director Cum Chief Engineer RED||CHIEF ENGINEER EAST||SE LUCKNOW CIRCLE||EE UNNAO,,,,,,"1,186,224.69",,2024-04-16,Director Cum Chief Engineer RED||CHIEF ENGINEER EAST||SE LUCKNOW CIRCLE||EE UNNAO
2024_REDUP_892691_1,"1773/RED/E-TENDER/2023-24, DATE 30.12.23",GRAMSABHA RATANPUR ME PRATHAMIK VIDHYALAY SE VIJAI SHARMA KE GHAR KE TARAF CC ROAD KA NIRMAN KARYA,,,,,,,,,,,,,,,,Director Cum Chief Engineer RED||CHIEF ENGINEER EAST||SE GORAKHPUR CIRCLE||EE DEORIA,,,,,,"1,655,030.2",,2024-04-03,Director Cum Chief Engineer RED||CHIEF ENGINEER EAST||SE GORAKHPUR CIRCLE||EE DEORIA
2024_REDUP_892691_2,"1773/RED/E-TENDER/2023-24, DATE 30.12.23",GRAM VISHUNPUR ME PITCH ROAD SE GAON KI TARAF CC ROAD KA NIRMAN KARYA,,,,,,,,,,,,,,,,Director Cum Chief Engineer RED||CHIEF ENGINEER EAST||SE GORAKHPUR CIRCLE||EE DEORIA,,,,,,"1,230,261.37",,2024-04-03,Director Cum Chief Engineer RED||CHIEF ENGINEER EAST||SE GORAKHPUR CIRCLE||EE DEORIA
2024_REDUP_892691_4,"1773/RED/E-TENDER/2023-24, DATE 30.12.23",GRAMSABHA SULTANI ME PITCH ROAD SE GAON KI TARAF CC ROAD KA NIRMAN KARYA,,,,,,,,,,,,,,,,Director Cum Chief Engineer RED||CHIEF ENGINEER EAST||SE GORAKHPUR CIRCLE||EE DEORIA,,,,,,"1,195,828.19",,2024-04-03,Director Cum Chief Engineer RED||CHIEF ENGINEER EAST||SE GORAKHPUR CIRCLE||EE DEORIA
2024_REDUP_892691_4,"1773/RED/E-TENDER/2023-24, DATE 30.12.23",GRAMSABHA SULTANI ME PITCH ROAD SE GAON KI TARAF CC ROAD KA NIRMAN KARYA,,,,,,,,,,,,,,,,Director Cum Chief Engineer RED||CHIEF ENGINEER EAST||SE GORAKHPUR CIRCLE||EE DEORIA,,,,,,"1,195,828.19",,2024-04-03,Director Cum Chief Engineer RED||CHIEF ENGINEER EAST||SE GORAKHPUR CIRCLE||EE DEORIA
2024_REDUP_892691_5,"1773/RED/E-TENDER/2023-24, DATE 30.12.23",GRAMSABHA RATANPUR ME HARIJAN BASTI ME BHAGADA KI TARAF CC ROAD KA NIRMAN KARYA,,,,,,,,,,,,,,,,Director Cum Chief Engineer RED||CHIEF ENGINEER EAST||SE GORAKHPUR CIRCLE||EE DEORIA,,,,,,"1,302,819.72",,2024-04-03,Director Cum Chief Engineer RED||CHIEF ENGINEER EAST||SE GORAKHPUR CIRCLE||EE DEORIA
2024_REDUP_892691_7,"1773/RED/E-TENDER/2023-24, DATE 30.12.23",GRAMSABHA GONAH SURATPURA ME PITCH ROAD SE MANDIR KI TARAF CC ROAD KA NIRMAN KARYA,,,,,,,,,,,,,,,,Director Cum Chief Engineer RED||CHIEF ENGINEER EAST||SE GORAKHPUR CIRCLE||EE DEORIA,,,,,,"1,225,050.77",,2024-04-03,Director Cum Chief Engineer RED||CHIEF ENGINEER EAST||SE GORAKHPUR CIRCLE||EE DEORIA
2024_REDUP_892691_7,"1773/RED/E-TENDER/2023-24, DATE 30.12.23",GRAMSABHA GONAH SURATPURA ME PITCH ROAD SE MANDIR KI TARAF CC ROAD KA NIRMAN KARYA,,,,,,,,,,,,,,,,Director Cum Chief Engineer RED||CHIEF ENGINEER EAST||SE GORAKHPUR CIRCLE||EE DEORIA,,,,,,"1,225,050.77",,2024-04-03,Director Cum Chief Engineer RED||CHIEF ENGINEER EAST||SE GORAKHPUR CIRCLE||EE DEORIA
2024_REDUP_892460_16,3499/EE/RED/23-24 Dt. 19.01.2024,16.	Block Moth Ke Gram Badokhari Me Ram Jeevan Lekhpal Ke Makan Ki Aur C.C. Road Ka Nirman.,,,,,,,,,,,,,,,,Director Cum Chief Engineer RED||CHIEF ENGINEER WEST||SE JHANSI CIRCLE||EE JHANSI,,,,,,"974,844.36",,2024-04-12,Director Cum Chief Engineer RED||CHIEF ENGINEER WEST||SE JHANSI CIRCLE||EE JHANSI
2024_REDUP_892460_2,3499/EE/RED/23-24 Dt. 19.01.2024,2.	Block Moth Ke Gram Sakin Me Khuja Road Se Rajkiya Inter College Ki Aur C.C. Road Ka Nirman.,,,,,,,,,,,,,,,,Director Cum Chief Engineer RED||CHIEF ENGINEER WEST||SE JHANSI CIRCLE||EE JHANSI,,,,,,"1,376,347.35",,2024-04-12,Director Cum Chief Engineer RED||CHIEF ENGINEER WEST||SE JHANSI CIRCLE||EE JHANSI
2024_REDUP_892260_2,1189/EE RED Ambedkarnagar/23-24 Dt 10-1-24,"Under District Ambedkarnagar, Construction of Interlocking road from Katka Kusaura pitch from Katka Kusaura Pitch Marg in Nurpur Kalan Lot No 2",,,,,,,,,,,,,,,,Director Cum Chief Engineer RED||CHIEF ENGINEER EAST||SE FAIZABAD CIRCLE||EE AMBEDKAR NAGAR,,,,,,"1,185,380",,2024-04-25,Director Cum Chief Engineer RED||CHIEF ENGINEER EAST||SE FAIZABAD CIRCLE||EE AMBEDKAR NAGAR
2024_REDUP_892260_3,1189/EE RED Ambedkarnagar/23-24 Dt 10-1-24,"Under District Ambedkarnagar, Construction of Interlocking road from Jalalpur Baskhari road to Gauspur Kakarhiya in Kali Lot No 3",,,,,,,,,,,,,,,,Director Cum Chief Engineer RED||CHIEF ENGINEER EAST||SE FAIZABAD CIRCLE||EE AMBEDKAR NAGAR,,,,,,"1,604,985",,2024-04-25,Director Cum Chief Engineer RED||CHIEF ENGINEER EAST||SE FAIZABAD CIRCLE||EE AMBEDKAR NAGAR
2024_REDUP_892278_1,1217/EE RED Ambedkarnagar/23-24 Dt 16-1-24,"Under District Ambedkarnagar, Construction of Soling and Earthen Road road from Ravindra Singh field to Shamshan Ghat in Gram Sabha Revali Lot No 1",,,,,,,,,,,,,,,,Director Cum Chief Engineer RED||CHIEF ENGINEER EAST||SE FAIZABAD CIRCLE||EE AMBEDKAR NAGAR,,,,,,"1,272,584",,2024-04-06,Director Cum Chief Engineer RED||CHIEF ENGINEER EAST||SE FAIZABAD CIRCLE||EE AMBEDKAR NAGAR
2024_REDUP_892108_3,"1404/EE/RED/23-24, dt-04.01.24",Beautification and Footpath work of Amrit Sarovar Talab in Gram Digrota,,,,,,,,,,,,,,,,Director Cum Chief Engineer RED||CHIEF ENGINEER WEST||SE AGRA CIRCLE||EE AGRA,,,,,,"1,580,531",,2024-04-05,Director Cum Chief Engineer RED||CHIEF ENGINEER WEST||SE AGRA CIRCLE||EE AGRA
2024_REDUP_892108_4,"1404/EE/RED/23-24, dt-04.01.24",CC construction from Sanjay house to Mahadev Temple in Gram Khedia Vikas khand Akola,,,,,,,,,,,,,,,,Director Cum Chief Engineer RED||CHIEF ENGINEER WEST||SE AGRA CIRCLE||EE AGRA,,,,,,"1,390,985.14",,2024-04-05,Director Cum Chief Engineer RED||CHIEF ENGINEER WEST||SE AGRA CIRCLE||EE AGRA
2024_REDUP_892108_6,"1404/EE/RED/23-24, dt-04.01.24",Construction of building in Krishna Dutt Paliwal Saraswati School in kavish,,,,,,,,,,,,,,,,Director Cum Chief Engineer RED||CHIEF ENGINEER WEST||SE AGRA CIRCLE||EE AGRA,,,,,,"2,491,353",,2024-04-05,Director Cum Chief Engineer RED||CHIEF ENGINEER WEST||SE AGRA CIRCLE||EE AGRA
2024_REDUP_892169_1,2938/red/tender/unnao/23-24 dt-28-12-2023,Gram  Sabha Pansari Vikash Khand Sikanderpur karan Ke Mazra Basin Khera me Panchyat bhawan se lekar bauwa ke ghar hote huwe Dileep Singh ke ghar  tak interlocking Road Ka Nirman karye.,,,,,,,,,,,,,,,,Director Cum Chief Engineer RED||CHIEF ENGINEER EAST||SE LUCKNOW CIRCLE||EE UNNAO,,,,,,"1,403,828.73",,2024-04-08,Director Cum Chief Engineer RED||CHIEF ENGINEER EAST||SE LUCKNOW CIRCLE||EE UNNAO
2024_REDUP_892169_2,2938/red/tender/unnao/23-24 dt-28-12-2023,Gram  Sabha Gauri Tribhanpur Vikash Khand Sikanderpur karan me Kulwagadha marg se Tribhunpur me Damar Road se Ganga Prasad Ke Ghar tak interlocking Road Ka Nirman karye.,,,,,,,,,,,,,,,,Director Cum Chief Engineer RED||CHIEF ENGINEER EAST||SE LUCKNOW CIRCLE||EE UNNAO,,,,,,"1,264,076.68",,2024-04-08,Director Cum Chief Engineer RED||CHIEF ENGINEER EAST||SE LUCKNOW CIRCLE||EE UNNAO
2024_REDUP_892169_3,2938/red/tender/unnao/23-24 dt-28-12-2023,Santnagar Se Seetaram Khera ki Seema tak Lepan ka karye.,,,,,,,,,,,,,,,,Director Cum Chief Engineer RED||CHIEF ENGINEER EAST||SE LUCKNOW CIRCLE||EE UNNAO,,,,,,"3,387,435.23",,2024-04-08,Director Cum Chief Engineer RED||CHIEF ENGINEER EAST||SE LUCKNOW CIRCLE||EE UNNAO
2024_REDUP_891600_21,"1774/RED/E-TENDER/2023-24, DATE 30.12.23",GRAM SISAI ME BRAMHA STHAN SE SHIV MANDIR HOTE HUE NANDLAL KUSHWAHA KE GHAR TAK CC ROAD KA NIRMAN KARYA,,,,,,,,,,,,,,,,Director Cum Chief Engineer RED||CHIEF ENGINEER EAST||SE GORAKHPUR CIRCLE||EE DEORIA,,,,,,"908,689.14",,2024-04-08,Director Cum Chief Engineer RED||CHIEF ENGINEER EAST||SE GORAKHPUR CIRCLE||EE DEORIA
2024_REDUP_890874_1,LETTAR NO 1125 DATE 11.01.2024,VIKAS KHAND TADHIYAWAN ME KGBV COMPUTER LAB KA NIRMAN KARY,,,,,,,,,,,,,,,,Director Cum Chief Engineer RED||CHIEF ENGINEER EAST||SE LUCKNOW CIRCLE||EE HARDOI,,,,,,"1,238,852.45",,2024-04-01,Director Cum Chief Engineer RED||CHIEF ENGINEER EAST||SE LUCKNOW CIRCLE||EE HARDOI
2024_REDUP_891600_15,"1774/RED/E-TENDER/2023-24, DATE 30.12.23",BHARAULI NO.-1 ME TRILOKI MISHRA KE DARWAJE SE RAMADHAR CHAURASIYA KE GHAR TAK CC ROAD KA NIRMNA KARYA,,,,,,,,,,,,,,,,Director Cum Chief Engineer RED||CHIEF ENGINEER EAST||SE GORAKHPUR CIRCLE||EE DEORIA,,,,,,"1,822,717.36",,2024-04-24,Director Cum Chief Engineer RED||CHIEF ENGINEER EAST||SE GORAKHPUR CIRCLE||EE DEORIA
2024_REDUP_890797_1,LETTAR NO 1125 DATE 11.01.2024,SAMUDAYIK KENDRA  DANIYALGANJ KA NIRMAN KARY,,,,,,,,,,,,,,,,Director Cum Chief Engineer RED||CHIEF ENGINEER EAST||SE LUCKNOW CIRCLE||EE HARDOI,,,,,,"1,387,039.776",,2024-04-03,Director Cum Chief Engineer RED||CHIEF ENGINEER EAST||SE LUCKNOW CIRCLE||EE HARDOI
2024_REDUP_889167_1,1229/EE/Banda/tender/dt 18-01-2024,KASTURBA GANDHI VIDHYALAY MAHUA ME PAHUNCH JARJAR MARG KA NIRMAN KARY.,,,,,,,,,,,,,,,,Director Cum Chief Engineer RED||CHIEF ENGINEER WEST||SE CHITRAKOOT CIRCLE||EE BANDA,,,,,,"3,310,598",,2024-04-22,Director Cum Chief Engineer RED||CHIEF ENGINEER WEST||SE CHITRAKOOT CIRCLE||EE BANDA
2024_REDUP_889286_2,"1770/RED/E-TENDER/2023-24, DATE 30.12.23",DEORIA NAGAR PALIKA ME WARD NO.-6 ME CHAKIYA DHALA PAR SARSWATI DEVI KE GHAR SE MANTU SINGH KE GHAR TAK CC ROAD KA NIRMAN KARYA,,,,,,,,,,,,,,,,Director Cum Chief Engineer RED||CHIEF ENGINEER EAST||SE GORAKHPUR CIRCLE||EE DEORIA,,,,,,"969,006.15",,2024-04-03,Director Cum Chief Engineer RED||CHIEF ENGINEER EAST||SE GORAKHPUR CIRCLE||EE DEORIA
2024_REDUP_889286_2,"1770/RED/E-TENDER/2023-24, DATE 30.12.23",DEORIA NAGAR PALIKA ME WARD NO.-6 ME CHAKIYA DHALA PAR SARSWATI DEVI KE GHAR SE MANTU SINGH KE GHAR TAK CC ROAD KA NIRMAN KARYA,,,,,,,,,,,,,,,,Director Cum Chief Engineer RED||CHIEF ENGINEER EAST||SE GORAKHPUR CIRCLE||EE DEORIA,,,,,,"969,006.15",,2024-04-03,Director Cum Chief Engineer RED||CHIEF ENGINEER EAST||SE GORAKHPUR CIRCLE||EE DEORIA
2024_UPIDM_890099_1,28/SE/IWC1K/2023-24,"WORK OF CHANNELIZATION BY HYDRAULIC EXCAVATOR FOR PROTECTION OF VILLAGE BASANTPUR AND OTHER VILLAGES, BLOCK-PUREDALAI, DISTT. BARABANKI SITUATED AT RIGHT BANK OF RIVER SARYU",,,,,,,,,,,,,,,,U P Irrigation Department (Mechanical)||Central Equipment and Stores Procurement||S E  Irrigation Workshop Circle - I Kanpur,,,,,,"7,767,774",,2024-04-15,U P Irrigation Department (Mechanical)||Central Equipment and Stores Procurement||S E  Irrigation Workshop Circle - I Kanpur
2024_UPIDM_890099_1,28/SE/IWC1K/2023-24,"WORK OF CHANNELIZATION BY HYDRAULIC EXCAVATOR FOR PROTECTION OF VILLAGE BASANTPUR AND OTHER VILLAGES, BLOCK-PUREDALAI, DISTT. BARABANKI SITUATED AT RIGHT BANK OF RIVER SARYU",,,,,,,,,,,,,,,,U P Irrigation Department (Mechanical)||Central Equipment and Stores Procurement||S E  Irrigation Workshop Circle - I Kanpur,,,,,,"7,767,774",,2024-04-15,U P Irrigation Department (Mechanical)||Central Equipment and Stores Procurement||S E  Irrigation Workshop Circle - I Kanpur
2024_UPIDM_890099_1,28/SE/IWC1K/2023-24,"WORK OF CHANNELIZATION BY HYDRAULIC EXCAVATOR FOR PROTECTION OF VILLAGE BASANTPUR AND OTHER VILLAGES, BLOCK-PUREDALAI, DISTT. BARABANKI SITUATED AT RIGHT BANK OF RIVER SARYU",,,,,,,,,,,,,,,,U P Irrigation Department (Mechanical)||Central Equipment and Stores Procurement||S E  Irrigation Workshop Circle - I Kanpur,,,,,,"7,767,774",,2024-04-15,U P Irrigation Department (Mechanical)||Central Equipment and Stores Procurement||S E  Irrigation Workshop Circle - I Kanpur
2024_UPIDM_890099_1,28/SE/IWC1K/2023-24,"WORK OF CHANNELIZATION BY HYDRAULIC EXCAVATOR FOR PROTECTION OF VILLAGE BASANTPUR AND OTHER VILLAGES, BLOCK-PUREDALAI, DISTT. BARABANKI SITUATED AT RIGHT BANK OF RIVER SARYU",,,,,,,,,,,,,,,,U P Irrigation Department (Mechanical)||Central Equipment and Stores Procurement||S E  Irrigation Workshop Circle - I Kanpur,,,,,,"7,767,774",,2024-04-15,U P Irrigation Department (Mechanical)||Central Equipment and Stores Procurement||S E  Irrigation Workshop Circle - I Kanpur
2024_UPIDM_890119_1,30/SE/IWC1K/2023-24,"DREDGING WORK FOR THE PROTECTION FROM FLOOD AND EROSION OF VILLAGE MADANPUR KEWATALIYA EMBANKMENT, SITUATED AT LEFT BANK OF RIVER RAPTI, DISTT. DEORIA.",,,,,,,,,,,,,,,,U P Irrigation Department (Mechanical)||Central Equipment and Stores Procurement||S E  Irrigation Workshop Circle - I Kanpur,,,,,,"9,360,000",,2024-04-21,U P Irrigation Department (Mechanical)||Central Equipment and Stores Procurement||S E  Irrigation Workshop Circle - I Kanpur
2024_UPIDM_890119_1,30/SE/IWC1K/2023-24,"DREDGING WORK FOR THE PROTECTION FROM FLOOD AND EROSION OF VILLAGE MADANPUR KEWATALIYA EMBANKMENT, SITUATED AT LEFT BANK OF RIVER RAPTI, DISTT. DEORIA.",,,,,,,,,,,,,,,,U P Irrigation Department (Mechanical)||Central Equipment and Stores Procurement||S E  Irrigation Workshop Circle - I Kanpur,,,,,,"9,360,000",,2024-04-21,U P Irrigation Department (Mechanical)||Central Equipment and Stores Procurement||S E  Irrigation Workshop Circle - I Kanpur
2024_UPIDM_890124_1,31/SE/IWC1K/2023-24,"EXCAVATION WORK BY HYDRAULIC EXCAVATORS FOR THE PROTECTION FROM FLOOD AND EROSION OF VILLAGE MADANPUR KEWATALIYA EMBANKMENT, SITUATED AT LEFT BANK OF RIVER RAPTI, DISTT. DEORIA.",,,,,,,,,,,,,,,,U P Irrigation Department (Mechanical)||Central Equipment and Stores Procurement||S E  Irrigation Workshop Circle - I Kanpur,,,,,,"4,863,600",,2024-04-15,U P Irrigation Department (Mechanical)||Central Equipment and Stores Procurement||S E  Irrigation Workshop Circle - I Kanpur
2024_REDUP_887426_1,1448/RED/Tender/2023-24 Dt 02-01-2024,Gram Kewtaveer me Prathamik Vidyalay Kewataveer ka nirman karya,,,,,,,,,,,,,,,,Director Cum Chief Engineer RED||CHIEF ENGINEER EAST||SE MIRZAPUR CIRCLE||EE MIRZAPUR,,,,,,"1,391,955",,2024-04-12,Director Cum Chief Engineer RED||CHIEF ENGINEER EAST||SE MIRZAPUR CIRCLE||EE MIRZAPUR
2024_REDUP_886023_8,907/NOTICE/2023-24 DATE 23-12-2023,Graam panchaayat-madaara mein gainjahava P.W.D road se krshn paal ke ghar tak C.C. rod nirmaan kaary.,,,,,,,,,,,,,,,,Director Cum Chief Engineer RED||CHIEF ENGINEER EAST||SE DEVIPATAN CIRCLE||EE BALRAMPUR,,,,,,"1,219,920.3",,2024-04-26,Director Cum Chief Engineer RED||CHIEF ENGINEER EAST||SE DEVIPATAN CIRCLE||EE BALRAMPUR
2024_REDUP_886023_8,907/NOTICE/2023-24 DATE 23-12-2023,Graam panchaayat-madaara mein gainjahava P.W.D road se krshn paal ke ghar tak C.C. rod nirmaan kaary.,,,,,,,,,,,,,,,,Director Cum Chief Engineer RED||CHIEF ENGINEER EAST||SE DEVIPATAN CIRCLE||EE BALRAMPUR,,,,,,"1,219,920.3",,2024-04-26,Director Cum Chief Engineer RED||CHIEF ENGINEER EAST||SE DEVIPATAN CIRCLE||EE BALRAMPUR
2024_REDUP_886003_1,26/gra.a.vi./Etender/Fileno 118/23-24,Katra Harikesh Rd se Bhailal Ghr tk CC Road Block Rampur Sangramgarh,,,,,,,,,,,,,,,,Director Cum Chief Engineer RED||CHIEF ENGINEER EAST||SE ALLAHABAD CIRCLE||EE PRATAPGARH,,,,,,"1,261,704.184",,2024-04-13,Director Cum Chief Engineer RED||CHIEF ENGINEER EAST||SE ALLAHABAD CIRCLE||EE PRATAPGARH
2024_REDUP_885504_1,1437/EE RED BARABANKI/23-24 Dt 28/12/2023,"Under District Barabanki, Construction of interloking Road and Drain in vill Silhaur From CC road To Laleshwer Mahadev in Block Banikodar, Lot No 1",,,,,,,,,,,,,,,,Director Cum Chief Engineer RED||CHIEF ENGINEER EAST||SE FAIZABAD CIRCLE||EE BARABANKI,,,,,,"2,446,147",,2024-04-30,Director Cum Chief Engineer RED||CHIEF ENGINEER EAST||SE FAIZABAD CIRCLE||EE BARABANKI
2024_REDUP_885504_1,1437/EE RED BARABANKI/23-24 Dt 28/12/2023,"Under District Barabanki, Construction of interloking Road and Drain in vill Silhaur From CC road To Laleshwer Mahadev in Block Banikodar, Lot No 1",,,,,,,,,,,,,,,,Director Cum Chief Engineer RED||CHIEF ENGINEER EAST||SE FAIZABAD CIRCLE||EE BARABANKI,,,,,,"2,446,147",,2024-04-30,Director Cum Chief Engineer RED||CHIEF ENGINEER EAST||SE FAIZABAD CIRCLE||EE BARABANKI
2024_REDUP_885504_4,1437/EE RED BARABANKI/23-24 Dt 28/12/2023,"Under District Barabanki, Construction of Interlocking Tiles Road in village Chhatradhari Purwa Mazare Sillhaur From Damar Road To Ram naresh Sukla House in Block Banikodar, Lot No 4",,,,,,,,,,,,,,,,Director Cum Chief Engineer RED||CHIEF ENGINEER EAST||SE FAIZABAD CIRCLE||EE BARABANKI,,,,,,"1,182,243",,2024-04-30,Director Cum Chief Engineer RED||CHIEF ENGINEER EAST||SE FAIZABAD CIRCLE||EE BARABANKI
2024_REDUP_885504_5,1437/EE RED BARABANKI/23-24 Dt 28/12/2023,"Under District Barabanki, Construction of Interlocking Tiles Road in village Kewlapur Mazare Pattipurwa From Muskipur Road To Ram Kripal house in Block Sirauligauspur, Lot No 5",,,,,,,,,,,,,,,,Director Cum Chief Engineer RED||CHIEF ENGINEER EAST||SE FAIZABAD CIRCLE||EE BARABANKI,,,,,,"2,300,865",,2024-04-30,Director Cum Chief Engineer RED||CHIEF ENGINEER EAST||SE FAIZABAD CIRCLE||EE BARABANKI
2024_UPIDM_889667_1,16/SE/IWC1K/2023-24,"COMPOSITE WORK OF EXCAVATION UNDER PROJECT OF  DREDGING WORK TO PROTECT GROUP OF VILLAGE  MOHAMMADPUR KALA, ANDHAR PURWA EMBANKMENT AND OTHER  VILLAGES FROM FLOOD AND EROSION SITUATED AT LEFT BANK OF  RAPTI RIVER IN DISTRICT SHRAVASTI.",,,,,,,,,,,,,,,,U P Irrigation Department (Mechanical)||Central Equipment and Stores Procurement||S E  Irrigation Workshop Circle - I Kanpur,,,,,,"7,335,114",,2024-04-15,U P Irrigation Department (Mechanical)||Central Equipment and Stores Procurement||S E  Irrigation Workshop Circle - I Kanpur
2024_UPIDM_889677_1,17/SE/IWC1K/2023-24,"COMPOSITE WORK OF EXCAVATION UNDER PROJECT OF  DREDGING WORK TO PROTECT GROUP OF VILLAGE MAIPUR,  MAHUWAPAR, GANGAPUR AND OTHER VILLAGES FROM FLOOD AND EROSION SITUATED AT LEFT BANK OF GHAGHRA RIVER IN  DISTRICT BASTI.",,,,,,,,,,,,,,,,U P Irrigation Department (Mechanical)||Central Equipment and Stores Procurement||S E  Irrigation Workshop Circle - I Kanpur,,,,,,"8,514,000",,2024-04-15,U P Irrigation Department (Mechanical)||Central Equipment and Stores Procurement||S E  Irrigation Workshop Circle - I Kanpur
2024_UPIDM_889696_1,19/SE/IWC1K/2023-24,"DREDGING WORK UNDER THE PROJECT OF DREDGING TO  PROTECT GROUP OF VILLAGE MOHAMMADPUR KALA, ANDHAR  PURWA EMBANKMENT AND OTHER VILLAGES FROM FLOOD AND  EROSION SITUATED AT LEFT BANK OF RAPTI RIVER IN DISTRICT  SHRAVASTI.",,,,,,,,,,,,,,,,U P Irrigation Department (Mechanical)||Central Equipment and Stores Procurement||S E  Irrigation Workshop Circle - I Kanpur,,,,,,"15,900,000",,2024-04-21,U P Irrigation Department (Mechanical)||Central Equipment and Stores Procurement||S E  Irrigation Workshop Circle - I Kanpur
2024_UPIDM_889717_1,20/SE/IWC1K/2023-24,"EXCAVATION WORK TO PROTECT GROUP OF VILLAGE KEVTALA,  PIPARIYA AND OTHER VILLAGES FROM FLOOD AND EROSION  SITUATED AT RIGHT BANK OF GHAGHRA RIVER IN DISTRICT  AMBEDKAR NAGAR.",,,,,,,,,,,,,,,,U P Irrigation Department (Mechanical)||Central Equipment and Stores Procurement||S E  Irrigation Workshop Circle - I Kanpur,,,,,,"7,329,350",,2024-04-15,U P Irrigation Department (Mechanical)||Central Equipment and Stores Procurement||S E  Irrigation Workshop Circle - I Kanpur
2024_UPIDM_889742_1,22/SE/IWC1K/2023-24,EXCAVATION WORK FOR THE PROTECTION FROM FLOOD AND  EROSION OF VILLAGE BELHA BEHRAULI EMBANKMENT AND OTHER  VILLAGES  SITUATED AT LEFT BANK OF RIVER GHAGHRA DISTT BAHARAICH,,,,,,,,,,,,,,,,U P Irrigation Department (Mechanical)||Central Equipment and Stores Procurement||S E  Irrigation Workshop Circle - I Kanpur,,,,,,"7,506,000",,2024-04-15,U P Irrigation Department (Mechanical)||Central Equipment and Stores Procurement||S E  Irrigation Workshop Circle - I Kanpur
2024_UPIDM_889742_1,22/SE/IWC1K/2023-24,EXCAVATION WORK FOR THE PROTECTION FROM FLOOD AND  EROSION OF VILLAGE BELHA BEHRAULI EMBANKMENT AND OTHER  VILLAGES  SITUATED AT LEFT BANK OF RIVER GHAGHRA DISTT BAHARAICH,,,,,,,,,,,,,,,,U P Irrigation Department (Mechanical)||Central Equipment and Stores Procurement||S E  Irrigation Workshop Circle - I Kanpur,,,,,,"7,506,000",,2024-04-15,U P Irrigation Department (Mechanical)||Central Equipment and Stores Procurement||S E  Irrigation Workshop Circle - I Kanpur
2024_UPIDM_889770_1,23/SE/IWC1K/2023-24,"WORK OF CHANNELIZATION BY HYDRAULIC EXCAVATOR FOR  PROTECTION OF VILLAGE RAHULNAGAR AMBEY CHANDIYA  HAZARA, BLOCK-RAMPUR MATHURA, DISTT. PILIBHIT SITUATED AT  RIGHT BANK OF RIVER SHARDA",,,,,,,,,,,,,,,,U P Irrigation Department (Mechanical)||Central Equipment and Stores Procurement||S E  Irrigation Workshop Circle - I Kanpur,,,,,,"8,012,165",,2024-04-15,U P Irrigation Department (Mechanical)||Central Equipment and Stores Procurement||S E  Irrigation Workshop Circle - I Kanpur
2024_REDUP_884342_1,1690/RED/Tender/2023-24,"Construction of tin shed at Baba Shri Kameshwar Nath Dham fair ground of Akbarpur in Gram Panchayat Akbarpur, Block- Laharpur",,,,,,,,,,,,,,,,Director Cum Chief Engineer RED||CHIEF ENGINEER EAST||SE LUCKNOW CIRCLE||EE SITAPUR,,,,,,"1,702,237",,2024-04-18,Director Cum Chief Engineer RED||CHIEF ENGINEER EAST||SE LUCKNOW CIRCLE||EE SITAPUR
2024_REDUP_884222_53,3255/RED/Tender/23-24 Dt 04-01-2024,37-	Ward No 01 Nagar Panchyat Moth main Shri Santosh Kumar ke makan se Sulabh Sauchalay ki aur Apex Road ka nirman karya.,,,,,,,,,,,,,,,,Director Cum Chief Engineer RED||CHIEF ENGINEER WEST||SE JHANSI CIRCLE||EE JHANSI,,,,,,"1,064,418.14",,2024-04-20,Director Cum Chief Engineer RED||CHIEF ENGINEER WEST||SE JHANSI CIRCLE||EE JHANSI
2024_REDUP_884222_53,3255/RED/Tender/23-24 Dt 04-01-2024,37-	Ward No 01 Nagar Panchyat Moth main Shri Santosh Kumar ke makan se Sulabh Sauchalay ki aur Apex Road ka nirman karya.,,,,,,,,,,,,,,,,Director Cum Chief Engineer RED||CHIEF ENGINEER WEST||SE JHANSI CIRCLE||EE JHANSI,,,,,,"1,064,418.14",,2024-04-20,Director Cum Chief Engineer RED||CHIEF ENGINEER WEST||SE JHANSI CIRCLE||EE JHANSI
2024_REDUP_884222_53,3255/RED/Tender/23-24 Dt 04-01-2024,37-	Ward No 01 Nagar Panchyat Moth main Shri Santosh Kumar ke makan se Sulabh Sauchalay ki aur Apex Road ka nirman karya.,,,,,,,,,,,,,,,,Director Cum Chief Engineer RED||CHIEF ENGINEER WEST||SE JHANSI CIRCLE||EE JHANSI,,,,,,"1,064,418.14",,2024-04-20,Director Cum Chief Engineer RED||CHIEF ENGINEER WEST||SE JHANSI CIRCLE||EE JHANSI
2024_REDUP_884222_56,3255/RED/Tender/23-24 Dt 04-01-2024,36-	Vikas Khand Bamaur ke Gram Garautha main Shri Munna Ahirwar ke Beda se Kherapati Mandir  ki aur Apex road abam Nali Nirman karya.,,,,,,,,,,,,,,,,Director Cum Chief Engineer RED||CHIEF ENGINEER WEST||SE JHANSI CIRCLE||EE JHANSI,,,,,,"2,110,149.88",,2024-04-20,Director Cum Chief Engineer RED||CHIEF ENGINEER WEST||SE JHANSI CIRCLE||EE JHANSI
2024_REDUP_884222_44,3255/RED/Tender/23-24 Dt 04-01-2024,27-	Gram Panchayat Sahjahapur Block Moth Me Main Road Se Gaushala Tak Apex Road abam Nali Nirman.,,,,,,,,,,,,,,,,Director Cum Chief Engineer RED||CHIEF ENGINEER WEST||SE JHANSI CIRCLE||EE JHANSI,,,,,,"1,535,434.55",,2024-04-20,Director Cum Chief Engineer RED||CHIEF ENGINEER WEST||SE JHANSI CIRCLE||EE JHANSI
2024_REDUP_884222_44,3255/RED/Tender/23-24 Dt 04-01-2024,27-	Gram Panchayat Sahjahapur Block Moth Me Main Road Se Gaushala Tak Apex Road abam Nali Nirman.,,,,,,,,,,,,,,,,Director Cum Chief Engineer RED||CHIEF ENGINEER WEST||SE JHANSI CIRCLE||EE JHANSI,,,,,,"1,535,434.55",,2024-04-20,Director Cum Chief Engineer RED||CHIEF ENGINEER WEST||SE JHANSI CIRCLE||EE JHANSI
2024_REDUP_884222_44,3255/RED/Tender/23-24 Dt 04-01-2024,27-	Gram Panchayat Sahjahapur Block Moth Me Main Road Se Gaushala Tak Apex Road abam Nali Nirman.,,,,,,,,,,,,,,,,Director Cum Chief Engineer RED||CHIEF ENGINEER WEST||SE JHANSI CIRCLE||EE JHANSI,,,,,,"1,535,434.55",,2024-04-20,Director Cum Chief Engineer RED||CHIEF ENGINEER WEST||SE JHANSI CIRCLE||EE JHANSI
2024_REDUP_884222_45,3255/RED/Tender/23-24 Dt 04-01-2024,28-	Gram Panchayat Lohagrah Block Moth Main Brajbhan Ke Makan Se Rampal Singh Subedaar Ke Makan Ki Aur Apex Road abam Nali Nirman.,,,,,,,,,,,,,,,,Director Cum Chief Engineer RED||CHIEF ENGINEER WEST||SE JHANSI CIRCLE||EE JHANSI,,,,,,"865,690.44",,2024-04-20,Director Cum Chief Engineer RED||CHIEF ENGINEER WEST||SE JHANSI CIRCLE||EE JHANSI
2024_REDUP_884222_46,3255/RED/Tender/23-24 Dt 04-01-2024,29-	Gram Panchayat Khajoori Block Moth Main Ramsevak Verma Ke Makan Se Shivraj Singh Ke Makan Ki Aur Apex Road abam Nali Nirman.,,,,,,,,,,,,,,,,Director Cum Chief Engineer RED||CHIEF ENGINEER WEST||SE JHANSI CIRCLE||EE JHANSI,,,,,,"881,413.61",,2024-04-20,Director Cum Chief Engineer RED||CHIEF ENGINEER WEST||SE JHANSI CIRCLE||EE JHANSI
2024_REDUP_884222_49,3255/RED/Tender/23-24 Dt 04-01-2024,32-	Block Moth ke Gram Panchyat Babai main Samsanghat ki Boundrywall ka Nirman.,,,,,,,,,,,,,,,,Director Cum Chief Engineer RED||CHIEF ENGINEER WEST||SE JHANSI CIRCLE||EE JHANSI,,,,,,"1,193,915.67",,2024-04-20,Director Cum Chief Engineer RED||CHIEF ENGINEER WEST||SE JHANSI CIRCLE||EE JHANSI
2024_REDUP_884222_50,3255/RED/Tender/23-24 Dt 04-01-2024,33 Block Moth ke Nagar panchyat Bholagiri ke makan se Luchibai ki puliya ki aur Nala ka Nirman Karya.,,,,,,,,,,,,,,,,Director Cum Chief Engineer RED||CHIEF ENGINEER WEST||SE JHANSI CIRCLE||EE JHANSI,,,,,,"2,247,190.78",,2024-04-20,Director Cum Chief Engineer RED||CHIEF ENGINEER WEST||SE JHANSI CIRCLE||EE JHANSI
2024_REDUP_884222_50,3255/RED/Tender/23-24 Dt 04-01-2024,33 Block Moth ke Nagar panchyat Bholagiri ke makan se Luchibai ki puliya ki aur Nala ka Nirman Karya.,,,,,,,,,,,,,,,,Director Cum Chief Engineer RED||CHIEF ENGINEER WEST||SE JHANSI CIRCLE||EE JHANSI,,,,,,"2,247,190.78",,2024-04-20,Director Cum Chief Engineer RED||CHIEF ENGINEER WEST||SE JHANSI CIRCLE||EE JHANSI
2024_REDUP_884222_34,3255/RED/Tender/23-24 Dt 04-01-2024,17-	Ward no 05 Sastrinagar main Gupta ji ke makan se Ladkuwar ke makan ki aur Apex road abam Nali Nirman karya.,,,,,,,,,,,,,,,,Director Cum Chief Engineer RED||CHIEF ENGINEER WEST||SE JHANSI CIRCLE||EE JHANSI,,,,,,"1,799,192.3",,2024-04-20,Director Cum Chief Engineer RED||CHIEF ENGINEER WEST||SE JHANSI CIRCLE||EE JHANSI
2024_REDUP_884222_34,3255/RED/Tender/23-24 Dt 04-01-2024,17-	Ward no 05 Sastrinagar main Gupta ji ke makan se Ladkuwar ke makan ki aur Apex road abam Nali Nirman karya.,,,,,,,,,,,,,,,,Director Cum Chief Engineer RED||CHIEF ENGINEER WEST||SE JHANSI CIRCLE||EE JHANSI,,,,,,"1,799,192.3",,2024-04-20,Director Cum Chief Engineer RED||CHIEF ENGINEER WEST||SE JHANSI CIRCLE||EE JHANSI
2024_REDUP_884222_35,3255/RED/Tender/23-24 Dt 04-01-2024,18-	Ward no 50 Divya vihar colony Dadiyapura main chandramohan kaushal ke makan ki aur apex road va nali nirman,,,,,,,,,,,,,,,,Director Cum Chief Engineer RED||CHIEF ENGINEER WEST||SE JHANSI CIRCLE||EE JHANSI,,,,,,"1,087,107.69",,2024-04-20,Director Cum Chief Engineer RED||CHIEF ENGINEER WEST||SE JHANSI CIRCLE||EE JHANSI
2024_REDUP_884222_37,3255/RED/Tender/23-24 Dt 04-01-2024,20-	Gram Panchayat Nehru Nagar Block Moth Main Rahees Ke Makan Se Nandanpura Bale Ke Makan Ki Aur Apex Road abam Nali Nirman.,,,,,,,,,,,,,,,,Director Cum Chief Engineer RED||CHIEF ENGINEER WEST||SE JHANSI CIRCLE||EE JHANSI,,,,,,"1,345,295.87",,2024-04-20,Director Cum Chief Engineer RED||CHIEF ENGINEER WEST||SE JHANSI CIRCLE||EE JHANSI
2024_REDUP_884222_37,3255/RED/Tender/23-24 Dt 04-01-2024,20-	Gram Panchayat Nehru Nagar Block Moth Main Rahees Ke Makan Se Nandanpura Bale Ke Makan Ki Aur Apex Road abam Nali Nirman.,,,,,,,,,,,,,,,,Director Cum Chief Engineer RED||CHIEF ENGINEER WEST||SE JHANSI CIRCLE||EE JHANSI,,,,,,"1,345,295.87",,2024-04-20,Director Cum Chief Engineer RED||CHIEF ENGINEER WEST||SE JHANSI CIRCLE||EE JHANSI
2024_REDUP_884222_38,3255/RED/Tender/23-24 Dt 04-01-2024,21-	Gram Panchayat Badokhari Block Moth Main Nirpat Singh Ke Makan Se Prehalad Ke Makan Tak Apex Road abam Nali Nirman.,,,,,,,,,,,,,,,,Director Cum Chief Engineer RED||CHIEF ENGINEER WEST||SE JHANSI CIRCLE||EE JHANSI,,,,,,"978,528.38",,2024-04-20,Director Cum Chief Engineer RED||CHIEF ENGINEER WEST||SE JHANSI CIRCLE||EE JHANSI
2024_REDUP_884222_41,3255/RED/Tender/23-24 Dt 04-01-2024,24-	Gram Panchayat Lohagarh Block Moth Main Mangal Singh Ke Makan se Prathmik Vidhyalay Ki Aur Apex Road abam Nali Nirman.,,,,,,,,,,,,,,,,Director Cum Chief Engineer RED||CHIEF ENGINEER WEST||SE JHANSI CIRCLE||EE JHANSI,,,,,,"1,639,623.11",,2024-04-20,Director Cum Chief Engineer RED||CHIEF ENGINEER WEST||SE JHANSI CIRCLE||EE JHANSI
2024_REDUP_884222_41,3255/RED/Tender/23-24 Dt 04-01-2024,24-	Gram Panchayat Lohagarh Block Moth Main Mangal Singh Ke Makan se Prathmik Vidhyalay Ki Aur Apex Road abam Nali Nirman.,,,,,,,,,,,,,,,,Director Cum Chief Engineer RED||CHIEF ENGINEER WEST||SE JHANSI CIRCLE||EE JHANSI,,,,,,"1,639,623.11",,2024-04-20,Director Cum Chief Engineer RED||CHIEF ENGINEER WEST||SE JHANSI CIRCLE||EE JHANSI
2024_REDUP_884222_26,3255/RED/Tender/23-24 Dt 04-01-2024,9-	Gram Panchyat Pargehna Block Chirgaon main Buddh Singh ke kuan se pawai jane wale sector ki aur Apex road abam Nali Nirman karya.,,,,,,,,,,,,,,,,Director Cum Chief Engineer RED||CHIEF ENGINEER WEST||SE JHANSI CIRCLE||EE JHANSI,,,,,,"1,457,879.1",,2024-04-20,Director Cum Chief Engineer RED||CHIEF ENGINEER WEST||SE JHANSI CIRCLE||EE JHANSI
2024_REDUP_884222_27,3255/RED/Tender/23-24 Dt 04-01-2024,10-	Ward No. 13 Kochbhawar Peramedical main Avas Vikas colony ke peeche Shashikant Dubey ke makan se Raju Panchal ke makan ki aur Apex road abam Nali Nirman karya.,,,,,,,,,,,,,,,,Director Cum Chief Engineer RED||CHIEF ENGINEER WEST||SE JHANSI CIRCLE||EE JHANSI,,,,,,"2,194,367.43",,2024-04-20,Director Cum Chief Engineer RED||CHIEF ENGINEER WEST||SE JHANSI CIRCLE||EE JHANSI
2024_REDUP_884222_29,3255/RED/Tender/23-24 Dt 04-01-2024,12-	Ward No. 30 Panchwati main Rajkumar Tiwari ke makan se Kailash sen ke makan ki aur Apex road abam Nali Nirman karya.,,,,,,,,,,,,,,,,Director Cum Chief Engineer RED||CHIEF ENGINEER WEST||SE JHANSI CIRCLE||EE JHANSI,,,,,,"2,115,403.14",,2024-04-20,Director Cum Chief Engineer RED||CHIEF ENGINEER WEST||SE JHANSI CIRCLE||EE JHANSI
2024_REDUP_884222_29,3255/RED/Tender/23-24 Dt 04-01-2024,12-	Ward No. 30 Panchwati main Rajkumar Tiwari ke makan se Kailash sen ke makan ki aur Apex road abam Nali Nirman karya.,,,,,,,,,,,,,,,,Director Cum Chief Engineer RED||CHIEF ENGINEER WEST||SE JHANSI CIRCLE||EE JHANSI,,,,,,"2,115,403.14",,2024-04-20,Director Cum Chief Engineer RED||CHIEF ENGINEER WEST||SE JHANSI CIRCLE||EE JHANSI
2024_REDUP_884222_31,3255/RED/Tender/23-24 Dt 04-01-2024,14-	Jhansi Shivpuri Highway ke pass Maa Pitambra Colony se Satendra Singh ke makan se Raja Patel ke makan ki aur Apex road abam Nali Nirman karya.,,,,,,,,,,,,,,,,Director Cum Chief Engineer RED||CHIEF ENGINEER WEST||SE JHANSI CIRCLE||EE JHANSI,,,,,,"1,129,757",,2024-04-20,Director Cum Chief Engineer RED||CHIEF ENGINEER WEST||SE JHANSI CIRCLE||EE JHANSI
2024_REDUP_884222_31,3255/RED/Tender/23-24 Dt 04-01-2024,14-	Jhansi Shivpuri Highway ke pass Maa Pitambra Colony se Satendra Singh ke makan se Raja Patel ke makan ki aur Apex road abam Nali Nirman karya.,,,,,,,,,,,,,,,,Director Cum Chief Engineer RED||CHIEF ENGINEER WEST||SE JHANSI CIRCLE||EE JHANSI,,,,,,"1,129,757",,2024-04-20,Director Cum Chief Engineer RED||CHIEF ENGINEER WEST||SE JHANSI CIRCLE||EE JHANSI
2024_REDUP_884222_31,3255/RED/Tender/23-24 Dt 04-01-2024,14-	Jhansi Shivpuri Highway ke pass Maa Pitambra Colony se Satendra Singh ke makan se Raja Patel ke makan ki aur Apex road abam Nali Nirman karya.,,,,,,,,,,,,,,,,Director Cum Chief Engineer RED||CHIEF ENGINEER WEST||SE JHANSI CIRCLE||EE JHANSI,,,,,,"1,129,757",,2024-04-20,Director Cum Chief Engineer RED||CHIEF ENGINEER WEST||SE JHANSI CIRCLE||EE JHANSI
2024_REDUP_884222_20,3255/RED/Tender/23-24 Dt 04-01-2024,2-	Gram Panchyat Magarpur Block Bangra main 09 Number Chaurahe ke pass kallu mate ke mkan se Shaayar Babba ki aur  ki aur Apex road abam Nali Nirman karya,,,,,,,,,,,,,,,,Director Cum Chief Engineer RED||CHIEF ENGINEER WEST||SE JHANSI CIRCLE||EE JHANSI,,,,,,"3,315,772.91",,2024-04-20,Director Cum Chief Engineer RED||CHIEF ENGINEER WEST||SE JHANSI CIRCLE||EE JHANSI
2024_REDUP_884222_21,3255/RED/Tender/23-24 Dt 04-01-2024,3-	Gram Panchyat Sajera Block Bangra main Jagpal Singh ke makan se Mahendra Singh ke makan  ki aur Apex road abam Nali Nirman karya.,,,,,,,,,,,,,,,,Director Cum Chief Engineer RED||CHIEF ENGINEER WEST||SE JHANSI CIRCLE||EE JHANSI,,,,,,"878,299.37",,2024-04-20,Director Cum Chief Engineer RED||CHIEF ENGINEER WEST||SE JHANSI CIRCLE||EE JHANSI
2024_REDUP_884222_23,3255/RED/Tender/23-24 Dt 04-01-2024,5-	Gram Panchyat Ghuraiya Block Gursarai main Dayarav Ghose ke bade se Katam Karigar ke makan ki aur Apex road abam Nali Nirman karya.,,,,,,,,,,,,,,,,Director Cum Chief Engineer RED||CHIEF ENGINEER WEST||SE JHANSI CIRCLE||EE JHANSI,,,,,,"842,620.51",,2024-04-20,Director Cum Chief Engineer RED||CHIEF ENGINEER WEST||SE JHANSI CIRCLE||EE JHANSI
2024_UPIDM_886314_1,15/SE/IWC1K/2023-24,COMPOSITE WORK OF EXCAVATION UNDER PROJECT OF  DREDGING WORK TO PROTECT GROUP OF VILLAGE BELA AND  OTHER VILLAGES FROM FLOOD AND EROSION SITUATED AT LEFT  BANK OF RAPTI RIVER IN DISTRICT BALRAMPUR,,,,,,,,,,,,,,,,U P Irrigation Department (Mechanical)||Central Equipment and Stores Procurement||S E  Irrigation Workshop Circle - I Kanpur,,,,,,"6,655,968",,2024-04-15,U P Irrigation Department (Mechanical)||Central Equipment and Stores Procurement||S E  Irrigation Workshop Circle - I Kanpur
2024_REDUP_883057_2,3554/EE RED AYODHYA/23-24 Dt 02/01/2024,"Under District Ayodhya, Construction of Interlocking road from Nazir house in Miyaganj of Khand Haringganj to Mosque from Chhaban house to Jaggu Rai house Lot No 2",,,,,,,,,,,,,,,,Director Cum Chief Engineer RED||CHIEF ENGINEER EAST||SE FAIZABAD CIRCLE||EE FAIZABAD,,,,,,"1,298,444",,2024-04-03,Director Cum Chief Engineer RED||CHIEF ENGINEER EAST||SE FAIZABAD CIRCLE||EE FAIZABAD
2024_REDUP_883057_4,3554/EE RED AYODHYA/23-24 Dt 02/01/2024,"Under District Ayodhya, Construction of Soling road in Gram Sabha Maihar Kabirpur of Khand Tarun via Ahiran Purva via Ahiran Purva Lot No 4",,,,,,,,,,,,,,,,Director Cum Chief Engineer RED||CHIEF ENGINEER EAST||SE FAIZABAD CIRCLE||EE FAIZABAD,,,,,,"1,429,730",,2024-04-03,Director Cum Chief Engineer RED||CHIEF ENGINEER EAST||SE FAIZABAD CIRCLE||EE FAIZABAD
2024_REDUP_883057_7,3554/EE RED AYODHYA/23-24 Dt 02/01/2024,"Under District Ayodhya, Construction of Interlocking road from Urmila College Road to Arvind Verma house Lot No 7",,,,,,,,,,,,,,,,Director Cum Chief Engineer RED||CHIEF ENGINEER EAST||SE FAIZABAD CIRCLE||EE FAIZABAD,,,,,,"1,378,543",,2024-04-03,Director Cum Chief Engineer RED||CHIEF ENGINEER EAST||SE FAIZABAD CIRCLE||EE FAIZABAD
2024_REDUP_882447_9,2938/red/tender/unnao/23-24 dt-28-12-2023,Gram  Sabha Katahadal narayanpur vikash khand S Karan me Kataha  damar Road se Ajay Nisad ke Makan  tak interlocking Road Ka Nirman karye.,,,,,,,,,,,,,,,,Director Cum Chief Engineer RED||CHIEF ENGINEER EAST||SE LUCKNOW CIRCLE||EE UNNAO,,,,,,"1,296,938.36",,2024-04-08,Director Cum Chief Engineer RED||CHIEF ENGINEER EAST||SE LUCKNOW CIRCLE||EE UNNAO
2024_REDUP_882126_1,23/gra.a.vi./Etender/Fileno 118/23-24,Town Area Kunda Satish Mishra ke ghr  tk CC ROAD Block Kunda,,,,,,,,,,,,,,,,Director Cum Chief Engineer RED||CHIEF ENGINEER EAST||SE ALLAHABAD CIRCLE||EE PRATAPGARH,,,,,,"2,065,209.619",,2024-04-15,Director Cum Chief Engineer RED||CHIEF ENGINEER EAST||SE ALLAHABAD CIRCLE||EE PRATAPGARH
2024_REDUP_882447_17,2938/red/tender/unnao/23-24 dt-28-12-2023,Gram Panchcyat  Bhadin me Vikash Khand Asoha me Bhadin Damar Road se Satti Lodhi  Ke Ghar tak interlocking Road,,,,,,,,,,,,,,,,Director Cum Chief Engineer RED||CHIEF ENGINEER EAST||SE LUCKNOW CIRCLE||EE UNNAO,,,,,,"11,748,385.29",,2024-04-08,Director Cum Chief Engineer RED||CHIEF ENGINEER EAST||SE LUCKNOW CIRCLE||EE UNNAO
2024_REDUP_882447_18,2938/red/tender/unnao/23-24 dt-28-12-2023,Gram Panchcyat  Sandana Gram  Banpura  me Damar Road se Ram Khelawan ke Ghar hote huwe Gulab Singh ke Ghar tak interlocking Road,,,,,,,,,,,,,,,,Director Cum Chief Engineer RED||CHIEF ENGINEER EAST||SE LUCKNOW CIRCLE||EE UNNAO,,,,,,"1,557,841.01",,2024-04-08,Director Cum Chief Engineer RED||CHIEF ENGINEER EAST||SE LUCKNOW CIRCLE||EE UNNAO
2024_REDUP_882123_1,23/gra.a.vi./Etender/Fileno 118/23-24,Town Area Kunda Vishwajeet k ghr tk Nali Nirmaan Block Kunda,,,,,,,,,,,,,,,,Director Cum Chief Engineer RED||CHIEF ENGINEER EAST||SE ALLAHABAD CIRCLE||EE PRATAPGARH,,,,,,"1,082,277.839",,2024-04-02,Director Cum Chief Engineer RED||CHIEF ENGINEER EAST||SE ALLAHABAD CIRCLE||EE PRATAPGARH
2024_REDUP_882124_1,23/gra.a.vi./Etender/Fileno 118/23-24,Town Area Kunda Kolahal ka purwa hote hue Railway station tk Nali Nirmaan Block Kunda,,,,,,,,,,,,,,,,Director Cum Chief Engineer RED||CHIEF ENGINEER EAST||SE ALLAHABAD CIRCLE||EE PRATAPGARH,,,,,,"1,886,068.324",,2024-04-16,Director Cum Chief Engineer RED||CHIEF ENGINEER EAST||SE ALLAHABAD CIRCLE||EE PRATAPGARH
2024_REDUP_881638_6,2971/tender/unnao/2023-24 dt-02-01-2024,Gram Panchyat Khanpur Karoli ke Mazra Samsapur me Srawan Kasyap Ke Ghar Se Suckkhi Devi Minder tak  Interlocking Road evm Nali ka Nirmna karye.,,,,,,,,,,,,,,,,Director Cum Chief Engineer RED||CHIEF ENGINEER EAST||SE LUCKNOW CIRCLE||EE UNNAO,,,,,,"990,677.82",,2024-04-10,Director Cum Chief Engineer RED||CHIEF ENGINEER EAST||SE LUCKNOW CIRCLE||EE UNNAO
2024_REDUP_881638_6,2971/tender/unnao/2023-24 dt-02-01-2024,Gram Panchyat Khanpur Karoli ke Mazra Samsapur me Srawan Kasyap Ke Ghar Se Suckkhi Devi Minder tak  Interlocking Road evm Nali ka Nirmna karye.,,,,,,,,,,,,,,,,Director Cum Chief Engineer RED||CHIEF ENGINEER EAST||SE LUCKNOW CIRCLE||EE UNNAO,,,,,,"990,677.82",,2024-04-10,Director Cum Chief Engineer RED||CHIEF ENGINEER EAST||SE LUCKNOW CIRCLE||EE UNNAO
2024_REDUP_881638_7,2971/tender/unnao/2023-24 dt-02-01-2024,Gram Panchyat  Mustafabad me Sonu Dwedi Ke Ghar Se Santosh Mishra Ke School tak  Interlocking Road evm Nali ka Nirmna karye.,,,,,,,,,,,,,,,,Director Cum Chief Engineer RED||CHIEF ENGINEER EAST||SE LUCKNOW CIRCLE||EE UNNAO,,,,,,"954,617.28",,2024-04-25,Director Cum Chief Engineer RED||CHIEF ENGINEER EAST||SE LUCKNOW CIRCLE||EE UNNAO
2024_REDUP_881638_8,2971/tender/unnao/2023-24 dt-02-01-2024,Gram Panchyat Kabirpur me Dr. Devendra Kanojiya Ke Makan Se Sambholi CC Road  tak  Interlocking Road evm Nali ka Nirmna karye.,,,,,,,,,,,,,,,,Director Cum Chief Engineer RED||CHIEF ENGINEER EAST||SE LUCKNOW CIRCLE||EE UNNAO,,,,,,"1,288,338.65",,2024-04-10,Director Cum Chief Engineer RED||CHIEF ENGINEER EAST||SE LUCKNOW CIRCLE||EE UNNAO
2024_REDUP_881559_1,2864/Tender/Unnao/2023-24 Dt-19-12-2023,Gram Bararha kala Se Uccha Prathamic  Vidhyalaya Tak Interlocking Road ka Nirmna karye.,,,,,,,,,,,,,,,,Director Cum Chief Engineer RED||CHIEF ENGINEER EAST||SE LUCKNOW CIRCLE||EE UNNAO,,,,,,"1,144,010.82",,2024-04-08,Director Cum Chief Engineer RED||CHIEF ENGINEER EAST||SE LUCKNOW CIRCLE||EE UNNAO
2024_REDUP_881559_2,2864/Tender/Unnao/2023-24 Dt-19-12-2023,Gram Balsi Makhi me Jagatpal Ke Ghar See Harikesh singh Ke Ghar hote huwe Kaptan Singh Ke Ghar tak  Interlocking Road ka Nirmna karye.,,,,,,,,,,,,,,,,Director Cum Chief Engineer RED||CHIEF ENGINEER EAST||SE LUCKNOW CIRCLE||EE UNNAO,,,,,,"1,703,181.84",,2024-04-08,Director Cum Chief Engineer RED||CHIEF ENGINEER EAST||SE LUCKNOW CIRCLE||EE UNNAO
2024_REDUP_881638_10,2971/tender/unnao/2023-24 dt-02-01-2024,Nanamau main road se Mahyogeshwar Gru Gorakhnath Sadhana Asram   tak  Interlocking Road  ka Nirmna karye.,,,,,,,,,,,,,,,,Director Cum Chief Engineer RED||CHIEF ENGINEER EAST||SE LUCKNOW CIRCLE||EE UNNAO,,,,,,"937,085.23",,2024-04-10,Director Cum Chief Engineer RED||CHIEF ENGINEER EAST||SE LUCKNOW CIRCLE||EE UNNAO
2024_REDUP_881638_11,2971/tender/unnao/2023-24 dt-02-01-2024,Gram Panchyat Behata Mujawar Rajesh Ke Darwaje se Kamlesh Ke Darwaje   tak  Interlocking Road  ka Nirmna karye.,,,,,,,,,,,,,,,,Director Cum Chief Engineer RED||CHIEF ENGINEER EAST||SE LUCKNOW CIRCLE||EE UNNAO,,,,,,"1,014,194.42",,2024-04-25,Director Cum Chief Engineer RED||CHIEF ENGINEER EAST||SE LUCKNOW CIRCLE||EE UNNAO
2024_REDUP_881638_10,2971/tender/unnao/2023-24 dt-02-01-2024,Nanamau main road se Mahyogeshwar Gru Gorakhnath Sadhana Asram   tak  Interlocking Road  ka Nirmna karye.,,,,,,,,,,,,,,,,Director Cum Chief Engineer RED||CHIEF ENGINEER EAST||SE LUCKNOW CIRCLE||EE UNNAO,,,,,,"937,085.23",,2024-04-10,Director Cum Chief Engineer RED||CHIEF ENGINEER EAST||SE LUCKNOW CIRCLE||EE UNNAO
2024_REDUP_881259_6,NIT - 2163 dt 14.12.2023 Tender 41,Construction work of CC Road and Drain from Mahesh House to Banthla Dhikoli Marg in Village Siroli.,,,,,,,,,,,,,,,,Director Cum Chief Engineer RED||CHIEF ENGINEER WEST||SE MEERUT CIRCLE||EE GHAZIABAD,,,,,,"2,479,892",,2024-04-20,Director Cum Chief Engineer RED||CHIEF ENGINEER WEST||SE MEERUT CIRCLE||EE GHAZIABAD
2024_REDUP_881040_1,2515/RED/TENDER/BC/mrt/23-24 DT-20.12.2023,SANATHAN DHARAM INTER COLLEGE NAGLA TASHI DIVIDER ROAD KANKERKHEDA KI DIWAAR KO 4FT SE 8FT KARNE AVAM ANGLE LAGAKER LOHE KI JAALI KA NIRMAAN KARYA,,,,,,,,,,,,,,,,Director Cum Chief Engineer RED||CHIEF ENGINEER WEST||SE MEERUT CIRCLE||EE MEERUT,,,,,,"2,494,967",,2024-04-08,Director Cum Chief Engineer RED||CHIEF ENGINEER WEST||SE MEERUT CIRCLE||EE MEERUT
2024_UPIDM_883005_1,39/LCDJ/EE/2023-24,AC MAZZA PIPE LINE OF  BHARATPURA PUMP CANAL JHANSI,,,,,,,,,,,,,,,,U P Irrigation Department (Mechanical)||Chief Engineer (Tubewell Centre)||Superintending Engineer(Tubewell) - Jhansi||Executive Engineer (LCD)-Jhansi,,,,,,"1,356,950",,2024-04-18,U P Irrigation Department (Mechanical)||Chief Engineer (Tubewell Centre)||Superintending Engineer(Tubewell) - Jhansi||Executive Engineer (LCD)-Jhansi
2024_REDUP_879539_8,1258/EE/RED/2023-24 dt 07.12.2023,Road construction from Bhagwandas house to Vinod house in Tantpur Gugamad,,,,,,,,,,,,,,,,Director Cum Chief Engineer RED||CHIEF ENGINEER WEST||SE AGRA CIRCLE||EE AGRA,,,,,,"531,026.77",,2024-04-19,Director Cum Chief Engineer RED||CHIEF ENGINEER WEST||SE AGRA CIRCLE||EE AGRA
2024_REDUP_879539_10,1258/EE/RED/2023-24 dt 07.12.2023,Road Construction from Temple in HR Estate to Pooran Singh house in Foolwari,,,,,,,,,,,,,,,,Director Cum Chief Engineer RED||CHIEF ENGINEER WEST||SE AGRA CIRCLE||EE AGRA,,,,,,"848,053.57",,2024-04-19,Director Cum Chief Engineer RED||CHIEF ENGINEER WEST||SE AGRA CIRCLE||EE AGRA
2024_REDUP_879539_11,1258/EE/RED/2023-24 dt 07.12.2023,Road Construction from Rakesh Diwakar house to Anil shope in Mahadev Nagar,,,,,,,,,,,,,,,,Director Cum Chief Engineer RED||CHIEF ENGINEER WEST||SE AGRA CIRCLE||EE AGRA,,,,,,"1,837,836.91",,2024-04-19,Director Cum Chief Engineer RED||CHIEF ENGINEER WEST||SE AGRA CIRCLE||EE AGRA
2024_REDUP_879539_12,1258/EE/RED/2023-24 dt 07.12.2023,Road Construction from Mata Kaamneshwari Temple to Roshanlal house in Nagla Bhaalchandra nunhai,,,,,,,,,,,,,,,,Director Cum Chief Engineer RED||CHIEF ENGINEER WEST||SE AGRA CIRCLE||EE AGRA,,,,,,"997,308.92",,2024-04-19,Director Cum Chief Engineer RED||CHIEF ENGINEER WEST||SE AGRA CIRCLE||EE AGRA
2024_REDUP_879539_1,1258/EE/RED/2023-24 dt 07.12.2023,construction of satsang bhawan near sati mata mandir in village theepuri in fatehabad,,,,,,,,,,,,,,,,Director Cum Chief Engineer RED||CHIEF ENGINEER WEST||SE AGRA CIRCLE||EE AGRA,,,,,,"2,498,589.98",,2024-04-19,Director Cum Chief Engineer RED||CHIEF ENGINEER WEST||SE AGRA CIRCLE||EE AGRA
2024_REDUP_879539_3,1258/EE/RED/2023-24 dt 07.12.2023,Road Cunstruction from Rishi Shivhare to Rajesh baghel plot in Sewla Bhagwati bihar,,,,,,,,,,,,,,,,Director Cum Chief Engineer RED||CHIEF ENGINEER WEST||SE AGRA CIRCLE||EE AGRA,,,,,,"1,246,481.73",,2024-04-19,Director Cum Chief Engineer RED||CHIEF ENGINEER WEST||SE AGRA CIRCLE||EE AGRA
2024_REDUP_879539_3,1258/EE/RED/2023-24 dt 07.12.2023,Road Cunstruction from Rishi Shivhare to Rajesh baghel plot in Sewla Bhagwati bihar,,,,,,,,,,,,,,,,Director Cum Chief Engineer RED||CHIEF ENGINEER WEST||SE AGRA CIRCLE||EE AGRA,,,,,,"1,246,481.73",,2024-04-19,Director Cum Chief Engineer RED||CHIEF ENGINEER WEST||SE AGRA CIRCLE||EE AGRA
2024_REDUP_879539_4,1258/EE/RED/2023-24 dt 07.12.2023,Road cunstruction from shri krishna to vivek verma in Sewla Bhagwati Bihar,,,,,,,,,,,,,,,,Director Cum Chief Engineer RED||CHIEF ENGINEER WEST||SE AGRA CIRCLE||EE AGRA,,,,,,"379,724.39",,2024-04-19,Director Cum Chief Engineer RED||CHIEF ENGINEER WEST||SE AGRA CIRCLE||EE AGRA
2024_REDUP_879539_5,1258/EE/RED/2023-24 dt 07.12.2023,Road Construction from Girraj house to Sahab Singh house in Gram Panchayat Salemabad majra garhi,,,,,,,,,,,,,,,,Director Cum Chief Engineer RED||CHIEF ENGINEER WEST||SE AGRA CIRCLE||EE AGRA,,,,,,"1,646,859.31",,2024-04-19,Director Cum Chief Engineer RED||CHIEF ENGINEER WEST||SE AGRA CIRCLE||EE AGRA
2024_REDUP_879539_6,1258/EE/RED/2023-24 dt 07.12.2023,Road Construction from Ram nivas Sharma to Thakur ji Devalaya in Gram Umretha,,,,,,,,,,,,,,,,Director Cum Chief Engineer RED||CHIEF ENGINEER WEST||SE AGRA CIRCLE||EE AGRA,,,,,,"895,254.75",,2024-04-19,Director Cum Chief Engineer RED||CHIEF ENGINEER WEST||SE AGRA CIRCLE||EE AGRA
2024_REDUP_879539_7,1258/EE/RED/2023-24 dt 07.12.2023,Road Construction from Kishan house to Hanuman ji temple in Maghtai,,,,,,,,,,,,,,,,Director Cum Chief Engineer RED||CHIEF ENGINEER WEST||SE AGRA CIRCLE||EE AGRA,,,,,,"1,415,218.53",,2024-04-19,Director Cum Chief Engineer RED||CHIEF ENGINEER WEST||SE AGRA CIRCLE||EE AGRA
2024_REDUP_879202_3,"1667/RED/E-TENDER/2023-24, DATE 11.12.23",VIKAS KHAND BAITALPUR KE GRAM SABHA BALIYAWA KE GRAM ME SHASTRI DUBEY KE GHOTHE SE SHRI LALJI CHAUBEY KE GHAR TAK CC ROAD KA NIRMAN KARYA,,,,,,,,,,,,,,,,Director Cum Chief Engineer RED||CHIEF ENGINEER EAST||SE GORAKHPUR CIRCLE||EE DEORIA,,,,,,"1,359,419.05",,2024-04-12,Director Cum Chief Engineer RED||CHIEF ENGINEER EAST||SE GORAKHPUR CIRCLE||EE DEORIA
2024_REDUP_879311_3,3029/RED Tender Maharajganj,GRAM SABHA SHIVPUR ME PITCH ROAD SE AJAY SRIVASTAV KE GHAR JANE VALE MARG PAR CC ROAD NIRMAN,,,,,,,,,,,,,,,,Director Cum Chief Engineer RED||CHIEF ENGINEER EAST||SE GORAKHPUR CIRCLE||EE KUSHINAGAR,,,,,,"1,923,036",,2024-04-24,Director Cum Chief Engineer RED||CHIEF ENGINEER EAST||SE GORAKHPUR CIRCLE||EE KUSHINAGAR
2024_REDUP_879311_3,3029/RED Tender Maharajganj,GRAM SABHA SHIVPUR ME PITCH ROAD SE AJAY SRIVASTAV KE GHAR JANE VALE MARG PAR CC ROAD NIRMAN,,,,,,,,,,,,,,,,Director Cum Chief Engineer RED||CHIEF ENGINEER EAST||SE GORAKHPUR CIRCLE||EE KUSHINAGAR,,,,,,"1,923,036",,2024-04-24,Director Cum Chief Engineer RED||CHIEF ENGINEER EAST||SE GORAKHPUR CIRCLE||EE KUSHINAGAR
2024_REDUP_878831_7,"1664/RED/E-TENDER/2023-24, DATE 11.12.23",VIKAS KHAND LAR KE GRAM CHORDIHA ME PRATHAMIK VIDHYALAY SE KAPILDEV PRAJAPATI KE GHAR TAK CC ROAD KA NIRMAN KARYA,,,,,,,,,,,,,,,,Director Cum Chief Engineer RED||CHIEF ENGINEER EAST||SE GORAKHPUR CIRCLE||EE DEORIA,,,,,,"2,012,236.44",,2024-04-12,Director Cum Chief Engineer RED||CHIEF ENGINEER EAST||SE GORAKHPUR CIRCLE||EE DEORIA
2024_YEIDA_881608_4,YEA/GM(PROJECT)/2024/864 DT-9/01/2024,Topographical survey of mix land use area in Tappal Bajna Urban Center YEIDA,,,,,,,,,,,,,,,,Yamuna Expressway Industrial Development Authority,,,,,,"701,626.6",,2024-04-30,Yamuna Expressway Industrial Development Authority
2024_REDUP_878831_10,"1664/RED/E-TENDER/2023-24, DATE 11.12.23",VIKAS KHAND SALEMPUR KE GRAM SARKADA GRAM PANCHAYAT PIGHALA SUNALI ME BRAMH STHAN V SHIV MANDIR SE SRI HARENDRA NATH MISHRA V SHRI RAMSARAN KE GHAR TAK CC ROAD KA NIRMAN KARYA,,,,,,,,,,,,,,,,Director Cum Chief Engineer RED||CHIEF ENGINEER EAST||SE GORAKHPUR CIRCLE||EE DEORIA,,,,,,"1,088,560.3",,2024-04-29,Director Cum Chief Engineer RED||CHIEF ENGINEER EAST||SE GORAKHPUR CIRCLE||EE DEORIA
2024_REDUP_878831_1,"1664/RED/E-TENDER/2023-24, DATE 11.12.23","VIKAS KHAND LAR KE GRAM BAURDIH ME SANTOSH DUBEY KE GHAR SE RAMCHARIT PRASAD KE GHAR HOTE HEU PRATHAMIK VIDHYALAY, BAURDIH TAK CC ROAD KA NIRMAN KARYA",,,,,,,,,,,,,,,,Director Cum Chief Engineer RED||CHIEF ENGINEER EAST||SE GORAKHPUR CIRCLE||EE DEORIA,,,,,,"900,455.77",,2024-04-04,Director Cum Chief Engineer RED||CHIEF ENGINEER EAST||SE GORAKHPUR CIRCLE||EE DEORIA
2024_REDUP_878831_7,"1664/RED/E-TENDER/2023-24, DATE 11.12.23",VIKAS KHAND LAR KE GRAM CHORDIHA ME PRATHAMIK VIDHYALAY SE KAPILDEV PRAJAPATI KE GHAR TAK CC ROAD KA NIRMAN KARYA,,,,,,,,,,,,,,,,Director Cum Chief Engineer RED||CHIEF ENGINEER EAST||SE GORAKHPUR CIRCLE||EE DEORIA,,,,,,"2,012,236.44",,2024-04-12,Director Cum Chief Engineer RED||CHIEF ENGINEER EAST||SE GORAKHPUR CIRCLE||EE DEORIA
2024_REDUP_877931_1,1362/EE RED BARABANKI/23-24 Dt 14/12/2023,"Under District Barabanki Block Siddhaur, Construction of Boundary Wall of Kasturba Gandhi Residential Girls School Lot No 1",,,,,,,,,,,,,,,,Director Cum Chief Engineer RED||CHIEF ENGINEER EAST||SE FAIZABAD CIRCLE||EE BARABANKI,,,,,,"1,231,149.02",,2024-04-30,Director Cum Chief Engineer RED||CHIEF ENGINEER EAST||SE FAIZABAD CIRCLE||EE BARABANKI
2024_REDUP_876658_16,1257/RED/TENDER/23-24 dt- 06.12.2023,Construction of CC road from Malkhan to Ritesh house in village Rudmali,,,,,,,,,,,,,,,,Director Cum Chief Engineer RED||CHIEF ENGINEER WEST||SE AGRA CIRCLE||EE AGRA,,,,,,"1,148,653.35",,2024-04-19,Director Cum Chief Engineer RED||CHIEF ENGINEER WEST||SE AGRA CIRCLE||EE AGRA
2024_REDUP_876658_18,1257/RED/TENDER/23-24 dt- 06.12.2023,Construction of CC Road from Jaitpura main road to higher secondary school pura pokhar,,,,,,,,,,,,,,,,Director Cum Chief Engineer RED||CHIEF ENGINEER WEST||SE AGRA CIRCLE||EE AGRA,,,,,,"2,065,489.24",,2024-04-19,Director Cum Chief Engineer RED||CHIEF ENGINEER WEST||SE AGRA CIRCLE||EE AGRA
2024_REDUP_876658_20,1257/RED/TENDER/23-24 dt- 06.12.2023,Repairing of walls and floor of passing hall in Treasury,,,,,,,,,,,,,,,,Director Cum Chief Engineer RED||CHIEF ENGINEER WEST||SE AGRA CIRCLE||EE AGRA,,,,,,"624,754.25",,2024-04-20,Director Cum Chief Engineer RED||CHIEF ENGINEER WEST||SE AGRA CIRCLE||EE AGRA
2024_REDUP_876658_20,1257/RED/TENDER/23-24 dt- 06.12.2023,Repairing of walls and floor of passing hall in Treasury,,,,,,,,,,,,,,,,Director Cum Chief Engineer RED||CHIEF ENGINEER WEST||SE AGRA CIRCLE||EE AGRA,,,,,,"624,754.25",,2024-04-20,Director Cum Chief Engineer RED||CHIEF ENGINEER WEST||SE AGRA CIRCLE||EE AGRA
2024_REDUP_876658_21,1257/RED/TENDER/23-24 dt- 06.12.2023,Repairing of wooden furniture in Treasury,,,,,,,,,,,,,,,,Director Cum Chief Engineer RED||CHIEF ENGINEER WEST||SE AGRA CIRCLE||EE AGRA,,,,,,"1,725,640.79",,2024-04-20,Director Cum Chief Engineer RED||CHIEF ENGINEER WEST||SE AGRA CIRCLE||EE AGRA
2024_REDUP_876425_1,1094/RED/Tender/ST/2023-24 Dt 05.12.23,CC road from main road to Ramadhar Saraswati Junior School in village Karenhua of Menhanagar development block of Azamgarh,,,,,,,,,,,,,,,,Director Cum Chief Engineer RED||CHIEF ENGINEER EAST||SE AZAMGARH CIRCLE||EE AZAMGARH,,,,,,"1,437,478.36",,2024-04-15,Director Cum Chief Engineer RED||CHIEF ENGINEER EAST||SE AZAMGARH CIRCLE||EE AZAMGARH
2024_REDUP_876658_12,1257/RED/TENDER/23-24 dt- 06.12.2023,construction of cc road from veeri singh valmiki house to siyaram house in mutawai,,,,,,,,,,,,,,,,Director Cum Chief Engineer RED||CHIEF ENGINEER WEST||SE AGRA CIRCLE||EE AGRA,,,,,,"1,998,828.35",,2024-04-19,Director Cum Chief Engineer RED||CHIEF ENGINEER WEST||SE AGRA CIRCLE||EE AGRA
2024_REDUP_876658_12,1257/RED/TENDER/23-24 dt- 06.12.2023,construction of cc road from veeri singh valmiki house to siyaram house in mutawai,,,,,,,,,,,,,,,,Director Cum Chief Engineer RED||CHIEF ENGINEER WEST||SE AGRA CIRCLE||EE AGRA,,,,,,"1,998,828.35",,2024-04-19,Director Cum Chief Engineer RED||CHIEF ENGINEER WEST||SE AGRA CIRCLE||EE AGRA
2024_REDUP_876658_13,1257/RED/TENDER/23-24 dt- 06.12.2023,construction of cc road from veedharam house to ramratan house in gram panchayat ayela,,,,,,,,,,,,,,,,Director Cum Chief Engineer RED||CHIEF ENGINEER WEST||SE AGRA CIRCLE||EE AGRA,,,,,,"856,038.43",,2024-04-19,Director Cum Chief Engineer RED||CHIEF ENGINEER WEST||SE AGRA CIRCLE||EE AGRA
2024_REDUP_876658_14,1257/RED/TENDER/23-24 dt- 06.12.2023,construction of cc road from pratap house to mp singh house in vijaygarhi,,,,,,,,,,,,,,,,Director Cum Chief Engineer RED||CHIEF ENGINEER WEST||SE AGRA CIRCLE||EE AGRA,,,,,,"2,117,370.1",,2024-04-19,Director Cum Chief Engineer RED||CHIEF ENGINEER WEST||SE AGRA CIRCLE||EE AGRA
2024_REDUP_876658_16,1257/RED/TENDER/23-24 dt- 06.12.2023,Construction of CC road from Malkhan to Ritesh house in village Rudmali,,,,,,,,,,,,,,,,Director Cum Chief Engineer RED||CHIEF ENGINEER WEST||SE AGRA CIRCLE||EE AGRA,,,,,,"1,148,653.35",,2024-04-19,Director Cum Chief Engineer RED||CHIEF ENGINEER WEST||SE AGRA CIRCLE||EE AGRA
2024_REDUP_876425_1,1094/RED/Tender/ST/2023-24 Dt 05.12.23,CC road from main road to Ramadhar Saraswati Junior School in village Karenhua of Menhanagar development block of Azamgarh,,,,,,,,,,,,,,,,Director Cum Chief Engineer RED||CHIEF ENGINEER EAST||SE AZAMGARH CIRCLE||EE AZAMGARH,,,,,,"1,437,478.36",,2024-04-15,Director Cum Chief Engineer RED||CHIEF ENGINEER EAST||SE AZAMGARH CIRCLE||EE AZAMGARH
2024_REDUP_876425_1,1094/RED/Tender/ST/2023-24 Dt 05.12.23,CC road from main road to Ramadhar Saraswati Junior School in village Karenhua of Menhanagar development block of Azamgarh,,,,,,,,,,,,,,,,Director Cum Chief Engineer RED||CHIEF ENGINEER EAST||SE AZAMGARH CIRCLE||EE AZAMGARH,,,,,,"1,437,478.36",,2024-04-15,Director Cum Chief Engineer RED||CHIEF ENGINEER EAST||SE AZAMGARH CIRCLE||EE AZAMGARH
2024_PWDBL_905508_16,396/E-Tender/2023-24 dt. 17.02.2024,"Vidhayak niwas-6 Park road stith block no E,F,G tatha H ke vibhinn aawason me aantarik rangai putai ka karya",,,,,,,,,,,,,,,,Chief Engineer (Building)||S E 39 Circle PWD Lucknow||Maintenance Division 2 (Civil) PWD Lucknow,,,,,,"98,374",,2024-04-26,Chief Engineer (Building)||S E 39 Circle PWD Lucknow||Maintenance Division 2 (Civil) PWD Lucknow
2024_PWDBL_905508_16,396/E-Tender/2023-24 dt. 17.02.2024,"Vidhayak niwas-6 Park road stith block no E,F,G tatha H ke vibhinn aawason me aantarik rangai putai ka karya",,,,,,,,,,,,,,,,Chief Engineer (Building)||S E 39 Circle PWD Lucknow||Maintenance Division 2 (Civil) PWD Lucknow,,,,,,"98,374",,2024-04-26,Chief Engineer (Building)||S E 39 Circle PWD Lucknow||Maintenance Division 2 (Civil) PWD Lucknow
2024_PWDBL_905508_17,396/E-Tender/2023-24 dt. 17.02.2024,Vidhayak niwas-6 Park road stith servant quarter me civil sambandhit anurakshan karya,,,,,,,,,,,,,,,,Chief Engineer (Building)||S E 39 Circle PWD Lucknow||Maintenance Division 2 (Civil) PWD Lucknow,,,,,,"59,069",,2024-04-26,Chief Engineer (Building)||S E 39 Circle PWD Lucknow||Maintenance Division 2 (Civil) PWD Lucknow
2024_PWDBL_905508_18,396/E-Tender/2023-24 dt. 17.02.2024,Vidhayak niwas-6 Park road stith servant quarter me rangai putai ka karya,,,,,,,,,,,,,,,,Chief Engineer (Building)||S E 39 Circle PWD Lucknow||Maintenance Division 2 (Civil) PWD Lucknow,,,,,,"49,088",,2024-04-26,Chief Engineer (Building)||S E 39 Circle PWD Lucknow||Maintenance Division 2 (Civil) PWD Lucknow
2024_PWDBL_905508_8,396/E-Tender/2023-24 dt. 17.02.2024,Rajya sampatti colony 17A Mall Avenue stith B block ke vibhinn aawason me civil sambandhit anurakshan ka karya,,,,,,,,,,,,,,,,Chief Engineer (Building)||S E 39 Circle PWD Lucknow||Maintenance Division 2 (Civil) PWD Lucknow,,,,,,"187,838.79",,2024-04-15,Chief Engineer (Building)||S E 39 Circle PWD Lucknow||Maintenance Division 2 (Civil) PWD Lucknow
2024_PWDBL_905508_9,396/E-Tender/2023-24 dt. 17.02.2024,Rajya sampatti colony 17A Mall Avenue me boundary wall ki marammat ka karya,,,,,,,,,,,,,,,,Chief Engineer (Building)||S E 39 Circle PWD Lucknow||Maintenance Division 2 (Civil) PWD Lucknow,,,,,,"78,646.75",,2024-04-15,Chief Engineer (Building)||S E 39 Circle PWD Lucknow||Maintenance Division 2 (Civil) PWD Lucknow
2024_PWDBL_910938_9,436/E-Tender/2023-24 dt. 21.02.2024,Rajbhawan colony stith type-5 ke awas no-05 evam 12A ke antirik bhag ki rangai putai ka karya,,,,,,,,,,,,,,,,Chief Engineer (Building)||S E 39 Circle PWD Lucknow||Maintenance Division 2 (Civil) PWD Lucknow,,,,,,"123,621",,2024-04-25,Chief Engineer (Building)||S E 39 Circle PWD Lucknow||Maintenance Division 2 (Civil) PWD Lucknow
2024_PWDBL_899323_7,264/E-Tender/2023-24 dt. 03.02.2024,03 Tilak marg sthit bahumanjila mantri awas me rangai putai  ka karya.,,,,,,,,,,,,,,,,Chief Engineer (Building)||S E 39 Circle PWD Lucknow||Maintenance Division 2 (Civil) PWD Lucknow,,,,,,"377,153",,2024-04-16,Chief Engineer (Building)||S E 39 Circle PWD Lucknow||Maintenance Division 2 (Civil) PWD Lucknow
2024_PWDBL_905508_14,396/E-Tender/2023-24 dt. 17.02.2024,"Vidhayak niwas-6 Park road stith block no I, J tatha K ke vibhinn aawason me civil sambandhit anurakshan karya",,,,,,,,,,,,,,,,Chief Engineer (Building)||S E 39 Circle PWD Lucknow||Maintenance Division 2 (Civil) PWD Lucknow,,,,,,"197,246",,2024-04-26,Chief Engineer (Building)||S E 39 Circle PWD Lucknow||Maintenance Division 2 (Civil) PWD Lucknow
2024_PWDBL_905508_14,396/E-Tender/2023-24 dt. 17.02.2024,"Vidhayak niwas-6 Park road stith block no I, J tatha K ke vibhinn aawason me civil sambandhit anurakshan karya",,,,,,,,,,,,,,,,Chief Engineer (Building)||S E 39 Circle PWD Lucknow||Maintenance Division 2 (Civil) PWD Lucknow,,,,,,"197,246",,2024-04-26,Chief Engineer (Building)||S E 39 Circle PWD Lucknow||Maintenance Division 2 (Civil) PWD Lucknow
2024_PWDBL_905508_14,396/E-Tender/2023-24 dt. 17.02.2024,"Vidhayak niwas-6 Park road stith block no I, J tatha K ke vibhinn aawason me civil sambandhit anurakshan karya",,,,,,,,,,,,,,,,Chief Engineer (Building)||S E 39 Circle PWD Lucknow||Maintenance Division 2 (Civil) PWD Lucknow,,,,,,"197,246",,2024-04-26,Chief Engineer (Building)||S E 39 Circle PWD Lucknow||Maintenance Division 2 (Civil) PWD Lucknow
2024_PWDBL_895853_16,218/E-Tender/2023-24 dt. 30.01.2024,"Rajbhawan colony stith type-5 ke  awas no-14, 09 evam 12 ke aantarik bhaag ki rangai putai ka karya.",,,,,,,,,,,,,,,,Chief Engineer (Building)||S E 39 Circle PWD Lucknow||Maintenance Division 2 (Civil) PWD Lucknow,,,,,,"276,559",,2024-04-25,Chief Engineer (Building)||S E 39 Circle PWD Lucknow||Maintenance Division 2 (Civil) PWD Lucknow
2024_PWDBL_895853_6,218/E-Tender/2023-24 dt. 30.01.2024,Kalidas Marg stith awas no-15  me aantarik bhaag ki rangai putai wa civil anurakshan ka karya.,,,,,,,,,,,,,,,,Chief Engineer (Building)||S E 39 Circle PWD Lucknow||Maintenance Division 2 (Civil) PWD Lucknow,,,,,,"147,886",,2024-04-04,Chief Engineer (Building)||S E 39 Circle PWD Lucknow||Maintenance Division 2 (Civil) PWD Lucknow
2024_PWDBL_895853_6,218/E-Tender/2023-24 dt. 30.01.2024,Kalidas Marg stith awas no-15  me aantarik bhaag ki rangai putai wa civil anurakshan ka karya.,,,,,,,,,,,,,,,,Chief Engineer (Building)||S E 39 Circle PWD Lucknow||Maintenance Division 2 (Civil) PWD Lucknow,,,,,,"147,886",,2024-04-04,Chief Engineer (Building)||S E 39 Circle PWD Lucknow||Maintenance Division 2 (Civil) PWD Lucknow
2024_PWDBL_899323_10,264/E-Tender/2023-24 dt. 03.02.2024,"Upper dalibag colony stith Type-4 ke block No-1, 2, 3, va 4 ke vibihinn awaso me aantarik rangai putai ka karya.",,,,,,,,,,,,,,,,Chief Engineer (Building)||S E 39 Circle PWD Lucknow||Maintenance Division 2 (Civil) PWD Lucknow,,,,,,"387,733",,2024-04-16,Chief Engineer (Building)||S E 39 Circle PWD Lucknow||Maintenance Division 2 (Civil) PWD Lucknow
2024_PWDBL_899323_2,264/E-Tender/2023-24 dt. 03.02.2024,"Upper dalibag colony stith Type-4 ke block No-5, 6, 7, va 8 ke vibihinn awaso me civil anurakshan  ka karya.",,,,,,,,,,,,,,,,Chief Engineer (Building)||S E 39 Circle PWD Lucknow||Maintenance Division 2 (Civil) PWD Lucknow,,,,,,"387,033",,2024-04-16,Chief Engineer (Building)||S E 39 Circle PWD Lucknow||Maintenance Division 2 (Civil) PWD Lucknow
2024_PWDBL_899323_1,264/E-Tender/2023-24 dt. 03.02.2024,"Upper dalibag colony stith Type-4 ke block No-1, 2, 3, va 4 ke vibihinn awaso me Civil anurakshan  ka karya.",,,,,,,,,,,,,,,,Chief Engineer (Building)||S E 39 Circle PWD Lucknow||Maintenance Division 2 (Civil) PWD Lucknow,,,,,,"297,985",,2024-04-16,Chief Engineer (Building)||S E 39 Circle PWD Lucknow||Maintenance Division 2 (Civil) PWD Lucknow
2024_PWDBL_899323_2,264/E-Tender/2023-24 dt. 03.02.2024,"Upper dalibag colony stith Type-4 ke block No-5, 6, 7, va 8 ke vibihinn awaso me civil anurakshan  ka karya.",,,,,,,,,,,,,,,,Chief Engineer (Building)||S E 39 Circle PWD Lucknow||Maintenance Division 2 (Civil) PWD Lucknow,,,,,,"387,033",,2024-04-16,Chief Engineer (Building)||S E 39 Circle PWD Lucknow||Maintenance Division 2 (Civil) PWD Lucknow
2024_PWDBL_899323_3,264/E-Tender/2023-24 dt. 03.02.2024,Upper dalibag colony stith Type-5 ke vibihinn awaso me aantarik rangai putai ka karya.,,,,,,,,,,,,,,,,Chief Engineer (Building)||S E 39 Circle PWD Lucknow||Maintenance Division 2 (Civil) PWD Lucknow,,,,,,"287,378",,2024-04-16,Chief Engineer (Building)||S E 39 Circle PWD Lucknow||Maintenance Division 2 (Civil) PWD Lucknow
2024_PWDBL_899323_5,264/E-Tender/2023-24 dt. 03.02.2024,Upper dalibag colony stith Type-5 evam Type-6 ke vibihinn awaso me Civil anurakshan  ka karya.,,,,,,,,,,,,,,,,Chief Engineer (Building)||S E 39 Circle PWD Lucknow||Maintenance Division 2 (Civil) PWD Lucknow,,,,,,"297,945",,2024-04-16,Chief Engineer (Building)||S E 39 Circle PWD Lucknow||Maintenance Division 2 (Civil) PWD Lucknow
2024_PWDBL_899323_6,264/E-Tender/2023-24 dt. 03.02.2024,03 Tilak marg sthit bahumanjila mantri awas ke vibihinn awaso me civil anurakshan  ka karya.,,,,,,,,,,,,,,,,Chief Engineer (Building)||S E 39 Circle PWD Lucknow||Maintenance Division 2 (Civil) PWD Lucknow,,,,,,"297,759",,2024-04-16,Chief Engineer (Building)||S E 39 Circle PWD Lucknow||Maintenance Division 2 (Civil) PWD Lucknow
2024_PWDBL_886845_6,116/E-Tender/2023-24 dt. 15.01.2024,Vidhayak niwas-1 khand-A ke pratham tal ke aawas no-39A se 53A me rangai putai ka karya.,,,,,,,,,,,,,,,,Chief Engineer (Building)||S E 39 Circle PWD Lucknow||Maintenance Division 2 (Civil) PWD Lucknow,,,,,,"261,951.88",,2024-04-27,Chief Engineer (Building)||S E 39 Circle PWD Lucknow||Maintenance Division 2 (Civil) PWD Lucknow
2024_PWDBL_886845_7,116/E-Tender/2023-24 dt. 15.01.2024,Vidhayak niwas-1 khand-A ke canteen 01 va 02 me rangai putai ka karya.,,,,,,,,,,,,,,,,Chief Engineer (Building)||S E 39 Circle PWD Lucknow||Maintenance Division 2 (Civil) PWD Lucknow,,,,,,"197,560.02",,2024-04-27,Chief Engineer (Building)||S E 39 Circle PWD Lucknow||Maintenance Division 2 (Civil) PWD Lucknow
2024_PWDBL_895853_10,218/E-Tender/2023-24 dt. 30.01.2024,Vikramaditya Marg stith naya upmantri awas no 07 se 11 tak awason me civil anurakshan ka karya.,,,,,,,,,,,,,,,,Chief Engineer (Building)||S E 39 Circle PWD Lucknow||Maintenance Division 2 (Civil) PWD Lucknow,,,,,,"207,221",,2024-04-04,Chief Engineer (Building)||S E 39 Circle PWD Lucknow||Maintenance Division 2 (Civil) PWD Lucknow
2024_PWDBL_895853_11,218/E-Tender/2023-24 dt. 30.01.2024,Kalidas Marg stith site office ke anurakshan wa rangai putai ka karya.,,,,,,,,,,,,,,,,Chief Engineer (Building)||S E 39 Circle PWD Lucknow||Maintenance Division 2 (Civil) PWD Lucknow,,,,,,"147,836",,2024-04-04,Chief Engineer (Building)||S E 39 Circle PWD Lucknow||Maintenance Division 2 (Civil) PWD Lucknow
2024_PWDBL_895853_15,218/E-Tender/2023-24 dt. 30.01.2024,"Rajbhawan colony stith type-5 ke  awas no-17, 23 evam 25 me aantarik bhaag ki rangai putai ka karya.",,,,,,,,,,,,,,,,Chief Engineer (Building)||S E 39 Circle PWD Lucknow||Maintenance Division 2 (Civil) PWD Lucknow,,,,,,"257,427",,2024-04-25,Chief Engineer (Building)||S E 39 Circle PWD Lucknow||Maintenance Division 2 (Civil) PWD Lucknow
2024_PWDBL_895853_1,218/E-Tender/2023-24 dt. 30.01.2024,Kalidas Marg stith awas no 01 evam 02 me aantarik bhaag ki rangai putai ka karya.,,,,,,,,,,,,,,,,Chief Engineer (Building)||S E 39 Circle PWD Lucknow||Maintenance Division 2 (Civil) PWD Lucknow,,,,,,"197,449",,2024-04-01,Chief Engineer (Building)||S E 39 Circle PWD Lucknow||Maintenance Division 2 (Civil) PWD Lucknow
2024_PWDBL_886845_2,116/E-Tender/2023-24 dt. 15.01.2024,Vidhayak niwas-1 sthit aawas no-37A me adhyasan parivartan ke Karan hui rangai putai avem civil anurakshan sambandhi karya.,,,,,,,,,,,,,,,,Chief Engineer (Building)||S E 39 Circle PWD Lucknow||Maintenance Division 2 (Civil) PWD Lucknow,,,,,,"75,113.02",,2024-04-30,Chief Engineer (Building)||S E 39 Circle PWD Lucknow||Maintenance Division 2 (Civil) PWD Lucknow
2024_PWDBL_886845_3,116/E-Tender/2023-24 dt. 15.01.2024,Vidhayak niwas-1 khand-B ke dwitiye tal ke vibhinn aawason me samanya civil anurakshan sambandhi karya.,,,,,,,,,,,,,,,,Chief Engineer (Building)||S E 39 Circle PWD Lucknow||Maintenance Division 2 (Civil) PWD Lucknow,,,,,,"143,337.91",,2024-04-27,Chief Engineer (Building)||S E 39 Circle PWD Lucknow||Maintenance Division 2 (Civil) PWD Lucknow
2024_PWDBL_886845_4,116/E-Tender/2023-24 dt. 15.01.2024,Vidhayak niwas-1 khand-A ke bhutal ke vibhinn aawason me samanya civil anurakshan sambandhi karya.,,,,,,,,,,,,,,,,Chief Engineer (Building)||S E 39 Circle PWD Lucknow||Maintenance Division 2 (Civil) PWD Lucknow,,,,,,"188,771.85",,2024-04-27,Chief Engineer (Building)||S E 39 Circle PWD Lucknow||Maintenance Division 2 (Civil) PWD Lucknow
2024_PWDBL_886845_6,116/E-Tender/2023-24 dt. 15.01.2024,Vidhayak niwas-1 khand-A ke pratham tal ke aawas no-39A se 53A me rangai putai ka karya.,,,,,,,,,,,,,,,,Chief Engineer (Building)||S E 39 Circle PWD Lucknow||Maintenance Division 2 (Civil) PWD Lucknow,,,,,,"261,951.88",,2024-04-27,Chief Engineer (Building)||S E 39 Circle PWD Lucknow||Maintenance Division 2 (Civil) PWD Lucknow
2024_PWDBL_877908_14,2902/E-Tender/2023-24 dt. 21.12.2023,"Gomtinagar phase 2 stith Mantri awas type-4 ke block no B , C avem D ke vibhinn aawason me civil anurakshan ka karya",,,,,,,,,,,,,,,,Chief Engineer (Building)||S E 39 Circle PWD Lucknow||Maintenance Division 2 (Civil) PWD Lucknow,,,,,,"447,133.04",,2024-04-23,Chief Engineer (Building)||S E 39 Circle PWD Lucknow||Maintenance Division 2 (Civil) PWD Lucknow
2024_PWDBL_877908_15,2902/E-Tender/2023-24 dt. 21.12.2023,"Gomtinagar phase-2 stith Mantri awas type-4 ke block no E, F, G ke vibhinn aawason me civil anurakshan ka karya",,,,,,,,,,,,,,,,Chief Engineer (Building)||S E 39 Circle PWD Lucknow||Maintenance Division 2 (Civil) PWD Lucknow,,,,,,"376,961.67",,2024-04-23,Chief Engineer (Building)||S E 39 Circle PWD Lucknow||Maintenance Division 2 (Civil) PWD Lucknow
2024_PWDBL_877908_17,2902/E-Tender/2023-24 dt. 21.12.2023,"Gomtinagar phase 2 stith Mantri awas type-4 ke block no B, C avem D ke vibihinn aawason me aantarik rangai putai ka karya",,,,,,,,,,,,,,,,Chief Engineer (Building)||S E 39 Circle PWD Lucknow||Maintenance Division 2 (Civil) PWD Lucknow,,,,,,"446,997.48",,2024-04-23,Chief Engineer (Building)||S E 39 Circle PWD Lucknow||Maintenance Division 2 (Civil) PWD Lucknow
2024_PWDBL_877908_19,2902/E-Tender/2023-24 dt. 21.12.2023,Gomtinagar phase 2 stith Mantri awas type-5 ke vibhinn aawason me civil anurakshan ka karya,,,,,,,,,,,,,,,,Chief Engineer (Building)||S E 39 Circle PWD Lucknow||Maintenance Division 2 (Civil) PWD Lucknow,,,,,,"446,683.18",,2024-04-23,Chief Engineer (Building)||S E 39 Circle PWD Lucknow||Maintenance Division 2 (Civil) PWD Lucknow
2024_PWDBL_877908_21,2902/E-Tender/2023-24 dt. 21.12.2023,Gomtinagar phase 2 stith Mantri awas type-5 ke vibhinn aawason me aantarik rangai putai ka karya,,,,,,,,,,,,,,,,Chief Engineer (Building)||S E 39 Circle PWD Lucknow||Maintenance Division 2 (Civil) PWD Lucknow,,,,,,"297,737.69",,2024-04-23,Chief Engineer (Building)||S E 39 Circle PWD Lucknow||Maintenance Division 2 (Civil) PWD Lucknow
2024_PWDBL_877908_2,2902/E-Tender/2023-24 dt. 21.12.2023,Nehru Enclave stith vibhinn aawason me aantarik rangai putai ka karya,,,,,,,,,,,,,,,,Chief Engineer (Building)||S E 39 Circle PWD Lucknow||Maintenance Division 2 (Civil) PWD Lucknow,,,,,,"118,386.66",,2024-04-23,Chief Engineer (Building)||S E 39 Circle PWD Lucknow||Maintenance Division 2 (Civil) PWD Lucknow
2024_PWDBL_877908_12,2902/E-Tender/2023-24 dt. 21.12.2023,"Gomtinagar phase 2 stith Mantri awas type-4 ke block no. E, F,G ke vibhinn aawason me aantarik rangai putai ka karya",,,,,,,,,,,,,,,,Chief Engineer (Building)||S E 39 Circle PWD Lucknow||Maintenance Division 2 (Civil) PWD Lucknow,,,,,,"387,474.82",,2024-04-23,Chief Engineer (Building)||S E 39 Circle PWD Lucknow||Maintenance Division 2 (Civil) PWD Lucknow
2024_PWDBL_877908_1,2902/E-Tender/2023-24 dt. 21.12.2023,Nehru Enclave stith vibhinn aawason me civil anurakshan ka karya,,,,,,,,,,,,,,,,Chief Engineer (Building)||S E 39 Circle PWD Lucknow||Maintenance Division 2 (Civil) PWD Lucknow,,,,,,"148,025.24",,2024-04-23,Chief Engineer (Building)||S E 39 Circle PWD Lucknow||Maintenance Division 2 (Civil) PWD Lucknow
2024_PVVNV_907743_1,56/EUDC(G)/2023-24,"DIESEL VEHICLE FOR SDO, EUDSD-7 GKP",,,,,,,,,,,,,,,,Purvanchal Vidyut Vitran Nigam Limited  Varanasi||Chief Engineer (D) PuVVNL Gorakhpur,,,,,,"262,800",,2024-04-01,Purvanchal Vidyut Vitran Nigam Limited  Varanasi||Chief Engineer (D) PuVVNL Gorakhpur
2024_PVVNV_907751_1,57/EUDC(G)/2023-24,"DIESEL VEHICLE FOR SDO, EUDSD-8 GKP",,,,,,,,,,,,,,,,Purvanchal Vidyut Vitran Nigam Limited  Varanasi||Chief Engineer (D) PuVVNL Gorakhpur,,,,,,"264,000",,2024-04-01,Purvanchal Vidyut Vitran Nigam Limited  Varanasi||Chief Engineer (D) PuVVNL Gorakhpur
2024_PVVNV_907755_1,58/EUDC(G)/2023-24,"DIESEL VEHICLE FOR SDO, EUDSD-9 GKP",,,,,,,,,,,,,,,,Purvanchal Vidyut Vitran Nigam Limited  Varanasi||Chief Engineer (D) PuVVNL Gorakhpur,,,,,,"263,400",,2024-04-01,Purvanchal Vidyut Vitran Nigam Limited  Varanasi||Chief Engineer (D) PuVVNL Gorakhpur
2024_PVVNV_907774_1,60/EUDC(G)/2023-24,DIESEL VEHICLE FOR AE (METER)-1,,,,,,,,,,,,,,,,Purvanchal Vidyut Vitran Nigam Limited  Varanasi||Chief Engineer (D) PuVVNL Gorakhpur,,,,,,"264,000",,2024-04-06,Purvanchal Vidyut Vitran Nigam Limited  Varanasi||Chief Engineer (D) PuVVNL Gorakhpur
2024_PVVNV_907774_1,60/EUDC(G)/2023-24,DIESEL VEHICLE FOR AE (METER)-1,,,,,,,,,,,,,,,,Purvanchal Vidyut Vitran Nigam Limited  Varanasi||Chief Engineer (D) PuVVNL Gorakhpur,,,,,,"264,000",,2024-04-06,Purvanchal Vidyut Vitran Nigam Limited  Varanasi||Chief Engineer (D) PuVVNL Gorakhpur
2024_PVVNV_907811_1,63/EUDC(G)/2023-24,DIESEL VEHICLE FOR AE(IT) ZONE OFFICE,,,,,,,,,,,,,,,,Purvanchal Vidyut Vitran Nigam Limited  Varanasi||Chief Engineer (D) PuVVNL Gorakhpur,,,,,,"263,400",,2024-04-01,Purvanchal Vidyut Vitran Nigam Limited  Varanasi||Chief Engineer (D) PuVVNL Gorakhpur
2024_PVVNV_907811_1,63/EUDC(G)/2023-24,DIESEL VEHICLE FOR AE(IT) ZONE OFFICE,,,,,,,,,,,,,,,,Purvanchal Vidyut Vitran Nigam Limited  Varanasi||Chief Engineer (D) PuVVNL Gorakhpur,,,,,,"263,400",,2024-04-01,Purvanchal Vidyut Vitran Nigam Limited  Varanasi||Chief Engineer (D) PuVVNL Gorakhpur
2024_PVVNV_907811_1,63/EUDC(G)/2023-24,DIESEL VEHICLE FOR AE(IT) ZONE OFFICE,,,,,,,,,,,,,,,,Purvanchal Vidyut Vitran Nigam Limited  Varanasi||Chief Engineer (D) PuVVNL Gorakhpur,,,,,,"263,400",,2024-04-01,Purvanchal Vidyut Vitran Nigam Limited  Varanasi||Chief Engineer (D) PuVVNL Gorakhpur
2024_PVVNV_916664_1,92/EDC-II(G)/2023-24,DEPOSIT WORK,,,,,,,,,,,,,,,,Purvanchal Vidyut Vitran Nigam Limited  Varanasi||Chief Engineer (D) PuVVNL Gorakhpur,,,,,,"402,340",,2024-04-18,Purvanchal Vidyut Vitran Nigam Limited  Varanasi||Chief Engineer (D) PuVVNL Gorakhpur
2024_PVVNV_919175_1,94/EDC-II(G)/2023-24,"EXECUTION FOR ELECTRIFICATION OF STW, OTHER CONSUMER CONNECTION AND ELECTRIFICATION/LINE SHIFFTING RUNNING POTENTIAL WORKS UNDER DEPOSIT HEAD",,,,,,,,,,,,,,,,Purvanchal Vidyut Vitran Nigam Limited  Varanasi||Chief Engineer (D) PuVVNL Gorakhpur,,,,,,"499,966",,2024-04-18,Purvanchal Vidyut Vitran Nigam Limited  Varanasi||Chief Engineer (D) PuVVNL Gorakhpur
2024_PVVNV_907322_1,46EUDC(G)/2023-24,"DIESEL VEHICLE FOR EE, EUDD-II GKP",,,,,,,,,,,,,,,,Purvanchal Vidyut Vitran Nigam Limited  Varanasi||Chief Engineer (D) PuVVNL Gorakhpur,,,,,,"263,880",,2024-04-01,Purvanchal Vidyut Vitran Nigam Limited  Varanasi||Chief Engineer (D) PuVVNL Gorakhpur
2024_PVVNV_907331_1,47EUDC(G)/2023-24,"DIESEL VEHICLE FOR EE, EUDD-III GKP",,,,,,,,,,,,,,,,Purvanchal Vidyut Vitran Nigam Limited  Varanasi||Chief Engineer (D) PuVVNL Gorakhpur,,,,,,"250,800",,2024-04-20,Purvanchal Vidyut Vitran Nigam Limited  Varanasi||Chief Engineer (D) PuVVNL Gorakhpur
2024_PVVNV_907349_1,48EUDC(G)/2023-24,"DIESEL VEHICLE FOR EE, EUDD-IV GKP",,,,,,,,,,,,,,,,Purvanchal Vidyut Vitran Nigam Limited  Varanasi||Chief Engineer (D) PuVVNL Gorakhpur,,,,,,"263,520",,2024-04-20,Purvanchal Vidyut Vitran Nigam Limited  Varanasi||Chief Engineer (D) PuVVNL Gorakhpur
2024_PVVNV_907358_1,49/EUDC(G)/2023-24,"DIESEL VEHICLE FOR EE, EUTD GKP",,,,,,,,,,,,,,,,Purvanchal Vidyut Vitran Nigam Limited  Varanasi||Chief Engineer (D) PuVVNL Gorakhpur,,,,,,"262,680",,2024-04-01,Purvanchal Vidyut Vitran Nigam Limited  Varanasi||Chief Engineer (D) PuVVNL Gorakhpur
2024_PVVNV_907371_1,50/EUDC(G)/2023-24,"DIESEL VEHICLE FOR SDO, EUDSD-1 GKP",,,,,,,,,,,,,,,,Purvanchal Vidyut Vitran Nigam Limited  Varanasi||Chief Engineer (D) PuVVNL Gorakhpur,,,,,,"264,000",,2024-04-01,Purvanchal Vidyut Vitran Nigam Limited  Varanasi||Chief Engineer (D) PuVVNL Gorakhpur
2024_PVVNV_907400_1,52/EUDC(G)/2023-24,"DIESEL VEHICLE FOR SDO, EUDSD-3 GKP",,,,,,,,,,,,,,,,Purvanchal Vidyut Vitran Nigam Limited  Varanasi||Chief Engineer (D) PuVVNL Gorakhpur,,,,,,"263,880",,2024-04-01,Purvanchal Vidyut Vitran Nigam Limited  Varanasi||Chief Engineer (D) PuVVNL Gorakhpur
2024_PVVNV_907400_1,52/EUDC(G)/2023-24,"DIESEL VEHICLE FOR SDO, EUDSD-3 GKP",,,,,,,,,,,,,,,,Purvanchal Vidyut Vitran Nigam Limited  Varanasi||Chief Engineer (D) PuVVNL Gorakhpur,,,,,,"263,880",,2024-04-01,Purvanchal Vidyut Vitran Nigam Limited  Varanasi||Chief Engineer (D) PuVVNL Gorakhpur
2024_PVVNV_907417_1,53/EUDC(G)/2023-24,"DIESEL VEHICLE FOR SDO, EUDSD-4 GKP",,,,,,,,,,,,,,,,Purvanchal Vidyut Vitran Nigam Limited  Varanasi||Chief Engineer (D) PuVVNL Gorakhpur,,,,,,"257,880",,2024-04-01,Purvanchal Vidyut Vitran Nigam Limited  Varanasi||Chief Engineer (D) PuVVNL Gorakhpur
2024_PVVNV_907443_1,54/EUDC(G)/2023-24,"DIESEL VEHICLE FOR SDO, EUDSD-5 GKP",,,,,,,,,,,,,,,,Purvanchal Vidyut Vitran Nigam Limited  Varanasi||Chief Engineer (D) PuVVNL Gorakhpur,,,,,,"263,880",,2024-04-01,Purvanchal Vidyut Vitran Nigam Limited  Varanasi||Chief Engineer (D) PuVVNL Gorakhpur
2024_PVVNV_907739_1,55/EUDC(G)/2023-24,"DIESEL VEHICLE FOR SDO, EUDSD-6 GKP",,,,,,,,,,,,,,,,Purvanchal Vidyut Vitran Nigam Limited  Varanasi||Chief Engineer (D) PuVVNL Gorakhpur,,,,,,"263,880",,2024-04-01,Purvanchal Vidyut Vitran Nigam Limited  Varanasi||Chief Engineer (D) PuVVNL Gorakhpur
2024_PVVNV_905733_1,75/EDC-II(G)/2023-24,"ONE NO. DIESEL VEHICAL WITH DRIVER FOR S.D.O., E.D.S.D.-GOLA",,,,,,,,,,,,,,,,Purvanchal Vidyut Vitran Nigam Limited  Varanasi||Chief Engineer (D) PuVVNL Gorakhpur,,,,,,"253,000",,2024-04-25,Purvanchal Vidyut Vitran Nigam Limited  Varanasi||Chief Engineer (D) PuVVNL Gorakhpur
2024_PVVNV_905733_1,75/EDC-II(G)/2023-24,"ONE NO. DIESEL VEHICAL WITH DRIVER FOR S.D.O., E.D.S.D.-GOLA",,,,,,,,,,,,,,,,Purvanchal Vidyut Vitran Nigam Limited  Varanasi||Chief Engineer (D) PuVVNL Gorakhpur,,,,,,"253,000",,2024-04-25,Purvanchal Vidyut Vitran Nigam Limited  Varanasi||Chief Engineer (D) PuVVNL Gorakhpur
2024_PVVNV_907313_1,45/EUDC(G)/2023-24,"DIESEL VEHICLE FOR EE, EUDD-I GKP",,,,,,,,,,,,,,,,Purvanchal Vidyut Vitran Nigam Limited  Varanasi||Chief Engineer (D) PuVVNL Gorakhpur,,,,,,"264,000",,2024-04-20,Purvanchal Vidyut Vitran Nigam Limited  Varanasi||Chief Engineer (D) PuVVNL Gorakhpur
2024_PVVNV_907313_1,45/EUDC(G)/2023-24,"DIESEL VEHICLE FOR EE, EUDD-I GKP",,,,,,,,,,,,,,,,Purvanchal Vidyut Vitran Nigam Limited  Varanasi||Chief Engineer (D) PuVVNL Gorakhpur,,,,,,"264,000",,2024-04-20,Purvanchal Vidyut Vitran Nigam Limited  Varanasi||Chief Engineer (D) PuVVNL Gorakhpur
2024_PVVNV_905505_1,61/EDC-II(G)/2023-24,"PROVIDING OF ONE NO. DIESEL VEHICAL WITH DRIVER FOR EXECUTIVE ENGINEER UNDER ELECTRICITY DISTRIBUTION DIVISION-KAURIRAM, GORAKHPUR",,,,,,,,,,,,,,,,Purvanchal Vidyut Vitran Nigam Limited  Varanasi||Chief Engineer (D) PuVVNL Gorakhpur,,,,,,"264,000",,2024-04-18,Purvanchal Vidyut Vitran Nigam Limited  Varanasi||Chief Engineer (D) PuVVNL Gorakhpur
2024_PVVNV_905505_1,61/EDC-II(G)/2023-24,"PROVIDING OF ONE NO. DIESEL VEHICAL WITH DRIVER FOR EXECUTIVE ENGINEER UNDER ELECTRICITY DISTRIBUTION DIVISION-KAURIRAM, GORAKHPUR",,,,,,,,,,,,,,,,Purvanchal Vidyut Vitran Nigam Limited  Varanasi||Chief Engineer (D) PuVVNL Gorakhpur,,,,,,"264,000",,2024-04-18,Purvanchal Vidyut Vitran Nigam Limited  Varanasi||Chief Engineer (D) PuVVNL Gorakhpur
2024_PVVNV_905517_1,62/EDC-II(G)/2023-24,"PROVIDING OF ONE NO. DIESEL VEHICAL WITH DRIVER FOR EXECUTIVE ENGINEER UNDER ELECTRICITY DISTRIBUTION DIVISION-SIKRIGANJ, GORAKHPUR",,,,,,,,,,,,,,,,Purvanchal Vidyut Vitran Nigam Limited  Varanasi||Chief Engineer (D) PuVVNL Gorakhpur,,,,,,"264,000",,2024-04-25,Purvanchal Vidyut Vitran Nigam Limited  Varanasi||Chief Engineer (D) PuVVNL Gorakhpur
2024_PVVNL_905630_1,E-TENDER NO-178/2023-24,"Providing of 01 -01 nos Diesel Generator with Opt on hire basis for EE,ETD,with ETL-2 and ETL-1/3/4 office, shamli under ETD, shamli, under EDC,shamli (F.Y.2024-25)",,,,,,,,,,,,,,,,Paschimanchal Vidyut Vitran Nigam Ltd.,,,,,,"57,600",,2024-04-01,Paschimanchal Vidyut Vitran Nigam Ltd.
2024_PVVNL_921614_1,WORK E-TENDER NO-186/2023-24,"Work of B.Plan  agt. Passed estimage/ Linkage(07 no) under jurisdiction of EDD -2,  shamli under EDC,Shamli",,,,,,,,,,,,,,,,Paschimanchal Vidyut Vitran Nigam Ltd.,,,,,,"884,289",,2024-04-15,Paschimanchal Vidyut Vitran Nigam Ltd.
2024_PVVNL_921616_1,WORK E-TENDER NO-187/2023-24,"Work of B.Plan  agt. Passed estimage/ Linkage(10 no) under jurisdiction of EDD -2,  shamli under EDC,Shamli",,,,,,,,,,,,,,,,Paschimanchal Vidyut Vitran Nigam Ltd.,,,,,,"667,861",,2024-04-15,Paschimanchal Vidyut Vitran Nigam Ltd.
2024_PVVNV_904743_1,42/EUDC(G)/2023-24,Work against sanctioned Package,,,,,,,,,,,,,,,,Purvanchal Vidyut Vitran Nigam Limited  Varanasi||Chief Engineer (D) PuVVNL Gorakhpur,,,,,,"699,231",,2024-04-20,Purvanchal Vidyut Vitran Nigam Limited  Varanasi||Chief Engineer (D) PuVVNL Gorakhpur
2024_PVVNV_904877_1,56/EDC-II(G)/2023-24,ONE NO. DIESEL CAR WITH DRIVER FOR CHIEF ENGINEER,,,,,,,,,,,,,,,,Purvanchal Vidyut Vitran Nigam Limited  Varanasi||Chief Engineer (D) PuVVNL Gorakhpur,,,,,,"299,880",,2024-04-18,Purvanchal Vidyut Vitran Nigam Limited  Varanasi||Chief Engineer (D) PuVVNL Gorakhpur
2024_PVVNV_904877_1,56/EDC-II(G)/2023-24,ONE NO. DIESEL CAR WITH DRIVER FOR CHIEF ENGINEER,,,,,,,,,,,,,,,,Purvanchal Vidyut Vitran Nigam Limited  Varanasi||Chief Engineer (D) PuVVNL Gorakhpur,,,,,,"299,880",,2024-04-18,Purvanchal Vidyut Vitran Nigam Limited  Varanasi||Chief Engineer (D) PuVVNL Gorakhpur
2024_PVVNL_905568_1,E-TENDER NO-174/2023-24,"Providing of 01 nos Diesel Generator with Opt on hire basis for EE,EDD-1, SDO-I SDO-2 office, shamli under EDD-1, shamli, shamli (F.Y.2024-25)",,,,,,,,,,,,,,,,Paschimanchal Vidyut Vitran Nigam Ltd.,,,,,,"98,400",,2024-04-01,Paschimanchal Vidyut Vitran Nigam Ltd.
2024_PVVNL_905568_1,E-TENDER NO-174/2023-24,"Providing of 01 nos Diesel Generator with Opt on hire basis for EE,EDD-1, SDO-I SDO-2 office, shamli under EDD-1, shamli, shamli (F.Y.2024-25)",,,,,,,,,,,,,,,,Paschimanchal Vidyut Vitran Nigam Ltd.,,,,,,"98,400",,2024-04-01,Paschimanchal Vidyut Vitran Nigam Ltd.
2024_PVVNL_905578_1,E-TENDER NO-175/2023-24,"Providing of 01 nos Diesel Generator with Opt on hire basis for EE,EDD-2, SDO-I SDO-2 office, shamli under EDD-2, shamli, under EDC,shamli (F.Y.2024-25)",,,,,,,,,,,,,,,,Paschimanchal Vidyut Vitran Nigam Ltd.,,,,,,"210,000",,2024-04-01,Paschimanchal Vidyut Vitran Nigam Ltd.
2024_PVVNL_905630_1,E-TENDER NO-178/2023-24,"Providing of 01 -01 nos Diesel Generator with Opt on hire basis for EE,ETD,with ETL-2 and ETL-1/3/4 office, shamli under ETD, shamli, under EDC,shamli (F.Y.2024-25)",,,,,,,,,,,,,,,,Paschimanchal Vidyut Vitran Nigam Ltd.,,,,,,"57,600",,2024-04-01,Paschimanchal Vidyut Vitran Nigam Ltd.
2024_PVVNL_905630_1,E-TENDER NO-178/2023-24,"Providing of 01 -01 nos Diesel Generator with Opt on hire basis for EE,ETD,with ETL-2 and ETL-1/3/4 office, shamli under ETD, shamli, under EDC,shamli (F.Y.2024-25)",,,,,,,,,,,,,,,,Paschimanchal Vidyut Vitran Nigam Ltd.,,,,,,"57,600",,2024-04-01,Paschimanchal Vidyut Vitran Nigam Ltd.
2024_UPIDC_907515_3,07/EE/2023-24,Construction of V.R.B. at km. 14.000 of Hardiya Dy.,,,,,,,,,,,,,,,,"U P Irrigation Department (Civil)||Chief Engineer-Sone, Varanasi||Irrigation Works Circle, Allahabad||BCD, allahabad",,,,,,"1,020,255.2",,2024-04-05,"U P Irrigation Department (Civil)||Chief Engineer-Sone, Varanasi||Irrigation Works Circle, Allahabad||BCD, allahabad"
2024_UPIDC_907515_3,07/EE/2023-24,Construction of V.R.B. at km. 14.000 of Hardiya Dy.,,,,,,,,,,,,,,,,"U P Irrigation Department (Civil)||Chief Engineer-Sone, Varanasi||Irrigation Works Circle, Allahabad||BCD, allahabad",,,,,,"1,020,255.2",,2024-04-05,"U P Irrigation Department (Civil)||Chief Engineer-Sone, Varanasi||Irrigation Works Circle, Allahabad||BCD, allahabad"
2024_UPIDC_907515_3,07/EE/2023-24,Construction of V.R.B. at km. 14.000 of Hardiya Dy.,,,,,,,,,,,,,,,,"U P Irrigation Department (Civil)||Chief Engineer-Sone, Varanasi||Irrigation Works Circle, Allahabad||BCD, allahabad",,,,,,"1,020,255.2",,2024-04-05,"U P Irrigation Department (Civil)||Chief Engineer-Sone, Varanasi||Irrigation Works Circle, Allahabad||BCD, allahabad"
2024_UPIDC_907515_4,07/EE/2023-24,Reconstruction of V.R.B. at km. 19.481 of Hardiya Dy.,,,,,,,,,,,,,,,,"U P Irrigation Department (Civil)||Chief Engineer-Sone, Varanasi||Irrigation Works Circle, Allahabad||BCD, allahabad",,,,,,"1,025,729.08",,2024-04-06,"U P Irrigation Department (Civil)||Chief Engineer-Sone, Varanasi||Irrigation Works Circle, Allahabad||BCD, allahabad"
2024_UPIDC_907515_5,07/EE/2023-24,Construction of V.R.B. at km. 28.900 of Hardiya Dy.,,,,,,,,,,,,,,,,"U P Irrigation Department (Civil)||Chief Engineer-Sone, Varanasi||Irrigation Works Circle, Allahabad||BCD, allahabad",,,,,,"420,923.31",,2024-04-06,"U P Irrigation Department (Civil)||Chief Engineer-Sone, Varanasi||Irrigation Works Circle, Allahabad||BCD, allahabad"
2024_UPIDC_907515_6,07/EE/2023-24,Reconstruction of  Fall at km. 6.181 of Hardiya Dy.,,,,,,,,,,,,,,,,"U P Irrigation Department (Civil)||Chief Engineer-Sone, Varanasi||Irrigation Works Circle, Allahabad||BCD, allahabad",,,,,,"1,862,405.56",,2024-04-09,"U P Irrigation Department (Civil)||Chief Engineer-Sone, Varanasi||Irrigation Works Circle, Allahabad||BCD, allahabad"
2024_UPIDC_907515_7,07/EE/2023-24,Reconstruction of  Fall at km. 13.672 of Hardiya Dy.,,,,,,,,,,,,,,,,"U P Irrigation Department (Civil)||Chief Engineer-Sone, Varanasi||Irrigation Works Circle, Allahabad||BCD, allahabad",,,,,,"1,589,112.8",,2024-04-09,"U P Irrigation Department (Civil)||Chief Engineer-Sone, Varanasi||Irrigation Works Circle, Allahabad||BCD, allahabad"
2024_UPIDC_907515_8,07/EE/2023-24,Supplying and Fixing of  Boundary pillar both side of canal from km. 0.000 to 31.400 of Hardiya Dy.,,,,,,,,,,,,,,,,"U P Irrigation Department (Civil)||Chief Engineer-Sone, Varanasi||Irrigation Works Circle, Allahabad||BCD, allahabad",,,,,,"937,106",,2024-04-09,"U P Irrigation Department (Civil)||Chief Engineer-Sone, Varanasi||Irrigation Works Circle, Allahabad||BCD, allahabad"
2024_UPIDC_907598_1,02/EE/2023-24,"Reconstruction of Building for 4th Sub-Division Office, Jaunpur",,,,,,,,,,,,,,,,U P Irrigation Department (Civil)||Chief Engineer I and P Faizabad||I and P Circle Allahabad||I and P Division Allahabad,,,,,,"1,112,355.6",,2024-04-19,U P Irrigation Department (Civil)||Chief Engineer I and P Faizabad||I and P Circle Allahabad||I and P Division Allahabad
2024_UPIDC_907598_1,02/EE/2023-24,"Reconstruction of Building for 4th Sub-Division Office, Jaunpur",,,,,,,,,,,,,,,,U P Irrigation Department (Civil)||Chief Engineer I and P Faizabad||I and P Circle Allahabad||I and P Division Allahabad,,,,,,"1,112,355.6",,2024-04-19,U P Irrigation Department (Civil)||Chief Engineer I and P Faizabad||I and P Circle Allahabad||I and P Division Allahabad
2024_DVVNL_878134_1,162/EDCE/2023-24,162/EDCE/2023-24,,,,,,,,,,,,,,,,Dakshinanchal Vidyut Vitran Nigam Ltd.,,,,,,"199,496.51",,2024-04-25,Dakshinanchal Vidyut Vitran Nigam Ltd.
2024_DVVNL_896856_1,73/EDCA/2023-24,For the Work of Repairing nd Overhauling of Different type 11 KV VCBs with Spare parts in area of EDSD Sikandra Under EDD-1 AGRA.,,,,,,,,,,,,,,,,Dakshinanchal Vidyut Vitran Nigam Ltd.,,,,,,"197,131.39",,2024-04-15,Dakshinanchal Vidyut Vitran Nigam Ltd.
2024_DVVNL_896905_1,75/EDCA/2023-24,For the Work of Repairing nd Overhauling of Different type 11 KV VCBs with Spare parts in area of EDSD BAAD Under EDD-1 AGRA.,,,,,,,,,,,,,,,,Dakshinanchal Vidyut Vitran Nigam Ltd.,,,,,,"197,096.17",,2024-04-16,Dakshinanchal Vidyut Vitran Nigam Ltd.
2024_DVVNL_896905_1,75/EDCA/2023-24,For the Work of Repairing nd Overhauling of Different type 11 KV VCBs with Spare parts in area of EDSD BAAD Under EDD-1 AGRA.,,,,,,,,,,,,,,,,Dakshinanchal Vidyut Vitran Nigam Ltd.,,,,,,"197,096.17",,2024-04-16,Dakshinanchal Vidyut Vitran Nigam Ltd.
2024_DVVNL_896930_1,77/EDCA/2023-24,"For the Work of Repairing nd Overhauling of Different type 11 KV VCBs with Spare parts in area of EDSD KAGAROL Under EDD, Kheragarh, AGRA.",,,,,,,,,,,,,,,,Dakshinanchal Vidyut Vitran Nigam Ltd.,,,,,,"197,859.33",,2024-04-16,Dakshinanchal Vidyut Vitran Nigam Ltd.
2024_DVVNL_896930_1,77/EDCA/2023-24,"For the Work of Repairing nd Overhauling of Different type 11 KV VCBs with Spare parts in area of EDSD KAGAROL Under EDD, Kheragarh, AGRA.",,,,,,,,,,,,,,,,Dakshinanchal Vidyut Vitran Nigam Ltd.,,,,,,"197,859.33",,2024-04-16,Dakshinanchal Vidyut Vitran Nigam Ltd.
2024_UPIDC_907515_16,07/EE/2023-24,E/w in correcting canal section and Strengthening  of bank from km. 0.000 to  3.000 of Birha Minor.,,,,,,,,,,,,,,,,"U P Irrigation Department (Civil)||Chief Engineer-Sone, Varanasi||Irrigation Works Circle, Allahabad||BCD, allahabad",,,,,,"212,197.95",,2024-04-25,"U P Irrigation Department (Civil)||Chief Engineer-Sone, Varanasi||Irrigation Works Circle, Allahabad||BCD, allahabad"
2024_UPIDC_907515_16,07/EE/2023-24,E/w in correcting canal section and Strengthening  of bank from km. 0.000 to  3.000 of Birha Minor.,,,,,,,,,,,,,,,,"U P Irrigation Department (Civil)||Chief Engineer-Sone, Varanasi||Irrigation Works Circle, Allahabad||BCD, allahabad",,,,,,"212,197.95",,2024-04-25,"U P Irrigation Department (Civil)||Chief Engineer-Sone, Varanasi||Irrigation Works Circle, Allahabad||BCD, allahabad"
2024_UPIDC_907515_18,07/EE/2023-24,E/w in correcting canal section and Strengthening  of bank from km. 0.000 to 4.000 of Marjadpur Minor.,,,,,,,,,,,,,,,,"U P Irrigation Department (Civil)||Chief Engineer-Sone, Varanasi||Irrigation Works Circle, Allahabad||BCD, allahabad",,,,,,"299,520",,2024-04-25,"U P Irrigation Department (Civil)||Chief Engineer-Sone, Varanasi||Irrigation Works Circle, Allahabad||BCD, allahabad"
2024_UPIDC_907515_18,07/EE/2023-24,E/w in correcting canal section and Strengthening  of bank from km. 0.000 to 4.000 of Marjadpur Minor.,,,,,,,,,,,,,,,,"U P Irrigation Department (Civil)||Chief Engineer-Sone, Varanasi||Irrigation Works Circle, Allahabad||BCD, allahabad",,,,,,"299,520",,2024-04-25,"U P Irrigation Department (Civil)||Chief Engineer-Sone, Varanasi||Irrigation Works Circle, Allahabad||BCD, allahabad"
2024_UPIDC_907515_19,07/EE/2023-24,E/w in correcting canal section and Strengthening  of bank from km. 0.000 to 4.800 of Belha Minor.,,,,,,,,,,,,,,,,"U P Irrigation Department (Civil)||Chief Engineer-Sone, Varanasi||Irrigation Works Circle, Allahabad||BCD, allahabad",,,,,,"351,120",,2024-04-25,"U P Irrigation Department (Civil)||Chief Engineer-Sone, Varanasi||Irrigation Works Circle, Allahabad||BCD, allahabad"
2024_UPIDC_907515_20,07/EE/2023-24,E/w in correcting canal section and Strengthening  of bank from km. 0.000 to 3.267 of Dherhan Minor.,,,,,,,,,,,,,,,,"U P Irrigation Department (Civil)||Chief Engineer-Sone, Varanasi||Irrigation Works Circle, Allahabad||BCD, allahabad",,,,,,"347,650",,2024-04-25,"U P Irrigation Department (Civil)||Chief Engineer-Sone, Varanasi||Irrigation Works Circle, Allahabad||BCD, allahabad"
2024_UPIDC_907515_21,07/EE/2023-24,E/w in correcting canal section and Strengthening of bank from km. 0.000 to 6.200 of Devibandh Dy.,,,,,,,,,,,,,,,,"U P Irrigation Department (Civil)||Chief Engineer-Sone, Varanasi||Irrigation Works Circle, Allahabad||BCD, allahabad",,,,,,"697,604.6",,2024-04-09,"U P Irrigation Department (Civil)||Chief Engineer-Sone, Varanasi||Irrigation Works Circle, Allahabad||BCD, allahabad"
2024_UPIDC_907515_22,07/EE/2023-24,E/w in correcting canal section and Strengthening  of bank from km. 0.000 to 4.600 of  Lediyari Minor.,,,,,,,,,,,,,,,,"U P Irrigation Department (Civil)||Chief Engineer-Sone, Varanasi||Irrigation Works Circle, Allahabad||BCD, allahabad",,,,,,"319,341.5",,2024-04-09,"U P Irrigation Department (Civil)||Chief Engineer-Sone, Varanasi||Irrigation Works Circle, Allahabad||BCD, allahabad"
2024_UPIDC_907515_23,07/EE/2023-24,E/w in correcting canal section and Strengthening of bank from km. 0.000 to 4.600 of Pathartal Minor.,,,,,,,,,,,,,,,,"U P Irrigation Department (Civil)||Chief Engineer-Sone, Varanasi||Irrigation Works Circle, Allahabad||BCD, allahabad",,,,,,"429,640",,2024-04-09,"U P Irrigation Department (Civil)||Chief Engineer-Sone, Varanasi||Irrigation Works Circle, Allahabad||BCD, allahabad"
2024_UPIDC_907515_2,07/EE/2023-24,Reconstruction of V.R.B. at km. 7.607 of Hardiya Dy.,,,,,,,,,,,,,,,,"U P Irrigation Department (Civil)||Chief Engineer-Sone, Varanasi||Irrigation Works Circle, Allahabad||BCD, allahabad",,,,,,"1,835,534.47",,2024-04-05,"U P Irrigation Department (Civil)||Chief Engineer-Sone, Varanasi||Irrigation Works Circle, Allahabad||BCD, allahabad"
2024_UPIDC_907515_1,07/EE/2023-24,Reconstruction of V.R.B. at km. 3.107 of Hardiya Dy.,,,,,,,,,,,,,,,,"U P Irrigation Department (Civil)||Chief Engineer-Sone, Varanasi||Irrigation Works Circle, Allahabad||BCD, allahabad",,,,,,"1,922,659.15",,2024-04-05,"U P Irrigation Department (Civil)||Chief Engineer-Sone, Varanasi||Irrigation Works Circle, Allahabad||BCD, allahabad"
2024_UPIDC_907515_10,07/EE/2023-24,Rock ballasting and correcting internal section by C.C. of  Hardiya Dy. from km. 23.600 to km. 23.700.,,,,,,,,,,,,,,,,"U P Irrigation Department (Civil)||Chief Engineer-Sone, Varanasi||Irrigation Works Circle, Allahabad||BCD, allahabad",,,,,,"399,268",,2024-04-17,"U P Irrigation Department (Civil)||Chief Engineer-Sone, Varanasi||Irrigation Works Circle, Allahabad||BCD, allahabad"
2024_UPIDC_907515_11,07/EE/2023-24,Rock ballasting and correcting internal section by C.C. of  Hardiya Dy. from km. 24.500 to km. 24.700.,,,,,,,,,,,,,,,,"U P Irrigation Department (Civil)||Chief Engineer-Sone, Varanasi||Irrigation Works Circle, Allahabad||BCD, allahabad",,,,,,"715,110",,2024-04-24,"U P Irrigation Department (Civil)||Chief Engineer-Sone, Varanasi||Irrigation Works Circle, Allahabad||BCD, allahabad"
2024_UPIDC_907515_12,07/EE/2023-24,Rock ballasting and correcting internal section by C.C. of  Hardiya Dy. from km. 25.100 to km. 25.350.,,,,,,,,,,,,,,,,"U P Irrigation Department (Civil)||Chief Engineer-Sone, Varanasi||Irrigation Works Circle, Allahabad||BCD, allahabad",,,,,,"932,733.9",,2024-04-24,"U P Irrigation Department (Civil)||Chief Engineer-Sone, Varanasi||Irrigation Works Circle, Allahabad||BCD, allahabad"
2024_UPIDC_907515_13,07/EE/2023-24,Reconstruction of inlet at km. 3.600 of Hardiya Dy.,,,,,,,,,,,,,,,,"U P Irrigation Department (Civil)||Chief Engineer-Sone, Varanasi||Irrigation Works Circle, Allahabad||BCD, allahabad",,,,,,"231,654.08",,2024-04-24,"U P Irrigation Department (Civil)||Chief Engineer-Sone, Varanasi||Irrigation Works Circle, Allahabad||BCD, allahabad"
2024_UPIDC_907515_16,07/EE/2023-24,E/w in correcting canal section and Strengthening  of bank from km. 0.000 to  3.000 of Birha Minor.,,,,,,,,,,,,,,,,"U P Irrigation Department (Civil)||Chief Engineer-Sone, Varanasi||Irrigation Works Circle, Allahabad||BCD, allahabad",,,,,,"212,197.95",,2024-04-25,"U P Irrigation Department (Civil)||Chief Engineer-Sone, Varanasi||Irrigation Works Circle, Allahabad||BCD, allahabad"
2024_UPIDC_907515_1,07/EE/2023-24,Reconstruction of V.R.B. at km. 3.107 of Hardiya Dy.,,,,,,,,,,,,,,,,"U P Irrigation Department (Civil)||Chief Engineer-Sone, Varanasi||Irrigation Works Circle, Allahabad||BCD, allahabad",,,,,,"1,922,659.15",,2024-04-05,"U P Irrigation Department (Civil)||Chief Engineer-Sone, Varanasi||Irrigation Works Circle, Allahabad||BCD, allahabad"
2024_UPIDC_906170_2,3778/08/EE/2023-24 DATE 16.02.2024,MAINER MANNAMAZRA KE KM 5.206 PAR V.R.B. KA PUNARNIRMAN,,,,,,,,,,,,,,,,U P Irrigation Department (Civil)||Chief Engineer ( Yamuna) Okhla||S E Irrigation works Circle Saharanpur||E E L D E Yamuna Canal Prabudhnagar(Muzaffarnagar),,,,,,"1,289,079",,2024-04-25,U P Irrigation Department (Civil)||Chief Engineer ( Yamuna) Okhla||S E Irrigation works Circle Saharanpur||E E L D E Yamuna Canal Prabudhnagar(Muzaffarnagar)
2024_UPIDC_906170_2,3778/08/EE/2023-24 DATE 16.02.2024,MAINER MANNAMAZRA KE KM 5.206 PAR V.R.B. KA PUNARNIRMAN,,,,,,,,,,,,,,,,U P Irrigation Department (Civil)||Chief Engineer ( Yamuna) Okhla||S E Irrigation works Circle Saharanpur||E E L D E Yamuna Canal Prabudhnagar(Muzaffarnagar),,,,,,"1,289,079",,2024-04-25,U P Irrigation Department (Civil)||Chief Engineer ( Yamuna) Okhla||S E Irrigation works Circle Saharanpur||E E L D E Yamuna Canal Prabudhnagar(Muzaffarnagar)
2024_UPIDC_906170_6,3778/08/EE/2023-24 DATE 16.02.2024,MAINER MALAINDI KE KM 6.195 PAR V.R.B. KA PUNARNIRMAN KA KARYA,,,,,,,,,,,,,,,,U P Irrigation Department (Civil)||Chief Engineer ( Yamuna) Okhla||S E Irrigation works Circle Saharanpur||E E L D E Yamuna Canal Prabudhnagar(Muzaffarnagar),,,,,,"1,699,068.56",,2024-04-25,U P Irrigation Department (Civil)||Chief Engineer ( Yamuna) Okhla||S E Irrigation works Circle Saharanpur||E E L D E Yamuna Canal Prabudhnagar(Muzaffarnagar)
2024_UPIDC_906170_6,3778/08/EE/2023-24 DATE 16.02.2024,MAINER MALAINDI KE KM 6.195 PAR V.R.B. KA PUNARNIRMAN KA KARYA,,,,,,,,,,,,,,,,U P Irrigation Department (Civil)||Chief Engineer ( Yamuna) Okhla||S E Irrigation works Circle Saharanpur||E E L D E Yamuna Canal Prabudhnagar(Muzaffarnagar),,,,,,"1,699,068.56",,2024-04-25,U P Irrigation Department (Civil)||Chief Engineer ( Yamuna) Okhla||S E Irrigation works Circle Saharanpur||E E L D E Yamuna Canal Prabudhnagar(Muzaffarnagar)
2024_UPIDC_906170_6,3778/08/EE/2023-24 DATE 16.02.2024,MAINER MALAINDI KE KM 6.195 PAR V.R.B. KA PUNARNIRMAN KA KARYA,,,,,,,,,,,,,,,,U P Irrigation Department (Civil)||Chief Engineer ( Yamuna) Okhla||S E Irrigation works Circle Saharanpur||E E L D E Yamuna Canal Prabudhnagar(Muzaffarnagar),,,,,,"1,699,068.56",,2024-04-25,U P Irrigation Department (Civil)||Chief Engineer ( Yamuna) Okhla||S E Irrigation works Circle Saharanpur||E E L D E Yamuna Canal Prabudhnagar(Muzaffarnagar)
2024_UPTCL_921724_1,E- Tender No- 01- ETDS- 2024-25,Work,,,,,,,,,,,,,,,,UP Power Transmission Corp.Ltd (Operation)||Chief Engineer (TC)  Lucknow||SE ETC Sultanpur||EE ETD Sultanpur,,,,,,"185,500",,2024-04-25,UP Power Transmission Corp.Ltd (Operation)||Chief Engineer (TC)  Lucknow||SE ETC Sultanpur||EE ETD Sultanpur
2024_UPTCL_921724_1,E- Tender No- 01- ETDS- 2024-25,Work,,,,,,,,,,,,,,,,UP Power Transmission Corp.Ltd (Operation)||Chief Engineer (TC)  Lucknow||SE ETC Sultanpur||EE ETD Sultanpur,,,,,,"185,500",,2024-04-25,UP Power Transmission Corp.Ltd (Operation)||Chief Engineer (TC)  Lucknow||SE ETC Sultanpur||EE ETD Sultanpur
2024_UPTCL_921724_1,E- Tender No- 01- ETDS- 2024-25,Work,,,,,,,,,,,,,,,,UP Power Transmission Corp.Ltd (Operation)||Chief Engineer (TC)  Lucknow||SE ETC Sultanpur||EE ETD Sultanpur,,,,,,"185,500",,2024-04-25,UP Power Transmission Corp.Ltd (Operation)||Chief Engineer (TC)  Lucknow||SE ETC Sultanpur||EE ETD Sultanpur
2024_YEIDA_878567_4,YEA/GM(PROJECT)/2024/860 DT-2/01/2024,Topographical Survey of Area for Sector-07 Yeida.Wc-03,,,,,,,,,,,,,,,,Yamuna Expressway Industrial Development Authority,,,,,,"404,459.44",,2024-04-12,Yamuna Expressway Industrial Development Authority
2024_YEIDA_878567_1,YEA/GM(PROJECT)/2024/860 DT-2/01/2024,Topographical Survey of Area for Sector-08 Yeida.Wc-03,,,,,,,,,,,,,,,,Yamuna Expressway Industrial Development Authority,,,,,,"285,703.26",,2024-04-12,Yamuna Expressway Industrial Development Authority
2024_YEIDA_878567_4,YEA/GM(PROJECT)/2024/860 DT-2/01/2024,Topographical Survey of Area for Sector-07 Yeida.Wc-03,,,,,,,,,,,,,,,,Yamuna Expressway Industrial Development Authority,,,,,,"404,459.44",,2024-04-12,Yamuna Expressway Industrial Development Authority
2024_YEIDA_878567_4,YEA/GM(PROJECT)/2024/860 DT-2/01/2024,Topographical Survey of Area for Sector-07 Yeida.Wc-03,,,,,,,,,,,,,,,,Yamuna Expressway Industrial Development Authority,,,,,,"404,459.44",,2024-04-12,Yamuna Expressway Industrial Development Authority
2024_YEIDA_878567_4,YEA/GM(PROJECT)/2024/860 DT-2/01/2024,Topographical Survey of Area for Sector-07 Yeida.Wc-03,,,,,,,,,,,,,,,,Yamuna Expressway Industrial Development Authority,,,,,,"404,459.44",,2024-04-12,Yamuna Expressway Industrial Development Authority
2024_UPIDC_904500_3,Tendar Notic No 13/SE/2023-24,"janpad bijnor me malan nadi ke kinare per isthit gram badiya, chandiharh and veerubala ke nikat katav surakhsatmak karye",,,,,,,,,,,,,,,,"U P Irrigation Department (Civil)||Chief Engineer-Eastern Ganga, Moradabad||Irrigation Works Circle, Moradabad",,,,,,"5,598,798",,2024-04-03,"U P Irrigation Department (Civil)||Chief Engineer-Eastern Ganga, Moradabad||Irrigation Works Circle, Moradabad"
2024_UPIDC_904500_4,Tendar Notic No 13/SE/2023-24,anpad moradabad ke antargat rampanga Nadi ke baye kinare par sthit gram ladipur athmali lodipur Basu abm bheekanpur ke katav nirodhak karya,,,,,,,,,,,,,,,,"U P Irrigation Department (Civil)||Chief Engineer-Eastern Ganga, Moradabad||Irrigation Works Circle, Moradabad",,,,,,"23,273,705",,2024-04-03,"U P Irrigation Department (Civil)||Chief Engineer-Eastern Ganga, Moradabad||Irrigation Works Circle, Moradabad"
2024_DOLBU_895948_1,FFC_62,Nagar Nigam gorakhpur ke purane bhawan me sisthit sadan hal ko myujiyam ke rup me viksit kiye jane ka kary,,,,,,,,,,,,,,,,Directorate of Local Bodies UP||Gorakhpur Municipal Corporation,,,,,,"5,287,580.741",,2024-04-08,Directorate of Local Bodies UP||Gorakhpur Municipal Corporation
2024_DOLBU_895948_1,FFC_62,Nagar Nigam gorakhpur ke purane bhawan me sisthit sadan hal ko myujiyam ke rup me viksit kiye jane ka kary,,,,,,,,,,,,,,,,Directorate of Local Bodies UP||Gorakhpur Municipal Corporation,,,,,,"5,287,580.741",,2024-04-08,Directorate of Local Bodies UP||Gorakhpur Municipal Corporation
2024_DOLBU_895790_1,FFC_46,Ward number 46 Shakti Nagar Colony Mein Mahanand Rai ke Makan se Himanshu shrivtastav ke Makan Tak CC Sadak aur RCC Nali Nirman ka Karya,,,,,,,,,,,,,,,,Directorate of Local Bodies UP||Gorakhpur Municipal Corporation,,,,,,"1,900,619.669",,2024-04-08,Directorate of Local Bodies UP||Gorakhpur Municipal Corporation
2024_DOLBU_895808_1,FFC_46,Ward number 46 Shakti Nagar Colony Mein Gajendra Nath Chaudhari ke Makan se Manoj kanojiya ke Makan Tak CC Sadak aur RCC Nali Nirman ka Karya,,,,,,,,,,,,,,,,Directorate of Local Bodies UP||Gorakhpur Municipal Corporation,,,,,,"1,467,321.111",,2024-04-08,Directorate of Local Bodies UP||Gorakhpur Municipal Corporation
2024_DOLBU_895428_1,FFC_46,Ward number 46 Shakti Nagar Mein children Academy se doctor Rajesh shrivtastav ke Makan Tak CC Sadak aur RCC Nali Nirman ka Karya,,,,,,,,,,,,,,,,Directorate of Local Bodies UP||Gorakhpur Municipal Corporation,,,,,,"1,904,735.669",,2024-04-08,Directorate of Local Bodies UP||Gorakhpur Municipal Corporation
2024_UPIDC_901440_6,11/SEIWCMBD/2023-24,LOT 06 janpad moradabad main Della nadi ke daaye kinare par isthith roshanpur bundh ke km. 1.900 par gram tumariya kalan ki gramin aabadi sichai bhumee tatha band aadi ki baar suraksharth katav nirodhak karya,,,,,,,,,,,,,,,,"U P Irrigation Department (Civil)||Chief Engineer-Eastern Ganga, Moradabad||Irrigation Works Circle, Moradabad",,,,,,"10,486,694.47",,2024-04-03,"U P Irrigation Department (Civil)||Chief Engineer-Eastern Ganga, Moradabad||Irrigation Works Circle, Moradabad"
2024_UPIDC_901701_1,12/SE/2023-24,janpad bijnor me shahpur rajwaha k km 0.000 se km 10.600 ke madhya punarsthapna avam nahari bhumi ke seemankan ka karya,,,,,,,,,,,,,,,,"U P Irrigation Department (Civil)||Chief Engineer-Eastern Ganga, Moradabad||Irrigation Works Circle, Moradabad",,,,,,"24,166,295.87",,2024-04-03,"U P Irrigation Department (Civil)||Chief Engineer-Eastern Ganga, Moradabad||Irrigation Works Circle, Moradabad"
2024_UPIDC_901701_1,12/SE/2023-24,janpad bijnor me shahpur rajwaha k km 0.000 se km 10.600 ke madhya punarsthapna avam nahari bhumi ke seemankan ka karya,,,,,,,,,,,,,,,,"U P Irrigation Department (Civil)||Chief Engineer-Eastern Ganga, Moradabad||Irrigation Works Circle, Moradabad",,,,,,"24,166,295.87",,2024-04-03,"U P Irrigation Department (Civil)||Chief Engineer-Eastern Ganga, Moradabad||Irrigation Works Circle, Moradabad"
2024_DOLBU_892079_13,NNMV/NIRMAN/14/15V/RV/1-40,Work No. 13 Out Of 35 15VITT Works,,,,,,,,,,,,,,,,Directorate of Local Bodies UP||Mathura Municipal Corporation,,,,,,"1,367,138.05",,2024-04-16,Directorate of Local Bodies UP||Mathura Municipal Corporation
2024_DOLBU_892079_13,NNMV/NIRMAN/14/15V/RV/1-40,Work No. 13 Out Of 35 15VITT Works,,,,,,,,,,,,,,,,Directorate of Local Bodies UP||Mathura Municipal Corporation,,,,,,"1,367,138.05",,2024-04-16,Directorate of Local Bodies UP||Mathura Municipal Corporation
2024_DOLBU_892079_13,NNMV/NIRMAN/14/15V/RV/1-40,Work No. 13 Out Of 35 15VITT Works,,,,,,,,,,,,,,,,Directorate of Local Bodies UP||Mathura Municipal Corporation,,,,,,"1,367,138.05",,2024-04-16,Directorate of Local Bodies UP||Mathura Municipal Corporation
2024_DOLBU_892079_18,NNMV/NIRMAN/14/15V/RV/1-40,Work No. 18 Out Of 35 15VITT Works,,,,,,,,,,,,,,,,Directorate of Local Bodies UP||Mathura Municipal Corporation,,,,,,"1,817,176.35",,2024-04-18,Directorate of Local Bodies UP||Mathura Municipal Corporation
2024_DOLBU_892079_28,NNMV/NIRMAN/14/15V/RV/1-40,Work No. 28 Out Of 35 15VITT Works,,,,,,,,,,,,,,,,Directorate of Local Bodies UP||Mathura Municipal Corporation,,,,,,"1,753,709.8",,2024-04-16,Directorate of Local Bodies UP||Mathura Municipal Corporation
2024_DOLBU_892079_28,NNMV/NIRMAN/14/15V/RV/1-40,Work No. 28 Out Of 35 15VITT Works,,,,,,,,,,,,,,,,Directorate of Local Bodies UP||Mathura Municipal Corporation,,,,,,"1,753,709.8",,2024-04-16,Directorate of Local Bodies UP||Mathura Municipal Corporation
2024_DOLBU_892079_2,NNMV/NIRMAN/14/15V/RV/1-40,Work No. 02 Out Of 35 15VITT Works,,,,,,,,,,,,,,,,Directorate of Local Bodies UP||Mathura Municipal Corporation,,,,,,"1,832,649.83",,2024-04-06,Directorate of Local Bodies UP||Mathura Municipal Corporation
2024_UPIDC_901440_18,11/SEIWCMBD/2023-24,LOT 10 janpad Rampur ki tehsil shahbad main gram samuh madarpur madarpur ka etihasik prichin madir va husainganj avam matwali aadi gramo  ki koshi nadi avam ramganga nadi ki  baar se suraksha hetu baar surakshatmak karya,,,,,,,,,,,,,,,,"U P Irrigation Department (Civil)||Chief Engineer-Eastern Ganga, Moradabad||Irrigation Works Circle, Moradabad",,,,,,"15,835,775.44",,2024-04-03,"U P Irrigation Department (Civil)||Chief Engineer-Eastern Ganga, Moradabad||Irrigation Works Circle, Moradabad"
2024_UPIDC_901440_21,11/SEIWCMBD/2023-24,janpad amroha mai ganga nadi ke baye kinare par isthit mohammadabad ring bundh ke km 0.450 par isthit spur avam ring bundh ke punarsthapna ka karya,,,,,,,,,,,,,,,,"U P Irrigation Department (Civil)||Chief Engineer-Eastern Ganga, Moradabad||Irrigation Works Circle, Moradabad",,,,,,"11,196,230",,2024-04-03,"U P Irrigation Department (Civil)||Chief Engineer-Eastern Ganga, Moradabad||Irrigation Works Circle, Moradabad"
2024_UPIDC_901440_22,11/SEIWCMBD/2023-24,LOT 15 janpad bijnor main kho nadi ke Daaye kinare par isthith sherkot tatbundh avam spur no. 01 se spur no. 06 ki punarsthapna tatha serkot bunh kekm. 0.750 se km. 1.100 avam km. 1.800 se km. 2.150 ke Madhya kho nadi ki baar se suraksha hetu katav n,,,,,,,,,,,,,,,,"U P Irrigation Department (Civil)||Chief Engineer-Eastern Ganga, Moradabad||Irrigation Works Circle, Moradabad",,,,,,"26,482,320",,2024-04-03,"U P Irrigation Department (Civil)||Chief Engineer-Eastern Ganga, Moradabad||Irrigation Works Circle, Moradabad"
2024_UPIDC_901440_23,11/SEIWCMBD/2023-24,Janpad Amhora ke antargat Ganga nadi ke baen kinare pr sithit Hasanpur tatband ke dwitiya charan per purv nirmit sper no 04 v 06 ke punarsthapna ka karya sthapna ka karya,,,,,,,,,,,,,,,,"U P Irrigation Department (Civil)||Chief Engineer-Eastern Ganga, Moradabad||Irrigation Works Circle, Moradabad",,,,,,"24,993,225",,2024-04-03,"U P Irrigation Department (Civil)||Chief Engineer-Eastern Ganga, Moradabad||Irrigation Works Circle, Moradabad"
2024_UPIDC_901440_25,11/SEIWCMBD/2023-24,LOT 11 janpad Rampur ki tehsil milak vidhansabha bilaspur main gram samuh kewalpur v badhepura aadi ki bhakhda nadi ki baar se suraksha hetu baar surakshatmak karya,,,,,,,,,,,,,,,,"U P Irrigation Department (Civil)||Chief Engineer-Eastern Ganga, Moradabad||Irrigation Works Circle, Moradabad",,,,,,"20,948,457.35",,2024-04-03,"U P Irrigation Department (Civil)||Chief Engineer-Eastern Ganga, Moradabad||Irrigation Works Circle, Moradabad"
2024_UPIDC_901440_25,11/SEIWCMBD/2023-24,LOT 11 janpad Rampur ki tehsil milak vidhansabha bilaspur main gram samuh kewalpur v badhepura aadi ki bhakhda nadi ki baar se suraksha hetu baar surakshatmak karya,,,,,,,,,,,,,,,,"U P Irrigation Department (Civil)||Chief Engineer-Eastern Ganga, Moradabad||Irrigation Works Circle, Moradabad",,,,,,"20,948,457.35",,2024-04-03,"U P Irrigation Department (Civil)||Chief Engineer-Eastern Ganga, Moradabad||Irrigation Works Circle, Moradabad"
2024_UPIDC_901440_2,11/SEIWCMBD/2023-24,LOT 02 janpad bijnor main kho nadi ke Daaye kinare par isthith mukarpuri sipahiwala tatbandh ki suraksha hetu purv nirmit 06 nag bolder stud ki apren ki punarsthapna tatha km. 1.000 ke nikat tatbandh ki suraksha hetu percupaein stud lagane ka karya,,,,,,,,,,,,,,,,"U P Irrigation Department (Civil)||Chief Engineer-Eastern Ganga, Moradabad||Irrigation Works Circle, Moradabad",,,,,,"6,741,990",,2024-04-03,"U P Irrigation Department (Civil)||Chief Engineer-Eastern Ganga, Moradabad||Irrigation Works Circle, Moradabad"
2024_UPIDC_901440_3,11/SEIWCMBD/2023-24,LOT 03 janpad bijnor main Banailli nadi ke baye kinare par isthith shahpur rajwahe ke km. 8.800 se km. 9.300 ke Madhya katav nirodhak karya,,,,,,,,,,,,,,,,"U P Irrigation Department (Civil)||Chief Engineer-Eastern Ganga, Moradabad||Irrigation Works Circle, Moradabad",,,,,,"9,297,110.83",,2024-04-03,"U P Irrigation Department (Civil)||Chief Engineer-Eastern Ganga, Moradabad||Irrigation Works Circle, Moradabad"
2024_UPIDC_901440_4,11/SEIWCMBD/2023-24,LOT 04 janpad bijnor main Ganga nadi ke baye kinare par isthith galkha devi mandir avam mirzapur ki suraksharth hetu katav nirodhak karya,,,,,,,,,,,,,,,,"U P Irrigation Department (Civil)||Chief Engineer-Eastern Ganga, Moradabad||Irrigation Works Circle, Moradabad",,,,,,"8,297,220.5",,2024-04-03,"U P Irrigation Department (Civil)||Chief Engineer-Eastern Ganga, Moradabad||Irrigation Works Circle, Moradabad"
2024_UPIDC_901440_6,11/SEIWCMBD/2023-24,LOT 06 janpad moradabad main Della nadi ke daaye kinare par isthith roshanpur bundh ke km. 1.900 par gram tumariya kalan ki gramin aabadi sichai bhumee tatha band aadi ki baar suraksharth katav nirodhak karya,,,,,,,,,,,,,,,,"U P Irrigation Department (Civil)||Chief Engineer-Eastern Ganga, Moradabad||Irrigation Works Circle, Moradabad",,,,,,"10,486,694.47",,2024-04-03,"U P Irrigation Department (Civil)||Chief Engineer-Eastern Ganga, Moradabad||Irrigation Works Circle, Moradabad"
2024_UPIDC_901440_15,11/SEIWCMBD/2023-24,"janpad moradabad k antargat kosi nadi ke daaye kinare par isthit gram harpalnagar, gadaikhera avam raniyather ki baad surakshatmak karya",,,,,,,,,,,,,,,,"U P Irrigation Department (Civil)||Chief Engineer-Eastern Ganga, Moradabad||Irrigation Works Circle, Moradabad",,,,,,"8,396,045",,2024-04-03,"U P Irrigation Department (Civil)||Chief Engineer-Eastern Ganga, Moradabad||Irrigation Works Circle, Moradabad"
2024_UPIDC_901440_18,11/SEIWCMBD/2023-24,LOT 10 janpad Rampur ki tehsil shahbad main gram samuh madarpur madarpur ka etihasik prichin madir va husainganj avam matwali aadi gramo  ki koshi nadi avam ramganga nadi ki  baar se suraksha hetu baar surakshatmak karya,,,,,,,,,,,,,,,,"U P Irrigation Department (Civil)||Chief Engineer-Eastern Ganga, Moradabad||Irrigation Works Circle, Moradabad",,,,,,"15,835,775.44",,2024-04-03,"U P Irrigation Department (Civil)||Chief Engineer-Eastern Ganga, Moradabad||Irrigation Works Circle, Moradabad"
2024_UPIDC_901440_1,11/SEIWCMBD/2023-24,"lot 01 janpad bijnor main kho nadi ke baye kinare par isthith gram nandgaon, nathadoi avam nandgaon kibad se suraksha hetu baar nirodhak karya",,,,,,,,,,,,,,,,"U P Irrigation Department (Civil)||Chief Engineer-Eastern Ganga, Moradabad||Irrigation Works Circle, Moradabad",,,,,,"14,328,900",,2024-04-03,"U P Irrigation Department (Civil)||Chief Engineer-Eastern Ganga, Moradabad||Irrigation Works Circle, Moradabad"
2024_DOLBU_886266_1,NCAP Ward 60,Ward 60 power house se sulabh sauchalay akhada ramratan yadav clasic ITI tak road dust mainegment hetu and tu and paving ka kary,,,,,,,,,,,,,,,,Directorate of Local Bodies UP||Gorakhpur Municipal Corporation,,,,,,"8,297,082.23",,2024-04-08,Directorate of Local Bodies UP||Gorakhpur Municipal Corporation
2024_DOLBU_885794_1,NCAP Ward 62,Ward number 62 Maya Bajar Mein agrsen Tiraha se Mega mart Tak Sadak ke donon Patari per intellecting aur Nali marmmat ka Karya,,,,,,,,,,,,,,,,Directorate of Local Bodies UP||Gorakhpur Municipal Corporation,,,,,,"1,870,149.941",,2024-04-08,Directorate of Local Bodies UP||Gorakhpur Municipal Corporation
2024_DOLBU_885797_1,NCAP Ward 78,Ward 78 me hanuman mandir se dashari bag chaurahe tak and tu end paving ka kary,,,,,,,,,,,,,,,,Directorate of Local Bodies UP||Gorakhpur Municipal Corporation,,,,,,"1,395,698.871",,2024-04-05,Directorate of Local Bodies UP||Gorakhpur Municipal Corporation
2024_DOLBU_885794_1,NCAP Ward 62,Ward number 62 Maya Bajar Mein agrsen Tiraha se Mega mart Tak Sadak ke donon Patari per intellecting aur Nali marmmat ka Karya,,,,,,,,,,,,,,,,Directorate of Local Bodies UP||Gorakhpur Municipal Corporation,,,,,,"1,870,149.941",,2024-04-08,Directorate of Local Bodies UP||Gorakhpur Municipal Corporation
2024_DOLBU_879897_32,NNMV/NIRMAN/122/15VITT/51-93,Work No. 82 Out of 93 15VITT works,,,,,,,,,,,,,,,,Directorate of Local Bodies UP||Mathura Municipal Corporation,,,,,,"1,176,962.48",,2024-04-06,Directorate of Local Bodies UP||Mathura Municipal Corporation
2024_DOLBU_879882_48,NNMV/NIRMAN/122/15VITT/1-50,Work No. 48  Out Of 93 15VITT Works,,,,,,,,,,,,,,,,Directorate of Local Bodies UP||Mathura Municipal Corporation,,,,,,"199,199.8",,2024-04-06,Directorate of Local Bodies UP||Mathura Municipal Corporation
2024_DOLBU_879453_1,Ward 80 Raptinagar,Ward 80 Raptinagar me ganganagar chauraha se parsal ghar tak RCC Nala Nirman,,,,,,,,,,,,,,,,Directorate of Local Bodies UP||Gorakhpur Municipal Corporation,,,,,,"3,573,372",,2024-04-05,Directorate of Local Bodies UP||Gorakhpur Municipal Corporation
2024_DEOA_907111_1,Letter No.3014/DEO/AGRA,FL ( 24587) KUKARSO MARG TANTPUR SHOP,,,,,,,,,,,,,,,,Uttar Pradesh Excise Department||Joint Excise Commissioner Agra||Deputy Excise Commissioner Agra||District Excise Officer Agra,,,,,,"435,000",,2024-04-01,Uttar Pradesh Excise Department||Joint Excise Commissioner Agra||Deputy Excise Commissioner Agra||District Excise Officer Agra
2024_DEOA_901277_1,Letter No.2930/DEO/AGRA,FL ( 21986) RUI KI MANDI RAILWAY CROSSINGH SHOP,,,,,,,,,,,,,,,,Uttar Pradesh Excise Department||Joint Excise Commissioner Agra||Deputy Excise Commissioner Agra||District Excise Officer Agra,,,,,,"1,835,000",,2024-04-01,Uttar Pradesh Excise Department||Joint Excise Commissioner Agra||Deputy Excise Commissioner Agra||District Excise Officer Agra
2024_DEOA_901277_1,Letter No.2930/DEO/AGRA,FL ( 21986) RUI KI MANDI RAILWAY CROSSINGH SHOP,,,,,,,,,,,,,,,,Uttar Pradesh Excise Department||Joint Excise Commissioner Agra||Deputy Excise Commissioner Agra||District Excise Officer Agra,,,,,,"1,835,000",,2024-04-01,Uttar Pradesh Excise Department||Joint Excise Commissioner Agra||Deputy Excise Commissioner Agra||District Excise Officer Agra
2024_DEOA_901277_1,Letter No.2930/DEO/AGRA,FL ( 21986) RUI KI MANDI RAILWAY CROSSINGH SHOP,,,,,,,,,,,,,,,,Uttar Pradesh Excise Department||Joint Excise Commissioner Agra||Deputy Excise Commissioner Agra||District Excise Officer Agra,,,,,,"1,835,000",,2024-04-01,Uttar Pradesh Excise Department||Joint Excise Commissioner Agra||Deputy Excise Commissioner Agra||District Excise Officer Agra
2024_DEOA_901299_1,Letter No.2930/DEO/AGRA,FL ( 24326) IRADATNAGAR SHOP,,,,,,,,,,,,,,,,Uttar Pradesh Excise Department||Joint Excise Commissioner Agra||Deputy Excise Commissioner Agra||District Excise Officer Agra,,,,,,"2,235,000",,2024-04-01,Uttar Pradesh Excise Department||Joint Excise Commissioner Agra||Deputy Excise Commissioner Agra||District Excise Officer Agra
2024_DEOA_901348_1,Letter No.2930/DEO/AGRA,FL ( 28247) GOL MARKET (GOL MARKET SE 50 METERS PARIDHI MAIN) SHOP,,,,,,,,,,,,,,,,Uttar Pradesh Excise Department||Joint Excise Commissioner Agra||Deputy Excise Commissioner Agra||District Excise Officer Agra,,,,,,"4,680,000",,2024-04-01,Uttar Pradesh Excise Department||Joint Excise Commissioner Agra||Deputy Excise Commissioner Agra||District Excise Officer Agra
2024_DEOA_901391_1,Letter No.2930/DEO/AGRA,FL ( 28351) NAGLA SABLA SHOP,,,,,,,,,,,,,,,,Uttar Pradesh Excise Department||Joint Excise Commissioner Agra||Deputy Excise Commissioner Agra||District Excise Officer Agra,,,,,,"1,280,000",,2024-04-01,Uttar Pradesh Excise Department||Joint Excise Commissioner Agra||Deputy Excise Commissioner Agra||District Excise Officer Agra
2024_DEOA_901412_1,Letter No.2930/DEO/AGRA,FL ( 28718) DINDINIYANPUR SHOP,,,,,,,,,,,,,,,,Uttar Pradesh Excise Department||Joint Excise Commissioner Agra||Deputy Excise Commissioner Agra||District Excise Officer Agra,,,,,,"230,000",,2024-04-01,Uttar Pradesh Excise Department||Joint Excise Commissioner Agra||Deputy Excise Commissioner Agra||District Excise Officer Agra
2024_DEOA_901421_1,Letter No.2930/DEO/AGRA,FL ( 28742) IKLAS PURA CHAURAHA SHOP,,,,,,,,,,,,,,,,Uttar Pradesh Excise Department||Joint Excise Commissioner Agra||Deputy Excise Commissioner Agra||District Excise Officer Agra,,,,,,"710,000",,2024-04-01,Uttar Pradesh Excise Department||Joint Excise Commissioner Agra||Deputy Excise Commissioner Agra||District Excise Officer Agra
2024_DEOA_901429_1,Letter No.2930/DEO/AGRA,FL ( 35415) KHERA JAWAHAR SHOP,,,,,,,,,,,,,,,,Uttar Pradesh Excise Department||Joint Excise Commissioner Agra||Deputy Excise Commissioner Agra||District Excise Officer Agra,,,,,,"265,000",,2024-04-01,Uttar Pradesh Excise Department||Joint Excise Commissioner Agra||Deputy Excise Commissioner Agra||District Excise Officer Agra
2024_DEOA_907111_1,Letter No.3014/DEO/AGRA,FL ( 24587) KUKARSO MARG TANTPUR SHOP,,,,,,,,,,,,,,,,Uttar Pradesh Excise Department||Joint Excise Commissioner Agra||Deputy Excise Commissioner Agra||District Excise Officer Agra,,,,,,"435,000",,2024-04-01,Uttar Pradesh Excise Department||Joint Excise Commissioner Agra||Deputy Excise Commissioner Agra||District Excise Officer Agra
2024_DEO8_902355_4,1415/VYAVASTHAPAN/2024-25 DT. 20-02-2024,TENDER FOR COUNTRY LIQUOR SHOP AT CHAMROUDI CHAURAHA,,,,,,,,,,,,,,,,Uttar Pradesh Excise Department||Joint Excise Commissioner Agra||Deputy Excise Commissioner Chitrakoot Dham||District Excise Officer Banda,,,,,,"76,000",,2024-04-25,Uttar Pradesh Excise Department||Joint Excise Commissioner Agra||Deputy Excise Commissioner Chitrakoot Dham||District Excise Officer Banda
2024_DEO8_902355_5,1415/VYAVASTHAPAN/2024-25 DT. 20-02-2024,TENDER FOR COUNTRY LIQUOR SHOP AT MAHUI,,,,,,,,,,,,,,,,Uttar Pradesh Excise Department||Joint Excise Commissioner Agra||Deputy Excise Commissioner Chitrakoot Dham||District Excise Officer Banda,,,,,,"75,720",,2024-04-25,Uttar Pradesh Excise Department||Joint Excise Commissioner Agra||Deputy Excise Commissioner Chitrakoot Dham||District Excise Officer Banda
2024_DEO8_902355_6,1415/VYAVASTHAPAN/2024-25 DT. 20-02-2024,TENDER FOR COUNTRY LIQUOR SHOP AT BADA GAWON PAILANI,,,,,,,,,,,,,,,,Uttar Pradesh Excise Department||Joint Excise Commissioner Agra||Deputy Excise Commissioner Chitrakoot Dham||District Excise Officer Banda,,,,,,"20,131",,2024-04-25,Uttar Pradesh Excise Department||Joint Excise Commissioner Agra||Deputy Excise Commissioner Chitrakoot Dham||District Excise Officer Banda
2024_DEO8_902355_7,1415/VYAVASTHAPAN/2024-25 DT. 20-02-2024,TENDER FOR COUNTRY LIQUOR SHOP AT GUREH,,,,,,,,,,,,,,,,Uttar Pradesh Excise Department||Joint Excise Commissioner Agra||Deputy Excise Commissioner Chitrakoot Dham||District Excise Officer Banda,,,,,,"52,560",,2024-04-25,Uttar Pradesh Excise Department||Joint Excise Commissioner Agra||Deputy Excise Commissioner Chitrakoot Dham||District Excise Officer Banda
2024_DEO8_902355_8,1415/VYAVASTHAPAN/2024-25 DT. 20-02-2024,TENDER FOR COUNTRY LIQUOR SHOP AT CHARKA,,,,,,,,,,,,,,,,Uttar Pradesh Excise Department||Joint Excise Commissioner Agra||Deputy Excise Commissioner Chitrakoot Dham||District Excise Officer Banda,,,,,,"42,680",,2024-04-25,Uttar Pradesh Excise Department||Joint Excise Commissioner Agra||Deputy Excise Commissioner Chitrakoot Dham||District Excise Officer Banda
2024_DEO8_902355_9,1415/VYAVASTHAPAN/2024-25 DT. 20-02-2024,TENDER FOR FORIGEN LIQUOR SHOP AT CHOWK BAZZAR,,,,,,,,,,,,,,,,Uttar Pradesh Excise Department||Joint Excise Commissioner Agra||Deputy Excise Commissioner Chitrakoot Dham||District Excise Officer Banda,,,,,,"3,655,000",,2024-04-25,Uttar Pradesh Excise Department||Joint Excise Commissioner Agra||Deputy Excise Commissioner Chitrakoot Dham||District Excise Officer Banda
2024_DEO9_900673_1,2566/DEO/CKTD/17.02.2024,CL Bharatkoop(6853),,,,,,,,,,,,,,,,Uttar Pradesh Excise Department||Joint Excise Commissioner Agra||Deputy Excise Commissioner Chitrakoot Dham||District Excise Officer Chitrakoot,,,,,,"3,406,000",,2024-04-01,Uttar Pradesh Excise Department||Joint Excise Commissioner Agra||Deputy Excise Commissioner Chitrakoot Dham||District Excise Officer Chitrakoot
2024_DEO9_900866_1,2566/DEO/CKTD/17.02.2024,B.S. Bargar-A,,,,,,,,,,,,,,,,Uttar Pradesh Excise Department||Joint Excise Commissioner Agra||Deputy Excise Commissioner Chitrakoot Dham||District Excise Officer Chitrakoot,,,,,,"109,000",,2024-04-01,Uttar Pradesh Excise Department||Joint Excise Commissioner Agra||Deputy Excise Commissioner Chitrakoot Dham||District Excise Officer Chitrakoot
2024_DEO9_900876_1,2566/DEO/CKTD/17.02.2024,B.S. Bargar-B,,,,,,,,,,,,,,,,Uttar Pradesh Excise Department||Joint Excise Commissioner Agra||Deputy Excise Commissioner Chitrakoot Dham||District Excise Officer Chitrakoot,,,,,,"106,000",,2024-04-01,Uttar Pradesh Excise Department||Joint Excise Commissioner Agra||Deputy Excise Commissioner Chitrakoot Dham||District Excise Officer Chitrakoot
2024_DEOA_901133_1,Letter No.2930/DEO/AGRA,FL Basant Cinema shop,,,,,,,,,,,,,,,,Uttar Pradesh Excise Department||Joint Excise Commissioner Agra||Deputy Excise Commissioner Agra||District Excise Officer Agra,,,,,,"1,955,000",,2024-04-01,Uttar Pradesh Excise Department||Joint Excise Commissioner Agra||Deputy Excise Commissioner Agra||District Excise Officer Agra
2024_DEO7_903293_1,830/DEO/VYAVASTHAPAN/2024-25/ KASGANJ,Railway Road Kasganj,,,,,,,,,,,,,,,,Uttar Pradesh Excise Department||Joint Excise Commissioner Agra||Deputy Excise Commissioner Aligarh||District Excise Officer Kashganj,,,,,,"1,992,000",,2024-04-12,Uttar Pradesh Excise Department||Joint Excise Commissioner Agra||Deputy Excise Commissioner Aligarh||District Excise Officer Kashganj
2024_DEO8_902355_10,1415/VYAVASTHAPAN/2024-25 DT. 20-02-2024,TENDER FOR FORIGEN LIQUOR SHOP AT ORAN NO. 2,,,,,,,,,,,,,,,,Uttar Pradesh Excise Department||Joint Excise Commissioner Agra||Deputy Excise Commissioner Chitrakoot Dham||District Excise Officer Banda,,,,,,"604,500",,2024-04-25,Uttar Pradesh Excise Department||Joint Excise Commissioner Agra||Deputy Excise Commissioner Chitrakoot Dham||District Excise Officer Banda
2024_DEO8_902355_11,1415/VYAVASTHAPAN/2024-25 DT. 20-02-2024,TENDER FOR FORIGEN LIQUOR SHOP AT PALRA,,,,,,,,,,,,,,,,Uttar Pradesh Excise Department||Joint Excise Commissioner Agra||Deputy Excise Commissioner Chitrakoot Dham||District Excise Officer Banda,,,,,,"336,000",,2024-04-25,Uttar Pradesh Excise Department||Joint Excise Commissioner Agra||Deputy Excise Commissioner Chitrakoot Dham||District Excise Officer Banda
2024_DEO8_902355_10,1415/VYAVASTHAPAN/2024-25 DT. 20-02-2024,TENDER FOR FORIGEN LIQUOR SHOP AT ORAN NO. 2,,,,,,,,,,,,,,,,Uttar Pradesh Excise Department||Joint Excise Commissioner Agra||Deputy Excise Commissioner Chitrakoot Dham||District Excise Officer Banda,,,,,,"604,500",,2024-04-25,Uttar Pradesh Excise Department||Joint Excise Commissioner Agra||Deputy Excise Commissioner Chitrakoot Dham||District Excise Officer Banda
2024_DEO8_902355_3,1415/VYAVASTHAPAN/2024-25 DT. 20-02-2024,TENDER FOR COUNTRY LIQUOR SHOP AT MANOHARIGANJ,,,,,,,,,,,,,,,,Uttar Pradesh Excise Department||Joint Excise Commissioner Agra||Deputy Excise Commissioner Chitrakoot Dham||District Excise Officer Banda,,,,,,"78,840",,2024-04-25,Uttar Pradesh Excise Department||Joint Excise Commissioner Agra||Deputy Excise Commissioner Chitrakoot Dham||District Excise Officer Banda
2024_DEO8_902355_3,1415/VYAVASTHAPAN/2024-25 DT. 20-02-2024,TENDER FOR COUNTRY LIQUOR SHOP AT MANOHARIGANJ,,,,,,,,,,,,,,,,Uttar Pradesh Excise Department||Joint Excise Commissioner Agra||Deputy Excise Commissioner Chitrakoot Dham||District Excise Officer Banda,,,,,,"78,840",,2024-04-25,Uttar Pradesh Excise Department||Joint Excise Commissioner Agra||Deputy Excise Commissioner Chitrakoot Dham||District Excise Officer Banda
2024_DEO75_900390_1,685_4464_CL,CL SHOP-MATEHU (SHOP ID- 4464),,,,,,,,,,,,,,,,Uttar Pradesh Excise Department||Joint Excise Commissioner Varanasi||Deputy Excise Commissioner Varanasi||District Excise Officer Ghazipur,,,,,,"2,276,000",,2024-04-01,Uttar Pradesh Excise Department||Joint Excise Commissioner Varanasi||Deputy Excise Commissioner Varanasi||District Excise Officer Ghazipur
2024_DEO75_900505_1,685_5536_CL,CL SHOP-KASIMABAD SIDHAGAR RAOD (A),,,,,,,,,,,,,,,,Uttar Pradesh Excise Department||Joint Excise Commissioner Varanasi||Deputy Excise Commissioner Varanasi||District Excise Officer Ghazipur,,,,,,"1,763,000",,2024-04-01,Uttar Pradesh Excise Department||Joint Excise Commissioner Varanasi||Deputy Excise Commissioner Varanasi||District Excise Officer Ghazipur
2024_DEO75_900505_1,685_5536_CL,CL SHOP-KASIMABAD SIDHAGAR RAOD (A),,,,,,,,,,,,,,,,Uttar Pradesh Excise Department||Joint Excise Commissioner Varanasi||Deputy Excise Commissioner Varanasi||District Excise Officer Ghazipur,,,,,,"1,763,000",,2024-04-01,Uttar Pradesh Excise Department||Joint Excise Commissioner Varanasi||Deputy Excise Commissioner Varanasi||District Excise Officer Ghazipur
2024_DEO75_900526_1,685_33824_CL,CL SHOP-KASIMABAD SIDHAGAR RAOD (B),,,,,,,,,,,,,,,,Uttar Pradesh Excise Department||Joint Excise Commissioner Varanasi||Deputy Excise Commissioner Varanasi||District Excise Officer Ghazipur,,,,,,"1,602,000",,2024-04-01,Uttar Pradesh Excise Department||Joint Excise Commissioner Varanasi||Deputy Excise Commissioner Varanasi||District Excise Officer Ghazipur
2024_DEO73_901888_2,81/13/VYAVSTHAPAN/VARANASI,CL PREM NAGAR,,,,,,,,,,,,,,,,Uttar Pradesh Excise Department||Joint Excise Commissioner Varanasi||Deputy Excise Commissioner Varanasi||District Excise Officer Varanasi,,,,,,"135,382",,2024-04-01,Uttar Pradesh Excise Department||Joint Excise Commissioner Varanasi||Deputy Excise Commissioner Varanasi||District Excise Officer Varanasi
2024_DEO73_901888_3,81/13/VYAVSTHAPAN/VARANASI,CL NAKKHIGHAT-(A),,,,,,,,,,,,,,,,Uttar Pradesh Excise Department||Joint Excise Commissioner Varanasi||Deputy Excise Commissioner Varanasi||District Excise Officer Varanasi,,,,,,"208,403",,2024-04-01,Uttar Pradesh Excise Department||Joint Excise Commissioner Varanasi||Deputy Excise Commissioner Varanasi||District Excise Officer Varanasi
2024_DEO73_901888_5,81/13/VYAVSTHAPAN/VARANASI,CL BHATTHI,,,,,,,,,,,,,,,,Uttar Pradesh Excise Department||Joint Excise Commissioner Varanasi||Deputy Excise Commissioner Varanasi||District Excise Officer Varanasi,,,,,,"159,498",,2024-04-01,Uttar Pradesh Excise Department||Joint Excise Commissioner Varanasi||Deputy Excise Commissioner Varanasi||District Excise Officer Varanasi
2024_DEO73_901888_5,81/13/VYAVSTHAPAN/VARANASI,CL BHATTHI,,,,,,,,,,,,,,,,Uttar Pradesh Excise Department||Joint Excise Commissioner Varanasi||Deputy Excise Commissioner Varanasi||District Excise Officer Varanasi,,,,,,"159,498",,2024-04-01,Uttar Pradesh Excise Department||Joint Excise Commissioner Varanasi||Deputy Excise Commissioner Varanasi||District Excise Officer Varanasi
2024_DEO73_901888_6,81/13/VYAVSTHAPAN/VARANASI,FL BULANALA,,,,,,,,,,,,,,,,Uttar Pradesh Excise Department||Joint Excise Commissioner Varanasi||Deputy Excise Commissioner Varanasi||District Excise Officer Varanasi,,,,,,"564,400",,2024-04-01,Uttar Pradesh Excise Department||Joint Excise Commissioner Varanasi||Deputy Excise Commissioner Varanasi||District Excise Officer Varanasi
2024_DEO73_901888_7,81/13/VYAVSTHAPAN/VARANASI,FL MALDAHIYA,,,,,,,,,,,,,,,,Uttar Pradesh Excise Department||Joint Excise Commissioner Varanasi||Deputy Excise Commissioner Varanasi||District Excise Officer Varanasi,,,,,,"393,200",,2024-04-01,Uttar Pradesh Excise Department||Joint Excise Commissioner Varanasi||Deputy Excise Commissioner Varanasi||District Excise Officer Varanasi
2024_DEO73_901888_9,81/13/VYAVSTHAPAN/VARANASI,BS DHAUKALGANJ,,,,,,,,,,,,,,,,Uttar Pradesh Excise Department||Joint Excise Commissioner Varanasi||Deputy Excise Commissioner Varanasi||District Excise Officer Varanasi,,,,,,"20,672",,2024-04-01,Uttar Pradesh Excise Department||Joint Excise Commissioner Varanasi||Deputy Excise Commissioner Varanasi||District Excise Officer Varanasi
2024_DEO74_902323_1,1423 VYASTHAPAN ETENDER CHANDAULI,Fl shop name - Rampur Machiya kala Shop,,,,,,,,,,,,,,,,Uttar Pradesh Excise Department||Joint Excise Commissioner Varanasi||Deputy Excise Commissioner Varanasi||District Excise Officer Chandauli,,,,,,"1,223,850",,2024-04-01,Uttar Pradesh Excise Department||Joint Excise Commissioner Varanasi||Deputy Excise Commissioner Varanasi||District Excise Officer Chandauli
2024_DEO74_902338_1,1423/VYASTHAPAN ETENDER CHANDAULI,MS shop name- Naubatpur Shop,,,,,,,,,,,,,,,,Uttar Pradesh Excise Department||Joint Excise Commissioner Varanasi||Deputy Excise Commissioner Varanasi||District Excise Officer Chandauli,,,,,,"8,718,750",,2024-04-01,Uttar Pradesh Excise Department||Joint Excise Commissioner Varanasi||Deputy Excise Commissioner Varanasi||District Excise Officer Chandauli
2024_DEO75_900390_1,685_4464_CL,CL SHOP-MATEHU (SHOP ID- 4464),,,,,,,,,,,,,,,,Uttar Pradesh Excise Department||Joint Excise Commissioner Varanasi||Deputy Excise Commissioner Varanasi||District Excise Officer Ghazipur,,,,,,"2,276,000",,2024-04-01,Uttar Pradesh Excise Department||Joint Excise Commissioner Varanasi||Deputy Excise Commissioner Varanasi||District Excise Officer Ghazipur
2024_DEO71_903088_1,219/19022024,CL SHOP,,,,,,,,,,,,,,,,Uttar Pradesh Excise Department||Joint Excise Commissioner Varanasi||Deputy Excise Commissioner Mirzapur||District Excise Officer Sant Ravidas Nagar,,,,,,"38,881",,2024-04-01,Uttar Pradesh Excise Department||Joint Excise Commissioner Varanasi||Deputy Excise Commissioner Mirzapur||District Excise Officer Sant Ravidas Nagar
2024_DEO71_903088_1,219/19022024,CL SHOP,,,,,,,,,,,,,,,,Uttar Pradesh Excise Department||Joint Excise Commissioner Varanasi||Deputy Excise Commissioner Mirzapur||District Excise Officer Sant Ravidas Nagar,,,,,,"38,881",,2024-04-01,Uttar Pradesh Excise Department||Joint Excise Commissioner Varanasi||Deputy Excise Commissioner Mirzapur||District Excise Officer Sant Ravidas Nagar
2024_DEO71_903100_1,219/19022024,CL SHOP,,,,,,,,,,,,,,,,Uttar Pradesh Excise Department||Joint Excise Commissioner Varanasi||Deputy Excise Commissioner Mirzapur||District Excise Officer Sant Ravidas Nagar,,,,,,"39,000",,2024-04-01,Uttar Pradesh Excise Department||Joint Excise Commissioner Varanasi||Deputy Excise Commissioner Mirzapur||District Excise Officer Sant Ravidas Nagar
2024_DEO71_903112_1,219/19022024,CL SHOP KHAMRIYA NO. 2 MOHALLA DASHMI KI BARI B,,,,,,,,,,,,,,,,Uttar Pradesh Excise Department||Joint Excise Commissioner Varanasi||Deputy Excise Commissioner Mirzapur||District Excise Officer Sant Ravidas Nagar,,,,,,"22,638",,2024-04-01,Uttar Pradesh Excise Department||Joint Excise Commissioner Varanasi||Deputy Excise Commissioner Mirzapur||District Excise Officer Sant Ravidas Nagar
2024_DEO71_903117_1,219/19022024,CL SHOP KAIYARMAU,,,,,,,,,,,,,,,,Uttar Pradesh Excise Department||Joint Excise Commissioner Varanasi||Deputy Excise Commissioner Mirzapur||District Excise Officer Sant Ravidas Nagar,,,,,,"19,101",,2024-04-01,Uttar Pradesh Excise Department||Joint Excise Commissioner Varanasi||Deputy Excise Commissioner Mirzapur||District Excise Officer Sant Ravidas Nagar
2024_DEO71_903135_1,219/19022024,FL SHOP BHADOHI ST ROAD RAILWAY ST SE GAZIYA PHATAK TAK,,,,,,,,,,,,,,,,Uttar Pradesh Excise Department||Joint Excise Commissioner Varanasi||Deputy Excise Commissioner Mirzapur||District Excise Officer Sant Ravidas Nagar,,,,,,"1,375,000",,2024-04-01,Uttar Pradesh Excise Department||Joint Excise Commissioner Varanasi||Deputy Excise Commissioner Mirzapur||District Excise Officer Sant Ravidas Nagar
2024_DEO72_901346_1,238/3Date-19-2-2024,CL SABJI MANDI RENUKOOT,,,,,,,,,,,,,,,,Uttar Pradesh Excise Department||Joint Excise Commissioner Varanasi||Deputy Excise Commissioner Mirzapur||District Excise Officer Sonebhadra,,,,,,"36,000",,2024-04-23,Uttar Pradesh Excise Department||Joint Excise Commissioner Varanasi||Deputy Excise Commissioner Mirzapur||District Excise Officer Sonebhadra
2024_DEO72_901408_1,238/3Date-19-2-2024,FL RENUSAGAR,,,,,,,,,,,,,,,,Uttar Pradesh Excise Department||Joint Excise Commissioner Varanasi||Deputy Excise Commissioner Mirzapur||District Excise Officer Sonebhadra,,,,,,"1,855,000",,2024-04-23,Uttar Pradesh Excise Department||Joint Excise Commissioner Varanasi||Deputy Excise Commissioner Mirzapur||District Excise Officer Sonebhadra
2024_DEO72_901408_1,238/3Date-19-2-2024,FL RENUSAGAR,,,,,,,,,,,,,,,,Uttar Pradesh Excise Department||Joint Excise Commissioner Varanasi||Deputy Excise Commissioner Mirzapur||District Excise Officer Sonebhadra,,,,,,"1,855,000",,2024-04-23,Uttar Pradesh Excise Department||Joint Excise Commissioner Varanasi||Deputy Excise Commissioner Mirzapur||District Excise Officer Sonebhadra
2024_DEO73_901888_1,81/13/VYAVSTHAPAN/VARANASI,CL PAYAGPUR CHAURAHA BIRAPATTI THANA BADAGAON,,,,,,,,,,,,,,,,Uttar Pradesh Excise Department||Joint Excise Commissioner Varanasi||Deputy Excise Commissioner Varanasi||District Excise Officer Varanasi,,,,,,"36,342",,2024-04-01,Uttar Pradesh Excise Department||Joint Excise Commissioner Varanasi||Deputy Excise Commissioner Varanasi||District Excise Officer Varanasi
2024_DEO60_902040_3,2024-25,CL-SAMIPUR GADIJAFARA ROAD SHOP ID 7066,,,,,,,,,,,,,,,,Uttar Pradesh Excise Department||Joint Excise Commissioner Meerut||Deputy Excise Commissioner Moradabad||District Excise Officer Bijnor,,,,,,"60,111",,2024-04-10,Uttar Pradesh Excise Department||Joint Excise Commissioner Meerut||Deputy Excise Commissioner Moradabad||District Excise Officer Bijnor
2024_DEO60_902040_4,2024-25,CL-SEOHARA NO 04 RAMLILA GROUND MORADABAD ROAD SHOP ID 6368,,,,,,,,,,,,,,,,Uttar Pradesh Excise Department||Joint Excise Commissioner Meerut||Deputy Excise Commissioner Moradabad||District Excise Officer Bijnor,,,,,,"158,125",,2024-04-10,Uttar Pradesh Excise Department||Joint Excise Commissioner Meerut||Deputy Excise Commissioner Moradabad||District Excise Officer Bijnor
2024_DEO60_902040_6,2024-25,CL-CHANDPUR NO 2(NR SATO IMLI CHAURAHA SHOP ID 6691,,,,,,,,,,,,,,,,Uttar Pradesh Excise Department||Joint Excise Commissioner Meerut||Deputy Excise Commissioner Moradabad||District Excise Officer Bijnor,,,,,,"216,760",,2024-04-10,Uttar Pradesh Excise Department||Joint Excise Commissioner Meerut||Deputy Excise Commissioner Moradabad||District Excise Officer Bijnor
2024_DEO61_903041_1,2432/Moradabad gate Chandausi/2024/excise,Tender for Foreign Liquer shop Moradabad gate Chandausi (9672),,,,,,,,,,,,,,,,Uttar Pradesh Excise Department||Joint Excise Commissioner Meerut||Deputy Excise Commissioner Moradabad||District Excise Officer Sambhal,,,,,,"8,880,000",,2024-04-01,Uttar Pradesh Excise Department||Joint Excise Commissioner Meerut||Deputy Excise Commissioner Moradabad||District Excise Officer Sambhal
2024_DEO61_903064_1,2432/Azad Road Chandausi/2024/excise,Tender for Foreign Liquer shop Azad Road Chandausi (9687),,,,,,,,,,,,,,,,Uttar Pradesh Excise Department||Joint Excise Commissioner Meerut||Deputy Excise Commissioner Moradabad||District Excise Officer Sambhal,,,,,,"4,965,000",,2024-04-01,Uttar Pradesh Excise Department||Joint Excise Commissioner Meerut||Deputy Excise Commissioner Moradabad||District Excise Officer Sambhal
2024_DEO58_902496_1,4225/Sitapuri/2024/excise,Tender for Country Liquer shop Sitapuri (8177),,,,,,,,,,,,,,,,Uttar Pradesh Excise Department||Joint Excise Commissioner Meerut||Deputy Excise Commissioner Moradabad||District Excise Officer Moradabad,,,,,,"216,420",,2024-04-01,Uttar Pradesh Excise Department||Joint Excise Commissioner Meerut||Deputy Excise Commissioner Moradabad||District Excise Officer Moradabad
2024_DEO58_902496_1,4225/Sitapuri/2024/excise,Tender for Country Liquer shop Sitapuri (8177),,,,,,,,,,,,,,,,Uttar Pradesh Excise Department||Joint Excise Commissioner Meerut||Deputy Excise Commissioner Moradabad||District Excise Officer Moradabad,,,,,,"216,420",,2024-04-01,Uttar Pradesh Excise Department||Joint Excise Commissioner Meerut||Deputy Excise Commissioner Moradabad||District Excise Officer Moradabad
2024_DEO58_902499_1,4225/Deewan ka bazar/2024/excise,Tender for Country Liquer shop Deewan ka bazar (17101),,,,,,,,,,,,,,,,Uttar Pradesh Excise Department||Joint Excise Commissioner Meerut||Deputy Excise Commissioner Moradabad||District Excise Officer Moradabad,,,,,,"170,004",,2024-04-01,Uttar Pradesh Excise Department||Joint Excise Commissioner Meerut||Deputy Excise Commissioner Moradabad||District Excise Officer Moradabad
2024_DEO60_902040_1,2024-25,CL-HALDAUR NO 2(NR RAIWAY CROSSING) shop id- 6287,,,,,,,,,,,,,,,,Uttar Pradesh Excise Department||Joint Excise Commissioner Meerut||Deputy Excise Commissioner Moradabad||District Excise Officer Bijnor,,,,,,"144,576",,2024-04-10,Uttar Pradesh Excise Department||Joint Excise Commissioner Meerut||Deputy Excise Commissioner Moradabad||District Excise Officer Bijnor
2024_DEO60_902040_1,2024-25,CL-HALDAUR NO 2(NR RAIWAY CROSSING) shop id- 6287,,,,,,,,,,,,,,,,Uttar Pradesh Excise Department||Joint Excise Commissioner Meerut||Deputy Excise Commissioner Moradabad||District Excise Officer Bijnor,,,,,,"144,576",,2024-04-10,Uttar Pradesh Excise Department||Joint Excise Commissioner Meerut||Deputy Excise Commissioner Moradabad||District Excise Officer Bijnor
2024_DEO56_901331_1,CL 04/238/1 2024 Govindpur,CL 004 Govindpur,,,,,,,,,,,,,,,,Uttar Pradesh Excise Department||Joint Excise Commissioner Meerut||Deputy Excise Commissioner Meerut||District Excise Officer Bulandshahar,,,,,,"60,666.66",,2024-04-01,Uttar Pradesh Excise Department||Joint Excise Commissioner Meerut||Deputy Excise Commissioner Meerut||District Excise Officer Bulandshahar
2024_DEO56_901331_1,CL 04/238/1 2024 Govindpur,CL 004 Govindpur,,,,,,,,,,,,,,,,Uttar Pradesh Excise Department||Joint Excise Commissioner Meerut||Deputy Excise Commissioner Meerut||District Excise Officer Bulandshahar,,,,,,"60,666.66",,2024-04-01,Uttar Pradesh Excise Department||Joint Excise Commissioner Meerut||Deputy Excise Commissioner Meerut||District Excise Officer Bulandshahar
2024_DEO56_901331_1,CL 04/238/1 2024 Govindpur,CL 004 Govindpur,,,,,,,,,,,,,,,,Uttar Pradesh Excise Department||Joint Excise Commissioner Meerut||Deputy Excise Commissioner Meerut||District Excise Officer Bulandshahar,,,,,,"60,666.66",,2024-04-01,Uttar Pradesh Excise Department||Joint Excise Commissioner Meerut||Deputy Excise Commissioner Meerut||District Excise Officer Bulandshahar
2024_DEO56_901350_1,CL 05/238/1 2024 Husainpura,CL 05 Husainpura,,,,,,,,,,,,,,,,Uttar Pradesh Excise Department||Joint Excise Commissioner Meerut||Deputy Excise Commissioner Meerut||District Excise Officer Bulandshahar,,,,,,"28,802",,2024-04-01,Uttar Pradesh Excise Department||Joint Excise Commissioner Meerut||Deputy Excise Commissioner Meerut||District Excise Officer Bulandshahar
2024_DEO56_901367_1,CL 06/238/1 2024 Syana 1A,CL 06 Syana 1A,,,,,,,,,,,,,,,,Uttar Pradesh Excise Department||Joint Excise Commissioner Meerut||Deputy Excise Commissioner Meerut||District Excise Officer Bulandshahar,,,,,,"183,420",,2024-04-01,Uttar Pradesh Excise Department||Joint Excise Commissioner Meerut||Deputy Excise Commissioner Meerut||District Excise Officer Bulandshahar
2024_DEO56_901451_1,FL 01/238/1 2024 Sanauta,FL Shop Sanauta,,,,,,,,,,,,,,,,Uttar Pradesh Excise Department||Joint Excise Commissioner Meerut||Deputy Excise Commissioner Meerut||District Excise Officer Bulandshahar,,,,,,"1,400,000",,2024-04-01,Uttar Pradesh Excise Department||Joint Excise Commissioner Meerut||Deputy Excise Commissioner Meerut||District Excise Officer Bulandshahar
2024_DEO56_901463_1,Bhang 02/238/1 2024 Muni Araniya,Bhang 02 Araniya,,,,,,,,,,,,,,,,Uttar Pradesh Excise Department||Joint Excise Commissioner Meerut||Deputy Excise Commissioner Meerut||District Excise Officer Bulandshahar,,,,,,"205,000",,2024-04-01,Uttar Pradesh Excise Department||Joint Excise Commissioner Meerut||Deputy Excise Commissioner Meerut||District Excise Officer Bulandshahar
2024_DEO58_902491_1,4225/Jigar colony/2024/excise,Tender for Foreign Liquer shop Jigar colony (19596),,,,,,,,,,,,,,,,Uttar Pradesh Excise Department||Joint Excise Commissioner Meerut||Deputy Excise Commissioner Moradabad||District Excise Officer Moradabad,,,,,,"3,550,000",,2024-04-01,Uttar Pradesh Excise Department||Joint Excise Commissioner Meerut||Deputy Excise Commissioner Moradabad||District Excise Officer Moradabad
2024_DEO51_902218_1,DEO_2024_5,FL SHOP TURKMAN NAGAR,,,,,,,,,,,,,,,,Uttar Pradesh Excise Department||Joint Excise Commissioner Lucknow||Deputy Excise Commissioner Lucknow||District Excise Officer Unnao,,,,,,"3,005,000",,2024-04-01,Uttar Pradesh Excise Department||Joint Excise Commissioner Lucknow||Deputy Excise Commissioner Lucknow||District Excise Officer Unnao
2024_DEO51_902218_1,DEO_2024_5,FL SHOP TURKMAN NAGAR,,,,,,,,,,,,,,,,Uttar Pradesh Excise Department||Joint Excise Commissioner Lucknow||Deputy Excise Commissioner Lucknow||District Excise Officer Unnao,,,,,,"3,005,000",,2024-04-01,Uttar Pradesh Excise Department||Joint Excise Commissioner Lucknow||Deputy Excise Commissioner Lucknow||District Excise Officer Unnao
2024_DEO51_902218_1,DEO_2024_5,FL SHOP TURKMAN NAGAR,,,,,,,,,,,,,,,,Uttar Pradesh Excise Department||Joint Excise Commissioner Lucknow||Deputy Excise Commissioner Lucknow||District Excise Officer Unnao,,,,,,"3,005,000",,2024-04-01,Uttar Pradesh Excise Department||Joint Excise Commissioner Lucknow||Deputy Excise Commissioner Lucknow||District Excise Officer Unnao
2024_DEO51_902254_1,DEO_2024_6,BHANG SHOP BEEGHAPUR ROAD,,,,,,,,,,,,,,,,Uttar Pradesh Excise Department||Joint Excise Commissioner Lucknow||Deputy Excise Commissioner Lucknow||District Excise Officer Unnao,,,,,,"258,000",,2024-04-01,Uttar Pradesh Excise Department||Joint Excise Commissioner Lucknow||Deputy Excise Commissioner Lucknow||District Excise Officer Unnao
2024_DEO52_900846_4,312/ABKARI/ANNUAL STLLEMENT/2024-25,FOREIGN LIQUOR SHOP,,,,,,,,,,,,,,,,Uttar Pradesh Excise Department||Joint Excise Commissioner Meerut||Deputy Excise Commissioner Meerut||District Excise Officer Meerut,,,,,,"4,665,000",,2024-04-01,Uttar Pradesh Excise Department||Joint Excise Commissioner Meerut||Deputy Excise Commissioner Meerut||District Excise Officer Meerut
2024_DEO52_900846_4,312/ABKARI/ANNUAL STLLEMENT/2024-25,FOREIGN LIQUOR SHOP,,,,,,,,,,,,,,,,Uttar Pradesh Excise Department||Joint Excise Commissioner Meerut||Deputy Excise Commissioner Meerut||District Excise Officer Meerut,,,,,,"4,665,000",,2024-04-01,Uttar Pradesh Excise Department||Joint Excise Commissioner Meerut||Deputy Excise Commissioner Meerut||District Excise Officer Meerut
2024_DEO52_900846_5,312/ABKARI/ANNUAL STLLEMENT/2024-25,FOREIGN LIQUOR SHOP,,,,,,,,,,,,,,,,Uttar Pradesh Excise Department||Joint Excise Commissioner Meerut||Deputy Excise Commissioner Meerut||District Excise Officer Meerut,,,,,,"305,000",,2024-04-01,Uttar Pradesh Excise Department||Joint Excise Commissioner Meerut||Deputy Excise Commissioner Meerut||District Excise Officer Meerut
2024_DEO52_900846_6,312/ABKARI/ANNUAL STLLEMENT/2024-25,FOREIGN LIQUOR SHOP,,,,,,,,,,,,,,,,Uttar Pradesh Excise Department||Joint Excise Commissioner Meerut||Deputy Excise Commissioner Meerut||District Excise Officer Meerut,,,,,,"3,690,000",,2024-04-01,Uttar Pradesh Excise Department||Joint Excise Commissioner Meerut||Deputy Excise Commissioner Meerut||District Excise Officer Meerut
2024_DEO52_900846_7,312/ABKARI/ANNUAL STLLEMENT/2024-25,FOREIGN LIQUOR SHOP,,,,,,,,,,,,,,,,Uttar Pradesh Excise Department||Joint Excise Commissioner Meerut||Deputy Excise Commissioner Meerut||District Excise Officer Meerut,,,,,,"605,000",,2024-04-01,Uttar Pradesh Excise Department||Joint Excise Commissioner Meerut||Deputy Excise Commissioner Meerut||District Excise Officer Meerut
2024_DEO4_902903_1,4616(10)/DEO/AL/ETENDER/24-25,PATTHAR BAZAR BEER,,,,,,,,,,,,,,,,Uttar Pradesh Excise Department||Joint Excise Commissioner Agra||Deputy Excise Commissioner Aligarh||District Excise Officer Aligarh,,,,,,"1,220,000",,2024-04-01,Uttar Pradesh Excise Department||Joint Excise Commissioner Agra||Deputy Excise Commissioner Aligarh||District Excise Officer Aligarh
2024_DEO4_902903_1,4616(10)/DEO/AL/ETENDER/24-25,PATTHAR BAZAR BEER,,,,,,,,,,,,,,,,Uttar Pradesh Excise Department||Joint Excise Commissioner Agra||Deputy Excise Commissioner Aligarh||District Excise Officer Aligarh,,,,,,"1,220,000",,2024-04-01,Uttar Pradesh Excise Department||Joint Excise Commissioner Agra||Deputy Excise Commissioner Aligarh||District Excise Officer Aligarh
2024_DEO51_902068_1,DEO_2024_1,CL Shop Malpur Gramsabha Bahurajmau,,,,,,,,,,,,,,,,Uttar Pradesh Excise Department||Joint Excise Commissioner Lucknow||Deputy Excise Commissioner Lucknow||District Excise Officer Unnao,,,,,,"30,036",,2024-04-01,Uttar Pradesh Excise Department||Joint Excise Commissioner Lucknow||Deputy Excise Commissioner Lucknow||District Excise Officer Unnao
2024_DEO51_902218_1,DEO_2024_5,FL SHOP TURKMAN NAGAR,,,,,,,,,,,,,,,,Uttar Pradesh Excise Department||Joint Excise Commissioner Lucknow||Deputy Excise Commissioner Lucknow||District Excise Officer Unnao,,,,,,"3,005,000",,2024-04-01,Uttar Pradesh Excise Department||Joint Excise Commissioner Lucknow||Deputy Excise Commissioner Lucknow||District Excise Officer Unnao
2024_DEO48_901783_1,471/date19-02-2024,FL- KHERI TOWN,,,,,,,,,,,,,,,,Uttar Pradesh Excise Department||Joint Excise Commissioner Lucknow||Deputy Excise Commissioner Lucknow||District Excise Officer Lakhimpur Kheri,,,,,,"1,000,000",,2024-04-01,Uttar Pradesh Excise Department||Joint Excise Commissioner Lucknow||Deputy Excise Commissioner Lucknow||District Excise Officer Lakhimpur Kheri
2024_DEO48_901783_1,471/date19-02-2024,FL- KHERI TOWN,,,,,,,,,,,,,,,,Uttar Pradesh Excise Department||Joint Excise Commissioner Lucknow||Deputy Excise Commissioner Lucknow||District Excise Officer Lakhimpur Kheri,,,,,,"1,000,000",,2024-04-01,Uttar Pradesh Excise Department||Joint Excise Commissioner Lucknow||Deputy Excise Commissioner Lucknow||District Excise Officer Lakhimpur Kheri
2024_DEO48_901817_1,471/date19-02-2024,FL- NARDAWAPURWA (FARDHAN),,,,,,,,,,,,,,,,Uttar Pradesh Excise Department||Joint Excise Commissioner Lucknow||Deputy Excise Commissioner Lucknow||District Excise Officer Lakhimpur Kheri,,,,,,"585,000",,2024-04-01,Uttar Pradesh Excise Department||Joint Excise Commissioner Lucknow||Deputy Excise Commissioner Lucknow||District Excise Officer Lakhimpur Kheri
2024_DEO48_901871_1,471/date19-02-2024,FL-AMEERNAGAR,,,,,,,,,,,,,,,,Uttar Pradesh Excise Department||Joint Excise Commissioner Lucknow||Deputy Excise Commissioner Lucknow||District Excise Officer Lakhimpur Kheri,,,,,,"640,000",,2024-04-01,Uttar Pradesh Excise Department||Joint Excise Commissioner Lucknow||Deputy Excise Commissioner Lucknow||District Excise Officer Lakhimpur Kheri
2024_DEO48_901871_1,471/date19-02-2024,FL-AMEERNAGAR,,,,,,,,,,,,,,,,Uttar Pradesh Excise Department||Joint Excise Commissioner Lucknow||Deputy Excise Commissioner Lucknow||District Excise Officer Lakhimpur Kheri,,,,,,"640,000",,2024-04-01,Uttar Pradesh Excise Department||Joint Excise Commissioner Lucknow||Deputy Excise Commissioner Lucknow||District Excise Officer Lakhimpur Kheri
2024_DEO4_902819_1,4616(2)/DEO/AL/ETENDER/24-25,AELAMPUR-(B)  MS,,,,,,,,,,,,,,,,Uttar Pradesh Excise Department||Joint Excise Commissioner Agra||Deputy Excise Commissioner Aligarh||District Excise Officer Aligarh,,,,,,"5,253,786",,2024-04-01,Uttar Pradesh Excise Department||Joint Excise Commissioner Agra||Deputy Excise Commissioner Aligarh||District Excise Officer Aligarh
2024_DEO4_902829_1,4616(3)/DEO/AL/ETENDER/24-25,GOMAT MS,,,,,,,,,,,,,,,,Uttar Pradesh Excise Department||Joint Excise Commissioner Agra||Deputy Excise Commissioner Aligarh||District Excise Officer Aligarh,,,,,,"3,365,000",,2024-04-01,Uttar Pradesh Excise Department||Joint Excise Commissioner Agra||Deputy Excise Commissioner Aligarh||District Excise Officer Aligarh
2024_DEO4_902860_1,4616(6)/DEO/AL/ETENDER/24-25,RAMGHAT ROAD NO 2 A,,,,,,,,,,,,,,,,Uttar Pradesh Excise Department||Joint Excise Commissioner Agra||Deputy Excise Commissioner Aligarh||District Excise Officer Aligarh,,,,,,"3,660,000",,2024-04-01,Uttar Pradesh Excise Department||Joint Excise Commissioner Agra||Deputy Excise Commissioner Aligarh||District Excise Officer Aligarh
2024_DEO4_902860_1,4616(6)/DEO/AL/ETENDER/24-25,RAMGHAT ROAD NO 2 A,,,,,,,,,,,,,,,,Uttar Pradesh Excise Department||Joint Excise Commissioner Agra||Deputy Excise Commissioner Aligarh||District Excise Officer Aligarh,,,,,,"3,660,000",,2024-04-01,Uttar Pradesh Excise Department||Joint Excise Commissioner Agra||Deputy Excise Commissioner Aligarh||District Excise Officer Aligarh
2024_DEO4_902903_1,4616(10)/DEO/AL/ETENDER/24-25,PATTHAR BAZAR BEER,,,,,,,,,,,,,,,,Uttar Pradesh Excise Department||Joint Excise Commissioner Agra||Deputy Excise Commissioner Aligarh||District Excise Officer Aligarh,,,,,,"1,220,000",,2024-04-01,Uttar Pradesh Excise Department||Joint Excise Commissioner Agra||Deputy Excise Commissioner Aligarh||District Excise Officer Aligarh
2024_DEO47_901103_12,1st tender/252(11)/19.02.2024,( 12724) BADAGAON-Foreign Liquor Circle - 7,,,,,,,,,,,,,,,,Uttar Pradesh Excise Department||Joint Excise Commissioner Lucknow||Deputy Excise Commissioner Lucknow||District Excise Officer Sitapur,,,,,,"951,000",,2024-04-01,Uttar Pradesh Excise Department||Joint Excise Commissioner Lucknow||Deputy Excise Commissioner Lucknow||District Excise Officer Sitapur
2024_DEO47_901103_13,1st tender/252(11)/19.02.2024,( 4795) SWAROOPNAGAR-Country Liquor Circle - 1,,,,,,,,,,,,,,,,Uttar Pradesh Excise Department||Joint Excise Commissioner Lucknow||Deputy Excise Commissioner Lucknow||District Excise Officer Sitapur,,,,,,"2,249,000",,2024-04-01,Uttar Pradesh Excise Department||Joint Excise Commissioner Lucknow||Deputy Excise Commissioner Lucknow||District Excise Officer Sitapur
2024_DEO47_901103_14,1st tender/252(11)/19.02.2024,( 6696) DURGAPURWA-Country Liquor Circle - 1,,,,,,,,,,,,,,,,Uttar Pradesh Excise Department||Joint Excise Commissioner Lucknow||Deputy Excise Commissioner Lucknow||District Excise Officer Sitapur,,,,,,"588,000",,2024-04-01,Uttar Pradesh Excise Department||Joint Excise Commissioner Lucknow||Deputy Excise Commissioner Lucknow||District Excise Officer Sitapur
2024_DEO47_901103_3,1st tender/252(11)/19.02.2024,( 15029) LALBAGH-Model Shop Circle - 1,,,,,,,,,,,,,,,,Uttar Pradesh Excise Department||Joint Excise Commissioner Lucknow||Deputy Excise Commissioner Lucknow||District Excise Officer Sitapur,,,,,,"4,001,000",,2024-04-01,Uttar Pradesh Excise Department||Joint Excise Commissioner Lucknow||Deputy Excise Commissioner Lucknow||District Excise Officer Sitapur
2024_DEO47_901103_4,1st tender/252(11)/19.02.2024,( 12351) ROADWAYS BUS STOP (VIJAY LAXMI NAGAR)-Foreign Liquor Circle - 1,,,,,,,,,,,,,,,,Uttar Pradesh Excise Department||Joint Excise Commissioner Lucknow||Deputy Excise Commissioner Lucknow||District Excise Officer Sitapur,,,,,,"1,824,999",,2024-04-01,Uttar Pradesh Excise Department||Joint Excise Commissioner Lucknow||Deputy Excise Commissioner Lucknow||District Excise Officer Sitapur
2024_DEO47_901103_9,1st tender/252(11)/19.02.2024,( 14428) KUTUBNAGAR-Foreign Liquor Circle - 4,,,,,,,,,,,,,,,,Uttar Pradesh Excise Department||Joint Excise Commissioner Lucknow||Deputy Excise Commissioner Lucknow||District Excise Officer Sitapur,,,,,,"570,000",,2024-04-01,Uttar Pradesh Excise Department||Joint Excise Commissioner Lucknow||Deputy Excise Commissioner Lucknow||District Excise Officer Sitapur
2024_DEO47_901103_9,1st tender/252(11)/19.02.2024,( 14428) KUTUBNAGAR-Foreign Liquor Circle - 4,,,,,,,,,,,,,,,,Uttar Pradesh Excise Department||Joint Excise Commissioner Lucknow||Deputy Excise Commissioner Lucknow||District Excise Officer Sitapur,,,,,,"570,000",,2024-04-01,Uttar Pradesh Excise Department||Joint Excise Commissioner Lucknow||Deputy Excise Commissioner Lucknow||District Excise Officer Sitapur
2024_DEO47_901103_9,1st tender/252(11)/19.02.2024,( 14428) KUTUBNAGAR-Foreign Liquor Circle - 4,,,,,,,,,,,,,,,,Uttar Pradesh Excise Department||Joint Excise Commissioner Lucknow||Deputy Excise Commissioner Lucknow||District Excise Officer Sitapur,,,,,,"570,000",,2024-04-01,Uttar Pradesh Excise Department||Joint Excise Commissioner Lucknow||Deputy Excise Commissioner Lucknow||District Excise Officer Sitapur
2024_DEO47_901103_9,1st tender/252(11)/19.02.2024,( 14428) KUTUBNAGAR-Foreign Liquor Circle - 4,,,,,,,,,,,,,,,,Uttar Pradesh Excise Department||Joint Excise Commissioner Lucknow||Deputy Excise Commissioner Lucknow||District Excise Officer Sitapur,,,,,,"570,000",,2024-04-01,Uttar Pradesh Excise Department||Joint Excise Commissioner Lucknow||Deputy Excise Commissioner Lucknow||District Excise Officer Sitapur
2024_DEO48_901741_1,471/date19-02-2024,BEER- SETHGHAT ROAD LAKHIMPUR,,,,,,,,,,,,,,,,Uttar Pradesh Excise Department||Joint Excise Commissioner Lucknow||Deputy Excise Commissioner Lucknow||District Excise Officer Lakhimpur Kheri,,,,,,"330,000",,2024-04-01,Uttar Pradesh Excise Department||Joint Excise Commissioner Lucknow||Deputy Excise Commissioner Lucknow||District Excise Officer Lakhimpur Kheri
2024_DEO46_902435_1,3849/AliganjSecP/MS/2024,Model Shop,,,,,,,,,,,,,,,,Uttar Pradesh Excise Department||Joint Excise Commissioner Lucknow||Deputy Excise Commissioner Lucknow||District Excise Officer Lucknow,,,,,,"10,255,000",,2024-04-01,Uttar Pradesh Excise Department||Joint Excise Commissioner Lucknow||Deputy Excise Commissioner Lucknow||District Excise Officer Lucknow
2024_DEO46_902440_1,3849/Patrakarpuram/MS/2024,Model Shop,,,,,,,,,,,,,,,,Uttar Pradesh Excise Department||Joint Excise Commissioner Lucknow||Deputy Excise Commissioner Lucknow||District Excise Officer Lucknow,,,,,,"11,515,000",,2024-04-01,Uttar Pradesh Excise Department||Joint Excise Commissioner Lucknow||Deputy Excise Commissioner Lucknow||District Excise Officer Lucknow
2024_DEO46_902440_1,3849/Patrakarpuram/MS/2024,Model Shop,,,,,,,,,,,,,,,,Uttar Pradesh Excise Department||Joint Excise Commissioner Lucknow||Deputy Excise Commissioner Lucknow||District Excise Officer Lucknow,,,,,,"11,515,000",,2024-04-01,Uttar Pradesh Excise Department||Joint Excise Commissioner Lucknow||Deputy Excise Commissioner Lucknow||District Excise Officer Lucknow
2024_DEO46_902443_1,3849/Burlington Chauraha/MS/2024,Model Shop,,,,,,,,,,,,,,,,Uttar Pradesh Excise Department||Joint Excise Commissioner Lucknow||Deputy Excise Commissioner Lucknow||District Excise Officer Lucknow,,,,,,"7,070,000",,2024-04-01,Uttar Pradesh Excise Department||Joint Excise Commissioner Lucknow||Deputy Excise Commissioner Lucknow||District Excise Officer Lucknow
2024_DEO46_902444_1,3849/Alambagh/MS/2024,Model Shop,,,,,,,,,,,,,,,,Uttar Pradesh Excise Department||Joint Excise Commissioner Lucknow||Deputy Excise Commissioner Lucknow||District Excise Officer Lucknow,,,,,,"8,100,000",,2024-04-01,Uttar Pradesh Excise Department||Joint Excise Commissioner Lucknow||Deputy Excise Commissioner Lucknow||District Excise Officer Lucknow
2024_DEO46_902446_1,3849/GautamBuddhaMarg/MS/2024,Model Shop,,,,,,,,,,,,,,,,Uttar Pradesh Excise Department||Joint Excise Commissioner Lucknow||Deputy Excise Commissioner Lucknow||District Excise Officer Lucknow,,,,,,"5,580,000",,2024-04-01,Uttar Pradesh Excise Department||Joint Excise Commissioner Lucknow||Deputy Excise Commissioner Lucknow||District Excise Officer Lucknow
2024_DEO46_902448_1,3849/Chowk/MS/2024,Model Shop,,,,,,,,,,,,,,,,Uttar Pradesh Excise Department||Joint Excise Commissioner Lucknow||Deputy Excise Commissioner Lucknow||District Excise Officer Lucknow,,,,,,"4,230,000",,2024-04-01,Uttar Pradesh Excise Department||Joint Excise Commissioner Lucknow||Deputy Excise Commissioner Lucknow||District Excise Officer Lucknow
2024_DEO46_902450_1,3849/Talkatora/MS/2024,Model Shop,,,,,,,,,,,,,,,,Uttar Pradesh Excise Department||Joint Excise Commissioner Lucknow||Deputy Excise Commissioner Lucknow||District Excise Officer Lucknow,,,,,,"5,580,000",,2024-04-01,Uttar Pradesh Excise Department||Joint Excise Commissioner Lucknow||Deputy Excise Commissioner Lucknow||District Excise Officer Lucknow
2024_DEO46_902454_1,3849/Barabirwa/MS/2024,Model Shop,,,,,,,,,,,,,,,,Uttar Pradesh Excise Department||Joint Excise Commissioner Lucknow||Deputy Excise Commissioner Lucknow||District Excise Officer Lucknow,,,,,,"8,570,000",,2024-04-01,Uttar Pradesh Excise Department||Joint Excise Commissioner Lucknow||Deputy Excise Commissioner Lucknow||District Excise Officer Lucknow
2024_DEO47_901103_1,1st tender/252(11)/19.02.2024,ARYA NAGAR BEER SHOPS C1,,,,,,,,,,,,,,,,Uttar Pradesh Excise Department||Joint Excise Commissioner Lucknow||Deputy Excise Commissioner Lucknow||District Excise Officer Sitapur,,,,,,"551,511",,2024-04-01,Uttar Pradesh Excise Department||Joint Excise Commissioner Lucknow||Deputy Excise Commissioner Lucknow||District Excise Officer Sitapur
2024_DEO46_902386_1,3849/Rajajipuram/BS/2024,Bhang Shop,,,,,,,,,,,,,,,,Uttar Pradesh Excise Department||Joint Excise Commissioner Lucknow||Deputy Excise Commissioner Lucknow||District Excise Officer Lucknow,,,,,,"617,000",,2024-04-01,Uttar Pradesh Excise Department||Joint Excise Commissioner Lucknow||Deputy Excise Commissioner Lucknow||District Excise Officer Lucknow
2024_DEO46_902401_1,3849/Adarsh Nagar/FL/2024,Foreign Liquor Shop,,,,,,,,,,,,,,,,Uttar Pradesh Excise Department||Joint Excise Commissioner Lucknow||Deputy Excise Commissioner Lucknow||District Excise Officer Lucknow,,,,,,"3,910,000",,2024-04-01,Uttar Pradesh Excise Department||Joint Excise Commissioner Lucknow||Deputy Excise Commissioner Lucknow||District Excise Officer Lucknow
2024_DEO46_902401_1,3849/Adarsh Nagar/FL/2024,Foreign Liquor Shop,,,,,,,,,,,,,,,,Uttar Pradesh Excise Department||Joint Excise Commissioner Lucknow||Deputy Excise Commissioner Lucknow||District Excise Officer Lucknow,,,,,,"3,910,000",,2024-04-01,Uttar Pradesh Excise Department||Joint Excise Commissioner Lucknow||Deputy Excise Commissioner Lucknow||District Excise Officer Lucknow
2024_DEO46_902401_1,3849/Adarsh Nagar/FL/2024,Foreign Liquor Shop,,,,,,,,,,,,,,,,Uttar Pradesh Excise Department||Joint Excise Commissioner Lucknow||Deputy Excise Commissioner Lucknow||District Excise Officer Lucknow,,,,,,"3,910,000",,2024-04-01,Uttar Pradesh Excise Department||Joint Excise Commissioner Lucknow||Deputy Excise Commissioner Lucknow||District Excise Officer Lucknow
2024_DEO46_902401_1,3849/Adarsh Nagar/FL/2024,Foreign Liquor Shop,,,,,,,,,,,,,,,,Uttar Pradesh Excise Department||Joint Excise Commissioner Lucknow||Deputy Excise Commissioner Lucknow||District Excise Officer Lucknow,,,,,,"3,910,000",,2024-04-01,Uttar Pradesh Excise Department||Joint Excise Commissioner Lucknow||Deputy Excise Commissioner Lucknow||District Excise Officer Lucknow
2024_DEO46_902412_1,3849/BhikhapurwaMod/FL/2024,Foreign Liquor Shop,,,,,,,,,,,,,,,,Uttar Pradesh Excise Department||Joint Excise Commissioner Lucknow||Deputy Excise Commissioner Lucknow||District Excise Officer Lucknow,,,,,,"4,085,000",,2024-04-01,Uttar Pradesh Excise Department||Joint Excise Commissioner Lucknow||Deputy Excise Commissioner Lucknow||District Excise Officer Lucknow
2024_DEO46_902412_1,3849/BhikhapurwaMod/FL/2024,Foreign Liquor Shop,,,,,,,,,,,,,,,,Uttar Pradesh Excise Department||Joint Excise Commissioner Lucknow||Deputy Excise Commissioner Lucknow||District Excise Officer Lucknow,,,,,,"4,085,000",,2024-04-01,Uttar Pradesh Excise Department||Joint Excise Commissioner Lucknow||Deputy Excise Commissioner Lucknow||District Excise Officer Lucknow
2024_DEO46_902412_1,3849/BhikhapurwaMod/FL/2024,Foreign Liquor Shop,,,,,,,,,,,,,,,,Uttar Pradesh Excise Department||Joint Excise Commissioner Lucknow||Deputy Excise Commissioner Lucknow||District Excise Officer Lucknow,,,,,,"4,085,000",,2024-04-01,Uttar Pradesh Excise Department||Joint Excise Commissioner Lucknow||Deputy Excise Commissioner Lucknow||District Excise Officer Lucknow
2024_DEO46_902431_1,3849/Daliganj/MS/2024,Model Shop,,,,,,,,,,,,,,,,Uttar Pradesh Excise Department||Joint Excise Commissioner Lucknow||Deputy Excise Commissioner Lucknow||District Excise Officer Lucknow,,,,,,"10,550,000",,2024-04-01,Uttar Pradesh Excise Department||Joint Excise Commissioner Lucknow||Deputy Excise Commissioner Lucknow||District Excise Officer Lucknow
2024_DEO46_902434_1,3849/Kapoorthala/MS/2024,Model Shop,,,,,,,,,,,,,,,,Uttar Pradesh Excise Department||Joint Excise Commissioner Lucknow||Deputy Excise Commissioner Lucknow||District Excise Officer Lucknow,,,,,,"4,531,000",,2024-04-01,Uttar Pradesh Excise Department||Joint Excise Commissioner Lucknow||Deputy Excise Commissioner Lucknow||District Excise Officer Lucknow
2024_DEO46_902259_1,3849/RajajipuramNo1/CL/2024,Country Liquor Shop,,,,,,,,,,,,,,,,Uttar Pradesh Excise Department||Joint Excise Commissioner Lucknow||Deputy Excise Commissioner Lucknow||District Excise Officer Lucknow,,,,,,"117,981",,2024-04-01,Uttar Pradesh Excise Department||Joint Excise Commissioner Lucknow||Deputy Excise Commissioner Lucknow||District Excise Officer Lucknow
2024_DEO46_902259_1,3849/RajajipuramNo1/CL/2024,Country Liquor Shop,,,,,,,,,,,,,,,,Uttar Pradesh Excise Department||Joint Excise Commissioner Lucknow||Deputy Excise Commissioner Lucknow||District Excise Officer Lucknow,,,,,,"117,981",,2024-04-01,Uttar Pradesh Excise Department||Joint Excise Commissioner Lucknow||Deputy Excise Commissioner Lucknow||District Excise Officer Lucknow
2024_DEO46_902312_1,3849/AishbaghNo3/CL/2024,Country Liquor Shop,,,,,,,,,,,,,,,,Uttar Pradesh Excise Department||Joint Excise Commissioner Lucknow||Deputy Excise Commissioner Lucknow||District Excise Officer Lucknow,,,,,,"122,500",,2024-04-01,Uttar Pradesh Excise Department||Joint Excise Commissioner Lucknow||Deputy Excise Commissioner Lucknow||District Excise Officer Lucknow
2024_DEO46_902312_1,3849/AishbaghNo3/CL/2024,Country Liquor Shop,,,,,,,,,,,,,,,,Uttar Pradesh Excise Department||Joint Excise Commissioner Lucknow||Deputy Excise Commissioner Lucknow||District Excise Officer Lucknow,,,,,,"122,500",,2024-04-01,Uttar Pradesh Excise Department||Joint Excise Commissioner Lucknow||Deputy Excise Commissioner Lucknow||District Excise Officer Lucknow
2024_DEO46_902321_1,3849/GarhiPeerKhan/CL/2024,Country Liquor Shop,,,,,,,,,,,,,,,,Uttar Pradesh Excise Department||Joint Excise Commissioner Lucknow||Deputy Excise Commissioner Lucknow||District Excise Officer Lucknow,,,,,,"67,909",,2024-04-01,Uttar Pradesh Excise Department||Joint Excise Commissioner Lucknow||Deputy Excise Commissioner Lucknow||District Excise Officer Lucknow
2024_DEO46_902333_1,3849/ParaNaiBasti/CL/2024,Country Liquor Shop,,,,,,,,,,,,,,,,Uttar Pradesh Excise Department||Joint Excise Commissioner Lucknow||Deputy Excise Commissioner Lucknow||District Excise Officer Lucknow,,,,,,"44,930",,2024-04-01,Uttar Pradesh Excise Department||Joint Excise Commissioner Lucknow||Deputy Excise Commissioner Lucknow||District Excise Officer Lucknow
2024_DEO46_902354_1,3849/Laungakheda/CL/2024,Country Liquor Shop,,,,,,,,,,,,,,,,Uttar Pradesh Excise Department||Joint Excise Commissioner Lucknow||Deputy Excise Commissioner Lucknow||District Excise Officer Lucknow,,,,,,"44,255",,2024-04-01,Uttar Pradesh Excise Department||Joint Excise Commissioner Lucknow||Deputy Excise Commissioner Lucknow||District Excise Officer Lucknow
2024_DEO46_902375_1,3849/KhurramNagar/BE/2024,Beer Shop,,,,,,,,,,,,,,,,Uttar Pradesh Excise Department||Joint Excise Commissioner Lucknow||Deputy Excise Commissioner Lucknow||District Excise Officer Lucknow,,,,,,"2,252,000",,2024-04-01,Uttar Pradesh Excise Department||Joint Excise Commissioner Lucknow||Deputy Excise Commissioner Lucknow||District Excise Officer Lucknow
2024_DEO46_902375_1,3849/KhurramNagar/BE/2024,Beer Shop,,,,,,,,,,,,,,,,Uttar Pradesh Excise Department||Joint Excise Commissioner Lucknow||Deputy Excise Commissioner Lucknow||District Excise Officer Lucknow,,,,,,"2,252,000",,2024-04-01,Uttar Pradesh Excise Department||Joint Excise Commissioner Lucknow||Deputy Excise Commissioner Lucknow||District Excise Officer Lucknow
2024_DEO46_902386_1,3849/Rajajipuram/BS/2024,Bhang Shop,,,,,,,,,,,,,,,,Uttar Pradesh Excise Department||Joint Excise Commissioner Lucknow||Deputy Excise Commissioner Lucknow||District Excise Officer Lucknow,,,,,,"617,000",,2024-04-01,Uttar Pradesh Excise Department||Joint Excise Commissioner Lucknow||Deputy Excise Commissioner Lucknow||District Excise Officer Lucknow
2024_DEO46_901746_1,3849/SitapurRoad/CL/2024,Country Liquor Shop,,,,,,,,,,,,,,,,Uttar Pradesh Excise Department||Joint Excise Commissioner Lucknow||Deputy Excise Commissioner Lucknow||District Excise Officer Lucknow,,,,,,"143,760",,2024-04-01,Uttar Pradesh Excise Department||Joint Excise Commissioner Lucknow||Deputy Excise Commissioner Lucknow||District Excise Officer Lucknow
2024_DEO46_901925_1,3849/JankipuramGarden/CL/2024,Country Liquor Shop,,,,,,,,,,,,,,,,Uttar Pradesh Excise Department||Joint Excise Commissioner Lucknow||Deputy Excise Commissioner Lucknow||District Excise Officer Lucknow,,,,,,"58,255",,2024-04-01,Uttar Pradesh Excise Department||Joint Excise Commissioner Lucknow||Deputy Excise Commissioner Lucknow||District Excise Officer Lucknow
2024_DEO46_901947_1,3849/Srinagar/CL2024,Country Liquor Shop,,,,,,,,,,,,,,,,Uttar Pradesh Excise Department||Joint Excise Commissioner Lucknow||Deputy Excise Commissioner Lucknow||District Excise Officer Lucknow,,,,,,"133,755",,2024-04-01,Uttar Pradesh Excise Department||Joint Excise Commissioner Lucknow||Deputy Excise Commissioner Lucknow||District Excise Officer Lucknow
2024_DEO46_902054_1,3849/AnandNagar/CL/2024,Country Liqour Shop,,,,,,,,,,,,,,,,Uttar Pradesh Excise Department||Joint Excise Commissioner Lucknow||Deputy Excise Commissioner Lucknow||District Excise Officer Lucknow,,,,,,"82,675",,2024-04-01,Uttar Pradesh Excise Department||Joint Excise Commissioner Lucknow||Deputy Excise Commissioner Lucknow||District Excise Officer Lucknow
2024_DEO46_902083_1,3849/MawaiyaChauraha/CL/2024,Country Liquor Shop,,,,,,,,,,,,,,,,Uttar Pradesh Excise Department||Joint Excise Commissioner Lucknow||Deputy Excise Commissioner Lucknow||District Excise Officer Lucknow,,,,,,"36,036",,2024-04-01,Uttar Pradesh Excise Department||Joint Excise Commissioner Lucknow||Deputy Excise Commissioner Lucknow||District Excise Officer Lucknow
2024_DEO46_902134_1,3849/AlambaghNo2/CL/2024,Country Liquor Shop,,,,,,,,,,,,,,,,Uttar Pradesh Excise Department||Joint Excise Commissioner Lucknow||Deputy Excise Commissioner Lucknow||District Excise Officer Lucknow,,,,,,"44,001",,2024-04-01,Uttar Pradesh Excise Department||Joint Excise Commissioner Lucknow||Deputy Excise Commissioner Lucknow||District Excise Officer Lucknow
2024_DEO46_902134_1,3849/AlambaghNo2/CL/2024,Country Liquor Shop,,,,,,,,,,,,,,,,Uttar Pradesh Excise Department||Joint Excise Commissioner Lucknow||Deputy Excise Commissioner Lucknow||District Excise Officer Lucknow,,,,,,"44,001",,2024-04-01,Uttar Pradesh Excise Department||Joint Excise Commissioner Lucknow||Deputy Excise Commissioner Lucknow||District Excise Officer Lucknow
2024_DEO46_902175_1,3849/RajendraNagar/CL/2024,Country Liquor Shop,,,,,,,,,,,,,,,,Uttar Pradesh Excise Department||Joint Excise Commissioner Lucknow||Deputy Excise Commissioner Lucknow||District Excise Officer Lucknow,,,,,,"102,413",,2024-04-01,Uttar Pradesh Excise Department||Joint Excise Commissioner Lucknow||Deputy Excise Commissioner Lucknow||District Excise Officer Lucknow
2024_DEO46_902195_1,3849/HewettRoad/CL/2024,Country Liquor Shop,,,,,,,,,,,,,,,,Uttar Pradesh Excise Department||Joint Excise Commissioner Lucknow||Deputy Excise Commissioner Lucknow||District Excise Officer Lucknow,,,,,,"40,999",,2024-04-01,Uttar Pradesh Excise Department||Joint Excise Commissioner Lucknow||Deputy Excise Commissioner Lucknow||District Excise Officer Lucknow
2024_DEO46_902216_1,3849/NakaAishbagh/CL/2024,Country Liquor Shop,,,,,,,,,,,,,,,,Uttar Pradesh Excise Department||Joint Excise Commissioner Lucknow||Deputy Excise Commissioner Lucknow||District Excise Officer Lucknow,,,,,,"39,001",,2024-04-01,Uttar Pradesh Excise Department||Joint Excise Commissioner Lucknow||Deputy Excise Commissioner Lucknow||District Excise Officer Lucknow
2024_DEO44_900728_1,FL_Kursi_BARABANKI_2024_25,FL SHOP KURSI 8924 BARABANKI,,,,,,,,,,,,,,,,Uttar Pradesh Excise Department||Joint Excise Commissioner Lucknow||Deputy Excise Commissioner Faizabad||District Excise Officer Barabanki,,,,,,"2,115,000",,2024-04-01,Uttar Pradesh Excise Department||Joint Excise Commissioner Lucknow||Deputy Excise Commissioner Faizabad||District Excise Officer Barabanki
2024_DEO44_900828_1,FL_RAANIBAJAR_BBK_2024_25,FL SHOP RAANIBAJAR 9207 BARABANKI,,,,,,,,,,,,,,,,Uttar Pradesh Excise Department||Joint Excise Commissioner Lucknow||Deputy Excise Commissioner Faizabad||District Excise Officer Barabanki,,,,,,"1,455,000",,2024-04-01,Uttar Pradesh Excise Department||Joint Excise Commissioner Lucknow||Deputy Excise Commissioner Faizabad||District Excise Officer Barabanki
2024_DEO44_900835_1,FL_TRILOKPUR_BBK_2024_25,FL SHOP TRILOKPUR 9263 BARABANKI,,,,,,,,,,,,,,,,Uttar Pradesh Excise Department||Joint Excise Commissioner Lucknow||Deputy Excise Commissioner Faizabad||District Excise Officer Barabanki,,,,,,"1,350,000",,2024-04-01,Uttar Pradesh Excise Department||Joint Excise Commissioner Lucknow||Deputy Excise Commissioner Faizabad||District Excise Officer Barabanki
2024_DEO44_900851_1,CL_FATEHPURPRATHAM_BBK_2024_25,CL SHOP FATEHPUR PRATHAM KASBE KE MADHYA 12975 BARABANKI,,,,,,,,,,,,,,,,Uttar Pradesh Excise Department||Joint Excise Commissioner Lucknow||Deputy Excise Commissioner Faizabad||District Excise Officer Barabanki,,,,,,"1,778,000",,2024-04-01,Uttar Pradesh Excise Department||Joint Excise Commissioner Lucknow||Deputy Excise Commissioner Faizabad||District Excise Officer Barabanki
2024_DEO44_900879_1,BS_BARABANKI_BBK_2024_25,BS SHOP BARABANKI 60217  BARABANKI,,,,,,,,,,,,,,,,Uttar Pradesh Excise Department||Joint Excise Commissioner Lucknow||Deputy Excise Commissioner Faizabad||District Excise Officer Barabanki,,,,,,"521,000",,2024-04-01,Uttar Pradesh Excise Department||Joint Excise Commissioner Lucknow||Deputy Excise Commissioner Faizabad||District Excise Officer Barabanki
2024_DEO44_900888_1,BS_MASAULI_BBK_2024_25,BS SHOP ( 60570) MASAULI BARABANKI,,,,,,,,,,,,,,,,Uttar Pradesh Excise Department||Joint Excise Commissioner Lucknow||Deputy Excise Commissioner Faizabad||District Excise Officer Barabanki,,,,,,"49,000",,2024-04-01,Uttar Pradesh Excise Department||Joint Excise Commissioner Lucknow||Deputy Excise Commissioner Faizabad||District Excise Officer Barabanki
2024_DEO45_902912_1,TRISUNDI,TRISUNDI,,,,,,,,,,,,,,,,Uttar Pradesh Excise Department||Joint Excise Commissioner Lucknow||Deputy Excise Commissioner Faizabad||District Excise Officer Amethi,,,,,,"14,565",,2024-04-01,Uttar Pradesh Excise Department||Joint Excise Commissioner Lucknow||Deputy Excise Commissioner Faizabad||District Excise Officer Amethi
2024_DEO45_902912_1,TRISUNDI,TRISUNDI,,,,,,,,,,,,,,,,Uttar Pradesh Excise Department||Joint Excise Commissioner Lucknow||Deputy Excise Commissioner Faizabad||District Excise Officer Amethi,,,,,,"14,565",,2024-04-01,Uttar Pradesh Excise Department||Joint Excise Commissioner Lucknow||Deputy Excise Commissioner Faizabad||District Excise Officer Amethi
2024_DEO45_903013_1,BHETUA CHOURAHA,BHETUA CHOURAHA,,,,,,,,,,,,,,,,Uttar Pradesh Excise Department||Joint Excise Commissioner Lucknow||Deputy Excise Commissioner Faizabad||District Excise Officer Amethi,,,,,,"535,000",,2024-04-01,Uttar Pradesh Excise Department||Joint Excise Commissioner Lucknow||Deputy Excise Commissioner Faizabad||District Excise Officer Amethi
2024_DEO41_903377_1,1214,FATEHGANJ,,,,,,,,,,,,,,,,Uttar Pradesh Excise Department||Joint Excise Commissioner Lucknow||Deputy Excise Commissioner Faizabad||District Excise Officer Faizabad,,,,,,"1,315,000",,2024-04-30,Uttar Pradesh Excise Department||Joint Excise Commissioner Lucknow||Deputy Excise Commissioner Faizabad||District Excise Officer Faizabad
2024_DEO41_903377_1,1214,FATEHGANJ,,,,,,,,,,,,,,,,Uttar Pradesh Excise Department||Joint Excise Commissioner Lucknow||Deputy Excise Commissioner Faizabad||District Excise Officer Faizabad,,,,,,"1,315,000",,2024-04-30,Uttar Pradesh Excise Department||Joint Excise Commissioner Lucknow||Deputy Excise Commissioner Faizabad||District Excise Officer Faizabad
2024_DEO41_903389_1,1214,ARKUNA,,,,,,,,,,,,,,,,Uttar Pradesh Excise Department||Joint Excise Commissioner Lucknow||Deputy Excise Commissioner Faizabad||District Excise Officer Faizabad,,,,,,"520,000",,2024-04-30,Uttar Pradesh Excise Department||Joint Excise Commissioner Lucknow||Deputy Excise Commissioner Faizabad||District Excise Officer Faizabad
2024_DEO38_902616_1,1319-1320_CL_1,E-Tendring of CL Shop Kewanaganj,,,,,,,,,,,,,,,,Uttar Pradesh Excise Department||Joint Excise Commissioner Lucknow||Deputy Excise Commissioner Devipatan||District Excise Officer Bahraich,,,,,,"4,689,632",,2024-04-01,Uttar Pradesh Excise Department||Joint Excise Commissioner Lucknow||Deputy Excise Commissioner Devipatan||District Excise Officer Bahraich
2024_DEO38_902769_1,1319-1320_FL_1,E-Tender of FL Shop Bichiya,,,,,,,,,,,,,,,,Uttar Pradesh Excise Department||Joint Excise Commissioner Lucknow||Deputy Excise Commissioner Devipatan||District Excise Officer Bahraich,,,,,,"605,000",,2024-04-01,Uttar Pradesh Excise Department||Joint Excise Commissioner Lucknow||Deputy Excise Commissioner Devipatan||District Excise Officer Bahraich
2024_DEO38_902769_1,1319-1320_FL_1,E-Tender of FL Shop Bichiya,,,,,,,,,,,,,,,,Uttar Pradesh Excise Department||Joint Excise Commissioner Lucknow||Deputy Excise Commissioner Devipatan||District Excise Officer Bahraich,,,,,,"605,000",,2024-04-01,Uttar Pradesh Excise Department||Joint Excise Commissioner Lucknow||Deputy Excise Commissioner Devipatan||District Excise Officer Bahraich
2024_DEO32_900614_1,3651 dated 17-02-2024,CL BADAUN ROAD (5739),,,,,,,,,,,,,,,,Uttar Pradesh Excise Department||Joint Excise Commissioner Lucknow||Deputy Excise Commissioner Bareilly||District Excise Officer Bareilly,,,,,,"2,281,000",,2024-04-01,Uttar Pradesh Excise Department||Joint Excise Commissioner Lucknow||Deputy Excise Commissioner Bareilly||District Excise Officer Bareilly
2024_DEO32_900614_1,3651 dated 17-02-2024,CL BADAUN ROAD (5739),,,,,,,,,,,,,,,,Uttar Pradesh Excise Department||Joint Excise Commissioner Lucknow||Deputy Excise Commissioner Bareilly||District Excise Officer Bareilly,,,,,,"2,281,000",,2024-04-01,Uttar Pradesh Excise Department||Joint Excise Commissioner Lucknow||Deputy Excise Commissioner Bareilly||District Excise Officer Bareilly
2024_DEO32_900614_1,3651 dated 17-02-2024,CL BADAUN ROAD (5739),,,,,,,,,,,,,,,,Uttar Pradesh Excise Department||Joint Excise Commissioner Lucknow||Deputy Excise Commissioner Bareilly||District Excise Officer Bareilly,,,,,,"2,281,000",,2024-04-01,Uttar Pradesh Excise Department||Joint Excise Commissioner Lucknow||Deputy Excise Commissioner Bareilly||District Excise Officer Bareilly
2024_DEO32_900614_1,3651 dated 17-02-2024,CL BADAUN ROAD (5739),,,,,,,,,,,,,,,,Uttar Pradesh Excise Department||Joint Excise Commissioner Lucknow||Deputy Excise Commissioner Bareilly||District Excise Officer Bareilly,,,,,,"2,281,000",,2024-04-01,Uttar Pradesh Excise Department||Joint Excise Commissioner Lucknow||Deputy Excise Commissioner Bareilly||District Excise Officer Bareilly
2024_DEO32_900625_1,3651 dated 17-02-2024,FL QILA NO-01 (NIKAT QILA THANA),,,,,,,,,,,,,,,,Uttar Pradesh Excise Department||Joint Excise Commissioner Lucknow||Deputy Excise Commissioner Bareilly||District Excise Officer Bareilly,,,,,,"2,465,000",,2024-04-01,Uttar Pradesh Excise Department||Joint Excise Commissioner Lucknow||Deputy Excise Commissioner Bareilly||District Excise Officer Bareilly
2024_DEO32_900635_1,3651 dated 17-02-2024,FL MALOOKPUR (14205),,,,,,,,,,,,,,,,Uttar Pradesh Excise Department||Joint Excise Commissioner Lucknow||Deputy Excise Commissioner Bareilly||District Excise Officer Bareilly,,,,,,"2,515,000",,2024-04-01,Uttar Pradesh Excise Department||Joint Excise Commissioner Lucknow||Deputy Excise Commissioner Bareilly||District Excise Officer Bareilly
2024_DEO32_900646_1,3651 dated 17-02-2024,FL CITY RAILWAY STATION (14341),,,,,,,,,,,,,,,,Uttar Pradesh Excise Department||Joint Excise Commissioner Lucknow||Deputy Excise Commissioner Bareilly||District Excise Officer Bareilly,,,,,,"3,880,000",,2024-04-01,Uttar Pradesh Excise Department||Joint Excise Commissioner Lucknow||Deputy Excise Commissioner Bareilly||District Excise Officer Bareilly
2024_DEO32_900666_1,3651 dated 17-02-2024,MS MEERGANJ-(A) (19500),,,,,,,,,,,,,,,,Uttar Pradesh Excise Department||Joint Excise Commissioner Lucknow||Deputy Excise Commissioner Bareilly||District Excise Officer Bareilly,,,,,,"3,235,000",,2024-04-01,Uttar Pradesh Excise Department||Joint Excise Commissioner Lucknow||Deputy Excise Commissioner Bareilly||District Excise Officer Bareilly
2024_DEO32_900666_1,3651 dated 17-02-2024,MS MEERGANJ-(A) (19500),,,,,,,,,,,,,,,,Uttar Pradesh Excise Department||Joint Excise Commissioner Lucknow||Deputy Excise Commissioner Bareilly||District Excise Officer Bareilly,,,,,,"3,235,000",,2024-04-01,Uttar Pradesh Excise Department||Joint Excise Commissioner Lucknow||Deputy Excise Commissioner Bareilly||District Excise Officer Bareilly
2024_DEO2_901931_15,2055/2024-25   Dt. 17.02.2024,"Beer State Bank Chauraha, Shikohabad (Shop ID - 17874)",,,,,,,,,,,,,,,,Uttar Pradesh Excise Department||Joint Excise Commissioner Agra||Deputy Excise Commissioner Agra||District Excise Officer Firozabad,,,,,,"661,500",,2024-04-01,Uttar Pradesh Excise Department||Joint Excise Commissioner Agra||Deputy Excise Commissioner Agra||District Excise Officer Firozabad
2024_DEO2_901931_16,2055/2024-25   Dt. 17.02.2024,Beer Ramgarh (Shop ID - 35258),,,,,,,,,,,,,,,,Uttar Pradesh Excise Department||Joint Excise Commissioner Agra||Deputy Excise Commissioner Agra||District Excise Officer Firozabad,,,,,,"70,000",,2024-04-01,Uttar Pradesh Excise Department||Joint Excise Commissioner Agra||Deputy Excise Commissioner Agra||District Excise Officer Firozabad
2024_DEO2_901931_3,2055/2024-25   Dt. 17.02.2024,Foreign Liquor Dhaurau Chauraha (Shop ID - 22670),,,,,,,,,,,,,,,,Uttar Pradesh Excise Department||Joint Excise Commissioner Agra||Deputy Excise Commissioner Agra||District Excise Officer Firozabad,,,,,,"376,000",,2024-04-01,Uttar Pradesh Excise Department||Joint Excise Commissioner Agra||Deputy Excise Commissioner Agra||District Excise Officer Firozabad
2024_DEO2_901931_3,2055/2024-25   Dt. 17.02.2024,Foreign Liquor Dhaurau Chauraha (Shop ID - 22670),,,,,,,,,,,,,,,,Uttar Pradesh Excise Department||Joint Excise Commissioner Agra||Deputy Excise Commissioner Agra||District Excise Officer Firozabad,,,,,,"376,000",,2024-04-01,Uttar Pradesh Excise Department||Joint Excise Commissioner Agra||Deputy Excise Commissioner Agra||District Excise Officer Firozabad
2024_DEO2_901931_4,2055/2024-25   Dt. 17.02.2024,Foreign Liquor Nagla Kunwar Prasad (Shop ID - 35057),,,,,,,,,,,,,,,,Uttar Pradesh Excise Department||Joint Excise Commissioner Agra||Deputy Excise Commissioner Agra||District Excise Officer Firozabad,,,,,,"476,000",,2024-04-01,Uttar Pradesh Excise Department||Joint Excise Commissioner Agra||Deputy Excise Commissioner Agra||District Excise Officer Firozabad
2024_DEO2_901931_6,2055/2024-25   Dt. 17.02.2024,Foreign Liquor Nizampur (Shop ID - 24533),,,,,,,,,,,,,,,,Uttar Pradesh Excise Department||Joint Excise Commissioner Agra||Deputy Excise Commissioner Agra||District Excise Officer Firozabad,,,,,,"465,000",,2024-04-01,Uttar Pradesh Excise Department||Joint Excise Commissioner Agra||Deputy Excise Commissioner Agra||District Excise Officer Firozabad
2024_DEO2_901931_7,2055/2024-25   Dt. 17.02.2024,"Foreign Liquor Etah Road, Tundla (Shop ID - 25180)",,,,,,,,,,,,,,,,Uttar Pradesh Excise Department||Joint Excise Commissioner Agra||Deputy Excise Commissioner Agra||District Excise Officer Firozabad,,,,,,"1,160,152",,2024-04-01,Uttar Pradesh Excise Department||Joint Excise Commissioner Agra||Deputy Excise Commissioner Agra||District Excise Officer Firozabad
2024_DEO2_901931_8,2055/2024-25   Dt. 17.02.2024,Foreign Liquor Pawari (B) (Shop ID - 31483),,,,,,,,,,,,,,,,Uttar Pradesh Excise Department||Joint Excise Commissioner Agra||Deputy Excise Commissioner Agra||District Excise Officer Firozabad,,,,,,"235,000",,2024-04-01,Uttar Pradesh Excise Department||Joint Excise Commissioner Agra||Deputy Excise Commissioner Agra||District Excise Officer Firozabad
2024_DEO28_902058_1,251(9)DEO/2024-25/19 FEB 2024,PURDILPUR CL,,,,,,,,,,,,,,,,Uttar Pradesh Excise Department||Joint Excise Commissioner Gorakhpur||Deputy Excise Commissioner Gorakhpur||District Excise Officer Gorakhpur,,,,,,"107,961",,2024-04-01,Uttar Pradesh Excise Department||Joint Excise Commissioner Gorakhpur||Deputy Excise Commissioner Gorakhpur||District Excise Officer Gorakhpur
2024_DEO28_902171_1,251(9)DEO/2024-25/19 FEB 2024,BHAUAPAR CL,,,,,,,,,,,,,,,,Uttar Pradesh Excise Department||Joint Excise Commissioner Gorakhpur||Deputy Excise Commissioner Gorakhpur||District Excise Officer Gorakhpur,,,,,,"65,111",,2024-04-01,Uttar Pradesh Excise Department||Joint Excise Commissioner Gorakhpur||Deputy Excise Commissioner Gorakhpur||District Excise Officer Gorakhpur
2024_DEO28_902171_1,251(9)DEO/2024-25/19 FEB 2024,BHAUAPAR CL,,,,,,,,,,,,,,,,Uttar Pradesh Excise Department||Joint Excise Commissioner Gorakhpur||Deputy Excise Commissioner Gorakhpur||District Excise Officer Gorakhpur,,,,,,"65,111",,2024-04-01,Uttar Pradesh Excise Department||Joint Excise Commissioner Gorakhpur||Deputy Excise Commissioner Gorakhpur||District Excise Officer Gorakhpur
2024_DEO2_901931_1,2055/2024-25   Dt. 17.02.2024,Country Liquor Totalpur (Shop ID - 22745),,,,,,,,,,,,,,,,Uttar Pradesh Excise Department||Joint Excise Commissioner Agra||Deputy Excise Commissioner Agra||District Excise Officer Firozabad,,,,,,"23,593",,2024-04-01,Uttar Pradesh Excise Department||Joint Excise Commissioner Agra||Deputy Excise Commissioner Agra||District Excise Officer Firozabad
2024_DEO2_901931_1,2055/2024-25   Dt. 17.02.2024,Country Liquor Totalpur (Shop ID - 22745),,,,,,,,,,,,,,,,Uttar Pradesh Excise Department||Joint Excise Commissioner Agra||Deputy Excise Commissioner Agra||District Excise Officer Firozabad,,,,,,"23,593",,2024-04-01,Uttar Pradesh Excise Department||Joint Excise Commissioner Agra||Deputy Excise Commissioner Agra||District Excise Officer Firozabad
2024_DEO2_901931_11,2055/2024-25   Dt. 17.02.2024,Foreign Liquor Ukhraind (Shop ID - 21049),,,,,,,,,,,,,,,,Uttar Pradesh Excise Department||Joint Excise Commissioner Agra||Deputy Excise Commissioner Agra||District Excise Officer Firozabad,,,,,,"751,000",,2024-04-01,Uttar Pradesh Excise Department||Joint Excise Commissioner Agra||Deputy Excise Commissioner Agra||District Excise Officer Firozabad
2024_DEO2_901931_12,2055/2024-25   Dt. 17.02.2024,Foreign Liquor Baijua (Shop ID - 23897),,,,,,,,,,,,,,,,Uttar Pradesh Excise Department||Joint Excise Commissioner Agra||Deputy Excise Commissioner Agra||District Excise Officer Firozabad,,,,,,"263,500",,2024-04-01,Uttar Pradesh Excise Department||Joint Excise Commissioner Agra||Deputy Excise Commissioner Agra||District Excise Officer Firozabad
2024_DEO2_901931_13,2055/2024-25   Dt. 17.02.2024,Beer Firozabad Byepass Jalesar Chauraha (Shop ID - 17652),,,,,,,,,,,,,,,,Uttar Pradesh Excise Department||Joint Excise Commissioner Agra||Deputy Excise Commissioner Agra||District Excise Officer Firozabad,,,,,,"831,000",,2024-04-01,Uttar Pradesh Excise Department||Joint Excise Commissioner Agra||Deputy Excise Commissioner Agra||District Excise Officer Firozabad
2024_DEO2_901931_14,2055/2024-25   Dt. 17.02.2024,Beer Himayunpur Chauraha Suhag Nagar (Shop ID - 35327),,,,,,,,,,,,,,,,Uttar Pradesh Excise Department||Joint Excise Commissioner Agra||Deputy Excise Commissioner Agra||District Excise Officer Firozabad,,,,,,"595,000",,2024-04-01,Uttar Pradesh Excise Department||Joint Excise Commissioner Agra||Deputy Excise Commissioner Agra||District Excise Officer Firozabad
2024_DEO2_901931_1,2055/2024-25   Dt. 17.02.2024,Country Liquor Totalpur (Shop ID - 22745),,,,,,,,,,,,,,,,Uttar Pradesh Excise Department||Joint Excise Commissioner Agra||Deputy Excise Commissioner Agra||District Excise Officer Firozabad,,,,,,"23,593",,2024-04-01,Uttar Pradesh Excise Department||Joint Excise Commissioner Agra||Deputy Excise Commissioner Agra||District Excise Officer Firozabad
2024_UPTCL_884433_1,E-Tender no. 56/2023-24/ETC/VNS,"DISMANTELING WORK AND ERECTION WORK OF 2 X 5 MVAR CAPACITOR BANK, MODIFICATION WORK OF NEW 132 KV BUS AND EXISTING 132 KV BUS-BAR AND CONSTRUCTION WORK OF NEW 02 NO. 132 KV BAY",,,,,,,,,,,,,,,,UP Power Transmission Corp.Ltd (Operation)||Chief Engineer (TE) East Allahabad||S.E.  ETC  Varanasi,,,,,,"1,395,906",,2024-04-24,UP Power Transmission Corp.Ltd (Operation)||Chief Engineer (TE) East Allahabad||S.E.  ETC  Varanasi
2024_UPTCL_884433_1,E-Tender no. 56/2023-24/ETC/VNS,"DISMANTELING WORK AND ERECTION WORK OF 2 X 5 MVAR CAPACITOR BANK, MODIFICATION WORK OF NEW 132 KV BUS AND EXISTING 132 KV BUS-BAR AND CONSTRUCTION WORK OF NEW 02 NO. 132 KV BAY",,,,,,,,,,,,,,,,UP Power Transmission Corp.Ltd (Operation)||Chief Engineer (TE) East Allahabad||S.E.  ETC  Varanasi,,,,,,"1,395,906",,2024-04-24,UP Power Transmission Corp.Ltd (Operation)||Chief Engineer (TE) East Allahabad||S.E.  ETC  Varanasi
2024_UPTCL_884461_1,146-ETC-I(A)/ 2023-2024,146-ETC-I(A)/ 2023-2024,,,,,,,,,,,,,,,,UP Power Transmission Corp.Ltd (Operation)||Chief Engineer (TE) East Allahabad||S.E. ETC- I  Allahabad,,,,,,"166,500",,2024-04-04,UP Power Transmission Corp.Ltd (Operation)||Chief Engineer (TE) East Allahabad||S.E. ETC- I  Allahabad
2024_UPTCL_921724_1,E- Tender No- 01- ETDS- 2024-25,Work,,,,,,,,,,,,,,,,UP Power Transmission Corp.Ltd (Operation)||Chief Engineer (TC)  Lucknow||SE ETC Sultanpur||EE ETD Sultanpur,,,,,,"185,500",,2024-04-25,UP Power Transmission Corp.Ltd (Operation)||Chief Engineer (TC)  Lucknow||SE ETC Sultanpur||EE ETD Sultanpur
2024_DEO28_901448_1,251(9)DEO/2024-25/19 FEB 2024,ASURAN CL,,,,,,,,,,,,,,,,Uttar Pradesh Excise Department||Joint Excise Commissioner Gorakhpur||Deputy Excise Commissioner Gorakhpur||District Excise Officer Gorakhpur,,,,,,"111,000",,2024-04-01,Uttar Pradesh Excise Department||Joint Excise Commissioner Gorakhpur||Deputy Excise Commissioner Gorakhpur||District Excise Officer Gorakhpur
2024_DEO28_901448_1,251(9)DEO/2024-25/19 FEB 2024,ASURAN CL,,,,,,,,,,,,,,,,Uttar Pradesh Excise Department||Joint Excise Commissioner Gorakhpur||Deputy Excise Commissioner Gorakhpur||District Excise Officer Gorakhpur,,,,,,"111,000",,2024-04-01,Uttar Pradesh Excise Department||Joint Excise Commissioner Gorakhpur||Deputy Excise Commissioner Gorakhpur||District Excise Officer Gorakhpur
2024_DEO28_901862_1,251(9)DEO/2024-25/19 FEB 2024,KAUDIRAM FL,,,,,,,,,,,,,,,,Uttar Pradesh Excise Department||Joint Excise Commissioner Gorakhpur||Deputy Excise Commissioner Gorakhpur||District Excise Officer Gorakhpur,,,,,,"1,965,000",,2024-04-01,Uttar Pradesh Excise Department||Joint Excise Commissioner Gorakhpur||Deputy Excise Commissioner Gorakhpur||District Excise Officer Gorakhpur
2024_DEO28_901862_1,251(9)DEO/2024-25/19 FEB 2024,KAUDIRAM FL,,,,,,,,,,,,,,,,Uttar Pradesh Excise Department||Joint Excise Commissioner Gorakhpur||Deputy Excise Commissioner Gorakhpur||District Excise Officer Gorakhpur,,,,,,"1,965,000",,2024-04-01,Uttar Pradesh Excise Department||Joint Excise Commissioner Gorakhpur||Deputy Excise Commissioner Gorakhpur||District Excise Officer Gorakhpur
2024_DEO28_902000_1,251(9)DEO/2024-25/19 FEB 2024,URDUBAZAR (B) CL,,,,,,,,,,,,,,,,Uttar Pradesh Excise Department||Joint Excise Commissioner Gorakhpur||Deputy Excise Commissioner Gorakhpur||District Excise Officer Gorakhpur,,,,,,"71,948",,2024-04-01,Uttar Pradesh Excise Department||Joint Excise Commissioner Gorakhpur||Deputy Excise Commissioner Gorakhpur||District Excise Officer Gorakhpur
2024_DEO28_902000_1,251(9)DEO/2024-25/19 FEB 2024,URDUBAZAR (B) CL,,,,,,,,,,,,,,,,Uttar Pradesh Excise Department||Joint Excise Commissioner Gorakhpur||Deputy Excise Commissioner Gorakhpur||District Excise Officer Gorakhpur,,,,,,"71,948",,2024-04-01,Uttar Pradesh Excise Department||Joint Excise Commissioner Gorakhpur||Deputy Excise Commissioner Gorakhpur||District Excise Officer Gorakhpur
2024_DEO28_902017_1,251(9)DEO/2024-25/19 FEB 2024,Sahabganj CL,,,,,,,,,,,,,,,,Uttar Pradesh Excise Department||Joint Excise Commissioner Gorakhpur||Deputy Excise Commissioner Gorakhpur||District Excise Officer Gorakhpur,,,,,,"95,040",,2024-04-01,Uttar Pradesh Excise Department||Joint Excise Commissioner Gorakhpur||Deputy Excise Commissioner Gorakhpur||District Excise Officer Gorakhpur
2024_DEO28_902052_1,251(9)DEO/2024-25/19 FEB 2024,URUA NO-2 CL,,,,,,,,,,,,,,,,Uttar Pradesh Excise Department||Joint Excise Commissioner Gorakhpur||Deputy Excise Commissioner Gorakhpur||District Excise Officer Gorakhpur,,,,,,"135,120",,2024-04-01,Uttar Pradesh Excise Department||Joint Excise Commissioner Gorakhpur||Deputy Excise Commissioner Gorakhpur||District Excise Officer Gorakhpur
2024_DEO27_900975_1,4000/2024-25/ET/S/V/SDR DT19.02.2024,CL KADSARA SHOP ID 8189,,,,,,,,,,,,,,,,Uttar Pradesh Excise Department||Joint Excise Commissioner Gorakhpur||Deputy Excise Commissioner Basti||District Excise Officer Siddharth Nagar,,,,,,"55,555",,2024-04-01,Uttar Pradesh Excise Department||Joint Excise Commissioner Gorakhpur||Deputy Excise Commissioner Basti||District Excise Officer Siddharth Nagar
2024_DEO22_907537_1,COUNTRY LIQUOR SHOP HYDERABAD NUMBER 2,COUNTRY LIQUOR SHOP HYDERABAD NUMBER 2 AZAMGARH SHOP ID 14433,,,,,,,,,,,,,,,,Uttar Pradesh Excise Department||Joint Excise Commissioner Gorakhpur||Deputy Excise Commissioner Azamgarh||District Excise Officer Azamgarh,,,,,,"24,110",,2024-04-12,Uttar Pradesh Excise Department||Joint Excise Commissioner Gorakhpur||Deputy Excise Commissioner Azamgarh||District Excise Officer Azamgarh
2024_DEO23_901880_1,26423_CL_Karahan_Mau,26423_CL_Karahan_Mau,,,,,,,,,,,,,,,,Uttar Pradesh Excise Department||Joint Excise Commissioner Gorakhpur||Deputy Excise Commissioner Azamgarh||District Excise Officer Mau,,,,,,"122,385",,2024-04-01,Uttar Pradesh Excise Department||Joint Excise Commissioner Gorakhpur||Deputy Excise Commissioner Azamgarh||District Excise Officer Mau
2024_DEO23_901939_1,26711/CL_RAIPUR_MAU,26711/CL_RAIPUR_MAU,,,,,,,,,,,,,,,,Uttar Pradesh Excise Department||Joint Excise Commissioner Gorakhpur||Deputy Excise Commissioner Azamgarh||District Excise Officer Mau,,,,,,"89,592",,2024-04-01,Uttar Pradesh Excise Department||Joint Excise Commissioner Gorakhpur||Deputy Excise Commissioner Azamgarh||District Excise Officer Mau
2024_DEO22_901307_1,COUNTRY LIQUOR SHOP BELAISA,COUNTRY LIQUOR SHOP BELAISA AZAMGARH SHOP ID 8674,,,,,,,,,,,,,,,,Uttar Pradesh Excise Department||Joint Excise Commissioner Gorakhpur||Deputy Excise Commissioner Azamgarh||District Excise Officer Azamgarh,,,,,,"81,851",,2024-04-12,Uttar Pradesh Excise Department||Joint Excise Commissioner Gorakhpur||Deputy Excise Commissioner Azamgarh||District Excise Officer Azamgarh
2024_DEO22_901327_1,COUNTRY LIQUOR SHOP SHARDA TIRAHA,COUNTRY LIQUOR SHOP SHARDA TIRAHA AZAMGARH SHOP ID 10035,,,,,,,,,,,,,,,,Uttar Pradesh Excise Department||Joint Excise Commissioner Gorakhpur||Deputy Excise Commissioner Azamgarh||District Excise Officer Azamgarh,,,,,,"74,000",,2024-04-12,Uttar Pradesh Excise Department||Joint Excise Commissioner Gorakhpur||Deputy Excise Commissioner Azamgarh||District Excise Officer Azamgarh
2024_DEO22_901383_1,COUNTRY LIQUOR SHOP DULARGANJ,COUNTRY LIQUOR SHOP DULARGANJ AZAMGARH SHOP ID 11570,,,,,,,,,,,,,,,,Uttar Pradesh Excise Department||Joint Excise Commissioner Gorakhpur||Deputy Excise Commissioner Azamgarh||District Excise Officer Azamgarh,,,,,,"36,000",,2024-04-12,Uttar Pradesh Excise Department||Joint Excise Commissioner Gorakhpur||Deputy Excise Commissioner Azamgarh||District Excise Officer Azamgarh
2024_DEO22_901383_1,COUNTRY LIQUOR SHOP DULARGANJ,COUNTRY LIQUOR SHOP DULARGANJ AZAMGARH SHOP ID 11570,,,,,,,,,,,,,,,,Uttar Pradesh Excise Department||Joint Excise Commissioner Gorakhpur||Deputy Excise Commissioner Azamgarh||District Excise Officer Azamgarh,,,,,,"36,000",,2024-04-12,Uttar Pradesh Excise Department||Joint Excise Commissioner Gorakhpur||Deputy Excise Commissioner Azamgarh||District Excise Officer Azamgarh
2024_DEO22_901390_1,COUNTRY LIQUOR SHOP MITTUPUR,COUNTRY LIQUOR SHOP MITTUPUR AZAMGARH SHOP ID 13865,,,,,,,,,,,,,,,,Uttar Pradesh Excise Department||Joint Excise Commissioner Gorakhpur||Deputy Excise Commissioner Azamgarh||District Excise Officer Azamgarh,,,,,,"39,504",,2024-04-01,Uttar Pradesh Excise Department||Joint Excise Commissioner Gorakhpur||Deputy Excise Commissioner Azamgarh||District Excise Officer Azamgarh
2024_DEO22_901397_1,COUNTRY LIQUOR SHOP AHIRAULA,COUNTRY LIQUOR SHOP AHIRAULA AZAMGARH SHOP ID 14852,,,,,,,,,,,,,,,,Uttar Pradesh Excise Department||Joint Excise Commissioner Gorakhpur||Deputy Excise Commissioner Azamgarh||District Excise Officer Azamgarh,,,,,,"80,352",,2024-04-01,Uttar Pradesh Excise Department||Joint Excise Commissioner Gorakhpur||Deputy Excise Commissioner Azamgarh||District Excise Officer Azamgarh
2024_DEO22_901406_1,COUNTRY LIQUOR SHOP BINDRA BAZAR,COUNTRY LIQUOR SHOP BINDRA BAZAR AZAMGARH SHOP ID 15454,,,,,,,,,,,,,,,,Uttar Pradesh Excise Department||Joint Excise Commissioner Gorakhpur||Deputy Excise Commissioner Azamgarh||District Excise Officer Azamgarh,,,,,,"105,539",,2024-04-11,Uttar Pradesh Excise Department||Joint Excise Commissioner Gorakhpur||Deputy Excise Commissioner Azamgarh||District Excise Officer Azamgarh
2024_DEO22_907502_1,COUNTRY LIQUOR SHOP SIDHARI HYDEL CHOWK,COUNTRY LIQUOR SHOP SIDHARI HYDEL CHOWK  AZAMGARH SHOP ID 8467,,,,,,,,,,,,,,,,Uttar Pradesh Excise Department||Joint Excise Commissioner Gorakhpur||Deputy Excise Commissioner Azamgarh||District Excise Officer Azamgarh,,,,,,"135,901",,2024-04-01,Uttar Pradesh Excise Department||Joint Excise Commissioner Gorakhpur||Deputy Excise Commissioner Azamgarh||District Excise Officer Azamgarh
2024_DEO22_907522_1,COUNTRY LIQUOR SHOP RAJADEPUR,COUNTRY LIQUOR SHOP RAJADEPUR AZAMGARH SHOP ID 11459,,,,,,,,,,,,,,,,Uttar Pradesh Excise Department||Joint Excise Commissioner Gorakhpur||Deputy Excise Commissioner Azamgarh||District Excise Officer Azamgarh,,,,,,"62,027.51",,2024-04-12,Uttar Pradesh Excise Department||Joint Excise Commissioner Gorakhpur||Deputy Excise Commissioner Azamgarh||District Excise Officer Azamgarh
2024_DEO22_907529_1,COUNTRY LIQUOR SHOP SAHDEVGANJ,COUNTRY LIQUOR SHOP SHAHDEVGANJ AZAMGARH SHOP ID 11494,,,,,,,,,,,,,,,,Uttar Pradesh Excise Department||Joint Excise Commissioner Gorakhpur||Deputy Excise Commissioner Azamgarh||District Excise Officer Azamgarh,,,,,,"47,308",,2024-04-01,Uttar Pradesh Excise Department||Joint Excise Commissioner Gorakhpur||Deputy Excise Commissioner Azamgarh||District Excise Officer Azamgarh
2024_DEO19_903090_1,1334/2024/BS SHOP Chibramau bypass,BS SHOP Chibramau bypass,,,,,,,,,,,,,,,,Uttar Pradesh Excise Department||Joint Excise Commissioner Agra||Deputy Excise Commissioner Kanpur||District Excise Officer  Kannauj,,,,,,"31,000",,2024-04-01,Uttar Pradesh Excise Department||Joint Excise Commissioner Agra||Deputy Excise Commissioner Kanpur||District Excise Officer  Kannauj
2024_DEO19_903090_1,1334/2024/BS SHOP Chibramau bypass,BS SHOP Chibramau bypass,,,,,,,,,,,,,,,,Uttar Pradesh Excise Department||Joint Excise Commissioner Agra||Deputy Excise Commissioner Kanpur||District Excise Officer  Kannauj,,,,,,"31,000",,2024-04-01,Uttar Pradesh Excise Department||Joint Excise Commissioner Agra||Deputy Excise Commissioner Kanpur||District Excise Officer  Kannauj
2024_DEO19_903090_1,1334/2024/BS SHOP Chibramau bypass,BS SHOP Chibramau bypass,,,,,,,,,,,,,,,,Uttar Pradesh Excise Department||Joint Excise Commissioner Agra||Deputy Excise Commissioner Kanpur||District Excise Officer  Kannauj,,,,,,"31,000",,2024-04-01,Uttar Pradesh Excise Department||Joint Excise Commissioner Agra||Deputy Excise Commissioner Kanpur||District Excise Officer  Kannauj
2024_DEO19_903098_1,1334/2024/BS SHOP Tirwa ganj,BS SHOP Tirwa ganj,,,,,,,,,,,,,,,,Uttar Pradesh Excise Department||Joint Excise Commissioner Agra||Deputy Excise Commissioner Kanpur||District Excise Officer  Kannauj,,,,,,"56,000",,2024-04-01,Uttar Pradesh Excise Department||Joint Excise Commissioner Agra||Deputy Excise Commissioner Kanpur||District Excise Officer  Kannauj
2024_DEO19_903090_1,1334/2024/BS SHOP Chibramau bypass,BS SHOP Chibramau bypass,,,,,,,,,,,,,,,,Uttar Pradesh Excise Department||Joint Excise Commissioner Agra||Deputy Excise Commissioner Kanpur||District Excise Officer  Kannauj,,,,,,"31,000",,2024-04-01,Uttar Pradesh Excise Department||Joint Excise Commissioner Agra||Deputy Excise Commissioner Kanpur||District Excise Officer  Kannauj
2024_DEO20_902129_1,1422-1425eTender 20feb2024,FL Chichauli Shop ID 9929,,,,,,,,,,,,,,,,Uttar Pradesh Excise Department||Joint Excise Commissioner Agra||Deputy Excise Commissioner Kanpur||District Excise Officer Auraiya,,,,,,"200,000",,2024-04-01,Uttar Pradesh Excise Department||Joint Excise Commissioner Agra||Deputy Excise Commissioner Kanpur||District Excise Officer Auraiya
2024_DEO21_900468_1,2874/19-2-2024,FL Edgah,,,,,,,,,,,,,,,,Uttar Pradesh Excise Department||Joint Excise Commissioner Agra||Deputy Excise Commissioner Kanpur||District Excise Officer Etawah,,,,,,"2,525,000",,2024-04-01,Uttar Pradesh Excise Department||Joint Excise Commissioner Agra||Deputy Excise Commissioner Kanpur||District Excise Officer Etawah
2024_DEO21_900468_2,2874/19-2-2024,FL katra bal singh,,,,,,,,,,,,,,,,Uttar Pradesh Excise Department||Joint Excise Commissioner Agra||Deputy Excise Commissioner Kanpur||District Excise Officer Etawah,,,,,,"3,625,000",,2024-04-01,Uttar Pradesh Excise Department||Joint Excise Commissioner Agra||Deputy Excise Commissioner Kanpur||District Excise Officer Etawah
2024_DEO21_900468_7,2874/19-2-2024,Bhang Mahewa,,,,,,,,,,,,,,,,Uttar Pradesh Excise Department||Joint Excise Commissioner Agra||Deputy Excise Commissioner Kanpur||District Excise Officer Etawah,,,,,,"143,000",,2024-04-01,Uttar Pradesh Excise Department||Joint Excise Commissioner Agra||Deputy Excise Commissioner Kanpur||District Excise Officer Etawah
2024_DEO22_901276_1,COUNTRY LIQUOR SHOP ALWAL,COUNTRY LIQUOR SHOP ALWAL  AZAMGARH SHOP ID 4344,,,,,,,,,,,,,,,,Uttar Pradesh Excise Department||Joint Excise Commissioner Gorakhpur||Deputy Excise Commissioner Azamgarh||District Excise Officer Azamgarh,,,,,,"128,001",,2024-04-01,Uttar Pradesh Excise Department||Joint Excise Commissioner Gorakhpur||Deputy Excise Commissioner Azamgarh||District Excise Officer Azamgarh
2024_DEO1_901489_4,489/5B/C DT 20.02.2024,KACHNAU CHAURAHA FL,,,,,,,,,,,,,,,,Uttar Pradesh Excise Department||Joint Excise Commissioner Agra||Deputy Excise Commissioner Agra||District Excise Officer Mathura,,,,,,"965,000",,2024-04-01,Uttar Pradesh Excise Department||Joint Excise Commissioner Agra||Deputy Excise Commissioner Agra||District Excise Officer Mathura
2024_DEO19_903090_1,1334/2024/BS SHOP Chibramau bypass,BS SHOP Chibramau bypass,,,,,,,,,,,,,,,,Uttar Pradesh Excise Department||Joint Excise Commissioner Agra||Deputy Excise Commissioner Kanpur||District Excise Officer  Kannauj,,,,,,"31,000",,2024-04-01,Uttar Pradesh Excise Department||Joint Excise Commissioner Agra||Deputy Excise Commissioner Kanpur||District Excise Officer  Kannauj
2024_DEO16_900680_1,1249/17.02.2024,FL MALASA,,,,,,,,,,,,,,,,Uttar Pradesh Excise Department||Joint Excise Commissioner Agra||Deputy Excise Commissioner Kanpur||District Excise Officer Kanpur Dehat,,,,,,"125,000",,2024-04-01,Uttar Pradesh Excise Department||Joint Excise Commissioner Agra||Deputy Excise Commissioner Kanpur||District Excise Officer Kanpur Dehat
2024_DEO16_900685_1,1249/17.02.2024,FL ROORA,,,,,,,,,,,,,,,,Uttar Pradesh Excise Department||Joint Excise Commissioner Agra||Deputy Excise Commissioner Kanpur||District Excise Officer Kanpur Dehat,,,,,,"1,886,000",,2024-04-01,Uttar Pradesh Excise Department||Joint Excise Commissioner Agra||Deputy Excise Commissioner Kanpur||District Excise Officer Kanpur Dehat
2024_DEO16_900692_1,1249/17.02.2024,FL ANGADPUR,,,,,,,,,,,,,,,,Uttar Pradesh Excise Department||Joint Excise Commissioner Agra||Deputy Excise Commissioner Kanpur||District Excise Officer Kanpur Dehat,,,,,,"2,075,000",,2024-04-01,Uttar Pradesh Excise Department||Joint Excise Commissioner Agra||Deputy Excise Commissioner Kanpur||District Excise Officer Kanpur Dehat
2024_DEO16_900627_1,1249/17.02.2024,CL ANGATPUR A,,,,,,,,,,,,,,,,Uttar Pradesh Excise Department||Joint Excise Commissioner Agra||Deputy Excise Commissioner Kanpur||District Excise Officer Kanpur Dehat,,,,,,"20,820",,2024-04-01,Uttar Pradesh Excise Department||Joint Excise Commissioner Agra||Deputy Excise Commissioner Kanpur||District Excise Officer Kanpur Dehat
2024_DEO16_900643_1,1249/17.02.2024,CL ANGATPUR B,,,,,,,,,,,,,,,,Uttar Pradesh Excise Department||Joint Excise Commissioner Agra||Deputy Excise Commissioner Kanpur||District Excise Officer Kanpur Dehat,,,,,,"22,236",,2024-04-01,Uttar Pradesh Excise Department||Joint Excise Commissioner Agra||Deputy Excise Commissioner Kanpur||District Excise Officer Kanpur Dehat
2024_DEO16_900662_1,1249/17.02.2024,MS RASOOLABAD,,,,,,,,,,,,,,,,Uttar Pradesh Excise Department||Joint Excise Commissioner Agra||Deputy Excise Commissioner Kanpur||District Excise Officer Kanpur Dehat,,,,,,"2,795,000",,2024-04-01,Uttar Pradesh Excise Department||Joint Excise Commissioner Agra||Deputy Excise Commissioner Kanpur||District Excise Officer Kanpur Dehat
2024_DEO16_900670_1,1249/17.02.2024,FL SATTI ROAD,,,,,,,,,,,,,,,,Uttar Pradesh Excise Department||Joint Excise Commissioner Agra||Deputy Excise Commissioner Kanpur||District Excise Officer Kanpur Dehat,,,,,,"910,000",,2024-04-01,Uttar Pradesh Excise Department||Joint Excise Commissioner Agra||Deputy Excise Commissioner Kanpur||District Excise Officer Kanpur Dehat
2024_DEO16_900676_1,1249/17.02.2024,FL DEVIPURVA CHAURAHA,,,,,,,,,,,,,,,,Uttar Pradesh Excise Department||Joint Excise Commissioner Agra||Deputy Excise Commissioner Kanpur||District Excise Officer Kanpur Dehat,,,,,,"910,000",,2024-04-01,Uttar Pradesh Excise Department||Joint Excise Commissioner Agra||Deputy Excise Commissioner Kanpur||District Excise Officer Kanpur Dehat
2024_DEO12_904228_1,MODEL SHOP SIPRI BAZAR-B DATE 19.02.2024,MODEL SHOP SIPRI BAZAR-B,,,,,,,,,,,,,,,,Uttar Pradesh Excise Department||Joint Excise Commissioner Agra||Deputy Excise Commissioner Jhansi||District Excise Officer Jhansi,,,,,,"2,960,000",,2024-04-01,Uttar Pradesh Excise Department||Joint Excise Commissioner Agra||Deputy Excise Commissioner Jhansi||District Excise Officer Jhansi
2024_DEO14_900944_1,3656/05 ABKARI/DATE 19-02-2024,COUNTRY LIQUOR SHOP GOPALGANJ ORAI,,,,,,,,,,,,,,,,Uttar Pradesh Excise Department||Joint Excise Commissioner Agra||Deputy Excise Commissioner Jhansi||District Excise Officer Jalaun,,,,,,"80,970",,2024-04-01,Uttar Pradesh Excise Department||Joint Excise Commissioner Agra||Deputy Excise Commissioner Jhansi||District Excise Officer Jalaun
2024_DEO14_901124_1,3656/05 ABKARI/DATE 19-02-2024,CL SHOP JALAUN NO 1,,,,,,,,,,,,,,,,Uttar Pradesh Excise Department||Joint Excise Commissioner Agra||Deputy Excise Commissioner Jhansi||District Excise Officer Jalaun,,,,,,"63,888",,2024-04-01,Uttar Pradesh Excise Department||Joint Excise Commissioner Agra||Deputy Excise Commissioner Jhansi||District Excise Officer Jalaun
2024_DEO14_901238_1,3656/05 ABKARI/DATE 19-02-2024,CL SHOP KUSMARA,,,,,,,,,,,,,,,,Uttar Pradesh Excise Department||Joint Excise Commissioner Agra||Deputy Excise Commissioner Jhansi||District Excise Officer Jalaun,,,,,,"23,097",,2024-04-01,Uttar Pradesh Excise Department||Joint Excise Commissioner Agra||Deputy Excise Commissioner Jhansi||District Excise Officer Jalaun
2024_DEO14_901256_1,3656/05 ABKARI/DATE 19-02-2024,CL SHOP VASEETH,,,,,,,,,,,,,,,,Uttar Pradesh Excise Department||Joint Excise Commissioner Agra||Deputy Excise Commissioner Jhansi||District Excise Officer Jalaun,,,,,,"11,570",,2024-04-01,Uttar Pradesh Excise Department||Joint Excise Commissioner Agra||Deputy Excise Commissioner Jhansi||District Excise Officer Jalaun
2024_DEO14_901343_1,3656/05 ABKARI/DATE 19-02-2024,CL SHOP MAHEWA (B),,,,,,,,,,,,,,,,Uttar Pradesh Excise Department||Joint Excise Commissioner Agra||Deputy Excise Commissioner Jhansi||District Excise Officer Jalaun,,,,,,"11,451",,2024-04-01,Uttar Pradesh Excise Department||Joint Excise Commissioner Agra||Deputy Excise Commissioner Jhansi||District Excise Officer Jalaun
2024_DEO12_904030_1,FL IMLIYA DATE 19-02-2024,FL IMLIYA,,,,,,,,,,,,,,,,Uttar Pradesh Excise Department||Joint Excise Commissioner Agra||Deputy Excise Commissioner Jhansi||District Excise Officer Jhansi,,,,,,"120,000",,2024-04-01,Uttar Pradesh Excise Department||Joint Excise Commissioner Agra||Deputy Excise Commissioner Jhansi||District Excise Officer Jhansi
2024_DEO12_904068_1,FL ULDAN DATE 19-02-2024,FL ULDAN,,,,,,,,,,,,,,,,Uttar Pradesh Excise Department||Joint Excise Commissioner Agra||Deputy Excise Commissioner Jhansi||District Excise Officer Jhansi,,,,,,"175,000",,2024-04-01,Uttar Pradesh Excise Department||Joint Excise Commissioner Agra||Deputy Excise Commissioner Jhansi||District Excise Officer Jhansi
2024_DEO12_904076_1,FL EARCH DATE 19-02-2024,FL EARCH,,,,,,,,,,,,,,,,Uttar Pradesh Excise Department||Joint Excise Commissioner Agra||Deputy Excise Commissioner Jhansi||District Excise Officer Jhansi,,,,,,"815,000",,2024-04-01,Uttar Pradesh Excise Department||Joint Excise Commissioner Agra||Deputy Excise Commissioner Jhansi||District Excise Officer Jhansi
2024_DEO12_904178_1,BE MANIK CHAUK-B DATE 19.02.2024,BEER MANIK CHAUK-B,,,,,,,,,,,,,,,,Uttar Pradesh Excise Department||Joint Excise Commissioner Agra||Deputy Excise Commissioner Jhansi||District Excise Officer Jhansi,,,,,,"420,000",,2024-04-01,Uttar Pradesh Excise Department||Joint Excise Commissioner Agra||Deputy Excise Commissioner Jhansi||District Excise Officer Jhansi
2024_DEO12_904178_1,BE MANIK CHAUK-B DATE 19.02.2024,BEER MANIK CHAUK-B,,,,,,,,,,,,,,,,Uttar Pradesh Excise Department||Joint Excise Commissioner Agra||Deputy Excise Commissioner Jhansi||District Excise Officer Jhansi,,,,,,"420,000",,2024-04-01,Uttar Pradesh Excise Department||Joint Excise Commissioner Agra||Deputy Excise Commissioner Jhansi||District Excise Officer Jhansi
2024_DEO12_904200_1,BHANG SHOP SAMTHAR-B DATE 19.02.2024,BHANG SHOP SAMTHAR-B,,,,,,,,,,,,,,,,Uttar Pradesh Excise Department||Joint Excise Commissioner Agra||Deputy Excise Commissioner Jhansi||District Excise Officer Jhansi,,,,,,"271,000",,2024-04-01,Uttar Pradesh Excise Department||Joint Excise Commissioner Agra||Deputy Excise Commissioner Jhansi||District Excise Officer Jhansi
2024_DEO12_904220_1,MODEL SHOP JAIL CHAURAHA DATE 19.02.2024,MODEL SHOP JAIL CHAURAHA,,,,,,,,,,,,,,,,Uttar Pradesh Excise Department||Joint Excise Commissioner Agra||Deputy Excise Commissioner Jhansi||District Excise Officer Jhansi,,,,,,"4,855,000",,2024-04-01,Uttar Pradesh Excise Department||Joint Excise Commissioner Agra||Deputy Excise Commissioner Jhansi||District Excise Officer Jhansi
2024_DEO12_904220_1,MODEL SHOP JAIL CHAURAHA DATE 19.02.2024,MODEL SHOP JAIL CHAURAHA,,,,,,,,,,,,,,,,Uttar Pradesh Excise Department||Joint Excise Commissioner Agra||Deputy Excise Commissioner Jhansi||District Excise Officer Jhansi,,,,,,"4,855,000",,2024-04-01,Uttar Pradesh Excise Department||Joint Excise Commissioner Agra||Deputy Excise Commissioner Jhansi||District Excise Officer Jhansi
2024_DEO12_904223_1,MODEL SHOP STATION ROAD DATE 19.02.2024,MODEL SHOP STATION ROAD,,,,,,,,,,,,,,,,Uttar Pradesh Excise Department||Joint Excise Commissioner Agra||Deputy Excise Commissioner Jhansi||District Excise Officer Jhansi,,,,,,"6,955,000",,2024-04-01,Uttar Pradesh Excise Department||Joint Excise Commissioner Agra||Deputy Excise Commissioner Jhansi||District Excise Officer Jhansi
2024_DEO12_903442_1,CL JEEVAN SHAH DATE 19.02.204,CL JEEVAN SHAH,,,,,,,,,,,,,,,,Uttar Pradesh Excise Department||Joint Excise Commissioner Agra||Deputy Excise Commissioner Jhansi||District Excise Officer Jhansi,,,,,,"1,965,000",,2024-04-01,Uttar Pradesh Excise Department||Joint Excise Commissioner Agra||Deputy Excise Commissioner Jhansi||District Excise Officer Jhansi
2024_DEO12_903462_1,CL MAHAVEERAN PURA DATE 19.02.2024,CL MAHAVEERAN PURA,,,,,,,,,,,,,,,,Uttar Pradesh Excise Department||Joint Excise Commissioner Agra||Deputy Excise Commissioner Jhansi||District Excise Officer Jhansi,,,,,,"1,860,000",,2024-04-01,Uttar Pradesh Excise Department||Joint Excise Commissioner Agra||Deputy Excise Commissioner Jhansi||District Excise Officer Jhansi
2024_DEO12_903852_1,CL DHANAURA DATE 19-02-2024,CL DHANAURA,,,,,,,,,,,,,,,,Uttar Pradesh Excise Department||Joint Excise Commissioner Agra||Deputy Excise Commissioner Jhansi||District Excise Officer Jhansi,,,,,,"428,000",,2024-04-01,Uttar Pradesh Excise Department||Joint Excise Commissioner Agra||Deputy Excise Commissioner Jhansi||District Excise Officer Jhansi
2024_DEO12_903852_1,CL DHANAURA DATE 19-02-2024,CL DHANAURA,,,,,,,,,,,,,,,,Uttar Pradesh Excise Department||Joint Excise Commissioner Agra||Deputy Excise Commissioner Jhansi||District Excise Officer Jhansi,,,,,,"428,000",,2024-04-01,Uttar Pradesh Excise Department||Joint Excise Commissioner Agra||Deputy Excise Commissioner Jhansi||District Excise Officer Jhansi
2024_DEO12_903852_1,CL DHANAURA DATE 19-02-2024,CL DHANAURA,,,,,,,,,,,,,,,,Uttar Pradesh Excise Department||Joint Excise Commissioner Agra||Deputy Excise Commissioner Jhansi||District Excise Officer Jhansi,,,,,,"428,000",,2024-04-01,Uttar Pradesh Excise Department||Joint Excise Commissioner Agra||Deputy Excise Commissioner Jhansi||District Excise Officer Jhansi
2024_DEO12_903852_1,CL DHANAURA DATE 19-02-2024,CL DHANAURA,,,,,,,,,,,,,,,,Uttar Pradesh Excise Department||Joint Excise Commissioner Agra||Deputy Excise Commissioner Jhansi||District Excise Officer Jhansi,,,,,,"428,000",,2024-04-01,Uttar Pradesh Excise Department||Joint Excise Commissioner Agra||Deputy Excise Commissioner Jhansi||District Excise Officer Jhansi
2024_DEO12_903852_1,CL DHANAURA DATE 19-02-2024,CL DHANAURA,,,,,,,,,,,,,,,,Uttar Pradesh Excise Department||Joint Excise Commissioner Agra||Deputy Excise Commissioner Jhansi||District Excise Officer Jhansi,,,,,,"428,000",,2024-04-01,Uttar Pradesh Excise Department||Joint Excise Commissioner Agra||Deputy Excise Commissioner Jhansi||District Excise Officer Jhansi
2024_DEO12_903893_1,CL SARSEDA-A DATE 19-02-2024,CL SARSEDA-A,,,,,,,,,,,,,,,,Uttar Pradesh Excise Department||Joint Excise Commissioner Agra||Deputy Excise Commissioner Jhansi||District Excise Officer Jhansi,,,,,,"553,000",,2024-04-01,Uttar Pradesh Excise Department||Joint Excise Commissioner Agra||Deputy Excise Commissioner Jhansi||District Excise Officer Jhansi
2024_DEO12_903923_1,CL TAHARAULI KHAS-B DATE 19-02-2024,CL TAHARAULI KHAS-B,,,,,,,,,,,,,,,,Uttar Pradesh Excise Department||Joint Excise Commissioner Agra||Deputy Excise Commissioner Jhansi||District Excise Officer Jhansi,,,,,,"323,000",,2024-04-01,Uttar Pradesh Excise Department||Joint Excise Commissioner Agra||Deputy Excise Commissioner Jhansi||District Excise Officer Jhansi
2024_DEO12_903336_1,CL PREM GANJ DATE 19.02.2024,CL PREM GANJ,,,,,,,,,,,,,,,,Uttar Pradesh Excise Department||Joint Excise Commissioner Agra||Deputy Excise Commissioner Jhansi||District Excise Officer Jhansi,,,,,,"1,432,000",,2024-04-01,Uttar Pradesh Excise Department||Joint Excise Commissioner Agra||Deputy Excise Commissioner Jhansi||District Excise Officer Jhansi
2024_DEO12_903336_1,CL PREM GANJ DATE 19.02.2024,CL PREM GANJ,,,,,,,,,,,,,,,,Uttar Pradesh Excise Department||Joint Excise Commissioner Agra||Deputy Excise Commissioner Jhansi||District Excise Officer Jhansi,,,,,,"1,432,000",,2024-04-01,Uttar Pradesh Excise Department||Joint Excise Commissioner Agra||Deputy Excise Commissioner Jhansi||District Excise Officer Jhansi
2024_DEO12_903336_1,CL PREM GANJ DATE 19.02.2024,CL PREM GANJ,,,,,,,,,,,,,,,,Uttar Pradesh Excise Department||Joint Excise Commissioner Agra||Deputy Excise Commissioner Jhansi||District Excise Officer Jhansi,,,,,,"1,432,000",,2024-04-01,Uttar Pradesh Excise Department||Joint Excise Commissioner Agra||Deputy Excise Commissioner Jhansi||District Excise Officer Jhansi
2024_DEO12_903360_1,CL NAINAGARH,CL NAINAGARH,,,,,,,,,,,,,,,,Uttar Pradesh Excise Department||Joint Excise Commissioner Agra||Deputy Excise Commissioner Jhansi||District Excise Officer Jhansi,,,,,,"1,203,000",,2024-04-01,Uttar Pradesh Excise Department||Joint Excise Commissioner Agra||Deputy Excise Commissioner Jhansi||District Excise Officer Jhansi
2024_DEO12_903380_1,CL MASEEHA GANJ DATE 19.02.2024,CL MASEEHAGANJ,,,,,,,,,,,,,,,,Uttar Pradesh Excise Department||Joint Excise Commissioner Agra||Deputy Excise Commissioner Jhansi||District Excise Officer Jhansi,,,,,,"3,854,000",,2024-04-01,Uttar Pradesh Excise Department||Joint Excise Commissioner Agra||Deputy Excise Commissioner Jhansi||District Excise Officer Jhansi
2024_DEO10_900536_23,430/E-TENDER/EXCISE/HAMIRPUR,CL KAITHA,,,,,,,,,,,,,,,,Uttar Pradesh Excise Department||Joint Excise Commissioner Agra||Deputy Excise Commissioner Chitrakoot Dham||District Excise Officer Hamirpur,,,,,,"15,312",,2024-04-15,Uttar Pradesh Excise Department||Joint Excise Commissioner Agra||Deputy Excise Commissioner Chitrakoot Dham||District Excise Officer Hamirpur
2024_DEO10_900536_23,430/E-TENDER/EXCISE/HAMIRPUR,CL KAITHA,,,,,,,,,,,,,,,,Uttar Pradesh Excise Department||Joint Excise Commissioner Agra||Deputy Excise Commissioner Chitrakoot Dham||District Excise Officer Hamirpur,,,,,,"15,312",,2024-04-15,Uttar Pradesh Excise Department||Joint Excise Commissioner Agra||Deputy Excise Commissioner Chitrakoot Dham||District Excise Officer Hamirpur
2024_DEO10_900536_31,430/E-TENDER/EXCISE/HAMIRPUR,CL BANGRA,,,,,,,,,,,,,,,,Uttar Pradesh Excise Department||Joint Excise Commissioner Agra||Deputy Excise Commissioner Chitrakoot Dham||District Excise Officer Hamirpur,,,,,,"15,636",,2024-04-01,Uttar Pradesh Excise Department||Joint Excise Commissioner Agra||Deputy Excise Commissioner Chitrakoot Dham||District Excise Officer Hamirpur
2024_DEO10_900536_36,430/E-TENDER/EXCISE/HAMIRPUR,CL SAUKHAR,,,,,,,,,,,,,,,,Uttar Pradesh Excise Department||Joint Excise Commissioner Agra||Deputy Excise Commissioner Chitrakoot Dham||District Excise Officer Hamirpur,,,,,,"7,704",,2024-04-24,Uttar Pradesh Excise Department||Joint Excise Commissioner Agra||Deputy Excise Commissioner Chitrakoot Dham||District Excise Officer Hamirpur
2024_DEO10_900536_13,430/E-TENDER/EXCISE/HAMIRPUR,CL KUTUBPUR-(A),,,,,,,,,,,,,,,,Uttar Pradesh Excise Department||Joint Excise Commissioner Agra||Deputy Excise Commissioner Chitrakoot Dham||District Excise Officer Hamirpur,,,,,,"13,344",,2024-04-24,Uttar Pradesh Excise Department||Joint Excise Commissioner Agra||Deputy Excise Commissioner Chitrakoot Dham||District Excise Officer Hamirpur
2024_DEO10_900536_13,430/E-TENDER/EXCISE/HAMIRPUR,CL KUTUBPUR-(A),,,,,,,,,,,,,,,,Uttar Pradesh Excise Department||Joint Excise Commissioner Agra||Deputy Excise Commissioner Chitrakoot Dham||District Excise Officer Hamirpur,,,,,,"13,344",,2024-04-24,Uttar Pradesh Excise Department||Joint Excise Commissioner Agra||Deputy Excise Commissioner Chitrakoot Dham||District Excise Officer Hamirpur
2024_CEUVZ_908396_6,"646/183COM-VNS CIRCLE/2023-24, DATE-17.02.2024","Pindra se pindra hault Station se kanakpur marg pr samany marammt ke sath navinikarn ka karya (any jila marg) km 1(800)2,3,4,5,6(300)",,,,,,,,,,,,,,,,"Chief Engineer PWD Varanasi Zone||S.E. Varanasi Circle,PWD, Varanasi||CONSTURCTION DIVISION 1 PWD VARANASI",,,,,,"4,305,643.43",,2024-04-12,"Chief Engineer PWD Varanasi Zone||S.E. Varanasi Circle,PWD, Varanasi||CONSTURCTION DIVISION 1 PWD VARANASI"
2024_CEUVZ_908396_6,"646/183COM-VNS CIRCLE/2023-24, DATE-17.02.2024","Pindra se pindra hault Station se kanakpur marg pr samany marammt ke sath navinikarn ka karya (any jila marg) km 1(800)2,3,4,5,6(300)",,,,,,,,,,,,,,,,"Chief Engineer PWD Varanasi Zone||S.E. Varanasi Circle,PWD, Varanasi||CONSTURCTION DIVISION 1 PWD VARANASI",,,,,,"4,305,643.43",,2024-04-12,"Chief Engineer PWD Varanasi Zone||S.E. Varanasi Circle,PWD, Varanasi||CONSTURCTION DIVISION 1 PWD VARANASI"
2024_CEUVZ_908396_6,"646/183COM-VNS CIRCLE/2023-24, DATE-17.02.2024","Pindra se pindra hault Station se kanakpur marg pr samany marammt ke sath navinikarn ka karya (any jila marg) km 1(800)2,3,4,5,6(300)",,,,,,,,,,,,,,,,"Chief Engineer PWD Varanasi Zone||S.E. Varanasi Circle,PWD, Varanasi||CONSTURCTION DIVISION 1 PWD VARANASI",,,,,,"4,305,643.43",,2024-04-12,"Chief Engineer PWD Varanasi Zone||S.E. Varanasi Circle,PWD, Varanasi||CONSTURCTION DIVISION 1 PWD VARANASI"
2024_CEUVZ_908396_6,"646/183COM-VNS CIRCLE/2023-24, DATE-17.02.2024","Pindra se pindra hault Station se kanakpur marg pr samany marammt ke sath navinikarn ka karya (any jila marg) km 1(800)2,3,4,5,6(300)",,,,,,,,,,,,,,,,"Chief Engineer PWD Varanasi Zone||S.E. Varanasi Circle,PWD, Varanasi||CONSTURCTION DIVISION 1 PWD VARANASI",,,,,,"4,305,643.43",,2024-04-12,"Chief Engineer PWD Varanasi Zone||S.E. Varanasi Circle,PWD, Varanasi||CONSTURCTION DIVISION 1 PWD VARANASI"
2024_CEUVZ_907617_10,758/53M-Mzp Circle/2024 Dated 15-02-2024,Renewal With General Repair of Obra to Parsoi Link Road,,,,,,,,,,,,,,,,"Chief Engineer PWD Varanasi Zone||S.E. Sonebhadra Circle,PWD, Sonebhadra||PROVINCIAL DIVISON PWD SONEBHADRA",,,,,,"4,170,893.28",,2024-04-18,"Chief Engineer PWD Varanasi Zone||S.E. Sonebhadra Circle,PWD, Sonebhadra||PROVINCIAL DIVISON PWD SONEBHADRA"
2024_CEUVZ_907617_10,758/53M-Mzp Circle/2024 Dated 15-02-2024,Renewal With General Repair of Obra to Parsoi Link Road,,,,,,,,,,,,,,,,"Chief Engineer PWD Varanasi Zone||S.E. Sonebhadra Circle,PWD, Sonebhadra||PROVINCIAL DIVISON PWD SONEBHADRA",,,,,,"4,170,893.28",,2024-04-18,"Chief Engineer PWD Varanasi Zone||S.E. Sonebhadra Circle,PWD, Sonebhadra||PROVINCIAL DIVISON PWD SONEBHADRA"
2024_CEUVZ_906887_1,493/4A  date 21-02-2024,Patch Repair works of different Village Road in  Vidhan Sabha Kerakat.,,,,,,,,,,,,,,,,"Chief Engineer PWD Varanasi Zone||S.E. Jaunpur - Ghazipur Circle PWD Jaunpur||Construction Division - 2, PWD Jaunpur",,,,,,"991,371.61",,2024-04-12,"Chief Engineer PWD Varanasi Zone||S.E. Jaunpur - Ghazipur Circle PWD Jaunpur||Construction Division - 2, PWD Jaunpur"
2024_CEUVZ_906887_6,493/4A  date 21-02-2024,Patch Repair works of different Other District Road (ODR) in Vidhan Sabha Malhani.,,,,,,,,,,,,,,,,"Chief Engineer PWD Varanasi Zone||S.E. Jaunpur - Ghazipur Circle PWD Jaunpur||Construction Division - 2, PWD Jaunpur",,,,,,"674,600.35",,2024-04-02,"Chief Engineer PWD Varanasi Zone||S.E. Jaunpur - Ghazipur Circle PWD Jaunpur||Construction Division - 2, PWD Jaunpur"
2024_CEUVZ_906887_6,493/4A  date 21-02-2024,Patch Repair works of different Other District Road (ODR) in Vidhan Sabha Malhani.,,,,,,,,,,,,,,,,"Chief Engineer PWD Varanasi Zone||S.E. Jaunpur - Ghazipur Circle PWD Jaunpur||Construction Division - 2, PWD Jaunpur",,,,,,"674,600.35",,2024-04-02,"Chief Engineer PWD Varanasi Zone||S.E. Jaunpur - Ghazipur Circle PWD Jaunpur||Construction Division - 2, PWD Jaunpur"
2024_CEUVZ_906887_6,493/4A  date 21-02-2024,Patch Repair works of different Other District Road (ODR) in Vidhan Sabha Malhani.,,,,,,,,,,,,,,,,"Chief Engineer PWD Varanasi Zone||S.E. Jaunpur - Ghazipur Circle PWD Jaunpur||Construction Division - 2, PWD Jaunpur",,,,,,"674,600.35",,2024-04-02,"Chief Engineer PWD Varanasi Zone||S.E. Jaunpur - Ghazipur Circle PWD Jaunpur||Construction Division - 2, PWD Jaunpur"
2024_CEUVZ_906919_2,791/SE Tender/jnp-gzp circle/23 date 23-02-2024,Renewal of Mubarakpur gangauli saraya jahurabad sipah mata gandhinagar varachawar road,,,,,,,,,,,,,,,,Chief Engineer PWD Varanasi Zone||S.E. Jaunpur - Ghazipur Circle PWD Jaunpur,,,,,,"20,240,080.5",,2024-04-08,Chief Engineer PWD Varanasi Zone||S.E. Jaunpur - Ghazipur Circle PWD Jaunpur
2024_CEUVZ_907036_4,398/9A Dated 23-02-2024,Patch Repair Work at SH and ODR roads in Vikash khand Sujanganj in Distt Jaunpur,,,,,,,,,,,,,,,,"Chief Engineer PWD Varanasi Zone||S.E. Jaunpur - Ghazipur Circle PWD Jaunpur||Construction Division, PWD Jaunpur",,,,,,"793,711.32",,2024-04-04,"Chief Engineer PWD Varanasi Zone||S.E. Jaunpur - Ghazipur Circle PWD Jaunpur||Construction Division, PWD Jaunpur"
2024_CEUVZ_907036_4,398/9A Dated 23-02-2024,Patch Repair Work at SH and ODR roads in Vikash khand Sujanganj in Distt Jaunpur,,,,,,,,,,,,,,,,"Chief Engineer PWD Varanasi Zone||S.E. Jaunpur - Ghazipur Circle PWD Jaunpur||Construction Division, PWD Jaunpur",,,,,,"793,711.32",,2024-04-04,"Chief Engineer PWD Varanasi Zone||S.E. Jaunpur - Ghazipur Circle PWD Jaunpur||Construction Division, PWD Jaunpur"
2024_CEUVZ_906887_1,493/4A  date 21-02-2024,Patch Repair works of different Village Road in  Vidhan Sabha Kerakat.,,,,,,,,,,,,,,,,"Chief Engineer PWD Varanasi Zone||S.E. Jaunpur - Ghazipur Circle PWD Jaunpur||Construction Division - 2, PWD Jaunpur",,,,,,"991,371.61",,2024-04-12,"Chief Engineer PWD Varanasi Zone||S.E. Jaunpur - Ghazipur Circle PWD Jaunpur||Construction Division - 2, PWD Jaunpur"
2024_CEUVZ_904150_5,620/53 M-MZP Circle/24 Date-08.02.2024,General Repair and Renewal with PC on Pokhara se Tendual link road PMGSY Km 1-12 (800),,,,,,,,,,,,,,,,"Chief Engineer PWD Varanasi Zone||S.E. Sonebhadra Circle,PWD, Sonebhadra||Contruction Division,PWD ,Sonebhadra",,,,,,"7,108,058.06",,2024-04-03,"Chief Engineer PWD Varanasi Zone||S.E. Sonebhadra Circle,PWD, Sonebhadra||Contruction Division,PWD ,Sonebhadra"
2024_CEUVZ_904422_2,439/4A  Date. 22.02.2024,Ramauli Shahidganv Se Salempur Sampark Marg,,,,,,,,,,,,,,,,"Chief Engineer PWD Varanasi Zone||S.E. Varanasi Circle,PWD, Varanasi||PROVINCIAL DIVISION PWD CHANDAULI",,,,,,"1,193,148",,2024-04-04,"Chief Engineer PWD Varanasi Zone||S.E. Varanasi Circle,PWD, Varanasi||PROVINCIAL DIVISION PWD CHANDAULI"
2024_CEUVZ_904422_3,439/4A  Date. 22.02.2024,Chandauli Kaili Marg Ke Km 8 Se Sadlapura Se Dayalpur Sampark Marg,,,,,,,,,,,,,,,,"Chief Engineer PWD Varanasi Zone||S.E. Varanasi Circle,PWD, Varanasi||PROVINCIAL DIVISION PWD CHANDAULI",,,,,,"1,398,297.8",,2024-04-26,"Chief Engineer PWD Varanasi Zone||S.E. Varanasi Circle,PWD, Varanasi||PROVINCIAL DIVISION PWD CHANDAULI"
2024_CEUVZ_904422_4,439/4A  Date. 22.02.2024,Raitha Sampark Marg,,,,,,,,,,,,,,,,"Chief Engineer PWD Varanasi Zone||S.E. Varanasi Circle,PWD, Varanasi||PROVINCIAL DIVISION PWD CHANDAULI",,,,,,"2,265,010.9",,2024-04-26,"Chief Engineer PWD Varanasi Zone||S.E. Varanasi Circle,PWD, Varanasi||PROVINCIAL DIVISION PWD CHANDAULI"
2024_CEUVZ_904765_1,531/SE Tender/jnp-gzp circle/23 date 13-02-2024,"Renewal of Suris Pakkhanpur Argupur (ODR) Road Km 1,2,3,4,5,6,7(600)",,,,,,,,,,,,,,,,Chief Engineer PWD Varanasi Zone||S.E. Jaunpur - Ghazipur Circle PWD Jaunpur,,,,,,"6,105,163.73",,2024-04-27,Chief Engineer PWD Varanasi Zone||S.E. Jaunpur - Ghazipur Circle PWD Jaunpur
2024_CEUVZ_904765_1,531/SE Tender/jnp-gzp circle/23 date 13-02-2024,"Renewal of Suris Pakkhanpur Argupur (ODR) Road Km 1,2,3,4,5,6,7(600)",,,,,,,,,,,,,,,,Chief Engineer PWD Varanasi Zone||S.E. Jaunpur - Ghazipur Circle PWD Jaunpur,,,,,,"6,105,163.73",,2024-04-27,Chief Engineer PWD Varanasi Zone||S.E. Jaunpur - Ghazipur Circle PWD Jaunpur
2024_CEUVZ_903890_6,620/53 M-MZP Circle/24 Date-08.02.2024,General Repair and Renewal with PC on  Chauna se Machabandhawa link road evam 60 Meeter Rapata ka nirman,,,,,,,,,,,,,,,,"Chief Engineer PWD Varanasi Zone||S.E. Sonebhadra Circle,PWD, Sonebhadra||Contruction Division,PWD ,Sonebhadra",,,,,,"4,489,672.71",,2024-04-03,"Chief Engineer PWD Varanasi Zone||S.E. Sonebhadra Circle,PWD, Sonebhadra||Contruction Division,PWD ,Sonebhadra"
2024_CEUVZ_903890_6,620/53 M-MZP Circle/24 Date-08.02.2024,General Repair and Renewal with PC on  Chauna se Machabandhawa link road evam 60 Meeter Rapata ka nirman,,,,,,,,,,,,,,,,"Chief Engineer PWD Varanasi Zone||S.E. Sonebhadra Circle,PWD, Sonebhadra||Contruction Division,PWD ,Sonebhadra",,,,,,"4,489,672.71",,2024-04-03,"Chief Engineer PWD Varanasi Zone||S.E. Sonebhadra Circle,PWD, Sonebhadra||Contruction Division,PWD ,Sonebhadra"
2024_CEUVZ_900820_1,619/53 M-MZP Circle/24 Date-08.02.2024,General Repair and Renewal with PC on MMBCB marg ke KM 17 se Chattisgadh border tak vaya Lilasi Kudari Dhankhor Sagobandh Manrutola (ODR). 5 Years Maintenance,,,,,,,,,,,,,,,,"Chief Engineer PWD Varanasi Zone||S.E. Sonebhadra Circle,PWD, Sonebhadra||Contruction Division,PWD ,Sonebhadra",,,,,,"54,417,175",,2024-04-15,"Chief Engineer PWD Varanasi Zone||S.E. Sonebhadra Circle,PWD, Sonebhadra||Contruction Division,PWD ,Sonebhadra"
2024_CEUVZ_901500_1,489/6A Dated 15-02-2024,Reconstruction of Nadahari Link Road,,,,,,,,,,,,,,,,"Chief Engineer PWD Varanasi Zone||S.E. Sonebhadra Circle,PWD, Sonebhadra||PROVINCIAL DIVISON PWD SONEBHADRA",,,,,,"1,423,233",,2024-04-26,"Chief Engineer PWD Varanasi Zone||S.E. Sonebhadra Circle,PWD, Sonebhadra||PROVINCIAL DIVISON PWD SONEBHADRA"
2024_CEUVZ_900688_1,236/9A Dated 12-02-2024,SR Work of Harun Khan Mustafabad ke ghar ke pas Pakki Sadak se Baba Yadav ke ghar tak Link Road in Distt  Jaunpur,,,,,,,,,,,,,,,,"Chief Engineer PWD Varanasi Zone||S.E. Jaunpur - Ghazipur Circle PWD Jaunpur||Construction Division, PWD Jaunpur",,,,,,"1,542,876.13",,2024-04-04,"Chief Engineer PWD Varanasi Zone||S.E. Jaunpur - Ghazipur Circle PWD Jaunpur||Construction Division, PWD Jaunpur"
2024_CEUVZ_900688_1,236/9A Dated 12-02-2024,SR Work of Harun Khan Mustafabad ke ghar ke pas Pakki Sadak se Baba Yadav ke ghar tak Link Road in Distt  Jaunpur,,,,,,,,,,,,,,,,"Chief Engineer PWD Varanasi Zone||S.E. Jaunpur - Ghazipur Circle PWD Jaunpur||Construction Division, PWD Jaunpur",,,,,,"1,542,876.13",,2024-04-04,"Chief Engineer PWD Varanasi Zone||S.E. Jaunpur - Ghazipur Circle PWD Jaunpur||Construction Division, PWD Jaunpur"
2024_CEUVZ_899375_2,172/3A Date-24.01.2024,Devhar purvi link road par punarnirman ka karya,,,,,,,,,,,,,,,,"Chief Engineer PWD Varanasi Zone||S.E. Sonebhadra Circle,PWD, Sonebhadra||Contruction Division,PWD ,Sonebhadra",,,,,,"1,980,381.69",,2024-04-03,"Chief Engineer PWD Varanasi Zone||S.E. Sonebhadra Circle,PWD, Sonebhadra||Contruction Division,PWD ,Sonebhadra"
2024_CEUVZ_897889_22,264/2A DT 02-02-2024,RENEWAL OF DEVARIYA TO NAI BASTI LINK ROAD,,,,,,,,,,,,,,,,"Chief Engineer PWD Varanasi Zone||S.E. Mirzapur Circle,PWD, Mirzapur||CONSTRUCTION DIVISION 2 PWD MIRZAPUR",,,,,,"719,854",,2024-04-06,"Chief Engineer PWD Varanasi Zone||S.E. Mirzapur Circle,PWD, Mirzapur||CONSTRUCTION DIVISION 2 PWD MIRZAPUR"
2024_CEUVZ_898015_2,427/10 LEKHA DT. 07.02.2024,SR of Mardah Jalalabad Lr to Dhanbaur tak sampark marg,,,,,,,,,,,,,,,,"Chief Engineer PWD Varanasi Zone||S.E. Jaunpur - Ghazipur Circle PWD Jaunpur||Provincial Division, PWD Ghazipur",,,,,,"2,268,758.42",,2024-04-04,"Chief Engineer PWD Varanasi Zone||S.E. Jaunpur - Ghazipur Circle PWD Jaunpur||Provincial Division, PWD Ghazipur"
2024_CEUVZ_898015_2,427/10 LEKHA DT. 07.02.2024,SR of Mardah Jalalabad Lr to Dhanbaur tak sampark marg,,,,,,,,,,,,,,,,"Chief Engineer PWD Varanasi Zone||S.E. Jaunpur - Ghazipur Circle PWD Jaunpur||Provincial Division, PWD Ghazipur",,,,,,"2,268,758.42",,2024-04-04,"Chief Engineer PWD Varanasi Zone||S.E. Jaunpur - Ghazipur Circle PWD Jaunpur||Provincial Division, PWD Ghazipur"
2024_CEUVZ_898379_1,336/53 M-MZP Circle/23 Date-24.01.2024,Majith Vidyalaya marg par punarnirman ka karya,,,,,,,,,,,,,,,,"Chief Engineer PWD Varanasi Zone||S.E. Sonebhadra Circle,PWD, Sonebhadra||Contruction Division,PWD ,Sonebhadra",,,,,,"3,666,193.01",,2024-04-03,"Chief Engineer PWD Varanasi Zone||S.E. Sonebhadra Circle,PWD, Sonebhadra||Contruction Division,PWD ,Sonebhadra"
2024_CEUVZ_897889_14,264/2A DT 02-02-2024,RENEWAL OF FARHADA LINK ROAD,,,,,,,,,,,,,,,,"Chief Engineer PWD Varanasi Zone||S.E. Mirzapur Circle,PWD, Mirzapur||CONSTRUCTION DIVISION 2 PWD MIRZAPUR",,,,,,"1,077,109",,2024-04-12,"Chief Engineer PWD Varanasi Zone||S.E. Mirzapur Circle,PWD, Mirzapur||CONSTRUCTION DIVISION 2 PWD MIRZAPUR"
2024_CEUVZ_897889_22,264/2A DT 02-02-2024,RENEWAL OF DEVARIYA TO NAI BASTI LINK ROAD,,,,,,,,,,,,,,,,"Chief Engineer PWD Varanasi Zone||S.E. Mirzapur Circle,PWD, Mirzapur||CONSTRUCTION DIVISION 2 PWD MIRZAPUR",,,,,,"719,854",,2024-04-06,"Chief Engineer PWD Varanasi Zone||S.E. Mirzapur Circle,PWD, Mirzapur||CONSTRUCTION DIVISION 2 PWD MIRZAPUR"
2024_CEUVZ_897546_38,99/4A  Date. 12.01.2024,Sakaldiha Amada Se Khor Marg,,,,,,,,,,,,,,,,"Chief Engineer PWD Varanasi Zone||S.E. Varanasi Circle,PWD, Varanasi||PROVINCIAL DIVISION PWD CHANDAULI",,,,,,"1,346,861.79",,2024-04-26,"Chief Engineer PWD Varanasi Zone||S.E. Varanasi Circle,PWD, Varanasi||PROVINCIAL DIVISION PWD CHANDAULI"
2024_CEUVZ_897546_40,99/4A  Date. 12.01.2024,Khor Se Onawal Marg,,,,,,,,,,,,,,,,"Chief Engineer PWD Varanasi Zone||S.E. Varanasi Circle,PWD, Varanasi||PROVINCIAL DIVISION PWD CHANDAULI",,,,,,"1,590,617.79",,2024-04-20,"Chief Engineer PWD Varanasi Zone||S.E. Varanasi Circle,PWD, Varanasi||PROVINCIAL DIVISION PWD CHANDAULI"
2024_CEUVZ_897546_41,99/4A  Date. 12.01.2024,Dedhawal Chauki Se Raipura Marg,,,,,,,,,,,,,,,,"Chief Engineer PWD Varanasi Zone||S.E. Varanasi Circle,PWD, Varanasi||PROVINCIAL DIVISION PWD CHANDAULI",,,,,,"1,506,202.29",,2024-04-20,"Chief Engineer PWD Varanasi Zone||S.E. Varanasi Circle,PWD, Varanasi||PROVINCIAL DIVISION PWD CHANDAULI"
2024_CEUVZ_897546_25,99/4A  Date. 12.01.2024,Sudana Sampark Marg Se Chakmira Marg,,,,,,,,,,,,,,,,"Chief Engineer PWD Varanasi Zone||S.E. Varanasi Circle,PWD, Varanasi||PROVINCIAL DIVISION PWD CHANDAULI",,,,,,"2,387,250.36",,2024-04-20,"Chief Engineer PWD Varanasi Zone||S.E. Varanasi Circle,PWD, Varanasi||PROVINCIAL DIVISION PWD CHANDAULI"
2024_CEUVZ_897546_26,99/4A  Date. 12.01.2024,Ramauli Shahidganv Se Devarajpur Veerana Hotey Huwe Nidilpur Rajwaha Marg,,,,,,,,,,,,,,,,"Chief Engineer PWD Varanasi Zone||S.E. Varanasi Circle,PWD, Varanasi||PROVINCIAL DIVISION PWD CHANDAULI",,,,,,"1,190,758.97",,2024-04-26,"Chief Engineer PWD Varanasi Zone||S.E. Varanasi Circle,PWD, Varanasi||PROVINCIAL DIVISION PWD CHANDAULI"
2024_CEUVZ_897546_34,99/4A  Date. 12.01.2024,Sakaldiha Kamalpur Amada km. 12 Se Duhia Sampark Marg,,,,,,,,,,,,,,,,"Chief Engineer PWD Varanasi Zone||S.E. Varanasi Circle,PWD, Varanasi||PROVINCIAL DIVISION PWD CHANDAULI",,,,,,"1,102,945.95",,2024-04-20,"Chief Engineer PWD Varanasi Zone||S.E. Varanasi Circle,PWD, Varanasi||PROVINCIAL DIVISION PWD CHANDAULI"
2024_CEUVZ_897546_34,99/4A  Date. 12.01.2024,Sakaldiha Kamalpur Amada km. 12 Se Duhia Sampark Marg,,,,,,,,,,,,,,,,"Chief Engineer PWD Varanasi Zone||S.E. Varanasi Circle,PWD, Varanasi||PROVINCIAL DIVISION PWD CHANDAULI",,,,,,"1,102,945.95",,2024-04-20,"Chief Engineer PWD Varanasi Zone||S.E. Varanasi Circle,PWD, Varanasi||PROVINCIAL DIVISION PWD CHANDAULI"
2024_CEUVZ_897546_34,99/4A  Date. 12.01.2024,Sakaldiha Kamalpur Amada km. 12 Se Duhia Sampark Marg,,,,,,,,,,,,,,,,"Chief Engineer PWD Varanasi Zone||S.E. Varanasi Circle,PWD, Varanasi||PROVINCIAL DIVISION PWD CHANDAULI",,,,,,"1,102,945.95",,2024-04-20,"Chief Engineer PWD Varanasi Zone||S.E. Varanasi Circle,PWD, Varanasi||PROVINCIAL DIVISION PWD CHANDAULI"
2024_CEUVZ_897546_24,99/4A  Date. 12.01.2024,Saiyadraja Jamania Km. 19 Se Dedhganva Marg,,,,,,,,,,,,,,,,"Chief Engineer PWD Varanasi Zone||S.E. Varanasi Circle,PWD, Varanasi||PROVINCIAL DIVISION PWD CHANDAULI",,,,,,"1,587,970.44",,2024-04-26,"Chief Engineer PWD Varanasi Zone||S.E. Varanasi Circle,PWD, Varanasi||PROVINCIAL DIVISION PWD CHANDAULI"
2024_CEUVZ_897213_13,428/10 lekha dt. 07.02.2024,Renewal of Barodih Mubarakpur to Samunhar Link Road,,,,,,,,,,,,,,,,"Chief Engineer PWD Varanasi Zone||S.E. Jaunpur - Ghazipur Circle PWD Jaunpur||Provincial Division, PWD Ghazipur",,,,,,"423,260",,2024-04-18,"Chief Engineer PWD Varanasi Zone||S.E. Jaunpur - Ghazipur Circle PWD Jaunpur||Provincial Division, PWD Ghazipur"
2024_CEUVZ_896702_5,432/183com-varanasi Circle/2023-24 Dt. 05.02.2024,Sakaldiha Amada Via Tuasi Ashram Marg ODR Ke Navinikaran Ka Karya,,,,,,,,,,,,,,,,"Chief Engineer PWD Varanasi Zone||S.E. Varanasi Circle,PWD, Varanasi||PROVINCIAL DIVISION PWD CHANDAULI",,,,,,"3,887,375.73",,2024-04-20,"Chief Engineer PWD Varanasi Zone||S.E. Varanasi Circle,PWD, Varanasi||PROVINCIAL DIVISION PWD CHANDAULI"
2024_CEUVZ_894773_6,159/9A Dated 01-02-2024,Patch Repair Work at VR roads in Vikash khand Mungrabadshahpur in Distt Jaunpur,,,,,,,,,,,,,,,,"Chief Engineer PWD Varanasi Zone||S.E. Jaunpur - Ghazipur Circle PWD Jaunpur||Construction Division, PWD Jaunpur",,,,,,"672,549.62",,2024-04-29,"Chief Engineer PWD Varanasi Zone||S.E. Jaunpur - Ghazipur Circle PWD Jaunpur||Construction Division, PWD Jaunpur"
2024_CEUVZ_894773_6,159/9A Dated 01-02-2024,Patch Repair Work at VR roads in Vikash khand Mungrabadshahpur in Distt Jaunpur,,,,,,,,,,,,,,,,"Chief Engineer PWD Varanasi Zone||S.E. Jaunpur - Ghazipur Circle PWD Jaunpur||Construction Division, PWD Jaunpur",,,,,,"672,549.62",,2024-04-29,"Chief Engineer PWD Varanasi Zone||S.E. Jaunpur - Ghazipur Circle PWD Jaunpur||Construction Division, PWD Jaunpur"
2024_CEUVZ_894773_6,159/9A Dated 01-02-2024,Patch Repair Work at VR roads in Vikash khand Mungrabadshahpur in Distt Jaunpur,,,,,,,,,,,,,,,,"Chief Engineer PWD Varanasi Zone||S.E. Jaunpur - Ghazipur Circle PWD Jaunpur||Construction Division, PWD Jaunpur",,,,,,"672,549.62",,2024-04-29,"Chief Engineer PWD Varanasi Zone||S.E. Jaunpur - Ghazipur Circle PWD Jaunpur||Construction Division, PWD Jaunpur"
2024_CEUVZ_895795_3,524/53m-mzp cirlcle date 03-02-2024,gyanpur danupur road par bc ke santh renwal ka karya lot3,,,,,,,,,,,,,,,,"Chief Engineer PWD Varanasi Zone||S.E. Mirzapur Circle,PWD, Mirzapur||PROVINCIAL DIVISON PWD SANT RAVIDAS NAGAR",,,,,,"14,586,944",,2024-04-03,"Chief Engineer PWD Varanasi Zone||S.E. Mirzapur Circle,PWD, Mirzapur||PROVINCIAL DIVISON PWD SANT RAVIDAS NAGAR"
2024_CEUVZ_895795_3,524/53m-mzp cirlcle date 03-02-2024,gyanpur danupur road par bc ke santh renwal ka karya lot3,,,,,,,,,,,,,,,,"Chief Engineer PWD Varanasi Zone||S.E. Mirzapur Circle,PWD, Mirzapur||PROVINCIAL DIVISON PWD SANT RAVIDAS NAGAR",,,,,,"14,586,944",,2024-04-03,"Chief Engineer PWD Varanasi Zone||S.E. Mirzapur Circle,PWD, Mirzapur||PROVINCIAL DIVISON PWD SANT RAVIDAS NAGAR"
2024_CEUVZ_896102_5,200/9A Dated 07-02-2024,SR Work of Sadhiranganj Se Pranpur Link Road in Distt Jaunpur,,,,,,,,,,,,,,,,"Chief Engineer PWD Varanasi Zone||S.E. Jaunpur - Ghazipur Circle PWD Jaunpur||Construction Division, PWD Jaunpur",,,,,,"2,422,106.74",,2024-04-04,"Chief Engineer PWD Varanasi Zone||S.E. Jaunpur - Ghazipur Circle PWD Jaunpur||Construction Division, PWD Jaunpur"
2024_CEUVZ_894773_11,159/9A Dated 01-02-2024,Patch Repair Work at SH and ODR roads in Vikash khand Mungrabadshahpur in Distt Jaunpur,,,,,,,,,,,,,,,,"Chief Engineer PWD Varanasi Zone||S.E. Jaunpur - Ghazipur Circle PWD Jaunpur||Construction Division, PWD Jaunpur",,,,,,"664,172.66",,2024-04-29,"Chief Engineer PWD Varanasi Zone||S.E. Jaunpur - Ghazipur Circle PWD Jaunpur||Construction Division, PWD Jaunpur"
2024_CEUVZ_894773_11,159/9A Dated 01-02-2024,Patch Repair Work at SH and ODR roads in Vikash khand Mungrabadshahpur in Distt Jaunpur,,,,,,,,,,,,,,,,"Chief Engineer PWD Varanasi Zone||S.E. Jaunpur - Ghazipur Circle PWD Jaunpur||Construction Division, PWD Jaunpur",,,,,,"664,172.66",,2024-04-29,"Chief Engineer PWD Varanasi Zone||S.E. Jaunpur - Ghazipur Circle PWD Jaunpur||Construction Division, PWD Jaunpur"
2024_CEUVZ_892940_2,525/53m-mzp circle/2023 date 03/02/2024,kalapur se bharatpur link road lot2,,,,,,,,,,,,,,,,"Chief Engineer PWD Varanasi Zone||S.E. Mirzapur Circle,PWD, Mirzapur||PROVINCIAL DIVISON PWD SANT RAVIDAS NAGAR",,,,,,"4,918,586.7",,2024-04-03,"Chief Engineer PWD Varanasi Zone||S.E. Mirzapur Circle,PWD, Mirzapur||PROVINCIAL DIVISON PWD SANT RAVIDAS NAGAR"
2024_CEUVZ_891598_1,338/53M-Mzp Circle/2023 Dated 24-01-2024,Reconstruction of Chaurihawa Link Road,,,,,,,,,,,,,,,,"Chief Engineer PWD Varanasi Zone||S.E. Sonebhadra Circle,PWD, Sonebhadra||PROVINCIAL DIVISON PWD SONEBHADRA",,,,,,"3,287,213",,2024-04-26,"Chief Engineer PWD Varanasi Zone||S.E. Sonebhadra Circle,PWD, Sonebhadra||PROVINCIAL DIVISON PWD SONEBHADRA"
2024_CEUVZ_891598_1,338/53M-Mzp Circle/2023 Dated 24-01-2024,Reconstruction of Chaurihawa Link Road,,,,,,,,,,,,,,,,"Chief Engineer PWD Varanasi Zone||S.E. Sonebhadra Circle,PWD, Sonebhadra||PROVINCIAL DIVISON PWD SONEBHADRA",,,,,,"3,287,213",,2024-04-26,"Chief Engineer PWD Varanasi Zone||S.E. Sonebhadra Circle,PWD, Sonebhadra||PROVINCIAL DIVISON PWD SONEBHADRA"
2024_CEUVZ_890378_75,148/6A Dated 15-01-2024,Renewal With General Repair of Mahuawa Kala Link Road,,,,,,,,,,,,,,,,"Chief Engineer PWD Varanasi Zone||S.E. Sonebhadra Circle,PWD, Sonebhadra||PROVINCIAL DIVISON PWD SONEBHADRA",,,,,,"1,497,768",,2024-04-18,"Chief Engineer PWD Varanasi Zone||S.E. Sonebhadra Circle,PWD, Sonebhadra||PROVINCIAL DIVISON PWD SONEBHADRA"
2024_CEUVZ_890378_76,148/6A Dated 15-01-2024,Renewal With General Repair of Siddhi Link Road,,,,,,,,,,,,,,,,"Chief Engineer PWD Varanasi Zone||S.E. Sonebhadra Circle,PWD, Sonebhadra||PROVINCIAL DIVISON PWD SONEBHADRA",,,,,,"1,526,423",,2024-04-18,"Chief Engineer PWD Varanasi Zone||S.E. Sonebhadra Circle,PWD, Sonebhadra||PROVINCIAL DIVISON PWD SONEBHADRA"
2024_CEUVZ_890378_77,148/6A Dated 15-01-2024,Renewal With General Repair of Kewta Link Road,,,,,,,,,,,,,,,,"Chief Engineer PWD Varanasi Zone||S.E. Sonebhadra Circle,PWD, Sonebhadra||PROVINCIAL DIVISON PWD SONEBHADRA",,,,,,"1,201,629",,2024-04-18,"Chief Engineer PWD Varanasi Zone||S.E. Sonebhadra Circle,PWD, Sonebhadra||PROVINCIAL DIVISON PWD SONEBHADRA"
2024_CEUVZ_890378_54,148/6A Dated 15-01-2024,Renewal With General Repair of Mahaw to Devakhar Link Road,,,,,,,,,,,,,,,,"Chief Engineer PWD Varanasi Zone||S.E. Sonebhadra Circle,PWD, Sonebhadra||PROVINCIAL DIVISON PWD SONEBHADRA",,,,,,"2,012,589",,2024-04-29,"Chief Engineer PWD Varanasi Zone||S.E. Sonebhadra Circle,PWD, Sonebhadra||PROVINCIAL DIVISON PWD SONEBHADRA"
2024_CEUVZ_890378_21,148/6A Dated 15-01-2024,Renewal With General Repair of Chhaprihawa Basti Link Road,,,,,,,,,,,,,,,,"Chief Engineer PWD Varanasi Zone||S.E. Sonebhadra Circle,PWD, Sonebhadra||PROVINCIAL DIVISON PWD SONEBHADRA",,,,,,"438,079",,2024-04-23,"Chief Engineer PWD Varanasi Zone||S.E. Sonebhadra Circle,PWD, Sonebhadra||PROVINCIAL DIVISON PWD SONEBHADRA"
2024_CEUVZ_888285_1,90/3A Date-13.01.2024,General Repair and Renewal with PC on Tedhaha me piprahawa tola link road,,,,,,,,,,,,,,,,"Chief Engineer PWD Varanasi Zone||S.E. Sonebhadra Circle,PWD, Sonebhadra||Contruction Division,PWD ,Sonebhadra",,,,,,"591,051.74",,2024-04-03,"Chief Engineer PWD Varanasi Zone||S.E. Sonebhadra Circle,PWD, Sonebhadra||Contruction Division,PWD ,Sonebhadra"
2024_CEUVZ_888409_1,296/53mzp circle/2023-24 dt 23-01-2024,CONSTRUCTION OF SAKRORI MAIN ROAD TO NARESH NAGAR VIA MUSHAR BASTI ROAD,,,,,,,,,,,,,,,,"Chief Engineer PWD Varanasi Zone||S.E. Mirzapur Circle,PWD, Mirzapur||CONSTRUCTION DIVISION 2 PWD MIRZAPUR",,,,,,"7,157,677",,2024-04-18,"Chief Engineer PWD Varanasi Zone||S.E. Mirzapur Circle,PWD, Mirzapur||CONSTRUCTION DIVISION 2 PWD MIRZAPUR"
2024_CEUVZ_888409_1,296/53mzp circle/2023-24 dt 23-01-2024,CONSTRUCTION OF SAKRORI MAIN ROAD TO NARESH NAGAR VIA MUSHAR BASTI ROAD,,,,,,,,,,,,,,,,"Chief Engineer PWD Varanasi Zone||S.E. Mirzapur Circle,PWD, Mirzapur||CONSTRUCTION DIVISION 2 PWD MIRZAPUR",,,,,,"7,157,677",,2024-04-18,"Chief Engineer PWD Varanasi Zone||S.E. Mirzapur Circle,PWD, Mirzapur||CONSTRUCTION DIVISION 2 PWD MIRZAPUR"
2024_CEUVZ_888409_1,296/53mzp circle/2023-24 dt 23-01-2024,CONSTRUCTION OF SAKRORI MAIN ROAD TO NARESH NAGAR VIA MUSHAR BASTI ROAD,,,,,,,,,,,,,,,,"Chief Engineer PWD Varanasi Zone||S.E. Mirzapur Circle,PWD, Mirzapur||CONSTRUCTION DIVISION 2 PWD MIRZAPUR",,,,,,"7,157,677",,2024-04-18,"Chief Engineer PWD Varanasi Zone||S.E. Mirzapur Circle,PWD, Mirzapur||CONSTRUCTION DIVISION 2 PWD MIRZAPUR"
2024_CEUVZ_888169_1,90/3A Date-13.01.2024,General Repair and Renewal with PC on Sawakud link road,,,,,,,,,,,,,,,,"Chief Engineer PWD Varanasi Zone||S.E. Sonebhadra Circle,PWD, Sonebhadra||Contruction Division,PWD ,Sonebhadra",,,,,,"1,779,426.51",,2024-04-03,"Chief Engineer PWD Varanasi Zone||S.E. Sonebhadra Circle,PWD, Sonebhadra||Contruction Division,PWD ,Sonebhadra"
2024_CEUVZ_888182_1,90/3A Date-13.01.2024,General Repair and Renewal with PC on Chattani tola link road,,,,,,,,,,,,,,,,"Chief Engineer PWD Varanasi Zone||S.E. Sonebhadra Circle,PWD, Sonebhadra||Contruction Division,PWD ,Sonebhadra",,,,,,"2,283,632.79",,2024-04-03,"Chief Engineer PWD Varanasi Zone||S.E. Sonebhadra Circle,PWD, Sonebhadra||Contruction Division,PWD ,Sonebhadra"
2024_CEUVZ_887538_1,135/SE Tender/jnp-gzp circle/23 date 12-01-2024,SR Of City link road,,,,,,,,,,,,,,,,Chief Engineer PWD Varanasi Zone||S.E. Jaunpur - Ghazipur Circle PWD Jaunpur,,,,,,"5,805,686.91",,2024-04-15,Chief Engineer PWD Varanasi Zone||S.E. Jaunpur - Ghazipur Circle PWD Jaunpur
2024_CEUVZ_887538_1,135/SE Tender/jnp-gzp circle/23 date 12-01-2024,SR Of City link road,,,,,,,,,,,,,,,,Chief Engineer PWD Varanasi Zone||S.E. Jaunpur - Ghazipur Circle PWD Jaunpur,,,,,,"5,805,686.91",,2024-04-15,Chief Engineer PWD Varanasi Zone||S.E. Jaunpur - Ghazipur Circle PWD Jaunpur
2024_CEUVZ_887030_12,267/10 lekha dt.20.01.2024,Renewal of Baba Ramnath RTI college to Bahlolpur sampark marg,,,,,,,,,,,,,,,,"Chief Engineer PWD Varanasi Zone||S.E. Jaunpur - Ghazipur Circle PWD Jaunpur||Provincial Division, PWD Ghazipur",,,,,,"660,690.44",,2024-04-27,"Chief Engineer PWD Varanasi Zone||S.E. Jaunpur - Ghazipur Circle PWD Jaunpur||Provincial Division, PWD Ghazipur"
2024_CEUVZ_887030_12,267/10 lekha dt.20.01.2024,Renewal of Baba Ramnath RTI college to Bahlolpur sampark marg,,,,,,,,,,,,,,,,"Chief Engineer PWD Varanasi Zone||S.E. Jaunpur - Ghazipur Circle PWD Jaunpur||Provincial Division, PWD Ghazipur",,,,,,"660,690.44",,2024-04-27,"Chief Engineer PWD Varanasi Zone||S.E. Jaunpur - Ghazipur Circle PWD Jaunpur||Provincial Division, PWD Ghazipur"
2024_CEUVZ_887030_12,267/10 lekha dt.20.01.2024,Renewal of Baba Ramnath RTI college to Bahlolpur sampark marg,,,,,,,,,,,,,,,,"Chief Engineer PWD Varanasi Zone||S.E. Jaunpur - Ghazipur Circle PWD Jaunpur||Provincial Division, PWD Ghazipur",,,,,,"660,690.44",,2024-04-27,"Chief Engineer PWD Varanasi Zone||S.E. Jaunpur - Ghazipur Circle PWD Jaunpur||Provincial Division, PWD Ghazipur"
2024_CEUVZ_886686_41,113/4A  date 16.01.2024,RO Utargawan muslim basti LR km  1(300) and Utargawan marya basti LR Km  1(150),,,,,,,,,,,,,,,,"Chief Engineer PWD Varanasi Zone||S.E. Jaunpur - Ghazipur Circle PWD Jaunpur||Construction Division - 2, PWD Jaunpur",,,,,,"393,268.97",,2024-04-02,"Chief Engineer PWD Varanasi Zone||S.E. Jaunpur - Ghazipur Circle PWD Jaunpur||Construction Division - 2, PWD Jaunpur"
2024_CEUVZ_886686_41,113/4A  date 16.01.2024,RO Utargawan muslim basti LR km  1(300) and Utargawan marya basti LR Km  1(150),,,,,,,,,,,,,,,,"Chief Engineer PWD Varanasi Zone||S.E. Jaunpur - Ghazipur Circle PWD Jaunpur||Construction Division - 2, PWD Jaunpur",,,,,,"393,268.97",,2024-04-02,"Chief Engineer PWD Varanasi Zone||S.E. Jaunpur - Ghazipur Circle PWD Jaunpur||Construction Division - 2, PWD Jaunpur"
2024_CEUVZ_886686_41,113/4A  date 16.01.2024,RO Utargawan muslim basti LR km  1(300) and Utargawan marya basti LR Km  1(150),,,,,,,,,,,,,,,,"Chief Engineer PWD Varanasi Zone||S.E. Jaunpur - Ghazipur Circle PWD Jaunpur||Construction Division - 2, PWD Jaunpur",,,,,,"393,268.97",,2024-04-02,"Chief Engineer PWD Varanasi Zone||S.E. Jaunpur - Ghazipur Circle PWD Jaunpur||Construction Division - 2, PWD Jaunpur"
2024_CEUVZ_886686_41,113/4A  date 16.01.2024,RO Utargawan muslim basti LR km  1(300) and Utargawan marya basti LR Km  1(150),,,,,,,,,,,,,,,,"Chief Engineer PWD Varanasi Zone||S.E. Jaunpur - Ghazipur Circle PWD Jaunpur||Construction Division - 2, PWD Jaunpur",,,,,,"393,268.97",,2024-04-02,"Chief Engineer PWD Varanasi Zone||S.E. Jaunpur - Ghazipur Circle PWD Jaunpur||Construction Division - 2, PWD Jaunpur"
2024_CEUVZ_886686_26,113/4A  date 16.01.2024,"R/O Mahanpur to Kewatali LR Km  1, 2",,,,,,,,,,,,,,,,"Chief Engineer PWD Varanasi Zone||S.E. Jaunpur - Ghazipur Circle PWD Jaunpur||Construction Division - 2, PWD Jaunpur",,,,,,"1,254,727.5",,2024-04-02,"Chief Engineer PWD Varanasi Zone||S.E. Jaunpur - Ghazipur Circle PWD Jaunpur||Construction Division - 2, PWD Jaunpur"
2024_CEUVZ_886686_26,113/4A  date 16.01.2024,"R/O Mahanpur to Kewatali LR Km  1, 2",,,,,,,,,,,,,,,,"Chief Engineer PWD Varanasi Zone||S.E. Jaunpur - Ghazipur Circle PWD Jaunpur||Construction Division - 2, PWD Jaunpur",,,,,,"1,254,727.5",,2024-04-02,"Chief Engineer PWD Varanasi Zone||S.E. Jaunpur - Ghazipur Circle PWD Jaunpur||Construction Division - 2, PWD Jaunpur"
2024_CEUVZ_886364_41,92/9A Dated 18-01-2024,Renewal of Katesar Khas Link Road in Distt Jaunpur,,,,,,,,,,,,,,,,"Chief Engineer PWD Varanasi Zone||S.E. Jaunpur - Ghazipur Circle PWD Jaunpur||Construction Division, PWD Jaunpur",,,,,,"727,087.73",,2024-04-29,"Chief Engineer PWD Varanasi Zone||S.E. Jaunpur - Ghazipur Circle PWD Jaunpur||Construction Division, PWD Jaunpur"
2024_CEUVZ_886364_41,92/9A Dated 18-01-2024,Renewal of Katesar Khas Link Road in Distt Jaunpur,,,,,,,,,,,,,,,,"Chief Engineer PWD Varanasi Zone||S.E. Jaunpur - Ghazipur Circle PWD Jaunpur||Construction Division, PWD Jaunpur",,,,,,"727,087.73",,2024-04-29,"Chief Engineer PWD Varanasi Zone||S.E. Jaunpur - Ghazipur Circle PWD Jaunpur||Construction Division, PWD Jaunpur"
2024_CEUVZ_886364_14,92/9A Dated 18-01-2024,Renewal of Amberpur Khas Road in Distt Jaunpur,,,,,,,,,,,,,,,,"Chief Engineer PWD Varanasi Zone||S.E. Jaunpur - Ghazipur Circle PWD Jaunpur||Construction Division, PWD Jaunpur",,,,,,"489,425.17",,2024-04-29,"Chief Engineer PWD Varanasi Zone||S.E. Jaunpur - Ghazipur Circle PWD Jaunpur||Construction Division, PWD Jaunpur"
2024_CEUVZ_886364_19,92/9A Dated 18-01-2024,Renewal of Pauha Brahman Basti Link Road in Distt Jaunpur,,,,,,,,,,,,,,,,"Chief Engineer PWD Varanasi Zone||S.E. Jaunpur - Ghazipur Circle PWD Jaunpur||Construction Division, PWD Jaunpur",,,,,,"1,825,680.65",,2024-04-04,"Chief Engineer PWD Varanasi Zone||S.E. Jaunpur - Ghazipur Circle PWD Jaunpur||Construction Division, PWD Jaunpur"
2024_CEUVZ_886146_49,5871/8A date 23-12-2023,Sr of Khanuwai link road Ambedakar gram link road,,,,,,,,,,,,,,,,"Chief Engineer PWD Varanasi Zone||S.E. Jaunpur - Ghazipur Circle PWD Jaunpur||Provincial Division, PWD Jaunpur",,,,,,"1,846,221",,2024-04-24,"Chief Engineer PWD Varanasi Zone||S.E. Jaunpur - Ghazipur Circle PWD Jaunpur||Provincial Division, PWD Jaunpur"
2024_CEUVZ_886146_10,5871/8A date 23-12-2023,Sr of Balipur Bharamal pal basti link road,,,,,,,,,,,,,,,,"Chief Engineer PWD Varanasi Zone||S.E. Jaunpur - Ghazipur Circle PWD Jaunpur||Provincial Division, PWD Jaunpur",,,,,,"409,540",,2024-04-22,"Chief Engineer PWD Varanasi Zone||S.E. Jaunpur - Ghazipur Circle PWD Jaunpur||Provincial Division, PWD Jaunpur"
2024_CEUVZ_884863_1,90/3A Date-13.01.2024,General Repair and Renewal with PC on Hathiyar se purwi tola marg,,,,,,,,,,,,,,,,"Chief Engineer PWD Varanasi Zone||S.E. Sonebhadra Circle,PWD, Sonebhadra||Contruction Division,PWD ,Sonebhadra",,,,,,"963,283.97",,2024-04-03,"Chief Engineer PWD Varanasi Zone||S.E. Sonebhadra Circle,PWD, Sonebhadra||Contruction Division,PWD ,Sonebhadra"
2024_CEUVZ_884898_1,90/3A Date-13.01.2024,General Repair and Renewal with PC on Riwa ranchi marg se hathwani link road,,,,,,,,,,,,,,,,"Chief Engineer PWD Varanasi Zone||S.E. Sonebhadra Circle,PWD, Sonebhadra||Contruction Division,PWD ,Sonebhadra",,,,,,"2,329,683.12",,2024-04-03,"Chief Engineer PWD Varanasi Zone||S.E. Sonebhadra Circle,PWD, Sonebhadra||Contruction Division,PWD ,Sonebhadra"
2024_CEUVZ_885027_4,133/2A dt 20-01-2024,SR OF KATHERWA SIKHAR TO BHUWALPUR ROAD,,,,,,,,,,,,,,,,"Chief Engineer PWD Varanasi Zone||S.E. Mirzapur Circle,PWD, Mirzapur||CONSTRUCTION DIVISION 2 PWD MIRZAPUR",,,,,,"1,007,467",,2024-04-12,"Chief Engineer PWD Varanasi Zone||S.E. Mirzapur Circle,PWD, Mirzapur||CONSTRUCTION DIVISION 2 PWD MIRZAPUR"
2024_CEUVZ_883721_2,2890/2A DT 08-12-2023,BISUNPUR JALALPUR BIYAR BASTI TO JIVNATHPUR KANCHANPUR ROAD,,,,,,,,,,,,,,,,"Chief Engineer PWD Varanasi Zone||S.E. Mirzapur Circle,PWD, Mirzapur||CONSTRUCTION DIVISION 2 PWD MIRZAPUR",,,,,,"1,877,552",,2024-04-27,"Chief Engineer PWD Varanasi Zone||S.E. Mirzapur Circle,PWD, Mirzapur||CONSTRUCTION DIVISION 2 PWD MIRZAPUR"
2024_CEUVZ_884561_1,90/3A Date-13.01.2024,General Repair and Renewal with PC on Ghaghiya pashchim basti link road,,,,,,,,,,,,,,,,"Chief Engineer PWD Varanasi Zone||S.E. Sonebhadra Circle,PWD, Sonebhadra||Contruction Division,PWD ,Sonebhadra",,,,,,"1,723,731.08",,2024-04-03,"Chief Engineer PWD Varanasi Zone||S.E. Sonebhadra Circle,PWD, Sonebhadra||Contruction Division,PWD ,Sonebhadra"
2024_CEUVZ_880879_1,44/53m-mzp 6 date 04-01-2024,achawarse mavaioya harijan basti road lot6,,,,,,,,,,,,,,,,"Chief Engineer PWD Varanasi Zone||S.E. Mirzapur Circle,PWD, Mirzapur||PROVINCIAL DIVISON PWD SANT RAVIDAS NAGAR",,,,,,"2,821,574.97",,2024-04-03,"Chief Engineer PWD Varanasi Zone||S.E. Mirzapur Circle,PWD, Mirzapur||PROVINCIAL DIVISON PWD SANT RAVIDAS NAGAR"
2024_CEUVZ_880879_1,44/53m-mzp 6 date 04-01-2024,achawarse mavaioya harijan basti road lot6,,,,,,,,,,,,,,,,"Chief Engineer PWD Varanasi Zone||S.E. Mirzapur Circle,PWD, Mirzapur||PROVINCIAL DIVISON PWD SANT RAVIDAS NAGAR",,,,,,"2,821,574.97",,2024-04-03,"Chief Engineer PWD Varanasi Zone||S.E. Mirzapur Circle,PWD, Mirzapur||PROVINCIAL DIVISON PWD SANT RAVIDAS NAGAR"
2024_CEUVZ_880879_1,44/53m-mzp 6 date 04-01-2024,achawarse mavaioya harijan basti road lot6,,,,,,,,,,,,,,,,"Chief Engineer PWD Varanasi Zone||S.E. Mirzapur Circle,PWD, Mirzapur||PROVINCIAL DIVISON PWD SANT RAVIDAS NAGAR",,,,,,"2,821,574.97",,2024-04-03,"Chief Engineer PWD Varanasi Zone||S.E. Mirzapur Circle,PWD, Mirzapur||PROVINCIAL DIVISON PWD SANT RAVIDAS NAGAR"
2024_CEUVZ_880879_1,44/53m-mzp 6 date 04-01-2024,achawarse mavaioya harijan basti road lot6,,,,,,,,,,,,,,,,"Chief Engineer PWD Varanasi Zone||S.E. Mirzapur Circle,PWD, Mirzapur||PROVINCIAL DIVISON PWD SANT RAVIDAS NAGAR",,,,,,"2,821,574.97",,2024-04-03,"Chief Engineer PWD Varanasi Zone||S.E. Mirzapur Circle,PWD, Mirzapur||PROVINCIAL DIVISON PWD SANT RAVIDAS NAGAR"
2024_UPRNS_910717_1,1703/E-TENDER/UPRNSS/2023-24 DATE-29.02.2024,"PROPOSED BOUNDARY WALL AT PRATAPBEHAD AND SUJOLIYA, DISTT.- SITAPUR (U.P.)",,,,,,,,,,,,,,,,Uttar Pradesh Rajya Nirman Sahkari Sangh Limited,,,,,,"841,579",,2024-04-05,Uttar Pradesh Rajya Nirman Sahkari Sangh Limited
2024_UPRNS_910717_1,1703/E-TENDER/UPRNSS/2023-24 DATE-29.02.2024,"PROPOSED BOUNDARY WALL AT PRATAPBEHAD AND SUJOLIYA, DISTT.- SITAPUR (U.P.)",,,,,,,,,,,,,,,,Uttar Pradesh Rajya Nirman Sahkari Sangh Limited,,,,,,"841,579",,2024-04-05,Uttar Pradesh Rajya Nirman Sahkari Sangh Limited
2024_UPRNS_910739_1,1702/E-TENDER/UPRNSS/2023-24 DATE-29.02.2024,"PROPOSED REPAIR AND RENOVATION WORK OF TOILET BLOCK AND MEETING HALL TOILET AT SITAPUR COLLECTRATE CAMPUS, DISTT.- SITAPUR (U.P.)",,,,,,,,,,,,,,,,Uttar Pradesh Rajya Nirman Sahkari Sangh Limited,,,,,,"957,616.8",,2024-04-05,Uttar Pradesh Rajya Nirman Sahkari Sangh Limited
2024_CEUVZ_878051_3,6561/15A Dated 08-12-2023,Chandmari Ghamhapur Sarsawan marg ke vishesh marammat ka karya,,,,,,,,,,,,,,,,"Chief Engineer PWD Varanasi Zone||S.E. Varanasi Circle,PWD, Varanasi||PROVINCIAL DIVISION PWD VARANASI",,,,,,"1,309,925.54",,2024-04-06,"Chief Engineer PWD Varanasi Zone||S.E. Varanasi Circle,PWD, Varanasi||PROVINCIAL DIVISION PWD VARANASI"
2024_CEUVZ_878745_1,6862/53m mzp 1 date 29-12-2023,block aurai me dwarikapuri me shree nijju singh ke khet ke samne tatha rajesh singh jagjish singh ke khet ke beech me nale pa 1x6x5 meter  lot1,,,,,,,,,,,,,,,,"Chief Engineer PWD Varanasi Zone||S.E. Mirzapur Circle,PWD, Mirzapur||PROVINCIAL DIVISON PWD SANT RAVIDAS NAGAR",,,,,,"7,241,898.39",,2024-04-05,"Chief Engineer PWD Varanasi Zone||S.E. Mirzapur Circle,PWD, Mirzapur||PROVINCIAL DIVISON PWD SANT RAVIDAS NAGAR"
2024_CEUVZ_877266_2,3116/4A  date 26-12-2023,"S/R Work of Pooranpur L/R Km-1, 2(500)",,,,,,,,,,,,,,,,"Chief Engineer PWD Varanasi Zone||S.E. Jaunpur - Ghazipur Circle PWD Jaunpur||Construction Division - 2, PWD Jaunpur",,,,,,"920,152.2",,2024-04-22,"Chief Engineer PWD Varanasi Zone||S.E. Jaunpur - Ghazipur Circle PWD Jaunpur||Construction Division - 2, PWD Jaunpur"
2024_CEUVZ_876825_1,4323/24a 13 date 21-12-2023,haripatti se kochhiya road lot13,,,,,,,,,,,,,,,,"Chief Engineer PWD Varanasi Zone||S.E. Mirzapur Circle,PWD, Mirzapur||PROVINCIAL DIVISON PWD SANT RAVIDAS NAGAR",,,,,,"1,545,505",,2024-04-03,"Chief Engineer PWD Varanasi Zone||S.E. Mirzapur Circle,PWD, Mirzapur||PROVINCIAL DIVISON PWD SANT RAVIDAS NAGAR"
2024_CEUFZ_911463_1,662/Nivida Dt 02.03.2024,SR of Narayanpur Link Road,,,,,,,,,,,,,,,,Chief Engineer PWD Faizabad Zone||Faizabad Ambedkar Nagar Circle PWD Faizabad||Provincial Division Faizabad,,,,,,"268,681",,2024-04-08,Chief Engineer PWD Faizabad Zone||Faizabad Ambedkar Nagar Circle PWD Faizabad||Provincial Division Faizabad
2024_CEUFZ_904751_3,289/4A/2023-24 Date 20.02.2024,Renewal of Gauhaniya Link Road under Jagdishpur assembly constituency,,,,,,,,,,,,,,,,Chief Engineer PWD Faizabad Zone||Sultanpur-Amethi Circle PWD Sultanpur||EE Construction Division-3 PWD Sultanpur,,,,,,"54,341.5",,2024-04-19,Chief Engineer PWD Faizabad Zone||Sultanpur-Amethi Circle PWD Sultanpur||EE Construction Division-3 PWD Sultanpur
2024_CEUFZ_895179_2,201/Nivida-9A Dated  06-02-2024,Special Repair of  Jahangirganj Rambag se Hisamuddinpur link road,,,,,,,,,,,,,,,,Chief Engineer PWD Faizabad Zone||Faizabad Ambedkar Nagar Circle PWD Faizabad||Construction Division Ambedkar Nagar,,,,,,"230,588",,2024-04-15,Chief Engineer PWD Faizabad Zone||Faizabad Ambedkar Nagar Circle PWD Faizabad||Construction Division Ambedkar Nagar
2024_CEUFZ_891052_3,645/2yata A_AmbC. Dated 29-01-2024,"Special repair of Sarsa link road in km-1, 2(600)",,,,,,,,,,,,,,,,"Chief Engineer PWD Faizabad Zone||Faizabad Ambedkar Nagar Circle PWD Faizabad||Provincial Division, PWD, Barabanki",,,,,,"2,585,233",,2024-04-08,"Chief Engineer PWD Faizabad Zone||Faizabad Ambedkar Nagar Circle PWD Faizabad||Provincial Division, PWD, Barabanki"
2024_CEUFZ_891052_1,645/2yata A_AmbC. Dated 29-01-2024,"Special repair of Datauli Chanda link road in km-1, 2(480)",,,,,,,,,,,,,,,,"Chief Engineer PWD Faizabad Zone||Faizabad Ambedkar Nagar Circle PWD Faizabad||Provincial Division, PWD, Barabanki",,,,,,"2,487,497",,2024-04-08,"Chief Engineer PWD Faizabad Zone||Faizabad Ambedkar Nagar Circle PWD Faizabad||Provincial Division, PWD, Barabanki"
2024_CEUFZ_891052_1,645/2yata A_AmbC. Dated 29-01-2024,"Special repair of Datauli Chanda link road in km-1, 2(480)",,,,,,,,,,,,,,,,"Chief Engineer PWD Faizabad Zone||Faizabad Ambedkar Nagar Circle PWD Faizabad||Provincial Division, PWD, Barabanki",,,,,,"2,487,497",,2024-04-08,"Chief Engineer PWD Faizabad Zone||Faizabad Ambedkar Nagar Circle PWD Faizabad||Provincial Division, PWD, Barabanki"
2024_CEUFZ_891052_1,645/2yata A_AmbC. Dated 29-01-2024,"Special repair of Datauli Chanda link road in km-1, 2(480)",,,,,,,,,,,,,,,,"Chief Engineer PWD Faizabad Zone||Faizabad Ambedkar Nagar Circle PWD Faizabad||Provincial Division, PWD, Barabanki",,,,,,"2,487,497",,2024-04-08,"Chief Engineer PWD Faizabad Zone||Faizabad Ambedkar Nagar Circle PWD Faizabad||Provincial Division, PWD, Barabanki"
2024_CEUFZ_891052_1,645/2yata A_AmbC. Dated 29-01-2024,"Special repair of Datauli Chanda link road in km-1, 2(480)",,,,,,,,,,,,,,,,"Chief Engineer PWD Faizabad Zone||Faizabad Ambedkar Nagar Circle PWD Faizabad||Provincial Division, PWD, Barabanki",,,,,,"2,487,497",,2024-04-08,"Chief Engineer PWD Faizabad Zone||Faizabad Ambedkar Nagar Circle PWD Faizabad||Provincial Division, PWD, Barabanki"
2024_CEUFZ_891052_3,645/2yata A_AmbC. Dated 29-01-2024,"Special repair of Sarsa link road in km-1, 2(600)",,,,,,,,,,,,,,,,"Chief Engineer PWD Faizabad Zone||Faizabad Ambedkar Nagar Circle PWD Faizabad||Provincial Division, PWD, Barabanki",,,,,,"2,585,233",,2024-04-08,"Chief Engineer PWD Faizabad Zone||Faizabad Ambedkar Nagar Circle PWD Faizabad||Provincial Division, PWD, Barabanki"
2024_CEUFZ_887904_3,117/4a/2023-24 Date 23.01.2024,Renewal of Narsada Link Road under Isuli assembly constituency,,,,,,,,,,,,,,,,Chief Engineer PWD Faizabad Zone||Sultanpur-Amethi Circle PWD Sultanpur||EE Construction Division-3 PWD Sultanpur,,,,,,"768,896",,2024-04-23,Chief Engineer PWD Faizabad Zone||Sultanpur-Amethi Circle PWD Sultanpur||EE Construction Division-3 PWD Sultanpur
2024_CEUFZ_887904_4,117/4a/2023-24 Date 23.01.2024,Renewal of Pure Hiralal Link Road under Isuli assembly constituency,,,,,,,,,,,,,,,,Chief Engineer PWD Faizabad Zone||Sultanpur-Amethi Circle PWD Sultanpur||EE Construction Division-3 PWD Sultanpur,,,,,,"212,152",,2024-04-23,Chief Engineer PWD Faizabad Zone||Sultanpur-Amethi Circle PWD Sultanpur||EE Construction Division-3 PWD Sultanpur
2024_CEUFZ_887904_5,117/4a/2023-24 Date 23.01.2024,Renewal of Pure Mohanram Link Road under Isuli assembly constituency,,,,,,,,,,,,,,,,Chief Engineer PWD Faizabad Zone||Sultanpur-Amethi Circle PWD Sultanpur||EE Construction Division-3 PWD Sultanpur,,,,,,"157,590",,2024-04-23,Chief Engineer PWD Faizabad Zone||Sultanpur-Amethi Circle PWD Sultanpur||EE Construction Division-3 PWD Sultanpur
2024_CEUFZ_887904_15,117/4a/2023-24 Date 23.01.2024,Renewal of Haliyapur Kurwar Sultanpur se Mo Kaji Link Road under Isuli assembly constituency,,,,,,,,,,,,,,,,Chief Engineer PWD Faizabad Zone||Sultanpur-Amethi Circle PWD Sultanpur||EE Construction Division-3 PWD Sultanpur,,,,,,"284,241",,2024-04-23,Chief Engineer PWD Faizabad Zone||Sultanpur-Amethi Circle PWD Sultanpur||EE Construction Division-3 PWD Sultanpur
2024_UPIDC_895905_5,06/EE/2023-24,"R.C.R. Lining in Budhwal Minor Ist at km 2.500, 2.800, 4.050, 4.850, 5.050, 5.780, 5.970, 6.300, 6.400, 6.800, 6.830 and 7.350 both side of  Structures. (Lot-05)",,,,,,,,,,,,,,,,"U P Irrigation Department (Civil)||Chief Engineer-Betwa Project, Jhansi||Irrigation Contruction Circle, Mahoba||Irrigation Contruction Division, Karvi",,,,,,"2,158,103.5",,2024-04-17,"U P Irrigation Department (Civil)||Chief Engineer-Betwa Project, Jhansi||Irrigation Contruction Circle, Mahoba||Irrigation Contruction Division, Karvi"
2024_UPIDC_895905_6,06/EE/2023-24,"R.C.R. Lining in Budhwal Minor Ist at km 0.00, 0.680, 1.070, and Aqueduct (Ch-1.440) both side of  Structures. (Lot-06)",,,,,,,,,,,,,,,,"U P Irrigation Department (Civil)||Chief Engineer-Betwa Project, Jhansi||Irrigation Contruction Circle, Mahoba||Irrigation Contruction Division, Karvi",,,,,,"2,351,558.75",,2024-04-17,"U P Irrigation Department (Civil)||Chief Engineer-Betwa Project, Jhansi||Irrigation Contruction Circle, Mahoba||Irrigation Contruction Division, Karvi"
2024_CEUFZ_884442_2,143/10A-tender/2024 Date16-01-2024,"Renewal of Maharajganj link road in km-1, 2(200)",,,,,,,,,,,,,,,,"Chief Engineer PWD Faizabad Zone||Faizabad Ambedkar Nagar Circle PWD Faizabad||Provincial Division, PWD, Barabanki",,,,,,"829,323",,2024-04-08,"Chief Engineer PWD Faizabad Zone||Faizabad Ambedkar Nagar Circle PWD Faizabad||Provincial Division, PWD, Barabanki"
2024_CEUFZ_883596_12,176/Nivida Date 15-01-2024,Renewal Of BFA Road to Afjalpur Link Road,,,,,,,,,,,,,,,,Chief Engineer PWD Faizabad Zone||Faizabad Ambedkar Nagar Circle PWD Faizabad||Provincial Division Ambedkar Nagar,,,,,,"578,340.62",,2024-04-18,Chief Engineer PWD Faizabad Zone||Faizabad Ambedkar Nagar Circle PWD Faizabad||Provincial Division Ambedkar Nagar
2024_CEUCZ_912180_1,391/16A/2023-24 dt 14.02.2024,Renewal of Khambharkhera Link Road,,,,,,,,,,,,,,,,"Chief Engineer PWD Central Zone,Lucknow||S.E. UPPWD Sitapur||Provincial Division, Khiri",,,,,,"495,019.41",,2024-04-18,"Chief Engineer PWD Central Zone,Lucknow||S.E. UPPWD Sitapur||Provincial Division, Khiri"
2024_CEUCZ_912180_1,391/16A/2023-24 dt 14.02.2024,Renewal of Khambharkhera Link Road,,,,,,,,,,,,,,,,"Chief Engineer PWD Central Zone,Lucknow||S.E. UPPWD Sitapur||Provincial Division, Khiri",,,,,,"495,019.41",,2024-04-18,"Chief Engineer PWD Central Zone,Lucknow||S.E. UPPWD Sitapur||Provincial Division, Khiri"
2024_CEUCZ_909227_1,368/e tender/2023-24 dt. 01-03-2024,S R of Maksoha Copa Matehi Link Road km 5(400),,,,,,,,,,,,,,,,"Chief Engineer PWD Central Zone,Lucknow||S.E. UPPWD Sitapur||Construction Division-1, Khiri",,,,,,"327,577",,2024-04-16,"Chief Engineer PWD Central Zone,Lucknow||S.E. UPPWD Sitapur||Construction Division-1, Khiri"
2024_CEUCZ_909227_1,368/e tender/2023-24 dt. 01-03-2024,S R of Maksoha Copa Matehi Link Road km 5(400),,,,,,,,,,,,,,,,"Chief Engineer PWD Central Zone,Lucknow||S.E. UPPWD Sitapur||Construction Division-1, Khiri",,,,,,"327,577",,2024-04-16,"Chief Engineer PWD Central Zone,Lucknow||S.E. UPPWD Sitapur||Construction Division-1, Khiri"
2024_CEUCZ_908336_2,332/Etender/2023-24 dated 24/02/2024,Repair and protective work of the approach road of the Minor bridge located in Km 19 of Sisaiya- Dhaurhara Nighasan-Palia- Dhanauraghat- Puranpur (State Road-101) road.,,,,,,,,,,,,,,,,"Chief Engineer PWD Central Zone,Lucknow||S.E. UPPWD Sitapur||Construction Division-1, Khiri",,,,,,"1,786,476",,2024-04-16,"Chief Engineer PWD Central Zone,Lucknow||S.E. UPPWD Sitapur||Construction Division-1, Khiri"
2024_CEUCZ_908336_2,332/Etender/2023-24 dated 24/02/2024,Repair and protective work of the approach road of the Minor bridge located in Km 19 of Sisaiya- Dhaurhara Nighasan-Palia- Dhanauraghat- Puranpur (State Road-101) road.,,,,,,,,,,,,,,,,"Chief Engineer PWD Central Zone,Lucknow||S.E. UPPWD Sitapur||Construction Division-1, Khiri",,,,,,"1,786,476",,2024-04-16,"Chief Engineer PWD Central Zone,Lucknow||S.E. UPPWD Sitapur||Construction Division-1, Khiri"
2024_CEUCZ_908336_2,332/Etender/2023-24 dated 24/02/2024,Repair and protective work of the approach road of the Minor bridge located in Km 19 of Sisaiya- Dhaurhara Nighasan-Palia- Dhanauraghat- Puranpur (State Road-101) road.,,,,,,,,,,,,,,,,"Chief Engineer PWD Central Zone,Lucknow||S.E. UPPWD Sitapur||Construction Division-1, Khiri",,,,,,"1,786,476",,2024-04-16,"Chief Engineer PWD Central Zone,Lucknow||S.E. UPPWD Sitapur||Construction Division-1, Khiri"
2024_CEUCZ_908336_2,332/Etender/2023-24 dated 24/02/2024,Repair and protective work of the approach road of the Minor bridge located in Km 19 of Sisaiya- Dhaurhara Nighasan-Palia- Dhanauraghat- Puranpur (State Road-101) road.,,,,,,,,,,,,,,,,"Chief Engineer PWD Central Zone,Lucknow||S.E. UPPWD Sitapur||Construction Division-1, Khiri",,,,,,"1,786,476",,2024-04-16,"Chief Engineer PWD Central Zone,Lucknow||S.E. UPPWD Sitapur||Construction Division-1, Khiri"
2024_CEUCZ_908336_3,332/Etender/2023-24 dated 24/02/2024,Repair and protective work of the approach road of the Minor bridge located in km 12 of Sisaiya-Dhaurahara -Nighasan -Palia -Dhanauraghat- Puranpur (State Road-101) road.,,,,,,,,,,,,,,,,"Chief Engineer PWD Central Zone,Lucknow||S.E. UPPWD Sitapur||Construction Division-1, Khiri",,,,,,"2,164,260",,2024-04-16,"Chief Engineer PWD Central Zone,Lucknow||S.E. UPPWD Sitapur||Construction Division-1, Khiri"
2024_CEUCZ_908336_4,332/Etender/2023-24 dated 24/02/2024,Repair and protective work of the approach road of the Minor bridge located at km 7 of Lakhimpur-Shardanagar-Dhakerwa road (MDR-75C).,,,,,,,,,,,,,,,,"Chief Engineer PWD Central Zone,Lucknow||S.E. UPPWD Sitapur||Construction Division-1, Khiri",,,,,,"1,906,367",,2024-04-16,"Chief Engineer PWD Central Zone,Lucknow||S.E. UPPWD Sitapur||Construction Division-1, Khiri"
2024_CEUCZ_908336_5,332/Etender/2023-24 dated 24/02/2024,Repair and protective work of the approach road of the Minor bridge located at km 1 of Andhiyar Kuan Agathi (other district road).,,,,,,,,,,,,,,,,"Chief Engineer PWD Central Zone,Lucknow||S.E. UPPWD Sitapur||Construction Division-1, Khiri",,,,,,"2,028,600",,2024-04-16,"Chief Engineer PWD Central Zone,Lucknow||S.E. UPPWD Sitapur||Construction Division-1, Khiri"
2024_CEUCZ_907587_12,937/352C/Etender/2023-24 dt 09.02.2024,C/O Salliya Passgawan Road to Kandhrapur Link Road,,,,,,,,,,,,,,,,"Chief Engineer PWD Central Zone,Lucknow||S.E. UPPWD Sitapur",,,,,,"2,896,137.35",,2024-04-16,"Chief Engineer PWD Central Zone,Lucknow||S.E. UPPWD Sitapur"
2024_CEUCZ_907587_3,937/352C/Etender/2023-24 dt 09.02.2024,C/O Valipur to Maigalganj Kapasi Link Road,,,,,,,,,,,,,,,,"Chief Engineer PWD Central Zone,Lucknow||S.E. UPPWD Sitapur",,,,,,"5,990,888.95",,2024-04-06,"Chief Engineer PWD Central Zone,Lucknow||S.E. UPPWD Sitapur"
2024_CEUCZ_907630_1,1018/352C/E.TEND/STP-LMP/23-24 Dt.13.02.2024,Construction of Pahadpur to Ismailganj Link Road,,,,,,,,,,,,,,,,"Chief Engineer PWD Central Zone,Lucknow||S.E. UPPWD Sitapur",,,,,,"3,749,939.52",,2024-04-03,"Chief Engineer PWD Central Zone,Lucknow||S.E. UPPWD Sitapur"
2024_CEUCZ_907575_10,935/352C/Etender/2023-24 dt 09.02.2024,C/O Gram Lidhiyayi Paudhsala to Harnaha Link Road,,,,,,,,,,,,,,,,"Chief Engineer PWD Central Zone,Lucknow||S.E. UPPWD Sitapur",,,,,,"11,493,215.15",,2024-04-06,"Chief Engineer PWD Central Zone,Lucknow||S.E. UPPWD Sitapur"
2024_CEUCZ_907575_11,935/352C/Etender/2023-24 dt 09.02.2024,C/O Rampur Grunt to Karsuwa Grunt Link Road,,,,,,,,,,,,,,,,"Chief Engineer PWD Central Zone,Lucknow||S.E. UPPWD Sitapur",,,,,,"10,227,530.81",,2024-04-04,"Chief Engineer PWD Central Zone,Lucknow||S.E. UPPWD Sitapur"
2024_CEUCZ_901730_1,422/1A/2023-24 DATED 12.02.2024,"Cartage of Bulk Bitumen  from I.O.C./H.P.C.L. Mathura/ Bhatinda, Refinery to Central Store of the P.D. P.W.D. Raebareli",,,,,,,,,,,,,,,,"Chief Engineer PWD Central Zone,Lucknow||S.E. UPPWD Lucknow||Provincial Division, Raebarelli",,,,,,"1,087,020",,2024-04-18,"Chief Engineer PWD Central Zone,Lucknow||S.E. UPPWD Lucknow||Provincial Division, Raebarelli"
2024_CEUCZ_901251_3,822/E-Tender/2023-24 Dated 02.02.2024,Road Restoration Work at Various Road under Jurisdiction of AE III,,,,,,,,,,,,,,,,"Chief Engineer PWD Central Zone,Lucknow||S.E. UPPWD Lucknow||Provincial Division, Lucknow",,,,,,"1,664,887.13",,2024-04-15,"Chief Engineer PWD Central Zone,Lucknow||S.E. UPPWD Lucknow||Provincial Division, Lucknow"
2024_CEUCZ_900702_1,265/352C/E-TEN/STP-LMP/23-24 Dt 15-01-2024,Renewal of Bilrayan Panwari Road (SH-21) (For BC work),,,,,,,,,,,,,,,,"Chief Engineer PWD Central Zone,Lucknow||S.E. UPPWD Sitapur",,,,,,"15,802,321.7",,2024-04-03,"Chief Engineer PWD Central Zone,Lucknow||S.E. UPPWD Sitapur"
2024_CEUCZ_900702_2,265/352C/E-TEN/STP-LMP/23-24 Dt 15-01-2024,Renewal of Naipalapur to Bijwar marg (For BC work),,,,,,,,,,,,,,,,"Chief Engineer PWD Central Zone,Lucknow||S.E. UPPWD Sitapur",,,,,,"14,038,996.08",,2024-04-03,"Chief Engineer PWD Central Zone,Lucknow||S.E. UPPWD Sitapur"
2024_CEUCZ_900711_2,1079/352C/E-TEN/STP-LMP/23-24 Dt 14-02-2024,Renewal of Neri Sidhauli Mahmoodabad (SH-139) Link Road (For BC work),,,,,,,,,,,,,,,,"Chief Engineer PWD Central Zone,Lucknow||S.E. UPPWD Sitapur",,,,,,"5,809,668.41",,2024-04-03,"Chief Engineer PWD Central Zone,Lucknow||S.E. UPPWD Sitapur"
2024_CEUCZ_900711_2,1079/352C/E-TEN/STP-LMP/23-24 Dt 14-02-2024,Renewal of Neri Sidhauli Mahmoodabad (SH-139) Link Road (For BC work),,,,,,,,,,,,,,,,"Chief Engineer PWD Central Zone,Lucknow||S.E. UPPWD Sitapur",,,,,,"5,809,668.41",,2024-04-03,"Chief Engineer PWD Central Zone,Lucknow||S.E. UPPWD Sitapur"
2024_CEUCZ_899888_1,276/352C/E.TEND/STP-LMP/23-24 Dt.16-01-2024,Tedwa to Kunwargaddi link road Via Rampurkala,,,,,,,,,,,,,,,,"Chief Engineer PWD Central Zone,Lucknow||S.E. UPPWD Sitapur",,,,,,"7,781,554.86",,2024-04-23,"Chief Engineer PWD Central Zone,Lucknow||S.E. UPPWD Sitapur"
2024_CEUCZ_898852_2,385/352C/E.TEND/STP-LMP/23-24 Dt.20.01.24,Reconstruction of Pkg No 2 10 Roads in Sugar Mill Area with 05 Years Maintenance PD PWD Kheri,,,,,,,,,,,,,,,,"Chief Engineer PWD Central Zone,Lucknow||S.E. UPPWD Sitapur",,,,,,"31,290,869.49",,2024-04-27,"Chief Engineer PWD Central Zone,Lucknow||S.E. UPPWD Sitapur"
2024_CEUCZ_898852_2,385/352C/E.TEND/STP-LMP/23-24 Dt.20.01.24,Reconstruction of Pkg No 2 10 Roads in Sugar Mill Area with 05 Years Maintenance PD PWD Kheri,,,,,,,,,,,,,,,,"Chief Engineer PWD Central Zone,Lucknow||S.E. UPPWD Sitapur",,,,,,"31,290,869.49",,2024-04-27,"Chief Engineer PWD Central Zone,Lucknow||S.E. UPPWD Sitapur"
2024_CEUCZ_898852_2,385/352C/E.TEND/STP-LMP/23-24 Dt.20.01.24,Reconstruction of Pkg No 2 10 Roads in Sugar Mill Area with 05 Years Maintenance PD PWD Kheri,,,,,,,,,,,,,,,,"Chief Engineer PWD Central Zone,Lucknow||S.E. UPPWD Sitapur",,,,,,"31,290,869.49",,2024-04-27,"Chief Engineer PWD Central Zone,Lucknow||S.E. UPPWD Sitapur"
2024_CEUCZ_898852_3,385/352C/E.TEND/STP-LMP/23-24 Dt.20.01.24,Reconstruction of Pkg No 3 07 Roads in Sugar Mill Area with 05 Years Maintenance PD PWD Kheri,,,,,,,,,,,,,,,,"Chief Engineer PWD Central Zone,Lucknow||S.E. UPPWD Sitapur",,,,,,"26,501,465.28",,2024-04-27,"Chief Engineer PWD Central Zone,Lucknow||S.E. UPPWD Sitapur"
2024_CEUCZ_898852_4,385/352C/E.TEND/STP-LMP/23-24 Dt.20.01.24,Reconstruction of Pkg No 4 07 Roads in Sugar Mill Area with 05 Years Maintenance PD PWD Kheri,,,,,,,,,,,,,,,,"Chief Engineer PWD Central Zone,Lucknow||S.E. UPPWD Sitapur",,,,,,"22,856,436.41",,2024-04-27,"Chief Engineer PWD Central Zone,Lucknow||S.E. UPPWD Sitapur"
2024_CEUCZ_899269_1,264/352C/Etender/stp-kheri/24 Dt. 15-01-2024,Renewal of Bareilly Sitapur Bypass (O.D.R.),,,,,,,,,,,,,,,,"Chief Engineer PWD Central Zone,Lucknow||S.E. UPPWD Sitapur",,,,,,"14,980,778",,2024-04-03,"Chief Engineer PWD Central Zone,Lucknow||S.E. UPPWD Sitapur"
2024_CEUCZ_898725_2,382/352C/E.TEND/STP-LMP/23-24 Dt.20.01.24,Reconstruction work of Pkg No.-2 05 Roads in Sugar Mill area with 05 Years Maintenance CD-3 Lakhimpur Kheri,,,,,,,,,,,,,,,,"Chief Engineer PWD Central Zone,Lucknow||S.E. UPPWD Sitapur",,,,,,"29,296,306.66",,2024-04-24,"Chief Engineer PWD Central Zone,Lucknow||S.E. UPPWD Sitapur"
2024_CEUCZ_898172_3,206/352C/E.TEND/STP-LMP/23-24 Dt. 11.01.2024,"S R of Sundarwal to Baraula Link Road in km 1(500), 2, ,3(300), 4 , 5",,,,,,,,,,,,,,,,"Chief Engineer PWD Central Zone,Lucknow||S.E. UPPWD Sitapur",,,,,,"3,057,724.8",,2024-04-20,"Chief Engineer PWD Central Zone,Lucknow||S.E. UPPWD Sitapur"
2024_CEUCZ_898172_3,206/352C/E.TEND/STP-LMP/23-24 Dt. 11.01.2024,"S R of Sundarwal to Baraula Link Road in km 1(500), 2, ,3(300), 4 , 5",,,,,,,,,,,,,,,,"Chief Engineer PWD Central Zone,Lucknow||S.E. UPPWD Sitapur",,,,,,"3,057,724.8",,2024-04-20,"Chief Engineer PWD Central Zone,Lucknow||S.E. UPPWD Sitapur"
2024_CEUCZ_898172_4,206/352C/E.TEND/STP-LMP/23-24 Dt. 11.01.2024,"S R of Narhar Link Road in km 1 , 2",,,,,,,,,,,,,,,,"Chief Engineer PWD Central Zone,Lucknow||S.E. UPPWD Sitapur",,,,,,"3,433,100",,2024-04-20,"Chief Engineer PWD Central Zone,Lucknow||S.E. UPPWD Sitapur"
2024_CEUCZ_898172_1,206/352C/E.TEND/STP-LMP/23-24 Dt. 11.01.2024,"S R of Narhar Bandha Road km 8 to Narhar Link Road Rest Part in km 1,  2(800)",,,,,,,,,,,,,,,,"Chief Engineer PWD Central Zone,Lucknow||S.E. UPPWD Sitapur",,,,,,"6,198,757",,2024-04-20,"Chief Engineer PWD Central Zone,Lucknow||S.E. UPPWD Sitapur"
2024_CEUCZ_897550_3,248/e tender/2023-24 dt. 14-02-2024,S R of  Purwa Link Road in Km 1(450),,,,,,,,,,,,,,,,"Chief Engineer PWD Central Zone,Lucknow||S.E. UPPWD Sitapur||Construction Division-1, Khiri",,,,,,"738,739",,2024-04-24,"Chief Engineer PWD Central Zone,Lucknow||S.E. UPPWD Sitapur||Construction Division-1, Khiri"
2024_CEUCZ_897550_4,248/e tender/2023-24 dt. 14-02-2024,S R of Teliyar to Chamraundha Link Road km 1 and 2,,,,,,,,,,,,,,,,"Chief Engineer PWD Central Zone,Lucknow||S.E. UPPWD Sitapur||Construction Division-1, Khiri",,,,,,"788,596",,2024-04-24,"Chief Engineer PWD Central Zone,Lucknow||S.E. UPPWD Sitapur||Construction Division-1, Khiri"
2024_CEUCZ_896600_4,295/16A/Etender/2023-24 dt 05.02.2024,S/R of Panai Ramapur to Allipur Link Road,,,,,,,,,,,,,,,,"Chief Engineer PWD Central Zone,Lucknow||S.E. UPPWD Sitapur||Provincial Division, Khiri",,,,,,"603,675.92",,2024-04-18,"Chief Engineer PWD Central Zone,Lucknow||S.E. UPPWD Sitapur||Provincial Division, Khiri"
2024_CEUCZ_896600_6,295/16A/Etender/2023-24 dt 05.02.2024,S/R of Kutuwapur Link Road,,,,,,,,,,,,,,,,"Chief Engineer PWD Central Zone,Lucknow||S.E. UPPWD Sitapur||Provincial Division, Khiri",,,,,,"93,369.6",,2024-04-18,"Chief Engineer PWD Central Zone,Lucknow||S.E. UPPWD Sitapur||Provincial Division, Khiri"
2024_CEUCZ_896600_6,295/16A/Etender/2023-24 dt 05.02.2024,S/R of Kutuwapur Link Road,,,,,,,,,,,,,,,,"Chief Engineer PWD Central Zone,Lucknow||S.E. UPPWD Sitapur||Provincial Division, Khiri",,,,,,"93,369.6",,2024-04-18,"Chief Engineer PWD Central Zone,Lucknow||S.E. UPPWD Sitapur||Provincial Division, Khiri"
2024_CEUCZ_895794_11,170/e tender/2023-24 dt. 03-02-2024,Renewal of Purbbeti Link Road,,,,,,,,,,,,,,,,"Chief Engineer PWD Central Zone,Lucknow||S.E. UPPWD Sitapur||Construction Division-1, Khiri",,,,,,"203,500",,2024-04-16,"Chief Engineer PWD Central Zone,Lucknow||S.E. UPPWD Sitapur||Construction Division-1, Khiri"
2024_CEUCZ_895794_2,170/e tender/2023-24 dt. 03-02-2024,Renewal of Samaisa to samaisa gaon link road,,,,,,,,,,,,,,,,"Chief Engineer PWD Central Zone,Lucknow||S.E. UPPWD Sitapur||Construction Division-1, Khiri",,,,,,"752,063",,2024-04-16,"Chief Engineer PWD Central Zone,Lucknow||S.E. UPPWD Sitapur||Construction Division-1, Khiri"
2024_CEUCZ_895794_4,170/e tender/2023-24 dt. 03-02-2024,Renewal of Sarkhanpur painted road to Moosepur Khurd Inter College westwards from Mahuapur via Idgah to Shitala Devi Road,,,,,,,,,,,,,,,,"Chief Engineer PWD Central Zone,Lucknow||S.E. UPPWD Sitapur||Construction Division-1, Khiri",,,,,,"1,944,494",,2024-04-16,"Chief Engineer PWD Central Zone,Lucknow||S.E. UPPWD Sitapur||Construction Division-1, Khiri"
2024_CEUCZ_895794_5,170/e tender/2023-24 dt. 03-02-2024,Renewal of Sundarwal to Baraula Link Road,,,,,,,,,,,,,,,,"Chief Engineer PWD Central Zone,Lucknow||S.E. UPPWD Sitapur||Construction Division-1, Khiri",,,,,,"1,055,501",,2024-04-16,"Chief Engineer PWD Central Zone,Lucknow||S.E. UPPWD Sitapur||Construction Division-1, Khiri"
2024_CEUCZ_895794_9,170/e tender/2023-24 dt. 03-02-2024,Renewal of Manjapurwa RG Milik Link Road,,,,,,,,,,,,,,,,"Chief Engineer PWD Central Zone,Lucknow||S.E. UPPWD Sitapur||Construction Division-1, Khiri",,,,,,"308,331",,2024-04-16,"Chief Engineer PWD Central Zone,Lucknow||S.E. UPPWD Sitapur||Construction Division-1, Khiri"
2024_CEUCZ_895794_9,170/e tender/2023-24 dt. 03-02-2024,Renewal of Manjapurwa RG Milik Link Road,,,,,,,,,,,,,,,,"Chief Engineer PWD Central Zone,Lucknow||S.E. UPPWD Sitapur||Construction Division-1, Khiri",,,,,,"308,331",,2024-04-16,"Chief Engineer PWD Central Zone,Lucknow||S.E. UPPWD Sitapur||Construction Division-1, Khiri"
2024_CEUCZ_895794_9,170/e tender/2023-24 dt. 03-02-2024,Renewal of Manjapurwa RG Milik Link Road,,,,,,,,,,,,,,,,"Chief Engineer PWD Central Zone,Lucknow||S.E. UPPWD Sitapur||Construction Division-1, Khiri",,,,,,"308,331",,2024-04-16,"Chief Engineer PWD Central Zone,Lucknow||S.E. UPPWD Sitapur||Construction Division-1, Khiri"
2024_CEUCZ_895794_9,170/e tender/2023-24 dt. 03-02-2024,Renewal of Manjapurwa RG Milik Link Road,,,,,,,,,,,,,,,,"Chief Engineer PWD Central Zone,Lucknow||S.E. UPPWD Sitapur||Construction Division-1, Khiri",,,,,,"308,331",,2024-04-16,"Chief Engineer PWD Central Zone,Lucknow||S.E. UPPWD Sitapur||Construction Division-1, Khiri"
2024_CEUCZ_895794_10,170/e tender/2023-24 dt. 03-02-2024,Renewal of Laljipurwa RG Raipur Isanagar Link Road,,,,,,,,,,,,,,,,"Chief Engineer PWD Central Zone,Lucknow||S.E. UPPWD Sitapur||Construction Division-1, Khiri",,,,,,"487,962",,2024-04-16,"Chief Engineer PWD Central Zone,Lucknow||S.E. UPPWD Sitapur||Construction Division-1, Khiri"
2024_CEUCZ_895794_1,170/e tender/2023-24 dt. 03-02-2024,Renewal of Connecting Raipur to Sisaiya Isanagar Road,,,,,,,,,,,,,,,,"Chief Engineer PWD Central Zone,Lucknow||S.E. UPPWD Sitapur||Construction Division-1, Khiri",,,,,,"869,191",,2024-04-16,"Chief Engineer PWD Central Zone,Lucknow||S.E. UPPWD Sitapur||Construction Division-1, Khiri"
2024_CEUCZ_895640_27,1266/E-TENDER/2023-24 Dated 06-02-2024,Special Repair of Ameliya link road,,,,,,,,,,,,,,,,"Chief Engineer PWD Central Zone,Lucknow||S.E. UPPWD Sitapur||Construction Division, Sitapur",,,,,,"1,002,326.267",,2024-04-15,"Chief Engineer PWD Central Zone,Lucknow||S.E. UPPWD Sitapur||Construction Division, Sitapur"
2024_CEUCZ_895640_27,1266/E-TENDER/2023-24 Dated 06-02-2024,Special Repair of Ameliya link road,,,,,,,,,,,,,,,,"Chief Engineer PWD Central Zone,Lucknow||S.E. UPPWD Sitapur||Construction Division, Sitapur",,,,,,"1,002,326.267",,2024-04-15,"Chief Engineer PWD Central Zone,Lucknow||S.E. UPPWD Sitapur||Construction Division, Sitapur"
2024_CEUCZ_895640_11,1266/E-TENDER/2023-24 Dated 06-02-2024,Special Repair of Rannupur to Dalpatpur Link Road,,,,,,,,,,,,,,,,"Chief Engineer PWD Central Zone,Lucknow||S.E. UPPWD Sitapur||Construction Division, Sitapur",,,,,,"1,533,008.918",,2024-04-10,"Chief Engineer PWD Central Zone,Lucknow||S.E. UPPWD Sitapur||Construction Division, Sitapur"
2024_CEUCZ_894086_1,5643/352C/E.TEND/STP-LMP/23-24 Dt. 16.12.2023,Reconstruction of Pakage No 1 of 8 Roads of Cane Department including five years maintenance charges C D1 PWD kheri,,,,,,,,,,,,,,,,"Chief Engineer PWD Central Zone,Lucknow||S.E. UPPWD Sitapur",,,,,,"18,984,562.58",,2024-04-15,"Chief Engineer PWD Central Zone,Lucknow||S.E. UPPWD Sitapur"
2024_CEUCZ_894086_1,5643/352C/E.TEND/STP-LMP/23-24 Dt. 16.12.2023,Reconstruction of Pakage No 1 of 8 Roads of Cane Department including five years maintenance charges C D1 PWD kheri,,,,,,,,,,,,,,,,"Chief Engineer PWD Central Zone,Lucknow||S.E. UPPWD Sitapur",,,,,,"18,984,562.58",,2024-04-15,"Chief Engineer PWD Central Zone,Lucknow||S.E. UPPWD Sitapur"
2024_CEUCZ_893832_3,630 MT/1MT/E-TENDER/U.C./23-24 DATE 01-02-2024,"Protection work of Additional Approach road of Bridge in km-17 of Shahabad Pali Saidpur road in Diss. Hardoi, F.Y. 2023-24",,,,,,,,,,,,,,,,"Chief Engineer PWD Central Zone,Lucknow||S.E. UPPWD Unnao||Construction Division-1, Hardoi",,,,,,"9,067,404.26",,2024-04-15,"Chief Engineer PWD Central Zone,Lucknow||S.E. UPPWD Unnao||Construction Division-1, Hardoi"
2024_CEUCZ_893832_3,630 MT/1MT/E-TENDER/U.C./23-24 DATE 01-02-2024,"Protection work of Additional Approach road of Bridge in km-17 of Shahabad Pali Saidpur road in Diss. Hardoi, F.Y. 2023-24",,,,,,,,,,,,,,,,"Chief Engineer PWD Central Zone,Lucknow||S.E. UPPWD Unnao||Construction Division-1, Hardoi",,,,,,"9,067,404.26",,2024-04-15,"Chief Engineer PWD Central Zone,Lucknow||S.E. UPPWD Unnao||Construction Division-1, Hardoi"
2024_CEUCZ_893228_4,7343MT/1MT/E-TENDER/U.C. DATE 18-12-2024,Reconstruction work with 5 yeras maintenance of the following damaged roads in Block-Bawan of Hardoi district In financial year 2023-24,,,,,,,,,,,,,,,,"Chief Engineer PWD Central Zone,Lucknow||S.E. UPPWD Unnao||Construction Division-1, Hardoi",,,,,,"7,362,602.92",,2024-04-15,"Chief Engineer PWD Central Zone,Lucknow||S.E. UPPWD Unnao||Construction Division-1, Hardoi"
2024_CEUCZ_893228_4,7343MT/1MT/E-TENDER/U.C. DATE 18-12-2024,Reconstruction work with 5 yeras maintenance of the following damaged roads in Block-Bawan of Hardoi district In financial year 2023-24,,,,,,,,,,,,,,,,"Chief Engineer PWD Central Zone,Lucknow||S.E. UPPWD Unnao||Construction Division-1, Hardoi",,,,,,"7,362,602.92",,2024-04-15,"Chief Engineer PWD Central Zone,Lucknow||S.E. UPPWD Unnao||Construction Division-1, Hardoi"
2024_UPRNS_909688_1,812/E-TENDER/UPRNSS/2023-24 DATE-24.02.2024,PROPOSED CONSTRUCTION OF LAB IN LIBRARY AND GIRLS HOSTAL BUILDING FOR KHWAJA MOINUDDIN CHISHTI LANGUAGE UNIVERSITY AT LUCKNOW (U.P.),,,,,,,,,,,,,,,,Uttar Pradesh Rajya Nirman Sahkari Sangh Limited,,,,,,"15,146,938.8",,2024-04-04,Uttar Pradesh Rajya Nirman Sahkari Sangh Limited
2024_UPRNS_909688_1,812/E-TENDER/UPRNSS/2023-24 DATE-24.02.2024,PROPOSED CONSTRUCTION OF LAB IN LIBRARY AND GIRLS HOSTAL BUILDING FOR KHWAJA MOINUDDIN CHISHTI LANGUAGE UNIVERSITY AT LUCKNOW (U.P.),,,,,,,,,,,,,,,,Uttar Pradesh Rajya Nirman Sahkari Sangh Limited,,,,,,"15,146,938.8",,2024-04-04,Uttar Pradesh Rajya Nirman Sahkari Sangh Limited
2024_UPRNS_909688_1,812/E-TENDER/UPRNSS/2023-24 DATE-24.02.2024,PROPOSED CONSTRUCTION OF LAB IN LIBRARY AND GIRLS HOSTAL BUILDING FOR KHWAJA MOINUDDIN CHISHTI LANGUAGE UNIVERSITY AT LUCKNOW (U.P.),,,,,,,,,,,,,,,,Uttar Pradesh Rajya Nirman Sahkari Sangh Limited,,,,,,"15,146,938.8",,2024-04-04,Uttar Pradesh Rajya Nirman Sahkari Sangh Limited
2024_UPRNS_909688_1,812/E-TENDER/UPRNSS/2023-24 DATE-24.02.2024,PROPOSED CONSTRUCTION OF LAB IN LIBRARY AND GIRLS HOSTAL BUILDING FOR KHWAJA MOINUDDIN CHISHTI LANGUAGE UNIVERSITY AT LUCKNOW (U.P.),,,,,,,,,,,,,,,,Uttar Pradesh Rajya Nirman Sahkari Sangh Limited,,,,,,"15,146,938.8",,2024-04-04,Uttar Pradesh Rajya Nirman Sahkari Sangh Limited
2024_UPRNS_909688_1,812/E-TENDER/UPRNSS/2023-24 DATE-24.02.2024,PROPOSED CONSTRUCTION OF LAB IN LIBRARY AND GIRLS HOSTAL BUILDING FOR KHWAJA MOINUDDIN CHISHTI LANGUAGE UNIVERSITY AT LUCKNOW (U.P.),,,,,,,,,,,,,,,,Uttar Pradesh Rajya Nirman Sahkari Sangh Limited,,,,,,"15,146,938.8",,2024-04-04,Uttar Pradesh Rajya Nirman Sahkari Sangh Limited
2024_CEUCZ_891847_11,385/352C/Etender/STP-LMP/23-24 dt 20.01.2024,Reconstruction work of Pkg No. 11 07 Roads in Sugar Mill Area with 05 Years Maintenance PD Lakhimpur Kheri,,,,,,,,,,,,,,,,"Chief Engineer PWD Central Zone,Lucknow||S.E. UPPWD Sitapur",,,,,,"16,583,945.9",,2024-04-04,"Chief Engineer PWD Central Zone,Lucknow||S.E. UPPWD Sitapur"
2024_CEUCZ_891847_6,385/352C/Etender/STP-LMP/23-24 dt 20.01.2024,Reconstruction work of Pkg No. 6 06 Roads in Sugar Mill Area with 05 Years Maintenance PD Lakhimpur Kheri,,,,,,,,,,,,,,,,"Chief Engineer PWD Central Zone,Lucknow||S.E. UPPWD Sitapur",,,,,,"23,333,728.48",,2024-04-27,"Chief Engineer PWD Central Zone,Lucknow||S.E. UPPWD Sitapur"
2024_CEUCZ_890643_1,521/352C/Etender/2023-24 dt 29.01.2024,SR of Bhureghat Phauch Marg Km 1 CC and Culvert Work,,,,,,,,,,,,,,,,"Chief Engineer PWD Central Zone,Lucknow||S.E. UPPWD Sitapur",,,,,,"3,472,671.53",,2024-04-24,"Chief Engineer PWD Central Zone,Lucknow||S.E. UPPWD Sitapur"
2024_CEUCZ_887927_1,1166/E-Tender/2023-24 Dt- 19-01-2024,Special Rapair of Tikariya Link Road,,,,,,,,,,,,,,,,"Chief Engineer PWD Central Zone,Lucknow||S.E. UPPWD Sitapur||Construction Division, Sitapur",,,,,,"804,679.52",,2024-04-09,"Chief Engineer PWD Central Zone,Lucknow||S.E. UPPWD Sitapur||Construction Division, Sitapur"
2024_CEUCZ_887867_3,147/1A/2023-24 DATED 15.01.2024,"Renewal of Banki link road in Km.-1, 2(800)",,,,,,,,,,,,,,,,"Chief Engineer PWD Central Zone,Lucknow||S.E. UPPWD Lucknow||Provincial Division, Raebarelli",,,,,,"628,629.84",,2024-04-03,"Chief Engineer PWD Central Zone,Lucknow||S.E. UPPWD Lucknow||Provincial Division, Raebarelli"
2024_CEUCZ_887867_3,147/1A/2023-24 DATED 15.01.2024,"Renewal of Banki link road in Km.-1, 2(800)",,,,,,,,,,,,,,,,"Chief Engineer PWD Central Zone,Lucknow||S.E. UPPWD Lucknow||Provincial Division, Raebarelli",,,,,,"628,629.84",,2024-04-03,"Chief Engineer PWD Central Zone,Lucknow||S.E. UPPWD Lucknow||Provincial Division, Raebarelli"
2024_CEUCZ_887867_4,147/1A/2023-24 DATED 15.01.2024,Renewal of approch road between Mundu ka purwa Avam Mahrajganj Drain in Km.-1,,,,,,,,,,,,,,,,"Chief Engineer PWD Central Zone,Lucknow||S.E. UPPWD Lucknow||Provincial Division, Raebarelli",,,,,,"340,912.88",,2024-04-03,"Chief Engineer PWD Central Zone,Lucknow||S.E. UPPWD Lucknow||Provincial Division, Raebarelli"
2024_CEUCZ_887867_11,147/1A/2023-24 DATED 15.01.2024,"Renewal of Shekhpur Samauda link road in Km.-1, 2(500)",,,,,,,,,,,,,,,,"Chief Engineer PWD Central Zone,Lucknow||S.E. UPPWD Lucknow||Provincial Division, Raebarelli",,,,,,"400,626.6",,2024-04-18,"Chief Engineer PWD Central Zone,Lucknow||S.E. UPPWD Lucknow||Provincial Division, Raebarelli"
2024_CEUCZ_887635_4,1167/E-Tender/2023-24 Dt- 19-01-2024,Reconstruction of Asal to Nayagawn Link Road,,,,,,,,,,,,,,,,"Chief Engineer PWD Central Zone,Lucknow||S.E. UPPWD Sitapur||Construction Division, Sitapur",,,,,,"3,589,118.68",,2024-04-09,"Chief Engineer PWD Central Zone,Lucknow||S.E. UPPWD Sitapur||Construction Division, Sitapur"
2024_CEUCZ_887635_4,1167/E-Tender/2023-24 Dt- 19-01-2024,Reconstruction of Asal to Nayagawn Link Road,,,,,,,,,,,,,,,,"Chief Engineer PWD Central Zone,Lucknow||S.E. UPPWD Sitapur||Construction Division, Sitapur",,,,,,"3,589,118.68",,2024-04-09,"Chief Engineer PWD Central Zone,Lucknow||S.E. UPPWD Sitapur||Construction Division, Sitapur"
2024_CEUCZ_884225_3,108/1A/2023-24 DATED 15.01.2024,Mon link road,,,,,,,,,,,,,,,,"Chief Engineer PWD Central Zone,Lucknow||S.E. UPPWD Lucknow||Provincial Division, Raebarelli",,,,,,"1,715,252.84",,2024-04-18,"Chief Engineer PWD Central Zone,Lucknow||S.E. UPPWD Lucknow||Provincial Division, Raebarelli"
2024_CEUCZ_884225_3,108/1A/2023-24 DATED 15.01.2024,Mon link road,,,,,,,,,,,,,,,,"Chief Engineer PWD Central Zone,Lucknow||S.E. UPPWD Lucknow||Provincial Division, Raebarelli",,,,,,"1,715,252.84",,2024-04-18,"Chief Engineer PWD Central Zone,Lucknow||S.E. UPPWD Lucknow||Provincial Division, Raebarelli"
2024_CEUCZ_884090_4,1137/E-TENDER/2023-24 Dated 10-01-2024,Renewal of Barmi Mahsuniya Vajirnagar Road (ODR),,,,,,,,,,,,,,,,"Chief Engineer PWD Central Zone,Lucknow||S.E. UPPWD Sitapur||Construction Division, Sitapur",,,,,,"891,557.55",,2024-04-09,"Chief Engineer PWD Central Zone,Lucknow||S.E. UPPWD Sitapur||Construction Division, Sitapur"
2024_CEUCZ_882822_7,69 / E-TENDER / 2023-24 Dated-  11-01-2024,Renewal of Sharda Nahar Patri to Matehi Link Road,,,,,,,,,,,,,,,,"Chief Engineer PWD Central Zone,Lucknow||S.E. UPPWD Sitapur||Construction Division-1, Khiri",,,,,,"1,717,300",,2024-04-16,"Chief Engineer PWD Central Zone,Lucknow||S.E. UPPWD Sitapur||Construction Division-1, Khiri"
2024_CEUCZ_881923_8,60/16A/Etender/2023-24 dt 09-01-2024,Renewal of LMP MGG Road to Jhala Link Road,,,,,,,,,,,,,,,,"Chief Engineer PWD Central Zone,Lucknow||S.E. UPPWD Sitapur||Provincial Division, Khiri",,,,,,"321,262.16",,2024-04-18,"Chief Engineer PWD Central Zone,Lucknow||S.E. UPPWD Sitapur||Provincial Division, Khiri"
2024_CEUCZ_881923_8,60/16A/Etender/2023-24 dt 09-01-2024,Renewal of LMP MGG Road to Jhala Link Road,,,,,,,,,,,,,,,,"Chief Engineer PWD Central Zone,Lucknow||S.E. UPPWD Sitapur||Provincial Division, Khiri",,,,,,"321,262.16",,2024-04-18,"Chief Engineer PWD Central Zone,Lucknow||S.E. UPPWD Sitapur||Provincial Division, Khiri"
2024_CEUCZ_881923_3,60/16A/Etender/2023-24 dt 09-01-2024,Renewal of Chattapur Link Road,,,,,,,,,,,,,,,,"Chief Engineer PWD Central Zone,Lucknow||S.E. UPPWD Sitapur||Provincial Division, Khiri",,,,,,"591,683.13",,2024-04-18,"Chief Engineer PWD Central Zone,Lucknow||S.E. UPPWD Sitapur||Provincial Division, Khiri"
2024_CEUCZ_881923_3,60/16A/Etender/2023-24 dt 09-01-2024,Renewal of Chattapur Link Road,,,,,,,,,,,,,,,,"Chief Engineer PWD Central Zone,Lucknow||S.E. UPPWD Sitapur||Provincial Division, Khiri",,,,,,"591,683.13",,2024-04-18,"Chief Engineer PWD Central Zone,Lucknow||S.E. UPPWD Sitapur||Provincial Division, Khiri"
2024_CEUCZ_877653_24,19/E-TENDER/2023-24 Dated 03-01-2024,Rasulabad to Nabinagar link road,,,,,,,,,,,,,,,,"Chief Engineer PWD Central Zone,Lucknow||S.E. UPPWD Sitapur||Construction Division-1, Sitapur",,,,,,"586,155.12",,2024-04-12,"Chief Engineer PWD Central Zone,Lucknow||S.E. UPPWD Sitapur||Construction Division-1, Sitapur"
2024_CEUBZ_901184_17,144/4A/24 dt 07.02.2024,SR OF DADIYA LINK ROAD TO ASNAR KHAS,,,,,,,,,,,,,,,,Chief Engineer Basti Zone PWD Basti||SE Basti Circle PWD Basti||EE Construction Divison Bansi PWD Siddharthnagar,,,,,,"463,897.2",,2024-04-09,Chief Engineer Basti Zone PWD Basti||SE Basti Circle PWD Basti||EE Construction Divison Bansi PWD Siddharthnagar
2024_CEUBZ_901184_19,144/4A/24 dt 07.02.2024,SR OF TELAURA RITHIYA TO BANKATA ROAD,,,,,,,,,,,,,,,,Chief Engineer Basti Zone PWD Basti||SE Basti Circle PWD Basti||EE Construction Divison Bansi PWD Siddharthnagar,,,,,,"1,228,245.3",,2024-04-09,Chief Engineer Basti Zone PWD Basti||SE Basti Circle PWD Basti||EE Construction Divison Bansi PWD Siddharthnagar
2024_CEUBZ_901184_14,144/4A/24 dt 07.02.2024,SR OF BADHYA BHOLANAATH TO KHARGAULA LINK ROAD,,,,,,,,,,,,,,,,Chief Engineer Basti Zone PWD Basti||SE Basti Circle PWD Basti||EE Construction Divison Bansi PWD Siddharthnagar,,,,,,"918,501.88",,2024-04-09,Chief Engineer Basti Zone PWD Basti||SE Basti Circle PWD Basti||EE Construction Divison Bansi PWD Siddharthnagar
2024_CEUBZ_897328_4,251/2A DATED-07-02-2024,RENEWAL OF RAMJANKI KM-63 TO BELDARIJOT ROAD,,,,,,,,,,,,,,,,Chief Engineer Basti Zone PWD Basti||SE Basti Circle PWD Basti||EE Provincial Divison PWD Sant Kabir Nagar,,,,,,"444,035",,2024-04-23,Chief Engineer Basti Zone PWD Basti||SE Basti Circle PWD Basti||EE Provincial Divison PWD Sant Kabir Nagar
2024_CEUBZ_889868_4,82/4A/24dt27.01.2024,AR OF BELOHA SEMRA TO DHARAURA LINK ROAD,,,,,,,,,,,,,,,,Chief Engineer Basti Zone PWD Basti||SE Basti Circle PWD Basti||EE Construction Divison Bansi PWD Siddharthnagar,,,,,,"632,123.89",,2024-04-09,Chief Engineer Basti Zone PWD Basti||SE Basti Circle PWD Basti||EE Construction Divison Bansi PWD Siddharthnagar
2024_CEUBZ_889868_9,82/4A/24dt27.01.2024,AR OF LD KM-62 TO KAJI RUDHAULI TO BAHADURPUR AHIRA TOLA ROAD,,,,,,,,,,,,,,,,Chief Engineer Basti Zone PWD Basti||SE Basti Circle PWD Basti||EE Construction Divison Bansi PWD Siddharthnagar,,,,,,"1,338,196.47",,2024-04-09,Chief Engineer Basti Zone PWD Basti||SE Basti Circle PWD Basti||EE Construction Divison Bansi PWD Siddharthnagar
2024_CEUBZ_889868_32,82/4A/24dt27.01.2024,AR OF BARAO NANKAR ROAD TO RAMTIKRA TO CHETIYAWA,,,,,,,,,,,,,,,,Chief Engineer Basti Zone PWD Basti||SE Basti Circle PWD Basti||EE Construction Divison Bansi PWD Siddharthnagar,,,,,,"511,592.45",,2024-04-09,Chief Engineer Basti Zone PWD Basti||SE Basti Circle PWD Basti||EE Construction Divison Bansi PWD Siddharthnagar
2024_CEUBZ_889868_10,82/4A/24dt27.01.2024,AR OF LD TO KOLHUI ROAD,,,,,,,,,,,,,,,,Chief Engineer Basti Zone PWD Basti||SE Basti Circle PWD Basti||EE Construction Divison Bansi PWD Siddharthnagar,,,,,,"345,624.05",,2024-04-09,Chief Engineer Basti Zone PWD Basti||SE Basti Circle PWD Basti||EE Construction Divison Bansi PWD Siddharthnagar
2024_CEUBZ_889868_11,82/4A/24dt27.01.2024,AR OF BANSI DHANI PATKHAULI TO MADHUKARPUR,,,,,,,,,,,,,,,,Chief Engineer Basti Zone PWD Basti||SE Basti Circle PWD Basti||EE Construction Divison Bansi PWD Siddharthnagar,,,,,,"630,009.9",,2024-04-09,Chief Engineer Basti Zone PWD Basti||SE Basti Circle PWD Basti||EE Construction Divison Bansi PWD Siddharthnagar
2024_CEUBZ_889868_12,82/4A/24dt27.01.2024,AR OF LD ROAD WAYA KAPIYA SUKUL TO NEUSA,,,,,,,,,,,,,,,,Chief Engineer Basti Zone PWD Basti||SE Basti Circle PWD Basti||EE Construction Divison Bansi PWD Siddharthnagar,,,,,,"504,118.32",,2024-04-09,Chief Engineer Basti Zone PWD Basti||SE Basti Circle PWD Basti||EE Construction Divison Bansi PWD Siddharthnagar
2024_CEUBZ_889868_14,82/4A/24dt27.01.2024,AR OF BTIB TO JANIYAJOT LINK ROAD,,,,,,,,,,,,,,,,Chief Engineer Basti Zone PWD Basti||SE Basti Circle PWD Basti||EE Construction Divison Bansi PWD Siddharthnagar,,,,,,"505,093.48",,2024-04-09,Chief Engineer Basti Zone PWD Basti||SE Basti Circle PWD Basti||EE Construction Divison Bansi PWD Siddharthnagar
2024_CEUBZ_889868_16,82/4A/24dt27.01.2024,AR OF BADAHRA LINK ROAD,,,,,,,,,,,,,,,,Chief Engineer Basti Zone PWD Basti||SE Basti Circle PWD Basti||EE Construction Divison Bansi PWD Siddharthnagar,,,,,,"633,990.16",,2024-04-09,Chief Engineer Basti Zone PWD Basti||SE Basti Circle PWD Basti||EE Construction Divison Bansi PWD Siddharthnagar
2024_CEUBZ_889868_20,82/4A/24dt27.01.2024,AR OF BANSI DUMARIYAGANJ ROAD TO GRAM TURKAULIYA TIWARI ME JUNIOR HIGH SCHOOL TO NARENDRA MANI TIWARI KE GHAR TAK,,,,,,,,,,,,,,,,Chief Engineer Basti Zone PWD Basti||SE Basti Circle PWD Basti||EE Construction Divison Bansi PWD Siddharthnagar,,,,,,"623,620.52",,2024-04-09,Chief Engineer Basti Zone PWD Basti||SE Basti Circle PWD Basti||EE Construction Divison Bansi PWD Siddharthnagar
2024_CEUBZ_889868_10,82/4A/24dt27.01.2024,AR OF LD TO KOLHUI ROAD,,,,,,,,,,,,,,,,Chief Engineer Basti Zone PWD Basti||SE Basti Circle PWD Basti||EE Construction Divison Bansi PWD Siddharthnagar,,,,,,"345,624.05",,2024-04-09,Chief Engineer Basti Zone PWD Basti||SE Basti Circle PWD Basti||EE Construction Divison Bansi PWD Siddharthnagar
2024_CEUAZ_912933_1,458/4A Dt. 12.02.2024,Ballia ke Puled Housing Yojna ke Antargat Type-3 ke Avaso ke awas sakhya 12 se 22 ke vishes marammat avam rangai potai ka karya,,,,,,,,,,,,,,,,"Chief Engineer PWD Azamgarh Zone,Azamgarh||S.E. Balia Circle,PWD, Balia||Construction Division, PWD, Balia",,,,,,"2,589,896.43",,2024-04-26,"Chief Engineer PWD Azamgarh Zone,Azamgarh||S.E. Balia Circle,PWD, Balia||Construction Division, PWD, Balia"
2024_CEUAZ_912933_1,458/4A Dt. 12.02.2024,Ballia ke Puled Housing Yojna ke Antargat Type-3 ke Avaso ke awas sakhya 12 se 22 ke vishes marammat avam rangai potai ka karya,,,,,,,,,,,,,,,,"Chief Engineer PWD Azamgarh Zone,Azamgarh||S.E. Balia Circle,PWD, Balia||Construction Division, PWD, Balia",,,,,,"2,589,896.43",,2024-04-26,"Chief Engineer PWD Azamgarh Zone,Azamgarh||S.E. Balia Circle,PWD, Balia||Construction Division, PWD, Balia"
2024_CEUAZ_912933_1,458/4A Dt. 12.02.2024,Ballia ke Puled Housing Yojna ke Antargat Type-3 ke Avaso ke awas sakhya 12 se 22 ke vishes marammat avam rangai potai ka karya,,,,,,,,,,,,,,,,"Chief Engineer PWD Azamgarh Zone,Azamgarh||S.E. Balia Circle,PWD, Balia||Construction Division, PWD, Balia",,,,,,"2,589,896.43",,2024-04-26,"Chief Engineer PWD Azamgarh Zone,Azamgarh||S.E. Balia Circle,PWD, Balia||Construction Division, PWD, Balia"
2024_CEUAZ_912933_2,458/4A Dt. 12.02.2024,Ballia ke Puled Housing Yojna ke Antargat Type-3 ke Avaso ke awas sakhya 01 se 08 ke vishes marammat avam rangai potai ka karya,,,,,,,,,,,,,,,,"Chief Engineer PWD Azamgarh Zone,Azamgarh||S.E. Balia Circle,PWD, Balia||Construction Division, PWD, Balia",,,,,,"1,880,302.59",,2024-04-26,"Chief Engineer PWD Azamgarh Zone,Azamgarh||S.E. Balia Circle,PWD, Balia||Construction Division, PWD, Balia"
2024_CEUAZ_903228_5,534/4A DATE 14.02.2024,Special repair work of Chogra to Shankarpur Nadauli alias Pierhi road,,,,,,,,,,,,,,,,"Chief Engineer PWD Azamgarh Zone,Azamgarh||S.E. Balia Circle,PWD, Balia||Provincial Division, PWD, Balia",,,,,,"2,437,770.94",,2024-04-12,"Chief Engineer PWD Azamgarh Zone,Azamgarh||S.E. Balia Circle,PWD, Balia||Provincial Division, PWD, Balia"
2024_CEUAZ_906989_3,EE Tender Notice No. 531 /8A Date 27-02-2024,General repair with renewal work of Ambarpur Pasiyan Basti link road,,,,,,,,,,,,,,,,"Chief Engineer PWD Azamgarh Zone,Azamgarh||S.E. Azamgarh Circle,PWD,Azamgarh||Construction Division-2, PWD, Azamgarh",,,,,,"447,794",,2024-04-25,"Chief Engineer PWD Azamgarh Zone,Azamgarh||S.E. Azamgarh Circle,PWD,Azamgarh||Construction Division-2, PWD, Azamgarh"
2024_CEUAZ_906989_5,EE Tender Notice No. 531 /8A Date 27-02-2024,General repair with renewal work of Azamgarh Ghazipur road to Palhani west railway Fatak tak link road,,,,,,,,,,,,,,,,"Chief Engineer PWD Azamgarh Zone,Azamgarh||S.E. Azamgarh Circle,PWD,Azamgarh||Construction Division-2, PWD, Azamgarh",,,,,,"1,453,022",,2024-04-26,"Chief Engineer PWD Azamgarh Zone,Azamgarh||S.E. Azamgarh Circle,PWD,Azamgarh||Construction Division-2, PWD, Azamgarh"
2024_CEUAZ_902526_22,347/14A Date 14-02-2024,General Repair of Gram Thuthiya to Ranipur Link road,,,,,,,,,,,,,,,,"Chief Engineer PWD Azamgarh Zone,Azamgarh||S.E. Azamgarh Circle,PWD,Azamgarh||Construction Division, PWD, Azamgarh",,,,,,"720,551.55",,2024-04-04,"Chief Engineer PWD Azamgarh Zone,Azamgarh||S.E. Azamgarh Circle,PWD,Azamgarh||Construction Division, PWD, Azamgarh"
2024_CEUAZ_903228_1,534/4A DATE 14.02.2024,Special repair work of Kureji Chilkahar road to Kodhaupur road,,,,,,,,,,,,,,,,"Chief Engineer PWD Azamgarh Zone,Azamgarh||S.E. Balia Circle,PWD, Balia||Provincial Division, PWD, Balia",,,,,,"1,413,071.91",,2024-04-19,"Chief Engineer PWD Azamgarh Zone,Azamgarh||S.E. Balia Circle,PWD, Balia||Provincial Division, PWD, Balia"
2024_CEUAZ_903228_1,534/4A DATE 14.02.2024,Special repair work of Kureji Chilkahar road to Kodhaupur road,,,,,,,,,,,,,,,,"Chief Engineer PWD Azamgarh Zone,Azamgarh||S.E. Balia Circle,PWD, Balia||Provincial Division, PWD, Balia",,,,,,"1,413,071.91",,2024-04-19,"Chief Engineer PWD Azamgarh Zone,Azamgarh||S.E. Balia Circle,PWD, Balia||Provincial Division, PWD, Balia"
2024_CEUAZ_903228_11,534/4A DATE 14.02.2024,Special repair work of canal track Chhibbi to Yadav Basti Sonpurwa road,,,,,,,,,,,,,,,,"Chief Engineer PWD Azamgarh Zone,Azamgarh||S.E. Balia Circle,PWD, Balia||Provincial Division, PWD, Balia",,,,,,"441,491.57",,2024-04-12,"Chief Engineer PWD Azamgarh Zone,Azamgarh||S.E. Balia Circle,PWD, Balia||Provincial Division, PWD, Balia"
2024_CEUAZ_903228_1,534/4A DATE 14.02.2024,Special repair work of Kureji Chilkahar road to Kodhaupur road,,,,,,,,,,,,,,,,"Chief Engineer PWD Azamgarh Zone,Azamgarh||S.E. Balia Circle,PWD, Balia||Provincial Division, PWD, Balia",,,,,,"1,413,071.91",,2024-04-19,"Chief Engineer PWD Azamgarh Zone,Azamgarh||S.E. Balia Circle,PWD, Balia||Provincial Division, PWD, Balia"
2024_CEUAZ_902490_1,605/NIVIDA(PD)-BALLIA CIRCLE/2023 Date- 03.02.2024,"Work of widening and strengthening of the road from Chain 45.07 of Bansdih Ballia Ghosi State Road No. 107 to Garhwar Ratsad via Inderpur, Pandeypur, Chintamanpur, Kukurha, Kureji",,,,,,,,,,,,,,,,"Chief Engineer PWD Azamgarh Zone,Azamgarh||S.E. Balia Circle,PWD, Balia",,,,,,"392,056,015.47",,2024-04-16,"Chief Engineer PWD Azamgarh Zone,Azamgarh||S.E. Balia Circle,PWD, Balia"
2024_CEUAZ_902526_10,347/14A Date 14-02-2024,General Repair of Samenda SC Basti Link road,,,,,,,,,,,,,,,,"Chief Engineer PWD Azamgarh Zone,Azamgarh||S.E. Azamgarh Circle,PWD,Azamgarh||Construction Division, PWD, Azamgarh",,,,,,"302,553.53",,2024-04-16,"Chief Engineer PWD Azamgarh Zone,Azamgarh||S.E. Azamgarh Circle,PWD,Azamgarh||Construction Division, PWD, Azamgarh"
2024_CEUAZ_901760_1,603/NIVIDA(PD)-BALLIA CIRCLE/2023 Date- 03.02.2024,work of widening and strengthening of 4 lanes of Ghazipur to Turtipar road (State Road No. 108) between km 20.70 and km 39.306 in Ballia district,,,,,,,,,,,,,,,,"Chief Engineer PWD Azamgarh Zone,Azamgarh||S.E. Balia Circle,PWD, Balia",,,,,,"2,088,794,611.55",,2024-04-16,"Chief Engineer PWD Azamgarh Zone,Azamgarh||S.E. Balia Circle,PWD, Balia"
2024_CEUAZ_899819_1,370/NIVIDA(CD-Mau)-BALLIA CIRCLE/2023 Date- 24.01.2024,Renovation work along with general repair of Bindra Bazaar Chirayakot Belthara Road,,,,,,,,,,,,,,,,"Chief Engineer PWD Azamgarh Zone,Azamgarh||S.E. Balia Circle,PWD, Balia",,,,,,"43,330,030",,2024-04-08,"Chief Engineer PWD Azamgarh Zone,Azamgarh||S.E. Balia Circle,PWD, Balia"
2024_CEUAZ_899819_2,370/NIVIDA(CD-Mau)-BALLIA CIRCLE/2023 Date- 24.01.2024,Renovation work along with general repair of Bansdih Nagar Ghosi road,,,,,,,,,,,,,,,,"Chief Engineer PWD Azamgarh Zone,Azamgarh||S.E. Balia Circle,PWD, Balia",,,,,,"36,504,185",,2024-04-08,"Chief Engineer PWD Azamgarh Zone,Azamgarh||S.E. Balia Circle,PWD, Balia"
2024_CEUAZ_900736_1,723/NIVIDA(PD)BALLIA CIRCLE/23 DATE 07.02.2024,Special Repair of Km 04 from Khadsara Jigirsad Baragaon Road to Pranpur Road,,,,,,,,,,,,,,,,"Chief Engineer PWD Azamgarh Zone,Azamgarh||S.E. Balia Circle,PWD, Balia",,,,,,"3,890,391.93",,2024-04-16,"Chief Engineer PWD Azamgarh Zone,Azamgarh||S.E. Balia Circle,PWD, Balia"
2024_CEUAZ_900736_1,723/NIVIDA(PD)BALLIA CIRCLE/23 DATE 07.02.2024,Special Repair of Km 04 from Khadsara Jigirsad Baragaon Road to Pranpur Road,,,,,,,,,,,,,,,,"Chief Engineer PWD Azamgarh Zone,Azamgarh||S.E. Balia Circle,PWD, Balia",,,,,,"3,890,391.93",,2024-04-16,"Chief Engineer PWD Azamgarh Zone,Azamgarh||S.E. Balia Circle,PWD, Balia"
2024_CEUAZ_900736_1,723/NIVIDA(PD)BALLIA CIRCLE/23 DATE 07.02.2024,Special Repair of Km 04 from Khadsara Jigirsad Baragaon Road to Pranpur Road,,,,,,,,,,,,,,,,"Chief Engineer PWD Azamgarh Zone,Azamgarh||S.E. Balia Circle,PWD, Balia",,,,,,"3,890,391.93",,2024-04-16,"Chief Engineer PWD Azamgarh Zone,Azamgarh||S.E. Balia Circle,PWD, Balia"
2024_CEUAZ_900929_2,512/4A DATE 12.02.2024,Special Repair Of Sear Kasesar PWD Road Km 10 to Charauwa Road,,,,,,,,,,,,,,,,"Chief Engineer PWD Azamgarh Zone,Azamgarh||S.E. Balia Circle,PWD, Balia||Provincial Division, PWD, Balia",,,,,,"778,753.66",,2024-04-30,"Chief Engineer PWD Azamgarh Zone,Azamgarh||S.E. Balia Circle,PWD, Balia||Provincial Division, PWD, Balia"
2024_CEUAZ_900929_2,512/4A DATE 12.02.2024,Special Repair Of Sear Kasesar PWD Road Km 10 to Charauwa Road,,,,,,,,,,,,,,,,"Chief Engineer PWD Azamgarh Zone,Azamgarh||S.E. Balia Circle,PWD, Balia||Provincial Division, PWD, Balia",,,,,,"778,753.66",,2024-04-30,"Chief Engineer PWD Azamgarh Zone,Azamgarh||S.E. Balia Circle,PWD, Balia||Provincial Division, PWD, Balia"
2024_CEUAZ_898636_20,3517/4A DATE 22.12.2023,Special Repair of Kundel Niyamat Ali Marg Km 1 to Varhima Khurd,,,,,,,,,,,,,,,,"Chief Engineer PWD Azamgarh Zone,Azamgarh||S.E. Balia Circle,PWD, Balia||Provincial Division, PWD, Balia",,,,,,"2,471,072.31",,2024-04-27,"Chief Engineer PWD Azamgarh Zone,Azamgarh||S.E. Balia Circle,PWD, Balia||Provincial Division, PWD, Balia"
2024_CEUAZ_898636_20,3517/4A DATE 22.12.2023,Special Repair of Kundel Niyamat Ali Marg Km 1 to Varhima Khurd,,,,,,,,,,,,,,,,"Chief Engineer PWD Azamgarh Zone,Azamgarh||S.E. Balia Circle,PWD, Balia||Provincial Division, PWD, Balia",,,,,,"2,471,072.31",,2024-04-27,"Chief Engineer PWD Azamgarh Zone,Azamgarh||S.E. Balia Circle,PWD, Balia||Provincial Division, PWD, Balia"
2024_CEUAZ_898636_23,3517/4A DATE 22.12.2023,Special Repair of RNT to Amanve link road,,,,,,,,,,,,,,,,"Chief Engineer PWD Azamgarh Zone,Azamgarh||S.E. Balia Circle,PWD, Balia||Provincial Division, PWD, Balia",,,,,,"1,375,397.89",,2024-04-19,"Chief Engineer PWD Azamgarh Zone,Azamgarh||S.E. Balia Circle,PWD, Balia||Provincial Division, PWD, Balia"
2024_CEUAZ_898636_29,3517/4A DATE 22.12.2023,Special Repair of Sabdalpur link road,,,,,,,,,,,,,,,,"Chief Engineer PWD Azamgarh Zone,Azamgarh||S.E. Balia Circle,PWD, Balia||Provincial Division, PWD, Balia",,,,,,"1,877,442.85",,2024-04-19,"Chief Engineer PWD Azamgarh Zone,Azamgarh||S.E. Balia Circle,PWD, Balia||Provincial Division, PWD, Balia"
2024_CEUAZ_898636_4,3517/4A DATE 22.12.2023,Special Repair of Farsatar Shahpur Afga Karni Marg to Rachhauli Marg,,,,,,,,,,,,,,,,"Chief Engineer PWD Azamgarh Zone,Azamgarh||S.E. Balia Circle,PWD, Balia||Provincial Division, PWD, Balia",,,,,,"2,514,694.51",,2024-04-13,"Chief Engineer PWD Azamgarh Zone,Azamgarh||S.E. Balia Circle,PWD, Balia||Provincial Division, PWD, Balia"
2024_CEUAZ_898636_6,3517/4A DATE 22.12.2023,Special Repair of Gauvapar Goppur to Gobri Marg,,,,,,,,,,,,,,,,"Chief Engineer PWD Azamgarh Zone,Azamgarh||S.E. Balia Circle,PWD, Balia||Provincial Division, PWD, Balia",,,,,,"2,017,262.17",,2024-04-13,"Chief Engineer PWD Azamgarh Zone,Azamgarh||S.E. Balia Circle,PWD, Balia||Provincial Division, PWD, Balia"
2024_CEUAZ_898180_1,265/4A DATED 09/02/2024,Renewal of BFA to Manvarpur Yadav Basti Link Road,,,,,,,,,,,,,,,,"Chief Engineer PWD Azamgarh Zone,Azamgarh||S.E. Azamgarh Circle,PWD,Azamgarh||Provincial Division, PWD, Azamgarh",,,,,,"549,430.02",,2024-04-03,"Chief Engineer PWD Azamgarh Zone,Azamgarh||S.E. Azamgarh Circle,PWD,Azamgarh||Provincial Division, PWD, Azamgarh"
2024_CEUAZ_898047_1,252/4A DATE 24.01.2024,Special repair work of Nagara Sonapali road from Malap Harsenpur Gandhi Inter College via Tiara,,,,,,,,,,,,,,,,"Chief Engineer PWD Azamgarh Zone,Azamgarh||S.E. Balia Circle,PWD, Balia||Provincial Division, PWD, Balia",,,,,,"3,260,554.24",,2024-04-27,"Chief Engineer PWD Azamgarh Zone,Azamgarh||S.E. Balia Circle,PWD, Balia||Provincial Division, PWD, Balia"
2024_CEUAZ_898180_1,265/4A DATED 09/02/2024,Renewal of BFA to Manvarpur Yadav Basti Link Road,,,,,,,,,,,,,,,,"Chief Engineer PWD Azamgarh Zone,Azamgarh||S.E. Azamgarh Circle,PWD,Azamgarh||Provincial Division, PWD, Azamgarh",,,,,,"549,430.02",,2024-04-03,"Chief Engineer PWD Azamgarh Zone,Azamgarh||S.E. Azamgarh Circle,PWD,Azamgarh||Provincial Division, PWD, Azamgarh"
2024_CEUAZ_897000_2,EE Tender Notice No. 400 /8A Date 13-02-2024,Special repair of Surai Khurd link road,,,,,,,,,,,,,,,,"Chief Engineer PWD Azamgarh Zone,Azamgarh||S.E. Azamgarh Circle,PWD,Azamgarh||Construction Division-2, PWD, Azamgarh",,,,,,"646,567",,2024-04-26,"Chief Engineer PWD Azamgarh Zone,Azamgarh||S.E. Azamgarh Circle,PWD,Azamgarh||Construction Division-2, PWD, Azamgarh"
2024_CEUAZ_897000_5,EE Tender Notice No. 400 /8A Date 13-02-2024,Special repair of Haidaripur link road,,,,,,,,,,,,,,,,"Chief Engineer PWD Azamgarh Zone,Azamgarh||S.E. Azamgarh Circle,PWD,Azamgarh||Construction Division-2, PWD, Azamgarh",,,,,,"301,876",,2024-04-18,"Chief Engineer PWD Azamgarh Zone,Azamgarh||S.E. Azamgarh Circle,PWD,Azamgarh||Construction Division-2, PWD, Azamgarh"
2024_CEUAZ_897000_6,EE Tender Notice No. 400 /8A Date 13-02-2024,Special repair of Tiwariyakhurd Thakur Basti link road to Rajbhar Basti link road,,,,,,,,,,,,,,,,"Chief Engineer PWD Azamgarh Zone,Azamgarh||S.E. Azamgarh Circle,PWD,Azamgarh||Construction Division-2, PWD, Azamgarh",,,,,,"281,963",,2024-04-10,"Chief Engineer PWD Azamgarh Zone,Azamgarh||S.E. Azamgarh Circle,PWD,Azamgarh||Construction Division-2, PWD, Azamgarh"
2024_CEUAZ_894883_10,65/SE Tender/Azamgarh Circle /2024 DT.16.01.2024,"Renewal work from PC in km 1,2,3,4,5 (250) of Kandhrapur to Kapsa link road",,,,,,,,,,,,,,,,"Chief Engineer PWD Azamgarh Zone,Azamgarh||S.E. Azamgarh Circle,PWD,Azamgarh",,,,,,"2,841,432.5",,2024-04-08,"Chief Engineer PWD Azamgarh Zone,Azamgarh||S.E. Azamgarh Circle,PWD,Azamgarh"
2024_CEUAZ_894883_12,65/SE Tender/Azamgarh Circle /2024 DT.16.01.2024,"Renewal work from PC in km 1,2,3,4,5 of Kaptanganj-Maharajganj to Kapsa road",,,,,,,,,,,,,,,,"Chief Engineer PWD Azamgarh Zone,Azamgarh||S.E. Azamgarh Circle,PWD,Azamgarh",,,,,,"4,120,837.5",,2024-04-04,"Chief Engineer PWD Azamgarh Zone,Azamgarh||S.E. Azamgarh Circle,PWD,Azamgarh"
2024_CEUAZ_893550_1,151/12A dt 24-01-2024,Punarnirman of mau itaura to karagar link road,,,,,,,,,,,,,,,,"Chief Engineer PWD Azamgarh Zone,Azamgarh||S.E. Balia Circle,PWD, Balia||Provincial Division, PWD, Mau",,,,,,"570,763.67",,2024-04-02,"Chief Engineer PWD Azamgarh Zone,Azamgarh||S.E. Balia Circle,PWD, Balia||Provincial Division, PWD, Mau"
2024_CEUAZ_893872_2,520/NIVIDA(PD)BALLIA CIRCLE/23 DATE 01.02.2024,Ratsad Rajwaha to Ucchi Sawan link road,,,,,,,,,,,,,,,,"Chief Engineer PWD Azamgarh Zone,Azamgarh||S.E. Balia Circle,PWD, Balia",,,,,,"15,721,517.2",,2024-04-12,"Chief Engineer PWD Azamgarh Zone,Azamgarh||S.E. Balia Circle,PWD, Balia"
2024_CEUAZ_893872_2,520/NIVIDA(PD)BALLIA CIRCLE/23 DATE 01.02.2024,Ratsad Rajwaha to Ucchi Sawan link road,,,,,,,,,,,,,,,,"Chief Engineer PWD Azamgarh Zone,Azamgarh||S.E. Balia Circle,PWD, Balia",,,,,,"15,721,517.2",,2024-04-12,"Chief Engineer PWD Azamgarh Zone,Azamgarh||S.E. Balia Circle,PWD, Balia"
2024_CEUAZ_893872_2,520/NIVIDA(PD)BALLIA CIRCLE/23 DATE 01.02.2024,Ratsad Rajwaha to Ucchi Sawan link road,,,,,,,,,,,,,,,,"Chief Engineer PWD Azamgarh Zone,Azamgarh||S.E. Balia Circle,PWD, Balia",,,,,,"15,721,517.2",,2024-04-12,"Chief Engineer PWD Azamgarh Zone,Azamgarh||S.E. Balia Circle,PWD, Balia"
2024_CEUAZ_892922_24,EE Tender Notice No. 330 /8A Date 08-02-2024,General repair with renewal work of Karenhua Anusuchit Basti 3 link road,,,,,,,,,,,,,,,,"Chief Engineer PWD Azamgarh Zone,Azamgarh||S.E. Azamgarh Circle,PWD,Azamgarh||Construction Division-2, PWD, Azamgarh",,,,,,"480,037",,2024-04-04,"Chief Engineer PWD Azamgarh Zone,Azamgarh||S.E. Azamgarh Circle,PWD,Azamgarh||Construction Division-2, PWD, Azamgarh"
2024_CEUAZ_892922_24,EE Tender Notice No. 330 /8A Date 08-02-2024,General repair with renewal work of Karenhua Anusuchit Basti 3 link road,,,,,,,,,,,,,,,,"Chief Engineer PWD Azamgarh Zone,Azamgarh||S.E. Azamgarh Circle,PWD,Azamgarh||Construction Division-2, PWD, Azamgarh",,,,,,"480,037",,2024-04-04,"Chief Engineer PWD Azamgarh Zone,Azamgarh||S.E. Azamgarh Circle,PWD,Azamgarh||Construction Division-2, PWD, Azamgarh"
2024_CEUAZ_891738_33,110/4A DATE 15.01.2023,Renewal work of Koth link road via Lakhnapar Mundera Mathia Kachuvara,,,,,,,,,,,,,,,,"Chief Engineer PWD Azamgarh Zone,Azamgarh||S.E. Balia Circle,PWD, Balia||Provincial Division, PWD, Balia",,,,,,"1,710,002.4",,2024-04-27,"Chief Engineer PWD Azamgarh Zone,Azamgarh||S.E. Balia Circle,PWD, Balia||Provincial Division, PWD, Balia"
2024_CEUAZ_891096_10,3641/4A DATE 30.12.2023,Special repair work of Lucknow Ballia road to Sadoli link road,,,,,,,,,,,,,,,,"Chief Engineer PWD Azamgarh Zone,Azamgarh||S.E. Balia Circle,PWD, Balia||Provincial Division, PWD, Balia",,,,,,"1,563,101.6",,2024-04-19,"Chief Engineer PWD Azamgarh Zone,Azamgarh||S.E. Balia Circle,PWD, Balia||Provincial Division, PWD, Balia"
2024_CEUAZ_891738_13,110/4A DATE 15.01.2023,Renewal work of Dugai Patti link road,,,,,,,,,,,,,,,,"Chief Engineer PWD Azamgarh Zone,Azamgarh||S.E. Balia Circle,PWD, Balia||Provincial Division, PWD, Balia",,,,,,"142,899.28",,2024-04-08,"Chief Engineer PWD Azamgarh Zone,Azamgarh||S.E. Balia Circle,PWD, Balia||Provincial Division, PWD, Balia"
2024_CEUAZ_891738_13,110/4A DATE 15.01.2023,Renewal work of Dugai Patti link road,,,,,,,,,,,,,,,,"Chief Engineer PWD Azamgarh Zone,Azamgarh||S.E. Balia Circle,PWD, Balia||Provincial Division, PWD, Balia",,,,,,"142,899.28",,2024-04-08,"Chief Engineer PWD Azamgarh Zone,Azamgarh||S.E. Balia Circle,PWD, Balia||Provincial Division, PWD, Balia"
2024_CEUAZ_891738_13,110/4A DATE 15.01.2023,Renewal work of Dugai Patti link road,,,,,,,,,,,,,,,,"Chief Engineer PWD Azamgarh Zone,Azamgarh||S.E. Balia Circle,PWD, Balia||Provincial Division, PWD, Balia",,,,,,"142,899.28",,2024-04-08,"Chief Engineer PWD Azamgarh Zone,Azamgarh||S.E. Balia Circle,PWD, Balia||Provincial Division, PWD, Balia"
2024_CEUAZ_888175_7,EE Tender Notice No. 218 /8A Date 30-01-2024,Special repair of Sohuwali link road,,,,,,,,,,,,,,,,"Chief Engineer PWD Azamgarh Zone,Azamgarh||S.E. Azamgarh Circle,PWD,Azamgarh||Construction Division-2, PWD, Azamgarh",,,,,,"99,480",,2024-04-03,"Chief Engineer PWD Azamgarh Zone,Azamgarh||S.E. Azamgarh Circle,PWD,Azamgarh||Construction Division-2, PWD, Azamgarh"
2024_CEUAZ_887520_1,110/12A dt. 18-01-2024,Ren of Yakubpur to samsabad link road,,,,,,,,,,,,,,,,"Chief Engineer PWD Azamgarh Zone,Azamgarh||S.E. Balia Circle,PWD, Balia||Provincial Division, PWD, Mau",,,,,,"1,432,566",,2024-04-06,"Chief Engineer PWD Azamgarh Zone,Azamgarh||S.E. Balia Circle,PWD, Balia||Provincial Division, PWD, Mau"
2024_CEUAZ_888175_15,EE Tender Notice No. 218 /8A Date 30-01-2024,Special repair of Bakspur Kohrauti link road,,,,,,,,,,,,,,,,"Chief Engineer PWD Azamgarh Zone,Azamgarh||S.E. Azamgarh Circle,PWD,Azamgarh||Construction Division-2, PWD, Azamgarh",,,,,,"296,488",,2024-04-20,"Chief Engineer PWD Azamgarh Zone,Azamgarh||S.E. Azamgarh Circle,PWD,Azamgarh||Construction Division-2, PWD, Azamgarh"
2024_CEUAZ_886321_1,01/12A dt. 01-01-2024,Sr of Ranveerpur Grerpura Link road,,,,,,,,,,,,,,,,"Chief Engineer PWD Azamgarh Zone,Azamgarh||S.E. Balia Circle,PWD, Balia||Provincial Division, PWD, Mau",,,,,,"960,499.49",,2024-04-02,"Chief Engineer PWD Azamgarh Zone,Azamgarh||S.E. Balia Circle,PWD, Balia||Provincial Division, PWD, Mau"
2024_CEUAZ_886321_1,01/12A dt. 01-01-2024,Sr of Ranveerpur Grerpura Link road,,,,,,,,,,,,,,,,"Chief Engineer PWD Azamgarh Zone,Azamgarh||S.E. Balia Circle,PWD, Balia||Provincial Division, PWD, Mau",,,,,,"960,499.49",,2024-04-02,"Chief Engineer PWD Azamgarh Zone,Azamgarh||S.E. Balia Circle,PWD, Balia||Provincial Division, PWD, Mau"
2024_CEUAZ_886321_1,01/12A dt. 01-01-2024,Sr of Ranveerpur Grerpura Link road,,,,,,,,,,,,,,,,"Chief Engineer PWD Azamgarh Zone,Azamgarh||S.E. Balia Circle,PWD, Balia||Provincial Division, PWD, Mau",,,,,,"960,499.49",,2024-04-02,"Chief Engineer PWD Azamgarh Zone,Azamgarh||S.E. Balia Circle,PWD, Balia||Provincial Division, PWD, Mau"
2024_CEUAZ_885745_4,215/NIVIDA(CD MAU)-BALLIA CIRCLE/23 DATE 16.01.23,"Renovation work with Dohrighat Madhuban Road B.C.K in Km-4,5, 6,7",,,,,,,,,,,,,,,,"Chief Engineer PWD Azamgarh Zone,Azamgarh||S.E. Balia Circle,PWD, Balia",,,,,,"9,794,317.94",,2024-04-16,"Chief Engineer PWD Azamgarh Zone,Azamgarh||S.E. Balia Circle,PWD, Balia"
2024_CEUAZ_885745_4,215/NIVIDA(CD MAU)-BALLIA CIRCLE/23 DATE 16.01.23,"Renovation work with Dohrighat Madhuban Road B.C.K in Km-4,5, 6,7",,,,,,,,,,,,,,,,"Chief Engineer PWD Azamgarh Zone,Azamgarh||S.E. Balia Circle,PWD, Balia",,,,,,"9,794,317.94",,2024-04-16,"Chief Engineer PWD Azamgarh Zone,Azamgarh||S.E. Balia Circle,PWD, Balia"
2024_CEUAZ_885098_60,120/14A Date 12-01-2024,General repair of Mubarakpur Muhammadbad to Jalalpur Link road,,,,,,,,,,,,,,,,"Chief Engineer PWD Azamgarh Zone,Azamgarh||S.E. Azamgarh Circle,PWD,Azamgarh||Construction Division, PWD, Azamgarh",,,,,,"1,071,397.76",,2024-04-16,"Chief Engineer PWD Azamgarh Zone,Azamgarh||S.E. Azamgarh Circle,PWD,Azamgarh||Construction Division, PWD, Azamgarh"
2024_CEUAZ_885098_65,120/14A Date 12-01-2024,General Repair of Asaur Sarkari Nalkoop to Gram Gocha tak Link road,,,,,,,,,,,,,,,,"Chief Engineer PWD Azamgarh Zone,Azamgarh||S.E. Azamgarh Circle,PWD,Azamgarh||Construction Division, PWD, Azamgarh",,,,,,"1,130,280.24",,2024-04-03,"Chief Engineer PWD Azamgarh Zone,Azamgarh||S.E. Azamgarh Circle,PWD,Azamgarh||Construction Division, PWD, Azamgarh"
2024_CEUAZ_885098_57,120/14A Date 12-01-2024,General Repair of Gram Shabha Sathiyawan ke Azamgarh Mau Road to Khujhiya Bank ke Uttar via village to Pitch Road tak Link road,,,,,,,,,,,,,,,,"Chief Engineer PWD Azamgarh Zone,Azamgarh||S.E. Azamgarh Circle,PWD,Azamgarh||Construction Division, PWD, Azamgarh",,,,,,"1,263,067.84",,2024-04-03,"Chief Engineer PWD Azamgarh Zone,Azamgarh||S.E. Azamgarh Circle,PWD,Azamgarh||Construction Division, PWD, Azamgarh"
2024_CEUAZ_884330_1,56/4A DATED 12/01/2024,Renewal of Azamgarh Bilariyaganj Raunapar Link Road,,,,,,,,,,,,,,,,"Chief Engineer PWD Azamgarh Zone,Azamgarh||S.E. Azamgarh Circle,PWD,Azamgarh||Provincial Division, PWD, Azamgarh",,,,,,"984,790.4",,2024-04-02,"Chief Engineer PWD Azamgarh Zone,Azamgarh||S.E. Azamgarh Circle,PWD,Azamgarh||Provincial Division, PWD, Azamgarh"
2024_CEUAZ_884928_12,EE Tender Notice No. 112/8A Date 12-01-2024,General repair with renewal work of Bharma Fattanpur road to Naharpur link road,,,,,,,,,,,,,,,,"Chief Engineer PWD Azamgarh Zone,Azamgarh||S.E. Azamgarh Circle,PWD,Azamgarh||Construction Division-2, PWD, Azamgarh",,,,,,"2,095,917.96",,2024-04-06,"Chief Engineer PWD Azamgarh Zone,Azamgarh||S.E. Azamgarh Circle,PWD,Azamgarh||Construction Division-2, PWD, Azamgarh"
2024_CEUAZ_884928_37,EE Tender Notice No. 112/8A Date 12-01-2024,General repair with renewal work of Teunga Anusuchit Basti link road,,,,,,,,,,,,,,,,"Chief Engineer PWD Azamgarh Zone,Azamgarh||S.E. Azamgarh Circle,PWD,Azamgarh||Construction Division-2, PWD, Azamgarh",,,,,,"585,686",,2024-04-25,"Chief Engineer PWD Azamgarh Zone,Azamgarh||S.E. Azamgarh Circle,PWD,Azamgarh||Construction Division-2, PWD, Azamgarh"
2024_CEUAZ_884928_37,EE Tender Notice No. 112/8A Date 12-01-2024,General repair with renewal work of Teunga Anusuchit Basti link road,,,,,,,,,,,,,,,,"Chief Engineer PWD Azamgarh Zone,Azamgarh||S.E. Azamgarh Circle,PWD,Azamgarh||Construction Division-2, PWD, Azamgarh",,,,,,"585,686",,2024-04-25,"Chief Engineer PWD Azamgarh Zone,Azamgarh||S.E. Azamgarh Circle,PWD,Azamgarh||Construction Division-2, PWD, Azamgarh"
2024_CEUAZ_884928_44,EE Tender Notice No. 112/8A Date 12-01-2024,General repair with renewal work of Jairopur Shamsabad Ahiraula road,,,,,,,,,,,,,,,,"Chief Engineer PWD Azamgarh Zone,Azamgarh||S.E. Azamgarh Circle,PWD,Azamgarh||Construction Division-2, PWD, Azamgarh",,,,,,"1,247,873",,2024-04-20,"Chief Engineer PWD Azamgarh Zone,Azamgarh||S.E. Azamgarh Circle,PWD,Azamgarh||Construction Division-2, PWD, Azamgarh"
2024_CEUAZ_883846_1,56/4A DATED 12/01/2024,Renewal of Maltari Bhadao to Badsara Link Road,,,,,,,,,,,,,,,,"Chief Engineer PWD Azamgarh Zone,Azamgarh||S.E. Azamgarh Circle,PWD,Azamgarh||Provincial Division, PWD, Azamgarh",,,,,,"647,320.68",,2024-04-02,"Chief Engineer PWD Azamgarh Zone,Azamgarh||S.E. Azamgarh Circle,PWD,Azamgarh||Provincial Division, PWD, Azamgarh"
2024_CEUAZ_883534_4,64/4A dt. 06.01.2024,Bisauli Gav se Dubey Chhap sampark,,,,,,,,,,,,,,,,"Chief Engineer PWD Azamgarh Zone,Azamgarh||S.E. Balia Circle,PWD, Balia||Construction Division, PWD, Balia",,,,,,"1,892,520.73",,2024-04-22,"Chief Engineer PWD Azamgarh Zone,Azamgarh||S.E. Balia Circle,PWD, Balia||Construction Division, PWD, Balia"
2024_CEUAZ_883846_1,56/4A DATED 12/01/2024,Renewal of Maltari Bhadao to Badsara Link Road,,,,,,,,,,,,,,,,"Chief Engineer PWD Azamgarh Zone,Azamgarh||S.E. Azamgarh Circle,PWD,Azamgarh||Provincial Division, PWD, Azamgarh",,,,,,"647,320.68",,2024-04-02,"Chief Engineer PWD Azamgarh Zone,Azamgarh||S.E. Azamgarh Circle,PWD,Azamgarh||Provincial Division, PWD, Azamgarh"
2024_CEUAZ_883846_1,56/4A DATED 12/01/2024,Renewal of Maltari Bhadao to Badsara Link Road,,,,,,,,,,,,,,,,"Chief Engineer PWD Azamgarh Zone,Azamgarh||S.E. Azamgarh Circle,PWD,Azamgarh||Provincial Division, PWD, Azamgarh",,,,,,"647,320.68",,2024-04-02,"Chief Engineer PWD Azamgarh Zone,Azamgarh||S.E. Azamgarh Circle,PWD,Azamgarh||Provincial Division, PWD, Azamgarh"
2024_CEUAZ_879645_6,5944/NIVIDA(CD)-BALLIA CIRCLE/2023 DATE 23.12.2023,Construction work from of the road Karmar Bhainsha Pich Marg to Bharkhara. (Including 05 years maintenance cost),,,,,,,,,,,,,,,,"Chief Engineer PWD Azamgarh Zone,Azamgarh||S.E. Balia Circle,PWD, Balia",,,,,,"14,425,102.54",,2024-04-08,"Chief Engineer PWD Azamgarh Zone,Azamgarh||S.E. Balia Circle,PWD, Balia"
2024_CEUAZ_879645_6,5944/NIVIDA(CD)-BALLIA CIRCLE/2023 DATE 23.12.2023,Construction work from of the road Karmar Bhainsha Pich Marg to Bharkhara. (Including 05 years maintenance cost),,,,,,,,,,,,,,,,"Chief Engineer PWD Azamgarh Zone,Azamgarh||S.E. Balia Circle,PWD, Balia",,,,,,"14,425,102.54",,2024-04-08,"Chief Engineer PWD Azamgarh Zone,Azamgarh||S.E. Balia Circle,PWD, Balia"
2024_CEUAZ_879645_6,5944/NIVIDA(CD)-BALLIA CIRCLE/2023 DATE 23.12.2023,Construction work from of the road Karmar Bhainsha Pich Marg to Bharkhara. (Including 05 years maintenance cost),,,,,,,,,,,,,,,,"Chief Engineer PWD Azamgarh Zone,Azamgarh||S.E. Balia Circle,PWD, Balia",,,,,,"14,425,102.54",,2024-04-08,"Chief Engineer PWD Azamgarh Zone,Azamgarh||S.E. Balia Circle,PWD, Balia"
2024_CEUAZ_879840_2,2913/14A Date 30-12-2023,Special Repair of Rampur Andoi Link road,,,,,,,,,,,,,,,,"Chief Engineer PWD Azamgarh Zone,Azamgarh||S.E. Azamgarh Circle,PWD,Azamgarh||Construction Division, PWD, Azamgarh",,,,,,"1,288,527.2",,2024-04-27,"Chief Engineer PWD Azamgarh Zone,Azamgarh||S.E. Azamgarh Circle,PWD,Azamgarh||Construction Division, PWD, Azamgarh"
2024_CEUAZ_879188_84,EE Tender Notice No. 3268/8A Date 23-12-2023,Special repair of Azamgarh Bhadulighat road to Gelwara road,,,,,,,,,,,,,,,,"Chief Engineer PWD Azamgarh Zone,Azamgarh||S.E. Azamgarh Circle,PWD,Azamgarh||Construction Division-2, PWD, Azamgarh",,,,,,"60,436",,2024-04-10,"Chief Engineer PWD Azamgarh Zone,Azamgarh||S.E. Azamgarh Circle,PWD,Azamgarh||Construction Division-2, PWD, Azamgarh"
2024_CEUAZ_879188_9,EE Tender Notice No. 3268/8A Date 23-12-2023,Special repair of Chakbudhan Jamin Katghar to Bhawanipur link road,,,,,,,,,,,,,,,,"Chief Engineer PWD Azamgarh Zone,Azamgarh||S.E. Azamgarh Circle,PWD,Azamgarh||Construction Division-2, PWD, Azamgarh",,,,,,"260,246.42",,2024-04-12,"Chief Engineer PWD Azamgarh Zone,Azamgarh||S.E. Azamgarh Circle,PWD,Azamgarh||Construction Division-2, PWD, Azamgarh"
2024_CEUAZ_879218_6,5943/NIVIDA(CD)-BALLIA CIRCLE/2023 DATE 23.12.2023,Construction work of the road from Ghaghrauli bridge Shivji temple to village Phulwariya (Including 05 years maintenance cost),,,,,,,,,,,,,,,,"Chief Engineer PWD Azamgarh Zone,Azamgarh||S.E. Balia Circle,PWD, Balia",,,,,,"12,251,295.78",,2024-04-10,"Chief Engineer PWD Azamgarh Zone,Azamgarh||S.E. Balia Circle,PWD, Balia"
2024_CEUAZ_879399_11,No-2845/9A Date 26-12-2023,Special Repair of Mubarakpur to Tadiyakhan Link road,,,,,,,,,,,,,,,,"Chief Engineer PWD Azamgarh Zone,Azamgarh||S.E. Azamgarh Circle,PWD,Azamgarh||Construction Division, PWD, Azamgarh",,,,,,"388,906.5",,2024-04-10,"Chief Engineer PWD Azamgarh Zone,Azamgarh||S.E. Azamgarh Circle,PWD,Azamgarh||Construction Division, PWD, Azamgarh"
2024_CEUAZ_879399_11,No-2845/9A Date 26-12-2023,Special Repair of Mubarakpur to Tadiyakhan Link road,,,,,,,,,,,,,,,,"Chief Engineer PWD Azamgarh Zone,Azamgarh||S.E. Azamgarh Circle,PWD,Azamgarh||Construction Division, PWD, Azamgarh",,,,,,"388,906.5",,2024-04-10,"Chief Engineer PWD Azamgarh Zone,Azamgarh||S.E. Azamgarh Circle,PWD,Azamgarh||Construction Division, PWD, Azamgarh"
2024_CEUAZ_879188_43,EE Tender Notice No. 3268/8A Date 23-12-2023,Special repair of Dhiyhana link road,,,,,,,,,,,,,,,,"Chief Engineer PWD Azamgarh Zone,Azamgarh||S.E. Azamgarh Circle,PWD,Azamgarh||Construction Division-2, PWD, Azamgarh",,,,,,"354,294",,2024-04-19,"Chief Engineer PWD Azamgarh Zone,Azamgarh||S.E. Azamgarh Circle,PWD,Azamgarh||Construction Division-2, PWD, Azamgarh"
2024_CEUAZ_879188_43,EE Tender Notice No. 3268/8A Date 23-12-2023,Special repair of Dhiyhana link road,,,,,,,,,,,,,,,,"Chief Engineer PWD Azamgarh Zone,Azamgarh||S.E. Azamgarh Circle,PWD,Azamgarh||Construction Division-2, PWD, Azamgarh",,,,,,"354,294",,2024-04-19,"Chief Engineer PWD Azamgarh Zone,Azamgarh||S.E. Azamgarh Circle,PWD,Azamgarh||Construction Division-2, PWD, Azamgarh"
2024_CEUAZ_879188_47,EE Tender Notice No. 3268/8A Date 23-12-2023,Special repair of Mahul Khas link road,,,,,,,,,,,,,,,,"Chief Engineer PWD Azamgarh Zone,Azamgarh||S.E. Azamgarh Circle,PWD,Azamgarh||Construction Division-2, PWD, Azamgarh",,,,,,"249,169",,2024-04-19,"Chief Engineer PWD Azamgarh Zone,Azamgarh||S.E. Azamgarh Circle,PWD,Azamgarh||Construction Division-2, PWD, Azamgarh"
2024_CEUAZ_879188_3,EE Tender Notice No. 3268/8A Date 23-12-2023,Special repair of the north side of village Siddha Sultanpur till Nizamabad Phulpur road,,,,,,,,,,,,,,,,"Chief Engineer PWD Azamgarh Zone,Azamgarh||S.E. Azamgarh Circle,PWD,Azamgarh||Construction Division-2, PWD, Azamgarh",,,,,,"918,921",,2024-04-02,"Chief Engineer PWD Azamgarh Zone,Azamgarh||S.E. Azamgarh Circle,PWD,Azamgarh||Construction Division-2, PWD, Azamgarh"
2024_CEUAZ_877994_1,5941/NIVIDA(CD)-BALLIA CIRCLE/2023 DATE 23.12.2023,Special repair work of the road from Bansatpur Beruarbari road to Kasturba Gandhi Vidyalaya via village Shivpur Bhawar,,,,,,,,,,,,,,,,"Chief Engineer PWD Azamgarh Zone,Azamgarh||S.E. Balia Circle,PWD, Balia",,,,,,"4,185,544.6",,2024-04-04,"Chief Engineer PWD Azamgarh Zone,Azamgarh||S.E. Balia Circle,PWD, Balia"
2024_CEUAZ_877994_2,5941/NIVIDA(CD)-BALLIA CIRCLE/2023 DATE 23.12.2023,Special repair work of Bhojpurwa link road,,,,,,,,,,,,,,,,"Chief Engineer PWD Azamgarh Zone,Azamgarh||S.E. Balia Circle,PWD, Balia",,,,,,"5,235,516",,2024-04-04,"Chief Engineer PWD Azamgarh Zone,Azamgarh||S.E. Balia Circle,PWD, Balia"
2024_CEMRT_909020_2,1667/94MS-S/2024 Date 29-02-2024,Renewal work by BC along with general repairs in km 2 600 to 22 of Janata Marg ODR in Saharanpur district,,,,,,,,,,,,,,,,Cheif Engineer Meerut Zone PWD Meerut||SE SAHARANPUR CIRCLE PWD SAHARANPUR,,,,,,"37,889,307.24",,2024-04-05,Cheif Engineer Meerut Zone PWD Meerut||SE SAHARANPUR CIRCLE PWD SAHARANPUR
2024_CEMRT_908349_1,379/3A Date 20-02-2024,In financial Year 2023 24 Renewal work with General Repair of Bhopura to Tamela Gari road  km 1 300  in District Baghpat,,,,,,,,,,,,,,,,Cheif Engineer Meerut Zone PWD Meerut||SE MEERUT CIRCLE PWD MEERUT||EE PROVINCIAL DIVISION PWD BAGHPAT,,,,,,"233,938.06",,2024-04-09,Cheif Engineer Meerut Zone PWD Meerut||SE MEERUT CIRCLE PWD MEERUT||EE PROVINCIAL DIVISION PWD BAGHPAT
2024_CEMRT_908349_1,379/3A Date 20-02-2024,In financial Year 2023 24 Renewal work with General Repair of Bhopura to Tamela Gari road  km 1 300  in District Baghpat,,,,,,,,,,,,,,,,Cheif Engineer Meerut Zone PWD Meerut||SE MEERUT CIRCLE PWD MEERUT||EE PROVINCIAL DIVISION PWD BAGHPAT,,,,,,"233,938.06",,2024-04-09,Cheif Engineer Meerut Zone PWD Meerut||SE MEERUT CIRCLE PWD MEERUT||EE PROVINCIAL DIVISION PWD BAGHPAT
2024_CEMRT_908164_3,454/8A DT 28.02.2024,6 Special repair work at Dullakhedi Rajwaha bridge to Dullakhedi Abadi Road in Distt. Shamli in. F.Y. 2023-24,,,,,,,,,,,,,,,,Cheif Engineer Meerut Zone PWD Meerut||SE SAHARANPUR CIRCLE PWD SAHARANPUR||EE PROVINCIAL DIVISION PWD SHAMLI,,,,,,"2,447,445.23",,2024-04-29,Cheif Engineer Meerut Zone PWD Meerut||SE SAHARANPUR CIRCLE PWD SAHARANPUR||EE PROVINCIAL DIVISION PWD SHAMLI
2024_CEMRT_907566_1,726/8A Dated 27.02.2024,1. Special Repair work on Bahramgarh urf Gafurgarh Road,,,,,,,,,,,,,,,,Cheif Engineer Meerut Zone PWD Meerut||SE SAHARANPUR CIRCLE PWD SAHARANPUR||EE PROVINCIAL DIVISION PWD MUZAFFARNAGAR,,,,,,"980,917.34",,2024-04-10,Cheif Engineer Meerut Zone PWD Meerut||SE SAHARANPUR CIRCLE PWD SAHARANPUR||EE PROVINCIAL DIVISION PWD MUZAFFARNAGAR
2024_CEMRT_907831_1,714/11Cashier-MC CD Meerut Dt 21-02-24,"For agricultural marketing facilities in the sugar mill area, the work of reconstruction of the first part of the roads from Lavad Andravali Road to Mithepur Road, Daurala Lavad Road to Mavimira, Lavad Saufipur Road to Village Khanoda and Mamuri to L",,,,,,,,,,,,,,,,Cheif Engineer Meerut Zone PWD Meerut||SE MEERUT CIRCLE PWD MEERUT,,,,,,"9,926,017.43",,2024-04-04,Cheif Engineer Meerut Zone PWD Meerut||SE MEERUT CIRCLE PWD MEERUT
2024_CEMRT_907831_1,714/11Cashier-MC CD Meerut Dt 21-02-24,"For agricultural marketing facilities in the sugar mill area, the work of reconstruction of the first part of the roads from Lavad Andravali Road to Mithepur Road, Daurala Lavad Road to Mavimira, Lavad Saufipur Road to Village Khanoda and Mamuri to L",,,,,,,,,,,,,,,,Cheif Engineer Meerut Zone PWD Meerut||SE MEERUT CIRCLE PWD MEERUT,,,,,,"9,926,017.43",,2024-04-04,Cheif Engineer Meerut Zone PWD Meerut||SE MEERUT CIRCLE PWD MEERUT
2024_CEMRT_904563_1,463/8A Dt. 23.02.2024,Sperical Repair Work on Luhari Feeder to Lachera Road.,,,,,,,,,,,,,,,,Cheif Engineer Meerut Zone PWD Meerut||SE SAHARANPUR CIRCLE PWD SAHARANPUR||EE CONSTRUCTION DIVISION-1 PWD MUZAFFARNAGAR,,,,,,"354,436.2",,2024-04-03,Cheif Engineer Meerut Zone PWD Meerut||SE SAHARANPUR CIRCLE PWD SAHARANPUR||EE CONSTRUCTION DIVISION-1 PWD MUZAFFARNAGAR
2024_CEMRT_902914_5,1051/25MS/24 date 12.02.2024,5  Renewal work at Butrada to Hind Road in Distt. Shamli in F.Y. 2023-24,,,,,,,,,,,,,,,,Cheif Engineer Meerut Zone PWD Meerut||SE SAHARANPUR CIRCLE PWD SAHARANPUR,,,,,,"12,777,202.15",,2024-04-27,Cheif Engineer Meerut Zone PWD Meerut||SE SAHARANPUR CIRCLE PWD SAHARANPUR
2024_CEMRT_901659_1,110/4A Camp date 13.02.2024,Repair work of Delhi Kanpur road divider and repair of railing of the bridge,,,,,,,,,,,,,,,,Cheif Engineer Meerut Zone PWD Meerut||SE BULAND SHAHAR PWD BULANDSHAHAR||EE CONSTRUCTION DIVISION-2  PWD GAZIABAD,,,,,,"1,229,373",,2024-04-02,Cheif Engineer Meerut Zone PWD Meerut||SE BULAND SHAHAR PWD BULANDSHAHAR||EE CONSTRUCTION DIVISION-2  PWD GAZIABAD
2024_CEMRT_901659_2,110/4A Camp date 13.02.2024,Patch Repair work on Banthla Dikoli road,,,,,,,,,,,,,,,,Cheif Engineer Meerut Zone PWD Meerut||SE BULAND SHAHAR PWD BULANDSHAHAR||EE CONSTRUCTION DIVISION-2  PWD GAZIABAD,,,,,,"1,124,513.25",,2024-04-20,Cheif Engineer Meerut Zone PWD Meerut||SE BULAND SHAHAR PWD BULANDSHAHAR||EE CONSTRUCTION DIVISION-2  PWD GAZIABAD
2024_CEMRT_901029_1,1048/96M-S/2024 Date 12-02-2024,Hulasgarh to Ismaipur Gurjar Marg,,,,,,,,,,,,,,,,Cheif Engineer Meerut Zone PWD Meerut||SE SAHARANPUR CIRCLE PWD SAHARANPUR,,,,,,"3,702,535",,2024-04-24,Cheif Engineer Meerut Zone PWD Meerut||SE SAHARANPUR CIRCLE PWD SAHARANPUR
2024_CEMRT_898406_3,8852/96M/BSR/2023-24 Date 07-12-2023,Reconstruction of NH 24 to Badarkha Road,,,,,,,,,,,,,,,,Cheif Engineer Meerut Zone PWD Meerut||SE BULAND SHAHAR PWD BULANDSHAHAR||EE PROVINCIAL DIVISION PWD HAPUR,,,,,,"3,478,631.8",,2024-04-06,Cheif Engineer Meerut Zone PWD Meerut||SE BULAND SHAHAR PWD BULANDSHAHAR||EE PROVINCIAL DIVISION PWD HAPUR
2024_CEMRT_897520_15,890/25M-2024 date 06.02.2024,15 Reconstruction work at Rasidgarh Primary School up to Sugar Mill Road in Distt. Shamli in. F.Y. 2023-24,,,,,,,,,,,,,,,,Cheif Engineer Meerut Zone PWD Meerut||SE SAHARANPUR CIRCLE PWD SAHARANPUR,,,,,,"3,223,496.61",,2024-04-10,Cheif Engineer Meerut Zone PWD Meerut||SE SAHARANPUR CIRCLE PWD SAHARANPUR
2024_CEMRT_897520_15,890/25M-2024 date 06.02.2024,15 Reconstruction work at Rasidgarh Primary School up to Sugar Mill Road in Distt. Shamli in. F.Y. 2023-24,,,,,,,,,,,,,,,,Cheif Engineer Meerut Zone PWD Meerut||SE SAHARANPUR CIRCLE PWD SAHARANPUR,,,,,,"3,223,496.61",,2024-04-10,Cheif Engineer Meerut Zone PWD Meerut||SE SAHARANPUR CIRCLE PWD SAHARANPUR
2024_CEMRT_897015_1,258/8A Dt. 03.02.2024,Sperical Repair Work on Budhana Barkata Kurthal Road,,,,,,,,,,,,,,,,Cheif Engineer Meerut Zone PWD Meerut||SE SAHARANPUR CIRCLE PWD SAHARANPUR||EE CONSTRUCTION DIVISION-1 PWD MUZAFFARNAGAR,,,,,,"404,111.76",,2024-04-03,Cheif Engineer Meerut Zone PWD Meerut||SE SAHARANPUR CIRCLE PWD SAHARANPUR||EE CONSTRUCTION DIVISION-1 PWD MUZAFFARNAGAR
2024_CEMRT_897015_1,258/8A Dt. 03.02.2024,Sperical Repair Work on Budhana Barkata Kurthal Road,,,,,,,,,,,,,,,,Cheif Engineer Meerut Zone PWD Meerut||SE SAHARANPUR CIRCLE PWD SAHARANPUR||EE CONSTRUCTION DIVISION-1 PWD MUZAFFARNAGAR,,,,,,"404,111.76",,2024-04-03,Cheif Engineer Meerut Zone PWD Meerut||SE SAHARANPUR CIRCLE PWD SAHARANPUR||EE CONSTRUCTION DIVISION-1 PWD MUZAFFARNAGAR
2024_UPIDC_890200_8,04/EE/2023-24,Making internal road no.04 with paver block and both side drain of rehabilitaion area of Tikaratiwari phase-III at Kachnoda dam,,,,,,,,,,,,,,,,"U P Irrigation Department (Civil)||Chief Engineer-Betwa Project, Jhansi||Irrigation Contruction Circle, Jhansi||Irrigation Contruction Division-1, Lalitpur",,,,,,"2,804,464.6",,2024-04-06,"U P Irrigation Department (Civil)||Chief Engineer-Betwa Project, Jhansi||Irrigation Contruction Circle, Jhansi||Irrigation Contruction Division-1, Lalitpur"
2024_UPIDC_890200_9,04/EE/2023-24,Making internal road no.06 and 07 with paver block and both side drain of rehabilitaion area of Tikaratiwari phase-III at Kachnoda dam,,,,,,,,,,,,,,,,"U P Irrigation Department (Civil)||Chief Engineer-Betwa Project, Jhansi||Irrigation Contruction Circle, Jhansi||Irrigation Contruction Division-1, Lalitpur",,,,,,"1,724,541.2",,2024-04-06,"U P Irrigation Department (Civil)||Chief Engineer-Betwa Project, Jhansi||Irrigation Contruction Circle, Jhansi||Irrigation Contruction Division-1, Lalitpur"
2024_CEMRT_893132_7,9057/96M/E-TENDER/BSR CIRCLE/2023-24 Dt. 14.12.2023,New Construction of Nagla Dharakpur to Gangagarh Ramghat road via Silhari (Missing Road) Link Road,,,,,,,,,,,,,,,,Cheif Engineer Meerut Zone PWD Meerut||SE BULAND SHAHAR PWD BULANDSHAHAR||EE CONSTRUCTION DIVISION-2  PWD BULAND SHAHAR,,,,,,"11,073,932",,2024-04-05,Cheif Engineer Meerut Zone PWD Meerut||SE BULAND SHAHAR PWD BULANDSHAHAR||EE CONSTRUCTION DIVISION-2  PWD BULAND SHAHAR
2024_CEMRT_893132_9,9057/96M/E-TENDER/BSR CIRCLE/2023-24 Dt. 14.12.2023,New Construction of Unchagaon to Khandoi via Sitaram Bag Link Road,,,,,,,,,,,,,,,,Cheif Engineer Meerut Zone PWD Meerut||SE BULAND SHAHAR PWD BULANDSHAHAR||EE CONSTRUCTION DIVISION-2  PWD BULAND SHAHAR,,,,,,"8,333,836.34",,2024-04-05,Cheif Engineer Meerut Zone PWD Meerut||SE BULAND SHAHAR PWD BULANDSHAHAR||EE CONSTRUCTION DIVISION-2  PWD BULAND SHAHAR
2024_UPIDC_890200_10,04/EE/2023-24,Making internal road no.08 and 09 with paver block and both side drain of rehabilitaion area of Tikaratiwari phase-III at Kachnoda dam,,,,,,,,,,,,,,,,"U P Irrigation Department (Civil)||Chief Engineer-Betwa Project, Jhansi||Irrigation Contruction Circle, Jhansi||Irrigation Contruction Division-1, Lalitpur",,,,,,"3,139,922.5",,2024-04-06,"U P Irrigation Department (Civil)||Chief Engineer-Betwa Project, Jhansi||Irrigation Contruction Circle, Jhansi||Irrigation Contruction Division-1, Lalitpur"
2024_UPIDC_890200_1,04/EE/2023-24,Making internal road no.01 and 02 with paver block and both side drain of rehabilitaion area of Tikaratiwari phase-I at Kachnoda dam,,,,,,,,,,,,,,,,"U P Irrigation Department (Civil)||Chief Engineer-Betwa Project, Jhansi||Irrigation Contruction Circle, Jhansi||Irrigation Contruction Division-1, Lalitpur",,,,,,"1,914,866.58",,2024-04-06,"U P Irrigation Department (Civil)||Chief Engineer-Betwa Project, Jhansi||Irrigation Contruction Circle, Jhansi||Irrigation Contruction Division-1, Lalitpur"
2024_UPIDC_890200_2,04/EE/2023-24,Making internal road no.03 with paver block and both side drain of rehabilitaion area of Tikaratiwari phase-I at Kachnoda dam Lot2,,,,,,,,,,,,,,,,"U P Irrigation Department (Civil)||Chief Engineer-Betwa Project, Jhansi||Irrigation Contruction Circle, Jhansi||Irrigation Contruction Division-1, Lalitpur",,,,,,"1,448,450.89",,2024-04-06,"U P Irrigation Department (Civil)||Chief Engineer-Betwa Project, Jhansi||Irrigation Contruction Circle, Jhansi||Irrigation Contruction Division-1, Lalitpur"
2024_UPIDC_890200_3,04/EE/2023-24,Making internal road no.04 and 06 with paver block and both side drain of rehabilitaion area of Tikaratiwari phase-I at Kachnoda dam,,,,,,,,,,,,,,,,"U P Irrigation Department (Civil)||Chief Engineer-Betwa Project, Jhansi||Irrigation Contruction Circle, Jhansi||Irrigation Contruction Division-1, Lalitpur",,,,,,"2,143,445.2",,2024-04-06,"U P Irrigation Department (Civil)||Chief Engineer-Betwa Project, Jhansi||Irrigation Contruction Circle, Jhansi||Irrigation Contruction Division-1, Lalitpur"
2024_UPIDC_890200_5,04/EE/2023-24,"Making internal road no.01, 03 and 05 with paver block and both side drain of rehabilitaion area of Tikaratiwari phase-III at Kachnoda dam",,,,,,,,,,,,,,,,"U P Irrigation Department (Civil)||Chief Engineer-Betwa Project, Jhansi||Irrigation Contruction Circle, Jhansi||Irrigation Contruction Division-1, Lalitpur",,,,,,"2,810,229.74",,2024-04-06,"U P Irrigation Department (Civil)||Chief Engineer-Betwa Project, Jhansi||Irrigation Contruction Circle, Jhansi||Irrigation Contruction Division-1, Lalitpur"
2024_UPIDC_890200_5,04/EE/2023-24,"Making internal road no.01, 03 and 05 with paver block and both side drain of rehabilitaion area of Tikaratiwari phase-III at Kachnoda dam",,,,,,,,,,,,,,,,"U P Irrigation Department (Civil)||Chief Engineer-Betwa Project, Jhansi||Irrigation Contruction Circle, Jhansi||Irrigation Contruction Division-1, Lalitpur",,,,,,"2,810,229.74",,2024-04-06,"U P Irrigation Department (Civil)||Chief Engineer-Betwa Project, Jhansi||Irrigation Contruction Circle, Jhansi||Irrigation Contruction Division-1, Lalitpur"
2024_UPIDC_890200_6,04/EE/2023-24,Making drain and approach road with Paver block for connecting to rehabilitaion area of Tikaratiwari phase-III at Kachnoda dam,,,,,,,,,,,,,,,,"U P Irrigation Department (Civil)||Chief Engineer-Betwa Project, Jhansi||Irrigation Contruction Circle, Jhansi||Irrigation Contruction Division-1, Lalitpur",,,,,,"2,838,876",,2024-04-06,"U P Irrigation Department (Civil)||Chief Engineer-Betwa Project, Jhansi||Irrigation Contruction Circle, Jhansi||Irrigation Contruction Division-1, Lalitpur"
2024_CEMRT_885656_1,23/3A Date 04-01-2024,"In financial Year 2023 24 Renewal work with General Repair of Idrishpur minor patri to Ossika Dhanora road Km 1, 2  and 3 (260) in District Baghpat",,,,,,,,,,,,,,,,Cheif Engineer Meerut Zone PWD Meerut||SE MEERUT CIRCLE PWD MEERUT||EE PROVINCIAL DIVISION PWD BAGHPAT,,,,,,"1,902,835.71",,2024-04-20,Cheif Engineer Meerut Zone PWD Meerut||SE MEERUT CIRCLE PWD MEERUT||EE PROVINCIAL DIVISION PWD BAGHPAT
2024_CEMRT_885689_1,23/3A Date 04-01-2024,In financial Year 2023 24 Renewal work with General Repair of Meerut Baghpat road to Pilana road Km 1 (500) in District Baghpat,,,,,,,,,,,,,,,,Cheif Engineer Meerut Zone PWD Meerut||SE MEERUT CIRCLE PWD MEERUT||EE PROVINCIAL DIVISION PWD BAGHPAT,,,,,,"382,270.27",,2024-04-08,Cheif Engineer Meerut Zone PWD Meerut||SE MEERUT CIRCLE PWD MEERUT||EE PROVINCIAL DIVISION PWD BAGHPAT
2024_CEMRT_884779_1,8856/96M-BSR-O/23-24 dt. 07.12.2023,New  Construction work on Shahpur Nij Morta to Village Bhikkanpur Majre Jagjivanpur Tak Road,,,,,,,,,,,,,,,,Cheif Engineer Meerut Zone PWD Meerut||SE BULAND SHAHAR PWD BULANDSHAHAR||EE CONSTRUCTION DIVISION-2  PWD GAZIABAD,,,,,,"10,365,358.14",,2024-04-30,Cheif Engineer Meerut Zone PWD Meerut||SE BULAND SHAHAR PWD BULANDSHAHAR||EE CONSTRUCTION DIVISION-2  PWD GAZIABAD
2024_CEMRT_881431_1,71/3A dt 11/01/24,Construction work of drain in Km 10 Khirwa population part of Kankarkheda Pavli Khurd Mulhaida Baparsi Marg other district road,,,,,,,,,,,,,,,,Cheif Engineer Meerut Zone PWD Meerut||SE MEERUT CIRCLE PWD MEERUT||EE CONSTRUCTION DIVISION PWD MEERUT,,,,,,"1,001,098.32",,2024-04-12,Cheif Engineer Meerut Zone PWD Meerut||SE MEERUT CIRCLE PWD MEERUT||EE CONSTRUCTION DIVISION PWD MEERUT
2024_CEMBD_903959_12,483/E-Nivida/23-24 DT 16-02-2024,Year of 2023-24 SR of Mallah Mustafabad to Jaato Wali Mandhaya  Link Road,,,,,,,,,,,,,,,,Chief Engineer Moradabad Zone PWD Moradabad UP||MORADABAD CIRCLE PWD MORADABAD||PROVINCIAL DIVISION PWD SAMBHAL,,,,,,"1,115,919.26",,2024-04-03,Chief Engineer Moradabad Zone PWD Moradabad UP||MORADABAD CIRCLE PWD MORADABAD||PROVINCIAL DIVISION PWD SAMBHAL
2024_CEMBD_903959_18,483/E-Nivida/23-24 DT 16-02-2024,Year 23-24 Under Renewal Work with Genral repair of Vill Tatarpur Ghosi to Niryabli via Devri link road.,,,,,,,,,,,,,,,,Chief Engineer Moradabad Zone PWD Moradabad UP||MORADABAD CIRCLE PWD MORADABAD||PROVINCIAL DIVISION PWD SAMBHAL,,,,,,"3,038,218.24",,2024-04-12,Chief Engineer Moradabad Zone PWD Moradabad UP||MORADABAD CIRCLE PWD MORADABAD||PROVINCIAL DIVISION PWD SAMBHAL
2024_CEMBD_902114_3,3430/E.TENDER/2023-24 Dated 30-12-2023,SR of Dhanaura-Kamelpur road Km 5 to Nadnaur mafi road,,,,,,,,,,,,,,,,Chief Engineer Moradabad Zone PWD Moradabad UP||MORADABAD CIRCLE PWD MORADABAD||PROVINCIAL DIVISION PWD AMROHA,,,,,,"1,358,727.1",,2024-04-04,Chief Engineer Moradabad Zone PWD Moradabad UP||MORADABAD CIRCLE PWD MORADABAD||PROVINCIAL DIVISION PWD AMROHA
2024_CEMBD_901335_1,966i/ETEN_RC/23_24_D_19_02_24,Package NO UP59-1 Reconst work of Sugarcane Department s Roads handed over to PWD in Year 23-24 a-Thothar Marg from Rampur Swar Road b-Village Ataria to Majra Ataria road c-1st part of Khempur to Bhot Bakkal road d-2nd part of Khempur to Bhot Bakkal,,,,,,,,,,,,,,,,Chief Engineer Moradabad Zone PWD Moradabad UP||RAMPUR CIRCLE PWD RAMPUR||PROVINCIAL DIVISION PWD RAMPUR,,,,,,"13,506,050.29",,2024-04-06,Chief Engineer Moradabad Zone PWD Moradabad UP||RAMPUR CIRCLE PWD RAMPUR||PROVINCIAL DIVISION PWD RAMPUR
2024_CEMBD_901335_3,966i/ETEN_RC/23_24_D_19_02_24,Package NO UP59-3 Reconst work of Sugarcane Department s Roads handed over to PWD in Year 23-24 a-Rahmatganj Karimpur road b-Manpur Loharra road c-Milak Bhuwari road from Munshiganj Bajpur road d-Budhi Dadhiyal road from Swar Munshiganj road,,,,,,,,,,,,,,,,Chief Engineer Moradabad Zone PWD Moradabad UP||RAMPUR CIRCLE PWD RAMPUR||PROVINCIAL DIVISION PWD RAMPUR,,,,,,"26,741,764.8",,2024-04-06,Chief Engineer Moradabad Zone PWD Moradabad UP||RAMPUR CIRCLE PWD RAMPUR||PROVINCIAL DIVISION PWD RAMPUR
2024_CEMBD_901335_3,966i/ETEN_RC/23_24_D_19_02_24,Package NO UP59-3 Reconst work of Sugarcane Department s Roads handed over to PWD in Year 23-24 a-Rahmatganj Karimpur road b-Manpur Loharra road c-Milak Bhuwari road from Munshiganj Bajpur road d-Budhi Dadhiyal road from Swar Munshiganj road,,,,,,,,,,,,,,,,Chief Engineer Moradabad Zone PWD Moradabad UP||RAMPUR CIRCLE PWD RAMPUR||PROVINCIAL DIVISION PWD RAMPUR,,,,,,"26,741,764.8",,2024-04-06,Chief Engineer Moradabad Zone PWD Moradabad UP||RAMPUR CIRCLE PWD RAMPUR||PROVINCIAL DIVISION PWD RAMPUR
2024_CEMBD_900571_7,77/Nivida-Moradabad/23-24 Dated 04-01-2024,Renewal from PC on Nehtaur-Noorpur-Amroha-Joya road  SH-77 Km 40 to Janpad seema road via Kayampur Kararnagar Kailbakri Baseda Taga Navodya school,,,,,,,,,,,,,,,,Chief Engineer Moradabad Zone PWD Moradabad UP||MORADABAD CIRCLE PWD MORADABAD||PROVINCIAL DIVISION PWD AMROHA,,,,,,"3,586,507.35",,2024-04-12,Chief Engineer Moradabad Zone PWD Moradabad UP||MORADABAD CIRCLE PWD MORADABAD||PROVINCIAL DIVISION PWD AMROHA
2024_CEMBD_900571_7,77/Nivida-Moradabad/23-24 Dated 04-01-2024,Renewal from PC on Nehtaur-Noorpur-Amroha-Joya road  SH-77 Km 40 to Janpad seema road via Kayampur Kararnagar Kailbakri Baseda Taga Navodya school,,,,,,,,,,,,,,,,Chief Engineer Moradabad Zone PWD Moradabad UP||MORADABAD CIRCLE PWD MORADABAD||PROVINCIAL DIVISION PWD AMROHA,,,,,,"3,586,507.35",,2024-04-12,Chief Engineer Moradabad Zone PWD Moradabad UP||MORADABAD CIRCLE PWD MORADABAD||PROVINCIAL DIVISION PWD AMROHA
2024_CEMBD_894183_20,3569/E-Nivida/23-24 DT 26-12-2023,Year of 2023-24 SR of Sambhal Adampur to Bhamori Patti Link  Road,,,,,,,,,,,,,,,,Chief Engineer Moradabad Zone PWD Moradabad UP||MORADABAD CIRCLE PWD MORADABAD||PROVINCIAL DIVISION PWD SAMBHAL,,,,,,"1,463,734.23",,2024-04-03,Chief Engineer Moradabad Zone PWD Moradabad UP||MORADABAD CIRCLE PWD MORADABAD||PROVINCIAL DIVISION PWD SAMBHAL
2024_CEMBD_890327_8,264/E-Nivida/23-24 DT 29-01-2024,Year 23-24 Under Renewal Balushanker road to Maino ki Madaiya road,,,,,,,,,,,,,,,,Chief Engineer Moradabad Zone PWD Moradabad UP||MORADABAD CIRCLE PWD MORADABAD||PROVINCIAL DIVISION PWD SAMBHAL,,,,,,"483,675.03",,2024-04-03,Chief Engineer Moradabad Zone PWD Moradabad UP||MORADABAD CIRCLE PWD MORADABAD||PROVINCIAL DIVISION PWD SAMBHAL
2024_CEMBD_884018_14,6206 E-Tender MBD Cicle dt 18-12-2023,TM ROAD TO NOORPUR KAMALPUR ROAD,,,,,,,,,,,,,,,,Chief Engineer Moradabad Zone PWD Moradabad UP||MORADABAD CIRCLE PWD MORADABAD||PROVINCIAL DIVISION PWD MORADABAD,,,,,,"2,938,058.89",,2024-04-24,Chief Engineer Moradabad Zone PWD Moradabad UP||MORADABAD CIRCLE PWD MORADABAD||PROVINCIAL DIVISION PWD MORADABAD
2024_CEMBD_879704_1,40/E-Tender dt 04-01-2024,Moradabad Haridwar Dehradun Road Year 2023 Main Chinhit Black Spot Chajhlet Tiraha,,,,,,,,,,,,,,,,Chief Engineer Moradabad Zone PWD Moradabad UP||MORADABAD CIRCLE PWD MORADABAD||PROVINCIAL DIVISION PWD MORADABAD,,,,,,"528,592.93",,2024-04-10,Chief Engineer Moradabad Zone PWD Moradabad UP||MORADABAD CIRCLE PWD MORADABAD||PROVINCIAL DIVISION PWD MORADABAD
2024_CEMBD_878778_15,3389/E.TENDER/2023-24 Dated 26-12-2023,SR of Bijaura to Dariyapur road,,,,,,,,,,,,,,,,Chief Engineer Moradabad Zone PWD Moradabad UP||MORADABAD CIRCLE PWD MORADABAD||PROVINCIAL DIVISION PWD AMROHA,,,,,,"558,451.53",,2024-04-12,Chief Engineer Moradabad Zone PWD Moradabad UP||MORADABAD CIRCLE PWD MORADABAD||PROVINCIAL DIVISION PWD AMROHA
2024_CEMBD_878778_16,3389/E.TENDER/2023-24 Dated 26-12-2023,SR of NH-24 to Bijaura road,,,,,,,,,,,,,,,,Chief Engineer Moradabad Zone PWD Moradabad UP||MORADABAD CIRCLE PWD MORADABAD||PROVINCIAL DIVISION PWD AMROHA,,,,,,"1,236,020.4",,2024-04-12,Chief Engineer Moradabad Zone PWD Moradabad UP||MORADABAD CIRCLE PWD MORADABAD||PROVINCIAL DIVISION PWD AMROHA
2024_CEMBD_878376_10,1622/E-Tender/23-24 Dated 26.12.2023,Special Repair of Hasanpur Atrasi Road to Dehri Jat Road,,,,,,,,,,,,,,,,Chief Engineer Moradabad Zone PWD Moradabad UP||MORADABAD CIRCLE PWD MORADABAD||CONSTRUCTION DIVISION PWD AMROHA,,,,,,"1,654,562.7",,2024-04-03,Chief Engineer Moradabad Zone PWD Moradabad UP||MORADABAD CIRCLE PWD MORADABAD||CONSTRUCTION DIVISION PWD AMROHA
2024_CEMBD_878400_5,1649/E-Tender/23-24 Dated 30.12.2023,Special Repair of Gajraula Prabhuvan to Int ka Rara Road,,,,,,,,,,,,,,,,Chief Engineer Moradabad Zone PWD Moradabad UP||MORADABAD CIRCLE PWD MORADABAD||CONSTRUCTION DIVISION PWD AMROHA,,,,,,"1,928,469.93",,2024-04-03,Chief Engineer Moradabad Zone PWD Moradabad UP||MORADABAD CIRCLE PWD MORADABAD||CONSTRUCTION DIVISION PWD AMROHA
2024_CEMBD_878400_5,1649/E-Tender/23-24 Dated 30.12.2023,Special Repair of Gajraula Prabhuvan to Int ka Rara Road,,,,,,,,,,,,,,,,Chief Engineer Moradabad Zone PWD Moradabad UP||MORADABAD CIRCLE PWD MORADABAD||CONSTRUCTION DIVISION PWD AMROHA,,,,,,"1,928,469.93",,2024-04-03,Chief Engineer Moradabad Zone PWD Moradabad UP||MORADABAD CIRCLE PWD MORADABAD||CONSTRUCTION DIVISION PWD AMROHA
2024_CEMBD_878400_5,1649/E-Tender/23-24 Dated 30.12.2023,Special Repair of Gajraula Prabhuvan to Int ka Rara Road,,,,,,,,,,,,,,,,Chief Engineer Moradabad Zone PWD Moradabad UP||MORADABAD CIRCLE PWD MORADABAD||CONSTRUCTION DIVISION PWD AMROHA,,,,,,"1,928,469.93",,2024-04-03,Chief Engineer Moradabad Zone PWD Moradabad UP||MORADABAD CIRCLE PWD MORADABAD||CONSTRUCTION DIVISION PWD AMROHA
2024_CEKNP_912914_1,296/1A/24 Dt-02.03.2024,Tipatiya se bhagwantpura se pooranpura tak sampark marg,,,,,,,,,,,,,,,,Cheif Engineer Kanpur Zone PWD Kanpur||SE ETAWAH CIRCLE PWD ETAWAH||EE CONSTRUCTION DIVISION  PWD ETAWAH,,,,,,"2,439,309.98",,2024-04-18,Cheif Engineer Kanpur Zone PWD Kanpur||SE ETAWAH CIRCLE PWD ETAWAH||EE CONSTRUCTION DIVISION  PWD ETAWAH
2024_CEKNP_913897_1,675/55C-EC/2024 DATE 06-02-2024,Construction of Office Building of Construction Divison PWD Auraiya in Campuse of Inspection house  Dibiyapur in Dist. Auraiya,,,,,,,,,,,,,,,,Cheif Engineer Kanpur Zone PWD Kanpur||SE ETAWAH CIRCLE PWD ETAWAH,,,,,,"17,256,698",,2024-04-22,Cheif Engineer Kanpur Zone PWD Kanpur||SE ETAWAH CIRCLE PWD ETAWAH
2024_CEKNP_913897_1,675/55C-EC/2024 DATE 06-02-2024,Construction of Office Building of Construction Divison PWD Auraiya in Campuse of Inspection house  Dibiyapur in Dist. Auraiya,,,,,,,,,,,,,,,,Cheif Engineer Kanpur Zone PWD Kanpur||SE ETAWAH CIRCLE PWD ETAWAH,,,,,,"17,256,698",,2024-04-22,Cheif Engineer Kanpur Zone PWD Kanpur||SE ETAWAH CIRCLE PWD ETAWAH
2024_CEKNP_910003_1,400/22A/2023-24 Dt 22-02-2024,"Construction of Biology Lab at G.G.I.C. Jaswantnagar, Etawah",,,,,,,,,,,,,,,,Cheif Engineer Kanpur Zone PWD Kanpur||SE ETAWAH CIRCLE PWD ETAWAH||EE PROVINCIAL DIVISION PWD ETAWAH,,,,,,"1,052,458.051",,2024-04-08,Cheif Engineer Kanpur Zone PWD Kanpur||SE ETAWAH CIRCLE PWD ETAWAH||EE PROVINCIAL DIVISION PWD ETAWAH
2024_CEKNP_910003_1,400/22A/2023-24 Dt 22-02-2024,"Construction of Biology Lab at G.G.I.C. Jaswantnagar, Etawah",,,,,,,,,,,,,,,,Cheif Engineer Kanpur Zone PWD Kanpur||SE ETAWAH CIRCLE PWD ETAWAH||EE PROVINCIAL DIVISION PWD ETAWAH,,,,,,"1,052,458.051",,2024-04-08,Cheif Engineer Kanpur Zone PWD Kanpur||SE ETAWAH CIRCLE PWD ETAWAH||EE PROVINCIAL DIVISION PWD ETAWAH
2024_CEKNP_910003_1,400/22A/2023-24 Dt 22-02-2024,"Construction of Biology Lab at G.G.I.C. Jaswantnagar, Etawah",,,,,,,,,,,,,,,,Cheif Engineer Kanpur Zone PWD Kanpur||SE ETAWAH CIRCLE PWD ETAWAH||EE PROVINCIAL DIVISION PWD ETAWAH,,,,,,"1,052,458.051",,2024-04-08,Cheif Engineer Kanpur Zone PWD Kanpur||SE ETAWAH CIRCLE PWD ETAWAH||EE PROVINCIAL DIVISION PWD ETAWAH
2024_CEKNP_910003_2,400/22A/2023-24 Dt 22-02-2024,"Construction of Biology Lab at G.G.I.C. Chakarnagar, Etawah",,,,,,,,,,,,,,,,Cheif Engineer Kanpur Zone PWD Kanpur||SE ETAWAH CIRCLE PWD ETAWAH||EE PROVINCIAL DIVISION PWD ETAWAH,,,,,,"1,049,110.057",,2024-04-08,Cheif Engineer Kanpur Zone PWD Kanpur||SE ETAWAH CIRCLE PWD ETAWAH||EE PROVINCIAL DIVISION PWD ETAWAH
2024_CEKNP_902570_2,200/1A/24 Dt-16.02.2024,Sutiyani se kudarkot erva katra marg ki marammat ka karya,,,,,,,,,,,,,,,,Cheif Engineer Kanpur Zone PWD Kanpur||SE ETAWAH CIRCLE PWD ETAWAH||EE CONSTRUCTION DIVISION  PWD ETAWAH,,,,,,"1,148,867.75",,2024-04-29,Cheif Engineer Kanpur Zone PWD Kanpur||SE ETAWAH CIRCLE PWD ETAWAH||EE CONSTRUCTION DIVISION  PWD ETAWAH
2024_CEKNP_902570_3,200/1A/24 Dt-16.02.2024,Nagla Khalak se purha nadi marg ki marammat ka karya,,,,,,,,,,,,,,,,Cheif Engineer Kanpur Zone PWD Kanpur||SE ETAWAH CIRCLE PWD ETAWAH||EE CONSTRUCTION DIVISION  PWD ETAWAH,,,,,,"1,353,286.31",,2024-04-18,Cheif Engineer Kanpur Zone PWD Kanpur||SE ETAWAH CIRCLE PWD ETAWAH||EE CONSTRUCTION DIVISION  PWD ETAWAH
2024_CEKNP_903305_1,240/1A/24 Dt-19.02.2024,Khiriya to Nagla Sukhnandan Bhikhampur Haviliya Road,,,,,,,,,,,,,,,,Cheif Engineer Kanpur Zone PWD Kanpur||SE ETAWAH CIRCLE PWD ETAWAH||EE CONSTRUCTION DIVISION  PWD ETAWAH,,,,,,"1,038,933",,2024-04-22,Cheif Engineer Kanpur Zone PWD Kanpur||SE ETAWAH CIRCLE PWD ETAWAH||EE CONSTRUCTION DIVISION  PWD ETAWAH
2024_CEKNP_900518_2,168/11A/2023-24 Dt. 24-01-2024,Renewal with  annual repair work by the departmental plant on  Saifai Ujiani Saifai Marg (other district road) via Kathua Nagla Mathia Bilandapul,,,,,,,,,,,,,,,,Cheif Engineer Kanpur Zone PWD Kanpur||SE ETAWAH CIRCLE PWD ETAWAH||EE PROVINCIAL DIVISION PWD ETAWAH,,,,,,"1,163,651.19",,2024-04-09,Cheif Engineer Kanpur Zone PWD Kanpur||SE ETAWAH CIRCLE PWD ETAWAH||EE PROVINCIAL DIVISION PWD ETAWAH
2024_CEKNP_900518_2,168/11A/2023-24 Dt. 24-01-2024,Renewal with  annual repair work by the departmental plant on  Saifai Ujiani Saifai Marg (other district road) via Kathua Nagla Mathia Bilandapul,,,,,,,,,,,,,,,,Cheif Engineer Kanpur Zone PWD Kanpur||SE ETAWAH CIRCLE PWD ETAWAH||EE PROVINCIAL DIVISION PWD ETAWAH,,,,,,"1,163,651.19",,2024-04-09,Cheif Engineer Kanpur Zone PWD Kanpur||SE ETAWAH CIRCLE PWD ETAWAH||EE PROVINCIAL DIVISION PWD ETAWAH
2024_CEKNP_899149_9,272/11A/2023-24 Dt. 07/02/2024,Saifai Airstrip to Nai Ke Madha in Baghuiya Road,,,,,,,,,,,,,,,,Cheif Engineer Kanpur Zone PWD Kanpur||SE ETAWAH CIRCLE PWD ETAWAH||EE PROVINCIAL DIVISION PWD ETAWAH,,,,,,"440,436.81",,2024-04-09,Cheif Engineer Kanpur Zone PWD Kanpur||SE ETAWAH CIRCLE PWD ETAWAH||EE PROVINCIAL DIVISION PWD ETAWAH
2024_CEKNP_899806_1,119/1A/24 Dt-09.02.2024,Tahseel Avas pakki sadak se nagla khande tak marg,,,,,,,,,,,,,,,,Cheif Engineer Kanpur Zone PWD Kanpur||SE ETAWAH CIRCLE PWD ETAWAH||EE CONSTRUCTION DIVISION  PWD ETAWAH,,,,,,"294,748.75",,2024-04-04,Cheif Engineer Kanpur Zone PWD Kanpur||SE ETAWAH CIRCLE PWD ETAWAH||EE CONSTRUCTION DIVISION  PWD ETAWAH
2024_CEKNP_900122_6,765/55C-EC/2024 DATE 09-02-2024,Karri Puliya to Usrahar Road (Other District Roads) (Renovation work along with general repairs by Hotmix Plant),,,,,,,,,,,,,,,,Cheif Engineer Kanpur Zone PWD Kanpur||SE ETAWAH CIRCLE PWD ETAWAH,,,,,,"16,038,940",,2024-04-04,Cheif Engineer Kanpur Zone PWD Kanpur||SE ETAWAH CIRCLE PWD ETAWAH
2024_CEKNP_899149_35,272/11A/2023-24 Dt. 07/02/2024,Mahola Marg to Primary School Jaitiya link road,,,,,,,,,,,,,,,,Cheif Engineer Kanpur Zone PWD Kanpur||SE ETAWAH CIRCLE PWD ETAWAH||EE PROVINCIAL DIVISION PWD ETAWAH,,,,,,"300,769.752",,2024-04-06,Cheif Engineer Kanpur Zone PWD Kanpur||SE ETAWAH CIRCLE PWD ETAWAH||EE PROVINCIAL DIVISION PWD ETAWAH
2024_CEKNP_899149_36,272/11A/2023-24 Dt. 07/02/2024,Special repair work of the road from Bina Kurra road to Nagla Madha via Nagla Bhau,,,,,,,,,,,,,,,,Cheif Engineer Kanpur Zone PWD Kanpur||SE ETAWAH CIRCLE PWD ETAWAH||EE PROVINCIAL DIVISION PWD ETAWAH,,,,,,"1,174,621.5",,2024-04-03,Cheif Engineer Kanpur Zone PWD Kanpur||SE ETAWAH CIRCLE PWD ETAWAH||EE PROVINCIAL DIVISION PWD ETAWAH
2024_CEKNP_899149_39,272/11A/2023-24 Dt. 07/02/2024,Etawah kackuura road to Village Nagariya Nah link road,,,,,,,,,,,,,,,,Cheif Engineer Kanpur Zone PWD Kanpur||SE ETAWAH CIRCLE PWD ETAWAH||EE PROVINCIAL DIVISION PWD ETAWAH,,,,,,"203,696.38",,2024-04-02,Cheif Engineer Kanpur Zone PWD Kanpur||SE ETAWAH CIRCLE PWD ETAWAH||EE PROVINCIAL DIVISION PWD ETAWAH
2024_CEKNP_899149_40,272/11A/2023-24 Dt. 07/02/2024,Jaswantnagar Baidpura Road Km0 5 (Chhitauni) to Nagla Lekhi Road,,,,,,,,,,,,,,,,Cheif Engineer Kanpur Zone PWD Kanpur||SE ETAWAH CIRCLE PWD ETAWAH||EE PROVINCIAL DIVISION PWD ETAWAH,,,,,,"1,573,537.56",,2024-04-03,Cheif Engineer Kanpur Zone PWD Kanpur||SE ETAWAH CIRCLE PWD ETAWAH||EE PROVINCIAL DIVISION PWD ETAWAH
2024_CEKNP_899149_4,272/11A/2023-24 Dt. 07/02/2024,Saifai Basrehar road to Baghuiya,,,,,,,,,,,,,,,,Cheif Engineer Kanpur Zone PWD Kanpur||SE ETAWAH CIRCLE PWD ETAWAH||EE PROVINCIAL DIVISION PWD ETAWAH,,,,,,"492,267.132",,2024-04-02,Cheif Engineer Kanpur Zone PWD Kanpur||SE ETAWAH CIRCLE PWD ETAWAH||EE PROVINCIAL DIVISION PWD ETAWAH
2024_CEKNP_899149_9,272/11A/2023-24 Dt. 07/02/2024,Saifai Airstrip to Nai Ke Madha in Baghuiya Road,,,,,,,,,,,,,,,,Cheif Engineer Kanpur Zone PWD Kanpur||SE ETAWAH CIRCLE PWD ETAWAH||EE PROVINCIAL DIVISION PWD ETAWAH,,,,,,"440,436.81",,2024-04-09,Cheif Engineer Kanpur Zone PWD Kanpur||SE ETAWAH CIRCLE PWD ETAWAH||EE PROVINCIAL DIVISION PWD ETAWAH
2024_CEKNP_899149_9,272/11A/2023-24 Dt. 07/02/2024,Saifai Airstrip to Nai Ke Madha in Baghuiya Road,,,,,,,,,,,,,,,,Cheif Engineer Kanpur Zone PWD Kanpur||SE ETAWAH CIRCLE PWD ETAWAH||EE PROVINCIAL DIVISION PWD ETAWAH,,,,,,"440,436.81",,2024-04-09,Cheif Engineer Kanpur Zone PWD Kanpur||SE ETAWAH CIRCLE PWD ETAWAH||EE PROVINCIAL DIVISION PWD ETAWAH
2024_CEKNP_899149_26,272/11A/2023-24 Dt. 07/02/2024,Malupura link road from Bhoganipur branch canal track,,,,,,,,,,,,,,,,Cheif Engineer Kanpur Zone PWD Kanpur||SE ETAWAH CIRCLE PWD ETAWAH||EE PROVINCIAL DIVISION PWD ETAWAH,,,,,,"368,277.1",,2024-04-08,Cheif Engineer Kanpur Zone PWD Kanpur||SE ETAWAH CIRCLE PWD ETAWAH||EE PROVINCIAL DIVISION PWD ETAWAH
2024_CEKNP_899149_3,272/11A/2023-24 Dt. 07/02/2024,Etawah Mainpuri Marg to Chhimara Marg,,,,,,,,,,,,,,,,Cheif Engineer Kanpur Zone PWD Kanpur||SE ETAWAH CIRCLE PWD ETAWAH||EE PROVINCIAL DIVISION PWD ETAWAH,,,,,,"563,900.67",,2024-04-03,Cheif Engineer Kanpur Zone PWD Kanpur||SE ETAWAH CIRCLE PWD ETAWAH||EE PROVINCIAL DIVISION PWD ETAWAH
2024_CEKNP_899149_30,272/11A/2023-24 Dt. 07/02/2024,Fatehpura Buramai Dayalpura Dhanua Marg to Nagla Mahajit Sampark Marg,,,,,,,,,,,,,,,,Cheif Engineer Kanpur Zone PWD Kanpur||SE ETAWAH CIRCLE PWD ETAWAH||EE PROVINCIAL DIVISION PWD ETAWAH,,,,,,"366,373.8",,2024-04-09,Cheif Engineer Kanpur Zone PWD Kanpur||SE ETAWAH CIRCLE PWD ETAWAH||EE PROVINCIAL DIVISION PWD ETAWAH
2024_CEKNP_899149_32,272/11A/2023-24 Dt. 07/02/2024,NH-2 to Jari Kheda road via Nagla Hulasi,,,,,,,,,,,,,,,,Cheif Engineer Kanpur Zone PWD Kanpur||SE ETAWAH CIRCLE PWD ETAWAH||EE PROVINCIAL DIVISION PWD ETAWAH,,,,,,"552,499.54",,2024-04-08,Cheif Engineer Kanpur Zone PWD Kanpur||SE ETAWAH CIRCLE PWD ETAWAH||EE PROVINCIAL DIVISION PWD ETAWAH
2024_CEKNP_899149_32,272/11A/2023-24 Dt. 07/02/2024,NH-2 to Jari Kheda road via Nagla Hulasi,,,,,,,,,,,,,,,,Cheif Engineer Kanpur Zone PWD Kanpur||SE ETAWAH CIRCLE PWD ETAWAH||EE PROVINCIAL DIVISION PWD ETAWAH,,,,,,"552,499.54",,2024-04-08,Cheif Engineer Kanpur Zone PWD Kanpur||SE ETAWAH CIRCLE PWD ETAWAH||EE PROVINCIAL DIVISION PWD ETAWAH
2024_CEKNP_899149_33,272/11A/2023-24 Dt. 07/02/2024,Ajabpur to Nagla Salhadi via Garhi Ramdhan link road,,,,,,,,,,,,,,,,Cheif Engineer Kanpur Zone PWD Kanpur||SE ETAWAH CIRCLE PWD ETAWAH||EE PROVINCIAL DIVISION PWD ETAWAH,,,,,,"1,134,284.95",,2024-04-03,Cheif Engineer Kanpur Zone PWD Kanpur||SE ETAWAH CIRCLE PWD ETAWAH||EE PROVINCIAL DIVISION PWD ETAWAH
2024_CEKNP_899149_35,272/11A/2023-24 Dt. 07/02/2024,Mahola Marg to Primary School Jaitiya link road,,,,,,,,,,,,,,,,Cheif Engineer Kanpur Zone PWD Kanpur||SE ETAWAH CIRCLE PWD ETAWAH||EE PROVINCIAL DIVISION PWD ETAWAH,,,,,,"300,769.752",,2024-04-06,Cheif Engineer Kanpur Zone PWD Kanpur||SE ETAWAH CIRCLE PWD ETAWAH||EE PROVINCIAL DIVISION PWD ETAWAH
2024_CEKNP_899149_3,272/11A/2023-24 Dt. 07/02/2024,Etawah Mainpuri Marg to Chhimara Marg,,,,,,,,,,,,,,,,Cheif Engineer Kanpur Zone PWD Kanpur||SE ETAWAH CIRCLE PWD ETAWAH||EE PROVINCIAL DIVISION PWD ETAWAH,,,,,,"563,900.67",,2024-04-03,Cheif Engineer Kanpur Zone PWD Kanpur||SE ETAWAH CIRCLE PWD ETAWAH||EE PROVINCIAL DIVISION PWD ETAWAH
2024_CEKNP_899149_23,272/11A/2023-24 Dt. 07/02/2024,Dhanua to Dhanshyampura,,,,,,,,,,,,,,,,Cheif Engineer Kanpur Zone PWD Kanpur||SE ETAWAH CIRCLE PWD ETAWAH||EE PROVINCIAL DIVISION PWD ETAWAH,,,,,,"888,390.5",,2024-04-02,Cheif Engineer Kanpur Zone PWD Kanpur||SE ETAWAH CIRCLE PWD ETAWAH||EE PROVINCIAL DIVISION PWD ETAWAH
2024_CEKNP_899149_23,272/11A/2023-24 Dt. 07/02/2024,Dhanua to Dhanshyampura,,,,,,,,,,,,,,,,Cheif Engineer Kanpur Zone PWD Kanpur||SE ETAWAH CIRCLE PWD ETAWAH||EE PROVINCIAL DIVISION PWD ETAWAH,,,,,,"888,390.5",,2024-04-02,Cheif Engineer Kanpur Zone PWD Kanpur||SE ETAWAH CIRCLE PWD ETAWAH||EE PROVINCIAL DIVISION PWD ETAWAH
2024_CEKNP_899149_24,272/11A/2023-24 Dt. 07/02/2024,Naharpul to Nagla Vishun Marg,,,,,,,,,,,,,,,,Cheif Engineer Kanpur Zone PWD Kanpur||SE ETAWAH CIRCLE PWD ETAWAH||EE PROVINCIAL DIVISION PWD ETAWAH,,,,,,"279,968.43",,2024-04-08,Cheif Engineer Kanpur Zone PWD Kanpur||SE ETAWAH CIRCLE PWD ETAWAH||EE PROVINCIAL DIVISION PWD ETAWAH
2024_CEKNP_899149_26,272/11A/2023-24 Dt. 07/02/2024,Malupura link road from Bhoganipur branch canal track,,,,,,,,,,,,,,,,Cheif Engineer Kanpur Zone PWD Kanpur||SE ETAWAH CIRCLE PWD ETAWAH||EE PROVINCIAL DIVISION PWD ETAWAH,,,,,,"368,277.1",,2024-04-08,Cheif Engineer Kanpur Zone PWD Kanpur||SE ETAWAH CIRCLE PWD ETAWAH||EE PROVINCIAL DIVISION PWD ETAWAH
2024_CEKNP_899149_14,272/11A/2023-24 Dt. 07/02/2024,Nagla Singh to Maharajpura Road,,,,,,,,,,,,,,,,Cheif Engineer Kanpur Zone PWD Kanpur||SE ETAWAH CIRCLE PWD ETAWAH||EE PROVINCIAL DIVISION PWD ETAWAH,,,,,,"1,395,033.85",,2024-04-03,Cheif Engineer Kanpur Zone PWD Kanpur||SE ETAWAH CIRCLE PWD ETAWAH||EE PROVINCIAL DIVISION PWD ETAWAH
2024_CEKNP_899149_14,272/11A/2023-24 Dt. 07/02/2024,Nagla Singh to Maharajpura Road,,,,,,,,,,,,,,,,Cheif Engineer Kanpur Zone PWD Kanpur||SE ETAWAH CIRCLE PWD ETAWAH||EE PROVINCIAL DIVISION PWD ETAWAH,,,,,,"1,395,033.85",,2024-04-03,Cheif Engineer Kanpur Zone PWD Kanpur||SE ETAWAH CIRCLE PWD ETAWAH||EE PROVINCIAL DIVISION PWD ETAWAH
2024_CEKNP_899149_14,272/11A/2023-24 Dt. 07/02/2024,Nagla Singh to Maharajpura Road,,,,,,,,,,,,,,,,Cheif Engineer Kanpur Zone PWD Kanpur||SE ETAWAH CIRCLE PWD ETAWAH||EE PROVINCIAL DIVISION PWD ETAWAH,,,,,,"1,395,033.85",,2024-04-03,Cheif Engineer Kanpur Zone PWD Kanpur||SE ETAWAH CIRCLE PWD ETAWAH||EE PROVINCIAL DIVISION PWD ETAWAH
2024_CEKNP_899149_1,272/11A/2023-24 Dt. 07/02/2024,Jamuna Bagh to Bihari Bhatpura canal track Karhal Marg,,,,,,,,,,,,,,,,Cheif Engineer Kanpur Zone PWD Kanpur||SE ETAWAH CIRCLE PWD ETAWAH||EE PROVINCIAL DIVISION PWD ETAWAH,,,,,,"140,664.33",,2024-04-08,Cheif Engineer Kanpur Zone PWD Kanpur||SE ETAWAH CIRCLE PWD ETAWAH||EE PROVINCIAL DIVISION PWD ETAWAH
2024_CEKNP_897616_10,166/11A/2023-24 dt 06.02.204,RENEWAL ON ALAMPUR BIBOLI MARG KE KM 2 KA IKARPURA MARG,,,,,,,,,,,,,,,,Cheif Engineer Kanpur Zone PWD Kanpur||SE ETAWAH CIRCLE PWD ETAWAH||EE CONSTRUCTION DIVISION-3  PWD ETAWAH,,,,,,"970,459.62",,2024-04-06,Cheif Engineer Kanpur Zone PWD Kanpur||SE ETAWAH CIRCLE PWD ETAWAH||EE CONSTRUCTION DIVISION-3  PWD ETAWAH
2024_CEKNP_895865_3,310/4A DATE 06-02-2024,YEAR 2023-24 ME KAIMGANJ BLOCK KE ANTARGAT GRAMIN MARG PR PATCH MARAMMAT KA KARYA,,,,,,,,,,,,,,,,Cheif Engineer Kanpur Zone PWD Kanpur,,,,,,"2,479,346",,2024-04-09,Cheif Engineer Kanpur Zone PWD Kanpur
2024_CEKNP_895865_3,310/4A DATE 06-02-2024,YEAR 2023-24 ME KAIMGANJ BLOCK KE ANTARGAT GRAMIN MARG PR PATCH MARAMMAT KA KARYA,,,,,,,,,,,,,,,,Cheif Engineer Kanpur Zone PWD Kanpur,,,,,,"2,479,346",,2024-04-09,Cheif Engineer Kanpur Zone PWD Kanpur
2024_CEKNP_895865_4,310/4A DATE 06-02-2024,YEAR 2023-24 ME SHAMSHABAD BLOCK KE ANTARGAT GRAMIN MARGO PER PATCH MARAMMAT KA KARYA,,,,,,,,,,,,,,,,Cheif Engineer Kanpur Zone PWD Kanpur,,,,,,"2,413,843",,2024-04-09,Cheif Engineer Kanpur Zone PWD Kanpur
2024_CEKNP_890537_9,92/1A/2024 Dt-03.02.2024,Bareilly Etawah marg via Harnathpur Ramnagar Banjara Dera via Akbarpur road,,,,,,,,,,,,,,,,Cheif Engineer Kanpur Zone PWD Kanpur||SE ETAWAH CIRCLE PWD ETAWAH||EE CONSTRUCTION DIVISION  PWD ETAWAH,,,,,,"1,384,758",,2024-04-25,Cheif Engineer Kanpur Zone PWD Kanpur||SE ETAWAH CIRCLE PWD ETAWAH||EE CONSTRUCTION DIVISION  PWD ETAWAH
2024_CEKNP_890537_12,92/1A/2024 Dt-03.02.2024,Jabarpura Punja Masnai marg to Nagla Khemi tak marg,,,,,,,,,,,,,,,,Cheif Engineer Kanpur Zone PWD Kanpur||SE ETAWAH CIRCLE PWD ETAWAH||EE CONSTRUCTION DIVISION  PWD ETAWAH,,,,,,"404,460",,2024-04-18,Cheif Engineer Kanpur Zone PWD Kanpur||SE ETAWAH CIRCLE PWD ETAWAH||EE CONSTRUCTION DIVISION  PWD ETAWAH
2024_CEKNP_890537_13,92/1A/2024 Dt-03.02.2024,Raura to Gadhiya Hothi Singh tak marg,,,,,,,,,,,,,,,,Cheif Engineer Kanpur Zone PWD Kanpur||SE ETAWAH CIRCLE PWD ETAWAH||EE CONSTRUCTION DIVISION  PWD ETAWAH,,,,,,"1,739,902.3",,2024-04-18,Cheif Engineer Kanpur Zone PWD Kanpur||SE ETAWAH CIRCLE PWD ETAWAH||EE CONSTRUCTION DIVISION  PWD ETAWAH
2024_CEKNP_890537_15,92/1A/2024 Dt-03.02.2024,"Kayampura to Nagla Prithvi via Chahbachha, Vishunpura, Parshurampur, Lalpura link road",,,,,,,,,,,,,,,,Cheif Engineer Kanpur Zone PWD Kanpur||SE ETAWAH CIRCLE PWD ETAWAH||EE CONSTRUCTION DIVISION  PWD ETAWAH,,,,,,"1,627,408.13",,2024-04-18,Cheif Engineer Kanpur Zone PWD Kanpur||SE ETAWAH CIRCLE PWD ETAWAH||EE CONSTRUCTION DIVISION  PWD ETAWAH
2024_CEKNP_890537_24,92/1A/2024 Dt-03.02.2024,Nagla Mani to Jhindua marg,,,,,,,,,,,,,,,,Cheif Engineer Kanpur Zone PWD Kanpur||SE ETAWAH CIRCLE PWD ETAWAH||EE CONSTRUCTION DIVISION  PWD ETAWAH,,,,,,"1,160,092.35",,2024-04-25,Cheif Engineer Kanpur Zone PWD Kanpur||SE ETAWAH CIRCLE PWD ETAWAH||EE CONSTRUCTION DIVISION  PWD ETAWAH
2024_CEKNP_890537_26,92/1A/2024 Dt-03.02.2024,"Nagla Gedh sampark marg via Nagla Kachhian, Vishunpur Lohrai road.",,,,,,,,,,,,,,,,Cheif Engineer Kanpur Zone PWD Kanpur||SE ETAWAH CIRCLE PWD ETAWAH||EE CONSTRUCTION DIVISION  PWD ETAWAH,,,,,,"1,174,657.5",,2024-04-25,Cheif Engineer Kanpur Zone PWD Kanpur||SE ETAWAH CIRCLE PWD ETAWAH||EE CONSTRUCTION DIVISION  PWD ETAWAH
2024_CEKNP_890537_26,92/1A/2024 Dt-03.02.2024,"Nagla Gedh sampark marg via Nagla Kachhian, Vishunpur Lohrai road.",,,,,,,,,,,,,,,,Cheif Engineer Kanpur Zone PWD Kanpur||SE ETAWAH CIRCLE PWD ETAWAH||EE CONSTRUCTION DIVISION  PWD ETAWAH,,,,,,"1,174,657.5",,2024-04-25,Cheif Engineer Kanpur Zone PWD Kanpur||SE ETAWAH CIRCLE PWD ETAWAH||EE CONSTRUCTION DIVISION  PWD ETAWAH
2024_CEKNP_890537_2,92/1A/2024 Dt-03.02.2024,Vidhuna Kishni Marg to Nagla Lachhi Marg,,,,,,,,,,,,,,,,Cheif Engineer Kanpur Zone PWD Kanpur||SE ETAWAH CIRCLE PWD ETAWAH||EE CONSTRUCTION DIVISION  PWD ETAWAH,,,,,,"291,877.28",,2024-04-18,Cheif Engineer Kanpur Zone PWD Kanpur||SE ETAWAH CIRCLE PWD ETAWAH||EE CONSTRUCTION DIVISION  PWD ETAWAH
2024_CEKNP_890537_4,92/1A/2024 Dt-03.02.2024,Punja Marg to Nagla Peepal Marg,,,,,,,,,,,,,,,,Cheif Engineer Kanpur Zone PWD Kanpur||SE ETAWAH CIRCLE PWD ETAWAH||EE CONSTRUCTION DIVISION  PWD ETAWAH,,,,,,"427,612.5",,2024-04-18,Cheif Engineer Kanpur Zone PWD Kanpur||SE ETAWAH CIRCLE PWD ETAWAH||EE CONSTRUCTION DIVISION  PWD ETAWAH
2024_CEKNP_890537_10,92/1A/2024 Dt-03.02.2024,Ayara to Agupura via Bajirpur Bamba Patari marg,,,,,,,,,,,,,,,,Cheif Engineer Kanpur Zone PWD Kanpur||SE ETAWAH CIRCLE PWD ETAWAH||EE CONSTRUCTION DIVISION  PWD ETAWAH,,,,,,"1,456,216.4",,2024-04-25,Cheif Engineer Kanpur Zone PWD Kanpur||SE ETAWAH CIRCLE PWD ETAWAH||EE CONSTRUCTION DIVISION  PWD ETAWAH
2024_CEKNP_890537_10,92/1A/2024 Dt-03.02.2024,Ayara to Agupura via Bajirpur Bamba Patari marg,,,,,,,,,,,,,,,,Cheif Engineer Kanpur Zone PWD Kanpur||SE ETAWAH CIRCLE PWD ETAWAH||EE CONSTRUCTION DIVISION  PWD ETAWAH,,,,,,"1,456,216.4",,2024-04-25,Cheif Engineer Kanpur Zone PWD Kanpur||SE ETAWAH CIRCLE PWD ETAWAH||EE CONSTRUCTION DIVISION  PWD ETAWAH
2024_CEKNP_890537_10,92/1A/2024 Dt-03.02.2024,Ayara to Agupura via Bajirpur Bamba Patari marg,,,,,,,,,,,,,,,,Cheif Engineer Kanpur Zone PWD Kanpur||SE ETAWAH CIRCLE PWD ETAWAH||EE CONSTRUCTION DIVISION  PWD ETAWAH,,,,,,"1,456,216.4",,2024-04-25,Cheif Engineer Kanpur Zone PWD Kanpur||SE ETAWAH CIRCLE PWD ETAWAH||EE CONSTRUCTION DIVISION  PWD ETAWAH
2024_CEKNP_889691_1,167/11A/2023-24 Dt. 24-01-2024,Repair and protection work of the damaged approach road of the bridge located at kilometer 1 of National State Highway No. 2 to Chhimara Jaswantnagar Kachaira Bypass (other district road).,,,,,,,,,,,,,,,,Cheif Engineer Kanpur Zone PWD Kanpur||SE ETAWAH CIRCLE PWD ETAWAH||EE PROVINCIAL DIVISION PWD ETAWAH,,,,,,"2,751,740.42",,2024-04-09,Cheif Engineer Kanpur Zone PWD Kanpur||SE ETAWAH CIRCLE PWD ETAWAH||EE PROVINCIAL DIVISION PWD ETAWAH
2024_CEKNP_889691_2,167/11A/2023-24 Dt. 24-01-2024,Protective and repair work of the bridge and the damaged approach road of the bridge located on Sengar river in km 07 of Jamunabagh to Fatehpura Ginja Etawah Mainpuri road on National Highway No. 2.,,,,,,,,,,,,,,,,Cheif Engineer Kanpur Zone PWD Kanpur||SE ETAWAH CIRCLE PWD ETAWAH||EE PROVINCIAL DIVISION PWD ETAWAH,,,,,,"2,657,021.95",,2024-04-08,Cheif Engineer Kanpur Zone PWD Kanpur||SE ETAWAH CIRCLE PWD ETAWAH||EE PROVINCIAL DIVISION PWD ETAWAH
2024_CEKNP_884628_28,44/11A/2023-24 dt 15.1.24,Renewal on Gyanpur Sujanpur Kunaithi marg,,,,,,,,,,,,,,,,Cheif Engineer Kanpur Zone PWD Kanpur||SE ETAWAH CIRCLE PWD ETAWAH||EE CONSTRUCTION DIVISION-3  PWD ETAWAH,,,,,,"1,134,563.14",,2024-04-06,Cheif Engineer Kanpur Zone PWD Kanpur||SE ETAWAH CIRCLE PWD ETAWAH||EE CONSTRUCTION DIVISION-3  PWD ETAWAH
2024_CEKNP_884628_28,44/11A/2023-24 dt 15.1.24,Renewal on Gyanpur Sujanpur Kunaithi marg,,,,,,,,,,,,,,,,Cheif Engineer Kanpur Zone PWD Kanpur||SE ETAWAH CIRCLE PWD ETAWAH||EE CONSTRUCTION DIVISION-3  PWD ETAWAH,,,,,,"1,134,563.14",,2024-04-06,Cheif Engineer Kanpur Zone PWD Kanpur||SE ETAWAH CIRCLE PWD ETAWAH||EE CONSTRUCTION DIVISION-3  PWD ETAWAH
2024_CEKNP_884422_63,40/1A/24 Dt-15.01.2024,Kathautiya Kudrail Marg to Gadarian Marg.,,,,,,,,,,,,,,,,Cheif Engineer Kanpur Zone PWD Kanpur||SE ETAWAH CIRCLE PWD ETAWAH||EE CONSTRUCTION DIVISION  PWD ETAWAH,,,,,,"658,180.5",,2024-04-29,Cheif Engineer Kanpur Zone PWD Kanpur||SE ETAWAH CIRCLE PWD ETAWAH||EE CONSTRUCTION DIVISION  PWD ETAWAH
2024_CEKNP_884422_36,40/1A/24 Dt-15.01.2024,Gangapura to Bitholi gram tak marg,,,,,,,,,,,,,,,,Cheif Engineer Kanpur Zone PWD Kanpur||SE ETAWAH CIRCLE PWD ETAWAH||EE CONSTRUCTION DIVISION  PWD ETAWAH,,,,,,"1,242,638.25",,2024-04-29,Cheif Engineer Kanpur Zone PWD Kanpur||SE ETAWAH CIRCLE PWD ETAWAH||EE CONSTRUCTION DIVISION  PWD ETAWAH
2024_CEKNP_884422_37,40/1A/24 Dt-15.01.2024,"Adupura Raipura Nivasai marg to Kalyanpur Rahin, Nagla Jhada via Mohanpur marg",,,,,,,,,,,,,,,,Cheif Engineer Kanpur Zone PWD Kanpur||SE ETAWAH CIRCLE PWD ETAWAH||EE CONSTRUCTION DIVISION  PWD ETAWAH,,,,,,"977,488.55",,2024-04-29,Cheif Engineer Kanpur Zone PWD Kanpur||SE ETAWAH CIRCLE PWD ETAWAH||EE CONSTRUCTION DIVISION  PWD ETAWAH
2024_CEKNP_884422_46,40/1A/24 Dt-15.01.2024,Kakarpur Marg to Kataiya Marg,,,,,,,,,,,,,,,,Cheif Engineer Kanpur Zone PWD Kanpur||SE ETAWAH CIRCLE PWD ETAWAH||EE CONSTRUCTION DIVISION  PWD ETAWAH,,,,,,"1,094,921.55",,2024-04-29,Cheif Engineer Kanpur Zone PWD Kanpur||SE ETAWAH CIRCLE PWD ETAWAH||EE CONSTRUCTION DIVISION  PWD ETAWAH
2024_CEKNP_884422_5,40/1A/24 Dt-15.01.2024,Matiyarpura to Dudha road,,,,,,,,,,,,,,,,Cheif Engineer Kanpur Zone PWD Kanpur||SE ETAWAH CIRCLE PWD ETAWAH||EE CONSTRUCTION DIVISION  PWD ETAWAH,,,,,,"746,253",,2024-04-29,Cheif Engineer Kanpur Zone PWD Kanpur||SE ETAWAH CIRCLE PWD ETAWAH||EE CONSTRUCTION DIVISION  PWD ETAWAH
2024_CEKNP_884422_61,40/1A/24 Dt-15.01.2024,Nagla Bale se Sutiani Adda hote hue Dakau sampark marg,,,,,,,,,,,,,,,,Cheif Engineer Kanpur Zone PWD Kanpur||SE ETAWAH CIRCLE PWD ETAWAH||EE CONSTRUCTION DIVISION  PWD ETAWAH,,,,,,"781,507.8",,2024-04-19,Cheif Engineer Kanpur Zone PWD Kanpur||SE ETAWAH CIRCLE PWD ETAWAH||EE CONSTRUCTION DIVISION  PWD ETAWAH
2024_CEKNP_884422_6,40/1A/24 Dt-15.01.2024,Bharthana Usrahar Marg to Nagla Maya Marg,,,,,,,,,,,,,,,,Cheif Engineer Kanpur Zone PWD Kanpur||SE ETAWAH CIRCLE PWD ETAWAH||EE CONSTRUCTION DIVISION  PWD ETAWAH,,,,,,"1,084,137.6",,2024-04-18,Cheif Engineer Kanpur Zone PWD Kanpur||SE ETAWAH CIRCLE PWD ETAWAH||EE CONSTRUCTION DIVISION  PWD ETAWAH
2024_CEKNP_884422_12,40/1A/24 Dt-15.01.2024,Kishni Vidhuna Marg to Kadampur Marg,,,,,,,,,,,,,,,,Cheif Engineer Kanpur Zone PWD Kanpur||SE ETAWAH CIRCLE PWD ETAWAH||EE CONSTRUCTION DIVISION  PWD ETAWAH,,,,,,"589,884.45",,2024-04-29,Cheif Engineer Kanpur Zone PWD Kanpur||SE ETAWAH CIRCLE PWD ETAWAH||EE CONSTRUCTION DIVISION  PWD ETAWAH
2024_CEKNP_884422_17,40/1A/24 Dt-15.01.2024,Bina Sarsai Helu Marg to Kotia,,,,,,,,,,,,,,,,Cheif Engineer Kanpur Zone PWD Kanpur||SE ETAWAH CIRCLE PWD ETAWAH||EE CONSTRUCTION DIVISION  PWD ETAWAH,,,,,,"881,727.64",,2024-04-29,Cheif Engineer Kanpur Zone PWD Kanpur||SE ETAWAH CIRCLE PWD ETAWAH||EE CONSTRUCTION DIVISION  PWD ETAWAH
2024_CEKNP_884422_17,40/1A/24 Dt-15.01.2024,Bina Sarsai Helu Marg to Kotia,,,,,,,,,,,,,,,,Cheif Engineer Kanpur Zone PWD Kanpur||SE ETAWAH CIRCLE PWD ETAWAH||EE CONSTRUCTION DIVISION  PWD ETAWAH,,,,,,"881,727.64",,2024-04-29,Cheif Engineer Kanpur Zone PWD Kanpur||SE ETAWAH CIRCLE PWD ETAWAH||EE CONSTRUCTION DIVISION  PWD ETAWAH
2024_CEKNP_884422_20,40/1A/24 Dt-15.01.2024,Karri Chhimara Road to Sarsai Helu Marg Shadipur Tirahe Pattapura Link Road,,,,,,,,,,,,,,,,Cheif Engineer Kanpur Zone PWD Kanpur||SE ETAWAH CIRCLE PWD ETAWAH||EE CONSTRUCTION DIVISION  PWD ETAWAH,,,,,,"1,128,432.9",,2024-04-29,Cheif Engineer Kanpur Zone PWD Kanpur||SE ETAWAH CIRCLE PWD ETAWAH||EE CONSTRUCTION DIVISION  PWD ETAWAH
2024_CEKNP_884422_24,40/1A/24 Dt-15.01.2024,Bhadwa to Nagla Lachhi marg,,,,,,,,,,,,,,,,Cheif Engineer Kanpur Zone PWD Kanpur||SE ETAWAH CIRCLE PWD ETAWAH||EE CONSTRUCTION DIVISION  PWD ETAWAH,,,,,,"973,975.2",,2024-04-29,Cheif Engineer Kanpur Zone PWD Kanpur||SE ETAWAH CIRCLE PWD ETAWAH||EE CONSTRUCTION DIVISION  PWD ETAWAH
2024_CEKNP_884422_32,40/1A/24 Dt-15.01.2024,Patiyat Bhatta to gram Mahua tak marg,,,,,,,,,,,,,,,,Cheif Engineer Kanpur Zone PWD Kanpur||SE ETAWAH CIRCLE PWD ETAWAH||EE CONSTRUCTION DIVISION  PWD ETAWAH,,,,,,"756,139.95",,2024-04-19,Cheif Engineer Kanpur Zone PWD Kanpur||SE ETAWAH CIRCLE PWD ETAWAH||EE CONSTRUCTION DIVISION  PWD ETAWAH
2024_CEKNP_884422_33,40/1A/24 Dt-15.01.2024,Patiyat Bhatta to Kankua to Mahua gram tak marg,,,,,,,,,,,,,,,,Cheif Engineer Kanpur Zone PWD Kanpur||SE ETAWAH CIRCLE PWD ETAWAH||EE CONSTRUCTION DIVISION  PWD ETAWAH,,,,,,"781,514.7",,2024-04-19,Cheif Engineer Kanpur Zone PWD Kanpur||SE ETAWAH CIRCLE PWD ETAWAH||EE CONSTRUCTION DIVISION  PWD ETAWAH
2024_CEKNP_884262_5,102/9A Date 16.01.2024,Repair and Renewal of Sikandarpur Bhawalpur Kasawa Road to Dhingpur Link Road,,,,,,,,,,,,,,,,Cheif Engineer Kanpur Zone PWD Kanpur||SE KANNAUJ-FARRUKHABAD PWD KANNAUJ||EE CONSTRUCTION DIVISION-1  PWD KANNAUJ,,,,,,"799,699",,2024-04-16,Cheif Engineer Kanpur Zone PWD Kanpur||SE KANNAUJ-FARRUKHABAD PWD KANNAUJ||EE CONSTRUCTION DIVISION-1  PWD KANNAUJ
2024_CEKNP_884262_9,102/9A Date 16.01.2024,Repair and Renewal of Nagla Chitte link road Chhibramau Kandauli Tajpur road Km 2 to Kakarhia link road Bhulbhuliapur link road,,,,,,,,,,,,,,,,Cheif Engineer Kanpur Zone PWD Kanpur||SE KANNAUJ-FARRUKHABAD PWD KANNAUJ||EE CONSTRUCTION DIVISION-1  PWD KANNAUJ,,,,,,"1,260,722",,2024-04-18,Cheif Engineer Kanpur Zone PWD Kanpur||SE KANNAUJ-FARRUKHABAD PWD KANNAUJ||EE CONSTRUCTION DIVISION-1  PWD KANNAUJ
2024_CEKNP_884262_36,102/9A Date 16.01.2024,Repair and Renewal of Gram Talgram Kalee mandir se mahanagr hote hue Majhaiyaa tk sampark marg,,,,,,,,,,,,,,,,Cheif Engineer Kanpur Zone PWD Kanpur||SE KANNAUJ-FARRUKHABAD PWD KANNAUJ||EE CONSTRUCTION DIVISION-1  PWD KANNAUJ,,,,,,"1,688,466",,2024-04-18,Cheif Engineer Kanpur Zone PWD Kanpur||SE KANNAUJ-FARRUKHABAD PWD KANNAUJ||EE CONSTRUCTION DIVISION-1  PWD KANNAUJ
2024_CEKNP_884262_38,102/9A Date 16.01.2024,Repair and Renewal of GSST Km-12 se Sataura sampark marg,,,,,,,,,,,,,,,,Cheif Engineer Kanpur Zone PWD Kanpur||SE KANNAUJ-FARRUKHABAD PWD KANNAUJ||EE CONSTRUCTION DIVISION-1  PWD KANNAUJ,,,,,,"718,998",,2024-04-18,Cheif Engineer Kanpur Zone PWD Kanpur||SE KANNAUJ-FARRUKHABAD PWD KANNAUJ||EE CONSTRUCTION DIVISION-1  PWD KANNAUJ
2024_CEKNP_884262_3,102/9A Date 16.01.2024,Repair and Renewal of GT Road Km 314 To Aurayi Link Road GT Road Km 315 To Gadanpur Chaudhary Link Road Nagla Gagin to Kathar Link Road Batela to Nagla Chamaran Nagariya Link Road Maidepur to Nagla Poorvi Madaiya Link Road And Rooppur Link Road,,,,,,,,,,,,,,,,Cheif Engineer Kanpur Zone PWD Kanpur||SE KANNAUJ-FARRUKHABAD PWD KANNAUJ||EE CONSTRUCTION DIVISION-1  PWD KANNAUJ,,,,,,"1,767,512",,2024-04-16,Cheif Engineer Kanpur Zone PWD Kanpur||SE KANNAUJ-FARRUKHABAD PWD KANNAUJ||EE CONSTRUCTION DIVISION-1  PWD KANNAUJ
2024_CEKNP_884262_23,102/9A Date 16.01.2024,Repair and Renewal of Terajaket to Nausara Tadaha  Nabada School Mahona Link road,,,,,,,,,,,,,,,,Cheif Engineer Kanpur Zone PWD Kanpur||SE KANNAUJ-FARRUKHABAD PWD KANNAUJ||EE CONSTRUCTION DIVISION-1  PWD KANNAUJ,,,,,,"938,296",,2024-04-18,Cheif Engineer Kanpur Zone PWD Kanpur||SE KANNAUJ-FARRUKHABAD PWD KANNAUJ||EE CONSTRUCTION DIVISION-1  PWD KANNAUJ
2024_CEKNP_884262_27,102/9A Date 16.01.2024,Repair and Renewal of MTTI Km-12 se Kushalpurwa sampark marg,,,,,,,,,,,,,,,,Cheif Engineer Kanpur Zone PWD Kanpur||SE KANNAUJ-FARRUKHABAD PWD KANNAUJ||EE CONSTRUCTION DIVISION-1  PWD KANNAUJ,,,,,,"1,086,005",,2024-04-18,Cheif Engineer Kanpur Zone PWD Kanpur||SE KANNAUJ-FARRUKHABAD PWD KANNAUJ||EE CONSTRUCTION DIVISION-1  PWD KANNAUJ
2024_CEKNP_884262_29,102/9A Date 16.01.2024,Repair and Renewal of Gursahaiygunj marg se Sataura sampark marg,,,,,,,,,,,,,,,,Cheif Engineer Kanpur Zone PWD Kanpur||SE KANNAUJ-FARRUKHABAD PWD KANNAUJ||EE CONSTRUCTION DIVISION-1  PWD KANNAUJ,,,,,,"645,582",,2024-04-18,Cheif Engineer Kanpur Zone PWD Kanpur||SE KANNAUJ-FARRUKHABAD PWD KANNAUJ||EE CONSTRUCTION DIVISION-1  PWD KANNAUJ
2024_CEKNP_884262_10,102/9A Date 16.01.2024,Repair and Renewal of Vishungarh Kairda road to Bhaurajpur link,,,,,,,,,,,,,,,,Cheif Engineer Kanpur Zone PWD Kanpur||SE KANNAUJ-FARRUKHABAD PWD KANNAUJ||EE CONSTRUCTION DIVISION-1  PWD KANNAUJ,,,,,,"1,328,876",,2024-04-18,Cheif Engineer Kanpur Zone PWD Kanpur||SE KANNAUJ-FARRUKHABAD PWD KANNAUJ||EE CONSTRUCTION DIVISION-1  PWD KANNAUJ
2024_CEKNP_884048_86,102/11A/2023-24 Dt. 15-01-2024,Jaswantnagar Kachouraghat Marg to Nagla rte to Jugaura Marg,,,,,,,,,,,,,,,,Cheif Engineer Kanpur Zone PWD Kanpur||SE ETAWAH CIRCLE PWD ETAWAH||EE PROVINCIAL DIVISION PWD ETAWAH,,,,,,"395,472",,2024-04-03,Cheif Engineer Kanpur Zone PWD Kanpur||SE ETAWAH CIRCLE PWD ETAWAH||EE PROVINCIAL DIVISION PWD ETAWAH
2024_CEKNP_884048_88,102/11A/2023-24 Dt. 15-01-2024,Access road work of Sengar river bridge near village Parsua in Etawah district.,,,,,,,,,,,,,,,,Cheif Engineer Kanpur Zone PWD Kanpur||SE ETAWAH CIRCLE PWD ETAWAH||EE PROVINCIAL DIVISION PWD ETAWAH,,,,,,"582,292.692",,2024-04-03,Cheif Engineer Kanpur Zone PWD Kanpur||SE ETAWAH CIRCLE PWD ETAWAH||EE PROVINCIAL DIVISION PWD ETAWAH
2024_CEKNP_884048_93,102/11A/2023-24 Dt. 15-01-2024,Itagaon to Umrai Road,,,,,,,,,,,,,,,,Cheif Engineer Kanpur Zone PWD Kanpur||SE ETAWAH CIRCLE PWD ETAWAH||EE PROVINCIAL DIVISION PWD ETAWAH,,,,,,"903,753.5",,2024-04-03,Cheif Engineer Kanpur Zone PWD Kanpur||SE ETAWAH CIRCLE PWD ETAWAH||EE PROVINCIAL DIVISION PWD ETAWAH
2024_CEKNP_884048_96,102/11A/2023-24 Dt. 15-01-2024,Nagla Vaishya Marg to Nagla Pohpi (Mathiya) Marg,,,,,,,,,,,,,,,,Cheif Engineer Kanpur Zone PWD Kanpur||SE ETAWAH CIRCLE PWD ETAWAH||EE PROVINCIAL DIVISION PWD ETAWAH,,,,,,"655,002.77",,2024-04-06,Cheif Engineer Kanpur Zone PWD Kanpur||SE ETAWAH CIRCLE PWD ETAWAH||EE PROVINCIAL DIVISION PWD ETAWAH
2024_CEKNP_884048_96,102/11A/2023-24 Dt. 15-01-2024,Nagla Vaishya Marg to Nagla Pohpi (Mathiya) Marg,,,,,,,,,,,,,,,,Cheif Engineer Kanpur Zone PWD Kanpur||SE ETAWAH CIRCLE PWD ETAWAH||EE PROVINCIAL DIVISION PWD ETAWAH,,,,,,"655,002.77",,2024-04-06,Cheif Engineer Kanpur Zone PWD Kanpur||SE ETAWAH CIRCLE PWD ETAWAH||EE PROVINCIAL DIVISION PWD ETAWAH
2024_CEKNP_884048_98,102/11A/2023-24 Dt. 15-01-2024,Karri Chhimara route via Bhuta via Hardoi Road,,,,,,,,,,,,,,,,Cheif Engineer Kanpur Zone PWD Kanpur||SE ETAWAH CIRCLE PWD ETAWAH||EE PROVINCIAL DIVISION PWD ETAWAH,,,,,,"980,126.955",,2024-04-06,Cheif Engineer Kanpur Zone PWD Kanpur||SE ETAWAH CIRCLE PWD ETAWAH||EE PROVINCIAL DIVISION PWD ETAWAH
2024_CEKNP_884048_7,102/11A/2023-24 Dt. 15-01-2024,Jaswant Balrai Marg to Nagla Ram Sundar Marg,,,,,,,,,,,,,,,,Cheif Engineer Kanpur Zone PWD Kanpur||SE ETAWAH CIRCLE PWD ETAWAH||EE PROVINCIAL DIVISION PWD ETAWAH,,,,,,"1,470,637.2",,2024-04-03,Cheif Engineer Kanpur Zone PWD Kanpur||SE ETAWAH CIRCLE PWD ETAWAH||EE PROVINCIAL DIVISION PWD ETAWAH
2024_CEKNP_884048_83,102/11A/2023-24 Dt. 15-01-2024,Nagla Dhuma link road from Etawah Kachouraghat road,,,,,,,,,,,,,,,,Cheif Engineer Kanpur Zone PWD Kanpur||SE ETAWAH CIRCLE PWD ETAWAH||EE PROVINCIAL DIVISION PWD ETAWAH,,,,,,"256,548.6",,2024-04-02,Cheif Engineer Kanpur Zone PWD Kanpur||SE ETAWAH CIRCLE PWD ETAWAH||EE PROVINCIAL DIVISION PWD ETAWAH
2024_CEKNP_884048_28,102/11A/2023-24 Dt. 15-01-2024,Hardoi Marg to Nagla Jagat Marg,,,,,,,,,,,,,,,,Cheif Engineer Kanpur Zone PWD Kanpur||SE ETAWAH CIRCLE PWD ETAWAH||EE PROVINCIAL DIVISION PWD ETAWAH,,,,,,"1,473,053.74",,2024-04-06,Cheif Engineer Kanpur Zone PWD Kanpur||SE ETAWAH CIRCLE PWD ETAWAH||EE PROVINCIAL DIVISION PWD ETAWAH
2024_CEKNP_884048_29,102/11A/2023-24 Dt. 15-01-2024,Shivpuri Timrua Kathua Marg to Nagla Vaishya Via Nagla Harigyan Marg,,,,,,,,,,,,,,,,Cheif Engineer Kanpur Zone PWD Kanpur||SE ETAWAH CIRCLE PWD ETAWAH||EE PROVINCIAL DIVISION PWD ETAWAH,,,,,,"1,994,506.725",,2024-04-03,Cheif Engineer Kanpur Zone PWD Kanpur||SE ETAWAH CIRCLE PWD ETAWAH||EE PROVINCIAL DIVISION PWD ETAWAH
2024_CEKNP_884048_3,102/11A/2023-24 Dt. 15-01-2024,Etawah Mainpuri Road  to Banamai via Rauja Road,,,,,,,,,,,,,,,,Cheif Engineer Kanpur Zone PWD Kanpur||SE ETAWAH CIRCLE PWD ETAWAH||EE PROVINCIAL DIVISION PWD ETAWAH,,,,,,"2,322,873.4",,2024-04-06,Cheif Engineer Kanpur Zone PWD Kanpur||SE ETAWAH CIRCLE PWD ETAWAH||EE PROVINCIAL DIVISION PWD ETAWAH
2024_CEKNP_884048_45,102/11A/2023-24 Dt. 15-01-2024,Karri Chhimara Marg to Ladampur Marg,,,,,,,,,,,,,,,,Cheif Engineer Kanpur Zone PWD Kanpur||SE ETAWAH CIRCLE PWD ETAWAH||EE PROVINCIAL DIVISION PWD ETAWAH,,,,,,"699,679.5",,2024-04-02,Cheif Engineer Kanpur Zone PWD Kanpur||SE ETAWAH CIRCLE PWD ETAWAH||EE PROVINCIAL DIVISION PWD ETAWAH
2024_CEKNP_884048_65,102/11A/2023-24 Dt. 15-01-2024,Janakpur Devi Temple to Jasohan Bagiya via Ramtal Nagla Uday Marg,,,,,,,,,,,,,,,,Cheif Engineer Kanpur Zone PWD Kanpur||SE ETAWAH CIRCLE PWD ETAWAH||EE PROVINCIAL DIVISION PWD ETAWAH,,,,,,"796,926.455",,2024-04-03,Cheif Engineer Kanpur Zone PWD Kanpur||SE ETAWAH CIRCLE PWD ETAWAH||EE PROVINCIAL DIVISION PWD ETAWAH
2024_CEKNP_884048_69,102/11A/2023-24 Dt. 15-01-2024,Hazratpur to Bichpuri Jaitiya Road,,,,,,,,,,,,,,,,Cheif Engineer Kanpur Zone PWD Kanpur||SE ETAWAH CIRCLE PWD ETAWAH||EE PROVINCIAL DIVISION PWD ETAWAH,,,,,,"1,179,392.52",,2024-04-02,Cheif Engineer Kanpur Zone PWD Kanpur||SE ETAWAH CIRCLE PWD ETAWAH||EE PROVINCIAL DIVISION PWD ETAWAH
2024_CEKNP_884048_112,102/11A/2023-24 Dt. 15-01-2024,Nagla Keshonrai link road via Ramtal from Etawah Kachouraghat road,,,,,,,,,,,,,,,,Cheif Engineer Kanpur Zone PWD Kanpur||SE ETAWAH CIRCLE PWD ETAWAH||EE PROVINCIAL DIVISION PWD ETAWAH,,,,,,"1,261,469.02",,2024-04-03,Cheif Engineer Kanpur Zone PWD Kanpur||SE ETAWAH CIRCLE PWD ETAWAH||EE PROVINCIAL DIVISION PWD ETAWAH
2024_CEKNP_884048_118,102/11A/2023-24 Dt. 15-01-2024,Renovation work by departmental hot mix plant on Chaubia Kumhawar Marg other district road,,,,,,,,,,,,,,,,Cheif Engineer Kanpur Zone PWD Kanpur||SE ETAWAH CIRCLE PWD ETAWAH||EE PROVINCIAL DIVISION PWD ETAWAH,,,,,,"465,245.805",,2024-04-06,Cheif Engineer Kanpur Zone PWD Kanpur||SE ETAWAH CIRCLE PWD ETAWAH||EE PROVINCIAL DIVISION PWD ETAWAH
2024_CEKNP_884048_17,102/11A/2023-24 Dt. 15-01-2024,Timarua Niwasai Marg to  Kachpura,,,,,,,,,,,,,,,,Cheif Engineer Kanpur Zone PWD Kanpur||SE ETAWAH CIRCLE PWD ETAWAH||EE PROVINCIAL DIVISION PWD ETAWAH,,,,,,"566,832.5",,2024-04-03,Cheif Engineer Kanpur Zone PWD Kanpur||SE ETAWAH CIRCLE PWD ETAWAH||EE PROVINCIAL DIVISION PWD ETAWAH
2024_CEKNP_884048_19,102/11A/2023-24 Dt. 15-01-2024,Odampura to Nagla Chainsukh Road,,,,,,,,,,,,,,,,Cheif Engineer Kanpur Zone PWD Kanpur||SE ETAWAH CIRCLE PWD ETAWAH||EE PROVINCIAL DIVISION PWD ETAWAH,,,,,,"1,463,224",,2024-04-06,Cheif Engineer Kanpur Zone PWD Kanpur||SE ETAWAH CIRCLE PWD ETAWAH||EE PROVINCIAL DIVISION PWD ETAWAH
2024_CEKNP_884048_28,102/11A/2023-24 Dt. 15-01-2024,Hardoi Marg to Nagla Jagat Marg,,,,,,,,,,,,,,,,Cheif Engineer Kanpur Zone PWD Kanpur||SE ETAWAH CIRCLE PWD ETAWAH||EE PROVINCIAL DIVISION PWD ETAWAH,,,,,,"1,473,053.74",,2024-04-06,Cheif Engineer Kanpur Zone PWD Kanpur||SE ETAWAH CIRCLE PWD ETAWAH||EE PROVINCIAL DIVISION PWD ETAWAH
2024_CEKNP_884048_101,102/11A/2023-24 Dt. 15-01-2024,Basak Rajwaha to Haviliya Marg,,,,,,,,,,,,,,,,Cheif Engineer Kanpur Zone PWD Kanpur||SE ETAWAH CIRCLE PWD ETAWAH||EE PROVINCIAL DIVISION PWD ETAWAH,,,,,,"868,956.54",,2024-04-03,Cheif Engineer Kanpur Zone PWD Kanpur||SE ETAWAH CIRCLE PWD ETAWAH||EE PROVINCIAL DIVISION PWD ETAWAH
2024_CEKNP_884048_107,102/11A/2023-24 Dt. 15-01-2024,Benisal to Kewala Road,,,,,,,,,,,,,,,,Cheif Engineer Kanpur Zone PWD Kanpur||SE ETAWAH CIRCLE PWD ETAWAH||EE PROVINCIAL DIVISION PWD ETAWAH,,,,,,"482,670",,2024-04-06,Cheif Engineer Kanpur Zone PWD Kanpur||SE ETAWAH CIRCLE PWD ETAWAH||EE PROVINCIAL DIVISION PWD ETAWAH
2024_CEKNP_884048_10,102/11A/2023-24 Dt. 15-01-2024,Nagla Mathia village to Nandlalpur village,,,,,,,,,,,,,,,,Cheif Engineer Kanpur Zone PWD Kanpur||SE ETAWAH CIRCLE PWD ETAWAH||EE PROVINCIAL DIVISION PWD ETAWAH,,,,,,"1,298,675.5",,2024-04-03,Cheif Engineer Kanpur Zone PWD Kanpur||SE ETAWAH CIRCLE PWD ETAWAH||EE PROVINCIAL DIVISION PWD ETAWAH
2024_CEKNP_879019_7,1764/8A/2023 DT. 27-12-2023,Makhanpurwa road to Rajja ka purwa,,,,,,,,,,,,,,,,Cheif Engineer Kanpur Zone PWD Kanpur||SE ETAWAH CIRCLE PWD ETAWAH||EE CONSTRUCTION DIVISION  PWD AURAIYA,,,,,,"1,318,551",,2024-04-02,Cheif Engineer Kanpur Zone PWD Kanpur||SE ETAWAH CIRCLE PWD ETAWAH||EE CONSTRUCTION DIVISION  PWD AURAIYA
2024_CEJNS_909647_2,483 / 18A / 2023-24 Dated. 27.02.2024,Renewal work of Tirathalal Ka Dera link road,,,,,,,,,,,,,,,,Chief Engineer Jhansi Zone PWD Jhansi UP||JHANSI CIRLCE PWD JHANSI||PROVINCIAL DIVISION PWD JHANSI,,,,,,"1,451,792.43",,2024-04-12,Chief Engineer Jhansi Zone PWD Jhansi UP||JHANSI CIRLCE PWD JHANSI||PROVINCIAL DIVISION PWD JHANSI
2024_CEJNS_909647_2,483 / 18A / 2023-24 Dated. 27.02.2024,Renewal work of Tirathalal Ka Dera link road,,,,,,,,,,,,,,,,Chief Engineer Jhansi Zone PWD Jhansi UP||JHANSI CIRLCE PWD JHANSI||PROVINCIAL DIVISION PWD JHANSI,,,,,,"1,451,792.43",,2024-04-12,Chief Engineer Jhansi Zone PWD Jhansi UP||JHANSI CIRLCE PWD JHANSI||PROVINCIAL DIVISION PWD JHANSI
2024_CEJNS_902280_5,395 / 18A / 2023-24 Dated. 17.02.2024,Renewal work of Bhagwantpura link road,,,,,,,,,,,,,,,,Chief Engineer Jhansi Zone PWD Jhansi UP||JHANSI CIRLCE PWD JHANSI||PROVINCIAL DIVISION PWD JHANSI,,,,,,"2,556,272",,2024-04-12,Chief Engineer Jhansi Zone PWD Jhansi UP||JHANSI CIRLCE PWD JHANSI||PROVINCIAL DIVISION PWD JHANSI
2024_CEJNS_902280_6,395 / 18A / 2023-24 Dated. 17.02.2024,Renewal work of Pathguwan link road,,,,,,,,,,,,,,,,Chief Engineer Jhansi Zone PWD Jhansi UP||JHANSI CIRLCE PWD JHANSI||PROVINCIAL DIVISION PWD JHANSI,,,,,,"2,898,738",,2024-04-12,Chief Engineer Jhansi Zone PWD Jhansi UP||JHANSI CIRLCE PWD JHANSI||PROVINCIAL DIVISION PWD JHANSI
2024_CEJNS_902280_2,395 / 18A / 2023-24 Dated. 17.02.2024,Renewal work of Laraun link road,,,,,,,,,,,,,,,,Chief Engineer Jhansi Zone PWD Jhansi UP||JHANSI CIRLCE PWD JHANSI||PROVINCIAL DIVISION PWD JHANSI,,,,,,"1,407,186",,2024-04-12,Chief Engineer Jhansi Zone PWD Jhansi UP||JHANSI CIRLCE PWD JHANSI||PROVINCIAL DIVISION PWD JHANSI
2024_CEJNS_899592_1,338/30C-Hamirpur Circle/2023 Dt.09.02.2024,"General Repair work with Renewal at Mahoba Charkhari Muskra road (MDR) with B.C. in km. 39,40,41(250)",,,,,,,,,,,,,,,,Chief Engineer Jhansi Zone PWD Jhansi UP||CHITRAKOOT DHAAM MANDAL - BANDA CIRCLE PWD BANDA,,,,,,"6,818,064",,2024-04-09,Chief Engineer Jhansi Zone PWD Jhansi UP||CHITRAKOOT DHAAM MANDAL - BANDA CIRCLE PWD BANDA
2024_CEJNS_899543_1,Ref 190/A3 Dt. 09.02.2024,"General Renewal work at Karehra Bagron road in km. 1,2,3,4(250)",,,,,,,,,,,,,,,,Chief Engineer Jhansi Zone PWD Jhansi UP||CHITRAKOOT DHAAM MANDAL - BANDA CIRCLE PWD BANDA||CONSTRUCTION DIVISION 1 PWD MAHOBA,,,,,,"2,155,610.61",,2024-04-06,Chief Engineer Jhansi Zone PWD Jhansi UP||CHITRAKOOT DHAAM MANDAL - BANDA CIRCLE PWD BANDA||CONSTRUCTION DIVISION 1 PWD MAHOBA
2024_CEJNS_899543_2,Ref 190/A3 Dt. 09.02.2024,"General Renewal work at Pooncha Kharela Bidabar road in km. 1,2,3,4(100)",,,,,,,,,,,,,,,,Chief Engineer Jhansi Zone PWD Jhansi UP||CHITRAKOOT DHAAM MANDAL - BANDA CIRCLE PWD BANDA||CONSTRUCTION DIVISION 1 PWD MAHOBA,,,,,,"2,010,411",,2024-04-10,Chief Engineer Jhansi Zone PWD Jhansi UP||CHITRAKOOT DHAAM MANDAL - BANDA CIRCLE PWD BANDA||CONSTRUCTION DIVISION 1 PWD MAHOBA
2024_CEJNS_897471_9,268/A-12 Date 08-02-2024,Renewal work with General Repair on Ratauli to Naiguwa road.,,,,,,,,,,,,,,,,Chief Engineer Jhansi Zone PWD Jhansi UP||CHITRAKOOT DHAAM MANDAL - BANDA CIRCLE PWD BANDA||PROVINCIAL DIVISION PWD MAHOBA,,,,,,"2,565,571",,2024-04-01,Chief Engineer Jhansi Zone PWD Jhansi UP||CHITRAKOOT DHAAM MANDAL - BANDA CIRCLE PWD BANDA||PROVINCIAL DIVISION PWD MAHOBA
2024_CEJNS_898509_3,327/30C-Hamirpur Circle/2023 Dt.08.02.2024,Renewal work with General Repair of  Kharela to Aichana suraha road Kabrahi-Kunehta,,,,,,,,,,,,,,,,Chief Engineer Jhansi Zone PWD Jhansi UP||CHITRAKOOT DHAAM MANDAL - BANDA CIRCLE PWD BANDA,,,,,,"4,544,518",,2024-04-15,Chief Engineer Jhansi Zone PWD Jhansi UP||CHITRAKOOT DHAAM MANDAL - BANDA CIRCLE PWD BANDA
2024_CEJNS_897471_1,268/A-12 Date 08-02-2024,Renewal work with General Repair work at Kabrai Railway Station feeder Road,,,,,,,,,,,,,,,,Chief Engineer Jhansi Zone PWD Jhansi UP||CHITRAKOOT DHAAM MANDAL - BANDA CIRCLE PWD BANDA||PROVINCIAL DIVISION PWD MAHOBA,,,,,,"346,068.98",,2024-04-01,Chief Engineer Jhansi Zone PWD Jhansi UP||CHITRAKOOT DHAAM MANDAL - BANDA CIRCLE PWD BANDA||PROVINCIAL DIVISION PWD MAHOBA
2024_CEJNS_897471_5,268/A-12 Date 08-02-2024,Renewal work with General Repair Work from village Kaimaha to Dono Taparian,,,,,,,,,,,,,,,,Chief Engineer Jhansi Zone PWD Jhansi UP||CHITRAKOOT DHAAM MANDAL - BANDA CIRCLE PWD BANDA||PROVINCIAL DIVISION PWD MAHOBA,,,,,,"585,698.65",,2024-04-01,Chief Engineer Jhansi Zone PWD Jhansi UP||CHITRAKOOT DHAAM MANDAL - BANDA CIRCLE PWD BANDA||PROVINCIAL DIVISION PWD MAHOBA
2024_CEJNS_897471_5,268/A-12 Date 08-02-2024,Renewal work with General Repair Work from village Kaimaha to Dono Taparian,,,,,,,,,,,,,,,,Chief Engineer Jhansi Zone PWD Jhansi UP||CHITRAKOOT DHAAM MANDAL - BANDA CIRCLE PWD BANDA||PROVINCIAL DIVISION PWD MAHOBA,,,,,,"585,698.65",,2024-04-01,Chief Engineer Jhansi Zone PWD Jhansi UP||CHITRAKOOT DHAAM MANDAL - BANDA CIRCLE PWD BANDA||PROVINCIAL DIVISION PWD MAHOBA
2024_CEJNS_894733_16,314 / 18A / 2023-24 Dated. 08.02.2024,Special repair work of Dimrauni link road in km 2 3 and 4 ka 170m,,,,,,,,,,,,,,,,Chief Engineer Jhansi Zone PWD Jhansi UP||JHANSI CIRLCE PWD JHANSI||PROVINCIAL DIVISION PWD JHANSI,,,,,,"1,144,614.24",,2024-04-02,Chief Engineer Jhansi Zone PWD Jhansi UP||JHANSI CIRLCE PWD JHANSI||PROVINCIAL DIVISION PWD JHANSI
2024_CEJNS_894290_3,270/30C-Hamirpur Circle/2023 Dt.02.02.2024,"Special Repair work with PC, Seal coat at Charkhari Muskra road to Kharela Rajwaha Pahretha road in km. 1,2,3(650)",,,,,,,,,,,,,,,,Chief Engineer Jhansi Zone PWD Jhansi UP||CHITRAKOOT DHAAM MANDAL - BANDA CIRCLE PWD BANDA,,,,,,"2,778,636",,2024-04-09,Chief Engineer Jhansi Zone PWD Jhansi UP||CHITRAKOOT DHAAM MANDAL - BANDA CIRCLE PWD BANDA
2024_CEJNS_892968_3,220(i)/A-12 Date 02-02-2024,Special Repair work on Ratauli to Khunderi Munderi road,,,,,,,,,,,,,,,,Chief Engineer Jhansi Zone PWD Jhansi UP||CHITRAKOOT DHAAM MANDAL - BANDA CIRCLE PWD BANDA||PROVINCIAL DIVISION PWD MAHOBA,,,,,,"2,730,631.5",,2024-04-01,Chief Engineer Jhansi Zone PWD Jhansi UP||CHITRAKOOT DHAAM MANDAL - BANDA CIRCLE PWD BANDA||PROVINCIAL DIVISION PWD MAHOBA
2024_CEJNS_892968_1,220(i)/A-12 Date 02-02-2024,Special repair work on the telephone exchange to police post road,,,,,,,,,,,,,,,,Chief Engineer Jhansi Zone PWD Jhansi UP||CHITRAKOOT DHAAM MANDAL - BANDA CIRCLE PWD BANDA||PROVINCIAL DIVISION PWD MAHOBA,,,,,,"2,681,430.31",,2024-04-01,Chief Engineer Jhansi Zone PWD Jhansi UP||CHITRAKOOT DHAAM MANDAL - BANDA CIRCLE PWD BANDA||PROVINCIAL DIVISION PWD MAHOBA
2024_CEJNS_891075_5,236/35 C-Banda Circle/2023-24 Date 12-01-2024,"Special repair of Semra Link Road Km 1,2 and 3",,,,,,,,,,,,,,,,Chief Engineer Jhansi Zone PWD Jhansi UP||CHITRAKOOT DHAAM MANDAL - BANDA CIRCLE PWD BANDA||CONSTRUCITON DIVISION 1 PWD KARVI,,,,,,"2,460,368.01",,2024-04-10,Chief Engineer Jhansi Zone PWD Jhansi UP||CHITRAKOOT DHAAM MANDAL - BANDA CIRCLE PWD BANDA||CONSTRUCITON DIVISION 1 PWD KARVI
2024_CEJNS_887062_3,Ref 43/A3 Dt. 12.01.2024,"General Renewal work at Charkhari Kundar to Ujnedi road in km. 1,2(300)",,,,,,,,,,,,,,,,Chief Engineer Jhansi Zone PWD Jhansi UP||CHITRAKOOT DHAAM MANDAL - BANDA CIRCLE PWD BANDA||CONSTRUCTION DIVISION 1 PWD MAHOBA,,,,,,"818,271",,2024-04-06,Chief Engineer Jhansi Zone PWD Jhansi UP||CHITRAKOOT DHAAM MANDAL - BANDA CIRCLE PWD BANDA||CONSTRUCTION DIVISION 1 PWD MAHOBA
2024_CEJNS_887062_4,Ref 43/A3 Dt. 12.01.2024,General Renewal work at Charkhari Kundar to Damdama road in km. 1(700),,,,,,,,,,,,,,,,Chief Engineer Jhansi Zone PWD Jhansi UP||CHITRAKOOT DHAAM MANDAL - BANDA CIRCLE PWD BANDA||CONSTRUCTION DIVISION 1 PWD MAHOBA,,,,,,"457,187.79",,2024-04-06,Chief Engineer Jhansi Zone PWD Jhansi UP||CHITRAKOOT DHAAM MANDAL - BANDA CIRCLE PWD BANDA||CONSTRUCTION DIVISION 1 PWD MAHOBA
2024_CEJNS_885932_1,3153/30C-Hamirpur Circle/2023-24 Dt.30.12.2023,Construction work of 04 Type-4 residential buildings in Mahoba district,,,,,,,,,,,,,,,,Chief Engineer Jhansi Zone PWD Jhansi UP||CHITRAKOOT DHAAM MANDAL - BANDA CIRCLE PWD BANDA,,,,,,"11,715,966",,2024-04-09,Chief Engineer Jhansi Zone PWD Jhansi UP||CHITRAKOOT DHAAM MANDAL - BANDA CIRCLE PWD BANDA
2024_CEJNS_885156_1,39/10A Date 16.01.2024,Renewal work of Rampura Airi link road in 1(730),,,,,,,,,,,,,,,,Chief Engineer Jhansi Zone PWD Jhansi UP||JHANSI CIRLCE PWD JHANSI||CONSTRUCTION DIVISION 1 PWD ORAI,,,,,,"497,904.5",,2024-04-10,Chief Engineer Jhansi Zone PWD Jhansi UP||JHANSI CIRLCE PWD JHANSI||CONSTRUCTION DIVISION 1 PWD ORAI
2024_CEJNS_885156_1,39/10A Date 16.01.2024,Renewal work of Rampura Airi link road in 1(730),,,,,,,,,,,,,,,,Chief Engineer Jhansi Zone PWD Jhansi UP||JHANSI CIRLCE PWD JHANSI||CONSTRUCTION DIVISION 1 PWD ORAI,,,,,,"497,904.5",,2024-04-10,Chief Engineer Jhansi Zone PWD Jhansi UP||JHANSI CIRLCE PWD JHANSI||CONSTRUCTION DIVISION 1 PWD ORAI
2024_CEJNS_885156_1,39/10A Date 16.01.2024,Renewal work of Rampura Airi link road in 1(730),,,,,,,,,,,,,,,,Chief Engineer Jhansi Zone PWD Jhansi UP||JHANSI CIRLCE PWD JHANSI||CONSTRUCTION DIVISION 1 PWD ORAI,,,,,,"497,904.5",,2024-04-10,Chief Engineer Jhansi Zone PWD Jhansi UP||JHANSI CIRLCE PWD JHANSI||CONSTRUCTION DIVISION 1 PWD ORAI
2024_CEJNS_885156_1,39/10A Date 16.01.2024,Renewal work of Rampura Airi link road in 1(730),,,,,,,,,,,,,,,,Chief Engineer Jhansi Zone PWD Jhansi UP||JHANSI CIRLCE PWD JHANSI||CONSTRUCTION DIVISION 1 PWD ORAI,,,,,,"497,904.5",,2024-04-10,Chief Engineer Jhansi Zone PWD Jhansi UP||JHANSI CIRLCE PWD JHANSI||CONSTRUCTION DIVISION 1 PWD ORAI
2024_CEJNS_885173_1,39/10A Date 16.01.2024,Renewal work of Sarawan-Amkheda to Narayanpura link road in 1(300),,,,,,,,,,,,,,,,Chief Engineer Jhansi Zone PWD Jhansi UP||JHANSI CIRLCE PWD JHANSI||CONSTRUCTION DIVISION 1 PWD ORAI,,,,,,"79,423",,2024-04-03,Chief Engineer Jhansi Zone PWD Jhansi UP||JHANSI CIRLCE PWD JHANSI||CONSTRUCTION DIVISION 1 PWD ORAI
2024_CEJNS_884900_1,62/35C-BC/2023-24 Date 03-01-2024,"Renewal of Dondiyamafi To Charahra Link Road Km 1,2,3,4,5 and 6(300)",,,,,,,,,,,,,,,,Chief Engineer Jhansi Zone PWD Jhansi UP||CHITRAKOOT DHAAM MANDAL - BANDA CIRCLE PWD BANDA||CONSTRUCITON DIVISION 1 PWD KARVI,,,,,,"2,685,657.87",,2024-04-10,Chief Engineer Jhansi Zone PWD Jhansi UP||CHITRAKOOT DHAAM MANDAL - BANDA CIRCLE PWD BANDA||CONSTRUCITON DIVISION 1 PWD KARVI
2024_DEO45_902856_1,BAROLIYA CHOURAHA,CL SHOP,,,,,,,,,,,,,,,,Uttar Pradesh Excise Department||Joint Excise Commissioner Lucknow||Deputy Excise Commissioner Faizabad||District Excise Officer Amethi,,,,,,"17,004",,2024-04-01,Uttar Pradesh Excise Department||Joint Excise Commissioner Lucknow||Deputy Excise Commissioner Faizabad||District Excise Officer Amethi
2024_DEO45_902856_1,BAROLIYA CHOURAHA,CL SHOP,,,,,,,,,,,,,,,,Uttar Pradesh Excise Department||Joint Excise Commissioner Lucknow||Deputy Excise Commissioner Faizabad||District Excise Officer Amethi,,,,,,"17,004",,2024-04-01,Uttar Pradesh Excise Department||Joint Excise Commissioner Lucknow||Deputy Excise Commissioner Faizabad||District Excise Officer Amethi
2024_UPIDC_900664_12,03/SE-IX/2023-24,"Anti Erosion work for protection of Cluster of Village-Chahalwa,  Barkhariya, Mangalpurwa and Vijaynagar on left bank of River Ghaghara in Dist. Bahraich.",,,,,,,,,,,,,,,,"U P Irrigation Department (Civil)||Chief Engineer-Saryu Project-1, Faizabad||IX Circle Irrigation Works, Bahraich",,,,,,"42,183,388.8",,2024-04-23,"U P Irrigation Department (Civil)||Chief Engineer-Saryu Project-1, Faizabad||IX Circle Irrigation Works, Bahraich"
2024_UPIDC_900664_10,03/SE-IX/2023-24,PROTECTION OF  PARSA DEHRIYA TILAKPUR MARGINAL BUND BETWEEN KM 7.950 TO KM 8.300 LEFT  BANK OF RAPTI RIVER IN DISTRICT SHRAWASTI.,,,,,,,,,,,,,,,,"U P Irrigation Department (Civil)||Chief Engineer-Saryu Project-1, Faizabad||IX Circle Irrigation Works, Bahraich",,,,,,"19,466,870.9",,2024-04-23,"U P Irrigation Department (Civil)||Chief Engineer-Saryu Project-1, Faizabad||IX Circle Irrigation Works, Bahraich"
2024_UPIDC_900664_10,03/SE-IX/2023-24,PROTECTION OF  PARSA DEHRIYA TILAKPUR MARGINAL BUND BETWEEN KM 7.950 TO KM 8.300 LEFT  BANK OF RAPTI RIVER IN DISTRICT SHRAWASTI.,,,,,,,,,,,,,,,,"U P Irrigation Department (Civil)||Chief Engineer-Saryu Project-1, Faizabad||IX Circle Irrigation Works, Bahraich",,,,,,"19,466,870.9",,2024-04-23,"U P Irrigation Department (Civil)||Chief Engineer-Saryu Project-1, Faizabad||IX Circle Irrigation Works, Bahraich"
2024_UPIDC_900664_10,03/SE-IX/2023-24,PROTECTION OF  PARSA DEHRIYA TILAKPUR MARGINAL BUND BETWEEN KM 7.950 TO KM 8.300 LEFT  BANK OF RAPTI RIVER IN DISTRICT SHRAWASTI.,,,,,,,,,,,,,,,,"U P Irrigation Department (Civil)||Chief Engineer-Saryu Project-1, Faizabad||IX Circle Irrigation Works, Bahraich",,,,,,"19,466,870.9",,2024-04-23,"U P Irrigation Department (Civil)||Chief Engineer-Saryu Project-1, Faizabad||IX Circle Irrigation Works, Bahraich"
2024_UPIDC_900664_11,03/SE-IX/2023-24,Protection of  Spur at Km. 55.700 of B.B. Bund left Bank of River Ghaghra in District-Bahraich.,,,,,,,,,,,,,,,,"U P Irrigation Department (Civil)||Chief Engineer-Saryu Project-1, Faizabad||IX Circle Irrigation Works, Bahraich",,,,,,"30,600,011.3",,2024-04-23,"U P Irrigation Department (Civil)||Chief Engineer-Saryu Project-1, Faizabad||IX Circle Irrigation Works, Bahraich"
2024_CEMRT_905942_1,1405/28ms-s/2024 Date 22-02-2024,Re-Construction work in Package No. 1 in Chini Mill Area Road.,,,,,,,,,,,,,,,,Cheif Engineer Meerut Zone PWD Meerut||SE SAHARANPUR CIRCLE PWD SAHARANPUR,,,,,,"37,365,653.8",,2024-04-01,Cheif Engineer Meerut Zone PWD Meerut||SE SAHARANPUR CIRCLE PWD SAHARANPUR
2024_UPIDC_894744_33,08/SE/2023-24,Restoration of Revetment between Km. 9.000 to Km. 9.300 of Vikramjot-Dhuswa bund on left bank of River Ghaghra (Saryu) in Distt. Basti.,,,,,,,,,,,,,,,,"U P Irrigation Department (Civil)||Chief Engineer-Gandak, Gorakhpur||Gandak Flood Circle, Basti",,,,,,"26,560,744.05",,2024-04-30,"U P Irrigation Department (Civil)||Chief Engineer-Gandak, Gorakhpur||Gandak Flood Circle, Basti"
2024_UPIDC_894744_33,08/SE/2023-24,Restoration of Revetment between Km. 9.000 to Km. 9.300 of Vikramjot-Dhuswa bund on left bank of River Ghaghra (Saryu) in Distt. Basti.,,,,,,,,,,,,,,,,"U P Irrigation Department (Civil)||Chief Engineer-Gandak, Gorakhpur||Gandak Flood Circle, Basti",,,,,,"26,560,744.05",,2024-04-30,"U P Irrigation Department (Civil)||Chief Engineer-Gandak, Gorakhpur||Gandak Flood Circle, Basti"
2024_CEGKP_916704_6,1129/76Yat-Deo Circle/2024 Date 13.03.2024,Renewal Of Kanchanpur Baghouchghat to Vishunpura vya Ghodikund link Road By Hot Mix Plant in district Deoria in FY 2024-25,,,,,,,,,,,,,,,,Chief Engineer Gorakhpur Zone PWD Gorakhpur UP||SE DEORIA CIRCLE PWD DEORIA,,,,,,"5,274,490.06",,2024-04-22,Chief Engineer Gorakhpur Zone PWD Gorakhpur UP||SE DEORIA CIRCLE PWD DEORIA
2024_CEGKP_916704_7,1129/76Yat-Deo Circle/2024 Date 13.03.2024,Renewal Of Deoria Kasya road to Konhwaliya Babu Link Road by Hot Mix Plant in district Deoria in FY 2024-25,,,,,,,,,,,,,,,,Chief Engineer Gorakhpur Zone PWD Gorakhpur UP||SE DEORIA CIRCLE PWD DEORIA,,,,,,"5,004,107.57",,2024-04-22,Chief Engineer Gorakhpur Zone PWD Gorakhpur UP||SE DEORIA CIRCLE PWD DEORIA
2024_CEJNS_885402_1,"9994/44 C-jhs-cir/23, Date 13.12.2023","In year 2023-24 New Construction work of Umari-Gohan road to Khairai in Km 1, 2(200) Under Nabard",,,,,,,,,,,,,,,,Chief Engineer Jhansi Zone PWD Jhansi UP||JHANSI CIRLCE PWD JHANSI,,,,,,"5,243,883.51",,2024-04-15,Chief Engineer Jhansi Zone PWD Jhansi UP||JHANSI CIRLCE PWD JHANSI
2024_CEJNS_885402_1,"9994/44 C-jhs-cir/23, Date 13.12.2023","In year 2023-24 New Construction work of Umari-Gohan road to Khairai in Km 1, 2(200) Under Nabard",,,,,,,,,,,,,,,,Chief Engineer Jhansi Zone PWD Jhansi UP||JHANSI CIRLCE PWD JHANSI,,,,,,"5,243,883.51",,2024-04-15,Chief Engineer Jhansi Zone PWD Jhansi UP||JHANSI CIRLCE PWD JHANSI
2024_CEGKP_916704_2,1129/76Yat-Deo Circle/2024 Date 13.03.2024,Renewal work of Sahopar Bedouli Road by Hot Mix Plant in district Deoria in FY 2024-25,,,,,,,,,,,,,,,,Chief Engineer Gorakhpur Zone PWD Gorakhpur UP||SE DEORIA CIRCLE PWD DEORIA,,,,,,"4,098,228.93",,2024-04-22,Chief Engineer Gorakhpur Zone PWD Gorakhpur UP||SE DEORIA CIRCLE PWD DEORIA
2024_CEALD_909022_5,694/95C/etendering/P.F.C/2024 Dt 06.02.2024,"Khajuha Raipur Ghat Maudev road (ODR) in km-9(300),10,11(700), 12,13,14,15,16, 17(750). _(5)",,,,,,,,,,,,,,,,Cheif Engineer Allahabad Zone PWD Allahabad||SE PRATAPGARH CIRCLE PWD PRATAPGARH,,,,,,"5,437,223",,2024-04-17,Cheif Engineer Allahabad Zone PWD Allahabad||SE PRATAPGARH CIRCLE PWD PRATAPGARH
2024_CEALD_909022_9,694/95C/etendering/P.F.C/2024 Dt 06.02.2024,"Kuwarpur Malwan Kotiya Rawatpur road (ODR) in Km-11(800), 12,13,14,15(600) (9)",,,,,,,,,,,,,,,,Cheif Engineer Allahabad Zone PWD Allahabad||SE PRATAPGARH CIRCLE PWD PRATAPGARH,,,,,,"3,533,482",,2024-04-12,Cheif Engineer Allahabad Zone PWD Allahabad||SE PRATAPGARH CIRCLE PWD PRATAPGARH
2024_CEALD_911481_1,1012/95C/etendering/P.F.C/2024 Dt 23.02.2024,Repair and Maintenance of residences of Judicial officers at Fatehpur Judgeship,,,,,,,,,,,,,,,,Cheif Engineer Allahabad Zone PWD Allahabad||SE PRATAPGARH CIRCLE PWD PRATAPGARH,,,,,,"15,421,236",,2024-04-15,Cheif Engineer Allahabad Zone PWD Allahabad||SE PRATAPGARH CIRCLE PWD PRATAPGARH
2024_CEALD_904614_5,399/19A-E-Tendring/2024 Dated. 22.02.2024,Renewal of Saray Khan Dev Link road (Year 2024-25) (Length 0.060Km),,,,,,,,,,,,,,,,Cheif Engineer Allahabad Zone PWD Allahabad||SE PRATAPGARH CIRCLE PWD PRATAPGARH||EE CONSTRUCTION DIVISION-1  PWD PRATAPGARH,,,,,,"59,884",,2024-04-14,Cheif Engineer Allahabad Zone PWD Allahabad||SE PRATAPGARH CIRCLE PWD PRATAPGARH||EE CONSTRUCTION DIVISION-1  PWD PRATAPGARH
2024_CEALD_905335_1,967/93C/etendering/P.F.C/2024 Dt 22.02.2024,Construction of Shivrajpur Primary School To Panchayat Bhawan Via Bhausigavan Thakur Maurya- Harijan Basti Link Road,,,,,,,,,,,,,,,,Cheif Engineer Allahabad Zone PWD Allahabad||SE PRATAPGARH CIRCLE PWD PRATAPGARH,,,,,,"9,230,672",,2024-04-18,Cheif Engineer Allahabad Zone PWD Allahabad||SE PRATAPGARH CIRCLE PWD PRATAPGARH
2024_CEALD_892606_3,409/1A Nivida /24 Dt 20-01-2024,Renewal Work of Mahrora Chhitemau canal track to Shahbazpur primary school Link road,,,,,,,,,,,,,,,,Cheif Engineer Allahabad Zone PWD Allahabad||SE ALLAHABAD CIRCLE PWD ALLAHABAD||EE CD-4  -KUMBH MELA-  PWD ALLAHABAD,,,,,,"361,356",,2024-04-02,Cheif Engineer Allahabad Zone PWD Allahabad||SE ALLAHABAD CIRCLE PWD ALLAHABAD||EE CD-4  -KUMBH MELA-  PWD ALLAHABAD
2024_CEALD_892606_3,409/1A Nivida /24 Dt 20-01-2024,Renewal Work of Mahrora Chhitemau canal track to Shahbazpur primary school Link road,,,,,,,,,,,,,,,,Cheif Engineer Allahabad Zone PWD Allahabad||SE ALLAHABAD CIRCLE PWD ALLAHABAD||EE CD-4  -KUMBH MELA-  PWD ALLAHABAD,,,,,,"361,356",,2024-04-02,Cheif Engineer Allahabad Zone PWD Allahabad||SE ALLAHABAD CIRCLE PWD ALLAHABAD||EE CD-4  -KUMBH MELA-  PWD ALLAHABAD
2024_CEALD_892606_2,409/1A Nivida /24 Dt 20-01-2024,Renewal Work of Sakramau Lokai to Pura Pasiyan Basti Temple link road,,,,,,,,,,,,,,,,Cheif Engineer Allahabad Zone PWD Allahabad||SE ALLAHABAD CIRCLE PWD ALLAHABAD||EE CD-4  -KUMBH MELA-  PWD ALLAHABAD,,,,,,"361,767",,2024-04-02,Cheif Engineer Allahabad Zone PWD Allahabad||SE ALLAHABAD CIRCLE PWD ALLAHABAD||EE CD-4  -KUMBH MELA-  PWD ALLAHABAD
2024_CEALD_892606_2,409/1A Nivida /24 Dt 20-01-2024,Renewal Work of Sakramau Lokai to Pura Pasiyan Basti Temple link road,,,,,,,,,,,,,,,,Cheif Engineer Allahabad Zone PWD Allahabad||SE ALLAHABAD CIRCLE PWD ALLAHABAD||EE CD-4  -KUMBH MELA-  PWD ALLAHABAD,,,,,,"361,767",,2024-04-02,Cheif Engineer Allahabad Zone PWD Allahabad||SE ALLAHABAD CIRCLE PWD ALLAHABAD||EE CD-4  -KUMBH MELA-  PWD ALLAHABAD
2024_CEALD_892606_2,409/1A Nivida /24 Dt 20-01-2024,Renewal Work of Sakramau Lokai to Pura Pasiyan Basti Temple link road,,,,,,,,,,,,,,,,Cheif Engineer Allahabad Zone PWD Allahabad||SE ALLAHABAD CIRCLE PWD ALLAHABAD||EE CD-4  -KUMBH MELA-  PWD ALLAHABAD,,,,,,"361,767",,2024-04-02,Cheif Engineer Allahabad Zone PWD Allahabad||SE ALLAHABAD CIRCLE PWD ALLAHABAD||EE CD-4  -KUMBH MELA-  PWD ALLAHABAD
2024_CEAGR_899710_8,303/5A date 13.02.2024,Renwal of DM Kothi to Gadia road,,,,,,,,,,,,,,,,Chief Engineer Agra Zone PWD Agra UP||MAINPURI CIRCLE PWD MAINPURI||CONSTRUCTION DIVISION PWD MAINPURI,,,,,,"322,960",,2024-04-04,Chief Engineer Agra Zone PWD Agra UP||MAINPURI CIRCLE PWD MAINPURI||CONSTRUCTION DIVISION PWD MAINPURI
2023_DVVNL_851496_1,EDCBNDA-50/2023-24,"The work of maintainance/repairing and erection of Lines/poles at various places under EDD, Atarra",,,,,,,,,,,,,,,,Dakshinanchal Vidyut Vitran Nigam Ltd.,,,,,,"199,160.4",,2024-04-02,Dakshinanchal Vidyut Vitran Nigam Ltd.
2023_DVVNL_851496_1,EDCBNDA-50/2023-24,"The work of maintainance/repairing and erection of Lines/poles at various places under EDD, Atarra",,,,,,,,,,,,,,,,Dakshinanchal Vidyut Vitran Nigam Ltd.,,,,,,"199,160.4",,2024-04-02,Dakshinanchal Vidyut Vitran Nigam Ltd.
2023_DVVNL_837105_3,EDCBNDA-37/2023-24,"The work of repairing and erection of 33 KV Lines, underground of double Circuit 33 KV lines, installation of terminal gantry and 33 KV VCB and erection of DP Structures at various places under EUDD, Banda",,,,,,,,,,,,,,,,Dakshinanchal Vidyut Vitran Nigam Ltd.,,,,,,"2,288,515.6",,2024-04-08,Dakshinanchal Vidyut Vitran Nigam Ltd.
2023_DOLBU_873070_1,395/NP NAGRA JAL NIKASHI W1,Construction of drain from Prithviganj Chowk to Belthra Road jeep stand,,,,,,,,,,,,,,,,Directorate of Local Bodies UP||Nagar Panchayat Nagra Ballia,,,,,,"3,982,020",,2024-04-01,Directorate of Local Bodies UP||Nagar Panchayat Nagra Ballia
2023_CEJNS_779880_15,279/A-7 dated 23-02-2023,AR work of Taura link road in Km 1(800),,,,,,,,,,,,,,,,Chief Engineer Jhansi Zone PWD Jhansi UP||CHITRAKOOT DHAAM MANDAL - BANDA CIRCLE PWD BANDA||PROVINCIAL DIVISION PWD KARVI,,,,,,"415,410.37",,2024-04-18,Chief Engineer Jhansi Zone PWD Jhansi UP||CHITRAKOOT DHAAM MANDAL - BANDA CIRCLE PWD BANDA||PROVINCIAL DIVISION PWD KARVI
2023_CEJNS_779880_15,279/A-7 dated 23-02-2023,AR work of Taura link road in Km 1(800),,,,,,,,,,,,,,,,Chief Engineer Jhansi Zone PWD Jhansi UP||CHITRAKOOT DHAAM MANDAL - BANDA CIRCLE PWD BANDA||PROVINCIAL DIVISION PWD KARVI,,,,,,"415,410.37",,2024-04-18,Chief Engineer Jhansi Zone PWD Jhansi UP||CHITRAKOOT DHAAM MANDAL - BANDA CIRCLE PWD BANDA||PROVINCIAL DIVISION PWD KARVI
2024_UPTCL_907913_1,109/ETC-II (P)/2023-2024,109/ETC-II (P)/2023-2024,,,,,,,,,,,,,,,,UP Power Transmission Corp.Ltd (Operation)||Chief Engineer (TE) East Allahabad||S.E.  ETC-II  Allahabad,,,,,,"724,000",,2024-04-30,UP Power Transmission Corp.Ltd (Operation)||Chief Engineer (TE) East Allahabad||S.E.  ETC-II  Allahabad
2024_REDUP_909845_1,NIT - 2484 dt 22.01.2024 Tender 47,Construction Work of Renovation of Bhawan in Kanya Vedik Vidhalay Inter Collage Ghaziabad.,,,,,,,,,,,,,,,,Director Cum Chief Engineer RED||CHIEF ENGINEER WEST||SE MEERUT CIRCLE||EE GHAZIABAD,,,,,,"2,156,475",,2024-04-30,Director Cum Chief Engineer RED||CHIEF ENGINEER WEST||SE MEERUT CIRCLE||EE GHAZIABAD
2024_UPPCL_905695_1,71/ ECCD-I /2023-24,M and R of Plaster Repairing  Internal Painting and other Misc Civil Works in Res No  B 275 at 20 MIG Officer s Hydel Colony  Indira Nagar  Lucknow,,,,,,,,,,,,,,,,Uttar Pradesh Power Corporation Ltd.||SE Civil HQ Shakti Bhawan Extension||EE Civil HQ Attached to CE Civil 2||SE Civil HQ||EE ECCD Ist,,,,,,"97,954.89",,2024-04-27,Uttar Pradesh Power Corporation Ltd.||SE Civil HQ Shakti Bhawan Extension||EE Civil HQ Attached to CE Civil 2||SE Civil HQ||EE ECCD Ist
2024_UPPCL_913305_1,72/ ECCD-I /2023-24,MR of Park and Plantation Work in Chandralok Hydel Officers Colony Lucknow,,,,,,,,,,,,,,,,Uttar Pradesh Power Corporation Ltd.||SE Civil HQ Shakti Bhawan Extension||EE Civil HQ Attached to CE Civil 2||SE Civil HQ||EE ECCD Ist,,,,,,"110,817.76",,2024-04-27,Uttar Pradesh Power Corporation Ltd.||SE Civil HQ Shakti Bhawan Extension||EE Civil HQ Attached to CE Civil 2||SE Civil HQ||EE ECCD Ist
2024_UPPCL_904486_1,68/ ECCD-I /2023-24,MR of Plaster Repairing Internal Painting and other Misc Civil Works in Res No LM 72 at Motijheel Staff Hydel Colony Lucknow,,,,,,,,,,,,,,,,Uttar Pradesh Power Corporation Ltd.||SE Civil HQ Shakti Bhawan Extension||EE Civil HQ Attached to CE Civil 2||SE Civil HQ||EE ECCD Ist,,,,,,"37,286.91",,2024-04-27,Uttar Pradesh Power Corporation Ltd.||SE Civil HQ Shakti Bhawan Extension||EE Civil HQ Attached to CE Civil 2||SE Civil HQ||EE ECCD Ist
2024_REDUP_883695_1,1009/RED/Chandauli/23-24 Date-04-01-2024,Vikash khand Chakia ke Gram Panchayat Dubeypur me Hanuman mandir  ke pass Chandrawati nala pr Ghat nirman kary.,,,,,,,,,,,,,,,,Director Cum Chief Engineer RED||CHIEF ENGINEER EAST||SE VARANASI CIRCLE||EE CHANDAULI,,,,,,"1,411,841",,2024-04-03,Director Cum Chief Engineer RED||CHIEF ENGINEER EAST||SE VARANASI CIRCLE||EE CHANDAULI
2023_MVVNL_852837_1,54(W)/EDCS/2023-24,54(W)/EDCS/2023-24,,,,,,,,,,,,,,,,Madhyanchal Vidyut Vitran Nigam Ltd||C E - BAREILLY ZONE||S E - Shahjahanpur,,,,,,"423,400",,2024-04-18,Madhyanchal Vidyut Vitran Nigam Ltd||C E - BAREILLY ZONE||S E - Shahjahanpur
2023_MVVNL_852837_1,54(W)/EDCS/2023-24,54(W)/EDCS/2023-24,,,,,,,,,,,,,,,,Madhyanchal Vidyut Vitran Nigam Ltd||C E - BAREILLY ZONE||S E - Shahjahanpur,,,,,,"423,400",,2024-04-18,Madhyanchal Vidyut Vitran Nigam Ltd||C E - BAREILLY ZONE||S E - Shahjahanpur
2024_MVVNL_887655_2,T-175/EUDCB/2023-24,T-175/EUDCB/2023-24,,,,,,,,,,,,,,,,Madhyanchal Vidyut Vitran Nigam Ltd||C E - BAREILLY ZONE||S E - Bareilly (Urban),,,,,,"399,500",,2024-04-26,Madhyanchal Vidyut Vitran Nigam Ltd||C E - BAREILLY ZONE||S E - Bareilly (Urban)
2024_MVVNL_887659_2,T-176/EUDCB/2023-24,T-176/EUDCB/2023-24,,,,,,,,,,,,,,,,Madhyanchal Vidyut Vitran Nigam Ltd||C E - BAREILLY ZONE||S E - Bareilly (Urban),,,,,,"399,500",,2024-04-26,Madhyanchal Vidyut Vitran Nigam Ltd||C E - BAREILLY ZONE||S E - Bareilly (Urban)
2023_MVVNL_858811_2,64(W)/EDCS/2023-24,64(W)/EDCS/2023-24,,,,,,,,,,,,,,,,Madhyanchal Vidyut Vitran Nigam Ltd||C E - BAREILLY ZONE||S E - Shahjahanpur,,,,,,"1,147,200",,2024-04-08,Madhyanchal Vidyut Vitran Nigam Ltd||C E - BAREILLY ZONE||S E - Shahjahanpur
2024_UPTCL_915347_1,E-T-19/ETD(F)/2023-24,E T 19 ETDF 2023 24,,,,,,,,,,,,,,,,"UP Power Transmission Corp.Ltd (Operation)||Chief Engineer (TE) East Allahabad||S.E. ETC- I  Allahabad||E.E., ETD, Fatehpur",,,,,,"93,000",,2024-04-30,"UP Power Transmission Corp.Ltd (Operation)||Chief Engineer (TE) East Allahabad||S.E. ETC- I  Allahabad||E.E., ETD, Fatehpur"
2024_UPTCL_915347_1,E-T-19/ETD(F)/2023-24,E T 19 ETDF 2023 24,,,,,,,,,,,,,,,,"UP Power Transmission Corp.Ltd (Operation)||Chief Engineer (TE) East Allahabad||S.E. ETC- I  Allahabad||E.E., ETD, Fatehpur",,,,,,"93,000",,2024-04-30,"UP Power Transmission Corp.Ltd (Operation)||Chief Engineer (TE) East Allahabad||S.E. ETC- I  Allahabad||E.E., ETD, Fatehpur"
<NA>,,,,,,,,,,,,,,,,,,,,,,,,,,2024-04-22,
<NA>,,,,,,,,,,,,,,,,,,,,,,,,,,2024-04-06,
<NA>,,,,,,,,,,,,,,,,,,,,,,,,,,2024-04-06,
<NA>,,,,,,,,,,,,,,,,,,,,,,,,,,2024-04-25,
<NA>,,,,,,,,,,,,,,,,,,,,,,,,,,2024-04-16,
<NA>,,,,,,,,,,,,,,,,,,,,,,,,,,2024-04-24,
<NA>,,,,,,,,,,,,,,,,,,,,,,,,,,2024-04-30,
<NA>,,,,,,,,,,,,,,,,,,,,,,,,,,2024-04-10,
<NA>,,,,,,,,,,,,,,,,,,,,,,,,,,2024-04-10,
<NA>,,,,,,,,,,,,,,,,,,,,,,,,,,2024-04-08,
<NA>,,,,,,,,,,,,,,,,,,,,,,,,,,2024-04-08,
<NA>,,,,,,,,,,,,,,,,,,,,,,,,,,2024-04-25,
<NA>,,,,,,,,,,,,,,,,,,,,,,,,,,2024-04-23,
<NA>,,,,,,,,,,,,,,,,,,,,,,,,,,2024-04-25,
<NA>,,,,,,,,,,,,,,,,,,,,,,,,,,2024-04-25,
<NA>,,,,,,,,,,,,,,,,,,,,,,,,,,2024-04-23,
<NA>,,,,,,,,,,,,,,,,,,,,,,,,,,2024-04-25,
<NA>,,,,,,,,,,,,,,,,,,,,,,,,,,2024-04-18,
<NA>,,,,,,,,,,,,,,,,,,,,,,,,,,2024-04-18,
<NA>,,,,,,,,,,,,,,,,,,,,,,,,,,2024-04-18,
<NA>,,,,,,,,,,,,,,,,,,,,,,,,,,2024-04-18,
<NA>,,,,,,,,,,,,,,,,,,,,,,,,,,2024-04-18,
<NA>,,,,,,,,,,,,,,,,,,,,,,,,,,2024-04-18,
<NA>,,,,,,,,,,,,,,,,,,,,,,,,,,2024-04-18,
<NA>,,,,,,,,,,,,,,,,,,,,,,,,,,2024-04-18,
<NA>,,,,,,,,,,,,,,,,,,,,,,,,,,2024-04-18,
<NA>,,,,,,,,,,,,,,,,,,,,,,,,,,2024-04-24,
<NA>,,,,,,,,,,,,,,,,,,,,,,,,,,2024-04-27,
<NA>,,,,,,,,,,,,,,,,,,,,,,,,,,2024-04-27,
<NA>,,,,,,,,,,,,,,,,,,,,,,,,,,2024-04-18,
<NA>,,,,,,,,,,,,,,,,,,,,,,,,,,2024-04-18,
<NA>,,,,,,,,,,,,,,,,,,,,,,,,,,2024-04-18,
<NA>,,,,,,,,,,,,,,,,,,,,,,,,,,2024-04-18,
<NA>,,,,,,,,,,,,,,,,,,,,,,,,,,2024-04-18,
<NA>,,,,,,,,,,,,,,,,,,,,,,,,,,2024-04-18,
<NA>,,,,,,,,,,,,,,,,,,,,,,,,,,2024-04-18,
<NA>,,,,,,,,,,,,,,,,,,,,,,,,,,2024-04-20,
<NA>,,,,,,,,,,,,,,,,,,,,,,,,,,2024-04-27,
<NA>,,,,,,,,,,,,,,,,,,,,,,,,,,2024-04-18,
<NA>,,,,,,,,,,,,,,,,,,,,,,,,,,2024-04-18,
<NA>,,,,,,,,,,,,,,,,,,,,,,,,,,2024-04-27,
<NA>,,,,,,,,,,,,,,,,,,,,,,,,,,2024-04-27,
<NA>,,,,,,,,,,,,,,,,,,,,,,,,,,2024-04-27,
<NA>,,,,,,,,,,,,,,,,,,,,,,,,,,2024-04-20,
<NA>,,,,,,,,,,,,,,,,,,,,,,,,,,2024-04-18,
<NA>,,,,,,,,,,,,,,,,,,,,,,,,,,2024-04-18,
<NA>,,,,,,,,,,,,,,,,,,,,,,,,,,2024-04-18,
<NA>,,,,,,,,,,,,,,,,,,,,,,,,,,2024-04-20,
<NA>,,,,,,,,,,,,,,,,,,,,,,,,,,2024-04-08,
<NA>,,,,,,,,,,,,,,,,,,,,,,,,,,2024-04-08,
<NA>,,,,,,,,,,,,,,,,,,,,,,,,,,2024-04-29,
<NA>,,,,,,,,,,,,,,,,,,,,,,,,,,2024-04-15,
<NA>,,,,,,,,,,,,,,,,,,,,,,,,,,2024-04-20,
<NA>,,,,,,,,,,,,,,,,,,,,,,,,,,2024-04-01,
<NA>,,,,,,,,,,,,,,,,,,,,,,,,,,2024-04-01,
<NA>,,,,,,,,,,,,,,,,,,,,,,,,,,2024-04-01,
<NA>,,,,,,,,,,,,,,,,,,,,,,,,,,2024-04-05,
<NA>,,,,,,,,,,,,,,,,,,,,,,,,,,2024-04-05,
<NA>,,,,,,,,,,,,,,,,,,,,,,,,,,2024-04-01,
<NA>,,,,,,,,,,,,,,,,,,,,,,,,,,2024-04-06,
<NA>,,,,,,,,,,,,,,,,,,,,,,,,,,2024-04-06,
<NA>,,,,,,,,,,,,,,,,,,,,,,,,,,2024-04-06,
<NA>,,,,,,,,,,,,,,,,,,,,,,,,,,2024-04-22,
<NA>,,,,,,,,,,,,,,,,,,,,,,,,,,2024-04-01,
<NA>,,,,,,,,,,,,,,,,,,,,,,,,,,2024-04-27,
<NA>,,,,,,,,,,,,,,,,,,,,,,,,,,2024-04-02,
<NA>,,,,,,,,,,,,,,,,,,,,,,,,,,2024-04-20,
<NA>,,,,,,,,,,,,,,,,,,,,,,,,,,2024-04-20,
<NA>,,,,,,,,,,,,,,,,,,,,,,,,,,2024-04-25,
<NA>,,,,,,,,,,,,,,,,,,,,,,,,,,2024-04-30,
<NA>,,,,,,,,,,,,,,,,,,,,,,,,,,2024-04-30,
<NA>,,,,,,,,,,,,,,,,,,,,,,,,,,2024-04-10,
<NA>,,,,,,,,,,,,,,,,,,,,,,,,,,2024-04-09,
<NA>,,,,,,,,,,,,,,,,,,,,,,,,,,2024-04-09,
<NA>,,,,,,,,,,,,,,,,,,,,,,,,,,2024-04-10,
<NA>,,,,,,,,,,,,,,,,,,,,,,,,,,2024-04-09,
<NA>,,,,,,,,,,,,,,,,,,,,,,,,,,2024-04-10,
<NA>,,,,,,,,,,,,,,,,,,,,,,,,,,2024-04-10,
<NA>,,,,,,,,,,,,,,,,,,,,,,,,,,2024-04-10,
<NA>,,,,,,,,,,,,,,,,,,,,,,,,,,2024-04-10,
<NA>,,,,,,,,,,,,,,,,,,,,,,,,,,2024-04-10,
<NA>,,,,,,,,,,,,,,,,,,,,,,,,,,2024-04-30,
<NA>,,,,,,,,,,,,,,,,,,,,,,,,,,2024-04-10,
<NA>,,,,,,,,,,,,,,,,,,,,,,,,,,2024-04-01,
<NA>,,,,,,,,,,,,,,,,,,,,,,,,,,2024-04-06,
<NA>,,,,,,,,,,,,,,,,,,,,,,,,,,2024-04-01,
<NA>,,,,,,,,,,,,,,,,,,,,,,,,,,2024-04-01,
<NA>,,,,,,,,,,,,,,,,,,,,,,,,,,2024-04-06,
<NA>,,,,,,,,,,,,,,,,,,,,,,,,,,2024-04-15,
<NA>,,,,,,,,,,,,,,,,,,,,,,,,,,2024-04-18,
<NA>,,,,,,,,,,,,,,,,,,,,,,,,,,2024-04-08,
<NA>,,,,,,,,,,,,,,,,,,,,,,,,,,2024-04-10,
<NA>,,,,,,,,,,,,,,,,,,,,,,,,,,2024-04-10,
<NA>,,,,,,,,,,,,,,,,,,,,,,,,,,2024-04-10,
<NA>,,,,,,,,,,,,,,,,,,,,,,,,,,2024-04-10,
<NA>,,,,,,,,,,,,,,,,,,,,,,,,,,2024-04-10,
<NA>,,,,,,,,,,,,,,,,,,,,,,,,,,2024-04-03,
<NA>,,,,,,,,,,,,,,,,,,,,,,,,,,2024-04-15,
<NA>,,,,,,,,,,,,,,,,,,,,,,,,,,2024-04-06,
<NA>,,,,,,,,,,,,,,,,,,,,,,,,,,2024-04-06,
<NA>,,,,,,,,,,,,,,,,,,,,,,,,,,2024-04-15,
<NA>,,,,,,,,,,,,,,,,,,,,,,,,,,2024-04-15,
<NA>,,,,,,,,,,,,,,,,,,,,,,,,,,2024-04-10,
<NA>,,,,,,,,,,,,,,,,,,,,,,,,,,2024-04-10,
<NA>,,,,,,,,,,,,,,,,,,,,,,,,,,2024-04-10,
<NA>,,,,,,,,,,,,,,,,,,,,,,,,,,2024-04-30,
<NA>,,,,,,,,,,,,,,,,,,,,,,,,,,2024-04-10,
<NA>,,,,,,,,,,,,,,,,,,,,,,,,,,2024-04-02,
<NA>,,,,,,,,,,,,,,,,,,,,,,,,,,2024-04-02,
<NA>,,,,,,,,,,,,,,,,,,,,,,,,,,2024-04-12,
<NA>,,,,,,,,,,,,,,,,,,,,,,,,,,2024-04-02,
<NA>,,,,,,,,,,,,,,,,,,,,,,,,,,2024-04-02,
<NA>,,,,,,,,,,,,,,,,,,,,,,,,,,2024-04-10,
<NA>,,,,,,,,,,,,,,,,,,,,,,,,,,2024-04-29,
<NA>,,,,,,,,,,,,,,,,,,,,,,,,,,2024-04-02,
<NA>,,,,,,,,,,,,,,,,,,,,,,,,,,2024-04-02,
<NA>,,,,,,,,,,,,,,,,,,,,,,,,,,2024-04-25,
<NA>,,,,,,,,,,,,,,,,,,,,,,,,,,2024-04-27,
<NA>,,,,,,,,,,,,,,,,,,,,,,,,,,2024-04-29,
<NA>,,,,,,,,,,,,,,,,,,,,,,,,,,2024-04-29,
<NA>,,,,,,,,,,,,,,,,,,,,,,,,,,2024-04-25,
<NA>,,,,,,,,,,,,,,,,,,,,,,,,,,2024-04-25,
<NA>,,,,,,,,,,,,,,,,,,,,,,,,,,2024-04-27,
<NA>,,,,,,,,,,,,,,,,,,,,,,,,,,2024-04-18,
<NA>,,,,,,,,,,,,,,,,,,,,,,,,,,2024-04-03,
<NA>,,,,,,,,,,,,,,,,,,,,,,,,,,2024-04-03,
<NA>,,,,,,,,,,,,,,,,,,,,,,,,,,2024-04-03,
<NA>,,Special Repair work of Khasi Saray Link road block Fatehpur in District Barabanki.,,,,,,,,,,,,,,,,,,,,,,,,2024-04-04,
<NA>,,,,,,,,,,,,,,,,,,,,,,,,,,2024-04-08,
<NA>,,,,,,,,,,,,,,,,,,,,,,,,,,2024-04-01,
<NA>,,,,,,,,,,,,,,,,,,,,,,,,,,2024-04-12,
<NA>,,,,,,,,,,,,,,,,,,,,,,,,,,2024-04-04,
<NA>,,,,,,,,,,,,,,,,,,,,,,,,,,2024-04-22,
<NA>,,,,,,,,,,,,,,,,,,,,,,,,,,2024-04-05,
<NA>,,,,,,,,,,,,,,,,,,,,,,,,,,2024-04-22,
<NA>,,,,,,,,,,,,,,,,,,,,,,,,,,2024-04-04,
<NA>,,,,,,,,,,,,,,,,,,,,,,,,,,2024-04-04,
<NA>,,,,,,,,,,,,,,,,,,,,,,,,,,2024-04-03,
<NA>,,,,,,,,,,,,,,,,,,,,,,,,,,2024-04-27,
<NA>,,,,,,,,,,,,,,,,,,,,,,,,,,2024-04-12,
<NA>,,,,,,,,,,,,,,,,,,,,,,,,,,2024-04-12,
<NA>,,,,,,,,,,,,,,,,,,,,,,,,,,2024-04-02,
<NA>,,,,,,,,,,,,,,,,,,,,,,,,,,2024-04-25,
<NA>,,,,,,,,,,,,,,,,,,,,,,,,,,2024-04-03,
<NA>,,,,,,,,,,,,,,,,,,,,,,,,,,2024-04-10,
<NA>,,,,,,,,,,,,,,,,,,,,,,,,,,2024-04-29,
<NA>,,,,,,,,,,,,,,,,,,,,,,,,,,2024-04-05,
<NA>,,,,,,,,,,,,,,,,,,,,,,,,,,2024-04-20,
<NA>,,,,,,,,,,,,,,,,,,,,,,,,,,2024-04-03,
<NA>,,,,,,,,,,,,,,,,,,,,,,,,,,2024-04-12,
<NA>,,,,,,,,,,,,,,,,,,,,,,,,,,2024-04-12,
<NA>,,,,,,,,,,,,,,,,,,,,,,,,,,2024-04-18,
<NA>,,,,,,,,,,,,,,,,,,,,,,,,,,2024-04-03,
<NA>,,,,,,,,,,,,,,,,,,,,,,,,,,2024-04-05,
<NA>,,,,,,,,,,,,,,,,,,,,,,,,,,2024-04-05,
<NA>,,,,,,,,,,,,,,,,,,,,,,,,,,2024-04-05,
<NA>,,,,,,,,,,,,,,,,,,,,,,,,,,2024-04-05,
<NA>,,,,,,,,,,,,,,,,,,,,,,,,,,2024-04-05,
<NA>,,,,,,,,,,,,,,,,,,,,,,,,,,2024-04-18,
<NA>,,,,,,,,,,,,,,,,,,,,,,,,,,2024-04-05,
<NA>,,,,,,,,,,,,,,,,,,,,,,,,,,2024-04-18,
<NA>,,,,,,,,,,,,,,,,,,,,,,,,,,2024-04-08,
<NA>,,,,,,,,,,,,,,,,,,,,,,,,,,2024-04-05,
<NA>,,,,,,,,,,,,,,,,,,,,,,,,,,2024-04-05,
<NA>,,,,,,,,,,,,,,,,,,,,,,,,,,2024-04-26,
<NA>,,,,,,,,,,,,,,,,,,,,,,,,,,2024-04-26,
<NA>,,,,,,,,,,,,,,,,,,,,,,,,,,2024-04-18,
<NA>,,,,,,,,,,,,,,,,,,,,,,,,,,2024-04-23,
<NA>,,,,,,,,,,,,,,,,,,,,,,,,,,2024-04-23,
<NA>,,,,,,,,,,,,,,,,,,,,,,,,,,2024-04-09,
<NA>,,,,,,,,,,,,,,,,,,,,,,,,,,2024-04-12,
<NA>,,,,,,,,,,,,,,,,,,,,,,,,,,2024-04-18,
<NA>,,,,,,,,,,,,,,,,,,,,,,,,,,2024-04-25,
<NA>,,,,,,,,,,,,,,,,,,,,,,,,,,2024-04-01,
<NA>,,,,,,,,,,,,,,,,,,,,,,,,,,2024-04-08,
<NA>,,,,,,,,,,,,,,,,,,,,,,,,,,2024-04-24,
<NA>,,,,,,,,,,,,,,,,,,,,,,,,,,2024-04-24,
<NA>,,,,,,,,,,,,,,,,,,,,,,,,,,2024-04-25,
<NA>,,,,,,,,,,,,,,,,,,,,,,,,,,2024-04-24,
<NA>,,,,,,,,,,,,,,,,,,,,,,,,,,2024-04-02,
<NA>,,,,,,,,,,,,,,,,,,,,,,,,,,2024-04-24,
<NA>,,,,,,,,,,,,,,,,,,,,,,,,,,2024-04-16,
<NA>,,,,,,,,,,,,,,,,,,,,,,,,,,2024-04-24,
<NA>,,,,,,,,,,,,,,,,,,,,,,,,,,2024-04-24,
<NA>,,Ward no 41 akhta maine paigampur maine ramesh sharma ke makaan se parasnaath yadav ke makaan tak raasta nirmaan karya,,,,,,,,,,,,,,,,,,,,,,,,2024-04-18,
<NA>,,,,,,,,,,,,,,,,,,,,,,,,,,2024-04-10,
<NA>,,,,,,,,,,,,,,,,,,,,,,,,,,2024-04-26,
<NA>,,,,,,,,,,,,,,,,,,,,,,,,,,2024-04-25,
<NA>,,,,,,,,,,,,,,,,,,,,,,,,,,2024-04-25,
<NA>,,,,,,,,,,,,,,,,,,,,,,,,,,2024-04-25,
<NA>,,,,,,,,,,,,,,,,,,,,,,,,,,2024-04-25,
<NA>,,,,,,,,,,,,,,,,,,,,,,,,,,2024-04-08,
<NA>,,,,,,,,,,,,,,,,,,,,,,,,,,2024-04-08,
<NA>,,,,,,,,,,,,,,,,,,,,,,,,,,2024-04-19,
<NA>,,,,,,,,,,,,,,,,,,,,,,,,,,2024-04-19,
<NA>,,,,,,,,,,,,,,,,,,,,,,,,,,2024-04-19,
<NA>,,,,,,,,,,,,,,,,,,,,,,,,,,2024-04-19,
<NA>,,,,,,,,,,,,,,,,,,,,,,,,,,2024-04-19,
<NA>,,,,,,,,,,,,,,,,,,,,,,,,,,2024-04-19,
<NA>,,,,,,,,,,,,,,,,,,,,,,,,,,2024-04-19,
<NA>,,,,,,,,,,,,,,,,,,,,,,,,,,2024-04-25,
<NA>,,,,,,,,,,,,,,,,,,,,,,,,,,2024-04-01,
<NA>,,,,,,,,,,,,,,,,,,,,,,,,,,2024-04-16,
<NA>,,,,,,,,,,,,,,,,,,,,,,,,,,2024-04-16,
<NA>,,,,,,,,,,,,,,,,,,,,,,,,,,2024-04-16,
<NA>,,,,,,,,,,,,,,,,,,,,,,,,,,2024-04-16,
<NA>,,,,,,,,,,,,,,,,,,,,,,,,,,2024-04-20,
<NA>,,,,,,,,,,,,,,,,,,,,,,,,,,2024-04-20,
<NA>,,,,,,,,,,,,,,,,,,,,,,,,,,2024-04-01,
<NA>,,,,,,,,,,,,,,,,,,,,,,,,,,2024-04-29,
<NA>,,,,,,,,,,,,,,,,,,,,,,,,,,2024-04-25,
<NA>,,,,,,,,,,,,,,,,,,,,,,,,,,2024-04-05,
<NA>,,,,,,,,,,,,,,,,,,,,,,,,,,2024-04-02,
<NA>,,,,,,,,,,,,,,,,,,,,,,,,,,2024-04-25,
<NA>,,,,,,,,,,,,,,,,,,,,,,,,,,2024-04-16,
<NA>,,,,,,,,,,,,,,,,,,,,,,,,,,2024-04-16,
<NA>,,,,,,,,,,,,,,,,,,,,,,,,,,2024-04-25,
<NA>,,,,,,,,,,,,,,,,,,,,,,,,,,2024-04-25,
<NA>,,,,,,,,,,,,,,,,,,,,,,,,,,2024-04-25,
<NA>,,,,,,,,,,,,,,,,,,,,,,,,,,2024-04-25,
<NA>,,,,,,,,,,,,,,,,,,,,,,,,,,2024-04-25,
<NA>,,,,,,,,,,,,,,,,,,,,,,,,,,2024-04-16,
<NA>,,,,,,,,,,,,,,,,,,,,,,,,,,2024-04-25,
<NA>,,,,,,,,,,,,,,,,,,,,,,,,,,2024-04-25,
<NA>,,,,,,,,,,,,,,,,,,,,,,,,,,2024-04-25,
<NA>,,,,,,,,,,,,,,,,,,,,,,,,,,2024-04-06,
<NA>,,,,,,,,,,,,,,,,,,,,,,,,,,2024-04-20,
<NA>,,,,,,,,,,,,,,,,,,,,,,,,,,2024-04-16,
<NA>,,,,,,,,,,,,,,,,,,,,,,,,,,2024-04-08,
<NA>,,,,,,,,,,,,,,,,,,,,,,,,,,2024-04-08,
<NA>,,,,,,,,,,,,,,,,,,,,,,,,,,2024-04-08,
<NA>,,,,,,,,,,,,,,,,,,,,,,,,,,2024-04-08,
<NA>,,,,,,,,,,,,,,,,,,,,,,,,,,2024-04-08,
<NA>,,,,,,,,,,,,,,,,,,,,,,,,,,2024-04-08,
<NA>,,,,,,,,,,,,,,,,,,,,,,,,,,2024-04-08,
<NA>,,,,,,,,,,,,,,,,,,,,,,,,,,2024-04-08,
<NA>,,,,,,,,,,,,,,,,,,,,,,,,,,2024-04-08,
<NA>,,,,,,,,,,,,,,,,,,,,,,,,,,2024-04-08,
<NA>,,,,,,,,,,,,,,,,,,,,,,,,,,2024-04-08,
<NA>,,,,,,,,,,,,,,,,,,,,,,,,,,2024-04-08,
<NA>,,,,,,,,,,,,,,,,,,,,,,,,,,2024-04-08,
<NA>,,,,,,,,,,,,,,,,,,,,,,,,,,2024-04-08,
<NA>,,,,,,,,,,,,,,,,,,,,,,,,,,2024-04-08,
<NA>,,,,,,,,,,,,,,,,,,,,,,,,,,2024-04-03,
<NA>,,,,,,,,,,,,,,,,,,,,,,,,,,2024-04-16,
<NA>,,,,,,,,,,,,,,,,,,,,,,,,,,2024-04-16,
<NA>,,,,,,,,,,,,,,,,,,,,,,,,,,2024-04-16,
<NA>,,,,,,,,,,,,,,,,,,,,,,,,,,2024-04-16,
<NA>,,,,,,,,,,,,,,,,,,,,,,,,,,2024-04-16,
<NA>,,,,,,,,,,,,,,,,,,,,,,,,,,2024-04-16,
<NA>,,,,,,,,,,,,,,,,,,,,,,,,,,2024-04-16,
<NA>,,,,,,,,,,,,,,,,,,,,,,,,,,2024-04-16,
<NA>,,,,,,,,,,,,,,,,,,,,,,,,,,2024-04-16,
<NA>,,,,,,,,,,,,,,,,,,,,,,,,,,2024-04-16,
<NA>,,,,,,,,,,,,,,,,,,,,,,,,,,2024-04-16,
<NA>,,,,,,,,,,,,,,,,,,,,,,,,,,2024-04-08,
<NA>,,,,,,,,,,,,,,,,,,,,,,,,,,2024-04-16,
<NA>,,,,,,,,,,,,,,,,,,,,,,,,,,2024-04-01,
<NA>,,,,,,,,,,,,,,,,,,,,,,,,,,2024-04-01,
<NA>,,Construction work of 50 beded critical care block in the Government Medical College campus of District Ambedkar Nagar,,,,,,,,,,,,,,,,,,,,,,,,2024-04-29,
<NA>,,,,,,,,,,,,,,,,,,,,,,,,,,2024-04-20,
<NA>,,,,,,,,,,,,,,,,,,,,,,,,,,2024-04-20,
<NA>,,,,,,,,,,,,,,,,,,,,,,,,,,2024-04-22,
<NA>,,,,,,,,,,,,,,,,,,,,,,,,,,2024-04-20,
<NA>,,,,,,,,,,,,,,,,,,,,,,,,,,2024-04-20,
<NA>,,,,,,,,,,,,,,,,,,,,,,,,,,2024-04-27,
<NA>,,,,,,,,,,,,,,,,,,,,,,,,,,2024-04-24,
<NA>,,,,,,,,,,,,,,,,,,,,,,,,,,2024-04-20,
<NA>,,,,,,,,,,,,,,,,,,,,,,,,,,2024-04-24,
<NA>,,,,,,,,,,,,,,,,,,,,,,,,,,2024-04-22,
<NA>,,,,,,,,,,,,,,,,,,,,,,,,,,2024-04-22,
<NA>,,,,,,,,,,,,,,,,,,,,,,,,,,2024-04-22,
<NA>,,,,,,,,,,,,,,,,,,,,,,,,,,2024-04-24,
<NA>,,,,,,,,,,,,,,,,,,,,,,,,,,2024-04-27,
<NA>,,,,,,,,,,,,,,,,,,,,,,,,,,2024-04-27,
<NA>,,,,,,,,,,,,,,,,,,,,,,,,,,2024-04-07,
<NA>,,,,,,,,,,,,,,,,,,,,,,,,,,2024-04-07,
<NA>,,,,,,,,,,,,,,,,,,,,,,,,,,2024-04-03,
<NA>,,,,,,,,,,,,,,,,,,,,,,,,,,2024-04-16,
<NA>,,,,,,,,,,,,,,,,,,,,,,,,,,2024-04-16,
<NA>,,,,,,,,,,,,,,,,,,,,,,,,,,2024-04-16,
<NA>,,,,,,,,,,,,,,,,,,,,,,,,,,2024-04-15,
<NA>,,,,,,,,,,,,,,,,,,,,,,,,,,2024-04-15,
<NA>,,,,,,,,,,,,,,,,,,,,,,,,,,2024-04-10,
<NA>,,,,,,,,,,,,,,,,,,,,,,,,,,2024-04-15,
<NA>,,,,,,,,,,,,,,,,,,,,,,,,,,2024-04-15,
<NA>,,,,,,,,,,,,,,,,,,,,,,,,,,2024-04-15,
<NA>,,,,,,,,,,,,,,,,,,,,,,,,,,2024-04-15,
<NA>,,,,,,,,,,,,,,,,,,,,,,,,,,2024-04-15,
<NA>,,,,,,,,,,,,,,,,,,,,,,,,,,2024-04-15,
<NA>,,,,,,,,,,,,,,,,,,,,,,,,,,2024-04-10,
<NA>,,,,,,,,,,,,,,,,,,,,,,,,,,2024-04-06,
<NA>,,,,,,,,,,,,,,,,,,,,,,,,,,2024-04-09,
<NA>,,,,,,,,,,,,,,,,,,,,,,,,,,2024-04-07,
<NA>,,,,,,,,,,,,,,,,,,,,,,,,,,2024-04-07,
<NA>,,,,,,,,,,,,,,,,,,,,,,,,,,2024-04-20,
<NA>,,,,,,,,,,,,,,,,,,,,,,,,,,2024-04-27,
<NA>,,,,,,,,,,,,,,,,,,,,,,,,,,2024-04-27,
<NA>,,,,,,,,,,,,,,,,,,,,,,,,,,2024-04-08,
<NA>,,,,,,,,,,,,,,,,,,,,,,,,,,2024-04-08,
<NA>,,,,,,,,,,,,,,,,,,,,,,,,,,2024-04-18,
<NA>,,,,,,,,,,,,,,,,,,,,,,,,,,2024-04-01,
<NA>,,,,,,,,,,,,,,,,,,,,,,,,,,2024-04-01,
<NA>,,,,,,,,,,,,,,,,,,,,,,,,,,2024-04-15,
<NA>,,,,,,,,,,,,,,,,,,,,,,,,,,2024-04-15,
<NA>,,,,,,,,,,,,,,,,,,,,,,,,,,2024-04-01,
<NA>,,,,,,,,,,,,,,,,,,,,,,,,,,2024-04-12,
<NA>,,,,,,,,,,,,,,,,,,,,,,,,,,2024-04-30,
<NA>,,,,,,,,,,,,,,,,,,,,,,,,,,2024-04-15,
<NA>,,,,,,,,,,,,,,,,,,,,,,,,,,2024-04-15,
<NA>,,,,,,,,,,,,,,,,,,,,,,,,,,2024-04-15,
<NA>,,,,,,,,,,,,,,,,,,,,,,,,,,2024-04-06,
<NA>,,,,,,,,,,,,,,,,,,,,,,,,,,2024-04-06,
<NA>,,,,,,,,,,,,,,,,,,,,,,,,,,2024-04-06,
<NA>,,,,,,,,,,,,,,,,,,,,,,,,,,2024-04-01,
<NA>,,,,,,,,,,,,,,,,,,,,,,,,,,2024-04-01,
<NA>,,,,,,,,,,,,,,,,,,,,,,,,,,2024-04-01,
<NA>,,,,,,,,,,,,,,,,,,,,,,,,,,2024-04-01,
<NA>,,,,,,,,,,,,,,,,,,,,,,,,,,2024-04-05,
<NA>,,,,,,,,,,,,,,,,,,,,,,,,,,2024-04-10,
<NA>,,,,,,,,,,,,,,,,,,,,,,,,,,2024-04-06,
<NA>,,,,,,,,,,,,,,,,,,,,,,,,,,2024-04-01,
<NA>,,,,,,,,,,,,,,,,,,,,,,,,,,2024-04-01,
<NA>,,,,,,,,,,,,,,,,,,,,,,,,,,2024-04-05,
<NA>,,,,,,,,,,,,,,,,,,,,,,,,,,2024-04-01,
<NA>,,,,,,,,,,,,,,,,,,,,,,,,,,2024-04-01,
<NA>,,,,,,,,,,,,,,,,,,,,,,,,,,2024-04-02,
<NA>,,,,,,,,,,,,,,,,,,,,,,,,,,2024-04-02,
<NA>,,,,,,,,,,,,,,,,,,,,,,,,,,2024-04-04,
<NA>,,,,,,,,,,,,,,,,,,,,,,,,,,2024-04-04,
<NA>,,,,,,,,,,,,,,,,,,,,,,,,,,2024-04-09,
<NA>,,,,,,,,,,,,,,,,,,,,,,,,,,2024-04-16,
<NA>,,,,,,,,,,,,,,,,,,,,,,,,,,2024-04-04,
<NA>,,,,,,,,,,,,,,,,,,,,,,,,,,2024-04-04,
<NA>,,,,,,,,,,,,,,,,,,,,,,,,,,2024-04-08,
<NA>,,,,,,,,,,,,,,,,,,,,,,,,,,2024-04-08,
<NA>,,,,,,,,,,,,,,,,,,,,,,,,,,2024-04-06,
<NA>,,,,,,,,,,,,,,,,,,,,,,,,,,2024-04-08,
<NA>,,,,,,,,,,,,,,,,,,,,,,,,,,2024-04-05,
<NA>,,,,,,,,,,,,,,,,,,,,,,,,,,2024-04-15,
<NA>,,,,,,,,,,,,,,,,,,,,,,,,,,2024-04-15,
<NA>,,,,,,,,,,,,,,,,,,,,,,,,,,2024-04-15,
<NA>,,,,,,,,,,,,,,,,,,,,,,,,,,2024-04-26,
<NA>,,,,,,,,,,,,,,,,,,,,,,,,,,2024-04-05,
<NA>,,,,,,,,,,,,,,,,,,,,,,,,,,2024-04-26,
<NA>,,,,,,,,,,,,,,,,,,,,,,,,,,2024-04-05,
<NA>,,,,,,,,,,,,,,,,,,,,,,,,,,2024-04-05,
<NA>,,,,,,,,,,,,,,,,,,,,,,,,,,2024-04-18,
<NA>,,,,,,,,,,,,,,,,,,,,,,,,,,2024-04-18,
<NA>,,,,,,,,,,,,,,,,,,,,,,,,,,2024-04-20,
<NA>,,,,,,,,,,,,,,,,,,,,,,,,,,2024-04-20,
<NA>,,,,,,,,,,,,,,,,,,,,,,,,,,2024-04-20,
<NA>,,,,,,,,,,,,,,,,,,,,,,,,,,2024-04-27,
<NA>,,,,,,,,,,,,,,,,,,,,,,,,,,2024-04-04,
<NA>,,,,,,,,,,,,,,,,,,,,,,,,,,2024-04-06,
<NA>,,,,,,,,,,,,,,,,,,,,,,,,,,2024-04-09,
<NA>,,,,,,,,,,,,,,,,,,,,,,,,,,2024-04-09,
<NA>,,,,,,,,,,,,,,,,,,,,,,,,,,2024-04-08,
<NA>,,,,,,,,,,,,,,,,,,,,,,,,,,2024-04-08,
<NA>,,,,,,,,,,,,,,,,,,,,,,,,,,2024-04-18,
<NA>,,,,,,,,,,,,,,,,,,,,,,,,,,2024-04-08,
<NA>,,,,,,,,,,,,,,,,,,,,,,,,,,2024-04-08,
<NA>,,,,,,,,,,,,,,,,,,,,,,,,,,2024-04-18,
<NA>,,,,,,,,,,,,,,,,,,,,,,,,,,2024-04-08,
<NA>,,,,,,,,,,,,,,,,,,,,,,,,,,2024-04-04,
<NA>,,,,,,,,,,,,,,,,,,,,,,,,,,2024-04-03,
<NA>,,,,,,,,,,,,,,,,,,,,,,,,,,2024-04-05,
<NA>,,,,,,,,,,,,,,,,,,,,,,,,,,2024-04-12,
<NA>,,,,,,,,,,,,,,,,,,,,,,,,,,2024-04-08,
<NA>,,,,,,,,,,,,,,,,,,,,,,,,,,2024-04-08,
<NA>,,,,,,,,,,,,,,,,,,,,,,,,,,2024-04-05,
<NA>,,,,,,,,,,,,,,,,,,,,,,,,,,2024-04-03,
<NA>,,,,,,,,,,,,,,,,,,,,,,,,,,2024-04-16,
<NA>,,,,,,,,,,,,,,,,,,,,,,,,,,2024-04-16,
<NA>,,,,,,,,,,,,,,,,,,,,,,,,,,2024-04-24,
<NA>,,,,,,,,,,,,,,,,,,,,,,,,,,2024-04-08,
<NA>,,,,,,,,,,,,,,,,,,,,,,,,,,2024-04-08,
<NA>,,,,,,,,,,,,,,,,,,,,,,,,,,2024-04-08,
<NA>,,,,,,,,,,,,,,,,,,,,,,,,,,2024-04-25,
<NA>,,,,,,,,,,,,,,,,,,,,,,,,,,2024-04-25,
<NA>,,,,,,,,,,,,,,,,,,,,,,,,,,2024-04-25,
<NA>,,,,,,,,,,,,,,,,,,,,,,,,,,2024-04-25,
<NA>,,,,,,,,,,,,,,,,,,,,,,,,,,2024-04-05,
<NA>,,,,,,,,,,,,,,,,,,,,,,,,,,2024-04-23,
<NA>,,,,,,,,,,,,,,,,,,,,,,,,,,2024-04-01,
<NA>,,,,,,,,,,,,,,,,,,,,,,,,,,2024-04-10,
<NA>,,,,,,,,,,,,,,,,,,,,,,,,,,2024-04-10,
<NA>,,,,,,,,,,,,,,,,,,,,,,,,,,2024-04-10,
<NA>,,,,,,,,,,,,,,,,,,,,,,,,,,2024-04-10,
<NA>,,,,,,,,,,,,,,,,,,,,,,,,,,2024-04-02,
<NA>,,,,,,,,,,,,,,,,,,,,,,,,,,2024-04-10,
<NA>,,,,,,,,,,,,,,,,,,,,,,,,,,2024-04-10,
<NA>,,,,,,,,,,,,,,,,,,,,,,,,,,2024-04-02,
<NA>,,,,,,,,,,,,,,,,,,,,,,,,,,2024-04-02,
<NA>,,,,,,,,,,,,,,,,,,,,,,,,,,2024-04-10,
<NA>,,,,,,,,,,,,,,,,,,,,,,,,,,2024-04-02,
<NA>,,,,,,,,,,,,,,,,,,,,,,,,,,2024-04-02,
<NA>,,,,,,,,,,,,,,,,,,,,,,,,,,2024-04-02,
<NA>,,,,,,,,,,,,,,,,,,,,,,,,,,2024-04-23,
<NA>,,,,,,,,,,,,,,,,,,,,,,,,,,2024-04-02,
<NA>,,,,,,,,,,,,,,,,,,,,,,,,,,2024-04-02,
<NA>,,,,,,,,,,,,,,,,,,,,,,,,,,2024-04-06,
<NA>,,,,,,,,,,,,,,,,,,,,,,,,,,2024-04-02,
<NA>,,,,,,,,,,,,,,,,,,,,,,,,,,2024-04-02,
<NA>,,,,,,,,,,,,,,,,,,,,,,,,,,2024-04-14,
<NA>,,,,,,,,,,,,,,,,,,,,,,,,,,2024-04-18,
<NA>,,,,,,,,,,,,,,,,,,,,,,,,,,2024-04-10,
<NA>,,,,,,,,,,,,,,,,,,,,,,,,,,2024-04-18,
<NA>,,,,,,,,,,,,,,,,,,,,,,,,,,2024-04-02,
<NA>,,,,,,,,,,,,,,,,,,,,,,,,,,2024-04-17,
<NA>,,,,,,,,,,,,,,,,,,,,,,,,,,2024-04-12,
<NA>,,,,,,,,,,,,,,,,,,,,,,,,,,2024-04-15,
<NA>,,,,,,,,,,,,,,,,,,,,,,,,,,2024-04-15,
<NA>,,,,,,,,,,,,,,,,,,,,,,,,,,2024-04-08,
<NA>,,,,,,,,,,,,,,,,,,,,,,,,,,2024-04-08,
<NA>,,,,,,,,,,,,,,,,,,,,,,,,,,2024-04-08,
<NA>,,,,,,,,,,,,,,,,,,,,,,,,,,2024-04-08,
<NA>,,,,,,,,,,,,,,,,,,,,,,,,,,2024-04-15,
<NA>,,,,,,,,,,,,,,,,,,,,,,,,,,2024-04-12,
<NA>,,,,,,,,,,,,,,,,,,,,,,,,,,2024-04-15,
<NA>,,,,,,,,,,,,,,,,,,,,,,,,,,2024-04-08,
<NA>,,,,,,,,,,,,,,,,,,,,,,,,,,2024-04-08,
<NA>,,,,,,,,,,,,,,,,,,,,,,,,,,2024-04-08,
<NA>,,,,,,,,,,,,,,,,,,,,,,,,,,2024-04-19,
<NA>,,,,,,,,,,,,,,,,,,,,,,,,,,2024-04-12,
<NA>,,,,,,,,,,,,,,,,,,,,,,,,,,2024-04-12,
<NA>,,,,,,,,,,,,,,,,,,,,,,,,,,2024-04-08,
<NA>,,,,,,,,,,,,,,,,,,,,,,,,,,2024-04-19,
<NA>,,,,,,,,,,,,,,,,,,,,,,,,,,2024-04-19,
<NA>,,,,,,,,,,,,,,,,,,,,,,,,,,2024-04-10,
<NA>,,,,,,,,,,,,,,,,,,,,,,,,,,2024-04-14,
<NA>,,,,,,,,,,,,,,,,,,,,,,,,,,2024-04-27,
<NA>,,,,,,,,,,,,,,,,,,,,,,,,,,2024-04-15,
<NA>,,,,,,,,,,,,,,,,,,,,,,,,,,2024-04-16,
<NA>,,,,,,,,,,,,,,,,,,,,,,,,,,2024-04-30,
<NA>,,,,,,,,,,,,,,,,,,,,,,,,,,2024-04-09,
<NA>,,,,,,,,,,,,,,,,,,,,,,,,,,2024-04-09,
<NA>,,,,,,,,,,,,,,,,,,,,,,,,,,2024-04-08,
<NA>,,,,,,,,,,,,,,,,,,,,,,,,,,2024-04-06,
<NA>,,,,,,,,,,,,,,,,,,,,,,,,,,2024-04-02,
<NA>,,,,,,,,,,,,,,,,,,,,,,,,,,2024-04-09,
<NA>,,,,,,,,,,,,,,,,,,,,,,,,,,2024-04-15,
<NA>,,,,,,,,,,,,,,,,,,,,,,,,,,2024-04-09,
<NA>,,,,,,,,,,,,,,,,,,,,,,,,,,2024-04-09,
<NA>,,,,,,,,,,,,,,,,,,,,,,,,,,2024-04-03,
<NA>,,,,,,,,,,,,,,,,,,,,,,,,,,2024-04-14,
<NA>,,,,,,,,,,,,,,,,,,,,,,,,,,2024-04-15,
<NA>,,,,,,,,,,,,,,,,,,,,,,,,,,2024-04-16,
<NA>,,,,,,,,,,,,,,,,,,,,,,,,,,2024-04-16,
<NA>,,,,,,,,,,,,,,,,,,,,,,,,,,2024-04-24,
<NA>,,,,,,,,,,,,,,,,,,,,,,,,,,2024-04-05,
<NA>,,,,,,,,,,,,,,,,,,,,,,,,,,2024-04-06,
<NA>,,,,,,,,,,,,,,,,,,,,,,,,,,2024-04-05,
<NA>,,,,,,,,,,,,,,,,,,,,,,,,,,2024-04-05,
<NA>,,,,,,,,,,,,,,,,,,,,,,,,,,2024-04-27,
<NA>,,,,,,,,,,,,,,,,,,,,,,,,,,2024-04-02,
<NA>,,,,,,,,,,,,,,,,,,,,,,,,,,2024-04-06,
<NA>,,,,,,,,,,,,,,,,,,,,,,,,,,2024-04-06,
<NA>,,,,,,,,,,,,,,,,,,,,,,,,,,2024-04-06,
<NA>,,,,,,,,,,,,,,,,,,,,,,,,,,2024-04-10,
<NA>,,,,,,,,,,,,,,,,,,,,,,,,,,2024-04-09,
<NA>,,,,,,,,,,,,,,,,,,,,,,,,,,2024-04-12,
<NA>,,,,,,,,,,,,,,,,,,,,,,,,,,2024-04-10,
<NA>,,,,,,,,,,,,,,,,,,,,,,,,,,2024-04-12,
<NA>,,,,,,,,,,,,,,,,,,,,,,,,,,2024-04-08,
<NA>,,,,,,,,,,,,,,,,,,,,,,,,,,2024-04-06,
<NA>,,,,,,,,,,,,,,,,,,,,,,,,,,2024-04-06,
<NA>,,,,,,,,,,,,,,,,,,,,,,,,,,2024-04-04,
<NA>,,,,,,,,,,,,,,,,,,,,,,,,,,2024-04-18,
<NA>,,,,,,,,,,,,,,,,,,,,,,,,,,2024-04-06,
<NA>,,,,,,,,,,,,,,,,,,,,,,,,,,2024-04-26,
<NA>,,,,,,,,,,,,,,,,,,,,,,,,,,2024-04-01,
<NA>,,,,,,,,,,,,,,,,,,,,,,,,,,2024-04-01,
<NA>,,,,,,,,,,,,,,,,,,,,,,,,,,2024-04-01,
<NA>,,,,,,,,,,,,,,,,,,,,,,,,,,2024-04-01,
<NA>,,,,,,,,,,,,,,,,,,,,,,,,,,2024-04-01,
<NA>,,,,,,,,,,,,,,,,,,,,,,,,,,2024-04-06,
<NA>,,,,,,,,,,,,,,,,,,,,,,,,,,2024-04-29,
<NA>,,,,,,,,,,,,,,,,,,,,,,,,,,2024-04-12,
<NA>,,,,,,,,,,,,,,,,,,,,,,,,,,2024-04-12,
<NA>,,,,,,,,,,,,,,,,,,,,,,,,,,2024-04-04,
<NA>,,,,,,,,,,,,,,,,,,,,,,,,,,2024-04-06,
<NA>,,,,,,,,,,,,,,,,,,,,,,,,,,2024-04-10,
<NA>,,,,,,,,,,,,,,,,,,,,,,,,,,2024-04-16,
<NA>,,,,,,,,,,,,,,,,,,,,,,,,,,2024-04-16,
<NA>,,,,,,,,,,,,,,,,,,,,,,,,,,2024-04-15,
<NA>,,,,,,,,,,,,,,,,,,,,,,,,,,2024-04-04,
<NA>,,,,,,,,,,,,,,,,,,,,,,,,,,2024-04-24,
<NA>,,,,,,,,,,,,,,,,,,,,,,,,,,2024-04-01,
<NA>,,,,,,,,,,,,,,,,,,,,,,,,,,2024-04-04,
<NA>,,,,,,,,,,,,,,,,,,,,,,,,,,2024-04-24,
<NA>,,,,,,,,,,,,,,,,,,,,,,,,,,2024-04-24,
<NA>,,,,,,,,,,,,,,,,,,,,,,,,,,2024-04-04,
<NA>,,,,,,,,,,,,,,,,,,,,,,,,,,2024-04-24,
<NA>,,,,,,,,,,,,,,,,,,,,,,,,,,2024-04-24,
<NA>,,,,,,,,,,,,,,,,,,,,,,,,,,2024-04-24,
<NA>,,,,,,,,,,,,,,,,,,,,,,,,,,2024-04-24,
<NA>,,,,,,,,,,,,,,,,,,,,,,,,,,2024-04-24,
<NA>,,,,,,,,,,,,,,,,,,,,,,,,,,2024-04-06,
<NA>,,,,,,,,,,,,,,,,,,,,,,,,,,2024-04-10,
<NA>,,,,,,,,,,,,,,,,,,,,,,,,,,2024-04-20,
<NA>,,,,,,,,,,,,,,,,,,,,,,,,,,2024-04-10,
<NA>,,,,,,,,,,,,,,,,,,,,,,,,,,2024-04-18,
<NA>,,,,,,,,,,,,,,,,,,,,,,,,,,2024-04-05,
<NA>,,,,,,,,,,,,,,,,,,,,,,,,,,2024-04-23,
<NA>,,,,,,,,,,,,,,,,,,,,,,,,,,2024-04-06,
<NA>,,,,,,,,,,,,,,,,,,,,,,,,,,2024-04-22,
<NA>,,,,,,,,,,,,,,,,,,,,,,,,,,2024-04-22,
<NA>,,,,,,,,,,,,,,,,,,,,,,,,,,2024-04-22,
<NA>,,,,,,,,,,,,,,,,,,,,,,,,,,2024-04-10,
<NA>,,,,,,,,,,,,,,,,,,,,,,,,,,2024-04-10,
<NA>,,,,,,,,,,,,,,,,,,,,,,,,,,2024-04-03,
<NA>,,,,,,,,,,,,,,,,,,,,,,,,,,2024-04-15,
<NA>,,,,,,,,,,,,,,,,,,,,,,,,,,2024-04-09,
<NA>,,,,,,,,,,,,,,,,,,,,,,,,,,2024-04-06,
<NA>,,,,,,,,,,,,,,,,,,,,,,,,,,2024-04-06,
<NA>,,,,,,,,,,,,,,,,,,,,,,,,,,2024-04-10,
<NA>,,,,,,,,,,,,,,,,,,,,,,,,,,2024-04-01,
<NA>,,,,,,,,,,,,,,,,,,,,,,,,,,2024-04-01,
<NA>,,,,,,,,,,,,,,,,,,,,,,,,,,2024-04-09,
<NA>,,,,,,,,,,,,,,,,,,,,,,,,,,2024-04-02,
<NA>,,,,,,,,,,,,,,,,,,,,,,,,,,2024-04-01,
<NA>,,,,,,,,,,,,,,,,,,,,,,,,,,2024-04-01,
<NA>,,,,,,,,,,,,,,,,,,,,,,,,,,2024-04-01,
<NA>,,,,,,,,,,,,,,,,,,,,,,,,,,2024-04-15,
<NA>,,,,,,,,,,,,,,,,,,,,,,,,,,2024-04-06,
<NA>,,,,,,,,,,,,,,,,,,,,,,,,,,2024-04-10,
<NA>,,,,,,,,,,,,,,,,,,,,,,,,,,2024-04-09,
<NA>,,,,,,,,,,,,,,,,,,,,,,,,,,2024-04-12,
<NA>,,,,,,,,,,,,,,,,,,,,,,,,,,2024-04-12,
<NA>,,,,,,,,,,,,,,,,,,,,,,,,,,2024-04-12,
<NA>,,,,,,,,,,,,,,,,,,,,,,,,,,2024-04-12,
<NA>,,,,,,,,,,,,,,,,,,,,,,,,,,2024-04-02,
<NA>,,,,,,,,,,,,,,,,,,,,,,,,,,2024-04-03,
<NA>,,,,,,,,,,,,,,,,,,,,,,,,,,2024-04-03,
<NA>,,,,,,,,,,,,,,,,,,,,,,,,,,2024-04-06,
<NA>,,,,,,,,,,,,,,,,,,,,,,,,,,2024-04-03,
<NA>,,,,,,,,,,,,,,,,,,,,,,,,,,2024-04-06,
<NA>,,,,,,,,,,,,,,,,,,,,,,,,,,2024-04-03,
<NA>,,,,,,,,,,,,,,,,,,,,,,,,,,2024-04-06,
<NA>,,,,,,,,,,,,,,,,,,,,,,,,,,2024-04-06,
<NA>,,,,,,,,,,,,,,,,,,,,,,,,,,2024-04-03,
<NA>,,,,,,,,,,,,,,,,,,,,,,,,,,2024-04-06,
<NA>,,,,,,,,,,,,,,,,,,,,,,,,,,2024-04-02,
<NA>,,,,,,,,,,,,,,,,,,,,,,,,,,2024-04-03,
<NA>,,,,,,,,,,,,,,,,,,,,,,,,,,2024-04-02,
<NA>,,,,,,,,,,,,,,,,,,,,,,,,,,2024-04-03,
<NA>,,,,,,,,,,,,,,,,,,,,,,,,,,2024-04-02,
<NA>,,,,,,,,,,,,,,,,,,,,,,,,,,2024-04-03,
<NA>,,,,,,,,,,,,,,,,,,,,,,,,,,2024-04-03,
<NA>,,,,,,,,,,,,,,,,,,,,,,,,,,2024-04-03,
<NA>,,,,,,,,,,,,,,,,,,,,,,,,,,2024-04-06,
<NA>,,,,,,,,,,,,,,,,,,,,,,,,,,2024-04-06,
<NA>,,,,,,,,,,,,,,,,,,,,,,,,,,2024-04-18,
<NA>,,,,,,,,,,,,,,,,,,,,,,,,,,2024-04-18,
<NA>,,,,,,,,,,,,,,,,,,,,,,,,,,2024-04-18,
<NA>,,,,,,,,,,,,,,,,,,,,,,,,,,2024-04-18,
<NA>,,,,,,,,,,,,,,,,,,,,,,,,,,2024-04-16,
<NA>,,,,,,,,,,,,,,,,,,,,,,,,,,2024-04-18,
<NA>,,,,,,,,,,,,,,,,,,,,,,,,,,2024-04-18,
<NA>,,,,,,,,,,,,,,,,,,,,,,,,,,2024-04-16,
<NA>,,,,,,,,,,,,,,,,,,,,,,,,,,2024-04-18,
<NA>,,,,,,,,,,,,,,,,,,,,,,,,,,2024-04-29,
<NA>,,,,,,,,,,,,,,,,,,,,,,,,,,2024-04-29,
<NA>,,,,,,,,,,,,,,,,,,,,,,,,,,2024-04-29,
<NA>,,,,,,,,,,,,,,,,,,,,,,,,,,2024-04-29,
<NA>,,,,,,,,,,,,,,,,,,,,,,,,,,2024-04-19,
<NA>,,,,,,,,,,,,,,,,,,,,,,,,,,2024-04-19,
<NA>,,,,,,,,,,,,,,,,,,,,,,,,,,2024-04-29,
<NA>,,,,,,,,,,,,,,,,,,,,,,,,,,2024-04-29,
<NA>,,,,,,,,,,,,,,,,,,,,,,,,,,2024-04-29,
<NA>,,,,,,,,,,,,,,,,,,,,,,,,,,2024-04-29,
<NA>,,,,,,,,,,,,,,,,,,,,,,,,,,2024-04-18,
<NA>,,,,,,,,,,,,,,,,,,,,,,,,,,2024-04-19,
<NA>,,,,,,,,,,,,,,,,,,,,,,,,,,2024-04-29,
<NA>,,,,,,,,,,,,,,,,,,,,,,,,,,2024-04-06,
<NA>,,,,,,,,,,,,,,,,,,,,,,,,,,2024-04-09,
<NA>,,,,,,,,,,,,,,,,,,,,,,,,,,2024-04-08,
<NA>,,,,,,,,,,,,,,,,,,,,,,,,,,2024-04-25,
<NA>,,,,,,,,,,,,,,,,,,,,,,,,,,2024-04-18,
<NA>,,,,,,,,,,,,,,,,,,,,,,,,,,2024-04-18,
<NA>,,,,,,,,,,,,,,,,,,,,,,,,,,2024-04-18,
<NA>,,,,,,,,,,,,,,,,,,,,,,,,,,2024-04-18,
<NA>,,,,,,,,,,,,,,,,,,,,,,,,,,2024-04-25,
<NA>,,,,,,,,,,,,,,,,,,,,,,,,,,2024-04-25,
<NA>,,,,,,,,,,,,,,,,,,,,,,,,,,2024-04-18,
<NA>,,,,,,,,,,,,,,,,,,,,,,,,,,2024-04-25,
<NA>,,,,,,,,,,,,,,,,,,,,,,,,,,2024-04-09,
<NA>,,,,,,,,,,,,,,,,,,,,,,,,,,2024-04-09,
<NA>,,,,,,,,,,,,,,,,,,,,,,,,,,2024-04-06,
<NA>,,,,,,,,,,,,,,,,,,,,,,,,,,2024-04-08,
<NA>,,,,,,,,,,,,,,,,,,,,,,,,,,2024-04-03,
<NA>,,,,,,,,,,,,,,,,,,,,,,,,,,2024-04-02,
<NA>,,,,,,,,,,,,,,,,,,,,,,,,,,2024-04-08,
<NA>,,,,,,,,,,,,,,,,,,,,,,,,,,2024-04-08,
<NA>,,,,,,,,,,,,,,,,,,,,,,,,,,2024-04-03,
<NA>,,,,,,,,,,,,,,,,,,,,,,,,,,2024-04-09,
<NA>,,,,,,,,,,,,,,,,,,,,,,,,,,2024-04-08,
<NA>,,,,,,,,,,,,,,,,,,,,,,,,,,2024-04-03,
<NA>,,,,,,,,,,,,,,,,,,,,,,,,,,2024-04-06,
<NA>,,,,,,,,,,,,,,,,,,,,,,,,,,2024-04-03,
<NA>,,,,,,,,,,,,,,,,,,,,,,,,,,2024-04-02,
<NA>,,,,,,,,,,,,,,,,,,,,,,,,,,2024-04-02,
<NA>,,,,,,,,,,,,,,,,,,,,,,,,,,2024-04-03,
<NA>,,,,,,,,,,,,,,,,,,,,,,,,,,2024-04-09,
<NA>,,,,,,,,,,,,,,,,,,,,,,,,,,2024-04-04,
<NA>,,,,,,,,,,,,,,,,,,,,,,,,,,2024-04-04,
<NA>,,,,,,,,,,,,,,,,,,,,,,,,,,2024-04-09,
<NA>,,,,,,,,,,,,,,,,,,,,,,,,,,2024-04-29,
<NA>,,,,,,,,,,,,,,,,,,,,,,,,,,2024-04-18,
<NA>,,,,,,,,,,,,,,,,,,,,,,,,,,2024-04-22,
<NA>,,,,,,,,,,,,,,,,,,,,,,,,,,2024-04-08,
<NA>,,,,,,,,,,,,,,,,,,,,,,,,,,2024-04-08,
<NA>,,,,,,,,,,,,,,,,,,,,,,,,,,2024-04-18,
<NA>,,,,,,,,,,,,,,,,,,,,,,,,,,2024-04-22,
<NA>,,,,,,,,,,,,,,,,,,,,,,,,,,2024-04-03,
<NA>,,,,,,,,,,,,,,,,,,,,,,,,,,2024-04-03,
<NA>,,,,,,,,,,,,,,,,,,,,,,,,,,2024-04-12,
<NA>,,,,,,,,,,,,,,,,,,,,,,,,,,2024-04-12,
<NA>,,,,,,,,,,,,,,,,,,,,,,,,,,2024-04-10,
<NA>,,,,,,,,,,,,,,,,,,,,,,,,,,2024-04-24,
<NA>,,,,,,,,,,,,,,,,,,,,,,,,,,2024-04-03,
<NA>,,,,,,,,,,,,,,,,,,,,,,,,,,2024-04-03,
<NA>,,,,,,,,,,,,,,,,,,,,,,,,,,2024-04-12,
<NA>,,,,,,,,,,,,,,,,,,,,,,,,,,2024-04-06,
<NA>,,,,,,,,,,,,,,,,,,,,,,,,,,2024-04-06,
<NA>,,,,,,,,,,,,,,,,,,,,,,,,,,2024-04-04,
<NA>,,,,,,,,,,,,,,,,,,,,,,,,,,2024-04-03,
<NA>,,,,,,,,,,,,,,,,,,,,,,,,,,2024-04-12,
<NA>,,,,,,,,,,,,,,,,,,,,,,,,,,2024-04-12,
<NA>,,,,,,,,,,,,,,,,,,,,,,,,,,2024-04-30,
<NA>,,,,,,,,,,,,,,,,,,,,,,,,,,2024-04-20,
<NA>,,,,,,,,,,,,,,,,,,,,,,,,,,2024-04-08,
<NA>,,,,,,,,,,,,,,,,,,,,,,,,,,2024-04-05,
<NA>,,,,,,,,,,,,,,,,,,,,,,,,,,2024-04-05,
<NA>,,,,,,,,,,,,,,,,,,,,,,,,,,2024-04-03,
<NA>,,,,,,,,,,,,,,,,,,,,,,,,,,2024-04-10,
<NA>,,,,,,,,,,,,,,,,,,,,,,,,,,2024-04-06,
<NA>,,,,,,,,,,,,,,,,,,,,,,,,,,2024-04-24,
<NA>,,,,,,,,,,,,,,,,,,,,,,,,,,2024-04-02,
<NA>,,,,,,,,,,,,,,,,,,,,,,,,,,2024-04-20,
<NA>,,,,,,,,,,,,,,,,,,,,,,,,,,2024-04-27,
<NA>,,,,,,,,,,,,,,,,,,,,,,,,,,2024-04-03,
<NA>,,,,,,,,,,,,,,,,,,,,,,,,,,2024-04-01,
<NA>,,,,,,,,,,,,,,,,,,,,,,,,,,2024-04-10,
<NA>,,,,,,,,,,,,,,,,,,,,,,,,,,2024-04-04,
<NA>,,,,,,,,,,,,,,,,,,,,,,,,,,2024-04-29,
<NA>,,,,,,,,,,,,,,,,,,,,,,,,,,2024-04-09,
<NA>,,,,,,,,,,,,,,,,,,,,,,,,,,2024-04-05,
<NA>,,,,,,,,,,,,,,,,,,,,,,,,,,2024-04-04,
<NA>,,,,,,,,,,,,,,,,,,,,,,,,,,2024-04-04,
<NA>,,,,,,,,,,,,,,,,,,,,,,,,,,2024-04-02,
<NA>,,,,,,,,,,,,,,,,,,,,,,,,,,2024-04-19,
<NA>,,,,,,,,,,,,,,,,,,,,,,,,,,2024-04-19,
<NA>,,,,,,,,,,,,,,,,,,,,,,,,,,2024-04-10,
<NA>,,,,,,,,,,,,,,,,,,,,,,,,,,2024-04-12,
<NA>,,,,,,,,,,,,,,,,,,,,,,,,,,2024-04-10,
<NA>,,,,,,,,,,,,,,,,,,,,,,,,,,2024-04-10,
<NA>,,,,,,,,,,,,,,,,,,,,,,,,,,2024-04-08,
<NA>,,,,,,,,,,,,,,,,,,,,,,,,,,2024-04-27,
<NA>,,,,,,,,,,,,,,,,,,,,,,,,,,2024-04-22,
<NA>,,,,,,,,,,,,,,,,,,,,,,,,,,2024-04-02,
<NA>,,,,,,,,,,,,,,,,,,,,,,,,,,2024-04-02,
<NA>,,,,,,,,,,,,,,,,,,,,,,,,,,2024-04-06,
<NA>,,,,,,,,,,,,,,,,,,,,,,,,,,2024-04-25,
<NA>,,,,,,,,,,,,,,,,,,,,,,,,,,2024-04-20,
<NA>,,,,,,,,,,,,,,,,,,,,,,,,,,2024-04-03,
<NA>,,,,,,,,,,,,,,,,,,,,,,,,,,2024-04-16,
<NA>,,,,,,,,,,,,,,,,,,,,,,,,,,2024-04-03,
<NA>,,,,,,,,,,,,,,,,,,,,,,,,,,2024-04-16,
<NA>,,,,,,,,,,,,,,,,,,,,,,,,,,2024-04-02,
<NA>,,,,,,,,,,,,,,,,,,,,,,,,,,2024-04-06,
<NA>,,,,,,,,,,,,,,,,,,,,,,,,,,2024-04-20,
<NA>,,,,,,,,,,,,,,,,,,,,,,,,,,2024-04-03,
<NA>,,,,,,,,,,,,,,,,,,,,,,,,,,2024-04-19,
<NA>,,,,,,,,,,,,,,,,,,,,,,,,,,2024-04-08,
<NA>,,,,,,,,,,,,,,,,,,,,,,,,,,2024-04-27,
<NA>,,,,,,,,,,,,,,,,,,,,,,,,,,2024-04-04,
<NA>,,,,,,,,,,,,,,,,,,,,,,,,,,2024-04-02,
<NA>,,,,,,,,,,,,,,,,,,,,,,,,,,2024-04-12,
<NA>,,,,,,,,,,,,,,,,,,,,,,,,,,2024-04-08,
<NA>,,,,,,,,,,,,,,,,,,,,,,,,,,2024-04-04,
<NA>,,,,,,,,,,,,,,,,,,,,,,,,,,2024-04-26,
<NA>,,,,,,,,,,,,,,,,,,,,,,,,,,2024-04-18,
<NA>,,,,,,,,,,,,,,,,,,,,,,,,,,2024-04-10,
<NA>,,,,,,,,,,,,,,,,,,,,,,,,,,2024-04-27,
<NA>,,,,,,,,,,,,,,,,,,,,,,,,,,2024-04-03,
<NA>,,,,,,,,,,,,,,,,,,,,,,,,,,2024-04-27,
<NA>,,,,,,,,,,,,,,,,,,,,,,,,,,2024-04-19,
<NA>,,,,,,,,,,,,,,,,,,,,,,,,,,2024-04-19,
<NA>,,,,,,,,,,,,,,,,,,,,,,,,,,2024-04-13,
<NA>,,,,,,,,,,,,,,,,,,,,,,,,,,2024-04-13,
<NA>,,,,,,,,,,,,,,,,,,,,,,,,,,2024-04-08,
<NA>,,,,,,,,,,,,,,,,,,,,,,,,,,2024-04-08,
<NA>,,,,,,,,,,,,,,,,,,,,,,,,,,2024-04-16,
<NA>,,,,,,,,,,,,,,,,,,,,,,,,,,2024-04-30,
<NA>,,,,,,,,,,,,,,,,,,,,,,,,,,2024-04-16,
<NA>,,,,,,,,,,,,,,,,,,,,,,,,,,2024-04-16,
<NA>,,,,,,,,,,,,,,,,,,,,,,,,,,2024-04-16,
<NA>,,,,,,,,,,,,,,,,,,,,,,,,,,2024-04-04,
<NA>,,,,,,,,,,,,,,,,,,,,,,,,,,2024-04-19,
<NA>,,,,,,,,,,,,,,,,,,,,,,,,,,2024-04-12,
<NA>,,,,,,,,,,,,,,,,,,,,,,,,,,2024-04-12,
<NA>,,,,,,,,,,,,,,,,,,,,,,,,,,2024-04-25,
<NA>,,,,,,,,,,,,,,,,,,,,,,,,,,2024-04-26,
<NA>,,,,,,,,,,,,,,,,,,,,,,,,,,2024-04-26,
<NA>,,,,,,,,,,,,,,,,,,,,,,,,,,2024-04-26,
<NA>,,,,,,,,,,,,,,,,,,,,,,,,,,2024-04-09,
<NA>,,,,,,,,,,,,,,,,,,,,,,,,,,2024-04-09,
<NA>,,,,,,,,,,,,,,,,,,,,,,,,,,2024-04-09,
<NA>,,,,,,,,,,,,,,,,,,,,,,,,,,2024-04-09,
<NA>,,,,,,,,,,,,,,,,,,,,,,,,,,2024-04-09,
<NA>,,,,,,,,,,,,,,,,,,,,,,,,,,2024-04-09,
<NA>,,,,,,,,,,,,,,,,,,,,,,,,,,2024-04-09,
<NA>,,,,,,,,,,,,,,,,,,,,,,,,,,2024-04-09,
<NA>,,,,,,,,,,,,,,,,,,,,,,,,,,2024-04-09,
<NA>,,,,,,,,,,,,,,,,,,,,,,,,,,2024-04-23,
<NA>,,,,,,,,,,,,,,,,,,,,,,,,,,2024-04-09,
<NA>,,,,,,,,,,,,,,,,,,,,,,,,,,2024-04-09,
<NA>,,,,,,,,,,,,,,,,,,,,,,,,,,2024-04-09,
<NA>,,,,,,,,,,,,,,,,,,,,,,,,,,2024-04-12,
<NA>,,,,,,,,,,,,,,,,,,,,,,,,,,2024-04-18,
<NA>,,,,,,,,,,,,,,,,,,,,,,,,,,2024-04-18,
<NA>,,,,,,,,,,,,,,,,,,,,,,,,,,2024-04-16,
<NA>,,,,,,,,,,,,,,,,,,,,,,,,,,2024-04-09,
<NA>,,,,,,,,,,,,,,,,,,,,,,,,,,2024-04-18,
<NA>,,,,,,,,,,,,,,,,,,,,,,,,,,2024-04-09,
<NA>,,,,,,,,,,,,,,,,,,,,,,,,,,2024-04-18,
<NA>,,,,,,,,,,,,,,,,,,,,,,,,,,2024-04-03,
<NA>,,,,,,,,,,,,,,,,,,,,,,,,,,2024-04-03,
<NA>,,,,,,,,,,,,,,,,,,,,,,,,,,2024-04-09,
<NA>,,,,,,,,,,,,,,,,,,,,,,,,,,2024-04-24,
<NA>,,,,,,,,,,,,,,,,,,,,,,,,,,2024-04-04,
<NA>,,,,,,,,,,,,,,,,,,,,,,,,,,2024-04-27,
<NA>,,Renewal work of Karorwa link road,,,,,,,,,,,,,,,,,,,,,,,,2024-04-15,
<NA>,,Renewal work of Lucknow-Sultanpur road Km.6 to railway crossing (left side of Bakas Minor) link road,,,,,,,,,,,,,,,,,,,,,,,,2024-04-15,
<NA>,,,,,,,,,,,,,,,,,,,,,,,,,,2024-04-15,
<NA>,,,,,,,,,,,,,,,,,,,,,,,,,,2024-04-15,
<NA>,,,,,,,,,,,,,,,,,,,,,,,,,,2024-04-15,
<NA>,,,,,,,,,,,,,,,,,,,,,,,,,,2024-04-10,
<NA>,,,,,,,,,,,,,,,,,,,,,,,,,,2024-04-15,
<NA>,,,,,,,,,,,,,,,,,,,,,,,,,,2024-04-16,
<NA>,,,,,,,,,,,,,,,,,,,,,,,,,,2024-04-16,
<NA>,,,,,,,,,,,,,,,,,,,,,,,,,,2024-04-16,
<NA>,,,,,,,,,,,,,,,,,,,,,,,,,,2024-04-16,
<NA>,,,,,,,,,,,,,,,,,,,,,,,,,,2024-04-16,
<NA>,,,,,,,,,,,,,,,,,,,,,,,,,,2024-04-16,
<NA>,,,,,,,,,,,,,,,,,,,,,,,,,,2024-04-16,
<NA>,,,,,,,,,,,,,,,,,,,,,,,,,,2024-04-18,
<NA>,,,,,,,,,,,,,,,,,,,,,,,,,,2024-04-18,
<NA>,,,,,,,,,,,,,,,,,,,,,,,,,,2024-04-24,
<NA>,,,,,,,,,,,,,,,,,,,,,,,,,,2024-04-24,
<NA>,,,,,,,,,,,,,,,,,,,,,,,,,,2024-04-20,
<NA>,,,,,,,,,,,,,,,,,,,,,,,,,,2024-04-20,
<NA>,,,,,,,,,,,,,,,,,,,,,,,,,,2024-04-20,
<NA>,,,,,,,,,,,,,,,,,,,,,,,,,,2024-04-24,
<NA>,,,,,,,,,,,,,,,,,,,,,,,,,,2024-04-27,
<NA>,,,,,,,,,,,,,,,,,,,,,,,,,,2024-04-27,
<NA>,,,,,,,,,,,,,,,,,,,,,,,,,,2024-04-27,
<NA>,,,,,,,,,,,,,,,,,,,,,,,,,,2024-04-03,
<NA>,,,,,,,,,,,,,,,,,,,,,,,,,,2024-04-23,
<NA>,,,,,,,,,,,,,,,,,,,,,,,,,,2024-04-03,
<NA>,,,,,,,,,,,,,,,,,,,,,,,,,,2024-04-03,
<NA>,,,,,,,,,,,,,,,,,,,,,,,,,,2024-04-03,
<NA>,,,,,,,,,,,,,,,,,,,,,,,,,,2024-04-15,
<NA>,,,,,,,,,,,,,,,,,,,,,,,,,,2024-04-18,
<NA>,,,,,,,,,,,,,,,,,,,,,,,,,,2024-04-06,
<NA>,,,,,,,,,,,,,,,,,,,,,,,,,,2024-04-04,
<NA>,,,,,,,,,,,,,,,,,,,,,,,,,,2024-04-16,
<NA>,,,,,,,,,,,,,,,,,,,,,,,,,,2024-04-06,
<NA>,,,,,,,,,,,,,,,,,,,,,,,,,,2024-04-03,
<NA>,,,,,,,,,,,,,,,,,,,,,,,,,,2024-04-16,
<NA>,,,,,,,,,,,,,,,,,,,,,,,,,,2024-04-16,
<NA>,,,,,,,,,,,,,,,,,,,,,,,,,,2024-04-16,
<NA>,,,,,,,,,,,,,,,,,,,,,,,,,,2024-04-16,
<NA>,,,,,,,,,,,,,,,,,,,,,,,,,,2024-04-16,
<NA>,,,,,,,,,,,,,,,,,,,,,,,,,,2024-04-18,
<NA>,,,,,,,,,,,,,,,,,,,,,,,,,,2024-04-18,
<NA>,,,,,,,,,,,,,,,,,,,,,,,,,,2024-04-08,
<NA>,,,,,,,,,,,,,,,,,,,,,,,,,,2024-04-23,
<NA>,,,,,,,,,,,,,,,,,,,,,,,,,,2024-04-23,
<NA>,,,,,,,,,,,,,,,,,,,,,,,,,,2024-04-23,
<NA>,,,,,,,,,,,,,,,,,,,,,,,,,,2024-04-23,
<NA>,,,,,,,,,,,,,,,,,,,,,,,,,,2024-04-08,
<NA>,,,,,,,,,,,,,,,,,,,,,,,,,,2024-04-08,
<NA>,,,,,,,,,,,,,,,,,,,,,,,,,,2024-04-15,
<NA>,,,,,,,,,,,,,,,,,,,,,,,,,,2024-04-19,
<NA>,,,,,,,,,,,,,,,,,,,,,,,,,,2024-04-08,
<NA>,,,,,,,,,,,,,,,,,,,,,,,,,,2024-04-03,
<NA>,,,,,,,,,,,,,,,,,,,,,,,,,,2024-04-22,
<NA>,,,,,,,,,,,,,,,,,,,,,,,,,,2024-04-06,
<NA>,,,,,,,,,,,,,,,,,,,,,,,,,,2024-04-05,
<NA>,,,,,,,,,,,,,,,,,,,,,,,,,,2024-04-03,
<NA>,,,,,,,,,,,,,,,,,,,,,,,,,,2024-04-27,
<NA>,,,,,,,,,,,,,,,,,,,,,,,,,,2024-04-03,
<NA>,,,,,,,,,,,,,,,,,,,,,,,,,,2024-04-03,
<NA>,,,,,,,,,,,,,,,,,,,,,,,,,,2024-04-03,
<NA>,,,,,,,,,,,,,,,,,,,,,,,,,,2024-04-12,
<NA>,,,,,,,,,,,,,,,,,,,,,,,,,,2024-04-22,
<NA>,,,,,,,,,,,,,,,,,,,,,,,,,,2024-04-24,
<NA>,,,,,,,,,,,,,,,,,,,,,,,,,,2024-04-29,
<NA>,,,,,,,,,,,,,,,,,,,,,,,,,,2024-04-04,
<NA>,,,,,,,,,,,,,,,,,,,,,,,,,,2024-04-29,
<NA>,,,,,,,,,,,,,,,,,,,,,,,,,,2024-04-02,
<NA>,,,,,,,,,,,,,,,,,,,,,,,,,,2024-04-02,
<NA>,,,,,,,,,,,,,,,,,,,,,,,,,,2024-04-27,
<NA>,,,,,,,,,,,,,,,,,,,,,,,,,,2024-04-15,
<NA>,,,,,,,,,,,,,,,,,,,,,,,,,,2024-04-03,
<NA>,,,,,,,,,,,,,,,,,,,,,,,,,,2024-04-03,
<NA>,,,,,,,,,,,,,,,,,,,,,,,,,,2024-04-03,
<NA>,,,,,,,,,,,,,,,,,,,,,,,,,,2024-04-18,
<NA>,,,,,,,,,,,,,,,,,,,,,,,,,,2024-04-23,
<NA>,,,,,,,,,,,,,,,,,,,,,,,,,,2024-04-29,
<NA>,,,,,,,,,,,,,,,,,,,,,,,,,,2024-04-18,
<NA>,,,,,,,,,,,,,,,,,,,,,,,,,,2024-04-18,
<NA>,,,,,,,,,,,,,,,,,,,,,,,,,,2024-04-18,
<NA>,,,,,,,,,,,,,,,,,,,,,,,,,,2024-04-26,
<NA>,,,,,,,,,,,,,,,,,,,,,,,,,,2024-04-03,
<NA>,,,,,,,,,,,,,,,,,,,,,,,,,,2024-04-29,
<NA>,,,,,,,,,,,,,,,,,,,,,,,,,,2024-04-29,
<NA>,,,,,,,,,,,,,,,,,,,,,,,,,,2024-04-03,
<NA>,,,,,,,,,,,,,,,,,,,,,,,,,,2024-04-04,
<NA>,,,,,,,,,,,,,,,,,,,,,,,,,,2024-04-20,
<NA>,,,,,,,,,,,,,,,,,,,,,,,,,,2024-04-18,
<NA>,,,,,,,,,,,,,,,,,,,,,,,,,,2024-04-26,
<NA>,,,,,,,,,,,,,,,,,,,,,,,,,,2024-04-20,
<NA>,,,,,,,,,,,,,,,,,,,,,,,,,,2024-04-26,
<NA>,,,,,,,,,,,,,,,,,,,,,,,,,,2024-04-20,
<NA>,,,,,,,,,,,,,,,,,,,,,,,,,,2024-04-26,
<NA>,,,,,,,,,,,,,,,,,,,,,,,,,,2024-04-20,
<NA>,,,,,,,,,,,,,,,,,,,,,,,,,,2024-04-20,
<NA>,,,,,,,,,,,,,,,,,,,,,,,,,,2024-04-12,
<NA>,,,,,,,,,,,,,,,,,,,,,,,,,,2024-04-06,
<NA>,,,,,,,,,,,,,,,,,,,,,,,,,,2024-04-04,
<NA>,,,,,,,,,,,,,,,,,,,,,,,,,,2024-04-03,
<NA>,,,,,,,,,,,,,,,,,,,,,,,,,,2024-04-03,
<NA>,,,,,,,,,,,,,,,,,,,,,,,,,,2024-04-04,
<NA>,,,,,,,,,,,,,,,,,,,,,,,,,,2024-04-15,
<NA>,,,,,,,,,,,,,,,,,,,,,,,,,,2024-04-26,
<NA>,,,,,,,,,,,,,,,,,,,,,,,,,,2024-04-03,
<NA>,,,,,,,,,,,,,,,,,,,,,,,,,,2024-04-03,
<NA>,,,,,,,,,,,,,,,,,,,,,,,,,,2024-04-04,
<NA>,,,,,,,,,,,,,,,,,,,,,,,,,,2024-04-26,
<NA>,,,,,,,,,,,,,,,,,,,,,,,,,,2024-04-26,
<NA>,,,,,,,,,,,,,,,,,,,,,,,,,,2024-04-27,
<NA>,,,,,,,,,,,,,,,,,,,,,,,,,,2024-04-12,
<NA>,,,,,,,,,,,,,,,,,,,,,,,,,,2024-04-02,
<NA>,,,,,,,,,,,,,,,,,,,,,,,,,,2024-04-08,
<NA>,,,,,,,,,,,,,,,,,,,,,,,,,,2024-04-04,
<NA>,,,,,,,,,,,,,,,,,,,,,,,,,,2024-04-18,
<NA>,,,,,,,,,,,,,,,,,,,,,,,,,,2024-04-12,
<NA>,,,,,,,,,,,,,,,,,,,,,,,,,,2024-04-24,
<NA>,,,,,,,,,,,,,,,,,,,,,,,,,,2024-04-15,
<NA>,,,,,,,,,,,,,,,,,,,,,,,,,,2024-04-01,
<NA>,,,,,,,,,,,,,,,,,,,,,,,,,,2024-04-24,
<NA>,,,,,,,,,,,,,,,,,,,,,,,,,,2024-04-01,
<NA>,,,,,,,,,,,,,,,,,,,,,,,,,,2024-04-01,
<NA>,,,,,,,,,,,,,,,,,,,,,,,,,,2024-04-01,
<NA>,,,,,,,,,,,,,,,,,,,,,,,,,,2024-04-01,
<NA>,,,,,,,,,,,,,,,,,,,,,,,,,,2024-04-01,
<NA>,,,,,,,,,,,,,,,,,,,,,,,,,,2024-04-01,
<NA>,,,,,,,,,,,,,,,,,,,,,,,,,,2024-04-01,
<NA>,,,,,,,,,,,,,,,,,,,,,,,,,,2024-04-01,
<NA>,,,,,,,,,,,,,,,,,,,,,,,,,,2024-04-01,
<NA>,,,,,,,,,,,,,,,,,,,,,,,,,,2024-04-01,
<NA>,,,,,,,,,,,,,,,,,,,,,,,,,,2024-04-01,
<NA>,,,,,,,,,,,,,,,,,,,,,,,,,,2024-04-01,
<NA>,,,,,,,,,,,,,,,,,,,,,,,,,,2024-04-01,
<NA>,,,,,,,,,,,,,,,,,,,,,,,,,,2024-04-01,
<NA>,,,,,,,,,,,,,,,,,,,,,,,,,,2024-04-01,
<NA>,,,,,,,,,,,,,,,,,,,,,,,,,,2024-04-01,
<NA>,,,,,,,,,,,,,,,,,,,,,,,,,,2024-04-01,
<NA>,,,,,,,,,,,,,,,,,,,,,,,,,,2024-04-01,
<NA>,,,,,,,,,,,,,,,,,,,,,,,,,,2024-04-01,
<NA>,,,,,,,,,,,,,,,,,,,,,,,,,,2024-04-01,
<NA>,,,,,,,,,,,,,,,,,,,,,,,,,,2024-04-01,
<NA>,,,,,,,,,,,,,,,,,,,,,,,,,,2024-04-01,
<NA>,,,,,,,,,,,,,,,,,,,,,,,,,,2024-04-01,
<NA>,,,,,,,,,,,,,,,,,,,,,,,,,,2024-04-01,
<NA>,,,,,,,,,,,,,,,,,,,,,,,,,,2024-04-01,
<NA>,,,,,,,,,,,,,,,,,,,,,,,,,,2024-04-01,
<NA>,,,,,,,,,,,,,,,,,,,,,,,,,,2024-04-01,
<NA>,,,,,,,,,,,,,,,,,,,,,,,,,,2024-04-01,
<NA>,,,,,,,,,,,,,,,,,,,,,,,,,,2024-04-01,
<NA>,,,,,,,,,,,,,,,,,,,,,,,,,,2024-04-01,
<NA>,,,,,,,,,,,,,,,,,,,,,,,,,,2024-04-01,
<NA>,,,,,,,,,,,,,,,,,,,,,,,,,,2024-04-01,
<NA>,,,,,,,,,,,,,,,,,,,,,,,,,,2024-04-01,
<NA>,,,,,,,,,,,,,,,,,,,,,,,,,,2024-04-01,
<NA>,,,,,,,,,,,,,,,,,,,,,,,,,,2024-04-01,
<NA>,,,,,,,,,,,,,,,,,,,,,,,,,,2024-04-01,
<NA>,,,,,,,,,,,,,,,,,,,,,,,,,,2024-04-01,
<NA>,,,,,,,,,,,,,,,,,,,,,,,,,,2024-04-12,
<NA>,,,,,,,,,,,,,,,,,,,,,,,,,,2024-04-12,
<NA>,,,,,,,,,,,,,,,,,,,,,,,,,,2024-04-12,
<NA>,,,,,,,,,,,,,,,,,,,,,,,,,,2024-04-01,
<NA>,,,,,,,,,,,,,,,,,,,,,,,,,,2024-04-01,
<NA>,,,,,,,,,,,,,,,,,,,,,,,,,,2024-04-11,
<NA>,,,,,,,,,,,,,,,,,,,,,,,,,,2024-04-01,
<NA>,,,,,,,,,,,,,,,,,,,,,,,,,,2024-04-12,
<NA>,,,,,,,,,,,,,,,,,,,,,,,,,,2024-04-01,
<NA>,,,,,,,,,,,,,,,,,,,,,,,,,,2024-04-12,
<NA>,,,,,,,,,,,,,,,,,,,,,,,,,,2024-04-01,
<NA>,,,,,,,,,,,,,,,,,,,,,,,,,,2024-04-01,
<NA>,,,,,,,,,,,,,,,,,,,,,,,,,,2024-04-01,
<NA>,,,,,,,,,,,,,,,,,,,,,,,,,,2024-04-01,
<NA>,,,,,,,,,,,,,,,,,,,,,,,,,,2024-04-01,
<NA>,,,,,,,,,,,,,,,,,,,,,,,,,,2024-04-01,
<NA>,,,,,,,,,,,,,,,,,,,,,,,,,,2024-04-01,
<NA>,,,,,,,,,,,,,,,,,,,,,,,,,,2024-04-01,
<NA>,,,,,,,,,,,,,,,,,,,,,,,,,,2024-04-01,
<NA>,,,,,,,,,,,,,,,,,,,,,,,,,,2024-04-01,
<NA>,,,,,,,,,,,,,,,,,,,,,,,,,,2024-04-01,
<NA>,,,,,,,,,,,,,,,,,,,,,,,,,,2024-04-01,
<NA>,,,,,,,,,,,,,,,,,,,,,,,,,,2024-04-01,
<NA>,,,,,,,,,,,,,,,,,,,,,,,,,,2024-04-01,
<NA>,,,,,,,,,,,,,,,,,,,,,,,,,,2024-04-01,
<NA>,,,,,,,,,,,,,,,,,,,,,,,,,,2024-04-01,
<NA>,,,,,,,,,,,,,,,,,,,,,,,,,,2024-04-01,
<NA>,,,,,,,,,,,,,,,,,,,,,,,,,,2024-04-01,
<NA>,,,,,,,,,,,,,,,,,,,,,,,,,,2024-04-01,
<NA>,,,,,,,,,,,,,,,,,,,,,,,,,,2024-04-01,
<NA>,,,,,,,,,,,,,,,,,,,,,,,,,,2024-04-01,
<NA>,,,,,,,,,,,,,,,,,,,,,,,,,,2024-04-01,
<NA>,,,,,,,,,,,,,,,,,,,,,,,,,,2024-04-01,
<NA>,,,,,,,,,,,,,,,,,,,,,,,,,,2024-04-01,
<NA>,,,,,,,,,,,,,,,,,,,,,,,,,,2024-04-01,
<NA>,,,,,,,,,,,,,,,,,,,,,,,,,,2024-04-01,
<NA>,,,,,,,,,,,,,,,,,,,,,,,,,,2024-04-01,
<NA>,,,,,,,,,,,,,,,,,,,,,,,,,,2024-04-01,
<NA>,,,,,,,,,,,,,,,,,,,,,,,,,,2024-04-01,
<NA>,,,,,,,,,,,,,,,,,,,,,,,,,,2024-04-01,
<NA>,,,,,,,,,,,,,,,,,,,,,,,,,,2024-04-30,
<NA>,,,,,,,,,,,,,,,,,,,,,,,,,,2024-04-30,
<NA>,,,,,,,,,,,,,,,,,,,,,,,,,,2024-04-01,
<NA>,,,,,,,,,,,,,,,,,,,,,,,,,,2024-04-01,
<NA>,,,,,,,,,,,,,,,,,,,,,,,,,,2024-04-01,
<NA>,,,,,,,,,,,,,,,,,,,,,,,,,,2024-04-01,
<NA>,,,,,,,,,,,,,,,,,,,,,,,,,,2024-04-01,
<NA>,,,,,,,,,,,,,,,,,,,,,,,,,,2024-04-01,
<NA>,,,,,,,,,,,,,,,,,,,,,,,,,,2024-04-01,
<NA>,,,,,,,,,,,,,,,,,,,,,,,,,,2024-04-01,
<NA>,,,,,,,,,,,,,,,,,,,,,,,,,,2024-04-01,
<NA>,,,,,,,,,,,,,,,,,,,,,,,,,,2024-04-01,
<NA>,,,,,,,,,,,,,,,,,,,,,,,,,,2024-04-01,
<NA>,,,,,,,,,,,,,,,,,,,,,,,,,,2024-04-01,
<NA>,,,,,,,,,,,,,,,,,,,,,,,,,,2024-04-01,
<NA>,,,,,,,,,,,,,,,,,,,,,,,,,,2024-04-01,
<NA>,,,,,,,,,,,,,,,,,,,,,,,,,,2024-04-01,
<NA>,,,,,,,,,,,,,,,,,,,,,,,,,,2024-04-01,
<NA>,,,,,,,,,,,,,,,,,,,,,,,,,,2024-04-01,
<NA>,,,,,,,,,,,,,,,,,,,,,,,,,,2024-04-01,
<NA>,,,,,,,,,,,,,,,,,,,,,,,,,,2024-04-01,
<NA>,,,,,,,,,,,,,,,,,,,,,,,,,,2024-04-01,
<NA>,,,,,,,,,,,,,,,,,,,,,,,,,,2024-04-01,
<NA>,,,,,,,,,,,,,,,,,,,,,,,,,,2024-04-01,
<NA>,,,,,,,,,,,,,,,,,,,,,,,,,,2024-04-01,
<NA>,,,,,,,,,,,,,,,,,,,,,,,,,,2024-04-01,
<NA>,,,,,,,,,,,,,,,,,,,,,,,,,,2024-04-01,
<NA>,,,,,,,,,,,,,,,,,,,,,,,,,,2024-04-01,
<NA>,,,,,,,,,,,,,,,,,,,,,,,,,,2024-04-01,
<NA>,,,,,,,,,,,,,,,,,,,,,,,,,,2024-04-01,
<NA>,,,,,,,,,,,,,,,,,,,,,,,,,,2024-04-01,
<NA>,,,,,,,,,,,,,,,,,,,,,,,,,,2024-04-01,
<NA>,,,,,,,,,,,,,,,,,,,,,,,,,,2024-04-01,
<NA>,,,,,,,,,,,,,,,,,,,,,,,,,,2024-04-01,
<NA>,,,,,,,,,,,,,,,,,,,,,,,,,,2024-04-01,
<NA>,,,,,,,,,,,,,,,,,,,,,,,,,,2024-04-01,
<NA>,,,,,,,,,,,,,,,,,,,,,,,,,,2024-04-01,
<NA>,,,,,,,,,,,,,,,,,,,,,,,,,,2024-04-01,
<NA>,,,,,,,,,,,,,,,,,,,,,,,,,,2024-04-01,
<NA>,,,,,,,,,,,,,,,,,,,,,,,,,,2024-04-01,
<NA>,,,,,,,,,,,,,,,,,,,,,,,,,,2024-04-01,
<NA>,,,,,,,,,,,,,,,,,,,,,,,,,,2024-04-01,
<NA>,,,,,,,,,,,,,,,,,,,,,,,,,,2024-04-01,
<NA>,,,,,,,,,,,,,,,,,,,,,,,,,,2024-04-01,
<NA>,,,,,,,,,,,,,,,,,,,,,,,,,,2024-04-01,
<NA>,,,,,,,,,,,,,,,,,,,,,,,,,,2024-04-01,
<NA>,,,,,,,,,,,,,,,,,,,,,,,,,,2024-04-01,
<NA>,,,,,,,,,,,,,,,,,,,,,,,,,,2024-04-01,
<NA>,,,,,,,,,,,,,,,,,,,,,,,,,,2024-04-01,
<NA>,,,,,,,,,,,,,,,,,,,,,,,,,,2024-04-01,
<NA>,,,,,,,,,,,,,,,,,,,,,,,,,,2024-04-01,
<NA>,,,,,,,,,,,,,,,,,,,,,,,,,,2024-04-01,
<NA>,,,,,,,,,,,,,,,,,,,,,,,,,,2024-04-01,
<NA>,,,,,,,,,,,,,,,,,,,,,,,,,,2024-04-01,
<NA>,,,,,,,,,,,,,,,,,,,,,,,,,,2024-04-01,
<NA>,,,,,,,,,,,,,,,,,,,,,,,,,,2024-04-01,
<NA>,,,,,,,,,,,,,,,,,,,,,,,,,,2024-04-01,
<NA>,,,,,,,,,,,,,,,,,,,,,,,,,,2024-04-01,
<NA>,,,,,,,,,,,,,,,,,,,,,,,,,,2024-04-01,
<NA>,,,,,,,,,,,,,,,,,,,,,,,,,,2024-04-01,
<NA>,,,,,,,,,,,,,,,,,,,,,,,,,,2024-04-01,
<NA>,,,,,,,,,,,,,,,,,,,,,,,,,,2024-04-01,
<NA>,,,,,,,,,,,,,,,,,,,,,,,,,,2024-04-01,
<NA>,,,,,,,,,,,,,,,,,,,,,,,,,,2024-04-01,
<NA>,,,,,,,,,,,,,,,,,,,,,,,,,,2024-04-01,
<NA>,,,,,,,,,,,,,,,,,,,,,,,,,,2024-04-01,
<NA>,,,,,,,,,,,,,,,,,,,,,,,,,,2024-04-01,
<NA>,,,,,,,,,,,,,,,,,,,,,,,,,,2024-04-01,
<NA>,,,,,,,,,,,,,,,,,,,,,,,,,,2024-04-01,
<NA>,,,,,,,,,,,,,,,,,,,,,,,,,,2024-04-01,
<NA>,,,,,,,,,,,,,,,,,,,,,,,,,,2024-04-10,
<NA>,,,,,,,,,,,,,,,,,,,,,,,,,,2024-04-10,
<NA>,,,,,,,,,,,,,,,,,,,,,,,,,,2024-04-10,
<NA>,,,,,,,,,,,,,,,,,,,,,,,,,,2024-04-10,
<NA>,,,,,,,,,,,,,,,,,,,,,,,,,,2024-04-01,
<NA>,,,,,,,,,,,,,,,,,,,,,,,,,,2024-04-01,
<NA>,,,,,,,,,,,,,,,,,,,,,,,,,,2024-04-01,
<NA>,,,,,,,,,,,,,,,,,,,,,,,,,,2024-04-01,
<NA>,,,,,,,,,,,,,,,,,,,,,,,,,,2024-04-01,
<NA>,,,,,,,,,,,,,,,,,,,,,,,,,,2024-04-01,
<NA>,,,,,,,,,,,,,,,,,,,,,,,,,,2024-04-01,
<NA>,,,,,,,,,,,,,,,,,,,,,,,,,,2024-04-23,
<NA>,,,,,,,,,,,,,,,,,,,,,,,,,,2024-04-23,
<NA>,,,,,,,,,,,,,,,,,,,,,,,,,,2024-04-01,
<NA>,,,,,,,,,,,,,,,,,,,,,,,,,,2024-04-01,
<NA>,,,,,,,,,,,,,,,,,,,,,,,,,,2024-04-01,
<NA>,,,,,,,,,,,,,,,,,,,,,,,,,,2024-04-01,
<NA>,,,,,,,,,,,,,,,,,,,,,,,,,,2024-04-01,
<NA>,,,,,,,,,,,,,,,,,,,,,,,,,,2024-04-01,
<NA>,,,,,,,,,,,,,,,,,,,,,,,,,,2024-04-01,
<NA>,,,,,,,,,,,,,,,,,,,,,,,,,,2024-04-01,
<NA>,,,,,,,,,,,,,,,,,,,,,,,,,,2024-04-01,
<NA>,,,,,,,,,,,,,,,,,,,,,,,,,,2024-04-01,
<NA>,,,,,,,,,,,,,,,,,,,,,,,,,,2024-04-01,
<NA>,,,,,,,,,,,,,,,,,,,,,,,,,,2024-04-01,
<NA>,,,,,,,,,,,,,,,,,,,,,,,,,,2024-04-12,
<NA>,,,,,,,,,,,,,,,,,,,,,,,,,,2024-04-25,
<NA>,,,,,,,,,,,,,,,,,,,,,,,,,,2024-04-25,
<NA>,,,,,,,,,,,,,,,,,,,,,,,,,,2024-04-25,
<NA>,,,,,,,,,,,,,,,,,,,,,,,,,,2024-04-25,
<NA>,,,,,,,,,,,,,,,,,,,,,,,,,,2024-04-25,
<NA>,,,,,,,,,,,,,,,,,,,,,,,,,,2024-04-25,
<NA>,,,,,,,,,,,,,,,,,,,,,,,,,,2024-04-25,
<NA>,,,,,,,,,,,,,,,,,,,,,,,,,,2024-04-25,
<NA>,,,,,,,,,,,,,,,,,,,,,,,,,,2024-04-25,
<NA>,,,,,,,,,,,,,,,,,,,,,,,,,,2024-04-01,
<NA>,,,,,,,,,,,,,,,,,,,,,,,,,,2024-04-01,
<NA>,,,,,,,,,,,,,,,,,,,,,,,,,,2024-04-01,
<NA>,,,,,,,,,,,,,,,,,,,,,,,,,,2024-04-01,
<NA>,,,,,,,,,,,,,,,,,,,,,,,,,,2024-04-01,
<NA>,,,,,,,,,,,,,,,,,,,,,,,,,,2024-04-01,
<NA>,,,,,,,,,,,,,,,,,,,,,,,,,,2024-04-01,
<NA>,,,,,,,,,,,,,,,,,,,,,,,,,,2024-04-01,
<NA>,,,,,,,,,,,,,,,,,,,,,,,,,,2024-04-01,
<NA>,,,,,,,,,,,,,,,,,,,,,,,,,,2024-04-01,
<NA>,,,,,,,,,,,,,,,,,,,,,,,,,,2024-04-01,
<NA>,,,,,,,,,,,,,,,,,,,,,,,,,,2024-04-01,
<NA>,,,,,,,,,,,,,,,,,,,,,,,,,,2024-04-05,
<NA>,,,,,,,,,,,,,,,,,,,,,,,,,,2024-04-06,
<NA>,,,,,,,,,,,,,,,,,,,,,,,,,,2024-04-06,
<NA>,,,,,,,,,,,,,,,,,,,,,,,,,,2024-04-08,
<NA>,,,,,,,,,,,,,,,,,,,,,,,,,,2024-04-05,
<NA>,,,,,,,,,,,,,,,,,,,,,,,,,,2024-04-08,
<NA>,,,,,,,,,,,,,,,,,,,,,,,,,,2024-04-16,
<NA>,,,,,,,,,,,,,,,,,,,,,,,,,,2024-04-18,
<NA>,,,,,,,,,,,,,,,,,,,,,,,,,,2024-04-06,
<NA>,,,,,,,,,,,,,,,,,,,,,,,,,,2024-04-16,
<NA>,,,,,,,,,,,,,,,,,,,,,,,,,,2024-04-08,
<NA>,,,,,,,,,,,,,,,,,,,,,,,,,,2024-04-08,
<NA>,,,,,,,,,,,,,,,,,,,,,,,,,,2024-04-08,
<NA>,,,,,,,,,,,,,,,,,,,,,,,,,,2024-04-08,
<NA>,,,,,,,,,,,,,,,,,,,,,,,,,,2024-04-25,
<NA>,,,,,,,,,,,,,,,,,,,,,,,,,,2024-04-15,
<NA>,,,,,,,,,,,,,,,,,,,,,,,,,,2024-04-16,
<NA>,,,,,,,,,,,,,,,,,,,,,,,,,,2024-04-16,
<NA>,,108/EWC(B)/2023-24,,,,,,,,,,,,,,,,,,,,,,,,2024-04-25,
<NA>,,,,,,,,,,,,,,,,,,,,,,,,,,2024-04-01,
<NA>,,,,,,,,,,,,,,,,,,,,,,,,,,2024-04-01,
<NA>,,,,,,,,,,,,,,,,,,,,,,,,,,2024-04-01,
<NA>,,,,,,,,,,,,,,,,,,,,,,,,,,2024-04-01,
<NA>,,,,,,,,,,,,,,,,,,,,,,,,,,2024-04-01,
<NA>,,,,,,,,,,,,,,,,,,,,,,,,,,2024-04-01,
<NA>,,,,,,,,,,,,,,,,,,,,,,,,,,2024-04-01,
<NA>,,,,,,,,,,,,,,,,,,,,,,,,,,2024-04-01,
<NA>,,,,,,,,,,,,,,,,,,,,,,,,,,2024-04-01,
<NA>,,,,,,,,,,,,,,,,,,,,,,,,,,2024-04-01,
<NA>,,,,,,,,,,,,,,,,,,,,,,,,,,2024-04-01,
<NA>,,,,,,,,,,,,,,,,,,,,,,,,,,2024-04-01,
<NA>,,,,,,,,,,,,,,,,,,,,,,,,,,2024-04-01,
<NA>,,,,,,,,,,,,,,,,,,,,,,,,,,2024-04-01,
<NA>,,,,,,,,,,,,,,,,,,,,,,,,,,2024-04-01,
<NA>,,,,,,,,,,,,,,,,,,,,,,,,,,2024-04-01,
<NA>,,,,,,,,,,,,,,,,,,,,,,,,,,2024-04-01,
<NA>,,,,,,,,,,,,,,,,,,,,,,,,,,2024-04-01,
<NA>,,Selection of Implementation Agency for Implementation of Surveillance and Crowd Management System on Rental basis for Prayagraj Maha Kumbh 2025,,,,,,,,,,,,,,,,,,,,,,,,2024-04-29,
<NA>,,,,,,,,,,,,,,,,,,,,,,,,,,2024-04-15,
<NA>,,,,,,,,,,,,,,,,,,,,,,,,,,2024-04-15,
<NA>,,,,,,,,,,,,,,,,,,,,,,,,,,2024-04-20,
<NA>,,,,,,,,,,,,,,,,,,,,,,,,,,2024-04-18,
<NA>,,,,,,,,,,,,,,,,,,,,,,,,,,2024-04-18,
<NA>,,,,,,,,,,,,,,,,,,,,,,,,,,2024-04-25,
<NA>,,,,,,,,,,,,,,,,,,,,,,,,,,2024-04-25,
<NA>,,,,,,,,,,,,,,,,,,,,,,,,,,2024-04-20,
<NA>,,,,,,,,,,,,,,,,,,,,,,,,,,2024-04-01,
<NA>,,,,,,,,,,,,,,,,,,,,,,,,,,2024-04-20,
<NA>,,,,,,,,,,,,,,,,,,,,,,,,,,2024-04-20,
<NA>,,,,,,,,,,,,,,,,,,,,,,,,,,2024-04-01,
<NA>,,,,,,,,,,,,,,,,,,,,,,,,,,2024-04-01,
<NA>,,,,,,,,,,,,,,,,,,,,,,,,,,2024-04-01,
<NA>,,,,,,,,,,,,,,,,,,,,,,,,,,2024-04-01,
<NA>,,,,,,,,,,,,,,,,,,,,,,,,,,2024-04-01,
<NA>,,,,,,,,,,,,,,,,,,,,,,,,,,2024-04-01,
<NA>,,,,,,,,,,,,,,,,,,,,,,,,,,2024-04-01,
<NA>,,,,,,,,,,,,,,,,,,,,,,,,,,2024-04-01,
<NA>,,,,,,,,,,,,,,,,,,,,,,,,,,2024-04-01,
<NA>,,,,,,,,,,,,,,,,,,,,,,,,,,2024-04-06,
<NA>,,,,,,,,,,,,,,,,,,,,,,,,,,2024-04-01,
<NA>,,,,,,,,,,,,,,,,,,,,,,,,,,2024-04-18,
<NA>,,,,,,,,,,,,,,,,,,,,,,,,,,2024-04-18,
<NA>,,,,,,,,,,,,,,,,,,,,,,,,,,2024-04-23,
<NA>,,,,,,,,,,,,,,,,,,,,,,,,,,2024-04-23,
<NA>,,,,,,,,,,,,,,,,,,,,,,,,,,2024-04-23,
<NA>,,,,,,,,,,,,,,,,,,,,,,,,,,2024-04-23,
<NA>,,,,,,,,,,,,,,,,,,,,,,,,,,2024-04-23,
<NA>,,,,,,,,,,,,,,,,,,,,,,,,,,2024-04-23,
<NA>,,,,,,,,,,,,,,,,,,,,,,,,,,2024-04-23,
<NA>,,,,,,,,,,,,,,,,,,,,,,,,,,2024-04-23,
<NA>,,,,,,,,,,,,,,,,,,,,,,,,,,2024-04-30,
<NA>,,,,,,,,,,,,,,,,,,,,,,,,,,2024-04-27,
<NA>,,,,,,,,,,,,,,,,,,,,,,,,,,2024-04-27,
<NA>,,,,,,,,,,,,,,,,,,,,,,,,,,2024-04-27,
<NA>,,,,,,,,,,,,,,,,,,,,,,,,,,2024-04-27,
<NA>,,,,,,,,,,,,,,,,,,,,,,,,,,2024-04-01,
<NA>,,,,,,,,,,,,,,,,,,,,,,,,,,2024-04-04,
<NA>,,,,,,,,,,,,,,,,,,,,,,,,,,2024-04-04,
<NA>,,,,,,,,,,,,,,,,,,,,,,,,,,2024-04-25,
<NA>,,,,,,,,,,,,,,,,,,,,,,,,,,2024-04-25,
<NA>,,,,,,,,,,,,,,,,,,,,,,,,,,2024-04-04,
<NA>,,,,,,,,,,,,,,,,,,,,,,,,,,2024-04-16,
<NA>,,,,,,,,,,,,,,,,,,,,,,,,,,2024-04-16,
<NA>,,,,,,,,,,,,,,,,,,,,,,,,,,2024-04-16,
<NA>,,,,,,,,,,,,,,,,,,,,,,,,,,2024-04-16,
<NA>,,,,,,,,,,,,,,,,,,,,,,,,,,2024-04-16,
<NA>,,,,,,,,,,,,,,,,,,,,,,,,,,2024-04-16,
<NA>,,,,,,,,,,,,,,,,,,,,,,,,,,2024-04-16,
<NA>,,,,,,,,,,,,,,,,,,,,,,,,,,2024-04-26,
<NA>,,,,,,,,,,,,,,,,,,,,,,,,,,2024-04-26,
<NA>,,,,,,,,,,,,,,,,,,,,,,,,,,2024-04-26,
<NA>,,,,,,,,,,,,,,,,,,,,,,,,,,2024-04-26,
<NA>,,,,,,,,,,,,,,,,,,,,,,,,,,2024-04-15,
<NA>,,,,,,,,,,,,,,,,,,,,,,,,,,2024-04-15,
<NA>,,,,,,,,,,,,,,,,,,,,,,,,,,2024-04-25,
<NA>,,,,,,,,,,,,,,,,,,,,,,,,,,2024-04-15,
<NA>,,,,,,,,,,,,,,,,,,,,,,,,,,2024-04-19,
<NA>,,,,,,,,,,,,,,,,,,,,,,,,,,2024-04-19,
<NA>,,,,,,,,,,,,,,,,,,,,,,,,,,2024-04-19,
<NA>,,,,,,,,,,,,,,,,,,,,,,,,,,2024-04-19,
<NA>,,,,,,,,,,,,,,,,,,,,,,,,,,2024-04-19,
<NA>,,,,,,,,,,,,,,,,,,,,,,,,,,2024-04-20,
<NA>,,,,,,,,,,,,,,,,,,,,,,,,,,2024-04-20,
<NA>,,,,,,,,,,,,,,,,,,,,,,,,,,2024-04-30,
<NA>,,,,,,,,,,,,,,,,,,,,,,,,,,2024-04-04,
<NA>,,,,,,,,,,,,,,,,,,,,,,,,,,2024-04-29,
<NA>,,,,,,,,,,,,,,,,,,,,,,,,,,2024-04-12,
<NA>,,,,,,,,,,,,,,,,,,,,,,,,,,2024-04-12,
<NA>,,,,,,,,,,,,,,,,,,,,,,,,,,2024-04-24,
<NA>,,,,,,,,,,,,,,,,,,,,,,,,,,2024-04-19,
<NA>,,,,,,,,,,,,,,,,,,,,,,,,,,2024-04-19,
<NA>,,,,,,,,,,,,,,,,,,,,,,,,,,2024-04-19,
<NA>,,,,,,,,,,,,,,,,,,,,,,,,,,2024-04-19,
<NA>,,,,,,,,,,,,,,,,,,,,,,,,,,2024-04-19,
<NA>,,,,,,,,,,,,,,,,,,,,,,,,,,2024-04-19,
<NA>,,,,,,,,,,,,,,,,,,,,,,,,,,2024-04-19,
<NA>,,,,,,,,,,,,,,,,,,,,,,,,,,2024-04-19,
<NA>,,,,,,,,,,,,,,,,,,,,,,,,,,2024-04-19,
<NA>,,,,,,,,,,,,,,,,,,,,,,,,,,2024-04-19,
<NA>,,,,,,,,,,,,,,,,,,,,,,,,,,2024-04-08,
<NA>,,,,,,,,,,,,,,,,,,,,,,,,,,2024-04-20,
<NA>,,,,,,,,,,,,,,,,,,,,,,,,,,2024-04-08,
<NA>,,,,,,,,,,,,,,,,,,,,,,,,,,2024-04-08,
<NA>,,,,,,,,,,,,,,,,,,,,,,,,,,2024-04-10,
<NA>,,,,,,,,,,,,,,,,,,,,,,,,,,2024-04-25,
<NA>,,,,,,,,,,,,,,,,,,,,,,,,,,2024-04-10,
<NA>,,,,,,,,,,,,,,,,,,,,,,,,,,2024-04-25,
<NA>,,,,,,,,,,,,,,,,,,,,,,,,,,2024-04-10,
<NA>,,,,,,,,,,,,,,,,,,,,,,,,,,2024-04-02,
<NA>,,,,,,,,,,,,,,,,,,,,,,,,,,2024-04-16,
<NA>,,,,,,,,,,,,,,,,,,,,,,,,,,2024-04-15,
<NA>,,,,,,,,,,,,,,,,,,,,,,,,,,2024-04-08,
<NA>,,,,,,,,,,,,,,,,,,,,,,,,,,2024-04-08,
<NA>,,,,,,,,,,,,,,,,,,,,,,,,,,2024-04-08,
<NA>,,,,,,,,,,,,,,,,,,,,,,,,,,2024-04-03,
<NA>,,,,,,,,,,,,,,,,,,,,,,,,,,2024-04-03,
<NA>,,,,,,,,,,,,,,,,,,,,,,,,,,2024-04-03,
<NA>,,,,,,,,,,,,,,,,,,,,,,,,,,2024-04-03,
<NA>,,,,,,,,,,,,,,,,,,,,,,,,,,2024-04-20,
<NA>,,,,,,,,,,,,,,,,,,,,,,,,,,2024-04-20,
<NA>,,,,,,,,,,,,,,,,,,,,,,,,,,2024-04-20,
<NA>,,,,,,,,,,,,,,,,,,,,,,,,,,2024-04-20,
<NA>,,,,,,,,,,,,,,,,,,,,,,,,,,2024-04-20,
<NA>,,,,,,,,,,,,,,,,,,,,,,,,,,2024-04-20,
<NA>,,,,,,,,,,,,,,,,,,,,,,,,,,2024-04-20,
<NA>,,,,,,,,,,,,,,,,,,,,,,,,,,2024-04-20,
<NA>,,,,,,,,,,,,,,,,,,,,,,,,,,2024-04-20,
<NA>,,,,,,,,,,,,,,,,,,,,,,,,,,2024-04-20,
<NA>,,,,,,,,,,,,,,,,,,,,,,,,,,2024-04-20,
<NA>,,,,,,,,,,,,,,,,,,,,,,,,,,2024-04-20,
<NA>,,,,,,,,,,,,,,,,,,,,,,,,,,2024-04-20,
<NA>,,,,,,,,,,,,,,,,,,,,,,,,,,2024-04-20,
<NA>,,,,,,,,,,,,,,,,,,,,,,,,,,2024-04-20,
<NA>,,,,,,,,,,,,,,,,,,,,,,,,,,2024-04-20,
<NA>,,,,,,,,,,,,,,,,,,,,,,,,,,2024-04-20,
<NA>,,,,,,,,,,,,,,,,,,,,,,,,,,2024-04-20,
<NA>,,,,,,,,,,,,,,,,,,,,,,,,,,2024-04-20,
<NA>,,,,,,,,,,,,,,,,,,,,,,,,,,2024-04-18,
<NA>,,,,,,,,,,,,,,,,,,,,,,,,,,2024-04-30,
<NA>,,,,,,,,,,,,,,,,,,,,,,,,,,2024-04-30,
<NA>,,,,,,,,,,,,,,,,,,,,,,,,,,2024-04-30,
<NA>,,,,,,,,,,,,,,,,,,,,,,,,,,2024-04-13,
<NA>,,,,,,,,,,,,,,,,,,,,,,,,,,2024-04-26,
<NA>,,,,,,,,,,,,,,,,,,,,,,,,,,2024-04-12,
<NA>,,,,,,,,,,,,,,,,,,,,,,,,,,2024-04-22,
<NA>,,,,,,,,,,,,,,,,,,,,,,,,,,2024-04-03,
<NA>,,,,,,,,,,,,,,,,,,,,,,,,,,2024-04-03,
<NA>,,,,,,,,,,,,,,,,,,,,,,,,,,2024-04-01,
<NA>,,,,,,,,,,,,,,,,,,,,,,,,,,2024-04-24,
<NA>,,,,,,,,,,,,,,,,,,,,,,,,,,2024-04-08,
<NA>,,,,,,,,,,,,,,,,,,,,,,,,,,2024-04-05,
<NA>,,,,,,,,,,,,,,,,,,,,,,,,,,2024-04-05,
<NA>,,,,,,,,,,,,,,,,,,,,,,,,,,2024-04-05,
<NA>,,,,,,,,,,,,,,,,,,,,,,,,,,2024-04-08,
<NA>,,,,,,,,,,,,,,,,,,,,,,,,,,2024-04-08,
<NA>,,,,,,,,,,,,,,,,,,,,,,,,,,2024-04-08,
<NA>,,,,,,,,,,,,,,,,,,,,,,,,,,2024-04-25,
<NA>,,,,,,,,,,,,,,,,,,,,,,,,,,2024-04-25,
<NA>,,,,,,,,,,,,,,,,,,,,,,,,,,2024-04-06,
<NA>,,,,,,,,,,,,,,,,,,,,,,,,,,2024-04-12,
<NA>,,,,,,,,,,,,,,,,,,,,,,,,,,2024-04-12,
<NA>,,,,,,,,,,,,,,,,,,,,,,,,,,2024-04-03,
<NA>,,,,,,,,,,,,,,,,,,,,,,,,,,2024-04-03,
<NA>,,,,,,,,,,,,,,,,,,,,,,,,,,2024-04-03,
<NA>,,,,,,,,,,,,,,,,,,,,,,,,,,2024-04-03,
<NA>,,,,,,,,,,,,,,,,,,,,,,,,,,2024-04-03,
<NA>,,,,,,,,,,,,,,,,,,,,,,,,,,2024-04-22,
<NA>,,,,,,,,,,,,,,,,,,,,,,,,,,2024-04-16,
<NA>,,,,,,,,,,,,,,,,,,,,,,,,,,2024-04-16,
<NA>,,,,,,,,,,,,,,,,,,,,,,,,,,2024-04-22,
<NA>,,,,,,,,,,,,,,,,,,,,,,,,,,2024-04-30,
<NA>,,,,,,,,,,,,,,,,,,,,,,,,,,2024-04-25,
<NA>,,,,,,,,,,,,,,,,,,,,,,,,,,2024-04-25,
<NA>,,,,,,,,,,,,,,,,,,,,,,,,,,2024-04-25,
<NA>,,,,,,,,,,,,,,,,,,,,,,,,,,2024-04-06,
<NA>,,,,,,,,,,,,,,,,,,,,,,,,,,2024-04-20,
<NA>,,,,,,,,,,,,,,,,,,,,,,,,,,2024-04-20,
<NA>,,,,,,,,,,,,,,,,,,,,,,,,,,2024-04-20,
<NA>,,,,,,,,,,,,,,,,,,,,,,,,,,2024-04-20,
<NA>,,,,,,,,,,,,,,,,,,,,,,,,,,2024-04-20,
<NA>,,,,,,,,,,,,,,,,,,,,,,,,,,2024-04-20,
<NA>,,,,,,,,,,,,,,,,,,,,,,,,,,2024-04-20,
<NA>,,,,,,,,,,,,,,,,,,,,,,,,,,2024-04-20,
<NA>,,,,,,,,,,,,,,,,,,,,,,,,,,2024-04-20,
<NA>,,,,,,,,,,,,,,,,,,,,,,,,,,2024-04-20,
<NA>,,,,,,,,,,,,,,,,,,,,,,,,,,2024-04-29,
<NA>,,,,,,,,,,,,,,,,,,,,,,,,,,2024-04-29,
<NA>,,,,,,,,,,,,,,,,,,,,,,,,,,2024-04-29,
<NA>,,,,,,,,,,,,,,,,,,,,,,,,,,2024-04-16,
<NA>,,,,,,,,,,,,,,,,,,,,,,,,,,2024-04-16,
<NA>,,,,,,,,,,,,,,,,,,,,,,,,,,2024-04-16,
<NA>,,,,,,,,,,,,,,,,,,,,,,,,,,2024-04-16,
<NA>,,,,,,,,,,,,,,,,,,,,,,,,,,2024-04-12,
<NA>,,,,,,,,,,,,,,,,,,,,,,,,,,2024-04-10,
<NA>,,,,,,,,,,,,,,,,,,,,,,,,,,2024-04-16,
<NA>,,,,,,,,,,,,,,,,,,,,,,,,,,2024-04-16,
<NA>,,,,,,,,,,,,,,,,,,,,,,,,,,2024-04-16,
<NA>,,,,,,,,,,,,,,,,,,,,,,,,,,2024-04-16,
<NA>,,,,,,,,,,,,,,,,,,,,,,,,,,2024-04-20,
<NA>,,,,,,,,,,,,,,,,,,,,,,,,,,2024-04-20,
<NA>,,,,,,,,,,,,,,,,,,,,,,,,,,2024-04-20,
<NA>,,,,,,,,,,,,,,,,,,,,,,,,,,2024-04-22,
<NA>,,,,,,,,,,,,,,,,,,,,,,,,,,2024-04-22,
<NA>,,,,,,,,,,,,,,,,,,,,,,,,,,2024-04-22,
<NA>,,,,,,,,,,,,,,,,,,,,,,,,,,2024-04-22,
<NA>,,,,,,,,,,,,,,,,,,,,,,,,,,2024-04-16,
<NA>,,,,,,,,,,,,,,,,,,,,,,,,,,2024-04-20,
<NA>,,,,,,,,,,,,,,,,,,,,,,,,,,2024-04-18,
<NA>,,,,,,,,,,,,,,,,,,,,,,,,,,2024-04-18,
<NA>,,,,,,,,,,,,,,,,,,,,,,,,,,2024-04-18,
<NA>,,,,,,,,,,,,,,,,,,,,,,,,,,2024-04-18,
<NA>,,,,,,,,,,,,,,,,,,,,,,,,,,2024-04-18,
<NA>,,,,,,,,,,,,,,,,,,,,,,,,,,2024-04-18,
<NA>,,,,,,,,,,,,,,,,,,,,,,,,,,2024-04-02,
<NA>,,,,,,,,,,,,,,,,,,,,,,,,,,2024-04-08,
<NA>,,,,,,,,,,,,,,,,,,,,,,,,,,2024-04-26,
<NA>,,,,,,,,,,,,,,,,,,,,,,,,,,2024-04-26,
<NA>,,,,,,,,,,,,,,,,,,,,,,,,,,2024-04-26,
<NA>,,,,,,,,,,,,,,,,,,,,,,,,,,2024-04-27,
<NA>,,,,,,,,,,,,,,,,,,,,,,,,,,2024-04-27,
<NA>,,,,,,,,,,,,,,,,,,,,,,,,,,2024-04-27,
<NA>,,,,,,,,,,,,,,,,,,,,,,,,,,2024-04-24,
<NA>,,,,,,,,,,,,,,,,,,,,,,,,,,2024-04-24,
<NA>,,,,,,,,,,,,,,,,,,,,,,,,,,2024-04-24,
<NA>,,,,,,,,,,,,,,,,,,,,,,,,,,2024-04-08,
<NA>,,,,,,,,,,,,,,,,,,,,,,,,,,2024-04-05,
<NA>,,,,,,,,,,,,,,,,,,,,,,,,,,2024-04-05,
<NA>,,,,,,,,,,,,,,,,,,,,,,,,,,2024-04-04,
<NA>,,,,,,,,,,,,,,,,,,,,,,,,,,2024-04-05,
<NA>,,,,,,,,,,,,,,,,,,,,,,,,,,2024-04-05,
<NA>,,,,,,,,,,,,,,,,,,,,,,,,,,2024-04-06,
<NA>,,,,,,,,,,,,,,,,,,,,,,,,,,2024-04-06,
<NA>,,,,,,,,,,,,,,,,,,,,,,,,,,2024-04-06,
<NA>,,,,,,,,,,,,,,,,,,,,,,,,,,2024-04-06,
<NA>,,,,,,,,,,,,,,,,,,,,,,,,,,2024-04-09,
<NA>,,,,,,,,,,,,,,,,,,,,,,,,,,2024-04-09,
<NA>,,,,,,,,,,,,,,,,,,,,,,,,,,2024-04-02,
<NA>,,,,,,,,,,,,,,,,,,,,,,,,,,2024-04-05,
<NA>,,,,,,,,,,,,,,,,,,,,,,,,,,2024-04-05,
<NA>,,,,,,,,,,,,,,,,,,,,,,,,,,2024-04-08,
<NA>,,,,,,,,,,,,,,,,,,,,,,,,,,2024-04-05,
<NA>,,,,,,,,,,,,,,,,,,,,,,,,,,2024-04-05,
<NA>,,,,,,,,,,,,,,,,,,,,,,,,,,2024-04-05,
<NA>,,,,,,,,,,,,,,,,,,,,,,,,,,2024-04-05,
<NA>,,,,,,,,,,,,,,,,,,,,,,,,,,2024-04-05,
<NA>,,,,,,,,,,,,,,,,,,,,,,,,,,2024-04-05,
<NA>,,,,,,,,,,,,,,,,,,,,,,,,,,2024-04-05,
<NA>,,,,,,,,,,,,,,,,,,,,,,,,,,2024-04-08,
<NA>,,,,,,,,,,,,,,,,,,,,,,,,,,2024-04-03,
<NA>,,,,,,,,,,,,,,,,,,,,,,,,,,2024-04-03,
<NA>,,,,,,,,,,,,,,,,,,,,,,,,,,2024-04-03,
<NA>,,,,,,,,,,,,,,,,,,,,,,,,,,2024-04-13,
<NA>,,,,,,,,,,,,,,,,,,,,,,,,,,2024-04-15,
<NA>,,,,,,,,,,,,,,,,,,,,,,,,,,2024-04-13,
<NA>,,,,,,,,,,,,,,,,,,,,,,,,,,2024-04-22,
<NA>,,,,,,,,,,,,,,,,,,,,,,,,,,2024-04-16,
<NA>,,,,,,,,,,,,,,,,,,,,,,,,,,2024-04-12,
<NA>,,,,,,,,,,,,,,,,,,,,,,,,,,2024-04-12,
<NA>,,,,,,,,,,,,,,,,,,,,,,,,,,2024-04-12,
<NA>,,,,,,,,,,,,,,,,,,,,,,,,,,2024-04-12,
<NA>,,,,,,,,,,,,,,,,,,,,,,,,,,2024-04-12,
<NA>,,,,,,,,,,,,,,,,,,,,,,,,,,2024-04-12,
<NA>,,,,,,,,,,,,,,,,,,,,,,,,,,2024-04-12,
<NA>,,,,,,,,,,,,,,,,,,,,,,,,,,2024-04-12,
<NA>,,,,,,,,,,,,,,,,,,,,,,,,,,2024-04-12,
<NA>,,,,,,,,,,,,,,,,,,,,,,,,,,2024-04-12,
<NA>,,,,,,,,,,,,,,,,,,,,,,,,,,2024-04-12,
<NA>,,,,,,,,,,,,,,,,,,,,,,,,,,2024-04-19,
<NA>,,,,,,,,,,,,,,,,,,,,,,,,,,2024-04-16,
<NA>,,,,,,,,,,,,,,,,,,,,,,,,,,2024-04-16,
<NA>,,,,,,,,,,,,,,,,,,,,,,,,,,2024-04-16,
<NA>,,,,,,,,,,,,,,,,,,,,,,,,,,2024-04-16,
<NA>,,,,,,,,,,,,,,,,,,,,,,,,,,2024-04-10,
<NA>,,,,,,,,,,,,,,,,,,,,,,,,,,2024-04-19,
<NA>,,,,,,,,,,,,,,,,,,,,,,,,,,2024-04-30,
<NA>,,,,,,,,,,,,,,,,,,,,,,,,,,2024-04-22,
<NA>,,,,,,,,,,,,,,,,,,,,,,,,,,2024-04-18,
<NA>,,,,,,,,,,,,,,,,,,,,,,,,,,2024-04-29,
<NA>,,,,,,,,,,,,,,,,,,,,,,,,,,2024-04-29,
<NA>,,,,,,,,,,,,,,,,,,,,,,,,,,2024-04-18,
<NA>,,,,,,,,,,,,,,,,,,,,,,,,,,2024-04-18,
<NA>,,,,,,,,,,,,,,,,,,,,,,,,,,2024-04-18,
<NA>,,,,,,,,,,,,,,,,,,,,,,,,,,2024-04-24,
<NA>,,,,,,,,,,,,,,,,,,,,,,,,,,2024-04-24,
<NA>,,,,,,,,,,,,,,,,,,,,,,,,,,2024-04-24,
<NA>,,,,,,,,,,,,,,,,,,,,,,,,,,2024-04-24,
<NA>,,,,,,,,,,,,,,,,,,,,,,,,,,2024-04-24,
<NA>,,,,,,,,,,,,,,,,,,,,,,,,,,2024-04-16,
<NA>,,,,,,,,,,,,,,,,,,,,,,,,,,2024-04-16,
<NA>,,,,,,,,,,,,,,,,,,,,,,,,,,2024-04-18,
<NA>,,,,,,,,,,,,,,,,,,,,,,,,,,2024-04-22,
<NA>,,,,,,,,,,,,,,,,,,,,,,,,,,2024-04-24,
<NA>,,,,,,,,,,,,,,,,,,,,,,,,,,2024-04-12,
<NA>,,,,,,,,,,,,,,,,,,,,,,,,,,2024-04-01,
<NA>,,,,,,,,,,,,,,,,,,,,,,,,,,2024-04-27,
<NA>,,,,,,,,,,,,,,,,,,,,,,,,,,2024-04-08,
<NA>,,,,,,,,,,,,,,,,,,,,,,,,,,2024-04-15,
<NA>,,,,,,,,,,,,,,,,,,,,,,,,,,2024-04-06,
<NA>,,,,,,,,,,,,,,,,,,,,,,,,,,2024-04-06,
<NA>,,,,,,,,,,,,,,,,,,,,,,,,,,2024-04-06,
<NA>,,,,,,,,,,,,,,,,,,,,,,,,,,2024-04-06,
<NA>,,,,,,,,,,,,,,,,,,,,,,,,,,2024-04-06,
<NA>,,,,,,,,,,,,,,,,,,,,,,,,,,2024-04-06,
<NA>,,,,,,,,,,,,,,,,,,,,,,,,,,2024-04-13,
<NA>,,,,,,,,,,,,,,,,,,,,,,,,,,2024-04-01,
<NA>,,,,,,,,,,,,,,,,,,,,,,,,,,2024-04-06,
<NA>,,,,,,,,,,,,,,,,,,,,,,,,,,2024-04-06,
<NA>,,,,,,,,,,,,,,,,,,,,,,,,,,2024-04-06,
<NA>,,,,,,,,,,,,,,,,,,,,,,,,,,2024-04-06,
<NA>,,,,,,,,,,,,,,,,,,,,,,,,,,2024-04-06,
<NA>,,,,,,,,,,,,,,,,,,,,,,,,,,2024-04-06,
<NA>,,,,,,,,,,,,,,,,,,,,,,,,,,2024-04-06,
<NA>,,,,,,,,,,,,,,,,,,,,,,,,,,2024-04-06,
<NA>,,,,,,,,,,,,,,,,,,,,,,,,,,2024-04-30,
<NA>,,,,,,,,,,,,,,,,,,,,,,,,,,2024-04-17,
<NA>,,,,,,,,,,,,,,,,,,,,,,,,,,2024-04-17,
<NA>,,,,,,,,,,,,,,,,,,,,,,,,,,2024-04-23,
<NA>,,,,,,,,,,,,,,,,,,,,,,,,,,2024-04-23,
<NA>,,,,,,,,,,,,,,,,,,,,,,,,,,2024-04-23,
<NA>,,,,,,,,,,,,,,,,,,,,,,,,,,2024-04-03,
<NA>,,,,,,,,,,,,,,,,,,,,,,,,,,2024-04-03,
<NA>,,,,,,,,,,,,,,,,,,,,,,,,,,2024-04-03,
<NA>,,,,,,,,,,,,,,,,,,,,,,,,,,2024-04-03,
<NA>,,,,,,,,,,,,,,,,,,,,,,,,,,2024-04-03,
<NA>,,,,,,,,,,,,,,,,,,,,,,,,,,2024-04-03,
<NA>,,,,,,,,,,,,,,,,,,,,,,,,,,2024-04-03,
<NA>,,,,,,,,,,,,,,,,,,,,,,,,,,2024-04-03,
<NA>,,,,,,,,,,,,,,,,,,,,,,,,,,2024-04-03,
<NA>,,,,,,,,,,,,,,,,,,,,,,,,,,2024-04-03,
<NA>,,,,,,,,,,,,,,,,,,,,,,,,,,2024-04-03,
<NA>,,,,,,,,,,,,,,,,,,,,,,,,,,2024-04-03,
<NA>,,,,,,,,,,,,,,,,,,,,,,,,,,2024-04-03,
<NA>,,,,,,,,,,,,,,,,,,,,,,,,,,2024-04-03,
<NA>,,,,,,,,,,,,,,,,,,,,,,,,,,2024-04-25,
<NA>,,,,,,,,,,,,,,,,,,,,,,,,,,2024-04-25,
<NA>,,,,,,,,,,,,,,,,,,,,,,,,,,2024-04-05,
<NA>,,,,,,,,,,,,,,,,,,,,,,,,,,2024-04-17,
<NA>,,,,,,,,,,,,,,,,,,,,,,,,,,2024-04-24,
<NA>,,,,,,,,,,,,,,,,,,,,,,,,,,2024-04-24,
<NA>,,,,,,,,,,,,,,,,,,,,,,,,,,2024-04-24,
<NA>,,,,,,,,,,,,,,,,,,,,,,,,,,2024-04-25,
<NA>,,,,,,,,,,,,,,,,,,,,,,,,,,2024-04-25,
<NA>,,,,,,,,,,,,,,,,,,,,,,,,,,2024-04-25,
<NA>,,,,,,,,,,,,,,,,,,,,,,,,,,2024-04-05,
<NA>,,,,,,,,,,,,,,,,,,,,,,,,,,2024-04-25,
<NA>,,,,,,,,,,,,,,,,,,,,,,,,,,2024-04-09,
<NA>,,,,,,,,,,,,,,,,,,,,,,,,,,2024-04-09,
<NA>,,,,,,,,,,,,,,,,,,,,,,,,,,2024-04-09,
<NA>,,,,,,,,,,,,,,,,,,,,,,,,,,2024-04-05,
<NA>,,,,,,,,,,,,,,,,,,,,,,,,,,2024-04-06,
<NA>,,,,,,,,,,,,,,,,,,,,,,,,,,2024-04-06,
<NA>,,,,,,,,,,,,,,,,,,,,,,,,,,2024-04-09,
<NA>,,,,,,,,,,,,,,,,,,,,,,,,,,2024-04-09,
<NA>,,,,,,,,,,,,,,,,,,,,,,,,,,2024-04-09,
<NA>,,,,,,,,,,,,,,,,,,,,,,,,,,2024-04-19,
<NA>,,,,,,,,,,,,,,,,,,,,,,,,,,2024-04-18,
<NA>,,,,,,,,,,,,,,,,,,,,,,,,,,2024-04-15,
<NA>,,,,,,,,,,,,,,,,,,,,,,,,,,2024-04-15,
<NA>,,,,,,,,,,,,,,,,,,,,,,,,,,2024-04-15,
<NA>,,,,,,,,,,,,,,,,,,,,,,,,,,2024-04-21,
<NA>,,,,,,,,,,,,,,,,,,,,,,,,,,2024-04-15,
<NA>,,,,,,,,,,,,,,,,,,,,,,,,,,2024-04-15,
<NA>,,,,,,,,,,,,,,,,,,,,,,,,,,2024-04-15,
<NA>,,,,,,,,,,,,,,,,,,,,,,,,,,2024-04-15,
<NA>,,,,,,,,,,,,,,,,,,,,,,,,,,2024-04-21,
<NA>,,,,,,,,,,,,,,,,,,,,,,,,,,2024-04-15,
<NA>,,,,,,,,,,,,,,,,,,,,,,,,,,2024-04-21,
<NA>,,,,,,,,,,,,,,,,,,,,,,,,,,2024-04-21,
<NA>,,,,,,,,,,,,,,,,,,,,,,,,,,2024-04-18,
<NA>,,,,,,,,,,,,,,,,,,,,,,,,,,2024-04-10,
<NA>,,,,,,,,,,,,,,,,,,,,,,,,,,2024-04-05,
<NA>,,,,,,,,,,,,,,,,,,,,,,,,,,2024-04-05,
<NA>,,,,,,,,,,,,,,,,,,,,,,,,,,2024-04-05,
<NA>,,,,,,,,,,,,,,,,,,,,,,,,,,2024-04-05,
<NA>,,,,,,,,,,,,,,,,,,,,,,,,,,2024-04-05,
<NA>,,,,,,,,,,,,,,,,,,,,,,,,,,2024-04-15,
<NA>,,,,,,,,,,,,,,,,,,,,,,,,,,2024-04-22,
<NA>,,,,,,,,,,,,,,,,,,,,,,,,,,2024-04-04,
<NA>,,,,,,,,,,,,,,,,,,,,,,,,,,2024-04-18,
<NA>,,,,,,,,,,,,,,,,,,,,,,,,,,2024-04-27,
<NA>,,,,,,,,,,,,,,,,,,,,,,,,,,2024-04-27,
<NA>,,,,,,,,,,,,,,,,,,,,,,,,,,2024-04-27,
<NA>,,,,,,,,,,,,,,,,,,,,,,,,,,2024-04-04,
<NA>,,,,,,,,,,,,,,,,,,,,,,,,,,2024-04-05,
<NA>,,,,,,,,,,,,,,,,,,,,,,,,,,2024-04-05,
<NA>,,,,,,,,,,,,,,,,,,,,,,,,,,2024-04-24,
<NA>,,,,,,,,,,,,,,,,,,,,,,,,,,2024-04-04,
<NA>,,,,,,,,,,,,,,,,,,,,,,,,,,2024-04-30,
<NA>,,,,,,,,,,,,,,,,,,,,,,,,,,2024-04-25,
<NA>,,,,,,,,,,,,,,,,,,,,,,,,,,2024-04-12,
<NA>,,,,,,,,,,,,,,,,,,,,,,,,,,2024-04-12,
<NA>,,,,,,,,,,,,,,,,,,,,,,,,,,2024-04-30,
<NA>,,Road Marking Work on Antu Sangipur Road,,,,,,,,,,,,,,,,,,,,,,,,2024-04-10,
<NA>,,SR of Lakhraow To Dhakwa Via Kodari Saruwa Link Road,,,,,,,,,,,,,,,,,,,,,,,,2024-04-10,
<NA>,,1-Construction of New Rest Room Toilet and CC Road at Numaish Ground in Distt Muzaffarnagar,,,,,,,,,,,,,,,,,,,,,,,,2024-04-03,
<NA>,,"Maintenance of Trees, Shrubs and Balance Plantation in Central Verge and RSP in Sector Ecotech-XI With Two Year Maintenance, Greater Noida",,,,,,,,,,,,,,,,,,,,,,,,2024-04-04,
<NA>,,CADWM WORK RATH (LOT-01),,,,,,,,,,,,,,,,,,,,,,,,2024-04-04,
<NA>,,Execution of Gangawali Mini Pilot-Design and Build,,,,,,,,,,,,,,,,,,,,,,,,2024-04-04,
