Tender ID,tender_externalreference,tender_title,Work Description,Tender Category,Tender Type,Form of contract,Product Category,Is Multi Currency Allowed For BOQ,Allow Two Stage Bidding,Independent External Monitor/Remarks,Published Date,Pre Bid Meeting Date,Bid Validity(Days),Should Allow NDA Tender,Allow Preferential Bidder,Payment Mode,Bid Opening Date,Organisation Chain,location,Pincode,No of Bids Received,Tender Value in ₹,Bidder Name,Awarded Value,Status,Contract Date,Department
2024_GDAUP_940589_1,653/Horticulture/2024 Date 16-07-2024 (S.n.-3),Horticulture development and one year maintenance of 03 nos park at Pocket-D Madhuban Bapudam Yojna.,,,,,,,,,,,,,,,,Ghaziabad Development Authority,,,,,,"1,303,184.74",,2025-01-01,Ghaziabad Development Authority
2024_DOLBU_968523_1,TS/257/NNN/T.N/2023-24,RFP for Establishment of Community and Web Radio Station,,,,,,,,,,,,,,,,Directorate of Local Bodies UP,,,,,,"4,794,086",,2025-01-10,Directorate of Local Bodies UP
2024_DOLBU_966665_1,TC/223/NNN/TN/2024-25,REQUEST FOR PROPOSAL for Selection of Consulting Firm for setting up Project Management Unit,,,,,,,,,,,,,,,,Directorate of Local Bodies UP,,,,,,"61,800,000",,2025-01-01,Directorate of Local Bodies UP
<NA>,,sr work of jasarana auncha road to nagla durjan road,,,,,,,,,,,,,,,,,,,,,,,,2025-01-13,
<NA>,,sr work ghiror kurawali road to madhan gopal ki madhaiya road,,,,,,,,,,,,,,,,,,,,,,,,2025-01-13,
<NA>,,sr work of shikohabad mainpuri ghiror to nahili road,,,,,,,,,,,,,,,,,,,,,,,,2025-01-28,
<NA>,,sr work of shikohabad mainpuri ghiror to nahili road,,,,,,,,,,,,,,,,,,,,,,,,2025-01-28,
<NA>,,Special Repair work of Farah Parkham to Nagla Chandrabhan road in Distt. Mathura,,,,,,,,,,,,,,,,,,,,,,,,2025-01-21,
<NA>,,Special Repair work of Pitamgarh link road in Distt. Mathura,,,,,,,,,,,,,,,,,,,,,,,,2025-01-20,
<NA>,,Special Repair work of Kanchanpura link road in Distt. Mathura,,,,,,,,,,,,,,,,,,,,,,,,2025-01-31,
<NA>,,Special Repair work of PBMB to Chimla Road,,,,,,,,,,,,,,,,,,,,,,,,2025-01-20,
<NA>,,Special Repair work of Sureer Sikandarpur to Bhagat Nagariya Road,,,,,,,,,,,,,,,,,,,,,,,,2025-01-28,
<NA>,,Renuwal Work at Eka Etah Road to Ninawali Gadia Prasadpur Nagla Ramia Road,,,,,,,,,,,,,,,,,,,,,,,,2025-01-28,
<NA>,,"Renewal work with PC on Parkham main road to Andar tak road (VR) KM 1 (455), 2 (265) in Distt. Mathura",,,,,,,,,,,,,,,,,,,,,,,,2025-01-30,
<NA>,,"Renewal work with PC on Shahapur to Jhandipur road (VR) KM 1, 2, 3 (200) in Distt. Mathura",,,,,,,,,,,,,,,,,,,,,,,,2025-01-30,
<NA>,,Special Repair work of Rajsthan Seem to Sancholi road in Distt. Mathura,,,,,,,,,,,,,,,,,,,,,,,,2025-01-22,
<NA>,,Construction of Prayagraj district to Rajapur Om Nagar in D Yadavs house to Mandakini Mishras house in Mohan Thakurs house,,,,,,,,,,,,,,,,,,,,,,,,2025-01-10,
<NA>,,Construction of Prayagraj district to Rajapur Om Nagar in D Yadavs house to Mandakini Mishras house in Mohan Thakurs house,,,,,,,,,,,,,,,,,,,,,,,,2025-01-10,
<NA>,,Patch repair work in VR various roads under AE-II work area.,,,,,,,,,,,,,,,,,,,,,,,,2025-01-15,
<NA>,,Road Signage work of Bindki Guneer road ODR,,,,,,,,,,,,,,,,,,,,,,,,2025-01-15,
<NA>,,Renewal of Kohandaur Chandauka Road KM3 To Manikanth Link Road,,,,,,,,,,,,,,,,,,,,,,,,2025-01-13,
<NA>,,Renewal of Patti Raja Bazar Road KM5 To Fatehpur Patel Basti Link Road,,,,,,,,,,,,,,,,,,,,,,,,2025-01-13,
<NA>,,Renewal of Kohandaur Chandauka Road KM3 To Manikanth Link Road,,,,,,,,,,,,,,,,,,,,,,,,2025-01-13,
<NA>,,Renewal of Patti Raja Bazar Road KM5 To Fatehpur Patel Basti Link Road,,,,,,,,,,,,,,,,,,,,,,,,2025-01-31,
<NA>,,Renewal of Kansha Patti Mahdaha Bela Chanda Link Road,,,,,,,,,,,,,,,,,,,,,,,,2025-01-31,
<NA>,,Renewal of Bela Link Road,,,,,,,,,,,,,,,,,,,,,,,,2025-01-31,
<NA>,,Renewal of Pura Link Road,,,,,,,,,,,,,,,,,,,,,,,,2025-01-31,
<NA>,,Renewal of Didhuie Varikala Road KM3 To Dindhuie Chauhan Basti Link Road,,,,,,,,,,,,,,,,,,,,,,,,2025-01-31,
<NA>,,Renewal of Rampur Bela To Kalhuganj Kansha Patti Link Road,,,,,,,,,,,,,,,,,,,,,,,,2025-01-31,
<NA>,,Renewal of Patti Raja Bazar Road KM5 To Fatehpur Patel Basti Link Road,,,,,,,,,,,,,,,,,,,,,,,,2025-01-31,
<NA>,,Renewal of Sarshikash Road ka Pura bhaag Link Road,,,,,,,,,,,,,,,,,,,,,,,,2025-01-31,
<NA>,,Renewal of Pure Bansidhar Link Road,,,,,,,,,,,,,,,,,,,,,,,,2025-01-31,
<NA>,,Renewal of Naudera Jagatpur Bhojemau Kailideeh Link Road,,,,,,,,,,,,,,,,,,,,,,,,2025-01-31,
<NA>,,Renewal of Silaudhi Mukya Basti Link Road,,,,,,,,,,,,,,,,,,,,,,,,2025-01-31,
<NA>,,Renewal of Silaudhi Mukya Basti Link Road,,,,,,,,,,,,,,,,,,,,,,,,2025-01-31,
<NA>,,Renewal of Sultanpur Damdam To Sultanpur Saroj Basti Link Road,,,,,,,,,,,,,,,,,,,,,,,,2025-01-31,
<NA>,,Renewal of Sadhopur Link Road,,,,,,,,,,,,,,,,,,,,,,,,2025-01-31,
<NA>,,Renewal of Sadhopur Link Road,,,,,,,,,,,,,,,,,,,,,,,,2025-01-31,
<NA>,,Renewal of Sadhopur Link Road,,,,,,,,,,,,,,,,,,,,,,,,2025-01-31,
<NA>,,Renewal of Fatanpur Beerapur To Bashiraha Pashiyan Basti Link Road,,,,,,,,,,,,,,,,,,,,,,,,2025-01-31,
<NA>,,Renewal of Sadhopur Link Road,,,,,,,,,,,,,,,,,,,,,,,,2025-01-31,
<NA>,,Renewal of Sadhopur Link Road,,,,,,,,,,,,,,,,,,,,,,,,2025-01-31,
<NA>,,Renewal with general repair work of Tonaha to purva to Dhavada Jayanti ka purva link road,,,,,,,,,,,,,,,,,,,,,,,,2025-01-22,
<NA>,,Renewal with General Repair of Sakadha to Sapah link road,,,,,,,,,,,,,,,,,,,,,,,,2025-01-28,
<NA>,,Renewal with general repair of Ashokpur saeganj road,,,,,,,,,,,,,,,,,,,,,,,,2025-01-22,
<NA>,,Renewal with General Repair of Sakadha to Sapah link road,,,,,,,,,,,,,,,,,,,,,,,,2025-01-22,
<NA>,,Renewal with General Repair of Khapara Khanderva to Sikandarpur Aaema road,,,,,,,,,,,,,,,,,,,,,,,,2025-01-28,
<NA>,,Renewal with general repair of Mooratganj to Naugira link road,,,,,,,,,,,,,,,,,,,,,,,,2025-01-28,
<NA>,,Renewal with General Repair of Patti Parvejabad to Lalpur road,,,,,,,,,,,,,,,,,,,,,,,,2025-01-22,
<NA>,,Renewal with general repair of Ashokpur saeganj road,,,,,,,,,,,,,,,,,,,,,,,,2025-01-22,
<NA>,,Renewal with General Repair of Chayal Jalalpur Sana road to Harduva hote hue Ramdayal road se Bhikhari ka purva road,,,,,,,,,,,,,,,,,,,,,,,,2025-01-22,
<NA>,,Renewal with General Repair of Chhota Naugeera road to Bada Naugeera road,,,,,,,,,,,,,,,,,,,,,,,,2025-01-22,
<NA>,,Renewal with General Repair of Chayal Jalalpur Sana road to Harduva hote hue Ramdayal road se Bhikhari ka purva road,,,,,,,,,,,,,,,,,,,,,,,,2025-01-23,
<NA>,,Renewal with General Repair of GT road KM-164 to Chhoti Dhanni,,,,,,,,,,,,,,,,,,,,,,,,2025-01-23,
<NA>,,Renewal with General Repair of GT road KM-164 to Chhoti Dhanni,,,,,,,,,,,,,,,,,,,,,,,,2025-01-23,
<NA>,,Renewal with General Repair of Bheetee school to Railway line,,,,,,,,,,,,,,,,,,,,,,,,2025-01-23,
<NA>,,Renewal with General Repair of Charava lepit Satah to Meeran road,,,,,,,,,,,,,,,,,,,,,,,,2025-01-23,
<NA>,,Renewal with General Repair of Chayal Jalalpur Sana road to Harduva hote hue Ramdayal road se Bhikhari ka purva road,,,,,,,,,,,,,,,,,,,,,,,,2025-01-23,
<NA>,,Renewal with General Repair of Charava lepit Satah to Meeran road,,,,,,,,,,,,,,,,,,,,,,,,2025-01-23,
<NA>,,Renewal with General Repair of Chak Aaema Link road,,,,,,,,,,,,,,,,,,,,,,,,2025-01-23,
<NA>,,Renewal with General Repair of Baleepur Tata road to KM-4 Tyubevel to Shukln Purva,,,,,,,,,,,,,,,,,,,,,,,,2025-01-23,
<NA>,,Renewal with General Repair of Balipur Tata Tirahe to Meeran,,,,,,,,,,,,,,,,,,,,,,,,2025-01-23,
<NA>,,Renewal with general repair of Gohani Udathu Road to Arka link road,,,,,,,,,,,,,,,,,,,,,,,,2025-01-23,
<NA>,,Renewal with General Repair of Chak Aaema Link road,,,,,,,,,,,,,,,,,,,,,,,,2025-01-23,
<NA>,,Renewal with General Repair of Thone Road to Debaramae Road,,,,,,,,,,,,,,,,,,,,,,,,2025-01-23,
<NA>,,Renewal with General Repair of Thone Road to Debaramae Road,,,,,,,,,,,,,,,,,,,,,,,,2025-01-22,
<NA>,,Renewal with General Repair of Murae ka pura link road,,,,,,,,,,,,,,,,,,,,,,,,2025-01-23,
<NA>,,Renewal with General Repair of Thone Road to Debaramae Road,,,,,,,,,,,,,,,,,,,,,,,,2025-01-22,
<NA>,,Renewal with General Repair of Shivpur gadhi Mohiddeenpur Bela to Gosaetara Link road,,,,,,,,,,,,,,,,,,,,,,,,2025-01-22,
<NA>,,Renewal with General Repair of Koriyon to Bakarganj,,,,,,,,,,,,,,,,,,,,,,,,2025-01-22,
<NA>,,Renewal with General Repair of Gonda Makanpur Link road,,,,,,,,,,,,,,,,,,,,,,,,2025-01-22,
<NA>,,Renewal with General Repair of Lotiya Hisampur Baheramau to Meerapur Road,,,,,,,,,,,,,,,,,,,,,,,,2025-01-22,
<NA>,,Renewal with General Repair of Chaura to Bakhtiyara road,,,,,,,,,,,,,,,,,,,,,,,,2025-01-23,
<NA>,,Renewal with General Repair of Chandelan ka purva road KM-02 to Malak Panchbha road,,,,,,,,,,,,,,,,,,,,,,,,2025-01-22,
<NA>,,Renewal with General Repair of Koriyon to Bakarganj,,,,,,,,,,,,,,,,,,,,,,,,2025-01-22,
<NA>,,Special Repair of kanwar Paschim to Nanaka ka Purava Link road.,,,,,,,,,,,,,,,,,,,,,,,,2025-01-23,
<NA>,,Renewal with general repair of jeet ka pura link road,,,,,,,,,,,,,,,,,,,,,,,,2025-01-23,
<NA>,,Special Repair of kanwar Paschim to Nanaka ka Purava Link road.,,,,,,,,,,,,,,,,,,,,,,,,2025-01-22,
<NA>,,Widening of Pukhranya Ghatampur Bindki road (Bakewar to Bindki) on (SH-46A) in district Fatehpur (Abadi portion),,,,,,,,,,,,,,,,,,,,,,,,2025-01-22,
<NA>,,Renewal of Katata Link Road,,,,,,,,,,,,,,,,,,,,,,,,2025-01-31,
<NA>,,Renewal of Teliyani Nahar Ki Patri To Pure Jaghaie Link Road,,,,,,,,,,,,,,,,,,,,,,,,2025-01-31,
<NA>,,Renewal of Babu Patti Saroj Basti Link Road,,,,,,,,,,,,,,,,,,,,,,,,2025-01-31,
<NA>,,Widening strengthening To G.T. Road Se Naudhiya Tikardih hote huye Bharwari road ka awashesh bhag (Naudhiya gram ki abadi bhag me CC road),,,,,,,,,,,,,,,,,,,,,,,,2025-01-31,
<NA>,,Pilkhani Sampark Marg ke Samanya marammat ke saath navinikaran ka karya,,,,,,,,,,,,,,,,,,,,,,,,2025-01-17,
<NA>,,"Widening and strengthening of the road through Raki Mustafabad Narwal road, crossing the Rahatikar Rehua Lalganj road, Chahin, Siloundha, Amishankarpur, Nevli ka Purwa, Rehua Lalganj Road.",,,,,,,,,,,,,,,,,,,,,,,,2025-01-17,
<NA>,,MauAima se Sarai Khwaja Sampark Marg ke Samanya marammat ke saath navinikaran ka karya,,,,,,,,,,,,,,,,,,,,,,,,2025-01-08,
<NA>,,Renewal With General Repair of Sanodi Rajepur Kurra Road to Nagla Jaily Via Nagla Chaturi Road. (Including Five Year Maintenance),,,,,,,,,,,,,,,,,,,,,,,,2025-01-28,
<NA>,,Renewal of Sadabad Jalesar Road to Lohacha Naharpur in FY 2024-25,,,,,,,,,,,,,,,,,,,,,,,,2025-01-31,
<NA>,,Special Repair of Sasni Nanau to Naujarpur N. Khanda Via Akbarpur Road N. Loka Raiya Road,,,,,,,,,,,,,,,,,,,,,,,,2025-01-24,
<NA>,,Renewal of Sadabad Jalesar Road to Lohacha Naharpur in FY 2024-25,,,,,,,,,,,,,,,,,,,,,,,,2025-01-24,
<NA>,,Renewal of GT Road to Sihori Dhiramai Road KM-3 to Nagla Vaay Road in FY 2024-25,,,,,,,,,,,,,,,,,,,,,,,,2025-01-31,
<NA>,,"Renewal Workof Aligarh Raya Mathura to Kanoria Road Via Mehtapur Road in Km-1(880), 2, 3, 4(700), 5(170), Link-1(100), Link-1(180)",,,,,,,,,,,,,,,,,,,,,,,,2025-01-31,
<NA>,,Special Repair of Narona Barla Road to Piploi Babupur Road,,,,,,,,,,,,,,,,,,,,,,,,2025-01-21,
<NA>,,"Renewal Work of Panethi Anwarabad Road Km-1(700), 2, 3, 4 and 5(900)",,,,,,,,,,,,,,,,,,,,,,,,2025-01-21,
<NA>,,"Renewal Work of Aligarh Raya Mathura to Bagh Jwar Via Narayanpur in Km-1, 2, 3 and 4(550)",,,,,,,,,,,,,,,,,,,,,,,,2025-01-31,
<NA>,,Special Repair of Narona Barla Road to Piploi Babupur Road,,,,,,,,,,,,,,,,,,,,,,,,2025-01-31,
<NA>,,Special Repair of Narona Barla Road (ODR),,,,,,,,,,,,,,,,,,,,,,,,2025-01-28,
<NA>,,Special Repair of Narona Barla Road (ODR),,,,,,,,,,,,,,,,,,,,,,,,2025-01-28,
<NA>,,Special Repair of Vijaygarh Abadi to Maloi Road,,,,,,,,,,,,,,,,,,,,,,,,2025-01-28,
<NA>,,Renewal of Nidhauli kalan to dhimar Road to in FY 2024-25,,,,,,,,,,,,,,,,,,,,,,,,2025-01-28,
<NA>,,New Construction Work of Kakraua to Mathana Link Road,,,,,,,,,,,,,,,,,,,,,,,,2025-01-25,
<NA>,,Special Repair Work of Mirzapur to Bihar Harchand Road in Financial Year 2024-25,,,,,,,,,,,,,,,,,,,,,,,,2025-01-25,
<NA>,,Road Safety Work at Widening and Strengthening of Balsandi Khurd Jeva Jaswantpur Mahmoodpur Sahjaniya Raghunathpur Road (Lakhimpur Border) in Distt Shahjahanpur. (Fin-Year 2024-25),,,,,,,,,,,,,,,,,,,,,,,,2025-01-31,
<NA>,,Road Safety Work at Ghantaghar to Railway Station Road via Railway Crossing (ODR) in Distt. Shahjahanpur. (Fin Year 2024-25),,,,,,,,,,,,,,,,,,,,,,,,2025-01-31,
<NA>,,Reconstruction Work of Naya Gaon to Rujwari Link Road In Distt. Shahjahanpur. (Fin Year 2024-25) (By Hot Mix Plant) (Including 05 Years Maintenance),,,,,,,,,,,,,,,,,,,,,,,,2025-01-31,
<NA>,,Road Safety Work at PSHL Road to Rosarkothi Sugar Mil Road in Distt. Shahjahanpur.,,,,,,,,,,,,,,,,,,,,,,,,2025-01-31,
<NA>,,Reconstruction Work of Katra Khudaganj Road to Fulwa Link Road In Distt. Shahjahanpur. (Fin Year 2024-25) (By Hot Mix Plant) (Including 05 Years Maintenance),,,,,,,,,,,,,,,,,,,,,,,,2025-01-31,
<NA>,,Reconstruction Work of Naya Gaon to Rujwari Link Road In Distt. Shahjahanpur. (Fin Year 2024-25) (By Hot Mix Plant) (Including 05 Years Maintenance),,,,,,,,,,,,,,,,,,,,,,,,2025-01-31,
<NA>,,Reconstruction work of Mudiya Navi Bakhsh road to Ghatgaon road by Hot Mix Plant owned by the sugarcane department with 05 years Maintenance in Distt. Bareilly Fin. Year 2024-25,,,,,,,,,,,,,,,,,,,,,,,,2025-01-24,
<NA>,,Reconstruction work of Navayal to Bhkava road by Hot Mix Plant owned by the sugarcane department with 05 years Maintenance in Distt. Bareilly Fin. Year 2024-25,,,,,,,,,,,,,,,,,,,,,,,,2025-01-25,
<NA>,,Reconstruction work of Bara Barar to Unhaini Jagir road by Hot Mix Plant owned by the sugarcane department with 05 years Maintenance in Distt. Bareilly Fin. Year 2024-25,,,,,,,,,,,,,,,,,,,,,,,,2025-01-24,
<NA>,,Reconstruction work of Damkhoda River Bridge to Block Head Quarter road by Hot Mix Plant owned by the sugarcane department with 05 years Maintenance in Distt. Bareilly Fin. Year 2024-25,,,,,,,,,,,,,,,,,,,,,,,,2025-01-25,
<NA>,,Reconstruction work of Mudiya Navi Bakhsh road to Ghatgaon road by Hot Mix Plant owned by the sugarcane department with 05 years Maintenance in Distt. Bareilly Fin. Year 2024-25,,,,,,,,,,,,,,,,,,,,,,,,2025-01-25,
<NA>,,Reconstruction work of Damkhoda River Bridge to Block Head Quarter road by Hot Mix Plant owned by the sugarcane department with 05 years Maintenance in Distt. Bareilly Fin. Year 2024-25,,,,,,,,,,,,,,,,,,,,,,,,2025-01-27,
<NA>,,Reconstruction work of Damkhoda River Bridge to Block Head Quarter road by Hot Mix Plant owned by the sugarcane department with 05 years Maintenance in Distt. Bareilly Fin. Year 2024-25,,,,,,,,,,,,,,,,,,,,,,,,2025-01-27,
<NA>,,Reconstruction work of Banjariya to Maksudanpur road by Hot Mix Plant owned by the sugarcane department with 05 years Maintenance in Distt. Bareilly Fin. Year 2024-25,,,,,,,,,,,,,,,,,,,,,,,,2025-01-25,
<NA>,,Renewal of M F Road Km 55 to Khajuriya Link Road Under General Repair 2024-25,,,,,,,,,,,,,,,,,,,,,,,,2025-01-25,
<NA>,,Reconstruction work of Mudia Hulas to Katakwara road Ganna Vibhag,,,,,,,,,,,,,,,,,,,,,,,,2025-01-25,
<NA>,,RENEWAL WITH GENERAL REPAIR OF HARIPUR TA CHANDUPUR TO BASUPUR LINK ROAD V.R. UNDER FINANCIAL YEAR 2024-25,,,,,,,,,,,,,,,,,,,,,,,,2025-01-24,
<NA>,,RENEWAL WITH GENERAL REPAIR OF KURRAIYA KHURD TO MANHARIYA LINK ROAD V.R. UNDER FINANCIAL YEAR 2024-25,,,,,,,,,,,,,,,,,,,,,,,,2025-01-24,
<NA>,,Renewal of Mudha Link Road in Distt. Shahjahanpur (Fin Year 2024-25) (Including 05 Years Maintenance),,,,,,,,,,,,,,,,,,,,,,,,2025-01-24,
<NA>,,RENEWAL WITH GENERAL REPAIR OF BAKHPUR TO RAIPUR LINK ROAD V.R. UNDER FINANCIAL YEAR 2024-25,,,,,,,,,,,,,,,,,,,,,,,,2025-01-24,
<NA>,,Renewal of Mudha Link Road in Distt. Shahjahanpur (Fin Year 2024-25) (Including 05 Years Maintenance),,,,,,,,,,,,,,,,,,,,,,,,2025-01-24,
<NA>,,Renewal of Bela Mohammadi Road Km. 2 to Farendawara Link Road in Distt. Shahjahanpur (Fin Year 2024-25) (Including 05 Years Maintenance),,,,,,,,,,,,,,,,,,,,,,,,2025-01-24,
<NA>,,Renewal of Aurangabad Link Road in Distt. Shahjahanpur (Fin Year 2024-25) (Including 05 Years Maintenance),,,,,,,,,,,,,,,,,,,,,,,,2025-01-24,
<NA>,,Renewal of Nigohi Khudaganj to Vikrampur Chakora Link Road in Distt. Shahjahanpur (Fin Year 2024-25) (Including 05 Years Maintenance),,,,,,,,,,,,,,,,,,,,,,,,2025-01-24,
<NA>,,Renewal of LB Road Km. 443 Nekpur Bilandpur Link Road in Distt. Shahjahanpur (Fin Year 2024-25) (Including 05 Years Maintenance),,,,,,,,,,,,,,,,,,,,,,,,2025-01-24,
<NA>,,RENEWAL WORK OF CHURRA NAHAR TO SISAIYA JALAPUR ROAD,,,,,,,,,,,,,,,,,,,,,,,,2025-01-24,
<NA>,,RENEWAL WORK OF BAREILLY BISALPUR KITNAPUR ROAD TO NAVDIA SITARGANJ ROAD,,,,,,,,,,,,,,,,,,,,,,,,2025-01-24,
<NA>,,Reconstruction Work of Powayan Nahil Road to Umarsanda Link Road In Distt. Shahjahanpur. (Fin Year 2024-25) (By Hot Mix Plant) (Including 05 Years Maintenance),,,,,,,,,,,,,,,,,,,,,,,,2025-01-30,
<NA>,,Reconstruction Work of Nahil to Gulauli Road to Belabali Link Road In Distt. Shahjahanpur. (Fin Year 2024-25) (By Hot Mix Plant) (Including 05 Years Maintenance),,,,,,,,,,,,,,,,,,,,,,,,2025-01-30,
<NA>,,Special Repair of Kapseda to Roshanpur Link Road in Distt. Shahjahanpur Fin. Year 2024-25,,,,,,,,,,,,,,,,,,,,,,,,2025-01-31,
<NA>,,Special Repair of Mukundpur Link Road in Distt. Shahjahanpur Fin. Year 2024-25,,,,,,,,,,,,,,,,,,,,,,,,2025-01-31,
<NA>,,Reconstruction work of Mudiya Navi Bakhsh road to Kuluadanda road by Hot Mix Plant (with 05 years Maintenance) owned by the sugarcane department in Distt. Bareilly Fin. Year 2024-25,,,,,,,,,,,,,,,,,,,,,,,,2025-01-31,
<NA>,,Reconstruction work of Bhuda road to Vishanpur Guladiya road by Hot Mix Plant (with 05 years Maintenance) owned by the sugarcane department in Distt. Bareilly Fin. Year 2024-25,,,,,,,,,,,,,,,,,,,,,,,,2025-01-31,
<NA>,,Special Repair of Bijamau Kataiya road Km 01 to Yakubpur link road (with 05 years Maintenance) in Financial Year 2024-25,,,,,,,,,,,,,,,,,,,,,,,,2025-01-30,
<NA>,,Renewal with General Maintenance of KKC to Milkiya Link Road(Fin Year 2024-25) (Including 05 Years Maintenance),,,,,,,,,,,,,,,,,,,,,,,,2025-01-30,
<NA>,,Renewal with General Maintenance of KKC to Milkiya Link Road(Fin Year 2024-25) (Including 05 Years Maintenance),,,,,,,,,,,,,,,,,,,,,,,,2025-01-30,
<NA>,,Renewal with General Maintenance of KKC to Milkiya Link Road(Fin Year 2024-25) (Including 05 Years Maintenance),,,,,,,,,,,,,,,,,,,,,,,,2025-01-30,
<NA>,,Special Repair of Dalelnagar to Dhannor jagir kyoladiya road (with 05 years Maintenance) in Financial Year 2024-25,,,,,,,,,,,,,,,,,,,,,,,,2025-01-30,
<NA>,,Special Repair of Dalelnagar to Dhannor jagir kyoladiya road (with 05 years Maintenance) in Financial Year 2024-25,,,,,,,,,,,,,,,,,,,,,,,,2025-01-30,
<NA>,,Special Repair of Kohani to Singhai Murawan road (with 05 years Maintenance),,,,,,,,,,,,,,,,,,,,,,,,2025-01-30,
<NA>,,Special Repair of Kachauli Road Km 1 to Balipur (with 05 years Maintenance) in Financial Year 2024-25,,,,,,,,,,,,,,,,,,,,,,,,2025-01-30,
<NA>,,Renewal with General Maintenance of Lipulek Bhind Road SH-29 Km-512 to Kewal Rampur Chilaua Link Road(Fin Year 2024-25) (Including 05 Years Maintenance),,,,,,,,,,,,,,,,,,,,,,,,2025-01-30,
<NA>,,Renewal with General Maintenance of Lipulek Bhind Road SH-29 Km-512 to Kewal Rampur Chilaua Link Road(Fin Year 2024-25) (Including 05 Years Maintenance),,,,,,,,,,,,,,,,,,,,,,,,2025-01-30,
<NA>,,Renewal with General Maintenance of Lipulek Bhind Road SH-29 Km-512 to Kewal Rampur Chilaua Link Road(Fin Year 2024-25) (Including 05 Years Maintenance),,,,,,,,,,,,,,,,,,,,,,,,2025-01-30,
<NA>,,Renewal with General Maintenance of Patna to Nayagaun Link Road(Fin Year 2024-25) (Including 05 Years Maintenance),,,,,,,,,,,,,,,,,,,,,,,,2025-01-30,
<NA>,,Special Repair of Kachauli Road Km 1 to Balipur (with 05 years Maintenance) in Financial Year 2024-25,,,,,,,,,,,,,,,,,,,,,,,,2025-01-30,
<NA>,,Renewal with General Maintenance of Mirzapur Paraur to Chaurabagar Khet Link Road (Fin Year 2024-25) (Including 05 Years Maintenance),,,,,,,,,,,,,,,,,,,,,,,,2025-01-30,
<NA>,,Renewal with General Maintenance of Mirzapur Praur Road to (Mandana) Sherpur Kurriya Link Road(Fin Year 2024-25) (Including 05 Years Maintenance),,,,,,,,,,,,,,,,,,,,,,,,2025-01-30,
<NA>,,Renewal with General Maintenance of Haidalpur Link Road(Fin Year 2024-25) (Including 05 Years Maintenance),,,,,,,,,,,,,,,,,,,,,,,,2025-01-30,
<NA>,,Renewal with General Maintenance of Mirzapur Paraur to Daheliya Link Road(Fin Year 2024-25) (Including 05 Years Maintenance),,,,,,,,,,,,,,,,,,,,,,,,2025-01-30,
<NA>,,Renewal with General Maintenance of Jalalabad Khandahar Road to Chamarura Link Road(Fin Year 2024-25) (Including 05 Years Maintenance),,,,,,,,,,,,,,,,,,,,,,,,2025-01-30,
<NA>,,Renewal with General Maintenance of Mahuadandi Link Road(Fin Year 2024-25) (Including 05 Years Maintenance),,,,,,,,,,,,,,,,,,,,,,,,2025-01-30,
<NA>,,Renewal with General Maintenance of Gulelkhera Trilokpur Link Road(Fin Year 2024-25) (Including 05 Years Maintenance),,,,,,,,,,,,,,,,,,,,,,,,2025-01-30,
<NA>,,Renewal with General Maintenance of Mahuadandi Link Road(Fin Year 2024-25) (Including 05 Years Maintenance),,,,,,,,,,,,,,,,,,,,,,,,2025-01-30,
<NA>,,Renewal with General Maintenance of Ramnagar Link Road(Fin Year 2024-25) (Including 05 Years Maintenance),,,,,,,,,,,,,,,,,,,,,,,,2025-01-30,
<NA>,,Special Repair of Balliya Sheeshgarh Road to Meerpur Link Road (with 05 years Maintenance) in Financial Year 2024-25,,,,,,,,,,,,,,,,,,,,,,,,2025-01-30,
<NA>,,Renewal with General Maintenance of Kasyap Gautiya Link Road Via Shahjahanpur Jalalabad Road Purena (Fin Year 2024-25) (Including 05 Years Maintenance),,,,,,,,,,,,,,,,,,,,,,,,2025-01-28,
<NA>,,Special Repair of Dhaneli to Goutiya link road (with 05 years Maintenance) in Financial Year 2024-25,,,,,,,,,,,,,,,,,,,,,,,,2025-01-28,
<NA>,,"Special Repair of Khanpur Amor to Bharpur Shah s Mazar (with 05 years Maintenance) Executive Engineer Provincial Division , P.W.D., Bareilly",,,,,,,,,,,,,,,,,,,,,,,,2025-01-28,
<NA>,,Special Repair of NH-24 to Khirka Jagat link road (with 05 years Maintenance) in Financial Year 2024-25,,,,,,,,,,,,,,,,,,,,,,,,2025-01-28,
<NA>,,Special Repair of Dhaneli to Goutiya link road (with 05 years Maintenance) in Financial Year 2024-25,,,,,,,,,,,,,,,,,,,,,,,,2025-01-30,
<NA>,,Special Repair of Balliya Sheeshgarh to Jokhanpur Road (with 05 years Maintenance) in Financial Year 2024-25,,,,,,,,,,,,,,,,,,,,,,,,2025-01-25,
<NA>,,Renewal work with General Repair of Kishnapur chauraahe to Mudiya chaudhary link road (with 05 years Maintenance),,,,,,,,,,,,,,,,,,,,,,,,2025-01-25,
<NA>,,Renewal work with General Repair of Kishnapur chauraahe to Mudiya chaudhary link road (with 05 years Maintenance),,,,,,,,,,,,,,,,,,,,,,,,2025-01-28,
<NA>,,Renewal work with General Repair of Dhaura Tanda to Miyanpur road (with 05 years Maintenance) in Distt. Bareilly Financial year 2024-25,,,,,,,,,,,,,,,,,,,,,,,,2025-01-30,
<NA>,,Renewal with General Maintenance of Katha Link Road(Fin Year 2024-25) (Including 05 Years Maintenance),,,,,,,,,,,,,,,,,,,,,,,,2025-01-25,
<NA>,,Renewal with General Maintenance of Tilhar Bharkhera Jaipal Road to Mirzapur Link Road(Fin Year 2024-25) (Including 05 Years Maintenance),,,,,,,,,,,,,,,,,,,,,,,,2025-01-30,
<NA>,,Renewal with General Maintenance of Diyakhera Link Road(Fin Year 2024-25) (Including 05 Years Maintenance),,,,,,,,,,,,,,,,,,,,,,,,2025-01-30,
<NA>,,Renewal work with General Repair of Bhagwanpur dhimri link road to Myudi rani mewa kunwarpur (with 05 years Maintenance) in Distt. Bareilly Financial year 2024-25,,,,,,,,,,,,,,,,,,,,,,,,2025-01-23,
<NA>,,Renewal work with General Repair of Bhagwanpur dhimri link road to Myudi rani mewa kunwarpur (with 05 years Maintenance) in Distt. Bareilly Financial year 2024-25,,,,,,,,,,,,,,,,,,,,,,,,2025-01-28,
<NA>,,Renewal work with General Repair of Bhagwanpur dhimri link road to Myudi rani mewa kunwarpur (with 05 years Maintenance) in Distt. Bareilly Financial year 2024-25,,,,,,,,,,,,,,,,,,,,,,,,2025-01-23,
<NA>,,Renewal with General maintenance of Bargawan link road in Distt Bareilly (With 05 years maintenance),,,,,,,,,,,,,,,,,,,,,,,,2025-01-28,
<NA>,,Renewal with General maintenance of Bargawan link road in Distt Bareilly (With 05 years maintenance),,,,,,,,,,,,,,,,,,,,,,,,2025-01-28,
<NA>,,RECONSTRUCTION OF SHAHBAJPUR TO ITAURIYA HARIPUR SIMARIYA ROAD (THIRD PART) UNDER THE AGRICULTURAL MARKETING FACILITIES IN THE SUGAR MILL AREA IN THE FINANCIAL YEAR 2024-25 IN DISTRICT PILIBHIT,,,,,,,,,,,,,,,,,,,,,,,,2025-01-30,
<NA>,,Renewal of Eat Bhatta Road to Paina Khurd Link Road in Distt. Shahjahanpur (Fin Year 2024-25) (Including 05 Years Maintenance),,,,,,,,,,,,,,,,,,,,,,,,2025-01-29,
<NA>,,Renewal of Tikra to Kursanda Link Road in Distt. Shahjahanpur (Fin Year 2024-25) (Including 05 Years Maintenance),,,,,,,,,,,,,,,,,,,,,,,,2025-01-30,
<NA>,,Renewal of Tikra to Kursanda Link Road in Distt. Shahjahanpur (Fin Year 2024-25) (Including 05 Years Maintenance),,,,,,,,,,,,,,,,,,,,,,,,2025-01-30,
<NA>,,Renewal of Udiyapur to Japnapur Link Road in Distt. Shahjahanpur (Fin Year 2024-25) (Including 05 Years Maintenance),,,,,,,,,,,,,,,,,,,,,,,,2025-01-29,
<NA>,,Renewal of Hathora Buzurg to Jankinagar Link Road in Distt. Shahjahanpur (Fin Year 2024-25) (Including 05 Years Maintenance),,,,,,,,,,,,,,,,,,,,,,,,2025-01-21,
<NA>,,Renewal of Eat Bhatta Road to Paina Khurd Link Road in Distt. Shahjahanpur (Fin Year 2024-25) (Including 05 Years Maintenance),,,,,,,,,,,,,,,,,,,,,,,,2025-01-30,
<NA>,,Renewal of Eat Bhatta Road to Paina Khurd Link Road in Distt. Shahjahanpur (Fin Year 2024-25) (Including 05 Years Maintenance),,,,,,,,,,,,,,,,,,,,,,,,2025-01-29,
<NA>,,Renewal of Udiyapur to Japnapur Link Road in Distt. Shahjahanpur (Fin Year 2024-25) (Including 05 Years Maintenance),,,,,,,,,,,,,,,,,,,,,,,,2025-01-29,
<NA>,,Renewal of Makrandpur Road to Hardeni Dehatmali Link Road in Distt. Shahjahanpur (Fin Year 2024-25) (Including 05 Years Maintenance),,,,,,,,,,,,,,,,,,,,,,,,2025-01-21,
<NA>,,Renewal of Saalpur Navadiya Link Road in Distt. Shahjahanpur (Fin Year 2024-25) (Including 05 Years Maintenance),,,,,,,,,,,,,,,,,,,,,,,,2025-01-21,
<NA>,,Renewal of Katra Khudaganj Road to Kapoor Nagla Link Road in Distt. Shahjahanpur (Fin Year 2024-25) (Including 05 Years Maintenance),,,,,,,,,,,,,,,,,,,,,,,,2025-01-21,
<NA>,,Renewal of Makrandpur Road to Hardeni Dehatmali Link Road in Distt. Shahjahanpur (Fin Year 2024-25) (Including 05 Years Maintenance),,,,,,,,,,,,,,,,,,,,,,,,2025-01-21,
<NA>,,Renewal of Majhila Rasiya Khanpur to Gaili Link Road in Distt. Shahjahanpur (Fin Year 2024-25) (Including 05 Years Maintenance),,,,,,,,,,,,,,,,,,,,,,,,2025-01-21,
<NA>,,Renewal of Husainpur Link Road in Distt. Shahjahanpur (Fin Year 2024-25) (Including 05 Years Maintenance),,,,,,,,,,,,,,,,,,,,,,,,2025-01-21,
<NA>,,Renewal of Tehra Link Road in Distt. Shahjahanpur (Fin Year 2024-25) (Including 05 Years Maintenance),,,,,,,,,,,,,,,,,,,,,,,,2025-01-21,
<NA>,,"Renewal with P.C. on Aamgaon to Kisarua Road Km 1,2(800) in financial Year of 2024-25.",,,,,,,,,,,,,,,,,,,,,,,,2025-01-21,
<NA>,,Renewal of Simrai Peeing to Ramapur Nankari Link Road in Distt. Shahjahanpur (Fin Year 2024-25) (Including 05 Years Maintenance),,,,,,,,,,,,,,,,,,,,,,,,2025-01-30,
<NA>,,Renewal of Shahmatganj to Jatav Gautiya Link Road in Distt. Shahjahanpur (Fin Year 2024-25) (Including 05 Years Maintenance),,,,,,,,,,,,,,,,,,,,,,,,2025-01-30,
<NA>,,Renewal of Akbarpur to Hariharpur Link Road in Distt. Shahjahanpur (Fin Year 2024-25) (Including 05 Years Maintenance),,,,,,,,,,,,,,,,,,,,,,,,2025-01-29,
<NA>,,Renewal of Bakhtayarpur Road to Gobarsanda Link Road in Distt. Shahjahanpur (Fin Year 2024-25) (Including 05 Years Maintenance),,,,,,,,,,,,,,,,,,,,,,,,2025-01-29,
<NA>,,Renewal of Sunaura Azmatpur Road to Ajeejpur Link Road in Distt. Shahjahanpur (Fin Year 2024-25) (Including 05 Years Maintenance),,,,,,,,,,,,,,,,,,,,,,,,2025-01-29,
<NA>,,Renewal of Powayan Nigohi to Sadapur Link Road in Distt. Shahjahanpur (Fin Year 2024-25) (Including 05 Years Maintenance),,,,,,,,,,,,,,,,,,,,,,,,2025-01-24,
<NA>,,Renewal of Akbarpur to Hariharpur Link Road in Distt. Shahjahanpur (Fin Year 2024-25) (Including 05 Years Maintenance),,,,,,,,,,,,,,,,,,,,,,,,2025-01-29,
<NA>,,Renewal of Powayan Khutar Road to Madarpur Vaivah Link Road in Distt. Shahjahanpur (Fin Year 2024-25) (Including 05 Years Maintenance),,,,,,,,,,,,,,,,,,,,,,,,2025-01-29,
<NA>,,Renewal of Powayan Nahil to Chaudera Link Road in Distt. Shahjahanpur (Fin Year 2024-25) (Including 05 Years Maintenance),,,,,,,,,,,,,,,,,,,,,,,,2025-01-29,
<NA>,,Renewal of Umarsanda Link Road in Distt. Shahjahanpur (Fin Year 2024-25) (Including 05 Years Maintenance),,,,,,,,,,,,,,,,,,,,,,,,2025-01-24,
<NA>,,Renewal of Gadiya Sareli Link Road in Distt. Shahjahanpur (Fin Year 2024-25) (Including 05 Years Maintenance),,,,,,,,,,,,,,,,,,,,,,,,2025-01-29,
<NA>,,Renewal of Khutar Sehramau Mailani Road Km. 2 to Singhpur Link Road in Distt. Shahjahanpur (Fin Year 2024-25) (Including 05 Years Maintenance),,,,,,,,,,,,,,,,,,,,,,,,2025-01-29,
<NA>,,Renewal of Khutar Sehramau Mailani Road Km. 7 to Keshavpur Khurd Link Road in Distt. Shahjahanpur (Fin Year 2024-25) (Including 05 Years Maintenance),,,,,,,,,,,,,,,,,,,,,,,,2025-01-29,
<NA>,,Renewal of Gadiya Sareli Link Road in Distt. Shahjahanpur (Fin Year 2024-25) (Including 05 Years Maintenance),,,,,,,,,,,,,,,,,,,,,,,,2025-01-30,
<NA>,,Renewal of Powayan Nigohi Road to Kamlapur Link Road in Distt. Shahjahanpur (Fin Year 2024-25) (Including 05 Years Maintenance),,,,,,,,,,,,,,,,,,,,,,,,2025-01-30,
<NA>,,Renewal of Patni Link Road in Distt. Shahjahanpur (Fin Year 2024-25) (Including 05 Years Maintenance),,,,,,,,,,,,,,,,,,,,,,,,2025-01-29,
<NA>,,Renewal of Ratanpur Kunda Link Road in Distt. Shahjahanpur (Fin Year 2024-25) (Including 05 Years Maintenance),,,,,,,,,,,,,,,,,,,,,,,,2025-01-24,
<NA>,,Renewal of Ratanpur Kunda to Baskheda Khurd Link Road in Distt. Shahjahanpur (Fin Year 2024-25) (Including 05 Years Maintenance),,,,,,,,,,,,,,,,,,,,,,,,2025-01-24,
<NA>,,Renewal of Puraina Itauli Road to Jarauli Link Road in Distt. Shahjahanpur (Fin Year 2024-25) (Including 05 Years Maintenance),,,,,,,,,,,,,,,,,,,,,,,,2025-01-24,
<NA>,,Renewal of Ratanpur Kunda to Baskheda Khurd Link Road in Distt. Shahjahanpur (Fin Year 2024-25) (Including 05 Years Maintenance),,,,,,,,,,,,,,,,,,,,,,,,2025-01-29,
<NA>,,Renewal of Ratanpur Kunda to Baskheda Khurd Link Road in Distt. Shahjahanpur (Fin Year 2024-25) (Including 05 Years Maintenance),,,,,,,,,,,,,,,,,,,,,,,,2025-01-29,
<NA>,,ReneRenewal of Jeerabhari Link Roadwal of Pharenda Jarwal Road Km 61 to Jankaura Link Road,,,,,,,,,,,,,,,,,,,,,,,,2025-01-18,
<NA>,,Special repair of Jaitpur link road,,,,,,,,,,,,,,,,,,,,,,,,2025-01-15,
<NA>,,Special Repair and Mentinance of Pipra Bada Kha Link Road,,,,,,,,,,,,,,,,,,,,,,,,2025-01-15,
<NA>,,Reconstruction of Kundasar Jaitapur Road to Jamuliya Gram Link Road Km-1(600) in Financial Year 2024-25 (Vidhansabha Kaiserganj),,,,,,,,,,,,,,,,,,,,,,,,2025-01-07,
<NA>,,Renewal of Fattepur Kutehana Shapur road Bramhachari Sthan Ahiranpurwa to Machali Sodh Sansthan link road in 2024-25,,,,,,,,,,,,,,,,,,,,,,,,2025-01-15,
<NA>,,Renewal of Aalaganj Link Road Km.-1(400) in Financial Year 2024-25 including Five Year Mentinance Work (Vidhan Sabha-Matera),,,,,,,,,,,,,,,,,,,,,,,,2025-01-07,
<NA>,,Renewal of Damodarjot to Allahpurwa Link Road Km.-1(500) in Financial Year 2024-25 including Five Year Mentinance Work (Vidhan Sabha-Matera),,,,,,,,,,,,,,,,,,,,,,,,2025-01-07,
<NA>,,Renewal of Bahraich Nanpara Road to Diharanpurwa Link Road Km.-1 and 2(100) in Financial Year 2024-25 including Five Year Mentinance Work (Vidhan Sabha-Matera),,,,,,,,,,,,,,,,,,,,,,,,2025-01-28,
<NA>,,Renewal of Damodarjot to Allahpurwa Link Road Km.-1(500) in Financial Year 2024-25 including Five Year Mentinance Work (Vidhan Sabha-Matera),,,,,,,,,,,,,,,,,,,,,,,,2025-01-20,
<NA>,,Reconstruction of Khutehna Huzoorpur Road to Madhawpur Kothar Link Road Km.-1 and 2(300) in Financial Year 2024-25 including five year maintenance work.,,,,,,,,,,,,,,,,,,,,,,,,2025-01-20,
<NA>,,Reconstruction of Khutehna Huzoorpur Road to Madhawpur Kothar Link Road Km.-1 and 2(300) in Financial Year 2024-25 including five year maintenance work.,,,,,,,,,,,,,,,,,,,,,,,,2025-01-20,
<NA>,,Reconstruction of Khutehna Huzoorpur Road to Madhawpur Kothar Link Road Km.-1 and 2(300) in Financial Year 2024-25 including five year maintenance work.,,,,,,,,,,,,,,,,,,,,,,,,2025-01-20,
<NA>,,Renewal of Bahraich Faizabad Azamgarh road Km-52 to Bhatpurwa link road in 2024-25,,,,,,,,,,,,,,,,,,,,,,,,2025-01-15,
<NA>,,Renewal of Karibagh Link Road Km.-1 (320) in Financial Year 2024-25 including Five Year Mentinance Work (Vidhan Sabha-Bahraich),,,,,,,,,,,,,,,,,,,,,,,,2025-01-20,
<NA>,,Renewal of Karibagh Link Road Km.-1 (320) in Financial Year 2024-25 including Five Year Mentinance Work (Vidhan Sabha-Bahraich),,,,,,,,,,,,,,,,,,,,,,,,2025-01-08,
<NA>,,Renewal of Asharfa Link Road Km.-1 (250) in Financial Year 2024-25 including Five Year Mentinance Work (Vidhan Sabha-Bahraich),,,,,,,,,,,,,,,,,,,,,,,,2025-01-08,
<NA>,,Renewal of Maseehabad Link Road Km.-1 and 2(550) in Financial Year 2024-25 including Five Year Mentinance Work (Vidhan Sabha-Bahraich),,,,,,,,,,,,,,,,,,,,,,,,2025-01-15,
<NA>,,Renewal of Unnaisa Link Road Km.-1 and 2 in Financial Year 2024-25 including Five Year Mentinance Work (Vidhan Sabha-Bahraich),,,,,,,,,,,,,,,,,,,,,,,,2025-01-08,
<NA>,,Renewal of Asharfa Link Road Km.-1 (250) in Financial Year 2024-25 including Five Year Mentinance Work (Vidhan Sabha-Bahraich),,,,,,,,,,,,,,,,,,,,,,,,2025-01-08,
<NA>,,Renewal of Gajadharpur Kundaspara to Pakauri Link Road Km.-1(200) in Financial Year 2024-25 including Five Year Mentinance Work (Vidhan Sabha-Kaiserganj),,,,,,,,,,,,,,,,,,,,,,,,2025-01-08,
<NA>,,Renewal of Majhara Taukali to Taukali Link Road Km.-1(700) in Financial Year 2024-25 including Five Year Mentinance Work (Vidhan Sabha-Kaiserganj),,,,,,,,,,,,,,,,,,,,,,,,2025-01-08,
<NA>,,Renewal of Gajadharpur Kundaspara to Pakauri Link Road Km.-1(200) in Financial Year 2024-25 including Five Year Mentinance Work (Vidhan Sabha-Kaiserganj),,,,,,,,,,,,,,,,,,,,,,,,2025-01-20,
<NA>,,Renewal of Majhara Taukali to Taukali Link Road Km.-1(700) in Financial Year 2024-25 including Five Year Mentinance Work (Vidhan Sabha-Kaiserganj),,,,,,,,,,,,,,,,,,,,,,,,2025-01-20,
<NA>,,Renewal of Majhara Taukali to Taukali Link Road Km.-1(700) in Financial Year 2024-25 including Five Year Mentinance Work (Vidhan Sabha-Kaiserganj),,,,,,,,,,,,,,,,,,,,,,,,2025-01-20,
<NA>,,Renewal of Majhara Taukali to Taukali Link Road Km.-1(700) in Financial Year 2024-25 including Five Year Mentinance Work (Vidhan Sabha-Kaiserganj),,,,,,,,,,,,,,,,,,,,,,,,2025-01-08,
<NA>,,Renewal of Dadhaila Link Road Km.-1(700) and 2(900) in Financial Year 2024-25 including Five Year Mentinance Work (Vidhan Sabha-Kaiserganj),,,,,,,,,,,,,,,,,,,,,,,,2025-01-08,
<NA>,,Renewal of Majhara Taukali to Taukali Link Road Km.-1(700) in Financial Year 2024-25 including Five Year Mentinance Work (Vidhan Sabha-Kaiserganj),,,,,,,,,,,,,,,,,,,,,,,,2025-01-08,
<NA>,,4- SPECIAL REPAIR WORK OF BEHTA CHOODAMANI LINK ROAD IN DISTRICT BAHRAICH FINANCIAL YEAR 2024-25 (VIDHAN SABHA-MAHSI) WITH FIVE YEAR MAINTENANCE,,,,,,,,,,,,,,,,,,,,,,,,2025-01-21,
<NA>,,Haripur link road to Hatowa via Miranganj link road,,,,,,,,,,,,,,,,,,,,,,,,2025-01-21,
<NA>,,Renewal and Five Years Maintenance of Bharhu Link Road,,,,,,,,,,,,,,,,,,,,,,,,2025-01-15,
<NA>,,Reconstruction of Gram Panchyat Niyawan to Pandit Shivpal Shukla Inter Collage to Niyawan Madaha link road,,,,,,,,,,,,,,,,,,,,,,,,2025-01-15,
<NA>,,Reconstruction of Gram Panchyat Niyawan to Pandit Shivpal Shukla Inter Collage to Niyawan Madaha link road,,,,,,,,,,,,,,,,,,,,,,,,2025-01-15,
<NA>,,7- RENEWAL WORK OF KATILIYA GUTTI TO GAULHARIYA LINK ROAD IN DISTRICT BAHRAICH FINANCIAL YEAR 2024-25 (VIDHAN SABHA-MATERA) WITH FIVE YEAR MAINTENANCE,,,,,,,,,,,,,,,,,,,,,,,,2025-01-15,
<NA>,,5-RENEWAL WORK OF GAUNDAURA PAKKI SADAK TO RAMWAPUR GAON LINK ROAD IN DISTRICT BAHRAICH FINANCIAL YEAR 2024-25 (VIDHAN SABHA-MATERA) WITH FIVE YEAR MAINTENANCE,,,,,,,,,,,,,,,,,,,,,,,,2025-01-10,
<NA>,,5-RENEWAL WORK OF GAUNDAURA PAKKI SADAK TO RAMWAPUR GAON LINK ROAD IN DISTRICT BAHRAICH FINANCIAL YEAR 2024-25 (VIDHAN SABHA-MATERA) WITH FIVE YEAR MAINTENANCE,,,,,,,,,,,,,,,,,,,,,,,,2025-01-10,
<NA>,,7- RENEWAL WORK OF KATILIYA GUTTI TO GAULHARIYA LINK ROAD IN DISTRICT BAHRAICH FINANCIAL YEAR 2024-25 (VIDHAN SABHA-MATERA) WITH FIVE YEAR MAINTENANCE,,,,,,,,,,,,,,,,,,,,,,,,2025-01-09,
<NA>,,Reconstruction work of Trilokpur to Mangarhwa Link Road,,,,,,,,,,,,,,,,,,,,,,,,2025-01-07,
<NA>,,Renewal of Tilahra Link Road Km.-1 and 2(300) in Financial Year 2024-25 including Five Year Mentinance Work (Vidhan Sabha-Payagpur),,,,,,,,,,,,,,,,,,,,,,,,2025-01-09,
<NA>,,Renewal of Ikauna Visheshwarganj Road to Maheshwara Link Road Km.-1 and 2(600) in Financial Year 2024-25 including Five Year Mentinance Work (Vidhan Sabha-Payagpur),,,,,,,,,,,,,,,,,,,,,,,,2025-01-07,
<NA>,,Renewal of Arjunpur Gangwal Road to Koripurwa Link Road Km.-1 and 2(500) in Financial Year 2024-25 including Five Year Mentinance Work (Vidhan Sabha-Payagpur),,,,,,,,,,,,,,,,,,,,,,,,2025-01-18,
<NA>,,"Renewal of Gujra Link Road Km.-1(900), 2(650) and 3(750) in Financial Year 2024-25 including Five Year Mentinance Work (Vidhan Sabha-Payagpur)",,,,,,,,,,,,,,,,,,,,,,,,2025-01-18,
<NA>,,Renewal of Khelawanpurwa Majra Link Road km-1(200) Year 2024-25 in District Shravasti.,,,,,,,,,,,,,,,,,,,,,,,,2025-01-18,
<NA>,,Renewal of Khelawanpurwa Majra Link Road km-1(200) Year 2024-25 in District Shravasti.,,,,,,,,,,,,,,,,,,,,,,,,2025-01-18,
<NA>,,"Renewal of Dhobiyanpurwa Link road km- 1(500), Year 2024-25 in District Shravasti.",,,,,,,,,,,,,,,,,,,,,,,,2025-01-18,
<NA>,,"Renewal of Dhobiyanpurwa Link road km- 1(500), Year 2024-25 in District Shravasti.",,,,,,,,,,,,,,,,,,,,,,,,2025-01-18,
<NA>,,"Renewal of Kandonpurwa Link road km- 1(400), Year 2024-25 in District Shravasti.",,,,,,,,,,,,,,,,,,,,,,,,2025-01-18,
<NA>,,Renewal of Dondara Link Road km- 1 Year 2024-25 in District Shravasti,,,,,,,,,,,,,,,,,,,,,,,,2025-01-18,
<NA>,,Renewal of Patenepurwa Link Road km-1(500) Year 2024-25 in District Shravasti.,,,,,,,,,,,,,,,,,,,,,,,,2025-01-18,
<NA>,,Renewal of Narkutwa Link Road km-1(750) Year 2024-25 in District Shravasti.,,,,,,,,,,,,,,,,,,,,,,,,2025-01-18,
<NA>,,Renewal of Patenepurwa Link Road km-1(500) Year 2024-25 in District Shravasti.,,,,,,,,,,,,,,,,,,,,,,,,2025-01-18,
<NA>,,Renewal of Nehanwa Majra Link Road km-1(200) Year 2024-25 in District Shravasti.,,,,,,,,,,,,,,,,,,,,,,,,2025-01-18,
<NA>,,Renewal of Nehanwa Majra Link Road km-1(200) Year 2024-25 in District Shravasti.,,,,,,,,,,,,,,,,,,,,,,,,2025-01-18,
<NA>,,Renewal of Patandeenpurwa Majra Link Road km-1(200) Year 2024-25 in District Shravasti.,,,,,,,,,,,,,,,,,,,,,,,,2025-01-18,
<NA>,,Renewal of PMGSY Road Kumhargarhi to Jagrawal Garhi Link Road km-1 Year 2024-25 in District Shravasti.,,,,,,,,,,,,,,,,,,,,,,,,2025-01-18,
<NA>,,Renewal of PMGSY Road Kumhargarhi to Jagrawal Garhi Link Road km-1 Year 2024-25 in District Shravasti.,,,,,,,,,,,,,,,,,,,,,,,,2025-01-18,
<NA>,,Renewal of Bagnaha Link Road km-2 and 3(100) Year 2024-25 in District Shravasti.,,,,,,,,,,,,,,,,,,,,,,,,2025-01-18,
<NA>,,Renewal of Semgarha pitch road to Rankipurwa via Khayipurwa Idgah Link Road km-1 and 2(200) Year 2024-25 in District Shravasti,,,,,,,,,,,,,,,,,,,,,,,,2025-01-18,
<NA>,,Renewal of Nehanwa Majra Link Road km-1(200) Year 2024-25 in District Shravasti.,,,,,,,,,,,,,,,,,,,,,,,,2025-01-18,
<NA>,,Renewal of Semgarha pitch road to Rankipurwa via Khayipurwa Idgah Link Road km-1 and 2(200) Year 2024-25 in District Shravasti,,,,,,,,,,,,,,,,,,,,,,,,2025-01-18,
<NA>,,Renewal of Gobar Link Road km-1(700) Year 2024-25 in District Shravasti,,,,,,,,,,,,,,,,,,,,,,,,2025-01-18,
<NA>,,Renewal of Gram Dasiyapur pitch road to Primary School Dasiyapur Link Road km-1(400) in Ekauna Year 2024-25 in District Shravasti.,,,,,,,,,,,,,,,,,,,,,,,,2025-01-18,
<NA>,,Renewal of Pilibhit-Bahraich-Basti Road (NH-730) km-288 to Kamlabhari Road km-2 to Kamli Link Road km-1 and 2(400) Year 2024-25 in District Shravasti.,,,,,,,,,,,,,,,,,,,,,,,,2025-01-18,
<NA>,,Renewal of Ekauna Veerpur Road to Baidaura Mashrikh Gawn to Bhatpurwa Khurd Link Road km-1 and 2 Year 2024-25 in District Shravasti.,,,,,,,,,,,,,,,,,,,,,,,,2025-01-18,
<NA>,,Renewal of Bhadaura Link Road km-1(700) Year 2024-25 in District Shravasti.,,,,,,,,,,,,,,,,,,,,,,,,2025-01-18,
<NA>,,Renewal of Bhadaura Link Road km-1(700) Year 2024-25 in District Shravasti.,,,,,,,,,,,,,,,,,,,,,,,,2025-01-18,
<NA>,,Renewal of PBB Road to Godari Link Road km-1(850) Year 2024-25 in District Shravasti.,,,,,,,,,,,,,,,,,,,,,,,,2025-01-18,
<NA>,,Renewal of Khairakala Link Road km-1(700) Year 2024-25 in District Shravasti,,,,,,,,,,,,,,,,,,,,,,,,2025-01-18,
<NA>,,"Renewal of Shahpurbra to Rampur Pyare Link Road km-3,4,5 Year 2024-25 in District Shravasti.",,,,,,,,,,,,,,,,,,,,,,,,2025-01-18,
<NA>,,Renewal of Kodri Khurd Link Road km-1(500) Year 2024-25 in District Shravasti,,,,,,,,,,,,,,,,,,,,,,,,2025-01-18,
<NA>,,Renewal of Raghunathpur Link Road km-1(300) Year 2024-25 in District Shravasti.,,,,,,,,,,,,,,,,,,,,,,,,2025-01-18,
<NA>,,Renewal of Kodri Khurd Link Road km-1(500) Year 2024-25 in District Shravasti,,,,,,,,,,,,,,,,,,,,,,,,2025-01-18,
<NA>,,Renewal of Amwa Majra Link Road km-1(250) Year 2024-25 in District Shravasti.,,,,,,,,,,,,,,,,,,,,,,,,2025-01-18,
<NA>,,Renewal of Amwa Majra Link Road km-1(250) Year 2024-25 in District Shravasti.,,,,,,,,,,,,,,,,,,,,,,,,2025-01-18,
<NA>,,Renewal of Umariya Link Road km-1(300) Year 2024-25 in District Shravasti,,,,,,,,,,,,,,,,,,,,,,,,2025-01-18,
<NA>,,Renewal of Dhanaupur Link Road km-1(490) Year 2024-25 in District Shravasti.,,,,,,,,,,,,,,,,,,,,,,,,2025-01-18,
<NA>,,Renewal of Vishunapur Link Road km-1(400) Year 2024-25 in District Shravasti,,,,,,,,,,,,,,,,,,,,,,,,2025-01-18,
<NA>,,Renewal of Vishunapur Link Road km-1(400) Year 2024-25 in District Shravasti,,,,,,,,,,,,,,,,,,,,,,,,2025-01-23,
<NA>,,Renewal of Vishunapur Link Road km-1(400) Year 2024-25 in District Shravasti,,,,,,,,,,,,,,,,,,,,,,,,2025-01-23,
<NA>,,Renewal of Vishunapur Link Road km-1(400) Year 2024-25 in District Shravasti,,,,,,,,,,,,,,,,,,,,,,,,2025-01-23,
<NA>,,Renewal of Mahatopurwa Link Road km-1(500) Year 2024-25 in District Shravasti.,,,,,,,,,,,,,,,,,,,,,,,,2025-01-18,
<NA>,,Renewal of Gram Panchayat Rampur Tribhawna Road to Masjid via Khalil Ahmad Home Naushahra Link Road km-1 and 2(200) Year 2024-25 in District Shravasti.,,,,,,,,,,,,,,,,,,,,,,,,2025-01-18,
<NA>,,Renewal of Manadol Link Road km-1(500) Year 2024-25 in District Shravasti.,,,,,,,,,,,,,,,,,,,,,,,,2025-01-18,
<NA>,,Renewal of Manadol Link Road km-1(500) Year 2024-25 in District Shravasti.,,,,,,,,,,,,,,,,,,,,,,,,2025-01-18,
<NA>,,Renewal of Kundari Link Road km-1(500) Year 2024-25 in District Shravasti.,,,,,,,,,,,,,,,,,,,,,,,,2025-01-18,
<NA>,,Renewal of Bhotepurwa Link Road km-1 and 2(500) Year 2024-25 in District Shravasti,,,,,,,,,,,,,,,,,,,,,,,,2025-01-18,
<NA>,,"Renewal of B.K. Road to Sarnampurwa Link Road in Km 1, 2(900) Financial Year 2024-25 in District-Shravasti.",,,,,,,,,,,,,,,,,,,,,,,,2025-01-18,
<NA>,,Renewal of Jharikdeeh Link Road in Km 1 and 2 Financial Year 2024-25 in District-Shravasti.,,,,,,,,,,,,,,,,,,,,,,,,2025-01-18,
<NA>,,Renewal of B.K. Road to Bankati Link Road in Km 1(600) Financial Year 2024-25 in District-Shravasti.,,,,,,,,,,,,,,,,,,,,,,,,2025-01-18,
<NA>,,Renewal of Jharikdeeh Link Road in Km 1 and 2 Financial Year 2024-25 in District-Shravasti.,,,,,,,,,,,,,,,,,,,,,,,,2025-01-18,
<NA>,,Renewal of Javeda Link Road in Km 1(600) Financial Year 2024-25 in District-Shravasti.,,,,,,,,,,,,,,,,,,,,,,,,2025-01-18,
<NA>,,Renewal of Bhikhampur Trai Link Road in Km 1 Financial Year 2024-25 in District-Shravasti,,,,,,,,,,,,,,,,,,,,,,,,2025-01-18,
<NA>,,Renewal of Bhachkahi Pashchimi Link Road in Km 1 (300) Financial Year 2024-25 in District-Shravasti.,,,,,,,,,,,,,,,,,,,,,,,,2025-01-18,
<NA>,,Renewal of Bhachkahi Pashchimi Link Road in Km 1 (300) Financial Year 2024-25 in District-Shravasti.,,,,,,,,,,,,,,,,,,,,,,,,2025-01-18,
<NA>,,Renewal of Lohti Link Road in Km 1 and 2 (200) Financial Year 2024-25 in District-Shravasti.,,,,,,,,,,,,,,,,,,,,,,,,2025-01-18,
<NA>,,Renewal of Chakdariya Majra Link Road km-1(400) Year 2024-25 in District Shravasti.,,,,,,,,,,,,,,,,,,,,,,,,2025-01-18,
<NA>,,Renewal of Bhachkahi Purwi Link Road in Km 1 (400) Financial Year 2024-25 in District-Shravasti.,,,,,,,,,,,,,,,,,,,,,,,,2025-01-18,
<NA>,,Renewal of Bhachkahi Pashchimi Link Road in Km 1 (300) Financial Year 2024-25 in District-Shravasti.,,,,,,,,,,,,,,,,,,,,,,,,2025-01-18,
<NA>,,Renewal of Jagtapur Link Road via Bangayee in Km 1 and 2(500) Financial Year 2024-25 in District-Shravasti,,,,,,,,,,,,,,,,,,,,,,,,2025-01-18,
<NA>,,Renewal of Bhinga Laxmanpur Road Km-15 to Lalpur Ayodhiya to Bahadurpur Godpurwa Link Road in Km 1 (500) Financial Year 2024-25 in District-Shravasti.,,,,,,,,,,,,,,,,,,,,,,,,2025-01-18,
<NA>,,Renewal of Pakharpurwa Link Road in Km 1 and 2 (830) Financial Year 2024-25 in District-Shravasti.,,,,,,,,,,,,,,,,,,,,,,,,2025-01-18,
<NA>,,Renewal of Hathmarwa Link Road in Km 1 and 2 (300) Financial Year 2024-25 in District-Shravasti.,,,,,,,,,,,,,,,,,,,,,,,,2025-01-28,
<NA>,,Renewal of Jarwaliya Link Road in Km 1 and 2 (300) Financial Year 2024-25 in District-Shravasti.,,,,,,,,,,,,,,,,,,,,,,,,2025-01-18,
<NA>,,"Renewal of Sultanjot Link Road km- 2(800),3(500) Year 2024-25 in District Shravasti.",,,,,,,,,,,,,,,,,,,,,,,,2025-01-18,
<NA>,,Renewal of Sagar Gawn Link Road km-4 Year 2024-25 in District Shravasti.,,,,,,,,,,,,,,,,,,,,,,,,2025-01-18,
<NA>,,"Renewal of BM Road km.-20 to Badhani Link Road km-1,2,3 Year 2024-25 in District Shravasti.",,,,,,,,,,,,,,,,,,,,,,,,2025-01-18,
<NA>,,Renewal of Lahorkhurd Link Road km-1(700) Year 2024-25 in District Shravasti.,,,,,,,,,,,,,,,,,,,,,,,,2025-01-18,
<NA>,,"Renewal of Sultanjot Link Road km- 2(800),3(500) Year 2024-25 in District Shravasti.",,,,,,,,,,,,,,,,,,,,,,,,2025-01-18,
<NA>,,"Renewal of Bhangaha Link Road km- 1,2(200) Year 2024-25 in District Shravasti.",,,,,,,,,,,,,,,,,,,,,,,,2025-01-18,
<NA>,,RENEWAL WORK OF MAIKUPURWA LINK ROAD IN DISTRICT BAHRAICH FINANCIAL YEAR 2024-25 (VIDHAN SABHA-BALHA) WITH FIVE YEAR MAINTENANCE,,,,,,,,,,,,,,,,,,,,,,,,2025-01-28,
<NA>,,RENEWAL WORK OF BHARIYA LINK ROAD OT HANSULIYA PITCH ROAD LINK ROAD IN DISTRICT BAHRAICH FINANCIAL YEAR 2024-25 (VIDHAN SABHA-BALHA) WITH FIVE YEAR MAINTENANCE,,,,,,,,,,,,,,,,,,,,,,,,2025-01-28,
<NA>,,RENEWAL WORK OF KUDWAPURWA LINK ROAD LINK ROAD IN DISTRICT BAHRAICH FINANCIAL YEAR 2024-25 (VIDHAN SABHA-BALHA) WITH FIVE YEAR MAINTENANCE,,,,,,,,,,,,,,,,,,,,,,,,2025-01-28,
<NA>,,RENEWAL WORK OF KOHLI LINK ROAD IN DISTRICT BAHRAICH FINANCIAL YEAR 2024-25 (VIDHAN SABHA-BALHA) WITH FIVE YEAR MAINTENANCE,,,,,,,,,,,,,,,,,,,,,,,,2025-01-28,
<NA>,,Renewal and Five Years Maintenance of Jhalidham to Prikrama Road Link Road,,,,,,,,,,,,,,,,,,,,,,,,2025-01-20,
<NA>,,"Special Repair of Gram Panchayat Lalbojhi Painted Road to Kumharanpurwa via Ahiranpurwa Link Road km-1,2,3 Year 2024-25 in District-Shrawasti.",,,,,,,,,,,,,,,,,,,,,,,,2025-01-29,
<NA>,,"Special Repair of Ekauna Link Road to Pooredeen Gramgarh Jokwa Chaukidar Link Road km-1,2,3,4,5,6 Year 2024-25 in District-Shrawasti.",,,,,,,,,,,,,,,,,,,,,,,,2025-01-27,
<NA>,,"Special Repair of Matera Nawabganj Rajapur Puraina to Tiwari Gaun Lalak Gaun Link Road Km. 1, 2 ,3 (500) Year 2024-25 in District Shravasti.",,,,,,,,,,,,,,,,,,,,,,,,2025-01-27,
<NA>,,"Special Repair of Jamunaha Bardehra Shankarpur Road on Babhanpurwa Pakki Road to Pasiyanpurwa Bargadahi Subratipurwa Lambuiya Chauraha to Piprahwa tak Link Road Km. 1, 2 ,3, 4 Year 2024-25 in District Shravasti.",,,,,,,,,,,,,,,,,,,,,,,,2025-01-27,
<NA>,,"Special Repair of Jamunaha Bardehra Shankarpur Road on Babhanpurwa Pakki Road to Pasiyanpurwa Bargadahi Subratipurwa Lambuiya Chauraha to Piprahwa tak Link Road Km. 1, 2 ,3, 4 Year 2024-25 in District Shravasti.",,,,,,,,,,,,,,,,,,,,,,,,2025-01-27,
<NA>,,"Special Repair of Jamunaha Bardehra Shankarpur Road on Babhanpurwa Pakki Road to Pasiyanpurwa Bargadahi Subratipurwa Lambuiya Chauraha to Piprahwa tak Link Road Km. 1, 2 ,3, 4 Year 2024-25 in District Shravasti.",,,,,,,,,,,,,,,,,,,,,,,,2025-01-27,
<NA>,,"Special Repair of Gosayin purwa Link Road Km. 1, 2 and 3 (500) Year 2024-25 in District Shravasti.",,,,,,,,,,,,,,,,,,,,,,,,2025-01-27,
<NA>,,Special Repair of Dumari Chaourha to Goutam Chak Mathiya Link road,,,,,,,,,,,,,,,,,,,,,,,,2025-01-17,
<NA>,,Special Repair of Dumari Chaourha to Goutam Chak Mathiya Link road,,,,,,,,,,,,,,,,,,,,,,,,2025-01-17,
<NA>,,Widening And Strengthening Work of Kharoh Mathiya via Raishree Harpur (O.D.R.) (Length 5.000 km,,,,,,,,,,,,,,,,,,,,,,,,2025-01-31,
<NA>,,Widening And Strengthening Work of Kharoh Mathiya via Raishree Harpur (O.D.R.) (Length 5.000 km,,,,,,,,,,,,,,,,,,,,,,,,2025-01-31,
<NA>,,Special repair work of Kaptanganj Hata road to Narayanpur Deurwan road in Kushinagar district,,,,,,,,,,,,,,,,,,,,,,,,2025-01-28,
<NA>,,Renewal of Hetimpur Mahuadih km 6 to Chakiya link road,,,,,,,,,,,,,,,,,,,,,,,,2025-01-31,
<NA>,,Renewal of Mushaila Bhagalpur road km 16 to Sonbarsha link road,,,,,,,,,,,,,,,,,,,,,,,,2025-01-31,
<NA>,,Renewal of Vaina link road,,,,,,,,,,,,,,,,,,,,,,,,2025-01-31,
<NA>,,Special Repair of Salempur Mangraichi link road,,,,,,,,,,,,,,,,,,,,,,,,2025-01-31,
<NA>,,Special Repair of Aami Nadi Par Poorv Nirmit Farsadad Setu par Atirikt Pahunch Marg By Hot Mix Plant in District Gorakhpur in FY 2024-25 Lot No - 03 of 10,,,,,,,,,,,,,,,,,,,,,,,,2025-01-31,
<NA>,,General Repair of Karim Nagar Dukhni tola link road (including 05 Year maintenance work) LOT No 13 of 14,,,,,,,,,,,,,,,,,,,,,,,,2025-01-31,
<NA>,,General Repair of Choti Retwaiya link road (including 05 Year maintenance work) LOT No 8 of 14,,,,,,,,,,,,,,,,,,,,,,,,2025-01-29,
<NA>,,SR Work of Gram Jivkar me Bhagwati Yadav ke Makan se Virendra ke Khet tak Link Road in District Gorakhpur in FY 2024 25 Lot 10 of 22,,,,,,,,,,,,,,,,,,,,,,,,2025-01-29,
<NA>,,Special Repair of Kusmi Motiram Adda to Raghunathpur link road. (LOT NO-3/3),,,,,,,,,,,,,,,,,,,,,,,,2025-01-31,
<NA>,,Special Repair of Pipraich Jagdishpur Marg (ODR) Ke Sihorwa Gaon Janhadi Nala to Gopalpur link road. (LOT NO-1/3),,,,,,,,,,,,,,,,,,,,,,,,2025-01-31,
<NA>,,Renewal Work of Soda Link Road by HMP in District Gorakhpur in FY 2024 25 Lot 10 of 40,,,,,,,,,,,,,,,,,,,,,,,,2025-01-31,
<NA>,,SPECIAL REPAIR WORK ON GHURODA LINK ROAD INCLUDING 05 YEARS MAINTENANCE,,,,,,,,,,,,,,,,,,,,,,,,2025-01-24,
<NA>,,SPECIAL REPAIR WORK ON LUDHAURA LINK ROAD INCLUDING 05 YEARS MAINTENANCE,,,,,,,,,,,,,,,,,,,,,,,,2025-01-24,
<NA>,,SR of Banda Hamirpur Road to Ujrehta Link Road in km-1 and 2 including 5 year Maintenance,,,,,,,,,,,,,,,,,,,,,,,,2025-01-24,
<NA>,,General repair and Renewal work by PC of Milathu to Shiv Sampark Marg in Km 1-0-200- Km 1-(300-500 Km-1-600-800- Km-2-0-200- Km-2-300-800- and Km-3-0-100-of Including five years maintenance,,,,,,,,,,,,,,,,,,,,,,,,2025-01-01,
<NA>,,Widening and strengthening work of Jariya-Muskara Via Sarila Road (MDR-56B),,,,,,,,,,,,,,,,,,,,,,,,2025-01-01,
<NA>,,Construction work of 2 meter span RCC culvert in place of damaged culvert on Larond to Bhawani Dera road,,,,,,,,,,,,,,,,,,,,,,,,2025-01-27,
<NA>,,"Renewal work with ordinary repair of Bhadrau to Tenga link road in Km. 1,2,3",,,,,,,,,,,,,,,,,,,,,,,,2025-01-27,
<NA>,,"2024-25 Renewal work with ordinary repair of Dorna link road in Km. 1,2,3,4(750)",,,,,,,,,,,,,,,,,,,,,,,,2025-01-23,
<NA>,,"Renewal work with ordinary repair of Gendaura link road in Km. 1,2(510)",,,,,,,,,,,,,,,,,,,,,,,,2025-01-23,
<NA>,,Special repair work on Chauka Link road.,,,,,,,,,,,,,,,,,,,,,,,,2025-01-30,
<NA>,,Special repair work of Maholi ka mazra Quataran link road in Km. 1(500),,,,,,,,,,,,,,,,,,,,,,,,2025-01-30,
<NA>,,Special repair work of Maholi ka mazra Quataran link road in Km. 1(500),,,,,,,,,,,,,,,,,,,,,,,,2025-01-30,
<NA>,,Special repair work of Maholi ka mazra Quataran link road in Km. 1(500),,,,,,,,,,,,,,,,,,,,,,,,2025-01-07,
<NA>,,Special repair work of simardha link road in Km. 1(600),,,,,,,,,,,,,,,,,,,,,,,,2025-01-23,
<NA>,,Special repair work of simardha link road in Km. 1(600),,,,,,,,,,,,,,,,,,,,,,,,2025-01-23,
<NA>,,Special repair work of simardha link road in Km. 1(600),,,,,,,,,,,,,,,,,,,,,,,,2025-01-23,
<NA>,,Special repair work of Dongra pali link road in Km. 7,,,,,,,,,,,,,,,,,,,,,,,,2025-01-25,
<NA>,,Special repair work of Karmara link road in Km. 1(500),,,,,,,,,,,,,,,,,,,,,,,,2025-01-25,
<NA>,,Special repair work of Karmara link road in Km. 1(500),,,,,,,,,,,,,,,,,,,,,,,,2025-01-25,
<NA>,,Repair and corrective work of the small bridge located at km 1 of Basari Dhawari link road,,,,,,,,,,,,,,,,,,,,,,,,2025-01-25,
<NA>,,Other and Patch Repair Work in ODR Roads Under Block Badokharkhurd,,,,,,,,,,,,,,,,,,,,,,,,2025-01-25,
<NA>,,"AR renewal work of Gadauli link road in Km-3, 4(500) (Including 5 Year maintenance)",,,,,,,,,,,,,,,,,,,,,,,,2025-01-25,
<NA>,,"AR renewal work of Revenue Village Mainhai Mafi Mazra Bauna purwa link road in Km-1, 2(500) (Including 5 Year maintenance)",,,,,,,,,,,,,,,,,,,,,,,,2025-01-22,
<NA>,,"AR renewal work of Revenue Village Mainhai Mafi Mazra Bauna purwa link road in Km-1, 2(500) (Including 5 Year maintenance)",,,,,,,,,,,,,,,,,,,,,,,,2025-01-22,
<NA>,,AR renewal work of Marzadpur link road in Km-1 and 2(250) (Including 5 Year maintenance),,,,,,,,,,,,,,,,,,,,,,,,2025-01-22,
<NA>,,AR renewal work of Kewtanpurwa link road (Lamiyari) in Km-1(550) (Including 5 Year maintenance),,,,,,,,,,,,,,,,,,,,,,,,2025-01-22,
<NA>,,"AR renewal work of Revenue Village Mainhai Mafi Mazra Bauna purwa link road in Km-1, 2(500) (Including 5 Year maintenance)",,,,,,,,,,,,,,,,,,,,,,,,2025-01-22,
<NA>,,"AR renewal work of Revenue Village Mainhai Mafi Mazra Bauna purwa link road in Km-1, 2(500) (Including 5 Year maintenance)",,,,,,,,,,,,,,,,,,,,,,,,2025-01-30,
<NA>,,Widening and strengthening of Allahabad Bank to roadways via District Magistrates residence Other district road up to km 1(950) in Banda district 5 years including Maintenance,,,,,,,,,,,,,,,,,,,,,,,,2025-01-30,
<NA>,,In District Orai Widening and Strengthening work of Jalaun Bhind road (SH-70) from Ch. 0.000 to 5.000 and Ch. 17.000 to 30.680 (Length 18.680 Km.),,,,,,,,,,,,,,,,,,,,,,,,2025-01-29,
<NA>,,Widening and strengthening of Baberu Tindwari Sumerpur Road (SH-134) in Ch. 64.020 to 80.270 (Length 16.250 Km),,,,,,,,,,,,,,,,,,,,,,,,2025-01-29,
<NA>,,"2024-25 Special repair work of Jakhlaun alapura padauriya link road in Km. 2(700), 3(450)",,,,,,,,,,,,,,,,,,,,,,,,2025-01-29,
<NA>,,"2024-25 Special repair work of Jakhlaun alapura padauriya link road in Km. 2(700), 3(450)",,,,,,,,,,,,,,,,,,,,,,,,2025-01-28,
<NA>,,Renewal work with ordinary repair of Gangaura link road in Km. 1(420),,,,,,,,,,,,,,,,,,,,,,,,2025-01-28,
<NA>,,"Renewal work with ordinary repair of Kalapahar link road in Km. 1,2(840)",,,,,,,,,,,,,,,,,,,,,,,,2025-01-28,
<NA>,,AR Renewal work of BOP road to Bhaisondha link road in Km-1 to 6(320) in dist Chitrakoot,,,,,,,,,,,,,,,,,,,,,,,,2025-01-31,
<NA>,,BAHARPUR BHARTHANA KATHMAU MARG SE NAGLA RAMDEEN MARG,,,,,,,,,,,,,,,,,,,,,,,,2025-01-13,
<NA>,,Special repair work on Sausrapur to Barkagaon link road (including 5 years maintenance),,,,,,,,,,,,,,,,,,,,,,,,2025-01-13,
<NA>,,BAHARPUR BHARTHANA KATHMAU MARG SE NAGLA RAMDEEN MARG,,,,,,,,,,,,,,,,,,,,,,,,2025-01-13,
<NA>,,UGRAPUR SE BASAIYAHAR MARG,,,,,,,,,,,,,,,,,,,,,,,,2025-01-13,
<NA>,,DHARAMPURA PUL SE JAWAHARPURA MUNNI KI MADIYA UDHANPURA TAK MARG,,,,,,,,,,,,,,,,,,,,,,,,2025-01-13,
<NA>,,Special repair of Navipur Gajner to Patra Sadwa Road (including 5 years maintenance cost),,,,,,,,,,,,,,,,,,,,,,,,2025-01-13,
<NA>,,Special repair of Muktadevi Temple Road in Km 1 to 3(500) (including 5 years maintenance cost),,,,,,,,,,,,,,,,,,,,,,,,2025-01-13,
<NA>,,Special repair of Navipur Gajner to Patra Sadwa Road (including 5 years maintenance cost),,,,,,,,,,,,,,,,,,,,,,,,2025-01-13,
<NA>,,Special repair of Kalpi Road to Mutharapur Road (including 5 years maintenance cost),,,,,,,,,,,,,,,,,,,,,,,,2025-01-13,
<NA>,,Special repair of Ganha Bidaura Road Km. 2 to nagwa bangar Road in Km. 1 to 3(900) (including 5 years maintenance cost),,,,,,,,,,,,,,,,,,,,,,,,2025-01-13,
<NA>,,Kankarpur Ekdil Marg ke Km 1 Se Jodhpur Sampark Marg par Vishesh Marammat ka karya,,,,,,,,,,,,,,,,,,,,,,,,2025-01-13,
<NA>,,Repair and Renewal of Gursahyghanj Baypass se Pathkan purwa Link Road With 5 Year Maintenence,,,,,,,,,,,,,,,,,,,,,,,,2025-01-23,
<NA>,,Repair and Renewal of Induya se Kajipurwa Link Road With 5 Year Maintenence,,,,,,,,,,,,,,,,,,,,,,,,2025-01-23,
<NA>,,Repair and Renewal of Maura se Tamiyamau Link Road With 5 Year Maintenence,,,,,,,,,,,,,,,,,,,,,,,,2025-01-23,
<NA>,,Repair and Renewal of GT Marg se Nagla Madari Link Road With 5 Year Maintenence,,,,,,,,,,,,,,,,,,,,,,,,2025-01-02,
<NA>,,Renewal with General Repair of Satti to Kamalpur to Navipur Link Road in Km. 1 and 2(100) (Including 05 Years Maintenance Cost),,,,,,,,,,,,,,,,,,,,,,,,2025-01-02,
<NA>,,Kalyanpur Phulwari to Pradonpurva road par Navinikaran ka karya (with 05 years maintenance),,,,,,,,,,,,,,,,,,,,,,,,2025-01-28,
<NA>,,AR to Tirwa Kahirngar Road to Etkhari Vinaura Rampur Road,,,,,,,,,,,,,,,,,,,,,,,,2025-01-29,
<NA>,,AR to Belamau Saraiya to Ratanpur Road,,,,,,,,,,,,,,,,,,,,,,,,2025-01-29,
<NA>,,AR to Tirwa Indergadh Road to Godhipurwa Road,,,,,,,,,,,,,,,,,,,,,,,,2025-01-29,
<NA>,,AR to Saurikh Nademau to Kisai Road,,,,,,,,,,,,,,,,,,,,,,,,2025-01-29,
<NA>,,Special Repair of G.T. road to Chhibba Niwada.,,,,,,,,,,,,,,,,,,,,,,,,2025-01-29,
<NA>,,Special Repair of G.T. road to Chhibba Niwada.,,,,,,,,,,,,,,,,,,,,,,,,2025-01-29,
<NA>,,Special repair work of Saibasu to Matlabpur Julaha road.,,,,,,,,,,,,,,,,,,,,,,,,2025-01-29,
<NA>,,Special repair work of Lucknow Etawah road km-115 to Gadanpur Chorsa road km-4 to Nanda Niwada road.,,,,,,,,,,,,,,,,,,,,,,,,2025-01-29,
<NA>,,Special repair work of Sambhi Chakattapurva to Patin Nivada link road.,,,,,,,,,,,,,,,,,,,,,,,,2025-01-29,
<NA>,,Renewal with general repair of Lucknow Etawah road to Bohnar via Yug Shaktidham Ashram road.,,,,,,,,,,,,,,,,,,,,,,,,2025-01-29,
<NA>,,Renewal with general repair of Kakwan to Kothipurwa road.,,,,,,,,,,,,,,,,,,,,,,,,2025-01-29,
<NA>,,Renewal with general repair of Bilhaur to Barauli road.,,,,,,,,,,,,,,,,,,,,,,,,2025-01-29,
<NA>,,Renewal with general repair of Lucknow Etawah road to Jhapatbazpurwa to Bakhariya road.,,,,,,,,,,,,,,,,,,,,,,,,2025-01-30,
<NA>,,Special repair work of Fattepur road to Kashipurwa road.,,,,,,,,,,,,,,,,,,,,,,,,2025-01-30,
<NA>,,Renewal with general repair of Bilhaur Makanpur Vishdhan Road to Devaha Dalelpur road.,,,,,,,,,,,,,,,,,,,,,,,,2025-01-29,
<NA>,,Special repair work of Fattepur road to Kashipurwa road.,,,,,,,,,,,,,,,,,,,,,,,,2025-01-28,
<NA>,,Special repair work of the road from Musahebpur to Anuppur Chaubigahi road.,,,,,,,,,,,,,,,,,,,,,,,,2025-01-29,
<NA>,,Special repair work of the road from Musahebpur to Anuppur Chaubigahi road.,,,,,,,,,,,,,,,,,,,,,,,,2025-01-29,
<NA>,,Special repair work of Fattepur road to Kashipurwa road.,,,,,,,,,,,,,,,,,,,,,,,,2025-01-28,
<NA>,,Ramadevi Pipargawan (PMGSY) road to Dhobinpurwa road.,,,,,,,,,,,,,,,,,,,,,,,,2025-01-25,
<NA>,,Ramadevi Pipargawan (PMGSY) road to Dhobinpurwa road.,,,,,,,,,,,,,,,,,,,,,,,,2025-01-25,
<NA>,,Ramadevi Pipargawan (PMGSY) road to Dhobinpurwa road.,,,,,,,,,,,,,,,,,,,,,,,,2025-01-25,
<NA>,,"Special repair work of Kakwan Maddupur Road, Fatehpur Ambarihar to Pura Nadiha Road in km-13 and 14(500).",,,,,,,,,,,,,,,,,,,,,,,,2025-01-28,
<NA>,,Special repair work of Kiratpur to Badhera link road.,,,,,,,,,,,,,,,,,,,,,,,,2025-01-28,
<NA>,,Special repair work of Kalyanpur Bithoor road to Sambharpur via Gangpur road at km-1(500) with CC.,,,,,,,,,,,,,,,,,,,,,,,,2025-01-25,
<NA>,,Kathara Keeratpur road to Gajapur road.,,,,,,,,,,,,,,,,,,,,,,,,2025-01-25,
<NA>,,Ramadevi Pipargawan (PMGSY) road to Dhobinpurwa road.,,,,,,,,,,,,,,,,,,,,,,,,2025-01-25,
<NA>,,Kanpur Hameerpur road to Ramjipurwa road via Aundha.,,,,,,,,,,,,,,,,,,,,,,,,2025-01-25,
<NA>,,W.A.B. Canal Jamupur to Karsui road.,,,,,,,,,,,,,,,,,,,,,,,,2025-01-25,
<NA>,,"Ramaipur to Bharu road in km-2, 3 and 4(100).",,,,,,,,,,,,,,,,,,,,,,,,2025-01-29,
<NA>,,Bakauli link road.,,,,,,,,,,,,,,,,,,,,,,,,2025-01-25,
<NA>,,Special repair of G.T. road to Gova Garden road at km-1(200) with CC.,,,,,,,,,,,,,,,,,,,,,,,,2025-01-29,
<NA>,,Special repair work of Katherua Kathara road Km-3 to Barakheda to Champatpur road in km-1 and 3(800).,,,,,,,,,,,,,,,,,,,,,,,,2025-01-29,
<NA>,,Special repair work of Kathara to Badhera link road.,,,,,,,,,,,,,,,,,,,,,,,,2025-01-29,
<NA>,,Special repair work of Katherua Kathara road Km-3 to Barakheda to Champatpur road in km-1 and 3(800).,,,,,,,,,,,,,,,,,,,,,,,,2025-01-29,
<NA>,,KHUTADEV SE NAGLA KANHAI MARG SR WORK,,,,,,,,,,,,,,,,,,,,,,,,2025-01-31,
<NA>,,KAMALUDDINPUR CHAURAHE SE PANCHAYAT GHAR TK SAMPARK MARG SR WORK,,,,,,,,,,,,,,,,,,,,,,,,2025-01-13,
<NA>,,MTC ROAD SE MUBARAKPUR MARG PER SR WORK,,,,,,,,,,,,,,,,,,,,,,,,2025-01-13,
<NA>,,KAMALUDDINPUR CHAURAHE SE PANCHAYAT GHAR TK SAMPARK MARG SR WORK,,,,,,,,,,,,,,,,,,,,,,,,2025-01-30,
<NA>,,FARRUKHABAD CHIBRAMAU MARG SE BARNA KHURD MARG SR WORK,,,,,,,,,,,,,,,,,,,,,,,,2025-01-30,
<NA>,,BE MARG SE ALIDADPUR MARG SR WORK,,,,,,,,,,,,,,,,,,,,,,,,2025-01-24,
<NA>,,BE MARG SE ALIDADPUR MARG SR WORK,,,,,,,,,,,,,,,,,,,,,,,,2025-01-24,
<NA>,,FARRUKHABAD ROAD SE CHITTAPUR KAPURAPUR MARG SR WORK,,,,,,,,,,,,,,,,,,,,,,,,2025-01-13,
<NA>,,FARRUKHABAD ROAD SE CHITTAPUR KAPURAPUR MARG SR WORK,,,,,,,,,,,,,,,,,,,,,,,,2025-01-10,
<NA>,,JASMAI DARWAJA SIROLI ROAD SE TIMRUA MARG SR WORK,,,,,,,,,,,,,,,,,,,,,,,,2025-01-10,
<NA>,,KAMALUDDINPUR SHEDECHAKARPUR MARG SE SATHRA JITHAOLI MARG SR WORK,,,,,,,,,,,,,,,,,,,,,,,,2025-01-27,
<NA>,,RAJIPUR UDHRANPUR SE MITPURA MARG SR WORK,,,,,,,,,,,,,,,,,,,,,,,,2025-01-28,
<NA>,,UGARPUR SULTANPATTI MARG S CHIRRA MARG RENEWAL WORK,,,,,,,,,,,,,,,,,,,,,,,,2025-01-28,
<NA>,,FATEHGARH MARG SE NAUSARA MARG RENEWAL WORK,,,,,,,,,,,,,,,,,,,,,,,,2025-01-27,
<NA>,,KHUDAGANJ GADIYA KE KM 2 SE NAGLA KESHRI MARG SR WORK,,,,,,,,,,,,,,,,,,,,,,,,2025-01-27,
<NA>,,FATEHGARH GURSHAIGANJ MARG KE KM 8 SE BHOJPUR MARG RENEWAL WORK,,,,,,,,,,,,,,,,,,,,,,,,2025-01-27,
<NA>,,KAYAMGANJ SARAI AGHAT ROAD SE SIYANI MARG RENEWAL WORK,,,,,,,,,,,,,,,,,,,,,,,,2025-01-31,
<NA>,,KAIMGANJ ALIGANJ MARG KE KM 3 RUTOUL PAITHANKHURD SE NAGLA CHARAN SAMPARK MARG KE NAVINIKARAN KA KARYA,,,,,,,,,,,,,,,,,,,,,,,,2025-01-30,
<NA>,,KAIMGANJ ACHRA SARAIGHAT MARG SE GANESHPUR SAMPARK MARG KE NAVINIKARAN KA KARYA,,,,,,,,,,,,,,,,,,,,,,,,2025-01-30,
<NA>,,FARRUKHABAD KAIMGANJ MARG PER PARAMNAGAR SE ASGARPUR SUTAHDI SAMPARK MARG KE NAVINIKARAN KA KARYA,,,,,,,,,,,,,,,,,,,,,,,,2025-01-30,
<NA>,,KBG MARG SE VILAHA MARG KE NAVINIKARAN KA KARYA,,,,,,,,,,,,,,,,,,,,,,,,2025-01-30,
<NA>,,SHAMSHABAD UGARPUR SE PAHADPUR BAIRAGAD MARG KE NAVINIKARAN KA KARYA,,,,,,,,,,,,,,,,,,,,,,,,2025-01-30,
<NA>,,"In the financial year 2024-25, Repair and protection work of the approach road of the bridge located on Sengar river on Banamai to Jaswantnagar Chhimara road in Etawah district",,,,,,,,,,,,,,,,,,,,,,,,2025-01-22,
<NA>,,In the financial year 2024-25 repair and protection work of the damaged approach road of the bridge located at kilometer 2 of Saifai Karhal By Pass Road other district road,,,,,,,,,,,,,,,,,,,,,,,,2025-01-22,
<NA>,,In the financial year 2024-25 repair and protection work of the damaged approach road of the bridge located at kilometer 2 of Saifai Karhal By Pass Road other district road,,,,,,,,,,,,,,,,,,,,,,,,2025-01-22,
<NA>,,In the financial year 2024-25 repair and protection work of the damaged approach road of the bridge located at kilometer 2 of Saifai Karhal By Pass Road other district road,,,,,,,,,,,,,,,,,,,,,,,,2025-01-22,
<NA>,,Special repair work of Atwa Majra to Bihupur road and Bihupur link road under Ghatampur assembly constituency,,,,,,,,,,,,,,,,,,,,,,,,2025-01-22,
<NA>,,Special repair work of Asadhana to Kumkhara link road under Ghatampur Assembly constituency,,,,,,,,,,,,,,,,,,,,,,,,2025-01-22,
<NA>,,Special repair work of Ghatampur Jehanabad Mughal Road to Chandapur Ambedkar Park Canal culvert by CC work of damaged populated part of the road under Ghatampur assembly constituency,,,,,,,,,,,,,,,,,,,,,,,,2025-01-22,
<NA>,,Renewal work of bhairampur to nayakheda road km 1-750 2-350,,,,,,,,,,,,,,,,,,,,,,,,2025-01-31,
<NA>,,Renewal work of bhairampur to nayakheda road km 1-750 2-350,,,,,,,,,,,,,,,,,,,,,,,,2025-01-31,
<NA>,,Renewal work of gt salempur road to khujaupur link road km 1 2-300,,,,,,,,,,,,,,,,,,,,,,,,2025-01-31,
<NA>,,Renewal work of kundauli chirli to ratepur amaur dwar road,,,,,,,,,,,,,,,,,,,,,,,,2025-01-31,
<NA>,,Renewal work of Sarsaul road to niwada ujagar road By Departmental Hot Mix Plant,,,,,,,,,,,,,,,,,,,,,,,,2025-01-31,
<NA>,,Renewal work of village mathurapur to haskar road km 2-800 3-300,,,,,,,,,,,,,,,,,,,,,,,,2025-01-31,
<NA>,,Renewal work of sadh kudni musafa road km-8 dhruv kheda link road By Departmental Hot Mix Plant,,,,,,,,,,,,,,,,,,,,,,,,2025-01-31,
<NA>,,Renewal work of sadh jahanabad to itarora road,,,,,,,,,,,,,,,,,,,,,,,,2025-01-31,
<NA>,,Renewal work of baradari to bambi khwajgipur road,,,,,,,,,,,,,,,,,,,,,,,,2025-01-27,
<NA>,,Renewal work of GT road to Sarsaul Railway road,,,,,,,,,,,,,,,,,,,,,,,,2025-01-31,
<NA>,,Renewal work of sunderpur devapur road km-1.00 to yadav singh ka purwa link road,,,,,,,,,,,,,,,,,,,,,,,,2025-01-27,
<NA>,,Renewal work of kaintha-birhar road km-2.00 to kaluapur link road,,,,,,,,,,,,,,,,,,,,,,,,2025-01-31,
<NA>,,Renewal work of siromanpur to tenapur road,,,,,,,,,,,,,,,,,,,,,,,,2025-01-31,
<NA>,,2 Reconstruction work at Meerut Karnal Road from Nayagaon Road to Taprana Tanki in Distt. Shamli in. F.Y. 2023-24,,,,,,,,,,,,,,,,,,,,,,,,2025-01-01,
<NA>,,Re-Construction work in Chini Mill Area Barout Budhana Road to Midkali Road.,,,,,,,,,,,,,,,,,,,,,,,,2025-01-01,
<NA>,,Special repair work of Pathed Nanauli road to Kamboh Majra road.,,,,,,,,,,,,,,,,,,,,,,,,2025-01-29,
<NA>,,Special repair work of from Kurdi to Nangal bypass road in Baghpat district in the financial year 2024-25.,,,,,,,,,,,,,,,,,,,,,,,,2025-01-29,
<NA>,,Special repair work on the left side of Devla Somli Mulla Nagarajpur road from km 170 of Delhi Yamnautri road.,,,,,,,,,,,,,,,,,,,,,,,,2025-01-29,
<NA>,,Special repair of Nosena to Gangerua link road,,,,,,,,,,,,,,,,,,,,,,,,2025-01-29,
<NA>,,Special repair of Partapur to Salamatpur Gangawali link road.,,,,,,,,,,,,,,,,,,,,,,,,2025-01-27,
<NA>,,Special repair of Margubpur to Dostpur link road,,,,,,,,,,,,,,,,,,,,,,,,2025-01-13,
<NA>,,Special repair of Saidpur link road via Ahmadnagar-Karimnagar Banboi Noorpur,,,,,,,,,,,,,,,,,,,,,,,,2025-01-22,
<NA>,,Special repair of BSG to Ginora Nagli link road,,,,,,,,,,,,,,,,,,,,,,,,2025-01-22,
<NA>,,Special repair of Nisurkha Karkoda Khedi to Bondra link road,,,,,,,,,,,,,,,,,,,,,,,,2025-01-22,
<NA>,,Special repair of Khadmohanagar to BB Nagar ki Madiya in Madona Jafrabad link road,,,,,,,,,,,,,,,,,,,,,,,,2025-01-22,
<NA>,,Special repair of BSG to Ishanpur link road,,,,,,,,,,,,,,,,,,,,,,,,2025-01-29,
<NA>,,"Special repair of Elna-Khanpur road (ODR) in Km 4(925), 5(945), 6(660) 7(570)",,,,,,,,,,,,,,,,,,,,,,,,2025-01-29,
<NA>,,"Special repair of Elna-Khanpur road (ODR) in Km 4(925), 5(945), 6(660) 7(570)",,,,,,,,,,,,,,,,,,,,,,,,2025-01-29,
<NA>,,"Special repair of Elna-Khanpur road (ODR) in Km 4(925), 5(945), 6(660) 7(570)",,,,,,,,,,,,,,,,,,,,,,,,2025-01-30,
<NA>,,Special repair of BA road to Dauhli link road,,,,,,,,,,,,,,,,,,,,,,,,2025-01-29,
<NA>,,Special repair of Bulandshahr-Jhajhar road to Sikheda link road,,,,,,,,,,,,,,,,,,,,,,,,2025-01-13,
<NA>,,Special repair of Bulandshahr-Jhajhar road to Sikheda link road,,,,,,,,,,,,,,,,,,,,,,,,2025-01-13,
<NA>,,Special repair of Anupshahr Aahar road to Pahadpur link road,,,,,,,,,,,,,,,,,,,,,,,,2025-01-13,
<NA>,,Special repair of BA road to Dauhli link road,,,,,,,,,,,,,,,,,,,,,,,,2025-01-29,
<NA>,,Special repair of Aurangabad Bihra Jamalpur to Mudibakapur link road,,,,,,,,,,,,,,,,,,,,,,,,2025-01-22,
<NA>,,Special repair of MB road to Saidpur via Ginora Shekh link road,,,,,,,,,,,,,,,,,,,,,,,,2025-01-10,
<NA>,,Special repair of Bulandshahr Jehra Aulina Rajwana Aurangabad link road,,,,,,,,,,,,,,,,,,,,,,,,2025-01-10,
<NA>,,"Special repair of Bulandshahr-Tajpur road in Km 1, 2, 3(120)",,,,,,,,,,,,,,,,,,,,,,,,2025-01-10,
<NA>,,District Meerut road protection work on the route from Km 21 of Meerut Baraut via Kalyanpur to Meerut Baraut via Puramahadev and Kinauni Mill ODR from Chain 8.700 to Chain 17.700.,,,,,,,,,,,,,,,,,,,,,,,,2025-01-10,
<NA>,,Patch repair work on all roads under Assistant Engineer I,,,,,,,,,,,,,,,,,,,,,,,,2025-01-31,
<NA>,,Special repair work of Pilakhua Dhaulana road to Bajheda Khurd road,,,,,,,,,,,,,,,,,,,,,,,,2025-01-31,
<NA>,,15 Special Repair work on Kalayanpur Toda Riyawali Road,,,,,,,,,,,,,,,,,,,,,,,,2025-01-31,
<NA>,,12 Re-Construction work in Chini Mill Village Khatoula to Kaleem ke makan to Balraj ke Bag Road.,,,,,,,,,,,,,,,,,,,,,,,,2025-01-31,
<NA>,,Renewal of Khurja Pahasu Chhatari to Hanuman Mandir Via Nagaliya Takkar Link road,,,,,,,,,,,,,,,,,,,,,,,,2025-01-18,
<NA>,,Renewal of Munda Kheda to Nagla Chiti Link road,,,,,,,,,,,,,,,,,,,,,,,,2025-01-31,
<NA>,,"In financial year 2024-25 Road Marking work of Banthla Dhikoli Road (ODR) km 10 (140), 11, 13, 14, 15, 16, 17 (500), 18(500), 19, 20, 21, 22, 23, 24, 25, 26, 27, 28, 29, 30 and Km 31 (750) in District Baghpat.",,,,,,,,,,,,,,,,,,,,,,,,2025-01-31,
<NA>,,1 Re-Construction work in Chini Mill Area Bhopa P.W.D. Road to Makiyali,,,,,,,,,,,,,,,,,,,,,,,,2025-01-18,
<NA>,,10 Re-Construction work in Chini Mill Area NH-58 to Silajuddi Munavver Mansoorpur Sikrera Road.,,,,,,,,,,,,,,,,,,,,,,,,2025-01-31,
<NA>,,12 Re-Construction work in Chini Mill Village Khatoula to Kaleem ke makan to Balraj ke Bag Road.,,,,,,,,,,,,,,,,,,,,,,,,2025-01-18,
<NA>,,16 Re-Construction work in Chini Mill Area Barout Budhana Road to Pramod ki Dukan to Sadak Nipura Road.,,,,,,,,,,,,,,,,,,,,,,,,2025-01-31,
<NA>,,16 Re-Construction work in Chini Mill Area Barout Budhana Road to Pramod ki Dukan to Sadak Nipura Road.,,,,,,,,,,,,,,,,,,,,,,,,2025-01-31,
<NA>,,16 Re-Construction work in Chini Mill Area Barout Budhana Road to Pramod ki Dukan to Sadak Nipura Road.,,,,,,,,,,,,,,,,,,,,,,,,2025-01-31,
<NA>,,16 Re-Construction work in Chini Mill Area Barout Budhana Road to Pramod ki Dukan to Sadak Nipura Road.,,,,,,,,,,,,,,,,,,,,,,,,2025-01-31,
<NA>,,18 Re-Construction work in Chini Mill Area Pachenda Kala Inter Collage to Rajwaha Road.,,,,,,,,,,,,,,,,,,,,,,,,2025-01-31,
<NA>,,6 Re-Construction work in Chini Mill Area Dhamat Nahar ki pull to Sakoti Road.,,,,,,,,,,,,,,,,,,,,,,,,2025-01-30,
<NA>,,6 Re-Construction work in Chini Mill Area Dhamat Nahar ki pull to Sakoti Road.,,,,,,,,,,,,,,,,,,,,,,,,2025-01-30,
<NA>,,1 Widening and Strengthning work on Muzaffarnagar Thanabhawan Road.,,,,,,,,,,,,,,,,,,,,,,,,2025-01-30,
<NA>,,"12 Renewal work at Shapla to Mundet Khadder Road at Km 1(800),2,3(200) in Distt Shamli in FY 2024-25",,,,,,,,,,,,,,,,,,,,,,,,2025-01-30,
<NA>,,8 Renewal work at Chausna Ghadi Hasanpur Road Se Detheda Ki Aur at Km 1(660) in Distt Shamli in FY 2024-25,,,,,,,,,,,,,,,,,,,,,,,,2025-01-30,
<NA>,,8 Renewal work at Chausna Ghadi Hasanpur Road Se Detheda Ki Aur at Km 1(660) in Distt Shamli in FY 2024-25,,,,,,,,,,,,,,,,,,,,,,,,2025-01-30,
<NA>,,8 Renewal work at Chausna Ghadi Hasanpur Road Se Detheda Ki Aur at Km 1(660) in Distt Shamli in FY 2024-25,,,,,,,,,,,,,,,,,,,,,,,,2025-01-30,
<NA>,,"21 Renewal work at Nangli Jamalpur Talwa Majra Road at Km 1,2(350) in Distt Shamli in FY 2024-25",,,,,,,,,,,,,,,,,,,,,,,,2025-01-30,
<NA>,,8 Renewal work at Chausna Ghadi Hasanpur Road Se Detheda Ki Aur at Km 1(660) in Distt Shamli in FY 2024-25,,,,,,,,,,,,,,,,,,,,,,,,2025-01-13,
<NA>,,"Special Repair work on Shahpur Basi Bhorakalan Road (ODR) in Km-03(Basi), 05(Adampur) and 08(Shikarpur) Abadi Portion",,,,,,,,,,,,,,,,,,,,,,,,2025-01-29,
<NA>,,Construction of Box Culvert 1x3 M Singal Box at Kairana Khatauli Morna (SH-116) in Km-54.,,,,,,,,,,,,,,,,,,,,,,,,2025-01-29,
<NA>,,1 Reconstruction work on Gram Shoram me mule jatto ke pul se Kabristan Road.,,,,,,,,,,,,,,,,,,,,,,,,2025-01-29,
<NA>,,3 Reconstruction work on Bhopa Morna Road to Rajwaha Patri up to Morna Karheda Road.,,,,,,,,,,,,,,,,,,,,,,,,2025-01-31,
<NA>,,13 Reconstruction work In Sisosli From Yashpal Khet To Mohmadpur Mardern Road.,,,,,,,,,,,,,,,,,,,,,,,,2025-01-29,
<NA>,,3 Reconstruction work on Bhopa Morna Road to Rajwaha Patri up to Morna Karheda Road.,,,,,,,,,,,,,,,,,,,,,,,,2025-01-31,
<NA>,,3 Reconstruction work on Bhopa Morna Road to Rajwaha Patri up to Morna Karheda Road.,,,,,,,,,,,,,,,,,,,,,,,,2025-01-31,
<NA>,,25 Reconstruction work on Mehelki to Rajpur Gola Puttha Road.,,,,,,,,,,,,,,,,,,,,,,,,2025-01-31,
<NA>,,3 Reconstruction work on Bhopa Morna Road to Rajwaha Patri up to Morna Karheda Road.,,,,,,,,,,,,,,,,,,,,,,,,2025-01-31,
<NA>,,31 Reconstruction work on Meerawala to Rajwaha Patri Road In side of Joly Bijnor Road.,,,,,,,,,,,,,,,,,,,,,,,,2025-01-29,
<NA>,,32 Reconstruction work on Khaikheda to Tandeda Road.,,,,,,,,,,,,,,,,,,,,,,,,2025-01-29,
<NA>,,"17 Renewal work at Subari to Thali Link Road at Km 1,2,3,(080) in Distt Shamli in F Y 2024-25",,,,,,,,,,,,,,,,,,,,,,,,2025-01-22,
<NA>,,"2 Renewal work at Jassala Fatak to Kandla Road at Km 1,2,3 in Distt Shamli in F Y 2024-25",,,,,,,,,,,,,,,,,,,,,,,,2025-01-22,
<NA>,,"22 Renewal work at Rajwaha Malhipur patri between D Y Road and K K Road at Km 7,8,9 in Distt Shamli in F Y 2024-25",,,,,,,,,,,,,,,,,,,,,,,,2025-01-22,
<NA>,,5 Renewal work at Shamli Budhana Road to Kabraut Road at Km 1(400) in Distt Shamli in F Y 2024-25,,,,,,,,,,,,,,,,,,,,,,,,2025-01-22,
<NA>,,Special repair work of Pilkhua Chandi Mandir to Sikhaida road,,,,,,,,,,,,,,,,,,,,,,,,2025-01-15,
<NA>,,Reconstruction work on Bhagwanpur to Dhana Dibai Road under Chini Mil Area during Financial Year 2024-25,,,,,,,,,,,,,,,,,,,,,,,,2025-01-15,
<NA>,,Repair and improvement work of Kali River bridge located at Km 3 of Daurala Mussoorie ODR in Meerut district.,,,,,,,,,,,,,,,,,,,,,,,,2025-01-31,
<NA>,,Special repair work of Railway Over Bridge ROB located at Km 1 of Daurala Barnawa ODR in Meerut district,,,,,,,,,,,,,,,,,,,,,,,,2025-01-23,
<NA>,,Special Repair work at Navada Amarpur Road via Barsat Dadupur in District Gautambudhnagar,,,,,,,,,,,,,,,,,,,,,,,,2025-01-23,
<NA>,,Special Repair work at Navada Amarpur Road via Barsat Dadupur in District Gautambudhnagar,,,,,,,,,,,,,,,,,,,,,,,,2025-01-15,
<NA>,,Renewal work at Talda Link Road to Isepur Road in District Gautambudhnagar,,,,,,,,,,,,,,,,,,,,,,,,2025-01-28,
<NA>,,11.Renewal of In Alawalpur From Rajbeer khet to Bhopal Khat Road,,,,,,,,,,,,,,,,,,,,,,,,2025-01-28,
<NA>,,16.Renewal of Khedi Kuresh To Nagli Mahasingh Road,,,,,,,,,,,,,,,,,,,,,,,,2025-01-28,
<NA>,,2.Renewal of Harinagar Sikri Road to Narayanpuri Road,,,,,,,,,,,,,,,,,,,,,,,,2025-01-28,
<NA>,,6.Renewal of Hadoli to shikarpur Via Sadrudinnagar Road,,,,,,,,,,,,,,,,,,,,,,,,2025-01-28,
<NA>,,Renewal work at Talda Link Road to Isepur Road in District Gautambudhnagar,,,,,,,,,,,,,,,,,,,,,,,,2025-01-28,
<NA>,,Renewal work at Fjailpur to Maycha Missing Link Road in District Gautambudhnagar,,,,,,,,,,,,,,,,,,,,,,,,2025-01-28,
<NA>,,Renewal work at Fjailpur to Maycha Missing Link Road in District Gautambudhnagar,,,,,,,,,,,,,,,,,,,,,,,,2025-01-28,
<NA>,,Renewal work at Tilapta Ghodi to Tapkheda Road in District Gautambudhnagar,,,,,,,,,,,,,,,,,,,,,,,,2025-01-28,
<NA>,,Renewal work at Talda Link Road to Isepur Road in District Gautambudhnagar,,,,,,,,,,,,,,,,,,,,,,,,2025-01-28,
<NA>,,Renewal work at Tatarpur to Pyawali Road in District Gautambudhnagar,,,,,,,,,,,,,,,,,,,,,,,,2025-01-28,
<NA>,,Renewal work at Gulawthi to Muthiyani Road in District Gautambudhnagar,,,,,,,,,,,,,,,,,,,,,,,,2025-01-28,
<NA>,,Renewal work at Tatarpur to Pyawali Road in District Gautambudhnagar,,,,,,,,,,,,,,,,,,,,,,,,2025-01-28,
<NA>,,Renewal work at Tatarpur to Pyawali Road in District Gautambudhnagar,,,,,,,,,,,,,,,,,,,,,,,,2025-01-28,
<NA>,,Dulhaida to Maithna Indrasingh Marg,,,,,,,,,,,,,,,,,,,,,,,,2025-01-23,
<NA>,,"3 Renewal work at Bhogi Mazra to Millwali Kali Sadak at Km. 1(500),3(150),4(200) in Distt. Shamli in. F.Y. 2024-25",,,,,,,,,,,,,,,,,,,,,,,,2025-01-31,
<NA>,,"3 Renewal work at Bhogi Mazra to Millwali Kali Sadak at Km. 1(500),3(150),4(200) in Distt. Shamli in. F.Y. 2024-25",,,,,,,,,,,,,,,,,,,,,,,,2025-01-23,
<NA>,,"8 Renewal work at Meerut Karnal to Allauddinpur Road at Km. 1, 2(360) in Distt. Shamli in. F.Y. 2024-25",,,,,,,,,,,,,,,,,,,,,,,,2025-01-18,
<NA>,,Renewal work of Akbarpur Sadaat to Tigri road,,,,,,,,,,,,,,,,,,,,,,,,2025-01-23,
<NA>,,Renewal work of Akbarpur Sadaat to Tigri road,,,,,,,,,,,,,,,,,,,,,,,,2025-01-23,
<NA>,,"Construction work of new minor bridge, approach road and additional approach road on the road connecting Jasora Chhoiya drain starting from Km 12 of Kota Harnathpur (other district road) in Meerut district",,,,,,,,,,,,,,,,,,,,,,,,2025-01-18,
<NA>,,Widening and Strengthening of Syana Unchagaon Bhadkau Narsena Nahar Patri to Heerapur Kalan Nahar Patri road (ODR) from Km 44 to 54(700) in District Bulandshahr,,,,,,,,,,,,,,,,,,,,,,,,2025-01-18,
<NA>,,Renewal work with General repair Khatta to Vinaypur Nahar Ki patri Road Kanal Road Under State Road Funds Scheme in the financial year 2024-25 in district Baghpat,,,,,,,,,,,,,,,,,,,,,,,,2025-01-30,
<NA>,,"Renovation work along with general repair in km 166 (600), 167, 168, 169, 170 of Delhi Yamnautri road in Saharanpur district.",,,,,,,,,,,,,,,,,,,,,,,,2025-01-31,
<NA>,,Renovation work along with general repair in km 1 to 5 of Muzaffarnagar Saharanpur to Bharapur road in Saharanpur district.,,,,,,,,,,,,,,,,,,,,,,,,2025-01-31,
<NA>,,Renewal Of NH-58 Nawla to Badsu KK Road SH-116 Tak.,,,,,,,,,,,,,,,,,,,,,,,,2025-01-31,
<NA>,,Renovation work with special repairs on Rampur to Dhakadei road.,,,,,,,,,,,,,,,,,,,,,,,,2025-01-31,
<NA>,,Renewal work with general repair at Chhapraula Dujana Akilpur Pyawali NTPC Road in District Gautambudhnagar,,,,,,,,,,,,,,,,,,,,,,,,2025-01-29,
<NA>,,Renewal work of Jahangirabad Shikarpur road,,,,,,,,,,,,,,,,,,,,,,,,2025-01-29,
<NA>,,SR of Dramandganj Haliya Road to Unti Link Road (Construction cost for 05 years maintenance including 2.50 Pecent for CC Work),,,,,,,,,,,,,,,,,,,,,,,,2025-01-24,
<NA>,,SR of Kachhawa Chhataha Link Road (Construction cost for 05 years maintenance including 2.50 Percent for CC work),,,,,,,,,,,,,,,,,,,,,,,,2025-01-24,
<NA>,,Renewal of Bikana to Veerpur Link Road (Construction cost for 05 years maintenance including 15 Percent for PC work),,,,,,,,,,,,,,,,,,,,,,,,2025-01-31,
<NA>,,Renewal of Kharihat Kala road to Khamhariya kala Link Road (Construction cost for 05 years maintenance including 15 Percent for PC work),,,,,,,,,,,,,,,,,,,,,,,,2025-01-31,
<NA>,,Renewal of Bhilgaur Link Road (Construction cost for 05 years maintenance including 15 Percent for PC work),,,,,,,,,,,,,,,,,,,,,,,,2025-01-31,
<NA>,,Renewal of Jasa Baghaura Link Road (Construction cost for 05 years maintenance including 15 Percent for PC work),,,,,,,,,,,,,,,,,,,,,,,,2025-01-31,
<NA>,,Renewal of Argaja Pandey Link Road (Construction cost for 05 years maintenance including 15 Percent for PC work),,,,,,,,,,,,,,,,,,,,,,,,2025-01-31,
<NA>,,Special Repair of Nagnar Haraiya link Road,,,,,,,,,,,,,,,,,,,,,,,,2025-01-07,
<NA>,,Special Repair of Shahganj to Bhudkuda via Barsot Link road,,,,,,,,,,,,,,,,,,,,,,,,2025-01-07,
<NA>,,Special Repair of Purani Kol Basti in Rajasva Gram Aamdih,,,,,,,,,,,,,,,,,,,,,,,,2025-01-07,
<NA>,,Special Repair of Purani Kol Basti in Rajasva Gram Aamdih,,,,,,,,,,,,,,,,,,,,,,,,2025-01-04,
<NA>,,Special Repair of Akelawa Daur to Yadav Chargah Basti Link Road,,,,,,,,,,,,,,,,,,,,,,,,2025-01-04,
<NA>,,General repair with Renewal of Kharhara to Devkhar Link Road,,,,,,,,,,,,,,,,,,,,,,,,2025-01-17,
<NA>,,General repair with Renewal of Kharhara to Devkhar Link Road,,,,,,,,,,,,,,,,,,,,,,,,2025-01-17,
<NA>,,General Repair with Renewal of Intech Link Road KM 1 2 500,,,,,,,,,,,,,,,,,,,,,,,,2025-01-17,
<NA>,,General Repair with Renewal of Gadarkhadi Link Road KM 1 500 2 490,,,,,,,,,,,,,,,,,,,,,,,,2025-01-17,
<NA>,,Renewal of Balui Mitapur km 07 to Beldaha Link Road,,,,,,,,,,,,,,,,,,,,,,,,2025-01-17,
<NA>,,Renewal of Badaila link road,,,,,,,,,,,,,,,,,,,,,,,,2025-01-15,
<NA>,,Renewal of Yadav Basti Padari Jasauli link road,,,,,,,,,,,,,,,,,,,,,,,,2025-01-15,
<NA>,,WS of Urmaura Rajpur Road via Basauli bahuwar raghunathpur sinduri road,,,,,,,,,,,,,,,,,,,,,,,,2025-01-15,
<NA>,,Renewal of Adalhat sherwa bhaipur kuber mahavidyalay link Road With 5 years Maintenance,,,,,,,,,,,,,,,,,,,,,,,,2025-01-15,
<NA>,,Renewal of Adalhat sherwa bhaipur kuber mahavidyalay link Road With 5 years Maintenance,,,,,,,,,,,,,,,,,,,,,,,,2025-01-15,
<NA>,,RENEWAL OF BIND BASTI IIND LINK ROAD With 5 years Maintenance,,,,,,,,,,,,,,,,,,,,,,,,2025-01-31,
<NA>,,RENEWAL OF BAROHA TO RAMPUR ATRI MALIN BASTI LINK ROAD With 5 years Maintenance,,,,,,,,,,,,,,,,,,,,,,,,2025-01-31,
<NA>,,Renewal of Lalganj Kalwari Road to Ramchanderpur Lalapur link Road With 5 years Maintenance,,,,,,,,,,,,,,,,,,,,,,,,2025-01-15,
<NA>,,Renewal of Lalganj Kalwari Road to Ramchanderpur Lalapur link Road With 5 years Maintenance,,,,,,,,,,,,,,,,,,,,,,,,2025-01-15,
<NA>,,RENEWAL OF BAROHA TO RAMPUR ATRI MALIN BASTI LINK ROAD With 5 years Maintenance,,,,,,,,,,,,,,,,,,,,,,,,2025-01-31,
<NA>,,Renewal of Chunar Rajgarh marg ke km-5 to Madfa Chirkitaha Link Road With 5 years Maintenance,,,,,,,,,,,,,,,,,,,,,,,,2025-01-15,
<NA>,,Renewal of Audi devrilla road to Rampur link Road With 5 years Maintenance,,,,,,,,,,,,,,,,,,,,,,,,2025-01-15,
<NA>,,RENEWAL OF JAMUHARA LINK ROAD With 5 years Maintenance,,,,,,,,,,,,,,,,,,,,,,,,2025-01-15,
<NA>,,RENEWAL OF CHITAMPUR 1 LINK ROAD With 5 year Maintenance,,,,,,,,,,,,,,,,,,,,,,,,2025-01-13,
<NA>,,RENEWAL OF CHITAMPUR 1 LINK ROAD With 5 year Maintenance,,,,,,,,,,,,,,,,,,,,,,,,2025-01-13,
<NA>,,RENEWAL OF CHITAMPUR 2 LINK ROAD With 5 year Maintenance,,,,,,,,,,,,,,,,,,,,,,,,2025-01-13,
<NA>,,Renewal of Pakhiya link Road With 5 years Maintenance,,,,,,,,,,,,,,,,,,,,,,,,2025-01-13,
<NA>,,Renewal of Pakhiya link Road With 5 years Maintenance,,,,,,,,,,,,,,,,,,,,,,,,2025-01-13,
<NA>,,Renewal of NH-7 to govardhan Gaushala link Road With 5 years Maintenance,,,,,,,,,,,,,,,,,,,,,,,,2025-01-31,
<NA>,,SR of Devlasi link Road With 5 years Maintenance,,,,,,,,,,,,,,,,,,,,,,,,2025-01-31,
<NA>,,SR of Saraiya Sikandarpur link Road With 5 years Maintenance,,,,,,,,,,,,,,,,,,,,,,,,2025-01-31,
<NA>,,SR of Naugaraha link Road With 5 years Maintenance,,,,,,,,,,,,,,,,,,,,,,,,2025-01-31,
<NA>,,SR of Naugaraha link Road With 5 years Maintenance,,,,,,,,,,,,,,,,,,,,,,,,2025-01-31,
<NA>,,SR of Rampur Shakteshgarh link Road With 5 year Maintenance,,,,,,,,,,,,,,,,,,,,,,,,2025-01-31,
<NA>,,SR of Chunar Rajgarh Km-5 se Baradih link Road With 5 year Maintenance,,,,,,,,,,,,,,,,,,,,,,,,2025-01-31,
<NA>,,RENEWAL OF BAHUTI GOSAIPUR TO BANWARIPUR LINK ROAD With 5 year Maintenance,,,,,,,,,,,,,,,,,,,,,,,,2025-01-31,
<NA>,,RENEWAL OF BAHUTI GOSAIPUR TO BANWARIPUR HARIJAN BASTI LINK ROAD With 5 years Maintenance,,,,,,,,,,,,,,,,,,,,,,,,2025-01-31,
<NA>,,Road Safety of B.P. road (S.H.-21) Km.-3(500) to 19.,,,,,,,,,,,,,,,,,,,,,,,,2025-01-29,
<NA>,,Interlocking Tiles Work under Special Repair on the Road from Mata Ji Ki Bagiya to Ram Manohar University via Ratan Samosa,,,,,,,,,,,,,,,,,,,,,,,,2025-01-29,
<NA>,,Interlocking Tiles Work under Special Repair on the Road from Mata Ji Ki Bagiya to Ram Manohar University via Ratan Samosa,,,,,,,,,,,,,,,,,,,,,,,,2025-01-29,
<NA>,,Interlocking Tiles Work under Special Repair on the Road from Mata Ji Ki Bagiya to Ram Manohar University via Ratan Samosa,,,,,,,,,,,,,,,,,,,,,,,,2025-01-29,
<NA>,,Interlocking Tiles Work on Raheem Nagar Crossing to Dandhiya Crossing Road in Lucknow District,,,,,,,,,,,,,,,,,,,,,,,,2025-01-29,
<NA>,,Reconstruction of Gadaniya Vikramvan Painted Link Road including 5 Years Maintenance,,,,,,,,,,,,,,,,,,,,,,,,2025-01-15,
<NA>,,Special Repair of Patan Dhani Kheda road Km 3 to Digghi link road with Five Year Maintenance,,,,,,,,,,,,,,,,,,,,,,,,2025-01-15,
<NA>,,Special Repair of Patan Dhani Kheda road Km 3 to Digghi link road with Five Year Maintenance,,,,,,,,,,,,,,,,,,,,,,,,2025-01-31,
<NA>,,Reconstruction of Gadaniya Vikramvan Painted Link Road including 5 Years Maintenance,,,,,,,,,,,,,,,,,,,,,,,,2025-01-15,
<NA>,,Special Repair Work of Mahmoodpur to Khurkhundapur Link Road by Departmental Plant,,,,,,,,,,,,,,,,,,,,,,,,2025-01-31,
<NA>,,Special Repair Work of Mahmoodpur to Khurkhundapur Link Road by Departmental Plant,,,,,,,,,,,,,,,,,,,,,,,,2025-01-31,
<NA>,,Special Repair Work of Dewa Road to Sangam City Road in Lucknow City,,,,,,,,,,,,,,,,,,,,,,,,2025-01-31,
<NA>,,Special Repair Work of Phusupurwa to Baburiha Road via Madhav Green City in Lucknow City,,,,,,,,,,,,,,,,,,,,,,,,2025-01-31,
<NA>,,Special Repair Work of Sardarkheda Link Road from PMGSY Road by Departmental Plant,,,,,,,,,,,,,,,,,,,,,,,,2025-01-31,
<NA>,,Special Repair Work of Ahiran Dhakwa to Dularmau Kisanpath Link Road by Departmental Plant,,,,,,,,,,,,,,,,,,,,,,,,2025-01-31,
<NA>,,Special Repair Work of Bhanmau Salempur Link Road from Lucknow Sultanpur Road by Departmental Plant,,,,,,,,,,,,,,,,,,,,,,,,2025-01-31,
<NA>,,Special Repair of Jakhaur to Bargadiya Link Road,,,,,,,,,,,,,,,,,,,,,,,,2025-01-09,
<NA>,,Special Repair of Khajurmai Pratapnagar Via Hadha Link Road,,,,,,,,,,,,,,,,,,,,,,,,2025-01-09,
<NA>,,SR of Mohan Auras KM-7 to Talasaray link road (with 05 year Maintenance),,,,,,,,,,,,,,,,,,,,,,,,2025-01-25,
<NA>,,SR of Any Bujurg link road (with 05 year Maintenance),,,,,,,,,,,,,,,,,,,,,,,,2025-01-25,
<NA>,,SR of Any Bujurg link road (with 05 year Maintenance),,,,,,,,,,,,,,,,,,,,,,,,2025-01-25,
<NA>,,SR of Shahapur Sidhaura to Sahajanpur link road,,,,,,,,,,,,,,,,,,,,,,,,2025-01-29,
<NA>,,SR of Wajid Nagar link road (with 05 year Maintenance),,,,,,,,,,,,,,,,,,,,,,,,2025-01-29,
<NA>,,Renewal of Bojhiya to Pasiyapur Link Road with five year maitenance,,,,,,,,,,,,,,,,,,,,,,,,2025-01-28,
<NA>,,Special Repair of Digvijaypur link road With Five Year Maintenance,,,,,,,,,,,,,,,,,,,,,,,,2025-01-28,
<NA>,,Renewal of Bhalliya Jignaha Link Road with Five Years Maintenance,,,,,,,,,,,,,,,,,,,,,,,,2025-01-18,
<NA>,,Construction work of Lucknow-Nagram-Nigoha Road (MDR-91C) Km. 11 Hume pipe Puliya 1000mm Dia,,,,,,,,,,,,,,,,,,,,,,,,2025-01-18,
<NA>,,Special Repair of Dariyabad link road With Five Year Maintenance,,,,,,,,,,,,,,,,,,,,,,,,2025-01-15,
<NA>,,Special Repair of Vikrampur road to Chilauli Furas Kheda link road With Five Year Maintenance,,,,,,,,,,,,,,,,,,,,,,,,2025-01-15,
<NA>,,Special Repair of Dariyabad link road With Five Year Maintenance,,,,,,,,,,,,,,,,,,,,,,,,2025-01-15,
<NA>,,Special Repair of Digvijaypur link road With Five Year Maintenance,,,,,,,,,,,,,,,,,,,,,,,,2025-01-18,
<NA>,,Special Repair of Kaimahara Shri Chandra House to Nahar Puliya Link Road,,,,,,,,,,,,,,,,,,,,,,,,2025-01-15,
<NA>,,Renewal of Hindolna Link Road.,,,,,,,,,,,,,,,,,,,,,,,,2025-01-15,
<NA>,,Renewal of Khairtali Link Road.,,,,,,,,,,,,,,,,,,,,,,,,2025-01-15,
<NA>,,RR of Bangermau Baruwaghat road km-5 to Bagha via Jagar Nagar Sahjani link road with 05 Year Maintenance,,,,,,,,,,,,,,,,,,,,,,,,2025-01-20,
<NA>,,RR of LBB to Mubarakganj link road with 05 year Maintenance,,,,,,,,,,,,,,,,,,,,,,,,2025-01-20,
<NA>,,RR of Karaundi to Jawan link road with 05 year Maintenance,,,,,,,,,,,,,,,,,,,,,,,,2025-01-20,
<NA>,,RR of Karaundi to Jawan link road with 05 year Maintenance,,,,,,,,,,,,,,,,,,,,,,,,2025-01-16,
<NA>,,RR of Ahamadpur Kasimpur link road with 05 year Maintenance,,,,,,,,,,,,,,,,,,,,,,,,2025-01-20,
<NA>,,RR of SRC KM-38 to Karaiya link road with 05 Year Maintenance,,,,,,,,,,,,,,,,,,,,,,,,2025-01-20,
<NA>,,RR of Nyotani road to Barwahar link road with 05 year Maintenance,,,,,,,,,,,,,,,,,,,,,,,,2025-01-20,
<NA>,,RR of Sen Nagar Ahmdabad link road with 05 Year Maintenance,,,,,,,,,,,,,,,,,,,,,,,,2025-01-31,
<NA>,,RR of Bajehara to saroha Rawat link road with 05 Year Maintenance,,,,,,,,,,,,,,,,,,,,,,,,2025-01-20,
<NA>,,RR of Gaura kala to Dhulwa link Road with 5 Year Maintenance,,,,,,,,,,,,,,,,,,,,,,,,2025-01-31,
<NA>,,RR of Gaura kala to Dhulwa link Road with 5 Year Maintenance,,,,,,,,,,,,,,,,,,,,,,,,2025-01-31,
<NA>,,RR of Hafizabad Baruaghat road to Nagahari link road with 05 Year Maintenance,,,,,,,,,,,,,,,,,,,,,,,,2025-01-20,
<NA>,,RR of Ganjmuradabad to Ballapur Road to Devkhari link road with 05 Year Maintenance,,,,,,,,,,,,,,,,,,,,,,,,2025-01-22,
<NA>,,RR of LBB km-60 to Shubhani khera link road with 05 Year Maintenance,,,,,,,,,,,,,,,,,,,,,,,,2025-01-22,
<NA>,,RR of SRC KM-38 to Karaiya link road with 05 Year Maintenance,,,,,,,,,,,,,,,,,,,,,,,,2025-01-20,
<NA>,,RR of Patosiya Sirdharpur road to Bhikharipur Patosiya Gair Ahat link road with 05 Year Maintenance,,,,,,,,,,,,,,,,,,,,,,,,2025-01-28,
<NA>,,RR of Hafizabad Baruaghat road to Nagahari link road with 05 Year Maintenance,,,,,,,,,,,,,,,,,,,,,,,,2025-01-28,
<NA>,,Renewal of BP Khajurahra Road to Hansokhar Link Road,,,,,,,,,,,,,,,,,,,,,,,,2025-01-28,
<NA>,,Renewal of SKB Road KM-10 to Babupur Link Road,,,,,,,,,,,,,,,,,,,,,,,,2025-01-29,
<NA>,,Renewal of Canal Patri to Behndar Khurd Link Road,,,,,,,,,,,,,,,,,,,,,,,,2025-01-29,
<NA>,,Renewal of Dilel Nagar to Ushraha Link Road,,,,,,,,,,,,,,,,,,,,,,,,2025-01-29,
<NA>,,Renewal work of Raebareli Road Pursaini to Radha Swami Satsang Link Road,,,,,,,,,,,,,,,,,,,,,,,,2025-01-29,
<NA>,,Renewal work of Saidpur Mehari Road to Bhitauna Road,,,,,,,,,,,,,,,,,,,,,,,,2025-01-21,
<NA>,,Renewal work of Mohiddinpur to Daheliya Link Road,,,,,,,,,,,,,,,,,,,,,,,,2025-01-21,
<NA>,,Renewal work of Raebareli Road Pursaini to Radha Swami Satsang Link Road,,,,,,,,,,,,,,,,,,,,,,,,2025-01-21,
<NA>,,Renewal work of Kakori Sakra Road to Kaudiya Kheda Road,,,,,,,,,,,,,,,,,,,,,,,,2025-01-29,
<NA>,,Renewal work of Lutauwa to Trilochankheda Road,,,,,,,,,,,,,,,,,,,,,,,,2025-01-21,
<NA>,,Renewal work of Intgaon to Bhadohi Road,,,,,,,,,,,,,,,,,,,,,,,,2025-01-21,
<NA>,,Renewal work of Sonai Kajehra Road to Maiji Ka Purwa Road,,,,,,,,,,,,,,,,,,,,,,,,2025-01-29,
<NA>,,Renewal work of Lucknow-Nagram Road to Barauna Panchayat Ghar Via Narpat khera,,,,,,,,,,,,,,,,,,,,,,,,2025-01-29,
<NA>,,Renewal work of Gangaganj Nagram Road to Jaukhandi Road,,,,,,,,,,,,,,,,,,,,,,,,2025-01-29,
<NA>,,Renewal work of Kankaha Garhi Road to Badankheda Link Road,,,,,,,,,,,,,,,,,,,,,,,,2025-01-29,
<NA>,,Renewal work of Nigoha Beniganj Road to Ranjeetkheda Link Road,,,,,,,,,,,,,,,,,,,,,,,,2025-01-29,
<NA>,,Special Repair of Sarsai to Nevadiya Link Road,,,,,,,,,,,,,,,,,,,,,,,,2025-01-15,
<NA>,,Renewal of Deeh Putriha link road with five year maintenance,,,,,,,,,,,,,,,,,,,,,,,,2025-01-29,
<NA>,,Renewal of Chautalapur link road with five year maintenance,,,,,,,,,,,,,,,,,,,,,,,,2025-01-29,
<NA>,,Renewal with General Repair of Kursi to Bhabhutikhera Link Road,,,,,,,,,,,,,,,,,,,,,,,,2025-01-16,
<NA>,,Renewal of Nevadiya (Dhakiya) Link Road,,,,,,,,,,,,,,,,,,,,,,,,2025-01-16,
<NA>,,Special Repair of Gondwara link road,,,,,,,,,,,,,,,,,,,,,,,,2025-01-09,
<NA>,,Special Repair of Gondwara link road,,,,,,,,,,,,,,,,,,,,,,,,2025-01-09,
<NA>,,Special Repair of Gondwara link road,,,,,,,,,,,,,,,,,,,,,,,,2025-01-09,
<NA>,,"Renewal of Bhatnausa Chauraha to Pure Tiwari, Pure Chaudhary, Jagannathpuri Link Road. Km-1, 2",,,,,,,,,,,,,,,,,,,,,,,,2025-01-09,
<NA>,,"Renewal of Bhatnausa Chauraha to Pure Tiwari, Pure Chaudhary, Jagannathpuri Link Road. Km-1, 2",,,,,,,,,,,,,,,,,,,,,,,,2025-01-09,
<NA>,,Renewal of Salon Unchahar Main Road to Roonipur Link Road. Km-1,,,,,,,,,,,,,,,,,,,,,,,,2025-01-09,
<NA>,,"S.R. of Kamoli Link Road to Pure Ramdeen Link Road Km-1, 2(300)",,,,,,,,,,,,,,,,,,,,,,,,2025-01-27,
<NA>,,New Construction of 1x6 mtr RCC Box Culvert In place of Damged Hume Pipe Culvert at Fusupurwa to Baburiha Link Road via Madhav Green City,,,,,,,,,,,,,,,,,,,,,,,,2025-01-09,
<NA>,,SR of Biswan Sadarpur Road to Rushahan Nahar patri link road.,,,,,,,,,,,,,,,,,,,,,,,,2025-01-09,
<NA>,,S.R. of 1x3.00 M Span RCC Culvert in Km-13 of Dalmau Jagatpur Salon Marg (MDR),,,,,,,,,,,,,,,,,,,,,,,,2025-01-27,
<NA>,,S.R. of 1x3.00 M Span RCC Culvert in Km-13 of Dalmau Jagatpur Salon Marg (MDR),,,,,,,,,,,,,,,,,,,,,,,,2025-01-27,
<NA>,,S.R. of 1x3.00 M Span RCC Culvert in Km-13 of Dalmau Jagatpur Salon Marg (MDR),,,,,,,,,,,,,,,,,,,,,,,,2025-01-27,
<NA>,,"S.R. of Kamoli Link Road to Pure Ramdeen Link Road Km-1, 2(300)",,,,,,,,,,,,,,,,,,,,,,,,2025-01-27,
<NA>,,Special Repair Work of Sonwa Khantari Road Km 3 to Bhainsi Link Road,,,,,,,,,,,,,,,,,,,,,,,,2025-01-25,
<NA>,,Renewal Work at Saraiya Farm to Canal Road via Shivpuri Road,,,,,,,,,,,,,,,,,,,,,,,,2025-01-25,
<NA>,,Renewal Work at Mahona Amaniganj Road to Gohna Khurd Link Road by Departmental Plant,,,,,,,,,,,,,,,,,,,,,,,,2025-01-25,
<NA>,,Renewal Work at Mahona Amaniganj Road to Aramba Link Road by Departmental Plant,,,,,,,,,,,,,,,,,,,,,,,,2025-01-25,
<NA>,,Renewal Work at Jalapur Bindaura Road by Departmental Plant,,,,,,,,,,,,,,,,,,,,,,,,2025-01-25,
<NA>,,Renewal Work at Itaunja Behta Rajbaha to Chakbibipur Link Road by Departmental Plant,,,,,,,,,,,,,,,,,,,,,,,,2025-01-25,
<NA>,,Renewal Work at Chandrika Devi BKT Babaganj Road to Devrahi Road by Departmental Plant,,,,,,,,,,,,,,,,,,,,,,,,2025-01-25,
<NA>,,Renewal Work at Chandrika Devi BKT Babaganj Road to Rampur Road by Departmental Plant,,,,,,,,,,,,,,,,,,,,,,,,2025-01-25,
<NA>,,Renewal Work at Jalapur Bindaura Road by Departmental Plant,,,,,,,,,,,,,,,,,,,,,,,,2025-01-25,
<NA>,,Renewal Work at BKT Babaganj to Gulalpur Link Road by Departmental Plant,,,,,,,,,,,,,,,,,,,,,,,,2025-01-27,
<NA>,,Renewal Work at BKT Babaganj to Godhna Narayanpur Road by Departmental Plant,,,,,,,,,,,,,,,,,,,,,,,,2025-01-25,
<NA>,,Renewal Work at Siwan to Bhawanipur Road by Departmental Plant,,,,,,,,,,,,,,,,,,,,,,,,2025-01-08,
<NA>,,Renewal Work at IMK gadela Muspipri Road Km 8 to Visrampurwa Link Road by Departmental Plant,,,,,,,,,,,,,,,,,,,,,,,,2025-01-27,
<NA>,,Renewal Work at IMK gadela Muspipri Road Km 9 to Himmatpur Link Road,,,,,,,,,,,,,,,,,,,,,,,,2025-01-08,
<NA>,,Renewal Work at IMK gadela Muspipri Road Km 9 to Himmatpur Link Road,,,,,,,,,,,,,,,,,,,,,,,,2025-01-08,
<NA>,,Special Repair Work of BKT Babaganj Road to Sonwa Khantari Road to Khantari Road by Departmental Plant,,,,,,,,,,,,,,,,,,,,,,,,2025-01-08,
<NA>,,Construction of CC Road in Vikas Khand Bighapur Village Chilaula at Gohrana Road Kmala Shankar Dixit Jee Khet to Sanju Ke Ghar Tak,,,,,,,,,,,,,,,,,,,,,,,,2025-01-08,
<NA>,,Interlocking work at Gram Panchayat Chilauli in RaviShankar House to RamKaran House.,,,,,,,,,,,,,,,,,,,,,,,,2025-01-08,
<NA>,,Interlocking work at Gram Panchayat Chilauli in Chandrabhal House to Sathani Talab.,,,,,,,,,,,,,,,,,,,,,,,,2025-01-03,
<NA>,,Special Repair of Gaura to Sarayanud Link Road,,,,,,,,,,,,,,,,,,,,,,,,2025-01-03,
<NA>,,"Maintenance of Residential/ Non Residential Buildings in Tehsil Unchahar, Raebareli",,,,,,,,,,,,,,,,,,,,,,,,2025-01-04,
<NA>,,Special Repair of Gaura to Sarayanud Link Road,,,,,,,,,,,,,,,,,,,,,,,,2025-01-04,
<NA>,,Special Repair of Gaura to Sarayanud Link Road,,,,,,,,,,,,,,,,,,,,,,,,2025-01-04,
<NA>,,Special Repair of Rudamau Gaura Road to Padra Lakhanpur Link Road,,,,,,,,,,,,,,,,,,,,,,,,2025-01-04,
<NA>,,Special Repair of SKB Road to Aladadpur Newada Link Road,,,,,,,,,,,,,,,,,,,,,,,,2025-01-20,
<NA>,,Special Repair of Hindukhera to Uttar Ghaiya Link Road,,,,,,,,,,,,,,,,,,,,,,,,2025-01-20,
<NA>,,Special Repair of SKB Road to Aladadpur Newada Link Road,,,,,,,,,,,,,,,,,,,,,,,,2025-01-20,
<NA>,,Renewal of BP Road to Gurauli Link Road,,,,,,,,,,,,,,,,,,,,,,,,2025-01-31,
<NA>,,Renewal Work of Juggaur to Sandaula via Pateera Link Road in Lucknow City by Departmental Plant,,,,,,,,,,,,,,,,,,,,,,,,2025-01-31,
<NA>,,Renewal of Dammar Dambhar Khera Link Road,,,,,,,,,,,,,,,,,,,,,,,,2025-01-31,
<NA>,,Renewal of Aligarh Mahmoodnagar Link Road,,,,,,,,,,,,,,,,,,,,,,,,2025-01-31,
<NA>,,Special Repair Work at Rasoolpur Sadat Road Km 6 to Newada Road,,,,,,,,,,,,,,,,,,,,,,,,2025-01-31,
<NA>,,Renewal Work of Juggaur to Sandaula via Pateera Link Road in Lucknow City by Departmental Plant,,,,,,,,,,,,,,,,,,,,,,,,2025-01-31,
<NA>,,Special Repair Work of Gauriya Marg to Ranmau PMGSY Marg by Departmental Plant,,,,,,,,,,,,,,,,,,,,,,,,2025-01-31,
<NA>,,Renewal Work of Mahmoodpur to Shahjadepur Sampark Marg by Departmental Plant,,,,,,,,,,,,,,,,,,,,,,,,2025-01-31,
<NA>,,Repair Work of Divider and Footpath of Polytechnic Flyover in Lucknow City,,,,,,,,,,,,,,,,,,,,,,,,2025-01-31,
<NA>,,Special Repair Work of Gauriya Marg to Ranmau PMGSY Marg by Departmental Plant,,,,,,,,,,,,,,,,,,,,,,,,2025-01-31,
<NA>,,Special Repair Work of Gauriya Marg to Ranmau PMGSY Marg by Departmental Plant,,,,,,,,,,,,,,,,,,,,,,,,2025-01-31,
<NA>,,Special Repair Work of Gauriya Marg to Ranmau PMGSY Marg by Departmental Plant,,,,,,,,,,,,,,,,,,,,,,,,2025-01-31,
<NA>,,Special Repair Work of Chamartaliya to Fatehpur Sampark Marg by Departmental Plant,,,,,,,,,,,,,,,,,,,,,,,,2025-01-31,
<NA>,,Re Construction of Sallihabad Road to Village Muda Bujurg Link road Chini Mill Area,,,,,,,,,,,,,,,,,,,,,,,,2025-01-31,
<NA>,,Re Construction of Sallihabad Road to Village Muda Bujurg Link road Chini Mill Area,,,,,,,,,,,,,,,,,,,,,,,,2025-01-31,
<NA>,,Reconstruction of Gauriya Link Road,,,,,,,,,,,,,,,,,,,,,,,,2025-01-31,
<NA>,,Reconstruction of Singhnapur Lalpur road to Dhakhera Link Road,,,,,,,,,,,,,,,,,,,,,,,,2025-01-31,
<NA>,,Improvement Work of Black Spot Sudha Petrol Pump on Lucknow Ayodhya Road Ciivil Work,,,,,,,,,,,,,,,,,,,,,,,,2025-01-31,
<NA>,,Reconstruction of Gwari Lalakpurwa to Daheli-ll Link Road,,,,,,,,,,,,,,,,,,,,,,,,2025-01-30,
<NA>,,Reconstruction of Gwari Lalakpurwa to Daheli-ll Link Road,,,,,,,,,,,,,,,,,,,,,,,,2025-01-30,
<NA>,,Renewal of Baghaiyya Raipur Link Road.,,,,,,,,,,,,,,,,,,,,,,,,2025-01-17,
<NA>,,Improvement work of the black spot identified in Km 1 Sisaiya village Ramlok of Sisaiya Isanagar Katauli Jamdari Durgapur Padri Marg in Lakhimpur Kheri District,,,,,,,,,,,,,,,,,,,,,,,,2025-01-25,
<NA>,,Road safety work at Bilrayan Panwari Road SH-21 Km 48 to Km 57 350 LRP Bypass to Mahewaganj Road 2 lane with Paved Shoulder,,,,,,,,,,,,,,,,,,,,,,,,2025-01-25,
<NA>,,Widening and Strengthening of Two Lane to Four Lane of SH-173 Mandhana Ganga Bairaj Shuklaganj Purwa Mohanlalganj Road Km 18 to Km 25 -850- in District Unnao with Five Year Maintenance,,,,,,,,,,,,,,,,,,,,,,,,2025-01-25,
<NA>,,General repair work of Type 1 E and F category residential buildings under Pooled Housing Residential Buildings of Sultanpur district.,,,,,,,,,,,,,,,,,,,,,,,,2025-01-04,
<NA>,,Construction of 2x6 Meter Small Bridge in place of Damaged on Piparpur Kalyanpur Bhetua Km 16 on Gulal Drain In District Amethi,,,,,,,,,,,,,,,,,,,,,,,,2025-01-27,
<NA>,,Renewal Work of Dhodihani Link Road in Block Fatehpur District Barabanki,,,,,,,,,,,,,,,,,,,,,,,,2025-01-27,
<NA>,,Renewal Work of Tedwa Prime Minister Road to Asalatpur Link Road in Block Fatehpur District Barabanki,,,,,,,,,,,,,,,,,,,,,,,,2025-01-27,
<NA>,,Renewal work of Bikepur Link road in Block Suratganj District Barabanki,,,,,,,,,,,,,,,,,,,,,,,,2025-01-27,
<NA>,,Renewal Work of Km 05 Masuriha Link road of Suratganj Hetmapur Road in Block Suratganj District Barabanki.,,,,,,,,,,,,,,,,,,,,,,,,2025-01-27,
<NA>,,Renewal Work of Naya Gaon Link Road in Block Nindura District Barabanki.,,,,,,,,,,,,,,,,,,,,,,,,2025-01-07,
<NA>,,Renewal Work of Pasinpurwa Link Road in Block Dewa District Barabanki,,,,,,,,,,,,,,,,,,,,,,,,2025-01-07,
<NA>,,Renewal Work of Khadsara Link Road in Block Nindura District Barabanki,,,,,,,,,,,,,,,,,,,,,,,,2025-01-31,
<NA>,,Renewal Work of Khadsara Link Road in Block Nindura District Barabanki,,,,,,,,,,,,,,,,,,,,,,,,2025-01-07,
<NA>,,Renewal Work of Khadsara Link Road in Block Nindura District Barabanki,,,,,,,,,,,,,,,,,,,,,,,,2025-01-31,
<NA>,,Renewal of Badosarai Dariyabad Road to Makkapurwa,,,,,,,,,,,,,,,,,,,,,,,,2025-01-07,
<NA>,,Renewal of Badosarai Dariyabad Road to Makkapurwa,,,,,,,,,,,,,,,,,,,,,,,,2025-01-07,
<NA>,,Renewal of NH-28C to Hasanpur Arsanda,,,,,,,,,,,,,,,,,,,,,,,,2025-01-04,
<NA>,,Renewal of Newla Karsanda Karand Link Road,,,,,,,,,,,,,,,,,,,,,,,,2025-01-04,
<NA>,,Renewal Dariyabad to Imaliha Link Road,,,,,,,,,,,,,,,,,,,,,,,,2025-01-04,
<NA>,,Renewal of Masauli Bhayara to Sobhanpurva Medhiya Link Road,,,,,,,,,,,,,,,,,,,,,,,,2025-01-10,
<NA>,,SR of Rasulpur Khurd Link Road,,,,,,,,,,,,,,,,,,,,,,,,2025-01-02,
<NA>,,Toniya Biharipur Sampark marg,,,,,,,,,,,,,,,,,,,,,,,,2025-01-31,
<NA>,,BHAVAPUR SAMPARK MARG KE Visesh Marammat ke sath navinikarn evm 5 varsh Anurakshan ka karya,,,,,,,,,,,,,,,,,,,,,,,,2025-01-08,
<NA>,,Renewal of Godari Kithuri Setu to,,,,,,,,,,,,,,,,,,,,,,,,2025-01-10,
<NA>,,Renewal of Naharwal Bilikhiya Road to Bailmau Link Road,,,,,,,,,,,,,,,,,,,,,,,,2025-01-10,
<NA>,,Renewal work of Pure Bhira Link Road,,,,,,,,,,,,,,,,,,,,,,,,2025-01-23,
<NA>,,Renewal work of Gram Singhpur ke Majre pure Ghissan Link Road,,,,,,,,,,,,,,,,,,,,,,,,2025-01-23,
<NA>,,Renewal work of Godhna se Jamoli (Singhpur) Link Road,,,,,,,,,,,,,,,,,,,,,,,,2025-01-23,
<NA>,,Renewal work of Raebareli Sultanpur Road se Kishunpur kewai Link Road Evam Sarvan ke majre pure Tika Link Road,,,,,,,,,,,,,,,,,,,,,,,,2025-01-23,
<NA>,,Renewal work of Vijay Nagar Link Road ( by Hot Mix Plant),,,,,,,,,,,,,,,,,,,,,,,,2025-01-31,
<NA>,,Renewal work of Varishganj Raniganj se Kaima Link Road,,,,,,,,,,,,,,,,,,,,,,,,2025-01-23,
<NA>,,Renewal work of Dulari Nagar Link Road,,,,,,,,,,,,,,,,,,,,,,,,2025-01-23,
<NA>,,Renewal work of Bojhi Link Road Evam Adilpur Link Road,,,,,,,,,,,,,,,,,,,,,,,,2025-01-31,
<NA>,,Special Repair of Utelwa Link Road,,,,,,,,,,,,,,,,,,,,,,,,2025-01-30,
<NA>,,suriyawa abhiya road se purekhuhal road lot44,,,,,,,,,,,,,,,,,,,,,,,,2025-01-20,
<NA>,,suriyawa abhiya road se purekhuhal road lot44,,,,,,,,,,,,,,,,,,,,,,,,2025-01-20,
<NA>,,Construction work of Mednipur Yuvrajpur Rampur Revatipur road par km 11 me 6.00 m span 03 slab puliya and km 1 me 3x3 mtr 1 cell ka box culvert,,,,,,,,,,,,,,,,,,,,,,,,2025-01-01,
<NA>,,Chandauli Sakaldiha saidpur road par sthit ganga pul par purv nirmit setu par surakshatmak kary,,,,,,,,,,,,,,,,,,,,,,,,2025-01-01,
<NA>,,Gaudihar Gadva Mainpur marg par Chandraprabha Nadi Setu ka Pahuch marg ka Vishesh Marammat ka karya,,,,,,,,,,,,,,,,,,,,,,,,2025-01-28,
<NA>,,Chainpurva se Bhodsar marg ka Vishesh Marammat ka karya,,,,,,,,,,,,,,,,,,,,,,,,2025-01-24,
<NA>,,Chainpurva se Bhodsar marg ka Vishesh Marammat ka karya,,,,,,,,,,,,,,,,,,,,,,,,2025-01-24,
<NA>,,Amra Bhagwati Parsahwa marg se Laxshmanpur sampark marg ke Km-1 me 1-50 meter span ki RCC Slab Culvert ka karya,,,,,,,,,,,,,,,,,,,,,,,,2025-01-24,
<NA>,,Chainpurva se Bhodsar marg ka Vishesh Marammat ka karya,,,,,,,,,,,,,,,,,,,,,,,,2025-01-24,
<NA>,,Chakia Chandauli marg se Duhi Suchi se Kera hote hue aage Chandauli,,,,,,,,,,,,,,,,,,,,,,,,2025-01-24,
<NA>,,W/S Of Patti Dasgarpara Pilkichha road (ODR) (Including 5 Year Maintenance ),,,,,,,,,,,,,,,,,,,,,,,,2025-01-24,
<NA>,,Special Repair of Lucknow Baliya (Rajy Marg 34) road ke km 188 se 196 and km 200 se 206 tak (Including 5 Year Maintenance ),,,,,,,,,,,,,,,,,,,,,,,,2025-01-23,
<NA>,,Majhgai Tiwaripur se Jaimohani sampark marg ka Vishesh Marammat ka karya,,,,,,,,,,,,,,,,,,,,,,,,2025-01-23,
<NA>,,Saiyadraja Bhatija marg se Sundehara marg ke Vishesh Marammat ka karya,,,,,,,,,,,,,,,,,,,,,,,,2025-01-23,
<NA>,,Pindara se Madhiyahu Marg Kathiraon Nalkup Chauhan Basti marg par visesh marammt ka karya,,,,,,,,,,,,,,,,,,,,,,,,2025-01-30,
<NA>,,Widenning and Strengthning of Ramauli Shahidganv Road,,,,,,,,,,,,,,,,,,,,,,,,2025-01-30,
<NA>,,"Road improvement work by interlocking tiles of damaged road from M.No.882 to M.No.945 in Ward-01, Bhimnagar Gali No-09 under Vijaynagar Zone.",,,,,,,,,,,,,,,,,,,,,,,,2025-01-31,
<NA>,,"Road improvement work by interlocking tiles of damaged road from M.No.882 to M.No.945 in Ward-01, Bhimnagar Gali No-09 under Vijaynagar Zone.",,,,,,,,,,,,,,,,,,,,,,,,2025-01-31,
<NA>,,WARD NO 15 ME BHAJPA JAN SAHYOG KENDRA KE PASS TRANSFARMAR SE ANJANI KE GHAR TAK CC SADAK KA NIRMAN KARY.,,,,,,,,,,,,,,,,,,,,,,,,2025-01-30,
<NA>,,Construction of Cement Concrete Pavement and drain from the house of Pramod Yadav to Hridesh Kannuajiya near panchayat bhawan in ward no 06 Nanai Nagar,,,,,,,,,,,,,,,,,,,,,,,,2025-01-31,
<NA>,,"CC Road, Nali Construction Work",,,,,,,,,,,,,,,,,,,,,,,,2025-01-31,
<NA>,,"Coverd RCC Nali, Interloking Road Construction Work",,,,,,,,,,,,,,,,,,,,,,,,2025-01-31,
<NA>,,"CC Road, Nali Construction Work",,,,,,,,,,,,,,,,,,,,,,,,2025-01-31,
<NA>,,"CC Road, Nali Construction Work",,,,,,,,,,,,,,,,,,,,,,,,2025-01-31,
<NA>,,"Coverd Nali, CC Road Construction Work",,,,,,,,,,,,,,,,,,,,,,,,2025-01-31,
<NA>,,"CC Road Nali, Slab Construction Work",,,,,,,,,,,,,,,,,,,,,,,,2025-01-10,
<NA>,,Coverd RCC Nali Construction Work,,,,,,,,,,,,,,,,,,,,,,,,2025-01-10,
<NA>,,NAGAR KSHETRA KE PRAMUKH CHAURAHO PAR AAMJAN KI PEYJAL VYAWASTHA HETU RO WATER COOLAR 04 NAG APURTI/ STHAPNA KA KARY.,,,,,,,,,,,,,,,,,,,,,,,,2025-01-10,
<NA>,,NAGAR KSHETRA KE VIBHINN STHANO PAR LAGE INDIA MARKA HANDPUMP MARMMAT KARY ME UPYOG HONE WALI SAMGRI KI APURTI KA KARY.,,,,,,,,,,,,,,,,,,,,,,,,2025-01-10,
<NA>,,NAGAR KSHETRA KE VIBHINN STHANO PAR LAGE INDIA MARKA HANDPUMP RIBOR KARY ME UPYOG HONE WALI SAMGRI KI APURTI KA KARY.,,,,,,,,,,,,,,,,,,,,,,,,2025-01-10,
<NA>,,WORK 02 CMNSY,,,,,,,,,,,,,,,,,,,,,,,,2025-01-10,
<NA>,,NAGAR PANCHAYAT CHOWK WARD NO. 01 ME KOMAL RAO KE GHAR AW SHRIVRAT BHARTI KE GHAR HOTE HUYE BHARAT BHUSAN KE GHAR TAK RCC NALA NIRMAN KARYA,,,,,,,,,,,,,,,,,,,,,,,,2025-01-10,
<NA>,,NAGAR PANCHAYAT CHOWK WARD NO. 01 ME NAGENDRA KE GHAR SE RAM PYARE YADAV KE GHAR HOTE HUYE NAHAR TAK RCC NALA NIRMAN KARYA,,,,,,,,,,,,,,,,,,,,,,,,2025-01-10,
<NA>,,Ward number 03 mein Rani Diha Kalindi gas Godam Road per Nagar Nigam ki Bhumi per park ka Nirman Karya,,,,,,,,,,,,,,,,,,,,,,,,2025-01-16,
<NA>,,Nirman RCC Nala V Said Patri Chirag Nagar Puliya se Chotu Mishtri Ki dukan Tak Ward 4 Uttar Side,,,,,,,,,,,,,,,,,,,,,,,,2025-01-16,
<NA>,,Nirman RCC Nala V Said Patri Kalim Car Painter Ki Dukan Se Mela Puliya Tak Ward 5 Dakshin Side,,,,,,,,,,,,,,,,,,,,,,,,2025-01-16,
<NA>,,Nirman RCC Nala V Said Patri Aleem Sabji Wale se Kashyap Chourahe tak Tak Ward 5 Dakshin Side,,,,,,,,,,,,,,,,,,,,,,,,2025-01-16,
<NA>,,Nirman RCC Nala V Said Patri Masidul Ki Dukan Se Shaheen Bhai Ke Khet Tak Ward 4 Uttar Side,,,,,,,,,,,,,,,,,,,,,,,,2025-01-16,
<NA>,,Nirman RCC Nala V Said Patri Ajjay Meera Ke Khet se Irak Bhai Ke Khet tak Ward 4 Uttar Side,,,,,,,,,,,,,,,,,,,,,,,,2025-01-16,
<NA>,,Nirman RCC Nala V Said Patri Shaheen Bhai Ke Khet Se Ashraf Bhai Ke Makan Tak Ward 4 Uttar Side,,,,,,,,,,,,,,,,,,,,,,,,2025-01-16,
<NA>,,Nirman RCC Nala V Said Patri Kolhu Ki Puliya Se Shamim Bhai Ke Plot tak Ward 5 Dakshin Side,,,,,,,,,,,,,,,,,,,,,,,,2025-01-16,
<NA>,,Nirman RCC Nala V Said Patri sarru Thekedar Ke Plot Se Naseem Khan Ke Makan Tak Ward 5 Dakshin Side,,,,,,,,,,,,,,,,,,,,,,,,2025-01-16,
<NA>,,Design Engineering Procurement for Construction of New Administrative Building in UP Public Service Commission Campus in Prayagraj UP India on EPC mode,,,,,,,,,,,,,,,,,,,,,,,,2025-01-06,
<NA>,,Architectural Cum DPR Consultant Work for Construction of Residential and Non Residential Buildings for Personnel of UPSSF PAC and Other Organizations Deployed for Security of Shri Ram Janma Bhoomi Pilgrimage Area at District Ayodhya UP India on EPC,,,,,,,,,,,,,,,,,,,,,,,,2025-01-06,
<NA>,,Architectural Cum DPR Consultant Work for Construction of Residential and Non Residential Buildings for Personnel of UPSSF PAC and Other Organizations Deployed for Security of Shri Ram Janma Bhoomi Pilgrimage Area at District Ayodhya UP India on EPC,,,,,,,,,,,,,,,,,,,,,,,,2025-01-06,
<NA>,,T-50/EUDCB/2024-25,,,,,,,,,,,,,,,,,,,,,,,,2025-01-09,
<NA>,,T-54/EUDCB/2024-25,,,,,,,,,,,,,,,,,,,,,,,,2025-01-09,
<NA>,,T-14/EDCP/2024-25,,,,,,,,,,,,,,,,,,,,,,,,2025-01-30,
<NA>,,07/EWC(B)/2024-25,,,,,,,,,,,,,,,,,,,,,,,,2025-01-30,
<NA>,,Collectrate Parisar Fatehpur Me Boundriwall Ka Nirman.,,,,,,,,,,,,,,,,,,,,,,,,2025-01-08,
<NA>,,"UNDER DISTRICT LUCKNOW, CONSTRUCTION OF CC ROAD AND DRAIN FROM MULLI HOUSE TO THE POND IN AKDARIYA KALA, LOT NO 9",,,,,,,,,,,,,,,,,,,,,,,,2025-01-08,
<NA>,,"UNDER DISTRICT LUCKNOW, CONSTRUCTION OF CC ROAD AND DRAIN FROM MULLI HOUSE TO THE POND IN AKDARIYA KALA, LOT NO 9",,,,,,,,,,,,,,,,,,,,,,,,2025-01-08,
<NA>,,Khataula Mein Mukhy Maarg Par CC ke Dono or interlocking Kary.,,,,,,,,,,,,,,,,,,,,,,,,2025-01-10,
<NA>,,Khataula Mein Mukhy Maarg Par CC ke Dono or interlocking Kary.,,,,,,,,,,,,,,,,,,,,,,,,2025-01-10,
<NA>,,Block-Pali Gram Sabha Vidar mein Brahmdev Sahni ke Ghar Se Vidar Bangawa Sampark Marg Tak CC Road Avam nali Ka Nirman,,,,,,,,,,,,,,,,,,,,,,,,2025-01-10,
<NA>,,Khataula Mein Mukhy Maarg Par CC ke Dono or interlocking Kary.,,,,,,,,,,,,,,,,,,,,,,,,2025-01-04,
<NA>,,Gram Lakmipur me Pani Tanki ke pass Barat Ghar nirman,,,,,,,,,,,,,,,,,,,,,,,,2025-01-08,
<NA>,,Gram Kusumbha me late Panchamlal Paswan Ke Ghar Se Suneel Pradhan Ke Ghar Tak CC Road Nirman,,,,,,,,,,,,,,,,,,,,,,,,2025-01-27,
<NA>,,Vikas khand Chahaniya ke Gram sabha Saifpur (Sahepur) me mukhy sadak se shree Nagendra singh ke khet tak interlocking ka nirman kary,,,,,,,,,,,,,,,,,,,,,,,,2025-01-27,
<NA>,,Ramjanki Marg Naharpur Se Sahid Smark Tak jane Wale nale Par Slab avam CC Road Ke Kinare Patri par Interlocking Karya,,,,,,,,,,,,,,,,,,,,,,,,2025-01-27,
<NA>,,Vikas khand Chahaniya ke Gram sabha Saifpur (Sahepur) me mukhy sadak se shree Nagendra singh ke khet tak interlocking ka nirman kary,,,,,,,,,,,,,,,,,,,,,,,,2025-01-27,
<NA>,,GRAM NAGEPUR ME DIGITAL LIBRARY AND SHG BHWANA NIRMAN KARYA,,,,,,,,,,,,,,,,,,,,,,,,2025-01-20,
<NA>,,GRAM PARAMPUR ME 2 AGANWARI KENDRA KA NIRMAN KARYA,,,,,,,,,,,,,,,,,,,,,,,,2025-01-20,
<NA>,,"Renovation of schools in Arya Kanya Inter College, Orai Repair reconstruction works.",,,,,,,,,,,,,,,,,,,,,,,,2025-01-20,
<NA>,,Construction work of ripta on the river on the Badvar connecting road from village Girar of development block Madavara.,,,,,,,,,,,,,,,,,,,,,,,,2025-01-20,
<NA>,,Construction of approach road from the main road of village Dongarakhurd to the Primary Health Center Dongarakhurd development block Madawara.,,,,,,,,,,,,,,,,,,,,,,,,2025-01-18,
<NA>,,VIKASH KHAND PINDRA KE ANTARGAT GRAM SABHA CHARAMA INTER COLLEGE KE PAS PICH ROAD SE BRAHMAN BASTI TAK INTERLOCKING KARYA.,,,,,,,,,,,,,,,,,,,,,,,,2025-01-18,
<NA>,,AHIRAULI ME SABJI MANDI ME INTERLOCKING KARY,,,,,,,,,,,,,,,,,,,,,,,,2025-01-27,
<NA>,,Construction work of tin shed and platform near Anjani Mata Temple in village Tila of development block Birdha,,,,,,,,,,,,,,,,,,,,,,,,2025-01-28,
<NA>,,"Construction work of Muktidham in village Khiriya Chhatara, development block Birdha.",,,,,,,,,,,,,,,,,,,,,,,,2025-01-28,
<NA>,,Construction work of paver bricks from the house of Lallu Rurya towards the house of Than Singh in the village Mudiya of development block Madawara.,,,,,,,,,,,,,,,,,,,,,,,,2025-01-27,
<NA>,,Construction work of tin shed and platform at a public place nearby In the village Sadhumal in the Majra Talau of the Bagaj Mata temple of the development block Mahroni,,,,,,,,,,,,,,,,,,,,,,,,2025-01-27,
<NA>,,"Construction work of Muktidham in village Khiriya Chhatara, development block Birdha.",,,,,,,,,,,,,,,,,,,,,,,,2025-01-28,
<NA>,,Construction work of paver bricks towards the promenade near the primary school in Narayanpur village of Mahroni development block,,,,,,,,,,,,,,,,,,,,,,,,2025-01-28,
<NA>,,Construction work of tin shed and platform at a public place near Karasdev Baba in village Pandava of development block Mahroni,,,,,,,,,,,,,,,,,,,,,,,,2025-01-27,
<NA>,,"Construction work of CC road work from Krishna house to Kali Sadak main road in village Ritauli district, Sibad.",,,,,,,,,,,,,,,,,,,,,,,,2025-01-27,
<NA>,,Construction work of tin shed at a public place in Village Panchayat Bhailonilodh.,,,,,,,,,,,,,,,,,,,,,,,,2025-01-28,
<NA>,,Construction work of tin shed at a public place in Village Panchayat Bhailonilodh.,,,,,,,,,,,,,,,,,,,,,,,,2025-01-28,
<NA>,,Construction work of tin shed at a public place in Village Panchayat Bhailonilodh.,,,,,,,,,,,,,,,,,,,,,,,,2025-01-28,
<NA>,,Road construction work from Gudda house to Indal house in village panchayat Jairwara of development block Jakhora.,,,,,,,,,,,,,,,,,,,,,,,,2025-01-28,
<NA>,,Road construction work from Gudda house to Indal house in village panchayat Jairwara of development block Jakhora.,,,,,,,,,,,,,,,,,,,,,,,,2025-01-28,
<NA>,,Construction work of tin shed at a public place in Gram Panchayat Pulwara.,,,,,,,,,,,,,,,,,,,,,,,,2025-01-27,
<NA>,,Road construction work from the house of Devki Kushwaha to the house of Ramcharan Kushwaha in Majra Chainwara of Gram Panchayat Muhara of development block Jakhoura.,,,,,,,,,,,,,,,,,,,,,,,,2025-01-27,
<NA>,,"Construction work of paver brick in Government Pashu Hospital, Lalitpur, near Varni Chauraha",,,,,,,,,,,,,,,,,,,,,,,,2025-01-27,
<NA>,,Construction work of tin shed at a public place in Gram Panchayat Barikhurd.,,,,,,,,,,,,,,,,,,,,,,,,2025-01-27,
<NA>,,Construction work of tin shed at a public place in Gram Panchayat Khairadang.,,,,,,,,,,,,,,,,,,,,,,,,2025-01-28,
<NA>,,"UNDER DISTRICT LUCKNOW, LOK SABHA CONSTITUENCY- MOHANLALGANJ VIDHAN SABHA CONSTITUENCY - MOHANLALGANJ, SOLAR FOUR-WAY LIGHT INSTALLATION WORK SITE AT PUBLIC PLACES, LOT NO 2",,,,,,,,,,,,,,,,,,,,,,,,2025-01-25,
<NA>,,"UNDER DISTRICT LUCKNOW, LOK SABHA CONSTITUENCY - MOHANLALGANJ VIDHAN SABHA CONSTITUENCY- SAROJINI NAGAR, SOLAR FOUR-WAY LIGHT INSTALLATION WORK SITES AT PUBLIC PLACES, LOT NO 3",,,,,,,,,,,,,,,,,,,,,,,,2025-01-25,
<NA>,,Gram Sabha Gaudriya me Rasheed ke ghar ke paas Highmask Light-12,,,,,,,,,,,,,,,,,,,,,,,,2025-01-25,
<NA>,,Gram Sabha Goorh me Nibiya Gaurhi Mandir ke paas Highmask Light-13,,,,,,,,,,,,,,,,,,,,,,,,2025-01-25,
<NA>,,Gram Sabha Gaudriya me Brij Lal ke ghar ke paas Highmask Light-10,,,,,,,,,,,,,,,,,,,,,,,,2025-01-25,
<NA>,,Gram Sabha Gaudriya me Tepra abaadi me Masjid ke paas Highmask Light-11,,,,,,,,,,,,,,,,,,,,,,,,2025-01-25,
<NA>,,Gram Sabha Gaudriya me Rasheed ke ghar ke paas Highmask Light-12,,,,,,,,,,,,,,,,,,,,,,,,2025-01-25,
<NA>,,Gram Sabha Goorh me Nibiya Gaurhi Mandir ke paas Highmask Light-13,,,,,,,,,,,,,,,,,,,,,,,,2025-01-25,
<NA>,,Gram Sabha Khariya me Puliya Chaurahe par Highmask Light-18,,,,,,,,,,,,,,,,,,,,,,,,2025-01-25,
<NA>,,Gram Sabha Goorh me Durga Mata Mandir ke paas Highmask Light-15,,,,,,,,,,,,,,,,,,,,,,,,2025-01-25,
<NA>,,Gram Sabha Goorh me Manshapurwa Mandir ke paas Highmask Light-16,,,,,,,,,,,,,,,,,,,,,,,,2025-01-25,
<NA>,,Gram Sabha Khariya me Lalji Maurya ke ghar ke paas Highmask Light-17,,,,,,,,,,,,,,,,,,,,,,,,2025-01-25,
<NA>,,Gram Sabha Khariya me Puliya Chaurahe par Highmask Light-18,,,,,,,,,,,,,,,,,,,,,,,,2025-01-25,
<NA>,,Gram Sabha Khariya me Ambedkar Murti ke paas Highmask Light-19,,,,,,,,,,,,,,,,,,,,,,,,2025-01-25,
<NA>,,Gram Sabha Kurwa me Khairihanpurwa Mandir ke paas Jairampurwa me Highmask Light-02,,,,,,,,,,,,,,,,,,,,,,,,2025-01-25,
<NA>,,Gram Sabha Khariya me Taulapurwa me Highmask Light-20,,,,,,,,,,,,,,,,,,,,,,,,2025-01-25,
<NA>,,Gram Sabha Rajapur Kala me Umesh Mishra ke ghar ke paas Highmask Light-22,,,,,,,,,,,,,,,,,,,,,,,,2025-01-25,
<NA>,,Gram Sabha Rajapur Kala me Umesh Mishra ke ghar ke paas Highmask Light-22,,,,,,,,,,,,,,,,,,,,,,,,2025-01-25,
<NA>,,Gram Sabha Katarniya me Ramadal ke Mandir ke paas Highmask Light-25,,,,,,,,,,,,,,,,,,,,,,,,2025-01-25,
<NA>,,Gram Sabha Rajapur Kala me Om Narayan Vishwakarma ke ghar ke paas Highmask Light-24,,,,,,,,,,,,,,,,,,,,,,,,2025-01-25,
<NA>,,Gram Sabha Katarniya me Ramadal ke Mandir ke paas Highmask Light-25,,,,,,,,,,,,,,,,,,,,,,,,2025-01-25,
<NA>,,Gram Sabha Katarniya me Ramadal ke Mandir ke paas Highmask Light-25,,,,,,,,,,,,,,,,,,,,,,,,2025-01-25,
<NA>,,Gram Sabha Chaphariya ke Baldanpursa me Chheddu Kahar ke ghar ke paas Highmask Light-31,,,,,,,,,,,,,,,,,,,,,,,,2025-01-25,
<NA>,,Gram Sabha Chaphariya me main market me Dharmendra ke dukan ke paas Highmask Light-28,,,,,,,,,,,,,,,,,,,,,,,,2025-01-25,
<NA>,,Gram Sabha Chaphariya me Harijan samaj Durga Pandal ke paas Highmask Light-29,,,,,,,,,,,,,,,,,,,,,,,,2025-01-25,
<NA>,,Gram Sabha Chahalwa me Mangalpursa me Shankar Singh ke ghar ke paas Highmask Light-35,,,,,,,,,,,,,,,,,,,,,,,,2025-01-25,
<NA>,,Gram Sabha Chaphariya me Raja Heera Singh Kothar mandi ke paas Highmask Light-30,,,,,,,,,,,,,,,,,,,,,,,,2025-01-25,
<NA>,,Gram Sabha Chaphariya ke Baldanpursa me Chheddu Kahar ke ghar ke paas Highmask Light-31,,,,,,,,,,,,,,,,,,,,,,,,2025-01-25,
<NA>,,Gram Sabha Chahalwa me Dhakiya Geeta Prasad ke ghar ke paas Highmask Light-32,,,,,,,,,,,,,,,,,,,,,,,,2025-01-25,
<NA>,,Gram Sabha Chahalwa me Kailashpuri Tyagi Baba Madir ke paas Highmask Light-33,,,,,,,,,,,,,,,,,,,,,,,,2025-01-25,
<NA>,,Gram Sabha Chahalwa me Sirsiyanpurwa Bazar me Highmask Light-34Gram Sabha Chahalwa me Sirsiyanpurwa Bazar me Highmask Light-34,,,,,,,,,,,,,,,,,,,,,,,,2025-01-25,
<NA>,,Gram Sabha Chahalwa me Mangalpursa me Shankar Singh ke ghar ke paas Highmask Light-35,,,,,,,,,,,,,,,,,,,,,,,,2025-01-25,
<NA>,,Gram Sabha Chahalwa me Lakkha Baba Kahurahe ke paas Highmask Light-36,,,,,,,,,,,,,,,,,,,,,,,,2025-01-25,
<NA>,,Gram Sabha Chahalwa me Vijay Nagar Gopal Yadav ke ghar ke paas Highmask Light-37,,,,,,,,,,,,,,,,,,,,,,,,2025-01-25,
<NA>,,Gram Sabha Bardiya me Coaching Center ke paas Highmask Light-38,,,,,,,,,,,,,,,,,,,,,,,,2025-01-25,
<NA>,,Gram Sabha Bardiya me Coaching Center ke paas Highmask Light-38,,,,,,,,,,,,,,,,,,,,,,,,2025-01-25,
<NA>,,Gram Sabha Kurwa me Buddhupurwa Kabristan ke paas Jairampurwa me Highmask Light-04,,,,,,,,,,,,,,,,,,,,,,,,2025-01-25,
<NA>,,Gram Sabha Bardiya me Dildar ke ghar ke paas Highmask Light-40,,,,,,,,,,,,,,,,,,,,,,,,2025-01-25,
<NA>,,Gram Sabha Aamba me Jeevan Farm Clinic ke samne Highmask Light-41,,,,,,,,,,,,,,,,,,,,,,,,2025-01-25,
<NA>,,Gram Sabha Bajpur Bankati me Chaphariya Chaurahe par Highmask Light-42,,,,,,,,,,,,,,,,,,,,,,,,2025-01-25,
<NA>,,Gram Sabha Matehi me Guruduware ke paas Highmask Light-43Gram Sabha Matehi me Guruduware ke paas Highmask Light-43,,,,,,,,,,,,,,,,,,,,,,,,2025-01-25,
<NA>,,Gram Sabha Matehi me Tyagi Baba Mandir ke paas Highmask Light-44,,,,,,,,,,,,,,,,,,,,,,,,2025-01-25,
<NA>,,Gram Sabha Matehi me Guruddas Singh ke ghar ke paas Highmask Light-45,,,,,,,,,,,,,,,,,,,,,,,,2025-01-25,
<NA>,,Gram Sabha Jungle Gulriya me Bhaisa Badna me Ramdas ke ghar ke paas Highmask Light-46,,,,,,,,,,,,,,,,,,,,,,,,2025-01-25,
<NA>,,Gram Sabha Matehi me Guruddas Singh ke ghar ke paas Highmask Light-45,,,,,,,,,,,,,,,,,,,,,,,,2025-01-25,
<NA>,,Gram Sabha Jungle Gulriya me Sampatpurwa me Parshuram ke ghar ke paas Highmask Light-48,,,,,,,,,,,,,,,,,,,,,,,,2025-01-25,
<NA>,,Gram Sabha Kurwa me Kailash Badhai ke ghar ke paas Jairampur me Highmask Light-05,,,,,,,,,,,,,,,,,,,,,,,,2025-01-25,
<NA>,,Gram Sabha Kurwa me Kailash Badhai ke ghar ke paas Jairampur me Highmask Light-05,,,,,,,,,,,,,,,,,,,,,,,,2025-01-25,
<NA>,,Gram Sabha Jungle Gulriya me Naukpurwa me Sirfnath ke ghar ke paas Highmask Light-50,,,,,,,,,,,,,,,,,,,,,,,,2025-01-25,
<NA>,,Gram Sabha Katarniya ke Rajapur me Mithlesh ke ghar ke paas Highmask Light-51,,,,,,,,,,,,,,,,,,,,,,,,2025-01-25,
<NA>,,Gram Sabha Katarniya ke Rajapur me Masjid ke paas Highmask Light-52,,,,,,,,,,,,,,,,,,,,,,,,2025-01-25,
<NA>,,Gram Sabha Katarniya ke Rajapur me Jawahir ke ghar ke paas Highmask Light-53,,,,,,,,,,,,,,,,,,,,,,,,2025-01-25,
<NA>,,Gram Sabha Gaudriya me Ahiranpurwa me Dev Sthan ke paas Highmask Light-08,,,,,,,,,,,,,,,,,,,,,,,,2025-01-25,
<NA>,,Gram Sabha Kurwa me Kailash Badhai ke ghar ke paas Jairampur me Highmask Light-05,,,,,,,,,,,,,,,,,,,,,,,,2025-01-25,
<NA>,,Gram Sabha Katarniya ke Rajapur me Jawahir ke ghar ke paas Highmask Light-53,,,,,,,,,,,,,,,,,,,,,,,,2025-01-25,
<NA>,,"UNDER DISTRICT AMBEDKARNAGAR, CONSTRUCTION OF INTERLOCKING ROAD FROM BHRIGUNATH OJHA HOUSE IN VILLAGE SARAIYA HARDO BAHARPUR TO THE SCHOOL VIA HARISH OJHA HOUSE., LOT NO 6",,,,,,,,,,,,,,,,,,,,,,,,2025-01-30,
<NA>,,"UNDER DISTRICT AMBEDKARNAGAR, CONSTRUCTION OF INTERLOCKING ROAD FROM BHRIGUNATH OJHA HOUSE IN VILLAGE SARAIYA HARDO BAHARPUR TO THE SCHOOL VIA HARISH OJHA HOUSE., LOT NO 6",,,,,,,,,,,,,,,,,,,,,,,,2025-01-30,
<NA>,,"UNDER DISTRICT AMBEDKARNAGAR, CONSTRUCTION OF INTERLOCKING ROAD FROM BHRIGUNATH OJHA HOUSE IN VILLAGE SARAIYA HARDO BAHARPUR TO THE SCHOOL VIA HARISH OJHA HOUSE., LOT NO 6",,,,,,,,,,,,,,,,,,,,,,,,2025-01-30,
<NA>,,Construction of Road and Nali at Ward No 74 Anil Gautam ji house to Gayendra Kumar Kanojiya house to Bharat Rai house,,,,,,,,,,,,,,,,,,,,,,,,2025-01-25,
<NA>,,Gram Pradhanpur Vikas Khand Mohammdabad Gohna me Ekbal Ahmad ke Ghar se Praimary Vidyalay Hokar Nale Tak Nala ka Nirman Karya.,,,,,,,,,,,,,,,,,,,,,,,,2025-01-28,
<NA>,,Gram Sabha Khushamadpur me Puvanchal Express Way ke Nikat se Balkishun ke Khet se Ramdev Ke Ghar Tak Interlocking Karya.,,,,,,,,,,,,,,,,,,,,,,,,2025-01-25,
<NA>,,Gram Pradhanpur Vikas Khand Mohammdabad Gohna me Ekbal Ahmad ke Ghar se Praimary Vidyalay Hokar Nale Tak Nala ka Nirman Karya.,,,,,,,,,,,,,,,,,,,,,,,,2025-01-28,
<NA>,,Majhgawawa Rakhat Sampark Marg se Gram Pakadpura Puliya Tak CC Road Ka Nirman,,,,,,,,,,,,,,,,,,,,,,,,2025-01-28,
<NA>,,Gobrahiya Rakhat Marg se O.P. Memorial tak CC Road KA Nirman,,,,,,,,,,,,,,,,,,,,,,,,2025-01-28,
<NA>,,Gram Panchayat Harikhota ke tola Saradpur mein Tubewell se mahangu ke ghar Tak CC Road Ka Nirman,,,,,,,,,,,,,,,,,,,,,,,,2025-01-28,
<NA>,,Block Sahjanwa Gram Jagdishpur mein main Pitch Road se kali Prasad ke Ghar Tak CC Road Ka Nirman Karya,,,,,,,,,,,,,,,,,,,,,,,,2025-01-28,
<NA>,,Block Sahjanwa Gram Jagdishpur mein main Pitch Road se kali Prasad ke Ghar Tak CC Road Ka Nirman Karya,,,,,,,,,,,,,,,,,,,,,,,,2025-01-28,
<NA>,,Gram Sabha Jungle Nandlal Singh mein Prathmik Vidyalaya se Bandha Tak CC Road Ka Nirman,,,,,,,,,,,,,,,,,,,,,,,,2025-01-28,
<NA>,,Gram Sabha Jungle Nandlal Singh mein Prathmik Vidyalaya se Bandha Tak CC Road Ka Nirman,,,,,,,,,,,,,,,,,,,,,,,,2025-01-28,
<NA>,,Gram Sabha Jungle Nandlal Singh mein Prathmik Vidyalaya se Bandha Tak CC Road Ka Nirman,,,,,,,,,,,,,,,,,,,,,,,,2025-01-28,
<NA>,,Block-Brahmpur Gram-Pakdiyar mein Bandhe se Babulal ke Ghar Tak CC Road Ka Nirman,,,,,,,,,,,,,,,,,,,,,,,,2025-01-28,
<NA>,,Block-Pali Gram Panchyat Dewapaar mein Pitch Road se Brajkishor Mall ke Ghar Hote Hue Chauthi Prasad ke Ghar Tak CC Road ka Nirman,,,,,,,,,,,,,,,,,,,,,,,,2025-01-28,
<NA>,,Block-Pali Gram Panchyat Dewapaar mein Pitch Road se Brajkishor Mall ke Ghar Hote Hue Chauthi Prasad ke Ghar Tak CC Road ka Nirman,,,,,,,,,,,,,,,,,,,,,,,,2025-01-28,
<NA>,,Block-Brahmpur Gram-Pakdiyar mein Bandhe se Babulal ke Ghar Tak CC Road Ka Nirman,,,,,,,,,,,,,,,,,,,,,,,,2025-01-28,
<NA>,,Block-Brahmpur Gram-Pakdiyar mein Bandhe se Babulal ke Ghar Tak CC Road Ka Nirman,,,,,,,,,,,,,,,,,,,,,,,,2025-01-28,
<NA>,,Block-Barhalganj Gram-Makarandpur mein Panchayat Bhawan ke Samne se Swatantra Singh ke Ghar Avam Sadak tak CC Road Ka Nirman,,,,,,,,,,,,,,,,,,,,,,,,2025-01-28,
<NA>,,Block-Khajni Gram Tikaria Nath Singh mein Prathmik Vidyalaya se Bigahi Pitch Marg tak CC Road Ka Nirman,,,,,,,,,,,,,,,,,,,,,,,,2025-01-28,
<NA>,,Block-Piprauli Gram-Khortha mein Luxmi Lohar ke ghar se Awadhesh Chaudhary ke Ghar tak CC Road Ka Nirman Karya,,,,,,,,,,,,,,,,,,,,,,,,2025-01-28,
<NA>,,Block Khajni Gram Gopalpur mein Pitch Road se Prathmik Vidyalya hote Hue Shiv Mandir Tak CC Road Ka Nirman,,,,,,,,,,,,,,,,,,,,,,,,2025-01-28,
<NA>,,Block-Piprauli Gram-Khortha mein Luxmi Lohar ke ghar se Awadhesh Chaudhary ke Ghar tak CC Road Ka Nirman Karya,,,,,,,,,,,,,,,,,,,,,,,,2025-01-28,
<NA>,,Vikas Khand Chapiya me Pateswarnath Mandir Patijiya Bujurg par Highmast Light ki Sthapana Karya,,,,,,,,,,,,,,,,,,,,,,,,2025-01-15,
<NA>,,Vikas Khand Chapiya me Pateswarnath Mandir Patijiya Bujurg par Highmast Light ki Sthapana Karya,,,,,,,,,,,,,,,,,,,,,,,,2025-01-15,
<NA>,,Biennial Contract for Round the Clock Operation Routine and Preventive mechanical maintenance and housekeeping and cleaning works Breakdown mechanical maintenance of complete Ash Handling Plant of 1X660MW ETPS Kasimpur Aligarh,,,,,,,,,,,,,,,,,,,,,,,,2025-01-30,
<NA>,,"Under Pradhan Mantri Adarsh Gram Yojana, various works in village-DHANOURI, Block-HALDOUR, District-BIJNOR",,,,,,,,,,,,,,,,,,,,,,,,2025-01-30,
<NA>,,"Under Pradhan Mantri Adarsh Gram Yojana, various works in village-SIKANDARPUR LALMAN, Block-HALDOUR, District-BIJNOR",,,,,,,,,,,,,,,,,,,,,,,,2025-01-30,
<NA>,,"Under Pradhan Mantri Adarsh Gram Yojana, various works in village-SHAHNAJARPUR KOT, Block-NOORPUR, District-BIJNOR (Detail Attached)",,,,,,,,,,,,,,,,,,,,,,,,2025-01-24,
<NA>,,"Under Pradhan Mantri Adarsh Gram Yojana, various works in village-JASMOUR, Block-SEOHARA, District-BIJNOR (Detail Attached)",,,,,,,,,,,,,,,,,,,,,,,,2025-01-24,
<NA>,,"REPAIR WORK HOSTEL PHASE-1 AT SAMAJ KALYAN PARISAR, MORADABAD.",,,,,,,,,,,,,,,,,,,,,,,,2025-01-22,
<NA>,,"REPAIR WORK HOSTEL PHASE-1 AT SAMAJ KALYAN PARISAR, MORADABAD.",,,,,,,,,,,,,,,,,,,,,,,,2025-01-22,
<NA>,,"Under Vidhayak Nidhi Yojna (Shri Jaswant Saini ji, MLC) Construction of CC Road and Side Drain FromBalmiki Tample to Bharat House at Vill Wazirpur, Block Gangoh District-Saharanpur",,,,,,,,,,,,,,,,,,,,,,,,2025-01-28,
<NA>,,Construction work of 30.00 m CC road and drain from Chandan shop to Chanda Haji house in village Islamnagar of development block Moradabad District-Moradabad. (MP-Nidhi Work),,,,,,,,,,,,,,,,,,,,,,,,2025-01-22,
<NA>,,Construction of Interlocking and CC road at Jai Prakash Narayan Sarvodaya Vidyalaya Nagla Heeralal Etawah,,,,,,,,,,,,,,,,,,,,,,,,2025-01-28,
<NA>,,Construction of Interlocking and CC road at Jai Prakash Narayan Sarvodaya Vidyalaya Nagla Heeralal Etawah,,,,,,,,,,,,,,,,,,,,,,,,2025-01-28,
<NA>,,"10 Nos. Solar LED High Mast Light at Various Places in Block-Bithri Chainpur, Kiyara, Faridpur, and Bhuta, District-Bareilly (MLC Nidhi)",,,,,,,,,,,,,,,,,,,,,,,,2025-01-22,
<NA>,,construction of piezometer,,,,,,,,,,,,,,,,,,,,,,,,2025-01-02,
<NA>,,Supply of Manpower Security Personals and Other Staff in Office Complex Mandola Vihar Yojna Ghaziabad,,,,,,,,,,,,,,,,,,,,,,,,2025-01-01,
<NA>,,LOT NO 12,,,,,,,,,,,,,,,,,,,,,,,,2025-01-30,
<NA>,,Construction of approach road of Constructed DRB at Km 114.300 of Rapti Main Canal in District Siddharathnagar,,,,,,,,,,,,,,,,,,,,,,,,2025-01-22,
<NA>,,Construction of approach road of Constructed DRB at Km 114.300 of Rapti Main Canal in District Siddharathnagar,,,,,,,,,,,,,,,,,,,,,,,,2025-01-22,
<NA>,,"Bituminous Painting of approach road of Constructed Bridges at Km 27.025, Km. 27.660, Km. 28.273 and Km. 29.539 of Campierganj Branch in District Siddharathnagar",,,,,,,,,,,,,,,,,,,,,,,,2025-01-22,
<NA>,,KABADYUKT MITTI SAFAI KA KAM FROM KM 164.000 TO 189.680 OF lUCKNOW BRANCH,,,,,,,,,,,,,,,,,,,,,,,,2025-01-31,
<NA>,,"Construction of Stone boulder pitching, Toe drain and Seepage drain of Kabrai Dam between Km. 4.600 to 7.700(Lot-2)",,,,,,,,,,,,,,,,,,,,,,,,2025-01-31,
<NA>,,"Construction of Stone boulder pitching, Toe drain and Seepage drain of Kabrai Dam between Km. 4.600 to 7.700(Lot-2)",,,,,,,,,,,,,,,,,,,,,,,,2025-01-31,
<NA>,,01/EE/2024-25 (LOT-15),,,,,,,,,,,,,,,,,,,,,,,,2025-01-24,
<NA>,,SILT CLEARENCE AND BED BERM SCRAPING ON HARAIYA MR.FROM KM 0.000 TO K.M 7.600,,,,,,,,,,,,,,,,,,,,,,,,2025-01-24,
<NA>,,SILT CLEARENCE AND BED BERM SCRAPING KONKOHARGADDI MR.FROM KM 0.000 TO K.M 4.300,,,,,,,,,,,,,,,,,,,,,,,,2025-01-16,
<NA>,,SILT CLEARENCE AND BED BERM SCRAPING ON BAGHAPAR DY FROM KM 0.000 TO K.M 2.000 AND KM 12.030 TO KM 18.200,,,,,,,,,,,,,,,,,,,,,,,,2025-01-18,
<NA>,,TN-03/EE/2024-25 Lot No-02 Reconstruction work of the bridge located at km 0.864 of Minor Rajpur.,,,,,,,,,,,,,,,,,,,,,,,,2025-01-18,
<NA>,,Earth Work in Clearance of Basantipur Drain from km. 0.000 to km. 7.000 (Lot-1),,,,,,,,,,,,,,,,,,,,,,,,2025-01-18,
<NA>,,Earth Work in Clearance of Akwapur Drain from km. 0.000 to km. 6.200 (Lot-2),,,,,,,,,,,,,,,,,,,,,,,,2025-01-18,
<NA>,,Earth Work in Clearance of Ratnapur Drain from km. 0.000 to km. 5.000 (LOT-5),,,,,,,,,,,,,,,,,,,,,,,,2025-01-16,
<NA>,,Earth Work in Clearance of Pakhaniyapur Drain from km. 0.000 to km. 4.300 (LOT-6),,,,,,,,,,,,,,,,,,,,,,,,2025-01-18,
<NA>,,Earth Work in Clearance of Lasa Drain from km. 0.000 to km. 8.000 (LOT-7),,,,,,,,,,,,,,,,,,,,,,,,2025-01-21,
<NA>,,Earth Work in Clearance of Kaimhara Kalan Drain from km. 0.000 to km. 3.900 (LOT-8),,,,,,,,,,,,,,,,,,,,,,,,2025-01-16,
<NA>,,Earth Work in Clearance of Pakhaniyapur Drain from km. 0.000 to km. 4.300 (LOT-6),,,,,,,,,,,,,,,,,,,,,,,,2025-01-18,
<NA>,,Earth work in silt/earth of noorpur drain from km 0.000 to km 5.240 (lot 16),,,,,,,,,,,,,,,,,,,,,,,,2025-01-16,
<NA>,,Renewal and Repairing of Service Road at Bulandshahr Dy from km. 33.185 to km. 35.069,,,,,,,,,,,,,,,,,,,,,,,,2025-01-16,
<NA>,,Lot 01 Renovation work of L/B Service Road on TMC From km. 58.750 to 59.425.,,,,,,,,,,,,,,,,,,,,,,,,2025-01-07,
<NA>,,Lot 02 Renovation work of L/B Service Road on TPLC From km. 51.710 to 52.430.,,,,,,,,,,,,,,,,,,,,,,,,2025-01-07,
<NA>,,Renewal / Reconstruction painted canal service road of Newada Minor from km. 4.850 to km. 6.400.,,,,,,,,,,,,,,,,,,,,,,,,2025-01-03,
<NA>,,Lot 20 E/W in Silt Clearance and Scrapping in Salempur Minor From Km.0.000 to km. 5.850.,,,,,,,,,,,,,,,,,,,,,,,,2025-01-08,
<NA>,,"Construction of Bituminous painting Road at approach road VRB situated at KM 8.200, 11.550, 15.400, 16.120, 22.900, 24.000, 27.300, 29.700 NH 33.270, 35.945, 37.020, 37.880 and 40.160 and U/S AND D/S of Birma Aquaduct situated at Arjun Feedar",,,,,,,,,,,,,,,,,,,,,,,,2025-01-31,
<NA>,,"Jungle clearance,silt clearance and scrapping of Tarona Mr. from K.M 0.00 to 6.050 ( Lot 11 )",,,,,,,,,,,,,,,,,,,,,,,,2025-01-31,
<NA>,,"Jungle clearance,silt clearance and scrapping of Sunderpur Mr. from K.M 0.00 to 4.420 ( Lot 12 )",,,,,,,,,,,,,,,,,,,,,,,,2025-01-31,
<NA>,,"Jungle clearance,silt clearance and scrapping of Tarona Mr. from K.M 0.00 to 6.050 ( Lot 11 )",,,,,,,,,,,,,,,,,,,,,,,,2025-01-31,
<NA>,,silt clearence lot 25,,,,,,,,,,,,,,,,,,,,,,,,2025-01-09,
<NA>,,Construction of Boundry wall and Renovation of Sanota Chakki channel and campus upper ganga canal at km 197.300,,,,,,,,,,,,,,,,,,,,,,,,2025-01-07,
<NA>,,Construction of Tail wall. at km. 2.300 of Bhagausa Mr.,,,,,,,,,,,,,,,,,,,,,,,,2025-01-02,
<NA>,,Sharda Bairaj Banbasa ke Downstream main Kshatigrast Divide wall/Growing Sankhya-28 kee Marmmat avm Punarsthapna ke karan.,,,,,,,,,,,,,,,,,,,,,,,,2025-01-22,
<NA>,,Sharda Bairaj Banbasa ke Downstream main Kshatigrast Divide wall/Growing Sankhya-22 kee Marmmat avm Punarsthapna karan.,,,,,,,,,,,,,,,,,,,,,,,,2025-01-18,
<NA>,,Sharda Mukhya Nahar ke head avm anya Sanrachnaon kee Painting ke karan.,,,,,,,,,,,,,,,,,,,,,,,,2025-01-22,
<NA>,,Kanpur Nagar Ke Antargat Kanpur Shakha ke Kilometer 188.366 se Nikalne wali Nayi Alpika ke Kilometer 5.150 par Sthit Pandu nadi ke upar Aqueduct ka Nirman Karya.,,,,,,,,,,,,,,,,,,,,,,,,2025-01-18,
<NA>,,Reconstruction of Fall at km. 4.350 of Belwaniya Minor.,,,,,,,,,,,,,,,,,,,,,,,,2025-01-18,
<NA>,,Jungle clearance/ Silt/ Scraping (By Poclain Machine) of Meja Branch from km. 0.000 to km. 22.720.,,,,,,,,,,,,,,,,,,,,,,,,2025-01-18,
<NA>,,Clearance of internal section of Tirwan dain from from km 0.000 to 5.430 (Lot 06),,,,,,,,,,,,,,,,,,,,,,,,2025-01-18,
<NA>,,"Lot 1- Restoration work between head and km 10.000 of Betwa main canal under jurisdiction of Jhansi division Betwa canal, Jhansi in district Jhansi.",,,,,,,,,,,,,,,,,,,,,,,,2025-01-15,
<NA>,,Repair of Head and cross regulator of Borra Dy. at Km. 15.900 of Dy. Pilkhatra,,,,,,,,,,,,,,,,,,,,,,,,2025-01-15,
<NA>,,EARTH WORK FOR MAINTENANCE OF KAIN NALA BETWEEN KM 23.600 TO 24.100,,,,,,,,,,,,,,,,,,,,,,,,2025-01-15,
<NA>,,EARTH WORK FOR MAINTENANCE OF KAIN NALA BETWEEN KM 23.600 TO 24.100,,,,,,,,,,,,,,,,,,,,,,,,2025-01-15,
<NA>,,AUCTION OF EXTRA SILT / EARTH ON RIGHT BANK OF MAURAWAN DY KM 0.00 TO 1.350 AND KM 3.200 TO KM 4.200 LEFT BANK.,,,,,,,,,,,,,,,,,,,,,,,,2025-01-15,
<NA>,,EARTH WORK FOR MAINTENANCE OF KAIN NALA BETWEEN KM 23.600 TO 24.100,,,,,,,,,,,,,,,,,,,,,,,,2025-01-15,
<NA>,,EARTH WORK FOR MAINTENANCE OF KAIN NALA BETWEEN KM 25.950 TO 26.650,,,,,,,,,,,,,,,,,,,,,,,,2025-01-15,
<NA>,,EARTH WORK FOR MAINTENANCE OF KAIN NALA BETWEEN KM 27.450 TO 28.000,,,,,,,,,,,,,,,,,,,,,,,,2025-01-15,
<NA>,,EARTH WORK FOR MAINTENANCE OF KAIN NALA BETWEEN KM 27.450 TO 28.000,,,,,,,,,,,,,,,,,,,,,,,,2025-01-15,
<NA>,,Renovation of Type-2 (08 No.) Residence in I and P Colony Kalpipara Bahraich.,,,,,,,,,,,,,,,,,,,,,,,,2025-01-31,
<NA>,,Supply of Pea gravel,,,,,,,,,,,,,,,,,,,,,,,,2025-01-15,
<NA>,,Manufacturing supply erection testing and commissioning of Temper proof Kinetic Air release valve suitable for 20 mtr head for Airation for pipeline No.11 to 20 including all consumable materials at DPC A Ist Stage,,,,,,,,,,,,,,,,,,,,,,,,2025-01-15,
<NA>,,CONSTRUCTION OF STAFF QUARTER Type Second at Patyora Pump Canal Village Patyora Block Sumerpur,,,,,,,,,,,,,,,,,,,,,,,,2025-01-13,
<NA>,,PAINTING OF SHUTTER ASSEMBLY OF TATARPUR CONNECTING REGULATORS,,,,,,,,,,,,,,,,,,,,,,,,2025-01-13,
<NA>,,Construction of RCC Slope structure with Retaining wall Pedestal Staircase and Cut off Wall at First Stage of newly Constructed Ramjanki Pump Canal,,,,,,,,,,,,,,,,,,,,,,,,2025-01-18,
<NA>,,Nagar Palika Parishad Ujhani Reorganisation water supply scheme,,,,,,,,,,,,,,,,,,,,,,,,2025-01-13,
<NA>,,Construction of RCC Slope structure with Retaining wall Pedestal Staircase and Cut off Wall at First Stage of newly Constructed Ramjanki Pump Canal,,,,,,,,,,,,,,,,,,,,,,,,2025-01-18,
<NA>,,Printing and Supply of Stationery for Shakti Montessory High School Indralok Hydel Colony Lucknow For Session 2024 by 25,,,,,,,,,,,,,,,,,,,,,,,,2025-01-18,
<NA>,,M and R of Plaster Repairing Internal Painting and other Miss Civil Works in Res No 159 by 6 153 by 2 157 by 7 157 by 1 and 157 by 2 at 32 LIG Staff Hydel Colony Lucknow,,,,,,,,,,,,,,,,,,,,,,,,2025-01-18,
<NA>,,Renovation of 4 point zero M wide Interlocking Road in Type IV Block infront of Sub Division Office at Indralok Hydel Officers Colony Lucknow,,,,,,,,,,,,,,,,,,,,,,,,2025-01-18,
<NA>,,"PROPOSED OF CONSTRUCTION WORK OF GRAMEN SPORT STADIUM AT MAUTH JHANSI, DISTRICT-JHANSI (U.P.)",,,,,,,,,,,,,,,,,,,,,,,,2025-01-08,
<NA>,,"PROPOSED FOR CONSTRUCTION WORK OF STRENGTHING OF SEED PROCESSING AND STORAGE INFRASTRUCTURE AT BUAT, DISTRICT-BANDA (U.P.)",,,,,,,,,,,,,,,,,,,,,,,,2025-01-08,
<NA>,,MAINTANANCE / RENOVATION OF UDHYAN DEPARTMENT BUILDING BHADOHI IN DISTRICT - BHADOHI (U.P.),,,,,,,,,,,,,,,,,,,,,,,,2025-01-03,
<NA>,,REMAINING WORK OF PHASE-2 OF MEETING HALL AT COLLECTRATE CAMPUS IN DISTRICT-ETAWAH,,,,,,,,,,,,,,,,,,,,,,,,2025-01-03,
<NA>,,MAINTANANCE / RENOVATION OF UDHYAN DEPARTMENT BUILDING BHADOHI IN DISTRICT - BHADOHI (U.P.),,,,,,,,,,,,,,,,,,,,,,,,2025-01-03,
<NA>,,"CONSTRUCTION OF LAB, MOOT COURT, GIRLS COMMON ROOM, HEALTH AND WELLNESS CENTER AT JANANAYAK CHANDRASHEKHAR UNIVERSITY, BALLIA.",,,,,,,,,,,,,,,,,,,,,,,,2025-01-31,
<NA>,,"Renovation Work and Acadmic Block, V.C. Office Under P.M. Usha at Jananayak Chandrashekhar University Ballia",,,,,,,,,,,,,,,,,,,,,,,,2025-01-31,
<NA>,,"REPAIRING AND RENOVATION WORK AT BAHUDESHIK GRAMIK PRATHMIK SAMITI CHANDANPUR BALHA, DISTRICT-BAHRAICH(U.P.)",,,,,,,,,,,,,,,,,,,,,,,,2025-01-31,
<NA>,,"REPAIRING AND RENOVATION WORK AT BAHUDESHIK GRAMIK PRATHMIK SAMITI MOHAMMAD NAGAR CHITTAURA, DISTRICT-BAHRAICH(U.P.)",,,,,,,,,,,,,,,,,,,,,,,,2025-01-31,
<NA>,,"CONSTRUCTION OF GAU SANRAKSHAN KEDNRA TARAPUR, AMETHI, DISTRICT AMETHI (U.P.)",,,,,,,,,,,,,,,,,,,,,,,,2025-01-31,
<NA>,,27-ETC-I(A)/ 2024-2025,,,,,,,,,,,,,,,,,,,,,,,,2025-01-09,
<NA>,,Work,,,,,,,,,,,,,,,,,,,,,,,,2025-01-31,
<NA>,,45/ETC-II(P)/2024-2025,,,,,,,,,,,,,,,,,,,,,,,,2025-01-31,
<NA>,,45/ETC-II(P)/2024-2025,,,,,,,,,,,,,,,,,,,,,,,,2025-01-31,
<NA>,,54/ETC-II(P)/ 2024-2025,,,,,,,,,,,,,,,,,,,,,,,,2025-01-31,
<NA>,,Work,,,,,,,,,,,,,,,,,,,,,,,,2025-01-31,
<NA>,,54/ETC-II(P)/ 2024-2025,,,,,,,,,,,,,,,,,,,,,,,,2025-01-31,
<NA>,,"Pond Rejuvention on Village- jewar bangar majra sahab nagar, Yeida.WC - 06",,,,,,,,,,,,,,,,,,,,,,,,2025-01-03,
<NA>,,"Internal Services of ELV work (CCTV and Video Conferencing ), HAVC work and BMS System for CSF-8 and 9(Polt No-03) Sector-28 yeidaWC-( E M -04)",,,,,,,,,,,,,,,,,,,,,,,,2025-01-03,
<NA>,,"Internal Services of ELV work (CCTV and Video Conferencing ), HAVC work and BMS System for CSF-8 and 9(Polt No-03) Sector-28 yeidaWC-( E M -04)",,,,,,,,,,,,,,,,,,,,,,,,2025-01-03,
<NA>,,"Pond Rejuvenation in village-neemka shahjahanpur(02ponds), YEA wc 06",,,,,,,,,,,,,,,,,,,,,,,,2025-01-13,
<NA>,,Contruction of RCC Drain from kapil traders bhaipur road to tirthali road cut at bhaipur jhajhar road YEIDA . WC-06,,,,,,,,,,,,,,,,,,,,,,,,2025-01-13,
<NA>,,Renewal work of Bajna Managarhi to Kateliya Bhutgarhi Bajna Road,,,,,,,,,,,,,,,,,,,,,,,,2025-01-30,
<NA>,,Renewal work of Bajna Managarhi to Kateliya Bhutgarhi Bajna Road,,,,,,,,,,,,,,,,,,,,,,,,2025-01-30,
<NA>,,Renewal work of Vijaygarhi to Border of Madanpur Village Road,,,,,,,,,,,,,,,,,,,,,,,,2025-01-30,
<NA>,,Special Repair work of Mathura Sadabad to Mujahidpur Road,,,,,,,,,,,,,,,,,,,,,,,,2025-01-30,
<NA>,,Renewal work with PC on Mathura Deeg to Satoha Asagarpur road (VR) KM 1 (600) in Distt. Mathura,,,,,,,,,,,,,,,,,,,,,,,,2025-01-20,
<NA>,,"Renewal work with PC on Farah Ole Parkham to Dhana Jivna Via Ganjoli road (VR) KM 1, 2, 3 (450) in Distt. Mathura",,,,,,,,,,,,,,,,,,,,,,,,2025-01-20,
<NA>,,"Renewal work with PC on Farah Ole Parkham to Dhana Jivna Via Ganjoli road (VR) KM 1, 2, 3 (450) in Distt. Mathura",,,,,,,,,,,,,,,,,,,,,,,,2025-01-28,
<NA>,,"Renewal work with PC on Farah Achnera to Dhana Khema Nagla Murli road (VR) KM 1, 2 in Distt. Mathura",,,,,,,,,,,,,,,,,,,,,,,,2025-01-30,
<NA>,,Renewal work with PC on Dharmpura to Eakdanta road (VR) KM 1 (925) in Distt. Mathura,,,,,,,,,,,,,,,,,,,,,,,,2025-01-28,
<NA>,,Renewal work with PC on Raipura jat to Nagla Dharmpal road (VR) KM 1 (530) in Distt. Mathura,,,,,,,,,,,,,,,,,,,,,,,,2025-01-20,
<NA>,,Special Repair of Gobra Road to Budhaina Road in FY- 2024-25,,,,,,,,,,,,,,,,,,,,,,,,2025-01-29,
<NA>,,Re-Construction work of bridge on Anupshahr branch near Raipur in Km 8 of Hardoi Pyawali Narupura Marg (ODR),,,,,,,,,,,,,,,,,,,,,,,,2025-01-29,
<NA>,,Re-Construction work of bridge on Anupshahar branch near Sindhauli in Km 9 of Hardoi Pyawali Narupura Panehra Marg (ODR),,,,,,,,,,,,,,,,,,,,,,,,2025-01-28,
<NA>,,Re-Construction work of 2 cell RCC box culvert of 3x3 in km 3 of Daurau Mod Pisawa Road (ODR),,,,,,,,,,,,,,,,,,,,,,,,2025-01-29,
<NA>,,Special Repair work on Kasganj Atrauli Road to Barkhurdar Byepass Road,,,,,,,,,,,,,,,,,,,,,,,,2025-01-31,
<NA>,,Special Repair work on Nagla Lale to Munbbarpur Gadhiya via Mirzapur Nagla Bhammi road,,,,,,,,,,,,,,,,,,,,,,,,2025-01-31,
<NA>,,Special Repair work on Amanpur Mohanpur to Anandpur Road,,,,,,,,,,,,,,,,,,,,,,,,2025-01-31,
<NA>,,Special Repair work on Amanpur Mohanpur to Anandpur Road,,,,,,,,,,,,,,,,,,,,,,,,2025-01-31,
<NA>,,Renewal work of Harnot Rampur Chandiyana Via Kamsahay Nagla,,,,,,,,,,,,,,,,,,,,,,,,2025-01-30,
<NA>,,Renewal work of PTA Sofa to Diwahamidpur Marg,,,,,,,,,,,,,,,,,,,,,,,,2025-01-30,
<NA>,,Renewal work of PTA Sofa to Diwahamidpur Marg,,,,,,,,,,,,,,,,,,,,,,,,2025-01-29,
<NA>,,Renewal of Mathura Sadabad to Bhartiya Via Vidhipur,,,,,,,,,,,,,,,,,,,,,,,,2025-01-31,
<NA>,,Renewal of Mathura Sadabad to Thada to Kallu Sarupa Road,,,,,,,,,,,,,,,,,,,,,,,,2025-01-31,
<NA>,,Special Repair of Mursan Sadabad Road to Ramgarh Road,,,,,,,,,,,,,,,,,,,,,,,,2025-01-31,
<NA>,,Special Repair of Mursan to Fojiya Road.,,,,,,,,,,,,,,,,,,,,,,,,2025-01-31,
<NA>,,Special Repair of Sadabad Hathras Road to Nagla Koda Road,,,,,,,,,,,,,,,,,,,,,,,,2025-01-31,
<NA>,,Janpad Maharajganj ke Vidhan Sabha Chhetra Pharenda ke antargat mahdeva Samardhira se Bhagwanpur (Padrarahwa) ODR ke Chainage 4-600 se 4-710 tak Andha Mod ke Sudhar hetu 110 M lenth me Road ka nirman kary G-1 of 1,,,,,,,,,,,,,,,,,,,,,,,,2025-01-31,
<NA>,,Re-Construction of Nichlaul Siswa Road to Bhothiyahi Belwa Part-1 and Part-2 Link road in Year 2024-25 District Mahrajganj including 5 Year Maintenance Lot No 01 of 01,,,,,,,,,,,,,,,,,,,,,,,,2025-01-31,
<NA>,,Thermoplastic paint and miscellaneous work at Baghagada Jarlahi road (ODR),,,,,,,,,,,,,,,,,,,,,,,,2025-01-31,
<NA>,,Thermoplastic paint and miscellaneous work at Baghagada Jarlahi road (ODR),,,,,,,,,,,,,,,,,,,,,,,,2025-01-31,
<NA>,,Thermoplastic paint and miscellaneous work at Chauri Chaura Nai Bazar Etauwaghat Gobdaur road,,,,,,,,,,,,,,,,,,,,,,,,2025-01-31,
<NA>,,Special Repair of Chilauli to Sithmara road(VR),,,,,,,,,,,,,,,,,,,,,,,,2025-01-30,
<NA>,,Special Repair of Mughal Road to Pindarthu Link Road (VR),,,,,,,,,,,,,,,,,,,,,,,,2025-01-30,
<NA>,,Special Repair of N.H. to Khasbara Simtamau Jagiapur Link Road (VR),,,,,,,,,,,,,,,,,,,,,,,,2025-01-30,
<NA>,,Special Repair of Tisah to Gudaila Link Road (VR),,,,,,,,,,,,,,,,,,,,,,,,2025-01-30,
<NA>,,Special Repair of N.H. to Khasbara Simtamau Jagiapur Link Road (VR),,,,,,,,,,,,,,,,,,,,,,,,2025-01-30,
<NA>,,Special Repair of N.H. to Khasbara Simtamau Jagiapur Link Road (VR),,,,,,,,,,,,,,,,,,,,,,,,2025-01-30,
<NA>,,Special Repair of Bhaupur to Naubasta Road in Km. 2(800) to 4(250),,,,,,,,,,,,,,,,,,,,,,,,2025-01-30,
<NA>,,Special Repair of Visayakpur to Pachgawan Road,,,,,,,,,,,,,,,,,,,,,,,,2025-01-30,
<NA>,,Special repair work of Chandapur Akbarpur Barui Road under BithoorAssembly Constituency (By Departmental Hot Mix Plant),,,,,,,,,,,,,,,,,,,,,,,,2025-01-30,
<NA>,,18 Reconstruction work at Hind Madrasa to Delhi Road in Distt Shamli in FY 2024-25 Sugar Mill Road,,,,,,,,,,,,,,,,,,,,,,,,2025-01-29,
<NA>,,Repair work of damaged culvert at Km 3 of Kharkhauda Mohiuddinpur Geja Siwalkhas road,,,,,,,,,,,,,,,,,,,,,,,,2025-01-25,
<NA>,,Widening and Strengthening of Anoopshahar Karanwas Rajghat Narora Ramghat Kalyansingh Road (ODR) Km. 1 to 16(650) Through FDR Technology,,,,,,,,,,,,,,,,,,,,,,,,2025-01-25,
<NA>,,Special repair of Shivali-Jadaul-Jadauli (ODR) road in Km 1(465),,,,,,,,,,,,,,,,,,,,,,,,2025-01-29,
<NA>,,Special repair of Bulandshahr-Syana-Garh road to Kenelki via Saidpura link road,,,,,,,,,,,,,,,,,,,,,,,,2025-01-22,
<NA>,,"2678/E Nivida/24-25/3A, Dt. 17.12.2024/Muzzafarnagar Saharanpur SH 59 marg se Khera Mugal Allhanpur Atlakheri hote hue uttrakhand seema tak marg odr sa ch 11.500 to 14.700 mai chodikaran evam sudhrikaran karya par thermoplastic paint se Road Marking",,,,,,,,,,,,,,,,,,,,,,,,2025-01-31,
<NA>,,"2678/E Nivida/24-25/3A, Dt. 17.12.2024/Muzzafarnagar Saharanpur SH 59 marg se Khera Mugal Allhanpur Atlakheri hote hue uttrakhand seema tak marg odr sa ch 11.500 to 14.700 mai chodikaran evam sudhrikaran karya par thermoplastic paint se Road Marking",,,,,,,,,,,,,,,,,,,,,,,,2025-01-31,
<NA>,,Special repair work of damaged causeway on Muzaffarabad block to Fakharpur Nawada Muzaffarpur road.,,,,,,,,,,,,,,,,,,,,,,,,2025-01-28,
<NA>,,Special repair work of damaged causeway on Muzaffarabad block to Fakharpur Nawada Muzaffarpur road.,,,,,,,,,,,,,,,,,,,,,,,,2025-01-28,
<NA>,,"2678/E Nivida/24-25/3A, Dt. 17.12.2024/Nanouta Deoband Manglore Marg se Service Road Hote Hue Muskipur Marg ODR marg ke ch 3.550 km se 8.880 tak chodikaran evam sudhrikaran karya par thermoplastic paint se Road Marking ka Karya",,,,,,,,,,,,,,,,,,,,,,,,2025-01-28,
<NA>,,"Special repair work in the populated part of Km 3, 13 and 15 of Satsara Bahlolpur Khanpur Titro Marg.",,,,,,,,,,,,,,,,,,,,,,,,2025-01-28,
<NA>,,Special repair work of Patni Sikri road from km 3 of Sarsawa Chilkana road.,,,,,,,,,,,,,,,,,,,,,,,,2025-01-28,
<NA>,,Special repair work of damaged causeway on Sabaripur to Aamwala road.,,,,,,,,,,,,,,,,,,,,,,,,2025-01-29,
<NA>,,Construction work of box culvert in place of narrow arch culvert located at km 217/3 of Delhi Yamnautri Road (State Road-57).,,,,,,,,,,,,,,,,,,,,,,,,2025-01-29,
<NA>,,Special repair work on Saharanpur Chilkana road to Balpur Dara Kotla Shahpur Kadim road.,,,,,,,,,,,,,,,,,,,,,,,,2025-01-28,
<NA>,,Construction work of 2/32/0 RCC box culvert in place of the damaged narrow culvert at km 20 of Sarsawa road from Km. 36 of old NH-73 (new NH-344) to Gagalhedi via Saharanpur.,,,,,,,,,,,,,,,,,,,,,,,,2025-01-30,
<NA>,,Construction work of 2/32/0 RCC box culvert in place of the damaged narrow culvert at km 20 of Sarsawa road from Km. 36 of old NH-73 (new NH-344) to Gagalhedi via Saharanpur.,,,,,,,,,,,,,,,,,,,,,,,,2025-01-30,
<NA>,,Special repair work on Majri Naugjapir road to Nawada road.,,,,,,,,,,,,,,,,,,,,,,,,2025-01-24,
<NA>,,Special repair work in the populated area in Km 034 of Fatehpur Muzaffarabad Kalsia.,,,,,,,,,,,,,,,,,,,,,,,,2025-01-24,
<NA>,,Special repair work on Pikki Devla Bijopura Bhojpur road from Janta Marg.,,,,,,,,,,,,,,,,,,,,,,,,2025-01-28,
<NA>,,Special repair work on Behat Shakumbhari road to Rampur Badkala road.,,,,,,,,,,,,,,,,,,,,,,,,2025-01-28,
<NA>,,Special repair work on Behat Shakumbhari road to Rampur Badkala road.,,,,,,,,,,,,,,,,,,,,,,,,2025-01-28,
<NA>,,Tn 3884/3A dated 30.12.2024 3. T-junction improvement work in Nawabganj Jailchungi Road (ODR) (Chainage 1.00) in district Saharanpur.,,,,,,,,,,,,,,,,,,,,,,,,2025-01-31,
<NA>,,Special Repair work on Ravidas Dham to Suli wala bag on purkaji baypas in purkaji kasba related of old NH-58.,,,,,,,,,,,,,,,,,,,,,,,,2025-01-31,
<NA>,,Special repair work on Behat Shakumbhari road to Rampur Badkala road.,,,,,,,,,,,,,,,,,,,,,,,,2025-01-31,
<NA>,,"T-junction and road safety work in km 26, 36, 41 and 46 of Fatehpur Muzaffarabad Kalsia road in Saharanpur district.",,,,,,,,,,,,,,,,,,,,,,,,2025-01-28,
<NA>,,"T-junction and road safety work in km 1, 6, 10, 13, 15 and 22 of Janata Marg in Saharanpur district.",,,,,,,,,,,,,,,,,,,,,,,,2025-01-28,
<NA>,,Repair work of the houses of PW-1 in the residential DM Colony located in District Bulandshahr,,,,,,,,,,,,,,,,,,,,,,,,2025-01-31,
<NA>,,Construction work of 2/33/0 box culvert and approach road in place of 5/1 damaged narrow slab culvert in km 5 of Fandpuri Islamnagar Titro Hangavali Rajwahe track,,,,,,,,,,,,,,,,,,,,,,,,2025-01-31,
<NA>,,Construction work of 2/33/0 box culvert and approach road in place of 5/1 damaged narrow slab culvert in km 5 of Fandpuri Islamnagar Titro Hangavali Rajwahe track,,,,,,,,,,,,,,,,,,,,,,,,2025-01-31,
<NA>,,Construction work of box culvert and access road in place of damaged narrow and dam culvert in km 2 of Chilkana Sarsawa Nakad road,,,,,,,,,,,,,,,,,,,,,,,,2025-01-31,
<NA>,,Construction work of box culvert and access road in place of damaged narrow and dam culvert in km 15 of Chilkana Sarsawa Nakad road,,,,,,,,,,,,,,,,,,,,,,,,2025-01-31,
<NA>,,Construction work of box culvert and access road in place of damaged narrow and dam culvert in km 2 of Chilkana Sarsawa Nakad road,,,,,,,,,,,,,,,,,,,,,,,,2025-01-31,
<NA>,,Construction work of box culvert and access road in place of damaged narrow and dam culvert in km 2 of Chilkana Sarsawa Nakad road,,,,,,,,,,,,,,,,,,,,,,,,2025-01-31,
<NA>,,Construction work of box culvert and approach road in place of damaged narrow slab culvert in km 19 of ODR road Fandpuri Islamnagar Titro Hangavali Rajwahe track,,,,,,,,,,,,,,,,,,,,,,,,2025-01-31,
<NA>,,Construction work of box culvert and approach road in place of damaged narrow slab culvert in km 35 of ODR road Fandpuri Islamnagar Titro Hangavali Rajwahe track,,,,,,,,,,,,,,,,,,,,,,,,2025-01-31,
<NA>,,Construction work of box culvert and access road in place of damaged RCC culvert at km 63 of Saharanpur Nakud Gangoh Thanabhawan MDR road,,,,,,,,,,,,,,,,,,,,,,,,2025-01-31,
<NA>,,"Renewal work from BC of Jahangirabad Aurangabad road (ODR) in Km 2(350), 6, 15, 16, 17",,,,,,,,,,,,,,,,,,,,,,,,2025-01-31,
<NA>,,Special Repair on Kakather madyia link road,,,,,,,,,,,,,,,,,,,,,,,,2025-01-31,
<NA>,,Special Repair on Peernagar to Tigri road,,,,,,,,,,,,,,,,,,,,,,,,2025-01-31,
<NA>,,Special Repair on Kakather madyia link road,,,,,,,,,,,,,,,,,,,,,,,,2025-01-31,
<NA>,,Special Repair on Nh-9 Simbhavli Rajpur Madiya to Mubarikpur Kaniya Kalyanpur via Mahamudpur raod,,,,,,,,,,,,,,,,,,,,,,,,2025-01-31,
<NA>,,"Renewal work from PC of Hasanpur Bangar link road in Km 1, 2(130)",,,,,,,,,,,,,,,,,,,,,,,,2025-01-31,
<NA>,,Widening and Strengthening of Rehariya to Sunderpur Via Padsar Road (ODR) Ch 0.000 to 14.000,,,,,,,,,,,,,,,,,,,,,,,,2025-01-30,
<NA>,,SR of Katari Gadanpur Ahara link road,,,,,,,,,,,,,,,,,,,,,,,,2025-01-31,
<NA>,,SR of Sakhapur Link Road in Distt Jaunpur,,,,,,,,,,,,,,,,,,,,,,,,2025-01-25,
<NA>,,Renewal work with General Repair of Amdaha Pokhara to Malwariya Link Road in Km 1 to 3(0-200),,,,,,,,,,,,,,,,,,,,,,,,2025-01-25,
<NA>,,"Laying of Interlocking from Jagroop house to Gaya Prasad house in village Ghatmapur, Block- Gondlamau",,,,,,,,,,,,,,,,,,,,,,,,2025-01-31,
<NA>,,Gram Kurahua me Interlocking Road ka nirman karya Part3. 405m.,,,,,,,,,,,,,,,,,,,,,,,,2025-01-30,
<NA>,,GRAM TITTARWADA MAI SALEEM PUTR MAHENDI HASAN KE MAKAN SE MANGE RAM SAINI KE KONE KI AOR CC ROAD NIRMAN KARYA,,,,,,,,,,,,,,,,,,,,,,,,2025-01-30,
<NA>,,GRAM TITTARWADA MAI SALEEM PUTR MAHENDI HASAN KE MAKAN SE MANGE RAM SAINI KE KONE KI AOR CC ROAD NIRMAN KARYA,,,,,,,,,,,,,,,,,,,,,,,,2025-01-30,
<NA>,,GRAM TITTARWADA MAI SALEEM PUTR MAHENDI HASAN KE MAKAN SE MANGE RAM SAINI KE KONE KI AOR CC ROAD NIRMAN KARYA,,,,,,,,,,,,,,,,,,,,,,,,2025-01-30,
<NA>,,GRAM TITTARWADA MAI SALEEM PUTR MAHENDI HASAN KE MAKAN SE MANGE RAM SAINI KE KONE KI AOR CC ROAD NIRMAN KARYA,,,,,,,,,,,,,,,,,,,,,,,,2025-01-30,
<NA>,,GRAM TITTARWADA MAI SALEEM PUTR MAHENDI HASAN KE MAKAN SE MANGE RAM SAINI KE KONE KI AOR CC ROAD NIRMAN KARYA,,,,,,,,,,,,,,,,,,,,,,,,2025-01-30,
<NA>,,Construction of Police Station Bela Sahaar Vidhuna Distt .Auraiya (U.P),,,,,,,,,,,,,,,,,,,,,,,,2025-01-31,
<NA>,,"INTERLOCKING ROAD FROM MAHESH VARMA HOUSE TO TOWARDS OF SANTI PLOT, VILLAGE SALL, BLOCK NAUHJHIL, MATHURA",,,,,,,,,,,,,,,,,,,,,,,,2025-01-30,
<NA>,,Construction of C.C. Road and Drain work in Vill. Rampura Gautiya at Sikandra Mansuri House to Hazi Rais House (Vidhayak Nidhi),,,,,,,,,,,,,,,,,,,,,,,,2025-01-30,
<NA>,,Construction of C.C. Road and Drain work in Vill. Rampura Gautiya at Sikandra Mansuri House to Hazi Rais House (Vidhayak Nidhi),,,,,,,,,,,,,,,,,,,,,,,,2025-01-30,
<NA>,,"Rehabilitation work of lining of the damaged part of the inner slope of left and right bank of the main western Gandak canal from km 18.900 to km 19.710, km 21.710 to km 22.360, km 23.800 to km 24.500 In district- Maharajganj",,,,,,,,,,,,,,,,,,,,,,,,2025-01-20,
<NA>,,"Restoration of damage lining of MWGC from km 60.500 to 60.700, km 63.900 to km 64.000, km 70.630 to km 71.000, km 73.500 to km 74.450 and km 74.700 to km 75.000 in district Kushinagar",,,,,,,,,,,,,,,,,,,,,,,,2025-01-20,
<NA>,,Construction of 33/11kv Substation (SSNo-01) In Sector-16 With Associated Line Phase-01 yea,,,,,,,,,,,,,,,,,,,,,,,,2025-01-21,
<NA>,,PATCH REPAIR OF VILLAGE ROAD AND OTHER MAINTENANCE WORK IN TUNDLA BLOCK IN FY 2024 25,,,,,,,,,,,,,,,,,,,,,,,,2025-01-21,
<NA>,,Special Repair work of Goverdhan Sonkh to nagla Tasiya road in Distt. Mathura,,,,,,,,,,,,,,,,,,,,,,,,2025-01-21,
<NA>,,Special Repair work of Goverdhan Sonkh to nagla Tasiya road in Distt. Mathura,,,,,,,,,,,,,,,,,,,,,,,,2025-01-21,
<NA>,,Special Repair work of Goverdhan Sonkh to nagla Tasiya road in Distt. Mathura,,,,,,,,,,,,,,,,,,,,,,,,2025-01-23,
<NA>,,Patch Repair work of VR Block Aaspur Devsara in District Pratapgarh,,,,,,,,,,,,,,,,,,,,,,,,2025-01-01,
<NA>,,Renewal of Muraini Bhoosoopur to Sangipur Atheha Link road (Year 2024-25) (Length 3.50Km) (12),,,,,,,,,,,,,,,,,,,,,,,,2025-01-01,
<NA>,,Patch repair work in VR various roads under AE-III work area.,,,,,,,,,,,,,,,,,,,,,,,,2025-01-01,
<NA>,,Patch Repair work of VR Block Aaspur Devsara in District Pratapgarh,,,,,,,,,,,,,,,,,,,,,,,,2025-01-01,
<NA>,,Patch repair work in VR various roads under AE-III work area.,,,,,,,,,,,,,,,,,,,,,,,,2025-01-01,
<NA>,,Dhampur Noorpur Road to Alinagar Palni Road,,,,,,,,,,,,,,,,,,,,,,,,2025-01-08,
<NA>,,General Repair with Renewal of Devnai Link Road,,,,,,,,,,,,,,,,,,,,,,,,2025-01-24,
<NA>,,Special Repair of Baunamau link road with Five year maintenance,,,,,,,,,,,,,,,,,,,,,,,,2025-01-15,
<NA>,,Road Restoration Work of Ayodhya Road to Dr Ram Manohar Lohia Chauraha to UPSRTC Karyashala Road Near Ram Manohar Lohia Hospital in Lucknow City,,,,,,,,,,,,,,,,,,,,,,,,2025-01-27,
<NA>,,Birsingh link road,,,,,,,,,,,,,,,,,,,,,,,,2025-01-15,
<NA>,,Special Repair of Baunamau link road with Five year maintenance,,,,,,,,,,,,,,,,,,,,,,,,2025-01-27,
<NA>,,Special Repair of SDNPDP road (SH-101) Km-63 to Tikonafarm link road Km-1 and 2(500),,,,,,,,,,,,,,,,,,,,,,,,2025-01-21,
<NA>,,Renewal of Ganga Bairaj Shuklaganj Road to Fatte Kheda link road with five year maintenance,,,,,,,,,,,,,,,,,,,,,,,,2025-01-27,
<NA>,,Road Signage work of Lucknow-Mohan Road to Fatehganj Narayanpur (ODR) Km-1 to 16(200),,,,,,,,,,,,,,,,,,,,,,,,2025-01-27,
<NA>,,Road Signage work of Gosaiganj-Bani-Mohan road(SH-136) Km-1(850) 2 3 4 5 6 7 8 9 and 10(270),,,,,,,,,,,,,,,,,,,,,,,,2025-01-20,
<NA>,,Road Signage work of Gosaiganj-Bani-Mohan road(SH-136) Km-11 12 13 14 15 16(776) 17 18 19 20 21 22 52(593) and 53(407),,,,,,,,,,,,,,,,,,,,,,,,2025-01-20,
<NA>,,"Renewal work of Nijampur se Sardarganj Link Road in Km 4,5(900),6,7(590)",,,,,,,,,,,,,,,,,,,,,,,,2025-01-30,
<NA>,,C/O Sarwandih link road ke km 2 sehda nala par kshatigrast puliya ke sthan par 3X4X4 Mtr ke Box Culvert in District Ghazipur,,,,,,,,,,,,,,,,,,,,,,,,2025-01-24,
<NA>,,Renewal of Mardanpur Harijan Basti Link Road,,,,,,,,,,,,,,,,,,,,,,,,2025-01-24,
<NA>,,Construction and Maintenance of Rattipur Purvi Anusuchit Basti Link Road Km-1(990),,,,,,,,,,,,,,,,,,,,,,,,2025-01-23,
<NA>,,Shahpur se Ramshala marg ke Km 1 me 700 ka 1000 avam 2 me Samanya Marammat ke Sath Navinikaran ka karya,,,,,,,,,,,,,,,,,,,,,,,,2025-01-23,
<NA>,,Pachavaniya se Sikandarpur marg via Dhanawal Kala marg ke Km 1 to 3 me 500 me Samanya Marammat ke Sath Navinikaran ka karya,,,,,,,,,,,,,,,,,,,,,,,,2025-01-23,
<NA>,,Widening and Strengthening of NH29 (Jangipur) to Subhakharpur-Aripur marg (ODR) in Distt Ghazipur. (With 5 year Maintenance),,,,,,,,,,,,,,,,,,,,,,,,2025-01-23,
<NA>,,NAGAR PANCHAYAT BAITALPUR KE WARD NO 15 ITWA MAI UCCHA PRATHAMIK VIDHYALAY MAI SMART CLASS EVAM FURNITURE KA NIRMAN KARY,,,,,,,,,,,,,,,,,,,,,,,,2025-01-30,
<NA>,,NAGAR PANCHAYAT BAITALPUR KE WARD NO 15 ITWA MAI UCCHA PRATHAMIK VIDHYALAY MAI SMART CLASS EVAM FURNITURE KA NIRMAN KARY,,,,,,,,,,,,,,,,,,,,,,,,2025-01-30,
<NA>,,krishna enclave colony me nali nirmaan karya,,,,,,,,,,,,,,,,,,,,,,,,2025-01-30,
<NA>,,jalkal compound me avashiya bhawan chat ka nirmaan karya,,,,,,,,,,,,,,,,,,,,,,,,2025-01-31,
<NA>,,krishna enclave colony me nali nirmaan karya,,,,,,,,,,,,,,,,,,,,,,,,2025-01-31,
<NA>,,Ward number 4 Madan Mohan Malviya Nagar Mein Sunil Tiwari ke Makan se Ajay Mishra ke Makan Hote Hue Anil Yadav ke Makan Tak Shishi Sadak Ka Karya,,,,,,,,,,,,,,,,,,,,,,,,2025-01-31,
<NA>,,Ward number 37 barvaliya Mein Bagaha Baba Road per Chunnilal ke Makan se Premchand Nishad ke Makan Hote Hue Sachin Jayaswal ke Makan Tak CC Sadak aur Nali ka Karya,,,,,,,,,,,,,,,,,,,,,,,,2025-01-22,
<NA>,,NAGAR PANCHAYAT BAITALPUR KE WARD NO 04 ME SHIVKUMAR KE MAKAN SE SAIFUL ANSARI KE MAKAN TAK SHIV PRASAD GOND KE MAKAN SE MAHESH PASWAN KE MAKAN TAK HIRA PRAJAPATI KE MAKAN SE RAVINDRA PRAJAPATI KE MAKAN TAK C C ROAD E V BICH ME NALI NIRMAN KARY,,,,,,,,,,,,,,,,,,,,,,,,2025-01-22,
<NA>,,NAGAR PANCHAYAT BAITALPUR KE WARD NO 09 ME VIBHUTI SINGH KE MAKAN SE RAM PRAVESH EVAM GOBARI SINGH KE MAKAN HOTE HUE DOCTOR YADAV KE MAKAN TAK CC ROAD EVAM NALI NIRMAN KARY,,,,,,,,,,,,,,,,,,,,,,,,2025-01-22,
<NA>,,Ward number 37 barvaliya Mein Bagaha Baba Road per Chunnilal ke Makan se Premchand Nishad ke Makan Hote Hue Sachin Jayaswal ke Makan Tak CC Sadak aur Nali ka Karya,,,,,,,,,,,,,,,,,,,,,,,,2025-01-22,
<NA>,,Ward number 30 Mohalla puraina Gata sankhya 50 ya 55 Mein Park ka Nirman Karya,,,,,,,,,,,,,,,,,,,,,,,,2025-01-22,
<NA>,,65/EDCB/2023-24,,,,,,,,,,,,,,,,,,,,,,,,2025-01-09,
<NA>,,65/EDCB/2023-24,,,,,,,,,,,,,,,,,,,,,,,,2025-01-09,
<NA>,,68/EDCB/2023-24,,,,,,,,,,,,,,,,,,,,,,,,2025-01-09,
<NA>,,98/EDCB/2023-24,,,,,,,,,,,,,,,,,,,,,,,,2025-01-09,
<NA>,,16/EDCB/2024-25,,,,,,,,,,,,,,,,,,,,,,,,2025-01-29,
<NA>,,31/EDCB/2024-25,,,,,,,,,,,,,,,,,,,,,,,,2025-01-29,
<NA>,,33/EDCB/2024-25,,,,,,,,,,,,,,,,,,,,,,,,2025-01-29,
<NA>,,42/EDCB/2024-25,,,,,,,,,,,,,,,,,,,,,,,,2025-01-15,
<NA>,,Gram Panchyat Atardhani me Baratsala Ka nirman karye.,,,,,,,,,,,,,,,,,,,,,,,,2025-01-15,
<NA>,,Gram Panchyat Atardhani me Baratsala Ka nirman karye.,,,,,,,,,,,,,,,,,,,,,,,,2025-01-15,
<NA>,,V.K Robertsganj ke gram pusauli me ajeet gupta ke ghar se pitha road tak cc road and nali ka nirman,,,,,,,,,,,,,,,,,,,,,,,,2025-01-15,
<NA>,,"Construction of New Modern Thana Administrative Building Firozabad, District Firozabad",,,,,,,,,,,,,,,,,,,,,,,,2025-01-15,
<NA>,,Construction Of Proposed Heritage Development Work from Shri Rangnath Ji Temple to Badi Bagichi At Vrindavan in Distt Mathura,,,,,,,,,,,,,,,,,,,,,,,,2025-01-15,
<NA>,,Construction Of Proposed Food Plaza At Vrindavan in Distt Mathura,,,,,,,,,,,,,,,,,,,,,,,,2025-01-15,
<NA>,,LOT-23,,,,,,,,,,,,,,,,,,,,,,,,2025-01-03,
<NA>,,LOT-23,,,,,,,,,,,,,,,,,,,,,,,,2025-01-03,
<NA>,,LOT-02,,,,,,,,,,,,,,,,,,,,,,,,2025-01-03,
<NA>,,LOT-20,,,,,,,,,,,,,,,,,,,,,,,,2025-01-03,
<NA>,,Canal Colony Banbasa mein avishthit antimleria Drain no- 03 L.B ke km. 0.500 se km. 1.300 ke Madhya Drain ke aantrik section kee Safai ke karya.,,,,,,,,,,,,,,,,,,,,,,,,2025-01-18,
<NA>,,Clearance of internal section of Baroli Drain from km 0.000 to 8.850 (Lot 02),,,,,,,,,,,,,,,,,,,,,,,,2025-01-18,
<NA>,,Clearance of internal section of Korokalan Drain from km 0.000 to 11.060 (Lot 03),,,,,,,,,,,,,,,,,,,,,,,,2025-01-18,
<NA>,,Clearance of internal section of Hasnapur Drain from km 0.000 to 13.870 (Lot 04),,,,,,,,,,,,,,,,,,,,,,,,2025-01-18,
<NA>,,Clearance of internal section of Kot Drain from km 0.000 to 5.430 (Lot 08),,,,,,,,,,,,,,,,,,,,,,,,2025-01-18,
<NA>,,"Cleacance of internal section of Gora drain from km 0.000 to 0.810, Madhavgang drain 0.000 to 1.000, Pittoli drain 0.00 to 0.650, Kamoliya drain 0.00 to 0.550, Sadila drain 0.00 to 1.300, Saspan drain 0.00 to 1.210 Jindana drain 0.00 to 2.000",,,,,,,,,,,,,,,,,,,,,,,,2025-01-18,
<NA>,,Replacement of 132 KV Damaged Jack Buses at 220KV S/S Naubasta Kanpur,,,,,,,,,,,,,,,,,,,,,,,,2025-01-08,
<NA>,,Replacement of 132 KV Damaged Jack Buses at 220KV S/S Naubasta Kanpur,,,,,,,,,,,,,,,,,,,,,,,,2025-01-08,
<NA>,,39/ETC-II(P)/2024-2025,,,,,,,,,,,,,,,,,,,,,,,,2025-01-08,
<NA>,,43/ETC-II(P)/2024-2025,,,,,,,,,,,,,,,,,,,,,,,,2025-01-08,
<NA>,,Repair and maintenance work of Officers residence of Takkar Road Agra,,,,,,,,,,,,,,,,,,,,,,,,2025-01-23,
<NA>,,"Renewal work with PC on Ole to Bypass road (VR) KM 1, 2 (200) in Distt. Mathura",,,,,,,,,,,,,,,,,,,,,,,,2025-01-23,
<NA>,,"Renewal work with PC on Nagla Ratu link road (VR) KM 1, 2, 3 (200) in Distt. Mathura",,,,,,,,,,,,,,,,,,,,,,,,2025-01-23,
<NA>,,CL GOSAINGANJ KATRA 15645,,,,,,,,,,,,,,,,,,,,,,,,2025-01-11,
<NA>,,CL KANAWAN 21494,,,,,,,,,,,,,,,,,,,,,,,,2025-01-11,
<NA>,,CL BHUSAULI TOAL-18366,,,,,,,,,,,,,,,,,,,,,,,,2025-01-11,
