Tender ID,tender_externalreference,tender_title,Work Description,Tender Category,Tender Type,Form of contract,Product Category,Is Multi Currency Allowed For BOQ,Allow Two Stage Bidding,Independent External Monitor/Remarks,Published Date,Pre Bid Meeting Date,Bid Validity(Days),Should Allow NDA Tender,Allow Preferential Bidder,Payment Mode,Bid Opening Date,Organisation Chain,location,Pincode,No of Bids Received,Tender Value in ₹,Bidder Name,Awarded Value,Status,Contract Date :,Department
2025_UPIDC_1083668_59,01/EE/2025-26,Silt Clearance/Scraping work of Lalpur Mr (Between km 0.00 to 3.700),Silt Clearance/Scraping work of Lalpur Mr (Between km 0.00 to 3.700),Works,Open Tender,Item Rate,Civil Works - Canal,No,No,NA ,07-Nov-2025 10:00 AM,NA ,90.0,No ,No,Online,14-Nov-2025 03:00 PM,"U P Irrigation Department (Civil)||Chief Engineer-Saryu Project-2, Gonda||Drainage Cirlce, Gonda||EE Chitaurgarh Dam Construction Division Balrampur",Tulsipur Balrampur,271210.0,2.0,"94,000",DEV PRAKASH TRIPATHI,"92,430",Accepted-AOC,06-Dec-2025,"U P Irrigation Department (Civil)||Chief Engineer-Saryu Project-2, Gonda||Drainage Cirlce, Gonda||EE Chitaurgarh Dam Construction Division Balrampur"
2025_YEIDA_1081634_7,YEA/OSD(M)/2025/316 DT-25/09/2025,Supply Installation Testing Commissioning of 20 mtr 30mtr High mast LED Light at Sector -22D Sector-29 Sector-32 Sector-33 and 60mtr road in front of SDS Township yea (WC-EM-02),Supply Installation Testing Commissioning of 20 mtr 30mtr High mast LED Light at Sector -22D Sector-29 Sector-32 Sector-33 and 60mtr road in front of SDS Township yea (WC-EM-02),Works,Open Tender,Item Rate,Electrical Works,No,No,NA ,10-Oct-2025 06:55 PM,NA ,90.0,No ,No,Online,05-Nov-2025 11:00 AM,Yamuna Expressway Industrial Development Authority,YAMUNA EXPRESSWAY INDUSTRIAL DEVELOPMENT AUTHORITY,201308.0,2.0,"45,47,429",M/s M B CONSTRUTION AND SUPPLIERS,"3,042,230",Rejected-Finance,31-Dec-2025,Yamuna Expressway Industrial Development Authority
2025_UPIDC_1080133_30,03/EE/IDK/2025-26,Naveenikaran karya of pachpokhara minor canal service road on left side from Km 5.760 to 7.975 for the year 2025-26,Naveenikaran karya of pachpokhara minor canal service road on left side from Km 5.760 to 7.975 for the year 2025-26,Works,Open Tender,Item Wise,Civil Works - Roads,No,No,NA ,20-Oct-2025 10:00 AM,NA ,90.0,No ,No,Online,25-Oct-2025 02:00 PM,"U P Irrigation Department (Civil)||Chief Engineer-Ram Ganga, Kanpur||Irrigation Works Circle, Aligarh||Irrigation Division Kasganj",Kasganj,207123.0,2.0,"31,00,000",AV Traders,"2,766,563.25",Rejected-Finance,08-Dec-2025,"U P Irrigation Department (Civil)||Chief Engineer-Ram Ganga, Kanpur||Irrigation Works Circle, Aligarh||Irrigation Division Kasganj"
2025_UPIDC_1094578_1,08/EE/2025-26/LOT_2,Construction of 3 No extra room for primary school at F Block Rehabilation colony Amwar,Construction of 3 No extra room for primary school at F Block Rehabilation colony Amwar.,Works,Open Tender,Item Wise,Civil Works,No,No,NA ,28-Nov-2025 03:00 PM,NA ,90.0,No ,No,Online,08-Dec-2025 03:00 PM,U P Irrigation Department (Civil)||Chief Engineer Kanhar Project- Mirzapur||Kanhar Construction Circle Pipri- Sonebhadra||Kanhar Construction Division II Pipri- Sonebhadra,Amwar Duddhi Sonbhadra,231208.0,2.0,,a.k. construction,"2,266,524.14",Rejected-AOC,01-Jan-2026,U P Irrigation Department (Civil)||Chief Engineer Kanhar Project- Mirzapur||Kanhar Construction Circle Pipri- Sonebhadra||Kanhar Construction Division II Pipri- Sonebhadra
2025_UPIDC_1083775_20,03/EE/2025-26,"Scraping Of Bed and side slope with jungle clearance of Devari mr from km 0.000 to 1.206,kukhudi mr from km 0.000 to 2.600 kanti mr first Mr from km 0.000 to2.312, kaitha mr Mr from km 0.000 to 1.500","Scraping Of Bed and side slope with jungle clearance of Devari mr from km 0.000 to 1.206,kukhudi mr from km 0.000 to 2.600 kanti mr first Mr from km 0.000 to2.312, kaitha mr Mr from km 0.000 to 1.500",Works,Open Tender,Item Rate,Civil Works - Canal,No,No,NA ,18-Oct-2025 01:00 PM,NA ,90.0,No ,No,Online,28-Oct-2025 11:00 AM,"U P Irrigation Department (Civil)||Chief Engineer-Sone, Varanasi||Irrigation Works Circle, Allahabad||TPCD, allahabad",PRAYAGRAJ,211001.0,2.0,"1,53,000",BPS CONSTRUCTION COMPANY,"130,274.5",Accepted-AOC,23-Dec-2025,"U P Irrigation Department (Civil)||Chief Engineer-Sone, Varanasi||Irrigation Works Circle, Allahabad||TPCD, allahabad"
2025_UPIDC_1083216_1,02 Date 08.10.2025 (Lot No-02),SILT CLEARANCE /SCRAPING AND JUNGLE CLEARANCE OF TARAUTI DY. FROM KM 0.000 TO KM 9.000,SILT CLEARANCE /SCRAPING AND JUNGLE CLEARANCE,Works,Open Tender,Item Rate,Civil Works,No,No,NA ,18-Oct-2025 10:00 AM,NA ,90.0,No ,No,Online,29-Oct-2025 03:00 PM,"U P Irrigation Department (Civil)||Chief Engineer-Sone, Varanasi||Irrigation Construction Circle, Varanasi||DPCD-2, ghazipur",GHZIPUR,233001.0,2.0,"4,14,000",M/S HARENDRA CONSTRUCTION,"400,853",Accepted-AOC,02-Dec-2025,"U P Irrigation Department (Civil)||Chief Engineer-Sone, Varanasi||Irrigation Construction Circle, Varanasi||DPCD-2, ghazipur"
2025_UPIDC_1081481_12,01/EE/2025-26,"Silt Clearance/Scraping between Km. 0.000 to Km. 2.400, Km. 2.700 to Km. 9.500 and Km. 10.200 to 11.300 of Husainabad Dy.","Silt Clearance/Scraping between Km. 0.000 to Km. 2.400, Km. 2.700 to Km. 9.500 and Km. 10.200 to 11.300 of Husainabad Dy.",Works,Open Tender,Item Rate,Civil Works - Canal,No,No,NA ,11-Oct-2025 04:00 PM,NA ,90.0,No ,No,Online,24-Oct-2025 03:00 PM,"U P Irrigation Department (Civil)||Chief Engineer-Saryu Project-2, Gonda||Drainage Cirlce, Gonda||SCD-4 Balrampur",Balrampur,271201.0,2.0,"4,74,000",M/S RAM KRISHAN MISHRA CONTRECTOR,"298,345",Rejected-Finance,22-Nov-2025,"U P Irrigation Department (Civil)||Chief Engineer-Saryu Project-2, Gonda||Drainage Cirlce, Gonda||SCD-4 Balrampur"
2025_UPIDC_1083393_20,01/EE/2025-26,Scraping of internal Section of Kalwari Minor. from km. 0.000 to km. 3.800,Scraping of internal Section of Kalwari Minor. from km. 0.000 to km. 3.800,Works,Open Tender,Item Rate,Civil Works - Canal,No,No,NA ,18-Oct-2025 10:00 AM,NA ,90.0,No ,No,Online,28-Oct-2025 03:00 PM,"U P Irrigation Department (Civil)||Chief Engineer-Saryu Project-2, Gonda||Drainage Cirlce, Gonda||SCD-3 Gonda",Siddharthnagar,272153.0,2.0,"70,000",M/S MISHRA CONSTRUCTION,"51,488.3",Rejected-Finance,15-Nov-2025,"U P Irrigation Department (Civil)||Chief Engineer-Saryu Project-2, Gonda||Drainage Cirlce, Gonda||SCD-3 Gonda"
2025_UPPRD_1073328_12,875/Nivida/ZP/2025-26 Date- 10-09-2025,Work No 12 Gram sabha koyalra Mubarakpur interlocking road se eidgah hote hue Chhedi ka purwa oor eet soling kary,Work No 12 Gram sabha koyalra Mubarakpur interlocking road se eidgah hote hue Chhedi ka purwa oor eet soling kary,Works,Open Tender,Percentage,Civil Works - Others,No,No,NA ,12-Sep-2025 12:00 PM,NA ,30.0,No ,No,Offline,17-Sep-2025 01:00 PM,Panchayati Raj Department||Zila Panchayat Amethi,Amethi,227409.0,2.0,"17,08,536",M/S ABHISHEK VIKRAM SINGH,"1,707,510.788",Rejected-Finance,29-Dec-2025,Panchayati Raj Department||Zila Panchayat Amethi
2025_UPIDC_1082813_6,03/EE/2025-26,AS PER TENDER NOTICE-03 LOT 06,SILT CLEARENCE/SCRAPING OF LAHI DY. FROM KM. 0.000 TO KM. 7.400 FOR THE YEAR 2025-26,Works,Open Tender,Item Rate,Civil Works - Canal,No,No,NA ,16-Oct-2025 11:00 AM,NA ,90.0,No ,No,Online,06-Nov-2025 03:00 PM,"U P Irrigation Department (Civil)||Chief Engineer-Sharda Sahayak, Lucknow||VII Circle Irrigation Works, Lucknow||EE SSK Division-28 Haidergarh",Haidergarh,225124.0,2.0,,m/s mohd zaheer,"374,131.88",Rejected-Finance,15-Nov-2025,"U P Irrigation Department (Civil)||Chief Engineer-Sharda Sahayak, Lucknow||VII Circle Irrigation Works, Lucknow||EE SSK Division-28 Haidergarh"
2025_UPPCL_1069342_1,27/ECCD-I/ 2025-26,MandR of Sewer Line in Res No D157and1 and D157and2 at D Block 32 LIG Staff Hydel Colony Lucknow,MandR of Sewer Line in Res No D157and1 and D157and2 at D Block 32 LIG Staff Hydel Colony Lucknow,Works,Open Tender,Percentage,Civil Works,No,No,NA ,25-May-2026 06:42 PM,NA ,120.0,No ,No,Offline,23-Sep-2025 03:30 PM,Uttar Pradesh Power Corporation Ltd.||SE Civil HQ Shakti Bhawan Extension||EE Civil HQ Attached to CE Civil 2||SE Civil HQ||EE ECCD Ist,LUCKNOW,226024.0,2.0,"79,791",M/S RAKESH ASSOCIATES,"72,649.76",Accepted-AOC,06-Dec-2025,Uttar Pradesh Power Corporation Ltd.||SE Civil HQ Shakti Bhawan Extension||EE Civil HQ Attached to CE Civil 2||SE Civil HQ||EE ECCD Ist
2025_UPIDM_1088663_1,20/LCDJ/EE/2025-26,Reconstruction of Jiledari Office of Ist Sub Division Lift Canal Division Jhansi at Tubewell Circle premise Gwalior Road District Jhansi,Reconstruction of Jiledari Office of Ist Sub Division Lift Canal Division Jhansi at Tubewell Circle premise Gwalior Road District Jhansi,Works,Open Tender,Item Rate,Civil Works,No,No,NA ,13-Nov-2025 10:00 AM,NA ,90.0,No ,No,Online,19-Nov-2025 02:00 PM,U P Irrigation Department (Mechanical)||Chief Engineer (Tubewell Centre)||Superintending Engineer(Tubewell) - Jhansi||Executive Engineer (LCD)-Jhansi,Jhansi,284001.0,2.0,"22,96,000",M/s BABU PRASAD TIWARI,"1,755,514",Accepted-AOC,15-Dec-2025,U P Irrigation Department (Mechanical)||Chief Engineer (Tubewell Centre)||Superintending Engineer(Tubewell) - Jhansi||Executive Engineer (LCD)-Jhansi
2025_UPIDC_1086698_10,04/AE-IV/2025-26,Earth Work in Silt Clearance/Scraping of Chhatwara Mr. from Km. 0.000 to Km. 1.700 and Tamauli Mr. from Km. 0.000 to Km. 1.000,Silt Clearance/Scraping,Works,Open Tender,Item Rate,Civil Works,No,No,NA ,30-Oct-2025 10:00 AM,NA ,90.0,No ,No,Online,07-Nov-2025 12:30 PM,"U P Irrigation Department (Civil)||Chief Engineer-Sharda Sahayak, Lucknow||XIV Circle Irrigation Works, Azamgarh||SSD-32, azamgarh",AZAMGARH,276001.0,2.0,"70,000",ANAND CONSTRUCTION,"34,424",Accepted-AOC,06-Dec-2025,"U P Irrigation Department (Civil)||Chief Engineer-Sharda Sahayak, Lucknow||XIV Circle Irrigation Works, Azamgarh||SSD-32, azamgarh"
2025_UPIDC_1079112_27,01/S.S.K-51/2025-26,REPAIRING WORK OF CROSS REGULATOR GATES AT KM 110.624 AND ESCAPE AT KM 110.598 OF JAUNPUR BRANCH,REPAIRING WORK OF CROSS REGULATOR GATES AT KM 110.624 AND ESCAPE AT KM 110.598 OF JAUNPUR BRANCH,Works,Open Tender,Item Rate,Civil Works,No,No,NA ,30-Oct-2025 03:00 PM,NA ,90.0,No ,No,Online,06-Nov-2025 03:00 PM,"U P Irrigation Department (Civil)||Chief Engineer-Sharda Sahayak, Lucknow||XVI Circle Irrigation Works, Pratapgargh||Sharda Sahayak Division 51 Pratapgarh",Pratapgarh,230001.0,2.0,"5,47,000",m/s ankur and brothers,"483,419.05",Rejected-Finance,22-Nov-2025,"U P Irrigation Department (Civil)||Chief Engineer-Sharda Sahayak, Lucknow||XVI Circle Irrigation Works, Pratapgargh||Sharda Sahayak Division 51 Pratapgarh"
2025_UPIDC_1086698_38,04/AE-IV/2025-26,Earth Work in Silt Clearance/Scraping of Devakapatti Mr. from Km. 0.000 to Km. 1.500 and Khalishpur Mr. from Km. 0.000 to Km. 2.650,Silt Clearance/Scraping,Works,Open Tender,Item Rate,Civil Works,No,No,NA ,13-Nov-2025 10:00 AM,NA ,90.0,No ,No,Online,19-Nov-2025 10:30 AM,"U P Irrigation Department (Civil)||Chief Engineer-Sharda Sahayak, Lucknow||XIV Circle Irrigation Works, Azamgarh||SSD-32, azamgarh",AZAMGARH,276001.0,2.0,"1,10,000",ANIL KUMAR YADAV,"70,086.87",Not Admitted-Fee/PreQual/Technical,23-Dec-2025,"U P Irrigation Department (Civil)||Chief Engineer-Sharda Sahayak, Lucknow||XIV Circle Irrigation Works, Azamgarh||SSD-32, azamgarh"
2025_UPIDC_1085704_3,03/EE/2025-26,Restoration of Canal Section of Taharpur Mr. from km. 0.000 to 3.600,Restoration of Canal Section of Taharpur Mr. from km. 0.000 to 3.600,Works,Open Tender,Item Wise,Civil Works - Canal,No,No,NA ,27-Oct-2025 10:00 AM,NA ,90.0,No ,No,Online,05-Nov-2025 02:00 PM,"U P Irrigation Department (Civil)||Chief Engineer-Eastern Ganga, Moradabad||EGCC Circle, Bijnore||EGCD-6, nazibabad",Najibabad,246763.0,2.0,"4,36,000",AARU ENTERPRISE,"265,819.4",Rejected-Technical,16-Dec-2025,"U P Irrigation Department (Civil)||Chief Engineer-Eastern Ganga, Moradabad||EGCC Circle, Bijnore||EGCD-6, nazibabad"
2025_UPIDC_1085704_27,03/EE/2025-26,Construction of Gul Crossing of Mankuwa Dy. at km. 2.850,Construction of Gul Crossing of Mankuwa Dy. at km. 2.850,Works,Open Tender,Item Wise,Civil Works - Canal,No,No,NA ,14-Nov-2025 09:50 AM,NA ,90.0,No ,No,Online,20-Nov-2025 03:00 PM,"U P Irrigation Department (Civil)||Chief Engineer-Eastern Ganga, Moradabad||EGCC Circle, Bijnore||EGCD-6, nazibabad",Najibabad,246763.0,2.0,"2,20,000",M/S GAJESH KUMAR,"218,858.7",Rejected-Finance,31-Dec-2025,"U P Irrigation Department (Civil)||Chief Engineer-Eastern Ganga, Moradabad||EGCC Circle, Bijnore||EGCD-6, nazibabad"
2025_UPPAN_1092045_1,"3575/PAN/ET/25-, DT. 19-11-2025",CONSTRUCTION OF 550.00 RM BOUNDARY WALL AT THANA PATHERAWA DISTT KUSHINAGAR U.P.,CONSTRUCTION OF 550.00 RM BOUNDARY WALL AT THANA PATHERAWA DISTT KUSHINAGAR U.P.,Works,Open Tender,Percentage,Civil Works,No,No,NA ,19-Nov-2025 02:00 PM,NA ,90.0,No ,No,Online,03-Dec-2025 11:30 AM,UP Police Awas Nigam Limited||UP Police Awas Nigam Ltd HQ Lucknow,THANA PATHERAWA DISTT KUSHINAGAR U.P.,274401.0,2.0,"89,77,000",M/S ALFAROOQUE CONSTRUCTION,"8,760,654.3",Not Admitted-Fee/PreQual/Technical,22-Dec-2025,UP Police Awas Nigam Limited||UP Police Awas Nigam Ltd HQ Lucknow
2025_UPIDC_1078690_36,03/EESNK1BANSI/2025-26,Silt Scraping and jungle clearance of Fulwariya minor from km. 0.000 to 5.915,Silt Scraping and jungle clearance of Fulwariya minor from km. 0.000 to 5.915,Works,Open Tender,Item Wise,Civil Works - Canal,No,No,NA ,04-May-2026 07:12 PM,NA ,90.0,No ,No,Online,13-Oct-2025 02:00 PM,"U P Irrigation Department (Civil)||Chief Engineer-Saryu Project-2, Gonda||Rapti CC Circle-2, Basti||SCD, bansi",SIDDHARTH NAGAR,272153.0,2.0,"2,56,000",AARADHYA ENTERPRISES,"216,272.09",Rejected-Finance,11-Dec-2025,"U P Irrigation Department (Civil)||Chief Engineer-Saryu Project-2, Gonda||Rapti CC Circle-2, Basti||SCD, bansi"
2025_UPPRD_1065171_8,244/Nivida/ZP/2025-26 Date- 22-07-2025,Work No 8 Gramsabha Gudri me sangapur pitch raod se pandey ka purwa tak lepan marammat,Work No 8 Gramsabha Gudri me sangapur pitch raod se pandey ka purwa tak lepan marammat,Works,Open Tender,Percentage,Civil Works - Others,No,No,NA ,18-Aug-2025 12:00 PM,NA ,30.0,No ,No,Offline,25-Aug-2025 02:30 PM,Panchayati Raj Department||Zila Panchayat Amethi,Amethi,227409.0,2.0,"7,33,045",HARI LAL PRAJAPATI,"732,311.955",Rejected-Finance,26-Dec-2025,Panchayati Raj Department||Zila Panchayat Amethi
2025_UPIDC_1080135_45,02/EE/2025-26,Road Renewal work on Pratapgarh dy from km. 14.770 to km. 15.200 on right Bank Service Road,Road Renewal work on Pratapgarh dy from km. 14.770 to km. 15.200 on right Bank Service Road,Works,Open Tender,Item Rate,Civil Works - Canal,No,No,NA ,11-Oct-2025 09:00 AM,NA ,30.0,No ,No,Online,16-Oct-2025 04:00 PM,"U P Irrigation Department (Civil)||Chief Engineer-Sharda Sahayak, Lucknow||XVI Circle Irrigation Works, Pratapgargh||ID, pratapgarh",pratapgarh,230001.0,2.0,"6,07,000",B V CONSTRUCTION COMPANY,"376,492.5",Rejected-Finance,21-Nov-2025,"U P Irrigation Department (Civil)||Chief Engineer-Sharda Sahayak, Lucknow||XVI Circle Irrigation Works, Pratapgargh||ID, pratapgarh"
2025_UPIDC_1078690_22,03/EESNK1BANSI/2025-26,SiltScraping and jungle clearance of Rithiya minor At km 0.000 to 7.000,SiltScraping and jungle clearance of Rithiya minor At km 0.000 to 7.000,Works,Open Tender,Item Wise,Civil Works - Canal,No,No,NA ,04-Oct-2025 10:00 AM,NA ,90.0,No ,No,Online,13-Oct-2025 02:00 PM,"U P Irrigation Department (Civil)||Chief Engineer-Saryu Project-2, Gonda||Rapti CC Circle-2, Basti||SCD, bansi",SIDDHARTH NAGAR,272153.0,2.0,"1,96,000",CHANDRIKA PRASAD THEKEDAR,"159,466.09",Accepted-AOC,11-Dec-2025,"U P Irrigation Department (Civil)||Chief Engineer-Saryu Project-2, Gonda||Rapti CC Circle-2, Basti||SCD, bansi"
2025_UPIDC_1081543_19,03/SE-6/2025-26,Lucknow shakha ke km 186.281 par puliya nav nirman ka karya,Lucknow shakha ke km 186.281 par puliya nav nirman ka karya,Works,Open Tender,Item Rate,Civil Works,No,No,NA ,10-Oct-2025 11:00 AM,13-Oct-2025 03:00 PM ,90.0,No ,No,Online,17-Oct-2025 03:00 PM,"U P Irrigation Department (Civil)||Chief Engineer-Sharda, Lucknow||VI Circle Irrigation Works, Lucknow",Lucknow,226010.0,2.0,"73,00,000",LINE COMMUNICATION,"5,342,229.054",Rejected-Finance,10-Dec-2025,"U P Irrigation Department (Civil)||Chief Engineer-Sharda, Lucknow||VI Circle Irrigation Works, Lucknow"
2025_UPIDC_1080758_8,03/EE/2025-26,Lot-09,Patching/Repairing of Canal Service Road from Km 1.950 to 8.450 of Jauhar Canal,Works,Open Tender,Item Rate,Civil Works,No,No,NA ,08-Oct-2025 11:00 AM,NA ,90.0,No ,No,Online,13-Oct-2025 12:00 PM,"U P Irrigation Department (Civil)||Chief Engineer-Ram Ganga, Kanpur||Irrigation Works Circle, Kanpur||ID, kanpur",Irrigation Division Kanpur Dehat,209311.0,2.0,"20,02,000",ANSHU TRADERS,"1,173,085",Rejected-Finance,08-Dec-2025,"U P Irrigation Department (Civil)||Chief Engineer-Ram Ganga, Kanpur||Irrigation Works Circle, Kanpur||ID, kanpur"
2025_UPIDC_1088427_94,01/AE/2025-26,Lot-34,Silt clearance and Scraping,Works,Open Tender,Item Rate,Civil Works,No,No,NA ,17-Nov-2025 11:00 AM,NA ,90.0,No ,No,Online,22-Nov-2025 11:00 AM,"U P Irrigation Department (Civil)||Chief Engineer-Sharda Sahayak, Lucknow||XIV Circle Irrigation Works, Azamgarh||SSD-23, azamgarh",Azamgarh,276001.0,2.0,,BITTU CONSTRUCTION,"106,553",Accepted-AOC,26-Dec-2025,"U P Irrigation Department (Civil)||Chief Engineer-Sharda Sahayak, Lucknow||XIV Circle Irrigation Works, Azamgarh||SSD-23, azamgarh"
2025_UPIDC_1084460_22,01/EE/2025-26,Earth work in silt clearance/Scarping of Singahi Dy form km 0.000 km 8.500,Earth work in silt clearance/Scarping of Singahi Dy form km 0.000 km 8.500,Works,Open Tender,Item Rate,Civil Works - Canal,No,No,NA ,06-Nov-2025 10:00 AM,NA ,90.0,No ,No,Online,12-Nov-2025 03:00 PM,"U P Irrigation Department (Civil)||Chief Engineer-Saryu Project-2, Gonda||Drainage Cirlce, Gonda||SCD-1 Balrampur",Balrampur,271201.0,2.0,"4,00,000",M/s Shiv Construction,"271,720.35",Rejected-Finance,02-Dec-2025,"U P Irrigation Department (Civil)||Chief Engineer-Saryu Project-2, Gonda||Drainage Cirlce, Gonda||SCD-1 Balrampur"
2025_UPPRD_1064082_157,240/Nivida/ZP/2025-26 Date- 22-07-2025,Work No 157 Gram sabha pathanpur ke poore Hajari chauhan me sanjay singh ke ghar se Banvasi basti tak nali nirman kary,Work No 157 Gram sabha pathanpur ke poore Hajari chauhan me sanjay singh ke ghar se Banvasi basti tak nali nirman kary,Works,Open Tender,Percentage,Civil Works - Others,No,No,NA ,11-Aug-2025 12:00 PM,NA ,90.0,No ,No,Offline,18-Aug-2025 02:30 PM,Panchayati Raj Department||Zila Panchayat Amethi,Amethi,227409.0,2.0,"6,62,745",M/S MAA SHARDA ENTERPRSIS,"661,684.294",Rejected-Finance,26-Dec-2025,Panchayati Raj Department||Zila Panchayat Amethi
2025_UPPRD_1064082_77,240/Nivida/ZP/2025-26 Date- 22-07-2025,Work No 77 Gram vyauremau ke sadipur me kshetr panchayat ke soling se minar pull tak eet- soling,Work No 77 Gram vyauremau ke sadipur me kshetr panchayat ke soling se minar pull tak eet- soling,Works,Open Tender,Percentage,Civil Works - Others,No,No,NA ,11-Aug-2025 12:00 PM,NA ,90.0,No ,No,Offline,18-Aug-2025 02:30 PM,Panchayati Raj Department||Zila Panchayat Amethi,Amethi,227409.0,2.0,"5,51,836",M/s KHURSHID CONSTRUCTION,"551,339.413",Accepted-AOC,16-Dec-2025,Panchayati Raj Department||Zila Panchayat Amethi
2025_UPIDC_1084626_1,01/EE/2025-26,Brick soling work from Km 17.700 to 19.100 of Belsar Rigauli bund on left bank of Rapti river in district Gorakhpur.,Brick soling work from Km 17.700 to 19.100 of Belsar Rigauli bund on left bank of Rapti river in district Gorakhpur.,Works,Open Tender,Item Wise,Civil Works - Roads,No,No,NA ,24-Oct-2025 09:00 AM,24-Oct-2025 10:00 AM ,90.0,No ,No,Online,31-Oct-2025 04:00 PM,"U P Irrigation Department (Civil)||Chief Engineer-Gandak, Gorakhpur||Gandak Flood Circle, Gorakhpur||DD, gorakhpur",campiearganj,273158.0,2.0,"31,70,000",M/S ADITYA CONSTRUCTION COMPANY,"2,404,500",Rejected-Finance,04-Dec-2025,"U P Irrigation Department (Civil)||Chief Engineer-Gandak, Gorakhpur||Gandak Flood Circle, Gorakhpur||DD, gorakhpur"
2025_UPJVN_1065631_1,T-06/EGD/MZN/2025-26,Supply and installation of Battery Bank at SPH and BPH.,"Supply, Installation, Testing and Commissioning of 02 Set of 24 V, 300 AH. Battery Bank ,Each set containing 12 Nos. of 2.0 V, 300 A.H. Lead acid cells along with wooden stand painted with acid proof paint at Salawa and Bhola Power House under EGD,",Works,Open Tender,Item Wise,Miscellaneous Works,No,No,NA ,14-Aug-2025 05:00 PM,NA ,180.0,No ,No,Offline,16-Sep-2025 12:00 PM,Uttar Pradesh Jal Vidyut Nigam Limited||Chief Engineer OM Lucknow||SE (Khara)||EE (EGD) Muzzafarnagar,Muzaffarnagar,251001.0,2.0,,AT Distributors,"482,328",Accepted-AOC,18-Dec-2025,Uttar Pradesh Jal Vidyut Nigam Limited||Chief Engineer OM Lucknow||SE (Khara)||EE (EGD) Muzzafarnagar
2025_UPIDC_1084460_36,01/EE/2025-26,Earth work in silt clearance and scraping of sitadwar Mr. from km. 0.000 to km. 8.200,Earth work in silt clearance and scraping of sitadwar Mr. from km. 0.000 to km. 8.200,Works,Open Tender,Item Rate,Civil Works - Canal,No,No,NA ,06-Nov-2025 10:00 AM,NA ,90.0,No ,No,Online,12-Nov-2025 03:00 PM,"U P Irrigation Department (Civil)||Chief Engineer-Saryu Project-2, Gonda||Drainage Cirlce, Gonda||SCD-1 Balrampur",Shrawasti,271805.0,2.0,"2,22,000",BANKE BIHARI CONTRACTOR & GENERAL ORDER SUPPLIERS,"221,534.62",Accepted-AOC,08-Dec-2025,"U P Irrigation Department (Civil)||Chief Engineer-Saryu Project-2, Gonda||Drainage Cirlce, Gonda||SCD-1 Balrampur"
2025_UPIDC_1087576_2,04/EE/SSK41/2025-26,SILT CLEARANCE OF INHUANA DY FROM KM 32.370 TO KM 42.400,SILT CLEARANCE OF INHUANA DY FROM KM 32.370 TO KM 42.400,Works,Open Tender,Item Rate,Civil Works - Canal,No,No,NA ,12-Nov-2025 10:00 AM,NA ,90.0,No ,No,Online,17-Nov-2025 02:00 PM,"U P Irrigation Department (Civil)||Chief Engineer-Sharda Sahayak, Lucknow||XVI Circle Irrigation Works, Pratapgargh||Sharda Sahayak Division 41 Amethi",Amethi,227409.0,2.0,"6,52,000",ALTRA CONST ASSOCIATES,"443,540.2",Accepted-AOC,26-Nov-2025,"U P Irrigation Department (Civil)||Chief Engineer-Sharda Sahayak, Lucknow||XVI Circle Irrigation Works, Pratapgargh||Sharda Sahayak Division 41 Amethi"
2025_UPPRD_1064082_88,240/Nivida/ZP/2025-26 Date- 22-07-2025,Work No 88 Gram panchayat Ramgarh me interlocking se vivek singh ke ghar tak C.C.,Work No 88 Gram panchayat Ramgarh me interlocking se vivek singh ke ghar tak C.C.,Works,Open Tender,Percentage,Civil Works - Others,No,No,NA ,11-Aug-2025 12:00 PM,NA ,90.0,No ,No,Offline,18-Aug-2025 02:30 PM,Panchayati Raj Department||Zila Panchayat Amethi,Amethi,227409.0,2.0,"9,42,386",HARISH KUMAR SINGH,"941,537.243",Rejected-Finance,17-Dec-2025,Panchayati Raj Department||Zila Panchayat Amethi
2025_UPIDC_1082915_5,03/EE/2025-2026,Re Tender Lot No.- 02 Silt clearance of Ganeshpur Minor from Km 0.000 to Km 9.200,Silt clearance of Ganeshpur Minor from Km 0.000 to Km 9.200,Works,Open Tender,Item Wise,Civil Works,No,No,NA ,31-Oct-2025 01:30 PM,NA ,90.0,No ,No,Online,06-Nov-2025 12:30 PM,"U P Irrigation Department (Civil)||Chief Engineer-Sharda Sahayak, Lucknow||XI Circle Irrigation Works, Faizabad||ID, faizabad",AYODHYA,224001.0,2.0,,M/S V.K. CONSTRUCTION,"360,386.9",Rejected-Finance,06-Dec-2025,"U P Irrigation Department (Civil)||Chief Engineer-Sharda Sahayak, Lucknow||XI Circle Irrigation Works, Faizabad||ID, faizabad"
2025_UPIDC_1085316_11,03/EE/2025-2026,Scraping in Internal Section of Rasoolpur Dy. from km 0.000 to km 8.000,Scraping in Internal Section of Rasoolpur Dy. from km 0.000 to km 8.000,Works,Open Tender,Item Rate,Civil Works - Canal,No,No,NA ,27-Oct-2025 10:00 AM,NA ,90.0,No ,No,Online,01-Nov-2025 01:00 PM,"U P Irrigation Department (Civil)||Chief Engineer-Sharda Sahayak, Lucknow||XVIII Circle Irrigation Works, Allahabad||SSD-39, allahabad",EESSK39 PRAYAGRAJ,211004.0,2.0,"3,93,000",RAJESH TRADERS,"271,487",Accepted-AOC,03-Dec-2025,"U P Irrigation Department (Civil)||Chief Engineer-Sharda Sahayak, Lucknow||XVIII Circle Irrigation Works, Allahabad||SSD-39, allahabad"
2025_UPIDC_1079911_26,02/E.E/2025-26,Silt Clearance of Amoghpur Mr. from km. 0.00 to 4.94 And Amroli Mr. from km.0.00 to 3.84 for Year 2025-26,Silt Clearance of Amoghpur Mr. from km. 0.00 to 4.94 And Amroli Mr. from km.0.00 to 3.84 for Year 2025-2,Works,Open Tender,Item Rate,Civil Works - Canal,No,No,NA ,25-Oct-2025 11:00 AM,NA ,90.0,No ,No,Online,31-Oct-2025 12:00 PM,"U P Irrigation Department (Civil)||Chief Engineer-Ram Ganga, Kanpur||II Circle Irrigation Works, Kanpur||ID, farrukhabad",FARRUKHABAD,209625.0,2.0,,M/S EKTA CONSTRUCTION,"203,695.38",Accepted-AOC,14-Nov-2025,"U P Irrigation Department (Civil)||Chief Engineer-Ram Ganga, Kanpur||II Circle Irrigation Works, Kanpur||ID, farrukhabad"
2025_UPIDC_1079911_32,02/E.E/2025-26,Silt clearance of jirau minor from km 0.000 to 3.220 jaisinghpur minor from km 0.00 to 3.790 and Ludhaiya minor from km 0.00 to 1.610 km for year 2025-26,Silt clearance of jirau minor from km 0.000 to 3.220 jaisinghpur minor from km 0.00 to 3.790 and Ludhaiya minor from km 0.00 to 1.610 km for year 2025-26,Works,Open Tender,Item Rate,Civil Works - Canal,No,No,NA ,01-Nov-2025 01:00 PM,NA ,90.0,No ,No,Online,07-Nov-2025 12:00 PM,"U P Irrigation Department (Civil)||Chief Engineer-Ram Ganga, Kanpur||II Circle Irrigation Works, Kanpur||ID, farrukhabad",FARRUKHABAD,209625.0,2.0,,M/S EKTA CONSTRUCTION,"144,038.07",Accepted-AOC,11-Nov-2025,"U P Irrigation Department (Civil)||Chief Engineer-Ram Ganga, Kanpur||II Circle Irrigation Works, Kanpur||ID, farrukhabad"
2025_UPIDC_1079274_9,01/EE/2025-26 DT. 26-09-2025,Silt clearance and Bed scrapping,silt clearance Between Km 0.000 to Km 15.000 and scraping between km 15.000 to km 19.800 on DERWA DY,Works,Open Tender,Item Rate,Civil Works - Canal,No,No,NA ,06-Oct-2025 10:00 AM,NA ,90.0,No ,No,Online,14-Oct-2025 02:00 PM,"U P Irrigation Department (Civil)||Chief Engineer-Gandak, Gorakhpur||Gandak IWC-1, Gorakhpur||ID-2, deoria",DERWA DY,274001.0,2.0,"8,81,499",ABHYUDAY TRADERS,"764,741.6",Rejected-Finance,03-Dec-2025,"U P Irrigation Department (Civil)||Chief Engineer-Gandak, Gorakhpur||Gandak IWC-1, Gorakhpur||ID-2, deoria"
2025_UPJNM_1084167_1,697 / Nivida / 69 dated 16-10-2025,"Arrangement of Electrician, Sweeper, Chlorine checking staff and Camp attandent at different Tubewell Locations Under Magh Mela 2025-26.","Arrangement of Electrician, Sweeper, Chlorine checking staff and Camp attandent at different Tubewell Locations Under Magh Mela 2025-26.",Services,Open Tender,Percentage,Manpower Supply,No,No,NA ,18-Oct-2025 06:30 PM,NA ,120.0,No ,No,Offline,04-Nov-2025 02:30 PM,"U P Jal Nigam (HQ), Lucknow||Chief Engineer (Allahabad)||SE, Yantrik Circle, Allahabad||PM, Ganga Pollution Control Unit (II) E-M, Alld",PRAYAGRAJ,211007.0,2.0,,Anil kumar pandey,"435,175",Accepted-AOC,01-Dec-2025,"U P Jal Nigam (HQ), Lucknow||Chief Engineer (Allahabad)||SE, Yantrik Circle, Allahabad||PM, Ganga Pollution Control Unit (II) E-M, Alld"
2025_YEIDA_1060688_8,YEA/OSD(M)/2025/279 DT-22/07/2025,"Providing street light at village Thusrana ,YEA","Providing street light at village Thusrana ,YEA",Works,Open Tender,Fixed-rate,Electrical Works,No,No,NA ,28-Jul-2025 06:55 PM,NA ,90.0,No ,No,Online,11-Aug-2025 11:00 AM,Yamuna Expressway Industrial Development Authority,YAMUNA EXPRESSWAY INDUSTRIAL DEVELOPMENT AUTHORITY,201310.0,2.0,"28,54,840",M/S AMAN ELECTRICALS,"2,249,328.44",Rejected-Finance,08-Dec-2025,Yamuna Expressway Industrial Development Authority
2025_UPIDC_1082969_1,15/SE/DCA/2025-26,Strengtheing of Right and Left Bank of Mat Branch Feeder from km. 37.950 to km. 47.400 and Kharanja work in district Aligarh,Strengtheing of Right and Left Bank of Mat Branch Feeder from km. 37.950 to km. 47.400 and Kharanja work in district Aligarh,Works,Open Tender,Item Wise,Civil Works - Canal,No,No,NA ,17-Oct-2025 02:00 PM,18-Oct-2025 01:00 PM ,90.0,No ,No,Online,27-Oct-2025 03:30 PM,"U P Irrigation Department (Civil)||Chief Engineer-Ganga, Meerut||Drainage Circle, Aligarh",ALIGARH,202001.0,2.0,"4,80,12,000",GSB DEVELOPERS PRIVATE LIMITED,"35,038,212",Rejected-Finance,03-Dec-2025,"U P Irrigation Department (Civil)||Chief Engineer-Ganga, Meerut||Drainage Circle, Aligarh"
2025_UPIDC_1088937_1,05/SE/2025-26,BRICK SOLING WORK AND RAINWATER CHUTES BETWEEN KM. 50.00 TO 60.00 ON LEFT BANK OF R.M.C. IN DISTRICT-BALRAMPUR,As Per Tender Notice,Works,Open Tender,Item Rate,Civil Works - Canal,No,No,NA ,12-Nov-2025 10:00 AM,NA ,90.0,No ,No,Online,29-Nov-2025 03:00 PM,"U P Irrigation Department (Civil)||Chief Engineer-Saryu Project-2, Gonda||Rapti CC Circle-1, Balrampur",Balrampur,271201.0,2.0,"2,66,07,000",AKANKSHA ASSOCIATES,"20,154,426.8",Rejected-Finance,29-Dec-2025,"U P Irrigation Department (Civil)||Chief Engineer-Saryu Project-2, Gonda||Rapti CC Circle-1, Balrampur"
2025_UPIDC_1081925_7,03/EE/2025-26,Restoration of Service Road of Devnari Mr from Km. 2.240 to Km. 3.640,Restoration of Service Road of Devnari Mr from Km. 2.240 to Km. 3.640,Works,Open Tender,Item Rate,Civil Works - Canal,No,No,NA ,28-Oct-2025 05:00 PM,NA ,90.0,No ,No,Online,04-Nov-2025 03:00 PM,U P Irrigation Department (Civil)||Chief Engineer ( Yamuna) Okhla||S E Irrigation Works Circle III Agra||E E Lower Division Agra Canal Agra,AGRA,282001.0,2.0,"24,57,000",K P CONSTRUCTIONS,"1,662,740.4",Rejected-Technical,24-Nov-2025,U P Irrigation Department (Civil)||Chief Engineer ( Yamuna) Okhla||S E Irrigation Works Circle III Agra||E E Lower Division Agra Canal Agra
2025_UPVDS_1092641_2,661/V.S./11/Vaya.ka./2025,Event Management for the organization of All India Presiding Officers and Secretaries Conference-2026,As Per TOR,Services,Open Tender,Turn-key,Miscellaneous Services,No,No,NA ,02-Dec-2025 06:45 PM,NA ,90.0,No ,No,Offline,08-Dec-2025 05:00 PM,UP Vidhansabha,"Uttar Pradesh Vidhan Sabha, Lucknow",226001.0,2.0,,Anahita Hospitality LLP,"88,382,000",Accepted-AOC,11-Dec-2025,UP Vidhansabha
2025_UPIDC_1082147_43,03/EE/2025-26,SILT CLEARANCE AND SCRAPPING IN REHUWA MINOR FROM 0.000 KM TO 7.500 KM,SILT CLEARANCE AND SCRAPPING IN REHUWA MINOR FROM 0.000 KM TO 7.500 KM,Works,Open Tender,Item Rate,Civil Works - Canal,No,No,NA ,13-Oct-2025 09:00 AM,NA ,90.0,No ,No,Online,18-Oct-2025 04:30 PM,"U P Irrigation Department (Civil)||Chief Engineer-Saryu Project-1, Faizabad||Irrigation Construction Circle, Bahraich||SCD-1, bahraich",Bahraich,271801.0,2.0,"3,52,000",ANSHI VIDHI CONSTRUCTIONS,"270,528.4",Rejected-Finance,14-Nov-2025,"U P Irrigation Department (Civil)||Chief Engineer-Saryu Project-1, Faizabad||Irrigation Construction Circle, Bahraich||SCD-1, bahraich"
2025_UPIDC_1082147_42,03/EE/2025-26,SILT CLEARANCE AND SCRAPPING IN SIPAHIYAPYULI MINOR FROM 0.000 KM TO 6.500 KM,SILT CLEARANCE AND SCRAPPING IN SIPAHIYAPYULI MINOR FROM 0.000 KM TO 6.500 KM,Works,Open Tender,Item Rate,Civil Works - Canal,No,No,NA ,13-Oct-2025 09:00 AM,NA ,90.0,No ,No,Online,18-Oct-2025 04:30 PM,"U P Irrigation Department (Civil)||Chief Engineer-Saryu Project-1, Faizabad||Irrigation Construction Circle, Bahraich||SCD-1, bahraich",Bahraich,271801.0,2.0,"3,04,000",ANSHI VIDHI CONSTRUCTIONS,"300,426.16",Rejected-Finance,14-Nov-2025,"U P Irrigation Department (Civil)||Chief Engineer-Saryu Project-1, Faizabad||Irrigation Construction Circle, Bahraich||SCD-1, bahraich"
2025_UPTCL_1072931_1,31/ETC-II(P)/2025-2026,31/ETC-II(P)/2025-2026,"Transformer oil sample collection, testing at various sub stations, under ETD-II, ETD-III Prayagraj.",Works,Open Tender,Item Rate,Electrical Works,No,No,NA ,11-Sep-2025 09:00 AM,NA ,120.0,No ,No,Offline,25-Sep-2025 01:00 PM,UP Power Transmission Corp.Ltd (Operation)||Chief Engineer (TE) East Allahabad||S.E. ETC-II Allahabad,"ETD-II, III PRAYAGRAJ",211002.0,2.0,"1,29,600",Shree Heramb Test Lab (OPC) Pvt. Ltd.,"117,936",Not Admitted-Fee/PreQual/Technical,27-Nov-2025,UP Power Transmission Corp.Ltd (Operation)||Chief Engineer (TE) East Allahabad||S.E. ETC-II Allahabad
2025_UPPRD_1065171_16,244/Nivida/ZP/2025-26 Date- 22-07-2025,Work No 16 Primary pathsala Rambakshgarh se Jaunpur Branch tak lepan anurakshan kary,Work No 16 Primary pathsala Rambakshgarh se Jaunpur Branch tak lepan anurakshan kary,Works,Open Tender,Percentage,Civil Works - Others,No,No,NA ,18-Aug-2025 12:00 PM,NA ,30.0,No ,No,Offline,25-Aug-2025 02:30 PM,Panchayati Raj Department||Zila Panchayat Amethi,Amethi,227409.0,2.0,"18,96,452",M/S SHARDA CONSTRUCTION,"1,893,436.135",Rejected-Finance,26-Dec-2025,Panchayati Raj Department||Zila Panchayat Amethi
2025_UPIDC_1082718_2,1649/2025-26 Dt. 06-10-2025 T.N.No-02/EE/2025-26,Lot 11 Retender E/W in Silt Clearance and Scrapping in Aharaulla Dy. From Km.0.000 to km. 9.200,Lot 11 Retender E/W in Silt Clearance and Scrapping in Aharaulla Dy. From Km.0.000 to km. 9.200,Works,Open Tender,Item Rate,Civil Works - Canal,No,No,NA ,05-Nov-2025 10:00 AM,NA ,90.0,No ,No,Online,10-Nov-2025 01:00 PM,"U P Irrigation Department (Civil)||Chief Engineer-Sharda Sahayak, Lucknow||XI Circle Irrigation Works, Faizabad||IDT, akbarpur",Ambedkarnagar,224122.0,2.0,"12,25,000",Ms A S Construction,"538,030",Accepted-AOC,15-Nov-2025,"U P Irrigation Department (Civil)||Chief Engineer-Sharda Sahayak, Lucknow||XI Circle Irrigation Works, Faizabad||IDT, akbarpur"
2025_UPIDC_1085665_23,02/AE-I/2025-26,Earth Work in Silt Clearance and Scraping of Raisingpur Mr. from Km. 0.000 to Km. 9.800,Silt Clearance and Scraping,Works,Open Tender,Item Rate,Civil Works,No,No,NA ,27-Oct-2025 10:00 AM,NA ,90.0,No ,No,Online,03-Nov-2025 12:30 PM,"U P Irrigation Department (Civil)||Chief Engineer-Sharda Sahayak, Lucknow||XIV Circle Irrigation Works, Azamgarh||SSD-32, azamgarh",AZAMGARH,276001.0,2.0,"1,67,000",Ms A S Construction,"124,122.24",Rejected-Finance,28-Nov-2025,"U P Irrigation Department (Civil)||Chief Engineer-Sharda Sahayak, Lucknow||XIV Circle Irrigation Works, Azamgarh||SSD-32, azamgarh"
2025_UPIDC_1081925_6,03/EE/2025-26,Restoration of Service Road of Narol Mr from Km. 0.000 to Km. 1.400,Restoration of Service Road of Narol Mr from Km. 0.000 to Km. 1.400,Works,Open Tender,Item Rate,Civil Works - Canal,No,No,NA ,28-Oct-2025 05:00 PM,NA ,90.0,No ,No,Online,04-Nov-2025 03:00 PM,U P Irrigation Department (Civil)||Chief Engineer ( Yamuna) Okhla||S E Irrigation Works Circle III Agra||E E Lower Division Agra Canal Agra,AGRA,282001.0,2.0,"21,82,000",M/s OMVEER SINGH CONTRACTOR,"1,547,454",Rejected-AOC,24-Nov-2025,U P Irrigation Department (Civil)||Chief Engineer ( Yamuna) Okhla||S E Irrigation Works Circle III Agra||E E Lower Division Agra Canal Agra
2025_UPIDC_1079274_8,01/EE/2025-26 DT. 26-09-2025,Silt clearance,silt clearance between Km 0.000 to Km 14.500 of Sukrauli Dy,Works,Open Tender,Item Rate,Civil Works - Canal,No,No,NA ,06-Oct-2025 10:00 AM,NA ,90.0,No ,No,Online,14-Oct-2025 02:00 PM,"U P Irrigation Department (Civil)||Chief Engineer-Gandak, Gorakhpur||Gandak IWC-1, Gorakhpur||ID-2, deoria",Sukrauli Dy,274001.0,2.0,"5,84,592",SHRI HARI NARAYAN TRIPATHI,"408,906.72",Rejected-Finance,03-Dec-2025,"U P Irrigation Department (Civil)||Chief Engineer-Gandak, Gorakhpur||Gandak IWC-1, Gorakhpur||ID-2, deoria"
2025_UPIDC_1078505_94,01/EE/2025-26,SILT CLEARANCE OFLAHURADEVA MR. BETWEEN KM. 0.000 TO KM. 2.240,SILT CLEARANCE OF LAHURADEVA MR. BETWEEN KM. 0.000 TO KM. 2.240,Works,Open Tender,Item Rate,Civil Works,No,No,NA ,22-Oct-2025 04:00 PM,NA ,90.0,No ,No,Online,28-Oct-2025 03:00 PM,"U P Irrigation Department (Civil)||Chief Engineer-Saryu Project-2, Gonda||Irrigation Construction Circle, Basti||SCD Khaliabad",sant kabir nagar,272175.0,2.0,"47,325",M/S AMIT KUMAR SINGH,"41,939.65",Accepted-AOC,01-Dec-2025,"U P Irrigation Department (Civil)||Chief Engineer-Saryu Project-2, Gonda||Irrigation Construction Circle, Basti||SCD Khaliabad"
2025_UPIDC_1079911_33,02/E.E/2025-26,Silt clearance of Rajpalpur minor from km 0.000 to 2.950 Jyuni minor from km 0.00 to 3.420 and Kanasi minor from km 0.00 to 3.820 km for year 2025-26,Silt clearance of Rajpalpur minor from km 0.000 to 2.950 Jyuni minor from km 0.00 to 3.420 and Kanasi minor from km 0.00 to 3.820 km for year 2025-26,Works,Open Tender,Item Rate,Civil Works - Canal,No,No,NA ,01-Nov-2025 01:00 PM,NA ,90.0,No ,No,Online,07-Nov-2025 12:00 PM,"U P Irrigation Department (Civil)||Chief Engineer-Ram Ganga, Kanpur||II Circle Irrigation Works, Kanpur||ID, farrukhabad",FARRUKHABAD,209625.0,2.0,,M/S EKTA CONSTRUCTION,"163,269.24",Accepted-AOC,15-Nov-2025,"U P Irrigation Department (Civil)||Chief Engineer-Ram Ganga, Kanpur||II Circle Irrigation Works, Kanpur||ID, farrukhabad"
2025_UPPRC_1079064_1,68/UPPCL/GM-1/2025-26/E-TENDER Dated-23.09.2025,"Development of Azad Park and Dekho Prayagraj Trails Experience in Prayagraj, Uttar Pradesh under Swadesh Darshan Scheme.","Development of Azad Park and Dekho Prayagraj Trails Experience in Prayagraj, Uttar Pradesh under Swadesh Darshan Scheme.",Works,Open Tender,Item Rate,Civil Works - Others,No,No,NA ,30-Sep-2025 06:55 PM,NA ,90.0,No ,No,Online,06-Oct-2025 03:00 PM,U.P. Projects Corporation Ltd.||U.P. Projects Corp. Ltd.(MD)||Zone-1 Allahabad,Prayagraj,211001.0,2.0,"11,12,41,000",Innovatiview India Limited,"130,682,000",Accepted-AOC,05-Dec-2025,U.P. Projects Corporation Ltd.||U.P. Projects Corp. Ltd.(MD)||Zone-1 Allahabad
2025_UPIDC_1079911_27,02/E.E/2025-26,Silt Clearance of Rudayan Minor from km. 0.000 to 6.230 and Vijaypur Minor from km. 0.000 to 3.32 for the Year 2025-26,Silt Clearance of Rudayan Minor from km. 0.000 to 6.230 and Vijaypur Minor from km. 0.000 to 3.32 for the Year 2025-26,Works,Open Tender,Item Rate,Civil Works - Canal,No,No,NA ,25-Oct-2025 11:00 AM,NA ,90.0,No ,No,Online,31-Oct-2025 12:00 PM,"U P Irrigation Department (Civil)||Chief Engineer-Ram Ganga, Kanpur||II Circle Irrigation Works, Kanpur||ID, farrukhabad",FARRUKHABAD,209625.0,2.0,,M/S EKTA CONSTRUCTION,"168,196.55",Accepted-AOC,14-Nov-2025,"U P Irrigation Department (Civil)||Chief Engineer-Ram Ganga, Kanpur||II Circle Irrigation Works, Kanpur||ID, farrukhabad"
2025_UPIDC_1086898_2,03/EE/SSK41/2025-26,Silt Clearance of Richhaura Distributary from Km.0.000 to km 9.772,Silt Clearance of Richhaura Distributary from Km.0.000 to km 9.772,Works,Open Tender,Item Rate,Civil Works - Canal,No,No,NA ,07-Nov-2025 11:00 AM,NA ,90.0,No ,No,Online,12-Nov-2025 03:00 PM,"U P Irrigation Department (Civil)||Chief Engineer-Sharda Sahayak, Lucknow||XVI Circle Irrigation Works, Pratapgargh||Sharda Sahayak Division 41 Amethi",Amethi,227409.0,2.0,"4,76,000",M/S VINDHA PRASAD DUBEY,"400,173.9",Rejected-Finance,22-Nov-2025,"U P Irrigation Department (Civil)||Chief Engineer-Sharda Sahayak, Lucknow||XVI Circle Irrigation Works, Pratapgargh||Sharda Sahayak Division 41 Amethi"
2025_UPIDC_1082522_1,01/EE/2025-26,Silt clearance work of Kothipur Dy. from km. 0.000 to km. 18.363,Silt clearance,Works,Open Tender,Item Rate,Civil Works - Canal,No,No,NA ,14-Oct-2025 02:00 PM,NA ,90.0,No ,No,Online,21-Oct-2025 03:00 PM,"U P Irrigation Department (Civil)||Chief Engineer-Ram Ganga, Kanpur||Irrigation Works Circle, Etawah||ID, auriya",Silt clearance work of Kothipur Dy. from km. 0.000,206244.0,2.0,"8,66,000",HIMNSHU TRADERS,"494,670",Rejected-Finance,14-Nov-2025,"U P Irrigation Department (Civil)||Chief Engineer-Ram Ganga, Kanpur||Irrigation Works Circle, Etawah||ID, auriya"
2025_UPPRD_1064082_89,240/Nivida/ZP/2025-26 Date- 22-07-2025,Work No 89 Gram panchayat Gorakhapur me Amethi Kithawar pitch marg se Bhemaura gao ki oor C.C.,Work No 89 Gram panchayat Gorakhapur me Amethi Kithawar pitch marg se Bhemaura gao ki oor C.C.,Works,Open Tender,Percentage,Civil Works - Others,No,No,NA ,11-Aug-2025 12:00 PM,NA ,90.0,No ,No,Offline,18-Aug-2025 02:30 PM,Panchayati Raj Department||Zila Panchayat Amethi,Amethi,227409.0,2.0,"11,80,736",HARISH KUMAR SINGH,"1,179,673.308",Rejected-Finance,17-Dec-2025,Panchayati Raj Department||Zila Panchayat Amethi
2025_UPIDC_1091307_1,09/SE/2025-26,Construction of VRB (Box Culvert) at Km 3.450 of Jait Minor.,Construction of VRB (Box Culvert) at Km 3.450 of Jait Minor.,Works,Open Tender,Item Rate,Civil Works,No,No,NA ,17-Nov-2025 11:15 AM,19-Nov-2025 01:00 PM ,90.0,No ,No,Online,22-Nov-2025 03:00 PM,U P Irrigation Department (Civil)||Chief Engineer ( Yamuna) Okhla||S E Irrigation Works Circle III Agra,Mathura,281001.0,2.0,"51,91,000",LANDMARK INFRA PROJECTS,"3,869,546.94",Rejected-Finance,15-Dec-2025,U P Irrigation Department (Civil)||Chief Engineer ( Yamuna) Okhla||S E Irrigation Works Circle III Agra
2025_UPIDC_1084460_37,01/EE/2025-26,Earth work in silt clearance/Scarping of Nejabhar Mr. form km 0.000 km 7.700,Earth work in silt clearance/Scarping of Nejabhar Mr. form km 0.000 km 7.700,Works,Open Tender,Item Rate,Civil Works - Canal,No,No,NA ,06-Nov-2025 10:00 AM,NA ,90.0,No ,No,Online,12-Nov-2025 03:00 PM,"U P Irrigation Department (Civil)||Chief Engineer-Saryu Project-2, Gonda||Drainage Cirlce, Gonda||SCD-1 Balrampur",Bahraich,271801.0,2.0,"2,01,000",M P Traders,"199,338.16",Rejected-AOC,11-Dec-2025,"U P Irrigation Department (Civil)||Chief Engineer-Saryu Project-2, Gonda||Drainage Cirlce, Gonda||SCD-1 Balrampur"
2025_UPIDC_1084460_23,01/EE/2025-26,Earth work in silt clearance/Scrapping Work of Farenda Dy. from km 0.000 to 8.000,Earth work in silt clearance/Scrapping Work of Farenda Dy. from km 0.000 to 8.000,Works,Open Tender,Item Rate,Civil Works - Canal,No,No,NA ,06-Nov-2025 10:00 AM,NA ,90.0,No ,No,Online,12-Nov-2025 03:00 PM,"U P Irrigation Department (Civil)||Chief Engineer-Saryu Project-2, Gonda||Drainage Cirlce, Gonda||SCD-1 Balrampur",Balrampur,271201.0,2.0,"3,83,000",M/S SANTOSH KUMAR CONTRECTOR AND GENRERAL,"260,309.1",Not Admitted-Fee/PreQual/Technical,02-Dec-2025,"U P Irrigation Department (Civil)||Chief Engineer-Saryu Project-2, Gonda||Drainage Cirlce, Gonda||SCD-1 Balrampur"
2025_UPPRC_1074078_2,45/UPPCL/GM-7/E-TENDER/2025-26 Dated-12.09.2025,Arrangement of Fire Fighting Works at Lokbandhu Rajnarayan Combined Hospital Lucknow (U.P.),Arrangement of Fire Fighting Works at Lokbandhu Rajnarayan Combined Hospital Lucknow (U.P.),Works,Open Tender,Percentage,Miscellaneous Works,No,No,NA ,19-Sep-2025 01:00 PM,NA ,90.0,No ,No,Online,03-Oct-2025 04:00 PM,U.P. Projects Corporation Ltd.||U.P. Projects Corp. Ltd.(MD)||Zone-7 Lucknow,Lokbandhu Rajnarayan Combined Hospital Lucknow,226012.0,2.0,"2,25,15,000",ACE INFRATECH,"22,055,901.04",Accepted-AOC,13-Dec-2025,U.P. Projects Corporation Ltd.||U.P. Projects Corp. Ltd.(MD)||Zone-7 Lucknow
2025_UPIDC_1078690_23,03/EESNK1BANSI/2025-26,SiltScraping and jungle clearance of Nashirganj Minor at km 0.000 to 2.400,SiltScraping and jungle clearance of Nashirganj Minor at km 0.000 to 2.400,Works,Open Tender,Item Wise,Civil Works - Canal,No,No,NA ,04-Oct-2025 10:00 AM,NA ,90.0,No ,No,Online,13-Oct-2025 02:00 PM,"U P Irrigation Department (Civil)||Chief Engineer-Saryu Project-2, Gonda||Rapti CC Circle-2, Basti||SCD, bansi",SIDDHARTH NAGAR,272153.0,2.0,"47,000",M/S RAJKUMAR THEKEDAR,"46,856.63",Accepted-AOC,11-Dec-2025,"U P Irrigation Department (Civil)||Chief Engineer-Saryu Project-2, Gonda||Rapti CC Circle-2, Basti||SCD, bansi"
2025_UPIDC_1088427_95,01/AE/2025-26,Lot-35,Silt clearance and Scraping,Works,Open Tender,Item Rate,Civil Works,No,No,NA ,17-Nov-2025 11:00 AM,NA ,90.0,No ,No,Online,22-Nov-2025 11:00 AM,"U P Irrigation Department (Civil)||Chief Engineer-Sharda Sahayak, Lucknow||XIV Circle Irrigation Works, Azamgarh||SSD-23, azamgarh",Azamgarh,276001.0,2.0,,BITTU CONSTRUCTION,"144,588",Rejected-Finance,29-Dec-2025,"U P Irrigation Department (Civil)||Chief Engineer-Sharda Sahayak, Lucknow||XIV Circle Irrigation Works, Azamgarh||SSD-23, azamgarh"
2025_UPIDC_1080758_9,03/EE/2025-26,Lot-10,Patching/Repairing of Canal Service Road from Km 1.900 to 4.400 of Bansai Minor,Works,Open Tender,Item Rate,Civil Works,No,No,NA ,08-Oct-2025 11:00 AM,NA ,90.0,No ,No,Online,13-Oct-2025 12:00 PM,"U P Irrigation Department (Civil)||Chief Engineer-Ram Ganga, Kanpur||Irrigation Works Circle, Kanpur||ID, kanpur",Irrigation Division Kanpur Dehat,209311.0,2.0,"7,71,000",M/S MAA VAISHNO CONSTRUCTION,"522,199.95",Rejected-Finance,08-Dec-2025,"U P Irrigation Department (Civil)||Chief Engineer-Ram Ganga, Kanpur||Irrigation Works Circle, Kanpur||ID, kanpur"
2025_UPIDC_1083623_1,01/EE/SNK-6/2025-26,"Silt Clearance and Bed, Berm and inner slope Scraping from Km. 0.000 to 12.100 of Motipur Dy.","Silt Clearance and Bed, Berm and inner slope Scraping from Km. 0.000 to 12.100 of Motipur Dy.",Works,Open Tender,Item Rate,Civil Works,No,No,NA ,18-Oct-2025 10:00 AM,NA ,90.0,No ,No,Online,27-Oct-2025 02:00 PM,"U P Irrigation Department (Civil)||Chief Engineer-Saryu Project-1, Faizabad||IX Circle Irrigation Works, Bahraich||SCD-6, bahraich",BALRAMPUR,271201.0,2.0,,RAJESH KUMAR MISHRA,"299,181",Rejected-Finance,21-Nov-2025,"U P Irrigation Department (Civil)||Chief Engineer-Saryu Project-1, Faizabad||IX Circle Irrigation Works, Bahraich||SCD-6, bahraich"
2025_UPPRD_1065171_9,244/Nivida/ZP/2025-26 Date- 22-07-2025,Work No 9 Gram panchayat katra phoolkuwar me Amethi- Durgapur marg se parsauli tal avashesh lepan marammat,Work No 9 Gram panchayat katra phoolkuwar me Amethi- Durgapur marg se parsauli tal avashesh lepan marammat,Works,Open Tender,Percentage,Civil Works - Others,No,No,NA ,18-Aug-2025 12:00 PM,NA ,30.0,No ,No,Offline,25-Aug-2025 02:30 PM,Panchayati Raj Department||Zila Panchayat Amethi,Amethi,227409.0,2.0,"11,34,988",M/S AMIT ENTERPRISES,"1,133,852.898",Rejected-Finance,26-Dec-2025,Panchayati Raj Department||Zila Panchayat Amethi
2025_UPPRC_1077350_1,17/PCL/GM/ZONE-2/BLY/2025-26,"DEVLOPMENT/RESTORATION WORK OF PEOT DUSHYANT KUMAR BIRTH PLACE AT VILLAGE RAJPUR NAVADA, TEHSIL NAZIBABAD IN DISTRICT BIJNOR (U.P.)","DEVLOPMENT/RESTORATION WORK OF PEOT DUSHYANT KUMAR BIRTH PLACE AT VILLAGE RAJPUR NAVADA, TEHSIL NAZIBABAD IN DISTRICT BIJNOR (U.P.)",Works,Open Tender,Percentage,Civil Works,No,No,NA ,25-Sep-2025 04:00 PM,NA ,90.0,No ,No,Online,07-Oct-2025 03:00 PM,U.P. Projects Corporation Ltd.||U.P. Projects Corp. Ltd.(MD),"RAJPUR NAVADA, TEHSIL NAZIBABAD IN DISTRICT BIJNOR",246701.0,2.0,"5,06,00,000",M/S RAKAM SINGH CONTRACTOR,"49,983,004.15",Rejected-AOC,19-Nov-2025,U.P. Projects Corporation Ltd.||U.P. Projects Corp. Ltd.(MD)
2025_UPIDC_1085704_2,03/EE/2025-26,Restoration of Canal Section of Paunti Mr. from km. 0.000 to 4.400,Restoration of Canal Section of Paunti Mr. from km. 0.000 to 4.400,Works,Open Tender,Item Wise,Civil Works - Canal,No,No,NA ,27-Oct-2025 10:00 AM,NA ,90.0,No ,No,Online,05-Nov-2025 02:00 PM,"U P Irrigation Department (Civil)||Chief Engineer-Eastern Ganga, Moradabad||EGCC Circle, Bijnore||EGCD-6, nazibabad",Najibabad,246763.0,2.0,"5,12,000",SANDEEP KUMAR SINGHAL,"323,566.6",Rejected-Finance,16-Dec-2025,"U P Irrigation Department (Civil)||Chief Engineer-Eastern Ganga, Moradabad||EGCC Circle, Bijnore||EGCD-6, nazibabad"
2025_UPIDC_1085704_26,03/EE/2025-26,Construction of Gul Crossing of Kotra Distributary at km. 19.670,Construction of Gul Crossing of Kotra Distributary at km. 19.670,Works,Open Tender,Item Wise,Civil Works - Canal,No,No,NA ,14-Nov-2025 09:40 AM,NA ,90.0,No ,No,Online,20-Nov-2025 03:00 PM,"U P Irrigation Department (Civil)||Chief Engineer-Eastern Ganga, Moradabad||EGCC Circle, Bijnore||EGCD-6, nazibabad",Najibabad,246763.0,2.0,"2,63,000",M/S GAJESH KUMAR,"260,717.2",Rejected-Finance,31-Dec-2025,"U P Irrigation Department (Civil)||Chief Engineer-Eastern Ganga, Moradabad||EGCC Circle, Bijnore||EGCD-6, nazibabad"
2025_UPIDC_1085665_6,02/AE-I/2025-26,Earth Work in Silt Clearance and Scraping of Bhedaura Mr. from Km. 0.000 to Km. 3.800 and Paudiya Mr. from Km. 0.000 to Km. 3.000,Silt Clearance and Scraping,Works,Open Tender,Item Rate,Civil Works,No,No,NA ,27-Oct-2025 10:00 AM,NA ,90.0,No ,No,Online,03-Nov-2025 12:30 PM,"U P Irrigation Department (Civil)||Chief Engineer-Sharda Sahayak, Lucknow||XIV Circle Irrigation Works, Azamgarh||SSD-32, azamgarh",AZAMGARH,276001.0,2.0,"1,05,000",M S CONSTRUCTION,"82,486.7",Not Admitted-Fee/PreQual/Technical,18-Dec-2025,"U P Irrigation Department (Civil)||Chief Engineer-Sharda Sahayak, Lucknow||XIV Circle Irrigation Works, Azamgarh||SSD-32, azamgarh"
2025_UPIDC_1086698_11,04/AE-IV/2025-26,Earth Work in Silt Clearance/Scraping of Anaura Mr. from Km. 0.000 to Km. 2.400 and Nevarahi Mr. from Km. 0.000 to Km. 2.300,Silt Clearance/Scraping,Works,Open Tender,Item Rate,Civil Works,No,No,NA ,30-Oct-2025 10:00 AM,NA ,90.0,No ,No,Online,07-Nov-2025 12:30 PM,"U P Irrigation Department (Civil)||Chief Engineer-Sharda Sahayak, Lucknow||XIV Circle Irrigation Works, Azamgarh||SSD-32, azamgarh",AZAMGARH,276001.0,2.0,"1,00,000",ANAND CONSTRUCTION,"63,552.2",Accepted-AOC,06-Dec-2025,"U P Irrigation Department (Civil)||Chief Engineer-Sharda Sahayak, Lucknow||XIV Circle Irrigation Works, Azamgarh||SSD-32, azamgarh"
2025_UPIDC_1082813_7,03/EE/2025-26,AS PER TENDER NOTICE-03 LOT 07,SILT CLEARENCE/SCRAPING OF BARA DY. FROM KM. 0.000 TO KM. 16.569 FOR THE YEAR 2025-26,Works,Open Tender,Item Rate,Civil Works - Canal,No,No,NA ,16-Oct-2025 11:00 AM,NA ,90.0,No ,No,Online,31-Oct-2025 03:00 PM,"U P Irrigation Department (Civil)||Chief Engineer-Sharda Sahayak, Lucknow||VII Circle Irrigation Works, Lucknow||EE SSK Division-28 Haidergarh",Haidergarh,225124.0,2.0,,MOHD NAIM,"694,448.23",Rejected-Finance,20-Nov-2025,"U P Irrigation Department (Civil)||Chief Engineer-Sharda Sahayak, Lucknow||VII Circle Irrigation Works, Lucknow||EE SSK Division-28 Haidergarh"
2025_UPPRD_1073328_13,875/Nivida/ZP/2025-26 Date- 10-09-2025,Work No 13 Jijauli F.C.I. godam se pitch road se gaon tak eet soling kary,Work No 13 Jijauli F.C.I. godam se pitch road se gaon tak eet soling kary,Works,Open Tender,Percentage,Civil Works - Others,No,No,NA ,12-Sep-2025 12:00 PM,NA ,30.0,No ,No,Offline,17-Sep-2025 01:00 PM,Panchayati Raj Department||Zila Panchayat Amethi,Amethi,227409.0,2.0,"10,79,987",M/S ABHISHEK VIKRAM SINGH,"2,337,674.63",Rejected-Finance,29-Dec-2025,Panchayati Raj Department||Zila Panchayat Amethi
2025_UPIDC_1081481_13,01/EE/2025-26,Silt Clearance/Scraping between Km. 0.000 to Km 5.200 and Km 5.200 to Km 7.150 of Itairampur Dy.,Silt Clearance/Scraping between Km. 0.000 to Km 5.200 and Km 5.200 to Km 7.150 of Itairampur Dy.,Works,Open Tender,Item Rate,Civil Works - Canal,No,No,NA ,11-Oct-2025 04:00 PM,NA ,90.0,No ,No,Online,24-Oct-2025 03:00 PM,"U P Irrigation Department (Civil)||Chief Engineer-Saryu Project-2, Gonda||Drainage Cirlce, Gonda||SCD-4 Balrampur",Balrampur,271201.0,2.0,"3,35,000",Jagdish Prasad Tewari Contractor,"180,000",Rejected-Finance,22-Nov-2025,"U P Irrigation Department (Civil)||Chief Engineer-Saryu Project-2, Gonda||Drainage Cirlce, Gonda||SCD-4 Balrampur"
2025_UPIDC_1087895_13,03/E.E/2025-26,"Silt Clearance, Jungle clearance and scrapping of Lalganj Dy. from km. 0.000 to km. 7.200","Silt Clearance, Jungle clearance and scrapping of Lalganj Dy. from km. 0.000 to km. 7.200",Works,Open Tender,Item Wise,Civil Works - Canal,No,No,NA ,03-Nov-2025 09:00 AM,NA ,15.0,No ,No,Online,11-Nov-2025 11:00 AM,"U P Irrigation Department (Civil)||Chief Engineer-Sharda Sahayak, Lucknow||XVI Circle Irrigation Works, Pratapgargh||ID, pratapgarh",pratapgarh,230001.0,2.0,"1,96,000",M/s Raju Yadav,"194,930",Rejected-Finance,18-Nov-2025,"U P Irrigation Department (Civil)||Chief Engineer-Sharda Sahayak, Lucknow||XVI Circle Irrigation Works, Pratapgargh||ID, pratapgarh"
2025_UPIDC_1083668_64,01/EE/2025-26,Silt Clearance/Scraping work of Gulriha Mr. (km 0.00 to 5.800),Silt Clearance/Scraping work of Gulriha Mr. (km 0.00 to 5.800),Works,Open Tender,Item Rate,Civil Works - Canal,No,No,NA ,07-Nov-2025 10:00 AM,NA ,90.0,No ,No,Online,14-Nov-2025 03:00 PM,"U P Irrigation Department (Civil)||Chief Engineer-Saryu Project-2, Gonda||Drainage Cirlce, Gonda||EE Chitaurgarh Dam Construction Division Balrampur",Tulsipur Balrampur,271210.0,2.0,"1,38,000",M/S ANAND KUMAR,"137,008.18",Accepted-AOC,06-Dec-2025,"U P Irrigation Department (Civil)||Chief Engineer-Saryu Project-2, Gonda||Drainage Cirlce, Gonda||EE Chitaurgarh Dam Construction Division Balrampur"
2025_UPPRC_1089684_1,41/GM-3/UPPCL/2025-26 DATE-06.11.2025,Construction of Old Age Happy Home at Distt. Sant Kabir Nagar,Construction of Old Age Happy Home at Distt. Sant Kabir Nagar,Works,Open Tender,Percentage,Civil Works - Buildings,No,No,NA ,13-Nov-2025 09:00 AM,NA ,90.0,No ,No,Online,20-Nov-2025 04:00 PM,U.P. Projects Corporation Ltd.||U.P. Projects Corp. Ltd.(MD)||Zone-3 Faizabad,Sant Kabir Nagar,224143.0,2.0,"1,25,00,000",M/s Vishwakarma Construction,"12,348,014",Accepted-AOC,05-Dec-2025,U.P. Projects Corporation Ltd.||U.P. Projects Corp. Ltd.(MD)||Zone-3 Faizabad
2025_YEIDA_1062773_14,YEA/GM(PROJECT)/2025/397 DT-01/08/2025,C/o24 and 45m(both carriageway) wide road for approach of film city in sector-21 YEA(including 5 years maintenance) WC-02,C/o24 and 45m(both carriageway) wide road for approach of film city in sector-21 YEA(including 5 years maintenance) WC-02,Works,Open Tender,Fixed-rate,Civil Works,No,No,NA ,06-Aug-2025 06:55 PM,NA ,90.0,No ,No,Online,21-Aug-2025 11:00 AM,Yamuna Expressway Industrial Development Authority,YAMUNA EXPRESSWAY INDUSTRIAL DEVELOPMENT AUTHORITY,201308.0,2.0,"3,18,89,843",JAI SHIVA INFRA PROJECTS PRIVATE LIMITED,"20,654,095.18",Rejected-Finance,08-Oct-2025,Yamuna Expressway Industrial Development Authority
2025_UPIDC_1083668_58,01/EE/2025-26,Silt Clearance/Scraping work of Sonpur Mr. (km 0.00 to 5.200),Silt Clearance/Scraping work of Sonpur Mr. (km 0.00 to 5.200),Works,Open Tender,Item Rate,Civil Works - Canal,No,No,NA ,07-Nov-2025 10:00 AM,NA ,90.0,No ,No,Online,14-Nov-2025 03:00 PM,"U P Irrigation Department (Civil)||Chief Engineer-Saryu Project-2, Gonda||Drainage Cirlce, Gonda||EE Chitaurgarh Dam Construction Division Balrampur",Tulsipur Balrampur,271210.0,2.0,"1,31,000",AMRENDRA KUMAR TRIPATHI,"125,878.19",Accepted-AOC,05-Dec-2025,"U P Irrigation Department (Civil)||Chief Engineer-Saryu Project-2, Gonda||Drainage Cirlce, Gonda||EE Chitaurgarh Dam Construction Division Balrampur"
2025_UPIDC_1079102_23,01/EE/2025-26,Scrapping and jungle clearence from Km. 0.000 to Km. 6.000 of Kotiya Dy,Scrapping and jungle clearence from Km. 0.000 to Km. 6.000 of Kotiya Dy,Works,Open Tender,Item Rate,Civil Works - Canal,No,No,NA ,03-Oct-2025 10:00 AM,NA ,90.0,No ,No,Online,11-Oct-2025 11:00 AM,"U P Irrigation Department (Civil)||Chief Engineer-Saryu Project-2, Gonda||Irrigation Construction Circle, Basti||SCD-I, gorakhpur",Gorakhpur,273001.0,2.0,"1,70,000",AVIKA ENTERPRISES,"125,957.4",Accepted-AOC,10-Nov-2025,"U P Irrigation Department (Civil)||Chief Engineer-Saryu Project-2, Gonda||Irrigation Construction Circle, Basti||SCD-I, gorakhpur"
2025_UPIDC_1083178_12,05/AE-1/2025-26,Earth work in silt clearance/Scarping of Gorari Mr. form km 0.000 km 4.270,Earth work in silt clearance/Scarping of Gorari Mr. form km 0.000 km 4.270,Works,Open Tender,Item Rate,Civil Works - Canal,No,No,NA ,06-Nov-2025 10:00 AM,NA ,90.0,No ,No,Online,12-Nov-2025 03:00 PM,"U P Irrigation Department (Civil)||Chief Engineer-Saryu Project-2, Gonda||Drainage Cirlce, Gonda||SCD-1 Balrampur",Shrawasti,271805.0,2.0,"1,06,000",M/S DHARMENDRA KUMAR THEKEDAR,"106,474.72",Accepted-AOC,22-Dec-2025,"U P Irrigation Department (Civil)||Chief Engineer-Saryu Project-2, Gonda||Drainage Cirlce, Gonda||SCD-1 Balrampur"
2025_UPIDC_1080133_27,03/EE/IDK/2025-26,Naveenikaran karya of pachpokhara minor canal service road on left side from Km 1.423 to 2.528 for the year 2025-26,Naveenikaran karya of pachpokhara minor canal service road on left side from Km 1.423 to 2.528 for the year 2025-26,Works,Open Tender,Item Wise,Civil Works - Roads,No,No,NA ,20-Oct-2026 07:07 PM,NA ,90.0,No ,No,Online,25-Oct-2025 02:00 PM,"U P Irrigation Department (Civil)||Chief Engineer-Ram Ganga, Kanpur||Irrigation Works Circle, Aligarh||Irrigation Division Kasganj",Kasganj,207123.0,2.0,"15,47,000",AV Traders,"1,381,001.25",Rejected-Finance,08-Dec-2025,"U P Irrigation Department (Civil)||Chief Engineer-Ram Ganga, Kanpur||Irrigation Works Circle, Aligarh||Irrigation Division Kasganj"
2025_UPIDC_1079102_21,01/EE/2025-26,Scrapping from Km. 10.700 to Km. 18.000 of Gola Branch Canal,Scrapping from Km. 10.700 to Km. 18.000 of Gola Branch Canal,Works,Open Tender,Item Rate,Civil Works - Canal,No,No,NA ,03-Oct-2025 10:00 AM,NA ,90.0,No ,No,Online,11-Oct-2025 11:00 AM,"U P Irrigation Department (Civil)||Chief Engineer-Saryu Project-2, Gonda||Irrigation Construction Circle, Basti||SCD-I, gorakhpur",Gorakhpur,273001.0,2.0,"2,29,000",KALAYANI CONSTRUTION,"181,170",Accepted-AOC,17-Nov-2025,"U P Irrigation Department (Civil)||Chief Engineer-Saryu Project-2, Gonda||Irrigation Construction Circle, Basti||SCD-I, gorakhpur"
2025_UPIDC_1083393_23,01/EE/2025-26,Scraping of internal Section of Ekdanga Minor from km. 0.000 to km. 2.700,Scraping of internal Section of Ekdanga Minor from km. 0.000 to km. 2.700,Works,Open Tender,Item Rate,Civil Works - Canal,No,No,NA ,18-Oct-2025 10:00 AM,NA ,90.0,No ,No,Online,28-Oct-2025 03:00 PM,"U P Irrigation Department (Civil)||Chief Engineer-Saryu Project-2, Gonda||Drainage Cirlce, Gonda||SCD-3 Gonda",Siddharthnagar,272153.0,2.0,"36,000",M/S DHARMENDRA KUMAR THEKEDAR,"26,387.9",Rejected-Finance,15-Nov-2025,"U P Irrigation Department (Civil)||Chief Engineer-Saryu Project-2, Gonda||Drainage Cirlce, Gonda||SCD-3 Gonda"
2025_UPIDC_1087895_11,03/E.E/2025-26,Estimate for Silt clearance of Rangauli Dy from km 0.000 to7.200,Estimate for Silt clearance of Rangauli Dy from km 0.000 to7.200,Works,Open Tender,Item Wise,Civil Works - Canal,No,No,NA ,03-Nov-2025 09:00 AM,NA ,15.0,No ,No,Online,11-Nov-2025 11:00 AM,"U P Irrigation Department (Civil)||Chief Engineer-Sharda Sahayak, Lucknow||XVI Circle Irrigation Works, Pratapgargh||ID, pratapgarh",pratapgarh,230001.0,2.0,"2,73,000",ANURUDDHA KUMAR MISHRA,"197,087",Accepted-AOC,18-Nov-2025,"U P Irrigation Department (Civil)||Chief Engineer-Sharda Sahayak, Lucknow||XVI Circle Irrigation Works, Pratapgargh||ID, pratapgarh"
2025_UPIDC_1081481_11,01/EE/2025-26,Silt Clearance between Km. 20.000 to Km. 37.200 and Km. 38.230 to Km. 41.135 of Utraula Dy.,Silt Clearance between Km. 20.000 to Km. 37.200 and Km. 38.230 to Km. 41.135 of Utraula Dy.,Works,Open Tender,Item Rate,Civil Works - Canal,No,No,NA ,11-Oct-2025 04:00 PM,NA ,90.0,No ,No,Online,24-Oct-2025 03:00 PM,"U P Irrigation Department (Civil)||Chief Engineer-Saryu Project-2, Gonda||Drainage Cirlce, Gonda||SCD-4 Balrampur",Balrampur,271201.0,2.0,"9,84,000",M/S ANAND KUMAR,"580,030.85",Rejected-Finance,22-Nov-2025,"U P Irrigation Department (Civil)||Chief Engineer-Saryu Project-2, Gonda||Drainage Cirlce, Gonda||SCD-4 Balrampur"
2025_YEIDA_1062773_16,YEA/GM(PROJECT)/2025/397 DT-01/08/2025,"Development work of sector-18 (Road ,sewer ,Drain and water supply) Pocket2A and 2C(balance work) in YEA. WC-01","Development work of sector-18 (Road ,sewer ,Drain and water supply) Pocket2A and 2C(balance work) in YEA. WC-01",Works,Open Tender,Fixed-rate,Civil Works,No,No,NA ,06-Aug-2025 06:55 PM,NA ,90.0,No ,No,Online,21-Aug-2025 11:00 AM,Yamuna Expressway Industrial Development Authority,YAMUNA EXPRESSWAY INDUSTRIAL DEVELOPMENT AUTHORITY,201308.0,2.0,"9,26,57,658",M/s Goodhill Builders,"68,316,491.5",Rejected-Finance,13-Oct-2025,Yamuna Expressway Industrial Development Authority
2025_UPPRD_1073328_11,875/Nivida/ZP/2025-26 Date- 10-09-2025,Work No 11 Gramsabha Rauja me shiv mandir ke pass interlocking se gaon ki oor C.C.,Work No 11 Gramsabha Rauja me shiv mandir ke pass interlocking se gaon ki oor C.C.,Works,Open Tender,Percentage,Civil Works - Others,No,No,NA ,12-Sep-2025 12:00 PM,NA ,30.0,No ,No,Offline,17-Sep-2025 01:00 PM,Panchayati Raj Department||Zila Panchayat Amethi,Amethi,227409.0,2.0,"19,48,163",M/S ASHUTOSH TRADERS,"1,946,215.317",Rejected-Finance,29-Dec-2025,Panchayati Raj Department||Zila Panchayat Amethi
2025_UPIDC_1094931_1,03/EE/25-26,CONSTRUCTION OF V.R.B. AT KM 5.600 OF MOHAMMADPUR MINER UNDER M.G.C. PROJECT STAGE - II IN DIST AMROHA,CONSTRUCTION OF V.R.B. AT KM 5.600 OF MOHAMMADPUR MINER UNDER M.G.C. PROJECT STAGE - II IN DIST AMROHA,Works,Open Tender,Item Rate,Civil Works - Canal,No,No,NA ,02-Dec-2025 10:00 AM,NA ,90.0,No ,No,Online,10-Dec-2025 11:00 AM,"U P Irrigation Department (Civil)||Chief Engineer-Madhya Ganga, Aligarh||MGCC Circle, Bulandshahar||MGCCD-4, Amroha",AMROHA,244222.0,2.0,"14,00,000",BABA MOHAN RAM CONTRACTOR,"1,260,964.41",Rejected-Technical,19-Dec-2025,"U P Irrigation Department (Civil)||Chief Engineer-Madhya Ganga, Aligarh||MGCC Circle, Bulandshahar||MGCCD-4, Amroha"
2025_UPIDC_1079112_24,01/S.S.K-51/2025-26,"Silt clearence/Scraping of Rakhaha Minor between km 0.000 to km 5.992, and Bharthipur Minor between km 0.000 to km 2.273","Silt clearence/Scraping of Rakhaha Minor between km 0.000 to km 5.992, and Bharthipur Minor between km 0.000 to km 2.273",Works,Open Tender,Item Rate,Civil Works,No,No,NA ,30-Oct-2025 03:00 PM,NA ,90.0,No ,No,Online,06-Nov-2025 03:00 PM,"U P Irrigation Department (Civil)||Chief Engineer-Sharda Sahayak, Lucknow||XVI Circle Irrigation Works, Pratapgargh||Sharda Sahayak Division 51 Pratapgarh",Pratapgarh,230001.0,2.0,"2,27,000",M/S SHIVANGI INTERPRISES,"164,037.7",Rejected-Finance,21-Nov-2025,"U P Irrigation Department (Civil)||Chief Engineer-Sharda Sahayak, Lucknow||XVI Circle Irrigation Works, Pratapgargh||Sharda Sahayak Division 51 Pratapgarh"
2025_UPIDC_1086698_13,04/AE-IV/2025-26,"Earth Work in Silt Clearance/Scraping of Kanaila karanahat Mr. from Km. 0.000 to Km. 1.900, Tadi Mr. from Km. 0.000 to Km. 1.200 and Pewatha Mr. from Km. 0.000 to Km. 1.600",Silt Clearance/Scraping,Works,Open Tender,Item Rate,Civil Works,No,No,NA ,30-Oct-2025 10:00 AM,NA ,90.0,No ,No,Online,07-Nov-2025 12:30 PM,"U P Irrigation Department (Civil)||Chief Engineer-Sharda Sahayak, Lucknow||XIV Circle Irrigation Works, Azamgarh||SSD-32, azamgarh",AZAMGARH,276001.0,2.0,"1,00,000",M/S BABU LAL YADAV THIKEDAR,"58,833.04",Rejected-AOC,06-Dec-2025,"U P Irrigation Department (Civil)||Chief Engineer-Sharda Sahayak, Lucknow||XIV Circle Irrigation Works, Azamgarh||SSD-32, azamgarh"
2025_UPIDC_1085704_30,03/EE/2025-26,Construction of Gul Crossing of Jamalpur Dy. at km. 12.570,Construction of Gul Crossing of Jamalpur Dy. at km. 12.570,Works,Open Tender,Item Wise,Civil Works - Canal,No,No,NA ,27-Nov-2025 09:00 AM,NA ,90.0,No ,No,Online,03-Dec-2025 03:00 PM,"U P Irrigation Department (Civil)||Chief Engineer-Eastern Ganga, Moradabad||EGCC Circle, Bijnore||EGCD-6, nazibabad",Najibabad,246763.0,2.0,"2,63,000",CHHATAR PAL SINGH CONTRACTOR,"222,725",Accepted-AOC,16-Dec-2025,"U P Irrigation Department (Civil)||Chief Engineer-Eastern Ganga, Moradabad||EGCC Circle, Bijnore||EGCD-6, nazibabad"
2025_UPIDC_1078690_21,03/EESNK1BANSI/2025-26,SiltScraping and jungle clearance of Sekhui minor at km 0.000 to 3.800,SiltScraping and jungle clearance of Sekhui minor at km 0.000 to 3.800,Works,Open Tender,Item Wise,Civil Works - Canal,No,No,NA ,04-Oct-2025 10:00 AM,NA ,90.0,No ,No,Online,13-Oct-2025 02:00 PM,"U P Irrigation Department (Civil)||Chief Engineer-Saryu Project-2, Gonda||Rapti CC Circle-2, Basti||SCD, bansi",SIDDHARTH NAGAR,272153.0,2.0,"1,10,000",AARADHYA ENTERPRISES,"88,159.14",Rejected-Finance,11-Dec-2025,"U P Irrigation Department (Civil)||Chief Engineer-Saryu Project-2, Gonda||Rapti CC Circle-2, Basti||SCD, bansi"
2025_UPIDC_1083623_3,01/EE/SNK-6/2025-26,"Silt Clearance and Bed, Berm and inner slope Scraping from Km. 0.000 to 6.600 of Sikari Minor.","Silt Clearance and Bed, Berm and inner slope Scraping from Km. 0.000 to 6.600 of Sikari Minor.",Works,Open Tender,Item Rate,Civil Works,No,No,NA ,18-Oct-2025 10:00 AM,NA ,90.0,No ,No,Online,27-Oct-2025 02:00 PM,"U P Irrigation Department (Civil)||Chief Engineer-Saryu Project-1, Faizabad||IX Circle Irrigation Works, Bahraich||SCD-6, bahraich",BALRAMPUR,271201.0,2.0,,M/S PRADHAN CONSTRUCTION,"150,729",Rejected-Finance,01-Dec-2025,"U P Irrigation Department (Civil)||Chief Engineer-Saryu Project-1, Faizabad||IX Circle Irrigation Works, Bahraich||SCD-6, bahraich"
2025_UPPRD_1064082_168,240/Nivida/ZP/2025-26 Date- 22-07-2025,Work No 168 Gram kotwa me pawartal se nagtaal talab ki oor nala nirmaan,Work No 168 Gram kotwa me pawartal se nagtaal talab ki oor nala nirmaan,Works,Open Tender,Percentage,Civil Works - Others,No,No,NA ,11-Aug-2025 12:00 PM,NA ,90.0,No ,No,Offline,18-Aug-2025 02:30 PM,Panchayati Raj Department||Zila Panchayat Amethi,Amethi,227409.0,2.0,"22,62,302",Divya Construction,"2,258,681.723",Rejected-Finance,26-Dec-2025,Panchayati Raj Department||Zila Panchayat Amethi
2025_UPPRD_1064082_48,240/Nivida/ZP/2025-26 Date- 22-07-2025,Work No 48 Gramsabha Jangalramnagar me Baramasi Ranvir nagar marg se poore prasadi me nahar puliya tak C.C.,Work No 48 Gramsabha Jangalramnagar me Baramasi Ranvir nagar marg se poore prasadi me nahar puliya tak C.C.,Works,Open Tender,Percentage,Civil Works - Others,No,No,NA ,11-Aug-2025 12:00 PM,NA ,90.0,No ,No,Offline,18-Aug-2025 02:30 PM,Panchayati Raj Department||Zila Panchayat Amethi,Amethi,227409.0,2.0,"17,28,011",HARI LAL PRAJAPATI,"1,726,283.049",Accepted-AOC,15-Dec-2025,Panchayati Raj Department||Zila Panchayat Amethi
2025_UPPRC_1087878_1,73/UPPCL/GM-1/E-TENDER/2025-26 Dated-29.10.2025,"Renovation, Painting and Repair work of Guest House in Residential colony campus at VBSPU District-Jaunpur (U.P.)","Renovation, Painting and Repair work of Guest House in Residential colony campus at VBSPU District-Jaunpur (U.P.)",Works,Open Tender,Percentage,Civil Works - Buildings,No,No,NA ,04-Nov-2025 11:00 AM,NA ,90.0,No ,No,Online,10-Nov-2025 03:00 PM,U.P. Projects Corporation Ltd.||U.P. Projects Corp. Ltd.(MD)||Zone-1 Allahabad,District-Jaunpur (U.P.),222001.0,2.0,"69,39,000",PIYUSH KUMAR SINGH CONTRACTOR,"6,924,541.56",Rejected-AOC,05-Dec-2025,U.P. Projects Corporation Ltd.||U.P. Projects Corp. Ltd.(MD)||Zone-1 Allahabad
2025_UPPRD_1064082_140,240/Nivida/ZP/2025-26 Date- 22-07-2025,Work No 140 Gram sabha Chhajju Mohaddeenpur ke Shekhapur me siyaram ke ghar se talab tak nali nirmaan,Work No 140 Gram sabha Chhajju Mohaddeenpur ke Shekhapur me siyaram ke ghar se talab tak nali nirmaan,Works,Open Tender,Percentage,Civil Works - Others,No,No,NA ,11-Aug-2025 12:00 PM,NA ,90.0,No ,No,Offline,18-Aug-2025 02:30 PM,Panchayati Raj Department||Zila Panchayat Amethi,Amethi,227409.0,2.0,"12,94,348",M/S GARG CONSTRUCTION,"1,293,053.657",Accepted-AOC,26-Dec-2025,Panchayati Raj Department||Zila Panchayat Amethi
2025_UPIDC_1084460_35,01/EE/2025-26,Earth work in silt clearance/Scarping of Dasiyapur Dy form km 0.000 km 8.800,Earth work in silt clearance/Scarping of Dasiyapur Dy form km 0.000 km 8.800,Works,Open Tender,Item Rate,Civil Works - Canal,No,No,NA ,06-Nov-2025 10:00 AM,NA ,90.0,No ,No,Online,12-Nov-2025 03:00 PM,"U P Irrigation Department (Civil)||Chief Engineer-Saryu Project-2, Gonda||Drainage Cirlce, Gonda||SCD-1 Balrampur",Shrawasti,271805.0,2.0,"2,30,000",M P Traders,"228,256.83",Rejected-AOC,11-Dec-2025,"U P Irrigation Department (Civil)||Chief Engineer-Saryu Project-2, Gonda||Drainage Cirlce, Gonda||SCD-1 Balrampur"
2025_UPPRD_1064082_60,240/Nivida/ZP/2025-26 Date- 22-07-2025,Work No 60 Gram panchayat Kherauna me Amethi- Antu marg par sadhan sahkari simit se C.C. road tak C.C.,Work No 60 Gram panchayat Kherauna me Amethi- Antu marg par sadhan sahkari simit se C.C. road tak C.C.,Works,Open Tender,Percentage,Civil Works - Others,No,No,NA ,11-Aug-2025 12:00 PM,NA ,90.0,No ,No,Offline,18-Aug-2025 02:30 PM,Panchayati Raj Department||Zila Panchayat Amethi,Amethi,227409.0,2.0,"14,87,396",M/S CHANAKYA ENTERPRISES,"1,485,611.275",Accepted-AOC,16-Dec-2025,Panchayati Raj Department||Zila Panchayat Amethi
2025_UPIDC_1082165_20,02 / EE / 2025-26,Silt Clearance/ Scrapping of Inayatpur Dy,Silt Clearance/ Scrapping of Inayatpur Dy from Km 0.000 to Km 10.400,Works,Open Tender,Item Rate,Civil Works,No,No,NA ,29-Oct-2025 01:00 PM,NA ,90.0,No ,No,Online,04-Nov-2025 03:00 PM,"U P Irrigation Department (Civil)||Chief Engineer-Sone, Varanasi||Irrigation Works Circle, Varansi||MDD, varanasi",Vill-Wardisanda Po-Wardisanda Chandauli,232108.0,2.0,"5,04,924",KIRTI CONSTRUCTION,"499,672.2",Rejected-AOC,29-Nov-2025,"U P Irrigation Department (Civil)||Chief Engineer-Sone, Varanasi||Irrigation Works Circle, Varansi||MDD, varanasi"
2025_UPPRD_1064082_154,240/Nivida/ZP/2025-26 Date- 22-07-2025,Work No 154 Gramsabha Eksara ke Dubeypur me Heeralal kashyao ke ghar se ram tirath ke ghar ke pas purliya tak nali nirman,Work No 154 Gramsabha Eksara ke Dubeypur me Heeralal kashyao ke ghar se ram tirath ke ghar ke pas purliya tak nali nirman,Works,Open Tender,Percentage,Civil Works - Others,No,No,NA ,11-Aug-2025 12:00 PM,NA ,90.0,No ,No,Offline,18-Aug-2025 02:30 PM,Panchayati Raj Department||Zila Panchayat Amethi,Amethi,227409.0,2.0,"9,50,000",M/S SAMRAT CONSTRUCTION,"948,575.404",Rejected-Finance,26-Dec-2025,Panchayati Raj Department||Zila Panchayat Amethi
2025_UPIDC_1084460_21,01/EE/2025-26,Earth work in silt clearance/Scarping of Gaur Dy form km 0.000 km 6.800,Earth work in silt clearance/Scarping of Gaur Dy form km 0.000 km 6.800,Works,Open Tender,Item Rate,Civil Works - Canal,No,No,NA ,06-Nov-2025 10:00 AM,NA ,90.0,No ,No,Online,12-Nov-2025 03:00 PM,"U P Irrigation Department (Civil)||Chief Engineer-Saryu Project-2, Gonda||Drainage Cirlce, Gonda||SCD-1 Balrampur",Balrampur,271201.0,2.0,"3,24,000",M/S ANAND KUMAR,"323,660.88",Accepted-AOC,02-Dec-2025,"U P Irrigation Department (Civil)||Chief Engineer-Saryu Project-2, Gonda||Drainage Cirlce, Gonda||SCD-1 Balrampur"
2025_UPPRC_1081243_1,35/GM-3/UPPCL/2025-26 DATE-03.10.2025,"Construction of 2000 MT Seed Godown at in the Campus of Seed Processing Plant, District Gorakhpur","Construction of 2000 MT Seed Godown at in the Campus of Seed Processing Plant, District Gorakhpur",Works,Open Tender,Percentage,Civil Works - Buildings,No,No,NA ,10-Oct-2025 10:00 AM,NA ,90.0,No ,No,Online,24-Oct-2025 04:00 PM,U.P. Projects Corporation Ltd.||U.P. Projects Corp. Ltd.(MD)||Zone-3 Faizabad,Gorakhpur,273001.0,2.0,"1,91,07,000",BALENDRA SINGH,"19,009,768.62",Rejected-Finance,06-Dec-2025,U.P. Projects Corporation Ltd.||U.P. Projects Corp. Ltd.(MD)||Zone-3 Faizabad
2025_UPPAN_1078852_2,"3033/PAN/ET/25-26, DT. 30-09-2025",CONSTRUCTION OF RESIDENTAIL BUILDING AT POLICE CHOWKI SAINDER THANA GHUNGHTER DISTT BARABANKI U.P.,CONSTRUCTION OF RESIDENTAIL BUILDING AT POLICE CHOWKI SAINDER THANA GHUNGHTER DISTT BARABANKI U.P.,Works,Open Tender,Percentage,Civil Works,No,No,NA ,17-Oct-2025 06:55 PM,NA ,90.0,No ,No,Online,28-Oct-2025 11:00 AM,UP Police Awas Nigam Limited||UP Police Awas Nigam Ltd HQ Lucknow,THANA GHUNGHTER DISTT BARABANKI U.P.,225302.0,2.0,"3,07,08,000",M/S AAKASH TRADERS,"29,206,378",Not Admitted-Fee/PreQual/Technical,09-Dec-2025,UP Police Awas Nigam Limited||UP Police Awas Nigam Ltd HQ Lucknow
2025_UPIDC_1082348_4,08/EE/2025-26,Silt Clearance of Bastiya Dy. from Km. 0.000 to Km. 8.800 for year 2025-26 (LOT-04),Silt Clearance of Bastiya Dy. from Km. 0.000 to Km. 8.800 for year 2025-26 (LOT-04),Works,Open Tender,Item Rate,Civil Works,No,No,NA ,14-Oct-2025 10:00 AM,NA ,90.0,No ,No,Online,21-Oct-2025 02:30 PM,"U P Irrigation Department (Civil)||Chief Engineer-Sharda Sahayak, Lucknow||VII Circle Irrigation Works, Lucknow||Lucknow Division Sharda Canal Lucknow",BASTIYA DY GOSAINGANG,226001.0,2.0,"4,48,560",M/S RADHEY SHYAM CONSTRUCTION,"341,130",Rejected-Technical,06-Nov-2025,"U P Irrigation Department (Civil)||Chief Engineer-Sharda Sahayak, Lucknow||VII Circle Irrigation Works, Lucknow||Lucknow Division Sharda Canal Lucknow"
2025_UPIDC_1085718_21,TN-06/EE/2025-26,TN-06/ee/25-26 Repair work old brick pitching between km 20.900 to km 20.925 km 13.500 to km 13.700 and Km 7.600 to Km 7.625 of Bastam Dy Lot No-02,Repair work old brick pitching between km 20.900 to km 20.925 km 13.500 to km 13.700 and Km 7.600 to Km 7.625 of Bastam Dy,Works,Open Tender,Piece-work,Civil Works,No,No,as per tender notice ,14-Nov-2025 11:00 AM,NA ,90.0,No ,No,Online,19-Nov-2025 02:00 PM,"U P Irrigation Department (Civil)||Chief Engineer-Ganga, Meerut||I- Circle Irrigation Works, Meerut||Muzaffar Nagar Division Ganga Canal,Muzaffar Nagar",as per tender notice,251001.0,2.0,"13,12,000",BALIYAN CONSTRUCTION COMPANY,"1,306,363.56",Accepted-AOC,18-Dec-2025,"U P Irrigation Department (Civil)||Chief Engineer-Ganga, Meerut||I- Circle Irrigation Works, Meerut||Muzaffar Nagar Division Ganga Canal,Muzaffar Nagar"
2025_YEIDA_1053217_7,YEA/GM(PROJECT)/2025/364 DT-27/06/2025,"Construction of E-library room in village-mirzapur, YEA. WC-06","Construction of E-library room in village-mirzapur, YEA. WC-06",Works,Open Tender,Fixed-rate,Civil Works,No,No,NA ,02-Jul-2025 06:50 PM,NA ,90.0,No ,No,Online,14-Jul-2025 11:00 AM,Yamuna Expressway Industrial Development Authority,YAMUNA EXPRESSWAY INDUSTRIAL DEVELOPMENT AUTHORITY,201308.0,2.0,"32,33,166",ARVIK ENTERPRISES,"2,775,673.2",Accepted-AOC,08-Sep-2025,Yamuna Expressway Industrial Development Authority
2025_UPIDC_1079911_25,02/E.E/2025-26,Silt Clearance of Hotepur Minor from km 0.000 to 4.830 and Katiya Minor from km. 0.000 to 6.130 for Year 2025-26,Silt Clearance of Hotepur Minor from km 0.000 to 4.830 and Katiya Minor from km. 0.000 to 6.130 for Year 2025-2,Works,Open Tender,Item Rate,Civil Works - Canal,No,No,NA ,25-Oct-2025 11:00 AM,NA ,90.0,No ,No,Online,31-Oct-2025 12:00 PM,"U P Irrigation Department (Civil)||Chief Engineer-Ram Ganga, Kanpur||II Circle Irrigation Works, Kanpur||ID, farrukhabad",FARRUKHABAD,209625.0,2.0,,M/S EKTA CONSTRUCTION,"207,062.63",Accepted-AOC,14-Nov-2025,"U P Irrigation Department (Civil)||Chief Engineer-Ram Ganga, Kanpur||II Circle Irrigation Works, Kanpur||ID, farrukhabad"
2025_UPIDC_1078690_3,03/EESNK1BANSI/2025-26,SiltScraping and jungle clearance of Kuri Dy. From Km.0.000 to Km. 13.000,SiltScraping and jungle clearance of Kuri Dy. From Km.0.000 to Km. 13.000,Works,Open Tender,Item Wise,Civil Works - Canal,No,No,NA ,04-Oct-2025 10:00 AM,NA ,90.0,No ,No,Online,13-Oct-2025 02:00 PM,"U P Irrigation Department (Civil)||Chief Engineer-Saryu Project-2, Gonda||Rapti CC Circle-2, Basti||SCD, bansi",SIDDHARTH NAGAR,272153.0,2.0,"6,48,000",Chhatrapati Shivaji Construction,"558,339.52",Rejected-Finance,11-Dec-2025,"U P Irrigation Department (Civil)||Chief Engineer-Saryu Project-2, Gonda||Rapti CC Circle-2, Basti||SCD, bansi"
2025_UPJVN_1084354_1,T-12/EGD/MZN/2025-26,Hiring of vehicle with driver,Hiring of 01 No. Four wheeler light diesel vehicle with driver for the period of 01 year,Services,Open Tender,Item Rate,Miscellaneous Services,No,No,NA ,21-Oct-2025 05:00 PM,NA ,180.0,No ,No,Offline,28-Nov-2025 12:00 PM,Uttar Pradesh Jal Vidyut Nigam Limited||Chief Engineer OM Lucknow||SE (Khara)||EE (EGD) Muzzafarnagar,Muzaffarnagar,251001.0,2.0,,MAHAVIR TOUR AND TRAVELS,"316,455",Rejected-Finance,13-Dec-2025,Uttar Pradesh Jal Vidyut Nigam Limited||Chief Engineer OM Lucknow||SE (Khara)||EE (EGD) Muzzafarnagar
2025_UPIDC_1091340_1,07/EE/2025-26/LOT-1,Construction of Pipe Culvert on road with drain diversion of drain at Up stream of 14.700 RKC to drain at Up stream of 14.950 RKC,Construction of Pipe Culvert on road with drain diversion of drain at Up stream of 14.700 RKC to drain at Up stream of 14.950 RKC,Works,Open Tender,Item Wise,Civil Works,No,No,NA ,17-Nov-2025 03:00 PM,NA ,90.0,No ,No,Online,25-Nov-2025 03:00 PM,U P Irrigation Department (Civil)||Chief Engineer Kanhar Project- Mirzapur||Kanhar Construction Circle Pipri- Sonebhadra||Kanhar Construction Division II Pipri- Sonebhadra,village Jampani (Bom-Chhatpur village road) Duddhi,231208.0,2.0,,a.k. construction,"2,494,828.46",Rejected-AOC,25-Dec-2025,U P Irrigation Department (Civil)||Chief Engineer Kanhar Project- Mirzapur||Kanhar Construction Circle Pipri- Sonebhadra||Kanhar Construction Division II Pipri- Sonebhadra
2025_UPPRD_1065171_14,244/Nivida/ZP/2025-26 Date- 22-07-2025,Work No 14 Gram panchayat Jangalramnagar me Baramasi Ranvir nagar marg se poore Bodan ki oor Lepan marammat,Work No 14 Gram panchayat Jangalramnagar me Baramasi Ranvir nagar marg se poore Bodan ki oor Lepan marammat,Works,Open Tender,Percentage,Civil Works - Others,No,No,NA ,18-Aug-2025 12:00 PM,NA ,30.0,No ,No,Offline,25-Aug-2025 02:30 PM,Panchayati Raj Department||Zila Panchayat Amethi,Amethi,227409.0,2.0,"5,35,073",HARI LAL PRAJAPATI,"534,805.498",Accepted-AOC,26-Dec-2025,Panchayati Raj Department||Zila Panchayat Amethi
2025_UPIDM_1073793_1,1096/EE-LID GKP/02/09/2025/26-27,"NABARD Funded Modernization of Ch. Charan Singh Doharighat Pump Canal, Distt- Mau SWITCH GEAR ROOM BUILDING WORK with all requierd accessories, tool and tackle at doharighat pump canal mau.","NABARD Funded Modernization of Ch. Charan Singh Doharighat Pump Canal, Distt- Mau SWITCH GEAR ROOM BUILDING WORK with all requierd accessories, tool and tackle at doharighat pump canal mau.",Works,Open Tender,Item Rate,Civil Works,No,No,NA ,13-Sep-2025 05:50 PM,NA ,90.0,No ,No,Online,20-Sep-2025 03:00 PM,U P Irrigation Department (Mechanical)||Chief Engineer (Tubewell East)||Superintending Engineer (Tubewell) Gorakhpur||Executive Engineer(LID) Gorakhpur,DOHARIGHAT MAU,275303.0,2.0,"26,48,000",BALENDRA SINGH,"1,608,792.97",Rejected-Finance,05-Dec-2025,U P Irrigation Department (Mechanical)||Chief Engineer (Tubewell East)||Superintending Engineer (Tubewell) Gorakhpur||Executive Engineer(LID) Gorakhpur
2025_UPIDC_1083248_1,02/EE/2025-26 Lot 18,SCRAPING WORK IN AMUARA DY. FROM KM. 6.020 TO KM. 12.000,SCRAPING WORK IN AMUARA DY. FROM KM. 6.020 TO KM. 12.000,Works,Open Tender,Item Rate,Civil Works,No,No,NA ,18-Oct-2025 11:00 AM,NA ,90.0,No ,No,Online,30-Oct-2025 02:00 PM,"U P Irrigation Department (Civil)||Chief Engineer-Sharda Sahayak, Lucknow||XIV Circle Irrigation Works, Azamgarh||SSD - 36 Jaunpur",EXECUTIVE ENGINEER SSK-36 JAUNPUR,222002.0,2.0,"2,86,000",KAMAL NARAYAN SINGH,"195,459",Rejected-Finance,01-Dec-2025,"U P Irrigation Department (Civil)||Chief Engineer-Sharda Sahayak, Lucknow||XIV Circle Irrigation Works, Azamgarh||SSD - 36 Jaunpur"
2025_UPIDC_1082147_40,03/EE/2025-26,SILT CLEARANCE AND SCRAPPING IN HARDI DISTRIBUTARY FROM 0.000 KMS TO 15.200,SILT CLEARANCE AND SCRAPPING IN HARDI DISTRIBUTARY FROM 0.000 KMS TO 15.200,Works,Open Tender,Item Rate,Civil Works - Canal,No,No,NA ,13-Oct-2025 09:00 AM,NA ,90.0,No ,No,Online,18-Oct-2025 04:30 PM,"U P Irrigation Department (Civil)||Chief Engineer-Saryu Project-1, Faizabad||Irrigation Construction Circle, Bahraich||SCD-1, bahraich",Bahraich,271801.0,2.0,"7,21,000",BINNU SINGH CONTRACTOR,"716,679.15",Rejected-Finance,14-Nov-2025,"U P Irrigation Department (Civil)||Chief Engineer-Saryu Project-1, Faizabad||Irrigation Construction Circle, Bahraich||SCD-1, bahraich"
2025_UPIDC_1082147_55,03/EE/2025-26,SILT CLEARENCE FROM KM. 0.000 TO 4.650 OF DAMODARJOT MR. AND KM. 0.000 TO 5.200 OF RAMGAON MR. AND KM. 0.000 TO 2.400 OF BALDIPURVA MR.,SILT CLEARENCE FROM KM. 0.000 TO 4.650 OF DAMODARJOT MR. AND KM. 0.000 TO 5.200 OF RAMGAON MR. AND KM. 0.000 TO 2.400 OF BALDIPURVA MR.,Works,Open Tender,Item Rate,Civil Works - Canal,No,No,NA ,21-Oct-2025 09:00 AM,NA ,90.0,No ,No,Online,29-Oct-2025 03:00 PM,"U P Irrigation Department (Civil)||Chief Engineer-Saryu Project-1, Faizabad||Irrigation Construction Circle, Bahraich||SCD-1, bahraich",Bahraich,271801.0,2.0,"2,71,000",M/S G N CONSTRUCTION,"209,192.1",Accepted-AOC,26-Nov-2025,"U P Irrigation Department (Civil)||Chief Engineer-Saryu Project-1, Faizabad||Irrigation Construction Circle, Bahraich||SCD-1, bahraich"
2025_UPRNS_1044517_2,47/SE/PRAYAGRAJ/UPRNSS DATE 28.05.2025,CONSTRUCTION OF MULTI PURPOSE SEED STORE AND TECHNOLOGY DISSEMINATION CENTRE AT JASRA IN DISTRICT PRAYAGRAJ,CONSTRUCTION OF MULTI PURPOSE SEED STORE AND TECHNOLOGY DISSEMINATION CENTRE AT JASRA IN DISTRICT PRAYAGRAJ,Works,Open Tender,Percentage,Civil Works - Buildings,No,No,NA ,17-Jun-2025 06:00 PM,NA ,90.0,No ,No,Offline,24-Jun-2025 03:00 PM,Uttar Pradesh Rajya Nirman Sahkari Sangh Limited,JASRA PRAYAGRAJ,212107.0,2.0,"91,19,774",Akhilesh kumar shukla,"9,110,654.7",Accepted-AOC,17-Nov-2025,Uttar Pradesh Rajya Nirman Sahkari Sangh Limited
2025_UPIDC_1082147_41,03/EE/2025-26,SILT CLEARANCE AND SCRAPPING IN KAPOORPUR DISTRIBUTARY FROM 0.000 KM TO 10.197 KM,SILT CLEARANCE AND SCRAPPING IN KAPOORPUR DISTRIBUTARY FROM 0.000 KM TO 10.197 KM,Works,Open Tender,Item Rate,Civil Works - Canal,No,No,NA ,13-Oct-2025 09:00 AM,NA ,90.0,No ,No,Online,18-Oct-2025 04:30 PM,"U P Irrigation Department (Civil)||Chief Engineer-Saryu Project-1, Faizabad||Irrigation Construction Circle, Bahraich||SCD-1, bahraich",Bahraich,271801.0,2.0,"4,81,000",ANSHI VIDHI CONSTRUCTIONS,"476,005.63",Rejected-Finance,14-Nov-2025,"U P Irrigation Department (Civil)||Chief Engineer-Saryu Project-1, Faizabad||Irrigation Construction Circle, Bahraich||SCD-1, bahraich"
2025_UPRNS_1023324_2,52/E-TENDER/MEERUT-ZONE/24-25 DATED 25-03-2025,"PRO. CONST. OF AUDITORIUM BUILDING CLASSROOM, TOILET BLOCK (MALE AND FEMALE) GUARD ROOM, BOUNDARYWALL, GATE, C.C. INTERLOCKING, OHT AND BORING AT GOVT. I.T.I. CAMPUS AMROHA DISTT. AMROHA","PRO. CONST. OF AUDITORIUM BUILDING CLASSROOM, TOILET BLOCK (MALE AND FEMALE) GUARD ROOM, BOUNDARYWALL, GATE, C.C. INTERLOCKING, OHT AND BORING AT GOVT. I.T.I. CAMPUS AMROHA DISTT. AMROHA",Works,Open Tender,Percentage,Civil Works - Buildings,No,No,NA ,17-Apr-2025 10:00 AM,NA ,90.0,No ,No,Offline,22-Apr-2025 02:00 PM,Uttar Pradesh Rajya Nirman Sahkari Sangh Limited,AMROHA,244901.0,2.0,"3,71,47,247",M/s Mansoor Ahmad Contractor,"37,139,817.18",Accepted-AOC,05-May-2025,Uttar Pradesh Rajya Nirman Sahkari Sangh Limited
2025_UPIDC_1081925_5,03/EE/2025-26,Restoration of Service Road of Sikandra Dy form Km. 7.000 to 8.186,Restoration of Service Road of Sikandra Dy form Km. 7.000 to 8.186,Works,Open Tender,Item Rate,Civil Works - Canal,No,No,NA ,28-Oct-2025 04:00 PM,NA ,90.0,No ,No,Online,04-Nov-2025 03:00 PM,U P Irrigation Department (Civil)||Chief Engineer ( Yamuna) Okhla||S E Irrigation Works Circle III Agra||E E Lower Division Agra Canal Agra,AGRA,282001.0,2.0,"17,53,000",KSS INFRASTRUCTURE,"1,138,600.77",Rejected-Technical,24-Nov-2025,U P Irrigation Department (Civil)||Chief Engineer ( Yamuna) Okhla||S E Irrigation Works Circle III Agra||E E Lower Division Agra Canal Agra
2025_UPIDC_1078505_97,01/EE/2025-26,SILT CLEARANCE OF BANKAT MR. BETWEEN KM. 0.000 TO KM. 3.600,SILT CLEARANCE OF BANKAT MR. BETWEEN KM. 0.000 TO KM. 3.600,Works,Open Tender,Item Rate,Civil Works,No,No,BY DEGINATED COMMITTEE ,29-Oct-2025 03:00 PM,NA ,90.0,No ,No,Online,03-Nov-2025 05:00 PM,"U P Irrigation Department (Civil)||Chief Engineer-Saryu Project-2, Gonda||Irrigation Construction Circle, Basti||SCD Khaliabad",Sant Kabir Nagar,272175.0,2.0,"76,268",DIVYANSH CONSTRUCTION,"68,537.5",Rejected-Finance,01-Dec-2025,"U P Irrigation Department (Civil)||Chief Engineer-Saryu Project-2, Gonda||Irrigation Construction Circle, Basti||SCD Khaliabad"
2025_YEIDA_1053217_6,YEA/GM(PROJECT)/2025/364 DT-27/06/2025,"Construction of E-library room in village-Akalpur, YEA. WC-06","Construction of E-library room in village-Akalpur, YEA. WC-06",Works,Open Tender,Fixed-rate,Civil Works,No,No,NA ,02-Jul-2025 06:50 PM,NA ,90.0,No ,No,Online,30-Jul-2025 11:00 AM,Yamuna Expressway Industrial Development Authority,YAMUNA EXPRESSWAY INDUSTRIAL DEVELOPMENT AUTHORITY,201308.0,2.0,"32,33,165",M/S SINGH CONSTRUCTION AND COMPANY,"3,031,092.23",Rejected-Finance,29-Dec-2025,Yamuna Expressway Industrial Development Authority
2025_UPIDC_1082915_7,03/EE/2025-2026,Re Tender Lot No 01 Estimate for silt clearance of Pausra dy. From Km 13.700 to 17.000 AND Scraping work from Km 17.000 to Km 32.000,Silt clearance of Pausra dy. From Km 13.700 to 17.000 and Scraping work from Km 17.000 to Km 32.000,Works,Open Tender,Item Wise,Civil Works,No,No,NA ,12-Nov-2025 04:10 PM,NA ,90.0,No ,No,Online,18-Nov-2025 12:15 PM,"U P Irrigation Department (Civil)||Chief Engineer-Sharda Sahayak, Lucknow||XI Circle Irrigation Works, Faizabad||ID, faizabad",AYODHYA,224001.0,2.0,,M/S- S. CONSTRUCTION,"609,328",Accepted-AOC,06-Dec-2025,"U P Irrigation Department (Civil)||Chief Engineer-Sharda Sahayak, Lucknow||XI Circle Irrigation Works, Faizabad||ID, faizabad"
2025_UPIDC_1088232_1,05/SE/2025-26 SNK1 GONDA,"Section improvement of Dhanaipatti Dy. system and construction of 6 no box culverts, 2 no syphon, 3 no V.R.B and pucca structures construction work","Section improvement of Dhanaipatti Dy. system and construction of 6 no box culverts, 2 no syphon, 3 no V.R.B and pucca structures construction work",Works,Open Tender,Item Rate,Civil Works,No,No,NA ,04-Nov-2025 02:00 PM,06-Nov-2025 03:00 PM ,90.0,No ,No,Online,11-Nov-2025 03:00 PM,"U P Irrigation Department (Civil)||Chief Engineer-Saryu Project-1, Faizabad||XV Circle Irrigation Work, Gonda",Section improvement of Dhanaipatti Dy. system and,271001.0,2.0,"8,59,00,000",ARVIND KUMAR SINGH,"82,859,881",Rejected-Technical,26-Dec-2025,"U P Irrigation Department (Civil)||Chief Engineer-Saryu Project-1, Faizabad||XV Circle Irrigation Work, Gonda"
2025_UPIDC_1086402_23,04/AE-III/2025-26,Earth Work in Silt Clearance/Scraping of Ladanpur Mr. from Km. 0.000 to Km. 1.000 and Km. 1.000 to Km. 3.200,Silt Clearance/Scraping,Works,Open Tender,Item Rate,Civil Works,No,No,NA ,29-Oct-2025 10:00 AM,NA ,90.0,No ,No,Online,06-Nov-2025 12:30 PM,"U P Irrigation Department (Civil)||Chief Engineer-Sharda Sahayak, Lucknow||XIV Circle Irrigation Works, Azamgarh||SSD-32, azamgarh",AZAMGARH,276001.0,2.0,"58,000",arvind kumar yadav,"61,183",Accepted-AOC,12-Dec-2025,"U P Irrigation Department (Civil)||Chief Engineer-Sharda Sahayak, Lucknow||XIV Circle Irrigation Works, Azamgarh||SSD-32, azamgarh"
2025_UPIDC_1091307_2,09/SE/2025-26,CC lining work from Km 3.250 to Km 4.550 of Jait Minor,CC lining work from Km 3.250 to Km 4.550 of Jait Minor,Works,Open Tender,Item Rate,Civil Works,No,No,NA ,17-Nov-2025 11:15 AM,19-Nov-2025 01:00 PM ,90.0,No ,No,Online,22-Nov-2025 03:00 PM,U P Irrigation Department (Civil)||Chief Engineer ( Yamuna) Okhla||S E Irrigation Works Circle III Agra,Mathura,281001.0,2.0,"83,72,000",rupendra kumar bhardwaj,"5,865,530",Rejected-Finance,06-Dec-2025,U P Irrigation Department (Civil)||Chief Engineer ( Yamuna) Okhla||S E Irrigation Works Circle III Agra
2025_UPIDC_1084460_20,01/EE/2025-26,Earth work in silt clearance/Scarping of Rajgar Dy form km 0.000 km 5.400,Earth work in silt clearance/Scarping of Rajgar Dy form km 0.000 km 5.400,Works,Open Tender,Item Rate,Civil Works - Canal,No,No,NA ,06-Nov-2025 10:00 AM,NA ,90.0,No ,No,Online,12-Nov-2025 03:00 PM,"U P Irrigation Department (Civil)||Chief Engineer-Saryu Project-2, Gonda||Drainage Cirlce, Gonda||SCD-1 Balrampur",Balrampur,271201.0,2.0,"2,55,000",PRAVEEN KUMAR TRIPATHI CONTRACTOR AND GENERAL ORDER SUPPLIER,"251,686.58",Rejected-AOC,08-Dec-2025,"U P Irrigation Department (Civil)||Chief Engineer-Saryu Project-2, Gonda||Drainage Cirlce, Gonda||SCD-1 Balrampur"
2025_UPPRD_1064082_155,240/Nivida/ZP/2025-26 Date- 22-07-2025,Work No 155 Gram Ahorvan Bhavani me bajar se deviganj chaurahe tak nali nirmaan,Work No 155 Gram Ahorvan Bhavani me bajar se deviganj chaurahe tak nali nirmaan,Works,Open Tender,Percentage,Civil Works - Others,No,No,NA ,11-Aug-2025 12:00 PM,NA ,90.0,No ,No,Offline,18-Aug-2025 02:30 PM,Panchayati Raj Department||Zila Panchayat Amethi,Amethi,227409.0,2.0,"12,95,934",Fair Deals,"1,292,694.085",Rejected-Finance,26-Dec-2025,Panchayati Raj Department||Zila Panchayat Amethi
2025_UPPRD_1064082_61,240/Nivida/ZP/2025-26 Date- 22-07-2025,Work No 61 Gram panchayat kanaksinghpur ke chhatta ka purva me Ram kripal ke ghar ke pass puliya se Ram sumer chaurasiya ke machine ki oor eet- soling,Work No 61 Gram panchayat kanaksinghpur ke chhatta ka purva me Ram kripal ke ghar ke pass puliya se Ram sumer chaurasiya ke machine ki oor eet- soling,Works,Open Tender,Percentage,Civil Works - Others,No,No,NA ,11-Aug-2025 12:00 PM,NA ,90.0,No ,No,Offline,18-Aug-2025 02:30 PM,Panchayati Raj Department||Zila Panchayat Amethi,Amethi,227409.0,2.0,"22,95,334",JITENDRA BAHADUR SINGH,"2,293,038.256",Rejected-Finance,16-Dec-2025,Panchayati Raj Department||Zila Panchayat Amethi
2025_UPPRD_1064082_141,240/Nivida/ZP/2025-26 Date- 22-07-2025,Work No 141 Gram sabha Niyanva me Jafarganj Gadha road se keshvram prajapati ke ghar se kripal maurya ki oor se nali nirmaan kary,Work No 141 Gram sabha Niyanva me Jafarganj Gadha road se keshvram prajapati ke ghar se kripal maurya ki oor se nali nirmaan kary,Works,Open Tender,Percentage,Civil Works - Others,No,No,NA ,11-Aug-2025 12:00 PM,NA ,90.0,No ,No,Offline,18-Aug-2025 02:30 PM,Panchayati Raj Department||Zila Panchayat Amethi,Amethi,227409.0,2.0,"11,30,768",KUSHAGRA ENTERPRISES,"1,129,636.857",Rejected-Finance,26-Dec-2025,Panchayati Raj Department||Zila Panchayat Amethi
2025_UPPRD_1064082_49,240/Nivida/ZP/2025-26 Date- 22-07-2025,Work No 49 Gramsabha Jangalramnagar me Gauriganj- Amethi marg se bhusupaar gaon me interlocking tak lepan kary,Work No 49 Gramsabha Jangalramnagar me Gauriganj- Amethi marg se bhusupaar gaon me interlocking tak lepan kary,Works,Open Tender,Percentage,Civil Works - Others,No,No,NA ,11-Aug-2025 12:00 PM,NA ,90.0,No ,No,Offline,18-Aug-2025 02:30 PM,Panchayati Raj Department||Zila Panchayat Amethi,Amethi,227409.0,2.0,"15,50,993",Ayodhya Associates,"1,549,442.255",Rejected-Finance,15-Dec-2025,Panchayati Raj Department||Zila Panchayat Amethi
2025_UPIDC_1078690_20,03/EESNK1BANSI/2025-26,SiltScraping and jungle clearance of Mithwal Dy. At km 0.000 to 8.000,SiltScraping and jungle clearance of Mithwal Dy. At km 0.000 to 8.000,Works,Open Tender,Item Wise,Civil Works - Canal,No,No,NA ,04-Oct-2025 10:00 AM,NA ,90.0,No ,No,Online,13-Oct-2025 02:00 PM,"U P Irrigation Department (Civil)||Chief Engineer-Saryu Project-2, Gonda||Rapti CC Circle-2, Basti||SCD, bansi",SIDDHARTH NAGAR,272153.0,2.0,"3,89,000",CHANDRIKA PRASAD THEKEDAR,"267,689.98",Rejected-Finance,11-Dec-2025,"U P Irrigation Department (Civil)||Chief Engineer-Saryu Project-2, Gonda||Rapti CC Circle-2, Basti||SCD, bansi"
2025_UPIDC_1085704_31,03/EE/2025-26,Construction of Gul Crossing of Akbarabad Mr. at km. 3.450,Construction of Gul Crossing of Akbarabad Mr. at km. 3.450,Works,Open Tender,Item Wise,Civil Works - Canal,No,No,NA ,06-Dec-2025 10:00 AM,NA ,90.0,No ,No,Online,11-Dec-2025 03:00 PM,"U P Irrigation Department (Civil)||Chief Engineer-Eastern Ganga, Moradabad||EGCC Circle, Bijnore||EGCD-6, nazibabad",Najibabad,246763.0,2.0,"2,20,000",CHHATAR PAL SINGH CONTRACTOR,"177,783.7",Rejected-Finance,31-Dec-2025,"U P Irrigation Department (Civil)||Chief Engineer-Eastern Ganga, Moradabad||EGCC Circle, Bijnore||EGCD-6, nazibabad"
2025_UPIDC_1085665_5,02/AE-I/2025-26,Earth Work in Silt Clearance and Scraping of Dingurpur Mr. from Km. 0.000 to Km. 1.600 and Tahar Kishundevpur Mr. from Km. 0.000 to Km. 1.650,Silt Clearance and Scraping,Works,Open Tender,Item Rate,Civil Works,No,No,NA ,27-Oct-2025 10:00 AM,NA ,90.0,No ,No,Online,03-Nov-2025 12:30 PM,"U P Irrigation Department (Civil)||Chief Engineer-Sharda Sahayak, Lucknow||XIV Circle Irrigation Works, Azamgarh||SSD-32, azamgarh",AZAMGARH,276001.0,2.0,"45,000",M S CONSTRUCTION,"35,841.88",Rejected-AOC,28-Nov-2025,"U P Irrigation Department (Civil)||Chief Engineer-Sharda Sahayak, Lucknow||XIV Circle Irrigation Works, Azamgarh||SSD-32, azamgarh"
2025_UPIDC_1085704_1,03/EE/2025-26,Restoration of Canal Section of Nindru Mr. from km. 0.000 to 2.950,Restoration of Canal Section of Nindru Mr. from km. 0.000 to 2.950,Works,Open Tender,Item Wise,Civil Works - Canal,No,No,NA ,27-Oct-2025 10:00 AM,NA ,90.0,No ,No,Online,05-Nov-2025 02:00 PM,"U P Irrigation Department (Civil)||Chief Engineer-Eastern Ganga, Moradabad||EGCC Circle, Bijnore||EGCD-6, nazibabad",Najibabad,246763.0,2.0,"3,25,000",SANDEEP KUMAR SINGHAL,"202,614.8",Rejected-Technical,16-Dec-2025,"U P Irrigation Department (Civil)||Chief Engineer-Eastern Ganga, Moradabad||EGCC Circle, Bijnore||EGCD-6, nazibabad"
2025_UPPRC_1075301_1,48/UPPCL/GM-7/E-TENDER/2025-26 Dated-18.09.2025,Electrical Distribution System at Abhisuchna Head Office Campus new Building District-Lucknow (U.P.),Electrical Distribution System at Abhisuchna Head Office Campus new Building District-Lucknow (U.P.),Works,Open Tender,Percentage,Electrical Works,No,No,NA ,19-Sep-2025 02:00 PM,NA ,90.0,No ,No,Online,03-Oct-2025 04:00 PM,U.P. Projects Corporation Ltd.||U.P. Projects Corp. Ltd.(MD)||Zone-7 Lucknow,District-Lucknow (U.P.),226001.0,2.0,"81,51,000",M/S DHARINI INFRA TECH,"7,444,504.72",Accepted-AOC,13-Dec-2025,U.P. Projects Corporation Ltd.||U.P. Projects Corp. Ltd.(MD)||Zone-7 Lucknow
2025_UPIDC_1079112_19,01/S.S.K-51/2025-26,CUTTING OF EXTRA BERM IN INTERNAL SECTION AND STRENTHENING OF BANK FROM KM 117.000 TO KM 117.950 OF JAUNPUR BRANCH,CUTTING OF EXTRA BERM IN INTERNAL SECTION AND STRENTHENING OF BANK FROM KM 117.000 TO KM 117.950 OF JAUNPUR BRANCH,Works,Open Tender,Item Rate,Civil Works,No,No,NA ,01-Oct-2025 06:00 PM,NA ,90.0,No ,No,Online,14-Oct-2025 01:00 PM,"U P Irrigation Department (Civil)||Chief Engineer-Sharda Sahayak, Lucknow||XVI Circle Irrigation Works, Pratapgargh||Sharda Sahayak Division 51 Pratapgarh",Pratapgarh,230001.0,2.0,"9,62,000",A K CONSTRUCTION COMPANY,"461,698.25",Rejected-Finance,06-Dec-2025,"U P Irrigation Department (Civil)||Chief Engineer-Sharda Sahayak, Lucknow||XVI Circle Irrigation Works, Pratapgargh||Sharda Sahayak Division 51 Pratapgarh"
2025_UPIDC_1082539_1,01/EE/2025-26,Silt clearance work of Left Juriya Mr. from km. 0.000 to km. 13.740,Silt Clearance,Works,Open Tender,Item Rate,Civil Works - Canal,No,No,NA ,14-Oct-2025 12:45 PM,NA ,90.0,No ,No,Online,21-Oct-2025 03:00 PM,"U P Irrigation Department (Civil)||Chief Engineer-Ram Ganga, Kanpur||Irrigation Works Circle, Etawah||ID, auriya",Silt clearance work of Left Juriya Mr. from km. 0.,206244.0,2.0,"3,42,000",M/S Vimla construction,"287,623",Rejected-Finance,14-Dec-2025,"U P Irrigation Department (Civil)||Chief Engineer-Ram Ganga, Kanpur||Irrigation Works Circle, Etawah||ID, auriya"
2025_UPPCL_1068729_1,26/ECCD-I/ 2025-26,MandR of Misc Civil works in Res No 28 36 42 at V N P Hydel officers colony Lucknow,MandR of Misc Civil works in Res No 28 36 42 at V N P Hydel officers colony Lucknow,Works,Open Tender,Percentage,Civil Works,No,No,NA ,27-Aug-2025 09:00 AM,NA ,120.0,No ,No,Offline,19-Sep-2025 03:30 PM,Uttar Pradesh Power Corporation Ltd.||SE Civil HQ Shakti Bhawan Extension||EE Civil HQ Attached to CE Civil 2||SE Civil HQ||EE ECCD Ist,LUCKNOW,226024.0,2.0,"2,76,717",M/S RAKESH ASSOCIATES,"232,968.25",Rejected-AOC,06-Dec-2025,Uttar Pradesh Power Corporation Ltd.||SE Civil HQ Shakti Bhawan Extension||EE Civil HQ Attached to CE Civil 2||SE Civil HQ||EE ECCD Ist
2025_UPIDC_1086698_12,04/AE-IV/2025-26,Earth Work in Silt Clearance/Scraping of Unaji Mr. from Km. 0.000 to Km. 3.900 and Unchaganw Mr. from Km. 0.000 to Km. 0.900,Silt Clearance/Scraping,Works,Open Tender,Item Rate,Civil Works,No,No,NA ,30-Oct-2025 10:00 AM,NA ,90.0,No ,No,Online,07-Nov-2025 12:30 PM,"U P Irrigation Department (Civil)||Chief Engineer-Sharda Sahayak, Lucknow||XIV Circle Irrigation Works, Azamgarh||SSD-32, azamgarh",AZAMGARH,276001.0,2.0,"1,00,000",ANAND CONSTRUCTION,"55,130",Accepted-AOC,06-Dec-2025,"U P Irrigation Department (Civil)||Chief Engineer-Sharda Sahayak, Lucknow||XIV Circle Irrigation Works, Azamgarh||SSD-32, azamgarh"
2025_UPIDC_1079112_25,01/S.S.K-51/2025-26,"SILT CLEARANCE/SCRAPING OF KHANAPUR MINOR FROM KM 0.000 TO KM 1.800, SONARI MINOR FROM KM 0.000 TO 2.451 and CHIRA MINOR FROM KM 0.000 TO 6.531","SILT CLEARANCE/SCRAPING OF KHANAPUR MINOR FROM KM 0.000 TO KM 1.800, SONARI MINOR FROM KM 0.000 TO 2.451 and CHIRA MINOR FROM KM 0.000 TO 6.531",Works,Open Tender,Item Rate,Civil Works,No,No,NA ,30-Oct-2025 03:00 PM,NA ,90.0,No ,No,Online,06-Nov-2025 03:00 PM,"U P Irrigation Department (Civil)||Chief Engineer-Sharda Sahayak, Lucknow||XVI Circle Irrigation Works, Pratapgargh||Sharda Sahayak Division 51 Pratapgarh",Pratapgarh,230001.0,2.0,"2,99,000",M/S AMAR NATH VERMA CONTRACTOR,"224,692.59",Accepted-AOC,21-Nov-2025,"U P Irrigation Department (Civil)||Chief Engineer-Sharda Sahayak, Lucknow||XVI Circle Irrigation Works, Pratapgargh||Sharda Sahayak Division 51 Pratapgarh"
2025_UPIDC_1082971_10,05/EE/2025-26,Scraping and jungle clearance of Sujauna Minor from Km. 0.00 to Km. 6.400 in District Prayagraj,Scraping and jungle clearance of Sujauna Minor from Km. 0.00 to Km. 6.400 in District Prayagraj,Works,Open Tender,Item Wise,Civil Works - Canal,No,No,NA ,18-Oct-2025 11:30 AM,NA ,90.0,No ,No,Online,30-Oct-2025 02:00 PM,"U P Irrigation Department (Civil)||Chief Engineer-Sone, Varanasi||Irrigation Works Circle, Allahabad||BCD, allahabad",Bara Tehshil,212107.0,2.0,"2,26,000",AARUSHI CONSTRUCTION,"158,267",Rejected-Finance,09-Dec-2025,"U P Irrigation Department (Civil)||Chief Engineer-Sone, Varanasi||Irrigation Works Circle, Allahabad||BCD, allahabad"
2025_UPIDC_1082813_4,03/EE/2025-26,AS PER TENDER NOTICE-03 LOT 04,SILT CLEARENCE / SCRAPING OF BAINTI DY. FROM KM. 0.000 TO KM. 10.334 FOR THE YEAR 2025-26,Works,Open Tender,Item Rate,Civil Works - Canal,No,No,NA ,16-Oct-2025 11:00 AM,NA ,90.0,No ,No,Online,06-Nov-2025 03:00 PM,"U P Irrigation Department (Civil)||Chief Engineer-Sharda Sahayak, Lucknow||VII Circle Irrigation Works, Lucknow||EE SSK Division-28 Haidergarh",Haidergarh,225124.0,2.0,,R B KARAN SINGH,"397,587.8",Rejected-Finance,15-Nov-2025,"U P Irrigation Department (Civil)||Chief Engineer-Sharda Sahayak, Lucknow||VII Circle Irrigation Works, Lucknow||EE SSK Division-28 Haidergarh"
2025_UPIDC_1082424_1,05/SE/2025-26,Construction of R/S Service Road between Km. 23.675 to 30.250 of B.S.F.C.,Construction of R/S Service Road between Km. 23.675 to 30.250 of B.S.F.C.,Works,Open Tender,Item Rate,Civil Works,No,No,NA ,13-Oct-2025 05:30 PM,NA ,90.0,No ,No,Online,27-Oct-2025 03:00 PM,"U P Irrigation Department (Civil)||Chief Engineer-Bansagar, Allahabad||Ban Sagar CC-2, Mirjapur","Sidhi, MP",486661.0,2.0,,S.B. ENTERPRISES,"10,696,736",Rejected-Finance,02-Dec-2025,"U P Irrigation Department (Civil)||Chief Engineer-Bansagar, Allahabad||Ban Sagar CC-2, Mirjapur"
2025_UPIDC_1083393_22,01/EE/2025-26,Scraping of internal Section of Madanpur Minor from km. 0.000 to km. 3.400,Scraping of internal Section of Madanpur Minor from km. 0.000 to km. 3.400,Works,Open Tender,Item Rate,Civil Works - Canal,No,No,NA ,18-Oct-2025 10:00 AM,NA ,90.0,No ,No,Online,28-Oct-2025 03:00 PM,"U P Irrigation Department (Civil)||Chief Engineer-Saryu Project-2, Gonda||Drainage Cirlce, Gonda||SCD-3 Gonda",Siddharthnagar,272153.0,2.0,"50,000",M/S DHARMENDRA KUMAR THEKEDAR,"36,770.55",Rejected-Finance,15-Nov-2025,"U P Irrigation Department (Civil)||Chief Engineer-Saryu Project-2, Gonda||Drainage Cirlce, Gonda||SCD-3 Gonda"
2025_UPIDC_1081481_10,01/EE/2025-26,Silt Clearance/Scraping between Km. 8.000 to Km. 20.000 of Utraula Dy.,Silt Clearance/Scraping between Km. 8.000 to Km. 20.000 of Utraula Dy.,Works,Open Tender,Item Rate,Civil Works - Canal,No,No,NA ,11-Oct-2025 04:00 PM,NA ,90.0,No ,No,Online,24-Oct-2025 03:00 PM,"U P Irrigation Department (Civil)||Chief Engineer-Saryu Project-2, Gonda||Drainage Cirlce, Gonda||SCD-4 Balrampur",Balrampur,271201.0,2.0,"5,73,000",M/S ANAND KUMAR,"369,569.53",Accepted-AOC,22-Nov-2025,"U P Irrigation Department (Civil)||Chief Engineer-Saryu Project-2, Gonda||Drainage Cirlce, Gonda||SCD-4 Balrampur"
2025_UPTCL_1035535_1,05-ETC-I(P)/ 2025-2026,05-ETC-I(P)/ 2025-2026,"Strengthening and Maintenance of outgoing 11 KV Bay of 20 MVA T/F-I and II alongwith supply and fixing of 11 KV CT, PT, Clamp Connector and other associated works at 132 KV Substation Gyanpur Pump Canal under Electy. Trans. Division-I, Prayagraj.",Works,Open Tender,Item Rate,Electrical Works,No,No,NA ,02-May-2025 05:30 PM,NA ,120.0,No ,No,Offline,20-May-2025 01:00 PM,UP Power Transmission Corp.Ltd (Operation)||Chief Engineer (TE) East Allahabad||S.E. ETC- I Allahabad,Prayagraj,211001.0,2.0,"3,30,505",ELECTRO INDIA,"323,373.3",Rejected-AOC,11-Dec-2025,UP Power Transmission Corp.Ltd (Operation)||Chief Engineer (TE) East Allahabad||S.E. ETC- I Allahabad
2025_UPIDC_1079102_20,01/EE/2025-26,Silt Clearance and Scrapping from Km. 5.000 to Km. 10.700 of Gola Branch Canal,Silt Clearance and Scrapping from Km. 5.000 to Km. 10.700 of Gola Branch Canal,Works,Open Tender,Item Rate,Civil Works - Canal,No,No,NA ,03-Oct-2025 10:00 AM,NA ,90.0,No ,No,Online,11-Oct-2025 11:00 AM,"U P Irrigation Department (Civil)||Chief Engineer-Saryu Project-2, Gonda||Irrigation Construction Circle, Basti||SCD-I, gorakhpur",Gorakhpur,273001.0,2.0,"4,23,000",KALAYANI CONSTRUTION,"202,415.48",Rejected-Finance,17-Nov-2025,"U P Irrigation Department (Civil)||Chief Engineer-Saryu Project-2, Gonda||Irrigation Construction Circle, Basti||SCD-I, gorakhpur"
2025_UPIDC_1086963_2,3646/IDMBD/Etender/2025 Dt 16.10.2025,Restoraton Bet Km 28.830 to 28.870 of Damaged Section of Mahmmoodpur Dy.,Restoraton Bet Km 28.830 to 28.870 of Damaged Section of Mahmmoodpur Dy.,Works,Open Tender,Item Rate,Civil Works - Canal,No,No,NA ,30-Oct-2025 04:00 PM,NA ,90.0,No ,No,Online,06-Nov-2025 02:00 PM,"U P Irrigation Department (Civil)||Chief Engineer-Eastern Ganga, Moradabad||Irrigation Works Circle, Moradabad||ID, moradabad",Moradabad,244001.0,2.0,"4,02,000",V K CONTRACTOR,"260,635",Rejected-Finance,01-Dec-2025,"U P Irrigation Department (Civil)||Chief Engineer-Eastern Ganga, Moradabad||Irrigation Works Circle, Moradabad||ID, moradabad"
2025_UPIDC_1087895_14,03/E.E/2025-26,Silt clearance of Sagra Dy from Km 0.000 to Km 15.00,Silt clearance of Sagra Dy from Km 0.000 to Km 15.00,Works,Open Tender,Item Wise,Civil Works - Canal,No,No,NA ,03-Nov-2025 09:00 AM,NA ,15.0,No ,No,Online,11-Nov-2025 11:00 AM,"U P Irrigation Department (Civil)||Chief Engineer-Sharda Sahayak, Lucknow||XVI Circle Irrigation Works, Pratapgargh||ID, pratapgarh",pratapgarh,230001.0,2.0,"15,58,000",M/s Raju Yadav,"1,358,946.47",Rejected-Finance,24-Nov-2025,"U P Irrigation Department (Civil)||Chief Engineer-Sharda Sahayak, Lucknow||XVI Circle Irrigation Works, Pratapgargh||ID, pratapgarh"
2025_UPIDC_1081481_14,01/EE/2025-26,Silt Clearance/Scraping of Bhagautapur Mr. between Km. 0.000 to Km. 8.900,Silt Clearance/Scraping of Bhagautapur Mr. between Km. 0.000 to Km. 8.900,Works,Open Tender,Item Rate,Civil Works - Canal,No,No,NA ,27-Oct-2025 09:00 AM,NA ,90.0,No ,No,Online,03-Nov-2025 03:00 PM,"U P Irrigation Department (Civil)||Chief Engineer-Saryu Project-2, Gonda||Drainage Cirlce, Gonda||SCD-4 Balrampur",Balrampur,271201.0,2.0,"2,38,000",DEV CONTRACTOR,"171,447.24",Accepted-AOC,22-Nov-2025,"U P Irrigation Department (Civil)||Chief Engineer-Saryu Project-2, Gonda||Drainage Cirlce, Gonda||SCD-4 Balrampur"
2025_UPIDC_1083393_26,01/EE/2025-26,Scraping of internal Section from km. 0.000 to km. 7.600 Bijwar Minor.,Scraping of internal Section from km. 0.000 to km. 7.600 Bijwar Minor.,Works,Open Tender,Item Rate,Civil Works - Canal,No,No,NA ,06-Nov-2025 10:00 AM,NA ,90.0,No ,No,Online,13-Nov-2025 03:00 PM,"U P Irrigation Department (Civil)||Chief Engineer-Saryu Project-2, Gonda||Drainage Cirlce, Gonda||SCD-3 Gonda",Siddharthnagar,272153.0,2.0,"1,74,000",M/S KANIK RAM THEKEDAR,"110,977.6",Rejected-Finance,06-Dec-2025,"U P Irrigation Department (Civil)||Chief Engineer-Saryu Project-2, Gonda||Drainage Cirlce, Gonda||SCD-3 Gonda"
2025_UPIDC_1079102_18,01/EE/2025-26,Silt Clearance from Km. 0.000 to Km. 5.000 of Gola Main Canal,Silt Clearance from Km. 0.000 to Km. 5.000 of Gola Main Canal,Works,Open Tender,Item Rate,Civil Works - Canal,No,No,NA ,03-Oct-2025 10:00 AM,NA ,90.0,No ,No,Online,11-Oct-2025 11:00 AM,"U P Irrigation Department (Civil)||Chief Engineer-Saryu Project-2, Gonda||Irrigation Construction Circle, Basti||SCD-I, gorakhpur",Gorakhpur,273001.0,2.0,"11,20,000",M/S SHYAM ASSOCIATE,"526,740.75",Rejected-Finance,17-Nov-2025,"U P Irrigation Department (Civil)||Chief Engineer-Saryu Project-2, Gonda||Irrigation Construction Circle, Basti||SCD-I, gorakhpur"
2025_UPIDM_1073768_2,1094/EE-LID GKP/02/09/2025/26-27,"NABARD Funded Modernization of Ch. Charan Singh Doharighat Pump Canal, Distt- Mau SECURITY FANCING WORK (105MRT. LENGTH) with all requierd accessories, tool and tackle at doharighat pump canal mau.","NABARD Funded Modernization of Ch. Charan Singh Doharighat Pump Canal, Distt- Mau SECURITY FANCING WORK (105MTR. LENGTH) with all requierd accessories, tool and tackle at doharighat pump canal mau.",Works,Open Tender,Item Rate,Civil Works,No,No,NA ,11-Oct-2025 01:00 PM,NA ,90.0,No ,No,Online,17-Oct-2025 03:00 PM,U P Irrigation Department (Mechanical)||Chief Engineer (Tubewell East)||Superintending Engineer (Tubewell) Gorakhpur||Executive Engineer(LID) Gorakhpur,DOHARIGHAT MAU,275301.0,2.0,"10,31,000",KALAYANI CONSTRUTION,"718,572.1",Rejected-Technical,13-Dec-2025,U P Irrigation Department (Mechanical)||Chief Engineer (Tubewell East)||Superintending Engineer (Tubewell) Gorakhpur||Executive Engineer(LID) Gorakhpur
2025_YEIDA_1081634_1,YEA/OSD(M)/2025/316 DT-25/09/2025,Supply Installation Testing Commissioning of 16mtr Hight Mast LED Light at Dankaur Navada mod Atta Gujran Baba Mandir yea. (WC-EM-02),Supply Installation Testing Commissioning of 16mtr Hight Mast LED Light at Dankaur Navada mod Atta Gujran Baba Mandir yea. (WC-EM-02),Works,Open Tender,Item Rate,Electrical Works,No,No,NA ,10-Oct-2025 06:55 PM,NA ,90.0,No ,No,Online,29-Oct-2025 11:00 AM,Yamuna Expressway Industrial Development Authority,YAMUNA EXPRESSWAY INDUSTRIAL DEVELOPMENT AUTHORITY,201308.0,2.0,"9,40,766",ASYE ELECTRICALS PVT LTD,"638,780.11",Rejected-Finance,31-Dec-2025,Yamuna Expressway Industrial Development Authority
2025_UPPAN_1087256_1,"3297/PAN/ET/25-26, DT. 29-10-2025",CONSTRUCTION OF MESS AT THANA KUNDARKI DISTT MORADABAD U.P.,CONSTRUCTION OF MESS AT THANA KUNDARKI DISTT MORADABAD U.P.,Works,Open Tender,Percentage,Civil Works,No,No,NA ,30-Oct-2025 05:00 PM,NA ,90.0,No ,No,Online,14-Nov-2025 11:30 AM,UP Police Awas Nigam Limited||UP Police Awas Nigam Ltd HQ Lucknow,KUNDARKI DISTT MORADABAD U.P.,244413.0,2.0,"13,71,000",A H CONSTRUCTION,"1,103,655",Rejected-Finance,23-Dec-2025,UP Police Awas Nigam Limited||UP Police Awas Nigam Ltd HQ Lucknow
2025_UPPRD_1073328_28,875/Nivida/ZP/2025-26 Date- 10-09-2025,Work No 28 Gramsabha savangi me panchayat bhawan ke pass C.C. road se interlocking tak C.C.,Work No 28 Gramsabha savangi me panchayat bhawan ke pass C.C. road se interlocking tak C.C.,Works,Open Tender,Percentage,Civil Works - Others,No,No,NA ,12-Sep-2025 12:00 PM,NA ,30.0,No ,No,Offline,17-Sep-2025 01:00 PM,Panchayati Raj Department||Zila Panchayat Amethi,Amethi,227409.0,2.0,"15,45,271",BRIJESH PRATAP SINGH,"1,543,725.719",Accepted-AOC,30-Dec-2025,Panchayati Raj Department||Zila Panchayat Amethi
2025_UPPRD_1073328_14,875/Nivida/ZP/2025-26 Date- 10-09-2025,Work No 14 Gram sabha pipri Ahamdabad me tiloi pitch road se gaon tak eet soling kary,Work No 14 Gram sabha pipri Ahamdabad me tiloi pitch road se gaon tak eet soling kary,Works,Open Tender,Percentage,Civil Works - Others,No,No,NA ,12-Sep-2025 12:00 PM,NA ,30.0,No ,No,Offline,17-Sep-2025 01:00 PM,Panchayati Raj Department||Zila Panchayat Amethi,Amethi,227409.0,2.0,"11,70,903",M/S PIYUSH TRADERS,"1,170,200.338",Rejected-Finance,30-Dec-2025,Panchayati Raj Department||Zila Panchayat Amethi
2025_UPIDC_1090533_2,04/EE/2025-26,Silt Clearance /scraping of jhalu dy.from km 0.00 to 8.745 km (Lot-02),Silt Clearance /scraping of jhalu dy.from km 0.00 to 8.745 km,Works,Open Tender,Item Wise,Civil Works - Canal,No,No,NA ,18-Nov-2025 10:00 AM,NA ,90.0,No ,No,Online,25-Nov-2025 11:00 AM,"U P Irrigation Department (Civil)||Chief Engineer-Eastern Ganga, Moradabad||EGCC Circle, Haridwar||ID, bijnore",Bijnor,246701.0,2.0,"4,57,000",MANOJ CHAUDHARY,"312,638.36",Rejected-AOC,28-Nov-2025,"U P Irrigation Department (Civil)||Chief Engineer-Eastern Ganga, Moradabad||EGCC Circle, Haridwar||ID, bijnore"
2025_UPIDC_1083178_9,05/AE-1/2025-26,Earth work in silt clearance/Scarping of Ekgharwa Mr. form km 0.000 km 6.410,Earth work in silt clearance/Scarping of Ekgharwa Mr. form km 0.000 km 6.410,Works,Open Tender,Item Rate,Civil Works - Canal,No,No,NA ,06-Nov-2025 10:00 AM,NA ,90.0,No ,No,Online,12-Nov-2025 03:00 PM,"U P Irrigation Department (Civil)||Chief Engineer-Saryu Project-2, Gonda||Drainage Cirlce, Gonda||SCD-1 Balrampur",Shrawasti,271805.0,2.0,"1,65,000",Amar Singh,"163,618",Accepted-AOC,31-Dec-2025,"U P Irrigation Department (Civil)||Chief Engineer-Saryu Project-2, Gonda||Drainage Cirlce, Gonda||SCD-1 Balrampur"
2025_UPIDC_1082971_14,05/EE/2025-26,Clearance of Internal section of Surwal Minor from Km.0.000 to Km. 4.500 in District Prayagraj,Clearance of Internal section of Surwal Minor from Km.0.000 to Km. 4.500 in District Prayagraj,Works,Open Tender,Item Wise,Civil Works - Canal,No,No,NA ,18-Oct-2025 11:30 AM,NA ,90.0,No ,No,Online,30-Oct-2025 02:00 PM,"U P Irrigation Department (Civil)||Chief Engineer-Sone, Varanasi||Irrigation Works Circle, Allahabad||BCD, allahabad",Bara Tehshil,212107.0,2.0,"1,15,000",MAA ENTERPRISES,"98,982",Rejected-Finance,17-Dec-2025,"U P Irrigation Department (Civil)||Chief Engineer-Sone, Varanasi||Irrigation Works Circle, Allahabad||BCD, allahabad"
2025_UPIDC_1079112_21,01/S.S.K-51/2025-26,CUTTING OF BERM IN INTERNAL SECTION AND STRENGTHENING OF WEAK BANK OF RIGHT BANK JAUNPUR BRANCH FROM KM 114.600 TO KM 116.000 JAUNPUR BRANCH,CUTTING OF BERM IN INTERNAL SECTION AND STRENGTHENING OF WEAK BANK OF RIGHT BANK JAUNPUR BRANCH FROM KM 114.600 TO KM 116.000 JAUNPUR BRANCH,Works,Open Tender,Item Rate,Civil Works,No,No,NA ,01-Oct-2025 06:00 PM,NA ,90.0,No ,No,Online,14-Oct-2025 01:00 PM,"U P Irrigation Department (Civil)||Chief Engineer-Sharda Sahayak, Lucknow||XVI Circle Irrigation Works, Pratapgargh||Sharda Sahayak Division 51 Pratapgarh",Pratapgarh,230001.0,2.0,"14,99,000",M/S G.S. CONSTRUCTION,"760,246",Rejected-Finance,06-Dec-2025,"U P Irrigation Department (Civil)||Chief Engineer-Sharda Sahayak, Lucknow||XVI Circle Irrigation Works, Pratapgargh||Sharda Sahayak Division 51 Pratapgarh"
2025_UPIDC_1086669_38,04/EEAID/2025-26,LOT09 Pili bandh par sthit banaili escape ke Baayin or Jungali janwaron se Suraksha Hetu Suraksha railing ka Karya.,LOT09 Pili bandh par sthit banaili escape ke Baayin or Jungali janwaron se Suraksha Hetu Suraksha railing ka Karya.,Works,Open Tender,Item Rate,Civil Works,No,No,NA ,08-Nov-2025 04:00 PM,NA ,90.0,No ,No,Online,13-Nov-2025 04:30 PM,"U P Irrigation Department (Civil)||Chief Engineer-Eastern Ganga, Moradabad||Irrigation Works Circle, Moradabad||AID, dhampur",DHAMPUR,246761.0,2.0,"75,70,000",NARENDRA KUMAR,"615,099.58",Rejected-Technical,26-Dec-2025,"U P Irrigation Department (Civil)||Chief Engineer-Eastern Ganga, Moradabad||Irrigation Works Circle, Moradabad||AID, dhampur"
2025_UPPCL_1051792_3,19/ECCD-I/ 2025-26,MandR of Plaster Repairing Flooring Painring of Garrage of Res No 3and12 2and32 and 3and6 Casting of saptic tank cover and increasing of man gate hight At P N Road Hydel staff colony Lucknow,MandR of Plaster Repairing Flooring Painring of Garrage of Res No 3and12 2and32 and 3and6 Casting of saptic tank cover and increasing of man gate hight At P N Road Hydel staff colony Lucknow,Works,Open Tender,Percentage,Civil Works,No,No,NA ,12-Sep-2025 12:40 PM,NA ,120.0,No ,No,Offline,18-Sep-2025 03:30 PM,Uttar Pradesh Power Corporation Ltd.||SE Civil HQ Shakti Bhawan Extension||EE Civil HQ Attached to CE Civil 2||SE Civil HQ||EE ECCD Ist,LUCKNOW,226024.0,2.0,"2,69,981",B.M.C. AGRO TECH,"256,482.16",Rejected-AOC,06-Dec-2025,Uttar Pradesh Power Corporation Ltd.||SE Civil HQ Shakti Bhawan Extension||EE Civil HQ Attached to CE Civil 2||SE Civil HQ||EE ECCD Ist
2025_UPIDC_1082729_8,01/E.E/2025-26,silt clearance of Nera minor from k.m 0.000 to km 9.000,silt clearance of Nera minor from k.m 0.000 to km 9.000,Works,Open Tender,Item Rate,Civil Works - Canal,No,No,NA ,15-Oct-2025 10:00 AM,NA ,90.0,No ,No,Online,24-Oct-2025 10:00 AM,"U P Irrigation Department (Civil)||Chief Engineer-Ram Ganga, Kanpur||II Circle Irrigation Works, Kanpur||MDLGC, mainpuri",mainpuri,205001.0,2.0,"2,38,000",KUSUM YADAV,"148,199.78",Accepted-AOC,26-Dec-2025,"U P Irrigation Department (Civil)||Chief Engineer-Ram Ganga, Kanpur||II Circle Irrigation Works, Kanpur||MDLGC, mainpuri"
2025_UPPRD_1064082_65,240/Nivida/ZP/2025-26 Date- 22-07-2025,Work No 65 Gram panchayat Mohammad newaaj ke antargart Khaudiya me Hira ka purwa se munsiganj road ki taraf C.C. kary,Work No 65 Gram panchayat Mohammad newaaj ke antargart Khaudiya me Hira ka purwa se munsiganj road ki taraf C.C. kary,Works,Open Tender,Percentage,Civil Works - Others,No,No,NA ,11-Aug-2025 12:00 PM,NA ,90.0,No ,No,Offline,18-Aug-2025 02:30 PM,Panchayati Raj Department||Zila Panchayat Amethi,Amethi,227409.0,2.0,"10,00,000",M/S V K CONSTRUCTION,"999,000.01",Rejected-Finance,16-Dec-2025,Panchayati Raj Department||Zila Panchayat Amethi
2025_UPPRD_1064082_151,240/Nivida/ZP/2025-26 Date- 22-07-2025,Work No 151 Gramsabha savangi me Nala nirmaan,Work No 151 Gramsabha savangi me Nala nirmaan,Works,Open Tender,Percentage,Civil Works - Others,No,No,NA ,11-Aug-2025 12:00 PM,NA ,90.0,No ,No,Offline,18-Aug-2025 02:30 PM,Panchayati Raj Department||Zila Panchayat Amethi,Amethi,227409.0,2.0,"8,64,683",M/S AMIT ENTERPRISES,"863,817.934",Rejected-Finance,26-Dec-2025,Panchayati Raj Department||Zila Panchayat Amethi
2025_UPIDC_1084460_24,01/EE/2025-26,Earth work in silt clearance/Scarping of Gumari Dy form km 0.000 km 5.280,Earth work in silt clearance/Scarping of Gumari Dy form km 0.000 km 5.280,Works,Open Tender,Item Rate,Civil Works - Canal,No,No,NA ,06-Nov-2025 10:00 AM,NA ,90.0,No ,No,Online,12-Nov-2025 03:00 PM,"U P Irrigation Department (Civil)||Chief Engineer-Saryu Project-2, Gonda||Drainage Cirlce, Gonda||SCD-1 Balrampur",EE S.N.K.-1 BALRAMPUR,271201.0,2.0,"2,45,000",M/S KAMLA PATI SHUKLA,"244,853.81",Rejected-Finance,02-Dec-2025,"U P Irrigation Department (Civil)||Chief Engineer-Saryu Project-2, Gonda||Drainage Cirlce, Gonda||SCD-1 Balrampur"
2025_UPPRD_1064082_71,240/Nivida/ZP/2025-26 Date- 22-07-2025,Work No 71 Gram sabha Tanda national Highway( yaduvanshi) se baba ka purva pitch road tak lepan kary,Work No 71 Gram sabha Tanda national Highway( yaduvanshi) se baba ka purva pitch road tak lepan kary,Works,Open Tender,Percentage,Civil Works - Others,No,No,NA ,11-Aug-2025 12:00 PM,NA ,90.0,No ,No,Offline,18-Aug-2025 02:30 PM,Panchayati Raj Department||Zila Panchayat Amethi,Amethi,227409.0,2.0,"10,56,121",rajan trading company,"1,055,064.941",Rejected-Finance,16-Dec-2025,Panchayati Raj Department||Zila Panchayat Amethi
2025_UPIDC_1078690_24,03/EESNK1BANSI/2025-26,SiltScraping and jungle clearance of bazardih minor from km 0.000 to 4.400,SiltScraping and jungle clearance of bazardih minor from km 0.000 to 4.400,Works,Open Tender,Item Wise,Civil Works - Canal,No,No,NA ,04-Oct-2025 10:00 AM,NA ,90.0,No ,No,Online,13-Oct-2025 02:00 PM,"U P Irrigation Department (Civil)||Chief Engineer-Saryu Project-2, Gonda||Rapti CC Circle-2, Basti||SCD, bansi",SIDDHARTH NAGAR,272153.0,2.0,"1,19,000",M/s Amrawati Constructions,"72,407.37",Accepted-AOC,11-Dec-2025,"U P Irrigation Department (Civil)||Chief Engineer-Saryu Project-2, Gonda||Rapti CC Circle-2, Basti||SCD, bansi"
2025_UPIDC_1088427_92,01/AE/2025-26,Lot-31,Silt clearance and Scraping,Works,Open Tender,Item Rate,Civil Works,No,No,NA ,17-Nov-2025 11:00 AM,NA ,90.0,No ,No,Online,22-Nov-2025 11:00 AM,"U P Irrigation Department (Civil)||Chief Engineer-Sharda Sahayak, Lucknow||XIV Circle Irrigation Works, Azamgarh||SSD-23, azamgarh",Azamgarh,276001.0,2.0,,BITTU CONSTRUCTION,"120,114.9",Accepted-AOC,28-Dec-2025,"U P Irrigation Department (Civil)||Chief Engineer-Sharda Sahayak, Lucknow||XIV Circle Irrigation Works, Azamgarh||SSD-23, azamgarh"
2025_UPPRD_1064082_59,240/Nivida/ZP/2025-26 Date- 22-07-2025,Work No 59 Gram panchayat tala me Amethi- Gauriganj mukhya marg se Belkhaur par Bhiravpur interlocking tak C.C.,Work No 59 Gram panchayat tala me Amethi- Gauriganj mukhya marg se Belkhaur par Bhiravpur interlocking tak C.C.,Works,Open Tender,Percentage,Civil Works - Others,No,No,NA ,11-Aug-2025 12:00 PM,NA ,90.0,No ,No,Offline,18-Aug-2025 02:30 PM,Panchayati Raj Department||Zila Panchayat Amethi,Amethi,227409.0,2.0,"16,58,936",MS KRISHNA CONSTRUCTION,"1,656,447.266",Rejected-Finance,16-Dec-2025,Panchayati Raj Department||Zila Panchayat Amethi
2025_UPIDC_1088427_86,01/AE/2025-26,Lot-24,Silt clearance and Scraping,Works,Open Tender,Item Rate,Civil Works,No,No,NA ,17-Nov-2025 11:00 AM,NA ,90.0,No ,No,Online,22-Nov-2025 11:00 AM,"U P Irrigation Department (Civil)||Chief Engineer-Sharda Sahayak, Lucknow||XIV Circle Irrigation Works, Azamgarh||SSD-23, azamgarh",Azamgarh,276001.0,2.0,,KHUDDI RAM,"141,800",Accepted-AOC,29-Dec-2025,"U P Irrigation Department (Civil)||Chief Engineer-Sharda Sahayak, Lucknow||XIV Circle Irrigation Works, Azamgarh||SSD-23, azamgarh"
2025_UPIDC_1082348_1,08/EE/2025-26,Silt Clearance of Lalganj Minor from Km. 0.000 to Km. 9.600 for year 2025-26 (LOT01),Silt Clearance of Lalganj Minor from Km. 0.000 to Km. 9.600 for year 2025-26 (LOT01),Works,Open Tender,Item Rate,Civil Works,No,No,NA ,14-Oct-2025 10:00 AM,NA ,90.0,No ,No,Online,21-Oct-2025 02:30 PM,"U P Irrigation Department (Civil)||Chief Engineer-Sharda Sahayak, Lucknow||VII Circle Irrigation Works, Lucknow||Lucknow Division Sharda Canal Lucknow",LALGANG MINOR MOHANLALGANG,226001.0,2.0,"3,30,334",AMIT KUMAR MISHRA,"321,715.2",Rejected-Technical,10-Nov-2025,"U P Irrigation Department (Civil)||Chief Engineer-Sharda Sahayak, Lucknow||VII Circle Irrigation Works, Lucknow||Lucknow Division Sharda Canal Lucknow"
2025_UPIDC_1079911_34,02/E.E/2025-26,"Silt Clearance of Harsinghpur Minor from km. 0.00 to 3.220 Bighauna Minor from km 0.00 to 3.720 and Bairampur Minor from km 0.00 to 4.530, for the Year 2025-26","Silt Clearance of Harsinghpur Minor from km. 0.00 to 3.220 Bighauna Minor from km 0.00 to 3.720 and Bairampur Minor from km 0.00 to 4.530, for the Year 2025-2",Works,Open Tender,Item Rate,Civil Works - Canal,No,No,NA ,01-Nov-2025 01:00 PM,NA ,90.0,No ,No,Online,07-Nov-2025 12:00 PM,"U P Irrigation Department (Civil)||Chief Engineer-Ram Ganga, Kanpur||II Circle Irrigation Works, Kanpur||ID, farrukhabad",FARRUKHABAD,209625.0,2.0,,MS RAVENDRA SINGH CONTRACTOR,"245,465.7",Accepted-AOC,15-Nov-2025,"U P Irrigation Department (Civil)||Chief Engineer-Ram Ganga, Kanpur||II Circle Irrigation Works, Kanpur||ID, farrukhabad"
2025_UPRNS_1058496_2,91/SE/PRAYAGRAJ/UPRNSS DATE 16.07.2025,Construction of Type IV and Type III 04 Nos. residence at Govt. engineering college Distt. Sonbhadra(U.P,Construction of Type IV and Type III 04 Nos. residence at Govt. engineering college Distt. Sonbhadra(U.P,Works,Open Tender,Percentage,Civil Works - Buildings,No,No,NA ,05-Aug-2025 04:00 PM,NA ,90.0,No ,No,Offline,14-Aug-2025 03:00 PM,Uttar Pradesh Rajya Nirman Sahkari Sangh Limited,MIRZAPUR,231216.0,2.0,"4,41,61,687",M/S MAA VINDHYAVASINI CONSTRUCTION CO.,"44,139,605.67",Accepted-AOC,29-Sep-2025,Uttar Pradesh Rajya Nirman Sahkari Sangh Limited
2025_UPIDC_1083775_9,03/EE/2025-26,"Bed and side scraping and jungle clearance of Harro Mr from km 0.000 to 1.810 Banshi Mr first From km 0.000 to 1.609 ,Banhi mr second From km 0.000 to 1.950 and Room Mr from km 0.000 to 1.206","Bed and side scraping and jungle clearance of Harro Mr from km 0.000 to 1.810 Banshi Mr first From km 0.000 to 1.609 ,Banhi mr second From km 0.000 to 1.950 and Room Mr from km 0.000 to 1.206",Works,Open Tender,Item Rate,Civil Works - Canal,No,No,NA ,18-Oct-2025 12:00 PM,NA ,90.0,No ,No,Online,28-Oct-2025 11:00 AM,"U P Irrigation Department (Civil)||Chief Engineer-Sone, Varanasi||Irrigation Works Circle, Allahabad||TPCD, allahabad",PRAYAGRAJ,211001.0,2.0,"1,28,000",KAMLESH KUMAR YADAV,"106,940.15",Accepted-AOC,24-Dec-2025,"U P Irrigation Department (Civil)||Chief Engineer-Sone, Varanasi||Irrigation Works Circle, Allahabad||TPCD, allahabad"
2025_UPIDC_1082147_45,03/EE/2025-26,SILT CLEARANCE AND SCRAPPING IN UNCHGAON MINOR FROM 0.000 KM. TO 7.500 KM. AND MEDNI MINOR FROM KMS.0.000 TO KMS. 2.558,SILT CLEARANCE AND SCRAPPING IN UNCHGAON MINOR FROM 0.000 KM. TO 7.500 KM. AND MEDNI MINOR FROM KMS.0.000 TO KMS. 2.558,Works,Open Tender,Item Rate,Civil Works - Canal,No,No,NA ,13-Oct-2025 09:00 AM,NA ,90.0,No ,No,Online,18-Oct-2025 04:30 PM,"U P Irrigation Department (Civil)||Chief Engineer-Saryu Project-1, Faizabad||Irrigation Construction Circle, Bahraich||SCD-1, bahraich",Bahraich,271801.0,2.0,"2,37,000",ANSHI VIDHI CONSTRUCTIONS,"232,086.92",Accepted-AOC,14-Nov-2025,"U P Irrigation Department (Civil)||Chief Engineer-Saryu Project-1, Faizabad||Irrigation Construction Circle, Bahraich||SCD-1, bahraich"
2025_UPPRD_1065171_11,244/Nivida/ZP/2025-26 Date- 22-07-2025,Work No 11 Gram sabha shahgarh me ramganj Bhusiyawa sampark marg se saraiya panchayat bhavan ki oor lepan marammat,Work No 11 Gram sabha shahgarh me ramganj Bhusiyawa sampark marg se saraiya panchayat bhavan ki oor lepan marammat,Works,Open Tender,Percentage,Civil Works - Others,No,No,NA ,18-Aug-2025 12:00 PM,NA ,30.0,No ,No,Offline,25-Aug-2025 02:30 PM,Panchayati Raj Department||Zila Panchayat Amethi,Amethi,227409.0,2.0,"11,48,391",JITENDRA BAHADUR SINGH,"1,147,242.609",Rejected-Finance,26-Dec-2025,Panchayati Raj Department||Zila Panchayat Amethi
2025_UPIDC_1085444_1,06/SE/2025-26,Slope stabilization (shotcrerting) work at left bank hill between Km. 27.800 to 28.000 of Bansagar feeder canal Lot_1,Slope stabilization (shotcrerting) work at left bank hill between Km. 27.800 to 28.000 of Bansagar feeder canal,Works,Open Tender,Item Rate,Civil Works,No,No,NA ,27-Oct-2025 01:00 PM,NA ,90.0,No ,No,Online,06-Nov-2025 03:00 PM,"U P Irrigation Department (Civil)||Chief Engineer-Bansagar, Allahabad||Ban Sagar CC-2, Mirjapur","Sidhi, MP",486661.0,2.0,,M/S ARUN CONSTRUCTION,"62,711,231.91",Rejected-Finance,17-Dec-2025,"U P Irrigation Department (Civil)||Chief Engineer-Bansagar, Allahabad||Ban Sagar CC-2, Mirjapur"
2025_UPIDC_1085665_30,02/AE-I/2025-26,Earth Work in Silt Clearance and Scraping of Gaddipur Mr. from Km. 0.000 to Km. 2.000,Silt Clearance and Scraping,Works,Open Tender,Item Rate,Civil Works,No,No,NA ,27-Oct-2025 10:00 AM,NA ,90.0,No ,No,Online,03-Nov-2025 12:30 PM,"U P Irrigation Department (Civil)||Chief Engineer-Sharda Sahayak, Lucknow||XIV Circle Irrigation Works, Azamgarh||SSD-32, azamgarh",AZAMGARH,276001.0,2.0,"39,000",M S CONSTRUCTION,"31,081.16",Rejected-AOC,19-Dec-2025,"U P Irrigation Department (Civil)||Chief Engineer-Sharda Sahayak, Lucknow||XIV Circle Irrigation Works, Azamgarh||SSD-32, azamgarh"
2025_UPIDC_1085665_24,02/AE-I/2025-26,Earth Work in Silt Clearance and Scraping of Madheshiya Mr. from Km. 0.000 to Km. 3.600,Silt Clearance and Scraping,Works,Open Tender,Item Rate,Civil Works,No,No,NA ,27-Oct-2025 10:00 AM,NA ,90.0,No ,No,Online,03-Nov-2025 12:30 PM,"U P Irrigation Department (Civil)||Chief Engineer-Sharda Sahayak, Lucknow||XIV Circle Irrigation Works, Azamgarh||SSD-32, azamgarh",AZAMGARH,276001.0,2.0,"73,000",M S CONSTRUCTION,"58,131.2",Not Admitted-Fee/PreQual/Technical,18-Dec-2025,"U P Irrigation Department (Civil)||Chief Engineer-Sharda Sahayak, Lucknow||XIV Circle Irrigation Works, Azamgarh||SSD-32, azamgarh"
2025_UPIDC_1085665_25,02/AE-I/2025-26,Earth Work in Silt Clearance and Scraping of Dudhnara Mr. from Km. 0.000 to Km. 4.300 and Gangatiya Mr. from Km. 0.000 to Km. 0.800,Silt Clearance and Scraping,Works,Open Tender,Item Rate,Civil Works,No,No,NA ,27-Oct-2025 10:00 AM,NA ,90.0,No ,No,Online,03-Nov-2025 12:30 PM,"U P Irrigation Department (Civil)||Chief Engineer-Sharda Sahayak, Lucknow||XIV Circle Irrigation Works, Azamgarh||SSD-32, azamgarh",AZAMGARH,276001.0,2.0,"1,12,000",M S CONSTRUCTION,"83,434.84",Not Admitted-Fee/PreQual/Technical,28-Nov-2025,"U P Irrigation Department (Civil)||Chief Engineer-Sharda Sahayak, Lucknow||XIV Circle Irrigation Works, Azamgarh||SSD-32, azamgarh"
2025_UPIDC_1085665_31,02/AE-I/2025-26,Earth Work in Silt Clearance and Scraping of Motidih Mr. from Km. 0.000 to Km. 1.800 and Ramanipur Mr. from Km. 0.000 to Km. 1.800,Silt Clearance and Scraping,Works,Open Tender,Item Rate,Civil Works,No,No,NA ,27-Oct-2025 10:00 AM,NA ,90.0,No ,No,Online,03-Nov-2025 12:30 PM,"U P Irrigation Department (Civil)||Chief Engineer-Sharda Sahayak, Lucknow||XIV Circle Irrigation Works, Azamgarh||SSD-32, azamgarh",AZAMGARH,276001.0,2.0,"57,000",M S CONSTRUCTION,"45,421.88",Not Admitted-Fee/PreQual/Technical,19-Dec-2025,"U P Irrigation Department (Civil)||Chief Engineer-Sharda Sahayak, Lucknow||XIV Circle Irrigation Works, Azamgarh||SSD-32, azamgarh"
2025_UPIDC_1085665_19,02/AE-I/2025-26,Earth Work in Silt Clearance and Scraping of Inarepur Mr. from Km. 0.000 to Km. 3.800,Silt Clearance and Scraping,Works,Open Tender,Item Rate,Civil Works,No,No,NA ,27-Oct-2025 10:00 AM,NA ,90.0,No ,No,Online,03-Nov-2025 12:30 PM,"U P Irrigation Department (Civil)||Chief Engineer-Sharda Sahayak, Lucknow||XIV Circle Irrigation Works, Azamgarh||SSD-32, azamgarh",AZAMGARH,276001.0,2.0,"79,000",M S CONSTRUCTION,"63,033.5",Rejected-Finance,23-Dec-2025,"U P Irrigation Department (Civil)||Chief Engineer-Sharda Sahayak, Lucknow||XIV Circle Irrigation Works, Azamgarh||SSD-32, azamgarh"
2025_UPIDC_1082147_44,03/EE/2025-26,SILT CLEARANCE AND SCRAPPING IN IDNAPUR MINOR FROM 0.000 KM TO 6.600 KM,SILT CLEARANCE AND SCRAPPING IN IDNAPUR MINOR FROM 0.000 KM TO 6.600 KM,Works,Open Tender,Item Rate,Civil Works - Canal,No,No,NA ,13-Oct-2025 09:00 AM,NA ,90.0,No ,No,Online,18-Oct-2025 04:30 PM,"U P Irrigation Department (Civil)||Chief Engineer-Saryu Project-1, Faizabad||Irrigation Construction Circle, Bahraich||SCD-1, bahraich",Bahraich,271801.0,2.0,"3,09,000",M/S PRADHAN CONSTRUCTION,"227,936.4",Rejected-Finance,14-Nov-2025,"U P Irrigation Department (Civil)||Chief Engineer-Saryu Project-1, Faizabad||Irrigation Construction Circle, Bahraich||SCD-1, bahraich"
2025_UPPRD_1065171_10,244/Nivida/ZP/2025-26 Date- 22-07-2025,Work No 10 Gram panchayat Dakhingaon me gauriganj - Mushafirkhana marg se Bhargav tiwari ka purwa tak lepan marammat,Work No 10 Gram panchayat Dakhingaon me gauriganj - Mushafirkhana marg se Bhargav tiwari ka purwa tak lepan marammat,Works,Open Tender,Percentage,Civil Works - Others,No,No,NA ,18-Aug-2025 12:00 PM,NA ,30.0,No ,No,Offline,25-Aug-2025 02:30 PM,Panchayati Raj Department||Zila Panchayat Amethi,Amethi,227409.0,2.0,"5,23,773",M/S J.T.M ENTERPRISES,"523,249.077",Rejected-Finance,26-Dec-2025,Panchayati Raj Department||Zila Panchayat Amethi
2025_UPIDC_1083775_8,03/EE/2025-26,"Bed and side scraping and jungle clearance of Dera Mr from km 0.000 to 4.500, Rampur Mr from km 0.000 to 2.400 and Banbihariya Mr From km 0.000 to 3.000","Bed and side scraping and jungle clearance of Dera Mr from km 0.000 to 4.500, Rampur Mr from km 0.000 to 2.400 and Banbihariya Mr From km 0.000 to 3.000",Works,Open Tender,Item Rate,Civil Works - Canal,No,No,NA ,18-Oct-2025 12:00 PM,NA ,90.0,No ,No,Online,28-Oct-2025 11:00 AM,"U P Irrigation Department (Civil)||Chief Engineer-Sone, Varanasi||Irrigation Works Circle, Allahabad||TPCD, allahabad",PRAYAGRAJ,211001.0,2.0,"2,43,000",SARVESH KUMAR,"209,200.8",Rejected-AOC,24-Dec-2025,"U P Irrigation Department (Civil)||Chief Engineer-Sone, Varanasi||Irrigation Works Circle, Allahabad||TPCD, allahabad"
2025_UPIDC_1085718_25,TN-06/EE/2025-26,TN-06/ee/25-26 Rajwaha Main Sarwat ke Km 1.765 to Km 2.550 ke madhya nahar sewamarg ke navinikaran ka karya Lot No-09,Rajwaha Main Sarwat ke Km 1.765 to Km 2.550 ke madhya nahar sewamarg ke navinikaran ka karya,Works,Open Tender,Piece-work,Civil Works,No,No,as per tender notice ,14-Nov-2025 11:00 AM,NA ,90.0,No ,No,Online,19-Nov-2025 02:00 PM,"U P Irrigation Department (Civil)||Chief Engineer-Ganga, Meerut||I- Circle Irrigation Works, Meerut||Muzaffar Nagar Division Ganga Canal,Muzaffar Nagar",as per tender notice,251001.0,2.0,"29,16,000",VIKUL KUMAR,"2,899,433.8",Rejected-AOC,10-Dec-2025,"U P Irrigation Department (Civil)||Chief Engineer-Ganga, Meerut||I- Circle Irrigation Works, Meerut||Muzaffar Nagar Division Ganga Canal,Muzaffar Nagar"
2025_UPPRD_1064082_5,240/Nivida/ZP/2025-26 Date- 22-07-2025,Work No 5 Gram sabha Makdoompur kla me lalganj pitch road se road saarif ke darwaje tak lepan,WWork No 5 Gram sabha Makdoompur kla me lalganj pitch road se road saarif ke darwaje tak lepan a,Works,Open Tender,Percentage,Civil Works - Others,No,No,NA ,11-Aug-2025 12:00 PM,NA ,90.0,No ,No,Offline,18-Aug-2025 02:30 PM,Panchayati Raj Department||Zila Panchayat Amethi,Amethi,227409.0,2.0,"12,21,864",M/S GARG CONSTRUCTION,"1,220,642.556",Accepted-AOC,15-Dec-2025,Panchayati Raj Department||Zila Panchayat Amethi
2025_UPIDC_1086402_26,04/AE-III/2025-26,Earth Work in Silt Clearance/Scraping of Katwans Mr. from Km. 0.000 to Km. 1.000 and Km. 1.000 to Km. 3.000,Silt Clearance/Scraping,Works,Open Tender,Item Rate,Civil Works,No,No,NA ,29-Oct-2025 10:00 AM,NA ,90.0,No ,No,Online,06-Nov-2025 12:30 PM,"U P Irrigation Department (Civil)||Chief Engineer-Sharda Sahayak, Lucknow||XIV Circle Irrigation Works, Azamgarh||SSD-32, azamgarh",AZAMGARH,276001.0,2.0,"46,000",arvind kumar yadav,"52,686",Accepted-AOC,12-Dec-2025,"U P Irrigation Department (Civil)||Chief Engineer-Sharda Sahayak, Lucknow||XIV Circle Irrigation Works, Azamgarh||SSD-32, azamgarh"
2025_UPIDC_1086402_32,04/AE-III/2025-26,Earth Work in Silt Clearance/Scraping of Rampur Mr. from Km. 0.000 to Km. 2.550 and Km. 2.600 to Km. 4.600,Silt Clearance/Scraping,Works,Open Tender,Item Rate,Civil Works,No,No,NA ,12-Nov-2025 11:30 AM,NA ,90.0,No ,No,Online,19-Nov-2025 11:30 AM,"U P Irrigation Department (Civil)||Chief Engineer-Sharda Sahayak, Lucknow||XIV Circle Irrigation Works, Azamgarh||SSD-32, azamgarh",AZAMGARH,276001.0,2.0,"1,08,000",M/S SHRI RAM SINGH,"83,890.54",Not Admitted-Fee/PreQual/Technical,26-Dec-2025,"U P Irrigation Department (Civil)||Chief Engineer-Sharda Sahayak, Lucknow||XIV Circle Irrigation Works, Azamgarh||SSD-32, azamgarh"
2025_UPIDC_1078690_31,03/EESNK1BANSI/2025-26,SiltScraping and jungle clearance of dharmsinghwa minor from km 0.000 to 5.500,SiltScraping and jungle clearance of dharmsinghwa minor from km 0.000 to 5.500,Works,Open Tender,Item Wise,Civil Works - Canal,No,No,NA ,04-Oct-2025 10:00 AM,NA ,90.0,No ,No,Online,13-Oct-2025 02:00 PM,"U P Irrigation Department (Civil)||Chief Engineer-Saryu Project-2, Gonda||Rapti CC Circle-2, Basti||SCD, bansi",SIDDHARTH NAGAR,272153.0,2.0,"1,32,000",M/S RAM KRIPAL TRIPATHI THEKEDAR,"110,755.6",Rejected-Technical,11-Dec-2025,"U P Irrigation Department (Civil)||Chief Engineer-Saryu Project-2, Gonda||Rapti CC Circle-2, Basti||SCD, bansi"
2025_UPIDC_1078690_25,03/EESNK1BANSI/2025-26,SiltScraping and jungle clearance of jeewa minor from km 0.000 to 4.500,SiltScraping and jungle clearance of jeewa minor from km 0.000 to 4.500,Works,Open Tender,Item Wise,Civil Works - Canal,No,No,NA ,04-Oct-2025 10:00 AM,NA ,90.0,No ,No,Online,13-Oct-2025 02:00 PM,"U P Irrigation Department (Civil)||Chief Engineer-Saryu Project-2, Gonda||Rapti CC Circle-2, Basti||SCD, bansi",SIDDHARTH NAGAR,272153.0,2.0,"1,19,000",M/s Amrawati Constructions,"72,416.88",Rejected-Technical,11-Dec-2025,"U P Irrigation Department (Civil)||Chief Engineer-Saryu Project-2, Gonda||Rapti CC Circle-2, Basti||SCD, bansi"
2025_UPPRD_1064082_58,240/Nivida/ZP/2025-26 Date- 22-07-2025,Work No 58 Gram panchayat chaturbhurj me interlocking se kakwa raod ki oor C.c.,Work No 58 Gram panchayat chaturbhurj me interlocking se kakwa raod ki oor C.c.,Works,Open Tender,Percentage,Civil Works - Others,No,No,NA ,11-Aug-2025 12:00 PM,NA ,90.0,No ,No,Offline,18-Aug-2025 02:30 PM,Panchayati Raj Department||Zila Panchayat Amethi,Amethi,227409.0,2.0,"40,13,586",JITENDRA BAHADUR SINGH,"4,009,572.234",Rejected-Finance,16-Dec-2025,Panchayati Raj Department||Zila Panchayat Amethi
2025_UPPRD_1064082_70,240/Nivida/ZP/2025-26 Date- 22-07-2025,Work No 70 Gram sabha Nara Adhanpur me poore Darsan sampark marg se poore Gyadeen ke oor soling,Work No 70 Gram sabha Nara Adhanpur me poore Darsan sampark marg se poore Gyadeen ke oor soling,Works,Open Tender,Percentage,Civil Works - Others,No,No,NA ,11-Aug-2025 12:00 PM,NA ,90.0,No ,No,Offline,18-Aug-2025 02:30 PM,Panchayati Raj Department||Zila Panchayat Amethi,Amethi,227409.0,2.0,"9,14,403",M/ A S ENTERPRISES,"913,305.706",Accepted-AOC,16-Dec-2025,Panchayati Raj Department||Zila Panchayat Amethi
2025_UPPRD_1064082_150,240/Nivida/ZP/2025-26 Date- 22-07-2025,Work No 150 Gramsabha gudri ke Ayodhya nagar me Ram anchal yadav ke Ghar ke pass se Nale tak Nala nirman,Work No 150 Gramsabha gudri ke Ayodhya nagar me Ram anchal yadav ke Ghar ke pass se Nale tak Nala nirman,Works,Open Tender,Percentage,Civil Works - Others,No,No,NA ,11-Aug-2025 12:00 PM,NA ,90.0,No ,No,Offline,18-Aug-2025 02:30 PM,Panchayati Raj Department||Zila Panchayat Amethi,Amethi,227409.0,2.0,"24,98,766",M/S BACHIL CONSTRUCTION,"2,495,766.899",Accepted-AOC,26-Dec-2025,Panchayati Raj Department||Zila Panchayat Amethi
2025_UPIDC_1084460_31,01/EE/2025-26,Earth work in silt clearance and scraping of Akbarpur dy. from km. 0.000 to km. 3.000 and 7.000 12.600,Earth work in silt clearance and scraping of Akbarpur dy. from km. 0.000 to km. 3.000 and 7.000 12.600,Works,Open Tender,Item Rate,Civil Works - Canal,No,No,NA ,06-Nov-2025 10:00 AM,NA ,90.0,No ,No,Online,12-Nov-2025 03:00 PM,"U P Irrigation Department (Civil)||Chief Engineer-Saryu Project-2, Gonda||Drainage Cirlce, Gonda||SCD-1 Balrampur",Shrawasti,271805.0,2.0,"4,13,000",BANKE BIHARI CONTRACTOR & GENERAL ORDER SUPPLIERS,"411,558.42",Accepted-AOC,02-Dec-2025,"U P Irrigation Department (Civil)||Chief Engineer-Saryu Project-2, Gonda||Drainage Cirlce, Gonda||SCD-1 Balrampur"
2025_UPPRD_1064082_144,240/Nivida/ZP/2025-26 Date- 22-07-2025,Work No 144 Gram sabha Resi ke Bandhva me Jitendra ke Ghar talab tak Nali,Work No 144 Gram sabha Resi ke Bandhva me Jitendra ke Ghar talab tak Nali,Works,Open Tender,Percentage,Civil Works - Others,No,No,NA ,11-Aug-2025 12:00 PM,NA ,90.0,No ,No,Offline,18-Aug-2025 02:30 PM,Panchayati Raj Department||Zila Panchayat Amethi,Amethi,227409.0,2.0,"10,01,868",M/S Amit Construction,"1,001,767.703",Accepted-AOC,26-Dec-2025,Panchayati Raj Department||Zila Panchayat Amethi
2025_UPIDC_1086669_39,04/EEAID/2025-26,LOT10 Janpad Bijnor Mein Chandika lapika km 2.000 par sthit Chhattigrasth V.R.B. ke punarnirmaan ka Karya.,LOT10 Janpad Bijnor Mein Chandika lapika km 2.000 par sthit Chhattigrasth V.R.B. ke punarnirmaan ka Karya.,Works,Open Tender,Item Rate,Civil Works,No,No,NA ,08-Nov-2025 04:00 PM,NA ,90.0,No ,No,Online,13-Nov-2025 04:30 PM,"U P Irrigation Department (Civil)||Chief Engineer-Eastern Ganga, Moradabad||Irrigation Works Circle, Moradabad||AID, dhampur",DHAMPUR,246761.0,2.0,"4,32,000",M/S PARVEEN SINGH,"383,945.9",Accepted-AOC,26-Dec-2025,"U P Irrigation Department (Civil)||Chief Engineer-Eastern Ganga, Moradabad||Irrigation Works Circle, Moradabad||AID, dhampur"
2025_UPIDC_1086698_17,04/AE-IV/2025-26,Earth Work in Silt Clearance/Scraping of Nayanpur Mr. from Km. 0.000 to Km. 5.600,Silt Clearance/Scraping,Works,Open Tender,Item Rate,Civil Works,No,No,NA ,30-Oct-2025 10:00 AM,NA ,90.0,No ,No,Online,07-Nov-2025 12:30 PM,"U P Irrigation Department (Civil)||Chief Engineer-Sharda Sahayak, Lucknow||XIV Circle Irrigation Works, Azamgarh||SSD-32, azamgarh",AZAMGARH,276001.0,2.0,"1,60,000",M/S BABU LAL YADAV THIKEDAR,"104,149.16",Accepted-AOC,06-Dec-2025,"U P Irrigation Department (Civil)||Chief Engineer-Sharda Sahayak, Lucknow||XIV Circle Irrigation Works, Azamgarh||SSD-32, azamgarh"
2025_UPIDC_1079112_20,01/S.S.K-51/2025-26,CUTTING OF EXTRA BERM IN INTERNAL SECTION AND STRENTHENING OF BANK FROM KM 118.050 TO KM 119.450 OF JAUNPUR BRANCH,CUTTING OF EXTRA BERM IN INTERNAL SECTION AND STRENTHENING OF BANK FROM KM 118.050 TO KM 119.450 OF JAUNPUR BRANCH,Works,Open Tender,Item Rate,Civil Works,No,No,NA ,01-Oct-2025 06:00 PM,NA ,90.0,No ,No,Online,14-Oct-2025 01:00 PM,"U P Irrigation Department (Civil)||Chief Engineer-Sharda Sahayak, Lucknow||XVI Circle Irrigation Works, Pratapgargh||Sharda Sahayak Division 51 Pratapgarh",Pratapgarh,230001.0,2.0,"13,96,000",M/S G.S. CONSTRUCTION,"682,041.3",Rejected-Finance,06-Dec-2025,"U P Irrigation Department (Civil)||Chief Engineer-Sharda Sahayak, Lucknow||XVI Circle Irrigation Works, Pratapgargh||Sharda Sahayak Division 51 Pratapgarh"
2025_UPIDC_1085704_4,03/EE/2025-26,Restoration of Canal Section of Mankuwa Dy. from km. 0.000 to 6.400,Restoration of Canal Section of Mankuwa Dy. from km. 0.000 to 6.400,Works,Open Tender,Item Wise,Civil Works - Canal,No,No,NA ,27-Oct-2025 10:00 AM,NA ,90.0,No ,No,Online,05-Nov-2025 02:00 PM,"U P Irrigation Department (Civil)||Chief Engineer-Eastern Ganga, Moradabad||EGCC Circle, Bijnore||EGCD-6, nazibabad",Najibabad,246763.0,2.0,"11,09,000",SANDEEP KUMAR SINGHAL,"658,664",Rejected-Technical,16-Dec-2025,"U P Irrigation Department (Civil)||Chief Engineer-Eastern Ganga, Moradabad||EGCC Circle, Bijnore||EGCD-6, nazibabad"
2025_UPPRD_1073328_15,875/Nivida/ZP/2025-26 Date- 10-09-2025,Work No 15 Gram sabha Rajapatti ke Majre tedhee me naharpul ki oor avashesh bhag me lepan kary,Work No 15 Gram sabha Rajapatti ke Majre tedhee me naharpul ki oor avashesh bhag me lepan kary,Works,Open Tender,Percentage,Civil Works - Others,No,No,NA ,12-Sep-2025 12:00 PM,NA ,30.0,No ,No,Offline,17-Sep-2025 01:00 PM,Panchayati Raj Department||Zila Panchayat Amethi,Amethi,227409.0,2.0,"24,95,852",M/S SHRI AYODHYA ASSOCIATES,"2,494,604.556",Rejected-Finance,30-Dec-2025,Panchayati Raj Department||Zila Panchayat Amethi
2025_UPPRD_1073328_29,875/Nivida/ZP/2025-26 Date- 10-09-2025,Work No 29 Sadipur- Nara sampark marg se kuldeep singh ke Ghar ki oor C.C.,Work No 29 Sadipur- Nara sampark marg se kuldeep singh ke Ghar ki oor C.C.,Works,Open Tender,Percentage,Civil Works - Others,No,No,NA ,12-Sep-2025 12:00 PM,NA ,30.0,No ,No,Offline,17-Sep-2025 01:00 PM,Panchayati Raj Department||Zila Panchayat Amethi,Amethi,227409.0,2.0,"12,30,000",M/S ABHISHEK VIKRAM SINGH,"1,229,384.79",Accepted-AOC,30-Dec-2025,Panchayati Raj Department||Zila Panchayat Amethi
2025_UPPAN_1078835_1,"3034/PAN/ET/25-26, DT. 30-09-2025",CONSTRUCTION OF VIVECHANA KAKSH AT THANA SIKRIGANJ DISTT GORAKHPUR U.P.,CONSTRUCTION OF VIVECHANA KAKSH AT THANA SIKRIGANJ DISTT GORAKHPUR U.P.,Works,Open Tender,Percentage,Civil Works,No,No,NA ,30-Sep-2025 01:00 PM,NA ,90.0,No ,No,Online,14-Oct-2025 11:30 AM,UP Police Awas Nigam Limited||UP Police Awas Nigam Ltd HQ Lucknow,THANA SIKRIGANJ DISTT GORAKHPUR U.P.,273213.0,2.0,"25,72,000",M/S ALFAROOQUE CONSTRUCTION,"2,172,054",Accepted-AOC,01-Dec-2025,UP Police Awas Nigam Limited||UP Police Awas Nigam Ltd HQ Lucknow
2025_UPIDC_1079237_8,03/EEAID/2025-26,LOT 08 SILT CLEARENCE OF NAWABPUR DY BETWEEN K.M. 0.000 TO 13.650 K.M. IN DISTT. BIJNOR- YEAR 2025-26,LOT 08 SILT CLEARENCE OF NAWABPUR DY BETWEEN K.M. 0.000 TO 13.650 K.M. IN DISTT. BIJNOR- YEAR 2025-26,Works,Open Tender,Item Rate,Civil Works,No,No,NA ,03-Oct-2025 11:00 AM,06-Oct-2025 03:00 PM ,90.0,No ,No,Online,09-Oct-2025 12:30 PM,"U P Irrigation Department (Civil)||Chief Engineer-Eastern Ganga, Moradabad||Irrigation Works Circle, Moradabad||AID, dhampur",DHAMPUR,246761.0,2.0,"6,94,000",M/S J S CONSTRUCTION,"686,991.22",Accepted-AOC,03-Nov-2025,"U P Irrigation Department (Civil)||Chief Engineer-Eastern Ganga, Moradabad||Irrigation Works Circle, Moradabad||AID, dhampur"
2025_UPPCL_1061195_1,01/EANDM/SBE/2025-26,Supply Installation Testing and Commissioning of Staircase and Lift Pressurization System at Shakti Bhawan Head Quarter and Extension Multistory Buildings and Smoke Extraction System at Shakti Bhawan Extension Building,Supply Installation Testing and Commissioning of Staircase and Lift Pressurization System at Shakti Bhawan Head Quarter and Extension Multistory Buildings and Smoke Extraction System at Shakti Bhawan Extension Building,Works,Open Tender,Item Rate,Civil Works - Others,No,No,NA ,30-Jul-2025 06:00 PM,NA ,180.0,No ,No,Offline,21-Aug-2025 12:00 PM,Uttar Pradesh Power Corporation Ltd.||SE Civil HQ Shakti Bhawan Extension||EE Civil HQ Attached to CE Civil 2||SE Civil HQ||EE Electrical and Maintenance Unit,Lucknow,226001.0,2.0,,VIZICON,"16,639,742",Rejected-AOC,01-Jan-2026,Uttar Pradesh Power Corporation Ltd.||SE Civil HQ Shakti Bhawan Extension||EE Civil HQ Attached to CE Civil 2||SE Civil HQ||EE Electrical and Maintenance Unit
2025_UPIDC_1083178_16,05/AE-1/2025-26,Earth work in silt clearance/Scarping of Belbhariya Mr. form km 0.000 km 4.700,Earth work in silt clearance/Scarping of Belbhariya Mr. form km 0.000 km 4.700,Works,Open Tender,Item Rate,Civil Works - Canal,No,No,NA ,06-Nov-2025 10:00 AM,NA ,90.0,No ,No,Online,12-Nov-2025 03:00 PM,"U P Irrigation Department (Civil)||Chief Engineer-Saryu Project-2, Gonda||Drainage Cirlce, Gonda||SCD-1 Balrampur",Bahraich,271801.0,2.0,"1,20,000",ITI CONSTRUCTION,"119,356.9",Accepted-AOC,31-Dec-2025,"U P Irrigation Department (Civil)||Chief Engineer-Saryu Project-2, Gonda||Drainage Cirlce, Gonda||SCD-1 Balrampur"
2025_UPPRD_1073328_9,875/Nivida/ZP/2025-26 Date- 10-09-2025,Work No 9 Gram panchayat karpiya me nahar se Radheshyam ke ghar ke pass shiv mandir ke oor C.C,Work No 9 Gram panchayat karpiya me nahar se Radheshyam ke ghar ke pass shiv mandir ke oor C.C,Works,Open Tender,Percentage,Civil Works - Others,No,No,NA ,12-Sep-2025 12:00 PM,NA ,30.0,No ,No,Offline,17-Sep-2025 01:00 PM,Panchayati Raj Department||Zila Panchayat Amethi,Amethi,227409.0,2.0,"24,59,567",M/S ASHUTOSH TRADERS,"2,458,337.826",Accepted-AOC,29-Nov-2025,Panchayati Raj Department||Zila Panchayat Amethi
2025_UPIDC_1086963_7,3646/IDMBD/Etender/2025 Dt 16.10.2025,Repairing of Parapet of VRB at Km 52.658 of RGFC,Repairing of Parapet of VRB at Km 52.658 of RGFC,Works,Open Tender,Item Rate,Civil Works - Canal,No,No,NA ,30-Oct-2025 05:00 PM,NA ,90.0,No ,No,Online,06-Nov-2025 02:00 PM,"U P Irrigation Department (Civil)||Chief Engineer-Eastern Ganga, Moradabad||Irrigation Works Circle, Moradabad||ID, moradabad",Moradabad,244001.0,2.0,"3,09,000",M/S MUKESH KUMAR CONTRACTOR,"272,332.75",Rejected-Technical,01-Dec-2025,"U P Irrigation Department (Civil)||Chief Engineer-Eastern Ganga, Moradabad||Irrigation Works Circle, Moradabad||ID, moradabad"
2025_UPIDC_1082164_58,04/EE/2025-26,Silt Clearence of Sidhauli Dy. From km. 0.000 to km 9.100 (Lot-37),Silt Clearence of Sidhauli Dy. From km. 0.000 to km 9.100 (Lot-37),Works,Open Tender,Item Rate,Civil Works - Canal,No,No,NA ,01-Nov-2025 03:00 PM,NA ,90.0,No ,No,Online,07-Nov-2025 11:30 AM,"U P Irrigation Department (Civil)||Chief Engineer-Sharda, Lucknow||Irrigation Works Circle, Sitapur||SDSC, sitapur",Sitapur,261001.0,2.0,"2,68,000",RAO ASSOCIATES,"211,566",Rejected-Finance,26-Nov-2025,"U P Irrigation Department (Civil)||Chief Engineer-Sharda, Lucknow||Irrigation Works Circle, Sitapur||SDSC, sitapur"
2025_UPIDC_1083668_62,01/EE/2025-26,Silt Clearance/Scraping work of Adamatara Mr. (Between km 0.00 to 5.540),Silt Clearance/Scraping work of Adamatara Mr. (Between km 0.00 to 5.540),Works,Open Tender,Item Rate,Civil Works - Canal,No,No,NA ,07-Nov-2025 10:00 AM,NA ,90.0,No ,No,Online,14-Nov-2025 03:00 PM,"U P Irrigation Department (Civil)||Chief Engineer-Saryu Project-2, Gonda||Drainage Cirlce, Gonda||EE Chitaurgarh Dam Construction Division Balrampur",Tulsipur Balrampur,271210.0,2.0,"1,38,000",M/S RAM KRISHAN MISHRA CONTRECTOR,"135,082",Rejected-Finance,05-Dec-2025,"U P Irrigation Department (Civil)||Chief Engineer-Saryu Project-2, Gonda||Drainage Cirlce, Gonda||EE Chitaurgarh Dam Construction Division Balrampur"
2025_UPIDC_1079102_19,01/EE/2025-26,Silt Clearance from Km. 0.000 to Km. 5.000 of Gola Branch Canal,Silt Clearance from Km. 0.000 to Km. 5.000 of Gola Branch Canal,Works,Open Tender,Item Rate,Civil Works - Canal,No,No,NA ,03-Oct-2025 10:00 AM,NA ,90.0,No ,No,Online,11-Oct-2025 11:00 AM,"U P Irrigation Department (Civil)||Chief Engineer-Saryu Project-2, Gonda||Irrigation Construction Circle, Basti||SCD-I, gorakhpur",Gorakhpur,273001.0,2.0,"5,85,000",M/S SHYAM ASSOCIATE,"286,028.54",Rejected-Finance,17-Nov-2025,"U P Irrigation Department (Civil)||Chief Engineer-Saryu Project-2, Gonda||Irrigation Construction Circle, Basti||SCD-I, gorakhpur"
2025_UPIDC_1087895_15,03/E.E/2025-26,Silt clearance of Sagra Dy from Km 15.100 to Km 19.00 and Jungle clearance and scrapping work from Km from 19.00 to Km 35.600,Silt clearance of Sagra Dy from Km 15.100 to Km 19.00 and Jungle clearance and scrapping work from Km from 19.00 to Km 35.600,Works,Open Tender,Item Wise,Civil Works - Canal,No,No,NA ,03-Nov-2025 09:00 AM,NA ,15.0,No ,No,Online,11-Nov-2025 11:00 AM,"U P Irrigation Department (Civil)||Chief Engineer-Sharda Sahayak, Lucknow||XVI Circle Irrigation Works, Pratapgargh||ID, pratapgarh",pratapgarh,230001.0,2.0,"8,11,000",M/s Raju Yadav,"721,088.84",Rejected-Finance,24-Nov-2025,"U P Irrigation Department (Civil)||Chief Engineer-Sharda Sahayak, Lucknow||XVI Circle Irrigation Works, Pratapgargh||ID, pratapgarh"
2025_UPIDC_1083775_25,03/EE/2025-26,Scraping Of Bed and side slope with jungle clearance of Manjhiganwa mr from km 0.000 to 4.800 Bari bajahiya mr from km 0.000 to 1.000,Scraping Of Bed and side slope with jungle clearance of Manjhiganwa mr from km 0.000 to 4.800 Bari bajahiya mr from km 0.000 to 1.000,Works,Open Tender,Item Rate,Civil Works - Canal,No,No,NA ,18-Oct-2025 01:10 PM,NA ,90.0,No ,No,Online,28-Oct-2025 11:00 AM,"U P Irrigation Department (Civil)||Chief Engineer-Sone, Varanasi||Irrigation Works Circle, Allahabad||TPCD, allahabad",PRAYAGRAJ,211001.0,2.0,"1,58,000",JAY KRISHAN TIWARI,"115,093.6",Accepted-AOC,23-Dec-2025,"U P Irrigation Department (Civil)||Chief Engineer-Sone, Varanasi||Irrigation Works Circle, Allahabad||TPCD, allahabad"
2025_UPIDC_1083668_60,01/EE/2025-26,Silt Clearance/Scraping work of Malda Mr (Between km 0.00 to 4.200),Silt Clearance/Scraping work of Malda Mr (Between km 0.00 to 4.200),Works,Open Tender,Item Rate,Civil Works - Canal,No,No,NA ,07-Nov-2025 10:00 AM,NA ,90.0,No ,No,Online,14-Nov-2025 03:00 PM,"U P Irrigation Department (Civil)||Chief Engineer-Saryu Project-2, Gonda||Drainage Cirlce, Gonda||EE Chitaurgarh Dam Construction Division Balrampur",Tulsipur Balrampur,271210.0,2.0,"1,08,000",M/S ANAND KUMAR,"106,930",Accepted-AOC,06-Dec-2025,"U P Irrigation Department (Civil)||Chief Engineer-Saryu Project-2, Gonda||Drainage Cirlce, Gonda||EE Chitaurgarh Dam Construction Division Balrampur"
2025_UPIDC_1083393_25,01/EE/2025-26,Scraping in internal Section of Sikautha Minor from km. 0.000 to km. 9.000,Scraping in internal Section of Sikautha Minor from km. 0.000 to km. 9.000,Works,Open Tender,Item Rate,Civil Works - Canal,No,No,NA ,06-Nov-2025 10:00 AM,NA ,90.0,No ,No,Online,13-Nov-2025 03:00 PM,"U P Irrigation Department (Civil)||Chief Engineer-Saryu Project-2, Gonda||Drainage Cirlce, Gonda||SCD-3 Gonda",Siddharthnagar,272153.0,2.0,"1,43,000",M/S KANIK RAM THEKEDAR,"89,899.4",Rejected-Finance,06-Dec-2025,"U P Irrigation Department (Civil)||Chief Engineer-Saryu Project-2, Gonda||Drainage Cirlce, Gonda||SCD-3 Gonda"
2025_UPIDC_1081481_17,01/EE/2025-26,Silt Clearance/Scraping between Km. 0.000 to Km. 5.750 of Utraula Dy.,Silt Clearance/Scraping between Km. 0.000 to Km. 5.750 of Utraula Dy.,Works,Open Tender,Item Rate,Civil Works - Canal,No,No,NA ,27-Oct-2025 09:00 AM,NA ,90.0,No ,No,Online,03-Nov-2025 03:00 PM,"U P Irrigation Department (Civil)||Chief Engineer-Saryu Project-2, Gonda||Drainage Cirlce, Gonda||SCD-4 Balrampur",Balrampur,271201.0,2.0,"2,70,000",M/S SANTOSH KUMAR CONTRECTOR AND GENRERAL,"178,388.82",Accepted-AOC,24-Nov-2025,"U P Irrigation Department (Civil)||Chief Engineer-Saryu Project-2, Gonda||Drainage Cirlce, Gonda||SCD-4 Balrampur"
2025_UPIDC_1082813_3,03/EE/2025-26,AS PER TENDER NOTICE-03 LOT 03,silt clearence of Rajapur Dy from Km. 0.000 to Km. 7.017 and scarping from Km. 7.017 to km. 7.995,Works,Open Tender,Item Rate,Civil Works - Canal,No,No,NA ,16-Oct-2025 11:00 AM,NA ,90.0,No ,No,Online,31-Oct-2025 03:00 PM,"U P Irrigation Department (Civil)||Chief Engineer-Sharda Sahayak, Lucknow||VII Circle Irrigation Works, Lucknow||EE SSK Division-28 Haidergarh",Haidergarh,225124.0,2.0,,M/S Kamlesh Kumar Singh,"274,741.4",Rejected-Finance,21-Nov-2025,"U P Irrigation Department (Civil)||Chief Engineer-Sharda Sahayak, Lucknow||VII Circle Irrigation Works, Lucknow||EE SSK Division-28 Haidergarh"
2025_UPPRD_1073328_17,875/Nivida/ZP/2025-26 Date- 10-09-2025,Work No 17 Gram sabha utarpara me Daulatpur Rajbaha se poore Udwat (Dhobin ka purwa ) tak C.C. Road nirmaan kary,Work No 17 Gram sabha utarpara me Daulatpur Rajbaha se poore Udwat (Dhobin ka purwa ) tak C.C. Road nirmaan kary,Works,Open Tender,Percentage,Civil Works - Others,No,No,NA ,12-Sep-2025 12:00 PM,NA ,30.0,No ,No,Offline,17-Sep-2025 01:00 PM,Panchayati Raj Department||Zila Panchayat Amethi,Amethi,227409.0,2.0,"12,93,930",M/S J S CONSTRUCTION,"1,292,636.06",Rejected-Finance,30-Dec-2025,Panchayati Raj Department||Zila Panchayat Amethi
2025_UPIDC_1090533_1,04/EE/2025-26,Silt Clearance/Scraping of Linderpur Mr.From Km. 0.000 to Km. 5.850 for Rabi 1433 Crop for the Year 2025-26(Lot-01),Silt Clearance/Scraping of Linderpur Mr.From Km. 0.000 to Km. 5.850 for Rabi 1433 Crop for the Year 2025-26,Works,Open Tender,Item Wise,Civil Works - Canal,No,No,NA ,18-Nov-2025 10:00 AM,NA ,90.0,No ,No,Online,25-Nov-2025 11:00 AM,"U P Irrigation Department (Civil)||Chief Engineer-Eastern Ganga, Moradabad||EGCC Circle, Haridwar||ID, bijnore",Bijnor,246701.0,2.0,"2,73,000",MOHD YAIN,"187,342.85",Rejected-AOC,28-Nov-2025,"U P Irrigation Department (Civil)||Chief Engineer-Eastern Ganga, Moradabad||EGCC Circle, Haridwar||ID, bijnore"
2025_UPIDM_1078277_8,05/EE/MLCD/2025-26,Providing and Laying of 150 mm2 ISI marked single core PVC copper cable,Providing and Laying of 150 mm2 ISI marked single core PVC copper cable,Works,Open Tender,Piece-work,Civil Works,No,No,NA ,03-Oct-2025 02:00 PM,NA ,45.0,No ,No,Online,13-Oct-2025 03:00 PM,U P Irrigation Department (Mechanical)||Chief Engineer (Tubewell Varanasi)||Superintending Engineer (Tubewell) Allahabad||Executive Engineer MLCD Allahabad,Lakhanpur Pump Canal,212306.0,2.0,"5,60,475",Actech Engineers,"528,750",Rejected-Technical,02-Dec-2025,U P Irrigation Department (Mechanical)||Chief Engineer (Tubewell Varanasi)||Superintending Engineer (Tubewell) Allahabad||Executive Engineer MLCD Allahabad
2025_UPIDC_1082971_17,05/EE/2025-26,Clearance of Internal section of Chhidiya Minor from Km. 0.000 to Km. 1.660 and Tatarganj Minor from Km. 0.000 to Km. 1.600 in District Prayagraj,Clearance of Internal section of Chhidiya Minor from Km. 0.000 to Km. 1.660 and Tatarganj Minor from Km. 0.000 to Km. 1.600 in District Prayagraj,Works,Open Tender,Item Wise,Civil Works - Canal,No,No,NA ,18-Oct-2025 11:30 AM,NA ,90.0,No ,No,Online,30-Oct-2025 02:00 PM,"U P Irrigation Department (Civil)||Chief Engineer-Sone, Varanasi||Irrigation Works Circle, Allahabad||BCD, allahabad",Bara Tehshil,212107.0,2.0,"68,000",MAA ENTERPRISES,"53,939",Rejected-Finance,17-Dec-2025,"U P Irrigation Department (Civil)||Chief Engineer-Sone, Varanasi||Irrigation Works Circle, Allahabad||BCD, allahabad"
2025_UPIDC_1086698_15,04/AE-IV/2025-26,"Earth Work in Silt Clearance/Scraping of Shahigada Mr. from Km. 0.000 to Km. 2.400, Tandawa Mr. from Km. 0.000 to Km. 1.200 and Achalpur Mr. from Km. 0.000 to Km. 1.400",Silt Clearance/Scraping,Works,Open Tender,Item Rate,Civil Works,No,No,NA ,30-Oct-2025 10:00 AM,NA ,90.0,No ,No,Online,07-Nov-2025 12:30 PM,"U P Irrigation Department (Civil)||Chief Engineer-Sharda Sahayak, Lucknow||XIV Circle Irrigation Works, Azamgarh||SSD-32, azamgarh",AZAMGARH,276001.0,2.0,"1,00,000",ANAND CONSTRUCTION,"64,715.2",Accepted-AOC,06-Dec-2025,"U P Irrigation Department (Civil)||Chief Engineer-Sharda Sahayak, Lucknow||XIV Circle Irrigation Works, Azamgarh||SSD-32, azamgarh"
2025_UPIDC_1079112_22,01/S.S.K-51/2025-26,CUTTING OF BERM IN INTERNAL SECTION AND STRENGTHENING OF WEAK BANK OF RIGHT BANK JAUNPUR BRANCH FROM KM 116.101 TO KM 117.000 JAUNPUR BRANCH,CUTTING OF BERM IN INTERNAL SECTION AND STRENGTHENING OF WEAK BANK OF RIGHT BANK JAUNPUR BRANCH FROM KM 116.101 TO KM 117.000 JAUNPUR BRANCH,Works,Open Tender,Item Rate,Civil Works,No,No,NA ,01-Oct-2025 06:00 PM,NA ,90.0,No ,No,Online,14-Oct-2025 01:00 PM,"U P Irrigation Department (Civil)||Chief Engineer-Sharda Sahayak, Lucknow||XVI Circle Irrigation Works, Pratapgargh||Sharda Sahayak Division 51 Pratapgarh",Pratapgarh,230001.0,2.0,"7,65,000",NIRBHAY PRATAP SINGH,"446,585.535",Rejected-Technical,16-Dec-2025,"U P Irrigation Department (Civil)||Chief Engineer-Sharda Sahayak, Lucknow||XVI Circle Irrigation Works, Pratapgargh||Sharda Sahayak Division 51 Pratapgarh"
2025_UPIDC_1084460_27,01/EE/2025-26,Earth work in silt clearance/Scarping of Gilaula Dy form km 0.000 km 23.000,Earth work in silt clearance/Scarping of Gilaula Dy form km 0.000 km 23.000,Works,Open Tender,Item Rate,Civil Works - Canal,No,No,NA ,06-Nov-2025 10:00 AM,NA ,90.0,No ,No,Online,12-Nov-2025 03:00 PM,"U P Irrigation Department (Civil)||Chief Engineer-Saryu Project-2, Gonda||Drainage Cirlce, Gonda||SCD-1 Balrampur",Shrawasti,271805.0,2.0,"10,94,000",BANKE BIHARI CONTRACTOR & GENERAL ORDER SUPPLIERS,"1,092,597.76",Accepted-AOC,11-Dec-2025,"U P Irrigation Department (Civil)||Chief Engineer-Saryu Project-2, Gonda||Drainage Cirlce, Gonda||SCD-1 Balrampur"
2025_UPPRD_1064082_152,240/Nivida/ZP/2025-26 Date- 22-07-2025,Work No 152 Gramsabha Manirampur ke ghar musvapur Bajar me Nadi ki oor Nala nirmaan,Work No 152 Gramsabha Manirampur ke ghar musvapur Bajar me Nadi ki oor Nala nirmaan,Works,Open Tender,Percentage,Civil Works - Others,No,No,NA ,11-Aug-2025 12:00 PM,NA ,90.0,No ,No,Offline,18-Aug-2025 02:30 PM,Panchayati Raj Department||Zila Panchayat Amethi,Amethi,227409.0,2.0,"21,70,419",KARTIK CONSTRUCTION,"2,167,814.538",Rejected-Finance,26-Dec-2025,Panchayati Raj Department||Zila Panchayat Amethi
2025_UPPRD_1064082_72,240/Nivida/ZP/2025-26 Date- 22-07-2025,Work No 72 Gram sabha Bagahi Lodhiyavan me pitch road se gaon tak C.C. kary,Work No 72 Gram sabha Bagahi Lodhiyavan me pitch road se gaon tak C.C. kary,Works,Open Tender,Percentage,Civil Works - Others,No,No,NA ,11-Aug-2025 12:00 PM,NA ,90.0,No ,No,Offline,18-Aug-2025 02:30 PM,Panchayati Raj Department||Zila Panchayat Amethi,Amethi,227409.0,2.0,"5,23,048",rajan trading company,"522,524.932",Rejected-Finance,16-Dec-2025,Panchayati Raj Department||Zila Panchayat Amethi
2025_UPPRD_1064082_146,240/Nivida/ZP/2025-26 Date- 22-07-2025,Work No 146 Gramsabha Kauhar me Ashutosh tiwari ke Ghar ke pass se Ghoor tak Nali Nirmaan,Work No 146 Gramsabha Kauhar me Ashutosh tiwari ke Ghar ke pass se Ghoor tak Nali Nirmaan,Works,Open Tender,Percentage,Civil Works - Others,No,No,NA ,11-Aug-2025 12:00 PM,NA ,90.0,No ,No,Offline,18-Aug-2025 02:30 PM,Panchayati Raj Department||Zila Panchayat Amethi,Amethi,227409.0,2.0,"1,75,546",Fair Deals,"175,370.804",Rejected-Finance,26-Dec-2025,Panchayati Raj Department||Zila Panchayat Amethi
2025_UPPRD_1064082_66,240/Nivida/ZP/2025-26 Date- 22-07-2025,Work No 66 Gram panchayat Bhanauli me Rajiv gandhi Stadium se Aadarsh nagar hote hue kashi ram colony tak eet- soling,Work No 66 Gram panchayat Bhanauli me Rajiv gandhi Stadium se Aadarsh nagar hote hue kashi ram colony tak eet- soling,Works,Open Tender,Percentage,Civil Works - Others,No,No,NA ,11-Aug-2025 12:00 PM,NA ,90.0,No ,No,Offline,18-Aug-2025 02:30 PM,Panchayati Raj Department||Zila Panchayat Amethi,Amethi,227409.0,2.0,"7,68,836",Geeta Enteprises,"768,067.244",Rejected-Finance,16-Dec-2025,Panchayati Raj Department||Zila Panchayat Amethi
2025_UPIDC_1081543_20,03/SE-6/2025-26,Mohaan feedar nahar ke km 0.000 se km 0.125 ke madhya ritaining wall ke nirman ka karya,Mohaan feedar nahar ke km 0.000 se km 0.125 ke madhya ritaining wall ke nirman ka karya,Works,Open Tender,Item Rate,Civil Works,No,No,NA ,10-Oct-2025 11:00 AM,13-Oct-2025 03:00 PM ,90.0,No ,No,Online,17-Oct-2025 03:00 PM,"U P Irrigation Department (Civil)||Chief Engineer-Sharda, Lucknow||VI Circle Irrigation Works, Lucknow",Lucknow,226010.0,2.0,"82,00,000",M/s Nav Bharat Construction,"6,000,554.283",Rejected-Finance,29-Nov-2025,"U P Irrigation Department (Civil)||Chief Engineer-Sharda, Lucknow||VI Circle Irrigation Works, Lucknow"
2025_UPIDC_1078690_33,03/EESNK1BANSI/2025-26,SiltScraping and jungle clearance of MehdawalDy from km. 0.000 to 9.000,SiltScraping and jungle clearance of MehdawalDy from km. 0.000 to 9.000,Works,Open Tender,Item Wise,Civil Works - Canal,No,No,NA ,04-Oct-2025 10:00 AM,NA ,90.0,No ,No,Online,13-Oct-2025 02:00 PM,"U P Irrigation Department (Civil)||Chief Engineer-Saryu Project-2, Gonda||Rapti CC Circle-2, Basti||SCD, bansi",SIDDHARTH NAGAR,272153.0,2.0,"4,32,000",Aneeta Dwivedi Construction,"327,205.1",Rejected-Finance,11-Dec-2025,"U P Irrigation Department (Civil)||Chief Engineer-Saryu Project-2, Gonda||Rapti CC Circle-2, Basti||SCD, bansi"
2025_UPIDC_1088427_91,01/AE/2025-26,Lot-30,Silt clearance and Scraping,Works,Open Tender,Item Rate,Civil Works,No,No,NA ,17-Nov-2025 11:00 AM,NA ,90.0,No ,No,Online,22-Nov-2025 11:00 AM,"U P Irrigation Department (Civil)||Chief Engineer-Sharda Sahayak, Lucknow||XIV Circle Irrigation Works, Azamgarh||SSD-23, azamgarh",Azamgarh,276001.0,2.0,,K S ENTERPRISES,"67,227.4",Not Admitted-Fee/PreQual/Technical,20-Dec-2025,"U P Irrigation Department (Civil)||Chief Engineer-Sharda Sahayak, Lucknow||XIV Circle Irrigation Works, Azamgarh||SSD-23, azamgarh"
2025_UPIDC_1080135_54,02/EE/2025-26,Road Renewal work on Arkha Dy from km. 1.500 to km. 2.800 on left Bank Service Road,Road Renewal work on Arkha Dy from km 1.500 to km. 2.800 on left bank service road,Works,Open Tender,Item Rate,Civil Works - Canal,No,No,NA ,08-Nov-2025 09:00 AM,NA ,30.0,No ,No,Online,13-Nov-2025 11:00 AM,"U P Irrigation Department (Civil)||Chief Engineer-Sharda Sahayak, Lucknow||XVI Circle Irrigation Works, Pratapgargh||ID, pratapgarh",pratapgarh,230001.0,2.0,"31,96,000",M/S ASHISH TIWARI CONTRACTOR,"2,520,931",Accepted-AOC,19-Nov-2025,"U P Irrigation Department (Civil)||Chief Engineer-Sharda Sahayak, Lucknow||XVI Circle Irrigation Works, Pratapgargh||ID, pratapgarh"
2025_UPIDC_1086904_2,03/EE/SSK41/2025-26,Silt Clearance of Jais Distributary From Km. 0.000 to Km. 8.000,Silt Clearance of Jais Distributary From Km. 0.000 to Km. 8.000,Works,Open Tender,Item Rate,Civil Works - Canal,No,No,NA ,12-Nov-2025 10:00 AM,NA ,90.0,No ,No,Online,17-Nov-2025 01:00 PM,"U P Irrigation Department (Civil)||Chief Engineer-Sharda Sahayak, Lucknow||XVI Circle Irrigation Works, Pratapgargh||Sharda Sahayak Division 41 Amethi",Amethi,227409.0,2.0,"6,77,000",369 Building Solutions,"673,465.75",Accepted-AOC,24-Nov-2025,"U P Irrigation Department (Civil)||Chief Engineer-Sharda Sahayak, Lucknow||XVI Circle Irrigation Works, Pratapgargh||Sharda Sahayak Division 41 Amethi"
2025_UPIDC_1078690_27,03/EESNK1BANSI/2025-26,SiltScraping and jungle clearance of Karmaini minor from km 0.000 to 4.500,SiltScraping and jungle clearance of Karmaini minor from km 0.000 to 4.500,Works,Open Tender,Item Wise,Civil Works - Canal,No,No,NA ,04-Oct-2025 10:00 AM,NA ,90.0,No ,No,Online,13-Oct-2025 02:00 PM,"U P Irrigation Department (Civil)||Chief Engineer-Saryu Project-2, Gonda||Rapti CC Circle-2, Basti||SCD, bansi",SIDDHARTH NAGAR,272153.0,2.0,"1,14,000",M/s Amrawati Constructions,"68,989.9",Rejected-Finance,11-Dec-2025,"U P Irrigation Department (Civil)||Chief Engineer-Saryu Project-2, Gonda||Rapti CC Circle-2, Basti||SCD, bansi"
2025_UPIDC_1082163_9,01/EE/2025-26,Patch repairing of Beraucha Dy. from Km. 0.000 to 3.450,Patch repairing of Beraucha Dy. from Km. 0.000 to 3.450,Works,Open Tender,Item Rate,Civil Works - Roads,No,No,NA ,13-Oct-2025 12:00 PM,16-Oct-2025 11:00 AM ,90.0,No ,No,Online,21-Oct-2025 02:00 PM,"U P Irrigation Department (Civil)||Chief Engineer-Ram Ganga, Kanpur||Irrigation Works Circle, Kanpur||ID, kaushambhi",Kaushambi,212207.0,2.0,"9,94,000",DEVENDRA KUMAR YADAV,"474,383.6",Accepted-AOC,18-Nov-2025,"U P Irrigation Department (Civil)||Chief Engineer-Ram Ganga, Kanpur||Irrigation Works Circle, Kanpur||ID, kaushambhi"
2025_UPIDC_1082348_2,08/EE/2025-26,Silt Clearance of Bakkas Minor from Km. 0.000 to Km. 6.500 for year 2025-26 (LOT-02),Silt Clearance of Bakkas Minor from Km. 0.000 to Km. 6.500 for year 2025-26 (LOT-02),Works,Open Tender,Item Rate,Civil Works,No,No,NA ,14-Oct-2025 10:00 AM,NA ,90.0,No ,No,Online,21-Oct-2025 02:30 PM,"U P Irrigation Department (Civil)||Chief Engineer-Sharda Sahayak, Lucknow||VII Circle Irrigation Works, Lucknow||Lucknow Division Sharda Canal Lucknow",BAKKAS MINOR GOSAINGANG,226001.0,2.0,"2,13,275",Raj Boux Yadav,"202,020",Rejected-Finance,06-Nov-2025,"U P Irrigation Department (Civil)||Chief Engineer-Sharda Sahayak, Lucknow||VII Circle Irrigation Works, Lucknow||Lucknow Division Sharda Canal Lucknow"
2025_UPPAN_1087438_1,"3322/PAN/ET/25-26, DT. 31-10-2025",CONSTRUCTION OF CO OFFICE BUILDING AT DHANAURA DISTT AMROHA U.P.,CONSTRUCTION OF CO OFFICE BUILDING AT DHANAURA DISTT AMROHA U.P.,Works,Open Tender,Percentage,Civil Works,No,No,NA ,31-Oct-2025 03:00 PM,NA ,90.0,No ,No,Online,18-Nov-2025 11:30 AM,UP Police Awas Nigam Limited||UP Police Awas Nigam Ltd HQ Lucknow,DHANAURA DISTT AMROHA U.P.,244231.0,2.0,"79,61,000",M/S MOHD KAMIL CONTRACTOR,"7,917,214",Accepted-AOC,09-Dec-2025,UP Police Awas Nigam Limited||UP Police Awas Nigam Ltd HQ Lucknow
2025_UPPRD_1064082_99,240/Nivida/ZP/2025-26 Date- 22-07-2025,Work No 99 Gram panchayat Ghatkaur me chandkant pandey ke ghar ke pass interlocking se sarkari tubel ki oor eet - soling,Work No 99 Gram panchayat Ghatkaur me chandkant pandey ke ghar ke pass interlocking se sarkari tubel ki oor eet - soling,Works,Open Tender,Percentage,Civil Works - Others,No,No,NA ,11-Aug-2025 12:00 PM,NA ,90.0,No ,No,Offline,18-Aug-2025 02:30 PM,Panchayati Raj Department||Zila Panchayat Amethi,Amethi,227409.0,2.0,"4,30,597",SUMAN YADAV,"430,166.992",Rejected-Finance,17-Dec-2025,Panchayati Raj Department||Zila Panchayat Amethi
2025_UPIDC_1086402_30,04/AE-III/2025-26,Earth Work in Silt Clearance/Scraping of Ghosi Dy. from Km. 15.800 to Km. 21.500,Silt Clearance/Scraping,Works,Open Tender,Item Rate,Civil Works,No,No,NA ,12-Nov-2025 11:30 AM,NA ,90.0,No ,No,Online,19-Nov-2025 11:30 AM,"U P Irrigation Department (Civil)||Chief Engineer-Sharda Sahayak, Lucknow||XIV Circle Irrigation Works, Azamgarh||SSD-32, azamgarh",AZAMGARH,276001.0,2.0,"1,39,000",Ravindra Yadav,"129,171.6",Not Admitted-Fee/PreQual/Technical,26-Dec-2025,"U P Irrigation Department (Civil)||Chief Engineer-Sharda Sahayak, Lucknow||XIV Circle Irrigation Works, Azamgarh||SSD-32, azamgarh"
2025_UPPRD_1064082_7,240/Nivida/ZP/2025-26 Date- 22-07-2025,Work No 7 Gram paliya chandapur ke sahodarpur me Brijlal yadav ke ghar ke pass soling se Ashok tiwari ki machine ke pass interlocking tak eet soling,Work No 7 Gram paliya chandapur ke sahodarpur me Brijlal yadav ke ghar ke pass soling se Ashok tiwari ki machine ke pass interlocking tak eet soling,Works,Open Tender,Percentage,Civil Works - Others,No,No,NA ,11-Aug-2025 12:00 PM,NA ,90.0,No ,No,Offline,18-Aug-2025 02:30 PM,Panchayati Raj Department||Zila Panchayat Amethi,Amethi,227409.0,2.0,"5,16,236",M/S ARYAN CONSTRUCTION,"515,719.604",Accepted-AOC,15-Dec-2025,Panchayati Raj Department||Zila Panchayat Amethi
2025_UPIDC_1082989_1,02/EE/2025-26 Lat 4,SILT CLEARANCE OF RAMPUR DY FROM KM. 0.000 TO KM. 3.000 AND SCRAPING FROM KM 3.000 TO 6.900,SILT CLEARANCE OF RAMPUR DY FROM KM. 0.000 TO KM. 3.000 AND SCRAPING FROM KM 3.000 TO 6.900,Works,Open Tender,Item Rate,Civil Works,No,No,NA ,18-Oct-2025 11:00 AM,NA ,90.0,No ,No,Online,30-Oct-2025 02:00 PM,"U P Irrigation Department (Civil)||Chief Engineer-Sharda Sahayak, Lucknow||XIV Circle Irrigation Works, Azamgarh||SSD - 36 Jaunpur",EXECUTIVE ENGINEER SSK-36 JAUNPUR,222002.0,2.0,"3,44,000",AMIT KUMAR SINGH,"199,049",Rejected-Finance,02-Dec-2025,"U P Irrigation Department (Civil)||Chief Engineer-Sharda Sahayak, Lucknow||XIV Circle Irrigation Works, Azamgarh||SSD - 36 Jaunpur"
2025_UPIDC_1082740_3,1649/2025-26 Dt. 06-10-2025 T.N.No-02/EE/2025-26,Lot 17 Re-Tender E/W in Silt Clearance and Scrapping in Prithivipur Minor. From Km.0.000 to km. 5.400,Lot 17 Re-Tender E/W in Silt Clearance and Scrapping in Prithivipur Minor. From Km.0.000 to km. 5.400,Works,Open Tender,Item Rate,Civil Works - Canal,No,No,NA ,05-Nov-2025 10:00 AM,NA ,90.0,No ,No,Online,10-Nov-2025 01:00 PM,"U P Irrigation Department (Civil)||Chief Engineer-Sharda Sahayak, Lucknow||XI Circle Irrigation Works, Faizabad||IDT, akbarpur",Ambedkarnagar,224122.0,2.0,"1,68,800",KAMLA PRASAD SINGH THEKEDAR,"112,853",Not Admitted-Fee/PreQual/Technical,15-Nov-2025,"U P Irrigation Department (Civil)||Chief Engineer-Sharda Sahayak, Lucknow||XI Circle Irrigation Works, Faizabad||IDT, akbarpur"
2025_YEIDA_1053217_1,YEA/GM(PROJECT)/2025/364 DT-27/06/2025,"Pond rejuvenation in village -maksudpur ,YEA. WC-06","Pond rejuvenation in village -maksudpur ,YEA. WC-06",Works,Open Tender,Fixed-rate,Civil Works,No,No,NA ,01-Jul-2025 06:50 PM,NA ,90.0,No ,No,Online,08-Jul-2025 11:00 AM,Yamuna Expressway Industrial Development Authority,YAMUNA EXPRESSWAY INDUSTRIAL DEVELOPMENT AUTHORITY,201308.0,2.0,"9,40,805",BANKE BIHARI CONTRACTOR,"582,358.79",Accepted-AOC,02-Dec-2025,Yamuna Expressway Industrial Development Authority
2025_UPIDC_1082147_52,03/EE/2025-26,SILT CLEARENCE OF BHILAURA BASNTI MR. FROM KM. 0.000 TO 6.825,SILT CLEARENCE OF BHILAURA BASNTI MR. FROM KM. 0.000 TO 6.825,Works,Open Tender,Item Rate,Civil Works - Canal,No,No,NA ,21-Oct-2025 09:00 AM,NA ,90.0,No ,No,Online,29-Oct-2025 03:00 PM,"U P Irrigation Department (Civil)||Chief Engineer-Saryu Project-1, Faizabad||Irrigation Construction Circle, Bahraich||SCD-1, bahraich",Bahraich,271801.0,2.0,"1,77,000",Rajesh Pathak,"146,776.53",Rejected-Finance,14-Nov-2025,"U P Irrigation Department (Civil)||Chief Engineer-Saryu Project-1, Faizabad||Irrigation Construction Circle, Bahraich||SCD-1, bahraich"
2025_UPIDC_1085444_2,06/SE/2025-26,Slope stabilization (shotcrerting) work at left bank hill between Km. 11.050 to 11.230 of Bansagar feeder canal Lot_2,Slope stabilization (shotcrerting) work at left bank hill between Km. 11.050 to 11.230 of Bansagar feeder canal,Works,Open Tender,Item Rate,Civil Works,No,No,NA ,27-Oct-2025 01:00 PM,NA ,90.0,No ,No,Online,06-Nov-2025 03:00 PM,"U P Irrigation Department (Civil)||Chief Engineer-Bansagar, Allahabad||Ban Sagar CC-2, Mirjapur","Sidhi, MP",486661.0,2.0,,M/S ARUN CONSTRUCTION,"55,879,315.3",Rejected-Finance,17-Dec-2025,"U P Irrigation Department (Civil)||Chief Engineer-Bansagar, Allahabad||Ban Sagar CC-2, Mirjapur"
2025_UPIDC_1087732_2,01/EE/25-26 lot03,"AUCTION OF USELESS STORE NO.03 SITUATED IN THE PREMISES OF OFFICE OF MADHYA GANGA CANAL CONSTRUCTION DIVISION-4,HARYANA JOYA, AMROHA","AUCTION OF USELESS STORE NO.03 SITUATED IN THE PREMISES OF OFFICE OF MADHYA GANGA CANAL CONSTRUCTION DIVISION-4,HARYANA JOYA, AMROHA",Goods,Auction,Item Rate,Civil Construction Goods,No,No,NA ,10-Nov-2025 03:00 PM,NA ,90.0,No ,No,Online,19-Nov-2025 11:30 AM,"U P Irrigation Department (Civil)||Chief Engineer-Madhya Ganga, Aligarh||MGCC Circle, Bulandshahar||MGCCD-4, Amroha",AMROHA,244222.0,2.0,"3,73,000",ARMONIA CONSTRUCTIONS,"375,600",Accepted-AOC,10-Dec-2025,"U P Irrigation Department (Civil)||Chief Engineer-Madhya Ganga, Aligarh||MGCC Circle, Bulandshahar||MGCCD-4, Amroha"
2025_UPPRD_1065171_12,244/Nivida/ZP/2025-26 Date- 22-07-2025,Work No 12 Gramsabha Bhimi me Jamo Bhadar sampark marg se Tikarmafi- Bhimi samapar marg tak lepan marammat,Work No 12 Gramsabha Bhimi me Jamo Bhadar sampark marg se Tikarmafi- Bhimi samapar marg tak lepan marammat,Works,Open Tender,Percentage,Civil Works - Others,No,No,NA ,18-Aug-2025 12:00 PM,NA ,30.0,No ,No,Offline,25-Aug-2025 02:30 PM,Panchayati Raj Department||Zila Panchayat Amethi,Amethi,227409.0,2.0,"22,49,521",VINAY PRAKASH TRIPATHI,"2,246,371.413",Rejected-Finance,26-Dec-2025,Panchayati Raj Department||Zila Panchayat Amethi
2025_UPIDC_1082147_46,03/EE/2025-26,"SILT CLEARANCE AND SCRAPPING IN MASADEEH MINOR FROM 0.000 KM TO 5.420 KM, DEVRAIPUR MINOR FROM KM. 0.000 TO KM.2.200, MAHRAJGANJ MINOR FROM KM. 0.000 TO KM. 2.200 AND SADHUWAPUR MINOR FROM KM. 0.000 TO KM. 3.700","SILT CLEARANCE AND SCRAPPING IN MASADEEH MINOR FROM 0.000 KM TO 5.420 KM, DEVRAIPUR MINOR FROM KM. 0.000 TO KM.2.200, MAHRAJGANJ MINOR FROM KM. 0.000 TO KM. 2.200 AND SADHUWAPUR MINOR FROM KM. 0.000 TO KM. 3.700",Works,Open Tender,Item Rate,Civil Works - Canal,No,No,NA ,13-Oct-2025 09:00 AM,NA ,90.0,No ,No,Online,18-Oct-2025 04:30 PM,"U P Irrigation Department (Civil)||Chief Engineer-Saryu Project-1, Faizabad||Irrigation Construction Circle, Bahraich||SCD-1, bahraich",Bahraich,271801.0,2.0,"2,69,000",M/S S K CONSTRUCTION COMPANY,"261,662.52",Rejected-Finance,14-Nov-2025,"U P Irrigation Department (Civil)||Chief Engineer-Saryu Project-1, Faizabad||Irrigation Construction Circle, Bahraich||SCD-1, bahraich"
2025_UPIDC_1085665_27,02/AE-I/2025-26,"Earth Work in Silt Clearance and Scraping of Allipur Mr. from Km. 0.000 to Km. 1.000, Dhadhani Mr. from Km. 0.000 to Km. 1.500 and Kashipur Mr. from Km. 0.000 to Km. 2.850",Silt Clearance and Scraping,Works,Open Tender,Item Rate,Civil Works,No,No,NA ,27-Oct-2025 10:00 AM,NA ,90.0,No ,No,Online,03-Nov-2025 12:30 PM,"U P Irrigation Department (Civil)||Chief Engineer-Sharda Sahayak, Lucknow||XIV Circle Irrigation Works, Azamgarh||SSD-32, azamgarh",AZAMGARH,276001.0,2.0,"97,000",M S CONSTRUCTION,"76,220.42",Not Admitted-Fee/PreQual/Technical,18-Dec-2025,"U P Irrigation Department (Civil)||Chief Engineer-Sharda Sahayak, Lucknow||XIV Circle Irrigation Works, Azamgarh||SSD-32, azamgarh"
2025_UPIDC_1084107_9,11/EE/2025-26,"Sweeping and Cleaning of Residential and Non-Residential Building, Cleaning Sewer Line and Drain at Sinchai Vikas Bhawan (upto IInd floor) and Canal Colony, Cantt Road, Lucknow (1 Year) . (Lot-03)","Sweeping and Cleaning of Residential and Non-Residential Building, Cleaning Sewer Line and Drain at Sinchai Vikas Bhawan (upto IInd floor) and Canal Colony, Cantt Road, Lucknow (1 Year) . (Lot-03)",Works,Open Tender,Item Rate,Civil Works,No,No,NA ,31-Oct-2025 06:00 PM,NA ,90.0,No ,No,Online,06-Nov-2025 10:30 AM,"U P Irrigation Department (Civil)||Chief Engineer-Sharda Sahayak, Lucknow||VII Circle Irrigation Works, Lucknow||Lucknow Division Sharda Canal Lucknow",Canal Colony Catt Road Lucknow,226001.0,2.0,"33,86,548",BHAJAN LAL,"3,180,792.24",Accepted-AOC,20-Nov-2025,"U P Irrigation Department (Civil)||Chief Engineer-Sharda Sahayak, Lucknow||VII Circle Irrigation Works, Lucknow||Lucknow Division Sharda Canal Lucknow"
2025_UPIDC_1084107_8,11/EE/2025-26,"Sweeping and Cleaning of Non-Residential and Residential Building, Cleaning Sewer Line and Drain at Officer Club, Tikonia Park and Driver Block at Canal Colony Cantt Road, Lucknow. (12 Month ). (Lot-01)","Sweeping and Cleaning of Non-Residential and Residential Building, Cleaning Sewer Line and Drain at Officer Club, Tikonia Park and Driver Block at Canal Colony Cantt Road, Lucknow. (12 Month ). (Lot-01)",Works,Open Tender,Item Rate,Civil Works,No,No,NA ,31-Oct-2025 06:00 PM,NA ,90.0,No ,No,Online,06-Nov-2025 10:30 AM,"U P Irrigation Department (Civil)||Chief Engineer-Sharda Sahayak, Lucknow||VII Circle Irrigation Works, Lucknow||Lucknow Division Sharda Canal Lucknow",Canal Colony Catt Road Lucknow,226001.0,2.0,"32,42,245",vajid ali,"2,765,409.52",Rejected-Finance,20-Nov-2025,"U P Irrigation Department (Civil)||Chief Engineer-Sharda Sahayak, Lucknow||VII Circle Irrigation Works, Lucknow||Lucknow Division Sharda Canal Lucknow"
2025_UPIDC_1085665_26,02/AE-I/2025-26,Earth Work in Silt Clearance and Scraping of Muzaffarpur Mr. from Km. 0.000 to Km. 3.600,Silt Clearance and Scraping,Works,Open Tender,Item Rate,Civil Works,No,No,NA ,27-Oct-2025 10:00 AM,NA ,90.0,No ,No,Online,03-Nov-2025 12:30 PM,"U P Irrigation Department (Civil)||Chief Engineer-Sharda Sahayak, Lucknow||XIV Circle Irrigation Works, Azamgarh||SSD-32, azamgarh",AZAMGARH,276001.0,2.0,"1,00,000",M S CONSTRUCTION,"74,629.7",Not Admitted-Fee/PreQual/Technical,28-Nov-2025,"U P Irrigation Department (Civil)||Chief Engineer-Sharda Sahayak, Lucknow||XIV Circle Irrigation Works, Azamgarh||SSD-32, azamgarh"
2025_UPIDC_1082147_9,03/EE/2025-26,SILT CLEARENCE OF PATHARKALA MR. FROM KM 0.000 TO 7.100,SILT CLEARENCE OF PATHARKALA MR. FROM KM 0.000 TO 7.100,Works,Open Tender,Item Rate,Civil Works - Canal,No,No,NA ,13-Oct-2025 09:00 AM,NA ,90.0,No ,No,Online,18-Oct-2025 04:30 PM,"U P Irrigation Department (Civil)||Chief Engineer-Saryu Project-1, Faizabad||Irrigation Construction Circle, Bahraich||SCD-1, bahraich",Bahraich,271801.0,2.0,"3,33,000",Rajesh Pathak,"276,472.42",Rejected-Finance,14-Nov-2025,"U P Irrigation Department (Civil)||Chief Engineer-Saryu Project-1, Faizabad||Irrigation Construction Circle, Bahraich||SCD-1, bahraich"
2025_UPIDC_1082147_47,03/EE/2025-26,"SILT CLEARANCE AND SCRAPPING IN BAIKUNTHA MINOR FROM 0.000 KM TO 4.800 KM, GADAMARKHURD MINOR FROM 0.000 KM TO 4.900 KM, KIRTANPUR MINOR FROM 0.000 KM TO 2.615 KM AND MARAUCHA MINOR FROM 0.000 KM TO 3.000 KM","SILT CLEARANCE AND SCRAPPING IN BAIKUNTHA MINOR FROM 0.000 KM TO 4.800 KM, GADAMARKHURD MINOR FROM 0.000 KM TO 4.900 KM, KIRTANPUR MINOR FROM 0.000 KM TO 2.615 KM AND MARAUCHA MINOR FROM 0.000 KM TO 3.000 KM",Works,Open Tender,Item Rate,Civil Works - Canal,No,No,NA ,13-Oct-2025 09:00 AM,NA ,90.0,No ,No,Online,18-Oct-2025 04:30 PM,"U P Irrigation Department (Civil)||Chief Engineer-Saryu Project-1, Faizabad||Irrigation Construction Circle, Bahraich||SCD-1, bahraich",Bahraich,271801.0,2.0,"2,80,000",SHREE CONSTRUCTION AND SUPLLIERS,"278,380.16",Rejected-Finance,14-Nov-2025,"U P Irrigation Department (Civil)||Chief Engineer-Saryu Project-1, Faizabad||Irrigation Construction Circle, Bahraich||SCD-1, bahraich"
2025_UPIDC_1082147_53,03/EE/2025-26,SILT CLEARENCE FROM KM. 0.000 TO 3.400 OF SOHARWA MR. AND KM. 0.000 TO 4.400 OF MOHMMADNAGAR MR.,SILT CLEARENCE FROM KM. 0.000 TO 3.400 OF SOHARWA MR. AND KM. 0.000 TO 4.400 OF MOHMMADNAGAR MR.,Works,Open Tender,Item Rate,Civil Works - Canal,No,No,NA ,21-Oct-2025 09:00 AM,NA ,90.0,No ,No,Online,29-Oct-2025 03:00 PM,"U P Irrigation Department (Civil)||Chief Engineer-Saryu Project-1, Faizabad||Irrigation Construction Circle, Bahraich||SCD-1, bahraich",Bahraich,271801.0,2.0,"1,31,000",M/S G N CONSTRUCTION,"102,856.02",Accepted-AOC,14-Nov-2025,"U P Irrigation Department (Civil)||Chief Engineer-Saryu Project-1, Faizabad||Irrigation Construction Circle, Bahraich||SCD-1, bahraich"
2025_YEIDA_1080922_3,YEA/OSD(M)/2025/1101 DT-03/10/2025,Construction of Ariel Bunch Cable L.T Network For Sec-32 YEA (WC-EM-02),Construction of Ariel Bunch Cable L.T Network For Sec-32 YEA (WC-EM-02),Works,Open Tender,Fixed-rate,Electrical Works,No,No,NA ,08-Oct-2025 06:55 PM,NA ,90.0,No ,No,Online,05-Nov-2025 11:00 AM,Yamuna Expressway Industrial Development Authority,YAMUNA EXPRESSWAY INDUSTRIAL DEVELOPMENT AUTHORITY,201308.0,2.0,"6,30,71,441",ROYAL MEDAL POWER SYSTEM,"58,656,440.13",Rejected-Finance,24-Dec-2025,Yamuna Expressway Industrial Development Authority
2025_UPIDC_1085718_26,TN-06/EE/2025-26,TN-06/ee/25-26 Minor Rohana Ke Km 0.000 to Km 4.800 ke madhya Banki ka Sudhrikarn evm km 0.000 to Km 0.892 trk sewamarg par khandja Nirman Karya Lot No-18,Minor Rohana Ke Km 0.000 to Km 4.800 ke madhya Banki ka Sudhrikarn evm km 0.000 to Km 0.892 trk sewamarg par khandja Nirman Karya,Works,Open Tender,Piece-work,Civil Works,No,No,as per tender notice ,14-Nov-2025 11:00 AM,NA ,90.0,No ,No,Online,19-Nov-2025 02:00 PM,"U P Irrigation Department (Civil)||Chief Engineer-Ganga, Meerut||I- Circle Irrigation Works, Meerut||Muzaffar Nagar Division Ganga Canal,Muzaffar Nagar",as per tender notice,251001.0,2.0,"22,87,000",VIKUL KUMAR,"2,280,616",Rejected-AOC,17-Dec-2025,"U P Irrigation Department (Civil)||Chief Engineer-Ganga, Meerut||I- Circle Irrigation Works, Meerut||Muzaffar Nagar Division Ganga Canal,Muzaffar Nagar"
2025_UPPRD_1064082_6,240/Nivida/ZP/2025-26 Date- 22-07-2025,Work No 6 Gram sabha Godwa me devkali pitch road se gaon tak lepan kary,Work No 6 Gram sabha Godwa me devkali pitch road se gaon tak lepan kary,Works,Open Tender,Percentage,Civil Works - Others,No,No,NA ,11-Aug-2025 12:00 PM,NA ,90.0,No ,No,Offline,18-Aug-2025 02:30 PM,Panchayati Raj Department||Zila Panchayat Amethi,Amethi,227409.0,2.0,"13,16,947",M/S GARG CONSTRUCTION,"1,315,630.373",Accepted-AOC,15-Dec-2025,Panchayati Raj Department||Zila Panchayat Amethi
2025_UPPRD_1064082_98,240/Nivida/ZP/2025-26 Date- 22-07-2025,Work No 98 Gram panchayat Ghorha me Gwaal chauraha sampark marg se panchayat sachivalay hote hue ghansi baba mandir tak Eet- soling,Work No 98 Gram panchayat Ghorha me Gwaal chauraha sampark marg se panchayat sachivalay hote hue ghansi baba mandir tak Eet- soling,Works,Open Tender,Percentage,Civil Works - Others,No,No,NA ,11-Aug-2026 06:37 PM,NA ,90.0,No ,No,Offline,18-Aug-2025 02:30 PM,Panchayati Raj Department||Zila Panchayat Amethi,Amethi,227409.0,2.0,"2,98,590",SUMAN YADAV,"298,290.846",Rejected-Finance,17-Dec-2025,Panchayati Raj Department||Zila Panchayat Amethi
2025_UPPCL_1069346_1,28/ECCD-I/ 2025-26,MandR of Plaster Repairing internal and external Painting and other Misc Civil works in Res no B279 and B299 at 20 MIG Hydel colony Lucknow,MandR of Plaster Repairing internal and external Painting and other Misc Civil works in Res no B279 and B299 at 20 MIG Hydel colony Lucknow,Works,Open Tender,Percentage,Civil Works,No,No,NA ,29-Aug-2025 09:00 AM,NA ,120.0,No ,No,Offline,23-Sep-2025 03:30 PM,Uttar Pradesh Power Corporation Ltd.||SE Civil HQ Shakti Bhawan Extension||EE Civil HQ Attached to CE Civil 2||SE Civil HQ||EE ECCD Ist,LUCKNOW,226024.0,2.0,"3,05,079",RAKESH KUMAR TIWARI,"212,030.23",Rejected-AOC,06-Dec-2025,Uttar Pradesh Power Corporation Ltd.||SE Civil HQ Shakti Bhawan Extension||EE Civil HQ Attached to CE Civil 2||SE Civil HQ||EE ECCD Ist
2025_UPIDC_1082163_8,01/EE/2025-26,Patch repairing of KPC from Km. 13.200 to 15.700 and km 16.000 to 17.000,Patch repairing of KPC from Km. 13.200 to 15.700 and km 16.000 to 17.000,Works,Open Tender,Item Rate,Civil Works - Roads,No,No,NA ,13-Oct-2025 12:00 PM,16-Oct-2025 11:00 AM ,90.0,No ,No,Online,21-Oct-2025 02:00 PM,"U P Irrigation Department (Civil)||Chief Engineer-Ram Ganga, Kanpur||Irrigation Works Circle, Kanpur||ID, kaushambhi",Kaushambi,212207.0,2.0,"6,13,000",M/S RAJIV SINGH,"384,499.45",Accepted-AOC,18-Nov-2025,"U P Irrigation Department (Civil)||Chief Engineer-Ram Ganga, Kanpur||Irrigation Works Circle, Kanpur||ID, kaushambhi"
2025_UPIDC_1086402_19,04/AE-III/2025-26,Earth Work in Silt Clearance/Scraping of Raisa Mr. from Km. 0.000 to Km. 2.800 and Km. 2.800 to Km. 8.000,Silt Clearance/Scraping,Works,Open Tender,Item Rate,Civil Works,No,No,NA ,29-Oct-2025 10:00 AM,NA ,90.0,No ,No,Online,06-Nov-2025 12:30 PM,"U P Irrigation Department (Civil)||Chief Engineer-Sharda Sahayak, Lucknow||XIV Circle Irrigation Works, Azamgarh||SSD-32, azamgarh",AZAMGARH,276001.0,2.0,"1,42,000",arvind kumar yadav,"164,572",Accepted-AOC,12-Dec-2025,"U P Irrigation Department (Civil)||Chief Engineer-Sharda Sahayak, Lucknow||XIV Circle Irrigation Works, Azamgarh||SSD-32, azamgarh"
2025_UPPCL_1051789_2,18/ECCD-I/ 2025-26,MandR of civil work in Indralok officer Hydel Colony No 4nd1 4nd23 4nd33 and 4nd34 and Indralok staff colony Res No 1nd76 2nd15 2nd60 2nd120 and 2nd127 Lko Plaster Repairing and External Painting tile work in bathroom and toilet sink cistern C,MandR of civil work in Indralok officer Hydel Colony No 4nd1 4nd23 4nd33 and 4nd34 and Indralok staff colony Res No 1nd76 2nd15 2nd60 2nd120 and 2nd127 Lko Plaster Repairing and External Painting tile work in bathroom and toilet sink cistern C,Works,Open Tender,Percentage,Civil Works,No,No,NA ,18-Aug-2025 01:00 PM,NA ,120.0,No ,No,Offline,26-Aug-2025 03:30 PM,Uttar Pradesh Power Corporation Ltd.||SE Civil HQ Shakti Bhawan Extension||EE Civil HQ Attached to CE Civil 2||SE Civil HQ||EE ECCD Ist,LUCKNOW,226024.0,2.0,"10,15,590",S R CONSTRUCTIONS,"698,421.24",Rejected-AOC,06-Dec-2025,Uttar Pradesh Power Corporation Ltd.||SE Civil HQ Shakti Bhawan Extension||EE Civil HQ Attached to CE Civil 2||SE Civil HQ||EE ECCD Ist
2025_UPIDC_1088427_90,01/AE/2025-26,Lot-29,Silt clearance and Scraping,Works,Open Tender,Item Rate,Civil Works,No,No,NA ,17-Nov-2025 11:00 AM,NA ,90.0,No ,No,Online,22-Nov-2025 11:00 AM,"U P Irrigation Department (Civil)||Chief Engineer-Sharda Sahayak, Lucknow||XIV Circle Irrigation Works, Azamgarh||SSD-23, azamgarh",Azamgarh,276001.0,2.0,,M/s Kamla Prasad Yadav,"62,708.31",Rejected-Finance,20-Dec-2025,"U P Irrigation Department (Civil)||Chief Engineer-Sharda Sahayak, Lucknow||XIV Circle Irrigation Works, Azamgarh||SSD-23, azamgarh"
2025_UPIDC_1078690_26,03/EESNK1BANSI/2025-26,SiltScraping and jungle clearance of neusa minor from km 0.000 to 2.900,SiltScraping and jungle clearance of neusa minor from km 0.000 to 2.900,Works,Open Tender,Item Wise,Civil Works - Canal,No,No,NA ,04-Oct-2025 10:00 AM,NA ,90.0,No ,No,Online,13-Oct-2025 02:00 PM,"U P Irrigation Department (Civil)||Chief Engineer-Saryu Project-2, Gonda||Rapti CC Circle-2, Basti||SCD, bansi",SIDDHARTH NAGAR,272153.0,2.0,"54,000",M/s Amrawati Constructions,"32,976.63",Rejected-Technical,11-Dec-2025,"U P Irrigation Department (Civil)||Chief Engineer-Saryu Project-2, Gonda||Rapti CC Circle-2, Basti||SCD, bansi"
2025_UPIDC_1078690_32,03/EESNK1BANSI/2025-26,SiltScraping and jungle clearance of Dewari minor from km 0.000 to 5.800,SiltScraping and jungle clearance of Dewari minor from km 0.000 to 5.800,Works,Open Tender,Item Wise,Civil Works - Canal,No,No,NA ,04-Oct-2025 10:00 AM,NA ,90.0,No ,No,Online,13-Oct-2025 02:00 PM,"U P Irrigation Department (Civil)||Chief Engineer-Saryu Project-2, Gonda||Rapti CC Circle-2, Basti||SCD, bansi",SIDDHARTH NAGAR,272153.0,2.0,"1,52,000",M/S RAM KRIPAL TRIPATHI THEKEDAR,"123,136.64",Rejected-Finance,11-Dec-2025,"U P Irrigation Department (Civil)||Chief Engineer-Saryu Project-2, Gonda||Rapti CC Circle-2, Basti||SCD, bansi"
2025_UPPRD_1064082_67,240/Nivida/ZP/2025-26 Date- 22-07-2025,Work No 67 Gram panchayat Nijamuddeenpur me Bhaddaur sampark marg se ram padarth yadav ke ghar tak C.C.,Work No 67 Gram panchayat Nijamuddeenpur me Bhaddaur sampark marg se ram padarth yadav ke ghar tak C.C.,Works,Open Tender,Percentage,Civil Works - Others,No,No,NA ,11-Aug-2025 12:00 PM,NA ,90.0,No ,No,Offline,18-Aug-2025 02:30 PM,Panchayati Raj Department||Zila Panchayat Amethi,Amethi,227409.0,2.0,"6,61,390",Geeta Enteprises,"660,728.43",Rejected-Finance,16-Dec-2025,Panchayati Raj Department||Zila Panchayat Amethi
2025_UPPRD_1064082_147,240/Nivida/ZP/2025-26 Date- 22-07-2025,Work No 147 Gramsabha Parsawan me Hariram Agrahri ke Ghar ke pass se kakrhiya talab tak Nala nirmaan,Work No 147 Gramsabha Parsawan me Hariram Agrahri ke Ghar ke pass se kakrhiya talab tak Nala nirmaan,Works,Open Tender,Percentage,Civil Works - Others,No,No,NA ,11-Aug-2025 12:00 PM,NA ,90.0,No ,No,Offline,18-Aug-2025 02:30 PM,Panchayati Raj Department||Zila Panchayat Amethi,Amethi,227409.0,2.0,"16,95,577",M/S CHANAKYA ENTERPRISES,"1,693,543.003",Accepted-AOC,26-Dec-2025,Panchayati Raj Department||Zila Panchayat Amethi
2025_UPIDC_1084460_32,01/EE/2025-26,Earth work in silt clearance/Scarping of Pipari Dy. Dy form km 0.000 km 7.100,Earth work in silt clearance/Scarping of Pipari Dy. Dy form km 0.000 km 7.100,Works,Open Tender,Item Rate,Civil Works - Canal,No,No,NA ,06-Nov-2025 10:00 AM,NA ,90.0,No ,No,Online,12-Nov-2025 03:00 PM,"U P Irrigation Department (Civil)||Chief Engineer-Saryu Project-2, Gonda||Drainage Cirlce, Gonda||SCD-1 Balrampur",Shrawasti,271805.0,2.0,"3,32,000",SHRI KRISHNA SHUKLA,"330,154.2",Rejected-AOC,11-Dec-2025,"U P Irrigation Department (Civil)||Chief Engineer-Saryu Project-2, Gonda||Drainage Cirlce, Gonda||SCD-1 Balrampur"
2025_UPIDC_1083212_1,02/EE/2025-26 Lat 12,SCRAPPING WORK IN SHAHGANJ EXT. DY FROM KM. 0.000 TO KM. 6.900,SCRAPPING WORK IN SHAHGANJ EXT. DY FROM KM. 0.000 TO KM. 6.900,Works,Open Tender,Item Rate,Civil Works,No,No,NA ,18-Oct-2025 11:00 AM,NA ,90.0,No ,No,Online,30-Oct-2025 02:00 PM,"U P Irrigation Department (Civil)||Chief Engineer-Sharda Sahayak, Lucknow||XIV Circle Irrigation Works, Azamgarh||SSD - 36 Jaunpur",EXECUTIVE ENGINEER SSK-36 JAUNPUR,222002.0,2.0,"3,34,000",AMIT KUMAR SINGH,"217,492.1",Rejected-Finance,02-Dec-2025,"U P Irrigation Department (Civil)||Chief Engineer-Sharda Sahayak, Lucknow||XIV Circle Irrigation Works, Azamgarh||SSD - 36 Jaunpur"
2025_UPPRC_1088069_1,08/UPPCL/PM-3/VNS/2025-26,"Interlocking Work at Miyavaki Van at V.B.S.P.University, Jaunpur, District-Jaunpur. (U.P.)","Interlocking Work at Miyavaki Van at V.B.S.P.University, Jaunpur, District-Jaunpur. (U.P.)",Works,Open Tender,Percentage,Civil Works,No,No,NA ,03-Nov-2025 05:00 PM,NA ,90.0,No ,No,Online,10-Nov-2025 04:00 PM,U.P. Projects Corporation Ltd.||U.P. Projects Corp. Ltd.(MD)||Zone-1 Allahabad||Unit-3 Varanasi,"V.B.S.P.University, Jaunpur, District-Jaunpur. (U",222001.0,2.0,"12,14,000",SHIVAM TRADERS,"1,213,122.59",Rejected-AOC,11-Dec-2025,U.P. Projects Corporation Ltd.||U.P. Projects Corp. Ltd.(MD)||Zone-1 Allahabad||Unit-3 Varanasi
2025_UPPRD_1064082_73,240/Nivida/ZP/2025-26 Date- 22-07-2025,Work No 73 Gram sabha Sindhiyawan me pitch road se Kathkan ke purva me C.c. kary,Work No 73 Gram sabha Sindhiyawan me pitch road se Kathkan ke purva me C.c. kary,Works,Open Tender,Percentage,Civil Works - Others,No,No,NA ,11-Aug-2025 12:00 PM,NA ,90.0,No ,No,Offline,18-Aug-2025 02:30 PM,Panchayati Raj Department||Zila Panchayat Amethi,Amethi,227409.0,2.0,"8,48,172",rajan trading company,"847,323.748",Rejected-Finance,16-Dec-2025,Panchayati Raj Department||Zila Panchayat Amethi
2025_UPPRD_1064082_153,240/Nivida/ZP/2025-26 Date- 22-07-2025,Work No 153 Gramsabha Maderika ke Shukl ka purva me Nali nirmaan,Work No 153 Gramsabha Maderika ke Shukl ka purva me Nali nirmaan,Works,Open Tender,Percentage,Civil Works - Others,No,No,NA ,11-Aug-2025 12:00 PM,NA ,90.0,No ,No,Offline,18-Aug-2025 02:30 PM,Panchayati Raj Department||Zila Panchayat Amethi,Amethi,227409.0,2.0,"9,22,703",M/S OM CONSTRUCTION,"921,780.457",Accepted-AOC,26-Dec-2025,Panchayati Raj Department||Zila Panchayat Amethi
2025_UPIDC_1082547_1,01/EE/2025-26,Silt clearance work of Dhikiyapur Mr. from km. 0.000 to km. 7.400,Silt clearance,Works,Open Tender,Item Rate,Civil Works - Canal,No,No,NA ,14-Oct-2025 02:00 PM,NA ,90.0,No ,No,Online,21-Oct-2025 03:00 PM,"U P Irrigation Department (Civil)||Chief Engineer-Ram Ganga, Kanpur||Irrigation Works Circle, Etawah||ID, auriya",Silt clearance work of Dhikiyapur Mr. from km. 0.0,206244.0,2.0,"2,20,000",BHOLE BABA CONSTRUCTION,"199,147.8",Accepted-AOC,14-Dec-2025,"U P Irrigation Department (Civil)||Chief Engineer-Ram Ganga, Kanpur||Irrigation Works Circle, Etawah||ID, auriya"
2025_UPIDC_1082502_1,01/EE/2025-26,Silt clearance work of Phaphund Dy. from km. 8.000 to km. 30.570,Silt Clearance,Works,Open Tender,Item Rate,Civil Works - Canal,No,No,NA ,14-Oct-2025 02:00 PM,NA ,90.0,No ,No,Online,21-Oct-2025 03:00 PM,"U P Irrigation Department (Civil)||Chief Engineer-Ram Ganga, Kanpur||Irrigation Works Circle, Etawah||ID, auriya",Silt clearance work of Phaphund Dy. from km. 8.000,206244.0,2.0,"10,15,000",HIMNSHU TRADERS,"672,798.08",Accepted-AOC,14-Dec-2025,"U P Irrigation Department (Civil)||Chief Engineer-Ram Ganga, Kanpur||Irrigation Works Circle, Etawah||ID, auriya"
2025_UPIDC_1094541_1,06/EE/2025-26/3,Restoration of Service Road from km 48.000 to 49.800 at Bhognipur Branch,Restoration of Service Road from km 48.000 to 49.800 at Bhognipur Branch,Works,Open Tender,Item Rate,Civil Works - Canal,No,No,NA ,29-Nov-2025 11:30 AM,NA ,90.0,No ,No,Online,04-Dec-2025 04:00 PM,"U P Irrigation Department (Civil)||Chief Engineer-Ram Ganga, Kanpur||Irrigation Works Circle, Etawah||Irrigation Construction Division Firozabad",Bhognipur Branch,283141.0,2.0,,AK ENTERPRISES,"1,520,640",Accepted-AOC,19-Dec-2025,"U P Irrigation Department (Civil)||Chief Engineer-Ram Ganga, Kanpur||Irrigation Works Circle, Etawah||Irrigation Construction Division Firozabad"
2025_UPIDC_1080129_8,01/EE/LGC/FTP/2025-26,Rennovation/Recoating ofService Road Between Km 7.092 to km 9.600 of Aranj Dy.,Rennovation/Recoating ofService Road Between Km 7.092 to km 9.600 of Aranj Dy.,Works,Open Tender,Item Rate,Civil Works - Canal,No,No,NA ,25-May-2026 07:08 PM,08-Oct-2025 11:00 AM ,15.0,No ,No,Online,13-Oct-2025 02:00 PM,"U P Irrigation Department (Civil)||Chief Engineer-Ram Ganga, Kanpur||Irrigation Works Circle, Kanpur||FDLGC, fatehpur",Fatehpur,212601.0,2.0,,M/S Jaunpur construction,"474,937",Accepted-AOC,07-Nov-2025,"U P Irrigation Department (Civil)||Chief Engineer-Ram Ganga, Kanpur||Irrigation Works Circle, Kanpur||FDLGC, fatehpur"
2025_UPIDC_1079112_23,01/S.S.K-51/2025-26,"Scraping and jungle clearance of Golahi minor between km 0.000 to km 2.275, Chaupai Minor between km 0.000 to km 1.876, and Severa Minor between km 0.000 to km 1.134","Scraping and jungle clearance of Golahi minor between km 0.000 to km 2.275, Chaupai Minor between km 0.000 to km 1.876, and Severa Minor between km 0.000 to km 1.134",Works,Open Tender,Item Rate,Civil Works,No,No,NA ,30-Oct-2025 03:00 PM,NA ,90.0,No ,No,Online,06-Nov-2025 03:00 PM,"U P Irrigation Department (Civil)||Chief Engineer-Sharda Sahayak, Lucknow||XVI Circle Irrigation Works, Pratapgargh||Sharda Sahayak Division 51 Pratapgarh",Pratapgarh,230001.0,2.0,"1,04,000",REENA CONSTRUCTION,"70,680.15",Rejected-Finance,21-Nov-2025,"U P Irrigation Department (Civil)||Chief Engineer-Sharda Sahayak, Lucknow||XVI Circle Irrigation Works, Pratapgargh||Sharda Sahayak Division 51 Pratapgarh"
2025_UPIDC_1082971_16,05/EE/2025-26,Clearance of Internal section of Pratappur Minor from Km. 0.000 to Km. 2.100 in District Prayagraj,Clearance of Internal section of Pratappur Minor from Km. 0.000 to Km. 2.100 in District Prayagraj,Works,Open Tender,Item Wise,Civil Works - Canal,No,No,NA ,18-Oct-2025 11:30 AM,NA ,90.0,No ,No,Online,30-Oct-2025 02:00 PM,"U P Irrigation Department (Civil)||Chief Engineer-Sone, Varanasi||Irrigation Works Circle, Allahabad||BCD, allahabad",Bara Tehshil,212107.0,2.0,"55,000",M/S ISHWAR ENTERPRISES,"43,906",Accepted-AOC,11-Dec-2025,"U P Irrigation Department (Civil)||Chief Engineer-Sone, Varanasi||Irrigation Works Circle, Allahabad||BCD, allahabad"
2025_UPIDC_1085704_7,03/EE/2025-26,Restoration of Canal Section of Akbarabad Mr. from km. 0.000 to 5.800,Restoration of Canal Section of Akbarabad Mr. from km. 0.000 to 5.800,Works,Open Tender,Item Wise,Civil Works - Canal,No,No,NA ,27-Oct-2025 10:00 AM,NA ,90.0,No ,No,Online,05-Nov-2025 02:00 PM,"U P Irrigation Department (Civil)||Chief Engineer-Eastern Ganga, Moradabad||EGCC Circle, Bijnore||EGCD-6, nazibabad",Najibabad,246763.0,2.0,"7,14,000",SANDEEP KUMAR SINGHAL,"392,645",Rejected-Technical,16-Dec-2025,"U P Irrigation Department (Civil)||Chief Engineer-Eastern Ganga, Moradabad||EGCC Circle, Bijnore||EGCD-6, nazibabad"
2025_UPIDM_1078277_9,05/EE/MLCD/2025-26,Providing and fitting of Motor Protection control panel,Providing and fitting of Motor Protection control panel,Works,Open Tender,Piece-work,Civil Works,No,No,NA ,03-Oct-2025 02:00 PM,NA ,45.0,No ,No,Online,13-Oct-2025 03:00 PM,U P Irrigation Department (Mechanical)||Chief Engineer (Tubewell Varanasi)||Superintending Engineer (Tubewell) Allahabad||Executive Engineer MLCD Allahabad,Sirasa Pump Canal,212305.0,2.0,"5,46,878",Sarveshwari Electric Works,"525,000",Rejected-Technical,02-Dec-2025,U P Irrigation Department (Mechanical)||Chief Engineer (Tubewell Varanasi)||Superintending Engineer (Tubewell) Allahabad||Executive Engineer MLCD Allahabad
2025_UPPRD_1073328_16,875/Nivida/ZP/2025-26 Date- 10-09-2025,Work No 16 Gramsabha Jamurwa me thanedaar ke ghar ke pass se poore Jageswar Baksh hote hue Gadehri border ki oor lepan,Work No 16 Gramsabha Jamurwa me thanedaar ke ghar ke pass se poore Jageswar Baksh hote hue Gadehri border ki oor lepan,Works,Open Tender,Percentage,Civil Works - Others,No,No,NA ,12-Sep-2025 12:00 PM,NA ,30.0,No ,No,Offline,17-Sep-2025 01:00 PM,Panchayati Raj Department||Zila Panchayat Amethi,Amethi,227409.0,2.0,"24,98,592",Alok Groups and Construction,"2,496,593.164",Accepted-AOC,30-Dec-2025,Panchayati Raj Department||Zila Panchayat Amethi
2025_UPIDC_1082813_2,03/EE/2025-26,AS PER TENDER NOTICE-03 LOT 02,silt clearence of Hallor from Km. 0.000 to Km. 6.000 and scarping from Km. 6.000 to km. 7.182,Works,Open Tender,Item Rate,Civil Works - Canal,No,No,NA ,16-Oct-2025 11:00 AM,NA ,90.0,No ,No,Online,31-Oct-2025 03:00 PM,"U P Irrigation Department (Civil)||Chief Engineer-Sharda Sahayak, Lucknow||VII Circle Irrigation Works, Lucknow||EE SSK Division-28 Haidergarh",Haidergarh,225124.0,2.0,,M/S SANTOSH DIXIT CONTRACTOR &SUPPLIERS,"255,953.8",Rejected-Finance,21-Nov-2025,"U P Irrigation Department (Civil)||Chief Engineer-Sharda Sahayak, Lucknow||VII Circle Irrigation Works, Lucknow||EE SSK Division-28 Haidergarh"
2025_UPIDC_1086963_4,3646/IDMBD/Etender/2025 Dt 16.10.2025,Construction of VRB at Km 18.329 at Umary Dy offtaking from RGMC at Km 20.920,Construction of VRB at Km 18.329 at Umary Dy offtaking from RGMC at Km 20.920,Works,Open Tender,Item Rate,Civil Works - Canal,No,No,NA ,30-Oct-2025 04:20 PM,NA ,90.0,No ,No,Online,06-Nov-2025 02:00 PM,"U P Irrigation Department (Civil)||Chief Engineer-Eastern Ganga, Moradabad||Irrigation Works Circle, Moradabad||ID, moradabad",Moradabad,244001.0,2.0,"6,27,000",V K CONTRACTOR,"544,509.4",Rejected-Finance,01-Dec-2025,"U P Irrigation Department (Civil)||Chief Engineer-Eastern Ganga, Moradabad||Irrigation Works Circle, Moradabad||ID, moradabad"
2025_UPIDC_1083393_18,01/EE/2025-26,Scraping of internal Section of Katya Minor. from km. 0.000 to km. 2.600,Scraping of internal Section of Katya Minor. from km. 0.000 to km. 2.600,Works,Open Tender,Item Rate,Civil Works - Canal,No,No,NA ,18-Oct-2025 10:00 AM,NA ,90.0,No ,No,Online,28-Oct-2025 03:00 PM,"U P Irrigation Department (Civil)||Chief Engineer-Saryu Project-2, Gonda||Drainage Cirlce, Gonda||SCD-3 Gonda",Siddharthnagar,272153.0,2.0,"40,000",M/S SHIV JI INTERPRISES,"29,474.6",Rejected-Finance,15-Nov-2025,"U P Irrigation Department (Civil)||Chief Engineer-Saryu Project-2, Gonda||Drainage Cirlce, Gonda||SCD-3 Gonda"
2025_UPIDC_1083775_18,03/EE/2025-26,"Scraping Of Bed and side slope with jungle clearance of Bhamokhar Mr from km 0.000 to 2.726, Kulhadiya Mr from km 0.000 to2.443 Barethiya Mr From km 0.000 to 1.860","Scraping Of Bed and side slope with jungle clearance of Bhamokhar Mr from km 0.000 to 2.726, Kulhadiya Mr from km 0.000 to2.443 Barethiya Mr From km 0.000 to 1.860",Works,Open Tender,Item Rate,Civil Works - Canal,No,No,NA ,18-Oct-2025 12:00 PM,NA ,90.0,No ,No,Online,28-Oct-2025 11:00 AM,"U P Irrigation Department (Civil)||Chief Engineer-Sone, Varanasi||Irrigation Works Circle, Allahabad||TPCD, allahabad",PRAYAGRAJ,211001.0,2.0,"1,33,000",M/s Shivansh Enterprises,"113,062.9",Rejected-Finance,23-Dec-2025,"U P Irrigation Department (Civil)||Chief Engineer-Sone, Varanasi||Irrigation Works Circle, Allahabad||TPCD, allahabad"
2025_UPIDC_1083393_24,01/EE/2025-26,Scraping of Internal Section from km. 0.000 to km. 32.200 of Semry Dy.,Scraping of Internal Section from km. 0.000 to km. 32.200 of Semry Dy.,Works,Open Tender,Item Rate,Civil Works - Canal,No,No,NA ,06-Nov-2025 10:00 AM,NA ,90.0,No ,No,Online,13-Nov-2025 03:00 PM,"U P Irrigation Department (Civil)||Chief Engineer-Saryu Project-2, Gonda||Drainage Cirlce, Gonda||SCD-3 Gonda",Siddharthnagar,272153.0,2.0,"14,78,000",M/S DHARMENDRA KUMAR THEKEDAR,"1,314,010.32",Accepted-AOC,12-Dec-2025,"U P Irrigation Department (Civil)||Chief Engineer-Saryu Project-2, Gonda||Drainage Cirlce, Gonda||SCD-3 Gonda"
2025_UPIDC_1078704_9,TN-05/EE/2025-26,TN-05/EE/22025-26 Rajwaha Sidholi Ke Km 5.200 to Km 7.000 ke madhya nahar sewamarg ke navinikaran ka karya Lot No-09,Rajwaha Sidholi Ke Km 5.200 to Km 7.000 ke madhya nahar sewamarg ke navinikaran ka karya,Works,Open Tender,Item Wise,Civil Works,No,No,as per tender notice ,30-Sep-2025 11:00 AM,NA ,90.0,No ,No,Online,06-Oct-2025 03:00 PM,"U P Irrigation Department (Civil)||Chief Engineer-Ganga, Meerut||I- Circle Irrigation Works, Meerut||Muzaffar Nagar Division Ganga Canal,Muzaffar Nagar",Muzaffarnagar,251001.0,2.0,"27,45,000",Sath Shaib Associates,"2,636,437.5",Rejected-AOC,11-Dec-2025,"U P Irrigation Department (Civil)||Chief Engineer-Ganga, Meerut||I- Circle Irrigation Works, Meerut||Muzaffar Nagar Division Ganga Canal,Muzaffar Nagar"
2025_UPIDC_1083668_61,01/EE/2025-26,Silt Clearance/Scraping work of Jamuni Mr. (Between km 0.00 to 2.610),Silt Clearance/Scraping work of Jamuni Mr. (Between km 0.00 to 2.610),Works,Open Tender,Item Rate,Civil Works - Canal,No,No,NA ,07-Nov-2025 10:00 AM,NA ,90.0,No ,No,Online,14-Nov-2025 03:00 PM,"U P Irrigation Department (Civil)||Chief Engineer-Saryu Project-2, Gonda||Drainage Cirlce, Gonda||EE Chitaurgarh Dam Construction Division Balrampur",Tulsipur Balrampur,271210.0,2.0,"44,000",M/s PANDEY CONTRACTOR(RAM JIYAWAN PANDEY),"42,192.65",Rejected-Finance,06-Dec-2025,"U P Irrigation Department (Civil)||Chief Engineer-Saryu Project-2, Gonda||Drainage Cirlce, Gonda||EE Chitaurgarh Dam Construction Division Balrampur"
2025_UPIDC_1083775_24,03/EE/2025-26,Scraping Of Bed and side slope with jungle clearance of Badgauna mr from km 0.000 to 5.200 Bhanauri mr from km 0.000 to 1.900,Scraping Of Bed and side slope with jungle clearance of Badgauna mr from km 0.000 to 5.200 Bhanauri mr from km 0.000 to 1.900,Works,Open Tender,Item Rate,Civil Works - Canal,No,No,NA ,18-Oct-2025 01:00 PM,NA ,90.0,No ,No,Online,28-Oct-2025 11:00 AM,"U P Irrigation Department (Civil)||Chief Engineer-Sone, Varanasi||Irrigation Works Circle, Allahabad||TPCD, allahabad",PRAYAGRAJ,211001.0,2.0,"1,48,000",M/S LAXMI ENTERPRISES,"122,235.25",Accepted-AOC,23-Dec-2025,"U P Irrigation Department (Civil)||Chief Engineer-Sone, Varanasi||Irrigation Works Circle, Allahabad||TPCD, allahabad"
2025_UPIDC_1082164_14,04/EE/2025-26,Silt clearance of Machhrehta Dy. from km 0.000 to km 16.200 (Lot-14),Silt clearance of Machhrehta Dy. from km 0.000 to km 16.200 (Lot-14),Works,Open Tender,Item Rate,Civil Works - Canal,No,No,NA ,14-Oct-2025 09:00 AM,16-Oct-2025 12:00 PM ,90.0,No ,No,Online,27-Oct-2025 12:00 PM,"U P Irrigation Department (Civil)||Chief Engineer-Sharda, Lucknow||Irrigation Works Circle, Sitapur||SDSC, sitapur",Sitapur,261001.0,2.0,"7,75,000",JAI KARAN SINGH,"589,175",Rejected-Finance,15-Nov-2025,"U P Irrigation Department (Civil)||Chief Engineer-Sharda, Lucknow||Irrigation Works Circle, Sitapur||SDSC, sitapur"
2025_UPIDC_1079237_56,03/EEAID/2025-26,LOT 31 SCRAPPING CLEARANCE OF PIPALSANA DY. FROM KM. 15.050 TO KM. 24.000 IN FASLI RABI 1433 YEAR 2025-26,LOT 31 SCRAPPING CLEARANCE OF PIPALSANA DY. FROM KM. 15.050 TO KM. 24.000 IN FASLI RABI 1433 YEAR 2025-26,Works,Open Tender,Item Rate,Civil Works,No,No,NA ,25-Oct-2025 12:00 PM,NA ,90.0,No ,No,Online,30-Oct-2025 12:30 PM,"U P Irrigation Department (Civil)||Chief Engineer-Eastern Ganga, Moradabad||Irrigation Works Circle, Moradabad||AID, dhampur",MORADABAD,244001.0,2.0,"2,65,000",KISHAN LAL CONTRACTOR,"237,387.6",Accepted-AOC,03-Nov-2025,"U P Irrigation Department (Civil)||Chief Engineer-Eastern Ganga, Moradabad||Irrigation Works Circle, Moradabad||AID, dhampur"
2025_UPIDC_1083775_43,03/EE/2025-26,Bed and side Scraping and jungle clearance of Bhita mr from km 0.000 to 3.925 Amreha Mr from km 0.000 to 1.800 Pawari Mr from km 0.000 to 3.000 Danpur Mr from km 0.000 to 1.800 Chittupur Mr From km 0.000 to 4.000 and kanti Mr Second From km 0.000 t,Bed and side Scraping and jungle clearance of Bhita mr from km 0.000 to 3.925 Amreha Mr from km 0.000 to 1.800 Pawari Mr from km 0.000 to 3.000 Danpur Mr from km 0.000 to 1.800 Chittupur Mr From km 0.000 to 4.000 and kanti Mr Second From km 0.000 t,Works,Open Tender,Item Rate,Civil Works - Canal,No,No,NA ,10-Nov-2025 03:30 PM,NA ,90.0,No ,No,Online,15-Nov-2025 03:30 PM,"U P Irrigation Department (Civil)||Chief Engineer-Sone, Varanasi||Irrigation Works Circle, Allahabad||TPCD, allahabad",PRAYAGRAJ,211001.0,2.0,"4,46,000",M/S MAHESHWAR PRASAD SHUKLA,"435,170.8",Rejected-Finance,15-Dec-2025,"U P Irrigation Department (Civil)||Chief Engineer-Sone, Varanasi||Irrigation Works Circle, Allahabad||TPCD, allahabad"
2025_UPIDM_1061479_3,12/LCDJ/EE/2025-26,"Stone Lining of Jauri Minor of Badagaon Pump Canal Reach 0.00 km to 0.10 km, District-Jhansi LOT-2","Stone Lining of Jauri Minor of Badagaon Pump Canal Reach 0.00 km to 0.10 km, District-Jhansi LOT-2",Works,Open Tender,Item Rate,Civil Works,No,No,NA ,14-Aug-2025 02:00 PM,NA ,90.0,No ,No,Online,22-Aug-2025 02:00 PM,U P Irrigation Department (Mechanical)||Chief Engineer (Tubewell Centre)||Superintending Engineer(Tubewell) - Jhansi||Executive Engineer (LCD)-Jhansi,Badagaon Pump Canal District Jhansi,284121.0,2.0,"11,00,000",M/s Sanika Construction,"989,699",Rejected-Finance,15-Dec-2025,U P Irrigation Department (Mechanical)||Chief Engineer (Tubewell Centre)||Superintending Engineer(Tubewell) - Jhansi||Executive Engineer (LCD)-Jhansi
2025_UPPOL_1095911_1,P-74/2025,Interlocking works,Interlocking works behind of Barack N0 01 near ro plant in police training school sultanpur.,Works,Open Tender,Percentage,Civil Works,No,No,NA ,04-Dec-2025 12:00 PM,NA ,30.0,No ,No,Offline,18-Dec-2025 05:00 PM,Director General of U.P. Police||Police Training Directorate||ADG Police Training School Sultanpur||DIG Police Training School Sultanpur,Work,227808.0,2.0,"5,50,447",M/S ARYAN TRADERS,"542,189.84",Rejected-Technical,20-Dec-2025,Director General of U.P. Police||Police Training Directorate||ADG Police Training School Sultanpur||DIG Police Training School Sultanpur
2025_UPIDC_1083624_32,01/EE/2025-2026,SILT CLEARANCE/SCRAPPING OF ASHAYAS MR KM 0.00 TO 10.400,SILT CLEARANCE/SCRAPPING OF ASHAYAS MR KM 0.00 TO 10.400,Works,Open Tender,Item Rate,Civil Works - Canal,No,No,NA ,14-Nov-2025 09:00 AM,NA ,90.0,No ,No,Online,19-Nov-2025 11:30 AM,"U P Irrigation Department (Civil)||Chief Engineer-Sharda, Lucknow||VI Circle Irrigation Works, Lucknow||ID, unnao",UNNAO,209801.0,2.0,"3,30,000",M/S LAL BAHAUDAR SINGH,"246,202",Rejected-Finance,20-Nov-2025,"U P Irrigation Department (Civil)||Chief Engineer-Sharda, Lucknow||VI Circle Irrigation Works, Lucknow||ID, unnao"
2025_UPIDC_1083785_1,NIT01/EE/2025-26,Lot No 1,"Painting of canal x-ing, Aquaduct and all V.R.B. between km. 64.500 to km. 71.130 of MJLC.",Works,Open Tender,Item Rate,Civil Works,No,No,NA ,18-Oct-2025 09:00 AM,NA ,90.0,No ,No,Online,25-Oct-2025 03:00 PM,"U P Irrigation Department (Civil)||Chief Engineer-Bansagar, Allahabad||Ban Sagar CC-2, Mirjapur||BCCD-10, Mirzapur",Mirzapur,231001.0,2.0,,M/S RAM KUMAR MAURYA S/O DASHANAND MAURYA,"217,949.92",Accepted-AOC,11-Dec-2025,"U P Irrigation Department (Civil)||Chief Engineer-Bansagar, Allahabad||Ban Sagar CC-2, Mirjapur||BCCD-10, Mirzapur"
2025_UPIDC_1082778_1,3186/rkd/notice no 03/2025-26,renovation of road suchi mr. lot 11,renovation of road suchi mr. lot 11,Works,Open Tender,Item Rate,Civil Works - Canal,No,No,NA ,15-Oct-2025 12:00 PM,NA ,90.0,No ,No,Online,25-Oct-2025 12:00 PM,"U P Irrigation Department (Civil)||Chief Engineer-Sharda Sahayak, Lucknow||XVI Circle Irrigation Works, Pratapgargh||RDSSC, raibareilly",raebareli,229001.0,2.0,,M/S ABHAY DATA CONSTRUCTION,"759,216",Rejected-Technical,27-Nov-2025,"U P Irrigation Department (Civil)||Chief Engineer-Sharda Sahayak, Lucknow||XVI Circle Irrigation Works, Pratapgargh||RDSSC, raibareilly"
2025_UPRNS_1098450_1,940/UPRNSS/EXEN/AYO/25-26 DT 08-12-25,Construction of C.C. Road at Main road to High tech Nursery in Krishi Vigan Kendra Madhupur Masaudha Ayodhya,Construction of C.C. Road at Main road to High tech Nursery in Krishi Vigan Kendra Madhupur Masaudha Ayodhya,Works,Open Tender,Percentage,Civil Works,No,No,EXEN ,11-Dec-2025 06:00 PM,18-Dec-2025 11:00 AM ,90.0,No ,No,Offline,22-Dec-2025 11:00 AM,Uttar Pradesh Rajya Nirman Sahkari Sangh Limited,Krishi Vigan Kendra Madhupur Masaudha Ayodhya,204001.0,2.0,"12,70,100",HARI OM SINGH,"1,269,464.95",Accepted-AOC,31-Dec-2025,Uttar Pradesh Rajya Nirman Sahkari Sangh Limited
2025_UPJNM_1097916_1,836/NIVIDA / 103 DATED 02-12-2025,"Operation of Electrical and Mechanical equipment including removal and disposal of chocking materials garbage etc. at 7.5/15 MLD Vivekanand Park sewage pumping station, Prayagraj.","Operation of Electrical and Mechanical equipment including removal and disposal of chocking materials garbage etc. at 7.5/15 MLD Vivekanand Park sewage pumping station, Prayagraj.",Services,Open Tender,Percentage,Miscellaneous Services,No,No,NA ,09-Dec-2025 06:50 PM,NA ,120.0,No ,No,Offline,17-Dec-2025 02:00 PM,"U P Jal Nigam (HQ), Lucknow||Chief Engineer (Allahabad)||SE, Yantrik Circle, Allahabad||PM, Ganga Pollution Control Unit (II) E-M, Alld",office of EE. cont. Divi. (E/M)UPJN (U) Prayagraj,211007.0,2.0,,chaudhary engineering works,"542,375",Rejected-AOC,01-Jan-2026,"U P Jal Nigam (HQ), Lucknow||Chief Engineer (Allahabad)||SE, Yantrik Circle, Allahabad||PM, Ganga Pollution Control Unit (II) E-M, Alld"
2025_UPIDC_1086955_8,04/E.E./2025-26,Silt Clearance/Scraping of Khiri Dy From Km. 0.000 to Km. 12.400.,Silt Clearance/Scraping of Khiri Dy From Km. 0.000 to Km. 12.400.,Services,Open Tender,Item Wise,Miscellaneous Services,No,No,NA ,30-Oct-2026 06:48 PM,NA ,90.0,No ,No,Online,08-Nov-2025 03:30 PM,"U P Irrigation Department (Civil)||Chief Engineer-Sone, Varanasi||Irrigation Works Circle, Allahabad||BCD, allahabad",Prayagraj,211004.0,2.0,"6,00,000",ADITYA CONSTRUCTION,"340,298.25",Rejected-Finance,31-Dec-2025,"U P Irrigation Department (Civil)||Chief Engineer-Sone, Varanasi||Irrigation Works Circle, Allahabad||BCD, allahabad"
2025_UPPRD_1064082_108,240/Nivida/ZP/2025-26 Date- 22-07-2025,Work No 108 Gramsabha Balipur Duhiya me Jamo- Bhadar marg se panchayat Bhavan ke pass interlocking tak lepan,Work No 108 Gramsabha Balipur Duhiya me Jamo- Bhadar marg se panchayat Bhavan ke pass interlocking tak lepan,Works,Open Tender,Percentage,Civil Works - Others,No,No,NA ,11-Aug-2025 12:00 PM,NA ,90.0,No ,No,Offline,18-Aug-2025 02:30 PM,Panchayati Raj Department||Zila Panchayat Amethi,Amethi,227409.0,2.0,"24,95,321",VINAY PRAKASH TRIPATHI,"2,492,326.937",Rejected-Finance,22-Dec-2025,Panchayati Raj Department||Zila Panchayat Amethi
2025_UPPRD_1064082_28,240/Nivida/ZP/2025-26 Date- 22-07-2025,Work No 28 Gramsabha Resi ke shahpur me pakki sadak se Ram pratap pandey ke ghar se aage tak C.C. kary,Work No 28 Gramsabha Resi ke shahpur me pakki sadak se Ram pratap pandey ke ghar se aage tak C.C. kary,Works,Open Tender,Percentage,Civil Works - Others,No,No,NA ,11-Aug-2025 12:00 PM,NA ,90.0,No ,No,Offline,18-Aug-2025 02:30 PM,Panchayati Raj Department||Zila Panchayat Amethi,Amethi,227409.0,2.0,"10,99,299",KUSHAGRA ENTERPRISES,"1,098,199.771",Rejected-Finance,15-Dec-2025,Panchayati Raj Department||Zila Panchayat Amethi
2025_UPIDC_1092682_1,03/SE/2025-26,Work of Placing porcupine for the protection of village group Bagaha Dewar and Gyankol located on the left bank of Saryu River in District Gorakhpur.,Work of Placing porcupine for the protection of village group Bagaha Dewar and Gyankol located on the left bank of Saryu River in District Gorakhpur.,Works,Open Tender,Item Rate,Civil Works,No,No,NA ,22-Nov-2025 09:46 PM,22-Nov-2025 01:00 PM ,90.0,No ,No,Online,29-Nov-2025 01:30 PM,"U P Irrigation Department (Civil)||Chief Engineer-Gandak, Gorakhpur||Gandak IWC-2, Gorakhpur",Gorakhpur,273015.0,2.0,,BALENDRA SINGH,"12,854,142",Accepted-AOC,12-Dec-2025,"U P Irrigation Department (Civil)||Chief Engineer-Gandak, Gorakhpur||Gandak IWC-2, Gorakhpur"
2025_UPIDC_1078690_41,03/EESNK1BANSI/2025-26,"Silt Scraping and jungle clearance of Sahjanwa Dy km 0.000 to 3.625, km 11.250 to 12.170 Km 12.750 to 13.150","Silt Scraping and jungle clearance of Sahjanwa Dy km 0.000 to 3.625, km 11.250 to 12.170 Km 12.750 to 13.150",Works,Open Tender,Item Wise,Civil Works - Canal,No,No,NA ,04-Oct-2025 10:00 AM,NA ,90.0,No ,No,Online,13-Oct-2025 02:00 PM,"U P Irrigation Department (Civil)||Chief Engineer-Saryu Project-2, Gonda||Rapti CC Circle-2, Basti||SCD, bansi",SIDDHARTH NAGAR,272153.0,2.0,"3,88,000",BABA NAGESHWARNATH CONSTRUCTION,"272,240.72",Rejected-Finance,11-Dec-2025,"U P Irrigation Department (Civil)||Chief Engineer-Saryu Project-2, Gonda||Rapti CC Circle-2, Basti||SCD, bansi"
2025_UPIDM_1080040_4,1224 /T.w.d. fo/EE/25-26 date- 18-09-2025,CONSTRUCTION OF ASSISTANT ENGINEER RESIDENCE (TYPE IV) OF 3rd SUB DIVISION AT JALAUN CAMPUS,CONSTRUCTION OF ASSISTANT ENGINEER RESIDENCE (TYPE IV) OF 3rd SUB DIVISION AT JALAUN CAMPUS,Works,Open Tender,Item Rate,Civil Works,No,No,NA ,06-Oct-2025 04:00 PM,NA ,90.0,No ,No,Online,15-Oct-2025 02:00 PM,U P Irrigation Department (Mechanical)||Chief Engineer (Tubewell Centre)||Superintending Engineer(Tubewell) - Jhansi||Executive Engineer (Tubewell)-I Orai,ORAI,285001.0,2.0,"32,17,000",M/S AWADH CONSTRUCTION,"2,571,124",Accepted-AOC,15-Nov-2025,U P Irrigation Department (Mechanical)||Chief Engineer (Tubewell Centre)||Superintending Engineer(Tubewell) - Jhansi||Executive Engineer (Tubewell)-I Orai
2025_UPIDC_1082729_11,01/E.E/2025-26,silt clearance of Noner dy from km 0.000 to km 15.200,silt clearance of Noner dy from km 0.000 to km 15.200,Works,Open Tender,Item Rate,Civil Works - Canal,No,No,NA ,25-Oct-2025 10:00 AM,NA ,90.0,No ,No,Online,30-Oct-2025 01:00 PM,"U P Irrigation Department (Civil)||Chief Engineer-Ram Ganga, Kanpur||II Circle Irrigation Works, Kanpur||MDLGC, mainpuri",Mainpuri,205001.0,2.0,"4,43,000",KUSUM YADAV,"323,458.9",Accepted-AOC,26-Dec-2025,"U P Irrigation Department (Civil)||Chief Engineer-Ram Ganga, Kanpur||II Circle Irrigation Works, Kanpur||MDLGC, mainpuri"
2025_UPPRD_1064082_134,240/Nivida/ZP/2025-26 Date- 22-07-2025,Work No 134 Gram sabha Kadergaon me talab ka Jal sanchayan ewam sundarikaran,Work No 134 Gram sabha Kadergaon me talab ka Jal sanchayan ewam sundarikaran,Works,Open Tender,Percentage,Civil Works - Others,No,No,NA ,11-Aug-2025 12:00 PM,NA ,90.0,No ,No,Offline,18-Aug-2025 02:30 PM,Panchayati Raj Department||Zila Panchayat Amethi,Amethi,227409.0,2.0,"22,34,136",M/S MANSHA RAM TRIPATHI CONTR.,"2,231,455.633",Rejected-Finance,23-Dec-2025,Panchayati Raj Department||Zila Panchayat Amethi
2025_UPPRD_1064082_14,240/Nivida/ZP/2025-26 Date- 22-07-2025,Work No 14 Gram sabha Phoola me fhandha pitch road se phoole interlocking tak lepan,Work No 14 Gram sabha Phoola me fhandha pitch road se phoole interlocking tak lepan,Works,Open Tender,Percentage,Civil Works - Others,No,No,NA ,11-Aug-2025 12:00 PM,NA ,90.0,No ,No,Offline,18-Aug-2025 02:30 PM,Panchayati Raj Department||Zila Panchayat Amethi,Amethi,227409.0,2.0,"27,14,712",Fair Deals,"2,707,925.25",Rejected-Finance,15-Dec-2025,Panchayati Raj Department||Zila Panchayat Amethi
2025_UPIDC_1082813_25,03/EE/2025-26,AS PER TENDER NOTICE-03 LOT 16,SILT CLEARANCE OF KHANPUR DY FROM KM 0.000 TO 8.000 AND SCRAPING FROM KM 8.000 TO 9.199,Works,Open Tender,Item Rate,Civil Works - Canal,No,No,NA ,07-Nov-2025 03:00 PM,NA ,90.0,No ,No,Online,13-Nov-2025 03:00 PM,"U P Irrigation Department (Civil)||Chief Engineer-Sharda Sahayak, Lucknow||VII Circle Irrigation Works, Lucknow||EE SSK Division-28 Haidergarh",Haidergarh,225124.0,2.0,,J P ENTERPRISES,"323,014.18",Rejected-Finance,21-Nov-2025,"U P Irrigation Department (Civil)||Chief Engineer-Sharda Sahayak, Lucknow||VII Circle Irrigation Works, Lucknow||EE SSK Division-28 Haidergarh"
2025_UPIDC_1088743_4,179/AE-4/NILAMI/2025-26,Siswa Sagar,Siswa Sagar,Services,Open Tender,Item Rate,Miscellaneous Services,No,No,NA ,10-Nov-2025 11:00 AM,NA ,270.0,No ,No,Online,20-Nov-2025 01:00 PM,"U P Irrigation Department (Civil)||Chief Engineer-Gandak, Gorakhpur||Gandak Flood Circle, Basti||DD, Siddharth Nagar",DRAINAG DIVISION SIDDHARTHNAGAR,272207.0,2.0,"1,50,000",DIWAKAR SAHANI,"1,405,000",Accepted-AOC,29-Dec-2025,"U P Irrigation Department (Civil)||Chief Engineer-Gandak, Gorakhpur||Gandak Flood Circle, Basti||DD, Siddharth Nagar"
2025_UPIDC_1082164_9,04/EE/2025-26,Silt clearance of Arthana Dy. from km 0.000 to km 17.700 (Lot-09),Silt clearance of Arthana Dy. from km 0.000 to km 17.700 (Lot-09),Works,Open Tender,Item Rate,Civil Works - Canal,No,No,NA ,14-Oct-2025 09:00 AM,16-Oct-2025 12:00 PM ,90.0,No ,No,Online,27-Oct-2025 12:00 PM,"U P Irrigation Department (Civil)||Chief Engineer-Sharda, Lucknow||Irrigation Works Circle, Sitapur||SDSC, sitapur",Sitapur,261001.0,2.0,"8,25,000",BALAK RAM,"653,411",Rejected-Finance,13-Nov-2025,"U P Irrigation Department (Civil)||Chief Engineer-Sharda, Lucknow||Irrigation Works Circle, Sitapur||SDSC, sitapur"
2025_UPIDC_1087754_3,01/EE/25-26 lot05,"AUCTION OF DAMAGED TEMPORARY DIVISIONAL/SUBDIVISIONAL OFFICE BUILDING SITUATED IN THE PREMISES OF OFFICE OF MADHYA GANGA CANAL CONSTRUCTION DIVISION-4, HARYANA JOYA, AMROHA","AUCTION OF DAMAGED TEMPORARY DIVISIONAL/SUBDIVISIONAL OFFICE BUILDING SITUATED IN THE PREMISES OF OFFICE OF MADHYA GANGA CANAL CONSTRUCTION DIVISION-4, HARYANA JOYA, AMROHA",Goods,Auction,Item Rate,Civil Construction Goods,No,No,NA ,10-Nov-2025 03:00 PM,NA ,90.0,No ,No,Online,19-Nov-2025 11:30 AM,"U P Irrigation Department (Civil)||Chief Engineer-Madhya Ganga, Aligarh||MGCC Circle, Bulandshahar||MGCCD-4, Amroha",AMROHA,244222.0,2.0,"3,73,000",ARMONIA CONSTRUCTIONS,"375,500",Accepted-AOC,10-Dec-2025,"U P Irrigation Department (Civil)||Chief Engineer-Madhya Ganga, Aligarh||MGCC Circle, Bulandshahar||MGCCD-4, Amroha"
2025_UPPRC_1083109_1,36/GM-3/UPPCL/2025-26 DATE-09.10.2025,"Fire Fighting work at C.H.C. Brijmanganj, Adda Bazar, Gopala, Maharajganj, Chauk, Nautanwa, Ratanpur, Thuthibari, Mithaura, Nichlaul, Siswa, Ghughuli, Dhaani, Laxmipur, Pharenda, Mansoorganj and Partawal Distt.- Maharajganj","Fire Fighting work at C.H.C. Brijmanganj, Adda Bazar, Gopala, Maharajganj, Chauk, Nautanwa, Ratanpur, Thuthibari, Mithaura, Nichlaul, Siswa, Ghughuli, Dhaani, Laxmipur, Pharenda, Mansoorganj and Partawal Distt.- Maharajganj",Works,Open Tender,Percentage,Civil Works,No,No,NA ,18-Oct-2025 09:00 AM,NA ,90.0,No ,No,Online,27-Oct-2025 04:00 PM,U.P. Projects Corporation Ltd.||U.P. Projects Corp. Ltd.(MD)||Zone-3 Faizabad,Mahrajganj,273303.0,2.0,"3,33,86,000",M/S ADD ENTERPRISES,"30,742,308.21",Rejected-Technical,23-Dec-2025,U.P. Projects Corporation Ltd.||U.P. Projects Corp. Ltd.(MD)||Zone-3 Faizabad
2025_UPIDC_1089423_5,04/E.E./2025-26,Earth Work in Silt Clearance/Scraping of Azamgarh Dy. from Km. 14.800 to Km. 20.800,Silt Clearance/Scraping,Works,Open Tender,Item Rate,Civil Works,No,No,NA ,10-Nov-2025 10:00 AM,NA ,90.0,No ,No,Online,17-Nov-2025 11:00 AM,"U P Irrigation Department (Civil)||Chief Engineer-Sharda Sahayak, Lucknow||XIV Circle Irrigation Works, Azamgarh||SSD-32, azamgarh",AZAMGAHR,276001.0,2.0,"2,70,000",M/S BABU LAL YADAV THIKEDAR,"174,315.3",Rejected-Finance,11-Dec-2025,"U P Irrigation Department (Civil)||Chief Engineer-Sharda Sahayak, Lucknow||XIV Circle Irrigation Works, Azamgarh||SSD-32, azamgarh"
2025_UPIDC_1082040_15,02/EE/2025-26,Silt Clearance/Scrapping of Chandpur Mr. From Km. 0.000 to Km. 9.000 for Rabi 1433 Crop in Distt. Bijnor(Lot-15),Silt Clearance/Scrapping of Chandpur Mr. From Km. 0.000 to Km. 9.000 for Rabi 1433 Crop in Distt. Bijnor,Works,Open Tender,Item Wise,Civil Works - Canal,No,No,NA ,14-Oct-2025 10:00 AM,NA ,90.0,No ,No,Online,21-Oct-2025 11:00 AM,"U P Irrigation Department (Civil)||Chief Engineer-Eastern Ganga, Moradabad||EGCC Circle, Haridwar||ID, bijnore",Bijnor,246701.0,2.0,"4,50,000",JAIVEER SINGH,"315,115.69",Rejected-Technical,03-Nov-2025,"U P Irrigation Department (Civil)||Chief Engineer-Eastern Ganga, Moradabad||EGCC Circle, Haridwar||ID, bijnore"
2025_UPIDC_1079102_5,01/EE/2025-26,jungle clearence from Km. 0.000 to Km. 8.000 of Kauriram Dy,jungle clearence from Km. 0.000 to Km. 8.000 of Kauriram Dy,Works,Open Tender,Item Rate,Civil Works - Canal,No,No,NA ,03-Oct-2025 10:00 AM,NA ,90.0,No ,No,Online,11-Oct-2025 11:00 AM,"U P Irrigation Department (Civil)||Chief Engineer-Saryu Project-2, Gonda||Irrigation Construction Circle, Basti||SCD-I, gorakhpur",Gorakhpur,273001.0,2.0,"1,67,000",AVIKA ENTERPRISES,"125,625",Accepted-AOC,10-Nov-2025,"U P Irrigation Department (Civil)||Chief Engineer-Saryu Project-2, Gonda||Irrigation Construction Circle, Basti||SCD-I, gorakhpur"
2025_UPIDC_1082040_29,02/EE/2025-26,Silt Clearence/scraping from km. 0.000 to km. 16.930 of Shamipur Mr.(Lot-9),Silt Clearence/scraping from km. 0.000 to km. 16.930 of Shamipur Mr.,Works,Open Tender,Item Wise,Civil Works - Canal,No,No,NA ,22-Oct-2025 09:00 AM,NA ,90.0,No ,No,Online,03-Nov-2025 11:00 AM,"U P Irrigation Department (Civil)||Chief Engineer-Eastern Ganga, Moradabad||EGCC Circle, Haridwar||ID, bijnore",Bijnor,246701.0,2.0,"5,02,000",CHHATAR PAL SINGH CONTRACTOR,"396,209.52",Rejected-AOC,21-Nov-2025,"U P Irrigation Department (Civil)||Chief Engineer-Eastern Ganga, Moradabad||EGCC Circle, Haridwar||ID, bijnore"
2025_UPIDM_1069983_2,"Tender Notice No-02/EEMLCD/MZP/2025-26, Lot- 04","Tender Notice No-02/EEMLCD/MZP/2025-26, Lot- 04 Retender",Construction of stone lining and earth work in Rampur Minor from reach 0.410 Km to 0.470 Km and 0.570 Km to 0.770 Km at Hargarh Ist Pump Canal.,Works,Open Tender,Item Wise,Civil Works,No,No,NA ,15-Oct-2025 03:00 PM,NA ,90.0,No ,No,Online,24-Oct-2025 02:00 PM,U P Irrigation Department (Mechanical)||Chief Engineer (Tubewell Varanasi)||Superintending Engineer (Tubewell) Mirzapur||Executive Engineer(MLCD) Mirzapur,"Vill-Hargarh Ist, Block-chhanbey, Dist-Mirzapur",231001.0,2.0,,DUBEY CONSTRUCTION,"1,220,439",Accepted-AOC,08-Dec-2025,U P Irrigation Department (Mechanical)||Chief Engineer (Tubewell Varanasi)||Superintending Engineer (Tubewell) Mirzapur||Executive Engineer(MLCD) Mirzapur
2025_UPIDC_1082147_20,03/EE/2025-26,SILT AND SCRAPING WORK OF KAISARGANJ DY. FROM KM. 0.000 TO KM 8.000 AND KM 14.000 TO KM 42.230,SILT AND SCRAPING WORK OF KAISARGANJ DY. FROM KM. 0.000 TO KM 8.000 AND KM 14.000 TO KM 42.230,Works,Open Tender,Item Rate,Civil Works - Canal,No,No,NA ,13-Oct-2025 09:00 AM,NA ,90.0,No ,No,Online,18-Oct-2025 04:30 PM,"U P Irrigation Department (Civil)||Chief Engineer-Saryu Project-1, Faizabad||Irrigation Construction Circle, Bahraich||SCD-1, bahraich",Bahraich,271801.0,2.0,"17,28,000",M P Traders,"1,727,506.4",Accepted-AOC,14-Nov-2025,"U P Irrigation Department (Civil)||Chief Engineer-Saryu Project-1, Faizabad||Irrigation Construction Circle, Bahraich||SCD-1, bahraich"
2025_UPIDC_1082147_21,03/EE/2025-26,SILT CLEARENCE OF JARWAL DY. FROM KM. 0.000 TO 25.250 AND RASOOLABAD MINOR FROM KM 0.000 TO KM 1.000,SILT CLEARENCE OF JARWAL DY. FROM KM. 0.000 TO 25.250 AND RASOOLABAD MINOR FROM KM 0.000 TO KM 1.000,Works,Open Tender,Item Rate,Civil Works - Canal,No,No,NA ,13-Oct-2025 09:00 AM,NA ,90.0,No ,No,Online,18-Oct-2025 04:30 PM,"U P Irrigation Department (Civil)||Chief Engineer-Saryu Project-1, Faizabad||Irrigation Construction Circle, Bahraich||SCD-1, bahraich",Bahraich,271801.0,2.0,"12,22,000",M P Traders,"1,015,954.42",Rejected-Finance,14-Nov-2025,"U P Irrigation Department (Civil)||Chief Engineer-Saryu Project-1, Faizabad||Irrigation Construction Circle, Bahraich||SCD-1, bahraich"
2025_UPIDC_1082147_35,03/EE/2025-26,SILT CLEARENCE FROM KM. 0.000 TO 4.400 OF NARHARGODA MR. AND KM. 0.000 TO 2.800 OF BEHTA MR.,SILT CLEARENCE FROM KM. 0.000 TO 4.400 OF NARHARGODA MR. AND KM. 0.000 TO 2.800 OF BEHTA MR.,Works,Open Tender,Item Rate,Civil Works - Canal,No,No,NA ,13-Oct-2025 09:00 AM,NA ,90.0,No ,No,Online,18-Oct-2025 04:30 PM,"U P Irrigation Department (Civil)||Chief Engineer-Saryu Project-1, Faizabad||Irrigation Construction Circle, Bahraich||SCD-1, bahraich",Bahraich,271801.0,2.0,"1,20,000",Basant Lal Varma,"95,750.8",Accepted-AOC,14-Nov-2025,"U P Irrigation Department (Civil)||Chief Engineer-Saryu Project-1, Faizabad||Irrigation Construction Circle, Bahraich||SCD-1, bahraich"
2025_UPIDC_1082040_28,02/EE/2025-26,Earth work in silt clearance and Scraping of Dawarpur minor from km 0.000 to km 5.660 for the year 2025-26 (Rabi 1433 Fasli) (Lot-8),Earth work in silt clearance and Scraping of Dawarpur minor from km 0.000 to km 5.660 for the year 2025-26 (Rabi 1433 Fasli),Works,Open Tender,Item Wise,Civil Works - Canal,No,No,NA ,22-Oct-2025 09:00 AM,NA ,90.0,No ,No,Online,03-Nov-2025 11:00 AM,"U P Irrigation Department (Civil)||Chief Engineer-Eastern Ganga, Moradabad||EGCC Circle, Haridwar||ID, bijnore",Bijnor,246701.0,2.0,"2,85,000",MANOJ CHAUDHARY,"196,649.3",Rejected-AOC,21-Nov-2025,"U P Irrigation Department (Civil)||Chief Engineer-Eastern Ganga, Moradabad||EGCC Circle, Haridwar||ID, bijnore"
2025_UPIDM_1078277_12,05/EE/MLCD/2025-26,Providing and fixing of LED flood light,Providing and fixing of LED flood light,Works,Open Tender,Piece-work,Electrical Works,No,No,NA ,09-Oct-2025 10:00 AM,NA ,90.0,No ,No,Online,16-Oct-2025 03:00 PM,U P Irrigation Department (Mechanical)||Chief Engineer (Tubewell Varanasi)||Superintending Engineer (Tubewell) Allahabad||Executive Engineer MLCD Allahabad,Lakhanpur Pump Canal,211012.0,2.0,"3,43,380",Jaiswal Electrical Stores,"322,422",Accepted-AOC,02-Dec-2025,U P Irrigation Department (Mechanical)||Chief Engineer (Tubewell Varanasi)||Superintending Engineer (Tubewell) Allahabad||Executive Engineer MLCD Allahabad
2025_UPIDC_1079102_4,01/EE/2025-26,Scrapping and jungle clearence from Km. 8.000 to Km. 8.600 and 9.000 to 17.400 of Kauriram Dy,Scrapping and jungle clearence from Km. 8.000 to Km. 8.600 and 9.000 to 17.400 of Kauriram Dy,Works,Open Tender,Item Rate,Civil Works - Canal,No,No,NA ,03-Oct-2025 10:00 AM,NA ,90.0,No ,No,Online,11-Oct-2025 11:00 AM,"U P Irrigation Department (Civil)||Chief Engineer-Saryu Project-2, Gonda||Irrigation Construction Circle, Basti||SCD-I, gorakhpur",Gorakhpur,273001.0,2.0,"4,30,000",M/S SHYAM ASSOCIATE,"221,611.75",Accepted-AOC,17-Nov-2025,"U P Irrigation Department (Civil)||Chief Engineer-Saryu Project-2, Gonda||Irrigation Construction Circle, Basti||SCD-I, gorakhpur"
2025_UPIDC_1084346_21,05/EE/2025-26,Silt Clearance of Auras Dy. From km. 0.000 to 11.140 for Rabi fasli 1433 year 2025-26 (Lot-14),Silt Clearance of Auras Dy. From km. 0.000 to 11.140 for Rabi fasli 1433 year 2025-26 (Lot-14),Works,Open Tender,Item Rate,Civil Works - Canal,No,No,NA ,30-Oct-2025 06:00 PM,NA ,90.0,No ,No,Online,06-Nov-2025 02:10 PM,"U P Irrigation Department (Civil)||Chief Engineer-Sharda, Lucknow||VI Circle Irrigation Works, Lucknow||LD-2SC, lucknow",Unnao,209881.0,2.0,"5,66,000",M/S HAYAT ALI,"558,362.09",Rejected-Finance,01-Dec-2025,"U P Irrigation Department (Civil)||Chief Engineer-Sharda, Lucknow||VI Circle Irrigation Works, Lucknow||LD-2SC, lucknow"
2025_UPIDC_1082040_14,02/EE/2025-26,Silt Clearance/Scrapping of Bakaina Dy. From Km. 0.000 to Km. 32.700 for rabi 1433 Crop in Distt. Bijnor/Amroha (Lot-14),Silt Clearance/Scrapping of Bakaina Dy. From Km. 0.000 to Km. 32.700 for rabi 1433 Crop in Distt. Bijnor/Amroha,Works,Open Tender,Item Wise,Civil Works - Canal,No,No,NA ,14-Oct-2025 10:00 AM,NA ,90.0,No ,No,Online,21-Oct-2025 11:00 AM,"U P Irrigation Department (Civil)||Chief Engineer-Eastern Ganga, Moradabad||EGCC Circle, Haridwar||ID, bijnore",Bijnor,246701.0,2.0,"16,12,000",M/S SHRSDDHA CONSTRUCTION,"1,239,803.85",Rejected-AOC,27-Oct-2025,"U P Irrigation Department (Civil)||Chief Engineer-Eastern Ganga, Moradabad||EGCC Circle, Haridwar||ID, bijnore"
2025_UPIDC_1089423_4,04/E.E./2025-26,Earth Work in Silt Clearance/Scraping of Dohrighat Link Canal from Km. 17.000 to Km. 30.000,Silt Clearance/Scraping,Works,Open Tender,Item Rate,Civil Works,No,No,NA ,10-Nov-2025 10:00 AM,NA ,90.0,No ,No,Online,17-Nov-2025 11:00 AM,"U P Irrigation Department (Civil)||Chief Engineer-Sharda Sahayak, Lucknow||XIV Circle Irrigation Works, Azamgarh||SSD-32, azamgarh",AZAMGAHR,276001.0,2.0,"6,40,000",M/S LALCHAND YADAV,"491,790",Rejected-Finance,09-Dec-2025,"U P Irrigation Department (Civil)||Chief Engineer-Sharda Sahayak, Lucknow||XIV Circle Irrigation Works, Azamgarh||SSD-32, azamgarh"
2025_UPIDC_1087593_1,04/EE/SSK41/2025-26,Silt Clearance of Atheha Distributary From Km. 1.800 to Km. 7.050,Silt Clearance of Atheha Distributary From Km. 1.800 to Km. 7.050,Works,Open Tender,Item Rate,Civil Works - Canal,No,No,NA ,01-Nov-2025 10:00 AM,NA ,90.0,No ,No,Online,08-Nov-2025 11:00 AM,"U P Irrigation Department (Civil)||Chief Engineer-Sharda Sahayak, Lucknow||XVI Circle Irrigation Works, Pratapgargh||Sharda Sahayak Division 41 Amethi",Raebareli,229307.0,2.0,"5,04,000",satya dev singh,"389,841.79",Not Admitted-Fee/PreQual/Technical,24-Nov-2025,"U P Irrigation Department (Civil)||Chief Engineer-Sharda Sahayak, Lucknow||XVI Circle Irrigation Works, Pratapgargh||Sharda Sahayak Division 41 Amethi"
2025_UPIDC_1084482_12,03/E.E./2025-26,Earth Work in Silt Clearance/Scraping of Nagpur Dy. from Km. 2.500 to Km. 24.000,Earth Work in Silt Clearance/Scraping,Works,Open Tender,Item Rate,Civil Works,No,No,NA ,24-Oct-2025 10:00 AM,NA ,90.0,No ,No,Online,01-Nov-2025 11:30 AM,"U P Irrigation Department (Civil)||Chief Engineer-Sharda Sahayak, Lucknow||XIV Circle Irrigation Works, Azamgarh||SSD-32, azamgarh",AZAMGARH,276001.0,2.0,"8,70,000",KAPIL DEO YADAV,"832,525.98",Rejected-AOC,06-Dec-2025,"U P Irrigation Department (Civil)||Chief Engineer-Sharda Sahayak, Lucknow||XIV Circle Irrigation Works, Azamgarh||SSD-32, azamgarh"
2025_UPIDC_1086737_1,03/SE-VII/2025-26,AS PER TENDER NOTICE-03 LOT 01,AS PER TENDER NOTICE-03 LOT 01,Works,Open Tender,Item Rate,Civil Works - Buildings,No,No,NA ,30-Oct-2025 10:00 AM,30-Oct-2025 01:00 PM ,90.0,No ,No,Online,04-Nov-2025 03:00 PM,"U P Irrigation Department (Civil)||Chief Engineer-Sharda Sahayak, Lucknow||VII Circle Irrigation Works, Lucknow",Lucknow,226001.0,2.0,,m/s mohd. zamil,"5,480,158.13",Accepted-AOC,24-Nov-2025,"U P Irrigation Department (Civil)||Chief Engineer-Sharda Sahayak, Lucknow||VII Circle Irrigation Works, Lucknow"
2025_UPPRC_1077780_2,19/PCL/GM/Zone-6/Noida/2025-26 DT 26.09.2025,Construction Work of Multipurpose Seed Store and Technology Dissemination Centre (Kisan Kalyan Kendra) at Vikas Khand Gulaothi in Distt Bulandshahr,Construction Work of Multipurpose Seed Store and Technology Dissemination Centre (Kisan Kalyan Kendra) at Vikas Khand Gulaothi in Distt Bulandshahr,Works,Open Tender,Percentage,Civil Works,No,No,NA ,16-Oct-2025 06:00 PM,NA ,90.0,No ,No,Online,30-Oct-2025 03:00 PM,U.P. Projects Corporation Ltd.||U.P. Projects Corp. Ltd.(MD)||Zone-6 Noida,Gulaothi in Distt Bulandshahr,203408.0,2.0,"1,02,24,000",R S CHOUDHARY TRADERS,"8,164,982.146",Rejected-AOC,19-Dec-2025,U.P. Projects Corporation Ltd.||U.P. Projects Corp. Ltd.(MD)||Zone-6 Noida
2025_UPIDC_1082813_18,03/EE/2025-26,AS PER TENDER NOTICE-03 LOT 18,SILT CLEARANCE OF LILHAURA DY. FROM KM 0.000 TO 5.600 AND SCRAPING FROM KM 5.600 TO 7.300,Works,Open Tender,Item Rate,Civil Works - Canal,No,No,NA ,16-Oct-2025 11:00 AM,NA ,90.0,No ,No,Online,31-Oct-2025 03:00 PM,"U P Irrigation Department (Civil)||Chief Engineer-Sharda Sahayak, Lucknow||VII Circle Irrigation Works, Lucknow||EE SSK Division-28 Haidergarh",Haidergarh,225124.0,2.0,,AKANKSHA ASSOCIATES,"267,258.46",Accepted-AOC,20-Nov-2025,"U P Irrigation Department (Civil)||Chief Engineer-Sharda Sahayak, Lucknow||VII Circle Irrigation Works, Lucknow||EE SSK Division-28 Haidergarh"
2025_UPIDC_1082813_24,03/EE/2025-26,AS PER TENDER NOTICE-03 LOT 11,silt clearence of Hardioiya Dy from Km. 0.000 to Km. 6.351 and scarping from Km. 6.351 to km. 9.690 (Dist-Lucknow and Barabanki),Works,Open Tender,Item Rate,Civil Works - Canal,No,No,NA ,07-Nov-2025 03:00 PM,NA ,90.0,No ,No,Online,13-Nov-2025 03:00 PM,"U P Irrigation Department (Civil)||Chief Engineer-Sharda Sahayak, Lucknow||VII Circle Irrigation Works, Lucknow||EE SSK Division-28 Haidergarh",Haidergarh,225124.0,2.0,,J P ENTERPRISES,"455,699.92",Accepted-AOC,20-Nov-2025,"U P Irrigation Department (Civil)||Chief Engineer-Sharda Sahayak, Lucknow||VII Circle Irrigation Works, Lucknow||EE SSK Division-28 Haidergarh"
2025_UPIDC_1088427_21,01/AE/2025-26,Lot-21,Silt clearance and Scraping,Works,Open Tender,Item Rate,Civil Works,No,No,NA ,06-Nov-2025 09:00 AM,NA ,90.0,No ,No,Online,11-Nov-2025 12:00 PM,"U P Irrigation Department (Civil)||Chief Engineer-Sharda Sahayak, Lucknow||XIV Circle Irrigation Works, Azamgarh||SSD-23, azamgarh",Azamgarh,276001.0,2.0,,K D ENTERPRISES,"117,156",Rejected-Finance,29-Dec-2025,"U P Irrigation Department (Civil)||Chief Engineer-Sharda Sahayak, Lucknow||XIV Circle Irrigation Works, Azamgarh||SSD-23, azamgarh"
2025_UPIDC_1083215_1,02/EE/2025-26 Lat 13,CORRECTING INTARNAL SECTION OF PESARA DY KM 0.000 TO KM 5.200,CORRECTING INTARNAL SECTION OF PESARA DY KM 0.000 TO KM 5.200,Works,Open Tender,Item Rate,Civil Works,No,No,NA ,18-Oct-2025 11:00 AM,NA ,90.0,No ,No,Online,30-Oct-2025 02:00 PM,"U P Irrigation Department (Civil)||Chief Engineer-Sharda Sahayak, Lucknow||XIV Circle Irrigation Works, Azamgarh||SSD - 36 Jaunpur",EXECUTIVE ENGINEER SSK-36 JAUNPUR,222002.0,2.0,"6,68,000",ABHIRAJ CONSTRUCTIONS,"397,231.62",Accepted-AOC,02-Dec-2025,"U P Irrigation Department (Civil)||Chief Engineer-Sharda Sahayak, Lucknow||XIV Circle Irrigation Works, Azamgarh||SSD - 36 Jaunpur"
2025_UPJNM_1083863_1,696 / Nivida / 68 dated 16-10-2025,"Watch and Ward and operation of Submersible Pumping Plant (17 Nos), Dozer (34 Nos) and D.G. set (10 Nos) etc all complete, dully installed at Various Tubewells Under Magh Mela 2025-26","Watch and Ward and operation of Submersible Pumping Plant (17 Nos), Dozer (34 Nos) and D.G. set (10 Nos) etc all complete, dully installed at Various Tubewells Under Magh Mela 2025-26",Services,Open Tender,Percentage,Miscellaneous Services,No,No,NA ,18-Oct-2025 06:00 PM,NA ,120.0,No ,No,Offline,04-Nov-2025 02:00 PM,"U P Jal Nigam (HQ), Lucknow||Chief Engineer (Allahabad)||SE, Yantrik Circle, Allahabad||PM, Ganga Pollution Control Unit (II) E-M, Alld",Prayagraj,211007.0,2.0,,M/S SHIV RAMA TRADERS,"1,069,144",Accepted-AOC,01-Dec-2025,"U P Jal Nigam (HQ), Lucknow||Chief Engineer (Allahabad)||SE, Yantrik Circle, Allahabad||PM, Ganga Pollution Control Unit (II) E-M, Alld"
2025_UPIDC_1082729_10,01/E.E/2025-26,silt clearance of Kurara dy from km 0.000 to km 14.800,silt clearance of Kurara dy from km 0.000 to km 14.800,Works,Open Tender,Item Rate,Civil Works - Canal,No,No,NA ,25-Oct-2025 10:00 AM,NA ,90.0,No ,No,Online,30-Oct-2025 01:00 PM,"U P Irrigation Department (Civil)||Chief Engineer-Ram Ganga, Kanpur||II Circle Irrigation Works, Kanpur||MDLGC, mainpuri",Firozabad,283203.0,2.0,"6,22,000",KUSUM YADAV,"373,275.32",Rejected-Finance,26-Dec-2025,"U P Irrigation Department (Civil)||Chief Engineer-Ram Ganga, Kanpur||II Circle Irrigation Works, Kanpur||MDLGC, mainpuri"
2025_UPPRD_1064082_15,240/Nivida/ZP/2025-26 Date- 22-07-2025,Work No 15 Gramsabha Lodhwariya se sankarganj marg se Radheshyam pal ke ghar ke ghar ki oor C.C,Work No 15 Gramsabha Lodhwariya se sankarganj marg se Radheshyam pal ke ghar ke ghar ki oor C.C,Works,Open Tender,Percentage,Civil Works - Others,No,No,NA ,11-Aug-2025 12:00 PM,NA ,90.0,No ,No,Offline,18-Aug-2025 02:30 PM,Panchayati Raj Department||Zila Panchayat Amethi,Amethi,227409.0,2.0,"9,70,318",M/S GARG CONSTRUCTION,"968,765.282",Rejected-Finance,15-Dec-2025,Panchayati Raj Department||Zila Panchayat Amethi
2025_UPPRD_1064082_135,240/Nivida/ZP/2025-26 Date- 22-07-2025,Work No 135 Gramsabah Medauna me Gram Bahadurganj me Talab ka Jal sanchayan ewam sundarikaran,Work No 135 Gramsabah Medauna me Gram Bahadurganj me Talab ka Jal sanchayan ewam sundarikaran,Works,Open Tender,Percentage,Civil Works - Others,No,No,NA ,11-Aug-2025 12:00 PM,NA ,90.0,No ,No,Offline,18-Aug-2025 02:30 PM,Panchayati Raj Department||Zila Panchayat Amethi,Amethi,227409.0,2.0,"23,27,598",M/S CHANAKYA ENTERPRISES,"2,324,805.627",Rejected-Finance,26-Dec-2025,Panchayati Raj Department||Zila Panchayat Amethi
2025_UPTCL_1078407_1,21-ETC-I(P)/ 2025-2026,21-ETC-I(P)/ 2025-2026,"Testing of transformer oil of various 220/132 KV transformers installed at various substations under Electy. Trans. Circle-I, Prayagraj",Works,Open Tender,Item Rate,Electrical Works,No,No,NA ,29-Sep-2025 11:00 AM,NA ,120.0,No ,No,Offline,10-Oct-2025 01:00 PM,UP Power Transmission Corp.Ltd (Operation)||Chief Engineer (TE) East Allahabad||S.E. ETC- I Allahabad,Prayagraj,211001.0,2.0,"2,04,960",Shree Heramb Test Lab (OPC) Pvt. Ltd.,"187,320",Not Admitted-Fee/PreQual/Technical,02-Dec-2025,UP Power Transmission Corp.Ltd (Operation)||Chief Engineer (TE) East Allahabad||S.E. ETC- I Allahabad
2025_UPIDC_1086955_9,04/E.E./2025-26,Silt Clearance/Scraping of Gulariya Dy From Km. 0.000 to Km. 10.500.,Silt Clearance/Scraping of Gulariya Dy From Km. 0.000 to Km. 10.500.,Services,Open Tender,Item Wise,Miscellaneous Services,No,No,NA ,30-Oct-2025 12:00 PM,NA ,90.0,No ,No,Online,08-Nov-2025 03:30 PM,"U P Irrigation Department (Civil)||Chief Engineer-Sone, Varanasi||Irrigation Works Circle, Allahabad||BCD, allahabad",Prayagraj,211004.0,2.0,"5,08,000",VEDIK ENTERPRISES,"320,315",Rejected-Finance,31-Dec-2025,"U P Irrigation Department (Civil)||Chief Engineer-Sone, Varanasi||Irrigation Works Circle, Allahabad||BCD, allahabad"
2025_UPPRD_1064082_109,240/Nivida/ZP/2025-26 Date- 22-07-2025,Work No 109 Gramsabha sahjipur me Bhithari pitch road se Devidas ke purva me soling tak Eet- soling,Work No 109 Gramsabha sahjipur me Bhithari pitch road se Devidas ke purva me soling tak Eet- soling,Works,Open Tender,Percentage,Civil Works - Others,No,No,NA ,11-Aug-2025 12:00 PM,NA ,90.0,No ,No,Offline,18-Aug-2025 02:30 PM,Panchayati Raj Department||Zila Panchayat Amethi,Amethi,227409.0,2.0,"7,55,475",M/S SAMRAT CONSTRUCTION,"754,190.882",Rejected-Finance,22-Dec-2025,Panchayati Raj Department||Zila Panchayat Amethi
2025_UPIDC_1084580_17,03/AE4/2025-26,Earth work in silt clearance/Scraping of Amrahwa Mr. from km 0.000 to 3.460,Earth work in silt clearance/Scraping of Amrahwa Mr. from km 0.000 to 3.460,Works,Open Tender,Item Rate,Civil Works - Canal,No,No,NA ,08-Nov-2025 10:00 AM,NA ,90.0,No ,No,Online,14-Nov-2025 03:00 PM,"U P Irrigation Department (Civil)||Chief Engineer-Saryu Project-2, Gonda||Drainage Cirlce, Gonda||SCD-1 Balrampur",Balrampur,271201.0,2.0,"58,000",PRAVEEN KUMAR TRIPATHI CONTRACTOR AND GENERAL ORDER SUPPLIER,"56,762.61",Accepted-AOC,24-Dec-2025,"U P Irrigation Department (Civil)||Chief Engineer-Saryu Project-2, Gonda||Drainage Cirlce, Gonda||SCD-1 Balrampur"
2025_UPIDC_1086669_48,04/EEAID/2025-26,LOT19 Afzalgarh Sinchai Khand Dhampur Karyalay Parisar Mein isthit field hostel ke jeernodwar ka Karya.,LOT19 Afzalgarh Sinchai Khand Dhampur Karyalay Parisar Mein isthit field hostel ke jeernodwar ka Karya.,Works,Open Tender,Item Rate,Civil Works,No,No,NA ,08-Nov-2025 04:00 PM,NA ,90.0,No ,No,Online,13-Nov-2025 04:30 PM,"U P Irrigation Department (Civil)||Chief Engineer-Eastern Ganga, Moradabad||Irrigation Works Circle, Moradabad||AID, dhampur",DHAMPUR,246761.0,2.0,"3,85,000",CHAUDHARY CONSTRUCTIONS,"329,402.6",Accepted-AOC,26-Dec-2025,"U P Irrigation Department (Civil)||Chief Engineer-Eastern Ganga, Moradabad||Irrigation Works Circle, Moradabad||AID, dhampur"
2025_UPIDC_1080143_4,11/EE/2025-26,Repairing of Cattle Ghat at Km. 5.580 of Sikandrabad Dy.,Repairing of Cattle Ghat at Km. 5.580 of Sikandrabad Dy.,Works,Open Tender,Item Wise,Civil Works,No,No,NA ,06-Oct-2025 10:00 AM,NA ,90.0,No ,No,Online,11-Oct-2025 03:00 PM,"U P Irrigation Department (Civil)||Chief Engineer-Ganga, Meerut||Drainage Circle, Aligarh||BSDGC. Bulandshahar",Ghaziabad,201001.0,2.0,"6,50,000",M/S SHIVAM SINGH CONTRACTOR,"523,610.5",Rejected-Finance,10-Nov-2025,"U P Irrigation Department (Civil)||Chief Engineer-Ganga, Meerut||Drainage Circle, Aligarh||BSDGC. Bulandshahar"
2025_UPIDC_1083624_33,01/EE/2025-2026,SILT CLEARANCE/SCRAPPING OF ISLAMABAD MR KM 0.00 TO 11.00,SILT CLEARANCE/SCRAPPING OF ISLAMABAD MR KM 0.00 TO 11.00,Works,Open Tender,Item Rate,Civil Works - Canal,No,No,NA ,14-Nov-2025 09:00 AM,NA ,90.0,No ,No,Online,19-Nov-2025 11:30 AM,"U P Irrigation Department (Civil)||Chief Engineer-Sharda, Lucknow||VI Circle Irrigation Works, Lucknow||ID, unnao",UNNAO,209801.0,2.0,"3,10,000",M/S LAL BAHAUDAR SINGH,"250,638.25",Rejected-AOC,20-Nov-2025,"U P Irrigation Department (Civil)||Chief Engineer-Sharda, Lucknow||VI Circle Irrigation Works, Lucknow||ID, unnao"
2025_UPIDC_1084343_11,02/EE/2025-26,LOT02,"Silt clearence andscraiping between km. 0.000 to 0.400, km. 1.600 to 3.600 and km. 6.600 to 8.400 of Parsiya Dy.",Works,Open Tender,Item Wise,Civil Works,No,No,NA ,12-Nov-2025 04:00 PM,NA ,15.0,No ,No,Online,18-Nov-2025 04:00 PM,"U P Irrigation Department (Civil)||Chief Engineer-Saryu Project-1, Faizabad||XV Circle Irrigation Work, Gonda||EE SARYU NAHAR KHAND-3, GONDA",GONDA,271001.0,2.0,"2,08,000",M/S SANTOSH KUMAR CONTRECTOR AND GENRERAL,"205,386.45",Rejected-Technical,08-Dec-2025,"U P Irrigation Department (Civil)||Chief Engineer-Saryu Project-1, Faizabad||XV Circle Irrigation Work, Gonda||EE SARYU NAHAR KHAND-3, GONDA"
2025_UPIDC_1087588_2,04/EE/SSK41/2025-26,Silt Clearance of Jais Distributary From Km. 8.000 to Km. 16.300,Silt Clearance of Jais Distributary From Km. 8.000 to Km. 16.300,Works,Open Tender,Item Rate,Civil Works - Canal,No,No,NA ,12-Nov-2025 10:00 AM,NA ,90.0,No ,No,Online,17-Nov-2025 02:00 PM,"U P Irrigation Department (Civil)||Chief Engineer-Sharda Sahayak, Lucknow||XVI Circle Irrigation Works, Pratapgargh||Sharda Sahayak Division 41 Amethi",Amethi,227409.0,2.0,"7,04,000",SINGH CONSTRUCTION,"688,805.8",Rejected-Finance,23-Dec-2025,"U P Irrigation Department (Civil)||Chief Engineer-Sharda Sahayak, Lucknow||XVI Circle Irrigation Works, Pratapgargh||Sharda Sahayak Division 41 Amethi"
2025_UPIDC_1086516_1,3304/rkd/2025-26 date 15-10-2025,silt clearance lot 15,silt clearance lot 15,Works,Open Tender,Item Rate,Civil Works - Canal,No,No,NA ,29-Oct-2025 11:00 AM,NA ,90.0,No ,No,Online,04-Nov-2025 02:00 PM,"U P Irrigation Department (Civil)||Chief Engineer-Sharda Sahayak, Lucknow||XVI Circle Irrigation Works, Pratapgargh||RDSSC, raibareilly",raebareli,229001.0,2.0,"7,99,000",M/S Kamlesh Kumar Singh,"762,109.58",Accepted-AOC,27-Nov-2025,"U P Irrigation Department (Civil)||Chief Engineer-Sharda Sahayak, Lucknow||XVI Circle Irrigation Works, Pratapgargh||RDSSC, raibareilly"
2025_UPIDC_1083775_42,03/EE/2025-26,Jungle clearnce and Bed and side scraping of Akodha dy From km 0.000 to 18.720,Jungle clearnce and Bed and side scraping of Akodha dy From km 0.000 to 18.720,Works,Open Tender,Item Rate,Civil Works - Canal,No,No,NA ,10-Nov-2025 03:30 PM,NA ,90.0,No ,No,Online,15-Nov-2025 03:30 PM,"U P Irrigation Department (Civil)||Chief Engineer-Sone, Varanasi||Irrigation Works Circle, Allahabad||TPCD, allahabad",PRAYAGRAJ,211001.0,2.0,"10,04,000",MAA ENTERPRISES,"576,842.8",Rejected-Finance,01-Dec-2025,"U P Irrigation Department (Civil)||Chief Engineer-Sone, Varanasi||Irrigation Works Circle, Allahabad||TPCD, allahabad"
2025_UPIDC_1082164_15,04/EE/2025-26,Silt clearance of Maholi Dy. from km 0.000 to km 9.600 (Lot-15),Silt clearance of Maholi Dy. from km 0.000 to km 9.600 (Lot-15),Works,Open Tender,Item Rate,Civil Works - Canal,No,No,NA ,14-Oct-2025 09:00 AM,16-Oct-2025 12:00 PM ,90.0,No ,No,Online,27-Oct-2025 12:00 PM,"U P Irrigation Department (Civil)||Chief Engineer-Sharda, Lucknow||Irrigation Works Circle, Sitapur||SDSC, sitapur",Sitapur,261001.0,2.0,"4,54,000",BHAGAUTI CONTRACTOR,"386,512",Not Admitted-Fee/PreQual/Technical,13-Nov-2025,"U P Irrigation Department (Civil)||Chief Engineer-Sharda, Lucknow||Irrigation Works Circle, Sitapur||SDSC, sitapur"
2025_UPIDC_1085715_113,02/AE-II/2025-26,Earth Work in Silt Clearance and Scraping of Kothiya Jahagirpur Mr. from Km. 0.000 to Km. 1.700,Silt Clearance and Scraping,Works,Open Tender,Item Rate,Civil Works,No,No,NA ,20-Nov-2025 01:00 PM,NA ,90.0,No ,No,Online,26-Nov-2025 03:00 PM,"U P Irrigation Department (Civil)||Chief Engineer-Sharda Sahayak, Lucknow||XIV Circle Irrigation Works, Azamgarh||SSD-32, azamgarh",AZAMGARH,276001.0,2.0,"35,000",Ravindra Yadav,"33,591.2",Accepted-AOC,26-Dec-2025,"U P Irrigation Department (Civil)||Chief Engineer-Sharda Sahayak, Lucknow||XIV Circle Irrigation Works, Azamgarh||SSD-32, azamgarh"
2025_UPIDC_1079237_57,03/EEAID/2025-26,LOT 38 SCRAPING/SLUSH CLEARANCE OF SAHIBGANJ MR. FROM KM. 0.000 TO KM. 6.910 IN FASLI RABI 1433 YEAR 2025-26,LOT 38 SCRAPING/SLUSH CLEARANCE OF SAHIBGANJ MR. FROM KM. 0.000 TO KM. 6.910 IN FASLI RABI 1433 YEAR 2025-26,Works,Open Tender,Item Rate,Civil Works,No,No,NA ,25-Oct-2025 12:00 PM,NA ,90.0,No ,No,Online,30-Oct-2025 12:30 PM,"U P Irrigation Department (Civil)||Chief Engineer-Eastern Ganga, Moradabad||Irrigation Works Circle, Moradabad||AID, dhampur",MORADABAD,244001.0,2.0,"2,05,000",SUMAN DEVI,"196,918.27",Rejected-AOC,03-Nov-2025,"U P Irrigation Department (Civil)||Chief Engineer-Eastern Ganga, Moradabad||Irrigation Works Circle, Moradabad||AID, dhampur"
2025_UPIDC_1085715_107,02/AE-II/2025-26,Earth Work in Silt Clearance and Scraping of Koraghatam Mr. from Km. 0.000 to Km. 2.950,Silt Clearance and Scraping,Works,Open Tender,Item Rate,Civil Works,No,No,NA ,20-Nov-2025 01:00 PM,NA ,90.0,No ,No,Online,26-Nov-2025 03:00 PM,"U P Irrigation Department (Civil)||Chief Engineer-Sharda Sahayak, Lucknow||XIV Circle Irrigation Works, Azamgarh||SSD-32, azamgarh",AZAMGARH,276001.0,2.0,"62,000",Ravindra Yadav,"60,273.7",Accepted-AOC,26-Dec-2025,"U P Irrigation Department (Civil)||Chief Engineer-Sharda Sahayak, Lucknow||XIV Circle Irrigation Works, Azamgarh||SSD-32, azamgarh"
2025_UPIDC_1082164_17,04/EE/2025-26,Silt clearance of Mitauli dy from km 0.000 to km 12.100 (Lot-17),Silt clearance of Mitauli dy from km 0.000 to km 12.100 (Lot-17),Works,Open Tender,Item Rate,Civil Works - Canal,No,No,NA ,14-Oct-2025 09:00 AM,16-Oct-2025 12:00 PM ,90.0,No ,No,Online,27-Oct-2025 12:00 PM,"U P Irrigation Department (Civil)||Chief Engineer-Sharda, Lucknow||Irrigation Works Circle, Sitapur||SDSC, sitapur",Sitapur,261001.0,2.0,"6,04,000",BALAK RAM,"493,891",Rejected-Finance,15-Nov-2025,"U P Irrigation Department (Civil)||Chief Engineer-Sharda, Lucknow||Irrigation Works Circle, Sitapur||SDSC, sitapur"
2025_UPIDC_1079102_42,01/EE/2025-26,jungle clearence from Km 20.000 to 40.000 of Bansgaon Dy,jungle clearence from Km 20.000 to 40.000 of Bansgaon Dy,Works,Open Tender,Item Rate,Civil Works - Canal,No,No,NA ,23-Oct-2025 10:00 AM,NA ,90.0,No ,No,Online,29-Oct-2025 04:00 PM,"U P Irrigation Department (Civil)||Chief Engineer-Saryu Project-2, Gonda||Irrigation Construction Circle, Basti||SCD-I, gorakhpur",Gorakhpur,273001.0,2.0,"5,76,000",RUDRA ENTERPRISES AND SERVICES PROVIDERS,"539,136",Accepted-AOC,01-Dec-2025,"U P Irrigation Department (Civil)||Chief Engineer-Saryu Project-2, Gonda||Irrigation Construction Circle, Basti||SCD-I, gorakhpur"
2025_UPIDC_1083668_39,01/EE/2025-26,Silt Clearance/Scraping work of Naikinya Mr. (km 0.00 to 2.200),Silt Clearance/Scraping work of Naikinya Mr. (km 0.00 to 2.200),Works,Open Tender,Item Rate,Civil Works - Canal,No,No,NA ,18-Oct-2025 10:00 AM,NA ,90.0,No ,No,Online,30-Oct-2025 04:00 PM,"U P Irrigation Department (Civil)||Chief Engineer-Saryu Project-2, Gonda||Drainage Cirlce, Gonda||EE Chitaurgarh Dam Construction Division Balrampur",Tulsipur Balrampur,271210.0,2.0,"48,000",M/S ANAND KUMAR,"47,609.65",Rejected-Finance,06-Dec-2025,"U P Irrigation Department (Civil)||Chief Engineer-Saryu Project-2, Gonda||Drainage Cirlce, Gonda||EE Chitaurgarh Dam Construction Division Balrampur"
2025_UPIDC_1088427_110,01/AE/2025-26,Lot-62,Silt clearance and Scraping,Works,Open Tender,Item Rate,Civil Works,No,No,NA ,17-Nov-2025 12:30 PM,NA ,90.0,No ,No,Online,22-Nov-2025 12:30 PM,"U P Irrigation Department (Civil)||Chief Engineer-Sharda Sahayak, Lucknow||XIV Circle Irrigation Works, Azamgarh||SSD-23, azamgarh",Azamgarh,276001.0,2.0,,ANIL KUMAR YADAV,"114,508",Accepted-AOC,29-Dec-2025,"U P Irrigation Department (Civil)||Chief Engineer-Sharda Sahayak, Lucknow||XIV Circle Irrigation Works, Azamgarh||SSD-23, azamgarh"
2025_UPIDC_1083775_40,03/EE/2025-26,Bed and side scraping of Jogani dy From km 0.000 to 15.400,Bed and side scraping of Jogani dy From km 0.000 to 15.400,Works,Open Tender,Item Rate,Civil Works - Canal,No,No,NA ,10-Nov-2025 03:30 PM,NA ,90.0,No ,No,Online,15-Nov-2025 03:30 PM,"U P Irrigation Department (Civil)||Chief Engineer-Sone, Varanasi||Irrigation Works Circle, Allahabad||TPCD, allahabad",PRAYAGRAJ,211001.0,2.0,"7,51,000",MAA ENTERPRISES,"456,863.6",Rejected-Finance,01-Dec-2025,"U P Irrigation Department (Civil)||Chief Engineer-Sone, Varanasi||Irrigation Works Circle, Allahabad||TPCD, allahabad"
2025_UPIDC_1079800_7,10/SE-1/2025-26,LOT2,As per the NIT,Works,Open Tender,Piece-work,Civil Works,No,No,NA ,08-Oct-2025 10:00 AM,10-Oct-2025 01:00 PM ,90.0,No ,No,Online,13-Oct-2025 04:30 PM,"U P Irrigation Department (Civil)||Chief Engineer-Ganga, Meerut||I- Circle Irrigation Works, Meerut",Meerut,250001.0,2.0,"43,35,000",Modern engg Associates,"3,373,690.3",Rejected-Finance,25-Dec-2025,"U P Irrigation Department (Civil)||Chief Engineer-Ganga, Meerut||I- Circle Irrigation Works, Meerut"
2025_UPIDM_1093016_1,05/EE/SMCD/25-26,Repairing of 6.6KV 1475 KW H.T Motor,Repairing/Rewinding of 6.6KV 1475 KW H.T Motor,Works,Open Tender,Item Rate,Pumps/Motors,No,No,NA ,22-Nov-2026 01:00 PM,NA ,120.0,No ,No,Online,01-Dec-2025 03:00 PM,U P Irrigation Department (Mechanical)||Chief Engineer (Tubewell Varanasi)||Superintending Engineer (L S M) Varanasi||Executive Engineer(S Y N Khand) Varanasi,SONE PUMP CANAL STAGE 3 CHURK DIST-SONEBHADRA,231206.0,2.0,,MODERN ENGINEERING WORKS,"1,239,372",Rejected-Finance,30-Dec-2025,U P Irrigation Department (Mechanical)||Chief Engineer (Tubewell Varanasi)||Superintending Engineer (L S M) Varanasi||Executive Engineer(S Y N Khand) Varanasi
2025_UPIDC_1086698_8,04/AE-IV/2025-26,Earth Work in Silt Clearance/Scraping of Devait Mr. from Km. 0.000 to Km. 3.000,Silt Clearance/Scraping,Works,Open Tender,Item Rate,Civil Works,No,No,NA ,30-Oct-2025 10:00 AM,NA ,90.0,No ,No,Online,07-Nov-2025 12:30 PM,"U P Irrigation Department (Civil)||Chief Engineer-Sharda Sahayak, Lucknow||XIV Circle Irrigation Works, Azamgarh||SSD-32, azamgarh",AZAMGARH,276001.0,2.0,"60,000",ANAND CONSTRUCTION,"38,230",Accepted-AOC,06-Dec-2025,"U P Irrigation Department (Civil)||Chief Engineer-Sharda Sahayak, Lucknow||XIV Circle Irrigation Works, Azamgarh||SSD-32, azamgarh"
2025_UPIDC_1083624_31,01/EE/2025-2026,SILT CLEARANCE/SCRAPPING OF TAIMURYA DY KM 0.00 TO 10.500,SILT CLEARANCE/SCRAPPING OF TAIMURYA DY KM 0.00 TO 10.500,Works,Open Tender,Item Rate,Civil Works - Canal,No,No,NA ,07-Nov-2025 03:00 PM,NA ,90.0,No ,No,Online,13-Nov-2025 03:00 PM,"U P Irrigation Department (Civil)||Chief Engineer-Sharda, Lucknow||VI Circle Irrigation Works, Lucknow||ID, unnao",UNNAO,209801.0,2.0,"3,15,000",M/s Veeru Construction,"294,415",Accepted-AOC,14-Nov-2025,"U P Irrigation Department (Civil)||Chief Engineer-Sharda, Lucknow||VI Circle Irrigation Works, Lucknow||ID, unnao"
2025_UPIDC_1083624_25,01/EE/2025-2026,SCRAPPING OF MAURAWAN DY KM 58.600 TO 72.400,SCRAPPING OF MAURAWAN DY KM 58.600 TO 72.400,Works,Open Tender,Item Rate,Civil Works - Canal,No,No,NA ,18-Oct-2025 11:00 AM,NA ,90.0,No ,No,Online,06-Nov-2025 11:00 AM,"U P Irrigation Department (Civil)||Chief Engineer-Sharda, Lucknow||VI Circle Irrigation Works, Lucknow||ID, unnao",UNNAO,209801.0,2.0,"3,32,000",AMAN CONSTRUCTION,"331,615",Accepted-AOC,20-Nov-2025,"U P Irrigation Department (Civil)||Chief Engineer-Sharda, Lucknow||VI Circle Irrigation Works, Lucknow||ID, unnao"
2025_UPIDC_1095317_2,Tender Notice 04/EE/2025-26,Tender Notice 04/EE/2025-26 Lot No.02,Painting of G.I. sheet roof top for leakage and rust protection including S F of rain gutters with down take pipe of IInd stage pump house at Km. 9.070 of Sone Pump Canal,Works,Open Tender,Item Wise,Civil Works,No,No,NA ,02-May-2026 06:45 PM,NA ,90.0,No ,No,Online,08-Dec-2025 01:00 PM,"U P Irrigation Department (Civil)||Chief Engineer-Sone, Varanasi||Irrigation Works Circle, Obra(Sonbhadra)||ODD, obra",Markundi sonebhadra,231209.0,2.0,,Maa Mundheshwari Construction,"259,923",Accepted-AOC,29-Dec-2025,"U P Irrigation Department (Civil)||Chief Engineer-Sone, Varanasi||Irrigation Works Circle, Obra(Sonbhadra)||ODD, obra"
2025_UPIDC_1083624_19,01/EE/2025-2026,SCRAPPING OF ASOHA DY KM 0.00 TO 12.070,SCRAPPING OF ASOHA DY KM 0.00 TO 12.070,Works,Open Tender,Item Rate,Civil Works - Canal,No,No,NA ,18-Oct-2025 11:00 AM,NA ,90.0,No ,No,Online,06-Nov-2025 11:00 AM,"U P Irrigation Department (Civil)||Chief Engineer-Sharda, Lucknow||VI Circle Irrigation Works, Lucknow||ID, unnao",UNNAO,209801.0,2.0,"2,68,000",AMAN CONSTRUCTION,"267,275",Accepted-AOC,20-Nov-2025,"U P Irrigation Department (Civil)||Chief Engineer-Sharda, Lucknow||VI Circle Irrigation Works, Lucknow||ID, unnao"
2025_UPJNM_1089535_1,1866/E-Tender/34 Dated 04.11.25,Operation and Maintenance of 120 MLD Goithaha MPS Varanasi.,Operation and Maintenance of 120 MLD Goithaha MPS Varanasi.,Works,Open Tender,Percentage,Repair and Maintenance Works,No,No,NA ,10-Nov-2025 03:30 PM,NA ,120.0,No ,No,Offline,10-Dec-2025 01:00 PM,"U P Jal Nigam (HQ), Lucknow||Chief Engineer (E-M), Lucknow||SE, Elect Mech Circle, Kanpur Nagar||EE Elect Mech Unit Kanpur Nagar",Varanasi,221112.0,2.0,,chaudhary engineering works,"3,117,966",Rejected-Finance,01-Jan-2026,"U P Jal Nigam (HQ), Lucknow||Chief Engineer (E-M), Lucknow||SE, Elect Mech Circle, Kanpur Nagar||EE Elect Mech Unit Kanpur Nagar"
2025_UPIDC_1084580_15,03/AE4/2025-26,Earth work in silt clearance/ Scrapping Work of Bhawanipur Mr. from km. 0.000 to km. 4.880,Earth work in silt clearance/ Scrapping Work of Bhawanipur Mr. from km. 0.000 to km. 4.880,Works,Open Tender,Item Rate,Civil Works - Canal,No,No,NA ,23-Oct-2025 10:00 AM,NA ,90.0,No ,No,Online,30-Oct-2025 03:00 PM,"U P Irrigation Department (Civil)||Chief Engineer-Saryu Project-2, Gonda||Drainage Cirlce, Gonda||SCD-1 Balrampur",Bahraich,271801.0,2.0,"1,27,000",AMRENDRA KUMAR TRIPATHI,"81,319.56",Accepted-AOC,27-Dec-2025,"U P Irrigation Department (Civil)||Chief Engineer-Saryu Project-2, Gonda||Drainage Cirlce, Gonda||SCD-1 Balrampur"
2025_UPIDC_1083624_6,01/EE/2025-2026,SILT CLEARANCE/SCRAPPING OF NYOTINI DY KM 0.00 TO 19.900,SILT CLEARANCE/SCRAPPING OF NYOTINI DY KM 0.00 TO 19.900,Works,Open Tender,Item Rate,Civil Works - Canal,No,No,NA ,18-Oct-2025 10:00 AM,NA ,90.0,No ,No,Online,30-Oct-2025 11:00 AM,"U P Irrigation Department (Civil)||Chief Engineer-Sharda, Lucknow||VI Circle Irrigation Works, Lucknow||ID, unnao",UNNAO,209801.0,2.0,"8,00,000",m/s mohd. zamil,"798,485.2",Rejected-AOC,12-Nov-2025,"U P Irrigation Department (Civil)||Chief Engineer-Sharda, Lucknow||VI Circle Irrigation Works, Lucknow||ID, unnao"
2025_UPPRD_1064082_123,240/Nivida/ZP/2025-26 Date- 22-07-2025,Work No 123 Jaka shivpur me chakiya talab ka jal sanchayan ewam sundarikaran,Work No 123 Jaka shivpur me chakiya talab ka jal sanchayan ewam sundarikaran,Works,Open Tender,Percentage,Civil Works - Others,No,No,NA ,11-Aug-2025 12:00 PM,NA ,90.0,No ,No,Offline,18-Aug-2025 02:30 PM,Panchayati Raj Department||Zila Panchayat Amethi,Amethi,227409.0,2.0,"23,90,929",M/S RAJPOOT CONSTRUCTION,"2,387,342.56",Rejected-Finance,23-Dec-2025,Panchayati Raj Department||Zila Panchayat Amethi
2025_UPIDC_1082729_12,01/E.E/2025-26,silt clearance of salempur minor from km 0.000 to km 7.669,silt clearance of salempur minor from km 0.000 to km 7.669,Works,Open Tender,Item Rate,Civil Works - Canal,No,No,NA ,25-Oct-2025 10:00 AM,NA ,90.0,No ,No,Online,30-Oct-2025 01:00 PM,"U P Irrigation Department (Civil)||Chief Engineer-Ram Ganga, Kanpur||II Circle Irrigation Works, Kanpur||MDLGC, mainpuri",Mainpuri,205001.0,2.0,"2,24,000",KUSUM YADAV,"168,058.5",Rejected-Finance,26-Dec-2025,"U P Irrigation Department (Civil)||Chief Engineer-Ram Ganga, Kanpur||II Circle Irrigation Works, Kanpur||MDLGC, mainpuri"
2025_UPIDC_1082813_26,03/EE/2025-26,AS PER TENDER NOTICE-03 LOT 17,SILT CLEARANCE OF KRISHIYA DY FROM KM 0.000 TO 6.744 AND SCRAPING FROM KM 6.744 TO 9.514,Works,Open Tender,Item Rate,Civil Works - Canal,No,No,NA ,07-Nov-2025 03:00 PM,NA ,90.0,No ,No,Online,13-Nov-2025 03:00 PM,"U P Irrigation Department (Civil)||Chief Engineer-Sharda Sahayak, Lucknow||VII Circle Irrigation Works, Lucknow||EE SSK Division-28 Haidergarh",Haidergarh,225124.0,2.0,,J P ENTERPRISES,"286,195.24",Rejected-Finance,21-Nov-2025,"U P Irrigation Department (Civil)||Chief Engineer-Sharda Sahayak, Lucknow||VII Circle Irrigation Works, Lucknow||EE SSK Division-28 Haidergarh"
2025_UPIDC_1086737_3,03/SE-VII/2025-26,AS PER TENDER NOTICE-03 LOT 03,AS PER TENDER NOTICE-03 LOT 03,Works,Open Tender,Item Rate,Civil Works - Buildings,No,No,NA ,30-Oct-2025 10:00 AM,30-Oct-2025 01:00 PM ,90.0,No ,No,Online,04-Nov-2025 03:00 PM,"U P Irrigation Department (Civil)||Chief Engineer-Sharda Sahayak, Lucknow||VII Circle Irrigation Works, Lucknow",Lucknow,226001.0,2.0,,CHANDRA SEN,"6,241,630.7",Rejected-Finance,02-Dec-2025,"U P Irrigation Department (Civil)||Chief Engineer-Sharda Sahayak, Lucknow||VII Circle Irrigation Works, Lucknow"
2025_UPIDC_1086955_23,04/E.E./2025-26,Silt Clearance/Scraping of Jagepur Minor From Km. 0.000 to Km. 6.695.,Silt Clearance/Scraping of Jagepur Minor From Km. 0.000 to Km. 6.695.,Services,Open Tender,Item Wise,Miscellaneous Services,No,No,NA ,30-Oct-2025 12:00 PM,NA ,90.0,No ,No,Online,08-Nov-2025 03:30 PM,"U P Irrigation Department (Civil)||Chief Engineer-Sone, Varanasi||Irrigation Works Circle, Allahabad||BCD, allahabad",Prayagraj,211004.0,2.0,"1,89,000",MANOJ KUMAR PAL,"124,609.99",Rejected-Finance,11-Dec-2025,"U P Irrigation Department (Civil)||Chief Engineer-Sone, Varanasi||Irrigation Works Circle, Allahabad||BCD, allahabad"
2025_UPIDC_1084107_10,11/EE/2025-26,Providing and Fixing of expansion joint system of Sinchai Vikas Bhawan at canal colony cant road Lucknow.(Lot-05),Providing and Fixing of expansion joint system of Sinchai Vikas Bhawan at canal colony cant road Lucknow.(Lot-05),Works,Open Tender,Item Rate,Civil Works - Buildings,No,No,NA ,03-Nov-2025 09:00 AM,NA ,90.0,No ,No,Online,08-Nov-2025 11:30 AM,"U P Irrigation Department (Civil)||Chief Engineer-Sharda Sahayak, Lucknow||VII Circle Irrigation Works, Lucknow||Lucknow Division Sharda Canal Lucknow",Canal Colony Catt Road Lucknow,226001.0,2.0,"31,61,000",Delight Construction,"3,095,173.15",Rejected-Finance,17-Dec-2025,"U P Irrigation Department (Civil)||Chief Engineer-Sharda Sahayak, Lucknow||VII Circle Irrigation Works, Lucknow||Lucknow Division Sharda Canal Lucknow"
2025_UPIDC_1079274_18,01/EE/2025-26 DT. 26-09-2025,Silt clearance and Bed scrapping,silt clearance between Km 0.00 to Km 2.700 and km 5.800 to km 10.600 and scraping between km 2.700 to 5.800 and km 10.600 to 11.850 of Patani Dy,Works,Open Tender,Item Rate,Civil Works - Canal,No,No,NA ,15-Oct-2025 10:00 AM,NA ,90.0,No ,No,Online,24-Oct-2025 02:00 PM,"U P Irrigation Department (Civil)||Chief Engineer-Gandak, Gorakhpur||Gandak IWC-1, Gorakhpur||ID-2, deoria",PATANI DY,274001.0,2.0,"3,33,909",M/S MOHD SAYEED CONTRACTOR,"316,544",Rejected-Finance,02-Dec-2025,"U P Irrigation Department (Civil)||Chief Engineer-Gandak, Gorakhpur||Gandak IWC-1, Gorakhpur||ID-2, deoria"
2025_UPIDC_1083636_19,03/EE/2025-26,03/EE/2025-26 lot No.3,Silt clearance/Scrapping Work of Kaudiya dy from km 0.000 to 8.700 (Rabi Fasli 1433 (Year 2025-26) District Gonda),Works,Open Tender,Item Wise,Civil Works - Canal,No,No,NA ,13-Nov-2025 10:00 AM,NA ,90.0,No ,No,Online,18-Nov-2025 04:00 PM,"U P Irrigation Department (Civil)||Chief Engineer-Saryu Project-1, Faizabad||XV Circle Irrigation Work, Gonda||SCD-4, gonda",Gonda,271602.0,2.0,"2,86,960",M/D U P CONSTRUCTION,"269,805.9",Accepted-AOC,25-Nov-2025,"U P Irrigation Department (Civil)||Chief Engineer-Saryu Project-1, Faizabad||XV Circle Irrigation Work, Gonda||SCD-4, gonda"
2025_UPPRC_1079609_1,4/PCL/PM/PRAYAG/2025-26/DT. 30.09.2025,"REGARDING INSTALLATION OF IRON DOORS AND WINDOWS IN 187 SCHOOLS IN RELATION TO COUNCIL SCHOOLS OPERATING IN 03 DEVELOPMENT BLOCKS MANDA, MEJA AND KORAON OF THE DISTRICT PRAYAGRAJ.","REGARDING INSTALLATION OF IRON DOORS AND WINDOWS IN 187 SCHOOLS IN RELATION TO COUNCIL SCHOOLS OPERATING IN 03 DEVELOPMENT BLOCKS MANDA, MEJA AND KORAON OF THE DISTRICT PRAYAGRAJ.",Works,Open Tender,Percentage,Civil Works,No,No,NA ,03-Oct-2025 04:00 PM,03-Oct-2025 04:00 PM ,90.0,No ,No,Online,09-Oct-2025 02:00 PM,U.P. Projects Corporation Ltd.||U.P. Projects Corp. Ltd.(MD)||Zone-1 Allahabad||Unit-2 Allahabad,Prayagraj,211004.0,2.0,"34,23,000",RAVI PRATAP SINGH,"3,415,425.676",Rejected-AOC,29-Dec-2025,U.P. Projects Corporation Ltd.||U.P. Projects Corp. Ltd.(MD)||Zone-1 Allahabad||Unit-2 Allahabad
2025_UPIDC_1084346_23,05/EE/2025-26,Silt Clearance and scraping of Lahru Minor from 0.000 to 8.300 for Rabi fasli 1433 year 2025-26 (Lot-11),Silt Clearance and scraping of Lahru Minor from 0.000 to 8.300 for Rabi fasli 1433 year 2025-26 (Lot-11),Works,Open Tender,Item Rate,Civil Works - Canal,No,No,NA ,30-Oct-2025 06:00 PM,NA ,90.0,No ,No,Online,06-Nov-2025 02:10 PM,"U P Irrigation Department (Civil)||Chief Engineer-Sharda, Lucknow||VI Circle Irrigation Works, Lucknow||LD-2SC, lucknow",Unnao,209881.0,2.0,"2,46,000",m/s mohd. zamil,"244,654.05",Rejected-Finance,01-Dec-2025,"U P Irrigation Department (Civil)||Chief Engineer-Sharda, Lucknow||VI Circle Irrigation Works, Lucknow||LD-2SC, lucknow"
2025_WBEAP_1087661_1,2159/167C-PMGSYC/2025 DT. 28.10.2025,Construction work of non-residential buildings of modern police station Qadri Gate by up grading the Watch and Ward post Qadri Gate under Police Station Kotwali of Farrukhabad district.,Construction work of non-residential buildings of modern police station Qadri Gate by up grading the Watch and Ward post Qadri Gate under Police Station Kotwali of Farrukhabad district.,Works,Open Tender,Item Rate,Civil Works - Buildings,No,No,NA ,04-Nov-2025 09:00 AM,07-Nov-2025 12:00 PM ,120.0,No ,No,Online,11-Nov-2025 12:30 PM,Chief Engineer World Bank (EAP) PWD HQ-Jhansi||SE PMGSY CIRCLE PWD KANPUR,Farukhabad,209601.0,2.0,,BHARAT CONSTRUCTION,"64,079,076",Accepted-AOC,16-Dec-2025,Chief Engineer World Bank (EAP) PWD HQ-Jhansi||SE PMGSY CIRCLE PWD KANPUR
2025_UPIDC_1079102_6,01/EE/2025-26,Silt Clearance and Scrapping from Km. 0.000 to Km. 4.800 of Bedauli Minor,Silt Clearance and Scrapping from Km. 0.000 to Km. 4.800 of Bedauli Minor,Works,Open Tender,Item Rate,Civil Works - Canal,No,No,NA ,03-Oct-2025 10:00 AM,NA ,90.0,No ,No,Online,11-Oct-2025 11:00 AM,"U P Irrigation Department (Civil)||Chief Engineer-Saryu Project-2, Gonda||Irrigation Construction Circle, Basti||SCD-I, gorakhpur",Gorakhpur,273001.0,2.0,"1,55,000",M/S J. D. Enterprises,"112,844.78",Rejected-Finance,17-Nov-2025,"U P Irrigation Department (Civil)||Chief Engineer-Saryu Project-2, Gonda||Irrigation Construction Circle, Basti||SCD-I, gorakhpur"
2025_UPIDC_1082040_16,02/EE/2025-26,Correcting internal section by Silt Clearance of Nehtaur Branch Tail Escape From Km. 0.000 to Km. 5.000 for Rabi 1433 crop in Distt. Bijnor(Lot-16),Correcting internal section by Silt Clearance of Nehtaur Branch Tail Escape From Km. 0.000 to Km. 5.000 for Rabi 1433 crop in Distt. Bijnor,Works,Open Tender,Item Wise,Civil Works - Canal,No,No,NA ,14-Oct-2025 10:00 AM,NA ,90.0,No ,No,Online,21-Oct-2025 11:00 AM,"U P Irrigation Department (Civil)||Chief Engineer-Eastern Ganga, Moradabad||EGCC Circle, Haridwar||ID, bijnore",Bijnor,246701.0,2.0,"5,20,000",MANOJ CHAUDHARY,"373,447.6",Rejected-AOC,12-Nov-2025,"U P Irrigation Department (Civil)||Chief Engineer-Eastern Ganga, Moradabad||EGCC Circle, Haridwar||ID, bijnore"
2025_UPIDC_1082147_23,03/EE/2025-26,SILT CLEARENCE OF PAKRI MR. FROM KM. 0.000 TO 6.800 AND DHAWARIYA MR KM 0.000 TO KM 2.950,SILT CLEARENCE OF PAKRI MR. FROM KM. 0.000 TO 6.800 AND DHAWARIYA MR KM 0.000 TO KM 2.950,Works,Open Tender,Item Rate,Civil Works - Canal,No,No,NA ,13-Oct-2025 09:00 AM,NA ,90.0,No ,No,Online,18-Oct-2025 04:30 PM,"U P Irrigation Department (Civil)||Chief Engineer-Saryu Project-1, Faizabad||Irrigation Construction Circle, Bahraich||SCD-1, bahraich",Bahraich,271801.0,2.0,"3,66,000",Mohammad Abdulla,"302,731.56",Accepted-AOC,14-Nov-2025,"U P Irrigation Department (Civil)||Chief Engineer-Saryu Project-1, Faizabad||Irrigation Construction Circle, Bahraich||SCD-1, bahraich"
2025_UPIDM_1078277_10,05/EE/MLCD/2025-26,Providing and fitting of Motor Protection control panel,Providing and fitting of Motor Protection control panel,Works,Open Tender,Piece-work,Civil Works,No,No,NA ,03-Oct-2025 02:00 PM,NA ,45.0,No ,No,Online,13-Oct-2025 03:00 PM,U P Irrigation Department (Mechanical)||Chief Engineer (Tubewell Varanasi)||Superintending Engineer (Tubewell) Allahabad||Executive Engineer MLCD Allahabad,Lakhanpur Pump Canal,212306.0,2.0,"13,00,500",Actech Engineers,"1,252,500",Rejected-Technical,02-Dec-2025,U P Irrigation Department (Mechanical)||Chief Engineer (Tubewell Varanasi)||Superintending Engineer (Tubewell) Allahabad||Executive Engineer MLCD Allahabad
2025_UPIDC_1082147_37,03/EE/2025-26,SILT CLEARENCE FROM KM. 0.000 TO 6.000 OF MAIGLA DY.,SILT CLEARENCE FROM KM. 0.000 TO 6.000 OF MAIGLA DY.,Works,Open Tender,Item Rate,Civil Works - Canal,No,No,NA ,13-Oct-2025 09:00 AM,NA ,90.0,No ,No,Online,18-Oct-2025 04:30 PM,"U P Irrigation Department (Civil)||Chief Engineer-Saryu Project-1, Faizabad||Irrigation Construction Circle, Bahraich||SCD-1, bahraich",Bahraich,271801.0,2.0,"2,80,000",ANSHI VIDHI CONSTRUCTIONS,"209,380.84",Rejected-Finance,14-Nov-2025,"U P Irrigation Department (Civil)||Chief Engineer-Saryu Project-1, Faizabad||Irrigation Construction Circle, Bahraich||SCD-1, bahraich"
2025_UPIDC_1079352_34,10/EE/2025-26,silt clearance of Ladpur Mr Gadaya Latifpur Mr,LOT34,Works,Open Tender,Piece-work,Civil Works,No,No,NA ,04-Oct-2025 10:00 AM,NA ,90.0,No ,No,Online,09-Oct-2025 04:00 PM,U P Irrigation Department (Civil)||Chief Engineer ( Yamuna) Okhla||S E Irrigation Works Circle III Agra||E E Upper Division Agra Canal Mathura,EE UDAC Mathura,281001.0,2.0,,KAILASH CHAND SHARMA,"138,982.16",Rejected-AOC,23-Dec-2025,U P Irrigation Department (Civil)||Chief Engineer ( Yamuna) Okhla||S E Irrigation Works Circle III Agra||E E Upper Division Agra Canal Mathura
2025_UPIDC_1082147_36,03/EE/2025-26,SILT CLEARENCE FROM KM. 16.200 TO 25.525 OF BAHRAICH DY.,SILT CLEARENCE FROM KM. 16.200 TO 25.525 OF BAHRAICH DY.,Works,Open Tender,Item Rate,Civil Works - Canal,No,No,NA ,13-Oct-2025 09:00 AM,NA ,90.0,No ,No,Online,18-Oct-2025 04:30 PM,"U P Irrigation Department (Civil)||Chief Engineer-Saryu Project-1, Faizabad||Irrigation Construction Circle, Bahraich||SCD-1, bahraich",Bahraich,271801.0,2.0,"4,40,000",ANSHI VIDHI CONSTRUCTIONS,"322,134.97",Rejected-Finance,14-Nov-2025,"U P Irrigation Department (Civil)||Chief Engineer-Saryu Project-1, Faizabad||Irrigation Construction Circle, Bahraich||SCD-1, bahraich"
2025_UPIDC_1082147_22,03/EE/2025-26,SILT CLEARANCE OF MEERGANJ MR. FROM KM 0.000 TO 9.070,SILT CLEARANCE OF MEERGANJ MR. FROM KM 0.000 TO 9.070,Works,Open Tender,Item Rate,Civil Works - Canal,No,No,NA ,13-Oct-2025 09:00 AM,NA ,90.0,No ,No,Online,18-Oct-2025 04:30 PM,"U P Irrigation Department (Civil)||Chief Engineer-Saryu Project-1, Faizabad||Irrigation Construction Circle, Bahraich||SCD-1, bahraich",Bahraich,271801.0,2.0,"4,27,000",Basant Lal Varma,"328,042.76",Accepted-AOC,14-Nov-2025,"U P Irrigation Department (Civil)||Chief Engineer-Saryu Project-1, Faizabad||Irrigation Construction Circle, Bahraich||SCD-1, bahraich"
2025_UPIDC_1082040_17,02/EE/2025-26,Silt Clearance /scraping of rajabpur mr.from km 0.00 to 4.000 km(Lot-17),Silt Clearance /scraping of rajabpur mr.from km 0.00 to 4.000 km,Works,Open Tender,Item Wise,Civil Works - Canal,No,No,NA ,14-Oct-2025 10:00 AM,NA ,90.0,No ,No,Online,21-Oct-2025 11:00 AM,"U P Irrigation Department (Civil)||Chief Engineer-Eastern Ganga, Moradabad||EGCC Circle, Haridwar||ID, bijnore",Bijnor,246701.0,2.0,"1,99,000",M/S DELTA CONSTRUCTION,"156,742.2",Rejected-AOC,03-Nov-2025,"U P Irrigation Department (Civil)||Chief Engineer-Eastern Ganga, Moradabad||EGCC Circle, Haridwar||ID, bijnore"
2025_UPIDC_1079102_7,01/EE/2025-26,Silt Clearance and Scrapping from Km. 0.000 to Km. 4.100 of Katwar Minor,Silt Clearance and Scrapping from Km. 0.000 to Km. 4.100 of Katwar Minor,Works,Open Tender,Item Rate,Civil Works - Canal,No,No,NA ,03-Oct-2025 10:00 AM,NA ,90.0,No ,No,Online,11-Oct-2025 11:00 AM,"U P Irrigation Department (Civil)||Chief Engineer-Saryu Project-2, Gonda||Irrigation Construction Circle, Basti||SCD-I, gorakhpur",Gorakhpur,273001.0,2.0,"1,42,000",M/S RAM CHARAN YADAV,"104,510.62",Rejected-Finance,17-Nov-2025,"U P Irrigation Department (Civil)||Chief Engineer-Saryu Project-2, Gonda||Irrigation Construction Circle, Basti||SCD-I, gorakhpur"
2025_UPIDC_1084346_22,05/EE/2025-26,Silt Clearance and scraping of Quasimpur Dy. from 0.000 to 9.600 for Rabi fasli 1433 year 2025-26 (Lot-12),Silt Clearance and scraping of Quasimpur Dy. from 0.000 to 9.600 for Rabi fasli 1433 year 2025-26 (Lot-12),Works,Open Tender,Item Rate,Civil Works - Canal,No,No,NA ,30-Oct-2025 06:00 PM,NA ,90.0,No ,No,Online,06-Nov-2025 02:10 PM,"U P Irrigation Department (Civil)||Chief Engineer-Sharda, Lucknow||VI Circle Irrigation Works, Lucknow||LD-2SC, lucknow",Unnao,209881.0,2.0,"4,88,000",M/S MAA SHREE CONSTRUCTION,"485,436.48",Rejected-Finance,01-Dec-2025,"U P Irrigation Department (Civil)||Chief Engineer-Sharda, Lucknow||VI Circle Irrigation Works, Lucknow||LD-2SC, lucknow"
2025_UPIDM_1067210_1,18//EE/BMMDK/2025-26,MAINTINANCE AND REPAIR OF DEPARTMENTAL AMPHIBIOUS HYDRAULLIC EXCAVATOR (with Pantoon) MB 205 (G-3) at Lucknow.,MAINTINANCE AND REPAIR OF DEPARTMENTAL AMPHIBIOUS HYDRAULLIC EXCAVATOR (with Pantoon) MB 205 (G-3) at Lucknow.,Works,Open Tender,Fixed-rate,Miscellaneous Works,No,No,NA ,21-Aug-2025 02:30 PM,NA ,120.0,No ,No,Online,28-Aug-2025 03:00 PM,U P Irrigation Department (Mechanical)||Central Equipment and Stores Procurement||S E Irrigation Workshop Circle - I Kanpur||E E Barrage Mechanical Maintenance Div Kanpur,Lucknow.,226001.0,2.0,,ANUPAM INFRATECH,"1,650,000",Accepted-AOC,04-Dec-2025,U P Irrigation Department (Mechanical)||Central Equipment and Stores Procurement||S E Irrigation Workshop Circle - I Kanpur||E E Barrage Mechanical Maintenance Div Kanpur
2025_UPRNS_1058510_2,92/SE/PRAYAGRAJ/UPRNSS/25-26 DATE 16.07.2025,Construction of Boundrywall at CHC Rajgarh Distt. Mirzapur(U.P),Construction of Boundrywall at CHC Rajgarh Distt. Mirzapur(U.P),Works,Open Tender,Percentage,Civil Works - Buildings,No,No,NA ,05-Aug-2025 04:00 PM,NA ,90.0,No ,No,Offline,14-Aug-2025 03:00 PM,Uttar Pradesh Rajya Nirman Sahkari Sangh Limited,MIRZAPUR,231210.0,2.0,"49,06,285",M/S MAA VINDHYAVASINI CONSTRUCTION CO.,"4,903,831.98",Accepted-AOC,29-Sep-2025,Uttar Pradesh Rajya Nirman Sahkari Sangh Limited
2025_UPJNM_1089569_1,1866/E-Tender/34 dated 04.11.25,Operation and Maintenance of 7.34 MLD Narokhar IPS Varanasi.,Operation and Maintenance of 7.34 MLD Narokhar IPS Varanasi.,Works,Open Tender,Percentage,Repair and Maintenance Works,No,No,NA ,10-Nov-2025 03:30 PM,NA ,120.0,No ,No,Offline,10-Dec-2025 01:00 PM,"U P Jal Nigam (HQ), Lucknow||Chief Engineer (E-M), Lucknow||SE, Elect Mech Circle, Kanpur Nagar||EE Elect Mech Unit Kanpur Nagar",Varanasi,221112.0,2.0,,SUPER ENGINEERING CORPORATION,"1,167,679.5",Rejected-Finance,01-Jan-2026,"U P Jal Nigam (HQ), Lucknow||Chief Engineer (E-M), Lucknow||SE, Elect Mech Circle, Kanpur Nagar||EE Elect Mech Unit Kanpur Nagar"
2025_UPIDC_1086927_1,03/EE/SSK41/2025-26,SILT CLEARANCE OF GERAWAN DY FROM KM 0.000 TO KM 15.200,SILT CLEARANCE OF GERAWAN DY FROM KM 0.000 TO KM 15.200,Works,Open Tender,Item Rate,Civil Works - Canal,No,No,NA ,30-Oct-2025 10:00 AM,NA ,90.0,No ,No,Online,06-Nov-2025 11:00 AM,"U P Irrigation Department (Civil)||Chief Engineer-Sharda Sahayak, Lucknow||XVI Circle Irrigation Works, Pratapgargh||Sharda Sahayak Division 41 Amethi",Amethi,227811.0,2.0,"5,26,000",M/s MAHONA TRADERS,"373,746",Accepted-AOC,19-Nov-2025,"U P Irrigation Department (Civil)||Chief Engineer-Sharda Sahayak, Lucknow||XVI Circle Irrigation Works, Pratapgargh||Sharda Sahayak Division 41 Amethi"
2025_UPIDC_1079274_19,01/EE/2025-26 DT. 26-09-2025,Silt clearance,Silt Clearance of Deoria Dy. Between Km 0.000 to Km. 53.000,Works,Open Tender,Item Rate,Civil Works - Canal,No,No,NA ,15-Oct-2025 10:00 AM,NA ,90.0,No ,No,Online,24-Oct-2025 02:00 PM,"U P Irrigation Department (Civil)||Chief Engineer-Gandak, Gorakhpur||Gandak IWC-1, Gorakhpur||ID-2, deoria",DEORIA DY,274001.0,2.0,"28,68,880",M/S Anil Kumar Rai,"2,798,879.33",Rejected-Finance,02-Dec-2025,"U P Irrigation Department (Civil)||Chief Engineer-Gandak, Gorakhpur||Gandak IWC-1, Gorakhpur||ID-2, deoria"
2025_UPIDC_1086955_22,04/E.E./2025-26,Silt Clearance/Scraping of Basuhi Minor From Km. 0.000 to Km. 7.200.,Silt Clearance/Scraping of Basuhi Minor From Km. 0.000 to Km. 7.200.,Services,Open Tender,Item Wise,Miscellaneous Services,No,No,NA ,30-Oct-2025 12:00 PM,NA ,90.0,No ,No,Online,08-Nov-2025 03:30 PM,"U P Irrigation Department (Civil)||Chief Engineer-Sone, Varanasi||Irrigation Works Circle, Allahabad||BCD, allahabad",Prayagraj,211004.0,2.0,"1,98,000",JAY CONSTRUCTION,"129,643.74",Rejected-Finance,11-Dec-2025,"U P Irrigation Department (Civil)||Chief Engineer-Sone, Varanasi||Irrigation Works Circle, Allahabad||BCD, allahabad"
2025_UPIDC_1086737_2,03/SE-VII/2025-26,AS PER TENDER NOTICE-03 LOT 02,AS PER TENDER NOTICE-03 LOT 02,Works,Open Tender,Item Rate,Civil Works - Buildings,No,No,NA ,30-Oct-2025 10:00 AM,30-Oct-2025 01:00 PM ,90.0,No ,No,Online,04-Nov-2025 03:00 PM,"U P Irrigation Department (Civil)||Chief Engineer-Sharda Sahayak, Lucknow||VII Circle Irrigation Works, Lucknow",Lucknow,226001.0,2.0,,M/S ASHISH KUMAR,"5,487,627.64",Accepted-AOC,02-Dec-2025,"U P Irrigation Department (Civil)||Chief Engineer-Sharda Sahayak, Lucknow||VII Circle Irrigation Works, Lucknow"
2025_UPIDC_1088743_6,179/AE-4/NILAMI/2025-26,Mekhara nala Mauka Shivkot to Rambhari,Mekhara nala Mauka Shivkot to Rambhari,Services,Open Tender,Item Rate,Miscellaneous Services,No,No,NA ,10-Nov-2025 11:00 AM,NA ,270.0,No ,No,Online,20-Nov-2025 01:00 PM,"U P Irrigation Department (Civil)||Chief Engineer-Gandak, Gorakhpur||Gandak Flood Circle, Basti||DD, Siddharth Nagar",DRAINAG DIVISION SIDDHARTHNAGAR,272207.0,2.0,"2,50,000",DIWAKAR SAHANI,"251,500",Accepted-AOC,29-Dec-2025,"U P Irrigation Department (Civil)||Chief Engineer-Gandak, Gorakhpur||Gandak Flood Circle, Basti||DD, Siddharth Nagar"
2025_UPPRD_1064082_136,240/Nivida/ZP/2025-26 Date- 22-07-2025,Work No 136 Gramsabha Bahorkha ke harkanpur me talab ka jal sanchayan ewam sundarikaran,Work No 136 Gramsabha Bahorkha ke harkanpur me talab ka jal sanchayan ewam sundarikaran,Works,Open Tender,Percentage,Civil Works - Others,No,No,NA ,11-Aug-2025 12:00 PM,NA ,90.0,No ,No,Offline,18-Aug-2025 02:30 PM,Panchayati Raj Department||Zila Panchayat Amethi,Amethi,227409.0,2.0,"24,99,526",M/S J.T.M ENTERPRISES,"2,495,776.534",Rejected-Finance,26-Dec-2025,Panchayati Raj Department||Zila Panchayat Amethi
2025_UPIDC_1082729_13,01/E.E/2025-26,silt clearance of Raihar Minor from km 0.000 to km 10.150,silt clearance of Raihar Minor from km 0.000 to km 10.150,Works,Open Tender,Item Rate,Civil Works - Canal,No,No,NA ,25-Oct-2025 10:00 AM,NA ,90.0,No ,No,Online,30-Oct-2025 01:00 PM,"U P Irrigation Department (Civil)||Chief Engineer-Ram Ganga, Kanpur||II Circle Irrigation Works, Kanpur||MDLGC, mainpuri",Mainpuri,205001.0,2.0,"2,80,000",KUSUM YADAV,"210,122.83",Rejected-Finance,26-Dec-2025,"U P Irrigation Department (Civil)||Chief Engineer-Ram Ganga, Kanpur||II Circle Irrigation Works, Kanpur||MDLGC, mainpuri"
2025_UPIDC_1082692_8,03/EE/2025-26,LOT-2 RE-TENDER,Renovation work of Bitumin road of World Bank Colony Barola Jafrabad in Distt Aligarh,Works,Open Tender,Item Rate,Civil Works - Roads,No,No,NA ,20-Nov-2025 10:00 AM,NA ,90.0,No ,No,Online,28-Nov-2025 10:00 AM,"U P Irrigation Department (Civil)||Chief Engineer-Madhya Ganga, Aligarh||MGCC Circle, Moradabad||MGCCD-12 Aligarh",Aligarh,202002.0,2.0,"5,68,000",B S ENTERPRISES,"512,857.44",Accepted-AOC,08-Dec-2025,"U P Irrigation Department (Civil)||Chief Engineer-Madhya Ganga, Aligarh||MGCC Circle, Moradabad||MGCCD-12 Aligarh"
2025_UPPRD_1064082_122,240/Nivida/ZP/2025-26 Date- 22-07-2025,Work No 122 Gram panchayat Bhanauli me Dhobi Ghat talab ka Jal sanchayan ewam sundarikaran,Work No 122 Gram panchayat Bhanauli me Dhobi Ghat talab ka Jal sanchayan ewam sundarikaran,Works,Open Tender,Percentage,Civil Works - Others,No,No,NA ,11-Aug-2025 12:00 PM,NA ,90.0,No ,No,Offline,18-Aug-2025 02:30 PM,Panchayati Raj Department||Zila Panchayat Amethi,Amethi,227409.0,2.0,"24,83,913",M/S RAJPOOT CONSTRUCTION,"2,480,187.333",Rejected-Finance,23-Dec-2025,Panchayati Raj Department||Zila Panchayat Amethi
2025_UPIDC_1083624_7,01/EE/2025-2026,SILT CLEARANCE/SCRAPPING OF BHOWLI DY KM 0.00 TO 11.00,SILT CLEARANCE/SCRAPPING OF BHOWLI DY KM 0.00 TO 11.00,Works,Open Tender,Item Rate,Civil Works - Canal,No,No,NA ,18-Oct-2025 10:00 AM,NA ,90.0,No ,No,Online,30-Oct-2025 11:00 AM,"U P Irrigation Department (Civil)||Chief Engineer-Sharda, Lucknow||VI Circle Irrigation Works, Lucknow||ID, unnao",UNNAO,209801.0,2.0,"4,11,000",M/S R.N.CONSTRUCTION,"409,047.12",Rejected-AOC,12-Nov-2025,"U P Irrigation Department (Civil)||Chief Engineer-Sharda, Lucknow||VI Circle Irrigation Works, Lucknow||ID, unnao"
2025_UPIDC_1082538_2,01/EE/2025-26,Silt clearance work of Right Juriya Mr.from km. 0.000 to km. 13.720,Silt clearance,Works,Open Tender,Item Rate,Civil Works - Canal,No,No,NA ,22-Oct-2025 10:00 AM,NA ,90.0,No ,No,Online,27-Oct-2025 04:00 PM,"U P Irrigation Department (Civil)||Chief Engineer-Ram Ganga, Kanpur||Irrigation Works Circle, Etawah||ID, auriya",Dibiyapur,206244.0,2.0,"3,43,000",M/S Vimla construction,"289,068.4",Rejected-Finance,14-Dec-2025,"U P Irrigation Department (Civil)||Chief Engineer-Ram Ganga, Kanpur||Irrigation Works Circle, Etawah||ID, auriya"
2025_UPIDC_1084580_14,03/AE4/2025-26,Earth work in silt clearance/Scraping of Binduhani Mr. from km. 0.000 to km. 5.750,Earth work in silt clearance/Scraping of Binduhani Mr. from km. 0.000 to km. 5.750,Works,Open Tender,Item Rate,Civil Works - Canal,No,No,NA ,23-Oct-2025 10:00 AM,NA ,90.0,No ,No,Online,30-Oct-2025 03:00 PM,"U P Irrigation Department (Civil)||Chief Engineer-Saryu Project-2, Gonda||Drainage Cirlce, Gonda||SCD-1 Balrampur",Shrawasti,271805.0,2.0,"1,48,000",AMRENDRA KUMAR TRIPATHI,"22,356.49",Rejected-Finance,27-Dec-2025,"U P Irrigation Department (Civil)||Chief Engineer-Saryu Project-2, Gonda||Drainage Cirlce, Gonda||SCD-1 Balrampur"
2025_UPIDC_1083624_18,01/EE/2025-2026,SCRAPPING OF SAHRAWAN DY KM 0.00 TO 9.600,SCRAPPING OF SAHRAWAN DY KM 0.00 TO 9.600,Works,Open Tender,Item Rate,Civil Works - Canal,No,No,NA ,18-Oct-2025 11:00 AM,NA ,90.0,No ,No,Online,30-Oct-2025 11:00 AM,"U P Irrigation Department (Civil)||Chief Engineer-Sharda, Lucknow||VI Circle Irrigation Works, Lucknow||ID, unnao",UNNAO,209801.0,2.0,"2,28,000",m/s mohd. zamil,"227,565",Rejected-AOC,15-Nov-2025,"U P Irrigation Department (Civil)||Chief Engineer-Sharda, Lucknow||VI Circle Irrigation Works, Lucknow||ID, unnao"
2025_UPIDC_1080022_3,03/EE/2025-26,Silt Clearance of Approach Channel and Feeder Channel from km. 0.000 to 0.200,Silt Clearance of Approach Channel and Feeder Channel from km. 0.000 to 0.200,Works,Open Tender,Item Rate,Civil Works,No,No,NA ,24-Oct-2025 10:00 AM,NA ,90.0,No ,No,Online,29-Oct-2025 01:00 PM,"U P Irrigation Department (Civil)||Chief Engineer-Gandak, Gorakhpur||Drainage Circle, Ballia||ID, mau",Mau,275101.0,2.0,,M/S AARADHYA TRADERS,"826,200",Accepted-AOC,30-Dec-2025,"U P Irrigation Department (Civil)||Chief Engineer-Gandak, Gorakhpur||Drainage Circle, Ballia||ID, mau"
2025_UPIDC_1078704_24,TN-05/EE/2025-26,TN-05/EE/2025-26 Deoband Branch Ke Km 30.000 to Km 30.740 ke madhya nahar sewamarg ke navinikaran ka karya Lot No-24,Deoband Branch Ke Km 30.000 to Km 30.740 ke madhya nahar sewamarg ke navinikaran ka karya,Works,Open Tender,Item Wise,Civil Works,No,No,as per tender notice ,30-Sep-2025 11:00 AM,NA ,90.0,No ,No,Online,06-Oct-2025 03:00 PM,"U P Irrigation Department (Civil)||Chief Engineer-Ganga, Meerut||I- Circle Irrigation Works, Meerut||Muzaffar Nagar Division Ganga Canal,Muzaffar Nagar",Muzaffarnagar,251001.0,2.0,"11,00,000",M/S NAVEEN KUMAR CONTRACTOR,"1,099,456.85",Rejected-AOC,25-Dec-2025,"U P Irrigation Department (Civil)||Chief Engineer-Ganga, Meerut||I- Circle Irrigation Works, Meerut||Muzaffar Nagar Division Ganga Canal,Muzaffar Nagar"
2025_UPIDC_1083624_24,01/EE/2025-2026,SCRAPPING OF MAURAWAN DY KM 8.00 TO 58.600,SCRAPPING OF MAURAWAN DY KM 8.00 TO 58.600,Works,Open Tender,Item Rate,Civil Works - Canal,No,No,NA ,18-Oct-2025 11:00 AM,NA ,90.0,No ,No,Online,03-Nov-2025 11:00 AM,"U P Irrigation Department (Civil)||Chief Engineer-Sharda, Lucknow||VI Circle Irrigation Works, Lucknow||ID, unnao",UNNAO,209801.0,2.0,"30,00,000",M/S DHUNNAR PRASAD,"2,968,197.65",Accepted-AOC,15-Nov-2025,"U P Irrigation Department (Civil)||Chief Engineer-Sharda, Lucknow||VI Circle Irrigation Works, Lucknow||ID, unnao"
2025_UPIDC_1082641_2,1649/2025-26 Dt. 06-10-2025 T.N.No-02/EE/2025-26,Lot 04 Retender E/W in Silt Clearance in Pindoriya Dy. From Km.0.000 to km. 20.330,Lot 04 Retender E/W in Silt Clearance in Pindoriya Dy. From Km.0.000 to km. 20.330,Works,Open Tender,Item Rate,Civil Works - Canal,No,No,NA ,05-Nov-2025 10:00 AM,NA ,90.0,No ,No,Online,10-Nov-2025 01:00 PM,"U P Irrigation Department (Civil)||Chief Engineer-Sharda Sahayak, Lucknow||XI Circle Irrigation Works, Faizabad||IDT, akbarpur",Ambedkarnagar,224122.0,2.0,"9,10,000",M/S SAI CONSTRUCTION,"659,332",Rejected-Finance,15-Nov-2025,"U P Irrigation Department (Civil)||Chief Engineer-Sharda Sahayak, Lucknow||XI Circle Irrigation Works, Faizabad||IDT, akbarpur"
2025_UPIDC_1086698_9,04/AE-IV/2025-26,Earth Work in Silt Clearance/Scraping of Ghatipatti Mr. from Km. 0.000 to Km. 2.400,Silt Clearance/Scraping,Works,Open Tender,Item Rate,Civil Works,No,No,NA ,30-Oct-2025 10:00 AM,NA ,90.0,No ,No,Online,07-Nov-2025 12:30 PM,"U P Irrigation Department (Civil)||Chief Engineer-Sharda Sahayak, Lucknow||XIV Circle Irrigation Works, Azamgarh||SSD-32, azamgarh",AZAMGARH,276001.0,2.0,"50,000",ANAND CONSTRUCTION,"35,924",Accepted-AOC,06-Dec-2025,"U P Irrigation Department (Civil)||Chief Engineer-Sharda Sahayak, Lucknow||XIV Circle Irrigation Works, Azamgarh||SSD-32, azamgarh"
2025_UPIDC_1084343_12,02/EE/2025-26,LOT03,Silt clearence and scraiping between km 0.000 to 6.700 and km. 6.700 to 11.100 of Dumariyadeeh Mr.,Works,Open Tender,Item Wise,Civil Works,No,No,NA ,12-Nov-2025 04:10 PM,NA ,15.0,No ,No,Online,18-Nov-2025 03:00 PM,"U P Irrigation Department (Civil)||Chief Engineer-Saryu Project-1, Faizabad||XV Circle Irrigation Work, Gonda||EE SARYU NAHAR KHAND-3, GONDA",GONDA,271001.0,2.0,"2,94,000",SHRI MAHADEV CONSTRUCTION,"291,199.13",Accepted-AOC,08-Dec-2025,"U P Irrigation Department (Civil)||Chief Engineer-Saryu Project-1, Faizabad||XV Circle Irrigation Work, Gonda||EE SARYU NAHAR KHAND-3, GONDA"
2025_UPIDC_1081481_8,01/EE/2025-26,"Silt Clearance/Scraping of between Km. 0.000 to Km. 5.300, Km. 5.300 to Km. 6.340 and Km. 6.340 to Km. 7.340 of Udaipur Dy.","Silt Clearance/Scraping of between Km. 0.000 to Km. 5.300, Km. 5.300 to Km. 6.340 and Km. 6.340 to Km. 7.340 of Udaipur Dy.",Works,Open Tender,Item Rate,Civil Works - Canal,No,No,NA ,11-Oct-2026 07:06 PM,NA ,90.0,No ,No,Online,24-Oct-2025 03:00 PM,"U P Irrigation Department (Civil)||Chief Engineer-Saryu Project-2, Gonda||Drainage Cirlce, Gonda||SCD-4 Balrampur",Balrampur,271201.0,2.0,"3,50,000",RAJESH KUMAR MISHRA,"189,569",Rejected-Finance,22-Nov-2025,"U P Irrigation Department (Civil)||Chief Engineer-Saryu Project-2, Gonda||Drainage Cirlce, Gonda||SCD-4 Balrampur"
2025_UPIDC_1083668_38,01/EE/2025-26,Silt Clearance/Scraping work of Mankaura Mr. (Between km 0.00 to 5.300)Babhani Mr. (km 0.000 to 4.800),Silt Clearance/Scraping work of Mankaura Mr. (Between km 0.00 to 5.300),Works,Open Tender,Item Rate,Civil Works - Canal,No,No,NA ,18-Oct-2025 10:00 AM,NA ,90.0,No ,No,Online,30-Oct-2025 04:00 PM,"U P Irrigation Department (Civil)||Chief Engineer-Saryu Project-2, Gonda||Drainage Cirlce, Gonda||EE Chitaurgarh Dam Construction Division Balrampur",Tulsipur Balrampur,271210.0,2.0,"1,38,000",M/S RAJ KISHORE SHUKLA CONTRACTOR,"137,507.79",Accepted-AOC,05-Dec-2025,"U P Irrigation Department (Civil)||Chief Engineer-Saryu Project-2, Gonda||Drainage Cirlce, Gonda||EE Chitaurgarh Dam Construction Division Balrampur"
2025_UPIDC_1085715_110,02/AE-II/2025-26,Earth Work in Silt Clearance and Scraping of Shekhpur Pipari Mr. from Km. 0.000 to Km. 3.000 and Rasulpur Mr. from Km. 0.000 to Km. 1.000,Silt Clearance and Scraping,Works,Open Tender,Item Rate,Civil Works,No,No,NA ,20-Nov-2025 01:00 PM,NA ,90.0,No ,No,Online,26-Nov-2025 03:00 PM,"U P Irrigation Department (Civil)||Chief Engineer-Sharda Sahayak, Lucknow||XIV Circle Irrigation Works, Azamgarh||SSD-32, azamgarh",AZAMGARH,276001.0,2.0,"83,000",Ravindra Yadav,"81,224.4",Accepted-AOC,26-Dec-2025,"U P Irrigation Department (Civil)||Chief Engineer-Sharda Sahayak, Lucknow||XIV Circle Irrigation Works, Azamgarh||SSD-32, azamgarh"
2025_UPIDC_1082164_16,04/EE/2025-26,Silt clearance of Basara Dy. from km 0.000 to km 7.800 (Lot-16),Silt clearance of Basara Dy. from km 0.000 to km 7.800 (Lot-16),Works,Open Tender,Item Rate,Civil Works - Canal,No,No,NA ,14-Oct-2025 09:00 AM,16-Oct-2025 12:00 PM ,90.0,No ,No,Online,27-Oct-2025 12:00 PM,"U P Irrigation Department (Civil)||Chief Engineer-Sharda, Lucknow||Irrigation Works Circle, Sitapur||SDSC, sitapur",Sitapur,261001.0,2.0,"4,16,000",BALAK RAM,"341,538",Rejected-Finance,15-Nov-2025,"U P Irrigation Department (Civil)||Chief Engineer-Sharda, Lucknow||Irrigation Works Circle, Sitapur||SDSC, sitapur"
2025_UPIDC_1083668_14,01/EE/2025-26,Silt Clearance/Scraping work of Nibiha Mr. (km 0.000 to 3.200),Silt Clearance/Scraping work of Nibiha Mr. (km 0.000 to 3.200),Works,Open Tender,Item Rate,Civil Works - Canal,No,No,NA ,18-Oct-2025 10:00 AM,NA ,90.0,No ,No,Online,30-Oct-2025 04:00 PM,"U P Irrigation Department (Civil)||Chief Engineer-Saryu Project-2, Gonda||Drainage Cirlce, Gonda||EE Chitaurgarh Dam Construction Division Balrampur",Bhinga Shrawasti,271840.0,2.0,"87,000",M/S SMT.KASE MATI SINGH CONTRECTOR,"81,708.5",Not Admitted-Fee/PreQual/Technical,05-Dec-2025,"U P Irrigation Department (Civil)||Chief Engineer-Saryu Project-2, Gonda||Drainage Cirlce, Gonda||EE Chitaurgarh Dam Construction Division Balrampur"
2025_UPIDC_1080924_2,03/EE/2025-26,SILT CLEARANCE/SCRAPING OF JALALABAD DY. FROM KM 0.000 TO KM 24.690,SILT CLEARANCE/SCRAPING OF JALALABAD DY. FROM KM 0.000 TO KM 24.690,Works,Open Tender,Item Rate,Civil Works - Canal,No,No,NA ,28-Oct-2025 04:00 PM,NA ,90.0,No ,No,Online,03-Nov-2025 01:30 PM,"U P Irrigation Department (Civil)||Chief Engineer-Sharda, Lucknow||Irrigation Works Circle, Sitapur||SDSC, shahjahanpur",SHAHJAHANPUR U.P,242001.0,2.0,"11,95,000",innovative enterprises,"924,452.72",Rejected-Finance,11-Nov-2025,"U P Irrigation Department (Civil)||Chief Engineer-Sharda, Lucknow||Irrigation Works Circle, Sitapur||SDSC, shahjahanpur"
2025_UPIDC_1083775_45,03/EE/2025-26,Bed and side scaraping and jungle clearance of Kherhat Mr from km 0.000 to 7.039 and Kudi Mr From km 0.000 to 2.412 and Siddhtikot Mr from km 0.000 to 1.407,Bed and side scaraping and jungle clearance of Kherhat Mr from km 0.000 to 7.039 and Kudi Mr From km 0.000 to 2.412 and Siddhtikot Mr from km 0.000 to 1.407,Works,Open Tender,Item Rate,Civil Works - Canal,No,No,NA ,10-Nov-2025 03:30 PM,NA ,90.0,No ,No,Online,15-Nov-2025 03:30 PM,"U P Irrigation Department (Civil)||Chief Engineer-Sone, Varanasi||Irrigation Works Circle, Allahabad||TPCD, allahabad",PRAYAGRAJ,211001.0,2.0,"2,68,000",SARTHI CONSTRUCTION,"214,452",Rejected-Finance,15-Dec-2025,"U P Irrigation Department (Civil)||Chief Engineer-Sone, Varanasi||Irrigation Works Circle, Allahabad||TPCD, allahabad"
2025_UPIDC_1079800_12,10/SE-1/2025-26,LOT6,As per the NIT,Works,Open Tender,Piece-work,Civil Works,No,No,NA ,10-Oct-2025 10:00 AM,13-Oct-2025 01:00 PM ,90.0,No ,No,Online,15-Oct-2025 04:30 PM,"U P Irrigation Department (Civil)||Chief Engineer-Ganga, Meerut||I- Circle Irrigation Works, Meerut",Meerut,250001.0,2.0,"99,47,000",SUNIL KUMAR CONTRACTOR,"7,835,407.53",Rejected-Finance,02-Dec-2025,"U P Irrigation Department (Civil)||Chief Engineer-Ganga, Meerut||I- Circle Irrigation Works, Meerut"
2025_UPIDC_1082164_12,04/EE/2025-26,Silt clearance of Ramkot Dy. from km 0.000 to km 20.230 (Lot-12),Silt clearance of Ramkot Dy. from km 0.000 to km 20.230 (Lot-12),Works,Open Tender,Item Rate,Civil Works - Canal,No,No,NA ,14-Oct-2025 09:00 AM,16-Oct-2025 12:00 PM ,90.0,No ,No,Online,27-Oct-2025 12:00 PM,"U P Irrigation Department (Civil)||Chief Engineer-Sharda, Lucknow||Irrigation Works Circle, Sitapur||SDSC, sitapur",Sitapur,261001.0,2.0,"11,67,000",M/S ANIL KUMAR SINGH,"1,155,357",Not Admitted-Fee/PreQual/Technical,15-Nov-2025,"U P Irrigation Department (Civil)||Chief Engineer-Sharda, Lucknow||Irrigation Works Circle, Sitapur||SDSC, sitapur"
2025_UPIDC_1079237_50,03/EEAID/2025-26,LOT 23 SCRAPING/SLUSH CLEARANCE OF THAKURDWARA DY. FROM KM. 20.000 TO KM. 37.200 IN FASLI RABI 1433 YEAR 2025-26,LOT 23 SCRAPING/SLUSH CLEARANCE OF THAKURDWARA DY. FROM KM. 20.000 TO KM. 37.200 IN FASLI RABI 1433 YEAR 2025-26,Works,Open Tender,Item Rate,Civil Works,No,No,NA ,17-Oct-2025 01:00 PM,NA ,90.0,No ,No,Online,24-Oct-2025 11:30 AM,"U P Irrigation Department (Civil)||Chief Engineer-Eastern Ganga, Moradabad||Irrigation Works Circle, Moradabad||AID, dhampur",MORADABAD,244001.0,2.0,"6,80,000",M/S TEJPAL SINGH CONTRACTOR,"671,160",Accepted-AOC,03-Nov-2025,"U P Irrigation Department (Civil)||Chief Engineer-Eastern Ganga, Moradabad||Irrigation Works Circle, Moradabad||AID, dhampur"
2025_UPIDM_1073772_2,1095/EE-LID GKP/02/09/2025/26-27,"NABARD Funded Modernization of Ch. Charan Singh Doharighat Pump Canal, Distt- Mau SGR BUILDING BOUNDARY WORK (145 MRT. LENGTH) with all requierd accessories, tool and tackle at doharighat pump canal mau","NABARD Funded Modernization of Ch. Charan Singh Doharighat Pump Canal, Distt- Mau SGR BUILDING BOUNDARY WORK (145 MRT. LENGTH) with all requierd accessories, tool and tackle at doharighat pump canal mau",Works,Open Tender,Item Rate,Civil Works,No,No,NA ,11-Oct-2025 01:30 PM,NA ,90.0,No ,No,Online,17-Oct-2025 03:00 PM,U P Irrigation Department (Mechanical)||Chief Engineer (Tubewell East)||Superintending Engineer (Tubewell) Gorakhpur||Executive Engineer(LID) Gorakhpur,DOHARIGHAT MAU,275301.0,2.0,"15,46,000",KALAYANI CONSTRUTION,"838,478.48",Accepted-AOC,13-Dec-2025,U P Irrigation Department (Mechanical)||Chief Engineer (Tubewell East)||Superintending Engineer (Tubewell) Gorakhpur||Executive Engineer(LID) Gorakhpur
2025_UPRNS_1023244_1,51/E-TENDER/MEERUT-ZONE/24-25 DATED 25-03-2025,"PRO. CONST. OF MECHANIC REFRIGERATOR AND AIR CONDITIONING 01 NOS, ELECTRONICS MECHANIC 01 NOS, ELECTRICIAN POWER DISTRIBUTION 01 NOS, WIREMAN 01 NOS, SWING TECHNOLOGY 01 NOS, BASIC COSTOMOLOGY 01 NOS IT LAB 01 NOS FOR NEW WORKSHOP AT GOVT. ITI BIJNOR","PRO. CONST. OF MECHANIC REFRIGERATOR AND AIR CONDITIONING 01 NOS, ELECTRONICS MECHANIC 01 NOS, ELECTRICIAN POWER DISTRIBUTION 01 NOS, WIREMAN 01 NOS, SWING TECHNOLOGY 01 NOS, BASIC COSTOMOLOGY 01 NOS IT LAB 01 NOS FOR NEW WORKSHOP AT GOVT. ITI BIJNOR",Works,Open Tender,Percentage,Civil Works - Buildings,No,No,NA ,28-Mar-2025 06:55 PM,NA ,90.0,No ,No,Offline,09-Apr-2025 02:00 PM,Uttar Pradesh Rajya Nirman Sahkari Sangh Limited,BIJNOR,246701.0,2.0,"3,78,22,816",MS GUL AHMAD CONTRACTOR,"37,811,468.9",Rejected-Finance,03-May-2025,Uttar Pradesh Rajya Nirman Sahkari Sangh Limited
2025_UPIDC_1086698_49,04/AE-IV/2025-26,Earth Work in Silt Clearance/Scraping of Parsauli Mr. from Km. 0.000 to Km. 4.200,Silt Clearance/Scraping,Works,Open Tender,Item Rate,Civil Works,No,No,NA ,13-Nov-2025 10:00 AM,NA ,90.0,No ,No,Online,19-Nov-2025 10:30 AM,"U P Irrigation Department (Civil)||Chief Engineer-Sharda Sahayak, Lucknow||XIV Circle Irrigation Works, Azamgarh||SSD-32, azamgarh",AZAMGARH,276001.0,2.0,"1,10,000",M/S SHRI RAM SINGH,"74,363.38",Rejected-Finance,23-Dec-2025,"U P Irrigation Department (Civil)||Chief Engineer-Sharda Sahayak, Lucknow||XIV Circle Irrigation Works, Azamgarh||SSD-32, azamgarh"
2025_UPPRC_1074118_2,47/UPPCL/GM-7/E-TENDER/2025-26 Dated-12.09.2025,Construction of Morden workshop (Map-01) Training room etc. at Govt. I.T.I. Bilhaur District-Kanpur Nagar (U.P.),Construction of Morden workshop (Map-01) Training room etc. at Govt. I.T.I. Bilhaur District-Kanpur Nagar (U.P.),Works,Open Tender,Percentage,Civil Works - Buildings,No,No,NA ,19-Sep-2025 02:00 PM,NA ,90.0,No ,No,Online,25-Sep-2025 04:00 PM,U.P. Projects Corporation Ltd.||U.P. Projects Corp. Ltd.(MD)||Zone-7 Lucknow,Bilhaur District-Kanpur Nagar (U.P.),209202.0,2.0,"2,72,20,000",Andvi Civil Construction Works Private Limited,"28,910,458.54",Rejected-AOC,27-Dec-2025,U.P. Projects Corporation Ltd.||U.P. Projects Corp. Ltd.(MD)||Zone-7 Lucknow
2025_UPIDC_1078704_34,TN-05/EE/2025-26,TN-05/EE/2025-26 Deoband Branch Ke Km 16.410 to Km 18.000 ke madhya nahar sewamarg ke navinikaran ka karya Lot No-34,Deoband Branch Ke Km 16.410 to Km 18.000 ke madhya nahar sewamarg ke navinikaran ka karya,Works,Open Tender,Item Wise,Civil Works,No,No,as per tender notice ,30-Sep-2025 11:00 AM,NA ,90.0,No ,No,Online,06-Oct-2025 03:00 PM,"U P Irrigation Department (Civil)||Chief Engineer-Ganga, Meerut||I- Circle Irrigation Works, Meerut||Muzaffar Nagar Division Ganga Canal,Muzaffar Nagar",Muzaffarnagar,251001.0,2.0,"24,40,000",Sath Shaib Associates,"2,377,447.5",Rejected-AOC,11-Dec-2025,"U P Irrigation Department (Civil)||Chief Engineer-Ganga, Meerut||I- Circle Irrigation Works, Meerut||Muzaffar Nagar Division Ganga Canal,Muzaffar Nagar"
2025_UPIDC_1083624_34,01/EE/2025-2026,SILT CLEARANCE/SCRAPPING OF RASOOLABAD DY KM 0.00 TO 19.500,SILT CLEARANCE/SCRAPPING OF RASOOLABAD DY KM 0.00 TO 19.500,Works,Open Tender,Item Rate,Civil Works - Canal,No,No,NA ,18-Nov-2025 04:00 PM,NA ,90.0,No ,No,Online,24-Nov-2025 03:00 PM,"U P Irrigation Department (Civil)||Chief Engineer-Sharda, Lucknow||VI Circle Irrigation Works, Lucknow||ID, unnao",UNNAO,209801.0,2.0,"7,40,000",M/S AMAR SINGH,"738,985.2",Accepted-AOC,26-Nov-2025,"U P Irrigation Department (Civil)||Chief Engineer-Sharda, Lucknow||VI Circle Irrigation Works, Lucknow||ID, unnao"
2025_UPIDC_1083624_20,01/EE/2025-2026,SCRAPPING OF SHAHPUR DY KM 0.00 TO 16.500,SCRAPPING OF SHAHPUR DY KM 0.00 TO 16.500,Works,Open Tender,Item Rate,Civil Works - Canal,No,No,NA ,18-Oct-2025 11:00 AM,NA ,90.0,No ,No,Online,06-Nov-2025 11:00 AM,"U P Irrigation Department (Civil)||Chief Engineer-Sharda, Lucknow||VI Circle Irrigation Works, Lucknow||ID, unnao",UNNAO,209801.0,2.0,"2,90,000",AMAN CONSTRUCTION,"288,880",Accepted-AOC,20-Nov-2025,"U P Irrigation Department (Civil)||Chief Engineer-Sharda, Lucknow||VI Circle Irrigation Works, Lucknow||ID, unnao"
2025_UPPRC_1088151_1,74/UPPCL/GM-1/2025-26/E-TENDER Dated-29.10.2025,"Construction of Auditorium, Teaching Pharmacy, Lecture Theater, Library and Common Hall in Shri Lal Bahadur Shashrti Memorial Government Ayurveda College and Hospital Handiya District-Prayagraj (U.P.)","Construction of Auditorium, Teaching Pharmacy, Lecture Theater, Library and Common Hall in Shri Lal Bahadur Shashrti Memorial Government Ayurveda College and Hospital Handiya District-Prayagraj (U.P.)",Works,Open Tender,Percentage,Civil Works - Buildings,No,No,NA ,04-Nov-2025 11:00 AM,NA ,90.0,No ,No,Online,10-Nov-2025 03:00 PM,U.P. Projects Corporation Ltd.||U.P. Projects Corp. Ltd.(MD)||Zone-1 Allahabad,Handiya District-Prayagraj (U.P.),221503.0,2.0,"19,10,41,000",CHANDRA KISHORE SINGH,"190,048,312.38",Rejected-AOC,03-Dec-2025,U.P. Projects Corporation Ltd.||U.P. Projects Corp. Ltd.(MD)||Zone-1 Allahabad
2025_UPPAN_1046560_1,"1185/PAN/ET25-26, DT. 06-06-2025","REPARING/MAINTENANCE WORK OF BUILDINGS, TOILETS, GATE AND BOUNDARY WALL AROUND SWIMMING POOL AREA AT 35TH VAHINI PAC MAHANAGAR DISTT - LUCKNOW U.P.","REPARING/MAINTENANCE WORK OF BUILDINGS, TOILETS, GATE AND BOUNDARY WALL AROUND SWIMMING POOL AREA AT 35TH VAHINI PAC MAHANAGAR DISTT - LUCKNOW U.P.",Works,Open Tender,Percentage,Civil Works,No,No,NA ,06-Jun-2025 06:00 PM,NA ,90.0,No ,No,Online,20-Jun-2025 11:30 AM,UP Police Awas Nigam Limited||UP Police Awas Nigam Ltd HQ Lucknow,35TH VAHINI PAC MAHANAGAR DISTT - LUCKNOW U.P.,226006.0,2.0,"47,34,000",M/S HARLEEN ASSOCIATES,"3,870,518",Accepted-AOC,15-Dec-2025,UP Police Awas Nigam Limited||UP Police Awas Nigam Ltd HQ Lucknow
2025_UPPRD_1064082_126,240/Nivida/ZP/2025-26 Date- 22-07-2025,Work No 126 Gram sabha Aajadpur me talab ka sundarikaran,Work No 126 Gram sabha Aajadpur me talab ka sundarikaran,Works,Open Tender,Percentage,Civil Works - Others,No,No,NA ,11-Aug-2025 12:00 PM,NA ,90.0,No ,No,Offline,18-Aug-2025 02:30 PM,Panchayati Raj Department||Zila Panchayat Amethi,Amethi,227409.0,2.0,"21,76,725",SURENDRA KUMAR TIWARI,"2,174,548.33",Rejected-Finance,23-Dec-2025,Panchayati Raj Department||Zila Panchayat Amethi
2025_UPIDC_1082783_1,3186/rkd/notice no 03/2025-26,renovation of road barawaripur dy lot 14,renovation of road barawaripur dy lot 14,Works,Open Tender,Item Rate,Civil Works - Canal,No,No,NA ,15-Oct-2025 12:00 PM,NA ,90.0,No ,No,Online,25-Oct-2025 12:00 PM,"U P Irrigation Department (Civil)||Chief Engineer-Sharda Sahayak, Lucknow||XVI Circle Irrigation Works, Pratapgargh||RDSSC, raibareilly",raebareli,229001.0,2.0,,M/s. Brijesh Kumar Singh,"989,890",Rejected-Finance,22-Nov-2025,"U P Irrigation Department (Civil)||Chief Engineer-Sharda Sahayak, Lucknow||XVI Circle Irrigation Works, Pratapgargh||RDSSC, raibareilly"
2025_UPPRD_1064082_132,240/Nivida/ZP/2025-26 Date- 22-07-2025,Work No 132 Gramsabha savangi me Kali matal mandir ke pass sthit talab ka jal sanchayan ewam sundarikaran,Work No 132 Gramsabha savangi me Kali matal mandir ke pass sthit talab ka jal sanchayan ewam sundarikaran,Works,Open Tender,Percentage,Civil Works - Others,No,No,NA ,11-Aug-2025 12:00 PM,NA ,90.0,No ,No,Offline,18-Aug-2025 02:30 PM,Panchayati Raj Department||Zila Panchayat Amethi,Amethi,227409.0,2.0,"24,90,448",M/S ARADHYA TRADERS,"2,487,957.04",Rejected-Finance,23-Dec-2025,Panchayati Raj Department||Zila Panchayat Amethi
2025_UPIDC_1083624_3,01/EE/2025-2026,SILT CLEARANCE/SCRAPPING OF KURSATH DY KM 0.00 TO 19.500,SILT CLEARANCE/SCRAPPING OF KURSATH DY KM 0.00 TO 19.500,Works,Open Tender,Item Rate,Civil Works - Canal,No,No,NA ,18-Oct-2025 10:00 AM,NA ,90.0,No ,No,Online,30-Oct-2025 11:00 AM,"U P Irrigation Department (Civil)||Chief Engineer-Sharda, Lucknow||VI Circle Irrigation Works, Lucknow||ID, unnao",UNNAO,209801.0,2.0,"6,68,000",M/S AMAR SINGH,"665,227",Accepted-AOC,14-Nov-2025,"U P Irrigation Department (Civil)||Chief Engineer-Sharda, Lucknow||VI Circle Irrigation Works, Lucknow||ID, unnao"
2025_UPIDC_1084482_15,03/E.E./2025-26,Earth Work in Silt Clearance/Scraping of Indara Dy. from Km. 20.100 to Km. 34.500,Earth Work in Silt Clearance/Scraping,Works,Open Tender,Item Rate,Civil Works,No,No,NA ,24-Oct-2025 10:00 AM,NA ,90.0,No ,No,Online,01-Nov-2025 11:30 AM,"U P Irrigation Department (Civil)||Chief Engineer-Sharda Sahayak, Lucknow||XIV Circle Irrigation Works, Azamgarh||SSD-32, azamgarh",AZAMGARH,276001.0,2.0,"8,10,000",AVICHAL SINGH,"648,573.69",Accepted-AOC,06-Dec-2025,"U P Irrigation Department (Civil)||Chief Engineer-Sharda Sahayak, Lucknow||XIV Circle Irrigation Works, Azamgarh||SSD-32, azamgarh"
2025_YEIDA_1071089_3,YEA/OSD(M)/2025/301 DT-29/08/2025,Balance work of Street Light in Sector-22E yea (WC-E M-02),Balance work of Street Light in Sector-22E yea (WC-E M-02),Works,Open Tender,Fixed-rate,Electrical Works,No,No,NA ,03-Sep-2025 06:55 PM,NA ,90.0,No ,No,Online,17-Sep-2025 11:00 AM,Yamuna Expressway Industrial Development Authority,YAMUNA EXPRESSWAY INDUSTRIAL DEVELOPMENT AUTHORITY,201308.0,2.0,"8,96,938",M/S D.R.S. ENTERPRISES,"645,795.36",Rejected-Finance,22-Dec-2025,Yamuna Expressway Industrial Development Authority
2025_UPIDC_1086737_6,03/SE-VII/2025-26,AS PER TENDER NOTICE-03 LOT 06,AS PER TENDER NOTICE-03 LOT 06,Works,Open Tender,Item Rate,Civil Works - Buildings,No,No,NA ,30-Oct-2025 10:00 AM,30-Oct-2025 01:00 PM ,90.0,No ,No,Online,04-Nov-2025 03:00 PM,"U P Irrigation Department (Civil)||Chief Engineer-Sharda Sahayak, Lucknow||VII Circle Irrigation Works, Lucknow",Lucknow,226001.0,2.0,,Delight Construction,"25,067,289.92",Rejected-Finance,24-Nov-2025,"U P Irrigation Department (Civil)||Chief Engineer-Sharda Sahayak, Lucknow||VII Circle Irrigation Works, Lucknow"
2025_UPIDC_1085718_3,TN-06/EE/2025-26,TN-06/EE/2025-26 Rajwaha Rt Basera ke km 7.000 to km 8.550 ke madhya nahar sewamarg ke navinikaran ka karya Lot No-03,Rajwaha Rt Basera ke km 7.000 to km 8.550 ke madhya nahar sewamarg ke navinikaran ka karya,Works,Open Tender,Piece-work,Civil Works,No,No,AS PER TENDER NOTICE ,27-Oct-2025 11:00 AM,NA ,90.0,No ,No,Online,01-Nov-2025 02:00 PM,"U P Irrigation Department (Civil)||Chief Engineer-Ganga, Meerut||I- Circle Irrigation Works, Meerut||Muzaffar Nagar Division Ganga Canal,Muzaffar Nagar",AS PER TENDER NOTICE,251001.0,2.0,"23,64,000",M/S R.K. GUPTA AND SONS HUF,"2,143,447",Rejected-AOC,10-Dec-2025,"U P Irrigation Department (Civil)||Chief Engineer-Ganga, Meerut||I- Circle Irrigation Works, Meerut||Muzaffar Nagar Division Ganga Canal,Muzaffar Nagar"
2025_UPIDC_1082813_23,03/EE/2025-26,AS PER TENDER NOTICE-03 LOT 10,Silt clearence of Shahpur Dy from Km. 0.000 to Km. 6.000 and scarping from Km. 6.000 to km. 7.035 (Dist-Barabanki),Works,Open Tender,Item Rate,Civil Works - Canal,No,No,NA ,07-Nov-2025 03:00 PM,NA ,90.0,No ,No,Online,13-Nov-2025 03:00 PM,"U P Irrigation Department (Civil)||Chief Engineer-Sharda Sahayak, Lucknow||VII Circle Irrigation Works, Lucknow||EE SSK Division-28 Haidergarh",Haidergarh,225124.0,2.0,,J P ENTERPRISES,"266,601.3",Accepted-AOC,20-Nov-2025,"U P Irrigation Department (Civil)||Chief Engineer-Sharda Sahayak, Lucknow||VII Circle Irrigation Works, Lucknow||EE SSK Division-28 Haidergarh"
2025_UPIDC_1089423_3,04/E.E./2025-26,Earth Work in Silt Clearance/Scraping of Dohrighat Link Canal from Km. 61.400 to Km. 72.400,Silt Clearance/Scraping,Works,Open Tender,Item Rate,Civil Works,No,No,NA ,10-Nov-2025 10:00 AM,NA ,90.0,No ,No,Online,17-Nov-2025 11:00 AM,"U P Irrigation Department (Civil)||Chief Engineer-Sharda Sahayak, Lucknow||XIV Circle Irrigation Works, Azamgarh||SSD-32, azamgarh",AZAMGAHR,276001.0,2.0,"5,70,000",M/S BABU LAL YADAV THIKEDAR,"447,453.5",Rejected-Finance,09-Dec-2025,"U P Irrigation Department (Civil)||Chief Engineer-Sharda Sahayak, Lucknow||XIV Circle Irrigation Works, Azamgarh||SSD-32, azamgarh"
2025_UPIDC_1083910_4,10/EE/2025-26,Silt Clearance of Shivgarh Dy. from Km. 0.000 to Km. 28.800. (Lot-1),Silt Clearance of Shivgarh Dy. from Km. 0.000 to Km. 28.800. (Lot-1),Works,Open Tender,Item Rate,Civil Works,No,No,NA ,01-Nov-2025 09:00 AM,NA ,90.0,No ,No,Online,06-Nov-2025 10:30 AM,"U P Irrigation Department (Civil)||Chief Engineer-Sharda Sahayak, Lucknow||VII Circle Irrigation Works, Lucknow||Lucknow Division Sharda Canal Lucknow",SHIVGARH BLOCK,229308.0,2.0,"16,35,853",M/S Kamlesh Kumar Singh,"1,466,334.25",Rejected-Finance,15-Nov-2025,"U P Irrigation Department (Civil)||Chief Engineer-Sharda Sahayak, Lucknow||VII Circle Irrigation Works, Lucknow||Lucknow Division Sharda Canal Lucknow"
2025_UPPRC_1088814_2,16/PM-10/UPPCL/2025-26/Dated 04/11/2025,Proposed Construction of Extra Class Room in Campus of P.V. Inter College Prempur at Prempur District-Kannauj (U.P.),Proposed Construction of Extra Class Room in Campus of P.V. Inter College Prempur at Prempur District-Kannauj (U.P.),Works,Open Tender,Percentage,Civil Works,No,No,NA ,15-Nov-2025 04:00 PM,NA ,90.0,No ,No,Online,20-Nov-2025 05:00 PM,U.P. Projects Corporation Ltd.||U.P. Projects Corp. Ltd.(MD)||Zone-5 Lucknow||Unit-10 Kanpur,"PREMPUR, KANNAUJ",209721.0,2.0,,JAI MAHAKAL CONSTRUCTION,"3,758,007.82",Rejected-Technical,06-Dec-2025,U.P. Projects Corporation Ltd.||U.P. Projects Corp. Ltd.(MD)||Zone-5 Lucknow||Unit-10 Kanpur
2025_UPIDC_1082147_26,03/EE/2025-26,SILT CLEARENCE OF KUNDASR MR. FROM KM. 0.000 TO 5.750,SILT CLEARENCE OF KUNDASR MR. FROM KM. 0.000 TO 5.750,Works,Open Tender,Item Rate,Civil Works - Canal,No,No,NA ,13-Oct-2025 09:00 AM,NA ,90.0,No ,No,Online,18-Oct-2025 04:30 PM,"U P Irrigation Department (Civil)||Chief Engineer-Saryu Project-1, Faizabad||Irrigation Construction Circle, Bahraich||SCD-1, bahraich",Bahraich,271801.0,2.0,"1,48,000",V D CONSTRUCTION,"147,678.35",Rejected-Finance,14-Nov-2025,"U P Irrigation Department (Civil)||Chief Engineer-Saryu Project-1, Faizabad||Irrigation Construction Circle, Bahraich||SCD-1, bahraich"
2025_UPIDC_1082147_32,03/EE/2025-26,SILT CLEARENCE FROM KM. 0.000 TO 11.210 OF ARAI MR. AND KM. 0.000 TO 0.900 OF BADHOLI MR.,SILT CLEARENCE FROM KM. 0.000 TO 11.210 OF ARAI MR. AND KM. 0.000 TO 0.900 OF BADHOLI MR.,Works,Open Tender,Item Rate,Civil Works - Canal,No,No,NA ,13-Oct-2025 09:00 PM,NA ,90.0,No ,No,Online,18-Oct-2025 04:30 PM,"U P Irrigation Department (Civil)||Chief Engineer-Saryu Project-1, Faizabad||Irrigation Construction Circle, Bahraich||SCD-1, bahraich",Bahraich,271801.0,2.0,"5,47,000",Mohammad Abdulla,"445,283.4",Accepted-AOC,14-Nov-2025,"U P Irrigation Department (Civil)||Chief Engineer-Saryu Project-1, Faizabad||Irrigation Construction Circle, Bahraich||SCD-1, bahraich"
2025_UPIDC_1079102_3,01/EE/2025-26,Scrapping and jungle clearence from Km. 40.000 to 42.200 and 48.000 to 50.000 and 57.000 to 60.200 of Bansgaon Dy,Scrapping and jungle clearence from Km. 40.000 to 42.200 and 48.000 to 50.000 and 57.000 to 60.200 of Bansgaon Dy,Works,Open Tender,Item Rate,Civil Works - Canal,No,No,NA ,03-Oct-2025 10:00 AM,NA ,90.0,No ,No,Online,11-Oct-2025 11:00 AM,"U P Irrigation Department (Civil)||Chief Engineer-Saryu Project-2, Gonda||Irrigation Construction Circle, Basti||SCD-I, gorakhpur",Gorakhpur,273001.0,2.0,"3,54,000",M/S SHYAM ASSOCIATE,"186,629.78",Accepted-AOC,17-Nov-2025,"U P Irrigation Department (Civil)||Chief Engineer-Saryu Project-2, Gonda||Irrigation Construction Circle, Basti||SCD-I, gorakhpur"
2025_UPIDC_1082040_13,02/EE/2025-26,Silt Clearance/Scrapping of Akondha Mr. From Km. 0.000 to Km. 9.550 for Rabi 1433 Crop in Distt. Bijnor (Lot-13),Silt Clearance/Scrapping of Akondha Mr. From Km. 0.000 to Km. 9.550 for Rabi 1433 Crop in Distt. Bijnor,Works,Open Tender,Item Wise,Civil Works - Canal,No,No,NA ,14-Oct-2025 10:00 AM,NA ,90.0,No ,No,Online,21-Oct-2025 11:00 AM,"U P Irrigation Department (Civil)||Chief Engineer-Eastern Ganga, Moradabad||EGCC Circle, Haridwar||ID, bijnore",Bijnor,246701.0,2.0,"4,16,000",NAUSHAD,"291,127.91",Rejected-Technical,03-Nov-2025,"U P Irrigation Department (Civil)||Chief Engineer-Eastern Ganga, Moradabad||EGCC Circle, Haridwar||ID, bijnore"
2025_UPIDC_1082040_12,02/EE/2025-26,Silt Clearence/scraping from km. 0.000 to km. 5.135 of Bahupura dy.(Lot-12),Silt Clearence/scraping from km. 0.000 to km. 5.135 of Bahupura dy.,Works,Open Tender,Item Wise,Civil Works - Canal,No,No,NA ,14-Oct-2025 10:00 AM,NA ,90.0,No ,No,Online,21-Oct-2025 11:00 AM,"U P Irrigation Department (Civil)||Chief Engineer-Eastern Ganga, Moradabad||EGCC Circle, Haridwar||ID, bijnore",Bijnor,246701.0,2.0,"2,50,000",M/S SHRSDDHA CONSTRUCTION,"196,625.55",Rejected-AOC,03-Nov-2025,"U P Irrigation Department (Civil)||Chief Engineer-Eastern Ganga, Moradabad||EGCC Circle, Haridwar||ID, bijnore"
2025_UPIDC_1079102_2,01/EE/2025-26,jungle Clearance and Scrapping from Km. 0.000 to Km. 7.300 of Mansoori Minor,jungle Clearance and Scrapping from Km. 0.000 to Km. 7.300 of Mansoori Minor,Works,Open Tender,Item Rate,Civil Works - Canal,No,No,NA ,03-Oct-2025 10:00 AM,NA ,90.0,No ,No,Online,11-Oct-2025 11:00 AM,"U P Irrigation Department (Civil)||Chief Engineer-Saryu Project-2, Gonda||Irrigation Construction Circle, Basti||SCD-I, gorakhpur",Gorakhpur,273001.0,2.0,"1,96,000",RAVINDRA SINGH,"115,381.46",Rejected-Finance,17-Nov-2025,"U P Irrigation Department (Civil)||Chief Engineer-Saryu Project-2, Gonda||Irrigation Construction Circle, Basti||SCD-I, gorakhpur"
2025_UPIDC_1079352_30,10/EE/2025-26,silt clearance of Lalpur Feeder,LOT30,Works,Open Tender,Piece-work,Civil Works,No,No,NA ,04-Oct-2025 10:00 AM,NA ,90.0,No ,No,Online,09-Oct-2025 04:00 PM,U P Irrigation Department (Civil)||Chief Engineer ( Yamuna) Okhla||S E Irrigation Works Circle III Agra||E E Upper Division Agra Canal Mathura,EE UDAC Mathura,281001.0,2.0,,SHRI RAM CONTRACTOR,"96,769.75",Rejected-AOC,23-Dec-2025,U P Irrigation Department (Civil)||Chief Engineer ( Yamuna) Okhla||S E Irrigation Works Circle III Agra||E E Upper Division Agra Canal Mathura
2025_UPIDM_1078277_14,05/EE/MLCD/2025-26,Construction of Staff quarter in pump canal compound,Construction of Staff quarter in pump canal compound,Works,Open Tender,Piece-work,Civil Works,No,No,NA ,27-Oct-2025 06:35 PM,NA ,60.0,No ,No,Online,04-Nov-2025 03:00 PM,U P Irrigation Department (Mechanical)||Chief Engineer (Tubewell Varanasi)||Superintending Engineer (Tubewell) Allahabad||Executive Engineer MLCD Allahabad,Lakhanpur Pump Canal,212306.0,2.0,"5,38,623",M/S SHIVAM CONSTRUCTION,"467,754.7",Rejected-AOC,22-Dec-2025,U P Irrigation Department (Mechanical)||Chief Engineer (Tubewell Varanasi)||Superintending Engineer (Tubewell) Allahabad||Executive Engineer MLCD Allahabad
2025_YEIDA_1042868_16,YEA/GM(PROJECT)/2025/313 DT-21/05/2025,Field quality assurance and auditing work for project works Yamuna expressway development authority(for one year).YEA Wc-TECH.,Field quality assurance and auditing work for project works Yamuna expressway development authority(for one year).YEA Wc-TECH.,Works,Open Tender,Fixed-rate,Civil Works,No,No,NA ,28-May-2025 11:00 AM,NA ,90.0,No ,No,Online,04-Jul-2025 11:00 AM,Yamuna Expressway Industrial Development Authority,YAMUNA EXPRESSWAY INDUSTRIAL DEVELOPMENT AUTHORITY,201310.0,2.0,"15,62,45,000",WAPCOS LIMITED,"26,000,000",Rejected-Finance,08-Dec-2025,Yamuna Expressway Industrial Development Authority
2025_UPIDC_1082147_27,03/EE/2025-26,SILT CLEARENCE OF SAIGOAN MR. FROM KM. 0.000 TO 5.900,SILT CLEARENCE OF SAIGOAN MR. FROM KM. 0.000 TO 5.900,Works,Open Tender,Item Rate,Civil Works - Canal,No,No,NA ,13-Oct-2025 09:00 AM,NA ,90.0,No ,No,Online,18-Oct-2025 04:30 PM,"U P Irrigation Department (Civil)||Chief Engineer-Saryu Project-1, Faizabad||Irrigation Construction Circle, Bahraich||SCD-1, bahraich",Bahraich,271801.0,2.0,"1,53,000",JAMAL AHMAD CONTRACTOR,"126,075.14",Rejected-Finance,14-Nov-2025,"U P Irrigation Department (Civil)||Chief Engineer-Saryu Project-1, Faizabad||Irrigation Construction Circle, Bahraich||SCD-1, bahraich"
2025_UPIDC_1089423_2,04/E.E./2025-26,Earth Work in Silt Clearance/Scraping of Dohrighat Link Canal from Km. 53.900 to Km. 61.200,Silt Clearance/Scraping,Works,Open Tender,Item Rate,Civil Works,No,No,NA ,10-Nov-2025 10:00 AM,NA ,90.0,No ,No,Online,17-Nov-2025 11:00 AM,"U P Irrigation Department (Civil)||Chief Engineer-Sharda Sahayak, Lucknow||XIV Circle Irrigation Works, Azamgarh||SSD-32, azamgarh",AZAMGAHR,276001.0,2.0,"4,50,000",M/S LALCHAND YADAV,"380,538",Rejected-Finance,09-Dec-2025,"U P Irrigation Department (Civil)||Chief Engineer-Sharda Sahayak, Lucknow||XIV Circle Irrigation Works, Azamgarh||SSD-32, azamgarh"
2025_UPIDC_1080768_1,04/SE/2025-26,Restoration of Boundary wall in Aali goan to Protect U.P. Irrigation Land in Delhi,Restoration of Boundary wall in Aali goan to Protect U.P. Irrigation Land in Delhi,Works,Open Tender,Item Rate,Civil Works,No,No,NA ,10-Oct-2025 11:00 AM,18-Oct-2025 01:00 PM ,90.0,No ,No,Online,24-Oct-2025 04:00 PM,U P Irrigation Department (Civil)||Chief Engineer ( Yamuna) Okhla||S E Irrigation Works Circle III Agra,Okhla New Delhi,110025.0,2.0,"2,81,00,000",UMESH CHANDRA MISHRA,"16,817,900",Rejected-Finance,14-Nov-2025,U P Irrigation Department (Civil)||Chief Engineer ( Yamuna) Okhla||S E Irrigation Works Circle III Agra
2025_UPIDC_1083636_21,03/EE/2025-26,03/EE/2025-26 lot No.6,Silt clearance/Scrapping Work of Ganaura Minor from km 0.000 to 11.450 (Rabi Fasli 1433 (Year 2025-26) District Gonda),Works,Open Tender,Item Wise,Civil Works - Canal,No,No,NA ,13-Nov-2025 10:00 AM,NA ,90.0,No ,No,Online,18-Nov-2025 04:00 PM,"U P Irrigation Department (Civil)||Chief Engineer-Saryu Project-1, Faizabad||XV Circle Irrigation Work, Gonda||SCD-4, gonda",Gonda,271302.0,2.0,"2,85,752",S.M. TRADERS,"248,515.83",Rejected-Finance,25-Nov-2025,"U P Irrigation Department (Civil)||Chief Engineer-Saryu Project-1, Faizabad||XV Circle Irrigation Work, Gonda||SCD-4, gonda"
2025_UPIDC_1082546_1,01/EE/2025-26,Silt clearance work of Right Dibiyapur Dy. from km. 7.000 to km. 14.250,Silt Clearance,Works,Open Tender,Item Rate,Civil Works - Canal,No,No,NA ,14-Oct-2025 02:00 PM,NA ,90.0,No ,No,Online,21-Oct-2025 03:00 PM,"U P Irrigation Department (Civil)||Chief Engineer-Ram Ganga, Kanpur||Irrigation Works Circle, Etawah||ID, auriya",Silt clearance work of Right Dibiyapur Dy. from km,206244.0,2.0,"3,22,000",M/S MEENA RAJ TRADERS,"231,564.14",Rejected-Finance,14-Dec-2025,"U P Irrigation Department (Civil)||Chief Engineer-Ram Ganga, Kanpur||Irrigation Works Circle, Etawah||ID, auriya"
2025_UPIDC_1082813_22,03/EE/2025-26,AS PER TENDER NOTICE-03 LOT 09,silt clearence of Bahrauli Dy from Km. 0.000 to Km. 11.200 and scarping from Km. 11.200 to km. 15.165 (Dist-Lucknow and Barabanki),Works,Open Tender,Item Rate,Civil Works - Canal,No,No,NA ,07-Nov-2025 03:00 PM,NA ,90.0,No ,No,Online,13-Nov-2025 03:00 PM,"U P Irrigation Department (Civil)||Chief Engineer-Sharda Sahayak, Lucknow||VII Circle Irrigation Works, Lucknow||EE SSK Division-28 Haidergarh",Haidergarh,225124.0,2.0,,J P ENTERPRISES,"716,518.92",Accepted-AOC,20-Nov-2025,"U P Irrigation Department (Civil)||Chief Engineer-Sharda Sahayak, Lucknow||VII Circle Irrigation Works, Lucknow||EE SSK Division-28 Haidergarh"
2025_UPIDC_1084482_28,03/E.E./2025-26,Earth Work in Silt Clearance/Scraping of Indara Dy. from Km. 34.600 to Km. 58.000,Earth Work in Silt Clearance/Scraping,Works,Open Tender,Item Rate,Civil Works,No,No,NA ,08-Nov-2025 10:00 AM,NA ,90.0,No ,No,Online,14-Nov-2025 11:30 AM,"U P Irrigation Department (Civil)||Chief Engineer-Sharda Sahayak, Lucknow||XIV Circle Irrigation Works, Azamgarh||SSD-32, azamgarh",AZAMGARH,276001.0,2.0,"8,80,000",M/s Lalta Yadav,"598,563.28",Rejected-AOC,10-Dec-2025,"U P Irrigation Department (Civil)||Chief Engineer-Sharda Sahayak, Lucknow||XIV Circle Irrigation Works, Azamgarh||SSD-32, azamgarh"
2025_UPIDC_1088743_3,179/AE-4/NILAMI/2025-26,Masai sagar,Masai sagar,Services,Open Tender,Item Rate,Miscellaneous Services,No,No,NA ,10-Nov-2025 11:00 AM,NA ,270.0,No ,No,Online,20-Nov-2025 01:00 PM,"U P Irrigation Department (Civil)||Chief Engineer-Gandak, Gorakhpur||Gandak Flood Circle, Basti||DD, Siddharth Nagar",DRAINAG DIVISION SIDDHARTHNAGAR,272207.0,2.0,"1,50,000",VISHAMBHAR,"153,000",Accepted-AOC,29-Dec-2025,"U P Irrigation Department (Civil)||Chief Engineer-Gandak, Gorakhpur||Gandak Flood Circle, Basti||DD, Siddharth Nagar"
2025_YEIDA_1071089_2,YEA/OSD(M)/2025/301 DT-29/08/2025,"Operation maintenance of street light for one year on 75mtr wide road situated between sector-32,33 between Sector-10,33 beetween Secor-09,32 YEIDA. (WC-EM-02)","Operation maintenance of street light for one year on 75mtr wide road situated between sector-32,33 between Sector-10,33 beetween Secor-09,32 YEIDA. (WC-E M-02)",Works,Open Tender,Fixed-rate,Electrical Works,No,No,NA ,03-Sep-2025 06:55 PM,NA ,90.0,No ,No,Online,24-Sep-2025 11:00 AM,Yamuna Expressway Industrial Development Authority,YAMUNA EXPRESSWAY INDUSTRIAL DEVELOPMENT AUTHORITY,201308.0,2.0,"22,91,506",M/s DIVYA BUILDERS & DEVELOPERS,"1,773,625.64",Accepted-AOC,19-Dec-2025,Yamuna Expressway Industrial Development Authority
2025_UPIDC_1091239_3,04/EE/2526,SILT CLEARANCE OF KUREBHAR DY BETWEEN KM 17.910 TO 35.10 AND SCRAPPING WORK FROM KM 35.10 TO 38.200,SILT CLEARANCE OF KUREBHAR DY BETWEEN KM 17.910 TO 35.10 AND SCRAPPING WORK FROM KM 35.10 TO 38.200,Works,Open Tender,Item Rate,Civil Works - Canal,No,No,NA ,25-Nov-2025 09:00 AM,NA ,90.0,No ,No,Online,01-Dec-2025 12:00 PM,"U P Irrigation Department (Civil)||Chief Engineer-Sharda Sahayak, Lucknow||XIV Circle Irrigation Works, Azamgarh||SSD-16, sultanpur",sultanpur,228001.0,2.0,"8,79,487",SHRI RAM LAUT,"792,637",Rejected-Finance,05-Dec-2025,"U P Irrigation Department (Civil)||Chief Engineer-Sharda Sahayak, Lucknow||XIV Circle Irrigation Works, Azamgarh||SSD-16, sultanpur"
2025_UPPRD_1064082_133,240/Nivida/ZP/2025-26 Date- 22-07-2025,Work No 133 Tikara Baijnath shiv mandir talab ka Saundarikaran ka kary,Work No 133 Tikara Baijnath shiv mandir talab ka Saundarikaran ka kary,Works,Open Tender,Percentage,Civil Works - Others,No,No,NA ,11-Aug-2025 12:00 PM,NA ,90.0,No ,No,Offline,18-Aug-2025 02:30 PM,Panchayati Raj Department||Zila Panchayat Amethi,Amethi,227409.0,2.0,"23,11,061",M/S ARYAN CONSTRUCTION,"2,308,750.635",Accepted-AOC,23-Dec-2025,Panchayati Raj Department||Zila Panchayat Amethi
2025_UPIDC_1082929_1,02/EE/2025-26 Lat 2,SILT CLEARANCE OF SONGAR DY FROM KM. 0.000 TO KM. 6.300,SILT CLEARANCE OF SONGAR DY FROM KM. 0.000 TO KM. 6.300,Works,Open Tender,Item Rate,Civil Works,No,No,NA ,18-Oct-2025 11:00 AM,NA ,90.0,No ,No,Online,30-Oct-2025 02:00 PM,"U P Irrigation Department (Civil)||Chief Engineer-Sharda Sahayak, Lucknow||XIV Circle Irrigation Works, Azamgarh||SSD - 36 Jaunpur",EXECUTIVE ENGINEER SSK 36 JAUNPUR,222002.0,2.0,"4,63,000",RAMYASH YADAV,"282,246",Rejected-Finance,02-Dec-2025,"U P Irrigation Department (Civil)||Chief Engineer-Sharda Sahayak, Lucknow||XIV Circle Irrigation Works, Azamgarh||SSD - 36 Jaunpur"
2025_UPPRC_1093598_1,10/PCL/PM-36/Noida/2025-26 DT 24.11.2025,Construction work of Boundary Wall at Govt. High School Salempur Gurjar District Gautambudha Nagar,Construction work of Boundary Wall at Govt. High School Salempur Gurjar District Gautambudha Nagar,Works,Open Tender,Percentage,Civil Works,No,No,NA ,24-Nov-2025 06:55 PM,NA ,90.0,No ,No,Online,04-Dec-2025 03:00 PM,U.P. Projects Corporation Ltd.||U.P. Projects Corp. Ltd.(MD)||Zone-6 Noida||Unit-36 Noida,Govt. High School Salempur Gurjar District Gautamb,203202.0,2.0,"34,74,000",MUNESH DAGAR CONSTRUCTION,"2,911,517.487",Rejected-Technical,22-Dec-2025,U.P. Projects Corporation Ltd.||U.P. Projects Corp. Ltd.(MD)||Zone-6 Noida||Unit-36 Noida
2025_UPIDM_1042724_1,03/LCDJ/EE/2025-26,Repairing of Suction Tank of Badagaon Pump Canal situated at Left Bank of Betwa River at Block Badagaon Chirgaon District Jhansi,Repairing of Suction Tank of Badagaon Pump Canal situated at Left Bank of Betwa River at Block Badagaon Chirgaon District Jhansi,Works,Open Tender,Item Rate,Civil Works,No,No,NA ,26-May-2025 10:00 AM,27-May-2025 01:00 PM ,90.0,No ,No,Online,02-Jun-2025 02:00 PM,U P Irrigation Department (Mechanical)||Chief Engineer (Tubewell Centre)||Superintending Engineer(Tubewell) - Jhansi||Executive Engineer (LCD)-Jhansi,Badagaon Jhansi,284121.0,2.0,"26,28,000",M/S Sushila Enterprises,"2,352,782",Rejected-Technical,15-Dec-2025,U P Irrigation Department (Mechanical)||Chief Engineer (Tubewell Centre)||Superintending Engineer(Tubewell) - Jhansi||Executive Engineer (LCD)-Jhansi
2025_UPIDC_1083624_21,01/EE/2025-2026,SCRAPPING OF NARICHAK DY KM 0.00 TO 17.600,SCRAPPING OF NARICHAK DY KM 0.00 TO 17.600,Works,Open Tender,Item Rate,Civil Works - Canal,No,No,NA ,18-Oct-2025 11:00 AM,NA ,90.0,No ,No,Online,06-Nov-2025 11:00 AM,"U P Irrigation Department (Civil)||Chief Engineer-Sharda, Lucknow||VI Circle Irrigation Works, Lucknow||ID, unnao",UNNAO,209801.0,2.0,"2,98,000",AMAN CONSTRUCTION,"293,735",Accepted-AOC,20-Nov-2025,"U P Irrigation Department (Civil)||Chief Engineer-Sharda, Lucknow||VI Circle Irrigation Works, Lucknow||ID, unnao"
2025_UPIDC_1083624_35,01/EE/2025-2026,SCRAPPING OF HILAULI DY KM 0.00 TO 13.200,SCRAPPING OF HILAULI DY KM 0.00 TO 13.200,Works,Open Tender,Item Rate,Civil Works - Canal,No,No,NA ,18-Nov-2025 04:00 PM,NA ,90.0,No ,No,Online,24-Nov-2025 03:00 PM,"U P Irrigation Department (Civil)||Chief Engineer-Sharda, Lucknow||VI Circle Irrigation Works, Lucknow||ID, unnao",UNNAO,209801.0,2.0,"2,31,000",M/S AMIT KUMAR DIXIT,"230,106.96",Not Admitted-Fee/PreQual/Technical,26-Nov-2025,"U P Irrigation Department (Civil)||Chief Engineer-Sharda, Lucknow||VI Circle Irrigation Works, Lucknow||ID, unnao"
2025_UPIDC_1086698_48,04/AE-IV/2025-26,Earth Work in Silt Clearance/Scraping of Jalalabad Mr. from Km. 0.000 to Km. 3.600,Silt Clearance/Scraping,Works,Open Tender,Item Rate,Civil Works,No,No,NA ,13-Nov-2025 10:00 AM,NA ,90.0,No ,No,Online,19-Nov-2025 10:30 AM,"U P Irrigation Department (Civil)||Chief Engineer-Sharda Sahayak, Lucknow||XIV Circle Irrigation Works, Azamgarh||SSD-32, azamgarh",AZAMGARH,276001.0,2.0,"1,00,000",M/S SHRI RAM SINGH,"64,385.14",Rejected-Finance,23-Dec-2025,"U P Irrigation Department (Civil)||Chief Engineer-Sharda Sahayak, Lucknow||XIV Circle Irrigation Works, Azamgarh||SSD-32, azamgarh"
2025_UPJNM_1083653_1,669/Nivida/66 dated 13-10-2025,"Shifting, Loading, Carting and Unloading Installation, Testing, Commissioning and Dismantling after Mela of the Pumping Plant, Dozer, D.G. set and Stabilizer from Mela Store to different T/Wl site including cutting of the T/W cover in Magh Mela 2026","Shifting, Loading, Carting and Unloading Installation, Testing, Commissioning and Dismantling after Mela of the Pumping Plant, Dozer, D.G. set and Stabilizer from Mela Store to different T/Wl site including cutting of the T/W cover in Magh Mela 2026",Works,Open Tender,Percentage,Electrical Works,No,No,N.A ,17-Oct-2025 04:30 PM,NA ,120.0,No ,No,Offline,01-Nov-2025 02:00 PM,"U P Jal Nigam (HQ), Lucknow||Chief Engineer (Allahabad)||SE, Yantrik Circle, Allahabad||PM, Ganga Pollution Control Unit (II) E-M, Alld",PRAYAGRAJ,211007.0,2.0,,DEEPAK ELECTRICALS,"436,611",Rejected-AOC,24-Dec-2025,"U P Jal Nigam (HQ), Lucknow||Chief Engineer (Allahabad)||SE, Yantrik Circle, Allahabad||PM, Ganga Pollution Control Unit (II) E-M, Alld"
2025_UPIDC_1082741_2,1649/2025-26 Dt. 06-10-2025 T.N.No-02/EE/2025-26,Lot 18 Re-Tender E/W in Silt Clearance and Scrapping in Salempur Minor. From Km.0.000 to km. 5.850,Lot 18 Re-Tender E/W in Silt Clearance and Scrapping in Salempur Minor. From Km.0.000 to km. 5.850,Works,Open Tender,Item Rate,Civil Works - Canal,No,No,NA ,05-Nov-2025 10:00 AM,NA ,90.0,No ,No,Online,10-Nov-2025 01:00 PM,"U P Irrigation Department (Civil)||Chief Engineer-Sharda Sahayak, Lucknow||XI Circle Irrigation Works, Faizabad||IDT, akbarpur",Ambedkarnagar,224122.0,2.0,"1,84,000",M/S SAI CONSTRUCTION,"136,273",Rejected-Finance,15-Nov-2025,"U P Irrigation Department (Civil)||Chief Engineer-Sharda Sahayak, Lucknow||XI Circle Irrigation Works, Faizabad||IDT, akbarpur"
2025_UPIDC_1082164_13,04/EE/2025-26,Silt clearance of Kaimahara Dy. from km 0.000 to km 9.600 (Lot-13),Silt clearance of Kaimahara Dy. from km 0.000 to km 9.600 (Lot-13),Works,Open Tender,Item Rate,Civil Works - Canal,No,No,NA ,14-Oct-2025 09:00 AM,16-Oct-2025 12:00 PM ,90.0,No ,No,Online,27-Oct-2025 12:00 PM,"U P Irrigation Department (Civil)||Chief Engineer-Sharda, Lucknow||Irrigation Works Circle, Sitapur||SDSC, sitapur",Sitapur,261001.0,2.0,"3,62,000",RAM PRATAP DIXIT,"301,927",Rejected-Finance,13-Nov-2025,"U P Irrigation Department (Civil)||Chief Engineer-Sharda, Lucknow||Irrigation Works Circle, Sitapur||SDSC, sitapur"
2025_UPIDC_1083775_44,03/EE/2025-26,"Bed and side scaraping and jungle clearance of Khutraiya mr First from km 0.000 to 3.365 and Rera Mr From km 0.000 to 1.600 and Asarwai Mr from km 0.000 to 1.000 Baijala Mr From km 0.000 to 1.400 Rehi Mr From km 0.000 to 2.412 ,Khutraiya mr Second","Bed and side scaraping and jungle clearance of Khutraiya mr First from km 0.000 to 3.365 and Rera Mr From km 0.000 to 1.600 and Asarwai Mr from km 0.000 to 1.000 Baijala Mr From km 0.000 to 1.400 Rehi Mr From km 0.000 to 2.412 ,Khutraiya mr Second",Works,Open Tender,Item Rate,Civil Works - Canal,No,No,NA ,10-Nov-2025 03:30 PM,NA ,90.0,No ,No,Online,15-Nov-2025 03:30 PM,"U P Irrigation Department (Civil)||Chief Engineer-Sone, Varanasi||Irrigation Works Circle, Allahabad||TPCD, allahabad",PRAYAGRAJ,211001.0,2.0,"3,28,000",REKHA DEVI,"327,149.4",Rejected-Finance,24-Dec-2025,"U P Irrigation Department (Civil)||Chief Engineer-Sone, Varanasi||Irrigation Works Circle, Allahabad||TPCD, allahabad"
2025_UPIDC_1083668_15,01/EE/2025-26,Silt Clearance/Scraping work of Panditpurwa Mr. (km 0.000 to 1.600),Silt Clearance/Scraping work of Panditpurwa Mr. (km 0.000 to 1.600),Works,Open Tender,Item Rate,Civil Works - Canal,No,No,NA ,18-Oct-2025 10:00 AM,NA ,90.0,No ,No,Online,30-Oct-2025 04:00 PM,"U P Irrigation Department (Civil)||Chief Engineer-Saryu Project-2, Gonda||Drainage Cirlce, Gonda||EE Chitaurgarh Dam Construction Division Balrampur",Bhinga Shrawasti,271840.0,2.0,"30,000",M/S RAVI CONSTRUCTION,"29,440",Not Admitted-Fee/PreQual/Technical,05-Dec-2025,"U P Irrigation Department (Civil)||Chief Engineer-Saryu Project-2, Gonda||Drainage Cirlce, Gonda||EE Chitaurgarh Dam Construction Division Balrampur"
2025_UPIDM_1061479_4,12/LCDJ/EE/2025-26,"Construction of Toe Wall, Boulder Pitching on Slope for Protection of Canal Compound including all material, labour and T and P required for proper completion of work at head of New Mahoi Pump Canal Tehsil Madhogarh of District Jalaun LOT-1","Construction of Toe Wall, Boulder Pitching on Slope for Protection of Canal Compound including all material, labour and T and P required for proper completion of work at head of New Mahoi Pump Canal Tehsil Madhogarh of District Jalaun LOT-1",Works,Open Tender,Item Rate,Civil Works,No,No,NA ,20-Aug-2025 10:00 AM,NA ,90.0,No ,No,Online,27-Aug-2025 02:00 PM,U P Irrigation Department (Mechanical)||Chief Engineer (Tubewell Centre)||Superintending Engineer(Tubewell) - Jhansi||Executive Engineer (LCD)-Jhansi,"Mahoi Pump Canal, Jalaun",477441.0,2.0,"33,78,000",M/s SHRI MAHIPAL SINGH,"2,659,706",Rejected-Technical,15-Dec-2025,U P Irrigation Department (Mechanical)||Chief Engineer (Tubewell Centre)||Superintending Engineer(Tubewell) - Jhansi||Executive Engineer (LCD)-Jhansi
2025_YEIDA_1025133_2,YEA/OSD(M)/2025/215 DT-02/04/2025,"S/I/T/C of 33Kv Underground Line from 220Kv Substation, Sector-32 to 33/11Kv, ESS No-03, Sector-32, YEA","S/I/T/C of 33Kv Underground Line from 220Kv Substation, Sector-32 to 33/11Kv, ESS No-03, Sector-32, YEA WC - E M-02",Works,Open Tender,Fixed-rate,Electrical Works,No,No,NA ,04-Apr-2025 06:55 PM,NA ,90.0,No ,No,Online,25-Apr-2025 11:00 AM,Yamuna Expressway Industrial Development Authority,YAMUNA EXPRESSWAY INDUSTRIAL DEVELOPMENT AUTHORITY,201308.0,2.0,"1,47,83,594",Classic Electricals,"13,806,398.4",Rejected-Finance,03-Nov-2025,Yamuna Expressway Industrial Development Authority
2025_UPIDC_1079102_44,01/EE/2025-26,Scrapping from Km. 0.000 to Km. 4.400 of Madraha Minor,Scrapping from Km. 0.000 to Km. 4.400 of Madraha Minor,Works,Open Tender,Item Rate,Civil Works - Canal,No,No,NA ,23-Oct-2025 10:00 AM,NA ,90.0,No ,No,Online,29-Oct-2025 04:00 PM,"U P Irrigation Department (Civil)||Chief Engineer-Saryu Project-2, Gonda||Irrigation Construction Circle, Basti||SCD-I, gorakhpur",Gorakhpur,273001.0,2.0,"69,000",SHRI RADHEY SHYAM CONSTRUCTION COMPANY,"50,008",Rejected-Finance,01-Dec-2025,"U P Irrigation Department (Civil)||Chief Engineer-Saryu Project-2, Gonda||Irrigation Construction Circle, Basti||SCD-I, gorakhpur"
2025_UPIDC_1079237_47,03/EEAID/2025-26,LOT 16 SILT CLEARANCE/SCRAPPING OF SHERGARH MINOR FROM KM. 1.000 TO KM. 9.320 FOR THE YEAR 2025-26,LOT 16 SILT CLEARANCE/SCRAPPING OF SHERGARH MINOR FROM KM. 1.000 TO KM. 9.320 FOR THE YEAR 2025-26,Works,Open Tender,Item Rate,Civil Works,No,No,NA ,16-Oct-2025 01:00 PM,NA ,90.0,No ,No,Online,21-Oct-2025 01:30 PM,"U P Irrigation Department (Civil)||Chief Engineer-Eastern Ganga, Moradabad||Irrigation Works Circle, Moradabad||AID, dhampur",DHAMPUR,246761.0,2.0,"2,50,000",KAUSHIK CONSTRUCTION AND SUPPLIERS,"245,245.7",Accepted-AOC,03-Nov-2025,"U P Irrigation Department (Civil)||Chief Engineer-Eastern Ganga, Moradabad||Irrigation Works Circle, Moradabad||AID, dhampur"
2025_UPIDC_1082164_11,04/EE/2025-26,Silt clearance of Gauria Dy. from km 0.000 to km 8.200 (Lot-11),Silt clearance of Gauria Dy. from km 0.000 to km 8.200 (Lot-11),Works,Open Tender,Item Rate,Civil Works - Canal,No,No,NA ,14-Oct-2025 09:00 AM,16-Oct-2025 12:00 PM ,90.0,No ,No,Online,27-Oct-2025 12:00 PM,"U P Irrigation Department (Civil)||Chief Engineer-Sharda, Lucknow||Irrigation Works Circle, Sitapur||SDSC, sitapur",Sitapur,261001.0,2.0,"3,92,000",M/S SHRI RAM SINGH,"304,083",Rejected-Finance,15-Nov-2025,"U P Irrigation Department (Civil)||Chief Engineer-Sharda, Lucknow||Irrigation Works Circle, Sitapur||SDSC, sitapur"
2025_UPPRC_1074023_2,43/UPPCL/GM-7/E-TENDER/2025-26 Dated-12.09.2025,"Construction of Morden workshop, Training room etc. at Govt. I.T.I. Atrauli District-Hardoi (U.P.)","Construction of Morden workshop, Training room etc. at Govt. I.T.I. Atrauli District-Hardoi (U.P.)",Works,Open Tender,Percentage,Civil Works - Buildings,No,No,NA ,19-Sep-2025 12:00 PM,NA ,90.0,No ,No,Online,26-Sep-2025 04:00 PM,U.P. Projects Corporation Ltd.||U.P. Projects Corp. Ltd.(MD)||Zone-7 Lucknow,Atrauli District-Hardoi (U.P.),241204.0,2.0,"2,91,98,000",M/S KUMUD BUILDERS,"29,000,040.31",Rejected-AOC,13-Nov-2025,U.P. Projects Corporation Ltd.||U.P. Projects Corp. Ltd.(MD)||Zone-7 Lucknow
2025_UPJVN_1084498_1,T-16/EGD/MZN/2024-25,Annual Overhauling of Machine no 05 BPH,"Annual Overhauling and Repair of Machine No. 05 at Bhola Power House. under EGD, Muzaffarnagar.",Works,Open Tender,Item Wise,Miscellaneous Works,No,No,NA ,21-Oct-2025 06:00 PM,NA ,180.0,No ,No,Offline,21-Nov-2025 12:00 PM,Uttar Pradesh Jal Vidyut Nigam Limited||Chief Engineer OM Lucknow||SE (Khara)||EE (EGD) Muzzafarnagar,Muzaffarnagar,251001.0,2.0,,ADS POWER SOLUTIONS,"806,405",Accepted-AOC,20-Dec-2025,Uttar Pradesh Jal Vidyut Nigam Limited||Chief Engineer OM Lucknow||SE (Khara)||EE (EGD) Muzzafarnagar
2025_UPIDC_1079800_1,10/SE-1/2025-26,LOT1,As per the NIT,Works,Open Tender,Piece-work,Civil Works,No,No,NA ,04-Oct-2025 10:00 AM,08-Oct-2025 01:00 PM ,90.0,No ,No,Online,09-Oct-2025 04:30 PM,"U P Irrigation Department (Civil)||Chief Engineer-Ganga, Meerut||I- Circle Irrigation Works, Meerut",Meerut,250001.0,2.0,"82,00,000",Arun Kumar,"5,975,516.6",Rejected-Finance,25-Dec-2025,"U P Irrigation Department (Civil)||Chief Engineer-Ganga, Meerut||I- Circle Irrigation Works, Meerut"
2025_UPIDC_1083624_23,01/EE/2025-2026,SCRAPPING OF MAURAWAN DY KM 0.00 TO 8.00,SCRAPPING OF MAURAWAN DY KM 0.00 TO 8.00,Works,Open Tender,Item Rate,Civil Works - Canal,No,No,NA ,18-Oct-2025 11:00 AM,NA ,90.0,No ,No,Online,30-Oct-2025 11:00 AM,"U P Irrigation Department (Civil)||Chief Engineer-Sharda, Lucknow||VI Circle Irrigation Works, Lucknow||ID, unnao",UNNAO,209801.0,2.0,"4,00,000",M/S R.N.CONSTRUCTION,"398,450",Rejected-AOC,15-Nov-2025,"U P Irrigation Department (Civil)||Chief Engineer-Sharda, Lucknow||VI Circle Irrigation Works, Lucknow||ID, unnao"
2025_UPIDC_1086923_2,03/EE/SSK41/2025-26,SILT CLEARANCE OF SINDURWA DY FROM KM 0.000 TO KM 14.328,SILT CLEARANCE OF SINDURWA DY FROM KM 0.000 TO KM 14.328,Works,Open Tender,Item Rate,Civil Works - Canal,No,No,NA ,12-Nov-2025 10:00 AM,NA ,90.0,No ,No,Online,17-Nov-2025 01:00 PM,"U P Irrigation Department (Civil)||Chief Engineer-Sharda Sahayak, Lucknow||XVI Circle Irrigation Works, Pratapgargh||Sharda Sahayak Division 41 Amethi",Amethi,227817.0,2.0,"4,15,000",ALTRA CONST ASSOCIATES,"282,223.137",Accepted-AOC,26-Nov-2025,"U P Irrigation Department (Civil)||Chief Engineer-Sharda Sahayak, Lucknow||XVI Circle Irrigation Works, Pratapgargh||Sharda Sahayak Division 41 Amethi"
2025_UPIDC_1084580_13,03/AE4/2025-26,Earth work in silt clearance/ Scrapping Work of Vishunpur Mr. from km. 0.000 to km. 4.900,Earth work in silt clearance/ Scrapping Work of Vishunpur Mr. from km. 0.000 to km. 4.900,Works,Open Tender,Item Rate,Civil Works - Canal,No,No,NA ,23-Oct-2025 10:00 AM,NA ,90.0,No ,No,Online,30-Oct-2025 03:00 PM,"U P Irrigation Department (Civil)||Chief Engineer-Saryu Project-2, Gonda||Drainage Cirlce, Gonda||SCD-1 Balrampur",Shrawasti,271805.0,2.0,"1,28,000",RAJESH KUMAR MISHRA,"119,364",Rejected-Finance,27-Dec-2025,"U P Irrigation Department (Civil)||Chief Engineer-Saryu Project-2, Gonda||Drainage Cirlce, Gonda||SCD-1 Balrampur"
2025_UPIDC_1086669_58,04/EEAID/2025-26,LOT12 Janpad Bijnor Mein nabavpur rajwaha ke km. 12.020 par Chhattigrasth V.R.B. ke punarnirmaan ka Karya.,LOT12 Janpad Bijnor Mein nabavpur rajwaha ke km. 12.020 par Chhattigrasth V.R.B. ke punarnirmaan ka Karya.,Works,Open Tender,Item Rate,Civil Works,No,No,NA ,19-Nov-2025 09:00 AM,NA ,90.0,No ,No,Online,24-Nov-2025 10:00 AM,"U P Irrigation Department (Civil)||Chief Engineer-Eastern Ganga, Moradabad||Irrigation Works Circle, Moradabad||AID, dhampur",DHAMPUR,246761.0,2.0,"3,66,000",RAJENDRA SINGH,"295,536.6",Rejected-Technical,26-Dec-2025,"U P Irrigation Department (Civil)||Chief Engineer-Eastern Ganga, Moradabad||Irrigation Works Circle, Moradabad||AID, dhampur"
2025_UPPRC_1084351_1,57/UPPCL/GM-7/E-TENDER/2025-26 Dated-18.10.2025,Balance work Installation of Air Conditioning System (VRV/VRF) in Cultural Museum at Dt. Deen Dayal Upadhyay Irrigation/Cultural Museum at Raibareli Road District-Lucknow (U.P.),Balance work Installation of Air Conditioning System (VRV/VRF) in Cultural Museum at Dt. Deen Dayal Upadhyay Irrigation/Cultural Museum at Raibareli Road District-Lucknow (U.P.),Works,Open Tender,Percentage,Civil Works - Buildings,No,No,NA ,21-Oct-2025 01:30 PM,NA ,90.0,No ,No,Online,04-Nov-2025 04:00 PM,U.P. Projects Corporation Ltd.||U.P. Projects Corp. Ltd.(MD)||Zone-7 Lucknow,Raibareli Road District-Lucknow (U.P.),226014.0,2.0,"1,73,78,000",M/s Singh Traders,"17,334,099.18",Accepted-AOC,13-Dec-2025,U.P. Projects Corporation Ltd.||U.P. Projects Corp. Ltd.(MD)||Zone-7 Lucknow
2025_UPPRC_1081537_1,55/UPPCL/GM-7/E-TENDER/2025-26 Dated-09.10.2025,Renovation Work of Girls Hostel of U.P. Textile Technology Institute at Kanpur (U.P.),Renovation Work of Girls Hostel of U.P. Textile Technology Institute at Kanpur (U.P.),Works,Open Tender,Percentage,Civil Works - Buildings,No,No,NA ,25-May-2026 06:42 PM,NA ,90.0,No ,No,Online,16-Oct-2025 04:00 PM,U.P. Projects Corporation Ltd.||U.P. Projects Corp. Ltd.(MD)||Zone-7 Lucknow,Kanpur (U.P.),208001.0,2.0,"70,90,000",M/s Diksha Construction Works,"6,774,895.91",Rejected-Technical,13-Dec-2025,U.P. Projects Corporation Ltd.||U.P. Projects Corp. Ltd.(MD)||Zone-7 Lucknow
2025_UPPRD_1064082_131,240/Nivida/ZP/2025-26 Date- 22-07-2025,Work No 131 Gram panchayat Rajapur Kauhar me Sthit talab ka jal sanchayan ewam sundarikarn,Work No 131 Gram panchayat Rajapur Kauhar me Sthit talab ka jal sanchayan ewam sundarikarn,Works,Open Tender,Percentage,Civil Works - Others,No,No,NA ,11-Aug-2025 12:00 PM,NA ,90.0,No ,No,Offline,18-Aug-2025 02:30 PM,Panchayati Raj Department||Zila Panchayat Amethi,Amethi,227409.0,2.0,"24,99,888",MS Kamdhenu Construction,"2,497,637.588",Rejected-Finance,23-Dec-2025,Panchayati Raj Department||Zila Panchayat Amethi
2025_UPIDC_1082729_14,01/E.E/2025-26,silt clearence of Ajeetganj Minor from k.m 0.000 to km 8.020,silt clearence of Ajeetganj Minor from k.m 0.000 to km 8.020,Works,Open Tender,Item Rate,Civil Works - Canal,No,No,NA ,25-Oct-2025 10:00 AM,NA ,90.0,No ,No,Online,30-Oct-2025 01:00 PM,"U P Irrigation Department (Civil)||Chief Engineer-Ram Ganga, Kanpur||II Circle Irrigation Works, Kanpur||MDLGC, mainpuri",Mainpuri,205001.0,2.0,"2,35,000",MAHAKAL CONSTRUCTION,"197,560.8",Rejected-Finance,26-Dec-2025,"U P Irrigation Department (Civil)||Chief Engineer-Ram Ganga, Kanpur||II Circle Irrigation Works, Kanpur||MDLGC, mainpuri"
2025_UPIDM_1080040_1,1224 /T.w.d. fo/EE/25-26 date- 18-09-2025,"CONSTRUCTION OF SUB DIVISIONAL OFFICE IN JALAUN, TEHSIL- JALAUN, DIST.- JALAUN","CONSTRUCTION OF SUB DIVISIONAL OFFICE IN JALAUN, TEHSIL- JALAUN, DIST.- JALAUN",Works,Open Tender,Item Rate,Civil Works,No,No,NA ,04-Oct-2025 06:55 PM,NA ,90.0,No ,No,Online,15-Oct-2025 02:00 PM,U P Irrigation Department (Mechanical)||Chief Engineer (Tubewell Centre)||Superintending Engineer(Tubewell) - Jhansi||Executive Engineer (Tubewell)-I Orai,Orai,285001.0,2.0,,HARGOVIND RATHAUR,"1,815,485",Rejected-Finance,04-Dec-2025,U P Irrigation Department (Mechanical)||Chief Engineer (Tubewell Centre)||Superintending Engineer(Tubewell) - Jhansi||Executive Engineer (Tubewell)-I Orai
2025_UPIDC_1086737_5,03/SE-VII/2025-26,AS PER TENDER NOTICE-03 LOT 05,AS PER TENDER NOTICE-03 LOT 05,Works,Open Tender,Item Rate,Civil Works - Buildings,No,No,NA ,30-Oct-2025 10:00 AM,30-Oct-2025 01:00 PM ,90.0,No ,No,Online,04-Nov-2025 03:00 PM,"U P Irrigation Department (Civil)||Chief Engineer-Sharda Sahayak, Lucknow||VII Circle Irrigation Works, Lucknow",Lucknow,226001.0,2.0,,LEELAWATI CONTRACTS PRIVATE LIMITED,"31,298,377.16",Rejected-Technical,02-Dec-2025,"U P Irrigation Department (Civil)||Chief Engineer-Sharda Sahayak, Lucknow||VII Circle Irrigation Works, Lucknow"
2025_UPIDC_1082813_20,03/EE/2025-26,AS PER TENDER NOTICE-03 LOT 01,silt clearence of Daulatpur Dy from Km. 0.000 to Km. 12.600 and scarping from Km. 12.600 to km. 17.590,Works,Open Tender,Item Rate,Civil Works - Canal,No,No,NA ,07-Nov-2025 03:00 PM,NA ,90.0,No ,No,Online,13-Nov-2025 03:00 PM,"U P Irrigation Department (Civil)||Chief Engineer-Sharda Sahayak, Lucknow||VII Circle Irrigation Works, Lucknow||EE SSK Division-28 Haidergarh",Haidergarh,225124.0,2.0,,M/S Kamlesh Kumar Singh,"771,531.34",Rejected-Finance,21-Nov-2025,"U P Irrigation Department (Civil)||Chief Engineer-Sharda Sahayak, Lucknow||VII Circle Irrigation Works, Lucknow||EE SSK Division-28 Haidergarh"
2025_UPIDC_1086955_25,04/E.E./2025-26,Silt Clearance/Scraping of Sikaro Minor From Km. 0.000 to Km. 6.400.,Silt Clearance/Scraping of Sikaro Minor From Km. 0.000 to Km. 6.400.,Services,Open Tender,Item Wise,Miscellaneous Services,No,No,NA ,30-Oct-2025 12:00 PM,NA ,90.0,No ,No,Online,08-Nov-2025 03:30 PM,"U P Irrigation Department (Civil)||Chief Engineer-Sone, Varanasi||Irrigation Works Circle, Allahabad||BCD, allahabad",Prayagraj,211004.0,2.0,"1,76,000",MANOJ KUMAR PAL,"115,937.9",Rejected-Finance,11-Dec-2025,"U P Irrigation Department (Civil)||Chief Engineer-Sone, Varanasi||Irrigation Works Circle, Allahabad||BCD, allahabad"
2025_UPIDC_1081543_8,03/SE-6/2025-26,Janpad Unnao me Rawatpur Scape ke km 0.000 se km 4.200 rak punarsthapana tatha pul-puliyo ke marmmat avam punarnirman ka karya,Janpad Unnao me Rawatpur Scape ke km 0.000 se km 4.200 rak punarsthapana tatha pul-puliyo ke marmmat avam punarnirman ka karya,Works,Open Tender,Item Rate,Civil Works,No,No,NA ,10-Oct-2025 11:00 AM,13-Oct-2025 03:00 PM ,90.0,No ,No,Online,17-Oct-2025 03:00 PM,"U P Irrigation Department (Civil)||Chief Engineer-Sharda, Lucknow||VI Circle Irrigation Works, Lucknow",unnao,229801.0,2.0,"1,03,00,000",ARUN CONSTRUCTION,"8,962,945.681",Rejected-Finance,16-Dec-2025,"U P Irrigation Department (Civil)||Chief Engineer-Sharda, Lucknow||VI Circle Irrigation Works, Lucknow"
2025_UPIDC_1082544_1,01/EE/2025-26,Silt clearance work of Left Dibiyapur Dy. from km. 7.000 to km. 14.175,Silt clearance,Works,Open Tender,Item Rate,Civil Works - Canal,No,No,NA ,14-Oct-2025 12:45 PM,NA ,90.0,No ,No,Online,21-Oct-2025 03:00 PM,"U P Irrigation Department (Civil)||Chief Engineer-Ram Ganga, Kanpur||Irrigation Works Circle, Etawah||ID, auriya",Silt clearance work of Left Dibiyapur Dy. from km.,206244.0,2.0,"3,30,000",ARUN KUMAR,"198,120",Rejected-Finance,14-Dec-2025,"U P Irrigation Department (Civil)||Chief Engineer-Ram Ganga, Kanpur||Irrigation Works Circle, Etawah||ID, auriya"
2025_UPIDC_1082040_10,02/EE/2025-26,Silt Clearence/scraping from km. 0.000 to km. 18.100 of Lakhmidhar dy.(Lot-10),Silt Clearence/scraping from km. 0.000 to km. 18.100 of Lakhmidhar dy.,Works,Open Tender,Item Wise,Civil Works - Canal,No,No,NA ,14-Oct-2025 10:00 AM,NA ,90.0,No ,No,Online,21-Oct-2025 11:00 AM,"U P Irrigation Department (Civil)||Chief Engineer-Eastern Ganga, Moradabad||EGCC Circle, Haridwar||ID, bijnore",Bijnor,246701.0,2.0,"8,84,000",TYAGI JI CONTRACTOR,"641,180.95",Rejected-AOC,06-Nov-2025,"U P Irrigation Department (Civil)||Chief Engineer-Eastern Ganga, Moradabad||EGCC Circle, Haridwar||ID, bijnore"
2025_UPIDC_1082147_18,03/EE/2025-26,SILT AND JUNGLE CLEARANCE FROM INTERNAL SECTION OF UMRY DY. BETWEEN KM. 1.500 TO 19.750,SILT AND JUNGLE CLEARANCE FROM INTERNAL SECTION OF UMRY DY. BETWEEN KM. 1.500 TO 19.750,Works,Open Tender,Item Rate,Civil Works - Canal,No,No,NA ,13-Oct-2025 09:00 AM,NA ,90.0,No ,No,Online,18-Oct-2025 04:30 PM,"U P Irrigation Department (Civil)||Chief Engineer-Saryu Project-1, Faizabad||Irrigation Construction Circle, Bahraich||SCD-1, bahraich",Bahraich,271801.0,2.0,"8,67,000",ANSHI VIDHI CONSTRUCTIONS,"821,197.09",Rejected-Technical,14-Nov-2025,"U P Irrigation Department (Civil)||Chief Engineer-Saryu Project-1, Faizabad||Irrigation Construction Circle, Bahraich||SCD-1, bahraich"
2025_UPIDC_1079102_1,01/EE/2025-26,jungle clearence and Scrapping from Km. 0.000 to Km. 11.190 of Chilwa Minor,jungle clearence and Scrapping from Km. 0.000 to Km. 11.190 of Chilwa Minor,Works,Open Tender,Item Rate,Civil Works - Canal,No,No,NA ,03-Oct-2025 10:00 AM,NA ,90.0,No ,No,Online,11-Oct-2025 11:00 AM,"U P Irrigation Department (Civil)||Chief Engineer-Saryu Project-2, Gonda||Irrigation Construction Circle, Basti||SCD-I, gorakhpur",Gorakhpur,273001.0,2.0,"3,05,000",AWADH CONSTRUCTION AND INTERIERS,"247,163.18",Accepted-AOC,17-Nov-2025,"U P Irrigation Department (Civil)||Chief Engineer-Saryu Project-2, Gonda||Irrigation Construction Circle, Basti||SCD-I, gorakhpur"
2025_UPTCL_1015746_1,67/ETC-II(P)/2024-2025,67/ETC-II(P)/2024-2025,67/ETC-II(P)/2024-2025,Works,Open Tender,Item Rate,Electrical Works,No,No,NA ,11-Mar-2025 12:00 PM,NA ,120.0,No ,No,Offline,18-Mar-2025 01:00 PM,UP Power Transmission Corp.Ltd (Operation)||Chief Engineer (TE) East Allahabad||S.E. ETC-II Allahabad,132 KV S/S MANAURI,212208.0,2.0,"1,44,000",MAA BARAHI CONSTRUCTION,"71,376",Rejected-AOC,24-Dec-2025,UP Power Transmission Corp.Ltd (Operation)||Chief Engineer (TE) East Allahabad||S.E. ETC-II Allahabad
2025_UPIDC_1082040_11,02/EE/2025-26,Silt Clearence/scraping from km. 0.000 to km. 16.000 of Sultanpur dy. (Lot-11),Silt Clearence/scraping from km. 0.000 to km. 16.000 of Sultanpur dy.,Works,Open Tender,Item Wise,Civil Works - Canal,No,No,NA ,14-Oct-2025 10:00 AM,NA ,90.0,No ,No,Online,21-Oct-2025 11:00 AM,"U P Irrigation Department (Civil)||Chief Engineer-Eastern Ganga, Moradabad||EGCC Circle, Haridwar||ID, bijnore",Bijnor,246701.0,2.0,"12,05,000",SATYA VEER SINGH CONTRACTOR,"824,780.03",Rejected-AOC,28-Oct-2025,"U P Irrigation Department (Civil)||Chief Engineer-Eastern Ganga, Moradabad||EGCC Circle, Haridwar||ID, bijnore"
2025_UPIDC_1084346_18,05/EE/2025-26,Silt Clearance of Pachawara Mr. From km. 0.000 to 8.800 for Rabi fasli 1433 year 2025-26 (Lot-17),Silt Clearance of Pachawara Mr. From km. 0.000 to 8.800 for Rabi fasli 1433 year 2025-26 (Lot-17),Works,Open Tender,Item Rate,Civil Works - Canal,No,No,NA ,30-Oct-2025 06:00 PM,NA ,90.0,No ,No,Online,06-Nov-2025 02:10 PM,"U P Irrigation Department (Civil)||Chief Engineer-Sharda, Lucknow||VI Circle Irrigation Works, Lucknow||LD-2SC, lucknow",Unnao,226010.0,2.0,"1,86,000",M/S R.N.CONSTRUCTION,"184,461.38",Rejected-Finance,01-Dec-2025,"U P Irrigation Department (Civil)||Chief Engineer-Sharda, Lucknow||VI Circle Irrigation Works, Lucknow||LD-2SC, lucknow"
2025_UPIDC_1082147_24,03/EE/2025-26,SILT CLEARANCE OF PERSENDY MR. FROM KM 0.000 TO 6.000 AND NARENDRAPUR MR KM 0.000 TO KM 2.450,SILT CLEARANCE OF PERSENDY MR. FROM KM 0.000 TO 6.000 AND NARENDRAPUR MR KM 0.000 TO KM 2.450,Works,Open Tender,Item Rate,Civil Works - Canal,No,No,NA ,13-Oct-2025 09:00 AM,NA ,90.0,No ,No,Online,18-Oct-2025 04:30 PM,"U P Irrigation Department (Civil)||Chief Engineer-Saryu Project-1, Faizabad||Irrigation Construction Circle, Bahraich||SCD-1, bahraich",Bahraich,271801.0,2.0,"3,39,000",YUVRAJ CONSTRUCTION,"274,177.5",Rejected-Finance,14-Nov-2025,"U P Irrigation Department (Civil)||Chief Engineer-Saryu Project-1, Faizabad||Irrigation Construction Circle, Bahraich||SCD-1, bahraich"
2025_UPIDC_1079352_27,10/EE/2025-26,silt clearance of Rampur mr Uncha Mr,LOT27,Works,Open Tender,Piece-work,Civil Works,No,No,NA ,04-Oct-2025 10:00 AM,NA ,90.0,No ,No,Online,09-Oct-2025 04:00 PM,U P Irrigation Department (Civil)||Chief Engineer ( Yamuna) Okhla||S E Irrigation Works Circle III Agra||E E Upper Division Agra Canal Mathura,EE UDAC Mathura,281001.0,2.0,,SHRI RAM CONTRACTOR,"117,947.09",Rejected-AOC,23-Dec-2025,U P Irrigation Department (Civil)||Chief Engineer ( Yamuna) Okhla||S E Irrigation Works Circle III Agra||E E Upper Division Agra Canal Mathura
2025_UPIDC_1083910_6,10/EE/2025-26,Silt Clearance of Gudha Dy. from Km. 0.000 to Km. 20.000. (Lot-2),Silt Clearance of Gudha Dy. from Km. 0.000 to Km. 20.000. (Lot-2),Works,Open Tender,Item Rate,Civil Works - Canal,No,No,NA ,01-Nov-2025 09:00 AM,NA ,90.0,No ,No,Online,06-Nov-2025 10:30 AM,"U P Irrigation Department (Civil)||Chief Engineer-Sharda Sahayak, Lucknow||VII Circle Irrigation Works, Lucknow||Lucknow Division Sharda Canal Lucknow",gudha,226001.0,2.0,"10,54,302",M/S SINGH CONSTRUCTION,"990,597.9",Accepted-AOC,13-Nov-2025,"U P Irrigation Department (Civil)||Chief Engineer-Sharda Sahayak, Lucknow||VII Circle Irrigation Works, Lucknow||Lucknow Division Sharda Canal Lucknow"
2025_UPIDC_1082147_30,03/EE/2025-26,SILT CLEARENCE FROM KM. 0.000 TO 2.800 OF NAROTTAMPUR MR. AND KM. 0.000 TO 7.800 OF MAKRANDPUR MR.,SILT CLEARENCE FROM KM. 0.000 TO 2.800 OF NAROTTAMPUR MR. AND KM. 0.000 TO 7.800 OF MAKRANDPUR MR.,Works,Open Tender,Item Rate,Civil Works - Canal,No,No,NA ,13-Oct-2025 09:00 AM,NA ,90.0,No ,No,Online,18-Oct-2025 04:30 PM,"U P Irrigation Department (Civil)||Chief Engineer-Saryu Project-1, Faizabad||Irrigation Construction Circle, Bahraich||SCD-1, bahraich",Bahraich,271801.0,2.0,"2,72,000",BINNU SINGH CONTRACTOR,"268,935.57",Accepted-AOC,14-Nov-2025,"U P Irrigation Department (Civil)||Chief Engineer-Saryu Project-1, Faizabad||Irrigation Construction Circle, Bahraich||SCD-1, bahraich"
2025_UPIDC_1079352_33,10/EE/2025-26,silt clearance of Dhana Teja MrBhai Mr,LOT33,Works,Open Tender,Piece-work,Civil Works,No,No,NA ,04-Oct-2025 10:00 AM,NA ,90.0,No ,No,Online,09-Oct-2025 04:00 PM,U P Irrigation Department (Civil)||Chief Engineer ( Yamuna) Okhla||S E Irrigation Works Circle III Agra||E E Upper Division Agra Canal Mathura,EE UDAC Mathura,281001.0,2.0,,SHRI RAM CONTRACTOR,"126,056.69",Rejected-AOC,23-Dec-2025,U P Irrigation Department (Civil)||Chief Engineer ( Yamuna) Okhla||S E Irrigation Works Circle III Agra||E E Upper Division Agra Canal Mathura
2025_UPIDC_1083636_22,03/EE/2025-26,03/EE/2025-26 lot No.4,Silt clearance/Scrapping Work of Pandri Minor from km 0.000 to 10.000 (Rabi Fasli 1433 (Year 2025-26) District Gonda),Works,Open Tender,Item Wise,Civil Works - Canal,No,No,NA ,19-Nov-2025 10:00 AM,NA ,90.0,No ,No,Online,24-Nov-2025 04:00 PM,"U P Irrigation Department (Civil)||Chief Engineer-Saryu Project-1, Faizabad||XV Circle Irrigation Work, Gonda||SCD-4, gonda",Gonda,271001.0,2.0,"2,91,194",M/S SHIVAM UPADHYAY CONSTRUCTION AND GENERAL ORDER SUPPLIER,"258,512.5",Rejected-Finance,29-Nov-2025,"U P Irrigation Department (Civil)||Chief Engineer-Saryu Project-1, Faizabad||XV Circle Irrigation Work, Gonda||SCD-4, gonda"
2025_UPIDC_1086955_24,04/E.E./2025-26,Silt Clearance/Scraping of Koraon Minor From Km. 0.000 to Km. 6.600.,Silt Clearance/Scraping of Koraon Minor From Km. 0.000 to Km. 6.600.,Services,Open Tender,Item Wise,Miscellaneous Services,No,No,NA ,30-Oct-2025 12:00 PM,NA ,90.0,No ,No,Online,08-Nov-2025 03:30 PM,"U P Irrigation Department (Civil)||Chief Engineer-Sone, Varanasi||Irrigation Works Circle, Allahabad||BCD, allahabad",Prayagraj,211004.0,2.0,"1,82,000",JAY CONSTRUCTION,"116,964",Accepted-AOC,11-Dec-2025,"U P Irrigation Department (Civil)||Chief Engineer-Sone, Varanasi||Irrigation Works Circle, Allahabad||BCD, allahabad"
2025_UPIDC_1089423_1,04/E.E./2025-26,Earth Work in Silt Clearance/Scraping of Dohrighat Link Canal from Km. 30.000 to Km. 33.100 and Km. 33.500 to Km. 40.000,Silt Clearance/Scraping,Works,Open Tender,Item Rate,Civil Works,No,No,NA ,10-Nov-2025 10:00 AM,NA ,90.0,No ,No,Online,17-Nov-2025 11:00 AM,"U P Irrigation Department (Civil)||Chief Engineer-Sharda Sahayak, Lucknow||XIV Circle Irrigation Works, Azamgarh||SSD-32, azamgarh",AZAMGAHR,276001.0,2.0,"4,50,000",M/S LALCHAND YADAV,"354,823.3",Rejected-AOC,09-Dec-2025,"U P Irrigation Department (Civil)||Chief Engineer-Sharda Sahayak, Lucknow||XIV Circle Irrigation Works, Azamgarh||SSD-32, azamgarh"
2025_UPPAN_1081955_1,"3121/PAN/ET/25-26, DT. 11-10-2025",CONSTRUCTION OF RESIDENTIAL BUILDING AT THANA KOTWALI NAGAR DISTT ETAH U.P.,CONSTRUCTION OF RESIDENTIAL BUILDING AT THANA KOTWALI NAGAR DISTT ETAH U.P.,Works,Open Tender,Percentage,Civil Works,No,No,NA ,11-Oct-2025 02:00 PM,NA ,90.0,No ,No,Online,28-Oct-2025 11:30 AM,UP Police Awas Nigam Limited||UP Police Awas Nigam Ltd HQ Lucknow,THANA KOTWALI NAGAR DISTT ETAH U.P.,207001.0,2.0,"6,54,54,000",A.K BUILDERS AND CONTRACTORS,"63,974,739",Accepted-AOC,17-Dec-2025,UP Police Awas Nigam Limited||UP Police Awas Nigam Ltd HQ Lucknow
2025_UPIDC_1082525_1,01/EE/2025-26,Silt clearance work of Mangalpur Dy. from km.18.092 to km. 33.051,Silt Clearance,Works,Open Tender,Item Rate,Civil Works - Canal,No,No,NA ,14-Oct-2025 12:45 PM,NA ,90.0,No ,No,Online,21-Oct-2025 03:00 PM,"U P Irrigation Department (Civil)||Chief Engineer-Ram Ganga, Kanpur||Irrigation Works Circle, Etawah||ID, auriya",Silt clearance work of Mangalpur Dy. from km.18.09,206244.0,2.0,"6,80,000",HIMNSHU TRADERS,"406,015.8",Accepted-AOC,14-Dec-2025,"U P Irrigation Department (Civil)||Chief Engineer-Ram Ganga, Kanpur||Irrigation Works Circle, Etawah||ID, auriya"
2025_UPIDC_1082813_21,03/EE/2025-26,AS PER TENDER NOTICE-03 LOT 05,SILT CLEARENCE/SCRAPING OF HASANPUR DY. FROM KM. 0.000 TO KM. 7.974 FOR THE YEAR 2025-26,Works,Open Tender,Item Rate,Civil Works - Canal,No,No,NA ,07-Nov-2025 03:00 PM,NA ,90.0,No ,No,Online,13-Nov-2025 03:00 PM,"U P Irrigation Department (Civil)||Chief Engineer-Sharda Sahayak, Lucknow||VII Circle Irrigation Works, Lucknow||EE SSK Division-28 Haidergarh",Haidergarh,225124.0,2.0,,m/s mohd. zamil,"355,118.06",Accepted-AOC,21-Nov-2025,"U P Irrigation Department (Civil)||Chief Engineer-Sharda Sahayak, Lucknow||VII Circle Irrigation Works, Lucknow||EE SSK Division-28 Haidergarh"
2025_UPIDC_1086737_4,03/SE-VII/2025-26,AS PER TENDER NOTICE-03 LOT 04,AS PER TENDER NOTICE-03 LOT 04,Works,Open Tender,Item Rate,Civil Works - Buildings,No,No,NA ,30-Oct-2025 10:00 AM,30-Oct-2025 01:00 PM ,90.0,No ,No,Online,04-Nov-2025 03:00 PM,"U P Irrigation Department (Civil)||Chief Engineer-Sharda Sahayak, Lucknow||VII Circle Irrigation Works, Lucknow",Lucknow,226001.0,2.0,,PRECISE POWER PROJECTS PRIVATE LIMITED,"16,901,663.88",Rejected-Finance,02-Dec-2025,"U P Irrigation Department (Civil)||Chief Engineer-Sharda Sahayak, Lucknow||VII Circle Irrigation Works, Lucknow"
2025_UPIDC_1083208_1,02/EE/2025-26 Lat 11,SCRAPPING WORK IN TARA DY. FROM KM.0.000 TO KM. 4.800,SCRAPPING WORK IN TARA DY. FROM KM.0.000 TO KM. 4.800,Works,Open Tender,Item Rate,Civil Works,No,No,NA ,18-Oct-2025 11:00 AM,NA ,90.0,No ,No,Online,30-Oct-2025 02:00 PM,"U P Irrigation Department (Civil)||Chief Engineer-Sharda Sahayak, Lucknow||XIV Circle Irrigation Works, Azamgarh||SSD - 36 Jaunpur",EXECUTIVE ENGINEER SSK-36 JAUNPUR,222002.0,2.0,"1,67,000",AMIT KUMAR SINGH,"112,702.5",Rejected-Finance,01-Dec-2025,"U P Irrigation Department (Civil)||Chief Engineer-Sharda Sahayak, Lucknow||XIV Circle Irrigation Works, Azamgarh||SSD - 36 Jaunpur"
2025_UPPRD_1064082_38,240/Nivida/ZP/2025-26 Date- 22-07-2025,Work No 38 Gramsabha Eksara shahgarh - Chilbili sampark marg se saraiya Eksara tak C.C.,Work No 38 Gramsabha Eksara shahgarh - Chilbili sampark marg se saraiya Eksara tak C.C.,Works,Open Tender,Percentage,Civil Works - Others,No,No,NA ,11-Aug-2025 12:00 PM,NA ,90.0,No ,No,Offline,18-Aug-2025 02:30 PM,Panchayati Raj Department||Zila Panchayat Amethi,Amethi,227409.0,2.0,"20,55,893",M/S MAA SHARDA ENTERPRSIS,"2,052,603.182",Accepted-AOC,15-Dec-2025,Panchayati Raj Department||Zila Panchayat Amethi
2025_UPPRD_1064082_118,240/Nivida/ZP/2025-26 Date- 22-07-2025,Work No 118 Gram panchayat Umapur gana patti ke hatee me interlocking se Pradeep singh ke ghar ki oor C.C.,Work No 118 Gram panchayat Umapur gana patti ke hatee me interlocking se Pradeep singh ke ghar ki oor C.C.,Works,Open Tender,Percentage,Civil Works - Others,No,No,NA ,11-Aug-2025 12:00 PM,NA ,90.0,No ,No,Offline,18-Aug-2025 02:30 PM,Panchayati Raj Department||Zila Panchayat Amethi,Amethi,227409.0,2.0,"12,40,389",JITENDRA KUMAR TIWARI,"1,238,900.543",Rejected-Finance,22-Dec-2025,Panchayati Raj Department||Zila Panchayat Amethi
2025_UPPRD_1064082_130,240/Nivida/ZP/2025-26 Date- 22-07-2025,Work No 130 Gramsabha medan Mavaee me poore Ram sevak me talab ka jal sanchayan ewam sundarikaran,Work No 130 Gramsabha medan Mavaee me poore Ram sevak me talab ka jal sanchayan ewam sundarikaran,Works,Open Tender,Percentage,Civil Works - Others,No,No,NA ,11-Aug-2025 12:00 PM,NA ,90.0,No ,No,Offline,18-Aug-2025 02:30 PM,Panchayati Raj Department||Zila Panchayat Amethi,Amethi,227409.0,2.0,"21,97,556",Dinesh Shukla Pro-Dinesh Kumar,"2,196,457.819",Accepted-AOC,23-Dec-2025,Panchayati Raj Department||Zila Panchayat Amethi
2025_UPIDC_1088602_1,08/SE/2025-26,Repair and restoration work of old ghats constructed from Bengali Ghat to Rani Ghat situated on the right bank of River Yamuna in Distt. Mathura.,Repair and restoration work of old ghats constructed from Bengali Ghat to Rani Ghat situated on the right bank of River Yamuna in Distt. Mathura.,Works,Open Tender,Item Rate,Civil Works,No,No,NA ,07-Nov-2025 11:00 AM,12-Nov-2025 01:00 PM ,90.0,No ,No,Online,17-Nov-2025 03:00 PM,U P Irrigation Department (Civil)||Chief Engineer ( Yamuna) Okhla||S E Irrigation Works Circle III Agra,Mathura,281001.0,2.0,"4,36,41,000",gopi constech pvt. ltd.,"31,574,327.7",Rejected-Finance,29-Dec-2025,U P Irrigation Department (Civil)||Chief Engineer ( Yamuna) Okhla||S E Irrigation Works Circle III Agra
2025_UPIDC_1086669_59,04/EEAID/2025-26,LOT13 Janpad Bijnor Mein Rasulpur rajwaha ke km.7.450 par Chhattigrasth Drainage syphon ki marammat/punaristhapna ka karya.,LOT13 Janpad Bijnor Mein Rasulpur rajwaha ke km.7.450 par Chhattigrasth Drainage syphon ki marammat/punaristhapna ka karya.,Works,Open Tender,Item Rate,Civil Works,No,No,NA ,19-Nov-2025 09:00 AM,NA ,90.0,No ,No,Online,24-Nov-2025 10:00 AM,"U P Irrigation Department (Civil)||Chief Engineer-Eastern Ganga, Moradabad||Irrigation Works Circle, Moradabad||AID, dhampur",DHAMPUR,246761.0,2.0,"2,70,000",RAJENDRA SINGH,"211,379.8",Rejected-AOC,26-Dec-2025,"U P Irrigation Department (Civil)||Chief Engineer-Eastern Ganga, Moradabad||Irrigation Works Circle, Moradabad||AID, dhampur"
2025_UPJNM_1084179_1,698 / Nivida / 70 dated 16-10-2025,"Arrangement of Computer Operator, store munsi and chaukidar Under Magh Mela 2025-26.","Arrangement of Computer Operator, store munsi and chaukidar Under Magh Mela 2025-26.",Services,Open Tender,Percentage,Manpower Supply,No,No,NA ,18-Oct-2025 06:50 PM,NA ,120.0,No ,No,Offline,04-Nov-2025 03:00 PM,"U P Jal Nigam (HQ), Lucknow||Chief Engineer (Allahabad)||SE, Yantrik Circle, Allahabad||PM, Ganga Pollution Control Unit (II) E-M, Alld",PRAYAGRAJ,211007.0,2.0,,VIKAS ENGINEERING STORES,"727,469",Rejected-AOC,01-Dec-2025,"U P Jal Nigam (HQ), Lucknow||Chief Engineer (Allahabad)||SE, Yantrik Circle, Allahabad||PM, Ganga Pollution Control Unit (II) E-M, Alld"
2025_UPIDM_1042724_2,03/LCDJ/EE/2025-26,Construction of CC Lining in Parichha Minor at Reach 1.30 km to 1.60 km of Badagaon Pump Canal situated in Block Badagaon Chirgaon District Jhansi LOT-2,Construction of CC Lining in Parichha Minor at Reach 1.30 km to 1.60 km of Badagaon Pump Canal situated in Block Badagaon Chirgaon District Jhansi,Works,Open Tender,Item Rate,Civil Works,No,No,NA ,26-May-2026 06:45 PM,27-May-2025 01:00 PM ,90.0,No ,No,Online,02-Jun-2025 02:00 PM,U P Irrigation Department (Mechanical)||Chief Engineer (Tubewell Centre)||Superintending Engineer(Tubewell) - Jhansi||Executive Engineer (LCD)-Jhansi,Badagaon Jhansi,284121.0,2.0,"23,45,000",M/S Sushila Enterprises,"2,232,204",Rejected-Technical,15-Dec-2025,U P Irrigation Department (Mechanical)||Chief Engineer (Tubewell Centre)||Superintending Engineer(Tubewell) - Jhansi||Executive Engineer (LCD)-Jhansi
2025_UPIDC_1083235_1,02/EE/2025-26 Lot 16,SCRAPPING WORK IN PESARA DY FROM KM. 20.000 TO KM. 25.400,SCRAPPING WORK IN PESARA DY FROM KM. 20.000 TO KM. 25.400,Works,Open Tender,Item Rate,Civil Works,No,No,NA ,18-Oct-2025 11:00 AM,NA ,90.0,No ,No,Online,30-Oct-2025 02:00 PM,"U P Irrigation Department (Civil)||Chief Engineer-Sharda Sahayak, Lucknow||XIV Circle Irrigation Works, Azamgarh||SSD - 36 Jaunpur",EXECUTIVE ENGINEER SSK-36 JAUNPUR,222002.0,2.0,"4,08,000",ABHIRAJ CONSTRUCTIONS,"234,235.8",Accepted-AOC,02-Dec-2025,"U P Irrigation Department (Civil)||Chief Engineer-Sharda Sahayak, Lucknow||XIV Circle Irrigation Works, Azamgarh||SSD - 36 Jaunpur"
2025_UPIDC_1080143_1,11/EE/2025-26,Construction of Parapet wall on Left Bank of Jarcha Dy. From Km. 12.980 to Km. 13.580 in Village Bharana.,Construction of Parapet wall on Left Bank of Jarcha Dy. From Km. 12.980 to Km. 13.580 in Village Bharana.,Works,Open Tender,Item Wise,Civil Works,No,No,NA ,06-Oct-2025 10:00 AM,NA ,90.0,No ,No,Online,11-Oct-2025 03:00 PM,"U P Irrigation Department (Civil)||Chief Engineer-Ganga, Meerut||Drainage Circle, Aligarh||BSDGC. Bulandshahar",Ghaziabad,201001.0,2.0,"16,73,000",M/s SHASHAVEER SINGH CONTRACTOR AND SUPPLIERS,"1,338,917.52",Rejected-Finance,18-Dec-2025,"U P Irrigation Department (Civil)||Chief Engineer-Ganga, Meerut||Drainage Circle, Aligarh||BSDGC. Bulandshahar"
2025_UPRNS_1023338_2,53/E-TENDER/MEERUT-ZONE/24-25 DATED 26-03-2025,PROPOSED CONSTRUCTION BALANCE WORK OF GOVT. ITI BUILDING AT KALLUWALA AFZALGARH DISTT. BIJNOR,PROPOSED CONSTRUCTION BALANCE WORK OF GOVT. ITI BUILDING AT KALLUWALA AFZALGARH DISTT. BIJNOR,Works,Open Tender,Percentage,Civil Works - Buildings,No,No,NA ,17-Apr-2025 11:00 AM,NA ,90.0,No ,No,Offline,22-Apr-2025 02:00 PM,Uttar Pradesh Rajya Nirman Sahkari Sangh Limited,KALLUWALA AFZALGARH,246722.0,2.0,"2,99,37,685",MS GUL AHMAD CONTRACTOR,"29,817,934.03",Accepted-AOC,06-May-2025,Uttar Pradesh Rajya Nirman Sahkari Sangh Limited
2025_UPIDC_1082164_10,04/EE/2025-26,Silt clearance of Bihat Dy. from km 0.000 to km 7.340 (Lot-10),Silt clearance of Bihat Dy. from km 0.000 to km 7.340 (Lot-10),Works,Open Tender,Item Rate,Civil Works - Canal,No,No,NA ,14-Oct-2025 09:00 AM,16-Oct-2025 12:00 PM ,90.0,No ,No,Online,27-Oct-2025 12:00 PM,"U P Irrigation Department (Civil)||Chief Engineer-Sharda, Lucknow||Irrigation Works Circle, Sitapur||SDSC, sitapur",Sitapur,261001.0,2.0,"2,42,000",JAI KARAN SINGH,"199,360",Accepted-AOC,12-Nov-2025,"U P Irrigation Department (Civil)||Chief Engineer-Sharda, Lucknow||Irrigation Works Circle, Sitapur||SDSC, sitapur"
2025_UPIDC_1079102_45,01/EE/2025-26,Jungle Clearance from Km. 0.000 to Km. 20.000 of Bansgaon Dy.,Jungle Clearance from Km. 0.000 to Km. 20.000 of Bansgaon Dy.,Works,Open Tender,Item Rate,Civil Works - Canal,No,No,NA ,23-Oct-2025 10:00 AM,NA ,90.0,No ,No,Online,29-Oct-2025 04:00 PM,"U P Irrigation Department (Civil)||Chief Engineer-Saryu Project-2, Gonda||Irrigation Construction Circle, Basti||SCD-I, gorakhpur",Gorakhpur,273001.0,2.0,"3,84,000",SHANTI ENTERPRISES,"361,054",Rejected-Finance,01-Dec-2025,"U P Irrigation Department (Civil)||Chief Engineer-Saryu Project-2, Gonda||Irrigation Construction Circle, Basti||SCD-I, gorakhpur"
2025_UPIDC_1085715_102,02/AE-II/2025-26,Earth Work in Silt Clearance and Scraping of Molnapur Mr. from Km. 0.000 to Km. 2.800 and Pipraula Mr. from Km. 0.000 to Km. 1.500,Silt Clearance and Scraping,Works,Open Tender,Item Rate,Civil Works,No,No,NA ,20-Nov-2025 01:00 PM,NA ,90.0,No ,No,Online,26-Nov-2025 03:00 PM,"U P Irrigation Department (Civil)||Chief Engineer-Sharda Sahayak, Lucknow||XIV Circle Irrigation Works, Azamgarh||SSD-32, azamgarh",AZAMGARH,276001.0,2.0,"90,000",Ravindra Yadav,"85,630.8",Accepted-AOC,26-Dec-2025,"U P Irrigation Department (Civil)||Chief Engineer-Sharda Sahayak, Lucknow||XIV Circle Irrigation Works, Azamgarh||SSD-32, azamgarh"
2025_UPIDC_1082164_38,04/EE/2025-26,Silt Clearence of Mujjafarpur Dy. From km. 0.000 to km 9.700 (Lot-38),Silt Clearence of Mujjafarpur Dy. From km. 0.000 to km 9.700 (Lot-38),Works,Open Tender,Item Rate,Civil Works - Canal,No,No,NA ,14-Oct-2025 09:00 AM,16-Oct-2025 12:00 PM ,90.0,No ,No,Online,27-Oct-2025 12:00 PM,"U P Irrigation Department (Civil)||Chief Engineer-Sharda, Lucknow||Irrigation Works Circle, Sitapur||SDSC, sitapur",Sitapur,261001.0,2.0,"3,01,000",M/S VAIBHAV ENTERPRISES,"234,944",Rejected-Finance,12-Nov-2025,"U P Irrigation Department (Civil)||Chief Engineer-Sharda, Lucknow||Irrigation Works Circle, Sitapur||SDSC, sitapur"
2025_UPJNM_1096129_1,829/NIVIDA / 101 DATED 28-11-2025,"Operation of Electrical and Mechanical equipment including removal and disposal of choking materials garbage etc. at 12 MLD Morigate (New) sewage pumping station, Prayagraj","Operation of Electrical and Mechanical equipment including removal and disposal of choking materials garbage etc. at 12 MLD Morigate (New) sewage pumping station, Prayagraj",Services,Open Tender,Percentage,Miscellaneous Services,No,No,NA ,04-Dec-2025 03:00 PM,NA ,120.0,No ,No,Offline,12-Dec-2025 02:00 PM,"U P Jal Nigam (HQ), Lucknow||Chief Engineer (Allahabad)||SE, Yantrik Circle, Allahabad||PM, Ganga Pollution Control Unit (II) E-M, Alld",office of EE. cont. Divi. (E/M)UPJN (U) Prayagraj,211007.0,2.0,,SHABNAM ENTERPRISES,"540,977",Rejected-AOC,01-Jan-2026,"U P Jal Nigam (HQ), Lucknow||Chief Engineer (Allahabad)||SE, Yantrik Circle, Allahabad||PM, Ganga Pollution Control Unit (II) E-M, Alld"
2025_UPIDC_1079760_2,06/SE-XII/2025-26,Patch repair of service road from km. 119.680 to km. 125.258 and renewal of service road from km. 125.300 to km. 140.936 left bank of S.S.F.C,Patch repair of service road from km. 119.680 to km. 125.258 and renewal of service road from km. 125.300 to km. 140.936 left bank of S.S.F.C,Works,Open Tender,Fixed-rate,Civil Works,No,No,NA ,04-Oct-2025 09:00 AM,06-Oct-2025 02:00 PM ,90.0,No ,No,Online,09-Oct-2025 03:30 PM,"U P Irrigation Department (Civil)||Chief Engineer-Sharda Sahayak, Lucknow||XII Circle Irrigation Works, Lucknow",LUCKNOW,226025.0,2.0,"2,52,92,000",ARUN CONSTRUCTION,"23,975,531.75",Rejected-Finance,24-Oct-2025,"U P Irrigation Department (Civil)||Chief Engineer-Sharda Sahayak, Lucknow||XII Circle Irrigation Works, Lucknow"
2025_UPPRC_1073989_2,40/UPPCL/GM-7/E-TENDER/2025-26 Dated-23.08.2025,Fire Fighting Works (Phase-2) at Various Building at C.S.J.M. University Kanpur (U.P.),Fire Fighting Works (Phase-2) at Various Building at C.S.J.M. University Kanpur (U.P.),Works,Open Tender,Percentage,Miscellaneous Works,No,No,NA ,19-Sep-2025 12:00 PM,NA ,90.0,No ,No,Online,03-Oct-2025 04:00 PM,U.P. Projects Corporation Ltd.||U.P. Projects Corp. Ltd.(MD)||Zone-7 Lucknow,District-Kanpur (U.P.),209801.0,2.0,"1,43,26,000",M/S ADD ENTERPRISES,"14,152,411.05",Rejected-AOC,13-Dec-2025,U.P. Projects Corporation Ltd.||U.P. Projects Corp. Ltd.(MD)||Zone-7 Lucknow
2025_UPIDM_1089609_1,1534/T.W.D.F.O./EE/25-26 date 01-11-2025,CONSTRUCTION OF ASSISTANT ENGINEER RESIDENCE (TYPE IV) OF 2nd SUB DIVISION AT JALAUN CAMPUS,CONSTRUCTION OF ASSISTANT ENGINEER RESIDENCE (TYPE IV) OF 2nd SUB DIVISION AT JALAUN CAMPUS,Works,Open Tender,Item Wise,Civil Works,No,No,NA ,11-Nov-2025 10:00 AM,NA ,90.0,No ,No,Online,17-Nov-2025 02:00 PM,U P Irrigation Department (Mechanical)||Chief Engineer (Tubewell Centre)||Superintending Engineer(Tubewell) - Jhansi||Executive Engineer (Tubewell)-I Orai,ORAI,285001.0,2.0,"32,98,000",M/S AWADH CONSTRUCTION,"2,511,734",Rejected-Finance,29-Nov-2025,U P Irrigation Department (Mechanical)||Chief Engineer (Tubewell Centre)||Superintending Engineer(Tubewell) - Jhansi||Executive Engineer (Tubewell)-I Orai
2025_UPIDC_1082163_14,01/EE/2025-26,Patch repairing of KPC from Km. 37.520 to 44.400,Patch repairing of KPC from Km. 37.520 to 44.400,Works,Open Tender,Item Rate,Civil Works - Roads,No,No,NA ,13-Oct-2025 01:00 PM,16-Oct-2025 11:00 AM ,90.0,No ,No,Online,21-Oct-2025 02:00 PM,"U P Irrigation Department (Civil)||Chief Engineer-Ram Ganga, Kanpur||Irrigation Works Circle, Kanpur||ID, kaushambhi",Kaushambi,212207.0,2.0,"16,95,000",M/s Narendra and Co.,"1,016,176",Rejected-Finance,19-Nov-2025,"U P Irrigation Department (Civil)||Chief Engineer-Ram Ganga, Kanpur||Irrigation Works Circle, Kanpur||ID, kaushambhi"
2025_UPIDC_1083668_27,01/EE/2025-26,Silt Clearance/Scraping work of Mahadev Mr. (km 0.00 to 3.500),Silt Clearance/Scraping work of Mahadev Mr. (km 0.00 to 3.500),Works,Open Tender,Item Rate,Civil Works - Canal,No,No,NA ,18-Oct-2025 10:00 AM,NA ,90.0,No ,No,Online,30-Oct-2025 04:00 PM,"U P Irrigation Department (Civil)||Chief Engineer-Saryu Project-2, Gonda||Drainage Cirlce, Gonda||EE Chitaurgarh Dam Construction Division Balrampur",Tulsipur Balrampur,271210.0,2.0,"76,000",M/S ANAND KUMAR,"74,963.7",Rejected-Finance,06-Dec-2025,"U P Irrigation Department (Civil)||Chief Engineer-Saryu Project-2, Gonda||Drainage Cirlce, Gonda||EE Chitaurgarh Dam Construction Division Balrampur"
2025_UPIDC_1083239_1,02/EE/2025-26 Lot 17,SCRAPING WORK IN AMUARA DY. FROM KM. 00.000 TO KM. 6.000,SCRAPING WORK IN AMUARA DY. FROM KM. 00.000 TO KM. 6.000,Works,Open Tender,Item Rate,Civil Works,No,No,NA ,18-Oct-2025 11:00 AM,NA ,90.0,No ,No,Online,30-Oct-2025 02:00 PM,"U P Irrigation Department (Civil)||Chief Engineer-Sharda Sahayak, Lucknow||XIV Circle Irrigation Works, Azamgarh||SSD - 36 Jaunpur",EXECUTIVE ENGINEER SSK-36 JAUNPUR,222002.0,2.0,"3,18,000",KAMAL NARAYAN SINGH,"214,635.3",Rejected-Finance,01-Dec-2025,"U P Irrigation Department (Civil)||Chief Engineer-Sharda Sahayak, Lucknow||XIV Circle Irrigation Works, Azamgarh||SSD - 36 Jaunpur"
2025_UPPAN_1090244_1,"3469/PAN/ET/25-26, DT. 12-11-2025",CONSTRUCTION OF 12 PERSON TRANSIT HOSTEL FOR NON GAZETTED OFFICER AT POLICE LINE HATHRAS U.P.,CONSTRUCTION OF 12 PERSON TRANSIT HOSTEL FOR NON GAZETTED OFFICER AT POLICE LINE HATHRAS U.P.,Works,Open Tender,Percentage,Civil Works,No,No,NA ,13-Nov-2025 01:00 PM,NA ,90.0,No ,No,Online,25-Nov-2025 11:30 AM,UP Police Awas Nigam Limited||UP Police Awas Nigam Ltd HQ Lucknow,POLICE LINE HATHRAS U.P.,204101.0,2.0,"2,32,77,000",A.K BUILDERS AND CONTRACTORS,"22,227,207",Rejected-Finance,30-Dec-2025,UP Police Awas Nigam Limited||UP Police Awas Nigam Ltd HQ Lucknow
2025_UPJVN_1084360_1,T-13/EGD/MZN/2025-26,Servicing of 66 KV OCB NPH CPH SPH BPH,"Servicing, repairing of various OCBs and Centrifuging Of Oil of Main Transformers, Station Transformer, OCBs, CTs and PTs at Nirgajini , Chitaura , Salawa and Bhola Power Houses under EGD , Muzaffarnagar.",Works,Open Tender,Item Wise,Miscellaneous Works,No,No,NA ,21-Oct-2025 05:00 PM,NA ,180.0,No ,No,Offline,21-Nov-2025 12:00 PM,Uttar Pradesh Jal Vidyut Nigam Limited||Chief Engineer OM Lucknow||SE (Khara)||EE (EGD) Muzzafarnagar,Muzaffarnagar,251001.0,2.0,,ADS POWER SOLUTIONS,"602,070",Rejected-Finance,19-Dec-2025,Uttar Pradesh Jal Vidyut Nigam Limited||Chief Engineer OM Lucknow||SE (Khara)||EE (EGD) Muzzafarnagar
2025_UPIDC_1086698_46,04/AE-IV/2025-26,"Earth Work in Silt Clearance/Scraping of Chaklohasi Mr. from Km. 0.000 to Km. 3.000, Daulatabad Mr. from Km. 0.000 to Km. 3.250, and Anei Mr. from Km. 0.000 to Km. 1.400",Silt Clearance/Scraping,Works,Open Tender,Item Rate,Civil Works,No,No,NA ,13-Nov-2025 10:00 AM,NA ,90.0,No ,No,Online,19-Nov-2025 10:30 AM,"U P Irrigation Department (Civil)||Chief Engineer-Sharda Sahayak, Lucknow||XIV Circle Irrigation Works, Azamgarh||SSD-32, azamgarh",AZAMGARH,276001.0,2.0,"1,20,000",ANIL KUMAR YADAV,"77,657.8",Not Admitted-Fee/PreQual/Technical,20-Dec-2025,"U P Irrigation Department (Civil)||Chief Engineer-Sharda Sahayak, Lucknow||XIV Circle Irrigation Works, Azamgarh||SSD-32, azamgarh"
2025_UPIDC_1083624_13,01/EE/2025-2026,SILT CLEARANCE/SCRAPPING OF SONHAR DY KM 0.00 TO 24.00,SILT CLEARANCE/SCRAPPING OF SONHAR DY KM 0.00 TO 24.00,Works,Open Tender,Item Rate,Civil Works - Canal,No,No,NA ,18-Oct-2025 10:00 AM,NA ,90.0,No ,No,Online,06-Nov-2025 11:00 AM,"U P Irrigation Department (Civil)||Chief Engineer-Sharda, Lucknow||VI Circle Irrigation Works, Lucknow||ID, unnao",UNNAO,209801.0,2.0,"8,40,000",M/S LAL BAHAUDAR SINGH,"791,756",Accepted-AOC,24-Nov-2025,"U P Irrigation Department (Civil)||Chief Engineer-Sharda, Lucknow||VI Circle Irrigation Works, Lucknow||ID, unnao"
2025_UPIDC_1086698_52,04/AE-IV/2025-26,"Earth Work in Silt Clearance/Scraping of Dostpur Mr. from Km. 0.000 to Km. 1.800, and Bhikhampur Mr. from Km. 0.000 to Km. 1.900",Silt Clearance/Scraping,Works,Open Tender,Item Rate,Civil Works,No,No,NA ,13-Nov-2025 10:00 AM,NA ,90.0,No ,No,Online,19-Nov-2025 10:30 AM,"U P Irrigation Department (Civil)||Chief Engineer-Sharda Sahayak, Lucknow||XIV Circle Irrigation Works, Azamgarh||SSD-32, azamgarh",AZAMGARH,276001.0,2.0,"70,000",ANIL KUMAR YADAV,"65,151",Not Admitted-Fee/PreQual/Technical,20-Dec-2025,"U P Irrigation Department (Civil)||Chief Engineer-Sharda Sahayak, Lucknow||XIV Circle Irrigation Works, Azamgarh||SSD-32, azamgarh"
2025_UPIDC_1088427_8,01/AE/2025-26,Lot-8,Silt clearance and Scraping,Works,Open Tender,Item Rate,Civil Works,No,No,NA ,05-Nov-2025 09:00 AM,NA ,90.0,No ,No,Online,11-Nov-2025 12:00 PM,"U P Irrigation Department (Civil)||Chief Engineer-Sharda Sahayak, Lucknow||XIV Circle Irrigation Works, Azamgarh||SSD-23, azamgarh",Azamgarh,276001.0,2.0,,ANAND CONSTRUCTION,"105,646.92",Not Admitted-Fee/PreQual/Technical,29-Dec-2025,"U P Irrigation Department (Civil)||Chief Engineer-Sharda Sahayak, Lucknow||XIV Circle Irrigation Works, Azamgarh||SSD-23, azamgarh"
2025_UPIDC_1080412_61,02/EE/2025-26,Silt Clearance from Km 0.000 to 12.850 of Saibsu Dy.,Silt Clearance,Works,Open Tender,Item Wise,Civil Works - Canal,No,No,NA ,20-Nov-2025 12:00 PM,NA ,90.0,No ,No,Online,26-Nov-2025 12:00 PM,"U P Irrigation Department (Civil)||Chief Engineer-Ram Ganga, Kanpur||II Circle Irrigation Works, Kanpur||KDLGC, kanpur",Kanpur,208004.0,2.0,"6,54,000",Krishna Kumar Singh,"359,920.24",Rejected-Finance,03-Dec-2025,"U P Irrigation Department (Civil)||Chief Engineer-Ram Ganga, Kanpur||II Circle Irrigation Works, Kanpur||KDLGC, kanpur"
2025_UPPRC_1083694_1,08/PCL/PM/UNIT-8/2025-26/Dated 17.10.2025,"BALANCE WORK FOR CONSTRUCTION OF BAL VIKAS PARIYOJNA OFFICE / GODOWN AT KAKORI, DISTRICT - LUCKNOW (U.P.)","BALANCE WORK FOR CONSTRUCTION OF BAL VIKAS PARIYOJNA OFFICE / GODOWN AT KAKORI, DISTRICT - LUCKNOW (U.P.)",Works,Open Tender,Percentage,Civil Works,No,No,NA ,18-Oct-2025 11:00 AM,NA ,30.0,No ,No,Online,28-Oct-2025 04:00 PM,U.P. Projects Corporation Ltd.||U.P. Projects Corp. Ltd.(MD)||Zone-7 Lucknow||Unit-08 Lucknow,LUCKNOW,226101.0,2.0,"10,79,000",B K TRADERS,"1,073,794",Rejected-AOC,12-Dec-2025,U.P. Projects Corporation Ltd.||U.P. Projects Corp. Ltd.(MD)||Zone-7 Lucknow||Unit-08 Lucknow
2025_UPIDC_1086669_40,04/EEAID/2025-26,LOT 11 Janpad Bijnor Mein kadrabad rajwaha ke km. 0.900 par Chhattigrasth V.R.B. ke punarnirmaan ka Karya.,LOT 11 Janpad Bijnor Mein kadrabad rajwaha ke km. 0.900 par Chhattigrasth V.R.B. ke punarnirmaan ka Karya.,Works,Open Tender,Item Rate,Civil Works,No,No,NA ,08-Nov-2025 04:00 PM,NA ,90.0,No ,No,Online,13-Nov-2025 04:30 PM,"U P Irrigation Department (Civil)||Chief Engineer-Eastern Ganga, Moradabad||Irrigation Works Circle, Moradabad||AID, dhampur",DHAMPUR,246761.0,2.0,"7,96,000",dinesh kumar contractor,"676,783.35",Rejected-Technical,26-Dec-2025,"U P Irrigation Department (Civil)||Chief Engineer-Eastern Ganga, Moradabad||Irrigation Works Circle, Moradabad||AID, dhampur"
2025_UPIDC_1084580_23,03/AE4/2025-26,Earth work in silt clearance/Scraping of Samda Mr. from km. 0.000 to km. 5.800,Earth work in silt clearance/Scraping of Samda Mr. from km. 0.000 to km. 5.800,Works,Open Tender,Item Rate,Civil Works - Canal,No,No,NA ,08-Nov-2025 10:00 AM,NA ,90.0,No ,No,Online,14-Nov-2025 03:00 PM,"U P Irrigation Department (Civil)||Chief Engineer-Saryu Project-2, Gonda||Drainage Cirlce, Gonda||SCD-1 Balrampur",Balrampur,271201.0,2.0,"1,49,000",MANJESH KUMAR SINGH,"146,439.75",Rejected-Finance,27-Dec-2025,"U P Irrigation Department (Civil)||Chief Engineer-Saryu Project-2, Gonda||Drainage Cirlce, Gonda||SCD-1 Balrampur"
2025_UPIDC_1086669_54,04/EEAID/2025-26,LOT 25 Repair of VRB at Km 18.500 of Gakkharpur Dy. In distt. Moradabad for the Year 2025-26,LOT 25 Repair of VRB at Km 18.500 of Gakkharpur Dy. In distt. Moradabad for the Year 2025-26,Works,Open Tender,Item Rate,Civil Works,No,No,NA ,08-Nov-2025 04:00 PM,NA ,90.0,No ,No,Online,13-Nov-2025 04:30 PM,"U P Irrigation Department (Civil)||Chief Engineer-Eastern Ganga, Moradabad||Irrigation Works Circle, Moradabad||AID, dhampur",MORADABAD,244001.0,2.0,"4,01,000",chahaldevelopers,"328,528.58",Accepted-AOC,26-Dec-2025,"U P Irrigation Department (Civil)||Chief Engineer-Eastern Ganga, Moradabad||Irrigation Works Circle, Moradabad||AID, dhampur"
2025_UPPRD_1064082_129,240/Nivida/ZP/2025-26 Date- 22-07-2025,Work No 129 Gram sabha Rebha me Khata sankhya 230 Gata sankhya 301 ka /0.3700 hectare sthit talab par jal sanchayan ewam sundarikaran,Work No 129 Gram sabha Rebha me Khata sankhya 230 Gata sankhya 301 ka /0.3700 hectare sthit talab par jal sanchayan ewam sundarikaran,Works,Open Tender,Percentage,Civil Works - Others,No,No,NA ,11-Aug-2025 12:00 PM,NA ,90.0,No ,No,Offline,18-Aug-2025 02:30 PM,Panchayati Raj Department||Zila Panchayat Amethi,Amethi,227409.0,2.0,"22,70,716",JITENDRA BAHADUR SINGH,"2,266,175.164",Rejected-Finance,23-Dec-2025,Panchayati Raj Department||Zila Panchayat Amethi
2025_UPIDC_1086936_2,03/EE/SSK41/2025-26,SILT CLEARANCE OF INHUANA DY FROM KM 1.890 TO KM 10.781,SILT CLEARANCE OF INHUANA DY FROM KM 1.890 TO KM 10.781,Works,Open Tender,Item Rate,Civil Works - Canal,No,No,NA ,12-Nov-2025 10:00 AM,NA ,90.0,No ,No,Online,17-Nov-2025 01:00 PM,"U P Irrigation Department (Civil)||Chief Engineer-Sharda Sahayak, Lucknow||XVI Circle Irrigation Works, Pratapgargh||Sharda Sahayak Division 41 Amethi",Barabanki,225001.0,2.0,"15,01,000",ALTRA CONST ASSOCIATES,"1,020,639.2",Accepted-AOC,26-Nov-2025,"U P Irrigation Department (Civil)||Chief Engineer-Sharda Sahayak, Lucknow||XVI Circle Irrigation Works, Pratapgargh||Sharda Sahayak Division 41 Amethi"
2025_UPPRD_1064082_115,240/Nivida/ZP/2025-26 Date- 22-07-2025,Work No 115 Gramsabha Raipur Phoolvari me kakwa raod par shiv shaye kaushal ke ghar se jitendra saroj ke ghar tak C.C. ewam nali,Work No 115 Gramsabha Raipur Phoolvari me kakwa raod par shiv shaye kaushal ke ghar se jitendra saroj ke ghar tak C.C. ewam nali,Works,Open Tender,Percentage,Civil Works - Others,No,No,NA ,11-Aug-2025 12:00 PM,NA ,90.0,No ,No,Offline,18-Aug-2025 02:30 PM,Panchayati Raj Department||Zila Panchayat Amethi,Amethi,227409.0,2.0,"14,85,921",JITENDRA BAHADUR SINGH,"1,484,435.199",Rejected-Finance,22-Dec-2025,Panchayati Raj Department||Zila Panchayat Amethi
2025_UPPRD_1064082_35,240/Nivida/ZP/2025-26 Date- 22-07-2025,Work No 35 Gramsabha Sangapur me Agresar pitch road par tower ke bagal se Ramchandrapur me eet- soling tak eet- soling,Work No 35 Gramsabha Sangapur me Agresar pitch road par tower ke bagal se Ramchandrapur me eet- soling tak eet- soling,Works,Open Tender,Percentage,Civil Works - Others,No,No,NA ,11-Aug-2025 12:00 PM,NA ,90.0,No ,No,Offline,18-Aug-2025 02:30 PM,Panchayati Raj Department||Zila Panchayat Amethi,Amethi,227409.0,2.0,"24,93,358",KARTIK CONSTRUCTION,"2,490,116.335",Accepted-AOC,15-Dec-2025,Panchayati Raj Department||Zila Panchayat Amethi
2025_UPPRD_1064082_101,240/Nivida/ZP/2025-26 Date- 22-07-2025,Work No 101 Gram sabha medhauna me Bahadurganj ( medhauna) road se Adilpur tak eet- soling,Work No 101 Gram sabha medhauna me Bahadurganj ( medhauna) road se Adilpur tak eet- soling,Works,Open Tender,Percentage,Civil Works - Others,No,No,NA ,11-Aug-2025 12:00 PM,NA ,90.0,No ,No,Offline,18-Aug-2025 02:30 PM,Panchayati Raj Department||Zila Panchayat Amethi,Amethi,227409.0,2.0,"11,70,903",KUSHAGRA ENTERPRISES,"1,169,731.977",Rejected-Finance,17-Dec-2025,Panchayati Raj Department||Zila Panchayat Amethi
2025_UPPRD_1064082_21,240/Nivida/ZP/2025-26 Date- 22-07-2025,Work No 21 Gram sabha poore sital kotwar mau sampark marg se poore medhaee singh tak lepan kary,Work No 21 Gram sabha poore sital kotwar mau sampark marg se poore medhaee singh tak lepan kary,Works,Open Tender,Percentage,Civil Works - Others,No,No,NA ,11-Aug-2025 12:00 PM,NA ,90.0,No ,No,Offline,18-Aug-2025 02:30 PM,Panchayati Raj Department||Zila Panchayat Amethi,Amethi,227409.0,2.0,"14,70,797",Alok Groups and Construction,"1,469,179.015",Accepted-AOC,15-Dec-2025,Panchayati Raj Department||Zila Panchayat Amethi
2025_UPIDC_1086955_1,04/E.E./2025-26,Silt Clearance/Scraping of Manda Dy From Km. 0.000 to Km. 29.900.,Silt Clearance/Scraping of Manda Dy From Km. 0.000 to Km. 29.900.,Services,Open Tender,Item Wise,Miscellaneous Services,No,No,NA ,30-Oct-2025 12:00 PM,NA ,90.0,No ,No,Online,08-Nov-2025 03:30 PM,"U P Irrigation Department (Civil)||Chief Engineer-Sone, Varanasi||Irrigation Works Circle, Allahabad||BCD, allahabad",Prayagraj,211004.0,2.0,"14,46,000",M/S GUFRAN CONSTRUCTION,"866,039",Rejected-Finance,20-Dec-2025,"U P Irrigation Department (Civil)||Chief Engineer-Sone, Varanasi||Irrigation Works Circle, Allahabad||BCD, allahabad"
2025_UPIDC_1083770_1,09/EE/2025-26,"Repairing and making of Road Gate No. 05 to Sinchai vikas bhawan, Gate No. 1 to 4 at canal colony cantt. Road Lucknow. (Lot-1)","Repairing and making of Road Gate No. 05 to Sinchai vikas bhawan, Gate No. 1 to 4 at canal colony cantt. Road Lucknow. (Lot-1)",Works,Open Tender,Item Rate,Civil Works - Roads,No,No,NA ,18-Oct-2025 02:00 PM,NA ,90.0,No ,No,Online,25-Oct-2025 02:30 PM,"U P Irrigation Department (Civil)||Chief Engineer-Sharda Sahayak, Lucknow||VII Circle Irrigation Works, Lucknow||Lucknow Division Sharda Canal Lucknow",Canal colony Cant road Lucknow,226001.0,2.0,"30,54,561",LINE COMMUNICATION,"2,927,662.3",Accepted-AOC,17-Dec-2025,"U P Irrigation Department (Civil)||Chief Engineer-Sharda Sahayak, Lucknow||VII Circle Irrigation Works, Lucknow||Lucknow Division Sharda Canal Lucknow"
2025_UPIDM_1078912_4,16/LCDJ/EE/2025-26,"Restoration of canal section of Parichha Minor of Badagaon Pump Canal, Jhansi (Reach 2.80 km to 3.40 km)","Restoration of canal section of Parichha Minor of Badagaon Pump Canal, Jhansi (Reach 2.80 km to 3.40 km)",Works,Open Tender,Item Rate,Civil Works,No,No,NA ,31-Oct-2025 10:00 AM,NA ,90.0,No ,No,Online,06-Nov-2025 02:00 PM,U P Irrigation Department (Mechanical)||Chief Engineer (Tubewell Centre)||Superintending Engineer(Tubewell) - Jhansi||Executive Engineer (LCD)-Jhansi,Badagaon Pump Canal District Jhansi,284121.0,2.0,"13,52,000",M/S RAJARAM,"944,045",Rejected-Finance,15-Dec-2025,U P Irrigation Department (Mechanical)||Chief Engineer (Tubewell Centre)||Superintending Engineer(Tubewell) - Jhansi||Executive Engineer (LCD)-Jhansi
2025_UPIDC_1086963_14,3646/IDMBD/Etender/2025 Dt 16.10.2025,Repair of Dhanaura tehsil compound,Repair of Dhanaura tehsil compound,Works,Open Tender,Item Rate,Civil Works,No,No,NA ,30-Oct-2025 06:00 PM,NA ,90.0,No ,No,Online,06-Nov-2025 02:00 PM,"U P Irrigation Department (Civil)||Chief Engineer-Eastern Ganga, Moradabad||Irrigation Works Circle, Moradabad||ID, moradabad",Moradabad,244001.0,2.0,"4,11,000",AK CONTRACTOR,"296,269.7",Rejected-Finance,01-Dec-2025,"U P Irrigation Department (Civil)||Chief Engineer-Eastern Ganga, Moradabad||Irrigation Works Circle, Moradabad||ID, moradabad"
2025_UPIDC_1088776_4,04/EE/2025-26,Silt clearance of Manikpur Dy. From Chainage Km. 12.400 to 33.000 and Scrapping from Chainage Km 33.00 to 35.300,Silt clearance of Manikpur Dy. From Chainage Km. 12.400 to 33.000 and Scrapping from Chainage Km 33.00 to 35.300,Works,Open Tender,Item Rate,Civil Works - Canal,No,No,NA ,07-Nov-2025 09:00 AM,NA ,15.0,No ,No,Online,13-Nov-2025 04:00 PM,"U P Irrigation Department (Civil)||Chief Engineer-Sharda Sahayak, Lucknow||XVI Circle Irrigation Works, Pratapgargh||ID, pratapgarh",pratapgarh,230001.0,2.0,"7,86,000",ARJUN SINGH CONTRATOR,"781,471",Rejected-Finance,21-Nov-2025,"U P Irrigation Department (Civil)||Chief Engineer-Sharda Sahayak, Lucknow||XVI Circle Irrigation Works, Pratapgargh||ID, pratapgarh"
2025_UPIDC_1084346_7,05/EE/2025-26,Silt Clearance in Raebareli Dy. from 0.000 to 19.800 for Rabi fasli 1433 year 2025-26 (Lot-7),Silt Clearance in Raebareli Dy. from 0.000 to 19.800 for Rabi fasli 1433 year 2025-26 (Lot-7),Works,Open Tender,Item Rate,Civil Works - Canal,No,No,NA ,24-Oct-2025 10:00 AM,NA ,90.0,No ,No,Online,30-Oct-2025 02:05 PM,"U P Irrigation Department (Civil)||Chief Engineer-Sharda, Lucknow||VI Circle Irrigation Works, Lucknow||LD-2SC, lucknow",Lucknow,226010.0,2.0,"10,14,000",Indal Enterprises,"756,240.17",Accepted-AOC,02-Dec-2025,"U P Irrigation Department (Civil)||Chief Engineer-Sharda, Lucknow||VI Circle Irrigation Works, Lucknow||LD-2SC, lucknow"
2025_UPIDC_1079274_12,01/EE/2025-26 DT. 26-09-2025,Silt clearance and Bed scrapping,Silt Clearance Between Km 0.000 To Km 43.500 and Scrapping work between Km 43.500 to Km 48.000 Of Kaptanganj Dy .,Works,Open Tender,Item Rate,Civil Works - Canal,No,No,NA ,06-Oct-2025 10:00 PM,NA ,90.0,No ,No,Online,14-Oct-2025 02:00 PM,"U P Irrigation Department (Civil)||Chief Engineer-Gandak, Gorakhpur||Gandak IWC-1, Gorakhpur||ID-2, deoria",Kaptanganj Dy,274001.0,2.0,"29,31,095",M/S Anil Kumar Rai,"2,562,323",Rejected-Finance,02-Dec-2025,"U P Irrigation Department (Civil)||Chief Engineer-Gandak, Gorakhpur||Gandak IWC-1, Gorakhpur||ID-2, deoria"
2025_UPIDC_1082147_29,03/EE/2025-26,SILT CLEARENCE FROM KM. 0.000 TO 5.600 OF CHATTARPUR MR. AND KM. 0.000 TO 5.000 OF KATKUIYAN MR,SILT CLEARENCE FROM KM. 0.000 TO 5.600 OF CHATTARPUR MR. AND KM. 0.000 TO 5.000 OF KATKUIYAN MR,Works,Open Tender,Item Rate,Civil Works - Canal,No,No,NA ,13-Oct-2025 09:00 AM,NA ,90.0,No ,No,Online,18-Oct-2025 04:30 PM,"U P Irrigation Department (Civil)||Chief Engineer-Saryu Project-1, Faizabad||Irrigation Construction Circle, Bahraich||SCD-1, bahraich",Bahraich,271801.0,2.0,"2,30,000",BINNU SINGH CONTRACTOR,"227,745.6",Accepted-AOC,14-Nov-2025,"U P Irrigation Department (Civil)||Chief Engineer-Saryu Project-1, Faizabad||Irrigation Construction Circle, Bahraich||SCD-1, bahraich"
2025_UPPAN_1088703_1,"3379/PAN/ET/25-26, DT. 06-11-2025",CONSTRUCTION OF LPG GAS GODOWN AT POLICE LINE RAMPUR U.P.,CONSTRUCTION OF LPG GAS GODOWN AT POLICE LINE RAMPUR U.P.,Works,Open Tender,Percentage,Civil Works,No,No,NA ,06-Nov-2025 05:00 PM,NA ,90.0,No ,No,Online,21-Nov-2025 11:30 AM,UP Police Awas Nigam Limited||UP Police Awas Nigam Ltd HQ Lucknow,POLICE LINE RAMPUR U.P.,244901.0,2.0,"63,55,000",M/S MOHD KAMIL CONTRACTOR,"6,316,870",Rejected-Finance,09-Dec-2025,UP Police Awas Nigam Limited||UP Police Awas Nigam Ltd HQ Lucknow
2025_UPIDC_1082040_20,02/EE/2025-26,Silt Clearance /scraping of jhal mr.from km 0.00 to 7.660 km(Lot-20),Silt Clearance /scraping of jhal mr.from km 0.00 to 7.660 km,Works,Open Tender,Item Wise,Civil Works - Canal,No,No,NA ,14-Oct-2025 10:00 AM,NA ,90.0,No ,No,Online,21-Oct-2025 11:00 AM,"U P Irrigation Department (Civil)||Chief Engineer-Eastern Ganga, Moradabad||EGCC Circle, Haridwar||ID, bijnore",Bijnor,246701.0,2.0,"4,00,000",MOHD YAIN,"291,703.17",Accepted-AOC,01-Nov-2025,"U P Irrigation Department (Civil)||Chief Engineer-Eastern Ganga, Moradabad||EGCC Circle, Haridwar||ID, bijnore"
2025_UPIDC_1082147_15,03/EE/2025-26,SILT AND JUNGLE CLEARANCE FROM INTERNAL SECTION OF AZIZPUR MR. BETWEEN KM. 0.000 TO 7.200,SILT AND JUNGLE CLEARANCE FROM INTERNAL SECTION OF AZIZPUR MR. BETWEEN KM. 0.000 TO 7.200,Works,Open Tender,Item Rate,Civil Works - Canal,No,No,NA ,13-Oct-2025 09:00 AM,NA ,90.0,No ,No,Online,18-Oct-2025 04:30 PM,"U P Irrigation Department (Civil)||Chief Engineer-Saryu Project-1, Faizabad||Irrigation Construction Circle, Bahraich||SCD-1, bahraich",Bahraich,271801.0,2.0,"1,87,000",M P Traders,"142,835.25",Rejected-Finance,14-Nov-2025,"U P Irrigation Department (Civil)||Chief Engineer-Saryu Project-1, Faizabad||Irrigation Construction Circle, Bahraich||SCD-1, bahraich"
2025_UPIDC_1082147_14,03/EE/2025-26,SILT AND JUNGLE CLEARANCE FROM INTERNAL SECTION OF MOHAMMADPUR MR. BETWEEN KM. 0.000 TO 9.900,SILT AND JUNGLE CLEARANCE FROM INTERNAL SECTION OF MOHAMMADPUR MR. BETWEEN KM. 0.000 TO 9.900,Works,Open Tender,Item Rate,Civil Works - Canal,No,No,NA ,13-Oct-2025 09:00 AM,NA ,90.0,No ,No,Online,18-Oct-2025 04:30 PM,"U P Irrigation Department (Civil)||Chief Engineer-Saryu Project-1, Faizabad||Irrigation Construction Circle, Bahraich||SCD-1, bahraich",Bahraich,271801.0,2.0,"4,67,000",ANSHI VIDHI CONSTRUCTIONS,"460,921.22",Rejected-Finance,14-Nov-2025,"U P Irrigation Department (Civil)||Chief Engineer-Saryu Project-1, Faizabad||Irrigation Construction Circle, Bahraich||SCD-1, bahraich"
2025_UPIDC_1082147_28,03/EE/2025-26,SILT CLEARANCE FROM KM. 0.000 TO 11.600 OF GAMBHIRWA MR,SILT CLEARANCE FROM KM. 0.000 TO 11.600 OF GAMBHIRWA MR,Works,Open Tender,Item Rate,Civil Works - Canal,No,No,NA ,13-Oct-2025 09:00 AM,NA ,90.0,No ,No,Online,18-Oct-2025 04:30 PM,"U P Irrigation Department (Civil)||Chief Engineer-Saryu Project-1, Faizabad||Irrigation Construction Circle, Bahraich||SCD-1, bahraich",Bahraich,271801.0,2.0,"5,48,000",Mohammad Abdulla,"427,221.9",Accepted-AOC,14-Nov-2025,"U P Irrigation Department (Civil)||Chief Engineer-Saryu Project-1, Faizabad||Irrigation Construction Circle, Bahraich||SCD-1, bahraich"
2025_UPIDC_1079274_13,01/EE/2025-26 DT. 26-09-2025,Silt clearance and Bed scrapping,Silt clearance Between Km 0.000 to Km 12.000 and Scrapping between km 12.000 to km 16.680 on Narayanpur Dy,Works,Open Tender,Item Rate,Civil Works - Canal,No,No,NA ,06-Oct-2025 10:00 AM,NA ,90.0,No ,No,Online,14-Oct-2025 02:00 PM,"U P Irrigation Department (Civil)||Chief Engineer-Gandak, Gorakhpur||Gandak IWC-1, Gorakhpur||ID-2, deoria",Narayanpur Dy,274001.0,2.0,"6,82,853",M/S J. D. Enterprises,"577,815",Accepted-AOC,03-Dec-2025,"U P Irrigation Department (Civil)||Chief Engineer-Gandak, Gorakhpur||Gandak IWC-1, Gorakhpur||ID-2, deoria"
2025_UPIDC_1084482_33,03/E.E./2025-26,Earth Work in Silt Clearance/Scraping of Sirsa Dy. from Km. 0.000 to Km. 8.000,Earth Work in Silt Clearance/Scraping,Works,Open Tender,Item Rate,Civil Works,No,No,NA ,17-Nov-2025 01:00 PM,NA ,90.0,No ,No,Online,22-Nov-2025 01:30 PM,"U P Irrigation Department (Civil)||Chief Engineer-Sharda Sahayak, Lucknow||XIV Circle Irrigation Works, Azamgarh||SSD-32, azamgarh",AZAMGARH,276001.0,2.0,"3,30,000",KAPIL DEO YADAV,"229,943.2",Rejected-AOC,08-Dec-2025,"U P Irrigation Department (Civil)||Chief Engineer-Sharda Sahayak, Lucknow||XIV Circle Irrigation Works, Azamgarh||SSD-32, azamgarh"
2025_UPIDC_1082164_1,04/EE/2025-26,Silt clearance of Binaura Dy From Km. 0.000 to Km 17.200 (Lot-01),Silt clearance of Binaura Dy From Km. 0.000 to Km 17.200 (Lot-01),Works,Open Tender,Item Rate,Civil Works - Canal,No,No,NA ,14-Oct-2025 09:00 AM,16-Oct-2025 09:00 AM ,90.0,No ,No,Online,27-Oct-2025 12:00 PM,"U P Irrigation Department (Civil)||Chief Engineer-Sharda, Lucknow||Irrigation Works Circle, Sitapur||SDSC, sitapur",Sitapur,261001.0,2.0,"8,34,000",M/S ANIL KUMAR SINGH,"733,740",Not Admitted-Fee/PreQual/Technical,15-Nov-2025,"U P Irrigation Department (Civil)||Chief Engineer-Sharda, Lucknow||Irrigation Works Circle, Sitapur||SDSC, sitapur"
2025_UPIDC_1086963_15,3646/IDMBD/Etender/2025 Dt 16.10.2025,Repairing of floor of Divide wall of Harewali Barrage.,Repairing of floor of Divide wall of Harewali Barrage.,Works,Open Tender,Item Rate,Civil Works - Canal,No,No,NA ,30-Oct-2025 06:55 PM,NA ,90.0,No ,No,Online,06-Nov-2025 02:00 PM,"U P Irrigation Department (Civil)||Chief Engineer-Eastern Ganga, Moradabad||Irrigation Works Circle, Moradabad||ID, moradabad",Moradabad,244001.0,2.0,"3,03,000",HINWAR CONSTRUCTION CO,"220,656",Rejected-Finance,01-Dec-2025,"U P Irrigation Department (Civil)||Chief Engineer-Eastern Ganga, Moradabad||Irrigation Works Circle, Moradabad||ID, moradabad"
2025_UPPRD_1064082_20,240/Nivida/ZP/2025-26 Date- 22-07-2025,Work No 20 Gram sabha Belwa Hasanpur me khadanja sampark marg se poore Harpal tak C.C. road nirmaan kary,Work No 20 Gram sabha Belwa Hasanpur me khadanja sampark marg se poore Harpal tak C.C. road nirmaan kary,Works,Open Tender,Percentage,Civil Works - Others,No,No,NA ,11-Aug-2025 12:00 PM,NA ,90.0,No ,No,Offline,18-Aug-2025 02:30 PM,Panchayati Raj Department||Zila Panchayat Amethi,Amethi,227409.0,2.0,"12,29,727",Alok Groups and Construction,"1,218,659.566",Accepted-AOC,15-Dec-2025,Panchayati Raj Department||Zila Panchayat Amethi
2025_UPPRD_1064082_100,240/Nivida/ZP/2025-26 Date- 22-07-2025,Work No 100 Gramsabha Maee me Rajesh yadav ke ghar ke pass interlocking se Ram kumar yadav ke ghar tak Eet- soling,Work No 100 Gramsabha Maee me Rajesh yadav ke ghar ke pass interlocking se Ram kumar yadav ke ghar tak Eet- soling,Works,Open Tender,Percentage,Civil Works - Others,No,No,NA ,11-Aug-2025 12:00 PM,NA ,90.0,No ,No,Offline,18-Aug-2025 02:30 PM,Panchayati Raj Department||Zila Panchayat Amethi,Amethi,227409.0,2.0,"3,49,378",Ayodhya Associates,"349,028.812",Rejected-Finance,17-Dec-2025,Panchayati Raj Department||Zila Panchayat Amethi
2025_UPPRD_1064082_114,240/Nivida/ZP/2025-26 Date- 22-07-2025,Work No 114 Gramsabha kishnudaspur me C.C. road se krishn kumar singh ke ghar tak C.C.,Work No 114 Gramsabha kishnudaspur me C.C. road se krishn kumar singh ke ghar tak C.C.,Works,Open Tender,Percentage,Civil Works - Others,No,No,NA ,11-Aug-2025 12:00 PM,NA ,90.0,No ,No,Offline,18-Aug-2025 02:30 PM,Panchayati Raj Department||Zila Panchayat Amethi,Amethi,227409.0,2.0,"12,32,812",M/S PIYUSH TRADERS,"1,231,332.805",Rejected-Finance,22-Dec-2025,Panchayati Raj Department||Zila Panchayat Amethi
2025_UPPRD_1064082_128,240/Nivida/ZP/2025-26 Date- 22-07-2025,Work No 128 Gram sabha Rampur panvara me talab ka Saundarikaran,Work No 128 Gram sabha Rampur panvara me talab ka Saundarikaran,Works,Open Tender,Percentage,Civil Works - Others,No,No,NA ,11-Aug-2025 12:00 PM,NA ,90.0,No ,No,Offline,18-Aug-2025 02:30 PM,Panchayati Raj Department||Zila Panchayat Amethi,Amethi,227409.0,2.0,"22,51,256",Fair Deals,"2,245,627.496",Rejected-Finance,23-Dec-2025,Panchayati Raj Department||Zila Panchayat Amethi
2025_UPIDC_1084580_22,03/AE4/2025-26,Earth work in silt clearance/Scrapping Work of Sonpur Mr. from km. 0.000 to km. 3.000,Earth work in silt clearance/Scrapping Work of Sonpur Mr. from km. 0.000 to km. 3.000,Works,Open Tender,Item Rate,Civil Works - Canal,No,No,NA ,08-Nov-2025 10:00 AM,NA ,90.0,No ,No,Online,14-Nov-2025 03:00 PM,"U P Irrigation Department (Civil)||Chief Engineer-Saryu Project-2, Gonda||Drainage Cirlce, Gonda||SCD-1 Balrampur",Balrampur,271201.0,2.0,"49,000",M/S ANAND KUMAR,"48,127.8",Rejected-Finance,27-Dec-2025,"U P Irrigation Department (Civil)||Chief Engineer-Saryu Project-2, Gonda||Drainage Cirlce, Gonda||SCD-1 Balrampur"
2025_UPPCL_1068720_1,25/ECCD-I/ 2025-26,MandR of Misc Civil works in Res No 5and 82 and 4and73 at Chandralok Hydel officers colony Lucknow,MandR of Misc Civil works in Res No 5and 82 and 4and73 at Chandralok Hydel officers colony Lucknow,Works,Open Tender,Percentage,Civil Works,No,No,NA ,27-Aug-2025 09:00 AM,NA ,120.0,No ,No,Offline,12-Sep-2025 03:30 PM,Uttar Pradesh Power Corporation Ltd.||SE Civil HQ Shakti Bhawan Extension||EE Civil HQ Attached to CE Civil 2||SE Civil HQ||EE ECCD Ist,LUCKNOW,226024.0,2.0,"1,58,775",M/S KAY KAY Enterprises,"145,279.43",Accepted-AOC,06-Dec-2025,Uttar Pradesh Power Corporation Ltd.||SE Civil HQ Shakti Bhawan Extension||EE Civil HQ Attached to CE Civil 2||SE Civil HQ||EE ECCD Ist
2025_UPPAN_1087223_1,"3299/PAN/ET/25-26, DT. 29-10-2025","M.S. RAILING/GRILL WORK FOR 200 PERSON HOSTEL/ BARRACK AT POLICE LINE GAUTAMBUDHA NAGAR, MEERUT, MUZAFFAR NAGAR U.P.","M.S. RAILING/GRILL WORK FOR 200 PERSON HOSTEL/ BARRACK AT POLICE LINE GAUTAMBUDHA NAGAR, MEERUT, MUZAFFAR NAGAR U.P.",Works,Open Tender,Percentage,Civil Works,No,No,NA ,30-Oct-2025 05:00 PM,NA ,90.0,No ,No,Online,14-Nov-2025 11:30 AM,UP Police Awas Nigam Limited||UP Police Awas Nigam Ltd HQ Lucknow,"GAUTAMBUDHA NAGAR, MEERUT, MUZAFFAR NAGAR U.P.",251001.0,2.0,"30,26,000",harsh associates,"3,004,515",Accepted-AOC,09-Dec-2025,UP Police Awas Nigam Limited||UP Police Awas Nigam Ltd HQ Lucknow
2025_UPIDM_1053185_1,14 (Lot-2)/EE/BMMDK/2025-26,"Overhauling Main Rollers of Gokul Barrage, Distt- Mathura.","Overhauling Main Rollers of Gokul Barrage, Distt- Mathura.",Works,Open Tender,Fixed-rate,Miscellaneous Works,No,No,NA ,01-Jul-2025 01:00 PM,NA ,120.0,No ,No,Online,07-Jul-2025 03:00 PM,U P Irrigation Department (Mechanical)||Central Equipment and Stores Procurement||S E Irrigation Workshop Circle - I Kanpur||E E Barrage Mechanical Maintenance Div Kanpur,"Gokul Barrage, Distt- Mathura",281303.0,2.0,,SHIV RAM ENTERPRISES,"1,512,780",Rejected-Finance,04-Dec-2025,U P Irrigation Department (Mechanical)||Central Equipment and Stores Procurement||S E Irrigation Workshop Circle - I Kanpur||E E Barrage Mechanical Maintenance Div Kanpur
2025_UPIDC_1087698_3,01/EE/25-26,"AUCTION OF USELESS STORE NO.2 SITUATED IN THE PREMISES OF OFFICE OF MADHYA GANGA CANAL CONSTRUCTION DIVISION-4,HARYANA JOYA, AMROHA","AUCTION OF USELESS STORE NO.2 SITUATED IN THE PREMISES OF OFFICE OF MADHYA GANGA CANAL CONSTRUCTION DIVISION-4,HARYANA JOYA, AMROHA",Goods,Auction,Item Rate,Civil Construction Goods,No,No,NA ,10-Nov-2025 03:00 PM,NA ,90.0,No ,No,Online,19-Nov-2025 11:30 AM,"U P Irrigation Department (Civil)||Chief Engineer-Madhya Ganga, Aligarh||MGCC Circle, Bulandshahar||MGCCD-4, Amroha",AMROHA,244222.0,2.0,"3,73,000",ARMONIA CONSTRUCTIONS,"375,700",Accepted-AOC,10-Dec-2025,"U P Irrigation Department (Civil)||Chief Engineer-Madhya Ganga, Aligarh||MGCC Circle, Bulandshahar||MGCCD-4, Amroha"
2025_UPIDC_1080412_60,02/EE/2025-26,Silt Clearance from Km 15.500 to 31.200 of Sheorajpur Dy.,Silt Clearance,Works,Open Tender,Item Wise,Civil Works - Canal,No,No,NA ,20-Nov-2025 12:00 PM,NA ,90.0,No ,No,Online,26-Nov-2025 12:00 PM,"U P Irrigation Department (Civil)||Chief Engineer-Ram Ganga, Kanpur||II Circle Irrigation Works, Kanpur||KDLGC, kanpur",Kanpur,208004.0,2.0,"12,72,000",M/S RAJESH KUMAR KATIYAR,"1,272,489.6",Accepted-AOC,03-Dec-2025,"U P Irrigation Department (Civil)||Chief Engineer-Ram Ganga, Kanpur||II Circle Irrigation Works, Kanpur||KDLGC, kanpur"
2025_UPIDC_1086698_3,04/AE-IV/2025-26,Earth Work in Silt Clearance/Scraping of Vishunpur Mr. from Km. 0.000 to Km. 1.350 and Muhammadpur Mr. from Km. 0.000 to Km. 1.350,Silt Clearance/Scraping,Works,Open Tender,Item Rate,Civil Works,No,No,NA ,30-Oct-2025 10:00 AM,NA ,90.0,No ,No,Online,07-Nov-2025 12:30 PM,"U P Irrigation Department (Civil)||Chief Engineer-Sharda Sahayak, Lucknow||XIV Circle Irrigation Works, Azamgarh||SSD-32, azamgarh",AZAMGARH,276001.0,2.0,"70,000",DEOMAN YADAV,"41,980.65",Accepted-AOC,06-Dec-2025,"U P Irrigation Department (Civil)||Chief Engineer-Sharda Sahayak, Lucknow||XIV Circle Irrigation Works, Azamgarh||SSD-32, azamgarh"
2025_UPIDC_1078704_12,TN-05/EE/2025-26,TN-05/EE/22025-26 Rajwaha Main Sarwat Ke Km 2.560 to Km 3.500 ke madhya nahar sewamarg ke navinikaran ka karya Lot No-12,Rajwaha Main Sarwat Ke Km 2.560 to Km 3.500 ke madhya nahar sewamarg ke navinikaran ka karya,Works,Open Tender,Item Wise,Civil Works,No,No,as per tender notice ,30-Sep-2025 11:00 AM,NA ,90.0,No ,No,Online,06-Oct-2025 03:00 PM,"U P Irrigation Department (Civil)||Chief Engineer-Ganga, Meerut||I- Circle Irrigation Works, Meerut||Muzaffar Nagar Division Ganga Canal,Muzaffar Nagar",Muzaffarnagar,251001.0,2.0,"33,75,000",MANOJ CHAUDHARY,"3,290,680",Rejected-AOC,10-Dec-2025,"U P Irrigation Department (Civil)||Chief Engineer-Ganga, Meerut||I- Circle Irrigation Works, Meerut||Muzaffar Nagar Division Ganga Canal,Muzaffar Nagar"
2025_UPIDC_1086698_53,04/AE-IV/2025-26,"Earth Work in Silt Clearance/Scraping of Bhopatpur Mr. from Km. 0.000 to Km. 4.600, and Hafizpur Mr. from Km. 0.000 to Km. 2.600",Silt Clearance/Scraping,Works,Open Tender,Item Rate,Civil Works,No,No,NA ,13-Nov-2025 10:00 AM,NA ,90.0,No ,No,Online,19-Nov-2025 11:30 AM,"U P Irrigation Department (Civil)||Chief Engineer-Sharda Sahayak, Lucknow||XIV Circle Irrigation Works, Azamgarh||SSD-32, azamgarh",AZAMGARH,276001.0,2.0,"1,50,000",KHUDDI RAM,"89,993.28",Rejected-Finance,20-Dec-2025,"U P Irrigation Department (Civil)||Chief Engineer-Sharda Sahayak, Lucknow||XIV Circle Irrigation Works, Azamgarh||SSD-32, azamgarh"
2025_UPIDC_1086698_47,04/AE-IV/2025-26,"Earth Work in Silt Clearance/Scraping of Virampur Mr. from Km. 0.000 to Km. 2.450, and Rampur Mr. from Km. 0.000 to Km. 4.200",Silt Clearance/Scraping,Works,Open Tender,Item Rate,Civil Works,No,No,NA ,13-Nov-2025 10:00 AM,NA ,90.0,No ,No,Online,19-Nov-2025 10:30 AM,"U P Irrigation Department (Civil)||Chief Engineer-Sharda Sahayak, Lucknow||XIV Circle Irrigation Works, Azamgarh||SSD-32, azamgarh",AZAMGARH,276001.0,2.0,"1,30,000",ANIL KUMAR YADAV,"90,269.2",Not Admitted-Fee/PreQual/Technical,20-Dec-2025,"U P Irrigation Department (Civil)||Chief Engineer-Sharda Sahayak, Lucknow||XIV Circle Irrigation Works, Azamgarh||SSD-32, azamgarh"
2025_UPPCL_1068678_1,21/ECCD-I/ 2025-26,M and R of Plaster Repairing Internal Painting and other Misc Civil Works in Res No 2and29 2and9 and 3and37 at Indralok Hydel Colony Lucknow,M and R of Plaster Repairing Internal Painting and other Misc Civil Works in Res No 2and29 2and9 and 3and37 at Indralok Hydel Colony Lucknow,Works,Open Tender,Percentage,Civil Works,No,No,NA ,27-Aug-2025 09:00 AM,NA ,120.0,No ,No,Offline,19-Sep-2025 03:30 PM,Uttar Pradesh Power Corporation Ltd.||SE Civil HQ Shakti Bhawan Extension||EE Civil HQ Attached to CE Civil 2||SE Civil HQ||EE ECCD Ist,LUCKNOW,226024.0,2.0,"3,03,234",M/S RAJENDRA KUMAR ENTERPRISES,"239,251.63",Accepted-AOC,06-Dec-2025,Uttar Pradesh Power Corporation Ltd.||SE Civil HQ Shakti Bhawan Extension||EE Civil HQ Attached to CE Civil 2||SE Civil HQ||EE ECCD Ist
2025_UPIDC_1087895_5,03/E.E/2025-26,Silt clearance of Jajupur Mr. km 0.000 to 7.400,Silt clearance of Jajupur Mr. km 0.000 to 7.400,Works,Open Tender,Item Wise,Civil Works - Canal,No,No,NA ,03-Nov-2025 09:00 AM,NA ,15.0,No ,No,Online,11-Nov-2025 11:00 AM,"U P Irrigation Department (Civil)||Chief Engineer-Sharda Sahayak, Lucknow||XVI Circle Irrigation Works, Pratapgargh||ID, pratapgarh",pratapgarh,230001.0,2.0,"2,22,000",M/S ADITYA ENTERPRISES,"221,660.16",Accepted-AOC,18-Nov-2025,"U P Irrigation Department (Civil)||Chief Engineer-Sharda Sahayak, Lucknow||XVI Circle Irrigation Works, Pratapgargh||ID, pratapgarh"
2025_UPIDM_1089609_2,1534/T.W.D.F.O./EE/25-26 date 01-11-2025,"CONSTRUCTION OF SUB DIVISION OFFICE AT TEHSIL KALPI, DISTT JALAUN","CONSTRUCTION OF SUB DIVISION OFFICE AT TEHSIL KALPI, DISTT JALAUN",Works,Open Tender,Item Wise,Civil Works,No,No,NA ,11-Nov-2025 10:00 AM,NA ,90.0,No ,No,Online,17-Nov-2025 02:00 PM,U P Irrigation Department (Mechanical)||Chief Engineer (Tubewell Centre)||Superintending Engineer(Tubewell) - Jhansi||Executive Engineer (Tubewell)-I Orai,ORAI,285001.0,2.0,"21,75,000",ANIL KUMAR,"1,821,108",Accepted-AOC,06-Dec-2025,U P Irrigation Department (Mechanical)||Chief Engineer (Tubewell Centre)||Superintending Engineer(Tubewell) - Jhansi||Executive Engineer (Tubewell)-I Orai
2025_UPIDC_1082164_36,04/EE/2025-26,Silt Clearence of Gajipur Dy. From km. 0.000 to km 12.200 (Lot-36),Silt Clearence of Gajipur Dy. From km. 0.000 to km 12.200 (Lot-36),Works,Open Tender,Item Rate,Civil Works - Canal,No,No,NA ,14-Oct-2025 09:00 AM,16-Oct-2025 12:00 PM ,90.0,No ,No,Online,27-Oct-2025 12:00 PM,"U P Irrigation Department (Civil)||Chief Engineer-Sharda, Lucknow||Irrigation Works Circle, Sitapur||SDSC, sitapur",Sitapur,261001.0,2.0,"3,58,000",JAI KARAN SINGH,"287,403",Rejected-Finance,12-Nov-2025,"U P Irrigation Department (Civil)||Chief Engineer-Sharda, Lucknow||Irrigation Works Circle, Sitapur||SDSC, sitapur"
2025_UPIDC_1083668_18,01/EE/2025-26,Silt Clearance/Scraping work of Semri Minor (km 0.00 to 2.800),Silt Clearance/Scraping work of Semri Minor (km 0.00 to 2.800),Works,Open Tender,Item Rate,Civil Works - Canal,No,No,NA ,18-Oct-2025 10:00 AM,NA ,90.0,No ,No,Online,30-Oct-2025 04:00 PM,"U P Irrigation Department (Civil)||Chief Engineer-Saryu Project-2, Gonda||Drainage Cirlce, Gonda||EE Chitaurgarh Dam Construction Division Balrampur",Tulsipur Balrampur,271210.0,2.0,"46,000",M/S ANAND KUMAR,"45,747.9",Accepted-AOC,05-Dec-2025,"U P Irrigation Department (Civil)||Chief Engineer-Saryu Project-2, Gonda||Drainage Cirlce, Gonda||EE Chitaurgarh Dam Construction Division Balrampur"
2025_UPIDC_1079760_1,06/SE-XII/2025-26,Renewal of metalled road from km. 0.000 to km. 8.550 of Girija barrage right bank afflux bund in Lakhimpur kheri,Renewal of metalled road from km. 0.000 to km. 8.550 of Girija barrage right bank afflux bund in Lakhimpur kheri,Works,Open Tender,Fixed-rate,Civil Works,No,No,NA ,04-Oct-2025 09:00 AM,06-Oct-2025 02:00 PM ,90.0,No ,No,Online,09-Oct-2025 03:30 PM,"U P Irrigation Department (Civil)||Chief Engineer-Sharda Sahayak, Lucknow||XII Circle Irrigation Works, Lucknow",LAKHIMPUR KHERI,262701.0,2.0,"1,48,32,000",Jagat Construction,"10,810,181.76",Rejected-Finance,24-Oct-2025,"U P Irrigation Department (Civil)||Chief Engineer-Sharda Sahayak, Lucknow||XII Circle Irrigation Works, Lucknow"
2025_UPIDC_1085715_124,02/AE-II/2025-26,Earth Work in Silt Clearance and Scraping of Sadaruddinpur Mr. from Km. 0.000 to Km. 1.000 and Chhagganpur Mr. from Km. 0.000 to Km. 1.900,Silt Clearance and Scraping,Works,Open Tender,Item Rate,Civil Works,No,No,NA ,20-Nov-2025 01:00 PM,NA ,90.0,No ,No,Online,26-Nov-2025 03:00 PM,"U P Irrigation Department (Civil)||Chief Engineer-Sharda Sahayak, Lucknow||XIV Circle Irrigation Works, Azamgarh||SSD-32, azamgarh",AZAMGARH,276001.0,2.0,"61,000",Ravindra Yadav,"59,778.7",Accepted-AOC,26-Dec-2025,"U P Irrigation Department (Civil)||Chief Engineer-Sharda Sahayak, Lucknow||XIV Circle Irrigation Works, Azamgarh||SSD-32, azamgarh"
2025_UPIDC_1080129_15,01/EE/LGC/FTP/2025-26,Patch Repairing work of Pented Service Road at Bhelkha Minor. From km. 0.000 to km 1.000,Patch Repairing work of Pented Service Road at Bhelkha Minor. From km. 0.000 to km 1.000,Works,Open Tender,Item Rate,Civil Works - Canal,No,No,NA ,07-Oct-2025 10:00 AM,08-Oct-2025 11:00 AM ,15.0,No ,No,Online,13-Oct-2025 02:00 PM,"U P Irrigation Department (Civil)||Chief Engineer-Ram Ganga, Kanpur||Irrigation Works Circle, Kanpur||FDLGC, fatehpur",Fatehpur,212601.0,2.0,,KUNWER ABHAY SINGH CONTRACTOR AND SUPPLIERS,"142,170",Rejected-Finance,07-Nov-2025,"U P Irrigation Department (Civil)||Chief Engineer-Ram Ganga, Kanpur||Irrigation Works Circle, Kanpur||FDLGC, fatehpur"
2025_UPIDC_1079237_48,03/EEAID/2025-26,LOT 32 SCRAPING/SLUSH CLEARANCE OF RATANPUR MR. FROM KM. 0.000 TO KM. 12.000 IN FASLI RABI 1433 YEAR 2025-26,LOT 32 SCRAPING/SLUSH CLEARANCE OF RATANPUR MR. FROM KM. 0.000 TO KM. 12.000 IN FASLI RABI 1433 YEAR 2025-26,Works,Open Tender,Item Rate,Civil Works,No,No,NA ,16-Oct-2025 01:00 PM,NA ,90.0,No ,No,Online,21-Oct-2025 01:30 PM,"U P Irrigation Department (Civil)||Chief Engineer-Eastern Ganga, Moradabad||Irrigation Works Circle, Moradabad||AID, dhampur",MORADABAD,244001.0,2.0,"3,61,000",ashraf contractor,"330,835.6",Rejected-AOC,03-Nov-2025,"U P Irrigation Department (Civil)||Chief Engineer-Eastern Ganga, Moradabad||Irrigation Works Circle, Moradabad||AID, dhampur"
2025_UPIDC_1085715_118,02/AE-II/2025-26,Earth Work in Silt Clearance and Scraping of Sikandarpur Mr. from Km. 0.000 to Km. 2.700,Silt Clearance and Scraping,Works,Open Tender,Item Rate,Civil Works,No,No,NA ,20-Nov-2025 01:00 PM,NA ,90.0,No ,No,Online,26-Nov-2025 03:00 PM,"U P Irrigation Department (Civil)||Chief Engineer-Sharda Sahayak, Lucknow||XIV Circle Irrigation Works, Azamgarh||SSD-32, azamgarh",AZAMGARH,276001.0,2.0,"56,000",Ravindra Yadav,"54,805.1",Accepted-AOC,26-Dec-2025,"U P Irrigation Department (Civil)||Chief Engineer-Sharda Sahayak, Lucknow||XIV Circle Irrigation Works, Azamgarh||SSD-32, azamgarh"
2025_UPIDC_1086698_51,04/AE-IV/2025-26,"Earth Work in Silt Clearance/Scraping of Jasada Mr. from Km. 0.000 to Km. 4.000, and Narsinghpur Mr. from Km. 0.000 to Km. 1.700",Silt Clearance/Scraping,Works,Open Tender,Item Rate,Civil Works,No,No,NA ,13-Nov-2025 10:00 AM,NA ,90.0,No ,No,Online,19-Nov-2025 10:30 AM,"U P Irrigation Department (Civil)||Chief Engineer-Sharda Sahayak, Lucknow||XIV Circle Irrigation Works, Azamgarh||SSD-32, azamgarh",AZAMGARH,276001.0,2.0,"1,30,000",ANIL KUMAR YADAV,"87,012.64",Not Admitted-Fee/PreQual/Technical,20-Dec-2025,"U P Irrigation Department (Civil)||Chief Engineer-Sharda Sahayak, Lucknow||XIV Circle Irrigation Works, Azamgarh||SSD-32, azamgarh"
2025_UPIDC_1080412_62,02/EE/2025-26,Silt Clearance from Km 0.000 to 6.200 of Nadiha Dy.,Silt Clearance,Works,Open Tender,Item Wise,Civil Works - Canal,No,No,NA ,20-Nov-2025 12:00 PM,NA ,90.0,No ,No,Online,26-Nov-2025 12:00 PM,"U P Irrigation Department (Civil)||Chief Engineer-Ram Ganga, Kanpur||II Circle Irrigation Works, Kanpur||KDLGC, kanpur",Kanpur,208004.0,2.0,"4,20,000",DEV CONSTRUCTIONS AND SUPPLIERS,"221,209.32",Accepted-AOC,03-Dec-2025,"U P Irrigation Department (Civil)||Chief Engineer-Ram Ganga, Kanpur||II Circle Irrigation Works, Kanpur||KDLGC, kanpur"
2025_UPIDC_1086698_1,04/AE-IV/2025-26,Earth Work in Silt Clearance/Scraping of Manikadeeh Mr. from Km. 0.000 to Km. 2.400 and Sameda Mr. from Km. 0.000 to Km. 4.100,Silt Clearance/Scraping,Works,Open Tender,Item Rate,Civil Works,No,No,NA ,30-Oct-2025 10:00 AM,NA ,90.0,No ,No,Online,07-Nov-2025 12:30 PM,"U P Irrigation Department (Civil)||Chief Engineer-Sharda Sahayak, Lucknow||XIV Circle Irrigation Works, Azamgarh||SSD-32, azamgarh",AZAMGARH,276001.0,2.0,"1,40,000",M/S ASHOK KUMAR SINGH,"90,078.18",Not Admitted-Fee/PreQual/Technical,06-Dec-2025,"U P Irrigation Department (Civil)||Chief Engineer-Sharda Sahayak, Lucknow||XIV Circle Irrigation Works, Azamgarh||SSD-32, azamgarh"
2025_UPIDC_1086669_43,04/EEAID/2025-26,LOT14 Janpad Bijnor main kadrabad rajwaha ke km.7.500 se km. 7.600 ke Madhya chhatigrast brick pitching ki punarsthapna ka Karya.,LOT14 Janpad Bijnor main kadrabad rajwaha ke km.7.500 se km. 7.600 ke Madhya chhatigrast brick pitching ki punarsthapna ka Karya.,Works,Open Tender,Item Rate,Civil Works,No,No,NA ,08-Nov-2025 04:00 PM,NA ,90.0,No ,No,Online,13-Nov-2025 04:30 PM,"U P Irrigation Department (Civil)||Chief Engineer-Eastern Ganga, Moradabad||Irrigation Works Circle, Moradabad||AID, dhampur",DHAMPUR,246761.0,2.0,"4,97,000",NARMESH CHAUDHARY,"449,988.46",Accepted-AOC,26-Dec-2025,"U P Irrigation Department (Civil)||Chief Engineer-Eastern Ganga, Moradabad||Irrigation Works Circle, Moradabad||AID, dhampur"
2025_UPIDC_1086955_2,04/E.E./2025-26,Silt Clearance/Scraping of Tikar Dy From Km. 0.000 to Km. 15.400.,Silt Clearance/Scraping of Tikar Dy From Km. 0.000 to Km. 15.400.,Services,Open Tender,Item Wise,Miscellaneous Services,No,No,NA ,30-Oct-2025 12:00 PM,NA ,90.0,No ,No,Online,08-Nov-2025 03:30 PM,"U P Irrigation Department (Civil)||Chief Engineer-Sone, Varanasi||Irrigation Works Circle, Allahabad||BCD, allahabad",Prayagraj,211004.0,2.0,"7,45,000",JAY CONSTRUCTION,"430,650.79",Rejected-Finance,20-Dec-2025,"U P Irrigation Department (Civil)||Chief Engineer-Sone, Varanasi||Irrigation Works Circle, Allahabad||BCD, allahabad"
2025_UPIDC_1086910_2,03/EE/SSK41/2025-26,Silt Clearance of Jais Distributary From Km. 16.350 to Km. 28.600,Silt Clearance of Jais Distributary From Km. 16.350 to Km. 28.600,Works,Open Tender,Item Rate,Civil Works - Canal,No,No,NA ,12-Nov-2025 10:00 AM,NA ,90.0,No ,No,Online,17-Nov-2025 01:00 PM,"U P Irrigation Department (Civil)||Chief Engineer-Sharda Sahayak, Lucknow||XVI Circle Irrigation Works, Pratapgargh||Sharda Sahayak Division 41 Amethi",Amethi,227409.0,2.0,"5,25,000",M/S RISHIRAJ BUILDERS AND SUPPLIERS,"517,300.23",Rejected-Finance,23-Dec-2025,"U P Irrigation Department (Civil)||Chief Engineer-Sharda Sahayak, Lucknow||XVI Circle Irrigation Works, Pratapgargh||Sharda Sahayak Division 41 Amethi"
2025_UPPRD_1064082_102,240/Nivida/ZP/2025-26 Date- 22-07-2025,Work No 102 Hansa Devi Mahavidyalay ke Boundrywall ke samne se khet ke bagal se annusuchit basti ki oor eet - soling,Work No 102 Hansa Devi Mahavidyalay ke Boundrywall ke samne se khet ke bagal se annusuchit basti ki oor eet - soling,Works,Open Tender,Percentage,Civil Works - Others,No,No,NA ,11-Aug-2025 12:00 PM,NA ,90.0,No ,No,Offline,18-Aug-2025 02:30 PM,Panchayati Raj Department||Zila Panchayat Amethi,Amethi,227409.0,2.0,"6,93,593",Alok Groups and Construction,"692,830.552",Accepted-AOC,17-Dec-2025,Panchayati Raj Department||Zila Panchayat Amethi
2025_UPPRD_1064082_116,240/Nivida/ZP/2025-26 Date- 22-07-2025,Work No 116 Gram panchayat Kherauna ke Sarairajshah me By pass puliya se suresh verma ke makan ke oor eet -soling,Work No 116 Gram panchayat Kherauna ke Sarairajshah me By pass puliya se suresh verma ke makan ke oor eet -soling,Works,Open Tender,Percentage,Civil Works - Others,No,No,NA ,11-Aug-2025 12:00 PM,NA ,90.0,No ,No,Offline,18-Aug-2025 02:30 PM,Panchayati Raj Department||Zila Panchayat Amethi,Amethi,227409.0,2.0,"11,49,869",M/s R.A. Construction,"1,147,798.936",Accepted-AOC,22-Dec-2025,Panchayati Raj Department||Zila Panchayat Amethi
2025_UPPRD_1064082_36,240/Nivida/ZP/2025-26 Date- 22-07-2025,Work No 36 Gram sabha saruvava me Ambedkar chauraha se naya ka purwa ki oor eet- soling kary,Work No 36 Gram sabha saruvava me Ambedkar chauraha se naya ka purwa ki oor eet- soling kary,Works,Open Tender,Percentage,Civil Works - Others,No,No,NA ,11-Aug-2025 12:00 PM,NA ,90.0,No ,No,Offline,18-Aug-2025 02:30 PM,Panchayati Raj Department||Zila Panchayat Amethi,Amethi,227409.0,2.0,"16,40,816",M/S OM CONSTRUCTION,"1,639,174.645",Accepted-AOC,15-Dec-2025,Panchayati Raj Department||Zila Panchayat Amethi
2025_UPIDC_1087582_2,04/EE/SSK41/2025-26,Scrapping of Rajapur Dy. from Km. 15.000 to 25.134,Scrapping of Rajapur Dy. from Km. 15.000 to 25.134,Works,Open Tender,Item Rate,Civil Works - Canal,No,No,NA ,12-Nov-2025 10:00 AM,NA ,90.0,No ,No,Online,17-Nov-2025 02:00 PM,"U P Irrigation Department (Civil)||Chief Engineer-Sharda Sahayak, Lucknow||XVI Circle Irrigation Works, Pratapgargh||Sharda Sahayak Division 41 Amethi",Amethi,227409.0,2.0,"3,35,000",CHATURBHUJ ASSOCIATE,"269,783.94",Accepted-AOC,26-Nov-2025,"U P Irrigation Department (Civil)||Chief Engineer-Sharda Sahayak, Lucknow||XVI Circle Irrigation Works, Pratapgargh||Sharda Sahayak Division 41 Amethi"
2025_UPIDC_1086963_17,3646/IDMBD/Etender/2025 Dt 16.10.2025,Repairing of Kharanja on left afflux bund from Km 2.800 to Km 4.600 of Harewali Barrage,Repairing of Kharanja on left afflux bund from Km 2.800 to Km 4.600 of Harewali Barrage,Works,Open Tender,Item Rate,Civil Works - Canal,No,No,NA ,30-Oct-2025 06:55 PM,NA ,90.0,No ,No,Online,06-Nov-2025 02:00 PM,"U P Irrigation Department (Civil)||Chief Engineer-Eastern Ganga, Moradabad||Irrigation Works Circle, Moradabad||ID, moradabad",Moradabad,244001.0,2.0,"18,74,000",dinesh kumar contractor,"1,105,586.71",Rejected-Finance,01-Dec-2025,"U P Irrigation Department (Civil)||Chief Engineer-Eastern Ganga, Moradabad||Irrigation Works Circle, Moradabad||ID, moradabad"
2025_UPIDC_1082040_7,02/EE/2025-26,Earth work in silt clearance And Scraping of Alampur Toda minor from km 0.000 to km 7.000 for the year 2025-26 (Rabi 1433 Fasli) (Lot-7),Earth work in silt clearance And Scraping of Alampur Toda minor from km 0.000 to km 7.000 for the year 2025-26 (Rabi 1433 Fasli),Works,Open Tender,Item Wise,Civil Works - Canal,No,No,NA ,14-Oct-2025 10:00 AM,NA ,90.0,No ,No,Online,21-Oct-2025 11:00 AM,"U P Irrigation Department (Civil)||Chief Engineer-Eastern Ganga, Moradabad||EGCC Circle, Haridwar||ID, bijnore",Bijnor,246701.0,2.0,"3,51,000",MANOJ CHAUDHARY,"273,985.72",Rejected-AOC,10-Nov-2025,"U P Irrigation Department (Civil)||Chief Engineer-Eastern Ganga, Moradabad||EGCC Circle, Haridwar||ID, bijnore"
2025_UPIDC_1082813_13,03/EE/2025-26,AS PER TENDER NOTICE-03 LOT 13,Silt clearence of Ramai Dy from Km. 0.000 to Km. 4.360 and scarping from Km. 4.360 to km. 7.425,Works,Open Tender,Item Rate,Civil Works - Canal,No,No,NA ,16-Oct-2025 11:00 AM,NA ,90.0,No ,No,Online,31-Oct-2025 03:00 PM,"U P Irrigation Department (Civil)||Chief Engineer-Sharda Sahayak, Lucknow||VII Circle Irrigation Works, Lucknow||EE SSK Division-28 Haidergarh",Haidergarh,225124.0,2.0,,M/S Kamlesh Kumar Singh,"310,724.55",Accepted-AOC,21-Nov-2025,"U P Irrigation Department (Civil)||Chief Engineer-Sharda Sahayak, Lucknow||VII Circle Irrigation Works, Lucknow||EE SSK Division-28 Haidergarh"
2025_UPIDC_1085714_2,01/EE/2025-26,SILT CLEARANCE OF AMETHI DY FROM KM 0.000 TO KM 3.000,SILT CLEARANCE OF AMETHI DY FROM KM 0.000 TO KM 3.000,Works,Open Tender,Item Wise,Civil Works - Canal,No,No,NA ,06-Nov-2025 11:00 AM,NA ,90.0,No ,No,Online,11-Nov-2025 03:00 PM,"U P Irrigation Department (Civil)||Chief Engineer-Sharda Sahayak, Lucknow||VII Circle Irrigation Works, Lucknow||EE SSK Division-49 Sultanpur",AMETHI,227405.0,3.0,"3,88,000",M/S S. CONSTRUCTIONS,"327,751.8",Rejected-AOC,08-Dec-2025,"U P Irrigation Department (Civil)||Chief Engineer-Sharda Sahayak, Lucknow||VII Circle Irrigation Works, Lucknow||EE SSK Division-49 Sultanpur"
2025_UPIDC_1079274_11,01/EE/2025-26 DT. 26-09-2025,Silt clearance and Bed scrapping,silt clearance between km 0.000 to km 10.000 and scraping between Km 10.000 to Km 12.500 on MEDNIPUR DY,Works,Open Tender,Item Rate,Civil Works - Canal,No,No,NA ,06-Oct-2025 10:00 AM,NA ,90.0,No ,No,Online,14-Oct-2025 02:00 PM,"U P Irrigation Department (Civil)||Chief Engineer-Gandak, Gorakhpur||Gandak IWC-1, Gorakhpur||ID-2, deoria",MEDNIPUR DY,274001.0,2.0,"5,01,287",ABHYUDAY TRADERS,"443,303.4",Accepted-AOC,03-Dec-2025,"U P Irrigation Department (Civil)||Chief Engineer-Gandak, Gorakhpur||Gandak IWC-1, Gorakhpur||ID-2, deoria"
2025_UPIDC_1081543_7,03/SE-6/2025-26,Janpad Unnao me Taura Scape ke km 0.000 se km 4.000 tak punarsathapana karya avam bayi patari ke km 1.200 se km 4.000 par brick on edge soling ka karya,Janpad Unnao me Taura Scape ke km 0.000 se km 4.000 tak punarsathapana karya avam bayi patari ke km 1.200 se km 4.000 par brick on edge soling ka karya,Works,Open Tender,Item Rate,Civil Works,No,No,NA ,10-Oct-2025 11:00 AM,13-Oct-2025 03:00 PM ,90.0,No ,No,Online,17-Oct-2025 03:00 PM,"U P Irrigation Department (Civil)||Chief Engineer-Sharda, Lucknow||VI Circle Irrigation Works, Lucknow",unnao,229801.0,2.0,"97,00,000",AKANKSHA ASSOCIATES,"6,930,514.85",Rejected-Finance,26-Nov-2025,"U P Irrigation Department (Civil)||Chief Engineer-Sharda, Lucknow||VI Circle Irrigation Works, Lucknow"
2025_UPPCL_1069350_2,29/ECCD-I/ 2025-26,MandR of Plaster Repairing internal Painting and other Misc Civil works in Res no LM102 and LM103 at Motijheel Hydel staff colony Lucknow,MandR of Plaster Repairing internal Painting and other Misc Civil works in Res no LM102 and LM103 at Motijheel Hydel staff colony Lucknow,Works,Open Tender,Percentage,Civil Works,No,No,NA ,23-Sep-2025 05:00 PM,NA ,120.0,No ,No,Offline,04-Oct-2025 03:30 PM,Uttar Pradesh Power Corporation Ltd.||SE Civil HQ Shakti Bhawan Extension||EE Civil HQ Attached to CE Civil 2||SE Civil HQ||EE ECCD Ist,LUCKNOW,226024.0,2.0,"1,20,604",M/S KAY KAY Enterprises,"93,396.12",Rejected-AOC,06-Dec-2025,Uttar Pradesh Power Corporation Ltd.||SE Civil HQ Shakti Bhawan Extension||EE Civil HQ Attached to CE Civil 2||SE Civil HQ||EE ECCD Ist
2025_UPIDC_1083166_1,02/EE/2025-26 Lat 8,SCRAPING WORK IN PAKHANPUR DY. FROM KM. 0.000 TO KM. 10.300,SCRAPING WORK IN PAKHANPUR DY. FROM KM. 0.000 TO KM. 10.300,Works,Open Tender,Item Rate,Civil Works,No,No,NA ,18-Oct-2025 11:00 AM,NA ,90.0,No ,No,Online,30-Oct-2025 02:00 PM,"U P Irrigation Department (Civil)||Chief Engineer-Sharda Sahayak, Lucknow||XIV Circle Irrigation Works, Azamgarh||SSD - 36 Jaunpur",EXECUTIVE ENGINEER SSK-36 JAUNPUR,222002.0,2.0,"4,59,000",KAMAL NARAYAN SINGH,"268,881",Rejected-Finance,02-Dec-2025,"U P Irrigation Department (Civil)||Chief Engineer-Sharda Sahayak, Lucknow||XIV Circle Irrigation Works, Azamgarh||SSD - 36 Jaunpur"
2025_UPIDC_1079352_29,10/EE/2025-26,silt clearance of Pingari Mr thirawali Mr,LOT29,Works,Open Tender,Piece-work,Civil Works,No,No,NA ,04-Oct-2025 10:00 AM,NA ,90.0,No ,No,Online,09-Oct-2025 04:00 PM,U P Irrigation Department (Civil)||Chief Engineer ( Yamuna) Okhla||S E Irrigation Works Circle III Agra||E E Upper Division Agra Canal Mathura,EE UDAC Mathura,281001.0,2.0,,KAILASH CHAND SHARMA,"212,904",Rejected-AOC,23-Dec-2025,U P Irrigation Department (Civil)||Chief Engineer ( Yamuna) Okhla||S E Irrigation Works Circle III Agra||E E Upper Division Agra Canal Mathura
2025_UPIDC_1082147_16,03/EE/2025-26,SILT AND JUNGLE CLEARANCE FROM INTERNAL SECTION OF FAKHARPUR DY. BETWEEN KM. 3.000 TO KM. 27.200,SILT AND JUNGLE CLEARANCE FROM INTERNAL SECTION OF FAKHARPUR DY. BETWEEN KM. 3.000 TO KM. 27.200,Works,Open Tender,Item Rate,Civil Works - Canal,No,No,NA ,13-Oct-2025 09:00 AM,NA ,90.0,No ,No,Online,18-Oct-2025 04:30 PM,"U P Irrigation Department (Civil)||Chief Engineer-Saryu Project-1, Faizabad||Irrigation Construction Circle, Bahraich||SCD-1, bahraich",Bahraich,271801.0,2.0,"11,51,000",AKSHYANTRA ENGINEERING CONSTRUCTION COMPANY,"736,292",Accepted-AOC,14-Nov-2025,"U P Irrigation Department (Civil)||Chief Engineer-Saryu Project-1, Faizabad||Irrigation Construction Circle, Bahraich||SCD-1, bahraich"
2025_UPIDC_1082147_17,03/EE/2025-26,"SILT AND JUNGLE CLEARANCE FROM INTERNAL SECTION OF PATTIKAMALPUR MR.BETWEEN KM. 0.000 TO 4.950, GOHANIYA MR. BETWEEN KM. 0.000 TO 2.000 AND KANDOSA MR. BETWEEN KM. 0.000 TO 4.200","SILT AND JUNGLE CLEARANCE FROM INTERNAL SECTION OF PATTIKAMALPUR MR.BETWEEN KM. 0.000 TO 4.950, GOHANIYA MR. BETWEEN KM. 0.000 TO 2.000 AND KANDOSA MR. BETWEEN KM. 0.000 TO 4.200",Works,Open Tender,Item Rate,Civil Works - Canal,No,No,NA ,13-Oct-2025 09:00 AM,NA ,90.0,No ,No,Online,18-Oct-2025 04:30 PM,"U P Irrigation Department (Civil)||Chief Engineer-Saryu Project-1, Faizabad||Irrigation Construction Circle, Bahraich||SCD-1, bahraich",Bahraich,271801.0,2.0,"2,17,000",M P Traders,"216,537.01",Rejected-Finance,14-Nov-2025,"U P Irrigation Department (Civil)||Chief Engineer-Saryu Project-1, Faizabad||Irrigation Construction Circle, Bahraich||SCD-1, bahraich"
2025_UPIDC_1085688_7,02/EE/2025-26,Earth Work in Silt clearance /Scraping of Lalit Nagar Mr.From km. 0.000 to km. 7.500,Earth Work in Silt clearance /Scraping of Lalit Nagar Mr.From km. 0.000 to km. 7.500,Works,Open Tender,Item Rate,Civil Works - Canal,No,No,NA ,06-Nov-2025 10:00 AM,NA ,90.0,No ,No,Online,12-Nov-2025 03:00 PM,"U P Irrigation Department (Civil)||Chief Engineer-Saryu Project-2, Gonda||Drainage Cirlce, Gonda||SCD-1 Balrampur",Shrawasti,271805.0,2.0,"1,95,000",m/s anil kumar mishra,"187,499.64",Rejected-Finance,02-Dec-2025,"U P Irrigation Department (Civil)||Chief Engineer-Saryu Project-2, Gonda||Drainage Cirlce, Gonda||SCD-1 Balrampur"
2025_UPTCL_1056958_1,16/ETC-II(P)/2025-2026,16/ETC-II(P)/2025-2026,"Configuration of stand by CPT Cum gateway in the existing ERL make SCADA system at 132 KV SS Koraon under ETD-III, Prayagraj.",Works,Open Tender,Item Rate,Electrical Works,No,No,NA ,15-Jul-2025 09:00 AM,NA ,120.0,No ,No,Offline,22-Jul-2025 01:00 PM,UP Power Transmission Corp.Ltd (Operation)||Chief Engineer (TE) East Allahabad||S.E. ETC-II Allahabad,132 KV S/S KORAON,212306.0,2.0,"4,20,000",R.S.ASSOCIATE,"412,500",Rejected-AOC,18-Dec-2025,UP Power Transmission Corp.Ltd (Operation)||Chief Engineer (TE) East Allahabad||S.E. ETC-II Allahabad
2025_UPIDC_1079352_28,10/EE/2025-26,silt clearance of Parkham Mr jamalpur,LOT28,Works,Open Tender,Piece-work,Civil Works,No,No,NA ,04-Oct-2025 10:00 AM,NA ,90.0,No ,No,Online,09-Oct-2025 04:00 PM,U P Irrigation Department (Civil)||Chief Engineer ( Yamuna) Okhla||S E Irrigation Works Circle III Agra||E E Upper Division Agra Canal Mathura,EE UDAC Mathura,281001.0,2.0,,KAILASH CHAND SHARMA,"120,932",Rejected-AOC,23-Dec-2025,U P Irrigation Department (Civil)||Chief Engineer ( Yamuna) Okhla||S E Irrigation Works Circle III Agra||E E Upper Division Agra Canal Mathura
2025_UPIDC_1086934_2,03/EE/SSK41/2025-26,Silt Clearance and Scrapping of existing internal section of Atheha Distributary From Km. 9.144 to Km. 27.450,Silt Clearance and Scrapping of existing internal section of Atheha Distributary From Km. 9.144 to Km. 27.450,Works,Open Tender,Item Rate,Civil Works - Canal,No,No,NA ,12-Nov-2025 10:00 AM,NA ,90.0,No ,No,Online,17-Nov-2025 01:00 PM,"U P Irrigation Department (Civil)||Chief Engineer-Sharda Sahayak, Lucknow||XVI Circle Irrigation Works, Pratapgargh||Sharda Sahayak Division 41 Amethi",Pratapgarh,229305.0,2.0,"11,15,000",M/s Jai Bajrang Bali Constructions,"613,179.183",Accepted-AOC,27-Nov-2025,"U P Irrigation Department (Civil)||Chief Engineer-Sharda Sahayak, Lucknow||XVI Circle Irrigation Works, Pratapgargh||Sharda Sahayak Division 41 Amethi"
2025_UPIDC_1079274_10,01/EE/2025-26 DT. 26-09-2025,Silt clearance and Bed scrapping,silt clearance between km 0.000 to km 5.000 and Scraping between Km 5.000 to Km 7.100 on CHAUMUKHA DY,Works,Open Tender,Item Rate,Civil Works - Canal,No,No,NA ,06-Oct-2025 10:00 AM,NA ,90.0,No ,No,Online,14-Oct-2025 02:00 PM,"U P Irrigation Department (Civil)||Chief Engineer-Gandak, Gorakhpur||Gandak IWC-1, Gorakhpur||ID-2, deoria",CHAUMUKHA DY,274001.0,2.0,"2,90,612",M/s Ayodhya Mishra,"240,147",Rejected-Finance,03-Dec-2025,"U P Irrigation Department (Civil)||Chief Engineer-Gandak, Gorakhpur||Gandak IWC-1, Gorakhpur||ID-2, deoria"
2025_UPIDC_1084346_5,05/EE/2025-26,Silt Clearance in Amausi Dy. from 20.600 to 34.996 for Rabi fasli 1433 year 2025-26 (Lot-5),Silt Clearance in Amausi Dy. from 20.600 to 34.996 for Rabi fasli 1433 year 2025-26 (Lot-5),Works,Open Tender,Item Rate,Civil Works - Canal,No,No,NA ,24-Oct-2025 10:00 AM,NA ,90.0,No ,No,Online,30-Oct-2025 02:05 PM,"U P Irrigation Department (Civil)||Chief Engineer-Sharda, Lucknow||VI Circle Irrigation Works, Lucknow||LD-2SC, lucknow",Lucknow,226010.0,2.0,"5,59,000",M/S MAHAJAN CONSTRUCTION AND SUPPLIER,"486,548.59",Rejected-Finance,01-Dec-2025,"U P Irrigation Department (Civil)||Chief Engineer-Sharda, Lucknow||VI Circle Irrigation Works, Lucknow||LD-2SC, lucknow"
2025_YEIDA_1051199_14,YEA/GM(PROJECT)/2025/354 DT-19/06/2025,"Resurfacing of 120mtr wide road between Sector-22D , 24 yea. WC-02","Resurfacing of 120mtr wide road between Sector-22D , 24 yea. WC-02",Works,Open Tender,Fixed-rate,Civil Works,No,No,NA ,24-Jun-2025 06:55 PM,NA ,90.0,No ,No,Online,10-Jul-2025 11:00 AM,Yamuna Expressway Industrial Development Authority,YAMUNA EXPRESSWAY INDUSTRIAL DEVELOPMENT AUTHORITY,201308.0,2.0,"13,58,20,486",Ayagi Projects (P) Ltd,"80,132,729.01",Rejected-Finance,30-Oct-2025,Yamuna Expressway Industrial Development Authority
2025_UPIDC_1084482_24,03/E.E./2025-26,Earth Work in Silt Clearance/Scraping of Kaptanganj Dy. from Km. 0.000 to Km. 11.600,Earth Work in Silt Clearance/Scraping,Works,Open Tender,Item Rate,Civil Works,No,No,NA ,08-Nov-2025 10:00 AM,NA ,90.0,No ,No,Online,14-Nov-2025 11:30 AM,"U P Irrigation Department (Civil)||Chief Engineer-Sharda Sahayak, Lucknow||XIV Circle Irrigation Works, Azamgarh||SSD-32, azamgarh",AZAMGARH,276001.0,2.0,"2,50,000",K D ENTERPRISES,"164,202.5",Not Admitted-Fee/PreQual/Technical,12-Dec-2025,"U P Irrigation Department (Civil)||Chief Engineer-Sharda Sahayak, Lucknow||XIV Circle Irrigation Works, Azamgarh||SSD-32, azamgarh"
2025_UPIDC_1084482_30,03/E.E./2025-26,Earth Work in Silt Clearance/Scraping of Kapsa Dy. from Km. 0.000 to Km. 13.000,Earth Work in Silt Clearance/Scraping,Works,Open Tender,Item Rate,Civil Works,No,No,NA ,17-Nov-2025 01:00 PM,NA ,90.0,No ,No,Online,22-Nov-2025 01:30 PM,"U P Irrigation Department (Civil)||Chief Engineer-Sharda Sahayak, Lucknow||XIV Circle Irrigation Works, Azamgarh||SSD-32, azamgarh",AZAMGARH,276001.0,2.0,"2,70,000",MS SURESH CONSTRUCTION,"187,026.61",Accepted-AOC,19-Dec-2025,"U P Irrigation Department (Civil)||Chief Engineer-Sharda Sahayak, Lucknow||XIV Circle Irrigation Works, Azamgarh||SSD-32, azamgarh"
2025_UPIDC_1084482_18,03/E.E./2025-26,Earth Work in Silt Clearance/Scraping of Tajpur Dy. from Km. 0.000 to Km. 6.000,Earth Work in Silt Clearance/Scraping,Works,Open Tender,Item Rate,Civil Works,No,No,NA ,24-Oct-2025 10:00 AM,NA ,90.0,No ,No,Online,01-Nov-2025 11:30 AM,"U P Irrigation Department (Civil)||Chief Engineer-Sharda Sahayak, Lucknow||XIV Circle Irrigation Works, Azamgarh||SSD-32, azamgarh",AZAMGARH,276001.0,2.0,"2,50,000",KAPIL DEO YADAV,"238,895.48",Rejected-AOC,06-Dec-2025,"U P Irrigation Department (Civil)||Chief Engineer-Sharda Sahayak, Lucknow||XIV Circle Irrigation Works, Azamgarh||SSD-32, azamgarh"
2025_UPIDC_1087747_2,01/EE/25-26 lot04,"AUCTION OF USELESS STORE NO.04 SITUATED IN THE PREMISES OF OFFICE OF MADHYA GANGA CANAL CONSTRUCTION DIVISION-4,HARYANA JOYA, AMROHA","AUCTION OF USELESS STORE NO.04 SITUATED IN THE PREMISES OF OFFICE OF MADHYA GANGA CANAL CONSTRUCTION DIVISION-4,HARYANA JOYA, AMROHA",Goods,Auction,Item Rate,Civil Construction Goods,No,No,NA ,10-Nov-2025 03:00 PM,NA ,90.0,No ,No,Online,19-Nov-2025 11:30 AM,"U P Irrigation Department (Civil)||Chief Engineer-Madhya Ganga, Aligarh||MGCC Circle, Bulandshahar||MGCCD-4, Amroha",AMROHA,244222.0,2.0,"3,73,000",ARMONIA CONSTRUCTIONS,"375,500",Accepted-AOC,10-Dec-2025,"U P Irrigation Department (Civil)||Chief Engineer-Madhya Ganga, Aligarh||MGCC Circle, Bulandshahar||MGCCD-4, Amroha"
2025_UPIDC_1086963_16,3646/IDMBD/Etender/2025 Dt 16.10.2025,Repairing of Guide Bundslope of Harewali Barrage,Repairing of Guide Bundslope of Harewali Barrage,Works,Open Tender,Item Rate,Civil Works - Canal,No,No,NA ,30-Oct-2025 06:55 PM,NA ,90.0,No ,No,Online,06-Nov-2025 02:00 PM,"U P Irrigation Department (Civil)||Chief Engineer-Eastern Ganga, Moradabad||Irrigation Works Circle, Moradabad||ID, moradabad",Moradabad,244001.0,2.0,"3,75,000",HINWAR CONSTRUCTION CO,"245,724.8",Rejected-Finance,01-Dec-2025,"U P Irrigation Department (Civil)||Chief Engineer-Eastern Ganga, Moradabad||Irrigation Works Circle, Moradabad||ID, moradabad"
2025_UPIDC_1082164_2,04/EE/2025-26,Silt clearance of IslamNagar Dy From Km. 0.000 to Km 17.200 (Lot-02),Silt clearance of IslamNagar Dy From Km. 0.000 to Km 17.200 (Lot-02),Works,Open Tender,Item Rate,Civil Works - Canal,No,No,NA ,14-Oct-2025 09:00 AM,16-Oct-2025 09:00 AM ,90.0,No ,No,Online,27-Oct-2025 12:00 PM,"U P Irrigation Department (Civil)||Chief Engineer-Sharda, Lucknow||Irrigation Works Circle, Sitapur||SDSC, sitapur",Sitapur,261001.0,2.0,"7,50,000",RAM PRATAP DIXIT,"645,035",Rejected-Finance,13-Nov-2025,"U P Irrigation Department (Civil)||Chief Engineer-Sharda, Lucknow||Irrigation Works Circle, Sitapur||SDSC, sitapur"
2025_UPPRD_1064082_37,240/Nivida/ZP/2025-26 Date- 22-07-2025,Work No 37 Gramsabha Nohrepur me Bhusiyawan shahgarh sampark marg se raghunathpur me mandir tak C.C.,Work No 37 Gramsabha Nohrepur me Bhusiyawan shahgarh sampark marg se raghunathpur me mandir tak C.C.,Works,Open Tender,Percentage,Civil Works - Others,No,No,NA ,11-Aug-2025 12:00 PM,NA ,90.0,No ,No,Offline,18-Aug-2025 02:30 PM,Panchayati Raj Department||Zila Panchayat Amethi,Amethi,227409.0,2.0,"7,63,954",BHARAT SINGH,"763,113.621",Accepted-AOC,15-Dec-2025,Panchayati Raj Department||Zila Panchayat Amethi
2025_UPPRD_1064082_117,240/Nivida/ZP/2025-26 Date- 22-07-2025,Work No 117 Gram panchayat saraiya kanu me pitch raod se siyaram Dubey ke ghar hote hue soling tak eet - soling,Work No 117 Gram panchayat saraiya kanu me pitch raod se siyaram Dubey ke ghar hote hue soling tak eet - soling,Works,Open Tender,Percentage,Civil Works - Others,No,No,NA ,11-Aug-2025 12:00 PM,NA ,90.0,No ,No,Offline,18-Aug-2025 02:30 PM,Panchayati Raj Department||Zila Panchayat Amethi,Amethi,227409.0,2.0,"4,67,999",Ayodhya Associates,"467,530.372",Rejected-Finance,22-Dec-2025,Panchayati Raj Department||Zila Panchayat Amethi
2025_UPIDC_1082548_2,01/EE/2025-26,Silt clearance work of keshampur Mr. from km. 0.000 to km. 7.115,silt clearance,Works,Open Tender,Item Rate,Civil Works - Canal,No,No,NA ,22-Oct-2025 10:00 AM,NA ,90.0,No ,No,Online,27-Oct-2025 04:00 PM,"U P Irrigation Department (Civil)||Chief Engineer-Ram Ganga, Kanpur||Irrigation Works Circle, Etawah||ID, auriya",Dibiyapur,206244.0,2.0,"2,08,000",BHOLE BABA CONSTRUCTION,"188,349.62",Accepted-AOC,14-Nov-2025,"U P Irrigation Department (Civil)||Chief Engineer-Ram Ganga, Kanpur||Irrigation Works Circle, Etawah||ID, auriya"
2025_UPIDC_1086955_3,04/E.E./2025-26,Silt Clearance/Scraping of Koraon Dy From Km. 0.000 to Km. 15.400.,Silt Clearance/Scraping of Koraon Dy From Km. 0.000 to Km. 15.400.,Services,Open Tender,Item Wise,Miscellaneous Services,No,No,NA ,30-Oct-2025 12:00 PM,NA ,90.0,No ,No,Online,08-Nov-2025 03:30 PM,"U P Irrigation Department (Civil)||Chief Engineer-Sone, Varanasi||Irrigation Works Circle, Allahabad||BCD, allahabad",Prayagraj,211004.0,2.0,"7,45,000",SHREE BALA JI ENTERPRISES,"391,385.6",Rejected-Finance,20-Dec-2025,"U P Irrigation Department (Civil)||Chief Engineer-Sone, Varanasi||Irrigation Works Circle, Allahabad||BCD, allahabad"
2025_UPPRD_1064082_103,240/Nivida/ZP/2025-26 Date- 22-07-2025,Work No 103 Gram panchayat Madhupur Khadri me Pitch Road Handi baba hote hue pawan Upadhayay ke ghar ki oor soling tak eet- soling,Work No 103 Gram panchayat Madhupur Khadri me Pitch Road Handi baba hote hue pawan Upadhayay ke ghar ki oor soling tak eet- soling,Works,Open Tender,Percentage,Civil Works - Others,No,No,NA ,11-Aug-2025 12:00 PM,NA ,90.0,No ,No,Offline,18-Aug-2025 02:30 PM,Panchayati Raj Department||Zila Panchayat Amethi,Amethi,227409.0,2.0,"14,08,069",M/ A S ENTERPRISES,"1,406,520.507",Accepted-AOC,17-Dec-2025,Panchayati Raj Department||Zila Panchayat Amethi
2025_UPIDC_1084580_21,03/AE4/2025-26,Earth work in silt clearance/Scraping of Jhohna Mr. from km. 0.000 to km. 2.800,Earth work in silt clearance/Scraping of Jhohna Mr. from km. 0.000 to km. 2.800,Works,Open Tender,Item Rate,Civil Works - Canal,No,No,NA ,08-Nov-2025 10:00 AM,NA ,90.0,No ,No,Online,14-Nov-2025 03:00 PM,"U P Irrigation Department (Civil)||Chief Engineer-Saryu Project-2, Gonda||Drainage Cirlce, Gonda||SCD-1 Balrampur",EE S.N.K.-1 BALRAMPUR,271201.0,2.0,"68,000",Jagdish Prasad Tewari Contractor,"61,991.27",Accepted-AOC,27-Dec-2025,"U P Irrigation Department (Civil)||Chief Engineer-Saryu Project-2, Gonda||Drainage Cirlce, Gonda||SCD-1 Balrampur"
2025_UPIDC_1082984_1,16/SE/DCA/2025-26,"Restoration of V.R.B. at km. 273.677 (Barotha), km 278.431 (Machua), km. 282.339 (Changeri) and km. 286.161 ( Shekhajheel) and Rehabilitation of Stairs at V.R.B. (Barotha) of U.G.C. in District Aligarh","Restoration of V.R.B. at km. 273.677 (Barotha), km 278.431 (Machua), km. 282.339 (Changeri) and km. 286.161 ( Shekhajheel) and Rehabilitation of Stairs at V.R.B. (Barotha) of U.G.C. in District Aligarh",Works,Open Tender,Item Wise,Civil Works - Canal,No,No,NA ,17-Oct-2025 02:00 PM,18-Oct-2025 01:00 PM ,90.0,No ,No,Online,27-Oct-2025 03:30 PM,"U P Irrigation Department (Civil)||Chief Engineer-Ganga, Meerut||Drainage Circle, Aligarh",ALIGARH,202001.0,2.0,"4,61,20,000",M/S HARENDRA SINGH,"35,918,276.19",Accepted-AOC,29-Dec-2025,"U P Irrigation Department (Civil)||Chief Engineer-Ganga, Meerut||Drainage Circle, Aligarh"
2025_UPIDC_1087606_3,01/EE/25-26,"AUCTION OF USELESS STORE NO.1 SITUATED IN THE PREMISES OF OFFICE OF MADHYA GANGA CANAL CONSTRUCTION DIVISION-4,HARYANA JOYA, AMROHA","AUCTION OF USELESS STORE NO.1 SITUATED IN THE PREMISES OF OFFICE OF MADHYA GANGA CANAL CONSTRUCTION DIVISION-4,HARYANA JOYA, AMROHA",Goods,Auction,Item Rate,Civil Construction Goods,No,No,NA ,10-Nov-2025 03:00 PM,NA ,90.0,No ,No,Online,19-Nov-2025 11:30 AM,"U P Irrigation Department (Civil)||Chief Engineer-Madhya Ganga, Aligarh||MGCC Circle, Bulandshahar||MGCCD-4, Amroha",AMROHA,244222.0,2.0,"3,73,000",ARMONIA CONSTRUCTIONS,"375,800",Accepted-AOC,22-Dec-2025,"U P Irrigation Department (Civil)||Chief Engineer-Madhya Ganga, Aligarh||MGCC Circle, Bulandshahar||MGCCD-4, Amroha"
2025_UPIDC_1080412_63,02/EE/2025-26,Silt Clearance from Km 0.000 to 11.100 of Uttha Dy.,Silt Clearance,Works,Open Tender,Item Wise,Civil Works - Canal,No,No,NA ,20-Nov-2025 12:00 PM,NA ,90.0,No ,No,Online,26-Nov-2025 12:00 PM,"U P Irrigation Department (Civil)||Chief Engineer-Ram Ganga, Kanpur||II Circle Irrigation Works, Kanpur||KDLGC, kanpur",Kanpur,208004.0,2.0,"5,65,000",DEV CONSTRUCTIONS AND SUPPLIERS,"307,328.33",Accepted-AOC,03-Dec-2025,"U P Irrigation Department (Civil)||Chief Engineer-Ram Ganga, Kanpur||II Circle Irrigation Works, Kanpur||KDLGC, kanpur"
2025_UPPRC_1074009_2,41/UPPCL/GM-7/E-TENDER/2025-26 Dated-23.08.2025,Construction of Morden workshop (Map-1) Training room etc. at Govt. I.T.I. Tirwa District-Kannauj (U.P.),Construction of Morden workshop (Map-1) Training room etc. at Govt. I.T.I. Tirwa District-Kannauj (U.P.),Works,Open Tender,Percentage,Civil Works - Buildings,No,No,NA ,19-Sep-2025 12:00 PM,NA ,90.0,No ,No,Online,26-Sep-2025 04:00 PM,U.P. Projects Corporation Ltd.||U.P. Projects Corp. Ltd.(MD)||Zone-7 Lucknow,District-Kannauj (U.P.),209732.0,2.0,"2,72,20,000",MITHALESH CONTRACTOR,"29,050,373.95",Accepted-AOC,27-Dec-2025,U.P. Projects Corporation Ltd.||U.P. Projects Corp. Ltd.(MD)||Zone-7 Lucknow
2025_UPIDC_1086698_50,04/AE-IV/2025-26,"Earth Work in Silt Clearance/Scraping of Sarsena Mr. from Km. 0.000 to Km. 5.000, and Sikandarpur Mr. from Km. 0.000 to Km. 1.800",Silt Clearance/Scraping,Works,Open Tender,Item Rate,Civil Works,No,No,NA ,13-Nov-2025 10:00 AM,NA ,90.0,No ,No,Online,19-Nov-2025 10:30 AM,"U P Irrigation Department (Civil)||Chief Engineer-Sharda Sahayak, Lucknow||XIV Circle Irrigation Works, Azamgarh||SSD-32, azamgarh",AZAMGARH,276001.0,2.0,"1,40,000",KHUDDI RAM,"107,477.42",Accepted-AOC,20-Dec-2025,"U P Irrigation Department (Civil)||Chief Engineer-Sharda Sahayak, Lucknow||XIV Circle Irrigation Works, Azamgarh||SSD-32, azamgarh"
2025_UPJNM_1099296_1,854/NIVIDA / 106 DATED 09-12-2025,"Operation of Electrical and Mechanical equipment including removal and disposal of chocking materials garbage etc. at 09 MLD Allahpur sewage pumping station, Prayagraj.","Operation of Electrical and Mechanical equipment including removal and disposal of chocking materials garbage etc. at 09 MLD Allahpur sewage pumping station, Prayagraj.",Services,Open Tender,Percentage,Miscellaneous Services,No,No,NA ,16-Dec-2025 09:00 AM,NA ,120.0,No ,No,Offline,23-Dec-2025 04:15 PM,"U P Jal Nigam (HQ), Lucknow||Chief Engineer (Allahabad)||SE, Yantrik Circle, Allahabad||PM, Ganga Pollution Control Unit (II) E-M, Alld",office of EE. cont. Divi. (E/M)UPJN (U) Prayagraj,211007.0,2.0,,SHABNAM ENTERPRISES,"541,256",Rejected-AOC,01-Jan-2026,"U P Jal Nigam (HQ), Lucknow||Chief Engineer (Allahabad)||SE, Yantrik Circle, Allahabad||PM, Ganga Pollution Control Unit (II) E-M, Alld"
2025_UPJNM_1097921_1,836/NIVIDA / 103 DATED 02-12-2025,"Operation of Electrical and Mechanical equipment including removal and disposal of chocking materials garbage etc. at 2 MLD Daraganj sewage pumping station, Prayagraj.","Operation of Electrical and Mechanical equipment including removal and disposal of chocking materials garbage etc. at 2 MLD Daraganj sewage pumping station, Prayagraj.",Services,Open Tender,Percentage,Miscellaneous Services,No,No,NA ,10-Dec-2025 09:00 AM,NA ,120.0,No ,No,Offline,17-Dec-2025 02:10 PM,"U P Jal Nigam (HQ), Lucknow||Chief Engineer (Allahabad)||SE, Yantrik Circle, Allahabad||PM, Ganga Pollution Control Unit (II) E-M, Alld",office of EE. cont. Divi. (E/M)UPJN (U) Prayagraj,211007.0,2.0,,SHABNAM ENTERPRISES,"539,579",Rejected-AOC,01-Jan-2026,"U P Jal Nigam (HQ), Lucknow||Chief Engineer (Allahabad)||SE, Yantrik Circle, Allahabad||PM, Ganga Pollution Control Unit (II) E-M, Alld"
2025_UPIDC_1080129_14,01/EE/LGC/FTP/2025-26,Patch Repairing work of Pented Service Road at Painsa Minor. From km. 0.000 to km 2.757,Patch Repairing work of Pented Service Road at Painsa Minor. From km. 0.000 to km 2.757,Works,Open Tender,Item Rate,Civil Works - Canal,No,No,NA ,07-Oct-2025 10:00 AM,08-Oct-2025 11:00 AM ,15.0,No ,No,Online,13-Oct-2025 02:00 PM,"U P Irrigation Department (Civil)||Chief Engineer-Ram Ganga, Kanpur||Irrigation Works Circle, Kanpur||FDLGC, fatehpur",Fatehpur,212601.0,2.0,,KUNWER ABHAY SINGH CONTRACTOR AND SUPPLIERS,"390,518",Rejected-Finance,07-Nov-2025,"U P Irrigation Department (Civil)||Chief Engineer-Ram Ganga, Kanpur||Irrigation Works Circle, Kanpur||FDLGC, fatehpur"
2025_UPIDC_1083668_31,01/EE/2025-26,Silt Clearance/Scraping work of Siswa Mr. (km 0.00 to 4.600),Silt Clearance/Scraping work of Siswa Mr. (km 0.00 to 4.600),Works,Open Tender,Item Rate,Civil Works - Canal,No,No,NA ,18-Oct-2025 10:00 AM,NA ,90.0,No ,No,Online,30-Oct-2025 04:00 PM,"U P Irrigation Department (Civil)||Chief Engineer-Saryu Project-2, Gonda||Drainage Cirlce, Gonda||EE Chitaurgarh Dam Construction Division Balrampur",Tulsipur Balrampur,271210.0,2.0,"1,15,000",M/S DHARMENDRA KUMAR THEKEDAR,"114,151.8",Accepted-AOC,05-Dec-2025,"U P Irrigation Department (Civil)||Chief Engineer-Saryu Project-2, Gonda||Drainage Cirlce, Gonda||EE Chitaurgarh Dam Construction Division Balrampur"
2025_UPIDC_1087895_6,03/E.E/2025-26,Silt clearance of Bhadri Dy. from Km 0.000 to Km 14.00 and Jungle clearance and scrapping work from Km from 14.00 to Km 20.950,Silt clearance of Bhadri Dy. from Km 0.000 to Km 14.00 and Jungle clearance and scrapping work from Km from 14.00 to Km 20.950,Works,Open Tender,Item Wise,Civil Works - Canal,No,No,NA ,03-Nov-2025 09:00 AM,NA ,15.0,No ,No,Online,11-Nov-2025 11:00 AM,"U P Irrigation Department (Civil)||Chief Engineer-Sharda Sahayak, Lucknow||XVI Circle Irrigation Works, Pratapgargh||ID, pratapgarh",pratapgarh,230001.0,2.0,"9,44,000",AMARSHIVRAJ ENTERPRISES,"939,744.18",Accepted-AOC,18-Nov-2025,"U P Irrigation Department (Civil)||Chief Engineer-Sharda Sahayak, Lucknow||XVI Circle Irrigation Works, Pratapgargh||ID, pratapgarh"
2025_UPIDC_1081481_1,01/EE/2025-26,Silt Clearance/Scraping between Km. Km. 0.000 to Km. 3.800 and Km. 3.800 to Km. 9.900 of Sekhuiya Mr.,Silt Clearance/Scraping between Km. Km. 0.000 to Km. 3.800 and Km. 3.800 to Km. 9.900 of Sekhuiya Mr.,Works,Open Tender,Item Rate,Civil Works - Canal,No,No,NA ,11-Oct-2025 02:00 PM,NA ,90.0,No ,No,Online,24-Oct-2025 03:00 PM,"U P Irrigation Department (Civil)||Chief Engineer-Saryu Project-2, Gonda||Drainage Cirlce, Gonda||SCD-4 Balrampur",Balrampur,271201.0,2.0,"2,78,000",M/S SANTOSH KUMAR CONTRECTOR AND GENRERAL,"183,567.26",Accepted-AOC,24-Nov-2025,"U P Irrigation Department (Civil)||Chief Engineer-Saryu Project-2, Gonda||Drainage Cirlce, Gonda||SCD-4 Balrampur"
2025_UPIDC_1082163_12,01/EE/2025-26,Patch repairing of Myohar dy. from Km. 7.000 to 8.800,Patch repairing of Myohar dy. from Km. 7.000 to 8.800,Works,Open Tender,Item Rate,Civil Works - Roads,No,No,NA ,13-Oct-2025 12:00 PM,16-Oct-2025 11:00 AM ,90.0,No ,No,Online,21-Oct-2025 02:00 PM,"U P Irrigation Department (Civil)||Chief Engineer-Ram Ganga, Kanpur||Irrigation Works Circle, Kanpur||ID, kaushambhi",Kaushambi,212207.0,2.0,"3,62,000",M/S NATTHU RAM DWIVEDI,"203,175",Accepted-AOC,19-Nov-2025,"U P Irrigation Department (Civil)||Chief Engineer-Ram Ganga, Kanpur||Irrigation Works Circle, Kanpur||ID, kaushambhi"
2025_UPIDC_1085715_121,02/AE-II/2025-26,Earth Work in Silt Clearance and Scraping of Karauja Mr. from Km. 0.000 to Km. 1.200 and Andhipur Mr. from Km. 0.000 to Km. 2.850,Silt Clearance and Scraping,Works,Open Tender,Item Rate,Civil Works,No,No,NA ,20-Nov-2025 01:00 PM,NA ,90.0,No ,No,Online,26-Nov-2025 03:00 PM,"U P Irrigation Department (Civil)||Chief Engineer-Sharda Sahayak, Lucknow||XIV Circle Irrigation Works, Azamgarh||SSD-32, azamgarh",AZAMGARH,276001.0,2.0,"84,000",Ravindra Yadav,"81,663.85",Accepted-AOC,26-Dec-2025,"U P Irrigation Department (Civil)||Chief Engineer-Sharda Sahayak, Lucknow||XIV Circle Irrigation Works, Azamgarh||SSD-32, azamgarh"
2025_UPPAN_1087284_1,"3300/PAN/ET/25, DT. 29-10-2025",CONSTRUCTION OF MESS AT THANA BHAGATPUR DISTT MORADABAD U.P.,CONSTRUCTION OF MESS AT THANA BHAGATPUR DISTT MORADABAD U.P.,Works,Open Tender,Percentage,Civil Works,No,No,NA ,30-Oct-2025 05:30 PM,NA ,90.0,No ,No,Online,14-Nov-2025 11:30 AM,UP Police Awas Nigam Limited||UP Police Awas Nigam Ltd HQ Lucknow,BHAGATPUR DISTT MORADABAD U.P.,244402.0,2.0,"13,71,000",A H CONSTRUCTION,"1,129,704",Rejected-Finance,09-Dec-2025,UP Police Awas Nigam Limited||UP Police Awas Nigam Ltd HQ Lucknow
2025_UPIDM_1089632_1,"04/EE/LICD,VNS/VCB/GPC/2025-26","04/EE/LICD,VNS/VCB/GPC/2025-26","PROVIDING, ERECTION COMMISSIONING n TESTING OF 11 KV VACCUM CIRCUIT BREAKER 1250A INDOOR TYPE PANEL FOR GYANPUR PUMP CANAL.",Works,Open Tender,Fixed-rate,Electrical Works,No,No,NA ,11-Nov-2025 10:00 AM,NA ,120.0,No ,No,Online,27-Nov-2025 03:00 PM,U P Irrigation Department (Mechanical)||Chief Engineer (Tubewell Varanasi)||Superintending Engineer (L S M) Varanasi||Executive Engineer(L S N Khand) Varanasi,"Gyanpur Pump Canal, Kehuni, Prayagraj",221502.0,2.0,"18,84,000",Actech Engineers,"1,789,470",Not Admitted-Fee/PreQual/Technical,08-Dec-2025,U P Irrigation Department (Mechanical)||Chief Engineer (Tubewell Varanasi)||Superintending Engineer (L S M) Varanasi||Executive Engineer(L S N Khand) Varanasi
2025_UPIDC_1080412_67,02/EE/2025-26,Silt Clearance from Km 0.000 to 14.700 of Auro Mr.,Silt Clearance,Works,Open Tender,Item Wise,Civil Works - Canal,No,No,NA ,20-Nov-2025 12:00 PM,NA ,90.0,No ,No,Online,26-Nov-2025 12:00 PM,"U P Irrigation Department (Civil)||Chief Engineer-Ram Ganga, Kanpur||II Circle Irrigation Works, Kanpur||KDLGC, kanpur",Kanpur,208004.0,2.0,"5,21,000",Mr. Dinesh Singh Sengar,"287,167.15",Accepted-AOC,03-Dec-2025,"U P Irrigation Department (Civil)||Chief Engineer-Ram Ganga, Kanpur||II Circle Irrigation Works, Kanpur||KDLGC, kanpur"
2025_UPIDC_1086698_4,04/AE-IV/2025-26,Earth Work in Silt Clearance/Scraping of Jamalpur Mr. from Km. 0.000 to Km. 5.000,Silt Clearance/Scraping,Works,Open Tender,Item Rate,Civil Works,No,No,NA ,30-Oct-2025 10:00 AM,NA ,90.0,No ,No,Online,07-Nov-2025 12:30 PM,"U P Irrigation Department (Civil)||Chief Engineer-Sharda Sahayak, Lucknow||XIV Circle Irrigation Works, Azamgarh||SSD-32, azamgarh",AZAMGARH,276001.0,2.0,"1,50,000",ANAND CONSTRUCTION,"109,300.4",Rejected-AOC,06-Dec-2025,"U P Irrigation Department (Civil)||Chief Engineer-Sharda Sahayak, Lucknow||XIV Circle Irrigation Works, Azamgarh||SSD-32, azamgarh"
2025_UPIDC_1083624_15,01/EE/2025-2026,SILT CLEARANCE/SCRAPPING OF MAHOLIYA DY KM 0.00 TO 11.200,SILT CLEARANCE/SCRAPPING OF MAHOLIYA DY KM 0.00 TO 11.200,Works,Open Tender,Item Rate,Civil Works - Canal,No,No,NA ,18-Oct-2025 11:00 AM,NA ,90.0,No ,No,Online,30-Oct-2025 11:00 AM,"U P Irrigation Department (Civil)||Chief Engineer-Sharda, Lucknow||VI Circle Irrigation Works, Lucknow||ID, unnao",UNNAO,209801.0,2.0,"5,30,000",M/S DHUNNAR PRASAD,"497,522.2",Accepted-AOC,11-Nov-2025,"U P Irrigation Department (Civil)||Chief Engineer-Sharda, Lucknow||VI Circle Irrigation Works, Lucknow||ID, unnao"
2025_UPIDC_1086698_54,04/AE-IV/2025-26,"Earth Work in Silt Clearance/Scraping of Manajit Mr. from Km. 0.000 to Km. 2.400, and Rasulpur Mr. from Km. 0.000 to Km. 3.300",Silt Clearance/Scraping,Works,Open Tender,Item Rate,Civil Works,No,No,NA ,13-Nov-2025 10:00 AM,NA ,90.0,No ,No,Online,19-Nov-2025 10:30 AM,"U P Irrigation Department (Civil)||Chief Engineer-Sharda Sahayak, Lucknow||XIV Circle Irrigation Works, Azamgarh||SSD-32, azamgarh",AZAMGARH,276001.0,2.0,"1,10,000",KHUDDI RAM,"80,901.6",Not Admitted-Fee/PreQual/Technical,20-Dec-2025,"U P Irrigation Department (Civil)||Chief Engineer-Sharda Sahayak, Lucknow||XIV Circle Irrigation Works, Azamgarh||SSD-32, azamgarh"
2025_UPIDC_1086698_40,04/AE-IV/2025-26,"Earth Work in Silt Clearance/Scraping of Shadipur Mr. from Km. 0.000 to Km. 2.200, and Netpur Mr. from Km. 0.000 to Km. 1.800",Silt Clearance/Scraping,Works,Open Tender,Item Rate,Civil Works,No,No,NA ,13-Nov-2025 10:00 AM,NA ,90.0,No ,No,Online,19-Nov-2025 10:30 AM,"U P Irrigation Department (Civil)||Chief Engineer-Sharda Sahayak, Lucknow||XIV Circle Irrigation Works, Azamgarh||SSD-32, azamgarh",AZAMGARH,276001.0,2.0,"80,000",M/s. S. BROTHERS CONSTRUCTION,"54,448.24",Rejected-Finance,23-Dec-2025,"U P Irrigation Department (Civil)||Chief Engineer-Sharda Sahayak, Lucknow||XIV Circle Irrigation Works, Azamgarh||SSD-32, azamgarh"
2025_UPPAN_1089618_1,"3430/PAN/ET/25-26, DT. 10-11-2025",CONSTRUCTION C.O. OFFICE BUILDING AT DIBAI DISTT BULANDSAHAR U.P.,CONSTRUCTION C.O. OFFICE BUILDING AT DIBAI DISTT BULANDSAHAR U.P.,Works,Open Tender,Percentage,Civil Works,No,No,NA ,10-Nov-2025 06:00 PM,NA ,90.0,No ,No,Online,25-Nov-2025 11:30 AM,UP Police Awas Nigam Limited||UP Police Awas Nigam Ltd HQ Lucknow,DIBAI DISTT BULANDSAHAR U.P.,203393.0,2.0,"67,41,000",harsh associates,"6,594,720",Rejected-Finance,30-Dec-2025,UP Police Awas Nigam Limited||UP Police Awas Nigam Ltd HQ Lucknow
2025_UPIDC_1084580_25,03/AE4/2025-26,Earth work in silt clearance/Scrapping Work of Bagahi Mr. from km. 0.000 to km. 3.400,Earth work in silt clearance/Scrapping Work of Bagahi Mr. from km. 0.000 to km. 3.400,Works,Open Tender,Item Rate,Civil Works - Canal,No,No,NA ,08-Nov-2025 10:00 AM,NA ,90.0,No ,No,Online,14-Nov-2025 03:00 PM,"U P Irrigation Department (Civil)||Chief Engineer-Saryu Project-2, Gonda||Drainage Cirlce, Gonda||SCD-1 Balrampur",Balrampur,271201.0,2.0,"57,000",DEV PRAKASH TRIPATHI,"46,231.9",Accepted-AOC,27-Dec-2025,"U P Irrigation Department (Civil)||Chief Engineer-Saryu Project-2, Gonda||Drainage Cirlce, Gonda||SCD-1 Balrampur"
2025_UPIDC_1084580_19,03/AE4/2025-26,Earth work in silt clearance/Scraping of Dharampur Mr. from km. 0.000 to km. 2.500,Earth work in silt clearance/Scraping of Dharampur Mr. from km. 0.000 to km. 2.500,Works,Open Tender,Item Rate,Civil Works - Canal,No,No,NA ,08-Nov-2025 10:00 AM,NA ,90.0,No ,No,Online,14-Nov-2025 03:00 PM,"U P Irrigation Department (Civil)||Chief Engineer-Saryu Project-2, Gonda||Drainage Cirlce, Gonda||SCD-1 Balrampur",Balrampur,271201.0,2.0,"40,000",DEV PRAKASH TRIPATHI,"38,938.88",Accepted-AOC,24-Dec-2025,"U P Irrigation Department (Civil)||Chief Engineer-Saryu Project-2, Gonda||Drainage Cirlce, Gonda||SCD-1 Balrampur"
2025_UPPRD_1064082_107,240/Nivida/ZP/2025-26 Date- 22-07-2025,Work No 107 Gramsabha Punnpur me Badgaon sitalaganj marg se ojha ka purva tak C.c.,Work No 107 Gramsabha Punnpur me Badgaon sitalaganj marg se ojha ka purva tak C.c.,Works,Open Tender,Percentage,Civil Works - Others,No,No,NA ,11-Aug-2025 12:00 PM,NA ,90.0,No ,No,Offline,18-Aug-2025 02:30 PM,Panchayati Raj Department||Zila Panchayat Amethi,Amethi,227409.0,2.0,"21,19,450",BRIJESH PRATAP SINGH,"2,116,906.181",Rejected-Finance,22-Dec-2025,Panchayati Raj Department||Zila Panchayat Amethi
2025_UPIDC_1086955_7,04/E.E./2025-26,Silt Clearance/Scraping of Upraudh Dy From Km. 2.800 to Km. 16.200 By Hydralick Excavator (Poclain).,Silt Clearance/Scraping of Upraudh Dy From Km. 2.800 to Km. 16.200 By Hydralick Excavator (Poclain).,Services,Open Tender,Item Wise,Miscellaneous Services,No,No,NA ,30-Oct-2025 12:00 PM,NA ,90.0,No ,No,Online,08-Nov-2025 03:30 PM,"U P Irrigation Department (Civil)||Chief Engineer-Sone, Varanasi||Irrigation Works Circle, Allahabad||BCD, allahabad",Prayagraj,211004.0,2.0,"7,69,000",M/S GUFRAN CONSTRUCTION,"475,900.8",Rejected-Finance,28-Dec-2025,"U P Irrigation Department (Civil)||Chief Engineer-Sone, Varanasi||Irrigation Works Circle, Allahabad||BCD, allahabad"
2025_UPPRD_1064082_113,240/Nivida/ZP/2025-26 Date- 22-07-2025,Work No 113 Gramsabha Dhaurhra me primary vidyalay Dhaurhra ke pass pitch road se antyeshti sthalak eet-soling,Work No 113 Gramsabha Dhaurhra me primary vidyalay Dhaurhra ke pass pitch road se antyeshti sthalak eet-soling,Works,Open Tender,Percentage,Civil Works - Others,No,No,NA ,11-Aug-2025 12:00 PM,NA ,90.0,No ,No,Offline,18-Aug-2025 02:30 PM,Panchayati Raj Department||Zila Panchayat Amethi,Amethi,227409.0,2.0,"11,04,229",M/S AMIT ENTERPRISES,"1,103,124.681",Rejected-Finance,22-Dec-2025,Panchayati Raj Department||Zila Panchayat Amethi
2025_UPPRD_1064082_33,240/Nivida/ZP/2025-26 Date- 22-07-2025,Work No 33 Gram sabha dedhapsar Amethi- Antu marg par Rakesh srivastav ki dukan se interloking tak C.C.,Work No 33 Gram sabha dedhapsar Amethi- Antu marg par Rakesh srivastav ki dukan se interloking tak C.C.,Works,Open Tender,Percentage,Civil Works - Others,No,No,NA ,11-Aug-2025 12:00 PM,NA ,90.0,No ,No,Offline,18-Aug-2025 02:30 PM,Panchayati Raj Department||Zila Panchayat Amethi,Amethi,227409.0,2.0,"22,48,371",M/s R.A. Construction,"2,244,548.11",Accepted-AOC,15-Dec-2025,Panchayati Raj Department||Zila Panchayat Amethi
2025_UPIDC_1084482_20,03/E.E./2025-26,Earth Work in Silt Clearance/Scraping of Bankata Dy. from Km. 0.000 to Km. 10.250,Earth Work in Silt Clearance/Scraping,Works,Open Tender,Item Rate,Civil Works,No,No,NA ,24-Oct-2025 10:00 AM,NA ,90.0,No ,No,Online,01-Nov-2025 11:30 AM,"U P Irrigation Department (Civil)||Chief Engineer-Sharda Sahayak, Lucknow||XIV Circle Irrigation Works, Azamgarh||SSD-32, azamgarh",AZAMGARH,276001.0,2.0,"4,20,000",M/S LALCHAND YADAV,"363,693.75",Rejected-AOC,06-Dec-2025,"U P Irrigation Department (Civil)||Chief Engineer-Sharda Sahayak, Lucknow||XIV Circle Irrigation Works, Azamgarh||SSD-32, azamgarh"
2025_UPIDC_1082164_6,04/EE/2025-26,Scraping of internal section of Dingra Dy. From Km. 0.000 to km 8.800 (Lot-06),Scraping of internal section of Dingra Dy. From Km. 0.000 to km 8.800 (Lot-06),Works,Open Tender,Item Rate,Civil Works - Canal,No,No,NA ,14-Oct-2025 09:00 AM,16-Oct-2025 12:00 PM ,90.0,No ,No,Online,27-Oct-2025 12:00 PM,"U P Irrigation Department (Civil)||Chief Engineer-Sharda, Lucknow||Irrigation Works Circle, Sitapur||SDSC, sitapur",Sitapur,261001.0,2.0,"2,92,000",M/S ANIL KUMAR SINGH,"269,117",Rejected-Finance,13-Nov-2025,"U P Irrigation Department (Civil)||Chief Engineer-Sharda, Lucknow||Irrigation Works Circle, Sitapur||SDSC, sitapur"
2025_UPIDC_1086963_12,3646/IDMBD/Etender/2025 Dt 16.10.2025,Repairing of daula and closing rain cuts on left bank from Km 49.750 to Km 53.825 of RGFC,Repairing of daula and closing rain cuts on left bank from Km 49.750 to Km 53.825 of RGFC,Works,Open Tender,Item Rate,Civil Works - Canal,No,No,NA ,30-Oct-2025 06:00 PM,NA ,90.0,No ,No,Online,06-Nov-2025 02:00 PM,"U P Irrigation Department (Civil)||Chief Engineer-Eastern Ganga, Moradabad||Irrigation Works Circle, Moradabad||ID, moradabad",Moradabad,244001.0,2.0,"4,90,000",V K CONTRACTOR,"300,003.95",Rejected-Technical,01-Dec-2025,"U P Irrigation Department (Civil)||Chief Engineer-Eastern Ganga, Moradabad||Irrigation Works Circle, Moradabad||ID, moradabad"
2025_UPIDC_1079274_14,01/EE/2025-26 DT. 26-09-2025,Silt clearance,silt clearance of Sirsiya DY. in between km 0.000 to km 12.800,Works,Open Tender,Item Rate,Civil Works - Canal,No,No,NA ,06-Oct-2025 10:00 AM,NA ,90.0,No ,No,Online,14-Oct-2025 02:00 PM,"U P Irrigation Department (Civil)||Chief Engineer-Gandak, Gorakhpur||Gandak IWC-1, Gorakhpur||ID-2, deoria",Sirsiya DY,274001.0,2.0,"4,42,150",M/S TRIPATHI CONSTRUCTION AND SUPPLIER,"336,034",Accepted-AOC,03-Dec-2025,"U P Irrigation Department (Civil)||Chief Engineer-Gandak, Gorakhpur||Gandak IWC-1, Gorakhpur||ID-2, deoria"
2025_UPIDC_1086855_2,03/EE/SSK41/2025-26,Silt Clearance and Scrapping of Shivratanganj Dy. from Km. 0.000 to 7.250,Silt Clearance and Scrapping of Shivratanganj Dy. from Km. 0.000 to 7.250,Works,Open Tender,Item Rate,Civil Works - Canal,No,No,NA ,07-Nov-2025 11:00 AM,NA ,90.0,No ,No,Online,12-Nov-2025 03:00 PM,"U P Irrigation Department (Civil)||Chief Engineer-Sharda Sahayak, Lucknow||XVI Circle Irrigation Works, Pratapgargh||Sharda Sahayak Division 41 Amethi",Amethi,227409.0,2.0,"3,35,000",369 Building Solutions,"300,222.12",Accepted-AOC,19-Nov-2025,"U P Irrigation Department (Civil)||Chief Engineer-Sharda Sahayak, Lucknow||XVI Circle Irrigation Works, Pratapgargh||Sharda Sahayak Division 41 Amethi"
2025_UPJNM_1099292_1,854/NIVIDA / 106 DATED 09-12-2025,"Operation of Electrical and Mechanical equipment removal and disposal of choking materials garbage etc. at 80 MLD Alopibagh sewage pumping station, Prayagraj.","Operation of Electrical and Mechanical equipment removal and disposal of choking materials garbage etc. at 80 MLD Alopibagh sewage pumping station, Prayagraj.",Services,Open Tender,Percentage,Miscellaneous Services,No,No,NA ,16-Dec-2025 09:00 AM,NA ,120.0,No ,No,Offline,23-Dec-2025 04:00 PM,"U P Jal Nigam (HQ), Lucknow||Chief Engineer (Allahabad)||SE, Yantrik Circle, Allahabad||PM, Ganga Pollution Control Unit (II) E-M, Alld",office of EE. cont. Divi. (E/M)UPJN (U) Prayagraj,211007.0,2.0,,chaudhary engineering works,"578,641",Accepted-AOC,01-Jan-2026,"U P Jal Nigam (HQ), Lucknow||Chief Engineer (Allahabad)||SE, Yantrik Circle, Allahabad||PM, Ganga Pollution Control Unit (II) E-M, Alld"
2025_UPIDC_1082147_13,03/EE/2025-26,SILT AND JUNGLE CLEARANCE FROM INTERNAL SECTION OF SUTAULI MR. BETWEEN KM. 0.000 TO 12.600,SILT AND JUNGLE CLEARANCE FROM INTERNAL SECTION OF SUTAULI MR. BETWEEN KM. 0.000 TO 12.600,Works,Open Tender,Item Rate,Civil Works - Canal,No,No,NA ,13-Oct-2025 09:00 AM,NA ,90.0,No ,No,Online,18-Oct-2025 04:30 PM,"U P Irrigation Department (Civil)||Chief Engineer-Saryu Project-1, Faizabad||Irrigation Construction Circle, Bahraich||SCD-1, bahraich",Bahraich,271801.0,2.0,"5,96,000",M/S G N CONSTRUCTION,"590,592.62",Accepted-AOC,14-Nov-2025,"U P Irrigation Department (Civil)||Chief Engineer-Saryu Project-1, Faizabad||Irrigation Construction Circle, Bahraich||SCD-1, bahraich"
2025_UPIDC_1082040_26,02/EE/2025-26,Silt Clearance/Scraping of Dhabi Mr.From Km. 0.000 to Km. 7.850 for Rabi 1433 Crop for the Year 2025-26(Lot-5),Silt Clearance/Scraping of Dhabi Mr.From Km. 0.000 to Km. 7.850 for Rabi 1433 Crop for the Year 2025-26,Works,Open Tender,Item Wise,Civil Works - Canal,No,No,NA ,22-Oct-2026 07:05 PM,NA ,90.0,No ,No,Online,31-Oct-2025 04:00 PM,"U P Irrigation Department (Civil)||Chief Engineer-Eastern Ganga, Moradabad||EGCC Circle, Haridwar||ID, bijnore",Bijnor,246701.0,2.0,"3,34,000",M/S SHRSDDHA CONSTRUCTION,"253,946.92",Rejected-AOC,04-Nov-2025,"U P Irrigation Department (Civil)||Chief Engineer-Eastern Ganga, Moradabad||EGCC Circle, Haridwar||ID, bijnore"
2025_UPIDC_1082040_32,02/EE/2025-26,Silt Clearance /scraping of kadarpur mr mr.from km 0.00 to 5.900 km(Lot-21),Silt Clearance /scraping of kadarpur mr mr.from km 0.00 to 5.900 km,Works,Open Tender,Item Wise,Civil Works - Canal,No,No,NA ,22-Oct-2025 09:00 AM,NA ,90.0,No ,No,Online,03-Nov-2025 11:00 AM,"U P Irrigation Department (Civil)||Chief Engineer-Eastern Ganga, Moradabad||EGCC Circle, Haridwar||ID, bijnore",Bijnor,246701.0,2.0,"2,59,000",NAWAB ALI,"214,299.1",Rejected-AOC,12-Nov-2025,"U P Irrigation Department (Civil)||Chief Engineer-Eastern Ganga, Moradabad||EGCC Circle, Haridwar||ID, bijnore"
2025_UPIDM_1070065_2,"Tender Notice No-03/EEMLCD/MZP/2025-26, Lot- 03","Tender Notice No-03/EEMLCD/MZP/2025-26, Lot- 03, Retender",Renovation of store and operator room at Ramnagar Sikari pump canal.,Works,Open Tender,Item Wise,Civil Works,No,No,NA ,08-Oct-2025 05:30 PM,NA ,90.0,No ,No,Online,15-Oct-2025 02:00 PM,U P Irrigation Department (Mechanical)||Chief Engineer (Tubewell Varanasi)||Superintending Engineer (Tubewell) Mirzapur||Executive Engineer(MLCD) Mirzapur,"Vill-Ramnagar Sikri, Blcok-Pahadi, Dist-Mirzapur",231001.0,2.0,,DUBEY CONSTRUCTION,"391,646",Rejected-AOC,26-Nov-2025,U P Irrigation Department (Mechanical)||Chief Engineer (Tubewell Varanasi)||Superintending Engineer (Tubewell) Mirzapur||Executive Engineer(MLCD) Mirzapur
2025_UPIDC_1082040_33,02/EE/2025-26,Silt Clearance /scraping of gogli mr.from km 0.00 to 8.865 km(Lot-22),Silt Clearance /scraping of gogli mr.from km 0.00 to 8.865 km,Works,Open Tender,Item Wise,Civil Works - Canal,No,No,NA ,22-Oct-2025 09:00 AM,NA ,90.0,No ,No,Online,03-Nov-2025 11:00 AM,"U P Irrigation Department (Civil)||Chief Engineer-Eastern Ganga, Moradabad||EGCC Circle, Haridwar||ID, bijnore",Bijnor,246701.0,2.0,"2,62,000",SHIV CONTRACTOR,"227,286.58",Rejected-AOC,21-Nov-2025,"U P Irrigation Department (Civil)||Chief Engineer-Eastern Ganga, Moradabad||EGCC Circle, Haridwar||ID, bijnore"
2025_UPIDC_1082040_27,02/EE/2025-26,Earth Work in silt clearance And Scraping of Haldaur dy. from km 0.000 to km 30.277 for the year 2025-26 (Rabi 1433 Fasli)(Lot-6),Earth Work in silt clearance and Scraping of Haldaur dy. from km 0.000 to km 30.277 for the year 2025-26 (Rabi 1433 Fasli),Works,Open Tender,Item Wise,Civil Works - Canal,No,No,NA ,22-Oct-2025 09:00 AM,NA ,90.0,No ,No,Online,03-Nov-2025 11:00 AM,"U P Irrigation Department (Civil)||Chief Engineer-Eastern Ganga, Moradabad||EGCC Circle, Haridwar||ID, bijnore",Bijnor,246701.0,2.0,"15,22,000",SHEESHPAL SINGH CONTRACTOR,"1,247,005.61",Rejected-AOC,12-Nov-2025,"U P Irrigation Department (Civil)||Chief Engineer-Eastern Ganga, Moradabad||EGCC Circle, Haridwar||ID, bijnore"
2025_UPTCL_1072925_1,30/ETC-II(P)/2025-2026,30/ETC-II(P)/2025-2026,"Partial discharge, Tan delta test of various equipments at 400 KV, 220 KV, 132 KV Substations, under ETD-II, Prayagraj.",Works,Open Tender,Item Rate,Electrical Works,No,No,NA ,11-Sep-2025 09:00 AM,NA ,120.0,No ,No,Offline,25-Sep-2025 01:00 PM,UP Power Transmission Corp.Ltd (Operation)||Chief Engineer (TE) East Allahabad||S.E. ETC-II Allahabad,ETD-II PRAYAGRAJ,211001.0,2.0,"4,45,000",General Engineering Works,"400,905",Accepted-AOC,24-Dec-2025,UP Power Transmission Corp.Ltd (Operation)||Chief Engineer (TE) East Allahabad||S.E. ETC-II Allahabad
2025_UPIDC_1082147_12,03/EE/2025-26,SILT AND JUNGLE CLEARANCE FROM INTERNAL SECTION OF UMRY DAHLU MR. BETWEEN KM. 0.000 TO 4.800 AND MADHOPUR MR. BETWEEN KM. 0.000 TO 3.000,SILT AND JUNGLE CLEARANCE FROM INTERNAL SECTION OF UMRY DAHLU MR. BETWEEN KM. 0.000 TO 4.800 AND MADHOPUR MR. BETWEEN KM. 0.000 TO 3.000,Works,Open Tender,Item Rate,Civil Works - Canal,No,No,NA ,13-Oct-2025 09:00 AM,NA ,90.0,No ,No,Online,18-Oct-2025 04:30 PM,"U P Irrigation Department (Civil)||Chief Engineer-Saryu Project-1, Faizabad||Irrigation Construction Circle, Bahraich||SCD-1, bahraich",Bahraich,271801.0,2.0,"1,96,000",M/S PESHKAR RAO,"150,326.9",Accepted-AOC,14-Nov-2025,"U P Irrigation Department (Civil)||Chief Engineer-Saryu Project-1, Faizabad||Irrigation Construction Circle, Bahraich||SCD-1, bahraich"
2025_UPIDC_1081543_3,03/SE-6/2025-26,Janpad Unnao me Rawatpur sthit nirikshan bhawan avam aawasiya colony ke maramat ka karya,Janpad Unnao me Rawatpur sthit nirikshan bhawan avam aawasiya colony ke maramat ka karya,Works,Open Tender,Item Rate,Civil Works,No,No,NA ,10-Oct-2025 11:00 AM,13-Oct-2025 03:00 PM ,90.0,No ,No,Online,17-Oct-2025 03:00 PM,"U P Irrigation Department (Civil)||Chief Engineer-Sharda, Lucknow||VI Circle Irrigation Works, Lucknow",unnao,229801.0,2.0,"1,45,00,000",M/S SURENDRA TRADERS,"11,545,276.81",Not Admitted-Fee/PreQual/Technical,02-Dec-2025,"U P Irrigation Department (Civil)||Chief Engineer-Sharda, Lucknow||VI Circle Irrigation Works, Lucknow"
2025_UPIDC_1079274_15,01/EE/2025-26 DT. 26-09-2025,Silt clearance,silt clearance of hata dy in between Km 22.200. to Km 58.200,Works,Open Tender,Item Rate,Civil Works - Canal,No,No,NA ,06-Oct-2025 10:00 AM,NA ,90.0,No ,No,Online,14-Oct-2025 02:00 PM,"U P Irrigation Department (Civil)||Chief Engineer-Gandak, Gorakhpur||Gandak IWC-1, Gorakhpur||ID-2, deoria",HATA DY,274001.0,2.0,"20,51,200",M/s Vikash Kumar Dubey,"1,846,080",Rejected-Finance,03-Dec-2025,"U P Irrigation Department (Civil)||Chief Engineer-Gandak, Gorakhpur||Gandak IWC-1, Gorakhpur||ID-2, deoria"
2025_UPIDM_1078912_3,16/LCDJ/EE/2025-26,"Restoration of canal section of Parichha Minor of Badagaon Main Canal, Jhansi at Reach 2.00 km to 2.76 km","Restoration of canal section of Parichha Minor of Badagaon Main Canal, Jhansi at Reach 2.00 km to 2.76 km",Works,Open Tender,Item Rate,Civil Works,No,No,NA ,31-Oct-2025 10:00 AM,NA ,90.0,No ,No,Online,06-Nov-2025 02:00 PM,U P Irrigation Department (Mechanical)||Chief Engineer (Tubewell Centre)||Superintending Engineer(Tubewell) - Jhansi||Executive Engineer (LCD)-Jhansi,Badagaon Pump Canal District Jhansi,284121.0,2.0,"16,65,000",RAM PRATAP DIXIT,"1,062,626",Rejected-Finance,15-Dec-2025,U P Irrigation Department (Mechanical)||Chief Engineer (Tubewell Centre)||Superintending Engineer(Tubewell) - Jhansi||Executive Engineer (LCD)-Jhansi
2025_UPIDC_1082164_7,04/EE/2025-26,Silt clearance of Mahsoi Mr. From Km 0.000 to km 4.800 and scraping of internal section From Km 4.800 to km 8.600 (Lot-07),Silt clearance of Mahsoi Mr. From Km 0.000 to km 4.800 and scraping of internal section From Km 4.800 to km 8.600 (Lot-07),Works,Open Tender,Item Rate,Civil Works - Canal,No,No,NA ,14-Oct-2025 09:00 AM,16-Oct-2025 12:00 PM ,90.0,No ,No,Online,27-Oct-2025 12:00 PM,"U P Irrigation Department (Civil)||Chief Engineer-Sharda, Lucknow||Irrigation Works Circle, Sitapur||SDSC, sitapur",Sitapur,261001.0,2.0,"2,51,000",Ram Vilas,"209,968",Rejected-Finance,13-Nov-2025,"U P Irrigation Department (Civil)||Chief Engineer-Sharda, Lucknow||Irrigation Works Circle, Sitapur||SDSC, sitapur"
2025_UPIDC_1086963_13,3646/IDMBD/Etender/2025 Dt 16.10.2025,Repairing of sub division office of irrigation division Moradabad at Amroha,Repairing of sub division office of irrigation division Moradabad at Amroha,Works,Open Tender,Item Rate,Civil Works - Canal,No,No,NA ,30-Oct-2025 06:00 PM,NA ,90.0,No ,No,Online,06-Nov-2025 02:00 PM,"U P Irrigation Department (Civil)||Chief Engineer-Eastern Ganga, Moradabad||Irrigation Works Circle, Moradabad||ID, moradabad",Moradabad,244001.0,2.0,"3,94,000",V K CONTRACTOR,"298,293",Rejected-Finance,01-Dec-2025,"U P Irrigation Department (Civil)||Chief Engineer-Eastern Ganga, Moradabad||Irrigation Works Circle, Moradabad||ID, moradabad"
2025_UPIDC_1084482_35,03/E.E./2025-26,Earth Work in Silt Clearance/Scraping of Indara Dy. from Km. 9.600 to Km. 18.000,Earth Work in Silt Clearance/Scraping,Works,Open Tender,Item Rate,Civil Works,No,No,NA ,24-Nov-2025 12:30 PM,NA ,90.0,No ,No,Online,29-Nov-2025 01:00 PM,"U P Irrigation Department (Civil)||Chief Engineer-Sharda Sahayak, Lucknow||XIV Circle Irrigation Works, Azamgarh||SSD-32, azamgarh",AZAMGARH,276001.0,2.0,"3,50,000",M/s Lalta Yadav,"237,468",Rejected-AOC,12-Dec-2025,"U P Irrigation Department (Civil)||Chief Engineer-Sharda Sahayak, Lucknow||XIV Circle Irrigation Works, Azamgarh||SSD-32, azamgarh"
2025_UPPRD_1064082_32,240/Nivida/ZP/2025-26 Date- 22-07-2025,Work No 32 Gramsabha Gadhamafi me pitch road mahadev maurya ke ghar ke pass tak C.C.,Work No 32 Gramsabha Gadhamafi me pitch road mahadev maurya ke ghar ke pass tak C.C.,Works,Open Tender,Percentage,Civil Works - Others,No,No,NA ,11-Aug-2025 12:00 PM,NA ,90.0,No ,No,Offline,18-Aug-2025 02:30 PM,Panchayati Raj Department||Zila Panchayat Amethi,Amethi,227409.0,2.0,"12,92,774",M/S MATRI CHHAYA CONSTRUCTION,"1,291,481.396",Rejected-Finance,15-Dec-2025,Panchayati Raj Department||Zila Panchayat Amethi
2025_UPPRD_1064082_112,240/Nivida/ZP/2025-26 Date- 22-07-2025,Work No 112 Gramsabha mangapur me purv nirmit pitch road se Hanuman mandir ki oor lepan,Work No 112 Gramsabha mangapur me purv nirmit pitch road se Hanuman mandir ki oor lepan,Works,Open Tender,Percentage,Civil Works - Others,No,No,NA ,11-Aug-2025 12:00 PM,NA ,90.0,No ,No,Offline,18-Aug-2025 02:30 PM,Panchayati Raj Department||Zila Panchayat Amethi,Amethi,227409.0,2.0,"15,36,671",HARI LAL PRAJAPATI,"1,535,134.395",Accepted-AOC,22-Dec-2025,Panchayati Raj Department||Zila Panchayat Amethi
2025_UPPRD_1064082_26,240/Nivida/ZP/2025-26 Date- 22-07-2025,Work No 26 Gram sabha lakhna basantpur me bab ke purwa Ahooree sampark marg se primary vidyalay tak C.C. kary,Work No 26 Gram sabha lakhna basantpur me bab ke purwa Ahooree sampark marg se primary vidyalay tak C.C. kary,Works,Open Tender,Percentage,Civil Works - Others,No,No,NA ,11-Aug-2025 12:00 PM,NA ,90.0,No ,No,Offline,18-Aug-2025 02:30 PM,Panchayati Raj Department||Zila Panchayat Amethi,Amethi,227409.0,2.0,"12,48,731",Divya Construction,"1,247,232.982",Accepted-AOC,15-Dec-2025,Panchayati Raj Department||Zila Panchayat Amethi
2025_UPPRD_1064082_106,240/Nivida/ZP/2025-26 Date- 22-07-2025,Work No 106 Gramsabha purabgaon me pitch road se Ravindra pandey ke ghar tak C.C.,Work No 106 Gramsabha purabgaon me pitch road se Ravindra pandey ke ghar tak C.C.,Works,Open Tender,Percentage,Civil Works - Others,No,No,NA ,11-Aug-2025 12:00 PM,NA ,90.0,No ,No,Offline,18-Aug-2025 02:30 PM,Panchayati Raj Department||Zila Panchayat Amethi,Amethi,227409.0,2.0,"5,93,675",Ayodhya Associates,"592,784.158",Rejected-Finance,17-Dec-2025,Panchayati Raj Department||Zila Panchayat Amethi
2025_UPIDC_1086955_6,04/E.E./2025-26,Silt Clearance/Scraping of Meja Dy From Km. 0.000 to Km. 13.975.,Silt Clearance/Scraping of Meja Dy From Km. 0.000 to Km. 13.975.,Services,Open Tender,Item Wise,Miscellaneous Services,No,No,NA ,30-Oct-2025 12:00 PM,NA ,90.0,No ,No,Online,08-Nov-2025 03:30 PM,"U P Irrigation Department (Civil)||Chief Engineer-Sone, Varanasi||Irrigation Works Circle, Allahabad||BCD, allahabad",Prayagraj,211004.0,2.0,"9,68,000",M/S GUFRAN CONSTRUCTION,"933,885.33",Rejected-Finance,28-Dec-2025,"U P Irrigation Department (Civil)||Chief Engineer-Sone, Varanasi||Irrigation Works Circle, Allahabad||BCD, allahabad"
2025_UPIDC_1082127_1,04/EE/2025-26,LOT-1,CONSTRUCTION OF CROSS DRAINAGE (PIPE SYPHON) AT KM. 2.460 OF SALARPUR MINOR.,Works,Open Tender,Item Rate,Civil Works - Others,No,No,NA ,13-Oct-2025 11:00 AM,NA ,120.0,No ,No,Online,27-Oct-2025 03:00 PM,"U P Irrigation Department (Civil)||Chief Engineer-Madhya Ganga, Aligarh||MGCC Circle, Bulandshahar||MGCCD-14, Garh Mukteshwar",HASANPUR,244241.0,2.0,"23,67,000",ABHISHEK ASSOCIATES,"1,923,710",Accepted-AOC,02-Dec-2025,"U P Irrigation Department (Civil)||Chief Engineer-Madhya Ganga, Aligarh||MGCC Circle, Bulandshahar||MGCCD-14, Garh Mukteshwar"
2025_UPIDC_1084580_18,03/AE4/2025-26,Earth work in silt clearance/Scraping of Imiliya Mr. from km. 0.000 to km. 3.000,Earth work in silt clearance/Scraping of Imiliya Mr. from km. 0.000 to km. 3.000,Works,Open Tender,Item Rate,Civil Works - Canal,No,No,NA ,08-Nov-2025 10:00 AM,NA ,90.0,No ,No,Online,14-Nov-2025 03:00 PM,"U P Irrigation Department (Civil)||Chief Engineer-Saryu Project-2, Gonda||Drainage Cirlce, Gonda||SCD-1 Balrampur",Balrampur,271201.0,2.0,"49,000",DEV PRAKASH TRIPATHI,"46,125.52",Accepted-AOC,24-Dec-2025,"U P Irrigation Department (Civil)||Chief Engineer-Saryu Project-2, Gonda||Drainage Cirlce, Gonda||SCD-1 Balrampur"
2025_UPIDC_1086669_53,04/EEAID/2025-26,LOT 24 Repair of Pipe culvert at Km 7.180 of Budhanpur Mr. In distt. Moradabad for the Year 2025-26,LOT 24 Repair of Pipe culvert at Km 7.180 of Budhanpur Mr. In distt. Moradabad for the Year 2025-26,Works,Open Tender,Item Rate,Civil Works,No,No,NA ,08-Nov-2025 04:00 PM,NA ,90.0,No ,No,Online,13-Nov-2025 04:30 PM,"U P Irrigation Department (Civil)||Chief Engineer-Eastern Ganga, Moradabad||Irrigation Works Circle, Moradabad||AID, dhampur",MORADABAD,244001.0,2.0,"3,76,000",chahaldevelopers,"310,940.57",Rejected-AOC,26-Dec-2025,"U P Irrigation Department (Civil)||Chief Engineer-Eastern Ganga, Moradabad||Irrigation Works Circle, Moradabad||AID, dhampur"
2025_UPIDC_1086698_55,04/AE-IV/2025-26,"Earth Work in Silt Clearance/Scraping of Abdullahpur Mr. from Km. 0.000 to Km. 4.000, and Afazalpur Mr. from Km. 0.000 to Km. 1.400",Silt Clearance/Scraping,Works,Open Tender,Item Rate,Civil Works,No,No,NA ,13-Nov-2025 10:00 AM,NA ,90.0,No ,No,Online,19-Nov-2025 10:30 AM,"U P Irrigation Department (Civil)||Chief Engineer-Sharda Sahayak, Lucknow||XIV Circle Irrigation Works, Azamgarh||SSD-32, azamgarh",AZAMGARH,276001.0,2.0,"1,10,000",M/s. S. BROTHERS CONSTRUCTION,"63,678.16",Not Admitted-Fee/PreQual/Technical,20-Dec-2025,"U P Irrigation Department (Civil)||Chief Engineer-Sharda Sahayak, Lucknow||XIV Circle Irrigation Works, Azamgarh||SSD-32, azamgarh"
2025_UPIDC_1083226_1,02/EE/2025-26 Lat 15,SCRAPPING WORK IN PESARA DY FROM KM. 10.420 TO KM. 16.680,SCRAPPING WORK IN PESARA DY FROM KM. 10.420 TO KM. 16.680,Works,Open Tender,Item Rate,Civil Works,No,No,NA ,18-Oct-2025 11:00 AM,NA ,90.0,No ,No,Online,30-Oct-2025 02:00 PM,"U P Irrigation Department (Civil)||Chief Engineer-Sharda Sahayak, Lucknow||XIV Circle Irrigation Works, Azamgarh||SSD - 36 Jaunpur",EXECUTIVE ENGINEER SSK-36 JAUNPUR,222002.0,2.0,"5,70,000",ABHIRAJ CONSTRUCTIONS,"329,216.14",Accepted-AOC,02-Dec-2025,"U P Irrigation Department (Civil)||Chief Engineer-Sharda Sahayak, Lucknow||XIV Circle Irrigation Works, Azamgarh||SSD - 36 Jaunpur"
2025_UPIDC_1083624_14,01/EE/2025-2026,SILT CLEARANCE/SCRAPPING OF MARSA DY KM 0.00 TO 9.200,SILT CLEARANCE/SCRAPPING OF MARSA DY KM 0.00 TO 9.200,Works,Open Tender,Item Rate,Civil Works - Canal,No,No,NA ,18-Oct-2025 11:00 AM,NA ,90.0,No ,No,Online,30-Oct-2025 11:00 AM,"U P Irrigation Department (Civil)||Chief Engineer-Sharda, Lucknow||VI Circle Irrigation Works, Lucknow||ID, unnao",UNNAO,209801.0,2.0,"3,50,000",M/S RAM NARESH VERMA,"303,335",Rejected-Finance,10-Nov-2025,"U P Irrigation Department (Civil)||Chief Engineer-Sharda, Lucknow||VI Circle Irrigation Works, Lucknow||ID, unnao"
2025_UPIDC_1080412_66,02/EE/2025-26,Silt Clearance from Km 0.000 to 8.000 of Kalyanpur Dy.,Silt Clearance,Works,Open Tender,Item Wise,Civil Works - Canal,No,No,NA ,20-Nov-2025 12:00 PM,NA ,90.0,No ,No,Online,26-Nov-2025 12:00 PM,"U P Irrigation Department (Civil)||Chief Engineer-Ram Ganga, Kanpur||II Circle Irrigation Works, Kanpur||KDLGC, kanpur",Kanpur,208004.0,2.0,,M/s khushi enterprises,"203,400",Rejected-Finance,09-Dec-2025,"U P Irrigation Department (Civil)||Chief Engineer-Ram Ganga, Kanpur||II Circle Irrigation Works, Kanpur||KDLGC, kanpur"
2025_UPIDC_1083624_28,01/EE/2025-2026,SILT CLEARANCE/SCRAPPING OF KABIRPUR DY KM 0.00 TO 11.900,SILT CLEARANCE/SCRAPPING OF KABIRPUR DY KM 0.00 TO 11.900,Works,Open Tender,Item Rate,Civil Works - Canal,No,No,NA ,07-Nov-2025 03:00 PM,NA ,90.0,No ,No,Online,13-Nov-2025 03:00 PM,"U P Irrigation Department (Civil)||Chief Engineer-Sharda, Lucknow||VI Circle Irrigation Works, Lucknow||ID, unnao",UNNAO,209801.0,2.0,"4,80,000",M/s Veeru Construction,"436,249",Accepted-AOC,14-Nov-2025,"U P Irrigation Department (Civil)||Chief Engineer-Sharda, Lucknow||VI Circle Irrigation Works, Lucknow||ID, unnao"
2025_UPIDC_1085715_120,02/AE-II/2025-26,Earth Work in Silt Clearance and Scraping of Khemipur-1 Mr. from Km. 0.000 to Km. 1.700 and Khemipur-2 Mr. from Km. 0.000 to Km. 0.700,Silt Clearance and Scraping,Works,Open Tender,Item Rate,Civil Works,No,No,NA ,20-May-2026 06:52 PM,NA ,90.0,No ,No,Online,26-Nov-2025 03:00 PM,"U P Irrigation Department (Civil)||Chief Engineer-Sharda Sahayak, Lucknow||XIV Circle Irrigation Works, Azamgarh||SSD-32, azamgarh",AZAMGARH,276001.0,2.0,"51,000",Ravindra Yadav,"49,591.1",Accepted-AOC,26-Dec-2025,"U P Irrigation Department (Civil)||Chief Engineer-Sharda Sahayak, Lucknow||XIV Circle Irrigation Works, Azamgarh||SSD-32, azamgarh"
2025_UPIDC_1087895_3,03/E.E/2025-26,Silt clearance work of Anapur Dy from Km 0.00 to Km 8.000 and scrapping and Jungle clearance work from Km 8.00 to Km 12.400,Silt clearance work of Anapur Dy from Km 0.00 to Km 8.000 and scrapping and Jungle clearance work from Km 8.00 to Km 12.400,Works,Open Tender,Item Wise,Civil Works - Canal,No,No,NA ,03-Nov-2025 09:00 AM,NA ,15.0,No ,No,Online,11-Nov-2025 11:00 AM,"U P Irrigation Department (Civil)||Chief Engineer-Sharda Sahayak, Lucknow||XVI Circle Irrigation Works, Pratapgargh||ID, pratapgarh",pratapgarh,230001.0,2.0,"4,13,000",M/S UDAY BHAN SINGH CONTRACTOR,"411,618.55",Rejected-Finance,18-Nov-2025,"U P Irrigation Department (Civil)||Chief Engineer-Sharda Sahayak, Lucknow||XVI Circle Irrigation Works, Pratapgargh||ID, pratapgarh"
2025_UPIDC_1088427_109,01/AE/2025-26,Lot-61,Silt clearance and Scraping,Works,Open Tender,Item Rate,Civil Works,No,No,NA ,17-Nov-2025 12:00 PM,NA ,90.0,No ,No,Online,22-Nov-2025 12:00 PM,"U P Irrigation Department (Civil)||Chief Engineer-Sharda Sahayak, Lucknow||XIV Circle Irrigation Works, Azamgarh||SSD-23, azamgarh",Azamgarh,276001.0,2.0,,K S ENTERPRISES,"64,876",Accepted-AOC,26-Dec-2025,"U P Irrigation Department (Civil)||Chief Engineer-Sharda Sahayak, Lucknow||XIV Circle Irrigation Works, Azamgarh||SSD-23, azamgarh"
2025_UPIDC_1082163_13,01/EE/2025-26,Patch repairing of KPC from Km. 27.215 to 32.625,Patch repairing of KPC from Km. 27.215 to 32.625,Works,Open Tender,Item Rate,Civil Works - Roads,No,No,NA ,13-Oct-2025 12:00 PM,16-Oct-2025 11:00 AM ,90.0,No ,No,Online,21-Oct-2025 02:00 PM,"U P Irrigation Department (Civil)||Chief Engineer-Ram Ganga, Kanpur||Irrigation Works Circle, Kanpur||ID, kaushambhi",Kaushambi,212207.0,2.0,"13,71,000",M/s Narendra and Co.,"797,055.3",Accepted-AOC,19-Nov-2025,"U P Irrigation Department (Civil)||Chief Engineer-Ram Ganga, Kanpur||Irrigation Works Circle, Kanpur||ID, kaushambhi"
2025_UPIDC_1083668_34,01/EE/2025-26,Silt Clearance/Scraping work of Naubasta Mr. (Between km 0.00 to 5.800),Silt Clearance/Scraping work of Naubasta Mr. (Between km 0.00 to 5.800),Works,Open Tender,Item Rate,Civil Works - Canal,No,No,NA ,18-Oct-2025 10:00 AM,NA ,90.0,No ,No,Online,30-Oct-2025 04:00 PM,"U P Irrigation Department (Civil)||Chief Engineer-Saryu Project-2, Gonda||Drainage Cirlce, Gonda||EE Chitaurgarh Dam Construction Division Balrampur",Tulsipur Balrampur,271210.0,2.0,"1,46,000",Onkar nath Dwevedi,"140,126.25",Rejected-Finance,05-Dec-2025,"U P Irrigation Department (Civil)||Chief Engineer-Saryu Project-2, Gonda||Drainage Cirlce, Gonda||EE Chitaurgarh Dam Construction Division Balrampur"
2025_YEIDA_1052321_7,YEA/GM(PROJECT)/2025/361 DT-25/06/2025,Plantation of trees shrub in internal road Pocket 5B sector- 18 with two years maintenance yeida. WC-H,Plantation of trees shrub in internal road Pocket 5B sector- 18 with two years maintenance yeida. WC-H,Works,Open Tender,Fixed-rate,Agricultural or Forestry,No,No,NA ,27-Jun-2025 06:55 PM,NA ,90.0,No ,No,Online,09-Jul-2025 11:00 AM,Yamuna Expressway Industrial Development Authority,YAMUNA EXPRESSWAY INDUSTRIAL DEVELOPMENT AUTHORITY,201308.0,2.0,"28,03,653",M/S AKHIL DEVELOPERS,"2,754,308.72",Accepted-AOC,26-Dec-2025,Yamuna Expressway Industrial Development Authority
2025_UPIDC_1080129_11,01/EE/LGC/FTP/2025-26,Rennovation/Recoatinged Service Road Between Km 7.170 to km 9.000 of Muttour Dy,Rennovation/Recoatinged Service Road Between Km 7.170 to km 9.000 of Muttour Dy,Works,Open Tender,Item Rate,Civil Works - Canal,No,No,NA ,07-Oct-2025 10:00 AM,08-Oct-2025 11:00 AM ,15.0,No ,No,Online,13-Oct-2025 02:00 PM,"U P Irrigation Department (Civil)||Chief Engineer-Ram Ganga, Kanpur||Irrigation Works Circle, Kanpur||FDLGC, fatehpur",Fatehpur,212601.0,2.0,,M/S D.K.ENTERPRISES,"348,597",Accepted-AOC,07-Nov-2025,"U P Irrigation Department (Civil)||Chief Engineer-Ram Ganga, Kanpur||Irrigation Works Circle, Kanpur||FDLGC, fatehpur"
2025_UPIDC_1082163_11,01/EE/2025-26,Patch repairing of Myohar dy from Km. 0.000 to 5.400,Patch repairing of Myohar dy from Km. 0.000 to 5.400,Works,Open Tender,Item Rate,Civil Works - Roads,No,No,NA ,13-Oct-2025 12:00 PM,16-Oct-2025 11:00 AM ,90.0,No ,No,Online,21-Oct-2025 02:00 PM,"U P Irrigation Department (Civil)||Chief Engineer-Ram Ganga, Kanpur||Irrigation Works Circle, Kanpur||ID, kaushambhi",Kaushambi,212207.0,2.0,"9,85,000",M/S NATTHU RAM DWIVEDI,"568,377",Rejected-Finance,19-Nov-2025,"U P Irrigation Department (Civil)||Chief Engineer-Ram Ganga, Kanpur||Irrigation Works Circle, Kanpur||ID, kaushambhi"
2025_UPIDC_1080129_13,01/EE/LGC/FTP/2025-26,Patch Repairing work of Pented Service Road at Karari Dy. From km. 24.000 to km 28.000,Patch Repairing work of Pented Service Road at Karari Dy. From km. 24.000 to km 28.000,Works,Open Tender,Item Rate,Civil Works - Canal,No,No,NA ,07-Oct-2025 10:00 AM,08-Oct-2025 11:00 AM ,15.0,No ,No,Online,13-Oct-2025 02:00 PM,"U P Irrigation Department (Civil)||Chief Engineer-Ram Ganga, Kanpur||Irrigation Works Circle, Kanpur||FDLGC, fatehpur",Fatehpur,212601.0,2.0,,M/S RAJIV SINGH,"613,125",Rejected-Finance,07-Nov-2025,"U P Irrigation Department (Civil)||Chief Engineer-Ram Ganga, Kanpur||Irrigation Works Circle, Kanpur||FDLGC, fatehpur"
2025_UPTCL_1058659_1,23/ETC-II(P)/2025-2026,23/ETC-II(P)/2025-2026,"Providing and Installation of SCADA Gateway at 132 KV SS Sarai Akil, under ETD-IV Prayagraj",Works,Open Tender,Item Rate,Electrical Works,No,No,NA ,19-Jul-2025 03:00 PM,NA ,120.0,No ,No,Offline,26-Jul-2025 01:00 PM,UP Power Transmission Corp.Ltd (Operation)||Chief Engineer (TE) East Allahabad||S.E. ETC-II Allahabad,132 KV S/S SARAI AKIL,212216.0,2.0,"3,25,500",AR Electricals & Hardware,"320,000",Rejected-AOC,09-Dec-2025,UP Power Transmission Corp.Ltd (Operation)||Chief Engineer (TE) East Allahabad||S.E. ETC-II Allahabad
2025_UPIDC_1083668_36,01/EE/2025-26,Silt Clearance/Scraping work of Tilkahna Mr. (Between km 0.00 to 6.000),Silt Clearance/Scraping work of Tilkahna Mr. (Between km 0.00 to 6.000),Works,Open Tender,Item Rate,Civil Works - Canal,No,No,NA ,18-Oct-2025 10:00 AM,NA ,90.0,No ,No,Online,30-Oct-2025 04:00 PM,"U P Irrigation Department (Civil)||Chief Engineer-Saryu Project-2, Gonda||Drainage Cirlce, Gonda||EE Chitaurgarh Dam Construction Division Balrampur",Tulsipur Balrampur,271210.0,2.0,"1,56,000",M/S RAJ KISHORE SHUKLA CONTRACTOR,"155,489.02",Accepted-AOC,05-Dec-2025,"U P Irrigation Department (Civil)||Chief Engineer-Saryu Project-2, Gonda||Drainage Cirlce, Gonda||EE Chitaurgarh Dam Construction Division Balrampur"
2025_UPIDC_1085715_122,02/AE-II/2025-26,Earth Work in Silt Clearance and Scraping of Ambari Mr. from Km. 0.000 to Km. 4.000,Silt Clearance and Scraping,Works,Open Tender,Item Rate,Civil Works,No,No,NA ,20-Nov-2025 01:00 PM,NA ,90.0,No ,No,Online,26-Nov-2025 03:00 PM,"U P Irrigation Department (Civil)||Chief Engineer-Sharda Sahayak, Lucknow||XIV Circle Irrigation Works, Azamgarh||SSD-32, azamgarh",AZAMGARH,276001.0,2.0,"1,17,000",Ravindra Yadav,"97,036.4",Accepted-AOC,26-Dec-2025,"U P Irrigation Department (Civil)||Chief Engineer-Sharda Sahayak, Lucknow||XIV Circle Irrigation Works, Azamgarh||SSD-32, azamgarh"
2025_UPIDC_1083261_1,02/EE/2025-26 Lot 20,SCRAPING WORK IN AUDIHAR DY. FROM KM. 0.00 TO KM. 6.000,SCRAPING WORK IN AUDIHAR DY. FROM KM. 0.00 TO KM. 6.000,Works,Open Tender,Item Rate,Civil Works,No,No,NA ,18-Oct-2025 11:00 AM,NA ,90.0,No ,No,Online,30-Oct-2025 02:00 PM,"U P Irrigation Department (Civil)||Chief Engineer-Sharda Sahayak, Lucknow||XIV Circle Irrigation Works, Azamgarh||SSD - 36 Jaunpur",EXECUTIVE ENGINEER SSK-36 JAUNPUR,222002.0,2.0,"3,24,000",AMIT KUMAR SINGH,"220,065",Rejected-Finance,01-Dec-2025,"U P Irrigation Department (Civil)||Chief Engineer-Sharda Sahayak, Lucknow||XIV Circle Irrigation Works, Azamgarh||SSD - 36 Jaunpur"
2025_UPIDC_1079800_8,10/SE-1/2025-26,LOT3,As per the NIT,Works,Open Tender,Piece-work,Civil Works,No,No,NA ,08-Oct-2025 10:00 AM,10-Oct-2025 01:00 PM ,90.0,No ,No,Online,13-Oct-2025 04:30 PM,"U P Irrigation Department (Civil)||Chief Engineer-Ganga, Meerut||I- Circle Irrigation Works, Meerut",Meerut,250001.0,2.0,"42,50,000",Dinesh kumar jindal,"3,152,411.39",Rejected-Finance,25-Dec-2025,"U P Irrigation Department (Civil)||Chief Engineer-Ganga, Meerut||I- Circle Irrigation Works, Meerut"
2025_UPIDC_1086930_1,03/EE/SSK41/2025-26,SILT CLEARANCE OF KATHAURA MR FROM KM 0.000 TO KM 10.438,SILT CLEARANCE OF KATHAURA MR FROM KM 0.000 TO KM 10.438,Works,Open Tender,Item Rate,Civil Works - Canal,No,No,NA ,30-Oct-2025 10:00 AM,NA ,90.0,No ,No,Online,06-Nov-2025 11:00 AM,"U P Irrigation Department (Civil)||Chief Engineer-Sharda Sahayak, Lucknow||XVI Circle Irrigation Works, Pratapgargh||Sharda Sahayak Division 41 Amethi",Amethi,227817.0,2.0,"3,08,000",ALTRA CONST ASSOCIATES,"215,111.2",Not Admitted-Fee/PreQual/Technical,19-Nov-2025,"U P Irrigation Department (Civil)||Chief Engineer-Sharda Sahayak, Lucknow||XVI Circle Irrigation Works, Pratapgargh||Sharda Sahayak Division 41 Amethi"
2025_UPIDC_1080412_64,02/EE/2025-26,Silt Clearance from Km 0.000 to 15.000 of Taktauli Dy.,Silt Clearance,Works,Open Tender,Item Wise,Civil Works - Canal,No,No,NA ,20-Nov-2025 12:00 PM,NA ,90.0,No ,No,Online,26-Nov-2025 12:00 PM,"U P Irrigation Department (Civil)||Chief Engineer-Ram Ganga, Kanpur||II Circle Irrigation Works, Kanpur||KDLGC, kanpur",Kanpur,208004.0,2.0,"10,17,000",Krishna Kumar Singh,"685,893.13",Accepted-AOC,03-Dec-2025,"U P Irrigation Department (Civil)||Chief Engineer-Ram Ganga, Kanpur||II Circle Irrigation Works, Kanpur||KDLGC, kanpur"
2025_UPIDC_1086698_43,04/AE-IV/2025-26,Earth Work in Silt Clearance/Scraping of Lakshmanpur Mr. from Km. 0.000 to Km. 4.900,Silt Clearance/Scraping,Works,Open Tender,Item Rate,Civil Works,No,No,NA ,13-Nov-2025 10:00 AM,NA ,90.0,No ,No,Online,19-Nov-2025 10:30 AM,"U P Irrigation Department (Civil)||Chief Engineer-Sharda Sahayak, Lucknow||XIV Circle Irrigation Works, Azamgarh||SSD-32, azamgarh",AZAMGARH,276001.0,2.0,"1,30,000",M/S SHRI RAM SINGH,"80,470.36",Rejected-Finance,20-Dec-2025,"U P Irrigation Department (Civil)||Chief Engineer-Sharda Sahayak, Lucknow||XIV Circle Irrigation Works, Azamgarh||SSD-32, azamgarh"
2025_UPIDC_1086669_45,04/EEAID/2025-26,LOT16 Janpad Bijnor Mein Shahpur Nahar Pranali ke antargat Chandpur rajwaha ke km. 1.500 par V.R.B. ke punarnirmaan avam Sambadh bankon ke shuddhdikaran ka Karya.,LOT16 Janpad Bijnor Mein Shahpur Nahar Pranali ke antargat Chandpur rajwaha ke km. 1.500 par V.R.B. ke punarnirmaan avam Sambadh bankon ke shuddhdikaran ka Karya.,Works,Open Tender,Item Rate,Civil Works,No,No,NA ,08-Nov-2025 04:00 PM,NA ,90.0,No ,No,Online,13-Nov-2025 04:30 PM,"U P Irrigation Department (Civil)||Chief Engineer-Eastern Ganga, Moradabad||Irrigation Works Circle, Moradabad||AID, dhampur",DHAMPUR,246761.0,2.0,"8,22,000",AARU ENTERPRISE,"631,087.86",Accepted-AOC,26-Dec-2025,"U P Irrigation Department (Civil)||Chief Engineer-Eastern Ganga, Moradabad||Irrigation Works Circle, Moradabad||AID, dhampur"
2025_UPIDC_1086669_51,04/EEAID/2025-26,LOT 22 Repair of VRB at Km 0.150 of Budhanpur Mr. In distt. Moradabad for the Year 2025-26,LOT 22 Repair of VRB at Km 0.150 of Budhanpur Mr. In distt. Moradabad for the Year 2025-26,Works,Open Tender,Item Rate,Civil Works,No,No,NA ,08-Nov-2025 04:00 PM,NA ,90.0,No ,No,Online,13-Nov-2025 04:30 PM,"U P Irrigation Department (Civil)||Chief Engineer-Eastern Ganga, Moradabad||Irrigation Works Circle, Moradabad||AID, dhampur",MORADABAD,244001.0,2.0,"4,15,000",M/S MALIK CONSTRUCTION,"341,372.61",Accepted-AOC,18-Nov-2025,"U P Irrigation Department (Civil)||Chief Engineer-Eastern Ganga, Moradabad||Irrigation Works Circle, Moradabad||AID, dhampur"
2025_UPIDM_1071668_1,04/SE/2025-2026,Construction of RCC Sump and Pump House as per drawing and IS Code 456 2000 complete in all respect with TandP and labor at second stage of Vindhyawasini Bhaura Danda Pump Canal Capacity 40 cusec near Village Narayarh Block Jaspura Tehsil Pailani D,Construction of RCC Sump and Pump House as per drawing and IS Code 456 2000 complete in all respect with TandP and labor at second stage of Vindhyawasini Bhaura Danda Pump Canal Capacity 40 cusec near Village Narayarh Block Jaspura Tehsil Pailani,Works,Open Tender,Item Rate,Civil Works,No,No,NA ,06-Sep-2025 12:00 PM,NA ,90.0,No ,No,Online,22-Sep-2025 03:00 PM,U P Irrigation Department (Mechanical)||Chief Engineer (Tubewell Centre)||Superintending Engineer(Tubewell)-Banda,Pailani Banda,210126.0,2.0,"1,63,78,827",JAY MAHAMAI CONSTRUCTION AND SUPPLIERS,"12,780,909",Rejected-Technical,09-Dec-2025,U P Irrigation Department (Mechanical)||Chief Engineer (Tubewell Centre)||Superintending Engineer(Tubewell)-Banda
2025_UPIDC_1091188_1,03/SE/2025-26,"Construction of new Office Building of Superintending Engineer Eastern Ganga Canal Construction Circle Bijnor and Executive Engineer Eastern Ganga Canal Construction Division-4, Bijnor in Distt. Bijnor.","Construction of new Office Building of Superintending Engineer Eastern Ganga Canal Construction Circle Bijnor and Executive Engineer Eastern Ganga Canal Construction Division-4, Bijnor in Distt. Bijnor.",Works,Open Tender,Item Wise,Civil Works - Buildings,No,No,NA ,17-Nov-2025 10:00 AM,NA ,90.0,No ,No,Online,22-Nov-2025 12:00 PM,"U P Irrigation Department (Civil)||Chief Engineer-Eastern Ganga, Moradabad||EGCC Circle, Bijnore",Bijnor,246701.0,2.0,"4,76,00,000",BROTHERS BIJ CONSTRUCTIONS,"40,006,494",Rejected-AOC,26-Dec-2025,"U P Irrigation Department (Civil)||Chief Engineer-Eastern Ganga, Moradabad||EGCC Circle, Bijnore"
2025_UPIDC_1078990_1,01/EE/SSK41/Tender/2025-26,Renovation of Metalled Road at left bank of Inhauna Distributary from km 1.120 to km 2.605,Renovation of Metalled Road at left bank of Inhauna Distributary from km 1.120 to km 2.605,Works,Open Tender,Item Rate,Civil Works,No,No,NA ,03-Oct-2025 10:00 AM,NA ,90.0,No ,No,Online,10-Oct-2025 11:00 AM,"U P Irrigation Department (Civil)||Chief Engineer-Sharda Sahayak, Lucknow||XVI Circle Irrigation Works, Pratapgargh||Sharda Sahayak Division 41 Amethi",Barabanki,225124.0,2.0,"23,75,000",M/S PIYUSH TRADERS,"1,730,344.8",Accepted-AOC,03-Nov-2025,"U P Irrigation Department (Civil)||Chief Engineer-Sharda Sahayak, Lucknow||XVI Circle Irrigation Works, Pratapgargh||Sharda Sahayak Division 41 Amethi"
2025_UPPRD_1064082_110,240/Nivida/ZP/2025-26 Date- 22-07-2025,Work No 110 Gramsabha purabgaon ke Kalvran ke purva me purv nirmit interlocking se Ram naresh gupta ke ghar tak C.C.,Work No 110 Gramsabha purabgaon ke Kalvran ke purva me purv nirmit interlocking se Ram naresh gupta ke ghar tak C.C.,Works,Open Tender,Percentage,Civil Works - Others,No,No,NA ,11-Aug-2025 12:00 PM,NA ,90.0,No ,No,Offline,18-Aug-2025 02:30 PM,Panchayati Raj Department||Zila Panchayat Amethi,Amethi,227409.0,2.0,"9,28,572",HARI LAL PRAJAPATI,"926,993.338",Rejected-Finance,22-Dec-2025,Panchayati Raj Department||Zila Panchayat Amethi
2025_UPIDC_1086955_4,04/E.E./2025-26,Silt Clearance/Scraping of Itwa Dy From Km. 0.000 to Km. 15.200.,Silt Clearance/Scraping of Itwa Dy From Km. 0.000 to Km. 15.200.,Services,Open Tender,Item Wise,Miscellaneous Services,No,No,NA ,30-Oct-2025 12:00 PM,NA ,90.0,No ,No,Online,08-Nov-2025 03:30 PM,"U P Irrigation Department (Civil)||Chief Engineer-Sone, Varanasi||Irrigation Works Circle, Allahabad||BCD, allahabad",Prayagraj,211004.0,2.0,"7,35,000",M/S INDRAJEET SINGH,"436,375",Rejected-Finance,28-Dec-2025,"U P Irrigation Department (Civil)||Chief Engineer-Sone, Varanasi||Irrigation Works Circle, Allahabad||BCD, allahabad"
2025_UPIDC_1083624_9,01/EE/2025-2026,SILT CLEARANCE/SCRAPPING OF HASANGANJ DY KM 0.00 TO 18.900,SILT CLEARANCE/SCRAPPING OF HASANGANJ DY KM 0.00 TO 18.900,Works,Open Tender,Item Rate,Civil Works - Canal,No,No,NA ,18-Oct-2025 10:00 AM,NA ,90.0,No ,No,Online,30-Oct-2025 11:00 AM,"U P Irrigation Department (Civil)||Chief Engineer-Sharda, Lucknow||VI Circle Irrigation Works, Lucknow||ID, unnao",UNNAO,209801.0,2.0,"6,47,000",M/S AMIT KUMAR DIXIT,"640,212",Rejected-Finance,10-Nov-2025,"U P Irrigation Department (Civil)||Chief Engineer-Sharda, Lucknow||VI Circle Irrigation Works, Lucknow||ID, unnao"
2025_UPPRD_1064082_104,240/Nivida/ZP/2025-26 Date- 22-07-2025,Work No 104 Gramsabha Pasoeeya me krishn prasad ke ghar ke pass pitch road se Annusuchit basti ki oor Eet - soling,Work No 104 Gramsabha Pasoeeya me krishn prasad ke ghar ke pass pitch road se Annusuchit basti ki oor Eet - soling,Works,Open Tender,Percentage,Civil Works - Others,No,No,NA ,11-Aug-2025 12:00 PM,NA ,90.0,No ,No,Offline,18-Aug-2025 02:30 PM,Panchayati Raj Department||Zila Panchayat Amethi,Amethi,227409.0,2.0,"3,69,683",M/ A S ENTERPRISES,"369,276.479",Accepted-AOC,17-Dec-2025,Panchayati Raj Department||Zila Panchayat Amethi
2025_UPPRD_1064082_24,240/Nivida/ZP/2025-26 Date- 22-07-2025,Work No 24 Gram panchayat Barauliya me pakki sadak se poore prasad singh gaon tak lepan kary,Work No 24 Gram panchayat Barauliya me pakki sadak se poore prasad singh gaon tak lepan kary,Works,Open Tender,Percentage,Civil Works - Others,No,No,NA ,11-Aug-2025 12:00 PM,NA ,90.0,No ,No,Offline,18-Aug-2025 02:30 PM,Panchayati Raj Department||Zila Panchayat Amethi,Amethi,227409.0,2.0,"24,99,941",BHARAT SINGH,"2,497,191.359",Accepted-AOC,15-Dec-2025,Panchayati Raj Department||Zila Panchayat Amethi
2025_UPIDM_1060448_2,03/SE/2025-26,Construction of Pump House as per drawing and IS code 456 2000 complete in all respect with TandP and labour at second stage of New Ramjanki Pump Canal Capacity 20 cusec near Village Ganchha Block Badokhar khurd Tehsil Sadar Banda Distt Banda,Construction of Pump House as per drawing and IS code 456 2000 complete in all respect with TandP and labour at second stage of New Ramjanki Pump Canal Capacity 20 cusec near Village Ganchha Block Badokhar khurd Tehsil Sadar Banda Distt Banda,Works,Open Tender,Percentage,Civil Works,No,No,NA ,30-Aug-2025 02:00 PM,NA ,90.0,No ,No,Online,08-Sep-2025 04:00 PM,U P Irrigation Department (Mechanical)||Chief Engineer (Tubewell Centre)||Superintending Engineer(Tubewell)-Banda,Ganchha Banda,210001.0,2.0,"50,50,822",M P GUPTA,"3,972,471.63",Rejected-Finance,09-Dec-2025,U P Irrigation Department (Mechanical)||Chief Engineer (Tubewell Centre)||Superintending Engineer(Tubewell)-Banda
2025_UPPRD_1064082_138,240/Nivida/ZP/2025-26 Date- 22-07-2025,Work No 138 Gram sabha Salpur ke kadipur me purv nirmit nali se pakdi talab tak nali nirmaan,Work No 138 Gram sabha Salpur ke kadipur me purv nirmit nali se pakdi talab tak nali nirmaan,Works,Open Tender,Percentage,Civil Works - Others,No,No,NA ,11-Aug-2025 12:00 PM,NA ,90.0,No ,No,Offline,18-Aug-2025 02:30 PM,Panchayati Raj Department||Zila Panchayat Amethi,Amethi,227409.0,2.0,"4,66,414",M/S SAMRAT CONSTRUCTION,"465,667.228",Rejected-Finance,26-Dec-2025,Panchayati Raj Department||Zila Panchayat Amethi
2025_UPPRD_1064082_18,240/Nivida/ZP/2025-26 Date- 22-07-2025,Work No 18 Gram sabha Bhagirathpur me shahmau pakki sadak se gaon tak eet soling,Work No 18 Gram sabha Bhagirathpur me shahmau pakki sadak se gaon tak eet soling,Works,Open Tender,Percentage,Civil Works - Others,No,No,NA ,11-Aug-2025 12:00 PM,NA ,90.0,No ,No,Offline,18-Aug-2025 02:30 PM,Panchayati Raj Department||Zila Panchayat Amethi,Amethi,227409.0,2.0,"11,84,247",SURENDRA KUMAR TIWARI,"1,183,062.199",Rejected-Finance,15-Dec-2025,Panchayati Raj Department||Zila Panchayat Amethi
2025_UPIDC_1088776_1,04/EE/2025-26,Silt clearance of Heeraganj Dy from Km 0.000 to 7.000 and Scrapping work from Km 7.000 to km 14.600,Silt clearance of Heeraganj Dy from Km 0.000 to 7.000 and Scrapping work from Km 7.000 to km 14.600,Works,Open Tender,Item Rate,Civil Works - Canal,No,No,NA ,07-Nov-2025 09:00 AM,NA ,15.0,No ,No,Online,13-Nov-2025 04:00 PM,"U P Irrigation Department (Civil)||Chief Engineer-Sharda Sahayak, Lucknow||XVI Circle Irrigation Works, Pratapgargh||ID, pratapgarh",pratapgarh,230001.0,2.0,"8,81,000",DHARMENDRA ENTERPRISES,"876,245",Accepted-AOC,18-Nov-2025,"U P Irrigation Department (Civil)||Chief Engineer-Sharda Sahayak, Lucknow||XVI Circle Irrigation Works, Pratapgargh||ID, pratapgarh"
2025_UPTCL_1059478_1,27/ETC-II(P)/2025-2026,27/ETC-II(P)/2025-2026,27/ETC-II(P)/2025-2026,Works,Open Tender,Item Rate,Electrical Works,No,No,NA ,24-Jul-2025 10:00 AM,NA ,120.0,No ,No,Offline,02-Aug-2025 01:00 PM,UP Power Transmission Corp.Ltd (Operation)||Chief Engineer (TE) East Allahabad||S.E. ETC-II Allahabad,220 KV S/S Sirathu Kaushambi,212217.0,2.0,"7,44,500",BARKATI ENTERPRISES,"511,780",Rejected-AOC,27-Nov-2025,UP Power Transmission Corp.Ltd (Operation)||Chief Engineer (TE) East Allahabad||S.E. ETC-II Allahabad
2025_UPIDC_1086963_11,3646/IDMBD/Etender/2025 Dt 16.10.2025,Reconstruction of damaged VRB at Km 3.282 of sunpura minor,Reconstruction of damaged VRB at Km 3.282 of sunpura minor,Works,Open Tender,Item Rate,Civil Works - Canal,No,No,NA ,30-Oct-2025 06:00 PM,NA ,90.0,No ,No,Online,06-Nov-2025 02:00 PM,"U P Irrigation Department (Civil)||Chief Engineer-Eastern Ganga, Moradabad||Irrigation Works Circle, Moradabad||ID, moradabad",Moradabad,244001.0,2.0,"6,60,000",V K CONTRACTOR,"487,378.25",Rejected-Finance,01-Dec-2025,"U P Irrigation Department (Civil)||Chief Engineer-Eastern Ganga, Moradabad||Irrigation Works Circle, Moradabad||ID, moradabad"
2025_UPIDC_1082164_5,04/EE/2025-26,Scraping of internal section of Kakori Dy. From Km. 0.000 to km 9.600 (Lot-05),Scraping of internal section of Kakori Dy. From Km. 0.000 to km 9.600 (Lot-05),Works,Open Tender,Item Rate,Civil Works - Canal,No,No,NA ,14-Oct-2025 09:00 AM,16-Oct-2025 12:00 PM ,90.0,No ,No,Online,27-Oct-2025 12:00 PM,"U P Irrigation Department (Civil)||Chief Engineer-Sharda, Lucknow||Irrigation Works Circle, Sitapur||SDSC, sitapur",Sitapur,261001.0,2.0,"2,59,000",M/S ANIL KUMAR SINGH,"225,913",Rejected-Finance,13-Nov-2025,"U P Irrigation Department (Civil)||Chief Engineer-Sharda, Lucknow||Irrigation Works Circle, Sitapur||SDSC, sitapur"
2025_UPIDC_1088427_10,01/AE/2025-26,Lot-10,Silt clearance and Scraping,Works,Open Tender,Item Rate,Civil Works,No,No,NA ,05-Nov-2025 09:00 AM,NA ,90.0,No ,No,Online,11-Nov-2025 12:00 PM,"U P Irrigation Department (Civil)||Chief Engineer-Sharda Sahayak, Lucknow||XIV Circle Irrigation Works, Azamgarh||SSD-23, azamgarh",Azamgarh,276001.0,2.0,,BITTU CONSTRUCTION,"102,687.48",Not Admitted-Fee/PreQual/Technical,29-Dec-2025,"U P Irrigation Department (Civil)||Chief Engineer-Sharda Sahayak, Lucknow||XIV Circle Irrigation Works, Azamgarh||SSD-23, azamgarh"
2025_UPIDC_1082040_1,02/EE/2025-26,Silt Clearance/Scraping of Shekhupura Dy from km. 0.000 to km. 34.600 for Rabi 1433 Crop for the year 2025-26 (Lot-1),Silt Clearance/Scraping of Shekhupura Dy from km. 0.000 to km. 34.600 for Rabi 1433 Crop for the year 2025-26.,Works,Open Tender,Item Wise,Civil Works - Canal,No,No,NA ,14-Oct-2025 10:00 AM,NA ,90.0,No ,No,Online,21-Oct-2025 11:00 AM,"U P Irrigation Department (Civil)||Chief Engineer-Eastern Ganga, Moradabad||EGCC Circle, Haridwar||ID, bijnore",Bijnor,246701.0,2.0,"16,75,000",CHHATAR PAL SINGH CONTRACTOR,"1,287,721",Accepted-AOC,28-Oct-2025,"U P Irrigation Department (Civil)||Chief Engineer-Eastern Ganga, Moradabad||EGCC Circle, Haridwar||ID, bijnore"
2025_UPIDC_1082813_15,03/EE/2025-26,AS PER TENDER NOTICE-03 LOT 15,SILT CLEARANCE OF SUBEHA DY FROM KM 0.000 TO 18.000 AND SCRAPING FROM KM 18.000 TO 29.106,Works,Open Tender,Item Rate,Civil Works - Canal,No,No,NA ,16-Oct-2025 11:00 AM,NA ,90.0,No ,No,Online,31-Oct-2025 03:00 PM,"U P Irrigation Department (Civil)||Chief Engineer-Sharda Sahayak, Lucknow||VII Circle Irrigation Works, Lucknow||EE SSK Division-28 Haidergarh",Haidergarh,225124.0,2.0,,AKANKSHA ASSOCIATES,"1,066,105.97",Accepted-AOC,20-Nov-2025,"U P Irrigation Department (Civil)||Chief Engineer-Sharda Sahayak, Lucknow||VII Circle Irrigation Works, Lucknow||EE SSK Division-28 Haidergarh"
2025_UPIDC_1082803_1,3186/rkd/notice no 03/2025-26,renovation of road Atura mr lot 19,renovation of road Atura mr lot 19,Works,Open Tender,Item Rate,Civil Works - Canal,No,No,NA ,15-Oct-2025 12:00 PM,NA ,90.0,No ,No,Online,25-Oct-2025 12:00 PM,"U P Irrigation Department (Civil)||Chief Engineer-Sharda Sahayak, Lucknow||XVI Circle Irrigation Works, Pratapgargh||RDSSC, raibareilly",raebareli,229001.0,2.0,,M/s Mahabali Construction & Supliars,"1,023,591",Rejected-Finance,16-Nov-2025,"U P Irrigation Department (Civil)||Chief Engineer-Sharda Sahayak, Lucknow||XVI Circle Irrigation Works, Pratapgargh||RDSSC, raibareilly"
2025_UPIDC_1091484_1,04/E.E./2025-26,Renewal of damaged painted service road of Ibrahimpur Mr. from km. 0.160 to Km. 2.600,Renewal of damaged painted service road of Ibrahimpur Mr. from km. 0.160 to Km. 2.600,Works,Open Tender,Item Rate,Civil Works - Canal,No,No,NA ,19-Nov-2025 10:00 AM,NA ,90.0,No ,No,Online,26-Nov-2025 01:00 PM,"U P Irrigation Department (Civil)||Chief Engineer-Sharda Sahayak, Lucknow||XVIII Circle Irrigation Works, Allahabad||SSD-39, allahabad",EE SSK 39 PRAYAGRAJ,211004.0,2.0,"27,74,000",DEVESH CONSTRUCTION & MATERIAL SUPPLY CO.,"1,688,821.25",Not Admitted-Fee/PreQual/Technical,24-Dec-2025,"U P Irrigation Department (Civil)||Chief Engineer-Sharda Sahayak, Lucknow||XVIII Circle Irrigation Works, Allahabad||SSD-39, allahabad"
2025_UPIDC_1087016_1,03/EE/25-26,SILT CLEARANCE OF KUREBHAR DY FROM KM 0.000 TO KM 17.910,SILT CLEARANCE OF KUREBHAR DY FROM KM 0.000 TO KM 17.910,Works,Open Tender,Item Rate,Civil Works - Canal,No,No,NA ,03-Nov-2025 09:00 AM,06-Nov-2025 11:00 AM ,90.0,No ,No,Online,08-Nov-2025 05:00 PM,"U P Irrigation Department (Civil)||Chief Engineer-Sharda Sahayak, Lucknow||XIV Circle Irrigation Works, Azamgarh||SSD-16, sultanpur",SULTANPUR,228001.0,2.0,"9,44,137",M/S GAYATRI CONSTRUCTION,"931,701",Rejected-Finance,24-Dec-2025,"U P Irrigation Department (Civil)||Chief Engineer-Sharda Sahayak, Lucknow||XIV Circle Irrigation Works, Azamgarh||SSD-16, sultanpur"
2025_UPIDC_1086955_10,04/E.E./2025-26,Silt Clearance/Scraping of Jadipur Dy From Km. 0.000 to Km. 10.000.,Silt Clearance/Scraping of Jadipur Dy From Km. 0.000 to Km. 10.000.,Services,Open Tender,Item Wise,Miscellaneous Services,No,No,NA ,30-Oct-2025 12:00 PM,NA ,90.0,No ,No,Online,08-Nov-2025 03:30 PM,"U P Irrigation Department (Civil)||Chief Engineer-Sone, Varanasi||Irrigation Works Circle, Allahabad||BCD, allahabad",Prayagraj,211004.0,2.0,"4,84,000",M/S SHASHI KANT MISHRA,"266,950.66",Rejected-Finance,31-Dec-2025,"U P Irrigation Department (Civil)||Chief Engineer-Sone, Varanasi||Irrigation Works Circle, Allahabad||BCD, allahabad"
2025_UPIDC_1079102_9,01/EE/2025-26,Silt Clearance and Scrapping and jungle clearence from Km. 0.000 to Km. 3.200 of Kotiya Minor,Silt Clearance and Scrapping and jungle clearence from Km. 0.000 to Km. 3.200 of Kotiya Minor,Works,Open Tender,Item Rate,Civil Works - Canal,No,No,NA ,03-Oct-2025 10:00 AM,NA ,90.0,No ,No,Online,11-Oct-2025 11:00 AM,"U P Irrigation Department (Civil)||Chief Engineer-Saryu Project-2, Gonda||Irrigation Construction Circle, Basti||SCD-I, gorakhpur",Gorakhpur,273001.0,2.0,"87,000",KALAYANI CONSTRUTION,"74,500",Rejected-Finance,17-Nov-2025,"U P Irrigation Department (Civil)||Chief Engineer-Saryu Project-2, Gonda||Irrigation Construction Circle, Basti||SCD-I, gorakhpur"
2025_UPIDC_1079352_13,10/EE/2025-26,silt clearance of Khamini mr,LOT13,Works,Open Tender,Piece-work,Civil Works,No,No,NA ,04-Oct-2025 10:00 AM,NA ,90.0,No ,No,Online,09-Oct-2025 04:00 PM,U P Irrigation Department (Civil)||Chief Engineer ( Yamuna) Okhla||S E Irrigation Works Circle III Agra||E E Upper Division Agra Canal Mathura,EE UDAC Mathura,281001.0,2.0,,SHRI RAM CONTRACTOR,"105,564.5",Rejected-AOC,23-Dec-2025,U P Irrigation Department (Civil)||Chief Engineer ( Yamuna) Okhla||S E Irrigation Works Circle III Agra||E E Upper Division Agra Canal Mathura
2025_UPSRT_1091779_1,GR/SM/GKP/2388,GKP DEPOT BUS MAINTENANCE JOB WISE,GKP DEPOT BUS MAINTENANCE JOB WISE,Services,Open Tender,Item Rate,Repair and Maintenance Services,No,No,NA ,19-Nov-2025 01:00 PM,NA ,90.0,No ,No,Offline,03-Dec-2025 12:00 PM,U.P. State Road Transport Corporation||Chief General Manager(Technical),SM OFFICE UPSRTC GORAKHPUR,273001.0,2.0,,kutubudeen contractor,"61,063",Accepted-AOC,01-Jan-2026,U.P. State Road Transport Corporation||Chief General Manager(Technical)
2025_YEIDA_1053217_14,YEA/GM(PROJECT)/2025/364 DT-27/06/2025,"Construction of E-library room in village-Rampur Banger(jewar) , YEA. WC-06","Construction of E-library room in village-Rampur Banger(jewar) , YEA. WC-06",Works,Open Tender,Fixed-rate,Civil Works,No,No,NA ,03-Jul-2025 06:50 PM,NA ,90.0,No ,No,Online,16-Jul-2025 11:00 AM,Yamuna Expressway Industrial Development Authority,YAMUNA EXPRESSWAY INDUSTRIAL DEVELOPMENT AUTHORITY,201308.0,2.0,"32,42,524",M/S SINGH CONSTRUCTION AND COMPANY,"3,041,812.15",Rejected-Finance,29-Dec-2025,Yamuna Expressway Industrial Development Authority
2025_UPIDC_1082040_31,02/EE/2025-26,Silt Clearance /scraping of sisona mr.from km 0.00 to 9.765 km(Lot-19),Silt Clearance /scraping of sisona mr.from km 0.00 to 9.765 km,Works,Open Tender,Item Wise,Civil Works - Canal,No,No,NA ,22-Oct-2025 09:00 AM,NA ,90.0,No ,No,Online,29-Oct-2025 04:00 PM,"U P Irrigation Department (Civil)||Chief Engineer-Eastern Ganga, Moradabad||EGCC Circle, Haridwar||ID, bijnore",Bijnor,246701.0,2.0,"4,14,000",MOHD YAIN,"297,758.45",Rejected-AOC,06-Nov-2025,"U P Irrigation Department (Civil)||Chief Engineer-Eastern Ganga, Moradabad||EGCC Circle, Haridwar||ID, bijnore"
2025_UPIDC_1082147_38,03/EE/2025-26,SILT CLEARENCE FROM KM. 0.000 TO 6.300 OF CHAUKHARIYA MR.,SILT CLEARENCE FROM KM. 0.000 TO 6.300 OF CHAUKHARIYA MR.,Works,Open Tender,Item Rate,Civil Works - Canal,No,No,NA ,13-Oct-2025 09:00 AM,NA ,90.0,No ,No,Online,18-Oct-2025 04:30 PM,"U P Irrigation Department (Civil)||Chief Engineer-Saryu Project-1, Faizabad||Irrigation Construction Circle, Bahraich||SCD-1, bahraich",Bahraich,271801.0,2.0,"2,94,000",M/S PRADHAN CONSTRUCTION,"221,013",Rejected-Finance,14-Nov-2025,"U P Irrigation Department (Civil)||Chief Engineer-Saryu Project-1, Faizabad||Irrigation Construction Circle, Bahraich||SCD-1, bahraich"
2025_UPIDC_1082040_25,02/EE/2025-26,Silt Clearance/Scraping of Imaliya Mr.From Km. 0.000 to Km. 5.960 for Rabi 1433 Crop for the Year 2025-26(Lot-3),Silt Clearance/Scraping of Imaliya Mr.From Km. 0.000 to Km. 5.960 for Rabi 1433 Crop for the Year 2025-26,Works,Open Tender,Item Wise,Civil Works - Canal,No,No,NA ,22-Oct-2025 09:00 AM,NA ,90.0,No ,No,Online,03-Nov-2025 11:00 AM,"U P Irrigation Department (Civil)||Chief Engineer-Eastern Ganga, Moradabad||EGCC Circle, Haridwar||ID, bijnore",Bijnor,246701.0,2.0,"2,53,000",SHIV CONTRACTOR,"174,134.5",Rejected-AOC,21-Nov-2025,"U P Irrigation Department (Civil)||Chief Engineer-Eastern Ganga, Moradabad||EGCC Circle, Haridwar||ID, bijnore"
2025_UPIDC_1090998_21,07/EE/2025-26,Auction of Silt/soil work from Km 89.000 to Km 90.000 of Bhognipur branch,Auction of Silt/soil work from Km 89.000 to Km 90.000 of Bhognipur branch,Works,Auction,Item Rate,Civil Works - Canal,No,No,NA ,17-Nov-2025 11:00 AM,NA ,90.0,No ,No,Online,25-Nov-2025 03:00 PM,"U P Irrigation Department (Civil)||Chief Engineer-Ram Ganga, Kanpur||Irrigation Works Circle, Etawah||BDLGC, etawah",Etawah,206001.0,2.0,"3,46,000",sudhir yadav,"355,200",Rejected-AOC,10-Dec-2025,"U P Irrigation Department (Civil)||Chief Engineer-Ram Ganga, Kanpur||Irrigation Works Circle, Etawah||BDLGC, etawah"
2025_UPIDC_1082040_24,02/EE/2025-26,Silt Clearance/Scraping of Aurangabad sikanderpur Dy.From Km. 0.000 to Km. 9.600 for Rabi 1433 Crop for the Year 2025-26(Lot-2),Silt Clearance/Scraping of Aurangabad sikanderpur Dy.From Km. 0.000 to Km. 9.600 for Rabi 1433 Crop for the Year 2025-26,Works,Open Tender,Item Wise,Civil Works - Canal,No,No,NA ,22-Oct-2025 09:00 AM,NA ,90.0,No ,No,Online,29-Oct-2025 04:00 PM,"U P Irrigation Department (Civil)||Chief Engineer-Eastern Ganga, Moradabad||EGCC Circle, Haridwar||ID, bijnore",Bijnor,246701.0,2.0,"4,49,000",MOHD YAIN,"323,112",Accepted-AOC,06-Nov-2025,"U P Irrigation Department (Civil)||Chief Engineer-Eastern Ganga, Moradabad||EGCC Circle, Haridwar||ID, bijnore"
2025_UPIDC_1082147_39,03/EE/2025-26,SILT CLEARENCE FROM KM. 0.000 TO 5.000 OF NEWADA MR. AND KM. 0.000 TO 3.600 OF JUMLAJOT MR.,SILT CLEARENCE FROM KM. 0.000 TO 5.000 OF NEWADA MR. AND KM. 0.000 TO 3.600 OF JUMLAJOT MR.,Works,Open Tender,Item Rate,Civil Works - Canal,No,No,NA ,13-Oct-2025 09:00 AM,NA ,90.0,No ,No,Online,18-Oct-2025 04:30 PM,"U P Irrigation Department (Civil)||Chief Engineer-Saryu Project-1, Faizabad||Irrigation Construction Circle, Bahraich||SCD-1, bahraich",Bahraich,271801.0,2.0,"1,88,000",Ram Charan Verma,"177,542.92",Rejected-Finance,14-Nov-2025,"U P Irrigation Department (Civil)||Chief Engineer-Saryu Project-1, Faizabad||Irrigation Construction Circle, Bahraich||SCD-1, bahraich"
2025_UPIDC_1082040_30,02/EE/2025-26,Silt Clearance /scraping of MATLABPUR mr.from km 0.00 to 4.3750 km (Lot-18),Silt Clearance /scraping of MATLABPUR mr.from km 0.00 to 4.3750 km,Works,Open Tender,Item Wise,Civil Works - Canal,No,No,NA ,22-Oct-2025 09:00 AM,NA ,90.0,No ,No,Online,31-Oct-2025 04:00 PM,"U P Irrigation Department (Civil)||Chief Engineer-Eastern Ganga, Moradabad||EGCC Circle, Haridwar||ID, bijnore",Bijnor,246701.0,2.0,"2,13,000",M/S SHRSDDHA CONSTRUCTION,"159,629.98",Rejected-AOC,04-Nov-2025,"U P Irrigation Department (Civil)||Chief Engineer-Eastern Ganga, Moradabad||EGCC Circle, Haridwar||ID, bijnore"
2025_UPRNS_1079839_1,123/SE-AGRA/E-TENDER/2025-26,"DEVELOPMENT WORK INCLUDING MIYAWAKI PLANTATION, SITTING ARRANGEMENTS, 2.0 M WIDE PATHWAY AND CONSTRUCTION OF BITUMINOUS ROAD AND OPEN PARKING AREA FROM BANK TO GATE-7 IN D.B.R.A. UNIVERSITY KHANDARI CAMPUS, AGRA","DEVELOPMENT WORK INCLUDING MIYAWAKI PLANTATION, SITTING ARRANGEMENTS, 2.0 M WIDE PATHWAY AND CONSTRUCTION OF BITUMINOUS ROAD AND OPEN PARKING AREA FROM BANK TO GATE-7 IN D.B.R.A. UNIVERSITY KHANDARI CAMPUS, AGRA",Works,Open Tender,Percentage,Civil Works,No,No,NA ,04-Oct-2025 12:00 PM,NA ,90.0,No ,No,Offline,18-Oct-2025 10:00 AM,Uttar Pradesh Rajya Nirman Sahkari Sangh Limited||EE / PE Agra I,"KHANDARI, AGRA",282002.0,2.0,,M.S. CONSTRUCTION,"6,646,725",Rejected-Finance,03-Nov-2025,Uttar Pradesh Rajya Nirman Sahkari Sangh Limited||EE / PE Agra I
2025_UPIDC_1082147_11,03/EE/2025-26,SILT CLEARENCE OF CHANDELA MR. FROM KM 0.000 TO 10.319,SILT CLEARENCE OF CHANDELA MR. FROM KM 0.000 TO 10.319,Works,Open Tender,Item Rate,Civil Works - Canal,No,No,NA ,13-Oct-2025 09:00 AM,NA ,90.0,No ,No,Online,18-Oct-2025 04:30 PM,"U P Irrigation Department (Civil)||Chief Engineer-Saryu Project-1, Faizabad||Irrigation Construction Circle, Bahraich||SCD-1, bahraich",Bahraich,271801.0,2.0,"4,87,000",Mohammad Abdulla,"378,238.09",Accepted-AOC,14-Nov-2025,"U P Irrigation Department (Civil)||Chief Engineer-Saryu Project-1, Faizabad||Irrigation Construction Circle, Bahraich||SCD-1, bahraich"
2025_UPIDC_1086929_1,03/EE/SSK41/2025-26,SILT CLEARANCE OF BAHARPUR DY FROM KM 0.000 TO KM 7.531,SILT CLEARANCE OF BAHARPUR DY FROM KM 0.000 TO KM 7.531,Works,Open Tender,Item Rate,Civil Works - Canal,No,No,NA ,30-Oct-2025 10:00 AM,NA ,90.0,No ,No,Online,06-Nov-2025 11:00 AM,"U P Irrigation Department (Civil)||Chief Engineer-Sharda Sahayak, Lucknow||XVI Circle Irrigation Works, Pratapgargh||Sharda Sahayak Division 41 Amethi",Amethi,227811.0,2.0,"2,72,000",M/s MAHONA TRADERS,"198,417.7",Not Admitted-Fee/PreQual/Technical,19-Nov-2025,"U P Irrigation Department (Civil)||Chief Engineer-Sharda Sahayak, Lucknow||XVI Circle Irrigation Works, Pratapgargh||Sharda Sahayak Division 41 Amethi"
2025_UPIDC_1079102_8,01/EE/2025-26,Silt Clearance and Scrapping and jungle clearence from Km. 0.000 to Km. 2.500 of Gauri Minor,Silt Clearance and Scrapping and jungle clearence from Km. 0.000 to Km. 2.500 of Gauri Minor,Works,Open Tender,Item Rate,Civil Works - Canal,No,No,NA ,03-May-2026 07:11 PM,NA ,90.0,No ,No,Online,11-Oct-2025 11:00 AM,"U P Irrigation Department (Civil)||Chief Engineer-Saryu Project-2, Gonda||Irrigation Construction Circle, Basti||SCD-I, gorakhpur",Gorakhpur,273001.0,2.0,"47,000",M/s KRISHNA CONSTRUCTION,"43,745",Rejected-Finance,17-Nov-2025,"U P Irrigation Department (Civil)||Chief Engineer-Saryu Project-2, Gonda||Irrigation Construction Circle, Basti||SCD-I, gorakhpur"
2025_UPIDC_1079274_16,01/EE/2025-26 DT. 26-09-2025,Silt clearance,silt clearance between Km 0.000 to Km 9.200 of Parsa Dy,Works,Open Tender,Item Rate,Civil Works - Canal,No,No,NA ,06-Oct-2025 10:00 AM,NA ,90.0,No ,No,Online,14-Oct-2025 02:00 PM,"U P Irrigation Department (Civil)||Chief Engineer-Gandak, Gorakhpur||Gandak IWC-1, Gorakhpur||ID-2, deoria",PARASA DY,274001.0,2.0,"2,90,500",M/S Anil Kumar Rai,"198,992.5",Accepted-AOC,02-Dec-2025,"U P Irrigation Department (Civil)||Chief Engineer-Gandak, Gorakhpur||Gandak IWC-1, Gorakhpur||ID-2, deoria"
2025_UPIDC_1083448_1,02/EE/2025-26 Lot 29,Clearance of Silt in Dharauli Dy. from km. 0.000 to km 9.550,Clearance of Silt in Dharauli Dy. from km. 0.000 to km 9.550,Works,Open Tender,Item Rate,Civil Works,No,No,NA ,18-Oct-2025 11:00 AM,NA ,90.0,No ,No,Online,30-Oct-2025 02:00 PM,"U P Irrigation Department (Civil)||Chief Engineer-Sharda Sahayak, Lucknow||XIV Circle Irrigation Works, Azamgarh||SSD - 36 Jaunpur",EXECUTIVE ENGINEER SSK 36 JAUNPUR,222002.0,2.0,"6,36,000",VINOD CONSTRUCTION,"528,843.73",Rejected-Finance,01-Dec-2025,"U P Irrigation Department (Civil)||Chief Engineer-Sharda Sahayak, Lucknow||XIV Circle Irrigation Works, Azamgarh||SSD - 36 Jaunpur"
2025_UPIDC_1086963_10,3646/IDMBD/Etender/2025 Dt 16.10.2025,Reconstruction of VRB at Km 6.132 of Narayanpur Minor,Reconstruction of VRB at Km 6.132 of Narayanpur Minor,Works,Open Tender,Item Rate,Civil Works - Canal,No,No,NA ,30-Oct-2025 06:00 PM,NA ,90.0,No ,No,Online,06-Nov-2025 02:00 PM,"U P Irrigation Department (Civil)||Chief Engineer-Eastern Ganga, Moradabad||Irrigation Works Circle, Moradabad||ID, moradabad",Moradabad,244001.0,2.0,"6,71,000",V K CONTRACTOR,"495,258.1",Rejected-Technical,01-Dec-2025,"U P Irrigation Department (Civil)||Chief Engineer-Eastern Ganga, Moradabad||Irrigation Works Circle, Moradabad||ID, moradabad"
2025_UPIDC_1082813_14,03/EE/2025-26,AS PER TENDER NOTICE-03 LOT 14,Silt clearence of Shahmau Dy from Km. 0.000 to Km. 8.200 and scarping from Km. 8.200 to km. 16.489,Works,Open Tender,Item Rate,Civil Works - Canal,No,No,NA ,16-Oct-2025 11:00 AM,NA ,90.0,No ,No,Online,31-Oct-2025 03:00 PM,"U P Irrigation Department (Civil)||Chief Engineer-Sharda Sahayak, Lucknow||VII Circle Irrigation Works, Lucknow||EE SSK Division-28 Haidergarh",Haidergarh,225124.0,2.0,,M/S Kamlesh Kumar Singh,"718,917.88",Rejected-Finance,21-Nov-2025,"U P Irrigation Department (Civil)||Chief Engineer-Sharda Sahayak, Lucknow||VII Circle Irrigation Works, Lucknow||EE SSK Division-28 Haidergarh"
2025_UPIDC_1084482_36,03/E.E./2025-26,Earth Work in Silt Clearance/Scraping of Indara Dy. from Km. 0.000 to Km. 9.400,Earth Work in Silt Clearance/Scraping,Works,Open Tender,Item Rate,Civil Works,No,No,NA ,03-Dec-2025 10:00 AM,NA ,90.0,No ,No,Online,08-Dec-2025 11:00 AM,"U P Irrigation Department (Civil)||Chief Engineer-Sharda Sahayak, Lucknow||XIV Circle Irrigation Works, Azamgarh||SSD-32, azamgarh",AZAMGARH,276001.0,2.0,"5,60,000",M/S. AARADHYA TRADERS,"559,335",Accepted-AOC,19-Dec-2025,"U P Irrigation Department (Civil)||Chief Engineer-Sharda Sahayak, Lucknow||XIV Circle Irrigation Works, Azamgarh||SSD-32, azamgarh"
2025_UPIDC_1086955_5,04/E.E./2025-26,Silt Clearance/Scraping of Ramnagar Dy From Km. 0.000 to Km. 15.200.,Silt Clearance/Scraping of Ramnagar Dy From Km. 0.000 to Km. 15.200.,Services,Open Tender,Item Wise,Miscellaneous Services,No,No,NA ,30-Oct-2025 12:00 PM,NA ,90.0,No ,No,Online,08-Nov-2025 03:30 PM,"U P Irrigation Department (Civil)||Chief Engineer-Sone, Varanasi||Irrigation Works Circle, Allahabad||BCD, allahabad",Prayagraj,211004.0,2.0,"7,35,000",M/S GANPATI KRIPA CONSTRUCTION AND SUPPLIAR,"488,878.56",Accepted-AOC,28-Dec-2025,"U P Irrigation Department (Civil)||Chief Engineer-Sone, Varanasi||Irrigation Works Circle, Allahabad||BCD, allahabad"
2025_UPPRD_1064082_25,240/Nivida/ZP/2025-26 Date- 22-07-2025,Work No 25 Gramsabha Adilpur me nirhi ke purwa se Adilpur border ko jodne wala kadanja marg tak eet- soling,Work No 25 Gramsabha Adilpur me nirhi ke purwa se Adilpur border ko jodne wala kadanja marg tak eet- soling,Works,Open Tender,Percentage,Civil Works - Others,No,No,NA ,11-May-2026 06:39 PM,NA ,90.0,No ,No,Offline,18-Aug-2025 02:30 PM,Panchayati Raj Department||Zila Panchayat Amethi,Amethi,227409.0,2.0,"7,16,323",M/S J S CONSTRUCTION,"715,248.056",Rejected-Finance,15-Dec-2025,Panchayati Raj Department||Zila Panchayat Amethi
2025_UPPRD_1064082_105,240/Nivida/ZP/2025-26 Date- 22-07-2025,Work No 105 Gramsabha Bhojpur me Mallepur sampark marg se Bhojpur gaon ki oor eet- soling,Work No 105 Gramsabha Bhojpur me Mallepur sampark marg se Bhojpur gaon ki oor eet- soling,Works,Open Tender,Percentage,Civil Works - Others,No,No,NA ,11-Aug-2025 12:00 PM,NA ,90.0,No ,No,Offline,18-Aug-2025 02:30 PM,Panchayati Raj Department||Zila Panchayat Amethi,Amethi,227409.0,2.0,"6,74,256",BRIJESH PRATAP SINGH,"673,446.683",Rejected-Finance,17-Dec-2025,Panchayati Raj Department||Zila Panchayat Amethi
2025_UPIDC_1083624_8,01/EE/2025-2026,SILT CLEARANCE/SCRAPPING OF DEVGAON DY KM 0.00 TO 13.740,SILT CLEARANCE/SCRAPPING OF DEVGAON DY KM 0.00 TO 13.740,Works,Open Tender,Item Rate,Civil Works - Canal,No,No,NA ,18-Oct-2025 10:00 AM,NA ,90.0,No ,No,Online,30-Oct-2025 11:00 AM,"U P Irrigation Department (Civil)||Chief Engineer-Sharda, Lucknow||VI Circle Irrigation Works, Lucknow||ID, unnao",UNNAO,209801.0,2.0,"5,30,000",M/S AMAR SINGH,"527,146",Accepted-AOC,13-Nov-2025,"U P Irrigation Department (Civil)||Chief Engineer-Sharda, Lucknow||VI Circle Irrigation Works, Lucknow||ID, unnao"
2025_UPPRD_1064082_31,240/Nivida/ZP/2025-26 Date- 22-07-2025,Work No 31 Gramsabha shabajpur me Gadhamafi pitch road se gopal Baba hote hue sultanpur - Gauriganj sampark marg ki oor eet- soling,Work No 31 Gramsabha shabajpur me Gadhamafi pitch road se gopal Baba hote hue sultanpur - Gauriganj sampark marg ki oor eet- soling,Works,Open Tender,Percentage,Civil Works - Others,No,No,NA ,11-Aug-2025 12:00 PM,NA ,90.0,No ,No,Offline,18-Aug-2025 02:30 PM,Panchayati Raj Department||Zila Panchayat Amethi,Amethi,227409.0,2.0,"17,46,735",M/S MATRI CHHAYA CONSTRUCTION,"1,744,988.385",Rejected-Finance,15-Dec-2025,Panchayati Raj Department||Zila Panchayat Amethi
2025_UPPRD_1064082_111,240/Nivida/ZP/2025-26 Date- 22-07-2025,Work No 111 Gramsabha Bhavsinghpur ke Bhuvalapur me kalikan- Vishesarganj marg se Anil Maurya ke Ghar tak C.c.,Work No 111 Gramsabha Bhavsinghpur ke Bhuvalapur me kalikan- Vishesarganj marg se Anil Maurya ke Ghar tak C.c.,Works,Open Tender,Percentage,Civil Works - Others,No,No,NA ,11-Aug-2025 12:00 PM,NA ,90.0,No ,No,Offline,18-Aug-2025 02:30 PM,Panchayati Raj Department||Zila Panchayat Amethi,Amethi,227409.0,2.0,"14,25,867",M/S AMIT ENTERPRISES,"1,424,441.623",Rejected-Finance,22-Dec-2025,Panchayati Raj Department||Zila Panchayat Amethi
2025_UPIDC_1082127_2,04/EE/2025-26,LOT-2,CONSTRUCTION OF DRB AT KM 5.570 OF DHANAURI MINOR UNDER MGC STAGE II IN DIST AMROHA.,Works,Open Tender,Item Rate,Civil Works - Others,No,No,NA ,13-Oct-2025 11:00 AM,NA ,120.0,No ,No,Online,27-Oct-2025 03:00 PM,"U P Irrigation Department (Civil)||Chief Engineer-Madhya Ganga, Aligarh||MGCC Circle, Bulandshahar||MGCCD-14, Garh Mukteshwar",HASANPUR,244241.0,2.0,"24,22,000",M/S SUDHIR CHANDRA CONSTRUCTION AND SUPPLIER,"2,108,792",Rejected-Finance,03-Dec-2025,"U P Irrigation Department (Civil)||Chief Engineer-Madhya Ganga, Aligarh||MGCC Circle, Bulandshahar||MGCCD-14, Garh Mukteshwar"
2025_UPIDC_1086669_44,04/EEAID/2025-26,LOT15 Janpad Bijnor Mein Shahpur Nahar Pranali ke antargat bhatpura alpika ke km. 4.950 se km. 5.100 ke Madhya brick pitching AVN Sambadh bankon ke shuddhdikaran ka Karya.,LOT15 Janpad Bijnor Mein Shahpur Nahar Pranali ke antargat bhatpura alpika ke km. 4.950 se km. 5.100 ke Madhya brick pitching AVN Sambadh bankon ke shuddhdikaran ka Karya.,Works,Open Tender,Item Rate,Civil Works,No,No,NA ,08-Nov-2025 04:00 PM,NA ,90.0,No ,No,Online,13-Nov-2025 04:30 PM,"U P Irrigation Department (Civil)||Chief Engineer-Eastern Ganga, Moradabad||Irrigation Works Circle, Moradabad||AID, dhampur",DHAMPUR,246761.0,2.0,"8,05,000",AARU ENTERPRISE,"618,075.23",Accepted-AOC,26-Dec-2025,"U P Irrigation Department (Civil)||Chief Engineer-Eastern Ganga, Moradabad||Irrigation Works Circle, Moradabad||AID, dhampur"
2025_YEIDA_1045380_3,YEA/GM(PROJECT)/2025/333 DT-30/05/2025,Construction of E-library Room in village Gadana YEA .WC-06,Construction of E-library Room in village Gadana YEA .WC-06,Works,Open Tender,Fixed-rate,Civil Works,No,No,NA ,03-Jun-2025 06:55 PM,NA ,90.0,No ,No,Online,16-Jun-2025 11:00 AM,Yamuna Expressway Industrial Development Authority,YAMUNA EXPRESSWAY INDUSTRIAL DEVELOPMENT AUTHORITY,201310.0,2.0,"32,33,166",M/S ANUSHKA CONSTRUCTION,"2,737,522.01",Rejected-Technical,05-Dec-2025,Yamuna Expressway Industrial Development Authority
2025_UPIDC_1080412_65,02/EE/2025-26,Silt Clearance from Km 0.000 to 10.200 of Maddupur Dy.,Silt Clearance,Works,Open Tender,Item Wise,Civil Works - Canal,No,No,NA ,20-Nov-2025 12:00 PM,NA ,90.0,No ,No,Online,26-Nov-2025 12:00 PM,"U P Irrigation Department (Civil)||Chief Engineer-Ram Ganga, Kanpur||II Circle Irrigation Works, Kanpur||KDLGC, kanpur",Kanpur,208004.0,2.0,"6,92,000",DEV CONSTRUCTIONS AND SUPPLIERS,"366,604.75",Accepted-AOC,03-Dec-2025,"U P Irrigation Department (Civil)||Chief Engineer-Ram Ganga, Kanpur||II Circle Irrigation Works, Kanpur||KDLGC, kanpur"
2025_UPPRC_1089925_1,78/UPPCL/GM-1/E-TENDER/2025-26 Dated-07.11.2025,"Construction of Residential Buildings at Vikas Khand Koraon, District-Prayagraj (Balance Work)","Construction of Residential Buildings at Vikas Khand Koraon, District-Prayagraj (Balance Work)",Works,Open Tender,Percentage,Civil Works - Buildings,No,No,NA ,12-Nov-2025 11:30 AM,NA ,90.0,No ,No,Online,18-Nov-2025 03:00 PM,U.P. Projects Corporation Ltd.||U.P. Projects Corp. Ltd.(MD)||Zone-1 Allahabad,District-Prayagraj (U.P.),221001.0,2.0,"2,59,36,000",SHANTI CONSTRUCTION,"25,804,106.76",Rejected-AOC,26-Dec-2025,U.P. Projects Corporation Ltd.||U.P. Projects Corp. Ltd.(MD)||Zone-1 Allahabad
2025_UPIDC_1081481_7,01/EE/2025-26,"Silt Clearance/Scraping between Km. 0.000 to Km. 1.600, Km. 2.400 to Km. 5.000 and Km. 5.700 to Km. 9.170 of Dilawalpur Dy.","Silt Clearance/Scraping between Km. 0.000 to Km. 1.600, Km. 2.400 to Km. 5.000 and Km. 5.700 to Km. 9.170 of Dilawalpur Dy.",Works,Open Tender,Item Rate,Civil Works - Canal,No,No,NA ,11-Oct-2025 02:00 PM,NA ,90.0,No ,No,Online,24-Oct-2025 03:00 PM,"U P Irrigation Department (Civil)||Chief Engineer-Saryu Project-2, Gonda||Drainage Cirlce, Gonda||SCD-4 Balrampur",Balrampur,271201.0,2.0,"3,04,000",M/S RAM SAGAR,"241,304.6",Rejected-Finance,24-Nov-2025,"U P Irrigation Department (Civil)||Chief Engineer-Saryu Project-2, Gonda||Drainage Cirlce, Gonda||SCD-4 Balrampur"
2025_UPIDC_1085715_123,02/AE-II/2025-26,Earth Work in Silt Clearance and Scraping of Durvasha Mr. from Km. 0.000 to Km. 3.400,Silt Clearance and Scraping,Works,Open Tender,Item Rate,Civil Works,No,No,NA ,20-Nov-2025 01:00 PM,NA ,90.0,No ,No,Online,26-Nov-2025 03:00 PM,"U P Irrigation Department (Civil)||Chief Engineer-Sharda Sahayak, Lucknow||XIV Circle Irrigation Works, Azamgarh||SSD-32, azamgarh",AZAMGARH,276001.0,2.0,"99,000",Ravindra Yadav,"81,121.22",Accepted-AOC,26-Dec-2025,"U P Irrigation Department (Civil)||Chief Engineer-Sharda Sahayak, Lucknow||XIV Circle Irrigation Works, Azamgarh||SSD-32, azamgarh"
2025_UPIDC_1080129_12,01/EE/LGC/FTP/2025-26,Rennovation/Recoatinged Service Road Between Km 0.000 to km 4.850 of Jarouli Feedar Chanel and Fatehpur Branch km 116.677 to 117.042,Rennovation/Recoatinged Service Road Between Km 0.000 to km 4.850 of Jarouli Feedar Chanel and Fatehpur Branch km 116.677 to 117.042,Works,Open Tender,Item Rate,Civil Works - Canal,No,No,NA ,07-Oct-2025 10:00 AM,08-Oct-2025 11:00 AM ,15.0,No ,No,Online,13-Oct-2025 02:00 PM,"U P Irrigation Department (Civil)||Chief Engineer-Ram Ganga, Kanpur||Irrigation Works Circle, Kanpur||FDLGC, fatehpur",Fatehpur,212601.0,2.0,,M/S RAJIV SINGH,"874,463",Rejected-Technical,07-Nov-2025,"U P Irrigation Department (Civil)||Chief Engineer-Ram Ganga, Kanpur||Irrigation Works Circle, Kanpur||FDLGC, fatehpur"
2025_UPIDC_1083668_37,01/EE/2025-26,Silt Clearance/Scraping work of Dhawai Mr. (Between km 0.00 to 3.800),Silt Clearance/Scraping work of Dhawai Mr. (Between km 0.00 to 3.800),Works,Open Tender,Item Rate,Civil Works - Canal,No,No,NA ,18-Oct-2025 10:00 AM,NA ,90.0,No ,No,Online,30-Oct-2025 04:00 PM,"U P Irrigation Department (Civil)||Chief Engineer-Saryu Project-2, Gonda||Drainage Cirlce, Gonda||EE Chitaurgarh Dam Construction Division Balrampur",Tulsipur Balrampur,271210.0,2.0,"66,000",M/S DHARMENDRA KUMAR THEKEDAR,"65,364.16",Accepted-AOC,05-Dec-2025,"U P Irrigation Department (Civil)||Chief Engineer-Saryu Project-2, Gonda||Drainage Cirlce, Gonda||EE Chitaurgarh Dam Construction Division Balrampur"
2025_UPIDC_1083668_23,01/EE/2025-26,Silt Clearance/Scraping work of Dagmara Mr. (km 0.000 to 1.600),Silt Clearance/Scraping work of Dagmara Mr. (km 0.000 to 1.600),Works,Open Tender,Item Rate,Civil Works - Canal,No,No,NA ,18-Oct-2025 10:00 AM,NA ,90.0,No ,No,Online,30-Oct-2025 04:00 PM,"U P Irrigation Department (Civil)||Chief Engineer-Saryu Project-2, Gonda||Drainage Cirlce, Gonda||EE Chitaurgarh Dam Construction Division Balrampur",Bhinga Shrawasti,271840.0,2.0,"30,000",M/S RAVI CONSTRUCTION,"28,700",Rejected-Finance,05-Dec-2025,"U P Irrigation Department (Civil)||Chief Engineer-Saryu Project-2, Gonda||Drainage Cirlce, Gonda||EE Chitaurgarh Dam Construction Division Balrampur"
2025_UPIDC_1082163_10,01/EE/2025-26,Patch repairing of Kanily dy from Km. 2.300 to 7.100,Patch repairing of Kanily dy from Km. 2.300 to 7.100,Works,Open Tender,Item Rate,Civil Works - Roads,No,No,NA ,13-Oct-2025 12:00 PM,16-Oct-2025 11:00 AM ,90.0,No ,No,Online,21-Oct-2025 02:00 PM,"U P Irrigation Department (Civil)||Chief Engineer-Ram Ganga, Kanpur||Irrigation Works Circle, Kanpur||ID, kaushambhi",Kaushambi,212207.0,2.0,"9,22,000",DEVENDRA KUMAR YADAV,"488,592",Accepted-AOC,19-Nov-2025,"U P Irrigation Department (Civil)||Chief Engineer-Ram Ganga, Kanpur||Irrigation Works Circle, Kanpur||ID, kaushambhi"
2025_UPPRC_1082845_1,07/PCL/PM/UNIT-8/2025-26/Dated 15.10.2025,CONSTRUCTION OF OFFICE CABIN FOR SOCIAL AUDIT NIDESHALAYA AT DISTT. -LUCKNOW (U.P.),CONSTRUCTION OF OFFICE CABIN FOR SOCIAL AUDIT NIDESHALAYA AT DISTT. -LUCKNOW (U.P.),Goods,Open Tender,Percentage,Civil Construction Goods,No,No,NA ,16-Oct-2025 11:00 AM,NA ,30.0,No ,No,Online,27-Oct-2025 04:00 PM,U.P. Projects Corporation Ltd.||U.P. Projects Corp. Ltd.(MD)||Zone-7 Lucknow||Unit-08 Lucknow,LUCKNOW,226006.0,2.0,"2,36,000",LAKSHYA ENTERPRISES,"234,500",Accepted-AOC,06-Dec-2025,U.P. Projects Corporation Ltd.||U.P. Projects Corp. Ltd.(MD)||Zone-7 Lucknow||Unit-08 Lucknow
2025_UPIDC_1094344_5,12/EE/2025-26,CONSTRUCTION OF Boundry wall,CONSTRUCTION OF Boundry wall,Works,Open Tender,Item Rate,Civil Works,No,No,NA ,28-Nov-2025 09:00 AM,NA ,90.0,No ,No,Online,05-Dec-2025 03:00 PM,"U P Irrigation Department (Civil)||Chief Engineer-Ganga, Meerut||Irrigation Works Circle, Mathura||UMBGC, khurja",U.M.B.D.G.C. KHURJA,203131.0,2.0,"17,00,000",ARTIST BRO,"996,005",Rejected-Finance,22-Dec-2025,"U P Irrigation Department (Civil)||Chief Engineer-Ganga, Meerut||Irrigation Works Circle, Mathura||UMBGC, khurja"
2025_UPIDC_1090465_2,02/EE/2025-26,Lot 2 Const. of DRB at Km. 7.910 of Tail Dy.,Lot 2 Const. of DRB at Km. 7.910 of Tail Dy.,Works,Open Tender,Item Rate,Civil Works - Canal,No,No,NA ,14-Nov-2025 12:00 PM,NA ,90.0,No ,No,Online,20-Nov-2025 11:00 AM,"U P Irrigation Department (Civil)||Chief Engineer-Madhya Ganga, Aligarh||MGCC Circle, Bulandshahar||MGCCD-8, Bulandshahar",SAMBHAL,244302.0,2.0,,gopi constech pvt. ltd.,"2,670,004.95",Rejected-Finance,27-Dec-2025,"U P Irrigation Department (Civil)||Chief Engineer-Madhya Ganga, Aligarh||MGCC Circle, Bulandshahar||MGCCD-8, Bulandshahar"
2025_UPIDC_1083393_15,01/EE/2025-26,Scraping of internal Section and S/F Sign board of Balua Minor. from km. 0.000 to km. 4.840,Scraping of internal Section and S/F Sign board of Balua Minor. from km. 0.000 to km. 4.840,Works,Open Tender,Item Rate,Civil Works - Canal,No,No,NA ,18-Oct-2025 10:00 AM,NA ,90.0,No ,No,Online,28-Oct-2025 03:00 PM,"U P Irrigation Department (Civil)||Chief Engineer-Saryu Project-2, Gonda||Drainage Cirlce, Gonda||SCD-3 Gonda",Siddharthnagar,272153.0,2.0,"71,000",MAYANK MANI TRIPATHI,"50,843.36",Accepted-AOC,15-Nov-2025,"U P Irrigation Department (Civil)||Chief Engineer-Saryu Project-2, Gonda||Drainage Cirlce, Gonda||SCD-3 Gonda"
2025_UPIDC_1083668_44,01/EE/2025-26,Silt Clearance/Scraping work of Ganeshpur Mr. (km 0.00 to 7.500),Silt Clearance/Scraping work of Ganeshpur Mr. (km 0.00 to 7.500),Works,Open Tender,Item Rate,Civil Works - Canal,No,No,NA ,18-Oct-2025 10:00 AM,NA ,90.0,No ,No,Online,30-Oct-2025 04:00 PM,"U P Irrigation Department (Civil)||Chief Engineer-Saryu Project-2, Gonda||Drainage Cirlce, Gonda||EE Chitaurgarh Dam Construction Division Balrampur",Tulsipur Balrampur,271210.0,2.0,"1,43,000",M/S ANAND KUMAR,"140,604.5",Rejected-Finance,05-Dec-2025,"U P Irrigation Department (Civil)||Chief Engineer-Saryu Project-2, Gonda||Drainage Cirlce, Gonda||EE Chitaurgarh Dam Construction Division Balrampur"
2025_UPPRD_1073328_7,875/Nivida/ZP/2025-26 Date- 10-09-2025,Work No 7 Jagdispur -sukulbazar road par A.H.inter college ke pass se siddh peeth satteswar gosai ka tall tak C.C. karya,Work No 7 Jagdispur -sukulbazar road par A.H.inter college ke pass se siddh peeth satteswar gosai ka tall tak C.C. karya,Works,Open Tender,Percentage,Civil Works - Others,No,No,NA ,12-Sep-2025 12:00 PM,NA ,30.0,No ,No,Offline,17-Sep-2025 01:00 PM,Panchayati Raj Department||Zila Panchayat Amethi,Amethi,227409.0,2.0,"16,27,876",KUSHAGRA ENTERPRISES,"1,626,899.055",Accepted-AOC,29-Dec-2025,Panchayati Raj Department||Zila Panchayat Amethi
2025_UPRNS_1092916_1,405/UPRNSS/E-TENDER/2025-26 DATE 17-11-2025,"REPAIRING OF 18600 MT GODOWN AT BHAGWATIPUR, DISTRICT-BADAUN(U.P.)",SEE IN TECHNICAL BOQ,Works,Open Tender,Percentage,Repair and Maintenance Works,No,No,NA ,21-Nov-2025 04:00 PM,28-Nov-2025 11:00 AM ,90.0,No ,No,Offline,05-Dec-2025 12:00 PM,Uttar Pradesh Rajya Nirman Sahkari Sangh Limited,BADAUN,243601.0,2.0,"89,39,000",BABA NEEM KAROULI INTERPRISES,"8,930,061",Rejected-Technical,16-Dec-2025,Uttar Pradesh Rajya Nirman Sahkari Sangh Limited
2025_UPPRD_1073328_33,875/Nivida/ZP/2025-26 Date- 10-09-2025,Work No 33 Gram sabha pendara ke poore Anoop ka purva ke keshariya baba ka talab ka saundarikaran,Work No 33 Gram sabha pendara ke poore Anoop ka purva ke keshariya baba ka talab ka saundarikaran,Works,Open Tender,Percentage,Civil Works - Others,No,No,NA ,12-Sep-2025 12:00 PM,NA ,30.0,No ,No,Offline,17-Sep-2025 01:00 PM,Panchayati Raj Department||Zila Panchayat Amethi,Amethi,227409.0,2.0,"22,05,989",KUSHAGRA ENTERPRISES,"2,204,886.06",Rejected-Finance,30-Dec-2025,Panchayati Raj Department||Zila Panchayat Amethi
2025_UPPRD_1073328_27,875/Nivida/ZP/2025-26 Date- 10-09-2025,Work No 27 Gramsabha Bhavapur me Bhadar Antu marg se Amraiya gaon ki oor Lepan,Work No 27 Gramsabha Bhavapur me Bhadar Antu marg se Amraiya gaon ki oor Lepan,Works,Open Tender,Percentage,Civil Works - Others,No,No,NA ,12-Sep-2025 12:00 PM,NA ,30.0,No ,No,Offline,17-Sep-2025 01:00 PM,Panchayati Raj Department||Zila Panchayat Amethi,Amethi,227409.0,2.0,"12,46,927",BRIJESH PRATAP SINGH,"1,245,680.26",Accepted-AOC,30-Dec-2025,Panchayati Raj Department||Zila Panchayat Amethi
2025_UPIDC_1094922_1,03/EE/25-26,CONSTRUCTION OF V.R.B. AT KM 8.000 OF BAGARPUR DY UNDER M.G.C. PROJECT STAGE - II IN DIST AMROHA,CONSTRUCTION OF V.R.B. AT KM 8.000 OF BAGARPUR DY UNDER M.G.C. PROJECT STAGE - II IN DIST AMROHA,Works,Open Tender,Item Rate,Civil Works - Canal,No,No,NA ,02-Dec-2025 10:00 AM,NA ,90.0,No ,No,Online,10-Dec-2025 11:00 AM,"U P Irrigation Department (Civil)||Chief Engineer-Madhya Ganga, Aligarh||MGCC Circle, Bulandshahar||MGCCD-4, Amroha",AMROHA,244222.0,2.0,"20,00,000",BABA MOHAN RAM CONTRACTOR,"1,742,159.43",Rejected-Technical,19-Dec-2025,"U P Irrigation Department (Civil)||Chief Engineer-Madhya Ganga, Aligarh||MGCC Circle, Bulandshahar||MGCCD-4, Amroha"
2025_UPIDC_1082971_27,05/EE/2025-26,Clearance of Internal section of Khaptiha Minor from Km.0.000 to Km. 2.900 in District Prayagraj,Clearance of Internal section of Khaptiha Minor from Km.0.000 to Km. 2.900 in District Prayagraj,Works,Open Tender,Item Wise,Civil Works - Canal,No,No,NA ,06-Nov-2025 11:30 AM,NA ,90.0,No ,No,Online,11-Nov-2025 12:30 PM,"U P Irrigation Department (Civil)||Chief Engineer-Sone, Varanasi||Irrigation Works Circle, Allahabad||BCD, allahabad",Bara Tehshil,212107.0,2.0,"92,000",MOON ENTERPRISES,"61,611",Rejected-Finance,17-Dec-2025,"U P Irrigation Department (Civil)||Chief Engineer-Sone, Varanasi||Irrigation Works Circle, Allahabad||BCD, allahabad"
2025_UPIDM_1078277_4,05/EE/MLCD/2025-26,Providing and Instalation of India Mark-II Hand Pump,Providing and Instalation of India Mark-II Hand Pump,Works,Open Tender,Piece-work,Civil Works,No,No,NA ,03-Oct-2025 02:00 PM,NA ,60.0,No ,No,Online,13-Oct-2025 03:00 PM,U P Irrigation Department (Mechanical)||Chief Engineer (Tubewell Varanasi)||Superintending Engineer (Tubewell) Allahabad||Executive Engineer MLCD Allahabad,Sirasa Pump Canal,212305.0,2.0,"1,97,638",diploma engineer and traders,"147,300",Rejected-Technical,02-Dec-2025,U P Irrigation Department (Mechanical)||Chief Engineer (Tubewell Varanasi)||Superintending Engineer (Tubewell) Allahabad||Executive Engineer MLCD Allahabad
2025_UPIDC_1085704_12,03/EE/2025-26,Restoration of Canal Section of Hakikatpur Mr. from km. 0.000 to 3.950,Restoration of Canal Section of Hakikatpur Mr. from km. 0.000 to 3.950,Works,Open Tender,Item Wise,Civil Works - Canal,No,No,NA ,28-Oct-2025 09:00 AM,NA ,90.0,No ,No,Online,05-Nov-2025 02:00 PM,"U P Irrigation Department (Civil)||Chief Engineer-Eastern Ganga, Moradabad||EGCC Circle, Bijnore||EGCD-6, nazibabad",Najibabad,246763.0,2.0,"4,45,000",M/S AJAYPAL SINGH CONTRACTOR,"330,205.7",Accepted-AOC,31-Dec-2025,"U P Irrigation Department (Civil)||Chief Engineer-Eastern Ganga, Moradabad||EGCC Circle, Bijnore||EGCD-6, nazibabad"
2025_UPJNM_1089579_1,1866/E-TENDER/34 DATED 04.11.2025,"Operation and Maintenance of Konia MPS, Varanasi","Operation and Maintenance of Konia MPS, Varanasi",Works,Open Tender,Percentage,Repair and Maintenance Works,No,No,NA ,10-Nov-2025 03:45 PM,NA ,120.0,No ,No,Offline,10-Dec-2025 01:00 PM,"U P Jal Nigam (HQ), Lucknow||Chief Engineer (E-M), Lucknow||SE, Elect Mech Circle, Kanpur Nagar||EE Elect Mech Unit Kanpur Nagar",Varanasi,221112.0,2.0,,chaudhary engineering works,"7,237,837.41",Rejected-Finance,01-Jan-2026,"U P Jal Nigam (HQ), Lucknow||Chief Engineer (E-M), Lucknow||SE, Elect Mech Circle, Kanpur Nagar||EE Elect Mech Unit Kanpur Nagar"
2025_UPIDC_1083636_5,03/EE/2025-26,03/EE/2025-26 lot No.5,Silt clearance/Scrapping Work of Bisahupur Minor from km 0.000 to 16.000 (Rabi Fasli 1433 (Year 2025-26) District Gonda),Works,Open Tender,Item Wise,Civil Works - Canal,No,No,NA ,24-Oct-2025 10:00 AM,NA ,90.0,No ,No,Online,30-Oct-2025 04:00 PM,"U P Irrigation Department (Civil)||Chief Engineer-Saryu Project-1, Faizabad||XV Circle Irrigation Work, Gonda||SCD-4, gonda",Gonda,271001.0,2.0,"4,37,922",M/S KSHITIJ ENTERPRISES,"432,183.2",Accepted-AOC,11-Nov-2025,"U P Irrigation Department (Civil)||Chief Engineer-Saryu Project-1, Faizabad||XV Circle Irrigation Work, Gonda||SCD-4, gonda"
2025_UPIDC_1080129_5,01/EE/LGC/FTP/2025-26,Rennovation/Recoatinged Service Road Between Km 57.200 to km 60.035 of Fatehpur Branch.,Rennovation/Recoatinged Service Road Between Km 57.200 to km 60.035 of Fatehpur Branch.,Works,Open Tender,Item Rate,Civil Works - Canal,No,No,NA ,07-Oct-2025 10:00 AM,08-Oct-2025 11:00 AM ,15.0,No ,No,Online,13-Oct-2025 02:00 PM,"U P Irrigation Department (Civil)||Chief Engineer-Ram Ganga, Kanpur||Irrigation Works Circle, Kanpur||FDLGC, fatehpur",Fatehpur,212601.0,2.0,,M/S D.K.ENTERPRISES,"508,464",Rejected-Finance,04-Nov-2025,"U P Irrigation Department (Civil)||Chief Engineer-Ram Ganga, Kanpur||Irrigation Works Circle, Kanpur||FDLGC, fatehpur"
2025_UPTCL_1080024_1,41/ETC-II(P)/2025-2026,41/ETC-II(P)/2025-2026,"Servicing and overhauling of OLTC of Power Transformer installed at various 132 KV Sub-stations under ETD-III, Prayagraj.",Works,Open Tender,Item Rate,Electrical Works,No,No,NA ,06-Oct-2025 09:00 AM,NA ,120.0,No ,No,Offline,18-Oct-2025 01:00 PM,UP Power Transmission Corp.Ltd (Operation)||Chief Engineer (TE) East Allahabad||S.E. ETC-II Allahabad,ETD NAINI PRAYAGRAJ,211002.0,2.0,"3,60,000",General Engineering Works,"358,400",Rejected-AOC,24-Dec-2025,UP Power Transmission Corp.Ltd (Operation)||Chief Engineer (TE) East Allahabad||S.E. ETC-II Allahabad
2025_UPIDC_1086669_37,04/EEAID/2025-26,LOT08 Pili Bandh Ke km. 7.600 par sthit Tindail room ki Jungali janvaron se Suraksha Hetu Suraksha railing ka Karya.,LOT08 Pili Bandh Ke km. 7.600 par sthit Tindail room ki Jungali janvaron se Suraksha Hetu Suraksha railing ka Karya.,Works,Open Tender,Item Rate,Civil Works,No,No,NA ,08-Nov-2025 04:00 PM,NA ,90.0,No ,No,Online,13-Nov-2025 04:30 PM,"U P Irrigation Department (Civil)||Chief Engineer-Eastern Ganga, Moradabad||Irrigation Works Circle, Moradabad||AID, dhampur",DHAMPUR,246761.0,2.0,"4,85,000",M/S SHAKTI ASSOCIATES,"436,055.6",Rejected-Technical,26-Dec-2025,"U P Irrigation Department (Civil)||Chief Engineer-Eastern Ganga, Moradabad||Irrigation Works Circle, Moradabad||AID, dhampur"
2025_UPIDC_1078690_17,03/EESNK1BANSI/2025-26,SiltScraping and jungle clearance of karahi minor from km 0.000 to 7.100,SiltScraping and jungle clearance of karahi minor from km 0.000 to 7.100,Works,Open Tender,Item Wise,Civil Works - Canal,No,No,NA ,04-Oct-2025 10:00 AM,NA ,90.0,No ,No,Online,13-Oct-2025 02:00 PM,"U P Irrigation Department (Civil)||Chief Engineer-Saryu Project-2, Gonda||Rapti CC Circle-2, Basti||SCD, bansi",SIDDHARTH NAGAR,272153.0,2.0,"1,89,000",AARADHYA ENTERPRISES,"129,917.84",Rejected-Technical,11-Dec-2025,"U P Irrigation Department (Civil)||Chief Engineer-Saryu Project-2, Gonda||Rapti CC Circle-2, Basti||SCD, bansi"
2025_UPPRD_1064082_56,240/Nivida/ZP/2025-26 Date- 22-07-2025,Work No 56 Gramsabha Dhaurhra me ChhaaChhaa lala ka purwa sampark marg par Ramdas yadav ki machine se primary vidyalay Gosai Ghat hote hue Brinda ke ghar tak lepan,Work No 56 Gramsabha Dhaurhra me ChhaaChhaa lala ka purwa sampark marg par Ramdas yadav ki machine se primary vidyalay Gosai Ghat hote hue Brinda ke ghar tak lepan,Works,Open Tender,Percentage,Civil Works - Others,No,No,NA ,11-Aug-2025 06:39 PM,NA ,90.0,No ,No,Offline,18-Aug-2025 02:30 PM,Panchayati Raj Department||Zila Panchayat Amethi,Amethi,227409.0,2.0,"27,66,637",HARI LAL PRAJAPATI,"2,763,871.053",Rejected-Finance,15-Dec-2025,Panchayati Raj Department||Zila Panchayat Amethi
2025_UPIDC_1080758_1,03/EE/2025-26,Lot-01,Resurfacing of the canal service road from Km 7.430 to 9.200 of Fatehpur Feeder Canal,Works,Open Tender,Item Rate,Civil Works,No,No,NA ,08-Oct-2025 11:00 AM,NA ,90.0,No ,No,Online,13-Oct-2025 12:00 PM,"U P Irrigation Department (Civil)||Chief Engineer-Ram Ganga, Kanpur||Irrigation Works Circle, Kanpur||ID, kanpur",Irrigation Division Kanpur Dehat,209311.0,2.0,"22,31,000",M/S AKASH CONSTRUCTION AND SUPPLIERS,"1,338,510.32",Rejected-Finance,08-Dec-2025,"U P Irrigation Department (Civil)||Chief Engineer-Ram Ganga, Kanpur||Irrigation Works Circle, Kanpur||ID, kanpur"
2025_UPPRD_1064082_162,240/Nivida/ZP/2025-26 Date- 22-07-2025,Work No 162 Gram panchayat sonari kanu ke misirpur me puliya se talab tak nali nirmaan,Work No 162 Gram panchayat sonari kanu ke misirpur me puliya se talab tak nali nirmaan,Works,Open Tender,Percentage,Civil Works - Others,No,No,NA ,11-Aug-2025 12:00 PM,NA ,90.0,No ,No,Offline,18-Aug-2025 02:30 PM,Panchayati Raj Department||Zila Panchayat Amethi,Amethi,227409.0,2.0,"2,37,542",VINAY PRAKASH TRIPATHI,"237,257.005",Rejected-Finance,26-Dec-2025,Panchayati Raj Department||Zila Panchayat Amethi
2025_UPPRD_1064082_42,240/Nivida/ZP/2025-26 Date- 22-07-2025,Work No 42 Viraj chandapur road se poore Hanumant tak lepan,Work No 42 Viraj chandapur road se poore Hanumant tak lepan,Works,Open Tender,Percentage,Civil Works - Others,No,No,NA ,11-Aug-2025 12:00 PM,NA ,90.0,No ,No,Offline,18-Aug-2025 02:30 PM,Panchayati Raj Department||Zila Panchayat Amethi,Amethi,227409.0,2.0,"24,99,692",M/S PIYUSH TRADERS,"2,496,692.614",Rejected-Finance,15-Dec-2025,Panchayati Raj Department||Zila Panchayat Amethi
2025_UPIDC_1082163_5,01/EE/2025-26,Patch repairing of KPC from Km. 23.500to 27.200,Patch repairing of KPC from Km. 23.500to 27.200,Works,Open Tender,Item Rate,Civil Works - Roads,No,No,NA ,13-Oct-2025 12:00 PM,16-Oct-2025 11:00 AM ,90.0,No ,No,Online,21-Oct-2025 02:00 PM,"U P Irrigation Department (Civil)||Chief Engineer-Ram Ganga, Kanpur||Irrigation Works Circle, Kanpur||ID, kaushambhi",Kaushambi,212207.0,2.0,"9,18,000",DEVENDRA KUMAR YADAV,"541,572",Rejected-Finance,18-Nov-2025,"U P Irrigation Department (Civil)||Chief Engineer-Ram Ganga, Kanpur||Irrigation Works Circle, Kanpur||ID, kaushambhi"
2025_UPIDC_1082804_1,10/E.E./2025-26,REPAIRING OF SERVICE ROAD (BITUMIN) OF GIRDHARPUR DY. BETWEEN KM. 1.800 TO KM. 3.300,REPAIRING OF SERVICE ROAD (BITUMIN) OF GIRDHARPUR DY. BETWEEN KM. 1.800 TO KM. 3.300,Works,Open Tender,Item Rate,Civil Works,No,No,NA ,16-Oct-2025 09:00 AM,NA ,90.0,No ,No,Online,25-Oct-2025 03:00 PM,"U P Irrigation Department (Civil)||Chief Engineer-Ganga, Meerut||Irrigation Works Circle, Mathura||UMBGC, khurja",U.M.B.C.D.G.C. Khurja,203131.0,2.0,"21,00,000",JAI LAXMI CONTRACTOR,"1,296,225",Accepted-AOC,02-Dec-2025,"U P Irrigation Department (Civil)||Chief Engineer-Ganga, Meerut||Irrigation Works Circle, Mathura||UMBGC, khurja"
2025_UPPRD_1064082_95,240/Nivida/ZP/2025-26 Date- 22-07-2025,Work No 95 Gramsabha Pindoriya me Amethi- Dhammaur marg par Swami Gupta ki dukan ke samne se mahadev ke purva ke oor Eet- soling,Work No 95 Gramsabha Pindoriya me Amethi- Dhammaur marg par Swami Gupta ki dukan ke samne se mahadev ke purva ke oor Eet- soling,Works,Open Tender,Percentage,Civil Works - Others,No,No,NA ,11-Aug-2025 12:00 PM,NA ,90.0,No ,No,Offline,18-Aug-2025 02:30 PM,Panchayati Raj Department||Zila Panchayat Amethi,Amethi,227409.0,2.0,"3,40,606",HARI LAL PRAJAPATI,"340,265.214",Rejected-Finance,17-Dec-2025,Panchayati Raj Department||Zila Panchayat Amethi
2025_UPIDC_1080758_10,03/EE/2025-26,Lot-11,Patching/Repairing of Canal Service Road from Km 0.000 to 5.030 of Kansua Dy,Works,Open Tender,Item Rate,Civil Works,No,No,NA ,08-Oct-2025 11:00 AM,NA ,90.0,No ,No,Online,13-Oct-2025 12:00 PM,"U P Irrigation Department (Civil)||Chief Engineer-Ram Ganga, Kanpur||Irrigation Works Circle, Kanpur||ID, kanpur",Irrigation Division Kanpur Dehat,209311.0,2.0,"15,51,000",ANSHU TRADERS,"1,090,453.88",Rejected-Finance,08-Dec-2025,"U P Irrigation Department (Civil)||Chief Engineer-Ram Ganga, Kanpur||Irrigation Works Circle, Kanpur||ID, kanpur"
2025_UPIDC_1086402_28,04/AE-III/2025-26,Earth Work in Silt Clearance/Scraping of Adri Mr. from Km. 0.000 to Km. 2.000 and Km. 2.000 to Km. 3.200,Silt Clearance/Scraping,Works,Open Tender,Item Rate,Civil Works,No,No,NA ,29-Oct-2025 10:00 AM,NA ,90.0,No ,No,Online,06-Nov-2025 12:30 PM,"U P Irrigation Department (Civil)||Chief Engineer-Sharda Sahayak, Lucknow||XIV Circle Irrigation Works, Azamgarh||SSD-32, azamgarh",AZAMGARH,276001.0,2.0,"67,000",arvind kumar yadav,"77,439",Accepted-AOC,01-Dec-2025,"U P Irrigation Department (Civil)||Chief Engineer-Sharda Sahayak, Lucknow||XIV Circle Irrigation Works, Azamgarh||SSD-32, azamgarh"
2025_UPPRD_1064082_81,240/Nivida/ZP/2025-26 Date- 22-07-2025,Work No 81 Gramsabha Karangaon ke Antargart poore pathan gaon pakki road se gaon tak Eet- soling,Work No 81 Gramsabha Karangaon ke Antargart poore pathan gaon pakki road se gaon tak Eet- soling,Works,Open Tender,Percentage,Civil Works - Others,No,No,NA ,11-Aug-2025 12:00 PM,NA ,90.0,No ,No,Offline,18-Aug-2025 02:30 PM,Panchayati Raj Department||Zila Panchayat Amethi,Amethi,227409.0,2.0,"7,26,701",Fair Deals,"725,973.939",Accepted-AOC,16-Dec-2025,Panchayati Raj Department||Zila Panchayat Amethi
2025_UPIDC_1083344_3,4/EE/BDV/2025-26,Correcting Internal Section of Uchahara d/y from Km. 0.000 to Km. 8.600 in Chakiya Block.,Correcting Internal Section of Uchahara d/y from Km. 0.000 to Km. 8.600 in Chakiya Block.,Works,Open Tender,Item Wise,Civil Works,No,No,NA ,29-Oct-2025 11:00 AM,NA ,90.0,No ,No,Online,03-Nov-2025 03:00 PM,"U P Irrigation Department (Civil)||Chief Engineer-Sone, Varanasi||Irrigation Works Circle, Varansi||BD, varanasi",Chandauli,232103.0,2.0,"4,60,340",ARUN KUMAR PANDEY,"26,929,913",Rejected-AOC,12-Dec-2025,"U P Irrigation Department (Civil)||Chief Engineer-Sone, Varanasi||Irrigation Works Circle, Varansi||BD, varanasi"
2025_YEIDA_1060688_1,YEA/OSD(M)/2025/279 DT-22/07/2025,Operation and maintenance of street light for one year on 100mtr wide road (road no-06)between sector 20 and 21 (year-2025-26)YEIDA,Operation and maintenance of street light for one year on 100mtr wide road (road no-06)between sector 20 and 21 (year-2025-26)YEIDA,Works,Open Tender,Fixed-rate,Electrical Works,No,No,NA ,28-Jul-2025 06:55 PM,NA ,90.0,No ,No,Online,11-Aug-2025 11:00 AM,Yamuna Expressway Industrial Development Authority,YAMUNA EXPRESSWAY INDUSTRIAL DEVELOPMENT AUTHORITY,201310.0,2.0,"5,95,545",M/S ROHIT ASSOCIATES,"425,814.68",Rejected-Finance,08-Dec-2025,Yamuna Expressway Industrial Development Authority
2025_UPIDC_1079911_13,02/E.E/2025-26,Silt Clearance of Tyor Dy. from km. 0.00 to 8.050 for Year 2025-26,Silt Clearance of Tyor Dy. from km. 0.00 to 8.050 for Year 2025-26,Works,Open Tender,Item Rate,Civil Works - Canal,No,No,NA ,14-Oct-2025 02:00 PM,NA ,90.0,No ,No,Online,24-Oct-2025 12:00 PM,"U P Irrigation Department (Civil)||Chief Engineer-Ram Ganga, Kanpur||II Circle Irrigation Works, Kanpur||ID, farrukhabad",FARRUKHABAD,209625.0,2.0,,M/S EKTA CONSTRUCTION,"239,474.51",Rejected-Finance,30-Oct-2025,"U P Irrigation Department (Civil)||Chief Engineer-Ram Ganga, Kanpur||II Circle Irrigation Works, Kanpur||ID, farrukhabad"
2025_UPPRC_1093595_1,79/UPPCL/GM-1/2025-26/E-TENDER Dated-21.11.2025,"Construction of Grenade Room at Police Line, District-Kaushambi (U.P.)","Construction of Grenade Room at Police Line, District-Kaushambi (U.P.)",Works,Open Tender,Percentage,Civil Works - Buildings,No,No,NA ,26-Nov-2025 11:00 AM,NA ,90.0,No ,No,Online,01-Dec-2025 03:00 PM,U.P. Projects Corporation Ltd.||U.P. Projects Corp. Ltd.(MD)||Zone-1 Allahabad,District-Kaushambi (U.P.),212201.0,2.0,"42,62,000",JAI MAHAKAL CONSTRUCTION,"4,230,090.99",Rejected-Technical,26-Dec-2025,U.P. Projects Corporation Ltd.||U.P. Projects Corp. Ltd.(MD)||Zone-1 Allahabad
2025_UPIDC_1082147_4,03/EE/2025-26,SILT CLEARENCE OF RAMWAPUR MR. FROM KM 0.000 TO 5.000,SILT CLEARENCE OF RAMWAPUR MR. FROM KM 0.000 TO 5.000,Works,Open Tender,Item Rate,Civil Works - Canal,No,No,NA ,13-Oct-2025 09:00 AM,NA ,90.0,No ,No,Online,18-Oct-2025 04:30 PM,"U P Irrigation Department (Civil)||Chief Engineer-Saryu Project-1, Faizabad||Irrigation Construction Circle, Bahraich||SCD-1, bahraich",Bahraich,271801.0,2.0,"1,28,000",ANSHI VIDHI CONSTRUCTIONS,"125,041.25",Accepted-AOC,14-Nov-2025,"U P Irrigation Department (Civil)||Chief Engineer-Saryu Project-1, Faizabad||Irrigation Construction Circle, Bahraich||SCD-1, bahraich"
2025_UPTCL_1043406_1,12/ETC-II(P)/ 2025-2026,12/ETC-II(P)/ 2025-2026,12/ETC-II(P)/ 2025-2026,Works,Open Tender,Item Rate,Electrical Works,No,No,NA ,28-May-2025 10:00 AM,NA ,120.0,No ,No,Offline,10-Jun-2025 01:00 PM,UP Power Transmission Corp.Ltd (Operation)||Chief Engineer (TE) East Allahabad||S.E. ETC-II Allahabad,"220 KV S/S,CANTT , PRAYAGRAJ",211001.0,2.0,"78,000",A K ENTERPRISES,"76,800",Rejected-AOC,29-Nov-2025,UP Power Transmission Corp.Ltd (Operation)||Chief Engineer (TE) East Allahabad||S.E. ETC-II Allahabad
2025_UPPCL_1068705_2,23/ECCD-I/ 2025-26,Mand R of Park and Plantation works at P N Road Staff Hydel Colony Lucknow,Mand R of Park and Plantation works at P N Road Staff Hydel Colony Lucknow,Works,Open Tender,Percentage,Civil Works,No,No,NA ,23-Sep-2025 06:00 PM,NA ,120.0,No ,No,Offline,04-Oct-2025 03:30 PM,Uttar Pradesh Power Corporation Ltd.||SE Civil HQ Shakti Bhawan Extension||EE Civil HQ Attached to CE Civil 2||SE Civil HQ||EE ECCD Ist,LUCKNOW,226024.0,2.0,"2,17,325",MEENAKSHI BUILDERS,"208,999.03",Rejected-Technical,06-Dec-2025,Uttar Pradesh Power Corporation Ltd.||SE Civil HQ Shakti Bhawan Extension||EE Civil HQ Attached to CE Civil 2||SE Civil HQ||EE ECCD Ist
2025_UPIDC_1082533_1,01/EE/2025-26,Silt clearance work of Rajapur Mr. from km. 0.000 to km. 12.160,Silt clearance,Works,Open Tender,Item Rate,Civil Works - Canal,No,No,NA ,14-Oct-2025 02:00 PM,NA ,90.0,No ,No,Online,21-Oct-2025 03:00 PM,"U P Irrigation Department (Civil)||Chief Engineer-Ram Ganga, Kanpur||Irrigation Works Circle, Etawah||ID, auriya",Silt clearance work of Rajapur Mr. from km. 0.000,206244.0,2.0,"3,49,000",M/S BANKE BIHARI CONSTRUCTION,"280,028.8",Accepted-AOC,14-Dec-2025,"U P Irrigation Department (Civil)||Chief Engineer-Ram Ganga, Kanpur||Irrigation Works Circle, Etawah||ID, auriya"
2025_YEIDA_1061572_13,YEA/GM(PROJECT)/2025/394 DT-29/07/2025,"Providing and laying interlocking tiles and C.C road at village Gadana ,YEA. WC-06","Providing and laying interlocking tiles and C.C road at village Gadana ,YEA. WC-06",Works,Open Tender,Fixed-rate,Civil Works,No,No,NA ,01-Aug-2025 06:55 PM,NA ,90.0,No ,No,Online,13-Aug-2025 11:00 AM,Yamuna Expressway Industrial Development Authority,YAMUNA EXPRESSWAY INDUSTRIAL DEVELOPMENT AUTHORITY,201308.0,2.0,"41,38,478",JAI SHRI KRISHNA CONTRACTOR AND SUPPLIER,"2,840,651.59",Rejected-Finance,01-Dec-2025,Yamuna Expressway Industrial Development Authority
2025_YEIDA_1061572_12,YEA/GM(PROJECT)/2025/394 DT-29/07/2025,"Construction of R.C.C drain from house of hira bhati to anil bhati farm at village alipura,YEA, WC-06","Construction of R.C.C drain from house of hira bhati to anil bhati farm at village alipura,YEA, WC-06",Works,Open Tender,Fixed-rate,Civil Works,No,No,NA ,01-Aug-2025 06:55 PM,NA ,90.0,No ,No,Online,13-Aug-2025 11:00 AM,Yamuna Expressway Industrial Development Authority,YAMUNA EXPRESSWAY INDUSTRIAL DEVELOPMENT AUTHORITY,201308.0,2.0,"36,25,204",JAI SHRI KRISHNA CONTRACTOR AND SUPPLIER,"2,560,844.57",Rejected-Finance,24-Dec-2025,Yamuna Expressway Industrial Development Authority
2025_UPIDC_1084107_4,11/EE/2025-26,"Making Varandah front of Co-Operative Bank AND Resi. No. Sa-9 at Canal Colony, Cantt Road, Lucknow.(Lot-04)","Making Varandah front of Co-Operative Bank AND Resi. No. Sa-9 at Canal Colony, Cantt Road, Lucknow.(Lot-04)",Works,Open Tender,Item Rate,Civil Works,No,No,NA ,24-Oct-2025 10:00 AM,NA ,90.0,No ,No,Online,31-Oct-2025 02:30 PM,"U P Irrigation Department (Civil)||Chief Engineer-Sharda Sahayak, Lucknow||VII Circle Irrigation Works, Lucknow||Lucknow Division Sharda Canal Lucknow",Canal Colony Catt Road Lucknow,226001.0,2.0,"8,47,000",M/s SVGS Enterprises,"821,964.91",Rejected-Finance,24-Nov-2025,"U P Irrigation Department (Civil)||Chief Engineer-Sharda Sahayak, Lucknow||VII Circle Irrigation Works, Lucknow||Lucknow Division Sharda Canal Lucknow"
2025_UPPRD_1065171_23,244/Nivida/ZP/2025-26 Date- 22-07-2025,Work No 23 Gram panchayat kakwa me kakwa- moti singh ke purva se vodanar hote hue poore chandoo ke aage pakki sadak tak paech,Work No 23 Gram panchayat kakwa me kakwa- moti singh ke purva se vodanar hote hue poore chandoo ke aage pakki sadak tak paech,Works,Open Tender,Percentage,Civil Works - Others,No,No,NA ,18-Aug-2025 12:00 PM,NA ,30.0,No ,No,Offline,25-Aug-2025 02:30 PM,Panchayati Raj Department||Zila Panchayat Amethi,Amethi,227409.0,2.0,"91,854",BRIJESH PRATAP SINGH,"91,761.946",Rejected-Finance,26-Dec-2025,Panchayati Raj Department||Zila Panchayat Amethi
2025_WBEAP_1078021_1,1724/167C-PMGSYC/2025-26 DT. 01.09.2025,Construction work of office building of UP Vigilance Establishment Kanpur Sector.,Construction work of office building of UP Vigilance Establishment Kanpur Sector.,Works,Open Tender,Item Rate,Civil Works - Buildings,No,No,NA ,29-Sep-2025 09:00 AM,04-Oct-2025 12:00 PM ,120.0,No ,No,Online,06-Oct-2025 12:30 PM,Chief Engineer World Bank (EAP) PWD HQ-Jhansi||SE PMGSY CIRCLE PWD KANPUR,KANPUR NAGAR,208001.0,2.0,,Kanpur Shutter Company,"65,405,154",Accepted-AOC,15-Dec-2025,Chief Engineer World Bank (EAP) PWD HQ-Jhansi||SE PMGSY CIRCLE PWD KANPUR
2025_UPIDC_1082147_5,03/EE/2025-26,SILT CLEARENCE OF PIPRIMAFI MR. FROM KM 0.000 TO 4.100,SILT CLEARENCE OF PIPRIMAFI MR. FROM KM 0.000 TO 4.100,Works,Open Tender,Item Rate,Civil Works - Canal,No,No,NA ,13-Oct-2025 09:00 AM,NA ,90.0,No ,No,Online,18-Oct-2025 04:30 PM,"U P Irrigation Department (Civil)||Chief Engineer-Saryu Project-1, Faizabad||Irrigation Construction Circle, Bahraich||SCD-1, bahraich",Bahraich,271801.0,2.0,"1,04,000",ANSHI VIDHI CONSTRUCTIONS,"101,463.75",Accepted-AOC,14-Nov-2025,"U P Irrigation Department (Civil)||Chief Engineer-Saryu Project-1, Faizabad||Irrigation Construction Circle, Bahraich||SCD-1, bahraich"
2025_UPIDC_1083775_7,03/EE/2025-26,"Bed and side scraping and jungle clearance of Lohra Mr From km 0.000 to 2.200 , Mawaiya Mr From km 0.000 to 1.622 Fultara Mr From km 0.000 to 1.100 ,Salaiya Mr from km 0.000 to 2.410","Bed and side scraping and jungle clearance of Lohra Mr From km 0.000 to 2.200 , Mawaiya Mr From km 0.000 to 1.622 Fultara Mr From km 0.000 to 1.100 ,Salaiya Mr from km 0.000 to 2.410",Works,Open Tender,Item Rate,Civil Works - Canal,No,No,NA ,18-Oct-2025 12:00 PM,NA ,90.0,No ,No,Online,28-Oct-2025 11:00 AM,"U P Irrigation Department (Civil)||Chief Engineer-Sone, Varanasi||Irrigation Works Circle, Allahabad||TPCD, allahabad",PRAYAGRAJ,211001.0,2.0,"1,80,000",M/S MAHADEV CONSTRUCTION,"151,169.96",Rejected-Finance,24-Dec-2025,"U P Irrigation Department (Civil)||Chief Engineer-Sone, Varanasi||Irrigation Works Circle, Allahabad||TPCD, allahabad"
2025_UPIDC_1078690_8,03/EESNK1BANSI/2025-26,SiltScraping and jungle clearance of Dihwa Mr. From Km.0.000 to Km.8.000,SiltScraping and jungle clearance of Dihwa Mr. From Km.0.000 to Km.8.000,Works,Open Tender,Item Wise,Civil Works - Canal,No,No,NA ,04-Oct-2025 10:00 AM,NA ,90.0,No ,No,Online,13-Oct-2025 02:00 PM,"U P Irrigation Department (Civil)||Chief Engineer-Saryu Project-2, Gonda||Rapti CC Circle-2, Basti||SCD, bansi",SIDDHARTH NAGAR,272153.0,2.0,"3,68,000",M/S MISHRA CONSTRUCTION,"239,130.87",Rejected-Finance,11-Dec-2025,"U P Irrigation Department (Civil)||Chief Engineer-Saryu Project-2, Gonda||Rapti CC Circle-2, Basti||SCD, bansi"
2025_UPIDC_1080739_1,02/EE/SSK41/Tender/2025-26,Renovation of Metalled Road at left bank of Inhauna Distributary from km 2.650 to km 4.363,Renovation of Metalled Road at left bank of Inhauna Distributary from km 2.650 to km 4.363,Works,Open Tender,Item Rate,Civil Works - Roads,No,No,NA ,08-Oct-2026 07:07 PM,NA ,90.0,No ,No,Online,15-Oct-2025 11:00 AM,"U P Irrigation Department (Civil)||Chief Engineer-Sharda Sahayak, Lucknow||XVI Circle Irrigation Works, Pratapgargh||Sharda Sahayak Division 41 Amethi",Barabanki,225124.0,2.0,"26,76,696",M/S PIYUSH TRADERS,"1,951,479.152",Rejected-Finance,04-Nov-2025,"U P Irrigation Department (Civil)||Chief Engineer-Sharda Sahayak, Lucknow||XVI Circle Irrigation Works, Pratapgargh||Sharda Sahayak Division 41 Amethi"
2025_UPPAN_1090432_1,"3511/PAN/ET/25-26, DT. 13-11-2025",CONSTRUCTION OF TUBE WELL AND 250 KL OVER HEAD TANK AT POLICE LINE BALLIA U.P.,CONSTRUCTION OF TUBE WELL AND 250 KL OVER HEAD TANK AT POLICE LINE BALLIA U.P.,Works,Open Tender,Percentage,Civil Works,No,No,NA ,14-Nov-2025 09:00 AM,NA ,90.0,No ,No,Online,26-Nov-2025 11:30 AM,UP Police Awas Nigam Limited||UP Police Awas Nigam Ltd HQ Lucknow,POLICE LINE BALLIA U.P.,277001.0,2.0,"1,30,98,000",ADITYA ENTERPRISES,"11,120,202",Accepted-AOC,22-Dec-2025,UP Police Awas Nigam Limited||UP Police Awas Nigam Ltd HQ Lucknow
2025_UPIDC_1079274_1,01/EE/2025-26 DT. 26-09-2025,Silt clearance and Bed scrapping,"Silt clearance of Hata Dy. at km 0.00 to 5.00 km , km 13.00 to 15.00 km and km 18.00 to 20.00 km ,side slope scraping of internal section from km 5.00 to km 13.00 and 15.00 TO 18.00 and 20.00 T0 22.200",Works,Open Tender,Item Rate,Civil Works - Canal,No,No,NA ,06-Oct-2025 10:00 AM,NA ,90.0,No ,No,Online,14-Oct-2025 02:00 PM,"U P Irrigation Department (Civil)||Chief Engineer-Gandak, Gorakhpur||Gandak IWC-1, Gorakhpur||ID-2, deoria",HATA DY,274001.0,2.0,"14,99,425",M/s Kant Enterprises,"1,055,111.09",Accepted-AOC,02-Dec-2025,"U P Irrigation Department (Civil)||Chief Engineer-Gandak, Gorakhpur||Gandak IWC-1, Gorakhpur||ID-2, deoria"
2025_UPIDM_1066728_1,13/LCDJ/EE/2025-26,"Stone Lining of Badagaon Main Canal Jhansi (Reach 3.00 km to 3.15 km) of Badagaon Pump Canal situated in Block Badagaon, Chirgaon, District Jhansi","Stone Lining of Badagaon Main Canal Jhansi (Reach 3.00 km to 3.15 km) of Badagaon Pump Canal situated in Block Badagaon, Chirgaon, District Jhansi",Works,Open Tender,Item Rate,Civil Works,No,No,NA ,27-Aug-2025 10:00 AM,NA ,90.0,No ,No,Online,03-Sep-2025 02:00 PM,U P Irrigation Department (Mechanical)||Chief Engineer (Tubewell Centre)||Superintending Engineer(Tubewell) - Jhansi||Executive Engineer (LCD)-Jhansi,Badagaon Pump Canal District Jhansi,284121.0,2.0,"16,77,000",M/s Sanika Construction,"1,451,908",Accepted-AOC,15-Dec-2025,U P Irrigation Department (Mechanical)||Chief Engineer (Tubewell Centre)||Superintending Engineer(Tubewell) - Jhansi||Executive Engineer (LCD)-Jhansi
2025_UPIDC_1086402_29,04/AE-III/2025-26,Earth Work in Silt Clearance/Scraping of Kasara Mr. from Km. 0.000 to Km. 1.600 and Km. 1.600 to Km. 2.500,Silt Clearance/Scraping,Works,Open Tender,Item Rate,Civil Works,No,No,NA ,29-Oct-2025 10:00 AM,NA ,90.0,No ,No,Online,06-Nov-2025 12:30 PM,"U P Irrigation Department (Civil)||Chief Engineer-Sharda Sahayak, Lucknow||XIV Circle Irrigation Works, Azamgarh||SSD-32, azamgarh",AZAMGARH,276001.0,2.0,"67,000",arvind kumar yadav,"45,934",Rejected-AOC,01-Dec-2025,"U P Irrigation Department (Civil)||Chief Engineer-Sharda Sahayak, Lucknow||XIV Circle Irrigation Works, Azamgarh||SSD-32, azamgarh"
2025_UPPRD_1064082_80,240/Nivida/ZP/2025-26 Date- 22-07-2025,Work No 80 Gram watiya me ootiya huda pakki sadak ( Huda School ) se watiya bada tal tak Eet - soling,Work No 80 Gram watiya me ootiya huda pakki sadak ( Huda School ) se watiya bada tal tak Eet - soling,Works,Open Tender,Percentage,Civil Works - Others,No,No,NA ,11-Aug-2025 12:00 PM,NA ,90.0,No ,No,Offline,18-Aug-2025 02:30 PM,Panchayati Raj Department||Zila Panchayat Amethi,Amethi,227409.0,2.0,"12,49,468",JITENDRA BAHADUR SINGH,"1,248,218.437",Rejected-Finance,16-Dec-2025,Panchayati Raj Department||Zila Panchayat Amethi
2025_UPIDC_1083668_7,01/EE/2025-26,Silt Clearance/Scraping work of Devipatan Mr. (km 0.00 to 3.300),Silt Clearance/Scraping work of Devipatan Mr. (km 0.00 to 3.300),Works,Open Tender,Item Rate,Civil Works - Canal,No,No,NA ,18-Oct-2025 10:00 AM,NA ,90.0,No ,No,Online,30-Oct-2025 04:00 PM,"U P Irrigation Department (Civil)||Chief Engineer-Saryu Project-2, Gonda||Drainage Cirlce, Gonda||EE Chitaurgarh Dam Construction Division Balrampur",Tulsipur Balrampur,271210.0,2.0,"72,000",M/S ANAND KUMAR,"71,074.5",Accepted-AOC,06-Dec-2025,"U P Irrigation Department (Civil)||Chief Engineer-Saryu Project-2, Gonda||Drainage Cirlce, Gonda||EE Chitaurgarh Dam Construction Division Balrampur"
2025_UPIDC_1080758_11,03/EE/2025-26,Lot-12,Patching/Repairing of Canal Service Road from Km 5.500 to 7.965 of Kansua Dy,Works,Open Tender,Item Rate,Civil Works,No,No,NA ,08-Oct-2025 11:00 AM,NA ,90.0,No ,No,Online,13-Oct-2025 12:00 PM,"U P Irrigation Department (Civil)||Chief Engineer-Ram Ganga, Kanpur||Irrigation Works Circle, Kanpur||ID, kanpur",Irrigation Division Kanpur Dehat,209311.0,2.0,"7,60,000",ANSHU TRADERS,"514,388.08",Rejected-Finance,08-Dec-2025,"U P Irrigation Department (Civil)||Chief Engineer-Ram Ganga, Kanpur||Irrigation Works Circle, Kanpur||ID, kanpur"
2025_UPIDC_1082163_4,01/EE/2025-26,Patch repairing of Kolipur dy from Km. 2.110 to 7.610,Patch repairing of Kolipur dy from Km. 2.110 to 7.610,Works,Open Tender,Item Rate,Civil Works - Roads,No,No,NA ,13-Oct-2025 12:00 PM,16-Oct-2025 11:00 AM ,90.0,No ,No,Online,21-Oct-2025 02:00 PM,"U P Irrigation Department (Civil)||Chief Engineer-Ram Ganga, Kanpur||Irrigation Works Circle, Kanpur||ID, kaushambhi",Kaushambi,212207.0,2.0,"13,00,000",M/S Pushpa singh,"778,800",Accepted-AOC,18-Nov-2025,"U P Irrigation Department (Civil)||Chief Engineer-Ram Ganga, Kanpur||Irrigation Works Circle, Kanpur||ID, kaushambhi"
2025_UPPRD_1064082_43,240/Nivida/ZP/2025-26 Date- 22-07-2025,Work No 43 Gramsabha Saraybardand me Gauriganj - sultanpur sampark marg se chintamani mishra ke ghar ke pass soling tak eet- soling,Work No 43 Gramsabha Saraybardand me Gauriganj - sultanpur sampark marg se chintamani mishra ke ghar ke pass soling tak eet- soling,Works,Open Tender,Percentage,Civil Works - Others,No,No,NA ,11-Aug-2025 12:00 PM,NA ,90.0,No ,No,Offline,18-Aug-2025 02:30 PM,Panchayati Raj Department||Zila Panchayat Amethi,Amethi,227409.0,2.0,"12,53,169",M/S PIYUSH TRADERS,"1,251,916.52",Rejected-Finance,15-Dec-2025,Panchayati Raj Department||Zila Panchayat Amethi
2025_UPPRD_1064082_163,240/Nivida/ZP/2025-26 Date- 22-07-2025,Work No 163 Gramsabha maharajpur me nali nirmaan,Work No 163 Gramsabha maharajpur me nali nirmaan,Works,Open Tender,Percentage,Civil Works - Others,No,No,NA ,11-Aug-2025 12:00 PM,NA ,90.0,No ,No,Offline,18-Aug-2025 02:30 PM,Panchayati Raj Department||Zila Panchayat Amethi,Amethi,227409.0,2.0,"11,48,826",YADU NANDAN YADAV,"1,147,677.098",Rejected-Finance,26-Dec-2025,Panchayati Raj Department||Zila Panchayat Amethi
2025_UPPRD_1064082_57,240/Nivida/ZP/2025-26 Date- 22-07-2025,Work No 57 Gramsabha Bhadar me Bhadar- Antu marg se ghorha pitch road tak C.C.,Work No 57 Gramsabha Bhadar me Bhadar- Antu marg se ghorha pitch road tak C.C.,Works,Open Tender,Percentage,Civil Works - Others,No,No,NA ,11-Aug-2025 12:00 PM,NA ,90.0,No ,No,Offline,18-Aug-2025 02:30 PM,Panchayati Raj Department||Zila Panchayat Amethi,Amethi,227409.0,2.0,"23,22,069",KARTIK CONSTRUCTION,"2,319,281.998",Accepted-AOC,16-Dec-2025,Panchayati Raj Department||Zila Panchayat Amethi
2025_UPPRC_1077358_1,18/PCL/GM/ZONE-2/BLY/2025-26,CONSTRUCTION OF MODERN WORKSHOP AND TRAINING ROOMS BUILDING (G plus 2) AT GOVT. I.T.I. CAMPUS SINDHAULI MEERGANJ DISTT.- BAREILLY (U.P.),CONSTRUCTION OF MODERN WORKSHOP AND TRAINING ROOMS BUILDING (G plus 2) AT GOVT. I.T.I. CAMPUS SINDHAULI MEERGANJ DISTT.- BAREILLY (U.P.),Works,Open Tender,Percentage,Civil Works,No,No,NA ,25-Sep-2026 06:42 PM,NA ,90.0,No ,No,Online,07-Oct-2025 03:00 PM,U.P. Projects Corporation Ltd.||U.P. Projects Corp. Ltd.(MD),SINDHAULI MEERGANJ DISTT.- BAREILLY (U.P.),243001.0,2.0,"2,94,00,000",M/S A.H CONSTRUCTION AND DEVLOPERS,"29,171,988.44",Rejected-AOC,29-Dec-2025,U.P. Projects Corporation Ltd.||U.P. Projects Corp. Ltd.(MD)
2025_UPIDC_1078690_16,03/EESNK1BANSI/2025-26,SiltScraping and jungle clearance of jamuni minor from km 0.000 to 3.000,SiltScraping and jungle clearance of jamuni minor from km 0.000 to 3.000,Works,Open Tender,Item Wise,Civil Works - Canal,No,No,NA ,04-Oct-2025 10:00 AM,NA ,90.0,No ,No,Online,13-Oct-2025 02:00 PM,"U P Irrigation Department (Civil)||Chief Engineer-Saryu Project-2, Gonda||Rapti CC Circle-2, Basti||SCD, bansi",SIDDHARTH NAGAR,272153.0,2.0,"55,000",M/S JAI MAA VAISNO TRADERS,"44,223.24",Accepted-AOC,11-Dec-2025,"U P Irrigation Department (Civil)||Chief Engineer-Saryu Project-2, Gonda||Rapti CC Circle-2, Basti||SCD, bansi"
2025_UPIDC_1086669_36,04/EEAID/2025-26,LOT07 Pili Bandh Ke banaili escape ke daayen or Jungali janvaron se Suraksha Hetu Suraksha railing ka Karya.,LOT07 Pili Bandh Ke banaili escape ke daayen or Jungali janvaron se Suraksha Hetu Suraksha railing ka Karya.,Works,Open Tender,Item Rate,Civil Works,No,No,NA ,08-Nov-2025 04:00 PM,NA ,90.0,No ,No,Online,13-Nov-2025 04:30 PM,"U P Irrigation Department (Civil)||Chief Engineer-Eastern Ganga, Moradabad||Irrigation Works Circle, Moradabad||AID, dhampur",DHAMPUR,246761.0,2.0,"7,38,000",HINWAR CONSTRUCTION CO,"650,499.89",Rejected-AOC,26-Dec-2025,"U P Irrigation Department (Civil)||Chief Engineer-Eastern Ganga, Moradabad||Irrigation Works Circle, Moradabad||AID, dhampur"
2025_UPIDC_1080129_4,01/EE/LGC/FTP/2025-26,Rennovation/Recoating ofService Road Between Km 36.408 to km 37.823 of Fatehpur branch.,Rennovation/Recoating ofService Road Between Km 36.408 to km 37.823 of Fatehpur branch.,Works,Open Tender,Item Rate,Civil Works - Canal,No,No,NA ,07-Oct-2025 10:00 AM,08-Oct-2025 11:00 AM ,15.0,No ,No,Online,13-Oct-2025 02:00 PM,"U P Irrigation Department (Civil)||Chief Engineer-Ram Ganga, Kanpur||Irrigation Works Circle, Kanpur||FDLGC, fatehpur",Fatehpur,212601.0,2.0,,M/S D.K.ENTERPRISES,"272,738",Accepted-AOC,03-Nov-2025,"U P Irrigation Department (Civil)||Chief Engineer-Ram Ganga, Kanpur||Irrigation Works Circle, Kanpur||FDLGC, fatehpur"
2025_UPIDC_1088688_1,12/EE/2025-26,"Providing and Laying Floor Tiles in Ground floor Parking of Sinchai Vikas Bhawan Canal Colony, Cant Road, Lucknow","Providing and Laying Floor Tiles in Ground floor Parking of Sinchai Vikas Bhawan Canal Colony, Cant Road, Lucknow",Works,Open Tender,Item Rate,Civil Works,No,No,NA ,07-Nov-2025 10:00 AM,NA ,90.0,No ,No,Online,12-Nov-2025 10:30 AM,"U P Irrigation Department (Civil)||Chief Engineer-Sharda Sahayak, Lucknow||VII Circle Irrigation Works, Lucknow||Lucknow Division Sharda Canal Lucknow",Canal Colony Catt Road Lucknow,226001.0,2.0,"33,65,317",Delight Construction,"2,987,641",Rejected-Finance,17-Dec-2025,"U P Irrigation Department (Civil)||Chief Engineer-Sharda Sahayak, Lucknow||VII Circle Irrigation Works, Lucknow||Lucknow Division Sharda Canal Lucknow"
2025_UPIDC_1086890_2,03/EE/SSK41/2025-26,Silt clearance and Scrapping of Harimau Dy. from Km. 0.000 to 10.300,Silt clearance and Scrapping of Harimau Dy. from Km. 0.000 to 10.300,Works,Open Tender,Item Rate,Civil Works - Canal,No,No,NA ,12-Nov-2025 10:00 AM,NA ,90.0,No ,No,Online,17-Nov-2025 01:00 PM,"U P Irrigation Department (Civil)||Chief Engineer-Sharda Sahayak, Lucknow||XVI Circle Irrigation Works, Pratapgargh||Sharda Sahayak Division 41 Amethi",Amethi,227809.0,2.0,"3,60,000",CHATURBHUJ ASSOCIATE,"265,855.116",Rejected-Finance,24-Nov-2025,"U P Irrigation Department (Civil)||Chief Engineer-Sharda Sahayak, Lucknow||XVI Circle Irrigation Works, Pratapgargh||Sharda Sahayak Division 41 Amethi"
2025_UPIDC_1080914_2,03/EE/2025-26,SILT CLEARANCE/SCRAPING OF GURGWAN DY. B/W KM. 0.000 TO KM. 5.350,SILT CLEARANCE/SCRAPING OF GURGWAN DY. B/W KM. 0.000 TO KM. 5.350,Works,Open Tender,Item Rate,Civil Works - Canal,No,No,NA ,28-Oct-2025 04:00 PM,NA ,90.0,No ,No,Online,03-Nov-2025 01:30 PM,"U P Irrigation Department (Civil)||Chief Engineer-Sharda, Lucknow||Irrigation Works Circle, Sitapur||SDSC, shahjahanpur",SHAHJAHANPUR U.P,242001.0,2.0,"2,59,000",M/S SATYA PRAKASH MISRA,"217,008.15",Accepted-AOC,11-Nov-2025,"U P Irrigation Department (Civil)||Chief Engineer-Sharda, Lucknow||Irrigation Works Circle, Sitapur||SDSC, shahjahanpur"
2025_UPIDC_1082971_26,05/EE/2025-26,Clearance of Internal section of Derabari Minor from Km.0.000 to Km. 2.150 in District Prayagraj,Clearance of Internal section of Derabari Minor from Km.0.000 to Km. 2.150 in District Prayagraj,Works,Open Tender,Item Wise,Civil Works - Canal,No,No,NA ,06-Nov-2025 11:30 AM,NA ,90.0,No ,No,Online,11-Nov-2025 12:30 PM,"U P Irrigation Department (Civil)||Chief Engineer-Sone, Varanasi||Irrigation Works Circle, Allahabad||BCD, allahabad",Bara Tehshil,212107.0,2.0,"75,000",MOON ENTERPRISES,"48,181.75",Rejected-Finance,16-Dec-2025,"U P Irrigation Department (Civil)||Chief Engineer-Sone, Varanasi||Irrigation Works Circle, Allahabad||BCD, allahabad"
2025_UPIDM_1053162_1,14 (Lot-1)/EE/BMMDK/2025-26,"Replacement of Steal wire rope and strengthening of foundation girder of Sahzad Dam, Distt- Lalitpur.","Replacement of Steal wire rope and strengthening of foundation girder of Sahzad Dam, Distt- Lalitpur.",Works,Open Tender,Fixed-rate,Miscellaneous Works,No,No,NA ,01-Jul-2025 01:00 PM,NA ,120.0,No ,No,Online,07-Jul-2025 03:00 PM,U P Irrigation Department (Mechanical)||Central Equipment and Stores Procurement||S E Irrigation Workshop Circle - I Kanpur||E E Barrage Mechanical Maintenance Div Kanpur,"Sahzad Dam, Distt- Lalitpur.",284126.0,2.0,,BHUPENDRA KUMAR,"2,053,145.92",Accepted-AOC,04-Dec-2025,U P Irrigation Department (Mechanical)||Central Equipment and Stores Procurement||S E Irrigation Workshop Circle - I Kanpur||E E Barrage Mechanical Maintenance Div Kanpur
2025_UPIDC_1095904_3,E-AUCTION 02/EE/2025-26,SILT AUCTION OF KURTHIYA DY FROM KM. 0.000 TO KM. 0.100,SILT AUCTION OF KURTHIYA DY FROM KM. 0.000 TO KM. 0.100,Works,Auction,Item Wise,Civil Works - Others,No,No,NA ,06-Dec-2025 10:00 AM,NA ,90.0,No ,No,Online,15-Dec-2025 03:00 PM,"U P Irrigation Department (Civil)||Chief Engineer-Gandak, Gorakhpur||Gandak IWC-1, Gorakhpur||ID-1, maharajganj",KASMARIYA,273303.0,2.0,"5,500",M/S ANUSHMAN TRADERS,"5,715",Rejected-Finance,26-Dec-2025,"U P Irrigation Department (Civil)||Chief Engineer-Gandak, Gorakhpur||Gandak IWC-1, Gorakhpur||ID-1, maharajganj"
2025_UPPRD_1073328_26,875/Nivida/ZP/2025-26 Date- 10-09-2025,Work No 26 Gramsabha Parshurampur me poore Loniya me C.C. road se gaon tak C.C.,Work No 26 Gramsabha Parshurampur me poore Loniya me C.C. road se gaon tak C.C.,Works,Open Tender,Percentage,Civil Works - Others,No,No,NA ,12-Sep-2025 12:00 PM,NA ,30.0,No ,No,Offline,17-Sep-2025 01:00 PM,Panchayati Raj Department||Zila Panchayat Amethi,Amethi,227409.0,2.0,"14,57,186",M/S Amit Construction,"1,384,326.453",Accepted-AOC,30-Dec-2025,Panchayati Raj Department||Zila Panchayat Amethi
2025_UPPRD_1073328_32,875/Nivida/ZP/2025-26 Date- 10-09-2025,Work No 32 Gramsabha Sheshpur ke poore Dunda me Sthit talab ka Jal sanchayan ewam sundarikaran,Work No 32 Gramsabha Sheshpur ke poore Dunda me Sthit talab ka Jal sanchayan ewam sundarikaran,Works,Open Tender,Percentage,Civil Works - Others,No,No,NA ,12-Sep-2025 12:00 PM,NA ,30.0,No ,No,Offline,17-Sep-2025 01:00 PM,Panchayati Raj Department||Zila Panchayat Amethi,Amethi,227409.0,2.0,"24,61,079",M/S ABHISHEK VIKRAM SINGH,"2,459,355.93",Accepted-AOC,30-Dec-2025,Panchayati Raj Department||Zila Panchayat Amethi
2025_UPIDC_1083668_51,01/EE/2025-26,Silt Clearance/Scraping work of Gurchihwa Mr. ( km 0.00 to 5.100),Silt Clearance/Scraping work of Gurchihwa Mr. ( km 0.00 to 5.100),Works,Open Tender,Item Rate,Civil Works - Canal,No,No,NA ,07-Nov-2025 10:00 AM,NA ,90.0,No ,No,Online,14-Nov-2025 03:00 PM,"U P Irrigation Department (Civil)||Chief Engineer-Saryu Project-2, Gonda||Drainage Cirlce, Gonda||EE Chitaurgarh Dam Construction Division Balrampur",Tulsipur Balrampur,271210.0,2.0,"1,50,000",M/S ANAND KUMAR,"138,280.35",Accepted-AOC,06-Dec-2025,"U P Irrigation Department (Civil)||Chief Engineer-Saryu Project-2, Gonda||Drainage Cirlce, Gonda||EE Chitaurgarh Dam Construction Division Balrampur"
2025_UPIDC_1083668_45,01/EE/2025-26,Silt Clearance/Scraping work of Sonpur Mr. (km 0.00 to 3.000),Silt Clearance/Scraping work of Sonpur Mr. (km 0.00 to 3.000),Works,Open Tender,Item Rate,Civil Works - Canal,No,No,NA ,18-Oct-2025 10:00 AM,NA ,90.0,No ,No,Online,30-Oct-2025 04:00 PM,"U P Irrigation Department (Civil)||Chief Engineer-Saryu Project-2, Gonda||Drainage Cirlce, Gonda||EE Chitaurgarh Dam Construction Division Balrampur",Tulsipur Balrampur,271210.0,2.0,"65,000",M/S DINESH KUMAR,"64,710.9",Accepted-AOC,05-Dec-2025,"U P Irrigation Department (Civil)||Chief Engineer-Saryu Project-2, Gonda||Drainage Cirlce, Gonda||EE Chitaurgarh Dam Construction Division Balrampur"
2025_UPIDC_1083393_14,01/EE/2025-26,Scraping of internal Section from km. 0.000 to km. 2.000 of Kohraura Minor,Scraping of internal Section from km. 0.000 to km. 2.000 of Kohraura Minor,Works,Open Tender,Item Rate,Civil Works - Canal,No,No,NA ,18-Oct-2025 10:00 AM,NA ,90.0,No ,No,Online,28-Oct-2025 03:00 PM,"U P Irrigation Department (Civil)||Chief Engineer-Saryu Project-2, Gonda||Drainage Cirlce, Gonda||SCD-3 Gonda",Siddharthnagar,272153.0,2.0,"31,000",M/S DHARMENDRA KUMAR THEKEDAR,"22,878.93",Rejected-Finance,18-Nov-2025,"U P Irrigation Department (Civil)||Chief Engineer-Saryu Project-2, Gonda||Drainage Cirlce, Gonda||SCD-3 Gonda"
2025_UPPRD_1073328_6,875/Nivida/ZP/2025-26 Date- 10-09-2025,Work No 6 Gram Sirkhiree me nahar puliya se poore medhee ke purva ke oor lepan marammat kary,Work No 6 Gram Sirkhiree me nahar puliya se poore medhee ke purva ke oor lepan marammat kary,Works,Open Tender,Percentage,Civil Works - Others,No,No,NA ,12-Sep-2025 12:00 PM,NA ,30.0,No ,No,Offline,17-Sep-2025 01:00 PM,Panchayati Raj Department||Zila Panchayat Amethi,Amethi,227409.0,2.0,"18,83,737",M/S ASHUTOSH TRADERS,"1,882,794.502",Accepted-AOC,29-Dec-2025,Panchayati Raj Department||Zila Panchayat Amethi
2025_UPIDC_1079102_14,01/EE/2025-26,Silt Clearance and Scrapping and jungle clearence from Km. 0.000 to Km. 2.500 of Badhara Minor,Silt Clearance and Scrapping and jungle clearence from Km. 0.000 to Km. 2.500 of Badhara Minor,Works,Open Tender,Item Rate,Civil Works - Canal,No,No,NA ,03-Oct-2025 10:00 AM,NA ,90.0,No ,No,Online,11-Oct-2025 11:00 AM,"U P Irrigation Department (Civil)||Chief Engineer-Saryu Project-2, Gonda||Irrigation Construction Circle, Basti||SCD-I, gorakhpur",Gorakhpur,273001.0,2.0,"47,000",AWADH CONSTRUCTION AND INTERIERS,"30,186.85",Rejected-Finance,10-Nov-2025,"U P Irrigation Department (Civil)||Chief Engineer-Saryu Project-2, Gonda||Irrigation Construction Circle, Basti||SCD-I, gorakhpur"
2025_UPIDC_1083775_16,03/EE/2025-26,Scraping Of Bed and side slope with jungle clearance of Gauhani Mr from km 0.000 to 2.815 Gadaiya mr First from km 0.000 to 2.200 Lotadh Mr From km 0.000 to 3.400 and Maida Mr from km 0.000 to 1.000,Scraping Of Bed and side slope with jungle clearance of Gauhani Mr from km 0.000 to 2.815 Gadaiya mr First from km 0.000 to 2.200 Lotadh Mr From km 0.000 to 3.400 and Maida Mr from km 0.000 to 1.000,Works,Open Tender,Item Rate,Civil Works - Canal,No,No,NA ,18-Oct-2025 12:00 PM,NA ,90.0,No ,No,Online,28-Oct-2025 11:00 AM,"U P Irrigation Department (Civil)||Chief Engineer-Sone, Varanasi||Irrigation Works Circle, Allahabad||TPCD, allahabad",PRAYAGRAJ,211001.0,2.0,"2,29,000",BPS CONSTRUCTION COMPANY,"183,246.8",Rejected-Finance,26-Dec-2025,"U P Irrigation Department (Civil)||Chief Engineer-Sone, Varanasi||Irrigation Works Circle, Allahabad||TPCD, allahabad"
2025_UPIDC_1083668_53,01/EE/2025-26,Silt Clearance/Scraping work of Bangai Mr. (km 0.000 to 4.800),Silt Clearance/Scraping work of Bangai Mr. (km 0.000 to 4.800),Works,Open Tender,Item Rate,Civil Works - Canal,No,No,NA ,07-Nov-2025 10:00 AM,NA ,90.0,No ,No,Online,14-Nov-2025 03:00 PM,"U P Irrigation Department (Civil)||Chief Engineer-Saryu Project-2, Gonda||Drainage Cirlce, Gonda||EE Chitaurgarh Dam Construction Division Balrampur",Bhinga Shrawasti,271840.0,2.0,"1,30,000",ITI CONSTRUCTION,"128,353",Rejected-Finance,05-Dec-2025,"U P Irrigation Department (Civil)||Chief Engineer-Saryu Project-2, Gonda||Drainage Cirlce, Gonda||EE Chitaurgarh Dam Construction Division Balrampur"
2025_UPIDM_1074177_1,15/LCDJ/EE/2025-26,"Providing, Fixing, Installation, Testing and Commissioning of 2000A LT Panel at Badagaon Pump Canal, District - Jhansi","Providing, Fixing, Installation, Testing and Commissioning of 2000A LT Panel at Badagaon Pump Canal, District - Jhansi",Works,Open Tender,Item Rate,Electrical Works,No,No,NA ,16-Sep-2025 10:00 AM,NA ,90.0,No ,No,Online,22-Sep-2025 01:00 PM,U P Irrigation Department (Mechanical)||Chief Engineer (Tubewell Centre)||Superintending Engineer(Tubewell) - Jhansi||Executive Engineer (LCD)-Jhansi,Badagaon Pump Canal District Jhansi,284121.0,2.0,"14,20,000",M/s Sanika Construction,"1,350,000",Rejected-Finance,15-Dec-2025,U P Irrigation Department (Mechanical)||Chief Engineer (Tubewell Centre)||Superintending Engineer(Tubewell) - Jhansi||Executive Engineer (LCD)-Jhansi
2025_UPPRD_1073328_4,875/Nivida/ZP/2025-26 Date- 10-09-2025,Work No 4 Gram Mohabatpur me main road se Mohabatpur gaon tak lepan marammat kary,Work No 4 Gram Mohabatpur me main road se Mohabatpur gaon tak lepan marammat kary,Works,Open Tender,Percentage,Civil Works - Others,No,No,NA ,12-Sep-2025 12:00 PM,NA ,30.0,No ,No,Offline,17-Sep-2025 01:00 PM,Panchayati Raj Department||Zila Panchayat Amethi,Amethi,227409.0,2.0,"15,86,510",Alok Groups and Construction,"1,585,240.417",Accepted-AOC,15-Dec-2025,Panchayati Raj Department||Zila Panchayat Amethi
2025_UPIDC_1083668_47,01/EE/2025-26,Silt Clearance/Scraping work of Babhani Mr. (km 0.000 to 4.800),Silt Clearance/Scraping work of Babhani Mr. (km 0.000 to 4.800),Works,Open Tender,Item Rate,Civil Works - Canal,No,No,NA ,07-Nov-2025 10:00 AM,NA ,90.0,No ,No,Online,14-Nov-2025 03:00 PM,"U P Irrigation Department (Civil)||Chief Engineer-Saryu Project-2, Gonda||Drainage Cirlce, Gonda||EE Chitaurgarh Dam Construction Division Balrampur",Bhinga Shrawasti,271840.0,2.0,"1,53,000",AMRENDRA KUMAR TRIPATHI,"142,503",Rejected-Finance,06-Dec-2025,"U P Irrigation Department (Civil)||Chief Engineer-Saryu Project-2, Gonda||Drainage Cirlce, Gonda||EE Chitaurgarh Dam Construction Division Balrampur"
2025_UPIDC_1083393_16,01/EE/2025-26,Scraping internal Section of Mundila Minor from km. 0.000 to km. 5.900,Scraping internal Section of Mundila Minor from km. 0.000 to km. 5.900,Works,Open Tender,Item Rate,Civil Works - Canal,No,No,NA ,18-Oct-2025 10:00 AM,NA ,90.0,No ,No,Online,28-Oct-2025 03:00 PM,"U P Irrigation Department (Civil)||Chief Engineer-Saryu Project-2, Gonda||Drainage Cirlce, Gonda||SCD-3 Gonda",Siddharthnagar,272153.0,2.0,"95,000",MAYANK MANI TRIPATHI,"64,118.25",Accepted-AOC,15-Nov-2025,"U P Irrigation Department (Civil)||Chief Engineer-Saryu Project-2, Gonda||Drainage Cirlce, Gonda||SCD-3 Gonda"
2025_UPPRD_1073328_24,875/Nivida/ZP/2025-26 Date- 10-09-2025,Work No 24 Gramsabha mohaddeenpur me purvanchal Express- way services line se mohaddeenpur tak lepan,Work No 24 Gramsabha mohaddeenpur me purvanchal Express- way services line se mohaddeenpur tak lepan,Works,Open Tender,Percentage,Civil Works - Others,No,No,NA ,12-Sep-2025 12:00 PM,NA ,30.0,No ,No,Offline,17-Sep-2025 01:00 PM,Panchayati Raj Department||Zila Panchayat Amethi,Amethi,227409.0,2.0,"24,95,903",M/S ABHISHEK VIKRAM SINGH,"2,494,155.456",Rejected-Finance,30-Dec-2025,Panchayati Raj Department||Zila Panchayat Amethi
2025_UPIDC_1095904_1,E-AUCTION 02/EE/2025-26,SILT AUCTION OF KATAHARA DY. FROM KM. 0.000 TO KM. 0.050 AND KM. 1.400 TO KM. 1.600,SILT AUCTION OF KATAHARA DY. FROM KM. 0.000 TO KM. 0.050 AND KM. 1.400 TO KM. 1.600,Works,Auction,Item Wise,Civil Works - Others,No,No,NA ,06-Dec-2025 10:00 AM,NA ,90.0,No ,No,Online,15-Dec-2025 03:00 PM,"U P Irrigation Department (Civil)||Chief Engineer-Gandak, Gorakhpur||Gandak IWC-1, Gorakhpur||ID-1, maharajganj",CHAUK,273303.0,2.0,,BHAGWANT LAL,"11,430",Rejected-Finance,26-Dec-2025,"U P Irrigation Department (Civil)||Chief Engineer-Gandak, Gorakhpur||Gandak IWC-1, Gorakhpur||ID-1, maharajganj"
2025_UPPRD_1073328_30,875/Nivida/ZP/2025-26 Date- 10-09-2025,Work No 30 Gramsabha parvatpur me Ramnewal ke ghar ke pass C.C. road se Peepal ke ped ki oor avashesh C.C. kary,Work No 30 Gramsabha parvatpur me Ramnewal ke ghar ke pass C.C. road se Peepal ke ped ki oor avashesh C.C. kary,Works,Open Tender,Percentage,Civil Works - Others,No,No,NA ,12-Sep-2025 12:00 PM,NA ,30.0,No ,No,Offline,17-Sep-2025 01:00 PM,Panchayati Raj Department||Zila Panchayat Amethi,Amethi,227409.0,2.0,"17,96,453",M/S ABHISHEK VIKRAM SINGH,"1,795,354.584",Rejected-Finance,30-Dec-2025,Panchayati Raj Department||Zila Panchayat Amethi
2025_UPPRD_1073328_18,875/Nivida/ZP/2025-26 Date- 10-09-2025,Work No 18 Gram sabha Bhadaiya mahmodpur me poore Dwarika ka purwa shiv narayan yadav ke darwaje ke pass pitch road jal nigam pani ki tanki ki oor lepan kary,Work No 18 Gram sabha Bhadaiya mahmodpur me poore Dwarika ka purwa shiv narayan yadav ke darwaje ke pass pitch road jal nigam pani ki tanki ki oor lepan kary,Works,Open Tender,Percentage,Civil Works - Others,No,No,NA ,12-Sep-2025 12:00 PM,NA ,30.0,No ,No,Offline,17-Sep-2025 01:00 PM,Panchayati Raj Department||Zila Panchayat Amethi,Amethi,227409.0,2.0,"24,96,735",M/S ASHUTOSH TRADERS,"2,495,486.807",Rejected-Finance,15-Dec-2025,Panchayati Raj Department||Zila Panchayat Amethi
2025_UPIDM_1078277_7,05/EE/MLCD/2025-26,Providing and Laying of 120 mm2 ISI marked single core PVC copper cable,Providing and Laying of 120 mm2 ISI marked single core PVC copper cable,Works,Open Tender,Piece-work,Civil Works,No,No,NA ,03-Oct-2025 02:00 PM,NA ,45.0,No ,No,Online,13-Oct-2025 03:00 PM,U P Irrigation Department (Mechanical)||Chief Engineer (Tubewell Varanasi)||Superintending Engineer (Tubewell) Allahabad||Executive Engineer MLCD Allahabad,Sirasa Pump Canal,212305.0,2.0,"4,51,575",Actech Engineers,"434,250",Rejected-Technical,02-Dec-2025,U P Irrigation Department (Mechanical)||Chief Engineer (Tubewell Varanasi)||Superintending Engineer (Tubewell) Allahabad||Executive Engineer MLCD Allahabad
2025_UPIDC_1082971_30,05/EE/2025-26,Clearance of Internal section of High Level Feeder from km 9.000 to 18.900 in District Prayagraj.,Clearance of Internal section of High Level Feeder from km 9.000 to 18.900 in District Prayagraj.,Works,Open Tender,Item Wise,Civil Works - Canal,No,No,NA ,10-Nov-2025 02:00 PM,NA ,90.0,No ,No,Online,15-Nov-2025 02:30 PM,"U P Irrigation Department (Civil)||Chief Engineer-Sone, Varanasi||Irrigation Works Circle, Allahabad||BCD, allahabad",Bara Tehshil,212107.0,2.0,"1,66,000",BPS CONSTRUCTION COMPANY,"106,973",Rejected-Finance,17-Dec-2025,"U P Irrigation Department (Civil)||Chief Engineer-Sone, Varanasi||Irrigation Works Circle, Allahabad||BCD, allahabad"
2025_UPIDC_1085704_9,03/EE/2025-26,Restoration of Canal Section of Kotra Dy. from km. 21.650 to 28.325,Restoration of Canal Section of Kotra Dy. from km. 21.650 to 28.325,Works,Open Tender,Item Wise,Civil Works - Canal,No,No,NA ,28-Oct-2025 09:00 AM,NA ,90.0,No ,No,Online,05-Nov-2025 02:00 PM,"U P Irrigation Department (Civil)||Chief Engineer-Eastern Ganga, Moradabad||EGCC Circle, Bijnore||EGCD-6, nazibabad",Najibabad,246763.0,2.0,"13,64,000",dinesh kumar contractor,"857,726",Rejected-Finance,16-Dec-2025,"U P Irrigation Department (Civil)||Chief Engineer-Eastern Ganga, Moradabad||EGCC Circle, Bijnore||EGCD-6, nazibabad"
2025_UPIDC_1082971_24,05/EE/2025-26,Scraping and Jungle Clearance of Dubha Minor from Km. 0.000 to Km. 2.400 and Tikari Minor from Km. 0.00 to Km. 2.400 in District Prayagraj.,Scraping and Jungle Clearance of Dubha Minor from Km. 0.000 to Km. 2.400 and Tikari Minor from Km. 0.00 to Km. 2.400 in District Prayagraj.,Works,Open Tender,Item Wise,Civil Works - Canal,No,No,NA ,18-Oct-2025 11:30 AM,NA ,90.0,No ,No,Online,30-Oct-2025 02:00 PM,"U P Irrigation Department (Civil)||Chief Engineer-Sone, Varanasi||Irrigation Works Circle, Allahabad||BCD, allahabad",Bara Tehshil,212107.0,2.0,"88,000",AARUSHI CONSTRUCTION,"65,256",Rejected-Finance,16-Dec-2025,"U P Irrigation Department (Civil)||Chief Engineer-Sone, Varanasi||Irrigation Works Circle, Allahabad||BCD, allahabad"
2025_UPIDC_1085704_11,03/EE/2025-26,Restoration of Canal Section of Kasmabad Mr. from km. 0.000 to 5.000,Restoration of Canal Section of Kasmabad Mr. from km. 0.000 to 5.000,Works,Open Tender,Item Wise,Civil Works - Canal,No,No,NA ,28-Oct-2025 09:00 AM,NA ,90.0,No ,No,Online,05-Nov-2025 02:00 PM,"U P Irrigation Department (Civil)||Chief Engineer-Eastern Ganga, Moradabad||EGCC Circle, Bijnore||EGCD-6, nazibabad",Najibabad,246763.0,2.0,"5,48,000",dinesh kumar contractor,"350,086.5",Rejected-Finance,31-Dec-2025,"U P Irrigation Department (Civil)||Chief Engineer-Eastern Ganga, Moradabad||EGCC Circle, Bijnore||EGCD-6, nazibabad"
2025_UPIDC_1080129_6,01/EE/LGC/FTP/2025-26,Patch Repairing work of Pented Service Road at Fatehpur Branch From km. 159.850 to km 161.000,Patch Repairing work of Pented Service Road at Fatehpur Branch From km. 159.850 to km 161.000,Works,Open Tender,Item Rate,Civil Works - Canal,No,No,NA ,07-Oct-2025 10:00 AM,08-Oct-2025 11:00 AM ,15.0,No ,No,Online,13-Oct-2025 02:00 PM,"U P Irrigation Department (Civil)||Chief Engineer-Ram Ganga, Kanpur||Irrigation Works Circle, Kanpur||FDLGC, fatehpur",Fatehpur,212601.0,2.0,,M/S D.K.ENTERPRISES,"199,448",Accepted-AOC,03-Nov-2025,"U P Irrigation Department (Civil)||Chief Engineer-Ram Ganga, Kanpur||Irrigation Works Circle, Kanpur||FDLGC, fatehpur"
2025_UPIDC_1086669_34,04/EEAID/2025-26,LOT05 Janpad Bijnor Mein Pili Colony Mein sthit vibhagiya colony ke store ki marmmat avam rangaai putai ka Karya.,LOT05 Janpad Bijnor Mein Pili Colony Mein sthit vibhagiya colony ke store ki marmmat avam rangaai putai ka Karya.,Works,Open Tender,Item Rate,Civil Works,No,No,NA ,08-Nov-2025 04:00 PM,NA ,90.0,No ,No,Online,13-Nov-2025 04:30 PM,"U P Irrigation Department (Civil)||Chief Engineer-Eastern Ganga, Moradabad||Irrigation Works Circle, Moradabad||AID, dhampur",DHAMPUR,246761.0,2.0,"6,23,000",AARU ENTERPRISE,"478,780.62",Accepted-AOC,26-Dec-2025,"U P Irrigation Department (Civil)||Chief Engineer-Eastern Ganga, Moradabad||Irrigation Works Circle, Moradabad||AID, dhampur"
2025_UPIDC_1084460_28,01/EE/2025-26,Earth work in silt clearance/Scarping of Alinagar Dy. Between km 0.000 to 12.300,Earth work in silt clearance/Scarping of Alinagar Dy. Between km 0.000 to 12.300,Works,Open Tender,Item Rate,Civil Works - Canal,No,No,NA ,06-Nov-2025 10:00 AM,NA ,90.0,No ,No,Online,12-Nov-2025 03:00 PM,"U P Irrigation Department (Civil)||Chief Engineer-Saryu Project-2, Gonda||Drainage Cirlce, Gonda||SCD-1 Balrampur",Shrawasti,271805.0,2.0,"5,81,000",M/S ANAND KUMAR,"580,301.87",Rejected-Finance,20-Dec-2025,"U P Irrigation Department (Civil)||Chief Engineer-Saryu Project-2, Gonda||Drainage Cirlce, Gonda||SCD-1 Balrampur"
2025_UPIDC_1078690_14,03/EESNK1BANSI/2025-26,SiltScraping and jungle clearance of kabra minor from km 0.000 to 4.000,SiltScraping and jungle clearance of kabra minor from km 0.000 to 4.000,Works,Open Tender,Item Wise,Civil Works - Canal,No,No,NA ,04-Oct-2025 10:00 AM,NA ,90.0,No ,No,Online,13-Oct-2025 02:00 PM,"U P Irrigation Department (Civil)||Chief Engineer-Saryu Project-2, Gonda||Rapti CC Circle-2, Basti||SCD, bansi",SIDDHARTH NAGAR,272153.0,2.0,"77,000",Chhatrapati Shivaji Construction,"68,963.83",Rejected-Finance,11-Dec-2025,"U P Irrigation Department (Civil)||Chief Engineer-Saryu Project-2, Gonda||Rapti CC Circle-2, Basti||SCD, bansi"
2025_UPPRD_1064082_149,240/Nivida/ZP/2025-26 Date- 22-07-2025,Work No 149 Gramsabha Ramgarh ke purva Mahka me nali nirmaan,Work No 149 Gramsabha Ramgarh ke purva Mahka me nali nirmaan,Works,Open Tender,Percentage,Civil Works - Others,No,No,NA ,11-Aug-2026 06:40 PM,NA ,90.0,No ,No,Offline,18-Aug-2025 02:30 PM,Panchayati Raj Department||Zila Panchayat Amethi,Amethi,227409.0,2.0,"10,53,482",Krishna Das Singh,"1,052,428.349",Rejected-Finance,26-Dec-2025,Panchayati Raj Department||Zila Panchayat Amethi
2025_UPPRD_1064082_69,240/Nivida/ZP/2025-26 Date- 22-07-2025,Work No 69 Gram sabha kachnao me Mufeed ke chakki ke pass pitch road se pradhanmantri pitch marg tak lepan kary,Work No 69 Gram sabha kachnao me Mufeed ke chakki ke pass pitch road se pradhanmantri pitch marg tak lepan kary,Works,Open Tender,Percentage,Civil Works - Others,No,No,NA ,11-Aug-2025 12:00 PM,NA ,90.0,No ,No,Offline,18-Aug-2025 02:30 PM,Panchayati Raj Department||Zila Panchayat Amethi,Amethi,227409.0,2.0,"13,84,099",M/ A S ENTERPRISES,"1,382,437.794",Accepted-AOC,16-Dec-2025,Panchayati Raj Department||Zila Panchayat Amethi
2025_UPPRD_1064082_161,240/Nivida/ZP/2025-26 Date- 22-07-2025,Work No 161 Gram Kherauna me Durga pur road par maa sarswati trader ke pass se S.D.M colony tak nala nirmaan,Work No 161 Gram Kherauna me Durga pur road par maa sarswati trader ke pass se S.D.M colony tak nala nirmaan,Works,Open Tender,Percentage,Civil Works - Others,No,No,NA ,25-May-2026 06:40 PM,NA ,90.0,No ,No,Offline,18-Aug-2025 02:30 PM,Panchayati Raj Department||Zila Panchayat Amethi,Amethi,227409.0,2.0,"46,87,228",M/S AMIT ENTERPRISES,"4,682,540.457",Accepted-AOC,26-Dec-2025,Panchayati Raj Department||Zila Panchayat Amethi
2025_UPPRD_1064082_41,240/Nivida/ZP/2025-26 Date- 22-07-2025,Work No 41 Gram sabha Navava me bhadera mod se Dudwa tak lepan,Work No 41 Gram sabha Navava me bhadera mod se Dudwa tak lepan,Works,Open Tender,Percentage,Civil Works - Others,No,No,NA ,11-Aug-2025 12:00 PM,NA ,90.0,No ,No,Offline,18-Aug-2025 02:30 PM,Panchayati Raj Department||Zila Panchayat Amethi,Amethi,227409.0,2.0,"29,14,115",M/S PIYUSH TRADERS,"2,910,618.529",Rejected-Finance,15-Dec-2025,Panchayati Raj Department||Zila Panchayat Amethi
2025_UPPRD_1065171_2,244/Nivida/ZP/2025-26 Date- 22-07-2025,Work No 2 Gramsabha Ramgarh me saraiya pitch raod se Gaji Khan purva sampark marg tak lepan marmmat,Work No 2 Gramsabha Ramgarh me saraiya pitch raod se Gaji Khan purva sampark marg tak lepan marmmat,Works,Open Tender,Percentage,Civil Works - Others,No,No,NA ,18-Aug-2025 12:00 PM,NA ,30.0,No ,No,Offline,25-Aug-2025 02:30 PM,Panchayati Raj Department||Zila Panchayat Amethi,Amethi,227409.0,2.0,"9,17,157",BRIJESH PRATAP SINGH,"916,239.843",Rejected-Finance,26-Dec-2025,Panchayati Raj Department||Zila Panchayat Amethi
2025_UPIDC_1078690_28,03/EESNK1BANSI/2025-26,SiltScraping and jungle clearance of Tikor minor from km 0.000 to 3.400,SiltScraping and jungle clearance of Tikor minor from km 0.000 to 3.400,Works,Open Tender,Item Wise,Civil Works - Canal,No,No,NA ,04-Oct-2025 10:00 AM,NA ,90.0,No ,No,Online,13-Oct-2025 02:00 PM,"U P Irrigation Department (Civil)||Chief Engineer-Saryu Project-2, Gonda||Rapti CC Circle-2, Basti||SCD, bansi",SIDDHARTH NAGAR,272153.0,2.0,"83,000",AARADHYA ENTERPRISES,"65,643.48",Accepted-AOC,11-Dec-2025,"U P Irrigation Department (Civil)||Chief Engineer-Saryu Project-2, Gonda||Rapti CC Circle-2, Basti||SCD, bansi"
2025_UPPRD_1064082_55,240/Nivida/ZP/2025-26 Date- 22-07-2025,Work No 55 Gram sabha maderika ke pandey ka purva me jugara kori ke ghar ke pass interlocking se Dharmendra ke ghar ke pass soling tak C.C,Work No 55 Gram sabha maderika ke pandey ka purva me jugara kori ke ghar ke pass interlocking se Dharmendra ke ghar ke pass soling tak C.C,Works,Open Tender,Percentage,Civil Works - Others,No,No,NA ,11-Aug-2025 12:00 PM,NA ,90.0,No ,No,Offline,18-Aug-2025 02:30 PM,Panchayati Raj Department||Zila Panchayat Amethi,Amethi,227409.0,2.0,"16,22,270",Ayodhya Associates,"1,620,647.94",Rejected-Finance,15-Dec-2025,Panchayati Raj Department||Zila Panchayat Amethi
2025_UPIDC_1080758_2,03/EE/2025-26,Lot-02,Resurfacing of the canal service road from Km 40.600 to 41.930 of the Western Allahabad Branch,Works,Open Tender,Item Rate,Civil Works,No,No,NA ,08-Oct-2025 11:00 AM,NA ,90.0,No ,No,Online,13-Oct-2025 12:00 PM,"U P Irrigation Department (Civil)||Chief Engineer-Ram Ganga, Kanpur||Irrigation Works Circle, Kanpur||ID, kanpur",Irrigation Division Kanpur Dehat,209311.0,2.0,"18,90,000",ANSHU TRADERS,"1,233,069.7",Rejected-Finance,08-Dec-2025,"U P Irrigation Department (Civil)||Chief Engineer-Ram Ganga, Kanpur||Irrigation Works Circle, Kanpur||ID, kanpur"
2025_YEIDA_1060688_13,YEA/OSD(M)/2025/279 DT-22/07/2025,"Providing street light at village faleda bangar ,YEA (WC-E,M-02)","Providing street light at village faleda bangar ,YEA (WC-E,M-02)",Works,Open Tender,Fixed-rate,Electrical Works,No,No,NA ,29-Jul-2025 06:55 PM,NA ,90.0,No ,No,Online,11-Aug-2025 11:00 AM,Yamuna Expressway Industrial Development Authority,YAMUNA EXPRESSWAY INDUSTRIAL DEVELOPMENT AUTHORITY,201310.0,2.0,"1,31,53,751",Classic Electricals,"9,735,091.12",Rejected-Finance,30-Dec-2025,Yamuna Expressway Industrial Development Authority
2025_UPIDC_1082163_6,01/EE/2025-26,Patch repairing of Ashada Mr. from Km. 2.000 to 4.000,Patch repairing of Ashada Mr. from Km. 2.000 to 4.000,Works,Open Tender,Item Rate,Civil Works - Roads,No,No,NA ,13-Oct-2025 12:00 PM,16-Oct-2025 11:00 AM ,90.0,No ,No,Online,21-Oct-2025 02:00 PM,"U P Irrigation Department (Civil)||Chief Engineer-Ram Ganga, Kanpur||Irrigation Works Circle, Kanpur||ID, kaushambhi",Kaushambi,212207.0,2.0,"4,93,000",DIWAKAR SINGH CONTRACTOR,"295,134",Accepted-AOC,18-Nov-2025,"U P Irrigation Department (Civil)||Chief Engineer-Ram Ganga, Kanpur||Irrigation Works Circle, Kanpur||ID, kaushambhi"
2025_UPIDC_1087766_5,02/E.E./2025-26,Silt clearance/Scrapping and jungle clearance of Babatpur Dy. from Km. 53.467 to 66.700,Silt clearance/Scrapping and jungle clearance of Babatpur Dy. from Km. 53.467 to 66.700,Works,Open Tender,Item Rate,Civil Works,No,No,NA ,04-Nov-2025 11:00 AM,NA ,90.0,No ,No,Online,12-Nov-2025 03:00 PM,"U P Irrigation Department (Civil)||Chief Engineer-Sharda Sahayak, Lucknow||XVIII Circle Irrigation Works, Allahabad||ID, jaunpur",Executive Engineer Irrigation Division Jaunpur,222002.0,2.0,"5,93,000",JAI CONSTRUCTION,"12,000",Rejected-Finance,19-Nov-2025,"U P Irrigation Department (Civil)||Chief Engineer-Sharda Sahayak, Lucknow||XVIII Circle Irrigation Works, Allahabad||ID, jaunpur"
2025_UPIDC_1090189_4,3807/IDMBD/E-Tender/25-26 Dt. 01.11.2025,"Repairing of Pontoons, Making Approach Path, Abutment and Assembling of Pontoon Bridge at Bahanala near Vill. Zaithal-Sherpur.","Repairing of Pontoons, Making Approach Path, Abutment and Assembling of Pontoon Bridge at Bahanala near Vill. Zaithal-Sherpur.",Works,Open Tender,Item Wise,Civil Works - Canal,No,No,NA ,14-Nov-2025 12:00 PM,NA ,90.0,No ,No,Online,20-Nov-2025 02:00 PM,"U P Irrigation Department (Civil)||Chief Engineer-Eastern Ganga, Moradabad||Irrigation Works Circle, Moradabad||ID, moradabad",Moradabad,244001.0,2.0,"7,27,000",AK CONTRACTOR,"500,079",Rejected-Technical,01-Dec-2025,"U P Irrigation Department (Civil)||Chief Engineer-Eastern Ganga, Moradabad||Irrigation Works Circle, Moradabad||ID, moradabad"
2025_UPIDM_1056993_2,11/LCDJ/EE/2025-26,"Providing, Fixing, Installation, Testing and Commissioning of IOT based Monitoring System (Panel Set with Instruments) for observing/displaying Critical Parameters of Vertical Turbine Pumpset at Jakhlaun Pump Canal, District - Lalitpur","Providing, Fixing, Installation, Testing and Commissioning of IOT based Monitoring System (Panel Set with Instruments) for observing/displaying Critical Parameters of Vertical Turbine Pumpset at Jakhlaun Pump Canal, District - Lalitpur",Works,Open Tender,Item Rate,Electrical Works,No,No,NA ,04-Aug-2026 06:45 PM,NA ,90.0,No ,No,Online,11-Aug-2025 02:00 PM,U P Irrigation Department (Mechanical)||Chief Engineer (Tubewell Centre)||Superintending Engineer(Tubewell) - Jhansi||Executive Engineer (LCD)-Jhansi,Jakhlaun Pump Canal Lalitpur,284403.0,2.0,"31,35,000",BHARTIYA ENGINEERS,"3,114,000",Accepted-AOC,15-Dec-2025,U P Irrigation Department (Mechanical)||Chief Engineer (Tubewell Centre)||Superintending Engineer(Tubewell) - Jhansi||Executive Engineer (LCD)-Jhansi
2025_UPPRD_1064082_82,240/Nivida/ZP/2025-26 Date- 22-07-2025,Work No 82 Gram mangraura me pitch raod se karbla ke oor C.c.,Work No 82 Gram mangraura me pitch raod se karbla ke oor C.c.,Works,Open Tender,Percentage,Civil Works - Others,No,No,NA ,11-Aug-2025 12:00 PM,NA ,90.0,No ,No,Offline,18-Aug-2025 02:30 PM,Panchayati Raj Department||Zila Panchayat Amethi,Amethi,227409.0,2.0,"7,20,877",Fair Deals,"720,156.233",Accepted-AOC,16-Dec-2025,Panchayati Raj Department||Zila Panchayat Amethi
2025_UPPRD_1064082_96,240/Nivida/ZP/2025-26 Date- 22-07-2025,Work No 96 Gramsabha sumerpur me pitch road se Vikram sahoo ke ghar ki oor eet- soling,Work No 96 Gramsabha sumerpur me pitch road se Vikram sahoo ke ghar ki oor eet- soling,Works,Open Tender,Percentage,Civil Works - Others,No,No,NA ,11-Aug-2025 12:00 PM,NA ,90.0,No ,No,Offline,18-Aug-2025 02:30 PM,Panchayati Raj Department||Zila Panchayat Amethi,Amethi,227409.0,2.0,"3,40,606",HARI LAL PRAJAPATI,"340,265.214",Rejected-Finance,17-Dec-2025,Panchayati Raj Department||Zila Panchayat Amethi
2025_UPSRT_1091993_1,GR/SM/GKP/2389,PADRAUNA DEPOT BUS MAINTENANCE JOB WISE,PADRAUNA DEPOT BUS MAINTENANCE JOB WISE,Services,Open Tender,Item Rate,Repair and Maintenance Services,No,No,NA ,19-Nov-2025 01:00 PM,NA ,90.0,No ,No,Offline,03-Dec-2025 12:00 PM,U.P. State Road Transport Corporation||Chief General Manager(Technical),SM OFFICE UPSRTC GORAKHPUR,273001.0,2.0,,kutubudeen contractor,"61,063",Accepted-AOC,01-Jan-2026,U.P. State Road Transport Corporation||Chief General Manager(Technical)
2025_UPIDC_1079274_3,01/EE/2025-26 DT. 26-09-2025,Silt clearance,Silt clearance between Km 0.000 to Km 6.900 OF kHOTTA DY,Works,Open Tender,Item Rate,Civil Works - Canal,No,No,NA ,06-Oct-2025 10:00 AM,NA ,90.0,No ,No,Online,14-Oct-2025 02:00 PM,"U P Irrigation Department (Civil)||Chief Engineer-Gandak, Gorakhpur||Gandak IWC-1, Gorakhpur||ID-2, deoria",KHOTTA DY,274001.0,2.0,"2,23,600",A K CONSTRUCTION,"175,010",Rejected-Finance,02-Dec-2025,"U P Irrigation Department (Civil)||Chief Engineer-Gandak, Gorakhpur||Gandak IWC-1, Gorakhpur||ID-2, deoria"
2025_UPIDC_1086817_2,03/EE/SSK41/2025-26,Silt Clearance of Singhpur Dy. from Km. 0.000 to 10.500,Silt Clearance of Singhpur Dy. from Km. 0.000 to 10.500,Works,Open Tender,Item Rate,Civil Works - Canal,No,No,NA ,07-Nov-2025 11:00 AM,NA ,90.0,No ,No,Online,12-Nov-2025 03:00 PM,"U P Irrigation Department (Civil)||Chief Engineer-Sharda Sahayak, Lucknow||XVI Circle Irrigation Works, Pratapgargh||Sharda Sahayak Division 41 Amethi",Amethi,227409.0,2.0,"9,62,000",369 Building Solutions,"942,396.42",Accepted-AOC,19-Nov-2025,"U P Irrigation Department (Civil)||Chief Engineer-Sharda Sahayak, Lucknow||XVI Circle Irrigation Works, Pratapgargh||Sharda Sahayak Division 41 Amethi"
2025_UPIDC_1082147_49,03/EE/2025-26,SILT CLEARENCE OF DHARMANPUR MR. FROM KM 0.000 TO 4.740,SILT CLEARENCE OF DHARMANPUR MR. FROM KM 0.000 TO 4.740,Works,Open Tender,Item Rate,Civil Works - Canal,No,No,NA ,21-Oct-2025 09:00 AM,NA ,90.0,No ,No,Online,29-Oct-2025 03:00 PM,"U P Irrigation Department (Civil)||Chief Engineer-Saryu Project-1, Faizabad||Irrigation Construction Circle, Bahraich||SCD-1, bahraich",Bahraich,271801.0,2.0,"1,22,000",M/S G N CONSTRUCTION,"88,764.54",Accepted-AOC,14-Nov-2025,"U P Irrigation Department (Civil)||Chief Engineer-Saryu Project-1, Faizabad||Irrigation Construction Circle, Bahraich||SCD-1, bahraich"
2025_UPIDC_1082147_7,03/EE/2025-26,SILT CLEARENCE OF GARWA MR. FROM KM 0.000 TO 3.870 AND KHAIRA MR. FROM KM 0.000 TO 3.125,SILT CLEARENCE OF GARWA MR. FROM KM 0.000 TO 3.870 AND KHAIRA MR. FROM KM 0.000 TO 3.125,Works,Open Tender,Item Rate,Civil Works - Canal,No,No,NA ,13-Oct-2025 09:00 AM,NA ,90.0,No ,No,Online,18-Oct-2025 04:30 PM,"U P Irrigation Department (Civil)||Chief Engineer-Saryu Project-1, Faizabad||Irrigation Construction Circle, Bahraich||SCD-1, bahraich",Bahraich,271801.0,2.0,"1,42,000",Mohammad Abdulla,"138,114.98",Rejected-Finance,14-Nov-2025,"U P Irrigation Department (Civil)||Chief Engineer-Saryu Project-1, Faizabad||Irrigation Construction Circle, Bahraich||SCD-1, bahraich"
2025_YEIDA_1061572_10,YEA/GM(PROJECT)/2025/394 DT-29/07/2025,"Construction of E-library room in village Ajay nagar , YEA. WC-06","Construction of E-library room in village Ajay nagar , YEA. WC-06",Works,Open Tender,Fixed-rate,Civil Works,No,No,NA ,01-Aug-2025 06:55 PM,NA ,90.0,No ,No,Online,13-Aug-2025 11:00 AM,Yamuna Expressway Industrial Development Authority,YAMUNA EXPRESSWAY INDUSTRIAL DEVELOPMENT AUTHORITY,201308.0,2.0,"32,33,166",KRISHN CONSTRUCTION,"2,672,858.68",Accepted-AOC,18-Nov-2025,Yamuna Expressway Industrial Development Authority
2025_UPIDC_1085665_28,02/AE-I/2025-26,Earth Work in Silt Clearance and Scraping of Ravanpur Mr. from Km. 0.000 to Km. 2.200,Silt Clearance and Scraping,Works,Open Tender,Item Rate,Civil Works,No,No,NA ,27-Oct-2025 10:00 AM,NA ,90.0,No ,No,Online,03-Nov-2025 12:30 PM,"U P Irrigation Department (Civil)||Chief Engineer-Sharda Sahayak, Lucknow||XIV Circle Irrigation Works, Azamgarh||SSD-32, azamgarh",AZAMGARH,276001.0,2.0,"44,000",Ms A S Construction,"35,085.68",Rejected-Finance,18-Dec-2025,"U P Irrigation Department (Civil)||Chief Engineer-Sharda Sahayak, Lucknow||XIV Circle Irrigation Works, Azamgarh||SSD-32, azamgarh"
2025_UPIDC_1084107_7,11/EE/2025-26,"Sweeping an Cleaning of Non-Residential and Residential Building, Cleaning Sewer Line and Drain at E- in-C office campus, Guest Houses, Old I.H. and Outer Front Road of Gate No 1 to Gate no. 5 at Canal Colony Cantt Road, Lucknow (12 Month) . (Lot-02)","Sweeping an Cleaning of Non-Residential and Residential Building, Cleaning Sewer Line and Drain at E- in-C office campus, Guest Houses, Old I.H. and Outer Front Road of Gate No 1 to Gate no. 5 at Canal Colony Cantt Road, Lucknow (12 Month) . (Lot-02)",Works,Open Tender,Item Rate,Civil Works,No,No,NA ,31-Oct-2025 06:00 PM,NA ,90.0,No ,No,Online,06-Nov-2025 10:30 AM,"U P Irrigation Department (Civil)||Chief Engineer-Sharda Sahayak, Lucknow||VII Circle Irrigation Works, Lucknow||Lucknow Division Sharda Canal Lucknow",Canal Colony Catt Road Lucknow,226001.0,2.0,"33,44,688",m/s mohd. zamil,"3,322,547.5",Rejected-Finance,21-Nov-2025,"U P Irrigation Department (Civil)||Chief Engineer-Sharda Sahayak, Lucknow||VII Circle Irrigation Works, Lucknow||Lucknow Division Sharda Canal Lucknow"
2025_UPIDC_1085665_29,02/AE-I/2025-26,"Earth Work in Silt Clearance and Scraping of Sardaha Mr. from Km. 0.000 to Km. 1.800, Isarpar Mr. from Km. 0.000 to Km. 1.100 and Sawarupur Mr. from Km. 0.000 to Km. 1.000",Silt Clearance and Scraping,Works,Open Tender,Item Rate,Civil Works,No,No,NA ,27-Oct-2025 10:00 AM,NA ,90.0,No ,No,Online,03-Nov-2025 12:30 PM,"U P Irrigation Department (Civil)||Chief Engineer-Sharda Sahayak, Lucknow||XIV Circle Irrigation Works, Azamgarh||SSD-32, azamgarh",AZAMGARH,276001.0,2.0,"59,000",ANIL KUMAR YADAV,"47,054.55",Not Admitted-Fee/PreQual/Technical,19-Dec-2025,"U P Irrigation Department (Civil)||Chief Engineer-Sharda Sahayak, Lucknow||XIV Circle Irrigation Works, Azamgarh||SSD-32, azamgarh"
2025_UPIDC_1082147_48,03/EE/2025-26,SILT CLEARENCE OF BHAGWANPUR MR. FROM KM 0.000 TO 3.870,SILT CLEARENCE OF BHAGWANPUR MR. FROM KM 0.000 TO 3.870,Works,Open Tender,Item Rate,Civil Works - Canal,No,No,NA ,21-Oct-2025 09:00 AM,NA ,90.0,No ,No,Online,29-Oct-2025 03:00 PM,"U P Irrigation Department (Civil)||Chief Engineer-Saryu Project-1, Faizabad||Irrigation Construction Circle, Bahraich||SCD-1, bahraich",Bahraich,271801.0,2.0,"65,000",M/S SAVAL DAS CONSTRUCTIONS,"55,931",Accepted-AOC,26-Nov-2025,"U P Irrigation Department (Civil)||Chief Engineer-Saryu Project-1, Faizabad||Irrigation Construction Circle, Bahraich||SCD-1, bahraich"
2025_UPIDC_1082147_6,03/EE/2025-26,SILT CLEARENCE OF NAUTLA DY. FROM KM 0.000 TO 9.957,SILT CLEARENCE OF NAUTLA DY. FROM KM 0.000 TO 9.957,Works,Open Tender,Item Rate,Civil Works - Canal,No,No,NA ,13-Oct-2025 09:00 AM,NA ,90.0,No ,No,Online,18-Oct-2025 04:30 PM,"U P Irrigation Department (Civil)||Chief Engineer-Saryu Project-1, Faizabad||Irrigation Construction Circle, Bahraich||SCD-1, bahraich",Bahraich,271801.0,2.0,"4,69,000",ANSHI VIDHI CONSTRUCTIONS,"459,841.58",Accepted-AOC,14-Nov-2025,"U P Irrigation Department (Civil)||Chief Engineer-Saryu Project-1, Faizabad||Irrigation Construction Circle, Bahraich||SCD-1, bahraich"
2025_UPIDC_1079274_2,01/EE/2025-26 DT. 26-09-2025,Silt clearance and Bed scrapping,"silt clearence from km 0.000 to km 5.500,7.00 to 10.200 and bed ,side slope scraping from km 5.500 to km 7.00 of internal section of Balua Dy.",Works,Open Tender,Item Rate,Civil Works - Canal,No,No,NA ,06-Oct-2025 10:00 AM,NA ,90.0,No ,No,Online,14-Oct-2025 02:00 PM,"U P Irrigation Department (Civil)||Chief Engineer-Gandak, Gorakhpur||Gandak IWC-1, Gorakhpur||ID-2, deoria",BALUWA DY,274001.0,2.0,"3,71,839",M/S Anil Kumar Rai,"278,847.4",Rejected-Finance,03-Dec-2025,"U P Irrigation Department (Civil)||Chief Engineer-Gandak, Gorakhpur||Gandak IWC-1, Gorakhpur||ID-2, deoria"
2025_YEIDA_1060688_3,YEA/OSD(M)/2025/279 DT-22/07/2025,"Shifting and Dismantling of 11kv over line in pocket 1A,1B,I and 5A sector -18, YEA","Shifting and Dismantling of 11kv over line in pocket 1A,1B,I and 5A sector -18, YEA",Works,Open Tender,Fixed-rate,Electrical Works,No,No,NA ,28-Jul-2025 06:55 PM,NA ,90.0,No ,No,Online,11-Aug-2025 11:00 AM,Yamuna Expressway Industrial Development Authority,YAMUNA EXPRESSWAY INDUSTRIAL DEVELOPMENT AUTHORITY,201310.0,2.0,"12,37,125",M/S NAV ENTERPRISES,"1,099,680.41",Rejected-Finance,17-Nov-2025,Yamuna Expressway Industrial Development Authority
2025_UPIDM_1060408_2,02/SE/2025-26,Construction of Pump House as per drawing and IS code 456 2000 complete in all respect with TP and labour at second stage of new Singhwahini Pump canal Capacity 50 Cusec near village Lakhanpur block Kamasin Tehsil Baberu Distt Banda,Construction of Pump House as per drawing and IS code 456 2000 complete in all respect with TP and labour at second stage of new Singhwahini Pump canal Capacity 50 Cusec near village Lakhanpur block Kamasin Tehsil Baberu Distt Banda,Works,Open Tender,Percentage,Civil Works,No,No,NA ,14-Aug-2025 03:00 PM,NA ,90.0,No ,No,Online,27-Aug-2025 03:00 PM,U P Irrigation Department (Mechanical)||Chief Engineer (Tubewell Centre)||Superintending Engineer(Tubewell)-Banda,Baberu Banda,210121.0,2.0,"83,77,312",SHOBHA ENTERPRISES,"6,643,208.42",Rejected-Finance,09-Dec-2025,U P Irrigation Department (Mechanical)||Chief Engineer (Tubewell Centre)||Superintending Engineer(Tubewell)-Banda
2025_UPPRD_1064082_97,240/Nivida/ZP/2025-26 Date- 22-07-2025,Work No 97 Gramsabha Tikari ke Bhaisahva me pitch road se kanhaiya lal chauhan ke ghar ki oor- soling,Work No 97 Gramsabha Tikari ke Bhaisahva me pitch road se kanhaiya lal chauhan ke ghar ki oor- soling,Works,Open Tender,Percentage,Civil Works - Others,No,No,NA ,11-Aug-2025 12:00 PM,NA ,90.0,No ,No,Offline,18-Aug-2025 02:30 PM,Panchayati Raj Department||Zila Panchayat Amethi,Amethi,227409.0,2.0,"2,24,766",HARI LAL PRAJAPATI,"224,541.883",Rejected-Finance,17-Dec-2025,Panchayati Raj Department||Zila Panchayat Amethi
2025_UPIDC_1083668_4,01/EE/2025-26,Silt Clearance/Scraping work of Tulsipur Mr. (Between km 0.000 to 6.300),Silt Clearance/Scraping work of Tulsipur Mr. (Between km 0.000 to 6.300),Works,Open Tender,Item Rate,Civil Works - Canal,No,No,NA ,18-Oct-2025 10:00 AM,NA ,90.0,No ,No,Online,30-Oct-2025 04:00 PM,"U P Irrigation Department (Civil)||Chief Engineer-Saryu Project-2, Gonda||Drainage Cirlce, Gonda||EE Chitaurgarh Dam Construction Division Balrampur",Tulsipur Balrampur,271210.0,2.0,"1,62,000",RAJESH KUMAR MISHRA,"161,128.28",Rejected-Finance,06-Dec-2025,"U P Irrigation Department (Civil)||Chief Engineer-Saryu Project-2, Gonda||Drainage Cirlce, Gonda||EE Chitaurgarh Dam Construction Division Balrampur"
2025_UPIDC_1082531_1,01/EE/2025-26,Silt clearance work of Mohammadabad Dy. from km. 5.000 to km. 16.316,Silt clearance,Works,Open Tender,Item Rate,Civil Works - Canal,No,No,NA ,14-Oct-2025 02:00 PM,NA ,90.0,No ,No,Online,21-Oct-2025 03:00 PM,"U P Irrigation Department (Civil)||Chief Engineer-Ram Ganga, Kanpur||Irrigation Works Circle, Etawah||ID, auriya",Silt clearance work of Mohammadabad Dy. from km. 5,206244.0,2.0,"5,17,000",HIMNSHU TRADERS,"355,403.8",Rejected-Finance,14-Dec-2025,"U P Irrigation Department (Civil)||Chief Engineer-Ram Ganga, Kanpur||Irrigation Works Circle, Etawah||ID, auriya"
2025_UPPRC_1074096_2,46/UPPCL/GM-7/E-TENDER/2025-26 Dated-12.09.2025,Arrangement of Fire Fighting Works at District Combined Hospital Kannauj (U.P.),Arrangement of Fire Fighting Works at District Combined Hospital Kannauj (U.P.),Works,Open Tender,Percentage,Miscellaneous Works,No,No,NA ,19-Sep-2025 01:00 PM,NA ,90.0,No ,No,Online,03-Oct-2025 04:00 PM,U.P. Projects Corporation Ltd.||U.P. Projects Corp. Ltd.(MD)||Zone-7 Lucknow,District Combined Hospital Kannauj (U.P.),209727.0,2.0,"1,26,66,000",MULTICARE ENGINEERS,"11,892,260.14",Rejected-Technical,13-Dec-2025,U.P. Projects Corporation Ltd.||U.P. Projects Corp. Ltd.(MD)||Zone-7 Lucknow
2025_UPPRD_1064082_83,240/Nivida/ZP/2025-26 Date- 22-07-2025,Work No 83 Gram sabha semrauta me Bnapurva se interlocking tak eet- soling kary,Work No 83 Gram sabha semrauta me Bnapurva se interlocking tak eet- soling kary,Works,Open Tender,Percentage,Civil Works - Others,No,No,NA ,11-Aug-2025 12:00 PM,NA ,90.0,No ,No,Offline,18-Aug-2025 02:30 PM,Panchayati Raj Department||Zila Panchayat Amethi,Amethi,227409.0,2.0,"16,92,684",Divya Construction,"1,690,144.78",Rejected-Finance,17-Dec-2025,Panchayati Raj Department||Zila Panchayat Amethi
2025_UPIDC_1087766_4,02/E.E./2025-26,Silt clearance/Scrapping and jungle clearance of Babatpur Dy. from Km. 42.900 to 53.400,Silt clearance/Scrapping and jungle clearance of Babatpur Dy. from Km. 42.900 to 53.400,Works,Open Tender,Item Rate,Civil Works,No,No,NA ,04-Nov-2025 11:00 AM,NA ,90.0,No ,No,Online,12-Nov-2025 03:00 PM,"U P Irrigation Department (Civil)||Chief Engineer-Sharda Sahayak, Lucknow||XVIII Circle Irrigation Works, Allahabad||ID, jaunpur",Executive Engineer Irrigation Division Jaunpur,222002.0,2.0,"6,06,000",PRATIBHA ENTERPRISES,"13,000",Rejected-Finance,19-Nov-2025,"U P Irrigation Department (Civil)||Chief Engineer-Sharda Sahayak, Lucknow||XVIII Circle Irrigation Works, Allahabad||ID, jaunpur"
2025_UPIDC_1085715_82,02/AE-II/2025-26,Earth Work in Silt Clearance and Scraping of Mainuddinpur Mr. from Km. 0.000 to Km. 1.600,Silt Clearance and Scraping,Works,Open Tender,Item Rate,Civil Works,No,No,NA ,10-Nov-2025 11:00 AM,NA ,90.0,No ,No,Online,17-Nov-2025 11:00 AM,"U P Irrigation Department (Civil)||Chief Engineer-Sharda Sahayak, Lucknow||XIV Circle Irrigation Works, Azamgarh||SSD-32, azamgarh",AZAMGARH,276001.0,2.0,"46,000",Shri Ramsingar,"44,203.2",Accepted-AOC,24-Dec-2025,"U P Irrigation Department (Civil)||Chief Engineer-Sharda Sahayak, Lucknow||XIV Circle Irrigation Works, Azamgarh||SSD-32, azamgarh"
2025_UPIDC_1082163_7,01/EE/2025-26,Patch repairing of Dhawada Mr. from Km. 0.400 to 2.400,Patch repairing of Dhawada Mr. from Km. 0.400 to 2.400,Works,Open Tender,Item Rate,Civil Works - Roads,No,No,NA ,13-Oct-2025 12:00 PM,16-Oct-2025 11:00 AM ,90.0,No ,No,Online,21-Oct-2025 02:00 PM,"U P Irrigation Department (Civil)||Chief Engineer-Ram Ganga, Kanpur||Irrigation Works Circle, Kanpur||ID, kaushambhi",Kaushambi,212207.0,2.0,"4,94,000",DEVENDRA KUMAR YADAV,"262,305",Accepted-AOC,18-Nov-2025,"U P Irrigation Department (Civil)||Chief Engineer-Ram Ganga, Kanpur||Irrigation Works Circle, Kanpur||ID, kaushambhi"
2025_YEIDA_1060688_12,YEA/OSD(M)/2025/279 DT-22/07/2025,"Supply ,installation testing and commissioninm of street light from bhaipur road to tirthali road cut and bhaipur jhajhar road .YEA. (WC-E,M-02)","Supply ,installation testing and commissioninm of street light from bhaipur road to tirthali road cut and bhaipur jhajhar road .YEA. (WC-E,M-02)",Works,Open Tender,Fixed-rate,Electrical Works,No,No,NA ,29-Jul-2025 06:55 PM,NA ,90.0,No ,No,Online,11-Aug-2025 11:00 AM,Yamuna Expressway Industrial Development Authority,YAMUNA EXPRESSWAY INDUSTRIAL DEVELOPMENT AUTHORITY,201310.0,2.0,"1,02,22,693",bansal contractor and supplier,"7,512,657.09",Rejected-Technical,28-Oct-2025,Yamuna Expressway Industrial Development Authority
2025_UPIDC_1078690_29,03/EESNK1BANSI/2025-26,SiltScraping and jungle clearance of Mahuyi minor from km 0.000 to 4.000,SiltScraping and jungle clearance of Mahuyi minor from km 0.000 to 4.000,Works,Open Tender,Item Wise,Civil Works - Canal,No,No,NA ,04-Oct-2025 10:00 AM,NA ,90.0,No ,No,Online,13-Oct-2025 02:00 PM,"U P Irrigation Department (Civil)||Chief Engineer-Saryu Project-2, Gonda||Rapti CC Circle-2, Basti||SCD, bansi",SIDDHARTH NAGAR,272153.0,2.0,"1,05,000",Aneeta Dwivedi Construction,"80,724.46",Accepted-AOC,11-Dec-2025,"U P Irrigation Department (Civil)||Chief Engineer-Saryu Project-2, Gonda||Rapti CC Circle-2, Basti||SCD, bansi"
2025_UPIDC_1080758_3,03/EE/2025-26,Lot-03,Resurfacing of the canal service road from Km 45.200 to 46.700 of the Western Allahabad Branch,Works,Open Tender,Item Rate,Civil Works,No,No,NA ,08-Oct-2025 11:00 AM,NA ,90.0,No ,No,Online,13-Oct-2025 12:00 PM,"U P Irrigation Department (Civil)||Chief Engineer-Ram Ganga, Kanpur||Irrigation Works Circle, Kanpur||ID, kanpur",Irrigation Division Kanpur Dehat,209311.0,2.0,"21,31,000",M/S DURGA CONSTRUCTION AND SUPPLIER,"1,284,215",Rejected-Finance,08-Dec-2025,"U P Irrigation Department (Civil)||Chief Engineer-Ram Ganga, Kanpur||Irrigation Works Circle, Kanpur||ID, kanpur"
2025_UPPRD_1064082_54,240/Nivida/ZP/2025-26 Date- 22-07-2025,Work No 54 Gramsabha Banvirpur me Antu- Bhadar se purv nirmit C.C. tak C.C.,Work No 54 Gramsabha Banvirpur me Antu- Bhadar se purv nirmit C.C. tak C.C.,Works,Open Tender,Percentage,Civil Works - Others,No,No,NA ,11-Aug-2025 12:00 PM,NA ,90.0,No ,No,Offline,18-Aug-2025 02:30 PM,Panchayati Raj Department||Zila Panchayat Amethi,Amethi,227409.0,2.0,"12,15,172",M/S AMIT ENTERPRISES,"1,213,957.55",Rejected-Finance,15-Dec-2025,Panchayati Raj Department||Zila Panchayat Amethi
2025_UPIDC_1086876_2,03/EE/SSK41/2025-26,Silt and Scrapping Clearance of Rastamau Dy. from Km. 0.000 to 11.522,Silt and Scrapping Clearance of Rastamau Dy. from Km. 0.000 to 11.522,Works,Open Tender,Item Rate,Civil Works - Canal,No,No,NA ,12-Nov-2025 10:00 AM,NA ,90.0,No ,No,Online,17-Nov-2025 01:00 PM,"U P Irrigation Department (Civil)||Chief Engineer-Sharda Sahayak, Lucknow||XVI Circle Irrigation Works, Pratapgargh||Sharda Sahayak Division 41 Amethi",Amethi,229309.0,2.0,"4,66,000",CHATURBHUJ ASSOCIATE,"348,864.611",Rejected-Finance,24-Nov-2025,"U P Irrigation Department (Civil)||Chief Engineer-Sharda Sahayak, Lucknow||XVI Circle Irrigation Works, Pratapgargh||Sharda Sahayak Division 41 Amethi"
2025_UPPRD_1064082_160,240/Nivida/ZP/2025-26 Date- 22-07-2025,Work No 160 Gram sabha Ramshahpur me vimal yadav ke ghar se Hardoiya sampark marg par nale tak nala nirmaan karya,Work No 160 Gram sabha Ramshahpur me vimal yadav ke ghar se Hardoiya sampark marg par nale tak nala nirmaan karya,Works,Open Tender,Percentage,Civil Works - Others,No,No,NA ,11-Aug-2025 12:00 PM,NA ,90.0,No ,No,Offline,18-Aug-2025 02:30 PM,Panchayati Raj Department||Zila Panchayat Amethi,Amethi,227409.0,2.0,"6,17,533",SM CONSTRUCTION,"616,544.728",Rejected-Finance,26-Dec-2025,Panchayati Raj Department||Zila Panchayat Amethi
2025_UPPRD_1065171_3,244/Nivida/ZP/2025-26 Date- 22-07-2025,Work No 3 Gramsabha ramgarh me nahar pull se Amethi Shahbari marg tak lepan marmmat,Work No 3 Gramsabha ramgarh me nahar pull se Amethi Shahbari marg tak lepan marmmat,Works,Open Tender,Percentage,Civil Works - Others,No,No,NA ,18-Aug-2025 12:00 PM,NA ,30.0,No ,No,Offline,25-Aug-2025 02:30 PM,Panchayati Raj Department||Zila Panchayat Amethi,Amethi,227409.0,2.0,"15,57,043",BRIJESH PRATAP SINGH,"1,555,485.481",Accepted-AOC,26-Dec-2025,Panchayati Raj Department||Zila Panchayat Amethi
2025_UPPRD_1064082_68,240/Nivida/ZP/2025-26 Date- 22-07-2025,Work No 68 Gram panchayat Jamuwari ke saray sulemaan me purv nirmit interlocking se Jamuna yadav ke ghar tak C.C.,Work No 68 Gram panchayat Jamuwari ke saray sulemaan me purv nirmit interlocking se Jamuna yadav ke ghar tak C.C.,Works,Open Tender,Percentage,Civil Works - Others,No,No,NA ,11-Aug-2025 12:00 PM,NA ,90.0,No ,No,Offline,18-Aug-2025 02:30 PM,Panchayati Raj Department||Zila Panchayat Amethi,Amethi,227409.0,2.0,"9,59,862",Fair Deals,"958,901.748",Rejected-Finance,16-Dec-2025,Panchayati Raj Department||Zila Panchayat Amethi
2025_UPPRD_1064082_148,240/Nivida/ZP/2025-26 Date- 22-07-2025,Work No 148 Baripur - tala se talab tak Nali,Work No 148 Baripur - tala se talab tak Nali,Works,Open Tender,Percentage,Civil Works - Others,No,No,NA ,11-Aug-2025 12:00 PM,NA ,90.0,No ,No,Offline,18-Aug-2025 02:30 PM,Panchayati Raj Department||Zila Panchayat Amethi,Amethi,227409.0,2.0,"11,74,887",M/S SHIV KRIPA CONSTRUCTION,"1,154,326.124",Rejected-Finance,26-Dec-2025,Panchayati Raj Department||Zila Panchayat Amethi
2025_UPIDC_1079830_1,01/EESNKBANSI/2025-26,Silt Scraping and jungle clearance of Banchauri Dy. From Km. 0.000 to Km. 8.300,Silt Scraping and jungle clearance of Banchauri Dy. From Km. 0.000 to Km. 8.300,Works,Open Tender,Item Rate,Civil Works - Canal,No,No,NA ,06-Oct-2025 11:00 AM,NA ,90.0,No ,No,Online,14-Oct-2025 03:00 PM,"U P Irrigation Department (Civil)||Chief Engineer-Saryu Project-2, Gonda||Rapti CC Circle-2, Basti||SCD, bansi",SIDDHARTH NAGAR,272153.0,2.0,"4,04,000",M/S OM PRAKASH,"330,151.63",Rejected-Finance,01-Dec-2025,"U P Irrigation Department (Civil)||Chief Engineer-Saryu Project-2, Gonda||Rapti CC Circle-2, Basti||SCD, bansi"
2025_UPIDC_1086669_35,04/EEAID/2025-26,LOT06 Janpad Bijnor Mein Pili bandh per km. 0.000 se km. 15.400 ke Madhya kilometer stone lagane ka Karya.,LOT06 Janpad Bijnor Mein Pili bandh per km. 0.000 se km. 15.400 ke Madhya kilometer stone lagane ka Karya.,Works,Open Tender,Item Rate,Civil Works,No,No,NA ,08-Nov-2025 04:00 PM,NA ,90.0,No ,No,Online,13-Nov-2025 04:30 PM,"U P Irrigation Department (Civil)||Chief Engineer-Eastern Ganga, Moradabad||Irrigation Works Circle, Moradabad||AID, dhampur",DHAMPUR,246761.0,2.0,"4,61,000",AARU ENTERPRISE,"351,230.28",Rejected-AOC,26-Dec-2025,"U P Irrigation Department (Civil)||Chief Engineer-Eastern Ganga, Moradabad||Irrigation Works Circle, Moradabad||AID, dhampur"
2025_UPIDC_1080129_7,01/EE/LGC/FTP/2025-26,Rennovation/Recoating of Service Road Between Km 0.700 to km 3.200 of Aranj Dy.,Rennovation/Recoating of Service Road Between Km 0.700 to km 3.200 of Aranj Dy.,Works,Open Tender,Item Rate,Civil Works - Canal,No,No,NA ,07-Oct-2025 10:00 AM,08-Oct-2025 11:00 AM ,15.0,No ,No,Online,13-Oct-2025 02:00 PM,"U P Irrigation Department (Civil)||Chief Engineer-Ram Ganga, Kanpur||Irrigation Works Circle, Kanpur||FDLGC, fatehpur",Fatehpur,212601.0,2.0,,M/S Jaunpur construction,"474,354",Accepted-AOC,04-Nov-2025,"U P Irrigation Department (Civil)||Chief Engineer-Ram Ganga, Kanpur||Irrigation Works Circle, Kanpur||FDLGC, fatehpur"
2025_UPIDC_1085704_10,03/EE/2025-26,Restoration of Canal Section of Bakshanpur Dy. from km. 0.000 to 9.600,Restoration of Canal Section of Bakshanpur Dy. from km. 0.000 to 9.600,Works,Open Tender,Item Wise,Civil Works - Canal,No,No,NA ,28-Oct-2025 09:00 AM,NA ,90.0,No ,No,Online,05-Nov-2025 02:00 PM,"U P Irrigation Department (Civil)||Chief Engineer-Eastern Ganga, Moradabad||EGCC Circle, Bijnore||EGCD-6, nazibabad",Najibabad,246763.0,2.0,"11,77,000",M/S DELTA CONSTRUCTION,"880,837.5",Accepted-AOC,16-Dec-2025,"U P Irrigation Department (Civil)||Chief Engineer-Eastern Ganga, Moradabad||EGCC Circle, Bijnore||EGCD-6, nazibabad"
2025_UPIDC_1082971_25,05/EE/2025-26,Clearance of Internal section of Umapur Minor from Km.0.000 to Km. 2.600 in District Prayagraj,Clearance of Internal section of Umapur Minor from Km.0.000 to Km. 2.600 in District Prayagraj,Works,Open Tender,Item Wise,Civil Works - Canal,No,No,NA ,05-Nov-2025 12:30 PM,NA ,90.0,No ,No,Online,11-Nov-2025 12:30 PM,"U P Irrigation Department (Civil)||Chief Engineer-Sone, Varanasi||Irrigation Works Circle, Allahabad||BCD, allahabad",Bara Tehshil,212107.0,2.0,"61,000",MOON ENTERPRISES,"44,223",Rejected-Finance,16-Dec-2025,"U P Irrigation Department (Civil)||Chief Engineer-Sone, Varanasi||Irrigation Works Circle, Allahabad||BCD, allahabad"
2025_UPIDC_1083221_1,02/EE/2025-26 Lat 14,SCRAPPING WORK IN PESARA DY FROM KM. 5.200 TO KM. 10.400,SCRAPPING WORK IN PESARA DY FROM KM. 5.200 TO KM. 10.400,Works,Open Tender,Item Rate,Civil Works,No,No,NA ,18-Oct-2025 11:00 AM,NA ,90.0,No ,No,Online,30-Oct-2025 02:00 PM,"U P Irrigation Department (Civil)||Chief Engineer-Sharda Sahayak, Lucknow||XIV Circle Irrigation Works, Azamgarh||SSD - 36 Jaunpur",EXECUTIVE ENGINEER SSK-36 JAUNPUR,222002.0,2.0,"4,98,000",ABHIRAJ CONSTRUCTIONS,"286,650.2",Accepted-AOC,02-Dec-2025,"U P Irrigation Department (Civil)||Chief Engineer-Sharda Sahayak, Lucknow||XIV Circle Irrigation Works, Azamgarh||SSD - 36 Jaunpur"
2025_UPIDC_1085717_2,01/EE/2025-26,SILT CLEARANCE OF AMETHI DY FROM KM 10.850 TO KM 21.350,SILT CLEARANCE OF AMETHI DY FROM KM 10.850 TO KM 21.350,Works,Open Tender,Item Wise,Civil Works - Canal,No,No,NA ,06-Nov-2025 11:00 AM,NA ,90.0,No ,No,Online,11-Nov-2025 03:00 PM,"U P Irrigation Department (Civil)||Chief Engineer-Sharda Sahayak, Lucknow||VII Circle Irrigation Works, Lucknow||EE SSK Division-49 Sultanpur",AMETHI,227405.0,3.0,"7,02,000",Satya Dev Mishra,"591,349.22",Rejected-AOC,08-Dec-2025,"U P Irrigation Department (Civil)||Chief Engineer-Sharda Sahayak, Lucknow||VII Circle Irrigation Works, Lucknow||EE SSK Division-49 Sultanpur"
2025_UPIDC_1086698_33,04/AE-IV/2025-26,"Earth Work in Silt Clearance/Scraping of Paliya Mr. from Km. 0.000 to Km. 5.000, and Asalpur Mr. from Km. 0.000 to Km. 1.400",Silt Clearance/Scraping,Works,Open Tender,Item Rate,Civil Works,No,No,NA ,30-Oct-2025 10:00 AM,NA ,90.0,No ,No,Online,07-Nov-2025 12:30 PM,"U P Irrigation Department (Civil)||Chief Engineer-Sharda Sahayak, Lucknow||XIV Circle Irrigation Works, Azamgarh||SSD-32, azamgarh",AZAMGARH,276001.0,2.0,"1,40,000",ANAND CONSTRUCTION,"86,490",Accepted-AOC,09-Dec-2025,"U P Irrigation Department (Civil)||Chief Engineer-Sharda Sahayak, Lucknow||XIV Circle Irrigation Works, Azamgarh||SSD-32, azamgarh"
2025_UPIDC_1088508_6,03/EE/2025-26,Lot-06,"Repair of Damage fall of Najibabad Br. At km. 1.000, 2.753, 5.077, 7.000 for the year 2025-26",Works,Open Tender,Item Wise,Civil Works - Canal,No,No,NA ,07-Nov-2025 10:00 AM,NA ,90.0,No ,No,Online,14-Nov-2025 01:30 PM,"U P Irrigation Department (Civil)||Chief Engineer-Eastern Ganga, Moradabad||EGCC Circle, Bijnore||EGCD-4, bijnore",Bijnor,246701.0,2.0,"2,07,000",M/S MUNANDRA SINGH WORK CONTRACTOR,"187,646.42",Accepted-AOC,28-Nov-2025,"U P Irrigation Department (Civil)||Chief Engineer-Eastern Ganga, Moradabad||EGCC Circle, Bijnore||EGCD-4, bijnore"
2025_UPPRD_1073328_19,875/Nivida/ZP/2025-26 Date- 10-09-2025,Work No 19 Gram panchayat Bhawanshahpur ke Attanagar minar ki patri se poore pasin gaon ki oor C.C.,Work No 19 Gram panchayat Bhawanshahpur ke Attanagar minar ki patri se poore pasin gaon ki oor C.C.,Works,Open Tender,Percentage,Civil Works - Others,No,No,NA ,12-Sep-2025 12:00 PM,NA ,30.0,No ,No,Offline,17-Sep-2025 01:00 PM,Panchayati Raj Department||Zila Panchayat Amethi,Amethi,227409.0,2.0,"17,69,465",M/S ASHUTOSH TRADERS,"1,768,580.867",Accepted-AOC,15-Dec-2025,Panchayati Raj Department||Zila Panchayat Amethi
2025_UPPRD_1073328_31,875/Nivida/ZP/2025-26 Date- 10-09-2025,Work No 31 Gramsabha Maddoopur me Sthit talab ka jal sanchayan ewam sundarikaran,Work No 31 Gramsabha Maddoopur me Sthit talab ka jal sanchayan ewam sundarikaran,Works,Open Tender,Percentage,Civil Works - Others,No,No,NA ,12-Sep-2025 12:00 PM,NA ,30.0,No ,No,Offline,17-Sep-2025 01:00 PM,Panchayati Raj Department||Zila Panchayat Amethi,Amethi,227409.0,2.0,"23,10,205",M/S ABHISHEK VIKRAM SINGH,"2,308,818.872",Accepted-AOC,30-Dec-2025,Panchayati Raj Department||Zila Panchayat Amethi
2025_UPPRD_1073328_25,875/Nivida/ZP/2025-26 Date- 10-09-2025,Work No 25 Gramsabha kapooripur me Raibaraili road se gaodam ki oor C.c.,Work No 25 Gramsabha kapooripur me Raibaraili road se gaodam ki oor C.c.,Works,Open Tender,Percentage,Civil Works - Others,No,No,NA ,12-Sep-2025 12:00 PM,NA ,30.0,No ,No,Offline,17-Sep-2025 01:00 PM,Panchayati Raj Department||Zila Panchayat Amethi,Amethi,227409.0,2.0,"14,63,733",M/S ABHISHEK VIKRAM SINGH,"1,462,415.64",Accepted-AOC,30-Dec-2025,Panchayati Raj Department||Zila Panchayat Amethi
2025_UPPRD_1073328_5,875/Nivida/ZP/2025-26 Date- 10-09-2025,Work No 5 Gramsabha Raghipur mukhya marg se muraee Tola 560 meter tak lepan kary,Work No 5 Gramsabha Raghipur mukhya marg se muraee Tola 560 meter tak lepan kary,Works,Open Tender,Percentage,Civil Works - Others,No,No,NA ,12-Sep-2025 12:00 PM,NA ,30.0,No ,No,Offline,17-Sep-2025 01:00 PM,Panchayati Raj Department||Zila Panchayat Amethi,Amethi,227409.0,2.0,"14,99,451",M/S PIYUSH TRADERS,"1,498,551.329",Rejected-Finance,29-Dec-2025,Panchayati Raj Department||Zila Panchayat Amethi
2025_UPIDC_1083393_17,01/EE/2025-26,Scraping of internal Section and S/F Sign board of Kapiya Minor. from km. 0.000 to km. 6.000,Scraping of internal Section and S/F Sign board of Kapiya Minor. from km. 0.000 to km. 6.000,Works,Open Tender,Item Rate,Civil Works - Canal,No,No,NA ,18-Oct-2025 10:00 AM,NA ,90.0,No ,No,Online,28-Oct-2025 03:00 PM,"U P Irrigation Department (Civil)||Chief Engineer-Saryu Project-2, Gonda||Drainage Cirlce, Gonda||SCD-3 Gonda",Siddharthnagar,272153.0,2.0,"1,04,000",MAYANK MANI TRIPATHI,"71,588.62",Rejected-Finance,15-Nov-2025,"U P Irrigation Department (Civil)||Chief Engineer-Saryu Project-2, Gonda||Drainage Cirlce, Gonda||SCD-3 Gonda"
2025_UPIDC_1083668_46,01/EE/2025-26,Silt Clearance/Scraping work of Ramwapur Mr. (Between km 0.00 to 4.200),Silt Clearance/Scraping work of Ramwapur Mr. (Between km 0.00 to 4.200),Works,Open Tender,Item Rate,Civil Works - Canal,No,No,NA ,18-Oct-2025 10:00 AM,NA ,90.0,No ,No,Online,30-Oct-2025 04:00 PM,"U P Irrigation Department (Civil)||Chief Engineer-Saryu Project-2, Gonda||Drainage Cirlce, Gonda||EE Chitaurgarh Dam Construction Division Balrampur",Tulsipur Balrampur,271210.0,2.0,"1,07,000",M/S ANAND KUMAR,"106,494.6",Accepted-AOC,05-Dec-2025,"U P Irrigation Department (Civil)||Chief Engineer-Saryu Project-2, Gonda||Drainage Cirlce, Gonda||EE Chitaurgarh Dam Construction Division Balrampur"
2025_UPIDC_1083668_52,01/EE/2025-26,Silt Clearance/Scraping work at Baki Mr from km 0.00 to 2.000.,Silt Clearance/Scraping work at Baki Mr from km 0.00 to 2.000.,Works,Open Tender,Item Rate,Civil Works - Canal,No,No,NA ,07-Nov-2025 10:00 AM,NA ,90.0,No ,No,Online,14-Nov-2025 03:00 PM,"U P Irrigation Department (Civil)||Chief Engineer-Saryu Project-2, Gonda||Drainage Cirlce, Gonda||EE Chitaurgarh Dam Construction Division Balrampur",Tulsipur Balrampur,271210.0,2.0,"38,000",MISHRA ARYAN CONSTRUCTION,"37,899.25",Rejected-Finance,05-Dec-2025,"U P Irrigation Department (Civil)||Chief Engineer-Saryu Project-2, Gonda||Drainage Cirlce, Gonda||EE Chitaurgarh Dam Construction Division Balrampur"
2025_UPIDC_1086935_1,03/EE/SSK41/2025-26,Scrapping Of Existing Internal Section of Jais Distributary From km 45.000 km 58.400,Scrapping Of Existing Internal Section of Jais Distributary From km 45.000 km 58.400,Works,Open Tender,Item Wise,Civil Works - Canal,No,No,NA ,30-Oct-2025 10:00 AM,NA ,90.0,No ,No,Online,06-Nov-2025 11:00 AM,"U P Irrigation Department (Civil)||Chief Engineer-Sharda Sahayak, Lucknow||XVI Circle Irrigation Works, Pratapgargh||Sharda Sahayak Division 41 Amethi",Pratapgarh,230125.0,2.0,"3,65,000",satya dev singh,"250,738.939",Rejected-Finance,24-Nov-2025,"U P Irrigation Department (Civil)||Chief Engineer-Sharda Sahayak, Lucknow||XVI Circle Irrigation Works, Pratapgargh||Sharda Sahayak Division 41 Amethi"
2025_YEIDA_1061572_5,YEA/GM(PROJECT)/2025/394 DT-29/07/2025,"Providing and laying interlocking tiles in village Alipura,YEA WC-06","Providing and laying interlocking tiles in village Alipura,YEA WC-06",Works,Open Tender,Fixed-rate,Civil Works,No,No,NA ,01-Aug-2025 06:55 PM,NA ,90.0,No ,No,Online,13-Aug-2025 11:00 AM,Yamuna Expressway Industrial Development Authority,YAMUNA EXPRESSWAY INDUSTRIAL DEVELOPMENT AUTHORITY,201308.0,2.0,"12,16,785",M/s RD INFRA,"766,574.99",Rejected-Finance,18-Nov-2025,Yamuna Expressway Industrial Development Authority
2025_UPIDC_1081481_19,01/EE/2025-26,Silt Clearance/Scraping of Garibnagar Mr. between Km. 0.000 to Km. 6.470,Silt Clearance/Scraping of Garibnagar Mr. between Km. 0.000 to Km. 6.470,Works,Open Tender,Item Rate,Civil Works - Canal,No,No,NA ,19-Nov-2025 04:30 PM,NA ,90.0,No ,No,Online,25-Nov-2025 01:00 PM,"U P Irrigation Department (Civil)||Chief Engineer-Saryu Project-2, Gonda||Drainage Cirlce, Gonda||SCD-4 Balrampur",Balrampur,271201.0,2.0,"1,66,000",M/S RAM KRISHAN MISHRA CONTRECTOR,"140,438.8",Accepted-AOC,03-Dec-2025,"U P Irrigation Department (Civil)||Chief Engineer-Saryu Project-2, Gonda||Drainage Cirlce, Gonda||SCD-4 Balrampur"
2025_UPIDC_1079102_15,01/EE/2025-26,Silt Clearance and Scrapping and jungle clearence from Km. 0.000 to Km. 4.400 of Katya Minor,Silt Clearance and Scrapping and jungle clearence from Km. 0.000 to Km. 4.400 of Katya Minor,Works,Open Tender,Item Rate,Civil Works - Canal,No,No,NA ,03-Oct-2025 10:00 AM,NA ,90.0,No ,No,Online,11-Oct-2025 11:00 AM,"U P Irrigation Department (Civil)||Chief Engineer-Saryu Project-2, Gonda||Irrigation Construction Circle, Basti||SCD-I, gorakhpur",Gorakhpur,273001.0,2.0,"1,19,000",AWADH CONSTRUCTION AND INTERIERS,"67,187.41",Rejected-Finance,10-Nov-2025,"U P Irrigation Department (Civil)||Chief Engineer-Saryu Project-2, Gonda||Irrigation Construction Circle, Basti||SCD-I, gorakhpur"
2025_UPIDC_1080133_13,03/EE/IDK/2025-26,Naveenikaran karya of Khetupura Dy canal service road from Km 5.400 to 6.510 for the year 2025-26,Naveenikaran karya of Khetupura Dy canal service road from Km 5.400 to 6.510 for the year 2025-26,Works,Open Tender,Item Wise,Civil Works - Roads,No,No,NA ,06-Oct-2025 10:00 AM,NA ,90.0,No ,No,Online,17-Oct-2025 03:00 PM,"U P Irrigation Department (Civil)||Chief Engineer-Ram Ganga, Kanpur||Irrigation Works Circle, Aligarh||Irrigation Division Kasganj",kasganj,207123.0,2.0,"15,50,000",M/s Hanu Infrastructure Pvt Ltd,"1,056,796.723",Accepted-AOC,08-Dec-2025,"U P Irrigation Department (Civil)||Chief Engineer-Ram Ganga, Kanpur||Irrigation Works Circle, Aligarh||Irrigation Division Kasganj"
2025_YEIDA_1061572_1,YEA/GM(PROJECT)/2025/394 DT-29/07/2025,Development work of 7 percent Abadi plots of village niloni sahpur YEIDA. WC-01,Development work of 7 percent Abadi plots of village niloni sahpur YEIDA. WC-01,Works,Open Tender,Fixed-rate,Civil Works,No,No,NA ,31-Jul-2025 06:55 PM,NA ,90.0,No ,No,Online,14-Aug-2025 11:00 AM,Yamuna Expressway Industrial Development Authority,YAMUNA EXPRESSWAY INDUSTRIAL DEVELOPMENT AUTHORITY,201308.0,2.0,"10,50,02,062",M/S D.K. Jain Contractors,"83,644,643.06",Accepted-AOC,17-Nov-2025,Yamuna Expressway Industrial Development Authority
2025_UPIDC_1083668_56,01/EE/2025-26,Silt Clearance/Scraping work of Lalnagar Minor (km 0.00 to 2.500),Silt Clearance/Scraping work of Lalnagar Minor (km 0.00 to 2.500),Works,Open Tender,Item Rate,Civil Works - Canal,No,No,NA ,07-Nov-2025 10:00 AM,NA ,90.0,No ,No,Online,14-Nov-2025 03:00 PM,"U P Irrigation Department (Civil)||Chief Engineer-Saryu Project-2, Gonda||Drainage Cirlce, Gonda||EE Chitaurgarh Dam Construction Division Balrampur",Tulsipur Balrampur,271210.0,2.0,"99,000",MISHRA ARYAN CONSTRUCTION,"97,054.89",Rejected-Finance,06-Dec-2025,"U P Irrigation Department (Civil)||Chief Engineer-Saryu Project-2, Gonda||Drainage Cirlce, Gonda||EE Chitaurgarh Dam Construction Division Balrampur"
2025_UPIDC_1087074_2,07/SE/2025-26,Renovation work of the service road on the left side of the canal from Km 22.700 to Km 27.000 of Gopau Rajwaha,Renovation work of the service road on the left side of the canal from Km 22.700 to Km 27.000 of Gopau Rajwaha,Works,Open Tender,Item Rate,Civil Works,No,No,NA ,04-Nov-2025 11:00 AM,07-Nov-2025 01:00 PM ,90.0,No ,No,Online,11-Nov-2025 03:00 PM,U P Irrigation Department (Civil)||Chief Engineer ( Yamuna) Okhla||S E Irrigation Works Circle III Agra,Fatehpur Sikri,283110.0,2.0,"62,30,000",M/S MANEESH GUPTA CONTRACTOR,"3,944,241",Rejected-Finance,15-Dec-2025,U P Irrigation Department (Civil)||Chief Engineer ( Yamuna) Okhla||S E Irrigation Works Circle III Agra
2025_UPIDC_1087483_1,02/S.S.K-51/2025-26,Brick soiling (khanja) work on service road from km 1.991 to km 2.091 (Right Bank) and km 2.091 to km 2.196 (Left Bank) of Deewanganj Minor.,Brick soiling (khanja) work on service road from km 1.991 to km 2.091 (Right Bank) and km 2.091 to km 2.196 (Left Bank) of Deewanganj Minor.,Works,Open Tender,Item Wise,Civil Works,No,No,NA ,31-Oct-2025 04:00 PM,NA ,90.0,No ,No,Online,10-Nov-2025 01:00 PM,"U P Irrigation Department (Civil)||Chief Engineer-Sharda Sahayak, Lucknow||XVI Circle Irrigation Works, Pratapgargh||Sharda Sahayak Division 51 Pratapgarh",Pratapgarh,230001.0,2.0,"3,80,000",M/S AMAR NATH VERMA CONTRACTOR,"290,862.6",Rejected-Finance,19-Nov-2025,"U P Irrigation Department (Civil)||Chief Engineer-Sharda Sahayak, Lucknow||XVI Circle Irrigation Works, Pratapgargh||Sharda Sahayak Division 51 Pratapgarh"
2025_UPIDC_1083393_13,01/EE/2025-26,Scraping of internal Section from km. 0.000 to km. 7.400 of Pakraila Minor.,Scraping of internal Section from km. 0.000 to km. 7.400 of Pakraila Minor.,Works,Open Tender,Item Rate,Civil Works - Canal,No,No,NA ,18-Oct-2025 10:00 AM,NA ,90.0,No ,No,Online,28-Oct-2025 03:00 PM,"U P Irrigation Department (Civil)||Chief Engineer-Saryu Project-2, Gonda||Drainage Cirlce, Gonda||SCD-3 Gonda",Siddharthnagar,272153.0,2.0,"1,42,000",M/S KANIK RAM THEKEDAR,"95,279.6",Accepted-AOC,18-Nov-2025,"U P Irrigation Department (Civil)||Chief Engineer-Saryu Project-2, Gonda||Drainage Cirlce, Gonda||SCD-3 Gonda"
2025_UPPRD_1073328_1,875/Nivida/ZP/2025-26 Date- 10-09-2025,Work No 1 Gramsabha Ahoori me naya ka purva pitch sampark marg se poore Gulam kha meeramau khandanja tak lepan marammat,Work No 1 Gramsabha Ahoori me naya ka purva pitch sampark marg se poore Gulam kha meeramau khandanja tak lepan marammat,Works,Open Tender,Percentage,Civil Works - Others,No,No,NA ,12-Sep-2025 12:00 PM,NA ,30.0,No ,No,Offline,17-Sep-2025 01:00 PM,Panchayati Raj Department||Zila Panchayat Amethi,Amethi,227409.0,2.0,"23,39,312",KUSHAGRA ENTERPRISES,"2,337,674.63",Rejected-Finance,15-Dec-2025,Panchayati Raj Department||Zila Panchayat Amethi
2025_UPIDC_1081481_21,01/EE/2025-26,Silt Clearance/Scraping between Km. 0.000 to Km. 1.100 and Km. 2.700 to Km. 4.000 of Sirsiya Dy.,Silt Clearance/Scraping between Km. 0.000 to Km. 1.100 and Km. 2.700 to Km. 4.000 of Sirsiya Dy.,Works,Open Tender,Item Rate,Civil Works - Canal,No,No,NA ,19-Nov-2025 04:30 PM,NA ,90.0,No ,No,Online,25-Nov-2025 01:00 PM,"U P Irrigation Department (Civil)||Chief Engineer-Saryu Project-2, Gonda||Drainage Cirlce, Gonda||SCD-4 Balrampur",Dumariyaganj (Siddharth Nagar),272189.0,2.0,"1,08,000",J P TRADERS,"75,396.75",Accepted-AOC,06-Dec-2025,"U P Irrigation Department (Civil)||Chief Engineer-Saryu Project-2, Gonda||Drainage Cirlce, Gonda||SCD-4 Balrampur"
2025_YEIDA_1052321_16,YEA/GM(PROJECT)/2025/361 DT-25/06/2025,"C/o 30mtr. wide road drain Sewerge system between Plot No TS-1B GH-16,GH-15 in Sector-22D yea .WC-02","C/o 30mtr. wide road drain Sewerge system between Plot No TS-1B GH-16,GH-15 in Sector-22D yea .WC-02",Works,Open Tender,Fixed-rate,Civil Works,No,No,NA ,30-Jun-2025 06:55 PM,NA ,90.0,No ,No,Online,16-Jul-2025 11:00 AM,Yamuna Expressway Industrial Development Authority,YAMUNA EXPRESSWAY INDUSTRIAL DEVELOPMENT AUTHORITY,201308.0,2.0,"5,63,98,222",M/S ARY INFRATECH,"40,048,377.78",Accepted-AOC,01-Sep-2025,Yamuna Expressway Industrial Development Authority
2025_UPIDC_1094533_1,06/EE/2025-26/2,Restoration of Service Road from km 43.000 to 43.950 at Bhognipur Branch,Restoration of Service Road from km 43.000 to 43.950 at Bhognipur Branch,Works,Open Tender,Item Rate,Civil Works - Canal,No,No,NA ,29-Nov-2025 11:30 AM,NA ,90.0,No ,No,Online,04-Dec-2025 04:00 PM,"U P Irrigation Department (Civil)||Chief Engineer-Ram Ganga, Kanpur||Irrigation Works Circle, Etawah||Irrigation Construction Division Firozabad",Bhognipur Branch,283141.0,2.0,,AK ENTERPRISES,"802,560",Accepted-AOC,19-Dec-2025,"U P Irrigation Department (Civil)||Chief Engineer-Ram Ganga, Kanpur||Irrigation Works Circle, Etawah||Irrigation Construction Division Firozabad"
2025_UPPRD_1073328_21,875/Nivida/ZP/2025-26 Date- 10-09-2025,Work No 21 Gramsabha Majhwara pakki sadak se Harihar Upadhyay ke ghar ke oor ewam gaon tak lepan,Work No 21 Gramsabha Majhwara pakki sadak se Harihar Upadhyay ke ghar ke oor ewam gaon tak lepan,Works,Open Tender,Percentage,Civil Works - Others,No,No,NA ,12-Sep-2025 12:00 PM,NA ,30.0,No ,No,Offline,17-Sep-2025 01:00 PM,Panchayati Raj Department||Zila Panchayat Amethi,Amethi,227409.0,2.0,"20,32,046",M/S ASHUTOSH TRADERS,"2,030,013.887",Accepted-AOC,30-Dec-2025,Panchayati Raj Department||Zila Panchayat Amethi
2025_UPRNS_1076313_1,117/E-TENDER/UPRNSS/2025-26,CONSTRUCTION OF ADVANCE CIVIL ENGINEERING LAB AT RAJKIYA ENGINEERING COLLEGE DISTT-KANNAUJ (U.P.),CONSTRUCTION OF ADVANCE CIVIL ENGINEERING LAB AT RAJKIYA ENGINEERING COLLEGE DISTT-KANNAUJ (U.P.),Works,Open Tender,Percentage,Civil Works,No,No,NA ,23-Sep-2025 11:30 AM,NA ,90.0,No ,No,Offline,09-Oct-2025 10:00 AM,Uttar Pradesh Rajya Nirman Sahkari Sangh Limited||EE / PE Agra I,"RAJKIE ENGINEERING COLLEGE, KANNAUJ",209732.0,2.0,,KHUSHI CONSTRUCTION AND SUPPLIER,"37,714,248",Rejected-Finance,10-Dec-2025,Uttar Pradesh Rajya Nirman Sahkari Sangh Limited||EE / PE Agra I
2025_UPPRD_1073328_35,875/Nivida/ZP/2025-26 Date- 10-09-2025,Work No 35 Gram panchayat Chhetepur me padarsa talab se aage gaon ke bahar tak nala nirmaan,Work No 35 Gram panchayat Chhetepur me padarsa talab se aage gaon ke bahar tak nala nirmaan,Works,Open Tender,Percentage,Civil Works - Others,No,No,NA ,12-Sep-2025 12:00 PM,NA ,30.0,No ,No,Offline,17-Sep-2025 01:00 PM,Panchayati Raj Department||Zila Panchayat Amethi,Amethi,227409.0,2.0,"24,69,538",KUSHAGRA ENTERPRISES,"2,468,056.847",Accepted-AOC,30-Dec-2025,Panchayati Raj Department||Zila Panchayat Amethi
2025_UPIDC_1079272_16,01/EE/2025-26,Patch Repair work of Pratapgarh Dy service road from km. 9.430 to km. 13.300 Left Bank,Patch Repair work of Pratapgarh Dy service road from km. 9.430 to km. 13.300 Left Bank,Works,Open Tender,Item Rate,Civil Works - Canal,No,No,NA ,10-Oct-2025 02:50 PM,NA ,15.0,No ,No,Online,15-Oct-2025 04:00 PM,"U P Irrigation Department (Civil)||Chief Engineer-Sharda Sahayak, Lucknow||XVI Circle Irrigation Works, Pratapgargh||ID, pratapgarh",pratapgarh,230001.0,2.0,"11,63,000",MOHD. SHOEB KHAN,"685,715.44",Accepted-AOC,07-Nov-2025,"U P Irrigation Department (Civil)||Chief Engineer-Sharda Sahayak, Lucknow||XVI Circle Irrigation Works, Pratapgargh||ID, pratapgarh"
2025_UPIDM_1078277_2,05/EE/MLCD/2025-26,Providing and fixing of Sur arrester complete with frame,Providing and fixing of Surge arrester complete with frame,Works,Open Tender,Piece-work,Civil Works,No,No,NA ,03-Oct-2025 02:00 PM,NA ,60.0,No ,No,Online,13-Oct-2025 03:00 PM,U P Irrigation Department (Mechanical)||Chief Engineer (Tubewell Varanasi)||Superintending Engineer (Tubewell) Allahabad||Executive Engineer MLCD Allahabad,Lakhanpur Pump Canal,212306.0,2.0,"5,30,000",Actech Engineers,"499,000",Rejected-Technical,02-Dec-2025,U P Irrigation Department (Mechanical)||Chief Engineer (Tubewell Varanasi)||Superintending Engineer (Tubewell) Allahabad||Executive Engineer MLCD Allahabad
2025_UPIDC_1085665_8,02/AE-I/2025-26,"Earth Work in Silt Clearance and Scraping of Panti Mr. from Km. 0.000 to Km. 1.680, Samdi Mr. from Km. 0.000 to Km. 2.1000 and Achchhepur Mr. from Km. 0.000 to Km. 1.700",Silt Clearance and Scraping,Works,Open Tender,Item Rate,Civil Works,No,No,NA ,27-Oct-2025 10:00 AM,NA ,90.0,No ,No,Online,03-Nov-2025 12:30 PM,"U P Irrigation Department (Civil)||Chief Engineer-Sharda Sahayak, Lucknow||XIV Circle Irrigation Works, Azamgarh||SSD-32, azamgarh",AZAMGARH,276001.0,2.0,"76,000",Ms A S Construction,"60,636.48",Rejected-Finance,23-Dec-2025,"U P Irrigation Department (Civil)||Chief Engineer-Sharda Sahayak, Lucknow||XIV Circle Irrigation Works, Azamgarh||SSD-32, azamgarh"
2025_UPIDC_1082791_1,3186/rkd/notice no 03/2025-26,renovation of road Loop channel and manupur mr Lot 16,renovation of road Loop channel and manupur mr Lot 16,Works,Open Tender,Item Rate,Civil Works - Canal,No,No,NA ,15-Oct-2025 12:00 PM,NA ,90.0,No ,No,Online,25-Oct-2025 12:00 PM,"U P Irrigation Department (Civil)||Chief Engineer-Sharda Sahayak, Lucknow||XVI Circle Irrigation Works, Pratapgargh||RDSSC, raibareilly",raebareli,229001.0,2.0,,M/S Kamlesh Kumar Singh,"1,385,786",Rejected-Finance,27-Nov-2025,"U P Irrigation Department (Civil)||Chief Engineer-Sharda Sahayak, Lucknow||XVI Circle Irrigation Works, Pratapgargh||RDSSC, raibareilly"
2025_UPIDC_1079112_14,01/S.S.K-51/2025-26,CUTTING OF BERM IN INTERNAL SECTION AND STRENTHENING OF WEAK BANK OF RIGHT BANK BETWEEN KM 112.200 TO KM 113.400 OF JAUNPUR BRANCH,CUTTING OF BERM IN INTERNAL SECTION AND STRENTHENING OF WEAK BANK OF RIGHT BANK BETWEEN KM 112.200 TO KM 113.400 OF JAUNPUR BRANCH,Works,Open Tender,Item Rate,Civil Works,No,No,NA ,01-Oct-2025 01:00 PM,NA ,90.0,No ,No,Online,14-Oct-2025 01:00 PM,"U P Irrigation Department (Civil)||Chief Engineer-Sharda Sahayak, Lucknow||XVI Circle Irrigation Works, Pratapgargh||Sharda Sahayak Division 51 Pratapgarh",Pratapgarh,230001.0,2.0,"14,48,000",M/S G.S. CONSTRUCTION,"783,325.315",Rejected-Technical,21-Nov-2025,"U P Irrigation Department (Civil)||Chief Engineer-Sharda Sahayak, Lucknow||XVI Circle Irrigation Works, Pratapgargh||Sharda Sahayak Division 51 Pratapgarh"
2025_UPIDC_1082729_1,01/E.E/2025-26,silt clearence of nagariya dy from k.m 0.000 to km 30.105,silt clearence of nagariya dy from k.m 0.000 to km 30.105,Works,Open Tender,Item Rate,Civil Works - Canal,No,No,NA ,15-Oct-2025 10:00 AM,NA ,90.0,No ,No,Online,24-Oct-2025 10:00 AM,"U P Irrigation Department (Civil)||Chief Engineer-Ram Ganga, Kanpur||II Circle Irrigation Works, Kanpur||MDLGC, mainpuri",mainpuri,205001.0,2.0,"12,58,000",KUSUM YADAV,"990,083.88",Rejected-Finance,26-Dec-2025,"U P Irrigation Department (Civil)||Chief Engineer-Ram Ganga, Kanpur||II Circle Irrigation Works, Kanpur||MDLGC, mainpuri"
2025_UPIDC_1080129_3,01/EE/LGC/FTP/2025-26,Rennovation of Painted Service Road Between Km 1.000 to km 2.400 of Bhelkha Mr.,Rennovation of Painted Service Road Between Km 1.000 to km 2.400 of Bhelkha Mr,Works,Open Tender,Item Rate,Civil Works - Canal,No,No,NA ,07-Oct-2025 10:00 AM,08-Oct-2025 11:00 AM ,30.0,No ,No,Online,13-Oct-2025 02:00 PM,"U P Irrigation Department (Civil)||Chief Engineer-Ram Ganga, Kanpur||Irrigation Works Circle, Kanpur||FDLGC, fatehpur",Fatehpur,212601.0,2.0,,M/S ASHISH KUMAR SINGH,"1,108,625",Rejected-Finance,03-Nov-2025,"U P Irrigation Department (Civil)||Chief Engineer-Ram Ganga, Kanpur||Irrigation Works Circle, Kanpur||FDLGC, fatehpur"
2025_UPIDC_1078929_1,04/SE/2025-26,"Renovation of Old Subordinate Field Hostel for Circle-2, Office and Division-8 Office In Bansagar Sakhaura Colony, Mirzapur (Lot_1)","Renovation of Old Subordinate Field Hostel for Circle-2, Office and Division-8 Office In Bansagar Sakhaura Colony, Mirzapur",Works,Open Tender,Item Rate,Civil Works,No,No,NA ,03-Oct-2025 01:00 PM,NA ,90.0,No ,No,Online,14-Oct-2025 03:00 PM,"U P Irrigation Department (Civil)||Chief Engineer-Bansagar, Allahabad||Ban Sagar CC-2, Mirjapur",Mirzapur,231001.0,2.0,,M/S ADITYA CONSTRUCTION COMPANY,"7,296,782.07",Not Admitted-Fee/PreQual/Technical,11-Dec-2025,"U P Irrigation Department (Civil)||Chief Engineer-Bansagar, Allahabad||Ban Sagar CC-2, Mirjapur"
2025_UPPRD_1064082_164,240/Nivida/ZP/2025-26 Date- 22-07-2025,Work No 164 Gramsabha purab besara me nali nirmaan,Work No 164 Gramsabha purab besara me nali nirmaan,Works,Open Tender,Percentage,Civil Works - Others,No,No,NA ,11-Aug-2025 12:00 PM,NA ,90.0,No ,No,Offline,18-Aug-2025 02:30 PM,Panchayati Raj Department||Zila Panchayat Amethi,Amethi,227409.0,2.0,"16,41,136",KUSHAGRA ENTERPRISES,"1,639,494.337",Accepted-AOC,26-Dec-2025,Panchayati Raj Department||Zila Panchayat Amethi
2025_UPPRD_1064082_50,240/Nivida/ZP/2025-26 Date- 22-07-2025,Work No 50 Tikarmafi- Amtahi sampark marg par Amtahi me purv nirmit marg se primary school Jatipur tak awshesh kary,Work No 50 Tikarmafi- Amtahi sampark marg par Amtahi me purv nirmit marg se primary school Jatipur tak awshesh kary,Works,Open Tender,Percentage,Civil Works - Others,No,No,NA ,11-Aug-2025 12:00 PM,NA ,90.0,No ,No,Offline,18-Aug-2025 02:30 PM,Panchayati Raj Department||Zila Panchayat Amethi,Amethi,227409.0,2.0,"15,86,202",HARISH KUMAR SINGH,"1,584,615.393",Accepted-AOC,15-Dec-2025,Panchayati Raj Department||Zila Panchayat Amethi
2025_UPIDC_1080758_7,03/EE/2025-26,Lot-08,Patching/Repairing of the canal service road from Km 5.700 to 9.195 of the Dhupkari Minor,Works,Open Tender,Item Rate,Civil Works,No,No,NA ,08-Oct-2025 11:00 AM,NA ,90.0,No ,No,Online,13-Oct-2025 12:00 PM,"U P Irrigation Department (Civil)||Chief Engineer-Ram Ganga, Kanpur||Irrigation Works Circle, Kanpur||ID, kanpur",Irrigation Division Kanpur Dehat,209311.0,2.0,"10,78,000",ANSHU TRADERS,"826,446.24",Accepted-AOC,08-Dec-2025,"U P Irrigation Department (Civil)||Chief Engineer-Ram Ganga, Kanpur||Irrigation Works Circle, Kanpur||ID, kanpur"
2025_UPIDC_1086931_1,03/EE/SSK41/2025-26,Silt Clearance of Devigarh Minor From Km. 0.000 to Km. 7.200,Silt Clearance of Devigarh Minor From Km. 0.000 to Km. 7.200,Works,Open Tender,Item Rate,Civil Works - Canal,No,No,NA ,30-Oct-2025 10:00 AM,NA ,90.0,No ,No,Online,06-Nov-2025 11:00 AM,"U P Irrigation Department (Civil)||Chief Engineer-Sharda Sahayak, Lucknow||XVI Circle Irrigation Works, Pratapgargh||Sharda Sahayak Division 41 Amethi",Pratapgarh,230125.0,2.0,"2,56,000",M/s Jai Bajrang Bali Constructions,"174,376.4",Rejected-Finance,24-Nov-2025,"U P Irrigation Department (Civil)||Chief Engineer-Sharda Sahayak, Lucknow||XVI Circle Irrigation Works, Pratapgargh||Sharda Sahayak Division 41 Amethi"
2025_UPJNM_1096139_1,829/NIVIDA / 101 DATED 28-11-2025,"Operation of Electrical and Mechanical equipment including removal and disposal of chocking materials garbage etc. at 10 MLD Kalimandir sewage pumping station, Prayagraj","Operation of Electrical and Mechanical equipment including removal and disposal of chocking materials garbage etc. at 10 MLD Kalimandir sewage pumping station, Prayagraj",Services,Open Tender,Percentage,Miscellaneous Services,No,No,NA ,04-Dec-2025 03:00 PM,NA ,120.0,No ,No,Offline,12-Dec-2025 02:15 PM,"U P Jal Nigam (HQ), Lucknow||Chief Engineer (Allahabad)||SE, Yantrik Circle, Allahabad||PM, Ganga Pollution Control Unit (II) E-M, Alld",office of EE. cont. Divi. (E/M)UPJN (U) Prayagraj,211007.0,2.0,,chaudhary engineering works,"541,536",Rejected-AOC,01-Jan-2026,"U P Jal Nigam (HQ), Lucknow||Chief Engineer (Allahabad)||SE, Yantrik Circle, Allahabad||PM, Ganga Pollution Control Unit (II) E-M, Alld"
2025_UPPRD_1064082_158,240/Nivida/ZP/2025-26 Date- 22-07-2025,Work No 158 Gram sabha Medhauna me Janta Janardan vidyalay se nala tak nala nirman,Work No 158 Gram sabha Medhauna me Janta Janardan vidyalay se nala tak nala nirman,Works,Open Tender,Percentage,Civil Works - Others,No,No,NA ,11-Aug-2025 12:00 PM,NA ,90.0,No ,No,Offline,18-Aug-2025 02:30 PM,Panchayati Raj Department||Zila Panchayat Amethi,Amethi,227409.0,2.0,"18,65,329",M/S CHANAKYA ENTERPRISES,"1,862,903.523",Rejected-Finance,26-Dec-2025,Panchayati Raj Department||Zila Panchayat Amethi
2025_UPPRD_1064082_78,240/Nivida/ZP/2025-26 Date- 22-07-2025,Work No 78 Gramsabha Jainabganj- Kishni marg se jainabganj Madanpur me sabbir ke ghar ki oor eet- soling,Work No 78 Gramsabha Jainabganj- Kishni marg se jainabganj Madanpur me sabbir ke ghar ki oor eet- soling,Works,Open Tender,Percentage,Civil Works - Others,No,No,NA ,11-Aug-2025 12:00 PM,NA ,90.0,No ,No,Offline,18-Aug-2025 02:30 PM,Panchayati Raj Department||Zila Panchayat Amethi,Amethi,227409.0,2.0,"6,38,744",M/s KHURSHID CONSTRUCTION,"638,168.884",Accepted-AOC,16-Dec-2025,Panchayati Raj Department||Zila Panchayat Amethi
2025_UPJNM_1088217_1,"3374/M-13/260, dt 31-10-2025","Survey, Soil testing, design and supply of all materials, labour, T and P for Construction of New RCC Clear Water Reservoir 1500 KL and other appurtenant works at Kasaibara, Lucknow Cantonment","Survey, Soil testing, design and supply of all materials, labour, T and P for Construction of New RCC Clear Water Reservoir 1500 KL and other appurtenant works at Kasaibara, Lucknow Cantonment",Works,Open Tender,Percentage,Civil Works - Others,No,No,NA ,04-Nov-2025 02:00 PM,NA ,120.0,No ,No,Offline,11-Nov-2025 04:00 PM,"U P Jal Nigam (HQ), Lucknow||Chief Engineer (Lucknow)||GM, Gomti Pollution Control Unit, Lucknow||PM Peyjal (2nd) Lucknow","Kasaibara, Lucknow Cantonment",226002.0,2.0,,MAHATRU BUILDTAK,"18,355,292.66",Rejected-Finance,15-Dec-2025,"U P Jal Nigam (HQ), Lucknow||Chief Engineer (Lucknow)||GM, Gomti Pollution Control Unit, Lucknow||PM Peyjal (2nd) Lucknow"
2025_UPIDC_1078690_11,03/EESNK1BANSI/2025-26,SiltScraping and jungle clearance of Pipar Mr. From Km.0.000 to Km. 2.500,SiltScraping and jungle clearance of Pipar Mr. From Km.0.000 to Km. 2.500,Works,Open Tender,Item Wise,Civil Works - Canal,No,No,NA ,04-Oct-2025 10:00 AM,NA ,90.0,No ,No,Online,13-Oct-2025 02:00 PM,"U P Irrigation Department (Civil)||Chief Engineer-Saryu Project-2, Gonda||Rapti CC Circle-2, Basti||SCD, bansi",SIDDHARTH NAGAR,272153.0,2.0,"7,000",M/S JAI MAA VAISNO TRADERS,"55,444.95",Accepted-AOC,11-Dec-2025,"U P Irrigation Department (Civil)||Chief Engineer-Saryu Project-2, Gonda||Rapti CC Circle-2, Basti||SCD, bansi"
2025_UPPRD_1064082_93,240/Nivida/ZP/2025-26 Date- 22-07-2025,Work No 93 Gramsabha savangi me Laxman pal ke ghar ke pass interlocking se Ramkumar prajapati ke ghar tak C.C.,Work No 93 Gramsabha savangi me Laxman pal ke ghar ke pass interlocking se Ramkumar prajapati ke ghar tak C.C.,Works,Open Tender,Percentage,Civil Works - Others,No,No,NA ,11-Aug-2025 12:00 PM,NA ,90.0,No ,No,Offline,18-Aug-2025 02:30 PM,Panchayati Raj Department||Zila Panchayat Amethi,Amethi,227409.0,2.0,"8,67,785",Suresh Enterprises,"866,916.985",Rejected-Finance,17-Dec-2025,Panchayati Raj Department||Zila Panchayat Amethi
2025_UPIDC_1082163_3,01/EE/2025-26,Patch repairing of Ameena dy from Km. 0.500 to 3.000 and from km 4.000 to 7.000,Patch repairing of Ameena dy from Km. 0.500 to 3.000 and from km 4.000 to 7.000,Works,Open Tender,Item Rate,Civil Works - Roads,No,No,NA ,13-Oct-2025 10:00 AM,16-Oct-2025 11:00 AM ,90.0,No ,No,Online,21-Oct-2025 02:00 PM,"U P Irrigation Department (Civil)||Chief Engineer-Ram Ganga, Kanpur||Irrigation Works Circle, Kanpur||ID, kaushambhi",Kaushambi,212207.0,2.0,"13,55,000",M/S MILAN MACHINERY STORE,"797,531",Rejected-Technical,07-Nov-2025,"U P Irrigation Department (Civil)||Chief Engineer-Ram Ganga, Kanpur||Irrigation Works Circle, Kanpur||ID, kaushambhi"
2025_YEIDA_1072526_24,YEA/GM(PROJECT)/2025/417 DT-02/09/2025,"Providing and Laying water supply system in medical device park in sector - 28, YEA. WC-04","Providing and Laying water supply system in medical device park in sector - 28, YEA. WC-04",Works,Open Tender,Fixed-rate,Civil Works,No,No,NA ,11-Sep-2025 06:55 PM,NA ,90.0,No ,No,Online,25-Sep-2025 11:00 AM,Yamuna Expressway Industrial Development Authority,YAMUNA EXPRESSWAY INDUSTRIAL DEVELOPMENT AUTHORITY,201308.0,2.0,"2,84,47,823",A K GUPTA CONSTRUCTION CO,"21,907,668.73",Accepted-AOC,12-Nov-2025,Yamuna Expressway Industrial Development Authority
2025_UPIDC_1079274_6,01/EE/2025-26 DT. 26-09-2025,Silt clearance and Bed scrapping,"silt clearance in internal section from km 0.000 to km 14.000,km 15.000 to km 16.500 and bed scraping from km 14.000 to km 15.000 AND KM 16.500 TO KM 22.540 of Gauribazar Dy",Works,Open Tender,Item Rate,Civil Works - Canal,No,No,NA ,06-Oct-2025 10:00 AM,NA ,90.0,No ,No,Online,14-Oct-2025 02:00 PM,"U P Irrigation Department (Civil)||Chief Engineer-Gandak, Gorakhpur||Gandak IWC-1, Gorakhpur||ID-2, deoria",Gauribazar Dy,274001.0,2.0,"11,34,253",M/S AVADHESH SINGH THEKEDAR,"775,466.08",Rejected-Finance,02-Dec-2025,"U P Irrigation Department (Civil)||Chief Engineer-Gandak, Gorakhpur||Gandak IWC-1, Gorakhpur||ID-2, deoria"
2025_UPIDC_1093381_2,04 / EE / 2025-26,Renovation/ repairing on canal service road of Launda Mr,Renovation/ repairing on canal service road of Launda Mr from Km 0.000 to Km 0.800,Works,Open Tender,Item Rate,Civil Works,No,No,NA ,24-Nov-2025 12:00 PM,NA ,90.0,No ,No,Online,29-Nov-2025 03:00 PM,"U P Irrigation Department (Civil)||Chief Engineer-Sone, Varanasi||Irrigation Works Circle, Varansi||MDD, varanasi",Vill-Launda Po-Launda Chandauli,232104.0,2.0,"9,82,783",ARUN KUMAR PANDEY,"875,605.2",Rejected-AOC,05-Dec-2025,"U P Irrigation Department (Civil)||Chief Engineer-Sone, Varanasi||Irrigation Works Circle, Varansi||MDD, varanasi"
2025_YEIDA_1022885_2,YEA/GM(PROJECT)/2025/1027 DT-20/03/2025,"Providing and laying interlocking tiles brick and RCC drain in village karol banger ,YEIDA ,WC-06","Providing and laying interlocking tiles brick and RCC drain in village karol banger ,YEIDA ,WC-06",Works,Open Tender,Fixed-rate,Civil Works,No,No,NA ,27-Mar-2025 06:55 PM,NA ,90.0,No ,No,Online,11-Apr-2025 11:00 AM,Yamuna Expressway Industrial Development Authority,YAMUNA EXPRESSWAY INDUSTRIAL DEVELOPMENT AUTHORITY,201308.0,2.0,"79,53,548",IZNA ENGINEERS,"5,017,098.44",Accepted-AOC,29-May-2025,Yamuna Expressway Industrial Development Authority
2025_UPIDC_1079911_15,02/E.E/2025-26,Silt Clearance of Shamshabad Mr. from km. 0.00 to 9.650 for Year 2025-26,Silt Clearance of Shamshabad Mr. from km. 0.00 to 9.650 for Year 2025-26,Works,Open Tender,Item Rate,Civil Works - Canal,No,No,NA ,14-Oct-2025 02:00 PM,NA ,90.0,No ,No,Online,24-Oct-2025 12:00 PM,"U P Irrigation Department (Civil)||Chief Engineer-Ram Ganga, Kanpur||II Circle Irrigation Works, Kanpur||ID, farrukhabad",FARRUKHABAD,209625.0,2.0,,VIJAY CONSTRUCTION,"177,416.84",Rejected-Finance,30-Oct-2025,"U P Irrigation Department (Civil)||Chief Engineer-Ram Ganga, Kanpur||II Circle Irrigation Works, Kanpur||ID, farrukhabad"
2025_UPIDC_1085718_11,TN-06/EE/2025-26,TN-06/EE/2025-26 Rajwaha Luhari Ke Km 26.130 to Km 28.700 ke madhya nahar sewamarg ke navinikaran ka karya Lot No 11,Rajwaha Luhari Ke Km 26.130 to Km 28.700 ke madhya nahar sewamarg ke navinikaran ka karya,Works,Open Tender,Piece-work,Civil Works,No,No,AS PER TENDER NOTICE ,27-Oct-2025 11:00 AM,NA ,90.0,No ,No,Online,01-Nov-2025 02:00 PM,"U P Irrigation Department (Civil)||Chief Engineer-Ganga, Meerut||I- Circle Irrigation Works, Meerut||Muzaffar Nagar Division Ganga Canal,Muzaffar Nagar",AS PER TENDER NOTICE,251001.0,2.0,"18,72,000",K V CONSTRUCTIONS,"1,741,413.65",Accepted-AOC,10-Dec-2025,"U P Irrigation Department (Civil)||Chief Engineer-Ganga, Meerut||I- Circle Irrigation Works, Meerut||Muzaffar Nagar Division Ganga Canal,Muzaffar Nagar"
2025_YEIDA_1060688_7,YEA/OSD(M)/2025/279 DT-22/07/2025,"Providing street light at village Ajay nagar ,YEA","Providing street light at village Ajay nagar ,YEA",Works,Open Tender,Fixed-rate,Electrical Works,No,No,NA ,28-Jul-2025 06:55 PM,NA ,90.0,No ,No,Online,11-Aug-2025 11:00 AM,Yamuna Expressway Industrial Development Authority,YAMUNA EXPRESSWAY INDUSTRIAL DEVELOPMENT AUTHORITY,201310.0,2.0,"24,05,785",M/S NAV ENTERPRISES,"1,895,518",Accepted-AOC,22-Dec-2025,Yamuna Expressway Industrial Development Authority
2025_UPPRD_1065171_24,244/Nivida/ZP/2025-26 Date- 22-07-2025,Work No 24 primary vidyalay Dhoya se Chanderiya pull tak paech marammat,Work No 24 primary vidyalay Dhoya se Chanderiya pull tak paech marammat,Works,Open Tender,Percentage,Civil Works - Others,No,No,NA ,18-Aug-2025 12:00 PM,NA ,30.0,No ,No,Offline,25-Aug-2025 02:30 PM,Panchayati Raj Department||Zila Panchayat Amethi,Amethi,227409.0,2.0,"78,622",JITENDRA BAHADUR SINGH,"78,543.378",Rejected-Finance,26-Dec-2025,Panchayati Raj Department||Zila Panchayat Amethi
2025_UPIDC_1082147_2,03/EE/2025-26,SILT CLEARENCE OF SEMARIYA MR. 0.000 TO 2.150 AND CHAHLAR MR. 0.000 TO 2.950,SILT CLEARENCE OF SEMARIYA MR. 0.000 TO 2.150 AND CHAHLAR MR. 0.000 TO 2.950,Works,Open Tender,Item Rate,Civil Works - Canal,No,No,NA ,13-Oct-2025 09:00 AM,NA ,90.0,No ,No,Online,18-Oct-2025 04:30 PM,"U P Irrigation Department (Civil)||Chief Engineer-Saryu Project-1, Faizabad||Irrigation Construction Circle, Bahraich||SCD-1, bahraich",Bahraich,271801.0,2.0,"81,000",M/S PAVAN KUMAR SINGH,"77,455.83",Rejected-Finance,14-Nov-2025,"U P Irrigation Department (Civil)||Chief Engineer-Saryu Project-1, Faizabad||Irrigation Construction Circle, Bahraich||SCD-1, bahraich"
2025_UPPRD_1065171_18,244/Nivida/ZP/2025-26 Date- 22-07-2025,Work No 18 Gautampur me avashesh lepan marammat kary,Work No 18 Gautampur me avashesh lepan marammat kary,Works,Open Tender,Percentage,Civil Works - Others,No,No,NA ,18-Aug-2025 12:00 PM,NA ,30.0,No ,No,Offline,25-Aug-2025 02:30 PM,Panchayati Raj Department||Zila Panchayat Amethi,Amethi,227409.0,2.0,"10,08,079",BHARAT SINGH,"1,006,467.928",Accepted-AOC,26-Dec-2025,Panchayati Raj Department||Zila Panchayat Amethi
2025_UPPRD_1065171_19,244/Nivida/ZP/2025-26 Date- 22-07-2025,Work No 19 Gramsabha Khara Usar purva pakki sadak se Raja patri School tak lepan marammat kary,Work No 19 Gramsabha Khara Usar purva pakki sadak se Raja patri School tak lepan marammat kary,Works,Open Tender,Percentage,Civil Works - Others,No,No,NA ,18-Aug-2025 12:00 PM,NA ,30.0,No ,No,Offline,25-Aug-2025 02:30 PM,Panchayati Raj Department||Zila Panchayat Amethi,Amethi,227409.0,2.0,"8,44,683",M/S RUDRA CONSTRUCTIONS,"843,331.507",Rejected-Finance,26-Dec-2025,Panchayati Raj Department||Zila Panchayat Amethi
2025_UPTCL_1000850_1,60/ETC-II(P)/2024-2025,60/ETC-II(P)/2024-2025,60/ETC-II(P)/2024-2025,Works,Open Tender,Item Rate,Electrical Works,No,No,NA ,01-Feb-2025 09:00 AM,NA ,120.0,No ,No,Offline,07-Feb-2025 01:00 PM,UP Power Transmission Corp.Ltd (Operation)||Chief Engineer (TE) East Allahabad||S.E. ETC-II Allahabad,132 KV S/S SIRATHU,212217.0,2.0,"1,85,500",MAA BARAHI CONSTRUCTION,"117,160",Rejected-AOC,24-Dec-2025,UP Power Transmission Corp.Ltd (Operation)||Chief Engineer (TE) East Allahabad||S.E. ETC-II Allahabad
2025_UPRNS_1030166_1,01/E-TENDER/MEERUT-ZONE/25-26 DATED 15-04-2025,"PROPOSED CONSTRUCTION OF REMAINING BUILDING WORK AT I.T.I. NANENY, BEHAT DISTRICT- SAHARANPUR (U.P)","PROPOSED CONSTRUCTION OF REMAINING BUILDING WORK AT I.T.I. NANENY, BEHAT DISTRICT- SAHARANPUR (U.P)",Works,Open Tender,Percentage,Civil Works - Buildings,No,No,NA ,19-Apr-2025 04:30 PM,NA ,90.0,No ,No,Offline,02-May-2025 02:00 PM,Uttar Pradesh Rajya Nirman Sahkari Sangh Limited,NANENY BEHAT,247121.0,2.0,"4,29,11,385",M/S PRADEEP KUMAR CONTRACTOR,"42,821,271.48",Rejected-Finance,28-May-2025,Uttar Pradesh Rajya Nirman Sahkari Sangh Limited
2025_UPPRD_1065171_25,244/Nivida/ZP/2025-26 Date- 22-07-2025,Work No 25 Mdauli me thengaha Rajapur sampark marg se manikapur ki oor paech marammat,Work No 25 Mdauli me thengaha Rajapur sampark marg se manikapur ki oor paech marammat,Works,Open Tender,Percentage,Civil Works - Others,No,No,NA ,18-Aug-2025 12:00 PM,NA ,30.0,No ,No,Offline,25-Aug-2025 02:30 PM,Panchayati Raj Department||Zila Panchayat Amethi,Amethi,227409.0,2.0,"70,939",JITENDRA BAHADUR SINGH,"70,868.061",Rejected-Finance,26-Dec-2025,Panchayati Raj Department||Zila Panchayat Amethi
2025_YEIDA_1061572_14,YEA/GM(PROJECT)/2025/394 DT-29/07/2025,"Construction of c.c road from shivram sharma home to balaji mandir link road in village wailana ,YEA WC-06","Construction of c.c road from shivram sharma home to balaji mandir link road in village wailana ,YEA WC-06",Works,Open Tender,Fixed-rate,Civil Works,No,No,NA ,01-Aug-2025 06:34 PM,NA ,90.0,No ,No,Online,13-Aug-2025 11:00 AM,Yamuna Expressway Industrial Development Authority,YAMUNA EXPRESSWAY INDUSTRIAL DEVELOPMENT AUTHORITY,201308.0,2.0,"35,33,426",M/S STRONG FOUNDATION ASSOCAITES,"2,425,343.8",Rejected-Finance,18-Nov-2025,Yamuna Expressway Industrial Development Authority
2025_UPIDC_1085718_10,TN-06/EE/2025-26,TN-06/EE/2025-26 Rajwaha Bhaisani Ke Km 4.711 par isth chatigrasth pul ke punhanirman ka karya Lot No 10,Rajwaha Bhaisani Ke Km 4.711 par isth chatigrasth pul ke punhanirman ka karya,Works,Open Tender,Piece-work,Civil Works,No,No,AS PER TENDER NOTICE ,27-May-2026 06:52 PM,NA ,90.0,No ,No,Online,01-Nov-2025 02:00 PM,"U P Irrigation Department (Civil)||Chief Engineer-Ganga, Meerut||I- Circle Irrigation Works, Meerut||Muzaffar Nagar Division Ganga Canal,Muzaffar Nagar",AS PER TENDER NOTICE,251001.0,2.0,"16,21,000",VIKUL KUMAR,"1,395,540.7",Rejected-AOC,10-Dec-2025,"U P Irrigation Department (Civil)||Chief Engineer-Ganga, Meerut||I- Circle Irrigation Works, Meerut||Muzaffar Nagar Division Ganga Canal,Muzaffar Nagar"
2025_UPIDC_1079911_14,02/E.E/2025-26,Silt clearance of Lalai DY from km. 0.000 to 14.280 for year 2025-26,Silt clearance of Lalai DY from km. 0.000 to 14.280 for year 2025-26,Works,Open Tender,Item Rate,Civil Works - Canal,No,No,NA ,14-Oct-2025 02:00 PM,NA ,90.0,No ,No,Online,24-Oct-2025 12:00 PM,"U P Irrigation Department (Civil)||Chief Engineer-Ram Ganga, Kanpur||II Circle Irrigation Works, Kanpur||ID, farrukhabad",FARRUKHABAD,209625.0,2.0,,VIJAY CONSTRUCTION,"388,211.44",Rejected-Finance,28-Oct-2025,"U P Irrigation Department (Civil)||Chief Engineer-Ram Ganga, Kanpur||II Circle Irrigation Works, Kanpur||ID, farrukhabad"
2025_UPIDC_1079274_7,01/EE/2025-26 DT. 26-09-2025,Silt clearance and Bed scrapping,"silt clearance between km 0.000 to Km 24.00 and km 28.500 to Km 29.400 and Bed,side slope scraping of internal section from km 24.000 TO km 28.500 of Baitalpur Dy",Works,Open Tender,Item Rate,Civil Works - Canal,No,No,NA ,06-Oct-2025 10:00 AM,NA ,90.0,No ,No,Online,14-Oct-2025 02:00 PM,"U P Irrigation Department (Civil)||Chief Engineer-Gandak, Gorakhpur||Gandak IWC-1, Gorakhpur||ID-2, deoria",Baitalpur Dy,274001.0,2.0,"17,44,466",M/S AVADHESH SINGH THEKEDAR,"1,388,355.7",Accepted-AOC,02-Dec-2025,"U P Irrigation Department (Civil)||Chief Engineer-Gandak, Gorakhpur||Gandak IWC-1, Gorakhpur||ID-2, deoria"
2025_UPIDC_1079911_28,02/E.E/2025-26,Silt clearance of Allahpur minor from km 0.000 to 3.420 Ijor minor from km 0.00 to 3.220 and Ritaul minor from km 0.00 to 1.920 km for year 2025-26,Silt clearance of Allahpur minor from km 0.000 to 3.420 Ijor minor from km 0.00 to 3.220 and Ritaul minor from km 0.00 to 1.920 km for year 2025-26,Works,Open Tender,Item Rate,Civil Works - Canal,No,No,NA ,25-Oct-2025 11:00 AM,NA ,90.0,No ,No,Online,31-Oct-2025 12:00 PM,"U P Irrigation Department (Civil)||Chief Engineer-Ram Ganga, Kanpur||II Circle Irrigation Works, Kanpur||ID, farrukhabad",FARRUKHABAD,209625.0,2.0,,M/S EKTA CONSTRUCTION,"150,836.68",Accepted-AOC,12-Nov-2025,"U P Irrigation Department (Civil)||Chief Engineer-Ram Ganga, Kanpur||II Circle Irrigation Works, Kanpur||ID, farrukhabad"
2025_UPIDC_1082348_9,08/EE/2025-26,Silt Clearance of Gauriyakala Minor from Km. 0.000 to Km. 5.500 and Dularmau Minor from Km. 0.000 to Km. 0.700 for year 2025-26 (Rabi).,Silt Clearance of Gauriyakala Minor from Km. 0.000 to Km. 5.500 and Dularmau Minor from Km. 0.000 to Km. 0.700 for year 2025-26 (Rabi).,Works,Open Tender,Item Rate,Civil Works,No,No,NA ,28-Oct-2025 09:00 AM,NA ,90.0,No ,No,Online,03-Nov-2025 10:30 AM,"U P Irrigation Department (Civil)||Chief Engineer-Sharda Sahayak, Lucknow||VII Circle Irrigation Works, Lucknow||Lucknow Division Sharda Canal Lucknow",Gauriyakala minor and Dularmau minor,226102.0,2.0,"2,04,000",RAM NARESH,"190,837.2",Rejected-Finance,10-Nov-2025,"U P Irrigation Department (Civil)||Chief Engineer-Sharda Sahayak, Lucknow||VII Circle Irrigation Works, Lucknow||Lucknow Division Sharda Canal Lucknow"
2025_UPIDC_1082163_2,01/EE/2025-26,Patch repairing of Sarsawan Mr. from Km. 0.000 to 2.000,Patch repairing of Sarsawan Mr. from Km. 0.000 to 2.000,Works,Open Tender,Item Rate,Civil Works - Roads,No,No,NA ,13-Oct-2025 10:00 AM,16-Oct-2025 11:00 AM ,90.0,No ,No,Online,21-Oct-2025 02:00 PM,"U P Irrigation Department (Civil)||Chief Engineer-Ram Ganga, Kanpur||Irrigation Works Circle, Kanpur||ID, kaushambhi",Kaushambi,212207.0,2.0,"4,87,000",DIWAKAR SINGH CONTRACTOR,"294,518.9",Accepted-AOC,07-Nov-2025,"U P Irrigation Department (Civil)||Chief Engineer-Ram Ganga, Kanpur||Irrigation Works Circle, Kanpur||ID, kaushambhi"
2025_UPPRD_1064082_92,240/Nivida/ZP/2025-26 Date- 22-07-2025,Work No 92 Gramsabha mangra me mirjapur pitch road se eidgah tak eet- soling,Work No 92 Gramsabha mangra me mirjapur pitch road se eidgah tak eet- soling,Works,Open Tender,Percentage,Civil Works - Others,No,No,NA ,11-Aug-2025 12:00 PM,NA ,90.0,No ,No,Offline,18-Aug-2025 02:30 PM,Panchayati Raj Department||Zila Panchayat Amethi,Amethi,227409.0,2.0,"5,51,528",Suresh Enterprises,"550,976.432",Rejected-Finance,17-Dec-2025,Panchayati Raj Department||Zila Panchayat Amethi
2025_YEIDA_1072526_19,YEA/GM(PROJECT)/2025/417 DT-02/09/2025,"Providing and fixing new handpumpes Rebore and Repairing of existing handpump in 107 Villages/R,R(2025) of yeida WC-06","Providing and fixing new handpumpes Providing and fixing new handpumpes Providing and fixing new handpumpes Rebore and Repairing of existing handpump in 107 Villages/R,R(2025) of yeida WC-06",Works,Open Tender,Fixed-rate,Civil Works,No,No,NA ,10-Sep-2025 06:55 PM,NA ,90.0,No ,No,Online,26-Sep-2025 11:00 AM,Yamuna Expressway Industrial Development Authority,YAMUNA EXPRESSWAY INDUSTRIAL DEVELOPMENT AUTHORITY,201308.0,2.0,"1,67,21,665",M/S ANOOP SHARMA,"14,103,052.26",Accepted-AOC,06-Nov-2025,Yamuna Expressway Industrial Development Authority
2025_UPPRD_1064082_86,240/Nivida/ZP/2025-26 Date- 22-07-2025,Work No 86 Gramsabha Resi ke bandhava me interlocking road se nahar tak ewam gaon me C.C. kary,Work No 86 Gramsabha Resi ke bandhava me interlocking road se nahar tak ewam gaon me C.C. kary,Works,Open Tender,Percentage,Civil Works - Others,No,No,NA ,11-Aug-2025 12:00 PM,NA ,90.0,No ,No,Offline,18-Aug-2025 02:30 PM,Panchayati Raj Department||Zila Panchayat Amethi,Amethi,227409.0,2.0,"8,57,698",M/S Amit Construction,"857,612.21",Accepted-AOC,17-Dec-2025,Panchayati Raj Department||Zila Panchayat Amethi
2025_UPPRD_1064082_79,240/Nivida/ZP/2025-26 Date- 22-07-2025,Work No 79 Gram sabha mahona purav ke Shekhavapur me pitch road se gaon tak C.C. kary,Work No 79 Gram sabha mahona purav ke Shekhavapur me pitch road se gaon tak C.C. kary,Works,Open Tender,Percentage,Civil Works - Others,No,No,NA ,11-Aug-2025 12:00 PM,NA ,90.0,No ,No,Offline,18-Aug-2025 02:30 PM,Panchayati Raj Department||Zila Panchayat Amethi,Amethi,227409.0,2.0,"11,15,467",M/s KHURSHID CONSTRUCTION,"1,114,463.359",Accepted-AOC,16-Dec-2025,Panchayati Raj Department||Zila Panchayat Amethi
2025_UPPRD_1064082_159,240/Nivida/ZP/2025-26 Date- 22-07-2025,Work No 159 Gram sabha kharaye khema me sanjay gandhi Aspatal se munsiganj chaurahe tak nala nirmaan,Work No 159 Gram sabha kharaye khema me sanjay gandhi Aspatal se munsiganj chaurahe tak nala nirmaan,Works,Open Tender,Percentage,Civil Works - Others,No,No,NA ,11-Aug-2025 12:00 PM,NA ,90.0,No ,No,Offline,18-Aug-2025 02:30 PM,Panchayati Raj Department||Zila Panchayat Amethi,Amethi,227409.0,2.0,"31,13,111",M/S SATYAM TRADERS,"3,109,998.336",Rejected-Finance,26-Dec-2025,Panchayati Raj Department||Zila Panchayat Amethi
2025_UPIDC_1080758_6,03/EE/2025-26,Lot-07,Patching/Repairing of the canal service road from Km 3.000 to 9.820 of the Sikandarpur Canal,Works,Open Tender,Item Rate,Civil Works,No,No,NA ,08-Oct-2025 11:00 AM,NA ,90.0,No ,No,Online,13-Oct-2025 12:00 PM,"U P Irrigation Department (Civil)||Chief Engineer-Ram Ganga, Kanpur||Irrigation Works Circle, Kanpur||ID, kanpur",Irrigation Division Kanpur Dehat,209311.0,2.0,"31,52,000",ANSHU TRADERS,"1,620,427.25",Accepted-AOC,08-Dec-2025,"U P Irrigation Department (Civil)||Chief Engineer-Ram Ganga, Kanpur||Irrigation Works Circle, Kanpur||ID, kanpur"
2025_UPPRD_1064082_51,240/Nivida/ZP/2025-26 Date- 22-07-2025,Work No 51 Gramsabha Rtapur me singthi- Ratapur pitch marg par nahar pull se interlocking tak eet- soling,Work No 51 Gramsabha Rtapur me singthi- Ratapur pitch marg par nahar pull se interlocking tak eet- soling,Works,Open Tender,Percentage,Civil Works - Others,No,No,NA ,11-Aug-2025 12:00 PM,NA ,90.0,No ,No,Offline,18-Aug-2025 02:30 PM,Panchayati Raj Department||Zila Panchayat Amethi,Amethi,227409.0,2.0,"26,20,388",VINAY PRAKASH TRIPATHI,"2,617,506.163",Rejected-Finance,15-Dec-2025,Panchayati Raj Department||Zila Panchayat Amethi
2025_UPIDC_1081543_17,03/SE-6/2025-26,Lucknow shakha ke km 180.026 par puliya nav nirman ka karya,Lucknow shakha ke km 180.026 par puliya nav nirman ka karya,Works,Open Tender,Item Rate,Civil Works,No,No,NA ,10-Oct-2025 11:00 AM,13-Oct-2025 03:00 PM ,90.0,No ,No,Online,17-Oct-2025 03:00 PM,"U P Irrigation Department (Civil)||Chief Engineer-Sharda, Lucknow||VI Circle Irrigation Works, Lucknow",Lucknow,226010.0,2.0,"68,00,000",M/s Nav Bharat Construction,"4,871,486.452",Rejected-Finance,10-Dec-2025,"U P Irrigation Department (Civil)||Chief Engineer-Sharda, Lucknow||VI Circle Irrigation Works, Lucknow"
2025_UPPRD_1064082_165,240/Nivida/ZP/2025-26 Date- 22-07-2025,Work No 165 shahgarh bajar me nali nirmaan,Work No 165 shahgarh bajar me nali nirmaan,Works,Open Tender,Percentage,Civil Works - Others,No,No,NA ,11-Aug-2025 12:00 PM,NA ,90.0,No ,No,Offline,18-Aug-2025 02:30 PM,Panchayati Raj Department||Zila Panchayat Amethi,Amethi,227409.0,2.0,"13,31,257",M/S J.T.M ENTERPRISES,"1,329,925.431",Rejected-Finance,26-Dec-2025,Panchayati Raj Department||Zila Panchayat Amethi
2025_UPIDC_1080129_2,01/EE/LGC/FTP/2025-26,Rennovation of Painted Service Road Between Km 40.250 to km 41.850 of karari Raj.,Rennovation of Painted Service Road Between Km 40.250 to km 41.850 of karari Ra,Works,Open Tender,Item Rate,Civil Works - Canal,No,No,NA ,07-Oct-2025 10:00 AM,08-Oct-2025 11:00 AM ,30.0,No ,No,Online,13-Oct-2025 02:00 PM,"U P Irrigation Department (Civil)||Chief Engineer-Ram Ganga, Kanpur||Irrigation Works Circle, Kanpur||FDLGC, fatehpur",Fatehpur,212601.0,2.0,,M/S RAJIV SINGH,"1,293,840",Rejected-Finance,03-Nov-2025,"U P Irrigation Department (Civil)||Chief Engineer-Ram Ganga, Kanpur||Irrigation Works Circle, Kanpur||FDLGC, fatehpur"
2025_UPJVN_1084365_1,VST-14/EGD/MZN/2025-26,Stator Coil Repair of Machine no. 02 of CPH,"Supply and fitting of 10 Nos. Generator Stator Coils after removal of damaged stator coils in machine No. 02 of Chitaura Power Station under EGD, Muzaffarnagar",Works,Open Tender,Item Wise,Miscellaneous Works,No,No,NA ,21-Oct-2025 05:00 PM,NA ,180.0,No ,No,Offline,01-Nov-2025 12:00 PM,Uttar Pradesh Jal Vidyut Nigam Limited||Chief Engineer OM Lucknow||SE (Khara)||EE (EGD) Muzzafarnagar,Muzaffarnagar,251001.0,2.0,,J.J. CONSTRACTION,"313,100",Rejected-Finance,19-Dec-2025,Uttar Pradesh Jal Vidyut Nigam Limited||Chief Engineer OM Lucknow||SE (Khara)||EE (EGD) Muzzafarnagar
2025_UPIDC_1084062_2,08/SE/2025-26,C.C. Lining work from Km 0.000 to Km 1.500 of Mat Feeder.,C.C. Lining work from Km 0.000 to Km 1.500 of Mat Feeder.,Works,Open Tender,Item Wise,Civil Works,No,No,NA ,25-Oct-2025 09:00 AM,27-Oct-2025 01:00 PM ,90.0,No ,No,Online,31-Oct-2025 03:30 PM,"U P Irrigation Department (Civil)||Chief Engineer-Ganga, Meerut||Irrigation Works Circle, Mathura",KHURJA,203131.0,2.0,"5,59,00,000",M/S KOSHER CONSTRUCTION PVT. LTD.,"38,691,560",Rejected-Finance,20-Nov-2025,"U P Irrigation Department (Civil)||Chief Engineer-Ganga, Meerut||Irrigation Works Circle, Mathura"
2025_UPIDC_1086698_22,04/AE-IV/2025-26,"Earth Work in Silt Clearance/Scraping of Godhaura Mr. from Km. 0.000 to Km. 1.800, Itaura Mr. from Km. 0.000 to Km. 1.800, and Karisath Mr. from Km. 0.000 to Km. 2.500",Silt Clearance/Scraping,Works,Open Tender,Item Rate,Civil Works,No,No,NA ,30-Oct-2025 10:00 AM,NA ,90.0,No ,No,Online,07-Nov-2025 12:30 PM,"U P Irrigation Department (Civil)||Chief Engineer-Sharda Sahayak, Lucknow||XIV Circle Irrigation Works, Azamgarh||SSD-32, azamgarh",AZAMGARH,276001.0,2.0,"1,10,000",ANAND CONSTRUCTION,"63,189.92",Accepted-AOC,28-Nov-2025,"U P Irrigation Department (Civil)||Chief Engineer-Sharda Sahayak, Lucknow||XIV Circle Irrigation Works, Azamgarh||SSD-32, azamgarh"
2025_UPIDC_1079112_15,01/S.S.K-51/2025-26,CUTTING OF BERM IN INTERNAL SECTION AND STRENTHENING OF WEAK BANK OF RIGHT BANK BETWEEN KM 113.500 TO KM 114.600 OF JAUNPUR BRANCH,CUTTING OF BERM IN INTERNAL SECTION AND STRENTHENING OF WEAK BANK OF RIGHT BANK BETWEEN KM 113.500 TO KM 114.600 OF JAUNPUR BRANCH,Works,Open Tender,Item Rate,Civil Works,No,No,NA ,01-Oct-2025 01:00 PM,NA ,90.0,No ,No,Online,14-Oct-2025 01:00 PM,"U P Irrigation Department (Civil)||Chief Engineer-Sharda Sahayak, Lucknow||XVI Circle Irrigation Works, Pratapgargh||Sharda Sahayak Division 51 Pratapgarh",Pratapgarh,230001.0,2.0,"13,17,000",M/S G.S. CONSTRUCTION,"710,851.051",Rejected-Technical,21-Nov-2025,"U P Irrigation Department (Civil)||Chief Engineer-Sharda Sahayak, Lucknow||XVI Circle Irrigation Works, Pratapgargh||Sharda Sahayak Division 51 Pratapgarh"
2025_UPIDC_1086698_36,04/AE-IV/2025-26,Earth Work in Silt Clearance/Scraping of Idarishpur Mr. from Km. 0.000 to Km. 2.400 and Kharati Mr. from Km. 0.000 to Km. 2.200,Silt Clearance/Scraping,Works,Open Tender,Item Rate,Civil Works,No,No,NA ,13-Nov-2025 10:00 AM,NA ,90.0,No ,No,Online,19-Nov-2025 10:30 AM,"U P Irrigation Department (Civil)||Chief Engineer-Sharda Sahayak, Lucknow||XIV Circle Irrigation Works, Azamgarh||SSD-32, azamgarh",AZAMGARH,276001.0,2.0,"1,00,000",DEOMAN YADAV,"72,312.08",Not Admitted-Fee/PreQual/Technical,20-Dec-2025,"U P Irrigation Department (Civil)||Chief Engineer-Sharda Sahayak, Lucknow||XIV Circle Irrigation Works, Azamgarh||SSD-32, azamgarh"
2025_UPIDM_1078277_3,05/EE/MLCD/2025-26,Providing and Instalation of India Mark-II Hand Pump,Providing and Instalation of India Mark-II Hand Pump,Works,Open Tender,Piece-work,Civil Works,No,No,NA ,03-Oct-2025 02:00 PM,NA ,60.0,No ,No,Online,13-Oct-2025 03:00 PM,U P Irrigation Department (Mechanical)||Chief Engineer (Tubewell Varanasi)||Superintending Engineer (Tubewell) Allahabad||Executive Engineer MLCD Allahabad,Lakhanpur Pomp Canal,212306.0,2.0,"1,97,638",M/S PRAGATI ENTERPRISES,"147,500",Rejected-Technical,02-Dec-2025,U P Irrigation Department (Mechanical)||Chief Engineer (Tubewell Varanasi)||Superintending Engineer (Tubewell) Allahabad||Executive Engineer MLCD Allahabad
2025_UPIDC_1084300_1,06/SE/2025-26,Capacity restoration work from Km 4.350 to Km 36.000 of Agra Main Canal,Capacity restoration work from Km 4.350 to Km 36.000 of Agra Main Canal,Works,Open Tender,Item Rate,Civil Works,No,No,NA ,21-Oct-2025 11:00 AM,25-Oct-2025 01:00 PM ,90.0,No ,No,Online,29-Oct-2025 03:00 PM,U P Irrigation Department (Civil)||Chief Engineer ( Yamuna) Okhla||S E Irrigation Works Circle III Agra,Haryana,121102.0,2.0,"5,50,15,000",M/S VAISHNAVI CONSTRUCTION COMPANY,"28,262,417.88",Rejected-Finance,15-Dec-2025,U P Irrigation Department (Civil)||Chief Engineer ( Yamuna) Okhla||S E Irrigation Works Circle III Agra
2025_UPPRD_1073328_34,875/Nivida/ZP/2025-26 Date- 10-09-2025,Work No 34 Gram panchayat Jakha shivpur me poore nirmit nali se nala tak nali nirmaan,Work No 34 Gram panchayat Jakha shivpur me poore nirmit nali se nala tak nali nirmaan,Works,Open Tender,Percentage,Civil Works - Others,No,No,NA ,12-Sep-2025 12:00 PM,NA ,30.0,No ,No,Offline,17-Sep-2025 01:00 PM,Panchayati Raj Department||Zila Panchayat Amethi,Amethi,227409.0,2.0,"12,43,287",RAJENDRA PRASAD SHUKLA,"1,241,919.165",Rejected-Finance,30-Dec-2025,Panchayati Raj Department||Zila Panchayat Amethi
2025_UPIDC_1082813_8,03/EE/2025-26,AS PER TENDER NOTICE-03 LOT 08,SILT CLEARENCE/SCRAPING OF KAKRI DY. FROM KM. 0.000 TO KM. 4.555 FOR THE YEAR 2025-26,Works,Open Tender,Item Rate,Civil Works - Canal,No,No,NA ,16-Oct-2025 11:00 AM,NA ,90.0,No ,No,Online,06-Nov-2025 03:00 PM,"U P Irrigation Department (Civil)||Chief Engineer-Sharda Sahayak, Lucknow||VII Circle Irrigation Works, Lucknow||EE SSK Division-28 Haidergarh",Haidergarh,225124.0,2.0,,R B KARAN SINGH,"159,195.89",Rejected-Finance,15-Nov-2025,"U P Irrigation Department (Civil)||Chief Engineer-Sharda Sahayak, Lucknow||VII Circle Irrigation Works, Lucknow||EE SSK Division-28 Haidergarh"
2025_UPIDC_1082826_1,02/EE/2025-26 Lat 1,SILT CLEARANCE OF SAHNA DY FROM KM. 0.000 TO KM. 4.000 AND SCRAPING FROM KM 4.000 TO 7.200,SILT CLEARANCE OF SAHNA DY FROM KM. 0.000 TO KM. 4.000 AND SCRAPING FROM KM 4.000 TO 7.200,Works,Open Tender,Item Rate,Civil Works,No,No,NA ,18-Oct-2025 11:00 AM,NA ,90.0,No ,No,Online,30-Oct-2025 02:00 PM,"U P Irrigation Department (Civil)||Chief Engineer-Sharda Sahayak, Lucknow||XIV Circle Irrigation Works, Azamgarh||SSD - 36 Jaunpur",EXECUTIVE ENGINEER SSK 36 JAUNPUR,222002.0,2.0,"3,61,000",RAMYASH YADAV,"205,751",Rejected-Finance,02-Dec-2025,"U P Irrigation Department (Civil)||Chief Engineer-Sharda Sahayak, Lucknow||XIV Circle Irrigation Works, Azamgarh||SSD - 36 Jaunpur"
2025_UPPRD_1073328_20,875/Nivida/ZP/2025-26 Date- 10-09-2025,Work No 20 Gram panchayat Loharta pakki sadak se chaturbhujpur minar patri par dan bahadur ke nalkoop tak lepan,Work No 20 Gram panchayat Loharta pakki sadak se chaturbhujpur minar patri par dan bahadur ke nalkoop tak lepan,Works,Open Tender,Percentage,Civil Works - Others,No,No,NA ,12-Sep-2025 12:00 PM,NA ,30.0,No ,No,Offline,17-Sep-2025 01:00 PM,Panchayati Raj Department||Zila Panchayat Amethi,Amethi,227409.0,2.0,"20,65,869",RAGHUVENDRA PRATAP SINGH,"2,063,802.941",Rejected-Finance,30-Dec-2025,Panchayati Raj Department||Zila Panchayat Amethi
2025_UPIDM_1082864_1,04/WM/2025-2026,"Dismantling of Old Roller Track S.S. Plate and Fabrication, Erection of new Roller Track S.S. Plate for Okhla Barrage","Dismantling of Old Roller Track S.S. Plate and Fabrication, Erection of new Roller Track S.S. Plate for Okhla Barrage",Works,Open Tender,Item Rate,Miscellaneous Works,No,No,NA ,16-Oct-2025 10:00 AM,NA ,90.0,No ,No,Online,27-Oct-2025 11:00 AM,U P Irrigation Department (Mechanical)||Central Equipment and Stores Procurement||S E Irrigation Workshop Circle - I Kanpur||W M Irrigation Workshop Division - Jhansi,Okhla Barrage,110076.0,2.0,,SHIV RAM ENTERPRISES,"1,996,000",Accepted-AOC,19-Dec-2025,U P Irrigation Department (Mechanical)||Central Equipment and Stores Procurement||S E Irrigation Workshop Circle - I Kanpur||W M Irrigation Workshop Division - Jhansi
2025_UPIDC_1078704_3,TN-05/EE/2025-26,TN-05/EE/22025-26 Rajwaha Bastam ke Km 5.370 to Km 6.340 ke madhya nahar sewamarg ke navinikaran ka karya Lot No-03,Rajwaha Bastam ke Km 5.370 to Km 6.340 ke madhya nahar sewamarg ke navinikaran ka karya Lot No-03,Works,Open Tender,Item Wise,Civil Works,No,No,as per tender notice ,30-Sep-2025 11:00 AM,NA ,90.0,No ,No,Online,06-Oct-2025 03:00 PM,"U P Irrigation Department (Civil)||Chief Engineer-Ganga, Meerut||I- Circle Irrigation Works, Meerut||Muzaffar Nagar Division Ganga Canal,Muzaffar Nagar",Muzaffarnagar,251001.0,2.0,"12,70,000",M/S PRAMOD KUMAR CONTRACTOR,"1,264,007",Accepted-AOC,25-Dec-2025,"U P Irrigation Department (Civil)||Chief Engineer-Ganga, Meerut||I- Circle Irrigation Works, Meerut||Muzaffar Nagar Division Ganga Canal,Muzaffar Nagar"
2025_UPIDC_1079418_6,02/EE/2025-26,enewal of Painted Service Road from Km. 10.000 to Km. 11.000 of Gambhirwa Minor,enewal of Painted Service Road from Km. 10.000 to Km. 11.000 of Gambhirwa Minor,Works,Open Tender,Item Rate,Civil Works - Canal,No,No,NA ,07-Nov-2025 04:30 PM,NA ,90.0,No ,No,Online,13-Nov-2025 03:00 PM,"U P Irrigation Department (Civil)||Chief Engineer-Saryu Project-1, Faizabad||Irrigation Construction Circle, Bahraich||SCD-1, bahraich",Bahraich,271801.0,2.0,"15,12,000",MAHAVEER TRADERS,"1,499,772.01",Rejected-Technical,26-Nov-2025,"U P Irrigation Department (Civil)||Chief Engineer-Saryu Project-1, Faizabad||Irrigation Construction Circle, Bahraich||SCD-1, bahraich"
2025_UPIDC_1079102_10,01/EE/2025-26,Silt Clearance and Scrapping from Km. 0.000 to Km. 4.800 of Sirsiya Minor,Silt Clearance and Scrapping from Km. 0.000 to Km. 4.800 of Sirsiya Minor,Works,Open Tender,Item Rate,Civil Works - Canal,No,No,NA ,03-Oct-2025 10:00 AM,NA ,90.0,No ,No,Online,11-Oct-2025 11:00 AM,"U P Irrigation Department (Civil)||Chief Engineer-Saryu Project-2, Gonda||Irrigation Construction Circle, Basti||SCD-I, gorakhpur",Gorakhpur,273001.0,2.0,"1,46,000",M/S J. D. Enterprises,"109,669.19",Rejected-Finance,17-Nov-2025,"U P Irrigation Department (Civil)||Chief Engineer-Saryu Project-2, Gonda||Irrigation Construction Circle, Basti||SCD-I, gorakhpur"
2025_UPIDC_1083393_12,01/EE/2025-26,Scraping of internal Section of Sohna Minor from km. 0.000 to km. 5.700,Scraping of internal Section of Sohna Minor from km. 0.000 to km. 5.700,Works,Open Tender,Item Rate,Civil Works - Canal,No,No,NA ,18-Oct-2025 10:00 AM,NA ,90.0,No ,No,Online,28-Oct-2025 03:00 PM,"U P Irrigation Department (Civil)||Chief Engineer-Saryu Project-2, Gonda||Drainage Cirlce, Gonda||SCD-3 Gonda",Siddharthnagar,272153.0,2.0,"88,000",M/S SHIV JI INTERPRISES,"65,430.4",Rejected-Finance,15-Nov-2025,"U P Irrigation Department (Civil)||Chief Engineer-Saryu Project-2, Gonda||Drainage Cirlce, Gonda||SCD-3 Gonda"
2025_UPIDC_1081481_20,01/EE/2025-26,Silt Clearance/Scraping between Km. 0.000 to Km 4.200 of Baishdeeh Minor.,Silt Clearance/Scraping between Km. 0.000 to Km 4.200 of Baishdeeh Minor.,Works,Open Tender,Item Rate,Civil Works - Canal,No,No,NA ,19-Nov-2025 04:30 PM,NA ,90.0,No ,No,Online,25-Nov-2025 01:00 PM,"U P Irrigation Department (Civil)||Chief Engineer-Saryu Project-2, Gonda||Drainage Cirlce, Gonda||SCD-4 Balrampur",Balrampur,271201.0,2.0,"1,08,000",J P TRADERS,"75,862.5",Accepted-AOC,06-Dec-2025,"U P Irrigation Department (Civil)||Chief Engineer-Saryu Project-2, Gonda||Drainage Cirlce, Gonda||SCD-4 Balrampur"
2025_UPPRD_1064082_89,240/Nivida/ZP/2025-26 Date- 22-07-2025,Work No 89 Gram panchayat Gorakhapur me Amethi Kithawar pitch marg se Bhemaura gao ki oor C.C.,Work No 89 Gram panchayat Gorakhapur me Amethi Kithawar pitch marg se Bhemaura gao ki oor C.C.,Works,Open Tender,Percentage,Civil Works - Others,No,No,NA ,11-Aug-2025 12:00 PM,NA ,90.0,No ,No,Offline,18-Aug-2025 02:30 PM,Panchayati Raj Department||Zila Panchayat Amethi,Amethi,227409.0,2.0,"11,80,736",VASHISHTH READYMADE AND ELECTRONICES,"3,193,154.39",Rejected-Finance,22-Dec-2025,Panchayati Raj Department||Zila Panchayat Amethi
2025_UPPAN_1087432_1,"3323/PAN/ET/25-26, DT. 31-10-2025",CONSTRUCTION OF CO RESIDENCE AT DHANAURA DISTT AMROHA U.P.,CONSTRUCTION OF CO RESIDENCE AT DHANAURA DISTT AMROHA U.P.,Works,Open Tender,Percentage,Civil Works,No,No,NA ,31-Oct-2025 01:00 PM,NA ,90.0,No ,No,Online,18-Nov-2025 11:30 AM,UP Police Awas Nigam Limited||UP Police Awas Nigam Ltd HQ Lucknow,DHANAURA DISTT AMROHA U.P.,244231.0,2.0,"92,95,000",M/s Riyaz Ahmad Contractor,"9,243,877",Rejected-Finance,09-Dec-2025,UP Police Awas Nigam Limited||UP Police Awas Nigam Ltd HQ Lucknow
2025_UPIDC_1083449_1,02/EE/2025-26 Lot 30,Scrapping of Dharauli Dy. from Km 9.560 to Km 30.015,Scrapping of Dharauli Dy. from Km 9.560 to Km 30.015,Works,Open Tender,Item Rate,Civil Works,No,No,NA ,18-Oct-2025 11:00 AM,NA ,90.0,No ,No,Online,30-Oct-2025 02:00 PM,"U P Irrigation Department (Civil)||Chief Engineer-Sharda Sahayak, Lucknow||XIV Circle Irrigation Works, Azamgarh||SSD - 36 Jaunpur",EXECUTIVE ENGINEER SSK 36 JAUNPUR,222002.0,2.0,"8,78,000",VINOD CONSTRUCTION,"732,329.81",Rejected-Finance,01-Dec-2025,"U P Irrigation Department (Civil)||Chief Engineer-Sharda Sahayak, Lucknow||XIV Circle Irrigation Works, Azamgarh||SSD - 36 Jaunpur"
2025_UPIDC_1083668_57,01/EE/2025-26,Silt Clearance/Scraping work of Bakharkotwa Mr. (km 0.00 to 5.610),Silt Clearance/Scraping work of Bakharkotwa Mr. (km 0.00 to 5.610),Works,Open Tender,Item Rate,Civil Works - Canal,No,No,NA ,07-Nov-2025 10:00 AM,NA ,90.0,No ,No,Online,14-Nov-2025 03:00 PM,"U P Irrigation Department (Civil)||Chief Engineer-Saryu Project-2, Gonda||Drainage Cirlce, Gonda||EE Chitaurgarh Dam Construction Division Balrampur",Tulsipur Balrampur,271210.0,2.0,"1,49,000",ITI CONSTRUCTION,"145,447",Accepted-AOC,06-Dec-2025,"U P Irrigation Department (Civil)||Chief Engineer-Saryu Project-2, Gonda||Drainage Cirlce, Gonda||EE Chitaurgarh Dam Construction Division Balrampur"
2025_UPIDC_1083775_12,03/EE/2025-26,Scraping Of Bed and side slope with jungle clearance of Piprahata mr First from km 0.000 to 1.635 and Piprahata Mr second From km 0.000 to 1.700 and Osa Mr from km 0.000 to 3.400 Bairi Mr From km 0.000 to 1.900,Scraping Of Bed and side slope with jungle clearance of Piprahata mr First from km 0.000 to 1.635 and Piprahata Mr second From km 0.000 to 1.700 and Osa Mr from km 0.000 to 3.400 Bairi Mr From km 0.000 to 1.900,Works,Open Tender,Item Rate,Civil Works - Canal,No,No,NA ,18-Oct-2025 12:00 PM,NA ,90.0,No ,No,Online,28-Oct-2025 11:00 AM,"U P Irrigation Department (Civil)||Chief Engineer-Sone, Varanasi||Irrigation Works Circle, Allahabad||TPCD, allahabad",PRAYAGRAJ,211001.0,2.0,"2,07,000",SARVESH KUMAR,"187,219.95",Rejected-AOC,26-Dec-2025,"U P Irrigation Department (Civil)||Chief Engineer-Sone, Varanasi||Irrigation Works Circle, Allahabad||TPCD, allahabad"
2025_UPIDC_1079237_39,03/EEAID/2025-26,LOT 01 SILT CLEARANCE OF SUPPLY CHANNEL BETWEEN KM 0.00 TO 4.800 IN DISTT. BIJNOR FOR RABI 1433-F-YEAR 2025-26,LOT 01 SILT CLEARANCE OF SUPPLY CHANNEL BETWEEN KM 0.00 TO 4.800 IN DISTT. BIJNOR FOR RABI 1433-F-YEAR 2025-26,Works,Open Tender,Item Rate,Civil Works,No,No,NA ,10-Oct-2025 11:00 AM,NA ,90.0,No ,No,Online,15-Oct-2025 11:30 AM,"U P Irrigation Department (Civil)||Chief Engineer-Eastern Ganga, Moradabad||Irrigation Works Circle, Moradabad||AID, dhampur",DHAMPUR,246761.0,2.0,"2,44,000",M/S J S CONSTRUCTION,"242,998.7",Accepted-AOC,03-Nov-2025,"U P Irrigation Department (Civil)||Chief Engineer-Eastern Ganga, Moradabad||Irrigation Works Circle, Moradabad||AID, dhampur"
2025_UPPRD_1073328_2,875/Nivida/ZP/2025-26 Date- 10-09-2025,Work No 2 Gramsabha Jalalpur tiwari me vishwakarma mandir se railway line ke pass se goan ki taraf lepan marammat o C.C.,Work No 2 Gramsabha Jalalpur tiwari me vishwakarma mandir se railway line ke pass se goan ki taraf lepan marammat o C.C.,Works,Open Tender,Percentage,Civil Works - Others,No,No,NA ,12-Sep-2025 12:00 PM,NA ,30.0,No ,No,Offline,17-Sep-2025 01:00 PM,Panchayati Raj Department||Zila Panchayat Amethi,Amethi,227409.0,2.0,"24,81,678",M/S ASHUTOSH TRADERS,"2,480,436.985",Accepted-AOC,15-Dec-2025,Panchayati Raj Department||Zila Panchayat Amethi
2025_UPIDC_1083393_10,01/EE/2025-26,Scraping of internal Section of Domsara Minor from km. 0.000 to km. 5.000,Scraping of internal Section of Domsara Minor from km. 0.000 to km. 5.000,Works,Open Tender,Item Rate,Civil Works - Canal,No,No,NA ,18-Oct-2025 10:00 AM,NA ,90.0,No ,No,Online,28-Oct-2025 03:00 PM,"U P Irrigation Department (Civil)||Chief Engineer-Saryu Project-2, Gonda||Drainage Cirlce, Gonda||SCD-3 Gonda",Siddharthnagar,272153.0,2.0,"76,000",M/S SHIV JI INTERPRISES,"51,977.6",Rejected-Finance,15-Dec-2025,"U P Irrigation Department (Civil)||Chief Engineer-Saryu Project-2, Gonda||Drainage Cirlce, Gonda||SCD-3 Gonda"
2025_UPIDC_1083668_41,01/EE/2025-26,Silt Clearance/Scraping work of Shankarnagar Mr. (km 0.00 to 5.200),Silt Clearance/Scraping work of Shankarnagar Mr. (km 0.00 to 5.200),Works,Open Tender,Item Rate,Civil Works - Canal,No,No,NA ,18-Oct-2025 10:00 AM,NA ,90.0,No ,No,Online,30-Oct-2025 04:00 PM,"U P Irrigation Department (Civil)||Chief Engineer-Saryu Project-2, Gonda||Drainage Cirlce, Gonda||EE Chitaurgarh Dam Construction Division Balrampur",Tulsipur Balrampur,271210.0,2.0,"1,52,000",M/S ANAND KUMAR,"151,266.83",Accepted-AOC,05-Dec-2025,"U P Irrigation Department (Civil)||Chief Engineer-Saryu Project-2, Gonda||Drainage Cirlce, Gonda||EE Chitaurgarh Dam Construction Division Balrampur"
2025_UPIDC_1083668_55,01/EE/2025-26,Silt Clearance/Scraping work of Amwa Minor (km 0.00 to 2.200),Silt Clearance/Scraping work of Amwa Minor (km 0.00 to 2.200),Works,Open Tender,Item Rate,Civil Works - Canal,No,No,NA ,07-Nov-2025 10:00 AM,NA ,90.0,No ,No,Online,14-Nov-2025 03:00 PM,"U P Irrigation Department (Civil)||Chief Engineer-Saryu Project-2, Gonda||Drainage Cirlce, Gonda||EE Chitaurgarh Dam Construction Division Balrampur",Tulsipur Balrampur,271210.0,2.0,"67,000",RAMTIRATH MISHRA (RAMTIRATH MISHRA CONTRACTOR),"66,639.56",Rejected-Finance,06-Dec-2025,"U P Irrigation Department (Civil)||Chief Engineer-Saryu Project-2, Gonda||Drainage Cirlce, Gonda||EE Chitaurgarh Dam Construction Division Balrampur"
2025_UPIDC_1087074_1,07/SE/2025-26,Renovation work of the left side service road of the canal from Km 86.400 to Km 92.000 of Fatehpur Sikri branch,Renovation work of the left side service road of the canal from Km 86.400 to Km 92.000 of Fatehpur Sikri branch,Works,Open Tender,Item Rate,Civil Works,No,No,NA ,04-Nov-2025 11:00 AM,07-Nov-2025 01:00 PM ,90.0,No ,No,Online,11-Nov-2025 03:00 PM,U P Irrigation Department (Civil)||Chief Engineer ( Yamuna) Okhla||S E Irrigation Works Circle III Agra,Fatehpur Sikri,283110.0,2.0,"78,91,000",M/S CHAUDHARY ENTERPRISES,"5,104,500",Rejected-Finance,03-Dec-2025,U P Irrigation Department (Civil)||Chief Engineer ( Yamuna) Okhla||S E Irrigation Works Circle III Agra
2025_YEIDA_1062773_19,YEA/GM(PROJECT)/2025/397 DT-01/08/2025,"C/o Main Carriageway (both side ) of 100mtr wide road between Sec-21 and 34,35 yea (including 5 year Maintenance) WC-02","C/o Main Carriageway (both side ) of 100mtr wide road between Sec-21 and 34,35 yea (including 5 year Maintenance) WC-02",Works,Open Tender,Fixed-rate,Civil Works,No,No,NA ,06-Aug-2025 06:55 PM,NA ,90.0,No ,No,Online,21-Aug-2025 11:00 AM,Yamuna Expressway Industrial Development Authority,YAMUNA EXPRESSWAY INDUSTRIAL DEVELOPMENT AUTHORITY,201308.0,2.0,"20,23,48,692",Priya Construction,"160,867,210.77",Rejected-Finance,17-Oct-2025,Yamuna Expressway Industrial Development Authority
2025_UPIDC_1080133_14,03/EE/IDK/2025-26,Naveenikaran karya of Khetupura Dy canal service road from Km 6.515 to 8.240 for the year 2025-26,Naveenikaran karya of Khetupura Dy canal service road from Km 6.515 to 8.240 for the year 2025-26,Works,Open Tender,Item Wise,Civil Works - Roads,No,No,NA ,06-Oct-2025 10:00 AM,NA ,90.0,No ,No,Online,17-Oct-2025 03:00 PM,"U P Irrigation Department (Civil)||Chief Engineer-Ram Ganga, Kanpur||Irrigation Works Circle, Aligarh||Irrigation Division Kasganj",kasganj,207123.0,2.0,"24,00,000",M/s Hanu Infrastructure Pvt Ltd,"1,648,647.175",Accepted-AOC,08-Dec-2025,"U P Irrigation Department (Civil)||Chief Engineer-Ram Ganga, Kanpur||Irrigation Works Circle, Aligarh||Irrigation Division Kasganj"
2025_UPPRD_1073328_36,875/Nivida/ZP/2025-26 Date- 10-09-2025,Work No 36 Gramsabha Chhitepur me sastrinagar se padarath ke talab tak nali nirmaan,Work No 36 Gramsabha Chhitepur me sastrinagar se padarath ke talab tak nali nirmaan,Works,Open Tender,Percentage,Civil Works - Others,No,No,NA ,12-Sep-2025 12:00 PM,NA ,30.0,No ,No,Offline,17-Sep-2025 01:00 PM,Panchayati Raj Department||Zila Panchayat Amethi,Amethi,227409.0,2.0,"24,86,153",M/S PIYUSH TRADERS,"2,484,909.759",Rejected-Finance,30-Dec-2025,Panchayati Raj Department||Zila Panchayat Amethi
2025_UPPRD_1073328_22,875/Nivida/ZP/2025-26 Date- 10-09-2025,Work No 22 Gramsabha Rohsi khurd pakki sadak se ganga baksh singh ke ghar hote hue shiv bhole ke ghar ke aage tak lepan,Work No 22 Gramsabha Rohsi khurd pakki sadak se ganga baksh singh ke ghar hote hue shiv bhole ke ghar ke aage tak lepan,Works,Open Tender,Percentage,Civil Works - Others,No,No,NA ,12-Sep-2025 12:00 PM,NA ,30.0,No ,No,Offline,17-Sep-2025 01:00 PM,Panchayati Raj Department||Zila Panchayat Amethi,Amethi,227409.0,2.0,"31,12,682",SHREE BAJRANG DEV INFRASTRUCTURE,"3,109,258.409",Rejected-Finance,30-Dec-2025,Panchayati Raj Department||Zila Panchayat Amethi
2025_UPJNM_1079675_1,465/Nivida/30,"Comprehensive Operation and Maintenance, Supply of Consumables and other appurtenant works along with clear water feeder main of 100 MLD Water Treatment Plant Located at Bhola ki Jhal, Meerut","Comprehensive Operation and Maintenance, Supply of Consumables and other appurtenant works along with clear water feeder main of 100 MLD Water Treatment Plant Located at Bhola ki Jhal, Meerut",Works,Open Tender,Percentage,Water Supply,No,No,NA ,03-Oct-2025 05:00 PM,NA ,120.0,No ,No,Offline,18-Oct-2025 01:00 PM,"U P Jal Nigam (HQ), Lucknow||Chief Engineer (Ghaziabad)||SE, Yantrik Circle, Ghaziabad",Meerut,250001.0,2.0,"2,86,18,000",BIG BLOCKS INFRASTRUCTURE,"28,274,584",Accepted-AOC,04-Dec-2025,"U P Jal Nigam (HQ), Lucknow||Chief Engineer (Ghaziabad)||SE, Yantrik Circle, Ghaziabad"
2025_UPIDC_1082971_22,05/EE/2025-26,Clearance of Internal section of Tikrohi Minor from Km.0.000 to Km. 3.200 in District Prayagraj,Clearance of Internal section of Tikrohi Minor from Km.0.000 to Km. 3.200 in District Prayagraj,Works,Open Tender,Item Wise,Civil Works - Canal,No,No,NA ,18-Oct-2025 11:30 AM,NA ,90.0,No ,No,Online,30-Oct-2025 02:00 PM,"U P Irrigation Department (Civil)||Chief Engineer-Sone, Varanasi||Irrigation Works Circle, Allahabad||BCD, allahabad",Bara Tehshil,212107.0,2.0,"95,000",J.S. CONSTRUCTION,"93,056",Accepted-AOC,11-Dec-2025,"U P Irrigation Department (Civil)||Chief Engineer-Sone, Varanasi||Irrigation Works Circle, Allahabad||BCD, allahabad"
2025_UPIDC_1085688_11,02/EE/2025-26,Earth work in silt clearance of DHAULI Mr. form km 0.000 km 7.400,Earth work in silt clearance of DHAULI Mr. form km 0.000 km 7.400,Works,Open Tender,Item Rate,Civil Works - Canal,No,No,NA ,06-Nov-2025 10:00 AM,NA ,90.0,No ,No,Online,12-Nov-2025 03:00 PM,"U P Irrigation Department (Civil)||Chief Engineer-Saryu Project-2, Gonda||Drainage Cirlce, Gonda||SCD-1 Balrampur",Bahraich,271801.0,2.0,"1,93,000",SHRI KRISHNA SHUKLA,"191,224.37",Rejected-AOC,11-Dec-2025,"U P Irrigation Department (Civil)||Chief Engineer-Saryu Project-2, Gonda||Drainage Cirlce, Gonda||SCD-1 Balrampur"
2025_UPIDC_1082971_36,05/EE/2025-26,Jungle Clearance and scraping in Internal section of Bhariwar Minor from km 0.000 to 5.600 in District Prayagraj,Jungle Clearance and scraping in Internal section of Bhariwar Minor from km 0.000 to 5.600 in District Prayagraj,Works,Open Tender,Item Wise,Civil Works - Canal,No,No,NA ,18-Nov-2025 10:30 AM,NA ,90.0,No ,No,Online,24-Nov-2025 02:30 PM,"U P Irrigation Department (Civil)||Chief Engineer-Sone, Varanasi||Irrigation Works Circle, Allahabad||BCD, allahabad",Bara Tehshil,212107.0,2.0,"1,69,000",M/s A Singh construction Co.,"91,840.4",Accepted-AOC,11-Dec-2025,"U P Irrigation Department (Civil)||Chief Engineer-Sone, Varanasi||Irrigation Works Circle, Allahabad||BCD, allahabad"
2025_UPIDC_1088751_1,05/EE/SSK41/2025-26,SILT CLEARANCE OF INHUANA DY FROM KM 10.800 TO KM 19.959,SILT CLEARANCE OF INHUANA DY FROM KM 10.800 TO KM 19.959,Works,Open Tender,Item Rate,Civil Works - Canal,No,No,NA ,07-Nov-2025 10:00 AM,NA ,90.0,No ,No,Online,14-Nov-2025 11:00 AM,"U P Irrigation Department (Civil)||Chief Engineer-Sharda Sahayak, Lucknow||XVI Circle Irrigation Works, Pratapgargh||Sharda Sahayak Division 41 Amethi",Amethi,227409.0,2.0,"11,54,000",ALTRA CONST ASSOCIATES,"784,465.68",Accepted-AOC,22-Nov-2025,"U P Irrigation Department (Civil)||Chief Engineer-Sharda Sahayak, Lucknow||XVI Circle Irrigation Works, Pratapgargh||Sharda Sahayak Division 41 Amethi"
2025_YEIDA_1076898_1,YEA/GM(PROJECT)/2025/424 DT-19/09/2025,"Providing and fixing of Signage Board at Yamuna Expressway at Different location for Noida International Airport, YEIDA,WC-01","Providing and fixing of Signage Board at Yamuna Expressway at Different location for Noida International Airport, YEIDA,WC-01",Works,Open Tender,Fixed-rate,Civil Works,No,No,NA ,24-Sep-2025 06:55 PM,NA ,90.0,No ,No,Online,06-Oct-2025 11:00 AM,Yamuna Expressway Industrial Development Authority,YAMUNA EXPRESSWAY INDUSTRIAL DEVELOPMENT AUTHORITY,201308.0,2.0,"1,22,10,519",Anil Engineering Works,"8,289,721.6",Rejected-Finance,29-Oct-2025,Yamuna Expressway Industrial Development Authority
2025_UPIDC_1082729_2,01/E.E/2025-26,silt clearance of jarari dy from km 0.000 to 16.800,ilt clearance of jarari dy from km 0.000 to 16.800,Works,Open Tender,Item Rate,Civil Works - Canal,No,No,NA ,15-Oct-2025 10:00 AM,NA ,90.0,No ,No,Online,24-Oct-2025 10:00 AM,"U P Irrigation Department (Civil)||Chief Engineer-Ram Ganga, Kanpur||II Circle Irrigation Works, Kanpur||MDLGC, mainpuri",mainpuri,205001.0,2.0,"6,77,000",M/s SANJEEV KUMAR SINGH CONTRACTOR AND SUPPLIERS,"464,434.4",Accepted-AOC,26-Dec-2025,"U P Irrigation Department (Civil)||Chief Engineer-Ram Ganga, Kanpur||II Circle Irrigation Works, Kanpur||MDLGC, mainpuri"
2025_UPJNM_1097924_1,836/NIVIDA / 103 DATED 02-12-2025,"Operation of Electrical and Mechanical equipment including removal and disposal of choking materials garbage etc. at 12 MLD Morigate (old) sewage pumping station including associated Tapings, Prayagraj","Operation of Electrical and Mechanical equipment including removal and disposal of choking materials garbage etc. at 12 MLD Morigate (old) sewage pumping station including associated Tapings, Prayagraj",Services,Open Tender,Percentage,Miscellaneous Services,No,No,NA ,10-Dec-2025 09:00 AM,NA ,120.0,No ,No,Offline,17-Dec-2025 02:15 PM,"U P Jal Nigam (HQ), Lucknow||Chief Engineer (Allahabad)||SE, Yantrik Circle, Allahabad||PM, Ganga Pollution Control Unit (II) E-M, Alld",office of EE. cont. Divi. (E/M)UPJN (U) Prayagraj,211007.0,2.0,,chaudhary engineering works,"374,673",Rejected-AOC,01-Jan-2026,"U P Jal Nigam (HQ), Lucknow||Chief Engineer (Allahabad)||SE, Yantrik Circle, Allahabad||PM, Ganga Pollution Control Unit (II) E-M, Alld"
2025_UPIDC_1088427_98,01/AE/2025-26,Lot-40,Silt clearance and Scraping,Works,Open Tender,Item Rate,Civil Works,No,No,NA ,17-Nov-2025 12:00 PM,NA ,90.0,No ,No,Online,22-Nov-2025 12:00 PM,"U P Irrigation Department (Civil)||Chief Engineer-Sharda Sahayak, Lucknow||XIV Circle Irrigation Works, Azamgarh||SSD-23, azamgarh",Azamgarh,276001.0,2.0,,KHUDDI RAM,"103,128",Accepted-AOC,28-Dec-2025,"U P Irrigation Department (Civil)||Chief Engineer-Sharda Sahayak, Lucknow||XIV Circle Irrigation Works, Azamgarh||SSD-23, azamgarh"
2025_UPPRD_1064082_53,240/Nivida/ZP/2025-26 Date- 22-07-2025,Work No 53 Gram sabha Bharetha ke saraypaan primary vidyalay ke pass interlocking se poore purendar tak C.C. kary,Work No 53 Gram sabha Bharetha ke saraypaan primary vidyalay ke pass interlocking se poore purendar tak C.C. kary,Works,Open Tender,Percentage,Civil Works - Others,No,No,NA ,11-Aug-2025 12:00 PM,NA ,90.0,No ,No,Offline,18-Aug-2025 02:30 PM,Panchayati Raj Department||Zila Panchayat Amethi,Amethi,227409.0,2.0,"20,00,000",M/S MANGAL CONSTRUCTION,"1,997,000.899",Rejected-Finance,15-Dec-2025,Panchayati Raj Department||Zila Panchayat Amethi
2025_UPIDC_1080758_4,03/EE/2025-26,Lot-04,Resurfacing of the canal service road from Km 48.700 to 50.100 of the Western Allahabad Branch,Works,Open Tender,Item Rate,Civil Works,No,No,NA ,08-Oct-2025 11:00 AM,NA ,90.0,No ,No,Online,13-Oct-2025 12:00 PM,"U P Irrigation Department (Civil)||Chief Engineer-Ram Ganga, Kanpur||Irrigation Works Circle, Kanpur||ID, kanpur",Irrigation Division Kanpur Dehat,209311.0,2.0,"19,89,000",ANSHU TRADERS,"1,301,641.95",Rejected-Finance,08-Dec-2025,"U P Irrigation Department (Civil)||Chief Engineer-Ram Ganga, Kanpur||Irrigation Works Circle, Kanpur||ID, kanpur"
2025_UPPRD_1064082_47,240/Nivida/ZP/2025-26 Date- 22-07-2025,Work No 47 Gram panchayat Mahrajpur me Aghar road road par barat ghar se kaharan ka purwa soling tak eet- soling,Work No 47 Gram panchayat Mahrajpur me Aghar road road par barat ghar se kaharan ka purwa soling tak eet- soling,Works,Open Tender,Percentage,Civil Works - Others,No,No,NA ,11-Aug-2025 12:00 PM,NA ,90.0,No ,No,Offline,18-Aug-2025 02:30 PM,Panchayati Raj Department||Zila Panchayat Amethi,Amethi,227409.0,2.0,"10,60,499",MS Omamati Construction,"1,059,438.791",Rejected-Finance,15-Dec-2025,Panchayati Raj Department||Zila Panchayat Amethi
2025_UPPRD_1065171_4,244/Nivida/ZP/2025-26 Date- 22-07-2025,Work No 4 Gramsabha saray khema me munsiganj amethi marg se talab tak lepan marammat,Work No 4 Gramsabha saray khema me munsiganj amethi marg se talab tak lepan marammat,Works,Open Tender,Percentage,Civil Works - Others,No,No,NA ,18-Aug-2025 12:00 PM,NA ,30.0,No ,No,Offline,25-Aug-2025 02:30 PM,Panchayati Raj Department||Zila Panchayat Amethi,Amethi,227409.0,2.0,"6,04,756",Ayodhya Associates,"604,151.159",Rejected-Finance,26-Dec-2025,Panchayati Raj Department||Zila Panchayat Amethi
2025_UPIDC_1078929_2,04/SE/2025-26,Construction WBM road at L/S From K.m. 0.000 to K.m. 3.577 of M.K.F.C. (Lot_2),Construction WBM road at L/S From K.m. 0.000 to K.m. 3.577 of M.K.F.C.,Works,Open Tender,Item Rate,Civil Works,No,No,NA ,03-Oct-2025 01:00 PM,NA ,90.0,No ,No,Online,14-Oct-2025 03:00 PM,"U P Irrigation Department (Civil)||Chief Engineer-Bansagar, Allahabad||Ban Sagar CC-2, Mirjapur",Mirzapur,231001.0,2.0,,AKANSHA ENTERPRISES,"5,488,795.4",Not Admitted-Fee/PreQual/Technical,11-Dec-2025,"U P Irrigation Department (Civil)||Chief Engineer-Bansagar, Allahabad||Ban Sagar CC-2, Mirjapur"
2025_UPIDC_1078690_12,03/EESNK1BANSI/2025-26,SiltScraping and jungle clearance of sisai Dy. At km 0.000 to 12.300,SiltScraping and jungle clearance of sisai Dy. At km 0.000 to 12.300,Works,Open Tender,Item Wise,Civil Works - Canal,No,No,NA ,04-Oct-2025 10:00 AM,NA ,90.0,No ,No,Online,13-Oct-2025 02:00 PM,"U P Irrigation Department (Civil)||Chief Engineer-Saryu Project-2, Gonda||Rapti CC Circle-2, Basti||SCD, bansi",SIDDHARTH NAGAR,272153.0,2.0,"5,94,000",RAVINDRA SINGH,"348,199.5",Rejected-Finance,11-Dec-2025,"U P Irrigation Department (Civil)||Chief Engineer-Saryu Project-2, Gonda||Rapti CC Circle-2, Basti||SCD, bansi"
2025_UPIDC_1083668_3,01/EE/2025-26,Silt Clearance/Scraping work of Sonbarsa Mr. ( km 0.00 to 1.700),Silt Clearance/Scraping work of Sonbarsa Mr. ( km 0.00 to 1.700),Works,Open Tender,Item Rate,Civil Works - Canal,No,No,NA ,18-Oct-2025 10:00 AM,NA ,90.0,No ,No,Online,30-Oct-2025 04:00 PM,"U P Irrigation Department (Civil)||Chief Engineer-Saryu Project-2, Gonda||Drainage Cirlce, Gonda||EE Chitaurgarh Dam Construction Division Balrampur",Bhinga Shrawasti,271840.0,2.0,"54,000",M/S DHARMENDRA KUMAR THEKEDAR,"52,785.75",Accepted-AOC,05-Dec-2025,"U P Irrigation Department (Civil)||Chief Engineer-Saryu Project-2, Gonda||Drainage Cirlce, Gonda||EE Chitaurgarh Dam Construction Division Balrampur"
2025_UPPRD_1064082_84,240/Nivida/ZP/2025-26 Date- 22-07-2025,Work No 84 Gram sabha Besarva ke poore surajpur me Gangaram ke khet se Bade talab tak Eet- soling kary,Work No 84 Gram sabha Besarva ke poore surajpur me Gangaram ke khet se Bade talab tak Eet- soling kary,Works,Open Tender,Percentage,Civil Works - Others,No,No,NA ,11-Aug-2025 12:00 PM,NA ,90.0,No ,No,Offline,18-Aug-2025 02:30 PM,Panchayati Raj Department||Zila Panchayat Amethi,Amethi,227409.0,2.0,"7,19,421",M/S RAM RANI ENTERPRISES,"718,269.847",Rejected-Finance,17-Dec-2025,Panchayati Raj Department||Zila Panchayat Amethi
2025_UPIDC_1087766_3,02/E.E./2025-26,E/w Silt clearance/Scrapping and jungle clearance of Babatpur Dy. from Km. 33.400 to 42.800,E/w Silt clearance/Scrapping and jungle clearance of Babatpur Dy. from Km. 33.400 to 42.800,Works,Open Tender,Item Rate,Civil Works,No,No,NA ,04-Nov-2025 11:00 AM,NA ,90.0,No ,No,Online,12-Nov-2025 03:00 PM,"U P Irrigation Department (Civil)||Chief Engineer-Sharda Sahayak, Lucknow||XVIII Circle Irrigation Works, Allahabad||ID, jaunpur",Executive Engineer Irrigation Division Jaunpur,222002.0,2.0,"6,55,000",LATA CONSTRUCTION & ASSOCIATES,"14,000",Not Admitted-Fee/PreQual/Technical,19-Nov-2025,"U P Irrigation Department (Civil)||Chief Engineer-Sharda Sahayak, Lucknow||XVIII Circle Irrigation Works, Allahabad||ID, jaunpur"
2025_UPIDC_1094528_1,06/EE/2025-26/1,Restoration of Service Road from km 52.000 to 54.600 at Bhognipur Branch,Restoration of Service Road from km 52.000 to 54.600 at Bhognipur Branch,Works,Open Tender,Item Rate,Civil Works - Canal,No,No,NA ,29-Nov-2025 11:30 AM,NA ,90.0,No ,No,Online,04-Dec-2025 04:00 PM,"U P Irrigation Department (Civil)||Chief Engineer-Ram Ganga, Kanpur||Irrigation Works Circle, Etawah||Irrigation Construction Division Firozabad",Bhognipur Branch,283141.0,2.0,,AK ENTERPRISES,"2,365,440",Accepted-AOC,19-Dec-2025,"U P Irrigation Department (Civil)||Chief Engineer-Ram Ganga, Kanpur||Irrigation Works Circle, Etawah||Irrigation Construction Division Firozabad"
2025_YEIDA_1060688_4,YEA/OSD(M)/2025/279 DT-22/07/2025,Operation and maintenance of 02 Nos tubewell at sector 18 pocket J and 5A( year 2025-2026) yeida,Operation and maintenance of 02 Nos tubewell at sector 18 pocket J and 5A( year 2025-2026) yeida,Works,Open Tender,Fixed-rate,Electrical Works,No,No,NA ,28-Jul-2025 06:55 PM,NA ,90.0,No ,No,Online,11-Aug-2025 11:00 AM,Yamuna Expressway Industrial Development Authority,YAMUNA EXPRESSWAY INDUSTRIAL DEVELOPMENT AUTHORITY,201310.0,2.0,"12,17,924",M/S A R INTERNATIONAL,"989,319.67",Rejected-Technical,17-Nov-2025,Yamuna Expressway Industrial Development Authority
2025_UPIDC_1085718_12,TN-06/EE/2025-26,TN-06/EE/2025-26 Rajwaha Bhaisani Ke Km 5.116 par isth chatigrasth pul ke punhanirman ka karya Lot No 12,Rajwaha Bhaisani Ke Km 5.116 par isth chatigrasth pul ke punhanirman ka karya,Works,Open Tender,Piece-work,Civil Works,No,No,AS PER TENDER NOTICE ,27-Oct-2025 11:00 AM,NA ,90.0,No ,No,Online,01-Nov-2025 02:00 PM,"U P Irrigation Department (Civil)||Chief Engineer-Ganga, Meerut||I- Circle Irrigation Works, Meerut||Muzaffar Nagar Division Ganga Canal,Muzaffar Nagar",AS PER TENDER NOTICE,251001.0,2.0,"16,24,000",AASHTA CONSTRUCTION,"1,440,856.42",Accepted-AOC,12-Dec-2025,"U P Irrigation Department (Civil)||Chief Engineer-Ganga, Meerut||I- Circle Irrigation Works, Meerut||Muzaffar Nagar Division Ganga Canal,Muzaffar Nagar"
2025_UPIDC_1093381_1,04 / EE / 2025-26,Renovation/ repairing on canal service road of Daina Mr,Renovation/ repairing on canal service road of Daina Mr from Km 1.500 to Km 1.825 and Km 1.975 to Km 2.300,Works,Open Tender,Item Rate,Civil Works,No,No,NA ,24-Nov-2025 12:00 PM,NA ,90.0,No ,No,Online,29-Nov-2025 03:00 PM,"U P Irrigation Department (Civil)||Chief Engineer-Sone, Varanasi||Irrigation Works Circle, Varansi||MDD, varanasi",Vill-Daina Po-Bhatthi Chandauli,232108.0,2.0,"10,68,347",ARUN KUMAR PANDEY,"948,781.5",Accepted-AOC,05-Dec-2025,"U P Irrigation Department (Civil)||Chief Engineer-Sone, Varanasi||Irrigation Works Circle, Varansi||MDD, varanasi"
2025_UPIDC_1079911_16,02/E.E/2025-26,Silt clearance of Jaura Minor from km. 0.000 to 6.270 for year 2025-26,Silt clearance of Jaura Minor from km. 0.000 to 6.270 for year 2025-26,Works,Open Tender,Item Rate,Civil Works - Canal,No,No,NA ,14-Oct-2025 02:00 PM,NA ,90.0,No ,No,Online,24-Oct-2025 12:00 PM,"U P Irrigation Department (Civil)||Chief Engineer-Ram Ganga, Kanpur||II Circle Irrigation Works, Kanpur||ID, farrukhabad",FARRUKHABAD,209625.0,2.0,,M/S EKTA CONSTRUCTION,"170,422.52",Accepted-AOC,28-Oct-2025,"U P Irrigation Department (Civil)||Chief Engineer-Ram Ganga, Kanpur||II Circle Irrigation Works, Kanpur||ID, farrukhabad"
2025_UPIDC_1082147_1,03/EE/2025-26,SILT CLEARENCE OF SANKALPA MR. FROM KM 0.000 TO 2.800 AND JANIJOT MR. FROM KM 0.000 TO 0.900,SILT CLEARENCE OF SANKALPA MR. FROM KM 0.000 TO 2.800 AND JANIJOT MR. FROM KM 0.000 TO 0.900,Works,Open Tender,Item Rate,Civil Works - Canal,No,No,NA ,13-Oct-2025 09:00 AM,NA ,90.0,No ,No,Online,18-Oct-2025 04:30 PM,"U P Irrigation Department (Civil)||Chief Engineer-Saryu Project-1, Faizabad||Irrigation Construction Circle, Bahraich||SCD-1, bahraich",Bahraich,271801.0,2.0,"62,000",Mohammad Abdulla,"60,132.1",Rejected-Finance,14-Nov-2025,"U P Irrigation Department (Civil)||Chief Engineer-Saryu Project-1, Faizabad||Irrigation Construction Circle, Bahraich||SCD-1, bahraich"
2025_UPIDC_1085665_13,02/AE-I/2025-26,"Earth Work in Silt Clearance and Scraping of Baidar Mr. from Km. 0.000 to Km. 2.000, Parsamanpur Mr. from Km. 0.000 to Km. 0.800, Raghunathpur Mr. from Km. 0.000 to Km. 1.200 and Sansara Mr. from Km. 0.000 to Km. 0.800",Silt Clearance and Scraping,Works,Open Tender,Item Rate,Civil Works,No,No,NA ,27-Oct-2025 10:00 AM,NA ,90.0,No ,No,Online,03-Nov-2025 12:30 PM,"U P Irrigation Department (Civil)||Chief Engineer-Sharda Sahayak, Lucknow||XIV Circle Irrigation Works, Azamgarh||SSD-32, azamgarh",AZAMGARH,276001.0,2.0,"81,000",M S CONSTRUCTION,"64,544.56",Rejected-AOC,23-Dec-2025,"U P Irrigation Department (Civil)||Chief Engineer-Sharda Sahayak, Lucknow||XIV Circle Irrigation Works, Azamgarh||SSD-32, azamgarh"
2025_UPPRD_1065171_26,244/Nivida/ZP/2025-26 Date- 22-07-2025,Work No 26 Uttargaon se Jairampur primary pathsala ki oor paech marammat,Work No 26 Uttargaon se Jairampur primary pathsala ki oor paech marammat,Works,Open Tender,Percentage,Civil Works - Others,No,No,NA ,18-Aug-2025 12:00 PM,NA ,30.0,No ,No,Offline,25-Aug-2025 02:30 PM,Panchayati Raj Department||Zila Panchayat Amethi,Amethi,227409.0,2.0,"65,312",JITENDRA BAHADUR SINGH,"65,246.435",Rejected-Finance,26-Dec-2025,Panchayati Raj Department||Zila Panchayat Amethi
2025_UPIDC_1079911_17,02/E.E/2025-26,Silt clearance of Paithan Minor from km. 0.000 to 6.230 for year 2025-26,Silt clearance of Paithan Minor from km. 0.000 to 6.230 for year 2025-26,Works,Open Tender,Item Rate,Civil Works - Canal,No,No,NA ,14-Oct-2025 02:00 PM,NA ,90.0,No ,No,Online,24-Oct-2025 12:00 PM,"U P Irrigation Department (Civil)||Chief Engineer-Ram Ganga, Kanpur||II Circle Irrigation Works, Kanpur||ID, farrukhabad",FARRUKHABAD,209625.0,2.0,,VIJAY CONSTRUCTION,"154,976.02",Rejected-Finance,30-Oct-2025,"U P Irrigation Department (Civil)||Chief Engineer-Ram Ganga, Kanpur||II Circle Irrigation Works, Kanpur||ID, farrukhabad"
2025_UPIDC_1085718_13,TN-06/EE/2025-26,TN-06/EE/2025-26 Rajwaha Bastam Ke Km 1.445 to Km 2.945 ke madhya nahar sewamarg ke navinikaran ka karya Lot No 13,Rajwaha Bastam Ke Km 1.445 to Km 2.945 ke madhya nahar sewamarg ke navinikaran ka karya,Works,Open Tender,Piece-work,Civil Works,No,No,AS PER TENDER NOTICE ,27-Oct-2025 11:00 AM,NA ,90.0,No ,No,Online,01-Nov-2025 02:00 PM,"U P Irrigation Department (Civil)||Chief Engineer-Ganga, Meerut||I- Circle Irrigation Works, Meerut||Muzaffar Nagar Division Ganga Canal,Muzaffar Nagar",AS PER TENDER NOTICE,251001.0,2.0,"10,80,000",K V CONSTRUCTIONS,"1,003,702.78",Accepted-AOC,10-Dec-2025,"U P Irrigation Department (Civil)||Chief Engineer-Ganga, Meerut||I- Circle Irrigation Works, Meerut||Muzaffar Nagar Division Ganga Canal,Muzaffar Nagar"
2025_UPIDC_1086915_2,03/EE/SSK41/2025-26,SILT CLEARANCE OF INHAUNA DY FROM KM 20.000 TO KM 32.370,SILT CLEARANCE OF INHAUNA DY FROM KM 20.000 TO KM 32.370,Works,Open Tender,Item Rate,Civil Works - Canal,No,No,NA ,12-Nov-2025 10:00 AM,NA ,90.0,No ,No,Online,17-Nov-2025 01:00 PM,"U P Irrigation Department (Civil)||Chief Engineer-Sharda Sahayak, Lucknow||XVI Circle Irrigation Works, Pratapgargh||Sharda Sahayak Division 41 Amethi",Amethi,227811.0,2.0,"11,81,000",ALTRA CONST ASSOCIATES,"802,872.6",Accepted-AOC,26-Nov-2025,"U P Irrigation Department (Civil)||Chief Engineer-Sharda Sahayak, Lucknow||XVI Circle Irrigation Works, Pratapgargh||Sharda Sahayak Division 41 Amethi"
2025_UPIDC_1078505_98,01/EE/2025-26,SILT CLEARANCE OFMADANPURA MR. BETWEEN KM. 0.000 TO KM. 2.300,SILT CLEARANCE OF MADANPURA MR. BETWEEN KM. 0.000 TO KM. 2.300,Works,Open Tender,Item Rate,Civil Works,No,No,BY DEGINATED COMMITTEE ,29-Oct-2025 03:00 PM,NA ,90.0,No ,No,Online,03-Nov-2025 05:00 PM,"U P Irrigation Department (Civil)||Chief Engineer-Saryu Project-2, Gonda||Irrigation Construction Circle, Basti||SCD Khaliabad",Sant Kabir Nagar,272175.0,2.0,"48,989",M/S SUSHILA ENTERPRISES,"42,945",Rejected-Finance,01-Dec-2025,"U P Irrigation Department (Civil)||Chief Engineer-Saryu Project-2, Gonda||Irrigation Construction Circle, Basti||SCD Khaliabad"
2025_UPIDC_1082163_1,01/EE/2025-26,Patch repairing of KPC from Km. 0.000 to 3.060,Patch repairing of KPC from Km. 0.000 to 3.060,Works,Open Tender,Item Rate,Civil Works - Roads,No,No,NA ,13-Oct-2025 10:00 AM,16-Oct-2025 11:00 AM ,90.0,No ,No,Online,21-Oct-2025 02:00 PM,"U P Irrigation Department (Civil)||Chief Engineer-Ram Ganga, Kanpur||Irrigation Works Circle, Kanpur||ID, kaushambhi",Kaushambi,212207.0,2.0,"7,48,000",DIWAKAR SINGH CONTRACTOR,"444,557.84",Accepted-AOC,07-Nov-2025,"U P Irrigation Department (Civil)||Chief Engineer-Ram Ganga, Kanpur||Irrigation Works Circle, Kanpur||ID, kaushambhi"
2025_UPIDC_1087766_2,02/E.E./2025-26,Silt clearance/Scrapping of Babatpur Dy. from Km. 15.000 to 33.300,Silt clearance/Scrapping of Babatpur Dy. from Km. 15.000 to 33.300,Works,Open Tender,Item Rate,Civil Works,No,No,NA ,04-Nov-2025 11:00 AM,NA ,90.0,No ,No,Online,12-Nov-2025 03:00 PM,"U P Irrigation Department (Civil)||Chief Engineer-Sharda Sahayak, Lucknow||XVIII Circle Irrigation Works, Allahabad||ID, jaunpur",Executive Engineer Irrigation Division Jaunpur,222002.0,2.0,"16,29,000",M/S BHARAT ENGINEERING WORK,"33,000",Rejected-Finance,17-Nov-2025,"U P Irrigation Department (Civil)||Chief Engineer-Sharda Sahayak, Lucknow||XVIII Circle Irrigation Works, Allahabad||ID, jaunpur"
2025_UPPRD_1064082_85,240/Nivida/ZP/2025-26 Date- 22-07-2025,Work No 85 Gramsabha Umradeeh me Jamo- mavee pitch road se sankar Budhe Baba vidyalay hote hue gaon tak lepan,Work No 85 Gramsabha Umradeeh me Jamo- mavee pitch road se sankar Budhe Baba vidyalay hote hue gaon tak lepan,Works,Open Tender,Percentage,Civil Works - Others,No,No,NA ,11-Aug-2025 12:00 PM,NA ,90.0,No ,No,Offline,18-Aug-2025 02:30 PM,Panchayati Raj Department||Zila Panchayat Amethi,Amethi,227409.0,2.0,"14,17,442",M/S Amit Construction,"1,417,300.196",Accepted-AOC,17-Dec-2025,Panchayati Raj Department||Zila Panchayat Amethi
2025_UPTCL_1076598_1,35/ETC-II(P)/2025-2026,35/ETC-II(P)/2025-2026,"Supply of SF-6 gas in available cylinder at various 132 KV Sub Station, under ETD-III, Prayagraj.",Goods,Open Tender,Item Rate,Electrical Work/ Equipment,No,No,NA ,24-Sep-2025 10:00 AM,NA ,120.0,No ,No,Offline,08-Oct-2025 01:00 PM,UP Power Transmission Corp.Ltd (Operation)||Chief Engineer (TE) East Allahabad||S.E. ETC-II Allahabad,220 KV S/S Sirathu Kaushambi,211002.0,2.0,"2,29,320",Ajay Air Products Pvt. Ltd,"98,176",Accepted-AOC,02-Dec-2025,UP Power Transmission Corp.Ltd (Operation)||Chief Engineer (TE) East Allahabad||S.E. ETC-II Allahabad
2025_UPPRD_1064082_91,240/Nivida/ZP/2025-26 Date- 22-07-2025,Work No 91 Gramsabha Bhavapur me Bhadar Antu marg se Ojha ka purva soling tak Eet- soling,Work No 91 Gramsabha Bhavapur me Bhadar Antu marg se Ojha ka purva soling tak Eet- soling,Works,Open Tender,Percentage,Civil Works - Others,No,No,NA ,11-Aug-2025 12:00 PM,NA ,90.0,No ,No,Offline,18-Aug-2025 02:30 PM,Panchayati Raj Department||Zila Panchayat Amethi,Amethi,227409.0,2.0,"4,28,898",Suresh Enterprises,"428,468.992",Rejected-Finance,17-Dec-2025,Panchayati Raj Department||Zila Panchayat Amethi
2025_UPIDC_1083668_2,01/EE/2025-26,Silt Clearance/Scraping work of Gabbapur Mr. ( km 0.000 to 4.800),Silt Clearance/Scraping work of Gabbapur Mr. ( km 0.000 to 4.800),Works,Open Tender,Item Rate,Civil Works - Canal,No,No,NA ,18-Oct-2025 10:00 AM,NA ,90.0,No ,No,Online,30-Oct-2025 04:00 PM,"U P Irrigation Department (Civil)||Chief Engineer-Saryu Project-2, Gonda||Drainage Cirlce, Gonda||EE Chitaurgarh Dam Construction Division Balrampur",Bhinga Shrawasti,271840.0,2.0,"1,47,000",RAMTIRATH MISHRA (RAMTIRATH MISHRA CONTRACTOR),"110,117.5",Not Admitted-Fee/PreQual/Technical,06-Dec-2025,"U P Irrigation Department (Civil)||Chief Engineer-Saryu Project-2, Gonda||Drainage Cirlce, Gonda||EE Chitaurgarh Dam Construction Division Balrampur"
2025_UPIDC_1078690_13,03/EESNK1BANSI/2025-26,SiltScraping and jungle clearance of sikta minor from km 0.000 to 7.000,SiltScraping and jungle clearance of sikta minor from km 0.000 to 7.000,Works,Open Tender,Item Wise,Civil Works - Canal,No,No,NA ,04-Oct-2025 10:00 AM,NA ,90.0,No ,No,Online,13-Oct-2025 02:00 PM,"U P Irrigation Department (Civil)||Chief Engineer-Saryu Project-2, Gonda||Rapti CC Circle-2, Basti||SCD, bansi",SIDDHARTH NAGAR,272153.0,2.0,"1,82,000",M/S CHANDRAVIJAY CONSTRUCTION,"125,260.11",Rejected-Finance,11-Dec-2025,"U P Irrigation Department (Civil)||Chief Engineer-Saryu Project-2, Gonda||Rapti CC Circle-2, Basti||SCD, bansi"
2025_UPIDC_1085711_2,01/EE/2025-26,SILT CLEARANCE OF AMETHI DY FROM KM 3.050 TO KM 10.800,SILT CLEARANCE OF AMETHI DY FROM KM 3.050 TO KM 10.800,Works,Open Tender,Item Wise,Civil Works - Canal,No,No,NA ,06-Nov-2025 11:00 AM,NA ,90.0,No ,No,Online,11-Nov-2025 03:00 PM,"U P Irrigation Department (Civil)||Chief Engineer-Sharda Sahayak, Lucknow||VII Circle Irrigation Works, Lucknow||EE SSK Division-49 Sultanpur",AMETHI,227405.0,3.0,"6,24,000",M/S S. CONSTRUCTIONS,"524,821.87",Accepted-AOC,08-Dec-2025,"U P Irrigation Department (Civil)||Chief Engineer-Sharda Sahayak, Lucknow||VII Circle Irrigation Works, Lucknow||EE SSK Division-49 Sultanpur"
2025_UPPRD_1064082_46,240/Nivida/ZP/2025-26 Date- 22-07-2025,Work No 46 Gramsabha saitha me Gauriganj- saitha sampark marg se samudaek swastha kendra hote hue vijay kanaujiya ke ghar tak C.C.,Work No 46 Gramsabha saitha me Gauriganj- saitha sampark marg se samudaek swastha kendra hote hue vijay kanaujiya ke ghar tak C.C.,Works,Open Tender,Percentage,Civil Works - Others,No,No,NA ,11-Aug-2025 12:00 PM,NA ,90.0,No ,No,Offline,18-Aug-2025 02:30 PM,Panchayati Raj Department||Zila Panchayat Amethi,Amethi,227409.0,2.0,"21,31,325",VAIBHAO TRADING COMPANY,"2,127,915.289",Rejected-Finance,15-Dec-2025,Panchayati Raj Department||Zila Panchayat Amethi
2025_UPPRD_1064082_166,240/Nivida/ZP/2025-26 Date- 22-07-2025,Work No 166 Gramsabha poore Gahwar me gaon se road no. 2 tak nala nirman,Work No 166 Gramsabha poore Gahwar me gaon se road no. 2 tak nala nirman,Works,Open Tender,Percentage,Civil Works - Others,No,No,NA ,11-Aug-2025 12:00 PM,NA ,90.0,No ,No,Offline,18-Aug-2025 02:30 PM,Panchayati Raj Department||Zila Panchayat Amethi,Amethi,227409.0,2.0,"24,77,192",VIJAY PAL SINGH,"2,474,714.219",Rejected-Finance,26-Dec-2025,Panchayati Raj Department||Zila Panchayat Amethi
2025_UPIDC_1083393_9,01/EE/2025-26,Scraping of internal Section from km. 0.000 to km. 5.600 Chitahi Minor.,Scraping of internal Section from km. 0.000 to km. 5.600 Chitahi Minor.,Works,Open Tender,Item Rate,Civil Works - Canal,No,No,NA ,18-Oct-2025 10:00 AM,NA ,90.0,No ,No,Online,28-Oct-2025 03:00 PM,"U P Irrigation Department (Civil)||Chief Engineer-Saryu Project-2, Gonda||Drainage Cirlce, Gonda||SCD-3 Gonda",Siddharthnagar,272153.0,2.0,"1,02,000",M/S SHIV JI INTERPRISES,"69,412",Rejected-Finance,15-Dec-2025,"U P Irrigation Department (Civil)||Chief Engineer-Saryu Project-2, Gonda||Drainage Cirlce, Gonda||SCD-3 Gonda"
2025_UPRNS_1093957_1,463/UPRNSS/E-TENDER/25-26DT. 24.11.25,Remaning Work of Type-4 Residence (20 No.) D/S At MMMUT Gorakhpur.,Remaning Work of Type-4 Residence (20 No.) D/S At MMMUT Gorakhpur.,Works,Open Tender,Percentage,Civil Works,No,No,NA ,26-Nov-2025 05:00 PM,NA ,90.0,No ,No,Offline,13-Dec-2025 10:00 AM,Uttar Pradesh Rajya Nirman Sahkari Sangh Limited,"HIG-B-338, SIDDHARTH ENCLAVE TARAMANDAL, GORAKHPUR",273001.0,2.0,"60,86,000",M/s DEEP CONSTRUCTION,"6,085,391.4",Accepted-AOC,19-Dec-2025,Uttar Pradesh Rajya Nirman Sahkari Sangh Limited
2025_UPIDC_1080758_5,03/EE/2025-26,Lot-06,Patching/reparing of the canal service road from Km 2.000 to 6.790 of the Birhun Minor,Works,Open Tender,Item Rate,Civil Works,No,No,NA ,08-Oct-2025 11:00 AM,NA ,90.0,No ,No,Online,13-Oct-2025 12:00 PM,"U P Irrigation Department (Civil)||Chief Engineer-Ram Ganga, Kanpur||Irrigation Works Circle, Kanpur||ID, kanpur",Irrigation Division Kanpur Dehat,209311.0,2.0,"14,75,000",M/S SURAJ PRASAD DWEVEDI AND SONS,"899,520.7",Rejected-Finance,08-Dec-2025,"U P Irrigation Department (Civil)||Chief Engineer-Ram Ganga, Kanpur||Irrigation Works Circle, Kanpur||ID, kanpur"
2025_UPPRD_1064082_52,240/Nivida/ZP/2025-26 Date- 22-07-2025,Work No 52 Gram panchayat Dhema me primary school Bhaisha marg tak C.C.,Work No 52 Gram panchayat Dhema me primary school Bhaisha marg tak C.C.,Works,Open Tender,Percentage,Civil Works - Others,No,No,NA ,11-Aug-2025 12:00 PM,NA ,90.0,No ,No,Offline,18-Aug-2025 02:30 PM,Panchayati Raj Department||Zila Panchayat Amethi,Amethi,227409.0,2.0,"32,91,230",M/S BACHIL CONSTRUCTION,"3,287,609.777",Accepted-AOC,15-Dec-2025,Panchayati Raj Department||Zila Panchayat Amethi
2025_UPIDC_1080129_1,01/EE/LGC/FTP/2025-26,Renovation of painted service road between Km 31.650 to Km 32.750 of Karari Rajbaha and Re-coating work,Renovation of painted service road between Km 31.650 to Km 32.750 of Karari Rajbaha and Re-coating work,Works,Open Tender,Item Rate,Civil Works - Canal,No,No,NA ,07-Oct-2025 10:00 AM,08-Oct-2025 11:00 AM ,30.0,No ,No,Online,13-Oct-2025 02:00 PM,"U P Irrigation Department (Civil)||Chief Engineer-Ram Ganga, Kanpur||Irrigation Works Circle, Kanpur||FDLGC, fatehpur",fatehpur,212601.0,2.0,,M/S RAJIV SINGH,"857,343",Rejected-Finance,03-Nov-2025,"U P Irrigation Department (Civil)||Chief Engineer-Ram Ganga, Kanpur||Irrigation Works Circle, Kanpur||FDLGC, fatehpur"
2025_UPIDC_1086669_33,04/EEAID/2025-26,LOT04 Janpad Bijnor Mein Pili Bandh Ke Km. 2.570 per sthit sloos-1 ke nikat tindal room ki chahardiwari ka Karya.,LOT04 Janpad Bijnor Mein Pili Bandh Ke Km. 2.570 per sthit sloos-1 ke nikat tindal room ki chahardiwari ka Karya.,Works,Open Tender,Item Rate,Civil Works,No,No,NA ,08-Nov-2025 04:00 PM,NA ,90.0,No ,No,Online,13-Nov-2025 04:30 PM,"U P Irrigation Department (Civil)||Chief Engineer-Eastern Ganga, Moradabad||Irrigation Works Circle, Moradabad||AID, dhampur",DHAMPUR,246761.0,2.0,"18,22,000",AARU ENTERPRISE,"1,398,223.18",Accepted-AOC,26-Dec-2025,"U P Irrigation Department (Civil)||Chief Engineer-Eastern Ganga, Moradabad||Irrigation Works Circle, Moradabad||AID, dhampur"
2025_UPIDC_1084062_1,08/SE/2025-26,Reconstruction work of Box Culvert at Km 5.110 of Mat Feeder.,Reconstruction work of Box Culvert at Km 5.110 of Mat Feeder.,Works,Open Tender,Item Wise,Civil Works,No,No,NA ,25-Oct-2025 09:00 AM,27-Oct-2025 01:00 PM ,90.0,No ,No,Online,31-Oct-2025 03:30 PM,"U P Irrigation Department (Civil)||Chief Engineer-Ganga, Meerut||Irrigation Works Circle, Mathura",KHURJA,203131.0,2.0,"1,37,00,000",GOMATINETRA CONSTRUCTIONS,"10,222,885",Accepted-AOC,20-Nov-2025,"U P Irrigation Department (Civil)||Chief Engineer-Ganga, Meerut||Irrigation Works Circle, Mathura"
2025_UPIDM_1057034_1,15/EE/BMMDK/2025-26,"Replacement of Steal wire ropes of gate no 1 and strengthening of foundation girder of Sahzad Dam, Distt-Lalitpur.","Replacement of Steal wire ropes of gate no 1 and strengthening of foundation girder of Sahzad Dam, Distt-Lalitpur.",Works,Open Tender,Fixed-rate,Miscellaneous Works,No,No,NA ,14-Jul-2025 05:00 PM,NA ,120.0,No ,No,Online,21-Jul-2025 03:00 PM,U P Irrigation Department (Mechanical)||Central Equipment and Stores Procurement||S E Irrigation Workshop Circle - I Kanpur||E E Barrage Mechanical Maintenance Div Kanpur,"Sahzad Dam, Distt-Lalitpur.",284126.0,2.0,,M/S S S ENTERPRISES,"2,027,655.64",Rejected-Technical,04-Dec-2025,U P Irrigation Department (Mechanical)||Central Equipment and Stores Procurement||S E Irrigation Workshop Circle - I Kanpur||E E Barrage Mechanical Maintenance Div Kanpur
2025_UPIDC_1086698_35,04/AE-IV/2025-26,Earth Work in Silt Clearance/Scraping of Ravatmau Mr. from Km. 0.000 to Km. 2.100,Silt Clearance/Scraping,Works,Open Tender,Item Rate,Civil Works,No,No,NA ,13-Nov-2025 10:00 AM,NA ,90.0,No ,No,Online,19-Nov-2025 10:30 AM,"U P Irrigation Department (Civil)||Chief Engineer-Sharda Sahayak, Lucknow||XIV Circle Irrigation Works, Azamgarh||SSD-32, azamgarh",AZAMGARH,276001.0,2.0,"70,000",M/S BABU LAL YADAV THIKEDAR,"33,251.82",Not Admitted-Fee/PreQual/Technical,28-Nov-2025,"U P Irrigation Department (Civil)||Chief Engineer-Sharda Sahayak, Lucknow||XIV Circle Irrigation Works, Azamgarh||SSD-32, azamgarh"
2025_UPIDC_1079112_16,01/S.S.K-51/2025-26,CUTTING OF BERM IN INTERNAL SECTION AND STRENGTHENING OF WEAK BANK OF RIGHT BANK FROM KM 109.800 TO KM 110.598 OF JAUNPUR BRANCH,CUTTING OF BERM IN INTERNAL SECTION AND STRENGTHENING OF WEAK BANK OF RIGHT BANK FROM KM 109.800 TO KM 110.598 OF JAUNPUR BRANCH,Works,Open Tender,Item Rate,Civil Works,No,No,NA ,01-Oct-2025 01:00 PM,NA ,90.0,No ,No,Online,14-Oct-2025 01:00 PM,"U P Irrigation Department (Civil)||Chief Engineer-Sharda Sahayak, Lucknow||XVI Circle Irrigation Works, Pratapgargh||Sharda Sahayak Division 51 Pratapgarh",Pratapgarh,230001.0,2.0,"10,97,000",M/S G.S. CONSTRUCTION,"529,074.94",Rejected-Technical,21-Nov-2025,"U P Irrigation Department (Civil)||Chief Engineer-Sharda Sahayak, Lucknow||XVI Circle Irrigation Works, Pratapgargh||Sharda Sahayak Division 51 Pratapgarh"
2025_UPIDC_1082971_23,05/EE/2025-26,Scraping and Jungle Clearance of Baghla Tank Canal from Km. 0.000 to Km. 6.200 in District Prayagraj,Scraping and Jungle Clearance of Baghla Tank Canal from Km. 0.000 to Km. 6.200 in District Prayagraj,Works,Open Tender,Item Wise,Civil Works - Canal,No,No,NA ,18-Oct-2025 11:30 AM,NA ,90.0,No ,No,Online,30-Oct-2025 02:00 PM,"U P Irrigation Department (Civil)||Chief Engineer-Sone, Varanasi||Irrigation Works Circle, Allahabad||BCD, allahabad",Bara Tehshil,212107.0,2.0,"1,85,000",REENA CONSTRUCTION,"135,327",Rejected-Finance,09-Dec-2025,"U P Irrigation Department (Civil)||Chief Engineer-Sone, Varanasi||Irrigation Works Circle, Allahabad||BCD, allahabad"
2025_UPPRD_1073328_23,875/Nivida/ZP/2025-26 Date- 10-09-2025,"Work No 23 Jila panchayat karyalay sabhagar me sound system ke sthapna , Generator ki marammat ewam anya vibhinn marammat karya","Work No 23 Jila panchayat karyalay sabhagar me sound system ke sthapna , Generator ki marammat ewam anya vibhinn marammat karya",Works,Open Tender,Percentage,Civil Works - Others,No,No,NA ,12-Sep-2025 12:00 PM,NA ,30.0,No ,No,Offline,17-Sep-2025 01:00 PM,Panchayati Raj Department||Zila Panchayat Amethi,Amethi,227409.0,2.0,"12,00,000",M/S PIYUSH TRADERS,"1,199,280",Rejected-Finance,30-Dec-2025,Panchayati Raj Department||Zila Panchayat Amethi
2025_UPPRD_1073328_37,875/Nivida/ZP/2025-26 Date- 10-09-2025,Work No 37 Gramsabha mangauli ke babupur gaon se bade nala tak nala nirman,Work No 37 Gramsabha mangauli ke babupur gaon se bade nala tak nala nirman,Works,Open Tender,Percentage,Civil Works - Others,No,No,NA ,12-Sep-2025 12:00 PM,NA ,30.0,No ,No,Offline,17-Sep-2025 01:00 PM,Panchayati Raj Department||Zila Panchayat Amethi,Amethi,227409.0,2.0,"24,99,462",M/S ASHUTOSH TRADERS,"2,498,211.995",Accepted-AOC,30-Dec-2025,Panchayati Raj Department||Zila Panchayat Amethi
2025_UPIDC_1079102_13,01/EE/2025-26,Silt Clearance and Scrapping and jungle clearence from Km. 0.000 to Km. 2.800 of Ainwa Minor,Silt Clearance and Scrapping and jungle clearence from Km. 0.000 to Km. 2.800 of Ainwa Minor,Works,Open Tender,Item Rate,Civil Works - Canal,No,No,NA ,03-Oct-2025 10:00 AM,NA ,90.0,No ,No,Online,11-Oct-2025 11:00 AM,"U P Irrigation Department (Civil)||Chief Engineer-Saryu Project-2, Gonda||Irrigation Construction Circle, Basti||SCD-I, gorakhpur",Gorakhpur,273001.0,2.0,"76,000",RAVINDRA SINGH,"42,869.26",Rejected-Finance,17-Nov-2025,"U P Irrigation Department (Civil)||Chief Engineer-Saryu Project-2, Gonda||Irrigation Construction Circle, Basti||SCD-I, gorakhpur"
2025_UPIDC_1094344_1,12/EE/2025-26,repairng of Retaining wall,repairng of Retaining wall,Works,Open Tender,Item Rate,Civil Works,No,No,NA ,28-Nov-2025 09:00 AM,NA ,90.0,No ,No,Online,05-Dec-2025 03:00 PM,"U P Irrigation Department (Civil)||Chief Engineer-Ganga, Meerut||Irrigation Works Circle, Mathura||UMBGC, khurja",U.M.B.D.G.C. KHURJA,203131.0,2.0,"7,50,000",NARENDRA KUMAR SHARMA,"457,400",Rejected-Finance,22-Dec-2025,"U P Irrigation Department (Civil)||Chief Engineer-Ganga, Meerut||Irrigation Works Circle, Mathura||UMBGC, khurja"
2025_UPIDC_1090465_6,02/EE/2025-26,Lot 6 Const. of DRB at Km. 25.100 of Kamalpur Dy.,Lot 6 Const. of DRB at Km. 25.100 of Kamalpur Dy.,Works,Open Tender,Item Rate,Civil Works - Canal,No,No,NA ,14-Nov-2025 12:00 PM,NA ,90.0,No ,No,Online,20-Nov-2025 11:00 AM,"U P Irrigation Department (Civil)||Chief Engineer-Madhya Ganga, Aligarh||MGCC Circle, Bulandshahar||MGCCD-8, Bulandshahar",SAMBHAL,244302.0,2.0,,JS cONSTRUCTIONS,"2,273,097.38",Rejected-Finance,27-Dec-2025,"U P Irrigation Department (Civil)||Chief Engineer-Madhya Ganga, Aligarh||MGCC Circle, Bulandshahar||MGCCD-8, Bulandshahar"
2025_UPIDC_1083775_39,03/EE/2025-26,jungle clearnce and bed and side scraping of karcchana dy From km 0.000 to 28.810,jungle clearnce and bed and side scraping of karcchana dy From km 0.000 to 28.810,Works,Open Tender,Item Rate,Civil Works - Canal,No,No,NA ,10-Nov-2025 03:30 PM,NA ,90.0,No ,No,Online,15-Nov-2025 03:30 PM,"U P Irrigation Department (Civil)||Chief Engineer-Sone, Varanasi||Irrigation Works Circle, Allahabad||TPCD, allahabad",PRAYAGRAJ,211001.0,2.0,"14,23,000",SANVI CONSTRUCTION,"838,441",Rejected-AOC,01-Dec-2025,"U P Irrigation Department (Civil)||Chief Engineer-Sone, Varanasi||Irrigation Works Circle, Allahabad||TPCD, allahabad"
2025_UPIDC_1083775_11,03/EE/2025-26,Scraping Of Bed and side slope with jungle clearance of Atarsuiya mr from km 0.000 to 3.200 and Gadaiya Mr second From km 0.000 to 0.800 and semari Mr From km 0.000 2.200,Scraping Of Bed and side slope with jungle clearance of Atarsuiya mr from km 0.000 to 3.200 and Gadaiya Mr second From km 0.000 to 0.800 and semari Mr From km 0.000 2.200,Works,Open Tender,Item Rate,Civil Works - Canal,No,No,NA ,18-Oct-2025 12:00 PM,NA ,90.0,No ,No,Online,28-Oct-2025 11:00 AM,"U P Irrigation Department (Civil)||Chief Engineer-Sone, Varanasi||Irrigation Works Circle, Allahabad||TPCD, allahabad",PRAYAGRAJ,211001.0,2.0,"1,60,000",KAMLESH KUMAR YADAV,"128,354.6",Rejected-Finance,26-Dec-2025,"U P Irrigation Department (Civil)||Chief Engineer-Sone, Varanasi||Irrigation Works Circle, Allahabad||TPCD, allahabad"
2025_YEIDA_1061572_3,YEA/GM(PROJECT)/2025/394 DT-29/07/2025,Providing tractor with trolly and JCB for one year chanchli gaushala yea (2025-26) WC-06,Providing tractor with trolly and JCB for one year chanchli gaushala yea (2025-26) WC-06,Works,Open Tender,Fixed-rate,Civil Works,No,No,NA ,31-Jul-2025 06:55 PM,NA ,90.0,No ,No,Online,08-Aug-2025 11:00 AM,Yamuna Expressway Industrial Development Authority,YAMUNA EXPRESSWAY INDUSTRIAL DEVELOPMENT AUTHORITY,201308.0,2.0,"8,96,724",M/S ANUSHKA CONSTRUCTION,"588,878.65",Accepted-AOC,30-Dec-2025,Yamuna Expressway Industrial Development Authority
2025_UPIDC_1079237_2,03/EEAID/2025-26,LOT 02 SILT CLEARANCE/ SCRAPPING/ JUNGLE CLEARANCE OF NAGINA MAIN CANAL BETWEEN KM 0.000 TO 10.860 IN DISTT. BIJNOR FOR RABI 1433-F-YEAR 2024-25.,LOT 02 SILT CLEARANCE/ SCRAPPING/ JUNGLE CLEARANCE OF NAGINA MAIN CANAL BETWEEN KM 0.000 TO 10.860 IN DISTT. BIJNOR FOR RABI 1433-F-YEAR 2024-25.,Works,Open Tender,Item Rate,Civil Works,No,No,NA ,03-Oct-2025 11:00 AM,06-Oct-2025 03:00 PM ,90.0,No ,No,Online,09-Oct-2025 12:30 PM,"U P Irrigation Department (Civil)||Chief Engineer-Eastern Ganga, Moradabad||Irrigation Works Circle, Moradabad||AID, dhampur",DHAMPUR,246761.0,2.0,"5,52,000",CHAUDHARY ENTERPRISES AND CONSTRUCTION,"525,073.9",Accepted-AOC,03-Nov-2025,"U P Irrigation Department (Civil)||Chief Engineer-Eastern Ganga, Moradabad||Irrigation Works Circle, Moradabad||AID, dhampur"
2025_UPPRD_1073328_3,875/Nivida/ZP/2025-26 Date- 10-09-2025,Work No 3 Ajabgarh se suratganj sampark marg se poore Aelri gram tak lepan marammat kary,Work No 3 Ajabgarh se suratganj sampark marg se poore Aelri gram tak lepan marammat kary,Works,Open Tender,Percentage,Civil Works - Others,No,No,NA ,12-Sep-2025 12:00 PM,NA ,30.0,No ,No,Offline,17-Sep-2025 01:00 PM,Panchayati Raj Department||Zila Panchayat Amethi,Amethi,227409.0,2.0,"15,98,658",M/S J S CONSTRUCTION,"1,597,538.905",Accepted-AOC,15-Dec-2025,Panchayati Raj Department||Zila Panchayat Amethi
2025_UPIDC_1083393_11,01/EE/2025-26,Scraping in internal Section of Sikandarpur Minor from km. 0.000 to km. 3.650,Scraping in internal Section of Sikandarpur Minor from km. 0.000 to km. 3.650,Works,Open Tender,Item Rate,Civil Works - Canal,No,No,NA ,18-Oct-2025 10:00 AM,NA ,90.0,No ,No,Online,28-Oct-2025 03:00 PM,"U P Irrigation Department (Civil)||Chief Engineer-Saryu Project-2, Gonda||Drainage Cirlce, Gonda||SCD-3 Gonda",Siddharthnagar,272153.0,2.0,"47,000",M/S SHIV JI INTERPRISES,"34,759.9",Rejected-Finance,15-Nov-2025,"U P Irrigation Department (Civil)||Chief Engineer-Saryu Project-2, Gonda||Drainage Cirlce, Gonda||SCD-3 Gonda"
